1756065691245 50.057701110839844 0
1756065691272 50.00973892211914 1
1756065691299 49.932376861572266 2
1756065691324 49.966796875 3
1756065691351 49.95507049560547 4
1756065691382 49.88404083251953 5
1756065691411 49.773033142089844 6
1756065691437 49.6602897644043 7
1756065691464 49.70547866821289 8
1756065691490 49.52195358276367 9
1756065691517 49.705387115478516 10
1756065691544 49.35356140136719 11
1756065691570 49.3714599609375 12
1756065691599 49.35049057006836 13
1756065691625 49.15188980102539 14
1756065691652 48.856483459472656 15
1756065691680 49.236793518066406 16
1756065691704 48.960323333740234 17
1756065691729 48.751285552978516 18
1756065691753 48.46474838256836 19
1756065691778 48.259422302246094 20
1756065691802 48.23591232299805 21
1756065691827 48.20248031616211 22
1756065691851 47.72367858886719 23
1756065691876 48.26850891113281 24
1756065691903 46.780372619628906 25
1756065691930 47.54020309448242 26
1756065691954 46.69618606567383 27
1756065691979 47.027008056640625 28
1756065692003 47.02500534057617 29
1756065692028 46.861167907714844 30
1756065692052 45.897972106933594 31
1756065692076 45.65473937988281 32
1756065692105 45.565345764160156 33
1756065692131 45.50790023803711 34
1756065692155 44.78041458129883 35
1756065692184 44.335426330566406 36
1756065692210 44.33393478393555 37
1756065692235 43.24745178222656 38
1756065692259 43.03024673461914 39
1756065692284 42.238285064697266 40
1756065692309 43.1968994140625 41
1756065692334 41.90285110473633 42
1756065692359 41.75398635864258 43
1756065692385 39.91389846801758 44
1756065692410 40.230892181396484 45
1756065692434 40.82637405395508 46
1756065692459 39.92118835449219 47
1756065692483 37.23771667480469 48
1756065692507 37.27693176269531 49
1756065692532 37.69082260131836 50
1756065692557 37.1987419128418 51
1756065692581 37.3338623046875 52
1756065692606 38.02595901489258 53
1756065692631 33.26714324951172 54
1756065692656 33.168121337890625 55
1756065692680 34.009307861328125 56
1756065692705 33.138755798339844 57
1756065692729 31.589475631713867 58
1756065692758 32.80666732788086 59
1756065692789 32.262046813964844 60
1756065692819 32.11865234375 61
1756065692849 30.101003646850586 62
1756065692877 27.1623477935791 63
1756065692902 30.494625091552734 64
1756065692943 25.713363647460938 65
1756065692967 25.92298698425293 66
1756065692994 28.748210906982422 67
1756065693021 27.66728401184082 68
1756065693046 21.385263442993164 69
1756065693071 24.58171844482422 70
1756065693096 25.782062530517578 71
1756065693125 29.368375778198242 72
1756065693155 26.974925994873047 73
1756065693180 28.029693603515625 74
1756065693204 26.18956756591797 75
1756065693230 27.5920352935791 76
1756065693255 23.888172149658203 77
1756065693281 25.56767463684082 78
1756065693306 24.683626174926758 79
1756065693331 26.74941635131836 80
1756065693356 26.194171905517578 81
1756065693381 26.53394889831543 82
1756065693410 25.987995147705078 83
1756065693440 29.392147064208984 84
1756065693469 26.64942741394043 85
1756065693497 31.195035934448242 86
1756065693526 24.926925659179688 87
1756065693555 29.167566299438477 88
1756065693584 28.48406982421875 89
1756065693613 21.946285247802734 90
1756065693639 27.062557220458984 91
1756065693663 27.579145431518555 92
1756065693687 27.10952377319336 93
1756065693712 24.49944496154785 94
1756065693740 27.129892349243164 95
1756065693766 26.990598678588867 96
1756065693791 27.26913833618164 97
1756065693817 29.350255966186523 98
1756065693842 26.174983978271484 99
1756065693867 27.264097213745117 100
1756065693893 24.40196990966797 101
1756065693918 25.698511123657227 102
1756065693943 24.768220901489258 103
1756065693968 27.524185180664062 104
1756065693994 25.465280532836914 105
1756065694019 27.05860710144043 106
1756065694047 24.69044303894043 107
1756065694078 22.912961959838867 108
1756065694105 26.137990951538086 109
1756065694134 22.971097946166992 110
1756065694160 26.459436416625977 111
1756065694186 21.25870704650879 112
1756065694214 28.239213943481445 113
1756065694238 25.333139419555664 114
1756065694262 28.084402084350586 115
1756065694287 25.45753288269043 116
1756065694312 33.25096893310547 117
1756065694337 26.956504821777344 118
1756065694361 24.501169204711914 119
1756065694386 27.801029205322266 120
1756065694411 23.272701263427734 121
1756065694436 23.759504318237305 122
1756065694461 28.221431732177734 123
1756065694486 23.699926376342773 124
1756065694511 28.517534255981445 125
1756065694536 27.574193954467773 126
1756065694561 29.24471092224121 127
1756065694586 27.540552139282227 128
1756065694611 27.490894317626953 129
1756065694636 25.203834533691406 130
1756065694660 23.349735260009766 131
1756065694686 25.32029914855957 132
1756065694713 24.637088775634766 133
1756065694738 26.33460807800293 134
1756065694764 28.0192813873291 135
1756065694790 24.43624496459961 136
1756065694817 30.733863830566406 137
1756065694845 27.022241592407227 138
1756065694873 23.890609741210938 139
1756065694903 26.405195236206055 140
1756065694931 22.800704956054688 141
1756065694959 26.621936798095703 142
1756065694986 24.619226455688477 143
1756065695011 28.072811126708984 144
1756065695035 28.12491798400879 145
1756065695059 27.362375259399414 146
1756065695083 23.046783447265625 147
1756065695108 29.1953125 148
1756065695133 25.21874237060547 149
1756065695158 24.364582061767578 150
1756065695183 26.476818084716797 151
1756065695209 26.875896453857422 152
1756065695233 23.27096176147461 153
1756065695258 23.71339225769043 154
1756065695283 24.792354583740234 155
1756065695308 25.978271484375 156
1756065695332 31.190622329711914 157
1756065695357 25.022052764892578 158
1756065695382 26.648117065429688 159
1756065695407 25.532445907592773 160
1756065695432 28.432411193847656 161
1756065695456 23.38051414489746 162
1756065695481 22.7642765045166 163
1756065695506 26.765146255493164 164
1756065695531 25.339885711669922 165
1756065695556 24.0389347076416 166
1756065695580 26.75025749206543 167
1756065695606 26.822179794311523 168
1756065695630 20.032093048095703 169
1756065695654 28.71841049194336 170
1756065695679 26.63681411743164 171
1756065695704 29.181989669799805 172
1756065695729 21.92281150817871 173
1756065695754 28.900745391845703 174
1756065695780 25.995216369628906 175
1756065695805 25.276765823364258 176
1756065695834 25.831539154052734 177
1756065695861 25.78982925415039 178
1756065695890 24.225759506225586 179
1756065695917 27.454713821411133 180
1756065695941 22.50625228881836 181
1756065695969 26.714942932128906 182
1756065695994 27.544300079345703 183
1756065696019 27.509525299072266 184
1756065696045 25.90758514404297 185
1756065696070 30.078468322753906 186
1756065696095 24.748201370239258 187
1756065696120 24.79948616027832 188
1756065696145 20.882619857788086 189
1756065696172 28.53272819519043 190
1756065696198 26.326852798461914 191
1756065696223 25.204639434814453 192
1756065696249 25.047822952270508 193
1756065696274 27.3869686126709 194
1756065696300 24.44275665283203 195
1756065696326 26.41611671447754 196
1756065696351 28.973949432373047 197
1756065696380 24.409263610839844 198
1756065696406 21.949729919433594 199
1756065696431 21.97005271911621 200
1756065696456 20.875370025634766 201
1756065696481 24.160951614379883 202
1756065696506 25.270109176635742 203
1756065696532 25.239206314086914 204
1756065696557 23.923660278320312 205
1756065696582 27.028663635253906 206
1756065696610 25.400739669799805 207
1756065696636 24.672800064086914 208
1756065696661 24.670827865600586 209
1756065696686 26.166606903076172 210
1756065696711 24.54176139831543 211
1756065696736 24.44426918029785 212
1756065696762 29.473480224609375 213
1756065696787 25.54505729675293 214
1756065696812 27.302978515625 215
1756065696837 23.383285522460938 216
1756065696866 27.024093627929688 217
1756065696893 25.488853454589844 218
1756065696918 29.443435668945312 219
1756065696943 23.022403717041016 220
1756065696968 22.702884674072266 221
1756065696998 24.364639282226562 222
1756065697030 25.542490005493164 223
1756065697061 26.551939010620117 224
1756065697092 23.21076011657715 225
1756065697123 25.288917541503906 226
1756065697150 26.592872619628906 227
1756065697174 29.72228240966797 228
1756065697199 25.981887817382812 229
1756065697223 27.62535285949707 230
1756065697249 26.033273696899414 231
1756065697274 27.872812271118164 232
1756065697300 26.43060302734375 233
1756065697326 22.630826950073242 234
1756065697351 25.654823303222656 235
1756065697381 25.931522369384766 236
1756065697409 22.76006317138672 237
1756065697437 27.35113525390625 238
1756065697464 21.515018463134766 239
1756065697492 26.856178283691406 240
1756065697519 25.170162200927734 241
1756065697547 25.123483657836914 242
1756065697574 21.132469177246094 243
1756065697602 20.1442813873291 244
1756065697629 23.32099151611328 245
1756065697656 26.39550018310547 246
1756065697683 27.757631301879883 247
1756065697710 25.363006591796875 248
1756065697737 24.920238494873047 249
1756065697764 26.969295501708984 250
1756065697791 28.592729568481445 251
1756065697818 24.030906677246094 252
1756065697845 28.515901565551758 253
1756065697871 26.443561553955078 254
1756065697898 28.639026641845703 255
1756065697925 23.639522552490234 256
1756065697953 21.078298568725586 257
1756065697980 22.108489990234375 258
1756065698006 24.08247184753418 259
1756065698031 29.239070892333984 260
1756065698056 25.27687644958496 261
1756065698080 22.494295120239258 262
1756065698105 23.665178298950195 263
1756065698133 22.955196380615234 264
1756065698163 22.975013732910156 265
1756065698191 23.634031295776367 266
1756065698220 23.946773529052734 267
1756065698248 26.616798400878906 268
1756065698276 29.633390426635742 269
1756065698303 28.836803436279297 270
1756065698331 25.451623916625977 271
1756065698358 24.198097229003906 272
1756065698386 24.380451202392578 273
1756065698414 25.694129943847656 274
1756065698443 24.354541778564453 275
1756065698471 27.529348373413086 276
1756065698498 25.913236618041992 277
1756065698524 26.22784423828125 278
1756065698548 29.451995849609375 279
1756065698573 24.22463035583496 280
1756065698597 22.665653228759766 281
1756065698622 22.11443519592285 282
1756065698651 25.55967903137207 283
1756065698681 25.384592056274414 284
1756065698708 21.038999557495117 285
1756065698733 28.03701400756836 286
1756065698758 23.526010513305664 287
1756065698784 23.726341247558594 288
1756065698813 32.37179946899414 289
1756065698841 26.844314575195312 290
1756065698869 24.961193084716797 291
1756065698894 22.099878311157227 292
1756065698918 27.95005226135254 293
1756065698944 26.035480499267578 294
1756065698969 23.13954734802246 295
1756065698994 21.41999053955078 296
1756065699019 25.46909523010254 297
1756065699044 26.978012084960938 298
1756065699069 25.773244857788086 299
1756065707173 48.72274398803711 0
1756065707201 48.70159912109375 1
1756065707230 48.65890884399414 2
1756065707257 48.60965347290039 3
1756065707284 48.61113357543945 4
1756065707311 48.57053756713867 5
1756065707339 48.52417755126953 6
1756065707363 48.43699645996094 7
1756065707388 48.46879196166992 8
1756065707413 48.37118148803711 9
1756065707437 48.2458610534668 10
1756065707462 48.11214065551758 11
1756065707486 48.21886444091797 12
1756065707511 47.95813751220703 13
1756065707537 47.69905090332031 14
1756065707564 47.74650192260742 15
1756065707589 47.7212028503418 16
1756065707613 47.989707946777344 17
1756065707637 47.59181594848633 18
1756065707661 47.40080261230469 19
1756065707686 47.1245231628418 20
1756065707714 47.22868347167969 21
1756065707739 46.81132888793945 22
1756065707763 46.994380950927734 23
1756065707787 46.74620056152344 24
1756065707812 46.50478744506836 25
1756065707837 46.32545852661133 26
1756065707861 46.22945022583008 27
1756065707888 45.19830322265625 28
1756065707913 46.12944030761719 29
1756065707938 45.71976852416992 30
1756065707963 45.060630798339844 31
1756065707987 45.72243118286133 32
1756065708012 44.86581039428711 33
1756065708037 44.906715393066406 34
1756065708062 45.28163146972656 35
1756065708087 44.17808151245117 36
1756065708112 43.95841598510742 37
1756065708137 43.73202896118164 38
1756065708162 43.119632720947266 39
1756065708190 43.17061233520508 40
1756065708218 41.733585357666016 41
1756065708246 41.9495735168457 42
1756065708274 41.47770309448242 43
1756065708303 41.47800064086914 44
1756065708332 42.7697868347168 45
1756065708360 40.689903259277344 46
1756065708387 40.64108657836914 47
1756065708412 39.9181022644043 48
1756065708436 38.06037139892578 49
1756065708460 38.93748092651367 50
1756065708487 39.23207473754883 51
1756065708513 38.318634033203125 52
1756065708537 38.28239440917969 53
1756065708562 37.175758361816406 54
1756065708587 37.02155303955078 55
1756065708611 38.633140563964844 56
1756065708638 35.35091018676758 57
1756065708665 31.418025970458984 58
1756065708690 34.26673126220703 59
1756065708714 34.10110092163086 60
1756065708738 34.83323287963867 61
1756065708762 33.83911895751953 62
1756065708787 30.444765090942383 63
1756065708812 30.72041893005371 64
1756065708837 31.460819244384766 65
1756065708861 29.120424270629883 66
1756065708886 31.447725296020508 67
1756065708912 25.307519912719727 68
1756065708941 30.9550838470459 69
1756065708969 29.50334358215332 70
1756065708997 30.660972595214844 71
1756065709025 28.815338134765625 72
1756065709054 25.789188385009766 73
1756065709078 28.617862701416016 74
1756065709106 27.270782470703125 75
1756065709134 29.25919532775879 76
1756065709159 26.168277740478516 77
1756065709187 31.289634704589844 78
1756065709215 29.034833908081055 79
1756065709243 27.568227767944336 80
1756065709271 28.92177391052246 81
1756065709295 25.933990478515625 82
1756065709320 28.888525009155273 83
1756065709346 24.253589630126953 84
1756065709373 29.576576232910156 85
1756065709398 27.880634307861328 86
1756065709422 29.846982955932617 87
1756065709447 31.518857955932617 88
1756065709472 25.61729621887207 89
1756065709498 31.00010871887207 90
1756065709525 27.112899780273438 91
1756065709552 23.774736404418945 92
1756065709580 24.663448333740234 93
1756065709605 26.01473617553711 94
1756065709632 27.734848022460938 95
1756065709661 26.56795883178711 96
1756065709686 29.992456436157227 97
1756065709711 28.004833221435547 98
1756065709736 32.12458038330078 99
1756065709761 23.23512077331543 100
1756065709786 27.3699951171875 101
1756065709815 28.08133888244629 102
1756065709848 26.412139892578125 103
1756065709881 27.652359008789062 104
1756065709911 24.74650001525879 105
1756065709943 25.386661529541016 106
1756065709974 24.54807472229004 107
1756065710004 24.68598175048828 108
1756065710035 24.595773696899414 109
1756065710066 28.230533599853516 110
1756065710097 27.838069915771484 111
1756065710124 28.303667068481445 112
1756065710151 28.564390182495117 113
1756065710176 25.759916305541992 114
1756065710201 27.833667755126953 115
1756065710225 28.491470336914062 116
1756065710250 27.92502784729004 117
1756065710274 29.98360824584961 118
1756065710299 26.732118606567383 119
1756065710323 26.208755493164062 120
1756065710347 27.1199893951416 121
1756065710371 28.9543399810791 122
1756065710396 26.265010833740234 123
1756065710421 28.139677047729492 124
1756065710448 27.543983459472656 125
1756065710474 24.625024795532227 126
1756065710501 26.11989402770996 127
1756065710529 26.400653839111328 128
1756065710555 27.95014190673828 129
1756065710581 26.167465209960938 130
1756065710608 24.610271453857422 131
1756065710635 23.855175018310547 132
1756065710662 27.208290100097656 133
1756065710691 27.149316787719727 134
1756065710718 27.728124618530273 135
1756065710747 25.383838653564453 136
1756065710774 30.2443790435791 137
1756065710802 25.747880935668945 138
1756065710829 27.64771842956543 139
1756065710857 23.722558975219727 140
1756065710885 29.506484985351562 141
1756065710914 24.830795288085938 142
1756065710942 25.79045295715332 143
1756065710969 26.470565795898438 144
1756065710995 27.287240982055664 145
1756065711023 26.9353084564209 146
1756065711051 24.577953338623047 147
1756065711079 24.992347717285156 148
1756065711107 24.26841163635254 149
1756065711135 23.26593017578125 150
1756065711164 29.042753219604492 151
1756065711193 31.606292724609375 152
1756065711221 22.72921371459961 153
1756065711248 25.914548873901367 154
1756065711276 26.45012664794922 155
1756065711305 24.41273307800293 156
1756065711333 28.37718391418457 157
1756065711358 25.87668800354004 158
1756065711384 24.08677101135254 159
1756065711408 25.405298233032227 160
1756065711434 26.17097282409668 161
1756065711460 26.513778686523438 162
1756065711488 23.16359519958496 163
1756065711516 23.28036117553711 164
1756065711544 21.540966033935547 165
1756065711570 24.701913833618164 166
1756065711595 30.29695701599121 167
1756065711620 28.290433883666992 168
1756065711647 25.632272720336914 169
1756065711673 23.598234176635742 170
1756065711698 25.950773239135742 171
1756065711723 24.007946014404297 172
1756065711748 24.205280303955078 173
1756065711773 28.213911056518555 174
1756065711799 26.399091720581055 175
1756065711830 32.84147644042969 176
1756065711857 25.516286849975586 177
1756065711887 27.208871841430664 178
1756065711916 28.875810623168945 179
1756065711943 27.057998657226562 180
1756065711972 28.47638702392578 181
1756065712000 21.2670955657959 182
1756065712024 28.707719802856445 183
1756065712049 26.572237014770508 184
1756065712074 27.674901962280273 185
1756065712100 26.439804077148438 186
1756065712125 26.69972038269043 187
1756065712150 23.868728637695312 188
1756065712175 25.549407958984375 189
1756065712203 25.203800201416016 190
1756065712231 26.94454002380371 191
1756065712257 25.89689064025879 192
1756065712283 26.949966430664062 193
1756065712310 24.76826286315918 194
1756065712335 27.218652725219727 195
1756065712360 27.42313575744629 196
1756065712385 27.61270523071289 197
1756065712410 29.460430145263672 198
1756065712435 25.197782516479492 199
1756065712460 27.983402252197266 200
1756065712485 25.380712509155273 201
1756065712510 24.47787094116211 202
1756065712535 27.782623291015625 203
1756065712560 23.317628860473633 204
1756065712585 25.293142318725586 205
1756065712613 27.297836303710938 206
1756065712642 24.147830963134766 207
1756065712670 22.704526901245117 208
1756065712696 27.654491424560547 209
1756065712721 25.34579086303711 210
1756065712746 26.077802658081055 211
1756065712771 24.44327163696289 212
1756065712796 22.703353881835938 213
1756065712822 28.111602783203125 214
1756065712847 24.61575698852539 215
1756065712872 25.880250930786133 216
1756065712900 24.12738800048828 217
1756065712928 21.51849365234375 218
1756065712957 28.420806884765625 219
1756065712985 27.90311050415039 220
1756065713013 26.09558868408203 221
1756065713041 26.11634635925293 222
1756065713069 29.603633880615234 223
1756065713099 28.49813461303711 224
1756065713129 27.408695220947266 225
1756065713162 26.742319107055664 226
1756065713190 25.307889938354492 227
1756065713218 24.773231506347656 228
1756065713246 25.2135066986084 229
1756065713275 23.956172943115234 230
1756065713304 25.38055992126465 231
1756065713333 25.23491096496582 232
1756065713360 23.123157501220703 233
1756065713387 23.577722549438477 234
1756065713414 29.67817497253418 235
1756065713442 24.021522521972656 236
1756065713468 26.17701530456543 237
1756065713492 27.715585708618164 238
1756065713517 27.16123390197754 239
1756065713541 26.798126220703125 240
1756065713567 25.527544021606445 241
1756065713595 27.28605079650879 242
1756065713623 26.53068733215332 243
1756065713651 23.84256935119629 244
1756065713680 20.682939529418945 245
1756065713711 27.099681854248047 246
1756065713740 22.509159088134766 247
1756065713770 26.932373046875 248
1756065713799 21.64372444152832 249
1756065713829 26.498788833618164 250
1756065713859 26.767242431640625 251
1756065713886 25.247623443603516 252
1756065713914 23.861282348632812 253
1756065713943 25.030719757080078 254
1756065713971 28.555200576782227 255
1756065714000 26.7440128326416 256
1756065714030 25.939537048339844 257
1756065714059 21.20600128173828 258
1756065714089 31.48683738708496 259
1756065714118 24.56883430480957 260
1756065714145 25.306987762451172 261
1756065714174 24.999404907226562 262
1756065714203 26.298599243164062 263
1756065714233 26.907894134521484 264
1756065714262 21.8028621673584 265
1756065714292 26.050825119018555 266
1756065714322 28.83932113647461 267
1756065714352 25.275049209594727 268
1756065714382 25.58173179626465 269
1756065714411 26.571182250976562 270
1756065714439 24.852813720703125 271
1756065714467 25.674867630004883 272
1756065714495 26.214996337890625 273
1756065714523 21.295028686523438 274
1756065714551 25.870990753173828 275
1756065714578 25.95519256591797 276
1756065714606 23.784000396728516 277
1756065714634 22.229854583740234 278
1756065714662 28.90553855895996 279
1756065714691 25.217647552490234 280
1756065714718 26.9572696685791 281
1756065714746 24.99098014831543 282
1756065714773 28.44554328918457 283
1756065714801 25.388399124145508 284
1756065714829 22.341981887817383 285
1756065714857 26.61802101135254 286
1756065714885 22.589275360107422 287
1756065714912 22.187837600708008 288
1756065714936 25.544893264770508 289
1756065714960 28.730308532714844 290
1756065714985 21.51750373840332 291
1756065715013 25.372011184692383 292
1756065715039 26.034154891967773 293
1756065715063 23.707176208496094 294
1756065715088 26.895076751708984 295
1756065715113 25.818056106567383 296
1756065715138 25.31162452697754 297
1756065715162 25.18508529663086 298
1756065715187 23.738262176513672 299
1756065723287 50.238136291503906 0
1756065723315 50.24531173706055 1
1756065723345 50.239749908447266 2
1756065723372 50.24289321899414 3
1756065723398 50.24026107788086 4
1756065723425 50.23708724975586 5
1756065723452 50.231510162353516 6
1756065723478 50.23109817504883 7
1756065723505 50.22450256347656 8
1756065723531 50.21237564086914 9
1756065723559 50.18674087524414 10
1756065723585 50.189579010009766 11
1756065723611 50.177391052246094 12
1756065723638 50.17509078979492 13
1756065723665 50.11450958251953 14
1756065723691 50.10524368286133 15
1756065723718 50.037254333496094 16
1756065723745 50.00577163696289 17
1756065723771 49.914241790771484 18
1756065723796 49.80253219604492 19
1756065723825 49.87940216064453 20
1756065723852 49.703453063964844 21
1756065723880 49.63362503051758 22
1756065723907 49.63359832763672 23
1756065723937 49.38311004638672 24
1756065723967 49.305335998535156 25
1756065723995 49.23460006713867 26
1756065724024 49.15692901611328 27
1756065724054 48.877777099609375 28
1756065724085 48.831138610839844 29
1756065724115 48.59716033935547 30
1756065724144 48.531211853027344 31
1756065724177 48.42539978027344 32
1756065724210 47.885169982910156 33
1756065724243 48.213523864746094 34
1756065724278 48.14809036254883 35
1756065724309 47.18693161010742 36
1756065724342 47.79399108886719 37
1756065724375 47.02353286743164 38
1756065724403 46.81222152709961 39
1756065724432 46.31875991821289 40
1756065724460 46.735877990722656 41
1756065724488 46.14140319824219 42
1756065724516 44.896671295166016 43
1756065724543 44.80953598022461 44
1756065724571 44.13948440551758 45
1756065724598 45.10249328613281 46
1756065724625 43.55814743041992 47
1756065724652 43.43296813964844 48
1756065724679 43.178558349609375 49
1756065724707 42.594032287597656 50
1756065724734 42.25004577636719 51
1756065724762 41.74467468261719 52
1756065724790 41.561187744140625 53
1756065724817 39.8675537109375 54
1756065724845 39.48209762573242 55
1756065724873 37.77061462402344 56
1756065724900 37.67686462402344 57
1756065724927 37.31430435180664 58
1756065724954 38.79340744018555 59
1756065724982 35.454917907714844 60
1756065725010 36.30510711669922 61
1756065725040 35.52676773071289 62
1756065725070 35.22486877441406 63
1756065725099 31.29375457763672 64
1756065725125 32.88344192504883 65
1756065725150 33.90365982055664 66
1756065725174 32.927894592285156 67
1756065725200 29.169532775878906 68
1756065725228 30.599651336669922 69
1756065725252 30.297893524169922 70
1756065725276 29.53769874572754 71
1756065725301 27.840116500854492 72
1756065725325 29.141414642333984 73
1756065725350 30.759920120239258 74
1756065725375 27.818632125854492 75
1756065725402 30.57358741760254 76
1756065725430 26.65203857421875 77
1756065725455 28.198673248291016 78
1756065725479 27.188217163085938 79
1756065725503 29.155004501342773 80
1756065725528 26.416040420532227 81
1756065725555 28.763835906982422 82
1756065725583 28.828420639038086 83
1756065725611 27.060895919799805 84
1756065725639 24.687984466552734 85
1756065725666 23.581026077270508 86
1756065725694 29.998172760009766 87
1756065725721 25.828285217285156 88
1756065725748 27.294763565063477 89
1756065725775 29.096458435058594 90
1756065725799 23.34136199951172 91
1756065725826 27.835018157958984 92
1756065725854 23.927217483520508 93
1756065725878 28.297401428222656 94
1756065725903 24.74896240234375 95
1756065725927 21.67462730407715 96
1756065725952 28.62872886657715 97
1756065725976 28.2158203125 98
1756065726001 27.426528930664062 99
1756065726025 27.386207580566406 100
1756065726049 25.418888092041016 101
1756065726073 23.335636138916016 102
1756065726098 27.377681732177734 103
1756065726122 29.643625259399414 104
1756065726147 27.563352584838867 105
1756065726175 24.380586624145508 106
1756065726203 27.578350067138672 107
1756065726232 23.660472869873047 108
1756065726262 27.09581756591797 109
1756065726291 25.163814544677734 110
1756065726319 22.803302764892578 111
1756065726348 23.509387969970703 112
1756065726376 21.915246963500977 113
1756065726405 28.325410842895508 114
1756065726434 24.47866439819336 115
1756065726462 24.21857261657715 116
1756065726490 25.894771575927734 117
1756065726518 28.18819808959961 118
1756065726547 20.16606330871582 119
1756065726576 24.337669372558594 120
1756065726604 20.765581130981445 121
1756065726633 28.294654846191406 122
1756065726661 24.489871978759766 123
1756065726691 25.326194763183594 124
1756065726719 31.324974060058594 125
1756065726747 24.409317016601562 126
1756065726775 24.588665008544922 127
1756065726804 23.573659896850586 128
1756065726833 27.28107261657715 129
1756065726861 25.933195114135742 130
1756065726889 26.343820571899414 131
1756065726917 25.241024017333984 132
1756065726945 24.19873809814453 133
1756065726973 26.665102005004883 134
1756065727001 23.778120040893555 135
1756065727029 24.039758682250977 136
1756065727058 23.6599063873291 137
1756065727088 26.880910873413086 138
1756065727115 27.06822967529297 139
1756065727143 26.812458038330078 140
1756065727170 27.241493225097656 141
1756065727198 26.705129623413086 142
1756065727225 28.09306526184082 143
1756065727253 26.577865600585938 144
1756065727281 21.104089736938477 145
1756065727310 24.35723876953125 146
1756065727337 26.857450485229492 147
1756065727366 25.885770797729492 148
1756065727393 21.434551239013672 149
1756065727421 25.820823669433594 150
1756065727450 25.503385543823242 151
1756065727479 23.913461685180664 152
1756065727509 25.140226364135742 153
1756065727540 25.82366943359375 154
1756065727568 28.1037654876709 155
1756065727593 22.158111572265625 156
1756065727619 25.702062606811523 157
1756065727644 31.88633155822754 158
1756065727670 27.209760665893555 159
1756065727696 27.245859146118164 160
1756065727721 23.93103790283203 161
1756065727748 26.917436599731445 162
1756065727774 28.759252548217773 163
1756065727800 23.786317825317383 164
1756065727827 25.319324493408203 165
1756065727853 27.421985626220703 166
1756065727880 22.334157943725586 167
1756065727907 25.01593589782715 168
1756065727934 26.11233901977539 169
1756065727960 29.819669723510742 170
1756065727987 24.286157608032227 171
1756065728015 24.44103240966797 172
1756065728042 27.480300903320312 173
1756065728069 23.17125129699707 174
1756065728095 20.88196563720703 175
1756065728122 23.25426483154297 176
1756065728148 26.26458168029785 177
1756065728175 21.103281021118164 178
1756065728201 20.166040420532227 179
1756065728228 25.532258987426758 180
1756065728254 23.08506965637207 181
1756065728281 26.171554565429688 182
1756065728310 26.781856536865234 183
1756065728338 27.82900619506836 184
1756065728365 24.949783325195312 185
1756065728391 22.604841232299805 186
1756065728416 26.42209243774414 187
1756065728441 23.6025447845459 188
1756065728469 28.04545783996582 189
1756065728495 25.797090530395508 190
1756065728522 28.703838348388672 191
1756065728548 25.963558197021484 192
1756065728576 20.777957916259766 193
1756065728602 27.711702346801758 194
1756065728630 26.031702041625977 195
1756065728656 28.39803123474121 196
1756065728683 22.700420379638672 197
1756065728710 24.343639373779297 198
1756065728738 25.233972549438477 199
1756065728768 23.26740074157715 200
1756065728795 24.899173736572266 201
1756065728819 24.140811920166016 202
1756065728844 23.468141555786133 203
1756065728869 26.591930389404297 204
1756065728895 24.622400283813477 205
1756065728926 25.32754135131836 206
1756065728954 26.359344482421875 207
1756065728981 26.18086051940918 208
1756065729006 24.421680450439453 209
1756065729031 25.067394256591797 210
1756065729057 31.588048934936523 211
1756065729084 25.985992431640625 212
1756065729113 27.264324188232422 213
1756065729138 30.89808464050293 214
1756065729164 25.905731201171875 215
1756065729188 21.74563217163086 216
1756065729218 25.920734405517578 217
1756065729251 22.376638412475586 218
1756065729277 20.90376853942871 219
1756065729302 24.357027053833008 220
1756065729326 26.415691375732422 221
1756065729352 27.0107364654541 222
1756065729377 22.424833297729492 223
1756065729402 21.781375885009766 224
1756065729427 25.47427749633789 225
1756065729452 26.456462860107422 226
1756065729477 25.119863510131836 227
1756065729501 22.063051223754883 228
1756065729526 27.10498046875 229
1756065729551 22.62267303466797 230
1756065729580 21.57551383972168 231
1756065729610 25.561302185058594 232
1756065729635 25.595909118652344 233
1756065729660 26.764629364013672 234
1756065729684 24.090524673461914 235
1756065729710 25.2482967376709 236
1756065729735 23.870285034179688 237
1756065729761 24.916723251342773 238
1756065729786 23.815874099731445 239
1756065729812 28.83920669555664 240
1756065729839 28.090341567993164 241
1756065729864 25.26224136352539 242
1756065729890 22.35413932800293 243
1756065729916 22.173128128051758 244
1756065729942 25.89345932006836 245
1756065729967 22.14625358581543 246
1756065729993 21.62481689453125 247
1756065730018 25.44495964050293 248
1756065730046 22.48448944091797 249
1756065730073 20.601360321044922 250
1756065730099 26.47071075439453 251
1756065730124 23.61087989807129 252
1756065730149 27.49785041809082 253
1756065730175 25.47320556640625 254
1756065730200 23.02414321899414 255
1756065730226 24.849342346191406 256
1756065730251 22.46187400817871 257
1756065730276 28.609901428222656 258
1756065730304 20.603775024414062 259
1756065730332 24.959123611450195 260
1756065730361 22.297489166259766 261
1756065730388 26.06909942626953 262
1756065730419 25.273662567138672 263
1756065730447 22.330129623413086 264
1756065730475 28.34728240966797 265
1756065730502 23.7482852935791 266
1756065730530 24.27667808532715 267
1756065730558 24.809200286865234 268
1756065730584 27.10846519470215 269
1756065730609 24.470787048339844 270
1756065730634 25.606651306152344 271
1756065730660 25.89995002746582 272
1756065730688 23.04130744934082 273
1756065730717 22.711984634399414 274
1756065730747 23.02923583984375 275
1756065730776 24.73784637451172 276
1756065730805 22.269559860229492 277
1756065730833 22.4002685546875 278
1756065730861 24.54669952392578 279
1756065730889 22.629623413085938 280
1756065730918 23.279203414916992 281
1756065730947 23.07081413269043 282
1756065730974 22.86536407470703 283
1756065731002 29.04698371887207 284
1756065731031 26.911535263061523 285
1756065731059 25.81273078918457 286
1756065731086 27.55603790283203 287
1756065731114 25.465402603149414 288
1756065731142 23.41606330871582 289
1756065731171 21.805103302001953 290
1756065731199 23.595481872558594 291
1756065731227 19.164073944091797 292
1756065731254 24.16883659362793 293
1756065731282 27.154714584350586 294
1756065731309 22.848407745361328 295
1756065731337 23.951549530029297 296
1756065731366 25.326326370239258 297
1756065731395 23.628704071044922 298
1756065731425 26.40386199951172 299
1756065739531 48.64805603027344 0
1756065739561 48.646217346191406 1
1756065739592 48.630775451660156 2
1756065739619 48.63031005859375 3
1756065739646 48.53894805908203 4
1756065739674 48.53239059448242 5
1756065739702 48.48284912109375 6
1756065739730 48.47643280029297 7
1756065739756 48.42705535888672 8
1756065739780 48.2742919921875 9
1756065739805 48.307064056396484 10
1756065739830 48.15731430053711 11
1756065739857 48.09564208984375 12
1756065739884 48.18283462524414 13
1756065739909 48.04979705810547 14
1756065739937 48.0627555847168 15
1756065739964 47.83758544921875 16
1756065739992 47.87937927246094 17
1756065740019 47.814491271972656 18
1756065740047 47.650352478027344 19
1756065740075 47.39650344848633 20
1756065740103 47.14798355102539 21
1756065740130 47.39215087890625 22
1756065740157 47.45509719848633 23
1756065740185 47.38994216918945 24
1756065740212 47.304481506347656 25
1756065740240 47.210105895996094 26
1756065740268 47.091766357421875 27
1756065740297 47.017860412597656 28
1756065740326 46.279869079589844 29
1756065740355 46.45552444458008 30
1756065740383 46.3203239440918 31
1756065740411 46.14411163330078 32
1756065740440 46.120933532714844 33
1756065740468 45.63682556152344 34
1756065740495 45.24214172363281 35
1756065740522 45.177490234375 36
1756065740549 44.52930450439453 37
1756065740577 44.75204849243164 38
1756065740605 43.99858474731445 39
1756065740633 44.938236236572266 40
1756065740661 43.49583053588867 41
1756065740690 42.723323822021484 42
1756065740717 43.48134994506836 43
1756065740745 41.51520919799805 44
1756065740774 41.23054885864258 45
1756065740799 40.199317932128906 46
1756065740825 40.90304946899414 47
1756065740850 38.976070404052734 48
1756065740875 38.72756576538086 49
1756065740902 39.08292770385742 50
1756065740932 38.06005859375 51
1756065740961 37.87281036376953 52
1756065740991 37.27504348754883 53
1756065741019 35.45384216308594 54
1756065741044 34.820796966552734 55
1756065741069 34.06937026977539 56
1756065741096 34.22953414916992 57
1756065741122 32.65349578857422 58
1756065741147 30.057016372680664 59
1756065741172 31.217554092407227 60
1756065741196 29.400672912597656 61
1756065741221 32.75628662109375 62
1756065741246 27.828399658203125 63
1756065741273 26.885313034057617 64
1756065741301 24.92932891845703 65
1756065741329 31.42122459411621 66
1756065741357 24.7438907623291 67
1756065741385 26.152332305908203 68
1756065741412 29.23387336730957 69
1756065741438 25.71246337890625 70
1756065741463 28.152456283569336 71
1756065741488 25.328767776489258 72
1756065741513 25.3881778717041 73
1756065741540 24.691509246826172 74
1756065741568 25.77050018310547 75
1756065741595 26.278961181640625 76
1756065741623 25.267032623291016 77
1756065741651 27.628070831298828 78
1756065741679 26.63056755065918 79
1756065741709 26.755258560180664 80
1756065741738 26.67253875732422 81
1756065741766 25.495113372802734 82
1756065741794 23.931869506835938 83
1756065741822 28.118432998657227 84
1756065741851 24.60007095336914 85
1756065741880 26.757099151611328 86
1756065741909 24.521114349365234 87
1756065741937 24.96953010559082 88
1756065741964 22.907760620117188 89
1756065741992 24.577251434326172 90
1756065742020 26.29262351989746 91
1756065742048 25.23342514038086 92
1756065742075 26.54283332824707 93
1756065742103 23.352603912353516 94
1756065742131 24.533987045288086 95
1756065742160 27.589624404907227 96
1756065742188 28.60906219482422 97
1756065742213 21.9990177154541 98
1756065742237 26.33257293701172 99
1756065742261 26.542163848876953 100
1756065742288 24.932842254638672 101
1756065742315 24.349531173706055 102
1756065742343 23.480682373046875 103
1756065742373 26.32185173034668 104
1756065742400 26.132266998291016 105
1756065742430 24.636011123657227 106
1756065742458 25.63503074645996 107
1756065742483 27.64311408996582 108
1756065742507 23.394447326660156 109
1756065742534 25.12938117980957 110
1756065742558 21.888648986816406 111
1756065742583 25.01154899597168 112
1756065742610 24.711284637451172 113
1756065742638 24.42647361755371 114
1756065742668 25.851621627807617 115
1756065742698 22.569379806518555 116
1756065742725 25.362424850463867 117
1756065742750 31.553482055664062 118
1756065742775 26.194053649902344 119
1756065742803 26.277118682861328 120
1756065742831 23.30496597290039 121
1756065742859 24.875137329101562 122
1756065742888 22.701570510864258 123
1756065742919 24.168193817138672 124
1756065742946 20.824647903442383 125
1756065742971 23.94487762451172 126
1756065742995 23.005901336669922 127
1756065743022 25.163610458374023 128
1756065743050 27.069652557373047 129
1756065743080 25.791152954101562 130
1756065743108 23.06733512878418 131
1756065743136 25.63539695739746 132
1756065743164 26.253450393676758 133
1756065743194 25.818737030029297 134
1756065743222 25.65300750732422 135
1756065743248 26.674379348754883 136
1756065743272 26.47063446044922 137
1756065743301 26.17775535583496 138
1756065743329 24.4783878326416 139
1756065743357 20.9588623046875 140
1756065743388 23.941909790039062 141
1756065743419 23.931230545043945 142
1756065743446 21.384845733642578 143
1756065743474 24.401269912719727 144
1756065743505 26.31620216369629 145
1756065743533 23.657869338989258 146
1756065743563 23.472553253173828 147
1756065743590 24.72010612487793 148
1756065743621 21.02428436279297 149
1756065743650 23.31070327758789 150
1756065743678 23.056167602539062 151
1756065743710 20.9727783203125 152
1756065743739 21.35171890258789 153
1756065743768 25.930728912353516 154
1756065743797 21.933345794677734 155
1756065743825 19.635082244873047 156
1756065743855 23.411069869995117 157
1756065743884 23.714115142822266 158
1756065743915 25.21190071105957 159
1756065743944 25.210601806640625 160
1756065743972 24.417022705078125 161
1756065744001 22.186405181884766 162
1756065744032 24.961997985839844 163
1756065744062 23.88751983642578 164
1756065744092 22.30312156677246 165
1756065744123 24.513452529907227 166
1756065744154 25.11969757080078 167
1756065744184 24.95233154296875 168
1756065744211 25.564388275146484 169
1756065744235 23.87626838684082 170
1756065744261 25.546003341674805 171
1756065744288 25.23543930053711 172
1756065744316 26.050809860229492 173
1756065744341 22.899564743041992 174
1756065744369 25.697418212890625 175
1756065744397 22.23823356628418 176
1756065744427 22.782686233520508 177
1756065744455 22.64290428161621 178
1756065744481 24.877389907836914 179
1756065744505 23.685409545898438 180
1756065744533 27.156890869140625 181
1756065744559 22.18691062927246 182
1756065744584 20.275928497314453 183
1756065744608 24.714921951293945 184
1756065744633 23.435171127319336 185
1756065744658 22.532907485961914 186
1756065744683 21.589115142822266 187
1756065744710 21.896093368530273 188
1756065744736 22.6053466796875 189
1756065744760 24.753353118896484 190
1756065744785 24.374847412109375 191
1756065744809 22.916391372680664 192
1756065744834 22.76384162902832 193
1756065744859 24.163053512573242 194
1756065744885 24.366477966308594 195
1756065744912 22.13981819152832 196
1756065744941 19.67207908630371 197
1756065744969 23.010009765625 198
1756065744997 25.39360237121582 199
1756065745024 24.216737747192383 200
1756065745052 24.76481819152832 201
1756065745080 27.649517059326172 202
1756065745108 24.182476043701172 203
1756065745136 22.72174835205078 204
1756065745164 25.020641326904297 205
1756065745194 24.14576530456543 206
1756065745223 22.002840042114258 207
1756065745252 23.21651268005371 208
1756065745280 21.31346893310547 209
1756065745308 25.572126388549805 210
1756065745336 22.44225311279297 211
1756065745362 22.355504989624023 212
1756065745386 21.15423011779785 213
1756065745411 19.27849769592285 214
1756065745438 25.99346160888672 215
1756065745467 24.85361671447754 216
1756065745493 22.39801597595215 217
1756065745518 23.574275970458984 218
1756065745546 24.983293533325195 219
1756065745572 23.104183197021484 220
1756065745601 20.174245834350586 221
1756065745633 22.50984001159668 222
1756065745662 24.182220458984375 223
1756065745688 21.94040870666504 224
1756065745716 24.88950538635254 225
1756065745741 21.76610565185547 226
1756065745765 24.567317962646484 227
1756065745790 24.102996826171875 228
1756065745818 19.58893585205078 229
1756065745845 24.07509422302246 230
1756065745873 20.530344009399414 231
1756065745899 20.09342384338379 232
1756065745927 22.672103881835938 233
1756065745954 23.663305282592773 234
1756065745980 26.24882698059082 235
1756065746007 26.910823822021484 236
1756065746037 27.907257080078125 237
1756065746067 24.537403106689453 238
1756065746092 22.130081176757812 239
1756065746116 25.909204483032227 240
1756065746144 23.21762466430664 241
1756065746171 24.1998348236084 242
1756065746200 26.851036071777344 243
1756065746228 23.293323516845703 244
1756065746257 22.794538497924805 245
1756065746283 22.312530517578125 246
1756065746311 21.55527114868164 247
1756065746339 21.543867111206055 248
1756065746368 26.022523880004883 249
1756065746395 22.362529754638672 250
1756065746423 22.363784790039062 251
1756065746447 20.97391700744629 252
1756065746473 21.039766311645508 253
1756065746501 23.955047607421875 254
1756065746530 24.281288146972656 255
1756065746559 20.402507781982422 256
1756065746588 20.487335205078125 257
1756065746612 22.612552642822266 258
1756065746636 25.90723991394043 259
1756065746665 23.949586868286133 260
1756065746693 23.899642944335938 261
1756065746722 23.591522216796875 262
1756065746748 21.933414459228516 263
1756065746773 21.505155563354492 264
1756065746799 24.49541664123535 265
1756065746825 22.71132469177246 266
1756065746850 20.636167526245117 267
1756065746874 22.570953369140625 268
1756065746899 21.541162490844727 269
1756065746924 23.403945922851562 270
1756065746948 23.07086944580078 271
1756065746973 20.21479606628418 272
1756065746998 22.39542579650879 273
1756065747022 22.86216926574707 274
1756065747047 27.308881759643555 275
1756065747075 23.105825424194336 276
1756065747104 23.751216888427734 277
1756065747132 23.248193740844727 278
1756065747159 17.879676818847656 279
1756065747186 22.879024505615234 280
1756065747213 24.496347427368164 281
1756065747241 22.093032836914062 282
1756065747269 20.30519676208496 283
1756065747296 22.04149627685547 284
1756065747324 25.38613510131836 285
1756065747351 25.751590728759766 286
1756065747379 26.63726043701172 287
1756065747406 20.111936569213867 288
1756065747433 24.279098510742188 289
1756065747461 21.985321044921875 290
1756065747489 22.766376495361328 291
1756065747517 20.82187843322754 292
1756065747545 18.804908752441406 293
1756065747573 21.695302963256836 294
1756065747600 23.33009910583496 295
1756065747627 21.79930305480957 296
1756065747654 21.93605613708496 297
1756065747682 21.73488426208496 298
1756065747710 20.992481231689453 299
1756065755805 50.21196365356445 0
1756065755833 50.16685485839844 1
1756065755861 50.11716079711914 2
1756065755888 50.073707580566406 3
1756065755914 50.054630279541016 4
1756065755941 50.01502227783203 5
1756065755967 49.93846893310547 6
1756065755993 49.91965103149414 7
1756065756020 49.86512756347656 8
1756065756049 49.67813491821289 9
1756065756076 49.61776351928711 10
1756065756103 49.56684494018555 11
1756065756130 49.44479751586914 12
1756065756156 49.472530364990234 13
1756065756180 49.34307098388672 14
1756065756207 49.06888198852539 15
1756065756234 48.85116195678711 16
1756065756261 48.749019622802734 17
1756065756289 48.80846405029297 18
1756065756316 48.379981994628906 19
1756065756344 48.29640579223633 20
1756065756371 47.71839904785156 21
1756065756398 47.981971740722656 22
1756065756422 47.47362518310547 23
1756065756447 47.112464904785156 24
1756065756471 47.11307144165039 25
1756065756495 46.76762008666992 26
1756065756520 46.034629821777344 27
1756065756547 45.9715690612793 28
1756065756574 45.30910873413086 29
1756065756602 44.91810989379883 30
1756065756629 44.89653396606445 31
1756065756657 44.17291259765625 32
1756065756684 43.0131721496582 33
1756065756709 43.13529586791992 34
1756065756734 43.203758239746094 35
1756065756760 43.03957748413086 36
1756065756787 41.455833435058594 37
1756065756813 40.28005599975586 38
1756065756837 39.90855026245117 39
1756065756862 39.30729293823242 40
1756065756887 38.238407135009766 41
1756065756912 38.79629898071289 42
1756065756938 38.35966873168945 43
1756065756964 36.763641357421875 44
1756065756989 34.56526565551758 45
1756065757016 34.84033966064453 46
1756065757041 33.41794204711914 47
1756065757065 33.844417572021484 48
1756065757092 29.458826065063477 49
1756065757124 32.26985549926758 50
1756065757153 31.40237808227539 51
1756065757184 29.992069244384766 52
1756065757214 28.634056091308594 53
1756065757244 27.11119842529297 54
1756065757274 28.794322967529297 55
1756065757304 30.46895980834961 56
1756065757334 28.075883865356445 57
1756065757364 23.26042938232422 58
1756065757394 24.798500061035156 59
1756065757424 28.14752197265625 60
1756065757454 25.537588119506836 61
1756065757481 25.128955841064453 62
1756065757510 26.936378479003906 63
1756065757538 21.5632381439209 64
1756065757567 25.639835357666016 65
1756065757595 25.948469161987305 66
1756065757623 27.316070556640625 67
1756065757650 29.734012603759766 68
1756065757676 24.442371368408203 69
1756065757704 22.155908584594727 70
1756065757730 27.278186798095703 71
1756065757754 28.075401306152344 72
1756065757778 23.442607879638672 73
1756065757802 25.005718231201172 74
1756065757827 25.060955047607422 75
1756065757851 22.348140716552734 76
1756065757875 22.358121871948242 77
1756065757900 23.847145080566406 78
1756065757925 22.795454025268555 79
1756065757953 29.11138153076172 80
1756065757983 23.800203323364258 81
1756065758010 23.8649959564209 82
1756065758038 26.42281723022461 83
1756065758067 22.743717193603516 84
1756065758095 22.22749137878418 85
1756065758123 23.861839294433594 86
1756065758152 29.50389289855957 87
1756065758177 26.619184494018555 88
1756065758201 25.03208351135254 89
1756065758226 25.19730567932129 90
1756065758253 24.131593704223633 91
1756065758281 24.819353103637695 92
1756065758307 26.3212890625 93
1756065758334 25.047147750854492 94
1756065758358 27.87944221496582 95
1756065758381 26.94794464111328 96
1756065758405 26.98746681213379 97
1756065758430 22.523096084594727 98
1756065758456 24.045970916748047 99
1756065758480 27.263620376586914 100
1756065758505 26.36857032775879 101
1756065758529 22.8184871673584 102
1756065758553 25.12257957458496 103
1756065758577 25.92101287841797 104
1756065758601 23.131261825561523 105
1756065758627 21.621858596801758 106
1756065758652 26.006664276123047 107
1756065758676 20.436725616455078 108
1756065758701 26.042932510375977 109
1756065758725 24.188125610351562 110
1756065758750 23.999711990356445 111
1756065758777 20.562562942504883 112
1756065758805 19.965087890625 113
1756065758833 22.458799362182617 114
1756065758861 23.24330711364746 115
1756065758890 22.558107376098633 116
1756065758920 26.551530838012695 117
1756065758948 21.566190719604492 118
1756065758974 27.247074127197266 119
1756065758998 23.66666030883789 120
1756065759022 23.52033805847168 121
1756065759046 23.213106155395508 122
1756065759071 23.74672508239746 123
1756065759098 25.714405059814453 124
1756065759128 27.84477996826172 125
1756065759157 26.340953826904297 126
1756065759185 24.821517944335938 127
1756065759213 28.606517791748047 128
1756065759240 27.480430603027344 129
1756065759269 23.36469841003418 130
1756065759297 22.964130401611328 131
1756065759336 22.40971565246582 132
1756065759374 22.504323959350586 133
1756065759402 24.551883697509766 134
1756065759429 24.88153839111328 135
1756065759455 25.65288734436035 136
1756065759480 21.428630828857422 137
1756065759506 21.99718475341797 138
1756065759535 23.80035400390625 139
1756065759565 22.260560989379883 140
1756065759591 23.410663604736328 141
1756065759615 21.005718231201172 142
1756065759641 23.610740661621094 143
1756065759666 24.215984344482422 144
1756065759691 24.658206939697266 145
1756065759717 25.447044372558594 146
1756065759742 23.026926040649414 147
1756065759771 18.367258071899414 148
1756065759795 22.760263442993164 149
1756065759823 22.231210708618164 150
1756065759854 20.85431480407715 151
1756065759882 25.005285263061523 152
1756065759908 26.06880760192871 153
1756065759939 21.59029769897461 154
1756065759970 29.010120391845703 155
1756065759999 24.12629508972168 156
1756065760029 25.41713523864746 157
1756065760057 21.63466453552246 158
1756065760086 24.216508865356445 159
1756065760113 23.68779754638672 160
1756065760141 20.342853546142578 161
1756065760169 22.249074935913086 162
1756065760196 25.358474731445312 163
1756065760223 24.184585571289062 164
1756065760250 19.040464401245117 165
1756065760276 22.291292190551758 166
1756065760303 27.739086151123047 167
1756065760330 23.267438888549805 168
1756065760356 21.489625930786133 169
1756065760381 22.936248779296875 170
1756065760407 24.986295700073242 171
1756065760434 19.846464157104492 172
1756065760460 27.955978393554688 173
1756065760488 26.209346771240234 174
1756065760516 21.79310417175293 175
1756065760544 23.38599967956543 176
1756065760571 27.69967269897461 177
1756065760598 24.575918197631836 178
1756065760626 25.526952743530273 179
1756065760654 22.486080169677734 180
1756065760679 21.576581954956055 181
1756065760704 22.677227020263672 182
1756065760729 24.141748428344727 183
1756065760754 23.26430320739746 184
1756065760779 26.30628776550293 185
1756065760803 20.885143280029297 186
1756065760828 21.202863693237305 187
1756065760853 26.701345443725586 188
1756065760878 22.513702392578125 189
1756065760904 27.042112350463867 190
1756065760932 23.664030075073242 191
1756065760960 25.515277862548828 192
1756065760989 20.840072631835938 193
1756065761017 21.60746955871582 194
1756065761045 23.311464309692383 195
1756065761071 24.575746536254883 196
1756065761097 25.746097564697266 197
1756065761123 22.756629943847656 198
1756065761149 23.53164291381836 199
1756065761174 26.41373062133789 200
1756065761202 28.689916610717773 201
1756065761231 23.588083267211914 202
1756065761259 21.991344451904297 203
1756065761284 21.9360294342041 204
1756065761311 22.23427963256836 205
1756065761339 21.269306182861328 206
1756065761365 23.086271286010742 207
1756065761392 22.672687530517578 208
1756065761421 21.180612564086914 209
1756065761449 24.536251068115234 210
1756065761477 22.37836265563965 211
1756065761504 22.559215545654297 212
1756065761529 27.400041580200195 213
1756065761555 25.27423095703125 214
1756065761581 18.018672943115234 215
1756065761606 21.48056411743164 216
1756065761634 24.58397102355957 217
1756065761662 21.717897415161133 218
1756065761690 23.83034324645996 219
1756065761719 24.456974029541016 220
1756065761748 25.251367568969727 221
1756065761778 19.392152786254883 222
1756065761807 22.31244659423828 223
1756065761835 21.245450973510742 224
1756065761863 22.075027465820312 225
1756065761890 19.075824737548828 226
1756065761919 19.10415267944336 227
1756065761949 22.44927406311035 228
1756065761980 24.437162399291992 229
1756065762010 21.5798397064209 230
1756065762039 24.674461364746094 231
1756065762069 18.476905822753906 232
1756065762099 22.104991912841797 233
1756065762129 24.73819923400879 234
1756065762158 23.799095153808594 235
1756065762188 22.630863189697266 236
1756065762219 23.39026641845703 237
1756065762248 22.6301212310791 238
1756065762277 25.469486236572266 239
1756065762305 21.936677932739258 240
1756065762333 25.735149383544922 241
1756065762361 20.877656936645508 242
1756065762388 23.06678009033203 243
1756065762413 24.67375373840332 244
1756065762438 22.257076263427734 245
1756065762466 24.49475860595703 246
1756065762491 23.082035064697266 247
1756065762516 18.066999435424805 248
1756065762541 27.001741409301758 249
1756065762569 24.821855545043945 250
1756065762597 20.081342697143555 251
1756065762626 24.143836975097656 252
1756065762652 20.19727897644043 253
1756065762676 23.445737838745117 254
1756065762701 19.2838134765625 255
1756065762726 21.959421157836914 256
1756065762751 23.512981414794922 257
1756065762776 21.97369956970215 258
1756065762801 23.12183952331543 259
1756065762828 21.8958740234375 260
1756065762858 23.33026885986328 261
1756065762885 22.57508659362793 262
1756065762910 22.21043586730957 263
1756065762940 22.927003860473633 264
1756065762969 20.509550094604492 265
1756065762997 23.142417907714844 266
1756065763022 23.757400512695312 267
1756065763049 23.897123336791992 268
1756065763077 22.450265884399414 269
1756065763102 20.550493240356445 270
1756065763128 24.981122970581055 271
1756065763155 25.04435157775879 272
1756065763181 24.78070068359375 273
1756065763206 21.867713928222656 274
1756065763231 25.577775955200195 275
1756065763256 23.86256217956543 276
1756065763282 22.87993812561035 277
1756065763307 20.035240173339844 278
1756065763333 19.895761489868164 279
1756065763358 24.389162063598633 280
1756065763383 25.2170352935791 281
1756065763408 21.519426345825195 282
1756065763434 24.78308868408203 283
1756065763459 19.659503936767578 284
1756065763484 24.68808937072754 285
1756065763510 22.957229614257812 286
1756065763537 23.193498611450195 287
1756065763566 24.417274475097656 288
1756065763593 22.064655303955078 289
1756065763621 22.942419052124023 290
1756065763648 25.046430587768555 291
1756065763676 20.532747268676758 292
1756065763705 21.03900146484375 293
1756065763733 20.513235092163086 294
1756065763759 19.985164642333984 295
1756065763784 24.583471298217773 296
1756065763809 20.350154876708984 297
1756065763835 22.635623931884766 298
1756065763860 22.834989547729492 299
1756065771969 48.82004928588867 0
1756065771994 48.809505462646484 1
1756065772018 48.79146194458008 2
1756065772045 48.792938232421875 3
1756065772074 48.80768966674805 4
1756065772102 48.75611114501953 5
1756065772129 48.743995666503906 6
1756065772155 48.75016784667969 7
1756065772178 48.66169357299805 8
1756065772202 48.65467834472656 9
1756065772226 48.60785675048828 10
1756065772252 48.53961181640625 11
1756065772279 48.503684997558594 12
1756065772307 48.42825698852539 13
1756065772338 48.30089569091797 14
1756065772364 48.325927734375 15
1756065772391 48.09523010253906 16
1756065772417 48.1301155090332 17
1756065772445 48.012306213378906 18
1756065772472 47.809539794921875 19
1756065772500 47.72907638549805 20
1756065772527 47.458438873291016 21
1756065772554 47.309852600097656 22
1756065772581 47.092628479003906 23
1756065772608 47.177608489990234 24
1756065772635 46.69514083862305 25
1756065772662 46.47372817993164 26
1756065772688 46.42189025878906 27
1756065772715 46.89858627319336 28
1756065772742 46.001102447509766 29
1756065772768 45.83148956298828 30
1756065772795 45.50526809692383 31
1756065772822 44.86109161376953 32
1756065772849 45.0971794128418 33
1756065772875 44.03441619873047 34
1756065772902 43.457462310791016 35
1756065772928 43.0712890625 36
1756065772955 43.48130798339844 37
1756065772981 42.0367431640625 38
1756065773008 40.95433807373047 39
1756065773036 41.43040084838867 40
1756065773062 40.74892807006836 41
1756065773090 38.548072814941406 42
1756065773114 39.31067657470703 43
1756065773141 39.309295654296875 44
1756065773166 37.53443908691406 45
1756065773191 38.38712692260742 46
1756065773218 35.49905014038086 47
1756065773246 35.00710678100586 48
1756065773272 34.68960189819336 49
1756065773298 32.34428787231445 50
1756065773323 33.164695739746094 51
1756065773348 31.24699592590332 52
1756065773376 30.08518409729004 53
1756065773404 28.25313949584961 54
1756065773432 27.726015090942383 55
1756065773460 27.69916534423828 56
1756065773486 27.317363739013672 57
1756065773514 27.879697799682617 58
1756065773541 24.46282196044922 59
1756065773569 26.088415145874023 60
1756065773596 24.71272850036621 61
1756065773621 21.437606811523438 62
1756065773647 25.22162437438965 63
1756065773671 23.844070434570312 64
1756065773699 19.51652717590332 65
1756065773727 25.415454864501953 66
1756065773756 22.452816009521484 67
1756065773782 22.266490936279297 68
1756065773807 28.128223419189453 69
1756065773834 20.69110107421875 70
1756065773863 24.202152252197266 71
1756065773887 23.343965530395508 72
1756065773911 21.003555297851562 73
1756065773938 23.908145904541016 74
1756065773965 25.53166961669922 75
1756065773990 22.818801879882812 76
1756065774014 19.63513946533203 77
1756065774039 22.238388061523438 78
1756065774065 21.495317459106445 79
1756065774093 27.034053802490234 80
1756065774121 22.671873092651367 81
1756065774149 21.427080154418945 82
1756065774176 24.941043853759766 83
1756065774202 21.227880477905273 84
1756065774230 25.87914276123047 85
1756065774261 22.99101448059082 86
1756065774286 25.02390480041504 87
1756065774311 22.101713180541992 88
1756065774339 25.37543296813965 89
1756065774368 20.773052215576172 90
1756065774392 23.304916381835938 91
1756065774417 25.85268211364746 92
1756065774441 22.02213478088379 93
1756065774467 22.64665412902832 94
1756065774492 20.32612419128418 95
1756065774517 19.804521560668945 96
1756065774542 22.750606536865234 97
1756065774567 24.165693283081055 98
1756065774592 22.46430015563965 99
1756065774617 24.77779197692871 100
1756065774643 26.5540714263916 101
1756065774669 24.152502059936523 102
1756065774694 23.32757568359375 103
1756065774722 24.71603012084961 104
1756065774752 20.515512466430664 105
1756065774780 24.789852142333984 106
1756065774805 25.262479782104492 107
1756065774829 25.469560623168945 108
1756065774856 24.911157608032227 109
1756065774886 24.757246017456055 110
1756065774914 27.281600952148438 111
1756065774942 17.746870040893555 112
1756065774970 24.124025344848633 113
1756065774998 24.313459396362305 114
1756065775026 24.077075958251953 115
1756065775051 22.349021911621094 116
1756065775080 20.92628288269043 117
1756065775109 24.298011779785156 118
1756065775139 24.753925323486328 119
1756065775166 25.16115951538086 120
1756065775194 26.04325294494629 121
1756065775221 22.806241989135742 122
1756065775245 22.188344955444336 123
1756065775269 22.13628578186035 124
1756065775293 25.50279426574707 125
1756065775318 23.381473541259766 126
1756065775342 23.791229248046875 127
1756065775366 26.693506240844727 128
1756065775393 16.682477951049805 129
1756065775423 24.794498443603516 130
1756065775453 23.454185485839844 131
1756065775479 21.09732437133789 132
1756065775504 23.238126754760742 133
1756065775529 24.015377044677734 134
1756065775553 23.70869255065918 135
1756065775578 23.3927001953125 136
1756065775606 22.779102325439453 137
1756065775633 26.4711856842041 138
1756065775661 21.138444900512695 139
1756065775689 24.844791412353516 140
1756065775717 24.375465393066406 141
1756065775741 24.479183197021484 142
1756065775766 23.508813858032227 143
1756065775790 23.582592010498047 144
1756065775815 22.656038284301758 145
1756065775840 25.88633155822754 146
1756065775865 22.613344192504883 147
1756065775890 24.18177604675293 148
1756065775915 23.80109405517578 149
1756065775939 21.889188766479492 150
1756065775964 21.989051818847656 151
1756065775989 21.134857177734375 152
1756065776016 27.46048927307129 153
1756065776042 23.91866111755371 154
1756065776070 21.53895378112793 155
1756065776097 25.567806243896484 156
1756065776126 21.976367950439453 157
1756065776154 24.3621883392334 158
1756065776180 23.417070388793945 159
1756065776206 24.592235565185547 160
1756065776234 20.758480072021484 161
1756065776263 25.699495315551758 162
1756065776289 25.32109260559082 163
1756065776316 26.909643173217773 164
1756065776344 23.940242767333984 165
1756065776373 23.008628845214844 166
1756065776400 23.77540397644043 167
1756065776428 22.489585876464844 168
1756065776456 23.074621200561523 169
1756065776483 24.77604103088379 170
1756065776511 20.248064041137695 171
1756065776539 23.21236228942871 172
1756065776566 26.631885528564453 173
1756065776594 25.674694061279297 174
1756065776622 21.236970901489258 175
1756065776649 21.788455963134766 176
1756065776677 18.350072860717773 177
1756065776705 27.856449127197266 178
1756065776733 22.693119049072266 179
1756065776761 22.34552001953125 180
1756065776790 22.750572204589844 181
1756065776818 18.540943145751953 182
1756065776846 23.547685623168945 183
1756065776873 20.444908142089844 184
1756065776900 22.675792694091797 185
1756065776927 23.151466369628906 186
1756065776955 17.665597915649414 187
1756065776982 25.12364387512207 188
1756065777009 24.922237396240234 189
1756065777037 21.064653396606445 190
1756065777065 18.73942756652832 191
1756065777094 23.04182243347168 192
1756065777122 20.525075912475586 193
1756065777149 24.036434173583984 194
1756065777177 22.91451072692871 195
1756065777205 21.549692153930664 196
1756065777232 22.686420440673828 197
1756065777259 25.027803421020508 198
1756065777286 24.626623153686523 199
1756065777315 20.618043899536133 200
1756065777342 22.281030654907227 201
1756065777370 26.027820587158203 202
1756065777397 24.16233253479004 203
1756065777424 24.427061080932617 204
1756065777452 24.905231475830078 205
1756065777480 25.062406539916992 206
1756065777508 27.772748947143555 207
1756065777536 23.397287368774414 208
1756065777564 18.568370819091797 209
1756065777592 24.600255966186523 210
1756065777620 22.443450927734375 211
1756065777648 21.88169288635254 212
1756065777676 22.83647346496582 213
1756065777704 23.67728614807129 214
1756065777731 25.253633499145508 215
1756065777758 27.542940139770508 216
1756065777785 19.762065887451172 217
1756065777813 22.937211990356445 218
1756065777840 21.01095962524414 219
1756065777867 24.759017944335938 220
1756065777894 22.60585594177246 221
1756065777923 23.64670753479004 222
1756065777952 22.573360443115234 223
1756065777979 22.63620948791504 224
1756065778007 22.364688873291016 225
1756065778034 21.73703956604004 226
1756065778061 19.6968994140625 227
1756065778088 18.174917221069336 228
1756065778117 21.062519073486328 229
1756065778147 25.007287979125977 230
1756065778177 20.174930572509766 231
1756065778208 25.850994110107422 232
1756065778238 27.045019149780273 233
1756065778268 21.64175033569336 234
1756065778299 19.263315200805664 235
1756065778328 20.531036376953125 236
1756065778356 18.95814323425293 237
1756065778385 24.58775520324707 238
1756065778413 23.607091903686523 239
1756065778441 20.468812942504883 240
1756065778470 26.372310638427734 241
1756065778498 25.068941116333008 242
1756065778526 26.045530319213867 243
1756065778555 22.600204467773438 244
1756065778582 22.8477840423584 245
1756065778609 25.37788963317871 246
1756065778637 24.232452392578125 247
1756065778665 23.664134979248047 248
1756065778693 25.6845760345459 249
1756065778721 20.146989822387695 250
1756065778749 24.97493553161621 251
1756065778780 23.46367073059082 252
1756065778809 23.789417266845703 253
1756065778837 23.29330825805664 254
1756065778866 26.642738342285156 255
1756065778897 24.84758758544922 256
1756065778925 24.253742218017578 257
1756065778950 22.618534088134766 258
1756065778975 20.34507942199707 259
1756065779000 23.383955001831055 260
1756065779025 23.077070236206055 261
1756065779052 16.78788185119629 262
1756065779077 25.59001350402832 263
1756065779103 22.686254501342773 264
1756065779130 25.015758514404297 265
1756065779158 24.666982650756836 266
1756065779185 21.493961334228516 267
1756065779212 20.666568756103516 268
1756065779240 26.840225219726562 269
1756065779267 24.23354148864746 270
1756065779294 21.47606658935547 271
1756065779321 20.187074661254883 272
1756065779349 21.592790603637695 273
1756065779377 20.045246124267578 274
1756065779404 24.60818099975586 275
1756065779431 23.160675048828125 276
1756065779456 24.73860740661621 277
1756065779481 23.100034713745117 278
1756065779506 16.859786987304688 279
1756065779533 21.817602157592773 280
1756065779559 25.10517120361328 281
1756065779587 22.67514991760254 282
1756065779614 25.615583419799805 283
1756065779643 26.122724533081055 284
1756065779668 23.094085693359375 285
1756065779696 24.346385955810547 286
1756065779726 24.52528190612793 287
1756065779753 21.19356918334961 288
1756065779781 22.34904670715332 289
1756065779809 24.15648078918457 290
1756065779837 23.095048904418945 291
1756065779866 22.558597564697266 292
1756065779893 22.90486717224121 293
1756065779921 20.43143081665039 294
1756065779948 25.064115524291992 295
1756065779974 20.854846954345703 296
1756065780001 21.421964645385742 297
1756065780029 21.821929931640625 298
1756065780058 19.989910125732422 299
1756065788203 50.23115539550781 0
1756065788232 50.225677490234375 1
1756065788262 50.21025848388672 2
1756065788295 50.204288482666016 3
1756065788325 50.181583404541016 4
1756065788354 50.151329040527344 5
1756065788385 50.14136505126953 6
1756065788414 50.13648986816406 7
1756065788448 50.122989654541016 8
1756065788481 50.066593170166016 9
1756065788511 50.01913070678711 10
1756065788541 50.01152038574219 11
1756065788571 50.01401901245117 12
1756065788601 50.00802230834961 13
1756065788631 49.86386489868164 14
1756065788662 49.89684295654297 15
1756065788693 49.85581588745117 16
1756065788724 49.73388671875 17
1756065788754 49.78468322753906 18
1756065788784 49.68711471557617 19
1756065788815 49.53115463256836 20
1756065788845 49.48232650756836 21
1756065788875 49.40567398071289 22
1756065788903 49.302066802978516 23
1756065788932 49.2888298034668 24
1756065788960 48.8951416015625 25
1756065788988 48.66167068481445 26
1756065789016 48.781986236572266 27
1756065789045 48.71259307861328 28
1756065789073 48.689125061035156 29
1756065789104 47.462318420410156 30
1756065789136 47.34491729736328 31
1756065789168 48.074562072753906 32
1756065789198 47.05677795410156 33
1756065789228 46.7526969909668 34
1756065789261 46.69857406616211 35
1756065789293 46.85530471801758 36
1756065789325 44.83974075317383 37
1756065789357 45.67139434814453 38
1756065789390 44.868247985839844 39
1756065789423 43.98230743408203 40
1756065789454 45.092044830322266 41
1756065789487 43.01927185058594 42
1756065789522 40.846397399902344 43
1756065789554 41.89243698120117 44
1756065789586 39.59575271606445 45
1756065789617 36.70014953613281 46
1756065789649 41.85631561279297 47
1756065789680 40.22174072265625 48
1756065789712 35.94328689575195 49
1756065789746 39.417808532714844 50
1756065789780 34.72983169555664 51
1756065789813 36.14864730834961 52
1756065789843 32.738521575927734 53
1756065789871 34.29594802856445 54
1756065789900 30.466434478759766 55
1756065789934 30.546756744384766 56
1756065789969 34.91426086425781 57
1756065790001 33.949642181396484 58
1756065790028 32.41555404663086 59
1756065790056 34.19312286376953 60
1756065790085 31.785846710205078 61
1756065790113 28.562007904052734 62
1756065790142 32.488197326660156 63
1756065790175 27.011943817138672 64
1756065790207 33.56303787231445 65
1756065790239 32.63344192504883 66
1756065790272 27.296409606933594 67
1756065790302 33.21938705444336 68
1756065790330 28.888566970825195 69
1756065790357 29.375680923461914 70
1756065790385 34.77092742919922 71
1756065790413 26.887014389038086 72
1756065790445 34.794334411621094 73
1756065790478 30.241310119628906 74
1756065790511 33.617671966552734 75
1756065790543 30.988344192504883 76
1756065790574 32.97760772705078 77
1756065790604 31.701507568359375 78
1756065790631 29.46866798400879 79
1756065790659 32.17738723754883 80
1756065790687 28.842256546020508 81
1756065790716 30.884258270263672 82
1756065790747 32.350852966308594 83
1756065790781 32.26352310180664 84
1756065790814 28.020828247070312 85
1756065790845 30.88717269897461 86
1756065790873 32.52708435058594 87
1756065790900 33.049869537353516 88
1756065790928 32.44072723388672 89
1756065790956 32.40541458129883 90
1756065790984 33.842044830322266 91
1756065791013 28.612611770629883 92
1756065791041 32.10110855102539 93
1756065791069 33.955078125 94
1756065791098 32.62484359741211 95
1756065791130 35.651432037353516 96
1756065791161 35.144142150878906 97
1756065791190 28.51072883605957 98
1756065791219 32.33656692504883 99
1756065791248 32.72439956665039 100
1756065791277 32.51490783691406 101
1756065791305 32.94073486328125 102
1756065791335 29.348915100097656 103
1756065791363 28.642438888549805 104
1756065791393 32.37298583984375 105
1756065791422 31.585582733154297 106
1756065791450 31.41293716430664 107
1756065791479 26.02562141418457 108
1756065791508 27.017349243164062 109
1756065791537 29.973896026611328 110
1756065791566 27.286304473876953 111
1756065791594 34.78171157836914 112
1756065791623 32.03232955932617 113
1756065791652 29.871049880981445 114
1756065791681 32.120201110839844 115
1756065791710 32.08622741699219 116
1756065791739 28.071510314941406 117
1756065791768 26.425756454467773 118
1756065791797 28.808589935302734 119
1756065791827 31.972795486450195 120
1756065791857 24.910245895385742 121
1756065791886 32.8233642578125 122
1756065791915 28.894546508789062 123
1756065791944 26.152828216552734 124
1756065791973 31.802907943725586 125
1756065792001 25.480527877807617 126
1756065792034 32.77043533325195 127
1756065792063 31.755977630615234 128
1756065792091 27.453771591186523 129
1756065792120 29.914640426635742 130
1756065792149 31.620319366455078 131
1756065792178 30.14760971069336 132
1756065792207 32.92995834350586 133
1756065792236 34.52784729003906 134
1756065792265 28.962278366088867 135
1756065792297 34.913536071777344 136
1756065792327 29.67539405822754 137
1756065792359 34.633338928222656 138
1756065792392 30.846755981445312 139
1756065792421 29.55967140197754 140
1756065792450 29.501081466674805 141
1756065792479 31.12701988220215 142
1756065792508 35.4509162902832 143
1756065792542 30.842084884643555 144
1756065792573 28.6225528717041 145
1756065792601 29.109527587890625 146
1756065792629 32.80611038208008 147
1756065792657 30.044233322143555 148
1756065792686 28.974327087402344 149
1756065792717 30.980051040649414 150
1756065792750 32.647586822509766 151
1756065792779 27.140098571777344 152
1756065792808 32.00162124633789 153
1756065792836 28.87555503845215 154
1756065792865 28.031612396240234 155
1756065792894 30.182703018188477 156
1756065792923 28.423137664794922 157
1756065792953 26.031455993652344 158
1756065792984 28.847278594970703 159
1756065793012 33.02136993408203 160
1756065793042 26.177396774291992 161
1756065793074 27.709501266479492 162
1756065793105 30.85162353515625 163
1756065793133 27.47865867614746 164
1756065793164 31.109886169433594 165
1756065793193 31.712331771850586 166
1756065793221 30.466772079467773 167
1756065793251 33.067195892333984 168
1756065793280 33.93181228637695 169
1756065793309 29.88094139099121 170
1756065793338 27.4977970123291 171
1756065793367 28.43540382385254 172
1756065793396 28.796253204345703 173
1756065793424 29.71953010559082 174
1756065793453 30.110122680664062 175
1756065793482 31.425493240356445 176
1756065793511 31.21759605407715 177
1756065793540 31.094640731811523 178
1756065793570 30.729148864746094 179
1756065793599 29.19105339050293 180
1756065793627 31.08328628540039 181
1756065793656 30.384733200073242 182
1756065793684 28.178068161010742 183
1756065793713 34.861061096191406 184
1756065793746 31.231233596801758 185
1756065793779 28.358036041259766 186
1756065793811 34.74187088012695 187
1756065793843 25.99205780029297 188
1756065793875 33.10424041748047 189
1756065793907 36.059288024902344 190
1756065793939 30.318410873413086 191
1756065793972 29.558795928955078 192
1756065794003 29.765586853027344 193
1756065794036 33.845027923583984 194
1756065794068 32.56217956542969 195
1756065794100 30.381052017211914 196
1756065794132 32.189109802246094 197
1756065794164 29.792695999145508 198
1756065794196 31.023826599121094 199
1756065794229 30.118480682373047 200
1756065794261 28.99818992614746 201
1756065794293 29.69822883605957 202
1756065794325 26.92306137084961 203
1756065794357 28.91914176940918 204
1756065794389 24.075082778930664 205
1756065794421 26.58302116394043 206
1756065794453 33.7043342590332 207
1756065794485 31.36258316040039 208
1756065794518 30.37286376953125 209
1756065794550 29.245826721191406 210
1756065794582 29.3432674407959 211
1756065794614 28.986093521118164 212
1756065794646 29.534069061279297 213
1756065794678 30.150428771972656 214
1756065794712 25.24125099182129 215
1756065794744 29.449079513549805 216
1756065794776 29.144800186157227 217
1756065794808 28.484312057495117 218
1756065794840 31.05439567565918 219
1756065794872 30.474197387695312 220
1756065794905 32.78721237182617 221
1756065794936 30.74786376953125 222
1756065794969 28.457260131835938 223
1756065795000 25.16375732421875 224
1756065795032 28.3454647064209 225
1756065795064 27.628202438354492 226
1756065795096 26.92449951171875 227
1756065795128 30.63442611694336 228
1756065795160 27.39438819885254 229
1756065795192 31.522212982177734 230
1756065795225 25.47188949584961 231
1756065795256 33.366329193115234 232
1756065795285 29.596946716308594 233
1756065795318 30.370738983154297 234
1756065795351 30.047273635864258 235
1756065795383 29.876752853393555 236
1756065795415 28.47908592224121 237
1756065795445 29.15311050415039 238
1756065795473 29.124544143676758 239
1756065795503 30.292245864868164 240
1756065795532 29.14181137084961 241
1756065795561 30.105449676513672 242
1756065795591 28.229467391967773 243
1756065795620 28.34355354309082 244
1756065795654 27.98676300048828 245
1756065795685 26.906658172607422 246
1756065795714 33.486061096191406 247
1756065795747 30.838197708129883 248
1756065795776 30.876365661621094 249
1756065795805 27.447839736938477 250
1756065795834 28.955503463745117 251
1756065795863 26.58836555480957 252
1756065795893 24.69277000427246 253
1756065795926 31.832094192504883 254
1756065795959 30.972583770751953 255
1756065795992 38.010257720947266 256
1756065796025 29.777067184448242 257
1756065796059 27.895193099975586 258
1756065796088 31.296558380126953 259
1756065796117 32.1902961730957 260
1756065796150 32.092689514160156 261
1756065796180 28.613588333129883 262
1756065796209 33.658626556396484 263
1756065796238 27.171300888061523 264
1756065796268 30.534461975097656 265
1756065796297 29.33224105834961 266
1756065796329 26.605541229248047 267
1756065796360 28.047147750854492 268
1756065796392 30.00249481201172 269
1756065796422 30.410198211669922 270
1756065796451 30.410070419311523 271
1756065796479 28.044979095458984 272
1756065796512 30.061811447143555 273
1756065796541 32.01438522338867 274
1756065796570 31.35406494140625 275
1756065796600 30.231781005859375 276
1756065796629 28.248668670654297 277
1756065796658 29.07386589050293 278
1756065796687 27.454914093017578 279
1756065796716 26.978975296020508 280
1756065796745 28.148279190063477 281
1756065796778 32.24943923950195 282
1756065796813 31.783321380615234 283
1756065796847 30.481115341186523 284
1756065796877 30.39815902709961 285
1756065796906 31.13788604736328 286
1756065796935 30.604511260986328 287
1756065796967 26.41777992248535 288
1756065796995 23.42412757873535 289
1756065797024 30.561742782592773 290
1756065797054 30.911258697509766 291
1756065797083 32.05531692504883 292
1756065797114 28.682052612304688 293
1756065797148 29.647762298583984 294
1756065797177 32.5234260559082 295
1756065797205 27.00898551940918 296
1756065797237 31.762758255004883 297
1756065797273 28.380022048950195 298
1756065797303 33.2673225402832 299
1756065805411 48.438899993896484 0
1756065805475 48.286895751953125 1
1756065805515 48.172142028808594 2
1756065805546 48.15193176269531 3
1756065805576 47.849342346191406 4
1756065805608 47.6199836730957 5
1756065805640 47.41765594482422 6
1756065805671 47.44923400878906 7
1756065805702 47.477394104003906 8
1756065805733 46.40012741088867 9
1756065805763 46.5155029296875 10
1756065805792 46.60776901245117 11
1756065805823 46.02924346923828 12
1756065805855 45.880714416503906 13
1756065805888 45.170379638671875 14
1756065805920 44.341217041015625 15
1756065805954 44.434207916259766 16
1756065805985 43.62708282470703 17
1756065806016 43.61836624145508 18
1756065806048 42.49573516845703 19
1756065806080 41.24188232421875 20
1756065806111 41.52376937866211 21
1756065806141 41.56287384033203 22
1756065806173 41.91691207885742 23
1756065806205 38.34794235229492 24
1756065806236 37.82323455810547 25
1756065806268 36.69331741333008 26
1756065806299 35.8826904296875 27
1756065806331 36.90187072753906 28
1756065806363 32.18438720703125 29
1756065806396 31.469066619873047 30
1756065806428 33.197261810302734 31
1756065806460 29.080638885498047 32
1756065806490 30.655336380004883 33
1756065806523 26.786361694335938 34
1756065806556 26.98460578918457 35
1756065806588 27.125272750854492 36
1756065806618 28.939727783203125 37
1756065806648 29.5106258392334 38
1756065806680 26.40937042236328 39
1756065806713 29.79201316833496 40
1756065806745 29.096553802490234 41
1756065806775 27.24342155456543 42
1756065806808 30.73934555053711 43
1756065806837 23.258501052856445 44
1756065806869 24.537050247192383 45
1756065806902 30.389610290527344 46
1756065806934 30.454273223876953 47
1756065806967 28.421430587768555 48
1756065806998 30.952762603759766 49
1756065807029 27.37179183959961 50
1756065807060 28.937274932861328 51
1756065807091 26.798030853271484 52
1756065807123 25.587984085083008 53
1756065807156 25.141040802001953 54
1756065807187 26.690502166748047 55
1756065807216 26.252349853515625 56
1756065807247 26.029603958129883 57
1756065807279 31.731420516967773 58
1756065807309 26.772979736328125 59
1756065807339 25.496458053588867 60
1756065807369 26.26759147644043 61
1756065807401 26.8454532623291 62
1756065807433 28.542783737182617 63
1756065807465 27.16008186340332 64
1756065807497 24.984317779541016 65
1756065807528 25.90057945251465 66
1756065807560 24.601343154907227 67
1756065807591 24.829448699951172 68
1756065807624 26.214752197265625 69
1756065807657 24.63027000427246 70
1756065807687 27.685665130615234 71
1756065807719 28.711660385131836 72
1756065807753 28.82179832458496 73
1756065807782 29.98045539855957 74
1756065807812 23.56584358215332 75
1756065807844 26.964340209960938 76
1756065807876 28.950878143310547 77
1756065807908 29.215410232543945 78
1756065807941 26.243837356567383 79
1756065807973 27.997045516967773 80
1756065808006 27.510337829589844 81
1756065808036 25.301605224609375 82
1756065808065 30.482709884643555 83
1756065808093 23.18087387084961 84
1756065808122 30.85831069946289 85
1756065808150 27.69198226928711 86
1756065808178 21.816497802734375 87
1756065808207 26.4045352935791 88
1756065808236 25.72378921508789 89
1756065808267 26.453838348388672 90
1756065808297 24.103824615478516 91
1756065808330 28.052114486694336 92
1756065808363 29.95292091369629 93
1756065808396 27.20354461669922 94
1756065808425 26.347412109375 95
1756065808457 25.591371536254883 96
1756065808490 29.2998046875 97
1756065808522 27.891815185546875 98
1756065808554 26.24764633178711 99
1756065808584 24.514564514160156 100
1756065808612 27.80189323425293 101
1756065808640 27.17179298400879 102
1756065808668 26.54745101928711 103
1756065808696 23.422645568847656 104
1756065808725 25.30424690246582 105
1756065808755 27.890718460083008 106
1756065808785 25.367610931396484 107
1756065808814 25.35435676574707 108
1756065808844 27.6971435546875 109
1756065808873 28.62318992614746 110
1756065808902 31.131948471069336 111
1756065808932 27.57144546508789 112
1756065808962 29.337993621826172 113
1756065808994 22.340614318847656 114
1756065809026 26.181779861450195 115
1756065809056 25.4706974029541 116
1756065809085 26.8525390625 117
1756065809114 23.40931510925293 118
1756065809142 28.1794376373291 119
1756065809172 29.384580612182617 120
1756065809200 27.179828643798828 121
1756065809229 26.90648078918457 122
1756065809258 27.6812744140625 123
1756065809287 25.8042049407959 124
1756065809316 24.472251892089844 125
1756065809345 27.08935546875 126
1756065809374 27.92247200012207 127
1756065809402 27.606298446655273 128
1756065809432 25.838510513305664 129
1756065809461 26.806415557861328 130
1756065809489 25.947547912597656 131
1756065809518 29.1946964263916 132
1756065809549 29.057085037231445 133
1756065809577 27.11396026611328 134
1756065809606 26.06711769104004 135
1756065809636 23.03559684753418 136
1756065809667 27.300086975097656 137
1756065809701 27.639068603515625 138
1756065809736 25.591333389282227 139
1756065809766 22.92997932434082 140
1756065809795 30.69489860534668 141
1756065809824 26.985933303833008 142
1756065809853 25.335201263427734 143
1756065809884 24.439138412475586 144
1756065809915 28.368173599243164 145
1756065809945 28.38743782043457 146
1756065809976 26.307109832763672 147
1756065810007 26.124746322631836 148
1756065810038 29.00123405456543 149
1756065810069 28.715328216552734 150
1756065810101 25.128463745117188 151
1756065810135 22.293659210205078 152
1756065810167 26.60109519958496 153
1756065810197 28.47490692138672 154
1756065810229 24.26172637939453 155
1756065810262 31.95745086669922 156
1756065810294 27.478134155273438 157
1756065810323 26.578432083129883 158
1756065810352 25.691802978515625 159
1756065810380 26.501420974731445 160
1756065810408 25.854724884033203 161
1756065810436 31.2828311920166 162
1756065810464 26.961820602416992 163
1756065810493 24.004892349243164 164
1756065810522 27.29426383972168 165
1756065810551 26.7302188873291 166
1756065810580 26.68448257446289 167
1756065810609 26.168195724487305 168
1756065810638 25.511371612548828 169
1756065810667 22.736162185668945 170
1756065810695 24.21763801574707 171
1756065810725 25.104915618896484 172
1756065810757 25.62296485900879 173
1756065810790 27.92464828491211 174
1756065810822 28.61507225036621 175
1756065810854 24.707788467407227 176
1756065810886 28.742271423339844 177
1756065810916 24.96863555908203 178
1756065810944 24.128381729125977 179
1756065810976 23.060245513916016 180
1756065811007 26.85468864440918 181
1756065811037 25.821260452270508 182
1756065811069 22.501605987548828 183
1756065811101 26.134674072265625 184
1756065811134 26.981630325317383 185
1756065811167 21.35111427307129 186
1756065811198 27.33310890197754 187
1756065811230 25.31467628479004 188
1756065811259 23.961999893188477 189
1756065811290 29.512226104736328 190
1756065811321 27.6036319732666 191
1756065811354 25.695234298706055 192
1756065811387 29.167573928833008 193
1756065811417 25.368860244750977 194
1756065811448 27.081933975219727 195
1756065811481 29.022701263427734 196
1756065811514 28.005321502685547 197
1756065811546 25.58237648010254 198
1756065811579 24.15618133544922 199
1756065811612 28.9940128326416 200
1756065811645 27.544097900390625 201
1756065811678 27.895503997802734 202
1756065811711 29.84959602355957 203
1756065811741 25.591299057006836 204
1756065811771 27.768911361694336 205
1756065811803 23.423492431640625 206
1756065811836 24.992807388305664 207
1756065811868 25.61501121520996 208
1756065811901 31.347684860229492 209
1756065811935 27.232540130615234 210
1756065811969 24.3565673828125 211
1756065812001 28.045610427856445 212
1756065812033 26.130613327026367 213
1756065812067 27.891658782958984 214
1756065812100 26.921493530273438 215
1756065812134 26.66596221923828 216
1756065812164 25.329681396484375 217
1756065812195 24.166765213012695 218
1756065812227 21.093252182006836 219
1756065812260 29.826366424560547 220
1756065812292 26.055387496948242 221
1756065812325 25.93695068359375 222
1756065812357 26.955738067626953 223
1756065812389 23.832870483398438 224
1756065812423 26.87571144104004 225
1756065812455 27.23772430419922 226
1756065812487 27.24742317199707 227
1756065812519 24.866920471191406 228
1756065812554 27.94895362854004 229
1756065812586 24.05944061279297 230
1756065812615 24.149728775024414 231
1756065812647 25.323970794677734 232
1756065812677 26.122310638427734 233
1756065812706 26.373306274414062 234
1756065812734 28.392513275146484 235
1756065812763 26.70989227294922 236
1756065812791 29.61268424987793 237
1756065812820 28.503950119018555 238
1756065812851 27.325551986694336 239
1756065812884 27.660917282104492 240
1756065812917 25.17812156677246 241
1756065812947 25.956933975219727 242
1756065812976 22.82769775390625 243
1756065813004 23.6378173828125 244
1756065813035 24.870168685913086 245
1756065813067 28.26248550415039 246
1756065813100 25.814420700073242 247
1756065813133 26.6708927154541 248
1756065813164 25.026294708251953 249
1756065813193 26.8669490814209 250
1756065813222 27.352909088134766 251
1756065813250 29.411895751953125 252
1756065813279 29.13874626159668 253
1756065813307 29.552730560302734 254
1756065813339 28.044429779052734 255
1756065813369 26.890073776245117 256
1756065813398 23.969331741333008 257
1756065813426 23.37473487854004 258
1756065813455 26.016544342041016 259
1756065813488 23.721586227416992 260
1756065813521 27.733692169189453 261
1756065813549 23.84495735168457 262
1756065813578 29.2111873626709 263
1756065813607 27.92252540588379 264
1756065813636 26.509965896606445 265
1756065813665 26.038652420043945 266
1756065813693 27.450342178344727 267
1756065813727 28.201141357421875 268
1756065813760 27.44028663635254 269
1756065813791 25.35251808166504 270
1756065813820 27.145381927490234 271
1756065813849 27.588003158569336 272
1756065813877 24.192651748657227 273
1756065813906 28.538291931152344 274
1756065813935 24.01034164428711 275
1756065813963 22.520526885986328 276
1756065813993 24.471446990966797 277
1756065814022 21.911632537841797 278
1756065814051 29.895156860351562 279
1756065814080 26.617578506469727 280
1756065814109 26.039443969726562 281
1756065814137 31.074033737182617 282
1756065814166 29.062227249145508 283
1756065814195 27.365692138671875 284
1756065814224 24.960805892944336 285
1756065814256 23.644054412841797 286
1756065814288 26.01720428466797 287
1756065814320 29.3526668548584 288
1756065814351 27.64891242980957 289
1756065814382 26.427772521972656 290
1756065814417 27.03470802307129 291
1756065814449 26.6970272064209 292
1756065814480 25.321842193603516 293
1756065814512 27.891674041748047 294
1756065814544 24.568580627441406 295
1756065814576 26.052724838256836 296
1756065814607 26.569366455078125 297
1756065814639 26.785512924194336 298
1756065814670 26.68009376525879 299
1756065822767 49.94389343261719 0
1756065822798 49.81220626831055 1
1756065822832 49.518253326416016 2
1756065822863 49.599056243896484 3
1756065822894 49.582916259765625 4
1756065822923 49.59428405761719 5
1756065822951 49.42219161987305 6
1756065822980 48.84541320800781 7
1756065823009 49.05643844604492 8
1756065823038 48.47660446166992 9
1756065823067 48.3276252746582 10
1756065823095 48.15635299682617 11
1756065823124 47.8077392578125 12
1756065823153 47.9645881652832 13
1756065823182 47.452484130859375 14
1756065823210 47.547515869140625 15
1756065823239 46.49949264526367 16
1756065823268 46.61639404296875 17
1756065823298 45.66011047363281 18
1756065823327 45.29010772705078 19
1756065823356 43.83772659301758 20
1756065823384 43.630306243896484 21
1756065823415 42.94557189941406 22
1756065823447 42.91850280761719 23
1756065823478 41.335689544677734 24
1756065823510 41.204532623291016 25
1756065823541 40.14921951293945 26
1756065823572 39.46855163574219 27
1756065823604 39.77263259887695 28
1756065823635 36.43828201293945 29
1756065823666 35.88884353637695 30
1756065823698 33.91767883300781 31
1756065823729 34.8590087890625 32
1756065823761 32.96176528930664 33
1756065823793 32.911155700683594 34
1756065823824 30.35065269470215 35
1756065823857 30.528152465820312 36
1756065823889 28.222707748413086 37
1756065823920 33.475887298583984 38
1756065823951 28.357463836669922 39
1756065823983 31.42396354675293 40
1756065824014 29.5200138092041 41
1756065824045 26.38221549987793 42
1756065824076 28.591169357299805 43
1756065824107 28.822917938232422 44
1756065824138 31.775245666503906 45
1756065824169 31.942928314208984 46
1756065824200 30.572877883911133 47
1756065824232 31.516822814941406 48
1756065824261 26.294130325317383 49
1756065824293 27.44512176513672 50
1756065824325 28.161558151245117 51
1756065824354 27.735666275024414 52
1756065824387 30.573850631713867 53
1756065824419 27.444135665893555 54
1756065824450 26.220396041870117 55
1756065824481 27.472938537597656 56
1756065824512 26.939945220947266 57
1756065824541 27.99132537841797 58
1756065824569 26.821672439575195 59
1756065824598 30.93979263305664 60
1756065824626 25.88518714904785 61
1756065824656 26.812265396118164 62
1756065824684 30.16534996032715 63
1756065824714 26.19258689880371 64
1756065824744 26.518266677856445 65
1756065824778 27.221508026123047 66
1756065824813 31.12567901611328 67
1756065824848 31.27532958984375 68
1756065824883 24.87721061706543 69
1756065824918 24.811885833740234 70
1756065824954 24.28851318359375 71
1756065824988 27.685029983520508 72
1756065825023 26.787721633911133 73
1756065825057 26.733131408691406 74
1756065825092 30.413646697998047 75
1756065825127 28.259929656982422 76
1756065825162 25.37145233154297 77
1756065825195 25.146854400634766 78
1756065825228 27.699100494384766 79
1756065825261 23.34067153930664 80
1756065825293 24.281076431274414 81
1756065825325 27.735496520996094 82
1756065825358 26.133501052856445 83
1756065825390 23.39507293701172 84
1756065825422 27.140094757080078 85
1756065825452 27.09019660949707 86
1756065825485 24.057903289794922 87
1756065825514 27.782560348510742 88
1756065825543 24.688669204711914 89
1756065825572 29.320201873779297 90
1756065825600 25.511455535888672 91
1756065825633 27.89202880859375 92
1756065825661 27.001747131347656 93
1756065825692 27.05706787109375 94
1756065825725 28.54446792602539 95
1756065825757 26.488771438598633 96
1756065825789 23.27758026123047 97
1756065825821 25.50999641418457 98
1756065825851 24.398988723754883 99
1756065825879 25.69939613342285 100
1756065825908 24.78507423400879 101
1756065825940 29.139211654663086 102
1756065825973 30.213781356811523 103
1756065826009 30.269357681274414 104
1756065826045 24.824277877807617 105
1756065826077 26.896881103515625 106
1756065826107 24.46085548400879 107
1756065826135 25.772083282470703 108
1756065826165 28.430419921875 109
1756065826198 22.851633071899414 110
1756065826228 26.599824905395508 111
1756065826257 25.538856506347656 112
1756065826287 29.960988998413086 113
1756065826319 23.97305679321289 114
1756065826353 23.831443786621094 115
1756065826385 21.091463088989258 116
1756065826416 22.079988479614258 117
1756065826450 27.89420509338379 118
1756065826483 25.575769424438477 119
1756065826517 24.865577697753906 120
1756065826549 28.00296401977539 121
1756065826582 22.76045036315918 122
1756065826612 25.616304397583008 123
1756065826644 26.316980361938477 124
1756065826679 24.834278106689453 125
1756065826708 26.596920013427734 126
1756065826737 25.928049087524414 127
1756065826765 26.100196838378906 128
1756065826795 25.698392868041992 129
1756065826827 27.316730499267578 130
1756065826861 28.326190948486328 131
1756065826894 27.530393600463867 132
1756065826929 24.106477737426758 133
1756065826960 27.552122116088867 134
1756065826993 29.20660972595215 135
1756065827023 25.756616592407227 136
1756065827054 24.584884643554688 137
1756065827084 25.103370666503906 138
1756065827116 29.06972312927246 139
1756065827146 27.501996994018555 140
1756065827178 22.750295639038086 141
1756065827208 24.505451202392578 142
1756065827240 24.53122329711914 143
1756065827272 25.779767990112305 144
1756065827304 26.687084197998047 145
1756065827335 27.155292510986328 146
1756065827367 25.444286346435547 147
1756065827399 27.08776092529297 148
1756065827430 26.029743194580078 149
1756065827462 25.448333740234375 150
1756065827495 29.629911422729492 151
1756065827527 22.80636978149414 152
1756065827560 24.60610008239746 153
1756065827591 26.8356990814209 154
1756065827623 22.487947463989258 155
1756065827655 26.689424514770508 156
1756065827686 25.4276180267334 157
1756065827718 22.695201873779297 158
1756065827749 25.563676834106445 159
1756065827781 26.556344985961914 160
1756065827813 28.84442901611328 161
1756065827844 20.883346557617188 162
1756065827876 24.458580017089844 163
1756065827907 26.061790466308594 164
1756065827938 23.80409049987793 165
1756065827970 29.575592041015625 166
1756065828002 22.536865234375 167
1756065828035 27.179410934448242 168
1756065828066 27.328834533691406 169
1756065828095 25.787586212158203 170
1756065828125 23.183006286621094 171
1756065828154 24.503921508789062 172
1756065828183 21.747894287109375 173
1756065828212 25.280872344970703 174
1756065828241 25.679336547851562 175
1756065828270 28.709606170654297 176
1756065828299 25.020353317260742 177
1756065828328 23.458415985107422 178
1756065828357 25.314022064208984 179
1756065828386 23.952739715576172 180
1756065828415 24.902956008911133 181
1756065828449 23.513568878173828 182
1756065828483 24.802688598632812 183
1756065828515 26.496688842773438 184
1756065828543 27.282556533813477 185
1756065828572 22.354019165039062 186
1756065828601 22.02025032043457 187
1756065828629 25.203866958618164 188
1756065828658 23.601314544677734 189
1756065828687 25.04559326171875 190
1756065828720 24.32508659362793 191
1756065828752 24.775753021240234 192
1756065828784 26.124013900756836 193
1756065828812 26.513317108154297 194
1756065828842 25.062360763549805 195
1756065828873 23.37184715270996 196
1756065828905 23.9440975189209 197
1756065828937 26.058473587036133 198
1756065828970 25.494869232177734 199
1756065829003 24.67477798461914 200
1756065829036 28.47044563293457 201
1756065829067 22.318523406982422 202
1756065829099 27.744230270385742 203
1756065829132 21.17983055114746 204
1756065829166 24.874704360961914 205
1756065829198 26.0643367767334 206
1756065829231 26.10704231262207 207
1756065829264 24.595483779907227 208
1756065829298 26.41202163696289 209
1756065829331 24.497920989990234 210
1756065829363 26.457199096679688 211
1756065829392 23.484010696411133 212
1756065829422 25.346872329711914 213
1756065829451 23.626691818237305 214
1756065829483 26.50428581237793 215
1756065829512 26.997907638549805 216
1756065829542 26.454822540283203 217
1756065829571 26.78033447265625 218
1756065829600 24.38629150390625 219
1756065829629 22.47640037536621 220
1756065829658 28.128950119018555 221
1756065829687 25.914979934692383 222
1756065829717 22.4693546295166 223
1756065829750 24.36534881591797 224
1756065829780 25.105770111083984 225
1756065829809 24.402297973632812 226
1756065829838 22.34144401550293 227
1756065829867 25.794963836669922 228
1756065829896 25.868074417114258 229
1756065829925 25.893583297729492 230
1756065829959 24.117042541503906 231
1756065829993 24.543489456176758 232
1756065830023 26.869035720825195 233
1756065830052 24.92002296447754 234
1756065830082 24.400779724121094 235
1756065830111 30.303791046142578 236
1756065830140 27.086027145385742 237
1756065830170 23.7685489654541 238
1756065830199 23.29530906677246 239
1756065830230 27.04793357849121 240
1756065830265 24.584918975830078 241
1756065830300 26.629070281982422 242
1756065830342 24.651376724243164 243
1756065830387 25.00672149658203 244
1756065830431 20.30345344543457 245
1756065830471 24.13197898864746 246
1756065830509 18.789127349853516 247
1756065830539 23.378698348999023 248
1756065830567 27.49266242980957 249
1756065830596 24.5621280670166 250
1756065830624 27.04941177368164 251
1756065830653 25.37822151184082 252
1756065830682 23.750568389892578 253
1756065830714 27.001949310302734 254
1756065830747 26.439273834228516 255
1756065830775 25.20362663269043 256
1756065830807 22.777185440063477 257
1756065830840 24.22781753540039 258
1756065830872 25.832902908325195 259
1756065830900 25.76605987548828 260
1756065830928 24.955476760864258 261
1756065830956 24.109346389770508 262
1756065830985 26.084869384765625 263
1756065831013 22.517559051513672 264
1756065831042 24.275793075561523 265
1756065831071 28.666791915893555 266
1756065831105 25.84774398803711 267
1756065831138 27.64415740966797 268
1756065831171 24.223560333251953 269
1756065831204 21.68305206298828 270
1756065831237 24.54942512512207 271
1756065831266 20.49648666381836 272
1756065831295 23.184812545776367 273
1756065831323 23.932334899902344 274
1756065831355 27.11634063720703 275
1756065831388 22.749250411987305 276
1756065831418 23.660764694213867 277
1756065831448 23.9068546295166 278
1756065831477 23.129383087158203 279
1756065831507 23.132219314575195 280
1756065831536 21.346847534179688 281
1756065831565 25.770597457885742 282
1756065831594 27.797109603881836 283
1756065831622 23.249309539794922 284
1756065831652 21.7041072845459 285
1756065831681 22.806903839111328 286
1756065831714 26.081111907958984 287
1756065831744 22.416006088256836 288
1756065831773 22.215835571289062 289
1756065831802 28.543121337890625 290
1756065831831 26.997386932373047 291
1756065831860 25.784439086914062 292
1756065831896 26.279945373535156 293
1756065831932 28.189008712768555 294
1756065831967 26.607952117919922 295
1756065832001 24.876359939575195 296
1756065832035 28.610872268676758 297
1756065832069 21.950428009033203 298
1756065832103 22.510530471801758 299
1756065840218 48.68486404418945 0
1756065840250 48.6355094909668 1
1756065840285 48.51019287109375 2
1756065840321 48.35903549194336 3
1756065840356 48.23733901977539 4
1756065840385 48.26388931274414 5
1756065840416 47.96725082397461 6
1756065840447 47.67771530151367 7
1756065840476 47.6846923828125 8
1756065840505 47.388023376464844 9
1756065840534 46.72767639160156 10
1756065840563 47.03864288330078 11
1756065840591 46.540069580078125 12
1756065840619 46.34580612182617 13
1756065840648 45.07652282714844 14
1756065840677 45.541316986083984 15
1756065840705 45.049407958984375 16
1756065840735 44.39837646484375 17
1756065840767 44.178192138671875 18
1756065840799 43.12803649902344 19
1756065840830 42.23949432373047 20
1756065840863 42.23328399658203 21
1756065840895 39.93546676635742 22
1756065840924 39.458797454833984 23
1756065840952 40.817447662353516 24
1756065840984 38.786949157714844 25
1756065841017 37.18833923339844 26
1756065841047 36.08493423461914 27
1756065841077 32.65520477294922 28
1756065841106 32.37140655517578 29
1756065841134 33.48932647705078 30
1756065841163 29.131044387817383 31
1756065841195 31.519439697265625 32
1756065841227 27.692270278930664 33
1756065841256 28.058853149414062 34
1756065841285 30.477617263793945 35
1756065841314 29.739849090576172 36
1756065841344 32.20357131958008 37
1756065841374 26.68244743347168 38
1756065841403 33.48640823364258 39
1756065841432 28.188169479370117 40
1756065841462 28.079771041870117 41
1756065841491 29.86478614807129 42
1756065841520 24.50795555114746 43
1756065841550 26.114517211914062 44
1756065841580 29.16897964477539 45
1756065841612 28.57853889465332 46
1756065841645 30.923919677734375 47
1756065841678 30.255878448486328 48
1756065841710 27.261669158935547 49
1756065841742 27.193784713745117 50
1756065841775 27.075483322143555 51
1756065841808 26.9033145904541 52
1756065841840 27.601377487182617 53
1756065841871 28.493452072143555 54
1756065841903 27.845365524291992 55
1756065841935 28.273944854736328 56
1756065841968 31.038042068481445 57
1756065842000 28.19618034362793 58
1756065842031 27.189668655395508 59
1756065842059 30.981996536254883 60
1756065842087 28.704288482666016 61
1756065842115 24.854061126708984 62
1756065842143 28.10335922241211 63
1756065842171 29.149288177490234 64
1756065842199 29.85557746887207 65
1756065842227 27.79315948486328 66
1756065842254 26.53533172607422 67
1756065842283 24.433547973632812 68
1756065842311 30.77298927307129 69
1756065842340 25.808815002441406 70
1756065842370 27.33787727355957 71
1756065842399 26.54133415222168 72
1756065842428 22.71388053894043 73
1756065842457 25.89305877685547 74
1756065842487 28.431217193603516 75
1756065842518 25.98206901550293 76
1756065842551 26.919790267944336 77
1756065842580 25.691730499267578 78
1756065842611 27.13478660583496 79
1756065842645 27.600175857543945 80
1756065842678 24.895233154296875 81
1756065842711 21.67512321472168 82
1756065842740 23.903898239135742 83
1756065842768 28.71820831298828 84
1756065842797 27.280893325805664 85
1756065842826 24.421310424804688 86
1756065842855 28.706806182861328 87
1756065842885 26.10991668701172 88
1756065842915 25.594118118286133 89
1756065842944 26.566312789916992 90
1756065842973 27.875194549560547 91
1756065843006 25.29945182800293 92
1756065843036 25.558481216430664 93
1756065843065 23.196876525878906 94
1756065843095 26.501659393310547 95
1756065843127 24.319812774658203 96
1756065843160 26.602508544921875 97
1756065843193 27.247039794921875 98
1756065843224 25.077661514282227 99
1756065843253 27.3855037689209 100
1756065843284 25.530696868896484 101
1756065843317 26.3209285736084 102
1756065843350 25.99287986755371 103
1756065843383 25.171159744262695 104
1756065843415 26.937061309814453 105
1756065843447 24.397127151489258 106
1756065843479 24.561748504638672 107
1756065843509 29.92573356628418 108
1756065843540 28.149911880493164 109
1756065843574 27.11237907409668 110
1756065843603 25.392335891723633 111
1756065843632 29.076717376708984 112
1756065843661 28.038082122802734 113
1756065843690 26.026079177856445 114
1756065843718 30.039081573486328 115
1756065843749 23.089643478393555 116
1756065843778 21.788637161254883 117
1756065843807 26.945716857910156 118
1756065843835 28.631166458129883 119
1756065843864 22.238866806030273 120
1756065843896 22.121309280395508 121
1756065843929 28.433868408203125 122
1756065843958 25.908109664916992 123
1756065843989 22.774646759033203 124
1756065844019 23.461023330688477 125
1756065844048 21.866601943969727 126
1756065844079 24.254085540771484 127
1756065844108 21.987369537353516 128
1756065844138 26.392139434814453 129
1756065844169 26.354549407958984 130
1756065844201 28.330982208251953 131
1756065844234 29.239702224731445 132
1756065844266 24.774322509765625 133
1756065844298 26.015127182006836 134
1756065844327 28.763198852539062 135
1756065844357 30.232593536376953 136
1756065844389 24.936063766479492 137
1756065844422 28.372615814208984 138
1756065844455 27.536088943481445 139
1756065844486 26.589496612548828 140
1756065844515 25.341781616210938 141
1756065844544 26.617578506469727 142
1756065844573 30.45747184753418 143
1756065844602 26.70424461364746 144
1756065844631 25.349000930786133 145
1756065844663 25.673465728759766 146
1756065844695 24.986610412597656 147
1756065844725 25.81809425354004 148
1756065844755 27.651670455932617 149
1756065844787 23.53498077392578 150
1756065844817 26.994293212890625 151
1756065844846 22.280488967895508 152
1756065844878 25.578989028930664 153
1756065844910 22.99544906616211 154
1756065844941 25.795888900756836 155
1756065844974 27.168794631958008 156
1756065845007 24.43840789794922 157
1756065845039 25.874788284301758 158
1756065845069 23.370464324951172 159
1756065845101 26.665477752685547 160
1756065845131 25.493255615234375 161
1756065845163 28.10672950744629 162
1756065845193 28.896034240722656 163
1756065845221 24.065269470214844 164
1756065845250 24.989139556884766 165
1756065845279 22.77118492126465 166
1756065845309 24.884572982788086 167
1756065845338 28.035106658935547 168
1756065845370 26.12520408630371 169
1756065845402 24.20638656616211 170
1756065845431 28.79330062866211 171
1756065845460 25.252534866333008 172
1756065845489 26.003355026245117 173
1756065845518 25.231182098388672 174
1756065845548 25.180606842041016 175
1756065845576 29.053926467895508 176
1756065845606 26.676494598388672 177
1756065845634 25.23200035095215 178
1756065845666 25.57210350036621 179
1756065845698 26.186058044433594 180
1756065845729 26.180522918701172 181
1756065845760 28.20993995666504 182
1756065845792 25.729595184326172 183
1756065845824 21.144229888916016 184
1756065845859 25.920249938964844 185
1756065845892 20.474332809448242 186
1756065845921 24.223005294799805 187
1756065845950 24.248281478881836 188
1756065845985 23.57412338256836 189
1756065846018 26.381864547729492 190
1756065846046 26.273258209228516 191
1756065846076 23.832874298095703 192
1756065846108 25.39989471435547 193
1756065846138 26.50221824645996 194
1756065846167 24.055376052856445 195
1756065846201 26.967132568359375 196
1756065846233 24.677791595458984 197
1756065846266 23.91202735900879 198
1756065846296 22.87324333190918 199
1756065846325 25.320899963378906 200
1756065846353 19.87681770324707 201
1756065846382 24.87215232849121 202
1756065846411 25.83848762512207 203
1756065846440 25.364643096923828 204
1756065846470 25.02134132385254 205
1756065846499 27.51171875 206
1756065846529 23.93448829650879 207
1756065846558 26.613143920898438 208
1756065846587 25.275142669677734 209
1756065846616 25.546417236328125 210
1756065846645 21.83115577697754 211
1756065846675 22.520999908447266 212
1756065846705 26.471527099609375 213
1756065846736 25.43198585510254 214
1756065846766 24.400367736816406 215
1756065846796 24.42469024658203 216
1756065846825 21.90120506286621 217
1756065846854 26.541656494140625 218
1756065846883 27.18620491027832 219
1756065846912 24.386322021484375 220
1756065846941 23.699703216552734 221
1756065846975 24.589725494384766 222
1756065847008 23.479660034179688 223
1756065847038 27.677152633666992 224
1756065847070 21.517841339111328 225
1756065847103 23.947669982910156 226
1756065847136 24.537015914916992 227
1756065847165 30.370283126831055 228
1756065847194 25.959653854370117 229
1756065847223 24.086566925048828 230
1756065847252 23.480649948120117 231
1756065847280 25.454065322875977 232
1756065847310 25.968143463134766 233
1756065847339 25.069351196289062 234
1756065847370 26.223003387451172 235
1756065847400 20.384668350219727 236
1756065847429 25.961978912353516 237
1756065847458 18.52815818786621 238
1756065847487 24.487548828125 239
1756065847521 24.844392776489258 240
1756065847552 30.72138214111328 241
1756065847582 26.95931625366211 242
1756065847615 27.096508026123047 243
1756065847643 24.46842384338379 244
1756065847674 28.21554183959961 245
1756065847707 28.22551155090332 246
1756065847738 26.040084838867188 247
1756065847767 25.982194900512695 248
1756065847795 23.057348251342773 249
1756065847824 27.78043556213379 250
1756065847857 23.143566131591797 251
1756065847891 23.78338623046875 252
1756065847923 22.834915161132812 253
1756065847958 27.28380012512207 254
1756065847987 25.062715530395508 255
1756065848018 26.953651428222656 256
1756065848051 23.072160720825195 257
1756065848083 28.63814353942871 258
1756065848117 22.086353302001953 259
1756065848154 27.899526596069336 260
1756065848189 27.887548446655273 261
1756065848224 25.739805221557617 262
1756065848259 24.238494873046875 263
1756065848294 25.937644958496094 264
1756065848329 25.524044036865234 265
1756065848364 26.37139129638672 266
1756065848394 27.51468276977539 267
1756065848422 28.0111141204834 268
1756065848452 27.996337890625 269
1756065848481 29.200395584106445 270
1756065848514 26.551782608032227 271
1756065848546 26.602636337280273 272
1756065848578 28.237323760986328 273
1756065848609 23.81963348388672 274
1756065848641 24.544349670410156 275
1756065848673 23.871923446655273 276
1756065848705 22.58881378173828 277
1756065848737 22.84088897705078 278
1756065848768 24.04792594909668 279
1756065848800 23.875362396240234 280
1756065848831 27.57334327697754 281
1756065848863 26.20775032043457 282
1756065848896 26.03685760498047 283
1756065848929 24.95426368713379 284
1756065848961 22.651138305664062 285
1756065848993 27.997251510620117 286
1756065849026 27.115962982177734 287
1756065849057 22.326269149780273 288
1756065849090 26.5870361328125 289
1756065849122 24.383384704589844 290
1756065849155 25.47609519958496 291
1756065849187 24.204166412353516 292
1756065849219 25.59520149230957 293
1756065849251 27.394994735717773 294
1756065849284 28.722637176513672 295
1756065849318 21.431474685668945 296
1756065849351 25.215938568115234 297
1756065849384 26.431997299194336 298
1756065849417 25.556550979614258 299
1756065857536 49.92496109008789 0
1756065857570 49.85307693481445 1
1756065857602 49.6084098815918 2
1756065857636 49.59215545654297 3
1756065857674 49.515625 4
1756065857707 49.353973388671875 5
1756065857741 49.2032356262207 6
1756065857774 48.86216354370117 7
1756065857805 48.78841781616211 8
1756065857837 48.49903106689453 9
1756065857869 48.5377082824707 10
1756065857902 48.66427230834961 11
1756065857933 48.263912200927734 12
1756065857965 48.106021881103516 13
1756065857999 46.99578857421875 14
1756065858030 46.68588638305664 15
1756065858066 46.80858612060547 16
1756065858099 45.61212158203125 17
1756065858132 45.82312774658203 18
1756065858166 45.466400146484375 19
1756065858199 44.5303955078125 20
1756065858232 41.62971115112305 21
1756065858265 43.403587341308594 22
1756065858295 43.028594970703125 23
1756065858327 41.22385025024414 24
1756065858358 41.00592041015625 25
1756065858390 38.27154541015625 26
1756065858419 37.040245056152344 27
1756065858448 38.71502685546875 28
1756065858476 35.45771789550781 29
1756065858505 36.917789459228516 30
1756065858533 32.52543258666992 31
1756065858566 30.67029571533203 32
1756065858598 30.513103485107422 33
1756065858631 30.191017150878906 34
1756065858664 27.74920654296875 35
1756065858697 31.385215759277344 36
1756065858730 27.733715057373047 37
1756065858765 28.16598129272461 38
1756065858800 31.569856643676758 39
1756065858834 24.54686737060547 40
1756065858868 28.245744705200195 41
1756065858903 25.32904052734375 42
1756065858936 25.341388702392578 43
1756065858968 23.54071807861328 44
1756065859001 24.839221954345703 45
1756065859030 24.177099227905273 46
1756065859058 25.95810890197754 47
1756065859087 24.306983947753906 48
1756065859116 26.53016471862793 49
1756065859147 23.28531837463379 50
1756065859176 31.84931182861328 51
1756065859208 27.618576049804688 52
1756065859241 25.278202056884766 53
1756065859274 25.966646194458008 54
1756065859307 25.855928421020508 55
1756065859337 23.079317092895508 56
1756065859366 29.787765502929688 57
1756065859396 25.984018325805664 58
1756065859429 24.27055549621582 59
1756065859462 24.64891242980957 60
1756065859496 23.597360610961914 61
1756065859528 26.23909568786621 62
1756065859559 22.75450897216797 63
1756065859589 24.339265823364258 64
1756065859618 27.59939956665039 65
1756065859647 28.375320434570312 66
1756065859675 26.588171005249023 67
1756065859703 24.95887565612793 68
1756065859732 28.991426467895508 69
1756065859760 24.84159278869629 70
1756065859790 25.861736297607422 71
1756065859819 25.232280731201172 72
1756065859851 24.166215896606445 73
1756065859884 25.578046798706055 74
1756065859914 25.87371826171875 75
1756065859944 23.082237243652344 76
1756065859974 28.800790786743164 77
1756065860006 25.331151962280273 78
1756065860034 23.300310134887695 79
1756065860065 22.104812622070312 80
1756065860095 26.728477478027344 81
1756065860126 20.391357421875 82
1756065860159 24.16377067565918 83
1756065860193 27.909873962402344 84
1756065860224 22.704782485961914 85
1756065860253 22.66473388671875 86
1756065860281 26.25882339477539 87
1756065860311 21.641916275024414 88
1756065860340 24.6108341217041 89
1756065860369 26.784812927246094 90
1756065860398 24.31188201904297 91
1756065860428 24.647266387939453 92
1756065860458 26.2590389251709 93
1756065860487 27.559715270996094 94
1756065860517 20.80634117126465 95
1756065860545 22.504552841186523 96
1756065860574 26.413755416870117 97
1756065860604 26.238008499145508 98
1756065860633 23.72311019897461 99
1756065860662 25.7835636138916 100
1756065860691 22.343124389648438 101
1756065860720 25.799436569213867 102
1756065860748 24.199045181274414 103
1756065860777 24.699451446533203 104
1756065860806 26.210044860839844 105
1756065860835 24.63689422607422 106
1756065860864 21.356678009033203 107
1756065860893 27.224145889282227 108
1756065860922 25.472787857055664 109
1756065860951 22.67999839782715 110
1756065860980 25.8369083404541 111
1756065861009 25.386018753051758 112
1756065861042 25.21063995361328 113
1756065861076 25.600522994995117 114
1756065861109 24.301740646362305 115
1756065861142 24.664627075195312 116
1756065861174 22.293006896972656 117
1756065861206 23.877262115478516 118
1756065861238 22.47606658935547 119
1756065861270 23.538475036621094 120
1756065861302 23.796762466430664 121
1756065861335 24.3319034576416 122
1756065861367 28.6091251373291 123
1756065861400 24.149845123291016 124
1756065861432 21.132678985595703 125
1756065861464 25.593595504760742 126
1756065861496 25.690555572509766 127
1756065861529 21.554018020629883 128
1756065861562 24.204252243041992 129
1756065861595 27.620849609375 130
1756065861624 28.76502799987793 131
1756065861656 24.389827728271484 132
1756065861686 26.342092514038086 133
1756065861718 24.772157669067383 134
1756065861750 23.389896392822266 135
1756065861783 23.68466567993164 136
1756065861816 26.95450782775879 137
1756065861847 25.362215042114258 138
1756065861877 25.925823211669922 139
1756065861911 23.112199783325195 140
1756065861947 25.459150314331055 141
1756065861981 22.470060348510742 142
1756065862011 21.069499969482422 143
1756065862044 24.45541763305664 144
1756065862077 27.069456100463867 145
1756065862109 24.329631805419922 146
1756065862140 24.317058563232422 147
1756065862172 24.299320220947266 148
1756065862203 27.930194854736328 149
1756065862235 24.732322692871094 150
1756065862267 24.583066940307617 151
1756065862299 29.142946243286133 152
1756065862330 25.8404598236084 153
1756065862361 19.882038116455078 154
1756065862393 22.865991592407227 155
1756065862425 23.459293365478516 156
1756065862456 23.89325523376465 157
1756065862488 22.67241859436035 158
1756065862520 30.663022994995117 159
1756065862551 24.80548667907715 160
1756065862583 23.376188278198242 161
1756065862614 27.201353073120117 162
1756065862645 24.565256118774414 163
1756065862676 25.991945266723633 164
1756065862707 23.73628044128418 165
1756065862738 23.907751083374023 166
1756065862769 22.524429321289062 167
1756065862798 23.945756912231445 168
1756065862827 25.85393714904785 169
1756065862856 28.968639373779297 170
1756065862885 20.687232971191406 171
1756065862914 28.03142738342285 172
1756065862943 25.276391983032227 173
1756065862976 23.01824951171875 174
1756065863006 26.677982330322266 175
1756065863034 24.54456329345703 176
1756065863066 21.283039093017578 177
1756065863097 18.63559913635254 178
1756065863131 22.471847534179688 179
1756065863160 23.091032028198242 180
1756065863189 23.42932891845703 181
1756065863218 22.504627227783203 182
1756065863247 26.395065307617188 183
1756065863275 23.76577377319336 184
1756065863304 23.817171096801758 185
1756065863333 19.280593872070312 186
1756065863362 23.21956443786621 187
1756065863398 22.56998634338379 188
1756065863434 24.10638999938965 189
1756065863470 25.319368362426758 190
1756065863505 21.70716094970703 191
1756065863540 20.331409454345703 192
1756065863572 22.076717376708984 193
1756065863606 24.836477279663086 194
1756065863640 24.542776107788086 195
1756065863673 26.100305557250977 196
1756065863707 23.41111946105957 197
1756065863741 24.98651695251465 198
1756065863776 22.716842651367188 199
1756065863809 22.377445220947266 200
1756065863842 27.260900497436523 201
1756065863876 22.703340530395508 202
1756065863909 22.438812255859375 203
1756065863943 21.74151039123535 204
1756065863978 23.545413970947266 205
1756065864012 21.428468704223633 206
1756065864043 22.278596878051758 207
1756065864074 23.084346771240234 208
1756065864109 23.262409210205078 209
1756065864139 26.180679321289062 210
1756065864168 23.89415168762207 211
1756065864197 24.563688278198242 212
1756065864227 24.032007217407227 213
1756065864256 26.67366600036621 214
1756065864287 23.189905166625977 215
1756065864316 22.62236785888672 216
1756065864345 24.296241760253906 217
1756065864375 21.26734733581543 218
1756065864405 26.77251434326172 219
1756065864434 22.762775421142578 220
1756065864464 23.958707809448242 221
1756065864493 18.35653305053711 222
1756065864526 23.137699127197266 223
1756065864555 25.02589988708496 224
1756065864583 21.432363510131836 225
1756065864613 25.591554641723633 226
1756065864643 25.8250789642334 227
1756065864673 23.155338287353516 228
1756065864703 23.130382537841797 229
1756065864734 21.956615447998047 230
1756065864763 20.75516128540039 231
1756065864793 26.118139266967773 232
1756065864823 25.725448608398438 233
1756065864853 23.472530364990234 234
1756065864883 24.134769439697266 235
1756065864913 21.643085479736328 236
1756065864943 24.85316276550293 237
1756065864972 22.207683563232422 238
1756065865002 22.966829299926758 239
1756065865032 22.34609603881836 240
1756065865062 21.725826263427734 241
1756065865095 26.782106399536133 242
1756065865129 20.777132034301758 243
1756065865162 26.877504348754883 244
1756065865193 20.112098693847656 245
1756065865224 22.44873809814453 246
1756065865256 22.640216827392578 247
1756065865288 17.84781265258789 248
1756065865317 23.409093856811523 249
1756065865347 26.54156494140625 250
1756065865378 30.035696029663086 251
1756065865409 25.872526168823242 252
1756065865441 21.357107162475586 253
1756065865472 22.703121185302734 254
1756065865503 23.53924560546875 255
1756065865534 24.384010314941406 256
1756065865566 18.461219787597656 257
1756065865598 22.898544311523438 258
1756065865630 23.590173721313477 259
1756065865661 28.23960304260254 260
1756065865693 20.408260345458984 261
1756065865724 22.138002395629883 262
1756065865755 24.893096923828125 263
1756065865786 22.033620834350586 264
1756065865817 24.948278427124023 265
1756065865849 23.330347061157227 266
1756065865880 25.56418800354004 267
1756065865911 19.781661987304688 268
1756065865943 24.96495246887207 269
1756065865974 22.469627380371094 270
1756065866006 26.538156509399414 271
1756065866037 22.549226760864258 272
1756065866068 22.744361877441406 273
1756065866099 18.475706100463867 274
1756065866130 24.629146575927734 275
1756065866163 22.185325622558594 276
1756065866196 22.318777084350586 277
1756065866228 22.309093475341797 278
1756065866261 23.65532684326172 279
1756065866293 21.920854568481445 280
1756065866326 23.952285766601562 281
1756065866359 21.113306045532227 282
1756065866391 29.468698501586914 283
1756065866424 22.052278518676758 284
1756065866455 20.592561721801758 285
1756065866487 22.749422073364258 286
1756065866520 22.32794189453125 287
1756065866552 23.69814109802246 288
1756065866585 20.22117805480957 289
1756065866613 23.598094940185547 290
1756065866642 20.567171096801758 291
1756065866674 22.77796173095703 292
1756065866703 25.48675537109375 293
1756065866731 23.069984436035156 294
1756065866760 26.814815521240234 295
1756065866792 21.630218505859375 296
1756065866824 24.751144409179688 297
1756065866858 25.855976104736328 298
1756065866891 25.557903289794922 299
1756065875006 48.7124137878418 0
1756065875043 48.684425354003906 1
1756065875076 48.64930725097656 2
1756065875107 48.58209228515625 3
1756065875138 48.5012092590332 4
1756065875168 48.37556838989258 5
1756065875199 48.47936248779297 6
1756065875230 48.23521423339844 7
1756065875258 48.08652877807617 8
1756065875286 47.9936408996582 9
1756065875314 47.802452087402344 10
1756065875342 47.50399398803711 11
1756065875372 47.786373138427734 12
1756065875403 47.4926643371582 13
1756065875434 47.187496185302734 14
1756065875465 46.95701217651367 15
1756065875496 46.171592712402344 16
1756065875524 45.95900344848633 17
1756065875553 46.483097076416016 18
1756065875582 45.2607536315918 19
1756065875611 44.648006439208984 20
1756065875639 44.698482513427734 21
1756065875667 43.58285140991211 22
1756065875695 44.434207916259766 23
1756065875725 42.42775344848633 24
1756065875757 43.2509765625 25
1756065875789 41.29743576049805 26
1756065875819 40.37491226196289 27
1756065875848 40.62492752075195 28
1756065875877 39.4533576965332 29
1756065875905 38.89706802368164 30
1756065875934 36.80521774291992 31
1756065875963 33.71147155761719 32
1756065875992 36.51766586303711 33
1756065876022 33.079933166503906 34
1756065876051 32.18456268310547 35
1756065876081 32.29085159301758 36
1756065876110 28.620296478271484 37
1756065876139 27.516738891601562 38
1756065876171 28.960020065307617 39
1756065876203 24.98298454284668 40
1756065876234 27.548828125 41
1756065876263 25.798627853393555 42
1756065876292 27.25258445739746 43
1756065876323 29.221630096435547 44
1756065876355 24.49046516418457 45
1756065876387 22.62745475769043 46
1756065876418 21.33415985107422 47
1756065876450 28.226634979248047 48
1756065876482 27.793197631835938 49
1756065876513 27.700986862182617 50
1756065876545 25.80009651184082 51
1756065876577 26.500268936157227 52
1756065876609 23.356809616088867 53
1756065876640 24.870763778686523 54
1756065876672 27.19365119934082 55
1756065876705 26.442325592041016 56
1756065876736 24.691381454467773 57
1756065876766 23.165678024291992 58
1756065876798 26.827457427978516 59
1756065876829 30.42635154724121 60
1756065876861 26.39974021911621 61
1756065876893 25.41425895690918 62
1756065876925 22.6008358001709 63
1756065876957 26.3236083984375 64
1756065876988 22.635295867919922 65
1756065877021 26.18562889099121 66
1756065877055 24.028079986572266 67
1756065877087 22.16507339477539 68
1756065877116 27.16010284423828 69
1756065877148 22.606237411499023 70
1756065877180 22.230409622192383 71
1756065877211 20.714027404785156 72
1756065877240 27.822105407714844 73
1756065877268 24.14371109008789 74
1756065877297 21.84107780456543 75
1756065877325 26.28676414489746 76
1756065877355 28.67308235168457 77
1756065877383 25.613956451416016 78
1756065877412 28.419179916381836 79
1756065877441 26.20294761657715 80
1756065877472 26.719877243041992 81
1756065877505 25.11113739013672 82
1756065877537 24.54362678527832 83
1756065877570 24.40287971496582 84
1756065877603 22.73904800415039 85
1756065877636 24.644498825073242 86
1756065877670 26.65373420715332 87
1756065877704 23.35732078552246 88
1756065877736 26.779359817504883 89
1756065877768 25.949634552001953 90
1756065877800 22.786296844482422 91
1756065877830 24.42399787902832 92
1756065877863 23.17733383178711 93
1756065877895 24.747299194335938 94
1756065877924 27.20281219482422 95
1756065877953 25.063228607177734 96
1756065877985 21.14598274230957 97
1756065878018 27.446414947509766 98
1756065878047 25.885005950927734 99
1756065878078 27.0860595703125 100
1756065878110 24.193832397460938 101
1756065878140 23.719871520996094 102
1756065878168 22.90465545654297 103
1756065878197 23.220693588256836 104
1756065878226 26.265499114990234 105
1756065878256 25.269006729125977 106
1756065878285 22.43277931213379 107
1756065878315 19.98812484741211 108
1756065878344 26.192604064941406 109
1756065878373 23.683265686035156 110
1756065878402 24.82518768310547 111
1756065878431 17.939456939697266 112
1756065878459 22.53321647644043 113
1756065878488 21.63054847717285 114
1756065878517 23.737037658691406 115
1756065878548 25.8426570892334 116
1756065878577 24.943206787109375 117
1756065878605 25.158363342285156 118
1756065878634 22.363914489746094 119
1756065878663 22.842334747314453 120
1756065878692 25.491016387939453 121
1756065878720 23.061187744140625 122
1756065878753 24.1245059967041 123
1756065878785 24.992488861083984 124
1756065878814 23.152767181396484 125
1756065878842 20.18735694885254 126
1756065878873 23.796293258666992 127
1756065878905 21.32701301574707 128
1756065878937 25.557363510131836 129
1756065878966 21.76439666748047 130
1756065878995 26.669296264648438 131
1756065879023 26.971927642822266 132
1756065879055 25.42453956604004 133
1756065879088 20.69758415222168 134
1756065879119 18.935043334960938 135
1756065879151 20.71440887451172 136
1756065879182 22.732275009155273 137
1756065879211 21.942188262939453 138
1756065879241 25.159162521362305 139
1756065879270 24.61931610107422 140
1756065879302 23.774105072021484 141
1756065879346 21.843050003051758 142
1756065879379 22.473918914794922 143
1756065879413 25.119190216064453 144
1756065879446 22.57773780822754 145
1756065879475 22.4409236907959 146
1756065879503 23.11343765258789 147
1756065879535 24.778974533081055 148
1756065879570 27.388240814208984 149
1756065879599 23.533885955810547 150
1756065879628 21.591197967529297 151
1756065879659 22.849010467529297 152
1756065879692 21.527549743652344 153
1756065879726 21.385292053222656 154
1756065879757 22.2624454498291 155
1756065879786 22.696252822875977 156
1756065879817 22.33582878112793 157
1756065879851 20.69915008544922 158
1756065879884 21.80864143371582 159
1756065879914 22.735660552978516 160
1756065879944 25.413217544555664 161
1756065879973 27.0570011138916 162
1756065880002 24.705718994140625 163
1756065880034 24.63201904296875 164
1756065880065 22.636056900024414 165
1756065880094 23.631746292114258 166
1756065880123 23.603906631469727 167
1756065880156 22.970273971557617 168
1756065880187 24.574737548828125 169
1756065880217 26.060033798217773 170
1756065880246 23.54311180114746 171
1756065880276 24.862104415893555 172
1756065880305 23.209444046020508 173
1756065880336 23.012203216552734 174
1756065880365 24.67938232421875 175
1756065880394 24.497100830078125 176
1756065880424 21.554683685302734 177
1756065880457 23.885883331298828 178
1756065880492 21.74228858947754 179
1756065880526 21.16858673095703 180
1756065880558 22.40678596496582 181
1756065880590 19.557601928710938 182
1756065880621 22.726547241210938 183
1756065880653 23.286849975585938 184
1756065880684 24.61948585510254 185
1756065880717 24.546648025512695 186
1756065880748 23.497739791870117 187
1756065880778 27.114580154418945 188
1756065880812 20.905981063842773 189
1756065880843 22.620529174804688 190
1756065880872 21.940155029296875 191
1756065880901 25.642070770263672 192
1756065880930 20.51572608947754 193
1756065880960 24.79541015625 194
1756065880989 24.852031707763672 195
1756065881021 20.278078079223633 196
1756065881055 21.473514556884766 197
1756065881088 22.028915405273438 198
1756065881121 24.359607696533203 199
1756065881150 25.442358016967773 200
1756065881179 23.27356719970703 201
1756065881209 23.365095138549805 202
1756065881238 23.070838928222656 203
1756065881268 23.038408279418945 204
1756065881299 19.338050842285156 205
1756065881330 22.28318977355957 206
1756065881365 24.534992218017578 207
1756065881396 23.699970245361328 208
1756065881425 18.53569221496582 209
1756065881454 25.576852798461914 210
1756065881483 22.788055419921875 211
1756065881512 26.652042388916016 212
1756065881542 19.13333511352539 213
1756065881572 20.3586368560791 214
1756065881602 23.953250885009766 215
1756065881631 21.076087951660156 216
1756065881660 22.683887481689453 217
1756065881690 22.84882926940918 218
1756065881719 24.15276527404785 219
1756065881748 24.860647201538086 220
1756065881777 20.14948272705078 221
1756065881807 22.046245574951172 222
1756065881835 22.845083236694336 223
1756065881866 26.644840240478516 224
1756065881898 22.61313819885254 225
1756065881928 19.69701385498047 226
1756065881957 23.43324851989746 227
1756065881987 21.334745407104492 228
1756065882016 24.897314071655273 229
1756065882048 21.425630569458008 230
1756065882078 18.76534652709961 231
1756065882108 19.708740234375 232
1756065882138 25.195283889770508 233
1756065882170 21.829404830932617 234
1756065882201 20.28327178955078 235
1756065882232 24.52889060974121 236
1756065882265 19.30455780029297 237
1756065882296 23.964570999145508 238
1756065882327 23.520063400268555 239
1756065882359 28.771190643310547 240
1756065882387 22.895198822021484 241
1756065882416 25.07985496520996 242
1756065882448 19.579858779907227 243
1756065882480 23.209781646728516 244
1756065882509 24.486452102661133 245
1756065882539 23.350385665893555 246
1756065882573 24.5587158203125 247
1756065882606 22.403629302978516 248
1756065882639 20.882369995117188 249
1756065882671 22.169435501098633 250
1756065882700 19.560611724853516 251
1756065882730 23.743452072143555 252
1756065882759 24.31989860534668 253
1756065882788 25.34467887878418 254
1756065882817 23.866363525390625 255
1756065882846 21.283300399780273 256
1756065882875 20.215883255004883 257
1756065882903 23.597013473510742 258
1756065882932 22.005388259887695 259
1756065882962 22.629863739013672 260
1756065882991 22.343990325927734 261
1756065883022 22.4385929107666 262
1756065883051 24.925411224365234 263
1756065883080 19.229930877685547 264
1756065883108 22.801074981689453 265
1756065883140 24.182334899902344 266
1756065883173 24.56557273864746 267
1756065883204 21.904664993286133 268
1756065883234 24.959556579589844 269
1756065883262 24.25382423400879 270
1756065883294 24.028465270996094 271
1756065883327 18.334266662597656 272
1756065883357 20.932649612426758 273
1756065883386 23.71579933166504 274
1756065883415 21.06273078918457 275
1756065883443 25.8695068359375 276
1756065883472 22.21845245361328 277
1756065883502 20.709596633911133 278
1756065883534 21.99012565612793 279
1756065883567 23.00926971435547 280
1756065883599 20.193143844604492 281
1756065883632 23.539819717407227 282
1756065883666 25.09363555908203 283
1756065883701 22.97059440612793 284
1756065883737 20.429697036743164 285
1756065883773 22.495756149291992 286
1756065883806 22.2574520111084 287
1756065883840 22.482791900634766 288
1756065883873 24.75381851196289 289
1756065883906 21.658987045288086 290
1756065883940 22.844905853271484 291
1756065883974 21.919620513916016 292
1756065884008 23.235198974609375 293
1756065884040 23.78285789489746 294
1756065884072 22.161327362060547 295
1756065884104 26.55006217956543 296
1756065884137 20.05630874633789 297
1756065884168 24.517080307006836 298
1756065884201 23.881975173950195 299
1756065892311 50.24544906616211 0
1756065892347 50.24367904663086 1
1756065892379 50.24442672729492 2
1756065892410 50.244022369384766 3
1756065892440 50.240970611572266 4
1756065892471 50.24393844604492 5
1756065892501 50.24467468261719 6
1756065892529 50.237789154052734 7
1756065892557 50.243431091308594 8
1756065892586 50.2362060546875 9
1756065892614 50.213287353515625 10
1756065892643 50.20476150512695 11
1756065892671 50.17241668701172 12
1756065892699 50.11005401611328 13
1756065892727 50.062767028808594 14
1756065892756 49.97707748413086 15
1756065892784 49.86144256591797 16
1756065892814 49.757118225097656 17
1756065892844 49.67438507080078 18
1756065892873 49.626426696777344 19
1756065892902 49.58586120605469 20
1756065892931 49.413997650146484 21
1756065892962 49.42258071899414 22
1756065892993 49.344146728515625 23
1756065893023 49.18000030517578 24
1756065893051 49.38462448120117 25
1756065893080 48.848114013671875 26
1756065893109 48.55013656616211 27
1756065893138 48.57410430908203 28
1756065893167 48.30506134033203 29
1756065893197 48.09200668334961 30
1756065893226 47.43574523925781 31
1756065893254 47.128849029541016 32
1756065893283 47.38142395019531 33
1756065893312 46.371795654296875 34
1756065893341 46.18378829956055 35
1756065893370 45.37076950073242 36
1756065893398 44.41733169555664 37
1756065893428 45.45874786376953 38
1756065893457 42.7701301574707 39
1756065893486 43.16638946533203 40
1756065893515 42.070701599121094 41
1756065893544 42.10213851928711 42
1756065893573 41.16987228393555 43
1756065893602 40.273929595947266 44
1756065893631 40.37178421020508 45
1756065893660 37.43037414550781 46
1756065893689 38.02157974243164 47
1756065893718 34.84342575073242 48
1756065893747 37.00944900512695 49
1756065893776 34.91047668457031 50
1756065893804 34.07049560546875 51
1756065893834 31.503475189208984 52
1756065893865 30.66782569885254 53
1756065893895 35.94849395751953 54
1756065893925 29.48012351989746 55
1756065893953 31.59493637084961 56
1756065893981 32.070255279541016 57
1756065894009 32.230552673339844 58
1756065894043 32.968196868896484 59
1756065894072 31.639883041381836 60
1756065894100 32.46918869018555 61
1756065894129 33.22666931152344 62
1756065894158 31.66204833984375 63
1756065894186 29.954614639282227 64
1756065894215 34.61477279663086 65
1756065894243 29.72544288635254 66
1756065894271 33.635684967041016 67
1756065894300 32.46840286254883 68
1756065894328 29.349885940551758 69
1756065894356 30.580928802490234 70
1756065894384 31.51646614074707 71
1756065894413 31.351686477661133 72
1756065894441 30.713911056518555 73
1756065894470 37.724464416503906 74
1756065894498 35.94066619873047 75
1756065894526 32.06407165527344 76
1756065894555 34.18600845336914 77
1756065894583 31.123624801635742 78
1756065894612 33.068199157714844 79
1756065894641 33.71999740600586 80
1756065894670 31.281526565551758 81
1756065894698 32.40483093261719 82
1756065894727 32.0192985534668 83
1756065894755 30.503427505493164 84
1756065894783 30.948572158813477 85
1756065894811 30.817218780517578 86
1756065894839 31.553577423095703 87
1756065894868 30.28900909423828 88
1756065894899 28.177316665649414 89
1756065894929 31.030540466308594 90
1756065894959 35.041812896728516 91
1756065894988 32.76913833618164 92
1756065895017 32.342140197753906 93
1756065895046 28.995487213134766 94
1756065895075 32.52848815917969 95
1756065895104 31.21479034423828 96
1756065895134 31.956787109375 97
1756065895163 29.504653930664062 98
1756065895195 30.590993881225586 99
1756065895222 32.95672607421875 100
1756065895251 29.77843475341797 101
1756065895280 32.85325622558594 102
1756065895311 32.978515625 103
1756065895343 30.16746711730957 104
1756065895373 29.050167083740234 105
1756065895401 33.033607482910156 106
1756065895429 29.404436111450195 107
1756065895461 31.107402801513672 108
1756065895493 29.27568817138672 109
1756065895526 29.802690505981445 110
1756065895558 27.850696563720703 111
1756065895591 30.339691162109375 112
1756065895623 30.563108444213867 113
1756065895656 31.173954010009766 114
1756065895687 32.28175735473633 115
1756065895718 29.362836837768555 116
1756065895746 30.420581817626953 117
1756065895775 29.44200897216797 118
1756065895803 31.830890655517578 119
1756065895832 33.1168098449707 120
1756065895864 31.90633201599121 121
1756065895894 29.867006301879883 122
1756065895923 32.260475158691406 123
1756065895951 35.582191467285156 124
1756065895980 28.7705078125 125
1756065896016 32.112022399902344 126
1756065896047 28.645666122436523 127
1756065896075 32.870880126953125 128
1756065896104 25.033279418945312 129
1756065896132 30.219955444335938 130
1756065896161 31.967544555664062 131
1756065896190 24.847726821899414 132
1756065896222 29.69186019897461 133
1756065896255 31.69822883605957 134
1756065896287 26.980398178100586 135
1756065896317 31.326339721679688 136
1756065896348 32.64816665649414 137
1756065896379 32.24972152709961 138
1756065896410 28.779451370239258 139
1756065896441 29.751522064208984 140
1756065896473 27.640098571777344 141
1756065896504 33.121036529541016 142
1756065896536 32.181060791015625 143
1756065896567 33.59535598754883 144
1756065896598 31.754249572753906 145
1756065896630 29.191852569580078 146
1756065896661 30.298259735107422 147
1756065896693 32.02552795410156 148
1756065896724 28.482919692993164 149
1756065896755 35.77907943725586 150
1756065896787 32.74815368652344 151
1756065896817 29.434234619140625 152
1756065896849 32.39194869995117 153
1756065896881 26.936939239501953 154
1756065896912 32.93038558959961 155
1756065896943 33.11197280883789 156
1756065896972 29.164743423461914 157
1756065897003 29.72569465637207 158
1756065897034 28.26392936706543 159
1756065897068 34.58062744140625 160
1756065897101 31.294849395751953 161
1756065897133 28.796344757080078 162
1756065897162 29.536832809448242 163
1756065897191 29.85200309753418 164
1756065897222 31.610748291015625 165
1756065897255 36.503684997558594 166
1756065897287 31.38636589050293 167
1756065897318 27.671297073364258 168
1756065897348 27.350496292114258 169
1756065897377 31.534587860107422 170
1756065897410 27.17974090576172 171
1756065897442 31.269512176513672 172
1756065897471 29.386526107788086 173
1756065897501 30.978708267211914 174
1756065897531 31.256214141845703 175
1756065897563 32.2079963684082 176
1756065897591 29.54823112487793 177
1756065897621 30.711885452270508 178
1756065897652 33.17208480834961 179
1756065897682 29.4531192779541 180
1756065897712 25.950719833374023 181
1756065897742 33.10942459106445 182
1756065897772 30.619274139404297 183
1756065897802 29.09355354309082 184
1756065897831 28.597517013549805 185
1756065897861 30.170549392700195 186
1756065897894 27.51980972290039 187
1756065897923 27.97394371032715 188
1756065897952 33.315460205078125 189
1756065897981 27.940956115722656 190
1756065898013 27.97930908203125 191
1756065898044 28.017536163330078 192
1756065898077 28.55674171447754 193
1756065898106 25.0382080078125 194
1756065898136 31.481626510620117 195
1756065898165 35.6158447265625 196
1756065898195 30.30546760559082 197
1756065898225 27.683555603027344 198
1756065898258 26.488798141479492 199
1756065898290 32.30819320678711 200
1756065898319 30.328039169311523 201
1756065898347 29.092164993286133 202
1756065898376 33.71991729736328 203
1756065898404 31.98458480834961 204
1756065898432 31.43639373779297 205
1756065898461 33.9661979675293 206
1756065898490 29.412425994873047 207
1756065898518 32.04328918457031 208
1756065898551 29.75724220275879 209
1756065898582 33.288818359375 210
1756065898611 35.70540237426758 211
1756065898639 31.174436569213867 212
1756065898671 29.468650817871094 213
1756065898703 32.05465316772461 214
1756065898736 35.04386901855469 215
1756065898769 28.081911087036133 216
1756065898800 29.929485321044922 217
1756065898828 26.84041404724121 218
1756065898858 26.577219009399414 219
1756065898886 29.949386596679688 220
1756065898915 29.561973571777344 221
1756065898943 30.180021286010742 222
1756065898972 30.22748565673828 223
1756065899001 31.430435180664062 224
1756065899034 32.00117492675781 225
1756065899063 29.006868362426758 226
1756065899092 35.426639556884766 227
1756065899120 30.53756332397461 228
1756065899151 28.568288803100586 229
1756065899183 29.04608917236328 230
1756065899218 28.889883041381836 231
1756065899259 30.290327072143555 232
1756065899291 27.760099411010742 233
1756065899320 29.012130737304688 234
1756065899348 34.149051666259766 235
1756065899376 29.004106521606445 236
1756065899404 30.580886840820312 237
1756065899433 33.174774169921875 238
1756065899462 28.25489616394043 239
1756065899491 29.45555305480957 240
1756065899520 26.508380889892578 241
1756065899549 31.801189422607422 242
1756065899578 30.380203247070312 243
1756065899607 32.18520736694336 244
1756065899635 30.23057746887207 245
1756065899664 35.17023468017578 246
1756065899692 31.93709373474121 247
1756065899720 29.62957191467285 248
1756065899749 27.534351348876953 249
1756065899777 29.34190559387207 250
1756065899806 28.004680633544922 251
1756065899834 27.467132568359375 252
1756065899863 29.68633270263672 253
1756065899893 31.09713363647461 254
1756065899926 33.91703414916992 255
1756065899958 32.9305534362793 256
1756065899990 35.21704864501953 257
1756065900020 27.620088577270508 258
1756065900051 29.522823333740234 259
1756065900080 28.847427368164062 260
1756065900109 33.890865325927734 261
1756065900138 31.162601470947266 262
1756065900167 31.127857208251953 263
1756065900196 30.791149139404297 264
1756065900225 26.41754722595215 265
1756065900253 29.262840270996094 266
1756065900281 31.722564697265625 267
1756065900309 30.277488708496094 268
1756065900339 30.87538719177246 269
1756065900368 29.064098358154297 270
1756065900397 28.25739097595215 271
1756065900427 28.845813751220703 272
1756065900457 27.801599502563477 273
1756065900486 33.00391387939453 274
1756065900519 31.16375160217285 275
1756065900551 33.3203239440918 276
1756065900583 29.15716552734375 277
1756065900615 31.396196365356445 278
1756065900647 31.06846809387207 279
1756065900676 28.120012283325195 280
1756065900705 30.444547653198242 281
1756065900735 30.96438980102539 282
1756065900766 28.40127182006836 283
1756065900799 30.505985260009766 284
1756065900833 33.312461853027344 285
1756065900863 29.29386329650879 286
1756065900896 33.922508239746094 287
1756065900928 30.286540985107422 288
1756065900957 31.72437858581543 289
1756065900986 26.376251220703125 290
1756065901015 31.584993362426758 291
1756065901045 26.96013832092285 292
1756065901080 29.32112693786621 293
1756065901111 31.926158905029297 294
1756065901139 27.579025268554688 295
1756065901169 27.932823181152344 296
1756065901198 30.41728973388672 297
1756065901232 30.238990783691406 298
1756065901265 29.223045349121094 299
1756065909373 48.72562789916992 0
1756065909407 48.694786071777344 1
1756065909442 48.60988998413086 2
1756065909470 48.56734848022461 3
1756065909498 48.41673278808594 4
1756065909527 48.40658950805664 5
1756065909556 48.39501953125 6
1756065909585 48.35172653198242 7
1756065909614 48.10240936279297 8
1756065909644 47.954627990722656 9
1756065909673 48.01721954345703 10
1756065909702 47.648216247558594 11
1756065909731 47.66695785522461 12
1756065909759 47.507667541503906 13
1756065909788 47.33951187133789 14
1756065909817 46.760581970214844 15
1756065909846 46.8526611328125 16
1756065909875 46.01626205444336 17
1756065909908 46.782470703125 18
1756065909936 45.749393463134766 19
1756065909968 45.925048828125 20
1756065910001 46.13392639160156 21
1756065910034 45.02617263793945 22
1756065910066 45.13029098510742 23
1756065910095 42.93360900878906 24
1756065910125 42.88186264038086 25
1756065910154 43.207366943359375 26
1756065910183 43.586151123046875 27
1756065910215 41.255226135253906 28
1756065910247 42.44315719604492 29
1756065910280 41.8469123840332 30
1756065910313 38.876136779785156 31
1756065910347 37.81189727783203 32
1756065910378 36.250450134277344 33
1756065910407 35.87623596191406 34
1756065910437 36.44983673095703 35
1756065910467 36.968482971191406 36
1756065910498 33.3396110534668 37
1756065910527 31.8181209564209 38
1756065910557 31.5614013671875 39
1756065910586 30.97734260559082 40
1756065910617 28.342044830322266 41
1756065910646 29.40159034729004 42
1756065910673 26.01909637451172 43
1756065910703 30.48287582397461 44
1756065910736 28.02324104309082 45
1756065910764 26.24372100830078 46
1756065910793 31.14224624633789 47
1756065910821 28.738910675048828 48
1756065910850 26.600189208984375 49
1756065910879 26.81572151184082 50
1756065910908 27.907651901245117 51
1756065910936 28.20818328857422 52
1756065910965 27.683834075927734 53
1756065910994 26.141286849975586 54
1756065911023 29.6297664642334 55
1756065911052 28.978534698486328 56
1756065911081 28.932323455810547 57
1756065911112 27.3575496673584 58
1756065911141 27.66200828552246 59
1756065911170 27.165897369384766 60
1756065911199 28.568593978881836 61
1756065911227 27.167715072631836 62
1756065911260 27.909473419189453 63
1756065911293 27.011547088623047 64
1756065911325 26.651376724243164 65
1756065911354 25.538270950317383 66
1756065911383 29.141294479370117 67
1756065911412 26.36855125427246 68
1756065911441 28.052490234375 69
1756065911470 23.648834228515625 70
1756065911499 26.774980545043945 71
1756065911531 26.16672134399414 72
1756065911564 26.1417236328125 73
1756065911597 30.171558380126953 74
1756065911629 28.670761108398438 75
1756065911663 24.672992706298828 76
1756065911693 27.501792907714844 77
1756065911722 28.229448318481445 78
1756065911751 26.608179092407227 79
1756065911780 27.35038948059082 80
1756065911809 27.566011428833008 81
1756065911838 29.701690673828125 82
1756065911867 28.006254196166992 83
1756065911896 27.942310333251953 84
1756065911925 27.821304321289062 85
1756065911954 29.196983337402344 86
1756065911986 26.210601806640625 87
1756065912018 28.081356048583984 88
1756065912051 23.941009521484375 89
1756065912084 25.7074031829834 90
1756065912118 26.837631225585938 91
1756065912150 28.972061157226562 92
1756065912183 27.152074813842773 93
1756065912216 25.950416564941406 94
1756065912249 26.76600456237793 95
1756065912280 27.801191329956055 96
1756065912310 25.959430694580078 97
1756065912344 25.452465057373047 98
1756065912380 24.64702606201172 99
1756065912410 24.162378311157227 100
1756065912440 26.69869613647461 101
1756065912469 26.451581954956055 102
1756065912498 28.729034423828125 103
1756065912527 29.405786514282227 104
1756065912557 26.03005027770996 105
1756065912586 26.407011032104492 106
1756065912615 31.42106819152832 107
1756065912648 29.421586990356445 108
1756065912679 28.190614700317383 109
1756065912708 28.15870475769043 110
1756065912736 23.898582458496094 111
1756065912765 27.1646671295166 112
1756065912796 24.884838104248047 113
1756065912828 28.034223556518555 114
1756065912861 26.0258846282959 115
1756065912891 27.852880477905273 116
1756065912922 27.117353439331055 117
1756065912951 26.52392578125 118
1756065912980 24.75062370300293 119
1756065913012 26.788179397583008 120
1756065913045 29.667387008666992 121
1756065913078 25.36286735534668 122
1756065913109 26.178585052490234 123
1756065913142 24.71259307861328 124
1756065913178 27.21834945678711 125
1756065913211 26.64649772644043 126
1756065913241 27.929105758666992 127
1756065913273 24.44048500061035 128
1756065913301 29.228837966918945 129
1756065913333 23.678678512573242 130
1756065913367 27.713335037231445 131
1756065913398 26.967378616333008 132
1756065913426 26.05526351928711 133
1756065913454 25.375215530395508 134
1756065913483 25.266536712646484 135
1756065913513 26.75996208190918 136
1756065913542 25.79317283630371 137
1756065913572 24.745655059814453 138
1756065913601 29.006362915039062 139
1756065913632 29.64560890197754 140
1756065913665 25.852930068969727 141
1756065913698 28.401103973388672 142
1756065913728 26.365053176879883 143
1756065913760 24.181623458862305 144
1756065913791 26.74681282043457 145
1756065913822 23.017820358276367 146
1756065913850 26.147445678710938 147
1756065913878 25.71396827697754 148
1756065913907 25.271480560302734 149
1756065913937 27.13919448852539 150
1756065913969 27.55476951599121 151
1756065913997 29.185699462890625 152
1756065914028 26.599349975585938 153
1756065914059 26.0814151763916 154
1756065914090 25.3402042388916 155
1756065914122 24.715354919433594 156
1756065914150 28.745996475219727 157
1756065914178 25.860864639282227 158
1756065914209 24.182361602783203 159
1756065914240 29.644702911376953 160
1756065914272 25.96338653564453 161
1756065914304 26.9965877532959 162
1756065914336 25.60523796081543 163
1756065914368 27.388647079467773 164
1756065914399 24.48460578918457 165
1756065914428 29.070369720458984 166
1756065914459 25.01072883605957 167
1756065914491 26.0964412689209 168
1756065914523 26.49055290222168 169
1756065914553 26.68558120727539 170
1756065914582 26.066753387451172 171
1756065914612 27.79020881652832 172
1756065914644 27.3279972076416 173
1756065914674 24.098461151123047 174
1756065914703 28.572330474853516 175
1756065914732 25.827373504638672 176
1756065914761 25.07740592956543 177
1756065914791 23.110363006591797 178
1756065914822 23.30156135559082 179
1756065914850 25.898387908935547 180
1756065914879 24.791015625 181
1756065914907 22.814260482788086 182
1756065914935 26.69597625732422 183
1756065914963 24.821998596191406 184
1756065914992 23.73357582092285 185
1756065915020 30.55497169494629 186
1756065915048 27.21244239807129 187
1756065915080 25.159297943115234 188
1756065915113 26.46875 189
1756065915142 26.719886779785156 190
1756065915172 29.284433364868164 191
1756065915203 24.39154815673828 192
1756065915234 28.32048797607422 193
1756065915266 27.452651977539062 194
1756065915297 26.74669075012207 195
1756065915330 27.080947875976562 196
1756065915362 32.14617156982422 197
1756065915394 25.933855056762695 198
1756065915424 25.01064109802246 199
1756065915452 27.09757423400879 200
1756065915484 25.466167449951172 201
1756065915516 24.844058990478516 202
1756065915546 26.960298538208008 203
1756065915574 27.02079200744629 204
1756065915603 28.22425651550293 205
1756065915632 24.86094093322754 206
1756065915664 25.720462799072266 207
1756065915693 28.318838119506836 208
1756065915721 23.521427154541016 209
1756065915749 23.233091354370117 210
1756065915777 24.307199478149414 211
1756065915806 24.491241455078125 212
1756065915834 26.617656707763672 213
1756065915863 30.25737762451172 214
1756065915891 24.325437545776367 215
1756065915925 23.164730072021484 216
1756065915954 28.677085876464844 217
1756065915982 23.71989631652832 218
1756065916011 23.01561164855957 219
1756065916039 28.87696647644043 220
1756065916071 26.23265266418457 221
1756065916103 30.029560089111328 222
1756065916134 25.433589935302734 223
1756065916164 26.837711334228516 224
1756065916193 24.627906799316406 225
1756065916221 22.83421516418457 226
1756065916250 25.774436950683594 227
1756065916279 29.617626190185547 228
1756065916307 24.65672492980957 229
1756065916336 27.903316497802734 230
1756065916365 25.50680923461914 231
1756065916394 29.540721893310547 232
1756065916422 26.779399871826172 233
1756065916451 28.01545524597168 234
1756065916479 30.261220932006836 235
1756065916507 27.927993774414062 236
1756065916536 27.504390716552734 237
1756065916564 26.252864837646484 238
1756065916593 26.945831298828125 239
1756065916621 27.325639724731445 240
1756065916650 25.97488021850586 241
1756065916679 27.869178771972656 242
1756065916708 25.52524757385254 243
1756065916739 26.456289291381836 244
1756065916771 24.23491096496582 245
1756065916803 25.876420974731445 246
1756065916832 27.395225524902344 247
1756065916860 25.608774185180664 248
1756065916889 27.140522003173828 249
1756065916917 24.462718963623047 250
1756065916945 29.9429988861084 251
1756065916977 24.175390243530273 252
1756065917009 24.858083724975586 253
1756065917040 21.863174438476562 254
1756065917072 27.789228439331055 255
1756065917103 25.777803421020508 256
1756065917135 27.397329330444336 257
1756065917165 25.042816162109375 258
1756065917196 27.001827239990234 259
1756065917227 22.944040298461914 260
1756065917259 21.623416900634766 261
1756065917288 28.698291778564453 262
1756065917316 28.401309967041016 263
1756065917345 23.345184326171875 264
1756065917374 23.19966697692871 265
1756065917402 30.04756736755371 266
1756065917431 23.656558990478516 267
1756065917459 22.18512725830078 268
1756065917490 24.630882263183594 269
1756065917520 23.44545555114746 270
1756065917550 24.93934440612793 271
1756065917579 25.41738510131836 272
1756065917609 27.724666595458984 273
1756065917640 22.05357551574707 274
1756065917675 26.520137786865234 275
1756065917709 26.660171508789062 276
1756065917738 25.405107498168945 277
1756065917767 23.62619972229004 278
1756065917797 26.38526725769043 279
1756065917830 30.549625396728516 280
1756065917864 22.970455169677734 281
1756065917894 24.836246490478516 282
1756065917928 30.408491134643555 283
1756065917960 27.18246078491211 284
1756065917990 27.115150451660156 285
1756065918018 25.76923942565918 286
1756065918049 28.82245635986328 287
1756065918079 25.653629302978516 288
1756065918108 28.4975528717041 289
1756065918137 25.217071533203125 290
1756065918166 29.16810417175293 291
1756065918196 25.615400314331055 292
1756065918230 25.677490234375 293
1756065918264 26.205034255981445 294
1756065918299 27.948955535888672 295
1756065918334 25.722366333007812 296
1756065918364 24.45694351196289 297
1756065918393 22.960620880126953 298
1756065918422 27.051298141479492 299
1756065926536 50.236454010009766 0
1756065926570 50.21651077270508 1
1756065926603 50.19348907470703 2
1756065926636 50.16805648803711 3
1756065926671 50.0679931640625 4
1756065926702 50.07246398925781 5
1756065926732 49.95393753051758 6
1756065926764 49.82416534423828 7
1756065926796 49.782981872558594 8
1756065926825 49.761661529541016 9
1756065926857 49.625221252441406 10
1756065926892 49.73635482788086 11
1756065926928 49.32625961303711 12
1756065926957 49.37541198730469 13
1756065926985 49.11713790893555 14
1756065927013 48.86434555053711 15
1756065927040 48.66816711425781 16
1756065927070 48.39663314819336 17
1756065927099 48.359413146972656 18
1756065927127 48.07965850830078 19
1756065927162 47.91844940185547 20
1756065927195 47.7882080078125 21
1756065927222 47.24120330810547 22
1756065927254 47.05805969238281 23
1756065927290 46.67204666137695 24
1756065927326 45.71979522705078 25
1756065927355 45.11716842651367 26
1756065927384 45.79862976074219 27
1756065927412 44.50571823120117 28
1756065927440 42.72819137573242 29
1756065927471 43.80564498901367 30
1756065927505 42.79348373413086 31
1756065927540 40.83866882324219 32
1756065927573 41.34299850463867 33
1756065927606 38.75656509399414 34
1756065927638 35.17783737182617 35
1756065927673 34.98789596557617 36
1756065927704 36.0486946105957 37
1756065927737 38.851680755615234 38
1756065927768 33.13189697265625 39
1756065927800 33.935935974121094 40
1756065927832 32.08434295654297 41
1756065927864 28.1328125 42
1756065927897 32.49519729614258 43
1756065927929 32.15107727050781 44
1756065927959 30.80877685546875 45
1756065927987 28.63875389099121 46
1756065928015 31.360212326049805 47
1756065928043 31.17889404296875 48
1756065928071 28.40497589111328 49
1756065928100 28.852903366088867 50
1756065928127 33.94409942626953 51
1756065928155 26.41938591003418 52
1756065928183 27.07876205444336 53
1756065928211 31.942249298095703 54
1756065928240 28.29280662536621 55
1756065928274 30.041475296020508 56
1756065928304 30.46674919128418 57
1756065928337 31.281068801879883 58
1756065928367 28.814655303955078 59
1756065928400 28.790925979614258 60
1756065928432 27.051958084106445 61
1756065928464 26.74060821533203 62
1756065928496 28.145565032958984 63
1756065928528 32.25807189941406 64
1756065928560 25.446264266967773 65
1756065928590 31.032806396484375 66
1756065928619 25.682357788085938 67
1756065928649 26.779909133911133 68
1756065928678 29.4172420501709 69
1756065928706 25.610929489135742 70
1756065928737 27.834856033325195 71
1756065928771 27.259946823120117 72
1756065928803 29.309932708740234 73
1756065928835 29.191219329833984 74
1756065928865 30.548913955688477 75
1756065928893 28.351360321044922 76
1756065928921 27.142175674438477 77
1756065928950 29.783552169799805 78
1756065928979 24.572721481323242 79
1756065929011 25.658235549926758 80
1756065929044 28.76236915588379 81
1756065929077 30.98486328125 82
1756065929110 27.499343872070312 83
1756065929142 28.4375057220459 84
1756065929171 26.046833038330078 85
1756065929200 27.16278839111328 86
1756065929228 27.26834487915039 87
1756065929257 28.01184844970703 88
1756065929285 29.973159790039062 89
1756065929314 28.559743881225586 90
1756065929343 27.398767471313477 91
1756065929371 29.942794799804688 92
1756065929399 26.534427642822266 93
1756065929428 24.5768985748291 94
1756065929458 30.93647575378418 95
1756065929487 24.561433792114258 96
1756065929515 26.328052520751953 97
1756065929546 27.984039306640625 98
1756065929579 24.916547775268555 99
1756065929611 25.024898529052734 100
1756065929640 30.09364891052246 101
1756065929669 28.793745040893555 102
1756065929697 26.36773681640625 103
1756065929729 26.809310913085938 104
1756065929762 28.107336044311523 105
1756065929794 28.00833511352539 106
1756065929827 32.263607025146484 107
1756065929859 28.77280044555664 108
1756065929892 28.45391082763672 109
1756065929924 29.041969299316406 110
1756065929956 30.936796188354492 111
1756065929988 28.015199661254883 112
1756065930020 27.073793411254883 113
1756065930049 28.084409713745117 114
1756065930086 26.825525283813477 115
1756065930117 26.6731014251709 116
1756065930146 25.539291381835938 117
1756065930174 29.225629806518555 118
1756065930203 24.30294418334961 119
1756065930235 30.17107582092285 120
1756065930268 27.541738510131836 121
1756065930302 27.15140151977539 122
1756065930332 26.5191593170166 123
1756065930361 26.308988571166992 124
1756065930396 26.961233139038086 125
1756065930428 26.70904541015625 126
1756065930457 27.439250946044922 127
1756065930486 23.982757568359375 128
1756065930514 26.83704376220703 129
1756065930543 24.453432083129883 130
1756065930572 26.471450805664062 131
1756065930601 27.229028701782227 132
1756065930631 30.618541717529297 133
1756065930661 27.175081253051758 134
1756065930690 29.598432540893555 135
1756065930718 25.7076473236084 136
1756065930751 26.767396926879883 137
1756065930787 25.237884521484375 138
1756065930816 24.51859474182129 139
1756065930848 28.226810455322266 140
1756065930881 23.703615188598633 141
1756065930913 29.428659439086914 142
1756065930943 29.042360305786133 143
1756065930972 28.655685424804688 144
1756065931000 28.056821823120117 145
1756065931029 24.04001235961914 146
1756065931062 29.204030990600586 147
1756065931095 27.536741256713867 148
1756065931127 27.129226684570312 149
1756065931155 29.10336685180664 150
1756065931187 28.320131301879883 151
1756065931218 24.54058074951172 152
1756065931251 28.338115692138672 153
1756065931284 29.7241268157959 154
1756065931317 31.616512298583984 155
1756065931347 26.604673385620117 156
1756065931379 26.66329574584961 157
1756065931412 26.425336837768555 158
1756065931442 28.565645217895508 159
1756065931471 28.918123245239258 160
1756065931504 27.204269409179688 161
1756065931535 27.122875213623047 162
1756065931567 24.222610473632812 163
1756065931599 29.321231842041016 164
1756065931631 24.765207290649414 165
1756065931663 28.228586196899414 166
1756065931694 30.246707916259766 167
1756065931725 27.647878646850586 168
1756065931757 28.515348434448242 169
1756065931788 26.528766632080078 170
1756065931821 26.597585678100586 171
1756065931851 26.052268981933594 172
1756065931881 28.790851593017578 173
1756065931910 26.253631591796875 174
1756065931939 29.974220275878906 175
1756065931967 24.08753204345703 176
1756065931999 27.623191833496094 177
1756065932030 27.188997268676758 178
1756065932062 27.927570343017578 179
1756065932091 25.98859214782715 180
1756065932120 27.535873413085938 181
1756065932151 28.09453010559082 182
1756065932181 22.7274227142334 183
1756065932211 27.475326538085938 184
1756065932239 31.892793655395508 185
1756065932268 26.988576889038086 186
1756065932297 26.376340866088867 187
1756065932326 28.189167022705078 188
1756065932356 28.52935028076172 189
1756065932385 23.990930557250977 190
1756065932413 25.958023071289062 191
1756065932443 29.69837760925293 192
1756065932474 26.62984848022461 193
1756065932503 30.853912353515625 194
1756065932532 25.23114013671875 195
1756065932560 25.304973602294922 196
1756065932589 27.10633087158203 197
1756065932619 27.716144561767578 198
1756065932648 27.392976760864258 199
1756065932676 24.165435791015625 200
1756065932705 23.604793548583984 201
1756065932734 25.068422317504883 202
1756065932763 29.498706817626953 203
1756065932792 21.74080467224121 204
1756065932820 25.566007614135742 205
1756065932851 28.155153274536133 206
1756065932880 29.151573181152344 207
1756065932908 23.79998016357422 208
1756065932937 27.646215438842773 209
1756065932965 27.239704132080078 210
1756065932994 26.055282592773438 211
1756065933023 26.99888038635254 212
1756065933052 31.05405044555664 213
1756065933082 24.396902084350586 214
1756065933115 27.284515380859375 215
1756065933148 26.484783172607422 216
1756065933177 25.98280143737793 217
1756065933209 27.5092830657959 218
1756065933239 28.90955924987793 219
1756065933267 25.59414291381836 220
1756065933298 31.907604217529297 221
1756065933330 25.927051544189453 222
1756065933361 21.041969299316406 223
1756065933390 28.317405700683594 224
1756065933419 28.22821807861328 225
1756065933450 27.606637954711914 226
1756065933487 26.52059555053711 227
1756065933516 28.12047004699707 228
1756065933545 24.376779556274414 229
1756065933574 27.08592414855957 230
1756065933607 25.12835693359375 231
1756065933637 25.97975730895996 232
1756065933667 24.785329818725586 233
1756065933697 25.637269973754883 234
1756065933729 29.894573211669922 235
1756065933758 26.575756072998047 236
1756065933787 26.660030364990234 237
1756065933817 24.20046043395996 238
1756065933849 26.41132164001465 239
1756065933882 25.32511329650879 240
1756065933916 26.151086807250977 241
1756065933951 29.965852737426758 242
1756065933984 23.652507781982422 243
1756065934017 24.785837173461914 244
1756065934049 28.80362892150879 245
1756065934080 27.731937408447266 246
1756065934112 24.735023498535156 247
1756065934146 26.94708251953125 248
1756065934177 27.64266014099121 249
1756065934206 26.903776168823242 250
1756065934236 23.27311134338379 251
1756065934268 25.717147827148438 252
1756065934298 30.045869827270508 253
1756065934331 31.003671646118164 254
1756065934364 28.044322967529297 255
1756065934396 26.599456787109375 256
1756065934428 25.519283294677734 257
1756065934457 29.87346839904785 258
1756065934486 24.71917152404785 259
1756065934515 28.88160514831543 260
1756065934545 26.566347122192383 261
1756065934574 24.482717514038086 262
1756065934607 26.939579010009766 263
1756065934639 28.21544647216797 264
1756065934671 27.602767944335938 265
1756065934702 26.467668533325195 266
1756065934734 27.858766555786133 267
1756065934764 23.976980209350586 268
1756065934793 26.253398895263672 269
1756065934824 24.184646606445312 270
1756065934857 28.992313385009766 271
1756065934890 23.632688522338867 272
1756065934922 26.941326141357422 273
1756065934954 28.05167579650879 274
1756065934985 27.276615142822266 275
1756065935016 28.455097198486328 276
1756065935048 24.750045776367188 277
1756065935080 27.060781478881836 278
1756065935112 23.406648635864258 279
1756065935143 28.643428802490234 280
1756065935175 29.301557540893555 281
1756065935207 28.724523544311523 282
1756065935238 23.296415328979492 283
1756065935270 28.952350616455078 284
1756065935301 23.987979888916016 285
1756065935333 27.9167537689209 286
1756065935364 28.707338333129883 287
1756065935393 29.695140838623047 288
1756065935422 25.929826736450195 289
1756065935451 23.651853561401367 290
1756065935480 29.714275360107422 291
1756065935509 25.103458404541016 292
1756065935539 24.019615173339844 293
1756065935572 22.514738082885742 294
1756065935602 30.58499526977539 295
1756065935631 29.612545013427734 296
1756065935660 25.56665802001953 297
1756065935689 23.07452392578125 298
1756065935722 27.457088470458984 299
1756065943821 48.57112121582031 0
1756065943852 48.46289825439453 1
1756065943885 48.31078338623047 2
1756065943917 48.16366958618164 3
1756065943945 48.20587921142578 4
1756065943972 47.80704116821289 5
1756065944000 47.59444046020508 6
1756065944027 47.58366012573242 7
1756065944054 47.346923828125 8
1756065944083 47.25909423828125 9
1756065944115 46.584190368652344 10
1756065944147 46.66986846923828 11
1756065944179 46.735992431640625 12
1756065944212 46.34292221069336 13
1756065944245 45.78599548339844 14
1756065944278 45.33748245239258 15
1756065944311 45.988319396972656 16
1756065944343 44.20353317260742 17
1756065944374 43.61359786987305 18
1756065944406 43.8371696472168 19
1756065944438 43.529972076416016 20
1756065944471 41.734375 21
1756065944500 41.95802688598633 22
1756065944530 41.08552169799805 23
1756065944561 39.7906379699707 24
1756065944593 39.721900939941406 25
1756065944624 35.74441146850586 26
1756065944656 38.209293365478516 27
1756065944687 32.977970123291016 28
1756065944718 35.37139892578125 29
1756065944750 33.89300537109375 30
1756065944780 28.211450576782227 31
1756065944811 28.791522979736328 32
1756065944843 30.730865478515625 33
1756065944873 28.15513801574707 34
1756065944904 27.013765335083008 35
1756065944933 25.996856689453125 36
1756065944964 26.048892974853516 37
1756065944995 29.614532470703125 38
1756065945027 23.65065574645996 39
1756065945059 27.07132339477539 40
1756065945091 23.70680809020996 41
1756065945124 28.020992279052734 42
1756065945156 25.269994735717773 43
1756065945188 24.50526237487793 44
1756065945218 24.735801696777344 45
1756065945250 25.29647445678711 46
1756065945279 26.05060386657715 47
1756065945307 28.020170211791992 48
1756065945335 24.57681655883789 49
1756065945364 26.12537384033203 50
1756065945392 27.1639347076416 51
1756065945420 29.044424057006836 52
1756065945448 23.166641235351562 53
1756065945477 28.00020408630371 54
1756065945505 24.920644760131836 55
1756065945538 27.37625503540039 56
1756065945572 27.02140235900879 57
1756065945601 24.9228458404541 58
1756065945630 22.382553100585938 59
1756065945665 25.682313919067383 60
1756065945700 29.86472511291504 61
1756065945735 30.2235164642334 62
1756065945770 23.606340408325195 63
1756065945803 22.73682975769043 64
1756065945837 25.474361419677734 65
1756065945870 27.73057746887207 66
1756065945898 28.76094627380371 67
1756065945930 23.2999324798584 68
1756065945964 24.88762092590332 69
1756065945996 22.40395164489746 70
1756065946031 26.50978660583496 71
1756065946064 23.84652328491211 72
1756065946093 22.010820388793945 73
1756065946125 24.02321434020996 74
1756065946155 24.73460578918457 75
1756065946187 23.449941635131836 76
1756065946216 22.622236251831055 77
1756065946244 28.50965690612793 78
1756065946272 27.42685890197754 79
1756065946300 22.143972396850586 80
1756065946329 24.954423904418945 81
1756065946357 21.765512466430664 82
1756065946387 21.36899757385254 83
1756065946419 29.078662872314453 84
1756065946451 26.537256240844727 85
1756065946480 24.20355796813965 86
1756065946509 25.180814743041992 87
1756065946539 24.714797973632812 88
1756065946569 25.33367919921875 89
1756065946602 26.795804977416992 90
1756065946636 23.387908935546875 91
1756065946668 28.59235954284668 92
1756065946701 27.328153610229492 93
1756065946733 25.06748390197754 94
1756065946766 23.3548641204834 95
1756065946798 26.35942840576172 96
1756065946830 26.484920501708984 97
1756065946862 23.215648651123047 98
1756065946894 24.178178787231445 99
1756065946925 23.833980560302734 100
1756065946959 26.139163970947266 101
1756065946992 24.603607177734375 102
1756065947021 17.06100082397461 103
1756065947049 24.357866287231445 104
1756065947079 27.624204635620117 105
1756065947107 22.785911560058594 106
1756065947139 24.71879768371582 107
1756065947168 22.198043823242188 108
1756065947197 21.97166633605957 109
1756065947226 26.866764068603516 110
1756065947254 25.459842681884766 111
1756065947283 24.920303344726562 112
1756065947311 22.255443572998047 113
1756065947340 27.63232421875 114
1756065947371 22.347970962524414 115
1756065947403 27.273218154907227 116
1756065947433 26.100961685180664 117
1756065947464 23.911846160888672 118
1756065947493 25.0617733001709 119
1756065947522 24.94832420349121 120
1756065947550 25.395963668823242 121
1756065947579 25.540225982666016 122
1756065947608 22.46101951599121 123
1756065947637 22.8466854095459 124
1756065947665 23.313844680786133 125
1756065947695 22.82694435119629 126
1756065947724 25.948753356933594 127
1756065947757 24.052827835083008 128
1756065947787 21.726322174072266 129
1756065947816 21.536943435668945 130
1756065947845 24.876018524169922 131
1756065947874 25.862104415893555 132
1756065947903 23.824682235717773 133
1756065947932 27.717134475708008 134
1756065947964 23.81102180480957 135
1756065947994 25.24250602722168 136
1756065948021 25.383445739746094 137
1756065948050 26.3514461517334 138
1756065948079 24.176807403564453 139
1756065948109 21.622814178466797 140
1756065948141 23.131105422973633 141
1756065948172 27.09340476989746 142
1756065948204 24.93067169189453 143
1756065948236 26.62086296081543 144
1756065948268 25.984439849853516 145
1756065948300 26.496864318847656 146
1756065948332 21.777305603027344 147
1756065948364 26.42384147644043 148
1756065948394 27.458959579467773 149
1756065948423 25.002241134643555 150
1756065948451 26.8740177154541 151
1756065948483 31.04019546508789 152
1756065948516 22.148160934448242 153
1756065948546 23.784719467163086 154
1756065948576 25.207948684692383 155
1756065948609 24.352886199951172 156
1756065948641 27.62148094177246 157
1756065948673 25.885744094848633 158
1756065948706 27.46036148071289 159
1756065948738 24.051544189453125 160
1756065948770 27.01923370361328 161
1756065948802 20.27400779724121 162
1756065948834 23.772985458374023 163
1756065948863 24.95197868347168 164
1756065948892 19.0140438079834 165
1756065948921 22.863576889038086 166
1756065948953 24.58054542541504 167
1756065948986 22.54081153869629 168
1756065949016 25.399852752685547 169
1756065949045 24.248016357421875 170
1756065949077 23.64012908935547 171
1756065949110 25.131694793701172 172
1756065949144 27.357011795043945 173
1756065949179 21.585468292236328 174
1756065949210 27.17206573486328 175
1756065949242 24.35746192932129 176
1756065949274 25.64149284362793 177
1756065949306 24.848819732666016 178
1756065949338 23.923011779785156 179
1756065949368 24.77873420715332 180
1756065949396 27.280742645263672 181
1756065949425 24.59522819519043 182
1756065949454 28.904727935791016 183
1756065949486 22.5219783782959 184
1756065949514 21.462562561035156 185
1756065949541 23.3027400970459 186
1756065949570 22.84246826171875 187
1756065949599 24.21864128112793 188
1756065949628 26.365053176879883 189
1756065949657 24.02593421936035 190
1756065949685 21.979583740234375 191
1756065949714 26.03825569152832 192
1756065949742 21.752798080444336 193
1756065949774 25.88324737548828 194
1756065949805 23.383140563964844 195
1756065949834 24.017303466796875 196
1756065949862 23.23716926574707 197
1756065949892 29.765531539916992 198
1756065949924 23.218374252319336 199
1756065949955 22.464977264404297 200
1756065949986 23.15264129638672 201
1756065950016 22.815221786499023 202
1756065950050 23.1458797454834 203
1756065950083 21.39964485168457 204
1756065950112 21.53056526184082 205
1756065950141 24.294498443603516 206
1756065950171 23.474525451660156 207
1756065950202 18.773067474365234 208
1756065950235 28.2565975189209 209
1756065950272 24.363096237182617 210
1756065950300 23.540494918823242 211
1756065950329 22.76171875 212
1756065950363 24.078262329101562 213
1756065950395 23.97920036315918 214
1756065950427 21.250593185424805 215
1756065950460 25.926483154296875 216
1756065950491 25.149015426635742 217
1756065950521 27.251401901245117 218
1756065950550 23.81977653503418 219
1756065950579 25.90463638305664 220
1756065950609 25.84456443786621 221
1756065950639 22.810848236083984 222
1756065950668 26.724702835083008 223
1756065950698 27.367679595947266 224
1756065950728 24.589853286743164 225
1756065950758 24.928918838500977 226
1756065950790 25.379302978515625 227
1756065950818 24.2368106842041 228
1756065950847 25.011537551879883 229
1756065950876 20.90399742126465 230
1756065950906 24.54981803894043 231
1756065950935 27.14207649230957 232
1756065950967 25.25932502746582 233
1756065950999 29.78626823425293 234
1756065951027 24.434743881225586 235
1756065951056 24.40801429748535 236
1756065951087 24.17575454711914 237
1756065951116 23.52199363708496 238
1756065951146 23.146989822387695 239
1756065951176 25.33390998840332 240
1756065951205 23.287954330444336 241
1756065951236 23.947168350219727 242
1756065951267 24.53599739074707 243
1756065951297 25.553180694580078 244
1756065951327 21.2008056640625 245
1756065951357 24.08382797241211 246
1756065951386 25.2220458984375 247
1756065951415 22.29915428161621 248
1756065951445 22.58103370666504 249
1756065951475 23.659027099609375 250
1756065951504 25.391393661499023 251
1756065951534 25.467880249023438 252
1756065951566 26.081398010253906 253
1756065951598 23.829809188842773 254
1756065951629 24.64903450012207 255
1756065951659 22.99962043762207 256
1756065951690 22.226411819458008 257
1756065951722 23.455524444580078 258
1756065951755 25.13673210144043 259
1756065951787 23.854957580566406 260
1756065951816 23.22904396057129 261
1756065951844 23.567169189453125 262
1756065951873 24.61092758178711 263
1756065951902 23.435245513916016 264
1756065951931 29.483135223388672 265
1756065951960 21.143436431884766 266
1756065951989 25.09519386291504 267
1756065952017 29.35710334777832 268
1756065952046 22.93995475769043 269
1756065952076 25.14779281616211 270
1756065952107 24.434932708740234 271
1756065952140 22.35298728942871 272
1756065952174 23.216135025024414 273
1756065952205 25.325843811035156 274
1756065952234 24.761310577392578 275
1756065952264 23.114208221435547 276
1756065952297 24.742454528808594 277
1756065952328 21.752016067504883 278
1756065952358 23.258302688598633 279
1756065952387 27.96955108642578 280
1756065952417 21.51971435546875 281
1756065952446 22.926746368408203 282
1756065952480 22.804847717285156 283
1756065952515 21.59090232849121 284
1756065952547 23.2093448638916 285
1756065952582 25.018115997314453 286
1756065952618 25.29587745666504 287
1756065952652 23.836933135986328 288
1756065952685 20.81186866760254 289
1756065952718 26.277748107910156 290
1756065952752 24.99089241027832 291
1756065952786 24.91997718811035 292
1756065952819 21.46849250793457 293
1756065952852 26.51468849182129 294
1756065952886 28.642913818359375 295
1756065952919 23.182403564453125 296
1756065952950 27.582319259643555 297
1756065952978 22.132740020751953 298
1756065953011 25.839109420776367 299
1756065961119 50.19168472290039 0
1756065961153 50.18743896484375 1
1756065961189 50.191322326660156 2
1756065961219 50.11492919921875 3
1756065961247 50.04800796508789 4
1756065961275 49.911895751953125 5
1756065961303 49.96757507324219 6
1756065961331 49.79451370239258 7
1756065961360 49.720970153808594 8
1756065961388 49.548484802246094 9
1756065961416 49.363685607910156 10
1756065961444 49.23386764526367 11
1756065961472 48.90245056152344 12
1756065961501 48.716915130615234 13
1756065961529 48.613155364990234 14
1756065961563 48.334205627441406 15
1756065961599 47.922576904296875 16
1756065961629 47.24961471557617 17
1756065961658 47.27696228027344 18
1756065961687 45.92420959472656 19
1756065961717 46.785465240478516 20
1756065961745 44.586029052734375 21
1756065961774 44.451683044433594 22
1756065961802 43.0800666809082 23
1756065961831 43.26084518432617 24
1756065961859 40.92354202270508 25
1756065961888 39.92959976196289 26
1756065961917 38.09995651245117 27
1756065961945 37.398529052734375 28
1756065961974 35.16329574584961 29
1756065962002 33.77986526489258 30
1756065962031 35.46343231201172 31
1756065962059 31.049678802490234 32
1756065962088 32.66626739501953 33
1756065962116 28.914522171020508 34
1756065962146 30.816280364990234 35
1756065962174 28.13188362121582 36
1756065962204 25.977693557739258 37
1756065962232 26.757658004760742 38
1756065962265 27.906585693359375 39
1756065962297 28.192550659179688 40
1756065962328 28.460880279541016 41
1756065962356 22.526594161987305 42
1756065962384 24.427114486694336 43
1756065962414 27.654497146606445 44
1756065962446 24.563127517700195 45
1756065962475 26.38886833190918 46
1756065962504 25.279708862304688 47
1756065962536 25.049226760864258 48
1756065962568 26.156147003173828 49
1756065962600 22.76747703552246 50
1756065962631 25.063358306884766 51
1756065962662 24.988510131835938 52
1756065962693 21.422027587890625 53
1756065962724 24.934064865112305 54
1756065962753 26.477907180786133 55
1756065962781 25.778594970703125 56
1756065962808 25.745439529418945 57
1756065962837 24.36131477355957 58
1756065962867 23.209707260131836 59
1756065962895 22.863754272460938 60
1756065962924 25.765832901000977 61
1756065962957 27.084190368652344 62
1756065962989 26.297813415527344 63
1756065963022 26.128915786743164 64
1756065963054 25.469961166381836 65
1756065963087 24.956592559814453 66
1756065963120 25.290082931518555 67
1756065963152 26.359819412231445 68
1756065963180 25.72621726989746 69
1756065963209 27.467021942138672 70
1756065963238 26.02413558959961 71
1756065963266 25.26715087890625 72
1756065963295 22.20973777770996 73
1756065963323 27.732913970947266 74
1756065963354 23.844619750976562 75
1756065963387 21.51788330078125 76
1756065963416 28.148279190063477 77
1756065963448 25.18553352355957 78
1756065963480 24.09613037109375 79
1756065963512 25.822834014892578 80
1756065963544 23.711223602294922 81
1756065963576 24.074369430541992 82
1756065963609 24.4267520904541 83
1756065963644 26.467269897460938 84
1756065963678 25.070579528808594 85
1756065963710 22.159629821777344 86
1756065963743 25.40142822265625 87
1756065963779 26.66093635559082 88
1756065963812 23.533723831176758 89
1756065963845 22.300844192504883 90
1756065963877 22.811012268066406 91
1756065963910 24.08372688293457 92
1756065963941 27.169776916503906 93
1756065963973 24.520605087280273 94
1756065964005 22.69602394104004 95
1756065964038 25.23905372619629 96
1756065964071 24.399370193481445 97
1756065964103 26.66707420349121 98
1756065964135 23.508014678955078 99
1756065964163 27.30522346496582 100
1756065964192 24.832277297973633 101
1756065964220 30.593839645385742 102
1756065964250 22.157363891601562 103
1756065964283 22.407129287719727 104
1756065964315 22.08184814453125 105
1756065964348 24.17994499206543 106
1756065964380 24.123197555541992 107
1756065964411 28.990703582763672 108
1756065964439 24.67595672607422 109
1756065964468 25.05066680908203 110
1756065964496 25.50604820251465 111
1756065964525 30.064411163330078 112
1756065964553 23.467391967773438 113
1756065964581 23.508695602416992 114
1756065964614 24.1779842376709 115
1756065964645 20.603017807006836 116
1756065964678 25.657108306884766 117
1756065964710 25.093780517578125 118
1756065964742 24.57229995727539 119
1756065964771 22.827482223510742 120
1756065964800 25.723852157592773 121
1756065964829 24.533029556274414 122
1756065964859 24.78993797302246 123
1756065964889 27.269847869873047 124
1756065964922 24.254499435424805 125
1756065964953 24.968994140625 126
1756065964982 26.912668228149414 127
1756065965010 25.858121871948242 128
1756065965039 27.931018829345703 129
1756065965067 22.28160858154297 130
1756065965098 24.03223991394043 131
1756065965127 22.435340881347656 132
1756065965156 28.01655387878418 133
1756065965185 24.00377655029297 134
1756065965214 24.60966682434082 135
1756065965244 23.462520599365234 136
1756065965274 23.0312557220459 137
1756065965303 25.298616409301758 138
1756065965331 22.354555130004883 139
1756065965361 25.4262638092041 140
1756065965390 23.357593536376953 141
1756065965419 25.749496459960938 142
1756065965448 26.96010971069336 143
1756065965477 21.705476760864258 144
1756065965506 22.25356101989746 145
1756065965535 26.266033172607422 146
1756065965564 22.73607063293457 147
1756065965597 26.226444244384766 148
1756065965630 20.311189651489258 149
1756065965659 26.182861328125 150
1756065965690 23.90346908569336 151
1756065965719 26.64270782470703 152
1756065965749 23.35589599609375 153
1756065965782 23.301647186279297 154
1756065965813 23.825153350830078 155
1756065965845 26.697044372558594 156
1756065965878 27.0607852935791 157
1756065965911 24.86118507385254 158
1756065965942 23.554515838623047 159
1756065965971 25.262248992919922 160
1756065966000 24.22356414794922 161
1756065966029 24.11334228515625 162
1756065966061 25.370624542236328 163
1756065966093 26.54224395751953 164
1756065966125 22.249298095703125 165
1756065966157 22.785236358642578 166
1756065966190 23.498014450073242 167
1756065966222 20.10622787475586 168
1756065966254 25.686416625976562 169
1756065966284 20.407167434692383 170
1756065966313 23.0024471282959 171
1756065966343 23.634740829467773 172
1756065966374 23.315048217773438 173
1756065966403 24.950769424438477 174
1756065966432 25.68279457092285 175
1756065966464 24.42459487915039 176
1756065966496 25.15478515625 177
1756065966528 20.306617736816406 178
1756065966558 19.81226921081543 179
1756065966587 25.94586181640625 180
1756065966616 22.658084869384766 181
1756065966645 25.42645263671875 182
1756065966674 24.8958740234375 183
1756065966708 22.10709571838379 184
1756065966741 26.86518096923828 185
1756065966774 24.372066497802734 186
1756065966807 24.02978515625 187
1756065966836 22.311874389648438 188
1756065966865 26.59482192993164 189
1756065966893 24.649038314819336 190
1756065966922 22.332822799682617 191
1756065966952 24.030391693115234 192
1756065966982 25.52018928527832 193
1756065967011 25.962839126586914 194
1756065967039 21.47690200805664 195
1756065967069 24.27149772644043 196
1756065967102 26.400299072265625 197
1756065967134 24.418869018554688 198
1756065967166 22.49163246154785 199
1756065967196 24.50455093383789 200
1756065967229 19.244979858398438 201
1756065967262 22.52195930480957 202
1756065967295 22.45037078857422 203
1756065967323 24.198198318481445 204
1756065967352 23.743152618408203 205
1756065967385 21.496295928955078 206
1756065967417 22.587589263916016 207
1756065967448 26.33485984802246 208
1756065967476 20.589168548583984 209
1756065967505 22.36244010925293 210
1756065967533 22.473623275756836 211
1756065967562 24.797433853149414 212
1756065967590 22.17156982421875 213
1756065967619 21.85125732421875 214
1756065967649 22.87489891052246 215
1756065967678 21.707780838012695 216
1756065967711 26.410335540771484 217
1756065967743 22.23908233642578 218
1756065967772 24.344228744506836 219
1756065967801 26.21327781677246 220
1756065967830 23.065078735351562 221
1756065967859 24.956218719482422 222
1756065967888 24.239151000976562 223
1756065967918 25.661376953125 224
1756065967946 21.478845596313477 225
1756065967974 22.737957000732422 226
1756065968003 27.11044692993164 227
1756065968031 22.995820999145508 228
1756065968060 22.66411018371582 229
1756065968091 21.889616012573242 230
1756065968121 21.899394989013672 231
1756065968149 21.528644561767578 232
1756065968182 25.575117111206055 233
1756065968212 21.39638900756836 234
1756065968241 19.851558685302734 235
1756065968271 25.062416076660156 236
1756065968300 24.87135124206543 237
1756065968328 23.956077575683594 238
1756065968359 21.916847229003906 239
1756065968389 23.657615661621094 240
1756065968422 26.207515716552734 241
1756065968752 22.303226470947266 242
1756065968779 21.899642944335938 243
1756065968808 22.129446029663086 244
1756065968836 23.385456085205078 245
1756065968866 27.68284797668457 246
1756065968895 23.514400482177734 247
1756065968924 27.352252960205078 248
1756065968952 20.66612434387207 249
1756065968981 28.617042541503906 250
1756065969010 21.66342544555664 251
1756065969039 26.389570236206055 252
1756065969068 24.331457138061523 253
1756065969099 20.721952438354492 254
1756065969132 22.37978744506836 255
1756065969165 24.75476837158203 256
1756065969196 24.49864959716797 257
1756065969225 24.92798614501953 258
1756065969256 26.18039321899414 259
1756065969286 25.929668426513672 260
1756065969318 24.867528915405273 261
1756065969349 24.4976863861084 262
1756065969378 23.077068328857422 263
1756065969410 24.36580467224121 264
1756065969443 20.76848602294922 265
1756065969476 20.015018463134766 266
1756065969509 26.815391540527344 267
1756065969539 24.734392166137695 268
1756065969569 18.962318420410156 269
1756065969601 23.1853084564209 270
1756065969634 24.307796478271484 271
1756065969665 23.30227279663086 272
1756065969697 22.32554054260254 273
1756065969728 20.108917236328125 274
1756065969757 23.38865852355957 275
1756065969787 23.083093643188477 276
1756065969816 24.218786239624023 277
1756065969848 26.449371337890625 278
1756065969882 21.945159912109375 279
1756065969917 20.687328338623047 280
1756065969953 25.191497802734375 281
1756065969988 21.627811431884766 282
1756065970022 26.439537048339844 283
1756065970058 23.377538681030273 284
1756065970093 23.42961883544922 285
1756065970125 25.629148483276367 286
1756065970159 24.795940399169922 287
1756065970193 21.75518798828125 288
1756065970225 26.098684310913086 289
1756065970257 23.262117385864258 290
1756065970290 25.086009979248047 291
1756065970319 24.2278995513916 292
1756065970348 23.126028060913086 293
1756065970377 22.646987915039062 294
1756065970406 22.60455894470215 295
1756065970435 21.033672332763672 296
1756065970464 19.713623046875 297
1756065970493 23.116722106933594 298
1756065970522 23.407297134399414 299
1756065978639 48.619815826416016 0
1756065978671 48.46753692626953 1
1756065978703 48.33821487426758 2
1756065978736 48.22127151489258 3
1756065978773 48.04104995727539 4
1756065978805 48.147098541259766 5
1756065978837 47.72334671020508 6
1756065978866 47.56388473510742 7
1756065978895 47.45346450805664 8
1756065978926 47.18400573730469 9
1756065978957 47.077938079833984 10
1756065978990 46.55995178222656 11
1756065979019 46.227664947509766 12
1756065979048 46.04180908203125 13
1756065979079 45.5536994934082 14
1756065979108 45.4123420715332 15
1756065979137 45.178802490234375 16
1756065979168 43.81861114501953 17
1756065979199 43.06864929199219 18
1756065979231 42.86992263793945 19
1756065979264 41.84135818481445 20
1756065979296 41.418975830078125 21
1756065979329 40.20167541503906 22
1756065979362 40.287391662597656 23
1756065979394 38.11247253417969 24
1756065979426 36.97344970703125 25
1756065979459 34.103450775146484 26
1756065979490 33.35383224487305 27
1756065979519 33.19377136230469 28
1756065979548 32.89853286743164 29
1756065979576 29.678157806396484 30
1756065979605 24.33209800720215 31
1756065979634 24.70891571044922 32
1756065979663 28.03293800354004 33
1756065979693 24.928468704223633 34
1756065979722 23.605024337768555 35
1756065979752 23.8709774017334 36
1756065979781 25.322847366333008 37
1756065979810 28.399131774902344 38
1756065979839 27.293725967407227 39
1756065979871 25.251544952392578 40
1756065979904 29.235557556152344 41
1756065979937 20.865352630615234 42
1756065979969 20.14284324645996 43
1756065980002 23.70945167541504 44
1756065980034 24.69670867919922 45
1756065980066 22.722759246826172 46
1756065980096 23.028717041015625 47
1756065980129 26.397974014282227 48
1756065980162 28.21214485168457 49
1756065980195 29.640195846557617 50
1756065980228 23.94542121887207 51
1756065980261 23.674694061279297 52
1756065980294 25.19725227355957 53
1756065980327 22.979360580444336 54
1756065980359 22.5172061920166 55
1756065980391 23.17803955078125 56
1756065980423 25.949647903442383 57
1756065980456 24.241573333740234 58
1756065980489 24.8115291595459 59
1756065980522 22.506351470947266 60
1756065980553 25.971710205078125 61
1756065980582 27.680604934692383 62
1756065980611 23.524198532104492 63
1756065980639 22.6456298828125 64
1756065980668 24.55413818359375 65
1756065980700 24.037242889404297 66
1756065980732 27.245689392089844 67
1756065980765 22.74639129638672 68
1756065980800 24.40372657775879 69
1756065980836 24.844942092895508 70
1756065980870 26.64036750793457 71
1756065980904 24.75914192199707 72
1756065980938 24.38824462890625 73
1756065980971 27.44026756286621 74
1756065981001 25.26412582397461 75
1756065981029 26.784008026123047 76
1756065981057 26.662899017333984 77
1756065981086 22.014434814453125 78
1756065981120 20.182945251464844 79
1756065981153 26.164674758911133 80
1756065981185 25.452993392944336 81
1756065981216 25.358428955078125 82
1756065981249 24.35525894165039 83
1756065981282 24.458600997924805 84
1756065981318 25.90062141418457 85
1756065981353 23.353729248046875 86
1756065981387 23.3841552734375 87
1756065981422 23.046140670776367 88
1756065981457 24.480056762695312 89
1756065981491 24.77159309387207 90
1756065981523 25.552291870117188 91
1756065981556 26.028335571289062 92
1756065981589 22.55161476135254 93
1756065981623 21.783016204833984 94
1756065981655 20.03561019897461 95
1756065981686 23.160011291503906 96
1756065981718 25.90228271484375 97
1756065981750 24.777347564697266 98
1756065981783 28.090917587280273 99
1756065981816 24.2449951171875 100
1756065981848 23.997915267944336 101
1756065981879 26.9788818359375 102
1756065981913 27.227466583251953 103
1756065981948 21.38663101196289 104
1756065981983 26.03866195678711 105
1756065982018 23.277019500732422 106
1756065982053 23.7784366607666 107
1756065982087 26.128665924072266 108
1756065982122 28.12712860107422 109
1756065982154 23.50685691833496 110
1756065982183 19.463851928710938 111
1756065982212 24.718334197998047 112
1756065982241 24.63469696044922 113
1756065982270 25.46603775024414 114
1756065982301 21.5759220123291 115
1756065982330 23.206634521484375 116
1756065982359 25.8431396484375 117
1756065982388 21.907123565673828 118
1756065982420 23.722108840942383 119
1756065982451 21.241504669189453 120
1756065982483 25.24188995361328 121
1756065982515 23.285404205322266 122
1756065982546 22.3804874420166 123
1756065982575 20.76698112487793 124
1756065982605 21.657779693603516 125
1756065982634 27.542938232421875 126
1756065982663 24.799015045166016 127
1756065982692 24.772634506225586 128
1756065982722 22.15402603149414 129
1756065982751 25.84468650817871 130
1756065982783 23.891483306884766 131
1756065982816 22.170391082763672 132
1756065982849 19.974910736083984 133
1756065982882 21.207746505737305 134
1756065982913 23.975330352783203 135
1756065982945 23.313472747802734 136
1756065982977 21.88371467590332 137
1756065983007 23.499536514282227 138
1756065983035 23.730743408203125 139
1756065983068 23.259716033935547 140
1756065983098 23.220327377319336 141
1756065983128 25.205677032470703 142
1756065983157 24.33353614807129 143
1756065983186 25.03498077392578 144
1756065983215 24.18503761291504 145
1756065983243 22.721237182617188 146
1756065983272 23.322731018066406 147
1756065983305 20.150876998901367 148
1756065983339 20.50082015991211 149
1756065983372 26.419179916381836 150
1756065983405 23.164642333984375 151
1756065983437 24.407691955566406 152
1756065983469 19.85738182067871 153
1756065983499 23.572601318359375 154
1756065983528 26.486112594604492 155
1756065983558 20.552453994750977 156
1756065983587 23.223316192626953 157
1756065983616 21.79401969909668 158
1756065983645 25.816617965698242 159
1756065983675 26.439281463623047 160
1756065983703 21.58305549621582 161
1756065983732 23.33873748779297 162
1756065983762 27.450233459472656 163
1756065983791 20.82748794555664 164
1756065983820 25.114578247070312 165
1756065983849 22.68275260925293 166
1756065983878 24.94611167907715 167
1756065983908 22.480138778686523 168
1756065983937 22.61137580871582 169
1756065983970 25.379638671875 170
1756065984000 23.945293426513672 171
1756065984029 23.029207229614258 172
1756065984058 23.256006240844727 173
1756065984086 21.409950256347656 174
1756065984118 24.234970092773438 175
1756065984151 24.01569366455078 176
1756065984183 20.697994232177734 177
1756065984217 24.346343994140625 178
1756065984249 24.732807159423828 179
1756065984281 25.229244232177734 180
1756065984311 19.848819732666016 181
1756065984340 23.300033569335938 182
1756065984370 25.490249633789062 183
1756065984403 25.25547218322754 184
1756065984433 20.97114372253418 185
1756065984465 23.694936752319336 186
1756065984495 22.940858840942383 187
1756065984523 21.731895446777344 188
1756065984553 19.884578704833984 189
1756065984586 25.86527442932129 190
1756065984617 23.61900520324707 191
1756065984646 23.17210578918457 192
1756065984675 21.410306930541992 193
1756065984707 25.398544311523438 194
1756065984737 26.033920288085938 195
1756065984767 24.540313720703125 196
1756065984797 27.849096298217773 197
1756065984827 25.308650970458984 198
1756065984856 19.484041213989258 199
1756065984890 23.303422927856445 200
1756065984929 25.341476440429688 201
1756065984966 21.88145637512207 202
1756065984998 23.358535766601562 203
1756065985030 24.835573196411133 204
1756065985062 23.505578994750977 205
1756065985094 22.66294288635254 206
1756065985127 20.715816497802734 207
1756065985159 21.425214767456055 208
1756065985189 25.52801513671875 209
1756065985217 21.857959747314453 210
1756065985246 24.946195602416992 211
1756065985275 25.323307037353516 212
1756065985303 25.271562576293945 213
1756065985332 24.42807960510254 214
1756065985361 26.6424503326416 215
1756065985389 21.452056884765625 216
1756065985422 26.392553329467773 217
1756065985454 23.667499542236328 218
1756065985484 21.459123611450195 219
1756065985514 22.95988655090332 220
1756065985547 24.360424041748047 221
1756065985579 24.014236450195312 222
1756065985613 26.266820907592773 223
1756065985646 21.740127563476562 224
1756065985679 23.338335037231445 225
1756065985711 23.54170799255371 226
1756065985742 22.37510108947754 227
1756065985771 24.705795288085938 228
1756065985804 24.102680206298828 229
1756065985835 28.110445022583008 230
1756065985867 23.877790451049805 231
1756065985900 25.702733993530273 232
1756065985930 23.584064483642578 233
1756065985959 19.88584327697754 234
1756065985988 21.800540924072266 235
1756065986017 24.37685203552246 236
1756065986046 25.143857955932617 237
1756065986075 22.984460830688477 238
1756065986106 21.239274978637695 239
1756065986135 23.292282104492188 240
1756065986165 22.7730655670166 241
1756065986194 19.445438385009766 242
1756065986226 22.453876495361328 243
1756065986259 25.365550994873047 244
1756065986288 21.8284912109375 245
1756065986317 20.63718032836914 246
1756065986346 25.410789489746094 247
1756065986377 25.685441970825195 248
1756065986406 24.412128448486328 249
1756065986435 21.002063751220703 250
1756065986464 24.270620346069336 251
1756065986493 22.819011688232422 252
1756065986526 22.411720275878906 253
1756065986556 23.10044288635254 254
1756065986585 22.54828453063965 255
1756065986617 19.834482192993164 256
1756065986650 21.37746238708496 257
1756065986683 24.33976936340332 258
1756065986717 23.569955825805664 259
1756065986746 21.96321678161621 260
1756065986775 25.063114166259766 261
1756065986804 26.459190368652344 262
1756065986833 22.930450439453125 263
1756065986866 23.929349899291992 264
1756065986896 23.164777755737305 265
1756065986926 23.423828125 266
1756065986957 17.205036163330078 267
1756065986991 20.9776668548584 268
1756065987024 22.70955467224121 269
1756065987053 24.33443832397461 270
1756065987082 22.640117645263672 271
1756065987111 21.706249237060547 272
1756065987140 22.316162109375 273
1756065987168 24.244144439697266 274
1756065987197 20.65616798400879 275
1756065987227 22.536853790283203 276
1756065987259 24.260583877563477 277
1756065987288 21.63318634033203 278
1756065987321 20.362911224365234 279
1756065987350 21.909635543823242 280
1756065987380 19.740604400634766 281
1756065987410 22.374202728271484 282
1756065987442 24.095014572143555 283
1756065987474 23.53426170349121 284
1756065987507 22.42617416381836 285
1756065987540 22.03386688232422 286
1756065987574 24.019102096557617 287
1756065987607 24.14162254333496 288
1756065987641 21.97504425048828 289
1756065987677 24.122257232666016 290
1756065987710 21.801883697509766 291
1756065987744 22.347904205322266 292
1756065987777 24.593276977539062 293
1756065987808 20.571443557739258 294
1756065987841 21.163898468017578 295
1756065987874 21.82895851135254 296
1756065987906 23.53629493713379 297
1756065987938 21.384586334228516 298
1756065987969 21.648162841796875 299
1756065996067 50.22431945800781 0
1756065996094 50.19930648803711 1
1756065996123 50.1817626953125 2
1756065996149 50.17466354370117 3
1756065996177 50.17421340942383 4
1756065996203 50.122379302978516 5
1756065996228 50.09969711303711 6
1756065996256 50.08766174316406 7
1756065996282 50.10018539428711 8
1756065996306 50.0125617980957 9
1756065996330 50.022911071777344 10
1756065996355 49.98731231689453 11
1756065996382 49.86785125732422 12
1756065996410 49.832767486572266 13
1756065996438 49.73448181152344 14
1756065996463 49.733036041259766 15
1756065996487 49.6571044921875 16
1756065996515 49.64623260498047 17
1756065996541 49.677955627441406 18
1756065996569 49.61614990234375 19
1756065996596 49.38611602783203 20
1756065996624 49.43482971191406 21
1756065996651 49.192623138427734 22
1756065996676 49.13381576538086 23
1756065996701 49.057682037353516 24
1756065996725 48.89267349243164 25
1756065996749 48.87827682495117 26
1756065996774 48.67770767211914 27
1756065996798 48.76024627685547 28
1756065996822 48.11320495605469 29
1756065996848 47.9550895690918 30
1756065996876 47.99659729003906 31
1756065996900 47.95621871948242 32
1756065996925 47.94264221191406 33
1756065996950 47.53343963623047 34
1756065996975 47.56240463256836 35
1756065997000 47.32090377807617 36
1756065997025 47.09281539916992 37
1756065997049 47.339717864990234 38
1756065997074 46.16743087768555 39
1756065997100 45.98008346557617 40
1756065997126 46.77846908569336 41
1756065997151 45.49738693237305 42
1756065997176 45.2390022277832 43
1756065997204 44.672630310058594 44
1756065997230 45.193668365478516 45
1756065997258 44.23774337768555 46
1756065997284 43.13381576538086 47
1756065997312 43.46619415283203 48
1756065997343 44.0601806640625 49
1756065997372 44.38828659057617 50
1756065997401 41.52305221557617 51
1756065997432 42.273494720458984 52
1756065997460 41.497589111328125 53
1756065997489 40.63192367553711 54
1756065997515 40.0588264465332 55
1756065997540 40.13822937011719 56
1756065997564 39.810951232910156 57
1756065997589 38.968894958496094 58
1756065997616 38.57430648803711 59
1756065997641 39.516326904296875 60
1756065997665 35.752803802490234 61
1756065997690 37.1751594543457 62
1756065997715 35.23763656616211 63
1756065997740 36.732933044433594 64
1756065997765 36.65394973754883 65
1756065997790 35.761878967285156 66
1756065997819 37.18735885620117 67
1756065997847 30.79041290283203 68
1756065997875 36.40956497192383 69
1756065997903 31.858179092407227 70
1756065997930 33.715091705322266 71
1756065997955 33.31052780151367 72
1756065997980 30.44428825378418 73
1756065998005 30.986867904663086 74
1756065998030 30.593050003051758 75
1756065998055 26.051025390625 76
1756065998083 28.879165649414062 77
1756065998112 28.576627731323242 78
1756065998140 25.737438201904297 79
1756065998167 28.702823638916016 80
1756065998192 30.30698013305664 81
1756065998217 29.588619232177734 82
1756065998241 27.708208084106445 83
1756065998265 25.753515243530273 84
1756065998290 25.138912200927734 85
1756065998314 28.904293060302734 86
1756065998340 29.108449935913086 87
1756065998365 28.115970611572266 88
1756065998390 24.144248962402344 89
1756065998419 28.230209350585938 90
1756065998447 30.308767318725586 91
1756065998475 27.399877548217773 92
1756065998502 27.994853973388672 93
1756065998530 26.681625366210938 94
1756065998557 28.989765167236328 95
1756065998584 29.17216682434082 96
1756065998612 29.090496063232422 97
1756065998639 30.95919418334961 98
1756065998663 27.6364688873291 99
1756065998688 29.835773468017578 100
1756065998712 27.79014778137207 101
1756065998737 30.36904525756836 102
1756065998761 30.060935974121094 103
1756065998785 25.449750900268555 104
1756065998810 25.98771095275879 105
1756065998834 26.015161514282227 106
1756065998861 27.827980041503906 107
1756065998889 23.34669303894043 108
1756065998913 31.62550163269043 109
1756065998938 28.77920150756836 110
1756065998962 29.62862777709961 111
1756065998987 23.936508178710938 112
1756065999013 25.46099853515625 113
1756065999041 25.155168533325195 114
1756065999066 27.983518600463867 115
1756065999093 29.181476593017578 116
1756065999123 24.86471939086914 117
1756065999150 31.02916717529297 118
1756065999177 29.631988525390625 119
1756065999203 27.55402183532715 120
1756065999230 27.346689224243164 121
1756065999258 27.786678314208984 122
1756065999285 28.44804573059082 123
1756065999324 27.229610443115234 124
1756065999352 29.320375442504883 125
1756065999377 27.329824447631836 126
1756065999401 29.630327224731445 127
1756065999425 29.938209533691406 128
1756065999450 24.7666015625 129
1756065999476 28.532344818115234 130
1756065999504 26.43128204345703 131
1756065999528 29.180280685424805 132
1756065999553 27.593303680419922 133
1756065999578 23.616010665893555 134
1756065999604 26.19268035888672 135
1756065999633 28.247060775756836 136
1756065999662 27.92625617980957 137
1756065999689 24.830461502075195 138
1756065999717 24.54351806640625 139
1756065999743 30.3723201751709 140
1756065999768 30.990449905395508 141
1756065999793 30.469152450561523 142
1756065999818 26.57972526550293 143
1756065999843 26.15440559387207 144
1756065999868 28.09894371032715 145
1756065999893 25.434646606445312 146
1756065999918 26.974748611450195 147
1756065999943 28.076976776123047 148
1756065999968 28.16109848022461 149
1756065999992 27.34510040283203 150
1756066000017 27.467092514038086 151
1756066000042 30.306697845458984 152
1756066000067 33.20254135131836 153
1756066000091 30.744117736816406 154
1756066000118 26.105531692504883 155
1756066000145 27.59101676940918 156
1756066000173 28.714698791503906 157
1756066000200 23.275182723999023 158
1756066000228 31.811433792114258 159
1756066000256 26.846473693847656 160
1756066000284 26.118877410888672 161
1756066000313 28.854646682739258 162
1756066000341 30.41783332824707 163
1756066000368 29.75387191772461 164
1756066000395 29.763227462768555 165
1756066000423 28.832820892333984 166
1756066000448 25.754379272460938 167
1756066000472 23.498220443725586 168
1756066000499 27.22251319885254 169
1756066000525 27.22481918334961 170
1756066000552 27.783323287963867 171
1756066000579 29.587642669677734 172
1756066000606 25.975008010864258 173
1756066000635 30.003259658813477 174
1756066000665 31.737028121948242 175
1756066000695 26.93730354309082 176
1756066000725 24.100027084350586 177
1756066000755 27.238487243652344 178
1756066000784 26.902606964111328 179
1756066000814 26.829771041870117 180
1756066000843 25.51217269897461 181
1756066000872 27.02602195739746 182
1756066000901 30.518009185791016 183
1756066000930 27.236745834350586 184
1756066000954 30.050806045532227 185
1756066000979 30.513566970825195 186
1756066001006 26.249008178710938 187
1756066001034 28.590845108032227 188
1756066001063 26.01810073852539 189
1756066001089 28.63333511352539 190
1756066001116 28.36338233947754 191
1756066001143 27.985647201538086 192
1756066001169 32.118682861328125 193
1756066001195 25.04564094543457 194
1756066001222 26.53681182861328 195
1756066001248 27.008649826049805 196
1756066001275 24.638132095336914 197
1756066001304 30.190366744995117 198
1756066001332 27.867259979248047 199
1756066001359 26.40846061706543 200
1756066001385 23.575428009033203 201
1756066001413 27.067745208740234 202
1756066001440 27.068321228027344 203
1756066001466 30.322906494140625 204
1756066001493 29.34634017944336 205
1756066001521 25.04827117919922 206
1756066001549 28.468151092529297 207
1756066001577 26.753278732299805 208
1756066001603 25.667922973632812 209
1756066001631 28.660526275634766 210
1756066001656 24.968713760375977 211
1756066001681 27.887643814086914 212
1756066001706 25.103410720825195 213
1756066001730 29.77851104736328 214
1756066001755 28.46906089782715 215
1756066001780 27.68621826171875 216
1756066001806 28.21992301940918 217
1756066001833 29.57754135131836 218
1756066001860 29.694398880004883 219
1756066001886 26.48480987548828 220
1756066001912 26.440399169921875 221
1756066001940 24.710838317871094 222
1756066001968 28.004648208618164 223
1756066001996 29.23447608947754 224
1756066002025 26.355663299560547 225
1756066002053 26.57383918762207 226
1756066002082 27.134822845458984 227
1756066002112 26.94565773010254 228
1756066002141 29.175382614135742 229
1756066002167 31.807903289794922 230
1756066002192 23.838499069213867 231
1756066002216 29.182512283325195 232
1756066002241 26.523479461669922 233
1756066002266 27.550504684448242 234
1756066002291 26.79090690612793 235
1756066002317 27.213626861572266 236
1756066002345 23.88903045654297 237
1756066002375 27.19438934326172 238
1756066002403 26.400442123413086 239
1756066002428 28.850881576538086 240
1756066002451 25.498838424682617 241
1756066002475 30.707592010498047 242
1756066002500 26.048856735229492 243
1756066002525 28.667055130004883 244
1756066002552 25.193483352661133 245
1756066002579 28.097820281982422 246
1756066002607 30.73460578918457 247
1756066002637 28.260292053222656 248
1756066002666 26.909156799316406 249
1756066002693 26.869543075561523 250
1756066002721 27.113744735717773 251
1756066002748 26.323760986328125 252
1756066002775 26.62906837463379 253
1756066002801 26.28472137451172 254
1756066002829 28.55597496032715 255
1756066002855 28.640003204345703 256
1756066002879 29.17405891418457 257
1756066002904 26.03509521484375 258
1756066002929 30.704904556274414 259
1756066002955 26.776803970336914 260
1756066002981 26.433780670166016 261
1756066003006 30.686246871948242 262
1756066003030 22.85746192932129 263
1756066003055 29.247482299804688 264
1756066003082 31.11739730834961 265
1756066003108 29.734350204467773 266
1756066003135 29.006887435913086 267
1756066003161 27.160926818847656 268
1756066003190 28.31180191040039 269
1756066003216 25.35112953186035 270
1756066003241 27.166690826416016 271
1756066003266 28.284259796142578 272
1756066003290 25.440271377563477 273
1756066003315 29.01468276977539 274
1756066003340 28.096981048583984 275
1756066003365 29.908557891845703 276
1756066003390 23.865358352661133 277
1756066003416 28.1181640625 278
1756066003440 27.187671661376953 279
1756066003466 26.877071380615234 280
1756066003490 27.250516891479492 281
1756066003516 25.920358657836914 282
1756066003541 26.27781867980957 283
1756066003565 28.72099494934082 284
1756066003590 25.414674758911133 285
1756066003618 27.399826049804688 286
1756066003643 30.596120834350586 287
1756066003667 29.418811798095703 288
1756066003695 30.465747833251953 289
1756066003722 29.769664764404297 290
1756066003746 24.995656967163086 291
1756066003771 27.049924850463867 292
1756066003796 28.872596740722656 293
1756066003821 28.39637565612793 294
1756066003847 28.49817657470703 295
1756066003872 25.012617111206055 296
1756066003897 28.518033981323242 297
1756066003922 28.087528228759766 298
1756066003946 28.062389373779297 299
1756066012042 48.54940414428711 0
1756066012069 48.554931640625 1
1756066012098 48.52064895629883 2
1756066012126 48.51240921020508 3
1756066012153 48.249446868896484 4
1756066012180 48.34143829345703 5
1756066012207 48.29004669189453 6
1756066012235 48.28448486328125 7
1756066012261 48.06752014160156 8
1756066012289 48.029727935791016 9
1756066012316 47.88175582885742 10
1756066012343 47.63738250732422 11
1756066012371 47.51831817626953 12
1756066012402 47.66927719116211 13
1756066012432 47.14513397216797 14
1756066012461 47.19306564331055 15
1756066012486 46.74845504760742 16
1756066012511 46.90096664428711 17
1756066012538 46.847068786621094 18
1756066012566 46.62255096435547 19
1756066012593 46.13761520385742 20
1756066012621 46.4069938659668 21
1756066012646 45.84298324584961 22
1756066012671 45.51572799682617 23
1756066012696 45.768768310546875 24
1756066012720 45.70645523071289 25
1756066012744 44.50469970703125 26
1756066012771 44.85291290283203 27
1756066012797 44.61238098144531 28
1756066012824 43.85348892211914 29
1756066012850 43.56582260131836 30
1756066012874 44.16020584106445 31
1756066012898 43.51743698120117 32
1756066012922 42.831092834472656 33
1756066012946 42.56599426269531 34
1756066012970 41.18004608154297 35
1756066012994 41.68968963623047 36
1756066013019 41.08579635620117 37
1756066013042 41.274024963378906 38
1756066013067 40.81594467163086 39
1756066013091 38.232749938964844 40
1756066013116 39.656009674072266 41
1756066013144 39.46490478515625 42
1756066013171 39.846527099609375 43
1756066013199 35.78428268432617 44
1756066013225 36.60871887207031 45
1756066013252 38.59613037109375 46
1756066013276 36.68850326538086 47
1756066013303 36.72671890258789 48
1756066013328 34.519004821777344 49
1756066013352 33.789215087890625 50
1756066013376 33.40696334838867 51
1756066013400 34.078582763671875 52
1756066013424 32.507598876953125 53
1756066013448 31.082250595092773 54
1756066013475 31.148998260498047 55
1756066013500 32.34884262084961 56
1756066013524 30.711116790771484 57
1756066013551 27.476221084594727 58
1756066013576 29.69536018371582 59
1756066013600 28.008535385131836 60
1756066013623 26.652862548828125 61
1756066013652 25.221097946166992 62
1756066013682 25.366134643554688 63
1756066013712 26.55059051513672 64
1756066013738 31.99537467956543 65
1756066013763 24.838884353637695 66
1756066013791 25.78011131286621 67
1756066013815 27.599193572998047 68
1756066013839 22.758174896240234 69
1756066013866 24.292293548583984 70
1756066013896 24.843441009521484 71
1756066013926 27.868896484375 72
1756066013952 27.568452835083008 73
1756066013976 28.87407112121582 74
1756066014001 24.050453186035156 75
1756066014025 28.166353225708008 76
1756066014050 26.420438766479492 77
1756066014075 25.50506591796875 78
1756066014100 24.768035888671875 79
1756066014125 25.88614273071289 80
1756066014150 28.730884552001953 81
1756066014175 27.0723819732666 82
1756066014200 25.72540855407715 83
1756066014225 28.40205192565918 84
1756066014253 25.225605010986328 85
1756066014280 26.67915916442871 86
1756066014303 24.39773941040039 87
1756066014328 27.62404441833496 88
1756066014352 25.060455322265625 89
1756066014380 24.23981475830078 90
1756066014408 27.68333625793457 91
1756066014434 26.87679672241211 92
1756066014460 26.837162017822266 93
1756066014484 27.216167449951172 94
1756066014512 23.293651580810547 95
1756066014537 24.92539405822754 96
1756066014561 25.206932067871094 97
1756066014585 25.31624412536621 98
1756066014609 27.449249267578125 99
1756066014637 27.30550765991211 100
1756066014664 25.652538299560547 101
1756066014692 29.85453224182129 102
1756066014718 24.00092887878418 103
1756066014745 30.156801223754883 104
1756066014772 23.490230560302734 105
1756066014799 29.079681396484375 106
1756066014826 23.82076644897461 107
1756066014853 27.061553955078125 108
1756066014880 26.700366973876953 109
1756066014908 25.07889747619629 110
1756066014935 23.6234073638916 111
1756066014962 25.273365020751953 112
1756066014989 25.036441802978516 113
1756066015016 22.52482032775879 114
1756066015044 27.22340965270996 115
1756066015070 26.19230842590332 116
1756066015097 24.807132720947266 117
1756066015124 25.996416091918945 118
1756066015151 24.6865177154541 119
1756066015178 26.855628967285156 120
1756066015206 29.63068962097168 121
1756066015233 26.305200576782227 122
1756066015261 27.37693214416504 123
1756066015288 26.61249542236328 124
1756066015314 28.00520133972168 125
1756066015338 24.936548233032227 126
1756066015363 27.449663162231445 127
1756066015388 21.986454010009766 128
1756066015413 23.263248443603516 129
1756066015438 26.156768798828125 130
1756066015462 22.481401443481445 131
1756066015487 25.105911254882812 132
1756066015511 27.78523063659668 133
1756066015535 25.059511184692383 134
1756066015560 25.963775634765625 135
1756066015585 26.204927444458008 136
1756066015610 24.994808197021484 137
1756066015636 24.72948455810547 138
1756066015664 24.039730072021484 139
1756066015693 27.783641815185547 140
1756066015719 26.396211624145508 141
1756066015747 24.833599090576172 142
1756066015774 25.976200103759766 143
1756066015802 24.810527801513672 144
1756066015829 30.46281623840332 145
1756066015856 25.80047607421875 146
1756066015885 25.773685455322266 147
1756066015914 26.20724105834961 148
1756066015944 27.17768669128418 149
1756066015969 27.086563110351562 150
1756066015997 25.71868133544922 151
1756066016024 27.838607788085938 152
1756066016049 25.688631057739258 153
1756066016075 23.99875831604004 154
1756066016102 23.61139488220215 155
1756066016131 22.66783332824707 156
1756066016158 28.159975051879883 157
1756066016186 25.04694938659668 158
1756066016213 25.997535705566406 159
1756066016240 26.102203369140625 160
1756066016267 25.908395767211914 161
1756066016294 28.180721282958984 162
1756066016321 24.615442276000977 163
1756066016348 26.725175857543945 164
1756066016375 22.657777786254883 165
1756066016402 30.554349899291992 166
1756066016426 27.626455307006836 167
1756066016451 26.5466365814209 168
1756066016479 26.19021987915039 169
1756066016506 24.151432037353516 170
1756066016533 25.912431716918945 171
1756066016558 27.420923233032227 172
1756066016583 27.258087158203125 173
1756066016607 24.546581268310547 174
1756066016632 25.832860946655273 175
1756066016656 27.383237838745117 176
1756066016681 24.197168350219727 177
1756066016705 21.77863121032715 178
1756066016729 25.17431640625 179
1756066016753 25.69517707824707 180
1756066016778 22.891502380371094 181
1756066016802 28.35005760192871 182
1756066016827 26.37058448791504 183
1756066016850 26.2149715423584 184
1756066016875 26.074060440063477 185
1756066016899 26.506717681884766 186
1756066016924 23.138338088989258 187
1756066016949 23.532136917114258 188
1756066016974 26.801162719726562 189
1756066016999 24.88629913330078 190
1756066017024 23.1456241607666 191
1756066017049 25.76856803894043 192
1756066017074 24.511444091796875 193
1756066017099 25.945138931274414 194
1756066017124 25.90184211730957 195
1756066017150 23.910118103027344 196
1756066017175 26.090438842773438 197
1756066017200 28.693735122680664 198
1756066017225 26.96919059753418 199
1756066017250 28.553848266601562 200
1756066017276 27.4681453704834 201
1756066017301 26.614398956298828 202
1756066017328 23.435895919799805 203
1756066017356 24.37528419494629 204
1756066017383 27.85042953491211 205
1756066017413 26.572172164916992 206
1756066017440 25.033653259277344 207
1756066017467 29.65501594543457 208
1756066017494 23.51865005493164 209
1756066017520 25.11087417602539 210
1756066017549 28.383291244506836 211
1756066017576 23.457107543945312 212
1756066017602 23.99424171447754 213
1756066017627 27.794002532958984 214
1756066017652 21.264244079589844 215
1756066017678 21.50680160522461 216
1756066017706 25.115629196166992 217
1756066017732 27.958251953125 218
1756066017759 26.42360496520996 219
1756066017785 29.518959045410156 220
1756066017813 25.532468795776367 221
1756066017841 22.828079223632812 222
1756066017867 25.32100486755371 223
1756066017894 27.761993408203125 224
1756066017922 25.248722076416016 225
1756066017947 23.695096969604492 226
1756066017976 25.47245979309082 227
1756066018004 29.057924270629883 228
1756066018029 26.073593139648438 229
1756066018055 24.586034774780273 230
1756066018081 22.03911018371582 231
1756066018106 25.577611923217773 232
1756066018133 26.446590423583984 233
1756066018161 27.32845115661621 234
1756066018190 26.20454978942871 235
1756066018216 27.76520538330078 236
1756066018241 27.11735725402832 237
1756066018268 26.887279510498047 238
1756066018294 27.955650329589844 239
1756066018320 24.617979049682617 240
1756066018346 26.31723976135254 241
1756066018372 28.142772674560547 242
1756066018398 23.130521774291992 243
1756066018425 25.111927032470703 244
1756066018452 24.017587661743164 245
1756066018480 25.60429573059082 246
1756066018507 25.149412155151367 247
1756066018532 26.984399795532227 248
1756066018555 26.25027847290039 249
1756066018580 28.955835342407227 250
1756066018606 23.630258560180664 251
1756066018634 25.95886993408203 252
1756066018662 25.89000129699707 253
1756066018691 23.152673721313477 254
1756066018718 28.315200805664062 255
1756066018742 25.447114944458008 256
1756066018766 23.061176300048828 257
1756066018792 25.361473083496094 258
1756066018817 20.41276741027832 259
1756066018845 28.278779983520508 260
1756066018873 22.916868209838867 261
1756066018902 24.858610153198242 262
1756066018928 24.45488166809082 263
1756066018955 28.59708595275879 264
1756066018983 25.21293067932129 265
1756066019010 28.245426177978516 266
1756066019036 25.093263626098633 267
1756066019065 27.198055267333984 268
1756066019093 22.962217330932617 269
1756066019121 24.450252532958984 270
1756066019149 20.270763397216797 271
1756066019176 23.814010620117188 272
1756066019205 29.786239624023438 273
1756066019230 24.678585052490234 274
1756066019255 25.50728416442871 275
1756066019280 25.998971939086914 276
1756066019304 21.827571868896484 277
1756066019329 29.651538848876953 278
1756066019354 24.229352951049805 279
1756066019379 24.23224639892578 280
1756066019404 22.804203033447266 281
1756066019429 24.855873107910156 282
1756066019454 21.11689567565918 283
1756066019481 25.902925491333008 284
1756066019509 23.889488220214844 285
1756066019537 24.129072189331055 286
1756066019565 25.737239837646484 287
1756066019593 25.24220085144043 288
1756066019621 24.43682289123535 289
1756066019650 22.449731826782227 290
1756066019678 27.089784622192383 291
1756066019707 26.597686767578125 292
1756066019735 23.70839500427246 293
1756066019763 30.80721092224121 294
1756066019791 27.23415184020996 295
1756066019819 24.03160858154297 296
1756066019848 26.831024169921875 297
1756066019876 25.849008560180664 298
1756066019901 24.77762794494629 299
1756066027989 50.2177619934082 0
1756066028014 50.20072937011719 1
1756066028067 50.194984436035156 2
1756066028102 50.17745590209961 3
1756066028129 50.13529968261719 4
1756066028156 50.155418395996094 5
1756066028183 50.11210632324219 6
1756066028210 50.071224212646484 7
1756066028237 50.0694580078125 8
1756066028264 50.103973388671875 9
1756066028291 50.00696563720703 10
1756066028318 49.99877166748047 11
1756066028344 49.971736907958984 12
1756066028371 49.909889221191406 13
1756066028398 49.795867919921875 14
1756066028425 49.83723068237305 15
1756066028453 49.7115592956543 16
1756066028479 49.554534912109375 17
1756066028507 49.66477966308594 18
1756066028535 49.567352294921875 19
1756066028564 49.620018005371094 20
1756066028590 49.480506896972656 21
1756066028616 49.34483337402344 22
1756066028642 49.2182731628418 23
1756066028669 49.491119384765625 24
1756066028696 48.816715240478516 25
1756066028723 49.19048309326172 26
1756066028750 49.21623229980469 27
1756066028777 48.83858871459961 28
1756066028804 48.8985710144043 29
1756066028830 48.61994934082031 30
1756066028857 48.59809875488281 31
1756066028884 48.86001205444336 32
1756066028912 48.2276496887207 33
1756066028939 48.22165298461914 34
1756066028966 47.80998611450195 35
1756066028993 47.71308898925781 36
1756066029021 47.833187103271484 37
1756066029048 47.434959411621094 38
1756066029075 47.282310485839844 39
1756066029105 47.11166000366211 40
1756066029136 47.578372955322266 41
1756066029166 46.82787322998047 42
1756066029196 45.80320739746094 43
1756066029224 45.779151916503906 44
1756066029249 46.08027267456055 45
1756066029273 46.77037811279297 46
1756066029298 45.174373626708984 47
1756066029323 45.349666595458984 48
1756066029347 45.154136657714844 49
1756066029372 44.920326232910156 50
1756066029399 44.15924072265625 51
1756066029426 43.75407409667969 52
1756066029453 42.6318244934082 53
1756066029479 44.049739837646484 54
1756066029506 44.14144515991211 55
1756066029533 42.7041130065918 56
1756066029559 40.09452819824219 57
1756066029585 41.92485046386719 58
1756066029612 41.04369354248047 59
1756066029639 40.59642791748047 60
1756066029666 42.5123291015625 61
1756066029692 39.351016998291016 62
1756066029719 38.8763427734375 63
1756066029749 40.113609313964844 64
1756066029775 37.94349670410156 65
1756066029802 36.632484436035156 66
1756066029831 39.413421630859375 67
1756066029860 36.838069915771484 68
1756066029887 36.031105041503906 69
1756066029912 36.48085403442383 70
1756066029936 35.994876861572266 71
1756066029960 35.923038482666016 72
1756066029986 31.92925262451172 73
1756066030012 32.83570861816406 74
1756066030035 31.59129524230957 75
1756066030060 34.53860092163086 76
1756066030085 28.65838050842285 77
1756066030109 33.50898742675781 78
1756066030134 29.205886840820312 79
1756066030159 30.141889572143555 80
1756066030183 32.877323150634766 81
1756066030210 31.29319953918457 82
1756066030238 28.838468551635742 83
1756066030267 29.732460021972656 84
1756066030295 28.714284896850586 85
1756066030321 29.274452209472656 86
1756066030346 29.271522521972656 87
1756066030371 29.2451171875 88
1756066030398 26.586811065673828 89
1756066030427 29.551868438720703 90
1756066030452 28.90431022644043 91
1756066030476 26.171724319458008 92
1756066030500 28.175832748413086 93
1756066030525 28.173200607299805 94
1756066030550 28.27451515197754 95
1756066030578 30.759531021118164 96
1756066030604 30.254365921020508 97
1756066030629 29.793825149536133 98
1756066030657 29.89432144165039 99
1756066030683 26.572467803955078 100
1756066030709 29.999910354614258 101
1756066030733 30.43633270263672 102
1756066030760 29.776437759399414 103
1756066030787 28.84111785888672 104
1756066030814 32.224483489990234 105
1756066030841 25.460548400878906 106
1756066030867 27.33608055114746 107
1756066030896 27.26582145690918 108
1756066030926 27.79750633239746 109
1756066030954 26.98360824584961 110
1756066030981 29.9538631439209 111
1756066031008 25.114818572998047 112
1756066031035 29.108436584472656 113
1756066031063 29.365535736083984 114
1756066031093 27.918048858642578 115
1756066031120 30.314228057861328 116
1756066031145 27.33131217956543 117
1756066031171 29.749094009399414 118
1756066031196 30.27157974243164 119
1756066031222 27.97334098815918 120
1756066031250 26.813505172729492 121
1756066031277 29.073984146118164 122
1756066031304 28.70380401611328 123
1756066031331 25.777738571166992 124
1756066031357 29.762006759643555 125
1756066031384 30.70419692993164 126
1756066031411 27.937639236450195 127
1756066031437 31.138338088989258 128
1756066031463 25.836137771606445 129
1756066031490 30.161075592041016 130
1756066031517 30.132856369018555 131
1756066031544 29.3059024810791 132
1756066031572 28.41790771484375 133
1756066031599 27.59414291381836 134
1756066031626 28.327838897705078 135
1756066031653 27.964445114135742 136
1756066031680 25.753976821899414 137
1756066031706 29.605388641357422 138
1756066031731 29.4233455657959 139
1756066031756 28.246667861938477 140
1756066031785 30.36039924621582 141
1756066031811 28.002939224243164 142
1756066031836 26.082815170288086 143
1756066031861 29.39594268798828 144
1756066031887 27.633358001708984 145
1756066031916 29.42148208618164 146
1756066031942 28.116727828979492 147
1756066031968 29.380374908447266 148
1756066031994 28.15732765197754 149
1756066032018 27.791269302368164 150
1756066032043 28.43878746032715 151
1756066032067 30.544668197631836 152
1756066032092 26.58562469482422 153
1756066032117 28.761747360229492 154
1756066032146 26.243162155151367 155
1756066032174 28.36459732055664 156
1756066032202 26.388376235961914 157
1756066032228 32.41917419433594 158
1756066032253 28.879436492919922 159
1756066032278 29.42989730834961 160
1756066032303 25.545787811279297 161
1756066032328 26.030609130859375 162
1756066032353 26.988117218017578 163
1756066032378 29.503652572631836 164
1756066032403 27.185636520385742 165
1756066032428 27.366703033447266 166
1756066032455 30.31036949157715 167
1756066032480 30.38006019592285 168
1756066032505 25.967405319213867 169
1756066032529 26.90911865234375 170
1756066032554 25.01111602783203 171
1756066032579 24.61131477355957 172
1756066032604 25.65138053894043 173
1756066032629 28.445068359375 174
1756066032656 28.852693557739258 175
1756066032683 29.029809951782227 176
1756066032709 30.464153289794922 177
1756066032737 27.00313949584961 178
1756066032766 28.03923988342285 179
1756066032795 27.215129852294922 180
1756066032824 25.945003509521484 181
1756066032850 28.325603485107422 182
1756066032875 28.760196685791016 183
1756066032900 28.062074661254883 184
1756066032925 27.679664611816406 185
1756066032949 24.715412139892578 186
1756066032975 27.44853401184082 187
1756066032999 27.094390869140625 188
1756066033024 25.24973487854004 189
1756066033049 30.34998321533203 190
1756066033073 30.442005157470703 191
1756066033098 24.439327239990234 192
1756066033123 29.21669578552246 193
1756066033149 28.59205436706543 194
1756066033174 24.837162017822266 195
1756066033200 28.007488250732422 196
1756066033224 27.878639221191406 197
1756066033249 27.69996452331543 198
1756066033274 26.614803314208984 199
1756066033300 30.78338050842285 200
1756066033325 29.292198181152344 201
1756066033350 28.17840003967285 202
1756066033377 26.66778564453125 203
1756066033405 27.511882781982422 204
1756066033431 30.971086502075195 205
1756066033456 28.122060775756836 206
1756066033482 29.333763122558594 207
1756066033507 31.585243225097656 208
1756066033533 26.83271598815918 209
1756066033558 30.655838012695312 210
1756066033583 29.269712448120117 211
1756066033609 27.105043411254883 212
1756066033637 27.294994354248047 213
1756066033667 27.810880661010742 214
1756066033695 29.40508270263672 215
1756066033723 25.169466018676758 216
1756066033752 27.614261627197266 217
1756066033780 25.062374114990234 218
1756066033807 28.227487564086914 219
1756066033835 27.32611846923828 220
1756066033863 29.102418899536133 221
1756066033892 29.35955238342285 222
1756066033921 26.21198081970215 223
1756066033950 26.056453704833984 224
1756066033978 27.994077682495117 225
1756066034006 26.77934455871582 226
1756066034034 27.830781936645508 227
1756066034062 28.060466766357422 228
1756066034088 26.23603057861328 229
1756066034116 28.018033981323242 230
1756066034145 27.970563888549805 231
1756066034175 25.26556396484375 232
1756066034203 28.60484504699707 233
1756066034230 28.7783145904541 234
1756066034258 26.763986587524414 235
1756066034284 24.852466583251953 236
1756066034310 26.871559143066406 237
1756066034336 26.580280303955078 238
1756066034365 28.59950065612793 239
1756066034393 28.02727699279785 240
1756066034422 31.444049835205078 241
1756066034449 24.574514389038086 242
1756066034477 28.325763702392578 243
1756066034502 28.399614334106445 244
1756066034528 26.247726440429688 245
1756066034553 24.78459930419922 246
1756066034581 29.70425033569336 247
1756066034607 29.443204879760742 248
1756066034632 29.535247802734375 249
1756066034660 31.896928787231445 250
1756066034689 30.47869873046875 251
1756066034719 27.883840560913086 252
1756066034749 29.915660858154297 253
1756066034778 24.055797576904297 254
1756066034808 28.887216567993164 255
1756066034837 29.392208099365234 256
1756066034867 26.93310546875 257
1756066034896 30.395492553710938 258
1756066034924 25.294130325317383 259
1756066034954 25.991968154907227 260
1756066034983 23.422555923461914 261
1756066035013 25.263059616088867 262
1756066035042 28.732868194580078 263
1756066035071 28.842519760131836 264
1756066035102 28.645841598510742 265
1756066035132 28.810470581054688 266
1756066035161 29.674612045288086 267
1756066035189 29.662090301513672 268
1756066035216 25.84184455871582 269
1756066035241 29.69982147216797 270
1756066035267 27.40509605407715 271
1756066035292 26.9355411529541 272
1756066035319 29.499866485595703 273
1756066035346 27.94544792175293 274
1756066035374 25.693979263305664 275
1756066035402 25.755352020263672 276
1756066035431 28.907447814941406 277
1756066035459 30.0197811126709 278
1756066035487 32.43553924560547 279
1756066035514 28.773906707763672 280
1756066035542 29.69394302368164 281
1756066035570 27.786113739013672 282
1756066035598 26.3593692779541 283
1756066035625 26.827417373657227 284
1756066035653 26.66368865966797 285
1756066035680 31.51739501953125 286
1756066035709 29.971712112426758 287
1756066035739 23.87000846862793 288
1756066035769 27.158443450927734 289
1756066035799 25.50302505493164 290
1756066035829 25.076416015625 291
1756066035859 31.411100387573242 292
1756066035887 27.5414981842041 293
1756066035913 27.04228973388672 294
1756066035938 27.73372459411621 295
1756066035963 27.884422302246094 296
1756066035991 26.651456832885742 297
1756066036015 28.983734130859375 298
1756066036040 25.962913513183594 299
1756066044127 48.73748779296875 0
1756066044155 48.66939163208008 1
1756066044188 48.63978958129883 2
1756066044213 48.54964065551758 3
1756066044240 48.463111877441406 4
1756066044265 48.38173294067383 5
1756066044292 48.36079788208008 6
1756066044319 48.36351776123047 7
1756066044344 48.24087142944336 8
1756066044372 48.01146697998047 9
1756066044399 48.05393981933594 10
1756066044423 47.82755661010742 11
1756066044447 47.75733184814453 12
1756066044471 47.54417419433594 13
1756066044495 47.41640853881836 14
1756066044519 47.28676986694336 15
1756066044546 47.61304473876953 16
1756066044574 47.2269401550293 17
1756066044601 46.84735107421875 18
1756066044627 47.00061798095703 19
1756066044656 46.60049819946289 20
1756066044682 46.39670944213867 21
1756066044707 46.00897216796875 22
1756066044731 45.506534576416016 23
1756066044755 45.69404983520508 24
1756066044780 45.22712707519531 25
1756066044804 44.64640426635742 26
1756066044829 44.73876953125 27
1756066044853 43.811676025390625 28
1756066044878 44.04534912109375 29
1756066044902 43.705909729003906 30
1756066044926 43.417564392089844 31
1756066044951 42.07559585571289 32
1756066044975 42.0595703125 33
1756066045000 40.87247085571289 34
1756066045024 40.87225341796875 35
1756066045053 41.79647445678711 36
1756066045084 40.32533264160156 37
1756066045113 37.033077239990234 38
1756066045143 38.10676574707031 39
1756066045171 37.96173095703125 40
1756066045199 38.5535774230957 41
1756066045226 34.94166946411133 42
1756066045253 35.89601135253906 43
1756066045281 35.550662994384766 44
1756066045309 30.64790916442871 45
1756066045336 32.59593963623047 46
1756066045360 31.378662109375 47
1756066045385 31.631685256958008 48
1756066045409 30.233413696289062 49
1756066045433 30.60795783996582 50
1756066045458 25.62080955505371 51
1756066045482 24.73558235168457 52
1756066045507 28.810985565185547 53
1756066045531 28.841888427734375 54
1756066045555 24.952367782592773 55
1756066045580 27.99546241760254 56
1756066045605 24.255130767822266 57
1756066045629 25.22294807434082 58
1756066045656 27.967266082763672 59
1756066045684 23.509096145629883 60
1756066045710 24.653255462646484 61
1756066045735 23.008546829223633 62
1756066045759 26.305435180664062 63
1756066045783 19.07473373413086 64
1756066045808 24.172672271728516 65
1756066045833 25.14037322998047 66
1756066045857 25.402629852294922 67
1756066045883 26.55683708190918 68
1756066045908 24.551895141601562 69
1756066045933 24.679819107055664 70
1756066045957 26.4086856842041 71
1756066045982 20.5394344329834 72
1756066046007 24.898435592651367 73
1756066046031 20.565868377685547 74
1756066046058 25.183589935302734 75
1756066046086 24.462583541870117 76
1756066046112 23.174957275390625 77
1756066046140 25.022323608398438 78
1756066046169 24.098642349243164 79
1756066046200 24.184303283691406 80
1756066046229 19.69887351989746 81
1756066046258 23.017480850219727 82
1756066046287 25.24559211730957 83
1756066046317 20.854900360107422 84
1756066046346 25.570390701293945 85
1756066046375 21.588214874267578 86
1756066046400 28.546689987182617 87
1756066046424 21.833707809448242 88
1756066046450 23.84640121459961 89
1756066046478 21.533498764038086 90
1756066046505 24.522340774536133 91
1756066046530 21.371360778808594 92
1756066046554 25.02058219909668 93
1756066046580 25.162965774536133 94
1756066046609 20.278013229370117 95
1756066046634 21.52010154724121 96
1756066046659 25.295242309570312 97
1756066046684 22.94993782043457 98
1756066046710 22.42915153503418 99
1756066046738 20.055519104003906 100
1756066046763 24.07893180847168 101
1756066046787 25.232973098754883 102
1756066046812 22.207101821899414 103
1756066046839 22.680328369140625 104
1756066046866 20.82749366760254 105
1756066046892 26.131038665771484 106
1756066046919 23.56965446472168 107
1756066046946 24.392061233520508 108
1756066046970 24.68107795715332 109
1756066046998 23.706607818603516 110
1756066047025 23.24882698059082 111
1756066047051 21.635921478271484 112
1756066047079 26.839004516601562 113
1756066047106 23.57463836669922 114
1756066047131 23.83134651184082 115
1756066047158 23.637413024902344 116
1756066047183 23.520381927490234 117
1756066047210 25.959566116333008 118
1756066047236 24.746074676513672 119
1756066047261 25.56543731689453 120
1756066047284 21.878828048706055 121
1756066047309 25.6308650970459 122
1756066047334 24.993833541870117 123
1756066047359 23.39005470275879 124
1756066047384 23.50504493713379 125
1756066047409 28.054712295532227 126
1756066047435 23.27972412109375 127
1756066047461 26.987768173217773 128
1756066047488 26.611412048339844 129
1756066047513 23.585330963134766 130
1756066047539 22.27061653137207 131
1756066047568 24.08717918395996 132
1756066047594 19.622568130493164 133
1756066047621 21.49378776550293 134
1756066047647 24.67970085144043 135
1756066047675 20.4200496673584 136
1756066047702 21.441652297973633 137
1756066047729 25.375585556030273 138
1756066047756 27.53495979309082 139
1756066047782 24.132038116455078 140
1756066047809 22.72514533996582 141
1756066047836 23.658111572265625 142
1756066047863 18.3782958984375 143
1756066047890 23.18541145324707 144
1756066047916 25.511932373046875 145
1756066047943 22.92230224609375 146
1756066047970 24.07451629638672 147
1756066047997 26.701396942138672 148
1756066048024 18.723295211791992 149
1756066048053 21.461421966552734 150
1756066048079 25.0606746673584 151
1756066048105 24.38694953918457 152
1756066048131 26.36992073059082 153
1756066048158 24.96107292175293 154
1756066048186 24.533708572387695 155
1756066048212 27.308076858520508 156
1756066048239 24.819854736328125 157
1756066048266 25.960813522338867 158
1756066048293 25.17745018005371 159
1756066048320 24.558183670043945 160
1756066048347 19.194717407226562 161
1756066048374 22.572154998779297 162
1756066048402 23.81254005432129 163
1756066048430 26.28288459777832 164
1756066048457 24.49578857421875 165
1756066048484 22.10732650756836 166
1756066048513 20.674938201904297 167
1756066048540 23.115951538085938 168
1756066048567 21.743154525756836 169
1756066048594 28.217098236083984 170
1756066048621 23.7390079498291 171
1756066048646 23.649829864501953 172
1756066048676 21.725082397460938 173
1756066048704 21.007896423339844 174
1756066048731 23.420948028564453 175
1756066048757 24.00688362121582 176
1756066048781 25.517004013061523 177
1756066048805 24.59250831604004 178
1756066048830 22.266042709350586 179
1756066048856 18.46657943725586 180
1756066048885 19.80430030822754 181
1756066048914 25.528507232666016 182
1756066048939 25.66413688659668 183
1756066048964 21.171567916870117 184
1756066048989 21.876754760742188 185
1756066049018 24.686582565307617 186
1756066049049 21.381128311157227 187
1756066049079 21.16658592224121 188
1756066049108 24.05946922302246 189
1756066049135 25.10615348815918 190
1756066049161 23.5318603515625 191
1756066049186 25.26854705810547 192
1756066049211 25.926401138305664 193
1756066049240 25.795761108398438 194
1756066049266 24.281444549560547 195
1756066049294 22.456594467163086 196
1756066049321 20.93344497680664 197
1756066049346 17.94428825378418 198
1756066049370 21.65931510925293 199
1756066049396 22.77493667602539 200
1756066049420 22.967830657958984 201
1756066049446 22.447364807128906 202
1756066049471 21.44501304626465 203
1756066049497 24.46278953552246 204
1756066049524 25.522594451904297 205
1756066049552 22.29475975036621 206
1756066049579 22.994892120361328 207
1756066049607 23.52798080444336 208
1756066049634 27.732484817504883 209
1756066049662 25.532699584960938 210
1756066049690 26.976802825927734 211
1756066049717 25.05926513671875 212
1756066049745 24.16346549987793 213
1756066049773 22.21290397644043 214
1756066049800 25.23012351989746 215
1756066049827 27.477569580078125 216
1756066049854 21.42136573791504 217
1756066049882 23.820880889892578 218
1756066049910 22.545644760131836 219
1756066049937 21.967077255249023 220
1756066049962 24.10923957824707 221
1756066049987 21.93313217163086 222
1756066050012 22.37391471862793 223
1756066050039 22.523441314697266 224
1756066050067 25.034029006958008 225
1756066050096 24.300640106201172 226
1756066050121 24.712753295898438 227
1756066050147 24.651195526123047 228
1756066050174 22.283462524414062 229
1756066050201 21.787450790405273 230
1756066050230 25.818687438964844 231
1756066050258 23.92232322692871 232
1756066050285 23.296329498291016 233
1756066050313 22.95537567138672 234
1756066050340 23.814544677734375 235
1756066050368 20.809961318969727 236
1756066050396 27.202260971069336 237
1756066050424 24.096050262451172 238
1756066050451 21.249019622802734 239
1756066050479 25.069652557373047 240
1756066050506 20.615604400634766 241
1756066050533 27.53162956237793 242
1756066050560 25.82817268371582 243
1756066050587 21.248746871948242 244
1756066050615 24.804628372192383 245
1756066050643 21.96776008605957 246
1756066050672 24.305896759033203 247
1756066050701 23.00146484375 248
1756066050729 23.829166412353516 249
1756066050756 22.18861961364746 250
1756066050784 19.834260940551758 251
1756066050811 23.039953231811523 252
1756066050839 27.75724220275879 253
1756066050867 23.634761810302734 254
1756066050894 21.338932037353516 255
1756066050921 21.819068908691406 256
1756066050949 26.12743377685547 257
1756066050976 19.172758102416992 258
1756066051003 20.09852409362793 259
1756066051031 20.782470703125 260
1756066051058 22.85538673400879 261
1756066051086 22.851097106933594 262
1756066051114 22.633880615234375 263
1756066051141 21.334793090820312 264
1756066051169 22.31101417541504 265
1756066051197 26.557851791381836 266
1756066051224 21.410327911376953 267
1756066051252 21.551298141479492 268
1756066051279 23.56076431274414 269
1756066051307 20.14744758605957 270
1756066051334 23.348134994506836 271
1756066051360 21.59097671508789 272
1756066051387 26.369888305664062 273
1756066051415 28.101045608520508 274
1756066051442 26.20927619934082 275
1756066051472 22.897552490234375 276
1756066051502 27.44365119934082 277
1756066051528 20.788368225097656 278
1756066051552 23.574283599853516 279
1756066051578 22.550859451293945 280
1756066051605 23.50078010559082 281
1756066051632 24.44999885559082 282
1756066051659 20.62750244140625 283
1756066051686 23.717145919799805 284
1756066051714 21.126161575317383 285
1756066051741 22.38551902770996 286
1756066051766 19.42953872680664 287
1756066051791 23.66619873046875 288
1756066051817 23.935823440551758 289
1756066051843 25.048297882080078 290
1756066051872 25.49738883972168 291
1756066051897 22.941509246826172 292
1756066051921 24.78968620300293 293
1756066051946 23.88574981689453 294
1756066051974 23.758670806884766 295
1756066052003 24.968961715698242 296
1756066052031 26.682519912719727 297
1756066052057 23.205371856689453 298
1756066052084 20.86595916748047 299
1756066060179 50.016780853271484 0
1756066060207 50.01341247558594 1
1756066060237 49.9707145690918 2
1756066060264 49.96346664428711 3
1756066060291 49.95247268676758 4
1756066060318 49.88531494140625 5
1756066060347 49.77161407470703 6
1756066060374 49.599700927734375 7
1756066060401 49.62824630737305 8
1756066060427 49.55125045776367 9
1756066060452 49.595951080322266 10
1756066060476 49.443336486816406 11
1756066060500 49.31869888305664 12
1756066060527 49.102745056152344 13
1756066060555 49.163902282714844 14
1756066060580 48.972930908203125 15
1756066060606 48.80984115600586 16
1756066060630 48.85407257080078 17
1756066060658 48.828460693359375 18
1756066060685 48.48064422607422 19
1756066060712 48.069786071777344 20
1756066060739 47.946224212646484 21
1756066060766 47.67797088623047 22
1756066060793 46.911865234375 23
1756066060821 46.87263488769531 24
1756066060850 47.347572326660156 25
1756066060878 46.916690826416016 26
1756066060907 46.10540771484375 27
1756066060935 45.1533088684082 28
1756066060963 45.661216735839844 29
1756066060992 44.6358528137207 30
1756066061018 44.26294708251953 31
1756066061046 43.746273040771484 32
1756066061073 43.537715911865234 33
1756066061100 42.78888702392578 34
1756066061126 42.8608283996582 35
1756066061153 40.57378005981445 36
1756066061180 42.287715911865234 37
1756066061207 39.18592834472656 38
1756066061233 39.09591293334961 39
1756066061260 37.16820526123047 40
1756066061287 37.5025634765625 41
1756066061314 36.95677947998047 42
1756066061341 34.89997100830078 43
1756066061368 34.36288833618164 44
1756066061394 34.7811393737793 45
1756066061421 28.722726821899414 46
1756066061447 35.38192367553711 47
1756066061473 33.13075256347656 48
1756066061500 29.77642059326172 49
1756066061527 33.86058807373047 50
1756066061554 27.609792709350586 51
1756066061581 27.450042724609375 52
1756066061607 23.532611846923828 53
1756066061634 28.13618278503418 54
1756066061661 24.614608764648438 55
1756066061689 25.017677307128906 56
1756066061715 29.137035369873047 57
1756066061742 24.97788429260254 58
1756066061769 23.918840408325195 59
1756066061796 25.896223068237305 60
1756066061823 27.429954528808594 61
1756066061849 26.232406616210938 62
1756066061875 23.83213233947754 63
1756066061902 25.46329689025879 64
1756066061928 28.91952896118164 65
1756066061955 23.41085433959961 66
1756066061982 28.491928100585938 67
1756066062009 26.174909591674805 68
1756066062036 21.41037940979004 69
1756066062063 24.29039192199707 70
1756066062088 24.053987503051758 71
1756066062114 25.809602737426758 72
1756066062139 22.020906448364258 73
1756066062164 28.402090072631836 74
1756066062192 21.751943588256836 75
1756066062217 25.252111434936523 76
1756066062241 25.849924087524414 77
1756066062267 21.002225875854492 78
1756066062294 27.676681518554688 79
1756066062321 24.68025779724121 80
1756066062349 25.20921516418457 81
1756066062376 25.38333511352539 82
1756066062403 26.020832061767578 83
1756066062430 25.154699325561523 84
1756066062458 25.353090286254883 85
1756066062487 22.74091911315918 86
1756066062517 24.99610710144043 87
1756066062546 27.253585815429688 88
1756066062574 22.081621170043945 89
1756066062601 23.475751876831055 90
1756066062626 23.44644546508789 91
1756066062654 28.830034255981445 92
1756066062682 23.793169021606445 93
1756066062709 23.57526397705078 94
1756066062737 22.572620391845703 95
1756066062765 24.10137176513672 96
1756066062790 24.801618576049805 97
1756066062814 19.227144241333008 98
1756066062839 24.798294067382812 99
1756066062864 24.337398529052734 100
1756066062888 25.446086883544922 101
1756066062913 22.165061950683594 102
1756066062939 26.81443977355957 103
1756066062964 23.54456901550293 104
1756066062992 23.44316291809082 105
1756066063020 24.76383399963379 106
1756066063048 24.701501846313477 107
1756066063075 24.548015594482422 108
1756066063105 23.961652755737305 109
1756066063135 26.325340270996094 110
1756066063163 28.462244033813477 111
1756066063191 26.727140426635742 112
1756066063219 23.021638870239258 113
1756066063248 24.44961929321289 114
1756066063274 22.22933006286621 115
1756066063303 23.496145248413086 116
1756066063330 19.89744758605957 117
1756066063358 28.084352493286133 118
1756066063386 23.70030975341797 119
1756066063414 23.756141662597656 120
1756066063441 25.017803192138672 121
1756066063469 26.275333404541016 122
1756066063498 24.579133987426758 123
1756066063525 20.604883193969727 124
1756066063553 22.948022842407227 125
1756066063580 19.68606948852539 126
1756066063608 17.270769119262695 127
1756066063636 21.010711669921875 128
1756066063664 26.92662811279297 129
1756066063692 21.04619026184082 130
1756066063723 24.326793670654297 131
1756066063751 19.69537925720215 132
1756066063779 22.14482879638672 133
1756066063807 23.407644271850586 134
1756066063834 23.17288589477539 135
1756066063861 28.206857681274414 136
1756066063889 19.520376205444336 137
1756066063916 21.717792510986328 138
1756066063943 21.323884963989258 139
1756066063971 22.984689712524414 140
1756066063999 23.045185089111328 141
1756066064026 22.51646614074707 142
1756066064054 18.626384735107422 143
1756066064081 24.299104690551758 144
1756066064108 21.435354232788086 145
1756066064136 22.76589012145996 146
1756066064163 21.61655616760254 147
1756066064191 23.125673294067383 148
1756066064216 22.35382652282715 149
1756066064240 25.059123992919922 150
1756066064265 24.301837921142578 151
1756066064292 23.8717098236084 152
1756066064320 24.940027236938477 153
1756066064344 23.24165153503418 154
1756066064369 25.740602493286133 155
1756066064394 22.21551513671875 156
1756066064420 21.528715133666992 157
1756066064444 23.97242546081543 158
1756066064470 23.551040649414062 159
1756066064494 19.32524871826172 160
1756066064520 25.36000633239746 161
1756066064544 24.72191047668457 162
1756066064570 26.59791374206543 163
1756066064595 26.412118911743164 164
1756066064619 26.660707473754883 165
1756066064644 23.92807960510254 166
1756066064669 24.44131088256836 167
1756066064695 25.166332244873047 168
1756066064720 29.410736083984375 169
1756066064745 28.382558822631836 170
1756066064772 20.965681076049805 171
1756066064802 25.115901947021484 172
1756066064833 21.14640235900879 173
1756066064863 22.006855010986328 174
1756066064893 21.08966827392578 175
1756066064923 19.053241729736328 176
1756066064951 21.103675842285156 177
1756066064980 26.94075584411621 178
1756066065006 26.114299774169922 179
1756066065034 19.625465393066406 180
1756066065063 21.32459259033203 181
1756066065088 23.390705108642578 182
1756066065112 21.67158317565918 183
1756066065137 21.497129440307617 184
1756066065162 23.595842361450195 185
1756066065190 20.36799430847168 186
1756066065215 20.479656219482422 187
1756066065240 22.612640380859375 188
1756066065267 23.027219772338867 189
1756066065292 23.627195358276367 190
1756066065317 23.08241081237793 191
1756066065344 22.537717819213867 192
1756066065372 26.827999114990234 193
1756066065397 23.480365753173828 194
1756066065424 23.200164794921875 195
1756066065451 22.726381301879883 196
1756066065480 24.625364303588867 197
1756066065508 25.278831481933594 198
1756066065537 22.775876998901367 199
1756066065563 20.009647369384766 200
1756066065589 24.28806495666504 201
1756066065619 26.673606872558594 202
1756066065646 21.34717559814453 203
1756066065673 24.65825843811035 204
1756066065701 27.140993118286133 205
1756066065730 23.348751068115234 206
1756066065755 22.089269638061523 207
1756066065782 20.720943450927734 208
1756066065810 17.536888122558594 209
1756066065841 23.390758514404297 210
1756066065869 24.22706413269043 211
1756066065897 26.576871871948242 212
1756066065923 23.135908126831055 213
1756066065948 23.033231735229492 214
1756066065973 25.568458557128906 215
1756066065998 24.658205032348633 216
1756066066025 23.390899658203125 217
1756066066051 19.360536575317383 218
1756066066079 21.65500831604004 219
1756066066111 24.72842025756836 220
1756066066140 25.686481475830078 221
1756066066170 21.204160690307617 222
1756066066196 22.282196044921875 223
1756066066220 26.00786018371582 224
1756066066244 25.115934371948242 225
1756066066269 22.086572647094727 226
1756066066293 21.918697357177734 227
1756066066320 24.797954559326172 228
1756066066345 21.79315757751465 229
1756066066372 20.44404411315918 230
1756066066400 20.960275650024414 231
1756066066428 24.161441802978516 232
1756066066455 23.250905990600586 233
1756066066482 23.796783447265625 234
1756066066509 22.97513198852539 235
1756066066536 24.775991439819336 236
1756066066564 25.10550308227539 237
1756066066591 21.57380485534668 238
1756066066619 23.16805648803711 239
1756066066647 24.530160903930664 240
1756066066675 20.162179946899414 241
1756066066703 22.612947463989258 242
1756066066731 24.167814254760742 243
1756066066758 21.69391632080078 244
1756066066786 26.348377227783203 245
1756066066813 21.941850662231445 246
1756066066840 22.60279655456543 247
1756066066868 21.452550888061523 248
1756066066896 22.297677993774414 249
1756066066924 20.22627067565918 250
1756066066951 24.514982223510742 251
1756066066979 25.131175994873047 252
1756066067006 24.754432678222656 253
1756066067034 21.31224822998047 254
1756066067061 23.997716903686523 255
1756066067088 26.858684539794922 256
1756066067117 21.635719299316406 257
1756066067144 23.0327205657959 258
1756066067171 22.707111358642578 259
1756066067198 20.71720314025879 260
1756066067225 22.98106575012207 261
1756066067252 24.969425201416016 262
1756066067280 26.065683364868164 263
1756066067308 21.490142822265625 264
1756066067336 23.231449127197266 265
1756066067363 18.298627853393555 266
1756066067387 24.96571159362793 267
1756066067412 20.296064376831055 268
1756066067436 28.85312271118164 269
1756066067461 20.98790168762207 270
1756066067486 22.407711029052734 271
1756066067511 21.450115203857422 272
1756066067537 25.94703483581543 273
1756066067565 23.80948829650879 274
1756066067593 22.187156677246094 275
1756066067621 28.044912338256836 276
1756066067649 24.510499954223633 277
1756066067680 25.197134017944336 278
1756066067710 24.305984497070312 279
1756066067741 22.98858642578125 280
1756066067771 25.59640121459961 281
1756066067801 18.49590301513672 282
1756066067831 26.343679428100586 283
1756066067861 23.656517028808594 284
1756066067891 22.398277282714844 285
1756066067921 20.38042640686035 286
1756066067951 19.363910675048828 287
1756066067981 22.97205924987793 288
1756066068011 23.300804138183594 289
1756066068040 24.350460052490234 290
1756066068070 26.00002098083496 291
1756066068099 20.897502899169922 292
1756066068130 22.822345733642578 293
1756066068159 22.45887565612793 294
1756066068191 24.723413467407227 295
1756066068220 20.47711181640625 296
1756066068247 22.919776916503906 297
1756066068276 19.24018669128418 298
1756066068304 23.222726821899414 299
1756066076410 48.6274528503418 0
1756066076438 48.62265396118164 1
1756066076466 48.56722640991211 2
1756066076494 48.476016998291016 3
1756066076524 48.44047927856445 4
1756066076554 48.38104248046875 5
1756066076581 48.36159896850586 6
1756066076608 48.14744567871094 7
1756066076635 48.22062301635742 8
1756066076662 48.25075912475586 9
1756066076690 48.00661849975586 10
1756066076718 47.96959686279297 11
1756066076743 47.882625579833984 12
1756066076767 47.81425094604492 13
1756066076792 47.48202896118164 14
1756066076818 47.62800598144531 15
1756066076843 47.273338317871094 16
1756066076868 47.32965087890625 17
1756066076893 46.699092864990234 18
1756066076917 47.04084396362305 19
1756066076945 46.342586517333984 20
1756066076970 46.52022171020508 21
1756066076994 46.159446716308594 22
1756066077019 45.61369705200195 23
1756066077043 46.260684967041016 24
1756066077069 45.70061492919922 25
1756066077096 44.937744140625 26
1756066077121 44.631797790527344 27
1756066077145 44.480247497558594 28
1756066077172 43.612491607666016 29
1756066077198 43.07875061035156 30
1756066077222 44.09634780883789 31
1756066077246 42.90653610229492 32
1756066077270 42.84874725341797 33
1756066077297 40.99481964111328 34
1756066077324 41.919639587402344 35
1756066077350 40.189109802246094 36
1756066077378 41.22378921508789 37
1756066077404 40.10352325439453 38
1756066077432 39.301002502441406 39
1756066077459 37.05730056762695 40
1756066077485 37.74257278442383 41
1756066077512 37.59079360961914 42
1756066077541 34.485721588134766 43
1756066077569 34.63874435424805 44
1756066077596 35.25906753540039 45
1756066077623 35.826725006103516 46
1756066077651 31.698261260986328 47
1756066077679 33.65460968017578 48
1756066077706 30.398099899291992 49
1756066077732 26.609146118164062 50
1756066077756 26.079814910888672 51
1756066077781 28.430679321289062 52
1756066077807 26.57388687133789 53
1756066077835 27.025943756103516 54
1756066077863 27.696514129638672 55
1756066077891 27.50132942199707 56
1756066077919 27.69273567199707 57
1756066077947 25.898799896240234 58
1756066077975 22.425662994384766 59
1756066078003 27.246400833129883 60
1756066078029 29.89640235900879 61
1756066078057 25.52054214477539 62
1756066078085 25.327905654907227 63
1756066078112 23.954776763916016 64
1756066078137 27.126142501831055 65
1756066078164 22.85248565673828 66
1756066078192 23.676910400390625 67
1756066078217 25.92795181274414 68
1756066078241 22.065698623657227 69
1756066078266 23.704143524169922 70
1756066078290 24.358675003051758 71
1756066078315 22.87412452697754 72
1756066078343 27.155214309692383 73
1756066078368 23.269256591796875 74
1756066078392 28.330406188964844 75
1756066078419 26.068723678588867 76
1756066078447 26.006074905395508 77
1756066078475 23.856201171875 78
1756066078502 26.710424423217773 79
1756066078529 21.91184425354004 80
1756066078556 23.523242950439453 81
1756066078584 26.229570388793945 82
1756066078612 26.387094497680664 83
1756066078640 25.567333221435547 84
1756066078668 23.42142677307129 85
1756066078696 26.954227447509766 86
1756066078724 24.68467140197754 87
1756066078753 24.325014114379883 88
1756066078780 20.903995513916016 89
1756066078808 26.379901885986328 90
1756066078835 25.488487243652344 91
1756066078862 24.131187438964844 92
1756066078891 24.9112491607666 93
1756066078918 25.354639053344727 94
1756066078945 29.055688858032227 95
1756066078972 25.462594985961914 96
1756066079000 26.03481674194336 97
1756066079026 22.274715423583984 98
1756066079054 24.251062393188477 99
1756066079080 24.829130172729492 100
1756066079107 25.934375762939453 101
1756066079134 25.036502838134766 102
1756066079160 24.61881446838379 103
1756066079188 29.448383331298828 104
1756066079215 27.532310485839844 105
1756066079241 25.783193588256836 106
1756066079268 25.08216667175293 107
1756066079296 25.83745002746582 108
1756066079322 23.25770378112793 109
1756066079350 24.720829010009766 110
1756066079377 22.33711814880371 111
1756066079402 22.048065185546875 112
1756066079426 21.091419219970703 113
1756066079451 24.754335403442383 114
1756066079477 21.295291900634766 115
1756066079502 20.592853546142578 116
1756066079527 25.628013610839844 117
1756066079555 24.11060905456543 118
1756066079583 27.137514114379883 119
1756066079610 18.703702926635742 120
1756066079638 26.0179500579834 121
1756066079666 22.06585693359375 122
1756066079695 26.6365966796875 123
1756066079723 21.232656478881836 124
1756066079748 25.478683471679688 125
1756066079775 20.918346405029297 126
1756066079799 22.79954719543457 127
1756066079824 25.993247985839844 128
1756066079849 25.01170539855957 129
1756066079874 19.730525970458984 130
1756066079899 25.470064163208008 131
1756066079924 18.636362075805664 132
1756066079949 24.6447811126709 133
1756066079977 25.533798217773438 134
1756066080006 23.142227172851562 135
1756066080034 22.714765548706055 136
1756066080060 23.226167678833008 137
1756066080087 23.366641998291016 138
1756066080114 24.432348251342773 139
1756066080141 22.67368507385254 140
1756066080168 21.577770233154297 141
1756066080196 20.28090476989746 142
1756066080224 21.887651443481445 143
1756066080252 19.978574752807617 144
1756066080280 26.975194931030273 145
1756066080307 22.49860382080078 146
1756066080334 22.528148651123047 147
1756066080361 24.6383113861084 148
1756066080389 23.076663970947266 149
1756066080416 24.045124053955078 150
1756066080444 25.733661651611328 151
1756066080472 23.67088508605957 152
1756066080501 19.968341827392578 153
1756066080526 22.027019500732422 154
1756066080555 27.083730697631836 155
1756066080584 23.653053283691406 156
1756066080614 22.401037216186523 157
1756066080644 20.973602294921875 158
1756066080674 25.837718963623047 159
1756066080703 24.82423973083496 160
1756066080731 23.833633422851562 161
1756066080759 23.552059173583984 162
1756066080787 24.792661666870117 163
1756066080814 21.7142333984375 164
1756066080841 26.15959930419922 165
1756066080868 20.911605834960938 166
1756066080892 22.711814880371094 167
1756066080917 23.283477783203125 168
1756066080945 21.175355911254883 169
1756066080972 24.31077003479004 170
1756066080999 21.44925880432129 171
1756066081026 24.34404182434082 172
1756066081053 21.158199310302734 173
1756066081080 22.75333595275879 174
1756066081107 22.202104568481445 175
1756066081135 18.614124298095703 176
1756066081161 24.29800796508789 177
1756066081186 23.60658836364746 178
1756066081212 22.175575256347656 179
1756066081238 24.286376953125 180
1756066081262 22.85824966430664 181
1756066081287 23.125396728515625 182
1756066081311 25.229040145874023 183
1756066081336 23.542940139770508 184
1756066081361 22.96977996826172 185
1756066081388 23.43510627746582 186
1756066081415 21.1269474029541 187
1756066081442 22.35377311706543 188
1756066081469 23.13196563720703 189
1756066081497 22.957475662231445 190
1756066081521 25.475112915039062 191
1756066081546 21.903743743896484 192
1756066081570 22.04916000366211 193
1756066081595 23.43783950805664 194
1756066081620 22.627838134765625 195
1756066081644 21.94040870666504 196
1756066081669 20.30264663696289 197
1756066081694 21.542552947998047 198
1756066081719 24.91634750366211 199
1756066081744 23.278120040893555 200
1756066081770 23.3044490814209 201
1756066081798 22.644405364990234 202
1756066081823 22.599130630493164 203
1756066081847 22.74793815612793 204
1756066081872 27.39346694946289 205
1756066081899 24.029869079589844 206
1756066081927 24.421981811523438 207
1756066081954 23.751569747924805 208
1756066081981 22.256393432617188 209
1756066082008 24.323802947998047 210
1756066082035 20.595664978027344 211
1756066082060 17.899398803710938 212
1756066082084 19.983060836791992 213
1756066082109 22.855941772460938 214
1756066082135 23.696252822875977 215
1756066082164 17.264062881469727 216
1756066082192 20.04387092590332 217
1756066082219 27.70076560974121 218
1756066082246 25.8385066986084 219
1756066082273 18.728267669677734 220
1756066082301 21.879547119140625 221
1756066082328 23.432373046875 222
1756066082356 21.810562133789062 223
1756066082384 20.6406192779541 224
1756066082411 22.005714416503906 225
1756066082438 25.116600036621094 226
1756066082466 25.334430694580078 227
1756066082493 22.82478141784668 228
1756066082520 20.810848236083984 229
1756066082548 24.288066864013672 230
1756066082577 26.030738830566406 231
1756066082604 21.05501365661621 232
1756066082632 23.303504943847656 233
1756066082659 24.0826358795166 234
1756066082687 23.52766990661621 235
1756066082714 20.932708740234375 236
1756066082741 19.35157012939453 237
1756066082768 24.44404411315918 238
1756066082795 20.92530632019043 239
1756066082822 20.720659255981445 240
1756066082850 23.12990379333496 241
1756066082878 20.026620864868164 242
1756066082906 20.052047729492188 243
1756066082934 24.00478744506836 244
1756066082962 29.340795516967773 245
1756066082990 22.101655960083008 246
1756066083018 22.83199691772461 247
1756066083046 19.887929916381836 248
1756066083074 21.285646438598633 249
1756066083101 22.680538177490234 250
1756066083128 22.25542640686035 251
1756066083156 23.279956817626953 252
1756066083183 22.48748207092285 253
1756066083210 21.06666374206543 254
1756066083237 22.400712966918945 255
1756066083264 21.11404800415039 256
1756066083292 19.782480239868164 257
1756066083319 20.132844924926758 258
1756066083346 26.76057243347168 259
1756066083372 20.795879364013672 260
1756066083400 25.461700439453125 261
1756066083427 25.458133697509766 262
1756066083454 20.451858520507812 263
1756066083481 19.372323989868164 264
1756066083508 25.75309181213379 265
1756066083538 24.11080551147461 266
1756066083566 23.092988967895508 267
1756066083593 26.415311813354492 268
1756066083617 23.28822898864746 269
1756066083643 23.93108367919922 270
1756066083670 22.893604278564453 271
1756066083699 22.153209686279297 272
1756066083726 19.204566955566406 273
1756066083752 22.76019287109375 274
1756066083779 20.62944221496582 275
1756066083807 26.09906768798828 276
1756066083833 25.48399543762207 277
1756066083861 21.431482315063477 278
1756066083887 23.30362319946289 279
1756066083916 24.673452377319336 280
1756066083942 24.949689865112305 281
1756066083967 18.260652542114258 282
1756066083994 20.742128372192383 283
1756066084022 21.057607650756836 284
1756066084050 20.49224281311035 285
1756066084078 17.823871612548828 286
1756066084105 23.725692749023438 287
1756066084132 20.294719696044922 288
1756066084161 23.725547790527344 289
1756066084189 23.14622688293457 290
1756066084217 21.234079360961914 291
1756066084245 21.736202239990234 292
1756066084273 24.05007553100586 293
1756066084301 22.112524032592773 294
1756066084327 21.19182014465332 295
1756066084352 21.63149070739746 296
1756066084377 20.13671875 297
1756066084402 21.7501277923584 298
1756066084427 20.04234504699707 299
1756066092524 50.245452880859375 0
1756066092557 50.245452880859375 1
1756066092590 50.245452880859375 2
1756066092622 50.24545669555664 3
1756066092652 50.245452880859375 4
1756066092684 50.24545669555664 5
1756066092713 50.24545669555664 6
1756066092741 50.245452880859375 7
1756066092768 50.245452880859375 8
1756066092796 50.245452880859375 9
1756066092824 50.245452880859375 10
1756066092851 50.245460510253906 11
1756066092879 50.245460510253906 12
1756066092907 50.245452880859375 13
1756066092935 50.245452880859375 14
1756066092963 50.24545669555664 15
1756066092990 50.245452880859375 16
1756066093018 50.245452880859375 17
1756066093048 50.245452880859375 18
1756066093080 50.245452880859375 19
1756066093108 50.245452880859375 20
1756066093136 50.245452880859375 21
1756066093164 50.245452880859375 22
1756066093194 50.245452880859375 23
1756066093225 50.245452880859375 24
1756066093257 50.245452880859375 25
1756066093289 50.245460510253906 26
1756066093321 50.245452880859375 27
1756066093354 50.245460510253906 28
1756066093385 50.245452880859375 29
1756066093417 50.245452880859375 30
1756066093445 50.24545669555664 31
1756066093473 50.24545669555664 32
1756066093502 50.245452880859375 33
1756066093536 50.245452880859375 34
1756066093568 50.24545669555664 35
1756066093599 50.245452880859375 36
1756066093631 50.24545669555664 37
1756066093665 50.245452880859375 38
1756066093698 50.245452880859375 39
1756066093730 50.245452880859375 40
1756066093764 50.245452880859375 41
1756066093799 50.245452880859375 42
1756066093827 50.24545669555664 43
1756066093857 50.24545669555664 44
1756066093885 50.24545669555664 45
1756066093913 50.24545669555664 46
1756066093942 50.245460510253906 47
1756066093971 50.24545669555664 48
1756066093999 50.245460510253906 49
1756066094028 50.24545669555664 50
1756066094056 50.245452880859375 51
1756066094088 50.24545669555664 52
1756066094120 50.245452880859375 53
1756066094149 50.24545669555664 54
1756066094177 50.245452880859375 55
1756066094209 50.245452880859375 56
1756066094241 50.24545669555664 57
1756066094273 50.245452880859375 58
1756066094305 50.245452880859375 59
1756066094333 50.24545669555664 60
1756066094361 50.24545669555664 61
1756066094392 50.245452880859375 62
1756066094421 50.245452880859375 63
1756066094453 50.24545669555664 64
1756066094485 50.24545669555664 65
1756066094517 50.24545669555664 66
1756066094549 50.24545669555664 67
1756066094581 50.245452880859375 68
1756066094613 50.245452880859375 69
1756066094644 50.245452880859375 70
1756066094676 50.245452880859375 71
1756066094706 50.24545669555664 72
1756066094734 50.245452880859375 73
1756066094762 50.245452880859375 74
1756066094791 50.245452880859375 75
1756066094819 50.245452880859375 76
1756066094848 50.245452880859375 77
1756066094876 50.24545669555664 78
1756066094905 50.24545669555664 79
1756066094933 50.24545669555664 80
1756066094964 50.24545669555664 81
1756066094996 50.245452880859375 82
1756066095026 50.245452880859375 83
1756066095058 50.245452880859375 84
1756066095089 50.245452880859375 85
1756066095121 50.24545669555664 86
1756066095152 50.245452880859375 87
1756066095180 50.245452880859375 88
1756066095209 50.245452880859375 89
1756066095240 50.245452880859375 90
1756066095272 50.245452880859375 91
1756066095305 50.245460510253906 92
1756066095337 50.245452880859375 93
1756066095369 50.245452880859375 94
1756066095402 50.24545669555664 95
1756066095433 50.24545669555664 96
1756066095463 50.245452880859375 97
1756066095492 50.245460510253906 98
1756066095524 50.245452880859375 99
1756066095556 50.24545669555664 100
1756066095588 50.245452880859375 101
1756066095620 50.24545669555664 102
1756066095652 50.245452880859375 103
1756066095684 50.24544906616211 104
1756066095713 50.245452880859375 105
1756066095742 50.245452880859375 106
1756066095770 50.245460510253906 107
1756066095799 50.24545669555664 108
1756066095828 50.24545669555664 109
1756066095857 50.245452880859375 110
1756066095886 50.24545669555664 111
1756066095918 50.245452880859375 112
1756066095948 50.245452880859375 113
1756066095976 50.24545669555664 114
1756066096005 50.24545669555664 115
1756066096034 50.245460510253906 116
1756066096064 50.245452880859375 117
1756066096097 50.24545669555664 118
1756066096129 50.245452880859375 119
1756066096161 50.245452880859375 120
1756066096193 50.245452880859375 121
1756066096226 50.245452880859375 122
1756066096257 50.245452880859375 123
1756066096290 50.245452880859375 124
1756066096322 50.245452880859375 125
1756066096355 50.245452880859375 126
1756066096389 50.245452880859375 127
1756066096424 50.245452880859375 128
1756066096458 50.245452880859375 129
1756066096492 50.245452880859375 130
1756066096526 50.245452880859375 131
1756066096560 50.24545669555664 132
1756066096593 50.245452880859375 133
1756066096627 50.24545669555664 134
1756066096661 50.245452880859375 135
1756066096695 50.24545669555664 136
1756066096729 50.245452880859375 137
1756066096763 50.245452880859375 138
1756066096797 50.24545669555664 139
1756066096831 50.24545669555664 140
1756066096864 50.24545669555664 141
1756066096898 50.245452880859375 142
1756066096932 50.245452880859375 143
1756066096962 50.245452880859375 144
1756066096990 50.24545669555664 145
1756066097018 50.245452880859375 146
1756066097045 50.245452880859375 147
1756066097073 50.245460510253906 148
1756066097101 50.24544906616211 149
1756066097129 50.245452880859375 150
1756066097157 50.245452880859375 151
1756066097184 50.24545669555664 152
1756066097212 50.245452880859375 153
1756066097244 50.245452880859375 154
1756066097277 50.24545669555664 155
1756066097309 50.245452880859375 156
1756066097340 50.24545669555664 157
1756066097367 50.245452880859375 158
1756066097395 50.245452880859375 159
1756066097423 50.245460510253906 160
1756066097454 50.24545669555664 161
1756066097486 50.24545669555664 162
1756066097516 50.24545669555664 163
1756066097544 50.245452880859375 164
1756066097573 50.24545669555664 165
1756066097602 50.245452880859375 166
1756066097634 50.245452880859375 167
1756066097663 50.245452880859375 168
1756066097691 50.245452880859375 169
1756066097720 50.24545669555664 170
1756066097748 50.245452880859375 171
1756066097776 50.245452880859375 172
1756066097805 50.24545669555664 173
1756066097834 50.245452880859375 174
1756066097867 50.245452880859375 175
1756066097896 50.24545669555664 176
1756066097924 50.24544906616211 177
1756066097953 50.24544906616211 178
1756066097985 50.245452880859375 179
1756066098016 50.245452880859375 180
1756066098044 50.245452880859375 181
1756066098072 50.24545669555664 182
1756066098105 50.245452880859375 183
1756066098134 50.24545669555664 184
1756066098166 50.245452880859375 185
1756066098199 50.245452880859375 186
1756066098231 50.245452880859375 187
1756066098263 50.245452880859375 188
1756066098294 50.245460510253906 189
1756066098323 50.245452880859375 190
1756066098352 50.245452880859375 191
1756066098381 50.24545669555664 192
1756066098410 50.245452880859375 193
1756066098438 50.245452880859375 194
1756066098468 50.245452880859375 195
1756066098496 50.245452880859375 196
1756066098527 50.245452880859375 197
1756066098556 50.24545669555664 198
1756066098585 50.245452880859375 199
1756066098615 50.24545669555664 200
1756066098645 50.245452880859375 201
1756066098674 50.24545669555664 202
1756066098703 50.245452880859375 203
1756066098736 50.245452880859375 204
1756066098768 50.245452880859375 205
1756066098802 50.245452880859375 206
1756066098837 50.245452880859375 207
1756066098867 50.245452880859375 208
1756066098899 50.245452880859375 209
1756066098934 50.245452880859375 210
1756066098969 50.24545669555664 211
1756066099004 50.24545669555664 212
1756066099039 50.245452880859375 213
1756066099073 50.245452880859375 214
1756066099107 50.24545669555664 215
1756066099138 50.24545669555664 216
1756066099166 50.245452880859375 217
1756066099193 50.245452880859375 218
1756066099227 50.245452880859375 219
1756066099262 50.245452880859375 220
1756066099293 50.24545669555664 221
1756066099325 50.245452880859375 222
1756066099360 50.24545669555664 223
1756066099390 50.245452880859375 224
1756066099421 50.245452880859375 225
1756066099455 50.245452880859375 226
1756066099490 50.24545669555664 227
1756066099521 50.245452880859375 228
1756066099549 50.245452880859375 229
1756066099577 50.245460510253906 230
1756066099607 50.245452880859375 231
1756066099635 50.245452880859375 232
1756066099665 50.245452880859375 233
1756066099697 50.245452880859375 234
1756066099726 50.24545669555664 235
1756066099754 50.245452880859375 236
1756066099783 50.245452880859375 237
1756066099812 50.24545669555664 238
1756066099841 50.24545669555664 239
1756066099869 50.245452880859375 240
1756066099898 50.245452880859375 241
1756066099926 50.245452880859375 242
1756066099955 50.245452880859375 243
1756066099983 50.24545669555664 244
1756066100011 50.245452880859375 245
1756066100040 50.24545669555664 246
1756066100069 50.245452880859375 247
1756066100096 50.245452880859375 248
1756066100125 50.24545669555664 249
1756066100157 50.245452880859375 250
1756066100190 50.245452880859375 251
1756066100222 50.24545669555664 252
1756066100254 50.245452880859375 253
1756066100285 50.245452880859375 254
1756066100318 50.245452880859375 255
1756066100351 50.24545669555664 256
1756066100379 50.245452880859375 257
1756066100408 50.245452880859375 258
1756066100437 50.24545669555664 259
1756066100465 50.24545669555664 260
1756066100494 50.24545669555664 261
1756066100523 50.24545669555664 262
1756066100552 50.245452880859375 263
1756066100581 50.245452880859375 264
1756066100610 50.245452880859375 265
1756066100639 50.245452880859375 266
1756066100668 50.24545669555664 267
1756066100697 50.24545669555664 268
1756066100726 50.245452880859375 269
1756066100755 50.245452880859375 270
1756066100784 50.245452880859375 271
1756066100812 50.24545669555664 272
1756066100841 50.245452880859375 273
1756066100871 50.245452880859375 274
1756066100900 50.245452880859375 275
1756066100928 50.245452880859375 276
1756066100957 50.245452880859375 277
1756066100986 50.24545669555664 278
1756066101014 50.245452880859375 279
1756066101043 50.245452880859375 280
1756066101072 50.24545669555664 281
1756066101102 50.245452880859375 282
1756066101130 50.245452880859375 283
1756066101159 50.245460510253906 284
1756066101187 50.24545669555664 285
1756066101219 50.245452880859375 286
1756066101247 50.245452880859375 287
1756066101277 50.24545669555664 288
1756066101306 50.24545669555664 289
1756066101338 50.245452880859375 290
1756066101366 50.245452880859375 291
1756066101395 50.245452880859375 292
1756066101423 50.24545669555664 293
1756066101453 50.245452880859375 294
1756066101481 50.24545669555664 295
1756066101510 50.245452880859375 296
1756066101539 50.24545669555664 297
1756066101567 50.245452880859375 298
1756066101595 50.245460510253906 299
1756066109689 48.63587188720703 0
1756066109718 48.493106842041016 1
1756066109752 48.28086853027344 2
1756066109781 48.355186462402344 3
1756066109808 48.20780944824219 4
1756066109837 47.96398162841797 5
1756066109865 48.10639190673828 6
1756066109892 47.98379135131836 7
1756066109920 47.67546844482422 8
1756066109951 47.48450469970703 9
1756066109982 47.894535064697266 10
1756066110013 47.341758728027344 11
1756066110041 47.38399887084961 12
1756066110068 47.00267791748047 13
1756066110097 47.20376205444336 14
1756066110125 46.68709945678711 15
1756066110153 47.08913040161133 16
1756066110181 45.98326873779297 17
1756066110211 45.800811767578125 18
1756066110244 45.60832595825195 19
1756066110276 45.04095458984375 20
1756066110307 45.26316452026367 21
1756066110335 45.33280944824219 22
1756066110368 45.01609802246094 23
1756066110403 43.18288040161133 24
1756066110435 43.482662200927734 25
1756066110463 43.12672805786133 26
1756066110491 41.88138961791992 27
1756066110520 39.891075134277344 28
1756066110548 40.66376876831055 29
1756066110577 40.52185821533203 30
1756066110605 39.82316207885742 31
1756066110634 36.32063293457031 32
1756066110666 38.29827117919922 33
1756066110697 38.33820343017578 34
1756066110729 32.99691390991211 35
1756066110760 36.73579025268555 36
1756066110789 35.48149871826172 37
1756066110818 31.042949676513672 38
1756066110847 30.2265682220459 39
1756066110876 33.26237487792969 40
1756066110904 33.46198272705078 41
1756066110934 33.95737838745117 42
1756066110964 32.554813385009766 43
1756066110993 29.124956130981445 44
1756066111022 34.847808837890625 45
1756066111050 30.62087059020996 46
1756066111081 31.85311508178711 47
1756066111110 24.481523513793945 48
1756066111141 31.650630950927734 49
1756066111173 28.8562068939209 50
1756066111205 28.513534545898438 51
1756066111236 30.131534576416016 52
1756066111267 26.379398345947266 53
1756066111299 32.311893463134766 54
1756066111330 28.66800308227539 55
1756066111360 32.13986587524414 56
1756066111391 28.870351791381836 57
1756066111423 30.33847999572754 58
1756066111456 27.809438705444336 59
1756066111487 30.437515258789062 60
1756066111518 25.31543731689453 61
1756066111550 29.507831573486328 62
1756066111581 27.26753807067871 63
1756066111612 27.505352020263672 64
1756066111644 29.476816177368164 65
1756066111675 25.91994285583496 66
1756066111707 28.424253463745117 67
1756066111739 28.597759246826172 68
1756066111770 29.113168716430664 69
1756066111802 27.233917236328125 70
1756066111833 29.742252349853516 71
1756066111865 30.09933090209961 72
1756066111896 27.9028263092041 73
1756066111928 27.990997314453125 74
1756066111959 29.317773818969727 75
1756066111990 28.14287567138672 76
1756066112023 28.493608474731445 77
1756066112055 25.60810089111328 78
1756066112086 28.743730545043945 79
1756066112118 30.250682830810547 80
1756066112151 30.716915130615234 81
1756066112183 26.436351776123047 82
1756066112215 27.13160514831543 83
1756066112247 30.84268569946289 84
1756066112279 30.475780487060547 85
1756066112310 29.028839111328125 86
1756066112343 25.60526466369629 87
1756066112373 26.710058212280273 88
1756066112401 26.82084846496582 89
1756066112429 24.382970809936523 90
1756066112457 26.857147216796875 91
1756066112485 29.73375129699707 92
1756066112514 28.090673446655273 93
1756066112542 28.232772827148438 94
1756066112570 27.39310073852539 95
1756066112599 27.05357551574707 96
1756066112627 27.884517669677734 97
1756066112656 24.876190185546875 98
1756066112685 26.465194702148438 99
1756066112713 30.060922622680664 100
1756066112741 31.088497161865234 101
1756066112773 27.364173889160156 102
1756066112805 27.28522491455078 103
1756066112835 25.161245346069336 104
1756066112862 29.381122589111328 105
1756066112890 27.3697452545166 106
1756066112918 28.31117820739746 107
1756066112945 28.754825592041016 108
1756066112973 27.159399032592773 109
1756066113001 29.116539001464844 110
1756066113030 25.47926139831543 111
1756066113058 25.960508346557617 112
1756066113090 27.310077667236328 113
1756066113121 25.282920837402344 114
1756066113153 26.197574615478516 115
1756066113184 22.819305419921875 116
1756066113217 27.13192367553711 117
1756066113248 25.697120666503906 118
1756066113279 24.73130989074707 119
1756066113311 27.645614624023438 120
1756066113342 25.49400520324707 121
1756066113374 26.979251861572266 122
1756066113405 27.703174591064453 123
1756066113436 25.469404220581055 124
1756066113467 26.117753982543945 125
1756066113498 27.500844955444336 126
1756066113530 27.431299209594727 127
1756066113561 24.293590545654297 128
1756066113592 27.9951171875 129
1756066113623 29.581748962402344 130
1756066113655 29.8066463470459 131
1756066113687 24.235532760620117 132
1756066113719 26.216814041137695 133
1756066113751 28.028217315673828 134
1756066113783 30.223833084106445 135
1756066113812 24.05107879638672 136
1756066113844 25.019527435302734 137
1756066113876 29.6323184967041 138
1756066113905 26.91130256652832 139
1756066113934 24.123872756958008 140
1756066113962 29.72191047668457 141
1756066113994 25.644380569458008 142
1756066114022 24.88933753967285 143
1756066114051 24.4450626373291 144
1756066114079 25.879920959472656 145
1756066114107 28.173446655273438 146
1756066114135 30.561586380004883 147
1756066114164 26.717817306518555 148
1756066114193 27.568241119384766 149
1756066114225 27.452552795410156 150
1756066114254 29.496030807495117 151
1756066114285 27.87554168701172 152
1756066114316 27.71132469177246 153
1756066114345 28.481977462768555 154
1756066114372 25.62981414794922 155
1756066114403 27.985877990722656 156
1756066114438 25.415666580200195 157
1756066114474 26.43977165222168 158
1756066114509 23.546606063842773 159
1756066114544 26.05813980102539 160
1756066114578 30.320419311523438 161
1756066114613 26.374549865722656 162
1756066114645 22.770763397216797 163
1756066114674 26.186832427978516 164
1756066114702 28.069595336914062 165
1756066114731 26.685089111328125 166
1756066114762 28.343114852905273 167
1756066114792 28.445268630981445 168
1756066114822 24.55962371826172 169
1756066114852 22.901065826416016 170
1756066114881 23.80997085571289 171
1756066114910 27.163883209228516 172
1756066114943 30.434307098388672 173
1756066114975 29.8079776763916 174
1756066115007 27.694761276245117 175
1756066115036 26.847856521606445 176
1756066115065 24.945209503173828 177
1756066115095 27.15311050415039 178
1756066115125 29.385204315185547 179
1756066115154 25.934146881103516 180
1756066115184 24.24226951599121 181
1756066115214 28.644325256347656 182
1756066115244 25.694698333740234 183
1756066115274 24.80145835876465 184
1756066115304 26.404008865356445 185
1756066115334 27.47822380065918 186
1756066115363 24.207984924316406 187
1756066115394 26.3582706451416 188
1756066115426 27.398456573486328 189
1756066115461 26.204565048217773 190
1756066115496 26.513511657714844 191
1756066115530 24.491912841796875 192
1756066115565 25.53968620300293 193
1756066115596 26.35362434387207 194
1756066115626 25.933555603027344 195
1756066115656 27.532079696655273 196
1756066115685 25.362308502197266 197
1756066115714 26.511215209960938 198
1756066115743 28.18073844909668 199
1756066115773 24.079893112182617 200
1756066115802 26.096351623535156 201
1756066115831 25.7928466796875 202
1756066115861 28.356582641601562 203
1756066115890 22.91391944885254 204
1756066115918 27.630123138427734 205
1756066115947 23.324058532714844 206
1756066115976 27.19527816772461 207
1756066116005 28.26289176940918 208
1756066116036 27.31075096130371 209
1756066116066 26.64215850830078 210
1756066116097 22.35598373413086 211
1756066116129 26.865692138671875 212
1756066116157 26.41722297668457 213
1756066116186 25.298015594482422 214
1756066116218 24.516307830810547 215
1756066116251 26.748075485229492 216
1756066116283 29.546035766601562 217
1756066116315 25.415315628051758 218
1756066116348 25.606853485107422 219
1756066116377 27.31368064880371 220
1756066116405 23.986278533935547 221
1756066116434 23.767688751220703 222
1756066116462 23.081769943237305 223
1756066116491 25.17289161682129 224
1756066116520 24.45463752746582 225
1756066116549 24.218917846679688 226
1756066116578 26.951757431030273 227
1756066116609 29.136005401611328 228
1756066116639 25.991424560546875 229
1756066116669 31.7600154876709 230
1756066116699 24.102144241333008 231
1756066116728 29.602310180664062 232
1756066116757 27.34471321105957 233
1756066116789 26.87355613708496 234
1756066116819 26.655620574951172 235
1756066116851 26.5394344329834 236
1756066116882 25.857120513916016 237
1756066116914 25.994977951049805 238
1756066116946 26.76239776611328 239
1756066116978 25.53984832763672 240
1756066117008 25.686105728149414 241
1756066117036 25.445039749145508 242
1756066117064 26.188194274902344 243
1756066117092 26.271053314208984 244
1756066117120 18.11896324157715 245
1756066117148 27.637264251708984 246
1756066117176 31.364341735839844 247
1756066117204 25.93264389038086 248
1756066117233 27.907291412353516 249
1756066117261 26.354639053344727 250
1756066117289 26.341596603393555 251
1756066117317 26.176654815673828 252
1756066117345 25.617441177368164 253
1756066117373 25.39147186279297 254
1756066117403 23.33596420288086 255
1756066117437 28.446367263793945 256
1756066117470 26.0644474029541 257
1756066117504 24.16183853149414 258
1756066117537 28.695552825927734 259
1756066117570 23.501441955566406 260
1756066117603 28.0250301361084 261
1756066117636 22.711196899414062 262
1756066117672 24.92325210571289 263
1756066117705 25.128183364868164 264
1756066117738 26.616567611694336 265
1756066117771 26.092288970947266 266
1756066117804 25.772306442260742 267
1756066117836 26.18954086303711 268
1756066117869 27.286977767944336 269
1756066117900 25.18532371520996 270
1756066117932 25.39815902709961 271
1756066117963 25.833341598510742 272
1756066117991 26.8678035736084 273
1756066118019 23.151376724243164 274
1756066118048 27.8636474609375 275
1756066118076 25.950077056884766 276
1756066118105 28.446157455444336 277
1756066118133 29.299964904785156 278
1756066118162 25.623504638671875 279
1756066118189 26.394071578979492 280
1756066118220 25.376909255981445 281
1756066118249 26.48946762084961 282
1756066118279 25.315797805786133 283
1756066118311 28.458492279052734 284
1756066118342 25.47080421447754 285
1756066118370 22.926231384277344 286
1756066118404 24.83904266357422 287
1756066118439 26.459625244140625 288
1756066118474 24.976245880126953 289
1756066118510 27.072616577148438 290
1756066118545 25.868295669555664 291
1756066118580 23.76960563659668 292
1756066118615 27.51958465576172 293
1756066118651 27.36833953857422 294
1756066118685 24.716968536376953 295
1756066118719 19.210708618164062 296
1756066118753 24.39423179626465 297
1756066118782 31.198789596557617 298
1756066118810 26.932519912719727 299
1756066126918 50.030738830566406 0
1756066126950 49.93016815185547 1
1756066126984 49.78550338745117 2
1756066127017 49.80184555053711 3
1756066127051 49.641422271728516 4
1756066127083 49.45598602294922 5
1756066127115 49.28867721557617 6
1756066127147 49.46061325073242 7
1756066127178 49.228248596191406 8
1756066127211 48.855289459228516 9
1756066127241 48.501609802246094 10
1756066127272 48.64848709106445 11
1756066127302 48.014339447021484 12
1756066127333 48.14303207397461 13
1756066127364 47.114776611328125 14
1756066127394 47.36357498168945 15
1756066127425 46.84733581542969 16
1756066127458 46.43888854980469 17
1756066127488 45.92894744873047 18
1756066127519 46.14891815185547 19
1756066127550 45.56325149536133 20
1756066127581 44.74379348754883 21
1756066127613 42.33232116699219 22
1756066127644 42.50629425048828 23
1756066127675 42.52059555053711 24
1756066127706 41.18124771118164 25
1756066127737 41.11699676513672 26
1756066127768 39.25374984741211 27
1756066127798 37.745670318603516 28
1756066127829 37.16160202026367 29
1756066127860 36.82593536376953 30
1756066127890 34.63026809692383 31
1756066127921 33.36086654663086 32
1756066127952 34.04658889770508 33
1756066127983 30.99968910217285 34
1756066128014 29.53387451171875 35
1756066128046 31.563146591186523 36
1756066128077 31.185413360595703 37
1756066128107 26.118375778198242 38
1756066128135 26.081056594848633 39
1756066128164 29.0126953125 40
1756066128192 28.91126251220703 41
1756066128220 26.471033096313477 42
1756066128248 28.98813819885254 43
1756066128277 30.232694625854492 44
1756066128309 29.96033477783203 45
1756066128336 31.793336868286133 46
1756066128364 31.119651794433594 47
1756066128391 25.9753475189209 48
1756066128420 28.362808227539062 49
1756066128448 30.633085250854492 50
1756066128476 28.13779067993164 51
1756066128504 27.335784912109375 52
1756066128532 28.167667388916016 53
1756066128560 26.281810760498047 54
1756066128590 28.226409912109375 55
1756066128622 26.452903747558594 56
1756066128654 28.976858139038086 57
1756066128687 31.373918533325195 58
1756066128720 30.226360321044922 59
1756066128749 25.092409133911133 60
1756066128777 29.21643829345703 61
1756066128809 23.028406143188477 62
1756066128838 28.491188049316406 63
1756066128866 30.448226928710938 64
1756066128894 27.65393829345703 65
1756066128923 24.702173233032227 66
1756066128951 26.61479949951172 67
1756066128979 23.466697692871094 68
1756066129010 24.332727432250977 69
1756066129040 27.90704917907715 70
1756066129067 27.063505172729492 71
1756066129095 28.33087730407715 72
1756066129123 31.291135787963867 73
1756066129151 28.422870635986328 74
1756066129179 32.44816589355469 75
1756066129212 28.3437442779541 76
1756066129247 32.16206741333008 77
1756066129280 32.137413024902344 78
1756066129313 27.534151077270508 79
1756066129345 29.301992416381836 80
1756066129373 25.954345703125 81
1756066129401 27.73673439025879 82
1756066129430 25.722013473510742 83
1756066129459 28.75909423828125 84
1756066129488 30.207487106323242 85
1756066129517 25.290861129760742 86
1756066129546 27.16056251525879 87
1756066129575 29.368412017822266 88
1756066129604 23.65497589111328 89
1756066129633 27.357149124145508 90
1756066129662 27.79568862915039 91
1756066129691 26.94246482849121 92
1756066129719 28.43938636779785 93
1756066129748 28.659820556640625 94
1756066129778 23.773353576660156 95
1756066129807 23.43043327331543 96
1756066129836 23.394546508789062 97
1756066129866 27.76232147216797 98
1756066129895 26.028512954711914 99
1756066129925 26.83941650390625 100
1756066129957 23.126867294311523 101
1756066129985 26.415063858032227 102
1756066130014 27.536663055419922 103
1756066130042 27.535749435424805 104
1756066130070 26.36223793029785 105
1756066130099 26.25553321838379 106
1756066130127 23.30730438232422 107
1756066130159 25.15981674194336 108
1756066130194 25.856060028076172 109
1756066130224 28.532474517822266 110
1756066130252 25.324594497680664 111
1756066130281 26.693166732788086 112
1756066130313 24.864768981933594 113
1756066130342 25.902332305908203 114
1756066130371 29.962392807006836 115
1756066130399 24.35037612915039 116
1756066130427 23.503868103027344 117
1756066130457 28.695131301879883 118
1756066130488 25.510465621948242 119
1756066130521 26.28508949279785 120
1756066130558 26.9787654876709 121
1756066130591 24.936344146728516 122
1756066130623 23.43775177001953 123
1756066130655 26.495868682861328 124
1756066130683 27.30255699157715 125
1756066130711 23.144742965698242 126
1756066130742 24.763980865478516 127
1756066130771 26.915077209472656 128
1756066130799 24.81038475036621 129
1756066130828 25.694002151489258 130
1756066130857 26.601917266845703 131
1756066130885 27.281906127929688 132
1756066130914 27.092247009277344 133
1756066130942 26.268156051635742 134
1756066130971 24.899242401123047 135
1756066130999 24.4365177154541 136
1756066131029 22.652576446533203 137
1756066131059 24.4979248046875 138
1756066131088 25.976070404052734 139
1756066131117 24.657438278198242 140
1756066131146 25.442228317260742 141
1756066131263 27.338138580322266 142
1756066131291 23.90983772277832 143
1756066131320 27.000118255615234 144
1756066131348 32.1959228515625 145
1756066131376 25.04059410095215 146
1756066131405 23.382457733154297 147
1756066131434 26.091928482055664 148
1756066131462 27.188180923461914 149
1756066131492 28.044654846191406 150
1756066131522 25.73514175415039 151
1756066131550 23.39716911315918 152
1756066131579 27.595741271972656 153
1756066131607 26.980512619018555 154
1756066131636 25.547910690307617 155
1756066131666 26.61601448059082 156
1756066131698 27.363988876342773 157
1756066131728 24.338119506835938 158
1756066131756 26.31296157836914 159
1756066131784 28.973058700561523 160
1756066131813 23.69782829284668 161
1756066131842 23.914417266845703 162
1756066131870 25.54880142211914 163
1756066131900 26.694091796875 164
1756066131929 27.87804412841797 165
1756066131958 24.287321090698242 166
1756066131987 26.695140838623047 167
1756066132016 25.062528610229492 168
1756066132044 23.828786849975586 169
1756066132073 20.06774139404297 170
1756066132101 24.32408332824707 171
1756066132130 31.049158096313477 172
1756066132159 24.608503341674805 173
1756066132187 29.698549270629883 174
1756066132217 25.969581604003906 175
1756066132247 23.755802154541016 176
1756066132277 25.201786041259766 177
1756066132306 24.920373916625977 178
1756066132338 24.387371063232422 179
1756066132368 24.841676712036133 180
1756066132400 24.23014259338379 181
1756066132432 21.503761291503906 182
1756066132463 26.152099609375 183
1756066132493 22.795061111450195 184
1756066132522 25.081825256347656 185
1756066132550 26.06260871887207 186
1756066132579 27.840911865234375 187
1756066132607 30.394105911254883 188
1756066132639 26.01763153076172 189
1756066132672 22.007469177246094 190
1756066132707 24.844623565673828 191
1756066132739 29.534446716308594 192
1756066132768 21.44774627685547 193
1756066132797 24.702909469604492 194
1756066132827 25.27524185180664 195
1756066132858 24.07333755493164 196
1756066132890 30.13024139404297 197
1756066132919 21.740802764892578 198
1756066132948 25.709461212158203 199
1756066132977 25.855213165283203 200
1756066133005 22.507291793823242 201
1756066133034 27.69251823425293 202
1756066133063 25.887113571166992 203
1756066133094 24.814815521240234 204
1756066133128 23.518220901489258 205
1756066133161 23.42566680908203 206
1756066133193 25.274803161621094 207
1756066133227 27.718080520629883 208
1756066133260 25.14152717590332 209
1756066133293 25.881580352783203 210
1756066133327 27.315311431884766 211
1756066133356 29.09636878967285 212
1756066133384 26.71502685546875 213
1756066133413 24.212614059448242 214
1756066133445 27.13232421875 215
1756066133474 23.48968505859375 216
1756066133506 24.7966251373291 217
1756066133539 24.694913864135742 218
1756066133567 23.821229934692383 219
1756066133596 24.79796028137207 220
1756066133625 29.883548736572266 221
1756066133654 24.00168228149414 222
1756066133682 24.561628341674805 223
1756066133711 24.844280242919922 224
1756066133739 26.146121978759766 225
1756066133767 24.679119110107422 226
1756066133795 19.807058334350586 227
1756066133823 25.968156814575195 228
1756066133853 26.881362915039062 229
1756066133884 24.35891342163086 230
1756066133913 28.333040237426758 231
1756066133942 28.642038345336914 232
1756066133971 24.850154876708984 233
1756066134000 21.13528060913086 234
1756066134029 26.748079299926758 235
1756066134062 25.948644638061523 236
1756066134095 26.736600875854492 237
1756066134124 24.828035354614258 238
1756066134153 22.603971481323242 239
1756066134182 26.390361785888672 240
1756066134211 24.680343627929688 241
1756066134241 26.979127883911133 242
1756066134270 24.739978790283203 243
1756066134299 26.477909088134766 244
1756066134328 21.982751846313477 245
1756066134359 27.80984878540039 246
1756066134389 22.8353328704834 247
1756066134421 27.667240142822266 248
1756066134453 31.512981414794922 249
1756066134483 28.352336883544922 250
1756066134516 24.20893096923828 251
1756066134548 27.324304580688477 252
1756066134581 25.984722137451172 253
1756066134614 25.362586975097656 254
1756066134647 24.155906677246094 255
1756066134680 24.01814079284668 256
1756066134712 30.569246292114258 257
1756066134745 25.312938690185547 258
1756066134774 25.851478576660156 259
1756066134804 27.512996673583984 260
1756066134833 26.557235717773438 261
1756066134862 29.17498779296875 262
1756066134890 24.526906967163086 263
1756066134919 24.509733200073242 264
1756066134949 23.98023796081543 265
1756066134979 25.97341537475586 266
1756066135011 25.926668167114258 267
1756066135040 24.864852905273438 268
1756066135069 25.113693237304688 269
1756066135098 26.24131965637207 270
1756066135127 23.7072696685791 271
1756066135155 23.023723602294922 272
1756066135184 21.59645652770996 273
1756066135213 24.970474243164062 274
1756066135246 21.96639060974121 275
1756066135275 23.91768455505371 276
1756066135304 25.062044143676758 277
1756066135336 29.181396484375 278
1756066135365 25.77291488647461 279
1756066135394 26.807052612304688 280
1756066135423 26.831809997558594 281
1756066135451 23.324039459228516 282
1756066135480 23.524999618530273 283
1756066135509 24.85072135925293 284
1756066135538 25.29308319091797 285
1756066135566 21.634117126464844 286
1756066135595 26.13909339904785 287
1756066135624 20.205629348754883 288
1756066135653 22.57081413269043 289
1756066135682 23.692747116088867 290
1756066135710 28.672191619873047 291
1756066135740 20.309829711914062 292
1756066135769 27.59811019897461 293
1756066135797 28.701032638549805 294
1756066135826 26.981740951538086 295
1756066135856 27.967437744140625 296
1756066135885 27.971698760986328 297
1756066135914 26.464054107666016 298
1756066135943 23.687036514282227 299
1756066144052 48.68842315673828 0
1756066144082 48.57875061035156 1
1756066144114 48.489620208740234 2
1756066144144 48.41604232788086 3
1756066144172 48.33360290527344 4
1756066144203 48.28386688232422 5
1756066144234 48.14784240722656 6
1756066144266 47.739192962646484 7
1756066144298 48.03023147583008 8
1756066144331 47.65046691894531 9
1756066144363 47.35725021362305 10
1756066144392 47.183380126953125 11
1756066144423 46.77490234375 12
1756066144455 46.97108459472656 13
1756066144487 46.505882263183594 14
1756066144519 46.472049713134766 15
1756066144551 46.78865432739258 16
1756066144582 45.843055725097656 17
1756066144614 43.97733688354492 18
1756066144645 44.700462341308594 19
1756066144676 43.8114013671875 20
1756066144709 43.247772216796875 21
1756066144742 42.05745315551758 22
1756066144775 42.62697219848633 23
1756066144807 40.76945114135742 24
1756066144839 40.61872863769531 25
1756066144871 39.35445022583008 26
1756066144903 36.679622650146484 27
1756066144934 36.0457878112793 28
1756066144966 34.95001220703125 29
1756066144997 33.37458801269531 30
1756066145029 33.28397750854492 31
1756066145060 31.324337005615234 32
1756066145093 28.058841705322266 33
1756066145125 25.508270263671875 34
1756066145156 30.302276611328125 35
1756066145189 22.380647659301758 36
1756066145220 26.785463333129883 37
1756066145253 26.53451156616211 38
1756066145287 26.624980926513672 39
1756066145320 26.949676513671875 40
1756066145351 28.607221603393555 41
1756066145383 27.018178939819336 42
1756066145414 26.17399787902832 43
1756066145445 23.514095306396484 44
1756066145477 29.736064910888672 45
1756066145508 26.44011688232422 46
1756066145536 29.338253021240234 47
1756066145564 25.314929962158203 48
1756066145593 27.530010223388672 49
1756066145621 23.344057083129883 50
1756066145650 26.977466583251953 51
1756066145681 25.48676872253418 52
1756066145712 23.216657638549805 53
1756066145743 24.98321533203125 54
1756066145776 26.102222442626953 55
1756066145807 30.514163970947266 56
1756066145836 24.124971389770508 57
1756066145865 27.034019470214844 58
1756066145894 21.723121643066406 59
1756066145923 27.176000595092773 60
1756066145953 29.026004791259766 61
1756066145983 29.43436050415039 62
1756066146014 23.14995574951172 63
1756066146045 26.6236629486084 64
1756066146073 26.0274600982666 65
1756066146100 24.964929580688477 66
1756066146129 25.027935028076172 67
1756066146158 26.86683464050293 68
1756066146186 22.978422164916992 69
1756066146219 26.51551628112793 70
1756066146251 31.47031593322754 71
1756066146282 26.25392723083496 72
1756066146312 27.9912109375 73
1756066146343 26.59627342224121 74
1756066146375 26.10715103149414 75
1756066146407 25.544565200805664 76
1756066146438 23.851024627685547 77
1756066146469 27.324247360229492 78
1756066146501 26.03746795654297 79
1756066146532 26.468402862548828 80
1756066146562 29.247852325439453 81
1756066146593 24.935550689697266 82
1756066146624 26.430204391479492 83
1756066146655 24.486629486083984 84
1756066146686 24.037784576416016 85
1756066146718 27.332544326782227 86
1756066146750 28.179956436157227 87
1756066146782 26.168460845947266 88
1756066146813 24.49101448059082 89
1756066146844 22.98541831970215 90
1756066146875 23.84825897216797 91
1756066146906 26.425113677978516 92
1756066146938 22.594270706176758 93
1756066146970 26.774267196655273 94
1756066147002 23.78620147705078 95
1756066147033 24.39267349243164 96
1756066147065 29.17220115661621 97
1756066147095 29.037368774414062 98
1756066147128 26.260601043701172 99
1756066147162 28.145980834960938 100
1756066147194 24.216533660888672 101
1756066147227 25.60250473022461 102
1756066147259 28.068145751953125 103
1756066147290 26.794696807861328 104
1756066147322 24.338794708251953 105
1756066147354 26.65424346923828 106
1756066147386 26.569765090942383 107
1756066147418 25.734424591064453 108
1756066147450 22.36069107055664 109
1756066147481 27.46540069580078 110
1756066147513 27.7772216796875 111
1756066147542 29.852216720581055 112
1756066147571 27.628393173217773 113
1756066147600 21.84066390991211 114
1756066147629 30.501840591430664 115
1756066147658 25.39213752746582 116
1756066147686 23.42840003967285 117
1756066147718 22.464956283569336 118
1756066147751 26.09840965270996 119
1756066147783 28.320600509643555 120
1756066147811 27.316356658935547 121
1756066147840 25.798580169677734 122
1756066147868 23.020601272583008 123
1756066147896 22.518306732177734 124
1756066147928 27.39918327331543 125
1756066147957 22.909786224365234 126
1756066147985 24.020116806030273 127
1756066148014 23.977764129638672 128
1756066148046 24.799570083618164 129
1756066148078 25.866310119628906 130
1756066148109 24.885461807250977 131
1756066148142 30.874643325805664 132
1756066148175 25.52266502380371 133
1756066148208 24.772092819213867 134
1756066148240 20.808021545410156 135
1756066148272 25.251976013183594 136
1756066148301 25.213624954223633 137
1756066148330 21.965988159179688 138
1756066148359 24.47548484802246 139
1756066148388 28.40169906616211 140
1756066148417 30.15403175354004 141
1756066148446 24.086578369140625 142
1756066148474 22.877981185913086 143
1756066148506 22.752071380615234 144
1756066148538 22.918519973754883 145
1756066148570 28.536067962646484 146
1756066148598 25.69400405883789 147
1756066148628 29.466978073120117 148
1756066148660 24.603593826293945 149
1756066148692 22.027555465698242 150
1756066148724 26.567909240722656 151
1756066148758 23.85523796081543 152
1756066148790 27.0024471282959 153
1756066148822 23.36626625061035 154
1756066148854 25.599218368530273 155
1756066148886 30.64630889892578 156
1756066148919 25.0231990814209 157
1756066148952 24.352500915527344 158
1756066148984 28.11504364013672 159
1756066149016 23.42326545715332 160
1756066149049 24.00680160522461 161
1756066149081 28.742347717285156 162
1756066149113 24.440160751342773 163
1756066149145 27.12876319885254 164
1756066149178 28.072147369384766 165
1756066149212 28.287372589111328 166
1756066149245 25.584165573120117 167
1756066149275 25.34066390991211 168
1756066149303 27.427337646484375 169
1756066149330 25.929615020751953 170
1756066149364 24.3738956451416 171
1756066149396 23.290552139282227 172
1756066149428 21.85597801208496 173
1756066149456 22.54280662536621 174
1756066149484 29.3594913482666 175
1756066149513 22.056364059448242 176
1756066149545 21.372861862182617 177
1756066149573 25.793075561523438 178
1756066149603 25.148399353027344 179
1756066149636 30.50996208190918 180
1756066149667 22.938461303710938 181
1756066149699 26.66957664489746 182
1756066149726 24.20353126525879 183
1756066149755 25.921823501586914 184
1756066149784 30.33551788330078 185
1756066149815 26.344135284423828 186
1756066149846 23.966718673706055 187
1756066149874 25.594446182250977 188
1756066149903 24.802597045898438 189
1756066149931 27.39225959777832 190
1756066149959 25.43570327758789 191
1756066149988 25.34190559387207 192
1756066150017 23.89371681213379 193
1756066150048 24.74858283996582 194
1756066150077 27.205204010009766 195
1756066150110 24.283397674560547 196
1756066150141 21.77460289001465 197
1756066150173 23.552940368652344 198
1756066150204 26.343740463256836 199
1756066150232 27.373720169067383 200
1756066150261 20.710718154907227 201
1756066150291 20.631948471069336 202
1756066150322 24.87729835510254 203
1756066150354 29.852811813354492 204
1756066150384 23.36273956298828 205
1756066150416 22.232013702392578 206
1756066150448 24.737869262695312 207
1756066150477 25.491779327392578 208
1756066150505 24.419525146484375 209
1756066150534 26.625938415527344 210
1756066150563 26.551807403564453 211
1756066150593 23.832735061645508 212
1756066150622 24.331199645996094 213
1756066150650 20.56941032409668 214
1756066150679 22.862247467041016 215
1756066150707 23.91962432861328 216
1756066150736 24.751056671142578 217
1756066150765 21.692779541015625 218
1756066150794 24.332719802856445 219
1756066150823 20.111663818359375 220
1756066150854 28.163724899291992 221
1756066150883 24.51082992553711 222
1756066150912 24.814727783203125 223
1756066150940 26.620086669921875 224
1756066150969 28.27200698852539 225
1756066150997 27.714752197265625 226
1756066151026 26.73480987548828 227
1756066151055 25.902984619140625 228
1756066151084 23.58438491821289 229
1756066151112 26.923994064331055 230
1756066151144 20.954605102539062 231
1756066151174 27.228471755981445 232
1756066151204 25.042736053466797 233
1756066151233 22.99793815612793 234
1756066151265 22.01273536682129 235
1756066151297 25.006072998046875 236
1756066151332 23.415145874023438 237
1756066151368 25.22935676574707 238
1756066151402 25.52589988708496 239
1756066151435 27.78716278076172 240
1756066151467 25.896854400634766 241
1756066151499 25.234394073486328 242
1756066151528 25.075382232666016 243
1756066151557 20.67482566833496 244
1756066151585 27.73506736755371 245
1756066151614 24.160106658935547 246
1756066151643 23.415307998657227 247
1756066151672 24.327035903930664 248
1756066151701 25.498319625854492 249
1756066151729 21.940561294555664 250
1756066151759 25.532196044921875 251
1756066151788 22.2025203704834 252
1756066151817 26.41263771057129 253
1756066151846 25.18967056274414 254
1756066151875 28.2379207611084 255
1756066151904 28.110448837280273 256
1756066151933 25.118160247802734 257
1756066151961 25.080230712890625 258
1756066151990 24.18526268005371 259
1756066152019 22.609264373779297 260
1756066152048 24.03816795349121 261
1756066152079 26.445152282714844 262
1756066152107 26.334224700927734 263
1756066152136 26.254756927490234 264
1756066152165 27.076873779296875 265
1756066152193 22.84041976928711 266
1756066152225 22.119043350219727 267
1756066152261 27.8526554107666 268
1756066152292 23.094850540161133 269
1756066152321 22.542665481567383 270
1756066152350 25.51063346862793 271
1756066152378 24.468393325805664 272
1756066152408 32.2658576965332 273
1756066152438 22.278274536132812 274
1756066152467 22.25628089904785 275
1756066152495 20.496681213378906 276
1756066152527 23.225940704345703 277
1756066152560 24.883392333984375 278
1756066152593 25.282501220703125 279
1756066152626 24.423797607421875 280
1756066152659 24.94377326965332 281
1756066152694 23.047134399414062 282
1756066152731 25.703107833862305 283
1756066152767 27.062862396240234 284
1756066152799 24.664323806762695 285
1756066152827 29.375308990478516 286
1756066152855 28.14655876159668 287
1756066152883 26.339214324951172 288
1756066152912 23.037778854370117 289
1756066152945 24.77754783630371 290
1756066152978 26.775171279907227 291
1756066153011 23.844755172729492 292
1756066153040 25.07465934753418 293
1756066153068 21.931222915649414 294
1756066153097 25.422842025756836 295
1756066153126 22.773176193237305 296
1756066153159 24.638721466064453 297
1756066153191 25.491479873657227 298
1756066153220 25.617002487182617 299
1756066161336 50.055904388427734 0
1756066161371 49.971248626708984 1
1756066161416 49.841796875 2
1756066161461 49.76398468017578 3
1756066161497 49.59751510620117 4
1756066161536 49.440406799316406 5
1756066161574 49.43126678466797 6
1756066161604 48.958221435546875 7
1756066161634 48.8034553527832 8
1756066161665 48.742061614990234 9
1756066161697 48.39787292480469 10
1756066161729 48.01213073730469 11
1756066161759 47.55354309082031 12
1756066161790 47.06816101074219 13
1756066161820 46.49355697631836 14
1756066161852 45.827613830566406 15
1756066161885 45.80554962158203 16
1756066161915 45.65205383300781 17
1756066161947 45.25468444824219 18
1756066161981 42.47160720825195 19
1756066162010 42.507652282714844 20
1756066162039 40.617149353027344 21
1756066162067 37.84531784057617 22
1756066162096 40.50172424316406 23
1756066162129 38.320106506347656 24
1756066162160 35.4962043762207 25
1756066162189 36.58778762817383 26
1756066162217 30.82558250427246 27
1756066162246 28.629409790039062 28
1756066162275 28.551570892333984 29
1756066162303 30.313587188720703 30
1756066162332 30.911155700683594 31
1756066162361 27.291135787963867 32
1756066162390 26.584213256835938 33
1756066162418 27.086118698120117 34
1756066162446 28.5602970123291 35
1756066162480 25.579954147338867 36
1756066162510 27.63878631591797 37
1756066162538 26.043872833251953 38
1756066162567 26.305526733398438 39
1756066162596 24.7751522064209 40
1756066162625 28.59549331665039 41
1756066162654 25.198057174682617 42
1756066162682 28.4033203125 43
1756066162711 28.299320220947266 44
1756066162740 23.921390533447266 45
1756066162772 25.68354034423828 46
1756066162805 28.399147033691406 47
1756066162834 23.696495056152344 48
1756066162866 29.204322814941406 49
1756066162898 27.24892234802246 50
1756066162926 28.362085342407227 51
1756066162955 32.959312438964844 52
1756066162984 24.145540237426758 53
1756066163014 24.797426223754883 54
1756066163043 25.872791290283203 55
1756066163074 26.706912994384766 56
1756066163103 25.33460235595703 57
1756066163133 30.73573112487793 58
1756066163162 24.514034271240234 59
1756066163192 24.166919708251953 60
1756066163221 26.92403793334961 61
1756066163250 24.899709701538086 62
1756066163279 27.766380310058594 63
1756066163308 26.7778263092041 64
1756066163336 24.425373077392578 65
1756066163366 28.27499771118164 66
1756066163396 24.74388313293457 67
1756066163426 25.990251541137695 68
1756066163458 24.00299644470215 69
1756066163486 25.990867614746094 70
1756066163514 26.981048583984375 71
1756066163543 24.398801803588867 72
1756066163572 27.51163673400879 73
1756066163601 25.384878158569336 74
1756066163629 26.347097396850586 75
1756066163660 28.73687744140625 76
1756066163691 26.508697509765625 77
1756066163723 22.935335159301758 78
1756066163753 23.737037658691406 79
1756066163782 29.913917541503906 80
1756066163811 24.101274490356445 81
1756066163840 25.67677116394043 82
1756066163872 28.451923370361328 83
1756066163905 21.971052169799805 84
1756066163938 25.26936149597168 85
1756066163969 22.783376693725586 86
1756066164001 24.42486572265625 87
1756066164034 26.941986083984375 88
1756066164067 23.625429153442383 89
1756066164100 22.436843872070312 90
1756066164131 25.097272872924805 91
1756066164161 24.42135238647461 92
1756066164194 25.355985641479492 93
1756066164229 19.664987564086914 94
1756066164264 23.738117218017578 95
1756066164294 23.15209197998047 96
1756066164323 22.344440460205078 97
1756066164352 26.571550369262695 98
1756066164382 25.779525756835938 99
1756066164413 25.10738754272461 100
1756066164441 22.43436050415039 101
1756066164471 26.24578857421875 102
1756066164501 25.48099136352539 103
1756066164533 22.921066284179688 104
1756066164561 22.780818939208984 105
1756066164590 21.763742446899414 106
1756066164620 24.356863021850586 107
1756066164649 19.154294967651367 108
1756066164679 26.277347564697266 109
1756066164708 20.74007797241211 110
1756066164737 22.97442054748535 111
1756066164769 22.090206146240234 112
1756066164799 19.695232391357422 113
1756066164828 28.304750442504883 114
1756066164859 22.51934242248535 115
1756066164892 25.615060806274414 116
1756066164924 25.030794143676758 117
1756066164951 22.703927993774414 118
1756066164980 24.164701461791992 119
1756066165010 20.140714645385742 120
1756066165040 25.459047317504883 121
1756066165069 25.60037612915039 122
1756066165098 25.054609298706055 123
1756066165127 23.482332229614258 124
1756066165156 25.022024154663086 125
1756066165185 20.636173248291016 126
1756066165214 21.92220115661621 127
1756066165243 23.380325317382812 128
1756066165273 23.18514060974121 129
1756066165303 24.38047981262207 130
1756066165331 23.485532760620117 131
1756066165360 24.5185489654541 132
1756066165393 21.386022567749023 133
1756066165425 21.19168472290039 134
1756066165458 23.85152816772461 135
1756066165490 23.933897018432617 136
1756066165521 23.879535675048828 137
1756066165553 22.14518928527832 138
1756066165587 25.8944091796875 139
1756066165620 23.108036041259766 140
1756066165651 21.72359848022461 141
1756066165684 23.527711868286133 142
1756066165716 23.527233123779297 143
1756066165748 20.77357292175293 144
1756066165781 25.454265594482422 145
1756066165813 25.888521194458008 146
1756066165846 29.202890396118164 147
1756066165878 24.32469367980957 148
1756066165910 28.8537540435791 149
1756066165942 22.427465438842773 150
1756066165974 23.59161376953125 151
1756066166007 21.049312591552734 152
1756066166039 22.628997802734375 153
1756066166071 22.09891128540039 154
1756066166103 23.294607162475586 155
1756066166132 25.323829650878906 156
1756066166161 24.249248504638672 157
1756066166189 24.500144958496094 158
1756066166220 24.381803512573242 159
1756066166249 25.43653678894043 160
1756066166283 24.524211883544922 161
1756066166312 23.95775032043457 162
1756066166340 22.61212730407715 163
1756066166368 24.509994506835938 164
1756066166397 22.169221878051758 165
1756066166426 18.639183044433594 166
1756066166454 23.309947967529297 167
1756066166483 20.256174087524414 168
1756066166511 24.118345260620117 169
1756066166543 21.82826042175293 170
1756066166572 25.815471649169922 171
1756066166601 26.507333755493164 172
1756066166633 24.402212142944336 173
1756066166665 21.73933982849121 174
1756066166700 26.794965744018555 175
1756066166735 22.45245933532715 176
1756066166765 21.238296508789062 177
1756066166794 21.80282974243164 178
1756066166823 21.32330322265625 179
1756066166852 24.374801635742188 180
1756066166881 23.59508514404297 181
1756066166910 19.675460815429688 182
1756066166942 21.243553161621094 183
1756066166974 25.096576690673828 184
1756066167006 23.58079719543457 185
1756066167038 19.669710159301758 186
1756066167069 25.87352180480957 187
1756066167100 23.590234756469727 188
1756066167129 22.41439437866211 189
1756066167160 29.68134307861328 190
1756066167192 22.982513427734375 191
1756066167221 22.48257827758789 192
1756066167254 22.984725952148438 193
1756066167282 20.74305534362793 194
1756066167312 29.146068572998047 195
1756066167345 21.02928924560547 196
1756066167377 24.38043975830078 197
1756066167410 22.100730895996094 198
1756066167442 21.76361846923828 199
1756066167472 26.961929321289062 200
1756066167501 20.04914665222168 201
1756066167530 25.226905822753906 202
1756066167558 22.239168167114258 203
1756066167586 22.26152992248535 204
1756066167615 23.13541603088379 205
1756066167643 20.555564880371094 206
1756066167672 20.66901969909668 207
1756066167704 25.558698654174805 208
1756066167736 24.548702239990234 209
1756066167766 21.194379806518555 210
1756066167798 20.437728881835938 211
1756066167827 20.036062240600586 212
1756066167856 21.190956115722656 213
1756066167885 20.295740127563477 214
1756066167914 19.765512466430664 215
1756066167943 24.061019897460938 216
1756066167972 23.05043601989746 217
1756066168001 26.743947982788086 218
1756066168030 18.609210968017578 219
1756066168059 20.395843505859375 220
1756066168091 23.64112091064453 221
1756066168123 23.322317123413086 222
1756066168155 23.236024856567383 223
1756066168187 25.87034034729004 224
1756066168220 24.297489166259766 225
1756066168253 20.096590042114258 226
1756066168288 26.770353317260742 227
1756066168322 21.074129104614258 228
1756066168356 24.78153419494629 229
1756066168391 24.909027099609375 230
1756066168426 25.897586822509766 231
1756066168455 21.357887268066406 232
1756066168486 20.49077033996582 233
1756066168518 19.814064025878906 234
1756066168548 22.43890380859375 235
1756066168580 21.056133270263672 236
1756066168612 24.70660972595215 237
1756066168642 24.263452529907227 238
1756066168676 21.469392776489258 239
1756066168707 26.22608757019043 240
1756066168737 24.208711624145508 241
1756066168770 25.979286193847656 242
1756066168802 27.710716247558594 243
1756066168829 24.24961280822754 244
1756066168858 23.00605583190918 245
1756066168887 20.175893783569336 246
1756066168917 23.623464584350586 247
1756066168948 22.70878791809082 248
1756066168981 23.638654708862305 249
1756066169018 20.31660270690918 250
1756066169052 23.451324462890625 251
1756066169089 22.06599235534668 252
1756066169122 28.975515365600586 253
1756066169155 26.92342185974121 254
1756066169189 24.129945755004883 255
1756066169222 27.615896224975586 256
1756066169252 21.401262283325195 257
1756066169282 19.061378479003906 258
1756066169312 24.01277732849121 259
1756066169342 22.436594009399414 260
1756066169372 23.72771453857422 261
1756066169402 25.58089256286621 262
1756066169433 25.206478118896484 263
1756066169464 23.936840057373047 264
1756066169495 25.109886169433594 265
1756066169525 23.720354080200195 266
1756066169555 25.041622161865234 267
1756066169585 20.777482986450195 268
1756066169615 22.57299041748047 269
1756066169645 22.63273048400879 270
1756066169679 22.815114974975586 271
1756066169709 20.34700584411621 272
1756066169739 22.10983657836914 273
1756066169770 24.81583595275879 274
1756066169799 24.899545669555664 275
1756066169829 23.80594253540039 276
1756066169858 23.000085830688477 277
1756066169887 26.517499923706055 278
1756066169916 22.17426872253418 279
1756066169945 26.895597457885742 280
1756066169975 26.02259635925293 281
1756066170004 21.401344299316406 282
1756066170034 26.804107666015625 283
1756066170063 24.023029327392578 284
1756066170096 22.703771591186523 285
1756066170128 22.97298240661621 286
1756066170160 22.512941360473633 287
1756066170192 23.023557662963867 288
1756066170224 21.8918514251709 289
1756066170256 26.406715393066406 290
1756066170288 23.669286727905273 291
1756066170318 22.01529884338379 292
1756066170347 27.69883155822754 293
1756066170377 20.120040893554688 294
1756066170407 23.852983474731445 295
1756066170436 22.90099334716797 296
1756066170468 23.207965850830078 297
1756066170499 23.505836486816406 298
1756066170531 23.575803756713867 299
1756066178639 48.79977798461914 0
1756066178672 48.78518295288086 1
1756066178705 48.744441986083984 2
1756066178737 48.672271728515625 3
1756066178770 48.60818099975586 4
1756066178805 48.47173309326172 5
1756066178839 48.472740173339844 6
1756066178872 48.30954360961914 7
1756066178904 48.12373733520508 8
1756066178935 48.17691421508789 9
1756066178966 48.00051498413086 10
1756066178998 47.88301467895508 11
1756066179029 47.55651092529297 12
1756066179061 47.48126983642578 13
1756066179092 47.32923126220703 14
1756066179123 47.125587463378906 15
1756066179154 46.45168685913086 16
1756066179185 46.40991973876953 17
1756066179218 46.46429443359375 18
1756066179250 45.948184967041016 19
1756066179279 45.511043548583984 20
1756066179308 45.51651382446289 21
1756066179340 44.92277526855469 22
1756066179370 44.32150650024414 23
1756066179401 42.98193359375 24
1756066179432 42.3935546875 25
1756066179460 41.397796630859375 26
1756066179487 41.44169235229492 27
1756066179516 38.875213623046875 28
1756066179545 38.74561309814453 29
1756066179574 37.2312126159668 30
1756066179604 36.704978942871094 31
1756066179633 37.84733581542969 32
1756066179663 37.99880599975586 33
1756066179692 33.808956146240234 34
1756066179720 33.275718688964844 35
1756066179747 32.13534164428711 36
1756066179781 29.553516387939453 37
1756066179812 29.15767478942871 38
1756066179844 30.870010375976562 39
1756066179876 27.223445892333984 40
1756066179904 29.51246452331543 41
1756066179931 29.859676361083984 42
1756066179961 31.15956687927246 43
1756066179990 29.421005249023438 44
1756066180019 28.4221248626709 45
1756066180048 28.4860897064209 46
1756066180077 30.34821319580078 47
1756066180106 25.524232864379883 48
1756066180137 29.079927444458008 49
1756066180171 24.10264778137207 50
1756066180202 23.165327072143555 51
1756066180233 26.620805740356445 52
1756066180264 27.139217376708984 53
1756066180296 27.48318862915039 54
1756066180328 24.051063537597656 55
1756066180359 26.6596622467041 56
1756066180391 28.407602310180664 57
1756066180423 28.50315284729004 58
1756066180454 24.01468276977539 59
1756066180485 28.151103973388672 60
1756066180516 24.81021499633789 61
1756066180548 28.00147819519043 62
1756066180579 27.75898551940918 63
1756066180610 26.269268035888672 64
1756066180641 28.79495620727539 65
1756066180672 24.508392333984375 66
1756066180704 22.18116569519043 67
1756066180735 23.207008361816406 68
1756066180766 25.838165283203125 69
1756066180797 23.069408416748047 70
1756066180829 26.368160247802734 71
1756066180860 25.126934051513672 72
1756066180891 22.310869216918945 73
1756066180923 23.39573860168457 74
1756066180954 24.276226043701172 75
1756066180986 25.77485466003418 76
1756066181017 25.87714385986328 77
1756066181049 26.003515243530273 78
1756066181080 24.20762825012207 79
1756066181111 26.832210540771484 80
1756066181142 24.54964256286621 81
1756066181174 24.973236083984375 82
1756066181205 29.59232521057129 83
1756066181234 22.754331588745117 84
1756066181265 25.67132568359375 85
1756066181295 28.33808135986328 86
1756066181324 29.26664924621582 87
1756066181352 22.900772094726562 88
1756066181381 26.52617645263672 89
1756066181410 25.34577751159668 90
1756066181440 24.77541160583496 91
1756066181469 23.04823112487793 92
1756066181498 22.631040573120117 93
1756066181527 26.52564811706543 94
1756066181556 24.299652099609375 95
1756066181584 21.032257080078125 96
1756066181613 25.46064567565918 97
1756066181645 24.365440368652344 98
1756066181677 25.072206497192383 99
1756066181710 23.917634963989258 100
1756066181745 24.57216453552246 101
1756066181780 22.15989112854004 102
1756066181812 27.2176456451416 103
1756066181845 22.456829071044922 104
1756066181880 26.318668365478516 105
1756066181914 28.739559173583984 106
1756066181950 24.187705993652344 107
1756066181984 23.424589157104492 108
1756066182018 24.81205940246582 109
1756066182053 23.0759220123291 110
1756066182083 25.499725341796875 111
1756066182113 27.039716720581055 112
1756066182143 21.128658294677734 113
1756066182176 22.28390884399414 114
1756066182207 25.438079833984375 115
1756066182240 23.181333541870117 116
1756066182273 22.986982345581055 117
1756066182303 22.241241455078125 118
1756066182335 28.87272071838379 119
1756066182368 24.68108367919922 120
1756066182401 23.506166458129883 121
1756066182433 26.13558578491211 122
1756066182465 22.71848487854004 123
1756066182498 20.36697769165039 124
1756066182530 21.71183967590332 125
1756066182559 22.50798797607422 126
1756066182589 26.244281768798828 127
1756066182621 27.678760528564453 128
1756066182653 23.117162704467773 129
1756066182686 23.89316749572754 130
1756066182717 25.6492862701416 131
1756066182748 23.081878662109375 132
1756066182780 23.298675537109375 133
1756066182813 25.037473678588867 134
1756066182844 30.04853057861328 135
1756066182875 25.104785919189453 136
1756066182907 27.767240524291992 137
1756066182938 20.032161712646484 138
1756066182970 19.75979232788086 139
1756066182998 27.834102630615234 140
1756066183026 22.80793571472168 141
1756066183055 20.176523208618164 142
1756066183084 23.58217430114746 143
1756066183113 23.003910064697266 144
1756066183142 22.997785568237305 145
1756066183171 22.127384185791016 146
1756066183199 24.504613876342773 147
1756066183228 25.659942626953125 148
1756066183257 22.942975997924805 149
1756066183286 24.341346740722656 150
1756066183315 27.848983764648438 151
1756066183344 26.575098037719727 152
1756066183373 24.779088973999023 153
1756066183402 25.525066375732422 154
1756066183433 25.02994155883789 155
1756066183468 21.60024070739746 156
1756066183503 20.546003341674805 157
1756066183538 21.246511459350586 158
1756066183573 27.61375617980957 159
1756066183607 24.228227615356445 160
1756066183640 25.05974006652832 161
1756066183668 24.607885360717773 162
1756066183696 23.620100021362305 163
1756066183725 22.82503318786621 164
1756066183754 23.90336036682129 165
1756066183784 20.626773834228516 166
1756066183813 22.007783889770508 167
1756066183842 19.664764404296875 168
1756066183874 23.021921157836914 169
1756066183906 23.99251937866211 170
1756066183937 24.59471321105957 171
1756066183967 22.652873992919922 172
1756066184000 25.947492599487305 173
1756066184031 25.00508689880371 174
1756066184060 22.903568267822266 175
1756066184089 19.86869239807129 176
1756066184118 24.569400787353516 177
1756066184148 26.422025680541992 178
1756066184180 26.9648380279541 179
1756066184210 29.436763763427734 180
1756066184241 25.265140533447266 181
1756066184273 25.02683448791504 182
1756066184304 22.597251892089844 183
1756066184333 22.300350189208984 184
1756066184361 19.561309814453125 185
1756066184391 23.882022857666016 186
1756066184421 19.67453956604004 187
1756066184450 23.767757415771484 188
1756066184480 21.647720336914062 189
1756066184511 21.596006393432617 190
1756066184540 24.206912994384766 191
1756066184568 24.06955909729004 192
1756066184597 26.22276496887207 193
1756066184626 22.937335968017578 194
1756066184654 21.78309440612793 195
1756066184682 23.396358489990234 196
1756066184711 25.32746696472168 197
1756066184738 27.357227325439453 198
1756066184767 22.830820083618164 199
1756066184795 24.679758071899414 200
1756066184823 22.455093383789062 201
1756066184853 26.07400131225586 202
1756066184881 23.807531356811523 203
1756066184909 23.16670799255371 204
1756066184938 20.121206283569336 205
1756066184966 20.467632293701172 206
1756066184994 22.661922454833984 207
1756066185022 21.384641647338867 208
1756066185050 21.252634048461914 209
1756066185078 24.597976684570312 210
1756066185110 23.198989868164062 211
1756066185139 24.22820281982422 212
1756066185167 22.614105224609375 213
1756066185198 21.269807815551758 214
1756066185227 22.552759170532227 215
1756066185258 24.22385597229004 216
1756066185292 22.420856475830078 217
1756066185326 22.383020401000977 218
1756066185355 22.85664176940918 219
1756066185384 24.74376678466797 220
1756066185414 21.688467025756836 221
1756066185443 23.110488891601562 222
1756066185472 23.266910552978516 223
1756066185500 26.597881317138672 224
1756066185529 25.067157745361328 225
1756066185558 22.816741943359375 226
1756066185587 23.547645568847656 227
1756066185616 22.091182708740234 228
1756066185645 23.530961990356445 229
1756066185674 26.28440284729004 230
1756066185704 21.99204444885254 231
1756066185732 20.896947860717773 232
1756066185762 21.61972427368164 233
1756066185793 22.2464542388916 234
1756066185822 25.969263076782227 235
1756066185850 23.717037200927734 236
1756066185882 20.30124855041504 237
1756066185915 21.778301239013672 238
1756066185947 19.11155128479004 239
1756066185978 24.066099166870117 240
1756066186010 24.147581100463867 241
1756066186043 25.728601455688477 242
1756066186076 27.212305068969727 243
1756066186108 22.81328010559082 244
1756066186144 21.0599365234375 245
1756066186175 20.806459426879883 246
1756066186204 16.63376235961914 247
1756066186234 23.881582260131836 248
1756066186263 23.16227149963379 249
1756066186292 22.93597984313965 250
1756066186322 23.568960189819336 251
1756066186351 22.96755027770996 252
1756066186380 24.00105857849121 253
1756066186410 21.3008975982666 254
1756066186439 21.98674201965332 255
1756066186468 21.18458366394043 256
1756066186497 25.179874420166016 257
1756066186527 26.58211326599121 258
1756066186557 23.2864933013916 259
1756066186589 24.155288696289062 260
1756066186622 24.608030319213867 261
1756066186655 24.206180572509766 262
1756066186688 17.71863555908203 263
1756066186718 21.799558639526367 264
1756066186747 21.92795753479004 265
1756066186776 21.208335876464844 266
1756066186805 23.654022216796875 267
1756066186834 24.960044860839844 268
1756066186862 27.696088790893555 269
1756066186891 26.004619598388672 270
1756066186920 23.548812866210938 271
1756066186949 24.533817291259766 272
1756066186979 22.8751163482666 273
1756066187010 21.865938186645508 274
1756066187042 20.214677810668945 275
1756066187074 22.560701370239258 276
1756066187104 23.00751495361328 277
1756066187133 19.18394660949707 278
1756066187162 26.581083297729492 279
1756066187196 25.12565040588379 280
1756066187225 20.058130264282227 281
1756066187255 25.84078598022461 282
1756066187285 23.441055297851562 283
1756066187314 21.708391189575195 284
1756066187343 24.26286506652832 285
1756066187372 24.94305992126465 286
1756066187400 25.896881103515625 287
1756066187430 23.049238204956055 288
1756066187459 21.768754959106445 289
1756066187488 25.12114143371582 290
1756066187517 21.78449821472168 291
1756066187546 23.242387771606445 292
1756066187576 22.224288940429688 293
1756066187605 24.633880615234375 294
1756066187634 22.58011245727539 295
1756066187666 21.59550666809082 296
1756066187699 22.347518920898438 297
1756066187730 21.208038330078125 298
1756066187759 21.742847442626953 299
1756066195863 50.099849700927734 0
1756066195896 49.97298812866211 1
1756066195929 49.93071365356445 2
1756066195961 49.8687744140625 3
1756066195992 49.76868438720703 4
1756066196024 49.649986267089844 5
1756066196055 49.433135986328125 6
1756066196087 49.410335540771484 7
1756066196119 49.239967346191406 8
1756066196152 49.23666763305664 9
1756066196183 49.135318756103516 10
1756066196214 48.7911376953125 11
1756066196247 48.82678985595703 12
1756066196282 48.83373260498047 13
1756066196317 47.692909240722656 14
1756066196351 48.27198028564453 15
1756066196386 47.9007568359375 16
1756066196419 47.23330307006836 17
1756066196453 46.522422790527344 18
1756066196487 46.38585662841797 19
1756066196520 46.30522155761719 20
1756066196552 45.28230667114258 21
1756066196584 46.12803268432617 22
1756066196617 44.31707000732422 23
1756066196650 44.480403900146484 24
1756066196682 42.85287094116211 25
1756066196715 43.21701431274414 26
1756066196747 42.25754165649414 27
1756066196780 40.90456771850586 28
1756066196812 39.0908317565918 29
1756066196847 37.768001556396484 30
1756066196879 37.90738296508789 31
1756066196910 35.11237335205078 32
1756066196942 35.188636779785156 33
1756066196974 35.20514678955078 34
1756066197007 32.565853118896484 35
1756066197039 29.422195434570312 36
1756066197071 29.985883712768555 37
1756066197103 29.209476470947266 38
1756066197134 26.501379013061523 39
1756066197166 30.912220001220703 40
1756066197198 31.371540069580078 41
1756066197229 28.935134887695312 42
1756066197260 25.90056800842285 43
1756066197288 30.959110260009766 44
1756066197316 27.72252655029297 45
1756066197344 27.553590774536133 46
1756066197371 28.639446258544922 47
1756066197399 27.623462677001953 48
1756066197427 33.85417938232422 49
1756066197456 26.084365844726562 50
1756066197484 31.566654205322266 51
1756066197512 28.864622116088867 52
1756066197539 26.286745071411133 53
1756066197567 27.714963912963867 54
1756066197596 26.81479263305664 55
1756066197624 25.988698959350586 56
1756066197655 27.50797462463379 57
1756066197686 30.89716339111328 58
1756066197717 28.894163131713867 59
1756066197749 24.95970344543457 60
1756066197782 25.013765335083008 61
1756066197814 26.849599838256836 62
1756066197844 28.538372039794922 63
1756066197872 25.753894805908203 64
1756066197900 26.928386688232422 65
1756066197928 27.112346649169922 66
1756066197956 26.754518508911133 67
1756066197984 29.0085506439209 68
1756066198012 29.640003204345703 69
1756066198040 26.73203468322754 70
1756066198068 23.352581024169922 71
1756066198097 27.40872573852539 72
1756066198125 29.003141403198242 73
1756066198153 23.709468841552734 74
1756066198187 28.459774017333984 75
1756066198220 25.303363800048828 76
1756066198252 27.080781936645508 77
1756066198284 29.114517211914062 78
1756066198315 25.402767181396484 79
1756066198347 24.76504898071289 80
1756066198379 23.287031173706055 81
1756066198411 28.07415199279785 82
1756066198443 25.501182556152344 83
1756066198475 25.976943969726562 84
1756066198506 24.03777503967285 85
1756066198537 25.893592834472656 86
1756066198569 25.5085391998291 87
1756066198601 25.040565490722656 88
1756066198633 31.728515625 89
1756066198665 27.349380493164062 90
1756066198696 25.56360626220703 91
1756066198727 29.056215286254883 92
1756066198760 25.0358943939209 93
1756066198793 26.081886291503906 94
1756066198828 22.66986083984375 95
1756066198861 28.81435775756836 96
1756066198894 26.7233943939209 97
1756066198924 27.15953254699707 98
1756066198953 26.044042587280273 99
1756066198984 26.983562469482422 100
1756066199015 27.573707580566406 101
1756066199045 26.704456329345703 102
1756066199073 25.391361236572266 103
1756066199101 27.279958724975586 104
1756066199129 27.81490707397461 105
1756066199157 23.883800506591797 106
1756066199186 25.93012046813965 107
1756066199218 23.259836196899414 108
1756066199248 27.883127212524414 109
1756066199276 27.915748596191406 110
1756066199305 23.631406784057617 111
1756066199334 25.891368865966797 112
1756066199362 25.466995239257812 113
1756066199391 22.06668472290039 114
1756066199420 25.930774688720703 115
1756066199449 30.816146850585938 116
1756066199478 28.166311264038086 117
1756066199507 22.861984252929688 118
1756066199536 26.44775390625 119
1756066199569 26.35250473022461 120
1756066199605 25.89313316345215 121
1756066199641 26.617612838745117 122
1756066199673 28.04020118713379 123
1756066199701 25.088632583618164 124
1756066199732 27.852779388427734 125
1756066199766 25.6074275970459 126
1756066199799 25.611387252807617 127
1756066199831 23.61570930480957 128
1756066199864 23.361867904663086 129
1756066199896 26.32947540283203 130
1756066199930 25.763328552246094 131
1756066199959 24.053485870361328 132
1756066199989 21.06902313232422 133
1756066200018 25.59974479675293 134
1756066200047 25.746763229370117 135
1756066200076 26.263572692871094 136
1756066200105 25.737977981567383 137
1756066200134 28.349191665649414 138
1756066200164 29.568822860717773 139
1756066200193 29.24384307861328 140
1756066200226 27.46044921875 141
1756066200258 24.057815551757812 142
1756066200291 22.913333892822266 143
1756066200321 29.331745147705078 144
1756066200351 27.743959426879883 145
1756066200384 30.316635131835938 146
1756066200417 24.010032653808594 147
1756066200450 27.770109176635742 148
1756066200484 26.654407501220703 149
1756066200513 26.428781509399414 150
1756066200542 26.58401870727539 151
1756066200571 25.999086380004883 152
1756066200601 24.58585548400879 153
1756066200630 28.085018157958984 154
1756066200659 26.41267967224121 155
1756066200688 28.376480102539062 156
1756066200717 24.625389099121094 157
1756066200747 27.379806518554688 158
1756066200775 30.17072105407715 159
1756066200807 27.590848922729492 160
1756066200839 23.32335662841797 161
1756066200868 29.969362258911133 162
1756066200898 27.360084533691406 163
1756066200927 27.23489761352539 164
1756066200956 27.550704956054688 165
1756066200985 24.533296585083008 166
1756066201014 25.43234634399414 167
1756066201043 24.00757598876953 168
1756066201074 28.559741973876953 169
1756066201105 26.35340690612793 170
1756066201136 25.871042251586914 171
1756066201167 27.141315460205078 172
1756066201198 30.957605361938477 173
1756066201230 25.224308013916016 174
1756066201260 27.94424057006836 175
1756066201292 28.935514450073242 176
1756066201323 24.614383697509766 177
1756066201354 28.12872314453125 178
1756066201385 26.475563049316406 179
1756066201415 26.544824600219727 180
1756066201446 22.934858322143555 181
1756066201477 24.458951950073242 182
1756066201508 24.390037536621094 183
1756066201539 28.44498634338379 184
1756066201571 29.40907859802246 185
1756066201602 28.77696418762207 186
1756066201633 27.917604446411133 187
1756066201665 24.220367431640625 188
1756066201695 22.899438858032227 189
1756066201724 27.513154983520508 190
1756066201753 22.784420013427734 191
1756066201781 31.4555721282959 192
1756066201813 29.189899444580078 193
1756066201846 26.58074378967285 194
1756066201878 30.397096633911133 195
1756066201910 22.67884635925293 196
1756066201941 24.24814224243164 197
1756066201973 27.662065505981445 198
1756066202003 27.828556060791016 199
1756066202033 26.182039260864258 200
1756066202064 27.961889266967773 201
1756066202096 25.37628173828125 202
1756066202127 28.140329360961914 203
1756066202159 26.2473201751709 204
1756066202189 22.2532901763916 205
1756066202218 25.203853607177734 206
1756066202248 27.697227478027344 207
1756066202280 27.398494720458984 208
1756066202313 24.53438949584961 209
1756066202345 26.036832809448242 210
1756066202377 21.47370719909668 211
1756066202410 24.423063278198242 212
1756066202443 25.523767471313477 213
1756066202474 25.872995376586914 214
1756066202506 27.918853759765625 215
1756066202538 23.474510192871094 216
1756066202570 24.83274269104004 217
1756066202602 26.11192512512207 218
1756066202634 28.079431533813477 219
1756066202664 25.597068786621094 220
1756066202693 26.16365623474121 221
1756066202724 27.4838809967041 222
1756066202757 25.356698989868164 223
1756066202789 22.35552978515625 224
1756066202821 23.27448844909668 225
1756066202855 23.357086181640625 226
1756066202888 28.48551368713379 227
1756066202920 21.88905143737793 228
1756066202952 26.0268497467041 229
1756066202985 23.732872009277344 230
1756066203018 22.972415924072266 231
1756066203051 24.913888931274414 232
1756066203083 21.35856819152832 233
1756066203114 27.08601951599121 234
1756066203147 28.111347198486328 235
1756066203178 27.07167625427246 236
1756066203210 26.993694305419922 237
1756066203242 23.038728713989258 238
1756066203274 29.885305404663086 239
1756066203307 25.126243591308594 240
1756066203337 27.358055114746094 241
1756066203366 24.617441177368164 242
1756066203397 21.2382869720459 243
1756066203429 24.91830825805664 244
1756066203461 22.371843338012695 245
1756066203493 22.213855743408203 246
1756066203525 27.216629028320312 247
1756066203554 22.24384880065918 248
1756066203587 24.70937728881836 249
1756066203619 28.091264724731445 250
1756066203650 26.527219772338867 251
1756066203682 27.622013092041016 252
1756066203712 22.09928321838379 253
1756066203744 24.039762496948242 254
1756066203776 23.2209529876709 255
1756066203808 26.22469139099121 256
1756066203842 26.278888702392578 257
1756066203878 24.774911880493164 258
1756066203913 26.375944137573242 259
1756066203948 24.043771743774414 260
1756066203983 31.909738540649414 261
1756066204016 26.15277099609375 262
1756066204049 24.26386833190918 263
1756066204080 20.510719299316406 264
1756066204111 21.759531021118164 265
1756066204140 26.712528228759766 266
1756066204171 28.14742660522461 267
1756066204201 30.043365478515625 268
1756066204230 23.129812240600586 269
1756066204259 23.994140625 270
1756066204288 27.51279067993164 271
1756066204318 24.05290985107422 272
1756066204348 26.163002014160156 273
1756066204380 28.158763885498047 274
1756066204410 24.27294158935547 275
1756066204439 28.19459342956543 276
1756066204468 25.77621078491211 277
1756066204497 24.316722869873047 278
1756066204528 27.60787582397461 279
1756066204557 30.515470504760742 280
1756066204586 22.319095611572266 281
1756066204616 28.033031463623047 282
1756066204648 26.68718910217285 283
1756066204680 25.120380401611328 284
1756066204714 26.13172149658203 285
1756066204745 25.873403549194336 286
1756066204778 24.46527671813965 287
1756066204808 28.103759765625 288
1756066204840 23.55183982849121 289
1756066204872 25.151668548583984 290
1756066204903 23.009414672851562 291
1756066204931 26.448293685913086 292
1756066204960 25.656965255737305 293
1756066204989 24.734786987304688 294
1756066205018 28.314504623413086 295
1756066205047 25.007568359375 296
1756066205077 28.903881072998047 297
1756066205106 27.295663833618164 298
1756066205135 24.70152473449707 299
1756066213235 48.788673400878906 0
1756066213266 48.763275146484375 1
1756066213296 48.723236083984375 2
1756066213323 48.656436920166016 3
1756066213355 48.61192321777344 4
1756066213386 48.59150314331055 5
1756066213416 48.499114990234375 6
1756066213445 48.40049743652344 7
1756066213474 48.328189849853516 8
1756066213504 48.2157096862793 9
1756066213533 48.2302131652832 10
1756066213561 47.828224182128906 11
1756066213590 47.934085845947266 12
1756066213619 47.47842788696289 13
1756066213650 47.52033615112305 14
1756066213681 47.54848861694336 15
1756066213714 46.78559112548828 16
1756066213746 46.75634765625 17
1756066213779 46.54117202758789 18
1756066213812 46.369384765625 19
1756066213845 45.752784729003906 20
1756066213875 45.72085952758789 21
1756066213906 45.129459381103516 22
1756066213937 45.25173568725586 23
1756066213964 44.59245300292969 24
1756066213993 44.72870635986328 25
1756066214021 42.32450866699219 26
1756066214050 42.76145935058594 27
1756066214078 43.202606201171875 28
1756066214105 41.11549758911133 29
1756066214133 41.60301971435547 30
1756066214161 37.89585876464844 31
1756066214189 39.28167724609375 32
1756066214217 36.701908111572266 33
1756066214246 39.16788101196289 34
1756066214275 34.34609603881836 35
1756066214306 36.40114212036133 36
1756066214339 36.32453155517578 37
1756066214369 32.68735122680664 38
1756066214400 34.61067581176758 39
1756066214431 33.795841217041016 40
1756066214461 29.946075439453125 41
1756066214489 32.69844436645508 42
1756066214518 27.54789161682129 43
1756066214545 31.585620880126953 44
1756066214572 29.278554916381836 45
1756066214600 29.48143196105957 46
1756066214628 27.87123680114746 47
1756066214656 28.78668975830078 48
1756066214684 32.63604736328125 49
1756066214712 25.96091079711914 50
1756066214740 26.6837215423584 51
1756066214768 26.6697940826416 52
1756066214796 29.280567169189453 53
1756066214828 27.244062423706055 54
1756066214859 26.31678581237793 55
1756066214888 26.582651138305664 56
1756066214919 27.78242301940918 57
1756066214948 30.119434356689453 58
1756066214978 30.11945915222168 59
1756066215010 28.1185245513916 60
1756066215039 31.484725952148438 61
1756066215066 27.98283576965332 62
1756066215094 31.483501434326172 63
1756066215121 27.11741828918457 64
1756066215151 28.459428787231445 65
1756066215183 29.470806121826172 66
1756066215215 29.886396408081055 67
1756066215244 29.03243064880371 68
1756066215272 27.78876495361328 69
1756066215301 27.513975143432617 70
1756066215328 28.513427734375 71
1756066215356 30.043794631958008 72
1756066215384 27.80103874206543 73
1756066215412 23.55915641784668 74
1756066215440 26.05887222290039 75
1756066215468 27.72160530090332 76
1756066215496 28.805498123168945 77
1756066215523 27.900161743164062 78
1756066215553 28.9578914642334 79
1756066215582 26.776004791259766 80
1756066215611 29.043407440185547 81
1756066215640 25.150218963623047 82
1756066215668 28.605018615722656 83
1756066215697 26.125106811523438 84
1756066215726 27.6718807220459 85
1756066215755 24.732074737548828 86
1756066215783 26.474468231201172 87
1756066215814 26.547378540039062 88
1756066215844 26.096601486206055 89
1756066215872 27.201541900634766 90
1756066215902 30.209848403930664 91
1756066215931 27.697847366333008 92
1756066215960 27.038007736206055 93
1756066215988 27.458133697509766 94
1756066216017 30.0186767578125 95
1756066216045 25.284849166870117 96
1756066216074 26.451879501342773 97
1756066216103 26.752960205078125 98
1756066216132 28.731136322021484 99
1756066216162 25.387815475463867 100
1756066216194 29.305376052856445 101
1756066216225 26.303951263427734 102
1756066216255 25.35498809814453 103
1756066216286 25.770355224609375 104
1756066216318 27.472734451293945 105
1756066216350 25.090347290039062 106
1756066216378 25.768375396728516 107
1756066216406 28.242324829101562 108
1756066216436 23.93966293334961 109
1756066216467 24.234676361083984 110
1756066216498 29.346717834472656 111
1756066216527 24.37717628479004 112
1756066216555 26.176551818847656 113
1756066216583 28.294404983520508 114
1756066216613 25.650650024414062 115
1756066216644 28.584535598754883 116
1756066216673 28.129037857055664 117
1756066216702 31.119171142578125 118
1756066216731 27.62393569946289 119
1756066216762 28.64167594909668 120
1756066216793 25.34527587890625 121
1756066216822 27.195863723754883 122
1756066216851 25.299484252929688 123
1756066216881 27.725154876708984 124
1756066216911 26.722572326660156 125
1756066216944 28.5498104095459 126
1756066216974 25.190927505493164 127
1756066217002 29.68595314025879 128
1756066217031 27.800472259521484 129
1756066217061 24.934478759765625 130
1756066217089 28.53695297241211 131
1756066217118 25.969558715820312 132
1756066217148 26.737510681152344 133
1756066217177 23.79129981994629 134
1756066217206 28.379135131835938 135
1756066217235 28.37937355041504 136
1756066217264 27.12175178527832 137
1756066217293 30.261587142944336 138
1756066217322 27.30668830871582 139
1756066217352 29.210514068603516 140
1756066217387 26.16697883605957 141
1756066217419 30.77354621887207 142
1756066217450 26.06317901611328 143
1756066217481 25.61585807800293 144
1756066217512 26.821557998657227 145
1756066217543 28.62491798400879 146
1756066217575 22.047473907470703 147
1756066217606 28.414979934692383 148
1756066217637 25.230283737182617 149
1756066217668 28.888286590576172 150
1756066217700 29.578153610229492 151
1756066217732 26.529584884643555 152
1756066217763 28.669815063476562 153
1756066217794 23.899600982666016 154
1756066217825 28.029966354370117 155
1756066217856 24.956035614013672 156
1756066217888 25.91079330444336 157
1756066217920 27.594886779785156 158
1756066217952 24.523054122924805 159
1756066217984 30.815113067626953 160
1756066218015 28.630733489990234 161
1756066218046 27.366031646728516 162
1756066218076 28.06899070739746 163
1756066218107 27.280527114868164 164
1756066218138 22.77720832824707 165
1756066218167 26.097625732421875 166
1756066218195 22.96415901184082 167
1756066218222 28.116674423217773 168
1756066218251 23.044952392578125 169
1756066218279 24.23594856262207 170
1756066218310 30.26627540588379 171
1756066218342 24.878267288208008 172
1756066218375 25.950620651245117 173
1756066218407 29.03535270690918 174
1756066218437 30.213321685791016 175
1756066218469 25.130863189697266 176
1756066218500 24.46645164489746 177
1756066218530 28.40494728088379 178
1756066218558 25.714847564697266 179
1756066218590 30.020355224609375 180
1756066218620 26.518157958984375 181
1756066218651 28.061079025268555 182
1756066218680 24.91017723083496 183
1756066218709 27.58424186706543 184
1756066218737 27.361976623535156 185
1756066218765 24.870834350585938 186
1756066218794 24.61625099182129 187
1756066218822 25.601293563842773 188
1756066218853 27.240249633789062 189
1756066218882 22.576948165893555 190
1756066218910 25.33858299255371 191
1756066218939 23.732364654541016 192
1756066218967 25.30888557434082 193
1756066218995 27.200048446655273 194
1756066219023 27.69330596923828 195
1756066219053 27.903564453125 196
1756066219081 29.79386329650879 197
1756066219110 26.276348114013672 198
1756066219138 27.83876609802246 199
1756066219167 25.197566986083984 200
1756066219195 28.01860809326172 201
1756066219223 26.80390739440918 202
1756066219252 25.392581939697266 203
1756066219280 26.43361473083496 204
1756066219310 25.161548614501953 205
1756066219338 28.4210262298584 206
1756066219367 26.624664306640625 207
1756066219396 27.931602478027344 208
1756066219428 27.900806427001953 209
1756066219457 25.557865142822266 210
1756066219486 26.43863296508789 211
1756066219513 26.262969970703125 212
1756066219543 24.235136032104492 213
1756066219572 24.803876876831055 214
1756066219602 29.251937866210938 215
1756066219634 26.05561065673828 216
1756066219666 28.19318389892578 217
1756066219695 26.056989669799805 218
1756066219723 30.451717376708984 219
1756066219751 27.623130798339844 220
1756066219780 25.085445404052734 221
1756066219808 25.47293472290039 222
1756066219837 24.486698150634766 223
1756066219867 26.86125946044922 224
1756066219899 22.82341194152832 225
1756066219928 27.798309326171875 226
1756066219958 26.575878143310547 227
1756066219990 25.88004493713379 228
1756066220022 25.42231559753418 229
1756066220051 25.692604064941406 230
1756066220080 26.173213958740234 231
1756066220108 23.261425018310547 232
1756066220137 25.86739158630371 233
1756066220165 25.55622673034668 234
1756066220193 25.801618576049805 235
1756066220221 28.647842407226562 236
1756066220250 24.031871795654297 237
1756066220278 22.437604904174805 238
1756066220310 25.51076889038086 239
1756066220339 24.53156089782715 240
1756066220372 24.594207763671875 241
1756066220400 27.234554290771484 242
1756066220428 24.779399871826172 243
1756066220457 25.301666259765625 244
1756066220485 27.93459129333496 245
1756066220514 24.245952606201172 246
1756066220543 24.219911575317383 247
1756066220572 28.136381149291992 248
1756066220600 27.24932098388672 249
1756066220629 24.699268341064453 250
1756066220658 25.409969329833984 251
1756066220687 26.16456413269043 252
1756066220715 23.21591567993164 253
1756066220744 25.44160270690918 254
1756066220774 24.132137298583984 255
1756066220808 25.819473266601562 256
1756066220842 25.367584228515625 257
1756066220874 25.89573097229004 258
1756066220904 25.64653205871582 259
1756066220932 26.921504974365234 260
1756066220961 25.551532745361328 261
1756066220990 24.075210571289062 262
1756066221018 27.682138442993164 263
1756066221047 28.2166805267334 264
1756066221076 22.608463287353516 265
1756066221104 23.819395065307617 266
1756066221136 28.771934509277344 267
1756066221169 24.07798194885254 268
1756066221200 31.892627716064453 269
1756066221228 23.74423599243164 270
1756066221257 29.307119369506836 271
1756066221285 28.50997543334961 272
1756066221318 26.37283706665039 273
1756066221350 28.212587356567383 274
1756066221381 27.12653350830078 275
1756066221417 29.13700294494629 276
1756066221452 26.88645362854004 277
1756066221487 25.773372650146484 278
1756066221520 25.87421417236328 279
1756066221552 26.191171646118164 280
1756066221583 27.237548828125 281
1756066221611 22.919309616088867 282
1756066221640 26.438060760498047 283
1756066221668 26.463886260986328 284
1756066221697 24.151546478271484 285
1756066221726 25.724281311035156 286
1756066221755 22.999561309814453 287
1756066221784 26.764297485351562 288
1756066221816 27.161195755004883 289
1756066221848 24.886802673339844 290
1756066221881 29.60393524169922 291
1756066221913 23.42249298095703 292
1756066221944 24.255517959594727 293
1756066221975 28.78414535522461 294
1756066222004 26.14146614074707 295
1756066222032 25.766721725463867 296
1756066222061 29.41322898864746 297
1756066222090 29.8181095123291 298
1756066222118 28.582124710083008 299
1756066230226 49.98181915283203 0
1756066230258 49.96550369262695 1
1756066230290 49.89140701293945 2
1756066230323 49.895931243896484 3
1756066230355 49.78629684448242 4
1756066230386 49.71675109863281 5
1756066230417 49.36256790161133 6
1756066230449 49.394432067871094 7
1756066230481 48.92326354980469 8
1756066230508 49.036285400390625 9
1756066230535 48.7379150390625 10
1756066230564 48.76789093017578 11
1756066230595 48.12974548339844 12
1756066230626 48.221866607666016 13
1756066230657 48.1474609375 14
1756066230684 47.11832046508789 15
1756066230717 46.83456039428711 16
1756066230751 46.608619689941406 17
1756066230782 46.38522720336914 18
1756066230813 45.408531188964844 19
1756066230844 45.14838790893555 20
1756066230875 43.93711471557617 21
1756066230905 42.44062042236328 22
1756066230936 42.396400451660156 23
1756066230967 41.9914436340332 24
1756066230998 41.15239334106445 25
1756066231030 39.10226821899414 26
1756066231061 38.14341354370117 27
1756066231091 41.192413330078125 28
1756066231122 36.831329345703125 29
1756066231153 34.39983367919922 30
1756066231184 34.73875427246094 31
1756066231215 30.670133590698242 32
1756066231246 32.30244827270508 33
1756066231274 30.45802116394043 34
1756066231305 28.44521141052246 35
1756066231338 31.675201416015625 36
1756066231367 28.617828369140625 37
1756066231396 30.409420013427734 38
1756066231427 29.45897102355957 39
1756066231459 30.554706573486328 40
1756066231491 32.7005615234375 41
1756066231521 30.278818130493164 42
1756066231549 28.978046417236328 43
1756066231578 23.205480575561523 44
1756066231610 31.021398544311523 45
1756066231640 25.96502685546875 46
1756066231668 31.256481170654297 47
1756066231697 24.999574661254883 48
1756066231725 26.093088150024414 49
1756066231754 27.935270309448242 50
1756066231783 31.416738510131836 51
1756066231815 28.40397071838379 52
1756066231847 30.087238311767578 53
1756066231878 27.553377151489258 54
1756066231909 25.939842224121094 55
1756066231937 27.91905975341797 56
1756066231966 26.777769088745117 57
1756066231995 26.700176239013672 58
1756066232023 33.65110397338867 59
1756066232053 27.22931480407715 60
1756066232085 25.79481315612793 61
1756066232117 25.076976776123047 62
1756066232149 26.594223022460938 63
1756066232180 26.413888931274414 64
1756066232208 25.94591522216797 65
1756066232237 25.01272201538086 66
1756066232265 29.79088592529297 67
1756066232294 29.26015281677246 68
1756066232323 27.15983009338379 69
1756066232351 27.79159927368164 70
1756066232380 28.302371978759766 71
1756066232409 25.09317970275879 72
1756066232438 32.772300720214844 73
1756066232467 31.32969093322754 74
1756066232496 27.36847496032715 75
1756066232524 28.700660705566406 76
1756066232554 29.129032135009766 77
1756066232585 25.7462158203125 78
1756066232617 26.85332489013672 79
1756066232649 28.82855224609375 80
1756066232680 28.59343910217285 81
1756066232713 28.091997146606445 82
1756066232745 26.521995544433594 83
1756066232777 24.85590362548828 84
1756066232807 24.4793701171875 85
1756066232836 25.27185821533203 86
1756066232867 26.098628997802734 87
1756066232899 26.886877059936523 88
1756066232932 27.727596282958984 89
1756066232963 24.596996307373047 90
1756066232992 26.144664764404297 91
1756066233020 27.651443481445312 92
1756066233048 26.997650146484375 93
1756066233076 27.946964263916016 94
1756066233107 27.096248626708984 95
1756066233137 20.95069694519043 96
1756066233167 22.793212890625 97
1756066233198 29.66963005065918 98
1756066233227 24.841327667236328 99
1756066233255 27.08799934387207 100
1756066233284 30.14765739440918 101
1756066233315 27.068336486816406 102
1756066233344 23.53134536743164 103
1756066233372 23.48107147216797 104
1756066233400 27.81113624572754 105
1756066233429 25.86586570739746 106
1756066233458 23.960195541381836 107
1756066233486 27.788190841674805 108
1756066233514 27.00189971923828 109
1756066233543 27.683034896850586 110
1756066233573 25.38412857055664 111
1756066233607 24.18229103088379 112
1756066233640 27.45761489868164 113
1756066233674 26.823152542114258 114
1756066233708 23.605051040649414 115
1756066233744 24.94769287109375 116
1756066233777 25.087339401245117 117
1756066233812 27.97602653503418 118
1756066233846 25.489755630493164 119
1756066233880 28.142066955566406 120
1756066233914 22.53742027282715 121
1756066233948 21.053218841552734 122
1756066233982 29.889461517333984 123
1756066234017 26.291719436645508 124
1756066234051 24.799354553222656 125
1756066234085 20.202800750732422 126
1756066234119 24.17779541015625 127
1756066234153 23.936115264892578 128
1756066234187 27.82642936706543 129
1756066234221 28.959842681884766 130
1756066234255 25.759679794311523 131
1756066234289 27.71101951599121 132
1756066234324 25.573871612548828 133
1756066234359 28.091896057128906 134
1756066234394 26.126949310302734 135
1756066234428 24.140493392944336 136
1756066234459 25.84486961364746 137
1756066234488 29.047319412231445 138
1756066234516 27.45684051513672 139
1756066234545 31.588245391845703 140
1756066234574 25.42868995666504 141
1756066234602 24.090986251831055 142
1756066234631 27.54122543334961 143
1756066234661 23.90540313720703 144
1756066234689 29.914087295532227 145
1756066234722 25.107324600219727 146
1756066234753 28.805252075195312 147
1756066234782 27.435890197753906 148
1756066234812 22.689584732055664 149
1756066234840 22.955806732177734 150
1756066234869 24.45968246459961 151
1756066234898 29.01893424987793 152
1756066234930 28.551424026489258 153
1756066234963 22.560623168945312 154
1756066234992 23.019372940063477 155
1756066235021 25.409086227416992 156
1756066235053 30.747844696044922 157
1756066235085 26.707881927490234 158
1756066235117 28.818796157836914 159
1756066235149 31.143285751342773 160
1756066235179 28.067291259765625 161
1756066235210 28.158035278320312 162
1756066235241 25.090845108032227 163
1756066235273 26.685890197753906 164
1756066235306 27.65117073059082 165
1756066235338 25.677433013916016 166
1756066235368 30.389680862426758 167
1756066235399 24.670814514160156 168
1756066235427 25.240297317504883 169
1756066235456 25.279266357421875 170
1756066235484 26.812442779541016 171
1756066235513 27.87848472595215 172
1756066235545 25.452051162719727 173
1756066235576 23.84227752685547 174
1756066235605 26.386301040649414 175
1756066235633 28.591888427734375 176
1756066235661 26.59466552734375 177
1756066235690 27.708669662475586 178
1756066235719 25.672780990600586 179
1756066235748 21.855215072631836 180
1756066235776 18.520471572875977 181
1756066235809 26.623849868774414 182
1756066235841 24.450523376464844 183
1756066235873 28.796669006347656 184
1756066235905 25.081968307495117 185
1756066235933 26.058012008666992 186
1756066235962 30.067506790161133 187
1756066235991 27.401033401489258 188
1756066236020 24.14808464050293 189
1756066236049 28.377761840820312 190
1756066236078 26.619508743286133 191
1756066236107 22.833473205566406 192
1756066236138 25.09290313720703 193
1756066236168 29.283681869506836 194
1756066236197 25.469453811645508 195
1756066236226 25.27252197265625 196
1756066236258 28.113798141479492 197
1756066236291 24.69380760192871 198
1756066236324 29.596057891845703 199
1756066236356 27.506563186645508 200
1756066236389 29.852088928222656 201
1756066236422 28.255701065063477 202
1756066236456 26.84316062927246 203
1756066236489 26.572101593017578 204
1756066236521 28.773555755615234 205
1756066236549 20.650354385375977 206
1756066236578 27.787750244140625 207
1756066236610 23.6688175201416 208
1756066236641 26.921119689941406 209
1756066236675 24.707767486572266 210
1756066236708 28.6787166595459 211
1756066236740 27.513120651245117 212
1756066236772 27.246252059936523 213
1756066236801 25.706520080566406 214
1756066236833 27.43522071838379 215
1756066236863 23.947214126586914 216
1756066236891 23.362321853637695 217
1756066236919 31.093923568725586 218
1756066236948 22.924787521362305 219
1756066236978 28.49985694885254 220
1756066237005 26.653268814086914 221
1756066237033 23.554136276245117 222
1756066237062 26.07684326171875 223
1756066237093 31.704336166381836 224
1756066237124 24.24127197265625 225
1756066237155 25.885475158691406 226
1756066237182 24.564279556274414 227
1756066237210 24.001277923583984 228
1756066237238 25.1726016998291 229
1756066237266 23.44797706604004 230
1756066237294 31.27845001220703 231
1756066237326 27.61448860168457 232
1756066237360 26.811800003051758 233
1756066237391 26.445283889770508 234
1756066237420 24.595735549926758 235
1756066237450 22.924007415771484 236
1756066237482 27.96514129638672 237
1756066237511 21.264375686645508 238
1756066237541 23.661291122436523 239
1756066237570 23.782146453857422 240
1756066237599 25.221111297607422 241
1756066237628 26.160419464111328 242
1756066237657 24.404966354370117 243
1756066237687 22.829975128173828 244
1756066237716 23.321321487426758 245
1756066237745 27.566965103149414 246
1756066237774 24.967754364013672 247
1756066237803 24.156414031982422 248
1756066237832 26.45033073425293 249
1756066237861 26.33475685119629 250
1756066237890 26.316682815551758 251
1756066237919 23.790433883666992 252
1756066237950 26.81635284423828 253
1756066237982 25.15683364868164 254
1756066238016 27.339555740356445 255
1756066238048 26.48324966430664 256
1756066238078 25.101951599121094 257
1756066238108 29.367219924926758 258
1756066238141 23.171472549438477 259
1756066238174 25.59485626220703 260
1756066238203 23.612812042236328 261
1756066238232 26.967618942260742 262
1756066238261 21.67551612854004 263
1756066238294 23.631132125854492 264
1756066238326 27.284738540649414 265
1756066238359 25.24566650390625 266
1756066238392 26.825960159301758 267
1756066238425 23.925973892211914 268
1756066238459 26.565994262695312 269
1756066238489 27.139978408813477 270
1756066238522 28.302906036376953 271
1756066238555 29.760679244995117 272
1756066238585 26.301076889038086 273
1756066238618 28.991363525390625 274
1756066238650 24.883203506469727 275
1756066238682 23.621496200561523 276
1756066238715 25.08660316467285 277
1756066238749 25.375627517700195 278
1756066238781 26.58608627319336 279
1756066238810 26.526079177856445 280
1756066238840 25.313199996948242 281
1756066238871 29.55010986328125 282
1756066238901 24.176254272460938 283
1756066238930 30.134809494018555 284
1756066238959 21.509695053100586 285
1756066238988 24.894838333129883 286
1756066239017 25.89345359802246 287
1756066239046 25.946849822998047 288
1756066239075 25.162097930908203 289
1756066239106 25.498931884765625 290
1756066239139 26.21662139892578 291
1756066239172 27.857574462890625 292
1756066239205 28.866436004638672 293
1756066239237 29.220903396606445 294
1756066239267 21.235685348510742 295
1756066239301 20.54014778137207 296
1756066239341 25.08789825439453 297
1756066239374 22.57542610168457 298
1756066239407 26.291324615478516 299
1756066247523 48.763038635253906 0
1756066247555 48.713218688964844 1
1756066247586 48.67149353027344 2
1756066247618 48.621238708496094 3
1756066247651 48.5245361328125 4
1756066247682 48.53406524658203 5
1756066247712 48.33118438720703 6
1756066247745 48.45161437988281 7
1756066247776 48.32008361816406 8
1756066247805 48.041934967041016 9
1756066247834 48.056827545166016 10
1756066247862 48.08382034301758 11
1756066247890 47.752716064453125 12
1756066247918 47.522396087646484 13
1756066247946 47.457908630371094 14
1756066247979 47.216182708740234 15
1756066248011 46.95501708984375 16
1756066248044 46.81397247314453 17
1756066248076 46.87359619140625 18
1756066248108 45.68751525878906 19
1756066248140 45.85454177856445 20
1756066248172 45.85875701904297 21
1756066248204 45.337257385253906 22
1756066248236 45.17160415649414 23
1756066248268 44.482879638671875 24
1756066248301 44.117183685302734 25
1756066248329 43.240291595458984 26
1756066248359 43.76767349243164 27
1756066248388 42.13181686401367 28
1756066248420 39.97220230102539 29
1756066248451 40.70357131958008 30
1756066248481 39.10752868652344 31
1756066248510 36.27506637573242 32
1756066248538 37.56576919555664 33
1756066248566 33.856781005859375 34
1756066248594 34.376190185546875 35
1756066248624 30.045053482055664 36
1756066248656 34.10669708251953 37
1756066248687 33.62454605102539 38
1756066248719 27.523231506347656 39
1756066248753 29.416278839111328 40
1756066248787 29.294057846069336 41
1756066248820 27.13584327697754 42
1756066248853 26.785951614379883 43
1756066248885 23.01312828063965 44
1756066248918 25.120235443115234 45
1756066248951 23.535818099975586 46
1756066248983 24.506561279296875 47
1756066249015 28.392650604248047 48
1756066249047 24.873620986938477 49
1756066249079 24.917455673217773 50
1756066249110 27.553958892822266 51
1756066249142 26.0787296295166 52
1756066249174 27.35285186767578 53
1756066249206 25.21383285522461 54
1756066249237 28.290008544921875 55
1756066249266 22.294803619384766 56
1756066249295 27.43370246887207 57
1756066249330 25.126251220703125 58
1756066249360 24.584877014160156 59
1756066249388 24.15077018737793 60
1756066249417 26.198450088500977 61
1756066249446 27.48175811767578 62
1756066249474 25.88017463684082 63
1756066249503 24.01592254638672 64
1756066249531 25.42649269104004 65
1756066249560 24.64604949951172 66
1756066249588 26.505712509155273 67
1756066249617 21.7744083404541 68
1756066249645 25.715463638305664 69
1756066249674 25.71567726135254 70
1756066249702 26.991859436035156 71
1756066249731 24.20748519897461 72
1756066249763 23.755884170532227 73
1756066249795 24.884504318237305 74
1756066249828 25.558000564575195 75
1756066249861 27.001855850219727 76
1756066249891 23.485763549804688 77
1756066249919 24.080848693847656 78
1756066249948 28.70939826965332 79
1756066249976 24.08133316040039 80
1756066250005 29.396610260009766 81
1756066250034 26.583423614501953 82
1756066250063 25.094669342041016 83
1756066250091 25.865385055541992 84
1756066250120 30.924888610839844 85
1756066250149 26.15269660949707 86
1756066250177 25.434810638427734 87
1756066250206 22.935142517089844 88
1756066250234 22.08977699279785 89
1756066250264 23.239437103271484 90
1756066250292 26.861846923828125 91
1756066250320 26.396753311157227 92
1756066250349 28.129789352416992 93
1756066250378 27.45341682434082 94
1756066250429 28.238935470581055 95
1756066250473 24.689298629760742 96
1756066250502 29.119794845581055 97
1756066250530 27.006534576416016 98
1756066250560 24.10276222229004 99
1756066250589 22.78403663635254 100
1756066250618 26.500097274780273 101
1756066250646 25.734134674072266 102
1756066250677 26.909799575805664 103
1756066250709 26.95876121520996 104
1756066250742 28.915348052978516 105
1756066250774 26.515605926513672 106
1756066250806 26.90769386291504 107
1756066250839 23.444896697998047 108
1756066250871 25.242372512817383 109
1756066250901 24.554595947265625 110
1756066250932 20.57046127319336 111
1756066250961 22.882055282592773 112
1756066250989 23.142446517944336 113
1756066251017 25.87244987487793 114
1756066251046 24.86789894104004 115
1756066251076 29.076934814453125 116
1756066251108 25.667863845825195 117
1756066251139 24.530181884765625 118
1756066251168 25.01462745666504 119
1756066251196 25.79191780090332 120
1756066251225 24.9167537689209 121
1756066251253 24.305904388427734 122
1756066251282 26.38833999633789 123
1756066251314 28.290889739990234 124
1756066251347 27.285512924194336 125
1756066251377 22.2383975982666 126
1756066251405 28.691688537597656 127
1756066251434 28.321123123168945 128
1756066251462 26.26518440246582 129
1756066251491 20.16868782043457 130
1756066251520 25.912532806396484 131
1756066251549 24.55171012878418 132
1756066251578 24.801000595092773 133
1756066251606 23.407821655273438 134
1756066251635 25.572690963745117 135
1756066251667 25.32244110107422 136
1756066251695 25.862163543701172 137
1756066251725 26.537181854248047 138
1756066251754 24.664810180664062 139
1756066251782 27.791763305664062 140
1756066251814 23.78748893737793 141
1756066251844 27.44553565979004 142
1756066251872 26.516387939453125 143
1756066251905 26.539091110229492 144
1756066251937 27.95933723449707 145
1756066251967 26.065704345703125 146
1756066251996 25.23712158203125 147
1756066252024 24.028867721557617 148
1756066252053 25.4033203125 149
1756066252082 23.209823608398438 150
1756066252110 22.45731544494629 151
1756066252139 26.941303253173828 152
1756066252168 28.44868278503418 153
1756066252197 27.136137008666992 154
1756066252226 21.76682472229004 155
1756066252259 31.047685623168945 156
1756066252291 28.717899322509766 157
1756066252320 23.746519088745117 158
1756066252349 24.377641677856445 159
1756066252381 23.571834564208984 160
1756066252412 24.40238380432129 161
1756066252445 22.617706298828125 162
1756066252476 22.536130905151367 163
1756066252508 24.062347412109375 164
1756066252538 23.664291381835938 165
1756066252570 27.278621673583984 166
1756066252602 25.893264770507812 167
1756066252634 28.365936279296875 168
1756066252663 25.588253021240234 169
1756066252691 21.672250747680664 170
1756066252722 26.36038589477539 171
1756066252755 23.025264739990234 172
1756066252787 26.378623962402344 173
1756066252817 23.935333251953125 174
1756066252849 26.326358795166016 175
1756066252879 22.875572204589844 176
1756066252907 25.156225204467773 177
1756066252939 26.769493103027344 178
1756066252968 26.105754852294922 179
1756066252998 22.506105422973633 180
1756066253026 25.370811462402344 181
1756066253055 26.71451187133789 182
1756066253084 22.94953727722168 183
1756066253113 20.563663482666016 184
1756066253141 24.939838409423828 185
1756066253170 24.494752883911133 186
1756066253199 28.929258346557617 187
1756066253228 22.680116653442383 188
1756066253261 27.814178466796875 189
1756066253294 22.255990982055664 190
1756066253328 30.242109298706055 191
1756066253360 26.4711856842041 192
1756066253393 24.539880752563477 193
1756066253421 25.18610382080078 194
1756066253449 28.3847599029541 195
1756066253478 21.941396713256836 196
1756066253506 24.92322540283203 197
1756066253536 28.078569412231445 198
1756066253564 23.65540313720703 199
1756066253596 23.727279663085938 200
1756066253625 27.516883850097656 201
1756066253653 27.544584274291992 202
1756066253682 25.876026153564453 203
1756066253710 26.22022819519043 204
1756066253741 26.153213500976562 205
1756066253768 28.09652328491211 206
1756066253797 24.89910316467285 207
1756066253826 26.857891082763672 208
1756066253854 23.16045570373535 209
1756066253883 25.750743865966797 210
1756066253911 23.26801300048828 211
1756066253940 27.16776466369629 212
1756066253968 25.549196243286133 213
1756066253997 23.977794647216797 214
1756066254031 25.87624740600586 215
1756066254066 25.555532455444336 216
1756066254102 23.402252197265625 217
1756066254139 24.669496536254883 218
1756066254175 27.20628547668457 219
1756066254211 26.129364013671875 220
1756066254245 20.806058883666992 221
1756066254277 24.142616271972656 222
1756066254305 23.609176635742188 223
1756066254336 21.362611770629883 224
1756066254369 26.40963363647461 225
1756066254399 23.38496971130371 226
1756066254429 28.19550895690918 227
1756066254457 22.732635498046875 228
1756066254486 26.6339054107666 229
1756066254515 27.407657623291016 230
1756066254547 26.118087768554688 231
1756066254577 26.42170524597168 232
1756066254608 26.576045989990234 233
1756066254640 26.46986961364746 234
1756066254672 27.06412696838379 235
1756066254703 21.480192184448242 236
1756066254739 25.88670539855957 237
1756066254774 28.0199031829834 238
1756066254807 28.075204849243164 239
1756066254841 25.20900535583496 240
1756066254870 23.959819793701172 241
1756066254902 27.158090591430664 242
1756066254938 23.472694396972656 243
1756066254969 25.19062614440918 244
1756066254997 23.97705078125 245
1756066255025 27.103822708129883 246
1756066255053 25.661468505859375 247
1756066255081 24.75435447692871 248
1756066255109 21.912864685058594 249
1756066255137 20.455842971801758 250
1756066255166 23.67546272277832 251
1756066255198 25.438987731933594 252
1756066255227 28.594491958618164 253
1756066255259 26.551054000854492 254
1756066255293 25.883817672729492 255
1756066255328 23.444244384765625 256
1756066255363 28.228578567504883 257
1756066255394 25.862764358520508 258
1756066255426 26.926708221435547 259
1756066255459 23.83359718322754 260
1756066255490 25.87099266052246 261
1756066255521 24.592329025268555 262
1756066255553 26.997840881347656 263
1756066255584 24.260913848876953 264
1756066255616 20.39183235168457 265
1756066255650 23.54726219177246 266
1756066255683 27.181270599365234 267
1756066255717 22.109891891479492 268
1756066255750 21.694862365722656 269
1756066255782 29.23746109008789 270
1756066255813 27.48966407775879 271
1756066255847 22.34504508972168 272
1756066255881 21.649742126464844 273
1756066255910 27.52444839477539 274
1756066255942 25.910568237304688 275
1756066255975 23.826595306396484 276
1756066256007 23.414199829101562 277
1756066256040 23.6168270111084 278
1756066256072 27.412315368652344 279
1756066256102 25.802391052246094 280
1756066256130 23.164823532104492 281
1756066256161 25.480262756347656 282
1756066256191 25.295591354370117 283
1756066256220 27.03616714477539 284
1756066256248 25.476404190063477 285
1756066256277 23.520885467529297 286
1756066256306 24.64478874206543 287
1756066256335 23.837589263916016 288
1756066256366 25.03871726989746 289
1756066256395 23.828887939453125 290
1756066256423 27.404434204101562 291
1756066256452 25.69420051574707 292
1756066256482 25.746435165405273 293
1756066256510 25.989883422851562 294
1756066256538 23.471454620361328 295
1756066256567 26.88631248474121 296
1756066256596 22.58881378173828 297
1756066256625 24.711332321166992 298
1756066256656 25.482364654541016 299
1756066264750 50.21564865112305 0
1756066264783 50.17292785644531 1
1756066264815 50.17287826538086 2
1756066264846 50.13447189331055 3
1756066264874 50.14460754394531 4
1756066264902 50.004127502441406 5
1756066264934 49.9315185546875 6
1756066264966 49.922916412353516 7
1756066264998 49.72874069213867 8
1756066265027 49.680118560791016 9
1756066265055 49.76317596435547 10
1756066265083 49.478424072265625 11
1756066265111 49.38954544067383 12
1756066265139 49.08982849121094 13
1756066265169 48.96187210083008 14
1756066265201 48.8406982421875 15
1756066265233 48.543582916259766 16
1756066265263 48.73695755004883 17
1756066265291 47.95808029174805 18
1756066265323 47.9654426574707 19
1756066265356 47.668663024902344 20
1756066265388 46.5926513671875 21
1756066265420 46.137699127197266 22
1756066265451 46.396446228027344 23
1756066265483 45.35100173950195 24
1756066265513 43.39649200439453 25
1756066265541 44.08690643310547 26
1756066265569 41.69327163696289 27
1756066265598 42.46327590942383 28
1756066265629 41.9632568359375 29
1756066265661 41.205169677734375 30
1756066265693 37.9637565612793 31
1756066265724 36.70586013793945 32
1756066265756 37.52252960205078 33
1756066265788 30.011613845825195 34
1756066265821 32.67154312133789 35
1756066265853 29.75394058227539 36
1756066265886 29.422182083129883 37
1756066265919 28.279277801513672 38
1756066265950 24.782438278198242 39
1756066265983 21.75600814819336 40
1756066266012 26.202632904052734 41
1756066266040 25.704843521118164 42
1756066266068 24.61421012878418 43
1756066266101 26.844064712524414 44
1756066266129 25.027917861938477 45
1756066266158 26.553739547729492 46
1756066266188 24.385257720947266 47
1756066266220 30.776193618774414 48
1756066266249 23.91856575012207 49
1756066266278 30.92221450805664 50
1756066266305 24.761762619018555 51
1756066266333 24.490360260009766 52
1756066266362 24.57357406616211 53
1756066266393 25.376750946044922 54
1756066266422 26.461515426635742 55
1756066266451 27.12778091430664 56
1756066266482 25.518823623657227 57
1756066266515 20.30448341369629 58
1756066266548 29.078327178955078 59
1756066266580 28.837574005126953 60
1756066266609 22.310609817504883 61
1756066266639 27.621122360229492 62
1756066266667 24.577659606933594 63
1756066266699 24.137088775634766 64
1756066266729 30.042213439941406 65
1756066266758 23.027917861938477 66
1756066266786 26.92618751525879 67
1756066266815 25.870540618896484 68
1756066266845 26.92890167236328 69
1756066266877 25.064865112304688 70
1756066266909 25.253433227539062 71
1756066266942 26.385019302368164 72
1756066266973 24.01576042175293 73
1756066267001 28.354469299316406 74
1756066267031 27.188514709472656 75
1756066267063 26.093862533569336 76
1756066267099 20.761438369750977 77
1756066267132 26.798419952392578 78
1756066267165 27.106626510620117 79
1756066267197 23.20937156677246 80
1756066267229 23.757143020629883 81
1756066267260 26.714786529541016 82
1756066267293 26.156291961669922 83
1756066267328 20.192731857299805 84
1756066267359 22.904207229614258 85
1756066267387 27.553348541259766 86
1756066267419 25.193248748779297 87
1756066267451 24.10841178894043 88
1756066267483 20.474613189697266 89
1756066267514 28.61510467529297 90
1756066267546 27.077518463134766 91
1756066267575 19.83439826965332 92
1756066267607 21.134489059448242 93
1756066267635 28.021944046020508 94
1756066267663 25.236560821533203 95
1756066267694 24.22883415222168 96
1756066267725 22.22220230102539 97
1756066267758 26.62958526611328 98
1756066267790 20.8829345703125 99
1756066267825 22.635663986206055 100
1756066267860 23.745203018188477 101
1756066267894 24.360265731811523 102
1756066267928 23.202545166015625 103
1756066267962 27.08812141418457 104
1756066267996 22.56163215637207 105
1756066268029 22.421335220336914 106
1756066268061 25.474201202392578 107
1756066268092 26.80841636657715 108
1756066268123 27.188949584960938 109
1756066268155 25.71800422668457 110
1756066268186 21.925308227539062 111
1756066268218 22.812545776367188 112
1756066268249 22.848398208618164 113
1756066268281 27.420936584472656 114
1756066268313 22.402982711791992 115
1756066268346 27.820877075195312 116
1756066268376 28.014629364013672 117
1756066268410 23.80777931213379 118
1756066268440 24.056354522705078 119
1756066268471 25.447486877441406 120
1756066268503 22.407447814941406 121
1756066268534 24.591812133789062 122
1756066268562 25.283809661865234 123
1756066268591 25.199321746826172 124
1756066268620 26.071672439575195 125
1756066268649 19.756816864013672 126
1756066268678 24.469871520996094 127
1756066268706 23.830888748168945 128
1756066268735 23.111835479736328 129
1756066268764 23.988239288330078 130
1756066268792 26.567501068115234 131
1756066268820 25.67030143737793 132
1756066268850 27.897235870361328 133
1756066268880 23.357219696044922 134
1756066268909 23.52923583984375 135
1756066268938 25.6647891998291 136
1756066268967 23.67947769165039 137
1756066268998 24.781414031982422 138
1756066269030 25.380949020385742 139
1756066269062 26.034902572631836 140
1756066269094 26.16621208190918 141
1756066269126 23.598894119262695 142
1756066269158 25.536130905151367 143
1756066269191 20.627241134643555 144
1756066269220 19.235937118530273 145
1756066269249 26.757593154907227 146
1756066269279 23.366724014282227 147
1756066269311 23.992830276489258 148
1756066269344 20.717357635498047 149
1756066269377 26.24856948852539 150
1756066269409 29.251623153686523 151
1756066269441 23.634723663330078 152
1756066269473 25.158641815185547 153
1756066269505 24.764829635620117 154
1756066269534 23.795499801635742 155
1756066269562 25.463483810424805 156
1756066269591 26.829618453979492 157
1756066269619 25.10883903503418 158
1756066269648 21.597566604614258 159
1756066269678 24.41820526123047 160
1756066269709 24.88345718383789 161
1756066269738 24.578298568725586 162
1756066269768 24.089706420898438 163
1756066269796 26.918251037597656 164
1756066269826 26.236452102661133 165
1756066269855 19.767623901367188 166
1756066269885 24.63374137878418 167
1756066269916 28.112380981445312 168
1756066269944 22.114234924316406 169
1756066269973 21.56910514831543 170
1756066270002 22.17451286315918 171
1756066270031 24.20195770263672 172
1756066270059 25.820968627929688 173
1756066270089 24.715251922607422 174
1756066270118 22.881607055664062 175
1756066270146 20.590557098388672 176
1756066270174 24.443439483642578 177
1756066270202 26.167402267456055 178
1756066270232 22.00099754333496 179
1756066270261 26.697715759277344 180
1756066270292 25.093441009521484 181
1756066270323 23.467269897460938 182
1756066270355 23.805261611938477 183
1756066270384 25.385908126831055 184
1756066270417 26.316265106201172 185
1756066270450 24.205883026123047 186
1756066270479 20.994558334350586 187
1756066270511 26.59525489807129 188
1756066270542 24.032962799072266 189
1756066270571 23.329448699951172 190
1756066270599 20.891910552978516 191
1756066270628 20.28897476196289 192
1756066270656 25.36809539794922 193
1756066270685 24.872108459472656 194
1756066270714 21.392000198364258 195
1756066270743 25.494266510009766 196
1756066270773 23.32428550720215 197
1756066270801 23.079256057739258 198
1756066270830 29.451162338256836 199
1756066270863 23.657991409301758 200
1756066270896 23.66627311706543 201
1756066270930 23.521947860717773 202
1756066270963 23.70169448852539 203
1756066270995 27.325294494628906 204
1756066271029 24.186548233032227 205
1756066271062 22.12114906311035 206
1756066271095 21.819049835205078 207
1756066271130 25.98916244506836 208
1756066271165 22.435283660888672 209
1756066271198 27.106889724731445 210
1756066271229 18.059202194213867 211
1756066271261 23.96880340576172 212
1756066271293 23.410572052001953 213
1756066271325 22.178787231445312 214
1756066271358 22.977779388427734 215
1756066271391 24.33995246887207 216
1756066271423 24.424150466918945 217
1756066271454 26.450069427490234 218
1756066271486 25.524702072143555 219
1756066271519 24.588043212890625 220
1756066271552 28.541393280029297 221
1756066271584 25.48178482055664 222
1756066271618 23.847965240478516 223
1756066271654 25.98273277282715 224
1756066271690 23.300296783447266 225
1756066271725 23.923513412475586 226
1756066271758 23.243078231811523 227
1756066271792 25.759817123413086 228
1756066271828 24.994644165039062 229
1756066271860 26.10860824584961 230
1756066271889 26.13878631591797 231
1756066271917 22.67827033996582 232
1756066271946 20.215139389038086 233
1756066271975 22.067975997924805 234
1756066272004 22.603281021118164 235
1756066272032 21.80990219116211 236
1756066272061 28.38602066040039 237
1756066272090 25.25398063659668 238
1756066272119 27.23687744140625 239
1756066272147 25.215871810913086 240
1756066272176 24.664335250854492 241
1756066272204 25.261085510253906 242
1756066272232 24.927427291870117 243
1756066272261 23.488901138305664 244
1756066272289 26.296459197998047 245
1756066272318 24.287391662597656 246
1756066272348 22.88104248046875 247
1756066272376 23.00360107421875 248
1756066272405 25.457265853881836 249
1756066272438 26.122467041015625 250
1756066272468 26.256908416748047 251
1756066272499 22.13251495361328 252
1756066272530 25.281818389892578 253
1756066272558 22.820804595947266 254
1756066272586 23.048891067504883 255
1756066272614 23.644554138183594 256
1756066272643 23.737043380737305 257
1756066272671 23.67766761779785 258
1756066272699 25.35858917236328 259
1756066272728 28.18798828125 260
1756066272757 24.531349182128906 261
1756066272789 23.04168128967285 262
1756066272821 22.7584228515625 263
1756066272853 24.80242347717285 264
1756066272883 22.89296531677246 265
1756066272912 26.95623207092285 266
1756066272940 23.42017936706543 267
1756066272969 24.138845443725586 268
1756066273002 24.168119430541992 269
1756066273035 23.487545013427734 270
1756066273066 25.036563873291016 271
1756066273099 26.494352340698242 272
1756066273131 24.635372161865234 273
1756066273163 23.46944808959961 274
1756066273194 25.713743209838867 275
1756066273226 23.737323760986328 276
1756066273258 27.540082931518555 277
1756066273289 26.206077575683594 278
1756066273321 22.307268142700195 279
1756066273352 20.457645416259766 280
1756066273384 18.300745010375977 281
1756066273415 21.61236572265625 282
1756066273447 27.100383758544922 283
1756066273479 29.740196228027344 284
1756066273511 25.108741760253906 285
1756066273540 19.20601463317871 286
1756066273570 24.89354133605957 287
1756066273598 22.769947052001953 288
1756066273627 21.791061401367188 289
1756066273656 21.411550521850586 290
1756066273686 23.242591857910156 291
1756066273718 23.940086364746094 292
1756066273751 25.717742919921875 293
1756066273780 23.107751846313477 294
1756066273812 26.270463943481445 295
1756066273844 23.474302291870117 296
1756066273876 21.734811782836914 297
1756066273905 28.28290557861328 298
1756066273933 23.244577407836914 299
1756066282032 48.334930419921875 0
1756066282063 47.89938735961914 1
1756066282094 47.839744567871094 2
1756066282122 47.39931869506836 3
1756066282149 47.6364631652832 4
1756066282177 46.79841613769531 5
1756066282208 47.19162368774414 6
1756066282239 46.628173828125 7
1756066282271 46.91292953491211 8
1756066282303 45.97857666015625 9
1756066282334 45.49793243408203 10
1756066282363 45.004737854003906 11
1756066282391 44.85749816894531 12
1756066282419 43.97814178466797 13
1756066282450 44.27776336669922 14
1756066282479 43.66615295410156 15
1756066282507 42.16322326660156 16
1756066282535 40.96718978881836 17
1756066282564 41.15817642211914 18
1756066282597 40.08962631225586 19
1756066282630 39.77580261230469 20
1756066282663 39.40227508544922 21
1756066282696 38.03151321411133 22
1756066282725 34.32658004760742 23
1756066282753 35.74613571166992 24
1756066282787 33.27909469604492 25
1756066282822 32.024024963378906 26
1756066282857 27.491024017333984 27
1756066282890 27.6357364654541 28
1756066282922 28.558055877685547 29
1756066282955 27.992162704467773 30
1756066282984 25.541587829589844 31
1756066283011 29.550594329833984 32
1756066283040 27.091552734375 33
1756066283073 26.432954788208008 34
1756066283104 22.87401008605957 35
1756066283135 25.29239273071289 36
1756066283167 24.012054443359375 37
1756066283198 24.972965240478516 38
1756066283229 26.521465301513672 39
1756066283259 22.950489044189453 40
1756066283290 29.398744583129883 41
1756066283321 28.50278663635254 42
1756066283352 28.687835693359375 43
1756066283383 24.0454044342041 44
1756066283414 27.544586181640625 45
1756066283445 25.0 46
1756066283475 25.644662857055664 47
1756066283507 28.775381088256836 48
1756066283538 24.073856353759766 49
1756066283570 24.867969512939453 50
1756066283598 25.822811126708984 51
1756066283626 27.63265037536621 52
1756066283654 25.70622444152832 53
1756066283685 26.862079620361328 54
1756066283714 22.708255767822266 55
1756066283741 27.352012634277344 56
1756066283772 27.303539276123047 57
1756066283807 29.39167594909668 58
1756066283842 27.101381301879883 59
1756066283875 27.32624626159668 60
1756066283907 24.28553581237793 61
1756066283940 28.169038772583008 62
1756066283973 26.2808895111084 63
1756066284005 25.414566040039062 64
1756066284037 28.156978607177734 65
1756066284069 25.490995407104492 66
1756066284101 25.654335021972656 67
1756066284133 23.869293212890625 68
1756066284165 23.330095291137695 69
1756066284198 26.243070602416992 70
1756066284231 27.2613468170166 71
1756066284264 26.752025604248047 72
1756066284297 26.019184112548828 73
1756066284330 26.271387100219727 74
1756066284365 25.980587005615234 75
1756066284399 23.59695816040039 76
1756066284431 27.151424407958984 77
1756066284463 20.5699520111084 78
1756066284495 24.314170837402344 79
1756066284527 26.04088020324707 80
1756066284559 26.47599220275879 81
1756066284591 22.5350399017334 82
1756066284624 24.08563232421875 83
1756066284655 21.8336124420166 84
1756066284683 26.07325553894043 85
1756066284712 19.989566802978516 86
1756066284740 25.069948196411133 87
1756066284769 21.976699829101562 88
1756066284798 25.172561645507812 89
1756066284826 19.212646484375 90
1756066284855 23.244314193725586 91
1756066284884 25.43875503540039 92
1756066284913 25.524656295776367 93
1756066284941 26.0084228515625 94
1756066284971 22.32613754272461 95
1756066285006 22.897058486938477 96
1756066285042 24.405914306640625 97
1756066285074 26.220380783081055 98
1756066285103 23.97064208984375 99
1756066285131 24.62546730041504 100
1756066285160 25.74394416809082 101
1756066285188 25.60065460205078 102
1756066285216 22.994853973388672 103
1756066285245 23.827167510986328 104
1756066285273 21.99156379699707 105
1756066285300 23.83402442932129 106
1756066285329 27.402137756347656 107
1756066285361 25.703304290771484 108
1756066285393 24.163005828857422 109
1756066285422 20.698795318603516 110
1756066285451 22.601221084594727 111
1756066285482 24.716670989990234 112
1756066285512 26.395156860351562 113
1756066285543 21.147836685180664 114
1756066285574 24.35373878479004 115
1756066285607 26.19272804260254 116
1756066285639 21.677099227905273 117
1756066285671 24.747478485107422 118
1756066285700 23.44352912902832 119
1756066285729 24.408262252807617 120
1756066285757 22.60996437072754 121
1756066285786 22.95906639099121 122
1756066285814 26.257123947143555 123
1756066285843 22.127553939819336 124
1756066285873 25.096494674682617 125
1756066285906 22.3543758392334 126
1756066285936 23.901283264160156 127
1756066285965 28.097728729248047 128
1756066285994 26.001611709594727 129
1756066286023 26.18405532836914 130
1756066286052 22.060916900634766 131
1756066286081 24.347755432128906 132
1756066286110 22.679500579833984 133
1756066286139 21.090543746948242 134
1756066286169 25.488582611083984 135
1756066286203 24.116382598876953 136
1756066286237 25.213197708129883 137
1756066286270 26.740047454833984 138
1756066286304 24.93492889404297 139
1756066286333 23.572725296020508 140
1756066286365 23.549795150756836 141
1756066286396 24.973012924194336 142
1756066286425 27.46186065673828 143
1756066286454 22.88469886779785 144
1756066286483 24.823720932006836 145
1756066286512 23.224912643432617 146
1756066286541 21.46588134765625 147
1756066286570 27.216928482055664 148
1756066286603 23.38506317138672 149
1756066286635 24.35422134399414 150
1756066286663 23.33367919921875 151
1756066286693 20.947898864746094 152
1756066286722 22.053050994873047 153
1756066286751 24.704343795776367 154
1756066286781 24.933115005493164 155
1756066286810 21.078502655029297 156
1756066286840 23.104318618774414 157
1756066286871 25.53663444519043 158
1756066286901 25.16813850402832 159
1756066286930 21.388504028320312 160
1756066286959 26.802061080932617 161
1756066286989 24.497154235839844 162
1756066287018 25.513668060302734 163
1756066287047 24.16727066040039 164
1756066287076 23.957191467285156 165
1756066287105 25.58582878112793 166
1756066287134 27.76078987121582 167
1756066287163 20.886892318725586 168
1756066287192 24.709856033325195 169
1756066287222 22.638748168945312 170
1756066287251 24.288076400756836 171
1756066287280 26.597753524780273 172
1756066287310 23.830875396728516 173
1756066287343 26.086111068725586 174
1756066287373 22.20686149597168 175
1756066287402 25.768369674682617 176
1756066287433 21.144575119018555 177
1756066287463 18.57711410522461 178
1756066287492 26.26218605041504 179
1756066287521 24.713069915771484 180
1756066287550 21.942798614501953 181
1756066287579 24.991455078125 182
1756066287607 24.374969482421875 183
1756066287636 24.08260726928711 184
1756066287665 23.986331939697266 185
1756066287694 22.973588943481445 186
1756066287723 22.798473358154297 187
1756066287753 23.340517044067383 188
1756066287781 22.383028030395508 189
1756066287810 20.81745719909668 190
1756066287841 23.880817413330078 191
1756066287873 21.640016555786133 192
1756066287906 24.291894912719727 193
1756066287937 24.99646759033203 194
1756066287968 22.214176177978516 195
1756066288001 20.798784255981445 196
1756066288037 21.649805068969727 197
1756066288071 26.242671966552734 198
1756066288102 21.232553482055664 199
1756066288134 23.659873962402344 200
1756066288167 20.72018051147461 201
1756066288197 23.148143768310547 202
1756066288225 20.95089340209961 203
1756066288256 23.92272186279297 204
1756066288283 22.391590118408203 205
1756066288311 25.015783309936523 206
1756066288340 22.035511016845703 207
1756066288374 23.357091903686523 208
1756066288408 20.511226654052734 209
1756066288439 24.46597671508789 210
1756066288472 26.262943267822266 211
1756066288506 24.07292938232422 212
1756066288536 23.63007926940918 213
1756066288564 26.1243839263916 214
1756066288596 23.483251571655273 215
1756066288625 23.95685577392578 216
1756066288654 24.763431549072266 217
1756066288685 23.7344970703125 218
1756066288713 20.260204315185547 219
1756066288745 22.466075897216797 220
1756066288778 22.324539184570312 221
1756066288810 18.766292572021484 222
1756066288838 26.120845794677734 223
1756066288871 25.239532470703125 224
1756066288902 20.477909088134766 225
1756066288930 26.842369079589844 226
1756066288962 21.58161735534668 227
1756066288991 19.71000862121582 228
1756066289021 24.57896614074707 229
1756066289053 23.534536361694336 230
1756066289086 21.00477409362793 231
1756066289117 24.138389587402344 232
1756066289146 20.221187591552734 233
1756066289174 24.401260375976562 234
1756066289206 22.17957878112793 235
1756066289235 24.110029220581055 236
1756066289263 24.778656005859375 237
1756066289292 21.75981330871582 238
1756066289324 25.4771671295166 239
1756066289358 25.218347549438477 240
1756066289391 22.625429153442383 241
1756066289424 22.67021369934082 242
1756066289458 23.2387638092041 243
1756066289490 20.519193649291992 244
1756066289520 23.2399959564209 245
1756066289553 25.105382919311523 246
1756066289586 25.473878860473633 247
1756066289619 22.43012809753418 248
1756066289651 22.319910049438477 249
1756066289684 19.134740829467773 250
1756066289716 22.405332565307617 251
1756066289749 24.359209060668945 252
1756066289783 24.633914947509766 253
1756066289816 25.958927154541016 254
1756066289851 24.831241607666016 255
1756066289885 23.02522850036621 256
1756066289919 25.84113121032715 257
1756066289952 23.30257797241211 258
1756066289985 25.328462600708008 259
1756066290020 23.610063552856445 260
1756066290048 26.81617546081543 261
1756066290077 24.995624542236328 262
1756066290106 25.543697357177734 263
1756066290135 20.572729110717773 264
1756066290164 22.43857765197754 265
1756066290194 27.2777042388916 266
1756066290223 27.02248191833496 267
1756066290252 24.551177978515625 268
1756066290282 25.72432518005371 269
1756066290311 25.041269302368164 270
1756066290340 25.84979248046875 271
1756066290373 24.41358757019043 272
1756066290403 18.704471588134766 273
1756066290432 22.23981475830078 274
1756066290462 21.730878829956055 275
1756066290491 24.8259334564209 276
1756066290520 22.925762176513672 277
1756066290549 24.9193115234375 278
1756066290578 20.34160804748535 279
1756066290607 20.98173713684082 280
1756066290636 25.23707389831543 281
1756066290667 19.604042053222656 282
1756066290698 22.886934280395508 283
1756066290730 22.91109848022461 284
1756066290759 20.278427124023438 285
1756066290789 24.82166290283203 286
1756066290818 20.80021858215332 287
1756066290848 25.544509887695312 288
1756066290877 25.390926361083984 289
1756066290906 20.792545318603516 290
1756066290935 26.004209518432617 291
1756066290965 23.085315704345703 292
1756066290994 23.236875534057617 293
1756066291025 25.956645965576172 294
1756066291060 21.602642059326172 295
1756066291093 24.246103286743164 296
1756066291120 21.122514724731445 297
1756066291149 21.16261863708496 298
1756066291179 21.12264060974121 299
1756066299290 50.24300003051758 0
1756066299317 50.24168014526367 1
1756066299344 50.24110412597656 2
1756066299371 50.241607666015625 3
1756066299398 50.23693084716797 4
1756066299427 50.23750686645508 5
1756066299455 50.23695373535156 6
1756066299483 50.22636032104492 7
1756066299507 50.21929931640625 8
1756066299531 50.219505310058594 9
1756066299555 50.21855926513672 10
1756066299581 50.21955871582031 11
1756066299608 50.19898986816406 12
1756066299633 50.20940399169922 13
1756066299657 50.18648147583008 14
1756066299684 50.207183837890625 15
1756066299707 50.18326187133789 16
1756066299732 50.165809631347656 17
1756066299757 50.15883255004883 18
1756066299782 50.04969787597656 19
1756066299807 50.003822326660156 20
1756066299832 49.952735900878906 21
1756066299857 49.83698272705078 22
1756066299884 49.75510787963867 23
1756066299912 49.84434127807617 24
1756066299938 49.707908630371094 25
1756066299962 49.572017669677734 26
1756066299986 49.373191833496094 27
1756066300010 49.53192138671875 28
1756066300039 49.19990539550781 29
1756066300066 49.269866943359375 30
1756066300093 48.999935150146484 31
1756066300120 48.85184860229492 32
1756066300147 48.87451171875 33
1756066300174 48.614776611328125 34
1756066300201 48.8185920715332 35
1756066300229 48.67518997192383 36
1756066300256 48.284664154052734 37
1756066300284 47.862972259521484 38
1756066300311 47.65300750732422 39
1756066300338 47.557044982910156 40
1756066300366 46.95657730102539 41
1756066300393 46.78835678100586 42
1756066300421 47.32582473754883 43
1756066300449 47.029457092285156 44
1756066300475 46.650550842285156 45
1756066300502 46.04888153076172 46
1756066300530 44.95585632324219 47
1756066300556 45.79686737060547 48
1756066300584 44.703094482421875 49
1756066300610 44.355926513671875 50
1756066300638 45.03629684448242 51
1756066300665 44.030582427978516 52
1756066300692 43.70973205566406 53
1756066300719 41.546451568603516 54
1756066300747 41.58200454711914 55
1756066300776 41.755714416503906 56
1756066300804 40.2974967956543 57
1756066300830 41.11357116699219 58
1756066300856 41.83945846557617 59
1756066300884 39.727699279785156 60
1756066300909 37.862457275390625 61
1756066300933 39.954586029052734 62
1756066300958 37.512916564941406 63
1756066300982 34.84022521972656 64
1756066301008 35.477420806884766 65
1756066301036 33.789817810058594 66
1756066301063 34.61713790893555 67
1756066301091 32.5881462097168 68
1756066301118 30.239238739013672 69
1756066301146 34.11088180541992 70
1756066301174 32.69145202636719 71
1756066301201 31.706327438354492 72
1756066301229 29.51085662841797 73
1756066301254 28.433609008789062 74
1756066301279 29.565753936767578 75
1756066301304 26.635881423950195 76
1756066301328 30.815670013427734 77
1756066301352 29.878063201904297 78
1756066301382 25.18552589416504 79
1756066301411 31.61541175842285 80
1756066301441 27.47563934326172 81
1756066301469 29.503177642822266 82
1756066301497 27.746198654174805 83
1756066301525 27.25065040588379 84
1756066301554 27.68183135986328 85
1756066301581 28.579097747802734 86
1756066301608 29.287668228149414 87
1756066301635 28.112194061279297 88
1756066301664 29.866853713989258 89
1756066301691 30.311298370361328 90
1756066301720 28.574535369873047 91
1756066301751 27.418447494506836 92
1756066301781 27.249378204345703 93
1756066301810 28.01045036315918 94
1756066301840 27.767152786254883 95
1756066301869 28.450946807861328 96
1756066301899 30.173067092895508 97
1756066301927 23.185457229614258 98
1756066301952 28.25885009765625 99
1756066301976 28.430755615234375 100
1756066302000 30.69598388671875 101
1756066302025 30.47665786743164 102
1756066302049 29.074344635009766 103
1756066302074 30.53720474243164 104
1756066302099 29.437053680419922 105
1756066302123 24.901165008544922 106
1756066302150 27.78724479675293 107
1756066302179 30.541593551635742 108
1756066302204 31.174345016479492 109
1756066302232 33.786190032958984 110
1756066302257 29.396818161010742 111
1756066302282 29.16680145263672 112
1756066302310 28.21547508239746 113
1756066302339 29.013050079345703 114
1756066302366 29.15900230407715 115
1756066302392 29.0612850189209 116
1756066302416 29.87251091003418 117
1756066302441 30.715496063232422 118
1756066302467 29.320241928100586 119
1756066302492 30.102218627929688 120
1756066302518 26.46133041381836 121
1756066302543 27.384138107299805 122
1756066302571 25.661876678466797 123
1756066302601 28.952171325683594 124
1756066302630 26.076425552368164 125
1756066302654 27.021743774414062 126
1756066302679 26.7338924407959 127
1756066302706 27.46668243408203 128
1756066302732 27.707151412963867 129
1756066302759 27.78179168701172 130
1756066302784 27.926786422729492 131
1756066302810 31.009273529052734 132
1756066302839 27.694183349609375 133
1756066302868 26.725624084472656 134
1756066302898 29.4592227935791 135
1756066302928 31.572139739990234 136
1756066302956 24.354467391967773 137
1756066302983 26.767677307128906 138
1756066303011 25.73859214782715 139
1756066303039 31.10291862487793 140
1756066303066 24.66592025756836 141
1756066303094 29.069360733032227 142
1756066303121 28.261188507080078 143
1756066303149 26.28999137878418 144
1756066303176 29.49980926513672 145
1756066303204 30.089387893676758 146
1756066303231 31.844146728515625 147
1756066303258 28.86778450012207 148
1756066303286 27.045717239379883 149
1756066303310 24.40323829650879 150
1756066303334 28.53998565673828 151
1756066303359 22.709999084472656 152
1756066303383 28.99664306640625 153
1756066303409 26.580440521240234 154
1756066303437 30.044031143188477 155
1756066303464 29.007869720458984 156
1756066303492 28.783283233642578 157
1756066303519 28.457290649414062 158
1756066303546 29.307262420654297 159
1756066303573 28.76938819885254 160
1756066303601 27.596115112304688 161
1756066303629 27.870323181152344 162
1756066303657 28.236461639404297 163
1756066303686 24.899879455566406 164
1756066303714 27.68333625793457 165
1756066303741 25.600400924682617 166
1756066303769 30.502267837524414 167
1756066303796 24.541738510131836 168
1756066303823 28.38006591796875 169
1756066303851 27.348451614379883 170
1756066303877 27.017169952392578 171
1756066303902 29.312068939208984 172
1756066303931 28.82052230834961 173
1756066303960 29.171161651611328 174
1756066303987 27.6030330657959 175
1756066304014 28.63558006286621 176
1756066304041 25.25538444519043 177
1756066304068 31.365764617919922 178
1756066304095 25.357576370239258 179
1756066304121 30.37904930114746 180
1756066304147 28.75675392150879 181
1756066304174 28.878772735595703 182
1756066304201 28.0898494720459 183
1756066304228 30.782201766967773 184
1756066304254 28.957448959350586 185
1756066304280 28.699796676635742 186
1756066304308 25.530080795288086 187
1756066304337 29.04676628112793 188
1756066304365 28.749019622802734 189
1756066304393 26.902454376220703 190
1756066304421 31.383668899536133 191
1756066304449 25.16651725769043 192
1756066304476 31.180103302001953 193
1756066304503 29.02091407775879 194
1756066304530 25.887304306030273 195
1756066304558 23.467676162719727 196
1756066304585 29.869192123413086 197
1756066304613 27.039722442626953 198
1756066304642 26.152585983276367 199
1756066304671 23.87370491027832 200
1756066304698 30.58319854736328 201
1756066304722 28.182268142700195 202
1756066304746 28.04917335510254 203
1756066304770 29.58306121826172 204
1756066304796 27.692209243774414 205
1756066304822 25.67755126953125 206
1756066304850 26.805736541748047 207
1756066304879 27.21405792236328 208
1756066304907 24.961328506469727 209
1756066304934 24.551925659179688 210
1756066304962 27.23482894897461 211
1756066304990 26.296720504760742 212
1756066305018 27.18931007385254 213
1756066305044 27.754350662231445 214
1756066305073 30.870216369628906 215
1756066305101 30.170677185058594 216
1756066305129 30.243513107299805 217
1756066305157 28.212554931640625 218
1756066305185 29.79923439025879 219
1756066305214 30.419097900390625 220
1756066305242 23.906484603881836 221
1756066305269 26.927194595336914 222
1756066305297 27.127511978149414 223
1756066305324 31.971683502197266 224
1756066305352 30.54134178161621 225
1756066305379 28.047286987304688 226
1756066305408 26.072595596313477 227
1756066305436 30.766027450561523 228
1756066305464 27.99217414855957 229
1756066305492 30.37017822265625 230
1756066305518 24.693681716918945 231
1756066305542 32.02342987060547 232
1756066305567 28.296335220336914 233
1756066305593 29.438505172729492 234
1756066305618 27.807971954345703 235
1756066305645 25.175100326538086 236
1756066305673 30.895910263061523 237
1756066305701 28.242795944213867 238
1756066305730 26.424480438232422 239
1756066305760 27.569650650024414 240
1756066305789 25.588369369506836 241
1756066305818 27.947969436645508 242
1756066305846 28.470922470092773 243
1756066305874 27.363500595092773 244
1756066305904 25.755245208740234 245
1756066305933 29.343461990356445 246
1756066305962 28.448198318481445 247
1756066305988 29.917877197265625 248
1756066306013 28.06287384033203 249
1756066306037 28.9189453125 250
1756066306062 27.314035415649414 251
1756066306086 26.723873138427734 252
1756066306114 27.5383358001709 253
1756066306143 28.915422439575195 254
1756066306171 25.514240264892578 255
1756066306199 27.730823516845703 256
1756066306227 26.38570785522461 257
1756066306256 28.829116821289062 258
1756066306285 33.2658576965332 259
1756066306311 26.797697067260742 260
1756066306335 26.452375411987305 261
1756066306360 31.983814239501953 262
1756066306387 26.778453826904297 263
1756066306415 28.398365020751953 264
1756066306442 27.47921371459961 265
1756066306471 30.989137649536133 266
1756066306500 30.505390167236328 267
1756066306525 29.624536514282227 268
1756066306553 29.24757194519043 269
1756066306581 27.195627212524414 270
1756066306609 29.52920150756836 271
1756066306637 29.138723373413086 272
1756066306665 25.6343936920166 273
1756066306696 27.53919792175293 274
1756066306727 25.363645553588867 275
1756066306753 29.570905685424805 276
1756066306780 26.51810073852539 277
1756066306807 28.687543869018555 278
1756066306835 28.97304344177246 279
1756066306863 27.391414642333984 280
1756066306889 28.646427154541016 281
1756066306914 29.309301376342773 282
1756066306941 29.37200927734375 283
1756066306967 25.294401168823242 284
1756066306992 27.190940856933594 285
1756066307020 29.002079010009766 286
1756066307048 27.557008743286133 287
1756066307075 27.024070739746094 288
1756066307103 28.503395080566406 289
1756066307128 30.491655349731445 290
1756066307153 31.38286018371582 291
1756066307178 26.901334762573242 292
1756066307206 31.050771713256836 293
1756066307235 28.888919830322266 294
1756066307260 30.392179489135742 295
1756066307287 27.476184844970703 296
1756066307314 25.378578186035156 297
1756066307342 25.829669952392578 298
1756066307370 25.026371002197266 299
1756066315483 48.75049591064453 0
1756066315512 48.748626708984375 1
1756066315540 48.64572525024414 2
1756066315567 48.616024017333984 3
1756066315593 48.51298141479492 4
1756066315620 48.54745101928711 5
1756066315647 48.32157516479492 6
1756066315674 48.31746292114258 7
1756066315701 48.30609130859375 8
1756066315727 48.220130920410156 9
1756066315754 48.100181579589844 10
1756066315779 47.98775100708008 11
1756066315803 47.825958251953125 12
1756066315827 47.81833267211914 13
1756066315851 47.594295501708984 14
1756066315876 47.74945068359375 15
1756066315900 47.82966995239258 16
1756066315928 47.53063201904297 17
1756066315958 46.940242767333984 18
1756066315987 47.08255386352539 19
1756066316015 47.091861724853516 20
1756066316043 47.02392578125 21
1756066316071 46.83964538574219 22
1756066316098 46.51995086669922 23
1756066316126 46.250267028808594 24
1756066316154 46.41073226928711 25
1756066316184 45.597591400146484 26
1756066316212 46.029823303222656 27
1756066316239 45.320987701416016 28
1756066316267 45.549842834472656 29
1756066316295 45.05934524536133 30
1756066316323 45.239871978759766 31
1756066316350 44.566978454589844 32
1756066316378 44.02320861816406 33
1756066316405 43.80619430541992 34
1756066316430 42.43907928466797 35
1756066316454 42.71406173706055 36
1756066316478 43.63768768310547 37
1756066316503 42.279293060302734 38
1756066316529 42.14971923828125 39
1756066316556 42.26124572753906 40
1756066316582 40.79622268676758 41
1756066316608 41.288978576660156 42
1756066316635 39.487998962402344 43
1756066316661 40.07546615600586 44
1756066316685 38.730323791503906 45
1756066316712 38.31292724609375 46
1756066316739 35.400733947753906 47
1756066316764 34.76927185058594 48
1756066316788 37.34457778930664 49
1756066316813 33.171348571777344 50
1756066316841 35.95392990112305 51
1756066316869 32.12282180786133 52
1756066316897 36.55393600463867 53
1756066316923 31.989717483520508 54
1756066316947 31.742387771606445 55
1756066316975 32.03911590576172 56
1756066317002 32.08123016357422 57
1756066317030 27.335872650146484 58
1756066317057 30.125219345092773 59
1756066317085 26.43128776550293 60
1756066317111 30.660879135131836 61
1756066317135 26.97811508178711 62
1756066317162 27.71769905090332 63
1756066317187 28.63741111755371 64
1756066317212 26.289989471435547 65
1756066317237 27.935277938842773 66
1756066317261 24.659330368041992 67
1756066317286 28.341821670532227 68
1756066317311 27.2278995513916 69
1756066317335 30.037616729736328 70
1756066317360 25.484275817871094 71
1756066317385 28.8403377532959 72
1756066317411 24.778884887695312 73
1756066317439 28.66147804260254 74
1756066317467 25.634841918945312 75
1756066317495 26.301651000976562 76
1756066317523 30.893980026245117 77
1756066317551 29.598529815673828 78
1756066317578 30.4908504486084 79
1756066317605 29.895936965942383 80
1756066317629 26.144315719604492 81
1756066317656 27.39518165588379 82
1756066317683 26.332237243652344 83
1756066317707 27.525287628173828 84
1756066317731 32.05950927734375 85
1756066317756 25.256784439086914 86
1756066317781 27.04166030883789 87
1756066317807 27.595352172851562 88
1756066317832 27.48304557800293 89
1756066317860 24.49947166442871 90
1756066317887 26.813915252685547 91
1756066317913 24.945064544677734 92
1756066317938 27.684141159057617 93
1756066317962 26.98320770263672 94
1756066317986 31.703582763671875 95
1756066318014 24.75448989868164 96
1756066318042 29.836254119873047 97
1756066318069 24.44908332824707 98
1756066318098 26.52654266357422 99
1756066318125 28.56591796875 100
1756066318149 25.660572052001953 101
1756066318174 23.36966896057129 102
1756066318198 25.4754581451416 103
1756066318222 28.797664642333984 104
1756066318246 27.467084884643555 105
1756066318270 25.349910736083984 106
1756066318298 28.53931999206543 107
1756066318325 30.86598014831543 108
1756066318354 28.07286262512207 109
1756066318383 27.0537166595459 110
1756066318414 24.246952056884766 111
1756066318443 31.807680130004883 112
1756066318471 28.032670974731445 113
1756066318501 30.14071273803711 114
1756066318528 26.48088264465332 115
1756066318554 25.94687843322754 116
1756066318581 26.660369873046875 117
1756066318607 30.94663429260254 118
1756066318634 29.05744171142578 119
1756066318661 30.903671264648438 120
1756066318688 33.04995346069336 121
1756066318714 28.02482795715332 122
1756066318741 24.14972686767578 123
1756066318768 27.318275451660156 124
1756066318795 29.948354721069336 125
1756066318821 29.323110580444336 126
1756066318849 28.755146026611328 127
1756066318876 22.940113067626953 128
1756066318903 25.14002799987793 129
1756066318930 29.072509765625 130
1756066318958 27.935869216918945 131
1756066318985 31.00553321838379 132
1756066319013 28.814653396606445 133
1756066319042 27.260835647583008 134
1756066319067 26.870092391967773 135
1756066319094 28.36604118347168 136
1756066319121 28.7611083984375 137
1756066319147 27.841739654541016 138
1756066319172 27.57185935974121 139
1756066319198 26.20416259765625 140
1756066319227 26.2878360748291 141
1756066319254 25.824298858642578 142
1756066319281 27.74616813659668 143
1756066319309 28.021221160888672 144
1756066319336 27.83563995361328 145
1756066319363 28.252534866333008 146
1756066319390 27.541385650634766 147
1756066319417 23.76903533935547 148
1756066319444 30.149009704589844 149
1756066319472 24.069795608520508 150
1756066319499 31.1210994720459 151
1756066319527 32.622318267822266 152
1756066319555 28.08494758605957 153
1756066319583 25.792449951171875 154
1756066319610 28.10966682434082 155
1756066319639 27.588584899902344 156
1756066319669 26.633316040039062 157
1756066319699 27.684696197509766 158
1756066319729 29.626270294189453 159
1756066319759 29.67000389099121 160
1756066319787 29.898624420166016 161
1756066319815 26.052005767822266 162
1756066319843 28.13909149169922 163
1756066319871 29.748065948486328 164
1756066319899 31.72438621520996 165
1756066319927 23.505504608154297 166
1756066319955 28.445011138916016 167
1756066319983 26.261552810668945 168
1756066320012 32.12554168701172 169
1756066320040 27.188608169555664 170
1756066320067 28.897510528564453 171
1756066320096 26.082460403442383 172
1756066320124 25.921899795532227 173
1756066320152 25.34613800048828 174
1756066320181 25.259140014648438 175
1756066320213 31.200679779052734 176
1756066320243 28.12795066833496 177
1756066320271 23.56794548034668 178
1756066320300 28.655818939208984 179
1756066320328 26.518096923828125 180
1756066320357 29.00882911682129 181
1756066320386 27.345741271972656 182
1756066320414 27.508960723876953 183
1756066320441 30.492372512817383 184
1756066320470 25.75946807861328 185
1756066320809 27.746368408203125 186
1756066320836 27.99089813232422 187
1756066320863 28.00558090209961 188
1756066320891 27.120208740234375 189
1756066320916 28.602764129638672 190
1756066320942 25.704038619995117 191
1756066320968 27.84084129333496 192
1756066320994 27.92152214050293 193
1756066321023 27.326566696166992 194
1756066321049 26.32599639892578 195
1756066321078 27.237245559692383 196
1756066321105 26.757905960083008 197
1756066321133 28.4660587310791 198
1756066321160 26.146215438842773 199
1756066321188 26.96858024597168 200
1756066321216 25.077045440673828 201
1756066321243 22.93035125732422 202
1756066321270 24.1755313873291 203
1756066321297 28.19564437866211 204
1756066321325 24.256017684936523 205
1756066321353 27.16352081298828 206
1756066321380 26.553585052490234 207
1756066321409 26.12540626525879 208
1756066321437 27.7153377532959 209
1756066321464 25.79157829284668 210
1756066321492 25.80826759338379 211
1756066321520 24.76246452331543 212
1756066321547 25.138750076293945 213
1756066321575 26.212602615356445 214
1756066321602 19.474868774414062 215
1756066321629 28.309663772583008 216
1756066321655 29.195743560791016 217
1756066321682 27.54526710510254 218
1756066321710 30.232460021972656 219
1756066321737 29.652618408203125 220
1756066321765 26.3450927734375 221
1756066321792 26.052791595458984 222
1756066321817 26.72648811340332 223
1756066321841 26.650327682495117 224
1756066321869 30.87458610534668 225
1756066321899 26.33102035522461 226
1756066321926 25.228092193603516 227
1756066321953 24.017621994018555 228
1756066321982 20.59763526916504 229
1756066322009 24.725236892700195 230
1756066322037 32.323150634765625 231
1756066322064 24.606996536254883 232
1756066322092 25.856203079223633 233
1756066322119 26.881338119506836 234
1756066322147 29.31712532043457 235
1756066322175 27.0318660736084 236
1756066322202 26.566837310791016 237
1756066322230 27.187294006347656 238
1756066322258 27.407154083251953 239
1756066322286 28.58384895324707 240
1756066322314 29.170516967773438 241
1756066322342 26.36003875732422 242
1756066322370 31.96620750427246 243
1756066322398 24.271976470947266 244
1756066322427 26.098711013793945 245
1756066322457 28.75361442565918 246
1756066322487 27.173336029052734 247
1756066322515 32.136173248291016 248
1756066322543 22.460216522216797 249
1756066322571 26.282352447509766 250
1756066322601 27.01017189025879 251
1756066322632 25.047422409057617 252
1756066322661 27.673377990722656 253
1756066322688 27.172128677368164 254
1756066322715 26.227251052856445 255
1756066322742 25.952089309692383 256
1756066322770 25.95326805114746 257
1756066322800 27.2950439453125 258
1756066322830 28.22214698791504 259
1756066322860 30.865903854370117 260
1756066322887 24.54062843322754 261
1756066322915 28.56858253479004 262
1756066322942 23.358890533447266 263
1756066322970 26.2799072265625 264
1756066322997 29.945556640625 265
1756066323025 24.997373580932617 266
1756066323050 26.126728057861328 267
1756066323075 26.766616821289062 268
1756066323100 26.816463470458984 269
1756066323125 23.955167770385742 270
1756066323154 24.233413696289062 271
1756066323178 27.48216438293457 272
1756066323203 26.286542892456055 273
1756066323229 22.913347244262695 274
1756066323253 27.833398818969727 275
1756066323278 23.059865951538086 276
1756066323302 28.449766159057617 277
1756066323327 27.08896827697754 278
1756066323351 26.640010833740234 279
1756066323376 26.38083839416504 280
1756066323401 27.35543441772461 281
1756066323425 28.557231903076172 282
1756066323450 24.779224395751953 283
1756066323476 27.70219612121582 284
1756066323503 25.243629455566406 285
1756066323532 26.52998161315918 286
1756066323559 29.157739639282227 287
1756066323587 27.297393798828125 288
1756066323614 26.81028938293457 289
1756066323641 24.675552368164062 290
1756066323669 25.243013381958008 291
1756066323697 25.39436149597168 292
1756066323725 25.216650009155273 293
1756066323752 25.91611671447754 294
1756066323780 25.095600128173828 295
1756066323808 25.27814292907715 296
1756066323836 27.85765266418457 297
1756066323863 28.22245979309082 298
1756066323891 25.98723602294922 299
1756066331988 50.16238784790039 0
1756066332017 50.12461853027344 1
1756066332045 50.07355880737305 2
1756066332072 50.02708053588867 3
1756066332098 49.98752212524414 4
1756066332125 49.855220794677734 5
1756066332153 49.79518127441406 6
1756066332181 49.84492492675781 7
1756066332208 49.51968002319336 8
1756066332237 49.5882453918457 9
1756066332265 49.427249908447266 10
1756066332292 49.482845306396484 11
1756066332320 49.26467514038086 12
1756066332348 49.06924819946289 13
1756066332376 49.217742919921875 14
1756066332402 48.94551086425781 15
1756066332428 48.8590202331543 16
1756066332452 49.14621353149414 17
1756066332477 48.61180114746094 18
1756066332501 48.55805969238281 19
1756066332526 48.58539962768555 20
1756066332551 48.33350372314453 21
1756066332576 48.27974319458008 22
1756066332600 47.823177337646484 23
1756066332628 47.803733825683594 24
1756066332653 47.93813705444336 25
1756066332677 47.227474212646484 26
1756066332702 47.416107177734375 27
1756066332727 47.16257095336914 28
1756066332754 46.87367630004883 29
1756066332783 46.487491607666016 30
1756066332810 46.46489334106445 31
1756066332838 46.13548278808594 32
1756066332862 45.400814056396484 33
1756066332891 44.90684127807617 34
1756066332919 43.57117462158203 35
1756066332946 42.84770965576172 36
1756066332970 44.11383819580078 37
1756066332994 42.275604248046875 38
1756066333021 42.055755615234375 39
1756066333052 43.09272766113281 40
1756066333081 43.03996276855469 41
1756066333109 41.52684783935547 42
1756066333135 39.44218444824219 43
1756066333161 39.79613494873047 44
1756066333185 38.50690460205078 45
1756066333210 40.04022979736328 46
1756066333234 38.2734375 47
1756066333258 34.110870361328125 48
1756066333286 37.37810134887695 49
1756066333311 36.03948211669922 50
1756066333335 35.48507308959961 51
1756066333360 34.070884704589844 52
1756066333384 34.318668365478516 53
1756066333412 33.13966369628906 54
1756066333439 31.909318923950195 55
1756066333464 31.194671630859375 56
1756066333490 30.231224060058594 57
1756066333517 31.009201049804688 58
1756066333544 30.084842681884766 59
1756066333570 28.30878448486328 60
1756066333594 26.353975296020508 61
1756066333618 32.08324432373047 62
1756066333645 28.505523681640625 63
1756066333671 27.17296028137207 64
1756066333697 27.02773094177246 65
1756066333723 32.564212799072266 66
1756066333751 32.309295654296875 67
1756066333779 23.24998664855957 68
1756066333804 29.28059959411621 69
1756066333828 26.514780044555664 70
1756066333856 28.162372589111328 71
1756066333882 25.516328811645508 72
1756066333911 27.147369384765625 73
1756066333938 27.381925582885742 74
1756066333965 27.11699104309082 75
1756066333992 29.981733322143555 76
1756066334019 25.97233009338379 77
1756066334046 27.32735824584961 78
1756066334073 26.91773796081543 79
1756066334100 33.228946685791016 80
1756066334127 28.12152099609375 81
1756066334153 26.233543395996094 82
1756066334180 29.57234764099121 83
1756066334207 27.151643753051758 84
1756066334234 26.7688045501709 85
1756066334262 24.200157165527344 86
1756066334288 26.018503189086914 87
1756066334316 26.840715408325195 88
1756066334342 29.759458541870117 89
1756066334367 25.508941650390625 90
1756066334394 27.090322494506836 91
1756066334423 28.773273468017578 92
1756066334452 31.134056091308594 93
1756066334478 28.927608489990234 94
1756066334503 26.34071159362793 95
1756066334532 26.663827896118164 96
1756066334559 24.800411224365234 97
1756066334586 25.173166275024414 98
1756066334613 28.638498306274414 99
1756066334638 26.531007766723633 100
1756066334663 29.370054244995117 101
1756066334689 25.262239456176758 102
1756066334716 27.429922103881836 103
1756066334744 30.270713806152344 104
1756066334769 26.31723403930664 105
1756066334792 27.769405364990234 106
1756066334817 22.19959259033203 107
1756066334842 26.738880157470703 108
1756066334866 28.257631301879883 109
1756066334891 28.284534454345703 110
1756066334916 28.723011016845703 111
1756066334942 29.233354568481445 112
1756066334967 23.96776008605957 113
1756066334996 26.299997329711914 114
1756066335022 26.85567855834961 115
1756066335049 27.54949951171875 116
1756066335074 23.70175552368164 117
1756066335099 27.654191970825195 118
1756066335125 28.11949920654297 119
1756066335153 23.590307235717773 120
1756066335179 29.564504623413086 121
1756066335203 27.959482192993164 122
1756066335228 27.885038375854492 123
1756066335253 26.30692481994629 124
1756066335280 25.404001235961914 125
1756066335306 26.758148193359375 126
1756066335333 22.14354133605957 127
1756066335357 25.532962799072266 128
1756066335381 24.599016189575195 129
1756066335406 27.713083267211914 130
1756066335431 24.735759735107422 131
1756066335456 27.266984939575195 132
1756066335483 27.533517837524414 133
1756066335511 28.575664520263672 134
1756066335539 23.510826110839844 135
1756066335567 30.15410614013672 136
1756066335595 24.98651885986328 137
1756066335622 24.65795135498047 138
1756066335650 24.60635757446289 139
1756066335677 26.541946411132812 140
1756066335703 22.255403518676758 141
1756066335731 27.872730255126953 142
1756066335758 25.918174743652344 143
1756066335786 24.661243438720703 144
1756066335814 23.435348510742188 145
1756066335842 23.687414169311523 146
1756066335869 25.34208869934082 147
1756066335897 29.134235382080078 148
1756066335924 24.698354721069336 149
1756066335952 28.379850387573242 150
1756066335980 23.7034969329834 151
1756066336007 25.41615867614746 152
1756066336034 23.46420669555664 153
1756066336061 28.955432891845703 154
1756066336089 25.411535263061523 155
1756066336117 31.109207153320312 156
1756066336145 21.46013641357422 157
1756066336173 29.144187927246094 158
1756066336201 26.092039108276367 159
1756066336229 25.32727813720703 160
1756066336257 22.728816986083984 161
1756066336285 24.34466552734375 162
1756066336313 22.090423583984375 163
1756066336341 23.301395416259766 164
1756066336370 21.55037498474121 165
1756066336397 26.359548568725586 166
1756066336424 25.81403160095215 167
1756066336451 23.703340530395508 168
1756066336479 24.563234329223633 169
1756066336506 26.411632537841797 170
1756066336534 26.837671279907227 171
1756066336561 25.811296463012695 172
1756066336589 26.327810287475586 173
1756066336617 24.239416122436523 174
1756066336644 26.69106674194336 175
1756066336671 23.702707290649414 176
1756066336698 24.06317138671875 177
1756066336728 22.981630325317383 178
1756066336756 25.183908462524414 179
1756066336783 25.432613372802734 180
1756066336810 27.385154724121094 181
1756066336835 24.809770584106445 182
1756066336861 27.671554565429688 183
1756066336887 29.588905334472656 184
1756066336914 21.847929000854492 185
1756066336943 26.626747131347656 186
1756066336971 24.213302612304688 187
1756066336998 27.28312110900879 188
1756066337025 24.238950729370117 189
1756066337054 27.506492614746094 190
1756066337081 24.577125549316406 191
1756066337109 25.84271812438965 192
1756066337137 24.012359619140625 193
1756066337164 26.29261589050293 194
1756066337191 25.048845291137695 195
1756066337220 20.926706314086914 196
1756066337248 24.70836067199707 197
1756066337273 25.860492706298828 198
1756066337298 23.455270767211914 199
1756066337324 24.469446182250977 200
1756066337352 24.714994430541992 201
1756066337380 24.87021827697754 202
1756066337406 23.507417678833008 203
1756066337433 27.171606063842773 204
1756066337459 26.60662841796875 205
1756066337486 24.175960540771484 206
1756066337511 26.27025032043457 207
1756066337535 22.209957122802734 208
1756066337560 28.291893005371094 209
1756066337585 21.761173248291016 210
1756066337612 22.569747924804688 211
1756066337640 27.042613983154297 212
1756066337666 27.08603858947754 213
1756066337691 22.6889591217041 214
1756066337716 24.798084259033203 215
1756066337743 23.448232650756836 216
1756066337770 24.856056213378906 217
1756066337794 26.128982543945312 218
1756066337820 25.72032356262207 219
1756066337847 25.589155197143555 220
1756066337874 20.048383712768555 221
1756066337902 24.671892166137695 222
1756066337931 20.347890853881836 223
1756066337961 26.521257400512695 224
1756066337989 30.506223678588867 225
1756066338017 22.49671745300293 226
1756066338045 25.613473892211914 227
1756066338074 26.019207000732422 228
1756066338102 23.847848892211914 229
1756066338131 19.035083770751953 230
1756066338159 21.541522979736328 231
1756066338189 29.963712692260742 232
1756066338218 27.24418830871582 233
1756066338246 27.87372589111328 234
1756066338274 24.909269332885742 235
1756066338303 26.9475040435791 236
1756066338331 24.366596221923828 237
1756066338360 27.77606201171875 238
1756066338388 23.826004028320312 239
1756066338417 25.103361129760742 240
1756066338444 25.697166442871094 241
1756066338470 22.115421295166016 242
1756066338496 26.954301834106445 243
1756066338521 24.006023406982422 244
1756066338546 26.040332794189453 245
1756066338571 24.59530258178711 246
1756066338596 25.915266036987305 247
1756066338620 26.955781936645508 248
1756066338644 27.640295028686523 249
1756066338669 27.20082664489746 250
1756066338694 25.742210388183594 251
1756066338721 25.47408676147461 252
1756066338746 25.261199951171875 253
1756066338770 19.886812210083008 254
1756066338795 26.85677146911621 255
1756066338819 24.541603088378906 256
1756066338844 19.793624877929688 257
1756066338869 23.213359832763672 258
1756066338893 27.692068099975586 259
1756066338918 27.075531005859375 260
1756066338943 25.734312057495117 261
1756066338968 27.64010238647461 262
1756066338992 24.590328216552734 263
1756066339017 23.368642807006836 264
1756066339044 23.743921279907227 265
1756066339070 24.468597412109375 266
1756066339095 23.536296844482422 267
1756066339120 26.994895935058594 268
1756066339149 25.186033248901367 269
1756066339177 22.10614013671875 270
1756066339205 26.031282424926758 271
1756066339233 24.11244010925293 272
1756066339261 27.208166122436523 273
1756066339289 21.815595626831055 274
1756066339315 27.55088996887207 275
1756066339340 24.514829635620117 276
1756066339366 24.108558654785156 277
1756066339391 24.093366622924805 278
1756066339420 27.25164222717285 279
1756066339446 24.889904022216797 280
1756066339475 25.232709884643555 281
1756066339503 24.845903396606445 282
1756066339531 26.71937370300293 283
1756066339559 24.661605834960938 284
1756066339586 24.90496826171875 285
1756066339614 21.255016326904297 286
1756066339642 21.4615535736084 287
1756066339669 24.822397232055664 288
1756066339697 22.575397491455078 289
1756066339722 24.35162925720215 290
1756066339748 25.12268829345703 291
1756066339772 29.220731735229492 292
1756066339796 23.227991104125977 293
1756066339821 24.788118362426758 294
1756066339845 28.121736526489258 295
1756066339870 26.239391326904297 296
1756066339895 22.452985763549805 297
1756066339921 24.308849334716797 298
1756066339946 23.862499237060547 299
1756066348032 48.699073791503906 0
1756066348059 48.67893981933594 1
1756066348087 48.62451934814453 2
1756066348114 48.5162353515625 3
1756066348141 48.532100677490234 4
1756066348168 48.38749694824219 5
1756066348197 48.2489013671875 6
1756066348226 48.0916633605957 7
1756066348254 48.12849807739258 8
1756066348278 48.086063385009766 9
1756066348303 47.93940353393555 10
1756066348330 47.68702697753906 11
1756066348358 47.777008056640625 12
1756066348386 47.64565658569336 13
1756066348413 47.339561462402344 14
1756066348437 47.23795700073242 15
1756066348465 47.67666244506836 16
1756066348493 47.06770706176758 17
1756066348518 46.95382308959961 18
1756066348545 46.903289794921875 19
1756066348571 46.54409408569336 20
1756066348597 46.4146842956543 21
1756066348622 45.875064849853516 22
1756066348647 45.65690994262695 23
1756066348671 45.403770446777344 24
1756066348696 45.50518798828125 25
1756066348721 45.39603805541992 26
1756066348749 45.7656135559082 27
1756066348775 44.240760803222656 28
1756066348802 44.557621002197266 29
1756066348828 44.33837127685547 30
1756066348855 43.24835205078125 31
1756066348881 43.508541107177734 32
1756066348906 42.49999237060547 33
1756066348931 42.742706298828125 34
1756066348956 43.38189697265625 35
1756066348983 41.60097885131836 36
1756066349010 41.18925476074219 37
1756066349037 40.74808883666992 38
1756066349062 40.283470153808594 39
1756066349088 37.05406188964844 40
1756066349114 37.74960708618164 41
1756066349139 38.103519439697266 42
1756066349167 36.893489837646484 43
1756066349193 36.275291442871094 44
1756066349219 37.947120666503906 45
1756066349246 35.9699592590332 46
1756066349273 34.51296615600586 47
1756066349301 33.54920959472656 48
1756066349329 32.22881317138672 49
1756066349356 30.525009155273438 50
1756066349383 32.57735824584961 51
1756066349412 31.009971618652344 52
1756066349439 29.807714462280273 53
1756066349467 28.440523147583008 54
1756066349493 30.123287200927734 55
1756066349517 29.32137107849121 56
1756066349541 28.60148811340332 57
1756066349566 30.448198318481445 58
1756066349591 24.76407814025879 59
1756066349616 29.184589385986328 60
1756066349641 29.015478134155273 61
1756066349665 27.945785522460938 62
1756066349690 25.623388290405273 63
1756066349718 25.37873649597168 64
1756066349743 25.97739601135254 65
1756066349768 24.629581451416016 66
1756066349793 25.69204330444336 67
1756066349817 23.74653434753418 68
1756066349844 26.58940887451172 69
1756066349869 27.724365234375 70
1756066349893 24.4940242767334 71
1756066349918 25.537952423095703 72
1756066349946 30.575687408447266 73
1756066349974 25.66550636291504 74
1756066350000 25.49522590637207 75
1756066350024 25.61369514465332 76
1756066350049 25.857982635498047 77
1756066350073 25.001007080078125 78
1756066350098 22.895109176635742 79
1756066350122 23.188936233520508 80
1756066350147 29.11164093017578 81
1756066350171 25.137001037597656 82
1756066350198 24.36825942993164 83
1756066350225 27.381967544555664 84
1756066350250 24.522735595703125 85
1756066350275 28.963438034057617 86
1756066350300 23.866411209106445 87
1756066350325 21.35310935974121 88
1756066350350 24.877363204956055 89
1756066350377 27.115907669067383 90
1756066350407 24.971866607666016 91
1756066350436 22.674549102783203 92
1756066350464 25.477022171020508 93
1756066350492 23.589599609375 94
1756066350519 27.453250885009766 95
1756066350547 24.355688095092773 96
1756066350575 21.866853713989258 97
1756066350603 26.219058990478516 98
1756066350631 24.0345458984375 99
1756066350660 24.725189208984375 100
1756066350688 24.8590087890625 101
1756066350717 22.005615234375 102
1756066350744 27.07918357849121 103
1756066350772 24.0825138092041 104
1756066350800 24.308818817138672 105
1756066350829 24.9600772857666 106
1756066350857 20.65814971923828 107
1756066350886 24.754100799560547 108
1756066350914 24.488086700439453 109
1756066350943 24.152118682861328 110
1756066350970 23.253358840942383 111
1756066350996 26.361112594604492 112
1756066351020 26.872051239013672 113
1756066351047 24.757410049438477 114
1756066351074 24.61863899230957 115
1756066351101 24.44365119934082 116
1756066351127 24.020673751831055 117
1756066351154 24.05320167541504 118
1756066351180 25.161195755004883 119
1756066351207 26.41510772705078 120
1756066351234 25.43305206298828 121
1756066351261 24.92466926574707 122
1756066351288 24.07893180847168 123
1756066351316 21.081737518310547 124
1756066351341 21.21449851989746 125
1756066351365 24.09330940246582 126
1756066351390 25.833248138427734 127
1756066351416 22.391281127929688 128
1756066351440 25.13883399963379 129
1756066351468 24.68701171875 130
1756066351495 25.100948333740234 131
1756066351523 26.445873260498047 132
1756066351551 25.39008331298828 133
1756066351579 28.335546493530273 134
1756066351607 22.002376556396484 135
1756066351632 22.31298828125 136
1756066351656 25.72472381591797 137
1756066351680 22.406450271606445 138
1756066351705 21.62068748474121 139
1756066351729 27.700016021728516 140
1756066351756 22.75696563720703 141
1756066351785 21.430604934692383 142
1756066351812 21.895700454711914 143
1756066351837 26.469051361083984 144
1756066351862 24.17146110534668 145
1756066351887 26.852867126464844 146
1756066351914 22.07248878479004 147
1756066351942 25.974498748779297 148
1756066351968 30.152225494384766 149
1756066351992 21.607397079467773 150
1756066352017 24.60841178894043 151
1756066352041 23.132862091064453 152
1756066352065 21.038799285888672 153
1756066352089 22.000179290771484 154
1756066352114 21.594161987304688 155
1756066352138 21.89341926574707 156
1756066352166 23.84834098815918 157
1756066352193 23.41325569152832 158
1756066352220 26.157217025756836 159
1756066352248 25.195009231567383 160
1756066352276 22.184999465942383 161
1756066352303 25.4107608795166 162
1756066352331 25.65365982055664 163
1756066352358 25.248638153076172 164
1756066352386 23.32533836364746 165
1756066352414 24.54551887512207 166
1756066352441 24.540782928466797 167
1756066352469 20.39010238647461 168
1756066352497 24.68953514099121 169
1756066352525 25.772207260131836 170
1756066352554 21.84610939025879 171
1756066352582 27.85025405883789 172
1756066352610 25.99822235107422 173
1756066352639 24.89418601989746 174
1756066352667 23.370214462280273 175
1756066352695 21.592554092407227 176
1756066352721 24.45320701599121 177
1756066352750 25.688846588134766 178
1756066352779 21.494861602783203 179
1756066352806 23.876455307006836 180
1756066352830 25.735363006591797 181
1756066352856 25.122608184814453 182
1756066352883 27.50823211669922 183
1756066352910 23.045812606811523 184
1756066352936 24.716089248657227 185
1756066352963 22.660593032836914 186
1756066352990 27.856786727905273 187
1756066353017 23.13463592529297 188
1756066353044 23.185054779052734 189
1756066353070 24.907947540283203 190
1756066353098 24.559083938598633 191
1756066353125 25.895977020263672 192
1756066353151 22.055782318115234 193
1756066353176 29.45292091369629 194
1756066353199 24.081092834472656 195
1756066353224 24.530176162719727 196
1756066353249 22.77043342590332 197
1756066353274 23.11858558654785 198
1756066353299 22.262271881103516 199
1756066353324 23.471920013427734 200
1756066353348 21.932369232177734 201
1756066353373 26.434200286865234 202
1756066353397 26.112430572509766 203
1756066353422 22.995128631591797 204
1756066353447 18.155298233032227 205
1756066353472 21.785823822021484 206
1756066353497 24.148874282836914 207
1756066353524 25.397626876831055 208
1756066353549 22.706756591796875 209
1756066353573 23.07166290283203 210
1756066353598 24.366029739379883 211
1756066353622 23.862871170043945 212
1756066353649 22.512222290039062 213
1756066353674 23.045907974243164 214
1756066353702 25.47701072692871 215
1756066353730 20.775074005126953 216
1756066353757 23.844219207763672 217
1756066353783 24.08864402770996 218
1756066353810 23.292537689208984 219
1756066353837 22.89790153503418 220
1756066353862 24.391582489013672 221
1756066353885 26.31777000427246 222
1756066353912 22.122608184814453 223
1756066353940 25.54811668395996 224
1756066353966 22.107913970947266 225
1756066353996 26.14110565185547 226
1756066354025 24.07792854309082 227
1756066354053 22.185043334960938 228
1756066354083 26.271831512451172 229
1756066354112 23.004512786865234 230
1756066354142 24.056961059570312 231
1756066354172 21.712480545043945 232
1756066354203 21.941898345947266 233
1756066354230 21.215322494506836 234
1756066354254 27.545717239379883 235
1756066354278 23.570240020751953 236
1756066354303 24.64573860168457 237
1756066354329 23.80605697631836 238
1756066354353 21.634288787841797 239
1756066354378 24.675907135009766 240
1756066354403 25.170856475830078 241
1756066354428 23.68134117126465 242
1756066354454 22.78982925415039 243
1756066354479 24.196598052978516 244
1756066354503 20.700511932373047 245
1756066354529 27.46152687072754 246
1756066354555 27.285709381103516 247
1756066354582 20.695749282836914 248
1756066354613 21.423782348632812 249
1756066354642 23.40021514892578 250
1756066354671 22.969318389892578 251
1756066354700 23.49150276184082 252
1756066354730 24.829185485839844 253
1756066354758 26.41807746887207 254
1756066354787 21.91571044921875 255
1756066354817 29.03127098083496 256
1756066354849 21.217456817626953 257
1756066354878 21.89595603942871 258
1756066354906 26.736148834228516 259
1756066354937 22.902070999145508 260
1756066354966 25.600807189941406 261
1756066354994 24.23428726196289 262
1756066355021 23.164278030395508 263
1756066355046 21.810302734375 264
1756066355070 25.30564308166504 265
1756066355097 25.233535766601562 266
1756066355121 26.869462966918945 267
1756066355146 21.989234924316406 268
1756066355173 23.469316482543945 269
1756066355199 26.6729679107666 270
1756066355225 26.713275909423828 271
1756066355252 21.082733154296875 272
1756066355279 25.744407653808594 273
1756066355306 23.549203872680664 274
1756066355333 23.48331642150879 275
1756066355359 26.779945373535156 276
1756066355386 22.220151901245117 277
1756066355413 26.511743545532227 278
1756066355439 26.593324661254883 279
1756066355463 25.75893783569336 280
1756066355487 25.843090057373047 281
1756066355511 23.029773712158203 282
1756066355539 22.560840606689453 283
1756066355564 22.572509765625 284
1756066355589 25.411808013916016 285
1756066355614 28.59087371826172 286
1756066355641 23.55549430847168 287
1756066355667 22.956554412841797 288
1756066355696 27.225648880004883 289
1756066355725 21.36088752746582 290
1756066355751 22.557558059692383 291
1756066355779 23.67595863342285 292
1756066355808 20.46970558166504 293
1756066355836 28.338306427001953 294
1756066355863 24.287193298339844 295
1756066355888 22.19711685180664 296
1756066355915 24.770580291748047 297
1756066355943 23.65456199645996 298
1756066355971 30.40738868713379 299
1756066364078 50.2404670715332 0
1756066364107 50.2369384765625 1
1756066364135 50.24106979370117 2
1756066364162 50.23408889770508 3
1756066364193 50.21549606323242 4
1756066364218 50.21647262573242 5
1756066364242 50.1905403137207 6
1756066364266 50.17470169067383 7
1756066364291 50.09942626953125 8
1756066364316 50.08604049682617 9
1756066364340 50.06473159790039 10
1756066364365 49.937923431396484 11
1756066364389 49.906768798828125 12
1756066364414 49.77163314819336 13
1756066364439 49.63573455810547 14
1756066364465 49.489925384521484 15
1756066364493 49.43305969238281 16
1756066364519 49.39289855957031 17
1756066364543 49.125328063964844 18
1756066364570 49.0729866027832 19
1756066364599 49.1577262878418 20
1756066364626 48.89070510864258 21
1756066364653 48.66657257080078 22
1756066364677 48.68966293334961 23
1756066364702 48.209632873535156 24
1756066364726 47.938236236572266 25
1756066364752 47.70503616333008 26
1756066364779 48.05858612060547 27
1756066364806 47.04771041870117 28
1756066364831 46.33908462524414 29
1756066364856 46.28418731689453 30
1756066364881 45.897037506103516 31
1756066364905 46.54835510253906 32
1756066364931 45.169525146484375 33
1756066364956 44.029930114746094 34
1756066364980 44.979618072509766 35
1756066365004 44.409141540527344 36
1756066365029 42.844356536865234 37
1756066365056 42.31507873535156 38
1756066365084 42.09146499633789 39
1756066365109 41.25067138671875 40
1756066365133 40.50932693481445 41
1756066365158 39.426841735839844 42
1756066365183 36.27589416503906 43
1756066365211 38.05439376831055 44
1756066365239 33.47760772705078 45
1756066365266 36.8619270324707 46
1756066365295 35.16777038574219 47
1756066365320 34.24065399169922 48
1756066365345 33.83834457397461 49
1756066365369 33.659385681152344 50
1756066365397 32.03832244873047 51
1756066365425 29.560470581054688 52
1756066365453 28.922019958496094 53
1756066365480 28.323936462402344 54
1756066365506 25.321393966674805 55
1756066365530 25.128902435302734 56
1756066365555 32.52564239501953 57
1756066365579 23.493457794189453 58
1756066365604 25.817049026489258 59
1756066365629 25.447113037109375 60
1756066365653 24.73931884765625 61
1756066365678 27.296295166015625 62
1756066365702 24.981534957885742 63
1756066365727 29.07183837890625 64
1756066365755 25.557710647583008 65
1756066365783 22.660327911376953 66
1756066365811 25.524852752685547 67
1756066365838 24.06407356262207 68
1756066365862 27.262155532836914 69
1756066365887 30.950923919677734 70
1756066365912 25.600610733032227 71
1756066365939 28.410083770751953 72
1756066365964 26.685239791870117 73
1756066365989 23.655553817749023 74
1756066366014 23.340991973876953 75
1756066366039 29.982973098754883 76
1756066366064 26.80887222290039 77
1756066366089 25.72611427307129 78
1756066366116 28.55643081665039 79
1756066366144 25.44102668762207 80
1756066366172 27.167360305786133 81
1756066366199 28.527931213378906 82
1756066366228 23.74163818359375 83
1756066366255 27.06949806213379 84
1756066366283 24.35597038269043 85
1756066366311 25.770755767822266 86
1756066366338 19.92450714111328 87
1756066366366 28.806964874267578 88
1756066366396 27.78312110900879 89
1756066366426 25.634441375732422 90
1756066366454 29.358924865722656 91
1756066366480 20.6229248046875 92
1756066366507 25.17814064025879 93
1756066366535 23.9173641204834 94
1756066366562 28.759075164794922 95
1756066366590 26.652769088745117 96
1756066366618 27.881202697753906 97
1756066366645 28.104320526123047 98
1756066366673 22.984485626220703 99
1756066366702 23.334117889404297 100
1756066366730 24.784793853759766 101
1756066366757 24.209646224975586 102
1756066366786 26.271175384521484 103
1756066366814 26.240083694458008 104
1756066366842 22.46674346923828 105
1756066366870 23.44960594177246 106
1756066366898 25.064353942871094 107
1756066366927 27.306373596191406 108
1756066366955 23.998249053955078 109
1756066366983 29.730180740356445 110
1756066367012 24.345373153686523 111
1756066367040 21.526885986328125 112
1756066367068 26.97034454345703 113
1756066367095 23.535486221313477 114
1756066367123 22.981218338012695 115
1756066367150 23.78207778930664 116
1756066367178 24.45753288269043 117
1756066367204 23.06604766845703 118
1756066367232 24.001590728759766 119
1756066367259 24.94139289855957 120
1756066367287 28.303653717041016 121
1756066367314 21.754005432128906 122
1756066367342 25.9591007232666 123
1756066367369 25.196903228759766 124
1756066367397 27.94729995727539 125
1756066367428 26.881175994873047 126
1756066367455 26.074466705322266 127
1756066367484 24.75556182861328 128
1756066367512 23.55696678161621 129
1756066367539 23.43910789489746 130
1756066367565 22.964752197265625 131
1756066367592 22.755029678344727 132
1756066367622 24.92401695251465 133
1756066367652 22.945384979248047 134
1756066367681 23.78851318359375 135
1756066367711 27.347843170166016 136
1756066367740 23.91395378112793 137
1756066367767 22.49556541442871 138
1756066367797 25.045150756835938 139
1756066367827 21.225929260253906 140
1756066367855 23.786218643188477 141
1756066367883 23.053693771362305 142
1756066367909 24.670812606811523 143
1756066367937 24.16069221496582 144
1756066367963 24.90131950378418 145
1756066367988 25.589078903198242 146
1756066368014 24.54444694519043 147
1756066368038 28.266672134399414 148
1756066368063 27.48396873474121 149
1756066368088 23.387727737426758 150
1756066368112 26.010482788085938 151
1756066368137 25.5156307220459 152
1756066368162 21.488801956176758 153
1756066368187 20.554410934448242 154
1756066368216 28.54327392578125 155
1756066368243 25.510774612426758 156
1756066368270 24.772663116455078 157
1756066368297 22.31781005859375 158
1756066368324 26.147274017333984 159
1756066368352 25.599557876586914 160
1756066368379 21.40272331237793 161
1756066368406 25.309938430786133 162
1756066368434 26.96832275390625 163
1756066368462 30.91786003112793 164
1756066368489 25.924602508544922 165
1756066368517 22.854068756103516 166
1756066368546 23.04228401184082 167
1756066368575 22.310232162475586 168
1756066368602 21.40193748474121 169
1756066368630 24.62854766845703 170
1756066368657 26.389436721801758 171
1756066368685 23.49654197692871 172
1756066368714 23.08460807800293 173
1756066368742 20.145009994506836 174
1756066368770 25.19199562072754 175
1756066368798 22.11189842224121 176
1756066368826 22.02318000793457 177
1756066368853 23.581857681274414 178
1756066368881 26.515714645385742 179
1756066368909 23.88316535949707 180
1756066368938 23.51901626586914 181
1756066368964 22.63926124572754 182
1756066368989 22.287668228149414 183
1756066369014 22.628589630126953 184
1756066369040 23.8670654296875 185
1756066369066 21.240663528442383 186
1756066369094 24.96248435974121 187
1756066369122 24.272743225097656 188
1756066369150 25.0017147064209 189
1756066369178 24.670421600341797 190
1756066369206 22.77289581298828 191
1756066369232 22.38287925720215 192
1756066369257 22.572355270385742 193
1756066369282 22.240135192871094 194
1756066369307 22.074501037597656 195
1756066369331 23.735097885131836 196
1756066369356 25.876331329345703 197
1756066369380 22.128856658935547 198
1756066369405 24.51434326171875 199
1756066369432 30.261829376220703 200
1756066369459 22.6076602935791 201
1756066369485 23.376853942871094 202
1756066369510 26.810169219970703 203
1756066369537 23.43231201171875 204
1756066369565 23.56622886657715 205
1756066369593 26.606996536254883 206
1756066369621 22.557228088378906 207
1756066369648 25.512014389038086 208
1756066369676 24.94132423400879 209
1756066369703 25.09636878967285 210
1756066369729 24.598148345947266 211
1756066369756 22.667551040649414 212
1756066369785 25.44906234741211 213
1756066369813 21.597349166870117 214
1756066369841 24.651159286499023 215
1756066369869 22.151098251342773 216
1756066369896 22.67289924621582 217
1756066369924 26.136255264282227 218
1756066369953 23.518117904663086 219
1756066369983 23.014362335205078 220
1756066370011 22.314464569091797 221
1756066370040 28.26231575012207 222
1756066370068 27.06756019592285 223
1756066370098 25.840795516967773 224
1756066370128 24.718435287475586 225
1756066370155 22.12474822998047 226
1756066370184 22.056777954101562 227
1756066370213 24.502384185791016 228
1756066370242 26.811758041381836 229
1756066370269 26.944808959960938 230
1756066370297 27.421409606933594 231
1756066370325 19.84762191772461 232
1756066370353 27.42363739013672 233
1756066370381 26.386180877685547 234
1756066370408 21.920761108398438 235
1756066370436 19.57810401916504 236
1756066370464 21.45574378967285 237
1756066370492 24.84612464904785 238
1756066370520 25.651832580566406 239
1756066370546 23.802934646606445 240
1756066370571 23.59075355529785 241
1756066370598 26.330692291259766 242
1756066370624 23.802949905395508 243
1756066370649 23.024768829345703 244
1756066370674 24.948625564575195 245
1756066370698 22.348966598510742 246
1756066370724 24.516450881958008 247
1756066370750 23.522701263427734 248
1756066370778 23.890457153320312 249
1756066370806 23.94426918029785 250
1756066370832 24.021699905395508 251
1756066370857 26.441648483276367 252
1756066370884 22.246736526489258 253
1756066370914 22.73772621154785 254
1756066370942 24.101444244384766 255
1756066370969 20.555294036865234 256
1756066370994 24.912677764892578 257
1756066371019 21.584590911865234 258
1756066371044 23.740707397460938 259
1756066371069 22.754785537719727 260
1756066371094 22.775909423828125 261
1756066371120 25.877666473388672 262
1756066371145 28.168338775634766 263
1756066371170 25.8142032623291 264
1756066371194 22.156831741333008 265
1756066371222 22.929906845092773 266
1756066371247 24.484474182128906 267
1756066371272 23.742774963378906 268
1756066371300 26.156095504760742 269
1756066371329 22.036203384399414 270
1756066371357 26.485340118408203 271
1756066371386 21.699052810668945 272
1756066371414 25.582958221435547 273
1756066371442 22.257841110229492 274
1756066371471 24.275028228759766 275
1756066371499 25.03436279296875 276
1756066371523 25.931352615356445 277
1756066371548 26.789350509643555 278
1756066371576 21.19715690612793 279
1756066371604 24.916370391845703 280
1756066371631 24.00638771057129 281
1756066371657 22.324251174926758 282
1756066371685 23.549779891967773 283
1756066371713 27.744407653808594 284
1756066371741 25.717416763305664 285
1756066371769 24.227922439575195 286
1756066371797 26.059528350830078 287
1756066371826 23.62150001525879 288
1756066371854 25.413040161132812 289
1756066371880 23.840911865234375 290
1756066371908 20.668582916259766 291
1756066371936 28.56214714050293 292
1756066371961 25.13164520263672 293
1756066371987 23.77100944519043 294
1756066372015 26.85333251953125 295
1756066372044 24.140975952148438 296
1756066372071 21.843780517578125 297
1756066372099 26.39934539794922 298
1756066372126 23.436613082885742 299
1756066380228 48.74724578857422 0
1756066380256 48.6335563659668 1
1756066380284 48.61229705810547 2
1756066380311 48.55250549316406 3
1756066380335 48.43046951293945 4
1756066380361 48.29225158691406 5
1756066380386 48.14921188354492 6
1756066380413 48.086700439453125 7
1756066380438 47.88997268676758 8
1756066380466 47.752723693847656 9
1756066380491 47.63630294799805 10
1756066380515 47.26195526123047 11
1756066380539 47.04843521118164 12
1756066380564 46.98413848876953 13
1756066380589 46.5852165222168 14
1756066380615 46.24232482910156 15
1756066380642 45.51837158203125 16
1756066380670 45.38999557495117 17
1756066380697 45.0329704284668 18
1756066380725 44.748416900634766 19
1756066380753 43.775943756103516 20
1756066380781 43.886749267578125 21
1756066380809 43.97036361694336 22
1756066380835 42.23088836669922 23
1756066380860 40.71849060058594 24
1756066380885 41.22991180419922 25
1756066380910 38.53144073486328 26
1756066380938 37.65067672729492 27
1756066380967 36.35002136230469 28
1756066380994 35.44562530517578 29
1756066381019 36.791526794433594 30
1756066381044 33.32888412475586 31
1756066381068 31.361177444458008 32
1756066381093 32.46441650390625 33
1756066381121 29.38826560974121 34
1756066381149 31.17642593383789 35
1756066381177 28.434492111206055 36
1756066381204 28.155107498168945 37
1756066381230 23.765193939208984 38
1756066381254 20.64234733581543 39
1756066381280 21.807775497436523 40
1756066381304 21.932926177978516 41
1756066381329 22.023725509643555 42
1756066381355 23.63767433166504 43
1756066381384 20.58467674255371 44
1756066381412 23.675073623657227 45
1756066381441 23.47277069091797 46
1756066381469 25.98577880859375 47
1756066381497 23.200002670288086 48
1756066381525 18.095306396484375 49
1756066381552 22.281314849853516 50
1756066381577 23.945804595947266 51
1756066381602 21.661487579345703 52
1756066381626 23.81368064880371 53
1756066381650 20.61137580871582 54
1756066381675 18.826993942260742 55
1756066381699 24.867313385009766 56
1756066381724 22.616802215576172 57
1756066381748 24.37540626525879 58
1756066381773 19.99336814880371 59
1756066381797 21.071197509765625 60
1756066381822 18.020122528076172 61
1756066381847 20.190032958984375 62
1756066381872 22.41684913635254 63
1756066381896 21.704261779785156 64
1756066381923 19.692323684692383 65
1756066381956 24.707977294921875 66
1756066381985 20.274986267089844 67
1756066382013 20.738887786865234 68
1756066382042 19.592304229736328 69
1756066382073 20.86568260192871 70
1756066382098 28.594717025756836 71
1756066382123 23.6162109375 72
1756066382150 17.983104705810547 73
1756066382179 20.837099075317383 74
1756066382209 19.106430053710938 75
1756066382237 24.59676170349121 76
1756066382265 23.691566467285156 77
1756066382294 20.568437576293945 78
1756066382323 23.17746925354004 79
1756066382351 23.46345329284668 80
1756066382380 21.361080169677734 81
1756066382409 20.749958038330078 82
1756066382435 24.00380516052246 83
1756066382460 21.654693603515625 84
1756066382485 21.20680809020996 85
1756066382510 25.91024398803711 86
1756066382535 23.795129776000977 87
1756066382561 18.402694702148438 88
1756066382586 24.88842010498047 89
1756066382611 20.483463287353516 90
1756066382636 23.424602508544922 91
1756066382662 20.097427368164062 92
1756066382687 22.222232818603516 93
1756066382715 19.616241455078125 94
1756066382743 24.132652282714844 95
1756066382769 25.266029357910156 96
1756066382794 21.73028564453125 97
1756066382819 24.469993591308594 98
1756066382847 22.194299697875977 99
1756066382874 17.239233016967773 100
1756066382900 25.97664451599121 101
1756066382924 25.360239028930664 102
1756066382950 22.360319137573242 103
1756066382977 20.905458450317383 104
1756066383005 23.447385787963867 105
1756066383032 18.83522605895996 106
1756066383060 22.604013442993164 107
1756066383087 22.92559051513672 108
1756066383113 21.08360481262207 109
1756066383140 25.085371017456055 110
1756066383168 18.259580612182617 111
1756066383194 25.046934127807617 112
1756066383222 24.74065399169922 113
1756066383249 21.13812828063965 114
1756066383276 23.151214599609375 115
1756066383304 22.592632293701172 116
1756066383328 17.775407791137695 117
1756066383353 19.16813087463379 118
1756066383377 22.858800888061523 119
1756066383403 19.32261085510254 120
1756066383429 19.084325790405273 121
1756066383455 23.81329345703125 122
1756066383480 21.258081436157227 123
1756066383506 21.320911407470703 124
1756066383531 22.73894500732422 125
1756066383558 22.931419372558594 126
1756066383585 21.53905487060547 127
1756066383611 22.517086029052734 128
1756066383637 25.896514892578125 129
1756066383662 25.72626495361328 130
1756066383687 24.37303924560547 131
1756066383712 20.49437141418457 132
1756066383739 17.245590209960938 133
1756066383765 22.94881248474121 134
1756066383790 21.983720779418945 135
1756066383816 24.53541374206543 136
1756066383841 20.16775894165039 137
1756066383866 19.39154815673828 138
1756066383893 22.41672706604004 139
1756066383918 22.718900680541992 140
1756066383946 24.953533172607422 141
1756066383972 22.131715774536133 142
1756066383999 20.49748420715332 143
1756066384026 24.36948013305664 144
1756066384053 19.704286575317383 145
1756066384080 21.824743270874023 146
1756066384107 23.924907684326172 147
1756066384135 19.374691009521484 148
1756066384162 21.963817596435547 149
1756066384189 24.265823364257812 150
1756066384217 16.919015884399414 151
1756066384245 23.245454788208008 152
1756066384273 25.816043853759766 153
1756066384300 20.784250259399414 154
1756066384328 19.785764694213867 155
1756066384357 20.3912296295166 156
1756066384386 21.03573226928711 157
1756066384414 21.477739334106445 158
1756066384443 20.19035530090332 159
1756066384471 22.085718154907227 160
1756066384500 18.389150619506836 161
1756066384526 23.630516052246094 162
1756066384551 21.0493221282959 163
1756066384576 22.481422424316406 164
1756066384601 21.707080841064453 165
1756066384626 21.434106826782227 166
1756066384653 22.411033630371094 167
1756066384680 22.098352432250977 168
1756066384707 23.673900604248047 169
1756066384732 22.98604393005371 170
1756066384758 17.705772399902344 171
1756066384786 19.513248443603516 172
1756066384813 23.10993194580078 173
1756066384839 22.412281036376953 174
1756066384866 19.60401725769043 175
1756066384893 21.654071807861328 176
1756066384919 21.464746475219727 177
1756066384946 25.711172103881836 178
1756066384975 24.013450622558594 179
1756066385002 20.262611389160156 180
1756066385030 18.45229148864746 181
1756066385057 22.415660858154297 182
1756066385082 25.477901458740234 183
1756066385106 21.956470489501953 184
1756066385130 25.758913040161133 185
1756066385155 21.052339553833008 186
1756066385181 19.89751434326172 187
1756066385208 23.84287452697754 188
1756066385235 22.37578010559082 189
1756066385262 24.5712947845459 190
1756066385287 18.365497589111328 191
1756066385312 20.368017196655273 192
1756066385336 24.63987922668457 193
1756066385361 22.367176055908203 194
1756066385385 23.686979293823242 195
1756066385409 24.212007522583008 196
1756066385437 21.147796630859375 197
1756066385464 19.73647689819336 198
1756066385491 17.404951095581055 199
1756066385521 23.27652931213379 200
1756066385549 18.846288681030273 201
1756066385574 23.11787986755371 202
1756066385599 20.634246826171875 203
1756066385625 20.585954666137695 204
1756066385651 19.174409866333008 205
1756066385678 21.880908966064453 206
1756066385707 19.850248336791992 207
1756066385737 22.335689544677734 208
1756066385765 22.624422073364258 209
1756066385792 21.78904151916504 210
1756066385819 22.956464767456055 211
1756066385847 22.493959426879883 212
1756066385875 22.08710289001465 213
1756066385900 20.886266708374023 214
1756066385925 20.869869232177734 215
1756066385953 21.323339462280273 216
1756066385981 20.910003662109375 217
1756066386009 20.663881301879883 218
1756066386036 22.408273696899414 219
1756066386063 23.003482818603516 220
1756066386091 19.74772834777832 221
1756066386119 19.816741943359375 222
1756066386147 20.87226676940918 223
1756066386173 21.30125617980957 224
1756066386200 21.114341735839844 225
1756066386225 24.130102157592773 226
1756066386250 21.069427490234375 227
1756066386275 21.71166229248047 228
1756066386301 19.958131790161133 229
1756066386326 23.2679500579834 230
1756066386352 22.679080963134766 231
1756066386376 20.104827880859375 232
1756066386401 22.226722717285156 233
1756066386426 23.255657196044922 234
1756066386453 22.918880462646484 235
1756066386480 20.82086753845215 236
1756066386505 21.609119415283203 237
1756066386529 23.004234313964844 238
1756066386557 19.161338806152344 239
1756066386585 22.867570877075195 240
1756066386613 22.436086654663086 241
1756066386641 21.396883010864258 242
1756066386666 22.476072311401367 243
1756066386691 23.611299514770508 244
1756066386719 20.734100341796875 245
1756066386744 20.064516067504883 246
1756066386773 22.814624786376953 247
1756066386801 25.127227783203125 248
1756066386828 24.17975425720215 249
1756066386853 22.51502227783203 250
1756066386878 19.96039581298828 251
1756066386903 17.002647399902344 252
1756066386929 23.54442596435547 253
1756066386957 20.25947380065918 254
1756066386985 19.824840545654297 255
1756066387010 22.66861343383789 256
1756066387035 17.734010696411133 257
1756066387060 23.10892677307129 258
1756066387085 23.03759765625 259
1756066387113 19.184282302856445 260
1756066387141 22.512935638427734 261
1756066387167 24.190757751464844 262
1756066387192 24.107568740844727 263
1756066387217 21.931427001953125 264
1756066387243 22.60623550415039 265
1756066387268 20.178783416748047 266
1756066387293 20.894134521484375 267
1756066387321 21.674074172973633 268
1756066387349 23.041057586669922 269
1756066387379 20.30629539489746 270
1756066387406 19.85928726196289 271
1756066387436 21.51045036315918 272
1756066387466 19.320484161376953 273
1756066387496 17.941221237182617 274
1756066387525 25.70807456970215 275
1756066387553 23.152633666992188 276
1756066387582 16.825389862060547 277
1756066387610 22.313316345214844 278
1756066387637 24.988544464111328 279
1756066387665 21.55472755432129 280
1756066387693 27.272363662719727 281
1756066387721 22.91383171081543 282
1756066387749 21.925640106201172 283
1756066387775 19.45128631591797 284
1756066387801 19.427587509155273 285
1756066387825 21.712717056274414 286
1756066387851 20.094329833984375 287
1756066387875 22.054506301879883 288
1756066387901 21.92697525024414 289
1756066387925 25.082630157470703 290
1756066387953 19.642518997192383 291
1756066387982 22.642436981201172 292
1756066388009 19.560701370239258 293
1756066388038 20.65479850769043 294
1756066388063 24.933988571166992 295
1756066388088 21.874893188476562 296
1756066388113 20.360462188720703 297
1756066388138 23.158952713012695 298
1756066388162 24.485851287841797 299
1756066396305 50.079898834228516 0
1756066396337 49.922420501708984 1
1756066396368 49.67682647705078 2
1756066396401 49.397518157958984 3
1756066396433 49.166709899902344 4
1756066396465 48.722713470458984 5
1756066396497 48.56769561767578 6
1756066396528 48.258846282958984 7
1756066396560 47.80716323852539 8
1756066396591 47.24557113647461 9
1756066396622 46.3232421875 10
1756066396654 46.25582504272461 11
1756066396685 45.32131576538086 12
1756066396713 43.28057861328125 13
1756066396742 44.20696258544922 14
1756066396771 42.50057601928711 15
1756066396801 42.13975524902344 16
1756066396830 39.5467529296875 17
1756066396859 37.19618606567383 18
1756066396890 36.678062438964844 19
1756066396923 29.336593627929688 20
1756066396956 32.130653381347656 21
1756066396988 29.31886100769043 22
1756066397018 27.974346160888672 23
1756066397047 26.30970001220703 24
1756066397075 31.63243865966797 25
1756066397105 29.007184982299805 26
1756066397134 30.000886917114258 27
1756066397166 30.44927978515625 28
1756066397199 27.100006103515625 29
1756066397229 28.589923858642578 30
1756066397258 30.022869110107422 31
1756066397287 28.03474998474121 32
1756066397319 23.612579345703125 33
1756066397351 30.457735061645508 34
1756066397384 22.97574234008789 35
1756066397418 29.749401092529297 36
1756066397450 28.931522369384766 37
1756066397483 30.815568923950195 38
1756066397516 29.732330322265625 39
1756066397548 29.83777618408203 40
1756066397579 26.671945571899414 41
1756066397608 26.541013717651367 42
1756066397640 25.041362762451172 43
1756066397673 27.346527099609375 44
1756066397705 26.962852478027344 45
1756066397735 23.985143661499023 46
1756066397764 26.758764266967773 47
1756066397795 28.244548797607422 48
1756066397826 27.204504013061523 49
1756066397855 25.816017150878906 50
1756066397884 28.943004608154297 51
1756066397913 26.671846389770508 52
1756066397942 29.9682674407959 53
1756066397973 26.587305068969727 54
1756066398007 26.558645248413086 55
1756066398039 23.957109451293945 56
1756066398073 24.30638313293457 57
1756066398102 30.091577529907227 58
1756066398131 26.45527458190918 59
1756066398163 33.095455169677734 60
1756066398195 28.48468589782715 61
1756066398228 29.366823196411133 62
1756066398261 24.746694564819336 63
1756066398295 27.707691192626953 64
1756066398330 25.633665084838867 65
1756066398359 28.915298461914062 66
1756066398388 26.571086883544922 67
1756066398417 29.44687843322754 68
1756066398448 28.851078033447266 69
1756066398476 26.405231475830078 70
1756066398505 22.318702697753906 71
1756066398534 27.45045280456543 72
1756066398563 27.858976364135742 73
1756066398592 24.280702590942383 74
1756066398622 28.896326065063477 75
1756066398651 27.800992965698242 76
1756066398679 27.012042999267578 77
1756066398708 24.491474151611328 78
1756066398736 23.946802139282227 79
1756066398765 26.164302825927734 80
1756066398794 26.703540802001953 81
1756066398823 27.869365692138672 82
1756066398852 25.883142471313477 83
1756066398880 31.469064712524414 84
1756066398909 23.182052612304688 85
1756066398939 25.992347717285156 86
1756066398971 27.848915100097656 87
1756066399000 24.826852798461914 88
1756066399030 23.28299331665039 89
1756066399058 24.07253646850586 90
1756066399087 26.83043670654297 91
1756066399116 25.547855377197266 92
1756066399145 24.48687744140625 93
1756066399174 28.53030776977539 94
1756066399204 26.59859848022461 95
1756066399233 25.78502082824707 96
1756066399261 25.438270568847656 97
1756066399291 27.37249183654785 98
1756066399320 32.704463958740234 99
1756066399349 24.714336395263672 100
1756066399378 27.587173461914062 101
1756066399408 27.97519302368164 102
1756066399437 27.511526107788086 103
1756066399466 30.544462203979492 104
1756066399495 28.130281448364258 105
1756066399524 23.320499420166016 106
1756066399554 26.52011489868164 107
1756066399583 29.21446990966797 108
1756066399615 28.63837432861328 109
1756066399648 25.92481803894043 110
1756066399678 27.690988540649414 111
1756066399707 22.309614181518555 112
1756066399737 24.22486686706543 113
1756066399768 28.71641731262207 114
1756066399797 24.873136520385742 115
1756066399827 24.466901779174805 116
1756066399856 26.44661521911621 117
1756066399888 26.728984832763672 118
1756066399920 25.131595611572266 119
1756066399950 27.801685333251953 120
1756066399978 26.157346725463867 121
1756066400007 25.91979217529297 122
1756066400035 25.611865997314453 123
1756066400063 33.91462326049805 124
1756066400093 24.754541397094727 125
1756066400122 26.114776611328125 126
1756066400155 28.386459350585938 127
1756066400188 25.891550064086914 128
1756066400220 21.781856536865234 129
1756066400249 22.33070945739746 130
1756066400277 27.29903793334961 131
1756066400306 26.647768020629883 132
1756066400335 28.431026458740234 133
1756066400365 23.291507720947266 134
1756066400395 24.676742553710938 135
1756066400425 21.664085388183594 136
1756066400455 26.377073287963867 137
1756066400484 28.030216217041016 138
1756066400512 27.952281951904297 139
1756066400542 26.159587860107422 140
1756066400570 28.770872116088867 141
1756066400599 28.94212532043457 142
1756066400629 28.389774322509766 143
1756066400658 21.418140411376953 144
1756066400687 28.09358787536621 145
1756066400716 20.774431228637695 146
1756066400745 27.050134658813477 147
1756066400777 29.015310287475586 148
1756066400809 25.87872886657715 149
1756066400843 26.728492736816406 150
1756066400873 27.877370834350586 151
1756066400902 24.646638870239258 152
1756066400931 25.020225524902344 153
1756066400960 24.035160064697266 154
1756066400993 27.25777816772461 155
1756066401023 25.8626766204834 156
1756066401052 26.429567337036133 157
1756066401081 26.72007942199707 158
1756066401110 27.667987823486328 159
1756066401142 29.995834350585938 160
1756066401176 25.983423233032227 161
1756066401208 28.900596618652344 162
1756066401241 27.99159049987793 163
1756066401273 27.413089752197266 164
1756066401305 26.774883270263672 165
1756066401338 25.919729232788086 166
1756066401370 27.683082580566406 167
1756066401401 23.485647201538086 168
1756066401433 26.080524444580078 169
1756066401468 26.091562271118164 170
1756066401498 24.749374389648438 171
1756066401527 28.07119369506836 172
1756066401555 27.158950805664062 173
1756066401584 26.389068603515625 174
1756066401615 27.740005493164062 175
1756066401644 26.19521713256836 176
1756066401673 24.521705627441406 177
1756066401703 27.727663040161133 178
1756066401732 25.066017150878906 179
1756066401761 28.031953811645508 180
1756066401790 28.90692138671875 181
1756066401820 25.252283096313477 182
1756066401851 25.6723690032959 183
1756066401881 29.52382469177246 184
1756066401911 26.394756317138672 185
1756066401940 26.74466323852539 186
1756066401969 26.935144424438477 187
1756066401999 28.126310348510742 188
1756066402031 26.832155227661133 189
1756066402060 24.953889846801758 190
1756066402089 26.986892700195312 191
1756066402118 27.6027889251709 192
1756066402147 24.91253089904785 193
1756066402177 26.072528839111328 194
1756066402211 24.554697036743164 195
1756066402243 25.804292678833008 196
1756066402272 29.9863338470459 197
1756066402300 25.099929809570312 198
1756066402329 26.316646575927734 199
1756066402358 30.41293716430664 200
1756066402387 26.85733985900879 201
1756066402417 26.2628173828125 202
1756066402446 22.223533630371094 203
1756066402475 25.302833557128906 204
1756066402504 26.251001358032227 205
1756066402533 24.51019287109375 206
1756066402562 26.65628433227539 207
1756066402591 29.309804916381836 208
1756066402619 28.526443481445312 209
1756066402648 28.55653190612793 210
1756066402678 26.225099563598633 211
1756066402709 24.70892333984375 212
1756066402740 30.21983528137207 213
1756066402770 23.697769165039062 214
1756066402800 23.954774856567383 215
1756066402829 26.381189346313477 216
1756066402858 23.7269287109375 217
1756066402888 28.223480224609375 218
1756066402917 28.764419555664062 219
1756066402946 27.37494659423828 220
1756066402975 23.27423858642578 221
1756066403004 25.733787536621094 222
1756066403033 26.89190673828125 223
1756066403062 24.214431762695312 224
1756066403093 23.097028732299805 225
1756066403126 25.62807273864746 226
1756066403159 21.565921783447266 227
1756066403192 31.005571365356445 228
1756066403225 27.034931182861328 229
1756066403258 22.92624282836914 230
1756066403291 26.500896453857422 231
1756066403323 25.704875946044922 232
1756066403357 27.349206924438477 233
1756066403387 28.82091522216797 234
1756066403418 29.334701538085938 235
1756066403448 24.173917770385742 236
1756066403478 25.442611694335938 237
1756066403507 30.519468307495117 238
1756066403538 26.588871002197266 239
1756066403567 29.370960235595703 240
1756066403595 26.509387969970703 241
1756066403625 27.933191299438477 242
1756066403654 27.618236541748047 243
1756066403683 29.019084930419922 244
1756066403711 25.886043548583984 245
1756066403740 24.692996978759766 246
1756066403769 30.790910720825195 247
1756066403797 26.44976806640625 248
1756066403826 29.893672943115234 249
1756066403855 28.42450714111328 250
1756066403886 24.715002059936523 251
1756066403920 32.157772064208984 252
1756066403953 25.64832305908203 253
1756066403987 27.132535934448242 254
1756066404021 25.71011734008789 255
1756066404054 28.512165069580078 256
1756066404087 22.340742111206055 257
1756066404122 23.105566024780273 258
1756066404155 22.60900115966797 259
1756066404188 24.718170166015625 260
1756066404218 29.554889678955078 261
1756066404247 27.876176834106445 262
1756066404275 26.654020309448242 263
1756066404304 24.498554229736328 264
1756066404332 27.529369354248047 265
1756066404361 25.486183166503906 266
1756066404390 26.30387306213379 267
1756066404419 28.008018493652344 268
1756066404452 22.71622657775879 269
1756066404482 21.815689086914062 270
1756066404511 27.82094383239746 271
1756066404543 24.509809494018555 272
1756066404572 24.980745315551758 273
1756066404602 28.009305953979492 274
1756066404632 25.302656173706055 275
1756066404662 25.992252349853516 276
1756066404691 26.72294807434082 277
1756066404720 23.206707000732422 278
1756066404749 25.8813419342041 279
1756066404778 23.040637969970703 280
1756066404807 29.391725540161133 281
1756066404836 24.325136184692383 282
1756066404868 27.203699111938477 283
1756066404900 26.133909225463867 284
1756066404931 28.918012619018555 285
1756066404961 27.800647735595703 286
1756066404990 27.763338088989258 287
1756066405019 25.076936721801758 288
1756066405048 26.733556747436523 289
1756066405077 27.04737663269043 290
1756066405106 25.482257843017578 291
1756066405134 27.326740264892578 292
1756066405163 26.384761810302734 293
1756066405193 26.12705421447754 294
1756066405222 26.068740844726562 295
1756066405252 27.167293548583984 296
1756066405281 21.508617401123047 297
1756066405310 27.577547073364258 298
1756066405338 25.33265495300293 299
1756066413465 48.66585922241211 0
1756066413497 48.58740997314453 1
1756066413527 48.40401077270508 2
1756066413560 48.21999740600586 3
1756066413595 47.85926818847656 4
1756066413629 47.54139709472656 5
1756066413661 47.09423828125 6
1756066413694 46.81414031982422 7
1756066413727 46.73979187011719 8
1756066413759 46.24062728881836 9
1756066413792 45.69734191894531 10
1756066413826 45.32929611206055 11
1756066413861 44.84037399291992 12
1756066413894 43.527713775634766 13
1756066413926 43.88703155517578 14
1756066413961 43.77378845214844 15
1756066413994 43.25503158569336 16
1756066414027 41.26683044433594 17
1756066414060 40.46497344970703 18
1756066414095 39.15641784667969 19
1756066414129 37.13663101196289 20
1756066414163 33.71092987060547 21
1756066414197 36.16814422607422 22
1756066414231 31.20713996887207 23
1756066414264 32.501869201660156 24
1756066414293 30.53009796142578 25
1756066414322 32.774539947509766 26
1756066414351 29.12120246887207 27
1756066414380 28.43149757385254 28
1756066414408 28.22900390625 29
1756066414440 26.535640716552734 30
1756066414471 29.008182525634766 31
1756066414499 32.60633087158203 32
1756066414528 31.5297908782959 33
1756066414556 26.5484619140625 34
1756066414586 29.588525772094727 35
1756066414614 29.049360275268555 36
1756066414643 26.229629516601562 37
1756066414671 28.855884552001953 38
1756066414702 28.87417984008789 39
1756066414735 28.3953857421875 40
1756066414769 25.240713119506836 41
1756066414802 25.728662490844727 42
1756066414836 27.9345703125 43
1756066414869 28.5618896484375 44
1756066414897 26.904037475585938 45
1756066414928 29.248315811157227 46
1756066414958 28.88395118713379 47
1756066414986 29.497650146484375 48
1756066415014 28.32533073425293 49
1756066415042 27.30978012084961 50
1756066415070 31.14656639099121 51
1756066415098 28.614110946655273 52
1756066415127 29.670072555541992 53
1756066415160 30.11442756652832 54
1756066415195 30.208032608032227 55
1756066415229 25.042089462280273 56
1756066415261 29.562313079833984 57
1756066415293 31.38546371459961 58
1756066415324 25.57372283935547 59
1756066415353 28.258617401123047 60
1756066415381 27.251502990722656 61
1756066415409 27.556026458740234 62
1756066415438 31.917728424072266 63
1756066415467 28.764970779418945 64
1756066415495 30.91713523864746 65
1756066415524 30.9720458984375 66
1756066415553 29.557876586914062 67
1756066415582 26.665218353271484 68
1756066415609 29.711219787597656 69
1756066415638 28.107460021972656 70
1756066415667 28.030033111572266 71
1756066415696 31.2082576751709 72
1756066415724 26.42955207824707 73
1756066415752 28.11290168762207 74
1756066415782 32.072574615478516 75
1756066415814 30.967021942138672 76
1756066415847 29.70686149597168 77
1756066415880 30.588266372680664 78
1756066415912 27.337182998657227 79
1756066415944 30.51766586303711 80
1756066415977 28.730356216430664 81
1756066416009 27.278377532958984 82
1756066416042 27.515274047851562 83
1756066416075 28.071025848388672 84
1756066416107 25.767871856689453 85
1756066416141 30.28323745727539 86
1756066416174 29.935155868530273 87
1756066416207 30.551586151123047 88
1756066416241 30.139204025268555 89
1756066416275 28.929302215576172 90
1756066416308 27.821430206298828 91
1756066416342 25.433155059814453 92
1756066416375 25.082843780517578 93
1756066416409 28.259517669677734 94
1756066416441 28.746122360229492 95
1756066416474 24.7392578125 96
1756066416507 26.41545867919922 97
1756066416541 25.572572708129883 98
1756066416575 25.54447364807129 99
1756066416603 24.73379135131836 100
1756066416632 27.859975814819336 101
1756066416665 27.12736701965332 102
1756066416694 27.70774269104004 103
1756066416725 22.977014541625977 104
1756066416753 30.431846618652344 105
1756066416782 26.892208099365234 106
1756066416815 27.981266021728516 107
1756066416845 24.52291488647461 108
1756066416876 27.31925392150879 109
1756066416909 29.304838180541992 110
1756066416938 26.907123565673828 111
1756066416971 25.91649055480957 112
1756066417003 24.962223052978516 113
1756066417037 28.3590030670166 114
1756066417071 28.67658805847168 115
1756066417104 24.959800720214844 116
1756066417136 24.990795135498047 117
1756066417167 27.00179672241211 118
1756066417196 27.6717586517334 119
1756066417224 24.751188278198242 120
1756066417253 27.1066951751709 121
1756066417282 28.313583374023438 122
1756066417311 24.957860946655273 123
1756066417340 27.46931266784668 124
1756066417372 27.039316177368164 125
1756066417403 26.361221313476562 126
1756066417432 26.039682388305664 127
1756066417460 26.64931297302246 128
1756066417489 23.42386817932129 129
1756066417518 28.648860931396484 130
1756066417547 24.674495697021484 131
1756066417576 26.317901611328125 132
1756066417605 25.325239181518555 133
1756066417634 26.270160675048828 134
1756066417663 25.624330520629883 135
1756066417697 26.020320892333984 136
1756066417729 28.524688720703125 137
1756066417758 27.46379280090332 138
1756066417787 24.343313217163086 139
1756066417816 25.58673858642578 140
1756066417846 26.794742584228516 141
1756066417875 26.508792877197266 142
1756066417908 30.123863220214844 143
1756066417937 27.125835418701172 144
1756066417965 27.289522171020508 145
1756066417994 25.627281188964844 146
1756066418023 25.26675796508789 147
1756066418052 30.031465530395508 148
1756066418081 29.34489631652832 149
1756066418110 24.090301513671875 150
1756066418140 24.291400909423828 151
1756066418169 26.843013763427734 152
1756066418198 24.412738800048828 153
1756066418227 26.132076263427734 154
1756066418256 24.910673141479492 155
1756066418285 29.1579647064209 156
1756066418314 24.20025062561035 157
1756066418343 24.271240234375 158
1756066418373 28.034282684326172 159
1756066418402 24.073373794555664 160
1756066418431 26.021509170532227 161
1756066418461 29.12314796447754 162
1756066418490 27.17799949645996 163
1756066418519 26.76912498474121 164
1756066418548 26.205350875854492 165
1756066418578 25.21541976928711 166
1756066418607 24.18570327758789 167
1756066418637 29.28778839111328 168
1756066418672 24.4267520904541 169
1756066418708 26.38020896911621 170
1756066418744 29.98924446105957 171
1756066418776 26.360477447509766 172
1756066418809 22.595428466796875 173
1756066418842 26.613319396972656 174
1756066418872 25.674850463867188 175
1756066418903 24.415843963623047 176
1756066418933 23.692358016967773 177
1756066418962 27.290599822998047 178
1756066418992 23.264114379882812 179
1756066419022 26.498687744140625 180
1756066419056 28.377504348754883 181
1756066419092 27.781192779541016 182
1756066419128 26.878374099731445 183
1756066419159 21.238353729248047 184
1756066419189 27.842266082763672 185
1756066419219 24.77109718322754 186
1756066419249 28.404972076416016 187
1756066419279 27.08199119567871 188
1756066419309 24.480918884277344 189
1756066419339 22.90443992614746 190
1756066419369 26.35312843322754 191
1756066419399 31.768325805664062 192
1756066419429 27.22900390625 193
1756066419459 25.10484504699707 194
1756066419488 25.361419677734375 195
1756066419518 29.24393653869629 196
1756066419547 23.39042854309082 197
1756066419577 25.79007911682129 198
1756066419607 26.375926971435547 199
1756066419637 27.19011116027832 200
1756066419668 27.508636474609375 201
1756066419698 25.33062171936035 202
1756066419728 28.22347640991211 203
1756066419758 25.205141067504883 204
1756066419789 26.430049896240234 205
1756066419819 25.72182273864746 206
1756066419849 28.022798538208008 207
1756066419879 30.166601181030273 208
1756066419910 28.654497146606445 209
1756066419940 26.664018630981445 210
1756066419970 23.62333869934082 211
1756066420002 26.282304763793945 212
1756066420034 29.034292221069336 213
1756066420066 27.966033935546875 214
1756066420098 27.267061233520508 215
1756066420130 24.49845314025879 216
1756066420163 27.6191463470459 217
1756066420194 26.20115089416504 218
1756066420223 24.36024284362793 219
1756066420253 25.111019134521484 220
1756066420286 25.153430938720703 221
1756066420318 25.445846557617188 222
1756066420352 24.937416076660156 223
1756066420386 21.451541900634766 224
1756066420420 22.17643928527832 225
1756066420453 28.960405349731445 226
1756066420486 26.936132431030273 227
1756066420519 20.909881591796875 228
1756066420551 24.9636287689209 229
1756066420584 26.859912872314453 230
1756066420616 27.37114143371582 231
1756066420649 26.52092742919922 232
1756066420681 27.38783836364746 233
1756066420714 24.061931610107422 234
1756066420746 27.100332260131836 235
1756066420779 22.558002471923828 236
1756066420812 24.274629592895508 237
1756066420845 27.049116134643555 238
1756066420876 26.01494026184082 239
1756066420905 27.511381149291992 240
1756066420934 24.95124626159668 241
1756066420966 27.241249084472656 242
1756066420994 24.759023666381836 243
1756066421023 24.20407485961914 244
1756066421051 26.224292755126953 245
1756066421080 24.172290802001953 246
1756066421109 23.654150009155273 247
1756066421137 26.861600875854492 248
1756066421167 26.457725524902344 249
1756066421200 25.823701858520508 250
1756066421233 25.796056747436523 251
1756066421265 23.856142044067383 252
1756066421297 26.14090919494629 253
1756066421330 29.81903839111328 254
1756066421365 25.50017547607422 255
1756066421400 24.122657775878906 256
1756066421435 23.838125228881836 257
1756066421468 24.560020446777344 258
1756066421498 27.11408805847168 259
1756066421527 23.3863525390625 260
1756066421559 27.0236759185791 261
1756066421592 23.459901809692383 262
1756066421624 25.813949584960938 263
1756066421655 28.043319702148438 264
1756066421687 26.484731674194336 265
1756066421716 27.68075180053711 266
1756066421746 24.067346572875977 267
1756066421776 27.153038024902344 268
1756066421806 27.985301971435547 269
1756066421838 27.6795654296875 270
1756066421872 27.80014991760254 271
1756066421904 24.312728881835938 272
1756066421937 27.71923828125 273
1756066421970 24.15610694885254 274
1756066422003 25.67184066772461 275
1756066422034 25.20890235900879 276
1756066422063 24.9164981842041 277
1756066422092 23.676549911499023 278
1756066422121 23.483640670776367 279
1756066422151 24.92257308959961 280
1756066422180 27.94831085205078 281
1756066422209 27.14124870300293 282
1756066422239 25.90860939025879 283
1756066422268 24.409496307373047 284
1756066422301 24.99944496154785 285
1756066422334 26.631786346435547 286
1756066422366 22.439090728759766 287
1756066422398 26.40675163269043 288
1756066422428 27.920942306518555 289
1756066422457 23.92830467224121 290
1756066422486 26.299007415771484 291
1756066422515 26.94084358215332 292
1756066422544 27.084203720092773 293
1756066422573 26.836381912231445 294
1756066422602 27.022796630859375 295
1756066422631 23.81757926940918 296
1756066422660 29.700220108032227 297
1756066422690 25.89264678955078 298
1756066422719 25.169641494750977 299
1756066430812 50.18703842163086 0
1756066430848 50.07084655761719 1
1756066430882 49.90536117553711 2
1756066430916 49.68004608154297 3
1756066430946 49.404258728027344 4
1756066430978 49.35765075683594 5
1756066431010 48.70271301269531 6
1756066431042 48.73573303222656 7
1756066431073 48.43470764160156 8
1756066431105 48.18961715698242 9
1756066431137 48.19843673706055 10
1756066431168 47.56005859375 11
1756066431199 47.232967376708984 12
1756066431231 46.93709182739258 13
1756066431262 45.197509765625 14
1756066431293 45.28070068359375 15
1756066431325 43.39318084716797 16
1756066431358 43.38439178466797 17
1756066431390 40.926979064941406 18
1756066431421 41.02558898925781 19
1756066431453 39.900718688964844 20
1756066431485 40.24422836303711 21
1756066431516 36.360103607177734 22
1756066431547 36.50177001953125 23
1756066431578 31.108619689941406 24
1756066431610 32.48344039916992 25
1756066431640 30.99695587158203 26
1756066431667 31.406618118286133 27
1756066431698 27.26095199584961 28
1756066431730 27.469831466674805 29
1756066431762 31.298091888427734 30
1756066431794 28.985553741455078 31
1756066431826 29.942527770996094 32
1756066431858 27.101755142211914 33
1756066431888 27.031234741210938 34
1756066431920 31.267702102661133 35
1756066431953 28.866374969482422 36
1756066431986 28.422746658325195 37
1756066432018 31.42633056640625 38
1756066432050 24.192405700683594 39
1756066432082 30.461769104003906 40
1756066432114 27.57804298400879 41
1756066432142 29.016157150268555 42
1756066432171 27.797914505004883 43
1756066432204 26.633493423461914 44
1756066432235 30.124168395996094 45
1756066432266 24.667558670043945 46
1756066432298 25.18126678466797 47
1756066432330 26.012836456298828 48
1756066432362 28.220012664794922 49
1756066432394 26.211862564086914 50
1756066432427 28.037527084350586 51
1756066432458 24.994606018066406 52
1756066432493 31.51266098022461 53
1756066432528 28.139671325683594 54
1756066432563 26.845914840698242 55
1756066432597 27.396005630493164 56
1756066432632 31.074520111083984 57
1756066432663 27.92530632019043 58
1756066432691 28.378677368164062 59
1756066432719 25.623369216918945 60
1756066432747 25.66954231262207 61
1756066432776 27.725404739379883 62
1756066432804 29.261383056640625 63
1756066432833 26.98575782775879 64
1756066432866 27.294551849365234 65
1756066432897 27.84662628173828 66
1756066432926 22.706745147705078 67
1756066432955 29.632869720458984 68
1756066432988 25.377344131469727 69
1756066433019 28.8920955657959 70
1756066433050 25.90768814086914 71
1756066433083 25.89250946044922 72
1756066433116 25.987829208374023 73
1756066433148 21.587688446044922 74
1756066433178 29.12942886352539 75
1756066433207 25.7112979888916 76
1756066433237 22.257442474365234 77
1756066433266 24.859403610229492 78
1756066433295 27.422243118286133 79
1756066433325 25.99990463256836 80
1756066433354 26.18854331970215 81
1756066433386 26.95311164855957 82
1756066433421 24.351083755493164 83
1756066433450 25.155736923217773 84
1756066433479 23.78877830505371 85
1756066433508 23.895309448242188 86
1756066433537 27.781742095947266 87
1756066433566 25.9672908782959 88
1756066433594 23.89025115966797 89
1756066433623 27.663549423217773 90
1756066433652 25.87518882751465 91
1756066433681 25.89349365234375 92
1756066433709 26.934782028198242 93
1756066433739 26.19084930419922 94
1756066433768 26.06631851196289 95
1756066433796 27.055950164794922 96
1756066433825 29.132022857666016 97
1756066433854 25.792980194091797 98
1756066433883 24.40150260925293 99
1756066433911 23.517637252807617 100
1756066433941 28.876861572265625 101
1756066433969 23.857894897460938 102
1756066433998 24.71476173400879 103
1756066434027 25.639955520629883 104
1756066434055 28.73994255065918 105
1756066434084 28.752464294433594 106
1756066434113 23.206939697265625 107
1756066434143 26.99687957763672 108
1756066434177 26.63935661315918 109
1756066434211 28.40644645690918 110
1756066434244 23.880905151367188 111
1756066434278 26.146455764770508 112
1756066434311 24.473302841186523 113
1756066434346 27.509397506713867 114
1756066434381 22.772695541381836 115
1756066434416 23.959192276000977 116
1756066434453 26.181365966796875 117
1756066434491 27.062198638916016 118
1756066434528 26.145915985107422 119
1756066434565 22.234325408935547 120
1756066434599 22.057228088378906 121
1756066434631 26.421701431274414 122
1756066434663 24.34780502319336 123
1756066434695 24.22607421875 124
1756066434728 26.712114334106445 125
1756066434760 25.000516891479492 126
1756066434792 26.598575592041016 127
1756066434824 28.190454483032227 128
1756066434856 24.78957176208496 129
1756066434888 25.767513275146484 130
1756066434920 25.28619956970215 131
1756066434952 22.589391708374023 132
1756066434984 25.634056091308594 133
1756066435017 25.520587921142578 134
1756066435047 23.567455291748047 135
1756066435079 25.809579849243164 136
1756066435109 25.272451400756836 137
1756066435142 24.796161651611328 138
1756066435174 25.634546279907227 139
1756066435204 28.574878692626953 140
1756066435232 25.165441513061523 141
1756066435261 28.641090393066406 142
1756066435290 25.341379165649414 143
1756066435319 24.56130599975586 144
1756066435348 25.414011001586914 145
1756066435378 28.343128204345703 146
1756066435407 26.630001068115234 147
1756066435436 24.122955322265625 148
1756066435466 22.722492218017578 149
1756066435499 25.628070831298828 150
1756066435530 26.112037658691406 151
1756066435563 25.685678482055664 152
1756066435596 21.921226501464844 153
1756066435629 24.400362014770508 154
1756066435662 23.88356590270996 155
1756066435694 27.969961166381836 156
1756066435727 22.935714721679688 157
1756066435760 25.7775936126709 158
1756066435793 27.335002899169922 159
1756066435825 22.50699806213379 160
1756066435858 23.2841796875 161
1756066435890 25.90737533569336 162
1756066435924 29.041446685791016 163
1756066435958 25.44573974609375 164
1756066435992 28.987457275390625 165
1756066436027 25.725467681884766 166
1756066436061 25.877599716186523 167
1756066436092 28.699783325195312 168
1756066436125 24.535268783569336 169
1756066436158 23.31517219543457 170
1756066436190 27.605876922607422 171
1756066436223 26.68121910095215 172
1756066436257 25.858613967895508 173
1756066436287 25.535940170288086 174
1756066436316 24.837116241455078 175
1756066436344 25.67093276977539 176
1756066436373 26.806400299072266 177
1756066436402 25.199817657470703 178
1756066436435 27.34261131286621 179
1756066436468 25.296295166015625 180
1756066436497 25.63701629638672 181
1756066436526 23.036039352416992 182
1756066436555 27.477664947509766 183
1756066436585 26.372835159301758 184
1756066436615 29.789411544799805 185
1756066436643 22.894210815429688 186
1756066436672 23.96468162536621 187
1756066436701 27.112380981445312 188
1756066436730 21.58475112915039 189
1756066436759 23.986066818237305 190
1756066436791 27.79764175415039 191
1756066436824 28.590465545654297 192
1756066436855 24.69493293762207 193
1756066436889 25.237064361572266 194
1756066436922 25.479124069213867 195
1756066436955 23.499574661254883 196
1756066436987 25.363683700561523 197
1756066437018 24.55571174621582 198
1756066437050 23.937570571899414 199
1756066437083 23.342069625854492 200
1756066437116 23.029949188232422 201
1756066437148 23.7302188873291 202
1756066437179 20.314300537109375 203
1756066437211 25.588851928710938 204
1756066437244 24.78934097290039 205
1756066437275 28.021188735961914 206
1756066437304 26.31633758544922 207
1756066437336 25.589561462402344 208
1756066437369 24.542057037353516 209
1756066437398 25.672443389892578 210
1756066437428 25.290813446044922 211
1756066437457 25.449525833129883 212
1756066437490 26.031381607055664 213
1756066437523 26.420330047607422 214
1756066437557 28.74445152282715 215
1756066437586 28.516712188720703 216
1756066437616 23.614059448242188 217
1756066437645 22.445266723632812 218
1756066437675 25.765804290771484 219
1756066437705 22.353412628173828 220
1756066437738 26.688505172729492 221
1756066437773 25.893781661987305 222
1756066437809 25.71791648864746 223
1756066437845 27.669931411743164 224
1756066437880 27.562341690063477 225
1756066437912 20.763771057128906 226
1756066437944 28.138132095336914 227
1756066437977 25.050758361816406 228
1756066438010 25.185688018798828 229
1756066438043 24.223955154418945 230
1756066438076 24.86683464050293 231
1756066438109 28.378503799438477 232
1756066438143 23.833606719970703 233
1756066438176 25.198461532592773 234
1756066438208 23.6826114654541 235
1756066438239 25.561922073364258 236
1756066438267 22.030513763427734 237
1756066438296 26.21509552001953 238
1756066438325 28.010976791381836 239
1756066438354 24.807777404785156 240
1756066438383 23.952619552612305 241
1756066438416 22.85862922668457 242
1756066438450 26.86648941040039 243
1756066438486 28.592430114746094 244
1756066438521 27.615764617919922 245
1756066438556 27.187091827392578 246
1756066438590 23.233959197998047 247
1756066438622 25.345943450927734 248
1756066438655 24.759376525878906 249
1756066438685 26.051305770874023 250
1756066438715 24.520856857299805 251
1756066438743 29.285856246948242 252
1756066438773 27.265180587768555 253
1756066438803 26.896503448486328 254
1756066438835 24.591787338256836 255
1756066438866 24.069217681884766 256
1756066438895 25.289443969726562 257
1756066438925 26.76601791381836 258
1756066438953 28.96371841430664 259
1756066438984 23.854537963867188 260
1756066439017 27.34528160095215 261
1756066439050 23.86371421813965 262
1756066439083 25.033910751342773 263
1756066439116 25.856361389160156 264
1756066439149 27.139265060424805 265
1756066439178 23.901870727539062 266
1756066439207 26.008962631225586 267
1756066439237 24.600879669189453 268
1756066439267 25.82949447631836 269
1756066439296 22.188459396362305 270
1756066439324 25.768531799316406 271
1756066439353 25.078046798706055 272
1756066439382 19.803743362426758 273
1756066439411 22.94641876220703 274
1756066439440 24.900514602661133 275
1756066439470 21.892498016357422 276
1756066439499 25.367727279663086 277
1756066439528 28.931081771850586 278
1756066439557 26.722444534301758 279
1756066439586 29.6496639251709 280
1756066439617 26.067615509033203 281
1756066439647 25.4813175201416 282
1756066439678 26.778799057006836 283
1756066439709 24.287696838378906 284
1756066439742 27.715547561645508 285
1756066439772 23.944726943969727 286
1756066439801 22.500314712524414 287
1756066439830 26.968219757080078 288
1756066439859 25.50960350036621 289
1756066439889 22.75650978088379 290
1756066439921 27.539579391479492 291
1756066439951 25.103239059448242 292
1756066439981 23.63338851928711 293
1756066440011 21.48935890197754 294
1756066440040 25.839067459106445 295
1756066440070 25.279216766357422 296
1756066440100 23.760868072509766 297
1756066440133 24.968948364257812 298
1756066440163 26.839977264404297 299
1756066448259 48.752174377441406 0
1756066448289 48.704288482666016 1
1756066448323 48.57551956176758 2
1756066448355 48.418853759765625 3
1756066448387 48.420440673828125 4
1756066448420 48.252899169921875 5
1756066448453 47.925472259521484 6
1756066448486 47.843379974365234 7
1756066448520 47.48884963989258 8
1756066448552 47.17236328125 9
1756066448585 47.49752426147461 10
1756066448617 47.04599380493164 11
1756066448650 46.31205749511719 12
1756066448683 45.81588363647461 13
1756066448716 45.34776306152344 14
1756066448748 44.995582580566406 15
1756066448781 45.056270599365234 16
1756066448815 44.15718460083008 17
1756066448847 42.689369201660156 18
1756066448879 42.49251174926758 19
1756066448911 40.40219497680664 20
1756066448943 38.4028434753418 21
1756066448976 40.316219329833984 22
1756066449009 38.42477035522461 23
1756066449042 36.61262893676758 24
1756066449076 33.54831314086914 25
1756066449111 33.79997634887695 26
1756066449140 29.169389724731445 27
1756066449168 29.183408737182617 28
1756066449196 25.97315788269043 29
1756066449225 29.29248046875 30
1756066449253 25.19493293762207 31
1756066449282 26.42983055114746 32
1756066449310 28.17363739013672 33
1756066449338 25.2054386138916 34
1756066449367 26.317047119140625 35
1756066449396 28.142353057861328 36
1756066449425 26.237548828125 37
1756066449453 26.34104347229004 38
1756066449485 24.327117919921875 39
1756066449517 27.5595760345459 40
1756066449549 29.14402961730957 41
1756066449579 26.103036880493164 42
1756066449610 27.67585563659668 43
1756066449643 23.972978591918945 44
1756066449676 23.226030349731445 45
1756066449704 24.537355422973633 46
1756066449733 22.247663497924805 47
1756066449761 25.844051361083984 48
1756066449790 26.78913116455078 49
1756066449818 22.427995681762695 50
1756066449847 22.31001853942871 51
1756066449875 24.386476516723633 52
1756066449905 25.31490135192871 53
1756066449934 25.175697326660156 54
1756066449963 23.685575485229492 55
1756066449995 22.078807830810547 56
1756066450027 21.967588424682617 57
1756066450060 29.586631774902344 58
1756066450092 22.35398292541504 59
1756066450124 25.93988609313965 60
1756066450157 24.96000099182129 61
1756066450186 27.004600524902344 62
1756066450215 20.486440658569336 63
1756066450243 24.68607521057129 64
1756066450272 23.899066925048828 65
1756066450301 25.50473403930664 66
1756066450333 24.449975967407227 67
1756066450365 24.203489303588867 68
1756066450397 26.75273895263672 69
1756066450427 23.568828582763672 70
1756066450456 24.893329620361328 71
1756066450487 22.94466209411621 72
1756066450516 19.59233856201172 73
1756066450544 27.13232421875 74
1756066450572 24.869619369506836 75
1756066450603 22.97333335876465 76
1756066450632 27.36705207824707 77
1756066450661 25.404277801513672 78
1756066450689 26.776517868041992 79
1756066450719 21.6141414642334 80
1756066450748 21.637447357177734 81
1756066450777 25.166566848754883 82
1756066450806 23.090896606445312 83
1756066450834 24.518272399902344 84
1756066450869 22.153949737548828 85
1756066450899 26.548906326293945 86
1756066450928 26.360122680664062 87
1756066450956 25.300899505615234 88
1756066450989 25.019622802734375 89
1756066451018 23.022397994995117 90
1756066451047 22.828290939331055 91
1756066451076 26.115169525146484 92
1756066451105 21.16436767578125 93
1756066451137 23.508190155029297 94
1756066451169 24.655588150024414 95
1756066451202 28.23636245727539 96
1756066451234 21.94289207458496 97
1756066451266 21.568967819213867 98
1756066451299 26.328763961791992 99
1756066451334 24.138418197631836 100
1756066451370 27.5699405670166 101
1756066451403 22.858943939208984 102
1756066451431 24.477022171020508 103
1756066451459 23.076818466186523 104
1756066451489 26.263057708740234 105
1756066451519 22.59718894958496 106
1756066451548 24.600337982177734 107
1756066451578 23.776639938354492 108
1756066451607 25.533809661865234 109
1756066451636 20.30058479309082 110
1756066451666 24.54749298095703 111
1756066451695 22.969200134277344 112
1756066451727 22.922298431396484 113
1756066451758 27.0282039642334 114
1756066451787 27.108360290527344 115
1756066451818 23.38144874572754 116
1756066451850 25.386211395263672 117
1756066451882 25.28054428100586 118
1756066451911 24.39258575439453 119
1756066451940 25.14088249206543 120
1756066451970 24.26533317565918 121
1756066452000 24.56633186340332 122
1756066452029 22.77491569519043 123
1756066452058 22.04714584350586 124
1756066452088 23.13382339477539 125
1756066452117 24.963167190551758 126
1756066452146 20.08127212524414 127
1756066452176 22.968387603759766 128
1756066452205 28.7918643951416 129
1756066452235 24.6637020111084 130
1756066452264 21.694095611572266 131
1756066452294 23.726778030395508 132
1756066452326 23.377235412597656 133
1756066452358 26.765594482421875 134
1756066452388 21.828933715820312 135
1756066452417 24.072235107421875 136
1756066452446 25.314096450805664 137
1756066452475 25.382709503173828 138
1756066452505 23.990577697753906 139
1756066452534 22.28162956237793 140
1756066452563 21.644306182861328 141
1756066452591 25.695505142211914 142
1756066452621 23.295503616333008 143
1756066452649 22.918243408203125 144
1756066452679 27.6942138671875 145
1756066452712 24.157808303833008 146
1756066452742 23.87814712524414 147
1756066452772 24.524473190307617 148
1756066452801 24.209163665771484 149
1756066452830 29.37596321105957 150
1756066452860 23.39395523071289 151
1756066452889 23.029380798339844 152
1756066452921 22.485013961791992 153
1756066452949 26.49738883972168 154
1756066452977 20.515262603759766 155
1756066453007 27.1447696685791 156
1756066453036 23.406688690185547 157
1756066453065 24.225004196166992 158
1756066453094 21.925161361694336 159
1756066453123 24.911226272583008 160
1756066453153 23.924142837524414 161
1756066453182 23.351547241210938 162
1756066453210 26.945011138916016 163
1756066453239 21.54682731628418 164
1756066453270 22.618881225585938 165
1756066453302 26.06520652770996 166
1756066453337 23.331560134887695 167
1756066453366 23.033588409423828 168
1756066453395 20.355770111083984 169
1756066453425 24.858184814453125 170
1756066453458 25.024816513061523 171
1756066453491 25.44965934753418 172
1756066453522 26.58961296081543 173
1756066453551 27.310062408447266 174
1756066453580 22.20844268798828 175
1756066453610 18.853164672851562 176
1756066453640 26.05719757080078 177
1756066453669 21.58359718322754 178
1756066453699 25.48139762878418 179
1756066453729 25.13948631286621 180
1756066453758 27.121644973754883 181
1756066453788 24.216882705688477 182
1756066453817 25.51270866394043 183
1756066453847 21.40456199645996 184
1756066453878 26.987857818603516 185
1756066453910 22.303016662597656 186
1756066453941 22.73635482788086 187
1756066453973 27.347562789916992 188
1756066454005 19.859970092773438 189
1756066454037 21.702129364013672 190
1756066454070 22.86760711669922 191
1756066454103 22.495073318481445 192
1756066454134 27.623271942138672 193
1756066454163 24.274152755737305 194
1756066454193 22.854106903076172 195
1756066454223 19.76240348815918 196
1756066454253 22.011821746826172 197
1756066454282 23.944992065429688 198
1756066454311 27.4775447845459 199
1756066454341 22.130176544189453 200
1756066454370 21.82081413269043 201
1756066454400 23.56450653076172 202
1756066454429 25.59065055847168 203
1756066454458 23.510234832763672 204
1756066454491 23.642902374267578 205
1756066454524 24.092742919921875 206
1756066454556 26.072071075439453 207
1756066454588 26.606304168701172 208
1756066454617 22.772052764892578 209
1756066454645 27.305606842041016 210
1756066454674 27.608123779296875 211
1756066454705 25.973209381103516 212
1756066454733 24.07085418701172 213
1756066454762 23.039295196533203 214
1756066454792 29.120223999023438 215
1756066454825 25.58039093017578 216
1756066454855 27.582632064819336 217
1756066454887 28.283504486083984 218
1756066454920 24.278011322021484 219
1756066454954 23.209693908691406 220
1756066454988 26.162384033203125 221
1756066455022 21.973541259765625 222
1756066455056 24.46903419494629 223
1756066455090 24.159061431884766 224
1756066455122 26.4134521484375 225
1756066455152 21.332387924194336 226
1756066455181 22.057640075683594 227
1756066455210 24.866342544555664 228
1756066455240 23.41154670715332 229
1756066455269 26.37769889831543 230
1756066455301 23.481842041015625 231
1756066455331 23.66571617126465 232
1756066455360 23.146297454833984 233
1756066455394 22.817054748535156 234
1756066455425 23.134057998657227 235
1756066455455 25.620824813842773 236
1756066455484 25.356176376342773 237
1756066455513 22.53666877746582 238
1756066455542 25.26814079284668 239
1756066455574 21.652568817138672 240
1756066455605 22.940763473510742 241
1756066455633 24.586055755615234 242
1756066455661 21.053585052490234 243
1756066455690 24.083471298217773 244
1756066455719 30.339263916015625 245
1756066455748 22.96778678894043 246
1756066455777 25.584453582763672 247
1756066455806 21.478057861328125 248
1756066455835 22.969053268432617 249
1756066455864 22.624542236328125 250
1756066455893 27.167705535888672 251
1756066455926 24.94213104248047 252
1756066455959 25.526748657226562 253
1756066455992 24.986663818359375 254
1756066456025 25.490203857421875 255
1756066456057 23.938316345214844 256
1756066456089 22.14203453063965 257
1756066456121 21.78751564025879 258
1756066456154 22.121601104736328 259
1756066456187 23.09730339050293 260
1756066456219 22.431224822998047 261
1756066456252 23.161041259765625 262
1756066456284 26.580596923828125 263
1756066456315 23.48110008239746 264
1756066456347 20.055692672729492 265
1756066456375 22.366540908813477 266
1756066456403 25.041637420654297 267
1756066456430 24.211875915527344 268
1756066456460 28.224224090576172 269
1756066456494 24.929697036743164 270
1756066456527 23.28630256652832 271
1756066456557 22.740205764770508 272
1756066456586 18.764116287231445 273
1756066456614 26.99869728088379 274
1756066456643 24.79416275024414 275
1756066456671 21.629281997680664 276
1756066456699 22.53634262084961 277
1756066456728 20.718048095703125 278
1756066456757 26.125356674194336 279
1756066456785 25.010669708251953 280
1756066456814 21.627302169799805 281
1756066456842 21.060043334960938 282
1756066456870 24.487245559692383 283
1756066456898 27.697656631469727 284
1756066456926 29.432031631469727 285
1756066456955 23.129423141479492 286
1756066456984 23.298160552978516 287
1756066457012 21.457012176513672 288
1756066457040 24.52445411682129 289
1756066457072 23.065059661865234 290
1756066457104 23.073373794555664 291
1756066457136 23.94023323059082 292
1756066457165 20.894487380981445 293
1756066457199 23.538610458374023 294
1756066457230 25.557222366333008 295
1756066457259 25.78401756286621 296
1756066457288 23.50092887878418 297
1756066457318 22.502479553222656 298
1756066457350 19.321807861328125 299
1756066465467 50.16088104248047 0
1756066465500 50.08077621459961 1
1756066465528 49.93764114379883 2
1756066465557 49.84789276123047 3
1756066465588 49.669342041015625 4
1756066465617 49.51853561401367 5
1756066465646 49.31436538696289 6
1756066465675 49.045413970947266 7
1756066465704 48.829593658447266 8
1756066465733 48.33815002441406 9
1756066465762 47.926979064941406 10
1756066465791 47.500938415527344 11
1756066465820 47.72963333129883 12
1756066465851 47.1627197265625 13
1756066465880 45.91105651855469 14
1756066465912 44.76042175292969 15
1756066465946 45.19378662109375 16
1756066465978 42.9146842956543 17
1756066466032 39.74058151245117 18
1756066466071 40.39424133300781 19
1756066466103 40.36432647705078 20
1756066466135 35.78363800048828 21
1756066466168 32.52960205078125 22
1756066466200 31.684444427490234 23
1756066466232 32.0799446105957 24
1756066466265 26.04038429260254 25
1756066466298 29.627260208129883 26
1756066466331 30.584299087524414 27
1756066466363 24.522674560546875 28
1756066466396 21.126066207885742 29
1756066466428 24.671798706054688 30
1756066466460 26.53321075439453 31
1756066466489 26.176179885864258 32
1756066466518 26.691722869873047 33
1756066466547 27.21499252319336 34
1756066466576 27.67877197265625 35
1756066466607 25.408767700195312 36
1756066466635 27.372394561767578 37
1756066466665 26.972497940063477 38
1756066466694 24.09661293029785 39
1756066466726 27.883180618286133 40
1756066466758 26.11885643005371 41
1756066466791 24.344688415527344 42
1756066466823 23.941062927246094 43
1756066466851 26.496501922607422 44
1756066466880 24.969505310058594 45
1756066466909 27.728849411010742 46
1756066466938 23.02130889892578 47
1756066466966 26.548648834228516 48
1756066466998 25.50657844543457 49
1756066467031 24.37920570373535 50
1756066467063 25.39556884765625 51
1756066467096 23.076627731323242 52
1756066467131 23.402189254760742 53
1756066467167 25.17714500427246 54
1756066467201 20.51547622680664 55
1756066467236 24.792137145996094 56
1756066467271 23.337684631347656 57
1756066467304 23.196609497070312 58
1756066467335 24.66228675842285 59
1756066467367 24.029325485229492 60
1756066467399 25.12821388244629 61
1756066467430 20.719980239868164 62
1756066467462 24.884885787963867 63
1756066467494 22.525310516357422 64
1756066467526 24.193832397460938 65
1756066467558 23.31696319580078 66
1756066467590 24.68934440612793 67
1756066467621 23.722984313964844 68
1756066467653 26.424020767211914 69
1756066467684 24.938020706176758 70
1756066467718 21.263534545898438 71
1756066467753 25.869394302368164 72
1756066467783 22.93808937072754 73
1756066467816 22.298940658569336 74
1756066467849 21.95518684387207 75
1756066467883 26.566970825195312 76
1756066467915 26.241952896118164 77
1756066467946 25.289608001708984 78
1756066467976 25.138526916503906 79
1756066468004 22.57830810546875 80
1756066468036 23.730754852294922 81
1756066468064 21.473186492919922 82
1756066468093 23.4602108001709 83
1756066468125 20.298460006713867 84
1756066468160 21.61355209350586 85
1756066468191 24.092288970947266 86
1756066468223 23.442604064941406 87
1756066468254 20.753585815429688 88
1756066468285 25.831266403198242 89
1756066468317 24.05873680114746 90
1756066468349 29.68369483947754 91
1756066468381 25.034696578979492 92
1756066468413 26.720895767211914 93
1756066468445 27.775476455688477 94
1756066468477 20.85625648498535 95
1756066468510 21.580486297607422 96
1756066468541 21.605304718017578 97
1756066468573 26.841754913330078 98
1756066468605 24.553936004638672 99
1756066468636 22.788272857666016 100
1756066468667 24.031780242919922 101
1756066468697 23.773914337158203 102
1756066468726 21.775354385375977 103
1756066468755 20.841285705566406 104
1756066468785 27.453109741210938 105
1756066468814 23.732864379882812 106
1756066468843 29.622095108032227 107
1756066468873 26.401735305786133 108
1756066468906 25.130374908447266 109
1756066468936 26.166446685791016 110
1756066468965 20.622459411621094 111
1756066468999 18.91365623474121 112
1756066469032 23.23436737060547 113
1756066469065 25.387042999267578 114
1756066469095 21.251667022705078 115
1756066469127 21.74021339416504 116
1756066469160 26.15656852722168 117
1756066469192 20.073074340820312 118
1756066469222 24.10492706298828 119
1756066469250 23.29747772216797 120
1756066469279 19.649219512939453 121
1756066469308 20.059221267700195 122
1756066469337 24.330738067626953 123
1756066469366 22.107685089111328 124
1756066469395 25.361454010009766 125
1756066469424 24.55681610107422 126
1756066469453 19.322893142700195 127
1756066469482 21.571470260620117 128
1756066469511 24.159870147705078 129
1756066469541 24.509090423583984 130
1756066469571 24.33167839050293 131
1756066469605 24.653785705566406 132
1756066469638 26.373613357543945 133
1756066469668 24.558795928955078 134
1756066469697 21.02631950378418 135
1756066469727 25.817283630371094 136
1756066469756 22.021358489990234 137
1756066469785 22.859643936157227 138
1756066469814 22.734352111816406 139
1756066469844 25.985897064208984 140
1756066469873 26.02354621887207 141
1756066469901 21.138765335083008 142
1756066469930 22.2656192779541 143
1756066469960 22.155803680419922 144
1756066469989 21.499263763427734 145
1756066470018 22.356998443603516 146
1756066470048 18.781417846679688 147
1756066470077 22.266069412231445 148
1756066470107 25.07427978515625 149
1756066470139 24.46290397644043 150
1756066470172 19.57725715637207 151
1756066470203 21.578771591186523 152
1756066470233 20.51375389099121 153
1756066470262 26.490970611572266 154
1756066470291 23.947912216186523 155
1756066470320 22.7741756439209 156
1756066470348 25.168716430664062 157
1756066470377 27.756132125854492 158
1756066470405 23.816110610961914 159
1756066470434 24.44237518310547 160
1756066470463 27.069459915161133 161
1756066470493 22.481040954589844 162
1756066470523 24.2834415435791 163
1756066470552 23.225839614868164 164
1756066470580 19.56941795349121 165
1756066470609 19.93535614013672 166
1756066470641 21.400634765625 167
1756066470670 20.126422882080078 168
1756066470699 28.159547805786133 169
1756066470728 20.26161003112793 170
1756066470757 22.22690200805664 171
1756066470789 22.496915817260742 172
1756066470822 21.867483139038086 173
1756066470855 21.309900283813477 174
1756066470884 24.097375869750977 175
1756066470915 23.760915756225586 176
1756066470946 21.619800567626953 177
1756066470974 23.751028060913086 178
1756066471004 21.691213607788086 179
1756066471037 24.20612144470215 180
1756066471070 20.051759719848633 181
1756066471103 23.930923461914062 182
1756066471135 25.952266693115234 183
1756066471165 23.55049705505371 184
1756066471193 21.042537689208984 185
1756066471222 25.112281799316406 186
1756066471251 20.171710968017578 187
1756066471280 24.606834411621094 188
1756066471309 19.72532844543457 189
1756066471338 22.56749725341797 190
1756066471368 28.63983917236328 191
1756066471403 24.760234832763672 192
1756066471437 23.978347778320312 193
1756066471470 24.800823211669922 194
1756066471503 21.513660430908203 195
1756066471537 21.823978424072266 196
1756066471571 25.66722869873047 197
1756066471608 22.747852325439453 198
1756066471646 25.04783821105957 199
1756066471684 22.75282859802246 200
1756066471717 21.712556838989258 201
1756066471750 24.000638961791992 202
1756066471782 25.292327880859375 203
1756066471814 22.599153518676758 204
1756066471846 24.570720672607422 205
1756066471879 22.217571258544922 206
1756066471913 25.469938278198242 207
1756066471948 22.757841110229492 208
1756066471981 22.988195419311523 209
1756066472017 19.114057540893555 210
1756066472051 21.96286964416504 211
1756066472085 20.21359634399414 212
1756066472118 23.01601791381836 213
1756066472153 25.437532424926758 214
1756066472190 19.650562286376953 215
1756066472225 26.16997528076172 216
1756066472259 22.49768829345703 217
1756066472293 23.071088790893555 218
1756066472329 23.45024299621582 219
1756066472362 19.539323806762695 220
1756066472398 27.955163955688477 221
1756066472430 23.193723678588867 222
1756066472466 23.88211441040039 223
1756066472504 21.97955322265625 224
1756066472543 20.62782859802246 225
1756066472579 23.618026733398438 226
1756066472614 23.079092025756836 227
1756066472651 22.641916275024414 228
1756066472688 20.611465454101562 229
1756066472724 24.945411682128906 230
1756066472756 19.848133087158203 231
1756066472789 21.682945251464844 232
1756066472819 23.152568817138672 233
1756066472854 28.475685119628906 234
1756066472888 19.679676055908203 235
1756066472922 26.37467384338379 236
1756066472951 18.31929588317871 237
1756066472983 22.71977996826172 238
1756066473017 23.974422454833984 239
1756066473048 22.025175094604492 240
1756066473077 22.40052604675293 241
1756066473107 21.007383346557617 242
1756066473137 25.528783798217773 243
1756066473172 25.107961654663086 244
1756066473207 19.57098960876465 245
1756066473242 22.799631118774414 246
1756066473273 23.67664337158203 247
1756066473305 24.001663208007812 248
1756066473340 27.026716232299805 249
1756066473376 23.071556091308594 250
1756066473411 18.26051139831543 251
1756066473443 23.74030303955078 252
1756066473478 23.046571731567383 253
1756066473516 20.373680114746094 254
1756066473551 26.377470016479492 255
1756066473587 23.841690063476562 256
1756066473622 22.635879516601562 257
1756066473656 23.953636169433594 258
1756066473693 20.885501861572266 259
1756066473726 22.987751007080078 260
1756066473762 21.6347599029541 261
1756066473798 20.649513244628906 262
1756066473832 20.46795082092285 263
1756066473864 25.199922561645508 264
1756066473896 20.781877517700195 265
1756066473928 24.01677894592285 266
1756066473962 23.135766983032227 267
1756066473996 23.566625595092773 268
1756066474032 22.606775283813477 269
1756066474072 27.778818130493164 270
1756066474109 23.404136657714844 271
1756066474142 23.53843879699707 272
1756066474179 20.88561248779297 273
1756066474213 23.70987319946289 274
1756066474243 22.086545944213867 275
1756066474277 24.01612663269043 276
1756066474308 22.37212371826172 277
1756066474338 20.244718551635742 278
1756066474372 25.27294158935547 279
1756066474406 21.303661346435547 280
1756066474442 16.352008819580078 281
1756066474477 24.713293075561523 282
1756066474512 23.039716720581055 283
1756066474546 25.436124801635742 284
1756066474578 24.20298194885254 285
1756066474613 21.48854637145996 286
1756066474648 26.63628387451172 287
1756066474682 27.16982078552246 288
1756066474715 29.226520538330078 289
1756066474750 28.143808364868164 290
1756066474784 23.87015724182129 291
1756066474819 20.80132293701172 292
1756066474853 22.386749267578125 293
1756066474886 23.094758987426758 294
1756066474922 20.122880935668945 295
1756066474956 23.547027587890625 296
1756066474990 17.422828674316406 297
1756066475023 20.74376106262207 298
1756066475057 22.948490142822266 299
1756066483173 48.79228591918945 0
1756066483206 48.75507736206055 1
1756066483241 48.69211959838867 2
1756066483276 48.589962005615234 3
1756066483312 48.389278411865234 4
1756066483348 48.179813385009766 5
1756066483380 47.96823501586914 6
1756066483414 47.77811813354492 7
1756066483450 47.535118103027344 8
1756066483485 47.31092834472656 9
1756066483522 46.978485107421875 10
1756066483556 46.386043548583984 11
1756066483590 46.06871032714844 12
1756066483624 45.921199798583984 13
1756066483659 44.7397346496582 14
1756066483694 43.55959701538086 15
1756066483728 43.38811111450195 16
1756066483761 42.64963150024414 17
1756066483794 41.713172912597656 18
1756066483827 40.17339324951172 19
1756066483860 37.88304901123047 20
1756066483893 37.584251403808594 21
1756066483922 35.38016128540039 22
1756066483951 29.87162971496582 23
1756066483980 28.994911193847656 24
1756066484009 25.806201934814453 25
1756066484037 27.0754337310791 26
1756066484066 25.582353591918945 27
1756066484095 23.969846725463867 28
1756066484124 21.818349838256836 29
1756066484152 26.886966705322266 30
1756066484181 25.254810333251953 31
1756066484210 22.204647064208984 32
1756066484241 19.78525161743164 33
1756066484270 26.184579849243164 34
1756066484299 23.903337478637695 35
1756066484329 24.381011962890625 36
1756066484361 20.780332565307617 37
1756066484394 24.78019905090332 38
1756066484427 25.227188110351562 39
1756066484460 27.1425838470459 40
1756066484493 25.91380500793457 41
1756066484526 21.88129997253418 42
1756066484559 26.160228729248047 43
1756066484591 24.206607818603516 44
1756066484624 22.791799545288086 45
1756066484656 20.62399673461914 46
1756066484689 22.6606502532959 47
1756066484721 24.316776275634766 48
1756066484754 22.465431213378906 49
1756066484786 24.47318458557129 50
1756066484815 22.217987060546875 51
1756066484845 25.64177131652832 52
1756066484876 25.67034149169922 53
1756066484908 22.120229721069336 54
1756066484939 22.405298233032227 55
1756066484968 25.062856674194336 56
1756066484996 22.48160171508789 57
1756066485029 19.58983039855957 58
1756066485062 21.26346206665039 59
1756066485095 22.82976531982422 60
1756066485128 24.606048583984375 61
1756066485162 21.50950050354004 62
1756066485195 21.298358917236328 63
1756066485228 24.339618682861328 64
1756066485261 25.798198699951172 65
1756066485291 24.833003997802734 66
1756066485321 23.066001892089844 67
1756066485350 27.6373233795166 68
1756066485379 26.651493072509766 69
1756066485408 22.121984481811523 70
1756066485438 24.003469467163086 71
1756066485471 25.941036224365234 72
1756066485504 22.64091682434082 73
1756066485538 27.722206115722656 74
1756066485568 23.058048248291016 75
1756066485597 27.121986389160156 76
1756066485630 22.473344802856445 77
1756066485663 22.25312042236328 78
1756066485696 20.671722412109375 79
1756066485729 21.964515686035156 80
1756066485761 21.69687843322754 81
1756066485792 22.20171356201172 82
1756066485823 20.941553115844727 83
1756066485855 21.620668411254883 84
1756066485888 25.134973526000977 85
1756066485922 22.568681716918945 86
1756066485956 24.55217933654785 87
1756066485991 21.714366912841797 88
1756066486026 21.21748161315918 89
1756066486060 23.26439094543457 90
1756066486093 21.570833206176758 91
1756066486125 21.236408233642578 92
1756066486158 24.785533905029297 93
1756066486191 22.26011848449707 94
1756066486226 25.736980438232422 95
1756066486262 25.327625274658203 96
1756066486298 25.346601486206055 97
1756066486333 22.847808837890625 98
1756066486368 22.455350875854492 99
1756066486402 21.9702091217041 100
1756066486436 22.10845375061035 101
1756066486470 20.825281143188477 102
1756066486504 24.317272186279297 103
1756066486538 26.6536922454834 104
1756066486572 27.78444480895996 105
1756066486606 22.96967887878418 106
1756066486640 23.92622947692871 107
1756066486674 22.073251724243164 108
1756066486708 22.945709228515625 109
1756066486741 24.273422241210938 110
1756066486773 23.3720703125 111
1756066486808 23.101985931396484 112
1756066486841 26.963031768798828 113
1756066486875 21.69700813293457 114
1756066486907 23.91633415222168 115
1756066486944 20.125064849853516 116
1756066486979 22.860755920410156 117
1756066487012 24.899370193481445 118
1756066487045 23.736244201660156 119
1756066487078 25.912704467773438 120
1756066487111 23.920698165893555 121
1756066487142 19.505191802978516 122
1756066487171 24.1484375 123
1756066487201 21.210344314575195 124
1756066487230 21.136533737182617 125
1756066487260 26.55550193786621 126
1756066487289 21.887432098388672 127
1756066487319 27.333877563476562 128
1756066487349 19.454999923706055 129
1756066487378 24.50324821472168 130
1756066487407 22.674402236938477 131
1756066487437 21.821025848388672 132
1756066487466 22.317514419555664 133
1756066487496 21.570762634277344 134
1756066487529 22.110708236694336 135
1756066487562 20.537425994873047 136
1756066487594 20.13024139404297 137
1756066487623 24.17409324645996 138
1756066487652 25.70368766784668 139
1756066487681 21.643306732177734 140
1756066487710 24.966571807861328 141
1756066487740 21.362470626831055 142
1756066487769 20.40785026550293 143
1756066487799 25.883731842041016 144
1756066487828 20.838029861450195 145
1756066487858 22.76900863647461 146
1756066487887 22.645233154296875 147
1756066487917 19.89029884338379 148
1756066487946 27.146766662597656 149
1756066487975 22.662628173828125 150
1756066488007 23.005840301513672 151
1756066488041 23.20396614074707 152
1756066488072 20.492773056030273 153
1756066488101 23.299861907958984 154
1756066488130 21.74286651611328 155
1756066488159 25.96074104309082 156
1756066488192 22.222339630126953 157
1756066488224 23.51755714416504 158
1756066488256 22.042346954345703 159
1756066488285 23.17344093322754 160
1756066488319 25.2828311920166 161
1756066488357 19.67558479309082 162
1756066488391 24.80937385559082 163
1756066488427 21.97287940979004 164
1756066488460 25.555259704589844 165
1756066488496 20.85116958618164 166
1756066488533 21.831661224365234 167
1756066488568 22.34453773498535 168
1756066488603 22.811002731323242 169
1756066488637 23.992929458618164 170
1756066488670 23.641963958740234 171
1756066488703 23.63105583190918 172
1756066488736 28.08936882019043 173
1756066488768 25.96196174621582 174
1756066488800 21.944229125976562 175
1756066488834 22.164443969726562 176
1756066488870 22.639677047729492 177
1756066488903 22.720163345336914 178
1756066488935 23.42457389831543 179
1756066488968 22.403230667114258 180
1756066488997 18.64238166809082 181
1756066489027 21.01063346862793 182
1756066489060 19.528255462646484 183
1756066489092 20.70005226135254 184
1756066489123 24.097841262817383 185
1756066489159 25.278282165527344 186
1756066489193 20.631032943725586 187
1756066489228 24.300926208496094 188
1756066489262 24.488510131835938 189
1756066489298 19.73362922668457 190
1756066489332 20.417694091796875 191
1756066489364 24.820350646972656 192
1756066489397 22.324092864990234 193
1756066489429 23.36603546142578 194
1756066489462 24.283111572265625 195
1756066489494 18.378602981567383 196
1756066489528 20.15215301513672 197
1756066489562 21.58585548400879 198
1756066489594 25.065675735473633 199
1756066489627 25.086950302124023 200
1756066489660 21.43507194519043 201
1756066489689 20.709972381591797 202
1756066489723 24.397663116455078 203
1756066489756 26.5368709564209 204
1756066489789 25.171682357788086 205
1756066489820 22.8182315826416 206
1756066489850 22.3322811126709 207
1756066489879 22.72359848022461 208
1756066489909 22.672170639038086 209
1756066489939 25.253271102905273 210
1756066489972 23.983007431030273 211
1756066490005 21.8770809173584 212
1756066490035 22.768768310546875 213
1756066490065 23.8516845703125 214
1756066490094 24.7454891204834 215
1756066490124 21.32115936279297 216
1756066490153 23.271596908569336 217
1756066490184 22.750579833984375 218
1756066490216 21.390213012695312 219
1756066490249 21.24872589111328 220
1756066490281 23.95365333557129 221
1756066490317 19.991840362548828 222
1756066490352 22.06694221496582 223
1756066490385 20.568559646606445 224
1756066490416 22.402725219726562 225
1756066490446 25.618671417236328 226
1756066490476 19.639379501342773 227
1756066490506 19.986173629760742 228
1756066490541 25.430999755859375 229
1756066490575 25.553030014038086 230
1756066490604 24.057579040527344 231
1756066490638 26.83293342590332 232
1756066490670 23.183616638183594 233
1756066490704 23.165969848632812 234
1756066490741 23.25728416442871 235
1756066490778 24.157329559326172 236
1756066490811 19.292245864868164 237
1756066490845 18.698518753051758 238
1756066490880 24.24996566772461 239
1756066490913 24.52979278564453 240
1756066490943 21.22918701171875 241
1756066490974 22.461101531982422 242
1756066491004 24.247310638427734 243
1756066491037 20.69255828857422 244
1756066491071 19.702363967895508 245
1756066491105 23.07295799255371 246
1756066491139 21.04463768005371 247
1756066491170 23.062515258789062 248
1756066491200 20.141496658325195 249
1756066491230 21.79581642150879 250
1756066491260 22.618410110473633 251
1756066491291 22.038755416870117 252
1756066491321 23.556547164916992 253
1756066491351 27.332050323486328 254
1756066491386 18.049560546875 255
1756066491419 21.95668601989746 256
1756066491449 23.344146728515625 257
1756066491479 18.126148223876953 258
1756066491509 22.576000213623047 259
1756066491540 22.414108276367188 260
1756066491571 19.83000946044922 261
1756066491603 21.995317459106445 262
1756066491637 25.659746170043945 263
1756066491670 23.175413131713867 264
1756066491704 23.974502563476562 265
1756066491739 23.888547897338867 266
1756066491773 20.025142669677734 267
1756066491805 24.560958862304688 268
1756066491835 21.60703468322754 269
1756066491867 22.343950271606445 270
1756066491901 20.71830177307129 271
1756066491934 20.35002326965332 272
1756066491965 22.11829376220703 273
1756066491995 22.317562103271484 274
1756066492029 21.937129974365234 275
1756066492063 18.203081130981445 276
1756066492097 20.59462547302246 277
1756066492132 26.25150489807129 278
1756066492163 20.45058250427246 279
1756066492192 21.165462493896484 280
1756066492223 21.58513641357422 281
1756066492256 24.163536071777344 282
1756066492289 20.57904624938965 283
1756066492321 22.39688491821289 284
1756066492350 27.319385528564453 285
1756066492380 26.291284561157227 286
1756066492409 18.360586166381836 287
1756066492439 21.586360931396484 288
1756066492469 23.06592559814453 289
1756066492503 20.467500686645508 290
1756066492537 21.184921264648438 291
1756066492567 25.15386962890625 292
1756066492596 25.02532958984375 293
1756066492626 22.54387664794922 294
1756066492655 21.02065086364746 295
1756066492685 20.71944236755371 296
1756066492716 21.818769454956055 297
1756066492746 26.267738342285156 298
1756066492776 24.133914947509766 299
1756066500882 49.878990173339844 0
1756066500916 49.690460205078125 1
1756066500952 49.44199752807617 2
1756066500987 49.209503173828125 3
1756066501023 49.204532623291016 4
1756066501057 48.60818099975586 5
1756066501089 48.36412048339844 6
1756066501119 48.06482696533203 7
1756066501152 48.073394775390625 8
1756066501185 47.09956359863281 9
1756066501213 46.72236633300781 10
1756066501241 45.81254577636719 11
1756066501269 44.828250885009766 12
1756066501297 44.52927017211914 13
1756066501326 42.71929168701172 14
1756066501353 43.521156311035156 15
1756066501382 42.18828582763672 16
1756066501416 39.44582748413086 17
1756066501448 39.062828063964844 18
1756066501480 39.252357482910156 19
1756066501508 33.83405303955078 20
1756066501542 36.63750457763672 21
1756066501571 33.7239990234375 22
1756066501599 33.09389114379883 23
1756066501628 27.98668670654297 24
1756066501656 30.69502067565918 25
1756066501685 30.51896095275879 26
1756066501714 31.413700103759766 27
1756066501744 29.245494842529297 28
1756066501773 26.17449378967285 29
1756066501801 29.740053176879883 30
1756066501830 28.58514404296875 31
1756066501859 32.51936340332031 32
1756066501887 34.11429214477539 33
1756066501916 30.349063873291016 34
1756066501951 27.642160415649414 35
1756066501981 31.82159423828125 36
1756066502010 26.395273208618164 37
1756066502040 29.051847457885742 38
1756066502069 29.62091636657715 39
1756066502098 27.318714141845703 40
1756066502128 28.31171417236328 41
1756066502161 26.19978904724121 42
1756066502195 28.596263885498047 43
1756066502225 31.122533798217773 44
1756066502253 32.54644775390625 45
1756066502281 28.177202224731445 46
1756066502310 27.622745513916016 47
1756066502341 30.481515884399414 48
1756066502374 31.003211975097656 49
1756066502408 26.889144897460938 50
1756066502437 29.343994140625 51
1756066502465 31.901348114013672 52
1756066502495 25.45171356201172 53
1756066502524 26.982202529907227 54
1756066502552 28.021236419677734 55
1756066502584 28.04023551940918 56
1756066502621 26.876646041870117 57
1756066502655 25.30177116394043 58
1756066502684 27.152713775634766 59
1756066502713 26.50473976135254 60
1756066502743 30.300968170166016 61
1756066502776 23.234935760498047 62
1756066502809 27.79461669921875 63
1756066502841 26.915679931640625 64
1756066502869 26.522092819213867 65
1756066502897 28.0952205657959 66
1756066502926 26.762575149536133 67
1756066502955 24.42064094543457 68
1756066502984 25.143844604492188 69
1756066503013 27.37236213684082 70
1756066503044 25.35416603088379 71
1756066503073 27.229415893554688 72
1756066503103 28.16831398010254 73
1756066503136 24.015226364135742 74
1756066503169 25.24444580078125 75
1756066503202 24.07314109802246 76
1756066503236 27.776947021484375 77
1756066503266 23.490076065063477 78
1756066503295 27.67706871032715 79
1756066503325 24.1077938079834 80
1756066503354 28.167362213134766 81
1756066503383 26.715513229370117 82
1756066503416 23.826730728149414 83
1756066503448 26.256145477294922 84
1756066503480 26.039634704589844 85
1756066503509 26.510013580322266 86
1756066503539 27.24160385131836 87
1756066503572 28.186561584472656 88
1756066503606 29.472360610961914 89
1756066503637 25.177579879760742 90
1756066503667 26.515216827392578 91
1756066503699 29.296232223510742 92
1756066503732 26.466154098510742 93
1756066503762 24.92801284790039 94
1756066503794 30.456724166870117 95
1756066503827 28.87704849243164 96
1756066503859 28.184226989746094 97
1756066503891 25.85015869140625 98
1756066503922 27.550140380859375 99
1756066503951 26.247724533081055 100
1756066503980 30.767765045166016 101
1756066504009 25.815946578979492 102
1756066504039 26.640155792236328 103
1756066504070 24.940378189086914 104
1756066504102 24.279987335205078 105
1756066504135 26.47816276550293 106
1756066504164 22.824657440185547 107
1756066504192 27.407136917114258 108
1756066504220 26.302833557128906 109
1756066504249 31.38584327697754 110
1756066504277 28.49088478088379 111
1756066504306 30.305572509765625 112
1756066504334 28.52192497253418 113
1756066504362 27.400529861450195 114
1756066504390 27.86256217956543 115
1756066504420 24.256296157836914 116
1756066504452 31.364376068115234 117
1756066504480 27.55432891845703 118
1756066504509 23.47589683532715 119
1756066504539 25.952171325683594 120
1756066504570 29.019397735595703 121
1756066504598 27.59375 122
1756066504626 24.559900283813477 123
1756066504655 28.886432647705078 124
1756066504684 29.668127059936523 125
1756066504715 24.071352005004883 126
1756066504748 28.964632034301758 127
1756066504780 26.60077667236328 128
1756066504809 32.414485931396484 129
1756066504837 23.38995933532715 130
1756066504866 27.14198112487793 131
1756066504895 26.665130615234375 132
1756066504927 26.953102111816406 133
1756066504959 23.993928909301758 134
1756066504990 25.869916915893555 135
1756066505027 30.24305534362793 136
1756066505061 28.630935668945312 137
1756066505094 27.942947387695312 138
1756066505124 25.166488647460938 139
1756066505152 23.962173461914062 140
1756066505181 26.02613639831543 141
1756066505212 27.220285415649414 142
1756066505245 27.47859764099121 143
1756066505278 29.38075065612793 144
1756066505311 25.03053092956543 145
1756066505346 28.079608917236328 146
1756066505381 27.47099494934082 147
1756066505417 25.543758392333984 148
1756066505454 28.26432228088379 149
1756066505491 27.170156478881836 150
1756066505526 25.804019927978516 151
1756066505562 30.147480010986328 152
1756066505596 26.818391799926758 153
1756066505632 25.155960083007812 154
1756066505670 28.217329025268555 155
1756066505704 25.621673583984375 156
1756066505737 29.185977935791016 157
1756066505768 29.513418197631836 158
1756066505801 27.67550277709961 159
1756066505837 26.171079635620117 160
1756066505870 24.693302154541016 161
1756066505901 23.357995986938477 162
1756066505932 25.804691314697266 163
1756066505964 26.65643310546875 164
1756066505994 23.428314208984375 165
1756066506024 25.02771759033203 166
1756066506053 25.110118865966797 167
1756066506082 27.74530029296875 168
1756066506112 25.070589065551758 169
1756066506141 28.664100646972656 170
1756066506171 26.436025619506836 171
1756066506203 29.275951385498047 172
1756066506237 30.325908660888672 173
1756066506267 28.78194808959961 174
1756066506298 26.05686378479004 175
1756066506331 26.356870651245117 176
1756066506363 25.925838470458984 177
1756066506395 24.33285140991211 178
1756066506426 25.541135787963867 179
1756066506455 24.76017951965332 180
1756066506483 24.69219970703125 181
1756066506512 23.579641342163086 182
1756066506542 26.557910919189453 183
1756066506570 26.4521484375 184
1756066506599 23.436229705810547 185
1756066506628 23.232616424560547 186
1756066506657 28.290090560913086 187
1756066506689 25.634578704833984 188
1756066506722 25.944101333618164 189
1756066506752 27.439945220947266 190
1756066506781 28.2119197845459 191
1756066506814 22.89788818359375 192
1756066506844 28.232192993164062 193
1756066506873 28.212488174438477 194
1756066506902 24.700788497924805 195
1756066506931 27.445297241210938 196
1756066506961 26.7182559967041 197
1756066506990 29.111520767211914 198
1756066507023 22.585176467895508 199
1756066507056 27.818029403686523 200
1756066507089 27.667194366455078 201
1756066507118 24.765625 202
1756066507147 25.428123474121094 203
1756066507176 26.04960060119629 204
1756066507205 26.337785720825195 205
1756066507234 27.26327896118164 206
1756066507263 26.205631256103516 207
1756066507292 27.847742080688477 208
1756066507356 24.938161849975586 210
1756066507392 30.25880241394043 211
1756066507424 24.51502227783203 212
1756066507458 28.76914405822754 213
1756066507494 28.620298385620117 214
1756066507529 26.826828002929688 215
1756066507565 27.08844566345215 216
1756066507601 26.735307693481445 217
1756066507638 25.39300537109375 218
1756066507674 24.779386520385742 219
1756066507710 27.939380645751953 220
1756066507748 26.623924255371094 221
1756066507323 22.405054092407227 209
1756066507786 29.263656616210938 222
1756066507820 27.787569046020508 223
1756066507855 26.577465057373047 224
1756066507889 25.722126007080078 225
1756066507922 30.262657165527344 226
1756066507956 27.80902099609375 227
1756066507990 25.37919044494629 228
1756066508024 22.9299373626709 229
1756066508058 26.730348587036133 230
1756066508091 28.690143585205078 231
1756066508124 25.145877838134766 232
1756066508157 25.475685119628906 233
1756066508190 27.863975524902344 234
1756066508223 25.575040817260742 235
1756066508255 25.143653869628906 236
1756066508289 25.11551284790039 237
1756066508322 28.518272399902344 238
1756066508355 24.76116943359375 239
1756066508388 26.360668182373047 240
1756066508422 28.319507598876953 241
1756066508455 25.508535385131836 242
1756066508488 26.116628646850586 243
1756066508521 27.667078018188477 244
1756066508555 25.714134216308594 245
1756066508589 23.488182067871094 246
1756066508621 25.92237663269043 247
1756066508653 29.61720085144043 248
1756066508685 29.45722198486328 249
1756066508717 23.693065643310547 250
1756066508750 26.50892448425293 251
1756066508781 22.9523868560791 252
1756066508813 27.866975784301758 253
1756066508846 28.60712432861328 254
1756066508878 26.573671340942383 255
1756066508910 30.907432556152344 256
1756066508942 29.01466178894043 257
1756066508974 26.45074462890625 258
1756066509006 25.936481475830078 259
1756066509036 33.85542678833008 260
1756066509065 24.859174728393555 261
1756066509098 23.072589874267578 262
1756066509130 27.321226119995117 263
1756066509159 24.177490234375 264
1756066509188 24.51802635192871 265
1756066509221 26.925691604614258 266
1756066509254 24.005979537963867 267
1756066509287 23.09625816345215 268
1756066509320 22.57187271118164 269
1756066509352 28.922189712524414 270
1756066509383 24.960046768188477 271
1756066509412 23.27246856689453 272
1756066509440 25.934341430664062 273
1756066509472 25.12098503112793 274
1756066509501 25.123214721679688 275
1756066509531 24.72266960144043 276
1756066509560 26.673748016357422 277
1756066509589 26.476184844970703 278
1756066509618 27.27141761779785 279
1756066509647 24.484891891479492 280
1756066509677 26.017311096191406 281
1756066509708 24.052942276000977 282
1756066509737 26.496875762939453 283
1756066509769 26.427570343017578 284
1756066509802 26.1708927154541 285
1756066509835 24.787967681884766 286
1756066509868 26.900108337402344 287
1756066509900 27.060842514038086 288
1756066509931 30.79949378967285 289
1756066509963 26.74687385559082 290
1756066509996 28.190284729003906 291
1756066510029 24.968360900878906 292
1756066510061 25.16975212097168 293
1756066510093 26.427778244018555 294
1756066510124 25.18743133544922 295
1756066510158 26.74965476989746 296
1756066510192 25.322141647338867 297
1756066510225 27.817028045654297 298
1756066510259 26.226600646972656 299
1756066518368 48.801231384277344 0
1756066518402 48.73143005371094 1
1756066518443 48.58647537231445 2
1756066518488 48.45602798461914 3
1756066518536 48.30276870727539 4
1756066518582 48.043357849121094 5
1756066518625 47.93844985961914 6
1756066518659 47.66094207763672 7
1756066518692 47.32696533203125 8
1756066518723 47.337677001953125 9
1756066518756 46.62676239013672 10
1756066518787 46.552635192871094 11
1756066518817 46.49390411376953 12
1756066518848 45.05719757080078 13
1756066518879 45.09428024291992 14
1756066518910 45.32337951660156 15
1756066518938 44.31090545654297 16
1756066518968 44.01778030395508 17
1756066518997 42.63093185424805 18
1756066519026 41.9824104309082 19
1756066519059 43.28898239135742 20
1756066519092 36.900089263916016 21
1756066519124 40.562442779541016 22
1756066519154 40.91730499267578 23
1756066519183 34.463321685791016 24
1756066519212 34.778995513916016 25
1756066519241 32.80422592163086 26
1756066519271 33.50391387939453 27
1756066519300 31.5008602142334 28
1756066519329 30.88052749633789 29
1756066519358 30.06581687927246 30
1756066519390 31.4184513092041 31
1756066519423 31.552764892578125 32
1756066519456 30.73862648010254 33
1756066519490 28.443979263305664 34
1756066519523 31.67323112487793 35
1756066519556 29.554527282714844 36
1756066519588 30.681514739990234 37
1756066519621 30.81434440612793 38
1756066519651 32.28004455566406 39
1756066519680 30.8192195892334 40
1756066519709 26.12248992919922 41
1756066519740 23.89817237854004 42
1756066519770 31.34920883178711 43
1756066519799 29.432754516601562 44
1756066519828 31.6490421295166 45
1756066519857 29.124149322509766 46
1756066519886 28.3753719329834 47
1756066519915 29.435102462768555 48
1756066519943 25.35331916809082 49
1756066519972 28.582719802856445 50
1756066520001 29.316532135009766 51
1756066520030 29.484975814819336 52
1756066520059 28.36726188659668 53
1756066520089 27.93263053894043 54
1756066520121 29.58125114440918 55
1756066520153 30.405366897583008 56
1756066520185 27.829437255859375 57
1756066520217 25.39565086364746 58
1756066520250 26.68680763244629 59
1756066520282 34.146881103515625 60
1756066520313 28.03580665588379 61
1756066520347 30.077070236206055 62
1756066520380 27.708126068115234 63
1756066520411 30.592304229736328 64
1756066520443 27.792715072631836 65
1756066520475 31.133207321166992 66
1756066520505 23.49849510192871 67
1756066520537 28.704370498657227 68
1756066520569 31.881738662719727 69
1756066520601 31.34764289855957 70
1756066520633 28.5660457611084 71
1756066520666 26.518123626708984 72
1756066520700 29.601396560668945 73
1756066520735 32.112030029296875 74
1756066520768 31.586669921875 75
1756066520797 28.67811393737793 76
1756066520825 28.72159767150879 77
1756066520854 30.250703811645508 78
1756066520883 31.336454391479492 79
1756066520912 31.53132438659668 80
1756066520941 31.832069396972656 81
1756066520970 27.438539505004883 82
1756066520998 26.337589263916016 83
1756066521027 29.698320388793945 84
1756066521059 28.327211380004883 85
1756066521089 32.23095703125 86
1756066521119 28.804458618164062 87
1756066521149 28.960330963134766 88
1756066521178 28.507226943969727 89
1756066521208 31.95427703857422 90
1756066521238 28.78926658630371 91
1756066521267 31.522743225097656 92
1756066521299 28.619247436523438 93
1756066521332 22.902400970458984 94
1756066521363 30.767616271972656 95
1756066521395 32.464683532714844 96
1756066521427 30.40801239013672 97
1756066521458 29.34170913696289 98
1756066521490 24.046295166015625 99
1756066521522 28.95383644104004 100
1756066521553 28.170635223388672 101
1756066521584 29.359643936157227 102
1756066521616 33.668365478515625 103
1756066521648 30.089052200317383 104
1756066521680 30.966712951660156 105
1756066521711 30.35127067565918 106
1756066521743 29.406719207763672 107
1756066521777 27.364715576171875 108
1756066521813 30.11379051208496 109
1756066521846 28.845420837402344 110
1756066521875 28.95633316040039 111
1756066521909 30.910795211791992 112
1756066521940 32.59932327270508 113
1756066521974 28.796070098876953 114
1756066522005 28.144466400146484 115
1756066522034 28.205053329467773 116
1756066522063 30.196088790893555 117
1756066522093 27.46552848815918 118
1756066522122 32.63651657104492 119
1756066522152 32.628196716308594 120
1756066522181 31.338851928710938 121
1756066522211 25.0565128326416 122
1756066522241 24.34429359436035 123
1756066522271 30.27751350402832 124
1756066522301 33.44647216796875 125
1756066522334 26.384790420532227 126
1756066522365 24.90360450744629 127
1756066522394 29.586509704589844 128
1756066522426 29.43471336364746 129
1756066522457 29.36915397644043 130
1756066522489 32.62522506713867 131
1756066522522 25.445783615112305 132
1756066522554 31.08973503112793 133
1756066522587 32.64116668701172 134
1756066522619 32.8061408996582 135
1756066522653 24.973304748535156 136
1756066522687 32.58298110961914 137
1756066522721 27.297391891479492 138
1756066522752 28.463886260986328 139
1756066522783 28.610380172729492 140
1756066522814 31.309627532958984 141
1756066522847 29.36312484741211 142
1756066522881 23.92622947692871 143
1756066522913 25.455968856811523 144
1756066522947 30.806352615356445 145
1756066522980 29.373929977416992 146
1756066523009 26.039905548095703 147
1756066523037 30.12959098815918 148
1756066523070 30.32918930053711 149
1756066523102 29.427236557006836 150
1756066523136 26.237091064453125 151
1756066523164 29.255584716796875 152
1756066523194 27.98050880432129 153
1756066523227 28.658349990844727 154
1756066523260 26.79402732849121 155
1756066523294 26.070552825927734 156
1756066523327 27.155630111694336 157
1756066523361 28.921348571777344 158
1756066523395 29.532808303833008 159
1756066523424 30.307279586791992 160
1756066523456 27.0313663482666 161
1756066523490 30.887588500976562 162
1756066523520 29.771875381469727 163
1756066523552 29.911026000976562 164
1756066523586 22.947330474853516 165
1756066523620 34.31261444091797 166
1756066523648 28.441425323486328 167
1756066523677 31.14742088317871 168
1756066523706 27.8298397064209 169
1756066523735 29.199710845947266 170
1756066523765 26.89307975769043 171
1756066523795 27.08726692199707 172
1756066523824 27.71843147277832 173
1756066523855 28.868377685546875 174
1756066523884 30.84541130065918 175
1756066523913 29.390850067138672 176
1756066523943 30.46149444580078 177
1756066523973 29.800859451293945 178
1756066524004 27.648080825805664 179
1756066524034 28.378726959228516 180
1756066524066 26.358461380004883 181
1756066524096 23.337791442871094 182
1756066524125 27.72715950012207 183
1756066524154 30.566747665405273 184
1756066524183 25.985605239868164 185
1756066524213 29.92476463317871 186
1756066524242 27.767894744873047 187
1756066524271 28.94302749633789 188
1756066524301 31.906469345092773 189
1756066524331 25.473094940185547 190
1756066524363 30.50999641418457 191
1756066524395 26.495361328125 192
1756066524426 32.43708419799805 193
1756066524458 25.73171043395996 194
1756066524490 27.981773376464844 195
1756066524519 26.67561149597168 196
1756066524548 26.97734832763672 197
1756066524578 31.667011260986328 198
1756066524607 28.24482536315918 199
1756066524637 28.719106674194336 200
1756066524666 28.165302276611328 201
1756066524699 23.961833953857422 202
1756066524729 27.13436508178711 203
1756066524759 24.090818405151367 204
1756066524788 28.25010108947754 205
1756066524817 30.85506248474121 206
1756066524847 25.807348251342773 207
1756066524876 26.356279373168945 208
1756066524906 29.81523323059082 209
1756066524936 31.10723114013672 210
1756066524965 24.2442684173584 211
1756066524995 28.86617660522461 212
1756066525024 24.239009857177734 213
1756066525053 28.430747985839844 214
1756066525082 26.667144775390625 215
1756066525111 27.8763370513916 216
1756066525140 23.99424171447754 217
1756066525169 28.87839698791504 218
1756066525198 31.19193458557129 219
1756066525227 30.03092384338379 220
1756066525256 23.038875579833984 221
1756066525286 25.11935806274414 222
1756066525314 32.8602180480957 223
1756066525343 32.431583404541016 224
1756066525375 27.30282211303711 225
1756066525407 29.690073013305664 226
1756066525437 27.084707260131836 227
1756066525467 26.9675350189209 228
1756066525496 29.649526596069336 229
1756066525527 30.059520721435547 230
1756066525557 25.546236038208008 231
1756066525586 31.12885284423828 232
1756066525616 29.851987838745117 233
1756066525645 27.562593460083008 234
1756066525674 27.8812313079834 235
1756066525703 35.53294372558594 236
1756066525734 25.792116165161133 237
1756066525767 24.914140701293945 238
1756066525796 27.701353073120117 239
1756066525826 27.28264617919922 240
1756066525857 27.052459716796875 241
1756066525887 29.09650421142578 242
1756066525918 30.257450103759766 243
1756066525948 30.81966781616211 244
1756066525978 31.82197380065918 245
1756066526008 27.625869750976562 246
1756066526038 24.732097625732422 247
1756066526070 25.048803329467773 248
1756066526099 24.82819175720215 249
1756066526128 27.100536346435547 250
1756066526159 28.893985748291016 251
1756066526194 28.42818832397461 252
1756066526223 28.785049438476562 253
1756066526252 30.2681827545166 254
1756066526287 29.944438934326172 255
1756066526322 26.567163467407227 256
1756066526358 25.928293228149414 257
1756066526393 27.59907341003418 258
1756066526428 28.688695907592773 259
1756066526461 31.302602767944336 260
1756066526496 25.511566162109375 261
1756066526527 24.565019607543945 262
1756066526559 30.869571685791016 263
1756066526592 29.49372100830078 264
1756066526627 26.14887809753418 265
1756066526661 29.063207626342773 266
1756066526694 36.030513763427734 267
1756066526728 24.901683807373047 268
1756066526757 27.034507751464844 269
1756066526786 28.292142868041992 270
1756066526814 26.702205657958984 271
1756066526843 29.71731948852539 272
1756066526871 29.1048641204834 273
1756066526899 27.050445556640625 274
1756066526928 29.625194549560547 275
1756066526959 30.572647094726562 276
1756066526988 33.11371612548828 277
1756066527021 26.52610206604004 278
1756066527057 26.85004425048828 279
1756066527091 30.972640991210938 280
1756066527123 30.9789981842041 281
1756066527151 30.68570327758789 282
1756066527184 29.341114044189453 283
1756066527213 28.62339973449707 284
1756066527242 28.5101375579834 285
1756066527270 26.102691650390625 286
1756066527300 26.461444854736328 287
1756066527330 29.85831069946289 288
1756066527359 28.731285095214844 289
1756066527388 27.181869506835938 290
1756066527419 26.869712829589844 291
1756066527448 29.57804298400879 292
1756066527477 28.941390991210938 293
1756066527506 25.65809440612793 294
1756066527536 25.837554931640625 295
1756066527565 28.375112533569336 296
1756066527595 28.83260726928711 297
1756066527624 26.281972885131836 298
1756066527653 29.191978454589844 299
1756066535765 50.147464752197266 0
1756066535797 49.96654510498047 1
1756066535825 49.914886474609375 2
1756066535853 49.75204849243164 3
1756066535883 49.596824645996094 4
1756066535911 49.38865280151367 5
1756066535940 49.14899826049805 6
1756066535968 48.74412536621094 7
1756066535997 48.64158630371094 8
1756066536025 48.394222259521484 9
1756066536058 48.19485092163086 10
1756066536092 47.73748779296875 11
1756066536126 46.69725799560547 12
1756066536156 46.01111602783203 13
1756066536185 45.78075408935547 14
1756066536214 44.71858215332031 15
1756066536244 44.28886413574219 16
1756066536273 42.04716491699219 17
1756066536303 41.21135330200195 18
1756066536332 39.68518829345703 19
1756066536361 38.67967987060547 20
1756066536391 38.71547317504883 21
1756066536423 35.17861557006836 22
1756066536452 31.62822151184082 23
1756066536483 29.240501403808594 24
1756066536515 29.137840270996094 25
1756066536549 29.337459564208984 26
1756066536581 27.260967254638672 27
1756066536613 24.486602783203125 28
1756066536645 25.834697723388672 29
1756066536677 26.545581817626953 30
1756066536707 26.114377975463867 31
1756066536735 24.22245216369629 32
1756066536764 27.65245246887207 33
1756066536793 27.15416145324707 34
1756066536822 25.71331787109375 35
1756066536851 26.627229690551758 36
1756066536883 29.743297576904297 37
1756066536916 31.871471405029297 38
1756066536945 25.1332950592041 39
1756066536974 27.567598342895508 40
1756066537003 30.932334899902344 41
1756066537031 24.506755828857422 42
1756066537060 27.77686882019043 43
1756066537090 27.420612335205078 44
1756066537119 24.53440284729004 45
1756066537147 20.74755859375 46
1756066537176 26.42064666748047 47
1756066537205 30.754953384399414 48
1756066537233 30.26365852355957 49
1756066537262 28.58965301513672 50
1756066537291 25.764320373535156 51
1756066537322 30.368709564208984 52
1756066537352 26.283164978027344 53
1756066537380 28.44793128967285 54
1756066537408 28.11182975769043 55
1756066537439 27.43897819519043 56
1756066537472 25.310373306274414 57
1756066537506 24.117321014404297 58
1756066537534 30.009647369384766 59
1756066537563 23.785547256469727 60
1756066537592 24.035667419433594 61
1756066537621 25.30911636352539 62
1756066537650 25.804882049560547 63
1756066537679 23.955739974975586 64
1756066537709 23.005630493164062 65
1756066537743 25.676342010498047 66
1756066537779 26.911653518676758 67
1756066537809 24.6546573638916 68
1756066537838 22.746814727783203 69
1756066537867 27.25267219543457 70
1756066537898 25.171525955200195 71
1756066537927 27.570661544799805 72
1756066537956 24.516366958618164 73
1756066537985 24.085670471191406 74
1756066538017 27.17352294921875 75
1756066538047 26.086139678955078 76
1756066538080 26.72163200378418 77
1756066538111 25.9584903717041 78
1756066538140 22.277511596679688 79
1756066538169 24.666629791259766 80
1756066538198 21.45360565185547 81
1756066538227 25.80781364440918 82
1756066538257 21.62973403930664 83
1756066538286 25.44550323486328 84
1756066538318 26.080928802490234 85
1756066538347 26.56157875061035 86
1756066538375 24.6273136138916 87
1756066538408 23.429309844970703 88
1756066538439 24.373634338378906 89
1756066538468 23.24065589904785 90
1756066538497 19.123310089111328 91
1756066538526 24.69938087463379 92
1756066538559 24.06488609313965 93
1756066538589 27.420574188232422 94
1756066538620 24.812240600585938 95
1756066538650 24.404186248779297 96
1756066538683 25.362607955932617 97
1756066538715 24.718900680541992 98
1756066538747 22.434127807617188 99
1756066538778 27.333715438842773 100
1756066538810 20.277019500732422 101
1756066538841 25.351919174194336 102
1756066538873 25.954864501953125 103
1756066538907 25.29173469543457 104
1756066538939 28.988473892211914 105
1756066538970 23.61833381652832 106
1756066539003 25.87962532043457 107
1756066539035 26.317039489746094 108
1756066539066 25.845829010009766 109
1756066539098 22.388540267944336 110
1756066539130 22.694475173950195 111
1756066539163 26.081775665283203 112
1756066539195 24.527402877807617 113
1756066539228 26.83871841430664 114
1756066539257 26.540000915527344 115
1756066539286 28.21862030029297 116
1756066539315 20.174896240234375 117
1756066539344 26.606569290161133 118
1756066539373 25.20659065246582 119
1756066539402 27.518278121948242 120
1756066539431 25.269287109375 121
1756066539460 22.738557815551758 122
1756066539492 25.00728988647461 123
1756066539525 23.301868438720703 124
1756066539559 25.091472625732422 125
1756066539592 27.24041748046875 126
1756066539625 22.443687438964844 127
1756066539659 23.243139266967773 128
1756066539690 23.463401794433594 129
1756066539719 22.19976234436035 130
1756066539747 25.752431869506836 131
1756066539776 25.646440505981445 132
1756066539805 23.976192474365234 133
1756066539834 21.62078285217285 134
1756066539863 22.335206985473633 135
1756066539893 28.291452407836914 136
1756066539923 25.02537727355957 137
1756066539952 22.651193618774414 138
1756066539981 27.35893440246582 139
1756066540010 24.02383804321289 140
1756066540039 25.30152702331543 141
1756066540069 22.202999114990234 142
1756066540101 23.35091209411621 143
1756066540131 26.73321533203125 144
1756066540160 22.34326171875 145
1756066540188 24.608205795288086 146
1756066540217 26.11251449584961 147
1756066540247 27.025854110717773 148
1756066540278 25.111671447753906 149
1756066540307 24.452098846435547 150
1756066540336 25.708965301513672 151
1756066540366 22.73986053466797 152
1756066540395 24.11418342590332 153
1756066540426 24.98030662536621 154
1756066540460 24.481346130371094 155
1756066540494 21.360319137573242 156
1756066540526 20.562536239624023 157
1756066540560 27.24155616760254 158
1756066540592 25.33734130859375 159
1756066540625 25.640256881713867 160
1756066540658 24.246702194213867 161
1756066540690 23.782512664794922 162
1756066540722 19.871408462524414 163
1756066540753 23.608430862426758 164
1756066540782 28.260196685791016 165
1756066540811 26.934240341186523 166
1756066540840 23.98922348022461 167
1756066540869 23.943477630615234 168
1756066540898 19.827392578125 169
1756066540928 25.457517623901367 170
1756066540958 24.190113067626953 171
1756066540987 23.543107986450195 172
1756066541016 23.163291931152344 173
1756066541048 24.059024810791016 174
1756066541077 23.95067024230957 175
1756066541108 23.494604110717773 176
1756066541137 30.09707260131836 177
1756066541166 24.551156997680664 178
1756066541196 23.424959182739258 179
1756066541225 24.521381378173828 180
1756066541255 25.439159393310547 181
1756066541287 23.626646041870117 182
1756066541315 19.90299415588379 183
1756066541344 21.87244987487793 184
1756066541372 25.033000946044922 185
1756066541401 25.867868423461914 186
1756066541430 24.56988525390625 187
1756066541459 25.878887176513672 188
1756066541492 22.399879455566406 189
1756066541521 25.388404846191406 190
1756066541553 27.368345260620117 191
1756066541585 22.403921127319336 192
1756066541614 29.494800567626953 193
1756066541643 26.80487060546875 194
1756066541673 29.45567512512207 195
1756066541706 24.75063133239746 196
1756066541738 25.836477279663086 197
1756066541773 23.899578094482422 198
1756066541804 29.133520126342773 199
1756066541833 25.50432777404785 200
1756066541862 23.345508575439453 201
1756066541892 25.07633399963379 202
1756066541922 21.101049423217773 203
1756066541951 24.145776748657227 204
1756066541984 26.621965408325195 205
1756066542017 24.489553451538086 206
1756066542050 23.71253204345703 207
1756066542083 23.224050521850586 208
1756066542117 21.39466667175293 209
1756066542151 24.241195678710938 210
1756066542181 22.708040237426758 211
1756066542210 27.38193130493164 212
1756066542239 22.52477264404297 213
1756066542269 21.424457550048828 214
1756066542301 22.190587997436523 215
1756066542330 24.190340042114258 216
1756066542359 23.294191360473633 217
1756066542388 28.632774353027344 218
1756066542418 29.58307456970215 219
1756066542446 29.562589645385742 220
1756066542476 23.856348037719727 221
1756066542505 20.405879974365234 222
1756066542534 24.443899154663086 223
1756066542568 21.31792640686035 224
1756066542599 25.740753173828125 225
1756066542628 24.172941207885742 226
1756066542657 22.18620491027832 227
1756066542687 22.827224731445312 228
1756066542716 24.300344467163086 229
1756066542745 24.40418815612793 230
1756066542775 24.08746910095215 231
1756066542804 25.562644958496094 232
1756066542833 20.13044548034668 233
1756066542862 25.990741729736328 234
1756066542893 20.482694625854492 235
1756066542923 23.68758201599121 236
1756066542952 27.11682891845703 237
1756066542981 23.78702735900879 238
1756066543011 22.5048770904541 239
1756066543041 22.128292083740234 240
1756066543075 23.811967849731445 241
1756066543108 24.53617286682129 242
1756066543138 25.032691955566406 243
1756066543167 28.26510238647461 244
1756066543197 28.02851676940918 245
1756066543226 26.758907318115234 246
1756066543255 23.48248863220215 247
1756066543285 22.03134536743164 248
1756066543314 22.723365783691406 249
1756066543347 21.832834243774414 250
1756066543380 22.82254981994629 251
1756066543413 24.931507110595703 252
1756066543445 22.798748016357422 253
1756066543479 23.697998046875 254
1756066543513 26.193775177001953 255
1756066543544 27.9184627532959 256
1756066543575 26.964561462402344 257
1756066543607 26.507434844970703 258
1756066543638 22.22288703918457 259
1756066543669 25.97705841064453 260
1756066543699 21.172649383544922 261
1756066543730 22.288288116455078 262
1756066543761 20.953960418701172 263
1756066543790 22.95496368408203 264
1756066543820 23.87078857421875 265
1756066543850 24.697492599487305 266
1756066543882 22.964162826538086 267
1756066543913 22.436763763427734 268
1756066543945 23.63079261779785 269
1756066543975 23.495664596557617 270
1756066544006 26.660396575927734 271
1756066544036 24.729976654052734 272
1756066544069 23.963211059570312 273
1756066544102 19.377086639404297 274
1756066544131 22.56065559387207 275
1756066544161 23.274282455444336 276
1756066544194 22.798622131347656 277
1756066544230 26.366636276245117 278
1756066544261 21.527257919311523 279
1756066544289 24.672252655029297 280
1756066544319 24.043325424194336 281
1756066544348 25.09345245361328 282
1756066544378 22.34574317932129 283
1756066544407 25.82091522216797 284
1756066544437 24.464576721191406 285
1756066544467 21.48554801940918 286
1756066544497 27.209304809570312 287
1756066544527 23.687833786010742 288
1756066544559 21.987937927246094 289
1756066544594 22.500247955322266 290
1756066544627 21.242341995239258 291
1756066544657 23.926145553588867 292
1756066544687 23.594913482666016 293
1756066544717 22.873952865600586 294
1756066544746 27.362911224365234 295
1756066544776 26.69515037536621 296
1756066544805 21.97466278076172 297
1756066544835 27.602428436279297 298
1756066544865 23.995872497558594 299
1756066552971 48.824703216552734 0
1756066553004 48.82518768310547 1
1756066553036 48.778072357177734 2
1756066553067 48.75330352783203 3
1756066553098 48.6948356628418 4
1756066553129 48.474422454833984 5
1756066553160 48.22915267944336 6
1756066553192 48.19027328491211 7
1756066553221 48.00707244873047 8
1756066553249 47.88228225708008 9
1756066553279 47.54758834838867 10
1756066553312 47.10451889038086 11
1756066553342 47.20830535888672 12
1756066553371 46.51813888549805 13
1756066553400 46.30428695678711 14
1756066553429 45.72966384887695 15
1756066553459 45.68946838378906 16
1756066553490 45.91060256958008 17
1756066553519 44.16963195800781 18
1756066553549 44.36761474609375 19
1756066553582 43.81186294555664 20
1756066553614 42.602596282958984 21
1756066553646 41.686397552490234 22
1756066553681 40.69834899902344 23
1756066553713 41.56016540527344 24
1756066553741 38.21617889404297 25
1756066553770 39.29569625854492 26
1756066553802 38.69660186767578 27
1756066553834 34.981407165527344 28
1756066553866 36.01856231689453 29
1756066553897 35.61674499511719 30
1756066553928 32.61135482788086 31
1756066553956 36.04097366333008 32
1756066553986 32.73200225830078 33
1756066554015 32.601707458496094 34
1756066554044 28.40787124633789 35
1756066554078 31.457901000976562 36
1756066554112 27.605262756347656 37
1756066554145 29.76957130432129 38
1756066554178 31.385066986083984 39
1756066554206 29.23868751525879 40
1756066554234 26.5067195892334 41
1756066554264 31.859336853027344 42
1756066554294 27.783798217773438 43
1756066554323 31.631128311157227 44
1756066554352 27.503643035888672 45
1756066554382 29.588619232177734 46
1756066554411 28.453550338745117 47
1756066554440 30.798038482666016 48
1756066554469 29.523550033569336 49
1756066554499 31.661317825317383 50
1756066554528 29.588666915893555 51
1756066554560 29.5349178314209 52
1756066554590 27.35774040222168 53
1756066554620 30.78718376159668 54
1756066554649 30.792856216430664 55
1756066554679 25.7135009765625 56
1756066554710 29.697650909423828 57
1756066554739 24.68392562866211 58
1756066554768 26.40421485900879 59
1756066554798 26.43604850769043 60
1756066554832 29.2427921295166 61
1756066554868 26.538768768310547 62
1756066554902 28.647167205810547 63
1756066554936 28.1914119720459 64
1756066554969 27.55537223815918 65
1756066555002 31.178604125976562 66
1756066555032 31.541690826416016 67
1756066555065 29.302568435668945 68
1756066555097 29.4558162689209 69
1756066555128 29.72673225402832 70
1756066555161 29.532573699951172 71
1756066555193 26.65073585510254 72
1756066555223 28.915630340576172 73
1756066555251 26.092676162719727 74
1756066555279 30.2073974609375 75
1756066555310 30.00041389465332 76
1756066555343 30.023563385009766 77
1756066555375 25.579959869384766 78
1756066555405 28.997831344604492 79
1756066555434 27.87971305847168 80
1756066555466 27.121856689453125 81
1756066555499 29.560443878173828 82
1756066555528 31.269819259643555 83
1756066555557 26.6917781829834 84
1756066555586 26.183740615844727 85
1756066555617 28.73460578918457 86
1756066555647 25.33543586730957 87
1756066555682 27.77055549621582 88
1756066555718 23.638607025146484 89
1756066555747 31.928028106689453 90
1756066555776 27.644296646118164 91
1756066555804 26.946992874145508 92
1756066555833 28.8984432220459 93
1756066555862 28.40155792236328 94
1756066555891 29.016416549682617 95
1756066555925 31.29166030883789 96
1756066555962 27.9285945892334 97
1756066555993 27.789794921875 98
1756066556023 29.200454711914062 99
1756066556053 30.644718170166016 100
1756066556083 28.016780853271484 101
1756066556113 26.982925415039062 102
1756066556144 26.774154663085938 103
1756066556174 30.445850372314453 104
1756066556203 23.394573211669922 105
1756066556234 25.627721786499023 106
1756066556264 25.211944580078125 107
1756066556292 26.76814079284668 108
1756066556324 27.35860824584961 109
1756066556354 22.76420021057129 110
1756066556387 29.95863151550293 111
1756066556417 23.793235778808594 112
1756066556450 28.309326171875 113
1756066556484 24.534597396850586 114
1756066556516 28.403764724731445 115
1756066556549 26.365137100219727 116
1756066556581 28.932138442993164 117
1756066556613 24.28226661682129 118
1756066556644 24.872344970703125 119
1756066556673 25.84699058532715 120
1756066556702 26.578121185302734 121
1756066556731 28.24752426147461 122
1756066556760 27.39487648010254 123
1756066556789 25.621389389038086 124
1756066556819 28.833749771118164 125
1756066556848 26.884098052978516 126
1756066556876 25.58041000366211 127
1756066556905 25.056886672973633 128
1756066556934 25.042831420898438 129
1756066556963 26.202695846557617 130
1756066556992 27.75916862487793 131
1756066557021 28.202335357666016 132
1756066557049 24.085092544555664 133
1756066557079 28.97344207763672 134
1756066557108 30.668682098388672 135
1756066557137 26.778417587280273 136
1756066557166 30.97606086730957 137
1756066557195 29.635635375976562 138
1756066557224 26.565879821777344 139
1756066557253 28.622314453125 140
1756066557282 26.618167877197266 141
1756066557311 26.38709831237793 142
1756066557341 25.43977928161621 143
1756066557370 31.4636287689209 144
1756066557400 29.37260627746582 145
1756066557429 29.627593994140625 146
1756066557458 27.939537048339844 147
1756066557491 26.858489990234375 148
1756066557524 26.239850997924805 149
1756066557558 26.828319549560547 150
1756066557591 27.125879287719727 151
1756066557621 25.085350036621094 152
1756066557649 25.48310661315918 153
1756066557678 25.5826416015625 154
1756066557709 26.469179153442383 155
1756066557737 30.297489166259766 156
1756066557766 28.022289276123047 157
1756066557795 31.469886779785156 158
1756066557827 25.459651947021484 159
1756066557862 25.655149459838867 160
1756066557896 26.64655876159668 161
1756066557927 26.6726131439209 162
1756066557958 24.045015335083008 163
1756066557987 30.616851806640625 164
1756066558016 26.504497528076172 165
1756066558046 28.825176239013672 166
1756066558076 26.014923095703125 167
1756066558105 26.765506744384766 168
1756066558135 28.376283645629883 169
1756066558164 27.00291633605957 170
1756066558198 27.37838363647461 171
1756066558231 31.410762786865234 172
1756066558263 28.820926666259766 173
1756066558294 26.603925704956055 174
1756066558325 25.014785766601562 175
1756066558353 32.34801483154297 176
1756066558380 27.424726486206055 177
1756066558409 28.968486785888672 178
1756066558438 26.854000091552734 179
1756066558467 26.9880428314209 180
1756066558497 29.74608039855957 181
1756066558532 25.509374618530273 182
1756066558566 27.64202117919922 183
1756066558598 27.261728286743164 184
1756066558627 27.762250900268555 185
1756066558656 31.143417358398438 186
1756066558685 27.766733169555664 187
1756066558715 31.623382568359375 188
1756066558746 27.838457107543945 189
1756066558774 28.864805221557617 190
1756066558803 29.975849151611328 191
1756066558832 30.890527725219727 192
1756066558860 29.177289962768555 193
1756066558891 28.42594337463379 194
1756066558926 25.349857330322266 195
1756066558958 24.119281768798828 196
1756066558987 29.686479568481445 197
1756066559016 27.675586700439453 198
1756066559045 26.071805953979492 199
1756066559078 27.081729888916016 200
1756066559108 27.134916305541992 201
1756066559136 27.40108871459961 202
1756066559170 24.86359977722168 203
1756066559201 25.313232421875 204
1756066559233 25.281124114990234 205
1756066559265 29.795303344726562 206
1756066559297 23.36033821105957 207
1756066559328 28.756168365478516 208
1756066559360 25.209814071655273 209
1756066559392 28.821552276611328 210
1756066559420 28.289213180541992 211
1756066559449 27.951873779296875 212
1756066559480 28.42659568786621 213
1756066559510 30.6314640045166 214
1756066559539 26.59195899963379 215
1756066559571 30.006954193115234 216
1756066559604 25.714794158935547 217
1756066559634 28.010366439819336 218
1756066559663 28.74323272705078 219
1756066559692 26.746612548828125 220
1756066559722 26.48866081237793 221
1756066559751 25.097320556640625 222
1756066559780 25.45705223083496 223
1756066559810 27.687358856201172 224
1756066559840 30.076622009277344 225
1756066559871 27.41935157775879 226
1756066559904 28.20255470275879 227
1756066559936 31.919715881347656 228
1756066559970 28.793941497802734 229
1756066560000 25.647953033447266 230
1756066560031 22.753355026245117 231
1756066560063 29.034555435180664 232
1756066560094 24.482852935791016 233
1756066560123 25.044748306274414 234
1756066560155 27.025815963745117 235
1756066560185 30.320669174194336 236
1756066560213 26.305400848388672 237
1756066560243 28.098344802856445 238
1756066560276 29.30446434020996 239
1756066560306 27.024574279785156 240
1756066560338 25.56002426147461 241
1756066560370 29.1088809967041 242
1756066560399 26.88340187072754 243
1756066560428 23.227558135986328 244
1756066560456 26.70698356628418 245
1756066560486 30.28459930419922 246
1756066560514 27.98917579650879 247
1756066560546 30.34165382385254 248
1756066560575 22.576778411865234 249
1756066560605 29.836366653442383 250
1756066560634 27.231605529785156 251
1756066560664 28.556894302368164 252
1756066560696 28.07253074645996 253
1756066560727 28.670848846435547 254
1756066560756 22.531591415405273 255
1756066560788 26.860809326171875 256
1756066560820 30.72477149963379 257
1756066560850 30.10767936706543 258
1756066560882 24.920902252197266 259
1756066560912 29.131675720214844 260
1756066560941 26.672945022583008 261
1756066560969 28.417911529541016 262
1756066560998 28.82948875427246 263
1756066561029 26.288158416748047 264
1756066561062 27.894145965576172 265
1756066561096 26.783260345458984 266
1756066561132 26.505311965942383 267
1756066561168 28.2048282623291 268
1756066561204 26.517881393432617 269
1756066561239 27.459257125854492 270
1756066561274 27.503637313842773 271
1756066561310 26.94808578491211 272
1756066561345 27.44321632385254 273
1756066561379 27.5172119140625 274
1756066561411 23.826976776123047 275
1756066561444 28.48475456237793 276
1756066561477 28.054662704467773 277
1756066561510 30.608091354370117 278
1756066561542 29.70833396911621 279
1756066561575 26.14274787902832 280
1756066561607 25.825958251953125 281
1756066561639 27.269662857055664 282
1756066561668 21.79788589477539 283
1756066561697 29.36227035522461 284
1756066561726 27.923246383666992 285
1756066561755 27.865015029907227 286
1756066561784 27.005477905273438 287
1756066561813 29.06825065612793 288
1756066561842 26.352357864379883 289
1756066561871 27.782299041748047 290
1756066561902 28.516849517822266 291
1756066561936 24.541553497314453 292
1756066561972 27.948392868041992 293
1756066562002 30.20128059387207 294
1756066562032 24.85620880126953 295
1756066562062 21.871402740478516 296
1756066562096 29.00343894958496 297
1756066562130 25.88508415222168 298
1756066562166 30.10288429260254 299
1756066570276 50.24484634399414 0
1756066570308 50.23844528198242 1
1756066570340 50.209957122802734 2
1756066570371 50.14429473876953 3
1756066570401 50.09642791748047 4
1756066570432 49.94571304321289 5
1756066570463 49.764286041259766 6
1756066570495 49.549739837646484 7
1756066570526 49.336360931396484 8
1756066570558 49.13231658935547 9
1756066570589 49.01985168457031 10
1756066570620 48.37206268310547 11
1756066570652 48.079750061035156 12
1756066570683 47.96730422973633 13
1756066570715 47.52048110961914 14
1756066570746 46.169918060302734 15
1756066570777 45.46167755126953 16
1756066570810 44.630733489990234 17
1756066570842 44.10453796386719 18
1756066570873 44.81248092651367 19
1756066570904 39.4155387878418 20
1756066570936 40.40963363647461 21
1756066570967 38.533321380615234 22
1756066570998 36.61122512817383 23
1756066571030 35.790992736816406 24
1756066571061 32.629554748535156 25
1756066571092 30.723834991455078 26
1756066571124 32.621158599853516 27
1756066571155 31.377307891845703 28
1756066571189 26.677949905395508 29
1756066571220 24.933622360229492 30
1756066571251 24.89337158203125 31
1756066571282 25.731372833251953 32
1756066571315 23.540769577026367 33
1756066571347 27.641620635986328 34
1756066571376 28.459148406982422 35
1756066571406 28.548276901245117 36
1756066571435 33.66029739379883 37
1756066571463 26.26275634765625 38
1756066571492 24.329748153686523 39
1756066571520 25.642620086669922 40
1756066571549 22.901391983032227 41
1756066571578 22.657136917114258 42
1756066571607 24.42911720275879 43
1756066571636 28.10195541381836 44
1756066571665 25.382158279418945 45
1756066571693 26.484106063842773 46
1756066571722 26.06672477722168 47
1756066571751 25.183555603027344 48
1756066571779 22.65456771850586 49
1756066571808 22.210304260253906 50
1756066571837 26.837350845336914 51
1756066571867 22.241670608520508 52
1756066571899 22.787866592407227 53
1756066571930 23.35831069946289 54
1756066571959 25.275768280029297 55
1756066571989 25.403268814086914 56
1756066572023 22.32285499572754 57
1756066572055 22.968135833740234 58
1756066572086 25.889436721801758 59
1756066572117 26.758852005004883 60
1756066572146 24.701148986816406 61
1756066572175 24.75224494934082 62
1756066572208 26.482999801635742 63
1756066572237 25.861337661743164 64
1756066572266 27.15530776977539 65
1756066572295 24.47618865966797 66
1756066572324 21.549903869628906 67
1756066572353 21.419475555419922 68
1756066572382 27.16323471069336 69
1756066572411 23.52762222290039 70
1756066572441 23.28931427001953 71
1756066572470 22.021888732910156 72
1756066572499 21.855510711669922 73
1756066572528 26.12333106994629 74
1756066572557 29.55411720275879 75
1756066572586 25.375564575195312 76
1756066572617 25.192718505859375 77
1756066572646 26.091123580932617 78
1756066572675 25.07488441467285 79
1756066572704 24.132164001464844 80
1756066572733 22.304279327392578 81
1756066572762 28.116531372070312 82
1756066572791 25.63287925720215 83
1756066572820 20.92770004272461 84
1756066572849 24.294588088989258 85
1756066572878 25.678171157836914 86
1756066572907 27.919334411621094 87
1756066572935 26.830928802490234 88
1756066572968 27.059123992919922 89
1756066573001 26.49672508239746 90
1756066573030 26.066747665405273 91
1756066573059 23.868986129760742 92
1756066573090 27.866531372070312 93
1756066573123 21.868539810180664 94
1756066573156 28.394641876220703 95
1756066573188 24.10091209411621 96
1756066573220 25.86219024658203 97
1756066573249 26.09267807006836 98
1756066573282 23.264055252075195 99
1756066573311 26.508419036865234 100
1756066573340 25.826261520385742 101
1756066573370 28.706323623657227 102
1756066573399 26.579792022705078 103
1756066573431 25.978591918945312 104
1756066573464 27.346004486083984 105
1756066573497 25.758363723754883 106
1756066573526 26.0676326751709 107
1756066573555 24.034011840820312 108
1756066573584 28.406339645385742 109
1756066573613 24.83953285217285 110
1756066573642 24.189638137817383 111
1756066573670 26.075902938842773 112
1756066573699 28.544769287109375 113
1756066573728 22.296476364135742 114
1756066573758 21.962438583374023 115
1756066573786 25.88153648376465 116
1756066573820 28.04311180114746 117
1756066573853 25.969453811645508 118
1756066573881 22.904115676879883 119
1756066573910 22.008258819580078 120
1756066573939 26.910606384277344 121
1756066573967 24.107465744018555 122
1756066573996 21.719383239746094 123
1756066574028 24.16196632385254 124
1756066574059 22.11686134338379 125
1756066574092 25.096153259277344 126
1756066574123 22.330005645751953 127
1756066574155 30.302173614501953 128
1756066574187 26.405906677246094 129
1756066574216 22.70748519897461 130
1756066574245 24.157108306884766 131
1756066574275 23.81465721130371 132
1756066574309 24.737869262695312 133
1756066574340 25.1893253326416 134
1756066574370 23.358449935913086 135
1756066574401 24.788406372070312 136
1756066574434 23.569494247436523 137
1756066574466 20.96910858154297 138
1756066574495 22.556062698364258 139
1756066574523 21.073945999145508 140
1756066574551 23.103544235229492 141
1756066574581 25.67399787902832 142
1756066574617 26.040029525756836 143
1756066574648 25.314443588256836 144
1756066574677 22.454730987548828 145
1756066574706 21.268564224243164 146
1756066574735 24.944856643676758 147
1756066574765 23.507869720458984 148
1756066574794 26.772533416748047 149
1756066574824 28.610998153686523 150
1756066574855 26.657575607299805 151
1756066574886 21.71430015563965 152
1756066574917 24.137643814086914 153
1756066574948 22.89781379699707 154
1756066574979 27.184595108032227 155
1756066575011 23.546234130859375 156
1756066575042 22.69679069519043 157
1756066575073 25.915653228759766 158
1756066575105 24.277969360351562 159
1756066575136 25.878826141357422 160
1756066575166 25.268503189086914 161
1756066575195 26.452238082885742 162
1756066575224 26.688404083251953 163
1756066575255 25.41580581665039 164
1756066575288 23.215490341186523 165
1756066575322 27.544448852539062 166
1756066575356 23.903841018676758 167
1756066575390 25.499208450317383 168
1756066575422 25.582672119140625 169
1756066575450 26.991607666015625 170
1756066575480 22.73484992980957 171
1756066575515 22.473337173461914 172
1756066575546 24.633237838745117 173
1756066575577 23.588403701782227 174
1756066575609 25.019630432128906 175
1756066575640 24.20823860168457 176
1756066575673 27.52273941040039 177
1756066575706 21.065216064453125 178
1756066575738 20.51822853088379 179
1756066575769 24.913494110107422 180
1756066575801 23.342056274414062 181
1756066575832 24.21822738647461 182
1756066575864 25.926456451416016 183
1756066575895 21.97589683532715 184
1756066575925 26.525556564331055 185
1756066575955 22.11978530883789 186
1756066575989 25.333290100097656 187
1756066576024 26.834871292114258 188
1756066576058 23.636737823486328 189
1756066576088 23.021968841552734 190
1756066576117 28.547664642333984 191
1756066576148 23.807788848876953 192
1756066576177 24.64426612854004 193
1756066576207 24.507596969604492 194
1756066576241 24.818986892700195 195
1756066576274 22.352283477783203 196
1756066576305 25.85392189025879 197
1756066576337 23.171344757080078 198
1756066576365 23.66239356994629 199
1756066576394 24.092105865478516 200
1756066576424 19.12291145324707 201
1756066576452 26.400680541992188 202
1756066576482 26.667049407958984 203
1756066576511 24.031558990478516 204
1756066576541 23.51422691345215 205
1756066576574 24.69186019897461 206
1756066576604 26.647785186767578 207
1756066576633 21.848772048950195 208
1756066576664 25.605384826660156 209
1756066576697 21.351749420166016 210
1756066576730 22.802139282226562 211
1756066576762 22.50200843811035 212
1756066576794 22.210660934448242 213
1756066576827 24.166101455688477 214
1756066576860 25.727176666259766 215
1756066576893 22.10067367553711 216
1756066576923 24.54736328125 217
1756066576952 30.91360855102539 218
1756066576981 24.785085678100586 219
1756066577010 22.990741729736328 220
1756066577039 23.158084869384766 221
1756066577068 24.633899688720703 222
1756066577097 26.83768081665039 223
1756066577126 24.933116912841797 224
1756066577155 24.641746520996094 225
1756066577184 23.317575454711914 226
1756066577213 25.07586669921875 227
1756066577243 25.422426223754883 228
1756066577278 22.826814651489258 229
1756066577314 24.790313720703125 230
1756066577349 22.71821403503418 231
1756066577383 23.97957420349121 232
1756066577413 25.261798858642578 233
1756066577446 24.03038787841797 234
1756066577480 24.558115005493164 235
1756066577513 25.8731632232666 236
1756066577544 22.241037368774414 237
1756066577575 22.647796630859375 238
1756066577610 25.66336441040039 239
1756066577643 24.765716552734375 240
1756066577673 27.29551887512207 241
1756066577703 22.777177810668945 242
1756066577732 27.977209091186523 243
1756066577761 26.671161651611328 244
1756066577790 21.50196647644043 245
1756066577822 25.141706466674805 246
1756066577855 25.011201858520508 247
1756066577888 25.263015747070312 248
1756066577918 24.988557815551758 249
1756066577947 26.059215545654297 250
1756066577979 21.805709838867188 251
1756066578011 24.415719985961914 252
1756066578043 24.662059783935547 253
1756066578071 22.1527042388916 254
1756066578101 22.668407440185547 255
1756066578133 25.22762680053711 256
1756066578167 24.775779724121094 257
1756066578197 28.243179321289062 258
1756066578226 21.373249053955078 259
1756066578256 27.46904182434082 260
1756066578288 22.584836959838867 261
1756066578320 22.11058807373047 262
1756066578352 21.98382568359375 263
1756066578380 22.972415924072266 264
1756066578408 25.711505889892578 265
1756066578437 22.230924606323242 266
1756066578466 23.584131240844727 267
1756066578495 20.922765731811523 268
1756066578524 25.727779388427734 269
1756066578554 24.46814727783203 270
1756066578583 26.4965763092041 271
1756066578615 23.665576934814453 272
1756066578644 25.111515045166016 273
1756066578676 23.128204345703125 274
1756066578710 21.95488166809082 275
1756066578744 25.213773727416992 276
1756066578778 21.937332153320312 277
1756066578808 27.285001754760742 278
1756066578837 23.670663833618164 279
1756066578867 26.76428985595703 280
1756066578895 24.949687957763672 281
1756066578925 23.023271560668945 282
1756066578954 26.244720458984375 283
1756066578983 22.24778938293457 284
1756066579012 25.70059585571289 285
1756066579041 25.585906982421875 286
1756066579071 21.275630950927734 287
1756066579103 26.435218811035156 288
1756066579136 23.768903732299805 289
1756066579165 25.68934440612793 290
1756066579194 25.818222045898438 291
1756066579224 27.247730255126953 292
1756066579258 27.323930740356445 293
1756066579294 21.114728927612305 294
1756066579324 22.38269805908203 295
1756066579354 26.637231826782227 296
1756066579387 23.32880973815918 297
1756066579418 23.42730712890625 298
1756066579445 21.273193359375 299
1756066587557 48.79523468017578 0
1756066587589 48.69427490234375 1
1756066587621 48.63827133178711 2
1756066587652 48.48260498046875 3
1756066587680 48.350059509277344 4
1756066587710 48.218013763427734 5
1756066587738 48.15995407104492 6
1756066587766 48.040714263916016 7
1756066587795 47.88779067993164 8
1756066587823 47.61703872680664 9
1756066587852 47.26371383666992 10
1756066587880 46.931678771972656 11
1756066587909 46.39011001586914 12
1756066587937 46.47221755981445 13
1756066587965 45.47038269042969 14
1756066587995 45.41809844970703 15
1756066588029 43.82299041748047 16
1756066588065 44.25450134277344 17
1756066588100 43.54465103149414 18
1756066588132 41.20927047729492 19
1756066588161 41.06342697143555 20
1756066588190 39.87827682495117 21
1756066588219 37.83081817626953 22
1756066588250 35.80546188354492 23
1756066588279 34.0513801574707 24
1756066588307 32.27328872680664 25
1756066588335 31.782398223876953 26
1756066588364 31.374237060546875 27
1756066588392 24.71482276916504 28
1756066588421 25.385038375854492 29
1756066588455 24.636322021484375 30
1756066588490 24.878971099853516 31
1756066588523 26.05436134338379 32
1756066588551 26.95103645324707 33
1756066588580 26.08742904663086 34
1756066588612 27.32090187072754 35
1756066588645 26.350006103515625 36
1756066588678 22.53069305419922 37
1756066588710 23.657466888427734 38
1756066588742 20.20294189453125 39
1756066588775 27.239463806152344 40
1756066588806 27.56806755065918 41
1756066588838 21.481035232543945 42
1756066588870 26.709957122802734 43
1756066588903 24.21065330505371 44
1756066588935 26.24574851989746 45
1756066588967 24.89685821533203 46
1756066588999 24.98799705505371 47
1756066589032 29.111888885498047 48
1756066589065 20.77097511291504 49
1756066589098 24.954429626464844 50
1756066589130 25.354122161865234 51
1756066589162 23.838394165039062 52
1756066589195 25.386388778686523 53
1756066589227 22.97075653076172 54
1756066589259 23.12880516052246 55
1756066589292 25.286582946777344 56
1756066589325 25.328031539916992 57
1756066589357 23.872480392456055 58
1756066589388 22.746381759643555 59
1756066589420 23.786285400390625 60
1756066589452 22.139732360839844 61
1756066589485 25.754440307617188 62
1756066589516 24.418813705444336 63
1756066589548 22.810670852661133 64
1756066589580 23.355575561523438 65
1756066589612 22.129552841186523 66
1756066589644 22.738618850708008 67
1756066589676 22.215084075927734 68
1756066589708 24.105812072753906 69
1756066589740 23.22254180908203 70
1756066589773 25.053314208984375 71
1756066589805 24.3013916015625 72
1756066589837 25.1385555267334 73
1756066589869 23.538522720336914 74
1756066589903 22.559667587280273 75
1756066589936 23.24555778503418 76
1756066589969 23.337846755981445 77
1756066589998 24.21644401550293 78
1756066590026 24.414188385009766 79
1756066590055 24.635557174682617 80
1756066590085 21.5018310546875 81
1756066590115 23.446826934814453 82
1756066590143 26.046600341796875 83
1756066590173 21.20203971862793 84
1756066590201 22.693729400634766 85
1756066590232 21.611835479736328 86
1756066590261 25.2205867767334 87
1756066590291 18.893144607543945 88
1756066590324 23.155986785888672 89
1756066590357 21.10416030883789 90
1756066590388 22.83873748779297 91
1756066590417 21.204715728759766 92
1756066590445 23.230804443359375 93
1756066590478 22.620914459228516 94
1756066590511 23.35947608947754 95
1756066590547 26.155122756958008 96
1756066590577 18.644437789916992 97
1756066590609 22.289276123046875 98
1756066590640 23.22027015686035 99
1756066590668 25.376007080078125 100
1756066590697 24.853885650634766 101
1756066590726 22.693227767944336 102
1756066590759 20.955717086791992 103
1756066590787 21.11323356628418 104
1756066590817 21.60197639465332 105
1756066590851 25.911354064941406 106
1756066590886 21.63307762145996 107
1756066590919 24.28333282470703 108
1756066590947 21.876922607421875 109
1756066590975 21.93330955505371 110
1756066591004 22.62706184387207 111
1756066591033 23.43790054321289 112
1756066591063 23.862903594970703 113
1756066591092 21.70789909362793 114
1756066591122 20.34394645690918 115
1756066591151 20.076290130615234 116
1756066591181 26.505088806152344 117
1756066591210 21.701663970947266 118
1756066591239 19.3879451751709 119
1756066591268 22.438701629638672 120
1756066591297 23.14432144165039 121
1756066591326 23.988616943359375 122
1756066591355 21.788171768188477 123
1756066591385 20.305734634399414 124
1756066591415 20.887929916381836 125
1756066591447 22.097612380981445 126
1756066591476 23.27515983581543 127
1756066591505 26.36237335205078 128
1756066591534 21.36493682861328 129
1756066591563 22.634965896606445 130
1756066591597 23.349443435668945 131
1756066591629 21.51311492919922 132
1756066591657 22.226089477539062 133
1756066591687 26.89600944519043 134
1756066591716 24.14853858947754 135
1756066591744 21.66960334777832 136
1756066591775 23.059406280517578 137
1756066591804 20.710119247436523 138
1756066591834 26.005754470825195 139
1756066591863 20.96046257019043 140
1756066591893 21.802433013916016 141
1756066591922 21.982595443725586 142
1756066591952 23.025081634521484 143
1756066591981 23.584434509277344 144
1756066592010 22.43924331665039 145
1756066592040 23.097137451171875 146
1756066592069 24.410945892333984 147
1756066592099 22.67223358154297 148
1756066592129 22.50777816772461 149
1756066592159 20.983421325683594 150
1756066592188 22.363134384155273 151
1756066592218 25.64262580871582 152
1756066592247 22.49256706237793 153
1756066592276 25.111080169677734 154
1756066592306 25.61563491821289 155
1756066592335 22.077911376953125 156
1756066592364 22.120370864868164 157
1756066592393 22.780488967895508 158
1756066592422 21.28610610961914 159
1756066592452 20.490354537963867 160
1756066592481 19.18657112121582 161
1756066592510 27.04610824584961 162
1756066592539 23.79953384399414 163
1756066592568 24.85063362121582 164
1756066592601 23.084613800048828 165
1756066592636 23.40568733215332 166
1756066592671 21.24858283996582 167
1756066592705 23.445283889770508 168
1756066592738 21.39559555053711 169
1756066592772 20.115388870239258 170
1756066592803 22.543132781982422 171
1756066592832 21.57320213317871 172
1756066592861 19.218246459960938 173
1756066592891 23.002933502197266 174
1756066592920 20.32620620727539 175
1756066592949 17.139202117919922 176
1756066592979 21.998056411743164 177
1756066593008 23.90423583984375 178
1756066593037 21.679271697998047 179
1756066593066 24.911849975585938 180
1756066593096 23.856531143188477 181
1756066593125 20.199119567871094 182
1756066593155 24.51328468322754 183
1756066593184 24.029010772705078 184
1756066593213 16.75865936279297 185
1756066593243 20.93416404724121 186
1756066593272 22.63991355895996 187
1756066593302 19.464242935180664 188
1756066593331 21.58611297607422 189
1756066593364 20.607074737548828 190
1756066593398 20.139951705932617 191
1756066593428 22.33689308166504 192
1756066593457 18.740276336669922 193
1756066593487 25.797561645507812 194
1756066593516 22.594724655151367 195
1756066593546 21.855052947998047 196
1756066593575 21.366901397705078 197
1756066593607 22.779766082763672 198
1756066593641 23.783451080322266 199
1756066593675 16.71268653869629 200
1756066593707 23.562891006469727 201
1756066593736 21.190126419067383 202
1756066593766 22.01874351501465 203
1756066593799 22.04328727722168 204
1756066593833 21.54568862915039 205
1756066593863 21.65425682067871 206
1756066593893 22.0143985748291 207
1756066593922 25.470029830932617 208
1756066593952 22.473217010498047 209
1756066593981 22.10914421081543 210
1756066594010 24.157154083251953 211
1756066594040 23.345216751098633 212
1756066594070 20.52322769165039 213
1756066594100 19.010194778442383 214
1756066594132 23.12389373779297 215
1756066594163 22.576913833618164 216
1756066594192 23.540462493896484 217
1756066594222 19.01353645324707 218
1756066594251 21.272151947021484 219
1756066594280 20.878652572631836 220
1756066594309 23.641117095947266 221
1756066594339 19.797882080078125 222
1756066594368 21.089073181152344 223
1756066594398 24.35670280456543 224
1756066594427 25.07063102722168 225
1756066594456 23.624189376831055 226
1756066594486 22.772571563720703 227
1756066594514 22.567148208618164 228
1756066594543 25.50572967529297 229
1756066594572 23.96370506286621 230
1756066594601 22.566232681274414 231
1756066594629 22.301910400390625 232
1756066594659 22.88964080810547 233
1756066594692 20.808603286743164 234
1756066594725 23.342735290527344 235
1756066594758 19.439029693603516 236
1756066594791 20.912694931030273 237
1756066594823 22.36818504333496 238
1756066594856 21.27802848815918 239
1756066594888 20.445720672607422 240
1756066594921 21.234268188476562 241
1756066594954 25.02667808532715 242
1756066594986 21.348308563232422 243
1756066595019 23.570159912109375 244
1756066595051 24.612640380859375 245
1756066595084 23.779150009155273 246
1756066595116 23.01921844482422 247
1756066595149 23.37653923034668 248
1756066595181 22.68815803527832 249
1756066595213 22.543210983276367 250
1756066595247 23.01975440979004 251
1756066595281 21.849233627319336 252
1756066595313 25.161495208740234 253
1756066595346 22.327024459838867 254
1756066595379 25.701974868774414 255
1756066595411 21.530250549316406 256
1756066595444 21.71550941467285 257
1756066595477 18.919281005859375 258
1756066595509 19.90851593017578 259
1756066595542 20.519886016845703 260
1756066595573 22.204023361206055 261
1756066595602 20.97464370727539 262
1756066595632 22.122961044311523 263
1756066595664 20.893529891967773 264
1756066595697 23.02347183227539 265
1756066595730 21.312219619750977 266
1756066595763 21.4193115234375 267
1756066595795 22.84724235534668 268
1756066595828 21.534177780151367 269
1756066595857 20.170791625976562 270
1756066595889 23.813880920410156 271
1756066595922 18.126684188842773 272
1756066595955 24.528194427490234 273
1756066595988 22.60176658630371 274
1756066596021 26.17776870727539 275
1756066596052 22.93910026550293 276
1756066596084 22.710962295532227 277
1756066596116 25.13650131225586 278
1756066596149 22.238075256347656 279
1756066596182 22.76690101623535 280
1756066596214 18.617874145507812 281
1756066596247 20.16754913330078 282
1756066596280 20.71688461303711 283
1756066596309 19.48933982849121 284
1756066596339 21.99275016784668 285
1756066596372 20.38780403137207 286
1756066596405 23.821285247802734 287
1756066596438 21.679279327392578 288
1756066596467 23.33693504333496 289
1756066596501 21.0988712310791 290
1756066596531 18.649276733398438 291
1756066596564 18.359474182128906 292
1756066596595 23.58595848083496 293
1756066596628 22.532957077026367 294
1756066596661 19.13713264465332 295
1756066596691 23.57866096496582 296
1756066596720 23.325733184814453 297
1756066596749 20.06003761291504 298
1756066596778 21.03252410888672 299
1756066604902 50.06305694580078 0
1756066604934 50.01591110229492 1
1756066604963 49.95304870605469 2
1756066604993 49.80268859863281 3
1756066605023 49.712669372558594 4
1756066605051 49.679229736328125 5
1756066605079 49.49067687988281 6
1756066605106 49.32266616821289 7
1756066605131 49.13618087768555 8
1756066605156 49.074344635009766 9
1756066605184 48.83628463745117 10
1756066605212 48.65190124511719 11
1756066605240 48.6450080871582 12
1756066605268 48.27461624145508 13
1756066605295 47.8685417175293 14
1756066605323 47.868473052978516 15
1756066605351 47.29747009277344 16
1756066605379 47.05375671386719 17
1756066605407 46.9528923034668 18
1756066605433 46.53765869140625 19
1756066605462 46.20192337036133 20
1756066605490 44.96056365966797 21
1756066605517 44.570762634277344 22
1756066605546 44.84975051879883 23
1756066605571 44.08656692504883 24
1756066605596 42.425601959228516 25
1756066605623 42.774261474609375 26
1756066605651 42.12512969970703 27
1756066605679 42.06582260131836 28
1756066605708 41.85122299194336 29
1756066605736 40.00973892211914 30
1756066605765 38.421756744384766 31
1756066605794 39.13222885131836 32
1756066605823 39.473846435546875 33
1756066605852 37.45155334472656 34
1756066605880 39.39307403564453 35
1756066605909 34.967491149902344 36
1756066605937 34.17753982543945 37
1756066605967 35.123348236083984 38
1756066605995 32.72639083862305 39
1756066606023 35.88197708129883 40
1756066606052 30.814538955688477 41
1756066606080 28.41167449951172 42
1756066606109 31.292572021484375 43
1756066606137 32.18434143066406 44
1756066606167 27.734724044799805 45
1756066606198 26.86851692199707 46
1756066606226 24.106037139892578 47
1756066606253 29.218658447265625 48
1756066606279 28.285371780395508 49
1756066606303 29.15467071533203 50
1756066606330 26.294466018676758 51
1756066606355 27.40093994140625 52
1756066606383 29.778104782104492 53
1756066606408 24.993627548217773 54
1756066606436 25.670095443725586 55
1756066606462 25.924976348876953 56
1756066606487 25.270755767822266 57
1756066606512 24.896617889404297 58
1756066606537 22.25107192993164 59
1756066606562 26.67784309387207 60
1756066606590 30.042991638183594 61
1756066606618 28.771503448486328 62
1756066606647 22.94325065612793 63
1756066606677 24.742679595947266 64
1756066606706 26.436521530151367 65
1756066606735 24.884077072143555 66
1756066606763 28.34429931640625 67
1756066606792 29.207275390625 68
1756066606820 26.831594467163086 69
1756066606848 25.265003204345703 70
1756066606876 28.58079719543457 71
1756066606904 25.841533660888672 72
1756066606930 29.871755599975586 73
1756066606955 25.16559600830078 74
1756066606980 22.90167808532715 75
1756066607005 27.756284713745117 76
1756066607032 22.12218475341797 77
1756066607060 27.14560317993164 78
1756066607088 31.359004974365234 79
1756066607115 25.39556884765625 80
1756066607140 28.645732879638672 81
1756066607168 26.317209243774414 82
1756066607197 24.833528518676758 83
1756066607226 25.25749397277832 84
1756066607257 26.86974334716797 85
1756066607285 27.990192413330078 86
1756066607313 26.79096794128418 87
1756066607342 25.708526611328125 88
1756066607370 25.532203674316406 89
1756066607398 27.207542419433594 90
1756066607426 27.714885711669922 91
1756066607454 23.348506927490234 92
1756066607481 26.183446884155273 93
1756066607507 29.523897171020508 94
1756066607532 26.534074783325195 95
1756066607557 23.773035049438477 96
1756066607582 22.136350631713867 97
1756066607610 24.611888885498047 98
1756066607635 28.84735870361328 99
1756066607660 25.394588470458984 100
1756066607688 22.518325805664062 101
1756066607713 24.40639877319336 102
1756066607740 25.06280517578125 103
1756066607765 27.524532318115234 104
1756066607790 23.992977142333984 105
1756066607818 23.108938217163086 106
1756066607846 25.46722412109375 107
1756066607872 28.484556198120117 108
1756066607896 24.31766700744629 109
1756066607921 28.244888305664062 110
1756066607945 23.644804000854492 111
1756066607970 29.592811584472656 112
1756066607994 24.48758888244629 113
1756066608019 22.976896286010742 114
1756066608043 30.041231155395508 115
1756066608068 29.208988189697266 116
1756066608095 25.20176887512207 117
1756066608120 28.813796997070312 118
1756066608145 24.8249454498291 119
1756066608169 29.11676597595215 120
1756066608194 22.627241134643555 121
1756066608222 28.687318801879883 122
1756066608249 25.101173400878906 123
1756066608274 27.805744171142578 124
1756066608299 25.081323623657227 125
1756066608324 23.378826141357422 126
1756066608351 30.643041610717773 127
1756066608379 27.264371871948242 128
1756066608406 24.877262115478516 129
1756066608432 28.514314651489258 130
1756066608460 23.575700759887695 131
1756066608487 24.162992477416992 132
1756066608517 27.668996810913086 133
1756066608542 24.742416381835938 134
1756066608567 26.618648529052734 135
1756066608592 22.543167114257812 136
1756066608617 25.59046745300293 137
1756066608642 28.377016067504883 138
1756066608666 27.61759376525879 139
1756066608691 26.4991397857666 140
1756066608716 23.23353385925293 141
1756066608742 28.216266632080078 142
1756066608770 24.59311294555664 143
1756066608799 29.473499298095703 144
1756066608828 25.858684539794922 145
1756066608857 26.245361328125 146
1756066608884 26.27273941040039 147
1756066608911 27.01124382019043 148
1756066608939 25.7165584564209 149
1756066608966 28.760526657104492 150
1756066608994 23.249176025390625 151
1756066609022 24.087749481201172 152
1756066609050 23.199748992919922 153
1756066609076 27.564985275268555 154
1756066609101 24.911712646484375 155
1756066609126 24.137983322143555 156
1756066609155 24.92482566833496 157
1756066609184 25.736154556274414 158
1756066609211 27.495044708251953 159
1756066609237 23.383094787597656 160
1756066609262 28.962331771850586 161
1756066609286 28.693077087402344 162
1756066609314 28.117435455322266 163
1756066609340 26.858144760131836 164
1756066609364 26.21867561340332 165
1756066609389 23.43583869934082 166
1756066609417 23.693023681640625 167
1756066609445 26.89921760559082 168
1756066609474 24.968238830566406 169
1756066609503 27.706668853759766 170
1756066609532 26.633634567260742 171
1756066609559 24.944812774658203 172
1756066609586 25.993606567382812 173
1756066609613 25.418811798095703 174
1756066609641 27.299097061157227 175
1756066609670 27.8976993560791 176
1756066609694 27.19552230834961 177
1756066609719 26.1484432220459 178
1756066609746 28.628753662109375 179
1756066609777 23.13624382019043 180
1756066609803 24.32563591003418 181
1756066609831 27.012264251708984 182
1756066609858 28.674091339111328 183
1756066609889 25.197505950927734 184
1756066609915 24.880603790283203 185
1756066609940 28.832481384277344 186
1756066609966 26.266061782836914 187
1756066609991 25.608617782592773 188
1756066610018 26.476200103759766 189
1756066610043 26.431270599365234 190
1756066610073 26.26544189453125 191
1756066610103 22.259281158447266 192
1756066610132 25.268754959106445 193
1756066610163 25.796236038208008 194
1756066610191 28.524930953979492 195
1756066610221 28.9748477935791 196
1756066610252 25.73995590209961 197
1756066610282 27.426340103149414 198
1756066610312 27.53323745727539 199
1756066610343 20.983932495117188 200
1756066610374 23.379804611206055 201
1756066610403 27.269468307495117 202
1756066610429 26.112974166870117 203
1756066610456 23.67997169494629 204
1756066610481 21.38369369506836 205
1756066610506 25.750640869140625 206
1756066610531 28.36756706237793 207
1756066610559 26.255733489990234 208
1756066610585 24.359169006347656 209
1756066610610 26.347553253173828 210
1756066610636 23.90874671936035 211
1756066610664 26.32501792907715 212
1756066610691 29.49189567565918 213
1756066610720 26.237138748168945 214
1756066610747 24.883726119995117 215
1756066610772 29.122228622436523 216
1756066610800 23.11844253540039 217
1756066610828 27.862648010253906 218
1756066610856 29.02804183959961 219
1756066610883 25.854610443115234 220
1756066610912 28.843978881835938 221
1756066610940 23.25360870361328 222
1756066610966 27.93597412109375 223
1756066610993 23.409156799316406 224
1756066611021 24.488059997558594 225
1756066611050 22.924943923950195 226
1756066611076 25.229660034179688 227
1756066611104 25.328500747680664 228
1756066611132 27.341136932373047 229
1756066611160 26.40679168701172 230
1756066611186 30.349998474121094 231
1756066611214 26.965036392211914 232
1756066611242 23.732194900512695 233
1756066611266 25.728904724121094 234
1756066611291 28.66632652282715 235
1756066611319 27.241411209106445 236
1756066611348 29.631961822509766 237
1756066611377 27.281394958496094 238
1756066611405 26.064233779907227 239
1756066611434 24.9802188873291 240
1756066611461 25.28193473815918 241
1756066611488 22.980363845825195 242
1756066611516 24.018535614013672 243
1756066611544 23.075109481811523 244
1756066611573 28.95343589782715 245
1756066611601 25.513198852539062 246
1756066611629 23.47539520263672 247
1756066611657 26.89923667907715 248
1756066611685 27.650358200073242 249
1756066611713 24.9492130279541 250
1756066611741 25.718420028686523 251
1756066611769 26.749235153198242 252
1756066611797 27.55955696105957 253
1756066611825 28.881446838378906 254
1756066611855 26.850629806518555 255
1756066611882 27.233211517333984 256
1756066611912 25.95598793029785 257
1756066611940 25.69696617126465 258
1756066611968 24.420238494873047 259
1756066611995 24.104623794555664 260
1756066612024 22.488454818725586 261
1756066612052 25.75965118408203 262
1756066612080 24.70828628540039 263
1756066612112 25.058565139770508 264
1756066612140 25.83815574645996 265
1756066612167 22.979162216186523 266
1756066612196 20.884065628051758 267
1756066612223 25.46768569946289 268
1756066612251 21.990978240966797 269
1756066612279 29.838499069213867 270
1756066612307 33.26606369018555 271
1756066612334 24.40526008605957 272
1756066612362 27.3564510345459 273
1756066612390 26.360355377197266 274
1756066612418 24.826419830322266 275
1756066612445 26.939538955688477 276
1756066612473 24.027584075927734 277
1756066612500 24.19696807861328 278
1756066612528 27.228191375732422 279
1756066612555 25.13718605041504 280
1756066612582 26.04131317138672 281
1756066612611 27.09096336364746 282
1756066612639 22.979843139648438 283
1756066612666 25.721290588378906 284
1756066612694 24.14899253845215 285
1756066612722 26.51902961730957 286
1756066612750 24.576520919799805 287
1756066612777 26.750125885009766 288
1756066612805 25.080219268798828 289
1756066612833 24.306425094604492 290
1756066612861 23.8115177154541 291
1756066612889 24.222854614257812 292
1756066612917 26.11879539489746 293
1756066612945 25.09682273864746 294
1756066612971 27.762962341308594 295
1756066612996 29.20771026611328 296
1756066613024 25.305227279663086 297
1756066613053 25.812429428100586 298
1756066613082 26.529451370239258 299
1756066621188 48.80284881591797 0
1756066621216 48.763038635253906 1
1756066621241 48.73447036743164 2
1756066621268 48.68286895751953 3
1756066621294 48.599632263183594 4
1756066621319 48.532958984375 5
1756066621344 48.423072814941406 6
1756066621373 48.22602462768555 7
1756066621401 48.224002838134766 8
1756066621429 47.904300689697266 9
1756066621456 47.66956329345703 10
1756066621481 47.64910888671875 11
1756066621506 47.5270881652832 12
1756066621531 47.072540283203125 13
1756066621556 46.98738098144531 14
1756066621583 46.97472381591797 15
1756066621610 47.09442138671875 16
1756066621638 46.23888397216797 17
1756066621665 46.30977249145508 18
1756066621692 46.505741119384766 19
1756066621720 45.935569763183594 20
1756066621749 46.06670379638672 21
1756066621777 45.99993896484375 22
1756066621804 44.91201400756836 23
1756066621832 44.54189682006836 24
1756066621861 44.24087905883789 25
1756066621888 43.768272399902344 26
1756066621916 42.9529914855957 27
1756066621943 43.219383239746094 28
1756066621971 42.55865478515625 29
1756066621998 42.02836227416992 30
1756066622026 42.84291076660156 31
1756066622053 41.88102340698242 32
1756066622081 38.52729415893555 33
1756066622110 40.39777374267578 34
1756066622138 37.62190628051758 35
1756066622166 37.95841979980469 36
1756066622194 37.43606185913086 37
1756066622222 35.29996871948242 38
1756066622253 36.18415069580078 39
1756066622279 36.54165267944336 40
1756066622303 35.65723419189453 41
1756066622330 36.59295654296875 42
1756066622355 34.112911224365234 43
1756066622380 35.115570068359375 44
1756066622405 31.688720703125 45
1756066622431 33.11924362182617 46
1756066622459 32.138607025146484 47
1756066622487 27.293804168701172 48
1756066622516 30.4084529876709 49
1756066622544 29.549755096435547 50
1756066622572 26.92887306213379 51
1756066622601 30.910125732421875 52
1756066622632 29.08247184753418 53
1756066622659 34.135990142822266 54
1756066622684 30.058237075805664 55
1756066622709 27.0133056640625 56
1756066622733 31.010494232177734 57
1756066622761 26.20013999938965 58
1756066622789 28.048452377319336 59
1756066622817 28.558130264282227 60
1756066622845 28.546781539916992 61
1756066622874 24.50779151916504 62
1756066622902 29.52217674255371 63
1756066622931 30.129337310791016 64
1756066622957 25.085115432739258 65
1756066622985 28.036094665527344 66
1756066623016 30.748003005981445 67
1756066623042 28.156675338745117 68
1756066623068 31.465782165527344 69
1756066623095 25.915611267089844 70
1756066623122 31.946449279785156 71
1756066623146 28.119829177856445 72
1756066623171 31.144718170166016 73
1756066623196 27.145723342895508 74
1756066623221 30.06607437133789 75
1756066623246 31.03639793395996 76
1756066623271 28.59373664855957 77
1756066623296 29.735443115234375 78
1756066623321 29.579545974731445 79
1756066623346 30.62852668762207 80
1756066623371 28.53727149963379 81
1756066623395 27.63066864013672 82
1756066623420 24.282499313354492 83
1756066623447 28.765634536743164 84
1756066623476 28.6545467376709 85
1756066623507 26.828754425048828 86
1756066623538 27.7391414642334 87
1756066623569 31.204681396484375 88
1756066623597 27.647132873535156 89
1756066623625 26.850601196289062 90
1756066623654 25.752750396728516 91
1756066623683 27.419952392578125 92
1756066623712 31.500606536865234 93
1756066623743 27.3128662109375 94
1756066623773 23.865093231201172 95
1756066623801 26.13289451599121 96
1756066623826 31.442821502685547 97
1756066623853 26.364898681640625 98
1756066623879 22.67926025390625 99
1756066623905 30.732187271118164 100
1756066623931 27.228984832763672 101
1756066623956 27.82374382019043 102
1756066623981 31.63053321838379 103
1756066624009 28.39630889892578 104
1756066624035 30.43333625793457 105
1756066624063 29.442222595214844 106
1756066624089 29.82581901550293 107
1756066624114 28.11195945739746 108
1756066624140 24.256128311157227 109
1756066624165 25.060237884521484 110
1756066624190 29.11826515197754 111
1756066624216 28.1481990814209 112
1756066624241 30.30177879333496 113
1756066624266 31.905345916748047 114
1756066624293 28.108715057373047 115
1756066624321 32.92277145385742 116
1756066624352 31.751523971557617 117
1756066624381 30.04476547241211 118
1756066624409 25.669429779052734 119
1756066624434 25.79523468017578 120
1756066624459 28.20077133178711 121
1756066624484 30.159820556640625 122
1756066624510 30.436920166015625 123
1756066624536 28.33297348022461 124
1756066624560 32.49551773071289 125
1756066624585 29.976924896240234 126
1756066624610 27.72911262512207 127
1756066624635 29.226465225219727 128
1756066624660 31.54436492919922 129
1756066624685 30.947513580322266 130
1756066624712 30.795249938964844 131
1756066624742 29.591880798339844 132
1756066624773 27.35392189025879 133
1756066624798 24.104631423950195 134
1756066624825 26.431982040405273 135
1756066624851 25.05927276611328 136
1756066624878 31.756929397583008 137
1756066624907 31.303115844726562 138
1756066624935 27.15644073486328 139
1756066624964 30.709197998046875 140
1756066624992 26.37021827697754 141
1756066625018 28.332788467407227 142
1756066625042 23.77092742919922 143
1756066625066 25.661706924438477 144
1756066625093 24.886959075927734 145
1756066625122 25.75657081604004 146
1756066625149 26.21506118774414 147
1756066625176 27.460693359375 148
1756066625201 27.691064834594727 149
1756066625225 21.166343688964844 150
1756066625250 25.582826614379883 151
1756066625274 33.16574478149414 152
1756066625298 28.271503448486328 153
1756066625327 29.968734741210938 154
1756066625356 28.431615829467773 155
1756066625384 29.17799186706543 156
1756066625412 28.24722671508789 157
1756066625440 26.437591552734375 158
1756066625468 27.90238380432129 159
1756066625496 25.93718147277832 160
1756066625524 30.343002319335938 161
1756066625553 24.643495559692383 162
1756066625580 28.099517822265625 163
1756066625605 29.2752742767334 164
1756066625632 23.379623413085938 165
1756066625660 31.279077529907227 166
1756066625687 27.36644172668457 167
1756066625715 23.087406158447266 168
1756066625744 22.412044525146484 169
1756066625772 29.84661102294922 170
1756066625797 32.060211181640625 171
1756066625823 30.939516067504883 172
1756066625848 27.448881149291992 173
1756066625873 25.735313415527344 174
1756066625898 30.15519905090332 175
1756066625924 29.227968215942383 176
1756066625949 26.254213333129883 177
1756066625974 31.195215225219727 178
1756066626000 25.084054946899414 179
1756066626025 20.31587028503418 180
1756066626050 29.5661563873291 181
1756066626075 29.71421241760254 182
1756066626100 27.44547462463379 183
1756066626125 25.452877044677734 184
1756066626151 28.106050491333008 185
1756066626175 28.993057250976562 186
1756066626200 28.37042999267578 187
1756066626227 27.809017181396484 188
1756066626255 26.829517364501953 189
1756066626283 24.764543533325195 190
1756066626309 30.225936889648438 191
1756066626334 25.72311019897461 192
1756066626359 31.1012020111084 193
1756066626384 27.695913314819336 194
1756066626409 24.695674896240234 195
1756066626435 27.76126480102539 196
1756066626462 28.10982894897461 197
1756066626489 31.167999267578125 198
1756066626515 27.993227005004883 199
1756066626543 25.34464454650879 200
1756066626572 28.46477508544922 201
1756066626597 28.89655303955078 202
1756066626625 21.993499755859375 203
1756066626651 25.311519622802734 204
1756066626676 30.8503475189209 205
1756066626700 32.41656494140625 206
1756066626729 26.680566787719727 207
1756066626757 27.272335052490234 208
1756066626783 27.925464630126953 209
1756066626807 26.492835998535156 210
1756066626832 28.4356746673584 211
1756066626857 34.822349548339844 212
1756066626881 31.509252548217773 213
1756066626908 31.50571632385254 214
1756066626936 29.54762077331543 215
1756066626961 26.300630569458008 216
1756066626986 23.93122673034668 217
1756066627011 22.53343391418457 218
1756066627036 24.95865821838379 219
1756066627061 21.69046974182129 220
1756066627086 28.047040939331055 221
1756066627112 26.848670959472656 222
1756066627140 23.425039291381836 223
1756066627167 26.19464111328125 224
1756066627194 23.583288192749023 225
1756066627220 23.036401748657227 226
1756066627244 30.358612060546875 227
1756066627269 24.616512298583984 228
1756066627296 26.447378158569336 229
1756066627325 26.259809494018555 230
1756066627353 27.06576156616211 231
1756066627382 23.669782638549805 232
1756066627411 29.69451141357422 233
1756066627440 26.81595230102539 234
1756066627468 26.723939895629883 235
1756066627496 22.5181884765625 236
1756066627523 28.422359466552734 237
1756066627551 28.934276580810547 238
1756066627578 25.588830947875977 239
1756066627605 28.730215072631836 240
1756066627633 24.94141960144043 241
1756066627660 26.895557403564453 242
1756066627687 25.646320343017578 243
1756066627714 28.173490524291992 244
1756066627742 28.980112075805664 245
1756066627768 29.50081443786621 246
1756066627795 26.522363662719727 247
1756066627822 26.910737991333008 248
1756066627849 26.1427059173584 249
1756066627876 24.55438995361328 250
1756066627904 30.185184478759766 251
1756066627931 25.251815795898438 252
1756066627958 26.098358154296875 253
1756066627985 26.57552719116211 254
1756066628012 28.545833587646484 255
1756066628039 26.057207107543945 256
1756066628066 28.204471588134766 257
1756066628093 30.60030174255371 258
1756066628120 26.17360496520996 259
1756066628147 25.703067779541016 260
1756066628174 27.00474739074707 261
1756066628200 24.445159912109375 262
1756066628227 31.499549865722656 263
1756066628255 23.77091407775879 264
1756066628282 22.645214080810547 265
1756066628307 27.613012313842773 266
1756066628332 28.524429321289062 267
1756066628357 30.86025047302246 268
1756066628385 26.2535457611084 269
1756066628413 25.320165634155273 270
1756066628441 25.577667236328125 271
1756066628469 22.52889633178711 272
1756066628497 25.87740707397461 273
1756066628525 32.8083381652832 274
1756066628553 27.6638240814209 275
1756066628581 29.281084060668945 276
1756066628609 27.267587661743164 277
1756066628637 26.601972579956055 278
1756066628664 28.2385196685791 279
1756066628692 27.94686508178711 280
1756066628717 28.467967987060547 281
1756066628745 22.17413330078125 282
1756066628773 25.605472564697266 283
1756066628800 31.37025260925293 284
1756066628827 27.945293426513672 285
1756066628858 27.334688186645508 286
1756066628886 25.110260009765625 287
1756066628915 29.633222579956055 288
1756066628945 25.22370147705078 289
1756066628973 29.09577751159668 290
1756066629001 25.991130828857422 291
1756066629028 30.223125457763672 292
1756066629056 27.87382698059082 293
1756066629084 28.800155639648438 294
1756066629113 31.8629150390625 295
1756066629142 33.4831428527832 296
1756066629170 28.153188705444336 297
1756066629198 25.92494010925293 298
1756066629226 30.008150100708008 299
1756066637334 49.82586669921875 0
1756066637363 49.59986114501953 1
1756066637391 49.44540786743164 2
1756066637420 49.438446044921875 3
1756066637446 49.32228469848633 4
1756066637470 48.829017639160156 5
1756066637494 48.8027229309082 6
1756066637518 48.62028121948242 7
1756066637545 48.1256217956543 8
1756066637573 47.96903610229492 9
1756066637601 47.56513977050781 10
1756066637629 46.86605453491211 11
1756066637655 47.663307189941406 12
1756066637680 46.459869384765625 13
1756066637704 46.66453552246094 14
1756066637729 44.625919342041016 15
1756066637753 44.008819580078125 16
1756066637781 45.150184631347656 17
1756066637811 44.12288284301758 18
1756066637841 42.44027328491211 19
1756066637872 42.0635986328125 20
1756066637900 40.52742385864258 21
1756066637925 41.18791961669922 22
1756066637950 38.93919372558594 23
1756066637978 36.91965103149414 24
1756066638005 34.12199783325195 25
1756066638032 35.94227981567383 26
1756066638060 33.6446647644043 27
1756066638088 34.705284118652344 28
1756066638117 31.762475967407227 29
1756066638145 29.249309539794922 30
1756066638173 27.831829071044922 31
1756066638201 30.885900497436523 32
1756066638229 28.24249267578125 33
1756066638256 26.204063415527344 34
1756066638281 26.546247482299805 35
1756066638307 25.151578903198242 36
1756066638332 23.20665740966797 37
1756066638357 26.650375366210938 38
1756066638382 26.857088088989258 39
1756066638408 24.728071212768555 40
1756066638433 26.563892364501953 41
1756066638458 26.16246795654297 42
1756066638483 27.32158660888672 43
1756066638508 31.6357421875 44
1756066638533 20.65822982788086 45
1756066638557 23.00506019592285 46
1756066638582 24.621408462524414 47
1756066638606 27.19878387451172 48
1756066638631 21.194669723510742 49
1756066638659 20.555330276489258 50
1756066638687 26.241870880126953 51
1756066638714 25.847869873046875 52
1756066638742 24.764625549316406 53
1756066638769 23.339874267578125 54
1756066638796 23.65872573852539 55
1756066638824 25.494388580322266 56
1756066638853 27.351642608642578 57
1756066638881 21.624284744262695 58
1756066638907 25.160070419311523 59
1756066638931 25.859586715698242 60
1756066638956 25.155765533447266 61
1756066638980 28.120697021484375 62
1756066639004 19.16510009765625 63
1756066639031 23.709646224975586 64
1756066639058 22.481603622436523 65
1756066639085 22.766725540161133 66
1756066639113 23.88078498840332 67
1756066639140 22.363405227661133 68
1756066639165 25.18997573852539 69
1756066639189 24.3852481842041 70
1756066639214 24.087970733642578 71
1756066639240 24.45391845703125 72
1756066639270 25.264352798461914 73
1756066639300 22.494264602661133 74
1756066639328 26.25133514404297 75
1756066639354 24.165632247924805 76
1756066639382 22.756532669067383 77
1756066639411 21.216026306152344 78
1756066639438 22.585081100463867 79
1756066639467 25.82482147216797 80
1756066639495 25.997539520263672 81
1756066639522 22.857044219970703 82
1756066639548 25.33987808227539 83
1756066639572 25.40920066833496 84
1756066639597 23.30439567565918 85
1756066639622 23.342296600341797 86
1756066639649 26.20393180847168 87
1756066639679 24.707015991210938 88
1756066639708 21.62813949584961 89
1756066639737 28.683368682861328 90
1756066639767 23.31056022644043 91
1756066639797 22.113670349121094 92
1756066639827 22.98452377319336 93
1756066639857 25.07870864868164 94
1756066639887 22.3252010345459 95
1756066639917 25.4927978515625 96
1756066639944 25.207500457763672 97
1756066639968 25.64823341369629 98
1756066639992 22.876953125 99
1756066640016 19.00339126586914 100
1756066640044 25.566566467285156 101
1756066640071 25.256147384643555 102
1756066640099 23.94904899597168 103
1756066640126 24.88348388671875 104
1756066640155 21.114688873291016 105
1756066640181 23.748615264892578 106
1756066640208 24.457841873168945 107
1756066640233 26.30585479736328 108
1756066640260 22.410511016845703 109
1756066640287 22.06226348876953 110
1756066640316 22.727205276489258 111
1756066640343 22.349592208862305 112
1756066640370 23.973167419433594 113
1756066640398 28.418672561645508 114
1756066640425 24.530986785888672 115
1756066640453 25.45060920715332 116
1756066640479 25.07119369506836 117
1756066640507 22.839731216430664 118
1756066640534 20.37517547607422 119
1756066640561 26.899343490600586 120
1756066640590 23.943206787109375 121
1756066640617 26.069643020629883 122
1756066640645 25.061222076416016 123
1756066640673 23.85675811767578 124
1756066640702 27.993722915649414 125
1756066640730 25.76927375793457 126
1756066640755 22.828083038330078 127
1756066640780 19.97411346435547 128
1756066640805 21.68075942993164 129
1756066640830 20.116695404052734 130
1756066640855 26.013545989990234 131
1756066640881 23.52034568786621 132
1756066640905 19.39168357849121 133
1756066640933 27.034934997558594 134
1756066640962 23.151464462280273 135
1756066640990 18.49815559387207 136
1756066641018 22.18062973022461 137
1756066641046 25.41181755065918 138
1756066641071 27.44194221496582 139
1756066641096 22.691753387451172 140
1756066641120 23.67008399963379 141
1756066641146 22.389528274536133 142
1756066641171 24.379682540893555 143
1756066641195 23.390504837036133 144
1756066641220 22.386430740356445 145
1756066641245 22.741418838500977 146
1756066641270 24.590421676635742 147
1756066641296 22.76215362548828 148
1756066641322 23.623531341552734 149
1756066641347 28.614124298095703 150
1756066641372 21.913578033447266 151
1756066641397 26.163419723510742 152
1756066641422 20.37984275817871 153
1756066641449 24.80369758605957 154
1756066641477 25.00860595703125 155
1756066641502 23.894392013549805 156
1756066641529 23.77362060546875 157
1756066641554 22.88764190673828 158
1756066641579 26.46385383605957 159
1756066641604 22.765764236450195 160
1756066641632 22.70205307006836 161
1756066641661 21.339599609375 162
1756066641689 19.103107452392578 163
1756066641717 23.61159896850586 164
1756066641744 22.971580505371094 165
1756066641772 22.831707000732422 166
1756066641800 26.09172821044922 167
1756066641827 28.36145782470703 168
1756066641854 22.36416244506836 169
1756066641883 22.93488121032715 170
1756066641910 25.711200714111328 171
1756066641938 23.422319412231445 172
1756066641965 26.897968292236328 173
1756066641992 20.94243621826172 174
1756066642019 27.44270896911621 175
1756066642046 27.905183792114258 176
1756066642075 22.879230499267578 177
1756066642102 22.729717254638672 178
1756066642129 22.3251953125 179
1756066642156 26.838911056518555 180
1756066642183 22.82577896118164 181
1756066642210 22.166912078857422 182
1756066642237 22.616085052490234 183
1756066642264 23.056713104248047 184
1756066642291 16.92310905456543 185
1756066642319 23.422569274902344 186
1756066642346 20.018415451049805 187
1756066642373 21.279233932495117 188
1756066642398 23.590051651000977 189
1756066642426 25.16832733154297 190
1756066642454 26.102083206176758 191
1756066642480 24.188302993774414 192
1756066642504 22.64275550842285 193
1756066642529 22.508211135864258 194
1756066642554 23.175241470336914 195
1756066642580 23.738075256347656 196
1756066642604 22.862232208251953 197
1756066642631 20.512781143188477 198
1756066642660 21.653400421142578 199
1756066642688 25.178592681884766 200
1756066642716 24.003780364990234 201
1756066642745 23.769203186035156 202
1756066642772 22.7497615814209 203
1756066642799 24.691242218017578 204
1756066642827 25.331634521484375 205
1756066642855 26.63637924194336 206
1756066642884 19.591096878051758 207
1756066642912 23.546714782714844 208
1756066642940 24.924589157104492 209
1756066642968 22.878049850463867 210
1756066642996 20.537111282348633 211
1756066643024 22.779752731323242 212
1756066643051 21.98886489868164 213
1756066643078 23.206523895263672 214
1756066643105 19.592121124267578 215
1756066643133 22.45037841796875 216
1756066643164 24.980356216430664 217
1756066643195 23.181804656982422 218
1756066643225 20.781692504882812 219
1756066643255 23.70500946044922 220
1756066643285 24.910593032836914 221
1756066643316 23.22178840637207 222
1756066643346 23.291067123413086 223
1756066643375 25.96036720275879 224
1756066643404 25.910612106323242 225
1756066643433 21.57261848449707 226
1756066643459 23.10703468322754 227
1756066643487 26.05745506286621 228
1756066643517 24.369752883911133 229
1756066643547 21.337360382080078 230
1756066643576 28.037172317504883 231
1756066643605 23.381940841674805 232
1756066643634 22.7614803314209 233
1756066643660 26.791431427001953 234
1756066643685 26.772748947143555 235
1756066643710 22.21973991394043 236
1756066643735 25.89971923828125 237
1756066643760 23.28115463256836 238
1756066643786 24.147214889526367 239
1756066643811 27.75836181640625 240
1756066643839 20.364879608154297 241
1756066643870 21.515901565551758 242
1756066643901 24.166250228881836 243
1756066643928 23.80394172668457 244
1756066643953 24.815330505371094 245
1756066643980 22.676679611206055 246
1756066644008 21.080345153808594 247
1756066644035 21.981599807739258 248
1756066644063 26.5279483795166 249
1756066644088 25.764738082885742 250
1756066644115 25.631494522094727 251
1756066644141 25.745588302612305 252
1756066644166 20.92302131652832 253
1756066644192 24.119544982910156 254
1756066644218 19.940284729003906 255
1756066644244 21.865886688232422 256
1756066644271 22.925701141357422 257
1756066644298 24.754898071289062 258
1756066644325 26.212444305419922 259
1756066644351 22.173255920410156 260
1756066644375 22.34197998046875 261
1756066644402 28.53192901611328 262
1756066644429 22.022470474243164 263
1756066644455 20.131132125854492 264
1756066644481 26.875520706176758 265
1756066644509 24.564327239990234 266
1756066644536 25.988468170166016 267
1756066644564 23.35584831237793 268
1756066644593 23.897926330566406 269
1756066644622 21.74897575378418 270
1756066644647 28.12389373779297 271
1756066644672 26.532957077026367 272
1756066644697 23.559024810791016 273
1756066644723 25.37391471862793 274
1756066644749 24.640085220336914 275
1756066644774 22.044387817382812 276
1756066644801 21.740997314453125 277
1756066644826 22.388551712036133 278
1756066644851 25.44575309753418 279
1756066644878 19.900543212890625 280
1756066644907 22.868505477905273 281
1756066644934 23.080978393554688 282
1756066644962 22.86841583251953 283
1756066644990 23.098377227783203 284
1756066645017 25.108497619628906 285
1756066645045 22.256959915161133 286
1756066645074 22.857913970947266 287
1756066645103 27.718181610107422 288
1756066645132 21.679636001586914 289
1756066645161 25.124895095825195 290
1756066645188 22.002704620361328 291
1756066645213 23.241188049316406 292
1756066645238 23.507003784179688 293
1756066645266 24.692012786865234 294
1756066645294 26.340707778930664 295
1756066645322 21.761634826660156 296
1756066645347 20.073381423950195 297
1756066645372 20.449434280395508 298
1756066645397 23.8046932220459 299
1756066653494 48.698848724365234 0
1756066653522 48.65861892700195 1
1756066653552 48.544212341308594 2
1756066653581 48.56156539916992 3
1756066653610 48.462127685546875 4
1756066653637 48.293216705322266 5
1756066653665 48.25115966796875 6
1756066653692 48.21089172363281 7
1756066653719 47.93032455444336 8
1756066653747 47.901729583740234 9
1756066653774 47.51832580566406 10
1756066653801 47.67555618286133 11
1756066653828 47.29087829589844 12
1756066653857 47.241310119628906 13
1756066653885 47.10690689086914 14
1756066653915 46.44837188720703 15
1756066653945 46.33864974975586 16
1756066653975 45.991416931152344 17
1756066654004 45.846153259277344 18
1756066654035 45.66405487060547 19
1756066654064 43.97908401489258 20
1756066654091 44.10401153564453 21
1756066654121 43.824214935302734 22
1756066654150 42.89385986328125 23
1756066654179 42.37419891357422 24
1756066654206 42.94468688964844 25
1756066654233 41.862060546875 26
1756066654261 41.16614532470703 27
1756066654288 40.7902717590332 28
1756066654315 38.71338653564453 29
1756066654344 37.411006927490234 30
1756066654374 37.77386474609375 31
1756066654404 36.52016830444336 32
1756066654433 35.826778411865234 33
1756066654462 32.21334457397461 34
1756066654491 32.44286346435547 35
1756066654521 33.23527145385742 36
1756066654549 32.13752746582031 37
1756066654577 31.766342163085938 38
1756066654603 29.547832489013672 39
1756066654630 28.862823486328125 40
1756066654657 26.36612319946289 41
1756066654684 25.8157958984375 42
1756066654711 28.2680721282959 43
1756066654738 26.964405059814453 44
1756066654766 23.916393280029297 45
1756066654793 28.120195388793945 46
1756066654821 23.977100372314453 47
1756066654849 23.064462661743164 48
1756066654877 25.626489639282227 49
1756066654904 27.340450286865234 50
1756066654931 27.090316772460938 51
1756066654959 24.95685386657715 52
1756066654987 24.35121726989746 53
1756066655014 23.140785217285156 54
1756066655042 24.00153923034668 55
1756066655069 24.74698257446289 56
1756066655096 25.98114776611328 57
1756066655123 24.05980110168457 58
1756066655150 22.644628524780273 59
1756066655179 25.10773468017578 60
1756066655207 26.55997657775879 61
1756066655235 23.351055145263672 62
1756066655262 25.38922882080078 63
1756066655287 26.561004638671875 64
1756066655314 20.579736709594727 65
1756066655342 25.16436004638672 66
1756066655372 23.337404251098633 67
1756066655400 24.1916446685791 68
1756066655428 22.539249420166016 69
1756066655455 24.800487518310547 70
1756066655484 22.627016067504883 71
1756066655515 22.109041213989258 72
1756066655545 23.059368133544922 73
1756066655575 26.137041091918945 74
1756066655605 26.67503547668457 75
1756066655633 27.660694122314453 76
1756066655659 23.061771392822266 77
1756066655684 23.12466812133789 78
1756066655712 22.01145362854004 79
1756066655739 24.88265609741211 80
1756066655768 30.113040924072266 81
1756066655792 20.705890655517578 82
1756066655820 27.121421813964844 83
1756066655848 23.423295974731445 84
1756066655876 25.184144973754883 85
1756066655901 22.061927795410156 86
1756066655926 25.82469367980957 87
1756066655950 24.612201690673828 88
1756066655975 22.779415130615234 89
1756066656002 25.310060501098633 90
1756066656026 25.53777313232422 91
1756066656051 22.9500732421875 92
1756066656076 20.75446891784668 93
1756066656101 25.94814682006836 94
1756066656126 23.046234130859375 95
1756066656154 24.631826400756836 96
1756066656183 23.653324127197266 97
1756066656210 19.976852416992188 98
1756066656236 23.446334838867188 99
1756066656263 24.14012336730957 100
1756066656290 23.366928100585938 101
1756066656317 25.00238037109375 102
1756066656344 22.05576515197754 103
1756066656371 26.845272064208984 104
1756066656399 25.679229736328125 105
1756066656425 24.43147087097168 106
1756066656453 25.936344146728516 107
1756066656481 24.26945686340332 108
1756066656508 25.73701286315918 109
1756066656535 23.15838623046875 110
1756066656562 23.284442901611328 111
1756066656589 20.076444625854492 112
1756066656617 26.373241424560547 113
1756066656644 23.18448829650879 114
1756066656673 26.71742820739746 115
1756066656704 25.662912368774414 116
1756066656733 22.418548583984375 117
1756066656760 23.911245346069336 118
1756066656784 20.880168914794922 119
1756066656808 24.968442916870117 120
1756066656832 20.770809173583984 121
1756066656857 20.286067962646484 122
1756066656882 21.91657829284668 123
1756066656906 22.872758865356445 124
1756066656931 23.275297164916992 125
1756066656955 21.777612686157227 126
1756066656980 25.5794677734375 127
1756066657008 25.844701766967773 128
1756066657038 25.905548095703125 129
1756066657065 26.403793334960938 130
1756066657089 22.052642822265625 131
1756066657114 25.346858978271484 132
1756066657140 20.996095657348633 133
1756066657166 23.514453887939453 134
1756066657190 19.59033203125 135
1756066657215 23.81080436706543 136
1756066657239 23.402124404907227 137
1756066657263 22.34393310546875 138
1756066657288 25.10042381286621 139
1756066657312 26.00687026977539 140
1756066657337 21.592288970947266 141
1756066657362 22.757587432861328 142
1756066657390 21.862457275390625 143
1756066657418 28.888227462768555 144
1756066657445 22.74370574951172 145
1756066657471 23.584375381469727 146
1756066657500 23.266088485717773 147
1756066657531 25.925048828125 148
1756066657560 20.034025192260742 149
1756066657586 21.889278411865234 150
1756066657611 23.376985549926758 151
1756066657637 23.843311309814453 152
1756066657663 23.527244567871094 153
1756066657688 22.95796012878418 154
1756066657713 23.305438995361328 155
1756066657739 24.046653747558594 156
1756066657766 23.16667366027832 157
1756066657793 21.271480560302734 158
1756066657817 22.598716735839844 159
1756066657842 23.186927795410156 160
1756066657866 21.49004554748535 161
1756066657894 22.9492244720459 162
1756066657920 21.59632682800293 163
1756066657945 22.69734764099121 164
1756066657973 25.67660903930664 165
1756066657999 26.570743560791016 166
1756066658028 22.095216751098633 167
1756066658057 22.118167877197266 168
1756066658082 21.543703079223633 169
1756066658109 24.33009910583496 170
1756066658134 21.961078643798828 171
1756066658162 24.074684143066406 172
1756066658189 21.12728500366211 173
1756066658214 18.64824676513672 174
1756066658240 21.615629196166992 175
1756066658265 23.543441772460938 176
1756066658293 24.63663673400879 177
1756066658320 27.987823486328125 178
1756066658347 24.96448516845703 179
1756066658375 24.66006088256836 180
1756066658403 24.261688232421875 181
1756066658431 25.621381759643555 182
1756066658459 23.95613670349121 183
1756066658486 21.362024307250977 184
1756066658511 21.802635192871094 185
1756066658536 21.15757179260254 186
1756066658560 24.301502227783203 187
1756066658586 22.11714744567871 188
1756066658615 22.50459861755371 189
1756066658644 26.1881046295166 190
1756066658670 23.918563842773438 191
1756066658694 23.67917823791504 192
1756066658719 25.709213256835938 193
1756066658743 20.482669830322266 194
1756066658767 25.92693519592285 195
1756066658792 21.0096435546875 196
1756066658818 25.74580192565918 197
1756066658846 27.366119384765625 198
1756066658875 24.167890548706055 199
1756066658903 22.6003360748291 200
1756066658930 21.960302352905273 201
1756066658954 21.521154403686523 202
1756066658979 21.4921875 203
1756066659004 21.44529914855957 204
1756066659029 21.681453704833984 205
1756066659054 21.73097038269043 206
1756066659078 21.961227416992188 207
1756066659106 18.351104736328125 208
1756066659131 26.13197135925293 209
1756066659160 24.181243896484375 210
1756066659186 21.96225929260254 211
1756066659210 21.64560317993164 212
1756066659235 21.72658348083496 213
1756066659260 22.74678611755371 214
1756066659288 19.378631591796875 215
1756066659314 20.752946853637695 216
1756066659341 20.898651123046875 217
1756066659369 21.88704490661621 218
1756066659398 24.523218154907227 219
1756066659425 20.712223052978516 220
1756066659453 22.716405868530273 221
1756066659481 22.776248931884766 222
1756066659508 21.570796966552734 223
1756066659532 22.53590965270996 224
1756066659559 21.845279693603516 225
1756066659587 20.375375747680664 226
1756066659613 23.926239013671875 227
1756066659638 22.911846160888672 228
1756066659664 22.309627532958984 229
1756066659692 23.50053596496582 230
1756066659720 27.19563865661621 231
1756066659747 24.519916534423828 232
1756066659775 21.936439514160156 233
1756066659803 23.24520492553711 234
1756066659831 24.4055118560791 235
1756066659859 21.269851684570312 236
1756066659887 22.289569854736328 237
1756066659913 25.117568969726562 238
1756066659938 21.96867561340332 239
1756066659964 20.71003532409668 240
1756066659988 23.777732849121094 241
1756066660013 22.34914207458496 242
1756066660039 24.84080696105957 243
1756066660064 23.78023338317871 244
1756066660089 24.28652000427246 245
1756066660115 21.56898307800293 246
1756066660141 22.71367073059082 247
1756066660165 26.13736915588379 248
1756066660504 28.675918579101562 249
1756066660532 23.619211196899414 250
1756066660559 22.431848526000977 251
1756066660587 21.630294799804688 252
1756066660616 20.055675506591797 253
1756066660648 22.643396377563477 254
1756066660677 25.19040870666504 255
1756066660706 23.38902473449707 256
1756066660736 24.44698143005371 257
1756066660763 20.60874366760254 258
1756066660790 21.573436737060547 259
1756066660817 19.752988815307617 260
1756066660844 24.304168701171875 261
1756066660871 23.889827728271484 262
1756066660899 20.81039047241211 263
1756066660924 22.71085548400879 264
1756066660949 27.336421966552734 265
1756066660976 24.320308685302734 266
1756066661002 23.18421173095703 267
1756066661029 23.310874938964844 268
1756066661054 21.68207550048828 269
1756066661082 23.80101203918457 270
1756066661111 19.972753524780273 271
1756066661136 25.367719650268555 272
1756066661162 22.295644760131836 273
1756066661188 24.023529052734375 274
1756066661213 23.84990119934082 275
1756066661240 24.76712989807129 276
1756066661266 24.59868621826172 277
1756066661294 20.123802185058594 278
1756066661321 24.359336853027344 279
1756066661346 19.568269729614258 280
1756066661371 22.422821044921875 281
1756066661396 19.677288055419922 282
1756066661421 25.380508422851562 283
1756066661447 22.215002059936523 284
1756066661475 22.785846710205078 285
1756066661504 20.965179443359375 286
1756066661531 21.772953033447266 287
1756066661557 24.766220092773438 288
1756066661584 24.265262603759766 289
1756066661611 23.450035095214844 290
1756066661638 21.924711227416992 291
1756066661665 22.676233291625977 292
1756066661692 23.46693229675293 293
1756066661720 25.811702728271484 294
1756066661747 21.213621139526367 295
1756066661773 22.00081443786621 296
1756066661798 22.309463500976562 297
1756066661822 25.951454162597656 298
1756066661851 26.004335403442383 299
1756066669947 50.15108871459961 0
1756066669975 50.02827453613281 1
1756066670003 49.989559173583984 2
1756066670028 49.79854202270508 3
1756066670052 49.6987190246582 4
1756066670075 49.492435455322266 5
1756066670100 49.30850601196289 6
1756066670124 49.2728385925293 7
1756066670148 48.93305587768555 8
1756066670177 48.645484924316406 9
1756066670205 48.31620788574219 10
1756066670232 47.72736740112305 11
1756066670261 47.95754623413086 12
1756066670286 47.160789489746094 13
1756066670313 46.8015022277832 14
1756066670340 46.54133987426758 15
1756066670368 46.11699676513672 16
1756066670395 45.69559860229492 17
1756066670419 45.04487609863281 18
1756066670444 44.4542350769043 19
1756066670468 42.57133102416992 20
1756066670493 42.61686706542969 21
1756066670518 41.90618133544922 22
1756066670543 40.68086242675781 23
1756066670569 40.172000885009766 24
1756066670597 39.2861442565918 25
1756066670624 38.0786018371582 26
1756066670650 34.97364807128906 27
1756066670678 35.143733978271484 28
1756066670707 34.60411834716797 29
1756066670735 34.14887237548828 30
1756066670763 27.538785934448242 31
1756066670788 27.0886173248291 32
1756066670816 26.65850067138672 33
1756066670843 26.347469329833984 34
1756066670870 26.142574310302734 35
1756066670898 29.836559295654297 36
1756066670926 22.78868865966797 37
1756066670953 23.508453369140625 38
1756066670979 21.877107620239258 39
1756066671004 25.042043685913086 40
1756066671029 26.196765899658203 41
1756066671054 22.102964401245117 42
1756066671080 26.940093994140625 43
1756066671105 21.60821533203125 44
1756066671130 25.82537269592285 45
1756066671155 26.987926483154297 46
1756066671184 23.15931510925293 47
1756066671212 25.098474502563477 48
1756066671240 22.337871551513672 49
1756066671269 22.714447021484375 50
1756066671297 21.188737869262695 51
1756066671326 21.570688247680664 52
1756066671354 24.853553771972656 53
1756066671382 20.71186065673828 54
1756066671409 26.633649826049805 55
1756066671437 25.70203399658203 56
1756066671465 22.07252311706543 57
1756066671493 20.559490203857422 58
1756066671521 22.77195930480957 59
1756066671549 21.985734939575195 60
1756066671574 22.17250633239746 61
1756066671600 23.840843200683594 62
1756066671625 21.854583740234375 63
1756066671650 22.499967575073242 64
1756066671677 23.02582550048828 65
1756066671704 23.76981544494629 66
1756066671730 23.605247497558594 67
1756066671755 23.98441505432129 68
1756066671780 21.159969329833984 69
1756066671805 22.258344650268555 70
1756066671831 24.29462432861328 71
1756066671856 22.178682327270508 72
1756066671885 20.141611099243164 73
1756066671913 20.92544937133789 74
1756066671938 24.45799446105957 75
1756066671966 26.32545280456543 76
1756066671997 25.12562370300293 77
1756066672028 22.415681838989258 78
1756066672056 23.36807632446289 79
1756066672083 25.39622688293457 80
1756066672110 23.5112361907959 81
1756066672136 22.119876861572266 82
1756066672162 21.780454635620117 83
1756066672187 23.25563621520996 84
1756066672212 18.81627082824707 85
1756066672236 25.48493194580078 86
1756066672261 21.096782684326172 87
1756066672288 22.985122680664062 88
1756066672317 21.60573959350586 89
1756066672345 15.487881660461426 90
1756066672372 20.911409378051758 91
1756066672400 22.232646942138672 92
1756066672427 19.248287200927734 93
1756066672455 22.126630783081055 94
1756066672484 27.404569625854492 95
1756066672514 21.543752670288086 96
1756066672540 24.890459060668945 97
1756066672564 22.33559226989746 98
1756066672591 25.838176727294922 99
1756066672620 22.89443588256836 100
1756066672647 23.064931869506836 101
1756066672673 21.23122215270996 102
1756066672698 24.25665283203125 103
1756066672726 22.413053512573242 104
1756066672753 20.1132869720459 105
1756066672780 20.665708541870117 106
1756066672807 21.85390281677246 107
1756066672835 23.29564094543457 108
1756066672862 24.319679260253906 109
1756066672890 25.029802322387695 110
1756066672917 22.2291259765625 111
1756066672943 20.882707595825195 112
1756066672969 24.92674446105957 113
1756066672998 23.870357513427734 114
1756066673026 23.224620819091797 115
1756066673052 23.61534881591797 116
1756066673077 25.267009735107422 117
1756066673102 24.458293914794922 118
1756066673130 21.93626594543457 119
1756066673156 18.718238830566406 120
1756066673184 25.155736923217773 121
1756066673210 20.520427703857422 122
1756066673235 23.598373413085938 123
1756066673264 20.76001739501953 124
1756066673291 21.56562042236328 125
1756066673319 22.343549728393555 126
1756066673348 21.2002010345459 127
1756066673376 24.412334442138672 128
1756066673404 24.146291732788086 129
1756066673433 25.606721878051758 130
1756066673461 23.74188232421875 131
1756066673490 24.88450050354004 132
1756066673518 22.526535034179688 133
1756066673546 23.90656852722168 134
1756066673574 17.67414093017578 135
1756066673602 24.546634674072266 136
1756066673630 18.619890213012695 137
1756066673659 17.568767547607422 138
1756066673688 23.69506072998047 139
1756066673717 21.13831901550293 140
1756066673746 22.427705764770508 141
1756066673774 20.821043014526367 142
1756066673803 19.327526092529297 143
1756066673832 21.931621551513672 144
1756066673861 17.72785186767578 145
1756066673888 21.939664840698242 146
1756066673916 16.829137802124023 147
1756066673944 20.11148452758789 148
1756066673971 22.70440673828125 149
1756066673996 22.460416793823242 150
1756066674021 25.93526268005371 151
1756066674049 19.343294143676758 152
1756066674075 22.076141357421875 153
1756066674101 21.958763122558594 154
1756066674127 23.95435905456543 155
1756066674153 20.483421325683594 156
1756066674182 23.415653228759766 157
1756066674213 24.56947135925293 158
1756066674245 23.66480255126953 159
1756066674275 21.645042419433594 160
1756066674306 21.132301330566406 161
1756066674337 22.862911224365234 162
1756066674368 22.399606704711914 163
1756066674395 23.08765983581543 164
1756066674420 21.810413360595703 165
1756066674447 25.340015411376953 166
1756066674472 24.018064498901367 167
1756066674501 24.257169723510742 168
1756066674527 25.158720016479492 169
1756066674556 26.55067253112793 170
1756066674585 22.079858779907227 171
1756066674611 23.244585037231445 172
1756066674636 21.06577491760254 173
1756066674663 24.995698928833008 174
1756066674693 22.798175811767578 175
1756066674723 20.929777145385742 176
1756066674750 19.534523010253906 177
1756066674776 19.655710220336914 178
1756066674804 19.46326446533203 179
1756066674831 23.732913970947266 180
1756066674858 20.892208099365234 181
1756066674885 22.82480239868164 182
1756066674914 24.667726516723633 183
1756066674942 25.339689254760742 184
1756066674971 22.719741821289062 185
1756066675000 24.11748504638672 186
1756066675029 22.10238265991211 187
1756066675058 23.417863845825195 188
1756066675086 23.01054573059082 189
1756066675114 21.4423885345459 190
1756066675142 25.748830795288086 191
1756066675171 21.881013870239258 192
1756066675200 21.663372039794922 193
1756066675226 21.138505935668945 194
1756066675251 22.290239334106445 195
1756066675277 22.98530387878418 196
1756066675305 20.537240982055664 197
1756066675333 26.09834098815918 198
1756066675362 21.88217544555664 199
1756066675390 22.95298194885254 200
1756066675418 23.566640853881836 201
1756066675444 24.26218605041504 202
1756066675469 20.816165924072266 203
1756066675494 20.8929386138916 204
1756066675519 21.96400260925293 205
1756066675544 19.654640197753906 206
1756066675572 22.60603904724121 207
1756066675600 21.30013656616211 208
1756066675628 21.869903564453125 209
1756066675655 19.745901107788086 210
1756066675682 17.362028121948242 211
1756066675710 24.116683959960938 212
1756066675738 21.436527252197266 213
1756066675767 19.234529495239258 214
1756066675796 23.821796417236328 215
1756066675827 21.004117965698242 216
1756066675855 17.163259506225586 217
1756066675884 25.61501121520996 218
1756066675914 22.015647888183594 219
1756066675943 22.938749313354492 220
1756066675972 25.180633544921875 221
1756066676002 17.899145126342773 222
1756066676030 22.585689544677734 223
1756066676058 21.415771484375 224
1756066676086 21.755891799926758 225
1756066676113 19.768213272094727 226
1756066676141 22.92442512512207 227
1756066676169 22.41063690185547 228
1756066676197 20.448049545288086 229
1756066676224 18.055442810058594 230
1756066676251 25.801921844482422 231
1756066676278 20.396915435791016 232
1756066676305 23.272974014282227 233
1756066676332 22.605472564697266 234
1756066676360 24.758541107177734 235
1756066676387 23.181276321411133 236
1756066676414 22.146268844604492 237
1756066676442 19.12748908996582 238
1756066676469 22.259180068969727 239
1756066676497 26.250205993652344 240
1756066676525 20.515216827392578 241
1756066676552 19.535274505615234 242
1756066676580 24.317302703857422 243
1756066676609 25.883420944213867 244
1756066676637 22.93290901184082 245
1756066676665 22.207624435424805 246
1756066676693 26.942392349243164 247
1756066676721 21.606332778930664 248
1756066676749 21.60868263244629 249
1756066676777 21.752653121948242 250
1756066676805 21.863325119018555 251
1756066676833 18.489755630493164 252
1756066676861 20.80253791809082 253
1756066676890 26.42660140991211 254
1756066676918 20.529773712158203 255
1756066676946 21.44277000427246 256
1756066676973 24.05717658996582 257
1756066677001 24.412885665893555 258
1756066677029 19.863975524902344 259
1756066677057 21.121910095214844 260
1756066677085 19.070545196533203 261
1756066677113 22.99508285522461 262
1756066677141 19.265666961669922 263
1756066677171 21.342071533203125 264
1756066677199 22.610233306884766 265
1756066677227 25.66698455810547 266
1756066677255 25.86756706237793 267
1756066677282 20.174217224121094 268
1756066677311 22.886220932006836 269
1756066677339 22.704105377197266 270
1756066677366 22.68537712097168 271
1756066677395 22.118513107299805 272
1756066677423 23.569931030273438 273
1756066677451 22.262422561645508 274
1756066677479 20.072303771972656 275
1756066677507 21.48256492614746 276
1756066677535 21.347883224487305 277
1756066677562 17.02232551574707 278
1756066677591 21.99030303955078 279
1756066677618 21.08927345275879 280
1756066677644 24.24110221862793 281
1756066677673 20.989355087280273 282
1756066677701 22.760353088378906 283
1756066677726 19.958560943603516 284
1756066677751 22.442752838134766 285
1756066677777 20.4952392578125 286
1756066677802 19.164730072021484 287
1756066677828 22.083133697509766 288
1756066677854 23.083303451538086 289
1756066677880 22.53441047668457 290
1756066677908 24.959177017211914 291
1756066677935 23.083005905151367 292
1756066677961 20.20964241027832 293
1756066677986 21.59443473815918 294
1756066678011 20.368610382080078 295
1756066678036 22.194469451904297 296
1756066678062 22.423748016357422 297
1756066678087 23.202878952026367 298
1756066678111 20.094785690307617 299
1756066686212 48.793235778808594 0
1756066686239 48.73667526245117 1
1756066686269 48.648006439208984 2
1756066686294 48.560523986816406 3
1756066686318 48.46968460083008 4
1756066686343 48.3537712097168 5
1756066686368 48.168739318847656 6
1756066686394 48.17725372314453 7
1756066686419 48.00924301147461 8
1756066686443 47.74864959716797 9
1756066686468 47.43982696533203 10
1756066686493 47.222686767578125 11
1756066686518 47.286808013916016 12
1756066686546 46.61078643798828 13
1756066686576 46.618289947509766 14
1756066686605 46.58934783935547 15
1756066686635 45.66586685180664 16
1756066686663 45.04044723510742 17
1756066686692 45.119598388671875 18
1756066686728 44.35398864746094 19
1756066686773 43.37515640258789 20
1756066686808 42.31575012207031 21
1756066686836 41.60805130004883 22
1756066686862 41.066776275634766 23
1756066686887 39.93653106689453 24
1756066686912 38.62736129760742 25
1756066686937 36.64625930786133 26
1756066686962 35.21783447265625 27
1756066686986 33.522796630859375 28
1756066687014 32.674110412597656 29
1756066687041 34.138511657714844 30
1756066687069 32.04471969604492 31
1756066687097 28.560205459594727 32
1756066687125 27.07310676574707 33
1756066687153 26.447656631469727 34
1756066687182 23.660293579101562 35
1756066687208 25.30231285095215 36
1756066687235 23.21474266052246 37
1756066687260 25.47047996520996 38
1756066687284 20.94019889831543 39
1756066687310 20.647214889526367 40
1756066687336 25.262203216552734 41
1756066687365 24.144386291503906 42
1756066687393 20.266340255737305 43
1756066687421 26.82230567932129 44
1756066687447 23.018375396728516 45
1756066687472 24.717086791992188 46
1756066687499 21.09244155883789 47
1756066687525 23.03483772277832 48
1756066687553 26.127622604370117 49
1756066687581 22.931081771850586 50
1756066687608 22.22420310974121 51
1756066687636 21.144203186035156 52
1756066687664 22.981571197509766 53
1756066687692 20.765262603759766 54
1756066687720 21.884315490722656 55
1756066687748 19.820491790771484 56
1756066687777 17.87239646911621 57
1756066687805 18.86054229736328 58
1756066687833 24.82047462463379 59
1756066687862 21.168203353881836 60
1756066687893 21.700593948364258 61
1756066687923 26.588716506958008 62
1756066687953 21.5740966796875 63
1756066687983 20.545015335083008 64
1756066688008 23.30232048034668 65
1756066688035 20.471450805664062 66
1756066688060 21.034299850463867 67
1756066688084 22.22980499267578 68
1756066688109 17.85039520263672 69
1756066688134 22.573944091796875 70
1756066688158 19.770137786865234 71
1756066688183 24.80963706970215 72
1756066688208 22.30160903930664 73
1756066688232 24.956275939941406 74
1756066688257 20.072078704833984 75
1756066688282 22.94306755065918 76
1756066688306 23.142242431640625 77
1756066688332 24.62433624267578 78
1756066688357 22.892635345458984 79
1756066688381 20.03856086730957 80
1756066688408 25.742992401123047 81
1756066688436 21.131067276000977 82
1756066688464 22.61888313293457 83
1756066688491 23.792665481567383 84
1756066688516 23.090791702270508 85
1756066688545 26.9942684173584 86
1756066688570 22.12639617919922 87
1756066688598 20.726346969604492 88
1756066688626 21.221561431884766 89
1756066688652 20.940202713012695 90
1756066688679 21.79911994934082 91
1756066688704 22.9063663482666 92
1756066688729 23.528793334960938 93
1756066688753 21.847606658935547 94
1756066688781 19.87233543395996 95
1756066688807 22.603328704833984 96
1756066688835 19.01030158996582 97
1756066688860 25.42176055908203 98
1756066688885 24.047786712646484 99
1756066688910 21.79545783996582 100
1756066688935 20.129745483398438 101
1756066688960 21.078861236572266 102
1756066688985 24.096166610717773 103
1756066689014 21.501253128051758 104
1756066689042 22.12494468688965 105
1756066689070 21.62972640991211 106
1756066689097 23.26182746887207 107
1756066689125 22.469572067260742 108
1756066689153 25.366493225097656 109
1756066689178 23.78032112121582 110
1756066689203 24.013031005859375 111
1756066689228 19.80120086669922 112
1756066689254 17.88413429260254 113
1756066689278 23.691925048828125 114
1756066689304 20.21891212463379 115
1756066689329 19.92728614807129 116
1756066689354 20.728878021240234 117
1756066689382 19.761215209960938 118
1756066689408 24.038818359375 119
1756066689433 22.465124130249023 120
1756066689458 25.59309196472168 121
1756066689483 19.20330810546875 122
1756066689508 21.42952537536621 123
1756066689533 22.36467170715332 124
1756066689558 26.3852596282959 125
1756066689585 21.76700782775879 126
1756066689613 21.40233612060547 127
1756066689641 22.070232391357422 128
1756066689670 22.97725486755371 129
1756066689698 23.016963958740234 130
1756066689727 24.055238723754883 131
1756066689756 17.093233108520508 132
1756066689786 20.586166381835938 133
1756066689816 18.2806339263916 134
1756066689845 22.22825050354004 135
1756066689872 23.783761978149414 136
1756066689897 21.169761657714844 137
1756066689922 20.850297927856445 138
1756066689947 25.516498565673828 139
1756066689972 22.87420082092285 140
1756066689998 21.34272575378418 141
1756066690023 23.660797119140625 142
1756066690048 19.776123046875 143
1756066690074 20.612064361572266 144
1756066690101 19.01791000366211 145
1756066690130 21.392330169677734 146
1756066690157 21.746734619140625 147
1756066690185 23.195228576660156 148
1756066690214 21.17181396484375 149
1756066690240 23.855648040771484 150
1756066690267 21.41502571105957 151
1756066690295 26.563695907592773 152
1756066690321 18.26154899597168 153
1756066690347 19.12594223022461 154
1756066690375 19.257383346557617 155
1756066690403 25.477088928222656 156
1756066690431 24.81255531311035 157
1756066690457 22.072696685791016 158
1756066690482 16.708608627319336 159
1756066690508 22.058317184448242 160
1756066690535 18.609954833984375 161
1756066690561 22.936079025268555 162
1756066690586 21.273208618164062 163
1756066690612 21.578067779541016 164
1756066690640 20.09758758544922 165
1756066690668 23.26032257080078 166
1756066690697 21.838462829589844 167
1756066690726 19.757965087890625 168
1756066690753 21.731719970703125 169
1756066690780 22.02876091003418 170
1756066690808 21.835529327392578 171
1756066690833 26.450708389282227 172
1756066690857 26.215755462646484 173
1756066690886 21.642377853393555 174
1756066690917 19.84061050415039 175
1756066690947 19.29348373413086 176
1756066690976 17.73453712463379 177
1756066691006 20.903459548950195 178
1756066691037 22.429651260375977 179
1756066691067 21.946552276611328 180
1756066691093 20.40398406982422 181
1756066691118 20.816295623779297 182
1756066691142 20.72407341003418 183
1756066691168 20.42668914794922 184
1756066691193 23.44792938232422 185
1756066691219 21.949792861938477 186
1756066691245 25.510358810424805 187
1756066691274 25.5991153717041 188
1756066691302 20.78527069091797 189
1756066691329 22.71730613708496 190
1756066691358 25.46995735168457 191
1756066691385 22.759246826171875 192
1756066691412 24.100555419921875 193
1756066691440 20.500492095947266 194
1756066691472 21.231836318969727 195
1756066691500 24.36958885192871 196
1756066691528 23.965410232543945 197
1756066691557 26.85606575012207 198
1756066691586 23.269880294799805 199
1756066691614 19.63124656677246 200
1756066691642 22.320693969726562 201
1756066691670 19.915740966796875 202
1756066691699 20.274822235107422 203
1756066691726 19.420787811279297 204
1756066691755 23.05229949951172 205
1756066691783 18.658159255981445 206
1756066691811 20.647167205810547 207
1756066691838 22.779499053955078 208
1756066691867 21.57763671875 209
1756066691894 23.26677131652832 210
1756066691921 20.646316528320312 211
1756066691948 19.28047752380371 212
1756066691975 22.598960876464844 213
1756066692001 23.138427734375 214
1756066692026 21.826969146728516 215
1756066692052 24.97248649597168 216
1756066692078 21.684038162231445 217
1756066692104 20.524721145629883 218
1756066692133 21.59785270690918 219
1756066692159 24.38170051574707 220
1756066692185 20.5771541595459 221
1756066692211 22.95829963684082 222
1756066692238 21.96315574645996 223
1756066692264 18.099273681640625 224
1756066692289 18.72066879272461 225
1756066692316 22.49654769897461 226
1756066692342 18.051307678222656 227
1756066692368 20.83390235900879 228
1756066692394 20.272846221923828 229
1756066692423 23.29808235168457 230
1756066692452 24.292160034179688 231
1756066692478 18.999225616455078 232
1756066692503 21.32005500793457 233
1756066692528 21.485166549682617 234
1756066692554 21.839468002319336 235
1756066692579 24.768491744995117 236
1756066692608 21.93775177001953 237
1756066692636 24.452375411987305 238
1756066692662 22.79244613647461 239
1756066692688 26.312095642089844 240
1756066692714 22.145721435546875 241
1756066692739 19.84950828552246 242
1756066692767 22.348779678344727 243
1756066692795 22.083133697509766 244
1756066692823 21.729373931884766 245
1756066692854 25.03685188293457 246
1756066692882 20.367053985595703 247
1756066692907 20.668916702270508 248
1756066692932 21.911649703979492 249
1756066692961 23.203310012817383 250
1756066692990 19.38324737548828 251
1756066693017 23.071195602416992 252
1756066693043 20.81504249572754 253
1756066693071 23.752227783203125 254
1756066693097 25.7371883392334 255
1756066693122 19.457550048828125 256
1756066693148 23.175138473510742 257
1756066693176 24.310237884521484 258
1756066693207 22.697568893432617 259
1756066693231 21.35965347290039 260
1756066693256 20.358949661254883 261
1756066693282 16.509960174560547 262
1756066693309 16.64449119567871 263
1756066693338 23.58889389038086 264
1756066693368 21.86300277709961 265
1756066693396 22.686674118041992 266
1756066693423 22.477291107177734 267
1756066693452 20.180500030517578 268
1756066693479 20.69934844970703 269
1756066693504 22.34610939025879 270
1756066693530 17.647153854370117 271
1756066693556 22.788089752197266 272
1756066693581 19.562808990478516 273
1756066693606 24.917558670043945 274
1756066693632 25.76991081237793 275
1756066693658 22.230167388916016 276
1756066693685 24.822715759277344 277
1756066693710 22.542163848876953 278
1756066693738 19.683109283447266 279
1756066693766 21.593448638916016 280
1756066693794 20.751008987426758 281
1756066693823 23.006954193115234 282
1756066693850 26.842504501342773 283
1756066693878 20.18439483642578 284
1756066693905 21.391647338867188 285
1756066693934 24.149744033813477 286
1756066693963 22.582183837890625 287
1756066693991 25.28091812133789 288
1756066694020 18.813716888427734 289
1756066694048 22.495298385620117 290
1756066694076 21.229427337646484 291
1756066694104 23.136838912963867 292
1756066694132 22.33220672607422 293
1756066694160 23.868513107299805 294
1756066694189 19.194978713989258 295
1756066694217 16.978046417236328 296
1756066694245 21.012344360351562 297
1756066694273 20.67995262145996 298
1756066694301 20.039669036865234 299
1756066702443 50.232093811035156 0
1756066702478 49.89722442626953 1
1756066702511 49.566925048828125 2
1756066702544 49.30751419067383 3
1756066702579 48.97488021850586 4
1756066702614 48.69865417480469 5
1756066702648 48.284420013427734 6
1756066702682 47.34779357910156 7
1756066702717 47.44366455078125 8
1756066702751 46.04426193237305 9
1756066702785 45.22959899902344 10
1756066702818 43.103668212890625 11
1756066702852 42.40409469604492 12
1756066702885 41.77286911010742 13
1756066702919 38.6500129699707 14
1756066702950 36.06322479248047 15
1756066702980 35.75642776489258 16
1756066703010 37.57696533203125 17
1756066703040 32.171966552734375 18
1756066703070 30.529354095458984 19
1756066703101 31.973249435424805 20
1756066703131 33.049598693847656 21
1756066703160 32.70143127441406 22
1756066703191 29.907739639282227 23
1756066703221 24.36475944519043 24
1756066703254 33.43006134033203 25
1756066703287 32.75672912597656 26
1756066703317 33.09327697753906 27
1756066703346 30.961673736572266 28
1756066703377 31.554433822631836 29
1756066703407 29.50244140625 30
1756066703437 32.19199752807617 31
1756066703469 30.784509658813477 32
1756066703500 33.68555450439453 33
1756066703530 34.23834991455078 34
1756066703562 25.095457077026367 35
1756066703592 33.502586364746094 36
1756066703622 27.483705520629883 37
1756066703652 28.476030349731445 38
1756066703683 25.783733367919922 39
1756066703713 24.820636749267578 40
1756066703746 32.37750244140625 41
1756066703780 29.928869247436523 42
1756066703813 28.65435791015625 43
1756066703848 27.306673049926758 44
1756066703881 31.284832000732422 45
1756066703914 27.63081169128418 46
1756066703944 30.380332946777344 47
1756066703974 26.90007972717285 48
1756066704003 28.07159423828125 49
1756066704034 26.55748748779297 50
1756066704063 28.470434188842773 51
1756066704093 32.093509674072266 52
1756066704124 28.512340545654297 53
1756066704155 29.140884399414062 54
1756066704187 25.529354095458984 55
1756066704217 28.86233901977539 56
1756066704247 32.28578186035156 57
1756066704277 26.02703857421875 58
1756066704307 33.00611877441406 59
1756066704337 34.50046920776367 60
1756066704370 34.4820442199707 61
1756066704404 31.254182815551758 62
1756066704438 30.402198791503906 63
1756066704473 27.12332534790039 64
1756066704506 28.258569717407227 65
1756066704539 28.378873825073242 66
1756066704571 27.021066665649414 67
1756066704606 27.27693748474121 68
1756066704641 27.177284240722656 69
1756066704674 28.634851455688477 70
1756066704709 32.2148323059082 71
1756066704743 27.405925750732422 72
1756066704777 30.70708465576172 73
1756066704811 33.71171569824219 74
1756066704845 29.07352066040039 75
1756066704876 31.947256088256836 76
1756066704906 25.48402976989746 77
1756066704936 28.584640502929688 78
1756066704966 30.15713119506836 79
1756066704997 36.21870422363281 80
1756066705027 28.704153060913086 81
1756066705057 32.781917572021484 82
1756066705087 29.527769088745117 83
1756066705117 26.136341094970703 84
1756066705147 27.112703323364258 85
1756066705178 30.001325607299805 86
1756066705210 31.443918228149414 87
1756066705244 27.72413444519043 88
1756066705279 30.502853393554688 89
1756066705313 27.799718856811523 90
1756066705347 28.391401290893555 91
1756066705379 29.896230697631836 92
1756066705410 27.405298233032227 93
1756066705440 30.47257423400879 94
1756066705471 33.9297981262207 95
1756066705502 31.029800415039062 96
1756066705533 32.540321350097656 97
1756066705563 32.366905212402344 98
1756066705597 29.46257972717285 99
1756066705634 30.12778663635254 100
1756066705671 29.316621780395508 101
1756066705702 29.175392150878906 102
1756066705732 29.934072494506836 103
1756066705762 29.636388778686523 104
1756066705791 31.761411666870117 105
1756066705821 30.3107852935791 106
1756066705852 34.861167907714844 107
1756066705882 31.141094207763672 108
1756066705911 32.54001235961914 109
1756066705946 26.911190032958984 110
1756066705977 33.17491912841797 111
1756066706007 32.5069465637207 112
1756066706037 22.665428161621094 113
1756066706067 27.62984848022461 114
1756066706097 26.97735595703125 115
1756066706127 33.22420883178711 116
1756066706158 30.08148193359375 117
1756066706188 24.429527282714844 118
1756066706218 27.557931900024414 119
1756066706248 30.03114891052246 120
1756066706278 30.930179595947266 121
1756066706308 26.936532974243164 122
1756066706339 28.968093872070312 123
1756066706370 29.79935073852539 124
1756066706404 27.133588790893555 125
1756066706433 27.988697052001953 126
1756066706464 29.49774932861328 127
1756066706493 29.406469345092773 128
1756066706528 26.802043914794922 129
1756066706562 29.136249542236328 130
1756066706592 27.820709228515625 131
1756066706622 27.877777099609375 132
1756066706652 30.741657257080078 133
1756066706683 34.08802795410156 134
1756066706713 31.761680603027344 135
1756066706743 25.107532501220703 136
1756066706773 32.76008987426758 137
1756066706803 27.279499053955078 138
1756066706834 33.2343864440918 139
1756066706864 25.120824813842773 140
1756066706894 31.596101760864258 141
1756066706924 27.180994033813477 142
1756066706955 32.530517578125 143
1756066706986 27.48933982849121 144
1756066707016 29.731996536254883 145
1756066707050 32.50941848754883 146
1756066707083 25.030574798583984 147
1756066707113 32.68996810913086 148
1756066707144 29.7387752532959 149
1756066707175 30.79302978515625 150
1756066707205 28.739622116088867 151
1756066707236 29.052629470825195 152
1756066707266 29.666627883911133 153
1756066707296 30.136613845825195 154
1756066707326 31.58354377746582 155
1756066707356 29.7202091217041 156
1756066707387 28.500709533691406 157
1756066707417 32.55607223510742 158
1756066707447 32.50529098510742 159
1756066707477 27.829444885253906 160
1756066707508 29.682167053222656 161
1756066707538 29.125564575195312 162
1756066707568 31.60958480834961 163
1756066707599 29.996673583984375 164
1756066707629 28.67761993408203 165
1756066707659 28.977203369140625 166
1756066707690 30.080909729003906 167
1756066707720 35.948665618896484 168
1756066707751 30.380470275878906 169
1756066707783 27.723262786865234 170
1756066707813 32.03514099121094 171
1756066707844 29.190481185913086 172
1756066707877 27.47612762451172 173
1756066707911 30.224590301513672 174
1756066707948 26.395803451538086 175
1756066707985 25.846162796020508 176
1756066708023 28.37807273864746 177
1756066708060 28.18301010131836 178
1756066708097 28.845335006713867 179
1756066708131 27.967418670654297 180
1756066708165 30.208988189697266 181
1756066708199 27.69270896911621 182
1756066708233 32.31149673461914 183
1756066708267 30.348703384399414 184
1756066708301 30.354263305664062 185
1756066708336 29.559810638427734 186
1756066708371 28.191373825073242 187
1756066708405 28.06876564025879 188
1756066708437 26.445308685302734 189
1756066708467 29.719390869140625 190
1756066708497 29.333229064941406 191
1756066708527 28.46202278137207 192
1756066708560 28.372314453125 193
1756066708591 29.798625946044922 194
1756066708621 32.61229705810547 195
1756066708652 28.530834197998047 196
1756066708683 31.45604133605957 197
1756066708713 30.097665786743164 198
1756066708743 32.36301803588867 199
1756066708776 30.04524803161621 200
1756066708811 29.348819732666016 201
1756066708845 26.24574851989746 202
1756066708876 27.461219787597656 203
1756066708907 28.34917449951172 204
1756066708942 28.28235626220703 205
1756066708978 29.807180404663086 206
1756066709012 25.156272888183594 207
1756066709049 23.477554321289062 208
1756066709084 30.19060707092285 209
1756066709117 29.13074493408203 210
1756066709148 28.423004150390625 211
1756066709183 30.341840744018555 212
1756066709219 29.338043212890625 213
1756066709252 26.777103424072266 214
1756066709287 28.079660415649414 215
1756066709322 25.89442253112793 216
1756066709356 26.441322326660156 217
1756066709390 28.46851921081543 218
1756066709423 26.72037696838379 219
1756066709455 27.984210968017578 220
1756066709488 27.779943466186523 221
1756066709519 32.14667510986328 222
1756066709552 24.84791374206543 223
1756066709587 25.619028091430664 224
1756066709622 26.446935653686523 225
1756066709656 24.930997848510742 226
1756066709690 34.35416793823242 227
1756066709723 28.19951057434082 228
1756066709756 30.094032287597656 229
1756066709790 29.899503707885742 230
1756066709822 30.623411178588867 231
1756066709852 27.367258071899414 232
1756066709883 28.094789505004883 233
1756066709913 23.63611602783203 234
1756066709943 25.655372619628906 235
1756066709973 31.873031616210938 236
1756066710004 26.977399826049805 237
1756066710033 25.646486282348633 238
1756066710063 28.848575592041016 239
1756066710094 24.269611358642578 240
1756066710123 28.61200714111328 241
1756066710156 30.146392822265625 242
1756066710193 31.499187469482422 243
1756066710228 27.018583297729492 244
1756066710262 30.79839324951172 245
1756066710298 28.35565948486328 246
1756066710336 25.98957061767578 247
1756066710370 31.300378799438477 248
1756066710400 26.565208435058594 249
1756066710430 33.499855041503906 250
1756066710461 27.033123016357422 251
1756066710492 25.777509689331055 252
1756066710522 26.012479782104492 253
1756066710553 28.91126251220703 254
1756066710584 29.59913444519043 255
1756066710615 24.27254295349121 256
1756066710646 29.20694923400879 257
1756066710678 29.843597412109375 258
1756066710711 29.98858642578125 259
1756066710748 25.91004753112793 260
1756066710782 29.917007446289062 261
1756066710813 27.296457290649414 262
1756066710844 22.297283172607422 263
1756066710875 29.844314575195312 264
1756066710911 29.997169494628906 265
1756066710944 30.492923736572266 266
1756066710975 29.70008087158203 267
1756066711010 33.75801086425781 268
1756066711043 33.97869110107422 269
1756066711073 31.661907196044922 270
1756066711104 32.589603424072266 271
1756066711135 27.5537166595459 272
1756066711167 25.51025390625 273
1756066711202 27.542524337768555 274
1756066711236 30.489994049072266 275
1756066711266 32.162269592285156 276
1756066711296 31.65006446838379 277
1756066711328 29.086875915527344 278
1756066711359 26.784299850463867 279
1756066711390 30.16746711730957 280
1756066711423 29.25291633605957 281
1756066711456 29.017913818359375 282
1756066711489 26.806903839111328 283
1756066711526 32.431949615478516 284
1756066711564 30.109752655029297 285
1756066711599 26.168989181518555 286
1756066711636 27.594003677368164 287
1756066711667 25.388498306274414 288
1756066711699 30.211105346679688 289
1756066711731 24.7717227935791 290
1756066711762 28.832551956176758 291
1756066711793 29.764610290527344 292
1756066711824 29.877140045166016 293
1756066711855 27.23564338684082 294
1756066711886 25.192951202392578 295
1756066711918 31.126445770263672 296
1756066711954 31.217395782470703 297
1756066711985 25.73672866821289 298
1756066712019 31.34051513671875 299
1756066720150 48.83037185668945 0
1756066720183 48.816349029541016 1
1756066720213 48.77417755126953 2
1756066720246 48.64434814453125 3
1756066720281 48.61037826538086 4
1756066720310 48.46877670288086 5
1756066720340 48.31271743774414 6
1756066720370 48.23692321777344 7
1756066720401 48.11670684814453 8
1756066720431 47.76704406738281 9
1756066720461 47.57623291015625 10
1756066720490 47.281654357910156 11
1756066720521 46.96841812133789 12
1756066720553 46.33747100830078 13
1756066720583 45.44123077392578 14
1756066720613 45.37405014038086 15
1756066720643 44.54526901245117 16
1756066720674 43.83934020996094 17
1756066720705 43.68503189086914 18
1756066720736 42.03705978393555 19
1756066720766 41.249759674072266 20
1756066720796 39.96689224243164 21
1756066720826 39.434776306152344 22
1756066720857 38.8339729309082 23
1756066720887 36.01959228515625 24
1756066720918 35.88972091674805 25
1756066720948 31.59755516052246 26
1756066720978 30.94416046142578 27
1756066721009 27.556358337402344 28
1756066721039 29.16147804260254 29
1756066721070 29.06852149963379 30
1756066721100 32.94474411010742 31
1756066721130 33.9914665222168 32
1756066721160 33.033470153808594 33
1756066721192 35.465843200683594 34
1756066721226 31.70500373840332 35
1756066721260 29.626161575317383 36
1756066721293 27.31648063659668 37
1756066721325 27.1165771484375 38
1756066721355 31.288848876953125 39
1756066721385 29.111557006835938 40
1756066721415 29.738632202148438 41
1756066721445 32.0703010559082 42
1756066721476 31.38901710510254 43
1756066721507 27.649301528930664 44
1756066721537 28.108877182006836 45
1756066721568 28.73879051208496 46
1756066721598 28.752992630004883 47
1756066721628 26.759033203125 48
1756066721659 23.683895111083984 49
1756066721689 31.734155654907227 50
1756066721720 29.382343292236328 51
1756066721751 26.6832218170166 52
1756066721783 28.174541473388672 53
1756066721813 30.081449508666992 54
1756066721848 31.265010833740234 55
1756066721884 25.379791259765625 56
1756066721916 29.22117042541504 57
1756066721945 29.368022918701172 58
1756066721979 28.197071075439453 59
1756066722008 24.709930419921875 60
1756066722039 30.223926544189453 61
1756066722069 23.778472900390625 62
1756066722100 28.758432388305664 63
1756066722136 32.758853912353516 64
1756066722168 26.8524227142334 65
1756066722199 29.371963500976562 66
1756066722230 29.089487075805664 67
1756066722260 28.941390991210938 68
1756066722291 28.401479721069336 69
1756066722321 27.5037784576416 70
1756066722352 28.645938873291016 71
1756066722383 31.36360740661621 72
1756066722414 33.60260772705078 73
1756066722446 29.326684951782227 74
1756066722480 25.374095916748047 75
1756066722510 32.643943786621094 76
1756066722539 28.25916862487793 77
1756066722569 28.00792121887207 78
1756066722599 30.39827537536621 79
1756066722629 26.84927749633789 80
1756066722660 26.6549015045166 81
1756066722690 32.14485549926758 82
1756066722721 32.951454162597656 83
1756066722751 31.536563873291016 84
1756066722781 28.871885299682617 85
1756066722811 31.004451751708984 86
1756066722841 29.849058151245117 87
1756066722871 23.192167282104492 88
1756066722901 30.972665786743164 89
1756066722931 31.857025146484375 90
1756066722961 27.2230224609375 91
1756066722991 31.969810485839844 92
1756066723022 28.74576187133789 93
1756066723056 24.885175704956055 94
1756066723092 29.99931526184082 95
1756066723126 27.737266540527344 96
1756066723161 31.7719669342041 97
1756066723197 31.530696868896484 98
1756066723230 27.48859405517578 99
1756066723261 27.20687484741211 100
1756066723296 26.853763580322266 101
1756066723325 30.183374404907227 102
1756066723355 27.384071350097656 103
1756066723387 24.245458602905273 104
1756066723421 31.14310073852539 105
1756066723455 32.534332275390625 106
1756066723489 22.463008880615234 107
1756066723523 27.40861701965332 108
1756066723556 25.955949783325195 109
1756066723590 34.08797836303711 110
1756066723623 33.902862548828125 111
1756066723657 30.310531616210938 112
1756066723691 25.401596069335938 113
1756066723725 27.070152282714844 114
1756066723759 27.437562942504883 115
1756066723793 28.930191040039062 116
1756066723827 27.4454402923584 117
1756066723861 27.547090530395508 118
1756066723895 30.74582862854004 119
1756066723929 34.97431945800781 120
1756066723962 27.51014518737793 121
1756066723996 33.989479064941406 122
1756066724029 23.529088973999023 123
1756066724063 30.934648513793945 124
1756066724100 29.88404655456543 125
1756066724130 25.848115921020508 126
1756066724160 29.808910369873047 127
1756066724190 27.920194625854492 128
1756066724220 25.453323364257812 129
1756066724257 29.929033279418945 130
1756066724292 31.558164596557617 131
1756066724324 26.636362075805664 132
1756066724353 29.102144241333008 133
1756066724386 24.787233352661133 134
1756066724420 29.24131965637207 135
1756066724449 29.87870979309082 136
1756066724483 23.067373275756836 137
1756066724514 25.2447452545166 138
1756066724543 27.108304977416992 139
1756066724573 24.73299789428711 140
1756066724607 30.44586944580078 141
1756066724637 31.186519622802734 142
1756066724667 30.329740524291992 143
1756066724698 26.67186164855957 144
1756066724730 27.605669021606445 145
1756066724760 28.485076904296875 146
1756066724791 29.924209594726562 147
1756066724821 26.883651733398438 148
1756066724854 25.84636878967285 149
1756066724888 26.21323585510254 150
1756066724918 30.497318267822266 151
1756066724952 30.1987247467041 152
1756066724988 25.50855827331543 153
1756066725022 28.04680633544922 154
1756066725055 26.232973098754883 155
1756066725086 25.627626419067383 156
1756066725116 34.05246353149414 157
1756066725146 24.509334564208984 158
1756066725177 31.28548812866211 159
1756066725208 27.0767822265625 160
1756066725239 31.79403305053711 161
1756066725269 26.623695373535156 162
1756066725302 28.339881896972656 163
1756066725338 24.871862411499023 164
1756066725375 28.607969284057617 165
1756066725405 27.392784118652344 166
1756066725436 28.144428253173828 167
1756066725468 29.547279357910156 168
1756066725499 31.110551834106445 169
1756066725530 28.259916305541992 170
1756066725562 30.051025390625 171
1756066725592 27.38347625732422 172
1756066725625 27.7242488861084 173
1756066725659 27.635648727416992 174
1756066725688 30.170438766479492 175
1756066725719 26.321063995361328 176
1756066725753 29.650922775268555 177
1756066725783 26.791234970092773 178
1756066725813 29.205522537231445 179
1756066725844 32.08969497680664 180
1756066725875 30.03022003173828 181
1756066725906 27.870899200439453 182
1756066725936 24.75008773803711 183
1756066725971 25.42299461364746 184
1756066726004 33.454002380371094 185
1756066726034 29.591768264770508 186
1756066726067 28.772762298583984 187
1756066726102 29.79535675048828 188
1756066726132 30.829740524291992 189
1756066726162 29.715917587280273 190
1756066726192 26.96152687072754 191
1756066726222 24.87297248840332 192
1756066726252 30.190013885498047 193
1756066726282 26.711090087890625 194
1756066726312 25.907373428344727 195
1756066726342 28.80339813232422 196
1756066726372 27.734600067138672 197
1756066726405 29.057666778564453 198
1756066726439 28.887535095214844 199
1756066726472 28.335966110229492 200
1756066726505 26.426069259643555 201
1756066726535 28.96723747253418 202
1756066726571 26.15981101989746 203
1756066726607 31.72135353088379 204
1756066726638 32.711280822753906 205
1756066726670 29.243988037109375 206
1756066726700 30.168764114379883 207
1756066726734 28.02739143371582 208
1756066726764 27.06761360168457 209
1756066726794 30.80014991760254 210
1756066726823 29.141874313354492 211
1756066726853 29.637386322021484 212
1756066726883 28.73662567138672 213
1756066726912 25.487852096557617 214
1756066726943 25.429576873779297 215
1756066726972 25.25624656677246 216
1756066727002 24.73197364807129 217
1756066727031 24.862077713012695 218
1756066727061 27.40946388244629 219
1756066727091 25.279685974121094 220
1756066727124 29.163467407226562 221
1756066727159 32.68159866333008 222
1756066727190 26.505577087402344 223
1756066727221 29.813720703125 224
1756066727255 27.889385223388672 225
1756066727286 30.39198875427246 226
1756066727316 26.27985954284668 227
1756066727346 25.667373657226562 228
1756066727376 28.863704681396484 229
1756066727409 26.07465934753418 230
1756066727444 28.765350341796875 231
1756066727478 26.004777908325195 232
1756066727512 29.189271926879883 233
1756066727543 25.921207427978516 234
1756066727577 28.270219802856445 235
1756066727607 23.64751434326172 236
1756066727638 26.09807014465332 237
1756066727669 26.50812530517578 238
1756066727699 25.93602180480957 239
1756066727730 26.10599708557129 240
1756066727760 28.635473251342773 241
1756066727791 28.249385833740234 242
1756066727822 26.168542861938477 243
1756066727853 27.809188842773438 244
1756066727884 30.88716697692871 245
1756066727916 30.509925842285156 246
1756066727947 28.808212280273438 247
1756066727981 30.424530029296875 248
1756066728013 30.10890007019043 249
1756066728043 24.67781639099121 250
1756066728075 30.000869750976562 251
1756066728105 29.47368621826172 252
1756066728136 29.05322265625 253
1756066728167 24.86813735961914 254
1756066728197 27.116758346557617 255
1756066728229 29.32125473022461 256
1756066728260 25.649812698364258 257
1756066728294 27.459203720092773 258
1756066728325 27.46602439880371 259
1756066728357 29.611499786376953 260
1756066728388 27.961294174194336 261
1756066728418 31.498516082763672 262
1756066728449 31.57808494567871 263
1756066728484 27.69637680053711 264
1756066728519 33.07084274291992 265
1756066728555 28.78653335571289 266
1756066728590 25.987289428710938 267
1756066728625 28.126895904541016 268
1756066728661 28.23914909362793 269
1756066728698 32.00809860229492 270
1756066728733 25.6842098236084 271
1756066728768 26.475765228271484 272
1756066728803 28.370059967041016 273
1756066728838 29.437427520751953 274
1756066728873 23.67915916442871 275
1756066728908 32.18153381347656 276
1756066728943 23.65572166442871 277
1756066728978 25.89109992980957 278
1756066729013 26.34010887145996 279
1756066729048 28.847261428833008 280
1756066729084 27.960132598876953 281
1756066729118 28.091602325439453 282
1756066729153 32.35857009887695 283
1756066729188 29.133892059326172 284
1756066729224 24.75266456604004 285
1756066729258 25.64936065673828 286
1756066729292 29.64405632019043 287
1756066729328 28.2220458984375 288
1756066729363 27.297569274902344 289
1756066729398 26.08652687072754 290
1756066729433 24.961013793945312 291
1756066729469 25.905614852905273 292
1756066729504 24.721412658691406 293
1756066729538 27.571229934692383 294
1756066729573 27.901439666748047 295
1756066729609 26.061927795410156 296
1756066729644 30.64284324645996 297
1756066729679 29.218305587768555 298
1756066729720 27.179840087890625 299
1756066737831 50.08405303955078 0
1756066737867 49.87031173706055 1
1756066737901 49.673946380615234 2
1756066737935 49.14385223388672 3
1756066737966 49.07396697998047 4
1756066737996 48.293304443359375 5
1756066738027 47.49053955078125 6
1756066738061 46.642425537109375 7
1756066738095 45.51904296875 8
1756066738129 44.52389907836914 9
1756066738163 42.83882522583008 10
1756066738197 40.987281799316406 11
1756066738231 39.10349655151367 12
1756066738263 38.27940368652344 13
1756066738293 35.61707305908203 14
1756066738323 30.600135803222656 15
1756066738357 34.1272087097168 16
1756066738391 28.745643615722656 17
1756066738425 24.96295738220215 18
1756066738456 26.006256103515625 19
1756066738489 29.248554229736328 20
1756066738520 29.049161911010742 21
1756066738550 30.684709548950195 22
1756066738580 28.643760681152344 23
1756066738610 25.750812530517578 24
1756066738643 25.566606521606445 25
1756066738677 26.654996871948242 26
1756066738710 29.681184768676758 27
1756066738740 30.81139373779297 28
1756066738771 22.05554962158203 29
1756066738801 29.334543228149414 30
1756066738833 28.229900360107422 31
1756066738867 26.502901077270508 32
1756066738898 28.30359649658203 33
1756066738928 26.29014778137207 34
1756066738960 28.731536865234375 35
1756066738990 30.75750732421875 36
1756066739020 22.68372917175293 37
1756066739050 26.90703582763672 38
1756066739081 23.45105743408203 39
1756066739113 22.5710506439209 40
1756066739147 25.09996223449707 41
1756066739181 23.45743751525879 42
1756066739215 25.8198299407959 43
1756066739247 26.543527603149414 44
1756066739278 24.74980354309082 45
1756066739312 25.474132537841797 46
1756066739343 28.83123779296875 47
1756066739377 23.015920639038086 48
1756066739411 26.06971549987793 49
1756066739441 28.101638793945312 50
1756066739471 27.380605697631836 51
1756066739501 25.792701721191406 52
1756066739531 27.510953903198242 53
1756066739567 22.312223434448242 54
1756066739598 23.243850708007812 55
1756066739634 26.712890625 56
1756066739668 23.590730667114258 57
1756066739702 25.122760772705078 58
1756066739733 26.41334342956543 59
1756066739766 27.141324996948242 60
1756066739800 24.371463775634766 61
1756066739835 23.337820053100586 62
1756066739868 24.59051513671875 63
1756066739898 23.282920837402344 64
1756066739928 24.41257095336914 65
1756066739962 25.95454216003418 66
1756066739996 29.19032859802246 67
1756066740031 26.843645095825195 68
1756066740065 26.697290420532227 69
1756066740095 23.729297637939453 70
1756066740126 25.272865295410156 71
1756066740160 27.1752872467041 72
1756066740194 24.804655075073242 73
1756066740229 28.873687744140625 74
1756066740264 28.186063766479492 75
1756066740297 25.104703903198242 76
1756066740330 28.286779403686523 77
1756066740363 23.84197998046875 78
1756066740396 24.7548770904541 79
1756066740428 22.27101707458496 80
1756066740458 21.181779861450195 81
1756066740487 24.901756286621094 82
1756066740518 23.494600296020508 83
1756066740549 23.378156661987305 84
1756066740580 24.338016510009766 85
1756066740611 25.11651611328125 86
1756066740642 27.525922775268555 87
1756066740676 20.905298233032227 88
1756066740708 23.101154327392578 89
1756066740740 26.086692810058594 90
1756066740771 26.449872970581055 91
1756066740802 29.463727951049805 92
1756066740833 26.23065185546875 93
1756066740863 28.116714477539062 94
1756066740894 25.540910720825195 95
1756066740924 27.21228790283203 96
1756066740959 28.441831588745117 97
1756066740993 29.49205780029297 98
1756066741028 25.753379821777344 99
1756066741063 24.30322265625 100
1756066741097 23.501176834106445 101
1756066741131 22.035524368286133 102
1756066741162 25.50498390197754 103
1756066741192 26.619054794311523 104
1756066741225 25.261699676513672 105
1756066741260 24.050317764282227 106
1756066741294 24.802684783935547 107
1756066741329 22.430622100830078 108
1756066741365 27.357221603393555 109
1756066741399 25.823034286499023 110
1756066741433 25.533084869384766 111
1756066741467 25.940959930419922 112
1756066741501 26.127134323120117 113
1756066741531 29.3344783782959 114
1756066741561 23.377273559570312 115
1756066741591 25.17286491394043 116
1756066741622 26.05946159362793 117
1756066741652 26.72182846069336 118
1756066741683 23.64816665649414 119
1756066741714 23.19954490661621 120
1756066741745 24.44086456298828 121
1756066741776 19.947111129760742 122
1756066741806 26.331491470336914 123
1756066741837 27.791038513183594 124
1756066741867 27.750133514404297 125
1756066741898 26.100221633911133 126
1756066741929 24.152402877807617 127
1756066741962 26.96992301940918 128
1756066741996 24.142507553100586 129
1756066742030 23.88665771484375 130
1756066742064 22.73348045349121 131
1756066742098 22.622678756713867 132
1756066742132 22.492807388305664 133
1756066742166 22.3057861328125 134
1756066742200 28.033294677734375 135
1756066742236 25.761198043823242 136
1756066742270 21.943635940551758 137
1756066742304 28.163745880126953 138
1756066742338 19.8161678314209 139
1756066742369 22.74806022644043 140
1756066742399 24.272153854370117 141
1756066742429 24.150142669677734 142
1756066742459 23.83116340637207 143
1756066742490 25.85951042175293 144
1756066742520 28.55475425720215 145
1756066742551 23.960969924926758 146
1756066742582 24.280139923095703 147
1756066742613 25.956485748291016 148
1756066742643 23.30483627319336 149
1756066742674 27.556133270263672 150
1756066742704 26.660127639770508 151
1756066742739 21.347585678100586 152
1756066742774 26.933574676513672 153
1756066742810 19.530250549316406 154
1756066742847 24.77680778503418 155
1756066742878 26.739871978759766 156
1756066742908 25.892780303955078 157
1756066742939 23.850130081176758 158
1756066742970 26.09534454345703 159
1756066743003 22.629858016967773 160
1756066743036 26.463777542114258 161
1756066743070 22.60356903076172 162
1756066743103 19.418922424316406 163
1756066743136 29.677385330200195 164
1756066743170 24.23116683959961 165
1756066743204 23.353858947753906 166
1756066743239 22.394161224365234 167
1756066743273 22.807971954345703 168
1756066743306 23.273269653320312 169
1756066743336 22.43058204650879 170
1756066743367 27.385053634643555 171
1756066743397 21.396377563476562 172
1756066743427 22.41564178466797 173
1756066743457 23.165325164794922 174
1756066743488 20.977235794067383 175
1756066743519 26.132888793945312 176
1756066743553 26.062854766845703 177
1756066743587 22.482263565063477 178
1756066743622 27.123367309570312 179
1756066743653 19.706684112548828 180
1756066743683 20.338254928588867 181
1756066743714 24.785911560058594 182
1756066743746 26.611045837402344 183
1756066743777 22.560813903808594 184
1756066743807 25.89954948425293 185
1756066743841 22.333223342895508 186
1756066743875 25.432275772094727 187
1756066743906 21.875829696655273 188
1756066743937 25.308032989501953 189
1756066743967 20.623733520507812 190
1756066743997 24.307723999023438 191
1756066744028 26.99375343322754 192
1756066744058 23.263118743896484 193
1756066744088 23.55782699584961 194
1756066744120 26.24913787841797 195
1756066744151 22.888185501098633 196
1756066744181 22.728832244873047 197
1756066744212 25.096515655517578 198
1756066744244 19.46879768371582 199
1756066744274 23.440990447998047 200
1756066744304 22.446514129638672 201
1756066744334 23.56587028503418 202
1756066744366 20.66403579711914 203
1756066744399 25.490211486816406 204
1756066744429 25.09075355529785 205
1756066744459 21.891300201416016 206
1756066744489 27.56824493408203 207
1756066744524 24.322065353393555 208
1756066744557 26.08990478515625 209
1756066744591 24.39655303955078 210
1756066744623 22.906415939331055 211
1756066744654 24.903501510620117 212
1756066744685 25.740095138549805 213
1756066744716 23.47648048400879 214
1756066744748 23.849632263183594 215
1756066744780 21.251924514770508 216
1756066744811 25.32600212097168 217
1756066744842 27.10116958618164 218
1756066744873 24.74424171447754 219
1756066744907 24.81499671936035 220
1756066744938 24.217077255249023 221
1756066744969 23.228769302368164 222
1756066745000 21.90992546081543 223
1756066745030 23.300067901611328 224
1756066745061 24.962862014770508 225
1756066745090 25.97740936279297 226
1756066745122 21.74970054626465 227
1756066745153 22.448572158813477 228
1756066745184 27.96163558959961 229
1756066745216 22.794687271118164 230
1756066745247 26.324209213256836 231
1756066745278 22.155637741088867 232
1756066745308 23.768108367919922 233
1756066745339 23.017013549804688 234
1756066745374 24.248329162597656 235
1756066745409 22.160987854003906 236
1756066745444 21.887943267822266 237
1756066745478 24.377456665039062 238
1756066745509 24.588735580444336 239
1756066745542 24.693889617919922 240
1756066745573 23.276235580444336 241
1756066745608 25.478477478027344 242
1756066745639 25.77073097229004 243
1756066745670 23.39255142211914 244
1756066745700 25.341360092163086 245
1756066745735 21.145383834838867 246
1756066745770 24.375383377075195 247
1756066745802 23.825439453125 248
1756066745835 25.148836135864258 249
1756066745870 25.916208267211914 250
1756066745901 22.906858444213867 251
1756066745935 20.406944274902344 252
1756066745965 22.538549423217773 253
1756066745999 21.711584091186523 254
1756066746033 22.75776481628418 255
1756066746066 21.21560287475586 256
1756066746098 23.717670440673828 257
1756066746131 24.94536781311035 258
1756066746162 24.632308959960938 259
1756066746193 19.99193000793457 260
1756066746225 22.006513595581055 261
1756066746263 22.973011016845703 262
1756066746300 25.310428619384766 263
1756066746331 23.506240844726562 264
1756066746366 23.811697006225586 265
1756066746398 26.745777130126953 266
1756066746427 24.920089721679688 267
1756066746457 22.934255599975586 268
1756066746488 26.911348342895508 269
1756066746519 24.304698944091797 270
1756066746550 27.892000198364258 271
1756066746583 20.918447494506836 272
1756066746617 23.190847396850586 273
1756066746652 22.015573501586914 274
1756066746688 23.79422950744629 275
1756066746722 27.0895938873291 276
1756066746754 21.719608306884766 277
1756066746786 24.608062744140625 278
1756066746819 27.74604034423828 279
1756066746848 25.04155158996582 280
1756066746883 23.557531356811523 281
1756066746915 25.545429229736328 282
1756066746946 18.988969802856445 283
1756066746976 24.101726531982422 284
1756066747007 23.718631744384766 285
1756066747038 27.286495208740234 286
1756066747068 25.943639755249023 287
1756066747100 25.587358474731445 288
1756066747130 26.537879943847656 289
1756066747161 26.937911987304688 290
1756066747192 27.020389556884766 291
1756066747226 24.692718505859375 292
1756066747257 21.29327964782715 293
1756066747288 23.238740921020508 294
1756066747319 25.550413131713867 295
1756066747351 22.704532623291016 296
1756066747383 25.805307388305664 297
1756066747414 24.157176971435547 298
1756066747447 26.681936264038086 299
1756066755566 48.71657943725586 0
1756066755602 48.54977035522461 1
1756066755635 48.2331657409668 2
1756066755669 47.87631607055664 3
1756066755702 47.673057556152344 4
1756066755732 47.17565155029297 5
1756066755761 46.307621002197266 6
1756066755795 45.818641662597656 7
1756066755826 46.181888580322266 8
1756066755856 44.219844818115234 9
1756066755889 41.792842864990234 10
1756066755920 42.22753143310547 11
1756066755950 41.473751068115234 12
1756066755980 36.62187576293945 13
1756066756010 36.21870422363281 14
1756066756041 34.237876892089844 15
1756066756071 33.138031005859375 16
1756066756105 26.856821060180664 17
1756066756136 25.786039352416992 18
1756066756166 30.65290641784668 19
1756066756198 27.130477905273438 20
1756066756232 23.250728607177734 21
1756066756263 27.34761619567871 22
1756066756292 29.338077545166016 23
1756066756325 26.011465072631836 24
1756066756359 27.7924747467041 25
1756066756390 23.61152458190918 26
1756066756421 26.498075485229492 27
1756066756451 23.65211296081543 28
1756066756482 27.68531608581543 29
1756066756512 23.003442764282227 30
1756066756543 26.863622665405273 31
1756066756573 25.477514266967773 32
1756066756605 22.464719772338867 33
1756066756635 25.650785446166992 34
1756066756669 24.906238555908203 35
1756066756705 24.986074447631836 36
1756066756738 28.83451271057129 37
1756066756771 24.988134384155273 38
1756066756804 23.666810989379883 39
1756066756836 25.49667739868164 40
1756066756870 23.93882179260254 41
1756066756903 26.74332046508789 42
1756066756936 27.894412994384766 43
1756066756969 24.918909072875977 44
1756066757003 27.322134017944336 45
1756066757032 26.791587829589844 46
1756066757062 20.754322052001953 47
1756066757092 26.17599105834961 48
1756066757122 24.668214797973633 49
1756066757151 22.06789207458496 50
1756066757181 27.139591217041016 51
1756066757210 24.5939998626709 52
1756066757241 28.329389572143555 53
1756066757273 26.779224395751953 54
1756066757307 23.995920181274414 55
1756066757342 26.454999923706055 56
1756066757376 25.130990982055664 57
1756066757409 25.01889991760254 58
1756066757438 27.69489288330078 59
1756066757468 27.2534122467041 60
1756066757498 25.743316650390625 61
1756066757531 24.426912307739258 62
1756066757561 23.026473999023438 63
1756066757595 26.280433654785156 64
1756066757626 25.480825424194336 65
1756066757656 26.653852462768555 66
1756066757685 25.825422286987305 67
1756066757719 24.98436164855957 68
1756066757753 27.023136138916016 69
1756066757785 22.88768768310547 70
1756066757816 26.431177139282227 71
1756066757850 20.827301025390625 72
1756066757884 23.332183837890625 73
1756066757917 21.138442993164062 74
1756066757951 28.00535011291504 75
1756066757985 23.86372947692871 76
1756066758019 22.725608825683594 77
1756066758052 23.557790756225586 78
1756066758086 29.99131965637207 79
1756066758120 25.148868560791016 80
1756066758154 28.141298294067383 81
1756066758188 21.66472816467285 82
1756066758222 29.105926513671875 83
1756066758256 23.832773208618164 84
1756066758289 23.54555320739746 85
1756066758324 20.670602798461914 86
1756066758358 22.21372413635254 87
1756066758392 24.846397399902344 88
1756066758425 26.610010147094727 89
1756066758460 27.57581901550293 90
1756066758490 24.39207649230957 91
1756066758520 29.93028450012207 92
1756066758550 27.68849754333496 93
1756066758580 27.22982406616211 94
1756066758609 26.744760513305664 95
1756066758643 23.072803497314453 96
1756066758677 28.776615142822266 97
1756066758708 25.00594711303711 98
1756066758741 26.80274772644043 99
1756066758775 25.781328201293945 100
1756066758809 23.21729850769043 101
1756066758843 23.380475997924805 102
1756066758877 21.548053741455078 103
1756066758911 21.847702026367188 104
1756066758945 25.777774810791016 105
1756066758978 22.38581085205078 106
1756066759013 27.930410385131836 107
1756066759048 24.074981689453125 108
1756066759082 23.85753059387207 109
1756066759114 21.350767135620117 110
1756066759147 25.790424346923828 111
1756066759183 28.799776077270508 112
1756066759217 26.2668514251709 113
1756066759252 22.356985092163086 114
1756066759286 22.441326141357422 115
1756066759317 28.479589462280273 116
1756066759350 26.46170425415039 117
1756066759380 24.011743545532227 118
1756066759410 23.231430053710938 119
1756066759440 25.71334457397461 120
1756066759472 22.68142318725586 121
1756066759504 31.33499526977539 122
1756066759534 22.237247467041016 123
1756066759564 20.600767135620117 124
1756066759594 25.852901458740234 125
1756066759627 22.381107330322266 126
1756066759660 25.975801467895508 127
1756066759690 24.657312393188477 128
1756066759720 24.553071975708008 129
1756066759756 27.58074188232422 130
1756066759791 25.769441604614258 131
1756066759825 23.898555755615234 132
1756066759860 27.338031768798828 133
1756066759898 23.624794006347656 134
1756066759935 22.19649314880371 135
1756066759967 25.257049560546875 136
1756066759997 23.23599624633789 137
1756066760028 25.899669647216797 138
1756066760059 24.162654876708984 139
1756066760090 22.69089126586914 140
1756066760121 21.64021873474121 141
1756066760154 25.204307556152344 142
1756066760188 23.724855422973633 143
1756066760222 23.61536979675293 144
1756066760260 26.626806259155273 145
1756066760299 25.36268424987793 146
1756066760337 26.47953224182129 147
1756066760370 24.11223030090332 148
1756066760400 25.73558235168457 149
1756066760430 26.30733871459961 150
1756066760461 28.922733306884766 151
1756066760492 23.751611709594727 152
1756066760523 24.20183563232422 153
1756066760553 23.81417465209961 154
1756066760584 24.1226806640625 155
1756066760614 24.6995906829834 156
1756066760645 24.30804443359375 157
1756066760675 26.170711517333984 158
1756066760706 24.48036766052246 159
1756066760737 22.38790512084961 160
1756066760768 26.80647850036621 161
1756066760799 24.927642822265625 162
1756066760830 23.830081939697266 163
1756066760860 24.682804107666016 164
1756066760894 26.89131736755371 165
1756066760925 21.719501495361328 166
1756066760955 22.546504974365234 167
1756066760986 23.355119705200195 168
1756066761020 25.15543556213379 169
1756066761051 29.38443374633789 170
1756066761082 27.758338928222656 171
1756066761112 24.54165267944336 172
1756066761142 26.47587013244629 173
1756066761174 24.212846755981445 174
1756066761204 25.025346755981445 175
1756066761236 26.800521850585938 176
1756066761271 26.36458396911621 177
1756066761305 24.861865997314453 178
1756066761340 21.677528381347656 179
1756066761375 24.45277976989746 180
1756066761406 22.36651611328125 181
1756066761441 25.757076263427734 182
1756066761474 21.914745330810547 183
1756066761506 27.097763061523438 184
1756066761536 24.7841739654541 185
1756066761567 23.238561630249023 186
1756066761598 24.268482208251953 187
1756066761629 23.470165252685547 188
1756066761660 25.52403450012207 189
1756066761691 26.421323776245117 190
1756066761723 23.694644927978516 191
1756066761753 26.60074234008789 192
1756066761785 25.155731201171875 193
1756066761818 29.158891677856445 194
1756066761852 24.88917350769043 195
1756066761885 22.92326545715332 196
1756066761917 24.424697875976562 197
1756066761950 22.817779541015625 198
1756066761983 26.123737335205078 199
1756066762017 22.535358428955078 200
1756066762047 21.87681007385254 201
1756066762079 27.435277938842773 202
1756066762109 26.971200942993164 203
1756066762139 27.142696380615234 204
1756066762169 23.815811157226562 205
1756066762199 24.856468200683594 206
1756066762233 29.36631202697754 207
1756066762263 24.01378059387207 208
1756066762292 28.832847595214844 209
1756066762322 22.498537063598633 210
1756066762352 28.219375610351562 211
1756066762382 23.34041976928711 212
1756066762412 22.85154151916504 213
1756066762442 29.35399055480957 214
1756066762472 25.615821838378906 215
1756066762502 23.70711898803711 216
1756066762532 24.241397857666016 217
1756066762562 27.93370246887207 218
1756066762592 22.693986892700195 219
1756066762622 22.051671981811523 220
1756066762652 25.766395568847656 221
1756066762683 28.847978591918945 222
1756066762717 25.406158447265625 223
1756066762753 23.99288558959961 224
1756066762789 18.890132904052734 225
1756066762823 19.15443992614746 226
1756066762858 27.690664291381836 227
1756066762890 26.085596084594727 228
1756066762920 24.156801223754883 229
1756066762950 25.10487937927246 230
1756066762983 24.071441650390625 231
1756066763017 24.381826400756836 232
1756066763051 24.558504104614258 233
1756066763086 26.363916397094727 234
1756066763120 24.37874412536621 235
1756066763154 19.766864776611328 236
1756066763188 26.6494197845459 237
1756066763221 24.374841690063477 238
1756066763251 22.589590072631836 239
1756066763282 25.51750946044922 240
1756066763313 19.50263023376465 241
1756066763344 25.83172607421875 242
1756066763374 23.56502914428711 243
1756066763405 22.697328567504883 244
1756066763435 25.80885124206543 245
1756066763465 23.508129119873047 246
1756066763499 25.51396942138672 247
1756066763536 25.98243522644043 248
1756066763574 21.67250633239746 249
1756066763608 22.008798599243164 250
1756066763643 25.91325569152832 251
1756066763681 25.12441062927246 252
1756066763716 22.24886703491211 253
1756066763751 23.65993309020996 254
1756066763785 26.259246826171875 255
1756066763819 22.440441131591797 256
1756066763854 24.948083877563477 257
1756066763889 23.294157028198242 258
1756066763923 30.64921760559082 259
1756066763957 24.736352920532227 260
1756066763991 28.263389587402344 261
1756066764024 26.670185089111328 262
1756066764058 21.86264991760254 263
1756066764091 23.49653434753418 264
1756066764125 24.730554580688477 265
1756066764159 21.950660705566406 266
1756066764196 20.719018936157227 267
1756066764230 25.9702091217041 268
1756066764263 24.55997085571289 269
1756066764296 28.931644439697266 270
1756066764329 21.328643798828125 271
1756066764360 24.03780174255371 272
1756066764390 22.30261993408203 273
1756066764423 26.43472671508789 274
1756066764452 20.653724670410156 275
1756066764484 24.035078048706055 276
1756066764515 21.2548770904541 277
1756066764546 25.720104217529297 278
1756066764582 22.88804817199707 279
1756066764614 23.489500045776367 280
1756066764648 26.371612548828125 281
1756066764682 26.37259864807129 282
1756066764713 27.01552391052246 283
1756066764747 23.665822982788086 284
1756066764776 26.620689392089844 285
1756066764806 25.332088470458984 286
1756066764843 23.913074493408203 287
1756066764882 23.38818359375 288
1756066764917 22.519556045532227 289
1756066764947 22.5076847076416 290
1756066764978 25.5527286529541 291
1756066765008 23.822860717773438 292
1756066765039 25.066471099853516 293
1756066765069 20.33602523803711 294
1756066765105 23.898435592651367 295
1756066765140 20.398740768432617 296
1756066765175 26.149385452270508 297
1756066765204 26.956480026245117 298
1756066765234 25.060184478759766 299
1756066773343 50.111873626708984 0
1756066773373 49.913509368896484 1
1756066773407 49.809539794921875 2
1756066773439 49.50938034057617 3
1756066773472 49.31007766723633 4
1756066773505 48.83278274536133 5
1756066773537 48.34049987792969 6
1756066773570 47.74306106567383 7
1756066773604 47.217960357666016 8
1756066773633 46.63734436035156 9
1756066773663 46.73695755004883 10
1756066773693 43.998291015625 11
1756066773722 43.73860168457031 12
1756066773752 42.36516571044922 13
1756066773782 39.26673126220703 14
1756066773812 36.86854553222656 15
1756066773841 34.188533782958984 16
1756066773872 32.83626937866211 17
1756066773902 31.7255802154541 18
1756066773932 27.725154876708984 19
1756066773962 24.78969955444336 20
1756066773992 25.77896499633789 21
1756066774025 31.596647262573242 22
1756066774060 23.83806800842285 23
1756066774094 33.66094970703125 24
1756066774127 26.118465423583984 25
1756066774159 22.285470962524414 26
1756066774190 25.273998260498047 27
1756066774221 22.692270278930664 28
1756066774253 28.277172088623047 29
1756066774286 20.87984848022461 30
1756066774321 24.639835357666016 31
1756066774356 22.864065170288086 32
1756066774391 23.342987060546875 33
1756066774426 24.83390235900879 34
1756066774461 22.773513793945312 35
1756066774495 26.750865936279297 36
1756066774525 23.57877540588379 37
1756066774555 24.050033569335938 38
1756066774589 23.95702362060547 39
1756066774623 21.01866912841797 40
1756066774654 19.662397384643555 41
1756066774684 21.135202407836914 42
1756066774715 22.045940399169922 43
1756066774746 23.278467178344727 44
1756066774780 27.054561614990234 45
1756066774814 24.302156448364258 46
1756066774849 23.468093872070312 47
1756066774885 22.369150161743164 48
1756066774919 23.135717391967773 49
1756066774953 26.742839813232422 50
1756066774984 25.72850227355957 51
1756066775014 27.658987045288086 52
1756066775048 23.126062393188477 53
1756066775081 24.86509132385254 54
1756066775112 21.260391235351562 55
1756066775142 29.670854568481445 56
1756066775176 20.694622039794922 57
1756066775211 21.01706886291504 58
1756066775246 21.25985336303711 59
1756066775276 24.34406852722168 60
1756066775306 23.84781837463379 61
1756066775336 24.682941436767578 62
1756066775367 27.080312728881836 63
1756066775397 23.848901748657227 64
1756066775428 29.255168914794922 65
1756066775458 23.365976333618164 66
1756066775488 24.07333755493164 67
1756066775519 22.805143356323242 68
1756066775549 22.965822219848633 69
1756066775580 24.31041145324707 70
1756066775612 23.892858505249023 71
1756066775642 23.25127410888672 72
1756066775678 23.732465744018555 73
1756066775712 26.747812271118164 74
1756066775746 26.957021713256836 75
1756066775779 24.434595108032227 76
1756066775813 22.048280715942383 77
1756066775847 25.704408645629883 78
1756066775881 28.408348083496094 79
1756066775914 25.714754104614258 80
1756066775948 23.379438400268555 81
1756066775981 21.672115325927734 82
1756066776014 26.250825881958008 83
1756066776047 22.85972785949707 84
1756066776080 19.77079200744629 85
1756066776113 22.21883201599121 86
1756066776147 24.30791664123535 87
1756066776182 22.87416648864746 88
1756066776217 26.36281967163086 89
1756066776252 22.921588897705078 90
1756066776287 26.51894760131836 91
1756066776322 24.051342010498047 92
1756066776356 22.906356811523438 93
1756066776390 23.785518646240234 94
1756066776425 20.917213439941406 95
1756066776458 21.409740447998047 96
1756066776494 21.25509262084961 97
1756066776527 21.733972549438477 98
1756066776563 26.222576141357422 99
1756066776595 24.33163833618164 100
1756066776625 21.893171310424805 101
1756066776656 23.87226104736328 102
1756066776687 22.245750427246094 103
1756066776720 26.059906005859375 104
1756066776754 24.5474853515625 105
1756066776786 19.99603843688965 106
1756066776817 25.79965591430664 107
1756066776848 23.362573623657227 108
1756066776879 22.662033081054688 109
1756066776910 21.46826171875 110
1756066776941 21.51801300048828 111
1756066776972 23.456586837768555 112
1756066777003 23.274980545043945 113
1756066777034 25.894641876220703 114
1756066777065 27.166091918945312 115
1756066777096 24.593530654907227 116
1756066777126 20.212345123291016 117
1756066777157 23.174772262573242 118
1756066777187 22.79013442993164 119
1756066777218 24.967729568481445 120
1756066777248 24.286800384521484 121
1756066777279 23.193674087524414 122
1756066777310 22.400508880615234 123
1756066777341 21.670894622802734 124
1756066777372 20.80681800842285 125
1756066777404 20.955148696899414 126
1756066777438 25.891277313232422 127
1756066777469 22.521255493164062 128
1756066777502 25.00574493408203 129
1756066777536 26.171367645263672 130
1756066777570 29.260923385620117 131
1756066777603 22.17158317565918 132
1756066777632 26.344987869262695 133
1756066777663 19.874021530151367 134
1756066777693 26.475187301635742 135
1756066777723 24.282833099365234 136
1756066777753 25.43868064880371 137
1756066777783 25.864717483520508 138
1756066777814 25.687088012695312 139
1756066777844 23.164871215820312 140
1756066777875 25.726886749267578 141
1756066777906 20.668380737304688 142
1756066777938 25.28424072265625 143
1756066777968 23.207378387451172 144
1756066777998 23.93229866027832 145
1756066778028 25.13811492919922 146
1756066778058 25.136329650878906 147
1756066778089 23.32577133178711 148
1756066778119 25.75190544128418 149
1756066778149 21.270530700683594 150
1756066778179 22.04017448425293 151
1756066778209 24.877866744995117 152
1756066778240 22.922637939453125 153
1756066778270 23.429553985595703 154
1756066778301 23.355876922607422 155
1756066778335 22.763826370239258 156
1756066778369 21.679943084716797 157
1756066778399 21.86676788330078 158
1756066778430 24.292570114135742 159
1756066778460 22.026548385620117 160
1756066778498 22.837993621826172 161
1756066778536 22.811697006225586 162
1756066778568 23.37898826599121 163
1756066778598 23.442665100097656 164
1756066778629 26.742393493652344 165
1756066778660 22.84556770324707 166
1756066778691 24.937000274658203 167
1756066778722 27.318790435791016 168
1756066778756 21.347789764404297 169
1756066778786 18.212135314941406 170
1756066778815 21.544580459594727 171
1756066778845 24.923419952392578 172
1756066778875 24.73175048828125 173
1756066778905 23.38088607788086 174
1756066778935 24.5622615814209 175
1756066778965 25.09610939025879 176
1756066778999 23.702716827392578 177
1756066779030 26.896039962768555 178
1756066779061 26.042375564575195 179
1756066779091 25.492877960205078 180
1756066779122 25.9670352935791 181
1756066779151 23.247310638427734 182
1756066779182 19.895959854125977 183
1756066779212 23.815637588500977 184
1756066779242 23.87596321105957 185
1756066779273 28.466217041015625 186
1756066779305 23.25927734375 187
1756066779340 23.449647903442383 188
1756066779370 23.460416793823242 189
1756066779400 24.834457397460938 190
1756066779430 20.993274688720703 191
1756066779461 21.191835403442383 192
1756066779491 21.054447174072266 193
1756066779522 24.26446533203125 194
1756066779553 22.122610092163086 195
1756066779583 21.176620483398438 196
1756066779614 25.161052703857422 197
1756066779645 23.20563316345215 198
1756066779678 19.139240264892578 199
1756066779712 28.408695220947266 200
1756066779746 27.404705047607422 201
1756066779776 22.93522071838379 202
1756066779806 22.200777053833008 203
1756066779836 21.678892135620117 204
1756066779870 21.281282424926758 205
1756066779905 23.72382926940918 206
1756066779940 20.705793380737305 207
1756066779971 21.791507720947266 208
1756066780001 25.139892578125 209
1756066780031 26.87732696533203 210
1756066780065 25.313148498535156 211
1756066780099 26.063417434692383 212
1756066780132 30.151512145996094 213
1756066780167 24.91093635559082 214
1756066780201 23.357139587402344 215
1756066780231 27.117666244506836 216
1756066780262 22.619611740112305 217
1756066780292 21.881101608276367 218
1756066780327 23.63374900817871 219
1756066780359 25.58820152282715 220
1756066780390 22.568296432495117 221
1756066780421 21.533405303955078 222
1756066780453 20.700115203857422 223
1756066780487 22.896818161010742 224
1756066780518 22.432065963745117 225
1756066780548 21.917335510253906 226
1756066780583 21.356447219848633 227
1756066780617 25.717233657836914 228
1756066780648 19.09391212463379 229
1756066780679 24.408838272094727 230
1756066780710 24.311214447021484 231
1756066780740 19.804359436035156 232
1756066780773 22.174287796020508 233
1756066780803 22.047199249267578 234
1756066780834 20.511133193969727 235
1756066780866 24.49399185180664 236
1756066780900 21.919246673583984 237
1756066780933 22.168445587158203 238
1756066780967 24.214595794677734 239
1756066781000 21.615633010864258 240
1756066781034 24.273021697998047 241
1756066781068 26.05850601196289 242
1756066781102 23.54876136779785 243
1756066781135 24.06781005859375 244
1756066781168 23.270570755004883 245
1756066781198 24.81993293762207 246
1756066781228 23.64515495300293 247
1756066781263 24.16490936279297 248
1756066781298 25.504436492919922 249
1756066781331 25.589603424072266 250
1756066781366 20.451736450195312 251
1756066781400 20.16550064086914 252
1756066781435 22.2770938873291 253
1756066781470 22.158903121948242 254
1756066781502 24.10909080505371 255
1756066781533 25.069360733032227 256
1756066781567 22.361196517944336 257
1756066781600 24.95241928100586 258
1756066781637 25.623565673828125 259
1756066781673 23.36081314086914 260
1756066781707 24.297958374023438 261
1756066781743 25.32703399658203 262
1756066781777 25.926189422607422 263
1756066781811 22.982065200805664 264
1756066781846 21.856712341308594 265
1756066781877 23.517986297607422 266
1756066781907 26.5073299407959 267
1756066781938 21.383583068847656 268
1756066781969 24.443803787231445 269
1756066781999 25.167646408081055 270
1756066782030 21.470211029052734 271
1756066782060 26.166414260864258 272
1756066782091 20.543231964111328 273
1756066782122 22.658119201660156 274
1756066782152 26.476762771606445 275
1756066782183 22.9520263671875 276
1756066782213 23.52155303955078 277
1756066782244 23.600831985473633 278
1756066782275 21.21657371520996 279
1756066782306 21.136550903320312 280
1756066782340 23.32354736328125 281
1756066782375 22.701616287231445 282
1756066782405 22.446285247802734 283
1756066782436 21.43572235107422 284
1756066782467 23.885305404663086 285
1756066782497 28.02027702331543 286
1756066782529 28.055023193359375 287
1756066782559 22.602317810058594 288
1756066782590 27.299930572509766 289
1756066782621 19.51771354675293 290
1756066782651 24.35460662841797 291
1756066782682 22.77688980102539 292
1756066782713 25.001026153564453 293
1756066782744 23.803466796875 294
1756066782775 24.877437591552734 295
1756066782806 25.37457847595215 296
1756066782837 21.505903244018555 297
1756066782869 21.375659942626953 298
1756066782904 23.145523071289062 299
1756066791012 48.74683380126953 0
1756066791048 48.51240921020508 1
1756066791082 48.22831344604492 2
1756066791115 48.01566696166992 3
1756066791149 47.398590087890625 4
1756066791182 46.75939178466797 5
1756066791216 45.95155334472656 6
1756066791250 45.117549896240234 7
1756066791285 43.72335433959961 8
1756066791319 41.857975006103516 9
1756066791353 41.19546127319336 10
1756066791386 38.110233306884766 11
1756066791420 36.738006591796875 12
1756066791455 31.979854583740234 13
1756066791488 31.91481590270996 14
1756066791522 28.812725067138672 15
1756066791557 26.48158073425293 16
1756066791591 26.43886375427246 17
1756066791625 23.524166107177734 18
1756066791659 23.296875 19
1756066791693 22.7462215423584 20
1756066791727 20.305614471435547 21
1756066791759 25.028566360473633 22
1756066791790 20.552520751953125 23
1756066791821 22.077266693115234 24
1756066791851 28.140575408935547 25
1756066791882 24.2376708984375 26
1756066791912 27.586313247680664 27
1756066791942 20.864809036254883 28
1756066791976 25.051420211791992 29
1756066792011 22.17207908630371 30
1756066792046 25.61648941040039 31
1756066792078 20.009193420410156 32
1756066792108 21.622583389282227 33
1756066792140 25.157506942749023 34
1756066792171 21.66301918029785 35
1756066792201 27.067596435546875 36
1756066792230 20.998998641967773 37
1756066792263 23.047513961791992 38
1756066792297 20.46611976623535 39
1756066792331 21.563793182373047 40
1756066792365 25.225618362426758 41
1756066792398 23.582822799682617 42
1756066792432 21.680095672607422 43
1756066792465 23.172754287719727 44
1756066792498 24.200389862060547 45
1756066792532 27.934823989868164 46
1756066792565 24.0601806640625 47
1756066792600 25.41859245300293 48
1756066792634 23.4873046875 49
1756066792667 21.026931762695312 50
1756066792701 19.26869773864746 51
1756066792735 20.64137840270996 52
1756066792767 21.855770111083984 53
1756066792797 27.077011108398438 54
1756066792827 24.72713851928711 55
1756066792861 20.872652053833008 56
1756066792891 21.01374626159668 57
1756066792922 25.723648071289062 58
1756066792952 21.078344345092773 59
1756066792982 19.852161407470703 60
1756066793012 24.655113220214844 61
1756066793043 21.54078483581543 62
1756066793073 20.587268829345703 63
1756066793104 21.869291305541992 64
1756066793134 20.74970054626465 65
1756066793164 17.678062438964844 66
1756066793193 20.10426139831543 67
1756066793224 22.053720474243164 68
1756066793257 21.264177322387695 69
1756066793293 21.741832733154297 70
1756066793329 23.818668365478516 71
1756066793367 24.940282821655273 72
1756066793404 22.45681381225586 73
1756066793439 21.856956481933594 74
1756066793472 22.51370620727539 75
1756066793506 19.065689086914062 76
1756066793541 24.53214454650879 77
1756066793575 19.711902618408203 78
1756066793609 22.95857048034668 79
1756066793644 20.236892700195312 80
1756066793680 19.94837760925293 81
1756066793713 20.606582641601562 82
1756066793749 22.289228439331055 83
1756066793787 22.027572631835938 84
1756066793824 25.21686553955078 85
1756066793860 19.46055793762207 86
1756066793894 23.953447341918945 87
1756066793928 26.36760711669922 88
1756066793964 23.85202980041504 89
1756066793999 22.95503807067871 90
1756066794034 19.585697174072266 91
1756066794069 24.200035095214844 92
1756066794104 24.242839813232422 93
1756066794134 24.121639251708984 94
1756066794164 22.0051212310791 95
1756066794196 23.98151397705078 96
1756066794232 21.27778434753418 97
1756066794265 22.152210235595703 98
1756066794296 22.867080688476562 99
1756066794326 21.067049026489258 100
1756066794361 20.77211570739746 101
1756066794395 24.884395599365234 102
1756066794428 22.041236877441406 103
1756066794457 22.965473175048828 104
1756066794487 19.41128158569336 105
1756066794517 18.20603370666504 106
1756066794549 21.15109634399414 107
1756066794579 20.72648048400879 108
1756066794609 22.52315902709961 109
1756066794639 26.287071228027344 110
1756066794669 22.560264587402344 111
1756066794699 21.800304412841797 112
1756066794729 21.369863510131836 113
1756066794762 20.146827697753906 114
1756066794796 22.76770782470703 115
1756066794832 21.93105697631836 116
1756066794867 18.627315521240234 117
1756066794903 22.882854461669922 118
1756066794936 18.387975692749023 119
1756066794968 20.978397369384766 120
1756066794998 23.245498657226562 121
1756066795029 22.124996185302734 122
1756066795060 18.794361114501953 123
1756066795091 23.923294067382812 124
1756066795122 22.78942108154297 125
1756066795155 23.121150970458984 126
1756066795188 20.90361785888672 127
1756066795219 22.283781051635742 128
1756066795250 21.73733901977539 129
1756066795281 22.104677200317383 130
1756066795312 22.34855842590332 131
1756066795344 20.33539390563965 132
1756066795375 20.950658798217773 133
1756066795406 22.440176010131836 134
1756066795437 23.20039939880371 135
1756066795468 25.62252426147461 136
1756066795499 21.06209945678711 137
1756066795530 23.65443992614746 138
1756066795562 24.04692840576172 139
1756066795593 20.703327178955078 140
1756066795624 25.75589942932129 141
1756066795656 21.987445831298828 142
1756066795687 21.86275291442871 143
1756066795720 21.01658058166504 144
1756066795754 24.08745002746582 145
1756066795788 21.35725212097168 146
1756066795819 21.146358489990234 147
1756066795851 20.47770118713379 148
1756066795893 22.226234436035156 149
1756066795930 25.347164154052734 150
1756066795961 22.471506118774414 151
1756066795995 23.07189178466797 152
1756066796028 17.709882736206055 153
1756066796058 21.31207275390625 154
1756066796095 19.766748428344727 155
1756066796129 23.4357852935791 156
1756066796162 23.05229377746582 157
1756066796196 22.82972526550293 158
1756066796229 24.033817291259766 159
1756066796263 22.268762588500977 160
1756066796297 18.893007278442383 161
1756066796331 20.96040916442871 162
1756066796365 20.427213668823242 163
1756066796400 18.70684814453125 164
1756066796434 24.216461181640625 165
1756066796465 16.970287322998047 166
1756066796495 22.98902702331543 167
1756066796526 21.029342651367188 168
1756066796556 19.756288528442383 169
1756066796592 21.75373649597168 170
1756066796626 20.651121139526367 171
1756066796660 21.261924743652344 172
1756066796692 23.174930572509766 173
1756066796723 21.916627883911133 174
1756066796758 23.64323616027832 175
1756066796792 23.70759391784668 176
1756066796826 23.033245086669922 177
1756066796859 23.058324813842773 178
1756066796894 23.612979888916016 179
1756066796928 23.011844635009766 180
1756066796963 21.389827728271484 181
1756066796993 25.71903419494629 182
1756066797023 21.559064865112305 183
1756066797053 21.173940658569336 184
1756066797083 23.189517974853516 185
1756066797116 22.333770751953125 186
1756066797149 17.293481826782227 187
1756066797183 19.277963638305664 188
1756066797216 22.31501579284668 189
1756066797250 21.840389251708984 190
1756066797283 22.909582138061523 191
1756066797316 21.271591186523438 192
1756066797350 24.383689880371094 193
1756066797383 18.51059913635254 194
1756066797417 23.1569766998291 195
1756066797450 20.932310104370117 196
1756066797484 25.177743911743164 197
1756066797519 23.053808212280273 198
1756066797550 20.618459701538086 199
1756066797581 24.02589225769043 200
1756066797616 22.505170822143555 201
1756066797653 19.952739715576172 202
1756066797686 18.43265724182129 203
1756066797717 20.63719940185547 204
1756066797748 23.93947982788086 205
1756066797783 21.80372428894043 206
1756066797815 21.404916763305664 207
1756066797850 23.795551300048828 208
1756066797882 20.306549072265625 209
1756066797916 21.883882522583008 210
1756066797947 22.241498947143555 211
1756066797979 22.2637882232666 212
1756066798009 20.644142150878906 213
1756066798040 21.75904655456543 214
1756066798072 20.16259765625 215
1756066798104 19.5610408782959 216
1756066798135 21.831382751464844 217
1756066798166 20.75326919555664 218
1756066798197 21.241607666015625 219
1756066798228 25.454273223876953 220
1756066798259 26.548934936523438 221
1756066798289 18.339305877685547 222
1756066798326 21.2957763671875 223
1756066798361 23.50188446044922 224
1756066798398 22.72712516784668 225
1756066798428 22.00083351135254 226
1756066798458 26.010433197021484 227
1756066798489 17.276092529296875 228
1756066798519 23.452449798583984 229
1756066798550 24.53287696838379 230
1756066798581 20.445466995239258 231
1756066798612 22.117156982421875 232
1756066798643 25.324792861938477 233
1756066798679 27.423852920532227 234
1756066798713 22.146953582763672 235
1756066798747 23.37335777282715 236
1756066798779 21.29387664794922 237
1756066798811 23.031620025634766 238
1756066798842 16.666385650634766 239
1756066798873 24.50746726989746 240
1756066798903 22.94624137878418 241
1756066798934 22.07370376586914 242
1756066798969 21.216697692871094 243
1756066799005 22.172760009765625 244
1756066799039 22.677764892578125 245
1756066799077 16.758930206298828 246
1756066799114 25.55466079711914 247
1756066799152 19.241641998291016 248
1756066799188 26.687049865722656 249
1756066799224 21.69095802307129 250
1756066799259 21.96003532409668 251
1756066799292 19.289093017578125 252
1756066799325 22.036277770996094 253
1756066799359 23.53500747680664 254
1756066799392 21.05488395690918 255
1756066799425 21.933740615844727 256
1756066799458 20.412696838378906 257
1756066799491 19.94375228881836 258
1756066799526 22.256526947021484 259
1756066799556 23.971134185791016 260
1756066799586 19.36078643798828 261
1756066799617 17.937870025634766 262
1756066799648 19.42542839050293 263
1756066799679 20.731786727905273 264
1756066799709 22.90549087524414 265
1756066799739 24.055133819580078 266
1756066799773 22.9571533203125 267
1756066799804 24.355777740478516 268
1756066799834 20.610027313232422 269
1756066799866 19.43105697631836 270
1756066799896 24.562707901000977 271
1756066799927 22.841815948486328 272
1756066799962 20.46010971069336 273
1756066799997 18.669788360595703 274
1756066800033 24.777923583984375 275
1756066800068 25.444398880004883 276
1756066800102 23.2562255859375 277
1756066800133 21.01773452758789 278
1756066800165 19.873533248901367 279
1756066800198 21.010761260986328 280
1756066800231 20.496702194213867 281
1756066800267 21.000762939453125 282
1756066800302 24.86988639831543 283
1756066800337 19.152164459228516 284
1756066800369 22.39132308959961 285
1756066800405 25.6991024017334 286
1756066800439 25.05050277709961 287
1756066800473 21.85251808166504 288
1756066800506 19.63274574279785 289
1756066800540 22.680057525634766 290
1756066800573 20.592309951782227 291
1756066800603 24.599191665649414 292
1756066800634 22.778926849365234 293
1756066800666 19.239595413208008 294
1756066800700 21.58350944519043 295
1756066800734 20.863731384277344 296
1756066800769 22.435083389282227 297
1756066800803 20.796987533569336 298
1756066800835 20.06734275817871 299
1756066808945 50.1923828125 0
1756066808980 50.0059700012207 1
1756066809013 49.733272552490234 2
1756066809047 49.64982604980469 3
1756066809080 49.151180267333984 4
1756066809113 48.6639289855957 5
1756066809143 47.96676254272461 6
1756066809173 47.95318603515625 7
1756066809204 47.11643981933594 8
1756066809237 46.402530670166016 9
1756066809270 46.112327575683594 10
1756066809300 45.52427291870117 11
1756066809328 43.705162048339844 12
1756066809358 42.021026611328125 13
1756066809389 42.032283782958984 14
1756066809425 40.458065032958984 15
1756066809457 38.344669342041016 16
1756066809487 34.24102783203125 17
1756066809520 38.84583282470703 18
1756066809553 26.858657836914062 19
1756066809585 32.0655517578125 20
1756066809618 30.86115074157715 21
1756066809651 32.34628677368164 22
1756066809684 31.53876495361328 23
1756066809716 33.75001907348633 24
1756066809749 31.230541229248047 25
1756066809781 33.85032653808594 26
1756066809810 32.05807113647461 27
1756066809844 32.2200813293457 28
1756066809877 35.901424407958984 29
1756066809907 32.25132369995117 30
1756066809940 26.889772415161133 31
1756066809972 31.620447158813477 32
1756066810006 30.906002044677734 33
1756066810038 30.687376022338867 34
1756066810072 29.647058486938477 35
1756066810105 33.25397491455078 36
1756066810133 30.463207244873047 37
1756066810163 29.876441955566406 38
1756066810193 30.87242317199707 39
1756066810223 31.63368034362793 40
1756066810253 30.047697067260742 41
1756066810283 29.629390716552734 42
1756066810312 29.978534698486328 43
1756066810343 31.423805236816406 44
1756066810373 28.71062660217285 45
1756066810403 26.19037628173828 46
1756066810436 32.06416702270508 47
1756066810468 30.882902145385742 48
1756066810500 27.79014015197754 49
1756066810533 33.201419830322266 50
1756066810566 28.21563720703125 51
1756066810595 33.48607635498047 52
1756066810624 30.750181198120117 53
1756066810654 33.11112594604492 54
1756066810684 30.969844818115234 55
1756066810716 23.391891479492188 56
1756066810751 30.376144409179688 57
1756066810783 30.76891326904297 58
1756066810813 30.846742630004883 59
1756066810849 29.341514587402344 60
1756066810883 26.869220733642578 61
1756066810913 29.522823333740234 62
1756066810943 28.366077423095703 63
1756066810973 30.752164840698242 64
1756066811004 28.175512313842773 65
1756066811034 26.993675231933594 66
1756066811064 28.432832717895508 67
1756066811096 28.642866134643555 68
1756066811130 31.200990676879883 69
1756066811162 29.82122230529785 70
1756066811195 37.2922248840332 71
1756066811230 27.469993591308594 72
1756066811259 29.619117736816406 73
1756066811293 29.60906982421875 74
1756066811322 27.33409881591797 75
1756066811351 29.47698974609375 76
1756066811381 27.568099975585938 77
1756066811413 25.28128433227539 78
1756066811445 26.3015079498291 79
1756066811475 30.03534698486328 80
1756066811505 31.315664291381836 81
1756066811534 28.993379592895508 82
1756066811563 25.675796508789062 83
1756066811593 29.67957305908203 84
1756066811623 28.224929809570312 85
1756066811657 29.309450149536133 86
1756066811689 30.143386840820312 87
1756066811719 27.070627212524414 88
1756066811748 28.689729690551758 89
1756066811778 29.314075469970703 90
1756066811812 28.719636917114258 91
1756066811844 25.141231536865234 92
1756066811875 28.093952178955078 93
1756066811910 30.773237228393555 94
1756066811945 22.97662353515625 95
1756066811976 30.939308166503906 96
1756066812006 30.209260940551758 97
1756066812037 24.612590789794922 98
1756066812067 27.579509735107422 99
1756066812097 31.344860076904297 100
1756066812128 29.867656707763672 101
1756066812158 32.70773696899414 102
1756066812188 31.44230079650879 103
1756066812220 29.570043563842773 104
1756066812250 28.026395797729492 105
1756066812281 33.35470199584961 106
1756066812311 25.35693359375 107
1756066812341 32.04057312011719 108
1756066812371 29.275638580322266 109
1756066812401 30.367389678955078 110
1756066812432 26.710613250732422 111
1756066812462 32.14414978027344 112
1756066812493 31.274036407470703 113
1756066812523 27.48301124572754 114
1756066812553 25.5463809967041 115
1756066812584 29.124319076538086 116
1756066812614 27.704723358154297 117
1756066812644 30.300708770751953 118
1756066812676 31.232540130615234 119
1756066812711 27.33307456970215 120
1756066812742 27.98301124572754 121
1756066812773 27.92249870300293 122
1756066812805 26.07880210876465 123
1756066812836 25.339988708496094 124
1756066812866 28.096027374267578 125
1756066812897 31.934885025024414 126
1756066812927 32.0771598815918 127
1756066812957 31.065641403198242 128
1756066812988 28.560686111450195 129
1756066813018 30.34434700012207 130
1756066813048 32.335662841796875 131
1756066813079 29.339923858642578 132
1756066813110 31.605104446411133 133
1756066813141 28.83901023864746 134
1756066813172 28.518510818481445 135
1756066813203 27.01768684387207 136
1756066813233 30.628225326538086 137
1756066813263 26.194612503051758 138
1756066813294 30.508258819580078 139
1756066813325 29.525165557861328 140
1756066813355 29.700071334838867 141
1756066813385 27.34681510925293 142
1756066813415 25.2590389251709 143
1756066813446 30.240604400634766 144
1756066813477 31.083614349365234 145
1756066813512 26.139236450195312 146
1756066813543 31.21469497680664 147
1756066813578 34.43899154663086 148
1756066813611 25.976476669311523 149
1756066813644 26.849069595336914 150
1756066813674 30.178367614746094 151
1756066813704 31.14620590209961 152
1756066813735 30.186716079711914 153
1756066813766 26.948150634765625 154
1756066813797 31.698835372924805 155
1756066813827 22.854448318481445 156
1756066813858 30.61075782775879 157
1756066813889 27.187332153320312 158
1756066813919 30.030183792114258 159
1756066813949 26.707916259765625 160
1756066813980 29.847688674926758 161
1756066814010 28.25874137878418 162
1756066814043 25.066286087036133 163
1756066814075 25.63990592956543 164
1756066814108 25.427345275878906 165
1756066814139 26.419166564941406 166
1756066814168 32.75261306762695 167
1756066814199 30.041950225830078 168
1756066814230 31.324193954467773 169
1756066814262 35.77821731567383 170
1756066814294 27.079776763916016 171
1756066814324 32.30606460571289 172
1756066814355 29.510278701782227 173
1756066814385 27.69639778137207 174
1756066814418 32.6358642578125 175
1756066814451 34.10197448730469 176
1756066814481 28.957183837890625 177
1756066814513 29.535442352294922 178
1756066814546 26.82398796081543 179
1756066814579 28.22201919555664 180
1756066814609 25.81390380859375 181
1756066814638 26.44161605834961 182
1756066814670 26.626771926879883 183
1756066814700 25.56217384338379 184
1756066814731 29.445470809936523 185
1756066814761 29.156877517700195 186
1756066814792 26.99041175842285 187
1756066814824 29.244298934936523 188
1756066814858 32.130191802978516 189
1756066814891 27.531532287597656 190
1756066814924 28.257707595825195 191
1756066814958 24.25799560546875 192
1756066814990 28.288042068481445 193
1756066815023 30.122573852539062 194
1756066815057 32.547760009765625 195
1756066815091 34.491634368896484 196
1756066815126 29.024477005004883 197
1756066815161 29.525060653686523 198
1756066815192 30.49571418762207 199
1756066815222 28.53462028503418 200
1756066815253 31.012805938720703 201
1756066815283 28.944503784179688 202
1756066815313 25.751041412353516 203
1756066815344 28.926897048950195 204
1756066815374 29.473081588745117 205
1756066815405 24.30436134338379 206
1756066815435 27.401079177856445 207
1756066815468 25.446603775024414 208
1756066815502 29.67864418029785 209
1756066815537 29.114084243774414 210
1756066815571 30.843008041381836 211
1756066815605 26.824764251708984 212
1756066815639 23.20229148864746 213
1756066815673 25.636991500854492 214
1756066815703 28.180625915527344 215
1756066815734 29.202726364135742 216
1756066815764 27.97158432006836 217
1756066815796 25.54328155517578 218
1756066815827 31.480947494506836 219
1756066815858 24.602916717529297 220
1756066815888 31.949243545532227 221
1756066815920 29.303438186645508 222
1756066815952 30.649295806884766 223
1756066815983 31.533126831054688 224
1756066816014 28.828134536743164 225
1756066816044 29.927997589111328 226
1756066816075 32.78611755371094 227
1756066816107 27.743236541748047 228
1756066816137 27.316970825195312 229
1756066816168 31.158187866210938 230
1756066816199 29.313457489013672 231
1756066816229 29.77114486694336 232
1756066816260 24.064678192138672 233
1756066816291 30.07973289489746 234
1756066816322 28.76128387451172 235
1756066816353 26.964859008789062 236
1756066816383 28.77882194519043 237
1756066816414 27.408357620239258 238
1756066816444 27.339900970458984 239
1756066816475 30.83989143371582 240
1756066816505 26.52579116821289 241
1756066816535 31.36993980407715 242
1756066816566 30.47224998474121 243
1756066816598 24.515140533447266 244
1756066816632 29.714967727661133 245
1756066816666 30.390758514404297 246
1756066816697 32.31966018676758 247
1756066816732 27.36126708984375 248
1756066816763 27.455982208251953 249
1756066816794 30.09012222290039 250
1756066816825 28.532651901245117 251
1756066816856 25.649173736572266 252
1756066816886 27.699317932128906 253
1756066816917 29.640581130981445 254
1756066816946 29.96661376953125 255
1756066816979 34.06096649169922 256
1756066817009 30.178333282470703 257
1756066817040 28.68687629699707 258
1756066817071 27.089069366455078 259
1756066817105 30.442747116088867 260
1756066817140 28.650774002075195 261
1756066817175 29.101463317871094 262
1756066817207 27.727657318115234 263
1756066817243 33.6624755859375 264
1756066817278 27.295001983642578 265
1756066817313 28.80403709411621 266
1756066817347 32.225624084472656 267
1756066817381 32.26151657104492 268
1756066817413 29.461759567260742 269
1756066817449 30.797218322753906 270
1756066817483 27.471546173095703 271
1756066817518 26.339176177978516 272
1756066817553 25.274826049804688 273
1756066817587 35.75766372680664 274
1756066817622 28.132524490356445 275
1756066817653 29.19540786743164 276
1756066817684 32.48712921142578 277
1756066817715 26.962800979614258 278
1756066817746 34.66279983520508 279
1756066817777 33.549442291259766 280
1756066817808 30.014629364013672 281
1756066817839 30.224905014038086 282
1756066817871 31.486473083496094 283
1756066817906 23.9102840423584 284
1756066817941 28.829153060913086 285
1756066817973 26.35430145263672 286
1756066818006 27.820194244384766 287
1756066818041 26.570735931396484 288
1756066818076 28.059412002563477 289
1756066818107 29.457881927490234 290
1756066818138 28.970252990722656 291
1756066818170 30.07514762878418 292
1756066818201 24.07811164855957 293
1756066818231 23.820972442626953 294
1756066818262 26.755592346191406 295
1756066818298 27.6730899810791 296
1756066818333 31.58757972717285 297
1756066818363 25.436399459838867 298
1756066818394 31.51139259338379 299
1756066826505 48.82252502441406 0
1756066826539 48.76484680175781 1
1756066826573 48.698020935058594 2
1756066826606 48.58658981323242 3
1756066826639 48.489158630371094 4
1756066826671 48.480384826660156 5
1756066826700 48.23094177246094 6
1756066826730 48.004207611083984 7
1756066826760 47.800174713134766 8
1756066826793 47.67483139038086 9
1756066826823 47.307373046875 10
1756066826853 47.226654052734375 11
1756066826883 46.73515701293945 12
1756066826912 46.15266036987305 13
1756066826942 45.980770111083984 14
1756066826971 44.29899978637695 15
1756066827001 43.61559295654297 16
1756066827034 42.682098388671875 17
1756066827068 42.447750091552734 18
1756066827098 42.02783966064453 19
1756066827128 40.280643463134766 20
1756066827157 36.694480895996094 21
1756066827187 34.58687210083008 22
1756066827216 29.444217681884766 23
1756066827246 29.616436004638672 24
1756066827276 28.542207717895508 25
1756066827306 25.48688507080078 26
1756066827336 30.389028549194336 27
1756066827366 26.691707611083984 28
1756066827396 25.98407745361328 29
1756066827426 25.03333854675293 30
1756066827455 27.709922790527344 31
1756066827489 30.59873390197754 32
1756066827519 25.661991119384766 33
1756066827549 29.232797622680664 34
1756066827580 26.02166748046875 35
1756066827610 29.611000061035156 36
1756066827642 24.347026824951172 37
1756066827676 27.344682693481445 38
1756066827710 27.992584228515625 39
1756066827743 26.82521629333496 40
1756066827775 26.82065773010254 41
1756066827809 27.112934112548828 42
1756066827841 27.875717163085938 43
1756066827875 25.83085823059082 44
1756066827908 31.5331974029541 45
1756066827940 22.603885650634766 46
1756066827972 24.89059066772461 47
1756066828006 24.9493350982666 48
1756066828041 31.541976928710938 49
1756066828074 26.44101905822754 50
1756066828107 28.954296112060547 51
1756066828141 28.18166160583496 52
1756066828175 29.395069122314453 53
1756066828209 28.70718765258789 54
1756066828245 28.752656936645508 55
1756066828279 25.816438674926758 56
1756066828313 25.275331497192383 57
1756066828346 28.1740779876709 58
1756066828379 27.80930519104004 59
1756066828413 28.968656539916992 60
1756066828445 30.448076248168945 61
1756066828479 26.28556251525879 62
1756066828514 29.816200256347656 63
1756066828549 28.42074203491211 64
1756066828581 31.081607818603516 65
1756066828614 28.377670288085938 66
1756066828648 25.428783416748047 67
1756066828683 28.51374053955078 68
1756066828718 28.456220626831055 69
1756066828751 31.824663162231445 70
1756066828787 22.4720401763916 71
1756066828819 28.60163688659668 72
1756066828855 28.23063850402832 73
1756066828889 28.52899932861328 74
1756066828920 24.466644287109375 75
1756066828951 28.297515869140625 76
1756066828984 31.47825050354004 77
1756066829016 27.78874397277832 78
1756066829051 25.31557273864746 79
1756066829086 29.387617111206055 80
1756066829120 25.869020462036133 81
1756066829155 26.926240921020508 82
1756066829190 26.50252342224121 83
1756066829225 29.05024528503418 84
1756066829259 29.91771125793457 85
1756066829294 22.356273651123047 86
1756066829332 27.996158599853516 87
1756066829364 29.063858032226562 88
1756066829398 31.93157196044922 89
1756066829435 27.428295135498047 90
1756066829468 27.318603515625 91
1756066829500 26.22498321533203 92
1756066829535 26.126888275146484 93
1756066829567 29.587461471557617 94
1756066829598 30.546905517578125 95
1756066829629 27.7528018951416 96
1756066829662 26.421337127685547 97
1756066829694 28.886371612548828 98
1756066829724 24.269906997680664 99
1756066829754 28.73751449584961 100
1756066829785 27.083114624023438 101
1756066829815 26.41154670715332 102
1756066829846 26.602718353271484 103
1756066829877 28.09998893737793 104
1756066829906 28.84392547607422 105
1756066829936 25.941354751586914 106
1756066829966 26.115602493286133 107
1756066829997 27.48410987854004 108
1756066830030 25.244773864746094 109
1756066830065 25.585296630859375 110
1756066830097 31.66622543334961 111
1756066830129 24.89433479309082 112
1756066830158 24.41063117980957 113
1756066830188 25.361223220825195 114
1756066830218 23.25210952758789 115
1756066830248 27.079477310180664 116
1756066830280 26.632471084594727 117
1756066830311 27.325654983520508 118
1756066830340 27.896562576293945 119
1756066830371 26.446718215942383 120
1756066830405 29.718204498291016 121
1756066830436 27.52604103088379 122
1756066830470 30.573402404785156 123
1756066830501 27.56171989440918 124
1756066830532 26.607093811035156 125
1756066830563 26.410194396972656 126
1756066830593 25.65007972717285 127
1756066830625 23.676576614379883 128
1756066830656 27.741050720214844 129
1756066830687 27.490346908569336 130
1756066830717 26.299503326416016 131
1756066830748 29.26299285888672 132
1756066830778 26.965986251831055 133
1756066830809 25.579437255859375 134
1756066830844 28.108842849731445 135
1756066830876 27.994853973388672 136
1756066830910 24.338144302368164 137
1756066830943 26.295034408569336 138
1756066830973 26.170276641845703 139
1756066831008 29.78407096862793 140
1756066831042 25.78946876525879 141
1756066831072 27.782577514648438 142
1756066831103 27.023441314697266 143
1756066831134 26.656219482421875 144
1756066831164 25.008071899414062 145
1756066831194 26.993560791015625 146
1756066831226 23.960208892822266 147
1756066831256 27.00554656982422 148
1756066831289 23.717058181762695 149
1756066831319 27.37028694152832 150
1756066831349 25.579858779907227 151
1756066831379 28.21497917175293 152
1756066831414 21.2017879486084 153
1756066831448 31.120380401611328 154
1756066831479 26.897886276245117 155
1756066831509 25.19102668762207 156
1756066831539 25.84977912902832 157
1756066831570 30.077285766601562 158
1756066831600 24.89945411682129 159
1756066831630 26.139442443847656 160
1756066831660 27.24658203125 161
1756066831690 26.491512298583984 162
1756066831724 31.062313079833984 163
1756066831754 27.187026977539062 164
1756066831785 27.91623878479004 165
1756066831819 27.394102096557617 166
1756066831854 25.85822868347168 167
1756066831889 23.35968017578125 168
1756066831919 27.111860275268555 169
1756066831953 29.734725952148438 170
1756066831985 28.022491455078125 171
1756066832015 29.84467315673828 172
1756066832050 26.258529663085938 173
1756066832082 25.320409774780273 174
1756066832116 29.043331146240234 175
1756066832149 27.891714096069336 176
1756066832179 26.940235137939453 177
1756066832210 30.4683895111084 178
1756066832241 28.49696922302246 179
1756066832271 26.510034561157227 180
1756066832306 25.64344024658203 181
1756066832337 23.991044998168945 182
1756066832368 24.831295013427734 183
1756066832398 27.699726104736328 184
1756066832430 25.63508415222168 185
1756066832464 26.3773193359375 186
1756066832495 26.537832260131836 187
1756066832527 27.435562133789062 188
1756066832558 28.641986846923828 189
1756066832588 29.05719757080078 190
1756066832618 30.294267654418945 191
1756066832648 25.30035400390625 192
1756066832678 29.858163833618164 193
1756066832709 24.493370056152344 194
1756066832739 24.87179183959961 195
1756066832769 27.716991424560547 196
1756066832801 28.515703201293945 197
1756066832836 27.19978904724121 198
1756066832870 27.008792877197266 199
1756066832905 28.479385375976562 200
1756066832939 25.213104248046875 201
1756066832973 23.080677032470703 202
1756066833003 29.59383201599121 203
1756066833034 27.10774040222168 204
1756066833065 27.168066024780273 205
1756066833100 24.978315353393555 206
1756066833134 27.415658950805664 207
1756066833169 26.078311920166016 208
1756066833201 27.432666778564453 209
1756066833232 27.740488052368164 210
1756066833262 26.355762481689453 211
1756066833295 26.639354705810547 212
1756066833325 26.067665100097656 213
1756066833355 27.900203704833984 214
1756066833390 26.66195297241211 215
1756066833424 24.176944732666016 216
1756066833457 27.408992767333984 217
1756066833488 28.33747100830078 218
1756066833522 28.058988571166992 219
1756066833556 28.77345848083496 220
1756066833590 26.508291244506836 221
1756066833622 27.761465072631836 222
1756066833656 30.278833389282227 223
1756066833687 28.0307674407959 224
1756066833718 26.526351928710938 225
1756066833751 26.599056243896484 226
1756066833786 25.22075653076172 227
1756066833818 24.624252319335938 228
1756066833852 27.728090286254883 229
1756066833886 27.856557846069336 230
1756066833923 29.35999870300293 231
1756066833961 28.448530197143555 232
1756066833996 28.489702224731445 233
1756066834027 30.525108337402344 234
1756066834057 28.66139030456543 235
1756066834089 28.77651023864746 236
1756066834119 29.4517879486084 237
1756066834151 31.009824752807617 238
1756066834182 28.37550926208496 239
1756066834213 25.517948150634766 240
1756066834248 26.896778106689453 241
1756066834278 25.637439727783203 242
1756066834312 27.418447494506836 243
1756066834344 27.828296661376953 244
1756066834375 27.3635311126709 245
1756066834407 26.002887725830078 246
1756066834438 25.08839988708496 247
1756066834471 24.737686157226562 248
1756066834503 27.453290939331055 249
1756066834533 24.406723022460938 250
1756066834564 23.78836441040039 251
1756066834597 26.47151756286621 252
1756066834629 28.15565299987793 253
1756066834660 25.101436614990234 254
1756066834691 24.5367374420166 255
1756066834723 26.274974822998047 256
1756066834753 26.447967529296875 257
1756066834785 30.35871696472168 258
1756066834816 28.482913970947266 259
1756066834853 28.66432762145996 260
1756066834890 30.69730567932129 261
1756066834925 29.229541778564453 262
1756066834960 26.298858642578125 263
1756066834992 27.09694480895996 264
1756066835023 28.847217559814453 265
1756066835053 27.172271728515625 266
1756066835084 30.445337295532227 267
1756066835116 27.06437110900879 268
1756066835147 30.414512634277344 269
1756066835178 27.177827835083008 270
1756066835210 26.2835693359375 271
1756066835240 25.90938377380371 272
1756066835271 25.43412971496582 273
1756066835303 29.765541076660156 274
1756066835334 27.677549362182617 275
1756066835365 30.275306701660156 276
1756066835396 26.708492279052734 277
1756066835428 26.423267364501953 278
1756066835460 28.28107452392578 279
1756066835491 25.570140838623047 280
1756066835522 28.49471092224121 281
1756066835553 29.714805603027344 282
1756066835584 26.52083396911621 283
1756066835615 29.16145896911621 284
1756066835649 26.086200714111328 285
1756066835682 26.27546501159668 286
1756066835712 27.188364028930664 287
1756066835741 27.819604873657227 288
1756066835774 28.123836517333984 289
1756066835812 24.81974983215332 290
1756066835846 26.366249084472656 291
1756066835881 27.107234954833984 292
1756066835914 30.269824981689453 293
1756066835950 27.766780853271484 294
1756066835988 25.113542556762695 295
1756066836027 30.815399169921875 296
1756066836061 28.246675491333008 297
1756066836097 25.029756546020508 298
1756066836132 28.17473030090332 299
1756066844239 50.00300598144531 0
1756066844274 49.6890869140625 1
1756066844306 49.0288200378418 2
1756066844340 48.70873260498047 3
1756066844376 48.035762786865234 4
1756066844409 47.58787155151367 5
1756066844439 46.94301223754883 6
1756066844472 45.890872955322266 7
1756066844502 44.50849151611328 8
1756066844532 42.43196105957031 9
1756066844562 42.96306228637695 10
1756066844592 41.42782211303711 11
1756066844622 38.84592056274414 12
1756066844652 36.54267883300781 13
1756066844682 34.156646728515625 14
1756066844711 30.574928283691406 15
1756066844741 29.89324951171875 16
1756066844772 28.77630043029785 17
1756066844804 25.791385650634766 18
1756066844837 31.768625259399414 19
1756066844870 30.52549171447754 20
1756066844900 29.983112335205078 21
1756066844930 30.884464263916016 22
1756066844960 29.240453720092773 23
1756066844990 29.582691192626953 24
1756066845021 23.32728385925293 25
1756066845053 30.9951114654541 26
1756066845083 26.217632293701172 27
1756066845114 28.86567497253418 28
1756066845145 26.465211868286133 29
1756066845176 26.66002655029297 30
1756066845207 26.624113082885742 31
1756066845239 30.97939109802246 32
1756066845270 20.450340270996094 33
1756066845302 24.144794464111328 34
1756066845336 26.734485626220703 35
1756066845371 25.916133880615234 36
1756066845400 23.50289535522461 37
1756066845431 26.687898635864258 38
1756066845462 22.752418518066406 39
1756066845492 27.506351470947266 40
1756066845523 25.94765281677246 41
1756066845554 24.766292572021484 42
1756066845585 26.571393966674805 43
1756066845617 25.586641311645508 44
1756066845648 24.592777252197266 45
1756066845680 26.506643295288086 46
1756066845711 27.972871780395508 47
1756066845743 24.80307960510254 48
1756066845777 21.479312896728516 49
1756066845812 24.055644989013672 50
1756066845846 24.49103355407715 51
1756066845879 25.470247268676758 52
1756066845912 22.783620834350586 53
1756066845945 25.489164352416992 54
1756066845978 23.72081756591797 55
1756066846012 22.856468200683594 56
1756066846045 24.847919464111328 57
1756066846078 26.578149795532227 58
1756066846111 24.948808670043945 59
1756066846144 23.08727264404297 60
1756066846176 23.991436004638672 61
1756066846210 25.184478759765625 62
1756066846243 24.953554153442383 63
1756066846276 23.41154670715332 64
1756066846308 21.543601989746094 65
1756066846338 19.714366912841797 66
1756066846370 20.728769302368164 67
1756066846402 26.28134536743164 68
1756066846436 22.219661712646484 69
1756066846467 24.497522354125977 70
1756066846498 23.650238037109375 71
1756066846528 27.170047760009766 72
1756066846558 23.828210830688477 73
1756066846591 25.29035186767578 74
1756066846626 21.523578643798828 75
1756066846657 20.802433013916016 76
1756066846686 23.231033325195312 77
1756066846716 26.988353729248047 78
1756066846750 24.275104522705078 79
1756066846780 24.08405113220215 80
1756066846811 23.431270599365234 81
1756066846846 24.45916175842285 82
1756066846880 22.074298858642578 83
1756066846911 23.16041374206543 84
1756066846941 24.87603759765625 85
1756066846971 21.92756462097168 86
1756066847001 27.116924285888672 87
1756066847031 23.196392059326172 88
1756066847062 20.99227523803711 89
1756066847092 21.394197463989258 90
1756066847122 26.804595947265625 91
1756066847152 22.744035720825195 92
1756066847184 24.034883499145508 93
1756066847214 22.364198684692383 94
1756066847245 21.62151527404785 95
1756066847275 23.857282638549805 96
1756066847306 26.771709442138672 97
1756066847341 25.329431533813477 98
1756066847376 25.262306213378906 99
1756066847410 22.10446548461914 100
1756066847444 22.452207565307617 101
1756066847479 23.658620834350586 102
1756066847512 22.51675796508789 103
1756066847546 28.22235107421875 104
1756066847580 22.979290008544922 105
1756066847615 20.91559410095215 106
1756066847649 25.375173568725586 107
1756066847679 23.774728775024414 108
1756066847711 26.46881675720215 109
1756066847744 27.921716690063477 110
1756066847779 25.144763946533203 111
1756066847814 20.081212997436523 112
1756066847848 23.332765579223633 113
1756066847880 20.957578659057617 114
1756066847916 22.110816955566406 115
1756066847950 28.20985984802246 116
1756066847980 21.57312774658203 117
1756066848010 24.593637466430664 118
1756066848040 26.63692855834961 119
1756066848070 22.832962036132812 120
1756066848100 25.288175582885742 121
1756066848130 22.527738571166992 122
1756066848160 25.97397804260254 123
1756066848190 23.141103744506836 124
1756066848220 22.514850616455078 125
1756066848252 21.13783073425293 126
1756066848288 26.620939254760742 127
1756066848319 23.498741149902344 128
1756066848349 24.546810150146484 129
1756066848380 25.557592391967773 130
1756066848411 26.11053466796875 131
1756066848441 24.46314811706543 132
1756066848472 24.871784210205078 133
1756066848503 24.328201293945312 134
1756066848538 23.768144607543945 135
1756066848572 22.663585662841797 136
1756066848602 24.54363441467285 137
1756066848636 23.883586883544922 138
1756066848671 23.21034049987793 139
1756066848701 23.07670021057129 140
1756066848731 24.73504066467285 141
1756066848761 26.097747802734375 142
1756066848792 22.93658447265625 143
1756066848829 23.315839767456055 144
1756066848864 23.425260543823242 145
1756066848898 23.530855178833008 146
1756066848933 21.656490325927734 147
1756066848968 24.12017059326172 148
1756066849003 21.20438003540039 149
1756066849037 24.09282875061035 150
1756066849071 23.717655181884766 151
1756066849105 27.13319206237793 152
1756066849140 24.952512741088867 153
1756066849174 21.33977699279785 154
1756066849207 28.660520553588867 155
1756066849241 22.043228149414062 156
1756066849276 24.979907989501953 157
1756066849310 23.072113037109375 158
1756066849343 24.256439208984375 159
1756066849379 23.477535247802734 160
1756066849414 24.71519660949707 161
1756066849448 22.010330200195312 162
1756066849482 23.16919708251953 163
1756066849516 21.35605812072754 164
1756066849551 22.33201789855957 165
1756066849586 23.589120864868164 166
1756066849620 21.91557502746582 167
1756066849654 24.873991012573242 168
1756066849689 26.230506896972656 169
1756066849723 22.20026969909668 170
1756066849757 27.371658325195312 171
1756066849790 23.526451110839844 172
1756066849825 25.139202117919922 173
1756066849860 23.576139450073242 174
1756066849897 24.843608856201172 175
1756066849932 22.613107681274414 176
1756066849967 24.70950698852539 177
1756066850000 24.269271850585938 178
1756066850031 25.559490203857422 179
1756066850062 24.150554656982422 180
1756066850094 20.124300003051758 181
1756066850126 24.351486206054688 182
1756066850157 23.8668270111084 183
1756066850189 22.499523162841797 184
1756066850221 20.47879409790039 185
1756066850252 27.254154205322266 186
1756066850283 21.782093048095703 187
1756066850317 23.202228546142578 188
1756066850350 26.919395446777344 189
1756066850385 22.548295974731445 190
1756066850418 26.301658630371094 191
1756066850451 25.79165267944336 192
1756066850484 26.61847496032715 193
1756066850517 24.326473236083984 194
1756066850550 22.975553512573242 195
1756066850583 22.674575805664062 196
1756066850617 23.503395080566406 197
1756066850652 21.990354537963867 198
1756066850686 21.51885223388672 199
1756066850721 20.52370262145996 200
1756066850751 21.245702743530273 201
1756066850784 26.297311782836914 202
1756066850818 23.26880645751953 203
1756066850852 27.50942039489746 204
1756066850887 21.683061599731445 205
1756066850919 19.69983673095703 206
1756066850951 22.247758865356445 207
1756066850984 20.750869750976562 208
1756066851018 25.277875900268555 209
1756066851050 23.263797760009766 210
1756066851080 29.22377586364746 211
1756066851110 21.798383712768555 212
1756066851143 23.93558120727539 213
1756066851174 22.87693214416504 214
1756066851205 25.037837982177734 215
1756066851235 27.30240821838379 216
1756066851266 23.83779525756836 217
1756066851298 20.016250610351562 218
1756066851332 21.31599998474121 219
1756066851364 23.403627395629883 220
1756066851395 19.403030395507812 221
1756066851426 21.644798278808594 222
1756066851456 25.322608947753906 223
1756066851486 23.202423095703125 224
1756066851518 26.245025634765625 225
1756066851552 23.55888557434082 226
1756066851583 22.260271072387695 227
1756066851617 27.455074310302734 228
1756066851652 20.039749145507812 229
1756066851683 23.022205352783203 230
1756066851714 23.598337173461914 231
1756066851745 22.039592742919922 232
1756066851777 22.116374969482422 233
1756066851810 23.571491241455078 234
1756066851842 21.701026916503906 235
1756066851877 21.243328094482422 236
1756066851912 19.79119110107422 237
1756066851946 24.01682472229004 238
1756066851981 24.35304069519043 239
1756066852016 18.66728973388672 240
1756066852046 24.85022735595703 241
1756066852080 22.544145584106445 242
1756066852117 22.474639892578125 243
1756066852152 18.653202056884766 244
1756066852187 18.8829402923584 245
1756066852218 24.007829666137695 246
1756066852252 25.36318016052246 247
1756066852286 21.536563873291016 248
1756066852321 23.550003051757812 249
1756066852356 24.034971237182617 250
1756066852386 23.683300018310547 251
1756066852417 23.492334365844727 252
1756066852447 24.399513244628906 253
1756066852478 23.19342041015625 254
1756066852508 24.67222785949707 255
1756066852539 21.808732986450195 256
1756066852570 24.213552474975586 257
1756066852601 23.906143188476562 258
1756066852632 22.829614639282227 259
1756066852662 24.94202423095703 260
1756066852693 20.66876220703125 261
1756066852724 26.737253189086914 262
1756066852754 23.449567794799805 263
1756066852784 22.876949310302734 264
1756066852817 27.116832733154297 265
1756066852848 21.696531295776367 266
1756066852879 23.389638900756836 267
1756066852910 24.719165802001953 268
1756066852940 24.896886825561523 269
1756066852973 23.036083221435547 270
1756066853011 24.390695571899414 271
1756066853049 20.345989227294922 272
1756066853087 18.995994567871094 273
1756066853124 21.010211944580078 274
1756066853158 24.866838455200195 275
1756066853192 19.804962158203125 276
1756066853227 23.082075119018555 277
1756066853261 23.96282958984375 278
1756066853297 25.228845596313477 279
1756066853331 23.915185928344727 280
1756066853367 23.634780883789062 281
1756066853399 22.29981803894043 282
1756066853430 25.48575782775879 283
1756066853461 24.007125854492188 284
1756066853491 23.328493118286133 285
1756066853522 25.71186065673828 286
1756066853557 23.614601135253906 287
1756066853591 18.59292984008789 288
1756066853621 22.686031341552734 289
1756066853652 25.066373825073242 290
1756066853683 22.673171997070312 291
1756066853718 23.647335052490234 292
1756066853750 23.13156509399414 293
1756066853782 23.641019821166992 294
1756066853814 21.703144073486328 295
1756066853845 24.5648193359375 296
1756066853876 23.84744644165039 297
1756066853907 20.803987503051758 298
1756066853937 21.837026596069336 299
1756066862057 48.58689498901367 0
1756066862091 48.24961853027344 1
1756066862123 47.87565994262695 2
1756066862158 47.24315643310547 3
1756066862194 46.88352966308594 4
1756066862227 46.34054183959961 5
1756066862261 45.49910354614258 6
1756066862295 45.11285400390625 7
1756066862330 43.177555084228516 8
1756066862366 42.088924407958984 9
1756066862402 40.412635803222656 10
1756066862437 40.46513748168945 11
1756066862473 36.576637268066406 12
1756066862507 35.405548095703125 13
1756066862539 32.05329132080078 14
1756066862574 26.872026443481445 15
1756066862611 26.43003273010254 16
1756066862647 23.843528747558594 17
1756066862682 25.28106117248535 18
1756066862718 29.476743698120117 19
1756066862754 31.558866500854492 20
1756066862789 26.81242561340332 21
1756066862825 26.509340286254883 22
1756066862861 25.890426635742188 23
1756066862896 28.944843292236328 24
1756066862932 25.447660446166992 25
1756066862968 26.91716766357422 26
1756066863003 26.162044525146484 27
1756066863039 24.031280517578125 28
1756066863075 27.8292179107666 29
1756066863110 21.723501205444336 30
1756066863144 23.79853057861328 31
1756066863178 26.184635162353516 32
1756066863213 24.534955978393555 33
1756066863247 23.838115692138672 34
1756066863281 24.398483276367188 35
1756066863315 24.681106567382812 36
1756066863346 23.440946578979492 37
1756066863376 23.092105865478516 38
1756066863406 27.5942325592041 39
1756066863436 22.15506362915039 40
1756066863466 25.715293884277344 41
1756066863496 26.00115203857422 42
1756066863526 24.748075485229492 43
1756066863556 26.43075180053711 44
1756066863586 20.75322723388672 45
1756066863619 24.815637588500977 46
1756066863650 23.238800048828125 47
1756066863680 23.76967430114746 48
1756066863709 27.48771858215332 49
1756066863739 22.158716201782227 50
1756066863769 22.92570686340332 51
1756066863800 26.73719596862793 52
1756066863835 21.336467742919922 53
1756066863872 25.744550704956055 54
1756066863909 20.777761459350586 55
1756066863944 18.939891815185547 56
1756066863979 21.57855987548828 57
1756066864013 25.71666145324707 58
1756066864048 26.8659610748291 59
1756066864083 22.811744689941406 60
1756066864117 23.914546966552734 61
1756066864152 21.545318603515625 62
1756066864187 25.859012603759766 63
1756066864221 20.37465476989746 64
1756066864254 21.788984298706055 65
1756066864288 24.216434478759766 66
1756066864322 19.89143180847168 67
1756066864356 22.902053833007812 68
1756066864392 24.403186798095703 69
1756066864429 23.68330192565918 70
1756066864463 24.56888771057129 71
1756066864496 19.88422966003418 72
1756066864526 26.637983322143555 73
1756066864556 23.12021827697754 74
1756066864586 24.036876678466797 75
1756066864616 26.226299285888672 76
1756066864646 23.238924026489258 77
1756066864676 23.27993392944336 78
1756066864706 25.223419189453125 79
1756066864741 27.50055694580078 80
1756066864772 24.506359100341797 81
1756066864802 21.714941024780273 82
1756066864833 20.245208740234375 83
1756066864863 25.918943405151367 84
1756066864893 20.07859230041504 85
1756066864924 25.988378524780273 86
1756066864954 25.818832397460938 87
1756066864985 22.23129653930664 88
1756066865015 21.147586822509766 89
1756066865046 20.828670501708984 90
1756066865076 21.97698211669922 91
1756066865106 25.99928092956543 92
1756066865137 22.19795799255371 93
1756066865167 23.372196197509766 94
1756066865198 18.870214462280273 95
1756066865229 24.33879280090332 96
1756066865259 23.2695369720459 97
1756066865294 19.81705665588379 98
1756066865330 24.29368782043457 99
1756066865364 18.353246688842773 100
1756066865398 23.69746971130371 101
1756066865429 24.73795509338379 102
1756066865464 22.664403915405273 103
1756066865494 20.29063606262207 104
1756066865525 23.123172760009766 105
1756066865555 21.1822452545166 106
1756066865587 24.657684326171875 107
1756066865618 21.852251052856445 108
1756066865649 22.571779251098633 109
1756066865686 24.978065490722656 110
1756066865718 23.158191680908203 111
1756066865752 22.396244049072266 112
1756066865787 22.928264617919922 113
1756066865822 24.622541427612305 114
1756066865856 22.203535079956055 115
1756066865891 24.26359748840332 116
1756066865925 23.823766708374023 117
1756066865956 21.830381393432617 118
1756066865990 22.353404998779297 119
1756066866021 21.073455810546875 120
1756066866051 18.78047752380371 121
1756066866082 19.891801834106445 122
1756066866112 23.6761474609375 123
1756066866143 20.50788688659668 124
1756066866174 19.61127471923828 125
1756066866209 25.98295021057129 126
1756066866239 20.460952758789062 127
1756066866272 25.393280029296875 128
1756066866304 26.470279693603516 129
1756066866337 25.070783615112305 130
1756066866369 23.155731201171875 131
1756066866402 20.755584716796875 132
1756066866433 23.71399688720703 133
1756066866465 26.62727928161621 134
1756066866496 21.357675552368164 135
1756066866526 23.735626220703125 136
1756066866556 21.142894744873047 137
1756066866593 26.56397819519043 138
1756066866624 25.521665573120117 139
1756066866658 24.708744049072266 140
1756066866692 23.930471420288086 141
1756066866727 20.674842834472656 142
1756066866758 25.916685104370117 143
1756066866792 19.354618072509766 144
1756066866829 22.904895782470703 145
1756066866863 24.471054077148438 146
1756066866897 25.660911560058594 147
1756066866931 19.8546199798584 148
1756066866961 24.204795837402344 149
1756066866991 21.3176326751709 150
1756066867021 24.290990829467773 151
1756066867051 25.86964225769043 152
1756066867083 19.959875106811523 153
1756066867117 25.444869995117188 154
1756066867151 23.669382095336914 155
1756066867186 19.360267639160156 156
1756066867217 20.930068969726562 157
1756066867246 23.7246150970459 158
1756066867276 22.78423309326172 159
1756066867306 24.40403938293457 160
1756066867338 21.108285903930664 161
1756066867369 22.739160537719727 162
1756066867400 26.659229278564453 163
1756066867431 21.556636810302734 164
1756066867461 26.04336929321289 165
1756066867494 28.623506546020508 166
1756066867528 22.241254806518555 167
1756066867562 23.290342330932617 168
1756066867591 27.12486457824707 169
1756066867624 20.866308212280273 170
1756066867655 22.172521591186523 171
1756066867685 25.79720115661621 172
1756066867715 21.304590225219727 173
1756066867745 20.31239891052246 174
1756066867775 24.445796966552734 175
1756066867805 22.013002395629883 176
1756066867837 21.896821975708008 177
1756066867867 27.702856063842773 178
1756066867897 21.172487258911133 179
1756066867927 26.521053314208984 180
1756066867957 21.789066314697266 181
1756066867993 22.47921371459961 182
1756066868025 24.805580139160156 183
1756066868055 18.805513381958008 184
1756066868085 19.24247169494629 185
1756066868115 21.926456451416016 186
1756066868145 20.902576446533203 187
1756066868176 24.502880096435547 188
1756066868206 25.70037078857422 189
1756066868236 24.57155990600586 190
1756066868266 20.218929290771484 191
1756066868299 19.029937744140625 192
1756066868334 21.7344913482666 193
1756066868369 19.716646194458008 194
1756066868407 19.20625877380371 195
1756066868443 22.51333236694336 196
1756066868474 20.682966232299805 197
1756066868504 19.45064926147461 198
1756066868534 19.761089324951172 199
1756066868566 22.86357307434082 200
1756066868597 29.071514129638672 201
1756066868628 24.19856071472168 202
1756066868659 19.970048904418945 203
1756066868692 23.166778564453125 204
1756066868725 17.752216339111328 205
1756066868758 16.644914627075195 206
1756066868788 19.79686164855957 207
1756066868821 29.6798095703125 208
1756066868852 25.473434448242188 209
1756066868883 23.417261123657227 210
1756066868914 21.28824806213379 211
1756066868945 25.357057571411133 212
1756066868976 21.500043869018555 213
1756066869007 24.26986312866211 214
1756066869039 22.72014045715332 215
1756066869073 23.114891052246094 216
1756066869108 26.608623504638672 217
1756066869143 18.811838150024414 218
1756066869179 22.086153030395508 219
1756066869213 24.527191162109375 220
1756066869242 23.420385360717773 221
1756066869272 24.342754364013672 222
1756066869307 22.90617561340332 223
1756066869341 24.403867721557617 224
1756066869371 21.63673210144043 225
1756066869401 26.007156372070312 226
1756066869436 21.261573791503906 227
1756066869468 22.03671646118164 228
1756066869501 19.254194259643555 229
1756066869534 24.197906494140625 230
1756066869567 21.249338150024414 231
1756066869600 23.43314552307129 232
1756066869633 19.80753517150879 233
1756066869666 22.567413330078125 234
1756066869699 23.493465423583984 235
1756066869733 24.500295639038086 236
1756066869766 21.66644859313965 237
1756066869798 21.15311050415039 238
1756066869832 26.872539520263672 239
1756066869866 20.49422836303711 240
1756066869897 25.052297592163086 241
1756066869931 21.46099090576172 242
1756066869967 24.7663516998291 243
1756066870001 16.16927719116211 244
1756066870036 21.95713233947754 245
1756066870069 21.629207611083984 246
1756066870100 22.071434020996094 247
1756066870134 18.359804153442383 248
1756066870165 21.242801666259766 249
1756066870195 21.215166091918945 250
1756066870226 20.84438133239746 251
1756066870257 23.97551155090332 252
1756066870287 25.528324127197266 253
1756066870319 26.226104736328125 254
1756066870351 19.4992733001709 255
1756066870384 21.652549743652344 256
1756066870416 24.99668312072754 257
1756066870447 22.946645736694336 258
1756066870477 24.619237899780273 259
1756066870509 21.19527244567871 260
1756066870539 23.2142391204834 261
1756066870570 19.662622451782227 262
1756066870600 20.57432746887207 263
1756066870631 23.515350341796875 264
1756066870663 23.107101440429688 265
1756066870694 21.80375862121582 266
1756066870725 27.576356887817383 267
1756066870755 26.828582763671875 268
1756066870787 26.184207916259766 269
1756066870818 23.659358978271484 270
1756066870849 22.006023406982422 271
1756066870879 24.353300094604492 272
1756066870910 18.860422134399414 273
1756066870940 21.625089645385742 274
1756066870975 19.79341697692871 275
1756066871009 25.439254760742188 276
1756066871043 20.775171279907227 277
1756066871074 21.97102165222168 278
1756066871108 22.676021575927734 279
1756066871143 22.68081283569336 280
1756066871177 23.655014038085938 281
1756066871211 21.32743263244629 282
1756066871242 23.7340030670166 283
1756066871274 22.439626693725586 284
1756066871308 24.303884506225586 285
1756066871339 18.4379825592041 286
1756066871370 20.505517959594727 287
1756066871401 21.261959075927734 288
1756066871431 24.10016632080078 289
1756066871465 21.520240783691406 290
1756066871499 25.05240249633789 291
1756066871533 23.150054931640625 292
1756066871564 22.471256256103516 293
1756066871596 21.463932037353516 294
1756066871626 21.95090675354004 295
1756066871661 22.800079345703125 296
1756066871692 23.355457305908203 297
1756066871723 23.613468170166016 298
1756066871753 26.106868743896484 299
1756066879864 49.97878646850586 0
1756066879897 49.624759674072266 1
1756066879935 48.84792709350586 2
1756066879977 48.375648498535156 3
1756066880019 47.80038070678711 4
1756066880061 46.698272705078125 5
1756066880105 45.69314956665039 6
1756066880139 44.7152099609375 7
1756066880174 43.64469528198242 8
1756066880205 40.672786712646484 9
1756066880234 39.73973846435547 10
1756066880264 35.84000015258789 11
1756066880295 33.2169303894043 12
1756066880327 29.829761505126953 13
1756066880363 29.526662826538086 14
1756066880400 25.48179817199707 15
1756066880436 24.310792922973633 16
1756066880474 22.541292190551758 17
1756066880510 26.473112106323242 18
1756066880546 26.11754608154297 19
1756066880582 30.19140625 20
1756066880618 27.61836051940918 21
1756066880654 23.16956901550293 22
1756066880690 25.04604148864746 23
1756066880726 23.78582191467285 24
1756066880762 23.590309143066406 25
1756066880798 25.8005313873291 26
1756066880834 25.96705436706543 27
1756066880868 27.375802993774414 28
1756066880902 24.32861328125 29
1756066880937 21.653671264648438 30
1756066880971 24.588199615478516 31
1756066881006 19.515012741088867 32
1756066881040 24.40097999572754 33
1756066881073 26.368982315063477 34
1756066881106 26.74776840209961 35
1756066881139 19.62069320678711 36
1756066881173 25.82975959777832 37
1756066881206 23.65611457824707 38
1756066881239 22.25933265686035 39
1756066881272 27.788421630859375 40
1756066881305 24.115238189697266 41
1756066881339 21.581418991088867 42
1756066881372 20.204370498657227 43
1756066881407 24.27348518371582 44
1756066881440 24.561359405517578 45
1756066881474 23.786523818969727 46
1756066881508 24.241809844970703 47
1756066881541 24.908348083496094 48
1756066881572 20.730268478393555 49
1756066881605 25.97807502746582 50
1756066881639 17.607786178588867 51
1756066881673 23.938575744628906 52
1756066881705 21.47498321533203 53
1756066881736 23.915515899658203 54
1756066881771 23.088481903076172 55
1756066881802 21.573640823364258 56
1756066881837 22.190763473510742 57
1756066881868 19.66600227355957 58
1756066881902 21.771331787109375 59
1756066881935 21.19939613342285 60
1756066881969 24.413415908813477 61
1756066882003 19.28472900390625 62
1756066882033 21.888694763183594 63
1756066882063 22.16451072692871 64
1756066882095 21.771604537963867 65
1756066882127 23.824398040771484 66
1756066882158 21.226072311401367 67
1756066882192 22.101816177368164 68
1756066882226 22.094966888427734 69
1756066882257 23.781299591064453 70
1756066882287 22.56546401977539 71
1756066882318 23.317089080810547 72
1756066882348 24.413166046142578 73
1756066882378 19.956510543823242 74
1756066882412 20.176837921142578 75
1756066882446 23.221824645996094 76
1756066882479 23.53700828552246 77
1756066882508 24.21825408935547 78
1756066882539 20.459293365478516 79
1756066882569 23.071056365966797 80
1756066882599 21.08716583251953 81
1756066882629 23.924009323120117 82
1756066882660 15.108654975891113 83
1756066882690 24.129276275634766 84
1756066882721 23.925981521606445 85
1756066882751 19.161293029785156 86
1756066882785 22.717967987060547 87
1756066882820 21.659358978271484 88
1756066882852 22.392850875854492 89
1756066882885 22.409793853759766 90
1756066882916 22.480361938476562 91
1756066882950 27.3088321685791 92
1756066882984 25.103952407836914 93
1756066883017 19.212491989135742 94
1756066883047 24.335607528686523 95
1756066883081 25.827350616455078 96
1756066883111 17.224464416503906 97
1756066883142 17.940107345581055 98
1756066883176 21.770814895629883 99
1756066883210 23.509845733642578 100
1756066883244 26.78476333618164 101
1756066883279 20.403650283813477 102
1756066883313 21.808944702148438 103
1756066883346 23.068479537963867 104
1756066883380 19.65030860900879 105
1756066883416 20.17364501953125 106
1756066883450 22.331270217895508 107
1756066883485 23.74334716796875 108
1756066883518 23.263431549072266 109
1756066883552 22.832233428955078 110
1756066883582 21.620075225830078 111
1756066883612 24.170047760009766 112
1756066883643 22.522172927856445 113
1756066883676 24.117937088012695 114
1756066883709 19.962783813476562 115
1756066883742 21.512968063354492 116
1756066883772 20.117725372314453 117
1756066883801 22.58643913269043 118
1756066883832 21.806812286376953 119
1756066883865 24.95696258544922 120
1756066883895 24.094457626342773 121
1756066883924 18.740957260131836 122
1756066883958 22.487770080566406 123
1756066883990 22.280927658081055 124
1756066884027 20.49228858947754 125
1756066884061 23.18239974975586 126
1756066884095 22.15302276611328 127
1756066884127 22.455785751342773 128
1756066884161 21.794586181640625 129
1756066884195 21.95672607421875 130
1756066884229 19.569360733032227 131
1756066884260 21.098228454589844 132
1756066884295 20.177289962768555 133
1756066884327 19.63368797302246 134
1756066884361 23.32663917541504 135
1756066884391 22.096487045288086 136
1756066884424 16.303874969482422 137
1756066884460 21.340553283691406 138
1756066884494 19.54499053955078 139
1756066884527 24.994243621826172 140
1756066884560 24.12874984741211 141
1756066884593 22.362457275390625 142
1756066884628 23.46249771118164 143
1756066884662 21.337627410888672 144
1756066884698 19.341638565063477 145
1756066884727 23.565223693847656 146
1756066884763 21.332956314086914 147
1756066884800 22.307209014892578 148
1756066884836 21.485315322875977 149
1756066884870 23.873008728027344 150
1756066884905 20.734342575073242 151
1756066884938 22.922449111938477 152
1756066884973 20.915355682373047 153
1756066885009 23.625934600830078 154
1756066885043 23.030925750732422 155
1756066885075 23.561716079711914 156
1756066885105 20.192752838134766 157
1756066885136 23.594310760498047 158
1756066885172 24.515668869018555 159
1756066885209 21.934314727783203 160
1756066885244 23.743518829345703 161
1756066885275 21.847187042236328 162
1756066885309 21.496267318725586 163
1756066885342 21.514760971069336 164
1756066885372 19.255102157592773 165
1756066885402 21.711795806884766 166
1756066885434 20.150447845458984 167
1756066885465 22.168733596801758 168
1756066885496 20.91123390197754 169
1756066885527 19.4887752532959 170
1756066885558 19.563615798950195 171
1756066885589 19.445993423461914 172
1756066885620 22.3414363861084 173
1756066885651 21.90576171875 174
1756066885686 21.680908203125 175
1756066885720 21.87251091003418 176
1756066885756 23.065994262695312 177
1756066885789 19.925090789794922 178
1756066885824 21.483051300048828 179
1756066885858 23.026376724243164 180
1756066885894 23.249666213989258 181
1756066885926 22.3138484954834 182
1756066885960 27.104564666748047 183
1756066885995 22.19567108154297 184
1756066886029 22.903549194335938 185
1756066886062 18.305349349975586 186
1756066886097 19.426969528198242 187
1756066886131 18.655427932739258 188
1756066886167 22.57973861694336 189
1756066886202 24.411121368408203 190
1756066886235 20.846332550048828 191
1756066886270 21.438987731933594 192
1756066886307 20.739065170288086 193
1756066886344 20.527446746826172 194
1756066886377 21.899049758911133 195
1756066886412 18.606250762939453 196
1756066886448 21.096513748168945 197
1756066886481 21.62251091003418 198
1756066886516 21.626365661621094 199
1756066886549 22.93336296081543 200
1756066886583 18.511173248291016 201
1756066886618 23.899917602539062 202
1756066886653 21.10487937927246 203
1756066886689 24.789535522460938 204
1756066886724 22.147045135498047 205
1756066886757 23.393218994140625 206
1756066886790 23.65788459777832 207
1756066886823 22.79096221923828 208
1756066886857 20.815996170043945 209
1756066886891 19.44696807861328 210
1756066886924 22.821203231811523 211
1756066886957 22.600263595581055 212
1756066886992 22.277803421020508 213
1756066887023 21.72062110900879 214
1756066887056 21.234922409057617 215
1756066887091 19.252553939819336 216
1756066887126 21.036495208740234 217
1756066887159 23.843103408813477 218
1756066887193 22.8929443359375 219
1756066887226 19.452396392822266 220
1756066887261 22.108264923095703 221
1756066887297 21.551536560058594 222
1756066887331 16.17133903503418 223
1756066887365 20.122753143310547 224
1756066887401 21.218219757080078 225
1756066887435 25.372318267822266 226
1756066887469 21.258197784423828 227
1756066887504 22.304080963134766 228
1756066887538 20.406930923461914 229
1756066887570 21.584598541259766 230
1756066887605 21.386423110961914 231
1756066887635 22.55978012084961 232
1756066887668 24.685073852539062 233
1756066887700 23.32052993774414 234
1756066887734 19.067039489746094 235
1756066887766 23.773948669433594 236
1756066887799 23.530637741088867 237
1756066887833 21.566234588623047 238
1756066887866 21.890356063842773 239
1756066887899 20.264404296875 240
1756066887932 21.079978942871094 241
1756066887966 17.934589385986328 242
1756066887999 21.273500442504883 243
1756066888032 17.058204650878906 244
1756066888066 22.298917770385742 245
1756066888099 22.25414276123047 246
1756066888129 22.271846771240234 247
1756066888161 19.862539291381836 248
1756066888192 19.440845489501953 249
1756066888223 21.895944595336914 250
1756066888255 21.69122886657715 251
1756066888286 21.543354034423828 252
1756066888316 19.566659927368164 253
1756066888352 21.685232162475586 254
1756066888385 20.258520126342773 255
1756066888416 20.96659278869629 256
1756066888450 21.530033111572266 257
1756066888487 21.7453556060791 258
1756066888522 19.287189483642578 259
1756066888558 21.304588317871094 260
1756066888593 23.947612762451172 261
1756066888626 22.518449783325195 262
1756066888660 23.797508239746094 263
1756066888691 23.267831802368164 264
1756066888721 21.719236373901367 265
1756066888751 19.358373641967773 266
1756066888781 18.711320877075195 267
1756066888815 19.813356399536133 268
1756066888850 27.430334091186523 269
1756066888884 20.90383529663086 270
1756066888918 23.927547454833984 271
1756066888951 25.97357177734375 272
1756066888987 26.623165130615234 273
1756066889023 20.814064025878906 274
1756066889057 21.857627868652344 275
1756066889095 20.69378662109375 276
1756066889132 23.37120246887207 277
1756066889170 22.217918395996094 278
1756066889201 18.50217628479004 279
1756066889231 16.88287353515625 280
1756066889261 22.4665584564209 281
1756066889292 22.323612213134766 282
1756066889322 20.731290817260742 283
1756066889352 20.455629348754883 284
1756066889383 22.533504486083984 285
1756066889414 21.03778648376465 286
1756066889445 24.706281661987305 287
1756066889481 19.371488571166992 288
1756066889515 23.999605178833008 289
1756066889549 22.101829528808594 290
1756066889583 20.217079162597656 291
1756066889616 22.502155303955078 292
1756066889651 22.674861907958984 293
1756066889683 20.765714645385742 294
1756066889713 18.631607055664062 295
1756066889745 23.235559463500977 296
1756066889779 22.497182846069336 297
1756066889811 23.04302978515625 298
1756066889843 20.40761947631836 299
1756066897947 48.77107620239258 0
1756066897982 48.61806869506836 1
1756066898014 48.35553741455078 2
1756066898044 47.9052734375 3
1756066898073 47.37807846069336 4
1756066898103 47.03943634033203 5
1756066898132 46.159141540527344 6
1756066898164 45.78615951538086 7
1756066898195 45.35809326171875 8
1756066898229 43.06886672973633 9
1756066898259 41.85067367553711 10
1756066898289 41.19871139526367 11
1756066898323 37.45589828491211 12
1756066898356 36.2889404296875 13
1756066898386 33.02374267578125 14
1756066898416 30.688138961791992 15
1756066898445 28.571834564208984 16
1756066898477 28.72335433959961 17
1756066898508 22.460668563842773 18
1756066898538 21.457550048828125 19
1756066898568 26.59268569946289 20
1756066898598 21.091989517211914 21
1756066898628 24.875728607177734 22
1756066898658 29.305463790893555 23
1756066898688 20.994037628173828 24
1756066898718 23.595611572265625 25
1756066898748 23.053831100463867 26
1756066898779 23.85064125061035 27
1756066898809 24.13081169128418 28
1756066898840 20.313358306884766 29
1756066898870 23.775304794311523 30
1756066898900 24.01338768005371 31
1756066898931 21.72669219970703 32
1756066898961 23.811479568481445 33
1756066898991 20.672245025634766 34
1756066899024 21.622970581054688 35
1756066899059 24.979312896728516 36
1756066899094 20.897836685180664 37
1756066899126 25.474905014038086 38
1756066899156 23.343935012817383 39
1756066899186 20.70633888244629 40
1756066899216 21.398725509643555 41
1756066899246 25.05672264099121 42
1756066899276 21.773277282714844 43
1756066899306 23.749208450317383 44
1756066899337 26.041439056396484 45
1756066899367 23.83209228515625 46
1756066899397 19.615768432617188 47
1756066899427 21.452051162719727 48
1756066899458 22.185686111450195 49
1756066899492 23.00896453857422 50
1756066899525 21.76910400390625 51
1756066899558 25.128116607666016 52
1756066899594 26.89002799987793 53
1756066899631 20.23748016357422 54
1756066899668 20.80848503112793 55
1756066899704 28.697690963745117 56
1756066899737 21.181459426879883 57
1756066899770 21.454633712768555 58
1756066899803 24.5452880859375 59
1756066899832 24.45517921447754 60
1756066899867 20.4366397857666 61
1756066899904 23.453067779541016 62
1756066899939 23.35218620300293 63
1756066899969 22.783876419067383 64
1756066899999 21.897539138793945 65
1756066900029 24.74723243713379 66
1756066900059 24.4464111328125 67
1756066900090 20.994983673095703 68
1756066900121 22.919628143310547 69
1756066900154 19.360599517822266 70
1756066900189 20.34235191345215 71
1756066900223 20.527488708496094 72
1756066900256 26.253114700317383 73
1756066900287 28.234760284423828 74
1756066900317 20.68439292907715 75
1756066900352 22.059131622314453 76
1756066900382 25.157669067382812 77
1756066900413 21.580718994140625 78
1756066900443 21.97281837463379 79
1756066900474 23.75327491760254 80
1756066900505 21.945466995239258 81
1756066900535 19.921972274780273 82
1756066900566 26.272245407104492 83
1756066900597 21.016826629638672 84
1756066900627 22.4825439453125 85
1756066900658 22.685184478759766 86
1756066900692 22.104970932006836 87
1756066900725 21.779857635498047 88
1756066900759 24.69843864440918 89
1756066900793 25.672855377197266 90
1756066900826 20.919694900512695 91
1756066900858 23.638240814208984 92
1756066900892 22.812894821166992 93
1756066900925 21.232425689697266 94
1756066900957 24.249168395996094 95
1756066900990 21.56599235534668 96
1756066901023 22.827007293701172 97
1756066901056 21.443382263183594 98
1756066901089 21.98017120361328 99
1756066901122 22.429418563842773 100
1756066901155 21.389934539794922 101
1756066901188 22.880542755126953 102
1756066901221 22.53441047668457 103
1756066901253 24.333921432495117 104
1756066901286 22.946216583251953 105
1756066901319 24.11519432067871 106
1756066901353 21.86127281188965 107
1756066901386 21.39057159423828 108
1756066901416 18.199033737182617 109
1756066901446 24.69034767150879 110
1756066901478 26.210189819335938 111
1756066901510 21.161319732666016 112
1756066901540 21.11186981201172 113
1756066901571 20.31209373474121 114
1756066901604 21.685874938964844 115
1756066901638 27.248477935791016 116
1756066901674 25.57890510559082 117
1756066901707 25.25701141357422 118
1756066901742 24.5607967376709 119
1756066901776 23.69114112854004 120
1756066901810 20.056381225585938 121
1756066901839 19.880786895751953 122
1756066901872 23.914146423339844 123
1756066901905 22.261539459228516 124
1756066901937 21.687137603759766 125
1756066901970 20.591981887817383 126
1756066901999 22.099721908569336 127
1756066902029 22.905567169189453 128
1756066902059 22.630529403686523 129
1756066902093 24.236474990844727 130
1756066902124 23.370901107788086 131
1756066902154 21.51188850402832 132
1756066902185 25.872173309326172 133
1756066902216 22.99058723449707 134
1756066902247 24.270143508911133 135
1756066902277 22.264925003051758 136
1756066902308 21.06009292602539 137
1756066902340 20.245359420776367 138
1756066902371 23.529834747314453 139
1756066902402 20.08647346496582 140
1756066902434 23.23824119567871 141
1756066902464 24.638389587402344 142
1756066902494 21.73744010925293 143
1756066902524 21.053651809692383 144
1756066902554 23.737607955932617 145
1756066902588 24.71482276916504 146
1756066902622 22.096216201782227 147
1756066902657 21.256298065185547 148
1756066902693 23.250995635986328 149
1756066902724 22.35327911376953 150
1756066902755 18.9879093170166 151
1756066902785 22.4005069732666 152
1756066902817 18.07600212097168 153
1756066902850 18.248083114624023 154
1756066902885 22.063844680786133 155
1756066902921 23.163692474365234 156
1756066902953 22.480459213256836 157
1756066902984 21.112163543701172 158
1756066903016 20.856136322021484 159
1756066903051 22.13033103942871 160
1756066903081 23.849870681762695 161
1756066903113 22.678924560546875 162
1756066903144 24.090280532836914 163
1756066903176 21.527021408081055 164
1756066903208 22.27901268005371 165
1756066903240 21.735929489135742 166
1756066903273 23.53605079650879 167
1756066903308 23.19361686706543 168
1756066903342 22.3820858001709 169
1756066903376 22.761091232299805 170
1756066903407 24.015993118286133 171
1756066903437 18.796314239501953 172
1756066903470 22.72951889038086 173
1756066903503 22.681114196777344 174
1756066903532 22.302003860473633 175
1756066903563 21.24575424194336 176
1756066903594 22.946491241455078 177
1756066903627 24.552658081054688 178
1756066903660 22.94708824157715 179
1756066903692 24.053760528564453 180
1756066903724 21.573917388916016 181
1756066903757 22.045042037963867 182
1756066903792 22.34340476989746 183
1756066903825 26.254085540771484 184
1756066903859 21.358015060424805 185
1756066903893 22.536537170410156 186
1756066903927 22.342077255249023 187
1756066903960 24.67426300048828 188
1756066903995 23.0911922454834 189
1756066904027 21.93931770324707 190
1756066904060 21.917083740234375 191
1756066904094 17.725799560546875 192
1756066904125 21.86476707458496 193
1756066904160 20.089271545410156 194
1756066904193 21.455873489379883 195
1756066904224 21.952796936035156 196
1756066904254 20.340879440307617 197
1756066904289 19.087186813354492 198
1756066904324 24.18931770324707 199
1756066904359 21.848602294921875 200
1756066904391 21.040979385375977 201
1756066904421 19.66840934753418 202
1756066904452 20.999874114990234 203
1756066904483 19.878849029541016 204
1756066904518 21.360244750976562 205
1756066904551 23.629919052124023 206
1756066904587 18.59653091430664 207
1756066904624 20.227596282958984 208
1756066904661 23.930030822753906 209
1756066904698 20.145214080810547 210
1756066904734 23.478246688842773 211
1756066904771 24.67757225036621 212
1756066904807 22.788785934448242 213
1756066904845 22.45740509033203 214
1756066904880 21.731201171875 215
1756066904915 24.377309799194336 216
1756066904949 23.149076461791992 217
1756066904983 20.061260223388672 218
1756066905018 21.352558135986328 219
1756066905050 24.86856460571289 220
1756066905085 25.188472747802734 221
1756066905119 25.91032600402832 222
1756066905153 20.930742263793945 223
1756066905188 25.251550674438477 224
1756066905223 22.23633575439453 225
1756066905257 21.76363182067871 226
1756066905292 23.86713409423828 227
1756066905326 22.961475372314453 228
1756066905361 23.68703842163086 229
1756066905394 26.07551383972168 230
1756066905428 20.751768112182617 231
1756066905462 22.325849533081055 232
1756066905495 20.803863525390625 233
1756066905529 24.443218231201172 234
1756066905563 19.854764938354492 235
1756066905595 22.861318588256836 236
1756066905624 23.647064208984375 237
1756066905654 22.464677810668945 238
1756066905687 24.970705032348633 239
1756066905717 18.666940689086914 240
1756066905747 30.237539291381836 241
1756066905776 22.797510147094727 242
1756066905807 22.682512283325195 243
1756066905840 20.912635803222656 244
1756066905874 23.45180320739746 245
1756066905909 21.439638137817383 246
1756066905943 20.2632999420166 247
1756066905977 18.025033950805664 248
1756066906011 21.7939510345459 249
1756066906046 20.453046798706055 250
1756066906079 18.677270889282227 251
1756066906110 17.188140869140625 252
1756066906140 24.262479782104492 253
1756066906175 20.736326217651367 254
1756066906209 23.60410499572754 255
1756066906244 23.546052932739258 256
1756066906278 20.68499755859375 257
1756066906311 17.08949851989746 258
1756066906342 22.3509578704834 259
1756066906374 20.35588264465332 260
1756066906404 24.21672821044922 261
1756066906435 22.55069923400879 262
1756066906466 24.12019157409668 263
1756066906500 24.692543029785156 264
1756066906535 19.728609085083008 265
1756066906567 22.77968978881836 266
1756066906601 23.07743263244629 267
1756066906633 20.405351638793945 268
1756066906663 20.80232810974121 269
1756066906694 24.553407669067383 270
1756066906725 19.96653175354004 271
1756066906756 19.451168060302734 272
1756066906788 20.114543914794922 273
1756066906822 24.852333068847656 274
1756066906856 19.794231414794922 275
1756066906892 19.454118728637695 276
1756066906923 25.119903564453125 277
1756066906958 22.668684005737305 278
1756066906989 20.058515548706055 279
1756066907019 17.480127334594727 280
1756066907050 15.564926147460938 281
1756066907080 20.868913650512695 282
1756066907113 24.93525505065918 283
1756066907147 23.89699363708496 284
1756066907177 16.806339263916016 285
1756066907207 22.116132736206055 286
1756066907238 22.81749153137207 287
1756066907268 19.657909393310547 288
1756066907299 23.010684967041016 289
1756066907329 22.914167404174805 290
1756066907363 20.94718360900879 291
1756066907394 24.746917724609375 292
1756066907424 18.736648559570312 293
1756066907455 20.066722869873047 294
1756066907487 19.011770248413086 295
1756066907518 21.37191390991211 296
1756066907553 23.043888092041016 297
1756066907588 25.64800262451172 298
1756066907621 24.386096954345703 299
1756066915737 49.389408111572266 0
1756066915785 49.09551239013672 1
1756066915826 48.746673583984375 2
1756066915870 48.51643753051758 3
1756066915911 48.3287239074707 4
1756066915954 47.4322509765625 5
1756066915997 47.24402618408203 6
1756066916034 46.159217834472656 7
1756066916071 45.52109909057617 8
1756066916108 44.905696868896484 9
1756066916145 44.00816345214844 10
1756066916187 42.059486389160156 11
1756066916234 41.19533157348633 12
1756066916279 39.12668228149414 13
1756066916322 38.22472381591797 14
1756066916364 35.39036178588867 15
1756066916406 35.28150177001953 16
1756066916448 31.02654266357422 17
1756066916488 31.177690505981445 18
1756066916529 28.813905715942383 19
1756066916571 25.84117889404297 20
1756066916616 22.907365798950195 21
1756066916662 25.48851203918457 22
1756066916701 25.369203567504883 23
1756066916738 21.75010108947754 24
1756066916776 24.392410278320312 25
1756066916817 20.80103874206543 26
1756066916857 20.293155670166016 27
1756066916899 25.115234375 28
1756066916939 23.816862106323242 29
1756066916980 24.006752014160156 30
1756066917017 23.72820472717285 31
1756066917059 23.49272918701172 32
1756066917100 25.000240325927734 33
1756066917142 26.259979248046875 34
1756066917185 25.857730865478516 35
1756066917223 23.588735580444336 36
1756066917262 23.380943298339844 37
1756066917299 22.71135711669922 38
1756066917340 22.229047775268555 39
1756066917383 27.072813034057617 40
1756066917428 22.761699676513672 41
1756066917473 26.63361358642578 42
1756066917515 23.437850952148438 43
1756066917557 23.412874221801758 44
1756066917600 23.626216888427734 45
1756066917646 21.65727996826172 46
1756066917692 20.692089080810547 47
1756066917738 26.032459259033203 48
1756066917783 21.39310646057129 49
1756066917828 24.511964797973633 50
1756066917871 22.799095153808594 51
1756066917914 23.208688735961914 52
1756066917957 21.965417861938477 53
1756066918001 21.683000564575195 54
1756066918045 21.891761779785156 55
1756066918088 22.78199577331543 56
1756066918130 20.605859756469727 57
1756066918173 20.67987060546875 58
1756066918215 24.841644287109375 59
1756066918258 21.288190841674805 60
1756066918296 22.544519424438477 61
1756066918338 23.955537796020508 62
1756066918376 23.535879135131836 63
1756066918417 23.420001983642578 64
1756066918454 20.484540939331055 65
1756066918491 23.943002700805664 66
1756066918528 21.230440139770508 67
1756066918565 20.239118576049805 68
1756066918602 21.831634521484375 69
1756066918644 23.983863830566406 70
1756066918688 21.467220306396484 71
1756066918731 23.667831420898438 72
1756066918774 23.577211380004883 73
1756066918818 21.513444900512695 74
1756066918860 20.727346420288086 75
1756066918901 21.279571533203125 76
1756066918942 20.214231491088867 77
1756066918984 22.02460479736328 78
1756066919024 25.913909912109375 79
1756066919066 23.354812622070312 80
1756066919107 21.931001663208008 81
1756066919144 22.991191864013672 82
1756066919181 22.96030044555664 83
1756066919218 23.13958168029785 84
1756066919256 20.842578887939453 85
1756066919293 22.122961044311523 86
1756066919335 21.632587432861328 87
1756066919372 22.029630661010742 88
1756066919415 21.299379348754883 89
1756066919458 22.975479125976562 90
1756066919495 24.57086753845215 91
1756066919532 21.37053680419922 92
1756066919570 23.02920150756836 93
1756066919610 19.615276336669922 94
1756066919650 22.647554397583008 95
1756066919688 22.674232482910156 96
1756066919725 22.662792205810547 97
1756066919762 24.87059783935547 98
1756066919799 21.093061447143555 99
1756066919837 21.781028747558594 100
1756066919876 21.442474365234375 101
1756066919916 21.130094528198242 102
1756066919959 23.99920654296875 103
1756066920002 21.536928176879883 104
1756066920039 22.430490493774414 105
1756066920076 23.598493576049805 106
1756066920114 22.09560775756836 107
1756066920158 22.316373825073242 108
1756066920201 21.2304744720459 109
1756066920239 23.580097198486328 110
1756066920284 23.002077102661133 111
1756066920328 22.40149688720703 112
1756066920368 21.75145149230957 113
1756066920410 22.618871688842773 114
1756066920448 20.893535614013672 115
1756066920486 22.754539489746094 116
1756066920528 22.360294342041016 117
1756066920568 19.58881187438965 118
1756066920605 22.623153686523438 119
1756066920643 22.950611114501953 120
1756066920680 20.465776443481445 121
1756066920718 22.761152267456055 122
1756066920755 19.7322998046875 123
1756066920797 25.090221405029297 124
1756066920835 23.495630264282227 125
1756066920874 21.791332244873047 126
1756066920911 22.186155319213867 127
1756066920950 21.108516693115234 128
1756066920994 22.34612274169922 129
1756066921031 19.951129913330078 130
1756066921069 26.065265655517578 131
1756066921107 22.050621032714844 132
1756066921147 23.081953048706055 133
1756066921189 21.479177474975586 134
1756066921229 21.240726470947266 135
1756066921266 20.817771911621094 136
1756066921308 22.31746482849121 137
1756066921346 23.339370727539062 138
1756066921384 21.923534393310547 139
1756066921422 21.122943878173828 140
1756066921459 22.964664459228516 141
1756066921496 22.0174560546875 142
1756066921534 23.593914031982422 143
1756066921576 22.06330108642578 144
1756066921619 25.018831253051758 145
1756066921656 21.464834213256836 146
1756066921694 20.487560272216797 147
1756066921731 21.01698112487793 148
1756066921774 21.21221160888672 149
1756066921821 21.851987838745117 150
1756066921866 25.223329544067383 151
1756066921912 21.27110481262207 152
1756066921957 22.29636573791504 153
1756066922003 26.460805892944336 154
1756066922048 23.983795166015625 155
1756066922094 22.417566299438477 156
1756066922139 22.7626895904541 157
1756066922185 21.10888671875 158
1756066922230 20.857742309570312 159
1756066922275 21.371679306030273 160
1756066922314 23.968257904052734 161
1756066922351 23.50756072998047 162
1756066922389 25.388376235961914 163
1756066922427 22.04784393310547 164
1756066922466 20.88116455078125 165
1756066922504 25.784326553344727 166
1756066922543 23.261571884155273 167
1756066922587 24.780078887939453 168
1756066922624 23.317840576171875 169
1756066922666 21.772140502929688 170
1756066922708 21.349245071411133 171
1756066922747 21.461177825927734 172
1756066922789 20.83223533630371 173
1756066922828 23.328506469726562 174
1756066922871 21.761415481567383 175
1756066922908 22.023143768310547 176
1756066922946 21.85616111755371 177
1756066922987 23.439908981323242 178
1756066923027 24.998376846313477 179
1756066923064 21.047426223754883 180
1756066923101 19.579015731811523 181
1756066923138 23.74791145324707 182
1756066923176 23.434112548828125 183
1756066923213 24.394699096679688 184
1756066923251 24.299320220947266 185
1756066923288 22.8489990234375 186
1756066923332 20.679845809936523 187
1756066923378 21.865137100219727 188
1756066923424 21.62495994567871 189
1756066923471 20.563791275024414 190
1756066923512 20.5653076171875 191
1756066923553 21.379371643066406 192
1756066923590 24.424236297607422 193
1756066923631 20.978832244873047 194
1756066923672 23.943283081054688 195
1756066923710 21.89106559753418 196
1756066923748 21.165151596069336 197
1756066923787 23.714780807495117 198
1756066923826 20.729707717895508 199
1756066923867 22.478734970092773 200
1756066923908 22.722293853759766 201
1756066923948 19.70811653137207 202
1756066923986 24.04588508605957 203
1756066924027 20.102968215942383 204
1756066924070 17.991727828979492 205
1756066924112 22.43709373474121 206
1756066924155 20.28520393371582 207
1756066924193 22.163148880004883 208
1756066924231 21.61922836303711 209
1756066924270 24.764423370361328 210
1756066924308 23.354684829711914 211
1756066924345 24.462190628051758 212
1756066924388 19.706592559814453 213
1756066924426 20.044034957885742 214
1756066924464 24.11273956298828 215
1756066924502 25.226186752319336 216
1756066924540 24.447980880737305 217
1756066924583 23.400588989257812 218
1756066924622 20.301597595214844 219
1756066924662 20.928394317626953 220
1756066924700 21.186452865600586 221
1756066924738 19.696229934692383 222
1756066924776 24.434833526611328 223
1756066924814 22.85137176513672 224
1756066924852 23.058753967285156 225
1756066924890 19.764558792114258 226
1756066924928 24.436227798461914 227
1756066924966 23.672990798950195 228
1756066925004 23.00604248046875 229
1756066925042 22.00678253173828 230
1756066925080 24.56891441345215 231
1756066925118 22.326868057250977 232
1756066925156 22.022512435913086 233
1756066925199 25.130237579345703 234
1756066925241 22.772306442260742 235
1756066925285 23.11618995666504 236
1756066925328 21.948896408081055 237
1756066925367 19.6787052154541 238
1756066925405 23.532691955566406 239
1756066925445 19.580045700073242 240
1756066925483 22.980579376220703 241
1756066925524 23.022321701049805 242
1756066925564 20.628267288208008 243
1756066925606 24.703994750976562 244
1756066925648 22.37371253967285 245
1756066925690 21.353866577148438 246
1756066925729 24.448043823242188 247
1756066925767 21.77464485168457 248
1756066925810 23.009231567382812 249
1756066925853 23.110273361206055 250
1756066925897 22.729013442993164 251
1756066925940 21.533567428588867 252
1756066925981 18.053707122802734 253
1756066926022 21.97737693786621 254
1756066926066 20.550186157226562 255
1756066926109 21.180593490600586 256
1756066926153 23.237354278564453 257
1756066926194 22.91917610168457 258
1756066926237 21.72683334350586 259
1756066926281 23.193973541259766 260
1756066926324 22.673938751220703 261
1756066926366 21.870716094970703 262
1756066926410 21.622024536132812 263
1756066926453 21.548067092895508 264
1756066926491 19.289934158325195 265
1756066926529 20.61359405517578 266
1756066926567 22.03512191772461 267
1756066926610 21.5626220703125 268
1756066926654 23.28860855102539 269
1756066926696 22.94734764099121 270
1756066926735 20.497591018676758 271
1756066926773 21.870582580566406 272
1756066926832 22.905582427978516 273
1756066926878 21.883848190307617 274
1756066926929 20.165742874145508 275
1756066926972 22.4815616607666 276
1756066927015 21.79497718811035 277
1756066927053 25.25114631652832 278
1756066927094 22.074573516845703 279
1756066927132 20.117713928222656 280
1756066927176 21.74795150756836 281
1756066927224 21.777711868286133 282
1756066927270 23.276355743408203 283
1756066927310 21.04593849182129 284
1756066927347 22.34077262878418 285
1756066927389 19.688350677490234 286
1756066927430 22.939231872558594 287
1756066927471 21.067289352416992 288
1756066927512 21.652999877929688 289
1756066927553 22.306230545043945 290
1756066927595 23.90835189819336 291
1756066927636 22.82119369506836 292
1756066927677 20.397777557373047 293
1756066927718 20.322460174560547 294
1756066927759 22.25130271911621 295
1756066927800 25.2457332611084 296
1756066927842 20.61505889892578 297
1756066927884 24.76669692993164 298
1756066927925 24.037874221801758 299
1756066948284 15.62199224814391 0
