Wavenumber (cm⁻¹),Importance,target_variable,Sample Type,Train Percentage,Model,Search Type,RMSE,MAE,MAPE,R²
3048.926366445193,0.014316666991747745,basophils,CAPILAR,0.8,MLP Regressor,GridSearchCV,0.05959189614354577,0.042103443161485524,117.13743143547713,-5.673508927849641
1355.721211645143,0.009857075580686485,basophils,CAPILAR,0.8,MLP Regressor,GridSearchCV,0.05959189614354577,0.042103443161485524,117.13743143547713,-5.673508927849641
1359.578170995484,0.009825507996030047,basophils,CAPILAR,0.8,MLP Regressor,GridSearchCV,0.05959189614354577,0.042103443161485524,117.13743143547713,-5.673508927849641
1353.792731969972,0.00982306312295547,basophils,CAPILAR,0.8,MLP Regressor,GridSearchCV,0.05959189614354577,0.042103443161485524,117.13743143547713,-5.673508927849641
1361.506650670656,0.0098202900677866,basophils,CAPILAR,0.8,MLP Regressor,GridSearchCV,0.05959189614354577,0.042103443161485524,117.13743143547713,-5.673508927849641
1357.649691320314,0.009809830126117957,basophils,CAPILAR,0.8,MLP Regressor,GridSearchCV,0.05959189614354577,0.042103443161485524,117.13743143547713,-5.673508927849641
1351.864252294801,0.009687472791373174,basophils,CAPILAR,0.8,MLP Regressor,GridSearchCV,0.05959189614354577,0.042103443161485524,117.13743143547713,-5.673508927849641
1363.435130345826,0.009597742845397167,basophils,CAPILAR,0.8,MLP Regressor,GridSearchCV,0.05959189614354577,0.042103443161485524,117.13743143547713,-5.673508927849641
1349.93577261963,0.00936385230057428,basophils,CAPILAR,0.8,MLP Regressor,GridSearchCV,0.05959189614354577,0.042103443161485524,117.13743143547713,-5.673508927849641
1365.363610020997,0.009227311458596137,basophils,CAPILAR,0.8,MLP Regressor,GridSearchCV,0.05959189614354577,0.042103443161485524,117.13743143547713,-5.673508927849641
1708.632992201417,0.00900927421490136,basophils,CAPILAR,0.8,MLP Regressor,GridSearchCV,0.05959189614354577,0.042103443161485524,117.13743143547713,-5.673508927849641
1367.292089696168,0.008840201626139542,basophils,CAPILAR,0.8,MLP Regressor,GridSearchCV,0.05959189614354577,0.042103443161485524,117.13743143547713,-5.673508927849641
1348.007292944459,0.008766364342690448,basophils,CAPILAR,0.8,MLP Regressor,GridSearchCV,0.05959189614354577,0.042103443161485524,117.13743143547713,-5.673508927849641
1706.704512526246,0.008665517092731955,basophils,CAPILAR,0.8,MLP Regressor,GridSearchCV,0.05959189614354577,0.042103443161485524,117.13743143547713,-5.673508927849641
1369.220569371339,0.008422138248035433,basophils,CAPILAR,0.8,MLP Regressor,GridSearchCV,0.05959189614354577,0.042103443161485524,117.13743143547713,-5.673508927849641
1045.235983942628,0.008237264365173162,basophils,CAPILAR,0.8,MLP Regressor,GridSearchCV,0.05959189614354577,0.042103443161485524,117.13743143547713,-5.673508927849641
1346.078813269288,0.008172618320622625,basophils,CAPILAR,0.8,MLP Regressor,GridSearchCV,0.05959189614354577,0.042103443161485524,117.13743143547713,-5.673508927849641
1047.164463617799,0.008065515607087775,basophils,CAPILAR,0.8,MLP Regressor,GridSearchCV,0.05959189614354577,0.042103443161485524,117.13743143547713,-5.673508927849641
1371.14904904651,0.00793508804164184,basophils,CAPILAR,0.8,MLP Regressor,GridSearchCV,0.05959189614354577,0.042103443161485524,117.13743143547713,-5.673508927849641
1344.150333594117,0.0076750125773820165,basophils,CAPILAR,0.8,MLP Regressor,GridSearchCV,0.05959189614354577,0.042103443161485524,117.13743143547713,-5.673508927849641
1546.640699487062,0.00900220690882007,basophils,CAPILAR,0.8,MLP Regressor,GridSearchCV,0.0968413713972282,0.07768872084216023,344.2772881472036,-16.62388697703601
2539.807732200075,0.008461645369833334,basophils,CAPILAR,0.8,MLP Regressor,GridSearchCV,0.0968413713972282,0.07768872084216023,344.2772881472036,-16.62388697703601
2665.158911086184,0.008313177495998341,basophils,CAPILAR,0.8,MLP Regressor,GridSearchCV,0.0968413713972282,0.07768872084216023,344.2772881472036,-16.62388697703601
1033.665105891602,0.006424935226302074,basophils,CAPILAR,0.8,MLP Regressor,GridSearchCV,0.0968413713972282,0.07768872084216023,344.2772881472036,-16.62388697703601
1776.129780832399,0.0062276975574677785,basophils,CAPILAR,0.8,MLP Regressor,GridSearchCV,0.0968413713972282,0.07768872084216023,344.2772881472036,-16.62388697703601
2792.438569647463,0.006082483416054719,basophils,CAPILAR,0.8,MLP Regressor,GridSearchCV,0.0968413713972282,0.07768872084216023,344.2772881472036,-16.62388697703601
1473.358471830568,0.0059656595050663975,basophils,CAPILAR,0.8,MLP Regressor,GridSearchCV,0.0968413713972282,0.07768872084216023,344.2772881472036,-16.62388697703601
2630.446276933108,0.005824277864065856,basophils,CAPILAR,0.8,MLP Regressor,GridSearchCV,0.0968413713972282,0.07768872084216023,344.2772881472036,-16.62388697703601
1504.214146633302,0.005630571668414139,basophils,CAPILAR,0.8,MLP Regressor,GridSearchCV,0.0968413713972282,0.07768872084216023,344.2772881472036,-16.62388697703601
997.0239920633553,0.005574192362465407,basophils,CAPILAR,0.8,MLP Regressor,GridSearchCV,0.0968413713972282,0.07768872084216023,344.2772881472036,-16.62388697703601
1716.346910902101,0.005574190018757235,basophils,CAPILAR,0.8,MLP Regressor,GridSearchCV,0.0968413713972282,0.07768872084216023,344.2772881472036,-16.62388697703601
1533.141341760865,0.005529184998994989,basophils,CAPILAR,0.8,MLP Regressor,GridSearchCV,0.0968413713972282,0.07768872084216023,344.2772881472036,-16.62388697703601
2802.080968023317,0.005499167177786713,basophils,CAPILAR,0.8,MLP Regressor,GridSearchCV,0.0968413713972282,0.07768872084216023,344.2772881472036,-16.62388697703601
973.8822359613046,0.005451137347652171,basophils,CAPILAR,0.8,MLP Regressor,GridSearchCV,0.0968413713972282,0.07768872084216023,344.2772881472036,-16.62388697703601
1681.634276749025,0.005365703511084286,basophils,CAPILAR,0.8,MLP Regressor,GridSearchCV,0.0968413713972282,0.07768872084216023,344.2772881472036,-16.62388697703601
1147.445406726686,0.0052643928970394285,basophils,CAPILAR,0.8,MLP Regressor,GridSearchCV,0.0968413713972282,0.07768872084216023,344.2772881472036,-16.62388697703601
1847.483528813722,0.004941499273888023,basophils,CAPILAR,0.8,MLP Regressor,GridSearchCV,0.0968413713972282,0.07768872084216023,344.2772881472036,-16.62388697703601
1022.094227840577,0.004858621940071812,basophils,CAPILAR,0.8,MLP Regressor,GridSearchCV,0.0968413713972282,0.07768872084216023,344.2772881472036,-16.62388697703601
1450.216715728517,0.004778873832813039,basophils,CAPILAR,0.8,MLP Regressor,GridSearchCV,0.0968413713972282,0.07768872084216023,344.2772881472036,-16.62388697703601
1548.569179162233,0.0047229750354360256,basophils,CAPILAR,0.8,MLP Regressor,GridSearchCV,0.0968413713972282,0.07768872084216023,344.2772881472036,-16.62388697703601
3048.926366445193,0.014316666991747726,basophils,CAPILAR,0.8,MLP Regressor,GridSearchCV,0.059591896143545736,0.04210344316148551,117.13743143547597,-5.673508927849632
1355.721211645143,0.00985707558068649,basophils,CAPILAR,0.8,MLP Regressor,GridSearchCV,0.059591896143545736,0.04210344316148551,117.13743143547597,-5.673508927849632
1359.578170995484,0.00982550799603005,basophils,CAPILAR,0.8,MLP Regressor,GridSearchCV,0.059591896143545736,0.04210344316148551,117.13743143547597,-5.673508927849632
1353.792731969972,0.009823063122955476,basophils,CAPILAR,0.8,MLP Regressor,GridSearchCV,0.059591896143545736,0.04210344316148551,117.13743143547597,-5.673508927849632
1361.506650670656,0.009820290067786605,basophils,CAPILAR,0.8,MLP Regressor,GridSearchCV,0.059591896143545736,0.04210344316148551,117.13743143547597,-5.673508927849632
1357.649691320314,0.009809830126117964,basophils,CAPILAR,0.8,MLP Regressor,GridSearchCV,0.059591896143545736,0.04210344316148551,117.13743143547597,-5.673508927849632
1351.864252294801,0.00968747279137318,basophils,CAPILAR,0.8,MLP Regressor,GridSearchCV,0.059591896143545736,0.04210344316148551,117.13743143547597,-5.673508927849632
1363.435130345826,0.009597742845397172,basophils,CAPILAR,0.8,MLP Regressor,GridSearchCV,0.059591896143545736,0.04210344316148551,117.13743143547597,-5.673508927849632
1349.93577261963,0.009363852300574281,basophils,CAPILAR,0.8,MLP Regressor,GridSearchCV,0.059591896143545736,0.04210344316148551,117.13743143547597,-5.673508927849632
1365.363610020997,0.009227311458596144,basophils,CAPILAR,0.8,MLP Regressor,GridSearchCV,0.059591896143545736,0.04210344316148551,117.13743143547597,-5.673508927849632
1708.632992201417,0.00900927421490135,basophils,CAPILAR,0.8,MLP Regressor,GridSearchCV,0.059591896143545736,0.04210344316148551,117.13743143547597,-5.673508927849632
1367.292089696168,0.008840201626139545,basophils,CAPILAR,0.8,MLP Regressor,GridSearchCV,0.059591896143545736,0.04210344316148551,117.13743143547597,-5.673508927849632
1348.007292944459,0.008766364342690455,basophils,CAPILAR,0.8,MLP Regressor,GridSearchCV,0.059591896143545736,0.04210344316148551,117.13743143547597,-5.673508927849632
1706.704512526246,0.008665517092731945,basophils,CAPILAR,0.8,MLP Regressor,GridSearchCV,0.059591896143545736,0.04210344316148551,117.13743143547597,-5.673508927849632
1369.220569371339,0.008422138248035439,basophils,CAPILAR,0.8,MLP Regressor,GridSearchCV,0.059591896143545736,0.04210344316148551,117.13743143547597,-5.673508927849632
1045.235983942628,0.00823726436517316,basophils,CAPILAR,0.8,MLP Regressor,GridSearchCV,0.059591896143545736,0.04210344316148551,117.13743143547597,-5.673508927849632
1346.078813269288,0.008172618320622625,basophils,CAPILAR,0.8,MLP Regressor,GridSearchCV,0.059591896143545736,0.04210344316148551,117.13743143547597,-5.673508927849632
1047.164463617799,0.008065515607087773,basophils,CAPILAR,0.8,MLP Regressor,GridSearchCV,0.059591896143545736,0.04210344316148551,117.13743143547597,-5.673508927849632
1371.14904904651,0.007935088041641841,basophils,CAPILAR,0.8,MLP Regressor,GridSearchCV,0.059591896143545736,0.04210344316148551,117.13743143547597,-5.673508927849632
1344.150333594117,0.00767501257738202,basophils,CAPILAR,0.8,MLP Regressor,GridSearchCV,0.059591896143545736,0.04210344316148551,117.13743143547597,-5.673508927849632
1554.354618187745,0.02157383806311637,basophils,CAPILAR,0.8,MLP Regressor,GridSearchCV,0.024502400087783635,0.013992937245427986,77.2954260107955,-0.12822856445766218
1542.78374013672,0.01918185663690955,basophils,CAPILAR,0.8,MLP Regressor,GridSearchCV,0.024502400087783635,0.013992937245427986,77.2954260107955,-0.12822856445766218
1536.998301111207,0.016927590208719152,basophils,CAPILAR,0.8,MLP Regressor,GridSearchCV,0.024502400087783635,0.013992937245427986,77.2954260107955,-0.12822856445766218
1533.141341760865,0.015255212782392308,basophils,CAPILAR,0.8,MLP Regressor,GridSearchCV,0.024502400087783635,0.013992937245427986,77.2954260107955,-0.12822856445766218
1544.712219811891,0.01504256000820332,basophils,CAPILAR,0.8,MLP Regressor,GridSearchCV,0.024502400087783635,0.013992937245427986,77.2954260107955,-0.12822856445766218
1546.640699487062,0.014969999750312324,basophils,CAPILAR,0.8,MLP Regressor,GridSearchCV,0.024502400087783635,0.013992937245427986,77.2954260107955,-0.12822856445766218
1529.284382410524,0.0146691674442426,basophils,CAPILAR,0.8,MLP Regressor,GridSearchCV,0.024502400087783635,0.013992937245427986,77.2954260107955,-0.12822856445766218
1517.713504359498,0.012970073942995373,basophils,CAPILAR,0.8,MLP Regressor,GridSearchCV,0.024502400087783635,0.013992937245427986,77.2954260107955,-0.12822856445766218
1565.925496238771,0.012050582942407843,basophils,CAPILAR,0.8,MLP Regressor,GridSearchCV,0.024502400087783635,0.013992937245427986,77.2954260107955,-0.12822856445766218
1540.855260461549,0.011751642100904547,basophils,CAPILAR,0.8,MLP Regressor,GridSearchCV,0.024502400087783635,0.013992937245427986,77.2954260107955,-0.12822856445766218
1552.426138512574,0.01080552774100538,basophils,CAPILAR,0.8,MLP Regressor,GridSearchCV,0.024502400087783635,0.013992937245427986,77.2954260107955,-0.12822856445766218
1531.212862085695,0.008965869940804328,basophils,CAPILAR,0.8,MLP Regressor,GridSearchCV,0.024502400087783635,0.013992937245427986,77.2954260107955,-0.12822856445766218
1523.498943385011,0.008815153842699519,basophils,CAPILAR,0.8,MLP Regressor,GridSearchCV,0.024502400087783635,0.013992937245427986,77.2954260107955,-0.12822856445766218
1560.140057213258,0.008353451362295625,basophils,CAPILAR,0.8,MLP Regressor,GridSearchCV,0.024502400087783635,0.013992937245427986,77.2954260107955,-0.12822856445766218
1567.853975913942,0.008239726035733218,basophils,CAPILAR,0.8,MLP Regressor,GridSearchCV,0.024502400087783635,0.013992937245427986,77.2954260107955,-0.12822856445766218
1556.283097862916,0.00809360110285314,basophils,CAPILAR,0.8,MLP Regressor,GridSearchCV,0.024502400087783635,0.013992937245427986,77.2954260107955,-0.12822856445766218
1569.782455589112,0.007644243049432571,basophils,CAPILAR,0.8,MLP Regressor,GridSearchCV,0.024502400087783635,0.013992937245427986,77.2954260107955,-0.12822856445766218
1583.281813315309,0.0073888273627926585,basophils,CAPILAR,0.8,MLP Regressor,GridSearchCV,0.024502400087783635,0.013992937245427986,77.2954260107955,-0.12822856445766218
2834.865122501223,0.007368054551793634,basophils,CAPILAR,0.8,MLP Regressor,GridSearchCV,0.024502400087783635,0.013992937245427986,77.2954260107955,-0.12822856445766218
1511.928065333986,0.007322140560576396,basophils,CAPILAR,0.8,MLP Regressor,GridSearchCV,0.024502400087783635,0.013992937245427986,77.2954260107955,-0.12822856445766218
1047.164463617799,0.0033360943674651524,basophils,PLASMA,0.8,MLP Regressor,GridSearchCV,0.040460815573520936,0.025556668236232927,184.3474474483637,-4.9003590058876325
1049.092943292969,0.003314925702569939,basophils,PLASMA,0.8,MLP Regressor,GridSearchCV,0.040460815573520936,0.025556668236232927,184.3474474483637,-4.9003590058876325
1045.235983942628,0.0032794144218180497,basophils,PLASMA,0.8,MLP Regressor,GridSearchCV,0.040460815573520936,0.025556668236232927,184.3474474483637,-4.9003590058876325
1051.021422968141,0.003173422065491833,basophils,PLASMA,0.8,MLP Regressor,GridSearchCV,0.040460815573520936,0.025556668236232927,184.3474474483637,-4.9003590058876325
1560.140057213258,0.0031302434453364873,basophils,PLASMA,0.8,MLP Regressor,GridSearchCV,0.040460815573520936,0.025556668236232927,184.3474474483637,-4.9003590058876325
1043.307504267457,0.003112382508822428,basophils,PLASMA,0.8,MLP Regressor,GridSearchCV,0.040460815573520936,0.025556668236232927,184.3474474483637,-4.9003590058876325
1558.211577538087,0.003109586445072168,basophils,PLASMA,0.8,MLP Regressor,GridSearchCV,0.040460815573520936,0.025556668236232927,184.3474474483637,-4.9003590058876325
1556.283097862916,0.0030452248318266063,basophils,PLASMA,0.8,MLP Regressor,GridSearchCV,0.040460815573520936,0.025556668236232927,184.3474474483637,-4.9003590058876325
1671.99187837317,0.0030276017205517988,basophils,PLASMA,0.8,MLP Regressor,GridSearchCV,0.040460815573520936,0.025556668236232927,184.3474474483637,-4.9003590058876325
1670.063398697999,0.0029647629873230216,basophils,PLASMA,0.8,MLP Regressor,GridSearchCV,0.040460815573520936,0.025556668236232927,184.3474474483637,-4.9003590058876325
1673.920358048341,0.0029272969197517893,basophils,PLASMA,0.8,MLP Regressor,GridSearchCV,0.040460815573520936,0.025556668236232927,184.3474474483637,-4.9003590058876325
1052.949902643312,0.002923535586422316,basophils,PLASMA,0.8,MLP Regressor,GridSearchCV,0.040460815573520936,0.025556668236232927,184.3474474483637,-4.9003590058876325
1562.068536888429,0.002901981684484634,basophils,PLASMA,0.8,MLP Regressor,GridSearchCV,0.040460815573520936,0.025556668236232927,184.3474474483637,-4.9003590058876325
1668.134919022829,0.002876034958953284,basophils,PLASMA,0.8,MLP Regressor,GridSearchCV,0.040460815573520936,0.025556668236232927,184.3474474483637,-4.9003590058876325
1187.943479905274,0.0027962270049708008,basophils,PLASMA,0.8,MLP Regressor,GridSearchCV,0.040460815573520936,0.025556668236232927,184.3474474483637,-4.9003590058876325
1565.925496238771,0.0027784681506888586,basophils,PLASMA,0.8,MLP Regressor,GridSearchCV,0.040460815573520936,0.025556668236232927,184.3474474483637,-4.9003590058876325
1041.379024592286,0.0027719590220160895,basophils,PLASMA,0.8,MLP Regressor,GridSearchCV,0.040460815573520936,0.025556668236232927,184.3474474483637,-4.9003590058876325
1563.9970165636,0.0027159019856755734,basophils,PLASMA,0.8,MLP Regressor,GridSearchCV,0.040460815573520936,0.025556668236232927,184.3474474483637,-4.9003590058876325
1554.354618187745,0.00269358983494371,basophils,PLASMA,0.8,MLP Regressor,GridSearchCV,0.040460815573520936,0.025556668236232927,184.3474474483637,-4.9003590058876325
1189.871959580445,0.0026607139578479085,basophils,PLASMA,0.8,MLP Regressor,GridSearchCV,0.040460815573520936,0.025556668236232927,184.3474474483637,-4.9003590058876325
1457.930634429201,0.0059132577044314506,basophils,PLASMA,0.8,MLP Regressor,GridSearchCV,1.128316204892365,0.8203021138832728,1256.5033946917542,-4587.500916107148
2682.515228162722,0.005798689014959586,basophils,PLASMA,0.8,MLP Regressor,GridSearchCV,1.128316204892365,0.8203021138832728,1256.5033946917542,-4587.500916107148
2636.23171595862,0.005726221490434587,basophils,PLASMA,0.8,MLP Regressor,GridSearchCV,1.128316204892365,0.8203021138832728,1256.5033946917542,-4587.500916107148
1837.841130437868,0.005265620545146179,basophils,PLASMA,0.8,MLP Regressor,GridSearchCV,1.128316204892365,0.8203021138832728,1256.5033946917542,-4587.500916107148
2935.146065610109,0.005171052993536417,basophils,PLASMA,0.8,MLP Regressor,GridSearchCV,1.128316204892365,0.8203021138832728,1256.5033946917542,-4587.500916107148
1675.848837723512,0.004847781240420437,basophils,PLASMA,0.8,MLP Regressor,GridSearchCV,1.128316204892365,0.8203021138832728,1256.5033946917542,-4587.500916107148
2858.006878603273,0.004840718587495547,basophils,PLASMA,0.8,MLP Regressor,GridSearchCV,1.128316204892365,0.8203021138832728,1256.5033946917542,-4587.500916107148
3019.999171317629,0.0047724089762191954,basophils,PLASMA,0.8,MLP Regressor,GridSearchCV,1.128316204892365,0.8203021138832728,1256.5033946917542,-4587.500916107148
1749.131065380006,0.004767782316777673,basophils,PLASMA,0.8,MLP Regressor,GridSearchCV,1.128316204892365,0.8203021138832728,1256.5033946917542,-4587.500916107148
2692.157626538576,0.004702814284622515,basophils,PLASMA,0.8,MLP Regressor,GridSearchCV,1.128316204892365,0.8203021138832728,1256.5033946917542,-4587.500916107148
1361.506650670656,0.004631451627619208,basophils,PLASMA,0.8,MLP Regressor,GridSearchCV,1.128316204892365,0.8203021138832728,1256.5033946917542,-4587.500916107148
2913.93278918323,0.004456789446594168,basophils,PLASMA,0.8,MLP Regressor,GridSearchCV,1.128316204892365,0.8203021138832728,1256.5033946917542,-4587.500916107148
2894.647992431521,0.00432202958014281,basophils,PLASMA,0.8,MLP Regressor,GridSearchCV,1.128316204892365,0.8203021138832728,1256.5033946917542,-4587.500916107148
1477.215431180909,0.004320714792722903,basophils,PLASMA,0.8,MLP Regressor,GridSearchCV,1.128316204892365,0.8203021138832728,1256.5033946917542,-4587.500916107148
2977.572618463869,0.004251428834331628,basophils,PLASMA,0.8,MLP Regressor,GridSearchCV,1.128316204892365,0.8203021138832728,1256.5033946917542,-4587.500916107148
1552.426138512574,0.004232621115660971,basophils,PLASMA,0.8,MLP Regressor,GridSearchCV,1.128316204892365,0.8203021138832728,1256.5033946917542,-4587.500916107148
2827.151203800539,0.004210151053273891,basophils,PLASMA,0.8,MLP Regressor,GridSearchCV,1.128316204892365,0.8203021138832728,1256.5033946917542,-4587.500916107148
1583.281813315309,0.0041302726365219245,basophils,PLASMA,0.8,MLP Regressor,GridSearchCV,1.128316204892365,0.8203021138832728,1256.5033946917542,-4587.500916107148
3018.070691642458,0.004111979828427996,basophils,PLASMA,0.8,MLP Regressor,GridSearchCV,1.128316204892365,0.8203021138832728,1256.5033946917542,-4587.500916107148
1000.880951413697,0.004075512989334026,basophils,PLASMA,0.8,MLP Regressor,GridSearchCV,1.128316204892365,0.8203021138832728,1256.5033946917542,-4587.500916107148
1047.164463617799,0.003336094367465076,basophils,PLASMA,0.8,MLP Regressor,GridSearchCV,0.04046081557352272,0.02555666823623391,184.3474474483723,-4.900359005888152
1049.092943292969,0.003314925702569865,basophils,PLASMA,0.8,MLP Regressor,GridSearchCV,0.04046081557352272,0.02555666823623391,184.3474474483723,-4.900359005888152
1045.235983942628,0.003279414421817968,basophils,PLASMA,0.8,MLP Regressor,GridSearchCV,0.04046081557352272,0.02555666823623391,184.3474474483723,-4.900359005888152
1051.021422968141,0.003173422065491763,basophils,PLASMA,0.8,MLP Regressor,GridSearchCV,0.04046081557352272,0.02555666823623391,184.3474474483723,-4.900359005888152
1560.140057213258,0.003130243445336483,basophils,PLASMA,0.8,MLP Regressor,GridSearchCV,0.04046081557352272,0.02555666823623391,184.3474474483723,-4.900359005888152
1043.307504267457,0.0031123825088223457,basophils,PLASMA,0.8,MLP Regressor,GridSearchCV,0.04046081557352272,0.02555666823623391,184.3474474483723,-4.900359005888152
1558.211577538087,0.0031095864450721676,basophils,PLASMA,0.8,MLP Regressor,GridSearchCV,0.04046081557352272,0.02555666823623391,184.3474474483723,-4.900359005888152
1556.283097862916,0.0030452248318266124,basophils,PLASMA,0.8,MLP Regressor,GridSearchCV,0.04046081557352272,0.02555666823623391,184.3474474483723,-4.900359005888152
1671.99187837317,0.0030276017205517775,basophils,PLASMA,0.8,MLP Regressor,GridSearchCV,0.04046081557352272,0.02555666823623391,184.3474474483723,-4.900359005888152
1670.063398697999,0.0029647629873229917,basophils,PLASMA,0.8,MLP Regressor,GridSearchCV,0.04046081557352272,0.02555666823623391,184.3474474483723,-4.900359005888152
1673.920358048341,0.0029272969197517767,basophils,PLASMA,0.8,MLP Regressor,GridSearchCV,0.04046081557352272,0.02555666823623391,184.3474474483723,-4.900359005888152
1052.949902643312,0.0029235355864222503,basophils,PLASMA,0.8,MLP Regressor,GridSearchCV,0.04046081557352272,0.02555666823623391,184.3474474483723,-4.900359005888152
1562.068536888429,0.0029019816844846236,basophils,PLASMA,0.8,MLP Regressor,GridSearchCV,0.04046081557352272,0.02555666823623391,184.3474474483723,-4.900359005888152
1668.134919022829,0.002876034958953249,basophils,PLASMA,0.8,MLP Regressor,GridSearchCV,0.04046081557352272,0.02555666823623391,184.3474474483723,-4.900359005888152
1187.943479905274,0.002796227004970813,basophils,PLASMA,0.8,MLP Regressor,GridSearchCV,0.04046081557352272,0.02555666823623391,184.3474474483723,-4.900359005888152
1565.925496238771,0.002778468150688828,basophils,PLASMA,0.8,MLP Regressor,GridSearchCV,0.04046081557352272,0.02555666823623391,184.3474474483723,-4.900359005888152
1041.379024592286,0.002771959022016009,basophils,PLASMA,0.8,MLP Regressor,GridSearchCV,0.04046081557352272,0.02555666823623391,184.3474474483723,-4.900359005888152
1563.9970165636,0.002715901985675556,basophils,PLASMA,0.8,MLP Regressor,GridSearchCV,0.04046081557352272,0.02555666823623391,184.3474474483723,-4.900359005888152
1554.354618187745,0.002693589834943721,basophils,PLASMA,0.8,MLP Regressor,GridSearchCV,0.04046081557352272,0.02555666823623391,184.3474474483723,-4.900359005888152
1189.871959580445,0.0026607139578479185,basophils,PLASMA,0.8,MLP Regressor,GridSearchCV,0.04046081557352272,0.02555666823623391,184.3474474483723,-4.900359005888152
1583.281813315309,0.01908438237955689,basophils,PLASMA,0.8,MLP Regressor,GridSearchCV,0.20127078708456175,0.20058425635153798,477.6415391441154,-145.00598602540126
1577.496374289796,0.01803792383855799,basophils,PLASMA,0.8,MLP Regressor,GridSearchCV,0.20127078708456175,0.20058425635153798,477.6415391441154,-145.00598602540126
1587.138772665651,0.016929420391958886,basophils,PLASMA,0.8,MLP Regressor,GridSearchCV,0.20127078708456175,0.20058425635153798,477.6415391441154,-145.00598602540126
1594.852691366334,0.01661000992269158,basophils,PLASMA,0.8,MLP Regressor,GridSearchCV,0.20127078708456175,0.20058425635153798,477.6415391441154,-145.00598602540126
1612.209008442873,0.01570303234404967,basophils,PLASMA,0.8,MLP Regressor,GridSearchCV,0.20127078708456175,0.20058425635153798,477.6415391441154,-145.00598602540126
1585.21029299048,0.015552470652689356,basophils,PLASMA,0.8,MLP Regressor,GridSearchCV,0.20127078708456175,0.20058425635153798,477.6415391441154,-145.00598602540126
1606.42356941736,0.015428932766990448,basophils,PLASMA,0.8,MLP Regressor,GridSearchCV,0.20127078708456175,0.20058425635153798,477.6415391441154,-145.00598602540126
1581.353333640138,0.013484853140591068,basophils,PLASMA,0.8,MLP Regressor,GridSearchCV,0.20127078708456175,0.20058425635153798,477.6415391441154,-145.00598602540126
1660.421000322145,0.01280798332892062,basophils,PLASMA,0.8,MLP Regressor,GridSearchCV,0.20127078708456175,0.20058425635153798,477.6415391441154,-145.00598602540126
1589.067252340822,0.011304556064706112,basophils,PLASMA,0.8,MLP Regressor,GridSearchCV,0.20127078708456175,0.20058425635153798,477.6415391441154,-145.00598602540126
1569.782455589112,0.009231021515540817,basophils,PLASMA,0.8,MLP Regressor,GridSearchCV,0.20127078708456175,0.20058425635153798,477.6415391441154,-145.00598602540126
1400.076244174074,0.00878718671648217,basophils,PLASMA,0.8,MLP Regressor,GridSearchCV,0.20127078708456175,0.20058425635153798,477.6415391441154,-145.00598602540126
2931.289106259768,0.008169877854865126,basophils,PLASMA,0.8,MLP Regressor,GridSearchCV,0.20127078708456175,0.20058425635153798,477.6415391441154,-145.00598602540126
1573.639414939454,0.008060269539523709,basophils,PLASMA,0.8,MLP Regressor,GridSearchCV,0.20127078708456175,0.20058425635153798,477.6415391441154,-145.00598602540126
1608.35204909253,0.00794430025321782,basophils,PLASMA,0.8,MLP Regressor,GridSearchCV,0.20127078708456175,0.20058425635153798,477.6415391441154,-145.00598602540126
1616.065967793214,0.007876669031438,basophils,PLASMA,0.8,MLP Regressor,GridSearchCV,0.20127078708456175,0.20058425635153798,477.6415391441154,-145.00598602540126
1415.504081575441,0.007464943407268894,basophils,PLASMA,0.8,MLP Regressor,GridSearchCV,0.20127078708456175,0.20058425635153798,477.6415391441154,-145.00598602540126
1394.290805148561,0.007340958624114624,basophils,PLASMA,0.8,MLP Regressor,GridSearchCV,0.20127078708456175,0.20058425635153798,477.6415391441154,-145.00598602540126
1614.137488118043,0.007319970097202994,basophils,PLASMA,0.8,MLP Regressor,GridSearchCV,0.20127078708456175,0.20058425635153798,477.6415391441154,-145.00598602540126
2925.503667234255,0.007267729648944588,basophils,PLASMA,0.8,MLP Regressor,GridSearchCV,0.20127078708456175,0.20058425635153798,477.6415391441154,-145.00598602540126
962.3113579102792,0.0058679523683664025,basophils,SALIVA,0.8,MLP Regressor,GridSearchCV,4.608053438785736,3.946912289505466,13552.04404140042,-70513.0287211214
964.23983758545,0.0054107709174720875,basophils,SALIVA,0.8,MLP Regressor,GridSearchCV,4.608053438785736,3.946912289505466,13552.04404140042,-70513.0287211214
960.3828782351084,0.004877640439517908,basophils,SALIVA,0.8,MLP Regressor,GridSearchCV,4.608053438785736,3.946912289505466,13552.04404140042,-70513.0287211214
966.1683172606208,0.0043100598623781105,basophils,SALIVA,0.8,MLP Regressor,GridSearchCV,4.608053438785736,3.946912289505466,13552.04404140042,-70513.0287211214
1014.380309139893,0.004051005336435582,basophils,SALIVA,0.8,MLP Regressor,GridSearchCV,4.608053438785736,3.946912289505466,13552.04404140042,-70513.0287211214
1016.308788815064,0.004044673003161555,basophils,SALIVA,0.8,MLP Regressor,GridSearchCV,4.608053438785736,3.946912289505466,13552.04404140042,-70513.0287211214
958.4543985599371,0.0040156787788633505,basophils,SALIVA,0.8,MLP Regressor,GridSearchCV,4.608053438785736,3.946912289505466,13552.04404140042,-70513.0287211214
1018.237268490235,0.003899537734013321,basophils,SALIVA,0.8,MLP Regressor,GridSearchCV,4.608053438785736,3.946912289505466,13552.04404140042,-70513.0287211214
956.5259188847667,0.003878780281246087,basophils,SALIVA,0.8,MLP Regressor,GridSearchCV,4.608053438785736,3.946912289505466,13552.04404140042,-70513.0287211214
1012.451829464723,0.0038150041613425533,basophils,SALIVA,0.8,MLP Regressor,GridSearchCV,4.608053438785736,3.946912289505466,13552.04404140042,-70513.0287211214
1020.165748165406,0.0036844897595755973,basophils,SALIVA,0.8,MLP Regressor,GridSearchCV,4.608053438785736,3.946912289505466,13552.04404140042,-70513.0287211214
954.5974392095954,0.00358359770144359,basophils,SALIVA,0.8,MLP Regressor,GridSearchCV,4.608053438785736,3.946912289505466,13552.04404140042,-70513.0287211214
1010.523349789552,0.0035686728097603874,basophils,SALIVA,0.8,MLP Regressor,GridSearchCV,4.608053438785736,3.946912289505466,13552.04404140042,-70513.0287211214
968.0967969357921,0.003508969245097905,basophils,SALIVA,0.8,MLP Regressor,GridSearchCV,4.608053438785736,3.946912289505466,13552.04404140042,-70513.0287211214
952.6689595344246,0.0034484679907936773,basophils,SALIVA,0.8,MLP Regressor,GridSearchCV,4.608053438785736,3.946912289505466,13552.04404140042,-70513.0287211214
1022.094227840577,0.0034214246627032657,basophils,SALIVA,0.8,MLP Regressor,GridSearchCV,4.608053438785736,3.946912289505466,13552.04404140042,-70513.0287211214
1008.594870114381,0.0033951741402973305,basophils,SALIVA,0.8,MLP Regressor,GridSearchCV,4.608053438785736,3.946912289505466,13552.04404140042,-70513.0287211214
950.7404798592538,0.0033085528427143794,basophils,SALIVA,0.8,MLP Regressor,GridSearchCV,4.608053438785736,3.946912289505466,13552.04404140042,-70513.0287211214
1024.022707515748,0.0031658110902518027,basophils,SALIVA,0.8,MLP Regressor,GridSearchCV,4.608053438785736,3.946912289505466,13552.04404140042,-70513.0287211214
1241.94091081006,0.0031303628068929845,basophils,SALIVA,0.8,MLP Regressor,GridSearchCV,4.608053438785736,3.946912289505466,13552.04404140042,-70513.0287211214
1664.277959672487,0.0094249196767085,basophils,SALIVA,0.8,MLP Regressor,GridSearchCV,0.3906758794666465,0.30834558823747765,657.223844807594,-505.84330175823504
960.3828782351084,0.008632596766213129,basophils,SALIVA,0.8,MLP Regressor,GridSearchCV,0.3906758794666465,0.30834558823747765,657.223844807594,-505.84330175823504
1330.650975867921,0.008287068422814457,basophils,SALIVA,0.8,MLP Regressor,GridSearchCV,0.3906758794666465,0.30834558823747765,657.223844807594,-505.84330175823504
3023.856130667971,0.007915914405175679,basophils,SALIVA,0.8,MLP Regressor,GridSearchCV,0.3906758794666465,0.30834558823747765,657.223844807594,-505.84330175823504
1590.995732015992,0.006951020675105915,basophils,SALIVA,0.8,MLP Regressor,GridSearchCV,0.3906758794666465,0.30834558823747765,657.223844807594,-505.84330175823504
1666.206439347658,0.006667929471342591,basophils,SALIVA,0.8,MLP Regressor,GridSearchCV,0.3906758794666465,0.30834558823747765,657.223844807594,-505.84330175823504
1500.35718728296,0.006521697947551543,basophils,SALIVA,0.8,MLP Regressor,GridSearchCV,0.3906758794666465,0.30834558823747765,657.223844807594,-505.84330175823504
1230.370032759034,0.005876739725519196,basophils,SALIVA,0.8,MLP Regressor,GridSearchCV,0.3906758794666465,0.30834558823747765,657.223844807594,-505.84330175823504
1369.220569371339,0.005848754906561017,basophils,SALIVA,0.8,MLP Regressor,GridSearchCV,0.3906758794666465,0.30834558823747765,657.223844807594,-505.84330175823504
1654.635561296632,0.00576101804902409,basophils,SALIVA,0.8,MLP Regressor,GridSearchCV,0.3906758794666465,0.30834558823747765,657.223844807594,-505.84330175823504
1411.647122225099,0.005725820486530418,basophils,SALIVA,0.8,MLP Regressor,GridSearchCV,0.3906758794666465,0.30834558823747765,657.223844807594,-505.84330175823504
2541.736211875246,0.005684664542089983,basophils,SALIVA,0.8,MLP Regressor,GridSearchCV,0.3906758794666465,0.30834558823747765,657.223844807594,-505.84330175823504
1309.437699441041,0.0054415179656038416,basophils,SALIVA,0.8,MLP Regressor,GridSearchCV,0.3906758794666465,0.30834558823747765,657.223844807594,-505.84330175823504
1585.21029299048,0.00533884748165011,basophils,SALIVA,0.8,MLP Regressor,GridSearchCV,0.3906758794666465,0.30834558823747765,657.223844807594,-505.84330175823504
1594.852691366334,0.005330975847705409,basophils,SALIVA,0.8,MLP Regressor,GridSearchCV,0.3906758794666465,0.30834558823747765,657.223844807594,-505.84330175823504
1627.63684584424,0.005316044796931404,basophils,SALIVA,0.8,MLP Regressor,GridSearchCV,0.3906758794666465,0.30834558823747765,657.223844807594,-505.84330175823504
1517.713504359498,0.0051453784974203045,basophils,SALIVA,0.8,MLP Regressor,GridSearchCV,0.3906758794666465,0.30834558823747765,657.223844807594,-505.84330175823504
1321.008577492067,0.005131537198573408,basophils,SALIVA,0.8,MLP Regressor,GridSearchCV,0.3906758794666465,0.30834558823747765,657.223844807594,-505.84330175823504
1656.564040971803,0.00507426309116719,basophils,SALIVA,0.8,MLP Regressor,GridSearchCV,0.3906758794666465,0.30834558823747765,657.223844807594,-505.84330175823504
2865.720797303957,0.004857694956348521,basophils,SALIVA,0.8,MLP Regressor,GridSearchCV,0.3906758794666465,0.30834558823747765,657.223844807594,-505.84330175823504
962.3113579102792,0.0058679523683664225,basophils,SALIVA,0.8,MLP Regressor,GridSearchCV,4.608053438785736,3.946912289505468,13552.044041400399,-70513.02872112139
964.23983758545,0.005410770917472105,basophils,SALIVA,0.8,MLP Regressor,GridSearchCV,4.608053438785736,3.946912289505468,13552.044041400399,-70513.02872112139
960.3828782351084,0.004877640439517925,basophils,SALIVA,0.8,MLP Regressor,GridSearchCV,4.608053438785736,3.946912289505468,13552.044041400399,-70513.02872112139
966.1683172606208,0.004310059862378124,basophils,SALIVA,0.8,MLP Regressor,GridSearchCV,4.608053438785736,3.946912289505468,13552.044041400399,-70513.02872112139
1014.380309139893,0.0040510053364355945,basophils,SALIVA,0.8,MLP Regressor,GridSearchCV,4.608053438785736,3.946912289505468,13552.044041400399,-70513.02872112139
1016.308788815064,0.004044673003161566,basophils,SALIVA,0.8,MLP Regressor,GridSearchCV,4.608053438785736,3.946912289505468,13552.044041400399,-70513.02872112139
958.4543985599371,0.004015678778863365,basophils,SALIVA,0.8,MLP Regressor,GridSearchCV,4.608053438785736,3.946912289505468,13552.044041400399,-70513.02872112139
1018.237268490235,0.0038995377340133317,basophils,SALIVA,0.8,MLP Regressor,GridSearchCV,4.608053438785736,3.946912289505468,13552.044041400399,-70513.02872112139
956.5259188847667,0.003878780281246093,basophils,SALIVA,0.8,MLP Regressor,GridSearchCV,4.608053438785736,3.946912289505468,13552.044041400399,-70513.02872112139
1012.451829464723,0.0038150041613425672,basophils,SALIVA,0.8,MLP Regressor,GridSearchCV,4.608053438785736,3.946912289505468,13552.044041400399,-70513.02872112139
1020.165748165406,0.0036844897595756034,basophils,SALIVA,0.8,MLP Regressor,GridSearchCV,4.608053438785736,3.946912289505468,13552.044041400399,-70513.02872112139
954.5974392095954,0.003583597701443589,basophils,SALIVA,0.8,MLP Regressor,GridSearchCV,4.608053438785736,3.946912289505468,13552.044041400399,-70513.02872112139
1010.523349789552,0.003568672809760401,basophils,SALIVA,0.8,MLP Regressor,GridSearchCV,4.608053438785736,3.946912289505468,13552.044041400399,-70513.02872112139
968.0967969357921,0.0035089692450979175,basophils,SALIVA,0.8,MLP Regressor,GridSearchCV,4.608053438785736,3.946912289505468,13552.044041400399,-70513.02872112139
952.6689595344246,0.0034484679907936747,basophils,SALIVA,0.8,MLP Regressor,GridSearchCV,4.608053438785736,3.946912289505468,13552.044041400399,-70513.02872112139
1022.094227840577,0.003421424662703271,basophils,SALIVA,0.8,MLP Regressor,GridSearchCV,4.608053438785736,3.946912289505468,13552.044041400399,-70513.02872112139
1008.594870114381,0.0033951741402973483,basophils,SALIVA,0.8,MLP Regressor,GridSearchCV,4.608053438785736,3.946912289505468,13552.044041400399,-70513.02872112139
950.7404798592538,0.0033085528427143755,basophils,SALIVA,0.8,MLP Regressor,GridSearchCV,4.608053438785736,3.946912289505468,13552.044041400399,-70513.02872112139
1024.022707515748,0.0031658110902518075,basophils,SALIVA,0.8,MLP Regressor,GridSearchCV,4.608053438785736,3.946912289505468,13552.044041400399,-70513.02872112139
1241.94091081006,0.003130362806893009,basophils,SALIVA,0.8,MLP Regressor,GridSearchCV,4.608053438785736,3.946912289505468,13552.044041400399,-70513.02872112139
1031.736626216432,0.01115121885105227,basophils,SALIVA,0.8,MLP Regressor,GridSearchCV,0.018024518474934213,0.01014107183997876,82.52557136038779,-0.07886687061506703
1641.136203570436,0.010963553497239355,basophils,SALIVA,0.8,MLP Regressor,GridSearchCV,0.018024518474934213,0.01014107183997876,82.52557136038779,-0.07886687061506703
1033.665105891602,0.010439623174968557,basophils,SALIVA,0.8,MLP Regressor,GridSearchCV,0.018024518474934213,0.01014107183997876,82.52557136038779,-0.07886687061506703
1644.993162920778,0.009568056373335944,basophils,SALIVA,0.8,MLP Regressor,GridSearchCV,0.018024518474934213,0.01014107183997876,82.52557136038779,-0.07886687061506703
1049.092943292969,0.00938533588820014,basophils,SALIVA,0.8,MLP Regressor,GridSearchCV,0.018024518474934213,0.01014107183997876,82.52557136038779,-0.07886687061506703
1083.805577446046,0.009347043545956741,basophils,SALIVA,0.8,MLP Regressor,GridSearchCV,0.018024518474934213,0.01014107183997876,82.52557136038779,-0.07886687061506703
1623.779886493898,0.009213358909850216,basophils,SALIVA,0.8,MLP Regressor,GridSearchCV,0.018024518474934213,0.01014107183997876,82.52557136038779,-0.07886687061506703
1633.422284869752,0.009123227920512511,basophils,SALIVA,0.8,MLP Regressor,GridSearchCV,0.018024518474934213,0.01014107183997876,82.52557136038779,-0.07886687061506703
1658.492520646974,0.009010977145618642,basophils,SALIVA,0.8,MLP Regressor,GridSearchCV,0.018024518474934213,0.01014107183997876,82.52557136038779,-0.07886687061506703
1621.851406818727,0.008895757827387591,basophils,SALIVA,0.8,MLP Regressor,GridSearchCV,0.018024518474934213,0.01014107183997876,82.52557136038779,-0.07886687061506703
1679.705797073854,0.008572222868729672,basophils,SALIVA,0.8,MLP Regressor,GridSearchCV,0.018024518474934213,0.01014107183997876,82.52557136038779,-0.07886687061506703
1020.165748165406,0.00851193988322899,basophils,SALIVA,0.8,MLP Regressor,GridSearchCV,0.018024518474934213,0.01014107183997876,82.52557136038779,-0.07886687061506703
1639.207723895265,0.00834247013603735,basophils,SALIVA,0.8,MLP Regressor,GridSearchCV,0.018024518474934213,0.01014107183997876,82.52557136038779,-0.07886687061506703
1650.77860194629,0.00833766413390018,basophils,SALIVA,0.8,MLP Regressor,GridSearchCV,0.018024518474934213,0.01014107183997876,82.52557136038779,-0.07886687061506703
1643.064683245607,0.00796623148991033,basophils,SALIVA,0.8,MLP Regressor,GridSearchCV,0.018024518474934213,0.01014107183997876,82.52557136038779,-0.07886687061506703
1614.137488118043,0.00786414953089345,basophils,SALIVA,0.8,MLP Regressor,GridSearchCV,0.018024518474934213,0.01014107183997876,82.52557136038779,-0.07886687061506703
1627.63684584424,0.007773100017188503,basophils,SALIVA,0.8,MLP Regressor,GridSearchCV,0.018024518474934213,0.01014107183997876,82.52557136038779,-0.07886687061506703
1648.85012227112,0.007639275301946477,basophils,SALIVA,0.8,MLP Regressor,GridSearchCV,0.018024518474934213,0.01014107183997876,82.52557136038779,-0.07886687061506703
1629.56532551941,0.0075360684959808,basophils,SALIVA,0.8,MLP Regressor,GridSearchCV,0.018024518474934213,0.01014107183997876,82.52557136038779,-0.07886687061506703
1041.379024592286,0.00749134043655829,basophils,SALIVA,0.8,MLP Regressor,GridSearchCV,0.018024518474934213,0.01014107183997876,82.52557136038779,-0.07886687061506703
1386.576886447877,0.005237768491626245,basophils,SERUM,0.8,MLP Regressor,GridSearchCV,0.3602941452010236,0.2872631711709106,422.74429750535126,-493.05088892915796
1384.648406772706,0.005025106677552278,basophils,SERUM,0.8,MLP Regressor,GridSearchCV,0.3602941452010236,0.2872631711709106,422.74429750535126,-493.05088892915796
1388.505366123048,0.004592828958788512,basophils,SERUM,0.8,MLP Regressor,GridSearchCV,0.3602941452010236,0.2872631711709106,422.74429750535126,-493.05088892915796
1382.719927097535,0.004300343710329184,basophils,SERUM,0.8,MLP Regressor,GridSearchCV,0.3602941452010236,0.2872631711709106,422.74429750535126,-493.05088892915796
1600.638130391847,0.004013807042136794,basophils,SERUM,0.8,MLP Regressor,GridSearchCV,0.3602941452010236,0.2872631711709106,422.74429750535126,-493.05088892915796
1521.57046370984,0.003998971915141935,basophils,SERUM,0.8,MLP Regressor,GridSearchCV,0.3602941452010236,0.2872631711709106,422.74429750535126,-493.05088892915796
1525.427423060182,0.003993018320077722,basophils,SERUM,0.8,MLP Regressor,GridSearchCV,0.3602941452010236,0.2872631711709106,422.74429750535126,-493.05088892915796
1519.641984034669,0.003991197424593343,basophils,SERUM,0.8,MLP Regressor,GridSearchCV,0.3602941452010236,0.2872631711709106,422.74429750535126,-493.05088892915796
1598.709650716676,0.003986849991151417,basophils,SERUM,0.8,MLP Regressor,GridSearchCV,0.3602941452010236,0.2872631711709106,422.74429750535126,-493.05088892915796
1523.498943385011,0.0039824603978528906,basophils,SERUM,0.8,MLP Regressor,GridSearchCV,0.3602941452010236,0.2872631711709106,422.74429750535126,-493.05088892915796
1596.781171041505,0.003945945793317514,basophils,SERUM,0.8,MLP Regressor,GridSearchCV,0.3602941452010236,0.2872631711709106,422.74429750535126,-493.05088892915796
1602.566610067018,0.003909979790532268,basophils,SERUM,0.8,MLP Regressor,GridSearchCV,0.3602941452010236,0.2872631711709106,422.74429750535126,-493.05088892915796
1517.713504359498,0.003894270003708304,basophils,SERUM,0.8,MLP Regressor,GridSearchCV,0.3602941452010236,0.2872631711709106,422.74429750535126,-493.05088892915796
1594.852691366334,0.0038682605417148922,basophils,SERUM,0.8,MLP Regressor,GridSearchCV,0.3602941452010236,0.2872631711709106,422.74429750535126,-493.05088892915796
1527.355902735353,0.00383969378284596,basophils,SERUM,0.8,MLP Regressor,GridSearchCV,0.3602941452010236,0.2872631711709106,422.74429750535126,-493.05088892915796
1515.785024684327,0.0037474649473900096,basophils,SERUM,0.8,MLP Regressor,GridSearchCV,0.3602941452010236,0.2872631711709106,422.74429750535126,-493.05088892915796
1390.433845798219,0.0036573960908456737,basophils,SERUM,0.8,MLP Regressor,GridSearchCV,0.3602941452010236,0.2872631711709106,422.74429750535126,-493.05088892915796
1604.495089742189,0.003649252227373949,basophils,SERUM,0.8,MLP Regressor,GridSearchCV,0.3602941452010236,0.2872631711709106,422.74429750535126,-493.05088892915796
1592.924211691163,0.0036405831887490812,basophils,SERUM,0.8,MLP Regressor,GridSearchCV,0.3602941452010236,0.2872631711709106,422.74429750535126,-493.05088892915796
1380.791447422364,0.0036128219623361895,basophils,SERUM,0.8,MLP Regressor,GridSearchCV,0.3602941452010236,0.2872631711709106,422.74429750535126,-493.05088892915796
1240.012431134889,0.012412391623825392,basophils,SERUM,0.8,MLP Regressor,GridSearchCV,0.1919429438268187,0.15320148027523356,1210.1128102081782,-139.21729280649006
1627.63684584424,0.01066895396219639,basophils,SERUM,0.8,MLP Regressor,GridSearchCV,0.1919429438268187,0.15320148027523356,1210.1128102081782,-139.21729280649006
1519.641984034669,0.008738939863914118,basophils,SERUM,0.8,MLP Regressor,GridSearchCV,0.1919429438268187,0.15320148027523356,1210.1128102081782,-139.21729280649006
1473.358471830568,0.008215290837947559,basophils,SERUM,0.8,MLP Regressor,GridSearchCV,0.1919429438268187,0.15320148027523356,1210.1128102081782,-139.21729280649006
1139.731488026002,0.007768867704772118,basophils,SERUM,0.8,MLP Regressor,GridSearchCV,0.1919429438268187,0.15320148027523356,1210.1128102081782,-139.21729280649006
1099.233414847413,0.007640240521184456,basophils,SERUM,0.8,MLP Regressor,GridSearchCV,0.1919429438268187,0.15320148027523356,1210.1128102081782,-139.21729280649006
1052.949902643312,0.007339214967988002,basophils,SERUM,0.8,MLP Regressor,GridSearchCV,0.1919429438268187,0.15320148027523356,1210.1128102081782,-139.21729280649006
1631.493805194581,0.006099851353623242,basophils,SERUM,0.8,MLP Regressor,GridSearchCV,0.1919429438268187,0.15320148027523356,1210.1128102081782,-139.21729280649006
931.4556831075452,0.0059982194278297915,basophils,SERUM,0.8,MLP Regressor,GridSearchCV,0.1919429438268187,0.15320148027523356,1210.1128102081782,-139.21729280649006
1444.431276703004,0.005758667586193621,basophils,SERUM,0.8,MLP Regressor,GridSearchCV,0.1919429438268187,0.15320148027523356,1210.1128102081782,-139.21729280649006
1062.592301019166,0.0057360021136807805,basophils,SERUM,0.8,MLP Regressor,GridSearchCV,0.1919429438268187,0.15320148027523356,1210.1128102081782,-139.21729280649006
1332.579455543092,0.005426330957981944,basophils,SERUM,0.8,MLP Regressor,GridSearchCV,0.1919429438268187,0.15320148027523356,1210.1128102081782,-139.21729280649006
1643.064683245607,0.005391839473503076,basophils,SERUM,0.8,MLP Regressor,GridSearchCV,0.1919429438268187,0.15320148027523356,1210.1128102081782,-139.21729280649006
1286.29594333899,0.005386856555316055,basophils,SERUM,0.8,MLP Regressor,GridSearchCV,0.1919429438268187,0.15320148027523356,1210.1128102081782,-139.21729280649006
1234.226992109376,0.005269339561932161,basophils,SERUM,0.8,MLP Regressor,GridSearchCV,0.1919429438268187,0.15320148027523356,1210.1128102081782,-139.21729280649006
1315.223138466554,0.005264415619278617,basophils,SERUM,0.8,MLP Regressor,GridSearchCV,0.1919429438268187,0.15320148027523356,1210.1128102081782,-139.21729280649006
995.0955123881845,0.005106560941248686,basophils,SERUM,0.8,MLP Regressor,GridSearchCV,0.1919429438268187,0.15320148027523356,1210.1128102081782,-139.21729280649006
1172.515642503907,0.0050178272166854915,basophils,SERUM,0.8,MLP Regressor,GridSearchCV,0.1919429438268187,0.15320148027523356,1210.1128102081782,-139.21729280649006
2541.736211875246,0.00494345666779532,basophils,SERUM,0.8,MLP Regressor,GridSearchCV,0.1919429438268187,0.15320148027523356,1210.1128102081782,-139.21729280649006
1218.799154708009,0.004814645618899643,basophils,SERUM,0.8,MLP Regressor,GridSearchCV,0.1919429438268187,0.15320148027523356,1210.1128102081782,-139.21729280649006
1386.576886447877,0.005237768491626254,basophils,SERUM,0.8,MLP Regressor,GridSearchCV,0.3602941452010241,0.2872631711709111,422.744297505353,-493.0508889291594
1384.648406772706,0.0050251066775522804,basophils,SERUM,0.8,MLP Regressor,GridSearchCV,0.3602941452010241,0.2872631711709111,422.744297505353,-493.0508889291594
1388.505366123048,0.004592828958788523,basophils,SERUM,0.8,MLP Regressor,GridSearchCV,0.3602941452010241,0.2872631711709111,422.744297505353,-493.0508889291594
1382.719927097535,0.004300343710329188,basophils,SERUM,0.8,MLP Regressor,GridSearchCV,0.3602941452010241,0.2872631711709111,422.744297505353,-493.0508889291594
1600.638130391847,0.004013807042136797,basophils,SERUM,0.8,MLP Regressor,GridSearchCV,0.3602941452010241,0.2872631711709111,422.744297505353,-493.0508889291594
1521.57046370984,0.003998971915141936,basophils,SERUM,0.8,MLP Regressor,GridSearchCV,0.3602941452010241,0.2872631711709111,422.744297505353,-493.0508889291594
1525.427423060182,0.003993018320077724,basophils,SERUM,0.8,MLP Regressor,GridSearchCV,0.3602941452010241,0.2872631711709111,422.744297505353,-493.0508889291594
1519.641984034669,0.003991197424593346,basophils,SERUM,0.8,MLP Regressor,GridSearchCV,0.3602941452010241,0.2872631711709111,422.744297505353,-493.0508889291594
1598.709650716676,0.003986849991151414,basophils,SERUM,0.8,MLP Regressor,GridSearchCV,0.3602941452010241,0.2872631711709111,422.744297505353,-493.0508889291594
1523.498943385011,0.003982460397852892,basophils,SERUM,0.8,MLP Regressor,GridSearchCV,0.3602941452010241,0.2872631711709111,422.744297505353,-493.0508889291594
1596.781171041505,0.003945945793317515,basophils,SERUM,0.8,MLP Regressor,GridSearchCV,0.3602941452010241,0.2872631711709111,422.744297505353,-493.0508889291594
1602.566610067018,0.003909979790532267,basophils,SERUM,0.8,MLP Regressor,GridSearchCV,0.3602941452010241,0.2872631711709111,422.744297505353,-493.0508889291594
1517.713504359498,0.003894270003708307,basophils,SERUM,0.8,MLP Regressor,GridSearchCV,0.3602941452010241,0.2872631711709111,422.744297505353,-493.0508889291594
1594.852691366334,0.003868260541714894,basophils,SERUM,0.8,MLP Regressor,GridSearchCV,0.3602941452010241,0.2872631711709111,422.744297505353,-493.0508889291594
1527.355902735353,0.00383969378284596,basophils,SERUM,0.8,MLP Regressor,GridSearchCV,0.3602941452010241,0.2872631711709111,422.744297505353,-493.0508889291594
1515.785024684327,0.0037474649473900118,basophils,SERUM,0.8,MLP Regressor,GridSearchCV,0.3602941452010241,0.2872631711709111,422.744297505353,-493.0508889291594
1390.433845798219,0.003657396090845682,basophils,SERUM,0.8,MLP Regressor,GridSearchCV,0.3602941452010241,0.2872631711709111,422.744297505353,-493.0508889291594
1604.495089742189,0.00364925222737395,basophils,SERUM,0.8,MLP Regressor,GridSearchCV,0.3602941452010241,0.2872631711709111,422.744297505353,-493.0508889291594
1592.924211691163,0.003640583188749078,basophils,SERUM,0.8,MLP Regressor,GridSearchCV,0.3602941452010241,0.2872631711709111,422.744297505353,-493.0508889291594
1380.791447422364,0.0036128219623361886,basophils,SERUM,0.8,MLP Regressor,GridSearchCV,0.3602941452010241,0.2872631711709111,422.744297505353,-493.0508889291594
2931.289106259768,0.02273143119121537,basophils,SERUM,0.8,MLP Regressor,GridSearchCV,0.016818541560757315,0.010308873637155417,65.14626496867965,-0.07654934436125993
2933.217585934939,0.022209930846248428,basophils,SERUM,0.8,MLP Regressor,GridSearchCV,0.016818541560757315,0.010308873637155417,65.14626496867965,-0.07654934436125993
2952.502382686648,0.02001793957039137,basophils,SERUM,0.8,MLP Regressor,GridSearchCV,0.016818541560757315,0.010308873637155417,65.14626496867965,-0.07654934436125993
2919.718228208742,0.01988788189110885,basophils,SERUM,0.8,MLP Regressor,GridSearchCV,0.016818541560757315,0.010308873637155417,65.14626496867965,-0.07654934436125993
2937.074545285281,0.015809345093253477,basophils,SERUM,0.8,MLP Regressor,GridSearchCV,0.016818541560757315,0.010308873637155417,65.14626496867965,-0.07654934436125993
2946.716943661135,0.014078451073496642,basophils,SERUM,0.8,MLP Regressor,GridSearchCV,0.016818541560757315,0.010308873637155417,65.14626496867965,-0.07654934436125993
2925.503667234255,0.01328928830254334,basophils,SERUM,0.8,MLP Regressor,GridSearchCV,0.016818541560757315,0.010308873637155417,65.14626496867965,-0.07654934436125993
2865.720797303957,0.012884083632428536,basophils,SERUM,0.8,MLP Regressor,GridSearchCV,0.016818541560757315,0.010308873637155417,65.14626496867965,-0.07654934436125993
2906.218870482546,0.012400828655058439,basophils,SERUM,0.8,MLP Regressor,GridSearchCV,0.016818541560757315,0.010308873637155417,65.14626496867965,-0.07654934436125993
2850.29295990259,0.012216693662709081,basophils,SERUM,0.8,MLP Regressor,GridSearchCV,0.016818541560757315,0.010308873637155417,65.14626496867965,-0.07654934436125993
2863.792317628786,0.011813873459303664,basophils,SERUM,0.8,MLP Regressor,GridSearchCV,0.016818541560757315,0.010308873637155417,65.14626496867965,-0.07654934436125993
2875.363195679812,0.011336403356189817,basophils,SERUM,0.8,MLP Regressor,GridSearchCV,0.016818541560757315,0.010308873637155417,65.14626496867965,-0.07654934436125993
2900.433431457033,0.009554351544946939,basophils,SERUM,0.8,MLP Regressor,GridSearchCV,0.016818541560757315,0.010308873637155417,65.14626496867965,-0.07654934436125993
2848.364480227419,0.009442673592772401,basophils,SERUM,0.8,MLP Regressor,GridSearchCV,0.016818541560757315,0.010308873637155417,65.14626496867965,-0.07654934436125993
931.4556831075452,0.009188513733431864,basophils,SERUM,0.8,MLP Regressor,GridSearchCV,0.016818541560757315,0.010308873637155417,65.14626496867965,-0.07654934436125993
2960.216301387331,0.009071782027059692,basophils,SERUM,0.8,MLP Regressor,GridSearchCV,0.016818541560757315,0.010308873637155417,65.14626496867965,-0.07654934436125993
1685.491236099367,0.008760402311500886,basophils,SERUM,0.8,MLP Regressor,GridSearchCV,0.016818541560757315,0.010308873637155417,65.14626496867965,-0.07654934436125993
2964.073260737673,0.008630176645323312,basophils,SERUM,0.8,MLP Regressor,GridSearchCV,0.016818541560757315,0.010308873637155417,65.14626496867965,-0.07654934436125993
2888.862553406008,0.008084777187301734,basophils,SERUM,0.8,MLP Regressor,GridSearchCV,0.016818541560757315,0.010308873637155417,65.14626496867965,-0.07654934436125993
2923.575187559084,0.00790379826567292,basophils,SERUM,0.8,MLP Regressor,GridSearchCV,0.016818541560757315,0.010308873637155417,65.14626496867965,-0.07654934436125993
1025.951187190919,0.004207201871039942,basophils,URINE,0.8,MLP Regressor,GridSearchCV,0.04360621432162741,0.02625182477400076,79.97634234629845,-2.3497240249574074
1027.87966686609,0.004190422382654369,basophils,URINE,0.8,MLP Regressor,GridSearchCV,0.04360621432162741,0.02625182477400076,79.97634234629845,-2.3497240249574074
1024.022707515748,0.004168685317829238,basophils,URINE,0.8,MLP Regressor,GridSearchCV,0.04360621432162741,0.02625182477400076,79.97634234629845,-2.3497240249574074
1029.808146541261,0.004114943987597874,basophils,URINE,0.8,MLP Regressor,GridSearchCV,0.04360621432162741,0.02625182477400076,79.97634234629845,-2.3497240249574074
1022.094227840577,0.004059114778178599,basophils,URINE,0.8,MLP Regressor,GridSearchCV,0.04360621432162741,0.02625182477400076,79.97634234629845,-2.3497240249574074
1031.736626216432,0.003961097899959394,basophils,URINE,0.8,MLP Regressor,GridSearchCV,0.04360621432162741,0.02625182477400076,79.97634234629845,-2.3497240249574074
956.5259188847667,0.003950945899991909,basophils,URINE,0.8,MLP Regressor,GridSearchCV,0.04360621432162741,0.02625182477400076,79.97634234629845,-2.3497240249574074
1020.165748165406,0.003936924829417211,basophils,URINE,0.8,MLP Regressor,GridSearchCV,0.04360621432162741,0.02625182477400076,79.97634234629845,-2.3497240249574074
958.4543985599371,0.003935243160085442,basophils,URINE,0.8,MLP Regressor,GridSearchCV,0.04360621432162741,0.02625182477400076,79.97634234629845,-2.3497240249574074
929.5272034323739,0.003825140889862986,basophils,URINE,0.8,MLP Regressor,GridSearchCV,0.04360621432162741,0.02625182477400076,79.97634234629845,-2.3497240249574074
1018.237268490235,0.003811682875422281,basophils,URINE,0.8,MLP Regressor,GridSearchCV,0.04360621432162741,0.02625182477400076,79.97634234629845,-2.3497240249574074
960.3828782351084,0.0037982578392643375,basophils,URINE,0.8,MLP Regressor,GridSearchCV,0.04360621432162741,0.02625182477400076,79.97634234629845,-2.3497240249574074
954.5974392095954,0.0037754278000040153,basophils,URINE,0.8,MLP Regressor,GridSearchCV,0.04360621432162741,0.02625182477400076,79.97634234629845,-2.3497240249574074
1033.665105891602,0.00375624536156371,basophils,URINE,0.8,MLP Regressor,GridSearchCV,0.04360621432162741,0.02625182477400076,79.97634234629845,-2.3497240249574074
964.23983758545,0.003747989556353069,basophils,URINE,0.8,MLP Regressor,GridSearchCV,0.04360621432162741,0.02625182477400076,79.97634234629845,-2.3497240249574074
962.3113579102792,0.003742961613696095,basophils,URINE,0.8,MLP Regressor,GridSearchCV,0.04360621432162741,0.02625182477400076,79.97634234629845,-2.3497240249574074
966.1683172606208,0.0037108185179178695,basophils,URINE,0.8,MLP Regressor,GridSearchCV,0.04360621432162741,0.02625182477400076,79.97634234629845,-2.3497240249574074
1016.308788815064,0.003684489009382571,basophils,URINE,0.8,MLP Regressor,GridSearchCV,0.04360621432162741,0.02625182477400076,79.97634234629845,-2.3497240249574074
968.0967969357921,0.003654861728533409,basophils,URINE,0.8,MLP Regressor,GridSearchCV,0.04360621432162741,0.02625182477400076,79.97634234629845,-2.3497240249574074
1014.380309139893,0.00360510246641442,basophils,URINE,0.8,MLP Regressor,GridSearchCV,0.04360621432162741,0.02625182477400076,79.97634234629845,-2.3497240249574074
1411.647122225099,0.013123960373952942,basophils,URINE,0.8,MLP Regressor,GridSearchCV,0.24373620914356675,0.20229291239064726,491.33114400866395,-103.65316390294603
2653.588033035158,0.009897254909717294,basophils,URINE,0.8,MLP Regressor,GridSearchCV,0.24373620914356675,0.20229291239064726,491.33114400866395,-103.65316390294603
2541.736211875246,0.007444292801312687,basophils,URINE,0.8,MLP Regressor,GridSearchCV,0.24373620914356675,0.20229291239064726,491.33114400866395,-103.65316390294603
1290.152902689332,0.007199947090876649,basophils,URINE,0.8,MLP Regressor,GridSearchCV,0.24373620914356675,0.20229291239064726,491.33114400866395,-103.65316390294603
931.4556831075452,0.007176881748726118,basophils,URINE,0.8,MLP Regressor,GridSearchCV,0.24373620914356675,0.20229291239064726,491.33114400866395,-103.65316390294603
1664.277959672487,0.007001932677444754,basophils,URINE,0.8,MLP Regressor,GridSearchCV,0.24373620914356675,0.20229291239064726,491.33114400866395,-103.65316390294603
3043.14092741968,0.006684824027281207,basophils,URINE,0.8,MLP Regressor,GridSearchCV,0.24373620914356675,0.20229291239064726,491.33114400866395,-103.65316390294603
2655.516512710329,0.0063316423344299735,basophils,URINE,0.8,MLP Regressor,GridSearchCV,0.24373620914356675,0.20229291239064726,491.33114400866395,-103.65316390294603
1517.713504359498,0.0059238179804911835,basophils,URINE,0.8,MLP Regressor,GridSearchCV,0.24373620914356675,0.20229291239064726,491.33114400866395,-103.65316390294603
1407.790162874757,0.005733888536592762,basophils,URINE,0.8,MLP Regressor,GridSearchCV,0.24373620914356675,0.20229291239064726,491.33114400866395,-103.65316390294603
2865.720797303957,0.005691881861479655,basophils,URINE,0.8,MLP Regressor,GridSearchCV,0.24373620914356675,0.20229291239064726,491.33114400866395,-103.65316390294603
1230.370032759034,0.005581786734535513,basophils,URINE,0.8,MLP Regressor,GridSearchCV,0.24373620914356675,0.20229291239064726,491.33114400866395,-103.65316390294603
1590.995732015992,0.005499986922124012,basophils,URINE,0.8,MLP Regressor,GridSearchCV,0.24373620914356675,0.20229291239064726,491.33114400866395,-103.65316390294603
2805.937927373659,0.005423643480140269,basophils,URINE,0.8,MLP Regressor,GridSearchCV,0.24373620914356675,0.20229291239064726,491.33114400866395,-103.65316390294603
1523.498943385011,0.005423074668340919,basophils,URINE,0.8,MLP Regressor,GridSearchCV,0.24373620914356675,0.20229291239064726,491.33114400866395,-103.65316390294603
1828.198732062013,0.005398771121046067,basophils,URINE,0.8,MLP Regressor,GridSearchCV,0.24373620914356675,0.20229291239064726,491.33114400866395,-103.65316390294603
1685.491236099367,0.005326910848321917,basophils,URINE,0.8,MLP Regressor,GridSearchCV,0.24373620914356675,0.20229291239064726,491.33114400866395,-103.65316390294603
2888.862553406008,0.0052944246357459705,basophils,URINE,0.8,MLP Regressor,GridSearchCV,0.24373620914356675,0.20229291239064726,491.33114400866395,-103.65316390294603
1666.206439347658,0.004995300390396511,basophils,URINE,0.8,MLP Regressor,GridSearchCV,0.24373620914356675,0.20229291239064726,491.33114400866395,-103.65316390294603
1596.781171041505,0.00489779387280885,basophils,URINE,0.8,MLP Regressor,GridSearchCV,0.24373620914356675,0.20229291239064726,491.33114400866395,-103.65316390294603
1025.951187190919,0.0042072018710399405,basophils,URINE,0.8,MLP Regressor,GridSearchCV,0.043606214321627555,0.02625182477400073,79.97634234629834,-2.3497240249574305
1027.87966686609,0.004190422382654369,basophils,URINE,0.8,MLP Regressor,GridSearchCV,0.043606214321627555,0.02625182477400073,79.97634234629834,-2.3497240249574305
1024.022707515748,0.004168685317829237,basophils,URINE,0.8,MLP Regressor,GridSearchCV,0.043606214321627555,0.02625182477400073,79.97634234629834,-2.3497240249574305
1029.808146541261,0.004114943987597872,basophils,URINE,0.8,MLP Regressor,GridSearchCV,0.043606214321627555,0.02625182477400073,79.97634234629834,-2.3497240249574305
1022.094227840577,0.0040591147781786,basophils,URINE,0.8,MLP Regressor,GridSearchCV,0.043606214321627555,0.02625182477400073,79.97634234629834,-2.3497240249574305
1031.736626216432,0.00396109789995939,basophils,URINE,0.8,MLP Regressor,GridSearchCV,0.043606214321627555,0.02625182477400073,79.97634234629834,-2.3497240249574305
956.5259188847667,0.003950945899991881,basophils,URINE,0.8,MLP Regressor,GridSearchCV,0.043606214321627555,0.02625182477400073,79.97634234629834,-2.3497240249574305
1020.165748165406,0.003936924829417211,basophils,URINE,0.8,MLP Regressor,GridSearchCV,0.043606214321627555,0.02625182477400073,79.97634234629834,-2.3497240249574305
958.4543985599371,0.003935243160085419,basophils,URINE,0.8,MLP Regressor,GridSearchCV,0.043606214321627555,0.02625182477400073,79.97634234629834,-2.3497240249574305
929.5272034323739,0.00382514088986295,basophils,URINE,0.8,MLP Regressor,GridSearchCV,0.043606214321627555,0.02625182477400073,79.97634234629834,-2.3497240249574305
1018.237268490235,0.0038116828754222805,basophils,URINE,0.8,MLP Regressor,GridSearchCV,0.043606214321627555,0.02625182477400073,79.97634234629834,-2.3497240249574305
960.3828782351084,0.0037982578392643193,basophils,URINE,0.8,MLP Regressor,GridSearchCV,0.043606214321627555,0.02625182477400073,79.97634234629834,-2.3497240249574305
954.5974392095954,0.00377542780000398,basophils,URINE,0.8,MLP Regressor,GridSearchCV,0.043606214321627555,0.02625182477400073,79.97634234629834,-2.3497240249574305
1033.665105891602,0.003756245361563706,basophils,URINE,0.8,MLP Regressor,GridSearchCV,0.043606214321627555,0.02625182477400073,79.97634234629834,-2.3497240249574305
964.23983758545,0.003747989556353059,basophils,URINE,0.8,MLP Regressor,GridSearchCV,0.043606214321627555,0.02625182477400073,79.97634234629834,-2.3497240249574305
962.3113579102792,0.003742961613696082,basophils,URINE,0.8,MLP Regressor,GridSearchCV,0.043606214321627555,0.02625182477400073,79.97634234629834,-2.3497240249574305
966.1683172606208,0.003710818517917863,basophils,URINE,0.8,MLP Regressor,GridSearchCV,0.043606214321627555,0.02625182477400073,79.97634234629834,-2.3497240249574305
1016.308788815064,0.0036844890093825724,basophils,URINE,0.8,MLP Regressor,GridSearchCV,0.043606214321627555,0.02625182477400073,79.97634234629834,-2.3497240249574305
968.0967969357921,0.0036548617285334034,basophils,URINE,0.8,MLP Regressor,GridSearchCV,0.043606214321627555,0.02625182477400073,79.97634234629834,-2.3497240249574305
1014.380309139893,0.003605102466414424,basophils,URINE,0.8,MLP Regressor,GridSearchCV,0.043606214321627555,0.02625182477400073,79.97634234629834,-2.3497240249574305
1085.734057121217,0.016852134439629404,basophils,URINE,0.8,MLP Regressor,GridSearchCV,0.025542311545489405,0.02086276894361717,65.11150876856011,-0.14929800732145737
1076.091658745362,0.01270824706283688,basophils,URINE,0.8,MLP Regressor,GridSearchCV,0.025542311545489405,0.02086276894361717,65.11150876856011,-0.14929800732145737
1417.432561250612,0.01119316791409039,basophils,URINE,0.8,MLP Regressor,GridSearchCV,0.025542311545489405,0.02086276894361717,65.11150876856011,-0.14929800732145737
1450.216715728517,0.010675285578805302,basophils,URINE,0.8,MLP Regressor,GridSearchCV,0.025542311545489405,0.02086276894361717,65.11150876856011,-0.14929800732145737
1473.358471830568,0.010151832861673307,basophils,URINE,0.8,MLP Regressor,GridSearchCV,0.025542311545489405,0.02086276894361717,65.11150876856011,-0.14929800732145737
1430.931918976808,0.00895842697071294,basophils,URINE,0.8,MLP Regressor,GridSearchCV,0.025542311545489405,0.02086276894361717,65.11150876856011,-0.14929800732145737
1438.645837677491,0.00892703640056523,basophils,URINE,0.8,MLP Regressor,GridSearchCV,0.025542311545489405,0.02086276894361717,65.11150876856011,-0.14929800732145737
1022.094227840577,0.008553729702532632,basophils,URINE,0.8,MLP Regressor,GridSearchCV,0.025542311545489405,0.02086276894361717,65.11150876856011,-0.14929800732145737
1496.500227932618,0.00796523353201344,basophils,URINE,0.8,MLP Regressor,GridSearchCV,0.025542311545489405,0.02086276894361717,65.11150876856011,-0.14929800732145737
1423.218000276124,0.007815948925564994,basophils,URINE,0.8,MLP Regressor,GridSearchCV,0.025542311545489405,0.02086276894361717,65.11150876856011,-0.14929800732145737
1442.502797027833,0.00765429108096593,basophils,URINE,0.8,MLP Regressor,GridSearchCV,0.025542311545489405,0.02086276894361717,65.11150876856011,-0.14929800732145737
1170.587162828736,0.007512905580891365,basophils,URINE,0.8,MLP Regressor,GridSearchCV,0.025542311545489405,0.02086276894361717,65.11150876856011,-0.14929800732145737
1099.233414847413,0.007473378717233379,basophils,URINE,0.8,MLP Regressor,GridSearchCV,0.025542311545489405,0.02086276894361717,65.11150876856011,-0.14929800732145737
1463.716073454713,0.0071862053166863605,basophils,URINE,0.8,MLP Regressor,GridSearchCV,0.025542311545489405,0.02086276894361717,65.11150876856011,-0.14929800732145737
1444.431276703004,0.006914769477858182,basophils,URINE,0.8,MLP Regressor,GridSearchCV,0.025542311545489405,0.02086276894361717,65.11150876856011,-0.14929800732145737
1500.35718728296,0.00688479760270468,basophils,URINE,0.8,MLP Regressor,GridSearchCV,0.025542311545489405,0.02086276894361717,65.11150876856011,-0.14929800732145737
1581.353333640138,0.006838290498701704,basophils,URINE,0.8,MLP Regressor,GridSearchCV,0.025542311545489405,0.02086276894361717,65.11150876856011,-0.14929800732145737
1081.877097770875,0.006700188370581159,basophils,URINE,0.8,MLP Regressor,GridSearchCV,0.025542311545489405,0.02086276894361717,65.11150876856011,-0.14929800732145737
1446.359756378175,0.006547618283808963,basophils,URINE,0.8,MLP Regressor,GridSearchCV,0.025542311545489405,0.02086276894361717,65.11150876856011,-0.14929800732145737
1429.003439301637,0.006403674528364636,basophils,URINE,0.8,MLP Regressor,GridSearchCV,0.025542311545489405,0.02086276894361717,65.11150876856011,-0.14929800732145737
1602.566610067018,0.01824091080878701,basophils,CAPILAR,0.8,Random Forest Regressor,GridSearchCV,0.02372622806150012,0.007358552631578948,86.65625,-0.05788202596304037
1641.136203570436,0.014565418694598374,basophils,CAPILAR,0.8,Random Forest Regressor,GridSearchCV,0.02372622806150012,0.007358552631578948,86.65625,-0.05788202596304037
1639.207723895265,0.01220993562108581,basophils,CAPILAR,0.8,Random Forest Regressor,GridSearchCV,0.02372622806150012,0.007358552631578948,86.65625,-0.05788202596304037
1643.064683245607,0.011858828632249177,basophils,CAPILAR,0.8,Random Forest Regressor,GridSearchCV,0.02372622806150012,0.007358552631578948,86.65625,-0.05788202596304037
1604.495089742189,0.011494913411858428,basophils,CAPILAR,0.8,Random Forest Regressor,GridSearchCV,0.02372622806150012,0.007358552631578948,86.65625,-0.05788202596304037
1600.638130391847,0.010165008910907205,basophils,CAPILAR,0.8,Random Forest Regressor,GridSearchCV,0.02372622806150012,0.007358552631578948,86.65625,-0.05788202596304037
1637.279244220094,0.009265665114405722,basophils,CAPILAR,0.8,Random Forest Regressor,GridSearchCV,0.02372622806150012,0.007358552631578948,86.65625,-0.05788202596304037
3048.926366445193,0.008939673099935755,basophils,CAPILAR,0.8,Random Forest Regressor,GridSearchCV,0.02372622806150012,0.007358552631578948,86.65625,-0.05788202596304037
1606.42356941736,0.007544669684063292,basophils,CAPILAR,0.8,Random Forest Regressor,GridSearchCV,0.02372622806150012,0.007358552631578948,86.65625,-0.05788202596304037
1635.350764544923,0.007467419408773726,basophils,CAPILAR,0.8,Random Forest Regressor,GridSearchCV,0.02372622806150012,0.007358552631578948,86.65625,-0.05788202596304037
1644.993162920778,0.006328765088056192,basophils,CAPILAR,0.8,Random Forest Regressor,GridSearchCV,0.02372622806150012,0.007358552631578948,86.65625,-0.05788202596304037
1633.422284869752,0.006325530393948811,basophils,CAPILAR,0.8,Random Forest Regressor,GridSearchCV,0.02372622806150012,0.007358552631578948,86.65625,-0.05788202596304037
1608.35204909253,0.005777384484152558,basophils,CAPILAR,0.8,Random Forest Regressor,GridSearchCV,0.02372622806150012,0.007358552631578948,86.65625,-0.05788202596304037
1631.493805194581,0.005697128169570905,basophils,CAPILAR,0.8,Random Forest Regressor,GridSearchCV,0.02372622806150012,0.007358552631578948,86.65625,-0.05788202596304037
1598.709650716676,0.005362370914380945,basophils,CAPILAR,0.8,Random Forest Regressor,GridSearchCV,0.02372622806150012,0.007358552631578948,86.65625,-0.05788202596304037
1629.56532551941,0.00513703041966164,basophils,CAPILAR,0.8,Random Forest Regressor,GridSearchCV,0.02372622806150012,0.007358552631578948,86.65625,-0.05788202596304037
1610.280528767702,0.004830141587164905,basophils,CAPILAR,0.8,Random Forest Regressor,GridSearchCV,0.02372622806150012,0.007358552631578948,86.65625,-0.05788202596304037
1627.63684584424,0.004353324675134818,basophils,CAPILAR,0.8,Random Forest Regressor,GridSearchCV,0.02372622806150012,0.007358552631578948,86.65625,-0.05788202596304037
3046.997886770022,0.004307771938467937,basophils,CAPILAR,0.8,Random Forest Regressor,GridSearchCV,0.02372622806150012,0.007358552631578948,86.65625,-0.05788202596304037
1170.587162828736,0.004268527451427153,basophils,CAPILAR,0.8,Random Forest Regressor,GridSearchCV,0.02372622806150012,0.007358552631578948,86.65625,-0.05788202596304037
2937.074545285281,0.014206813335324055,basophils,CAPILAR,0.8,Random Forest Regressor,GridSearchCV,0.023174541172429532,0.006588815789473683,69.859375,-0.009257826327433882
1378.862967747194,0.013973627904662379,basophils,CAPILAR,0.8,Random Forest Regressor,GridSearchCV,0.023174541172429532,0.006588815789473683,69.859375,-0.009257826327433882
1741.417146679323,0.013271439131208035,basophils,CAPILAR,0.8,Random Forest Regressor,GridSearchCV,0.023174541172429532,0.006588815789473683,69.859375,-0.009257826327433882
2931.289106259768,0.012617598111886574,basophils,CAPILAR,0.8,Random Forest Regressor,GridSearchCV,0.023174541172429532,0.006588815789473683,69.859375,-0.009257826327433882
1749.131065380006,0.012412403724088349,basophils,CAPILAR,0.8,Random Forest Regressor,GridSearchCV,0.023174541172429532,0.006588815789473683,69.859375,-0.009257826327433882
1367.292089696168,0.012056033847863013,basophils,CAPILAR,0.8,Random Forest Regressor,GridSearchCV,0.023174541172429532,0.006588815789473683,69.859375,-0.009257826327433882
1724.060829602785,0.0112594353530886,basophils,CAPILAR,0.8,Random Forest Regressor,GridSearchCV,0.023174541172429532,0.006588815789473683,69.859375,-0.009257826327433882
1371.14904904651,0.010385590580673475,basophils,CAPILAR,0.8,Random Forest Regressor,GridSearchCV,0.023174541172429532,0.006588815789473683,69.859375,-0.009257826327433882
1334.507935218263,0.010371562937455933,basophils,CAPILAR,0.8,Random Forest Regressor,GridSearchCV,0.023174541172429532,0.006588815789473683,69.859375,-0.009257826327433882
1735.63170765381,0.010074538488331591,basophils,CAPILAR,0.8,Random Forest Regressor,GridSearchCV,0.023174541172429532,0.006588815789473683,69.859375,-0.009257826327433882
2919.718228208742,0.009897959183673467,basophils,CAPILAR,0.8,Random Forest Regressor,GridSearchCV,0.023174541172429532,0.006588815789473683,69.859375,-0.009257826327433882
1675.848837723512,0.009881764677817307,basophils,CAPILAR,0.8,Random Forest Regressor,GridSearchCV,0.023174541172429532,0.006588815789473683,69.859375,-0.009257826327433882
1355.721211645143,0.009507387925506384,basophils,CAPILAR,0.8,Random Forest Regressor,GridSearchCV,0.023174541172429532,0.006588815789473683,69.859375,-0.009257826327433882
1344.150333594117,0.009362011210772982,basophils,CAPILAR,0.8,Random Forest Regressor,GridSearchCV,0.023174541172429532,0.006588815789473683,69.859375,-0.009257826327433882
1348.007292944459,0.009283192870958829,basophils,CAPILAR,0.8,Random Forest Regressor,GridSearchCV,0.023174541172429532,0.006588815789473683,69.859375,-0.009257826327433882
1704.776032851076,0.009244394534493371,basophils,CAPILAR,0.8,Random Forest Regressor,GridSearchCV,0.023174541172429532,0.006588815789473683,69.859375,-0.009257826327433882
1349.93577261963,0.0091612044140346,basophils,CAPILAR,0.8,Random Forest Regressor,GridSearchCV,0.023174541172429532,0.006588815789473683,69.859375,-0.009257826327433882
1698.990593825563,0.00913173888173888,basophils,CAPILAR,0.8,Random Forest Regressor,GridSearchCV,0.023174541172429532,0.006588815789473683,69.859375,-0.009257826327433882
1747.202585704835,0.008911494850315598,basophils,CAPILAR,0.8,Random Forest Regressor,GridSearchCV,0.023174541172429532,0.006588815789473683,69.859375,-0.009257826327433882
1733.703227978639,0.00887128022244376,basophils,CAPILAR,0.8,Random Forest Regressor,GridSearchCV,0.023174541172429532,0.006588815789473683,69.859375,-0.009257826327433882
1602.566610067018,0.018240910808787005,basophils,CAPILAR,0.8,Random Forest Regressor,GridSearchCV,0.02372622806150012,0.007358552631578948,86.65625,-0.05788202596304037
1641.136203570436,0.014565418694598372,basophils,CAPILAR,0.8,Random Forest Regressor,GridSearchCV,0.02372622806150012,0.007358552631578948,86.65625,-0.05788202596304037
1639.207723895265,0.012209935621085808,basophils,CAPILAR,0.8,Random Forest Regressor,GridSearchCV,0.02372622806150012,0.007358552631578948,86.65625,-0.05788202596304037
1643.064683245607,0.011858828632249173,basophils,CAPILAR,0.8,Random Forest Regressor,GridSearchCV,0.02372622806150012,0.007358552631578948,86.65625,-0.05788202596304037
1604.495089742189,0.011494913411858423,basophils,CAPILAR,0.8,Random Forest Regressor,GridSearchCV,0.02372622806150012,0.007358552631578948,86.65625,-0.05788202596304037
1600.638130391847,0.010165008910907205,basophils,CAPILAR,0.8,Random Forest Regressor,GridSearchCV,0.02372622806150012,0.007358552631578948,86.65625,-0.05788202596304037
1637.279244220094,0.00926566511440572,basophils,CAPILAR,0.8,Random Forest Regressor,GridSearchCV,0.02372622806150012,0.007358552631578948,86.65625,-0.05788202596304037
3048.926366445193,0.00893967309993575,basophils,CAPILAR,0.8,Random Forest Regressor,GridSearchCV,0.02372622806150012,0.007358552631578948,86.65625,-0.05788202596304037
1606.42356941736,0.007544669684063291,basophils,CAPILAR,0.8,Random Forest Regressor,GridSearchCV,0.02372622806150012,0.007358552631578948,86.65625,-0.05788202596304037
1635.350764544923,0.007467419408773725,basophils,CAPILAR,0.8,Random Forest Regressor,GridSearchCV,0.02372622806150012,0.007358552631578948,86.65625,-0.05788202596304037
1644.993162920778,0.006328765088056189,basophils,CAPILAR,0.8,Random Forest Regressor,GridSearchCV,0.02372622806150012,0.007358552631578948,86.65625,-0.05788202596304037
1633.422284869752,0.006325530393948813,basophils,CAPILAR,0.8,Random Forest Regressor,GridSearchCV,0.02372622806150012,0.007358552631578948,86.65625,-0.05788202596304037
1608.35204909253,0.0057773844841525574,basophils,CAPILAR,0.8,Random Forest Regressor,GridSearchCV,0.02372622806150012,0.007358552631578948,86.65625,-0.05788202596304037
1631.493805194581,0.005697128169570903,basophils,CAPILAR,0.8,Random Forest Regressor,GridSearchCV,0.02372622806150012,0.007358552631578948,86.65625,-0.05788202596304037
1598.709650716676,0.005362370914380945,basophils,CAPILAR,0.8,Random Forest Regressor,GridSearchCV,0.02372622806150012,0.007358552631578948,86.65625,-0.05788202596304037
1629.56532551941,0.00513703041966164,basophils,CAPILAR,0.8,Random Forest Regressor,GridSearchCV,0.02372622806150012,0.007358552631578948,86.65625,-0.05788202596304037
1610.280528767702,0.004830141587164904,basophils,CAPILAR,0.8,Random Forest Regressor,GridSearchCV,0.02372622806150012,0.007358552631578948,86.65625,-0.05788202596304037
1627.63684584424,0.0043533246751348165,basophils,CAPILAR,0.8,Random Forest Regressor,GridSearchCV,0.02372622806150012,0.007358552631578948,86.65625,-0.05788202596304037
3046.997886770022,0.004307771938467934,basophils,CAPILAR,0.8,Random Forest Regressor,GridSearchCV,0.02372622806150012,0.007358552631578948,86.65625,-0.05788202596304037
1170.587162828736,0.004268527451427153,basophils,CAPILAR,0.8,Random Forest Regressor,GridSearchCV,0.02372622806150012,0.007358552631578948,86.65625,-0.05788202596304037
2937.074545285281,0.014206813335324055,basophils,CAPILAR,0.8,Random Forest Regressor,GridSearchCV,0.023174541172429532,0.006588815789473683,69.859375,-0.009257826327433882
1378.862967747194,0.013973627904662379,basophils,CAPILAR,0.8,Random Forest Regressor,GridSearchCV,0.023174541172429532,0.006588815789473683,69.859375,-0.009257826327433882
1741.417146679323,0.013271439131208035,basophils,CAPILAR,0.8,Random Forest Regressor,GridSearchCV,0.023174541172429532,0.006588815789473683,69.859375,-0.009257826327433882
2931.289106259768,0.012617598111886574,basophils,CAPILAR,0.8,Random Forest Regressor,GridSearchCV,0.023174541172429532,0.006588815789473683,69.859375,-0.009257826327433882
1749.131065380006,0.012412403724088349,basophils,CAPILAR,0.8,Random Forest Regressor,GridSearchCV,0.023174541172429532,0.006588815789473683,69.859375,-0.009257826327433882
1367.292089696168,0.012056033847863013,basophils,CAPILAR,0.8,Random Forest Regressor,GridSearchCV,0.023174541172429532,0.006588815789473683,69.859375,-0.009257826327433882
1724.060829602785,0.0112594353530886,basophils,CAPILAR,0.8,Random Forest Regressor,GridSearchCV,0.023174541172429532,0.006588815789473683,69.859375,-0.009257826327433882
1371.14904904651,0.010385590580673475,basophils,CAPILAR,0.8,Random Forest Regressor,GridSearchCV,0.023174541172429532,0.006588815789473683,69.859375,-0.009257826327433882
1334.507935218263,0.010371562937455933,basophils,CAPILAR,0.8,Random Forest Regressor,GridSearchCV,0.023174541172429532,0.006588815789473683,69.859375,-0.009257826327433882
1735.63170765381,0.010074538488331591,basophils,CAPILAR,0.8,Random Forest Regressor,GridSearchCV,0.023174541172429532,0.006588815789473683,69.859375,-0.009257826327433882
2919.718228208742,0.009897959183673467,basophils,CAPILAR,0.8,Random Forest Regressor,GridSearchCV,0.023174541172429532,0.006588815789473683,69.859375,-0.009257826327433882
1675.848837723512,0.009881764677817307,basophils,CAPILAR,0.8,Random Forest Regressor,GridSearchCV,0.023174541172429532,0.006588815789473683,69.859375,-0.009257826327433882
1355.721211645143,0.009507387925506384,basophils,CAPILAR,0.8,Random Forest Regressor,GridSearchCV,0.023174541172429532,0.006588815789473683,69.859375,-0.009257826327433882
1344.150333594117,0.009362011210772982,basophils,CAPILAR,0.8,Random Forest Regressor,GridSearchCV,0.023174541172429532,0.006588815789473683,69.859375,-0.009257826327433882
1348.007292944459,0.009283192870958829,basophils,CAPILAR,0.8,Random Forest Regressor,GridSearchCV,0.023174541172429532,0.006588815789473683,69.859375,-0.009257826327433882
1704.776032851076,0.009244394534493371,basophils,CAPILAR,0.8,Random Forest Regressor,GridSearchCV,0.023174541172429532,0.006588815789473683,69.859375,-0.009257826327433882
1349.93577261963,0.0091612044140346,basophils,CAPILAR,0.8,Random Forest Regressor,GridSearchCV,0.023174541172429532,0.006588815789473683,69.859375,-0.009257826327433882
1698.990593825563,0.00913173888173888,basophils,CAPILAR,0.8,Random Forest Regressor,GridSearchCV,0.023174541172429532,0.006588815789473683,69.859375,-0.009257826327433882
1747.202585704835,0.008911494850315598,basophils,CAPILAR,0.8,Random Forest Regressor,GridSearchCV,0.023174541172429532,0.006588815789473683,69.859375,-0.009257826327433882
1733.703227978639,0.00887128022244376,basophils,CAPILAR,0.8,Random Forest Regressor,GridSearchCV,0.023174541172429532,0.006588815789473683,69.859375,-0.009257826327433882
1116.589731923951,0.0059314139404895595,basophils,PLASMA,0.8,Random Forest Regressor,GridSearchCV,0.019221756283808875,0.009142682926829265,85.50833333333333,-0.3316659787735836
1114.66125224878,0.005888162077928853,basophils,PLASMA,0.8,Random Forest Regressor,GridSearchCV,0.019221756283808875,0.009142682926829265,85.50833333333333,-0.3316659787735836
1118.518211599122,0.005820908438810238,basophils,PLASMA,0.8,Random Forest Regressor,GridSearchCV,0.019221756283808875,0.009142682926829265,85.50833333333333,-0.3316659787735836
1112.732772573609,0.00567097104596687,basophils,PLASMA,0.8,Random Forest Regressor,GridSearchCV,0.019221756283808875,0.009142682926829265,85.50833333333333,-0.3316659787735836
1120.446691274293,0.005559698006225076,basophils,PLASMA,0.8,Random Forest Regressor,GridSearchCV,0.019221756283808875,0.009142682926829265,85.50833333333333,-0.3316659787735836
1122.375170949464,0.005262972225593912,basophils,PLASMA,0.8,Random Forest Regressor,GridSearchCV,0.019221756283808875,0.009142682926829265,85.50833333333333,-0.3316659787735836
1110.804292898438,0.005159724998386715,basophils,PLASMA,0.8,Random Forest Regressor,GridSearchCV,0.019221756283808875,0.009142682926829265,85.50833333333333,-0.3316659787735836
1124.303650624635,0.004987234763690252,basophils,PLASMA,0.8,Random Forest Regressor,GridSearchCV,0.019221756283808875,0.009142682926829265,85.50833333333333,-0.3316659787735836
1076.091658745362,0.004873995748357295,basophils,PLASMA,0.8,Random Forest Regressor,GridSearchCV,0.019221756283808875,0.009142682926829265,85.50833333333333,-0.3316659787735836
1074.163179070191,0.004866586355784564,basophils,PLASMA,0.8,Random Forest Regressor,GridSearchCV,0.019221756283808875,0.009142682926829265,85.50833333333333,-0.3316659787735836
1041.379024592286,0.004853738903801782,basophils,PLASMA,0.8,Random Forest Regressor,GridSearchCV,0.019221756283808875,0.009142682926829265,85.50833333333333,-0.3316659787735836
1039.450544917115,0.004813126561717544,basophils,PLASMA,0.8,Random Forest Regressor,GridSearchCV,0.019221756283808875,0.009142682926829265,85.50833333333333,-0.3316659787735836
1072.23469939502,0.004776860933907787,basophils,PLASMA,0.8,Random Forest Regressor,GridSearchCV,0.019221756283808875,0.009142682926829265,85.50833333333333,-0.3316659787735836
1126.232130299806,0.004754448949138301,basophils,PLASMA,0.8,Random Forest Regressor,GridSearchCV,0.019221756283808875,0.009142682926829265,85.50833333333333,-0.3316659787735836
1078.020138420533,0.004709715075453241,basophils,PLASMA,0.8,Random Forest Regressor,GridSearchCV,0.019221756283808875,0.009142682926829265,85.50833333333333,-0.3316659787735836
1043.307504267457,0.0046953107186657244,basophils,PLASMA,0.8,Random Forest Regressor,GridSearchCV,0.019221756283808875,0.009142682926829265,85.50833333333333,-0.3316659787735836
1070.306219719849,0.004643077724243847,basophils,PLASMA,0.8,Random Forest Regressor,GridSearchCV,0.019221756283808875,0.009142682926829265,85.50833333333333,-0.3316659787735836
1037.522065241944,0.004633185934653861,basophils,PLASMA,0.8,Random Forest Regressor,GridSearchCV,0.019221756283808875,0.009142682926829265,85.50833333333333,-0.3316659787735836
1128.160609974977,0.004628512433114516,basophils,PLASMA,0.8,Random Forest Regressor,GridSearchCV,0.019221756283808875,0.009142682926829265,85.50833333333333,-0.3316659787735836
1130.089089650148,0.004585463800240175,basophils,PLASMA,0.8,Random Forest Regressor,GridSearchCV,0.019221756283808875,0.009142682926829265,85.50833333333333,-0.3316659787735836
1295.938341714845,0.022506785419267476,basophils,PLASMA,0.8,Random Forest Regressor,GridSearchCV,0.019006637159096847,0.008998780487804878,92.1,-0.3020262489279588
1670.063398697999,0.020141462580694987,basophils,PLASMA,0.8,Random Forest Regressor,GridSearchCV,0.019006637159096847,0.008998780487804878,92.1,-0.3020262489279588
1133.946049000489,0.012493571274059083,basophils,PLASMA,0.8,Random Forest Regressor,GridSearchCV,0.019006637159096847,0.008998780487804878,92.1,-0.3020262489279588
1297.866821390016,0.011976335361730895,basophils,PLASMA,0.8,Random Forest Regressor,GridSearchCV,0.019006637159096847,0.008998780487804878,92.1,-0.3020262489279588
2767.368333870241,0.011499501842243775,basophils,PLASMA,0.8,Random Forest Regressor,GridSearchCV,0.019006637159096847,0.008998780487804878,92.1,-0.3020262489279588
1187.943479905274,0.009862695132658082,basophils,PLASMA,0.8,Random Forest Regressor,GridSearchCV,0.019006637159096847,0.008998780487804878,92.1,-0.3020262489279588
3018.070691642458,0.00933205933205933,basophils,PLASMA,0.8,Random Forest Regressor,GridSearchCV,0.019006637159096847,0.008998780487804878,92.1,-0.3020262489279588
1525.427423060182,0.008730557814278743,basophils,PLASMA,0.8,Random Forest Regressor,GridSearchCV,0.019006637159096847,0.008998780487804878,92.1,-0.3020262489279588
1043.307504267457,0.008607028775683083,basophils,PLASMA,0.8,Random Forest Regressor,GridSearchCV,0.019006637159096847,0.008998780487804878,92.1,-0.3020262489279588
1509.999585658815,0.008416988416988416,basophils,PLASMA,0.8,Random Forest Regressor,GridSearchCV,0.019006637159096847,0.008998780487804878,92.1,-0.3020262489279588
1081.877097770875,0.008249515616523295,basophils,PLASMA,0.8,Random Forest Regressor,GridSearchCV,0.019006637159096847,0.008998780487804878,92.1,-0.3020262489279588
1176.372601854249,0.008000565910845164,basophils,PLASMA,0.8,Random Forest Regressor,GridSearchCV,0.019006637159096847,0.008998780487804878,92.1,-0.3020262489279588
2746.155057443361,0.00723707826564969,basophils,PLASMA,0.8,Random Forest Regressor,GridSearchCV,0.019006637159096847,0.008998780487804878,92.1,-0.3020262489279588
1166.730203478395,0.007114467408585057,basophils,PLASMA,0.8,Random Forest Regressor,GridSearchCV,0.019006637159096847,0.008998780487804878,92.1,-0.3020262489279588
1186.015000230103,0.007014004342128427,basophils,PLASMA,0.8,Random Forest Regressor,GridSearchCV,0.019006637159096847,0.008998780487804878,92.1,-0.3020262489279588
1051.021422968141,0.006904749736696134,basophils,PLASMA,0.8,Random Forest Regressor,GridSearchCV,0.019006637159096847,0.008998780487804878,92.1,-0.3020262489279588
1016.308788815064,0.006671312427409985,basophils,PLASMA,0.8,Random Forest Regressor,GridSearchCV,0.019006637159096847,0.008998780487804878,92.1,-0.3020262489279588
1294.009862039674,0.006548856548856546,basophils,PLASMA,0.8,Random Forest Regressor,GridSearchCV,0.019006637159096847,0.008998780487804878,92.1,-0.3020262489279588
1099.233414847413,0.0065087976539589375,basophils,PLASMA,0.8,Random Forest Regressor,GridSearchCV,0.019006637159096847,0.008998780487804878,92.1,-0.3020262489279588
2713.370902965456,0.006367682646783741,basophils,PLASMA,0.8,Random Forest Regressor,GridSearchCV,0.019006637159096847,0.008998780487804878,92.1,-0.3020262489279588
1116.589731923951,0.005931413940489558,basophils,PLASMA,0.8,Random Forest Regressor,GridSearchCV,0.019221756283808875,0.009142682926829265,85.50833333333333,-0.3316659787735836
1114.66125224878,0.005888162077928854,basophils,PLASMA,0.8,Random Forest Regressor,GridSearchCV,0.019221756283808875,0.009142682926829265,85.50833333333333,-0.3316659787735836
1118.518211599122,0.005820908438810237,basophils,PLASMA,0.8,Random Forest Regressor,GridSearchCV,0.019221756283808875,0.009142682926829265,85.50833333333333,-0.3316659787735836
1112.732772573609,0.0056709710459668695,basophils,PLASMA,0.8,Random Forest Regressor,GridSearchCV,0.019221756283808875,0.009142682926829265,85.50833333333333,-0.3316659787735836
1120.446691274293,0.005559698006225075,basophils,PLASMA,0.8,Random Forest Regressor,GridSearchCV,0.019221756283808875,0.009142682926829265,85.50833333333333,-0.3316659787735836
1122.375170949464,0.005262972225593909,basophils,PLASMA,0.8,Random Forest Regressor,GridSearchCV,0.019221756283808875,0.009142682926829265,85.50833333333333,-0.3316659787735836
1110.804292898438,0.005159724998386715,basophils,PLASMA,0.8,Random Forest Regressor,GridSearchCV,0.019221756283808875,0.009142682926829265,85.50833333333333,-0.3316659787735836
1124.303650624635,0.004987234763690248,basophils,PLASMA,0.8,Random Forest Regressor,GridSearchCV,0.019221756283808875,0.009142682926829265,85.50833333333333,-0.3316659787735836
1076.091658745362,0.004873995748357296,basophils,PLASMA,0.8,Random Forest Regressor,GridSearchCV,0.019221756283808875,0.009142682926829265,85.50833333333333,-0.3316659787735836
1074.163179070191,0.004866586355784563,basophils,PLASMA,0.8,Random Forest Regressor,GridSearchCV,0.019221756283808875,0.009142682926829265,85.50833333333333,-0.3316659787735836
1041.379024592286,0.004853738903801785,basophils,PLASMA,0.8,Random Forest Regressor,GridSearchCV,0.019221756283808875,0.009142682926829265,85.50833333333333,-0.3316659787735836
1039.450544917115,0.004813126561717546,basophils,PLASMA,0.8,Random Forest Regressor,GridSearchCV,0.019221756283808875,0.009142682926829265,85.50833333333333,-0.3316659787735836
1072.23469939502,0.004776860933907788,basophils,PLASMA,0.8,Random Forest Regressor,GridSearchCV,0.019221756283808875,0.009142682926829265,85.50833333333333,-0.3316659787735836
1126.232130299806,0.004754448949138299,basophils,PLASMA,0.8,Random Forest Regressor,GridSearchCV,0.019221756283808875,0.009142682926829265,85.50833333333333,-0.3316659787735836
1078.020138420533,0.0047097150754532415,basophils,PLASMA,0.8,Random Forest Regressor,GridSearchCV,0.019221756283808875,0.009142682926829265,85.50833333333333,-0.3316659787735836
1043.307504267457,0.004695310718665728,basophils,PLASMA,0.8,Random Forest Regressor,GridSearchCV,0.019221756283808875,0.009142682926829265,85.50833333333333,-0.3316659787735836
1070.306219719849,0.004643077724243849,basophils,PLASMA,0.8,Random Forest Regressor,GridSearchCV,0.019221756283808875,0.009142682926829265,85.50833333333333,-0.3316659787735836
1037.522065241944,0.004633185934653864,basophils,PLASMA,0.8,Random Forest Regressor,GridSearchCV,0.019221756283808875,0.009142682926829265,85.50833333333333,-0.3316659787735836
1128.160609974977,0.004628512433114517,basophils,PLASMA,0.8,Random Forest Regressor,GridSearchCV,0.019221756283808875,0.009142682926829265,85.50833333333333,-0.3316659787735836
1130.089089650148,0.004585463800240174,basophils,PLASMA,0.8,Random Forest Regressor,GridSearchCV,0.019221756283808875,0.009142682926829265,85.50833333333333,-0.3316659787735836
1295.938341714845,0.022506785419267476,basophils,PLASMA,0.8,Random Forest Regressor,GridSearchCV,0.019006637159096847,0.008998780487804878,92.1,-0.3020262489279588
1670.063398697999,0.020141462580694987,basophils,PLASMA,0.8,Random Forest Regressor,GridSearchCV,0.019006637159096847,0.008998780487804878,92.1,-0.3020262489279588
1133.946049000489,0.012493571274059083,basophils,PLASMA,0.8,Random Forest Regressor,GridSearchCV,0.019006637159096847,0.008998780487804878,92.1,-0.3020262489279588
1297.866821390016,0.011976335361730895,basophils,PLASMA,0.8,Random Forest Regressor,GridSearchCV,0.019006637159096847,0.008998780487804878,92.1,-0.3020262489279588
2767.368333870241,0.011499501842243775,basophils,PLASMA,0.8,Random Forest Regressor,GridSearchCV,0.019006637159096847,0.008998780487804878,92.1,-0.3020262489279588
1187.943479905274,0.009862695132658082,basophils,PLASMA,0.8,Random Forest Regressor,GridSearchCV,0.019006637159096847,0.008998780487804878,92.1,-0.3020262489279588
3018.070691642458,0.00933205933205933,basophils,PLASMA,0.8,Random Forest Regressor,GridSearchCV,0.019006637159096847,0.008998780487804878,92.1,-0.3020262489279588
1525.427423060182,0.008730557814278743,basophils,PLASMA,0.8,Random Forest Regressor,GridSearchCV,0.019006637159096847,0.008998780487804878,92.1,-0.3020262489279588
1043.307504267457,0.008607028775683083,basophils,PLASMA,0.8,Random Forest Regressor,GridSearchCV,0.019006637159096847,0.008998780487804878,92.1,-0.3020262489279588
1509.999585658815,0.008416988416988416,basophils,PLASMA,0.8,Random Forest Regressor,GridSearchCV,0.019006637159096847,0.008998780487804878,92.1,-0.3020262489279588
1081.877097770875,0.008249515616523295,basophils,PLASMA,0.8,Random Forest Regressor,GridSearchCV,0.019006637159096847,0.008998780487804878,92.1,-0.3020262489279588
1176.372601854249,0.008000565910845164,basophils,PLASMA,0.8,Random Forest Regressor,GridSearchCV,0.019006637159096847,0.008998780487804878,92.1,-0.3020262489279588
2746.155057443361,0.00723707826564969,basophils,PLASMA,0.8,Random Forest Regressor,GridSearchCV,0.019006637159096847,0.008998780487804878,92.1,-0.3020262489279588
1166.730203478395,0.007114467408585057,basophils,PLASMA,0.8,Random Forest Regressor,GridSearchCV,0.019006637159096847,0.008998780487804878,92.1,-0.3020262489279588
1186.015000230103,0.007014004342128427,basophils,PLASMA,0.8,Random Forest Regressor,GridSearchCV,0.019006637159096847,0.008998780487804878,92.1,-0.3020262489279588
1051.021422968141,0.006904749736696134,basophils,PLASMA,0.8,Random Forest Regressor,GridSearchCV,0.019006637159096847,0.008998780487804878,92.1,-0.3020262489279588
1016.308788815064,0.006671312427409985,basophils,PLASMA,0.8,Random Forest Regressor,GridSearchCV,0.019006637159096847,0.008998780487804878,92.1,-0.3020262489279588
1294.009862039674,0.006548856548856546,basophils,PLASMA,0.8,Random Forest Regressor,GridSearchCV,0.019006637159096847,0.008998780487804878,92.1,-0.3020262489279588
1099.233414847413,0.0065087976539589375,basophils,PLASMA,0.8,Random Forest Regressor,GridSearchCV,0.019006637159096847,0.008998780487804878,92.1,-0.3020262489279588
2713.370902965456,0.006367682646783741,basophils,PLASMA,0.8,Random Forest Regressor,GridSearchCV,0.019006637159096847,0.008998780487804878,92.1,-0.3020262489279588
958.4543985599371,0.006710782986197481,basophils,SALIVA,0.8,Random Forest Regressor,GridSearchCV,0.018029433607034812,0.008428571428571431,85.44666666666664,-0.07945534638554208
960.3828782351084,0.006659683701796625,basophils,SALIVA,0.8,Random Forest Regressor,GridSearchCV,0.018029433607034812,0.008428571428571431,85.44666666666664,-0.07945534638554208
956.5259188847667,0.006151884628031884,basophils,SALIVA,0.8,Random Forest Regressor,GridSearchCV,0.018029433607034812,0.008428571428571431,85.44666666666664,-0.07945534638554208
962.3113579102792,0.006128353706464732,basophils,SALIVA,0.8,Random Forest Regressor,GridSearchCV,0.018029433607034812,0.008428571428571431,85.44666666666664,-0.07945534638554208
954.5974392095954,0.005117330198869006,basophils,SALIVA,0.8,Random Forest Regressor,GridSearchCV,0.018029433607034812,0.008428571428571431,85.44666666666664,-0.07945534638554208
964.23983758545,0.004749711666880298,basophils,SALIVA,0.8,Random Forest Regressor,GridSearchCV,0.018029433607034812,0.008428571428571431,85.44666666666664,-0.07945534638554208
952.6689595344246,0.004487299572105927,basophils,SALIVA,0.8,Random Forest Regressor,GridSearchCV,0.018029433607034812,0.008428571428571431,85.44666666666664,-0.07945534638554208
1716.346910902101,0.004461292535848113,basophils,SALIVA,0.8,Random Forest Regressor,GridSearchCV,0.018029433607034812,0.008428571428571431,85.44666666666664,-0.07945534638554208
1718.275390577272,0.0042607543314300625,basophils,SALIVA,0.8,Random Forest Regressor,GridSearchCV,0.018029433607034812,0.008428571428571431,85.44666666666664,-0.07945534638554208
950.7404798592538,0.004122148092033392,basophils,SALIVA,0.8,Random Forest Regressor,GridSearchCV,0.018029433607034812,0.008428571428571431,85.44666666666664,-0.07945534638554208
1714.41843122693,0.004094777002863264,basophils,SALIVA,0.8,Random Forest Regressor,GridSearchCV,0.018029433607034812,0.008428571428571431,85.44666666666664,-0.07945534638554208
939.1696018082284,0.0038951095912663014,basophils,SALIVA,0.8,Random Forest Regressor,GridSearchCV,0.018029433607034812,0.008428571428571431,85.44666666666664,-0.07945534638554208
948.812000184083,0.0038111431695009353,basophils,SALIVA,0.8,Random Forest Regressor,GridSearchCV,0.018029433607034812,0.008428571428571431,85.44666666666664,-0.07945534638554208
1712.489951551759,0.0037602871837884924,basophils,SALIVA,0.8,Random Forest Regressor,GridSearchCV,0.018029433607034812,0.008428571428571431,85.44666666666664,-0.07945534638554208
937.2411221330576,0.00370905741978044,basophils,SALIVA,0.8,Random Forest Regressor,GridSearchCV,0.018029433607034812,0.008428571428571431,85.44666666666664,-0.07945534638554208
946.8835205089117,0.0036529421440714476,basophils,SALIVA,0.8,Random Forest Regressor,GridSearchCV,0.018029433607034812,0.008428571428571431,85.44666666666664,-0.07945534638554208
941.0980814833993,0.003548705522001241,basophils,SALIVA,0.8,Random Forest Regressor,GridSearchCV,0.018029433607034812,0.008428571428571431,85.44666666666664,-0.07945534638554208
944.9550408337414,0.0035467884870564316,basophils,SALIVA,0.8,Random Forest Regressor,GridSearchCV,0.018029433607034812,0.008428571428571431,85.44666666666664,-0.07945534638554208
2819.437285099856,0.00344320568918669,basophils,SALIVA,0.8,Random Forest Regressor,GridSearchCV,0.018029433607034812,0.008428571428571431,85.44666666666664,-0.07945534638554208
943.0265611585701,0.003413105837461816,basophils,SALIVA,0.8,Random Forest Regressor,GridSearchCV,0.018029433607034812,0.008428571428571431,85.44666666666664,-0.07945534638554208
1577.496374289796,0.01639892977392977,basophils,SALIVA,0.8,Random Forest Regressor,GridSearchCV,0.0178479624020436,0.006872619047619047,88.125,-0.05783467620481897
989.3100733626716,0.015049419992624853,basophils,SALIVA,0.8,Random Forest Regressor,GridSearchCV,0.0178479624020436,0.006872619047619047,88.125,-0.05783467620481897
1288.224423014161,0.013513012042423809,basophils,SALIVA,0.8,Random Forest Regressor,GridSearchCV,0.0178479624020436,0.006872619047619047,88.125,-0.05783467620481897
968.0967969357921,0.013440353018677829,basophils,SALIVA,0.8,Random Forest Regressor,GridSearchCV,0.0178479624020436,0.006872619047619047,88.125,-0.05783467620481897
1565.925496238771,0.01313293650793651,basophils,SALIVA,0.8,Random Forest Regressor,GridSearchCV,0.0178479624020436,0.006872619047619047,88.125,-0.05783467620481897
1569.782455589112,0.01294788544788545,basophils,SALIVA,0.8,Random Forest Regressor,GridSearchCV,0.0178479624020436,0.006872619047619047,88.125,-0.05783467620481897
964.23983758545,0.012624821457368629,basophils,SALIVA,0.8,Random Forest Regressor,GridSearchCV,0.0178479624020436,0.006872619047619047,88.125,-0.05783467620481897
1099.233414847413,0.012274159663865535,basophils,SALIVA,0.8,Random Forest Regressor,GridSearchCV,0.0178479624020436,0.006872619047619047,88.125,-0.05783467620481897
966.1683172606208,0.011576212571288656,basophils,SALIVA,0.8,Random Forest Regressor,GridSearchCV,0.0178479624020436,0.006872619047619047,88.125,-0.05783467620481897
1567.853975913942,0.010819264069264069,basophils,SALIVA,0.8,Random Forest Regressor,GridSearchCV,0.0178479624020436,0.006872619047619047,88.125,-0.05783467620481897
1585.21029299048,0.010409174159174157,basophils,SALIVA,0.8,Random Forest Regressor,GridSearchCV,0.0178479624020436,0.006872619047619047,88.125,-0.05783467620481897
1581.353333640138,0.009578903976670924,basophils,SALIVA,0.8,Random Forest Regressor,GridSearchCV,0.0178479624020436,0.006872619047619047,88.125,-0.05783467620481897
977.7391953116462,0.009411764705882354,basophils,SALIVA,0.8,Random Forest Regressor,GridSearchCV,0.0178479624020436,0.006872619047619047,88.125,-0.05783467620481897
1070.306219719849,0.009059993172896389,basophils,SALIVA,0.8,Random Forest Regressor,GridSearchCV,0.0178479624020436,0.006872619047619047,88.125,-0.05783467620481897
1074.163179070191,0.009027950890335245,basophils,SALIVA,0.8,Random Forest Regressor,GridSearchCV,0.0178479624020436,0.006872619047619047,88.125,-0.05783467620481897
960.3828782351084,0.007806324110671937,basophils,SALIVA,0.8,Random Forest Regressor,GridSearchCV,0.0178479624020436,0.006872619047619047,88.125,-0.05783467620481897
929.5272034323739,0.007659372399102824,basophils,SALIVA,0.8,Random Forest Regressor,GridSearchCV,0.0178479624020436,0.006872619047619047,88.125,-0.05783467620481897
2994.928935540408,0.007555555555555553,basophils,SALIVA,0.8,Random Forest Regressor,GridSearchCV,0.0178479624020436,0.006872619047619047,88.125,-0.05783467620481897
2703.728504589601,0.007503086896125948,basophils,SALIVA,0.8,Random Forest Regressor,GridSearchCV,0.0178479624020436,0.006872619047619047,88.125,-0.05783467620481897
1400.076244174074,0.007219662058371737,basophils,SALIVA,0.8,Random Forest Regressor,GridSearchCV,0.0178479624020436,0.006872619047619047,88.125,-0.05783467620481897
958.4543985599371,0.006710782986197486,basophils,SALIVA,0.8,Random Forest Regressor,GridSearchCV,0.018029433607034812,0.008428571428571431,85.44666666666664,-0.07945534638554208
960.3828782351084,0.006659683701796627,basophils,SALIVA,0.8,Random Forest Regressor,GridSearchCV,0.018029433607034812,0.008428571428571431,85.44666666666664,-0.07945534638554208
956.5259188847667,0.006151884628031887,basophils,SALIVA,0.8,Random Forest Regressor,GridSearchCV,0.018029433607034812,0.008428571428571431,85.44666666666664,-0.07945534638554208
962.3113579102792,0.006128353706464738,basophils,SALIVA,0.8,Random Forest Regressor,GridSearchCV,0.018029433607034812,0.008428571428571431,85.44666666666664,-0.07945534638554208
954.5974392095954,0.005117330198869008,basophils,SALIVA,0.8,Random Forest Regressor,GridSearchCV,0.018029433607034812,0.008428571428571431,85.44666666666664,-0.07945534638554208
964.23983758545,0.004749711666880302,basophils,SALIVA,0.8,Random Forest Regressor,GridSearchCV,0.018029433607034812,0.008428571428571431,85.44666666666664,-0.07945534638554208
952.6689595344246,0.004487299572105927,basophils,SALIVA,0.8,Random Forest Regressor,GridSearchCV,0.018029433607034812,0.008428571428571431,85.44666666666664,-0.07945534638554208
1716.346910902101,0.004461292535848116,basophils,SALIVA,0.8,Random Forest Regressor,GridSearchCV,0.018029433607034812,0.008428571428571431,85.44666666666664,-0.07945534638554208
1718.275390577272,0.004260754331430062,basophils,SALIVA,0.8,Random Forest Regressor,GridSearchCV,0.018029433607034812,0.008428571428571431,85.44666666666664,-0.07945534638554208
950.7404798592538,0.004122148092033392,basophils,SALIVA,0.8,Random Forest Regressor,GridSearchCV,0.018029433607034812,0.008428571428571431,85.44666666666664,-0.07945534638554208
1714.41843122693,0.004094777002863264,basophils,SALIVA,0.8,Random Forest Regressor,GridSearchCV,0.018029433607034812,0.008428571428571431,85.44666666666664,-0.07945534638554208
939.1696018082284,0.003895109591266299,basophils,SALIVA,0.8,Random Forest Regressor,GridSearchCV,0.018029433607034812,0.008428571428571431,85.44666666666664,-0.07945534638554208
948.812000184083,0.0038111431695009345,basophils,SALIVA,0.8,Random Forest Regressor,GridSearchCV,0.018029433607034812,0.008428571428571431,85.44666666666664,-0.07945534638554208
1712.489951551759,0.0037602871837884946,basophils,SALIVA,0.8,Random Forest Regressor,GridSearchCV,0.018029433607034812,0.008428571428571431,85.44666666666664,-0.07945534638554208
937.2411221330576,0.003709057419780438,basophils,SALIVA,0.8,Random Forest Regressor,GridSearchCV,0.018029433607034812,0.008428571428571431,85.44666666666664,-0.07945534638554208
946.8835205089117,0.0036529421440714476,basophils,SALIVA,0.8,Random Forest Regressor,GridSearchCV,0.018029433607034812,0.008428571428571431,85.44666666666664,-0.07945534638554208
941.0980814833993,0.00354870552200124,basophils,SALIVA,0.8,Random Forest Regressor,GridSearchCV,0.018029433607034812,0.008428571428571431,85.44666666666664,-0.07945534638554208
944.9550408337414,0.0035467884870564307,basophils,SALIVA,0.8,Random Forest Regressor,GridSearchCV,0.018029433607034812,0.008428571428571431,85.44666666666664,-0.07945534638554208
2819.437285099856,0.0034432056891866886,basophils,SALIVA,0.8,Random Forest Regressor,GridSearchCV,0.018029433607034812,0.008428571428571431,85.44666666666664,-0.07945534638554208
943.0265611585701,0.003413105837461816,basophils,SALIVA,0.8,Random Forest Regressor,GridSearchCV,0.018029433607034812,0.008428571428571431,85.44666666666664,-0.07945534638554208
1577.496374289796,0.01639892977392977,basophils,SALIVA,0.8,Random Forest Regressor,GridSearchCV,0.0178479624020436,0.006872619047619047,88.125,-0.05783467620481897
989.3100733626716,0.015049419992624853,basophils,SALIVA,0.8,Random Forest Regressor,GridSearchCV,0.0178479624020436,0.006872619047619047,88.125,-0.05783467620481897
1288.224423014161,0.013513012042423809,basophils,SALIVA,0.8,Random Forest Regressor,GridSearchCV,0.0178479624020436,0.006872619047619047,88.125,-0.05783467620481897
968.0967969357921,0.013440353018677829,basophils,SALIVA,0.8,Random Forest Regressor,GridSearchCV,0.0178479624020436,0.006872619047619047,88.125,-0.05783467620481897
1565.925496238771,0.01313293650793651,basophils,SALIVA,0.8,Random Forest Regressor,GridSearchCV,0.0178479624020436,0.006872619047619047,88.125,-0.05783467620481897
1569.782455589112,0.01294788544788545,basophils,SALIVA,0.8,Random Forest Regressor,GridSearchCV,0.0178479624020436,0.006872619047619047,88.125,-0.05783467620481897
964.23983758545,0.012624821457368629,basophils,SALIVA,0.8,Random Forest Regressor,GridSearchCV,0.0178479624020436,0.006872619047619047,88.125,-0.05783467620481897
1099.233414847413,0.012274159663865535,basophils,SALIVA,0.8,Random Forest Regressor,GridSearchCV,0.0178479624020436,0.006872619047619047,88.125,-0.05783467620481897
966.1683172606208,0.011576212571288656,basophils,SALIVA,0.8,Random Forest Regressor,GridSearchCV,0.0178479624020436,0.006872619047619047,88.125,-0.05783467620481897
1567.853975913942,0.010819264069264069,basophils,SALIVA,0.8,Random Forest Regressor,GridSearchCV,0.0178479624020436,0.006872619047619047,88.125,-0.05783467620481897
1585.21029299048,0.010409174159174157,basophils,SALIVA,0.8,Random Forest Regressor,GridSearchCV,0.0178479624020436,0.006872619047619047,88.125,-0.05783467620481897
1581.353333640138,0.009578903976670924,basophils,SALIVA,0.8,Random Forest Regressor,GridSearchCV,0.0178479624020436,0.006872619047619047,88.125,-0.05783467620481897
977.7391953116462,0.009411764705882354,basophils,SALIVA,0.8,Random Forest Regressor,GridSearchCV,0.0178479624020436,0.006872619047619047,88.125,-0.05783467620481897
1070.306219719849,0.009059993172896389,basophils,SALIVA,0.8,Random Forest Regressor,GridSearchCV,0.0178479624020436,0.006872619047619047,88.125,-0.05783467620481897
1074.163179070191,0.009027950890335245,basophils,SALIVA,0.8,Random Forest Regressor,GridSearchCV,0.0178479624020436,0.006872619047619047,88.125,-0.05783467620481897
960.3828782351084,0.007806324110671937,basophils,SALIVA,0.8,Random Forest Regressor,GridSearchCV,0.0178479624020436,0.006872619047619047,88.125,-0.05783467620481897
929.5272034323739,0.007659372399102824,basophils,SALIVA,0.8,Random Forest Regressor,GridSearchCV,0.0178479624020436,0.006872619047619047,88.125,-0.05783467620481897
2994.928935540408,0.007555555555555553,basophils,SALIVA,0.8,Random Forest Regressor,GridSearchCV,0.0178479624020436,0.006872619047619047,88.125,-0.05783467620481897
2703.728504589601,0.007503086896125948,basophils,SALIVA,0.8,Random Forest Regressor,GridSearchCV,0.0178479624020436,0.006872619047619047,88.125,-0.05783467620481897
1400.076244174074,0.007219662058371737,basophils,SALIVA,0.8,Random Forest Regressor,GridSearchCV,0.0178479624020436,0.006872619047619047,88.125,-0.05783467620481897
1592.924211691163,0.007408308817771845,basophils,SERUM,0.8,Random Forest Regressor,GridSearchCV,0.01756653067626047,0.007680000000000001,37.01111111111109,-0.17443577545195077
1590.995732015992,0.007353381803016258,basophils,SERUM,0.8,Random Forest Regressor,GridSearchCV,0.01756653067626047,0.007680000000000001,37.01111111111109,-0.17443577545195077
1594.852691366334,0.0072802657966903345,basophils,SERUM,0.8,Random Forest Regressor,GridSearchCV,0.01756653067626047,0.007680000000000001,37.01111111111109,-0.17443577545195077
1589.067252340822,0.007071451422225865,basophils,SERUM,0.8,Random Forest Regressor,GridSearchCV,0.01756653067626047,0.007680000000000001,37.01111111111109,-0.17443577545195077
1596.781171041505,0.007006179183618666,basophils,SERUM,0.8,Random Forest Regressor,GridSearchCV,0.01756653067626047,0.007680000000000001,37.01111111111109,-0.17443577545195077
1587.138772665651,0.006716308698608597,basophils,SERUM,0.8,Random Forest Regressor,GridSearchCV,0.01756653067626047,0.007680000000000001,37.01111111111109,-0.17443577545195077
1598.709650716676,0.006690947931543013,basophils,SERUM,0.8,Random Forest Regressor,GridSearchCV,0.01756653067626047,0.007680000000000001,37.01111111111109,-0.17443577545195077
1600.638130391847,0.006340774359313763,basophils,SERUM,0.8,Random Forest Regressor,GridSearchCV,0.01756653067626047,0.007680000000000001,37.01111111111109,-0.17443577545195077
1585.21029299048,0.006135395442971035,basophils,SERUM,0.8,Random Forest Regressor,GridSearchCV,0.01756653067626047,0.007680000000000001,37.01111111111109,-0.17443577545195077
1602.566610067018,0.005939460163925538,basophils,SERUM,0.8,Random Forest Regressor,GridSearchCV,0.01756653067626047,0.007680000000000001,37.01111111111109,-0.17443577545195077
1386.576886447877,0.005773748128014978,basophils,SERUM,0.8,Random Forest Regressor,GridSearchCV,0.01756653067626047,0.007680000000000001,37.01111111111109,-0.17443577545195077
1604.495089742189,0.0054950990687035765,basophils,SERUM,0.8,Random Forest Regressor,GridSearchCV,0.01756653067626047,0.007680000000000001,37.01111111111109,-0.17443577545195077
1384.648406772706,0.0054563462900729595,basophils,SERUM,0.8,Random Forest Regressor,GridSearchCV,0.01756653067626047,0.007680000000000001,37.01111111111109,-0.17443577545195077
1583.281813315309,0.005311739125841888,basophils,SERUM,0.8,Random Forest Regressor,GridSearchCV,0.01756653067626047,0.007680000000000001,37.01111111111109,-0.17443577545195077
1388.505366123048,0.005096135266476165,basophils,SERUM,0.8,Random Forest Regressor,GridSearchCV,0.01756653067626047,0.007680000000000001,37.01111111111109,-0.17443577545195077
1606.42356941736,0.005078206619362011,basophils,SERUM,0.8,Random Forest Regressor,GridSearchCV,0.01756653067626047,0.007680000000000001,37.01111111111109,-0.17443577545195077
1581.353333640138,0.0047274005790033735,basophils,SERUM,0.8,Random Forest Regressor,GridSearchCV,0.01756653067626047,0.007680000000000001,37.01111111111109,-0.17443577545195077
1608.35204909253,0.004677362321251759,basophils,SERUM,0.8,Random Forest Regressor,GridSearchCV,0.01756653067626047,0.007680000000000001,37.01111111111109,-0.17443577545195077
1382.719927097535,0.004662746846045286,basophils,SERUM,0.8,Random Forest Regressor,GridSearchCV,0.01756653067626047,0.007680000000000001,37.01111111111109,-0.17443577545195077
1610.280528767702,0.004307002030259665,basophils,SERUM,0.8,Random Forest Regressor,GridSearchCV,0.01756653067626047,0.007680000000000001,37.01111111111109,-0.17443577545195077
1328.72249619275,0.010888362533523823,basophils,SERUM,0.8,Random Forest Regressor,GridSearchCV,0.015223287567900699,0.004740625,73.55555555555554,0.11798864176974344
1295.938341714845,0.009970238095238103,basophils,SERUM,0.8,Random Forest Regressor,GridSearchCV,0.015223287567900699,0.004740625,73.55555555555554,0.11798864176974344
1186.015000230103,0.009876254180602008,basophils,SERUM,0.8,Random Forest Regressor,GridSearchCV,0.015223287567900699,0.004740625,73.55555555555554,0.11798864176974344
1513.856545009157,0.009836996336996327,basophils,SERUM,0.8,Random Forest Regressor,GridSearchCV,0.015223287567900699,0.004740625,73.55555555555554,0.11798864176974344
1133.946049000489,0.009669047619047615,basophils,SERUM,0.8,Random Forest Regressor,GridSearchCV,0.015223287567900699,0.004740625,73.55555555555554,0.11798864176974344
1305.580740090699,0.009617630700778644,basophils,SERUM,0.8,Random Forest Regressor,GridSearchCV,0.015223287567900699,0.004740625,73.55555555555554,0.11798864176974344
979.6676749868175,0.009278202189966896,basophils,SERUM,0.8,Random Forest Regressor,GridSearchCV,0.015223287567900699,0.004740625,73.55555555555554,0.11798864176974344
1303.652260415528,0.008689976689976692,basophils,SERUM,0.8,Random Forest Regressor,GridSearchCV,0.015223287567900699,0.004740625,73.55555555555554,0.11798864176974344
2765.43985419507,0.00801615903278308,basophils,SERUM,0.8,Random Forest Regressor,GridSearchCV,0.015223287567900699,0.004740625,73.55555555555554,0.11798864176974344
1326.794016517579,0.007937062937062938,basophils,SERUM,0.8,Random Forest Regressor,GridSearchCV,0.015223287567900699,0.004740625,73.55555555555554,0.11798864176974344
1218.799154708009,0.00787309673085535,basophils,SERUM,0.8,Random Forest Regressor,GridSearchCV,0.015223287567900699,0.004740625,73.55555555555554,0.11798864176974344
1272.796585612794,0.007870882740447959,basophils,SERUM,0.8,Random Forest Regressor,GridSearchCV,0.015223287567900699,0.004740625,73.55555555555554,0.11798864176974344
1282.438983988648,0.007525252525252517,basophils,SERUM,0.8,Random Forest Regressor,GridSearchCV,0.015223287567900699,0.004740625,73.55555555555554,0.11798864176974344
1313.294658791383,0.00742647058823529,basophils,SERUM,0.8,Random Forest Regressor,GridSearchCV,0.015223287567900699,0.004740625,73.55555555555554,0.11798864176974344
1041.379024592286,0.0073037522165096515,basophils,SERUM,0.8,Random Forest Regressor,GridSearchCV,0.015223287567900699,0.004740625,73.55555555555554,0.11798864176974344
1712.489951551759,0.00725333805978967,basophils,SERUM,0.8,Random Forest Regressor,GridSearchCV,0.015223287567900699,0.004740625,73.55555555555554,0.11798864176974344
2755.797455819216,0.0071666666666666675,basophils,SERUM,0.8,Random Forest Regressor,GridSearchCV,0.015223287567900699,0.004740625,73.55555555555554,0.11798864176974344
1182.158040879762,0.006958683473389356,basophils,SERUM,0.8,Random Forest Regressor,GridSearchCV,0.015223287567900699,0.004740625,73.55555555555554,0.11798864176974344
2503.166618371828,0.006863636363636364,basophils,SERUM,0.8,Random Forest Regressor,GridSearchCV,0.015223287567900699,0.004740625,73.55555555555554,0.11798864176974344
1558.211577538087,0.006770833333333324,basophils,SERUM,0.8,Random Forest Regressor,GridSearchCV,0.015223287567900699,0.004740625,73.55555555555554,0.11798864176974344
1592.924211691163,0.007408308817771846,basophils,SERUM,0.8,Random Forest Regressor,GridSearchCV,0.01756653067626047,0.007680000000000001,37.01111111111109,-0.17443577545195077
1590.995732015992,0.007353381803016259,basophils,SERUM,0.8,Random Forest Regressor,GridSearchCV,0.01756653067626047,0.007680000000000001,37.01111111111109,-0.17443577545195077
1594.852691366334,0.007280265796690338,basophils,SERUM,0.8,Random Forest Regressor,GridSearchCV,0.01756653067626047,0.007680000000000001,37.01111111111109,-0.17443577545195077
1589.067252340822,0.0070714514222258665,basophils,SERUM,0.8,Random Forest Regressor,GridSearchCV,0.01756653067626047,0.007680000000000001,37.01111111111109,-0.17443577545195077
1596.781171041505,0.007006179183618666,basophils,SERUM,0.8,Random Forest Regressor,GridSearchCV,0.01756653067626047,0.007680000000000001,37.01111111111109,-0.17443577545195077
1587.138772665651,0.006716308698608599,basophils,SERUM,0.8,Random Forest Regressor,GridSearchCV,0.01756653067626047,0.007680000000000001,37.01111111111109,-0.17443577545195077
1598.709650716676,0.006690947931543013,basophils,SERUM,0.8,Random Forest Regressor,GridSearchCV,0.01756653067626047,0.007680000000000001,37.01111111111109,-0.17443577545195077
1600.638130391847,0.006340774359313764,basophils,SERUM,0.8,Random Forest Regressor,GridSearchCV,0.01756653067626047,0.007680000000000001,37.01111111111109,-0.17443577545195077
1585.21029299048,0.006135395442971037,basophils,SERUM,0.8,Random Forest Regressor,GridSearchCV,0.01756653067626047,0.007680000000000001,37.01111111111109,-0.17443577545195077
1602.566610067018,0.005939460163925538,basophils,SERUM,0.8,Random Forest Regressor,GridSearchCV,0.01756653067626047,0.007680000000000001,37.01111111111109,-0.17443577545195077
1386.576886447877,0.005773748128014979,basophils,SERUM,0.8,Random Forest Regressor,GridSearchCV,0.01756653067626047,0.007680000000000001,37.01111111111109,-0.17443577545195077
1604.495089742189,0.0054950990687035765,basophils,SERUM,0.8,Random Forest Regressor,GridSearchCV,0.01756653067626047,0.007680000000000001,37.01111111111109,-0.17443577545195077
1384.648406772706,0.005456346290072958,basophils,SERUM,0.8,Random Forest Regressor,GridSearchCV,0.01756653067626047,0.007680000000000001,37.01111111111109,-0.17443577545195077
1583.281813315309,0.005311739125841888,basophils,SERUM,0.8,Random Forest Regressor,GridSearchCV,0.01756653067626047,0.007680000000000001,37.01111111111109,-0.17443577545195077
1388.505366123048,0.005096135266476165,basophils,SERUM,0.8,Random Forest Regressor,GridSearchCV,0.01756653067626047,0.007680000000000001,37.01111111111109,-0.17443577545195077
1606.42356941736,0.00507820661936201,basophils,SERUM,0.8,Random Forest Regressor,GridSearchCV,0.01756653067626047,0.007680000000000001,37.01111111111109,-0.17443577545195077
1581.353333640138,0.004727400579003374,basophils,SERUM,0.8,Random Forest Regressor,GridSearchCV,0.01756653067626047,0.007680000000000001,37.01111111111109,-0.17443577545195077
1608.35204909253,0.004677362321251758,basophils,SERUM,0.8,Random Forest Regressor,GridSearchCV,0.01756653067626047,0.007680000000000001,37.01111111111109,-0.17443577545195077
1382.719927097535,0.004662746846045286,basophils,SERUM,0.8,Random Forest Regressor,GridSearchCV,0.01756653067626047,0.007680000000000001,37.01111111111109,-0.17443577545195077
1610.280528767702,0.004307002030259665,basophils,SERUM,0.8,Random Forest Regressor,GridSearchCV,0.01756653067626047,0.007680000000000001,37.01111111111109,-0.17443577545195077
1328.72249619275,0.010888362533523823,basophils,SERUM,0.8,Random Forest Regressor,GridSearchCV,0.015223287567900699,0.004740625,73.55555555555554,0.11798864176974344
1295.938341714845,0.009970238095238103,basophils,SERUM,0.8,Random Forest Regressor,GridSearchCV,0.015223287567900699,0.004740625,73.55555555555554,0.11798864176974344
1186.015000230103,0.009876254180602008,basophils,SERUM,0.8,Random Forest Regressor,GridSearchCV,0.015223287567900699,0.004740625,73.55555555555554,0.11798864176974344
1513.856545009157,0.009836996336996327,basophils,SERUM,0.8,Random Forest Regressor,GridSearchCV,0.015223287567900699,0.004740625,73.55555555555554,0.11798864176974344
1133.946049000489,0.009669047619047615,basophils,SERUM,0.8,Random Forest Regressor,GridSearchCV,0.015223287567900699,0.004740625,73.55555555555554,0.11798864176974344
1305.580740090699,0.009617630700778644,basophils,SERUM,0.8,Random Forest Regressor,GridSearchCV,0.015223287567900699,0.004740625,73.55555555555554,0.11798864176974344
979.6676749868175,0.009278202189966896,basophils,SERUM,0.8,Random Forest Regressor,GridSearchCV,0.015223287567900699,0.004740625,73.55555555555554,0.11798864176974344
1303.652260415528,0.008689976689976692,basophils,SERUM,0.8,Random Forest Regressor,GridSearchCV,0.015223287567900699,0.004740625,73.55555555555554,0.11798864176974344
2765.43985419507,0.00801615903278308,basophils,SERUM,0.8,Random Forest Regressor,GridSearchCV,0.015223287567900699,0.004740625,73.55555555555554,0.11798864176974344
1326.794016517579,0.007937062937062938,basophils,SERUM,0.8,Random Forest Regressor,GridSearchCV,0.015223287567900699,0.004740625,73.55555555555554,0.11798864176974344
1218.799154708009,0.00787309673085535,basophils,SERUM,0.8,Random Forest Regressor,GridSearchCV,0.015223287567900699,0.004740625,73.55555555555554,0.11798864176974344
1272.796585612794,0.007870882740447959,basophils,SERUM,0.8,Random Forest Regressor,GridSearchCV,0.015223287567900699,0.004740625,73.55555555555554,0.11798864176974344
1282.438983988648,0.007525252525252517,basophils,SERUM,0.8,Random Forest Regressor,GridSearchCV,0.015223287567900699,0.004740625,73.55555555555554,0.11798864176974344
1313.294658791383,0.00742647058823529,basophils,SERUM,0.8,Random Forest Regressor,GridSearchCV,0.015223287567900699,0.004740625,73.55555555555554,0.11798864176974344
1041.379024592286,0.0073037522165096515,basophils,SERUM,0.8,Random Forest Regressor,GridSearchCV,0.015223287567900699,0.004740625,73.55555555555554,0.11798864176974344
1712.489951551759,0.00725333805978967,basophils,SERUM,0.8,Random Forest Regressor,GridSearchCV,0.015223287567900699,0.004740625,73.55555555555554,0.11798864176974344
2755.797455819216,0.0071666666666666675,basophils,SERUM,0.8,Random Forest Regressor,GridSearchCV,0.015223287567900699,0.004740625,73.55555555555554,0.11798864176974344
1182.158040879762,0.006958683473389356,basophils,SERUM,0.8,Random Forest Regressor,GridSearchCV,0.015223287567900699,0.004740625,73.55555555555554,0.11798864176974344
2503.166618371828,0.006863636363636364,basophils,SERUM,0.8,Random Forest Regressor,GridSearchCV,0.015223287567900699,0.004740625,73.55555555555554,0.11798864176974344
1558.211577538087,0.006770833333333324,basophils,SERUM,0.8,Random Forest Regressor,GridSearchCV,0.015223287567900699,0.004740625,73.55555555555554,0.11798864176974344
1585.21029299048,0.0054484104063317875,basophils,URINE,0.8,Random Forest Regressor,GridSearchCV,0.024581988224644795,0.011623592044199828,88.54535116130637,-0.0645014828480841
1386.576886447877,0.005392972918097304,basophils,URINE,0.8,Random Forest Regressor,GridSearchCV,0.024581988224644795,0.011623592044199828,88.54535116130637,-0.0645014828480841
1388.505366123048,0.005299160656944689,basophils,URINE,0.8,Random Forest Regressor,GridSearchCV,0.024581988224644795,0.011623592044199828,88.54535116130637,-0.0645014828480841
1583.281813315309,0.005294012701260334,basophils,URINE,0.8,Random Forest Regressor,GridSearchCV,0.024581988224644795,0.011623592044199828,88.54535116130637,-0.0645014828480841
1587.138772665651,0.005273611440245867,basophils,URINE,0.8,Random Forest Regressor,GridSearchCV,0.024581988224644795,0.011623592044199828,88.54535116130637,-0.0645014828480841
1581.353333640138,0.005138229152977215,basophils,URINE,0.8,Random Forest Regressor,GridSearchCV,0.024581988224644795,0.011623592044199828,88.54535116130637,-0.0645014828480841
1384.648406772706,0.005099764759909533,basophils,URINE,0.8,Random Forest Regressor,GridSearchCV,0.024581988224644795,0.011623592044199828,88.54535116130637,-0.0645014828480841
1390.433845798219,0.0049056888865158,basophils,URINE,0.8,Random Forest Regressor,GridSearchCV,0.024581988224644795,0.011623592044199828,88.54535116130637,-0.0645014828480841
1579.424853964967,0.004776516655041094,basophils,URINE,0.8,Random Forest Regressor,GridSearchCV,0.024581988224644795,0.011623592044199828,88.54535116130637,-0.0645014828480841
1589.067252340822,0.004661385756263014,basophils,URINE,0.8,Random Forest Regressor,GridSearchCV,0.024581988224644795,0.011623592044199828,88.54535116130637,-0.0645014828480841
1685.491236099367,0.004539868498169202,basophils,URINE,0.8,Random Forest Regressor,GridSearchCV,0.024581988224644795,0.011623592044199828,88.54535116130637,-0.0645014828480841
1681.634276749025,0.004482863481215207,basophils,URINE,0.8,Random Forest Regressor,GridSearchCV,0.024581988224644795,0.011623592044199828,88.54535116130637,-0.0645014828480841
1382.719927097535,0.004480395002635793,basophils,URINE,0.8,Random Forest Regressor,GridSearchCV,0.024581988224644795,0.011623592044199828,88.54535116130637,-0.0645014828480841
1392.36232547339,0.004469275306450599,basophils,URINE,0.8,Random Forest Regressor,GridSearchCV,0.024581988224644795,0.011623592044199828,88.54535116130637,-0.0645014828480841
1683.562756424196,0.0044006109955921505,basophils,URINE,0.8,Random Forest Regressor,GridSearchCV,0.024581988224644795,0.011623592044199828,88.54535116130637,-0.0645014828480841
929.5272034323739,0.004393287641141168,basophils,URINE,0.8,Random Forest Regressor,GridSearchCV,0.024581988224644795,0.011623592044199828,88.54535116130637,-0.0645014828480841
1577.496374289796,0.004335310005779956,basophils,URINE,0.8,Random Forest Regressor,GridSearchCV,0.024581988224644795,0.011623592044199828,88.54535116130637,-0.0645014828480841
1679.705797073854,0.00423343609350718,basophils,URINE,0.8,Random Forest Regressor,GridSearchCV,0.024581988224644795,0.011623592044199828,88.54535116130637,-0.0645014828480841
931.4556831075452,0.0042033752045739945,basophils,URINE,0.8,Random Forest Regressor,GridSearchCV,0.024581988224644795,0.011623592044199828,88.54535116130637,-0.0645014828480841
935.3126424578863,0.004203183228496909,basophils,URINE,0.8,Random Forest Regressor,GridSearchCV,0.024581988224644795,0.011623592044199828,88.54535116130637,-0.0645014828480841
1525.427423060182,0.015502598198414966,basophils,URINE,0.8,Random Forest Regressor,GridSearchCV,0.025206735994048976,0.011756578947368422,87.84833333333333,-0.11929737098938631
1652.707081621461,0.01483028083028083,basophils,URINE,0.8,Random Forest Regressor,GridSearchCV,0.025206735994048976,0.011756578947368422,87.84833333333333,-0.11929737098938631
1299.795301065187,0.01420138888888889,basophils,URINE,0.8,Random Forest Regressor,GridSearchCV,0.025206735994048976,0.011756578947368422,87.84833333333333,-0.11929737098938631
1521.57046370984,0.013492063492063487,basophils,URINE,0.8,Random Forest Regressor,GridSearchCV,0.025206735994048976,0.011756578947368422,87.84833333333333,-0.11929737098938631
1650.77860194629,0.013397299218194735,basophils,URINE,0.8,Random Forest Regressor,GridSearchCV,0.025206735994048976,0.011756578947368422,87.84833333333333,-0.11929737098938631
1766.487382456544,0.01216764698393298,basophils,URINE,0.8,Random Forest Regressor,GridSearchCV,0.025206735994048976,0.011756578947368422,87.84833333333333,-0.11929737098938631
1160.944764452882,0.010560846560846557,basophils,URINE,0.8,Random Forest Regressor,GridSearchCV,0.025206735994048976,0.011756578947368422,87.84833333333333,-0.11929737098938631
979.6676749868175,0.010088075642927833,basophils,URINE,0.8,Random Forest Regressor,GridSearchCV,0.025206735994048976,0.011756578947368422,87.84833333333333,-0.11929737098938631
1562.068536888429,0.01008235294117648,basophils,URINE,0.8,Random Forest Regressor,GridSearchCV,0.025206735994048976,0.011756578947368422,87.84833333333333,-0.11929737098938631
1712.489951551759,0.01000975467837904,basophils,URINE,0.8,Random Forest Regressor,GridSearchCV,0.025206735994048976,0.011756578947368422,87.84833333333333,-0.11929737098938631
1405.861683199586,0.009714285714285712,basophils,URINE,0.8,Random Forest Regressor,GridSearchCV,0.025206735994048976,0.011756578947368422,87.84833333333333,-0.11929737098938631
1835.912650762697,0.009578179319265905,basophils,URINE,0.8,Random Forest Regressor,GridSearchCV,0.025206735994048976,0.011756578947368422,87.84833333333333,-0.11929737098938631
1594.852691366334,0.009420449116101286,basophils,URINE,0.8,Random Forest Regressor,GridSearchCV,0.025206735994048976,0.011756578947368422,87.84833333333333,-0.11929737098938631
1729.846268628297,0.008955252974605593,basophils,URINE,0.8,Random Forest Regressor,GridSearchCV,0.025206735994048976,0.011756578947368422,87.84833333333333,-0.11929737098938631
1716.346910902101,0.00878635086732377,basophils,URINE,0.8,Random Forest Regressor,GridSearchCV,0.025206735994048976,0.011756578947368422,87.84833333333333,-0.11929737098938631
1263.15418723694,0.008444444444444449,basophils,URINE,0.8,Random Forest Regressor,GridSearchCV,0.025206735994048976,0.011756578947368422,87.84833333333333,-0.11929737098938631
1826.270252386842,0.008410038762979933,basophils,URINE,0.8,Random Forest Regressor,GridSearchCV,0.025206735994048976,0.011756578947368422,87.84833333333333,-0.11929737098938631
1220.72763438318,0.007999999999999998,basophils,URINE,0.8,Random Forest Regressor,GridSearchCV,0.025206735994048976,0.011756578947368422,87.84833333333333,-0.11929737098938631
1735.63170765381,0.007976190476190474,basophils,URINE,0.8,Random Forest Regressor,GridSearchCV,0.025206735994048976,0.011756578947368422,87.84833333333333,-0.11929737098938631
1774.201301157228,0.007848932676518877,basophils,URINE,0.8,Random Forest Regressor,GridSearchCV,0.025206735994048976,0.011756578947368422,87.84833333333333,-0.11929737098938631
1585.21029299048,0.005448410406331794,basophils,URINE,0.8,Random Forest Regressor,GridSearchCV,0.024581988224644795,0.011623592044199828,88.54535116130637,-0.0645014828480841
1386.576886447877,0.005392972918097313,basophils,URINE,0.8,Random Forest Regressor,GridSearchCV,0.024581988224644795,0.011623592044199828,88.54535116130637,-0.0645014828480841
1388.505366123048,0.005299160656944701,basophils,URINE,0.8,Random Forest Regressor,GridSearchCV,0.024581988224644795,0.011623592044199828,88.54535116130637,-0.0645014828480841
1583.281813315309,0.005294012701260335,basophils,URINE,0.8,Random Forest Regressor,GridSearchCV,0.024581988224644795,0.011623592044199828,88.54535116130637,-0.0645014828480841
1587.138772665651,0.005273611440245867,basophils,URINE,0.8,Random Forest Regressor,GridSearchCV,0.024581988224644795,0.011623592044199828,88.54535116130637,-0.0645014828480841
1581.353333640138,0.0051382291529772205,basophils,URINE,0.8,Random Forest Regressor,GridSearchCV,0.024581988224644795,0.011623592044199828,88.54535116130637,-0.0645014828480841
1384.648406772706,0.005099764759909546,basophils,URINE,0.8,Random Forest Regressor,GridSearchCV,0.024581988224644795,0.011623592044199828,88.54535116130637,-0.0645014828480841
1390.433845798219,0.00490568888651581,basophils,URINE,0.8,Random Forest Regressor,GridSearchCV,0.024581988224644795,0.011623592044199828,88.54535116130637,-0.0645014828480841
1579.424853964967,0.004776516655041097,basophils,URINE,0.8,Random Forest Regressor,GridSearchCV,0.024581988224644795,0.011623592044199828,88.54535116130637,-0.0645014828480841
1589.067252340822,0.004661385756263018,basophils,URINE,0.8,Random Forest Regressor,GridSearchCV,0.024581988224644795,0.011623592044199828,88.54535116130637,-0.0645014828480841
1685.491236099367,0.0045398684981692,basophils,URINE,0.8,Random Forest Regressor,GridSearchCV,0.024581988224644795,0.011623592044199828,88.54535116130637,-0.0645014828480841
1681.634276749025,0.004482863481215203,basophils,URINE,0.8,Random Forest Regressor,GridSearchCV,0.024581988224644795,0.011623592044199828,88.54535116130637,-0.0645014828480841
1382.719927097535,0.004480395002635805,basophils,URINE,0.8,Random Forest Regressor,GridSearchCV,0.024581988224644795,0.011623592044199828,88.54535116130637,-0.0645014828480841
1392.36232547339,0.004469275306450607,basophils,URINE,0.8,Random Forest Regressor,GridSearchCV,0.024581988224644795,0.011623592044199828,88.54535116130637,-0.0645014828480841
1683.562756424196,0.004400610995592143,basophils,URINE,0.8,Random Forest Regressor,GridSearchCV,0.024581988224644795,0.011623592044199828,88.54535116130637,-0.0645014828480841
929.5272034323739,0.00439328764114117,basophils,URINE,0.8,Random Forest Regressor,GridSearchCV,0.024581988224644795,0.011623592044199828,88.54535116130637,-0.0645014828480841
1577.496374289796,0.004335310005779962,basophils,URINE,0.8,Random Forest Regressor,GridSearchCV,0.024581988224644795,0.011623592044199828,88.54535116130637,-0.0645014828480841
1679.705797073854,0.004233436093507175,basophils,URINE,0.8,Random Forest Regressor,GridSearchCV,0.024581988224644795,0.011623592044199828,88.54535116130637,-0.0645014828480841
931.4556831075452,0.0042033752045739945,basophils,URINE,0.8,Random Forest Regressor,GridSearchCV,0.024581988224644795,0.011623592044199828,88.54535116130637,-0.0645014828480841
935.3126424578863,0.004203183228496912,basophils,URINE,0.8,Random Forest Regressor,GridSearchCV,0.024581988224644795,0.011623592044199828,88.54535116130637,-0.0645014828480841
1525.427423060182,0.015502598198414966,basophils,URINE,0.8,Random Forest Regressor,GridSearchCV,0.025206735994048976,0.011756578947368422,87.84833333333333,-0.11929737098938631
1652.707081621461,0.01483028083028083,basophils,URINE,0.8,Random Forest Regressor,GridSearchCV,0.025206735994048976,0.011756578947368422,87.84833333333333,-0.11929737098938631
1299.795301065187,0.01420138888888889,basophils,URINE,0.8,Random Forest Regressor,GridSearchCV,0.025206735994048976,0.011756578947368422,87.84833333333333,-0.11929737098938631
1521.57046370984,0.013492063492063487,basophils,URINE,0.8,Random Forest Regressor,GridSearchCV,0.025206735994048976,0.011756578947368422,87.84833333333333,-0.11929737098938631
1650.77860194629,0.013397299218194735,basophils,URINE,0.8,Random Forest Regressor,GridSearchCV,0.025206735994048976,0.011756578947368422,87.84833333333333,-0.11929737098938631
1766.487382456544,0.01216764698393298,basophils,URINE,0.8,Random Forest Regressor,GridSearchCV,0.025206735994048976,0.011756578947368422,87.84833333333333,-0.11929737098938631
1160.944764452882,0.010560846560846557,basophils,URINE,0.8,Random Forest Regressor,GridSearchCV,0.025206735994048976,0.011756578947368422,87.84833333333333,-0.11929737098938631
979.6676749868175,0.010088075642927833,basophils,URINE,0.8,Random Forest Regressor,GridSearchCV,0.025206735994048976,0.011756578947368422,87.84833333333333,-0.11929737098938631
1562.068536888429,0.01008235294117648,basophils,URINE,0.8,Random Forest Regressor,GridSearchCV,0.025206735994048976,0.011756578947368422,87.84833333333333,-0.11929737098938631
1712.489951551759,0.01000975467837904,basophils,URINE,0.8,Random Forest Regressor,GridSearchCV,0.025206735994048976,0.011756578947368422,87.84833333333333,-0.11929737098938631
1405.861683199586,0.009714285714285712,basophils,URINE,0.8,Random Forest Regressor,GridSearchCV,0.025206735994048976,0.011756578947368422,87.84833333333333,-0.11929737098938631
1835.912650762697,0.009578179319265905,basophils,URINE,0.8,Random Forest Regressor,GridSearchCV,0.025206735994048976,0.011756578947368422,87.84833333333333,-0.11929737098938631
1594.852691366334,0.009420449116101286,basophils,URINE,0.8,Random Forest Regressor,GridSearchCV,0.025206735994048976,0.011756578947368422,87.84833333333333,-0.11929737098938631
1729.846268628297,0.008955252974605593,basophils,URINE,0.8,Random Forest Regressor,GridSearchCV,0.025206735994048976,0.011756578947368422,87.84833333333333,-0.11929737098938631
1716.346910902101,0.00878635086732377,basophils,URINE,0.8,Random Forest Regressor,GridSearchCV,0.025206735994048976,0.011756578947368422,87.84833333333333,-0.11929737098938631
1263.15418723694,0.008444444444444449,basophils,URINE,0.8,Random Forest Regressor,GridSearchCV,0.025206735994048976,0.011756578947368422,87.84833333333333,-0.11929737098938631
1826.270252386842,0.008410038762979933,basophils,URINE,0.8,Random Forest Regressor,GridSearchCV,0.025206735994048976,0.011756578947368422,87.84833333333333,-0.11929737098938631
1220.72763438318,0.007999999999999998,basophils,URINE,0.8,Random Forest Regressor,GridSearchCV,0.025206735994048976,0.011756578947368422,87.84833333333333,-0.11929737098938631
1735.63170765381,0.007976190476190474,basophils,URINE,0.8,Random Forest Regressor,GridSearchCV,0.025206735994048976,0.011756578947368422,87.84833333333333,-0.11929737098938631
1774.201301157228,0.007848932676518877,basophils,URINE,0.8,Random Forest Regressor,GridSearchCV,0.025206735994048976,0.011756578947368422,87.84833333333333,-0.11929737098938631
1602.566610067018,0.014877002646414882,basophils,CAPILAR,0.8,Decision Tree Regressor,GridSearchCV,0.022998855806779885,0.005526315789473685,50.0,0.005986465382612827
1600.638130391847,0.009245456630004378,basophils,CAPILAR,0.8,Decision Tree Regressor,GridSearchCV,0.022998855806779885,0.005526315789473685,50.0,0.005986465382612827
1641.136203570436,0.00830188795053497,basophils,CAPILAR,0.8,Decision Tree Regressor,GridSearchCV,0.022998855806779885,0.005526315789473685,50.0,0.005986465382612827
1639.207723895265,0.008259443873205135,basophils,CAPILAR,0.8,Decision Tree Regressor,GridSearchCV,0.022998855806779885,0.005526315789473685,50.0,0.005986465382612827
1604.495089742189,0.008241142464761547,basophils,CAPILAR,0.8,Decision Tree Regressor,GridSearchCV,0.022998855806779885,0.005526315789473685,50.0,0.005986465382612827
1637.279244220094,0.007224485260171356,basophils,CAPILAR,0.8,Decision Tree Regressor,GridSearchCV,0.022998855806779885,0.005526315789473685,50.0,0.005986465382612827
1174.444122179078,0.007148075487307012,basophils,CAPILAR,0.8,Decision Tree Regressor,GridSearchCV,0.022998855806779885,0.005526315789473685,50.0,0.005986465382612827
1172.515642503907,0.0070612585088365015,basophils,CAPILAR,0.8,Decision Tree Regressor,GridSearchCV,0.022998855806779885,0.005526315789473685,50.0,0.005986465382612827
1643.064683245607,0.006625710884946408,basophils,CAPILAR,0.8,Decision Tree Regressor,GridSearchCV,0.022998855806779885,0.005526315789473685,50.0,0.005986465382612827
1176.372601854249,0.006582095593466617,basophils,CAPILAR,0.8,Decision Tree Regressor,GridSearchCV,0.022998855806779885,0.005526315789473685,50.0,0.005986465382612827
1170.587162828736,0.006320486699637178,basophils,CAPILAR,0.8,Decision Tree Regressor,GridSearchCV,0.022998855806779885,0.005526315789473685,50.0,0.005986465382612827
3048.926366445193,0.006178268248909102,basophils,CAPILAR,0.8,Decision Tree Regressor,GridSearchCV,0.022998855806779885,0.005526315789473685,50.0,0.005986465382612827
1168.658683153565,0.005864581522184202,basophils,CAPILAR,0.8,Decision Tree Regressor,GridSearchCV,0.022998855806779885,0.005526315789473685,50.0,0.005986465382612827
1635.350764544923,0.005809163471764385,basophils,CAPILAR,0.8,Decision Tree Regressor,GridSearchCV,0.022998855806779885,0.005526315789473685,50.0,0.005986465382612827
1178.30108152942,0.005572190467915749,basophils,CAPILAR,0.8,Decision Tree Regressor,GridSearchCV,0.022998855806779885,0.005526315789473685,50.0,0.005986465382612827
1166.730203478395,0.00551870905962798,basophils,CAPILAR,0.8,Decision Tree Regressor,GridSearchCV,0.022998855806779885,0.005526315789473685,50.0,0.005986465382612827
1598.709650716676,0.005195380792890151,basophils,CAPILAR,0.8,Decision Tree Regressor,GridSearchCV,0.022998855806779885,0.005526315789473685,50.0,0.005986465382612827
1606.42356941736,0.005031550371437994,basophils,CAPILAR,0.8,Decision Tree Regressor,GridSearchCV,0.022998855806779885,0.005526315789473685,50.0,0.005986465382612827
1041.379024592286,0.004781284995243477,basophils,CAPILAR,0.8,Decision Tree Regressor,GridSearchCV,0.022998855806779885,0.005526315789473685,50.0,0.005986465382612827
1164.801723803224,0.004715328521774127,basophils,CAPILAR,0.8,Decision Tree Regressor,GridSearchCV,0.022998855806779885,0.005526315789473685,50.0,0.005986465382612827
1353.792731969972,0.9999999999999964,basophils,CAPILAR,0.8,Decision Tree Regressor,GridSearchCV,0.023169853371636993,0.005789473684210527,75.0,-0.008849557522124352
1029.808146541261,1.0780067314998683e-15,basophils,CAPILAR,0.8,Decision Tree Regressor,GridSearchCV,0.023169853371636993,0.005789473684210527,75.0,-0.008849557522124352
1027.87966686609,1.016052321643554e-15,basophils,CAPILAR,0.8,Decision Tree Regressor,GridSearchCV,0.023169853371636993,0.005789473684210527,75.0,-0.008849557522124352
1290.152902689332,2.9738116731030853e-16,basophils,CAPILAR,0.8,Decision Tree Regressor,GridSearchCV,0.023169853371636993,0.005789473684210527,75.0,-0.008849557522124352
2512.809016747683,2.9738116731030853e-16,basophils,CAPILAR,0.8,Decision Tree Regressor,GridSearchCV,0.023169853371636993,0.005789473684210527,75.0,-0.008849557522124352
1078.020138420533,2.230358754827314e-16,basophils,CAPILAR,0.8,Decision Tree Regressor,GridSearchCV,0.023169853371636993,0.005789473684210527,75.0,-0.008849557522124352
1637.279244220094,1.4249514266952284e-16,basophils,CAPILAR,0.8,Decision Tree Regressor,GridSearchCV,0.023169853371636993,0.005789473684210527,75.0,-0.008849557522124352
1157.08780510254,1.115179377413657e-16,basophils,CAPILAR,0.8,Decision Tree Regressor,GridSearchCV,0.023169853371636993,0.005789473684210527,75.0,-0.008849557522124352
1729.846268628297,1.115179377413657e-16,basophils,CAPILAR,0.8,Decision Tree Regressor,GridSearchCV,0.023169853371636993,0.005789473684210527,75.0,-0.008849557522124352
1220.72763438318,1.115179377413657e-16,basophils,CAPILAR,0.8,Decision Tree Regressor,GridSearchCV,0.023169853371636993,0.005789473684210527,75.0,-0.008849557522124352
1604.495089742189,9.912705577010282e-17,basophils,CAPILAR,0.8,Decision Tree Regressor,GridSearchCV,0.023169853371636993,0.005789473684210527,75.0,-0.008849557522124352
2886.934073730837,9.912705577010282e-17,basophils,CAPILAR,0.8,Decision Tree Regressor,GridSearchCV,0.023169853371636993,0.005789473684210527,75.0,-0.008849557522124352
1351.864252294801,2.1684043449709993e-17,basophils,CAPILAR,0.8,Decision Tree Regressor,GridSearchCV,0.023169853371636993,0.005789473684210527,75.0,-0.008849557522124352
2942.859984310793,6.1954409856314265e-18,basophils,CAPILAR,0.8,Decision Tree Regressor,GridSearchCV,0.023169853371636993,0.005789473684210527,75.0,-0.008849557522124352
2672.872829786867,0.0,basophils,CAPILAR,0.8,Decision Tree Regressor,GridSearchCV,0.023169853371636993,0.005789473684210527,75.0,-0.008849557522124352
2557.164049276613,0.0,basophils,CAPILAR,0.8,Decision Tree Regressor,GridSearchCV,0.023169853371636993,0.005789473684210527,75.0,-0.008849557522124352
2559.092528951784,0.0,basophils,CAPILAR,0.8,Decision Tree Regressor,GridSearchCV,0.023169853371636993,0.005789473684210527,75.0,-0.008849557522124352
2561.021008626955,0.0,basophils,CAPILAR,0.8,Decision Tree Regressor,GridSearchCV,0.023169853371636993,0.005789473684210527,75.0,-0.008849557522124352
2562.949488302126,0.0,basophils,CAPILAR,0.8,Decision Tree Regressor,GridSearchCV,0.023169853371636993,0.005789473684210527,75.0,-0.008849557522124352
2564.877967977297,0.0,basophils,CAPILAR,0.8,Decision Tree Regressor,GridSearchCV,0.023169853371636993,0.005789473684210527,75.0,-0.008849557522124352
1602.566610067018,0.014877002646414887,basophils,CAPILAR,0.8,Decision Tree Regressor,GridSearchCV,0.022998855806779885,0.005526315789473685,50.0,0.005986465382612827
1600.638130391847,0.009245456630004386,basophils,CAPILAR,0.8,Decision Tree Regressor,GridSearchCV,0.022998855806779885,0.005526315789473685,50.0,0.005986465382612827
1641.136203570436,0.008301887950534962,basophils,CAPILAR,0.8,Decision Tree Regressor,GridSearchCV,0.022998855806779885,0.005526315789473685,50.0,0.005986465382612827
1639.207723895265,0.008259443873205133,basophils,CAPILAR,0.8,Decision Tree Regressor,GridSearchCV,0.022998855806779885,0.005526315789473685,50.0,0.005986465382612827
1604.495089742189,0.008241142464761552,basophils,CAPILAR,0.8,Decision Tree Regressor,GridSearchCV,0.022998855806779885,0.005526315789473685,50.0,0.005986465382612827
1637.279244220094,0.007224485260171354,basophils,CAPILAR,0.8,Decision Tree Regressor,GridSearchCV,0.022998855806779885,0.005526315789473685,50.0,0.005986465382612827
1174.444122179078,0.007148075487307012,basophils,CAPILAR,0.8,Decision Tree Regressor,GridSearchCV,0.022998855806779885,0.005526315789473685,50.0,0.005986465382612827
1172.515642503907,0.007061258508836503,basophils,CAPILAR,0.8,Decision Tree Regressor,GridSearchCV,0.022998855806779885,0.005526315789473685,50.0,0.005986465382612827
1643.064683245607,0.006625710884946403,basophils,CAPILAR,0.8,Decision Tree Regressor,GridSearchCV,0.022998855806779885,0.005526315789473685,50.0,0.005986465382612827
1176.372601854249,0.00658209559346662,basophils,CAPILAR,0.8,Decision Tree Regressor,GridSearchCV,0.022998855806779885,0.005526315789473685,50.0,0.005986465382612827
1170.587162828736,0.006320486699637178,basophils,CAPILAR,0.8,Decision Tree Regressor,GridSearchCV,0.022998855806779885,0.005526315789473685,50.0,0.005986465382612827
3048.926366445193,0.0061782682489091014,basophils,CAPILAR,0.8,Decision Tree Regressor,GridSearchCV,0.022998855806779885,0.005526315789473685,50.0,0.005986465382612827
1168.658683153565,0.005864581522184203,basophils,CAPILAR,0.8,Decision Tree Regressor,GridSearchCV,0.022998855806779885,0.005526315789473685,50.0,0.005986465382612827
1635.350764544923,0.005809163471764387,basophils,CAPILAR,0.8,Decision Tree Regressor,GridSearchCV,0.022998855806779885,0.005526315789473685,50.0,0.005986465382612827
1178.30108152942,0.005572190467915749,basophils,CAPILAR,0.8,Decision Tree Regressor,GridSearchCV,0.022998855806779885,0.005526315789473685,50.0,0.005986465382612827
1166.730203478395,0.005518709059627978,basophils,CAPILAR,0.8,Decision Tree Regressor,GridSearchCV,0.022998855806779885,0.005526315789473685,50.0,0.005986465382612827
1598.709650716676,0.005195380792890154,basophils,CAPILAR,0.8,Decision Tree Regressor,GridSearchCV,0.022998855806779885,0.005526315789473685,50.0,0.005986465382612827
1606.42356941736,0.005031550371437998,basophils,CAPILAR,0.8,Decision Tree Regressor,GridSearchCV,0.022998855806779885,0.005526315789473685,50.0,0.005986465382612827
1041.379024592286,0.004781284995243478,basophils,CAPILAR,0.8,Decision Tree Regressor,GridSearchCV,0.022998855806779885,0.005526315789473685,50.0,0.005986465382612827
1164.801723803224,0.004715328521774126,basophils,CAPILAR,0.8,Decision Tree Regressor,GridSearchCV,0.022998855806779885,0.005526315789473685,50.0,0.005986465382612827
1353.792731969972,0.9999999999999964,basophils,CAPILAR,0.8,Decision Tree Regressor,GridSearchCV,0.023169853371636993,0.005789473684210527,75.0,-0.008849557522124352
1029.808146541261,1.0780067314998683e-15,basophils,CAPILAR,0.8,Decision Tree Regressor,GridSearchCV,0.023169853371636993,0.005789473684210527,75.0,-0.008849557522124352
1027.87966686609,1.016052321643554e-15,basophils,CAPILAR,0.8,Decision Tree Regressor,GridSearchCV,0.023169853371636993,0.005789473684210527,75.0,-0.008849557522124352
1290.152902689332,2.9738116731030853e-16,basophils,CAPILAR,0.8,Decision Tree Regressor,GridSearchCV,0.023169853371636993,0.005789473684210527,75.0,-0.008849557522124352
2512.809016747683,2.9738116731030853e-16,basophils,CAPILAR,0.8,Decision Tree Regressor,GridSearchCV,0.023169853371636993,0.005789473684210527,75.0,-0.008849557522124352
1078.020138420533,2.230358754827314e-16,basophils,CAPILAR,0.8,Decision Tree Regressor,GridSearchCV,0.023169853371636993,0.005789473684210527,75.0,-0.008849557522124352
1637.279244220094,1.4249514266952284e-16,basophils,CAPILAR,0.8,Decision Tree Regressor,GridSearchCV,0.023169853371636993,0.005789473684210527,75.0,-0.008849557522124352
1157.08780510254,1.115179377413657e-16,basophils,CAPILAR,0.8,Decision Tree Regressor,GridSearchCV,0.023169853371636993,0.005789473684210527,75.0,-0.008849557522124352
1729.846268628297,1.115179377413657e-16,basophils,CAPILAR,0.8,Decision Tree Regressor,GridSearchCV,0.023169853371636993,0.005789473684210527,75.0,-0.008849557522124352
1220.72763438318,1.115179377413657e-16,basophils,CAPILAR,0.8,Decision Tree Regressor,GridSearchCV,0.023169853371636993,0.005789473684210527,75.0,-0.008849557522124352
1604.495089742189,9.912705577010282e-17,basophils,CAPILAR,0.8,Decision Tree Regressor,GridSearchCV,0.023169853371636993,0.005789473684210527,75.0,-0.008849557522124352
2886.934073730837,9.912705577010282e-17,basophils,CAPILAR,0.8,Decision Tree Regressor,GridSearchCV,0.023169853371636993,0.005789473684210527,75.0,-0.008849557522124352
1351.864252294801,2.1684043449709993e-17,basophils,CAPILAR,0.8,Decision Tree Regressor,GridSearchCV,0.023169853371636993,0.005789473684210527,75.0,-0.008849557522124352
2942.859984310793,6.1954409856314265e-18,basophils,CAPILAR,0.8,Decision Tree Regressor,GridSearchCV,0.023169853371636993,0.005789473684210527,75.0,-0.008849557522124352
2672.872829786867,0.0,basophils,CAPILAR,0.8,Decision Tree Regressor,GridSearchCV,0.023169853371636993,0.005789473684210527,75.0,-0.008849557522124352
2557.164049276613,0.0,basophils,CAPILAR,0.8,Decision Tree Regressor,GridSearchCV,0.023169853371636993,0.005789473684210527,75.0,-0.008849557522124352
2559.092528951784,0.0,basophils,CAPILAR,0.8,Decision Tree Regressor,GridSearchCV,0.023169853371636993,0.005789473684210527,75.0,-0.008849557522124352
2561.021008626955,0.0,basophils,CAPILAR,0.8,Decision Tree Regressor,GridSearchCV,0.023169853371636993,0.005789473684210527,75.0,-0.008849557522124352
2562.949488302126,0.0,basophils,CAPILAR,0.8,Decision Tree Regressor,GridSearchCV,0.023169853371636993,0.005789473684210527,75.0,-0.008849557522124352
2564.877967977297,0.0,basophils,CAPILAR,0.8,Decision Tree Regressor,GridSearchCV,0.023169853371636993,0.005789473684210527,75.0,-0.008849557522124352
1133.946049000489,0.0036967112164638873,basophils,PLASMA,0.8,Decision Tree Regressor,GridSearchCV,0.017857542775235345,0.008021486643437863,68.33333333333333,-0.1493507137703567
1135.87452867566,0.0036853534675050596,basophils,PLASMA,0.8,Decision Tree Regressor,GridSearchCV,0.017857542775235345,0.008021486643437863,68.33333333333333,-0.1493507137703567
1132.017569325318,0.003569007645989217,basophils,PLASMA,0.8,Decision Tree Regressor,GridSearchCV,0.017857542775235345,0.008021486643437863,68.33333333333333,-0.1493507137703567
1137.803008350831,0.0035450904796977428,basophils,PLASMA,0.8,Decision Tree Regressor,GridSearchCV,0.017857542775235345,0.008021486643437863,68.33333333333333,-0.1493507137703567
1114.66125224878,0.003538705726527884,basophils,PLASMA,0.8,Decision Tree Regressor,GridSearchCV,0.017857542775235345,0.008021486643437863,68.33333333333333,-0.1493507137703567
1116.589731923951,0.0035120746465088244,basophils,PLASMA,0.8,Decision Tree Regressor,GridSearchCV,0.017857542775235345,0.008021486643437863,68.33333333333333,-0.1493507137703567
941.0980814833993,0.003502998279993143,basophils,PLASMA,0.8,Decision Tree Regressor,GridSearchCV,0.017857542775235345,0.008021486643437863,68.33333333333333,-0.1493507137703567
943.0265611585701,0.0034859003716412097,basophils,PLASMA,0.8,Decision Tree Regressor,GridSearchCV,0.017857542775235345,0.008021486643437863,68.33333333333333,-0.1493507137703567
1112.732772573609,0.0034734494422034435,basophils,PLASMA,0.8,Decision Tree Regressor,GridSearchCV,0.017857542775235345,0.008021486643437863,68.33333333333333,-0.1493507137703567
1118.518211599122,0.003445218314937827,basophils,PLASMA,0.8,Decision Tree Regressor,GridSearchCV,0.017857542775235345,0.008021486643437863,68.33333333333333,-0.1493507137703567
1130.089089650148,0.003431015514502442,basophils,PLASMA,0.8,Decision Tree Regressor,GridSearchCV,0.017857542775235345,0.008021486643437863,68.33333333333333,-0.1493507137703567
929.5272034323739,0.003418630021187482,basophils,PLASMA,0.8,Decision Tree Regressor,GridSearchCV,0.017857542775235345,0.008021486643437863,68.33333333333333,-0.1493507137703567
1120.446691274293,0.003404803371325094,basophils,PLASMA,0.8,Decision Tree Regressor,GridSearchCV,0.017857542775235345,0.008021486643437863,68.33333333333333,-0.1493507137703567
1122.375170949464,0.003392294147512181,basophils,PLASMA,0.8,Decision Tree Regressor,GridSearchCV,0.017857542775235345,0.008021486643437863,68.33333333333333,-0.1493507137703567
968.0967969357921,0.003390425954624708,basophils,PLASMA,0.8,Decision Tree Regressor,GridSearchCV,0.017857542775235345,0.008021486643437863,68.33333333333333,-0.1493507137703567
1139.731488026002,0.0033623180755898777,basophils,PLASMA,0.8,Decision Tree Regressor,GridSearchCV,0.017857542775235345,0.008021486643437863,68.33333333333333,-0.1493507137703567
966.1683172606208,0.0033594843872880643,basophils,PLASMA,0.8,Decision Tree Regressor,GridSearchCV,0.017857542775235345,0.008021486643437863,68.33333333333333,-0.1493507137703567
931.4556831075452,0.0033500812188142857,basophils,PLASMA,0.8,Decision Tree Regressor,GridSearchCV,0.017857542775235345,0.008021486643437863,68.33333333333333,-0.1493507137703567
1124.303650624635,0.0033307573874403295,basophils,PLASMA,0.8,Decision Tree Regressor,GridSearchCV,0.017857542775235345,0.008021486643437863,68.33333333333333,-0.1493507137703567
1128.160609974977,0.003328953503460781,basophils,PLASMA,0.8,Decision Tree Regressor,GridSearchCV,0.017857542775235345,0.008021486643437863,68.33333333333333,-0.1493507137703567
979.6676749868175,0.3999999999999991,basophils,PLASMA,0.8,Decision Tree Regressor,GridSearchCV,0.020541451251364768,0.006097560975609756,100.0,-0.5207975986277875
1000.880951413697,0.3199999999999997,basophils,PLASMA,0.8,Decision Tree Regressor,GridSearchCV,0.020541451251364768,0.006097560975609756,100.0,-0.5207975986277875
1527.355902735353,0.15999999999999975,basophils,PLASMA,0.8,Decision Tree Regressor,GridSearchCV,0.020541451251364768,0.006097560975609756,100.0,-0.5207975986277875
2784.72465094678,0.07999999999999992,basophils,PLASMA,0.8,Decision Tree Regressor,GridSearchCV,0.020541451251364768,0.006097560975609756,100.0,-0.5207975986277875
1178.30108152942,0.039999999999999904,basophils,PLASMA,0.8,Decision Tree Regressor,GridSearchCV,0.020541451251364768,0.006097560975609756,100.0,-0.5207975986277875
1720.203870252443,9.436895709313813e-16,basophils,PLASMA,0.8,Decision Tree Regressor,GridSearchCV,0.020541451251364768,0.006097560975609756,100.0,-0.5207975986277875
1162.873244128053,4.996003610813196e-16,basophils,PLASMA,0.8,Decision Tree Regressor,GridSearchCV,0.020541451251364768,0.006097560975609756,100.0,-0.5207975986277875
2576.448846028322,1.2836953722228348e-16,basophils,PLASMA,0.8,Decision Tree Regressor,GridSearchCV,0.020541451251364768,0.006097560975609756,100.0,-0.5207975986277875
1263.15418723694,1.249000902703299e-16,basophils,PLASMA,0.8,Decision Tree Regressor,GridSearchCV,0.020541451251364768,0.006097560975609756,100.0,-0.5207975986277875
1218.799154708009,5.0306980803327313e-17,basophils,PLASMA,0.8,Decision Tree Regressor,GridSearchCV,0.020541451251364768,0.006097560975609756,100.0,-0.5207975986277875
1415.504081575441,3.122502256758247e-17,basophils,PLASMA,0.8,Decision Tree Regressor,GridSearchCV,0.020541451251364768,0.006097560975609756,100.0,-0.5207975986277875
2721.08482166614,3.122502256758247e-17,basophils,PLASMA,0.8,Decision Tree Regressor,GridSearchCV,0.020541451251364768,0.006097560975609756,100.0,-0.5207975986277875
1348.007292944459,2.775557561562886e-17,basophils,PLASMA,0.8,Decision Tree Regressor,GridSearchCV,0.020541451251364768,0.006097560975609756,100.0,-0.5207975986277875
2553.307089926272,1.9081958235744844e-17,basophils,PLASMA,0.8,Decision Tree Regressor,GridSearchCV,0.020541451251364768,0.006097560975609756,100.0,-0.5207975986277875
1621.851406818727,8.673617379884019e-19,basophils,PLASMA,0.8,Decision Tree Regressor,GridSearchCV,0.020541451251364768,0.006097560975609756,100.0,-0.5207975986277875
2561.021008626955,0.0,basophils,PLASMA,0.8,Decision Tree Regressor,GridSearchCV,0.020541451251364768,0.006097560975609756,100.0,-0.5207975986277875
2564.877967977297,0.0,basophils,PLASMA,0.8,Decision Tree Regressor,GridSearchCV,0.020541451251364768,0.006097560975609756,100.0,-0.5207975986277875
2562.949488302126,0.0,basophils,PLASMA,0.8,Decision Tree Regressor,GridSearchCV,0.020541451251364768,0.006097560975609756,100.0,-0.5207975986277875
2568.734927327639,0.0,basophils,PLASMA,0.8,Decision Tree Regressor,GridSearchCV,0.020541451251364768,0.006097560975609756,100.0,-0.5207975986277875
2566.806447652468,0.0,basophils,PLASMA,0.8,Decision Tree Regressor,GridSearchCV,0.020541451251364768,0.006097560975609756,100.0,-0.5207975986277875
1133.946049000489,0.003696711216463887,basophils,PLASMA,0.8,Decision Tree Regressor,GridSearchCV,0.017857542775235345,0.008021486643437863,68.33333333333333,-0.1493507137703567
1135.87452867566,0.003685353467505058,basophils,PLASMA,0.8,Decision Tree Regressor,GridSearchCV,0.017857542775235345,0.008021486643437863,68.33333333333333,-0.1493507137703567
1132.017569325318,0.0035690076459892147,basophils,PLASMA,0.8,Decision Tree Regressor,GridSearchCV,0.017857542775235345,0.008021486643437863,68.33333333333333,-0.1493507137703567
1137.803008350831,0.0035450904796977406,basophils,PLASMA,0.8,Decision Tree Regressor,GridSearchCV,0.017857542775235345,0.008021486643437863,68.33333333333333,-0.1493507137703567
1114.66125224878,0.0035387057265278826,basophils,PLASMA,0.8,Decision Tree Regressor,GridSearchCV,0.017857542775235345,0.008021486643437863,68.33333333333333,-0.1493507137703567
1116.589731923951,0.003512074646508822,basophils,PLASMA,0.8,Decision Tree Regressor,GridSearchCV,0.017857542775235345,0.008021486643437863,68.33333333333333,-0.1493507137703567
941.0980814833993,0.003502998279993145,basophils,PLASMA,0.8,Decision Tree Regressor,GridSearchCV,0.017857542775235345,0.008021486643437863,68.33333333333333,-0.1493507137703567
943.0265611585701,0.003485900371641212,basophils,PLASMA,0.8,Decision Tree Regressor,GridSearchCV,0.017857542775235345,0.008021486643437863,68.33333333333333,-0.1493507137703567
1112.732772573609,0.0034734494422034427,basophils,PLASMA,0.8,Decision Tree Regressor,GridSearchCV,0.017857542775235345,0.008021486643437863,68.33333333333333,-0.1493507137703567
1118.518211599122,0.003445218314937824,basophils,PLASMA,0.8,Decision Tree Regressor,GridSearchCV,0.017857542775235345,0.008021486643437863,68.33333333333333,-0.1493507137703567
1130.089089650148,0.0034310155145024397,basophils,PLASMA,0.8,Decision Tree Regressor,GridSearchCV,0.017857542775235345,0.008021486643437863,68.33333333333333,-0.1493507137703567
929.5272034323739,0.0034186300211874847,basophils,PLASMA,0.8,Decision Tree Regressor,GridSearchCV,0.017857542775235345,0.008021486643437863,68.33333333333333,-0.1493507137703567
1120.446691274293,0.0034048033713250914,basophils,PLASMA,0.8,Decision Tree Regressor,GridSearchCV,0.017857542775235345,0.008021486643437863,68.33333333333333,-0.1493507137703567
1122.375170949464,0.003392294147512179,basophils,PLASMA,0.8,Decision Tree Regressor,GridSearchCV,0.017857542775235345,0.008021486643437863,68.33333333333333,-0.1493507137703567
968.0967969357921,0.003390425954624709,basophils,PLASMA,0.8,Decision Tree Regressor,GridSearchCV,0.017857542775235345,0.008021486643437863,68.33333333333333,-0.1493507137703567
1139.731488026002,0.003362318075589877,basophils,PLASMA,0.8,Decision Tree Regressor,GridSearchCV,0.017857542775235345,0.008021486643437863,68.33333333333333,-0.1493507137703567
966.1683172606208,0.0033594843872880647,basophils,PLASMA,0.8,Decision Tree Regressor,GridSearchCV,0.017857542775235345,0.008021486643437863,68.33333333333333,-0.1493507137703567
931.4556831075452,0.003350081218814288,basophils,PLASMA,0.8,Decision Tree Regressor,GridSearchCV,0.017857542775235345,0.008021486643437863,68.33333333333333,-0.1493507137703567
1124.303650624635,0.0033307573874403265,basophils,PLASMA,0.8,Decision Tree Regressor,GridSearchCV,0.017857542775235345,0.008021486643437863,68.33333333333333,-0.1493507137703567
1128.160609974977,0.0033289535034607787,basophils,PLASMA,0.8,Decision Tree Regressor,GridSearchCV,0.017857542775235345,0.008021486643437863,68.33333333333333,-0.1493507137703567
979.6676749868175,0.3999999999999991,basophils,PLASMA,0.8,Decision Tree Regressor,GridSearchCV,0.020541451251364768,0.006097560975609756,100.0,-0.5207975986277875
1000.880951413697,0.3199999999999997,basophils,PLASMA,0.8,Decision Tree Regressor,GridSearchCV,0.020541451251364768,0.006097560975609756,100.0,-0.5207975986277875
1527.355902735353,0.15999999999999975,basophils,PLASMA,0.8,Decision Tree Regressor,GridSearchCV,0.020541451251364768,0.006097560975609756,100.0,-0.5207975986277875
2784.72465094678,0.07999999999999992,basophils,PLASMA,0.8,Decision Tree Regressor,GridSearchCV,0.020541451251364768,0.006097560975609756,100.0,-0.5207975986277875
1178.30108152942,0.039999999999999904,basophils,PLASMA,0.8,Decision Tree Regressor,GridSearchCV,0.020541451251364768,0.006097560975609756,100.0,-0.5207975986277875
1720.203870252443,9.436895709313813e-16,basophils,PLASMA,0.8,Decision Tree Regressor,GridSearchCV,0.020541451251364768,0.006097560975609756,100.0,-0.5207975986277875
1162.873244128053,4.996003610813196e-16,basophils,PLASMA,0.8,Decision Tree Regressor,GridSearchCV,0.020541451251364768,0.006097560975609756,100.0,-0.5207975986277875
2576.448846028322,1.2836953722228348e-16,basophils,PLASMA,0.8,Decision Tree Regressor,GridSearchCV,0.020541451251364768,0.006097560975609756,100.0,-0.5207975986277875
1263.15418723694,1.249000902703299e-16,basophils,PLASMA,0.8,Decision Tree Regressor,GridSearchCV,0.020541451251364768,0.006097560975609756,100.0,-0.5207975986277875
1218.799154708009,5.0306980803327313e-17,basophils,PLASMA,0.8,Decision Tree Regressor,GridSearchCV,0.020541451251364768,0.006097560975609756,100.0,-0.5207975986277875
1415.504081575441,3.122502256758247e-17,basophils,PLASMA,0.8,Decision Tree Regressor,GridSearchCV,0.020541451251364768,0.006097560975609756,100.0,-0.5207975986277875
2721.08482166614,3.122502256758247e-17,basophils,PLASMA,0.8,Decision Tree Regressor,GridSearchCV,0.020541451251364768,0.006097560975609756,100.0,-0.5207975986277875
1348.007292944459,2.775557561562886e-17,basophils,PLASMA,0.8,Decision Tree Regressor,GridSearchCV,0.020541451251364768,0.006097560975609756,100.0,-0.5207975986277875
2553.307089926272,1.9081958235744844e-17,basophils,PLASMA,0.8,Decision Tree Regressor,GridSearchCV,0.020541451251364768,0.006097560975609756,100.0,-0.5207975986277875
1621.851406818727,8.673617379884019e-19,basophils,PLASMA,0.8,Decision Tree Regressor,GridSearchCV,0.020541451251364768,0.006097560975609756,100.0,-0.5207975986277875
2561.021008626955,0.0,basophils,PLASMA,0.8,Decision Tree Regressor,GridSearchCV,0.020541451251364768,0.006097560975609756,100.0,-0.5207975986277875
2564.877967977297,0.0,basophils,PLASMA,0.8,Decision Tree Regressor,GridSearchCV,0.020541451251364768,0.006097560975609756,100.0,-0.5207975986277875
2562.949488302126,0.0,basophils,PLASMA,0.8,Decision Tree Regressor,GridSearchCV,0.020541451251364768,0.006097560975609756,100.0,-0.5207975986277875
2568.734927327639,0.0,basophils,PLASMA,0.8,Decision Tree Regressor,GridSearchCV,0.020541451251364768,0.006097560975609756,100.0,-0.5207975986277875
2566.806447652468,0.0,basophils,PLASMA,0.8,Decision Tree Regressor,GridSearchCV,0.020541451251364768,0.006097560975609756,100.0,-0.5207975986277875
950.7404798592538,0.006311400634381037,basophils,SALIVA,0.8,Decision Tree Regressor,GridSearchCV,0.018192096661802923,0.0054761904761904765,100.0,-0.09902108433734935
952.6689595344246,0.00608731305737652,basophils,SALIVA,0.8,Decision Tree Regressor,GridSearchCV,0.018192096661802923,0.0054761904761904765,100.0,-0.09902108433734935
948.812000184083,0.005714102146632195,basophils,SALIVA,0.8,Decision Tree Regressor,GridSearchCV,0.018192096661802923,0.0054761904761904765,100.0,-0.09902108433734935
954.5974392095954,0.005399951344637821,basophils,SALIVA,0.8,Decision Tree Regressor,GridSearchCV,0.018192096661802923,0.0054761904761904765,100.0,-0.09902108433734935
1727.917788953126,0.005026735621250944,basophils,SALIVA,0.8,Decision Tree Regressor,GridSearchCV,0.018192096661802923,0.0054761904761904765,100.0,-0.09902108433734935
1263.15418723694,0.0049201552241459065,basophils,SALIVA,0.8,Decision Tree Regressor,GridSearchCV,0.018192096661802923,0.0054761904761904765,100.0,-0.09902108433734935
1261.225707561769,0.004817892205488611,basophils,SALIVA,0.8,Decision Tree Regressor,GridSearchCV,0.018192096661802923,0.0054761904761904765,100.0,-0.09902108433734935
946.8835205089117,0.0048110152093549605,basophils,SALIVA,0.8,Decision Tree Regressor,GridSearchCV,0.018192096661802923,0.0054761904761904765,100.0,-0.09902108433734935
1259.297227886598,0.0047217725140149824,basophils,SALIVA,0.8,Decision Tree Regressor,GridSearchCV,0.018192096661802923,0.0054761904761904765,100.0,-0.09902108433734935
1265.08266691211,0.004667521847514235,basophils,SALIVA,0.8,Decision Tree Regressor,GridSearchCV,0.018192096661802923,0.0054761904761904765,100.0,-0.09902108433734935
1257.368748211427,0.004461537901183819,basophils,SALIVA,0.8,Decision Tree Regressor,GridSearchCV,0.018192096661802923,0.0054761904761904765,100.0,-0.09902108433734935
1267.011146587281,0.004290440437578448,basophils,SALIVA,0.8,Decision Tree Regressor,GridSearchCV,0.018192096661802923,0.0054761904761904765,100.0,-0.09902108433734935
956.5259188847667,0.004267797582788018,basophils,SALIVA,0.8,Decision Tree Regressor,GridSearchCV,0.018192096661802923,0.0054761904761904765,100.0,-0.09902108433734935
939.1696018082284,0.00426663337167026,basophils,SALIVA,0.8,Decision Tree Regressor,GridSearchCV,0.018192096661802923,0.0054761904761904765,100.0,-0.09902108433734935
1268.939626262452,0.00426262117017669,basophils,SALIVA,0.8,Decision Tree Regressor,GridSearchCV,0.018192096661802923,0.0054761904761904765,100.0,-0.09902108433734935
944.9550408337414,0.004262221590760393,basophils,SALIVA,0.8,Decision Tree Regressor,GridSearchCV,0.018192096661802923,0.0054761904761904765,100.0,-0.09902108433734935
1270.868105937623,0.004107625367570428,basophils,SALIVA,0.8,Decision Tree Regressor,GridSearchCV,0.018192096661802923,0.0054761904761904765,100.0,-0.09902108433734935
1255.440268536256,0.004107093563901935,basophils,SALIVA,0.8,Decision Tree Regressor,GridSearchCV,0.018192096661802923,0.0054761904761904765,100.0,-0.09902108433734935
937.2411221330576,0.004064778953453938,basophils,SALIVA,0.8,Decision Tree Regressor,GridSearchCV,0.018192096661802923,0.0054761904761904765,100.0,-0.09902108433734935
962.3113579102792,0.004054602875438348,basophils,SALIVA,0.8,Decision Tree Regressor,GridSearchCV,0.018192096661802923,0.0054761904761904765,100.0,-0.09902108433734935
993.1670327130137,0.4999999999999976,basophils,SALIVA,0.8,Decision Tree Regressor,GridSearchCV,0.018126539343499313,0.0071428571428571435,66.66666666666666,-0.09111445783132499
2555.235569601442,0.24999999999999883,basophils,SALIVA,0.8,Decision Tree Regressor,GridSearchCV,0.018126539343499313,0.0071428571428571435,66.66666666666666,-0.09111445783132499
1261.225707561769,0.2499999999999985,basophils,SALIVA,0.8,Decision Tree Regressor,GridSearchCV,0.018126539343499313,0.0071428571428571435,66.66666666666666,-0.09111445783132499
1151.302366077027,1.1275702593849183e-15,basophils,SALIVA,0.8,Decision Tree Regressor,GridSearchCV,0.018126539343499313,0.0071428571428571435,66.66666666666666,-0.09111445783132499
2865.720797303957,1.0950441942103534e-15,basophils,SALIVA,0.8,Decision Tree Regressor,GridSearchCV,0.018126539343499313,0.0071428571428571435,66.66666666666666,-0.09111445783132499
1078.020138420533,6.93889390390719e-16,basophils,SALIVA,0.8,Decision Tree Regressor,GridSearchCV,0.018126539343499313,0.0071428571428571435,66.66666666666666,-0.09111445783132499
2763.5113745199,5.6378512969245915e-16,basophils,SALIVA,0.8,Decision Tree Regressor,GridSearchCV,0.018126539343499313,0.0071428571428571435,66.66666666666666,-0.09111445783132499
2634.303236283449,5.041540102057568e-16,basophils,SALIVA,0.8,Decision Tree Regressor,GridSearchCV,0.018126539343499313,0.0071428571428571435,66.66666666666666,-0.09111445783132499
2786.65313062195,2.493664996716647e-16,basophils,SALIVA,0.8,Decision Tree Regressor,GridSearchCV,0.018126539343499313,0.0071428571428571435,66.66666666666666,-0.09111445783132499
1159.016284777711,2.168404344970997e-16,basophils,SALIVA,0.8,Decision Tree Regressor,GridSearchCV,0.018126539343499313,0.0071428571428571435,66.66666666666666,-0.09111445783132499
2879.220155030153,2.0057740190981719e-16,basophils,SALIVA,0.8,Decision Tree Regressor,GridSearchCV,0.018126539343499313,0.0071428571428571435,66.66666666666666,-0.09111445783132499
1398.147764498902,1.7347234759767975e-16,basophils,SALIVA,0.8,Decision Tree Regressor,GridSearchCV,0.018126539343499313,0.0071428571428571435,66.66666666666666,-0.09111445783132499
929.5272034323739,1.7347234759767975e-16,basophils,SALIVA,0.8,Decision Tree Regressor,GridSearchCV,0.018126539343499313,0.0071428571428571435,66.66666666666666,-0.09111445783132499
2678.65826881238,3.7947076036992446e-17,basophils,SALIVA,0.8,Decision Tree Regressor,GridSearchCV,0.018126539343499313,0.0071428571428571435,66.66666666666666,-0.09111445783132499
1500.35718728296,3.7947076036992446e-17,basophils,SALIVA,0.8,Decision Tree Regressor,GridSearchCV,0.018126539343499313,0.0071428571428571435,66.66666666666666,-0.09111445783132499
2574.520366353152,1.0842021724854984e-17,basophils,SALIVA,0.8,Decision Tree Regressor,GridSearchCV,0.018126539343499313,0.0071428571428571435,66.66666666666666,-0.09111445783132499
1334.507935218263,6.776263578034366e-18,basophils,SALIVA,0.8,Decision Tree Regressor,GridSearchCV,0.018126539343499313,0.0071428571428571435,66.66666666666666,-0.09111445783132499
3019.999171317629,2.710505431213746e-18,basophils,SALIVA,0.8,Decision Tree Regressor,GridSearchCV,0.018126539343499313,0.0071428571428571435,66.66666666666666,-0.09111445783132499
2989.143496514895,2.710505431213746e-18,basophils,SALIVA,0.8,Decision Tree Regressor,GridSearchCV,0.018126539343499313,0.0071428571428571435,66.66666666666666,-0.09111445783132499
2584.162764729006,2.710505431213746e-18,basophils,SALIVA,0.8,Decision Tree Regressor,GridSearchCV,0.018126539343499313,0.0071428571428571435,66.66666666666666,-0.09111445783132499
950.7404798592538,0.006311400634381038,basophils,SALIVA,0.8,Decision Tree Regressor,GridSearchCV,0.018192096661802923,0.0054761904761904765,100.0,-0.09902108433734935
952.6689595344246,0.00608731305737652,basophils,SALIVA,0.8,Decision Tree Regressor,GridSearchCV,0.018192096661802923,0.0054761904761904765,100.0,-0.09902108433734935
948.812000184083,0.005714102146632194,basophils,SALIVA,0.8,Decision Tree Regressor,GridSearchCV,0.018192096661802923,0.0054761904761904765,100.0,-0.09902108433734935
954.5974392095954,0.005399951344637823,basophils,SALIVA,0.8,Decision Tree Regressor,GridSearchCV,0.018192096661802923,0.0054761904761904765,100.0,-0.09902108433734935
1727.917788953126,0.005026735621250944,basophils,SALIVA,0.8,Decision Tree Regressor,GridSearchCV,0.018192096661802923,0.0054761904761904765,100.0,-0.09902108433734935
1263.15418723694,0.004920155224145905,basophils,SALIVA,0.8,Decision Tree Regressor,GridSearchCV,0.018192096661802923,0.0054761904761904765,100.0,-0.09902108433734935
1261.225707561769,0.004817892205488611,basophils,SALIVA,0.8,Decision Tree Regressor,GridSearchCV,0.018192096661802923,0.0054761904761904765,100.0,-0.09902108433734935
946.8835205089117,0.004811015209354962,basophils,SALIVA,0.8,Decision Tree Regressor,GridSearchCV,0.018192096661802923,0.0054761904761904765,100.0,-0.09902108433734935
1259.297227886598,0.00472177251401498,basophils,SALIVA,0.8,Decision Tree Regressor,GridSearchCV,0.018192096661802923,0.0054761904761904765,100.0,-0.09902108433734935
1265.08266691211,0.0046675218475142315,basophils,SALIVA,0.8,Decision Tree Regressor,GridSearchCV,0.018192096661802923,0.0054761904761904765,100.0,-0.09902108433734935
1257.368748211427,0.004461537901183817,basophils,SALIVA,0.8,Decision Tree Regressor,GridSearchCV,0.018192096661802923,0.0054761904761904765,100.0,-0.09902108433734935
1267.011146587281,0.004290440437578447,basophils,SALIVA,0.8,Decision Tree Regressor,GridSearchCV,0.018192096661802923,0.0054761904761904765,100.0,-0.09902108433734935
956.5259188847667,0.004267797582788021,basophils,SALIVA,0.8,Decision Tree Regressor,GridSearchCV,0.018192096661802923,0.0054761904761904765,100.0,-0.09902108433734935
939.1696018082284,0.004266633371670257,basophils,SALIVA,0.8,Decision Tree Regressor,GridSearchCV,0.018192096661802923,0.0054761904761904765,100.0,-0.09902108433734935
1268.939626262452,0.00426262117017669,basophils,SALIVA,0.8,Decision Tree Regressor,GridSearchCV,0.018192096661802923,0.0054761904761904765,100.0,-0.09902108433734935
944.9550408337414,0.00426222159076039,basophils,SALIVA,0.8,Decision Tree Regressor,GridSearchCV,0.018192096661802923,0.0054761904761904765,100.0,-0.09902108433734935
1270.868105937623,0.004107625367570427,basophils,SALIVA,0.8,Decision Tree Regressor,GridSearchCV,0.018192096661802923,0.0054761904761904765,100.0,-0.09902108433734935
1255.440268536256,0.0041070935639019295,basophils,SALIVA,0.8,Decision Tree Regressor,GridSearchCV,0.018192096661802923,0.0054761904761904765,100.0,-0.09902108433734935
937.2411221330576,0.004064778953453935,basophils,SALIVA,0.8,Decision Tree Regressor,GridSearchCV,0.018192096661802923,0.0054761904761904765,100.0,-0.09902108433734935
962.3113579102792,0.004054602875438354,basophils,SALIVA,0.8,Decision Tree Regressor,GridSearchCV,0.018192096661802923,0.0054761904761904765,100.0,-0.09902108433734935
993.1670327130137,0.4999999999999976,basophils,SALIVA,0.8,Decision Tree Regressor,GridSearchCV,0.018126539343499313,0.0071428571428571435,66.66666666666666,-0.09111445783132499
2555.235569601442,0.24999999999999883,basophils,SALIVA,0.8,Decision Tree Regressor,GridSearchCV,0.018126539343499313,0.0071428571428571435,66.66666666666666,-0.09111445783132499
1261.225707561769,0.2499999999999985,basophils,SALIVA,0.8,Decision Tree Regressor,GridSearchCV,0.018126539343499313,0.0071428571428571435,66.66666666666666,-0.09111445783132499
1151.302366077027,1.1275702593849183e-15,basophils,SALIVA,0.8,Decision Tree Regressor,GridSearchCV,0.018126539343499313,0.0071428571428571435,66.66666666666666,-0.09111445783132499
2865.720797303957,1.0950441942103534e-15,basophils,SALIVA,0.8,Decision Tree Regressor,GridSearchCV,0.018126539343499313,0.0071428571428571435,66.66666666666666,-0.09111445783132499
1078.020138420533,6.93889390390719e-16,basophils,SALIVA,0.8,Decision Tree Regressor,GridSearchCV,0.018126539343499313,0.0071428571428571435,66.66666666666666,-0.09111445783132499
2763.5113745199,5.6378512969245915e-16,basophils,SALIVA,0.8,Decision Tree Regressor,GridSearchCV,0.018126539343499313,0.0071428571428571435,66.66666666666666,-0.09111445783132499
2634.303236283449,5.041540102057568e-16,basophils,SALIVA,0.8,Decision Tree Regressor,GridSearchCV,0.018126539343499313,0.0071428571428571435,66.66666666666666,-0.09111445783132499
2786.65313062195,2.493664996716647e-16,basophils,SALIVA,0.8,Decision Tree Regressor,GridSearchCV,0.018126539343499313,0.0071428571428571435,66.66666666666666,-0.09111445783132499
1159.016284777711,2.168404344970997e-16,basophils,SALIVA,0.8,Decision Tree Regressor,GridSearchCV,0.018126539343499313,0.0071428571428571435,66.66666666666666,-0.09111445783132499
2879.220155030153,2.0057740190981719e-16,basophils,SALIVA,0.8,Decision Tree Regressor,GridSearchCV,0.018126539343499313,0.0071428571428571435,66.66666666666666,-0.09111445783132499
1398.147764498902,1.7347234759767975e-16,basophils,SALIVA,0.8,Decision Tree Regressor,GridSearchCV,0.018126539343499313,0.0071428571428571435,66.66666666666666,-0.09111445783132499
929.5272034323739,1.7347234759767975e-16,basophils,SALIVA,0.8,Decision Tree Regressor,GridSearchCV,0.018126539343499313,0.0071428571428571435,66.66666666666666,-0.09111445783132499
2678.65826881238,3.7947076036992446e-17,basophils,SALIVA,0.8,Decision Tree Regressor,GridSearchCV,0.018126539343499313,0.0071428571428571435,66.66666666666666,-0.09111445783132499
1500.35718728296,3.7947076036992446e-17,basophils,SALIVA,0.8,Decision Tree Regressor,GridSearchCV,0.018126539343499313,0.0071428571428571435,66.66666666666666,-0.09111445783132499
2574.520366353152,1.0842021724854984e-17,basophils,SALIVA,0.8,Decision Tree Regressor,GridSearchCV,0.018126539343499313,0.0071428571428571435,66.66666666666666,-0.09111445783132499
1334.507935218263,6.776263578034366e-18,basophils,SALIVA,0.8,Decision Tree Regressor,GridSearchCV,0.018126539343499313,0.0071428571428571435,66.66666666666666,-0.09111445783132499
3019.999171317629,2.710505431213746e-18,basophils,SALIVA,0.8,Decision Tree Regressor,GridSearchCV,0.018126539343499313,0.0071428571428571435,66.66666666666666,-0.09111445783132499
2989.143496514895,2.710505431213746e-18,basophils,SALIVA,0.8,Decision Tree Regressor,GridSearchCV,0.018126539343499313,0.0071428571428571435,66.66666666666666,-0.09111445783132499
2584.162764729006,2.710505431213746e-18,basophils,SALIVA,0.8,Decision Tree Regressor,GridSearchCV,0.018126539343499313,0.0071428571428571435,66.66666666666666,-0.09111445783132499
1386.576886447877,0.005897276985712568,basophils,SERUM,0.8,Decision Tree Regressor,GridSearchCV,0.01528418068259866,0.005458333333333333,32.38095238095239,0.11091844286081076
1388.505366123048,0.005551363829521397,basophils,SERUM,0.8,Decision Tree Regressor,GridSearchCV,0.01528418068259866,0.005458333333333333,32.38095238095239,0.11091844286081076
1384.648406772706,0.0051446616563847955,basophils,SERUM,0.8,Decision Tree Regressor,GridSearchCV,0.01528418068259866,0.005458333333333333,32.38095238095239,0.11091844286081076
1390.433845798219,0.004566390478778973,basophils,SERUM,0.8,Decision Tree Regressor,GridSearchCV,0.01528418068259866,0.005458333333333333,32.38095238095239,0.11091844286081076
935.3126424578863,0.004448005715120839,basophils,SERUM,0.8,Decision Tree Regressor,GridSearchCV,0.01528418068259866,0.005458333333333333,32.38095238095239,0.11091844286081076
933.3841627827155,0.00439913650131513,basophils,SERUM,0.8,Decision Tree Regressor,GridSearchCV,0.01528418068259866,0.005458333333333333,32.38095238095239,0.11091844286081076
1718.275390577272,0.0042677630889051054,basophils,SERUM,0.8,Decision Tree Regressor,GridSearchCV,0.01528418068259866,0.005458333333333333,32.38095238095239,0.11091844286081076
1382.719927097535,0.004109839785841895,basophils,SERUM,0.8,Decision Tree Regressor,GridSearchCV,0.01528418068259866,0.005458333333333333,32.38095238095239,0.11091844286081076
1594.852691366334,0.004068823552461376,basophils,SERUM,0.8,Decision Tree Regressor,GridSearchCV,0.01528418068259866,0.005458333333333333,32.38095238095239,0.11091844286081076
937.2411221330576,0.0040551348432894116,basophils,SERUM,0.8,Decision Tree Regressor,GridSearchCV,0.01528418068259866,0.005458333333333333,32.38095238095239,0.11091844286081076
1596.781171041505,0.004049409226541844,basophils,SERUM,0.8,Decision Tree Regressor,GridSearchCV,0.01528418068259866,0.005458333333333333,32.38095238095239,0.11091844286081076
931.4556831075452,0.003984019404360099,basophils,SERUM,0.8,Decision Tree Regressor,GridSearchCV,0.01528418068259866,0.005458333333333333,32.38095238095239,0.11091844286081076
1598.709650716676,0.003966724840453604,basophils,SERUM,0.8,Decision Tree Regressor,GridSearchCV,0.01528418068259866,0.005458333333333333,32.38095238095239,0.11091844286081076
1592.924211691163,0.003945915032373709,basophils,SERUM,0.8,Decision Tree Regressor,GridSearchCV,0.01528418068259866,0.005458333333333333,32.38095238095239,0.11091844286081076
1600.638130391847,0.0038272358275159507,basophils,SERUM,0.8,Decision Tree Regressor,GridSearchCV,0.01528418068259866,0.005458333333333333,32.38095238095239,0.11091844286081076
1392.36232547339,0.0037247494040270287,basophils,SERUM,0.8,Decision Tree Regressor,GridSearchCV,0.01528418068259866,0.005458333333333333,32.38095238095239,0.11091844286081076
989.3100733626716,0.003692058952385315,basophils,SERUM,0.8,Decision Tree Regressor,GridSearchCV,0.01528418068259866,0.005458333333333333,32.38095238095239,0.11091844286081076
1590.995732015992,0.0036739787383319547,basophils,SERUM,0.8,Decision Tree Regressor,GridSearchCV,0.01528418068259866,0.005458333333333333,32.38095238095239,0.11091844286081076
1222.656114058351,0.0036643566426219415,basophils,SERUM,0.8,Decision Tree Regressor,GridSearchCV,0.01528418068259866,0.005458333333333333,32.38095238095239,0.11091844286081076
1220.72763438318,0.003662914004799239,basophils,SERUM,0.8,Decision Tree Regressor,GridSearchCV,0.01528418068259866,0.005458333333333333,32.38095238095239,0.11091844286081076
2732.655699717165,0.5714285714285672,basophils,SERUM,0.8,Decision Tree Regressor,GridSearchCV,0.016583123951777003,0.0035000000000000005,100.0,-0.04662226450999052
1606.42356941736,0.4285714285714246,basophils,SERUM,0.8,Decision Tree Regressor,GridSearchCV,0.016583123951777003,0.0035000000000000005,100.0,-0.04662226450999052
1400.076244174074,1.4869058365515376e-15,basophils,SERUM,0.8,Decision Tree Regressor,GridSearchCV,0.016583123951777003,0.0035000000000000005,100.0,-0.04662226450999052
1241.94091081006,1.325824370925121e-15,basophils,SERUM,0.8,Decision Tree Regressor,GridSearchCV,0.016583123951777003,0.0035000000000000005,100.0,-0.04662226450999052
2792.438569647463,1.0903976134711276e-15,basophils,SERUM,0.8,Decision Tree Regressor,GridSearchCV,0.016583123951777003,0.0035000000000000005,100.0,-0.04662226450999052
2944.788463985964,1.0594204085429706e-15,basophils,SERUM,0.8,Decision Tree Regressor,GridSearchCV,0.016583123951777003,0.0035000000000000005,100.0,-0.04662226450999052
2761.582894844729,8.425799740458713e-16,basophils,SERUM,0.8,Decision Tree Regressor,GridSearchCV,0.016583123951777003,0.0035000000000000005,100.0,-0.04662226450999052
2805.937927373659,5.32807924764301e-16,basophils,SERUM,0.8,Decision Tree Regressor,GridSearchCV,0.016583123951777003,0.0035000000000000005,100.0,-0.04662226450999052
1415.504081575441,4.956352788505125e-16,basophils,SERUM,0.8,Decision Tree Regressor,GridSearchCV,0.016583123951777003,0.0035000000000000005,100.0,-0.04662226450999052
1051.021422968141,3.9650822308041006e-16,basophils,SERUM,0.8,Decision Tree Regressor,GridSearchCV,0.016583123951777003,0.0035000000000000005,100.0,-0.04662226450999052
3021.9276509928,1.9825411154020503e-16,basophils,SERUM,0.8,Decision Tree Regressor,GridSearchCV,0.016583123951777003,0.0035000000000000005,100.0,-0.04662226450999052
1348.007292944459,1.9825411154020503e-16,basophils,SERUM,0.8,Decision Tree Regressor,GridSearchCV,0.016583123951777003,0.0035000000000000005,100.0,-0.04662226450999052
2721.08482166614,1.4869058365515377e-16,basophils,SERUM,0.8,Decision Tree Regressor,GridSearchCV,0.016583123951777003,0.0035000000000000005,100.0,-0.04662226450999052
2674.801309462038,1.1151793774136534e-16,basophils,SERUM,0.8,Decision Tree Regressor,GridSearchCV,0.016583123951777003,0.0035000000000000005,100.0,-0.04662226450999052
1733.703227978639,1.1151793774136534e-16,basophils,SERUM,0.8,Decision Tree Regressor,GridSearchCV,0.016583123951777003,0.0035000000000000005,100.0,-0.04662226450999052
1112.732772573609,4.956352788505126e-17,basophils,SERUM,0.8,Decision Tree Regressor,GridSearchCV,0.016583123951777003,0.0035000000000000005,100.0,-0.04662226450999052
1737.560187328981,4.956352788505126e-17,basophils,SERUM,0.8,Decision Tree Regressor,GridSearchCV,0.016583123951777003,0.0035000000000000005,100.0,-0.04662226450999052
958.4543985599371,4.956352788505126e-17,basophils,SERUM,0.8,Decision Tree Regressor,GridSearchCV,0.016583123951777003,0.0035000000000000005,100.0,-0.04662226450999052
1066.449260369508,4.956352788505126e-17,basophils,SERUM,0.8,Decision Tree Regressor,GridSearchCV,0.016583123951777003,0.0035000000000000005,100.0,-0.04662226450999052
2516.665976098025,4.956352788505126e-17,basophils,SERUM,0.8,Decision Tree Regressor,GridSearchCV,0.016583123951777003,0.0035000000000000005,100.0,-0.04662226450999052
1386.576886447877,0.005897276985712565,basophils,SERUM,0.8,Decision Tree Regressor,GridSearchCV,0.01528418068259866,0.005458333333333333,32.38095238095239,0.11091844286081076
1388.505366123048,0.005551363829521393,basophils,SERUM,0.8,Decision Tree Regressor,GridSearchCV,0.01528418068259866,0.005458333333333333,32.38095238095239,0.11091844286081076
1384.648406772706,0.005144661656384792,basophils,SERUM,0.8,Decision Tree Regressor,GridSearchCV,0.01528418068259866,0.005458333333333333,32.38095238095239,0.11091844286081076
1390.433845798219,0.004566390478778971,basophils,SERUM,0.8,Decision Tree Regressor,GridSearchCV,0.01528418068259866,0.005458333333333333,32.38095238095239,0.11091844286081076
935.3126424578863,0.00444800571512084,basophils,SERUM,0.8,Decision Tree Regressor,GridSearchCV,0.01528418068259866,0.005458333333333333,32.38095238095239,0.11091844286081076
933.3841627827155,0.004399136501315129,basophils,SERUM,0.8,Decision Tree Regressor,GridSearchCV,0.01528418068259866,0.005458333333333333,32.38095238095239,0.11091844286081076
1718.275390577272,0.004267763088905105,basophils,SERUM,0.8,Decision Tree Regressor,GridSearchCV,0.01528418068259866,0.005458333333333333,32.38095238095239,0.11091844286081076
1382.719927097535,0.004109839785841892,basophils,SERUM,0.8,Decision Tree Regressor,GridSearchCV,0.01528418068259866,0.005458333333333333,32.38095238095239,0.11091844286081076
1594.852691366334,0.004068823552461376,basophils,SERUM,0.8,Decision Tree Regressor,GridSearchCV,0.01528418068259866,0.005458333333333333,32.38095238095239,0.11091844286081076
937.2411221330576,0.00405513484328941,basophils,SERUM,0.8,Decision Tree Regressor,GridSearchCV,0.01528418068259866,0.005458333333333333,32.38095238095239,0.11091844286081076
1596.781171041505,0.004049409226541842,basophils,SERUM,0.8,Decision Tree Regressor,GridSearchCV,0.01528418068259866,0.005458333333333333,32.38095238095239,0.11091844286081076
931.4556831075452,0.0039840194043600985,basophils,SERUM,0.8,Decision Tree Regressor,GridSearchCV,0.01528418068259866,0.005458333333333333,32.38095238095239,0.11091844286081076
1598.709650716676,0.003966724840453603,basophils,SERUM,0.8,Decision Tree Regressor,GridSearchCV,0.01528418068259866,0.005458333333333333,32.38095238095239,0.11091844286081076
1592.924211691163,0.003945915032373707,basophils,SERUM,0.8,Decision Tree Regressor,GridSearchCV,0.01528418068259866,0.005458333333333333,32.38095238095239,0.11091844286081076
1600.638130391847,0.003827235827515949,basophils,SERUM,0.8,Decision Tree Regressor,GridSearchCV,0.01528418068259866,0.005458333333333333,32.38095238095239,0.11091844286081076
1392.36232547339,0.003724749404027028,basophils,SERUM,0.8,Decision Tree Regressor,GridSearchCV,0.01528418068259866,0.005458333333333333,32.38095238095239,0.11091844286081076
989.3100733626716,0.0036920589523853145,basophils,SERUM,0.8,Decision Tree Regressor,GridSearchCV,0.01528418068259866,0.005458333333333333,32.38095238095239,0.11091844286081076
1590.995732015992,0.0036739787383319525,basophils,SERUM,0.8,Decision Tree Regressor,GridSearchCV,0.01528418068259866,0.005458333333333333,32.38095238095239,0.11091844286081076
1222.656114058351,0.0036643566426219415,basophils,SERUM,0.8,Decision Tree Regressor,GridSearchCV,0.01528418068259866,0.005458333333333333,32.38095238095239,0.11091844286081076
1220.72763438318,0.0036629140047992393,basophils,SERUM,0.8,Decision Tree Regressor,GridSearchCV,0.01528418068259866,0.005458333333333333,32.38095238095239,0.11091844286081076
2732.655699717165,0.5714285714285672,basophils,SERUM,0.8,Decision Tree Regressor,GridSearchCV,0.016583123951777003,0.0035000000000000005,100.0,-0.04662226450999052
1606.42356941736,0.4285714285714246,basophils,SERUM,0.8,Decision Tree Regressor,GridSearchCV,0.016583123951777003,0.0035000000000000005,100.0,-0.04662226450999052
1400.076244174074,1.4869058365515376e-15,basophils,SERUM,0.8,Decision Tree Regressor,GridSearchCV,0.016583123951777003,0.0035000000000000005,100.0,-0.04662226450999052
1241.94091081006,1.325824370925121e-15,basophils,SERUM,0.8,Decision Tree Regressor,GridSearchCV,0.016583123951777003,0.0035000000000000005,100.0,-0.04662226450999052
2792.438569647463,1.0903976134711276e-15,basophils,SERUM,0.8,Decision Tree Regressor,GridSearchCV,0.016583123951777003,0.0035000000000000005,100.0,-0.04662226450999052
2944.788463985964,1.0594204085429706e-15,basophils,SERUM,0.8,Decision Tree Regressor,GridSearchCV,0.016583123951777003,0.0035000000000000005,100.0,-0.04662226450999052
2761.582894844729,8.425799740458713e-16,basophils,SERUM,0.8,Decision Tree Regressor,GridSearchCV,0.016583123951777003,0.0035000000000000005,100.0,-0.04662226450999052
2805.937927373659,5.32807924764301e-16,basophils,SERUM,0.8,Decision Tree Regressor,GridSearchCV,0.016583123951777003,0.0035000000000000005,100.0,-0.04662226450999052
1415.504081575441,4.956352788505125e-16,basophils,SERUM,0.8,Decision Tree Regressor,GridSearchCV,0.016583123951777003,0.0035000000000000005,100.0,-0.04662226450999052
1051.021422968141,3.9650822308041006e-16,basophils,SERUM,0.8,Decision Tree Regressor,GridSearchCV,0.016583123951777003,0.0035000000000000005,100.0,-0.04662226450999052
3021.9276509928,1.9825411154020503e-16,basophils,SERUM,0.8,Decision Tree Regressor,GridSearchCV,0.016583123951777003,0.0035000000000000005,100.0,-0.04662226450999052
1348.007292944459,1.9825411154020503e-16,basophils,SERUM,0.8,Decision Tree Regressor,GridSearchCV,0.016583123951777003,0.0035000000000000005,100.0,-0.04662226450999052
2721.08482166614,1.4869058365515377e-16,basophils,SERUM,0.8,Decision Tree Regressor,GridSearchCV,0.016583123951777003,0.0035000000000000005,100.0,-0.04662226450999052
2674.801309462038,1.1151793774136534e-16,basophils,SERUM,0.8,Decision Tree Regressor,GridSearchCV,0.016583123951777003,0.0035000000000000005,100.0,-0.04662226450999052
1733.703227978639,1.1151793774136534e-16,basophils,SERUM,0.8,Decision Tree Regressor,GridSearchCV,0.016583123951777003,0.0035000000000000005,100.0,-0.04662226450999052
1112.732772573609,4.956352788505126e-17,basophils,SERUM,0.8,Decision Tree Regressor,GridSearchCV,0.016583123951777003,0.0035000000000000005,100.0,-0.04662226450999052
1737.560187328981,4.956352788505126e-17,basophils,SERUM,0.8,Decision Tree Regressor,GridSearchCV,0.016583123951777003,0.0035000000000000005,100.0,-0.04662226450999052
958.4543985599371,4.956352788505126e-17,basophils,SERUM,0.8,Decision Tree Regressor,GridSearchCV,0.016583123951777003,0.0035000000000000005,100.0,-0.04662226450999052
1066.449260369508,4.956352788505126e-17,basophils,SERUM,0.8,Decision Tree Regressor,GridSearchCV,0.016583123951777003,0.0035000000000000005,100.0,-0.04662226450999052
2516.665976098025,4.956352788505126e-17,basophils,SERUM,0.8,Decision Tree Regressor,GridSearchCV,0.016583123951777003,0.0035000000000000005,100.0,-0.04662226450999052
1303.652260415528,0.005321150647758134,basophils,URINE,0.8,Decision Tree Regressor,GridSearchCV,0.02708346759723254,0.01147556390977444,94.77777777777779,-0.2921733920683882
1305.580740090699,0.0053004789442044654,basophils,URINE,0.8,Decision Tree Regressor,GridSearchCV,0.02708346759723254,0.01147556390977444,94.77777777777779,-0.2921733920683882
1301.723780740358,0.005296514492971704,basophils,URINE,0.8,Decision Tree Regressor,GridSearchCV,0.02708346759723254,0.01147556390977444,94.77777777777779,-0.2921733920683882
1394.290805148561,0.005293747860522195,basophils,URINE,0.8,Decision Tree Regressor,GridSearchCV,0.02708346759723254,0.01147556390977444,94.77777777777779,-0.2921733920683882
1299.795301065187,0.005249217063176882,basophils,URINE,0.8,Decision Tree Regressor,GridSearchCV,0.02708346759723254,0.01147556390977444,94.77777777777779,-0.2921733920683882
1396.219284823732,0.005232267765374118,basophils,URINE,0.8,Decision Tree Regressor,GridSearchCV,0.02708346759723254,0.01147556390977444,94.77777777777779,-0.2921733920683882
1392.36232547339,0.005224869771219529,basophils,URINE,0.8,Decision Tree Regressor,GridSearchCV,0.02708346759723254,0.01147556390977444,94.77777777777779,-0.2921733920683882
1307.50921976587,0.005190079144817168,basophils,URINE,0.8,Decision Tree Regressor,GridSearchCV,0.02708346759723254,0.01147556390977444,94.77777777777779,-0.2921733920683882
1297.866821390016,0.005187535045478259,basophils,URINE,0.8,Decision Tree Regressor,GridSearchCV,0.02708346759723254,0.01147556390977444,94.77777777777779,-0.2921733920683882
1295.938341714845,0.005082535610909499,basophils,URINE,0.8,Decision Tree Regressor,GridSearchCV,0.02708346759723254,0.01147556390977444,94.77777777777779,-0.2921733920683882
1398.147764498902,0.005047184119559783,basophils,URINE,0.8,Decision Tree Regressor,GridSearchCV,0.02708346759723254,0.01147556390977444,94.77777777777779,-0.2921733920683882
1390.433845798219,0.005010643497946036,basophils,URINE,0.8,Decision Tree Regressor,GridSearchCV,0.02708346759723254,0.01147556390977444,94.77777777777779,-0.2921733920683882
1309.437699441041,0.00494640607248241,basophils,URINE,0.8,Decision Tree Regressor,GridSearchCV,0.02708346759723254,0.01147556390977444,94.77777777777779,-0.2921733920683882
1589.067252340822,0.004923322656647495,basophils,URINE,0.8,Decision Tree Regressor,GridSearchCV,0.02708346759723254,0.01147556390977444,94.77777777777779,-0.2921733920683882
1294.009862039674,0.004916991459030383,basophils,URINE,0.8,Decision Tree Regressor,GridSearchCV,0.02708346759723254,0.01147556390977444,94.77777777777779,-0.2921733920683882
1587.138772665651,0.0049085632369553454,basophils,URINE,0.8,Decision Tree Regressor,GridSearchCV,0.02708346759723254,0.01147556390977444,94.77777777777779,-0.2921733920683882
1585.21029299048,0.004815799514752958,basophils,URINE,0.8,Decision Tree Regressor,GridSearchCV,0.02708346759723254,0.01147556390977444,94.77777777777779,-0.2921733920683882
1400.076244174074,0.004776560948732715,basophils,URINE,0.8,Decision Tree Regressor,GridSearchCV,0.02708346759723254,0.01147556390977444,94.77777777777779,-0.2921733920683882
1590.995732015992,0.004747628021567064,basophils,URINE,0.8,Decision Tree Regressor,GridSearchCV,0.02708346759723254,0.01147556390977444,94.77777777777779,-0.2921733920683882
1292.081382364503,0.0047298509767990625,basophils,URINE,0.8,Decision Tree Regressor,GridSearchCV,0.02708346759723254,0.01147556390977444,94.77777777777779,-0.2921733920683882
1687.419715774538,0.5714285714285694,basophils,URINE,0.8,Decision Tree Regressor,GridSearchCV,0.02497367034551221,0.009210526315789475,90.0,-0.09869464438209086
1411.647122225099,0.28571428571428525,basophils,URINE,0.8,Decision Tree Regressor,GridSearchCV,0.02497367034551221,0.009210526315789475,90.0,-0.09869464438209086
1529.284382410524,0.14285714285714207,basophils,URINE,0.8,Decision Tree Regressor,GridSearchCV,0.02497367034551221,0.009210526315789475,90.0,-0.09869464438209086
1708.632992201417,1.5984237742929102e-15,basophils,URINE,0.8,Decision Tree Regressor,GridSearchCV,0.02497367034551221,0.009210526315789475,90.0,-0.09869464438209086
2634.303236283449,8.425799740458752e-16,basophils,URINE,0.8,Decision Tree Regressor,GridSearchCV,0.02497367034551221,0.009210526315789475,90.0,-0.09869464438209086
1429.003439301637,3.221629312528346e-16,basophils,URINE,0.8,Decision Tree Regressor,GridSearchCV,0.02497367034551221,0.009210526315789475,90.0,-0.09869464438209086
1159.016284777711,1.9825411154020592e-16,basophils,URINE,0.8,Decision Tree Regressor,GridSearchCV,0.02497367034551221,0.009210526315789475,90.0,-0.09869464438209086
1226.513073408692,9.912705577010296e-17,basophils,URINE,0.8,Decision Tree Regressor,GridSearchCV,0.02497367034551221,0.009210526315789475,90.0,-0.09869464438209086
1691.276675124879,9.912705577010296e-17,basophils,URINE,0.8,Decision Tree Regressor,GridSearchCV,0.02497367034551221,0.009210526315789475,90.0,-0.09869464438209086
1299.795301065187,8.67361737988401e-17,basophils,URINE,0.8,Decision Tree Regressor,GridSearchCV,0.02497367034551221,0.009210526315789475,90.0,-0.09869464438209086
1706.704512526246,4.956352788505148e-17,basophils,URINE,0.8,Decision Tree Regressor,GridSearchCV,0.02497367034551221,0.009210526315789475,90.0,-0.09869464438209086
2578.377325703493,0.0,basophils,URINE,0.8,Decision Tree Regressor,GridSearchCV,0.02497367034551221,0.009210526315789475,90.0,-0.09869464438209086
2564.877967977297,0.0,basophils,URINE,0.8,Decision Tree Regressor,GridSearchCV,0.02497367034551221,0.009210526315789475,90.0,-0.09869464438209086
2557.164049276613,0.0,basophils,URINE,0.8,Decision Tree Regressor,GridSearchCV,0.02497367034551221,0.009210526315789475,90.0,-0.09869464438209086
2559.092528951784,0.0,basophils,URINE,0.8,Decision Tree Regressor,GridSearchCV,0.02497367034551221,0.009210526315789475,90.0,-0.09869464438209086
2588.019724079348,0.0,basophils,URINE,0.8,Decision Tree Regressor,GridSearchCV,0.02497367034551221,0.009210526315789475,90.0,-0.09869464438209086
2561.021008626955,0.0,basophils,URINE,0.8,Decision Tree Regressor,GridSearchCV,0.02497367034551221,0.009210526315789475,90.0,-0.09869464438209086
2586.091244404177,0.0,basophils,URINE,0.8,Decision Tree Regressor,GridSearchCV,0.02497367034551221,0.009210526315789475,90.0,-0.09869464438209086
2562.949488302126,0.0,basophils,URINE,0.8,Decision Tree Regressor,GridSearchCV,0.02497367034551221,0.009210526315789475,90.0,-0.09869464438209086
2584.162764729006,0.0,basophils,URINE,0.8,Decision Tree Regressor,GridSearchCV,0.02497367034551221,0.009210526315789475,90.0,-0.09869464438209086
1303.652260415528,0.005321150647758134,basophils,URINE,0.8,Decision Tree Regressor,GridSearchCV,0.02708346759723254,0.01147556390977444,94.77777777777779,-0.2921733920683882
1305.580740090699,0.0053004789442044654,basophils,URINE,0.8,Decision Tree Regressor,GridSearchCV,0.02708346759723254,0.01147556390977444,94.77777777777779,-0.2921733920683882
1301.723780740358,0.005296514492971703,basophils,URINE,0.8,Decision Tree Regressor,GridSearchCV,0.02708346759723254,0.01147556390977444,94.77777777777779,-0.2921733920683882
1394.290805148561,0.005293747860522197,basophils,URINE,0.8,Decision Tree Regressor,GridSearchCV,0.02708346759723254,0.01147556390977444,94.77777777777779,-0.2921733920683882
1299.795301065187,0.005249217063176882,basophils,URINE,0.8,Decision Tree Regressor,GridSearchCV,0.02708346759723254,0.01147556390977444,94.77777777777779,-0.2921733920683882
1396.219284823732,0.005232267765374119,basophils,URINE,0.8,Decision Tree Regressor,GridSearchCV,0.02708346759723254,0.01147556390977444,94.77777777777779,-0.2921733920683882
1392.36232547339,0.005224869771219529,basophils,URINE,0.8,Decision Tree Regressor,GridSearchCV,0.02708346759723254,0.01147556390977444,94.77777777777779,-0.2921733920683882
1307.50921976587,0.0051900791448171715,basophils,URINE,0.8,Decision Tree Regressor,GridSearchCV,0.02708346759723254,0.01147556390977444,94.77777777777779,-0.2921733920683882
1297.866821390016,0.005187535045478261,basophils,URINE,0.8,Decision Tree Regressor,GridSearchCV,0.02708346759723254,0.01147556390977444,94.77777777777779,-0.2921733920683882
1295.938341714845,0.0050825356109095,basophils,URINE,0.8,Decision Tree Regressor,GridSearchCV,0.02708346759723254,0.01147556390977444,94.77777777777779,-0.2921733920683882
1398.147764498902,0.0050471841195597845,basophils,URINE,0.8,Decision Tree Regressor,GridSearchCV,0.02708346759723254,0.01147556390977444,94.77777777777779,-0.2921733920683882
1390.433845798219,0.005010643497946038,basophils,URINE,0.8,Decision Tree Regressor,GridSearchCV,0.02708346759723254,0.01147556390977444,94.77777777777779,-0.2921733920683882
1309.437699441041,0.004946406072482412,basophils,URINE,0.8,Decision Tree Regressor,GridSearchCV,0.02708346759723254,0.01147556390977444,94.77777777777779,-0.2921733920683882
1589.067252340822,0.0049233226566474985,basophils,URINE,0.8,Decision Tree Regressor,GridSearchCV,0.02708346759723254,0.01147556390977444,94.77777777777779,-0.2921733920683882
1294.009862039674,0.004916991459030383,basophils,URINE,0.8,Decision Tree Regressor,GridSearchCV,0.02708346759723254,0.01147556390977444,94.77777777777779,-0.2921733920683882
1587.138772665651,0.004908563236955347,basophils,URINE,0.8,Decision Tree Regressor,GridSearchCV,0.02708346759723254,0.01147556390977444,94.77777777777779,-0.2921733920683882
1585.21029299048,0.004815799514752959,basophils,URINE,0.8,Decision Tree Regressor,GridSearchCV,0.02708346759723254,0.01147556390977444,94.77777777777779,-0.2921733920683882
1400.076244174074,0.004776560948732716,basophils,URINE,0.8,Decision Tree Regressor,GridSearchCV,0.02708346759723254,0.01147556390977444,94.77777777777779,-0.2921733920683882
1590.995732015992,0.004747628021567065,basophils,URINE,0.8,Decision Tree Regressor,GridSearchCV,0.02708346759723254,0.01147556390977444,94.77777777777779,-0.2921733920683882
1292.081382364503,0.004729850976799064,basophils,URINE,0.8,Decision Tree Regressor,GridSearchCV,0.02708346759723254,0.01147556390977444,94.77777777777779,-0.2921733920683882
1687.419715774538,0.5714285714285694,basophils,URINE,0.8,Decision Tree Regressor,GridSearchCV,0.02497367034551221,0.009210526315789475,90.0,-0.09869464438209086
1411.647122225099,0.28571428571428525,basophils,URINE,0.8,Decision Tree Regressor,GridSearchCV,0.02497367034551221,0.009210526315789475,90.0,-0.09869464438209086
1529.284382410524,0.14285714285714207,basophils,URINE,0.8,Decision Tree Regressor,GridSearchCV,0.02497367034551221,0.009210526315789475,90.0,-0.09869464438209086
1708.632992201417,1.5984237742929102e-15,basophils,URINE,0.8,Decision Tree Regressor,GridSearchCV,0.02497367034551221,0.009210526315789475,90.0,-0.09869464438209086
2634.303236283449,8.425799740458752e-16,basophils,URINE,0.8,Decision Tree Regressor,GridSearchCV,0.02497367034551221,0.009210526315789475,90.0,-0.09869464438209086
1429.003439301637,3.221629312528346e-16,basophils,URINE,0.8,Decision Tree Regressor,GridSearchCV,0.02497367034551221,0.009210526315789475,90.0,-0.09869464438209086
1159.016284777711,1.9825411154020592e-16,basophils,URINE,0.8,Decision Tree Regressor,GridSearchCV,0.02497367034551221,0.009210526315789475,90.0,-0.09869464438209086
1226.513073408692,9.912705577010296e-17,basophils,URINE,0.8,Decision Tree Regressor,GridSearchCV,0.02497367034551221,0.009210526315789475,90.0,-0.09869464438209086
1691.276675124879,9.912705577010296e-17,basophils,URINE,0.8,Decision Tree Regressor,GridSearchCV,0.02497367034551221,0.009210526315789475,90.0,-0.09869464438209086
1299.795301065187,8.67361737988401e-17,basophils,URINE,0.8,Decision Tree Regressor,GridSearchCV,0.02497367034551221,0.009210526315789475,90.0,-0.09869464438209086
1706.704512526246,4.956352788505148e-17,basophils,URINE,0.8,Decision Tree Regressor,GridSearchCV,0.02497367034551221,0.009210526315789475,90.0,-0.09869464438209086
2578.377325703493,0.0,basophils,URINE,0.8,Decision Tree Regressor,GridSearchCV,0.02497367034551221,0.009210526315789475,90.0,-0.09869464438209086
2564.877967977297,0.0,basophils,URINE,0.8,Decision Tree Regressor,GridSearchCV,0.02497367034551221,0.009210526315789475,90.0,-0.09869464438209086
2557.164049276613,0.0,basophils,URINE,0.8,Decision Tree Regressor,GridSearchCV,0.02497367034551221,0.009210526315789475,90.0,-0.09869464438209086
2559.092528951784,0.0,basophils,URINE,0.8,Decision Tree Regressor,GridSearchCV,0.02497367034551221,0.009210526315789475,90.0,-0.09869464438209086
2588.019724079348,0.0,basophils,URINE,0.8,Decision Tree Regressor,GridSearchCV,0.02497367034551221,0.009210526315789475,90.0,-0.09869464438209086
2561.021008626955,0.0,basophils,URINE,0.8,Decision Tree Regressor,GridSearchCV,0.02497367034551221,0.009210526315789475,90.0,-0.09869464438209086
2586.091244404177,0.0,basophils,URINE,0.8,Decision Tree Regressor,GridSearchCV,0.02497367034551221,0.009210526315789475,90.0,-0.09869464438209086
2562.949488302126,0.0,basophils,URINE,0.8,Decision Tree Regressor,GridSearchCV,0.02497367034551221,0.009210526315789475,90.0,-0.09869464438209086
2584.162764729006,0.0,basophils,URINE,0.8,Decision Tree Regressor,GridSearchCV,0.02497367034551221,0.009210526315789475,90.0,-0.09869464438209086
1602.566610067018,0.019510347895425963,basophils,CAPILAR,0.8,XGBoost Regressor,GridSearchCV,0.02394438436029175,0.007723749192641422,78.93472630239557,-0.07742534515362709
1641.136203570436,0.01538666086148616,basophils,CAPILAR,0.8,XGBoost Regressor,GridSearchCV,0.02394438436029175,0.007723749192641422,78.93472630239557,-0.07742534515362709
1639.207723895265,0.013502010203886007,basophils,CAPILAR,0.8,XGBoost Regressor,GridSearchCV,0.02394438436029175,0.007723749192641422,78.93472630239557,-0.07742534515362709
1643.064683245607,0.0123760769850443,basophils,CAPILAR,0.8,XGBoost Regressor,GridSearchCV,0.02394438436029175,0.007723749192641422,78.93472630239557,-0.07742534515362709
1604.495089742189,0.012113004833997668,basophils,CAPILAR,0.8,XGBoost Regressor,GridSearchCV,0.02394438436029175,0.007723749192641422,78.93472630239557,-0.07742534515362709
1600.638130391847,0.010963392780992951,basophils,CAPILAR,0.8,XGBoost Regressor,GridSearchCV,0.02394438436029175,0.007723749192641422,78.93472630239557,-0.07742534515362709
1637.279244220094,0.010663039425094412,basophils,CAPILAR,0.8,XGBoost Regressor,GridSearchCV,0.02394438436029175,0.007723749192641422,78.93472630239557,-0.07742534515362709
1635.350764544923,0.008582043296029698,basophils,CAPILAR,0.8,XGBoost Regressor,GridSearchCV,0.02394438436029175,0.007723749192641422,78.93472630239557,-0.07742534515362709
1606.42356941736,0.0079275568132441,basophils,CAPILAR,0.8,XGBoost Regressor,GridSearchCV,0.02394438436029175,0.007723749192641422,78.93472630239557,-0.07742534515362709
1633.422284869752,0.007044790975972465,basophils,CAPILAR,0.8,XGBoost Regressor,GridSearchCV,0.02394438436029175,0.007723749192641422,78.93472630239557,-0.07742534515362709
3048.926366445193,0.006715259748157382,basophils,CAPILAR,0.8,XGBoost Regressor,GridSearchCV,0.02394438436029175,0.007723749192641422,78.93472630239557,-0.07742534515362709
1644.993162920778,0.006713918447875581,basophils,CAPILAR,0.8,XGBoost Regressor,GridSearchCV,0.02394438436029175,0.007723749192641422,78.93472630239557,-0.07742534515362709
1608.35204909253,0.006062171548616516,basophils,CAPILAR,0.8,XGBoost Regressor,GridSearchCV,0.02394438436029175,0.007723749192641422,78.93472630239557,-0.07742534515362709
1631.493805194581,0.006057188784641642,basophils,CAPILAR,0.8,XGBoost Regressor,GridSearchCV,0.02394438436029175,0.007723749192641422,78.93472630239557,-0.07742534515362709
1598.709650716676,0.005754226492298603,basophils,CAPILAR,0.8,XGBoost Regressor,GridSearchCV,0.02394438436029175,0.007723749192641422,78.93472630239557,-0.07742534515362709
1629.56532551941,0.005318569991077719,basophils,CAPILAR,0.8,XGBoost Regressor,GridSearchCV,0.02394438436029175,0.007723749192641422,78.93472630239557,-0.07742534515362709
1610.280528767702,0.005075337802259006,basophils,CAPILAR,0.8,XGBoost Regressor,GridSearchCV,0.02394438436029175,0.007723749192641422,78.93472630239557,-0.07742534515362709
1172.515642503907,0.004853005825802172,basophils,CAPILAR,0.8,XGBoost Regressor,GridSearchCV,0.02394438436029175,0.007723749192641422,78.93472630239557,-0.07742534515362709
1170.587162828736,0.00478964825009667,basophils,CAPILAR,0.8,XGBoost Regressor,GridSearchCV,0.02394438436029175,0.007723749192641422,78.93472630239557,-0.07742534515362709
1627.63684584424,0.004551768085620105,basophils,CAPILAR,0.8,XGBoost Regressor,GridSearchCV,0.02394438436029175,0.007723749192641422,78.93472630239557,-0.07742534515362709
1257.368748211427,0.057305458933115005,basophils,CAPILAR,0.8,XGBoost Regressor,GridSearchCV,0.023078454073978693,0.008697322673703494,78.20616769604385,-0.0009059360882484047
1739.488667004152,0.054361410439014435,basophils,CAPILAR,0.8,XGBoost Regressor,GridSearchCV,0.023078454073978693,0.008697322673703494,78.20616769604385,-0.0009059360882484047
1234.226992109376,0.04202203452587128,basophils,CAPILAR,0.8,XGBoost Regressor,GridSearchCV,0.023078454073978693,0.008697322673703494,78.20616769604385,-0.0009059360882484047
941.0980814833993,0.04153025522828102,basophils,CAPILAR,0.8,XGBoost Regressor,GridSearchCV,0.023078454073978693,0.008697322673703494,78.20616769604385,-0.0009059360882484047
943.0265611585701,0.03834083676338196,basophils,CAPILAR,0.8,XGBoost Regressor,GridSearchCV,0.023078454073978693,0.008697322673703494,78.20616769604385,-0.0009059360882484047
1230.370032759034,0.03342440351843834,basophils,CAPILAR,0.8,XGBoost Regressor,GridSearchCV,0.023078454073978693,0.008697322673703494,78.20616769604385,-0.0009059360882484047
939.1696018082284,0.032736241817474365,basophils,CAPILAR,0.8,XGBoost Regressor,GridSearchCV,0.023078454073978693,0.008697322673703494,78.20616769604385,-0.0009059360882484047
1344.150333594117,0.03190475329756737,basophils,CAPILAR,0.8,XGBoost Regressor,GridSearchCV,0.023078454073978693,0.008697322673703494,78.20616769604385,-0.0009059360882484047
1375.006008396852,0.031761396676301956,basophils,CAPILAR,0.8,XGBoost Regressor,GridSearchCV,0.023078454073978693,0.008697322673703494,78.20616769604385,-0.0009059360882484047
2935.146065610109,0.03175174817442894,basophils,CAPILAR,0.8,XGBoost Regressor,GridSearchCV,0.023078454073978693,0.008697322673703494,78.20616769604385,-0.0009059360882484047
3041.212447744509,0.03141683712601662,basophils,CAPILAR,0.8,XGBoost Regressor,GridSearchCV,0.023078454073978693,0.008697322673703494,78.20616769604385,-0.0009059360882484047
1236.155471784547,0.031307198107242584,basophils,CAPILAR,0.8,XGBoost Regressor,GridSearchCV,0.023078454073978693,0.008697322673703494,78.20616769604385,-0.0009059360882484047
3048.926366445193,0.029396632686257362,basophils,CAPILAR,0.8,XGBoost Regressor,GridSearchCV,0.023078454073978693,0.008697322673703494,78.20616769604385,-0.0009059360882484047
1184.086520554933,0.029376329854130745,basophils,CAPILAR,0.8,XGBoost Regressor,GridSearchCV,0.023078454073978693,0.008697322673703494,78.20616769604385,-0.0009059360882484047
2937.074545285281,0.02712741121649742,basophils,CAPILAR,0.8,XGBoost Regressor,GridSearchCV,0.023078454073978693,0.008697322673703494,78.20616769604385,-0.0009059360882484047
962.3113579102792,0.027025913819670677,basophils,CAPILAR,0.8,XGBoost Regressor,GridSearchCV,0.023078454073978693,0.008697322673703494,78.20616769604385,-0.0009059360882484047
1182.158040879762,0.02702302858233452,basophils,CAPILAR,0.8,XGBoost Regressor,GridSearchCV,0.023078454073978693,0.008697322673703494,78.20616769604385,-0.0009059360882484047
3039.283968069338,0.024848345667123795,basophils,CAPILAR,0.8,XGBoost Regressor,GridSearchCV,0.023078454073978693,0.008697322673703494,78.20616769604385,-0.0009059360882484047
2933.217585934939,0.02376481145620346,basophils,CAPILAR,0.8,XGBoost Regressor,GridSearchCV,0.023078454073978693,0.008697322673703494,78.20616769604385,-0.0009059360882484047
1232.298512434205,0.022719798609614372,basophils,CAPILAR,0.8,XGBoost Regressor,GridSearchCV,0.023078454073978693,0.008697322673703494,78.20616769604385,-0.0009059360882484047
1602.566610067018,0.019510347895425974,basophils,CAPILAR,0.8,XGBoost Regressor,GridSearchCV,0.02394438436029175,0.007723749192641422,78.93472630239557,-0.07742534515362709
1641.136203570436,0.015386660861486162,basophils,CAPILAR,0.8,XGBoost Regressor,GridSearchCV,0.02394438436029175,0.007723749192641422,78.93472630239557,-0.07742534515362709
1639.207723895265,0.013502010203886007,basophils,CAPILAR,0.8,XGBoost Regressor,GridSearchCV,0.02394438436029175,0.007723749192641422,78.93472630239557,-0.07742534515362709
1643.064683245607,0.012376076985044298,basophils,CAPILAR,0.8,XGBoost Regressor,GridSearchCV,0.02394438436029175,0.007723749192641422,78.93472630239557,-0.07742534515362709
1604.495089742189,0.01211300483399767,basophils,CAPILAR,0.8,XGBoost Regressor,GridSearchCV,0.02394438436029175,0.007723749192641422,78.93472630239557,-0.07742534515362709
1600.638130391847,0.010963392780992957,basophils,CAPILAR,0.8,XGBoost Regressor,GridSearchCV,0.02394438436029175,0.007723749192641422,78.93472630239557,-0.07742534515362709
1637.279244220094,0.010663039425094412,basophils,CAPILAR,0.8,XGBoost Regressor,GridSearchCV,0.02394438436029175,0.007723749192641422,78.93472630239557,-0.07742534515362709
1635.350764544923,0.008582043296029698,basophils,CAPILAR,0.8,XGBoost Regressor,GridSearchCV,0.02394438436029175,0.007723749192641422,78.93472630239557,-0.07742534515362709
1606.42356941736,0.007927556813244101,basophils,CAPILAR,0.8,XGBoost Regressor,GridSearchCV,0.02394438436029175,0.007723749192641422,78.93472630239557,-0.07742534515362709
1633.422284869752,0.007044790975972468,basophils,CAPILAR,0.8,XGBoost Regressor,GridSearchCV,0.02394438436029175,0.007723749192641422,78.93472630239557,-0.07742534515362709
3048.926366445193,0.00671525974815738,basophils,CAPILAR,0.8,XGBoost Regressor,GridSearchCV,0.02394438436029175,0.007723749192641422,78.93472630239557,-0.07742534515362709
1644.993162920778,0.006713918447875583,basophils,CAPILAR,0.8,XGBoost Regressor,GridSearchCV,0.02394438436029175,0.007723749192641422,78.93472630239557,-0.07742534515362709
1608.35204909253,0.006062171548616515,basophils,CAPILAR,0.8,XGBoost Regressor,GridSearchCV,0.02394438436029175,0.007723749192641422,78.93472630239557,-0.07742534515362709
1631.493805194581,0.006057188784641642,basophils,CAPILAR,0.8,XGBoost Regressor,GridSearchCV,0.02394438436029175,0.007723749192641422,78.93472630239557,-0.07742534515362709
1598.709650716676,0.005754226492298604,basophils,CAPILAR,0.8,XGBoost Regressor,GridSearchCV,0.02394438436029175,0.007723749192641422,78.93472630239557,-0.07742534515362709
1629.56532551941,0.005318569991077721,basophils,CAPILAR,0.8,XGBoost Regressor,GridSearchCV,0.02394438436029175,0.007723749192641422,78.93472630239557,-0.07742534515362709
1610.280528767702,0.005075337802259008,basophils,CAPILAR,0.8,XGBoost Regressor,GridSearchCV,0.02394438436029175,0.007723749192641422,78.93472630239557,-0.07742534515362709
1172.515642503907,0.004853005825802174,basophils,CAPILAR,0.8,XGBoost Regressor,GridSearchCV,0.02394438436029175,0.007723749192641422,78.93472630239557,-0.07742534515362709
1170.587162828736,0.004789648250096669,basophils,CAPILAR,0.8,XGBoost Regressor,GridSearchCV,0.02394438436029175,0.007723749192641422,78.93472630239557,-0.07742534515362709
1627.63684584424,0.004551768085620105,basophils,CAPILAR,0.8,XGBoost Regressor,GridSearchCV,0.02394438436029175,0.007723749192641422,78.93472630239557,-0.07742534515362709
1257.368748211427,0.057305458933115005,basophils,CAPILAR,0.8,XGBoost Regressor,GridSearchCV,0.023078454073978693,0.008697322673703494,78.20616769604385,-0.0009059360882484047
1739.488667004152,0.054361410439014435,basophils,CAPILAR,0.8,XGBoost Regressor,GridSearchCV,0.023078454073978693,0.008697322673703494,78.20616769604385,-0.0009059360882484047
1234.226992109376,0.04202203452587128,basophils,CAPILAR,0.8,XGBoost Regressor,GridSearchCV,0.023078454073978693,0.008697322673703494,78.20616769604385,-0.0009059360882484047
941.0980814833993,0.04153025522828102,basophils,CAPILAR,0.8,XGBoost Regressor,GridSearchCV,0.023078454073978693,0.008697322673703494,78.20616769604385,-0.0009059360882484047
943.0265611585701,0.03834083676338196,basophils,CAPILAR,0.8,XGBoost Regressor,GridSearchCV,0.023078454073978693,0.008697322673703494,78.20616769604385,-0.0009059360882484047
1230.370032759034,0.03342440351843834,basophils,CAPILAR,0.8,XGBoost Regressor,GridSearchCV,0.023078454073978693,0.008697322673703494,78.20616769604385,-0.0009059360882484047
939.1696018082284,0.032736241817474365,basophils,CAPILAR,0.8,XGBoost Regressor,GridSearchCV,0.023078454073978693,0.008697322673703494,78.20616769604385,-0.0009059360882484047
1344.150333594117,0.03190475329756737,basophils,CAPILAR,0.8,XGBoost Regressor,GridSearchCV,0.023078454073978693,0.008697322673703494,78.20616769604385,-0.0009059360882484047
1375.006008396852,0.031761396676301956,basophils,CAPILAR,0.8,XGBoost Regressor,GridSearchCV,0.023078454073978693,0.008697322673703494,78.20616769604385,-0.0009059360882484047
2935.146065610109,0.03175174817442894,basophils,CAPILAR,0.8,XGBoost Regressor,GridSearchCV,0.023078454073978693,0.008697322673703494,78.20616769604385,-0.0009059360882484047
3041.212447744509,0.03141683712601662,basophils,CAPILAR,0.8,XGBoost Regressor,GridSearchCV,0.023078454073978693,0.008697322673703494,78.20616769604385,-0.0009059360882484047
1236.155471784547,0.031307198107242584,basophils,CAPILAR,0.8,XGBoost Regressor,GridSearchCV,0.023078454073978693,0.008697322673703494,78.20616769604385,-0.0009059360882484047
3048.926366445193,0.029396632686257362,basophils,CAPILAR,0.8,XGBoost Regressor,GridSearchCV,0.023078454073978693,0.008697322673703494,78.20616769604385,-0.0009059360882484047
1184.086520554933,0.029376329854130745,basophils,CAPILAR,0.8,XGBoost Regressor,GridSearchCV,0.023078454073978693,0.008697322673703494,78.20616769604385,-0.0009059360882484047
2937.074545285281,0.02712741121649742,basophils,CAPILAR,0.8,XGBoost Regressor,GridSearchCV,0.023078454073978693,0.008697322673703494,78.20616769604385,-0.0009059360882484047
962.3113579102792,0.027025913819670677,basophils,CAPILAR,0.8,XGBoost Regressor,GridSearchCV,0.023078454073978693,0.008697322673703494,78.20616769604385,-0.0009059360882484047
1182.158040879762,0.02702302858233452,basophils,CAPILAR,0.8,XGBoost Regressor,GridSearchCV,0.023078454073978693,0.008697322673703494,78.20616769604385,-0.0009059360882484047
3039.283968069338,0.024848345667123795,basophils,CAPILAR,0.8,XGBoost Regressor,GridSearchCV,0.023078454073978693,0.008697322673703494,78.20616769604385,-0.0009059360882484047
2933.217585934939,0.02376481145620346,basophils,CAPILAR,0.8,XGBoost Regressor,GridSearchCV,0.023078454073978693,0.008697322673703494,78.20616769604385,-0.0009059360882484047
1232.298512434205,0.022719798609614372,basophils,CAPILAR,0.8,XGBoost Regressor,GridSearchCV,0.023078454073978693,0.008697322673703494,78.20616769604385,-0.0009059360882484047
1043.307504267457,0.005195344839799961,basophils,PLASMA,0.8,XGBoost Regressor,GridSearchCV,0.018639012060555463,0.008512135429603116,92.01081289599338,-0.2521459420405818
1045.235983942628,0.005192294516451655,basophils,PLASMA,0.8,XGBoost Regressor,GridSearchCV,0.018639012060555463,0.008512135429603116,92.01081289599338,-0.2521459420405818
1047.164463617799,0.005127951735690143,basophils,PLASMA,0.8,XGBoost Regressor,GridSearchCV,0.018639012060555463,0.008512135429603116,92.01081289599338,-0.2521459420405818
1049.092943292969,0.005050080107019968,basophils,PLASMA,0.8,XGBoost Regressor,GridSearchCV,0.018639012060555463,0.008512135429603116,92.01081289599338,-0.2521459420405818
1041.379024592286,0.005025144719824,basophils,PLASMA,0.8,XGBoost Regressor,GridSearchCV,0.018639012060555463,0.008512135429603116,92.01081289599338,-0.2521459420405818
1051.021422968141,0.0049050119348387445,basophils,PLASMA,0.8,XGBoost Regressor,GridSearchCV,0.018639012060555463,0.008512135429603116,92.01081289599338,-0.2521459420405818
1116.589731923951,0.004844245192620082,basophils,PLASMA,0.8,XGBoost Regressor,GridSearchCV,0.018639012060555463,0.008512135429603116,92.01081289599338,-0.2521459420405818
1114.66125224878,0.004783814375846212,basophils,PLASMA,0.8,XGBoost Regressor,GridSearchCV,0.018639012060555463,0.008512135429603116,92.01081289599338,-0.2521459420405818
1118.518211599122,0.004740556799869218,basophils,PLASMA,0.8,XGBoost Regressor,GridSearchCV,0.018639012060555463,0.008512135429603116,92.01081289599338,-0.2521459420405818
1039.450544917115,0.004679544856506336,basophils,PLASMA,0.8,XGBoost Regressor,GridSearchCV,0.018639012060555463,0.008512135429603116,92.01081289599338,-0.2521459420405818
1052.949902643312,0.004673373327025947,basophils,PLASMA,0.8,XGBoost Regressor,GridSearchCV,0.018639012060555463,0.008512135429603116,92.01081289599338,-0.2521459420405818
1120.446691274293,0.004545981021342937,basophils,PLASMA,0.8,XGBoost Regressor,GridSearchCV,0.018639012060555463,0.008512135429603116,92.01081289599338,-0.2521459420405818
1112.732772573609,0.004539980099726259,basophils,PLASMA,0.8,XGBoost Regressor,GridSearchCV,0.018639012060555463,0.008512135429603116,92.01081289599338,-0.2521459420405818
1054.878382318482,0.004407154149174905,basophils,PLASMA,0.8,XGBoost Regressor,GridSearchCV,0.018639012060555463,0.008512135429603116,92.01081289599338,-0.2521459420405818
1122.375170949464,0.004310910848848934,basophils,PLASMA,0.8,XGBoost Regressor,GridSearchCV,0.018639012060555463,0.008512135429603116,92.01081289599338,-0.2521459420405818
1037.522065241944,0.004305840265871059,basophils,PLASMA,0.8,XGBoost Regressor,GridSearchCV,0.018639012060555463,0.008512135429603116,92.01081289599338,-0.2521459420405818
1076.091658745362,0.0041925552457945684,basophils,PLASMA,0.8,XGBoost Regressor,GridSearchCV,0.018639012060555463,0.008512135429603116,92.01081289599338,-0.2521459420405818
1074.163179070191,0.004191315749307487,basophils,PLASMA,0.8,XGBoost Regressor,GridSearchCV,0.018639012060555463,0.008512135429603116,92.01081289599338,-0.2521459420405818
1072.23469939502,0.004176483507431976,basophils,PLASMA,0.8,XGBoost Regressor,GridSearchCV,0.018639012060555463,0.008512135429603116,92.01081289599338,-0.2521459420405818
1078.020138420533,0.004149224339553859,basophils,PLASMA,0.8,XGBoost Regressor,GridSearchCV,0.018639012060555463,0.008512135429603116,92.01081289599338,-0.2521459420405818
989.3100733626716,0.026384057477116585,basophils,PLASMA,0.8,XGBoost Regressor,GridSearchCV,0.01685064400257507,0.008148536644648853,87.54474877690276,-0.023392379395055007
1018.237268490235,0.023879654705524445,basophils,PLASMA,0.8,XGBoost Regressor,GridSearchCV,0.01685064400257507,0.008148536644648853,87.54474877690276,-0.023392379395055007
3039.283968069338,0.023180639371275902,basophils,PLASMA,0.8,XGBoost Regressor,GridSearchCV,0.01685064400257507,0.008148536644648853,87.54474877690276,-0.023392379395055007
2994.928935540408,0.022136365994811058,basophils,PLASMA,0.8,XGBoost Regressor,GridSearchCV,0.01685064400257507,0.008148536644648853,87.54474877690276,-0.023392379395055007
2728.798740366823,0.021948745474219322,basophils,PLASMA,0.8,XGBoost Regressor,GridSearchCV,0.01685064400257507,0.008148536644648853,87.54474877690276,-0.023392379395055007
1581.353333640138,0.021340129896998405,basophils,PLASMA,0.8,XGBoost Regressor,GridSearchCV,0.01685064400257507,0.008148536644648853,87.54474877690276,-0.023392379395055007
2707.585463939944,0.020366119220852852,basophils,PLASMA,0.8,XGBoost Regressor,GridSearchCV,0.01685064400257507,0.008148536644648853,87.54474877690276,-0.023392379395055007
3027.713090018313,0.020063742995262146,basophils,PLASMA,0.8,XGBoost Regressor,GridSearchCV,0.01685064400257507,0.008148536644648853,87.54474877690276,-0.023392379395055007
1764.558902781373,0.018891558051109314,basophils,PLASMA,0.8,XGBoost Regressor,GridSearchCV,0.01685064400257507,0.008148536644648853,87.54474877690276,-0.023392379395055007
1594.852691366334,0.018812069669365883,basophils,PLASMA,0.8,XGBoost Regressor,GridSearchCV,0.01685064400257507,0.008148536644648853,87.54474877690276,-0.023392379395055007
1509.999585658815,0.018093297258019447,basophils,PLASMA,0.8,XGBoost Regressor,GridSearchCV,0.01685064400257507,0.008148536644648853,87.54474877690276,-0.023392379395055007
2782.796171271609,0.01784420572221279,basophils,PLASMA,0.8,XGBoost Regressor,GridSearchCV,0.01685064400257507,0.008148536644648853,87.54474877690276,-0.023392379395055007
1700.919073500734,0.017561063170433044,basophils,PLASMA,0.8,XGBoost Regressor,GridSearchCV,0.01685064400257507,0.008148536644648853,87.54474877690276,-0.023392379395055007
1515.785024684327,0.016058990731835365,basophils,PLASMA,0.8,XGBoost Regressor,GridSearchCV,0.01685064400257507,0.008148536644648853,87.54474877690276,-0.023392379395055007
1729.846268628297,0.01578507386147976,basophils,PLASMA,0.8,XGBoost Regressor,GridSearchCV,0.01685064400257507,0.008148536644648853,87.54474877690276,-0.023392379395055007
1643.064683245607,0.015763025730848312,basophils,PLASMA,0.8,XGBoost Regressor,GridSearchCV,0.01685064400257507,0.008148536644648853,87.54474877690276,-0.023392379395055007
3012.285252616945,0.015501610934734344,basophils,PLASMA,0.8,XGBoost Regressor,GridSearchCV,0.01685064400257507,0.008148536644648853,87.54474877690276,-0.023392379395055007
1340.293374243775,0.015500626526772976,basophils,PLASMA,0.8,XGBoost Regressor,GridSearchCV,0.01685064400257507,0.008148536644648853,87.54474877690276,-0.023392379395055007
1698.990593825563,0.015453982166945934,basophils,PLASMA,0.8,XGBoost Regressor,GridSearchCV,0.01685064400257507,0.008148536644648853,87.54474877690276,-0.023392379395055007
1209.156756332154,0.01440022699534893,basophils,PLASMA,0.8,XGBoost Regressor,GridSearchCV,0.01685064400257507,0.008148536644648853,87.54474877690276,-0.023392379395055007
1043.307504267457,0.005195344839799963,basophils,PLASMA,0.8,XGBoost Regressor,GridSearchCV,0.018639012060555463,0.008512135429603116,92.01081289599338,-0.2521459420405818
1045.235983942628,0.0051922945164516576,basophils,PLASMA,0.8,XGBoost Regressor,GridSearchCV,0.018639012060555463,0.008512135429603116,92.01081289599338,-0.2521459420405818
1047.164463617799,0.005127951735690144,basophils,PLASMA,0.8,XGBoost Regressor,GridSearchCV,0.018639012060555463,0.008512135429603116,92.01081289599338,-0.2521459420405818
1049.092943292969,0.005050080107019971,basophils,PLASMA,0.8,XGBoost Regressor,GridSearchCV,0.018639012060555463,0.008512135429603116,92.01081289599338,-0.2521459420405818
1041.379024592286,0.005025144719824002,basophils,PLASMA,0.8,XGBoost Regressor,GridSearchCV,0.018639012060555463,0.008512135429603116,92.01081289599338,-0.2521459420405818
1051.021422968141,0.0049050119348387445,basophils,PLASMA,0.8,XGBoost Regressor,GridSearchCV,0.018639012060555463,0.008512135429603116,92.01081289599338,-0.2521459420405818
1116.589731923951,0.004844245192620081,basophils,PLASMA,0.8,XGBoost Regressor,GridSearchCV,0.018639012060555463,0.008512135429603116,92.01081289599338,-0.2521459420405818
1114.66125224878,0.004783814375846214,basophils,PLASMA,0.8,XGBoost Regressor,GridSearchCV,0.018639012060555463,0.008512135429603116,92.01081289599338,-0.2521459420405818
1118.518211599122,0.004740556799869217,basophils,PLASMA,0.8,XGBoost Regressor,GridSearchCV,0.018639012060555463,0.008512135429603116,92.01081289599338,-0.2521459420405818
1039.450544917115,0.004679544856506338,basophils,PLASMA,0.8,XGBoost Regressor,GridSearchCV,0.018639012060555463,0.008512135429603116,92.01081289599338,-0.2521459420405818
1052.949902643312,0.004673373327025947,basophils,PLASMA,0.8,XGBoost Regressor,GridSearchCV,0.018639012060555463,0.008512135429603116,92.01081289599338,-0.2521459420405818
1120.446691274293,0.004545981021342936,basophils,PLASMA,0.8,XGBoost Regressor,GridSearchCV,0.018639012060555463,0.008512135429603116,92.01081289599338,-0.2521459420405818
1112.732772573609,0.004539980099726259,basophils,PLASMA,0.8,XGBoost Regressor,GridSearchCV,0.018639012060555463,0.008512135429603116,92.01081289599338,-0.2521459420405818
1054.878382318482,0.004407154149174903,basophils,PLASMA,0.8,XGBoost Regressor,GridSearchCV,0.018639012060555463,0.008512135429603116,92.01081289599338,-0.2521459420405818
1122.375170949464,0.004310910848848932,basophils,PLASMA,0.8,XGBoost Regressor,GridSearchCV,0.018639012060555463,0.008512135429603116,92.01081289599338,-0.2521459420405818
1037.522065241944,0.0043058402658710596,basophils,PLASMA,0.8,XGBoost Regressor,GridSearchCV,0.018639012060555463,0.008512135429603116,92.01081289599338,-0.2521459420405818
1076.091658745362,0.004192555245794569,basophils,PLASMA,0.8,XGBoost Regressor,GridSearchCV,0.018639012060555463,0.008512135429603116,92.01081289599338,-0.2521459420405818
1074.163179070191,0.004191315749307487,basophils,PLASMA,0.8,XGBoost Regressor,GridSearchCV,0.018639012060555463,0.008512135429603116,92.01081289599338,-0.2521459420405818
1072.23469939502,0.0041764835074319774,basophils,PLASMA,0.8,XGBoost Regressor,GridSearchCV,0.018639012060555463,0.008512135429603116,92.01081289599338,-0.2521459420405818
1078.020138420533,0.004149224339553859,basophils,PLASMA,0.8,XGBoost Regressor,GridSearchCV,0.018639012060555463,0.008512135429603116,92.01081289599338,-0.2521459420405818
989.3100733626716,0.026384057477116585,basophils,PLASMA,0.8,XGBoost Regressor,GridSearchCV,0.01685064400257507,0.008148536644648853,87.54474877690276,-0.023392379395055007
1018.237268490235,0.023879654705524445,basophils,PLASMA,0.8,XGBoost Regressor,GridSearchCV,0.01685064400257507,0.008148536644648853,87.54474877690276,-0.023392379395055007
3039.283968069338,0.023180639371275902,basophils,PLASMA,0.8,XGBoost Regressor,GridSearchCV,0.01685064400257507,0.008148536644648853,87.54474877690276,-0.023392379395055007
2994.928935540408,0.022136365994811058,basophils,PLASMA,0.8,XGBoost Regressor,GridSearchCV,0.01685064400257507,0.008148536644648853,87.54474877690276,-0.023392379395055007
2728.798740366823,0.021948745474219322,basophils,PLASMA,0.8,XGBoost Regressor,GridSearchCV,0.01685064400257507,0.008148536644648853,87.54474877690276,-0.023392379395055007
1581.353333640138,0.021340129896998405,basophils,PLASMA,0.8,XGBoost Regressor,GridSearchCV,0.01685064400257507,0.008148536644648853,87.54474877690276,-0.023392379395055007
2707.585463939944,0.020366119220852852,basophils,PLASMA,0.8,XGBoost Regressor,GridSearchCV,0.01685064400257507,0.008148536644648853,87.54474877690276,-0.023392379395055007
3027.713090018313,0.020063742995262146,basophils,PLASMA,0.8,XGBoost Regressor,GridSearchCV,0.01685064400257507,0.008148536644648853,87.54474877690276,-0.023392379395055007
1764.558902781373,0.018891558051109314,basophils,PLASMA,0.8,XGBoost Regressor,GridSearchCV,0.01685064400257507,0.008148536644648853,87.54474877690276,-0.023392379395055007
1594.852691366334,0.018812069669365883,basophils,PLASMA,0.8,XGBoost Regressor,GridSearchCV,0.01685064400257507,0.008148536644648853,87.54474877690276,-0.023392379395055007
1509.999585658815,0.018093297258019447,basophils,PLASMA,0.8,XGBoost Regressor,GridSearchCV,0.01685064400257507,0.008148536644648853,87.54474877690276,-0.023392379395055007
2782.796171271609,0.01784420572221279,basophils,PLASMA,0.8,XGBoost Regressor,GridSearchCV,0.01685064400257507,0.008148536644648853,87.54474877690276,-0.023392379395055007
1700.919073500734,0.017561063170433044,basophils,PLASMA,0.8,XGBoost Regressor,GridSearchCV,0.01685064400257507,0.008148536644648853,87.54474877690276,-0.023392379395055007
1515.785024684327,0.016058990731835365,basophils,PLASMA,0.8,XGBoost Regressor,GridSearchCV,0.01685064400257507,0.008148536644648853,87.54474877690276,-0.023392379395055007
1729.846268628297,0.01578507386147976,basophils,PLASMA,0.8,XGBoost Regressor,GridSearchCV,0.01685064400257507,0.008148536644648853,87.54474877690276,-0.023392379395055007
1643.064683245607,0.015763025730848312,basophils,PLASMA,0.8,XGBoost Regressor,GridSearchCV,0.01685064400257507,0.008148536644648853,87.54474877690276,-0.023392379395055007
3012.285252616945,0.015501610934734344,basophils,PLASMA,0.8,XGBoost Regressor,GridSearchCV,0.01685064400257507,0.008148536644648853,87.54474877690276,-0.023392379395055007
1340.293374243775,0.015500626526772976,basophils,PLASMA,0.8,XGBoost Regressor,GridSearchCV,0.01685064400257507,0.008148536644648853,87.54474877690276,-0.023392379395055007
1698.990593825563,0.015453982166945934,basophils,PLASMA,0.8,XGBoost Regressor,GridSearchCV,0.01685064400257507,0.008148536644648853,87.54474877690276,-0.023392379395055007
1209.156756332154,0.01440022699534893,basophils,PLASMA,0.8,XGBoost Regressor,GridSearchCV,0.01685064400257507,0.008148536644648853,87.54474877690276,-0.023392379395055007
962.3113579102792,0.004435649919674481,basophils,SALIVA,0.8,XGBoost Regressor,GridSearchCV,0.017320373643352587,0.008151165687124288,87.64464254491031,0.0037805246453598285
952.6689595344246,0.004364756287551312,basophils,SALIVA,0.8,XGBoost Regressor,GridSearchCV,0.017320373643352587,0.008151165687124288,87.64464254491031,0.0037805246453598285
950.7404798592538,0.004343133031405491,basophils,SALIVA,0.8,XGBoost Regressor,GridSearchCV,0.017320373643352587,0.008151165687124288,87.64464254491031,0.0037805246453598285
960.3828782351084,0.004298622289844629,basophils,SALIVA,0.8,XGBoost Regressor,GridSearchCV,0.017320373643352587,0.008151165687124288,87.64464254491031,0.0037805246453598285
954.5974392095954,0.004294238530039344,basophils,SALIVA,0.8,XGBoost Regressor,GridSearchCV,0.017320373643352587,0.008151165687124288,87.64464254491031,0.0037805246453598285
956.5259188847667,0.004246462954771422,basophils,SALIVA,0.8,XGBoost Regressor,GridSearchCV,0.017320373643352587,0.008151165687124288,87.64464254491031,0.0037805246453598285
958.4543985599371,0.004064327954991077,basophils,SALIVA,0.8,XGBoost Regressor,GridSearchCV,0.017320373643352587,0.008151165687124288,87.64464254491031,0.0037805246453598285
948.812000184083,0.0039791389519970586,basophils,SALIVA,0.8,XGBoost Regressor,GridSearchCV,0.017320373643352587,0.008151165687124288,87.64464254491031,0.0037805246453598285
964.23983758545,0.003555259448705298,basophils,SALIVA,0.8,XGBoost Regressor,GridSearchCV,0.017320373643352587,0.008151165687124288,87.64464254491031,0.0037805246453598285
946.8835205089117,0.0035126828906951644,basophils,SALIVA,0.8,XGBoost Regressor,GridSearchCV,0.017320373643352587,0.008151165687124288,87.64464254491031,0.0037805246453598285
939.1696018082284,0.003419792606711558,basophils,SALIVA,0.8,XGBoost Regressor,GridSearchCV,0.017320373643352587,0.008151165687124288,87.64464254491031,0.0037805246453598285
1351.864252294801,0.003324209397863678,basophils,SALIVA,0.8,XGBoost Regressor,GridSearchCV,0.017320373643352587,0.008151165687124288,87.64464254491031,0.0037805246453598285
1349.93577261963,0.0033126058924732677,basophils,SALIVA,0.8,XGBoost Regressor,GridSearchCV,0.017320373643352587,0.008151165687124288,87.64464254491031,0.0037805246453598285
937.2411221330576,0.0033087624328055473,basophils,SALIVA,0.8,XGBoost Regressor,GridSearchCV,0.017320373643352587,0.008151165687124288,87.64464254491031,0.0037805246453598285
1353.792731969972,0.003302317952728167,basophils,SALIVA,0.8,XGBoost Regressor,GridSearchCV,0.017320373643352587,0.008151165687124288,87.64464254491031,0.0037805246453598285
1355.721211645143,0.0032660303014400253,basophils,SALIVA,0.8,XGBoost Regressor,GridSearchCV,0.017320373643352587,0.008151165687124288,87.64464254491031,0.0037805246453598285
1365.363610020997,0.0032530522180785476,basophils,SALIVA,0.8,XGBoost Regressor,GridSearchCV,0.017320373643352587,0.008151165687124288,87.64464254491031,0.0037805246453598285
1348.007292944459,0.0032463557678674205,basophils,SALIVA,0.8,XGBoost Regressor,GridSearchCV,0.017320373643352587,0.008151165687124288,87.64464254491031,0.0037805246453598285
1367.292089696168,0.003237538390707302,basophils,SALIVA,0.8,XGBoost Regressor,GridSearchCV,0.017320373643352587,0.008151165687124288,87.64464254491031,0.0037805246453598285
1363.435130345826,0.003236771481403561,basophils,SALIVA,0.8,XGBoost Regressor,GridSearchCV,0.017320373643352587,0.008151165687124288,87.64464254491031,0.0037805246453598285
1577.496374289796,0.04462296888232231,basophils,SALIVA,0.8,XGBoost Regressor,GridSearchCV,0.01735710311406538,0.008193941111232908,87.30666064657271,-0.00044910823737520644
1272.796585612794,0.041985440999269485,basophils,SALIVA,0.8,XGBoost Regressor,GridSearchCV,0.01735710311406538,0.008193941111232908,87.30666064657271,-0.00044910823737520644
1571.710935264284,0.03696946054697037,basophils,SALIVA,0.8,XGBoost Regressor,GridSearchCV,0.01735710311406538,0.008193941111232908,87.30666064657271,-0.00044910823737520644
1579.424853964967,0.03551093488931656,basophils,SALIVA,0.8,XGBoost Regressor,GridSearchCV,0.01735710311406538,0.008193941111232908,87.30666064657271,-0.00044910823737520644
1278.582024638307,0.03424647077918053,basophils,SALIVA,0.8,XGBoost Regressor,GridSearchCV,0.01735710311406538,0.008193941111232908,87.30666064657271,-0.00044910823737520644
1569.782455589112,0.03203911706805229,basophils,SALIVA,0.8,XGBoost Regressor,GridSearchCV,0.01735710311406538,0.008193941111232908,87.30666064657271,-0.00044910823737520644
2962.144781062502,0.03182079270482063,basophils,SALIVA,0.8,XGBoost Regressor,GridSearchCV,0.01735710311406538,0.008193941111232908,87.30666064657271,-0.00044910823737520644
1627.63684584424,0.029389619827270508,basophils,SALIVA,0.8,XGBoost Regressor,GridSearchCV,0.01735710311406538,0.008193941111232908,87.30666064657271,-0.00044910823737520644
3000.71437456592,0.028187312185764313,basophils,SALIVA,0.8,XGBoost Regressor,GridSearchCV,0.01735710311406538,0.008193941111232908,87.30666064657271,-0.00044910823737520644
2572.59188667798,0.028175966814160347,basophils,SALIVA,0.8,XGBoost Regressor,GridSearchCV,0.01735710311406538,0.008193941111232908,87.30666064657271,-0.00044910823737520644
1276.653544963136,0.02568204700946808,basophils,SALIVA,0.8,XGBoost Regressor,GridSearchCV,0.01735710311406538,0.008193941111232908,87.30666064657271,-0.00044910823737520644
2728.798740366823,0.025375261902809143,basophils,SALIVA,0.8,XGBoost Regressor,GridSearchCV,0.01735710311406538,0.008193941111232908,87.30666064657271,-0.00044910823737520644
1087.662536796388,0.025112714618444443,basophils,SALIVA,0.8,XGBoost Regressor,GridSearchCV,0.01735710311406538,0.008193941111232908,87.30666064657271,-0.00044910823737520644
958.4543985599371,0.02466236799955368,basophils,SALIVA,0.8,XGBoost Regressor,GridSearchCV,0.01735710311406538,0.008193941111232908,87.30666064657271,-0.00044910823737520644
1265.08266691211,0.024359477683901787,basophils,SALIVA,0.8,XGBoost Regressor,GridSearchCV,0.01735710311406538,0.008193941111232908,87.30666064657271,-0.00044910823737520644
1581.353333640138,0.02417040430009365,basophils,SALIVA,0.8,XGBoost Regressor,GridSearchCV,0.01735710311406538,0.008193941111232908,87.30666064657271,-0.00044910823737520644
1230.370032759034,0.023242972791194916,basophils,SALIVA,0.8,XGBoost Regressor,GridSearchCV,0.01735710311406538,0.008193941111232908,87.30666064657271,-0.00044910823737520644
929.5272034323739,0.023180877789855003,basophils,SALIVA,0.8,XGBoost Regressor,GridSearchCV,0.01735710311406538,0.008193941111232908,87.30666064657271,-0.00044910823737520644
956.5259188847667,0.022580064833164215,basophils,SALIVA,0.8,XGBoost Regressor,GridSearchCV,0.01735710311406538,0.008193941111232908,87.30666064657271,-0.00044910823737520644
2701.800024914431,0.022399181500077248,basophils,SALIVA,0.8,XGBoost Regressor,GridSearchCV,0.01735710311406538,0.008193941111232908,87.30666064657271,-0.00044910823737520644
962.3113579102792,0.004435649919674487,basophils,SALIVA,0.8,XGBoost Regressor,GridSearchCV,0.017320373643352587,0.008151165687124288,87.64464254491031,0.0037805246453598285
952.6689595344246,0.004364756287551312,basophils,SALIVA,0.8,XGBoost Regressor,GridSearchCV,0.017320373643352587,0.008151165687124288,87.64464254491031,0.0037805246453598285
950.7404798592538,0.004343133031405492,basophils,SALIVA,0.8,XGBoost Regressor,GridSearchCV,0.017320373643352587,0.008151165687124288,87.64464254491031,0.0037805246453598285
960.3828782351084,0.004298622289844633,basophils,SALIVA,0.8,XGBoost Regressor,GridSearchCV,0.017320373643352587,0.008151165687124288,87.64464254491031,0.0037805246453598285
954.5974392095954,0.004294238530039345,basophils,SALIVA,0.8,XGBoost Regressor,GridSearchCV,0.017320373643352587,0.008151165687124288,87.64464254491031,0.0037805246453598285
956.5259188847667,0.0042464629547714254,basophils,SALIVA,0.8,XGBoost Regressor,GridSearchCV,0.017320373643352587,0.008151165687124288,87.64464254491031,0.0037805246453598285
958.4543985599371,0.004064327954991081,basophils,SALIVA,0.8,XGBoost Regressor,GridSearchCV,0.017320373643352587,0.008151165687124288,87.64464254491031,0.0037805246453598285
948.812000184083,0.0039791389519970586,basophils,SALIVA,0.8,XGBoost Regressor,GridSearchCV,0.017320373643352587,0.008151165687124288,87.64464254491031,0.0037805246453598285
964.23983758545,0.003555259448705302,basophils,SALIVA,0.8,XGBoost Regressor,GridSearchCV,0.017320373643352587,0.008151165687124288,87.64464254491031,0.0037805246453598285
946.8835205089117,0.003512682890695165,basophils,SALIVA,0.8,XGBoost Regressor,GridSearchCV,0.017320373643352587,0.008151165687124288,87.64464254491031,0.0037805246453598285
939.1696018082284,0.003419792606711555,basophils,SALIVA,0.8,XGBoost Regressor,GridSearchCV,0.017320373643352587,0.008151165687124288,87.64464254491031,0.0037805246453598285
1351.864252294801,0.0033242093978636793,basophils,SALIVA,0.8,XGBoost Regressor,GridSearchCV,0.017320373643352587,0.008151165687124288,87.64464254491031,0.0037805246453598285
1349.93577261963,0.003312605892473269,basophils,SALIVA,0.8,XGBoost Regressor,GridSearchCV,0.017320373643352587,0.008151165687124288,87.64464254491031,0.0037805246453598285
937.2411221330576,0.003308762432805546,basophils,SALIVA,0.8,XGBoost Regressor,GridSearchCV,0.017320373643352587,0.008151165687124288,87.64464254491031,0.0037805246453598285
1353.792731969972,0.0033023179527281676,basophils,SALIVA,0.8,XGBoost Regressor,GridSearchCV,0.017320373643352587,0.008151165687124288,87.64464254491031,0.0037805246453598285
1355.721211645143,0.0032660303014400275,basophils,SALIVA,0.8,XGBoost Regressor,GridSearchCV,0.017320373643352587,0.008151165687124288,87.64464254491031,0.0037805246453598285
1365.363610020997,0.00325305221807855,basophils,SALIVA,0.8,XGBoost Regressor,GridSearchCV,0.017320373643352587,0.008151165687124288,87.64464254491031,0.0037805246453598285
1348.007292944459,0.003246355767867421,basophils,SALIVA,0.8,XGBoost Regressor,GridSearchCV,0.017320373643352587,0.008151165687124288,87.64464254491031,0.0037805246453598285
1367.292089696168,0.0032375383907073036,basophils,SALIVA,0.8,XGBoost Regressor,GridSearchCV,0.017320373643352587,0.008151165687124288,87.64464254491031,0.0037805246453598285
1363.435130345826,0.003236771481403563,basophils,SALIVA,0.8,XGBoost Regressor,GridSearchCV,0.017320373643352587,0.008151165687124288,87.64464254491031,0.0037805246453598285
1577.496374289796,0.04462296888232231,basophils,SALIVA,0.8,XGBoost Regressor,GridSearchCV,0.01735710311406538,0.008193941111232908,87.30666064657271,-0.00044910823737520644
1272.796585612794,0.041985440999269485,basophils,SALIVA,0.8,XGBoost Regressor,GridSearchCV,0.01735710311406538,0.008193941111232908,87.30666064657271,-0.00044910823737520644
1571.710935264284,0.03696946054697037,basophils,SALIVA,0.8,XGBoost Regressor,GridSearchCV,0.01735710311406538,0.008193941111232908,87.30666064657271,-0.00044910823737520644
1579.424853964967,0.03551093488931656,basophils,SALIVA,0.8,XGBoost Regressor,GridSearchCV,0.01735710311406538,0.008193941111232908,87.30666064657271,-0.00044910823737520644
1278.582024638307,0.03424647077918053,basophils,SALIVA,0.8,XGBoost Regressor,GridSearchCV,0.01735710311406538,0.008193941111232908,87.30666064657271,-0.00044910823737520644
1569.782455589112,0.03203911706805229,basophils,SALIVA,0.8,XGBoost Regressor,GridSearchCV,0.01735710311406538,0.008193941111232908,87.30666064657271,-0.00044910823737520644
2962.144781062502,0.03182079270482063,basophils,SALIVA,0.8,XGBoost Regressor,GridSearchCV,0.01735710311406538,0.008193941111232908,87.30666064657271,-0.00044910823737520644
1627.63684584424,0.029389619827270508,basophils,SALIVA,0.8,XGBoost Regressor,GridSearchCV,0.01735710311406538,0.008193941111232908,87.30666064657271,-0.00044910823737520644
3000.71437456592,0.028187312185764313,basophils,SALIVA,0.8,XGBoost Regressor,GridSearchCV,0.01735710311406538,0.008193941111232908,87.30666064657271,-0.00044910823737520644
2572.59188667798,0.028175966814160347,basophils,SALIVA,0.8,XGBoost Regressor,GridSearchCV,0.01735710311406538,0.008193941111232908,87.30666064657271,-0.00044910823737520644
1276.653544963136,0.02568204700946808,basophils,SALIVA,0.8,XGBoost Regressor,GridSearchCV,0.01735710311406538,0.008193941111232908,87.30666064657271,-0.00044910823737520644
2728.798740366823,0.025375261902809143,basophils,SALIVA,0.8,XGBoost Regressor,GridSearchCV,0.01735710311406538,0.008193941111232908,87.30666064657271,-0.00044910823737520644
1087.662536796388,0.025112714618444443,basophils,SALIVA,0.8,XGBoost Regressor,GridSearchCV,0.01735710311406538,0.008193941111232908,87.30666064657271,-0.00044910823737520644
958.4543985599371,0.02466236799955368,basophils,SALIVA,0.8,XGBoost Regressor,GridSearchCV,0.01735710311406538,0.008193941111232908,87.30666064657271,-0.00044910823737520644
1265.08266691211,0.024359477683901787,basophils,SALIVA,0.8,XGBoost Regressor,GridSearchCV,0.01735710311406538,0.008193941111232908,87.30666064657271,-0.00044910823737520644
1581.353333640138,0.02417040430009365,basophils,SALIVA,0.8,XGBoost Regressor,GridSearchCV,0.01735710311406538,0.008193941111232908,87.30666064657271,-0.00044910823737520644
1230.370032759034,0.023242972791194916,basophils,SALIVA,0.8,XGBoost Regressor,GridSearchCV,0.01735710311406538,0.008193941111232908,87.30666064657271,-0.00044910823737520644
929.5272034323739,0.023180877789855003,basophils,SALIVA,0.8,XGBoost Regressor,GridSearchCV,0.01735710311406538,0.008193941111232908,87.30666064657271,-0.00044910823737520644
956.5259188847667,0.022580064833164215,basophils,SALIVA,0.8,XGBoost Regressor,GridSearchCV,0.01735710311406538,0.008193941111232908,87.30666064657271,-0.00044910823737520644
2701.800024914431,0.022399181500077248,basophils,SALIVA,0.8,XGBoost Regressor,GridSearchCV,0.01735710311406538,0.008193941111232908,87.30666064657271,-0.00044910823737520644
1587.138772665651,0.008720908590562253,basophils,SERUM,0.8,XGBoost Regressor,GridSearchCV,0.017230664830195006,0.0068379259992216255,70.30914138950823,-0.12995551090587654
1589.067252340822,0.008706531741413337,basophils,SERUM,0.8,XGBoost Regressor,GridSearchCV,0.017230664830195006,0.0068379259992216255,70.30914138950823,-0.12995551090587654
1590.995732015992,0.008530660779987247,basophils,SERUM,0.8,XGBoost Regressor,GridSearchCV,0.017230664830195006,0.0068379259992216255,70.30914138950823,-0.12995551090587654
1585.21029299048,0.008383480952360077,basophils,SERUM,0.8,XGBoost Regressor,GridSearchCV,0.017230664830195006,0.0068379259992216255,70.30914138950823,-0.12995551090587654
1592.924211691163,0.008186327974126212,basophils,SERUM,0.8,XGBoost Regressor,GridSearchCV,0.017230664830195006,0.0068379259992216255,70.30914138950823,-0.12995551090587654
1594.852691366334,0.007699060479571743,basophils,SERUM,0.8,XGBoost Regressor,GridSearchCV,0.017230664830195006,0.0068379259992216255,70.30914138950823,-0.12995551090587654
1583.281813315309,0.007697343460726278,basophils,SERUM,0.8,XGBoost Regressor,GridSearchCV,0.017230664830195006,0.0068379259992216255,70.30914138950823,-0.12995551090587654
1596.781171041505,0.007146149360153994,basophils,SERUM,0.8,XGBoost Regressor,GridSearchCV,0.017230664830195006,0.0068379259992216255,70.30914138950823,-0.12995551090587654
1581.353333640138,0.00709491465384773,basophils,SERUM,0.8,XGBoost Regressor,GridSearchCV,0.017230664830195006,0.0068379259992216255,70.30914138950823,-0.12995551090587654
1598.709650716676,0.006565296467483153,basophils,SERUM,0.8,XGBoost Regressor,GridSearchCV,0.017230664830195006,0.0068379259992216255,70.30914138950823,-0.12995551090587654
1579.424853964967,0.006402029408655793,basophils,SERUM,0.8,XGBoost Regressor,GridSearchCV,0.017230664830195006,0.0068379259992216255,70.30914138950823,-0.12995551090587654
1600.638130391847,0.005939766105360016,basophils,SERUM,0.8,XGBoost Regressor,GridSearchCV,0.017230664830195006,0.0068379259992216255,70.30914138950823,-0.12995551090587654
1577.496374289796,0.00559237647494643,basophils,SERUM,0.8,XGBoost Regressor,GridSearchCV,0.017230664830195006,0.0068379259992216255,70.30914138950823,-0.12995551090587654
1124.303650624635,0.005400930963251914,basophils,SERUM,0.8,XGBoost Regressor,GridSearchCV,0.017230664830195006,0.0068379259992216255,70.30914138950823,-0.12995551090587654
1602.566610067018,0.00535914289296118,basophils,SERUM,0.8,XGBoost Regressor,GridSearchCV,0.017230664830195006,0.0068379259992216255,70.30914138950823,-0.12995551090587654
1126.232130299806,0.005340681428479785,basophils,SERUM,0.8,XGBoost Regressor,GridSearchCV,0.017230664830195006,0.0068379259992216255,70.30914138950823,-0.12995551090587654
1122.375170949464,0.005262363307925528,basophils,SERUM,0.8,XGBoost Regressor,GridSearchCV,0.017230664830195006,0.0068379259992216255,70.30914138950823,-0.12995551090587654
1128.160609974977,0.005130243478199502,basophils,SERUM,0.8,XGBoost Regressor,GridSearchCV,0.017230664830195006,0.0068379259992216255,70.30914138950823,-0.12995551090587654
1575.567894614625,0.004941836513428715,basophils,SERUM,0.8,XGBoost Regressor,GridSearchCV,0.017230664830195006,0.0068379259992216255,70.30914138950823,-0.12995551090587654
1120.446691274293,0.004941272335123459,basophils,SERUM,0.8,XGBoost Regressor,GridSearchCV,0.017230664830195006,0.0068379259992216255,70.30914138950823,-0.12995551090587654
1687.419715774538,0.03193695843219757,basophils,SERUM,0.8,XGBoost Regressor,GridSearchCV,0.01519929561667057,0.00754713282478042,61.17945874316825,0.12076655663961489
2701.800024914431,0.03162764757871628,basophils,SERUM,0.8,XGBoost Regressor,GridSearchCV,0.01519929561667057,0.00754713282478042,61.17945874316825,0.12076655663961489
1168.658683153565,0.03022301383316517,basophils,SERUM,0.8,XGBoost Regressor,GridSearchCV,0.01519929561667057,0.00754713282478042,61.17945874316825,0.12076655663961489
1182.158040879762,0.02939770743250847,basophils,SERUM,0.8,XGBoost Regressor,GridSearchCV,0.01519929561667057,0.00754713282478042,61.17945874316825,0.12076655663961489
1641.136203570436,0.028691649436950684,basophils,SERUM,0.8,XGBoost Regressor,GridSearchCV,0.01519929561667057,0.00754713282478042,61.17945874316825,0.12076655663961489
937.2411221330576,0.028436781838536263,basophils,SERUM,0.8,XGBoost Regressor,GridSearchCV,0.01519929561667057,0.00754713282478042,61.17945874316825,0.12076655663961489
1388.505366123048,0.023386789485812187,basophils,SERUM,0.8,XGBoost Regressor,GridSearchCV,0.01519929561667057,0.00754713282478042,61.17945874316825,0.12076655663961489
2611.161480181398,0.021552100777626038,basophils,SERUM,0.8,XGBoost Regressor,GridSearchCV,0.01519929561667057,0.00754713282478042,61.17945874316825,0.12076655663961489
1513.856545009157,0.020447969436645508,basophils,SERUM,0.8,XGBoost Regressor,GridSearchCV,0.01519929561667057,0.00754713282478042,61.17945874316825,0.12076655663961489
1205.299796981813,0.019689738750457764,basophils,SERUM,0.8,XGBoost Regressor,GridSearchCV,0.01519929561667057,0.00754713282478042,61.17945874316825,0.12076655663961489
1203.371317306642,0.018882982432842255,basophils,SERUM,0.8,XGBoost Regressor,GridSearchCV,0.01519929561667057,0.00754713282478042,61.17945874316825,0.12076655663961489
1515.785024684327,0.01861744187772274,basophils,SERUM,0.8,XGBoost Regressor,GridSearchCV,0.01519929561667057,0.00754713282478042,61.17945874316825,0.12076655663961489
1695.133634475221,0.01851518079638481,basophils,SERUM,0.8,XGBoost Regressor,GridSearchCV,0.01519929561667057,0.00754713282478042,61.17945874316825,0.12076655663961489
1511.928065333986,0.0174360703676939,basophils,SERUM,0.8,XGBoost Regressor,GridSearchCV,0.01519929561667057,0.00754713282478042,61.17945874316825,0.12076655663961489
946.8835205089117,0.016284044831991196,basophils,SERUM,0.8,XGBoost Regressor,GridSearchCV,0.01519929561667057,0.00754713282478042,61.17945874316825,0.12076655663961489
2711.442423290285,0.0162703525274992,basophils,SERUM,0.8,XGBoost Regressor,GridSearchCV,0.01519929561667057,0.00754713282478042,61.17945874316825,0.12076655663961489
1214.942195357667,0.0161676574498415,basophils,SERUM,0.8,XGBoost Regressor,GridSearchCV,0.01519929561667057,0.00754713282478042,61.17945874316825,0.12076655663961489
2653.588033035158,0.016034577041864395,basophils,SERUM,0.8,XGBoost Regressor,GridSearchCV,0.01519929561667057,0.00754713282478042,61.17945874316825,0.12076655663961489
2647.802594009645,0.01558189932256937,basophils,SERUM,0.8,XGBoost Regressor,GridSearchCV,0.01519929561667057,0.00754713282478042,61.17945874316825,0.12076655663961489
1604.495089742189,0.014655299484729767,basophils,SERUM,0.8,XGBoost Regressor,GridSearchCV,0.01519929561667057,0.00754713282478042,61.17945874316825,0.12076655663961489
1587.138772665651,0.008720908590562257,basophils,SERUM,0.8,XGBoost Regressor,GridSearchCV,0.017230664830195006,0.0068379259992216255,70.30914138950823,-0.12995551090587654
1589.067252340822,0.008706531741413342,basophils,SERUM,0.8,XGBoost Regressor,GridSearchCV,0.017230664830195006,0.0068379259992216255,70.30914138950823,-0.12995551090587654
1590.995732015992,0.00853066077998725,basophils,SERUM,0.8,XGBoost Regressor,GridSearchCV,0.017230664830195006,0.0068379259992216255,70.30914138950823,-0.12995551090587654
1585.21029299048,0.00838348095236008,basophils,SERUM,0.8,XGBoost Regressor,GridSearchCV,0.017230664830195006,0.0068379259992216255,70.30914138950823,-0.12995551090587654
1592.924211691163,0.008186327974126216,basophils,SERUM,0.8,XGBoost Regressor,GridSearchCV,0.017230664830195006,0.0068379259992216255,70.30914138950823,-0.12995551090587654
1594.852691366334,0.007699060479571745,basophils,SERUM,0.8,XGBoost Regressor,GridSearchCV,0.017230664830195006,0.0068379259992216255,70.30914138950823,-0.12995551090587654
1583.281813315309,0.007697343460726281,basophils,SERUM,0.8,XGBoost Regressor,GridSearchCV,0.017230664830195006,0.0068379259992216255,70.30914138950823,-0.12995551090587654
1596.781171041505,0.007146149360153997,basophils,SERUM,0.8,XGBoost Regressor,GridSearchCV,0.017230664830195006,0.0068379259992216255,70.30914138950823,-0.12995551090587654
1581.353333640138,0.007094914653847732,basophils,SERUM,0.8,XGBoost Regressor,GridSearchCV,0.017230664830195006,0.0068379259992216255,70.30914138950823,-0.12995551090587654
1598.709650716676,0.006565296467483156,basophils,SERUM,0.8,XGBoost Regressor,GridSearchCV,0.017230664830195006,0.0068379259992216255,70.30914138950823,-0.12995551090587654
1579.424853964967,0.006402029408655797,basophils,SERUM,0.8,XGBoost Regressor,GridSearchCV,0.017230664830195006,0.0068379259992216255,70.30914138950823,-0.12995551090587654
1600.638130391847,0.0059397661053600176,basophils,SERUM,0.8,XGBoost Regressor,GridSearchCV,0.017230664830195006,0.0068379259992216255,70.30914138950823,-0.12995551090587654
1577.496374289796,0.005592376474946435,basophils,SERUM,0.8,XGBoost Regressor,GridSearchCV,0.017230664830195006,0.0068379259992216255,70.30914138950823,-0.12995551090587654
1124.303650624635,0.005400930963251917,basophils,SERUM,0.8,XGBoost Regressor,GridSearchCV,0.017230664830195006,0.0068379259992216255,70.30914138950823,-0.12995551090587654
1602.566610067018,0.0053591428929611815,basophils,SERUM,0.8,XGBoost Regressor,GridSearchCV,0.017230664830195006,0.0068379259992216255,70.30914138950823,-0.12995551090587654
1126.232130299806,0.005340681428479785,basophils,SERUM,0.8,XGBoost Regressor,GridSearchCV,0.017230664830195006,0.0068379259992216255,70.30914138950823,-0.12995551090587654
1122.375170949464,0.005262363307925532,basophils,SERUM,0.8,XGBoost Regressor,GridSearchCV,0.017230664830195006,0.0068379259992216255,70.30914138950823,-0.12995551090587654
1128.160609974977,0.005130243478199506,basophils,SERUM,0.8,XGBoost Regressor,GridSearchCV,0.017230664830195006,0.0068379259992216255,70.30914138950823,-0.12995551090587654
1575.567894614625,0.0049418365134287195,basophils,SERUM,0.8,XGBoost Regressor,GridSearchCV,0.017230664830195006,0.0068379259992216255,70.30914138950823,-0.12995551090587654
1120.446691274293,0.00494127233512346,basophils,SERUM,0.8,XGBoost Regressor,GridSearchCV,0.017230664830195006,0.0068379259992216255,70.30914138950823,-0.12995551090587654
1687.419715774538,0.03193695843219757,basophils,SERUM,0.8,XGBoost Regressor,GridSearchCV,0.01519929561667057,0.00754713282478042,61.17945874316825,0.12076655663961489
2701.800024914431,0.03162764757871628,basophils,SERUM,0.8,XGBoost Regressor,GridSearchCV,0.01519929561667057,0.00754713282478042,61.17945874316825,0.12076655663961489
1168.658683153565,0.03022301383316517,basophils,SERUM,0.8,XGBoost Regressor,GridSearchCV,0.01519929561667057,0.00754713282478042,61.17945874316825,0.12076655663961489
1182.158040879762,0.02939770743250847,basophils,SERUM,0.8,XGBoost Regressor,GridSearchCV,0.01519929561667057,0.00754713282478042,61.17945874316825,0.12076655663961489
1641.136203570436,0.028691649436950684,basophils,SERUM,0.8,XGBoost Regressor,GridSearchCV,0.01519929561667057,0.00754713282478042,61.17945874316825,0.12076655663961489
937.2411221330576,0.028436781838536263,basophils,SERUM,0.8,XGBoost Regressor,GridSearchCV,0.01519929561667057,0.00754713282478042,61.17945874316825,0.12076655663961489
1388.505366123048,0.023386789485812187,basophils,SERUM,0.8,XGBoost Regressor,GridSearchCV,0.01519929561667057,0.00754713282478042,61.17945874316825,0.12076655663961489
2611.161480181398,0.021552100777626038,basophils,SERUM,0.8,XGBoost Regressor,GridSearchCV,0.01519929561667057,0.00754713282478042,61.17945874316825,0.12076655663961489
1513.856545009157,0.020447969436645508,basophils,SERUM,0.8,XGBoost Regressor,GridSearchCV,0.01519929561667057,0.00754713282478042,61.17945874316825,0.12076655663961489
1205.299796981813,0.019689738750457764,basophils,SERUM,0.8,XGBoost Regressor,GridSearchCV,0.01519929561667057,0.00754713282478042,61.17945874316825,0.12076655663961489
1203.371317306642,0.018882982432842255,basophils,SERUM,0.8,XGBoost Regressor,GridSearchCV,0.01519929561667057,0.00754713282478042,61.17945874316825,0.12076655663961489
1515.785024684327,0.01861744187772274,basophils,SERUM,0.8,XGBoost Regressor,GridSearchCV,0.01519929561667057,0.00754713282478042,61.17945874316825,0.12076655663961489
1695.133634475221,0.01851518079638481,basophils,SERUM,0.8,XGBoost Regressor,GridSearchCV,0.01519929561667057,0.00754713282478042,61.17945874316825,0.12076655663961489
1511.928065333986,0.0174360703676939,basophils,SERUM,0.8,XGBoost Regressor,GridSearchCV,0.01519929561667057,0.00754713282478042,61.17945874316825,0.12076655663961489
946.8835205089117,0.016284044831991196,basophils,SERUM,0.8,XGBoost Regressor,GridSearchCV,0.01519929561667057,0.00754713282478042,61.17945874316825,0.12076655663961489
2711.442423290285,0.0162703525274992,basophils,SERUM,0.8,XGBoost Regressor,GridSearchCV,0.01519929561667057,0.00754713282478042,61.17945874316825,0.12076655663961489
1214.942195357667,0.0161676574498415,basophils,SERUM,0.8,XGBoost Regressor,GridSearchCV,0.01519929561667057,0.00754713282478042,61.17945874316825,0.12076655663961489
2653.588033035158,0.016034577041864395,basophils,SERUM,0.8,XGBoost Regressor,GridSearchCV,0.01519929561667057,0.00754713282478042,61.17945874316825,0.12076655663961489
2647.802594009645,0.01558189932256937,basophils,SERUM,0.8,XGBoost Regressor,GridSearchCV,0.01519929561667057,0.00754713282478042,61.17945874316825,0.12076655663961489
1604.495089742189,0.014655299484729767,basophils,SERUM,0.8,XGBoost Regressor,GridSearchCV,0.01519929561667057,0.00754713282478042,61.17945874316825,0.12076655663961489
1585.21029299048,0.0071975396271221235,basophils,URINE,0.8,XGBoost Regressor,GridSearchCV,0.024908892947829584,0.011073666690652701,94.29794042371213,-0.09300238715141029
1587.138772665651,0.007081203756195403,basophils,URINE,0.8,XGBoost Regressor,GridSearchCV,0.024908892947829584,0.011073666690652701,94.29794042371213,-0.09300238715141029
1583.281813315309,0.006898669800726636,basophils,URINE,0.8,XGBoost Regressor,GridSearchCV,0.024908892947829584,0.011073666690652701,94.29794042371213,-0.09300238715141029
1581.353333640138,0.006640644963952161,basophils,URINE,0.8,XGBoost Regressor,GridSearchCV,0.024908892947829584,0.011073666690652701,94.29794042371213,-0.09300238715141029
1589.067252340822,0.00642476029883796,basophils,URINE,0.8,XGBoost Regressor,GridSearchCV,0.024908892947829584,0.011073666690652701,94.29794042371213,-0.09300238715141029
1579.424853964967,0.006125349226331788,basophils,URINE,0.8,XGBoost Regressor,GridSearchCV,0.024908892947829584,0.011073666690652701,94.29794042371213,-0.09300238715141029
1590.995732015992,0.005679001708616698,basophils,URINE,0.8,XGBoost Regressor,GridSearchCV,0.024908892947829584,0.011073666690652701,94.29794042371213,-0.09300238715141029
935.3126424578863,0.005552869480441476,basophils,URINE,0.8,XGBoost Regressor,GridSearchCV,0.024908892947829584,0.011073666690652701,94.29794042371213,-0.09300238715141029
1101.161894522584,0.00554436437740076,basophils,URINE,0.8,XGBoost Regressor,GridSearchCV,0.024908892947829584,0.011073666690652701,94.29794042371213,-0.09300238715141029
1099.233414847413,0.005541485104012117,basophils,URINE,0.8,XGBoost Regressor,GridSearchCV,0.024908892947829584,0.011073666690652701,94.29794042371213,-0.09300238715141029
1577.496374289796,0.005533029317044056,basophils,URINE,0.8,XGBoost Regressor,GridSearchCV,0.024908892947829584,0.011073666690652701,94.29794042371213,-0.09300238715141029
1103.090374197755,0.005513205299032688,basophils,URINE,0.8,XGBoost Regressor,GridSearchCV,0.024908892947829584,0.011073666690652701,94.29794042371213,-0.09300238715141029
1097.304935172242,0.005483911251455643,basophils,URINE,0.8,XGBoost Regressor,GridSearchCV,0.024908892947829584,0.011073666690652701,94.29794042371213,-0.09300238715141029
937.2411221330576,0.005473726307250736,basophils,URINE,0.8,XGBoost Regressor,GridSearchCV,0.024908892947829584,0.011073666690652701,94.29794042371213,-0.09300238715141029
3050.854846120364,0.005458644394297943,basophils,URINE,0.8,XGBoost Regressor,GridSearchCV,0.024908892947829584,0.011073666690652701,94.29794042371213,-0.09300238715141029
1105.018853872926,0.005432638797312265,basophils,URINE,0.8,XGBoost Regressor,GridSearchCV,0.024908892947829584,0.011073666690652701,94.29794042371213,-0.09300238715141029
1095.376455497071,0.005363066623405879,basophils,URINE,0.8,XGBoost Regressor,GridSearchCV,0.024908892947829584,0.011073666690652701,94.29794042371213,-0.09300238715141029
1106.947333548097,0.005336366844078844,basophils,URINE,0.8,XGBoost Regressor,GridSearchCV,0.024908892947829584,0.011073666690652701,94.29794042371213,-0.09300238715141029
1108.875813223267,0.005272460983056855,basophils,URINE,0.8,XGBoost Regressor,GridSearchCV,0.024908892947829584,0.011073666690652701,94.29794042371213,-0.09300238715141029
1575.567894614625,0.0052046913898124705,basophils,URINE,0.8,XGBoost Regressor,GridSearchCV,0.024908892947829584,0.011073666690652701,94.29794042371213,-0.09300238715141029
2647.802594009645,0.04193355515599251,basophils,URINE,0.8,XGBoost Regressor,GridSearchCV,0.024253491702961146,0.010992574724613837,87.49109796869259,-0.03624107055070591
2645.874114334475,0.035508446395397186,basophils,URINE,0.8,XGBoost Regressor,GridSearchCV,0.024253491702961146,0.010992574724613837,87.49109796869259,-0.03624107055070591
1415.504081575441,0.0339396633207798,basophils,URINE,0.8,XGBoost Regressor,GridSearchCV,0.024253491702961146,0.010992574724613837,87.49109796869259,-0.03624107055070591
2562.949488302126,0.03256554901599884,basophils,URINE,0.8,XGBoost Regressor,GridSearchCV,0.024253491702961146,0.010992574724613837,87.49109796869259,-0.03624107055070591
1805.056975959963,0.032123416662216187,basophils,URINE,0.8,XGBoost Regressor,GridSearchCV,0.024253491702961146,0.010992574724613837,87.49109796869259,-0.03624107055070591
1830.127211737184,0.03207079693675041,basophils,URINE,0.8,XGBoost Regressor,GridSearchCV,0.024253491702961146,0.010992574724613837,87.49109796869259,-0.03624107055070591
1743.345626354494,0.03188900277018547,basophils,URINE,0.8,XGBoost Regressor,GridSearchCV,0.024253491702961146,0.010992574724613837,87.49109796869259,-0.03624107055070591
1714.41843122693,0.03018028661608696,basophils,URINE,0.8,XGBoost Regressor,GridSearchCV,0.024253491702961146,0.010992574724613837,87.49109796869259,-0.03624107055070591
2802.080968023317,0.03012501262128353,basophils,URINE,0.8,XGBoost Regressor,GridSearchCV,0.024253491702961146,0.010992574724613837,87.49109796869259,-0.03624107055070591
1727.917788953126,0.029302658513188362,basophils,URINE,0.8,XGBoost Regressor,GridSearchCV,0.024253491702961146,0.010992574724613837,87.49109796869259,-0.03624107055070591
1710.561471876588,0.028798799961805344,basophils,URINE,0.8,XGBoost Regressor,GridSearchCV,0.024253491702961146,0.010992574724613837,87.49109796869259,-0.03624107055070591
3043.14092741968,0.028101429343223572,basophils,URINE,0.8,XGBoost Regressor,GridSearchCV,0.024253491702961146,0.010992574724613837,87.49109796869259,-0.03624107055070591
1467.573032805055,0.026821546256542206,basophils,URINE,0.8,XGBoost Regressor,GridSearchCV,0.024253491702961146,0.010992574724613837,87.49109796869259,-0.03624107055070591
985.4531140123299,0.02382323332130909,basophils,URINE,0.8,XGBoost Regressor,GridSearchCV,0.024253491702961146,0.010992574724613837,87.49109796869259,-0.03624107055070591
1725.989309277955,0.02354748360812664,basophils,URINE,0.8,XGBoost Regressor,GridSearchCV,0.024253491702961146,0.010992574724613837,87.49109796869259,-0.03624107055070591
1457.930634429201,0.023368362337350845,basophils,URINE,0.8,XGBoost Regressor,GridSearchCV,0.024253491702961146,0.010992574724613837,87.49109796869259,-0.03624107055070591
1739.488667004152,0.02191988006234169,basophils,URINE,0.8,XGBoost Regressor,GridSearchCV,0.024253491702961146,0.010992574724613837,87.49109796869259,-0.03624107055070591
1847.483528813722,0.020984189584851265,basophils,URINE,0.8,XGBoost Regressor,GridSearchCV,0.024253491702961146,0.010992574724613837,87.49109796869259,-0.03624107055070591
1729.846268628297,0.02043893001973629,basophils,URINE,0.8,XGBoost Regressor,GridSearchCV,0.024253491702961146,0.010992574724613837,87.49109796869259,-0.03624107055070591
1299.795301065187,0.020341206341981888,basophils,URINE,0.8,XGBoost Regressor,GridSearchCV,0.024253491702961146,0.010992574724613837,87.49109796869259,-0.03624107055070591
1585.21029299048,0.007197539627122124,basophils,URINE,0.8,XGBoost Regressor,GridSearchCV,0.024908892947829584,0.011073666690652701,94.29794042371213,-0.09300238715141029
1587.138772665651,0.007081203756195395,basophils,URINE,0.8,XGBoost Regressor,GridSearchCV,0.024908892947829584,0.011073666690652701,94.29794042371213,-0.09300238715141029
1583.281813315309,0.006898669800726629,basophils,URINE,0.8,XGBoost Regressor,GridSearchCV,0.024908892947829584,0.011073666690652701,94.29794042371213,-0.09300238715141029
1581.353333640138,0.006640644963952161,basophils,URINE,0.8,XGBoost Regressor,GridSearchCV,0.024908892947829584,0.011073666690652701,94.29794042371213,-0.09300238715141029
1589.067252340822,0.006424760298837957,basophils,URINE,0.8,XGBoost Regressor,GridSearchCV,0.024908892947829584,0.011073666690652701,94.29794042371213,-0.09300238715141029
1579.424853964967,0.006125349226331784,basophils,URINE,0.8,XGBoost Regressor,GridSearchCV,0.024908892947829584,0.011073666690652701,94.29794042371213,-0.09300238715141029
1590.995732015992,0.005679001708616693,basophils,URINE,0.8,XGBoost Regressor,GridSearchCV,0.024908892947829584,0.011073666690652701,94.29794042371213,-0.09300238715141029
935.3126424578863,0.0055528694804414715,basophils,URINE,0.8,XGBoost Regressor,GridSearchCV,0.024908892947829584,0.011073666690652701,94.29794042371213,-0.09300238715141029
1101.161894522584,0.005544364377400748,basophils,URINE,0.8,XGBoost Regressor,GridSearchCV,0.024908892947829584,0.011073666690652701,94.29794042371213,-0.09300238715141029
1099.233414847413,0.005541485104012102,basophils,URINE,0.8,XGBoost Regressor,GridSearchCV,0.024908892947829584,0.011073666690652701,94.29794042371213,-0.09300238715141029
1577.496374289796,0.005533029317044056,basophils,URINE,0.8,XGBoost Regressor,GridSearchCV,0.024908892947829584,0.011073666690652701,94.29794042371213,-0.09300238715141029
1103.090374197755,0.00551320529903268,basophils,URINE,0.8,XGBoost Regressor,GridSearchCV,0.024908892947829584,0.011073666690652701,94.29794042371213,-0.09300238715141029
1097.304935172242,0.005483911251455637,basophils,URINE,0.8,XGBoost Regressor,GridSearchCV,0.024908892947829584,0.011073666690652701,94.29794042371213,-0.09300238715141029
937.2411221330576,0.005473726307250732,basophils,URINE,0.8,XGBoost Regressor,GridSearchCV,0.024908892947829584,0.011073666690652701,94.29794042371213,-0.09300238715141029
3050.854846120364,0.00545864439429794,basophils,URINE,0.8,XGBoost Regressor,GridSearchCV,0.024908892947829584,0.011073666690652701,94.29794042371213,-0.09300238715141029
1105.018853872926,0.005432638797312249,basophils,URINE,0.8,XGBoost Regressor,GridSearchCV,0.024908892947829584,0.011073666690652701,94.29794042371213,-0.09300238715141029
1095.376455497071,0.005363066623405869,basophils,URINE,0.8,XGBoost Regressor,GridSearchCV,0.024908892947829584,0.011073666690652701,94.29794042371213,-0.09300238715141029
1106.947333548097,0.005336366844078833,basophils,URINE,0.8,XGBoost Regressor,GridSearchCV,0.024908892947829584,0.011073666690652701,94.29794042371213,-0.09300238715141029
1108.875813223267,0.005272460983056844,basophils,URINE,0.8,XGBoost Regressor,GridSearchCV,0.024908892947829584,0.011073666690652701,94.29794042371213,-0.09300238715141029
1575.567894614625,0.0052046913898124636,basophils,URINE,0.8,XGBoost Regressor,GridSearchCV,0.024908892947829584,0.011073666690652701,94.29794042371213,-0.09300238715141029
2647.802594009645,0.04193355515599251,basophils,URINE,0.8,XGBoost Regressor,GridSearchCV,0.024253491702961146,0.010992574724613837,87.49109796869259,-0.03624107055070591
2645.874114334475,0.035508446395397186,basophils,URINE,0.8,XGBoost Regressor,GridSearchCV,0.024253491702961146,0.010992574724613837,87.49109796869259,-0.03624107055070591
1415.504081575441,0.0339396633207798,basophils,URINE,0.8,XGBoost Regressor,GridSearchCV,0.024253491702961146,0.010992574724613837,87.49109796869259,-0.03624107055070591
2562.949488302126,0.03256554901599884,basophils,URINE,0.8,XGBoost Regressor,GridSearchCV,0.024253491702961146,0.010992574724613837,87.49109796869259,-0.03624107055070591
1805.056975959963,0.032123416662216187,basophils,URINE,0.8,XGBoost Regressor,GridSearchCV,0.024253491702961146,0.010992574724613837,87.49109796869259,-0.03624107055070591
1830.127211737184,0.03207079693675041,basophils,URINE,0.8,XGBoost Regressor,GridSearchCV,0.024253491702961146,0.010992574724613837,87.49109796869259,-0.03624107055070591
1743.345626354494,0.03188900277018547,basophils,URINE,0.8,XGBoost Regressor,GridSearchCV,0.024253491702961146,0.010992574724613837,87.49109796869259,-0.03624107055070591
1714.41843122693,0.03018028661608696,basophils,URINE,0.8,XGBoost Regressor,GridSearchCV,0.024253491702961146,0.010992574724613837,87.49109796869259,-0.03624107055070591
2802.080968023317,0.03012501262128353,basophils,URINE,0.8,XGBoost Regressor,GridSearchCV,0.024253491702961146,0.010992574724613837,87.49109796869259,-0.03624107055070591
1727.917788953126,0.029302658513188362,basophils,URINE,0.8,XGBoost Regressor,GridSearchCV,0.024253491702961146,0.010992574724613837,87.49109796869259,-0.03624107055070591
1710.561471876588,0.028798799961805344,basophils,URINE,0.8,XGBoost Regressor,GridSearchCV,0.024253491702961146,0.010992574724613837,87.49109796869259,-0.03624107055070591
3043.14092741968,0.028101429343223572,basophils,URINE,0.8,XGBoost Regressor,GridSearchCV,0.024253491702961146,0.010992574724613837,87.49109796869259,-0.03624107055070591
1467.573032805055,0.026821546256542206,basophils,URINE,0.8,XGBoost Regressor,GridSearchCV,0.024253491702961146,0.010992574724613837,87.49109796869259,-0.03624107055070591
985.4531140123299,0.02382323332130909,basophils,URINE,0.8,XGBoost Regressor,GridSearchCV,0.024253491702961146,0.010992574724613837,87.49109796869259,-0.03624107055070591
1725.989309277955,0.02354748360812664,basophils,URINE,0.8,XGBoost Regressor,GridSearchCV,0.024253491702961146,0.010992574724613837,87.49109796869259,-0.03624107055070591
1457.930634429201,0.023368362337350845,basophils,URINE,0.8,XGBoost Regressor,GridSearchCV,0.024253491702961146,0.010992574724613837,87.49109796869259,-0.03624107055070591
1739.488667004152,0.02191988006234169,basophils,URINE,0.8,XGBoost Regressor,GridSearchCV,0.024253491702961146,0.010992574724613837,87.49109796869259,-0.03624107055070591
1847.483528813722,0.020984189584851265,basophils,URINE,0.8,XGBoost Regressor,GridSearchCV,0.024253491702961146,0.010992574724613837,87.49109796869259,-0.03624107055070591
1729.846268628297,0.02043893001973629,basophils,URINE,0.8,XGBoost Regressor,GridSearchCV,0.024253491702961146,0.010992574724613837,87.49109796869259,-0.03624107055070591
1299.795301065187,0.020341206341981888,basophils,URINE,0.8,XGBoost Regressor,GridSearchCV,0.024253491702961146,0.010992574724613837,87.49109796869259,-0.03624107055070591
3048.926366445193,0.012587803158170215,basophils,CAPILAR,0.8,MLP Regressor,BayesSearchCV,0.031721570816560296,0.022824802518520492,127.98909357648289,-0.8909898900587618
1708.632992201417,0.00968228185394747,basophils,CAPILAR,0.8,MLP Regressor,BayesSearchCV,0.031721570816560296,0.022824802518520492,127.98909357648289,-0.8909898900587618
1706.704512526246,0.009089232954398323,basophils,CAPILAR,0.8,MLP Regressor,BayesSearchCV,0.031721570816560296,0.022824802518520492,127.98909357648289,-0.8909898900587618
1045.235983942628,0.00903075743685804,basophils,CAPILAR,0.8,MLP Regressor,BayesSearchCV,0.031721570816560296,0.022824802518520492,127.98909357648289,-0.8909898900587618
1047.164463617799,0.008794057695056406,basophils,CAPILAR,0.8,MLP Regressor,BayesSearchCV,0.031721570816560296,0.022824802518520492,127.98909357648289,-0.8909898900587618
1355.721211645143,0.008760786487724725,basophils,CAPILAR,0.8,MLP Regressor,BayesSearchCV,0.031721570816560296,0.022824802518520492,127.98909357648289,-0.8909898900587618
1353.792731969972,0.008729624555097749,basophils,CAPILAR,0.8,MLP Regressor,BayesSearchCV,0.031721570816560296,0.022824802518520492,127.98909357648289,-0.8909898900587618
1359.578170995484,0.008718315080383638,basophils,CAPILAR,0.8,MLP Regressor,BayesSearchCV,0.031721570816560296,0.022824802518520492,127.98909357648289,-0.8909898900587618
1357.649691320314,0.008708736421742259,basophils,CAPILAR,0.8,MLP Regressor,BayesSearchCV,0.031721570816560296,0.022824802518520492,127.98909357648289,-0.8909898900587618
1361.506650670656,0.008697182938406338,basophils,CAPILAR,0.8,MLP Regressor,BayesSearchCV,0.031721570816560296,0.022824802518520492,127.98909357648289,-0.8909898900587618
1351.864252294801,0.008595674327413906,basophils,CAPILAR,0.8,MLP Regressor,BayesSearchCV,0.031721570816560296,0.022824802518520492,127.98909357648289,-0.8909898900587618
1363.435130345826,0.008460072029147926,basophils,CAPILAR,0.8,MLP Regressor,BayesSearchCV,0.031721570816560296,0.022824802518520492,127.98909357648289,-0.8909898900587618
1043.307504267457,0.008332547116281046,basophils,CAPILAR,0.8,MLP Regressor,BayesSearchCV,0.031721570816560296,0.022824802518520492,127.98909357648289,-0.8909898900587618
1349.93577261963,0.00827802361834528,basophils,CAPILAR,0.8,MLP Regressor,BayesSearchCV,0.031721570816560296,0.022824802518520492,127.98909357648289,-0.8909898900587618
1365.363610020997,0.008102268261973859,basophils,CAPILAR,0.8,MLP Regressor,BayesSearchCV,0.031721570816560296,0.022824802518520492,127.98909357648289,-0.8909898900587618
1049.092943292969,0.007755338520702444,basophils,CAPILAR,0.8,MLP Regressor,BayesSearchCV,0.031721570816560296,0.022824802518520492,127.98909357648289,-0.8909898900587618
1367.292089696168,0.007746561915592422,basophils,CAPILAR,0.8,MLP Regressor,BayesSearchCV,0.031721570816560296,0.022824802518520492,127.98909357648289,-0.8909898900587618
1348.007292944459,0.007679472526436333,basophils,CAPILAR,0.8,MLP Regressor,BayesSearchCV,0.031721570816560296,0.022824802518520492,127.98909357648289,-0.8909898900587618
1369.220569371339,0.007338729240961183,basophils,CAPILAR,0.8,MLP Regressor,BayesSearchCV,0.031721570816560296,0.022824802518520492,127.98909357648289,-0.8909898900587618
1346.078813269288,0.007083630551097836,basophils,CAPILAR,0.8,MLP Regressor,BayesSearchCV,0.031721570816560296,0.022824802518520492,127.98909357648289,-0.8909898900587618
2777.010732246096,0.006732519557006247,basophils,CAPILAR,0.8,MLP Regressor,BayesSearchCV,0.17132903070704067,0.14305673876335417,626.3446732016356,-54.162222131432
1008.594870114381,0.0062181408381757584,basophils,CAPILAR,0.8,MLP Regressor,BayesSearchCV,0.17132903070704067,0.14305673876335417,626.3446732016356,-54.162222131432
1837.841130437868,0.0052259776220676775,basophils,CAPILAR,0.8,MLP Regressor,BayesSearchCV,0.17132903070704067,0.14305673876335417,626.3446732016356,-54.162222131432
2508.952057397341,0.005165409804608145,basophils,CAPILAR,0.8,MLP Regressor,BayesSearchCV,0.17132903070704067,0.14305673876335417,626.3446732016356,-54.162222131432
1018.237268490235,0.005041676243941214,basophils,CAPILAR,0.8,MLP Regressor,BayesSearchCV,0.17132903070704067,0.14305673876335417,626.3446732016356,-54.162222131432
2545.593171225588,0.004980759060164068,basophils,CAPILAR,0.8,MLP Regressor,BayesSearchCV,0.17132903070704067,0.14305673876335417,626.3446732016356,-54.162222131432
1745.274106029664,0.004707656191423126,basophils,CAPILAR,0.8,MLP Regressor,BayesSearchCV,0.17132903070704067,0.14305673876335417,626.3446732016356,-54.162222131432
1427.074959626466,0.004641230410934775,basophils,CAPILAR,0.8,MLP Regressor,BayesSearchCV,0.17132903070704067,0.14305673876335417,626.3446732016356,-54.162222131432
1602.566610067018,0.004606052492414269,basophils,CAPILAR,0.8,MLP Regressor,BayesSearchCV,0.17132903070704067,0.14305673876335417,626.3446732016356,-54.162222131432
2996.857415215578,0.004568711320104774,basophils,CAPILAR,0.8,MLP Regressor,BayesSearchCV,0.17132903070704067,0.14305673876335417,626.3446732016356,-54.162222131432
2605.376041155886,0.004502396796896839,basophils,CAPILAR,0.8,MLP Regressor,BayesSearchCV,0.17132903070704067,0.14305673876335417,626.3446732016356,-54.162222131432
2555.235569601442,0.004391020600785656,basophils,CAPILAR,0.8,MLP Regressor,BayesSearchCV,0.17132903070704067,0.14305673876335417,626.3446732016356,-54.162222131432
1201.442837631471,0.004388885142445873,basophils,CAPILAR,0.8,MLP Regressor,BayesSearchCV,0.17132903070704067,0.14305673876335417,626.3446732016356,-54.162222131432
2842.579041201906,0.004319091476866501,basophils,CAPILAR,0.8,MLP Regressor,BayesSearchCV,0.17132903070704067,0.14305673876335417,626.3446732016356,-54.162222131432
1033.665105891602,0.004269714234071622,basophils,CAPILAR,0.8,MLP Regressor,BayesSearchCV,0.17132903070704067,0.14305673876335417,626.3446732016356,-54.162222131432
1442.502797027833,0.004130829301677145,basophils,CAPILAR,0.8,MLP Regressor,BayesSearchCV,0.17132903070704067,0.14305673876335417,626.3446732016356,-54.162222131432
1322.937057167237,0.004027192027989865,basophils,CAPILAR,0.8,MLP Regressor,BayesSearchCV,0.17132903070704067,0.14305673876335417,626.3446732016356,-54.162222131432
1425.146479951295,0.004015874830412255,basophils,CAPILAR,0.8,MLP Regressor,BayesSearchCV,0.17132903070704067,0.14305673876335417,626.3446732016356,-54.162222131432
1776.129780832399,0.003967791027178101,basophils,CAPILAR,0.8,MLP Regressor,BayesSearchCV,0.17132903070704067,0.14305673876335417,626.3446732016356,-54.162222131432
2678.65826881238,0.003901267941213987,basophils,CAPILAR,0.8,MLP Regressor,BayesSearchCV,0.17132903070704067,0.14305673876335417,626.3446732016356,-54.162222131432
3048.926366445193,0.013565983986849753,basophils,CAPILAR,0.8,MLP Regressor,BayesSearchCV,0.030801801342663027,0.021353766164200746,97.66689830363799,-0.7829208678239927
1708.632992201417,0.01004361157114154,basophils,CAPILAR,0.8,MLP Regressor,BayesSearchCV,0.030801801342663027,0.021353766164200746,97.66689830363799,-0.7829208678239927
1706.704512526246,0.009603297922761102,basophils,CAPILAR,0.8,MLP Regressor,BayesSearchCV,0.030801801342663027,0.021353766164200746,97.66689830363799,-0.7829208678239927
1355.721211645143,0.009103501834932984,basophils,CAPILAR,0.8,MLP Regressor,BayesSearchCV,0.030801801342663027,0.021353766164200746,97.66689830363799,-0.7829208678239927
1357.649691320314,0.009099656129811411,basophils,CAPILAR,0.8,MLP Regressor,BayesSearchCV,0.030801801342663027,0.021353766164200746,97.66689830363799,-0.7829208678239927
1359.578170995484,0.009084618314470902,basophils,CAPILAR,0.8,MLP Regressor,BayesSearchCV,0.030801801342663027,0.021353766164200746,97.66689830363799,-0.7829208678239927
1353.792731969972,0.009072925670159883,basophils,CAPILAR,0.8,MLP Regressor,BayesSearchCV,0.030801801342663027,0.021353766164200746,97.66689830363799,-0.7829208678239927
1361.506650670656,0.008972854633462236,basophils,CAPILAR,0.8,MLP Regressor,BayesSearchCV,0.030801801342663027,0.021353766164200746,97.66689830363799,-0.7829208678239927
1351.864252294801,0.008943597906196999,basophils,CAPILAR,0.8,MLP Regressor,BayesSearchCV,0.030801801342663027,0.021353766164200746,97.66689830363799,-0.7829208678239927
1363.435130345826,0.00867759332639958,basophils,CAPILAR,0.8,MLP Regressor,BayesSearchCV,0.030801801342663027,0.021353766164200746,97.66689830363799,-0.7829208678239927
1349.93577261963,0.008611652490729219,basophils,CAPILAR,0.8,MLP Regressor,BayesSearchCV,0.030801801342663027,0.021353766164200746,97.66689830363799,-0.7829208678239927
1365.363610020997,0.008258905102188768,basophils,CAPILAR,0.8,MLP Regressor,BayesSearchCV,0.030801801342663027,0.021353766164200746,97.66689830363799,-0.7829208678239927
1348.007292944459,0.008049217303837092,basophils,CAPILAR,0.8,MLP Regressor,BayesSearchCV,0.030801801342663027,0.021353766164200746,97.66689830363799,-0.7829208678239927
1367.292089696168,0.007824730335127199,basophils,CAPILAR,0.8,MLP Regressor,BayesSearchCV,0.030801801342663027,0.021353766164200746,97.66689830363799,-0.7829208678239927
1346.078813269288,0.007434262039315773,basophils,CAPILAR,0.8,MLP Regressor,BayesSearchCV,0.030801801342663027,0.021353766164200746,97.66689830363799,-0.7829208678239927
1369.220569371339,0.007387529342571084,basophils,CAPILAR,0.8,MLP Regressor,BayesSearchCV,0.030801801342663027,0.021353766164200746,97.66689830363799,-0.7829208678239927
3046.997886770022,0.007383986641108697,basophils,CAPILAR,0.8,MLP Regressor,BayesSearchCV,0.030801801342663027,0.021353766164200746,97.66689830363799,-0.7829208678239927
1045.235983942628,0.007228782951135105,basophils,CAPILAR,0.8,MLP Regressor,BayesSearchCV,0.030801801342663027,0.021353766164200746,97.66689830363799,-0.7829208678239927
1047.164463617799,0.0070120764693457965,basophils,CAPILAR,0.8,MLP Regressor,BayesSearchCV,0.030801801342663027,0.021353766164200746,97.66689830363799,-0.7829208678239927
1371.14904904651,0.0069103649510650145,basophils,CAPILAR,0.8,MLP Regressor,BayesSearchCV,0.030801801342663027,0.021353766164200746,97.66689830363799,-0.7829208678239927
1556.283097862916,0.019657871851711355,basophils,CAPILAR,0.8,MLP Regressor,BayesSearchCV,0.02315908415762047,0.010225037298192215,90.07854700877104,-0.007911960573289134
1533.141341760865,0.018364494296825594,basophils,CAPILAR,0.8,MLP Regressor,BayesSearchCV,0.02315908415762047,0.010225037298192215,90.07854700877104,-0.007911960573289134
1550.497658837404,0.017629993609423092,basophils,CAPILAR,0.8,MLP Regressor,BayesSearchCV,0.02315908415762047,0.010225037298192215,90.07854700877104,-0.007911960573289134
1548.569179162233,0.01649610390122589,basophils,CAPILAR,0.8,MLP Regressor,BayesSearchCV,0.02315908415762047,0.010225037298192215,90.07854700877104,-0.007911960573289134
1544.712219811891,0.016062221768864522,basophils,CAPILAR,0.8,MLP Regressor,BayesSearchCV,0.02315908415762047,0.010225037298192215,90.07854700877104,-0.007911960573289134
1531.212862085695,0.015148334120829178,basophils,CAPILAR,0.8,MLP Regressor,BayesSearchCV,0.02315908415762047,0.010225037298192215,90.07854700877104,-0.007911960573289134
1554.354618187745,0.011861645317489644,basophils,CAPILAR,0.8,MLP Regressor,BayesSearchCV,0.02315908415762047,0.010225037298192215,90.07854700877104,-0.007911960573289134
1542.78374013672,0.011466438485862327,basophils,CAPILAR,0.8,MLP Regressor,BayesSearchCV,0.02315908415762047,0.010225037298192215,90.07854700877104,-0.007911960573289134
1565.925496238771,0.010159852045721339,basophils,CAPILAR,0.8,MLP Regressor,BayesSearchCV,0.02315908415762047,0.010225037298192215,90.07854700877104,-0.007911960573289134
1577.496374289796,0.009205693439288924,basophils,CAPILAR,0.8,MLP Regressor,BayesSearchCV,0.02315908415762047,0.010225037298192215,90.07854700877104,-0.007911960573289134
1515.785024684327,0.008930879562862426,basophils,CAPILAR,0.8,MLP Regressor,BayesSearchCV,0.02315908415762047,0.010225037298192215,90.07854700877104,-0.007911960573289134
1560.140057213258,0.008778688517562371,basophils,CAPILAR,0.8,MLP Regressor,BayesSearchCV,0.02315908415762047,0.010225037298192215,90.07854700877104,-0.007911960573289134
1552.426138512574,0.008504119979246914,basophils,CAPILAR,0.8,MLP Regressor,BayesSearchCV,0.02315908415762047,0.010225037298192215,90.07854700877104,-0.007911960573289134
1538.926780786378,0.008303740815907106,basophils,CAPILAR,0.8,MLP Regressor,BayesSearchCV,0.02315908415762047,0.010225037298192215,90.07854700877104,-0.007911960573289134
1562.068536888429,0.00804140842190457,basophils,CAPILAR,0.8,MLP Regressor,BayesSearchCV,0.02315908415762047,0.010225037298192215,90.07854700877104,-0.007911960573289134
2777.010732246096,0.007718857944125956,basophils,CAPILAR,0.8,MLP Regressor,BayesSearchCV,0.02315908415762047,0.010225037298192215,90.07854700877104,-0.007911960573289134
1569.782455589112,0.00771476525871909,basophils,CAPILAR,0.8,MLP Regressor,BayesSearchCV,0.02315908415762047,0.010225037298192215,90.07854700877104,-0.007911960573289134
1506.142626308473,0.00634043653511699,basophils,CAPILAR,0.8,MLP Regressor,BayesSearchCV,0.02315908415762047,0.010225037298192215,90.07854700877104,-0.007911960573289134
1575.567894614625,0.005891789712678756,basophils,CAPILAR,0.8,MLP Regressor,BayesSearchCV,0.02315908415762047,0.010225037298192215,90.07854700877104,-0.007911960573289134
1573.639414939454,0.005852904949286507,basophils,CAPILAR,0.8,MLP Regressor,BayesSearchCV,0.02315908415762047,0.010225037298192215,90.07854700877104,-0.007911960573289134
1045.235983942628,0.004793369288908533,basophils,PLASMA,0.8,MLP Regressor,BayesSearchCV,0.067757480170405,0.055550512301057016,190.3073190669269,-15.547167573136775
1047.164463617799,0.004784169139129229,basophils,PLASMA,0.8,MLP Regressor,BayesSearchCV,0.067757480170405,0.055550512301057016,190.3073190669269,-15.547167573136775
1049.092943292969,0.0047276355042582515,basophils,PLASMA,0.8,MLP Regressor,BayesSearchCV,0.067757480170405,0.055550512301057016,190.3073190669269,-15.547167573136775
1043.307504267457,0.004721579651776576,basophils,PLASMA,0.8,MLP Regressor,BayesSearchCV,0.067757480170405,0.055550512301057016,190.3073190669269,-15.547167573136775
1051.021422968141,0.004533377598389657,basophils,PLASMA,0.8,MLP Regressor,BayesSearchCV,0.067757480170405,0.055550512301057016,190.3073190669269,-15.547167573136775
1041.379024592286,0.0044861962821863294,basophils,PLASMA,0.8,MLP Regressor,BayesSearchCV,0.067757480170405,0.055550512301057016,190.3073190669269,-15.547167573136775
1116.589731923951,0.004259174824713891,basophils,PLASMA,0.8,MLP Regressor,BayesSearchCV,0.067757480170405,0.055550512301057016,190.3073190669269,-15.547167573136775
1114.66125224878,0.004249838148730945,basophils,PLASMA,0.8,MLP Regressor,BayesSearchCV,0.067757480170405,0.055550512301057016,190.3073190669269,-15.547167573136775
1122.375170949464,0.004247107072226125,basophils,PLASMA,0.8,MLP Regressor,BayesSearchCV,0.067757480170405,0.055550512301057016,190.3073190669269,-15.547167573136775
1120.446691274293,0.004225577540358892,basophils,PLASMA,0.8,MLP Regressor,BayesSearchCV,0.067757480170405,0.055550512301057016,190.3073190669269,-15.547167573136775
1052.949902643312,0.0042199821341769375,basophils,PLASMA,0.8,MLP Regressor,BayesSearchCV,0.067757480170405,0.055550512301057016,190.3073190669269,-15.547167573136775
1118.518211599122,0.004202829224212196,basophils,PLASMA,0.8,MLP Regressor,BayesSearchCV,0.067757480170405,0.055550512301057016,190.3073190669269,-15.547167573136775
1039.450544917115,0.004143074870176772,basophils,PLASMA,0.8,MLP Regressor,BayesSearchCV,0.067757480170405,0.055550512301057016,190.3073190669269,-15.547167573136775
1124.303650624635,0.004111197390522588,basophils,PLASMA,0.8,MLP Regressor,BayesSearchCV,0.067757480170405,0.055550512301057016,190.3073190669269,-15.547167573136775
1112.732772573609,0.0040889540067909355,basophils,PLASMA,0.8,MLP Regressor,BayesSearchCV,0.067757480170405,0.055550512301057016,190.3073190669269,-15.547167573136775
1126.232130299806,0.0039704389810076264,basophils,PLASMA,0.8,MLP Regressor,BayesSearchCV,0.067757480170405,0.055550512301057016,190.3073190669269,-15.547167573136775
1128.160609974977,0.003927514737701327,basophils,PLASMA,0.8,MLP Regressor,BayesSearchCV,0.067757480170405,0.055550512301057016,190.3073190669269,-15.547167573136775
1132.017569325318,0.003920210455793495,basophils,PLASMA,0.8,MLP Regressor,BayesSearchCV,0.067757480170405,0.055550512301057016,190.3073190669269,-15.547167573136775
1054.878382318482,0.003917870137090243,basophils,PLASMA,0.8,MLP Regressor,BayesSearchCV,0.067757480170405,0.055550512301057016,190.3073190669269,-15.547167573136775
1130.089089650148,0.0038980570078244008,basophils,PLASMA,0.8,MLP Regressor,BayesSearchCV,0.067757480170405,0.055550512301057016,190.3073190669269,-15.547167573136775
1745.274106029664,0.008445919574517822,basophils,PLASMA,0.8,MLP Regressor,BayesSearchCV,0.307585475157026,0.28135882484447383,779.8827287351357,-339.9893525532825
2777.010732246096,0.0075194149251793735,basophils,PLASMA,0.8,MLP Regressor,BayesSearchCV,0.307585475157026,0.28135882484447383,779.8827287351357,-339.9893525532825
2881.148634705325,0.006814987246931666,basophils,PLASMA,0.8,MLP Regressor,BayesSearchCV,0.307585475157026,0.28135882484447383,779.8827287351357,-339.9893525532825
2605.376041155886,0.006688386215736919,basophils,PLASMA,0.8,MLP Regressor,BayesSearchCV,0.307585475157026,0.28135882484447383,779.8827287351357,-339.9893525532825
2877.291675354983,0.006151526177030601,basophils,PLASMA,0.8,MLP Regressor,BayesSearchCV,0.307585475157026,0.28135882484447383,779.8827287351357,-339.9893525532825
2856.078398928103,0.005805036633590897,basophils,PLASMA,0.8,MLP Regressor,BayesSearchCV,0.307585475157026,0.28135882484447383,779.8827287351357,-339.9893525532825
2607.304520831057,0.00554716651576168,basophils,PLASMA,0.8,MLP Regressor,BayesSearchCV,0.307585475157026,0.28135882484447383,779.8827287351357,-339.9893525532825
2842.579041201906,0.005508560038467549,basophils,PLASMA,0.8,MLP Regressor,BayesSearchCV,0.307585475157026,0.28135882484447383,779.8827287351357,-339.9893525532825
2653.588033035158,0.0053211915320763295,basophils,PLASMA,0.8,MLP Regressor,BayesSearchCV,0.307585475157026,0.28135882484447383,779.8827287351357,-339.9893525532825
1089.591016471559,0.005243545070041166,basophils,PLASMA,0.8,MLP Regressor,BayesSearchCV,0.307585475157026,0.28135882484447383,779.8827287351357,-339.9893525532825
1602.566610067018,0.0051133685836788146,basophils,PLASMA,0.8,MLP Regressor,BayesSearchCV,0.307585475157026,0.28135882484447383,779.8827287351357,-339.9893525532825
2993.000455865237,0.005096443061850584,basophils,PLASMA,0.8,MLP Regressor,BayesSearchCV,0.307585475157026,0.28135882484447383,779.8827287351357,-339.9893525532825
1056.806861993653,0.005065027207129617,basophils,PLASMA,0.8,MLP Regressor,BayesSearchCV,0.307585475157026,0.28135882484447383,779.8827287351357,-339.9893525532825
2996.857415215578,0.005016427235548712,basophils,PLASMA,0.8,MLP Regressor,BayesSearchCV,0.307585475157026,0.28135882484447383,779.8827287351357,-339.9893525532825
2692.157626538576,0.004933125673372888,basophils,PLASMA,0.8,MLP Regressor,BayesSearchCV,0.307585475157026,0.28135882484447383,779.8827287351357,-339.9893525532825
1714.41843122693,0.0048737238054087795,basophils,PLASMA,0.8,MLP Regressor,BayesSearchCV,0.307585475157026,0.28135882484447383,779.8827287351357,-339.9893525532825
1837.841130437868,0.004830461194539825,basophils,PLASMA,0.8,MLP Regressor,BayesSearchCV,0.307585475157026,0.28135882484447383,779.8827287351357,-339.9893525532825
2871.50623632947,0.004709231244833147,basophils,PLASMA,0.8,MLP Regressor,BayesSearchCV,0.307585475157026,0.28135882484447383,779.8827287351357,-339.9893525532825
2678.65826881238,0.004687623841611667,basophils,PLASMA,0.8,MLP Regressor,BayesSearchCV,0.307585475157026,0.28135882484447383,779.8827287351357,-339.9893525532825
2802.080968023317,0.0046792557034523044,basophils,PLASMA,0.8,MLP Regressor,BayesSearchCV,0.307585475157026,0.28135882484447383,779.8827287351357,-339.9893525532825
1047.164463617799,0.004400183905067847,basophils,PLASMA,0.8,MLP Regressor,BayesSearchCV,0.06508211651081622,0.053188479840281994,176.97687733565957,-14.266254837683649
1045.235983942628,0.004392617482668559,basophils,PLASMA,0.8,MLP Regressor,BayesSearchCV,0.06508211651081622,0.053188479840281994,176.97687733565957,-14.266254837683649
1049.092943292969,0.004357546898923057,basophils,PLASMA,0.8,MLP Regressor,BayesSearchCV,0.06508211651081622,0.053188479840281994,176.97687733565957,-14.266254837683649
1043.307504267457,0.004308159931585245,basophils,PLASMA,0.8,MLP Regressor,BayesSearchCV,0.06508211651081622,0.053188479840281994,176.97687733565957,-14.266254837683649
1051.021422968141,0.004169830534516579,basophils,PLASMA,0.8,MLP Regressor,BayesSearchCV,0.06508211651081622,0.053188479840281994,176.97687733565957,-14.266254837683649
1041.379024592286,0.0040770512856349445,basophils,PLASMA,0.8,MLP Regressor,BayesSearchCV,0.06508211651081622,0.053188479840281994,176.97687733565957,-14.266254837683649
1122.375170949464,0.0038784252486385473,basophils,PLASMA,0.8,MLP Regressor,BayesSearchCV,0.06508211651081622,0.053188479840281994,176.97687733565957,-14.266254837683649
1052.949902643312,0.0038633408282739232,basophils,PLASMA,0.8,MLP Regressor,BayesSearchCV,0.06508211651081622,0.053188479840281994,176.97687733565957,-14.266254837683649
1114.66125224878,0.003837840969069625,basophils,PLASMA,0.8,MLP Regressor,BayesSearchCV,0.06508211651081622,0.053188479840281994,176.97687733565957,-14.266254837683649
1116.589731923951,0.003824848720635296,basophils,PLASMA,0.8,MLP Regressor,BayesSearchCV,0.06508211651081622,0.053188479840281994,176.97687733565957,-14.266254837683649
1120.446691274293,0.0038194468265166474,basophils,PLASMA,0.8,MLP Regressor,BayesSearchCV,0.06508211651081622,0.053188479840281994,176.97687733565957,-14.266254837683649
1124.303650624635,0.0037758134360307664,basophils,PLASMA,0.8,MLP Regressor,BayesSearchCV,0.06508211651081622,0.053188479840281994,176.97687733565957,-14.266254837683649
1118.518211599122,0.00376867630546679,basophils,PLASMA,0.8,MLP Regressor,BayesSearchCV,0.06508211651081622,0.053188479840281994,176.97687733565957,-14.266254837683649
1039.450544917115,0.0037649177390328397,basophils,PLASMA,0.8,MLP Regressor,BayesSearchCV,0.06508211651081622,0.053188479840281994,176.97687733565957,-14.266254837683649
1133.946049000489,0.0037391888983240276,basophils,PLASMA,0.8,MLP Regressor,BayesSearchCV,0.06508211651081622,0.053188479840281994,176.97687733565957,-14.266254837683649
1132.017569325318,0.0037283181889518156,basophils,PLASMA,0.8,MLP Regressor,BayesSearchCV,0.06508211651081622,0.053188479840281994,176.97687733565957,-14.266254837683649
1112.732772573609,0.0037179952060164543,basophils,PLASMA,0.8,MLP Regressor,BayesSearchCV,0.06508211651081622,0.053188479840281994,176.97687733565957,-14.266254837683649
1126.232130299806,0.0036688879231543676,basophils,PLASMA,0.8,MLP Regressor,BayesSearchCV,0.06508211651081622,0.053188479840281994,176.97687733565957,-14.266254837683649
1130.089089650148,0.0036645562954338916,basophils,PLASMA,0.8,MLP Regressor,BayesSearchCV,0.06508211651081622,0.053188479840281994,176.97687733565957,-14.266254837683649
1128.160609974977,0.0036601403090434723,basophils,PLASMA,0.8,MLP Regressor,BayesSearchCV,0.06508211651081622,0.053188479840281994,176.97687733565957,-14.266254837683649
2921.646707883913,0.0175342942481978,basophils,PLASMA,0.8,MLP Regressor,BayesSearchCV,0.0200285779508421,0.016368946802626388,50.82226313251162,-0.4458039328604264
1660.421000322145,0.01386020125022395,basophils,PLASMA,0.8,MLP Regressor,BayesSearchCV,0.0200285779508421,0.016368946802626388,50.82226313251162,-0.4458039328604264
2856.078398928103,0.01344976965787088,basophils,PLASMA,0.8,MLP Regressor,BayesSearchCV,0.0200285779508421,0.016368946802626388,50.82226313251162,-0.4458039328604264
1654.635561296632,0.01302714710872221,basophils,PLASMA,0.8,MLP Regressor,BayesSearchCV,0.0200285779508421,0.016368946802626388,50.82226313251162,-0.4458039328604264
2935.146065610109,0.012590843363604174,basophils,PLASMA,0.8,MLP Regressor,BayesSearchCV,0.0200285779508421,0.016368946802626388,50.82226313251162,-0.4458039328604264
1658.492520646974,0.01232259825944427,basophils,PLASMA,0.8,MLP Regressor,BayesSearchCV,0.0200285779508421,0.016368946802626388,50.82226313251162,-0.4458039328604264
1602.566610067018,0.011975753642204639,basophils,PLASMA,0.8,MLP Regressor,BayesSearchCV,0.0200285779508421,0.016368946802626388,50.82226313251162,-0.4458039328604264
2919.718228208742,0.01133598995572412,basophils,PLASMA,0.8,MLP Regressor,BayesSearchCV,0.0200285779508421,0.016368946802626388,50.82226313251162,-0.4458039328604264
1398.147764498902,0.010795744656200134,basophils,PLASMA,0.8,MLP Regressor,BayesSearchCV,0.0200285779508421,0.016368946802626388,50.82226313251162,-0.4458039328604264
2915.861268858401,0.010357112265566995,basophils,PLASMA,0.8,MLP Regressor,BayesSearchCV,0.0200285779508421,0.016368946802626388,50.82226313251162,-0.4458039328604264
2950.573903011477,0.010190306779103037,basophils,PLASMA,0.8,MLP Regressor,BayesSearchCV,0.0200285779508421,0.016368946802626388,50.82226313251162,-0.4458039328604264
1745.274106029664,0.009750642863514937,basophils,PLASMA,0.8,MLP Regressor,BayesSearchCV,0.0200285779508421,0.016368946802626388,50.82226313251162,-0.4458039328604264
1668.134919022829,0.009527422482872428,basophils,PLASMA,0.8,MLP Regressor,BayesSearchCV,0.0200285779508421,0.016368946802626388,50.82226313251162,-0.4458039328604264
2948.645423336306,0.009112980708038483,basophils,PLASMA,0.8,MLP Regressor,BayesSearchCV,0.0200285779508421,0.016368946802626388,50.82226313251162,-0.4458039328604264
1656.564040971803,0.008940225614611703,basophils,PLASMA,0.8,MLP Regressor,BayesSearchCV,0.0200285779508421,0.016368946802626388,50.82226313251162,-0.4458039328604264
2931.289106259768,0.008437459471909095,basophils,PLASMA,0.8,MLP Regressor,BayesSearchCV,0.0200285779508421,0.016368946802626388,50.82226313251162,-0.4458039328604264
1577.496374289796,0.00773233416923338,basophils,PLASMA,0.8,MLP Regressor,BayesSearchCV,0.0200285779508421,0.016368946802626388,50.82226313251162,-0.4458039328604264
1664.277959672487,0.0071847098616086135,basophils,PLASMA,0.8,MLP Regressor,BayesSearchCV,0.0200285779508421,0.016368946802626388,50.82226313251162,-0.4458039328604264
2913.93278918323,0.007037683290320377,basophils,PLASMA,0.8,MLP Regressor,BayesSearchCV,0.0200285779508421,0.016368946802626388,50.82226313251162,-0.4458039328604264
2892.71951275635,0.0069926115670955824,basophils,PLASMA,0.8,MLP Regressor,BayesSearchCV,0.0200285779508421,0.016368946802626388,50.82226313251162,-0.4458039328604264
1727.917788953126,0.004583885913039308,basophils,SALIVA,0.8,MLP Regressor,BayesSearchCV,0.03203135759308807,0.021092066834049395,76.5980230250199,-2.4071496260694243
1016.308788815064,0.004568071426635978,basophils,SALIVA,0.8,MLP Regressor,BayesSearchCV,0.03203135759308807,0.021092066834049395,76.5980230250199,-2.4071496260694243
1018.237268490235,0.004512003984101407,basophils,SALIVA,0.8,MLP Regressor,BayesSearchCV,0.03203135759308807,0.021092066834049395,76.5980230250199,-2.4071496260694243
1643.064683245607,0.004471230805595229,basophils,SALIVA,0.8,MLP Regressor,BayesSearchCV,0.03203135759308807,0.021092066834049395,76.5980230250199,-2.4071496260694243
3045.069407094851,0.004467599653660557,basophils,SALIVA,0.8,MLP Regressor,BayesSearchCV,0.03203135759308807,0.021092066834049395,76.5980230250199,-2.4071496260694243
1641.136203570436,0.004399140277180039,basophils,SALIVA,0.8,MLP Regressor,BayesSearchCV,0.03203135759308807,0.021092066834049395,76.5980230250199,-2.4071496260694243
1644.993162920778,0.004394584247561386,basophils,SALIVA,0.8,MLP Regressor,BayesSearchCV,0.03203135759308807,0.021092066834049395,76.5980230250199,-2.4071496260694243
1014.380309139893,0.004386813780395394,basophils,SALIVA,0.8,MLP Regressor,BayesSearchCV,0.03203135759308807,0.021092066834049395,76.5980230250199,-2.4071496260694243
1020.165748165406,0.004351513466960987,basophils,SALIVA,0.8,MLP Regressor,BayesSearchCV,0.03203135759308807,0.021092066834049395,76.5980230250199,-2.4071496260694243
1639.207723895265,0.004295739227700721,basophils,SALIVA,0.8,MLP Regressor,BayesSearchCV,0.03203135759308807,0.021092066834049395,76.5980230250199,-2.4071496260694243
1637.279244220094,0.004274926969621989,basophils,SALIVA,0.8,MLP Regressor,BayesSearchCV,0.03203135759308807,0.021092066834049395,76.5980230250199,-2.4071496260694243
1654.635561296632,0.004274292705964393,basophils,SALIVA,0.8,MLP Regressor,BayesSearchCV,0.03203135759308807,0.021092066834049395,76.5980230250199,-2.4071496260694243
1635.350764544923,0.004246584315228004,basophils,SALIVA,0.8,MLP Regressor,BayesSearchCV,0.03203135759308807,0.021092066834049395,76.5980230250199,-2.4071496260694243
1646.921642595948,0.004198923105176419,basophils,SALIVA,0.8,MLP Regressor,BayesSearchCV,0.03203135759308807,0.021092066834049395,76.5980230250199,-2.4071496260694243
1656.564040971803,0.004185179856249512,basophils,SALIVA,0.8,MLP Regressor,BayesSearchCV,0.03203135759308807,0.021092066834049395,76.5980230250199,-2.4071496260694243
1652.707081621461,0.0041667480228495665,basophils,SALIVA,0.8,MLP Regressor,BayesSearchCV,0.03203135759308807,0.021092066834049395,76.5980230250199,-2.4071496260694243
1650.77860194629,0.004139381898883746,basophils,SALIVA,0.8,MLP Regressor,BayesSearchCV,0.03203135759308807,0.021092066834049395,76.5980230250199,-2.4071496260694243
1633.422284869752,0.0041291632533415525,basophils,SALIVA,0.8,MLP Regressor,BayesSearchCV,0.03203135759308807,0.021092066834049395,76.5980230250199,-2.4071496260694243
1648.85012227112,0.004117138416749058,basophils,SALIVA,0.8,MLP Regressor,BayesSearchCV,0.03203135759308807,0.021092066834049395,76.5980230250199,-2.4071496260694243
1022.094227840577,0.004100124558326606,basophils,SALIVA,0.8,MLP Regressor,BayesSearchCV,0.03203135759308807,0.021092066834049395,76.5980230250199,-2.4071496260694243
1745.274106029664,0.011818771648519955,basophils,SALIVA,0.8,MLP Regressor,BayesSearchCV,0.041152268884543784,0.03349571441987622,173.17975724424002,-4.623776900199498
1837.841130437868,0.010672129813526695,basophils,SALIVA,0.8,MLP Regressor,BayesSearchCV,0.041152268884543784,0.03349571441987622,173.17975724424002,-4.623776900199498
1174.444122179078,0.010383677627492574,basophils,SALIVA,0.8,MLP Regressor,BayesSearchCV,0.041152268884543784,0.03349571441987622,173.17975724424002,-4.623776900199498
2605.376041155886,0.010329286304265868,basophils,SALIVA,0.8,MLP Regressor,BayesSearchCV,0.041152268884543784,0.03349571441987622,173.17975724424002,-4.623776900199498
956.5259188847667,0.009224449859706503,basophils,SALIVA,0.8,MLP Regressor,BayesSearchCV,0.041152268884543784,0.03349571441987622,173.17975724424002,-4.623776900199498
1776.129780832399,0.008688861418603262,basophils,SALIVA,0.8,MLP Regressor,BayesSearchCV,0.041152268884543784,0.03349571441987622,173.17975724424002,-4.623776900199498
2777.010732246096,0.008532153508455846,basophils,SALIVA,0.8,MLP Regressor,BayesSearchCV,0.041152268884543784,0.03349571441987622,173.17975724424002,-4.623776900199498
1018.237268490235,0.008529665445329074,basophils,SALIVA,0.8,MLP Regressor,BayesSearchCV,0.041152268884543784,0.03349571441987622,173.17975724424002,-4.623776900199498
2607.304520831057,0.007825692417373927,basophils,SALIVA,0.8,MLP Regressor,BayesSearchCV,0.041152268884543784,0.03349571441987622,173.17975724424002,-4.623776900199498
1427.074959626466,0.0077693157402553645,basophils,SALIVA,0.8,MLP Regressor,BayesSearchCV,0.041152268884543784,0.03349571441987622,173.17975724424002,-4.623776900199498
1351.864252294801,0.00771998598955131,basophils,SALIVA,0.8,MLP Regressor,BayesSearchCV,0.041152268884543784,0.03349571441987622,173.17975724424002,-4.623776900199498
1249.654829510743,0.007530122171274965,basophils,SALIVA,0.8,MLP Regressor,BayesSearchCV,0.041152268884543784,0.03349571441987622,173.17975724424002,-4.623776900199498
1122.375170949464,0.007036257145133661,basophils,SALIVA,0.8,MLP Regressor,BayesSearchCV,0.041152268884543784,0.03349571441987622,173.17975724424002,-4.623776900199498
1201.442837631471,0.006944489169659259,basophils,SALIVA,0.8,MLP Regressor,BayesSearchCV,0.041152268884543784,0.03349571441987622,173.17975724424002,-4.623776900199498
950.7404798592538,0.006926660593244504,basophils,SALIVA,0.8,MLP Regressor,BayesSearchCV,0.041152268884543784,0.03349571441987622,173.17975724424002,-4.623776900199498
1322.937057167237,0.006912714625735682,basophils,SALIVA,0.8,MLP Regressor,BayesSearchCV,0.041152268884543784,0.03349571441987622,173.17975724424002,-4.623776900199498
1818.556333686158,0.006782878078299044,basophils,SALIVA,0.8,MLP Regressor,BayesSearchCV,0.041152268884543784,0.03349571441987622,173.17975724424002,-4.623776900199498
1363.435130345826,0.006776951392227339,basophils,SALIVA,0.8,MLP Regressor,BayesSearchCV,0.041152268884543784,0.03349571441987622,173.17975724424002,-4.623776900199498
1232.298512434205,0.006622838121454636,basophils,SALIVA,0.8,MLP Regressor,BayesSearchCV,0.041152268884543784,0.03349571441987622,173.17975724424002,-4.623776900199498
1008.594870114381,0.006548447063595378,basophils,SALIVA,0.8,MLP Regressor,BayesSearchCV,0.041152268884543784,0.03349571441987622,173.17975724424002,-4.623776900199498
3010.356772941775,0.005364989003447247,basophils,SALIVA,0.8,MLP Regressor,BayesSearchCV,0.09530631507696873,0.07271221821222743,203.53888256336862,-29.163648485359488
3045.069407094851,0.005276507019105338,basophils,SALIVA,0.8,MLP Regressor,BayesSearchCV,0.09530631507696873,0.07271221821222743,203.53888256336862,-29.163648485359488
3043.14092741968,0.005173988872324289,basophils,SALIVA,0.8,MLP Regressor,BayesSearchCV,0.09530631507696873,0.07271221821222743,203.53888256336862,-29.163648485359488
3012.285252616945,0.0049487587598075105,basophils,SALIVA,0.8,MLP Regressor,BayesSearchCV,0.09530631507696873,0.07271221821222743,203.53888256336862,-29.163648485359488
1731.774748303468,0.004891403775967408,basophils,SALIVA,0.8,MLP Regressor,BayesSearchCV,0.09530631507696873,0.07271221821222743,203.53888256336862,-29.163648485359488
1232.298512434205,0.004712651704510482,basophils,SALIVA,0.8,MLP Regressor,BayesSearchCV,0.09530631507696873,0.07271221821222743,203.53888256336862,-29.163648485359488
1230.370032759034,0.004676017524370619,basophils,SALIVA,0.8,MLP Regressor,BayesSearchCV,0.09530631507696873,0.07271221821222743,203.53888256336862,-29.163648485359488
1240.012431134889,0.0046734121118112105,basophils,SALIVA,0.8,MLP Regressor,BayesSearchCV,0.09530631507696873,0.07271221821222743,203.53888256336862,-29.163648485359488
1238.083951459718,0.004670287453734905,basophils,SALIVA,0.8,MLP Regressor,BayesSearchCV,0.09530631507696873,0.07271221821222743,203.53888256336862,-29.163648485359488
3008.428293266604,0.004633980439619143,basophils,SALIVA,0.8,MLP Regressor,BayesSearchCV,0.09530631507696873,0.07271221821222743,203.53888256336862,-29.163648485359488
1234.226992109376,0.004568733285770202,basophils,SALIVA,0.8,MLP Regressor,BayesSearchCV,0.09530631507696873,0.07271221821222743,203.53888256336862,-29.163648485359488
1236.155471784547,0.0045516399745937665,basophils,SALIVA,0.8,MLP Regressor,BayesSearchCV,0.09530631507696873,0.07271221821222743,203.53888256336862,-29.163648485359488
1241.94091081006,0.004509465339110738,basophils,SALIVA,0.8,MLP Regressor,BayesSearchCV,0.09530631507696873,0.07271221821222743,203.53888256336862,-29.163648485359488
1228.441553083863,0.004396570041539629,basophils,SALIVA,0.8,MLP Regressor,BayesSearchCV,0.09530631507696873,0.07271221821222743,203.53888256336862,-29.163648485359488
1255.440268536256,0.004371503622301025,basophils,SALIVA,0.8,MLP Regressor,BayesSearchCV,0.09530631507696873,0.07271221821222743,203.53888256336862,-29.163648485359488
1253.511788861085,0.00433127940365075,basophils,SALIVA,0.8,MLP Regressor,BayesSearchCV,0.09530631507696873,0.07271221821222743,203.53888256336862,-29.163648485359488
3033.498529043825,0.004331217478269258,basophils,SALIVA,0.8,MLP Regressor,BayesSearchCV,0.09530631507696873,0.07271221821222743,203.53888256336862,-29.163648485359488
1251.583309185914,0.004188680318026002,basophils,SALIVA,0.8,MLP Regressor,BayesSearchCV,0.09530631507696873,0.07271221821222743,203.53888256336862,-29.163648485359488
1243.86939048523,0.004178198533319516,basophils,SALIVA,0.8,MLP Regressor,BayesSearchCV,0.09530631507696873,0.07271221821222743,203.53888256336862,-29.163648485359488
1257.368748211427,0.004095150588413033,basophils,SALIVA,0.8,MLP Regressor,BayesSearchCV,0.09530631507696873,0.07271221821222743,203.53888256336862,-29.163648485359488
1668.134919022829,0.015758194077566366,basophils,SALIVA,0.8,MLP Regressor,BayesSearchCV,0.02046582795986588,0.016472741352531406,40.79297697140768,-0.3909103939045713
1369.220569371339,0.014846081293147495,basophils,SALIVA,0.8,MLP Regressor,BayesSearchCV,0.02046582795986588,0.016472741352531406,40.79297697140768,-0.3909103939045713
1018.237268490235,0.01458407536843174,basophils,SALIVA,0.8,MLP Regressor,BayesSearchCV,0.02046582795986588,0.016472741352531406,40.79297697140768,-0.3909103939045713
1523.498943385011,0.011791229568283934,basophils,SALIVA,0.8,MLP Regressor,BayesSearchCV,0.02046582795986588,0.016472741352531406,40.79297697140768,-0.3909103939045713
1654.635561296632,0.011783059458743384,basophils,SALIVA,0.8,MLP Regressor,BayesSearchCV,0.02046582795986588,0.016472741352531406,40.79297697140768,-0.3909103939045713
1533.141341760865,0.011120495349467702,basophils,SALIVA,0.8,MLP Regressor,BayesSearchCV,0.02046582795986588,0.016472741352531406,40.79297697140768,-0.3909103939045713
1008.594870114381,0.010742652649096341,basophils,SALIVA,0.8,MLP Regressor,BayesSearchCV,0.02046582795986588,0.016472741352531406,40.79297697140768,-0.3909103939045713
1045.235983942628,0.010361084625290066,basophils,SALIVA,0.8,MLP Regressor,BayesSearchCV,0.02046582795986588,0.016472741352531406,40.79297697140768,-0.3909103939045713
1025.951187190919,0.00968714396139665,basophils,SALIVA,0.8,MLP Regressor,BayesSearchCV,0.02046582795986588,0.016472741352531406,40.79297697140768,-0.3909103939045713
1427.074959626466,0.009354728522813903,basophils,SALIVA,0.8,MLP Regressor,BayesSearchCV,0.02046582795986588,0.016472741352531406,40.79297697140768,-0.3909103939045713
1039.450544917115,0.009313502694903558,basophils,SALIVA,0.8,MLP Regressor,BayesSearchCV,0.02046582795986588,0.016472741352531406,40.79297697140768,-0.3909103939045713
1648.85012227112,0.00914613299050154,basophils,SALIVA,0.8,MLP Regressor,BayesSearchCV,0.02046582795986588,0.016472741352531406,40.79297697140768,-0.3909103939045713
1542.78374013672,0.00891799800583084,basophils,SALIVA,0.8,MLP Regressor,BayesSearchCV,0.02046582795986588,0.016472741352531406,40.79297697140768,-0.3909103939045713
1344.150333594117,0.00872494757348097,basophils,SALIVA,0.8,MLP Regressor,BayesSearchCV,0.02046582795986588,0.016472741352531406,40.79297697140768,-0.3909103939045713
1035.593585566773,0.008711341631675557,basophils,SALIVA,0.8,MLP Regressor,BayesSearchCV,0.02046582795986588,0.016472741352531406,40.79297697140768,-0.3909103939045713
1619.922927143556,0.008630970793397563,basophils,SALIVA,0.8,MLP Regressor,BayesSearchCV,0.02046582795986588,0.016472741352531406,40.79297697140768,-0.3909103939045713
1556.283097862916,0.008401977321428781,basophils,SALIVA,0.8,MLP Regressor,BayesSearchCV,0.02046582795986588,0.016472741352531406,40.79297697140768,-0.3909103939045713
1020.165748165406,0.008113394983506017,basophils,SALIVA,0.8,MLP Regressor,BayesSearchCV,0.02046582795986588,0.016472741352531406,40.79297697140768,-0.3909103939045713
1536.998301111207,0.007973700744246297,basophils,SALIVA,0.8,MLP Regressor,BayesSearchCV,0.02046582795986588,0.016472741352531406,40.79297697140768,-0.3909103939045713
1367.292089696168,0.007886638011807041,basophils,SALIVA,0.8,MLP Regressor,BayesSearchCV,0.02046582795986588,0.016472741352531406,40.79297697140768,-0.3909103939045713
2678.65826881238,0.004470788461586858,basophils,SERUM,0.8,MLP Regressor,BayesSearchCV,0.04149550605299984,0.028842611149508764,147.78257538687564,-5.553290285802269
2676.729789137209,0.00437769801261104,basophils,SERUM,0.8,MLP Regressor,BayesSearchCV,0.04149550605299984,0.028842611149508764,147.78257538687564,-5.553290285802269
2680.586748487551,0.004147713636773329,basophils,SERUM,0.8,MLP Regressor,BayesSearchCV,0.04149550605299984,0.028842611149508764,147.78257538687564,-5.553290285802269
2674.801309462038,0.003945541112343348,basophils,SERUM,0.8,MLP Regressor,BayesSearchCV,0.04149550605299984,0.028842611149508764,147.78257538687564,-5.553290285802269
2717.227862315798,0.0036364906171526953,basophils,SERUM,0.8,MLP Regressor,BayesSearchCV,0.04149550605299984,0.028842611149508764,147.78257538687564,-5.553290285802269
2682.515228162722,0.0035210240309402584,basophils,SERUM,0.8,MLP Regressor,BayesSearchCV,0.04149550605299984,0.028842611149508764,147.78257538687564,-5.553290285802269
2665.158911086184,0.0034556065662657634,basophils,SERUM,0.8,MLP Regressor,BayesSearchCV,0.04149550605299984,0.028842611149508764,147.78257538687564,-5.553290285802269
2715.299382640627,0.0034047751530270377,basophils,SERUM,0.8,MLP Regressor,BayesSearchCV,0.04149550605299984,0.028842611149508764,147.78257538687564,-5.553290285802269
2663.230431411013,0.0033999368975427256,basophils,SERUM,0.8,MLP Regressor,BayesSearchCV,0.04149550605299984,0.028842611149508764,147.78257538687564,-5.553290285802269
1795.414577584108,0.0033165297138059184,basophils,SERUM,0.8,MLP Regressor,BayesSearchCV,0.04149550605299984,0.028842611149508764,147.78257538687564,-5.553290285802269
1793.486097908937,0.0033124584288971434,basophils,SERUM,0.8,MLP Regressor,BayesSearchCV,0.04149550605299984,0.028842611149508764,147.78257538687564,-5.553290285802269
1789.629138558595,0.0033081836902972145,basophils,SERUM,0.8,MLP Regressor,BayesSearchCV,0.04149550605299984,0.028842611149508764,147.78257538687564,-5.553290285802269
1787.700658883424,0.003305428822380003,basophils,SERUM,0.8,MLP Regressor,BayesSearchCV,0.04149550605299984,0.028842611149508764,147.78257538687564,-5.553290285802269
1791.557618233766,0.0033023322106819878,basophils,SERUM,0.8,MLP Regressor,BayesSearchCV,0.04149550605299984,0.028842611149508764,147.78257538687564,-5.553290285802269
1806.985455635133,0.0032998216805719834,basophils,SERUM,0.8,MLP Regressor,BayesSearchCV,0.04149550605299984,0.028842611149508764,147.78257538687564,-5.553290285802269
1785.772179208253,0.003293785120108678,basophils,SERUM,0.8,MLP Regressor,BayesSearchCV,0.04149550605299984,0.028842611149508764,147.78257538687564,-5.553290285802269
1783.843699533082,0.0032878782939463947,basophils,SERUM,0.8,MLP Regressor,BayesSearchCV,0.04149550605299984,0.028842611149508764,147.78257538687564,-5.553290285802269
1779.986740182741,0.003286108942353837,basophils,SERUM,0.8,MLP Regressor,BayesSearchCV,0.04149550605299984,0.028842611149508764,147.78257538687564,-5.553290285802269
1781.915219857912,0.0032858017380639768,basophils,SERUM,0.8,MLP Regressor,BayesSearchCV,0.04149550605299984,0.028842611149508764,147.78257538687564,-5.553290285802269
1808.913935310304,0.003285586404019609,basophils,SERUM,0.8,MLP Regressor,BayesSearchCV,0.04149550605299984,0.028842611149508764,147.78257538687564,-5.553290285802269
1076.091658745362,0.012772407113783973,basophils,SERUM,0.8,MLP Regressor,BayesSearchCV,0.04301791955649235,0.02931034578351601,222.33154822477937,-6.042973940889995
2545.593171225588,0.011118779761044712,basophils,SERUM,0.8,MLP Regressor,BayesSearchCV,0.04301791955649235,0.02931034578351601,222.33154822477937,-6.042973940889995
1049.092943292969,0.011084946470444472,basophils,SERUM,0.8,MLP Regressor,BayesSearchCV,0.04301791955649235,0.02931034578351601,222.33154822477937,-6.042973940889995
2508.952057397341,0.010926238083946065,basophils,SERUM,0.8,MLP Regressor,BayesSearchCV,0.04301791955649235,0.02931034578351601,222.33154822477937,-6.042973940889995
1124.303650624635,0.010009552927280136,basophils,SERUM,0.8,MLP Regressor,BayesSearchCV,0.04301791955649235,0.02931034578351601,222.33154822477937,-6.042973940889995
1114.66125224878,0.009491256573325857,basophils,SERUM,0.8,MLP Regressor,BayesSearchCV,0.04301791955649235,0.02931034578351601,222.33154822477937,-6.042973940889995
3050.854846120364,0.009310228172102716,basophils,SERUM,0.8,MLP Regressor,BayesSearchCV,0.04301791955649235,0.02931034578351601,222.33154822477937,-6.042973940889995
1031.736626216432,0.008689170741935757,basophils,SERUM,0.8,MLP Regressor,BayesSearchCV,0.04301791955649235,0.02931034578351601,222.33154822477937,-6.042973940889995
2555.235569601442,0.007653735577371253,basophils,SERUM,0.8,MLP Regressor,BayesSearchCV,0.04301791955649235,0.02931034578351601,222.33154822477937,-6.042973940889995
1033.665105891602,0.007521606019861318,basophils,SERUM,0.8,MLP Regressor,BayesSearchCV,0.04301791955649235,0.02931034578351601,222.33154822477937,-6.042973940889995
1602.566610067018,0.007481121051227534,basophils,SERUM,0.8,MLP Regressor,BayesSearchCV,0.04301791955649235,0.02931034578351601,222.33154822477937,-6.042973940889995
1745.274106029664,0.007428579073798221,basophils,SERUM,0.8,MLP Regressor,BayesSearchCV,0.04301791955649235,0.02931034578351601,222.33154822477937,-6.042973940889995
1097.304935172242,0.007421951277221547,basophils,SERUM,0.8,MLP Regressor,BayesSearchCV,0.04301791955649235,0.02931034578351601,222.33154822477937,-6.042973940889995
1351.864252294801,0.007411000292544791,basophils,SERUM,0.8,MLP Regressor,BayesSearchCV,0.04301791955649235,0.02931034578351601,222.33154822477937,-6.042973940889995
1776.129780832399,0.007151412922630464,basophils,SERUM,0.8,MLP Regressor,BayesSearchCV,0.04301791955649235,0.02931034578351601,222.33154822477937,-6.042973940889995
962.3113579102792,0.007134465532528261,basophils,SERUM,0.8,MLP Regressor,BayesSearchCV,0.04301791955649235,0.02931034578351601,222.33154822477937,-6.042973940889995
1147.445406726686,0.006984183298894937,basophils,SERUM,0.8,MLP Regressor,BayesSearchCV,0.04301791955649235,0.02931034578351601,222.33154822477937,-6.042973940889995
2535.950772849733,0.006880076517528548,basophils,SERUM,0.8,MLP Regressor,BayesSearchCV,0.04301791955649235,0.02931034578351601,222.33154822477937,-6.042973940889995
2522.451415123537,0.006823989052566944,basophils,SERUM,0.8,MLP Regressor,BayesSearchCV,0.04301791955649235,0.02931034578351601,222.33154822477937,-6.042973940889995
1039.450544917115,0.006520402309623396,basophils,SERUM,0.8,MLP Regressor,BayesSearchCV,0.04301791955649235,0.02931034578351601,222.33154822477937,-6.042973940889995
2678.65826881238,0.004700944530521606,basophils,SERUM,0.8,MLP Regressor,BayesSearchCV,0.03863309744339678,0.02697301910378801,142.10732259152135,-4.680366196273989
2676.729789137209,0.00461767329620044,basophils,SERUM,0.8,MLP Regressor,BayesSearchCV,0.03863309744339678,0.02697301910378801,142.10732259152135,-4.680366196273989
2680.586748487551,0.004421606572039948,basophils,SERUM,0.8,MLP Regressor,BayesSearchCV,0.03863309744339678,0.02697301910378801,142.10732259152135,-4.680366196273989
2674.801309462038,0.004189110612855441,basophils,SERUM,0.8,MLP Regressor,BayesSearchCV,0.03863309744339678,0.02697301910378801,142.10732259152135,-4.680366196273989
2717.227862315798,0.004067595975703913,basophils,SERUM,0.8,MLP Regressor,BayesSearchCV,0.03863309744339678,0.02697301910378801,142.10732259152135,-4.680366196273989
2682.515228162722,0.003845182068140818,basophils,SERUM,0.8,MLP Regressor,BayesSearchCV,0.03863309744339678,0.02697301910378801,142.10732259152135,-4.680366196273989
2715.299382640627,0.00377605742986231,basophils,SERUM,0.8,MLP Regressor,BayesSearchCV,0.03863309744339678,0.02697301910378801,142.10732259152135,-4.680366196273989
2665.158911086184,0.003700080503640058,basophils,SERUM,0.8,MLP Regressor,BayesSearchCV,0.03863309744339678,0.02697301910378801,142.10732259152135,-4.680366196273989
1795.414577584108,0.003690465602822119,basophils,SERUM,0.8,MLP Regressor,BayesSearchCV,0.03863309744339678,0.02697301910378801,142.10732259152135,-4.680366196273989
1793.486097908937,0.00368904043426302,basophils,SERUM,0.8,MLP Regressor,BayesSearchCV,0.03863309744339678,0.02697301910378801,142.10732259152135,-4.680366196273989
1789.629138558595,0.003685368083864476,basophils,SERUM,0.8,MLP Regressor,BayesSearchCV,0.03863309744339678,0.02697301910378801,142.10732259152135,-4.680366196273989
1787.700658883424,0.0036834588171958758,basophils,SERUM,0.8,MLP Regressor,BayesSearchCV,0.03863309744339678,0.02697301910378801,142.10732259152135,-4.680366196273989
1791.557618233766,0.003679454691541509,basophils,SERUM,0.8,MLP Regressor,BayesSearchCV,0.03863309744339678,0.02697301910378801,142.10732259152135,-4.680366196273989
1779.986740182741,0.0036724093827378177,basophils,SERUM,0.8,MLP Regressor,BayesSearchCV,0.03863309744339678,0.02697301910378801,142.10732259152135,-4.680366196273989
1785.772179208253,0.0036710563868652146,basophils,SERUM,0.8,MLP Regressor,BayesSearchCV,0.03863309744339678,0.02697301910378801,142.10732259152135,-4.680366196273989
1781.915219857912,0.0036668201986861577,basophils,SERUM,0.8,MLP Regressor,BayesSearchCV,0.03863309744339678,0.02697301910378801,142.10732259152135,-4.680366196273989
1783.843699533082,0.003665565595765282,basophils,SERUM,0.8,MLP Regressor,BayesSearchCV,0.03863309744339678,0.02697301910378801,142.10732259152135,-4.680366196273989
1806.985455635133,0.0036643278652913735,basophils,SERUM,0.8,MLP Regressor,BayesSearchCV,0.03863309744339678,0.02697301910378801,142.10732259152135,-4.680366196273989
1808.913935310304,0.003648467930709289,basophils,SERUM,0.8,MLP Regressor,BayesSearchCV,0.03863309744339678,0.02697301910378801,142.10732259152135,-4.680366196273989
1797.343057259279,0.003642641209721696,basophils,SERUM,0.8,MLP Regressor,BayesSearchCV,0.03863309744339678,0.02697301910378801,142.10732259152135,-4.680366196273989
2921.646707883913,0.01905071775105409,basophils,SERUM,0.8,MLP Regressor,BayesSearchCV,0.020069595523964718,0.016565112226358324,60.54846024313161,-0.532973033284661
2935.146065610109,0.01538691014200902,basophils,SERUM,0.8,MLP Regressor,BayesSearchCV,0.020069595523964718,0.016565112226358324,60.54846024313161,-0.532973033284661
2919.718228208742,0.014659366004532303,basophils,SERUM,0.8,MLP Regressor,BayesSearchCV,0.020069595523964718,0.016565112226358324,60.54846024313161,-0.532973033284661
2931.289106259768,0.012576808880011952,basophils,SERUM,0.8,MLP Regressor,BayesSearchCV,0.020069595523964718,0.016565112226358324,60.54846024313161,-0.532973033284661
2948.645423336306,0.011846701042816309,basophils,SERUM,0.8,MLP Regressor,BayesSearchCV,0.020069595523964718,0.016565112226358324,60.54846024313161,-0.532973033284661
2927.432146909426,0.011548988020782948,basophils,SERUM,0.8,MLP Regressor,BayesSearchCV,0.020069595523964718,0.016565112226358324,60.54846024313161,-0.532973033284661
2929.360626584597,0.01039972771533986,basophils,SERUM,0.8,MLP Regressor,BayesSearchCV,0.020069595523964718,0.016565112226358324,60.54846024313161,-0.532973033284661
2923.575187559084,0.010211974001091008,basophils,SERUM,0.8,MLP Regressor,BayesSearchCV,0.020069595523964718,0.016565112226358324,60.54846024313161,-0.532973033284661
2933.217585934939,0.010100956874277546,basophils,SERUM,0.8,MLP Regressor,BayesSearchCV,0.020069595523964718,0.016565112226358324,60.54846024313161,-0.532973033284661
2960.216301387331,0.009053837912421292,basophils,SERUM,0.8,MLP Regressor,BayesSearchCV,0.020069595523964718,0.016565112226358324,60.54846024313161,-0.532973033284661
2958.287821712161,0.00880452873051002,basophils,SERUM,0.8,MLP Regressor,BayesSearchCV,0.020069595523964718,0.016565112226358324,60.54846024313161,-0.532973033284661
2917.789748533572,0.008784404622256728,basophils,SERUM,0.8,MLP Regressor,BayesSearchCV,0.020069595523964718,0.016565112226358324,60.54846024313161,-0.532973033284661
2925.503667234255,0.008571548122593378,basophils,SERUM,0.8,MLP Regressor,BayesSearchCV,0.020069595523964718,0.016565112226358324,60.54846024313161,-0.532973033284661
2954.430862361819,0.008408532580090815,basophils,SERUM,0.8,MLP Regressor,BayesSearchCV,0.020069595523964718,0.016565112226358324,60.54846024313161,-0.532973033284661
1687.419715774538,0.008362647990936658,basophils,SERUM,0.8,MLP Regressor,BayesSearchCV,0.020069595523964718,0.016565112226358324,60.54846024313161,-0.532973033284661
2910.075829832888,0.008129976315796298,basophils,SERUM,0.8,MLP Regressor,BayesSearchCV,0.020069595523964718,0.016565112226358324,60.54846024313161,-0.532973033284661
2939.003024960452,0.00790278585245357,basophils,SERUM,0.8,MLP Regressor,BayesSearchCV,0.020069595523964718,0.016565112226358324,60.54846024313161,-0.532973033284661
2908.147350157717,0.007749658603648667,basophils,SERUM,0.8,MLP Regressor,BayesSearchCV,0.020069595523964718,0.016565112226358324,60.54846024313161,-0.532973033284661
1745.274106029664,0.0076929055194688,basophils,SERUM,0.8,MLP Regressor,BayesSearchCV,0.020069595523964718,0.016565112226358324,60.54846024313161,-0.532973033284661
2892.71951275635,0.007665976342988675,basophils,SERUM,0.8,MLP Regressor,BayesSearchCV,0.020069595523964718,0.016565112226358324,60.54846024313161,-0.532973033284661
1691.276675124879,0.005444287004990562,basophils,URINE,0.8,MLP Regressor,BayesSearchCV,0.04022004654039048,0.02467566349164054,135.89431445148912,-1.849688539122773
1689.348195449708,0.004968580548472116,basophils,URINE,0.8,MLP Regressor,BayesSearchCV,0.04022004654039048,0.02467566349164054,135.89431445148912,-1.849688539122773
1697.062114150392,0.004953200705113555,basophils,URINE,0.8,MLP Regressor,BayesSearchCV,0.04022004654039048,0.02467566349164054,135.89431445148912,-1.849688539122773
1685.491236099367,0.004952150652470315,basophils,URINE,0.8,MLP Regressor,BayesSearchCV,0.04022004654039048,0.02467566349164054,135.89431445148912,-1.849688539122773
1596.781171041505,0.00489938571811491,basophils,URINE,0.8,MLP Regressor,BayesSearchCV,0.04022004654039048,0.02467566349164054,135.89431445148912,-1.849688539122773
1598.709650716676,0.00489497132630272,basophils,URINE,0.8,MLP Regressor,BayesSearchCV,0.04022004654039048,0.02467566349164054,135.89431445148912,-1.849688539122773
1693.20515480005,0.004891956113069418,basophils,URINE,0.8,MLP Regressor,BayesSearchCV,0.04022004654039048,0.02467566349164054,135.89431445148912,-1.849688539122773
1687.419715774538,0.004847512811305662,basophils,URINE,0.8,MLP Regressor,BayesSearchCV,0.04022004654039048,0.02467566349164054,135.89431445148912,-1.849688539122773
1695.133634475221,0.004837070540930962,basophils,URINE,0.8,MLP Regressor,BayesSearchCV,0.04022004654039048,0.02467566349164054,135.89431445148912,-1.849688539122773
1600.638130391847,0.0048300171345204545,basophils,URINE,0.8,MLP Regressor,BayesSearchCV,0.04022004654039048,0.02467566349164054,135.89431445148912,-1.849688539122773
1739.488667004152,0.0048033766123534456,basophils,URINE,0.8,MLP Regressor,BayesSearchCV,0.04022004654039048,0.02467566349164054,135.89431445148912,-1.849688539122773
1741.417146679323,0.004789141590173884,basophils,URINE,0.8,MLP Regressor,BayesSearchCV,0.04022004654039048,0.02467566349164054,135.89431445148912,-1.849688539122773
1745.274106029664,0.004772124258899657,basophils,URINE,0.8,MLP Regressor,BayesSearchCV,0.04022004654039048,0.02467566349164054,135.89431445148912,-1.849688539122773
1594.852691366334,0.004761130989810668,basophils,URINE,0.8,MLP Regressor,BayesSearchCV,0.04022004654039048,0.02467566349164054,135.89431445148912,-1.849688539122773
1602.566610067018,0.004755333057382847,basophils,URINE,0.8,MLP Regressor,BayesSearchCV,0.04022004654039048,0.02467566349164054,135.89431445148912,-1.849688539122773
1743.345626354494,0.0047061795105219325,basophils,URINE,0.8,MLP Regressor,BayesSearchCV,0.04022004654039048,0.02467566349164054,135.89431445148912,-1.849688539122773
1747.202585704835,0.004687596698520513,basophils,URINE,0.8,MLP Regressor,BayesSearchCV,0.04022004654039048,0.02467566349164054,135.89431445148912,-1.849688539122773
1700.919073500734,0.004672159662638901,basophils,URINE,0.8,MLP Regressor,BayesSearchCV,0.04022004654039048,0.02467566349164054,135.89431445148912,-1.849688539122773
1698.990593825563,0.004642951015716791,basophils,URINE,0.8,MLP Regressor,BayesSearchCV,0.04022004654039048,0.02467566349164054,135.89431445148912,-1.849688539122773
1604.495089742189,0.00464023834756457,basophils,URINE,0.8,MLP Regressor,BayesSearchCV,0.04022004654039048,0.02467566349164054,135.89431445148912,-1.849688539122773
2777.010732246096,0.01556417158089007,basophils,URINE,0.8,MLP Regressor,BayesSearchCV,0.03568929300204844,0.02764837489580783,111.44227208069606,-1.243820686738899
1018.237268490235,0.01093511147927987,basophils,URINE,0.8,MLP Regressor,BayesSearchCV,0.03568929300204844,0.02764837489580783,111.44227208069606,-1.243820686738899
1334.507935218263,0.01073689949900241,basophils,URINE,0.8,MLP Regressor,BayesSearchCV,0.03568929300204844,0.02764837489580783,111.44227208069606,-1.243820686738899
2692.157626538576,0.010234289473933818,basophils,URINE,0.8,MLP Regressor,BayesSearchCV,0.03568929300204844,0.02764837489580783,111.44227208069606,-1.243820686738899
1008.594870114381,0.010151984277556009,basophils,URINE,0.8,MLP Regressor,BayesSearchCV,0.03568929300204844,0.02764837489580783,111.44227208069606,-1.243820686738899
1415.504081575441,0.009723042814136664,basophils,URINE,0.8,MLP Regressor,BayesSearchCV,0.03568929300204844,0.02764837489580783,111.44227208069606,-1.243820686738899
1425.146479951295,0.009480837334121944,basophils,URINE,0.8,MLP Regressor,BayesSearchCV,0.03568929300204844,0.02764837489580783,111.44227208069606,-1.243820686738899
2678.65826881238,0.009355853577268194,basophils,URINE,0.8,MLP Regressor,BayesSearchCV,0.03568929300204844,0.02764837489580783,111.44227208069606,-1.243820686738899
1351.864252294801,0.00933761035735355,basophils,URINE,0.8,MLP Regressor,BayesSearchCV,0.03568929300204844,0.02764837489580783,111.44227208069606,-1.243820686738899
1322.937057167237,0.008730983871161203,basophils,URINE,0.8,MLP Regressor,BayesSearchCV,0.03568929300204844,0.02764837489580783,111.44227208069606,-1.243820686738899
956.5259188847667,0.007674620700921317,basophils,URINE,0.8,MLP Regressor,BayesSearchCV,0.03568929300204844,0.02764837489580783,111.44227208069606,-1.243820686738899
1398.147764498902,0.007595470398773919,basophils,URINE,0.8,MLP Regressor,BayesSearchCV,0.03568929300204844,0.02764837489580783,111.44227208069606,-1.243820686738899
1166.730203478395,0.0072019824004752745,basophils,URINE,0.8,MLP Regressor,BayesSearchCV,0.03568929300204844,0.02764837489580783,111.44227208069606,-1.243820686738899
1363.435130345826,0.007173872878501114,basophils,URINE,0.8,MLP Regressor,BayesSearchCV,0.03568929300204844,0.02764837489580783,111.44227208069606,-1.243820686738899
1299.795301065187,0.007166841500120245,basophils,URINE,0.8,MLP Regressor,BayesSearchCV,0.03568929300204844,0.02764837489580783,111.44227208069606,-1.243820686738899
1147.445406726686,0.007152924958259829,basophils,URINE,0.8,MLP Regressor,BayesSearchCV,0.03568929300204844,0.02764837489580783,111.44227208069606,-1.243820686738899
2802.080968023317,0.007040561901109716,basophils,URINE,0.8,MLP Regressor,BayesSearchCV,0.03568929300204844,0.02764837489580783,111.44227208069606,-1.243820686738899
2842.579041201906,0.007017906021014645,basophils,URINE,0.8,MLP Regressor,BayesSearchCV,0.03568929300204844,0.02764837489580783,111.44227208069606,-1.243820686738899
1076.091658745362,0.006819948987364845,basophils,URINE,0.8,MLP Regressor,BayesSearchCV,0.03568929300204844,0.02764837489580783,111.44227208069606,-1.243820686738899
1556.283097862916,0.006602999872302545,basophils,URINE,0.8,MLP Regressor,BayesSearchCV,0.03568929300204844,0.02764837489580783,111.44227208069606,-1.243820686738899
1598.709650716676,0.00535188748405328,basophils,URINE,0.8,MLP Regressor,BayesSearchCV,0.03949025961802967,0.0237857117290016,136.7111119948675,-1.7472123864656712
1596.781171041505,0.005311633403168928,basophils,URINE,0.8,MLP Regressor,BayesSearchCV,0.03949025961802967,0.0237857117290016,136.7111119948675,-1.7472123864656712
1600.638130391847,0.005295720242561394,basophils,URINE,0.8,MLP Regressor,BayesSearchCV,0.03949025961802967,0.0237857117290016,136.7111119948675,-1.7472123864656712
1602.566610067018,0.0052289811055932405,basophils,URINE,0.8,MLP Regressor,BayesSearchCV,0.03949025961802967,0.0237857117290016,136.7111119948675,-1.7472123864656712
1604.495089742189,0.00513755844270951,basophils,URINE,0.8,MLP Regressor,BayesSearchCV,0.03949025961802967,0.0237857117290016,136.7111119948675,-1.7472123864656712
1594.852691366334,0.00506833986444851,basophils,URINE,0.8,MLP Regressor,BayesSearchCV,0.03949025961802967,0.0237857117290016,136.7111119948675,-1.7472123864656712
1739.488667004152,0.004921093260461219,basophils,URINE,0.8,MLP Regressor,BayesSearchCV,0.03949025961802967,0.0237857117290016,136.7111119948675,-1.7472123864656712
1606.42356941736,0.004910721774340088,basophils,URINE,0.8,MLP Regressor,BayesSearchCV,0.03949025961802967,0.0237857117290016,136.7111119948675,-1.7472123864656712
1741.417146679323,0.004785456281250214,basophils,URINE,0.8,MLP Regressor,BayesSearchCV,0.03949025961802967,0.0237857117290016,136.7111119948675,-1.7472123864656712
3050.854846120364,0.004706531834080537,basophils,URINE,0.8,MLP Regressor,BayesSearchCV,0.03949025961802967,0.0237857117290016,136.7111119948675,-1.7472123864656712
1737.560187328981,0.004699144029101892,basophils,URINE,0.8,MLP Regressor,BayesSearchCV,0.03949025961802967,0.0237857117290016,136.7111119948675,-1.7472123864656712
1592.924211691163,0.004681301913365586,basophils,URINE,0.8,MLP Regressor,BayesSearchCV,0.03949025961802967,0.0237857117290016,136.7111119948675,-1.7472123864656712
1745.274106029664,0.004599639282945447,basophils,URINE,0.8,MLP Regressor,BayesSearchCV,0.03949025961802967,0.0237857117290016,136.7111119948675,-1.7472123864656712
1743.345626354494,0.004570864053762738,basophils,URINE,0.8,MLP Regressor,BayesSearchCV,0.03949025961802967,0.0237857117290016,136.7111119948675,-1.7472123864656712
1735.63170765381,0.004553275817995457,basophils,URINE,0.8,MLP Regressor,BayesSearchCV,0.03949025961802967,0.0237857117290016,136.7111119948675,-1.7472123864656712
1747.202585704835,0.00441888638776906,basophils,URINE,0.8,MLP Regressor,BayesSearchCV,0.03949025961802967,0.0237857117290016,136.7111119948675,-1.7472123864656712
1608.35204909253,0.004313734868990546,basophils,URINE,0.8,MLP Regressor,BayesSearchCV,0.03949025961802967,0.0237857117290016,136.7111119948675,-1.7472123864656712
1749.131065380006,0.00427218614134413,basophils,URINE,0.8,MLP Regressor,BayesSearchCV,0.03949025961802967,0.0237857117290016,136.7111119948675,-1.7472123864656712
1691.276675124879,0.004264471301143129,basophils,URINE,0.8,MLP Regressor,BayesSearchCV,0.03949025961802967,0.0237857117290016,136.7111119948675,-1.7472123864656712
1590.995732015992,0.004145487985305144,basophils,URINE,0.8,MLP Regressor,BayesSearchCV,0.03949025961802967,0.0237857117290016,136.7111119948675,-1.7472123864656712
1079.948618095704,0.016273801933321883,basophils,URINE,0.8,MLP Regressor,BayesSearchCV,0.024340733081103887,0.018552882810869673,62.35402179992591,-0.0437093306337526
1072.23469939502,0.01602332920551177,basophils,URINE,0.8,MLP Regressor,BayesSearchCV,0.024340733081103887,0.018552882810869673,62.35402179992591,-0.0437093306337526
1089.591016471559,0.014869380911617968,basophils,URINE,0.8,MLP Regressor,BayesSearchCV,0.024340733081103887,0.018552882810869673,62.35402179992591,-0.0437093306337526
1074.163179070191,0.013432134485943745,basophils,URINE,0.8,MLP Regressor,BayesSearchCV,0.024340733081103887,0.018552882810869673,62.35402179992591,-0.0437093306337526
1093.447975821901,0.010573096735517803,basophils,URINE,0.8,MLP Regressor,BayesSearchCV,0.024340733081103887,0.018552882810869673,62.35402179992591,-0.0437093306337526
1091.51949614673,0.01046339725111515,basophils,URINE,0.8,MLP Regressor,BayesSearchCV,0.024340733081103887,0.018552882810869673,62.35402179992591,-0.0437093306337526
1174.444122179078,0.010310347131003181,basophils,URINE,0.8,MLP Regressor,BayesSearchCV,0.024340733081103887,0.018552882810869673,62.35402179992591,-0.0437093306337526
1066.449260369508,0.008965064736625644,basophils,URINE,0.8,MLP Regressor,BayesSearchCV,0.024340733081103887,0.018552882810869673,62.35402179992591,-0.0437093306337526
1078.020138420533,0.008833797724238137,basophils,URINE,0.8,MLP Regressor,BayesSearchCV,0.024340733081103887,0.018552882810869673,62.35402179992591,-0.0437093306337526
1160.944764452882,0.007963665894199222,basophils,URINE,0.8,MLP Regressor,BayesSearchCV,0.024340733081103887,0.018552882810869673,62.35402179992591,-0.0437093306337526
1018.237268490235,0.007613280930799249,basophils,URINE,0.8,MLP Regressor,BayesSearchCV,0.024340733081103887,0.018552882810869673,62.35402179992591,-0.0437093306337526
1083.805577446046,0.007460254347923254,basophils,URINE,0.8,MLP Regressor,BayesSearchCV,0.024340733081103887,0.018552882810869673,62.35402179992591,-0.0437093306337526
1008.594870114381,0.007315719835721866,basophils,URINE,0.8,MLP Regressor,BayesSearchCV,0.024340733081103887,0.018552882810869673,62.35402179992591,-0.0437093306337526
1157.08780510254,0.006830455813469848,basophils,URINE,0.8,MLP Regressor,BayesSearchCV,0.024340733081103887,0.018552882810869673,62.35402179992591,-0.0437093306337526
1425.146479951295,0.006540841721411468,basophils,URINE,0.8,MLP Regressor,BayesSearchCV,0.024340733081103887,0.018552882810869673,62.35402179992591,-0.0437093306337526
1081.877097770875,0.006537871347050266,basophils,URINE,0.8,MLP Regressor,BayesSearchCV,0.024340733081103887,0.018552882810869673,62.35402179992591,-0.0437093306337526
1099.233414847413,0.00631490459850822,basophils,URINE,0.8,MLP Regressor,BayesSearchCV,0.024340733081103887,0.018552882810869673,62.35402179992591,-0.0437093306337526
1155.159325427369,0.0061919253710323915,basophils,URINE,0.8,MLP Regressor,BayesSearchCV,0.024340733081103887,0.018552882810869673,62.35402179992591,-0.0437093306337526
1085.734057121217,0.00605576319614481,basophils,URINE,0.8,MLP Regressor,BayesSearchCV,0.024340733081103887,0.018552882810869673,62.35402179992591,-0.0437093306337526
1122.375170949464,0.005880802856294893,basophils,URINE,0.8,MLP Regressor,BayesSearchCV,0.024340733081103887,0.018552882810869673,62.35402179992591,-0.0437093306337526
1602.566610067018,0.015136517847013866,basophils,CAPILAR,0.8,Random Forest Regressor,BayesSearchCV,0.023842525314442455,0.00740098584529365,93.30687392600345,-0.06827814068978877
1641.136203570436,0.013553173767501571,basophils,CAPILAR,0.8,Random Forest Regressor,BayesSearchCV,0.023842525314442455,0.00740098584529365,93.30687392600345,-0.06827814068978877
1643.064683245607,0.010945115680065093,basophils,CAPILAR,0.8,Random Forest Regressor,BayesSearchCV,0.023842525314442455,0.00740098584529365,93.30687392600345,-0.06827814068978877
1639.207723895265,0.010625981019138503,basophils,CAPILAR,0.8,Random Forest Regressor,BayesSearchCV,0.023842525314442455,0.00740098584529365,93.30687392600345,-0.06827814068978877
1604.495089742189,0.009998314658501154,basophils,CAPILAR,0.8,Random Forest Regressor,BayesSearchCV,0.023842525314442455,0.00740098584529365,93.30687392600345,-0.06827814068978877
1600.638130391847,0.008135435417212025,basophils,CAPILAR,0.8,Random Forest Regressor,BayesSearchCV,0.023842525314442455,0.00740098584529365,93.30687392600345,-0.06827814068978877
1637.279244220094,0.0075904810087889674,basophils,CAPILAR,0.8,Random Forest Regressor,BayesSearchCV,0.023842525314442455,0.00740098584529365,93.30687392600345,-0.06827814068978877
3048.926366445193,0.007366670463054818,basophils,CAPILAR,0.8,Random Forest Regressor,BayesSearchCV,0.023842525314442455,0.00740098584529365,93.30687392600345,-0.06827814068978877
1606.42356941736,0.006693057299246246,basophils,CAPILAR,0.8,Random Forest Regressor,BayesSearchCV,0.023842525314442455,0.00740098584529365,93.30687392600345,-0.06827814068978877
1635.350764544923,0.006266012943148159,basophils,CAPILAR,0.8,Random Forest Regressor,BayesSearchCV,0.023842525314442455,0.00740098584529365,93.30687392600345,-0.06827814068978877
941.0980814833993,0.006085621594300625,basophils,CAPILAR,0.8,Random Forest Regressor,BayesSearchCV,0.023842525314442455,0.00740098584529365,93.30687392600345,-0.06827814068978877
948.812000184083,0.005903798882767527,basophils,CAPILAR,0.8,Random Forest Regressor,BayesSearchCV,0.023842525314442455,0.00740098584529365,93.30687392600345,-0.06827814068978877
950.7404798592538,0.0058453532747770225,basophils,CAPILAR,0.8,Random Forest Regressor,BayesSearchCV,0.023842525314442455,0.00740098584529365,93.30687392600345,-0.06827814068978877
1633.422284869752,0.005733178591407135,basophils,CAPILAR,0.8,Random Forest Regressor,BayesSearchCV,0.023842525314442455,0.00740098584529365,93.30687392600345,-0.06827814068978877
1631.493805194581,0.005580111703683709,basophils,CAPILAR,0.8,Random Forest Regressor,BayesSearchCV,0.023842525314442455,0.00740098584529365,93.30687392600345,-0.06827814068978877
943.0265611585701,0.005368642805264255,basophils,CAPILAR,0.8,Random Forest Regressor,BayesSearchCV,0.023842525314442455,0.00740098584529365,93.30687392600345,-0.06827814068978877
939.1696018082284,0.005330339724486151,basophils,CAPILAR,0.8,Random Forest Regressor,BayesSearchCV,0.023842525314442455,0.00740098584529365,93.30687392600345,-0.06827814068978877
1608.35204909253,0.0052196484925353245,basophils,CAPILAR,0.8,Random Forest Regressor,BayesSearchCV,0.023842525314442455,0.00740098584529365,93.30687392600345,-0.06827814068978877
1629.56532551941,0.005161643944250196,basophils,CAPILAR,0.8,Random Forest Regressor,BayesSearchCV,0.023842525314442455,0.00740098584529365,93.30687392600345,-0.06827814068978877
1644.993162920778,0.005147641014858318,basophils,CAPILAR,0.8,Random Forest Regressor,BayesSearchCV,0.023842525314442455,0.00740098584529365,93.30687392600345,-0.06827814068978877
941.0980814833993,0.14155907785348756,basophils,CAPILAR,0.8,Random Forest Regressor,BayesSearchCV,0.02282506335136946,0.006773154828710384,67.0678224342997,0.020952370458903413
1184.086520554933,0.12597882389212245,basophils,CAPILAR,0.8,Random Forest Regressor,BayesSearchCV,0.02282506335136946,0.006773154828710384,67.0678224342997,0.020952370458903413
933.3841627827155,0.07217688703729483,basophils,CAPILAR,0.8,Random Forest Regressor,BayesSearchCV,0.02282506335136946,0.006773154828710384,67.0678224342997,0.020952370458903413
3048.926366445193,0.06530774234254157,basophils,CAPILAR,0.8,Random Forest Regressor,BayesSearchCV,0.02282506335136946,0.006773154828710384,67.0678224342997,0.020952370458903413
1182.158040879762,0.042116546449419104,basophils,CAPILAR,0.8,Random Forest Regressor,BayesSearchCV,0.02282506335136946,0.006773154828710384,67.0678224342997,0.020952370458903413
943.0265611585701,0.04101491691132191,basophils,CAPILAR,0.8,Random Forest Regressor,BayesSearchCV,0.02282506335136946,0.006773154828710384,67.0678224342997,0.020952370458903413
1334.507935218263,0.027388130302362604,basophils,CAPILAR,0.8,Random Forest Regressor,BayesSearchCV,0.02282506335136946,0.006773154828710384,67.0678224342997,0.020952370458903413
1336.436414893434,0.025346794221724443,basophils,CAPILAR,0.8,Random Forest Regressor,BayesSearchCV,0.02282506335136946,0.006773154828710384,67.0678224342997,0.020952370458903413
939.1696018082284,0.024482380816375608,basophils,CAPILAR,0.8,Random Forest Regressor,BayesSearchCV,0.02282506335136946,0.006773154828710384,67.0678224342997,0.020952370458903413
1309.437699441041,0.017083903710129276,basophils,CAPILAR,0.8,Random Forest Regressor,BayesSearchCV,0.02282506335136946,0.006773154828710384,67.0678224342997,0.020952370458903413
1675.848837723512,0.012429051008481571,basophils,CAPILAR,0.8,Random Forest Regressor,BayesSearchCV,0.02282506335136946,0.006773154828710384,67.0678224342997,0.020952370458903413
1376.934488072023,0.011971116357385748,basophils,CAPILAR,0.8,Random Forest Regressor,BayesSearchCV,0.02282506335136946,0.006773154828710384,67.0678224342997,0.020952370458903413
1145.516927051515,0.010697540984334807,basophils,CAPILAR,0.8,Random Forest Regressor,BayesSearchCV,0.02282506335136946,0.006773154828710384,67.0678224342997,0.020952370458903413
1247.726349835572,0.009436288883858635,basophils,CAPILAR,0.8,Random Forest Regressor,BayesSearchCV,0.02282506335136946,0.006773154828710384,67.0678224342997,0.020952370458903413
1241.94091081006,0.009323915374082717,basophils,CAPILAR,0.8,Random Forest Regressor,BayesSearchCV,0.02282506335136946,0.006773154828710384,67.0678224342997,0.020952370458903413
1274.725065287965,0.009246131093012583,basophils,CAPILAR,0.8,Random Forest Regressor,BayesSearchCV,0.02282506335136946,0.006773154828710384,67.0678224342997,0.020952370458903413
1180.229561204591,0.007847831907027616,basophils,CAPILAR,0.8,Random Forest Regressor,BayesSearchCV,0.02282506335136946,0.006773154828710384,67.0678224342997,0.020952370458903413
962.3113579102792,0.007805422023755043,basophils,CAPILAR,0.8,Random Forest Regressor,BayesSearchCV,0.02282506335136946,0.006773154828710384,67.0678224342997,0.020952370458903413
1380.791447422364,0.007366154877646549,basophils,CAPILAR,0.8,Random Forest Regressor,BayesSearchCV,0.02282506335136946,0.006773154828710384,67.0678224342997,0.020952370458903413
944.9550408337414,0.006992260663392802,basophils,CAPILAR,0.8,Random Forest Regressor,BayesSearchCV,0.02282506335136946,0.006773154828710384,67.0678224342997,0.020952370458903413
1602.566610067018,0.015330373126404933,basophils,CAPILAR,0.8,Random Forest Regressor,BayesSearchCV,0.023784631144984643,0.007874024961331447,94.9720445987064,-0.06309647585514577
1641.136203570436,0.013569233398701901,basophils,CAPILAR,0.8,Random Forest Regressor,BayesSearchCV,0.023784631144984643,0.007874024961331447,94.9720445987064,-0.06309647585514577
1643.064683245607,0.011003968213570296,basophils,CAPILAR,0.8,Random Forest Regressor,BayesSearchCV,0.023784631144984643,0.007874024961331447,94.9720445987064,-0.06309647585514577
1639.207723895265,0.01050723098015905,basophils,CAPILAR,0.8,Random Forest Regressor,BayesSearchCV,0.023784631144984643,0.007874024961331447,94.9720445987064,-0.06309647585514577
1604.495089742189,0.010088137187565783,basophils,CAPILAR,0.8,Random Forest Regressor,BayesSearchCV,0.023784631144984643,0.007874024961331447,94.9720445987064,-0.06309647585514577
1600.638130391847,0.008285396718672828,basophils,CAPILAR,0.8,Random Forest Regressor,BayesSearchCV,0.023784631144984643,0.007874024961331447,94.9720445987064,-0.06309647585514577
1637.279244220094,0.007401530531061305,basophils,CAPILAR,0.8,Random Forest Regressor,BayesSearchCV,0.023784631144984643,0.007874024961331447,94.9720445987064,-0.06309647585514577
3048.926366445193,0.0070510402238392385,basophils,CAPILAR,0.8,Random Forest Regressor,BayesSearchCV,0.023784631144984643,0.007874024961331447,94.9720445987064,-0.06309647585514577
1606.42356941736,0.0067206846998007,basophils,CAPILAR,0.8,Random Forest Regressor,BayesSearchCV,0.023784631144984643,0.007874024961331447,94.9720445987064,-0.06309647585514577
941.0980814833993,0.006288222990528223,basophils,CAPILAR,0.8,Random Forest Regressor,BayesSearchCV,0.023784631144984643,0.007874024961331447,94.9720445987064,-0.06309647585514577
1635.350764544923,0.006098092702407377,basophils,CAPILAR,0.8,Random Forest Regressor,BayesSearchCV,0.023784631144984643,0.007874024961331447,94.9720445987064,-0.06309647585514577
948.812000184083,0.005928546454988813,basophils,CAPILAR,0.8,Random Forest Regressor,BayesSearchCV,0.023784631144984643,0.007874024961331447,94.9720445987064,-0.06309647585514577
950.7404798592538,0.005794895716842454,basophils,CAPILAR,0.8,Random Forest Regressor,BayesSearchCV,0.023784631144984643,0.007874024961331447,94.9720445987064,-0.06309647585514577
1633.422284869752,0.005619230416110201,basophils,CAPILAR,0.8,Random Forest Regressor,BayesSearchCV,0.023784631144984643,0.007874024961331447,94.9720445987064,-0.06309647585514577
943.0265611585701,0.0055789116705589415,basophils,CAPILAR,0.8,Random Forest Regressor,BayesSearchCV,0.023784631144984643,0.007874024961331447,94.9720445987064,-0.06309647585514577
1631.493805194581,0.005523622555093601,basophils,CAPILAR,0.8,Random Forest Regressor,BayesSearchCV,0.023784631144984643,0.007874024961331447,94.9720445987064,-0.06309647585514577
939.1696018082284,0.005440360681102542,basophils,CAPILAR,0.8,Random Forest Regressor,BayesSearchCV,0.023784631144984643,0.007874024961331447,94.9720445987064,-0.06309647585514577
1608.35204909253,0.005219968756930049,basophils,CAPILAR,0.8,Random Forest Regressor,BayesSearchCV,0.023784631144984643,0.007874024961331447,94.9720445987064,-0.06309647585514577
1644.993162920778,0.00518049839012187,basophils,CAPILAR,0.8,Random Forest Regressor,BayesSearchCV,0.023784631144984643,0.007874024961331447,94.9720445987064,-0.06309647585514577
1629.56532551941,0.005130938802936306,basophils,CAPILAR,0.8,Random Forest Regressor,BayesSearchCV,0.023784631144984643,0.007874024961331447,94.9720445987064,-0.06309647585514577
941.0980814833993,0.149731413136329,basophils,CAPILAR,0.8,Random Forest Regressor,BayesSearchCV,0.023058737655538026,0.006881904709779761,67.17153412254682,0.000803524214675666
1184.086520554933,0.10639662023696328,basophils,CAPILAR,0.8,Random Forest Regressor,BayesSearchCV,0.023058737655538026,0.006881904709779761,67.17153412254682,0.000803524214675666
3048.926366445193,0.06779157816508244,basophils,CAPILAR,0.8,Random Forest Regressor,BayesSearchCV,0.023058737655538026,0.006881904709779761,67.17153412254682,0.000803524214675666
1182.158040879762,0.05549440531571606,basophils,CAPILAR,0.8,Random Forest Regressor,BayesSearchCV,0.023058737655538026,0.006881904709779761,67.17153412254682,0.000803524214675666
933.3841627827155,0.04705621585097488,basophils,CAPILAR,0.8,Random Forest Regressor,BayesSearchCV,0.023058737655538026,0.006881904709779761,67.17153412254682,0.000803524214675666
943.0265611585701,0.026293834635547714,basophils,CAPILAR,0.8,Random Forest Regressor,BayesSearchCV,0.023058737655538026,0.006881904709779761,67.17153412254682,0.000803524214675666
1334.507935218263,0.023800348123418018,basophils,CAPILAR,0.8,Random Forest Regressor,BayesSearchCV,0.023058737655538026,0.006881904709779761,67.17153412254682,0.000803524214675666
1336.436414893434,0.019097973830154213,basophils,CAPILAR,0.8,Random Forest Regressor,BayesSearchCV,0.023058737655538026,0.006881904709779761,67.17153412254682,0.000803524214675666
939.1696018082284,0.016835328147500557,basophils,CAPILAR,0.8,Random Forest Regressor,BayesSearchCV,0.023058737655538026,0.006881904709779761,67.17153412254682,0.000803524214675666
1309.437699441041,0.014750791796190033,basophils,CAPILAR,0.8,Random Forest Regressor,BayesSearchCV,0.023058737655538026,0.006881904709779761,67.17153412254682,0.000803524214675666
1241.94091081006,0.014107562112041071,basophils,CAPILAR,0.8,Random Forest Regressor,BayesSearchCV,0.023058737655538026,0.006881904709779761,67.17153412254682,0.000803524214675666
1145.516927051515,0.013366354632041695,basophils,CAPILAR,0.8,Random Forest Regressor,BayesSearchCV,0.023058737655538026,0.006881904709779761,67.17153412254682,0.000803524214675666
1675.848837723512,0.012136037496304694,basophils,CAPILAR,0.8,Random Forest Regressor,BayesSearchCV,0.023058737655538026,0.006881904709779761,67.17153412254682,0.000803524214675666
1276.653544963136,0.008917940744448436,basophils,CAPILAR,0.8,Random Forest Regressor,BayesSearchCV,0.023058737655538026,0.006881904709779761,67.17153412254682,0.000803524214675666
1234.226992109376,0.008904115688480232,basophils,CAPILAR,0.8,Random Forest Regressor,BayesSearchCV,0.023058737655538026,0.006881904709779761,67.17153412254682,0.000803524214675666
1274.725065287965,0.008410182071188516,basophils,CAPILAR,0.8,Random Forest Regressor,BayesSearchCV,0.023058737655538026,0.006881904709779761,67.17153412254682,0.000803524214675666
1729.846268628297,0.008156631546877801,basophils,CAPILAR,0.8,Random Forest Regressor,BayesSearchCV,0.023058737655538026,0.006881904709779761,67.17153412254682,0.000803524214675666
1673.920358048341,0.007946673463336803,basophils,CAPILAR,0.8,Random Forest Regressor,BayesSearchCV,0.023058737655538026,0.006881904709779761,67.17153412254682,0.000803524214675666
1380.791447422364,0.007158589220785725,basophils,CAPILAR,0.8,Random Forest Regressor,BayesSearchCV,0.023058737655538026,0.006881904709779761,67.17153412254682,0.000803524214675666
1376.934488072023,0.007157125154283447,basophils,CAPILAR,0.8,Random Forest Regressor,BayesSearchCV,0.023058737655538026,0.006881904709779761,67.17153412254682,0.000803524214675666
1114.66125224878,0.0038531049287417293,basophils,PLASMA,0.8,Random Forest Regressor,BayesSearchCV,0.018659691479521175,0.008513345761402292,79.72387937976643,-0.25492591928055
1116.589731923951,0.0038223902481598028,basophils,PLASMA,0.8,Random Forest Regressor,BayesSearchCV,0.018659691479521175,0.008513345761402292,79.72387937976643,-0.25492591928055
1112.732772573609,0.003793596913366372,basophils,PLASMA,0.8,Random Forest Regressor,BayesSearchCV,0.018659691479521175,0.008513345761402292,79.72387937976643,-0.25492591928055
1041.379024592286,0.00379123631816528,basophils,PLASMA,0.8,Random Forest Regressor,BayesSearchCV,0.018659691479521175,0.008513345761402292,79.72387937976643,-0.25492591928055
1043.307504267457,0.003775004041069553,basophils,PLASMA,0.8,Random Forest Regressor,BayesSearchCV,0.018659691479521175,0.008513345761402292,79.72387937976643,-0.25492591928055
1118.518211599122,0.0037467732797395923,basophils,PLASMA,0.8,Random Forest Regressor,BayesSearchCV,0.018659691479521175,0.008513345761402292,79.72387937976643,-0.25492591928055
1045.235983942628,0.0036814609517712054,basophils,PLASMA,0.8,Random Forest Regressor,BayesSearchCV,0.018659691479521175,0.008513345761402292,79.72387937976643,-0.25492591928055
1039.450544917115,0.003676021265879641,basophils,PLASMA,0.8,Random Forest Regressor,BayesSearchCV,0.018659691479521175,0.008513345761402292,79.72387937976643,-0.25492591928055
1120.446691274293,0.0036659820468364205,basophils,PLASMA,0.8,Random Forest Regressor,BayesSearchCV,0.018659691479521175,0.008513345761402292,79.72387937976643,-0.25492591928055
1122.375170949464,0.0036029650578543256,basophils,PLASMA,0.8,Random Forest Regressor,BayesSearchCV,0.018659691479521175,0.008513345761402292,79.72387937976643,-0.25492591928055
1110.804292898438,0.0035909218314012473,basophils,PLASMA,0.8,Random Forest Regressor,BayesSearchCV,0.018659691479521175,0.008513345761402292,79.72387937976643,-0.25492591928055
1047.164463617799,0.0035836529186169335,basophils,PLASMA,0.8,Random Forest Regressor,BayesSearchCV,0.018659691479521175,0.008513345761402292,79.72387937976643,-0.25492591928055
1076.091658745362,0.003562035146201188,basophils,PLASMA,0.8,Random Forest Regressor,BayesSearchCV,0.018659691479521175,0.008513345761402292,79.72387937976643,-0.25492591928055
1124.303650624635,0.003541615708624689,basophils,PLASMA,0.8,Random Forest Regressor,BayesSearchCV,0.018659691479521175,0.008513345761402292,79.72387937976643,-0.25492591928055
1074.163179070191,0.0035299491180883335,basophils,PLASMA,0.8,Random Forest Regressor,BayesSearchCV,0.018659691479521175,0.008513345761402292,79.72387937976643,-0.25492591928055
1078.020138420533,0.0035103138649548553,basophils,PLASMA,0.8,Random Forest Regressor,BayesSearchCV,0.018659691479521175,0.008513345761402292,79.72387937976643,-0.25492591928055
1049.092943292969,0.003506912317432406,basophils,PLASMA,0.8,Random Forest Regressor,BayesSearchCV,0.018659691479521175,0.008513345761402292,79.72387937976643,-0.25492591928055
1126.232130299806,0.0034796784073438313,basophils,PLASMA,0.8,Random Forest Regressor,BayesSearchCV,0.018659691479521175,0.008513345761402292,79.72387937976643,-0.25492591928055
1037.522065241944,0.0034758192601462446,basophils,PLASMA,0.8,Random Forest Regressor,BayesSearchCV,0.018659691479521175,0.008513345761402292,79.72387937976643,-0.25492591928055
1072.23469939502,0.0034539723858697607,basophils,PLASMA,0.8,Random Forest Regressor,BayesSearchCV,0.018659691479521175,0.008513345761402292,79.72387937976643,-0.25492591928055
1122.375170949464,0.07626842889631437,basophils,PLASMA,0.8,Random Forest Regressor,BayesSearchCV,0.016704848769042924,0.007758973851155428,80.92483055289873,-0.005759789019459838
1164.801723803224,0.04612541623740414,basophils,PLASMA,0.8,Random Forest Regressor,BayesSearchCV,0.016704848769042924,0.007758973851155428,80.92483055289873,-0.005759789019459838
929.5272034323739,0.04605330415143002,basophils,PLASMA,0.8,Random Forest Regressor,BayesSearchCV,0.016704848769042924,0.007758973851155428,80.92483055289873,-0.005759789019459838
3029.641569693484,0.043277542218418515,basophils,PLASMA,0.8,Random Forest Regressor,BayesSearchCV,0.016704848769042924,0.007758973851155428,80.92483055289873,-0.005759789019459838
970.0252766109629,0.0292556619129024,basophils,PLASMA,0.8,Random Forest Regressor,BayesSearchCV,0.016704848769042924,0.007758973851155428,80.92483055289873,-0.005759789019459838
1166.730203478395,0.028742395933205697,basophils,PLASMA,0.8,Random Forest Regressor,BayesSearchCV,0.016704848769042924,0.007758973851155428,80.92483055289873,-0.005759789019459838
941.0980814833993,0.027235465382047835,basophils,PLASMA,0.8,Random Forest Regressor,BayesSearchCV,0.016704848769042924,0.007758973851155428,80.92483055289873,-0.005759789019459838
1517.713504359498,0.02594592833442589,basophils,PLASMA,0.8,Random Forest Regressor,BayesSearchCV,0.016704848769042924,0.007758973851155428,80.92483055289873,-0.005759789019459838
971.9537562861337,0.02559496766793608,basophils,PLASMA,0.8,Random Forest Regressor,BayesSearchCV,0.016704848769042924,0.007758973851155428,80.92483055289873,-0.005759789019459838
975.8107156364754,0.021648337063009303,basophils,PLASMA,0.8,Random Forest Regressor,BayesSearchCV,0.016704848769042924,0.007758973851155428,80.92483055289873,-0.005759789019459838
935.3126424578863,0.020072265375457355,basophils,PLASMA,0.8,Random Forest Regressor,BayesSearchCV,0.016704848769042924,0.007758973851155428,80.92483055289873,-0.005759789019459838
1135.87452867566,0.019792815495590952,basophils,PLASMA,0.8,Random Forest Regressor,BayesSearchCV,0.016704848769042924,0.007758973851155428,80.92483055289873,-0.005759789019459838
1120.446691274293,0.018907610875651817,basophils,PLASMA,0.8,Random Forest Regressor,BayesSearchCV,0.016704848769042924,0.007758973851155428,80.92483055289873,-0.005759789019459838
1519.641984034669,0.017578385072404484,basophils,PLASMA,0.8,Random Forest Regressor,BayesSearchCV,0.016704848769042924,0.007758973851155428,80.92483055289873,-0.005759789019459838
1535.069821436036,0.016598009310206052,basophils,PLASMA,0.8,Random Forest Regressor,BayesSearchCV,0.016704848769042924,0.007758973851155428,80.92483055289873,-0.005759789019459838
977.7391953116462,0.016322244385265635,basophils,PLASMA,0.8,Random Forest Regressor,BayesSearchCV,0.016704848769042924,0.007758973851155428,80.92483055289873,-0.005759789019459838
3035.427008718997,0.014453351258720945,basophils,PLASMA,0.8,Random Forest Regressor,BayesSearchCV,0.016704848769042924,0.007758973851155428,80.92483055289873,-0.005759789019459838
968.0967969357921,0.013261264922547663,basophils,PLASMA,0.8,Random Forest Regressor,BayesSearchCV,0.016704848769042924,0.007758973851155428,80.92483055289873,-0.005759789019459838
1758.773463755861,0.013102733528568448,basophils,PLASMA,0.8,Random Forest Regressor,BayesSearchCV,0.016704848769042924,0.007758973851155428,80.92483055289873,-0.005759789019459838
3037.355488394167,0.013094150595899367,basophils,PLASMA,0.8,Random Forest Regressor,BayesSearchCV,0.016704848769042924,0.007758973851155428,80.92483055289873,-0.005759789019459838
1043.307504267457,0.004364053713124733,basophils,PLASMA,0.8,Random Forest Regressor,BayesSearchCV,0.018623730344723304,0.00853602831736928,79.97771841549931,-0.250093569924825
1041.379024592286,0.0043629016454168265,basophils,PLASMA,0.8,Random Forest Regressor,BayesSearchCV,0.018623730344723304,0.00853602831736928,79.97771841549931,-0.250093569924825
1045.235983942628,0.004274106780261417,basophils,PLASMA,0.8,Random Forest Regressor,BayesSearchCV,0.018623730344723304,0.00853602831736928,79.97771841549931,-0.250093569924825
1114.66125224878,0.004238610535465873,basophils,PLASMA,0.8,Random Forest Regressor,BayesSearchCV,0.018623730344723304,0.00853602831736928,79.97771841549931,-0.250093569924825
1039.450544917115,0.004222084530556808,basophils,PLASMA,0.8,Random Forest Regressor,BayesSearchCV,0.018623730344723304,0.00853602831736928,79.97771841549931,-0.250093569924825
1112.732772573609,0.004189943034334687,basophils,PLASMA,0.8,Random Forest Regressor,BayesSearchCV,0.018623730344723304,0.00853602831736928,79.97771841549931,-0.250093569924825
1116.589731923951,0.0041881922748204575,basophils,PLASMA,0.8,Random Forest Regressor,BayesSearchCV,0.018623730344723304,0.00853602831736928,79.97771841549931,-0.250093569924825
1047.164463617799,0.004172927836467309,basophils,PLASMA,0.8,Random Forest Regressor,BayesSearchCV,0.018623730344723304,0.00853602831736928,79.97771841549931,-0.250093569924825
1049.092943292969,0.004089529464575115,basophils,PLASMA,0.8,Random Forest Regressor,BayesSearchCV,0.018623730344723304,0.00853602831736928,79.97771841549931,-0.250093569924825
1118.518211599122,0.004086205333688234,basophils,PLASMA,0.8,Random Forest Regressor,BayesSearchCV,0.018623730344723304,0.00853602831736928,79.97771841549931,-0.250093569924825
1037.522065241944,0.003998816870738127,basophils,PLASMA,0.8,Random Forest Regressor,BayesSearchCV,0.018623730344723304,0.00853602831736928,79.97771841549931,-0.250093569924825
1051.021422968141,0.003995246040022161,basophils,PLASMA,0.8,Random Forest Regressor,BayesSearchCV,0.018623730344723304,0.00853602831736928,79.97771841549931,-0.250093569924825
1120.446691274293,0.003984404857675496,basophils,PLASMA,0.8,Random Forest Regressor,BayesSearchCV,0.018623730344723304,0.00853602831736928,79.97771841549931,-0.250093569924825
1110.804292898438,0.003980337083943628,basophils,PLASMA,0.8,Random Forest Regressor,BayesSearchCV,0.018623730344723304,0.00853602831736928,79.97771841549931,-0.250093569924825
1076.091658745362,0.003913107845451096,basophils,PLASMA,0.8,Random Forest Regressor,BayesSearchCV,0.018623730344723304,0.00853602831736928,79.97771841549931,-0.250093569924825
1122.375170949464,0.003902401263626905,basophils,PLASMA,0.8,Random Forest Regressor,BayesSearchCV,0.018623730344723304,0.00853602831736928,79.97771841549931,-0.250093569924825
1078.020138420533,0.0038839333445745373,basophils,PLASMA,0.8,Random Forest Regressor,BayesSearchCV,0.018623730344723304,0.00853602831736928,79.97771841549931,-0.250093569924825
1074.163179070191,0.0038660101855695966,basophils,PLASMA,0.8,Random Forest Regressor,BayesSearchCV,0.018623730344723304,0.00853602831736928,79.97771841549931,-0.250093569924825
1052.949902643312,0.0038422644518983826,basophils,PLASMA,0.8,Random Forest Regressor,BayesSearchCV,0.018623730344723304,0.00853602831736928,79.97771841549931,-0.250093569924825
1124.303650624635,0.0038114032603966414,basophils,PLASMA,0.8,Random Forest Regressor,BayesSearchCV,0.018623730344723304,0.00853602831736928,79.97771841549931,-0.250093569924825
1122.375170949464,0.09493112021256998,basophils,PLASMA,0.8,Random Forest Regressor,BayesSearchCV,0.01669050954162794,0.007639304938162768,80.43539471373103,-0.004033867547534875
1164.801723803224,0.07772986810377364,basophils,PLASMA,0.8,Random Forest Regressor,BayesSearchCV,0.01669050954162794,0.007639304938162768,80.43539471373103,-0.004033867547534875
975.8107156364754,0.03574380733835304,basophils,PLASMA,0.8,Random Forest Regressor,BayesSearchCV,0.01669050954162794,0.007639304938162768,80.43539471373103,-0.004033867547534875
941.0980814833993,0.033627654973888886,basophils,PLASMA,0.8,Random Forest Regressor,BayesSearchCV,0.01669050954162794,0.007639304938162768,80.43539471373103,-0.004033867547534875
1120.446691274293,0.031862825734894726,basophils,PLASMA,0.8,Random Forest Regressor,BayesSearchCV,0.01669050954162794,0.007639304938162768,80.43539471373103,-0.004033867547534875
971.9537562861337,0.029713929551544564,basophils,PLASMA,0.8,Random Forest Regressor,BayesSearchCV,0.01669050954162794,0.007639304938162768,80.43539471373103,-0.004033867547534875
929.5272034323739,0.028571330988522964,basophils,PLASMA,0.8,Random Forest Regressor,BayesSearchCV,0.01669050954162794,0.007639304938162768,80.43539471373103,-0.004033867547534875
3029.641569693484,0.026452912871329805,basophils,PLASMA,0.8,Random Forest Regressor,BayesSearchCV,0.01669050954162794,0.007639304938162768,80.43539471373103,-0.004033867547534875
970.0252766109629,0.02466697606504232,basophils,PLASMA,0.8,Random Forest Regressor,BayesSearchCV,0.01669050954162794,0.007639304938162768,80.43539471373103,-0.004033867547534875
1519.641984034669,0.022212493801805528,basophils,PLASMA,0.8,Random Forest Regressor,BayesSearchCV,0.01669050954162794,0.007639304938162768,80.43539471373103,-0.004033867547534875
3037.355488394167,0.022066068596793373,basophils,PLASMA,0.8,Random Forest Regressor,BayesSearchCV,0.01669050954162794,0.007639304938162768,80.43539471373103,-0.004033867547534875
1014.380309139893,0.020681461549374117,basophils,PLASMA,0.8,Random Forest Regressor,BayesSearchCV,0.01669050954162794,0.007639304938162768,80.43539471373103,-0.004033867547534875
1166.730203478395,0.01877409492381155,basophils,PLASMA,0.8,Random Forest Regressor,BayesSearchCV,0.01669050954162794,0.007639304938162768,80.43539471373103,-0.004033867547534875
1521.57046370984,0.01874586491073758,basophils,PLASMA,0.8,Random Forest Regressor,BayesSearchCV,0.01669050954162794,0.007639304938162768,80.43539471373103,-0.004033867547534875
977.7391953116462,0.01845093902504335,basophils,PLASMA,0.8,Random Forest Regressor,BayesSearchCV,0.01669050954162794,0.007639304938162768,80.43539471373103,-0.004033867547534875
2751.940496468874,0.018325675384646602,basophils,PLASMA,0.8,Random Forest Regressor,BayesSearchCV,0.01669050954162794,0.007639304938162768,80.43539471373103,-0.004033867547534875
1126.232130299806,0.017819364833242587,basophils,PLASMA,0.8,Random Forest Regressor,BayesSearchCV,0.01669050954162794,0.007639304938162768,80.43539471373103,-0.004033867547534875
1128.160609974977,0.017270799544872147,basophils,PLASMA,0.8,Random Forest Regressor,BayesSearchCV,0.01669050954162794,0.007639304938162768,80.43539471373103,-0.004033867547534875
1135.87452867566,0.01670413639265522,basophils,PLASMA,0.8,Random Forest Regressor,BayesSearchCV,0.01669050954162794,0.007639304938162768,80.43539471373103,-0.004033867547534875
3018.070691642458,0.01620105182496214,basophils,PLASMA,0.8,Random Forest Regressor,BayesSearchCV,0.01669050954162794,0.007639304938162768,80.43539471373103,-0.004033867547534875
958.4543985599371,0.009177723022668435,basophils,SALIVA,0.8,Random Forest Regressor,BayesSearchCV,0.017626564142460926,0.008685263126074247,84.04669461034115,-0.03175325067406254
956.5259188847667,0.008318769929519739,basophils,SALIVA,0.8,Random Forest Regressor,BayesSearchCV,0.017626564142460926,0.008685263126074247,84.04669461034115,-0.03175325067406254
960.3828782351084,0.008268422175309714,basophils,SALIVA,0.8,Random Forest Regressor,BayesSearchCV,0.017626564142460926,0.008685263126074247,84.04669461034115,-0.03175325067406254
954.5974392095954,0.006678436577964135,basophils,SALIVA,0.8,Random Forest Regressor,BayesSearchCV,0.017626564142460926,0.008685263126074247,84.04669461034115,-0.03175325067406254
962.3113579102792,0.006456822914181379,basophils,SALIVA,0.8,Random Forest Regressor,BayesSearchCV,0.017626564142460926,0.008685263126074247,84.04669461034115,-0.03175325067406254
952.6689595344246,0.005544818222893511,basophils,SALIVA,0.8,Random Forest Regressor,BayesSearchCV,0.017626564142460926,0.008685263126074247,84.04669461034115,-0.03175325067406254
941.0980814833993,0.0053172694167075134,basophils,SALIVA,0.8,Random Forest Regressor,BayesSearchCV,0.017626564142460926,0.008685263126074247,84.04669461034115,-0.03175325067406254
939.1696018082284,0.005216092498273278,basophils,SALIVA,0.8,Random Forest Regressor,BayesSearchCV,0.017626564142460926,0.008685263126074247,84.04669461034115,-0.03175325067406254
943.0265611585701,0.005188551829029136,basophils,SALIVA,0.8,Random Forest Regressor,BayesSearchCV,0.017626564142460926,0.008685263126074247,84.04669461034115,-0.03175325067406254
944.9550408337414,0.0051515422384436635,basophils,SALIVA,0.8,Random Forest Regressor,BayesSearchCV,0.017626564142460926,0.008685263126074247,84.04669461034115,-0.03175325067406254
946.8835205089117,0.005060391433784416,basophils,SALIVA,0.8,Random Forest Regressor,BayesSearchCV,0.017626564142460926,0.008685263126074247,84.04669461034115,-0.03175325067406254
937.2411221330576,0.004979572433953853,basophils,SALIVA,0.8,Random Forest Regressor,BayesSearchCV,0.017626564142460926,0.008685263126074247,84.04669461034115,-0.03175325067406254
950.7404798592538,0.004874203575840568,basophils,SALIVA,0.8,Random Forest Regressor,BayesSearchCV,0.017626564142460926,0.008685263126074247,84.04669461034115,-0.03175325067406254
948.812000184083,0.004774514853316094,basophils,SALIVA,0.8,Random Forest Regressor,BayesSearchCV,0.017626564142460926,0.008685263126074247,84.04669461034115,-0.03175325067406254
935.3126424578863,0.004685223730209489,basophils,SALIVA,0.8,Random Forest Regressor,BayesSearchCV,0.017626564142460926,0.008685263126074247,84.04669461034115,-0.03175325067406254
964.23983758545,0.00462833637935342,basophils,SALIVA,0.8,Random Forest Regressor,BayesSearchCV,0.017626564142460926,0.008685263126074247,84.04669461034115,-0.03175325067406254
1716.346910902101,0.00422872784861343,basophils,SALIVA,0.8,Random Forest Regressor,BayesSearchCV,0.017626564142460926,0.008685263126074247,84.04669461034115,-0.03175325067406254
1714.41843122693,0.004141870151333859,basophils,SALIVA,0.8,Random Forest Regressor,BayesSearchCV,0.017626564142460926,0.008685263126074247,84.04669461034115,-0.03175325067406254
1718.275390577272,0.004100592202110837,basophils,SALIVA,0.8,Random Forest Regressor,BayesSearchCV,0.017626564142460926,0.008685263126074247,84.04669461034115,-0.03175325067406254
933.3841627827155,0.004031460011827706,basophils,SALIVA,0.8,Random Forest Regressor,BayesSearchCV,0.017626564142460926,0.008685263126074247,84.04669461034115,-0.03175325067406254
929.5272034323739,0.24829508025384944,basophils,SALIVA,0.8,Random Forest Regressor,BayesSearchCV,0.017466908568650012,0.008823939559217245,77.6432254421838,-0.013147339390063184
958.4543985599371,0.07547679324128702,basophils,SALIVA,0.8,Random Forest Regressor,BayesSearchCV,0.017466908568650012,0.008823939559217245,77.6432254421838,-0.013147339390063184
941.0980814833993,0.035592282968670216,basophils,SALIVA,0.8,Random Forest Regressor,BayesSearchCV,0.017466908568650012,0.008823939559217245,77.6432254421838,-0.013147339390063184
1268.939626262452,0.03436738427123349,basophils,SALIVA,0.8,Random Forest Regressor,BayesSearchCV,0.017466908568650012,0.008823939559217245,77.6432254421838,-0.013147339390063184
2674.801309462038,0.033101949732479735,basophils,SALIVA,0.8,Random Forest Regressor,BayesSearchCV,0.017466908568650012,0.008823939559217245,77.6432254421838,-0.013147339390063184
956.5259188847667,0.029520854604541735,basophils,SALIVA,0.8,Random Forest Regressor,BayesSearchCV,0.017466908568650012,0.008823939559217245,77.6432254421838,-0.013147339390063184
935.3126424578863,0.023310392700665,basophils,SALIVA,0.8,Random Forest Regressor,BayesSearchCV,0.017466908568650012,0.008823939559217245,77.6432254421838,-0.013147339390063184
954.5974392095954,0.021795796550413006,basophils,SALIVA,0.8,Random Forest Regressor,BayesSearchCV,0.017466908568650012,0.008823939559217245,77.6432254421838,-0.013147339390063184
1068.377740044679,0.02078047652054201,basophils,SALIVA,0.8,Random Forest Regressor,BayesSearchCV,0.017466908568650012,0.008823939559217245,77.6432254421838,-0.013147339390063184
1066.449260369508,0.019501212332845175,basophils,SALIVA,0.8,Random Forest Regressor,BayesSearchCV,0.017466908568650012,0.008823939559217245,77.6432254421838,-0.013147339390063184
1126.232130299806,0.018567846423403794,basophils,SALIVA,0.8,Random Forest Regressor,BayesSearchCV,0.017466908568650012,0.008823939559217245,77.6432254421838,-0.013147339390063184
943.0265611585701,0.014865881660243531,basophils,SALIVA,0.8,Random Forest Regressor,BayesSearchCV,0.017466908568650012,0.008823939559217245,77.6432254421838,-0.013147339390063184
2703.728504589601,0.014699780993608656,basophils,SALIVA,0.8,Random Forest Regressor,BayesSearchCV,0.017466908568650012,0.008823939559217245,77.6432254421838,-0.013147339390063184
1270.868105937623,0.01306983358210682,basophils,SALIVA,0.8,Random Forest Regressor,BayesSearchCV,0.017466908568650012,0.008823939559217245,77.6432254421838,-0.013147339390063184
931.4556831075452,0.012075173792120331,basophils,SALIVA,0.8,Random Forest Regressor,BayesSearchCV,0.017466908568650012,0.008823939559217245,77.6432254421838,-0.013147339390063184
968.0967969357921,0.010901314537695545,basophils,SALIVA,0.8,Random Forest Regressor,BayesSearchCV,0.017466908568650012,0.008823939559217245,77.6432254421838,-0.013147339390063184
1741.417146679323,0.0107085813664475,basophils,SALIVA,0.8,Random Forest Regressor,BayesSearchCV,0.017466908568650012,0.008823939559217245,77.6432254421838,-0.013147339390063184
1043.307504267457,0.010422185565995024,basophils,SALIVA,0.8,Random Forest Regressor,BayesSearchCV,0.017466908568650012,0.008823939559217245,77.6432254421838,-0.013147339390063184
933.3841627827155,0.008967388531714303,basophils,SALIVA,0.8,Random Forest Regressor,BayesSearchCV,0.017466908568650012,0.008823939559217245,77.6432254421838,-0.013147339390063184
1078.020138420533,0.008770784691054837,basophils,SALIVA,0.8,Random Forest Regressor,BayesSearchCV,0.017466908568650012,0.008823939559217245,77.6432254421838,-0.013147339390063184
958.4543985599371,0.00854984863854204,basophils,SALIVA,0.8,Random Forest Regressor,BayesSearchCV,0.01775278922019981,0.008796594299268469,83.72511000134124,-0.04658307656406291
960.3828782351084,0.007463453571029173,basophils,SALIVA,0.8,Random Forest Regressor,BayesSearchCV,0.01775278922019981,0.008796594299268469,83.72511000134124,-0.04658307656406291
956.5259188847667,0.007303500054679942,basophils,SALIVA,0.8,Random Forest Regressor,BayesSearchCV,0.01775278922019981,0.008796594299268469,83.72511000134124,-0.04658307656406291
962.3113579102792,0.005306655168993795,basophils,SALIVA,0.8,Random Forest Regressor,BayesSearchCV,0.01775278922019981,0.008796594299268469,83.72511000134124,-0.04658307656406291
954.5974392095954,0.005247361915201635,basophils,SALIVA,0.8,Random Forest Regressor,BayesSearchCV,0.01775278922019981,0.008796594299268469,83.72511000134124,-0.04658307656406291
941.0980814833993,0.004531864257979715,basophils,SALIVA,0.8,Random Forest Regressor,BayesSearchCV,0.01775278922019981,0.008796594299268469,83.72511000134124,-0.04658307656406291
943.0265611585701,0.004342784607543061,basophils,SALIVA,0.8,Random Forest Regressor,BayesSearchCV,0.01775278922019981,0.008796594299268469,83.72511000134124,-0.04658307656406291
1716.346910902101,0.004314601883958601,basophils,SALIVA,0.8,Random Forest Regressor,BayesSearchCV,0.01775278922019981,0.008796594299268469,83.72511000134124,-0.04658307656406291
939.1696018082284,0.004287416918396937,basophils,SALIVA,0.8,Random Forest Regressor,BayesSearchCV,0.01775278922019981,0.008796594299268469,83.72511000134124,-0.04658307656406291
1718.275390577272,0.004268555090084035,basophils,SALIVA,0.8,Random Forest Regressor,BayesSearchCV,0.01775278922019981,0.008796594299268469,83.72511000134124,-0.04658307656406291
1714.41843122693,0.004268482134447467,basophils,SALIVA,0.8,Random Forest Regressor,BayesSearchCV,0.01775278922019981,0.008796594299268469,83.72511000134124,-0.04658307656406291
944.9550408337414,0.004142837850703331,basophils,SALIVA,0.8,Random Forest Regressor,BayesSearchCV,0.01775278922019981,0.008796594299268469,83.72511000134124,-0.04658307656406291
937.2411221330576,0.004085724193364611,basophils,SALIVA,0.8,Random Forest Regressor,BayesSearchCV,0.01775278922019981,0.008796594299268469,83.72511000134124,-0.04658307656406291
935.3126424578863,0.0040573396596776555,basophils,SALIVA,0.8,Random Forest Regressor,BayesSearchCV,0.01775278922019981,0.008796594299268469,83.72511000134124,-0.04658307656406291
1712.489951551759,0.0039952997545264195,basophils,SALIVA,0.8,Random Forest Regressor,BayesSearchCV,0.01775278922019981,0.008796594299268469,83.72511000134124,-0.04658307656406291
952.6689595344246,0.0038674248395475746,basophils,SALIVA,0.8,Random Forest Regressor,BayesSearchCV,0.01775278922019981,0.008796594299268469,83.72511000134124,-0.04658307656406291
1720.203870252443,0.0038548948574523684,basophils,SALIVA,0.8,Random Forest Regressor,BayesSearchCV,0.01775278922019981,0.008796594299268469,83.72511000134124,-0.04658307656406291
946.8835205089117,0.003833731860495556,basophils,SALIVA,0.8,Random Forest Regressor,BayesSearchCV,0.01775278922019981,0.008796594299268469,83.72511000134124,-0.04658307656406291
964.23983758545,0.0035206020387414743,basophils,SALIVA,0.8,Random Forest Regressor,BayesSearchCV,0.01775278922019981,0.008796594299268469,83.72511000134124,-0.04658307656406291
2836.793602176394,0.0035123402622735576,basophils,SALIVA,0.8,Random Forest Regressor,BayesSearchCV,0.01775278922019981,0.008796594299268469,83.72511000134124,-0.04658307656406291
929.5272034323739,0.24507059653637572,basophils,SALIVA,0.8,Random Forest Regressor,BayesSearchCV,0.017446970658010815,0.008800993413770967,77.67002022476291,-0.010835709694255735
958.4543985599371,0.07392879360344269,basophils,SALIVA,0.8,Random Forest Regressor,BayesSearchCV,0.017446970658010815,0.008800993413770967,77.67002022476291,-0.010835709694255735
941.0980814833993,0.037464008858301895,basophils,SALIVA,0.8,Random Forest Regressor,BayesSearchCV,0.017446970658010815,0.008800993413770967,77.67002022476291,-0.010835709694255735
1268.939626262452,0.035146914355216975,basophils,SALIVA,0.8,Random Forest Regressor,BayesSearchCV,0.017446970658010815,0.008800993413770967,77.67002022476291,-0.010835709694255735
2674.801309462038,0.03165805303389548,basophils,SALIVA,0.8,Random Forest Regressor,BayesSearchCV,0.017446970658010815,0.008800993413770967,77.67002022476291,-0.010835709694255735
956.5259188847667,0.024682189766381223,basophils,SALIVA,0.8,Random Forest Regressor,BayesSearchCV,0.017446970658010815,0.008800993413770967,77.67002022476291,-0.010835709694255735
954.5974392095954,0.02294294373727685,basophils,SALIVA,0.8,Random Forest Regressor,BayesSearchCV,0.017446970658010815,0.008800993413770967,77.67002022476291,-0.010835709694255735
1068.377740044679,0.021874185811096854,basophils,SALIVA,0.8,Random Forest Regressor,BayesSearchCV,0.017446970658010815,0.008800993413770967,77.67002022476291,-0.010835709694255735
1066.449260369508,0.020225460509065908,basophils,SALIVA,0.8,Random Forest Regressor,BayesSearchCV,0.017446970658010815,0.008800993413770967,77.67002022476291,-0.010835709694255735
935.3126424578863,0.02008656705718464,basophils,SALIVA,0.8,Random Forest Regressor,BayesSearchCV,0.017446970658010815,0.008800993413770967,77.67002022476291,-0.010835709694255735
1126.232130299806,0.019545101498319783,basophils,SALIVA,0.8,Random Forest Regressor,BayesSearchCV,0.017446970658010815,0.008800993413770967,77.67002022476291,-0.010835709694255735
943.0265611585701,0.015648296484466875,basophils,SALIVA,0.8,Random Forest Regressor,BayesSearchCV,0.017446970658010815,0.008800993413770967,77.67002022476291,-0.010835709694255735
1270.868105937623,0.013667351950474737,basophils,SALIVA,0.8,Random Forest Regressor,BayesSearchCV,0.017446970658010815,0.008800993413770967,77.67002022476291,-0.010835709694255735
931.4556831075452,0.012710709254863506,basophils,SALIVA,0.8,Random Forest Regressor,BayesSearchCV,0.017446970658010815,0.008800993413770967,77.67002022476291,-0.010835709694255735
2703.728504589601,0.012522951243701768,basophils,SALIVA,0.8,Random Forest Regressor,BayesSearchCV,0.017446970658010815,0.008800993413770967,77.67002022476291,-0.010835709694255735
968.0967969357921,0.011475067934416362,basophils,SALIVA,0.8,Random Forest Regressor,BayesSearchCV,0.017446970658010815,0.008800993413770967,77.67002022476291,-0.010835709694255735
1741.417146679323,0.011272190912050001,basophils,SALIVA,0.8,Random Forest Regressor,BayesSearchCV,0.017446970658010815,0.008800993413770967,77.67002022476291,-0.010835709694255735
1043.307504267457,0.010582256007373225,basophils,SALIVA,0.8,Random Forest Regressor,BayesSearchCV,0.017446970658010815,0.008800993413770967,77.67002022476291,-0.010835709694255735
933.3841627827155,0.00943935634917295,basophils,SALIVA,0.8,Random Forest Regressor,BayesSearchCV,0.017446970658010815,0.008800993413770967,77.67002022476291,-0.010835709694255735
1078.020138420533,0.00923240493795246,basophils,SALIVA,0.8,Random Forest Regressor,BayesSearchCV,0.017446970658010815,0.008800993413770967,77.67002022476291,-0.010835709694255735
1592.924211691163,0.004744198005059548,basophils,SERUM,0.8,Random Forest Regressor,BayesSearchCV,0.01751038634056954,0.007510707566183028,64.48548750160842,-0.16694055107898853
1594.852691366334,0.0047350708263840646,basophils,SERUM,0.8,Random Forest Regressor,BayesSearchCV,0.01751038634056954,0.007510707566183028,64.48548750160842,-0.16694055107898853
1590.995732015992,0.0046135574037075525,basophils,SERUM,0.8,Random Forest Regressor,BayesSearchCV,0.01751038634056954,0.007510707566183028,64.48548750160842,-0.16694055107898853
1596.781171041505,0.004608852649282856,basophils,SERUM,0.8,Random Forest Regressor,BayesSearchCV,0.01751038634056954,0.007510707566183028,64.48548750160842,-0.16694055107898853
1598.709650716676,0.004420576952799138,basophils,SERUM,0.8,Random Forest Regressor,BayesSearchCV,0.01751038634056954,0.007510707566183028,64.48548750160842,-0.16694055107898853
1589.067252340822,0.0043425750604196706,basophils,SERUM,0.8,Random Forest Regressor,BayesSearchCV,0.01751038634056954,0.007510707566183028,64.48548750160842,-0.16694055107898853
1600.638130391847,0.0041856652678415734,basophils,SERUM,0.8,Random Forest Regressor,BayesSearchCV,0.01751038634056954,0.007510707566183028,64.48548750160842,-0.16694055107898853
1587.138772665651,0.004037988737657851,basophils,SERUM,0.8,Random Forest Regressor,BayesSearchCV,0.01751038634056954,0.007510707566183028,64.48548750160842,-0.16694055107898853
1602.566610067018,0.003931243171112273,basophils,SERUM,0.8,Random Forest Regressor,BayesSearchCV,0.01751038634056954,0.007510707566183028,64.48548750160842,-0.16694055107898853
933.3841627827155,0.003853128760312805,basophils,SERUM,0.8,Random Forest Regressor,BayesSearchCV,0.01751038634056954,0.007510707566183028,64.48548750160842,-0.16694055107898853
935.3126424578863,0.003852178450138726,basophils,SERUM,0.8,Random Forest Regressor,BayesSearchCV,0.01751038634056954,0.007510707566183028,64.48548750160842,-0.16694055107898853
1604.495089742189,0.003671592618026801,basophils,SERUM,0.8,Random Forest Regressor,BayesSearchCV,0.01751038634056954,0.007510707566183028,64.48548750160842,-0.16694055107898853
931.4556831075452,0.003607982367085738,basophils,SERUM,0.8,Random Forest Regressor,BayesSearchCV,0.01751038634056954,0.007510707566183028,64.48548750160842,-0.16694055107898853
937.2411221330576,0.003598081446212645,basophils,SERUM,0.8,Random Forest Regressor,BayesSearchCV,0.01751038634056954,0.007510707566183028,64.48548750160842,-0.16694055107898853
1585.21029299048,0.003587173559801056,basophils,SERUM,0.8,Random Forest Regressor,BayesSearchCV,0.01751038634056954,0.007510707566183028,64.48548750160842,-0.16694055107898853
1718.275390577272,0.0034387857112608616,basophils,SERUM,0.8,Random Forest Regressor,BayesSearchCV,0.01751038634056954,0.007510707566183028,64.48548750160842,-0.16694055107898853
1606.42356941736,0.003437606473652197,basophils,SERUM,0.8,Random Forest Regressor,BayesSearchCV,0.01751038634056954,0.007510707566183028,64.48548750160842,-0.16694055107898853
1481.072390531251,0.003345519519139063,basophils,SERUM,0.8,Random Forest Regressor,BayesSearchCV,0.01751038634056954,0.007510707566183028,64.48548750160842,-0.16694055107898853
1483.000870206422,0.0033358803538288445,basophils,SERUM,0.8,Random Forest Regressor,BayesSearchCV,0.01751038634056954,0.007510707566183028,64.48548750160842,-0.16694055107898853
929.5272034323739,0.0032779162406271194,basophils,SERUM,0.8,Random Forest Regressor,BayesSearchCV,0.01751038634056954,0.007510707566183028,64.48548750160842,-0.16694055107898853
1164.801723803224,0.07770630222533845,basophils,SERUM,0.8,Random Forest Regressor,BayesSearchCV,0.01630408560359203,0.008112469903306269,51.716639028784314,-0.011696317294983105
1685.491236099367,0.06197375085309629,basophils,SERUM,0.8,Random Forest Regressor,BayesSearchCV,0.01630408560359203,0.008112469903306269,51.716639028784314,-0.011696317294983105
1166.730203478395,0.05570821121813206,basophils,SERUM,0.8,Random Forest Regressor,BayesSearchCV,0.01630408560359203,0.008112469903306269,51.716639028784314,-0.011696317294983105
981.5961546619883,0.04466059272457459,basophils,SERUM,0.8,Random Forest Regressor,BayesSearchCV,0.01630408560359203,0.008112469903306269,51.716639028784314,-0.011696317294983105
1531.212862085695,0.027048829953907734,basophils,SERUM,0.8,Random Forest Regressor,BayesSearchCV,0.01630408560359203,0.008112469903306269,51.716639028784314,-0.011696317294983105
1130.089089650148,0.023686974625891043,basophils,SERUM,0.8,Random Forest Regressor,BayesSearchCV,0.01630408560359203,0.008112469903306269,51.716639028784314,-0.011696317294983105
2711.442423290285,0.023550493938068875,basophils,SERUM,0.8,Random Forest Regressor,BayesSearchCV,0.01630408560359203,0.008112469903306269,51.716639028784314,-0.011696317294983105
987.3815936875008,0.020497773651976442,basophils,SERUM,0.8,Random Forest Regressor,BayesSearchCV,0.01630408560359203,0.008112469903306269,51.716639028784314,-0.011696317294983105
979.6676749868175,0.01818865571967836,basophils,SERUM,0.8,Random Forest Regressor,BayesSearchCV,0.01630408560359203,0.008112469903306269,51.716639028784314,-0.011696317294983105
1594.852691366334,0.017633771546302156,basophils,SERUM,0.8,Random Forest Regressor,BayesSearchCV,0.01630408560359203,0.008112469903306269,51.716639028784314,-0.011696317294983105
1687.419715774538,0.015492455021184865,basophils,SERUM,0.8,Random Forest Regressor,BayesSearchCV,0.01630408560359203,0.008112469903306269,51.716639028784314,-0.011696317294983105
991.2385530378428,0.013459626768570277,basophils,SERUM,0.8,Random Forest Regressor,BayesSearchCV,0.01630408560359203,0.008112469903306269,51.716639028784314,-0.011696317294983105
944.9550408337414,0.012271403954538919,basophils,SERUM,0.8,Random Forest Regressor,BayesSearchCV,0.01630408560359203,0.008112469903306269,51.716639028784314,-0.011696317294983105
1483.000870206422,0.012058290971596662,basophils,SERUM,0.8,Random Forest Regressor,BayesSearchCV,0.01630408560359203,0.008112469903306269,51.716639028784314,-0.011696317294983105
1118.518211599122,0.010799369276087756,basophils,SERUM,0.8,Random Forest Regressor,BayesSearchCV,0.01630408560359203,0.008112469903306269,51.716639028784314,-0.011696317294983105
1587.138772665651,0.010579618269828775,basophils,SERUM,0.8,Random Forest Regressor,BayesSearchCV,0.01630408560359203,0.008112469903306269,51.716639028784314,-0.011696317294983105
2713.370902965456,0.01030516483394759,basophils,SERUM,0.8,Random Forest Regressor,BayesSearchCV,0.01630408560359203,0.008112469903306269,51.716639028784314,-0.011696317294983105
1508.071105983644,0.009903088223646175,basophils,SERUM,0.8,Random Forest Regressor,BayesSearchCV,0.01630408560359203,0.008112469903306269,51.716639028784314,-0.011696317294983105
1255.440268536256,0.00963100460162864,basophils,SERUM,0.8,Random Forest Regressor,BayesSearchCV,0.01630408560359203,0.008112469903306269,51.716639028784314,-0.011696317294983105
1126.232130299806,0.009137284368408313,basophils,SERUM,0.8,Random Forest Regressor,BayesSearchCV,0.01630408560359203,0.008112469903306269,51.716639028784314,-0.011696317294983105
1590.995732015992,0.007096693968635903,basophils,SERUM,0.8,Random Forest Regressor,BayesSearchCV,0.018953157218443074,0.007761593253968255,61.26994708994709,-0.36716334366135395
1589.067252340822,0.007034164597145337,basophils,SERUM,0.8,Random Forest Regressor,BayesSearchCV,0.018953157218443074,0.007761593253968255,61.26994708994709,-0.36716334366135395
1592.924211691163,0.006988946991039558,basophils,SERUM,0.8,Random Forest Regressor,BayesSearchCV,0.018953157218443074,0.007761593253968255,61.26994708994709,-0.36716334366135395
1587.138772665651,0.006910667418216777,basophils,SERUM,0.8,Random Forest Regressor,BayesSearchCV,0.018953157218443074,0.007761593253968255,61.26994708994709,-0.36716334366135395
1594.852691366334,0.0067293070838678306,basophils,SERUM,0.8,Random Forest Regressor,BayesSearchCV,0.018953157218443074,0.007761593253968255,61.26994708994709,-0.36716334366135395
1585.21029299048,0.0064905178732292245,basophils,SERUM,0.8,Random Forest Regressor,BayesSearchCV,0.018953157218443074,0.007761593253968255,61.26994708994709,-0.36716334366135395
1596.781171041505,0.006359839639006107,basophils,SERUM,0.8,Random Forest Regressor,BayesSearchCV,0.018953157218443074,0.007761593253968255,61.26994708994709,-0.36716334366135395
1598.709650716676,0.005973291932162653,basophils,SERUM,0.8,Random Forest Regressor,BayesSearchCV,0.018953157218443074,0.007761593253968255,61.26994708994709,-0.36716334366135395
1583.281813315309,0.005765003207744223,basophils,SERUM,0.8,Random Forest Regressor,BayesSearchCV,0.018953157218443074,0.007761593253968255,61.26994708994709,-0.36716334366135395
1600.638130391847,0.005546223022208203,basophils,SERUM,0.8,Random Forest Regressor,BayesSearchCV,0.018953157218443074,0.007761593253968255,61.26994708994709,-0.36716334366135395
1581.353333640138,0.005290101061879781,basophils,SERUM,0.8,Random Forest Regressor,BayesSearchCV,0.018953157218443074,0.007761593253968255,61.26994708994709,-0.36716334366135395
1602.566610067018,0.00512439425017824,basophils,SERUM,0.8,Random Forest Regressor,BayesSearchCV,0.018953157218443074,0.007761593253968255,61.26994708994709,-0.36716334366135395
1386.576886447877,0.004818189373280041,basophils,SERUM,0.8,Random Forest Regressor,BayesSearchCV,0.018953157218443074,0.007761593253968255,61.26994708994709,-0.36716334366135395
1579.424853964967,0.004730631487158916,basophils,SERUM,0.8,Random Forest Regressor,BayesSearchCV,0.018953157218443074,0.007761593253968255,61.26994708994709,-0.36716334366135395
1604.495089742189,0.004727652670532974,basophils,SERUM,0.8,Random Forest Regressor,BayesSearchCV,0.018953157218443074,0.007761593253968255,61.26994708994709,-0.36716334366135395
1388.505366123048,0.004404086354540981,basophils,SERUM,0.8,Random Forest Regressor,BayesSearchCV,0.018953157218443074,0.007761593253968255,61.26994708994709,-0.36716334366135395
1606.42356941736,0.004373572887554131,basophils,SERUM,0.8,Random Forest Regressor,BayesSearchCV,0.018953157218443074,0.007761593253968255,61.26994708994709,-0.36716334366135395
1384.648406772706,0.004372506150565243,basophils,SERUM,0.8,Random Forest Regressor,BayesSearchCV,0.018953157218443074,0.007761593253968255,61.26994708994709,-0.36716334366135395
1608.35204909253,0.004046313304946499,basophils,SERUM,0.8,Random Forest Regressor,BayesSearchCV,0.018953157218443074,0.007761593253968255,61.26994708994709,-0.36716334366135395
1577.496374289796,0.004016812604957918,basophils,SERUM,0.8,Random Forest Regressor,BayesSearchCV,0.018953157218443074,0.007761593253968255,61.26994708994709,-0.36716334366135395
1685.491236099367,0.0728297249657989,basophils,SERUM,0.8,Random Forest Regressor,BayesSearchCV,0.016353141896841436,0.008311609064780772,54.78447255722196,-0.01779352958413205
1164.801723803224,0.0683669655975511,basophils,SERUM,0.8,Random Forest Regressor,BayesSearchCV,0.016353141896841436,0.008311609064780772,54.78447255722196,-0.01779352958413205
981.5961546619883,0.06655227745540569,basophils,SERUM,0.8,Random Forest Regressor,BayesSearchCV,0.016353141896841436,0.008311609064780772,54.78447255722196,-0.01779352958413205
1166.730203478395,0.047831339370475394,basophils,SERUM,0.8,Random Forest Regressor,BayesSearchCV,0.016353141896841436,0.008311609064780772,54.78447255722196,-0.01779352958413205
979.6676749868175,0.036774824411647,basophils,SERUM,0.8,Random Forest Regressor,BayesSearchCV,0.016353141896841436,0.008311609064780772,54.78447255722196,-0.01779352958413205
1587.138772665651,0.03448158531435718,basophils,SERUM,0.8,Random Forest Regressor,BayesSearchCV,0.016353141896841436,0.008311609064780772,54.78447255722196,-0.01779352958413205
1483.000870206422,0.031752424368349415,basophils,SERUM,0.8,Random Forest Regressor,BayesSearchCV,0.016353141896841436,0.008311609064780772,54.78447255722196,-0.01779352958413205
1130.089089650148,0.02965422536828482,basophils,SERUM,0.8,Random Forest Regressor,BayesSearchCV,0.016353141896841436,0.008311609064780772,54.78447255722196,-0.01779352958413205
1500.35718728296,0.023521903417393426,basophils,SERUM,0.8,Random Forest Regressor,BayesSearchCV,0.016353141896841436,0.008311609064780772,54.78447255722196,-0.01779352958413205
987.3815936875008,0.021489884355357418,basophils,SERUM,0.8,Random Forest Regressor,BayesSearchCV,0.016353141896841436,0.008311609064780772,54.78447255722196,-0.01779352958413205
1398.147764498902,0.019722361637282453,basophils,SERUM,0.8,Random Forest Regressor,BayesSearchCV,0.016353141896841436,0.008311609064780772,54.78447255722196,-0.01779352958413205
2713.370902965456,0.017903384775372334,basophils,SERUM,0.8,Random Forest Regressor,BayesSearchCV,0.016353141896841436,0.008311609064780772,54.78447255722196,-0.01779352958413205
3018.070691642458,0.01711019534966858,basophils,SERUM,0.8,Random Forest Regressor,BayesSearchCV,0.016353141896841436,0.008311609064780772,54.78447255722196,-0.01779352958413205
1255.440268536256,0.015340535739350163,basophils,SERUM,0.8,Random Forest Regressor,BayesSearchCV,0.016353141896841436,0.008311609064780772,54.78447255722196,-0.01779352958413205
1396.219284823732,0.015003093252126865,basophils,SERUM,0.8,Random Forest Regressor,BayesSearchCV,0.016353141896841436,0.008311609064780772,54.78447255722196,-0.01779352958413205
1191.800439255616,0.01478950572167084,basophils,SERUM,0.8,Random Forest Regressor,BayesSearchCV,0.016353141896841436,0.008311609064780772,54.78447255722196,-0.01779352958413205
1683.562756424196,0.014425865483212464,basophils,SERUM,0.8,Random Forest Regressor,BayesSearchCV,0.016353141896841436,0.008311609064780772,54.78447255722196,-0.01779352958413205
2711.442423290285,0.014312340129163166,basophils,SERUM,0.8,Random Forest Regressor,BayesSearchCV,0.016353141896841436,0.008311609064780772,54.78447255722196,-0.01779352958413205
991.2385530378428,0.014130747716132859,basophils,SERUM,0.8,Random Forest Regressor,BayesSearchCV,0.016353141896841436,0.008311609064780772,54.78447255722196,-0.01779352958413205
1594.852691366334,0.013804918058687088,basophils,SERUM,0.8,Random Forest Regressor,BayesSearchCV,0.016353141896841436,0.008311609064780772,54.78447255722196,-0.01779352958413205
1394.290805148561,0.005336554307697994,basophils,URINE,0.8,Random Forest Regressor,BayesSearchCV,0.027257797410349754,0.011289330073911424,95.35672514619883,-0.3088617523415138
1396.219284823732,0.005281604572371803,basophils,URINE,0.8,Random Forest Regressor,BayesSearchCV,0.027257797410349754,0.011289330073911424,95.35672514619883,-0.3088617523415138
1392.36232547339,0.005260615149967921,basophils,URINE,0.8,Random Forest Regressor,BayesSearchCV,0.027257797410349754,0.011289330073911424,95.35672514619883,-0.3088617523415138
1303.652260415528,0.005191686597692809,basophils,URINE,0.8,Random Forest Regressor,BayesSearchCV,0.027257797410349754,0.011289330073911424,95.35672514619883,-0.3088617523415138
1305.580740090699,0.0051756061319295395,basophils,URINE,0.8,Random Forest Regressor,BayesSearchCV,0.027257797410349754,0.011289330073911424,95.35672514619883,-0.3088617523415138
1301.723780740358,0.0051599591557585315,basophils,URINE,0.8,Random Forest Regressor,BayesSearchCV,0.027257797410349754,0.011289330073911424,95.35672514619883,-0.3088617523415138
1299.795301065187,0.005104284311389593,basophils,URINE,0.8,Random Forest Regressor,BayesSearchCV,0.027257797410349754,0.011289330073911424,95.35672514619883,-0.3088617523415138
1398.147764498902,0.005103166476510858,basophils,URINE,0.8,Random Forest Regressor,BayesSearchCV,0.027257797410349754,0.011289330073911424,95.35672514619883,-0.3088617523415138
1307.50921976587,0.005066947734988687,basophils,URINE,0.8,Random Forest Regressor,BayesSearchCV,0.027257797410349754,0.011289330073911424,95.35672514619883,-0.3088617523415138
1390.433845798219,0.0050379665822349795,basophils,URINE,0.8,Random Forest Regressor,BayesSearchCV,0.027257797410349754,0.011289330073911424,95.35672514619883,-0.3088617523415138
1297.866821390016,0.005033664232547751,basophils,URINE,0.8,Random Forest Regressor,BayesSearchCV,0.027257797410349754,0.011289330073911424,95.35672514619883,-0.3088617523415138
1589.067252340822,0.0050227795986450465,basophils,URINE,0.8,Random Forest Regressor,BayesSearchCV,0.027257797410349754,0.011289330073911424,95.35672514619883,-0.3088617523415138
1587.138772665651,0.005006157398215538,basophils,URINE,0.8,Random Forest Regressor,BayesSearchCV,0.027257797410349754,0.011289330073911424,95.35672514619883,-0.3088617523415138
1295.938341714845,0.004919730798713531,basophils,URINE,0.8,Random Forest Regressor,BayesSearchCV,0.027257797410349754,0.011289330073911424,95.35672514619883,-0.3088617523415138
1585.21029299048,0.004910655990314705,basophils,URINE,0.8,Random Forest Regressor,BayesSearchCV,0.027257797410349754,0.011289330073911424,95.35672514619883,-0.3088617523415138
1590.995732015992,0.004849551055068129,basophils,URINE,0.8,Random Forest Regressor,BayesSearchCV,0.027257797410349754,0.011289330073911424,95.35672514619883,-0.3088617523415138
1400.076244174074,0.004838303555390188,basophils,URINE,0.8,Random Forest Regressor,BayesSearchCV,0.027257797410349754,0.011289330073911424,95.35672514619883,-0.3088617523415138
1309.437699441041,0.004822851218707249,basophils,URINE,0.8,Random Forest Regressor,BayesSearchCV,0.027257797410349754,0.011289330073911424,95.35672514619883,-0.3088617523415138
1583.281813315309,0.004818128291078454,basophils,URINE,0.8,Random Forest Regressor,BayesSearchCV,0.027257797410349754,0.011289330073911424,95.35672514619883,-0.3088617523415138
1294.009862039674,0.004745643714976506,basophils,URINE,0.8,Random Forest Regressor,BayesSearchCV,0.027257797410349754,0.011289330073911424,95.35672514619883,-0.3088617523415138
1781.915219857912,0.061931441992079714,basophils,URINE,0.8,Random Forest Regressor,BayesSearchCV,0.023210639409073388,0.010130110714900392,84.035667615154,0.0509557388221592
1409.718642549928,0.05505663084005592,basophils,URINE,0.8,Random Forest Regressor,BayesSearchCV,0.023210639409073388,0.010130110714900392,84.035667615154,0.0509557388221592
1076.091658745362,0.04616666740972824,basophils,URINE,0.8,Random Forest Regressor,BayesSearchCV,0.023210639409073388,0.010130110714900392,84.035667615154,0.0509557388221592
1288.224423014161,0.03441630459490406,basophils,URINE,0.8,Random Forest Regressor,BayesSearchCV,0.023210639409073388,0.010130110714900392,84.035667615154,0.0509557388221592
1290.152902689332,0.0323748274082084,basophils,URINE,0.8,Random Forest Regressor,BayesSearchCV,0.023210639409073388,0.010130110714900392,84.035667615154,0.0509557388221592
1710.561471876588,0.030398477851206914,basophils,URINE,0.8,Random Forest Regressor,BayesSearchCV,0.023210639409073388,0.010130110714900392,84.035667615154,0.0509557388221592
1120.446691274293,0.029526998840420635,basophils,URINE,0.8,Random Forest Regressor,BayesSearchCV,0.023210639409073388,0.010130110714900392,84.035667615154,0.0509557388221592
1294.009862039674,0.028529753612893928,basophils,URINE,0.8,Random Forest Regressor,BayesSearchCV,0.023210639409073388,0.010130110714900392,84.035667615154,0.0509557388221592
1722.132349927614,0.028465430178100083,basophils,URINE,0.8,Random Forest Regressor,BayesSearchCV,0.023210639409073388,0.010130110714900392,84.035667615154,0.0509557388221592
1095.376455497071,0.02779226919811577,basophils,URINE,0.8,Random Forest Regressor,BayesSearchCV,0.023210639409073388,0.010130110714900392,84.035667615154,0.0509557388221592
1413.57560190027,0.025595157925546373,basophils,URINE,0.8,Random Forest Regressor,BayesSearchCV,0.023210639409073388,0.010130110714900392,84.035667615154,0.0509557388221592
1778.05826050757,0.018720117346511925,basophils,URINE,0.8,Random Forest Regressor,BayesSearchCV,0.023210639409073388,0.010130110714900392,84.035667615154,0.0509557388221592
1078.020138420533,0.017892604030652806,basophils,URINE,0.8,Random Forest Regressor,BayesSearchCV,0.023210639409073388,0.010130110714900392,84.035667615154,0.0509557388221592
1731.774748303468,0.01754527673515195,basophils,URINE,0.8,Random Forest Regressor,BayesSearchCV,0.023210639409073388,0.010130110714900392,84.035667615154,0.0509557388221592
941.0980814833993,0.015551110956228752,basophils,URINE,0.8,Random Forest Regressor,BayesSearchCV,0.023210639409073388,0.010130110714900392,84.035667615154,0.0509557388221592
1106.947333548097,0.013953311892690525,basophils,URINE,0.8,Random Forest Regressor,BayesSearchCV,0.023210639409073388,0.010130110714900392,84.035667615154,0.0509557388221592
1407.790162874757,0.011905565069124862,basophils,URINE,0.8,Random Forest Regressor,BayesSearchCV,0.023210639409073388,0.010130110714900392,84.035667615154,0.0509557388221592
1425.146479951295,0.011753016759142323,basophils,URINE,0.8,Random Forest Regressor,BayesSearchCV,0.023210639409073388,0.010130110714900392,84.035667615154,0.0509557388221592
1105.018853872926,0.011495220785658632,basophils,URINE,0.8,Random Forest Regressor,BayesSearchCV,0.023210639409073388,0.010130110714900392,84.035667615154,0.0509557388221592
1411.647122225099,0.011445475412354666,basophils,URINE,0.8,Random Forest Regressor,BayesSearchCV,0.023210639409073388,0.010130110714900392,84.035667615154,0.0509557388221592
1394.290805148561,0.0053343439202918385,basophils,URINE,0.8,Random Forest Regressor,BayesSearchCV,0.027272208364907246,0.011362550211144292,95.37777777777777,-0.3102460852736799
1396.219284823732,0.0052794508191123055,basophils,URINE,0.8,Random Forest Regressor,BayesSearchCV,0.027272208364907246,0.011362550211144292,95.37777777777777,-0.3102460852736799
1392.36232547339,0.005258266215366699,basophils,URINE,0.8,Random Forest Regressor,BayesSearchCV,0.027272208364907246,0.011362550211144292,95.37777777777777,-0.3102460852736799
1303.652260415528,0.0051954745785266305,basophils,URINE,0.8,Random Forest Regressor,BayesSearchCV,0.027272208364907246,0.011362550211144292,95.37777777777777,-0.3102460852736799
1305.580740090699,0.0051792690202618645,basophils,URINE,0.8,Random Forest Regressor,BayesSearchCV,0.027272208364907246,0.011362550211144292,95.37777777777777,-0.3102460852736799
1301.723780740358,0.0051639378377051895,basophils,URINE,0.8,Random Forest Regressor,BayesSearchCV,0.027272208364907246,0.011362550211144292,95.37777777777777,-0.3102460852736799
1299.795301065187,0.005108472607841605,basophils,URINE,0.8,Random Forest Regressor,BayesSearchCV,0.027272208364907246,0.011362550211144292,95.37777777777777,-0.3102460852736799
1398.147764498902,0.005100929374417317,basophils,URINE,0.8,Random Forest Regressor,BayesSearchCV,0.027272208364907246,0.011362550211144292,95.37777777777777,-0.3102460852736799
1307.50921976587,0.0050705534709242165,basophils,URINE,0.8,Random Forest Regressor,BayesSearchCV,0.027272208364907246,0.011362550211144292,95.37777777777777,-0.3102460852736799
1297.866821390016,0.005038019418458465,basophils,URINE,0.8,Random Forest Regressor,BayesSearchCV,0.027272208364907246,0.011362550211144292,95.37777777777777,-0.3102460852736799
1390.433845798219,0.005035418440709123,basophils,URINE,0.8,Random Forest Regressor,BayesSearchCV,0.027272208364907246,0.011362550211144292,95.37777777777777,-0.3102460852736799
1589.067252340822,0.005021935416255703,basophils,URINE,0.8,Random Forest Regressor,BayesSearchCV,0.027272208364907246,0.011362550211144292,95.37777777777777,-0.3102460852736799
1587.138772665651,0.005005171766316945,basophils,URINE,0.8,Random Forest Regressor,BayesSearchCV,0.027272208364907246,0.011362550211144292,95.37777777777777,-0.3102460852736799
1295.938341714845,0.0049241058189004455,basophils,URINE,0.8,Random Forest Regressor,BayesSearchCV,0.027272208364907246,0.011362550211144292,95.37777777777777,-0.3102460852736799
1585.21029299048,0.004909620488230502,basophils,URINE,0.8,Random Forest Regressor,BayesSearchCV,0.027272208364907246,0.011362550211144292,95.37777777777777,-0.3102460852736799
1590.995732015992,0.004848714334720276,basophils,URINE,0.8,Random Forest Regressor,BayesSearchCV,0.027272208364907246,0.011362550211144292,95.37777777777777,-0.3102460852736799
1400.076244174074,0.004835963216720661,basophils,URINE,0.8,Random Forest Regressor,BayesSearchCV,0.027272208364907246,0.011362550211144292,95.37777777777777,-0.3102460852736799
1309.437699441041,0.004826449802002992,basophils,URINE,0.8,Random Forest Regressor,BayesSearchCV,0.027272208364907246,0.011362550211144292,95.37777777777777,-0.3102460852736799
1583.281813315309,0.004817139461298275,basophils,URINE,0.8,Random Forest Regressor,BayesSearchCV,0.027272208364907246,0.011362550211144292,95.37777777777777,-0.3102460852736799
1294.009862039674,0.00474985593045178,basophils,URINE,0.8,Random Forest Regressor,BayesSearchCV,0.027272208364907246,0.011362550211144292,95.37777777777777,-0.3102460852736799
1290.152902689332,0.057206915647013,basophils,URINE,0.8,Random Forest Regressor,BayesSearchCV,0.023199988555347627,0.0103436780838309,83.02928807768994,0.0518265302059675
1076.091658745362,0.04091425414895458,basophils,URINE,0.8,Random Forest Regressor,BayesSearchCV,0.023199988555347627,0.0103436780838309,83.02928807768994,0.0518265302059675
1710.561471876588,0.038124393121374126,basophils,URINE,0.8,Random Forest Regressor,BayesSearchCV,0.023199988555347627,0.0103436780838309,83.02928807768994,0.0518265302059675
1722.132349927614,0.038067267413993876,basophils,URINE,0.8,Random Forest Regressor,BayesSearchCV,0.023199988555347627,0.0103436780838309,83.02928807768994,0.0518265302059675
1781.915219857912,0.03713444550735949,basophils,URINE,0.8,Random Forest Regressor,BayesSearchCV,0.023199988555347627,0.0103436780838309,83.02928807768994,0.0518265302059675
1288.224423014161,0.03697218566168584,basophils,URINE,0.8,Random Forest Regressor,BayesSearchCV,0.023199988555347627,0.0103436780838309,83.02928807768994,0.0518265302059675
1095.376455497071,0.034115400746884204,basophils,URINE,0.8,Random Forest Regressor,BayesSearchCV,0.023199988555347627,0.0103436780838309,83.02928807768994,0.0518265302059675
1778.05826050757,0.033321808876791224,basophils,URINE,0.8,Random Forest Regressor,BayesSearchCV,0.023199988555347627,0.0103436780838309,83.02928807768994,0.0518265302059675
1120.446691274293,0.03322440380527278,basophils,URINE,0.8,Random Forest Regressor,BayesSearchCV,0.023199988555347627,0.0103436780838309,83.02928807768994,0.0518265302059675
1294.009862039674,0.028028754655138925,basophils,URINE,0.8,Random Forest Regressor,BayesSearchCV,0.023199988555347627,0.0103436780838309,83.02928807768994,0.0518265302059675
1409.718642549928,0.022595528594283598,basophils,URINE,0.8,Random Forest Regressor,BayesSearchCV,0.023199988555347627,0.0103436780838309,83.02928807768994,0.0518265302059675
1731.774748303468,0.021239045487389377,basophils,URINE,0.8,Random Forest Regressor,BayesSearchCV,0.023199988555347627,0.0103436780838309,83.02928807768994,0.0518265302059675
1411.647122225099,0.02037294623399131,basophils,URINE,0.8,Random Forest Regressor,BayesSearchCV,0.023199988555347627,0.0103436780838309,83.02928807768994,0.0518265302059675
1413.57560190027,0.019859460570277217,basophils,URINE,0.8,Random Forest Regressor,BayesSearchCV,0.023199988555347627,0.0103436780838309,83.02928807768994,0.0518265302059675
1029.808146541261,0.01966243435392807,basophils,URINE,0.8,Random Forest Regressor,BayesSearchCV,0.023199988555347627,0.0103436780838309,83.02928807768994,0.0518265302059675
1554.354618187745,0.019359534477212056,basophils,URINE,0.8,Random Forest Regressor,BayesSearchCV,0.023199988555347627,0.0103436780838309,83.02928807768994,0.0518265302059675
1101.161894522584,0.019181499747370573,basophils,URINE,0.8,Random Forest Regressor,BayesSearchCV,0.023199988555347627,0.0103436780838309,83.02928807768994,0.0518265302059675
1078.020138420533,0.019109610396391877,basophils,URINE,0.8,Random Forest Regressor,BayesSearchCV,0.023199988555347627,0.0103436780838309,83.02928807768994,0.0518265302059675
1091.51949614673,0.018838525854613323,basophils,URINE,0.8,Random Forest Regressor,BayesSearchCV,0.023199988555347627,0.0103436780838309,83.02928807768994,0.0518265302059675
1751.059545055177,0.018828822741662546,basophils,URINE,0.8,Random Forest Regressor,BayesSearchCV,0.023199988555347627,0.0103436780838309,83.02928807768994,0.0518265302059675
952.6689595344246,0.014407887627369012,basophils,CAPILAR,0.8,Decision Tree Regressor,BayesSearchCV,0.024226453571077607,0.008447368421052632,86.875,-0.10295939614784011
954.5974392095954,0.013690500012439323,basophils,CAPILAR,0.8,Decision Tree Regressor,BayesSearchCV,0.024226453571077607,0.008447368421052632,86.875,-0.10295939614784011
950.7404798592538,0.011598587779081801,basophils,CAPILAR,0.8,Decision Tree Regressor,BayesSearchCV,0.024226453571077607,0.008447368421052632,86.875,-0.10295939614784011
956.5259188847667,0.010292050354077254,basophils,CAPILAR,0.8,Decision Tree Regressor,BayesSearchCV,0.024226453571077607,0.008447368421052632,86.875,-0.10295939614784011
968.0967969357921,0.009525374601578204,basophils,CAPILAR,0.8,Decision Tree Regressor,BayesSearchCV,0.024226453571077607,0.008447368421052632,86.875,-0.10295939614784011
966.1683172606208,0.009306106127127609,basophils,CAPILAR,0.8,Decision Tree Regressor,BayesSearchCV,0.024226453571077607,0.008447368421052632,86.875,-0.10295939614784011
1708.632992201417,0.008818052233976532,basophils,CAPILAR,0.8,Decision Tree Regressor,BayesSearchCV,0.024226453571077607,0.008447368421052632,86.875,-0.10295939614784011
948.812000184083,0.008461545667010822,basophils,CAPILAR,0.8,Decision Tree Regressor,BayesSearchCV,0.024226453571077607,0.008447368421052632,86.875,-0.10295939614784011
964.23983758545,0.00799417217798666,basophils,CAPILAR,0.8,Decision Tree Regressor,BayesSearchCV,0.024226453571077607,0.008447368421052632,86.875,-0.10295939614784011
970.0252766109629,0.007437801592402344,basophils,CAPILAR,0.8,Decision Tree Regressor,BayesSearchCV,0.024226453571077607,0.008447368421052632,86.875,-0.10295939614784011
1706.704512526246,0.007109899947190292,basophils,CAPILAR,0.8,Decision Tree Regressor,BayesSearchCV,0.024226453571077607,0.008447368421052632,86.875,-0.10295939614784011
929.5272034323739,0.007028459248832113,basophils,CAPILAR,0.8,Decision Tree Regressor,BayesSearchCV,0.024226453571077607,0.008447368421052632,86.875,-0.10295939614784011
979.6676749868175,0.0066972665386488125,basophils,CAPILAR,0.8,Decision Tree Regressor,BayesSearchCV,0.024226453571077607,0.008447368421052632,86.875,-0.10295939614784011
958.4543985599371,0.006618246799577822,basophils,CAPILAR,0.8,Decision Tree Regressor,BayesSearchCV,0.024226453571077607,0.008447368421052632,86.875,-0.10295939614784011
989.3100733626716,0.006334121562227807,basophils,CAPILAR,0.8,Decision Tree Regressor,BayesSearchCV,0.024226453571077607,0.008447368421052632,86.875,-0.10295939614784011
977.7391953116462,0.006293417011439325,basophils,CAPILAR,0.8,Decision Tree Regressor,BayesSearchCV,0.024226453571077607,0.008447368421052632,86.875,-0.10295939614784011
931.4556831075452,0.006291379871981429,basophils,CAPILAR,0.8,Decision Tree Regressor,BayesSearchCV,0.024226453571077607,0.008447368421052632,86.875,-0.10295939614784011
1224.584593733522,0.0062119418652535376,basophils,CAPILAR,0.8,Decision Tree Regressor,BayesSearchCV,0.024226453571077607,0.008447368421052632,86.875,-0.10295939614784011
1641.136203570436,0.006143899278769269,basophils,CAPILAR,0.8,Decision Tree Regressor,BayesSearchCV,0.024226453571077607,0.008447368421052632,86.875,-0.10295939614784011
962.3113579102792,0.005733738137447139,basophils,CAPILAR,0.8,Decision Tree Regressor,BayesSearchCV,0.024226453571077607,0.008447368421052632,86.875,-0.10295939614784011
1334.507935218263,1.0,basophils,CAPILAR,0.8,Decision Tree Regressor,BayesSearchCV,0.023169853371636993,0.005789473684210527,75.0,-0.008849557522124352
929.5272034323739,0.0,basophils,CAPILAR,0.8,Decision Tree Regressor,BayesSearchCV,0.023169853371636993,0.005789473684210527,75.0,-0.008849557522124352
2549.45013057593,0.0,basophils,CAPILAR,0.8,Decision Tree Regressor,BayesSearchCV,0.023169853371636993,0.005789473684210527,75.0,-0.008849557522124352
2553.307089926272,0.0,basophils,CAPILAR,0.8,Decision Tree Regressor,BayesSearchCV,0.023169853371636993,0.005789473684210527,75.0,-0.008849557522124352
2555.235569601442,0.0,basophils,CAPILAR,0.8,Decision Tree Regressor,BayesSearchCV,0.023169853371636993,0.005789473684210527,75.0,-0.008849557522124352
2557.164049276613,0.0,basophils,CAPILAR,0.8,Decision Tree Regressor,BayesSearchCV,0.023169853371636993,0.005789473684210527,75.0,-0.008849557522124352
2559.092528951784,0.0,basophils,CAPILAR,0.8,Decision Tree Regressor,BayesSearchCV,0.023169853371636993,0.005789473684210527,75.0,-0.008849557522124352
2561.021008626955,0.0,basophils,CAPILAR,0.8,Decision Tree Regressor,BayesSearchCV,0.023169853371636993,0.005789473684210527,75.0,-0.008849557522124352
2562.949488302126,0.0,basophils,CAPILAR,0.8,Decision Tree Regressor,BayesSearchCV,0.023169853371636993,0.005789473684210527,75.0,-0.008849557522124352
2564.877967977297,0.0,basophils,CAPILAR,0.8,Decision Tree Regressor,BayesSearchCV,0.023169853371636993,0.005789473684210527,75.0,-0.008849557522124352
2566.806447652468,0.0,basophils,CAPILAR,0.8,Decision Tree Regressor,BayesSearchCV,0.023169853371636993,0.005789473684210527,75.0,-0.008849557522124352
2568.734927327639,0.0,basophils,CAPILAR,0.8,Decision Tree Regressor,BayesSearchCV,0.023169853371636993,0.005789473684210527,75.0,-0.008849557522124352
2570.663407002809,0.0,basophils,CAPILAR,0.8,Decision Tree Regressor,BayesSearchCV,0.023169853371636993,0.005789473684210527,75.0,-0.008849557522124352
2572.59188667798,0.0,basophils,CAPILAR,0.8,Decision Tree Regressor,BayesSearchCV,0.023169853371636993,0.005789473684210527,75.0,-0.008849557522124352
2574.520366353152,0.0,basophils,CAPILAR,0.8,Decision Tree Regressor,BayesSearchCV,0.023169853371636993,0.005789473684210527,75.0,-0.008849557522124352
2576.448846028322,0.0,basophils,CAPILAR,0.8,Decision Tree Regressor,BayesSearchCV,0.023169853371636993,0.005789473684210527,75.0,-0.008849557522124352
2578.377325703493,0.0,basophils,CAPILAR,0.8,Decision Tree Regressor,BayesSearchCV,0.023169853371636993,0.005789473684210527,75.0,-0.008849557522124352
2580.305805378664,0.0,basophils,CAPILAR,0.8,Decision Tree Regressor,BayesSearchCV,0.023169853371636993,0.005789473684210527,75.0,-0.008849557522124352
2582.234285053835,0.0,basophils,CAPILAR,0.8,Decision Tree Regressor,BayesSearchCV,0.023169853371636993,0.005789473684210527,75.0,-0.008849557522124352
2584.162764729006,0.0,basophils,CAPILAR,0.8,Decision Tree Regressor,BayesSearchCV,0.023169853371636993,0.005789473684210527,75.0,-0.008849557522124352
952.6689595344246,0.014407887627369016,basophils,CAPILAR,0.8,Decision Tree Regressor,BayesSearchCV,0.024226453571077607,0.008447368421052632,86.875,-0.10295939614784011
954.5974392095954,0.01369050001243933,basophils,CAPILAR,0.8,Decision Tree Regressor,BayesSearchCV,0.024226453571077607,0.008447368421052632,86.875,-0.10295939614784011
950.7404798592538,0.011598587779081808,basophils,CAPILAR,0.8,Decision Tree Regressor,BayesSearchCV,0.024226453571077607,0.008447368421052632,86.875,-0.10295939614784011
956.5259188847667,0.010292050354077256,basophils,CAPILAR,0.8,Decision Tree Regressor,BayesSearchCV,0.024226453571077607,0.008447368421052632,86.875,-0.10295939614784011
968.0967969357921,0.009525374601578204,basophils,CAPILAR,0.8,Decision Tree Regressor,BayesSearchCV,0.024226453571077607,0.008447368421052632,86.875,-0.10295939614784011
966.1683172606208,0.009306106127127612,basophils,CAPILAR,0.8,Decision Tree Regressor,BayesSearchCV,0.024226453571077607,0.008447368421052632,86.875,-0.10295939614784011
1708.632992201417,0.008818052233976538,basophils,CAPILAR,0.8,Decision Tree Regressor,BayesSearchCV,0.024226453571077607,0.008447368421052632,86.875,-0.10295939614784011
948.812000184083,0.008461545667010824,basophils,CAPILAR,0.8,Decision Tree Regressor,BayesSearchCV,0.024226453571077607,0.008447368421052632,86.875,-0.10295939614784011
964.23983758545,0.00799417217798666,basophils,CAPILAR,0.8,Decision Tree Regressor,BayesSearchCV,0.024226453571077607,0.008447368421052632,86.875,-0.10295939614784011
970.0252766109629,0.007437801592402348,basophils,CAPILAR,0.8,Decision Tree Regressor,BayesSearchCV,0.024226453571077607,0.008447368421052632,86.875,-0.10295939614784011
1706.704512526246,0.0071098999471902935,basophils,CAPILAR,0.8,Decision Tree Regressor,BayesSearchCV,0.024226453571077607,0.008447368421052632,86.875,-0.10295939614784011
929.5272034323739,0.007028459248832118,basophils,CAPILAR,0.8,Decision Tree Regressor,BayesSearchCV,0.024226453571077607,0.008447368421052632,86.875,-0.10295939614784011
979.6676749868175,0.006697266538648819,basophils,CAPILAR,0.8,Decision Tree Regressor,BayesSearchCV,0.024226453571077607,0.008447368421052632,86.875,-0.10295939614784011
958.4543985599371,0.006618246799577828,basophils,CAPILAR,0.8,Decision Tree Regressor,BayesSearchCV,0.024226453571077607,0.008447368421052632,86.875,-0.10295939614784011
989.3100733626716,0.006334121562227804,basophils,CAPILAR,0.8,Decision Tree Regressor,BayesSearchCV,0.024226453571077607,0.008447368421052632,86.875,-0.10295939614784011
977.7391953116462,0.006293417011439327,basophils,CAPILAR,0.8,Decision Tree Regressor,BayesSearchCV,0.024226453571077607,0.008447368421052632,86.875,-0.10295939614784011
931.4556831075452,0.00629137987198143,basophils,CAPILAR,0.8,Decision Tree Regressor,BayesSearchCV,0.024226453571077607,0.008447368421052632,86.875,-0.10295939614784011
1224.584593733522,0.006211941865253532,basophils,CAPILAR,0.8,Decision Tree Regressor,BayesSearchCV,0.024226453571077607,0.008447368421052632,86.875,-0.10295939614784011
1641.136203570436,0.006143899278769272,basophils,CAPILAR,0.8,Decision Tree Regressor,BayesSearchCV,0.024226453571077607,0.008447368421052632,86.875,-0.10295939614784011
962.3113579102792,0.005733738137447137,basophils,CAPILAR,0.8,Decision Tree Regressor,BayesSearchCV,0.024226453571077607,0.008447368421052632,86.875,-0.10295939614784011
1359.578170995484,0.9999999999999836,basophils,CAPILAR,0.8,Decision Tree Regressor,BayesSearchCV,0.023395906074624075,0.006315789473684211,62.5,-0.028630921395107034
2578.377325703493,5.551115123125718e-15,basophils,CAPILAR,0.8,Decision Tree Regressor,BayesSearchCV,0.023395906074624075,0.006315789473684211,62.5,-0.028630921395107034
2977.572618463869,4.423544863740807e-15,basophils,CAPILAR,0.8,Decision Tree Regressor,BayesSearchCV,0.023395906074624075,0.006315789473684211,62.5,-0.028630921395107034
1589.067252340822,2.9490299091605377e-15,basophils,CAPILAR,0.8,Decision Tree Regressor,BayesSearchCV,0.023395906074624075,0.006315789473684211,62.5,-0.028630921395107034
1052.949902643312,1.5612511283791082e-15,basophils,CAPILAR,0.8,Decision Tree Regressor,BayesSearchCV,0.023395906074624075,0.006315789473684211,62.5,-0.028630921395107034
2624.660837907595,7.806255641895541e-16,basophils,CAPILAR,0.8,Decision Tree Regressor,BayesSearchCV,0.023395906074624075,0.006315789473684211,62.5,-0.028630921395107034
2707.585463939944,6.071532165918754e-16,basophils,CAPILAR,0.8,Decision Tree Regressor,BayesSearchCV,0.023395906074624075,0.006315789473684211,62.5,-0.028630921395107034
1826.270252386842,3.686287386450672e-16,basophils,CAPILAR,0.8,Decision Tree Regressor,BayesSearchCV,0.023395906074624075,0.006315789473684211,62.5,-0.028630921395107034
1768.415862131715,1.734723475976787e-16,basophils,CAPILAR,0.8,Decision Tree Regressor,BayesSearchCV,0.023395906074624075,0.006315789473684211,62.5,-0.028630921395107034
2574.520366353152,0.0,basophils,CAPILAR,0.8,Decision Tree Regressor,BayesSearchCV,0.023395906074624075,0.006315789473684211,62.5,-0.028630921395107034
2576.448846028322,0.0,basophils,CAPILAR,0.8,Decision Tree Regressor,BayesSearchCV,0.023395906074624075,0.006315789473684211,62.5,-0.028630921395107034
2557.164049276613,0.0,basophils,CAPILAR,0.8,Decision Tree Regressor,BayesSearchCV,0.023395906074624075,0.006315789473684211,62.5,-0.028630921395107034
2559.092528951784,0.0,basophils,CAPILAR,0.8,Decision Tree Regressor,BayesSearchCV,0.023395906074624075,0.006315789473684211,62.5,-0.028630921395107034
2588.019724079348,0.0,basophils,CAPILAR,0.8,Decision Tree Regressor,BayesSearchCV,0.023395906074624075,0.006315789473684211,62.5,-0.028630921395107034
2586.091244404177,0.0,basophils,CAPILAR,0.8,Decision Tree Regressor,BayesSearchCV,0.023395906074624075,0.006315789473684211,62.5,-0.028630921395107034
2561.021008626955,0.0,basophils,CAPILAR,0.8,Decision Tree Regressor,BayesSearchCV,0.023395906074624075,0.006315789473684211,62.5,-0.028630921395107034
2562.949488302126,0.0,basophils,CAPILAR,0.8,Decision Tree Regressor,BayesSearchCV,0.023395906074624075,0.006315789473684211,62.5,-0.028630921395107034
2564.877967977297,0.0,basophils,CAPILAR,0.8,Decision Tree Regressor,BayesSearchCV,0.023395906074624075,0.006315789473684211,62.5,-0.028630921395107034
2566.806447652468,0.0,basophils,CAPILAR,0.8,Decision Tree Regressor,BayesSearchCV,0.023395906074624075,0.006315789473684211,62.5,-0.028630921395107034
2568.734927327639,0.0,basophils,CAPILAR,0.8,Decision Tree Regressor,BayesSearchCV,0.023395906074624075,0.006315789473684211,62.5,-0.028630921395107034
1511.928065333986,0.0033959722242909306,basophils,PLASMA,0.8,Decision Tree Regressor,BayesSearchCV,0.018212833856189728,0.005853658536585366,100.0,-0.195540308747856
1513.856545009157,0.003393999082452471,basophils,PLASMA,0.8,Decision Tree Regressor,BayesSearchCV,0.018212833856189728,0.005853658536585366,100.0,-0.195540308747856
1515.785024684327,0.0033792433437354876,basophils,PLASMA,0.8,Decision Tree Regressor,BayesSearchCV,0.018212833856189728,0.005853658536585366,100.0,-0.195540308747856
1509.999585658815,0.0033682635866844617,basophils,PLASMA,0.8,Decision Tree Regressor,BayesSearchCV,0.018212833856189728,0.005853658536585366,100.0,-0.195540308747856
1517.713504359498,0.0033491474439282503,basophils,PLASMA,0.8,Decision Tree Regressor,BayesSearchCV,0.018212833856189728,0.005853658536585366,100.0,-0.195540308747856
1519.641984034669,0.0033286801620396023,basophils,PLASMA,0.8,Decision Tree Regressor,BayesSearchCV,0.018212833856189728,0.005853658536585366,100.0,-0.195540308747856
1508.071105983644,0.0033087084567452055,basophils,PLASMA,0.8,Decision Tree Regressor,BayesSearchCV,0.018212833856189728,0.005853658536585366,100.0,-0.195540308747856
1521.57046370984,0.003301882683791695,basophils,PLASMA,0.8,Decision Tree Regressor,BayesSearchCV,0.018212833856189728,0.005853658536585366,100.0,-0.195540308747856
1523.498943385011,0.00327105724085431,basophils,PLASMA,0.8,Decision Tree Regressor,BayesSearchCV,0.018212833856189728,0.005853658536585366,100.0,-0.195540308747856
1506.142626308473,0.003263636003042793,basophils,PLASMA,0.8,Decision Tree Regressor,BayesSearchCV,0.018212833856189728,0.005853658536585366,100.0,-0.195540308747856
1525.427423060182,0.003252099104364857,basophils,PLASMA,0.8,Decision Tree Regressor,BayesSearchCV,0.018212833856189728,0.005853658536585366,100.0,-0.195540308747856
1504.214146633302,0.0032244036799012896,basophils,PLASMA,0.8,Decision Tree Regressor,BayesSearchCV,0.018212833856189728,0.005853658536585366,100.0,-0.195540308747856
1527.355902735353,0.003195241104281132,basophils,PLASMA,0.8,Decision Tree Regressor,BayesSearchCV,0.018212833856189728,0.005853658536585366,100.0,-0.195540308747856
1502.285666958131,0.003155998502955027,basophils,PLASMA,0.8,Decision Tree Regressor,BayesSearchCV,0.018212833856189728,0.005853658536585366,100.0,-0.195540308747856
1529.284382410524,0.00309352944252555,basophils,PLASMA,0.8,Decision Tree Regressor,BayesSearchCV,0.018212833856189728,0.005853658536585366,100.0,-0.195540308747856
1500.35718728296,0.003090310748343736,basophils,PLASMA,0.8,Decision Tree Regressor,BayesSearchCV,0.018212833856189728,0.005853658536585366,100.0,-0.195540308747856
1531.212862085695,0.0029992896050165608,basophils,PLASMA,0.8,Decision Tree Regressor,BayesSearchCV,0.018212833856189728,0.005853658536585366,100.0,-0.195540308747856
1498.428707607789,0.0029943054641618843,basophils,PLASMA,0.8,Decision Tree Regressor,BayesSearchCV,0.018212833856189728,0.005853658536585366,100.0,-0.195540308747856
1496.500227932618,0.0028778243183561684,basophils,PLASMA,0.8,Decision Tree Regressor,BayesSearchCV,0.018212833856189728,0.005853658536585366,100.0,-0.195540308747856
1533.141341760865,0.0028317296276613993,basophils,PLASMA,0.8,Decision Tree Regressor,BayesSearchCV,0.018212833856189728,0.005853658536585366,100.0,-0.195540308747856
1521.57046370984,0.8820457381010345,basophils,PLASMA,0.8,Decision Tree Regressor,BayesSearchCV,0.01719522882371835,0.007546383156139254,82.03703703703704,-0.0656757682640603
1540.855260461549,0.09572459855016982,basophils,PLASMA,0.8,Decision Tree Regressor,BayesSearchCV,0.01719522882371835,0.007546383156139254,82.03703703703704,-0.0656757682640603
1477.215431180909,0.022229663348795822,basophils,PLASMA,0.8,Decision Tree Regressor,BayesSearchCV,0.01719522882371835,0.007546383156139254,82.03703703703704,-0.0656757682640603
929.5272034323739,0.0,basophils,PLASMA,0.8,Decision Tree Regressor,BayesSearchCV,0.01719522882371835,0.007546383156139254,82.03703703703704,-0.0656757682640603
2566.806447652468,0.0,basophils,PLASMA,0.8,Decision Tree Regressor,BayesSearchCV,0.01719522882371835,0.007546383156139254,82.03703703703704,-0.0656757682640603
2551.378610251101,0.0,basophils,PLASMA,0.8,Decision Tree Regressor,BayesSearchCV,0.01719522882371835,0.007546383156139254,82.03703703703704,-0.0656757682640603
2553.307089926272,0.0,basophils,PLASMA,0.8,Decision Tree Regressor,BayesSearchCV,0.01719522882371835,0.007546383156139254,82.03703703703704,-0.0656757682640603
2555.235569601442,0.0,basophils,PLASMA,0.8,Decision Tree Regressor,BayesSearchCV,0.01719522882371835,0.007546383156139254,82.03703703703704,-0.0656757682640603
2557.164049276613,0.0,basophils,PLASMA,0.8,Decision Tree Regressor,BayesSearchCV,0.01719522882371835,0.007546383156139254,82.03703703703704,-0.0656757682640603
2559.092528951784,0.0,basophils,PLASMA,0.8,Decision Tree Regressor,BayesSearchCV,0.01719522882371835,0.007546383156139254,82.03703703703704,-0.0656757682640603
2561.021008626955,0.0,basophils,PLASMA,0.8,Decision Tree Regressor,BayesSearchCV,0.01719522882371835,0.007546383156139254,82.03703703703704,-0.0656757682640603
2562.949488302126,0.0,basophils,PLASMA,0.8,Decision Tree Regressor,BayesSearchCV,0.01719522882371835,0.007546383156139254,82.03703703703704,-0.0656757682640603
2564.877967977297,0.0,basophils,PLASMA,0.8,Decision Tree Regressor,BayesSearchCV,0.01719522882371835,0.007546383156139254,82.03703703703704,-0.0656757682640603
2568.734927327639,0.0,basophils,PLASMA,0.8,Decision Tree Regressor,BayesSearchCV,0.01719522882371835,0.007546383156139254,82.03703703703704,-0.0656757682640603
2547.521650900759,0.0,basophils,PLASMA,0.8,Decision Tree Regressor,BayesSearchCV,0.01719522882371835,0.007546383156139254,82.03703703703704,-0.0656757682640603
2570.663407002809,0.0,basophils,PLASMA,0.8,Decision Tree Regressor,BayesSearchCV,0.01719522882371835,0.007546383156139254,82.03703703703704,-0.0656757682640603
2572.59188667798,0.0,basophils,PLASMA,0.8,Decision Tree Regressor,BayesSearchCV,0.01719522882371835,0.007546383156139254,82.03703703703704,-0.0656757682640603
2574.520366353152,0.0,basophils,PLASMA,0.8,Decision Tree Regressor,BayesSearchCV,0.01719522882371835,0.007546383156139254,82.03703703703704,-0.0656757682640603
2576.448846028322,0.0,basophils,PLASMA,0.8,Decision Tree Regressor,BayesSearchCV,0.01719522882371835,0.007546383156139254,82.03703703703704,-0.0656757682640603
2578.377325703493,0.0,basophils,PLASMA,0.8,Decision Tree Regressor,BayesSearchCV,0.01719522882371835,0.007546383156139254,82.03703703703704,-0.0656757682640603
1511.928065333986,0.0033959722242909315,basophils,PLASMA,0.8,Decision Tree Regressor,BayesSearchCV,0.018212833856189728,0.005853658536585366,100.0,-0.195540308747856
1513.856545009157,0.00339399908245247,basophils,PLASMA,0.8,Decision Tree Regressor,BayesSearchCV,0.018212833856189728,0.005853658536585366,100.0,-0.195540308747856
1515.785024684327,0.0033792433437354868,basophils,PLASMA,0.8,Decision Tree Regressor,BayesSearchCV,0.018212833856189728,0.005853658536585366,100.0,-0.195540308747856
1509.999585658815,0.0033682635866844617,basophils,PLASMA,0.8,Decision Tree Regressor,BayesSearchCV,0.018212833856189728,0.005853658536585366,100.0,-0.195540308747856
1517.713504359498,0.003349147443928249,basophils,PLASMA,0.8,Decision Tree Regressor,BayesSearchCV,0.018212833856189728,0.005853658536585366,100.0,-0.195540308747856
1519.641984034669,0.0033286801620396014,basophils,PLASMA,0.8,Decision Tree Regressor,BayesSearchCV,0.018212833856189728,0.005853658536585366,100.0,-0.195540308747856
1508.071105983644,0.003308708456745207,basophils,PLASMA,0.8,Decision Tree Regressor,BayesSearchCV,0.018212833856189728,0.005853658536585366,100.0,-0.195540308747856
1521.57046370984,0.003301882683791694,basophils,PLASMA,0.8,Decision Tree Regressor,BayesSearchCV,0.018212833856189728,0.005853658536585366,100.0,-0.195540308747856
1523.498943385011,0.0032710572408543087,basophils,PLASMA,0.8,Decision Tree Regressor,BayesSearchCV,0.018212833856189728,0.005853658536585366,100.0,-0.195540308747856
1506.142626308473,0.003263636003042794,basophils,PLASMA,0.8,Decision Tree Regressor,BayesSearchCV,0.018212833856189728,0.005853658536585366,100.0,-0.195540308747856
1525.427423060182,0.003252099104364857,basophils,PLASMA,0.8,Decision Tree Regressor,BayesSearchCV,0.018212833856189728,0.005853658536585366,100.0,-0.195540308747856
1504.214146633302,0.0032244036799012896,basophils,PLASMA,0.8,Decision Tree Regressor,BayesSearchCV,0.018212833856189728,0.005853658536585366,100.0,-0.195540308747856
1527.355902735353,0.003195241104281133,basophils,PLASMA,0.8,Decision Tree Regressor,BayesSearchCV,0.018212833856189728,0.005853658536585366,100.0,-0.195540308747856
1502.285666958131,0.003155998502955028,basophils,PLASMA,0.8,Decision Tree Regressor,BayesSearchCV,0.018212833856189728,0.005853658536585366,100.0,-0.195540308747856
1529.284382410524,0.0030935294425255516,basophils,PLASMA,0.8,Decision Tree Regressor,BayesSearchCV,0.018212833856189728,0.005853658536585366,100.0,-0.195540308747856
1500.35718728296,0.0030903107483437366,basophils,PLASMA,0.8,Decision Tree Regressor,BayesSearchCV,0.018212833856189728,0.005853658536585366,100.0,-0.195540308747856
1531.212862085695,0.002999289605016562,basophils,PLASMA,0.8,Decision Tree Regressor,BayesSearchCV,0.018212833856189728,0.005853658536585366,100.0,-0.195540308747856
1498.428707607789,0.002994305464161887,basophils,PLASMA,0.8,Decision Tree Regressor,BayesSearchCV,0.018212833856189728,0.005853658536585366,100.0,-0.195540308747856
1496.500227932618,0.0028778243183561715,basophils,PLASMA,0.8,Decision Tree Regressor,BayesSearchCV,0.018212833856189728,0.005853658536585366,100.0,-0.195540308747856
1533.141341760865,0.002831729627661401,basophils,PLASMA,0.8,Decision Tree Regressor,BayesSearchCV,0.018212833856189728,0.005853658536585366,100.0,-0.195540308747856
1521.57046370984,0.8820457381010345,basophils,PLASMA,0.8,Decision Tree Regressor,BayesSearchCV,0.01719522882371835,0.007546383156139254,82.03703703703704,-0.0656757682640603
1540.855260461549,0.09572459855016982,basophils,PLASMA,0.8,Decision Tree Regressor,BayesSearchCV,0.01719522882371835,0.007546383156139254,82.03703703703704,-0.0656757682640603
1477.215431180909,0.022229663348795822,basophils,PLASMA,0.8,Decision Tree Regressor,BayesSearchCV,0.01719522882371835,0.007546383156139254,82.03703703703704,-0.0656757682640603
929.5272034323739,0.0,basophils,PLASMA,0.8,Decision Tree Regressor,BayesSearchCV,0.01719522882371835,0.007546383156139254,82.03703703703704,-0.0656757682640603
2566.806447652468,0.0,basophils,PLASMA,0.8,Decision Tree Regressor,BayesSearchCV,0.01719522882371835,0.007546383156139254,82.03703703703704,-0.0656757682640603
2551.378610251101,0.0,basophils,PLASMA,0.8,Decision Tree Regressor,BayesSearchCV,0.01719522882371835,0.007546383156139254,82.03703703703704,-0.0656757682640603
2553.307089926272,0.0,basophils,PLASMA,0.8,Decision Tree Regressor,BayesSearchCV,0.01719522882371835,0.007546383156139254,82.03703703703704,-0.0656757682640603
2555.235569601442,0.0,basophils,PLASMA,0.8,Decision Tree Regressor,BayesSearchCV,0.01719522882371835,0.007546383156139254,82.03703703703704,-0.0656757682640603
2557.164049276613,0.0,basophils,PLASMA,0.8,Decision Tree Regressor,BayesSearchCV,0.01719522882371835,0.007546383156139254,82.03703703703704,-0.0656757682640603
2559.092528951784,0.0,basophils,PLASMA,0.8,Decision Tree Regressor,BayesSearchCV,0.01719522882371835,0.007546383156139254,82.03703703703704,-0.0656757682640603
2561.021008626955,0.0,basophils,PLASMA,0.8,Decision Tree Regressor,BayesSearchCV,0.01719522882371835,0.007546383156139254,82.03703703703704,-0.0656757682640603
2562.949488302126,0.0,basophils,PLASMA,0.8,Decision Tree Regressor,BayesSearchCV,0.01719522882371835,0.007546383156139254,82.03703703703704,-0.0656757682640603
2564.877967977297,0.0,basophils,PLASMA,0.8,Decision Tree Regressor,BayesSearchCV,0.01719522882371835,0.007546383156139254,82.03703703703704,-0.0656757682640603
2568.734927327639,0.0,basophils,PLASMA,0.8,Decision Tree Regressor,BayesSearchCV,0.01719522882371835,0.007546383156139254,82.03703703703704,-0.0656757682640603
2547.521650900759,0.0,basophils,PLASMA,0.8,Decision Tree Regressor,BayesSearchCV,0.01719522882371835,0.007546383156139254,82.03703703703704,-0.0656757682640603
2570.663407002809,0.0,basophils,PLASMA,0.8,Decision Tree Regressor,BayesSearchCV,0.01719522882371835,0.007546383156139254,82.03703703703704,-0.0656757682640603
2572.59188667798,0.0,basophils,PLASMA,0.8,Decision Tree Regressor,BayesSearchCV,0.01719522882371835,0.007546383156139254,82.03703703703704,-0.0656757682640603
2574.520366353152,0.0,basophils,PLASMA,0.8,Decision Tree Regressor,BayesSearchCV,0.01719522882371835,0.007546383156139254,82.03703703703704,-0.0656757682640603
2576.448846028322,0.0,basophils,PLASMA,0.8,Decision Tree Regressor,BayesSearchCV,0.01719522882371835,0.007546383156139254,82.03703703703704,-0.0656757682640603
2578.377325703493,0.0,basophils,PLASMA,0.8,Decision Tree Regressor,BayesSearchCV,0.01719522882371835,0.007546383156139254,82.03703703703704,-0.0656757682640603
950.7404798592538,0.00695043797678437,basophils,SALIVA,0.8,Decision Tree Regressor,BayesSearchCV,0.019145105194541316,0.00890079365079365,98.79999999999998,-0.21718342118473855
952.6689595344246,0.006852841128015253,basophils,SALIVA,0.8,Decision Tree Regressor,BayesSearchCV,0.019145105194541316,0.00890079365079365,98.79999999999998,-0.21718342118473855
954.5974392095954,0.006361706324179173,basophils,SALIVA,0.8,Decision Tree Regressor,BayesSearchCV,0.019145105194541316,0.00890079365079365,98.79999999999998,-0.21718342118473855
948.812000184083,0.006290530363462458,basophils,SALIVA,0.8,Decision Tree Regressor,BayesSearchCV,0.019145105194541316,0.00890079365079365,98.79999999999998,-0.21718342118473855
956.5259188847667,0.005529586685665438,basophils,SALIVA,0.8,Decision Tree Regressor,BayesSearchCV,0.019145105194541316,0.00890079365079365,98.79999999999998,-0.21718342118473855
946.8835205089117,0.005363869777055279,basophils,SALIVA,0.8,Decision Tree Regressor,BayesSearchCV,0.019145105194541316,0.00890079365079365,98.79999999999998,-0.21718342118473855
962.3113579102792,0.005293358090396475,basophils,SALIVA,0.8,Decision Tree Regressor,BayesSearchCV,0.019145105194541316,0.00890079365079365,98.79999999999998,-0.21718342118473855
939.1696018082284,0.004782061633117561,basophils,SALIVA,0.8,Decision Tree Regressor,BayesSearchCV,0.019145105194541316,0.00890079365079365,98.79999999999998,-0.21718342118473855
944.9550408337414,0.004781767439835508,basophils,SALIVA,0.8,Decision Tree Regressor,BayesSearchCV,0.019145105194541316,0.00890079365079365,98.79999999999998,-0.21718342118473855
960.3828782351084,0.004766850406623143,basophils,SALIVA,0.8,Decision Tree Regressor,BayesSearchCV,0.019145105194541316,0.00890079365079365,98.79999999999998,-0.21718342118473855
937.2411221330576,0.004567523694130146,basophils,SALIVA,0.8,Decision Tree Regressor,BayesSearchCV,0.019145105194541316,0.00890079365079365,98.79999999999998,-0.21718342118473855
1263.15418723694,0.004503081729977256,basophils,SALIVA,0.8,Decision Tree Regressor,BayesSearchCV,0.019145105194541316,0.00890079365079365,98.79999999999998,-0.21718342118473855
958.4543985599371,0.004502252967820667,basophils,SALIVA,0.8,Decision Tree Regressor,BayesSearchCV,0.019145105194541316,0.00890079365079365,98.79999999999998,-0.21718342118473855
1727.917788953126,0.004460661476232004,basophils,SALIVA,0.8,Decision Tree Regressor,BayesSearchCV,0.019145105194541316,0.00890079365079365,98.79999999999998,-0.21718342118473855
964.23983758545,0.004396459500298918,basophils,SALIVA,0.8,Decision Tree Regressor,BayesSearchCV,0.019145105194541316,0.00890079365079365,98.79999999999998,-0.21718342118473855
1261.225707561769,0.004365133278096914,basophils,SALIVA,0.8,Decision Tree Regressor,BayesSearchCV,0.019145105194541316,0.00890079365079365,98.79999999999998,-0.21718342118473855
943.0265611585701,0.004337074063242494,basophils,SALIVA,0.8,Decision Tree Regressor,BayesSearchCV,0.019145105194541316,0.00890079365079365,98.79999999999998,-0.21718342118473855
1265.08266691211,0.004286313213074923,basophils,SALIVA,0.8,Decision Tree Regressor,BayesSearchCV,0.019145105194541316,0.00890079365079365,98.79999999999998,-0.21718342118473855
941.0980814833993,0.004270236543551063,basophils,SALIVA,0.8,Decision Tree Regressor,BayesSearchCV,0.019145105194541316,0.00890079365079365,98.79999999999998,-0.21718342118473855
1259.297227886598,0.0042195731871202315,basophils,SALIVA,0.8,Decision Tree Regressor,BayesSearchCV,0.019145105194541316,0.00890079365079365,98.79999999999998,-0.21718342118473855
2657.4449923855,0.9999999999999828,basophils,SALIVA,0.8,Decision Tree Regressor,BayesSearchCV,0.01825741858350554,0.005714285714285715,100.0,-0.10692771084337327
1359.578170995484,4.466912950640214e-15,basophils,SALIVA,0.8,Decision Tree Regressor,BayesSearchCV,0.01825741858350554,0.005714285714285715,100.0,-0.10692771084337327
1255.440268536256,3.5995512126518234e-15,basophils,SALIVA,0.8,Decision Tree Regressor,BayesSearchCV,0.01825741858350554,0.005714285714285715,100.0,-0.10692771084337327
2578.377325703493,2.9490299091605295e-15,basophils,SALIVA,0.8,Decision Tree Regressor,BayesSearchCV,0.01825741858350554,0.005714285714285715,100.0,-0.10692771084337327
1768.415862131715,2.862293735361691e-15,basophils,SALIVA,0.8,Decision Tree Regressor,BayesSearchCV,0.01825741858350554,0.005714285714285715,100.0,-0.10692771084337327
1589.067252340822,1.7347234759767822e-15,basophils,SALIVA,0.8,Decision Tree Regressor,BayesSearchCV,0.01825741858350554,0.005714285714285715,100.0,-0.10692771084337327
1826.270252386842,6.071532165918738e-16,basophils,SALIVA,0.8,Decision Tree Regressor,BayesSearchCV,0.01825741858350554,0.005714285714285715,100.0,-0.10692771084337327
1833.984171087526,3.4694469519535644e-16,basophils,SALIVA,0.8,Decision Tree Regressor,BayesSearchCV,0.01825741858350554,0.005714285714285715,100.0,-0.10692771084337327
991.2385530378428,1.7347234759767822e-16,basophils,SALIVA,0.8,Decision Tree Regressor,BayesSearchCV,0.01825741858350554,0.005714285714285715,100.0,-0.10692771084337327
1174.444122179078,1.7347234759767822e-16,basophils,SALIVA,0.8,Decision Tree Regressor,BayesSearchCV,0.01825741858350554,0.005714285714285715,100.0,-0.10692771084337327
2707.585463939944,1.5178830414796845e-16,basophils,SALIVA,0.8,Decision Tree Regressor,BayesSearchCV,0.01825741858350554,0.005714285714285715,100.0,-0.10692771084337327
2624.660837907595,5.4210108624274445e-17,basophils,SALIVA,0.8,Decision Tree Regressor,BayesSearchCV,0.01825741858350554,0.005714285714285715,100.0,-0.10692771084337327
2580.305805378664,0.0,basophils,SALIVA,0.8,Decision Tree Regressor,BayesSearchCV,0.01825741858350554,0.005714285714285715,100.0,-0.10692771084337327
2586.091244404177,0.0,basophils,SALIVA,0.8,Decision Tree Regressor,BayesSearchCV,0.01825741858350554,0.005714285714285715,100.0,-0.10692771084337327
2589.948203754519,0.0,basophils,SALIVA,0.8,Decision Tree Regressor,BayesSearchCV,0.01825741858350554,0.005714285714285715,100.0,-0.10692771084337327
2588.019724079348,0.0,basophils,SALIVA,0.8,Decision Tree Regressor,BayesSearchCV,0.01825741858350554,0.005714285714285715,100.0,-0.10692771084337327
2561.021008626955,0.0,basophils,SALIVA,0.8,Decision Tree Regressor,BayesSearchCV,0.01825741858350554,0.005714285714285715,100.0,-0.10692771084337327
2562.949488302126,0.0,basophils,SALIVA,0.8,Decision Tree Regressor,BayesSearchCV,0.01825741858350554,0.005714285714285715,100.0,-0.10692771084337327
2564.877967977297,0.0,basophils,SALIVA,0.8,Decision Tree Regressor,BayesSearchCV,0.01825741858350554,0.005714285714285715,100.0,-0.10692771084337327
2566.806447652468,0.0,basophils,SALIVA,0.8,Decision Tree Regressor,BayesSearchCV,0.01825741858350554,0.005714285714285715,100.0,-0.10692771084337327
950.7404798592538,0.006311400634381018,basophils,SALIVA,0.8,Decision Tree Regressor,BayesSearchCV,0.018257418583505537,0.005714285714285715,100.0,-0.10692771084337327
952.6689595344246,0.006087313057376501,basophils,SALIVA,0.8,Decision Tree Regressor,BayesSearchCV,0.018257418583505537,0.005714285714285715,100.0,-0.10692771084337327
948.812000184083,0.005714102146632162,basophils,SALIVA,0.8,Decision Tree Regressor,BayesSearchCV,0.018257418583505537,0.005714285714285715,100.0,-0.10692771084337327
954.5974392095954,0.005399951344637798,basophils,SALIVA,0.8,Decision Tree Regressor,BayesSearchCV,0.018257418583505537,0.005714285714285715,100.0,-0.10692771084337327
1727.917788953126,0.005026735621250965,basophils,SALIVA,0.8,Decision Tree Regressor,BayesSearchCV,0.018257418583505537,0.005714285714285715,100.0,-0.10692771084337327
1263.15418723694,0.004920155224145934,basophils,SALIVA,0.8,Decision Tree Regressor,BayesSearchCV,0.018257418583505537,0.005714285714285715,100.0,-0.10692771084337327
1261.225707561769,0.004817892205488638,basophils,SALIVA,0.8,Decision Tree Regressor,BayesSearchCV,0.018257418583505537,0.005714285714285715,100.0,-0.10692771084337327
946.8835205089117,0.0048110152093549146,basophils,SALIVA,0.8,Decision Tree Regressor,BayesSearchCV,0.018257418583505537,0.005714285714285715,100.0,-0.10692771084337327
1259.297227886598,0.004721772514015006,basophils,SALIVA,0.8,Decision Tree Regressor,BayesSearchCV,0.018257418583505537,0.005714285714285715,100.0,-0.10692771084337327
1265.08266691211,0.0046675218475142576,basophils,SALIVA,0.8,Decision Tree Regressor,BayesSearchCV,0.018257418583505537,0.005714285714285715,100.0,-0.10692771084337327
1257.368748211427,0.004461537901183841,basophils,SALIVA,0.8,Decision Tree Regressor,BayesSearchCV,0.018257418583505537,0.005714285714285715,100.0,-0.10692771084337327
1267.011146587281,0.0042904404375784695,basophils,SALIVA,0.8,Decision Tree Regressor,BayesSearchCV,0.018257418583505537,0.005714285714285715,100.0,-0.10692771084337327
956.5259188847667,0.004267797582787993,basophils,SALIVA,0.8,Decision Tree Regressor,BayesSearchCV,0.018257418583505537,0.005714285714285715,100.0,-0.10692771084337327
939.1696018082284,0.0042666333716702065,basophils,SALIVA,0.8,Decision Tree Regressor,BayesSearchCV,0.018257418583505537,0.005714285714285715,100.0,-0.10692771084337327
1268.939626262452,0.004262621170176716,basophils,SALIVA,0.8,Decision Tree Regressor,BayesSearchCV,0.018257418583505537,0.005714285714285715,100.0,-0.10692771084337327
944.9550408337414,0.004262221590760336,basophils,SALIVA,0.8,Decision Tree Regressor,BayesSearchCV,0.018257418583505537,0.005714285714285715,100.0,-0.10692771084337327
1270.868105937623,0.004107625367570456,basophils,SALIVA,0.8,Decision Tree Regressor,BayesSearchCV,0.018257418583505537,0.005714285714285715,100.0,-0.10692771084337327
1255.440268536256,0.004107093563901951,basophils,SALIVA,0.8,Decision Tree Regressor,BayesSearchCV,0.018257418583505537,0.005714285714285715,100.0,-0.10692771084337327
937.2411221330576,0.004064778953453878,basophils,SALIVA,0.8,Decision Tree Regressor,BayesSearchCV,0.018257418583505537,0.005714285714285715,100.0,-0.10692771084337327
962.3113579102792,0.0040546028754384015,basophils,SALIVA,0.8,Decision Tree Regressor,BayesSearchCV,0.018257418583505537,0.005714285714285715,100.0,-0.10692771084337327
2545.593171225588,0.9999999999999228,basophils,SALIVA,0.8,Decision Tree Regressor,BayesSearchCV,0.018126539343499316,0.005714285714285715,90.0,-0.09111445783132499
1452.145195403688,2.2161092405602035e-14,basophils,SALIVA,0.8,Decision Tree Regressor,BayesSearchCV,0.018126539343499316,0.005714285714285715,90.0,-0.09111445783132499
2634.303236283449,1.8388068845352767e-14,basophils,SALIVA,0.8,Decision Tree Regressor,BayesSearchCV,0.018126539343499316,0.005714285714285715,90.0,-0.09111445783132499
2672.872829786867,1.6740081543174923e-14,basophils,SALIVA,0.8,Decision Tree Regressor,BayesSearchCV,0.018126539343499316,0.005714285714285715,90.0,-0.09111445783132499
1826.270252386842,7.979727989492708e-15,basophils,SALIVA,0.8,Decision Tree Regressor,BayesSearchCV,0.018126539343499316,0.005714285714285715,90.0,-0.09111445783132499
2640.088675308962,4.683753385137025e-15,basophils,SALIVA,0.8,Decision Tree Regressor,BayesSearchCV,0.018126539343499316,0.005714285714285715,90.0,-0.09111445783132499
1589.067252340822,3.469446951953352e-15,basophils,SALIVA,0.8,Decision Tree Regressor,BayesSearchCV,0.018126539343499316,0.005714285714285715,90.0,-0.09111445783132499
2624.660837907595,2.2551405187696784e-15,basophils,SALIVA,0.8,Decision Tree Regressor,BayesSearchCV,0.018126539343499316,0.005714285714285715,90.0,-0.09111445783132499
2840.650561526736,1.4745149545801746e-15,basophils,SALIVA,0.8,Decision Tree Regressor,BayesSearchCV,0.018126539343499316,0.005714285714285715,90.0,-0.09111445783132499
2570.663407002809,0.0,basophils,SALIVA,0.8,Decision Tree Regressor,BayesSearchCV,0.018126539343499316,0.005714285714285715,90.0,-0.09111445783132499
2559.092528951784,0.0,basophils,SALIVA,0.8,Decision Tree Regressor,BayesSearchCV,0.018126539343499316,0.005714285714285715,90.0,-0.09111445783132499
2582.234285053835,0.0,basophils,SALIVA,0.8,Decision Tree Regressor,BayesSearchCV,0.018126539343499316,0.005714285714285715,90.0,-0.09111445783132499
2549.45013057593,0.0,basophils,SALIVA,0.8,Decision Tree Regressor,BayesSearchCV,0.018126539343499316,0.005714285714285715,90.0,-0.09111445783132499
2551.378610251101,0.0,basophils,SALIVA,0.8,Decision Tree Regressor,BayesSearchCV,0.018126539343499316,0.005714285714285715,90.0,-0.09111445783132499
2553.307089926272,0.0,basophils,SALIVA,0.8,Decision Tree Regressor,BayesSearchCV,0.018126539343499316,0.005714285714285715,90.0,-0.09111445783132499
2580.305805378664,0.0,basophils,SALIVA,0.8,Decision Tree Regressor,BayesSearchCV,0.018126539343499316,0.005714285714285715,90.0,-0.09111445783132499
2555.235569601442,0.0,basophils,SALIVA,0.8,Decision Tree Regressor,BayesSearchCV,0.018126539343499316,0.005714285714285715,90.0,-0.09111445783132499
2557.164049276613,0.0,basophils,SALIVA,0.8,Decision Tree Regressor,BayesSearchCV,0.018126539343499316,0.005714285714285715,90.0,-0.09111445783132499
2578.377325703493,0.0,basophils,SALIVA,0.8,Decision Tree Regressor,BayesSearchCV,0.018126539343499316,0.005714285714285715,90.0,-0.09111445783132499
2568.734927327639,0.0,basophils,SALIVA,0.8,Decision Tree Regressor,BayesSearchCV,0.018126539343499316,0.005714285714285715,90.0,-0.09111445783132499
933.3841627827155,0.004253880503946577,basophils,SERUM,0.8,Decision Tree Regressor,BayesSearchCV,0.01797435230321865,0.007362105263157895,73.25146198830409,-0.22959977438714185
935.3126424578863,0.004249102633877777,basophils,SERUM,0.8,Decision Tree Regressor,BayesSearchCV,0.01797435230321865,0.007362105263157895,73.25146198830409,-0.22959977438714185
931.4556831075452,0.0038788622689345433,basophils,SERUM,0.8,Decision Tree Regressor,BayesSearchCV,0.01797435230321865,0.007362105263157895,73.25146198830409,-0.22959977438714185
937.2411221330576,0.0038246946064868738,basophils,SERUM,0.8,Decision Tree Regressor,BayesSearchCV,0.01797435230321865,0.007362105263157895,73.25146198830409,-0.22959977438714185
1594.852691366334,0.003813570697131771,basophils,SERUM,0.8,Decision Tree Regressor,BayesSearchCV,0.01797435230321865,0.007362105263157895,73.25146198830409,-0.22959977438714185
1592.924211691163,0.0037837316117691655,basophils,SERUM,0.8,Decision Tree Regressor,BayesSearchCV,0.01797435230321865,0.007362105263157895,73.25146198830409,-0.22959977438714185
1596.781171041505,0.003747015795500685,basophils,SERUM,0.8,Decision Tree Regressor,BayesSearchCV,0.01797435230321865,0.007362105263157895,73.25146198830409,-0.22959977438714185
1590.995732015992,0.0036382376518242898,basophils,SERUM,0.8,Decision Tree Regressor,BayesSearchCV,0.01797435230321865,0.007362105263157895,73.25146198830409,-0.22959977438714185
1598.709650716676,0.003605692203794877,basophils,SERUM,0.8,Decision Tree Regressor,BayesSearchCV,0.01797435230321865,0.007362105263157895,73.25146198830409,-0.22959977438714185
1481.072390531251,0.0034453421692186514,basophils,SERUM,0.8,Decision Tree Regressor,BayesSearchCV,0.01797435230321865,0.007362105263157895,73.25146198830409,-0.22959977438714185
1483.000870206422,0.0034129386524885744,basophils,SERUM,0.8,Decision Tree Regressor,BayesSearchCV,0.01797435230321865,0.007362105263157895,73.25146198830409,-0.22959977438714185
1600.638130391847,0.0034124913245281163,basophils,SERUM,0.8,Decision Tree Regressor,BayesSearchCV,0.01797435230321865,0.007362105263157895,73.25146198830409,-0.22959977438714185
929.5272034323739,0.0034069927921032334,basophils,SERUM,0.8,Decision Tree Regressor,BayesSearchCV,0.01797435230321865,0.007362105263157895,73.25146198830409,-0.22959977438714185
1589.067252340822,0.0033987627558195385,basophils,SERUM,0.8,Decision Tree Regressor,BayesSearchCV,0.01797435230321865,0.007362105263157895,73.25146198830409,-0.22959977438714185
1479.14391085608,0.0033471994653133984,basophils,SERUM,0.8,Decision Tree Regressor,BayesSearchCV,0.01797435230321865,0.007362105263157895,73.25146198830409,-0.22959977438714185
1484.929349881593,0.003312644352504859,basophils,SERUM,0.8,Decision Tree Regressor,BayesSearchCV,0.01797435230321865,0.007362105263157895,73.25146198830409,-0.22959977438714185
1718.275390577272,0.0033093394486339548,basophils,SERUM,0.8,Decision Tree Regressor,BayesSearchCV,0.01797435230321865,0.007362105263157895,73.25146198830409,-0.22959977438714185
939.1696018082284,0.0032584330539615325,basophils,SERUM,0.8,Decision Tree Regressor,BayesSearchCV,0.01797435230321865,0.007362105263157895,73.25146198830409,-0.22959977438714185
1602.566610067018,0.0032230513740293797,basophils,SERUM,0.8,Decision Tree Regressor,BayesSearchCV,0.01797435230321865,0.007362105263157895,73.25146198830409,-0.22959977438714185
1477.215431180909,0.0032134503735926447,basophils,SERUM,0.8,Decision Tree Regressor,BayesSearchCV,0.01797435230321865,0.007362105263157895,73.25146198830409,-0.22959977438714185
1521.57046370984,0.567495290229656,basophils,SERUM,0.8,Decision Tree Regressor,BayesSearchCV,0.017545587684708864,0.007294786096256685,64.70588235294116,-0.17163709686701156
1600.638130391847,0.21963950839743657,basophils,SERUM,0.8,Decision Tree Regressor,BayesSearchCV,0.017545587684708864,0.007294786096256685,64.70588235294116,-0.17163709686701156
1130.089089650148,0.1641770729297106,basophils,SERUM,0.8,Decision Tree Regressor,BayesSearchCV,0.017545587684708864,0.007294786096256685,64.70588235294116,-0.17163709686701156
2607.304520831057,0.047888258638194056,basophils,SERUM,0.8,Decision Tree Regressor,BayesSearchCV,0.017545587684708864,0.007294786096256685,64.70588235294116,-0.17163709686701156
2678.65826881238,0.0007998698050028327,basophils,SERUM,0.8,Decision Tree Regressor,BayesSearchCV,0.017545587684708864,0.007294786096256685,64.70588235294116,-0.17163709686701156
929.5272034323739,0.0,basophils,SERUM,0.8,Decision Tree Regressor,BayesSearchCV,0.017545587684708864,0.007294786096256685,64.70588235294116,-0.17163709686701156
2566.806447652468,0.0,basophils,SERUM,0.8,Decision Tree Regressor,BayesSearchCV,0.017545587684708864,0.007294786096256685,64.70588235294116,-0.17163709686701156
2553.307089926272,0.0,basophils,SERUM,0.8,Decision Tree Regressor,BayesSearchCV,0.017545587684708864,0.007294786096256685,64.70588235294116,-0.17163709686701156
2555.235569601442,0.0,basophils,SERUM,0.8,Decision Tree Regressor,BayesSearchCV,0.017545587684708864,0.007294786096256685,64.70588235294116,-0.17163709686701156
2557.164049276613,0.0,basophils,SERUM,0.8,Decision Tree Regressor,BayesSearchCV,0.017545587684708864,0.007294786096256685,64.70588235294116,-0.17163709686701156
2559.092528951784,0.0,basophils,SERUM,0.8,Decision Tree Regressor,BayesSearchCV,0.017545587684708864,0.007294786096256685,64.70588235294116,-0.17163709686701156
2561.021008626955,0.0,basophils,SERUM,0.8,Decision Tree Regressor,BayesSearchCV,0.017545587684708864,0.007294786096256685,64.70588235294116,-0.17163709686701156
2562.949488302126,0.0,basophils,SERUM,0.8,Decision Tree Regressor,BayesSearchCV,0.017545587684708864,0.007294786096256685,64.70588235294116,-0.17163709686701156
2564.877967977297,0.0,basophils,SERUM,0.8,Decision Tree Regressor,BayesSearchCV,0.017545587684708864,0.007294786096256685,64.70588235294116,-0.17163709686701156
2570.663407002809,0.0,basophils,SERUM,0.8,Decision Tree Regressor,BayesSearchCV,0.017545587684708864,0.007294786096256685,64.70588235294116,-0.17163709686701156
2568.734927327639,0.0,basophils,SERUM,0.8,Decision Tree Regressor,BayesSearchCV,0.017545587684708864,0.007294786096256685,64.70588235294116,-0.17163709686701156
2549.45013057593,0.0,basophils,SERUM,0.8,Decision Tree Regressor,BayesSearchCV,0.017545587684708864,0.007294786096256685,64.70588235294116,-0.17163709686701156
2572.59188667798,0.0,basophils,SERUM,0.8,Decision Tree Regressor,BayesSearchCV,0.017545587684708864,0.007294786096256685,64.70588235294116,-0.17163709686701156
2574.520366353152,0.0,basophils,SERUM,0.8,Decision Tree Regressor,BayesSearchCV,0.017545587684708864,0.007294786096256685,64.70588235294116,-0.17163709686701156
2576.448846028322,0.0,basophils,SERUM,0.8,Decision Tree Regressor,BayesSearchCV,0.017545587684708864,0.007294786096256685,64.70588235294116,-0.17163709686701156
933.3841627827155,0.004212573978362553,basophils,SERUM,0.8,Decision Tree Regressor,BayesSearchCV,0.017926272618701302,0.0072575,73.27777777777777,-0.22303044719314946
935.3126424578863,0.004207079256700576,basophils,SERUM,0.8,Decision Tree Regressor,BayesSearchCV,0.017926272618701302,0.0072575,73.27777777777777,-0.22303044719314946
931.4556831075452,0.0038399993934177703,basophils,SERUM,0.8,Decision Tree Regressor,BayesSearchCV,0.017926272618701302,0.0072575,73.27777777777777,-0.22303044719314946
1594.852691366334,0.0037989612283118564,basophils,SERUM,0.8,Decision Tree Regressor,BayesSearchCV,0.017926272618701302,0.0072575,73.27777777777777,-0.22303044719314946
937.2411221330576,0.0037842639321605783,basophils,SERUM,0.8,Decision Tree Regressor,BayesSearchCV,0.017926272618701302,0.0072575,73.27777777777777,-0.22303044719314946
1592.924211691163,0.003772649409921339,basophils,SERUM,0.8,Decision Tree Regressor,BayesSearchCV,0.017926272618701302,0.0072575,73.27777777777777,-0.22303044719314946
1596.781171041505,0.003730081774295299,basophils,SERUM,0.8,Decision Tree Regressor,BayesSearchCV,0.017926272618701302,0.0072575,73.27777777777777,-0.22303044719314946
1590.995732015992,0.003631592151775928,basophils,SERUM,0.8,Decision Tree Regressor,BayesSearchCV,0.017926272618701302,0.0072575,73.27777777777777,-0.22303044719314946
1598.709650716676,0.0035869433682094447,basophils,SERUM,0.8,Decision Tree Regressor,BayesSearchCV,0.017926272618701302,0.0072575,73.27777777777777,-0.22303044719314946
1481.072390531251,0.0034622923633592004,basophils,SERUM,0.8,Decision Tree Regressor,BayesSearchCV,0.017926272618701302,0.0072575,73.27777777777777,-0.22303044719314946
1483.000870206422,0.0034307532893811735,basophils,SERUM,0.8,Decision Tree Regressor,BayesSearchCV,0.017926272618701302,0.0072575,73.27777777777777,-0.22303044719314946
1589.067252340822,0.00339711312625425,basophils,SERUM,0.8,Decision Tree Regressor,BayesSearchCV,0.017926272618701302,0.0072575,73.27777777777777,-0.22303044719314946
1600.638130391847,0.0033925772938004656,basophils,SERUM,0.8,Decision Tree Regressor,BayesSearchCV,0.017926272618701302,0.0072575,73.27777777777777,-0.22303044719314946
929.5272034323739,0.0033706531898405195,basophils,SERUM,0.8,Decision Tree Regressor,BayesSearchCV,0.017926272618701302,0.0072575,73.27777777777777,-0.22303044719314946
1479.14391085608,0.003363971451031,basophils,SERUM,0.8,Decision Tree Regressor,BayesSearchCV,0.017926272618701302,0.0072575,73.27777777777777,-0.22303044719314946
1484.929349881593,0.0033313727154001215,basophils,SERUM,0.8,Decision Tree Regressor,BayesSearchCV,0.017926272618701302,0.0072575,73.27777777777777,-0.22303044719314946
1718.275390577272,0.0032876552929587254,basophils,SERUM,0.8,Decision Tree Regressor,BayesSearchCV,0.017926272618701302,0.0072575,73.27777777777777,-0.22303044719314946
1477.215431180909,0.003229776312522232,basophils,SERUM,0.8,Decision Tree Regressor,BayesSearchCV,0.017926272618701302,0.0072575,73.27777777777777,-0.22303044719314946
939.1696018082284,0.0032206234541260277,basophils,SERUM,0.8,Decision Tree Regressor,BayesSearchCV,0.017926272618701302,0.0072575,73.27777777777777,-0.22303044719314946
1602.566610067018,0.0032024412138508887,basophils,SERUM,0.8,Decision Tree Regressor,BayesSearchCV,0.017926272618701302,0.0072575,73.27777777777777,-0.22303044719314946
1521.57046370984,0.5550923174185415,basophils,SERUM,0.8,Decision Tree Regressor,BayesSearchCV,0.01728306874902792,0.006760695187165775,64.40285204991086,-0.13683906901474963
1600.638130391847,0.2461600219139427,basophils,SERUM,0.8,Decision Tree Regressor,BayesSearchCV,0.01728306874902792,0.006760695187165775,64.40285204991086,-0.13683906901474963
1130.089089650148,0.15103515806300855,basophils,SERUM,0.8,Decision Tree Regressor,BayesSearchCV,0.01728306874902792,0.006760695187165775,64.40285204991086,-0.13683906901474963
2607.304520831057,0.046841630093275605,basophils,SERUM,0.8,Decision Tree Regressor,BayesSearchCV,0.01728306874902792,0.006760695187165775,64.40285204991086,-0.13683906901474963
2678.65826881238,0.0008708725112317029,basophils,SERUM,0.8,Decision Tree Regressor,BayesSearchCV,0.01728306874902792,0.006760695187165775,64.40285204991086,-0.13683906901474963
929.5272034323739,0.0,basophils,SERUM,0.8,Decision Tree Regressor,BayesSearchCV,0.01728306874902792,0.006760695187165775,64.40285204991086,-0.13683906901474963
2566.806447652468,0.0,basophils,SERUM,0.8,Decision Tree Regressor,BayesSearchCV,0.01728306874902792,0.006760695187165775,64.40285204991086,-0.13683906901474963
2553.307089926272,0.0,basophils,SERUM,0.8,Decision Tree Regressor,BayesSearchCV,0.01728306874902792,0.006760695187165775,64.40285204991086,-0.13683906901474963
2555.235569601442,0.0,basophils,SERUM,0.8,Decision Tree Regressor,BayesSearchCV,0.01728306874902792,0.006760695187165775,64.40285204991086,-0.13683906901474963
2557.164049276613,0.0,basophils,SERUM,0.8,Decision Tree Regressor,BayesSearchCV,0.01728306874902792,0.006760695187165775,64.40285204991086,-0.13683906901474963
2559.092528951784,0.0,basophils,SERUM,0.8,Decision Tree Regressor,BayesSearchCV,0.01728306874902792,0.006760695187165775,64.40285204991086,-0.13683906901474963
2561.021008626955,0.0,basophils,SERUM,0.8,Decision Tree Regressor,BayesSearchCV,0.01728306874902792,0.006760695187165775,64.40285204991086,-0.13683906901474963
2562.949488302126,0.0,basophils,SERUM,0.8,Decision Tree Regressor,BayesSearchCV,0.01728306874902792,0.006760695187165775,64.40285204991086,-0.13683906901474963
2564.877967977297,0.0,basophils,SERUM,0.8,Decision Tree Regressor,BayesSearchCV,0.01728306874902792,0.006760695187165775,64.40285204991086,-0.13683906901474963
2570.663407002809,0.0,basophils,SERUM,0.8,Decision Tree Regressor,BayesSearchCV,0.01728306874902792,0.006760695187165775,64.40285204991086,-0.13683906901474963
2568.734927327639,0.0,basophils,SERUM,0.8,Decision Tree Regressor,BayesSearchCV,0.01728306874902792,0.006760695187165775,64.40285204991086,-0.13683906901474963
2549.45013057593,0.0,basophils,SERUM,0.8,Decision Tree Regressor,BayesSearchCV,0.01728306874902792,0.006760695187165775,64.40285204991086,-0.13683906901474963
2572.59188667798,0.0,basophils,SERUM,0.8,Decision Tree Regressor,BayesSearchCV,0.01728306874902792,0.006760695187165775,64.40285204991086,-0.13683906901474963
2574.520366353152,0.0,basophils,SERUM,0.8,Decision Tree Regressor,BayesSearchCV,0.01728306874902792,0.006760695187165775,64.40285204991086,-0.13683906901474963
2576.448846028322,0.0,basophils,SERUM,0.8,Decision Tree Regressor,BayesSearchCV,0.01728306874902792,0.006760695187165775,64.40285204991086,-0.13683906901474963
3050.854846120364,0.006877683940052203,basophils,URINE,0.8,Decision Tree Regressor,BayesSearchCV,0.02547700396329159,0.010773667122351333,80.41666666666666,-0.14342838048726447
1384.648406772706,0.006517556488653886,basophils,URINE,0.8,Decision Tree Regressor,BayesSearchCV,0.02547700396329159,0.010773667122351333,80.41666666666666,-0.14342838048726447
1386.576886447877,0.006396776782881854,basophils,URINE,0.8,Decision Tree Regressor,BayesSearchCV,0.02547700396329159,0.010773667122351333,80.41666666666666,-0.14342838048726447
1382.719927097535,0.006192301839882158,basophils,URINE,0.8,Decision Tree Regressor,BayesSearchCV,0.02547700396329159,0.010773667122351333,80.41666666666666,-0.14342838048726447
1388.505366123048,0.00580453472967661,basophils,URINE,0.8,Decision Tree Regressor,BayesSearchCV,0.02547700396329159,0.010773667122351333,80.41666666666666,-0.14342838048726447
1380.791447422364,0.005570874289254768,basophils,URINE,0.8,Decision Tree Regressor,BayesSearchCV,0.02547700396329159,0.010773667122351333,80.41666666666666,-0.14342838048726447
1506.142626308473,0.005570759767065015,basophils,URINE,0.8,Decision Tree Regressor,BayesSearchCV,0.02547700396329159,0.010773667122351333,80.41666666666666,-0.14342838048726447
1508.071105983644,0.0055604295071419564,basophils,URINE,0.8,Decision Tree Regressor,BayesSearchCV,0.02547700396329159,0.010773667122351333,80.41666666666666,-0.14342838048726447
1504.214146633302,0.005501186815996754,basophils,URINE,0.8,Decision Tree Regressor,BayesSearchCV,0.02547700396329159,0.010773667122351333,80.41666666666666,-0.14342838048726447
1502.285666958131,0.005305815332601251,basophils,URINE,0.8,Decision Tree Regressor,BayesSearchCV,0.02547700396329159,0.010773667122351333,80.41666666666666,-0.14342838048726447
1509.999585658815,0.005247091850868249,basophils,URINE,0.8,Decision Tree Regressor,BayesSearchCV,0.02547700396329159,0.010773667122351333,80.41666666666666,-0.14342838048726447
1500.35718728296,0.005182809112939267,basophils,URINE,0.8,Decision Tree Regressor,BayesSearchCV,0.02547700396329159,0.010773667122351333,80.41666666666666,-0.14342838048726447
1498.428707607789,0.005150545901723691,basophils,URINE,0.8,Decision Tree Regressor,BayesSearchCV,0.02547700396329159,0.010773667122351333,80.41666666666666,-0.14342838048726447
1496.500227932618,0.0051061072544492355,basophils,URINE,0.8,Decision Tree Regressor,BayesSearchCV,0.02547700396329159,0.010773667122351333,80.41666666666666,-0.14342838048726447
1494.571748257448,0.005075473277568004,basophils,URINE,0.8,Decision Tree Regressor,BayesSearchCV,0.02547700396329159,0.010773667122351333,80.41666666666666,-0.14342838048726447
1492.643268582277,0.0049722795592682355,basophils,URINE,0.8,Decision Tree Regressor,BayesSearchCV,0.02547700396329159,0.010773667122351333,80.41666666666666,-0.14342838048726447
1693.20515480005,0.004894586610157955,basophils,URINE,0.8,Decision Tree Regressor,BayesSearchCV,0.02547700396329159,0.010773667122351333,80.41666666666666,-0.14342838048726447
1390.433845798219,0.004890962268691894,basophils,URINE,0.8,Decision Tree Regressor,BayesSearchCV,0.02547700396329159,0.010773667122351333,80.41666666666666,-0.14342838048726447
1695.133634475221,0.00488108828457427,basophils,URINE,0.8,Decision Tree Regressor,BayesSearchCV,0.02547700396329159,0.010773667122351333,80.41666666666666,-0.14342838048726447
1378.862967747194,0.004858503625253025,basophils,URINE,0.8,Decision Tree Regressor,BayesSearchCV,0.02547700396329159,0.010773667122351333,80.41666666666666,-0.14342838048726447
1413.57560190027,0.8290436594714479,basophils,URINE,0.8,Decision Tree Regressor,BayesSearchCV,0.023413784917767574,0.010941470054446461,79.24022988505747,0.03427047931024352
2728.798740366823,0.16248118878513682,basophils,URINE,0.8,Decision Tree Regressor,BayesSearchCV,0.023413784917767574,0.010941470054446461,79.24022988505747,0.03427047931024352
929.5272034323739,0.008475151743415342,basophils,URINE,0.8,Decision Tree Regressor,BayesSearchCV,0.023413784917767574,0.010941470054446461,79.24022988505747,0.03427047931024352
2586.091244404177,0.0,basophils,URINE,0.8,Decision Tree Regressor,BayesSearchCV,0.023413784917767574,0.010941470054446461,79.24022988505747,0.03427047931024352
2551.378610251101,0.0,basophils,URINE,0.8,Decision Tree Regressor,BayesSearchCV,0.023413784917767574,0.010941470054446461,79.24022988505747,0.03427047931024352
2553.307089926272,0.0,basophils,URINE,0.8,Decision Tree Regressor,BayesSearchCV,0.023413784917767574,0.010941470054446461,79.24022988505747,0.03427047931024352
2555.235569601442,0.0,basophils,URINE,0.8,Decision Tree Regressor,BayesSearchCV,0.023413784917767574,0.010941470054446461,79.24022988505747,0.03427047931024352
2557.164049276613,0.0,basophils,URINE,0.8,Decision Tree Regressor,BayesSearchCV,0.023413784917767574,0.010941470054446461,79.24022988505747,0.03427047931024352
2559.092528951784,0.0,basophils,URINE,0.8,Decision Tree Regressor,BayesSearchCV,0.023413784917767574,0.010941470054446461,79.24022988505747,0.03427047931024352
2561.021008626955,0.0,basophils,URINE,0.8,Decision Tree Regressor,BayesSearchCV,0.023413784917767574,0.010941470054446461,79.24022988505747,0.03427047931024352
2562.949488302126,0.0,basophils,URINE,0.8,Decision Tree Regressor,BayesSearchCV,0.023413784917767574,0.010941470054446461,79.24022988505747,0.03427047931024352
2564.877967977297,0.0,basophils,URINE,0.8,Decision Tree Regressor,BayesSearchCV,0.023413784917767574,0.010941470054446461,79.24022988505747,0.03427047931024352
2566.806447652468,0.0,basophils,URINE,0.8,Decision Tree Regressor,BayesSearchCV,0.023413784917767574,0.010941470054446461,79.24022988505747,0.03427047931024352
2588.019724079348,0.0,basophils,URINE,0.8,Decision Tree Regressor,BayesSearchCV,0.023413784917767574,0.010941470054446461,79.24022988505747,0.03427047931024352
2549.45013057593,0.0,basophils,URINE,0.8,Decision Tree Regressor,BayesSearchCV,0.023413784917767574,0.010941470054446461,79.24022988505747,0.03427047931024352
2570.663407002809,0.0,basophils,URINE,0.8,Decision Tree Regressor,BayesSearchCV,0.023413784917767574,0.010941470054446461,79.24022988505747,0.03427047931024352
2572.59188667798,0.0,basophils,URINE,0.8,Decision Tree Regressor,BayesSearchCV,0.023413784917767574,0.010941470054446461,79.24022988505747,0.03427047931024352
2574.520366353152,0.0,basophils,URINE,0.8,Decision Tree Regressor,BayesSearchCV,0.023413784917767574,0.010941470054446461,79.24022988505747,0.03427047931024352
2576.448846028322,0.0,basophils,URINE,0.8,Decision Tree Regressor,BayesSearchCV,0.023413784917767574,0.010941470054446461,79.24022988505747,0.03427047931024352
2578.377325703493,0.0,basophils,URINE,0.8,Decision Tree Regressor,BayesSearchCV,0.023413784917767574,0.010941470054446461,79.24022988505747,0.03427047931024352
1589.067252340822,0.0051901427075758885,basophils,URINE,0.8,Decision Tree Regressor,BayesSearchCV,0.02455153310442706,0.009824561403508774,90.77777777777779,-0.06186545213018291
1587.138772665651,0.005143707908103057,basophils,URINE,0.8,Decision Tree Regressor,BayesSearchCV,0.02455153310442706,0.009824561403508774,90.77777777777779,-0.06186545213018291
1303.652260415528,0.0051305493555429,basophils,URINE,0.8,Decision Tree Regressor,BayesSearchCV,0.02455153310442706,0.009824561403508774,90.77777777777779,-0.06186545213018291
1301.723780740358,0.005115059084128633,basophils,URINE,0.8,Decision Tree Regressor,BayesSearchCV,0.02455153310442706,0.009824561403508774,90.77777777777779,-0.06186545213018291
1305.580740090699,0.005103586166050865,basophils,URINE,0.8,Decision Tree Regressor,BayesSearchCV,0.02455153310442706,0.009824561403508774,90.77777777777779,-0.06186545213018291
1299.795301065187,0.005074910164396087,basophils,URINE,0.8,Decision Tree Regressor,BayesSearchCV,0.02455153310442706,0.009824561403508774,90.77777777777779,-0.06186545213018291
1585.21029299048,0.005036299448321924,basophils,URINE,0.8,Decision Tree Regressor,BayesSearchCV,0.02455153310442706,0.009824561403508774,90.77777777777779,-0.06186545213018291
1590.995732015992,0.005027798679456494,basophils,URINE,0.8,Decision Tree Regressor,BayesSearchCV,0.02455153310442706,0.009824561403508774,90.77777777777779,-0.06186545213018291
1297.866821390016,0.005007348748784659,basophils,URINE,0.8,Decision Tree Regressor,BayesSearchCV,0.02455153310442706,0.009824561403508774,90.77777777777779,-0.06186545213018291
1307.50921976587,0.00498995690580031,basophils,URINE,0.8,Decision Tree Regressor,BayesSearchCV,0.02455153310442706,0.009824561403508774,90.77777777777779,-0.06186545213018291
1396.219284823732,0.004949477660654783,basophils,URINE,0.8,Decision Tree Regressor,BayesSearchCV,0.02455153310442706,0.009824561403508774,90.77777777777779,-0.06186545213018291
1583.281813315309,0.004946363863900401,basophils,URINE,0.8,Decision Tree Regressor,BayesSearchCV,0.02455153310442706,0.009824561403508774,90.77777777777779,-0.06186545213018291
1394.290805148561,0.004942882026045637,basophils,URINE,0.8,Decision Tree Regressor,BayesSearchCV,0.02455153310442706,0.009824561403508774,90.77777777777779,-0.06186545213018291
1295.938341714845,0.004864047573888943,basophils,URINE,0.8,Decision Tree Regressor,BayesSearchCV,0.02455153310442706,0.009824561403508774,90.77777777777779,-0.06186545213018291
1581.353333640138,0.004836921878992479,basophils,URINE,0.8,Decision Tree Regressor,BayesSearchCV,0.02455153310442706,0.009824561403508774,90.77777777777779,-0.06186545213018291
1398.147764498902,0.004810403429370059,basophils,URINE,0.8,Decision Tree Regressor,BayesSearchCV,0.02455153310442706,0.009824561403508774,90.77777777777779,-0.06186545213018291
1392.36232547339,0.00479461581602465,basophils,URINE,0.8,Decision Tree Regressor,BayesSearchCV,0.02455153310442706,0.009824561403508774,90.77777777777779,-0.06186545213018291
1579.424853964967,0.004780186095796516,basophils,URINE,0.8,Decision Tree Regressor,BayesSearchCV,0.02455153310442706,0.009824561403508774,90.77777777777779,-0.06186545213018291
1309.437699441041,0.0047490523943161745,basophils,URINE,0.8,Decision Tree Regressor,BayesSearchCV,0.02455153310442706,0.009824561403508774,90.77777777777779,-0.06186545213018291
1577.496374289796,0.004725508611985234,basophils,URINE,0.8,Decision Tree Regressor,BayesSearchCV,0.02455153310442706,0.009824561403508774,90.77777777777779,-0.06186545213018291
1413.57560190027,0.8285699565017398,basophils,URINE,0.8,Decision Tree Regressor,BayesSearchCV,0.023405866543358734,0.010951857866080812,79.22444041137325,0.034923574473428975
2728.798740366823,0.16238834949884604,basophils,URINE,0.8,Decision Tree Regressor,BayesSearchCV,0.023405866543358734,0.010951857866080812,79.22444041137325,0.034923574473428975
929.5272034323739,0.009041693999414227,basophils,URINE,0.8,Decision Tree Regressor,BayesSearchCV,0.023405866543358734,0.010951857866080812,79.22444041137325,0.034923574473428975
2586.091244404177,0.0,basophils,URINE,0.8,Decision Tree Regressor,BayesSearchCV,0.023405866543358734,0.010951857866080812,79.22444041137325,0.034923574473428975
2551.378610251101,0.0,basophils,URINE,0.8,Decision Tree Regressor,BayesSearchCV,0.023405866543358734,0.010951857866080812,79.22444041137325,0.034923574473428975
2553.307089926272,0.0,basophils,URINE,0.8,Decision Tree Regressor,BayesSearchCV,0.023405866543358734,0.010951857866080812,79.22444041137325,0.034923574473428975
2555.235569601442,0.0,basophils,URINE,0.8,Decision Tree Regressor,BayesSearchCV,0.023405866543358734,0.010951857866080812,79.22444041137325,0.034923574473428975
2557.164049276613,0.0,basophils,URINE,0.8,Decision Tree Regressor,BayesSearchCV,0.023405866543358734,0.010951857866080812,79.22444041137325,0.034923574473428975
2559.092528951784,0.0,basophils,URINE,0.8,Decision Tree Regressor,BayesSearchCV,0.023405866543358734,0.010951857866080812,79.22444041137325,0.034923574473428975
2561.021008626955,0.0,basophils,URINE,0.8,Decision Tree Regressor,BayesSearchCV,0.023405866543358734,0.010951857866080812,79.22444041137325,0.034923574473428975
2562.949488302126,0.0,basophils,URINE,0.8,Decision Tree Regressor,BayesSearchCV,0.023405866543358734,0.010951857866080812,79.22444041137325,0.034923574473428975
2564.877967977297,0.0,basophils,URINE,0.8,Decision Tree Regressor,BayesSearchCV,0.023405866543358734,0.010951857866080812,79.22444041137325,0.034923574473428975
2566.806447652468,0.0,basophils,URINE,0.8,Decision Tree Regressor,BayesSearchCV,0.023405866543358734,0.010951857866080812,79.22444041137325,0.034923574473428975
2588.019724079348,0.0,basophils,URINE,0.8,Decision Tree Regressor,BayesSearchCV,0.023405866543358734,0.010951857866080812,79.22444041137325,0.034923574473428975
2549.45013057593,0.0,basophils,URINE,0.8,Decision Tree Regressor,BayesSearchCV,0.023405866543358734,0.010951857866080812,79.22444041137325,0.034923574473428975
2570.663407002809,0.0,basophils,URINE,0.8,Decision Tree Regressor,BayesSearchCV,0.023405866543358734,0.010951857866080812,79.22444041137325,0.034923574473428975
2572.59188667798,0.0,basophils,URINE,0.8,Decision Tree Regressor,BayesSearchCV,0.023405866543358734,0.010951857866080812,79.22444041137325,0.034923574473428975
2574.520366353152,0.0,basophils,URINE,0.8,Decision Tree Regressor,BayesSearchCV,0.023405866543358734,0.010951857866080812,79.22444041137325,0.034923574473428975
2576.448846028322,0.0,basophils,URINE,0.8,Decision Tree Regressor,BayesSearchCV,0.023405866543358734,0.010951857866080812,79.22444041137325,0.034923574473428975
2578.377325703493,0.0,basophils,URINE,0.8,Decision Tree Regressor,BayesSearchCV,0.023405866543358734,0.010951857866080812,79.22444041137325,0.034923574473428975
929.5272034323739,,basophils,CAPILAR,0.8,XGBoost Regressor,BayesSearchCV,0.023277239226281887,0.0097853581749491,91.14571415702812,-0.01822270497198253
2568.734927327639,,basophils,CAPILAR,0.8,XGBoost Regressor,BayesSearchCV,0.023277239226281887,0.0097853581749491,91.14571415702812,-0.01822270497198253
2551.378610251101,,basophils,CAPILAR,0.8,XGBoost Regressor,BayesSearchCV,0.023277239226281887,0.0097853581749491,91.14571415702812,-0.01822270497198253
2553.307089926272,,basophils,CAPILAR,0.8,XGBoost Regressor,BayesSearchCV,0.023277239226281887,0.0097853581749491,91.14571415702812,-0.01822270497198253
2555.235569601442,,basophils,CAPILAR,0.8,XGBoost Regressor,BayesSearchCV,0.023277239226281887,0.0097853581749491,91.14571415702812,-0.01822270497198253
2557.164049276613,,basophils,CAPILAR,0.8,XGBoost Regressor,BayesSearchCV,0.023277239226281887,0.0097853581749491,91.14571415702812,-0.01822270497198253
2559.092528951784,,basophils,CAPILAR,0.8,XGBoost Regressor,BayesSearchCV,0.023277239226281887,0.0097853581749491,91.14571415702812,-0.01822270497198253
2561.021008626955,,basophils,CAPILAR,0.8,XGBoost Regressor,BayesSearchCV,0.023277239226281887,0.0097853581749491,91.14571415702812,-0.01822270497198253
2562.949488302126,,basophils,CAPILAR,0.8,XGBoost Regressor,BayesSearchCV,0.023277239226281887,0.0097853581749491,91.14571415702812,-0.01822270497198253
2564.877967977297,,basophils,CAPILAR,0.8,XGBoost Regressor,BayesSearchCV,0.023277239226281887,0.0097853581749491,91.14571415702812,-0.01822270497198253
2566.806447652468,,basophils,CAPILAR,0.8,XGBoost Regressor,BayesSearchCV,0.023277239226281887,0.0097853581749491,91.14571415702812,-0.01822270497198253
2570.663407002809,,basophils,CAPILAR,0.8,XGBoost Regressor,BayesSearchCV,0.023277239226281887,0.0097853581749491,91.14571415702812,-0.01822270497198253
2547.521650900759,,basophils,CAPILAR,0.8,XGBoost Regressor,BayesSearchCV,0.023277239226281887,0.0097853581749491,91.14571415702812,-0.01822270497198253
2572.59188667798,,basophils,CAPILAR,0.8,XGBoost Regressor,BayesSearchCV,0.023277239226281887,0.0097853581749491,91.14571415702812,-0.01822270497198253
2574.520366353152,,basophils,CAPILAR,0.8,XGBoost Regressor,BayesSearchCV,0.023277239226281887,0.0097853581749491,91.14571415702812,-0.01822270497198253
2576.448846028322,,basophils,CAPILAR,0.8,XGBoost Regressor,BayesSearchCV,0.023277239226281887,0.0097853581749491,91.14571415702812,-0.01822270497198253
2578.377325703493,,basophils,CAPILAR,0.8,XGBoost Regressor,BayesSearchCV,0.023277239226281887,0.0097853581749491,91.14571415702812,-0.01822270497198253
2580.305805378664,,basophils,CAPILAR,0.8,XGBoost Regressor,BayesSearchCV,0.023277239226281887,0.0097853581749491,91.14571415702812,-0.01822270497198253
2582.234285053835,,basophils,CAPILAR,0.8,XGBoost Regressor,BayesSearchCV,0.023277239226281887,0.0097853581749491,91.14571415702812,-0.01822270497198253
2584.162764729006,,basophils,CAPILAR,0.8,XGBoost Regressor,BayesSearchCV,0.023277239226281887,0.0097853581749491,91.14571415702812,-0.01822270497198253
929.5272034323739,,basophils,CAPILAR,0.8,XGBoost Regressor,BayesSearchCV,0.023244324939168164,0.009987794922566727,90.53671694127843,-0.015345183330693901
2568.734927327639,,basophils,CAPILAR,0.8,XGBoost Regressor,BayesSearchCV,0.023244324939168164,0.009987794922566727,90.53671694127843,-0.015345183330693901
2551.378610251101,,basophils,CAPILAR,0.8,XGBoost Regressor,BayesSearchCV,0.023244324939168164,0.009987794922566727,90.53671694127843,-0.015345183330693901
2553.307089926272,,basophils,CAPILAR,0.8,XGBoost Regressor,BayesSearchCV,0.023244324939168164,0.009987794922566727,90.53671694127843,-0.015345183330693901
2555.235569601442,,basophils,CAPILAR,0.8,XGBoost Regressor,BayesSearchCV,0.023244324939168164,0.009987794922566727,90.53671694127843,-0.015345183330693901
2557.164049276613,,basophils,CAPILAR,0.8,XGBoost Regressor,BayesSearchCV,0.023244324939168164,0.009987794922566727,90.53671694127843,-0.015345183330693901
2559.092528951784,,basophils,CAPILAR,0.8,XGBoost Regressor,BayesSearchCV,0.023244324939168164,0.009987794922566727,90.53671694127843,-0.015345183330693901
2561.021008626955,,basophils,CAPILAR,0.8,XGBoost Regressor,BayesSearchCV,0.023244324939168164,0.009987794922566727,90.53671694127843,-0.015345183330693901
2562.949488302126,,basophils,CAPILAR,0.8,XGBoost Regressor,BayesSearchCV,0.023244324939168164,0.009987794922566727,90.53671694127843,-0.015345183330693901
2564.877967977297,,basophils,CAPILAR,0.8,XGBoost Regressor,BayesSearchCV,0.023244324939168164,0.009987794922566727,90.53671694127843,-0.015345183330693901
2566.806447652468,,basophils,CAPILAR,0.8,XGBoost Regressor,BayesSearchCV,0.023244324939168164,0.009987794922566727,90.53671694127843,-0.015345183330693901
2570.663407002809,,basophils,CAPILAR,0.8,XGBoost Regressor,BayesSearchCV,0.023244324939168164,0.009987794922566727,90.53671694127843,-0.015345183330693901
2547.521650900759,,basophils,CAPILAR,0.8,XGBoost Regressor,BayesSearchCV,0.023244324939168164,0.009987794922566727,90.53671694127843,-0.015345183330693901
2572.59188667798,,basophils,CAPILAR,0.8,XGBoost Regressor,BayesSearchCV,0.023244324939168164,0.009987794922566727,90.53671694127843,-0.015345183330693901
2574.520366353152,,basophils,CAPILAR,0.8,XGBoost Regressor,BayesSearchCV,0.023244324939168164,0.009987794922566727,90.53671694127843,-0.015345183330693901
2576.448846028322,,basophils,CAPILAR,0.8,XGBoost Regressor,BayesSearchCV,0.023244324939168164,0.009987794922566727,90.53671694127843,-0.015345183330693901
2578.377325703493,,basophils,CAPILAR,0.8,XGBoost Regressor,BayesSearchCV,0.023244324939168164,0.009987794922566727,90.53671694127843,-0.015345183330693901
2580.305805378664,,basophils,CAPILAR,0.8,XGBoost Regressor,BayesSearchCV,0.023244324939168164,0.009987794922566727,90.53671694127843,-0.015345183330693901
2582.234285053835,,basophils,CAPILAR,0.8,XGBoost Regressor,BayesSearchCV,0.023244324939168164,0.009987794922566727,90.53671694127843,-0.015345183330693901
2584.162764729006,,basophils,CAPILAR,0.8,XGBoost Regressor,BayesSearchCV,0.023244324939168164,0.009987794922566727,90.53671694127843,-0.015345183330693901
929.5272034323739,,basophils,CAPILAR,0.8,XGBoost Regressor,BayesSearchCV,0.02320666379049866,0.01024400065996145,89.76596468128264,-0.01205766364899663
2568.734927327639,,basophils,CAPILAR,0.8,XGBoost Regressor,BayesSearchCV,0.02320666379049866,0.01024400065996145,89.76596468128264,-0.01205766364899663
2551.378610251101,,basophils,CAPILAR,0.8,XGBoost Regressor,BayesSearchCV,0.02320666379049866,0.01024400065996145,89.76596468128264,-0.01205766364899663
2553.307089926272,,basophils,CAPILAR,0.8,XGBoost Regressor,BayesSearchCV,0.02320666379049866,0.01024400065996145,89.76596468128264,-0.01205766364899663
2555.235569601442,,basophils,CAPILAR,0.8,XGBoost Regressor,BayesSearchCV,0.02320666379049866,0.01024400065996145,89.76596468128264,-0.01205766364899663
2557.164049276613,,basophils,CAPILAR,0.8,XGBoost Regressor,BayesSearchCV,0.02320666379049866,0.01024400065996145,89.76596468128264,-0.01205766364899663
2559.092528951784,,basophils,CAPILAR,0.8,XGBoost Regressor,BayesSearchCV,0.02320666379049866,0.01024400065996145,89.76596468128264,-0.01205766364899663
2561.021008626955,,basophils,CAPILAR,0.8,XGBoost Regressor,BayesSearchCV,0.02320666379049866,0.01024400065996145,89.76596468128264,-0.01205766364899663
2562.949488302126,,basophils,CAPILAR,0.8,XGBoost Regressor,BayesSearchCV,0.02320666379049866,0.01024400065996145,89.76596468128264,-0.01205766364899663
2564.877967977297,,basophils,CAPILAR,0.8,XGBoost Regressor,BayesSearchCV,0.02320666379049866,0.01024400065996145,89.76596468128264,-0.01205766364899663
2566.806447652468,,basophils,CAPILAR,0.8,XGBoost Regressor,BayesSearchCV,0.02320666379049866,0.01024400065996145,89.76596468128264,-0.01205766364899663
2570.663407002809,,basophils,CAPILAR,0.8,XGBoost Regressor,BayesSearchCV,0.02320666379049866,0.01024400065996145,89.76596468128264,-0.01205766364899663
2547.521650900759,,basophils,CAPILAR,0.8,XGBoost Regressor,BayesSearchCV,0.02320666379049866,0.01024400065996145,89.76596468128264,-0.01205766364899663
2572.59188667798,,basophils,CAPILAR,0.8,XGBoost Regressor,BayesSearchCV,0.02320666379049866,0.01024400065996145,89.76596468128264,-0.01205766364899663
2574.520366353152,,basophils,CAPILAR,0.8,XGBoost Regressor,BayesSearchCV,0.02320666379049866,0.01024400065996145,89.76596468128264,-0.01205766364899663
2576.448846028322,,basophils,CAPILAR,0.8,XGBoost Regressor,BayesSearchCV,0.02320666379049866,0.01024400065996145,89.76596468128264,-0.01205766364899663
2578.377325703493,,basophils,CAPILAR,0.8,XGBoost Regressor,BayesSearchCV,0.02320666379049866,0.01024400065996145,89.76596468128264,-0.01205766364899663
2580.305805378664,,basophils,CAPILAR,0.8,XGBoost Regressor,BayesSearchCV,0.02320666379049866,0.01024400065996145,89.76596468128264,-0.01205766364899663
2582.234285053835,,basophils,CAPILAR,0.8,XGBoost Regressor,BayesSearchCV,0.02320666379049866,0.01024400065996145,89.76596468128264,-0.01205766364899663
2584.162764729006,,basophils,CAPILAR,0.8,XGBoost Regressor,BayesSearchCV,0.02320666379049866,0.01024400065996145,89.76596468128264,-0.01205766364899663
929.5272034323739,,basophils,CAPILAR,0.8,XGBoost Regressor,BayesSearchCV,0.0233171026700063,0.009560217130929232,91.82301346445456,-0.021713206504034632
2568.734927327639,,basophils,CAPILAR,0.8,XGBoost Regressor,BayesSearchCV,0.0233171026700063,0.009560217130929232,91.82301346445456,-0.021713206504034632
2551.378610251101,,basophils,CAPILAR,0.8,XGBoost Regressor,BayesSearchCV,0.0233171026700063,0.009560217130929232,91.82301346445456,-0.021713206504034632
2553.307089926272,,basophils,CAPILAR,0.8,XGBoost Regressor,BayesSearchCV,0.0233171026700063,0.009560217130929232,91.82301346445456,-0.021713206504034632
2555.235569601442,,basophils,CAPILAR,0.8,XGBoost Regressor,BayesSearchCV,0.0233171026700063,0.009560217130929232,91.82301346445456,-0.021713206504034632
2557.164049276613,,basophils,CAPILAR,0.8,XGBoost Regressor,BayesSearchCV,0.0233171026700063,0.009560217130929232,91.82301346445456,-0.021713206504034632
2559.092528951784,,basophils,CAPILAR,0.8,XGBoost Regressor,BayesSearchCV,0.0233171026700063,0.009560217130929232,91.82301346445456,-0.021713206504034632
2561.021008626955,,basophils,CAPILAR,0.8,XGBoost Regressor,BayesSearchCV,0.0233171026700063,0.009560217130929232,91.82301346445456,-0.021713206504034632
2562.949488302126,,basophils,CAPILAR,0.8,XGBoost Regressor,BayesSearchCV,0.0233171026700063,0.009560217130929232,91.82301346445456,-0.021713206504034632
2564.877967977297,,basophils,CAPILAR,0.8,XGBoost Regressor,BayesSearchCV,0.0233171026700063,0.009560217130929232,91.82301346445456,-0.021713206504034632
2566.806447652468,,basophils,CAPILAR,0.8,XGBoost Regressor,BayesSearchCV,0.0233171026700063,0.009560217130929232,91.82301346445456,-0.021713206504034632
2570.663407002809,,basophils,CAPILAR,0.8,XGBoost Regressor,BayesSearchCV,0.0233171026700063,0.009560217130929232,91.82301346445456,-0.021713206504034632
2547.521650900759,,basophils,CAPILAR,0.8,XGBoost Regressor,BayesSearchCV,0.0233171026700063,0.009560217130929232,91.82301346445456,-0.021713206504034632
2572.59188667798,,basophils,CAPILAR,0.8,XGBoost Regressor,BayesSearchCV,0.0233171026700063,0.009560217130929232,91.82301346445456,-0.021713206504034632
2574.520366353152,,basophils,CAPILAR,0.8,XGBoost Regressor,BayesSearchCV,0.0233171026700063,0.009560217130929232,91.82301346445456,-0.021713206504034632
2576.448846028322,,basophils,CAPILAR,0.8,XGBoost Regressor,BayesSearchCV,0.0233171026700063,0.009560217130929232,91.82301346445456,-0.021713206504034632
2578.377325703493,,basophils,CAPILAR,0.8,XGBoost Regressor,BayesSearchCV,0.0233171026700063,0.009560217130929232,91.82301346445456,-0.021713206504034632
2580.305805378664,,basophils,CAPILAR,0.8,XGBoost Regressor,BayesSearchCV,0.0233171026700063,0.009560217130929232,91.82301346445456,-0.021713206504034632
2582.234285053835,,basophils,CAPILAR,0.8,XGBoost Regressor,BayesSearchCV,0.0233171026700063,0.009560217130929232,91.82301346445456,-0.021713206504034632
2584.162764729006,,basophils,CAPILAR,0.8,XGBoost Regressor,BayesSearchCV,0.0233171026700063,0.009560217130929232,91.82301346445456,-0.021713206504034632
929.5272034323739,,basophils,PLASMA,0.8,XGBoost Regressor,BayesSearchCV,0.01665714850536414,0.007303663537178825,88.71117387898266,-2.4147577868394166e-05
2568.734927327639,,basophils,PLASMA,0.8,XGBoost Regressor,BayesSearchCV,0.01665714850536414,0.007303663537178825,88.71117387898266,-2.4147577868394166e-05
2551.378610251101,,basophils,PLASMA,0.8,XGBoost Regressor,BayesSearchCV,0.01665714850536414,0.007303663537178825,88.71117387898266,-2.4147577868394166e-05
2553.307089926272,,basophils,PLASMA,0.8,XGBoost Regressor,BayesSearchCV,0.01665714850536414,0.007303663537178825,88.71117387898266,-2.4147577868394166e-05
2555.235569601442,,basophils,PLASMA,0.8,XGBoost Regressor,BayesSearchCV,0.01665714850536414,0.007303663537178825,88.71117387898266,-2.4147577868394166e-05
2557.164049276613,,basophils,PLASMA,0.8,XGBoost Regressor,BayesSearchCV,0.01665714850536414,0.007303663537178825,88.71117387898266,-2.4147577868394166e-05
2559.092528951784,,basophils,PLASMA,0.8,XGBoost Regressor,BayesSearchCV,0.01665714850536414,0.007303663537178825,88.71117387898266,-2.4147577868394166e-05
2561.021008626955,,basophils,PLASMA,0.8,XGBoost Regressor,BayesSearchCV,0.01665714850536414,0.007303663537178825,88.71117387898266,-2.4147577868394166e-05
2562.949488302126,,basophils,PLASMA,0.8,XGBoost Regressor,BayesSearchCV,0.01665714850536414,0.007303663537178825,88.71117387898266,-2.4147577868394166e-05
2564.877967977297,,basophils,PLASMA,0.8,XGBoost Regressor,BayesSearchCV,0.01665714850536414,0.007303663537178825,88.71117387898266,-2.4147577868394166e-05
2566.806447652468,,basophils,PLASMA,0.8,XGBoost Regressor,BayesSearchCV,0.01665714850536414,0.007303663537178825,88.71117387898266,-2.4147577868394166e-05
2570.663407002809,,basophils,PLASMA,0.8,XGBoost Regressor,BayesSearchCV,0.01665714850536414,0.007303663537178825,88.71117387898266,-2.4147577868394166e-05
2547.521650900759,,basophils,PLASMA,0.8,XGBoost Regressor,BayesSearchCV,0.01665714850536414,0.007303663537178825,88.71117387898266,-2.4147577868394166e-05
2572.59188667798,,basophils,PLASMA,0.8,XGBoost Regressor,BayesSearchCV,0.01665714850536414,0.007303663537178825,88.71117387898266,-2.4147577868394166e-05
2574.520366353152,,basophils,PLASMA,0.8,XGBoost Regressor,BayesSearchCV,0.01665714850536414,0.007303663537178825,88.71117387898266,-2.4147577868394166e-05
2576.448846028322,,basophils,PLASMA,0.8,XGBoost Regressor,BayesSearchCV,0.01665714850536414,0.007303663537178825,88.71117387898266,-2.4147577868394166e-05
2578.377325703493,,basophils,PLASMA,0.8,XGBoost Regressor,BayesSearchCV,0.01665714850536414,0.007303663537178825,88.71117387898266,-2.4147577868394166e-05
2580.305805378664,,basophils,PLASMA,0.8,XGBoost Regressor,BayesSearchCV,0.01665714850536414,0.007303663537178825,88.71117387898266,-2.4147577868394166e-05
2582.234285053835,,basophils,PLASMA,0.8,XGBoost Regressor,BayesSearchCV,0.01665714850536414,0.007303663537178825,88.71117387898266,-2.4147577868394166e-05
2584.162764729006,,basophils,PLASMA,0.8,XGBoost Regressor,BayesSearchCV,0.01665714850536414,0.007303663537178825,88.71117387898266,-2.4147577868394166e-05
929.5272034323739,,basophils,PLASMA,0.8,XGBoost Regressor,BayesSearchCV,0.016669074903525004,0.007776491806001926,87.14183433912694,-0.0014566803863826916
2568.734927327639,,basophils,PLASMA,0.8,XGBoost Regressor,BayesSearchCV,0.016669074903525004,0.007776491806001926,87.14183433912694,-0.0014566803863826916
2551.378610251101,,basophils,PLASMA,0.8,XGBoost Regressor,BayesSearchCV,0.016669074903525004,0.007776491806001926,87.14183433912694,-0.0014566803863826916
2553.307089926272,,basophils,PLASMA,0.8,XGBoost Regressor,BayesSearchCV,0.016669074903525004,0.007776491806001926,87.14183433912694,-0.0014566803863826916
2555.235569601442,,basophils,PLASMA,0.8,XGBoost Regressor,BayesSearchCV,0.016669074903525004,0.007776491806001926,87.14183433912694,-0.0014566803863826916
2557.164049276613,,basophils,PLASMA,0.8,XGBoost Regressor,BayesSearchCV,0.016669074903525004,0.007776491806001926,87.14183433912694,-0.0014566803863826916
2559.092528951784,,basophils,PLASMA,0.8,XGBoost Regressor,BayesSearchCV,0.016669074903525004,0.007776491806001926,87.14183433912694,-0.0014566803863826916
2561.021008626955,,basophils,PLASMA,0.8,XGBoost Regressor,BayesSearchCV,0.016669074903525004,0.007776491806001926,87.14183433912694,-0.0014566803863826916
2562.949488302126,,basophils,PLASMA,0.8,XGBoost Regressor,BayesSearchCV,0.016669074903525004,0.007776491806001926,87.14183433912694,-0.0014566803863826916
2564.877967977297,,basophils,PLASMA,0.8,XGBoost Regressor,BayesSearchCV,0.016669074903525004,0.007776491806001926,87.14183433912694,-0.0014566803863826916
2566.806447652468,,basophils,PLASMA,0.8,XGBoost Regressor,BayesSearchCV,0.016669074903525004,0.007776491806001926,87.14183433912694,-0.0014566803863826916
2570.663407002809,,basophils,PLASMA,0.8,XGBoost Regressor,BayesSearchCV,0.016669074903525004,0.007776491806001926,87.14183433912694,-0.0014566803863826916
2547.521650900759,,basophils,PLASMA,0.8,XGBoost Regressor,BayesSearchCV,0.016669074903525004,0.007776491806001926,87.14183433912694,-0.0014566803863826916
2572.59188667798,,basophils,PLASMA,0.8,XGBoost Regressor,BayesSearchCV,0.016669074903525004,0.007776491806001926,87.14183433912694,-0.0014566803863826916
2574.520366353152,,basophils,PLASMA,0.8,XGBoost Regressor,BayesSearchCV,0.016669074903525004,0.007776491806001926,87.14183433912694,-0.0014566803863826916
2576.448846028322,,basophils,PLASMA,0.8,XGBoost Regressor,BayesSearchCV,0.016669074903525004,0.007776491806001926,87.14183433912694,-0.0014566803863826916
2578.377325703493,,basophils,PLASMA,0.8,XGBoost Regressor,BayesSearchCV,0.016669074903525004,0.007776491806001926,87.14183433912694,-0.0014566803863826916
2580.305805378664,,basophils,PLASMA,0.8,XGBoost Regressor,BayesSearchCV,0.016669074903525004,0.007776491806001926,87.14183433912694,-0.0014566803863826916
2582.234285053835,,basophils,PLASMA,0.8,XGBoost Regressor,BayesSearchCV,0.016669074903525004,0.007776491806001926,87.14183433912694,-0.0014566803863826916
2584.162764729006,,basophils,PLASMA,0.8,XGBoost Regressor,BayesSearchCV,0.016669074903525004,0.007776491806001926,87.14183433912694,-0.0014566803863826916
929.5272034323739,,basophils,PLASMA,0.8,XGBoost Regressor,BayesSearchCV,0.016693877375794603,0.008181175542768183,85.7986697461456,-0.004439099120477241
2568.734927327639,,basophils,PLASMA,0.8,XGBoost Regressor,BayesSearchCV,0.016693877375794603,0.008181175542768183,85.7986697461456,-0.004439099120477241
2551.378610251101,,basophils,PLASMA,0.8,XGBoost Regressor,BayesSearchCV,0.016693877375794603,0.008181175542768183,85.7986697461456,-0.004439099120477241
2553.307089926272,,basophils,PLASMA,0.8,XGBoost Regressor,BayesSearchCV,0.016693877375794603,0.008181175542768183,85.7986697461456,-0.004439099120477241
2555.235569601442,,basophils,PLASMA,0.8,XGBoost Regressor,BayesSearchCV,0.016693877375794603,0.008181175542768183,85.7986697461456,-0.004439099120477241
2557.164049276613,,basophils,PLASMA,0.8,XGBoost Regressor,BayesSearchCV,0.016693877375794603,0.008181175542768183,85.7986697461456,-0.004439099120477241
2559.092528951784,,basophils,PLASMA,0.8,XGBoost Regressor,BayesSearchCV,0.016693877375794603,0.008181175542768183,85.7986697461456,-0.004439099120477241
2561.021008626955,,basophils,PLASMA,0.8,XGBoost Regressor,BayesSearchCV,0.016693877375794603,0.008181175542768183,85.7986697461456,-0.004439099120477241
2562.949488302126,,basophils,PLASMA,0.8,XGBoost Regressor,BayesSearchCV,0.016693877375794603,0.008181175542768183,85.7986697461456,-0.004439099120477241
2564.877967977297,,basophils,PLASMA,0.8,XGBoost Regressor,BayesSearchCV,0.016693877375794603,0.008181175542768183,85.7986697461456,-0.004439099120477241
2566.806447652468,,basophils,PLASMA,0.8,XGBoost Regressor,BayesSearchCV,0.016693877375794603,0.008181175542768183,85.7986697461456,-0.004439099120477241
2570.663407002809,,basophils,PLASMA,0.8,XGBoost Regressor,BayesSearchCV,0.016693877375794603,0.008181175542768183,85.7986697461456,-0.004439099120477241
2547.521650900759,,basophils,PLASMA,0.8,XGBoost Regressor,BayesSearchCV,0.016693877375794603,0.008181175542768183,85.7986697461456,-0.004439099120477241
2572.59188667798,,basophils,PLASMA,0.8,XGBoost Regressor,BayesSearchCV,0.016693877375794603,0.008181175542768183,85.7986697461456,-0.004439099120477241
2574.520366353152,,basophils,PLASMA,0.8,XGBoost Regressor,BayesSearchCV,0.016693877375794603,0.008181175542768183,85.7986697461456,-0.004439099120477241
2576.448846028322,,basophils,PLASMA,0.8,XGBoost Regressor,BayesSearchCV,0.016693877375794603,0.008181175542768183,85.7986697461456,-0.004439099120477241
2578.377325703493,,basophils,PLASMA,0.8,XGBoost Regressor,BayesSearchCV,0.016693877375794603,0.008181175542768183,85.7986697461456,-0.004439099120477241
2580.305805378664,,basophils,PLASMA,0.8,XGBoost Regressor,BayesSearchCV,0.016693877375794603,0.008181175542768183,85.7986697461456,-0.004439099120477241
2582.234285053835,,basophils,PLASMA,0.8,XGBoost Regressor,BayesSearchCV,0.016693877375794603,0.008181175542768183,85.7986697461456,-0.004439099120477241
2584.162764729006,,basophils,PLASMA,0.8,XGBoost Regressor,BayesSearchCV,0.016693877375794603,0.008181175542768183,85.7986697461456,-0.004439099120477241
929.5272034323739,,basophils,PLASMA,0.8,XGBoost Regressor,BayesSearchCV,0.016664798606699383,0.00767042228543177,87.49388412882885,-0.0009429174179016453
2568.734927327639,,basophils,PLASMA,0.8,XGBoost Regressor,BayesSearchCV,0.016664798606699383,0.00767042228543177,87.49388412882885,-0.0009429174179016453
2551.378610251101,,basophils,PLASMA,0.8,XGBoost Regressor,BayesSearchCV,0.016664798606699383,0.00767042228543177,87.49388412882885,-0.0009429174179016453
2553.307089926272,,basophils,PLASMA,0.8,XGBoost Regressor,BayesSearchCV,0.016664798606699383,0.00767042228543177,87.49388412882885,-0.0009429174179016453
2555.235569601442,,basophils,PLASMA,0.8,XGBoost Regressor,BayesSearchCV,0.016664798606699383,0.00767042228543177,87.49388412882885,-0.0009429174179016453
2557.164049276613,,basophils,PLASMA,0.8,XGBoost Regressor,BayesSearchCV,0.016664798606699383,0.00767042228543177,87.49388412882885,-0.0009429174179016453
2559.092528951784,,basophils,PLASMA,0.8,XGBoost Regressor,BayesSearchCV,0.016664798606699383,0.00767042228543177,87.49388412882885,-0.0009429174179016453
2561.021008626955,,basophils,PLASMA,0.8,XGBoost Regressor,BayesSearchCV,0.016664798606699383,0.00767042228543177,87.49388412882885,-0.0009429174179016453
2562.949488302126,,basophils,PLASMA,0.8,XGBoost Regressor,BayesSearchCV,0.016664798606699383,0.00767042228543177,87.49388412882885,-0.0009429174179016453
2564.877967977297,,basophils,PLASMA,0.8,XGBoost Regressor,BayesSearchCV,0.016664798606699383,0.00767042228543177,87.49388412882885,-0.0009429174179016453
2566.806447652468,,basophils,PLASMA,0.8,XGBoost Regressor,BayesSearchCV,0.016664798606699383,0.00767042228543177,87.49388412882885,-0.0009429174179016453
2570.663407002809,,basophils,PLASMA,0.8,XGBoost Regressor,BayesSearchCV,0.016664798606699383,0.00767042228543177,87.49388412882885,-0.0009429174179016453
2547.521650900759,,basophils,PLASMA,0.8,XGBoost Regressor,BayesSearchCV,0.016664798606699383,0.00767042228543177,87.49388412882885,-0.0009429174179016453
2572.59188667798,,basophils,PLASMA,0.8,XGBoost Regressor,BayesSearchCV,0.016664798606699383,0.00767042228543177,87.49388412882885,-0.0009429174179016453
2574.520366353152,,basophils,PLASMA,0.8,XGBoost Regressor,BayesSearchCV,0.016664798606699383,0.00767042228543177,87.49388412882885,-0.0009429174179016453
2576.448846028322,,basophils,PLASMA,0.8,XGBoost Regressor,BayesSearchCV,0.016664798606699383,0.00767042228543177,87.49388412882885,-0.0009429174179016453
2578.377325703493,,basophils,PLASMA,0.8,XGBoost Regressor,BayesSearchCV,0.016664798606699383,0.00767042228543177,87.49388412882885,-0.0009429174179016453
2580.305805378664,,basophils,PLASMA,0.8,XGBoost Regressor,BayesSearchCV,0.016664798606699383,0.00767042228543177,87.49388412882885,-0.0009429174179016453
2582.234285053835,,basophils,PLASMA,0.8,XGBoost Regressor,BayesSearchCV,0.016664798606699383,0.00767042228543177,87.49388412882885,-0.0009429174179016453
2584.162764729006,,basophils,PLASMA,0.8,XGBoost Regressor,BayesSearchCV,0.016664798606699383,0.00767042228543177,87.49388412882885,-0.0009429174179016453
929.5272034323739,,basophils,SALIVA,0.8,XGBoost Regressor,BayesSearchCV,0.0173532562019323,0.009197482069333393,84.2366911781331,-5.6916955324393115e-06
2568.734927327639,,basophils,SALIVA,0.8,XGBoost Regressor,BayesSearchCV,0.0173532562019323,0.009197482069333393,84.2366911781331,-5.6916955324393115e-06
2551.378610251101,,basophils,SALIVA,0.8,XGBoost Regressor,BayesSearchCV,0.0173532562019323,0.009197482069333393,84.2366911781331,-5.6916955324393115e-06
2553.307089926272,,basophils,SALIVA,0.8,XGBoost Regressor,BayesSearchCV,0.0173532562019323,0.009197482069333393,84.2366911781331,-5.6916955324393115e-06
2555.235569601442,,basophils,SALIVA,0.8,XGBoost Regressor,BayesSearchCV,0.0173532562019323,0.009197482069333393,84.2366911781331,-5.6916955324393115e-06
2557.164049276613,,basophils,SALIVA,0.8,XGBoost Regressor,BayesSearchCV,0.0173532562019323,0.009197482069333393,84.2366911781331,-5.6916955324393115e-06
2559.092528951784,,basophils,SALIVA,0.8,XGBoost Regressor,BayesSearchCV,0.0173532562019323,0.009197482069333393,84.2366911781331,-5.6916955324393115e-06
2561.021008626955,,basophils,SALIVA,0.8,XGBoost Regressor,BayesSearchCV,0.0173532562019323,0.009197482069333393,84.2366911781331,-5.6916955324393115e-06
2562.949488302126,,basophils,SALIVA,0.8,XGBoost Regressor,BayesSearchCV,0.0173532562019323,0.009197482069333393,84.2366911781331,-5.6916955324393115e-06
2564.877967977297,,basophils,SALIVA,0.8,XGBoost Regressor,BayesSearchCV,0.0173532562019323,0.009197482069333393,84.2366911781331,-5.6916955324393115e-06
2566.806447652468,,basophils,SALIVA,0.8,XGBoost Regressor,BayesSearchCV,0.0173532562019323,0.009197482069333393,84.2366911781331,-5.6916955324393115e-06
2570.663407002809,,basophils,SALIVA,0.8,XGBoost Regressor,BayesSearchCV,0.0173532562019323,0.009197482069333393,84.2366911781331,-5.6916955324393115e-06
2547.521650900759,,basophils,SALIVA,0.8,XGBoost Regressor,BayesSearchCV,0.0173532562019323,0.009197482069333393,84.2366911781331,-5.6916955324393115e-06
2572.59188667798,,basophils,SALIVA,0.8,XGBoost Regressor,BayesSearchCV,0.0173532562019323,0.009197482069333393,84.2366911781331,-5.6916955324393115e-06
2574.520366353152,,basophils,SALIVA,0.8,XGBoost Regressor,BayesSearchCV,0.0173532562019323,0.009197482069333393,84.2366911781331,-5.6916955324393115e-06
2576.448846028322,,basophils,SALIVA,0.8,XGBoost Regressor,BayesSearchCV,0.0173532562019323,0.009197482069333393,84.2366911781331,-5.6916955324393115e-06
2578.377325703493,,basophils,SALIVA,0.8,XGBoost Regressor,BayesSearchCV,0.0173532562019323,0.009197482069333393,84.2366911781331,-5.6916955324393115e-06
2580.305805378664,,basophils,SALIVA,0.8,XGBoost Regressor,BayesSearchCV,0.0173532562019323,0.009197482069333393,84.2366911781331,-5.6916955324393115e-06
2582.234285053835,,basophils,SALIVA,0.8,XGBoost Regressor,BayesSearchCV,0.0173532562019323,0.009197482069333393,84.2366911781331,-5.6916955324393115e-06
2584.162764729006,,basophils,SALIVA,0.8,XGBoost Regressor,BayesSearchCV,0.0173532562019323,0.009197482069333393,84.2366911781331,-5.6916955324393115e-06
929.5272034323739,,basophils,SALIVA,0.8,XGBoost Regressor,BayesSearchCV,0.0173591021496503,0.00888436042127155,85.4833067394793,-0.00067956703252392
2568.734927327639,,basophils,SALIVA,0.8,XGBoost Regressor,BayesSearchCV,0.0173591021496503,0.00888436042127155,85.4833067394793,-0.00067956703252392
2551.378610251101,,basophils,SALIVA,0.8,XGBoost Regressor,BayesSearchCV,0.0173591021496503,0.00888436042127155,85.4833067394793,-0.00067956703252392
2553.307089926272,,basophils,SALIVA,0.8,XGBoost Regressor,BayesSearchCV,0.0173591021496503,0.00888436042127155,85.4833067394793,-0.00067956703252392
2555.235569601442,,basophils,SALIVA,0.8,XGBoost Regressor,BayesSearchCV,0.0173591021496503,0.00888436042127155,85.4833067394793,-0.00067956703252392
2557.164049276613,,basophils,SALIVA,0.8,XGBoost Regressor,BayesSearchCV,0.0173591021496503,0.00888436042127155,85.4833067394793,-0.00067956703252392
2559.092528951784,,basophils,SALIVA,0.8,XGBoost Regressor,BayesSearchCV,0.0173591021496503,0.00888436042127155,85.4833067394793,-0.00067956703252392
2561.021008626955,,basophils,SALIVA,0.8,XGBoost Regressor,BayesSearchCV,0.0173591021496503,0.00888436042127155,85.4833067394793,-0.00067956703252392
2562.949488302126,,basophils,SALIVA,0.8,XGBoost Regressor,BayesSearchCV,0.0173591021496503,0.00888436042127155,85.4833067394793,-0.00067956703252392
2564.877967977297,,basophils,SALIVA,0.8,XGBoost Regressor,BayesSearchCV,0.0173591021496503,0.00888436042127155,85.4833067394793,-0.00067956703252392
2566.806447652468,,basophils,SALIVA,0.8,XGBoost Regressor,BayesSearchCV,0.0173591021496503,0.00888436042127155,85.4833067394793,-0.00067956703252392
2570.663407002809,,basophils,SALIVA,0.8,XGBoost Regressor,BayesSearchCV,0.0173591021496503,0.00888436042127155,85.4833067394793,-0.00067956703252392
2547.521650900759,,basophils,SALIVA,0.8,XGBoost Regressor,BayesSearchCV,0.0173591021496503,0.00888436042127155,85.4833067394793,-0.00067956703252392
2572.59188667798,,basophils,SALIVA,0.8,XGBoost Regressor,BayesSearchCV,0.0173591021496503,0.00888436042127155,85.4833067394793,-0.00067956703252392
2574.520366353152,,basophils,SALIVA,0.8,XGBoost Regressor,BayesSearchCV,0.0173591021496503,0.00888436042127155,85.4833067394793,-0.00067956703252392
2576.448846028322,,basophils,SALIVA,0.8,XGBoost Regressor,BayesSearchCV,0.0173591021496503,0.00888436042127155,85.4833067394793,-0.00067956703252392
2578.377325703493,,basophils,SALIVA,0.8,XGBoost Regressor,BayesSearchCV,0.0173591021496503,0.00888436042127155,85.4833067394793,-0.00067956703252392
2580.305805378664,,basophils,SALIVA,0.8,XGBoost Regressor,BayesSearchCV,0.0173591021496503,0.00888436042127155,85.4833067394793,-0.00067956703252392
2582.234285053835,,basophils,SALIVA,0.8,XGBoost Regressor,BayesSearchCV,0.0173591021496503,0.00888436042127155,85.4833067394793,-0.00067956703252392
2584.162764729006,,basophils,SALIVA,0.8,XGBoost Regressor,BayesSearchCV,0.0173591021496503,0.00888436042127155,85.4833067394793,-0.00067956703252392
929.5272034323739,,basophils,SALIVA,0.8,XGBoost Regressor,BayesSearchCV,0.017355202392961434,0.00902850751365934,84.9094211279104,-0.0002300082408774884
2568.734927327639,,basophils,SALIVA,0.8,XGBoost Regressor,BayesSearchCV,0.017355202392961434,0.00902850751365934,84.9094211279104,-0.0002300082408774884
2551.378610251101,,basophils,SALIVA,0.8,XGBoost Regressor,BayesSearchCV,0.017355202392961434,0.00902850751365934,84.9094211279104,-0.0002300082408774884
2553.307089926272,,basophils,SALIVA,0.8,XGBoost Regressor,BayesSearchCV,0.017355202392961434,0.00902850751365934,84.9094211279104,-0.0002300082408774884
2555.235569601442,,basophils,SALIVA,0.8,XGBoost Regressor,BayesSearchCV,0.017355202392961434,0.00902850751365934,84.9094211279104,-0.0002300082408774884
2557.164049276613,,basophils,SALIVA,0.8,XGBoost Regressor,BayesSearchCV,0.017355202392961434,0.00902850751365934,84.9094211279104,-0.0002300082408774884
2559.092528951784,,basophils,SALIVA,0.8,XGBoost Regressor,BayesSearchCV,0.017355202392961434,0.00902850751365934,84.9094211279104,-0.0002300082408774884
2561.021008626955,,basophils,SALIVA,0.8,XGBoost Regressor,BayesSearchCV,0.017355202392961434,0.00902850751365934,84.9094211279104,-0.0002300082408774884
2562.949488302126,,basophils,SALIVA,0.8,XGBoost Regressor,BayesSearchCV,0.017355202392961434,0.00902850751365934,84.9094211279104,-0.0002300082408774884
2564.877967977297,,basophils,SALIVA,0.8,XGBoost Regressor,BayesSearchCV,0.017355202392961434,0.00902850751365934,84.9094211279104,-0.0002300082408774884
2566.806447652468,,basophils,SALIVA,0.8,XGBoost Regressor,BayesSearchCV,0.017355202392961434,0.00902850751365934,84.9094211279104,-0.0002300082408774884
2570.663407002809,,basophils,SALIVA,0.8,XGBoost Regressor,BayesSearchCV,0.017355202392961434,0.00902850751365934,84.9094211279104,-0.0002300082408774884
2547.521650900759,,basophils,SALIVA,0.8,XGBoost Regressor,BayesSearchCV,0.017355202392961434,0.00902850751365934,84.9094211279104,-0.0002300082408774884
2572.59188667798,,basophils,SALIVA,0.8,XGBoost Regressor,BayesSearchCV,0.017355202392961434,0.00902850751365934,84.9094211279104,-0.0002300082408774884
2574.520366353152,,basophils,SALIVA,0.8,XGBoost Regressor,BayesSearchCV,0.017355202392961434,0.00902850751365934,84.9094211279104,-0.0002300082408774884
2576.448846028322,,basophils,SALIVA,0.8,XGBoost Regressor,BayesSearchCV,0.017355202392961434,0.00902850751365934,84.9094211279104,-0.0002300082408774884
2578.377325703493,,basophils,SALIVA,0.8,XGBoost Regressor,BayesSearchCV,0.017355202392961434,0.00902850751365934,84.9094211279104,-0.0002300082408774884
2580.305805378664,,basophils,SALIVA,0.8,XGBoost Regressor,BayesSearchCV,0.017355202392961434,0.00902850751365934,84.9094211279104,-0.0002300082408774884
2582.234285053835,,basophils,SALIVA,0.8,XGBoost Regressor,BayesSearchCV,0.017355202392961434,0.00902850751365934,84.9094211279104,-0.0002300082408774884
2584.162764729006,,basophils,SALIVA,0.8,XGBoost Regressor,BayesSearchCV,0.017355202392961434,0.00902850751365934,84.9094211279104,-0.0002300082408774884
929.5272034323739,,basophils,SALIVA,0.8,XGBoost Regressor,BayesSearchCV,0.017354858319745627,0.009046612069720314,84.83734236409268,-0.00019034878474233352
2568.734927327639,,basophils,SALIVA,0.8,XGBoost Regressor,BayesSearchCV,0.017354858319745627,0.009046612069720314,84.83734236409268,-0.00019034878474233352
2551.378610251101,,basophils,SALIVA,0.8,XGBoost Regressor,BayesSearchCV,0.017354858319745627,0.009046612069720314,84.83734236409268,-0.00019034878474233352
2553.307089926272,,basophils,SALIVA,0.8,XGBoost Regressor,BayesSearchCV,0.017354858319745627,0.009046612069720314,84.83734236409268,-0.00019034878474233352
2555.235569601442,,basophils,SALIVA,0.8,XGBoost Regressor,BayesSearchCV,0.017354858319745627,0.009046612069720314,84.83734236409268,-0.00019034878474233352
2557.164049276613,,basophils,SALIVA,0.8,XGBoost Regressor,BayesSearchCV,0.017354858319745627,0.009046612069720314,84.83734236409268,-0.00019034878474233352
2559.092528951784,,basophils,SALIVA,0.8,XGBoost Regressor,BayesSearchCV,0.017354858319745627,0.009046612069720314,84.83734236409268,-0.00019034878474233352
2561.021008626955,,basophils,SALIVA,0.8,XGBoost Regressor,BayesSearchCV,0.017354858319745627,0.009046612069720314,84.83734236409268,-0.00019034878474233352
2562.949488302126,,basophils,SALIVA,0.8,XGBoost Regressor,BayesSearchCV,0.017354858319745627,0.009046612069720314,84.83734236409268,-0.00019034878474233352
2564.877967977297,,basophils,SALIVA,0.8,XGBoost Regressor,BayesSearchCV,0.017354858319745627,0.009046612069720314,84.83734236409268,-0.00019034878474233352
2566.806447652468,,basophils,SALIVA,0.8,XGBoost Regressor,BayesSearchCV,0.017354858319745627,0.009046612069720314,84.83734236409268,-0.00019034878474233352
2570.663407002809,,basophils,SALIVA,0.8,XGBoost Regressor,BayesSearchCV,0.017354858319745627,0.009046612069720314,84.83734236409268,-0.00019034878474233352
2547.521650900759,,basophils,SALIVA,0.8,XGBoost Regressor,BayesSearchCV,0.017354858319745627,0.009046612069720314,84.83734236409268,-0.00019034878474233352
2572.59188667798,,basophils,SALIVA,0.8,XGBoost Regressor,BayesSearchCV,0.017354858319745627,0.009046612069720314,84.83734236409268,-0.00019034878474233352
2574.520366353152,,basophils,SALIVA,0.8,XGBoost Regressor,BayesSearchCV,0.017354858319745627,0.009046612069720314,84.83734236409268,-0.00019034878474233352
2576.448846028322,,basophils,SALIVA,0.8,XGBoost Regressor,BayesSearchCV,0.017354858319745627,0.009046612069720314,84.83734236409268,-0.00019034878474233352
2578.377325703493,,basophils,SALIVA,0.8,XGBoost Regressor,BayesSearchCV,0.017354858319745627,0.009046612069720314,84.83734236409268,-0.00019034878474233352
2580.305805378664,,basophils,SALIVA,0.8,XGBoost Regressor,BayesSearchCV,0.017354858319745627,0.009046612069720314,84.83734236409268,-0.00019034878474233352
2582.234285053835,,basophils,SALIVA,0.8,XGBoost Regressor,BayesSearchCV,0.017354858319745627,0.009046612069720314,84.83734236409268,-0.00019034878474233352
2584.162764729006,,basophils,SALIVA,0.8,XGBoost Regressor,BayesSearchCV,0.017354858319745627,0.009046612069720314,84.83734236409268,-0.00019034878474233352
1592.924211691163,0.007934866410304218,basophils,SERUM,0.8,XGBoost Regressor,BayesSearchCV,0.016707225300123925,0.007894888124079444,39.533501863479614,-0.0623458695684147
1590.995732015992,0.00787675732639839,basophils,SERUM,0.8,XGBoost Regressor,BayesSearchCV,0.016707225300123925,0.007894888124079444,39.533501863479614,-0.0623458695684147
1594.852691366334,0.0078095084516569425,basophils,SERUM,0.8,XGBoost Regressor,BayesSearchCV,0.016707225300123925,0.007894888124079444,39.533501863479614,-0.0623458695684147
1589.067252340822,0.007570369464205462,basophils,SERUM,0.8,XGBoost Regressor,BayesSearchCV,0.016707225300123925,0.007894888124079444,39.533501863479614,-0.0623458695684147
1596.781171041505,0.007542763484742928,basophils,SERUM,0.8,XGBoost Regressor,BayesSearchCV,0.016707225300123925,0.007894888124079444,39.533501863479614,-0.0623458695684147
1598.709650716676,0.007236663268214554,basophils,SERUM,0.8,XGBoost Regressor,BayesSearchCV,0.016707225300123925,0.007894888124079444,39.533501863479614,-0.0623458695684147
1587.138772665651,0.007168516156957331,basophils,SERUM,0.8,XGBoost Regressor,BayesSearchCV,0.016707225300123925,0.007894888124079444,39.533501863479614,-0.0623458695684147
1600.638130391847,0.006908386964079789,basophils,SERUM,0.8,XGBoost Regressor,BayesSearchCV,0.016707225300123925,0.007894888124079444,39.533501863479614,-0.0623458695684147
1585.21029299048,0.006573034061267304,basophils,SERUM,0.8,XGBoost Regressor,BayesSearchCV,0.016707225300123925,0.007894888124079444,39.533501863479614,-0.0623458695684147
1602.566610067018,0.006511688359759666,basophils,SERUM,0.8,XGBoost Regressor,BayesSearchCV,0.016707225300123925,0.007894888124079444,39.533501863479614,-0.0623458695684147
1604.495089742189,0.0060496204582057055,basophils,SERUM,0.8,XGBoost Regressor,BayesSearchCV,0.016707225300123925,0.007894888124079444,39.533501863479614,-0.0623458695684147
1386.576886447877,0.005876185198888488,basophils,SERUM,0.8,XGBoost Regressor,BayesSearchCV,0.016707225300123925,0.007894888124079444,39.533501863479614,-0.0623458695684147
1583.281813315309,0.005757881009626662,basophils,SERUM,0.8,XGBoost Regressor,BayesSearchCV,0.016707225300123925,0.007894888124079444,39.533501863479614,-0.0623458695684147
1384.648406772706,0.0057504463295306625,basophils,SERUM,0.8,XGBoost Regressor,BayesSearchCV,0.016707225300123925,0.007894888124079444,39.533501863479614,-0.0623458695684147
1606.42356941736,0.005610137774852037,basophils,SERUM,0.8,XGBoost Regressor,BayesSearchCV,0.016707225300123925,0.007894888124079444,39.533501863479614,-0.0623458695684147
1608.35204909253,0.005190961312998269,basophils,SERUM,0.8,XGBoost Regressor,BayesSearchCV,0.016707225300123925,0.007894888124079444,39.533501863479614,-0.0623458695684147
1581.353333640138,0.0051411405779840155,basophils,SERUM,0.8,XGBoost Regressor,BayesSearchCV,0.016707225300123925,0.007894888124079444,39.533501863479614,-0.0623458695684147
1382.719927097535,0.005061596356669857,basophils,SERUM,0.8,XGBoost Regressor,BayesSearchCV,0.016707225300123925,0.007894888124079444,39.533501863479614,-0.0623458695684147
1388.505366123048,0.005018012371562458,basophils,SERUM,0.8,XGBoost Regressor,BayesSearchCV,0.016707225300123925,0.007894888124079444,39.533501863479614,-0.0623458695684147
1610.280528767702,0.004812791888436759,basophils,SERUM,0.8,XGBoost Regressor,BayesSearchCV,0.016707225300123925,0.007894888124079444,39.533501863479614,-0.0623458695684147
929.5272034323739,,basophils,SERUM,0.8,XGBoost Regressor,BayesSearchCV,0.016264129395657648,0.0076064598364755515,76.917938174059,-0.006743691717203237
2568.734927327639,,basophils,SERUM,0.8,XGBoost Regressor,BayesSearchCV,0.016264129395657648,0.0076064598364755515,76.917938174059,-0.006743691717203237
2551.378610251101,,basophils,SERUM,0.8,XGBoost Regressor,BayesSearchCV,0.016264129395657648,0.0076064598364755515,76.917938174059,-0.006743691717203237
2553.307089926272,,basophils,SERUM,0.8,XGBoost Regressor,BayesSearchCV,0.016264129395657648,0.0076064598364755515,76.917938174059,-0.006743691717203237
2555.235569601442,,basophils,SERUM,0.8,XGBoost Regressor,BayesSearchCV,0.016264129395657648,0.0076064598364755515,76.917938174059,-0.006743691717203237
2557.164049276613,,basophils,SERUM,0.8,XGBoost Regressor,BayesSearchCV,0.016264129395657648,0.0076064598364755515,76.917938174059,-0.006743691717203237
2559.092528951784,,basophils,SERUM,0.8,XGBoost Regressor,BayesSearchCV,0.016264129395657648,0.0076064598364755515,76.917938174059,-0.006743691717203237
2561.021008626955,,basophils,SERUM,0.8,XGBoost Regressor,BayesSearchCV,0.016264129395657648,0.0076064598364755515,76.917938174059,-0.006743691717203237
2562.949488302126,,basophils,SERUM,0.8,XGBoost Regressor,BayesSearchCV,0.016264129395657648,0.0076064598364755515,76.917938174059,-0.006743691717203237
2564.877967977297,,basophils,SERUM,0.8,XGBoost Regressor,BayesSearchCV,0.016264129395657648,0.0076064598364755515,76.917938174059,-0.006743691717203237
2566.806447652468,,basophils,SERUM,0.8,XGBoost Regressor,BayesSearchCV,0.016264129395657648,0.0076064598364755515,76.917938174059,-0.006743691717203237
2570.663407002809,,basophils,SERUM,0.8,XGBoost Regressor,BayesSearchCV,0.016264129395657648,0.0076064598364755515,76.917938174059,-0.006743691717203237
2547.521650900759,,basophils,SERUM,0.8,XGBoost Regressor,BayesSearchCV,0.016264129395657648,0.0076064598364755515,76.917938174059,-0.006743691717203237
2572.59188667798,,basophils,SERUM,0.8,XGBoost Regressor,BayesSearchCV,0.016264129395657648,0.0076064598364755515,76.917938174059,-0.006743691717203237
2574.520366353152,,basophils,SERUM,0.8,XGBoost Regressor,BayesSearchCV,0.016264129395657648,0.0076064598364755515,76.917938174059,-0.006743691717203237
2576.448846028322,,basophils,SERUM,0.8,XGBoost Regressor,BayesSearchCV,0.016264129395657648,0.0076064598364755515,76.917938174059,-0.006743691717203237
2578.377325703493,,basophils,SERUM,0.8,XGBoost Regressor,BayesSearchCV,0.016264129395657648,0.0076064598364755515,76.917938174059,-0.006743691717203237
2580.305805378664,,basophils,SERUM,0.8,XGBoost Regressor,BayesSearchCV,0.016264129395657648,0.0076064598364755515,76.917938174059,-0.006743691717203237
2582.234285053835,,basophils,SERUM,0.8,XGBoost Regressor,BayesSearchCV,0.016264129395657648,0.0076064598364755515,76.917938174059,-0.006743691717203237
2584.162764729006,,basophils,SERUM,0.8,XGBoost Regressor,BayesSearchCV,0.016264129395657648,0.0076064598364755515,76.917938174059,-0.006743691717203237
929.5272034323739,,basophils,SERUM,0.8,XGBoost Regressor,BayesSearchCV,0.016239971298074578,0.007319314786233008,78.53195610352688,-0.0037551579915739985
2568.734927327639,,basophils,SERUM,0.8,XGBoost Regressor,BayesSearchCV,0.016239971298074578,0.007319314786233008,78.53195610352688,-0.0037551579915739985
2551.378610251101,,basophils,SERUM,0.8,XGBoost Regressor,BayesSearchCV,0.016239971298074578,0.007319314786233008,78.53195610352688,-0.0037551579915739985
2553.307089926272,,basophils,SERUM,0.8,XGBoost Regressor,BayesSearchCV,0.016239971298074578,0.007319314786233008,78.53195610352688,-0.0037551579915739985
2555.235569601442,,basophils,SERUM,0.8,XGBoost Regressor,BayesSearchCV,0.016239971298074578,0.007319314786233008,78.53195610352688,-0.0037551579915739985
2557.164049276613,,basophils,SERUM,0.8,XGBoost Regressor,BayesSearchCV,0.016239971298074578,0.007319314786233008,78.53195610352688,-0.0037551579915739985
2559.092528951784,,basophils,SERUM,0.8,XGBoost Regressor,BayesSearchCV,0.016239971298074578,0.007319314786233008,78.53195610352688,-0.0037551579915739985
2561.021008626955,,basophils,SERUM,0.8,XGBoost Regressor,BayesSearchCV,0.016239971298074578,0.007319314786233008,78.53195610352688,-0.0037551579915739985
2562.949488302126,,basophils,SERUM,0.8,XGBoost Regressor,BayesSearchCV,0.016239971298074578,0.007319314786233008,78.53195610352688,-0.0037551579915739985
2564.877967977297,,basophils,SERUM,0.8,XGBoost Regressor,BayesSearchCV,0.016239971298074578,0.007319314786233008,78.53195610352688,-0.0037551579915739985
2566.806447652468,,basophils,SERUM,0.8,XGBoost Regressor,BayesSearchCV,0.016239971298074578,0.007319314786233008,78.53195610352688,-0.0037551579915739985
2570.663407002809,,basophils,SERUM,0.8,XGBoost Regressor,BayesSearchCV,0.016239971298074578,0.007319314786233008,78.53195610352688,-0.0037551579915739985
2547.521650900759,,basophils,SERUM,0.8,XGBoost Regressor,BayesSearchCV,0.016239971298074578,0.007319314786233008,78.53195610352688,-0.0037551579915739985
2572.59188667798,,basophils,SERUM,0.8,XGBoost Regressor,BayesSearchCV,0.016239971298074578,0.007319314786233008,78.53195610352688,-0.0037551579915739985
2574.520366353152,,basophils,SERUM,0.8,XGBoost Regressor,BayesSearchCV,0.016239971298074578,0.007319314786233008,78.53195610352688,-0.0037551579915739985
2576.448846028322,,basophils,SERUM,0.8,XGBoost Regressor,BayesSearchCV,0.016239971298074578,0.007319314786233008,78.53195610352688,-0.0037551579915739985
2578.377325703493,,basophils,SERUM,0.8,XGBoost Regressor,BayesSearchCV,0.016239971298074578,0.007319314786233008,78.53195610352688,-0.0037551579915739985
2580.305805378664,,basophils,SERUM,0.8,XGBoost Regressor,BayesSearchCV,0.016239971298074578,0.007319314786233008,78.53195610352688,-0.0037551579915739985
2582.234285053835,,basophils,SERUM,0.8,XGBoost Regressor,BayesSearchCV,0.016239971298074578,0.007319314786233008,78.53195610352688,-0.0037551579915739985
2584.162764729006,,basophils,SERUM,0.8,XGBoost Regressor,BayesSearchCV,0.016239971298074578,0.007319314786233008,78.53195610352688,-0.0037551579915739985
929.5272034323739,,basophils,SERUM,0.8,XGBoost Regressor,BayesSearchCV,0.016276488849540242,0.007728307423181832,76.23304324224591,-0.008274364487946162
2568.734927327639,,basophils,SERUM,0.8,XGBoost Regressor,BayesSearchCV,0.016276488849540242,0.007728307423181832,76.23304324224591,-0.008274364487946162
2551.378610251101,,basophils,SERUM,0.8,XGBoost Regressor,BayesSearchCV,0.016276488849540242,0.007728307423181832,76.23304324224591,-0.008274364487946162
2553.307089926272,,basophils,SERUM,0.8,XGBoost Regressor,BayesSearchCV,0.016276488849540242,0.007728307423181832,76.23304324224591,-0.008274364487946162
2555.235569601442,,basophils,SERUM,0.8,XGBoost Regressor,BayesSearchCV,0.016276488849540242,0.007728307423181832,76.23304324224591,-0.008274364487946162
2557.164049276613,,basophils,SERUM,0.8,XGBoost Regressor,BayesSearchCV,0.016276488849540242,0.007728307423181832,76.23304324224591,-0.008274364487946162
2559.092528951784,,basophils,SERUM,0.8,XGBoost Regressor,BayesSearchCV,0.016276488849540242,0.007728307423181832,76.23304324224591,-0.008274364487946162
2561.021008626955,,basophils,SERUM,0.8,XGBoost Regressor,BayesSearchCV,0.016276488849540242,0.007728307423181832,76.23304324224591,-0.008274364487946162
2562.949488302126,,basophils,SERUM,0.8,XGBoost Regressor,BayesSearchCV,0.016276488849540242,0.007728307423181832,76.23304324224591,-0.008274364487946162
2564.877967977297,,basophils,SERUM,0.8,XGBoost Regressor,BayesSearchCV,0.016276488849540242,0.007728307423181832,76.23304324224591,-0.008274364487946162
2566.806447652468,,basophils,SERUM,0.8,XGBoost Regressor,BayesSearchCV,0.016276488849540242,0.007728307423181832,76.23304324224591,-0.008274364487946162
2570.663407002809,,basophils,SERUM,0.8,XGBoost Regressor,BayesSearchCV,0.016276488849540242,0.007728307423181832,76.23304324224591,-0.008274364487946162
2547.521650900759,,basophils,SERUM,0.8,XGBoost Regressor,BayesSearchCV,0.016276488849540242,0.007728307423181832,76.23304324224591,-0.008274364487946162
2572.59188667798,,basophils,SERUM,0.8,XGBoost Regressor,BayesSearchCV,0.016276488849540242,0.007728307423181832,76.23304324224591,-0.008274364487946162
2574.520366353152,,basophils,SERUM,0.8,XGBoost Regressor,BayesSearchCV,0.016276488849540242,0.007728307423181832,76.23304324224591,-0.008274364487946162
2576.448846028322,,basophils,SERUM,0.8,XGBoost Regressor,BayesSearchCV,0.016276488849540242,0.007728307423181832,76.23304324224591,-0.008274364487946162
2578.377325703493,,basophils,SERUM,0.8,XGBoost Regressor,BayesSearchCV,0.016276488849540242,0.007728307423181832,76.23304324224591,-0.008274364487946162
2580.305805378664,,basophils,SERUM,0.8,XGBoost Regressor,BayesSearchCV,0.016276488849540242,0.007728307423181832,76.23304324224591,-0.008274364487946162
2582.234285053835,,basophils,SERUM,0.8,XGBoost Regressor,BayesSearchCV,0.016276488849540242,0.007728307423181832,76.23304324224591,-0.008274364487946162
2584.162764729006,,basophils,SERUM,0.8,XGBoost Regressor,BayesSearchCV,0.016276488849540242,0.007728307423181832,76.23304324224591,-0.008274364487946162
929.5272034323739,,basophils,URINE,0.8,XGBoost Regressor,BayesSearchCV,0.024152454261615906,0.011251064787961937,91.32439447566867,-0.027625316170603043
2568.734927327639,,basophils,URINE,0.8,XGBoost Regressor,BayesSearchCV,0.024152454261615906,0.011251064787961937,91.32439447566867,-0.027625316170603043
2551.378610251101,,basophils,URINE,0.8,XGBoost Regressor,BayesSearchCV,0.024152454261615906,0.011251064787961937,91.32439447566867,-0.027625316170603043
2553.307089926272,,basophils,URINE,0.8,XGBoost Regressor,BayesSearchCV,0.024152454261615906,0.011251064787961937,91.32439447566867,-0.027625316170603043
2555.235569601442,,basophils,URINE,0.8,XGBoost Regressor,BayesSearchCV,0.024152454261615906,0.011251064787961937,91.32439447566867,-0.027625316170603043
2557.164049276613,,basophils,URINE,0.8,XGBoost Regressor,BayesSearchCV,0.024152454261615906,0.011251064787961937,91.32439447566867,-0.027625316170603043
2559.092528951784,,basophils,URINE,0.8,XGBoost Regressor,BayesSearchCV,0.024152454261615906,0.011251064787961937,91.32439447566867,-0.027625316170603043
2561.021008626955,,basophils,URINE,0.8,XGBoost Regressor,BayesSearchCV,0.024152454261615906,0.011251064787961937,91.32439447566867,-0.027625316170603043
2562.949488302126,,basophils,URINE,0.8,XGBoost Regressor,BayesSearchCV,0.024152454261615906,0.011251064787961937,91.32439447566867,-0.027625316170603043
2564.877967977297,,basophils,URINE,0.8,XGBoost Regressor,BayesSearchCV,0.024152454261615906,0.011251064787961937,91.32439447566867,-0.027625316170603043
2566.806447652468,,basophils,URINE,0.8,XGBoost Regressor,BayesSearchCV,0.024152454261615906,0.011251064787961937,91.32439447566867,-0.027625316170603043
2570.663407002809,,basophils,URINE,0.8,XGBoost Regressor,BayesSearchCV,0.024152454261615906,0.011251064787961937,91.32439447566867,-0.027625316170603043
2547.521650900759,,basophils,URINE,0.8,XGBoost Regressor,BayesSearchCV,0.024152454261615906,0.011251064787961937,91.32439447566867,-0.027625316170603043
2572.59188667798,,basophils,URINE,0.8,XGBoost Regressor,BayesSearchCV,0.024152454261615906,0.011251064787961937,91.32439447566867,-0.027625316170603043
2574.520366353152,,basophils,URINE,0.8,XGBoost Regressor,BayesSearchCV,0.024152454261615906,0.011251064787961937,91.32439447566867,-0.027625316170603043
2576.448846028322,,basophils,URINE,0.8,XGBoost Regressor,BayesSearchCV,0.024152454261615906,0.011251064787961937,91.32439447566867,-0.027625316170603043
2578.377325703493,,basophils,URINE,0.8,XGBoost Regressor,BayesSearchCV,0.024152454261615906,0.011251064787961937,91.32439447566867,-0.027625316170603043
2580.305805378664,,basophils,URINE,0.8,XGBoost Regressor,BayesSearchCV,0.024152454261615906,0.011251064787961937,91.32439447566867,-0.027625316170603043
2582.234285053835,,basophils,URINE,0.8,XGBoost Regressor,BayesSearchCV,0.024152454261615906,0.011251064787961937,91.32439447566867,-0.027625316170603043
2584.162764729006,,basophils,URINE,0.8,XGBoost Regressor,BayesSearchCV,0.024152454261615906,0.011251064787961937,91.32439447566867,-0.027625316170603043
929.5272034323739,,basophils,URINE,0.8,XGBoost Regressor,BayesSearchCV,0.024064002445171526,0.011679262693383194,90.12340130284429,-0.020112300299723218
2568.734927327639,,basophils,URINE,0.8,XGBoost Regressor,BayesSearchCV,0.024064002445171526,0.011679262693383194,90.12340130284429,-0.020112300299723218
2551.378610251101,,basophils,URINE,0.8,XGBoost Regressor,BayesSearchCV,0.024064002445171526,0.011679262693383194,90.12340130284429,-0.020112300299723218
2553.307089926272,,basophils,URINE,0.8,XGBoost Regressor,BayesSearchCV,0.024064002445171526,0.011679262693383194,90.12340130284429,-0.020112300299723218
2555.235569601442,,basophils,URINE,0.8,XGBoost Regressor,BayesSearchCV,0.024064002445171526,0.011679262693383194,90.12340130284429,-0.020112300299723218
2557.164049276613,,basophils,URINE,0.8,XGBoost Regressor,BayesSearchCV,0.024064002445171526,0.011679262693383194,90.12340130284429,-0.020112300299723218
2559.092528951784,,basophils,URINE,0.8,XGBoost Regressor,BayesSearchCV,0.024064002445171526,0.011679262693383194,90.12340130284429,-0.020112300299723218
2561.021008626955,,basophils,URINE,0.8,XGBoost Regressor,BayesSearchCV,0.024064002445171526,0.011679262693383194,90.12340130284429,-0.020112300299723218
2562.949488302126,,basophils,URINE,0.8,XGBoost Regressor,BayesSearchCV,0.024064002445171526,0.011679262693383194,90.12340130284429,-0.020112300299723218
2564.877967977297,,basophils,URINE,0.8,XGBoost Regressor,BayesSearchCV,0.024064002445171526,0.011679262693383194,90.12340130284429,-0.020112300299723218
2566.806447652468,,basophils,URINE,0.8,XGBoost Regressor,BayesSearchCV,0.024064002445171526,0.011679262693383194,90.12340130284429,-0.020112300299723218
2570.663407002809,,basophils,URINE,0.8,XGBoost Regressor,BayesSearchCV,0.024064002445171526,0.011679262693383194,90.12340130284429,-0.020112300299723218
2547.521650900759,,basophils,URINE,0.8,XGBoost Regressor,BayesSearchCV,0.024064002445171526,0.011679262693383194,90.12340130284429,-0.020112300299723218
2572.59188667798,,basophils,URINE,0.8,XGBoost Regressor,BayesSearchCV,0.024064002445171526,0.011679262693383194,90.12340130284429,-0.020112300299723218
2574.520366353152,,basophils,URINE,0.8,XGBoost Regressor,BayesSearchCV,0.024064002445171526,0.011679262693383194,90.12340130284429,-0.020112300299723218
2576.448846028322,,basophils,URINE,0.8,XGBoost Regressor,BayesSearchCV,0.024064002445171526,0.011679262693383194,90.12340130284429,-0.020112300299723218
2578.377325703493,,basophils,URINE,0.8,XGBoost Regressor,BayesSearchCV,0.024064002445171526,0.011679262693383194,90.12340130284429,-0.020112300299723218
2580.305805378664,,basophils,URINE,0.8,XGBoost Regressor,BayesSearchCV,0.024064002445171526,0.011679262693383194,90.12340130284429,-0.020112300299723218
2582.234285053835,,basophils,URINE,0.8,XGBoost Regressor,BayesSearchCV,0.024064002445171526,0.011679262693383194,90.12340130284429,-0.020112300299723218
2584.162764729006,,basophils,URINE,0.8,XGBoost Regressor,BayesSearchCV,0.024064002445171526,0.011679262693383194,90.12340130284429,-0.020112300299723218
929.5272034323739,,basophils,URINE,0.8,XGBoost Regressor,BayesSearchCV,0.024069266184758808,0.01165178882448297,90.20045896371205,-0.02055862611624404
2568.734927327639,,basophils,URINE,0.8,XGBoost Regressor,BayesSearchCV,0.024069266184758808,0.01165178882448297,90.20045896371205,-0.02055862611624404
2551.378610251101,,basophils,URINE,0.8,XGBoost Regressor,BayesSearchCV,0.024069266184758808,0.01165178882448297,90.20045896371205,-0.02055862611624404
2553.307089926272,,basophils,URINE,0.8,XGBoost Regressor,BayesSearchCV,0.024069266184758808,0.01165178882448297,90.20045896371205,-0.02055862611624404
2555.235569601442,,basophils,URINE,0.8,XGBoost Regressor,BayesSearchCV,0.024069266184758808,0.01165178882448297,90.20045896371205,-0.02055862611624404
2557.164049276613,,basophils,URINE,0.8,XGBoost Regressor,BayesSearchCV,0.024069266184758808,0.01165178882448297,90.20045896371205,-0.02055862611624404
2559.092528951784,,basophils,URINE,0.8,XGBoost Regressor,BayesSearchCV,0.024069266184758808,0.01165178882448297,90.20045896371205,-0.02055862611624404
2561.021008626955,,basophils,URINE,0.8,XGBoost Regressor,BayesSearchCV,0.024069266184758808,0.01165178882448297,90.20045896371205,-0.02055862611624404
2562.949488302126,,basophils,URINE,0.8,XGBoost Regressor,BayesSearchCV,0.024069266184758808,0.01165178882448297,90.20045896371205,-0.02055862611624404
2564.877967977297,,basophils,URINE,0.8,XGBoost Regressor,BayesSearchCV,0.024069266184758808,0.01165178882448297,90.20045896371205,-0.02055862611624404
2566.806447652468,,basophils,URINE,0.8,XGBoost Regressor,BayesSearchCV,0.024069266184758808,0.01165178882448297,90.20045896371205,-0.02055862611624404
2570.663407002809,,basophils,URINE,0.8,XGBoost Regressor,BayesSearchCV,0.024069266184758808,0.01165178882448297,90.20045896371205,-0.02055862611624404
2547.521650900759,,basophils,URINE,0.8,XGBoost Regressor,BayesSearchCV,0.024069266184758808,0.01165178882448297,90.20045896371205,-0.02055862611624404
2572.59188667798,,basophils,URINE,0.8,XGBoost Regressor,BayesSearchCV,0.024069266184758808,0.01165178882448297,90.20045896371205,-0.02055862611624404
2574.520366353152,,basophils,URINE,0.8,XGBoost Regressor,BayesSearchCV,0.024069266184758808,0.01165178882448297,90.20045896371205,-0.02055862611624404
2576.448846028322,,basophils,URINE,0.8,XGBoost Regressor,BayesSearchCV,0.024069266184758808,0.01165178882448297,90.20045896371205,-0.02055862611624404
2578.377325703493,,basophils,URINE,0.8,XGBoost Regressor,BayesSearchCV,0.024069266184758808,0.01165178882448297,90.20045896371205,-0.02055862611624404
2580.305805378664,,basophils,URINE,0.8,XGBoost Regressor,BayesSearchCV,0.024069266184758808,0.01165178882448297,90.20045896371205,-0.02055862611624404
2582.234285053835,,basophils,URINE,0.8,XGBoost Regressor,BayesSearchCV,0.024069266184758808,0.01165178882448297,90.20045896371205,-0.02055862611624404
2584.162764729006,,basophils,URINE,0.8,XGBoost Regressor,BayesSearchCV,0.024069266184758808,0.01165178882448297,90.20045896371205,-0.02055862611624404
929.5272034323739,,basophils,URINE,0.8,XGBoost Regressor,BayesSearchCV,0.024254546810640272,0.010822725174458404,92.52578510592382,-0.036331232388551626
2568.734927327639,,basophils,URINE,0.8,XGBoost Regressor,BayesSearchCV,0.024254546810640272,0.010822725174458404,92.52578510592382,-0.036331232388551626
2551.378610251101,,basophils,URINE,0.8,XGBoost Regressor,BayesSearchCV,0.024254546810640272,0.010822725174458404,92.52578510592382,-0.036331232388551626
2553.307089926272,,basophils,URINE,0.8,XGBoost Regressor,BayesSearchCV,0.024254546810640272,0.010822725174458404,92.52578510592382,-0.036331232388551626
2555.235569601442,,basophils,URINE,0.8,XGBoost Regressor,BayesSearchCV,0.024254546810640272,0.010822725174458404,92.52578510592382,-0.036331232388551626
2557.164049276613,,basophils,URINE,0.8,XGBoost Regressor,BayesSearchCV,0.024254546810640272,0.010822725174458404,92.52578510592382,-0.036331232388551626
2559.092528951784,,basophils,URINE,0.8,XGBoost Regressor,BayesSearchCV,0.024254546810640272,0.010822725174458404,92.52578510592382,-0.036331232388551626
2561.021008626955,,basophils,URINE,0.8,XGBoost Regressor,BayesSearchCV,0.024254546810640272,0.010822725174458404,92.52578510592382,-0.036331232388551626
2562.949488302126,,basophils,URINE,0.8,XGBoost Regressor,BayesSearchCV,0.024254546810640272,0.010822725174458404,92.52578510592382,-0.036331232388551626
2564.877967977297,,basophils,URINE,0.8,XGBoost Regressor,BayesSearchCV,0.024254546810640272,0.010822725174458404,92.52578510592382,-0.036331232388551626
2566.806447652468,,basophils,URINE,0.8,XGBoost Regressor,BayesSearchCV,0.024254546810640272,0.010822725174458404,92.52578510592382,-0.036331232388551626
2570.663407002809,,basophils,URINE,0.8,XGBoost Regressor,BayesSearchCV,0.024254546810640272,0.010822725174458404,92.52578510592382,-0.036331232388551626
2547.521650900759,,basophils,URINE,0.8,XGBoost Regressor,BayesSearchCV,0.024254546810640272,0.010822725174458404,92.52578510592382,-0.036331232388551626
2572.59188667798,,basophils,URINE,0.8,XGBoost Regressor,BayesSearchCV,0.024254546810640272,0.010822725174458404,92.52578510592382,-0.036331232388551626
2574.520366353152,,basophils,URINE,0.8,XGBoost Regressor,BayesSearchCV,0.024254546810640272,0.010822725174458404,92.52578510592382,-0.036331232388551626
2576.448846028322,,basophils,URINE,0.8,XGBoost Regressor,BayesSearchCV,0.024254546810640272,0.010822725174458404,92.52578510592382,-0.036331232388551626
2578.377325703493,,basophils,URINE,0.8,XGBoost Regressor,BayesSearchCV,0.024254546810640272,0.010822725174458404,92.52578510592382,-0.036331232388551626
2580.305805378664,,basophils,URINE,0.8,XGBoost Regressor,BayesSearchCV,0.024254546810640272,0.010822725174458404,92.52578510592382,-0.036331232388551626
2582.234285053835,,basophils,URINE,0.8,XGBoost Regressor,BayesSearchCV,0.024254546810640272,0.010822725174458404,92.52578510592382,-0.036331232388551626
2584.162764729006,,basophils,URINE,0.8,XGBoost Regressor,BayesSearchCV,0.024254546810640272,0.010822725174458404,92.52578510592382,-0.036331232388551626
