Wavenumber (cm⁻¹),Importance,target_variable,Sample Type,Train Percentage,Model,Search Type,RMSE,MAE,MAPE,R²,run_id,run_name
1641.136203570436,0.00653107015427618,bodyfat_kg,CAPILAR,0.8,MLP Regressor,GridSearchCV,10.044615028456798,8.084887262236947,47.17981043830001,-0.19513624955359576,5036aab1b4aa499bab7dbc396f7a5da2,experiment_linear_bodyfat_kg
1639.207723895265,0.006204970521751542,bodyfat_kg,CAPILAR,0.8,MLP Regressor,GridSearchCV,10.044615028456798,8.084887262236947,47.17981043830001,-0.19513624955359576,5036aab1b4aa499bab7dbc396f7a5da2,experiment_linear_bodyfat_kg
1637.279244220094,0.005307676015899444,bodyfat_kg,CAPILAR,0.8,MLP Regressor,GridSearchCV,10.044615028456798,8.084887262236947,47.17981043830001,-0.19513624955359576,5036aab1b4aa499bab7dbc396f7a5da2,experiment_linear_bodyfat_kg
1643.064683245607,0.004897483801307596,bodyfat_kg,CAPILAR,0.8,MLP Regressor,GridSearchCV,10.044615028456798,8.084887262236947,47.17981043830001,-0.19513624955359576,5036aab1b4aa499bab7dbc396f7a5da2,experiment_linear_bodyfat_kg
1635.350764544923,0.004542053877937476,bodyfat_kg,CAPILAR,0.8,MLP Regressor,GridSearchCV,10.044615028456798,8.084887262236947,47.17981043830001,-0.19513624955359576,5036aab1b4aa499bab7dbc396f7a5da2,experiment_linear_bodyfat_kg
1633.422284869752,0.003959303187836283,bodyfat_kg,CAPILAR,0.8,MLP Regressor,GridSearchCV,10.044615028456798,8.084887262236947,47.17981043830001,-0.19513624955359576,5036aab1b4aa499bab7dbc396f7a5da2,experiment_linear_bodyfat_kg
1631.493805194581,0.003494148747667702,bodyfat_kg,CAPILAR,0.8,MLP Regressor,GridSearchCV,10.044615028456798,8.084887262236947,47.17981043830001,-0.19513624955359576,5036aab1b4aa499bab7dbc396f7a5da2,experiment_linear_bodyfat_kg
1224.584593733522,0.0032281988665043134,bodyfat_kg,CAPILAR,0.8,MLP Regressor,GridSearchCV,10.044615028456798,8.084887262236947,47.17981043830001,-0.19513624955359576,5036aab1b4aa499bab7dbc396f7a5da2,experiment_linear_bodyfat_kg
1222.656114058351,0.0031349647070874156,bodyfat_kg,CAPILAR,0.8,MLP Regressor,GridSearchCV,10.044615028456798,8.084887262236947,47.17981043830001,-0.19513624955359576,5036aab1b4aa499bab7dbc396f7a5da2,experiment_linear_bodyfat_kg
1629.56532551941,0.0031189591643623806,bodyfat_kg,CAPILAR,0.8,MLP Regressor,GridSearchCV,10.044615028456798,8.084887262236947,47.17981043830001,-0.19513624955359576,5036aab1b4aa499bab7dbc396f7a5da2,experiment_linear_bodyfat_kg
1604.495089742189,0.0030594563953163746,bodyfat_kg,CAPILAR,0.8,MLP Regressor,GridSearchCV,10.044615028456798,8.084887262236947,47.17981043830001,-0.19513624955359576,5036aab1b4aa499bab7dbc396f7a5da2,experiment_linear_bodyfat_kg
1226.513073408692,0.002985336964248235,bodyfat_kg,CAPILAR,0.8,MLP Regressor,GridSearchCV,10.044615028456798,8.084887262236947,47.17981043830001,-0.19513624955359576,5036aab1b4aa499bab7dbc396f7a5da2,experiment_linear_bodyfat_kg
1602.566610067018,0.0029780535905673347,bodyfat_kg,CAPILAR,0.8,MLP Regressor,GridSearchCV,10.044615028456798,8.084887262236947,47.17981043830001,-0.19513624955359576,5036aab1b4aa499bab7dbc396f7a5da2,experiment_linear_bodyfat_kg
1627.63684584424,0.0028159679509285472,bodyfat_kg,CAPILAR,0.8,MLP Regressor,GridSearchCV,10.044615028456798,8.084887262236947,47.17981043830001,-0.19513624955359576,5036aab1b4aa499bab7dbc396f7a5da2,experiment_linear_bodyfat_kg
1228.441553083863,0.002694639209722047,bodyfat_kg,CAPILAR,0.8,MLP Regressor,GridSearchCV,10.044615028456798,8.084887262236947,47.17981043830001,-0.19513624955359576,5036aab1b4aa499bab7dbc396f7a5da2,experiment_linear_bodyfat_kg
1606.42356941736,0.002689700828433117,bodyfat_kg,CAPILAR,0.8,MLP Regressor,GridSearchCV,10.044615028456798,8.084887262236947,47.17981043830001,-0.19513624955359576,5036aab1b4aa499bab7dbc396f7a5da2,experiment_linear_bodyfat_kg
1220.72763438318,0.002655517971081021,bodyfat_kg,CAPILAR,0.8,MLP Regressor,GridSearchCV,10.044615028456798,8.084887262236947,47.17981043830001,-0.19513624955359576,5036aab1b4aa499bab7dbc396f7a5da2,experiment_linear_bodyfat_kg
1625.708366169069,0.0025849025046257635,bodyfat_kg,CAPILAR,0.8,MLP Regressor,GridSearchCV,10.044615028456798,8.084887262236947,47.17981043830001,-0.19513624955359576,5036aab1b4aa499bab7dbc396f7a5da2,experiment_linear_bodyfat_kg
1170.587162828736,0.0025720975675989884,bodyfat_kg,CAPILAR,0.8,MLP Regressor,GridSearchCV,10.044615028456798,8.084887262236947,47.17981043830001,-0.19513624955359576,5036aab1b4aa499bab7dbc396f7a5da2,experiment_linear_bodyfat_kg
1172.515642503907,0.0025074440492705023,bodyfat_kg,CAPILAR,0.8,MLP Regressor,GridSearchCV,10.044615028456798,8.084887262236947,47.17981043830001,-0.19513624955359576,5036aab1b4aa499bab7dbc396f7a5da2,experiment_linear_bodyfat_kg
954.5974392095954,0.007337282905494073,bodyfat_kg,CAPILAR,0.8,MLP Regressor,GridSearchCV,10.081123538954234,7.688410888314829,42.588425111097195,-0.2038398063468514,5036aab1b4aa499bab7dbc396f7a5da2,experiment_linear_bodyfat_kg
1704.776032851076,0.0068550339835573276,bodyfat_kg,CAPILAR,0.8,MLP Regressor,GridSearchCV,10.081123538954234,7.688410888314829,42.588425111097195,-0.2038398063468514,5036aab1b4aa499bab7dbc396f7a5da2,experiment_linear_bodyfat_kg
1602.566610067018,0.006710184718088042,bodyfat_kg,CAPILAR,0.8,MLP Regressor,GridSearchCV,10.081123538954234,7.688410888314829,42.588425111097195,-0.2038398063468514,5036aab1b4aa499bab7dbc396f7a5da2,experiment_linear_bodyfat_kg
1361.506650670656,0.005294357538219127,bodyfat_kg,CAPILAR,0.8,MLP Regressor,GridSearchCV,10.081123538954234,7.688410888314829,42.588425111097195,-0.2038398063468514,5036aab1b4aa499bab7dbc396f7a5da2,experiment_linear_bodyfat_kg
1348.007292944459,0.005167684147498444,bodyfat_kg,CAPILAR,0.8,MLP Regressor,GridSearchCV,10.081123538954234,7.688410888314829,42.588425111097195,-0.2038398063468514,5036aab1b4aa499bab7dbc396f7a5da2,experiment_linear_bodyfat_kg
1267.011146587281,0.004953209636982814,bodyfat_kg,CAPILAR,0.8,MLP Regressor,GridSearchCV,10.081123538954234,7.688410888314829,42.588425111097195,-0.2038398063468514,5036aab1b4aa499bab7dbc396f7a5da2,experiment_linear_bodyfat_kg
952.6689595344246,0.00490226412373934,bodyfat_kg,CAPILAR,0.8,MLP Regressor,GridSearchCV,10.081123538954234,7.688410888314829,42.588425111097195,-0.2038398063468514,5036aab1b4aa499bab7dbc396f7a5da2,experiment_linear_bodyfat_kg
1752.988024730348,0.004863370129534684,bodyfat_kg,CAPILAR,0.8,MLP Regressor,GridSearchCV,10.081123538954234,7.688410888314829,42.588425111097195,-0.2038398063468514,5036aab1b4aa499bab7dbc396f7a5da2,experiment_linear_bodyfat_kg
1376.934488072023,0.004654844778109651,bodyfat_kg,CAPILAR,0.8,MLP Regressor,GridSearchCV,10.081123538954234,7.688410888314829,42.588425111097195,-0.2038398063468514,5036aab1b4aa499bab7dbc396f7a5da2,experiment_linear_bodyfat_kg
1803.128496284791,0.0046468072016372436,bodyfat_kg,CAPILAR,0.8,MLP Regressor,GridSearchCV,10.081123538954234,7.688410888314829,42.588425111097195,-0.2038398063468514,5036aab1b4aa499bab7dbc396f7a5da2,experiment_linear_bodyfat_kg
1371.14904904651,0.004556121432581061,bodyfat_kg,CAPILAR,0.8,MLP Regressor,GridSearchCV,10.081123538954234,7.688410888314829,42.588425111097195,-0.2038398063468514,5036aab1b4aa499bab7dbc396f7a5da2,experiment_linear_bodyfat_kg
1359.578170995484,0.004486399213603653,bodyfat_kg,CAPILAR,0.8,MLP Regressor,GridSearchCV,10.081123538954234,7.688410888314829,42.588425111097195,-0.2038398063468514,5036aab1b4aa499bab7dbc396f7a5da2,experiment_linear_bodyfat_kg
937.2411221330576,0.0043184533161616575,bodyfat_kg,CAPILAR,0.8,MLP Regressor,GridSearchCV,10.081123538954234,7.688410888314829,42.588425111097195,-0.2038398063468514,5036aab1b4aa499bab7dbc396f7a5da2,experiment_linear_bodyfat_kg
2829.07968347571,0.004291340353245996,bodyfat_kg,CAPILAR,0.8,MLP Regressor,GridSearchCV,10.081123538954234,7.688410888314829,42.588425111097195,-0.2038398063468514,5036aab1b4aa499bab7dbc396f7a5da2,experiment_linear_bodyfat_kg
1643.064683245607,0.004270397762410897,bodyfat_kg,CAPILAR,0.8,MLP Regressor,GridSearchCV,10.081123538954234,7.688410888314829,42.588425111097195,-0.2038398063468514,5036aab1b4aa499bab7dbc396f7a5da2,experiment_linear_bodyfat_kg
2993.000455865237,0.004246634638057634,bodyfat_kg,CAPILAR,0.8,MLP Regressor,GridSearchCV,10.081123538954234,7.688410888314829,42.588425111097195,-0.2038398063468514,5036aab1b4aa499bab7dbc396f7a5da2,experiment_linear_bodyfat_kg
1259.297227886598,0.004126810158128451,bodyfat_kg,CAPILAR,0.8,MLP Regressor,GridSearchCV,10.081123538954234,7.688410888314829,42.588425111097195,-0.2038398063468514,5036aab1b4aa499bab7dbc396f7a5da2,experiment_linear_bodyfat_kg
2933.217585934939,0.004100536139969312,bodyfat_kg,CAPILAR,0.8,MLP Regressor,GridSearchCV,10.081123538954234,7.688410888314829,42.588425111097195,-0.2038398063468514,5036aab1b4aa499bab7dbc396f7a5da2,experiment_linear_bodyfat_kg
1363.435130345826,0.004095582475670127,bodyfat_kg,CAPILAR,0.8,MLP Regressor,GridSearchCV,10.081123538954234,7.688410888314829,42.588425111097195,-0.2038398063468514,5036aab1b4aa499bab7dbc396f7a5da2,experiment_linear_bodyfat_kg
1724.060829602785,0.0040926596055891945,bodyfat_kg,CAPILAR,0.8,MLP Regressor,GridSearchCV,10.081123538954234,7.688410888314829,42.588425111097195,-0.2038398063468514,5036aab1b4aa499bab7dbc396f7a5da2,experiment_linear_bodyfat_kg
1641.136203570436,0.0065310701542761656,bodyfat_kg,CAPILAR,0.8,MLP Regressor,GridSearchCV,10.044615028456798,8.084887262236947,47.17981043830005,-0.19513624955359576,5036aab1b4aa499bab7dbc396f7a5da2,experiment_linear_bodyfat_kg
1639.207723895265,0.006204970521751532,bodyfat_kg,CAPILAR,0.8,MLP Regressor,GridSearchCV,10.044615028456798,8.084887262236947,47.17981043830005,-0.19513624955359576,5036aab1b4aa499bab7dbc396f7a5da2,experiment_linear_bodyfat_kg
1637.279244220094,0.0053076760158994344,bodyfat_kg,CAPILAR,0.8,MLP Regressor,GridSearchCV,10.044615028456798,8.084887262236947,47.17981043830005,-0.19513624955359576,5036aab1b4aa499bab7dbc396f7a5da2,experiment_linear_bodyfat_kg
1643.064683245607,0.004897483801307581,bodyfat_kg,CAPILAR,0.8,MLP Regressor,GridSearchCV,10.044615028456798,8.084887262236947,47.17981043830005,-0.19513624955359576,5036aab1b4aa499bab7dbc396f7a5da2,experiment_linear_bodyfat_kg
1635.350764544923,0.004542053877937471,bodyfat_kg,CAPILAR,0.8,MLP Regressor,GridSearchCV,10.044615028456798,8.084887262236947,47.17981043830005,-0.19513624955359576,5036aab1b4aa499bab7dbc396f7a5da2,experiment_linear_bodyfat_kg
1633.422284869752,0.003959303187836276,bodyfat_kg,CAPILAR,0.8,MLP Regressor,GridSearchCV,10.044615028456798,8.084887262236947,47.17981043830005,-0.19513624955359576,5036aab1b4aa499bab7dbc396f7a5da2,experiment_linear_bodyfat_kg
1631.493805194581,0.0034941487476676976,bodyfat_kg,CAPILAR,0.8,MLP Regressor,GridSearchCV,10.044615028456798,8.084887262236947,47.17981043830005,-0.19513624955359576,5036aab1b4aa499bab7dbc396f7a5da2,experiment_linear_bodyfat_kg
1224.584593733522,0.0032281988665043082,bodyfat_kg,CAPILAR,0.8,MLP Regressor,GridSearchCV,10.044615028456798,8.084887262236947,47.17981043830005,-0.19513624955359576,5036aab1b4aa499bab7dbc396f7a5da2,experiment_linear_bodyfat_kg
1222.656114058351,0.0031349647070874113,bodyfat_kg,CAPILAR,0.8,MLP Regressor,GridSearchCV,10.044615028456798,8.084887262236947,47.17981043830005,-0.19513624955359576,5036aab1b4aa499bab7dbc396f7a5da2,experiment_linear_bodyfat_kg
1629.56532551941,0.0031189591643623776,bodyfat_kg,CAPILAR,0.8,MLP Regressor,GridSearchCV,10.044615028456798,8.084887262236947,47.17981043830005,-0.19513624955359576,5036aab1b4aa499bab7dbc396f7a5da2,experiment_linear_bodyfat_kg
1604.495089742189,0.0030594563953163794,bodyfat_kg,CAPILAR,0.8,MLP Regressor,GridSearchCV,10.044615028456798,8.084887262236947,47.17981043830005,-0.19513624955359576,5036aab1b4aa499bab7dbc396f7a5da2,experiment_linear_bodyfat_kg
1226.513073408692,0.002985336964248234,bodyfat_kg,CAPILAR,0.8,MLP Regressor,GridSearchCV,10.044615028456798,8.084887262236947,47.17981043830005,-0.19513624955359576,5036aab1b4aa499bab7dbc396f7a5da2,experiment_linear_bodyfat_kg
1602.566610067018,0.002978053590567343,bodyfat_kg,CAPILAR,0.8,MLP Regressor,GridSearchCV,10.044615028456798,8.084887262236947,47.17981043830005,-0.19513624955359576,5036aab1b4aa499bab7dbc396f7a5da2,experiment_linear_bodyfat_kg
1627.63684584424,0.0028159679509285464,bodyfat_kg,CAPILAR,0.8,MLP Regressor,GridSearchCV,10.044615028456798,8.084887262236947,47.17981043830005,-0.19513624955359576,5036aab1b4aa499bab7dbc396f7a5da2,experiment_linear_bodyfat_kg
1228.441553083863,0.002694639209722047,bodyfat_kg,CAPILAR,0.8,MLP Regressor,GridSearchCV,10.044615028456798,8.084887262236947,47.17981043830005,-0.19513624955359576,5036aab1b4aa499bab7dbc396f7a5da2,experiment_linear_bodyfat_kg
1606.42356941736,0.002689700828433119,bodyfat_kg,CAPILAR,0.8,MLP Regressor,GridSearchCV,10.044615028456798,8.084887262236947,47.17981043830005,-0.19513624955359576,5036aab1b4aa499bab7dbc396f7a5da2,experiment_linear_bodyfat_kg
1220.72763438318,0.0026555179710810173,bodyfat_kg,CAPILAR,0.8,MLP Regressor,GridSearchCV,10.044615028456798,8.084887262236947,47.17981043830005,-0.19513624955359576,5036aab1b4aa499bab7dbc396f7a5da2,experiment_linear_bodyfat_kg
1625.708366169069,0.0025849025046257618,bodyfat_kg,CAPILAR,0.8,MLP Regressor,GridSearchCV,10.044615028456798,8.084887262236947,47.17981043830005,-0.19513624955359576,5036aab1b4aa499bab7dbc396f7a5da2,experiment_linear_bodyfat_kg
1170.587162828736,0.002572097567598981,bodyfat_kg,CAPILAR,0.8,MLP Regressor,GridSearchCV,10.044615028456798,8.084887262236947,47.17981043830005,-0.19513624955359576,5036aab1b4aa499bab7dbc396f7a5da2,experiment_linear_bodyfat_kg
1172.515642503907,0.0025074440492704954,bodyfat_kg,CAPILAR,0.8,MLP Regressor,GridSearchCV,10.044615028456798,8.084887262236947,47.17981043830005,-0.19513624955359576,5036aab1b4aa499bab7dbc396f7a5da2,experiment_linear_bodyfat_kg
1546.640699487062,0.028460759065436533,bodyfat_kg,CAPILAR,0.8,MLP Regressor,GridSearchCV,9.621725662460419,7.344894391503476,43.4478118682668,-0.09662152465518181,5036aab1b4aa499bab7dbc396f7a5da2,experiment_linear_bodyfat_kg
1548.569179162233,0.02397795255208087,bodyfat_kg,CAPILAR,0.8,MLP Regressor,GridSearchCV,9.621725662460419,7.344894391503476,43.4478118682668,-0.09662152465518181,5036aab1b4aa499bab7dbc396f7a5da2,experiment_linear_bodyfat_kg
1556.283097862916,0.023965953806800736,bodyfat_kg,CAPILAR,0.8,MLP Regressor,GridSearchCV,9.621725662460419,7.344894391503476,43.4478118682668,-0.09662152465518181,5036aab1b4aa499bab7dbc396f7a5da2,experiment_linear_bodyfat_kg
1544.712219811891,0.023815132524331747,bodyfat_kg,CAPILAR,0.8,MLP Regressor,GridSearchCV,9.621725662460419,7.344894391503476,43.4478118682668,-0.09662152465518181,5036aab1b4aa499bab7dbc396f7a5da2,experiment_linear_bodyfat_kg
1550.497658837404,0.02322264700073982,bodyfat_kg,CAPILAR,0.8,MLP Regressor,GridSearchCV,9.621725662460419,7.344894391503476,43.4478118682668,-0.09662152465518181,5036aab1b4aa499bab7dbc396f7a5da2,experiment_linear_bodyfat_kg
1540.855260461549,0.020688140085248004,bodyfat_kg,CAPILAR,0.8,MLP Regressor,GridSearchCV,9.621725662460419,7.344894391503476,43.4478118682668,-0.09662152465518181,5036aab1b4aa499bab7dbc396f7a5da2,experiment_linear_bodyfat_kg
1542.78374013672,0.020463414775134435,bodyfat_kg,CAPILAR,0.8,MLP Regressor,GridSearchCV,9.621725662460419,7.344894391503476,43.4478118682668,-0.09662152465518181,5036aab1b4aa499bab7dbc396f7a5da2,experiment_linear_bodyfat_kg
1563.9970165636,0.01695365442873295,bodyfat_kg,CAPILAR,0.8,MLP Regressor,GridSearchCV,9.621725662460419,7.344894391503476,43.4478118682668,-0.09662152465518181,5036aab1b4aa499bab7dbc396f7a5da2,experiment_linear_bodyfat_kg
1552.426138512574,0.016096702631597803,bodyfat_kg,CAPILAR,0.8,MLP Regressor,GridSearchCV,9.621725662460419,7.344894391503476,43.4478118682668,-0.09662152465518181,5036aab1b4aa499bab7dbc396f7a5da2,experiment_linear_bodyfat_kg
1660.421000322145,0.015443837753438269,bodyfat_kg,CAPILAR,0.8,MLP Regressor,GridSearchCV,9.621725662460419,7.344894391503476,43.4478118682668,-0.09662152465518181,5036aab1b4aa499bab7dbc396f7a5da2,experiment_linear_bodyfat_kg
1536.998301111207,0.015314854175257289,bodyfat_kg,CAPILAR,0.8,MLP Regressor,GridSearchCV,9.621725662460419,7.344894391503476,43.4478118682668,-0.09662152465518181,5036aab1b4aa499bab7dbc396f7a5da2,experiment_linear_bodyfat_kg
1533.141341760865,0.015207715075503201,bodyfat_kg,CAPILAR,0.8,MLP Regressor,GridSearchCV,9.621725662460419,7.344894391503476,43.4478118682668,-0.09662152465518181,5036aab1b4aa499bab7dbc396f7a5da2,experiment_linear_bodyfat_kg
1535.069821436036,0.014557610399952856,bodyfat_kg,CAPILAR,0.8,MLP Regressor,GridSearchCV,9.621725662460419,7.344894391503476,43.4478118682668,-0.09662152465518181,5036aab1b4aa499bab7dbc396f7a5da2,experiment_linear_bodyfat_kg
1656.564040971803,0.013975196457729797,bodyfat_kg,CAPILAR,0.8,MLP Regressor,GridSearchCV,9.621725662460419,7.344894391503476,43.4478118682668,-0.09662152465518181,5036aab1b4aa499bab7dbc396f7a5da2,experiment_linear_bodyfat_kg
1654.635561296632,0.013867134915677376,bodyfat_kg,CAPILAR,0.8,MLP Regressor,GridSearchCV,9.621725662460419,7.344894391503476,43.4478118682668,-0.09662152465518181,5036aab1b4aa499bab7dbc396f7a5da2,experiment_linear_bodyfat_kg
1658.492520646974,0.013833598005111959,bodyfat_kg,CAPILAR,0.8,MLP Regressor,GridSearchCV,9.621725662460419,7.344894391503476,43.4478118682668,-0.09662152465518181,5036aab1b4aa499bab7dbc396f7a5da2,experiment_linear_bodyfat_kg
1652.707081621461,0.01284740066646483,bodyfat_kg,CAPILAR,0.8,MLP Regressor,GridSearchCV,9.621725662460419,7.344894391503476,43.4478118682668,-0.09662152465518181,5036aab1b4aa499bab7dbc396f7a5da2,experiment_linear_bodyfat_kg
1567.853975913942,0.011420798713242435,bodyfat_kg,CAPILAR,0.8,MLP Regressor,GridSearchCV,9.621725662460419,7.344894391503476,43.4478118682668,-0.09662152465518181,5036aab1b4aa499bab7dbc396f7a5da2,experiment_linear_bodyfat_kg
1554.354618187745,0.01102788292405643,bodyfat_kg,CAPILAR,0.8,MLP Regressor,GridSearchCV,9.621725662460419,7.344894391503476,43.4478118682668,-0.09662152465518181,5036aab1b4aa499bab7dbc396f7a5da2,experiment_linear_bodyfat_kg
1650.77860194629,0.010265379901236158,bodyfat_kg,CAPILAR,0.8,MLP Regressor,GridSearchCV,9.621725662460419,7.344894391503476,43.4478118682668,-0.09662152465518181,5036aab1b4aa499bab7dbc396f7a5da2,experiment_linear_bodyfat_kg
1049.092943292969,0.0027843814823749844,bodyfat_kg,PLASMA,0.8,MLP Regressor,GridSearchCV,9.438250233347173,6.904081015983122,41.86170802023877,0.25437875788469644,5036aab1b4aa499bab7dbc396f7a5da2,experiment_linear_bodyfat_kg
1047.164463617799,0.0027673273173986377,bodyfat_kg,PLASMA,0.8,MLP Regressor,GridSearchCV,9.438250233347173,6.904081015983122,41.86170802023877,0.25437875788469644,5036aab1b4aa499bab7dbc396f7a5da2,experiment_linear_bodyfat_kg
1051.021422968141,0.0027523285666738004,bodyfat_kg,PLASMA,0.8,MLP Regressor,GridSearchCV,9.438250233347173,6.904081015983122,41.86170802023877,0.25437875788469644,5036aab1b4aa499bab7dbc396f7a5da2,experiment_linear_bodyfat_kg
1045.235983942628,0.0027383898053710202,bodyfat_kg,PLASMA,0.8,MLP Regressor,GridSearchCV,9.438250233347173,6.904081015983122,41.86170802023877,0.25437875788469644,5036aab1b4aa499bab7dbc396f7a5da2,experiment_linear_bodyfat_kg
1043.307504267457,0.0026782440999820285,bodyfat_kg,PLASMA,0.8,MLP Regressor,GridSearchCV,9.438250233347173,6.904081015983122,41.86170802023877,0.25437875788469644,5036aab1b4aa499bab7dbc396f7a5da2,experiment_linear_bodyfat_kg
1052.949902643312,0.002622815164318954,bodyfat_kg,PLASMA,0.8,MLP Regressor,GridSearchCV,9.438250233347173,6.904081015983122,41.86170802023877,0.25437875788469644,5036aab1b4aa499bab7dbc396f7a5da2,experiment_linear_bodyfat_kg
2669.015870436525,0.0026140670965694025,bodyfat_kg,PLASMA,0.8,MLP Regressor,GridSearchCV,9.438250233347173,6.904081015983122,41.86170802023877,0.25437875788469644,5036aab1b4aa499bab7dbc396f7a5da2,experiment_linear_bodyfat_kg
2667.087390761355,0.0026029524668707235,bodyfat_kg,PLASMA,0.8,MLP Regressor,GridSearchCV,9.438250233347173,6.904081015983122,41.86170802023877,0.25437875788469644,5036aab1b4aa499bab7dbc396f7a5da2,experiment_linear_bodyfat_kg
1041.379024592286,0.0025172115268515985,bodyfat_kg,PLASMA,0.8,MLP Regressor,GridSearchCV,9.438250233347173,6.904081015983122,41.86170802023877,0.25437875788469644,5036aab1b4aa499bab7dbc396f7a5da2,experiment_linear_bodyfat_kg
2670.944350111697,0.002498200798659313,bodyfat_kg,PLASMA,0.8,MLP Regressor,GridSearchCV,9.438250233347173,6.904081015983122,41.86170802023877,0.25437875788469644,5036aab1b4aa499bab7dbc396f7a5da2,experiment_linear_bodyfat_kg
2665.158911086184,0.002485346584781846,bodyfat_kg,PLASMA,0.8,MLP Regressor,GridSearchCV,9.438250233347173,6.904081015983122,41.86170802023877,0.25437875788469644,5036aab1b4aa499bab7dbc396f7a5da2,experiment_linear_bodyfat_kg
1054.878382318482,0.0024495431156014978,bodyfat_kg,PLASMA,0.8,MLP Regressor,GridSearchCV,9.438250233347173,6.904081015983122,41.86170802023877,0.25437875788469644,5036aab1b4aa499bab7dbc396f7a5da2,experiment_linear_bodyfat_kg
1085.734057121217,0.002440384613571799,bodyfat_kg,PLASMA,0.8,MLP Regressor,GridSearchCV,9.438250233347173,6.904081015983122,41.86170802023877,0.25437875788469644,5036aab1b4aa499bab7dbc396f7a5da2,experiment_linear_bodyfat_kg
1087.662536796388,0.00241950049800642,bodyfat_kg,PLASMA,0.8,MLP Regressor,GridSearchCV,9.438250233347173,6.904081015983122,41.86170802023877,0.25437875788469644,5036aab1b4aa499bab7dbc396f7a5da2,experiment_linear_bodyfat_kg
1203.371317306642,0.0024119180992457326,bodyfat_kg,PLASMA,0.8,MLP Regressor,GridSearchCV,9.438250233347173,6.904081015983122,41.86170802023877,0.25437875788469644,5036aab1b4aa499bab7dbc396f7a5da2,experiment_linear_bodyfat_kg
1083.805577446046,0.002406542030057959,bodyfat_kg,PLASMA,0.8,MLP Regressor,GridSearchCV,9.438250233347173,6.904081015983122,41.86170802023877,0.25437875788469644,5036aab1b4aa499bab7dbc396f7a5da2,experiment_linear_bodyfat_kg
1207.228276656984,0.00238482794538532,bodyfat_kg,PLASMA,0.8,MLP Regressor,GridSearchCV,9.438250233347173,6.904081015983122,41.86170802023877,0.25437875788469644,5036aab1b4aa499bab7dbc396f7a5da2,experiment_linear_bodyfat_kg
1209.156756332154,0.0023763696528834124,bodyfat_kg,PLASMA,0.8,MLP Regressor,GridSearchCV,9.438250233347173,6.904081015983122,41.86170802023877,0.25437875788469644,5036aab1b4aa499bab7dbc396f7a5da2,experiment_linear_bodyfat_kg
1201.442837631471,0.002374960514726618,bodyfat_kg,PLASMA,0.8,MLP Regressor,GridSearchCV,9.438250233347173,6.904081015983122,41.86170802023877,0.25437875788469644,5036aab1b4aa499bab7dbc396f7a5da2,experiment_linear_bodyfat_kg
1205.299796981813,0.0023702366010103057,bodyfat_kg,PLASMA,0.8,MLP Regressor,GridSearchCV,9.438250233347173,6.904081015983122,41.86170802023877,0.25437875788469644,5036aab1b4aa499bab7dbc396f7a5da2,experiment_linear_bodyfat_kg
1517.713504359498,0.007239420201092147,bodyfat_kg,PLASMA,0.8,MLP Regressor,GridSearchCV,11.040070917508032,7.419117291338387,38.9977001910219,-0.02018521107367799,5036aab1b4aa499bab7dbc396f7a5da2,experiment_linear_bodyfat_kg
1695.133634475221,0.0072285651074892225,bodyfat_kg,PLASMA,0.8,MLP Regressor,GridSearchCV,11.040070917508032,7.419117291338387,38.9977001910219,-0.02018521107367799,5036aab1b4aa499bab7dbc396f7a5da2,experiment_linear_bodyfat_kg
1781.915219857912,0.006044723092335972,bodyfat_kg,PLASMA,0.8,MLP Regressor,GridSearchCV,11.040070917508032,7.419117291338387,38.9977001910219,-0.02018521107367799,5036aab1b4aa499bab7dbc396f7a5da2,experiment_linear_bodyfat_kg
2711.442423290285,0.005764102649714389,bodyfat_kg,PLASMA,0.8,MLP Regressor,GridSearchCV,11.040070917508032,7.419117291338387,38.9977001910219,-0.02018521107367799,5036aab1b4aa499bab7dbc396f7a5da2,experiment_linear_bodyfat_kg
2559.092528951784,0.005139600660959139,bodyfat_kg,PLASMA,0.8,MLP Regressor,GridSearchCV,11.040070917508032,7.419117291338387,38.9977001910219,-0.02018521107367799,5036aab1b4aa499bab7dbc396f7a5da2,experiment_linear_bodyfat_kg
2532.093813499392,0.005082370260413371,bodyfat_kg,PLASMA,0.8,MLP Regressor,GridSearchCV,11.040070917508032,7.419117291338387,38.9977001910219,-0.02018521107367799,5036aab1b4aa499bab7dbc396f7a5da2,experiment_linear_bodyfat_kg
2588.019724079348,0.00505674110462526,bodyfat_kg,PLASMA,0.8,MLP Regressor,GridSearchCV,11.040070917508032,7.419117291338387,38.9977001910219,-0.02018521107367799,5036aab1b4aa499bab7dbc396f7a5da2,experiment_linear_bodyfat_kg
2694.086106213747,0.004736493938797359,bodyfat_kg,PLASMA,0.8,MLP Regressor,GridSearchCV,11.040070917508032,7.419117291338387,38.9977001910219,-0.02018521107367799,5036aab1b4aa499bab7dbc396f7a5da2,experiment_linear_bodyfat_kg
1149.373886401856,0.004695971752206958,bodyfat_kg,PLASMA,0.8,MLP Regressor,GridSearchCV,11.040070917508032,7.419117291338387,38.9977001910219,-0.02018521107367799,5036aab1b4aa499bab7dbc396f7a5da2,experiment_linear_bodyfat_kg
2792.438569647463,0.004658079607430429,bodyfat_kg,PLASMA,0.8,MLP Regressor,GridSearchCV,11.040070917508032,7.419117291338387,38.9977001910219,-0.02018521107367799,5036aab1b4aa499bab7dbc396f7a5da2,experiment_linear_bodyfat_kg
2507.02357772217,0.004583222976915811,bodyfat_kg,PLASMA,0.8,MLP Regressor,GridSearchCV,11.040070917508032,7.419117291338387,38.9977001910219,-0.02018521107367799,5036aab1b4aa499bab7dbc396f7a5da2,experiment_linear_bodyfat_kg
2549.45013057593,0.004551616493845049,bodyfat_kg,PLASMA,0.8,MLP Regressor,GridSearchCV,11.040070917508032,7.419117291338387,38.9977001910219,-0.02018521107367799,5036aab1b4aa499bab7dbc396f7a5da2,experiment_linear_bodyfat_kg
2578.377325703493,0.004498940569480032,bodyfat_kg,PLASMA,0.8,MLP Regressor,GridSearchCV,11.040070917508032,7.419117291338387,38.9977001910219,-0.02018521107367799,5036aab1b4aa499bab7dbc396f7a5da2,experiment_linear_bodyfat_kg
2678.65826881238,0.0044824492134561255,bodyfat_kg,PLASMA,0.8,MLP Regressor,GridSearchCV,11.040070917508032,7.419117291338387,38.9977001910219,-0.02018521107367799,5036aab1b4aa499bab7dbc396f7a5da2,experiment_linear_bodyfat_kg
2561.021008626955,0.004442255626808062,bodyfat_kg,PLASMA,0.8,MLP Regressor,GridSearchCV,11.040070917508032,7.419117291338387,38.9977001910219,-0.02018521107367799,5036aab1b4aa499bab7dbc396f7a5da2,experiment_linear_bodyfat_kg
2524.379894798708,0.004399261172939804,bodyfat_kg,PLASMA,0.8,MLP Regressor,GridSearchCV,11.040070917508032,7.419117291338387,38.9977001910219,-0.02018521107367799,5036aab1b4aa499bab7dbc396f7a5da2,experiment_linear_bodyfat_kg
2688.300667188234,0.004349908414147387,bodyfat_kg,PLASMA,0.8,MLP Regressor,GridSearchCV,11.040070917508032,7.419117291338387,38.9977001910219,-0.02018521107367799,5036aab1b4aa499bab7dbc396f7a5da2,experiment_linear_bodyfat_kg
2597.662122455202,0.004240877731055334,bodyfat_kg,PLASMA,0.8,MLP Regressor,GridSearchCV,11.040070917508032,7.419117291338387,38.9977001910219,-0.02018521107367799,5036aab1b4aa499bab7dbc396f7a5da2,experiment_linear_bodyfat_kg
2742.29809809302,0.004215816055881301,bodyfat_kg,PLASMA,0.8,MLP Regressor,GridSearchCV,11.040070917508032,7.419117291338387,38.9977001910219,-0.02018521107367799,5036aab1b4aa499bab7dbc396f7a5da2,experiment_linear_bodyfat_kg
1698.990593825563,0.0041941237941681715,bodyfat_kg,PLASMA,0.8,MLP Regressor,GridSearchCV,11.040070917508032,7.419117291338387,38.9977001910219,-0.02018521107367799,5036aab1b4aa499bab7dbc396f7a5da2,experiment_linear_bodyfat_kg
1049.092943292969,0.0027843814823758067,bodyfat_kg,PLASMA,0.8,MLP Regressor,GridSearchCV,9.438250233347446,6.904081015983371,41.86170802023996,0.25437875788465303,5036aab1b4aa499bab7dbc396f7a5da2,experiment_linear_bodyfat_kg
1047.164463617799,0.0027673273173995224,bodyfat_kg,PLASMA,0.8,MLP Regressor,GridSearchCV,9.438250233347446,6.904081015983371,41.86170802023996,0.25437875788465303,5036aab1b4aa499bab7dbc396f7a5da2,experiment_linear_bodyfat_kg
1051.021422968141,0.0027523285666744353,bodyfat_kg,PLASMA,0.8,MLP Regressor,GridSearchCV,9.438250233347446,6.904081015983371,41.86170802023996,0.25437875788465303,5036aab1b4aa499bab7dbc396f7a5da2,experiment_linear_bodyfat_kg
1045.235983942628,0.0027383898053718486,bodyfat_kg,PLASMA,0.8,MLP Regressor,GridSearchCV,9.438250233347446,6.904081015983371,41.86170802023996,0.25437875788465303,5036aab1b4aa499bab7dbc396f7a5da2,experiment_linear_bodyfat_kg
1043.307504267457,0.0026782440999826842,bodyfat_kg,PLASMA,0.8,MLP Regressor,GridSearchCV,9.438250233347446,6.904081015983371,41.86170802023996,0.25437875788465303,5036aab1b4aa499bab7dbc396f7a5da2,experiment_linear_bodyfat_kg
1052.949902643312,0.002622815164319327,bodyfat_kg,PLASMA,0.8,MLP Regressor,GridSearchCV,9.438250233347446,6.904081015983371,41.86170802023996,0.25437875788465303,5036aab1b4aa499bab7dbc396f7a5da2,experiment_linear_bodyfat_kg
2669.015870436525,0.0026140670965694134,bodyfat_kg,PLASMA,0.8,MLP Regressor,GridSearchCV,9.438250233347446,6.904081015983371,41.86170802023996,0.25437875788465303,5036aab1b4aa499bab7dbc396f7a5da2,experiment_linear_bodyfat_kg
2667.087390761355,0.0026029524668707347,bodyfat_kg,PLASMA,0.8,MLP Regressor,GridSearchCV,9.438250233347446,6.904081015983371,41.86170802023996,0.25437875788465303,5036aab1b4aa499bab7dbc396f7a5da2,experiment_linear_bodyfat_kg
1041.379024592286,0.002517211526851988,bodyfat_kg,PLASMA,0.8,MLP Regressor,GridSearchCV,9.438250233347446,6.904081015983371,41.86170802023996,0.25437875788465303,5036aab1b4aa499bab7dbc396f7a5da2,experiment_linear_bodyfat_kg
2670.944350111697,0.0024982007986593053,bodyfat_kg,PLASMA,0.8,MLP Regressor,GridSearchCV,9.438250233347446,6.904081015983371,41.86170802023996,0.25437875788465303,5036aab1b4aa499bab7dbc396f7a5da2,experiment_linear_bodyfat_kg
2665.158911086184,0.00248534658478185,bodyfat_kg,PLASMA,0.8,MLP Regressor,GridSearchCV,9.438250233347446,6.904081015983371,41.86170802023996,0.25437875788465303,5036aab1b4aa499bab7dbc396f7a5da2,experiment_linear_bodyfat_kg
1054.878382318482,0.00244954311560163,bodyfat_kg,PLASMA,0.8,MLP Regressor,GridSearchCV,9.438250233347446,6.904081015983371,41.86170802023996,0.25437875788465303,5036aab1b4aa499bab7dbc396f7a5da2,experiment_linear_bodyfat_kg
1085.734057121217,0.0024403846135720923,bodyfat_kg,PLASMA,0.8,MLP Regressor,GridSearchCV,9.438250233347446,6.904081015983371,41.86170802023996,0.25437875788465303,5036aab1b4aa499bab7dbc396f7a5da2,experiment_linear_bodyfat_kg
1087.662536796388,0.002419500498006793,bodyfat_kg,PLASMA,0.8,MLP Regressor,GridSearchCV,9.438250233347446,6.904081015983371,41.86170802023996,0.25437875788465303,5036aab1b4aa499bab7dbc396f7a5da2,experiment_linear_bodyfat_kg
1203.371317306642,0.002411918099246027,bodyfat_kg,PLASMA,0.8,MLP Regressor,GridSearchCV,9.438250233347446,6.904081015983371,41.86170802023996,0.25437875788465303,5036aab1b4aa499bab7dbc396f7a5da2,experiment_linear_bodyfat_kg
1083.805577446046,0.0024065420300581498,bodyfat_kg,PLASMA,0.8,MLP Regressor,GridSearchCV,9.438250233347446,6.904081015983371,41.86170802023996,0.25437875788465303,5036aab1b4aa499bab7dbc396f7a5da2,experiment_linear_bodyfat_kg
1207.228276656984,0.0023848279453857406,bodyfat_kg,PLASMA,0.8,MLP Regressor,GridSearchCV,9.438250233347446,6.904081015983371,41.86170802023996,0.25437875788465303,5036aab1b4aa499bab7dbc396f7a5da2,experiment_linear_bodyfat_kg
1209.156756332154,0.00237636965288382,bodyfat_kg,PLASMA,0.8,MLP Regressor,GridSearchCV,9.438250233347446,6.904081015983371,41.86170802023996,0.25437875788465303,5036aab1b4aa499bab7dbc396f7a5da2,experiment_linear_bodyfat_kg
1201.442837631471,0.002374960514726713,bodyfat_kg,PLASMA,0.8,MLP Regressor,GridSearchCV,9.438250233347446,6.904081015983371,41.86170802023996,0.25437875788465303,5036aab1b4aa499bab7dbc396f7a5da2,experiment_linear_bodyfat_kg
1205.299796981813,0.0023702366010106978,bodyfat_kg,PLASMA,0.8,MLP Regressor,GridSearchCV,9.438250233347446,6.904081015983371,41.86170802023996,0.25437875788465303,5036aab1b4aa499bab7dbc396f7a5da2,experiment_linear_bodyfat_kg
1654.635561296632,0.013097634182662006,bodyfat_kg,PLASMA,0.8,MLP Regressor,GridSearchCV,10.924839464111487,8.066675451226256,54.16364056449281,0.001000145229319016,5036aab1b4aa499bab7dbc396f7a5da2,experiment_linear_bodyfat_kg
1658.492520646974,0.012736621626821737,bodyfat_kg,PLASMA,0.8,MLP Regressor,GridSearchCV,10.924839464111487,8.066675451226256,54.16364056449281,0.001000145229319016,5036aab1b4aa499bab7dbc396f7a5da2,experiment_linear_bodyfat_kg
1660.421000322145,0.012411999159578514,bodyfat_kg,PLASMA,0.8,MLP Regressor,GridSearchCV,10.924839464111487,8.066675451226256,54.16364056449281,0.001000145229319016,5036aab1b4aa499bab7dbc396f7a5da2,experiment_linear_bodyfat_kg
1662.349479997316,0.012277732169141721,bodyfat_kg,PLASMA,0.8,MLP Regressor,GridSearchCV,10.924839464111487,8.066675451226256,54.16364056449281,0.001000145229319016,5036aab1b4aa499bab7dbc396f7a5da2,experiment_linear_bodyfat_kg
1656.564040971803,0.012270026554362197,bodyfat_kg,PLASMA,0.8,MLP Regressor,GridSearchCV,10.924839464111487,8.066675451226256,54.16364056449281,0.001000145229319016,5036aab1b4aa499bab7dbc396f7a5da2,experiment_linear_bodyfat_kg
1652.707081621461,0.01137354257796463,bodyfat_kg,PLASMA,0.8,MLP Regressor,GridSearchCV,10.924839464111487,8.066675451226256,54.16364056449281,0.001000145229319016,5036aab1b4aa499bab7dbc396f7a5da2,experiment_linear_bodyfat_kg
1664.277959672487,0.00924050087247745,bodyfat_kg,PLASMA,0.8,MLP Regressor,GridSearchCV,10.924839464111487,8.066675451226256,54.16364056449281,0.001000145229319016,5036aab1b4aa499bab7dbc396f7a5da2,experiment_linear_bodyfat_kg
1635.350764544923,0.008649008748468806,bodyfat_kg,PLASMA,0.8,MLP Regressor,GridSearchCV,10.924839464111487,8.066675451226256,54.16364056449281,0.001000145229319016,5036aab1b4aa499bab7dbc396f7a5da2,experiment_linear_bodyfat_kg
1637.279244220094,0.0085187933614284,bodyfat_kg,PLASMA,0.8,MLP Regressor,GridSearchCV,10.924839464111487,8.066675451226256,54.16364056449281,0.001000145229319016,5036aab1b4aa499bab7dbc396f7a5da2,experiment_linear_bodyfat_kg
1633.422284869752,0.008177005856640445,bodyfat_kg,PLASMA,0.8,MLP Regressor,GridSearchCV,10.924839464111487,8.066675451226256,54.16364056449281,0.001000145229319016,5036aab1b4aa499bab7dbc396f7a5da2,experiment_linear_bodyfat_kg
1666.206439347658,0.007871508585324665,bodyfat_kg,PLASMA,0.8,MLP Regressor,GridSearchCV,10.924839464111487,8.066675451226256,54.16364056449281,0.001000145229319016,5036aab1b4aa499bab7dbc396f7a5da2,experiment_linear_bodyfat_kg
1668.134919022829,0.0074325404337589095,bodyfat_kg,PLASMA,0.8,MLP Regressor,GridSearchCV,10.924839464111487,8.066675451226256,54.16364056449281,0.001000145229319016,5036aab1b4aa499bab7dbc396f7a5da2,experiment_linear_bodyfat_kg
1639.207723895265,0.007307708724229823,bodyfat_kg,PLASMA,0.8,MLP Regressor,GridSearchCV,10.924839464111487,8.066675451226256,54.16364056449281,0.001000145229319016,5036aab1b4aa499bab7dbc396f7a5da2,experiment_linear_bodyfat_kg
1631.493805194581,0.007304114773521705,bodyfat_kg,PLASMA,0.8,MLP Regressor,GridSearchCV,10.924839464111487,8.066675451226256,54.16364056449281,0.001000145229319016,5036aab1b4aa499bab7dbc396f7a5da2,experiment_linear_bodyfat_kg
1650.77860194629,0.006932897126096249,bodyfat_kg,PLASMA,0.8,MLP Regressor,GridSearchCV,10.924839464111487,8.066675451226256,54.16364056449281,0.001000145229319016,5036aab1b4aa499bab7dbc396f7a5da2,experiment_linear_bodyfat_kg
1641.136203570436,0.006716975447265245,bodyfat_kg,PLASMA,0.8,MLP Regressor,GridSearchCV,10.924839464111487,8.066675451226256,54.16364056449281,0.001000145229319016,5036aab1b4aa499bab7dbc396f7a5da2,experiment_linear_bodyfat_kg
2925.503667234255,0.006481351047159152,bodyfat_kg,PLASMA,0.8,MLP Regressor,GridSearchCV,10.924839464111487,8.066675451226256,54.16364056449281,0.001000145229319016,5036aab1b4aa499bab7dbc396f7a5da2,experiment_linear_bodyfat_kg
2921.646707883913,0.006350695088549587,bodyfat_kg,PLASMA,0.8,MLP Regressor,GridSearchCV,10.924839464111487,8.066675451226256,54.16364056449281,0.001000145229319016,5036aab1b4aa499bab7dbc396f7a5da2,experiment_linear_bodyfat_kg
2923.575187559084,0.006300238269774851,bodyfat_kg,PLASMA,0.8,MLP Regressor,GridSearchCV,10.924839464111487,8.066675451226256,54.16364056449281,0.001000145229319016,5036aab1b4aa499bab7dbc396f7a5da2,experiment_linear_bodyfat_kg
1629.56532551941,0.006173349015772133,bodyfat_kg,PLASMA,0.8,MLP Regressor,GridSearchCV,10.924839464111487,8.066675451226256,54.16364056449281,0.001000145229319016,5036aab1b4aa499bab7dbc396f7a5da2,experiment_linear_bodyfat_kg
1733.703227978639,0.005366215126200638,bodyfat_kg,SALIVA,0.8,MLP Regressor,GridSearchCV,11.29854411871516,8.121950476117872,71.32906320767987,-1.1107421914108597,5036aab1b4aa499bab7dbc396f7a5da2,experiment_linear_bodyfat_kg
1461.787593779542,0.00518115788571087,bodyfat_kg,SALIVA,0.8,MLP Regressor,GridSearchCV,11.29854411871516,8.121950476117872,71.32906320767987,-1.1107421914108597,5036aab1b4aa499bab7dbc396f7a5da2,experiment_linear_bodyfat_kg
1463.716073454713,0.005175882572216444,bodyfat_kg,SALIVA,0.8,MLP Regressor,GridSearchCV,11.29854411871516,8.121950476117872,71.32906320767987,-1.1107421914108597,5036aab1b4aa499bab7dbc396f7a5da2,experiment_linear_bodyfat_kg
1465.644553129884,0.005170728578783774,bodyfat_kg,SALIVA,0.8,MLP Regressor,GridSearchCV,11.29854411871516,8.121950476117872,71.32906320767987,-1.1107421914108597,5036aab1b4aa499bab7dbc396f7a5da2,experiment_linear_bodyfat_kg
1467.573032805055,0.005149026292662721,bodyfat_kg,SALIVA,0.8,MLP Regressor,GridSearchCV,11.29854411871516,8.121950476117872,71.32906320767987,-1.1107421914108597,5036aab1b4aa499bab7dbc396f7a5da2,experiment_linear_bodyfat_kg
1459.859114104371,0.005138227957786149,bodyfat_kg,SALIVA,0.8,MLP Regressor,GridSearchCV,11.29854411871516,8.121950476117872,71.32906320767987,-1.1107421914108597,5036aab1b4aa499bab7dbc396f7a5da2,experiment_linear_bodyfat_kg
1469.501512480226,0.005102291396058399,bodyfat_kg,SALIVA,0.8,MLP Regressor,GridSearchCV,11.29854411871516,8.121950476117872,71.32906320767987,-1.1107421914108597,5036aab1b4aa499bab7dbc396f7a5da2,experiment_linear_bodyfat_kg
1729.846268628297,0.005102105917504737,bodyfat_kg,SALIVA,0.8,MLP Regressor,GridSearchCV,11.29854411871516,8.121950476117872,71.32906320767987,-1.1107421914108597,5036aab1b4aa499bab7dbc396f7a5da2,experiment_linear_bodyfat_kg
1471.429992155397,0.00505905361049691,bodyfat_kg,SALIVA,0.8,MLP Regressor,GridSearchCV,11.29854411871516,8.121950476117872,71.32906320767987,-1.1107421914108597,5036aab1b4aa499bab7dbc396f7a5da2,experiment_linear_bodyfat_kg
1735.63170765381,0.005047492059534008,bodyfat_kg,SALIVA,0.8,MLP Regressor,GridSearchCV,11.29854411871516,8.121950476117872,71.32906320767987,-1.1107421914108597,5036aab1b4aa499bab7dbc396f7a5da2,experiment_linear_bodyfat_kg
1457.930634429201,0.005045914154664466,bodyfat_kg,SALIVA,0.8,MLP Regressor,GridSearchCV,11.29854411871516,8.121950476117872,71.32906320767987,-1.1107421914108597,5036aab1b4aa499bab7dbc396f7a5da2,experiment_linear_bodyfat_kg
1473.358471830568,0.004979217057325024,bodyfat_kg,SALIVA,0.8,MLP Regressor,GridSearchCV,11.29854411871516,8.121950476117872,71.32906320767987,-1.1107421914108597,5036aab1b4aa499bab7dbc396f7a5da2,experiment_linear_bodyfat_kg
1731.774748303468,0.004951425907911001,bodyfat_kg,SALIVA,0.8,MLP Regressor,GridSearchCV,11.29854411871516,8.121950476117872,71.32906320767987,-1.1107421914108597,5036aab1b4aa499bab7dbc396f7a5da2,experiment_linear_bodyfat_kg
1456.00215475403,0.004889303195358377,bodyfat_kg,SALIVA,0.8,MLP Regressor,GridSearchCV,11.29854411871516,8.121950476117872,71.32906320767987,-1.1107421914108597,5036aab1b4aa499bab7dbc396f7a5da2,experiment_linear_bodyfat_kg
1475.286951505739,0.004815948368998601,bodyfat_kg,SALIVA,0.8,MLP Regressor,GridSearchCV,11.29854411871516,8.121950476117872,71.32906320767987,-1.1107421914108597,5036aab1b4aa499bab7dbc396f7a5da2,experiment_linear_bodyfat_kg
1727.917788953126,0.004681521589013156,bodyfat_kg,SALIVA,0.8,MLP Regressor,GridSearchCV,11.29854411871516,8.121950476117872,71.32906320767987,-1.1107421914108597,5036aab1b4aa499bab7dbc396f7a5da2,experiment_linear_bodyfat_kg
1454.073675078859,0.004664663349797825,bodyfat_kg,SALIVA,0.8,MLP Regressor,GridSearchCV,11.29854411871516,8.121950476117872,71.32906320767987,-1.1107421914108597,5036aab1b4aa499bab7dbc396f7a5da2,experiment_linear_bodyfat_kg
1477.215431180909,0.004544587922007054,bodyfat_kg,SALIVA,0.8,MLP Regressor,GridSearchCV,11.29854411871516,8.121950476117872,71.32906320767987,-1.1107421914108597,5036aab1b4aa499bab7dbc396f7a5da2,experiment_linear_bodyfat_kg
1452.145195403688,0.004426867590845742,bodyfat_kg,SALIVA,0.8,MLP Regressor,GridSearchCV,11.29854411871516,8.121950476117872,71.32906320767987,-1.1107421914108597,5036aab1b4aa499bab7dbc396f7a5da2,experiment_linear_bodyfat_kg
1737.560187328981,0.004263905367199052,bodyfat_kg,SALIVA,0.8,MLP Regressor,GridSearchCV,11.29854411871516,8.121950476117872,71.32906320767987,-1.1107421914108597,5036aab1b4aa499bab7dbc396f7a5da2,experiment_linear_bodyfat_kg
935.3126424578863,0.00751361495642912,bodyfat_kg,SALIVA,0.8,MLP Regressor,GridSearchCV,9.989173897244754,7.985325953490576,64.54185823721633,-0.6498686372177729,5036aab1b4aa499bab7dbc396f7a5da2,experiment_linear_bodyfat_kg
931.4556831075452,0.007141911936187223,bodyfat_kg,SALIVA,0.8,MLP Regressor,GridSearchCV,9.989173897244754,7.985325953490576,64.54185823721633,-0.6498686372177729,5036aab1b4aa499bab7dbc396f7a5da2,experiment_linear_bodyfat_kg
1159.016284777711,0.006721049415265067,bodyfat_kg,SALIVA,0.8,MLP Regressor,GridSearchCV,9.989173897244754,7.985325953490576,64.54185823721633,-0.6498686372177729,5036aab1b4aa499bab7dbc396f7a5da2,experiment_linear_bodyfat_kg
1500.35718728296,0.006636460119418278,bodyfat_kg,SALIVA,0.8,MLP Regressor,GridSearchCV,9.989173897244754,7.985325953490576,64.54185823721633,-0.6498686372177729,5036aab1b4aa499bab7dbc396f7a5da2,experiment_linear_bodyfat_kg
1143.588447376344,0.006420405919911257,bodyfat_kg,SALIVA,0.8,MLP Regressor,GridSearchCV,9.989173897244754,7.985325953490576,64.54185823721633,-0.6498686372177729,5036aab1b4aa499bab7dbc396f7a5da2,experiment_linear_bodyfat_kg
1255.440268536256,0.005800678217411268,bodyfat_kg,SALIVA,0.8,MLP Regressor,GridSearchCV,9.989173897244754,7.985325953490576,64.54185823721633,-0.6498686372177729,5036aab1b4aa499bab7dbc396f7a5da2,experiment_linear_bodyfat_kg
1247.726349835572,0.005659512509675913,bodyfat_kg,SALIVA,0.8,MLP Regressor,GridSearchCV,9.989173897244754,7.985325953490576,64.54185823721633,-0.6498686372177729,5036aab1b4aa499bab7dbc396f7a5da2,experiment_linear_bodyfat_kg
1492.643268582277,0.00537658566649496,bodyfat_kg,SALIVA,0.8,MLP Regressor,GridSearchCV,9.989173897244754,7.985325953490576,64.54185823721633,-0.6498686372177729,5036aab1b4aa499bab7dbc396f7a5da2,experiment_linear_bodyfat_kg
1238.083951459718,0.0052288203811898205,bodyfat_kg,SALIVA,0.8,MLP Regressor,GridSearchCV,9.989173897244754,7.985325953490576,64.54185823721633,-0.6498686372177729,5036aab1b4aa499bab7dbc396f7a5da2,experiment_linear_bodyfat_kg
1251.583309185914,0.005197828799098614,bodyfat_kg,SALIVA,0.8,MLP Regressor,GridSearchCV,9.989173897244754,7.985325953490576,64.54185823721633,-0.6498686372177729,5036aab1b4aa499bab7dbc396f7a5da2,experiment_linear_bodyfat_kg
3048.926366445193,0.005181204350122128,bodyfat_kg,SALIVA,0.8,MLP Regressor,GridSearchCV,9.989173897244754,7.985325953490576,64.54185823721633,-0.6498686372177729,5036aab1b4aa499bab7dbc396f7a5da2,experiment_linear_bodyfat_kg
1186.015000230103,0.005079124251410221,bodyfat_kg,SALIVA,0.8,MLP Regressor,GridSearchCV,9.989173897244754,7.985325953490576,64.54185823721633,-0.6498686372177729,5036aab1b4aa499bab7dbc396f7a5da2,experiment_linear_bodyfat_kg
1157.08780510254,0.004942973215777505,bodyfat_kg,SALIVA,0.8,MLP Regressor,GridSearchCV,9.989173897244754,7.985325953490576,64.54185823721633,-0.6498686372177729,5036aab1b4aa499bab7dbc396f7a5da2,experiment_linear_bodyfat_kg
1261.225707561769,0.00494138186075658,bodyfat_kg,SALIVA,0.8,MLP Regressor,GridSearchCV,9.989173897244754,7.985325953490576,64.54185823721633,-0.6498686372177729,5036aab1b4aa499bab7dbc396f7a5da2,experiment_linear_bodyfat_kg
937.2411221330576,0.004922836415530133,bodyfat_kg,SALIVA,0.8,MLP Regressor,GridSearchCV,9.989173897244754,7.985325953490576,64.54185823721633,-0.6498686372177729,5036aab1b4aa499bab7dbc396f7a5da2,experiment_linear_bodyfat_kg
1467.573032805055,0.004780863071213058,bodyfat_kg,SALIVA,0.8,MLP Regressor,GridSearchCV,9.989173897244754,7.985325953490576,64.54185823721633,-0.6498686372177729,5036aab1b4aa499bab7dbc396f7a5da2,experiment_linear_bodyfat_kg
1232.298512434205,0.0045956180244765095,bodyfat_kg,SALIVA,0.8,MLP Regressor,GridSearchCV,9.989173897244754,7.985325953490576,64.54185823721633,-0.6498686372177729,5036aab1b4aa499bab7dbc396f7a5da2,experiment_linear_bodyfat_kg
1141.659967701173,0.004331669526717063,bodyfat_kg,SALIVA,0.8,MLP Regressor,GridSearchCV,9.989173897244754,7.985325953490576,64.54185823721633,-0.6498686372177729,5036aab1b4aa499bab7dbc396f7a5da2,experiment_linear_bodyfat_kg
929.5272034323739,0.004284087056848346,bodyfat_kg,SALIVA,0.8,MLP Regressor,GridSearchCV,9.989173897244754,7.985325953490576,64.54185823721633,-0.6498686372177729,5036aab1b4aa499bab7dbc396f7a5da2,experiment_linear_bodyfat_kg
2751.940496468874,0.004264420975370786,bodyfat_kg,SALIVA,0.8,MLP Regressor,GridSearchCV,9.989173897244754,7.985325953490576,64.54185823721633,-0.6498686372177729,5036aab1b4aa499bab7dbc396f7a5da2,experiment_linear_bodyfat_kg
1733.703227978639,0.0053662151262006555,bodyfat_kg,SALIVA,0.8,MLP Regressor,GridSearchCV,11.298544118715165,8.121950476117874,71.32906320767988,-1.1107421914108615,5036aab1b4aa499bab7dbc396f7a5da2,experiment_linear_bodyfat_kg
1461.787593779542,0.005181157885710881,bodyfat_kg,SALIVA,0.8,MLP Regressor,GridSearchCV,11.298544118715165,8.121950476117874,71.32906320767988,-1.1107421914108615,5036aab1b4aa499bab7dbc396f7a5da2,experiment_linear_bodyfat_kg
1463.716073454713,0.005175882572216454,bodyfat_kg,SALIVA,0.8,MLP Regressor,GridSearchCV,11.298544118715165,8.121950476117874,71.32906320767988,-1.1107421914108615,5036aab1b4aa499bab7dbc396f7a5da2,experiment_linear_bodyfat_kg
1465.644553129884,0.005170728578783784,bodyfat_kg,SALIVA,0.8,MLP Regressor,GridSearchCV,11.298544118715165,8.121950476117874,71.32906320767988,-1.1107421914108615,5036aab1b4aa499bab7dbc396f7a5da2,experiment_linear_bodyfat_kg
1467.573032805055,0.005149026292662732,bodyfat_kg,SALIVA,0.8,MLP Regressor,GridSearchCV,11.298544118715165,8.121950476117874,71.32906320767988,-1.1107421914108615,5036aab1b4aa499bab7dbc396f7a5da2,experiment_linear_bodyfat_kg
1459.859114104371,0.00513822795778616,bodyfat_kg,SALIVA,0.8,MLP Regressor,GridSearchCV,11.298544118715165,8.121950476117874,71.32906320767988,-1.1107421914108615,5036aab1b4aa499bab7dbc396f7a5da2,experiment_linear_bodyfat_kg
1469.501512480226,0.0051022913960584075,bodyfat_kg,SALIVA,0.8,MLP Regressor,GridSearchCV,11.298544118715165,8.121950476117874,71.32906320767988,-1.1107421914108615,5036aab1b4aa499bab7dbc396f7a5da2,experiment_linear_bodyfat_kg
1729.846268628297,0.0051021059175047545,bodyfat_kg,SALIVA,0.8,MLP Regressor,GridSearchCV,11.298544118715165,8.121950476117874,71.32906320767988,-1.1107421914108615,5036aab1b4aa499bab7dbc396f7a5da2,experiment_linear_bodyfat_kg
1471.429992155397,0.005059053610496921,bodyfat_kg,SALIVA,0.8,MLP Regressor,GridSearchCV,11.298544118715165,8.121950476117874,71.32906320767988,-1.1107421914108615,5036aab1b4aa499bab7dbc396f7a5da2,experiment_linear_bodyfat_kg
1735.63170765381,0.0050474920595340225,bodyfat_kg,SALIVA,0.8,MLP Regressor,GridSearchCV,11.298544118715165,8.121950476117874,71.32906320767988,-1.1107421914108615,5036aab1b4aa499bab7dbc396f7a5da2,experiment_linear_bodyfat_kg
1457.930634429201,0.005045914154664479,bodyfat_kg,SALIVA,0.8,MLP Regressor,GridSearchCV,11.298544118715165,8.121950476117874,71.32906320767988,-1.1107421914108615,5036aab1b4aa499bab7dbc396f7a5da2,experiment_linear_bodyfat_kg
1473.358471830568,0.004979217057325036,bodyfat_kg,SALIVA,0.8,MLP Regressor,GridSearchCV,11.298544118715165,8.121950476117874,71.32906320767988,-1.1107421914108615,5036aab1b4aa499bab7dbc396f7a5da2,experiment_linear_bodyfat_kg
1731.774748303468,0.004951425907911018,bodyfat_kg,SALIVA,0.8,MLP Regressor,GridSearchCV,11.298544118715165,8.121950476117874,71.32906320767988,-1.1107421914108615,5036aab1b4aa499bab7dbc396f7a5da2,experiment_linear_bodyfat_kg
1456.00215475403,0.0048893031953583885,bodyfat_kg,SALIVA,0.8,MLP Regressor,GridSearchCV,11.298544118715165,8.121950476117874,71.32906320767988,-1.1107421914108615,5036aab1b4aa499bab7dbc396f7a5da2,experiment_linear_bodyfat_kg
1475.286951505739,0.004815948368998611,bodyfat_kg,SALIVA,0.8,MLP Regressor,GridSearchCV,11.298544118715165,8.121950476117874,71.32906320767988,-1.1107421914108615,5036aab1b4aa499bab7dbc396f7a5da2,experiment_linear_bodyfat_kg
1727.917788953126,0.004681521589013175,bodyfat_kg,SALIVA,0.8,MLP Regressor,GridSearchCV,11.298544118715165,8.121950476117874,71.32906320767988,-1.1107421914108615,5036aab1b4aa499bab7dbc396f7a5da2,experiment_linear_bodyfat_kg
1454.073675078859,0.004664663349797834,bodyfat_kg,SALIVA,0.8,MLP Regressor,GridSearchCV,11.298544118715165,8.121950476117874,71.32906320767988,-1.1107421914108615,5036aab1b4aa499bab7dbc396f7a5da2,experiment_linear_bodyfat_kg
1477.215431180909,0.0045445879220070646,bodyfat_kg,SALIVA,0.8,MLP Regressor,GridSearchCV,11.298544118715165,8.121950476117874,71.32906320767988,-1.1107421914108615,5036aab1b4aa499bab7dbc396f7a5da2,experiment_linear_bodyfat_kg
1452.145195403688,0.004426867590845751,bodyfat_kg,SALIVA,0.8,MLP Regressor,GridSearchCV,11.298544118715165,8.121950476117874,71.32906320767988,-1.1107421914108615,5036aab1b4aa499bab7dbc396f7a5da2,experiment_linear_bodyfat_kg
1737.560187328981,0.004263905367199062,bodyfat_kg,SALIVA,0.8,MLP Regressor,GridSearchCV,11.298544118715165,8.121950476117874,71.32906320767988,-1.1107421914108615,5036aab1b4aa499bab7dbc396f7a5da2,experiment_linear_bodyfat_kg
1556.283097862916,0.016909450493488635,bodyfat_kg,SALIVA,0.8,MLP Regressor,GridSearchCV,7.837307600343678,6.577665893845663,58.39434952910635,-0.015603068798845765,5036aab1b4aa499bab7dbc396f7a5da2,experiment_linear_bodyfat_kg
1554.354618187745,0.01657407175356071,bodyfat_kg,SALIVA,0.8,MLP Regressor,GridSearchCV,7.837307600343678,6.577665893845663,58.39434952910635,-0.015603068798845765,5036aab1b4aa499bab7dbc396f7a5da2,experiment_linear_bodyfat_kg
1550.497658837404,0.01555951409314679,bodyfat_kg,SALIVA,0.8,MLP Regressor,GridSearchCV,7.837307600343678,6.577665893845663,58.39434952910635,-0.015603068798845765,5036aab1b4aa499bab7dbc396f7a5da2,experiment_linear_bodyfat_kg
1542.78374013672,0.015556505247268069,bodyfat_kg,SALIVA,0.8,MLP Regressor,GridSearchCV,7.837307600343678,6.577665893845663,58.39434952910635,-0.015603068798845765,5036aab1b4aa499bab7dbc396f7a5da2,experiment_linear_bodyfat_kg
1548.569179162233,0.014272237981814978,bodyfat_kg,SALIVA,0.8,MLP Regressor,GridSearchCV,7.837307600343678,6.577665893845663,58.39434952910635,-0.015603068798845765,5036aab1b4aa499bab7dbc396f7a5da2,experiment_linear_bodyfat_kg
1544.712219811891,0.013869538271908934,bodyfat_kg,SALIVA,0.8,MLP Regressor,GridSearchCV,7.837307600343678,6.577665893845663,58.39434952910635,-0.015603068798845765,5036aab1b4aa499bab7dbc396f7a5da2,experiment_linear_bodyfat_kg
1538.926780786378,0.013653274478482847,bodyfat_kg,SALIVA,0.8,MLP Regressor,GridSearchCV,7.837307600343678,6.577665893845663,58.39434952910635,-0.015603068798845765,5036aab1b4aa499bab7dbc396f7a5da2,experiment_linear_bodyfat_kg
1546.640699487062,0.012600331303984752,bodyfat_kg,SALIVA,0.8,MLP Regressor,GridSearchCV,7.837307600343678,6.577665893845663,58.39434952910635,-0.015603068798845765,5036aab1b4aa499bab7dbc396f7a5da2,experiment_linear_bodyfat_kg
1552.426138512574,0.010845922031958496,bodyfat_kg,SALIVA,0.8,MLP Regressor,GridSearchCV,7.837307600343678,6.577665893845663,58.39434952910635,-0.015603068798845765,5036aab1b4aa499bab7dbc396f7a5da2,experiment_linear_bodyfat_kg
1091.51949614673,0.010662489278575481,bodyfat_kg,SALIVA,0.8,MLP Regressor,GridSearchCV,7.837307600343678,6.577665893845663,58.39434952910635,-0.015603068798845765,5036aab1b4aa499bab7dbc396f7a5da2,experiment_linear_bodyfat_kg
1089.591016471559,0.010642552177265254,bodyfat_kg,SALIVA,0.8,MLP Regressor,GridSearchCV,7.837307600343678,6.577665893845663,58.39434952910635,-0.015603068798845765,5036aab1b4aa499bab7dbc396f7a5da2,experiment_linear_bodyfat_kg
1533.141341760865,0.009940415768077483,bodyfat_kg,SALIVA,0.8,MLP Regressor,GridSearchCV,7.837307600343678,6.577665893845663,58.39434952910635,-0.015603068798845765,5036aab1b4aa499bab7dbc396f7a5da2,experiment_linear_bodyfat_kg
1671.99187837317,0.009044731544540437,bodyfat_kg,SALIVA,0.8,MLP Regressor,GridSearchCV,7.837307600343678,6.577665893845663,58.39434952910635,-0.015603068798845765,5036aab1b4aa499bab7dbc396f7a5da2,experiment_linear_bodyfat_kg
1095.376455497071,0.008947342998633223,bodyfat_kg,SALIVA,0.8,MLP Regressor,GridSearchCV,7.837307600343678,6.577665893845663,58.39434952910635,-0.015603068798845765,5036aab1b4aa499bab7dbc396f7a5da2,experiment_linear_bodyfat_kg
1560.140057213258,0.008794890779842787,bodyfat_kg,SALIVA,0.8,MLP Regressor,GridSearchCV,7.837307600343678,6.577665893845663,58.39434952910635,-0.015603068798845765,5036aab1b4aa499bab7dbc396f7a5da2,experiment_linear_bodyfat_kg
1558.211577538087,0.008776701590574965,bodyfat_kg,SALIVA,0.8,MLP Regressor,GridSearchCV,7.837307600343678,6.577665893845663,58.39434952910635,-0.015603068798845765,5036aab1b4aa499bab7dbc396f7a5da2,experiment_linear_bodyfat_kg
1415.504081575441,0.008626420575651729,bodyfat_kg,SALIVA,0.8,MLP Regressor,GridSearchCV,7.837307600343678,6.577665893845663,58.39434952910635,-0.015603068798845765,5036aab1b4aa499bab7dbc396f7a5da2,experiment_linear_bodyfat_kg
1648.85012227112,0.008584948235867649,bodyfat_kg,SALIVA,0.8,MLP Regressor,GridSearchCV,7.837307600343678,6.577665893845663,58.39434952910635,-0.015603068798845765,5036aab1b4aa499bab7dbc396f7a5da2,experiment_linear_bodyfat_kg
1668.134919022829,0.00852831140899458,bodyfat_kg,SALIVA,0.8,MLP Regressor,GridSearchCV,7.837307600343678,6.577665893845663,58.39434952910635,-0.015603068798845765,5036aab1b4aa499bab7dbc396f7a5da2,experiment_linear_bodyfat_kg
1664.277959672487,0.007905402206010957,bodyfat_kg,SALIVA,0.8,MLP Regressor,GridSearchCV,7.837307600343678,6.577665893845663,58.39434952910635,-0.015603068798845765,5036aab1b4aa499bab7dbc396f7a5da2,experiment_linear_bodyfat_kg
1141.659967701173,0.002311249024487875,bodyfat_kg,SERUM,0.8,MLP Regressor,GridSearchCV,11.232535278533843,7.5698585798553735,40.0273380083989,-0.194547978734257,5036aab1b4aa499bab7dbc396f7a5da2,experiment_linear_bodyfat_kg
1143.588447376344,0.002296579576739409,bodyfat_kg,SERUM,0.8,MLP Regressor,GridSearchCV,11.232535278533843,7.5698585798553735,40.0273380083989,-0.194547978734257,5036aab1b4aa499bab7dbc396f7a5da2,experiment_linear_bodyfat_kg
1139.731488026002,0.0022916399177011944,bodyfat_kg,SERUM,0.8,MLP Regressor,GridSearchCV,11.232535278533843,7.5698585798553735,40.0273380083989,-0.194547978734257,5036aab1b4aa499bab7dbc396f7a5da2,experiment_linear_bodyfat_kg
1145.516927051515,0.002274719284171511,bodyfat_kg,SERUM,0.8,MLP Regressor,GridSearchCV,11.232535278533843,7.5698585798553735,40.0273380083989,-0.194547978734257,5036aab1b4aa499bab7dbc396f7a5da2,experiment_linear_bodyfat_kg
1147.445406726686,0.002258827028499632,bodyfat_kg,SERUM,0.8,MLP Regressor,GridSearchCV,11.232535278533843,7.5698585798553735,40.0273380083989,-0.194547978734257,5036aab1b4aa499bab7dbc396f7a5da2,experiment_linear_bodyfat_kg
1149.373886401856,0.002235159463527818,bodyfat_kg,SERUM,0.8,MLP Regressor,GridSearchCV,11.232535278533843,7.5698585798553735,40.0273380083989,-0.194547978734257,5036aab1b4aa499bab7dbc396f7a5da2,experiment_linear_bodyfat_kg
1137.803008350831,0.0022183274917167944,bodyfat_kg,SERUM,0.8,MLP Regressor,GridSearchCV,11.232535278533843,7.5698585798553735,40.0273380083989,-0.194547978734257,5036aab1b4aa499bab7dbc396f7a5da2,experiment_linear_bodyfat_kg
1151.302366077027,0.002200255786890759,bodyfat_kg,SERUM,0.8,MLP Regressor,GridSearchCV,11.232535278533843,7.5698585798553735,40.0273380083989,-0.194547978734257,5036aab1b4aa499bab7dbc396f7a5da2,experiment_linear_bodyfat_kg
1849.412008488893,0.002187544869860498,bodyfat_kg,SERUM,0.8,MLP Regressor,GridSearchCV,11.232535278533843,7.5698585798553735,40.0273380083989,-0.194547978734257,5036aab1b4aa499bab7dbc396f7a5da2,experiment_linear_bodyfat_kg
1847.483528813722,0.002181449784920285,bodyfat_kg,SERUM,0.8,MLP Regressor,GridSearchCV,11.232535278533843,7.5698585798553735,40.0273380083989,-0.194547978734257,5036aab1b4aa499bab7dbc396f7a5da2,experiment_linear_bodyfat_kg
1153.230845752198,0.0021786444884055916,bodyfat_kg,SERUM,0.8,MLP Regressor,GridSearchCV,11.232535278533843,7.5698585798553735,40.0273380083989,-0.194547978734257,5036aab1b4aa499bab7dbc396f7a5da2,experiment_linear_bodyfat_kg
1845.555049138551,0.002177522562653302,bodyfat_kg,SERUM,0.8,MLP Regressor,GridSearchCV,11.232535278533843,7.5698585798553735,40.0273380083989,-0.194547978734257,5036aab1b4aa499bab7dbc396f7a5da2,experiment_linear_bodyfat_kg
1155.159325427369,0.002175046004795135,bodyfat_kg,SERUM,0.8,MLP Regressor,GridSearchCV,11.232535278533843,7.5698585798553735,40.0273380083989,-0.194547978734257,5036aab1b4aa499bab7dbc396f7a5da2,experiment_linear_bodyfat_kg
1843.62656946338,0.002172941885925777,bodyfat_kg,SERUM,0.8,MLP Regressor,GridSearchCV,11.232535278533843,7.5698585798553735,40.0273380083989,-0.194547978734257,5036aab1b4aa499bab7dbc396f7a5da2,experiment_linear_bodyfat_kg
1841.698089788209,0.002167509949628425,bodyfat_kg,SERUM,0.8,MLP Regressor,GridSearchCV,11.232535278533843,7.5698585798553735,40.0273380083989,-0.194547978734257,5036aab1b4aa499bab7dbc396f7a5da2,experiment_linear_bodyfat_kg
1839.769610113039,0.0021583754650297145,bodyfat_kg,SERUM,0.8,MLP Regressor,GridSearchCV,11.232535278533843,7.5698585798553735,40.0273380083989,-0.194547978734257,5036aab1b4aa499bab7dbc396f7a5da2,experiment_linear_bodyfat_kg
1157.08780510254,0.0021528789429670872,bodyfat_kg,SERUM,0.8,MLP Regressor,GridSearchCV,11.232535278533843,7.5698585798553735,40.0273380083989,-0.194547978734257,5036aab1b4aa499bab7dbc396f7a5da2,experiment_linear_bodyfat_kg
1837.841130437868,0.0021441184768860796,bodyfat_kg,SERUM,0.8,MLP Regressor,GridSearchCV,11.232535278533843,7.5698585798553735,40.0273380083989,-0.194547978734257,5036aab1b4aa499bab7dbc396f7a5da2,experiment_linear_bodyfat_kg
1835.912650762697,0.0021259751123206506,bodyfat_kg,SERUM,0.8,MLP Regressor,GridSearchCV,11.232535278533843,7.5698585798553735,40.0273380083989,-0.194547978734257,5036aab1b4aa499bab7dbc396f7a5da2,experiment_linear_bodyfat_kg
1833.984171087526,0.0021091119764769495,bodyfat_kg,SERUM,0.8,MLP Regressor,GridSearchCV,11.232535278533843,7.5698585798553735,40.0273380083989,-0.194547978734257,5036aab1b4aa499bab7dbc396f7a5da2,experiment_linear_bodyfat_kg
1600.638130391847,0.00774442991787751,bodyfat_kg,SERUM,0.8,MLP Regressor,GridSearchCV,9.465390517419364,6.468008264690982,40.54154168141058,0.15174761720087626,5036aab1b4aa499bab7dbc396f7a5da2,experiment_linear_bodyfat_kg
1596.781171041505,0.007488761589084134,bodyfat_kg,SERUM,0.8,MLP Regressor,GridSearchCV,9.465390517419364,6.468008264690982,40.54154168141058,0.15174761720087626,5036aab1b4aa499bab7dbc396f7a5da2,experiment_linear_bodyfat_kg
1355.721211645143,0.006902867052436857,bodyfat_kg,SERUM,0.8,MLP Regressor,GridSearchCV,9.465390517419364,6.468008264690982,40.54154168141058,0.15174761720087626,5036aab1b4aa499bab7dbc396f7a5da2,experiment_linear_bodyfat_kg
1336.436414893434,0.006853904422983262,bodyfat_kg,SERUM,0.8,MLP Regressor,GridSearchCV,9.465390517419364,6.468008264690982,40.54154168141058,0.15174761720087626,5036aab1b4aa499bab7dbc396f7a5da2,experiment_linear_bodyfat_kg
1334.507935218263,0.006214267017368229,bodyfat_kg,SERUM,0.8,MLP Regressor,GridSearchCV,9.465390517419364,6.468008264690982,40.54154168141058,0.15174761720087626,5036aab1b4aa499bab7dbc396f7a5da2,experiment_linear_bodyfat_kg
1594.852691366334,0.0060404620272774745,bodyfat_kg,SERUM,0.8,MLP Regressor,GridSearchCV,9.465390517419364,6.468008264690982,40.54154168141058,0.15174761720087626,5036aab1b4aa499bab7dbc396f7a5da2,experiment_linear_bodyfat_kg
1610.280528767702,0.005992795382196597,bodyfat_kg,SERUM,0.8,MLP Regressor,GridSearchCV,9.465390517419364,6.468008264690982,40.54154168141058,0.15174761720087626,5036aab1b4aa499bab7dbc396f7a5da2,experiment_linear_bodyfat_kg
1602.566610067018,0.005867074985001902,bodyfat_kg,SERUM,0.8,MLP Regressor,GridSearchCV,9.465390517419364,6.468008264690982,40.54154168141058,0.15174761720087626,5036aab1b4aa499bab7dbc396f7a5da2,experiment_linear_bodyfat_kg
1344.150333594117,0.00576263729422849,bodyfat_kg,SERUM,0.8,MLP Regressor,GridSearchCV,9.465390517419364,6.468008264690982,40.54154168141058,0.15174761720087626,5036aab1b4aa499bab7dbc396f7a5da2,experiment_linear_bodyfat_kg
1548.569179162233,0.0056050465872170205,bodyfat_kg,SERUM,0.8,MLP Regressor,GridSearchCV,9.465390517419364,6.468008264690982,40.54154168141058,0.15174761720087626,5036aab1b4aa499bab7dbc396f7a5da2,experiment_linear_bodyfat_kg
1556.283097862916,0.005498196778274742,bodyfat_kg,SERUM,0.8,MLP Regressor,GridSearchCV,9.465390517419364,6.468008264690982,40.54154168141058,0.15174761720087626,5036aab1b4aa499bab7dbc396f7a5da2,experiment_linear_bodyfat_kg
1608.35204909253,0.005197341098439877,bodyfat_kg,SERUM,0.8,MLP Regressor,GridSearchCV,9.465390517419364,6.468008264690982,40.54154168141058,0.15174761720087626,5036aab1b4aa499bab7dbc396f7a5da2,experiment_linear_bodyfat_kg
1353.792731969972,0.005050896871509704,bodyfat_kg,SERUM,0.8,MLP Regressor,GridSearchCV,9.465390517419364,6.468008264690982,40.54154168141058,0.15174761720087626,5036aab1b4aa499bab7dbc396f7a5da2,experiment_linear_bodyfat_kg
1317.151618141725,0.0048939563317610185,bodyfat_kg,SERUM,0.8,MLP Regressor,GridSearchCV,9.465390517419364,6.468008264690982,40.54154168141058,0.15174761720087626,5036aab1b4aa499bab7dbc396f7a5da2,experiment_linear_bodyfat_kg
1849.412008488893,0.004830025225260238,bodyfat_kg,SERUM,0.8,MLP Regressor,GridSearchCV,9.465390517419364,6.468008264690982,40.54154168141058,0.15174761720087626,5036aab1b4aa499bab7dbc396f7a5da2,experiment_linear_bodyfat_kg
1380.791447422364,0.0047937080922805094,bodyfat_kg,SERUM,0.8,MLP Regressor,GridSearchCV,9.465390517419364,6.468008264690982,40.54154168141058,0.15174761720087626,5036aab1b4aa499bab7dbc396f7a5da2,experiment_linear_bodyfat_kg
1330.650975867921,0.00460590977648072,bodyfat_kg,SERUM,0.8,MLP Regressor,GridSearchCV,9.465390517419364,6.468008264690982,40.54154168141058,0.15174761720087626,5036aab1b4aa499bab7dbc396f7a5da2,experiment_linear_bodyfat_kg
2559.092528951784,0.004516411045825828,bodyfat_kg,SERUM,0.8,MLP Regressor,GridSearchCV,9.465390517419364,6.468008264690982,40.54154168141058,0.15174761720087626,5036aab1b4aa499bab7dbc396f7a5da2,experiment_linear_bodyfat_kg
1598.709650716676,0.004482142136974735,bodyfat_kg,SERUM,0.8,MLP Regressor,GridSearchCV,9.465390517419364,6.468008264690982,40.54154168141058,0.15174761720087626,5036aab1b4aa499bab7dbc396f7a5da2,experiment_linear_bodyfat_kg
1783.843699533082,0.004411210751040952,bodyfat_kg,SERUM,0.8,MLP Regressor,GridSearchCV,9.465390517419364,6.468008264690982,40.54154168141058,0.15174761720087626,5036aab1b4aa499bab7dbc396f7a5da2,experiment_linear_bodyfat_kg
1141.659967701173,0.00231124902448787,bodyfat_kg,SERUM,0.8,MLP Regressor,GridSearchCV,11.232535278533842,7.56985857985537,40.02733800839888,-0.19454797873425655,5036aab1b4aa499bab7dbc396f7a5da2,experiment_linear_bodyfat_kg
1143.588447376344,0.0022965795767394053,bodyfat_kg,SERUM,0.8,MLP Regressor,GridSearchCV,11.232535278533842,7.56985857985537,40.02733800839888,-0.19454797873425655,5036aab1b4aa499bab7dbc396f7a5da2,experiment_linear_bodyfat_kg
1139.731488026002,0.002291639917701191,bodyfat_kg,SERUM,0.8,MLP Regressor,GridSearchCV,11.232535278533842,7.56985857985537,40.02733800839888,-0.19454797873425655,5036aab1b4aa499bab7dbc396f7a5da2,experiment_linear_bodyfat_kg
1145.516927051515,0.0022747192841715076,bodyfat_kg,SERUM,0.8,MLP Regressor,GridSearchCV,11.232535278533842,7.56985857985537,40.02733800839888,-0.19454797873425655,5036aab1b4aa499bab7dbc396f7a5da2,experiment_linear_bodyfat_kg
1147.445406726686,0.0022588270284996286,bodyfat_kg,SERUM,0.8,MLP Regressor,GridSearchCV,11.232535278533842,7.56985857985537,40.02733800839888,-0.19454797873425655,5036aab1b4aa499bab7dbc396f7a5da2,experiment_linear_bodyfat_kg
1149.373886401856,0.002235159463527816,bodyfat_kg,SERUM,0.8,MLP Regressor,GridSearchCV,11.232535278533842,7.56985857985537,40.02733800839888,-0.19454797873425655,5036aab1b4aa499bab7dbc396f7a5da2,experiment_linear_bodyfat_kg
1137.803008350831,0.0022183274917167905,bodyfat_kg,SERUM,0.8,MLP Regressor,GridSearchCV,11.232535278533842,7.56985857985537,40.02733800839888,-0.19454797873425655,5036aab1b4aa499bab7dbc396f7a5da2,experiment_linear_bodyfat_kg
1151.302366077027,0.0022002557868907556,bodyfat_kg,SERUM,0.8,MLP Regressor,GridSearchCV,11.232535278533842,7.56985857985537,40.02733800839888,-0.19454797873425655,5036aab1b4aa499bab7dbc396f7a5da2,experiment_linear_bodyfat_kg
1849.412008488893,0.0021875448698604966,bodyfat_kg,SERUM,0.8,MLP Regressor,GridSearchCV,11.232535278533842,7.56985857985537,40.02733800839888,-0.19454797873425655,5036aab1b4aa499bab7dbc396f7a5da2,experiment_linear_bodyfat_kg
1847.483528813722,0.002181449784920283,bodyfat_kg,SERUM,0.8,MLP Regressor,GridSearchCV,11.232535278533842,7.56985857985537,40.02733800839888,-0.19454797873425655,5036aab1b4aa499bab7dbc396f7a5da2,experiment_linear_bodyfat_kg
1153.230845752198,0.0021786444884055894,bodyfat_kg,SERUM,0.8,MLP Regressor,GridSearchCV,11.232535278533842,7.56985857985537,40.02733800839888,-0.19454797873425655,5036aab1b4aa499bab7dbc396f7a5da2,experiment_linear_bodyfat_kg
1845.555049138551,0.002177522562653301,bodyfat_kg,SERUM,0.8,MLP Regressor,GridSearchCV,11.232535278533842,7.56985857985537,40.02733800839888,-0.19454797873425655,5036aab1b4aa499bab7dbc396f7a5da2,experiment_linear_bodyfat_kg
1155.159325427369,0.002175046004795133,bodyfat_kg,SERUM,0.8,MLP Regressor,GridSearchCV,11.232535278533842,7.56985857985537,40.02733800839888,-0.19454797873425655,5036aab1b4aa499bab7dbc396f7a5da2,experiment_linear_bodyfat_kg
1843.62656946338,0.002172941885925775,bodyfat_kg,SERUM,0.8,MLP Regressor,GridSearchCV,11.232535278533842,7.56985857985537,40.02733800839888,-0.19454797873425655,5036aab1b4aa499bab7dbc396f7a5da2,experiment_linear_bodyfat_kg
1841.698089788209,0.0021675099496284247,bodyfat_kg,SERUM,0.8,MLP Regressor,GridSearchCV,11.232535278533842,7.56985857985537,40.02733800839888,-0.19454797873425655,5036aab1b4aa499bab7dbc396f7a5da2,experiment_linear_bodyfat_kg
1839.769610113039,0.0021583754650297137,bodyfat_kg,SERUM,0.8,MLP Regressor,GridSearchCV,11.232535278533842,7.56985857985537,40.02733800839888,-0.19454797873425655,5036aab1b4aa499bab7dbc396f7a5da2,experiment_linear_bodyfat_kg
1157.08780510254,0.0021528789429670855,bodyfat_kg,SERUM,0.8,MLP Regressor,GridSearchCV,11.232535278533842,7.56985857985537,40.02733800839888,-0.19454797873425655,5036aab1b4aa499bab7dbc396f7a5da2,experiment_linear_bodyfat_kg
1837.841130437868,0.0021441184768860783,bodyfat_kg,SERUM,0.8,MLP Regressor,GridSearchCV,11.232535278533842,7.56985857985537,40.02733800839888,-0.19454797873425655,5036aab1b4aa499bab7dbc396f7a5da2,experiment_linear_bodyfat_kg
1835.912650762697,0.002125975112320649,bodyfat_kg,SERUM,0.8,MLP Regressor,GridSearchCV,11.232535278533842,7.56985857985537,40.02733800839888,-0.19454797873425655,5036aab1b4aa499bab7dbc396f7a5da2,experiment_linear_bodyfat_kg
1833.984171087526,0.0021091119764769487,bodyfat_kg,SERUM,0.8,MLP Regressor,GridSearchCV,11.232535278533842,7.56985857985537,40.02733800839888,-0.19454797873425655,5036aab1b4aa499bab7dbc396f7a5da2,experiment_linear_bodyfat_kg
1654.635561296632,0.01067732058939481,bodyfat_kg,SERUM,0.8,MLP Regressor,GridSearchCV,10.400367649899101,7.131797662750884,45.67887867049137,-0.024107151085707157,5036aab1b4aa499bab7dbc396f7a5da2,experiment_linear_bodyfat_kg
1658.492520646974,0.009908899007688576,bodyfat_kg,SERUM,0.8,MLP Regressor,GridSearchCV,10.400367649899101,7.131797662750884,45.67887867049137,-0.024107151085707157,5036aab1b4aa499bab7dbc396f7a5da2,experiment_linear_bodyfat_kg
1656.564040971803,0.00977822960213844,bodyfat_kg,SERUM,0.8,MLP Regressor,GridSearchCV,10.400367649899101,7.131797662750884,45.67887867049137,-0.024107151085707157,5036aab1b4aa499bab7dbc396f7a5da2,experiment_linear_bodyfat_kg
1660.421000322145,0.009523757187960323,bodyfat_kg,SERUM,0.8,MLP Regressor,GridSearchCV,10.400367649899101,7.131797662750884,45.67887867049137,-0.024107151085707157,5036aab1b4aa499bab7dbc396f7a5da2,experiment_linear_bodyfat_kg
1662.349479997316,0.009466323691409439,bodyfat_kg,SERUM,0.8,MLP Regressor,GridSearchCV,10.400367649899101,7.131797662750884,45.67887867049137,-0.024107151085707157,5036aab1b4aa499bab7dbc396f7a5da2,experiment_linear_bodyfat_kg
1652.707081621461,0.009389218191348497,bodyfat_kg,SERUM,0.8,MLP Regressor,GridSearchCV,10.400367649899101,7.131797662750884,45.67887867049137,-0.024107151085707157,5036aab1b4aa499bab7dbc396f7a5da2,experiment_linear_bodyfat_kg
1664.277959672487,0.007466648027425094,bodyfat_kg,SERUM,0.8,MLP Regressor,GridSearchCV,10.400367649899101,7.131797662750884,45.67887867049137,-0.024107151085707157,5036aab1b4aa499bab7dbc396f7a5da2,experiment_linear_bodyfat_kg
1668.134919022829,0.0072219159267558454,bodyfat_kg,SERUM,0.8,MLP Regressor,GridSearchCV,10.400367649899101,7.131797662750884,45.67887867049137,-0.024107151085707157,5036aab1b4aa499bab7dbc396f7a5da2,experiment_linear_bodyfat_kg
1666.206439347658,0.0069026094869274225,bodyfat_kg,SERUM,0.8,MLP Regressor,GridSearchCV,10.400367649899101,7.131797662750884,45.67887867049137,-0.024107151085707157,5036aab1b4aa499bab7dbc396f7a5da2,experiment_linear_bodyfat_kg
1650.77860194629,0.005847366337998303,bodyfat_kg,SERUM,0.8,MLP Regressor,GridSearchCV,10.400367649899101,7.131797662750884,45.67887867049137,-0.024107151085707157,5036aab1b4aa499bab7dbc396f7a5da2,experiment_linear_bodyfat_kg
1671.99187837317,0.005705952967949664,bodyfat_kg,SERUM,0.8,MLP Regressor,GridSearchCV,10.400367649899101,7.131797662750884,45.67887867049137,-0.024107151085707157,5036aab1b4aa499bab7dbc396f7a5da2,experiment_linear_bodyfat_kg
1670.063398697999,0.005521297143708311,bodyfat_kg,SERUM,0.8,MLP Regressor,GridSearchCV,10.400367649899101,7.131797662750884,45.67887867049137,-0.024107151085707157,5036aab1b4aa499bab7dbc396f7a5da2,experiment_linear_bodyfat_kg
1648.85012227112,0.005291350442669834,bodyfat_kg,SERUM,0.8,MLP Regressor,GridSearchCV,10.400367649899101,7.131797662750884,45.67887867049137,-0.024107151085707157,5036aab1b4aa499bab7dbc396f7a5da2,experiment_linear_bodyfat_kg
1565.925496238771,0.004760820616145011,bodyfat_kg,SERUM,0.8,MLP Regressor,GridSearchCV,10.400367649899101,7.131797662750884,45.67887867049137,-0.024107151085707157,5036aab1b4aa499bab7dbc396f7a5da2,experiment_linear_bodyfat_kg
1533.141341760865,0.004572158462671682,bodyfat_kg,SERUM,0.8,MLP Regressor,GridSearchCV,10.400367649899101,7.131797662750884,45.67887867049137,-0.024107151085707157,5036aab1b4aa499bab7dbc396f7a5da2,experiment_linear_bodyfat_kg
1531.212862085695,0.0045324790092466614,bodyfat_kg,SERUM,0.8,MLP Regressor,GridSearchCV,10.400367649899101,7.131797662750884,45.67887867049137,-0.024107151085707157,5036aab1b4aa499bab7dbc396f7a5da2,experiment_linear_bodyfat_kg
1673.920358048341,0.004477312174584354,bodyfat_kg,SERUM,0.8,MLP Regressor,GridSearchCV,10.400367649899101,7.131797662750884,45.67887867049137,-0.024107151085707157,5036aab1b4aa499bab7dbc396f7a5da2,experiment_linear_bodyfat_kg
1569.782455589112,0.004200888156533669,bodyfat_kg,SERUM,0.8,MLP Regressor,GridSearchCV,10.400367649899101,7.131797662750884,45.67887867049137,-0.024107151085707157,5036aab1b4aa499bab7dbc396f7a5da2,experiment_linear_bodyfat_kg
1527.355902735353,0.0041921591935091835,bodyfat_kg,SERUM,0.8,MLP Regressor,GridSearchCV,10.400367649899101,7.131797662750884,45.67887867049137,-0.024107151085707157,5036aab1b4aa499bab7dbc396f7a5da2,experiment_linear_bodyfat_kg
1571.710935264284,0.004045718859854073,bodyfat_kg,SERUM,0.8,MLP Regressor,GridSearchCV,10.400367649899101,7.131797662750884,45.67887867049137,-0.024107151085707157,5036aab1b4aa499bab7dbc396f7a5da2,experiment_linear_bodyfat_kg
935.3126424578863,0.007947535040094959,bodyfat_kg,URINE,0.8,MLP Regressor,GridSearchCV,12.671415191723867,9.598210722754214,53.30556879092537,-0.42815921564800496,5036aab1b4aa499bab7dbc396f7a5da2,experiment_linear_bodyfat_kg
937.2411221330576,0.007573283169220687,bodyfat_kg,URINE,0.8,MLP Regressor,GridSearchCV,12.671415191723867,9.598210722754214,53.30556879092537,-0.42815921564800496,5036aab1b4aa499bab7dbc396f7a5da2,experiment_linear_bodyfat_kg
933.3841627827155,0.007519755997753881,bodyfat_kg,URINE,0.8,MLP Regressor,GridSearchCV,12.671415191723867,9.598210722754214,53.30556879092537,-0.42815921564800496,5036aab1b4aa499bab7dbc396f7a5da2,experiment_linear_bodyfat_kg
944.9550408337414,0.007039493815443258,bodyfat_kg,URINE,0.8,MLP Regressor,GridSearchCV,12.671415191723867,9.598210722754214,53.30556879092537,-0.42815921564800496,5036aab1b4aa499bab7dbc396f7a5da2,experiment_linear_bodyfat_kg
946.8835205089117,0.006929693364368588,bodyfat_kg,URINE,0.8,MLP Regressor,GridSearchCV,12.671415191723867,9.598210722754214,53.30556879092537,-0.42815921564800496,5036aab1b4aa499bab7dbc396f7a5da2,experiment_linear_bodyfat_kg
943.0265611585701,0.006888546540911851,bodyfat_kg,URINE,0.8,MLP Regressor,GridSearchCV,12.671415191723867,9.598210722754214,53.30556879092537,-0.42815921564800496,5036aab1b4aa499bab7dbc396f7a5da2,experiment_linear_bodyfat_kg
939.1696018082284,0.0068534625764039535,bodyfat_kg,URINE,0.8,MLP Regressor,GridSearchCV,12.671415191723867,9.598210722754214,53.30556879092537,-0.42815921564800496,5036aab1b4aa499bab7dbc396f7a5da2,experiment_linear_bodyfat_kg
931.4556831075452,0.006696010445565054,bodyfat_kg,URINE,0.8,MLP Regressor,GridSearchCV,12.671415191723867,9.598210722754214,53.30556879092537,-0.42815921564800496,5036aab1b4aa499bab7dbc396f7a5da2,experiment_linear_bodyfat_kg
941.0980814833993,0.006660300890099841,bodyfat_kg,URINE,0.8,MLP Regressor,GridSearchCV,12.671415191723867,9.598210722754214,53.30556879092537,-0.42815921564800496,5036aab1b4aa499bab7dbc396f7a5da2,experiment_linear_bodyfat_kg
948.812000184083,0.0063326128496814715,bodyfat_kg,URINE,0.8,MLP Regressor,GridSearchCV,12.671415191723867,9.598210722754214,53.30556879092537,-0.42815921564800496,5036aab1b4aa499bab7dbc396f7a5da2,experiment_linear_bodyfat_kg
929.5272034323739,0.0058737033603330924,bodyfat_kg,URINE,0.8,MLP Regressor,GridSearchCV,12.671415191723867,9.598210722754214,53.30556879092537,-0.42815921564800496,5036aab1b4aa499bab7dbc396f7a5da2,experiment_linear_bodyfat_kg
950.7404798592538,0.005464266890673338,bodyfat_kg,URINE,0.8,MLP Regressor,GridSearchCV,12.671415191723867,9.598210722754214,53.30556879092537,-0.42815921564800496,5036aab1b4aa499bab7dbc396f7a5da2,experiment_linear_bodyfat_kg
1276.653544963136,0.004951131964823469,bodyfat_kg,URINE,0.8,MLP Regressor,GridSearchCV,12.671415191723867,9.598210722754214,53.30556879092537,-0.42815921564800496,5036aab1b4aa499bab7dbc396f7a5da2,experiment_linear_bodyfat_kg
1278.582024638307,0.0049498580946991015,bodyfat_kg,URINE,0.8,MLP Regressor,GridSearchCV,12.671415191723867,9.598210722754214,53.30556879092537,-0.42815921564800496,5036aab1b4aa499bab7dbc396f7a5da2,experiment_linear_bodyfat_kg
952.6689595344246,0.004783566309961185,bodyfat_kg,URINE,0.8,MLP Regressor,GridSearchCV,12.671415191723867,9.598210722754214,53.30556879092537,-0.42815921564800496,5036aab1b4aa499bab7dbc396f7a5da2,experiment_linear_bodyfat_kg
1274.725065287965,0.004731414091426985,bodyfat_kg,URINE,0.8,MLP Regressor,GridSearchCV,12.671415191723867,9.598210722754214,53.30556879092537,-0.42815921564800496,5036aab1b4aa499bab7dbc396f7a5da2,experiment_linear_bodyfat_kg
1720.203870252443,0.0046933595958260745,bodyfat_kg,URINE,0.8,MLP Regressor,GridSearchCV,12.671415191723867,9.598210722754214,53.30556879092537,-0.42815921564800496,5036aab1b4aa499bab7dbc396f7a5da2,experiment_linear_bodyfat_kg
1718.275390577272,0.004691201320351773,bodyfat_kg,URINE,0.8,MLP Regressor,GridSearchCV,12.671415191723867,9.598210722754214,53.30556879092537,-0.42815921564800496,5036aab1b4aa499bab7dbc396f7a5da2,experiment_linear_bodyfat_kg
1280.510504313478,0.004597784999392389,bodyfat_kg,URINE,0.8,MLP Regressor,GridSearchCV,12.671415191723867,9.598210722754214,53.30556879092537,-0.42815921564800496,5036aab1b4aa499bab7dbc396f7a5da2,experiment_linear_bodyfat_kg
1716.346910902101,0.004582508169027875,bodyfat_kg,URINE,0.8,MLP Regressor,GridSearchCV,12.671415191723867,9.598210722754214,53.30556879092537,-0.42815921564800496,5036aab1b4aa499bab7dbc396f7a5da2,experiment_linear_bodyfat_kg
1681.634276749025,0.006817274172382778,bodyfat_kg,URINE,0.8,MLP Regressor,GridSearchCV,11.212296022241722,9.789301195566315,71.41869509516343,-0.118189718602699,5036aab1b4aa499bab7dbc396f7a5da2,experiment_linear_bodyfat_kg
2613.089959856569,0.005921096573521015,bodyfat_kg,URINE,0.8,MLP Regressor,GridSearchCV,11.212296022241722,9.789301195566315,71.41869509516343,-0.118189718602699,5036aab1b4aa499bab7dbc396f7a5da2,experiment_linear_bodyfat_kg
1828.198732062013,0.005866768321765157,bodyfat_kg,URINE,0.8,MLP Regressor,GridSearchCV,11.212296022241722,9.789301195566315,71.41869509516343,-0.118189718602699,5036aab1b4aa499bab7dbc396f7a5da2,experiment_linear_bodyfat_kg
1762.630423106202,0.005838175588604107,bodyfat_kg,URINE,0.8,MLP Regressor,GridSearchCV,11.212296022241722,9.789301195566315,71.41869509516343,-0.118189718602699,5036aab1b4aa499bab7dbc396f7a5da2,experiment_linear_bodyfat_kg
2655.516512710329,0.0056123630745083435,bodyfat_kg,URINE,0.8,MLP Regressor,GridSearchCV,11.212296022241722,9.789301195566315,71.41869509516343,-0.118189718602699,5036aab1b4aa499bab7dbc396f7a5da2,experiment_linear_bodyfat_kg
2674.801309462038,0.005541779581876141,bodyfat_kg,URINE,0.8,MLP Regressor,GridSearchCV,11.212296022241722,9.789301195566315,71.41869509516343,-0.118189718602699,5036aab1b4aa499bab7dbc396f7a5da2,experiment_linear_bodyfat_kg
2632.374756608278,0.005509806121231934,bodyfat_kg,URINE,0.8,MLP Regressor,GridSearchCV,11.212296022241722,9.789301195566315,71.41869509516343,-0.118189718602699,5036aab1b4aa499bab7dbc396f7a5da2,experiment_linear_bodyfat_kg
2549.45013057593,0.0049829798761285874,bodyfat_kg,URINE,0.8,MLP Regressor,GridSearchCV,11.212296022241722,9.789301195566315,71.41869509516343,-0.118189718602699,5036aab1b4aa499bab7dbc396f7a5da2,experiment_linear_bodyfat_kg
2599.590602130373,0.0049736144544765114,bodyfat_kg,URINE,0.8,MLP Regressor,GridSearchCV,11.212296022241722,9.789301195566315,71.41869509516343,-0.118189718602699,5036aab1b4aa499bab7dbc396f7a5da2,experiment_linear_bodyfat_kg
1847.483528813722,0.004801297086458887,bodyfat_kg,URINE,0.8,MLP Regressor,GridSearchCV,11.212296022241722,9.789301195566315,71.41869509516343,-0.118189718602699,5036aab1b4aa499bab7dbc396f7a5da2,experiment_linear_bodyfat_kg
1778.05826050757,0.004766718260927234,bodyfat_kg,URINE,0.8,MLP Regressor,GridSearchCV,11.212296022241722,9.789301195566315,71.41869509516343,-0.118189718602699,5036aab1b4aa499bab7dbc396f7a5da2,experiment_linear_bodyfat_kg
1752.988024730348,0.004629428021833042,bodyfat_kg,URINE,0.8,MLP Regressor,GridSearchCV,11.212296022241722,9.789301195566315,71.41869509516343,-0.118189718602699,5036aab1b4aa499bab7dbc396f7a5da2,experiment_linear_bodyfat_kg
2539.807732200075,0.004381814528540805,bodyfat_kg,URINE,0.8,MLP Regressor,GridSearchCV,11.212296022241722,9.789301195566315,71.41869509516343,-0.118189718602699,5036aab1b4aa499bab7dbc396f7a5da2,experiment_linear_bodyfat_kg
1687.419715774538,0.0043126194239928315,bodyfat_kg,URINE,0.8,MLP Regressor,GridSearchCV,11.212296022241722,9.789301195566315,71.41869509516343,-0.118189718602699,5036aab1b4aa499bab7dbc396f7a5da2,experiment_linear_bodyfat_kg
946.8835205089117,0.004309490671674233,bodyfat_kg,URINE,0.8,MLP Regressor,GridSearchCV,11.212296022241722,9.789301195566315,71.41869509516343,-0.118189718602699,5036aab1b4aa499bab7dbc396f7a5da2,experiment_linear_bodyfat_kg
1779.986740182741,0.004285240452715394,bodyfat_kg,URINE,0.8,MLP Regressor,GridSearchCV,11.212296022241722,9.789301195566315,71.41869509516343,-0.118189718602699,5036aab1b4aa499bab7dbc396f7a5da2,experiment_linear_bodyfat_kg
2503.166618371828,0.004261271730386499,bodyfat_kg,URINE,0.8,MLP Regressor,GridSearchCV,11.212296022241722,9.789301195566315,71.41869509516343,-0.118189718602699,5036aab1b4aa499bab7dbc396f7a5da2,experiment_linear_bodyfat_kg
1760.701943431032,0.004206873846732036,bodyfat_kg,URINE,0.8,MLP Regressor,GridSearchCV,11.212296022241722,9.789301195566315,71.41869509516343,-0.118189718602699,5036aab1b4aa499bab7dbc396f7a5da2,experiment_linear_bodyfat_kg
1774.201301157228,0.004175862153902997,bodyfat_kg,URINE,0.8,MLP Regressor,GridSearchCV,11.212296022241722,9.789301195566315,71.41869509516343,-0.118189718602699,5036aab1b4aa499bab7dbc396f7a5da2,experiment_linear_bodyfat_kg
2925.503667234255,0.0038871083609200888,bodyfat_kg,URINE,0.8,MLP Regressor,GridSearchCV,11.212296022241722,9.789301195566315,71.41869509516343,-0.118189718602699,5036aab1b4aa499bab7dbc396f7a5da2,experiment_linear_bodyfat_kg
935.3126424578863,0.007947535040095006,bodyfat_kg,URINE,0.8,MLP Regressor,GridSearchCV,12.671415191723916,9.598210722754269,53.30556879092575,-0.4281592156480163,5036aab1b4aa499bab7dbc396f7a5da2,experiment_linear_bodyfat_kg
937.2411221330576,0.007573283169220735,bodyfat_kg,URINE,0.8,MLP Regressor,GridSearchCV,12.671415191723916,9.598210722754269,53.30556879092575,-0.4281592156480163,5036aab1b4aa499bab7dbc396f7a5da2,experiment_linear_bodyfat_kg
933.3841627827155,0.007519755997753934,bodyfat_kg,URINE,0.8,MLP Regressor,GridSearchCV,12.671415191723916,9.598210722754269,53.30556879092575,-0.4281592156480163,5036aab1b4aa499bab7dbc396f7a5da2,experiment_linear_bodyfat_kg
944.9550408337414,0.007039493815443301,bodyfat_kg,URINE,0.8,MLP Regressor,GridSearchCV,12.671415191723916,9.598210722754269,53.30556879092575,-0.4281592156480163,5036aab1b4aa499bab7dbc396f7a5da2,experiment_linear_bodyfat_kg
946.8835205089117,0.006929693364368636,bodyfat_kg,URINE,0.8,MLP Regressor,GridSearchCV,12.671415191723916,9.598210722754269,53.30556879092575,-0.4281592156480163,5036aab1b4aa499bab7dbc396f7a5da2,experiment_linear_bodyfat_kg
943.0265611585701,0.006888546540911895,bodyfat_kg,URINE,0.8,MLP Regressor,GridSearchCV,12.671415191723916,9.598210722754269,53.30556879092575,-0.4281592156480163,5036aab1b4aa499bab7dbc396f7a5da2,experiment_linear_bodyfat_kg
939.1696018082284,0.006853462576403998,bodyfat_kg,URINE,0.8,MLP Regressor,GridSearchCV,12.671415191723916,9.598210722754269,53.30556879092575,-0.4281592156480163,5036aab1b4aa499bab7dbc396f7a5da2,experiment_linear_bodyfat_kg
931.4556831075452,0.006696010445565102,bodyfat_kg,URINE,0.8,MLP Regressor,GridSearchCV,12.671415191723916,9.598210722754269,53.30556879092575,-0.4281592156480163,5036aab1b4aa499bab7dbc396f7a5da2,experiment_linear_bodyfat_kg
941.0980814833993,0.006660300890099887,bodyfat_kg,URINE,0.8,MLP Regressor,GridSearchCV,12.671415191723916,9.598210722754269,53.30556879092575,-0.4281592156480163,5036aab1b4aa499bab7dbc396f7a5da2,experiment_linear_bodyfat_kg
948.812000184083,0.006332612849681515,bodyfat_kg,URINE,0.8,MLP Regressor,GridSearchCV,12.671415191723916,9.598210722754269,53.30556879092575,-0.4281592156480163,5036aab1b4aa499bab7dbc396f7a5da2,experiment_linear_bodyfat_kg
929.5272034323739,0.00587370336033314,bodyfat_kg,URINE,0.8,MLP Regressor,GridSearchCV,12.671415191723916,9.598210722754269,53.30556879092575,-0.4281592156480163,5036aab1b4aa499bab7dbc396f7a5da2,experiment_linear_bodyfat_kg
950.7404798592538,0.005464266890673383,bodyfat_kg,URINE,0.8,MLP Regressor,GridSearchCV,12.671415191723916,9.598210722754269,53.30556879092575,-0.4281592156480163,5036aab1b4aa499bab7dbc396f7a5da2,experiment_linear_bodyfat_kg
1276.653544963136,0.004951131964823499,bodyfat_kg,URINE,0.8,MLP Regressor,GridSearchCV,12.671415191723916,9.598210722754269,53.30556879092575,-0.4281592156480163,5036aab1b4aa499bab7dbc396f7a5da2,experiment_linear_bodyfat_kg
1278.582024638307,0.004949858094699131,bodyfat_kg,URINE,0.8,MLP Regressor,GridSearchCV,12.671415191723916,9.598210722754269,53.30556879092575,-0.4281592156480163,5036aab1b4aa499bab7dbc396f7a5da2,experiment_linear_bodyfat_kg
952.6689595344246,0.004783566309961228,bodyfat_kg,URINE,0.8,MLP Regressor,GridSearchCV,12.671415191723916,9.598210722754269,53.30556879092575,-0.4281592156480163,5036aab1b4aa499bab7dbc396f7a5da2,experiment_linear_bodyfat_kg
1274.725065287965,0.004731414091427014,bodyfat_kg,URINE,0.8,MLP Regressor,GridSearchCV,12.671415191723916,9.598210722754269,53.30556879092575,-0.4281592156480163,5036aab1b4aa499bab7dbc396f7a5da2,experiment_linear_bodyfat_kg
1720.203870252443,0.0046933595958260745,bodyfat_kg,URINE,0.8,MLP Regressor,GridSearchCV,12.671415191723916,9.598210722754269,53.30556879092575,-0.4281592156480163,5036aab1b4aa499bab7dbc396f7a5da2,experiment_linear_bodyfat_kg
1718.275390577272,0.0046912013203517745,bodyfat_kg,URINE,0.8,MLP Regressor,GridSearchCV,12.671415191723916,9.598210722754269,53.30556879092575,-0.4281592156480163,5036aab1b4aa499bab7dbc396f7a5da2,experiment_linear_bodyfat_kg
1280.510504313478,0.004597784999392414,bodyfat_kg,URINE,0.8,MLP Regressor,GridSearchCV,12.671415191723916,9.598210722754269,53.30556879092575,-0.4281592156480163,5036aab1b4aa499bab7dbc396f7a5da2,experiment_linear_bodyfat_kg
1716.346910902101,0.004582508169027876,bodyfat_kg,URINE,0.8,MLP Regressor,GridSearchCV,12.671415191723916,9.598210722754269,53.30556879092575,-0.4281592156480163,5036aab1b4aa499bab7dbc396f7a5da2,experiment_linear_bodyfat_kg
1469.501512480226,0.007262353325066102,bodyfat_kg,URINE,0.8,MLP Regressor,GridSearchCV,11.163311019674866,9.090974034645603,56.24150168228116,-0.10844062263078924,5036aab1b4aa499bab7dbc396f7a5da2,experiment_linear_bodyfat_kg
1461.787593779542,0.007054232637337058,bodyfat_kg,URINE,0.8,MLP Regressor,GridSearchCV,11.163311019674866,9.090974034645603,56.24150168228116,-0.10844062263078924,5036aab1b4aa499bab7dbc396f7a5da2,experiment_linear_bodyfat_kg
1473.358471830568,0.006981035342578653,bodyfat_kg,URINE,0.8,MLP Regressor,GridSearchCV,11.163311019674866,9.090974034645603,56.24150168228116,-0.10844062263078924,5036aab1b4aa499bab7dbc396f7a5da2,experiment_linear_bodyfat_kg
1490.714788907106,0.00686943391029316,bodyfat_kg,URINE,0.8,MLP Regressor,GridSearchCV,11.163311019674866,9.090974034645603,56.24150168228116,-0.10844062263078924,5036aab1b4aa499bab7dbc396f7a5da2,experiment_linear_bodyfat_kg
1471.429992155397,0.006766875103533934,bodyfat_kg,URINE,0.8,MLP Regressor,GridSearchCV,11.163311019674866,9.090974034645603,56.24150168228116,-0.10844062263078924,5036aab1b4aa499bab7dbc396f7a5da2,experiment_linear_bodyfat_kg
1467.573032805055,0.006683025545136827,bodyfat_kg,URINE,0.8,MLP Regressor,GridSearchCV,11.163311019674866,9.090974034645603,56.24150168228116,-0.10844062263078924,5036aab1b4aa499bab7dbc396f7a5da2,experiment_linear_bodyfat_kg
1459.859114104371,0.006575337131307449,bodyfat_kg,URINE,0.8,MLP Regressor,GridSearchCV,11.163311019674866,9.090974034645603,56.24150168228116,-0.10844062263078924,5036aab1b4aa499bab7dbc396f7a5da2,experiment_linear_bodyfat_kg
1463.716073454713,0.006548131418356768,bodyfat_kg,URINE,0.8,MLP Regressor,GridSearchCV,11.163311019674866,9.090974034645603,56.24150168228116,-0.10844062263078924,5036aab1b4aa499bab7dbc396f7a5da2,experiment_linear_bodyfat_kg
1479.14391085608,0.006469494916930793,bodyfat_kg,URINE,0.8,MLP Regressor,GridSearchCV,11.163311019674866,9.090974034645603,56.24150168228116,-0.10844062263078924,5036aab1b4aa499bab7dbc396f7a5da2,experiment_linear_bodyfat_kg
1457.930634429201,0.0062997342170226685,bodyfat_kg,URINE,0.8,MLP Regressor,GridSearchCV,11.163311019674866,9.090974034645603,56.24150168228116,-0.10844062263078924,5036aab1b4aa499bab7dbc396f7a5da2,experiment_linear_bodyfat_kg
1465.644553129884,0.006297824520338251,bodyfat_kg,URINE,0.8,MLP Regressor,GridSearchCV,11.163311019674866,9.090974034645603,56.24150168228116,-0.10844062263078924,5036aab1b4aa499bab7dbc396f7a5da2,experiment_linear_bodyfat_kg
1448.288236053346,0.006135531564049466,bodyfat_kg,URINE,0.8,MLP Regressor,GridSearchCV,11.163311019674866,9.090974034645603,56.24150168228116,-0.10844062263078924,5036aab1b4aa499bab7dbc396f7a5da2,experiment_linear_bodyfat_kg
1481.072390531251,0.006134376283689449,bodyfat_kg,URINE,0.8,MLP Regressor,GridSearchCV,11.163311019674866,9.090974034645603,56.24150168228116,-0.10844062263078924,5036aab1b4aa499bab7dbc396f7a5da2,experiment_linear_bodyfat_kg
1475.286951505739,0.006078910417106201,bodyfat_kg,URINE,0.8,MLP Regressor,GridSearchCV,11.163311019674866,9.090974034645603,56.24150168228116,-0.10844062263078924,5036aab1b4aa499bab7dbc396f7a5da2,experiment_linear_bodyfat_kg
1488.786309231935,0.005981182982876616,bodyfat_kg,URINE,0.8,MLP Regressor,GridSearchCV,11.163311019674866,9.090974034645603,56.24150168228116,-0.10844062263078924,5036aab1b4aa499bab7dbc396f7a5da2,experiment_linear_bodyfat_kg
1492.643268582277,0.005901818130657545,bodyfat_kg,URINE,0.8,MLP Regressor,GridSearchCV,11.163311019674866,9.090974034645603,56.24150168228116,-0.10844062263078924,5036aab1b4aa499bab7dbc396f7a5da2,experiment_linear_bodyfat_kg
1454.073675078859,0.005894349660904107,bodyfat_kg,URINE,0.8,MLP Regressor,GridSearchCV,11.163311019674866,9.090974034645603,56.24150168228116,-0.10844062263078924,5036aab1b4aa499bab7dbc396f7a5da2,experiment_linear_bodyfat_kg
1456.00215475403,0.005835259528385613,bodyfat_kg,URINE,0.8,MLP Regressor,GridSearchCV,11.163311019674866,9.090974034645603,56.24150168228116,-0.10844062263078924,5036aab1b4aa499bab7dbc396f7a5da2,experiment_linear_bodyfat_kg
1450.216715728517,0.005811008023221334,bodyfat_kg,URINE,0.8,MLP Regressor,GridSearchCV,11.163311019674866,9.090974034645603,56.24150168228116,-0.10844062263078924,5036aab1b4aa499bab7dbc396f7a5da2,experiment_linear_bodyfat_kg
1486.857829556764,0.005797725987373804,bodyfat_kg,URINE,0.8,MLP Regressor,GridSearchCV,11.163311019674866,9.090974034645603,56.24150168228116,-0.10844062263078924,5036aab1b4aa499bab7dbc396f7a5da2,experiment_linear_bodyfat_kg
1602.566610067018,0.014962754581349807,bodyfat_kg,CAPILAR,0.8,Random Forest Regressor,GridSearchCV,8.64710897641518,6.8850999999999996,45.7993508379048,0.11428766996618656,5036aab1b4aa499bab7dbc396f7a5da2,experiment_linear_bodyfat_kg
1641.136203570436,0.013195230864518464,bodyfat_kg,CAPILAR,0.8,Random Forest Regressor,GridSearchCV,8.64710897641518,6.8850999999999996,45.7993508379048,0.11428766996618656,5036aab1b4aa499bab7dbc396f7a5da2,experiment_linear_bodyfat_kg
1639.207723895265,0.011908668101414624,bodyfat_kg,CAPILAR,0.8,Random Forest Regressor,GridSearchCV,8.64710897641518,6.8850999999999996,45.7993508379048,0.11428766996618656,5036aab1b4aa499bab7dbc396f7a5da2,experiment_linear_bodyfat_kg
1643.064683245607,0.010031395105932144,bodyfat_kg,CAPILAR,0.8,Random Forest Regressor,GridSearchCV,8.64710897641518,6.8850999999999996,45.7993508379048,0.11428766996618656,5036aab1b4aa499bab7dbc396f7a5da2,experiment_linear_bodyfat_kg
1604.495089742189,0.009544838735424582,bodyfat_kg,CAPILAR,0.8,Random Forest Regressor,GridSearchCV,8.64710897641518,6.8850999999999996,45.7993508379048,0.11428766996618656,5036aab1b4aa499bab7dbc396f7a5da2,experiment_linear_bodyfat_kg
1637.279244220094,0.009473900762032708,bodyfat_kg,CAPILAR,0.8,Random Forest Regressor,GridSearchCV,8.64710897641518,6.8850999999999996,45.7993508379048,0.11428766996618656,5036aab1b4aa499bab7dbc396f7a5da2,experiment_linear_bodyfat_kg
1600.638130391847,0.008870361126484604,bodyfat_kg,CAPILAR,0.8,Random Forest Regressor,GridSearchCV,8.64710897641518,6.8850999999999996,45.7993508379048,0.11428766996618656,5036aab1b4aa499bab7dbc396f7a5da2,experiment_linear_bodyfat_kg
1635.350764544923,0.007903218357793272,bodyfat_kg,CAPILAR,0.8,Random Forest Regressor,GridSearchCV,8.64710897641518,6.8850999999999996,45.7993508379048,0.11428766996618656,5036aab1b4aa499bab7dbc396f7a5da2,experiment_linear_bodyfat_kg
1633.422284869752,0.00709501184019225,bodyfat_kg,CAPILAR,0.8,Random Forest Regressor,GridSearchCV,8.64710897641518,6.8850999999999996,45.7993508379048,0.11428766996618656,5036aab1b4aa499bab7dbc396f7a5da2,experiment_linear_bodyfat_kg
1606.42356941736,0.006678472002954956,bodyfat_kg,CAPILAR,0.8,Random Forest Regressor,GridSearchCV,8.64710897641518,6.8850999999999996,45.7993508379048,0.11428766996618656,5036aab1b4aa499bab7dbc396f7a5da2,experiment_linear_bodyfat_kg
1631.493805194581,0.006257800912829688,bodyfat_kg,CAPILAR,0.8,Random Forest Regressor,GridSearchCV,8.64710897641518,6.8850999999999996,45.7993508379048,0.11428766996618656,5036aab1b4aa499bab7dbc396f7a5da2,experiment_linear_bodyfat_kg
1608.35204909253,0.00530855640038834,bodyfat_kg,CAPILAR,0.8,Random Forest Regressor,GridSearchCV,8.64710897641518,6.8850999999999996,45.7993508379048,0.11428766996618656,5036aab1b4aa499bab7dbc396f7a5da2,experiment_linear_bodyfat_kg
1629.56532551941,0.005257670458648528,bodyfat_kg,CAPILAR,0.8,Random Forest Regressor,GridSearchCV,8.64710897641518,6.8850999999999996,45.7993508379048,0.11428766996618656,5036aab1b4aa499bab7dbc396f7a5da2,experiment_linear_bodyfat_kg
1355.721211645143,0.005207427245938311,bodyfat_kg,CAPILAR,0.8,Random Forest Regressor,GridSearchCV,8.64710897641518,6.8850999999999996,45.7993508379048,0.11428766996618656,5036aab1b4aa499bab7dbc396f7a5da2,experiment_linear_bodyfat_kg
1357.649691320314,0.005192503389083614,bodyfat_kg,CAPILAR,0.8,Random Forest Regressor,GridSearchCV,8.64710897641518,6.8850999999999996,45.7993508379048,0.11428766996618656,5036aab1b4aa499bab7dbc396f7a5da2,experiment_linear_bodyfat_kg
1610.280528767702,0.00486491077969161,bodyfat_kg,CAPILAR,0.8,Random Forest Regressor,GridSearchCV,8.64710897641518,6.8850999999999996,45.7993508379048,0.11428766996618656,5036aab1b4aa499bab7dbc396f7a5da2,experiment_linear_bodyfat_kg
1353.792731969972,0.004838103307697648,bodyfat_kg,CAPILAR,0.8,Random Forest Regressor,GridSearchCV,8.64710897641518,6.8850999999999996,45.7993508379048,0.11428766996618656,5036aab1b4aa499bab7dbc396f7a5da2,experiment_linear_bodyfat_kg
1064.520780694337,0.004814161195789061,bodyfat_kg,CAPILAR,0.8,Random Forest Regressor,GridSearchCV,8.64710897641518,6.8850999999999996,45.7993508379048,0.11428766996618656,5036aab1b4aa499bab7dbc396f7a5da2,experiment_linear_bodyfat_kg
1359.578170995484,0.004799592411164934,bodyfat_kg,CAPILAR,0.8,Random Forest Regressor,GridSearchCV,8.64710897641518,6.8850999999999996,45.7993508379048,0.11428766996618656,5036aab1b4aa499bab7dbc396f7a5da2,experiment_linear_bodyfat_kg
1612.209008442873,0.00477541863205426,bodyfat_kg,CAPILAR,0.8,Random Forest Regressor,GridSearchCV,8.64710897641518,6.8850999999999996,45.7993508379048,0.11428766996618656,5036aab1b4aa499bab7dbc396f7a5da2,experiment_linear_bodyfat_kg
985.4531140123299,0.011463379895415316,bodyfat_kg,CAPILAR,0.8,Random Forest Regressor,GridSearchCV,9.752931806285565,7.605766378160209,51.607597844589094,-0.12673348507494775,5036aab1b4aa499bab7dbc396f7a5da2,experiment_linear_bodyfat_kg
2508.952057397341,0.009337366914126918,bodyfat_kg,CAPILAR,0.8,Random Forest Regressor,GridSearchCV,9.752931806285565,7.605766378160209,51.607597844589094,-0.12673348507494775,5036aab1b4aa499bab7dbc396f7a5da2,experiment_linear_bodyfat_kg
1704.776032851076,0.00868523709051155,bodyfat_kg,CAPILAR,0.8,Random Forest Regressor,GridSearchCV,9.752931806285565,7.605766378160209,51.607597844589094,-0.12673348507494775,5036aab1b4aa499bab7dbc396f7a5da2,experiment_linear_bodyfat_kg
997.0239920633553,0.007243423424615341,bodyfat_kg,CAPILAR,0.8,Random Forest Regressor,GridSearchCV,9.752931806285565,7.605766378160209,51.607597844589094,-0.12673348507494775,5036aab1b4aa499bab7dbc396f7a5da2,experiment_linear_bodyfat_kg
1471.429992155397,0.006125135297914276,bodyfat_kg,CAPILAR,0.8,Random Forest Regressor,GridSearchCV,9.752931806285565,7.605766378160209,51.607597844589094,-0.12673348507494775,5036aab1b4aa499bab7dbc396f7a5da2,experiment_linear_bodyfat_kg
1004.737910764039,0.0060707815287068985,bodyfat_kg,CAPILAR,0.8,Random Forest Regressor,GridSearchCV,9.752931806285565,7.605766378160209,51.607597844589094,-0.12673348507494775,5036aab1b4aa499bab7dbc396f7a5da2,experiment_linear_bodyfat_kg
979.6676749868175,0.005880152580053293,bodyfat_kg,CAPILAR,0.8,Random Forest Regressor,GridSearchCV,9.752931806285565,7.605766378160209,51.607597844589094,-0.12673348507494775,5036aab1b4aa499bab7dbc396f7a5da2,experiment_linear_bodyfat_kg
1718.275390577272,0.005628100422795861,bodyfat_kg,CAPILAR,0.8,Random Forest Regressor,GridSearchCV,9.752931806285565,7.605766378160209,51.607597844589094,-0.12673348507494775,5036aab1b4aa499bab7dbc396f7a5da2,experiment_linear_bodyfat_kg
1353.792731969972,0.005622858944596945,bodyfat_kg,CAPILAR,0.8,Random Forest Regressor,GridSearchCV,9.752931806285565,7.605766378160209,51.607597844589094,-0.12673348507494775,5036aab1b4aa499bab7dbc396f7a5da2,experiment_linear_bodyfat_kg
1488.786309231935,0.005572465709070451,bodyfat_kg,CAPILAR,0.8,Random Forest Regressor,GridSearchCV,9.752931806285565,7.605766378160209,51.607597844589094,-0.12673348507494775,5036aab1b4aa499bab7dbc396f7a5da2,experiment_linear_bodyfat_kg
975.8107156364754,0.005542485254893587,bodyfat_kg,CAPILAR,0.8,Random Forest Regressor,GridSearchCV,9.752931806285565,7.605766378160209,51.607597844589094,-0.12673348507494775,5036aab1b4aa499bab7dbc396f7a5da2,experiment_linear_bodyfat_kg
2979.501098139041,0.005513375893912151,bodyfat_kg,CAPILAR,0.8,Random Forest Regressor,GridSearchCV,9.752931806285565,7.605766378160209,51.607597844589094,-0.12673348507494775,5036aab1b4aa499bab7dbc396f7a5da2,experiment_linear_bodyfat_kg
960.3828782351084,0.0054224783890839704,bodyfat_kg,CAPILAR,0.8,Random Forest Regressor,GridSearchCV,9.752931806285565,7.605766378160209,51.607597844589094,-0.12673348507494775,5036aab1b4aa499bab7dbc396f7a5da2,experiment_linear_bodyfat_kg
1249.654829510743,0.005394935097386669,bodyfat_kg,CAPILAR,0.8,Random Forest Regressor,GridSearchCV,9.752931806285565,7.605766378160209,51.607597844589094,-0.12673348507494775,5036aab1b4aa499bab7dbc396f7a5da2,experiment_linear_bodyfat_kg
1261.225707561769,0.005328248239273336,bodyfat_kg,CAPILAR,0.8,Random Forest Regressor,GridSearchCV,9.752931806285565,7.605766378160209,51.607597844589094,-0.12673348507494775,5036aab1b4aa499bab7dbc396f7a5da2,experiment_linear_bodyfat_kg
1253.511788861085,0.005327933774117832,bodyfat_kg,CAPILAR,0.8,Random Forest Regressor,GridSearchCV,9.752931806285565,7.605766378160209,51.607597844589094,-0.12673348507494775,5036aab1b4aa499bab7dbc396f7a5da2,experiment_linear_bodyfat_kg
1006.66639043921,0.005318696764632936,bodyfat_kg,CAPILAR,0.8,Random Forest Regressor,GridSearchCV,9.752931806285565,7.605766378160209,51.607597844589094,-0.12673348507494775,5036aab1b4aa499bab7dbc396f7a5da2,experiment_linear_bodyfat_kg
1018.237268490235,0.005041034301122031,bodyfat_kg,CAPILAR,0.8,Random Forest Regressor,GridSearchCV,9.752931806285565,7.605766378160209,51.607597844589094,-0.12673348507494775,5036aab1b4aa499bab7dbc396f7a5da2,experiment_linear_bodyfat_kg
1205.299796981813,0.005026265273834276,bodyfat_kg,CAPILAR,0.8,Random Forest Regressor,GridSearchCV,9.752931806285565,7.605766378160209,51.607597844589094,-0.12673348507494775,5036aab1b4aa499bab7dbc396f7a5da2,experiment_linear_bodyfat_kg
1596.781171041505,0.005022828573140438,bodyfat_kg,CAPILAR,0.8,Random Forest Regressor,GridSearchCV,9.752931806285565,7.605766378160209,51.607597844589094,-0.12673348507494775,5036aab1b4aa499bab7dbc396f7a5da2,experiment_linear_bodyfat_kg
1602.566610067018,0.014962754581349848,bodyfat_kg,CAPILAR,0.8,Random Forest Regressor,GridSearchCV,8.64710897641518,6.8850999999999996,45.7993508379048,0.11428766996618656,5036aab1b4aa499bab7dbc396f7a5da2,experiment_linear_bodyfat_kg
1641.136203570436,0.013195230864518463,bodyfat_kg,CAPILAR,0.8,Random Forest Regressor,GridSearchCV,8.64710897641518,6.8850999999999996,45.7993508379048,0.11428766996618656,5036aab1b4aa499bab7dbc396f7a5da2,experiment_linear_bodyfat_kg
1639.207723895265,0.01190866810141463,bodyfat_kg,CAPILAR,0.8,Random Forest Regressor,GridSearchCV,8.64710897641518,6.8850999999999996,45.7993508379048,0.11428766996618656,5036aab1b4aa499bab7dbc396f7a5da2,experiment_linear_bodyfat_kg
1643.064683245607,0.010031395105932145,bodyfat_kg,CAPILAR,0.8,Random Forest Regressor,GridSearchCV,8.64710897641518,6.8850999999999996,45.7993508379048,0.11428766996618656,5036aab1b4aa499bab7dbc396f7a5da2,experiment_linear_bodyfat_kg
1604.495089742189,0.009544838735424607,bodyfat_kg,CAPILAR,0.8,Random Forest Regressor,GridSearchCV,8.64710897641518,6.8850999999999996,45.7993508379048,0.11428766996618656,5036aab1b4aa499bab7dbc396f7a5da2,experiment_linear_bodyfat_kg
1637.279244220094,0.009473900762032708,bodyfat_kg,CAPILAR,0.8,Random Forest Regressor,GridSearchCV,8.64710897641518,6.8850999999999996,45.7993508379048,0.11428766996618656,5036aab1b4aa499bab7dbc396f7a5da2,experiment_linear_bodyfat_kg
1600.638130391847,0.008870361126484637,bodyfat_kg,CAPILAR,0.8,Random Forest Regressor,GridSearchCV,8.64710897641518,6.8850999999999996,45.7993508379048,0.11428766996618656,5036aab1b4aa499bab7dbc396f7a5da2,experiment_linear_bodyfat_kg
1635.350764544923,0.007903218357793283,bodyfat_kg,CAPILAR,0.8,Random Forest Regressor,GridSearchCV,8.64710897641518,6.8850999999999996,45.7993508379048,0.11428766996618656,5036aab1b4aa499bab7dbc396f7a5da2,experiment_linear_bodyfat_kg
1633.422284869752,0.00709501184019225,bodyfat_kg,CAPILAR,0.8,Random Forest Regressor,GridSearchCV,8.64710897641518,6.8850999999999996,45.7993508379048,0.11428766996618656,5036aab1b4aa499bab7dbc396f7a5da2,experiment_linear_bodyfat_kg
1606.42356941736,0.006678472002954975,bodyfat_kg,CAPILAR,0.8,Random Forest Regressor,GridSearchCV,8.64710897641518,6.8850999999999996,45.7993508379048,0.11428766996618656,5036aab1b4aa499bab7dbc396f7a5da2,experiment_linear_bodyfat_kg
1631.493805194581,0.006257800912829686,bodyfat_kg,CAPILAR,0.8,Random Forest Regressor,GridSearchCV,8.64710897641518,6.8850999999999996,45.7993508379048,0.11428766996618656,5036aab1b4aa499bab7dbc396f7a5da2,experiment_linear_bodyfat_kg
1608.35204909253,0.005308556400388348,bodyfat_kg,CAPILAR,0.8,Random Forest Regressor,GridSearchCV,8.64710897641518,6.8850999999999996,45.7993508379048,0.11428766996618656,5036aab1b4aa499bab7dbc396f7a5da2,experiment_linear_bodyfat_kg
1629.56532551941,0.005257670458648536,bodyfat_kg,CAPILAR,0.8,Random Forest Regressor,GridSearchCV,8.64710897641518,6.8850999999999996,45.7993508379048,0.11428766996618656,5036aab1b4aa499bab7dbc396f7a5da2,experiment_linear_bodyfat_kg
1355.721211645143,0.005207427245938311,bodyfat_kg,CAPILAR,0.8,Random Forest Regressor,GridSearchCV,8.64710897641518,6.8850999999999996,45.7993508379048,0.11428766996618656,5036aab1b4aa499bab7dbc396f7a5da2,experiment_linear_bodyfat_kg
1357.649691320314,0.005192503389083621,bodyfat_kg,CAPILAR,0.8,Random Forest Regressor,GridSearchCV,8.64710897641518,6.8850999999999996,45.7993508379048,0.11428766996618656,5036aab1b4aa499bab7dbc396f7a5da2,experiment_linear_bodyfat_kg
1610.280528767702,0.004864910779691619,bodyfat_kg,CAPILAR,0.8,Random Forest Regressor,GridSearchCV,8.64710897641518,6.8850999999999996,45.7993508379048,0.11428766996618656,5036aab1b4aa499bab7dbc396f7a5da2,experiment_linear_bodyfat_kg
1353.792731969972,0.004838103307697647,bodyfat_kg,CAPILAR,0.8,Random Forest Regressor,GridSearchCV,8.64710897641518,6.8850999999999996,45.7993508379048,0.11428766996618656,5036aab1b4aa499bab7dbc396f7a5da2,experiment_linear_bodyfat_kg
1064.520780694337,0.00481416119578906,bodyfat_kg,CAPILAR,0.8,Random Forest Regressor,GridSearchCV,8.64710897641518,6.8850999999999996,45.7993508379048,0.11428766996618656,5036aab1b4aa499bab7dbc396f7a5da2,experiment_linear_bodyfat_kg
1359.578170995484,0.004799592411164939,bodyfat_kg,CAPILAR,0.8,Random Forest Regressor,GridSearchCV,8.64710897641518,6.8850999999999996,45.7993508379048,0.11428766996618656,5036aab1b4aa499bab7dbc396f7a5da2,experiment_linear_bodyfat_kg
1612.209008442873,0.0047754186320542675,bodyfat_kg,CAPILAR,0.8,Random Forest Regressor,GridSearchCV,8.64710897641518,6.8850999999999996,45.7993508379048,0.11428766996618656,5036aab1b4aa499bab7dbc396f7a5da2,experiment_linear_bodyfat_kg
985.4531140123299,0.011463379895415316,bodyfat_kg,CAPILAR,0.8,Random Forest Regressor,GridSearchCV,9.752931806285565,7.605766378160209,51.607597844589094,-0.12673348507494775,5036aab1b4aa499bab7dbc396f7a5da2,experiment_linear_bodyfat_kg
2508.952057397341,0.009337366914126918,bodyfat_kg,CAPILAR,0.8,Random Forest Regressor,GridSearchCV,9.752931806285565,7.605766378160209,51.607597844589094,-0.12673348507494775,5036aab1b4aa499bab7dbc396f7a5da2,experiment_linear_bodyfat_kg
1704.776032851076,0.00868523709051155,bodyfat_kg,CAPILAR,0.8,Random Forest Regressor,GridSearchCV,9.752931806285565,7.605766378160209,51.607597844589094,-0.12673348507494775,5036aab1b4aa499bab7dbc396f7a5da2,experiment_linear_bodyfat_kg
997.0239920633553,0.007243423424615341,bodyfat_kg,CAPILAR,0.8,Random Forest Regressor,GridSearchCV,9.752931806285565,7.605766378160209,51.607597844589094,-0.12673348507494775,5036aab1b4aa499bab7dbc396f7a5da2,experiment_linear_bodyfat_kg
1471.429992155397,0.006125135297914276,bodyfat_kg,CAPILAR,0.8,Random Forest Regressor,GridSearchCV,9.752931806285565,7.605766378160209,51.607597844589094,-0.12673348507494775,5036aab1b4aa499bab7dbc396f7a5da2,experiment_linear_bodyfat_kg
1004.737910764039,0.0060707815287068985,bodyfat_kg,CAPILAR,0.8,Random Forest Regressor,GridSearchCV,9.752931806285565,7.605766378160209,51.607597844589094,-0.12673348507494775,5036aab1b4aa499bab7dbc396f7a5da2,experiment_linear_bodyfat_kg
979.6676749868175,0.005880152580053293,bodyfat_kg,CAPILAR,0.8,Random Forest Regressor,GridSearchCV,9.752931806285565,7.605766378160209,51.607597844589094,-0.12673348507494775,5036aab1b4aa499bab7dbc396f7a5da2,experiment_linear_bodyfat_kg
1718.275390577272,0.005628100422795861,bodyfat_kg,CAPILAR,0.8,Random Forest Regressor,GridSearchCV,9.752931806285565,7.605766378160209,51.607597844589094,-0.12673348507494775,5036aab1b4aa499bab7dbc396f7a5da2,experiment_linear_bodyfat_kg
1353.792731969972,0.005622858944596945,bodyfat_kg,CAPILAR,0.8,Random Forest Regressor,GridSearchCV,9.752931806285565,7.605766378160209,51.607597844589094,-0.12673348507494775,5036aab1b4aa499bab7dbc396f7a5da2,experiment_linear_bodyfat_kg
1488.786309231935,0.005572465709070451,bodyfat_kg,CAPILAR,0.8,Random Forest Regressor,GridSearchCV,9.752931806285565,7.605766378160209,51.607597844589094,-0.12673348507494775,5036aab1b4aa499bab7dbc396f7a5da2,experiment_linear_bodyfat_kg
975.8107156364754,0.005542485254893587,bodyfat_kg,CAPILAR,0.8,Random Forest Regressor,GridSearchCV,9.752931806285565,7.605766378160209,51.607597844589094,-0.12673348507494775,5036aab1b4aa499bab7dbc396f7a5da2,experiment_linear_bodyfat_kg
2979.501098139041,0.005513375893912151,bodyfat_kg,CAPILAR,0.8,Random Forest Regressor,GridSearchCV,9.752931806285565,7.605766378160209,51.607597844589094,-0.12673348507494775,5036aab1b4aa499bab7dbc396f7a5da2,experiment_linear_bodyfat_kg
960.3828782351084,0.0054224783890839704,bodyfat_kg,CAPILAR,0.8,Random Forest Regressor,GridSearchCV,9.752931806285565,7.605766378160209,51.607597844589094,-0.12673348507494775,5036aab1b4aa499bab7dbc396f7a5da2,experiment_linear_bodyfat_kg
1249.654829510743,0.005394935097386669,bodyfat_kg,CAPILAR,0.8,Random Forest Regressor,GridSearchCV,9.752931806285565,7.605766378160209,51.607597844589094,-0.12673348507494775,5036aab1b4aa499bab7dbc396f7a5da2,experiment_linear_bodyfat_kg
1261.225707561769,0.005328248239273336,bodyfat_kg,CAPILAR,0.8,Random Forest Regressor,GridSearchCV,9.752931806285565,7.605766378160209,51.607597844589094,-0.12673348507494775,5036aab1b4aa499bab7dbc396f7a5da2,experiment_linear_bodyfat_kg
1253.511788861085,0.005327933774117832,bodyfat_kg,CAPILAR,0.8,Random Forest Regressor,GridSearchCV,9.752931806285565,7.605766378160209,51.607597844589094,-0.12673348507494775,5036aab1b4aa499bab7dbc396f7a5da2,experiment_linear_bodyfat_kg
1006.66639043921,0.005318696764632936,bodyfat_kg,CAPILAR,0.8,Random Forest Regressor,GridSearchCV,9.752931806285565,7.605766378160209,51.607597844589094,-0.12673348507494775,5036aab1b4aa499bab7dbc396f7a5da2,experiment_linear_bodyfat_kg
1018.237268490235,0.005041034301122031,bodyfat_kg,CAPILAR,0.8,Random Forest Regressor,GridSearchCV,9.752931806285565,7.605766378160209,51.607597844589094,-0.12673348507494775,5036aab1b4aa499bab7dbc396f7a5da2,experiment_linear_bodyfat_kg
1205.299796981813,0.005026265273834276,bodyfat_kg,CAPILAR,0.8,Random Forest Regressor,GridSearchCV,9.752931806285565,7.605766378160209,51.607597844589094,-0.12673348507494775,5036aab1b4aa499bab7dbc396f7a5da2,experiment_linear_bodyfat_kg
1596.781171041505,0.005022828573140438,bodyfat_kg,CAPILAR,0.8,Random Forest Regressor,GridSearchCV,9.752931806285565,7.605766378160209,51.607597844589094,-0.12673348507494775,5036aab1b4aa499bab7dbc396f7a5da2,experiment_linear_bodyfat_kg
2705.656984264772,0.003979307439948507,bodyfat_kg,PLASMA,0.8,Random Forest Regressor,GridSearchCV,10.054205940027591,6.78530864839346,35.62268202011569,0.15388216298911817,5036aab1b4aa499bab7dbc396f7a5da2,experiment_linear_bodyfat_kg
931.4556831075452,0.0038972671883230254,bodyfat_kg,PLASMA,0.8,Random Forest Regressor,GridSearchCV,10.054205940027591,6.78530864839346,35.62268202011569,0.15388216298911817,5036aab1b4aa499bab7dbc396f7a5da2,experiment_linear_bodyfat_kg
941.0980814833993,0.003831216126127517,bodyfat_kg,PLASMA,0.8,Random Forest Regressor,GridSearchCV,10.054205940027591,6.78530864839346,35.62268202011569,0.15388216298911817,5036aab1b4aa499bab7dbc396f7a5da2,experiment_linear_bodyfat_kg
939.1696018082284,0.0037827323318177027,bodyfat_kg,PLASMA,0.8,Random Forest Regressor,GridSearchCV,10.054205940027591,6.78530864839346,35.62268202011569,0.15388216298911817,5036aab1b4aa499bab7dbc396f7a5da2,experiment_linear_bodyfat_kg
943.0265611585701,0.003665969028818474,bodyfat_kg,PLASMA,0.8,Random Forest Regressor,GridSearchCV,10.054205940027591,6.78530864839346,35.62268202011569,0.15388216298911817,5036aab1b4aa499bab7dbc396f7a5da2,experiment_linear_bodyfat_kg
929.5272034323739,0.0036317825801714335,bodyfat_kg,PLASMA,0.8,Random Forest Regressor,GridSearchCV,10.054205940027591,6.78530864839346,35.62268202011569,0.15388216298911817,5036aab1b4aa499bab7dbc396f7a5da2,experiment_linear_bodyfat_kg
933.3841627827155,0.003621954655820112,bodyfat_kg,PLASMA,0.8,Random Forest Regressor,GridSearchCV,10.054205940027591,6.78530864839346,35.62268202011569,0.15388216298911817,5036aab1b4aa499bab7dbc396f7a5da2,experiment_linear_bodyfat_kg
944.9550408337414,0.0034720821833727463,bodyfat_kg,PLASMA,0.8,Random Forest Regressor,GridSearchCV,10.054205940027591,6.78530864839346,35.62268202011569,0.15388216298911817,5036aab1b4aa499bab7dbc396f7a5da2,experiment_linear_bodyfat_kg
1197.585878281129,0.00317350920871535,bodyfat_kg,PLASMA,0.8,Random Forest Regressor,GridSearchCV,10.054205940027591,6.78530864839346,35.62268202011569,0.15388216298911817,5036aab1b4aa499bab7dbc396f7a5da2,experiment_linear_bodyfat_kg
1644.993162920778,0.0031608459298765102,bodyfat_kg,PLASMA,0.8,Random Forest Regressor,GridSearchCV,10.054205940027591,6.78530864839346,35.62268202011569,0.15388216298911817,5036aab1b4aa499bab7dbc396f7a5da2,experiment_linear_bodyfat_kg
937.2411221330576,0.0031501053229448304,bodyfat_kg,PLASMA,0.8,Random Forest Regressor,GridSearchCV,10.054205940027591,6.78530864839346,35.62268202011569,0.15388216298911817,5036aab1b4aa499bab7dbc396f7a5da2,experiment_linear_bodyfat_kg
2669.015870436525,0.0030943445784460248,bodyfat_kg,PLASMA,0.8,Random Forest Regressor,GridSearchCV,10.054205940027591,6.78530864839346,35.62268202011569,0.15388216298911817,5036aab1b4aa499bab7dbc396f7a5da2,experiment_linear_bodyfat_kg
1195.657398605958,0.003083359243572803,bodyfat_kg,PLASMA,0.8,Random Forest Regressor,GridSearchCV,10.054205940027591,6.78530864839346,35.62268202011569,0.15388216298911817,5036aab1b4aa499bab7dbc396f7a5da2,experiment_linear_bodyfat_kg
2667.087390761355,0.003082868105812718,bodyfat_kg,PLASMA,0.8,Random Forest Regressor,GridSearchCV,10.054205940027591,6.78530864839346,35.62268202011569,0.15388216298911817,5036aab1b4aa499bab7dbc396f7a5da2,experiment_linear_bodyfat_kg
3041.212447744509,0.003005150203515363,bodyfat_kg,PLASMA,0.8,Random Forest Regressor,GridSearchCV,10.054205940027591,6.78530864839346,35.62268202011569,0.15388216298911817,5036aab1b4aa499bab7dbc396f7a5da2,experiment_linear_bodyfat_kg
3043.14092741968,0.002982045338785284,bodyfat_kg,PLASMA,0.8,Random Forest Regressor,GridSearchCV,10.054205940027591,6.78530864839346,35.62268202011569,0.15388216298911817,5036aab1b4aa499bab7dbc396f7a5da2,experiment_linear_bodyfat_kg
1643.064683245607,0.0029816057783433976,bodyfat_kg,PLASMA,0.8,Random Forest Regressor,GridSearchCV,10.054205940027591,6.78530864839346,35.62268202011569,0.15388216298911817,5036aab1b4aa499bab7dbc396f7a5da2,experiment_linear_bodyfat_kg
935.3126424578863,0.002980912121924617,bodyfat_kg,PLASMA,0.8,Random Forest Regressor,GridSearchCV,10.054205940027591,6.78530864839346,35.62268202011569,0.15388216298911817,5036aab1b4aa499bab7dbc396f7a5da2,experiment_linear_bodyfat_kg
956.5259188847667,0.0029780149370979675,bodyfat_kg,PLASMA,0.8,Random Forest Regressor,GridSearchCV,10.054205940027591,6.78530864839346,35.62268202011569,0.15388216298911817,5036aab1b4aa499bab7dbc396f7a5da2,experiment_linear_bodyfat_kg
958.4543985599371,0.0029559127029237004,bodyfat_kg,PLASMA,0.8,Random Forest Regressor,GridSearchCV,10.054205940027591,6.78530864839346,35.62268202011569,0.15388216298911817,5036aab1b4aa499bab7dbc396f7a5da2,experiment_linear_bodyfat_kg
2657.4449923855,0.009592239757248681,bodyfat_kg,PLASMA,0.8,Random Forest Regressor,GridSearchCV,10.345425972211663,6.792697674418604,34.51102102588843,0.10415669559716245,5036aab1b4aa499bab7dbc396f7a5da2,experiment_linear_bodyfat_kg
2659.373472060671,0.008792126908587139,bodyfat_kg,PLASMA,0.8,Random Forest Regressor,GridSearchCV,10.345425972211663,6.792697674418604,34.51102102588843,0.10415669559716245,5036aab1b4aa499bab7dbc396f7a5da2,experiment_linear_bodyfat_kg
1835.912650762697,0.007860689577505879,bodyfat_kg,PLASMA,0.8,Random Forest Regressor,GridSearchCV,10.345425972211663,6.792697674418604,34.51102102588843,0.10415669559716245,5036aab1b4aa499bab7dbc396f7a5da2,experiment_linear_bodyfat_kg
1741.417146679323,0.006742111203191625,bodyfat_kg,PLASMA,0.8,Random Forest Regressor,GridSearchCV,10.345425972211663,6.792697674418604,34.51102102588843,0.10415669559716245,5036aab1b4aa499bab7dbc396f7a5da2,experiment_linear_bodyfat_kg
2636.23171595862,0.006569410663018887,bodyfat_kg,PLASMA,0.8,Random Forest Regressor,GridSearchCV,10.345425972211663,6.792697674418604,34.51102102588843,0.10415669559716245,5036aab1b4aa499bab7dbc396f7a5da2,experiment_linear_bodyfat_kg
1270.868105937623,0.0064556921567051565,bodyfat_kg,PLASMA,0.8,Random Forest Regressor,GridSearchCV,10.345425972211663,6.792697674418604,34.51102102588843,0.10415669559716245,5036aab1b4aa499bab7dbc396f7a5da2,experiment_linear_bodyfat_kg
2670.944350111697,0.0060487144585697475,bodyfat_kg,PLASMA,0.8,Random Forest Regressor,GridSearchCV,10.345425972211663,6.792697674418604,34.51102102588843,0.10415669559716245,5036aab1b4aa499bab7dbc396f7a5da2,experiment_linear_bodyfat_kg
2634.303236283449,0.005925743625150208,bodyfat_kg,PLASMA,0.8,Random Forest Regressor,GridSearchCV,10.345425972211663,6.792697674418604,34.51102102588843,0.10415669559716245,5036aab1b4aa499bab7dbc396f7a5da2,experiment_linear_bodyfat_kg
2888.862553406008,0.00560141677986793,bodyfat_kg,PLASMA,0.8,Random Forest Regressor,GridSearchCV,10.345425972211663,6.792697674418604,34.51102102588843,0.10415669559716245,5036aab1b4aa499bab7dbc396f7a5da2,experiment_linear_bodyfat_kg
2663.230431411013,0.005579209187827156,bodyfat_kg,PLASMA,0.8,Random Forest Regressor,GridSearchCV,10.345425972211663,6.792697674418604,34.51102102588843,0.10415669559716245,5036aab1b4aa499bab7dbc396f7a5da2,experiment_linear_bodyfat_kg
2649.731073684817,0.005441712617198933,bodyfat_kg,PLASMA,0.8,Random Forest Regressor,GridSearchCV,10.345425972211663,6.792697674418604,34.51102102588843,0.10415669559716245,5036aab1b4aa499bab7dbc396f7a5da2,experiment_linear_bodyfat_kg
2655.516512710329,0.005387366077397522,bodyfat_kg,PLASMA,0.8,Random Forest Regressor,GridSearchCV,10.345425972211663,6.792697674418604,34.51102102588843,0.10415669559716245,5036aab1b4aa499bab7dbc396f7a5da2,experiment_linear_bodyfat_kg
2653.588033035158,0.0053356957564361695,bodyfat_kg,PLASMA,0.8,Random Forest Regressor,GridSearchCV,10.345425972211663,6.792697674418604,34.51102102588843,0.10415669559716245,5036aab1b4aa499bab7dbc396f7a5da2,experiment_linear_bodyfat_kg
2638.160195633791,0.005252400697335361,bodyfat_kg,PLASMA,0.8,Random Forest Regressor,GridSearchCV,10.345425972211663,6.792697674418604,34.51102102588843,0.10415669559716245,5036aab1b4aa499bab7dbc396f7a5da2,experiment_linear_bodyfat_kg
2640.088675308962,0.0051175769343789245,bodyfat_kg,PLASMA,0.8,Random Forest Regressor,GridSearchCV,10.345425972211663,6.792697674418604,34.51102102588843,0.10415669559716245,5036aab1b4aa499bab7dbc396f7a5da2,experiment_linear_bodyfat_kg
2665.158911086184,0.005062719412861051,bodyfat_kg,PLASMA,0.8,Random Forest Regressor,GridSearchCV,10.345425972211663,6.792697674418604,34.51102102588843,0.10415669559716245,5036aab1b4aa499bab7dbc396f7a5da2,experiment_linear_bodyfat_kg
2667.087390761355,0.004864076201359519,bodyfat_kg,PLASMA,0.8,Random Forest Regressor,GridSearchCV,10.345425972211663,6.792697674418604,34.51102102588843,0.10415669559716245,5036aab1b4aa499bab7dbc396f7a5da2,experiment_linear_bodyfat_kg
2620.803878557253,0.004791427506797175,bodyfat_kg,PLASMA,0.8,Random Forest Regressor,GridSearchCV,10.345425972211663,6.792697674418604,34.51102102588843,0.10415669559716245,5036aab1b4aa499bab7dbc396f7a5da2,experiment_linear_bodyfat_kg
1841.698089788209,0.004696282592613694,bodyfat_kg,PLASMA,0.8,Random Forest Regressor,GridSearchCV,10.345425972211663,6.792697674418604,34.51102102588843,0.10415669559716245,5036aab1b4aa499bab7dbc396f7a5da2,experiment_linear_bodyfat_kg
1133.946049000489,0.004561280643110002,bodyfat_kg,PLASMA,0.8,Random Forest Regressor,GridSearchCV,10.345425972211663,6.792697674418604,34.51102102588843,0.10415669559716245,5036aab1b4aa499bab7dbc396f7a5da2,experiment_linear_bodyfat_kg
2705.656984264772,0.0039793074399485096,bodyfat_kg,PLASMA,0.8,Random Forest Regressor,GridSearchCV,10.054205940027591,6.78530864839346,35.62268202011569,0.15388216298911817,5036aab1b4aa499bab7dbc396f7a5da2,experiment_linear_bodyfat_kg
931.4556831075452,0.0038972671883230293,bodyfat_kg,PLASMA,0.8,Random Forest Regressor,GridSearchCV,10.054205940027591,6.78530864839346,35.62268202011569,0.15388216298911817,5036aab1b4aa499bab7dbc396f7a5da2,experiment_linear_bodyfat_kg
941.0980814833993,0.003831216126127521,bodyfat_kg,PLASMA,0.8,Random Forest Regressor,GridSearchCV,10.054205940027591,6.78530864839346,35.62268202011569,0.15388216298911817,5036aab1b4aa499bab7dbc396f7a5da2,experiment_linear_bodyfat_kg
939.1696018082284,0.003782732331817704,bodyfat_kg,PLASMA,0.8,Random Forest Regressor,GridSearchCV,10.054205940027591,6.78530864839346,35.62268202011569,0.15388216298911817,5036aab1b4aa499bab7dbc396f7a5da2,experiment_linear_bodyfat_kg
943.0265611585701,0.0036659690288184748,bodyfat_kg,PLASMA,0.8,Random Forest Regressor,GridSearchCV,10.054205940027591,6.78530864839346,35.62268202011569,0.15388216298911817,5036aab1b4aa499bab7dbc396f7a5da2,experiment_linear_bodyfat_kg
929.5272034323739,0.003631782580171435,bodyfat_kg,PLASMA,0.8,Random Forest Regressor,GridSearchCV,10.054205940027591,6.78530864839346,35.62268202011569,0.15388216298911817,5036aab1b4aa499bab7dbc396f7a5da2,experiment_linear_bodyfat_kg
933.3841627827155,0.003621954655820113,bodyfat_kg,PLASMA,0.8,Random Forest Regressor,GridSearchCV,10.054205940027591,6.78530864839346,35.62268202011569,0.15388216298911817,5036aab1b4aa499bab7dbc396f7a5da2,experiment_linear_bodyfat_kg
944.9550408337414,0.0034720821833727506,bodyfat_kg,PLASMA,0.8,Random Forest Regressor,GridSearchCV,10.054205940027591,6.78530864839346,35.62268202011569,0.15388216298911817,5036aab1b4aa499bab7dbc396f7a5da2,experiment_linear_bodyfat_kg
1197.585878281129,0.0031735092087153533,bodyfat_kg,PLASMA,0.8,Random Forest Regressor,GridSearchCV,10.054205940027591,6.78530864839346,35.62268202011569,0.15388216298911817,5036aab1b4aa499bab7dbc396f7a5da2,experiment_linear_bodyfat_kg
1644.993162920778,0.003160845929876512,bodyfat_kg,PLASMA,0.8,Random Forest Regressor,GridSearchCV,10.054205940027591,6.78530864839346,35.62268202011569,0.15388216298911817,5036aab1b4aa499bab7dbc396f7a5da2,experiment_linear_bodyfat_kg
937.2411221330576,0.0031501053229448335,bodyfat_kg,PLASMA,0.8,Random Forest Regressor,GridSearchCV,10.054205940027591,6.78530864839346,35.62268202011569,0.15388216298911817,5036aab1b4aa499bab7dbc396f7a5da2,experiment_linear_bodyfat_kg
2669.015870436525,0.003094344578446027,bodyfat_kg,PLASMA,0.8,Random Forest Regressor,GridSearchCV,10.054205940027591,6.78530864839346,35.62268202011569,0.15388216298911817,5036aab1b4aa499bab7dbc396f7a5da2,experiment_linear_bodyfat_kg
1195.657398605958,0.0030833592435728064,bodyfat_kg,PLASMA,0.8,Random Forest Regressor,GridSearchCV,10.054205940027591,6.78530864839346,35.62268202011569,0.15388216298911817,5036aab1b4aa499bab7dbc396f7a5da2,experiment_linear_bodyfat_kg
2667.087390761355,0.0030828681058127183,bodyfat_kg,PLASMA,0.8,Random Forest Regressor,GridSearchCV,10.054205940027591,6.78530864839346,35.62268202011569,0.15388216298911817,5036aab1b4aa499bab7dbc396f7a5da2,experiment_linear_bodyfat_kg
3041.212447744509,0.0030051502035153646,bodyfat_kg,PLASMA,0.8,Random Forest Regressor,GridSearchCV,10.054205940027591,6.78530864839346,35.62268202011569,0.15388216298911817,5036aab1b4aa499bab7dbc396f7a5da2,experiment_linear_bodyfat_kg
3043.14092741968,0.002982045338785285,bodyfat_kg,PLASMA,0.8,Random Forest Regressor,GridSearchCV,10.054205940027591,6.78530864839346,35.62268202011569,0.15388216298911817,5036aab1b4aa499bab7dbc396f7a5da2,experiment_linear_bodyfat_kg
1643.064683245607,0.002981605778343399,bodyfat_kg,PLASMA,0.8,Random Forest Regressor,GridSearchCV,10.054205940027591,6.78530864839346,35.62268202011569,0.15388216298911817,5036aab1b4aa499bab7dbc396f7a5da2,experiment_linear_bodyfat_kg
935.3126424578863,0.0029809121219246193,bodyfat_kg,PLASMA,0.8,Random Forest Regressor,GridSearchCV,10.054205940027591,6.78530864839346,35.62268202011569,0.15388216298911817,5036aab1b4aa499bab7dbc396f7a5da2,experiment_linear_bodyfat_kg
956.5259188847667,0.0029780149370979697,bodyfat_kg,PLASMA,0.8,Random Forest Regressor,GridSearchCV,10.054205940027591,6.78530864839346,35.62268202011569,0.15388216298911817,5036aab1b4aa499bab7dbc396f7a5da2,experiment_linear_bodyfat_kg
958.4543985599371,0.002955912702923702,bodyfat_kg,PLASMA,0.8,Random Forest Regressor,GridSearchCV,10.054205940027591,6.78530864839346,35.62268202011569,0.15388216298911817,5036aab1b4aa499bab7dbc396f7a5da2,experiment_linear_bodyfat_kg
2657.4449923855,0.009592239757248681,bodyfat_kg,PLASMA,0.8,Random Forest Regressor,GridSearchCV,10.345425972211663,6.792697674418604,34.51102102588843,0.10415669559716245,5036aab1b4aa499bab7dbc396f7a5da2,experiment_linear_bodyfat_kg
2659.373472060671,0.008792126908587139,bodyfat_kg,PLASMA,0.8,Random Forest Regressor,GridSearchCV,10.345425972211663,6.792697674418604,34.51102102588843,0.10415669559716245,5036aab1b4aa499bab7dbc396f7a5da2,experiment_linear_bodyfat_kg
1835.912650762697,0.007860689577505879,bodyfat_kg,PLASMA,0.8,Random Forest Regressor,GridSearchCV,10.345425972211663,6.792697674418604,34.51102102588843,0.10415669559716245,5036aab1b4aa499bab7dbc396f7a5da2,experiment_linear_bodyfat_kg
1741.417146679323,0.006742111203191625,bodyfat_kg,PLASMA,0.8,Random Forest Regressor,GridSearchCV,10.345425972211663,6.792697674418604,34.51102102588843,0.10415669559716245,5036aab1b4aa499bab7dbc396f7a5da2,experiment_linear_bodyfat_kg
2636.23171595862,0.006569410663018887,bodyfat_kg,PLASMA,0.8,Random Forest Regressor,GridSearchCV,10.345425972211663,6.792697674418604,34.51102102588843,0.10415669559716245,5036aab1b4aa499bab7dbc396f7a5da2,experiment_linear_bodyfat_kg
1270.868105937623,0.0064556921567051565,bodyfat_kg,PLASMA,0.8,Random Forest Regressor,GridSearchCV,10.345425972211663,6.792697674418604,34.51102102588843,0.10415669559716245,5036aab1b4aa499bab7dbc396f7a5da2,experiment_linear_bodyfat_kg
2670.944350111697,0.0060487144585697475,bodyfat_kg,PLASMA,0.8,Random Forest Regressor,GridSearchCV,10.345425972211663,6.792697674418604,34.51102102588843,0.10415669559716245,5036aab1b4aa499bab7dbc396f7a5da2,experiment_linear_bodyfat_kg
2634.303236283449,0.005925743625150208,bodyfat_kg,PLASMA,0.8,Random Forest Regressor,GridSearchCV,10.345425972211663,6.792697674418604,34.51102102588843,0.10415669559716245,5036aab1b4aa499bab7dbc396f7a5da2,experiment_linear_bodyfat_kg
2888.862553406008,0.00560141677986793,bodyfat_kg,PLASMA,0.8,Random Forest Regressor,GridSearchCV,10.345425972211663,6.792697674418604,34.51102102588843,0.10415669559716245,5036aab1b4aa499bab7dbc396f7a5da2,experiment_linear_bodyfat_kg
2663.230431411013,0.005579209187827156,bodyfat_kg,PLASMA,0.8,Random Forest Regressor,GridSearchCV,10.345425972211663,6.792697674418604,34.51102102588843,0.10415669559716245,5036aab1b4aa499bab7dbc396f7a5da2,experiment_linear_bodyfat_kg
2649.731073684817,0.005441712617198933,bodyfat_kg,PLASMA,0.8,Random Forest Regressor,GridSearchCV,10.345425972211663,6.792697674418604,34.51102102588843,0.10415669559716245,5036aab1b4aa499bab7dbc396f7a5da2,experiment_linear_bodyfat_kg
2655.516512710329,0.005387366077397522,bodyfat_kg,PLASMA,0.8,Random Forest Regressor,GridSearchCV,10.345425972211663,6.792697674418604,34.51102102588843,0.10415669559716245,5036aab1b4aa499bab7dbc396f7a5da2,experiment_linear_bodyfat_kg
2653.588033035158,0.0053356957564361695,bodyfat_kg,PLASMA,0.8,Random Forest Regressor,GridSearchCV,10.345425972211663,6.792697674418604,34.51102102588843,0.10415669559716245,5036aab1b4aa499bab7dbc396f7a5da2,experiment_linear_bodyfat_kg
2638.160195633791,0.005252400697335361,bodyfat_kg,PLASMA,0.8,Random Forest Regressor,GridSearchCV,10.345425972211663,6.792697674418604,34.51102102588843,0.10415669559716245,5036aab1b4aa499bab7dbc396f7a5da2,experiment_linear_bodyfat_kg
2640.088675308962,0.0051175769343789245,bodyfat_kg,PLASMA,0.8,Random Forest Regressor,GridSearchCV,10.345425972211663,6.792697674418604,34.51102102588843,0.10415669559716245,5036aab1b4aa499bab7dbc396f7a5da2,experiment_linear_bodyfat_kg
2665.158911086184,0.005062719412861051,bodyfat_kg,PLASMA,0.8,Random Forest Regressor,GridSearchCV,10.345425972211663,6.792697674418604,34.51102102588843,0.10415669559716245,5036aab1b4aa499bab7dbc396f7a5da2,experiment_linear_bodyfat_kg
2667.087390761355,0.004864076201359519,bodyfat_kg,PLASMA,0.8,Random Forest Regressor,GridSearchCV,10.345425972211663,6.792697674418604,34.51102102588843,0.10415669559716245,5036aab1b4aa499bab7dbc396f7a5da2,experiment_linear_bodyfat_kg
2620.803878557253,0.004791427506797175,bodyfat_kg,PLASMA,0.8,Random Forest Regressor,GridSearchCV,10.345425972211663,6.792697674418604,34.51102102588843,0.10415669559716245,5036aab1b4aa499bab7dbc396f7a5da2,experiment_linear_bodyfat_kg
1841.698089788209,0.004696282592613694,bodyfat_kg,PLASMA,0.8,Random Forest Regressor,GridSearchCV,10.345425972211663,6.792697674418604,34.51102102588843,0.10415669559716245,5036aab1b4aa499bab7dbc396f7a5da2,experiment_linear_bodyfat_kg
1133.946049000489,0.004561280643110002,bodyfat_kg,PLASMA,0.8,Random Forest Regressor,GridSearchCV,10.345425972211663,6.792697674418604,34.51102102588843,0.10415669559716245,5036aab1b4aa499bab7dbc396f7a5da2,experiment_linear_bodyfat_kg
1727.917788953126,0.00462445585631352,bodyfat_kg,SALIVA,0.8,Random Forest Regressor,GridSearchCV,7.8139337066227865,6.539008789141346,62.796632116185755,-0.009554257001771926,5036aab1b4aa499bab7dbc396f7a5da2,experiment_linear_bodyfat_kg
1126.232130299806,0.004544361562346297,bodyfat_kg,SALIVA,0.8,Random Forest Regressor,GridSearchCV,7.8139337066227865,6.539008789141346,62.796632116185755,-0.009554257001771926,5036aab1b4aa499bab7dbc396f7a5da2,experiment_linear_bodyfat_kg
1587.138772665651,0.004527070114428363,bodyfat_kg,SALIVA,0.8,Random Forest Regressor,GridSearchCV,7.8139337066227865,6.539008789141346,62.796632116185755,-0.009554257001771926,5036aab1b4aa499bab7dbc396f7a5da2,experiment_linear_bodyfat_kg
1585.21029299048,0.004492204122974977,bodyfat_kg,SALIVA,0.8,Random Forest Regressor,GridSearchCV,7.8139337066227865,6.539008789141346,62.796632116185755,-0.009554257001771926,5036aab1b4aa499bab7dbc396f7a5da2,experiment_linear_bodyfat_kg
1128.160609974977,0.004489995749861714,bodyfat_kg,SALIVA,0.8,Random Forest Regressor,GridSearchCV,7.8139337066227865,6.539008789141346,62.796632116185755,-0.009554257001771926,5036aab1b4aa499bab7dbc396f7a5da2,experiment_linear_bodyfat_kg
1124.303650624635,0.00448767180132078,bodyfat_kg,SALIVA,0.8,Random Forest Regressor,GridSearchCV,7.8139337066227865,6.539008789141346,62.796632116185755,-0.009554257001771926,5036aab1b4aa499bab7dbc396f7a5da2,experiment_linear_bodyfat_kg
1589.067252340822,0.0044020208996620866,bodyfat_kg,SALIVA,0.8,Random Forest Regressor,GridSearchCV,7.8139337066227865,6.539008789141346,62.796632116185755,-0.009554257001771926,5036aab1b4aa499bab7dbc396f7a5da2,experiment_linear_bodyfat_kg
1583.281813315309,0.004342771236942174,bodyfat_kg,SALIVA,0.8,Random Forest Regressor,GridSearchCV,7.8139337066227865,6.539008789141346,62.796632116185755,-0.009554257001771926,5036aab1b4aa499bab7dbc396f7a5da2,experiment_linear_bodyfat_kg
1039.450544917115,0.0043410436330348365,bodyfat_kg,SALIVA,0.8,Random Forest Regressor,GridSearchCV,7.8139337066227865,6.539008789141346,62.796632116185755,-0.009554257001771926,5036aab1b4aa499bab7dbc396f7a5da2,experiment_linear_bodyfat_kg
1130.089089650148,0.004331878116710435,bodyfat_kg,SALIVA,0.8,Random Forest Regressor,GridSearchCV,7.8139337066227865,6.539008789141346,62.796632116185755,-0.009554257001771926,5036aab1b4aa499bab7dbc396f7a5da2,experiment_linear_bodyfat_kg
1041.379024592286,0.004319198779625195,bodyfat_kg,SALIVA,0.8,Random Forest Regressor,GridSearchCV,7.8139337066227865,6.539008789141346,62.796632116185755,-0.009554257001771926,5036aab1b4aa499bab7dbc396f7a5da2,experiment_linear_bodyfat_kg
1122.375170949464,0.004318130962581019,bodyfat_kg,SALIVA,0.8,Random Forest Regressor,GridSearchCV,7.8139337066227865,6.539008789141346,62.796632116185755,-0.009554257001771926,5036aab1b4aa499bab7dbc396f7a5da2,experiment_linear_bodyfat_kg
1037.522065241944,0.004311370547291511,bodyfat_kg,SALIVA,0.8,Random Forest Regressor,GridSearchCV,7.8139337066227865,6.539008789141346,62.796632116185755,-0.009554257001771926,5036aab1b4aa499bab7dbc396f7a5da2,experiment_linear_bodyfat_kg
1035.593585566773,0.0042441392890090485,bodyfat_kg,SALIVA,0.8,Random Forest Regressor,GridSearchCV,7.8139337066227865,6.539008789141346,62.796632116185755,-0.009554257001771926,5036aab1b4aa499bab7dbc396f7a5da2,experiment_linear_bodyfat_kg
1043.307504267457,0.004238149894580006,bodyfat_kg,SALIVA,0.8,Random Forest Regressor,GridSearchCV,7.8139337066227865,6.539008789141346,62.796632116185755,-0.009554257001771926,5036aab1b4aa499bab7dbc396f7a5da2,experiment_linear_bodyfat_kg
1033.665105891602,0.004149525955255239,bodyfat_kg,SALIVA,0.8,Random Forest Regressor,GridSearchCV,7.8139337066227865,6.539008789141346,62.796632116185755,-0.009554257001771926,5036aab1b4aa499bab7dbc396f7a5da2,experiment_linear_bodyfat_kg
1590.995732015992,0.004112308738900813,bodyfat_kg,SALIVA,0.8,Random Forest Regressor,GridSearchCV,7.8139337066227865,6.539008789141346,62.796632116185755,-0.009554257001771926,5036aab1b4aa499bab7dbc396f7a5da2,experiment_linear_bodyfat_kg
1045.235983942628,0.004107749125896258,bodyfat_kg,SALIVA,0.8,Random Forest Regressor,GridSearchCV,7.8139337066227865,6.539008789141346,62.796632116185755,-0.009554257001771926,5036aab1b4aa499bab7dbc396f7a5da2,experiment_linear_bodyfat_kg
1581.353333640138,0.004092694556472096,bodyfat_kg,SALIVA,0.8,Random Forest Regressor,GridSearchCV,7.8139337066227865,6.539008789141346,62.796632116185755,-0.009554257001771926,5036aab1b4aa499bab7dbc396f7a5da2,experiment_linear_bodyfat_kg
1729.846268628297,0.004092472413072826,bodyfat_kg,SALIVA,0.8,Random Forest Regressor,GridSearchCV,7.8139337066227865,6.539008789141346,62.796632116185755,-0.009554257001771926,5036aab1b4aa499bab7dbc396f7a5da2,experiment_linear_bodyfat_kg
2719.156341990969,0.006833199356617308,bodyfat_kg,SALIVA,0.8,Random Forest Regressor,GridSearchCV,8.257779669998962,6.991411747603103,66.89385367563423,-0.1275006523970652,5036aab1b4aa499bab7dbc396f7a5da2,experiment_linear_bodyfat_kg
2717.227862315798,0.006010793083774481,bodyfat_kg,SALIVA,0.8,Random Forest Regressor,GridSearchCV,8.257779669998962,6.991411747603103,66.89385367563423,-0.1275006523970652,5036aab1b4aa499bab7dbc396f7a5da2,experiment_linear_bodyfat_kg
2728.798740366823,0.005744520547137656,bodyfat_kg,SALIVA,0.8,Random Forest Regressor,GridSearchCV,8.257779669998962,6.991411747603103,66.89385367563423,-0.1275006523970652,5036aab1b4aa499bab7dbc396f7a5da2,experiment_linear_bodyfat_kg
1724.060829602785,0.005734738732183987,bodyfat_kg,SALIVA,0.8,Random Forest Regressor,GridSearchCV,8.257779669998962,6.991411747603103,66.89385367563423,-0.1275006523970652,5036aab1b4aa499bab7dbc396f7a5da2,experiment_linear_bodyfat_kg
2711.442423290285,0.005671145577990216,bodyfat_kg,SALIVA,0.8,Random Forest Regressor,GridSearchCV,8.257779669998962,6.991411747603103,66.89385367563423,-0.1275006523970652,5036aab1b4aa499bab7dbc396f7a5da2,experiment_linear_bodyfat_kg
2715.299382640627,0.004822707037894243,bodyfat_kg,SALIVA,0.8,Random Forest Regressor,GridSearchCV,8.257779669998962,6.991411747603103,66.89385367563423,-0.1275006523970652,5036aab1b4aa499bab7dbc396f7a5da2,experiment_linear_bodyfat_kg
1261.225707561769,0.004718056987472395,bodyfat_kg,SALIVA,0.8,Random Forest Regressor,GridSearchCV,8.257779669998962,6.991411747603103,66.89385367563423,-0.1275006523970652,5036aab1b4aa499bab7dbc396f7a5da2,experiment_linear_bodyfat_kg
3006.499813591433,0.004606007462409022,bodyfat_kg,SALIVA,0.8,Random Forest Regressor,GridSearchCV,8.257779669998962,6.991411747603103,66.89385367563423,-0.1275006523970652,5036aab1b4aa499bab7dbc396f7a5da2,experiment_linear_bodyfat_kg
1263.15418723694,0.004597738622631198,bodyfat_kg,SALIVA,0.8,Random Forest Regressor,GridSearchCV,8.257779669998962,6.991411747603103,66.89385367563423,-0.1275006523970652,5036aab1b4aa499bab7dbc396f7a5da2,experiment_linear_bodyfat_kg
1267.011146587281,0.004570751359048426,bodyfat_kg,SALIVA,0.8,Random Forest Regressor,GridSearchCV,8.257779669998962,6.991411747603103,66.89385367563423,-0.1275006523970652,5036aab1b4aa499bab7dbc396f7a5da2,experiment_linear_bodyfat_kg
1727.917788953126,0.004464325954965348,bodyfat_kg,SALIVA,0.8,Random Forest Regressor,GridSearchCV,8.257779669998962,6.991411747603103,66.89385367563423,-0.1275006523970652,5036aab1b4aa499bab7dbc396f7a5da2,experiment_linear_bodyfat_kg
2636.23171595862,0.004460508206382,bodyfat_kg,SALIVA,0.8,Random Forest Regressor,GridSearchCV,8.257779669998962,6.991411747603103,66.89385367563423,-0.1275006523970652,5036aab1b4aa499bab7dbc396f7a5da2,experiment_linear_bodyfat_kg
929.5272034323739,0.004450003661738222,bodyfat_kg,SALIVA,0.8,Random Forest Regressor,GridSearchCV,8.257779669998962,6.991411747603103,66.89385367563423,-0.1275006523970652,5036aab1b4aa499bab7dbc396f7a5da2,experiment_linear_bodyfat_kg
2721.08482166614,0.004411221331211342,bodyfat_kg,SALIVA,0.8,Random Forest Regressor,GridSearchCV,8.257779669998962,6.991411747603103,66.89385367563423,-0.1275006523970652,5036aab1b4aa499bab7dbc396f7a5da2,experiment_linear_bodyfat_kg
1683.562756424196,0.004331492859581997,bodyfat_kg,SALIVA,0.8,Random Forest Regressor,GridSearchCV,8.257779669998962,6.991411747603103,66.89385367563423,-0.1275006523970652,5036aab1b4aa499bab7dbc396f7a5da2,experiment_linear_bodyfat_kg
2659.373472060671,0.004326076800467087,bodyfat_kg,SALIVA,0.8,Random Forest Regressor,GridSearchCV,8.257779669998962,6.991411747603103,66.89385367563423,-0.1275006523970652,5036aab1b4aa499bab7dbc396f7a5da2,experiment_linear_bodyfat_kg
2634.303236283449,0.004271625292273776,bodyfat_kg,SALIVA,0.8,Random Forest Regressor,GridSearchCV,8.257779669998962,6.991411747603103,66.89385367563423,-0.1275006523970652,5036aab1b4aa499bab7dbc396f7a5da2,experiment_linear_bodyfat_kg
2726.870260691652,0.004163635092558152,bodyfat_kg,SALIVA,0.8,Random Forest Regressor,GridSearchCV,8.257779669998962,6.991411747603103,66.89385367563423,-0.1275006523970652,5036aab1b4aa499bab7dbc396f7a5da2,experiment_linear_bodyfat_kg
1274.725065287965,0.004083667025152785,bodyfat_kg,SALIVA,0.8,Random Forest Regressor,GridSearchCV,8.257779669998962,6.991411747603103,66.89385367563423,-0.1275006523970652,5036aab1b4aa499bab7dbc396f7a5da2,experiment_linear_bodyfat_kg
1265.08266691211,0.004015364803875801,bodyfat_kg,SALIVA,0.8,Random Forest Regressor,GridSearchCV,8.257779669998962,6.991411747603103,66.89385367563423,-0.1275006523970652,5036aab1b4aa499bab7dbc396f7a5da2,experiment_linear_bodyfat_kg
1727.917788953126,0.004624455856313519,bodyfat_kg,SALIVA,0.8,Random Forest Regressor,GridSearchCV,7.8139337066227865,6.539008789141346,62.796632116185755,-0.009554257001771926,5036aab1b4aa499bab7dbc396f7a5da2,experiment_linear_bodyfat_kg
1126.232130299806,0.004544361562346298,bodyfat_kg,SALIVA,0.8,Random Forest Regressor,GridSearchCV,7.8139337066227865,6.539008789141346,62.796632116185755,-0.009554257001771926,5036aab1b4aa499bab7dbc396f7a5da2,experiment_linear_bodyfat_kg
1587.138772665651,0.004527070114428362,bodyfat_kg,SALIVA,0.8,Random Forest Regressor,GridSearchCV,7.8139337066227865,6.539008789141346,62.796632116185755,-0.009554257001771926,5036aab1b4aa499bab7dbc396f7a5da2,experiment_linear_bodyfat_kg
1585.21029299048,0.004492204122974978,bodyfat_kg,SALIVA,0.8,Random Forest Regressor,GridSearchCV,7.8139337066227865,6.539008789141346,62.796632116185755,-0.009554257001771926,5036aab1b4aa499bab7dbc396f7a5da2,experiment_linear_bodyfat_kg
1128.160609974977,0.0044899957498617145,bodyfat_kg,SALIVA,0.8,Random Forest Regressor,GridSearchCV,7.8139337066227865,6.539008789141346,62.796632116185755,-0.009554257001771926,5036aab1b4aa499bab7dbc396f7a5da2,experiment_linear_bodyfat_kg
1124.303650624635,0.004487671801320782,bodyfat_kg,SALIVA,0.8,Random Forest Regressor,GridSearchCV,7.8139337066227865,6.539008789141346,62.796632116185755,-0.009554257001771926,5036aab1b4aa499bab7dbc396f7a5da2,experiment_linear_bodyfat_kg
1589.067252340822,0.004402020899662087,bodyfat_kg,SALIVA,0.8,Random Forest Regressor,GridSearchCV,7.8139337066227865,6.539008789141346,62.796632116185755,-0.009554257001771926,5036aab1b4aa499bab7dbc396f7a5da2,experiment_linear_bodyfat_kg
1583.281813315309,0.0043427712369421756,bodyfat_kg,SALIVA,0.8,Random Forest Regressor,GridSearchCV,7.8139337066227865,6.539008789141346,62.796632116185755,-0.009554257001771926,5036aab1b4aa499bab7dbc396f7a5da2,experiment_linear_bodyfat_kg
1039.450544917115,0.004341043633034838,bodyfat_kg,SALIVA,0.8,Random Forest Regressor,GridSearchCV,7.8139337066227865,6.539008789141346,62.796632116185755,-0.009554257001771926,5036aab1b4aa499bab7dbc396f7a5da2,experiment_linear_bodyfat_kg
1130.089089650148,0.004331878116710436,bodyfat_kg,SALIVA,0.8,Random Forest Regressor,GridSearchCV,7.8139337066227865,6.539008789141346,62.796632116185755,-0.009554257001771926,5036aab1b4aa499bab7dbc396f7a5da2,experiment_linear_bodyfat_kg
1041.379024592286,0.0043191987796251975,bodyfat_kg,SALIVA,0.8,Random Forest Regressor,GridSearchCV,7.8139337066227865,6.539008789141346,62.796632116185755,-0.009554257001771926,5036aab1b4aa499bab7dbc396f7a5da2,experiment_linear_bodyfat_kg
1122.375170949464,0.004318130962581021,bodyfat_kg,SALIVA,0.8,Random Forest Regressor,GridSearchCV,7.8139337066227865,6.539008789141346,62.796632116185755,-0.009554257001771926,5036aab1b4aa499bab7dbc396f7a5da2,experiment_linear_bodyfat_kg
1037.522065241944,0.0043113705472915135,bodyfat_kg,SALIVA,0.8,Random Forest Regressor,GridSearchCV,7.8139337066227865,6.539008789141346,62.796632116185755,-0.009554257001771926,5036aab1b4aa499bab7dbc396f7a5da2,experiment_linear_bodyfat_kg
1035.593585566773,0.004244139289009052,bodyfat_kg,SALIVA,0.8,Random Forest Regressor,GridSearchCV,7.8139337066227865,6.539008789141346,62.796632116185755,-0.009554257001771926,5036aab1b4aa499bab7dbc396f7a5da2,experiment_linear_bodyfat_kg
1043.307504267457,0.0042381498945800065,bodyfat_kg,SALIVA,0.8,Random Forest Regressor,GridSearchCV,7.8139337066227865,6.539008789141346,62.796632116185755,-0.009554257001771926,5036aab1b4aa499bab7dbc396f7a5da2,experiment_linear_bodyfat_kg
1033.665105891602,0.00414952595525524,bodyfat_kg,SALIVA,0.8,Random Forest Regressor,GridSearchCV,7.8139337066227865,6.539008789141346,62.796632116185755,-0.009554257001771926,5036aab1b4aa499bab7dbc396f7a5da2,experiment_linear_bodyfat_kg
1590.995732015992,0.004112308738900816,bodyfat_kg,SALIVA,0.8,Random Forest Regressor,GridSearchCV,7.8139337066227865,6.539008789141346,62.796632116185755,-0.009554257001771926,5036aab1b4aa499bab7dbc396f7a5da2,experiment_linear_bodyfat_kg
1045.235983942628,0.0041077491258962595,bodyfat_kg,SALIVA,0.8,Random Forest Regressor,GridSearchCV,7.8139337066227865,6.539008789141346,62.796632116185755,-0.009554257001771926,5036aab1b4aa499bab7dbc396f7a5da2,experiment_linear_bodyfat_kg
1581.353333640138,0.004092694556472098,bodyfat_kg,SALIVA,0.8,Random Forest Regressor,GridSearchCV,7.8139337066227865,6.539008789141346,62.796632116185755,-0.009554257001771926,5036aab1b4aa499bab7dbc396f7a5da2,experiment_linear_bodyfat_kg
1729.846268628297,0.004092472413072827,bodyfat_kg,SALIVA,0.8,Random Forest Regressor,GridSearchCV,7.8139337066227865,6.539008789141346,62.796632116185755,-0.009554257001771926,5036aab1b4aa499bab7dbc396f7a5da2,experiment_linear_bodyfat_kg
2719.156341990969,0.006833199356617308,bodyfat_kg,SALIVA,0.8,Random Forest Regressor,GridSearchCV,8.257779669998962,6.991411747603103,66.89385367563423,-0.1275006523970652,5036aab1b4aa499bab7dbc396f7a5da2,experiment_linear_bodyfat_kg
2717.227862315798,0.006010793083774481,bodyfat_kg,SALIVA,0.8,Random Forest Regressor,GridSearchCV,8.257779669998962,6.991411747603103,66.89385367563423,-0.1275006523970652,5036aab1b4aa499bab7dbc396f7a5da2,experiment_linear_bodyfat_kg
2728.798740366823,0.005744520547137656,bodyfat_kg,SALIVA,0.8,Random Forest Regressor,GridSearchCV,8.257779669998962,6.991411747603103,66.89385367563423,-0.1275006523970652,5036aab1b4aa499bab7dbc396f7a5da2,experiment_linear_bodyfat_kg
1724.060829602785,0.005734738732183987,bodyfat_kg,SALIVA,0.8,Random Forest Regressor,GridSearchCV,8.257779669998962,6.991411747603103,66.89385367563423,-0.1275006523970652,5036aab1b4aa499bab7dbc396f7a5da2,experiment_linear_bodyfat_kg
2711.442423290285,0.005671145577990216,bodyfat_kg,SALIVA,0.8,Random Forest Regressor,GridSearchCV,8.257779669998962,6.991411747603103,66.89385367563423,-0.1275006523970652,5036aab1b4aa499bab7dbc396f7a5da2,experiment_linear_bodyfat_kg
2715.299382640627,0.004822707037894243,bodyfat_kg,SALIVA,0.8,Random Forest Regressor,GridSearchCV,8.257779669998962,6.991411747603103,66.89385367563423,-0.1275006523970652,5036aab1b4aa499bab7dbc396f7a5da2,experiment_linear_bodyfat_kg
1261.225707561769,0.004718056987472395,bodyfat_kg,SALIVA,0.8,Random Forest Regressor,GridSearchCV,8.257779669998962,6.991411747603103,66.89385367563423,-0.1275006523970652,5036aab1b4aa499bab7dbc396f7a5da2,experiment_linear_bodyfat_kg
3006.499813591433,0.004606007462409022,bodyfat_kg,SALIVA,0.8,Random Forest Regressor,GridSearchCV,8.257779669998962,6.991411747603103,66.89385367563423,-0.1275006523970652,5036aab1b4aa499bab7dbc396f7a5da2,experiment_linear_bodyfat_kg
1263.15418723694,0.004597738622631198,bodyfat_kg,SALIVA,0.8,Random Forest Regressor,GridSearchCV,8.257779669998962,6.991411747603103,66.89385367563423,-0.1275006523970652,5036aab1b4aa499bab7dbc396f7a5da2,experiment_linear_bodyfat_kg
1267.011146587281,0.004570751359048426,bodyfat_kg,SALIVA,0.8,Random Forest Regressor,GridSearchCV,8.257779669998962,6.991411747603103,66.89385367563423,-0.1275006523970652,5036aab1b4aa499bab7dbc396f7a5da2,experiment_linear_bodyfat_kg
1727.917788953126,0.004464325954965348,bodyfat_kg,SALIVA,0.8,Random Forest Regressor,GridSearchCV,8.257779669998962,6.991411747603103,66.89385367563423,-0.1275006523970652,5036aab1b4aa499bab7dbc396f7a5da2,experiment_linear_bodyfat_kg
2636.23171595862,0.004460508206382,bodyfat_kg,SALIVA,0.8,Random Forest Regressor,GridSearchCV,8.257779669998962,6.991411747603103,66.89385367563423,-0.1275006523970652,5036aab1b4aa499bab7dbc396f7a5da2,experiment_linear_bodyfat_kg
929.5272034323739,0.004450003661738222,bodyfat_kg,SALIVA,0.8,Random Forest Regressor,GridSearchCV,8.257779669998962,6.991411747603103,66.89385367563423,-0.1275006523970652,5036aab1b4aa499bab7dbc396f7a5da2,experiment_linear_bodyfat_kg
2721.08482166614,0.004411221331211342,bodyfat_kg,SALIVA,0.8,Random Forest Regressor,GridSearchCV,8.257779669998962,6.991411747603103,66.89385367563423,-0.1275006523970652,5036aab1b4aa499bab7dbc396f7a5da2,experiment_linear_bodyfat_kg
1683.562756424196,0.004331492859581997,bodyfat_kg,SALIVA,0.8,Random Forest Regressor,GridSearchCV,8.257779669998962,6.991411747603103,66.89385367563423,-0.1275006523970652,5036aab1b4aa499bab7dbc396f7a5da2,experiment_linear_bodyfat_kg
2659.373472060671,0.004326076800467087,bodyfat_kg,SALIVA,0.8,Random Forest Regressor,GridSearchCV,8.257779669998962,6.991411747603103,66.89385367563423,-0.1275006523970652,5036aab1b4aa499bab7dbc396f7a5da2,experiment_linear_bodyfat_kg
2634.303236283449,0.004271625292273776,bodyfat_kg,SALIVA,0.8,Random Forest Regressor,GridSearchCV,8.257779669998962,6.991411747603103,66.89385367563423,-0.1275006523970652,5036aab1b4aa499bab7dbc396f7a5da2,experiment_linear_bodyfat_kg
2726.870260691652,0.004163635092558152,bodyfat_kg,SALIVA,0.8,Random Forest Regressor,GridSearchCV,8.257779669998962,6.991411747603103,66.89385367563423,-0.1275006523970652,5036aab1b4aa499bab7dbc396f7a5da2,experiment_linear_bodyfat_kg
1274.725065287965,0.004083667025152785,bodyfat_kg,SALIVA,0.8,Random Forest Regressor,GridSearchCV,8.257779669998962,6.991411747603103,66.89385367563423,-0.1275006523970652,5036aab1b4aa499bab7dbc396f7a5da2,experiment_linear_bodyfat_kg
1265.08266691211,0.004015364803875801,bodyfat_kg,SALIVA,0.8,Random Forest Regressor,GridSearchCV,8.257779669998962,6.991411747603103,66.89385367563423,-0.1275006523970652,5036aab1b4aa499bab7dbc396f7a5da2,experiment_linear_bodyfat_kg
1141.659967701173,0.004409053557958054,bodyfat_kg,SERUM,0.8,Random Forest Regressor,GridSearchCV,9.727443343450236,6.715606363840127,44.54326231099657,0.10412908914434227,5036aab1b4aa499bab7dbc396f7a5da2,experiment_linear_bodyfat_kg
1143.588447376344,0.004330695664499183,bodyfat_kg,SERUM,0.8,Random Forest Regressor,GridSearchCV,9.727443343450236,6.715606363840127,44.54326231099657,0.10412908914434227,5036aab1b4aa499bab7dbc396f7a5da2,experiment_linear_bodyfat_kg
1388.505366123048,0.004297623143301545,bodyfat_kg,SERUM,0.8,Random Forest Regressor,GridSearchCV,9.727443343450236,6.715606363840127,44.54326231099657,0.10412908914434227,5036aab1b4aa499bab7dbc396f7a5da2,experiment_linear_bodyfat_kg
1139.731488026002,0.0042364888372596774,bodyfat_kg,SERUM,0.8,Random Forest Regressor,GridSearchCV,9.727443343450236,6.715606363840127,44.54326231099657,0.10412908914434227,5036aab1b4aa499bab7dbc396f7a5da2,experiment_linear_bodyfat_kg
1386.576886447877,0.004209852958261121,bodyfat_kg,SERUM,0.8,Random Forest Regressor,GridSearchCV,9.727443343450236,6.715606363840127,44.54326231099657,0.10412908914434227,5036aab1b4aa499bab7dbc396f7a5da2,experiment_linear_bodyfat_kg
1145.516927051515,0.004138457937628424,bodyfat_kg,SERUM,0.8,Random Forest Regressor,GridSearchCV,9.727443343450236,6.715606363840127,44.54326231099657,0.10412908914434227,5036aab1b4aa499bab7dbc396f7a5da2,experiment_linear_bodyfat_kg
1390.433845798219,0.004010361602540649,bodyfat_kg,SERUM,0.8,Random Forest Regressor,GridSearchCV,9.727443343450236,6.715606363840127,44.54326231099657,0.10412908914434227,5036aab1b4aa499bab7dbc396f7a5da2,experiment_linear_bodyfat_kg
1147.445406726686,0.003926501743067729,bodyfat_kg,SERUM,0.8,Random Forest Regressor,GridSearchCV,9.727443343450236,6.715606363840127,44.54326231099657,0.10412908914434227,5036aab1b4aa499bab7dbc396f7a5da2,experiment_linear_bodyfat_kg
1137.803008350831,0.00380414497943271,bodyfat_kg,SERUM,0.8,Random Forest Regressor,GridSearchCV,9.727443343450236,6.715606363840127,44.54326231099657,0.10412908914434227,5036aab1b4aa499bab7dbc396f7a5da2,experiment_linear_bodyfat_kg
1149.373886401856,0.0037283847200927684,bodyfat_kg,SERUM,0.8,Random Forest Regressor,GridSearchCV,9.727443343450236,6.715606363840127,44.54326231099657,0.10412908914434227,5036aab1b4aa499bab7dbc396f7a5da2,experiment_linear_bodyfat_kg
1392.36232547339,0.003688626505425402,bodyfat_kg,SERUM,0.8,Random Forest Regressor,GridSearchCV,9.727443343450236,6.715606363840127,44.54326231099657,0.10412908914434227,5036aab1b4aa499bab7dbc396f7a5da2,experiment_linear_bodyfat_kg
1151.302366077027,0.0035792800222347763,bodyfat_kg,SERUM,0.8,Random Forest Regressor,GridSearchCV,9.727443343450236,6.715606363840127,44.54326231099657,0.10412908914434227,5036aab1b4aa499bab7dbc396f7a5da2,experiment_linear_bodyfat_kg
1384.648406772706,0.0035408103913949157,bodyfat_kg,SERUM,0.8,Random Forest Regressor,GridSearchCV,9.727443343450236,6.715606363840127,44.54326231099657,0.10412908914434227,5036aab1b4aa499bab7dbc396f7a5da2,experiment_linear_bodyfat_kg
1153.230845752198,0.0034968048773371192,bodyfat_kg,SERUM,0.8,Random Forest Regressor,GridSearchCV,9.727443343450236,6.715606363840127,44.54326231099657,0.10412908914434227,5036aab1b4aa499bab7dbc396f7a5da2,experiment_linear_bodyfat_kg
1587.138772665651,0.003466629863677247,bodyfat_kg,SERUM,0.8,Random Forest Regressor,GridSearchCV,9.727443343450236,6.715606363840127,44.54326231099657,0.10412908914434227,5036aab1b4aa499bab7dbc396f7a5da2,experiment_linear_bodyfat_kg
1589.067252340822,0.0034642738085246486,bodyfat_kg,SERUM,0.8,Random Forest Regressor,GridSearchCV,9.727443343450236,6.715606363840127,44.54326231099657,0.10412908914434227,5036aab1b4aa499bab7dbc396f7a5da2,experiment_linear_bodyfat_kg
1155.159325427369,0.0034356520010807674,bodyfat_kg,SERUM,0.8,Random Forest Regressor,GridSearchCV,9.727443343450236,6.715606363840127,44.54326231099657,0.10412908914434227,5036aab1b4aa499bab7dbc396f7a5da2,experiment_linear_bodyfat_kg
1585.21029299048,0.003419939025388291,bodyfat_kg,SERUM,0.8,Random Forest Regressor,GridSearchCV,9.727443343450236,6.715606363840127,44.54326231099657,0.10412908914434227,5036aab1b4aa499bab7dbc396f7a5da2,experiment_linear_bodyfat_kg
1394.290805148561,0.0033853766111259023,bodyfat_kg,SERUM,0.8,Random Forest Regressor,GridSearchCV,9.727443343450236,6.715606363840127,44.54326231099657,0.10412908914434227,5036aab1b4aa499bab7dbc396f7a5da2,experiment_linear_bodyfat_kg
1590.995732015992,0.0033632990485043496,bodyfat_kg,SERUM,0.8,Random Forest Regressor,GridSearchCV,9.727443343450236,6.715606363840127,44.54326231099657,0.10412908914434227,5036aab1b4aa499bab7dbc396f7a5da2,experiment_linear_bodyfat_kg
1162.873244128053,0.016227767530037168,bodyfat_kg,SERUM,0.8,Random Forest Regressor,GridSearchCV,9.197178110144305,6.030768982846422,37.18354959885214,0.1991388817326809,5036aab1b4aa499bab7dbc396f7a5da2,experiment_linear_bodyfat_kg
1143.588447376344,0.01563982172268127,bodyfat_kg,SERUM,0.8,Random Forest Regressor,GridSearchCV,9.197178110144305,6.030768982846422,37.18354959885214,0.1991388817326809,5036aab1b4aa499bab7dbc396f7a5da2,experiment_linear_bodyfat_kg
1139.731488026002,0.014167913880336582,bodyfat_kg,SERUM,0.8,Random Forest Regressor,GridSearchCV,9.197178110144305,6.030768982846422,37.18354959885214,0.1991388817326809,5036aab1b4aa499bab7dbc396f7a5da2,experiment_linear_bodyfat_kg
1149.373886401856,0.011522710080966243,bodyfat_kg,SERUM,0.8,Random Forest Regressor,GridSearchCV,9.197178110144305,6.030768982846422,37.18354959885214,0.1991388817326809,5036aab1b4aa499bab7dbc396f7a5da2,experiment_linear_bodyfat_kg
1116.589731923951,0.011001723009582916,bodyfat_kg,SERUM,0.8,Random Forest Regressor,GridSearchCV,9.197178110144305,6.030768982846422,37.18354959885214,0.1991388817326809,5036aab1b4aa499bab7dbc396f7a5da2,experiment_linear_bodyfat_kg
2508.952057397341,0.01032787378481981,bodyfat_kg,SERUM,0.8,Random Forest Regressor,GridSearchCV,9.197178110144305,6.030768982846422,37.18354959885214,0.1991388817326809,5036aab1b4aa499bab7dbc396f7a5da2,experiment_linear_bodyfat_kg
1141.659967701173,0.010287734862281248,bodyfat_kg,SERUM,0.8,Random Forest Regressor,GridSearchCV,9.197178110144305,6.030768982846422,37.18354959885214,0.1991388817326809,5036aab1b4aa499bab7dbc396f7a5da2,experiment_linear_bodyfat_kg
1648.85012227112,0.009888688941208642,bodyfat_kg,SERUM,0.8,Random Forest Regressor,GridSearchCV,9.197178110144305,6.030768982846422,37.18354959885214,0.1991388817326809,5036aab1b4aa499bab7dbc396f7a5da2,experiment_linear_bodyfat_kg
1151.302366077027,0.009354691979847011,bodyfat_kg,SERUM,0.8,Random Forest Regressor,GridSearchCV,9.197178110144305,6.030768982846422,37.18354959885214,0.1991388817326809,5036aab1b4aa499bab7dbc396f7a5da2,experiment_linear_bodyfat_kg
1159.016284777711,0.009194738396606136,bodyfat_kg,SERUM,0.8,Random Forest Regressor,GridSearchCV,9.197178110144305,6.030768982846422,37.18354959885214,0.1991388817326809,5036aab1b4aa499bab7dbc396f7a5da2,experiment_linear_bodyfat_kg
1135.87452867566,0.009182616882732978,bodyfat_kg,SERUM,0.8,Random Forest Regressor,GridSearchCV,9.197178110144305,6.030768982846422,37.18354959885214,0.1991388817326809,5036aab1b4aa499bab7dbc396f7a5da2,experiment_linear_bodyfat_kg
1124.303650624635,0.008674355048838862,bodyfat_kg,SERUM,0.8,Random Forest Regressor,GridSearchCV,9.197178110144305,6.030768982846422,37.18354959885214,0.1991388817326809,5036aab1b4aa499bab7dbc396f7a5da2,experiment_linear_bodyfat_kg
1099.233414847413,0.008352602758220959,bodyfat_kg,SERUM,0.8,Random Forest Regressor,GridSearchCV,9.197178110144305,6.030768982846422,37.18354959885214,0.1991388817326809,5036aab1b4aa499bab7dbc396f7a5da2,experiment_linear_bodyfat_kg
2557.164049276613,0.0077293878031663285,bodyfat_kg,SERUM,0.8,Random Forest Regressor,GridSearchCV,9.197178110144305,6.030768982846422,37.18354959885214,0.1991388817326809,5036aab1b4aa499bab7dbc396f7a5da2,experiment_linear_bodyfat_kg
2524.379894798708,0.0075920701034346665,bodyfat_kg,SERUM,0.8,Random Forest Regressor,GridSearchCV,9.197178110144305,6.030768982846422,37.18354959885214,0.1991388817326809,5036aab1b4aa499bab7dbc396f7a5da2,experiment_linear_bodyfat_kg
2522.451415123537,0.007211828957276072,bodyfat_kg,SERUM,0.8,Random Forest Regressor,GridSearchCV,9.197178110144305,6.030768982846422,37.18354959885214,0.1991388817326809,5036aab1b4aa499bab7dbc396f7a5da2,experiment_linear_bodyfat_kg
1835.912650762697,0.006858428488663432,bodyfat_kg,SERUM,0.8,Random Forest Regressor,GridSearchCV,9.197178110144305,6.030768982846422,37.18354959885214,0.1991388817326809,5036aab1b4aa499bab7dbc396f7a5da2,experiment_linear_bodyfat_kg
1120.446691274293,0.006697979714095725,bodyfat_kg,SERUM,0.8,Random Forest Regressor,GridSearchCV,9.197178110144305,6.030768982846422,37.18354959885214,0.1991388817326809,5036aab1b4aa499bab7dbc396f7a5da2,experiment_linear_bodyfat_kg
1153.230845752198,0.006501766102459758,bodyfat_kg,SERUM,0.8,Random Forest Regressor,GridSearchCV,9.197178110144305,6.030768982846422,37.18354959885214,0.1991388817326809,5036aab1b4aa499bab7dbc396f7a5da2,experiment_linear_bodyfat_kg
1160.944764452882,0.006434623662254564,bodyfat_kg,SERUM,0.8,Random Forest Regressor,GridSearchCV,9.197178110144305,6.030768982846422,37.18354959885214,0.1991388817326809,5036aab1b4aa499bab7dbc396f7a5da2,experiment_linear_bodyfat_kg
1141.659967701173,0.004409053557958052,bodyfat_kg,SERUM,0.8,Random Forest Regressor,GridSearchCV,9.727443343450236,6.715606363840127,44.54326231099657,0.10412908914434227,5036aab1b4aa499bab7dbc396f7a5da2,experiment_linear_bodyfat_kg
1143.588447376344,0.004330695664499182,bodyfat_kg,SERUM,0.8,Random Forest Regressor,GridSearchCV,9.727443343450236,6.715606363840127,44.54326231099657,0.10412908914434227,5036aab1b4aa499bab7dbc396f7a5da2,experiment_linear_bodyfat_kg
1388.505366123048,0.004297623143301546,bodyfat_kg,SERUM,0.8,Random Forest Regressor,GridSearchCV,9.727443343450236,6.715606363840127,44.54326231099657,0.10412908914434227,5036aab1b4aa499bab7dbc396f7a5da2,experiment_linear_bodyfat_kg
1139.731488026002,0.004236488837259676,bodyfat_kg,SERUM,0.8,Random Forest Regressor,GridSearchCV,9.727443343450236,6.715606363840127,44.54326231099657,0.10412908914434227,5036aab1b4aa499bab7dbc396f7a5da2,experiment_linear_bodyfat_kg
1386.576886447877,0.004209852958261121,bodyfat_kg,SERUM,0.8,Random Forest Regressor,GridSearchCV,9.727443343450236,6.715606363840127,44.54326231099657,0.10412908914434227,5036aab1b4aa499bab7dbc396f7a5da2,experiment_linear_bodyfat_kg
1145.516927051515,0.004138457937628424,bodyfat_kg,SERUM,0.8,Random Forest Regressor,GridSearchCV,9.727443343450236,6.715606363840127,44.54326231099657,0.10412908914434227,5036aab1b4aa499bab7dbc396f7a5da2,experiment_linear_bodyfat_kg
1390.433845798219,0.004010361602540649,bodyfat_kg,SERUM,0.8,Random Forest Regressor,GridSearchCV,9.727443343450236,6.715606363840127,44.54326231099657,0.10412908914434227,5036aab1b4aa499bab7dbc396f7a5da2,experiment_linear_bodyfat_kg
1147.445406726686,0.003926501743067727,bodyfat_kg,SERUM,0.8,Random Forest Regressor,GridSearchCV,9.727443343450236,6.715606363840127,44.54326231099657,0.10412908914434227,5036aab1b4aa499bab7dbc396f7a5da2,experiment_linear_bodyfat_kg
1137.803008350831,0.0038041449794327074,bodyfat_kg,SERUM,0.8,Random Forest Regressor,GridSearchCV,9.727443343450236,6.715606363840127,44.54326231099657,0.10412908914434227,5036aab1b4aa499bab7dbc396f7a5da2,experiment_linear_bodyfat_kg
1149.373886401856,0.003728384720092767,bodyfat_kg,SERUM,0.8,Random Forest Regressor,GridSearchCV,9.727443343450236,6.715606363840127,44.54326231099657,0.10412908914434227,5036aab1b4aa499bab7dbc396f7a5da2,experiment_linear_bodyfat_kg
1392.36232547339,0.0036886265054254025,bodyfat_kg,SERUM,0.8,Random Forest Regressor,GridSearchCV,9.727443343450236,6.715606363840127,44.54326231099657,0.10412908914434227,5036aab1b4aa499bab7dbc396f7a5da2,experiment_linear_bodyfat_kg
1151.302366077027,0.0035792800222347737,bodyfat_kg,SERUM,0.8,Random Forest Regressor,GridSearchCV,9.727443343450236,6.715606363840127,44.54326231099657,0.10412908914434227,5036aab1b4aa499bab7dbc396f7a5da2,experiment_linear_bodyfat_kg
1384.648406772706,0.003540810391394916,bodyfat_kg,SERUM,0.8,Random Forest Regressor,GridSearchCV,9.727443343450236,6.715606363840127,44.54326231099657,0.10412908914434227,5036aab1b4aa499bab7dbc396f7a5da2,experiment_linear_bodyfat_kg
1153.230845752198,0.003496804877337117,bodyfat_kg,SERUM,0.8,Random Forest Regressor,GridSearchCV,9.727443343450236,6.715606363840127,44.54326231099657,0.10412908914434227,5036aab1b4aa499bab7dbc396f7a5da2,experiment_linear_bodyfat_kg
1587.138772665651,0.003466629863677242,bodyfat_kg,SERUM,0.8,Random Forest Regressor,GridSearchCV,9.727443343450236,6.715606363840127,44.54326231099657,0.10412908914434227,5036aab1b4aa499bab7dbc396f7a5da2,experiment_linear_bodyfat_kg
1589.067252340822,0.003464273808524645,bodyfat_kg,SERUM,0.8,Random Forest Regressor,GridSearchCV,9.727443343450236,6.715606363840127,44.54326231099657,0.10412908914434227,5036aab1b4aa499bab7dbc396f7a5da2,experiment_linear_bodyfat_kg
1155.159325427369,0.003435652001080764,bodyfat_kg,SERUM,0.8,Random Forest Regressor,GridSearchCV,9.727443343450236,6.715606363840127,44.54326231099657,0.10412908914434227,5036aab1b4aa499bab7dbc396f7a5da2,experiment_linear_bodyfat_kg
1585.21029299048,0.0034199390253882894,bodyfat_kg,SERUM,0.8,Random Forest Regressor,GridSearchCV,9.727443343450236,6.715606363840127,44.54326231099657,0.10412908914434227,5036aab1b4aa499bab7dbc396f7a5da2,experiment_linear_bodyfat_kg
1394.290805148561,0.003385376611125903,bodyfat_kg,SERUM,0.8,Random Forest Regressor,GridSearchCV,9.727443343450236,6.715606363840127,44.54326231099657,0.10412908914434227,5036aab1b4aa499bab7dbc396f7a5da2,experiment_linear_bodyfat_kg
1590.995732015992,0.0033632990485043452,bodyfat_kg,SERUM,0.8,Random Forest Regressor,GridSearchCV,9.727443343450236,6.715606363840127,44.54326231099657,0.10412908914434227,5036aab1b4aa499bab7dbc396f7a5da2,experiment_linear_bodyfat_kg
1162.873244128053,0.016227767530037168,bodyfat_kg,SERUM,0.8,Random Forest Regressor,GridSearchCV,9.197178110144305,6.030768982846422,37.18354959885214,0.1991388817326809,5036aab1b4aa499bab7dbc396f7a5da2,experiment_linear_bodyfat_kg
1143.588447376344,0.01563982172268127,bodyfat_kg,SERUM,0.8,Random Forest Regressor,GridSearchCV,9.197178110144305,6.030768982846422,37.18354959885214,0.1991388817326809,5036aab1b4aa499bab7dbc396f7a5da2,experiment_linear_bodyfat_kg
1139.731488026002,0.014167913880336582,bodyfat_kg,SERUM,0.8,Random Forest Regressor,GridSearchCV,9.197178110144305,6.030768982846422,37.18354959885214,0.1991388817326809,5036aab1b4aa499bab7dbc396f7a5da2,experiment_linear_bodyfat_kg
1149.373886401856,0.011522710080966243,bodyfat_kg,SERUM,0.8,Random Forest Regressor,GridSearchCV,9.197178110144305,6.030768982846422,37.18354959885214,0.1991388817326809,5036aab1b4aa499bab7dbc396f7a5da2,experiment_linear_bodyfat_kg
1116.589731923951,0.011001723009582916,bodyfat_kg,SERUM,0.8,Random Forest Regressor,GridSearchCV,9.197178110144305,6.030768982846422,37.18354959885214,0.1991388817326809,5036aab1b4aa499bab7dbc396f7a5da2,experiment_linear_bodyfat_kg
2508.952057397341,0.01032787378481981,bodyfat_kg,SERUM,0.8,Random Forest Regressor,GridSearchCV,9.197178110144305,6.030768982846422,37.18354959885214,0.1991388817326809,5036aab1b4aa499bab7dbc396f7a5da2,experiment_linear_bodyfat_kg
1141.659967701173,0.010287734862281248,bodyfat_kg,SERUM,0.8,Random Forest Regressor,GridSearchCV,9.197178110144305,6.030768982846422,37.18354959885214,0.1991388817326809,5036aab1b4aa499bab7dbc396f7a5da2,experiment_linear_bodyfat_kg
1648.85012227112,0.009888688941208642,bodyfat_kg,SERUM,0.8,Random Forest Regressor,GridSearchCV,9.197178110144305,6.030768982846422,37.18354959885214,0.1991388817326809,5036aab1b4aa499bab7dbc396f7a5da2,experiment_linear_bodyfat_kg
1151.302366077027,0.009354691979847011,bodyfat_kg,SERUM,0.8,Random Forest Regressor,GridSearchCV,9.197178110144305,6.030768982846422,37.18354959885214,0.1991388817326809,5036aab1b4aa499bab7dbc396f7a5da2,experiment_linear_bodyfat_kg
1159.016284777711,0.009194738396606136,bodyfat_kg,SERUM,0.8,Random Forest Regressor,GridSearchCV,9.197178110144305,6.030768982846422,37.18354959885214,0.1991388817326809,5036aab1b4aa499bab7dbc396f7a5da2,experiment_linear_bodyfat_kg
1135.87452867566,0.009182616882732978,bodyfat_kg,SERUM,0.8,Random Forest Regressor,GridSearchCV,9.197178110144305,6.030768982846422,37.18354959885214,0.1991388817326809,5036aab1b4aa499bab7dbc396f7a5da2,experiment_linear_bodyfat_kg
1124.303650624635,0.008674355048838862,bodyfat_kg,SERUM,0.8,Random Forest Regressor,GridSearchCV,9.197178110144305,6.030768982846422,37.18354959885214,0.1991388817326809,5036aab1b4aa499bab7dbc396f7a5da2,experiment_linear_bodyfat_kg
1099.233414847413,0.008352602758220959,bodyfat_kg,SERUM,0.8,Random Forest Regressor,GridSearchCV,9.197178110144305,6.030768982846422,37.18354959885214,0.1991388817326809,5036aab1b4aa499bab7dbc396f7a5da2,experiment_linear_bodyfat_kg
2557.164049276613,0.0077293878031663285,bodyfat_kg,SERUM,0.8,Random Forest Regressor,GridSearchCV,9.197178110144305,6.030768982846422,37.18354959885214,0.1991388817326809,5036aab1b4aa499bab7dbc396f7a5da2,experiment_linear_bodyfat_kg
2524.379894798708,0.0075920701034346665,bodyfat_kg,SERUM,0.8,Random Forest Regressor,GridSearchCV,9.197178110144305,6.030768982846422,37.18354959885214,0.1991388817326809,5036aab1b4aa499bab7dbc396f7a5da2,experiment_linear_bodyfat_kg
2522.451415123537,0.007211828957276072,bodyfat_kg,SERUM,0.8,Random Forest Regressor,GridSearchCV,9.197178110144305,6.030768982846422,37.18354959885214,0.1991388817326809,5036aab1b4aa499bab7dbc396f7a5da2,experiment_linear_bodyfat_kg
1835.912650762697,0.006858428488663432,bodyfat_kg,SERUM,0.8,Random Forest Regressor,GridSearchCV,9.197178110144305,6.030768982846422,37.18354959885214,0.1991388817326809,5036aab1b4aa499bab7dbc396f7a5da2,experiment_linear_bodyfat_kg
1120.446691274293,0.006697979714095725,bodyfat_kg,SERUM,0.8,Random Forest Regressor,GridSearchCV,9.197178110144305,6.030768982846422,37.18354959885214,0.1991388817326809,5036aab1b4aa499bab7dbc396f7a5da2,experiment_linear_bodyfat_kg
1153.230845752198,0.006501766102459758,bodyfat_kg,SERUM,0.8,Random Forest Regressor,GridSearchCV,9.197178110144305,6.030768982846422,37.18354959885214,0.1991388817326809,5036aab1b4aa499bab7dbc396f7a5da2,experiment_linear_bodyfat_kg
1160.944764452882,0.006434623662254564,bodyfat_kg,SERUM,0.8,Random Forest Regressor,GridSearchCV,9.197178110144305,6.030768982846422,37.18354959885214,0.1991388817326809,5036aab1b4aa499bab7dbc396f7a5da2,experiment_linear_bodyfat_kg
1776.129780832399,0.006591020958070902,bodyfat_kg,URINE,0.8,Random Forest Regressor,GridSearchCV,10.878651087393605,9.0423875,62.21472756682351,-0.0526317849948561,5036aab1b4aa499bab7dbc396f7a5da2,experiment_linear_bodyfat_kg
1774.201301157228,0.0064667148645253,bodyfat_kg,URINE,0.8,Random Forest Regressor,GridSearchCV,10.878651087393605,9.0423875,62.21472756682351,-0.0526317849948561,5036aab1b4aa499bab7dbc396f7a5da2,experiment_linear_bodyfat_kg
1778.05826050757,0.006429293613836154,bodyfat_kg,URINE,0.8,Random Forest Regressor,GridSearchCV,10.878651087393605,9.0423875,62.21472756682351,-0.0526317849948561,5036aab1b4aa499bab7dbc396f7a5da2,experiment_linear_bodyfat_kg
1772.272821482057,0.00632883018572078,bodyfat_kg,URINE,0.8,Random Forest Regressor,GridSearchCV,10.878651087393605,9.0423875,62.21472756682351,-0.0526317849948561,5036aab1b4aa499bab7dbc396f7a5da2,experiment_linear_bodyfat_kg
1779.986740182741,0.0063164542243878425,bodyfat_kg,URINE,0.8,Random Forest Regressor,GridSearchCV,10.878651087393605,9.0423875,62.21472756682351,-0.0526317849948561,5036aab1b4aa499bab7dbc396f7a5da2,experiment_linear_bodyfat_kg
1770.344341806886,0.006300788175843108,bodyfat_kg,URINE,0.8,Random Forest Regressor,GridSearchCV,10.878651087393605,9.0423875,62.21472756682351,-0.0526317849948561,5036aab1b4aa499bab7dbc396f7a5da2,experiment_linear_bodyfat_kg
1781.915219857912,0.0062189117019102675,bodyfat_kg,URINE,0.8,Random Forest Regressor,GridSearchCV,10.878651087393605,9.0423875,62.21472756682351,-0.0526317849948561,5036aab1b4aa499bab7dbc396f7a5da2,experiment_linear_bodyfat_kg
1768.415862131715,0.006010324277536311,bodyfat_kg,URINE,0.8,Random Forest Regressor,GridSearchCV,10.878651087393605,9.0423875,62.21472756682351,-0.0526317849948561,5036aab1b4aa499bab7dbc396f7a5da2,experiment_linear_bodyfat_kg
1783.843699533082,0.0059364967680791405,bodyfat_kg,URINE,0.8,Random Forest Regressor,GridSearchCV,10.878651087393605,9.0423875,62.21472756682351,-0.0526317849948561,5036aab1b4aa499bab7dbc396f7a5da2,experiment_linear_bodyfat_kg
1766.487382456544,0.005854753702617776,bodyfat_kg,URINE,0.8,Random Forest Regressor,GridSearchCV,10.878651087393605,9.0423875,62.21472756682351,-0.0526317849948561,5036aab1b4aa499bab7dbc396f7a5da2,experiment_linear_bodyfat_kg
1764.558902781373,0.0057704559226959065,bodyfat_kg,URINE,0.8,Random Forest Regressor,GridSearchCV,10.878651087393605,9.0423875,62.21472756682351,-0.0526317849948561,5036aab1b4aa499bab7dbc396f7a5da2,experiment_linear_bodyfat_kg
1785.772179208253,0.005399523594892281,bodyfat_kg,URINE,0.8,Random Forest Regressor,GridSearchCV,10.878651087393605,9.0423875,62.21472756682351,-0.0526317849948561,5036aab1b4aa499bab7dbc396f7a5da2,experiment_linear_bodyfat_kg
1762.630423106202,0.005283849728966038,bodyfat_kg,URINE,0.8,Random Forest Regressor,GridSearchCV,10.878651087393605,9.0423875,62.21472756682351,-0.0526317849948561,5036aab1b4aa499bab7dbc396f7a5da2,experiment_linear_bodyfat_kg
935.3126424578863,0.005108214739573871,bodyfat_kg,URINE,0.8,Random Forest Regressor,GridSearchCV,10.878651087393605,9.0423875,62.21472756682351,-0.0526317849948561,5036aab1b4aa499bab7dbc396f7a5da2,experiment_linear_bodyfat_kg
1760.701943431032,0.005084581835143655,bodyfat_kg,URINE,0.8,Random Forest Regressor,GridSearchCV,10.878651087393605,9.0423875,62.21472756682351,-0.0526317849948561,5036aab1b4aa499bab7dbc396f7a5da2,experiment_linear_bodyfat_kg
1787.700658883424,0.004835880063880395,bodyfat_kg,URINE,0.8,Random Forest Regressor,GridSearchCV,10.878651087393605,9.0423875,62.21472756682351,-0.0526317849948561,5036aab1b4aa499bab7dbc396f7a5da2,experiment_linear_bodyfat_kg
1758.773463755861,0.004833523435606093,bodyfat_kg,URINE,0.8,Random Forest Regressor,GridSearchCV,10.878651087393605,9.0423875,62.21472756682351,-0.0526317849948561,5036aab1b4aa499bab7dbc396f7a5da2,experiment_linear_bodyfat_kg
1276.653544963136,0.004741321550343614,bodyfat_kg,URINE,0.8,Random Forest Regressor,GridSearchCV,10.878651087393605,9.0423875,62.21472756682351,-0.0526317849948561,5036aab1b4aa499bab7dbc396f7a5da2,experiment_linear_bodyfat_kg
933.3841627827155,0.0047387431383286984,bodyfat_kg,URINE,0.8,Random Forest Regressor,GridSearchCV,10.878651087393605,9.0423875,62.21472756682351,-0.0526317849948561,5036aab1b4aa499bab7dbc396f7a5da2,experiment_linear_bodyfat_kg
1278.582024638307,0.0046347315776729845,bodyfat_kg,URINE,0.8,Random Forest Regressor,GridSearchCV,10.878651087393605,9.0423875,62.21472756682351,-0.0526317849948561,5036aab1b4aa499bab7dbc396f7a5da2,experiment_linear_bodyfat_kg
1074.163179070191,0.005553476204573177,bodyfat_kg,URINE,0.8,Random Forest Regressor,GridSearchCV,11.51684058075391,9.518350000000002,68.6603483313585,-0.17975844458809265,5036aab1b4aa499bab7dbc396f7a5da2,experiment_linear_bodyfat_kg
1818.556333686158,0.005531070637839463,bodyfat_kg,URINE,0.8,Random Forest Regressor,GridSearchCV,11.51684058075391,9.518350000000002,68.6603483313585,-0.17975844458809265,5036aab1b4aa499bab7dbc396f7a5da2,experiment_linear_bodyfat_kg
1716.346910902101,0.005072624606192656,bodyfat_kg,URINE,0.8,Random Forest Regressor,GridSearchCV,11.51684058075391,9.518350000000002,68.6603483313585,-0.17975844458809265,5036aab1b4aa499bab7dbc396f7a5da2,experiment_linear_bodyfat_kg
1720.203870252443,0.004996636685657202,bodyfat_kg,URINE,0.8,Random Forest Regressor,GridSearchCV,11.51684058075391,9.518350000000002,68.6603483313585,-0.17975844458809265,5036aab1b4aa499bab7dbc396f7a5da2,experiment_linear_bodyfat_kg
1027.87966686609,0.004886585162700595,bodyfat_kg,URINE,0.8,Random Forest Regressor,GridSearchCV,11.51684058075391,9.518350000000002,68.6603483313585,-0.17975844458809265,5036aab1b4aa499bab7dbc396f7a5da2,experiment_linear_bodyfat_kg
1018.237268490235,0.004608881837230563,bodyfat_kg,URINE,0.8,Random Forest Regressor,GridSearchCV,11.51684058075391,9.518350000000002,68.6603483313585,-0.17975844458809265,5036aab1b4aa499bab7dbc396f7a5da2,experiment_linear_bodyfat_kg
1116.589731923951,0.004486840749252613,bodyfat_kg,URINE,0.8,Random Forest Regressor,GridSearchCV,11.51684058075391,9.518350000000002,68.6603483313585,-0.17975844458809265,5036aab1b4aa499bab7dbc396f7a5da2,experiment_linear_bodyfat_kg
1822.413293036501,0.004483776625686447,bodyfat_kg,URINE,0.8,Random Forest Regressor,GridSearchCV,11.51684058075391,9.518350000000002,68.6603483313585,-0.17975844458809265,5036aab1b4aa499bab7dbc396f7a5da2,experiment_linear_bodyfat_kg
958.4543985599371,0.004475903923471945,bodyfat_kg,URINE,0.8,Random Forest Regressor,GridSearchCV,11.51684058075391,9.518350000000002,68.6603483313585,-0.17975844458809265,5036aab1b4aa499bab7dbc396f7a5da2,experiment_linear_bodyfat_kg
1581.353333640138,0.004180224810369808,bodyfat_kg,URINE,0.8,Random Forest Regressor,GridSearchCV,11.51684058075391,9.518350000000002,68.6603483313585,-0.17975844458809265,5036aab1b4aa499bab7dbc396f7a5da2,experiment_linear_bodyfat_kg
2615.01843953174,0.004089774937934448,bodyfat_kg,URINE,0.8,Random Forest Regressor,GridSearchCV,11.51684058075391,9.518350000000002,68.6603483313585,-0.17975844458809265,5036aab1b4aa499bab7dbc396f7a5da2,experiment_linear_bodyfat_kg
2605.376041155886,0.00398557746511322,bodyfat_kg,URINE,0.8,Random Forest Regressor,GridSearchCV,11.51684058075391,9.518350000000002,68.6603483313585,-0.17975844458809265,5036aab1b4aa499bab7dbc396f7a5da2,experiment_linear_bodyfat_kg
1845.555049138551,0.0039807159301348035,bodyfat_kg,URINE,0.8,Random Forest Regressor,GridSearchCV,11.51684058075391,9.518350000000002,68.6603483313585,-0.17975844458809265,5036aab1b4aa499bab7dbc396f7a5da2,experiment_linear_bodyfat_kg
1037.522065241944,0.0039508351848356535,bodyfat_kg,URINE,0.8,Random Forest Regressor,GridSearchCV,11.51684058075391,9.518350000000002,68.6603483313585,-0.17975844458809265,5036aab1b4aa499bab7dbc396f7a5da2,experiment_linear_bodyfat_kg
1118.518211599122,0.0039038514302590934,bodyfat_kg,URINE,0.8,Random Forest Regressor,GridSearchCV,11.51684058075391,9.518350000000002,68.6603483313585,-0.17975844458809265,5036aab1b4aa499bab7dbc396f7a5da2,experiment_linear_bodyfat_kg
2616.946919206911,0.0036502136784200296,bodyfat_kg,URINE,0.8,Random Forest Regressor,GridSearchCV,11.51684058075391,9.518350000000002,68.6603483313585,-0.17975844458809265,5036aab1b4aa499bab7dbc396f7a5da2,experiment_linear_bodyfat_kg
1483.000870206422,0.0036261238063882164,bodyfat_kg,URINE,0.8,Random Forest Regressor,GridSearchCV,11.51684058075391,9.518350000000002,68.6603483313585,-0.17975844458809265,5036aab1b4aa499bab7dbc396f7a5da2,experiment_linear_bodyfat_kg
1413.57560190027,0.003539734577715149,bodyfat_kg,URINE,0.8,Random Forest Regressor,GridSearchCV,11.51684058075391,9.518350000000002,68.6603483313585,-0.17975844458809265,5036aab1b4aa499bab7dbc396f7a5da2,experiment_linear_bodyfat_kg
1024.022707515748,0.0035029001750472894,bodyfat_kg,URINE,0.8,Random Forest Regressor,GridSearchCV,11.51684058075391,9.518350000000002,68.6603483313585,-0.17975844458809265,5036aab1b4aa499bab7dbc396f7a5da2,experiment_linear_bodyfat_kg
2790.510089972292,0.003495521951404448,bodyfat_kg,URINE,0.8,Random Forest Regressor,GridSearchCV,11.51684058075391,9.518350000000002,68.6603483313585,-0.17975844458809265,5036aab1b4aa499bab7dbc396f7a5da2,experiment_linear_bodyfat_kg
1776.129780832399,0.006591020958070901,bodyfat_kg,URINE,0.8,Random Forest Regressor,GridSearchCV,10.878651087393605,9.0423875,62.21472756682351,-0.0526317849948561,5036aab1b4aa499bab7dbc396f7a5da2,experiment_linear_bodyfat_kg
1774.201301157228,0.006466714864525294,bodyfat_kg,URINE,0.8,Random Forest Regressor,GridSearchCV,10.878651087393605,9.0423875,62.21472756682351,-0.0526317849948561,5036aab1b4aa499bab7dbc396f7a5da2,experiment_linear_bodyfat_kg
1778.05826050757,0.006429293613836152,bodyfat_kg,URINE,0.8,Random Forest Regressor,GridSearchCV,10.878651087393605,9.0423875,62.21472756682351,-0.0526317849948561,5036aab1b4aa499bab7dbc396f7a5da2,experiment_linear_bodyfat_kg
1772.272821482057,0.006328830185720776,bodyfat_kg,URINE,0.8,Random Forest Regressor,GridSearchCV,10.878651087393605,9.0423875,62.21472756682351,-0.0526317849948561,5036aab1b4aa499bab7dbc396f7a5da2,experiment_linear_bodyfat_kg
1779.986740182741,0.00631645422438784,bodyfat_kg,URINE,0.8,Random Forest Regressor,GridSearchCV,10.878651087393605,9.0423875,62.21472756682351,-0.0526317849948561,5036aab1b4aa499bab7dbc396f7a5da2,experiment_linear_bodyfat_kg
1770.344341806886,0.006300788175843106,bodyfat_kg,URINE,0.8,Random Forest Regressor,GridSearchCV,10.878651087393605,9.0423875,62.21472756682351,-0.0526317849948561,5036aab1b4aa499bab7dbc396f7a5da2,experiment_linear_bodyfat_kg
1781.915219857912,0.006218911701910267,bodyfat_kg,URINE,0.8,Random Forest Regressor,GridSearchCV,10.878651087393605,9.0423875,62.21472756682351,-0.0526317849948561,5036aab1b4aa499bab7dbc396f7a5da2,experiment_linear_bodyfat_kg
1768.415862131715,0.006010324277536306,bodyfat_kg,URINE,0.8,Random Forest Regressor,GridSearchCV,10.878651087393605,9.0423875,62.21472756682351,-0.0526317849948561,5036aab1b4aa499bab7dbc396f7a5da2,experiment_linear_bodyfat_kg
1783.843699533082,0.0059364967680791405,bodyfat_kg,URINE,0.8,Random Forest Regressor,GridSearchCV,10.878651087393605,9.0423875,62.21472756682351,-0.0526317849948561,5036aab1b4aa499bab7dbc396f7a5da2,experiment_linear_bodyfat_kg
1766.487382456544,0.005854753702617771,bodyfat_kg,URINE,0.8,Random Forest Regressor,GridSearchCV,10.878651087393605,9.0423875,62.21472756682351,-0.0526317849948561,5036aab1b4aa499bab7dbc396f7a5da2,experiment_linear_bodyfat_kg
1764.558902781373,0.005770455922695901,bodyfat_kg,URINE,0.8,Random Forest Regressor,GridSearchCV,10.878651087393605,9.0423875,62.21472756682351,-0.0526317849948561,5036aab1b4aa499bab7dbc396f7a5da2,experiment_linear_bodyfat_kg
1785.772179208253,0.005399523594892281,bodyfat_kg,URINE,0.8,Random Forest Regressor,GridSearchCV,10.878651087393605,9.0423875,62.21472756682351,-0.0526317849948561,5036aab1b4aa499bab7dbc396f7a5da2,experiment_linear_bodyfat_kg
1762.630423106202,0.005283849728966036,bodyfat_kg,URINE,0.8,Random Forest Regressor,GridSearchCV,10.878651087393605,9.0423875,62.21472756682351,-0.0526317849948561,5036aab1b4aa499bab7dbc396f7a5da2,experiment_linear_bodyfat_kg
935.3126424578863,0.005108214739573873,bodyfat_kg,URINE,0.8,Random Forest Regressor,GridSearchCV,10.878651087393605,9.0423875,62.21472756682351,-0.0526317849948561,5036aab1b4aa499bab7dbc396f7a5da2,experiment_linear_bodyfat_kg
1760.701943431032,0.005084581835143655,bodyfat_kg,URINE,0.8,Random Forest Regressor,GridSearchCV,10.878651087393605,9.0423875,62.21472756682351,-0.0526317849948561,5036aab1b4aa499bab7dbc396f7a5da2,experiment_linear_bodyfat_kg
1787.700658883424,0.004835880063880395,bodyfat_kg,URINE,0.8,Random Forest Regressor,GridSearchCV,10.878651087393605,9.0423875,62.21472756682351,-0.0526317849948561,5036aab1b4aa499bab7dbc396f7a5da2,experiment_linear_bodyfat_kg
1758.773463755861,0.004833523435606089,bodyfat_kg,URINE,0.8,Random Forest Regressor,GridSearchCV,10.878651087393605,9.0423875,62.21472756682351,-0.0526317849948561,5036aab1b4aa499bab7dbc396f7a5da2,experiment_linear_bodyfat_kg
1276.653544963136,0.004741321550343614,bodyfat_kg,URINE,0.8,Random Forest Regressor,GridSearchCV,10.878651087393605,9.0423875,62.21472756682351,-0.0526317849948561,5036aab1b4aa499bab7dbc396f7a5da2,experiment_linear_bodyfat_kg
933.3841627827155,0.004738743138328703,bodyfat_kg,URINE,0.8,Random Forest Regressor,GridSearchCV,10.878651087393605,9.0423875,62.21472756682351,-0.0526317849948561,5036aab1b4aa499bab7dbc396f7a5da2,experiment_linear_bodyfat_kg
1278.582024638307,0.004634731577672984,bodyfat_kg,URINE,0.8,Random Forest Regressor,GridSearchCV,10.878651087393605,9.0423875,62.21472756682351,-0.0526317849948561,5036aab1b4aa499bab7dbc396f7a5da2,experiment_linear_bodyfat_kg
1074.163179070191,0.005553476204573177,bodyfat_kg,URINE,0.8,Random Forest Regressor,GridSearchCV,11.51684058075391,9.518350000000002,68.6603483313585,-0.17975844458809265,5036aab1b4aa499bab7dbc396f7a5da2,experiment_linear_bodyfat_kg
1818.556333686158,0.005531070637839463,bodyfat_kg,URINE,0.8,Random Forest Regressor,GridSearchCV,11.51684058075391,9.518350000000002,68.6603483313585,-0.17975844458809265,5036aab1b4aa499bab7dbc396f7a5da2,experiment_linear_bodyfat_kg
1716.346910902101,0.005072624606192656,bodyfat_kg,URINE,0.8,Random Forest Regressor,GridSearchCV,11.51684058075391,9.518350000000002,68.6603483313585,-0.17975844458809265,5036aab1b4aa499bab7dbc396f7a5da2,experiment_linear_bodyfat_kg
1720.203870252443,0.004996636685657202,bodyfat_kg,URINE,0.8,Random Forest Regressor,GridSearchCV,11.51684058075391,9.518350000000002,68.6603483313585,-0.17975844458809265,5036aab1b4aa499bab7dbc396f7a5da2,experiment_linear_bodyfat_kg
1027.87966686609,0.004886585162700595,bodyfat_kg,URINE,0.8,Random Forest Regressor,GridSearchCV,11.51684058075391,9.518350000000002,68.6603483313585,-0.17975844458809265,5036aab1b4aa499bab7dbc396f7a5da2,experiment_linear_bodyfat_kg
1018.237268490235,0.004608881837230563,bodyfat_kg,URINE,0.8,Random Forest Regressor,GridSearchCV,11.51684058075391,9.518350000000002,68.6603483313585,-0.17975844458809265,5036aab1b4aa499bab7dbc396f7a5da2,experiment_linear_bodyfat_kg
1116.589731923951,0.004486840749252613,bodyfat_kg,URINE,0.8,Random Forest Regressor,GridSearchCV,11.51684058075391,9.518350000000002,68.6603483313585,-0.17975844458809265,5036aab1b4aa499bab7dbc396f7a5da2,experiment_linear_bodyfat_kg
1822.413293036501,0.004483776625686447,bodyfat_kg,URINE,0.8,Random Forest Regressor,GridSearchCV,11.51684058075391,9.518350000000002,68.6603483313585,-0.17975844458809265,5036aab1b4aa499bab7dbc396f7a5da2,experiment_linear_bodyfat_kg
958.4543985599371,0.004475903923471945,bodyfat_kg,URINE,0.8,Random Forest Regressor,GridSearchCV,11.51684058075391,9.518350000000002,68.6603483313585,-0.17975844458809265,5036aab1b4aa499bab7dbc396f7a5da2,experiment_linear_bodyfat_kg
1581.353333640138,0.004180224810369808,bodyfat_kg,URINE,0.8,Random Forest Regressor,GridSearchCV,11.51684058075391,9.518350000000002,68.6603483313585,-0.17975844458809265,5036aab1b4aa499bab7dbc396f7a5da2,experiment_linear_bodyfat_kg
2615.01843953174,0.004089774937934448,bodyfat_kg,URINE,0.8,Random Forest Regressor,GridSearchCV,11.51684058075391,9.518350000000002,68.6603483313585,-0.17975844458809265,5036aab1b4aa499bab7dbc396f7a5da2,experiment_linear_bodyfat_kg
2605.376041155886,0.00398557746511322,bodyfat_kg,URINE,0.8,Random Forest Regressor,GridSearchCV,11.51684058075391,9.518350000000002,68.6603483313585,-0.17975844458809265,5036aab1b4aa499bab7dbc396f7a5da2,experiment_linear_bodyfat_kg
1845.555049138551,0.0039807159301348035,bodyfat_kg,URINE,0.8,Random Forest Regressor,GridSearchCV,11.51684058075391,9.518350000000002,68.6603483313585,-0.17975844458809265,5036aab1b4aa499bab7dbc396f7a5da2,experiment_linear_bodyfat_kg
1037.522065241944,0.0039508351848356535,bodyfat_kg,URINE,0.8,Random Forest Regressor,GridSearchCV,11.51684058075391,9.518350000000002,68.6603483313585,-0.17975844458809265,5036aab1b4aa499bab7dbc396f7a5da2,experiment_linear_bodyfat_kg
1118.518211599122,0.0039038514302590934,bodyfat_kg,URINE,0.8,Random Forest Regressor,GridSearchCV,11.51684058075391,9.518350000000002,68.6603483313585,-0.17975844458809265,5036aab1b4aa499bab7dbc396f7a5da2,experiment_linear_bodyfat_kg
2616.946919206911,0.0036502136784200296,bodyfat_kg,URINE,0.8,Random Forest Regressor,GridSearchCV,11.51684058075391,9.518350000000002,68.6603483313585,-0.17975844458809265,5036aab1b4aa499bab7dbc396f7a5da2,experiment_linear_bodyfat_kg
1483.000870206422,0.0036261238063882164,bodyfat_kg,URINE,0.8,Random Forest Regressor,GridSearchCV,11.51684058075391,9.518350000000002,68.6603483313585,-0.17975844458809265,5036aab1b4aa499bab7dbc396f7a5da2,experiment_linear_bodyfat_kg
1413.57560190027,0.003539734577715149,bodyfat_kg,URINE,0.8,Random Forest Regressor,GridSearchCV,11.51684058075391,9.518350000000002,68.6603483313585,-0.17975844458809265,5036aab1b4aa499bab7dbc396f7a5da2,experiment_linear_bodyfat_kg
1024.022707515748,0.0035029001750472894,bodyfat_kg,URINE,0.8,Random Forest Regressor,GridSearchCV,11.51684058075391,9.518350000000002,68.6603483313585,-0.17975844458809265,5036aab1b4aa499bab7dbc396f7a5da2,experiment_linear_bodyfat_kg
2790.510089972292,0.003495521951404448,bodyfat_kg,URINE,0.8,Random Forest Regressor,GridSearchCV,11.51684058075391,9.518350000000002,68.6603483313585,-0.17975844458809265,5036aab1b4aa499bab7dbc396f7a5da2,experiment_linear_bodyfat_kg
1602.566610067018,0.015665108137234613,bodyfat_kg,CAPILAR,0.8,Decision Tree Regressor,GridSearchCV,10.743821514175393,8.586035714285714,60.1365353579441,-0.3673144253536389,5036aab1b4aa499bab7dbc396f7a5da2,experiment_linear_bodyfat_kg
1641.136203570436,0.013099025035800942,bodyfat_kg,CAPILAR,0.8,Decision Tree Regressor,GridSearchCV,10.743821514175393,8.586035714285714,60.1365353579441,-0.3673144253536389,5036aab1b4aa499bab7dbc396f7a5da2,experiment_linear_bodyfat_kg
1639.207723895265,0.012082491076422295,bodyfat_kg,CAPILAR,0.8,Decision Tree Regressor,GridSearchCV,10.743821514175393,8.586035714285714,60.1365353579441,-0.3673144253536389,5036aab1b4aa499bab7dbc396f7a5da2,experiment_linear_bodyfat_kg
1643.064683245607,0.01069715827989513,bodyfat_kg,CAPILAR,0.8,Decision Tree Regressor,GridSearchCV,10.743821514175393,8.586035714285714,60.1365353579441,-0.3673144253536389,5036aab1b4aa499bab7dbc396f7a5da2,experiment_linear_bodyfat_kg
1637.279244220094,0.010197484108890091,bodyfat_kg,CAPILAR,0.8,Decision Tree Regressor,GridSearchCV,10.743821514175393,8.586035714285714,60.1365353579441,-0.3673144253536389,5036aab1b4aa499bab7dbc396f7a5da2,experiment_linear_bodyfat_kg
1604.495089742189,0.010114495038214301,bodyfat_kg,CAPILAR,0.8,Decision Tree Regressor,GridSearchCV,10.743821514175393,8.586035714285714,60.1365353579441,-0.3673144253536389,5036aab1b4aa499bab7dbc396f7a5da2,experiment_linear_bodyfat_kg
1600.638130391847,0.00848483775197419,bodyfat_kg,CAPILAR,0.8,Decision Tree Regressor,GridSearchCV,10.743821514175393,8.586035714285714,60.1365353579441,-0.3673144253536389,5036aab1b4aa499bab7dbc396f7a5da2,experiment_linear_bodyfat_kg
1635.350764544923,0.00829326789056805,bodyfat_kg,CAPILAR,0.8,Decision Tree Regressor,GridSearchCV,10.743821514175393,8.586035714285714,60.1365353579441,-0.3673144253536389,5036aab1b4aa499bab7dbc396f7a5da2,experiment_linear_bodyfat_kg
1606.42356941736,0.0070233503911251135,bodyfat_kg,CAPILAR,0.8,Decision Tree Regressor,GridSearchCV,10.743821514175393,8.586035714285714,60.1365353579441,-0.3673144253536389,5036aab1b4aa499bab7dbc396f7a5da2,experiment_linear_bodyfat_kg
1170.587162828736,0.006695704360199398,bodyfat_kg,CAPILAR,0.8,Decision Tree Regressor,GridSearchCV,10.743821514175393,8.586035714285714,60.1365353579441,-0.3673144253536389,5036aab1b4aa499bab7dbc396f7a5da2,experiment_linear_bodyfat_kg
1633.422284869752,0.006673683602556413,bodyfat_kg,CAPILAR,0.8,Decision Tree Regressor,GridSearchCV,10.743821514175393,8.586035714285714,60.1365353579441,-0.3673144253536389,5036aab1b4aa499bab7dbc396f7a5da2,experiment_linear_bodyfat_kg
1172.515642503907,0.006654754889549795,bodyfat_kg,CAPILAR,0.8,Decision Tree Regressor,GridSearchCV,10.743821514175393,8.586035714285714,60.1365353579441,-0.3673144253536389,5036aab1b4aa499bab7dbc396f7a5da2,experiment_linear_bodyfat_kg
1168.658683153565,0.006516112166273375,bodyfat_kg,CAPILAR,0.8,Decision Tree Regressor,GridSearchCV,10.743821514175393,8.586035714285714,60.1365353579441,-0.3673144253536389,5036aab1b4aa499bab7dbc396f7a5da2,experiment_linear_bodyfat_kg
1174.444122179078,0.006271233749053004,bodyfat_kg,CAPILAR,0.8,Decision Tree Regressor,GridSearchCV,10.743821514175393,8.586035714285714,60.1365353579441,-0.3673144253536389,5036aab1b4aa499bab7dbc396f7a5da2,experiment_linear_bodyfat_kg
1166.730203478395,0.006087505244210894,bodyfat_kg,CAPILAR,0.8,Decision Tree Regressor,GridSearchCV,10.743821514175393,8.586035714285714,60.1365353579441,-0.3673144253536389,5036aab1b4aa499bab7dbc396f7a5da2,experiment_linear_bodyfat_kg
1644.993162920778,0.006041129899873981,bodyfat_kg,CAPILAR,0.8,Decision Tree Regressor,GridSearchCV,10.743821514175393,8.586035714285714,60.1365353579441,-0.3673144253536389,5036aab1b4aa499bab7dbc396f7a5da2,experiment_linear_bodyfat_kg
3048.926366445193,0.005862776406465507,bodyfat_kg,CAPILAR,0.8,Decision Tree Regressor,GridSearchCV,10.743821514175393,8.586035714285714,60.1365353579441,-0.3673144253536389,5036aab1b4aa499bab7dbc396f7a5da2,experiment_linear_bodyfat_kg
1608.35204909253,0.005712676062321322,bodyfat_kg,CAPILAR,0.8,Decision Tree Regressor,GridSearchCV,10.743821514175393,8.586035714285714,60.1365353579441,-0.3673144253536389,5036aab1b4aa499bab7dbc396f7a5da2,experiment_linear_bodyfat_kg
1631.493805194581,0.005598637907495032,bodyfat_kg,CAPILAR,0.8,Decision Tree Regressor,GridSearchCV,10.743821514175393,8.586035714285714,60.1365353579441,-0.3673144253536389,5036aab1b4aa499bab7dbc396f7a5da2,experiment_linear_bodyfat_kg
1164.801723803224,0.00558140284522503,bodyfat_kg,CAPILAR,0.8,Decision Tree Regressor,GridSearchCV,10.743821514175393,8.586035714285714,60.1365353579441,-0.3673144253536389,5036aab1b4aa499bab7dbc396f7a5da2,experiment_linear_bodyfat_kg
1062.592301019166,0.1487259490379613,bodyfat_kg,CAPILAR,0.8,Decision Tree Regressor,GridSearchCV,11.746177569745829,8.77375,60.21960575099822,-0.6343457943060355,5036aab1b4aa499bab7dbc396f7a5da2,experiment_linear_bodyfat_kg
2983.358057489382,0.12376495059802375,bodyfat_kg,CAPILAR,0.8,Decision Tree Regressor,GridSearchCV,11.746177569745829,8.77375,60.21960575099822,-0.6343457943060355,5036aab1b4aa499bab7dbc396f7a5da2,experiment_linear_bodyfat_kg
1035.593585566773,0.08493673080256545,bodyfat_kg,CAPILAR,0.8,Decision Tree Regressor,GridSearchCV,11.746177569745829,8.77375,60.21960575099822,-0.6343457943060355,5036aab1b4aa499bab7dbc396f7a5da2,experiment_linear_bodyfat_kg
1644.993162920778,0.08337666840006938,bodyfat_kg,CAPILAR,0.8,Decision Tree Regressor,GridSearchCV,11.746177569745829,8.77375,60.21960575099822,-0.6343457943060355,5036aab1b4aa499bab7dbc396f7a5da2,experiment_linear_bodyfat_kg
1344.150333594117,0.07280291211648476,bodyfat_kg,CAPILAR,0.8,Decision Tree Regressor,GridSearchCV,11.746177569745829,8.77375,60.21960575099822,-0.6343457943060355,5036aab1b4aa499bab7dbc396f7a5da2,experiment_linear_bodyfat_kg
1261.225707561769,0.05962905182873975,bodyfat_kg,CAPILAR,0.8,Decision Tree Regressor,GridSearchCV,11.746177569745829,8.77375,60.21960575099822,-0.6343457943060355,5036aab1b4aa499bab7dbc396f7a5da2,experiment_linear_bodyfat_kg
1255.440268536256,0.05650892702374764,bodyfat_kg,CAPILAR,0.8,Decision Tree Regressor,GridSearchCV,11.746177569745829,8.77375,60.21960575099822,-0.6343457943060355,5036aab1b4aa499bab7dbc396f7a5da2,experiment_linear_bodyfat_kg
2508.952057397341,0.05165539954931531,bodyfat_kg,CAPILAR,0.8,Decision Tree Regressor,GridSearchCV,11.746177569745829,8.77375,60.21960575099822,-0.6343457943060355,5036aab1b4aa499bab7dbc396f7a5da2,experiment_linear_bodyfat_kg
1099.233414847413,0.04142832379961868,bodyfat_kg,CAPILAR,0.8,Decision Tree Regressor,GridSearchCV,11.746177569745829,8.77375,60.21960575099822,-0.6343457943060355,5036aab1b4aa499bab7dbc396f7a5da2,experiment_linear_bodyfat_kg
964.23983758545,0.037961518460738475,bodyfat_kg,CAPILAR,0.8,Decision Tree Regressor,GridSearchCV,11.746177569745829,8.77375,60.21960575099822,-0.6343457943060355,5036aab1b4aa499bab7dbc396f7a5da2,experiment_linear_bodyfat_kg
2948.645423336306,0.030507886982145974,bodyfat_kg,CAPILAR,0.8,Decision Tree Regressor,GridSearchCV,11.746177569745829,8.77375,60.21960575099822,-0.6343457943060355,5036aab1b4aa499bab7dbc396f7a5da2,experiment_linear_bodyfat_kg
3037.355488394167,0.028427803778817803,bodyfat_kg,CAPILAR,0.8,Decision Tree Regressor,GridSearchCV,11.746177569745829,8.77375,60.21960575099822,-0.6343457943060355,5036aab1b4aa499bab7dbc396f7a5da2,experiment_linear_bodyfat_kg
929.5272034323739,0.02236089443577746,bodyfat_kg,CAPILAR,0.8,Decision Tree Regressor,GridSearchCV,11.746177569745829,8.77375,60.21960575099822,-0.6343457943060355,5036aab1b4aa499bab7dbc396f7a5da2,experiment_linear_bodyfat_kg
1643.064683245607,0.018720748829953168,bodyfat_kg,CAPILAR,0.8,Decision Tree Regressor,GridSearchCV,11.746177569745829,8.77375,60.21960575099822,-0.6343457943060355,5036aab1b4aa499bab7dbc396f7a5da2,experiment_linear_bodyfat_kg
1600.638130391847,0.014560582423296956,bodyfat_kg,CAPILAR,0.8,Decision Tree Regressor,GridSearchCV,11.746177569745829,8.77375,60.21960575099822,-0.6343457943060355,5036aab1b4aa499bab7dbc396f7a5da2,experiment_linear_bodyfat_kg
1459.859114104371,0.014560582423296883,bodyfat_kg,CAPILAR,0.8,Decision Tree Regressor,GridSearchCV,11.746177569745829,8.77375,60.21960575099822,-0.6343457943060355,5036aab1b4aa499bab7dbc396f7a5da2,experiment_linear_bodyfat_kg
950.7404798592538,0.013867221355520988,bodyfat_kg,CAPILAR,0.8,Decision Tree Regressor,GridSearchCV,11.746177569745829,8.77375,60.21960575099822,-0.6343457943060355,5036aab1b4aa499bab7dbc396f7a5da2,experiment_linear_bodyfat_kg
1093.447975821901,0.011787138152192763,bodyfat_kg,CAPILAR,0.8,Decision Tree Regressor,GridSearchCV,11.746177569745829,8.77375,60.21960575099822,-0.6343457943060355,5036aab1b4aa499bab7dbc396f7a5da2,experiment_linear_bodyfat_kg
1338.364894568605,0.01178713815219276,bodyfat_kg,CAPILAR,0.8,Decision Tree Regressor,GridSearchCV,11.746177569745829,8.77375,60.21960575099822,-0.6343457943060355,5036aab1b4aa499bab7dbc396f7a5da2,experiment_linear_bodyfat_kg
1697.062114150392,0.010920436817472692,bodyfat_kg,CAPILAR,0.8,Decision Tree Regressor,GridSearchCV,11.746177569745829,8.77375,60.21960575099822,-0.6343457943060355,5036aab1b4aa499bab7dbc396f7a5da2,experiment_linear_bodyfat_kg
1602.566610067018,0.015665108137234634,bodyfat_kg,CAPILAR,0.8,Decision Tree Regressor,GridSearchCV,10.743821514175393,8.586035714285714,60.1365353579441,-0.3673144253536389,5036aab1b4aa499bab7dbc396f7a5da2,experiment_linear_bodyfat_kg
1641.136203570436,0.013099025035800942,bodyfat_kg,CAPILAR,0.8,Decision Tree Regressor,GridSearchCV,10.743821514175393,8.586035714285714,60.1365353579441,-0.3673144253536389,5036aab1b4aa499bab7dbc396f7a5da2,experiment_linear_bodyfat_kg
1639.207723895265,0.01208249107642229,bodyfat_kg,CAPILAR,0.8,Decision Tree Regressor,GridSearchCV,10.743821514175393,8.586035714285714,60.1365353579441,-0.3673144253536389,5036aab1b4aa499bab7dbc396f7a5da2,experiment_linear_bodyfat_kg
1643.064683245607,0.010697158279895128,bodyfat_kg,CAPILAR,0.8,Decision Tree Regressor,GridSearchCV,10.743821514175393,8.586035714285714,60.1365353579441,-0.3673144253536389,5036aab1b4aa499bab7dbc396f7a5da2,experiment_linear_bodyfat_kg
1637.279244220094,0.010197484108890088,bodyfat_kg,CAPILAR,0.8,Decision Tree Regressor,GridSearchCV,10.743821514175393,8.586035714285714,60.1365353579441,-0.3673144253536389,5036aab1b4aa499bab7dbc396f7a5da2,experiment_linear_bodyfat_kg
1604.495089742189,0.010114495038214313,bodyfat_kg,CAPILAR,0.8,Decision Tree Regressor,GridSearchCV,10.743821514175393,8.586035714285714,60.1365353579441,-0.3673144253536389,5036aab1b4aa499bab7dbc396f7a5da2,experiment_linear_bodyfat_kg
1600.638130391847,0.008484837751974198,bodyfat_kg,CAPILAR,0.8,Decision Tree Regressor,GridSearchCV,10.743821514175393,8.586035714285714,60.1365353579441,-0.3673144253536389,5036aab1b4aa499bab7dbc396f7a5da2,experiment_linear_bodyfat_kg
1635.350764544923,0.008293267890568046,bodyfat_kg,CAPILAR,0.8,Decision Tree Regressor,GridSearchCV,10.743821514175393,8.586035714285714,60.1365353579441,-0.3673144253536389,5036aab1b4aa499bab7dbc396f7a5da2,experiment_linear_bodyfat_kg
1606.42356941736,0.007023350391125119,bodyfat_kg,CAPILAR,0.8,Decision Tree Regressor,GridSearchCV,10.743821514175393,8.586035714285714,60.1365353579441,-0.3673144253536389,5036aab1b4aa499bab7dbc396f7a5da2,experiment_linear_bodyfat_kg
1170.587162828736,0.006695704360199389,bodyfat_kg,CAPILAR,0.8,Decision Tree Regressor,GridSearchCV,10.743821514175393,8.586035714285714,60.1365353579441,-0.3673144253536389,5036aab1b4aa499bab7dbc396f7a5da2,experiment_linear_bodyfat_kg
1633.422284869752,0.006673683602556408,bodyfat_kg,CAPILAR,0.8,Decision Tree Regressor,GridSearchCV,10.743821514175393,8.586035714285714,60.1365353579441,-0.3673144253536389,5036aab1b4aa499bab7dbc396f7a5da2,experiment_linear_bodyfat_kg
1172.515642503907,0.006654754889549781,bodyfat_kg,CAPILAR,0.8,Decision Tree Regressor,GridSearchCV,10.743821514175393,8.586035714285714,60.1365353579441,-0.3673144253536389,5036aab1b4aa499bab7dbc396f7a5da2,experiment_linear_bodyfat_kg
1168.658683153565,0.006516112166273367,bodyfat_kg,CAPILAR,0.8,Decision Tree Regressor,GridSearchCV,10.743821514175393,8.586035714285714,60.1365353579441,-0.3673144253536389,5036aab1b4aa499bab7dbc396f7a5da2,experiment_linear_bodyfat_kg
1174.444122179078,0.0062712337490529926,bodyfat_kg,CAPILAR,0.8,Decision Tree Regressor,GridSearchCV,10.743821514175393,8.586035714285714,60.1365353579441,-0.3673144253536389,5036aab1b4aa499bab7dbc396f7a5da2,experiment_linear_bodyfat_kg
1166.730203478395,0.006087505244210888,bodyfat_kg,CAPILAR,0.8,Decision Tree Regressor,GridSearchCV,10.743821514175393,8.586035714285714,60.1365353579441,-0.3673144253536389,5036aab1b4aa499bab7dbc396f7a5da2,experiment_linear_bodyfat_kg
1644.993162920778,0.006041129899873984,bodyfat_kg,CAPILAR,0.8,Decision Tree Regressor,GridSearchCV,10.743821514175393,8.586035714285714,60.1365353579441,-0.3673144253536389,5036aab1b4aa499bab7dbc396f7a5da2,experiment_linear_bodyfat_kg
3048.926366445193,0.005862776406465529,bodyfat_kg,CAPILAR,0.8,Decision Tree Regressor,GridSearchCV,10.743821514175393,8.586035714285714,60.1365353579441,-0.3673144253536389,5036aab1b4aa499bab7dbc396f7a5da2,experiment_linear_bodyfat_kg
1608.35204909253,0.00571267606232133,bodyfat_kg,CAPILAR,0.8,Decision Tree Regressor,GridSearchCV,10.743821514175393,8.586035714285714,60.1365353579441,-0.3673144253536389,5036aab1b4aa499bab7dbc396f7a5da2,experiment_linear_bodyfat_kg
1631.493805194581,0.005598637907495032,bodyfat_kg,CAPILAR,0.8,Decision Tree Regressor,GridSearchCV,10.743821514175393,8.586035714285714,60.1365353579441,-0.3673144253536389,5036aab1b4aa499bab7dbc396f7a5da2,experiment_linear_bodyfat_kg
1164.801723803224,0.0055814028452250255,bodyfat_kg,CAPILAR,0.8,Decision Tree Regressor,GridSearchCV,10.743821514175393,8.586035714285714,60.1365353579441,-0.3673144253536389,5036aab1b4aa499bab7dbc396f7a5da2,experiment_linear_bodyfat_kg
1062.592301019166,0.1487259490379613,bodyfat_kg,CAPILAR,0.8,Decision Tree Regressor,GridSearchCV,11.746177569745829,8.77375,60.21960575099822,-0.6343457943060355,5036aab1b4aa499bab7dbc396f7a5da2,experiment_linear_bodyfat_kg
2983.358057489382,0.12376495059802375,bodyfat_kg,CAPILAR,0.8,Decision Tree Regressor,GridSearchCV,11.746177569745829,8.77375,60.21960575099822,-0.6343457943060355,5036aab1b4aa499bab7dbc396f7a5da2,experiment_linear_bodyfat_kg
1035.593585566773,0.08493673080256545,bodyfat_kg,CAPILAR,0.8,Decision Tree Regressor,GridSearchCV,11.746177569745829,8.77375,60.21960575099822,-0.6343457943060355,5036aab1b4aa499bab7dbc396f7a5da2,experiment_linear_bodyfat_kg
1644.993162920778,0.08337666840006938,bodyfat_kg,CAPILAR,0.8,Decision Tree Regressor,GridSearchCV,11.746177569745829,8.77375,60.21960575099822,-0.6343457943060355,5036aab1b4aa499bab7dbc396f7a5da2,experiment_linear_bodyfat_kg
1344.150333594117,0.07280291211648476,bodyfat_kg,CAPILAR,0.8,Decision Tree Regressor,GridSearchCV,11.746177569745829,8.77375,60.21960575099822,-0.6343457943060355,5036aab1b4aa499bab7dbc396f7a5da2,experiment_linear_bodyfat_kg
1261.225707561769,0.05962905182873975,bodyfat_kg,CAPILAR,0.8,Decision Tree Regressor,GridSearchCV,11.746177569745829,8.77375,60.21960575099822,-0.6343457943060355,5036aab1b4aa499bab7dbc396f7a5da2,experiment_linear_bodyfat_kg
1255.440268536256,0.05650892702374764,bodyfat_kg,CAPILAR,0.8,Decision Tree Regressor,GridSearchCV,11.746177569745829,8.77375,60.21960575099822,-0.6343457943060355,5036aab1b4aa499bab7dbc396f7a5da2,experiment_linear_bodyfat_kg
2508.952057397341,0.05165539954931531,bodyfat_kg,CAPILAR,0.8,Decision Tree Regressor,GridSearchCV,11.746177569745829,8.77375,60.21960575099822,-0.6343457943060355,5036aab1b4aa499bab7dbc396f7a5da2,experiment_linear_bodyfat_kg
1099.233414847413,0.04142832379961868,bodyfat_kg,CAPILAR,0.8,Decision Tree Regressor,GridSearchCV,11.746177569745829,8.77375,60.21960575099822,-0.6343457943060355,5036aab1b4aa499bab7dbc396f7a5da2,experiment_linear_bodyfat_kg
964.23983758545,0.037961518460738475,bodyfat_kg,CAPILAR,0.8,Decision Tree Regressor,GridSearchCV,11.746177569745829,8.77375,60.21960575099822,-0.6343457943060355,5036aab1b4aa499bab7dbc396f7a5da2,experiment_linear_bodyfat_kg
2948.645423336306,0.030507886982145974,bodyfat_kg,CAPILAR,0.8,Decision Tree Regressor,GridSearchCV,11.746177569745829,8.77375,60.21960575099822,-0.6343457943060355,5036aab1b4aa499bab7dbc396f7a5da2,experiment_linear_bodyfat_kg
3037.355488394167,0.028427803778817803,bodyfat_kg,CAPILAR,0.8,Decision Tree Regressor,GridSearchCV,11.746177569745829,8.77375,60.21960575099822,-0.6343457943060355,5036aab1b4aa499bab7dbc396f7a5da2,experiment_linear_bodyfat_kg
929.5272034323739,0.02236089443577746,bodyfat_kg,CAPILAR,0.8,Decision Tree Regressor,GridSearchCV,11.746177569745829,8.77375,60.21960575099822,-0.6343457943060355,5036aab1b4aa499bab7dbc396f7a5da2,experiment_linear_bodyfat_kg
1643.064683245607,0.018720748829953168,bodyfat_kg,CAPILAR,0.8,Decision Tree Regressor,GridSearchCV,11.746177569745829,8.77375,60.21960575099822,-0.6343457943060355,5036aab1b4aa499bab7dbc396f7a5da2,experiment_linear_bodyfat_kg
1600.638130391847,0.014560582423296956,bodyfat_kg,CAPILAR,0.8,Decision Tree Regressor,GridSearchCV,11.746177569745829,8.77375,60.21960575099822,-0.6343457943060355,5036aab1b4aa499bab7dbc396f7a5da2,experiment_linear_bodyfat_kg
1459.859114104371,0.014560582423296883,bodyfat_kg,CAPILAR,0.8,Decision Tree Regressor,GridSearchCV,11.746177569745829,8.77375,60.21960575099822,-0.6343457943060355,5036aab1b4aa499bab7dbc396f7a5da2,experiment_linear_bodyfat_kg
950.7404798592538,0.013867221355520988,bodyfat_kg,CAPILAR,0.8,Decision Tree Regressor,GridSearchCV,11.746177569745829,8.77375,60.21960575099822,-0.6343457943060355,5036aab1b4aa499bab7dbc396f7a5da2,experiment_linear_bodyfat_kg
1093.447975821901,0.011787138152192763,bodyfat_kg,CAPILAR,0.8,Decision Tree Regressor,GridSearchCV,11.746177569745829,8.77375,60.21960575099822,-0.6343457943060355,5036aab1b4aa499bab7dbc396f7a5da2,experiment_linear_bodyfat_kg
1338.364894568605,0.01178713815219276,bodyfat_kg,CAPILAR,0.8,Decision Tree Regressor,GridSearchCV,11.746177569745829,8.77375,60.21960575099822,-0.6343457943060355,5036aab1b4aa499bab7dbc396f7a5da2,experiment_linear_bodyfat_kg
1697.062114150392,0.010920436817472692,bodyfat_kg,CAPILAR,0.8,Decision Tree Regressor,GridSearchCV,11.746177569745829,8.77375,60.21960575099822,-0.6343457943060355,5036aab1b4aa499bab7dbc396f7a5da2,experiment_linear_bodyfat_kg
939.1696018082284,0.0022922877107981196,bodyfat_kg,PLASMA,0.8,Decision Tree Regressor,GridSearchCV,10.859713224258822,7.509106681432262,38.78421015244826,0.01287531831618638,5036aab1b4aa499bab7dbc396f7a5da2,experiment_linear_bodyfat_kg
941.0980814833993,0.002279348213676288,bodyfat_kg,PLASMA,0.8,Decision Tree Regressor,GridSearchCV,10.859713224258822,7.509106681432262,38.78421015244826,0.01287531831618638,5036aab1b4aa499bab7dbc396f7a5da2,experiment_linear_bodyfat_kg
933.3841627827155,0.002276201528855814,bodyfat_kg,PLASMA,0.8,Decision Tree Regressor,GridSearchCV,10.859713224258822,7.509106681432262,38.78421015244826,0.01287531831618638,5036aab1b4aa499bab7dbc396f7a5da2,experiment_linear_bodyfat_kg
944.9550408337414,0.0022728599665118735,bodyfat_kg,PLASMA,0.8,Decision Tree Regressor,GridSearchCV,10.859713224258822,7.509106681432262,38.78421015244826,0.01287531831618638,5036aab1b4aa499bab7dbc396f7a5da2,experiment_linear_bodyfat_kg
946.8835205089117,0.002270423683698873,bodyfat_kg,PLASMA,0.8,Decision Tree Regressor,GridSearchCV,10.859713224258822,7.509106681432262,38.78421015244826,0.01287531831618638,5036aab1b4aa499bab7dbc396f7a5da2,experiment_linear_bodyfat_kg
937.2411221330576,0.0022698462471151064,bodyfat_kg,PLASMA,0.8,Decision Tree Regressor,GridSearchCV,10.859713224258822,7.509106681432262,38.78421015244826,0.01287531831618638,5036aab1b4aa499bab7dbc396f7a5da2,experiment_linear_bodyfat_kg
943.0265611585701,0.002265186679453161,bodyfat_kg,PLASMA,0.8,Decision Tree Regressor,GridSearchCV,10.859713224258822,7.509106681432262,38.78421015244826,0.01287531831618638,5036aab1b4aa499bab7dbc396f7a5da2,experiment_linear_bodyfat_kg
935.3126424578863,0.002259650039212895,bodyfat_kg,PLASMA,0.8,Decision Tree Regressor,GridSearchCV,10.859713224258822,7.509106681432262,38.78421015244826,0.01287531831618638,5036aab1b4aa499bab7dbc396f7a5da2,experiment_linear_bodyfat_kg
931.4556831075452,0.00225569237490099,bodyfat_kg,PLASMA,0.8,Decision Tree Regressor,GridSearchCV,10.859713224258822,7.509106681432262,38.78421015244826,0.01287531831618638,5036aab1b4aa499bab7dbc396f7a5da2,experiment_linear_bodyfat_kg
948.812000184083,0.0022483309460228844,bodyfat_kg,PLASMA,0.8,Decision Tree Regressor,GridSearchCV,10.859713224258822,7.509106681432262,38.78421015244826,0.01287531831618638,5036aab1b4aa499bab7dbc396f7a5da2,experiment_linear_bodyfat_kg
950.7404798592538,0.002211930840135419,bodyfat_kg,PLASMA,0.8,Decision Tree Regressor,GridSearchCV,10.859713224258822,7.509106681432262,38.78421015244826,0.01287531831618638,5036aab1b4aa499bab7dbc396f7a5da2,experiment_linear_bodyfat_kg
929.5272034323739,0.0022063358599758907,bodyfat_kg,PLASMA,0.8,Decision Tree Regressor,GridSearchCV,10.859713224258822,7.509106681432262,38.78421015244826,0.01287531831618638,5036aab1b4aa499bab7dbc396f7a5da2,experiment_linear_bodyfat_kg
1467.573032805055,0.0022033868149234567,bodyfat_kg,PLASMA,0.8,Decision Tree Regressor,GridSearchCV,10.859713224258822,7.509106681432262,38.78421015244826,0.01287531831618638,5036aab1b4aa499bab7dbc396f7a5da2,experiment_linear_bodyfat_kg
1465.644553129884,0.002180998429421952,bodyfat_kg,PLASMA,0.8,Decision Tree Regressor,GridSearchCV,10.859713224258822,7.509106681432262,38.78421015244826,0.01287531831618638,5036aab1b4aa499bab7dbc396f7a5da2,experiment_linear_bodyfat_kg
952.6689595344246,0.0021738530827889783,bodyfat_kg,PLASMA,0.8,Decision Tree Regressor,GridSearchCV,10.859713224258822,7.509106681432262,38.78421015244826,0.01287531831618638,5036aab1b4aa499bab7dbc396f7a5da2,experiment_linear_bodyfat_kg
956.5259188847667,0.0021708956702174488,bodyfat_kg,PLASMA,0.8,Decision Tree Regressor,GridSearchCV,10.859713224258822,7.509106681432262,38.78421015244826,0.01287531831618638,5036aab1b4aa499bab7dbc396f7a5da2,experiment_linear_bodyfat_kg
1469.501512480226,0.0021666666665180064,bodyfat_kg,PLASMA,0.8,Decision Tree Regressor,GridSearchCV,10.859713224258822,7.509106681432262,38.78421015244826,0.01287531831618638,5036aab1b4aa499bab7dbc396f7a5da2,experiment_linear_bodyfat_kg
954.5974392095954,0.0021661257128410345,bodyfat_kg,PLASMA,0.8,Decision Tree Regressor,GridSearchCV,10.859713224258822,7.509106681432262,38.78421015244826,0.01287531831618638,5036aab1b4aa499bab7dbc396f7a5da2,experiment_linear_bodyfat_kg
1849.412008488893,0.002154066797554472,bodyfat_kg,PLASMA,0.8,Decision Tree Regressor,GridSearchCV,10.859713224258822,7.509106681432262,38.78421015244826,0.01287531831618638,5036aab1b4aa499bab7dbc396f7a5da2,experiment_linear_bodyfat_kg
1847.483528813722,0.0021511971056907987,bodyfat_kg,PLASMA,0.8,Decision Tree Regressor,GridSearchCV,10.859713224258822,7.509106681432262,38.78421015244826,0.01287531831618638,5036aab1b4aa499bab7dbc396f7a5da2,experiment_linear_bodyfat_kg
2642.017154984133,0.28085625254030633,bodyfat_kg,PLASMA,0.8,Decision Tree Regressor,GridSearchCV,11.71992191814612,7.7802325581395335,39.09706418556061,-0.14970053598185618,5036aab1b4aa499bab7dbc396f7a5da2,experiment_linear_bodyfat_kg
2856.078398928103,0.09578647879691095,bodyfat_kg,PLASMA,0.8,Decision Tree Regressor,GridSearchCV,11.71992191814612,7.7802325581395335,39.09706418556061,-0.14970053598185618,5036aab1b4aa499bab7dbc396f7a5da2,experiment_linear_bodyfat_kg
1076.091658745362,0.09348326784988498,bodyfat_kg,PLASMA,0.8,Decision Tree Regressor,GridSearchCV,11.71992191814612,7.7802325581395335,39.09706418556061,-0.14970053598185618,5036aab1b4aa499bab7dbc396f7a5da2,experiment_linear_bodyfat_kg
2672.872829786867,0.0686898794201327,bodyfat_kg,PLASMA,0.8,Decision Tree Regressor,GridSearchCV,11.71992191814612,7.7802325581395335,39.09706418556061,-0.14970053598185618,5036aab1b4aa499bab7dbc396f7a5da2,experiment_linear_bodyfat_kg
1045.235983942628,0.05812220566318912,bodyfat_kg,PLASMA,0.8,Decision Tree Regressor,GridSearchCV,11.71992191814612,7.7802325581395335,39.09706418556061,-0.14970053598185618,5036aab1b4aa499bab7dbc396f7a5da2,experiment_linear_bodyfat_kg
1157.08780510254,0.04985774285327196,bodyfat_kg,PLASMA,0.8,Decision Tree Regressor,GridSearchCV,11.71992191814612,7.7802325581395335,39.09706418556061,-0.14970053598185618,5036aab1b4aa499bab7dbc396f7a5da2,experiment_linear_bodyfat_kg
1772.272821482057,0.04918032786885244,bodyfat_kg,PLASMA,0.8,Decision Tree Regressor,GridSearchCV,11.71992191814612,7.7802325581395335,39.09706418556061,-0.14970053598185618,5036aab1b4aa499bab7dbc396f7a5da2,experiment_linear_bodyfat_kg
3045.069407094851,0.0466061509280585,bodyfat_kg,PLASMA,0.8,Decision Tree Regressor,GridSearchCV,11.71992191814612,7.7802325581395335,39.09706418556061,-0.14970053598185618,5036aab1b4aa499bab7dbc396f7a5da2,experiment_linear_bodyfat_kg
1328.72249619275,0.037122341146186164,bodyfat_kg,PLASMA,0.8,Decision Tree Regressor,GridSearchCV,11.71992191814612,7.7802325581395335,39.09706418556061,-0.14970053598185618,5036aab1b4aa499bab7dbc396f7a5da2,experiment_linear_bodyfat_kg
1633.422284869752,0.03509009619292788,bodyfat_kg,PLASMA,0.8,Decision Tree Regressor,GridSearchCV,11.71992191814612,7.7802325581395335,39.09706418556061,-0.14970053598185618,5036aab1b4aa499bab7dbc396f7a5da2,experiment_linear_bodyfat_kg
1052.949902643312,0.026012735401707014,bodyfat_kg,PLASMA,0.8,Decision Tree Regressor,GridSearchCV,11.71992191814612,7.7802325581395335,39.09706418556061,-0.14970053598185618,5036aab1b4aa499bab7dbc396f7a5da2,experiment_linear_bodyfat_kg
1097.304935172242,0.020186966535699777,bodyfat_kg,PLASMA,0.8,Decision Tree Regressor,GridSearchCV,11.71992191814612,7.7802325581395335,39.09706418556061,-0.14970053598185618,5036aab1b4aa499bab7dbc396f7a5da2,experiment_linear_bodyfat_kg
1197.585878281129,0.015445061644763591,bodyfat_kg,PLASMA,0.8,Decision Tree Regressor,GridSearchCV,11.71992191814612,7.7802325581395335,39.09706418556061,-0.14970053598185618,5036aab1b4aa499bab7dbc396f7a5da2,experiment_linear_bodyfat_kg
1378.862967747194,0.014903129657228016,bodyfat_kg,PLASMA,0.8,Decision Tree Regressor,GridSearchCV,11.71992191814612,7.7802325581395335,39.09706418556061,-0.14970053598185618,5036aab1b4aa499bab7dbc396f7a5da2,experiment_linear_bodyfat_kg
1594.852691366334,0.014225714672808554,bodyfat_kg,PLASMA,0.8,Decision Tree Regressor,GridSearchCV,11.71992191814612,7.7802325581395335,39.09706418556061,-0.14970053598185618,5036aab1b4aa499bab7dbc396f7a5da2,experiment_linear_bodyfat_kg
1166.730203478395,0.012735401707085784,bodyfat_kg,PLASMA,0.8,Decision Tree Regressor,GridSearchCV,11.71992191814612,7.7802325581395335,39.09706418556061,-0.14970053598185618,5036aab1b4aa499bab7dbc396f7a5da2,experiment_linear_bodyfat_kg
3027.713090018313,0.01273540170708577,bodyfat_kg,PLASMA,0.8,Decision Tree Regressor,GridSearchCV,11.71992191814612,7.7802325581395335,39.09706418556061,-0.14970053598185618,5036aab1b4aa499bab7dbc396f7a5da2,experiment_linear_bodyfat_kg
1114.66125224878,0.011245088741362952,bodyfat_kg,PLASMA,0.8,Decision Tree Regressor,GridSearchCV,11.71992191814612,7.7802325581395335,39.09706418556061,-0.14970053598185618,5036aab1b4aa499bab7dbc396f7a5da2,experiment_linear_bodyfat_kg
1623.779886493898,0.011245088741362938,bodyfat_kg,PLASMA,0.8,Decision Tree Regressor,GridSearchCV,11.71992191814612,7.7802325581395335,39.09706418556061,-0.14970053598185618,5036aab1b4aa499bab7dbc396f7a5da2,experiment_linear_bodyfat_kg
1575.567894614625,0.01124508874136293,bodyfat_kg,PLASMA,0.8,Decision Tree Regressor,GridSearchCV,11.71992191814612,7.7802325581395335,39.09706418556061,-0.14970053598185618,5036aab1b4aa499bab7dbc396f7a5da2,experiment_linear_bodyfat_kg
939.1696018082284,0.002292287710798119,bodyfat_kg,PLASMA,0.8,Decision Tree Regressor,GridSearchCV,10.859713224258822,7.509106681432262,38.78421015244826,0.01287531831618638,5036aab1b4aa499bab7dbc396f7a5da2,experiment_linear_bodyfat_kg
941.0980814833993,0.0022793482136762885,bodyfat_kg,PLASMA,0.8,Decision Tree Regressor,GridSearchCV,10.859713224258822,7.509106681432262,38.78421015244826,0.01287531831618638,5036aab1b4aa499bab7dbc396f7a5da2,experiment_linear_bodyfat_kg
933.3841627827155,0.0022762015288558144,bodyfat_kg,PLASMA,0.8,Decision Tree Regressor,GridSearchCV,10.859713224258822,7.509106681432262,38.78421015244826,0.01287531831618638,5036aab1b4aa499bab7dbc396f7a5da2,experiment_linear_bodyfat_kg
944.9550408337414,0.002272859966511874,bodyfat_kg,PLASMA,0.8,Decision Tree Regressor,GridSearchCV,10.859713224258822,7.509106681432262,38.78421015244826,0.01287531831618638,5036aab1b4aa499bab7dbc396f7a5da2,experiment_linear_bodyfat_kg
946.8835205089117,0.0022704236836988733,bodyfat_kg,PLASMA,0.8,Decision Tree Regressor,GridSearchCV,10.859713224258822,7.509106681432262,38.78421015244826,0.01287531831618638,5036aab1b4aa499bab7dbc396f7a5da2,experiment_linear_bodyfat_kg
937.2411221330576,0.0022698462471151064,bodyfat_kg,PLASMA,0.8,Decision Tree Regressor,GridSearchCV,10.859713224258822,7.509106681432262,38.78421015244826,0.01287531831618638,5036aab1b4aa499bab7dbc396f7a5da2,experiment_linear_bodyfat_kg
943.0265611585701,0.002265186679453161,bodyfat_kg,PLASMA,0.8,Decision Tree Regressor,GridSearchCV,10.859713224258822,7.509106681432262,38.78421015244826,0.01287531831618638,5036aab1b4aa499bab7dbc396f7a5da2,experiment_linear_bodyfat_kg
935.3126424578863,0.002259650039212895,bodyfat_kg,PLASMA,0.8,Decision Tree Regressor,GridSearchCV,10.859713224258822,7.509106681432262,38.78421015244826,0.01287531831618638,5036aab1b4aa499bab7dbc396f7a5da2,experiment_linear_bodyfat_kg
931.4556831075452,0.0022556923749009906,bodyfat_kg,PLASMA,0.8,Decision Tree Regressor,GridSearchCV,10.859713224258822,7.509106681432262,38.78421015244826,0.01287531831618638,5036aab1b4aa499bab7dbc396f7a5da2,experiment_linear_bodyfat_kg
948.812000184083,0.002248330946022884,bodyfat_kg,PLASMA,0.8,Decision Tree Regressor,GridSearchCV,10.859713224258822,7.509106681432262,38.78421015244826,0.01287531831618638,5036aab1b4aa499bab7dbc396f7a5da2,experiment_linear_bodyfat_kg
950.7404798592538,0.002211930840135419,bodyfat_kg,PLASMA,0.8,Decision Tree Regressor,GridSearchCV,10.859713224258822,7.509106681432262,38.78421015244826,0.01287531831618638,5036aab1b4aa499bab7dbc396f7a5da2,experiment_linear_bodyfat_kg
929.5272034323739,0.0022063358599758907,bodyfat_kg,PLASMA,0.8,Decision Tree Regressor,GridSearchCV,10.859713224258822,7.509106681432262,38.78421015244826,0.01287531831618638,5036aab1b4aa499bab7dbc396f7a5da2,experiment_linear_bodyfat_kg
1467.573032805055,0.002203386814923457,bodyfat_kg,PLASMA,0.8,Decision Tree Regressor,GridSearchCV,10.859713224258822,7.509106681432262,38.78421015244826,0.01287531831618638,5036aab1b4aa499bab7dbc396f7a5da2,experiment_linear_bodyfat_kg
1465.644553129884,0.002180998429421952,bodyfat_kg,PLASMA,0.8,Decision Tree Regressor,GridSearchCV,10.859713224258822,7.509106681432262,38.78421015244826,0.01287531831618638,5036aab1b4aa499bab7dbc396f7a5da2,experiment_linear_bodyfat_kg
952.6689595344246,0.002173853082788978,bodyfat_kg,PLASMA,0.8,Decision Tree Regressor,GridSearchCV,10.859713224258822,7.509106681432262,38.78421015244826,0.01287531831618638,5036aab1b4aa499bab7dbc396f7a5da2,experiment_linear_bodyfat_kg
956.5259188847667,0.0021708956702174488,bodyfat_kg,PLASMA,0.8,Decision Tree Regressor,GridSearchCV,10.859713224258822,7.509106681432262,38.78421015244826,0.01287531831618638,5036aab1b4aa499bab7dbc396f7a5da2,experiment_linear_bodyfat_kg
1469.501512480226,0.0021666666665180064,bodyfat_kg,PLASMA,0.8,Decision Tree Regressor,GridSearchCV,10.859713224258822,7.509106681432262,38.78421015244826,0.01287531831618638,5036aab1b4aa499bab7dbc396f7a5da2,experiment_linear_bodyfat_kg
954.5974392095954,0.002166125712841035,bodyfat_kg,PLASMA,0.8,Decision Tree Regressor,GridSearchCV,10.859713224258822,7.509106681432262,38.78421015244826,0.01287531831618638,5036aab1b4aa499bab7dbc396f7a5da2,experiment_linear_bodyfat_kg
1849.412008488893,0.002154066797554472,bodyfat_kg,PLASMA,0.8,Decision Tree Regressor,GridSearchCV,10.859713224258822,7.509106681432262,38.78421015244826,0.01287531831618638,5036aab1b4aa499bab7dbc396f7a5da2,experiment_linear_bodyfat_kg
1847.483528813722,0.002151197105690799,bodyfat_kg,PLASMA,0.8,Decision Tree Regressor,GridSearchCV,10.859713224258822,7.509106681432262,38.78421015244826,0.01287531831618638,5036aab1b4aa499bab7dbc396f7a5da2,experiment_linear_bodyfat_kg
2642.017154984133,0.28085625254030633,bodyfat_kg,PLASMA,0.8,Decision Tree Regressor,GridSearchCV,11.71992191814612,7.7802325581395335,39.09706418556061,-0.14970053598185618,5036aab1b4aa499bab7dbc396f7a5da2,experiment_linear_bodyfat_kg
2856.078398928103,0.09578647879691095,bodyfat_kg,PLASMA,0.8,Decision Tree Regressor,GridSearchCV,11.71992191814612,7.7802325581395335,39.09706418556061,-0.14970053598185618,5036aab1b4aa499bab7dbc396f7a5da2,experiment_linear_bodyfat_kg
1076.091658745362,0.09348326784988498,bodyfat_kg,PLASMA,0.8,Decision Tree Regressor,GridSearchCV,11.71992191814612,7.7802325581395335,39.09706418556061,-0.14970053598185618,5036aab1b4aa499bab7dbc396f7a5da2,experiment_linear_bodyfat_kg
2672.872829786867,0.0686898794201327,bodyfat_kg,PLASMA,0.8,Decision Tree Regressor,GridSearchCV,11.71992191814612,7.7802325581395335,39.09706418556061,-0.14970053598185618,5036aab1b4aa499bab7dbc396f7a5da2,experiment_linear_bodyfat_kg
1045.235983942628,0.05812220566318912,bodyfat_kg,PLASMA,0.8,Decision Tree Regressor,GridSearchCV,11.71992191814612,7.7802325581395335,39.09706418556061,-0.14970053598185618,5036aab1b4aa499bab7dbc396f7a5da2,experiment_linear_bodyfat_kg
1157.08780510254,0.04985774285327196,bodyfat_kg,PLASMA,0.8,Decision Tree Regressor,GridSearchCV,11.71992191814612,7.7802325581395335,39.09706418556061,-0.14970053598185618,5036aab1b4aa499bab7dbc396f7a5da2,experiment_linear_bodyfat_kg
1772.272821482057,0.04918032786885244,bodyfat_kg,PLASMA,0.8,Decision Tree Regressor,GridSearchCV,11.71992191814612,7.7802325581395335,39.09706418556061,-0.14970053598185618,5036aab1b4aa499bab7dbc396f7a5da2,experiment_linear_bodyfat_kg
3045.069407094851,0.0466061509280585,bodyfat_kg,PLASMA,0.8,Decision Tree Regressor,GridSearchCV,11.71992191814612,7.7802325581395335,39.09706418556061,-0.14970053598185618,5036aab1b4aa499bab7dbc396f7a5da2,experiment_linear_bodyfat_kg
1328.72249619275,0.037122341146186164,bodyfat_kg,PLASMA,0.8,Decision Tree Regressor,GridSearchCV,11.71992191814612,7.7802325581395335,39.09706418556061,-0.14970053598185618,5036aab1b4aa499bab7dbc396f7a5da2,experiment_linear_bodyfat_kg
1633.422284869752,0.03509009619292788,bodyfat_kg,PLASMA,0.8,Decision Tree Regressor,GridSearchCV,11.71992191814612,7.7802325581395335,39.09706418556061,-0.14970053598185618,5036aab1b4aa499bab7dbc396f7a5da2,experiment_linear_bodyfat_kg
1052.949902643312,0.026012735401707014,bodyfat_kg,PLASMA,0.8,Decision Tree Regressor,GridSearchCV,11.71992191814612,7.7802325581395335,39.09706418556061,-0.14970053598185618,5036aab1b4aa499bab7dbc396f7a5da2,experiment_linear_bodyfat_kg
1097.304935172242,0.020186966535699777,bodyfat_kg,PLASMA,0.8,Decision Tree Regressor,GridSearchCV,11.71992191814612,7.7802325581395335,39.09706418556061,-0.14970053598185618,5036aab1b4aa499bab7dbc396f7a5da2,experiment_linear_bodyfat_kg
1197.585878281129,0.015445061644763591,bodyfat_kg,PLASMA,0.8,Decision Tree Regressor,GridSearchCV,11.71992191814612,7.7802325581395335,39.09706418556061,-0.14970053598185618,5036aab1b4aa499bab7dbc396f7a5da2,experiment_linear_bodyfat_kg
1378.862967747194,0.014903129657228016,bodyfat_kg,PLASMA,0.8,Decision Tree Regressor,GridSearchCV,11.71992191814612,7.7802325581395335,39.09706418556061,-0.14970053598185618,5036aab1b4aa499bab7dbc396f7a5da2,experiment_linear_bodyfat_kg
1594.852691366334,0.014225714672808554,bodyfat_kg,PLASMA,0.8,Decision Tree Regressor,GridSearchCV,11.71992191814612,7.7802325581395335,39.09706418556061,-0.14970053598185618,5036aab1b4aa499bab7dbc396f7a5da2,experiment_linear_bodyfat_kg
1166.730203478395,0.012735401707085784,bodyfat_kg,PLASMA,0.8,Decision Tree Regressor,GridSearchCV,11.71992191814612,7.7802325581395335,39.09706418556061,-0.14970053598185618,5036aab1b4aa499bab7dbc396f7a5da2,experiment_linear_bodyfat_kg
3027.713090018313,0.01273540170708577,bodyfat_kg,PLASMA,0.8,Decision Tree Regressor,GridSearchCV,11.71992191814612,7.7802325581395335,39.09706418556061,-0.14970053598185618,5036aab1b4aa499bab7dbc396f7a5da2,experiment_linear_bodyfat_kg
1114.66125224878,0.011245088741362952,bodyfat_kg,PLASMA,0.8,Decision Tree Regressor,GridSearchCV,11.71992191814612,7.7802325581395335,39.09706418556061,-0.14970053598185618,5036aab1b4aa499bab7dbc396f7a5da2,experiment_linear_bodyfat_kg
1623.779886493898,0.011245088741362938,bodyfat_kg,PLASMA,0.8,Decision Tree Regressor,GridSearchCV,11.71992191814612,7.7802325581395335,39.09706418556061,-0.14970053598185618,5036aab1b4aa499bab7dbc396f7a5da2,experiment_linear_bodyfat_kg
1575.567894614625,0.01124508874136293,bodyfat_kg,PLASMA,0.8,Decision Tree Regressor,GridSearchCV,11.71992191814612,7.7802325581395335,39.09706418556061,-0.14970053598185618,5036aab1b4aa499bab7dbc396f7a5da2,experiment_linear_bodyfat_kg
1727.917788953126,0.005077596250778628,bodyfat_kg,SALIVA,0.8,Decision Tree Regressor,GridSearchCV,8.978640112003019,6.902173913043477,64.4637022943432,-0.33294229369168615,5036aab1b4aa499bab7dbc396f7a5da2,experiment_linear_bodyfat_kg
1725.989309277955,0.004712182281365451,bodyfat_kg,SALIVA,0.8,Decision Tree Regressor,GridSearchCV,8.978640112003019,6.902173913043477,64.4637022943432,-0.33294229369168615,5036aab1b4aa499bab7dbc396f7a5da2,experiment_linear_bodyfat_kg
1729.846268628297,0.0045569031706989786,bodyfat_kg,SALIVA,0.8,Decision Tree Regressor,GridSearchCV,8.978640112003019,6.902173913043477,64.4637022943432,-0.33294229369168615,5036aab1b4aa499bab7dbc396f7a5da2,experiment_linear_bodyfat_kg
1731.774748303468,0.0037949411103152804,bodyfat_kg,SALIVA,0.8,Decision Tree Regressor,GridSearchCV,8.978640112003019,6.902173913043477,64.4637022943432,-0.33294229369168615,5036aab1b4aa499bab7dbc396f7a5da2,experiment_linear_bodyfat_kg
1128.160609974977,0.0037304715950607975,bodyfat_kg,SALIVA,0.8,Decision Tree Regressor,GridSearchCV,8.978640112003019,6.902173913043477,64.4637022943432,-0.33294229369168615,5036aab1b4aa499bab7dbc396f7a5da2,experiment_linear_bodyfat_kg
1130.089089650148,0.003730164882077283,bodyfat_kg,SALIVA,0.8,Decision Tree Regressor,GridSearchCV,8.978640112003019,6.902173913043477,64.4637022943432,-0.33294229369168615,5036aab1b4aa499bab7dbc396f7a5da2,experiment_linear_bodyfat_kg
1126.232130299806,0.0037137159196528905,bodyfat_kg,SALIVA,0.8,Decision Tree Regressor,GridSearchCV,8.978640112003019,6.902173913043477,64.4637022943432,-0.33294229369168615,5036aab1b4aa499bab7dbc396f7a5da2,experiment_linear_bodyfat_kg
1124.303650624635,0.003703090018648275,bodyfat_kg,SALIVA,0.8,Decision Tree Regressor,GridSearchCV,8.978640112003019,6.902173913043477,64.4637022943432,-0.33294229369168615,5036aab1b4aa499bab7dbc396f7a5da2,experiment_linear_bodyfat_kg
1122.375170949464,0.0036905464231400437,bodyfat_kg,SALIVA,0.8,Decision Tree Regressor,GridSearchCV,8.978640112003019,6.902173913043477,64.4637022943432,-0.33294229369168615,5036aab1b4aa499bab7dbc396f7a5da2,experiment_linear_bodyfat_kg
1132.017569325318,0.0036767719815519995,bodyfat_kg,SALIVA,0.8,Decision Tree Regressor,GridSearchCV,8.978640112003019,6.902173913043477,64.4637022943432,-0.33294229369168615,5036aab1b4aa499bab7dbc396f7a5da2,experiment_linear_bodyfat_kg
1120.446691274293,0.003662313830850489,bodyfat_kg,SALIVA,0.8,Decision Tree Regressor,GridSearchCV,8.978640112003019,6.902173913043477,64.4637022943432,-0.33294229369168615,5036aab1b4aa499bab7dbc396f7a5da2,experiment_linear_bodyfat_kg
2701.800024914431,0.003651514521607233,bodyfat_kg,SALIVA,0.8,Decision Tree Regressor,GridSearchCV,8.978640112003019,6.902173913043477,64.4637022943432,-0.33294229369168615,5036aab1b4aa499bab7dbc396f7a5da2,experiment_linear_bodyfat_kg
2713.370902965456,0.0036488329522486717,bodyfat_kg,SALIVA,0.8,Decision Tree Regressor,GridSearchCV,8.978640112003019,6.902173913043477,64.4637022943432,-0.33294229369168615,5036aab1b4aa499bab7dbc396f7a5da2,experiment_linear_bodyfat_kg
1118.518211599122,0.0036212654894866034,bodyfat_kg,SALIVA,0.8,Decision Tree Regressor,GridSearchCV,8.978640112003019,6.902173913043477,64.4637022943432,-0.33294229369168615,5036aab1b4aa499bab7dbc396f7a5da2,experiment_linear_bodyfat_kg
1133.946049000489,0.0035629929121947243,bodyfat_kg,SALIVA,0.8,Decision Tree Regressor,GridSearchCV,8.978640112003019,6.902173913043477,64.4637022943432,-0.33294229369168615,5036aab1b4aa499bab7dbc396f7a5da2,experiment_linear_bodyfat_kg
1116.589731923951,0.0035628311703391918,bodyfat_kg,SALIVA,0.8,Decision Tree Regressor,GridSearchCV,8.978640112003019,6.902173913043477,64.4637022943432,-0.33294229369168615,5036aab1b4aa499bab7dbc396f7a5da2,experiment_linear_bodyfat_kg
1114.66125224878,0.003470849045118889,bodyfat_kg,SALIVA,0.8,Decision Tree Regressor,GridSearchCV,8.978640112003019,6.902173913043477,64.4637022943432,-0.33294229369168615,5036aab1b4aa499bab7dbc396f7a5da2,experiment_linear_bodyfat_kg
1135.87452867566,0.003397326520130134,bodyfat_kg,SALIVA,0.8,Decision Tree Regressor,GridSearchCV,8.978640112003019,6.902173913043477,64.4637022943432,-0.33294229369168615,5036aab1b4aa499bab7dbc396f7a5da2,experiment_linear_bodyfat_kg
1112.732772573609,0.0033652516351947415,bodyfat_kg,SALIVA,0.8,Decision Tree Regressor,GridSearchCV,8.978640112003019,6.902173913043477,64.4637022943432,-0.33294229369168615,5036aab1b4aa499bab7dbc396f7a5da2,experiment_linear_bodyfat_kg
2715.299382640627,0.0032581138586058405,bodyfat_kg,SALIVA,0.8,Decision Tree Regressor,GridSearchCV,8.978640112003019,6.902173913043477,64.4637022943432,-0.33294229369168615,5036aab1b4aa499bab7dbc396f7a5da2,experiment_linear_bodyfat_kg
3046.997886770022,0.11738461538461534,bodyfat_kg,SALIVA,0.8,Decision Tree Regressor,GridSearchCV,9.766774867086259,7.491304347826087,64.50330618165778,-0.5772210826341277,5036aab1b4aa499bab7dbc396f7a5da2,experiment_linear_bodyfat_kg
2991.071976190066,0.09200000000000001,bodyfat_kg,SALIVA,0.8,Decision Tree Regressor,GridSearchCV,9.766774867086259,7.491304347826087,64.50330618165778,-0.5772210826341277,5036aab1b4aa499bab7dbc396f7a5da2,experiment_linear_bodyfat_kg
1581.353333640138,0.06861538461538466,bodyfat_kg,SALIVA,0.8,Decision Tree Regressor,GridSearchCV,9.766774867086259,7.491304347826087,64.50330618165778,-0.5772210826341277,5036aab1b4aa499bab7dbc396f7a5da2,experiment_linear_bodyfat_kg
2954.430862361819,0.05938461538461549,bodyfat_kg,SALIVA,0.8,Decision Tree Regressor,GridSearchCV,9.766774867086259,7.491304347826087,64.50330618165778,-0.5772210826341277,5036aab1b4aa499bab7dbc396f7a5da2,experiment_linear_bodyfat_kg
1103.090374197755,0.04784615384615368,bodyfat_kg,SALIVA,0.8,Decision Tree Regressor,GridSearchCV,9.766774867086259,7.491304347826087,64.50330618165778,-0.5772210826341277,5036aab1b4aa499bab7dbc396f7a5da2,experiment_linear_bodyfat_kg
1594.852691366334,0.04753846153846136,bodyfat_kg,SALIVA,0.8,Decision Tree Regressor,GridSearchCV,9.766774867086259,7.491304347826087,64.50330618165778,-0.5772210826341277,5036aab1b4aa499bab7dbc396f7a5da2,experiment_linear_bodyfat_kg
2942.859984310793,0.04692307692307785,bodyfat_kg,SALIVA,0.8,Decision Tree Regressor,GridSearchCV,9.766774867086259,7.491304347826087,64.50330618165778,-0.5772210826341277,5036aab1b4aa499bab7dbc396f7a5da2,experiment_linear_bodyfat_kg
2890.791033081179,0.046769230769229356,bodyfat_kg,SALIVA,0.8,Decision Tree Regressor,GridSearchCV,9.766774867086259,7.491304347826087,64.50330618165778,-0.5772210826341277,5036aab1b4aa499bab7dbc396f7a5da2,experiment_linear_bodyfat_kg
943.0265611585701,0.04615384615384673,bodyfat_kg,SALIVA,0.8,Decision Tree Regressor,GridSearchCV,9.766774867086259,7.491304347826087,64.50330618165778,-0.5772210826341277,5036aab1b4aa499bab7dbc396f7a5da2,experiment_linear_bodyfat_kg
1806.985455635133,0.04307692307692309,bodyfat_kg,SALIVA,0.8,Decision Tree Regressor,GridSearchCV,9.766774867086259,7.491304347826087,64.50330618165778,-0.5772210826341277,5036aab1b4aa499bab7dbc396f7a5da2,experiment_linear_bodyfat_kg
1016.308788815064,0.040461538461538424,bodyfat_kg,SALIVA,0.8,Decision Tree Regressor,GridSearchCV,9.766774867086259,7.491304347826087,64.50330618165778,-0.5772210826341277,5036aab1b4aa499bab7dbc396f7a5da2,experiment_linear_bodyfat_kg
1126.232130299806,0.03815384615384615,bodyfat_kg,SALIVA,0.8,Decision Tree Regressor,GridSearchCV,9.766774867086259,7.491304347826087,64.50330618165778,-0.5772210826341277,5036aab1b4aa499bab7dbc396f7a5da2,experiment_linear_bodyfat_kg
1074.163179070191,0.03661538461538457,bodyfat_kg,SALIVA,0.8,Decision Tree Regressor,GridSearchCV,9.766774867086259,7.491304347826087,64.50330618165778,-0.5772210826341277,5036aab1b4aa499bab7dbc396f7a5da2,experiment_linear_bodyfat_kg
1436.71735800232,0.034769230769230774,bodyfat_kg,SALIVA,0.8,Decision Tree Regressor,GridSearchCV,9.766774867086259,7.491304347826087,64.50330618165778,-0.5772210826341277,5036aab1b4aa499bab7dbc396f7a5da2,experiment_linear_bodyfat_kg
1731.774748303468,0.033846153846153845,bodyfat_kg,SALIVA,0.8,Decision Tree Regressor,GridSearchCV,9.766774867086259,7.491304347826087,64.50330618165778,-0.5772210826341277,5036aab1b4aa499bab7dbc396f7a5da2,experiment_linear_bodyfat_kg
1004.737910764039,0.026615384615384697,bodyfat_kg,SALIVA,0.8,Decision Tree Regressor,GridSearchCV,9.766774867086259,7.491304347826087,64.50330618165778,-0.5772210826341277,5036aab1b4aa499bab7dbc396f7a5da2,experiment_linear_bodyfat_kg
1265.08266691211,0.02646153846153848,bodyfat_kg,SALIVA,0.8,Decision Tree Regressor,GridSearchCV,9.766774867086259,7.491304347826087,64.50330618165778,-0.5772210826341277,5036aab1b4aa499bab7dbc396f7a5da2,experiment_linear_bodyfat_kg
966.1683172606208,0.023538461538461553,bodyfat_kg,SALIVA,0.8,Decision Tree Regressor,GridSearchCV,9.766774867086259,7.491304347826087,64.50330618165778,-0.5772210826341277,5036aab1b4aa499bab7dbc396f7a5da2,experiment_linear_bodyfat_kg
2894.647992431521,0.022769230769230785,bodyfat_kg,SALIVA,0.8,Decision Tree Regressor,GridSearchCV,9.766774867086259,7.491304347826087,64.50330618165778,-0.5772210826341277,5036aab1b4aa499bab7dbc396f7a5da2,experiment_linear_bodyfat_kg
2663.230431411013,0.022153846153846142,bodyfat_kg,SALIVA,0.8,Decision Tree Regressor,GridSearchCV,9.766774867086259,7.491304347826087,64.50330618165778,-0.5772210826341277,5036aab1b4aa499bab7dbc396f7a5da2,experiment_linear_bodyfat_kg
1727.917788953126,0.005077596250778627,bodyfat_kg,SALIVA,0.8,Decision Tree Regressor,GridSearchCV,8.978640112003019,6.902173913043477,64.4637022943432,-0.33294229369168615,5036aab1b4aa499bab7dbc396f7a5da2,experiment_linear_bodyfat_kg
1725.989309277955,0.004712182281365451,bodyfat_kg,SALIVA,0.8,Decision Tree Regressor,GridSearchCV,8.978640112003019,6.902173913043477,64.4637022943432,-0.33294229369168615,5036aab1b4aa499bab7dbc396f7a5da2,experiment_linear_bodyfat_kg
1729.846268628297,0.004556903170698977,bodyfat_kg,SALIVA,0.8,Decision Tree Regressor,GridSearchCV,8.978640112003019,6.902173913043477,64.4637022943432,-0.33294229369168615,5036aab1b4aa499bab7dbc396f7a5da2,experiment_linear_bodyfat_kg
1731.774748303468,0.0037949411103152795,bodyfat_kg,SALIVA,0.8,Decision Tree Regressor,GridSearchCV,8.978640112003019,6.902173913043477,64.4637022943432,-0.33294229369168615,5036aab1b4aa499bab7dbc396f7a5da2,experiment_linear_bodyfat_kg
1128.160609974977,0.0037304715950607975,bodyfat_kg,SALIVA,0.8,Decision Tree Regressor,GridSearchCV,8.978640112003019,6.902173913043477,64.4637022943432,-0.33294229369168615,5036aab1b4aa499bab7dbc396f7a5da2,experiment_linear_bodyfat_kg
1130.089089650148,0.003730164882077284,bodyfat_kg,SALIVA,0.8,Decision Tree Regressor,GridSearchCV,8.978640112003019,6.902173913043477,64.4637022943432,-0.33294229369168615,5036aab1b4aa499bab7dbc396f7a5da2,experiment_linear_bodyfat_kg
1126.232130299806,0.0037137159196528905,bodyfat_kg,SALIVA,0.8,Decision Tree Regressor,GridSearchCV,8.978640112003019,6.902173913043477,64.4637022943432,-0.33294229369168615,5036aab1b4aa499bab7dbc396f7a5da2,experiment_linear_bodyfat_kg
1124.303650624635,0.003703090018648275,bodyfat_kg,SALIVA,0.8,Decision Tree Regressor,GridSearchCV,8.978640112003019,6.902173913043477,64.4637022943432,-0.33294229369168615,5036aab1b4aa499bab7dbc396f7a5da2,experiment_linear_bodyfat_kg
1122.375170949464,0.0036905464231400437,bodyfat_kg,SALIVA,0.8,Decision Tree Regressor,GridSearchCV,8.978640112003019,6.902173913043477,64.4637022943432,-0.33294229369168615,5036aab1b4aa499bab7dbc396f7a5da2,experiment_linear_bodyfat_kg
1132.017569325318,0.0036767719815519995,bodyfat_kg,SALIVA,0.8,Decision Tree Regressor,GridSearchCV,8.978640112003019,6.902173913043477,64.4637022943432,-0.33294229369168615,5036aab1b4aa499bab7dbc396f7a5da2,experiment_linear_bodyfat_kg
1120.446691274293,0.00366231383085049,bodyfat_kg,SALIVA,0.8,Decision Tree Regressor,GridSearchCV,8.978640112003019,6.902173913043477,64.4637022943432,-0.33294229369168615,5036aab1b4aa499bab7dbc396f7a5da2,experiment_linear_bodyfat_kg
2701.800024914431,0.003651514521607233,bodyfat_kg,SALIVA,0.8,Decision Tree Regressor,GridSearchCV,8.978640112003019,6.902173913043477,64.4637022943432,-0.33294229369168615,5036aab1b4aa499bab7dbc396f7a5da2,experiment_linear_bodyfat_kg
2713.370902965456,0.003648832952248667,bodyfat_kg,SALIVA,0.8,Decision Tree Regressor,GridSearchCV,8.978640112003019,6.902173913043477,64.4637022943432,-0.33294229369168615,5036aab1b4aa499bab7dbc396f7a5da2,experiment_linear_bodyfat_kg
1118.518211599122,0.0036212654894866025,bodyfat_kg,SALIVA,0.8,Decision Tree Regressor,GridSearchCV,8.978640112003019,6.902173913043477,64.4637022943432,-0.33294229369168615,5036aab1b4aa499bab7dbc396f7a5da2,experiment_linear_bodyfat_kg
1133.946049000489,0.003562992912194726,bodyfat_kg,SALIVA,0.8,Decision Tree Regressor,GridSearchCV,8.978640112003019,6.902173913043477,64.4637022943432,-0.33294229369168615,5036aab1b4aa499bab7dbc396f7a5da2,experiment_linear_bodyfat_kg
1116.589731923951,0.0035628311703391918,bodyfat_kg,SALIVA,0.8,Decision Tree Regressor,GridSearchCV,8.978640112003019,6.902173913043477,64.4637022943432,-0.33294229369168615,5036aab1b4aa499bab7dbc396f7a5da2,experiment_linear_bodyfat_kg
1114.66125224878,0.003470849045118889,bodyfat_kg,SALIVA,0.8,Decision Tree Regressor,GridSearchCV,8.978640112003019,6.902173913043477,64.4637022943432,-0.33294229369168615,5036aab1b4aa499bab7dbc396f7a5da2,experiment_linear_bodyfat_kg
1135.87452867566,0.0033973265201301343,bodyfat_kg,SALIVA,0.8,Decision Tree Regressor,GridSearchCV,8.978640112003019,6.902173913043477,64.4637022943432,-0.33294229369168615,5036aab1b4aa499bab7dbc396f7a5da2,experiment_linear_bodyfat_kg
1112.732772573609,0.0033652516351947415,bodyfat_kg,SALIVA,0.8,Decision Tree Regressor,GridSearchCV,8.978640112003019,6.902173913043477,64.4637022943432,-0.33294229369168615,5036aab1b4aa499bab7dbc396f7a5da2,experiment_linear_bodyfat_kg
2715.299382640627,0.003258113858605839,bodyfat_kg,SALIVA,0.8,Decision Tree Regressor,GridSearchCV,8.978640112003019,6.902173913043477,64.4637022943432,-0.33294229369168615,5036aab1b4aa499bab7dbc396f7a5da2,experiment_linear_bodyfat_kg
3046.997886770022,0.11738461538461534,bodyfat_kg,SALIVA,0.8,Decision Tree Regressor,GridSearchCV,9.766774867086259,7.491304347826087,64.50330618165778,-0.5772210826341277,5036aab1b4aa499bab7dbc396f7a5da2,experiment_linear_bodyfat_kg
2991.071976190066,0.09200000000000001,bodyfat_kg,SALIVA,0.8,Decision Tree Regressor,GridSearchCV,9.766774867086259,7.491304347826087,64.50330618165778,-0.5772210826341277,5036aab1b4aa499bab7dbc396f7a5da2,experiment_linear_bodyfat_kg
1581.353333640138,0.06861538461538466,bodyfat_kg,SALIVA,0.8,Decision Tree Regressor,GridSearchCV,9.766774867086259,7.491304347826087,64.50330618165778,-0.5772210826341277,5036aab1b4aa499bab7dbc396f7a5da2,experiment_linear_bodyfat_kg
2954.430862361819,0.05938461538461549,bodyfat_kg,SALIVA,0.8,Decision Tree Regressor,GridSearchCV,9.766774867086259,7.491304347826087,64.50330618165778,-0.5772210826341277,5036aab1b4aa499bab7dbc396f7a5da2,experiment_linear_bodyfat_kg
1103.090374197755,0.04784615384615368,bodyfat_kg,SALIVA,0.8,Decision Tree Regressor,GridSearchCV,9.766774867086259,7.491304347826087,64.50330618165778,-0.5772210826341277,5036aab1b4aa499bab7dbc396f7a5da2,experiment_linear_bodyfat_kg
1594.852691366334,0.04753846153846136,bodyfat_kg,SALIVA,0.8,Decision Tree Regressor,GridSearchCV,9.766774867086259,7.491304347826087,64.50330618165778,-0.5772210826341277,5036aab1b4aa499bab7dbc396f7a5da2,experiment_linear_bodyfat_kg
2942.859984310793,0.04692307692307785,bodyfat_kg,SALIVA,0.8,Decision Tree Regressor,GridSearchCV,9.766774867086259,7.491304347826087,64.50330618165778,-0.5772210826341277,5036aab1b4aa499bab7dbc396f7a5da2,experiment_linear_bodyfat_kg
2890.791033081179,0.046769230769229356,bodyfat_kg,SALIVA,0.8,Decision Tree Regressor,GridSearchCV,9.766774867086259,7.491304347826087,64.50330618165778,-0.5772210826341277,5036aab1b4aa499bab7dbc396f7a5da2,experiment_linear_bodyfat_kg
943.0265611585701,0.04615384615384673,bodyfat_kg,SALIVA,0.8,Decision Tree Regressor,GridSearchCV,9.766774867086259,7.491304347826087,64.50330618165778,-0.5772210826341277,5036aab1b4aa499bab7dbc396f7a5da2,experiment_linear_bodyfat_kg
1806.985455635133,0.04307692307692309,bodyfat_kg,SALIVA,0.8,Decision Tree Regressor,GridSearchCV,9.766774867086259,7.491304347826087,64.50330618165778,-0.5772210826341277,5036aab1b4aa499bab7dbc396f7a5da2,experiment_linear_bodyfat_kg
1016.308788815064,0.040461538461538424,bodyfat_kg,SALIVA,0.8,Decision Tree Regressor,GridSearchCV,9.766774867086259,7.491304347826087,64.50330618165778,-0.5772210826341277,5036aab1b4aa499bab7dbc396f7a5da2,experiment_linear_bodyfat_kg
1126.232130299806,0.03815384615384615,bodyfat_kg,SALIVA,0.8,Decision Tree Regressor,GridSearchCV,9.766774867086259,7.491304347826087,64.50330618165778,-0.5772210826341277,5036aab1b4aa499bab7dbc396f7a5da2,experiment_linear_bodyfat_kg
1074.163179070191,0.03661538461538457,bodyfat_kg,SALIVA,0.8,Decision Tree Regressor,GridSearchCV,9.766774867086259,7.491304347826087,64.50330618165778,-0.5772210826341277,5036aab1b4aa499bab7dbc396f7a5da2,experiment_linear_bodyfat_kg
1436.71735800232,0.034769230769230774,bodyfat_kg,SALIVA,0.8,Decision Tree Regressor,GridSearchCV,9.766774867086259,7.491304347826087,64.50330618165778,-0.5772210826341277,5036aab1b4aa499bab7dbc396f7a5da2,experiment_linear_bodyfat_kg
1731.774748303468,0.033846153846153845,bodyfat_kg,SALIVA,0.8,Decision Tree Regressor,GridSearchCV,9.766774867086259,7.491304347826087,64.50330618165778,-0.5772210826341277,5036aab1b4aa499bab7dbc396f7a5da2,experiment_linear_bodyfat_kg
1004.737910764039,0.026615384615384697,bodyfat_kg,SALIVA,0.8,Decision Tree Regressor,GridSearchCV,9.766774867086259,7.491304347826087,64.50330618165778,-0.5772210826341277,5036aab1b4aa499bab7dbc396f7a5da2,experiment_linear_bodyfat_kg
1265.08266691211,0.02646153846153848,bodyfat_kg,SALIVA,0.8,Decision Tree Regressor,GridSearchCV,9.766774867086259,7.491304347826087,64.50330618165778,-0.5772210826341277,5036aab1b4aa499bab7dbc396f7a5da2,experiment_linear_bodyfat_kg
966.1683172606208,0.023538461538461553,bodyfat_kg,SALIVA,0.8,Decision Tree Regressor,GridSearchCV,9.766774867086259,7.491304347826087,64.50330618165778,-0.5772210826341277,5036aab1b4aa499bab7dbc396f7a5da2,experiment_linear_bodyfat_kg
2894.647992431521,0.022769230769230785,bodyfat_kg,SALIVA,0.8,Decision Tree Regressor,GridSearchCV,9.766774867086259,7.491304347826087,64.50330618165778,-0.5772210826341277,5036aab1b4aa499bab7dbc396f7a5da2,experiment_linear_bodyfat_kg
2663.230431411013,0.022153846153846142,bodyfat_kg,SALIVA,0.8,Decision Tree Regressor,GridSearchCV,9.766774867086259,7.491304347826087,64.50330618165778,-0.5772210826341277,5036aab1b4aa499bab7dbc396f7a5da2,experiment_linear_bodyfat_kg
1141.659967701173,0.0039830350523446835,bodyfat_kg,SERUM,0.8,Decision Tree Regressor,GridSearchCV,11.354471559268793,8.953658536585367,54.93592539112557,-0.22062389889923706,5036aab1b4aa499bab7dbc396f7a5da2,experiment_linear_bodyfat_kg
1139.731488026002,0.0038954059379356547,bodyfat_kg,SERUM,0.8,Decision Tree Regressor,GridSearchCV,11.354471559268793,8.953658536585367,54.93592539112557,-0.22062389889923706,5036aab1b4aa499bab7dbc396f7a5da2,experiment_linear_bodyfat_kg
1143.588447376344,0.0038816201100463203,bodyfat_kg,SERUM,0.8,Decision Tree Regressor,GridSearchCV,11.354471559268793,8.953658536585367,54.93592539112557,-0.22062389889923706,5036aab1b4aa499bab7dbc396f7a5da2,experiment_linear_bodyfat_kg
1145.516927051515,0.0037011116081158203,bodyfat_kg,SERUM,0.8,Decision Tree Regressor,GridSearchCV,11.354471559268793,8.953658536585367,54.93592539112557,-0.22062389889923706,5036aab1b4aa499bab7dbc396f7a5da2,experiment_linear_bodyfat_kg
1137.803008350831,0.0035968167603391914,bodyfat_kg,SERUM,0.8,Decision Tree Regressor,GridSearchCV,11.354471559268793,8.953658536585367,54.93592539112557,-0.22062389889923706,5036aab1b4aa499bab7dbc396f7a5da2,experiment_linear_bodyfat_kg
1147.445406726686,0.003521439849453288,bodyfat_kg,SERUM,0.8,Decision Tree Regressor,GridSearchCV,11.354471559268793,8.953658536585367,54.93592539112557,-0.22062389889923706,5036aab1b4aa499bab7dbc396f7a5da2,experiment_linear_bodyfat_kg
1149.373886401856,0.0033478916493966658,bodyfat_kg,SERUM,0.8,Decision Tree Regressor,GridSearchCV,11.354471559268793,8.953658536585367,54.93592539112557,-0.22062389889923706,5036aab1b4aa499bab7dbc396f7a5da2,experiment_linear_bodyfat_kg
1151.302366077027,0.0031740131525957163,bodyfat_kg,SERUM,0.8,Decision Tree Regressor,GridSearchCV,11.354471559268793,8.953658536585367,54.93592539112557,-0.22062389889923706,5036aab1b4aa499bab7dbc396f7a5da2,experiment_linear_bodyfat_kg
1135.87452867566,0.0031638906494838976,bodyfat_kg,SERUM,0.8,Decision Tree Regressor,GridSearchCV,11.354471559268793,8.953658536585367,54.93592539112557,-0.22062389889923706,5036aab1b4aa499bab7dbc396f7a5da2,experiment_linear_bodyfat_kg
1153.230845752198,0.003043433875651152,bodyfat_kg,SERUM,0.8,Decision Tree Regressor,GridSearchCV,11.354471559268793,8.953658536585367,54.93592539112557,-0.22062389889923706,5036aab1b4aa499bab7dbc396f7a5da2,experiment_linear_bodyfat_kg
1099.233414847413,0.003035962570360158,bodyfat_kg,SERUM,0.8,Decision Tree Regressor,GridSearchCV,11.354471559268793,8.953658536585367,54.93592539112557,-0.22062389889923706,5036aab1b4aa499bab7dbc396f7a5da2,experiment_linear_bodyfat_kg
1097.304935172242,0.0030352008046071097,bodyfat_kg,SERUM,0.8,Decision Tree Regressor,GridSearchCV,11.354471559268793,8.953658536585367,54.93592539112557,-0.22062389889923706,5036aab1b4aa499bab7dbc396f7a5da2,experiment_linear_bodyfat_kg
1101.161894522584,0.0029937784757176054,bodyfat_kg,SERUM,0.8,Decision Tree Regressor,GridSearchCV,11.354471559268793,8.953658536585367,54.93592539112557,-0.22062389889923706,5036aab1b4aa499bab7dbc396f7a5da2,experiment_linear_bodyfat_kg
1070.306219719849,0.002984647701389263,bodyfat_kg,SERUM,0.8,Decision Tree Regressor,GridSearchCV,11.354471559268793,8.953658536585367,54.93592539112557,-0.22062389889923706,5036aab1b4aa499bab7dbc396f7a5da2,experiment_linear_bodyfat_kg
1068.377740044679,0.0029547636044336754,bodyfat_kg,SERUM,0.8,Decision Tree Regressor,GridSearchCV,11.354471559268793,8.953658536585367,54.93592539112557,-0.22062389889923706,5036aab1b4aa499bab7dbc396f7a5da2,experiment_linear_bodyfat_kg
1155.159325427369,0.002954741058179429,bodyfat_kg,SERUM,0.8,Decision Tree Regressor,GridSearchCV,11.354471559268793,8.953658536585367,54.93592539112557,-0.22062389889923706,5036aab1b4aa499bab7dbc396f7a5da2,experiment_linear_bodyfat_kg
1095.376455497071,0.0029463181697150613,bodyfat_kg,SERUM,0.8,Decision Tree Regressor,GridSearchCV,11.354471559268793,8.953658536585367,54.93592539112557,-0.22062389889923706,5036aab1b4aa499bab7dbc396f7a5da2,experiment_linear_bodyfat_kg
1072.23469939502,0.0029421403251970674,bodyfat_kg,SERUM,0.8,Decision Tree Regressor,GridSearchCV,11.354471559268793,8.953658536585367,54.93592539112557,-0.22062389889923706,5036aab1b4aa499bab7dbc396f7a5da2,experiment_linear_bodyfat_kg
1103.090374197755,0.0029298664000247214,bodyfat_kg,SERUM,0.8,Decision Tree Regressor,GridSearchCV,11.354471559268793,8.953658536585367,54.93592539112557,-0.22062389889923706,5036aab1b4aa499bab7dbc396f7a5da2,experiment_linear_bodyfat_kg
1106.947333548097,0.002922397606441759,bodyfat_kg,SERUM,0.8,Decision Tree Regressor,GridSearchCV,11.354471559268793,8.953658536585367,54.93592539112557,-0.22062389889923706,5036aab1b4aa499bab7dbc396f7a5da2,experiment_linear_bodyfat_kg
1141.659967701173,0.3356125545426412,bodyfat_kg,SERUM,0.8,Decision Tree Regressor,GridSearchCV,10.965166807408623,7.842678087495161,52.15033401642546,-0.13835704791861692,5036aab1b4aa499bab7dbc396f7a5da2,experiment_linear_bodyfat_kg
2537.879252524904,0.1218889299732329,bodyfat_kg,SERUM,0.8,Decision Tree Regressor,GridSearchCV,10.965166807408623,7.842678087495161,52.15033401642546,-0.13835704791861692,5036aab1b4aa499bab7dbc396f7a5da2,experiment_linear_bodyfat_kg
1415.504081575441,0.10418351757839493,bodyfat_kg,SERUM,0.8,Decision Tree Regressor,GridSearchCV,10.965166807408623,7.842678087495161,52.15033401642546,-0.13835704791861692,5036aab1b4aa499bab7dbc396f7a5da2,experiment_linear_bodyfat_kg
2719.156341990969,0.07699231237576963,bodyfat_kg,SERUM,0.8,Decision Tree Regressor,GridSearchCV,10.965166807408623,7.842678087495161,52.15033401642546,-0.13835704791861692,5036aab1b4aa499bab7dbc396f7a5da2,experiment_linear_bodyfat_kg
1305.580740090699,0.07408033030864972,bodyfat_kg,SERUM,0.8,Decision Tree Regressor,GridSearchCV,10.965166807408623,7.842678087495161,52.15033401642546,-0.13835704791861692,5036aab1b4aa499bab7dbc396f7a5da2,experiment_linear_bodyfat_kg
1076.091658745362,0.04198090830488222,bodyfat_kg,SERUM,0.8,Decision Tree Regressor,GridSearchCV,10.965166807408623,7.842678087495161,52.15033401642546,-0.13835704791861692,5036aab1b4aa499bab7dbc396f7a5da2,experiment_linear_bodyfat_kg
1745.274106029664,0.041403856163275785,bodyfat_kg,SERUM,0.8,Decision Tree Regressor,GridSearchCV,10.965166807408623,7.842678087495161,52.15033401642546,-0.13835704791861692,5036aab1b4aa499bab7dbc396f7a5da2,experiment_linear_bodyfat_kg
1209.156756332154,0.03505038172990574,bodyfat_kg,SERUM,0.8,Decision Tree Regressor,GridSearchCV,10.965166807408623,7.842678087495161,52.15033401642546,-0.13835704791861692,5036aab1b4aa499bab7dbc396f7a5da2,experiment_linear_bodyfat_kg
2613.089959856569,0.024442159358119477,bodyfat_kg,SERUM,0.8,Decision Tree Regressor,GridSearchCV,10.965166807408623,7.842678087495161,52.15033401642546,-0.13835704791861692,5036aab1b4aa499bab7dbc396f7a5da2,experiment_linear_bodyfat_kg
1421.289520600953,0.02377367975865015,bodyfat_kg,SERUM,0.8,Decision Tree Regressor,GridSearchCV,10.965166807408623,7.842678087495161,52.15033401642546,-0.13835704791861692,5036aab1b4aa499bab7dbc396f7a5da2,experiment_linear_bodyfat_kg
1330.650975867921,0.018869501675031052,bodyfat_kg,SERUM,0.8,Decision Tree Regressor,GridSearchCV,10.965166807408623,7.842678087495161,52.15033401642546,-0.13835704791861692,5036aab1b4aa499bab7dbc396f7a5da2,experiment_linear_bodyfat_kg
1278.582024638307,0.014699425678441786,bodyfat_kg,SERUM,0.8,Decision Tree Regressor,GridSearchCV,10.965166807408623,7.842678087495161,52.15033401642546,-0.13835704791861692,5036aab1b4aa499bab7dbc396f7a5da2,experiment_linear_bodyfat_kg
2507.02357772217,0.012674092098177995,bodyfat_kg,SERUM,0.8,Decision Tree Regressor,GridSearchCV,10.965166807408623,7.842678087495161,52.15033401642546,-0.13835704791861692,5036aab1b4aa499bab7dbc396f7a5da2,experiment_linear_bodyfat_kg
1454.073675078859,0.01250446297852057,bodyfat_kg,SERUM,0.8,Decision Tree Regressor,GridSearchCV,10.965166807408623,7.842678087495161,52.15033401642546,-0.13835704791861692,5036aab1b4aa499bab7dbc396f7a5da2,experiment_linear_bodyfat_kg
2744.226577768191,0.011064846926921376,bodyfat_kg,SERUM,0.8,Decision Tree Regressor,GridSearchCV,10.965166807408623,7.842678087495161,52.15033401642546,-0.13835704791861692,5036aab1b4aa499bab7dbc396f7a5da2,experiment_linear_bodyfat_kg
1504.214146633302,0.011064529773420845,bodyfat_kg,SERUM,0.8,Decision Tree Regressor,GridSearchCV,10.965166807408623,7.842678087495161,52.15033401642546,-0.13835704791861692,5036aab1b4aa499bab7dbc396f7a5da2,experiment_linear_bodyfat_kg
1668.134919022829,0.010349052222664277,bodyfat_kg,SERUM,0.8,Decision Tree Regressor,GridSearchCV,10.965166807408623,7.842678087495161,52.15033401642546,-0.13835704791861692,5036aab1b4aa499bab7dbc396f7a5da2,experiment_linear_bodyfat_kg
1178.30108152942,0.009504620019457025,bodyfat_kg,SERUM,0.8,Decision Tree Regressor,GridSearchCV,10.965166807408623,7.842678087495161,52.15033401642546,-0.13835704791861692,5036aab1b4aa499bab7dbc396f7a5da2,experiment_linear_bodyfat_kg
1332.579455543092,0.00601743644483105,bodyfat_kg,SERUM,0.8,Decision Tree Regressor,GridSearchCV,10.965166807408623,7.842678087495161,52.15033401642546,-0.13835704791861692,5036aab1b4aa499bab7dbc396f7a5da2,experiment_linear_bodyfat_kg
1253.511788861085,0.004873089374064028,bodyfat_kg,SERUM,0.8,Decision Tree Regressor,GridSearchCV,10.965166807408623,7.842678087495161,52.15033401642546,-0.13835704791861692,5036aab1b4aa499bab7dbc396f7a5da2,experiment_linear_bodyfat_kg
1141.659967701173,0.003983035052344681,bodyfat_kg,SERUM,0.8,Decision Tree Regressor,GridSearchCV,11.354471559268793,8.953658536585367,54.93592539112557,-0.22062389889923706,5036aab1b4aa499bab7dbc396f7a5da2,experiment_linear_bodyfat_kg
1139.731488026002,0.0038954059379356534,bodyfat_kg,SERUM,0.8,Decision Tree Regressor,GridSearchCV,11.354471559268793,8.953658536585367,54.93592539112557,-0.22062389889923706,5036aab1b4aa499bab7dbc396f7a5da2,experiment_linear_bodyfat_kg
1143.588447376344,0.0038816201100463177,bodyfat_kg,SERUM,0.8,Decision Tree Regressor,GridSearchCV,11.354471559268793,8.953658536585367,54.93592539112557,-0.22062389889923706,5036aab1b4aa499bab7dbc396f7a5da2,experiment_linear_bodyfat_kg
1145.516927051515,0.0037011116081158185,bodyfat_kg,SERUM,0.8,Decision Tree Regressor,GridSearchCV,11.354471559268793,8.953658536585367,54.93592539112557,-0.22062389889923706,5036aab1b4aa499bab7dbc396f7a5da2,experiment_linear_bodyfat_kg
1137.803008350831,0.003596816760339189,bodyfat_kg,SERUM,0.8,Decision Tree Regressor,GridSearchCV,11.354471559268793,8.953658536585367,54.93592539112557,-0.22062389889923706,5036aab1b4aa499bab7dbc396f7a5da2,experiment_linear_bodyfat_kg
1147.445406726686,0.0035214398494532863,bodyfat_kg,SERUM,0.8,Decision Tree Regressor,GridSearchCV,11.354471559268793,8.953658536585367,54.93592539112557,-0.22062389889923706,5036aab1b4aa499bab7dbc396f7a5da2,experiment_linear_bodyfat_kg
1149.373886401856,0.0033478916493966653,bodyfat_kg,SERUM,0.8,Decision Tree Regressor,GridSearchCV,11.354471559268793,8.953658536585367,54.93592539112557,-0.22062389889923706,5036aab1b4aa499bab7dbc396f7a5da2,experiment_linear_bodyfat_kg
1151.302366077027,0.0031740131525957124,bodyfat_kg,SERUM,0.8,Decision Tree Regressor,GridSearchCV,11.354471559268793,8.953658536585367,54.93592539112557,-0.22062389889923706,5036aab1b4aa499bab7dbc396f7a5da2,experiment_linear_bodyfat_kg
1135.87452867566,0.0031638906494838963,bodyfat_kg,SERUM,0.8,Decision Tree Regressor,GridSearchCV,11.354471559268793,8.953658536585367,54.93592539112557,-0.22062389889923706,5036aab1b4aa499bab7dbc396f7a5da2,experiment_linear_bodyfat_kg
1153.230845752198,0.0030434338756511496,bodyfat_kg,SERUM,0.8,Decision Tree Regressor,GridSearchCV,11.354471559268793,8.953658536585367,54.93592539112557,-0.22062389889923706,5036aab1b4aa499bab7dbc396f7a5da2,experiment_linear_bodyfat_kg
1099.233414847413,0.0030359625703601572,bodyfat_kg,SERUM,0.8,Decision Tree Regressor,GridSearchCV,11.354471559268793,8.953658536585367,54.93592539112557,-0.22062389889923706,5036aab1b4aa499bab7dbc396f7a5da2,experiment_linear_bodyfat_kg
1097.304935172242,0.003035200804607109,bodyfat_kg,SERUM,0.8,Decision Tree Regressor,GridSearchCV,11.354471559268793,8.953658536585367,54.93592539112557,-0.22062389889923706,5036aab1b4aa499bab7dbc396f7a5da2,experiment_linear_bodyfat_kg
1101.161894522584,0.0029937784757176037,bodyfat_kg,SERUM,0.8,Decision Tree Regressor,GridSearchCV,11.354471559268793,8.953658536585367,54.93592539112557,-0.22062389889923706,5036aab1b4aa499bab7dbc396f7a5da2,experiment_linear_bodyfat_kg
1070.306219719849,0.0029846477013892635,bodyfat_kg,SERUM,0.8,Decision Tree Regressor,GridSearchCV,11.354471559268793,8.953658536585367,54.93592539112557,-0.22062389889923706,5036aab1b4aa499bab7dbc396f7a5da2,experiment_linear_bodyfat_kg
1068.377740044679,0.002954763604433675,bodyfat_kg,SERUM,0.8,Decision Tree Regressor,GridSearchCV,11.354471559268793,8.953658536585367,54.93592539112557,-0.22062389889923706,5036aab1b4aa499bab7dbc396f7a5da2,experiment_linear_bodyfat_kg
1155.159325427369,0.002954741058179426,bodyfat_kg,SERUM,0.8,Decision Tree Regressor,GridSearchCV,11.354471559268793,8.953658536585367,54.93592539112557,-0.22062389889923706,5036aab1b4aa499bab7dbc396f7a5da2,experiment_linear_bodyfat_kg
1095.376455497071,0.002946318169715062,bodyfat_kg,SERUM,0.8,Decision Tree Regressor,GridSearchCV,11.354471559268793,8.953658536585367,54.93592539112557,-0.22062389889923706,5036aab1b4aa499bab7dbc396f7a5da2,experiment_linear_bodyfat_kg
1072.23469939502,0.0029421403251970665,bodyfat_kg,SERUM,0.8,Decision Tree Regressor,GridSearchCV,11.354471559268793,8.953658536585367,54.93592539112557,-0.22062389889923706,5036aab1b4aa499bab7dbc396f7a5da2,experiment_linear_bodyfat_kg
1103.090374197755,0.002929866400024721,bodyfat_kg,SERUM,0.8,Decision Tree Regressor,GridSearchCV,11.354471559268793,8.953658536585367,54.93592539112557,-0.22062389889923706,5036aab1b4aa499bab7dbc396f7a5da2,experiment_linear_bodyfat_kg
1106.947333548097,0.0029223976064417577,bodyfat_kg,SERUM,0.8,Decision Tree Regressor,GridSearchCV,11.354471559268793,8.953658536585367,54.93592539112557,-0.22062389889923706,5036aab1b4aa499bab7dbc396f7a5da2,experiment_linear_bodyfat_kg
1141.659967701173,0.3356125545426412,bodyfat_kg,SERUM,0.8,Decision Tree Regressor,GridSearchCV,10.965166807408623,7.842678087495161,52.15033401642547,-0.13835704791861692,5036aab1b4aa499bab7dbc396f7a5da2,experiment_linear_bodyfat_kg
2537.879252524904,0.1218889299732329,bodyfat_kg,SERUM,0.8,Decision Tree Regressor,GridSearchCV,10.965166807408623,7.842678087495161,52.15033401642547,-0.13835704791861692,5036aab1b4aa499bab7dbc396f7a5da2,experiment_linear_bodyfat_kg
1415.504081575441,0.10418351757839493,bodyfat_kg,SERUM,0.8,Decision Tree Regressor,GridSearchCV,10.965166807408623,7.842678087495161,52.15033401642547,-0.13835704791861692,5036aab1b4aa499bab7dbc396f7a5da2,experiment_linear_bodyfat_kg
2719.156341990969,0.07699231237576963,bodyfat_kg,SERUM,0.8,Decision Tree Regressor,GridSearchCV,10.965166807408623,7.842678087495161,52.15033401642547,-0.13835704791861692,5036aab1b4aa499bab7dbc396f7a5da2,experiment_linear_bodyfat_kg
1305.580740090699,0.07408033030864972,bodyfat_kg,SERUM,0.8,Decision Tree Regressor,GridSearchCV,10.965166807408623,7.842678087495161,52.15033401642547,-0.13835704791861692,5036aab1b4aa499bab7dbc396f7a5da2,experiment_linear_bodyfat_kg
1076.091658745362,0.04198090830488222,bodyfat_kg,SERUM,0.8,Decision Tree Regressor,GridSearchCV,10.965166807408623,7.842678087495161,52.15033401642547,-0.13835704791861692,5036aab1b4aa499bab7dbc396f7a5da2,experiment_linear_bodyfat_kg
1745.274106029664,0.041403856163275785,bodyfat_kg,SERUM,0.8,Decision Tree Regressor,GridSearchCV,10.965166807408623,7.842678087495161,52.15033401642547,-0.13835704791861692,5036aab1b4aa499bab7dbc396f7a5da2,experiment_linear_bodyfat_kg
1209.156756332154,0.03505038172990574,bodyfat_kg,SERUM,0.8,Decision Tree Regressor,GridSearchCV,10.965166807408623,7.842678087495161,52.15033401642547,-0.13835704791861692,5036aab1b4aa499bab7dbc396f7a5da2,experiment_linear_bodyfat_kg
2613.089959856569,0.024442159358119477,bodyfat_kg,SERUM,0.8,Decision Tree Regressor,GridSearchCV,10.965166807408623,7.842678087495161,52.15033401642547,-0.13835704791861692,5036aab1b4aa499bab7dbc396f7a5da2,experiment_linear_bodyfat_kg
1421.289520600953,0.02377367975865015,bodyfat_kg,SERUM,0.8,Decision Tree Regressor,GridSearchCV,10.965166807408623,7.842678087495161,52.15033401642547,-0.13835704791861692,5036aab1b4aa499bab7dbc396f7a5da2,experiment_linear_bodyfat_kg
1330.650975867921,0.018869501675031052,bodyfat_kg,SERUM,0.8,Decision Tree Regressor,GridSearchCV,10.965166807408623,7.842678087495161,52.15033401642547,-0.13835704791861692,5036aab1b4aa499bab7dbc396f7a5da2,experiment_linear_bodyfat_kg
1278.582024638307,0.014699425678441786,bodyfat_kg,SERUM,0.8,Decision Tree Regressor,GridSearchCV,10.965166807408623,7.842678087495161,52.15033401642547,-0.13835704791861692,5036aab1b4aa499bab7dbc396f7a5da2,experiment_linear_bodyfat_kg
2507.02357772217,0.012674092098177995,bodyfat_kg,SERUM,0.8,Decision Tree Regressor,GridSearchCV,10.965166807408623,7.842678087495161,52.15033401642547,-0.13835704791861692,5036aab1b4aa499bab7dbc396f7a5da2,experiment_linear_bodyfat_kg
1454.073675078859,0.01250446297852057,bodyfat_kg,SERUM,0.8,Decision Tree Regressor,GridSearchCV,10.965166807408623,7.842678087495161,52.15033401642547,-0.13835704791861692,5036aab1b4aa499bab7dbc396f7a5da2,experiment_linear_bodyfat_kg
2744.226577768191,0.011064846926921376,bodyfat_kg,SERUM,0.8,Decision Tree Regressor,GridSearchCV,10.965166807408623,7.842678087495161,52.15033401642547,-0.13835704791861692,5036aab1b4aa499bab7dbc396f7a5da2,experiment_linear_bodyfat_kg
1504.214146633302,0.011064529773420845,bodyfat_kg,SERUM,0.8,Decision Tree Regressor,GridSearchCV,10.965166807408623,7.842678087495161,52.15033401642547,-0.13835704791861692,5036aab1b4aa499bab7dbc396f7a5da2,experiment_linear_bodyfat_kg
1668.134919022829,0.010349052222664277,bodyfat_kg,SERUM,0.8,Decision Tree Regressor,GridSearchCV,10.965166807408623,7.842678087495161,52.15033401642547,-0.13835704791861692,5036aab1b4aa499bab7dbc396f7a5da2,experiment_linear_bodyfat_kg
1178.30108152942,0.009504620019457025,bodyfat_kg,SERUM,0.8,Decision Tree Regressor,GridSearchCV,10.965166807408623,7.842678087495161,52.15033401642547,-0.13835704791861692,5036aab1b4aa499bab7dbc396f7a5da2,experiment_linear_bodyfat_kg
1332.579455543092,0.006017436444831086,bodyfat_kg,SERUM,0.8,Decision Tree Regressor,GridSearchCV,10.965166807408623,7.842678087495161,52.15033401642547,-0.13835704791861692,5036aab1b4aa499bab7dbc396f7a5da2,experiment_linear_bodyfat_kg
1253.511788861085,0.004873089374064028,bodyfat_kg,SERUM,0.8,Decision Tree Regressor,GridSearchCV,10.965166807408623,7.842678087495161,52.15033401642547,-0.13835704791861692,5036aab1b4aa499bab7dbc396f7a5da2,experiment_linear_bodyfat_kg
1776.129780832399,0.0045625112780133086,bodyfat_kg,URINE,0.8,Decision Tree Regressor,GridSearchCV,11.750965385873622,9.061249999999998,50.02439226208407,-0.2282124012504918,5036aab1b4aa499bab7dbc396f7a5da2,experiment_linear_bodyfat_kg
1778.05826050757,0.004469581057031961,bodyfat_kg,URINE,0.8,Decision Tree Regressor,GridSearchCV,11.750965385873622,9.061249999999998,50.02439226208407,-0.2282124012504918,5036aab1b4aa499bab7dbc396f7a5da2,experiment_linear_bodyfat_kg
1779.986740182741,0.004434054036659806,bodyfat_kg,URINE,0.8,Decision Tree Regressor,GridSearchCV,11.750965385873622,9.061249999999998,50.02439226208407,-0.2282124012504918,5036aab1b4aa499bab7dbc396f7a5da2,experiment_linear_bodyfat_kg
1781.915219857912,0.0044317827957387704,bodyfat_kg,URINE,0.8,Decision Tree Regressor,GridSearchCV,11.750965385873622,9.061249999999998,50.02439226208407,-0.2282124012504918,5036aab1b4aa499bab7dbc396f7a5da2,experiment_linear_bodyfat_kg
1774.201301157228,0.004425252036270189,bodyfat_kg,URINE,0.8,Decision Tree Regressor,GridSearchCV,11.750965385873622,9.061249999999998,50.02439226208407,-0.2282124012504918,5036aab1b4aa499bab7dbc396f7a5da2,experiment_linear_bodyfat_kg
1783.843699533082,0.0042853342391311,bodyfat_kg,URINE,0.8,Decision Tree Regressor,GridSearchCV,11.750965385873622,9.061249999999998,50.02439226208407,-0.2282124012504918,5036aab1b4aa499bab7dbc396f7a5da2,experiment_linear_bodyfat_kg
1772.272821482057,0.004284889063530717,bodyfat_kg,URINE,0.8,Decision Tree Regressor,GridSearchCV,11.750965385873622,9.061249999999998,50.02439226208407,-0.2282124012504918,5036aab1b4aa499bab7dbc396f7a5da2,experiment_linear_bodyfat_kg
1770.344341806886,0.004240383315778785,bodyfat_kg,URINE,0.8,Decision Tree Regressor,GridSearchCV,11.750965385873622,9.061249999999998,50.02439226208407,-0.2282124012504918,5036aab1b4aa499bab7dbc396f7a5da2,experiment_linear_bodyfat_kg
3050.854846120364,0.0041982064532965985,bodyfat_kg,URINE,0.8,Decision Tree Regressor,GridSearchCV,11.750965385873622,9.061249999999998,50.02439226208407,-0.2282124012504918,5036aab1b4aa499bab7dbc396f7a5da2,experiment_linear_bodyfat_kg
935.3126424578863,0.004002887942949036,bodyfat_kg,URINE,0.8,Decision Tree Regressor,GridSearchCV,11.750965385873622,9.061249999999998,50.02439226208407,-0.2282124012504918,5036aab1b4aa499bab7dbc396f7a5da2,experiment_linear_bodyfat_kg
1768.415862131715,0.003978131128684864,bodyfat_kg,URINE,0.8,Decision Tree Regressor,GridSearchCV,11.750965385873622,9.061249999999998,50.02439226208407,-0.2282124012504918,5036aab1b4aa499bab7dbc396f7a5da2,experiment_linear_bodyfat_kg
1785.772179208253,0.003920470388789795,bodyfat_kg,URINE,0.8,Decision Tree Regressor,GridSearchCV,11.750965385873622,9.061249999999998,50.02439226208407,-0.2282124012504918,5036aab1b4aa499bab7dbc396f7a5da2,experiment_linear_bodyfat_kg
1766.487382456544,0.0038342144099736118,bodyfat_kg,URINE,0.8,Decision Tree Regressor,GridSearchCV,11.750965385873622,9.061249999999998,50.02439226208407,-0.2282124012504918,5036aab1b4aa499bab7dbc396f7a5da2,experiment_linear_bodyfat_kg
1764.558902781373,0.0037504815199187317,bodyfat_kg,URINE,0.8,Decision Tree Regressor,GridSearchCV,11.750965385873622,9.061249999999998,50.02439226208407,-0.2282124012504918,5036aab1b4aa499bab7dbc396f7a5da2,experiment_linear_bodyfat_kg
933.3841627827155,0.0036564627845025333,bodyfat_kg,URINE,0.8,Decision Tree Regressor,GridSearchCV,11.750965385873622,9.061249999999998,50.02439226208407,-0.2282124012504918,5036aab1b4aa499bab7dbc396f7a5da2,experiment_linear_bodyfat_kg
3046.997886770022,0.0035379832841362017,bodyfat_kg,URINE,0.8,Decision Tree Regressor,GridSearchCV,11.750965385873622,9.061249999999998,50.02439226208407,-0.2282124012504918,5036aab1b4aa499bab7dbc396f7a5da2,experiment_linear_bodyfat_kg
1787.700658883424,0.0035199115193887453,bodyfat_kg,URINE,0.8,Decision Tree Regressor,GridSearchCV,11.750965385873622,9.061249999999998,50.02439226208407,-0.2282124012504918,5036aab1b4aa499bab7dbc396f7a5da2,experiment_linear_bodyfat_kg
937.2411221330576,0.003394126545101366,bodyfat_kg,URINE,0.8,Decision Tree Regressor,GridSearchCV,11.750965385873622,9.061249999999998,50.02439226208407,-0.2282124012504918,5036aab1b4aa499bab7dbc396f7a5da2,experiment_linear_bodyfat_kg
1762.630423106202,0.003330533209527275,bodyfat_kg,URINE,0.8,Decision Tree Regressor,GridSearchCV,11.750965385873622,9.061249999999998,50.02439226208407,-0.2282124012504918,5036aab1b4aa499bab7dbc396f7a5da2,experiment_linear_bodyfat_kg
1511.928065333986,0.0032376636521253602,bodyfat_kg,URINE,0.8,Decision Tree Regressor,GridSearchCV,11.750965385873622,9.061249999999998,50.02439226208407,-0.2282124012504918,5036aab1b4aa499bab7dbc396f7a5da2,experiment_linear_bodyfat_kg
1479.14391085608,0.08553409538825361,bodyfat_kg,URINE,0.8,Decision Tree Regressor,GridSearchCV,12.238073275642698,9.33625,59.83376684171836,-0.33214801680456607,5036aab1b4aa499bab7dbc396f7a5da2,experiment_linear_bodyfat_kg
1563.9970165636,0.06740244383129704,bodyfat_kg,URINE,0.8,Decision Tree Regressor,GridSearchCV,12.238073275642698,9.33625,59.83376684171836,-0.33214801680456607,5036aab1b4aa499bab7dbc396f7a5da2,experiment_linear_bodyfat_kg
2642.017154984133,0.05938772828800441,bodyfat_kg,URINE,0.8,Decision Tree Regressor,GridSearchCV,12.238073275642698,9.33625,59.83376684171836,-0.33214801680456607,5036aab1b4aa499bab7dbc396f7a5da2,experiment_linear_bodyfat_kg
973.8822359613046,0.055183287347260614,bodyfat_kg,URINE,0.8,Decision Tree Regressor,GridSearchCV,12.238073275642698,9.33625,59.83376684171836,-0.33214801680456607,5036aab1b4aa499bab7dbc396f7a5da2,experiment_linear_bodyfat_kg
1637.279244220094,0.05386939955327795,bodyfat_kg,URINE,0.8,Decision Tree Regressor,GridSearchCV,12.238073275642698,9.33625,59.83376684171836,-0.33214801680456607,5036aab1b4aa499bab7dbc396f7a5da2,experiment_linear_bodyfat_kg
1429.003439301637,0.04743134936276454,bodyfat_kg,URINE,0.8,Decision Tree Regressor,GridSearchCV,12.238073275642698,9.33625,59.83376684171836,-0.33214801680456607,5036aab1b4aa499bab7dbc396f7a5da2,experiment_linear_bodyfat_kg
1845.555049138551,0.037314413349099955,bodyfat_kg,URINE,0.8,Decision Tree Regressor,GridSearchCV,12.238073275642698,9.33625,59.83376684171836,-0.33214801680456607,5036aab1b4aa499bab7dbc396f7a5da2,experiment_linear_bodyfat_kg
1297.866821390016,0.037051635790303517,bodyfat_kg,URINE,0.8,Decision Tree Regressor,GridSearchCV,12.238073275642698,9.33625,59.83376684171836,-0.33214801680456607,5036aab1b4aa499bab7dbc396f7a5da2,experiment_linear_bodyfat_kg
1689.348195449708,0.03652608067271056,bodyfat_kg,URINE,0.8,Decision Tree Regressor,GridSearchCV,12.238073275642698,9.33625,59.83376684171836,-0.33214801680456607,5036aab1b4aa499bab7dbc396f7a5da2,experiment_linear_bodyfat_kg
1033.665105891602,0.03547497043752452,bodyfat_kg,URINE,0.8,Decision Tree Regressor,GridSearchCV,12.238073275642698,9.33625,59.83376684171836,-0.33214801680456607,5036aab1b4aa499bab7dbc396f7a5da2,experiment_linear_bodyfat_kg
2798.224008672976,0.034423860202338695,bodyfat_kg,URINE,0.8,Decision Tree Regressor,GridSearchCV,12.238073275642698,9.33625,59.83376684171836,-0.33214801680456607,5036aab1b4aa499bab7dbc396f7a5da2,experiment_linear_bodyfat_kg
1668.134919022829,0.03310997240835619,bodyfat_kg,URINE,0.8,Decision Tree Regressor,GridSearchCV,12.238073275642698,9.33625,59.83376684171836,-0.33214801680456607,5036aab1b4aa499bab7dbc396f7a5da2,experiment_linear_bodyfat_kg
993.1670327130137,0.03205886217317051,bodyfat_kg,URINE,0.8,Decision Tree Regressor,GridSearchCV,12.238073275642698,9.33625,59.83376684171836,-0.33214801680456607,5036aab1b4aa499bab7dbc396f7a5da2,experiment_linear_bodyfat_kg
1135.87452867566,0.030744974379187995,bodyfat_kg,URINE,0.8,Decision Tree Regressor,GridSearchCV,12.238073275642698,9.33625,59.83376684171836,-0.33214801680456607,5036aab1b4aa499bab7dbc396f7a5da2,experiment_linear_bodyfat_kg
1666.206439347658,0.030088030482196826,bodyfat_kg,URINE,0.8,Decision Tree Regressor,GridSearchCV,12.238073275642698,9.33625,59.83376684171836,-0.33214801680456607,5036aab1b4aa499bab7dbc396f7a5da2,experiment_linear_bodyfat_kg
1282.438983988648,0.029693864144002036,bodyfat_kg,URINE,0.8,Decision Tree Regressor,GridSearchCV,12.238073275642698,9.33625,59.83376684171836,-0.33214801680456607,5036aab1b4aa499bab7dbc396f7a5da2,experiment_linear_bodyfat_kg
2989.143496514895,0.02601497832085141,bodyfat_kg,URINE,0.8,Decision Tree Regressor,GridSearchCV,12.238073275642698,9.33625,59.83376684171836,-0.33214801680456607,5036aab1b4aa499bab7dbc396f7a5da2,experiment_linear_bodyfat_kg
1600.638130391847,0.023255813953488344,bodyfat_kg,URINE,0.8,Decision Tree Regressor,GridSearchCV,12.238073275642698,9.33625,59.83376684171836,-0.33214801680456607,5036aab1b4aa499bab7dbc396f7a5da2,experiment_linear_bodyfat_kg
1683.562756424196,0.021547759821311303,bodyfat_kg,URINE,0.8,Decision Tree Regressor,GridSearchCV,12.238073275642698,9.33625,59.83376684171836,-0.33214801680456607,5036aab1b4aa499bab7dbc396f7a5da2,experiment_linear_bodyfat_kg
1097.304935172242,0.020365260806727115,bodyfat_kg,URINE,0.8,Decision Tree Regressor,GridSearchCV,12.238073275642698,9.33625,59.83376684171836,-0.33214801680456607,5036aab1b4aa499bab7dbc396f7a5da2,experiment_linear_bodyfat_kg
1776.129780832399,0.004562511278013306,bodyfat_kg,URINE,0.8,Decision Tree Regressor,GridSearchCV,11.750965385873622,9.061249999999998,50.02439226208407,-0.2282124012504918,5036aab1b4aa499bab7dbc396f7a5da2,experiment_linear_bodyfat_kg
1778.05826050757,0.00446958105703196,bodyfat_kg,URINE,0.8,Decision Tree Regressor,GridSearchCV,11.750965385873622,9.061249999999998,50.02439226208407,-0.2282124012504918,5036aab1b4aa499bab7dbc396f7a5da2,experiment_linear_bodyfat_kg
1779.986740182741,0.004434054036659803,bodyfat_kg,URINE,0.8,Decision Tree Regressor,GridSearchCV,11.750965385873622,9.061249999999998,50.02439226208407,-0.2282124012504918,5036aab1b4aa499bab7dbc396f7a5da2,experiment_linear_bodyfat_kg
1781.915219857912,0.004431782795738769,bodyfat_kg,URINE,0.8,Decision Tree Regressor,GridSearchCV,11.750965385873622,9.061249999999998,50.02439226208407,-0.2282124012504918,5036aab1b4aa499bab7dbc396f7a5da2,experiment_linear_bodyfat_kg
1774.201301157228,0.004425252036270187,bodyfat_kg,URINE,0.8,Decision Tree Regressor,GridSearchCV,11.750965385873622,9.061249999999998,50.02439226208407,-0.2282124012504918,5036aab1b4aa499bab7dbc396f7a5da2,experiment_linear_bodyfat_kg
1783.843699533082,0.004285334239131098,bodyfat_kg,URINE,0.8,Decision Tree Regressor,GridSearchCV,11.750965385873622,9.061249999999998,50.02439226208407,-0.2282124012504918,5036aab1b4aa499bab7dbc396f7a5da2,experiment_linear_bodyfat_kg
1772.272821482057,0.004284889063530714,bodyfat_kg,URINE,0.8,Decision Tree Regressor,GridSearchCV,11.750965385873622,9.061249999999998,50.02439226208407,-0.2282124012504918,5036aab1b4aa499bab7dbc396f7a5da2,experiment_linear_bodyfat_kg
1770.344341806886,0.004240383315778783,bodyfat_kg,URINE,0.8,Decision Tree Regressor,GridSearchCV,11.750965385873622,9.061249999999998,50.02439226208407,-0.2282124012504918,5036aab1b4aa499bab7dbc396f7a5da2,experiment_linear_bodyfat_kg
3050.854846120364,0.004198206453296587,bodyfat_kg,URINE,0.8,Decision Tree Regressor,GridSearchCV,11.750965385873622,9.061249999999998,50.02439226208407,-0.2282124012504918,5036aab1b4aa499bab7dbc396f7a5da2,experiment_linear_bodyfat_kg
935.3126424578863,0.004002887942949037,bodyfat_kg,URINE,0.8,Decision Tree Regressor,GridSearchCV,11.750965385873622,9.061249999999998,50.02439226208407,-0.2282124012504918,5036aab1b4aa499bab7dbc396f7a5da2,experiment_linear_bodyfat_kg
1768.415862131715,0.003978131128684861,bodyfat_kg,URINE,0.8,Decision Tree Regressor,GridSearchCV,11.750965385873622,9.061249999999998,50.02439226208407,-0.2282124012504918,5036aab1b4aa499bab7dbc396f7a5da2,experiment_linear_bodyfat_kg
1785.772179208253,0.003920470388789793,bodyfat_kg,URINE,0.8,Decision Tree Regressor,GridSearchCV,11.750965385873622,9.061249999999998,50.02439226208407,-0.2282124012504918,5036aab1b4aa499bab7dbc396f7a5da2,experiment_linear_bodyfat_kg
1766.487382456544,0.0038342144099736066,bodyfat_kg,URINE,0.8,Decision Tree Regressor,GridSearchCV,11.750965385873622,9.061249999999998,50.02439226208407,-0.2282124012504918,5036aab1b4aa499bab7dbc396f7a5da2,experiment_linear_bodyfat_kg
1764.558902781373,0.0037504815199187282,bodyfat_kg,URINE,0.8,Decision Tree Regressor,GridSearchCV,11.750965385873622,9.061249999999998,50.02439226208407,-0.2282124012504918,5036aab1b4aa499bab7dbc396f7a5da2,experiment_linear_bodyfat_kg
933.3841627827155,0.0036564627845025364,bodyfat_kg,URINE,0.8,Decision Tree Regressor,GridSearchCV,11.750965385873622,9.061249999999998,50.02439226208407,-0.2282124012504918,5036aab1b4aa499bab7dbc396f7a5da2,experiment_linear_bodyfat_kg
3046.997886770022,0.003537983284136201,bodyfat_kg,URINE,0.8,Decision Tree Regressor,GridSearchCV,11.750965385873622,9.061249999999998,50.02439226208407,-0.2282124012504918,5036aab1b4aa499bab7dbc396f7a5da2,experiment_linear_bodyfat_kg
1787.700658883424,0.0035199115193887435,bodyfat_kg,URINE,0.8,Decision Tree Regressor,GridSearchCV,11.750965385873622,9.061249999999998,50.02439226208407,-0.2282124012504918,5036aab1b4aa499bab7dbc396f7a5da2,experiment_linear_bodyfat_kg
937.2411221330576,0.003394126545101365,bodyfat_kg,URINE,0.8,Decision Tree Regressor,GridSearchCV,11.750965385873622,9.061249999999998,50.02439226208407,-0.2282124012504918,5036aab1b4aa499bab7dbc396f7a5da2,experiment_linear_bodyfat_kg
1762.630423106202,0.0033305332095272732,bodyfat_kg,URINE,0.8,Decision Tree Regressor,GridSearchCV,11.750965385873622,9.061249999999998,50.02439226208407,-0.2282124012504918,5036aab1b4aa499bab7dbc396f7a5da2,experiment_linear_bodyfat_kg
1511.928065333986,0.0032376636521253607,bodyfat_kg,URINE,0.8,Decision Tree Regressor,GridSearchCV,11.750965385873622,9.061249999999998,50.02439226208407,-0.2282124012504918,5036aab1b4aa499bab7dbc396f7a5da2,experiment_linear_bodyfat_kg
1479.14391085608,0.08553409538825361,bodyfat_kg,URINE,0.8,Decision Tree Regressor,GridSearchCV,12.238073275642698,9.33625,59.83376684171836,-0.33214801680456607,5036aab1b4aa499bab7dbc396f7a5da2,experiment_linear_bodyfat_kg
1563.9970165636,0.06740244383129704,bodyfat_kg,URINE,0.8,Decision Tree Regressor,GridSearchCV,12.238073275642698,9.33625,59.83376684171836,-0.33214801680456607,5036aab1b4aa499bab7dbc396f7a5da2,experiment_linear_bodyfat_kg
2642.017154984133,0.05938772828800441,bodyfat_kg,URINE,0.8,Decision Tree Regressor,GridSearchCV,12.238073275642698,9.33625,59.83376684171836,-0.33214801680456607,5036aab1b4aa499bab7dbc396f7a5da2,experiment_linear_bodyfat_kg
973.8822359613046,0.055183287347260614,bodyfat_kg,URINE,0.8,Decision Tree Regressor,GridSearchCV,12.238073275642698,9.33625,59.83376684171836,-0.33214801680456607,5036aab1b4aa499bab7dbc396f7a5da2,experiment_linear_bodyfat_kg
1637.279244220094,0.05386939955327795,bodyfat_kg,URINE,0.8,Decision Tree Regressor,GridSearchCV,12.238073275642698,9.33625,59.83376684171836,-0.33214801680456607,5036aab1b4aa499bab7dbc396f7a5da2,experiment_linear_bodyfat_kg
1429.003439301637,0.04743134936276454,bodyfat_kg,URINE,0.8,Decision Tree Regressor,GridSearchCV,12.238073275642698,9.33625,59.83376684171836,-0.33214801680456607,5036aab1b4aa499bab7dbc396f7a5da2,experiment_linear_bodyfat_kg
1845.555049138551,0.037314413349099955,bodyfat_kg,URINE,0.8,Decision Tree Regressor,GridSearchCV,12.238073275642698,9.33625,59.83376684171836,-0.33214801680456607,5036aab1b4aa499bab7dbc396f7a5da2,experiment_linear_bodyfat_kg
1297.866821390016,0.037051635790303517,bodyfat_kg,URINE,0.8,Decision Tree Regressor,GridSearchCV,12.238073275642698,9.33625,59.83376684171836,-0.33214801680456607,5036aab1b4aa499bab7dbc396f7a5da2,experiment_linear_bodyfat_kg
1689.348195449708,0.03652608067271056,bodyfat_kg,URINE,0.8,Decision Tree Regressor,GridSearchCV,12.238073275642698,9.33625,59.83376684171836,-0.33214801680456607,5036aab1b4aa499bab7dbc396f7a5da2,experiment_linear_bodyfat_kg
1033.665105891602,0.03547497043752452,bodyfat_kg,URINE,0.8,Decision Tree Regressor,GridSearchCV,12.238073275642698,9.33625,59.83376684171836,-0.33214801680456607,5036aab1b4aa499bab7dbc396f7a5da2,experiment_linear_bodyfat_kg
2798.224008672976,0.034423860202338695,bodyfat_kg,URINE,0.8,Decision Tree Regressor,GridSearchCV,12.238073275642698,9.33625,59.83376684171836,-0.33214801680456607,5036aab1b4aa499bab7dbc396f7a5da2,experiment_linear_bodyfat_kg
1668.134919022829,0.03310997240835619,bodyfat_kg,URINE,0.8,Decision Tree Regressor,GridSearchCV,12.238073275642698,9.33625,59.83376684171836,-0.33214801680456607,5036aab1b4aa499bab7dbc396f7a5da2,experiment_linear_bodyfat_kg
993.1670327130137,0.03205886217317051,bodyfat_kg,URINE,0.8,Decision Tree Regressor,GridSearchCV,12.238073275642698,9.33625,59.83376684171836,-0.33214801680456607,5036aab1b4aa499bab7dbc396f7a5da2,experiment_linear_bodyfat_kg
1135.87452867566,0.030744974379187995,bodyfat_kg,URINE,0.8,Decision Tree Regressor,GridSearchCV,12.238073275642698,9.33625,59.83376684171836,-0.33214801680456607,5036aab1b4aa499bab7dbc396f7a5da2,experiment_linear_bodyfat_kg
1666.206439347658,0.030088030482196826,bodyfat_kg,URINE,0.8,Decision Tree Regressor,GridSearchCV,12.238073275642698,9.33625,59.83376684171836,-0.33214801680456607,5036aab1b4aa499bab7dbc396f7a5da2,experiment_linear_bodyfat_kg
1282.438983988648,0.029693864144002036,bodyfat_kg,URINE,0.8,Decision Tree Regressor,GridSearchCV,12.238073275642698,9.33625,59.83376684171836,-0.33214801680456607,5036aab1b4aa499bab7dbc396f7a5da2,experiment_linear_bodyfat_kg
2989.143496514895,0.02601497832085141,bodyfat_kg,URINE,0.8,Decision Tree Regressor,GridSearchCV,12.238073275642698,9.33625,59.83376684171836,-0.33214801680456607,5036aab1b4aa499bab7dbc396f7a5da2,experiment_linear_bodyfat_kg
1600.638130391847,0.023255813953488344,bodyfat_kg,URINE,0.8,Decision Tree Regressor,GridSearchCV,12.238073275642698,9.33625,59.83376684171836,-0.33214801680456607,5036aab1b4aa499bab7dbc396f7a5da2,experiment_linear_bodyfat_kg
1683.562756424196,0.021547759821311303,bodyfat_kg,URINE,0.8,Decision Tree Regressor,GridSearchCV,12.238073275642698,9.33625,59.83376684171836,-0.33214801680456607,5036aab1b4aa499bab7dbc396f7a5da2,experiment_linear_bodyfat_kg
1097.304935172242,0.020365260806727115,bodyfat_kg,URINE,0.8,Decision Tree Regressor,GridSearchCV,12.238073275642698,9.33625,59.83376684171836,-0.33214801680456607,5036aab1b4aa499bab7dbc396f7a5da2,experiment_linear_bodyfat_kg
1602.566610067018,0.021754321397626546,bodyfat_kg,CAPILAR,0.8,XGBoost Regressor,GridSearchCV,9.387079831801282,7.113109102249146,46.898290961378905,-0.04378691603993823,5036aab1b4aa499bab7dbc396f7a5da2,experiment_linear_bodyfat_kg
1600.638130391847,0.01325801535946295,bodyfat_kg,CAPILAR,0.8,XGBoost Regressor,GridSearchCV,9.387079831801282,7.113109102249146,46.898290961378905,-0.04378691603993823,5036aab1b4aa499bab7dbc396f7a5da2,experiment_linear_bodyfat_kg
1604.495089742189,0.013231801229880097,bodyfat_kg,CAPILAR,0.8,XGBoost Regressor,GridSearchCV,9.387079831801282,7.113109102249146,46.898290961378905,-0.04378691603993823,5036aab1b4aa499bab7dbc396f7a5da2,experiment_linear_bodyfat_kg
1641.136203570436,0.013153009740003017,bodyfat_kg,CAPILAR,0.8,XGBoost Regressor,GridSearchCV,9.387079831801282,7.113109102249146,46.898290961378905,-0.04378691603993823,5036aab1b4aa499bab7dbc396f7a5da2,experiment_linear_bodyfat_kg
1639.207723895265,0.01218158242319403,bodyfat_kg,CAPILAR,0.8,XGBoost Regressor,GridSearchCV,9.387079831801282,7.113109102249146,46.898290961378905,-0.04378691603993823,5036aab1b4aa499bab7dbc396f7a5da2,experiment_linear_bodyfat_kg
1637.279244220094,0.009953446214676835,bodyfat_kg,CAPILAR,0.8,XGBoost Regressor,GridSearchCV,9.387079831801282,7.113109102249146,46.898290961378905,-0.04378691603993823,5036aab1b4aa499bab7dbc396f7a5da2,experiment_linear_bodyfat_kg
1643.064683245607,0.009803802423661774,bodyfat_kg,CAPILAR,0.8,XGBoost Regressor,GridSearchCV,9.387079831801282,7.113109102249146,46.898290961378905,-0.04378691603993823,5036aab1b4aa499bab7dbc396f7a5da2,experiment_linear_bodyfat_kg
1606.42356941736,0.008783344209562411,bodyfat_kg,CAPILAR,0.8,XGBoost Regressor,GridSearchCV,9.387079831801282,7.113109102249146,46.898290961378905,-0.04378691603993823,5036aab1b4aa499bab7dbc396f7a5da2,experiment_linear_bodyfat_kg
1635.350764544923,0.00825453647071303,bodyfat_kg,CAPILAR,0.8,XGBoost Regressor,GridSearchCV,9.387079831801282,7.113109102249146,46.898290961378905,-0.04378691603993823,5036aab1b4aa499bab7dbc396f7a5da2,experiment_linear_bodyfat_kg
1633.422284869752,0.007177342798141334,bodyfat_kg,CAPILAR,0.8,XGBoost Regressor,GridSearchCV,9.387079831801282,7.113109102249146,46.898290961378905,-0.04378691603993823,5036aab1b4aa499bab7dbc396f7a5da2,experiment_linear_bodyfat_kg
1598.709650716676,0.007041110087090145,bodyfat_kg,CAPILAR,0.8,XGBoost Regressor,GridSearchCV,9.387079831801282,7.113109102249146,46.898290961378905,-0.04378691603993823,5036aab1b4aa499bab7dbc396f7a5da2,experiment_linear_bodyfat_kg
1608.35204909253,0.006729930131549581,bodyfat_kg,CAPILAR,0.8,XGBoost Regressor,GridSearchCV,9.387079831801282,7.113109102249146,46.898290961378905,-0.04378691603993823,5036aab1b4aa499bab7dbc396f7a5da2,experiment_linear_bodyfat_kg
1631.493805194581,0.006284175966664274,bodyfat_kg,CAPILAR,0.8,XGBoost Regressor,GridSearchCV,9.387079831801282,7.113109102249146,46.898290961378905,-0.04378691603993823,5036aab1b4aa499bab7dbc396f7a5da2,experiment_linear_bodyfat_kg
1610.280528767702,0.005794340154945665,bodyfat_kg,CAPILAR,0.8,XGBoost Regressor,GridSearchCV,9.387079831801282,7.113109102249146,46.898290961378905,-0.04378691603993823,5036aab1b4aa499bab7dbc396f7a5da2,experiment_linear_bodyfat_kg
1629.56532551941,0.005389081696095961,bodyfat_kg,CAPILAR,0.8,XGBoost Regressor,GridSearchCV,9.387079831801282,7.113109102249146,46.898290961378905,-0.04378691603993823,5036aab1b4aa499bab7dbc396f7a5da2,experiment_linear_bodyfat_kg
1612.209008442873,0.0053545608160122824,bodyfat_kg,CAPILAR,0.8,XGBoost Regressor,GridSearchCV,9.387079831801282,7.113109102249146,46.898290961378905,-0.04378691603993823,5036aab1b4aa499bab7dbc396f7a5da2,experiment_linear_bodyfat_kg
1064.520780694337,0.005002563761899444,bodyfat_kg,CAPILAR,0.8,XGBoost Regressor,GridSearchCV,9.387079831801282,7.113109102249146,46.898290961378905,-0.04378691603993823,5036aab1b4aa499bab7dbc396f7a5da2,experiment_linear_bodyfat_kg
1614.137488118043,0.0050010915677006626,bodyfat_kg,CAPILAR,0.8,XGBoost Regressor,GridSearchCV,9.387079831801282,7.113109102249146,46.898290961378905,-0.04378691603993823,5036aab1b4aa499bab7dbc396f7a5da2,experiment_linear_bodyfat_kg
1066.449260369508,0.004806956079965446,bodyfat_kg,CAPILAR,0.8,XGBoost Regressor,GridSearchCV,9.387079831801282,7.113109102249146,46.898290961378905,-0.04378691603993823,5036aab1b4aa499bab7dbc396f7a5da2,experiment_linear_bodyfat_kg
1596.781171041505,0.004639439737928184,bodyfat_kg,CAPILAR,0.8,XGBoost Regressor,GridSearchCV,9.387079831801282,7.113109102249146,46.898290961378905,-0.04378691603993823,5036aab1b4aa499bab7dbc396f7a5da2,experiment_linear_bodyfat_kg
1637.279244220094,0.015811940655112267,bodyfat_kg,CAPILAR,0.8,XGBoost Regressor,GridSearchCV,9.888835672250377,7.704877910614013,48.90222064381067,-0.1583535824128719,5036aab1b4aa499bab7dbc396f7a5da2,experiment_linear_bodyfat_kg
1045.235983942628,0.015072795562446117,bodyfat_kg,CAPILAR,0.8,XGBoost Regressor,GridSearchCV,9.888835672250377,7.704877910614013,48.90222064381067,-0.1583535824128719,5036aab1b4aa499bab7dbc396f7a5da2,experiment_linear_bodyfat_kg
1633.422284869752,0.0145186772570014,bodyfat_kg,CAPILAR,0.8,XGBoost Regressor,GridSearchCV,9.888835672250377,7.704877910614013,48.90222064381067,-0.1583535824128719,5036aab1b4aa499bab7dbc396f7a5da2,experiment_linear_bodyfat_kg
1625.708366169069,0.014066122472286224,bodyfat_kg,CAPILAR,0.8,XGBoost Regressor,GridSearchCV,9.888835672250377,7.704877910614013,48.90222064381067,-0.1583535824128719,5036aab1b4aa499bab7dbc396f7a5da2,experiment_linear_bodyfat_kg
1639.207723895265,0.013600231148302555,bodyfat_kg,CAPILAR,0.8,XGBoost Regressor,GridSearchCV,9.888835672250377,7.704877910614013,48.90222064381067,-0.1583535824128719,5036aab1b4aa499bab7dbc396f7a5da2,experiment_linear_bodyfat_kg
1623.779886493898,0.01312783733010292,bodyfat_kg,CAPILAR,0.8,XGBoost Regressor,GridSearchCV,9.888835672250377,7.704877910614013,48.90222064381067,-0.1583535824128719,5036aab1b4aa499bab7dbc396f7a5da2,experiment_linear_bodyfat_kg
2913.93278918323,0.013024836778640747,bodyfat_kg,CAPILAR,0.8,XGBoost Regressor,GridSearchCV,9.888835672250377,7.704877910614013,48.90222064381067,-0.1583535824128719,5036aab1b4aa499bab7dbc396f7a5da2,experiment_linear_bodyfat_kg
2622.732358232424,0.012894462794065475,bodyfat_kg,CAPILAR,0.8,XGBoost Regressor,GridSearchCV,9.888835672250377,7.704877910614013,48.90222064381067,-0.1583535824128719,5036aab1b4aa499bab7dbc396f7a5da2,experiment_linear_bodyfat_kg
1631.493805194581,0.012572270818054676,bodyfat_kg,CAPILAR,0.8,XGBoost Regressor,GridSearchCV,9.888835672250377,7.704877910614013,48.90222064381067,-0.1583535824128719,5036aab1b4aa499bab7dbc396f7a5da2,experiment_linear_bodyfat_kg
1627.63684584424,0.012426055036485195,bodyfat_kg,CAPILAR,0.8,XGBoost Regressor,GridSearchCV,9.888835672250377,7.704877910614013,48.90222064381067,-0.1583535824128719,5036aab1b4aa499bab7dbc396f7a5da2,experiment_linear_bodyfat_kg
1708.632992201417,0.01211406197398901,bodyfat_kg,CAPILAR,0.8,XGBoost Regressor,GridSearchCV,9.888835672250377,7.704877910614013,48.90222064381067,-0.1583535824128719,5036aab1b4aa499bab7dbc396f7a5da2,experiment_linear_bodyfat_kg
1378.862967747194,0.011747210286557674,bodyfat_kg,CAPILAR,0.8,XGBoost Regressor,GridSearchCV,9.888835672250377,7.704877910614013,48.90222064381067,-0.1583535824128719,5036aab1b4aa499bab7dbc396f7a5da2,experiment_linear_bodyfat_kg
1662.349479997316,0.011666998267173767,bodyfat_kg,CAPILAR,0.8,XGBoost Regressor,GridSearchCV,9.888835672250377,7.704877910614013,48.90222064381067,-0.1583535824128719,5036aab1b4aa499bab7dbc396f7a5da2,experiment_linear_bodyfat_kg
1054.878382318482,0.011453348211944103,bodyfat_kg,CAPILAR,0.8,XGBoost Regressor,GridSearchCV,9.888835672250377,7.704877910614013,48.90222064381067,-0.1583535824128719,5036aab1b4aa499bab7dbc396f7a5da2,experiment_linear_bodyfat_kg
2701.800024914431,0.011362959630787373,bodyfat_kg,CAPILAR,0.8,XGBoost Regressor,GridSearchCV,9.888835672250377,7.704877910614013,48.90222064381067,-0.1583535824128719,5036aab1b4aa499bab7dbc396f7a5da2,experiment_linear_bodyfat_kg
2595.733642780031,0.011299069970846176,bodyfat_kg,CAPILAR,0.8,XGBoost Regressor,GridSearchCV,9.888835672250377,7.704877910614013,48.90222064381067,-0.1583535824128719,5036aab1b4aa499bab7dbc396f7a5da2,experiment_linear_bodyfat_kg
1660.421000322145,0.01104520820081234,bodyfat_kg,CAPILAR,0.8,XGBoost Regressor,GridSearchCV,9.888835672250377,7.704877910614013,48.90222064381067,-0.1583535824128719,5036aab1b4aa499bab7dbc396f7a5da2,experiment_linear_bodyfat_kg
1731.774748303468,0.011038066819310188,bodyfat_kg,CAPILAR,0.8,XGBoost Regressor,GridSearchCV,9.888835672250377,7.704877910614013,48.90222064381067,-0.1583535824128719,5036aab1b4aa499bab7dbc396f7a5da2,experiment_linear_bodyfat_kg
1486.857829556764,0.010898907668888569,bodyfat_kg,CAPILAR,0.8,XGBoost Regressor,GridSearchCV,9.888835672250377,7.704877910614013,48.90222064381067,-0.1583535824128719,5036aab1b4aa499bab7dbc396f7a5da2,experiment_linear_bodyfat_kg
1656.564040971803,0.010450038127601147,bodyfat_kg,CAPILAR,0.8,XGBoost Regressor,GridSearchCV,9.888835672250377,7.704877910614013,48.90222064381067,-0.1583535824128719,5036aab1b4aa499bab7dbc396f7a5da2,experiment_linear_bodyfat_kg
1602.566610067018,0.021754321397626585,bodyfat_kg,CAPILAR,0.8,XGBoost Regressor,GridSearchCV,9.387079831801282,7.113109102249146,46.898290961378905,-0.04378691603993823,5036aab1b4aa499bab7dbc396f7a5da2,experiment_linear_bodyfat_kg
1600.638130391847,0.013258015359462975,bodyfat_kg,CAPILAR,0.8,XGBoost Regressor,GridSearchCV,9.387079831801282,7.113109102249146,46.898290961378905,-0.04378691603993823,5036aab1b4aa499bab7dbc396f7a5da2,experiment_linear_bodyfat_kg
1604.495089742189,0.013231801229880116,bodyfat_kg,CAPILAR,0.8,XGBoost Regressor,GridSearchCV,9.387079831801282,7.113109102249146,46.898290961378905,-0.04378691603993823,5036aab1b4aa499bab7dbc396f7a5da2,experiment_linear_bodyfat_kg
1641.136203570436,0.013153009740003014,bodyfat_kg,CAPILAR,0.8,XGBoost Regressor,GridSearchCV,9.387079831801282,7.113109102249146,46.898290961378905,-0.04378691603993823,5036aab1b4aa499bab7dbc396f7a5da2,experiment_linear_bodyfat_kg
1639.207723895265,0.012181582423194032,bodyfat_kg,CAPILAR,0.8,XGBoost Regressor,GridSearchCV,9.387079831801282,7.113109102249146,46.898290961378905,-0.04378691603993823,5036aab1b4aa499bab7dbc396f7a5da2,experiment_linear_bodyfat_kg
1637.279244220094,0.00995344621467683,bodyfat_kg,CAPILAR,0.8,XGBoost Regressor,GridSearchCV,9.387079831801282,7.113109102249146,46.898290961378905,-0.04378691603993823,5036aab1b4aa499bab7dbc396f7a5da2,experiment_linear_bodyfat_kg
1643.064683245607,0.009803802423661776,bodyfat_kg,CAPILAR,0.8,XGBoost Regressor,GridSearchCV,9.387079831801282,7.113109102249146,46.898290961378905,-0.04378691603993823,5036aab1b4aa499bab7dbc396f7a5da2,experiment_linear_bodyfat_kg
1606.42356941736,0.008783344209562423,bodyfat_kg,CAPILAR,0.8,XGBoost Regressor,GridSearchCV,9.387079831801282,7.113109102249146,46.898290961378905,-0.04378691603993823,5036aab1b4aa499bab7dbc396f7a5da2,experiment_linear_bodyfat_kg
1635.350764544923,0.008254536470713034,bodyfat_kg,CAPILAR,0.8,XGBoost Regressor,GridSearchCV,9.387079831801282,7.113109102249146,46.898290961378905,-0.04378691603993823,5036aab1b4aa499bab7dbc396f7a5da2,experiment_linear_bodyfat_kg
1633.422284869752,0.007177342798141332,bodyfat_kg,CAPILAR,0.8,XGBoost Regressor,GridSearchCV,9.387079831801282,7.113109102249146,46.898290961378905,-0.04378691603993823,5036aab1b4aa499bab7dbc396f7a5da2,experiment_linear_bodyfat_kg
1598.709650716676,0.0070411100870901595,bodyfat_kg,CAPILAR,0.8,XGBoost Regressor,GridSearchCV,9.387079831801282,7.113109102249146,46.898290961378905,-0.04378691603993823,5036aab1b4aa499bab7dbc396f7a5da2,experiment_linear_bodyfat_kg
1608.35204909253,0.006729930131549588,bodyfat_kg,CAPILAR,0.8,XGBoost Regressor,GridSearchCV,9.387079831801282,7.113109102249146,46.898290961378905,-0.04378691603993823,5036aab1b4aa499bab7dbc396f7a5da2,experiment_linear_bodyfat_kg
1631.493805194581,0.0062841759666642715,bodyfat_kg,CAPILAR,0.8,XGBoost Regressor,GridSearchCV,9.387079831801282,7.113109102249146,46.898290961378905,-0.04378691603993823,5036aab1b4aa499bab7dbc396f7a5da2,experiment_linear_bodyfat_kg
1610.280528767702,0.005794340154945673,bodyfat_kg,CAPILAR,0.8,XGBoost Regressor,GridSearchCV,9.387079831801282,7.113109102249146,46.898290961378905,-0.04378691603993823,5036aab1b4aa499bab7dbc396f7a5da2,experiment_linear_bodyfat_kg
1629.56532551941,0.005389081696095963,bodyfat_kg,CAPILAR,0.8,XGBoost Regressor,GridSearchCV,9.387079831801282,7.113109102249146,46.898290961378905,-0.04378691603993823,5036aab1b4aa499bab7dbc396f7a5da2,experiment_linear_bodyfat_kg
1612.209008442873,0.005354560816012288,bodyfat_kg,CAPILAR,0.8,XGBoost Regressor,GridSearchCV,9.387079831801282,7.113109102249146,46.898290961378905,-0.04378691603993823,5036aab1b4aa499bab7dbc396f7a5da2,experiment_linear_bodyfat_kg
1064.520780694337,0.005002563761899439,bodyfat_kg,CAPILAR,0.8,XGBoost Regressor,GridSearchCV,9.387079831801282,7.113109102249146,46.898290961378905,-0.04378691603993823,5036aab1b4aa499bab7dbc396f7a5da2,experiment_linear_bodyfat_kg
1614.137488118043,0.005001091567700667,bodyfat_kg,CAPILAR,0.8,XGBoost Regressor,GridSearchCV,9.387079831801282,7.113109102249146,46.898290961378905,-0.04378691603993823,5036aab1b4aa499bab7dbc396f7a5da2,experiment_linear_bodyfat_kg
1066.449260369508,0.00480695607996544,bodyfat_kg,CAPILAR,0.8,XGBoost Regressor,GridSearchCV,9.387079831801282,7.113109102249146,46.898290961378905,-0.04378691603993823,5036aab1b4aa499bab7dbc396f7a5da2,experiment_linear_bodyfat_kg
1596.781171041505,0.004639439737928195,bodyfat_kg,CAPILAR,0.8,XGBoost Regressor,GridSearchCV,9.387079831801282,7.113109102249146,46.898290961378905,-0.04378691603993823,5036aab1b4aa499bab7dbc396f7a5da2,experiment_linear_bodyfat_kg
1637.279244220094,0.015811940655112267,bodyfat_kg,CAPILAR,0.8,XGBoost Regressor,GridSearchCV,9.888835672250377,7.704877910614013,48.90222064381067,-0.1583535824128719,5036aab1b4aa499bab7dbc396f7a5da2,experiment_linear_bodyfat_kg
1045.235983942628,0.015072795562446117,bodyfat_kg,CAPILAR,0.8,XGBoost Regressor,GridSearchCV,9.888835672250377,7.704877910614013,48.90222064381067,-0.1583535824128719,5036aab1b4aa499bab7dbc396f7a5da2,experiment_linear_bodyfat_kg
1633.422284869752,0.0145186772570014,bodyfat_kg,CAPILAR,0.8,XGBoost Regressor,GridSearchCV,9.888835672250377,7.704877910614013,48.90222064381067,-0.1583535824128719,5036aab1b4aa499bab7dbc396f7a5da2,experiment_linear_bodyfat_kg
1625.708366169069,0.014066122472286224,bodyfat_kg,CAPILAR,0.8,XGBoost Regressor,GridSearchCV,9.888835672250377,7.704877910614013,48.90222064381067,-0.1583535824128719,5036aab1b4aa499bab7dbc396f7a5da2,experiment_linear_bodyfat_kg
1639.207723895265,0.013600231148302555,bodyfat_kg,CAPILAR,0.8,XGBoost Regressor,GridSearchCV,9.888835672250377,7.704877910614013,48.90222064381067,-0.1583535824128719,5036aab1b4aa499bab7dbc396f7a5da2,experiment_linear_bodyfat_kg
1623.779886493898,0.01312783733010292,bodyfat_kg,CAPILAR,0.8,XGBoost Regressor,GridSearchCV,9.888835672250377,7.704877910614013,48.90222064381067,-0.1583535824128719,5036aab1b4aa499bab7dbc396f7a5da2,experiment_linear_bodyfat_kg
2913.93278918323,0.013024836778640747,bodyfat_kg,CAPILAR,0.8,XGBoost Regressor,GridSearchCV,9.888835672250377,7.704877910614013,48.90222064381067,-0.1583535824128719,5036aab1b4aa499bab7dbc396f7a5da2,experiment_linear_bodyfat_kg
2622.732358232424,0.012894462794065475,bodyfat_kg,CAPILAR,0.8,XGBoost Regressor,GridSearchCV,9.888835672250377,7.704877910614013,48.90222064381067,-0.1583535824128719,5036aab1b4aa499bab7dbc396f7a5da2,experiment_linear_bodyfat_kg
1631.493805194581,0.012572270818054676,bodyfat_kg,CAPILAR,0.8,XGBoost Regressor,GridSearchCV,9.888835672250377,7.704877910614013,48.90222064381067,-0.1583535824128719,5036aab1b4aa499bab7dbc396f7a5da2,experiment_linear_bodyfat_kg
1627.63684584424,0.012426055036485195,bodyfat_kg,CAPILAR,0.8,XGBoost Regressor,GridSearchCV,9.888835672250377,7.704877910614013,48.90222064381067,-0.1583535824128719,5036aab1b4aa499bab7dbc396f7a5da2,experiment_linear_bodyfat_kg
1708.632992201417,0.01211406197398901,bodyfat_kg,CAPILAR,0.8,XGBoost Regressor,GridSearchCV,9.888835672250377,7.704877910614013,48.90222064381067,-0.1583535824128719,5036aab1b4aa499bab7dbc396f7a5da2,experiment_linear_bodyfat_kg
1378.862967747194,0.011747210286557674,bodyfat_kg,CAPILAR,0.8,XGBoost Regressor,GridSearchCV,9.888835672250377,7.704877910614013,48.90222064381067,-0.1583535824128719,5036aab1b4aa499bab7dbc396f7a5da2,experiment_linear_bodyfat_kg
1662.349479997316,0.011666998267173767,bodyfat_kg,CAPILAR,0.8,XGBoost Regressor,GridSearchCV,9.888835672250377,7.704877910614013,48.90222064381067,-0.1583535824128719,5036aab1b4aa499bab7dbc396f7a5da2,experiment_linear_bodyfat_kg
1054.878382318482,0.011453348211944103,bodyfat_kg,CAPILAR,0.8,XGBoost Regressor,GridSearchCV,9.888835672250377,7.704877910614013,48.90222064381067,-0.1583535824128719,5036aab1b4aa499bab7dbc396f7a5da2,experiment_linear_bodyfat_kg
2701.800024914431,0.011362959630787373,bodyfat_kg,CAPILAR,0.8,XGBoost Regressor,GridSearchCV,9.888835672250377,7.704877910614013,48.90222064381067,-0.1583535824128719,5036aab1b4aa499bab7dbc396f7a5da2,experiment_linear_bodyfat_kg
2595.733642780031,0.011299069970846176,bodyfat_kg,CAPILAR,0.8,XGBoost Regressor,GridSearchCV,9.888835672250377,7.704877910614013,48.90222064381067,-0.1583535824128719,5036aab1b4aa499bab7dbc396f7a5da2,experiment_linear_bodyfat_kg
1660.421000322145,0.01104520820081234,bodyfat_kg,CAPILAR,0.8,XGBoost Regressor,GridSearchCV,9.888835672250377,7.704877910614013,48.90222064381067,-0.1583535824128719,5036aab1b4aa499bab7dbc396f7a5da2,experiment_linear_bodyfat_kg
1731.774748303468,0.011038066819310188,bodyfat_kg,CAPILAR,0.8,XGBoost Regressor,GridSearchCV,9.888835672250377,7.704877910614013,48.90222064381067,-0.1583535824128719,5036aab1b4aa499bab7dbc396f7a5da2,experiment_linear_bodyfat_kg
1486.857829556764,0.010898907668888569,bodyfat_kg,CAPILAR,0.8,XGBoost Regressor,GridSearchCV,9.888835672250377,7.704877910614013,48.90222064381067,-0.1583535824128719,5036aab1b4aa499bab7dbc396f7a5da2,experiment_linear_bodyfat_kg
1656.564040971803,0.010450038127601147,bodyfat_kg,CAPILAR,0.8,XGBoost Regressor,GridSearchCV,9.888835672250377,7.704877910614013,48.90222064381067,-0.1583535824128719,5036aab1b4aa499bab7dbc396f7a5da2,experiment_linear_bodyfat_kg
2705.656984264772,0.005106131352396208,bodyfat_kg,PLASMA,0.8,XGBoost Regressor,GridSearchCV,9.659862490929312,6.691344979751941,34.926274570707264,0.21895296921077134,5036aab1b4aa499bab7dbc396f7a5da2,experiment_linear_bodyfat_kg
931.4556831075452,0.004440221693952894,bodyfat_kg,PLASMA,0.8,XGBoost Regressor,GridSearchCV,9.659862490929312,6.691344979751941,34.926274570707264,0.21895296921077134,5036aab1b4aa499bab7dbc396f7a5da2,experiment_linear_bodyfat_kg
941.0980814833993,0.004276207350803508,bodyfat_kg,PLASMA,0.8,XGBoost Regressor,GridSearchCV,9.659862490929312,6.691344979751941,34.926274570707264,0.21895296921077134,5036aab1b4aa499bab7dbc396f7a5da2,experiment_linear_bodyfat_kg
939.1696018082284,0.004197907247531349,bodyfat_kg,PLASMA,0.8,XGBoost Regressor,GridSearchCV,9.659862490929312,6.691344979751941,34.926274570707264,0.21895296921077134,5036aab1b4aa499bab7dbc396f7a5da2,experiment_linear_bodyfat_kg
2711.442423290285,0.004088920017976342,bodyfat_kg,PLASMA,0.8,XGBoost Regressor,GridSearchCV,9.659862490929312,6.691344979751941,34.926274570707264,0.21895296921077134,5036aab1b4aa499bab7dbc396f7a5da2,experiment_linear_bodyfat_kg
929.5272034323739,0.004074732848911865,bodyfat_kg,PLASMA,0.8,XGBoost Regressor,GridSearchCV,9.659862490929312,6.691344979751941,34.926274570707264,0.21895296921077134,5036aab1b4aa499bab7dbc396f7a5da2,experiment_linear_bodyfat_kg
943.0265611585701,0.004040603598999874,bodyfat_kg,PLASMA,0.8,XGBoost Regressor,GridSearchCV,9.659862490929312,6.691344979751941,34.926274570707264,0.21895296921077134,5036aab1b4aa499bab7dbc396f7a5da2,experiment_linear_bodyfat_kg
3043.14092741968,0.004034934121468037,bodyfat_kg,PLASMA,0.8,XGBoost Regressor,GridSearchCV,9.659862490929312,6.691344979751941,34.926274570707264,0.21895296921077134,5036aab1b4aa499bab7dbc396f7a5da2,experiment_linear_bodyfat_kg
933.3841627827155,0.004008777720680755,bodyfat_kg,PLASMA,0.8,XGBoost Regressor,GridSearchCV,9.659862490929312,6.691344979751941,34.926274570707264,0.21895296921077134,5036aab1b4aa499bab7dbc396f7a5da2,experiment_linear_bodyfat_kg
1197.585878281129,0.003995024319122675,bodyfat_kg,PLASMA,0.8,XGBoost Regressor,GridSearchCV,9.659862490929312,6.691344979751941,34.926274570707264,0.21895296921077134,5036aab1b4aa499bab7dbc396f7a5da2,experiment_linear_bodyfat_kg
3041.212447744509,0.0037954080332251302,bodyfat_kg,PLASMA,0.8,XGBoost Regressor,GridSearchCV,9.659862490929312,6.691344979751941,34.926274570707264,0.21895296921077134,5036aab1b4aa499bab7dbc396f7a5da2,experiment_linear_bodyfat_kg
1199.5143579563,0.003794298785064684,bodyfat_kg,PLASMA,0.8,XGBoost Regressor,GridSearchCV,9.659862490929312,6.691344979751941,34.926274570707264,0.21895296921077134,5036aab1b4aa499bab7dbc396f7a5da2,experiment_linear_bodyfat_kg
1195.657398605958,0.003767547918940005,bodyfat_kg,PLASMA,0.8,XGBoost Regressor,GridSearchCV,9.659862490929312,6.691344979751941,34.926274570707264,0.21895296921077134,5036aab1b4aa499bab7dbc396f7a5da2,experiment_linear_bodyfat_kg
944.9550408337414,0.003744582620480911,bodyfat_kg,PLASMA,0.8,XGBoost Regressor,GridSearchCV,9.659862490929312,6.691344979751941,34.926274570707264,0.21895296921077134,5036aab1b4aa499bab7dbc396f7a5da2,experiment_linear_bodyfat_kg
3045.069407094851,0.003718398818158248,bodyfat_kg,PLASMA,0.8,XGBoost Regressor,GridSearchCV,9.659862490929312,6.691344979751941,34.926274570707264,0.21895296921077134,5036aab1b4aa499bab7dbc396f7a5da2,experiment_linear_bodyfat_kg
2919.718228208742,0.003569930341077563,bodyfat_kg,PLASMA,0.8,XGBoost Regressor,GridSearchCV,9.659862490929312,6.691344979751941,34.926274570707264,0.21895296921077134,5036aab1b4aa499bab7dbc396f7a5da2,experiment_linear_bodyfat_kg
2921.646707883913,0.0035636939751589694,bodyfat_kg,PLASMA,0.8,XGBoost Regressor,GridSearchCV,9.659862490929312,6.691344979751941,34.926274570707264,0.21895296921077134,5036aab1b4aa499bab7dbc396f7a5da2,experiment_linear_bodyfat_kg
2917.789748533572,0.0035139240665261846,bodyfat_kg,PLASMA,0.8,XGBoost Regressor,GridSearchCV,9.659862490929312,6.691344979751941,34.926274570707264,0.21895296921077134,5036aab1b4aa499bab7dbc396f7a5da2,experiment_linear_bodyfat_kg
2923.575187559084,0.0035102697304705403,bodyfat_kg,PLASMA,0.8,XGBoost Regressor,GridSearchCV,9.659862490929312,6.691344979751941,34.926274570707264,0.21895296921077134,5036aab1b4aa499bab7dbc396f7a5da2,experiment_linear_bodyfat_kg
2848.364480227419,0.0034609791791619824,bodyfat_kg,PLASMA,0.8,XGBoost Regressor,GridSearchCV,9.659862490929312,6.691344979751941,34.926274570707264,0.21895296921077134,5036aab1b4aa499bab7dbc396f7a5da2,experiment_linear_bodyfat_kg
2640.088675308962,0.024482421576976776,bodyfat_kg,PLASMA,0.8,XGBoost Regressor,GridSearchCV,10.550615770500665,7.00025185873342,38.75701073139757,0.06826821360584823,5036aab1b4aa499bab7dbc396f7a5da2,experiment_linear_bodyfat_kg
2636.23171595862,0.02254081703722477,bodyfat_kg,PLASMA,0.8,XGBoost Regressor,GridSearchCV,10.550615770500665,7.00025185873342,38.75701073139757,0.06826821360584823,5036aab1b4aa499bab7dbc396f7a5da2,experiment_linear_bodyfat_kg
2663.230431411013,0.017614608630537987,bodyfat_kg,PLASMA,0.8,XGBoost Regressor,GridSearchCV,10.550615770500665,7.00025185873342,38.75701073139757,0.06826821360584823,5036aab1b4aa499bab7dbc396f7a5da2,experiment_linear_bodyfat_kg
2645.874114334475,0.017466356977820396,bodyfat_kg,PLASMA,0.8,XGBoost Regressor,GridSearchCV,10.550615770500665,7.00025185873342,38.75701073139757,0.06826821360584823,5036aab1b4aa499bab7dbc396f7a5da2,experiment_linear_bodyfat_kg
2653.588033035158,0.01601302996277809,bodyfat_kg,PLASMA,0.8,XGBoost Regressor,GridSearchCV,10.550615770500665,7.00025185873342,38.75701073139757,0.06826821360584823,5036aab1b4aa499bab7dbc396f7a5da2,experiment_linear_bodyfat_kg
2643.945634659304,0.01450829766690731,bodyfat_kg,PLASMA,0.8,XGBoost Regressor,GridSearchCV,10.550615770500665,7.00025185873342,38.75701073139757,0.06826821360584823,5036aab1b4aa499bab7dbc396f7a5da2,experiment_linear_bodyfat_kg
1849.412008488893,0.013055946677923203,bodyfat_kg,PLASMA,0.8,XGBoost Regressor,GridSearchCV,10.550615770500665,7.00025185873342,38.75701073139757,0.06826821360584823,5036aab1b4aa499bab7dbc396f7a5da2,experiment_linear_bodyfat_kg
1112.732772573609,0.01294352114200592,bodyfat_kg,PLASMA,0.8,XGBoost Regressor,GridSearchCV,10.550615770500665,7.00025185873342,38.75701073139757,0.06826821360584823,5036aab1b4aa499bab7dbc396f7a5da2,experiment_linear_bodyfat_kg
2669.015870436525,0.01273882295936346,bodyfat_kg,PLASMA,0.8,XGBoost Regressor,GridSearchCV,10.550615770500665,7.00025185873342,38.75701073139757,0.06826821360584823,5036aab1b4aa499bab7dbc396f7a5da2,experiment_linear_bodyfat_kg
2665.158911086184,0.012034852057695389,bodyfat_kg,PLASMA,0.8,XGBoost Regressor,GridSearchCV,10.550615770500665,7.00025185873342,38.75701073139757,0.06826821360584823,5036aab1b4aa499bab7dbc396f7a5da2,experiment_linear_bodyfat_kg
1143.588447376344,0.011873740702867508,bodyfat_kg,PLASMA,0.8,XGBoost Regressor,GridSearchCV,10.550615770500665,7.00025185873342,38.75701073139757,0.06826821360584823,5036aab1b4aa499bab7dbc396f7a5da2,experiment_linear_bodyfat_kg
2694.086106213747,0.011147279292345047,bodyfat_kg,PLASMA,0.8,XGBoost Regressor,GridSearchCV,10.550615770500665,7.00025185873342,38.75701073139757,0.06826821360584823,5036aab1b4aa499bab7dbc396f7a5da2,experiment_linear_bodyfat_kg
1845.555049138551,0.009915703907608986,bodyfat_kg,PLASMA,0.8,XGBoost Regressor,GridSearchCV,10.550615770500665,7.00025185873342,38.75701073139757,0.06826821360584823,5036aab1b4aa499bab7dbc396f7a5da2,experiment_linear_bodyfat_kg
1157.08780510254,0.009832115843892097,bodyfat_kg,PLASMA,0.8,XGBoost Regressor,GridSearchCV,10.550615770500665,7.00025185873342,38.75701073139757,0.06826821360584823,5036aab1b4aa499bab7dbc396f7a5da2,experiment_linear_bodyfat_kg
1733.703227978639,0.009611236862838268,bodyfat_kg,PLASMA,0.8,XGBoost Regressor,GridSearchCV,10.550615770500665,7.00025185873342,38.75701073139757,0.06826821360584823,5036aab1b4aa499bab7dbc396f7a5da2,experiment_linear_bodyfat_kg
1139.731488026002,0.009558119811117649,bodyfat_kg,PLASMA,0.8,XGBoost Regressor,GridSearchCV,10.550615770500665,7.00025185873342,38.75701073139757,0.06826821360584823,5036aab1b4aa499bab7dbc396f7a5da2,experiment_linear_bodyfat_kg
1159.016284777711,0.008822817355394363,bodyfat_kg,PLASMA,0.8,XGBoost Regressor,GridSearchCV,10.550615770500665,7.00025185873342,38.75701073139757,0.06826821360584823,5036aab1b4aa499bab7dbc396f7a5da2,experiment_linear_bodyfat_kg
1137.803008350831,0.008326277136802673,bodyfat_kg,PLASMA,0.8,XGBoost Regressor,GridSearchCV,10.550615770500665,7.00025185873342,38.75701073139757,0.06826821360584823,5036aab1b4aa499bab7dbc396f7a5da2,experiment_linear_bodyfat_kg
2678.65826881238,0.00790102407336235,bodyfat_kg,PLASMA,0.8,XGBoost Regressor,GridSearchCV,10.550615770500665,7.00025185873342,38.75701073139757,0.06826821360584823,5036aab1b4aa499bab7dbc396f7a5da2,experiment_linear_bodyfat_kg
2674.801309462038,0.007893688045442104,bodyfat_kg,PLASMA,0.8,XGBoost Regressor,GridSearchCV,10.550615770500665,7.00025185873342,38.75701073139757,0.06826821360584823,5036aab1b4aa499bab7dbc396f7a5da2,experiment_linear_bodyfat_kg
2705.656984264772,0.005106131352396208,bodyfat_kg,PLASMA,0.8,XGBoost Regressor,GridSearchCV,9.659862490929312,6.691344979751941,34.926274570707264,0.21895296921077134,5036aab1b4aa499bab7dbc396f7a5da2,experiment_linear_bodyfat_kg
931.4556831075452,0.004440221693952897,bodyfat_kg,PLASMA,0.8,XGBoost Regressor,GridSearchCV,9.659862490929312,6.691344979751941,34.926274570707264,0.21895296921077134,5036aab1b4aa499bab7dbc396f7a5da2,experiment_linear_bodyfat_kg
941.0980814833993,0.004276207350803512,bodyfat_kg,PLASMA,0.8,XGBoost Regressor,GridSearchCV,9.659862490929312,6.691344979751941,34.926274570707264,0.21895296921077134,5036aab1b4aa499bab7dbc396f7a5da2,experiment_linear_bodyfat_kg
939.1696018082284,0.004197907247531349,bodyfat_kg,PLASMA,0.8,XGBoost Regressor,GridSearchCV,9.659862490929312,6.691344979751941,34.926274570707264,0.21895296921077134,5036aab1b4aa499bab7dbc396f7a5da2,experiment_linear_bodyfat_kg
2711.442423290285,0.004088920017976349,bodyfat_kg,PLASMA,0.8,XGBoost Regressor,GridSearchCV,9.659862490929312,6.691344979751941,34.926274570707264,0.21895296921077134,5036aab1b4aa499bab7dbc396f7a5da2,experiment_linear_bodyfat_kg
929.5272034323739,0.0040747328489118655,bodyfat_kg,PLASMA,0.8,XGBoost Regressor,GridSearchCV,9.659862490929312,6.691344979751941,34.926274570707264,0.21895296921077134,5036aab1b4aa499bab7dbc396f7a5da2,experiment_linear_bodyfat_kg
943.0265611585701,0.0040406035989998725,bodyfat_kg,PLASMA,0.8,XGBoost Regressor,GridSearchCV,9.659862490929312,6.691344979751941,34.926274570707264,0.21895296921077134,5036aab1b4aa499bab7dbc396f7a5da2,experiment_linear_bodyfat_kg
3043.14092741968,0.004034934121468037,bodyfat_kg,PLASMA,0.8,XGBoost Regressor,GridSearchCV,9.659862490929312,6.691344979751941,34.926274570707264,0.21895296921077134,5036aab1b4aa499bab7dbc396f7a5da2,experiment_linear_bodyfat_kg
933.3841627827155,0.004008777720680755,bodyfat_kg,PLASMA,0.8,XGBoost Regressor,GridSearchCV,9.659862490929312,6.691344979751941,34.926274570707264,0.21895296921077134,5036aab1b4aa499bab7dbc396f7a5da2,experiment_linear_bodyfat_kg
1197.585878281129,0.003995024319122679,bodyfat_kg,PLASMA,0.8,XGBoost Regressor,GridSearchCV,9.659862490929312,6.691344979751941,34.926274570707264,0.21895296921077134,5036aab1b4aa499bab7dbc396f7a5da2,experiment_linear_bodyfat_kg
3041.212447744509,0.003795408033225132,bodyfat_kg,PLASMA,0.8,XGBoost Regressor,GridSearchCV,9.659862490929312,6.691344979751941,34.926274570707264,0.21895296921077134,5036aab1b4aa499bab7dbc396f7a5da2,experiment_linear_bodyfat_kg
1199.5143579563,0.003794298785064687,bodyfat_kg,PLASMA,0.8,XGBoost Regressor,GridSearchCV,9.659862490929312,6.691344979751941,34.926274570707264,0.21895296921077134,5036aab1b4aa499bab7dbc396f7a5da2,experiment_linear_bodyfat_kg
1195.657398605958,0.0037675479189400074,bodyfat_kg,PLASMA,0.8,XGBoost Regressor,GridSearchCV,9.659862490929312,6.691344979751941,34.926274570707264,0.21895296921077134,5036aab1b4aa499bab7dbc396f7a5da2,experiment_linear_bodyfat_kg
944.9550408337414,0.0037445826204809147,bodyfat_kg,PLASMA,0.8,XGBoost Regressor,GridSearchCV,9.659862490929312,6.691344979751941,34.926274570707264,0.21895296921077134,5036aab1b4aa499bab7dbc396f7a5da2,experiment_linear_bodyfat_kg
3045.069407094851,0.00371839881815825,bodyfat_kg,PLASMA,0.8,XGBoost Regressor,GridSearchCV,9.659862490929312,6.691344979751941,34.926274570707264,0.21895296921077134,5036aab1b4aa499bab7dbc396f7a5da2,experiment_linear_bodyfat_kg
2919.718228208742,0.003569930341077564,bodyfat_kg,PLASMA,0.8,XGBoost Regressor,GridSearchCV,9.659862490929312,6.691344979751941,34.926274570707264,0.21895296921077134,5036aab1b4aa499bab7dbc396f7a5da2,experiment_linear_bodyfat_kg
2921.646707883913,0.0035636939751589707,bodyfat_kg,PLASMA,0.8,XGBoost Regressor,GridSearchCV,9.659862490929312,6.691344979751941,34.926274570707264,0.21895296921077134,5036aab1b4aa499bab7dbc396f7a5da2,experiment_linear_bodyfat_kg
2917.789748533572,0.003513924066526188,bodyfat_kg,PLASMA,0.8,XGBoost Regressor,GridSearchCV,9.659862490929312,6.691344979751941,34.926274570707264,0.21895296921077134,5036aab1b4aa499bab7dbc396f7a5da2,experiment_linear_bodyfat_kg
2923.575187559084,0.003510269730470541,bodyfat_kg,PLASMA,0.8,XGBoost Regressor,GridSearchCV,9.659862490929312,6.691344979751941,34.926274570707264,0.21895296921077134,5036aab1b4aa499bab7dbc396f7a5da2,experiment_linear_bodyfat_kg
2848.364480227419,0.0034609791791619833,bodyfat_kg,PLASMA,0.8,XGBoost Regressor,GridSearchCV,9.659862490929312,6.691344979751941,34.926274570707264,0.21895296921077134,5036aab1b4aa499bab7dbc396f7a5da2,experiment_linear_bodyfat_kg
2640.088675308962,0.024482421576976776,bodyfat_kg,PLASMA,0.8,XGBoost Regressor,GridSearchCV,10.550615770500665,7.00025185873342,38.75701073139757,0.06826821360584823,5036aab1b4aa499bab7dbc396f7a5da2,experiment_linear_bodyfat_kg
2636.23171595862,0.02254081703722477,bodyfat_kg,PLASMA,0.8,XGBoost Regressor,GridSearchCV,10.550615770500665,7.00025185873342,38.75701073139757,0.06826821360584823,5036aab1b4aa499bab7dbc396f7a5da2,experiment_linear_bodyfat_kg
2663.230431411013,0.017614608630537987,bodyfat_kg,PLASMA,0.8,XGBoost Regressor,GridSearchCV,10.550615770500665,7.00025185873342,38.75701073139757,0.06826821360584823,5036aab1b4aa499bab7dbc396f7a5da2,experiment_linear_bodyfat_kg
2645.874114334475,0.017466356977820396,bodyfat_kg,PLASMA,0.8,XGBoost Regressor,GridSearchCV,10.550615770500665,7.00025185873342,38.75701073139757,0.06826821360584823,5036aab1b4aa499bab7dbc396f7a5da2,experiment_linear_bodyfat_kg
2653.588033035158,0.01601302996277809,bodyfat_kg,PLASMA,0.8,XGBoost Regressor,GridSearchCV,10.550615770500665,7.00025185873342,38.75701073139757,0.06826821360584823,5036aab1b4aa499bab7dbc396f7a5da2,experiment_linear_bodyfat_kg
2643.945634659304,0.01450829766690731,bodyfat_kg,PLASMA,0.8,XGBoost Regressor,GridSearchCV,10.550615770500665,7.00025185873342,38.75701073139757,0.06826821360584823,5036aab1b4aa499bab7dbc396f7a5da2,experiment_linear_bodyfat_kg
1849.412008488893,0.013055946677923203,bodyfat_kg,PLASMA,0.8,XGBoost Regressor,GridSearchCV,10.550615770500665,7.00025185873342,38.75701073139757,0.06826821360584823,5036aab1b4aa499bab7dbc396f7a5da2,experiment_linear_bodyfat_kg
1112.732772573609,0.01294352114200592,bodyfat_kg,PLASMA,0.8,XGBoost Regressor,GridSearchCV,10.550615770500665,7.00025185873342,38.75701073139757,0.06826821360584823,5036aab1b4aa499bab7dbc396f7a5da2,experiment_linear_bodyfat_kg
2669.015870436525,0.01273882295936346,bodyfat_kg,PLASMA,0.8,XGBoost Regressor,GridSearchCV,10.550615770500665,7.00025185873342,38.75701073139757,0.06826821360584823,5036aab1b4aa499bab7dbc396f7a5da2,experiment_linear_bodyfat_kg
2665.158911086184,0.012034852057695389,bodyfat_kg,PLASMA,0.8,XGBoost Regressor,GridSearchCV,10.550615770500665,7.00025185873342,38.75701073139757,0.06826821360584823,5036aab1b4aa499bab7dbc396f7a5da2,experiment_linear_bodyfat_kg
1143.588447376344,0.011873740702867508,bodyfat_kg,PLASMA,0.8,XGBoost Regressor,GridSearchCV,10.550615770500665,7.00025185873342,38.75701073139757,0.06826821360584823,5036aab1b4aa499bab7dbc396f7a5da2,experiment_linear_bodyfat_kg
2694.086106213747,0.011147279292345047,bodyfat_kg,PLASMA,0.8,XGBoost Regressor,GridSearchCV,10.550615770500665,7.00025185873342,38.75701073139757,0.06826821360584823,5036aab1b4aa499bab7dbc396f7a5da2,experiment_linear_bodyfat_kg
1845.555049138551,0.009915703907608986,bodyfat_kg,PLASMA,0.8,XGBoost Regressor,GridSearchCV,10.550615770500665,7.00025185873342,38.75701073139757,0.06826821360584823,5036aab1b4aa499bab7dbc396f7a5da2,experiment_linear_bodyfat_kg
1157.08780510254,0.009832115843892097,bodyfat_kg,PLASMA,0.8,XGBoost Regressor,GridSearchCV,10.550615770500665,7.00025185873342,38.75701073139757,0.06826821360584823,5036aab1b4aa499bab7dbc396f7a5da2,experiment_linear_bodyfat_kg
1733.703227978639,0.009611236862838268,bodyfat_kg,PLASMA,0.8,XGBoost Regressor,GridSearchCV,10.550615770500665,7.00025185873342,38.75701073139757,0.06826821360584823,5036aab1b4aa499bab7dbc396f7a5da2,experiment_linear_bodyfat_kg
1139.731488026002,0.009558119811117649,bodyfat_kg,PLASMA,0.8,XGBoost Regressor,GridSearchCV,10.550615770500665,7.00025185873342,38.75701073139757,0.06826821360584823,5036aab1b4aa499bab7dbc396f7a5da2,experiment_linear_bodyfat_kg
1159.016284777711,0.008822817355394363,bodyfat_kg,PLASMA,0.8,XGBoost Regressor,GridSearchCV,10.550615770500665,7.00025185873342,38.75701073139757,0.06826821360584823,5036aab1b4aa499bab7dbc396f7a5da2,experiment_linear_bodyfat_kg
1137.803008350831,0.008326277136802673,bodyfat_kg,PLASMA,0.8,XGBoost Regressor,GridSearchCV,10.550615770500665,7.00025185873342,38.75701073139757,0.06826821360584823,5036aab1b4aa499bab7dbc396f7a5da2,experiment_linear_bodyfat_kg
2678.65826881238,0.00790102407336235,bodyfat_kg,PLASMA,0.8,XGBoost Regressor,GridSearchCV,10.550615770500665,7.00025185873342,38.75701073139757,0.06826821360584823,5036aab1b4aa499bab7dbc396f7a5da2,experiment_linear_bodyfat_kg
2674.801309462038,0.007893688045442104,bodyfat_kg,PLASMA,0.8,XGBoost Regressor,GridSearchCV,10.550615770500665,7.00025185873342,38.75701073139757,0.06826821360584823,5036aab1b4aa499bab7dbc396f7a5da2,experiment_linear_bodyfat_kg
1126.232130299806,0.004630039018640946,bodyfat_kg,SALIVA,0.8,XGBoost Regressor,GridSearchCV,9.019645504469253,7.354422664642334,72.0991931349819,-0.3451451734523858,5036aab1b4aa499bab7dbc396f7a5da2,experiment_linear_bodyfat_kg
1124.303650624635,0.0045802282059925785,bodyfat_kg,SALIVA,0.8,XGBoost Regressor,GridSearchCV,9.019645504469253,7.354422664642334,72.0991931349819,-0.3451451734523858,5036aab1b4aa499bab7dbc396f7a5da2,experiment_linear_bodyfat_kg
1128.160609974977,0.004555211945421321,bodyfat_kg,SALIVA,0.8,XGBoost Regressor,GridSearchCV,9.019645504469253,7.354422664642334,72.0991931349819,-0.3451451734523858,5036aab1b4aa499bab7dbc396f7a5da2,experiment_linear_bodyfat_kg
1122.375170949464,0.004391711394564248,bodyfat_kg,SALIVA,0.8,XGBoost Regressor,GridSearchCV,9.019645504469253,7.354422664642334,72.0991931349819,-0.3451451734523858,5036aab1b4aa499bab7dbc396f7a5da2,experiment_linear_bodyfat_kg
1130.089089650148,0.004385492425730487,bodyfat_kg,SALIVA,0.8,XGBoost Regressor,GridSearchCV,9.019645504469253,7.354422664642334,72.0991931349819,-0.3451451734523858,5036aab1b4aa499bab7dbc396f7a5da2,experiment_linear_bodyfat_kg
1727.917788953126,0.004378516660665023,bodyfat_kg,SALIVA,0.8,XGBoost Regressor,GridSearchCV,9.019645504469253,7.354422664642334,72.0991931349819,-0.3451451734523858,5036aab1b4aa499bab7dbc396f7a5da2,experiment_linear_bodyfat_kg
956.5259188847667,0.0042265033096714035,bodyfat_kg,SALIVA,0.8,XGBoost Regressor,GridSearchCV,9.019645504469253,7.354422664642334,72.0991931349819,-0.3451451734523858,5036aab1b4aa499bab7dbc396f7a5da2,experiment_linear_bodyfat_kg
954.5974392095954,0.0041223302507546284,bodyfat_kg,SALIVA,0.8,XGBoost Regressor,GridSearchCV,9.019645504469253,7.354422664642334,72.0991931349819,-0.3451451734523858,5036aab1b4aa499bab7dbc396f7a5da2,experiment_linear_bodyfat_kg
1132.017569325318,0.004121214406139494,bodyfat_kg,SALIVA,0.8,XGBoost Regressor,GridSearchCV,9.019645504469253,7.354422664642334,72.0991931349819,-0.3451451734523858,5036aab1b4aa499bab7dbc396f7a5da2,experiment_linear_bodyfat_kg
1120.446691274293,0.004108475243590171,bodyfat_kg,SALIVA,0.8,XGBoost Regressor,GridSearchCV,9.019645504469253,7.354422664642334,72.0991931349819,-0.3451451734523858,5036aab1b4aa499bab7dbc396f7a5da2,experiment_linear_bodyfat_kg
1039.450544917115,0.003922215462083334,bodyfat_kg,SALIVA,0.8,XGBoost Regressor,GridSearchCV,9.019645504469253,7.354422664642334,72.0991931349819,-0.3451451734523858,5036aab1b4aa499bab7dbc396f7a5da2,experiment_linear_bodyfat_kg
1041.379024592286,0.003902502151760041,bodyfat_kg,SALIVA,0.8,XGBoost Regressor,GridSearchCV,9.019645504469253,7.354422664642334,72.0991931349819,-0.3451451734523858,5036aab1b4aa499bab7dbc396f7a5da2,experiment_linear_bodyfat_kg
1037.522065241944,0.0038965391318461755,bodyfat_kg,SALIVA,0.8,XGBoost Regressor,GridSearchCV,9.019645504469253,7.354422664642334,72.0991931349819,-0.3451451734523858,5036aab1b4aa499bab7dbc396f7a5da2,experiment_linear_bodyfat_kg
1729.846268628297,0.0038463422403681186,bodyfat_kg,SALIVA,0.8,XGBoost Regressor,GridSearchCV,9.019645504469253,7.354422664642334,72.0991931349819,-0.3451451734523858,5036aab1b4aa499bab7dbc396f7a5da2,experiment_linear_bodyfat_kg
1043.307504267457,0.003828835641453207,bodyfat_kg,SALIVA,0.8,XGBoost Regressor,GridSearchCV,9.019645504469253,7.354422664642334,72.0991931349819,-0.3451451734523858,5036aab1b4aa499bab7dbc396f7a5da2,experiment_linear_bodyfat_kg
1035.593585566773,0.0038260240208985463,bodyfat_kg,SALIVA,0.8,XGBoost Regressor,GridSearchCV,9.019645504469253,7.354422664642334,72.0991931349819,-0.3451451734523858,5036aab1b4aa499bab7dbc396f7a5da2,experiment_linear_bodyfat_kg
1133.946049000489,0.0038007276845347135,bodyfat_kg,SALIVA,0.8,XGBoost Regressor,GridSearchCV,9.019645504469253,7.354422664642334,72.0991931349819,-0.3451451734523858,5036aab1b4aa499bab7dbc396f7a5da2,experiment_linear_bodyfat_kg
952.6689595344246,0.003794505253190039,bodyfat_kg,SALIVA,0.8,XGBoost Regressor,GridSearchCV,9.019645504469253,7.354422664642334,72.0991931349819,-0.3451451734523858,5036aab1b4aa499bab7dbc396f7a5da2,experiment_linear_bodyfat_kg
1118.518211599122,0.003776965929449231,bodyfat_kg,SALIVA,0.8,XGBoost Regressor,GridSearchCV,9.019645504469253,7.354422664642334,72.0991931349819,-0.3451451734523858,5036aab1b4aa499bab7dbc396f7a5da2,experiment_linear_bodyfat_kg
1033.665105891602,0.003717147355875423,bodyfat_kg,SALIVA,0.8,XGBoost Regressor,GridSearchCV,9.019645504469253,7.354422664642334,72.0991931349819,-0.3451451734523858,5036aab1b4aa499bab7dbc396f7a5da2,experiment_linear_bodyfat_kg
2915.861268858401,0.01818537525832653,bodyfat_kg,SALIVA,0.8,XGBoost Regressor,GridSearchCV,7.7791078250272365,6.653554688329282,63.10693820086022,-0.0005753561806001173,5036aab1b4aa499bab7dbc396f7a5da2,experiment_linear_bodyfat_kg
2966.001740412844,0.01781558431684971,bodyfat_kg,SALIVA,0.8,XGBoost Regressor,GridSearchCV,7.7791078250272365,6.653554688329282,63.10693820086022,-0.0005753561806001173,5036aab1b4aa499bab7dbc396f7a5da2,experiment_linear_bodyfat_kg
2975.644138788698,0.017591718584299088,bodyfat_kg,SALIVA,0.8,XGBoost Regressor,GridSearchCV,7.7791078250272365,6.653554688329282,63.10693820086022,-0.0005753561806001173,5036aab1b4aa499bab7dbc396f7a5da2,experiment_linear_bodyfat_kg
2991.071976190066,0.01460754219442606,bodyfat_kg,SALIVA,0.8,XGBoost Regressor,GridSearchCV,7.7791078250272365,6.653554688329282,63.10693820086022,-0.0005753561806001173,5036aab1b4aa499bab7dbc396f7a5da2,experiment_linear_bodyfat_kg
2904.290390807375,0.014060047455132008,bodyfat_kg,SALIVA,0.8,XGBoost Regressor,GridSearchCV,7.7791078250272365,6.653554688329282,63.10693820086022,-0.0005753561806001173,5036aab1b4aa499bab7dbc396f7a5da2,experiment_linear_bodyfat_kg
2771.225293220583,0.013964086771011353,bodyfat_kg,SALIVA,0.8,XGBoost Regressor,GridSearchCV,7.7791078250272365,6.653554688329282,63.10693820086022,-0.0005753561806001173,5036aab1b4aa499bab7dbc396f7a5da2,experiment_linear_bodyfat_kg
2925.503667234255,0.01390776876360178,bodyfat_kg,SALIVA,0.8,XGBoost Regressor,GridSearchCV,7.7791078250272365,6.653554688329282,63.10693820086022,-0.0005753561806001173,5036aab1b4aa499bab7dbc396f7a5da2,experiment_linear_bodyfat_kg
2896.576472106692,0.013624107465147972,bodyfat_kg,SALIVA,0.8,XGBoost Regressor,GridSearchCV,7.7791078250272365,6.653554688329282,63.10693820086022,-0.0005753561806001173,5036aab1b4aa499bab7dbc396f7a5da2,experiment_linear_bodyfat_kg
2935.146065610109,0.013158787973225117,bodyfat_kg,SALIVA,0.8,XGBoost Regressor,GridSearchCV,7.7791078250272365,6.653554688329282,63.10693820086022,-0.0005753561806001173,5036aab1b4aa499bab7dbc396f7a5da2,experiment_linear_bodyfat_kg
1268.939626262452,0.0122807202860713,bodyfat_kg,SALIVA,0.8,XGBoost Regressor,GridSearchCV,7.7791078250272365,6.653554688329282,63.10693820086022,-0.0005753561806001173,5036aab1b4aa499bab7dbc396f7a5da2,experiment_linear_bodyfat_kg
2879.220155030153,0.011905998922884464,bodyfat_kg,SALIVA,0.8,XGBoost Regressor,GridSearchCV,7.7791078250272365,6.653554688329282,63.10693820086022,-0.0005753561806001173,5036aab1b4aa499bab7dbc396f7a5da2,experiment_linear_bodyfat_kg
2715.299382640627,0.01177243422716856,bodyfat_kg,SALIVA,0.8,XGBoost Regressor,GridSearchCV,7.7791078250272365,6.653554688329282,63.10693820086022,-0.0005753561806001173,5036aab1b4aa499bab7dbc396f7a5da2,experiment_linear_bodyfat_kg
2981.429577814211,0.011226597242057323,bodyfat_kg,SALIVA,0.8,XGBoost Regressor,GridSearchCV,7.7791078250272365,6.653554688329282,63.10693820086022,-0.0005753561806001173,5036aab1b4aa499bab7dbc396f7a5da2,experiment_linear_bodyfat_kg
1261.225707561769,0.010228646919131279,bodyfat_kg,SALIVA,0.8,XGBoost Regressor,GridSearchCV,7.7791078250272365,6.653554688329282,63.10693820086022,-0.0005753561806001173,5036aab1b4aa499bab7dbc396f7a5da2,experiment_linear_bodyfat_kg
2780.867691596438,0.010172097943723202,bodyfat_kg,SALIVA,0.8,XGBoost Regressor,GridSearchCV,7.7791078250272365,6.653554688329282,63.10693820086022,-0.0005753561806001173,5036aab1b4aa499bab7dbc396f7a5da2,experiment_linear_bodyfat_kg
2711.442423290285,0.009496672078967094,bodyfat_kg,SALIVA,0.8,XGBoost Regressor,GridSearchCV,7.7791078250272365,6.653554688329282,63.10693820086022,-0.0005753561806001173,5036aab1b4aa499bab7dbc396f7a5da2,experiment_linear_bodyfat_kg
1272.796585612794,0.009158942848443985,bodyfat_kg,SALIVA,0.8,XGBoost Regressor,GridSearchCV,7.7791078250272365,6.653554688329282,63.10693820086022,-0.0005753561806001173,5036aab1b4aa499bab7dbc396f7a5da2,experiment_linear_bodyfat_kg
2973.715659113528,0.008399738930165768,bodyfat_kg,SALIVA,0.8,XGBoost Regressor,GridSearchCV,7.7791078250272365,6.653554688329282,63.10693820086022,-0.0005753561806001173,5036aab1b4aa499bab7dbc396f7a5da2,experiment_linear_bodyfat_kg
1689.348195449708,0.008321705274283886,bodyfat_kg,SALIVA,0.8,XGBoost Regressor,GridSearchCV,7.7791078250272365,6.653554688329282,63.10693820086022,-0.0005753561806001173,5036aab1b4aa499bab7dbc396f7a5da2,experiment_linear_bodyfat_kg
2906.218870482546,0.00824488140642643,bodyfat_kg,SALIVA,0.8,XGBoost Regressor,GridSearchCV,7.7791078250272365,6.653554688329282,63.10693820086022,-0.0005753561806001173,5036aab1b4aa499bab7dbc396f7a5da2,experiment_linear_bodyfat_kg
1126.232130299806,0.004630039018640947,bodyfat_kg,SALIVA,0.8,XGBoost Regressor,GridSearchCV,9.019645504469253,7.354422664642334,72.0991931349819,-0.3451451734523858,5036aab1b4aa499bab7dbc396f7a5da2,experiment_linear_bodyfat_kg
1124.303650624635,0.0045802282059925785,bodyfat_kg,SALIVA,0.8,XGBoost Regressor,GridSearchCV,9.019645504469253,7.354422664642334,72.0991931349819,-0.3451451734523858,5036aab1b4aa499bab7dbc396f7a5da2,experiment_linear_bodyfat_kg
1128.160609974977,0.004555211945421322,bodyfat_kg,SALIVA,0.8,XGBoost Regressor,GridSearchCV,9.019645504469253,7.354422664642334,72.0991931349819,-0.3451451734523858,5036aab1b4aa499bab7dbc396f7a5da2,experiment_linear_bodyfat_kg
1122.375170949464,0.004391711394564249,bodyfat_kg,SALIVA,0.8,XGBoost Regressor,GridSearchCV,9.019645504469253,7.354422664642334,72.0991931349819,-0.3451451734523858,5036aab1b4aa499bab7dbc396f7a5da2,experiment_linear_bodyfat_kg
1130.089089650148,0.004385492425730487,bodyfat_kg,SALIVA,0.8,XGBoost Regressor,GridSearchCV,9.019645504469253,7.354422664642334,72.0991931349819,-0.3451451734523858,5036aab1b4aa499bab7dbc396f7a5da2,experiment_linear_bodyfat_kg
1727.917788953126,0.0043785166606650225,bodyfat_kg,SALIVA,0.8,XGBoost Regressor,GridSearchCV,9.019645504469253,7.354422664642334,72.0991931349819,-0.3451451734523858,5036aab1b4aa499bab7dbc396f7a5da2,experiment_linear_bodyfat_kg
956.5259188847667,0.004226503309671403,bodyfat_kg,SALIVA,0.8,XGBoost Regressor,GridSearchCV,9.019645504469253,7.354422664642334,72.0991931349819,-0.3451451734523858,5036aab1b4aa499bab7dbc396f7a5da2,experiment_linear_bodyfat_kg
954.5974392095954,0.004122330250754631,bodyfat_kg,SALIVA,0.8,XGBoost Regressor,GridSearchCV,9.019645504469253,7.354422664642334,72.0991931349819,-0.3451451734523858,5036aab1b4aa499bab7dbc396f7a5da2,experiment_linear_bodyfat_kg
1132.017569325318,0.004121214406139495,bodyfat_kg,SALIVA,0.8,XGBoost Regressor,GridSearchCV,9.019645504469253,7.354422664642334,72.0991931349819,-0.3451451734523858,5036aab1b4aa499bab7dbc396f7a5da2,experiment_linear_bodyfat_kg
1120.446691274293,0.004108475243590171,bodyfat_kg,SALIVA,0.8,XGBoost Regressor,GridSearchCV,9.019645504469253,7.354422664642334,72.0991931349819,-0.3451451734523858,5036aab1b4aa499bab7dbc396f7a5da2,experiment_linear_bodyfat_kg
1039.450544917115,0.003922215462083334,bodyfat_kg,SALIVA,0.8,XGBoost Regressor,GridSearchCV,9.019645504469253,7.354422664642334,72.0991931349819,-0.3451451734523858,5036aab1b4aa499bab7dbc396f7a5da2,experiment_linear_bodyfat_kg
1041.379024592286,0.003902502151760043,bodyfat_kg,SALIVA,0.8,XGBoost Regressor,GridSearchCV,9.019645504469253,7.354422664642334,72.0991931349819,-0.3451451734523858,5036aab1b4aa499bab7dbc396f7a5da2,experiment_linear_bodyfat_kg
1037.522065241944,0.0038965391318461773,bodyfat_kg,SALIVA,0.8,XGBoost Regressor,GridSearchCV,9.019645504469253,7.354422664642334,72.0991931349819,-0.3451451734523858,5036aab1b4aa499bab7dbc396f7a5da2,experiment_linear_bodyfat_kg
1729.846268628297,0.003846342240368117,bodyfat_kg,SALIVA,0.8,XGBoost Regressor,GridSearchCV,9.019645504469253,7.354422664642334,72.0991931349819,-0.3451451734523858,5036aab1b4aa499bab7dbc396f7a5da2,experiment_linear_bodyfat_kg
1043.307504267457,0.003828835641453207,bodyfat_kg,SALIVA,0.8,XGBoost Regressor,GridSearchCV,9.019645504469253,7.354422664642334,72.0991931349819,-0.3451451734523858,5036aab1b4aa499bab7dbc396f7a5da2,experiment_linear_bodyfat_kg
1035.593585566773,0.003826024020898548,bodyfat_kg,SALIVA,0.8,XGBoost Regressor,GridSearchCV,9.019645504469253,7.354422664642334,72.0991931349819,-0.3451451734523858,5036aab1b4aa499bab7dbc396f7a5da2,experiment_linear_bodyfat_kg
1133.946049000489,0.0038007276845347148,bodyfat_kg,SALIVA,0.8,XGBoost Regressor,GridSearchCV,9.019645504469253,7.354422664642334,72.0991931349819,-0.3451451734523858,5036aab1b4aa499bab7dbc396f7a5da2,experiment_linear_bodyfat_kg
952.6689595344246,0.00379450525319004,bodyfat_kg,SALIVA,0.8,XGBoost Regressor,GridSearchCV,9.019645504469253,7.354422664642334,72.0991931349819,-0.3451451734523858,5036aab1b4aa499bab7dbc396f7a5da2,experiment_linear_bodyfat_kg
1118.518211599122,0.003776965929449231,bodyfat_kg,SALIVA,0.8,XGBoost Regressor,GridSearchCV,9.019645504469253,7.354422664642334,72.0991931349819,-0.3451451734523858,5036aab1b4aa499bab7dbc396f7a5da2,experiment_linear_bodyfat_kg
1033.665105891602,0.003717147355875423,bodyfat_kg,SALIVA,0.8,XGBoost Regressor,GridSearchCV,9.019645504469253,7.354422664642334,72.0991931349819,-0.3451451734523858,5036aab1b4aa499bab7dbc396f7a5da2,experiment_linear_bodyfat_kg
2915.861268858401,0.01818537525832653,bodyfat_kg,SALIVA,0.8,XGBoost Regressor,GridSearchCV,7.7791078250272365,6.653554688329282,63.10693820086022,-0.0005753561806001173,5036aab1b4aa499bab7dbc396f7a5da2,experiment_linear_bodyfat_kg
2966.001740412844,0.01781558431684971,bodyfat_kg,SALIVA,0.8,XGBoost Regressor,GridSearchCV,7.7791078250272365,6.653554688329282,63.10693820086022,-0.0005753561806001173,5036aab1b4aa499bab7dbc396f7a5da2,experiment_linear_bodyfat_kg
2975.644138788698,0.017591718584299088,bodyfat_kg,SALIVA,0.8,XGBoost Regressor,GridSearchCV,7.7791078250272365,6.653554688329282,63.10693820086022,-0.0005753561806001173,5036aab1b4aa499bab7dbc396f7a5da2,experiment_linear_bodyfat_kg
2991.071976190066,0.01460754219442606,bodyfat_kg,SALIVA,0.8,XGBoost Regressor,GridSearchCV,7.7791078250272365,6.653554688329282,63.10693820086022,-0.0005753561806001173,5036aab1b4aa499bab7dbc396f7a5da2,experiment_linear_bodyfat_kg
2904.290390807375,0.014060047455132008,bodyfat_kg,SALIVA,0.8,XGBoost Regressor,GridSearchCV,7.7791078250272365,6.653554688329282,63.10693820086022,-0.0005753561806001173,5036aab1b4aa499bab7dbc396f7a5da2,experiment_linear_bodyfat_kg
2771.225293220583,0.013964086771011353,bodyfat_kg,SALIVA,0.8,XGBoost Regressor,GridSearchCV,7.7791078250272365,6.653554688329282,63.10693820086022,-0.0005753561806001173,5036aab1b4aa499bab7dbc396f7a5da2,experiment_linear_bodyfat_kg
2925.503667234255,0.01390776876360178,bodyfat_kg,SALIVA,0.8,XGBoost Regressor,GridSearchCV,7.7791078250272365,6.653554688329282,63.10693820086022,-0.0005753561806001173,5036aab1b4aa499bab7dbc396f7a5da2,experiment_linear_bodyfat_kg
2896.576472106692,0.013624107465147972,bodyfat_kg,SALIVA,0.8,XGBoost Regressor,GridSearchCV,7.7791078250272365,6.653554688329282,63.10693820086022,-0.0005753561806001173,5036aab1b4aa499bab7dbc396f7a5da2,experiment_linear_bodyfat_kg
2935.146065610109,0.013158787973225117,bodyfat_kg,SALIVA,0.8,XGBoost Regressor,GridSearchCV,7.7791078250272365,6.653554688329282,63.10693820086022,-0.0005753561806001173,5036aab1b4aa499bab7dbc396f7a5da2,experiment_linear_bodyfat_kg
1268.939626262452,0.0122807202860713,bodyfat_kg,SALIVA,0.8,XGBoost Regressor,GridSearchCV,7.7791078250272365,6.653554688329282,63.10693820086022,-0.0005753561806001173,5036aab1b4aa499bab7dbc396f7a5da2,experiment_linear_bodyfat_kg
2879.220155030153,0.011905998922884464,bodyfat_kg,SALIVA,0.8,XGBoost Regressor,GridSearchCV,7.7791078250272365,6.653554688329282,63.10693820086022,-0.0005753561806001173,5036aab1b4aa499bab7dbc396f7a5da2,experiment_linear_bodyfat_kg
2715.299382640627,0.01177243422716856,bodyfat_kg,SALIVA,0.8,XGBoost Regressor,GridSearchCV,7.7791078250272365,6.653554688329282,63.10693820086022,-0.0005753561806001173,5036aab1b4aa499bab7dbc396f7a5da2,experiment_linear_bodyfat_kg
2981.429577814211,0.011226597242057323,bodyfat_kg,SALIVA,0.8,XGBoost Regressor,GridSearchCV,7.7791078250272365,6.653554688329282,63.10693820086022,-0.0005753561806001173,5036aab1b4aa499bab7dbc396f7a5da2,experiment_linear_bodyfat_kg
1261.225707561769,0.010228646919131279,bodyfat_kg,SALIVA,0.8,XGBoost Regressor,GridSearchCV,7.7791078250272365,6.653554688329282,63.10693820086022,-0.0005753561806001173,5036aab1b4aa499bab7dbc396f7a5da2,experiment_linear_bodyfat_kg
2780.867691596438,0.010172097943723202,bodyfat_kg,SALIVA,0.8,XGBoost Regressor,GridSearchCV,7.7791078250272365,6.653554688329282,63.10693820086022,-0.0005753561806001173,5036aab1b4aa499bab7dbc396f7a5da2,experiment_linear_bodyfat_kg
2711.442423290285,0.009496672078967094,bodyfat_kg,SALIVA,0.8,XGBoost Regressor,GridSearchCV,7.7791078250272365,6.653554688329282,63.10693820086022,-0.0005753561806001173,5036aab1b4aa499bab7dbc396f7a5da2,experiment_linear_bodyfat_kg
1272.796585612794,0.009158942848443985,bodyfat_kg,SALIVA,0.8,XGBoost Regressor,GridSearchCV,7.7791078250272365,6.653554688329282,63.10693820086022,-0.0005753561806001173,5036aab1b4aa499bab7dbc396f7a5da2,experiment_linear_bodyfat_kg
2973.715659113528,0.008399738930165768,bodyfat_kg,SALIVA,0.8,XGBoost Regressor,GridSearchCV,7.7791078250272365,6.653554688329282,63.10693820086022,-0.0005753561806001173,5036aab1b4aa499bab7dbc396f7a5da2,experiment_linear_bodyfat_kg
1689.348195449708,0.008321705274283886,bodyfat_kg,SALIVA,0.8,XGBoost Regressor,GridSearchCV,7.7791078250272365,6.653554688329282,63.10693820086022,-0.0005753561806001173,5036aab1b4aa499bab7dbc396f7a5da2,experiment_linear_bodyfat_kg
2906.218870482546,0.00824488140642643,bodyfat_kg,SALIVA,0.8,XGBoost Regressor,GridSearchCV,7.7791078250272365,6.653554688329282,63.10693820086022,-0.0005753561806001173,5036aab1b4aa499bab7dbc396f7a5da2,experiment_linear_bodyfat_kg
1141.659967701173,0.004501095151921109,bodyfat_kg,SERUM,0.8,XGBoost Regressor,GridSearchCV,10.061645489603743,7.0425632127901405,47.308308901521514,0.04151341686955712,5036aab1b4aa499bab7dbc396f7a5da2,experiment_linear_bodyfat_kg
1143.588447376344,0.0044053660450523325,bodyfat_kg,SERUM,0.8,XGBoost Regressor,GridSearchCV,10.061645489603743,7.0425632127901405,47.308308901521514,0.04151341686955712,5036aab1b4aa499bab7dbc396f7a5da2,experiment_linear_bodyfat_kg
1139.731488026002,0.004399273774107669,bodyfat_kg,SERUM,0.8,XGBoost Regressor,GridSearchCV,10.061645489603743,7.0425632127901405,47.308308901521514,0.04151341686955712,5036aab1b4aa499bab7dbc396f7a5da2,experiment_linear_bodyfat_kg
1388.505366123048,0.004307075617353854,bodyfat_kg,SERUM,0.8,XGBoost Regressor,GridSearchCV,10.061645489603743,7.0425632127901405,47.308308901521514,0.04151341686955712,5036aab1b4aa499bab7dbc396f7a5da2,experiment_linear_bodyfat_kg
1145.516927051515,0.004233936357535899,bodyfat_kg,SERUM,0.8,XGBoost Regressor,GridSearchCV,10.061645489603743,7.0425632127901405,47.308308901521514,0.04151341686955712,5036aab1b4aa499bab7dbc396f7a5da2,experiment_linear_bodyfat_kg
1386.576886447877,0.00413213806024612,bodyfat_kg,SERUM,0.8,XGBoost Regressor,GridSearchCV,10.061645489603743,7.0425632127901405,47.308308901521514,0.04151341686955712,5036aab1b4aa499bab7dbc396f7a5da2,experiment_linear_bodyfat_kg
1137.803008350831,0.004087481286544287,bodyfat_kg,SERUM,0.8,XGBoost Regressor,GridSearchCV,10.061645489603743,7.0425632127901405,47.308308901521514,0.04151341686955712,5036aab1b4aa499bab7dbc396f7a5da2,experiment_linear_bodyfat_kg
1390.433845798219,0.004082061278734972,bodyfat_kg,SERUM,0.8,XGBoost Regressor,GridSearchCV,10.061645489603743,7.0425632127901405,47.308308901521514,0.04151341686955712,5036aab1b4aa499bab7dbc396f7a5da2,experiment_linear_bodyfat_kg
1147.445406726686,0.004055603249288259,bodyfat_kg,SERUM,0.8,XGBoost Regressor,GridSearchCV,10.061645489603743,7.0425632127901405,47.308308901521514,0.04151341686955712,5036aab1b4aa499bab7dbc396f7a5da2,experiment_linear_bodyfat_kg
1149.373886401856,0.003861917313592247,bodyfat_kg,SERUM,0.8,XGBoost Regressor,GridSearchCV,10.061645489603743,7.0425632127901405,47.308308901521514,0.04151341686955712,5036aab1b4aa499bab7dbc396f7a5da2,experiment_linear_bodyfat_kg
1106.947333548097,0.003834689642473809,bodyfat_kg,SERUM,0.8,XGBoost Regressor,GridSearchCV,10.061645489603743,7.0425632127901405,47.308308901521514,0.04151341686955712,5036aab1b4aa499bab7dbc396f7a5da2,experiment_linear_bodyfat_kg
1392.36232547339,0.0038152689997447854,bodyfat_kg,SERUM,0.8,XGBoost Regressor,GridSearchCV,10.061645489603743,7.0425632127901405,47.308308901521514,0.04151341686955712,5036aab1b4aa499bab7dbc396f7a5da2,experiment_linear_bodyfat_kg
1108.875813223267,0.0037731627223002483,bodyfat_kg,SERUM,0.8,XGBoost Regressor,GridSearchCV,10.061645489603743,7.0425632127901405,47.308308901521514,0.04151341686955712,5036aab1b4aa499bab7dbc396f7a5da2,experiment_linear_bodyfat_kg
1105.018853872926,0.003771441584257848,bodyfat_kg,SERUM,0.8,XGBoost Regressor,GridSearchCV,10.061645489603743,7.0425632127901405,47.308308901521514,0.04151341686955712,5036aab1b4aa499bab7dbc396f7a5da2,experiment_linear_bodyfat_kg
1103.090374197755,0.003687150126481878,bodyfat_kg,SERUM,0.8,XGBoost Regressor,GridSearchCV,10.061645489603743,7.0425632127901405,47.308308901521514,0.04151341686955712,5036aab1b4aa499bab7dbc396f7a5da2,experiment_linear_bodyfat_kg
1151.302366077027,0.0036833458746533747,bodyfat_kg,SERUM,0.8,XGBoost Regressor,GridSearchCV,10.061645489603743,7.0425632127901405,47.308308901521514,0.04151341686955712,5036aab1b4aa499bab7dbc396f7a5da2,experiment_linear_bodyfat_kg
1135.87452867566,0.003634082577657097,bodyfat_kg,SERUM,0.8,XGBoost Regressor,GridSearchCV,10.061645489603743,7.0425632127901405,47.308308901521514,0.04151341686955712,5036aab1b4aa499bab7dbc396f7a5da2,experiment_linear_bodyfat_kg
1110.804292898438,0.003598351164572592,bodyfat_kg,SERUM,0.8,XGBoost Regressor,GridSearchCV,10.061645489603743,7.0425632127901405,47.308308901521514,0.04151341686955712,5036aab1b4aa499bab7dbc396f7a5da2,experiment_linear_bodyfat_kg
1101.161894522584,0.0035836112499400634,bodyfat_kg,SERUM,0.8,XGBoost Regressor,GridSearchCV,10.061645489603743,7.0425632127901405,47.308308901521514,0.04151341686955712,5036aab1b4aa499bab7dbc396f7a5da2,experiment_linear_bodyfat_kg
1153.230845752198,0.003558362554684179,bodyfat_kg,SERUM,0.8,XGBoost Regressor,GridSearchCV,10.061645489603743,7.0425632127901405,47.308308901521514,0.04151341686955712,5036aab1b4aa499bab7dbc396f7a5da2,experiment_linear_bodyfat_kg
1139.731488026002,0.025882747024297714,bodyfat_kg,SERUM,0.8,XGBoost Regressor,GridSearchCV,9.911629113979018,6.604765194218334,41.85976643873548,0.06988188970258702,5036aab1b4aa499bab7dbc396f7a5da2,experiment_linear_bodyfat_kg
1143.588447376344,0.017902599647641182,bodyfat_kg,SERUM,0.8,XGBoost Regressor,GridSearchCV,9.911629113979018,6.604765194218334,41.85976643873548,0.06988188970258702,5036aab1b4aa499bab7dbc396f7a5da2,experiment_linear_bodyfat_kg
1130.089089650148,0.016362491995096207,bodyfat_kg,SERUM,0.8,XGBoost Regressor,GridSearchCV,9.911629113979018,6.604765194218334,41.85976643873548,0.06988188970258702,5036aab1b4aa499bab7dbc396f7a5da2,experiment_linear_bodyfat_kg
1741.417146679323,0.014964092522859573,bodyfat_kg,SERUM,0.8,XGBoost Regressor,GridSearchCV,9.911629113979018,6.604765194218334,41.85976643873548,0.06988188970258702,5036aab1b4aa499bab7dbc396f7a5da2,experiment_linear_bodyfat_kg
1157.08780510254,0.013794944621622562,bodyfat_kg,SERUM,0.8,XGBoost Regressor,GridSearchCV,9.911629113979018,6.604765194218334,41.85976643873548,0.06988188970258702,5036aab1b4aa499bab7dbc396f7a5da2,experiment_linear_bodyfat_kg
1162.873244128053,0.012578978203237057,bodyfat_kg,SERUM,0.8,XGBoost Regressor,GridSearchCV,9.911629113979018,6.604765194218334,41.85976643873548,0.06988188970258702,5036aab1b4aa499bab7dbc396f7a5da2,experiment_linear_bodyfat_kg
1452.145195403688,0.011747361160814762,bodyfat_kg,SERUM,0.8,XGBoost Regressor,GridSearchCV,9.911629113979018,6.604765194218334,41.85976643873548,0.06988188970258702,5036aab1b4aa499bab7dbc396f7a5da2,experiment_linear_bodyfat_kg
1137.803008350831,0.011617683805525303,bodyfat_kg,SERUM,0.8,XGBoost Regressor,GridSearchCV,9.911629113979018,6.604765194218334,41.85976643873548,0.06988188970258702,5036aab1b4aa499bab7dbc396f7a5da2,experiment_linear_bodyfat_kg
1128.160609974977,0.011259286664426327,bodyfat_kg,SERUM,0.8,XGBoost Regressor,GridSearchCV,9.911629113979018,6.604765194218334,41.85976643873548,0.06988188970258702,5036aab1b4aa499bab7dbc396f7a5da2,experiment_linear_bodyfat_kg
1461.787593779542,0.01050753053277731,bodyfat_kg,SERUM,0.8,XGBoost Regressor,GridSearchCV,9.911629113979018,6.604765194218334,41.85976643873548,0.06988188970258702,5036aab1b4aa499bab7dbc396f7a5da2,experiment_linear_bodyfat_kg
1463.716073454713,0.010394499637186527,bodyfat_kg,SERUM,0.8,XGBoost Regressor,GridSearchCV,9.911629113979018,6.604765194218334,41.85976643873548,0.06988188970258702,5036aab1b4aa499bab7dbc396f7a5da2,experiment_linear_bodyfat_kg
1234.226992109376,0.010151929222047329,bodyfat_kg,SERUM,0.8,XGBoost Regressor,GridSearchCV,9.911629113979018,6.604765194218334,41.85976643873548,0.06988188970258702,5036aab1b4aa499bab7dbc396f7a5da2,experiment_linear_bodyfat_kg
1278.582024638307,0.009901520796120167,bodyfat_kg,SERUM,0.8,XGBoost Regressor,GridSearchCV,9.911629113979018,6.604765194218334,41.85976643873548,0.06988188970258702,5036aab1b4aa499bab7dbc396f7a5da2,experiment_linear_bodyfat_kg
1124.303650624635,0.009280896745622158,bodyfat_kg,SERUM,0.8,XGBoost Regressor,GridSearchCV,9.911629113979018,6.604765194218334,41.85976643873548,0.06988188970258702,5036aab1b4aa499bab7dbc396f7a5da2,experiment_linear_bodyfat_kg
2541.736211875246,0.008646338246762753,bodyfat_kg,SERUM,0.8,XGBoost Regressor,GridSearchCV,9.911629113979018,6.604765194218334,41.85976643873548,0.06988188970258702,5036aab1b4aa499bab7dbc396f7a5da2,experiment_linear_bodyfat_kg
1671.99187837317,0.008530693128705025,bodyfat_kg,SERUM,0.8,XGBoost Regressor,GridSearchCV,9.911629113979018,6.604765194218334,41.85976643873548,0.06988188970258702,5036aab1b4aa499bab7dbc396f7a5da2,experiment_linear_bodyfat_kg
1126.232130299806,0.008348433300852776,bodyfat_kg,SERUM,0.8,XGBoost Regressor,GridSearchCV,9.911629113979018,6.604765194218334,41.85976643873548,0.06988188970258702,5036aab1b4aa499bab7dbc396f7a5da2,experiment_linear_bodyfat_kg
1149.373886401856,0.008283684961497784,bodyfat_kg,SERUM,0.8,XGBoost Regressor,GridSearchCV,9.911629113979018,6.604765194218334,41.85976643873548,0.06988188970258702,5036aab1b4aa499bab7dbc396f7a5da2,experiment_linear_bodyfat_kg
2522.451415123537,0.007967794314026833,bodyfat_kg,SERUM,0.8,XGBoost Regressor,GridSearchCV,9.911629113979018,6.604765194218334,41.85976643873548,0.06988188970258702,5036aab1b4aa499bab7dbc396f7a5da2,experiment_linear_bodyfat_kg
1114.66125224878,0.00737764174118638,bodyfat_kg,SERUM,0.8,XGBoost Regressor,GridSearchCV,9.911629113979018,6.604765194218334,41.85976643873548,0.06988188970258702,5036aab1b4aa499bab7dbc396f7a5da2,experiment_linear_bodyfat_kg
1141.659967701173,0.004501095151921109,bodyfat_kg,SERUM,0.8,XGBoost Regressor,GridSearchCV,10.061645489603743,7.0425632127901405,47.308308901521514,0.04151341686955712,5036aab1b4aa499bab7dbc396f7a5da2,experiment_linear_bodyfat_kg
1143.588447376344,0.004405366045052334,bodyfat_kg,SERUM,0.8,XGBoost Regressor,GridSearchCV,10.061645489603743,7.0425632127901405,47.308308901521514,0.04151341686955712,5036aab1b4aa499bab7dbc396f7a5da2,experiment_linear_bodyfat_kg
1139.731488026002,0.00439927377410767,bodyfat_kg,SERUM,0.8,XGBoost Regressor,GridSearchCV,10.061645489603743,7.0425632127901405,47.308308901521514,0.04151341686955712,5036aab1b4aa499bab7dbc396f7a5da2,experiment_linear_bodyfat_kg
1388.505366123048,0.004307075617353856,bodyfat_kg,SERUM,0.8,XGBoost Regressor,GridSearchCV,10.061645489603743,7.0425632127901405,47.308308901521514,0.04151341686955712,5036aab1b4aa499bab7dbc396f7a5da2,experiment_linear_bodyfat_kg
1145.516927051515,0.0042339363575359,bodyfat_kg,SERUM,0.8,XGBoost Regressor,GridSearchCV,10.061645489603743,7.0425632127901405,47.308308901521514,0.04151341686955712,5036aab1b4aa499bab7dbc396f7a5da2,experiment_linear_bodyfat_kg
1386.576886447877,0.004132138060246122,bodyfat_kg,SERUM,0.8,XGBoost Regressor,GridSearchCV,10.061645489603743,7.0425632127901405,47.308308901521514,0.04151341686955712,5036aab1b4aa499bab7dbc396f7a5da2,experiment_linear_bodyfat_kg
1137.803008350831,0.004087481286544286,bodyfat_kg,SERUM,0.8,XGBoost Regressor,GridSearchCV,10.061645489603743,7.0425632127901405,47.308308901521514,0.04151341686955712,5036aab1b4aa499bab7dbc396f7a5da2,experiment_linear_bodyfat_kg
1390.433845798219,0.004082061278734974,bodyfat_kg,SERUM,0.8,XGBoost Regressor,GridSearchCV,10.061645489603743,7.0425632127901405,47.308308901521514,0.04151341686955712,5036aab1b4aa499bab7dbc396f7a5da2,experiment_linear_bodyfat_kg
1147.445406726686,0.004055603249288261,bodyfat_kg,SERUM,0.8,XGBoost Regressor,GridSearchCV,10.061645489603743,7.0425632127901405,47.308308901521514,0.04151341686955712,5036aab1b4aa499bab7dbc396f7a5da2,experiment_linear_bodyfat_kg
1149.373886401856,0.0038619173135922484,bodyfat_kg,SERUM,0.8,XGBoost Regressor,GridSearchCV,10.061645489603743,7.0425632127901405,47.308308901521514,0.04151341686955712,5036aab1b4aa499bab7dbc396f7a5da2,experiment_linear_bodyfat_kg
1106.947333548097,0.003834689642473808,bodyfat_kg,SERUM,0.8,XGBoost Regressor,GridSearchCV,10.061645489603743,7.0425632127901405,47.308308901521514,0.04151341686955712,5036aab1b4aa499bab7dbc396f7a5da2,experiment_linear_bodyfat_kg
1392.36232547339,0.0038152689997447867,bodyfat_kg,SERUM,0.8,XGBoost Regressor,GridSearchCV,10.061645489603743,7.0425632127901405,47.308308901521514,0.04151341686955712,5036aab1b4aa499bab7dbc396f7a5da2,experiment_linear_bodyfat_kg
1108.875813223267,0.0037731627223002466,bodyfat_kg,SERUM,0.8,XGBoost Regressor,GridSearchCV,10.061645489603743,7.0425632127901405,47.308308901521514,0.04151341686955712,5036aab1b4aa499bab7dbc396f7a5da2,experiment_linear_bodyfat_kg
1105.018853872926,0.0037714415842578495,bodyfat_kg,SERUM,0.8,XGBoost Regressor,GridSearchCV,10.061645489603743,7.0425632127901405,47.308308901521514,0.04151341686955712,5036aab1b4aa499bab7dbc396f7a5da2,experiment_linear_bodyfat_kg
1103.090374197755,0.0036871501264818785,bodyfat_kg,SERUM,0.8,XGBoost Regressor,GridSearchCV,10.061645489603743,7.0425632127901405,47.308308901521514,0.04151341686955712,5036aab1b4aa499bab7dbc396f7a5da2,experiment_linear_bodyfat_kg
1151.302366077027,0.0036833458746533725,bodyfat_kg,SERUM,0.8,XGBoost Regressor,GridSearchCV,10.061645489603743,7.0425632127901405,47.308308901521514,0.04151341686955712,5036aab1b4aa499bab7dbc396f7a5da2,experiment_linear_bodyfat_kg
1135.87452867566,0.003634082577657097,bodyfat_kg,SERUM,0.8,XGBoost Regressor,GridSearchCV,10.061645489603743,7.0425632127901405,47.308308901521514,0.04151341686955712,5036aab1b4aa499bab7dbc396f7a5da2,experiment_linear_bodyfat_kg
1110.804292898438,0.003598351164572592,bodyfat_kg,SERUM,0.8,XGBoost Regressor,GridSearchCV,10.061645489603743,7.0425632127901405,47.308308901521514,0.04151341686955712,5036aab1b4aa499bab7dbc396f7a5da2,experiment_linear_bodyfat_kg
1101.161894522584,0.0035836112499400626,bodyfat_kg,SERUM,0.8,XGBoost Regressor,GridSearchCV,10.061645489603743,7.0425632127901405,47.308308901521514,0.04151341686955712,5036aab1b4aa499bab7dbc396f7a5da2,experiment_linear_bodyfat_kg
1153.230845752198,0.003558362554684179,bodyfat_kg,SERUM,0.8,XGBoost Regressor,GridSearchCV,10.061645489603743,7.0425632127901405,47.308308901521514,0.04151341686955712,5036aab1b4aa499bab7dbc396f7a5da2,experiment_linear_bodyfat_kg
1139.731488026002,0.025882747024297714,bodyfat_kg,SERUM,0.8,XGBoost Regressor,GridSearchCV,9.911629113979018,6.604765194218334,41.85976643873548,0.06988188970258702,5036aab1b4aa499bab7dbc396f7a5da2,experiment_linear_bodyfat_kg
1143.588447376344,0.017902599647641182,bodyfat_kg,SERUM,0.8,XGBoost Regressor,GridSearchCV,9.911629113979018,6.604765194218334,41.85976643873548,0.06988188970258702,5036aab1b4aa499bab7dbc396f7a5da2,experiment_linear_bodyfat_kg
1130.089089650148,0.016362491995096207,bodyfat_kg,SERUM,0.8,XGBoost Regressor,GridSearchCV,9.911629113979018,6.604765194218334,41.85976643873548,0.06988188970258702,5036aab1b4aa499bab7dbc396f7a5da2,experiment_linear_bodyfat_kg
1741.417146679323,0.014964092522859573,bodyfat_kg,SERUM,0.8,XGBoost Regressor,GridSearchCV,9.911629113979018,6.604765194218334,41.85976643873548,0.06988188970258702,5036aab1b4aa499bab7dbc396f7a5da2,experiment_linear_bodyfat_kg
1157.08780510254,0.013794944621622562,bodyfat_kg,SERUM,0.8,XGBoost Regressor,GridSearchCV,9.911629113979018,6.604765194218334,41.85976643873548,0.06988188970258702,5036aab1b4aa499bab7dbc396f7a5da2,experiment_linear_bodyfat_kg
1162.873244128053,0.012578978203237057,bodyfat_kg,SERUM,0.8,XGBoost Regressor,GridSearchCV,9.911629113979018,6.604765194218334,41.85976643873548,0.06988188970258702,5036aab1b4aa499bab7dbc396f7a5da2,experiment_linear_bodyfat_kg
1452.145195403688,0.011747361160814762,bodyfat_kg,SERUM,0.8,XGBoost Regressor,GridSearchCV,9.911629113979018,6.604765194218334,41.85976643873548,0.06988188970258702,5036aab1b4aa499bab7dbc396f7a5da2,experiment_linear_bodyfat_kg
1137.803008350831,0.011617683805525303,bodyfat_kg,SERUM,0.8,XGBoost Regressor,GridSearchCV,9.911629113979018,6.604765194218334,41.85976643873548,0.06988188970258702,5036aab1b4aa499bab7dbc396f7a5da2,experiment_linear_bodyfat_kg
1128.160609974977,0.011259286664426327,bodyfat_kg,SERUM,0.8,XGBoost Regressor,GridSearchCV,9.911629113979018,6.604765194218334,41.85976643873548,0.06988188970258702,5036aab1b4aa499bab7dbc396f7a5da2,experiment_linear_bodyfat_kg
1461.787593779542,0.01050753053277731,bodyfat_kg,SERUM,0.8,XGBoost Regressor,GridSearchCV,9.911629113979018,6.604765194218334,41.85976643873548,0.06988188970258702,5036aab1b4aa499bab7dbc396f7a5da2,experiment_linear_bodyfat_kg
1463.716073454713,0.010394499637186527,bodyfat_kg,SERUM,0.8,XGBoost Regressor,GridSearchCV,9.911629113979018,6.604765194218334,41.85976643873548,0.06988188970258702,5036aab1b4aa499bab7dbc396f7a5da2,experiment_linear_bodyfat_kg
1234.226992109376,0.010151929222047329,bodyfat_kg,SERUM,0.8,XGBoost Regressor,GridSearchCV,9.911629113979018,6.604765194218334,41.85976643873548,0.06988188970258702,5036aab1b4aa499bab7dbc396f7a5da2,experiment_linear_bodyfat_kg
1278.582024638307,0.009901520796120167,bodyfat_kg,SERUM,0.8,XGBoost Regressor,GridSearchCV,9.911629113979018,6.604765194218334,41.85976643873548,0.06988188970258702,5036aab1b4aa499bab7dbc396f7a5da2,experiment_linear_bodyfat_kg
1124.303650624635,0.009280896745622158,bodyfat_kg,SERUM,0.8,XGBoost Regressor,GridSearchCV,9.911629113979018,6.604765194218334,41.85976643873548,0.06988188970258702,5036aab1b4aa499bab7dbc396f7a5da2,experiment_linear_bodyfat_kg
2541.736211875246,0.008646338246762753,bodyfat_kg,SERUM,0.8,XGBoost Regressor,GridSearchCV,9.911629113979018,6.604765194218334,41.85976643873548,0.06988188970258702,5036aab1b4aa499bab7dbc396f7a5da2,experiment_linear_bodyfat_kg
1671.99187837317,0.008530693128705025,bodyfat_kg,SERUM,0.8,XGBoost Regressor,GridSearchCV,9.911629113979018,6.604765194218334,41.85976643873548,0.06988188970258702,5036aab1b4aa499bab7dbc396f7a5da2,experiment_linear_bodyfat_kg
1126.232130299806,0.008348433300852776,bodyfat_kg,SERUM,0.8,XGBoost Regressor,GridSearchCV,9.911629113979018,6.604765194218334,41.85976643873548,0.06988188970258702,5036aab1b4aa499bab7dbc396f7a5da2,experiment_linear_bodyfat_kg
1149.373886401856,0.008283684961497784,bodyfat_kg,SERUM,0.8,XGBoost Regressor,GridSearchCV,9.911629113979018,6.604765194218334,41.85976643873548,0.06988188970258702,5036aab1b4aa499bab7dbc396f7a5da2,experiment_linear_bodyfat_kg
2522.451415123537,0.007967794314026833,bodyfat_kg,SERUM,0.8,XGBoost Regressor,GridSearchCV,9.911629113979018,6.604765194218334,41.85976643873548,0.06988188970258702,5036aab1b4aa499bab7dbc396f7a5da2,experiment_linear_bodyfat_kg
1114.66125224878,0.00737764174118638,bodyfat_kg,SERUM,0.8,XGBoost Regressor,GridSearchCV,9.911629113979018,6.604765194218334,41.85976643873548,0.06988188970258702,5036aab1b4aa499bab7dbc396f7a5da2,experiment_linear_bodyfat_kg
1776.129780832399,0.007421971657307295,bodyfat_kg,URINE,0.8,XGBoost Regressor,GridSearchCV,11.010416118958494,9.0971302652359,61.83945837294856,-0.07828570931534529,5036aab1b4aa499bab7dbc396f7a5da2,experiment_linear_bodyfat_kg
1774.201301157228,0.007288972604367229,bodyfat_kg,URINE,0.8,XGBoost Regressor,GridSearchCV,11.010416118958494,9.0971302652359,61.83945837294856,-0.07828570931534529,5036aab1b4aa499bab7dbc396f7a5da2,experiment_linear_bodyfat_kg
1778.05826050757,0.007266134345996838,bodyfat_kg,URINE,0.8,XGBoost Regressor,GridSearchCV,11.010416118958494,9.0971302652359,61.83945837294856,-0.07828570931534529,5036aab1b4aa499bab7dbc396f7a5da2,experiment_linear_bodyfat_kg
1779.986740182741,0.007153408577666581,bodyfat_kg,URINE,0.8,XGBoost Regressor,GridSearchCV,11.010416118958494,9.0971302652359,61.83945837294856,-0.07828570931534529,5036aab1b4aa499bab7dbc396f7a5da2,experiment_linear_bodyfat_kg
1772.272821482057,0.007140583625550802,bodyfat_kg,URINE,0.8,XGBoost Regressor,GridSearchCV,11.010416118958494,9.0971302652359,61.83945837294856,-0.07828570931534529,5036aab1b4aa499bab7dbc396f7a5da2,experiment_linear_bodyfat_kg
1770.344341806886,0.007104276871168623,bodyfat_kg,URINE,0.8,XGBoost Regressor,GridSearchCV,11.010416118958494,9.0971302652359,61.83945837294856,-0.07828570931534529,5036aab1b4aa499bab7dbc396f7a5da2,experiment_linear_bodyfat_kg
1781.915219857912,0.007039765245663073,bodyfat_kg,URINE,0.8,XGBoost Regressor,GridSearchCV,11.010416118958494,9.0971302652359,61.83945837294856,-0.07828570931534529,5036aab1b4aa499bab7dbc396f7a5da2,experiment_linear_bodyfat_kg
1768.415862131715,0.006803768427098657,bodyfat_kg,URINE,0.8,XGBoost Regressor,GridSearchCV,11.010416118958494,9.0971302652359,61.83945837294856,-0.07828570931534529,5036aab1b4aa499bab7dbc396f7a5da2,experiment_linear_bodyfat_kg
1783.843699533082,0.006724631939907397,bodyfat_kg,URINE,0.8,XGBoost Regressor,GridSearchCV,11.010416118958494,9.0971302652359,61.83945837294856,-0.07828570931534529,5036aab1b4aa499bab7dbc396f7a5da2,experiment_linear_bodyfat_kg
1766.487382456544,0.006635417350316133,bodyfat_kg,URINE,0.8,XGBoost Regressor,GridSearchCV,11.010416118958494,9.0971302652359,61.83945837294856,-0.07828570931534529,5036aab1b4aa499bab7dbc396f7a5da2,experiment_linear_bodyfat_kg
1764.558902781373,0.006538190451685156,bodyfat_kg,URINE,0.8,XGBoost Regressor,GridSearchCV,11.010416118958494,9.0971302652359,61.83945837294856,-0.07828570931534529,5036aab1b4aa499bab7dbc396f7a5da2,experiment_linear_bodyfat_kg
1785.772179208253,0.006146416000293048,bodyfat_kg,URINE,0.8,XGBoost Regressor,GridSearchCV,11.010416118958494,9.0971302652359,61.83945837294856,-0.07828570931534529,5036aab1b4aa499bab7dbc396f7a5da2,experiment_linear_bodyfat_kg
1762.630423106202,0.006033605991508725,bodyfat_kg,URINE,0.8,XGBoost Regressor,GridSearchCV,11.010416118958494,9.0971302652359,61.83945837294856,-0.07828570931534529,5036aab1b4aa499bab7dbc396f7a5da2,experiment_linear_bodyfat_kg
1760.701943431032,0.00581374559429916,bodyfat_kg,URINE,0.8,XGBoost Regressor,GridSearchCV,11.010416118958494,9.0971302652359,61.83945837294856,-0.07828570931534529,5036aab1b4aa499bab7dbc396f7a5da2,experiment_linear_bodyfat_kg
1278.582024638307,0.005649108099285759,bodyfat_kg,URINE,0.8,XGBoost Regressor,GridSearchCV,11.010416118958494,9.0971302652359,61.83945837294856,-0.07828570931534529,5036aab1b4aa499bab7dbc396f7a5da2,experiment_linear_bodyfat_kg
1787.700658883424,0.005540942048529836,bodyfat_kg,URINE,0.8,XGBoost Regressor,GridSearchCV,11.010416118958494,9.0971302652359,61.83945837294856,-0.07828570931534529,5036aab1b4aa499bab7dbc396f7a5da2,experiment_linear_bodyfat_kg
1758.773463755861,0.005538378275670806,bodyfat_kg,URINE,0.8,XGBoost Regressor,GridSearchCV,11.010416118958494,9.0971302652359,61.83945837294856,-0.07828570931534529,5036aab1b4aa499bab7dbc396f7a5da2,experiment_linear_bodyfat_kg
1276.653544963136,0.0055180500871492835,bodyfat_kg,URINE,0.8,XGBoost Regressor,GridSearchCV,11.010416118958494,9.0971302652359,61.83945837294856,-0.07828570931534529,5036aab1b4aa499bab7dbc396f7a5da2,experiment_linear_bodyfat_kg
1280.510504313478,0.005399287170799897,bodyfat_kg,URINE,0.8,XGBoost Regressor,GridSearchCV,11.010416118958494,9.0971302652359,61.83945837294856,-0.07828570931534529,5036aab1b4aa499bab7dbc396f7a5da2,experiment_linear_bodyfat_kg
1274.725065287965,0.00515065310127913,bodyfat_kg,URINE,0.8,XGBoost Regressor,GridSearchCV,11.010416118958494,9.0971302652359,61.83945837294856,-0.07828570931534529,5036aab1b4aa499bab7dbc396f7a5da2,experiment_linear_bodyfat_kg
1128.160609974977,0.011446342803537846,bodyfat_kg,URINE,0.8,XGBoost Regressor,GridSearchCV,10.822441814994498,9.168758602142336,62.78061414513376,-0.04178212936208525,5036aab1b4aa499bab7dbc396f7a5da2,experiment_linear_bodyfat_kg
1845.555049138551,0.011435871943831444,bodyfat_kg,URINE,0.8,XGBoost Regressor,GridSearchCV,10.822441814994498,9.168758602142336,62.78061414513376,-0.04178212936208525,5036aab1b4aa499bab7dbc396f7a5da2,experiment_linear_bodyfat_kg
1843.62656946338,0.011360963806509972,bodyfat_kg,URINE,0.8,XGBoost Regressor,GridSearchCV,10.822441814994498,9.168758602142336,62.78061414513376,-0.04178212936208525,5036aab1b4aa499bab7dbc396f7a5da2,experiment_linear_bodyfat_kg
1114.66125224878,0.011034665629267693,bodyfat_kg,URINE,0.8,XGBoost Regressor,GridSearchCV,10.822441814994498,9.168758602142336,62.78061414513376,-0.04178212936208525,5036aab1b4aa499bab7dbc396f7a5da2,experiment_linear_bodyfat_kg
1039.450544917115,0.010531908832490444,bodyfat_kg,URINE,0.8,XGBoost Regressor,GridSearchCV,10.822441814994498,9.168758602142336,62.78061414513376,-0.04178212936208525,5036aab1b4aa499bab7dbc396f7a5da2,experiment_linear_bodyfat_kg
1727.917788953126,0.010469784960150719,bodyfat_kg,URINE,0.8,XGBoost Regressor,GridSearchCV,10.822441814994498,9.168758602142336,62.78061414513376,-0.04178212936208525,5036aab1b4aa499bab7dbc396f7a5da2,experiment_linear_bodyfat_kg
1756.84498408069,0.010110937990248203,bodyfat_kg,URINE,0.8,XGBoost Regressor,GridSearchCV,10.822441814994498,9.168758602142336,62.78061414513376,-0.04178212936208525,5036aab1b4aa499bab7dbc396f7a5da2,experiment_linear_bodyfat_kg
971.9537562861337,0.009934249334037304,bodyfat_kg,URINE,0.8,XGBoost Regressor,GridSearchCV,10.822441814994498,9.168758602142336,62.78061414513376,-0.04178212936208525,5036aab1b4aa499bab7dbc396f7a5da2,experiment_linear_bodyfat_kg
1319.080097816896,0.00990962516516447,bodyfat_kg,URINE,0.8,XGBoost Regressor,GridSearchCV,10.822441814994498,9.168758602142336,62.78061414513376,-0.04178212936208525,5036aab1b4aa499bab7dbc396f7a5da2,experiment_linear_bodyfat_kg
1066.449260369508,0.009744555689394474,bodyfat_kg,URINE,0.8,XGBoost Regressor,GridSearchCV,10.822441814994498,9.168758602142336,62.78061414513376,-0.04178212936208525,5036aab1b4aa499bab7dbc396f7a5da2,experiment_linear_bodyfat_kg
1064.520780694337,0.009681647643446922,bodyfat_kg,URINE,0.8,XGBoost Regressor,GridSearchCV,10.822441814994498,9.168758602142336,62.78061414513376,-0.04178212936208525,5036aab1b4aa499bab7dbc396f7a5da2,experiment_linear_bodyfat_kg
1832.055691412355,0.009512035176157951,bodyfat_kg,URINE,0.8,XGBoost Regressor,GridSearchCV,10.822441814994498,9.168758602142336,62.78061414513376,-0.04178212936208525,5036aab1b4aa499bab7dbc396f7a5da2,experiment_linear_bodyfat_kg
1087.662536796388,0.009417491033673286,bodyfat_kg,URINE,0.8,XGBoost Regressor,GridSearchCV,10.822441814994498,9.168758602142336,62.78061414513376,-0.04178212936208525,5036aab1b4aa499bab7dbc396f7a5da2,experiment_linear_bodyfat_kg
1083.805577446046,0.009303414262831211,bodyfat_kg,URINE,0.8,XGBoost Regressor,GridSearchCV,10.822441814994498,9.168758602142336,62.78061414513376,-0.04178212936208525,5036aab1b4aa499bab7dbc396f7a5da2,experiment_linear_bodyfat_kg
1037.522065241944,0.008620011620223522,bodyfat_kg,URINE,0.8,XGBoost Regressor,GridSearchCV,10.822441814994498,9.168758602142336,62.78061414513376,-0.04178212936208525,5036aab1b4aa499bab7dbc396f7a5da2,experiment_linear_bodyfat_kg
1841.698089788209,0.008512782864272594,bodyfat_kg,URINE,0.8,XGBoost Regressor,GridSearchCV,10.822441814994498,9.168758602142336,62.78061414513376,-0.04178212936208525,5036aab1b4aa499bab7dbc396f7a5da2,experiment_linear_bodyfat_kg
2682.515228162722,0.008309305645525455,bodyfat_kg,URINE,0.8,XGBoost Regressor,GridSearchCV,10.822441814994498,9.168758602142336,62.78061414513376,-0.04178212936208525,5036aab1b4aa499bab7dbc396f7a5da2,experiment_linear_bodyfat_kg
1062.592301019166,0.008231711573898792,bodyfat_kg,URINE,0.8,XGBoost Regressor,GridSearchCV,10.822441814994498,9.168758602142336,62.78061414513376,-0.04178212936208525,5036aab1b4aa499bab7dbc396f7a5da2,experiment_linear_bodyfat_kg
941.0980814833993,0.008073107339441776,bodyfat_kg,URINE,0.8,XGBoost Regressor,GridSearchCV,10.822441814994498,9.168758602142336,62.78061414513376,-0.04178212936208525,5036aab1b4aa499bab7dbc396f7a5da2,experiment_linear_bodyfat_kg
1068.377740044679,0.007883631624281406,bodyfat_kg,URINE,0.8,XGBoost Regressor,GridSearchCV,10.822441814994498,9.168758602142336,62.78061414513376,-0.04178212936208525,5036aab1b4aa499bab7dbc396f7a5da2,experiment_linear_bodyfat_kg
1776.129780832399,0.007421971657307296,bodyfat_kg,URINE,0.8,XGBoost Regressor,GridSearchCV,11.010416118958494,9.0971302652359,61.83945837294856,-0.07828570931534529,5036aab1b4aa499bab7dbc396f7a5da2,experiment_linear_bodyfat_kg
1774.201301157228,0.007288972604367227,bodyfat_kg,URINE,0.8,XGBoost Regressor,GridSearchCV,11.010416118958494,9.0971302652359,61.83945837294856,-0.07828570931534529,5036aab1b4aa499bab7dbc396f7a5da2,experiment_linear_bodyfat_kg
1778.05826050757,0.007266134345996839,bodyfat_kg,URINE,0.8,XGBoost Regressor,GridSearchCV,11.010416118958494,9.0971302652359,61.83945837294856,-0.07828570931534529,5036aab1b4aa499bab7dbc396f7a5da2,experiment_linear_bodyfat_kg
1779.986740182741,0.007153408577666582,bodyfat_kg,URINE,0.8,XGBoost Regressor,GridSearchCV,11.010416118958494,9.0971302652359,61.83945837294856,-0.07828570931534529,5036aab1b4aa499bab7dbc396f7a5da2,experiment_linear_bodyfat_kg
1772.272821482057,0.0071405836255508,bodyfat_kg,URINE,0.8,XGBoost Regressor,GridSearchCV,11.010416118958494,9.0971302652359,61.83945837294856,-0.07828570931534529,5036aab1b4aa499bab7dbc396f7a5da2,experiment_linear_bodyfat_kg
1770.344341806886,0.007104276871168622,bodyfat_kg,URINE,0.8,XGBoost Regressor,GridSearchCV,11.010416118958494,9.0971302652359,61.83945837294856,-0.07828570931534529,5036aab1b4aa499bab7dbc396f7a5da2,experiment_linear_bodyfat_kg
1781.915219857912,0.007039765245663076,bodyfat_kg,URINE,0.8,XGBoost Regressor,GridSearchCV,11.010416118958494,9.0971302652359,61.83945837294856,-0.07828570931534529,5036aab1b4aa499bab7dbc396f7a5da2,experiment_linear_bodyfat_kg
1768.415862131715,0.006803768427098652,bodyfat_kg,URINE,0.8,XGBoost Regressor,GridSearchCV,11.010416118958494,9.0971302652359,61.83945837294856,-0.07828570931534529,5036aab1b4aa499bab7dbc396f7a5da2,experiment_linear_bodyfat_kg
1783.843699533082,0.006724631939907399,bodyfat_kg,URINE,0.8,XGBoost Regressor,GridSearchCV,11.010416118958494,9.0971302652359,61.83945837294856,-0.07828570931534529,5036aab1b4aa499bab7dbc396f7a5da2,experiment_linear_bodyfat_kg
1766.487382456544,0.00663541735031613,bodyfat_kg,URINE,0.8,XGBoost Regressor,GridSearchCV,11.010416118958494,9.0971302652359,61.83945837294856,-0.07828570931534529,5036aab1b4aa499bab7dbc396f7a5da2,experiment_linear_bodyfat_kg
1764.558902781373,0.006538190451685153,bodyfat_kg,URINE,0.8,XGBoost Regressor,GridSearchCV,11.010416118958494,9.0971302652359,61.83945837294856,-0.07828570931534529,5036aab1b4aa499bab7dbc396f7a5da2,experiment_linear_bodyfat_kg
1785.772179208253,0.0061464160002930495,bodyfat_kg,URINE,0.8,XGBoost Regressor,GridSearchCV,11.010416118958494,9.0971302652359,61.83945837294856,-0.07828570931534529,5036aab1b4aa499bab7dbc396f7a5da2,experiment_linear_bodyfat_kg
1762.630423106202,0.006033605991508724,bodyfat_kg,URINE,0.8,XGBoost Regressor,GridSearchCV,11.010416118958494,9.0971302652359,61.83945837294856,-0.07828570931534529,5036aab1b4aa499bab7dbc396f7a5da2,experiment_linear_bodyfat_kg
1760.701943431032,0.0058137455942991615,bodyfat_kg,URINE,0.8,XGBoost Regressor,GridSearchCV,11.010416118958494,9.0971302652359,61.83945837294856,-0.07828570931534529,5036aab1b4aa499bab7dbc396f7a5da2,experiment_linear_bodyfat_kg
1278.582024638307,0.005649108099285763,bodyfat_kg,URINE,0.8,XGBoost Regressor,GridSearchCV,11.010416118958494,9.0971302652359,61.83945837294856,-0.07828570931534529,5036aab1b4aa499bab7dbc396f7a5da2,experiment_linear_bodyfat_kg
1787.700658883424,0.005540942048529837,bodyfat_kg,URINE,0.8,XGBoost Regressor,GridSearchCV,11.010416118958494,9.0971302652359,61.83945837294856,-0.07828570931534529,5036aab1b4aa499bab7dbc396f7a5da2,experiment_linear_bodyfat_kg
1758.773463755861,0.005538378275670805,bodyfat_kg,URINE,0.8,XGBoost Regressor,GridSearchCV,11.010416118958494,9.0971302652359,61.83945837294856,-0.07828570931534529,5036aab1b4aa499bab7dbc396f7a5da2,experiment_linear_bodyfat_kg
1276.653544963136,0.005518050087149288,bodyfat_kg,URINE,0.8,XGBoost Regressor,GridSearchCV,11.010416118958494,9.0971302652359,61.83945837294856,-0.07828570931534529,5036aab1b4aa499bab7dbc396f7a5da2,experiment_linear_bodyfat_kg
1280.510504313478,0.005399287170799892,bodyfat_kg,URINE,0.8,XGBoost Regressor,GridSearchCV,11.010416118958494,9.0971302652359,61.83945837294856,-0.07828570931534529,5036aab1b4aa499bab7dbc396f7a5da2,experiment_linear_bodyfat_kg
1274.725065287965,0.005150653101279136,bodyfat_kg,URINE,0.8,XGBoost Regressor,GridSearchCV,11.010416118958494,9.0971302652359,61.83945837294856,-0.07828570931534529,5036aab1b4aa499bab7dbc396f7a5da2,experiment_linear_bodyfat_kg
1128.160609974977,0.011446342803537846,bodyfat_kg,URINE,0.8,XGBoost Regressor,GridSearchCV,10.822441814994498,9.168758602142336,62.78061414513376,-0.04178212936208525,5036aab1b4aa499bab7dbc396f7a5da2,experiment_linear_bodyfat_kg
1845.555049138551,0.011435871943831444,bodyfat_kg,URINE,0.8,XGBoost Regressor,GridSearchCV,10.822441814994498,9.168758602142336,62.78061414513376,-0.04178212936208525,5036aab1b4aa499bab7dbc396f7a5da2,experiment_linear_bodyfat_kg
1843.62656946338,0.011360963806509972,bodyfat_kg,URINE,0.8,XGBoost Regressor,GridSearchCV,10.822441814994498,9.168758602142336,62.78061414513376,-0.04178212936208525,5036aab1b4aa499bab7dbc396f7a5da2,experiment_linear_bodyfat_kg
1114.66125224878,0.011034665629267693,bodyfat_kg,URINE,0.8,XGBoost Regressor,GridSearchCV,10.822441814994498,9.168758602142336,62.78061414513376,-0.04178212936208525,5036aab1b4aa499bab7dbc396f7a5da2,experiment_linear_bodyfat_kg
1039.450544917115,0.010531908832490444,bodyfat_kg,URINE,0.8,XGBoost Regressor,GridSearchCV,10.822441814994498,9.168758602142336,62.78061414513376,-0.04178212936208525,5036aab1b4aa499bab7dbc396f7a5da2,experiment_linear_bodyfat_kg
1727.917788953126,0.010469784960150719,bodyfat_kg,URINE,0.8,XGBoost Regressor,GridSearchCV,10.822441814994498,9.168758602142336,62.78061414513376,-0.04178212936208525,5036aab1b4aa499bab7dbc396f7a5da2,experiment_linear_bodyfat_kg
1756.84498408069,0.010110937990248203,bodyfat_kg,URINE,0.8,XGBoost Regressor,GridSearchCV,10.822441814994498,9.168758602142336,62.78061414513376,-0.04178212936208525,5036aab1b4aa499bab7dbc396f7a5da2,experiment_linear_bodyfat_kg
971.9537562861337,0.009934249334037304,bodyfat_kg,URINE,0.8,XGBoost Regressor,GridSearchCV,10.822441814994498,9.168758602142336,62.78061414513376,-0.04178212936208525,5036aab1b4aa499bab7dbc396f7a5da2,experiment_linear_bodyfat_kg
1319.080097816896,0.00990962516516447,bodyfat_kg,URINE,0.8,XGBoost Regressor,GridSearchCV,10.822441814994498,9.168758602142336,62.78061414513376,-0.04178212936208525,5036aab1b4aa499bab7dbc396f7a5da2,experiment_linear_bodyfat_kg
1066.449260369508,0.009744555689394474,bodyfat_kg,URINE,0.8,XGBoost Regressor,GridSearchCV,10.822441814994498,9.168758602142336,62.78061414513376,-0.04178212936208525,5036aab1b4aa499bab7dbc396f7a5da2,experiment_linear_bodyfat_kg
1064.520780694337,0.009681647643446922,bodyfat_kg,URINE,0.8,XGBoost Regressor,GridSearchCV,10.822441814994498,9.168758602142336,62.78061414513376,-0.04178212936208525,5036aab1b4aa499bab7dbc396f7a5da2,experiment_linear_bodyfat_kg
1832.055691412355,0.009512035176157951,bodyfat_kg,URINE,0.8,XGBoost Regressor,GridSearchCV,10.822441814994498,9.168758602142336,62.78061414513376,-0.04178212936208525,5036aab1b4aa499bab7dbc396f7a5da2,experiment_linear_bodyfat_kg
1087.662536796388,0.009417491033673286,bodyfat_kg,URINE,0.8,XGBoost Regressor,GridSearchCV,10.822441814994498,9.168758602142336,62.78061414513376,-0.04178212936208525,5036aab1b4aa499bab7dbc396f7a5da2,experiment_linear_bodyfat_kg
1083.805577446046,0.009303414262831211,bodyfat_kg,URINE,0.8,XGBoost Regressor,GridSearchCV,10.822441814994498,9.168758602142336,62.78061414513376,-0.04178212936208525,5036aab1b4aa499bab7dbc396f7a5da2,experiment_linear_bodyfat_kg
1037.522065241944,0.008620011620223522,bodyfat_kg,URINE,0.8,XGBoost Regressor,GridSearchCV,10.822441814994498,9.168758602142336,62.78061414513376,-0.04178212936208525,5036aab1b4aa499bab7dbc396f7a5da2,experiment_linear_bodyfat_kg
1841.698089788209,0.008512782864272594,bodyfat_kg,URINE,0.8,XGBoost Regressor,GridSearchCV,10.822441814994498,9.168758602142336,62.78061414513376,-0.04178212936208525,5036aab1b4aa499bab7dbc396f7a5da2,experiment_linear_bodyfat_kg
2682.515228162722,0.008309305645525455,bodyfat_kg,URINE,0.8,XGBoost Regressor,GridSearchCV,10.822441814994498,9.168758602142336,62.78061414513376,-0.04178212936208525,5036aab1b4aa499bab7dbc396f7a5da2,experiment_linear_bodyfat_kg
1062.592301019166,0.008231711573898792,bodyfat_kg,URINE,0.8,XGBoost Regressor,GridSearchCV,10.822441814994498,9.168758602142336,62.78061414513376,-0.04178212936208525,5036aab1b4aa499bab7dbc396f7a5da2,experiment_linear_bodyfat_kg
941.0980814833993,0.008073107339441776,bodyfat_kg,URINE,0.8,XGBoost Regressor,GridSearchCV,10.822441814994498,9.168758602142336,62.78061414513376,-0.04178212936208525,5036aab1b4aa499bab7dbc396f7a5da2,experiment_linear_bodyfat_kg
1068.377740044679,0.007883631624281406,bodyfat_kg,URINE,0.8,XGBoost Regressor,GridSearchCV,10.822441814994498,9.168758602142336,62.78061414513376,-0.04178212936208525,5036aab1b4aa499bab7dbc396f7a5da2,experiment_linear_bodyfat_kg
1602.566610067018,0.008590258811421796,bodyfat_kg,CAPILAR,0.8,MLP Regressor,BayesSearchCV,7.907413450911484,6.172145208664839,38.12969696601736,0.25933858544505084,5036aab1b4aa499bab7dbc396f7a5da2,experiment_linear_bodyfat_kg
1641.136203570436,0.006208501953247883,bodyfat_kg,CAPILAR,0.8,MLP Regressor,BayesSearchCV,7.907413450911484,6.172145208664839,38.12969696601736,0.25933858544505084,5036aab1b4aa499bab7dbc396f7a5da2,experiment_linear_bodyfat_kg
1639.207723895265,0.006092242946322427,bodyfat_kg,CAPILAR,0.8,MLP Regressor,BayesSearchCV,7.907413450911484,6.172145208664839,38.12969696601736,0.25933858544505084,5036aab1b4aa499bab7dbc396f7a5da2,experiment_linear_bodyfat_kg
1604.495089742189,0.005649935014394644,bodyfat_kg,CAPILAR,0.8,MLP Regressor,BayesSearchCV,7.907413450911484,6.172145208664839,38.12969696601736,0.25933858544505084,5036aab1b4aa499bab7dbc396f7a5da2,experiment_linear_bodyfat_kg
1637.279244220094,0.005233455438189124,bodyfat_kg,CAPILAR,0.8,MLP Regressor,BayesSearchCV,7.907413450911484,6.172145208664839,38.12969696601736,0.25933858544505084,5036aab1b4aa499bab7dbc396f7a5da2,experiment_linear_bodyfat_kg
1600.638130391847,0.004735923268157063,bodyfat_kg,CAPILAR,0.8,MLP Regressor,BayesSearchCV,7.907413450911484,6.172145208664839,38.12969696601736,0.25933858544505084,5036aab1b4aa499bab7dbc396f7a5da2,experiment_linear_bodyfat_kg
3048.926366445193,0.004489753713970529,bodyfat_kg,CAPILAR,0.8,MLP Regressor,BayesSearchCV,7.907413450911484,6.172145208664839,38.12969696601736,0.25933858544505084,5036aab1b4aa499bab7dbc396f7a5da2,experiment_linear_bodyfat_kg
1635.350764544923,0.004458505431145652,bodyfat_kg,CAPILAR,0.8,MLP Regressor,BayesSearchCV,7.907413450911484,6.172145208664839,38.12969696601736,0.25933858544505084,5036aab1b4aa499bab7dbc396f7a5da2,experiment_linear_bodyfat_kg
1643.064683245607,0.004234044640039613,bodyfat_kg,CAPILAR,0.8,MLP Regressor,BayesSearchCV,7.907413450911484,6.172145208664839,38.12969696601736,0.25933858544505084,5036aab1b4aa499bab7dbc396f7a5da2,experiment_linear_bodyfat_kg
1606.42356941736,0.003987586582298441,bodyfat_kg,CAPILAR,0.8,MLP Regressor,BayesSearchCV,7.907413450911484,6.172145208664839,38.12969696601736,0.25933858544505084,5036aab1b4aa499bab7dbc396f7a5da2,experiment_linear_bodyfat_kg
1633.422284869752,0.003862440171074629,bodyfat_kg,CAPILAR,0.8,MLP Regressor,BayesSearchCV,7.907413450911484,6.172145208664839,38.12969696601736,0.25933858544505084,5036aab1b4aa499bab7dbc396f7a5da2,experiment_linear_bodyfat_kg
1222.656114058351,0.0036267418243602833,bodyfat_kg,CAPILAR,0.8,MLP Regressor,BayesSearchCV,7.907413450911484,6.172145208664839,38.12969696601736,0.25933858544505084,5036aab1b4aa499bab7dbc396f7a5da2,experiment_linear_bodyfat_kg
1276.653544963136,0.003616831652813163,bodyfat_kg,CAPILAR,0.8,MLP Regressor,BayesSearchCV,7.907413450911484,6.172145208664839,38.12969696601736,0.25933858544505084,5036aab1b4aa499bab7dbc396f7a5da2,experiment_linear_bodyfat_kg
1278.582024638307,0.003583822707129572,bodyfat_kg,CAPILAR,0.8,MLP Regressor,BayesSearchCV,7.907413450911484,6.172145208664839,38.12969696601736,0.25933858544505084,5036aab1b4aa499bab7dbc396f7a5da2,experiment_linear_bodyfat_kg
1274.725065287965,0.0035441234580350024,bodyfat_kg,CAPILAR,0.8,MLP Regressor,BayesSearchCV,7.907413450911484,6.172145208664839,38.12969696601736,0.25933858544505084,5036aab1b4aa499bab7dbc396f7a5da2,experiment_linear_bodyfat_kg
1224.584593733522,0.0035352275425335885,bodyfat_kg,CAPILAR,0.8,MLP Regressor,BayesSearchCV,7.907413450911484,6.172145208664839,38.12969696601736,0.25933858544505084,5036aab1b4aa499bab7dbc396f7a5da2,experiment_linear_bodyfat_kg
1280.510504313478,0.0034770800372580283,bodyfat_kg,CAPILAR,0.8,MLP Regressor,BayesSearchCV,7.907413450911484,6.172145208664839,38.12969696601736,0.25933858544505084,5036aab1b4aa499bab7dbc396f7a5da2,experiment_linear_bodyfat_kg
1272.796585612794,0.003449148756095972,bodyfat_kg,CAPILAR,0.8,MLP Regressor,BayesSearchCV,7.907413450911484,6.172145208664839,38.12969696601736,0.25933858544505084,5036aab1b4aa499bab7dbc396f7a5da2,experiment_linear_bodyfat_kg
1299.795301065187,0.003422945383955826,bodyfat_kg,CAPILAR,0.8,MLP Regressor,BayesSearchCV,7.907413450911484,6.172145208664839,38.12969696601736,0.25933858544505084,5036aab1b4aa499bab7dbc396f7a5da2,experiment_linear_bodyfat_kg
1297.866821390016,0.0034032633445683354,bodyfat_kg,CAPILAR,0.8,MLP Regressor,BayesSearchCV,7.907413450911484,6.172145208664839,38.12969696601736,0.25933858544505084,5036aab1b4aa499bab7dbc396f7a5da2,experiment_linear_bodyfat_kg
3048.926366445193,0.011311843144913781,bodyfat_kg,CAPILAR,0.8,MLP Regressor,BayesSearchCV,8.547714128522882,6.45957763926813,37.57284972505824,0.13453241967025764,5036aab1b4aa499bab7dbc396f7a5da2,experiment_linear_bodyfat_kg
1047.164463617799,0.009154612437529179,bodyfat_kg,CAPILAR,0.8,MLP Regressor,BayesSearchCV,8.547714128522882,6.45957763926813,37.57284972505824,0.13453241967025764,5036aab1b4aa499bab7dbc396f7a5da2,experiment_linear_bodyfat_kg
1049.092943292969,0.008345625163601036,bodyfat_kg,CAPILAR,0.8,MLP Regressor,BayesSearchCV,8.547714128522882,6.45957763926813,37.57284972505824,0.13453241967025764,5036aab1b4aa499bab7dbc396f7a5da2,experiment_linear_bodyfat_kg
1045.235983942628,0.0075842571208660624,bodyfat_kg,CAPILAR,0.8,MLP Regressor,BayesSearchCV,8.547714128522882,6.45957763926813,37.57284972505824,0.13453241967025764,5036aab1b4aa499bab7dbc396f7a5da2,experiment_linear_bodyfat_kg
1710.561471876588,0.007543760270931463,bodyfat_kg,CAPILAR,0.8,MLP Regressor,BayesSearchCV,8.547714128522882,6.45957763926813,37.57284972505824,0.13453241967025764,5036aab1b4aa499bab7dbc396f7a5da2,experiment_linear_bodyfat_kg
1043.307504267457,0.007362985444527587,bodyfat_kg,CAPILAR,0.8,MLP Regressor,BayesSearchCV,8.547714128522882,6.45957763926813,37.57284972505824,0.13453241967025764,5036aab1b4aa499bab7dbc396f7a5da2,experiment_linear_bodyfat_kg
1051.021422968141,0.005185646798659868,bodyfat_kg,CAPILAR,0.8,MLP Regressor,BayesSearchCV,8.547714128522882,6.45957763926813,37.57284972505824,0.13453241967025764,5036aab1b4aa499bab7dbc396f7a5da2,experiment_linear_bodyfat_kg
1041.379024592286,0.005157147332019105,bodyfat_kg,CAPILAR,0.8,MLP Regressor,BayesSearchCV,8.547714128522882,6.45957763926813,37.57284972505824,0.13453241967025764,5036aab1b4aa499bab7dbc396f7a5da2,experiment_linear_bodyfat_kg
1708.632992201417,0.004982607553396845,bodyfat_kg,CAPILAR,0.8,MLP Regressor,BayesSearchCV,8.547714128522882,6.45957763926813,37.57284972505824,0.13453241967025764,5036aab1b4aa499bab7dbc396f7a5da2,experiment_linear_bodyfat_kg
998.9524717385261,0.004519641047686922,bodyfat_kg,CAPILAR,0.8,MLP Regressor,BayesSearchCV,8.547714128522882,6.45957763926813,37.57284972505824,0.13453241967025764,5036aab1b4aa499bab7dbc396f7a5da2,experiment_linear_bodyfat_kg
1712.489951551759,0.004278357751448496,bodyfat_kg,CAPILAR,0.8,MLP Regressor,BayesSearchCV,8.547714128522882,6.45957763926813,37.57284972505824,0.13453241967025764,5036aab1b4aa499bab7dbc396f7a5da2,experiment_linear_bodyfat_kg
1346.078813269288,0.004097002521620323,bodyfat_kg,CAPILAR,0.8,MLP Regressor,BayesSearchCV,8.547714128522882,6.45957763926813,37.57284972505824,0.13453241967025764,5036aab1b4aa499bab7dbc396f7a5da2,experiment_linear_bodyfat_kg
1348.007292944459,0.004093081856012463,bodyfat_kg,CAPILAR,0.8,MLP Regressor,BayesSearchCV,8.547714128522882,6.45957763926813,37.57284972505824,0.13453241967025764,5036aab1b4aa499bab7dbc396f7a5da2,experiment_linear_bodyfat_kg
1083.805577446046,0.004063911964066577,bodyfat_kg,CAPILAR,0.8,MLP Regressor,BayesSearchCV,8.547714128522882,6.45957763926813,37.57284972505824,0.13453241967025764,5036aab1b4aa499bab7dbc396f7a5da2,experiment_linear_bodyfat_kg
1085.734057121217,0.003971601878007061,bodyfat_kg,CAPILAR,0.8,MLP Regressor,BayesSearchCV,8.547714128522882,6.45957763926813,37.57284972505824,0.13453241967025764,5036aab1b4aa499bab7dbc396f7a5da2,experiment_linear_bodyfat_kg
1602.566610067018,0.003955589577576067,bodyfat_kg,CAPILAR,0.8,MLP Regressor,BayesSearchCV,8.547714128522882,6.45957763926813,37.57284972505824,0.13453241967025764,5036aab1b4aa499bab7dbc396f7a5da2,experiment_linear_bodyfat_kg
1353.792731969972,0.0037773139985499715,bodyfat_kg,CAPILAR,0.8,MLP Regressor,BayesSearchCV,8.547714128522882,6.45957763926813,37.57284972505824,0.13453241967025764,5036aab1b4aa499bab7dbc396f7a5da2,experiment_linear_bodyfat_kg
2927.432146909426,0.003672938706471802,bodyfat_kg,CAPILAR,0.8,MLP Regressor,BayesSearchCV,8.547714128522882,6.45957763926813,37.57284972505824,0.13453241967025764,5036aab1b4aa499bab7dbc396f7a5da2,experiment_linear_bodyfat_kg
1737.560187328981,0.0036492163420274774,bodyfat_kg,CAPILAR,0.8,MLP Regressor,BayesSearchCV,8.547714128522882,6.45957763926813,37.57284972505824,0.13453241967025764,5036aab1b4aa499bab7dbc396f7a5da2,experiment_linear_bodyfat_kg
2925.503667234255,0.0036174618420612846,bodyfat_kg,CAPILAR,0.8,MLP Regressor,BayesSearchCV,8.547714128522882,6.45957763926813,37.57284972505824,0.13453241967025764,5036aab1b4aa499bab7dbc396f7a5da2,experiment_linear_bodyfat_kg
1602.566610067018,0.00852167011286786,bodyfat_kg,CAPILAR,0.8,MLP Regressor,BayesSearchCV,7.91161143299914,6.17010590493817,38.00820218058435,0.2585519543380862,5036aab1b4aa499bab7dbc396f7a5da2,experiment_linear_bodyfat_kg
1641.136203570436,0.00619637697297889,bodyfat_kg,CAPILAR,0.8,MLP Regressor,BayesSearchCV,7.91161143299914,6.17010590493817,38.00820218058435,0.2585519543380862,5036aab1b4aa499bab7dbc396f7a5da2,experiment_linear_bodyfat_kg
1639.207723895265,0.006080230154568421,bodyfat_kg,CAPILAR,0.8,MLP Regressor,BayesSearchCV,7.91161143299914,6.17010590493817,38.00820218058435,0.2585519543380862,5036aab1b4aa499bab7dbc396f7a5da2,experiment_linear_bodyfat_kg
1604.495089742189,0.005618363979222591,bodyfat_kg,CAPILAR,0.8,MLP Regressor,BayesSearchCV,7.91161143299914,6.17010590493817,38.00820218058435,0.2585519543380862,5036aab1b4aa499bab7dbc396f7a5da2,experiment_linear_bodyfat_kg
1637.279244220094,0.0052238240600703464,bodyfat_kg,CAPILAR,0.8,MLP Regressor,BayesSearchCV,7.91161143299914,6.17010590493817,38.00820218058435,0.2585519543380862,5036aab1b4aa499bab7dbc396f7a5da2,experiment_linear_bodyfat_kg
1600.638130391847,0.004683382306755988,bodyfat_kg,CAPILAR,0.8,MLP Regressor,BayesSearchCV,7.91161143299914,6.17010590493817,38.00820218058435,0.2585519543380862,5036aab1b4aa499bab7dbc396f7a5da2,experiment_linear_bodyfat_kg
1635.350764544923,0.004452123318800069,bodyfat_kg,CAPILAR,0.8,MLP Regressor,BayesSearchCV,7.91161143299914,6.17010590493817,38.00820218058435,0.2585519543380862,5036aab1b4aa499bab7dbc396f7a5da2,experiment_linear_bodyfat_kg
3048.926366445193,0.004446259017272121,bodyfat_kg,CAPILAR,0.8,MLP Regressor,BayesSearchCV,7.91161143299914,6.17010590493817,38.00820218058435,0.2585519543380862,5036aab1b4aa499bab7dbc396f7a5da2,experiment_linear_bodyfat_kg
1643.064683245607,0.004226142448031474,bodyfat_kg,CAPILAR,0.8,MLP Regressor,BayesSearchCV,7.91161143299914,6.17010590493817,38.00820218058435,0.2585519543380862,5036aab1b4aa499bab7dbc396f7a5da2,experiment_linear_bodyfat_kg
1606.42356941736,0.003971860410050885,bodyfat_kg,CAPILAR,0.8,MLP Regressor,BayesSearchCV,7.91161143299914,6.17010590493817,38.00820218058435,0.2585519543380862,5036aab1b4aa499bab7dbc396f7a5da2,experiment_linear_bodyfat_kg
1633.422284869752,0.003859150827917621,bodyfat_kg,CAPILAR,0.8,MLP Regressor,BayesSearchCV,7.91161143299914,6.17010590493817,38.00820218058435,0.2585519543380862,5036aab1b4aa499bab7dbc396f7a5da2,experiment_linear_bodyfat_kg
1222.656114058351,0.0036154778372667834,bodyfat_kg,CAPILAR,0.8,MLP Regressor,BayesSearchCV,7.91161143299914,6.17010590493817,38.00820218058435,0.2585519543380862,5036aab1b4aa499bab7dbc396f7a5da2,experiment_linear_bodyfat_kg
1276.653544963136,0.0036049397577327673,bodyfat_kg,CAPILAR,0.8,MLP Regressor,BayesSearchCV,7.91161143299914,6.17010590493817,38.00820218058435,0.2585519543380862,5036aab1b4aa499bab7dbc396f7a5da2,experiment_linear_bodyfat_kg
1278.582024638307,0.0035721421642316586,bodyfat_kg,CAPILAR,0.8,MLP Regressor,BayesSearchCV,7.91161143299914,6.17010590493817,38.00820218058435,0.2585519543380862,5036aab1b4aa499bab7dbc396f7a5da2,experiment_linear_bodyfat_kg
1274.725065287965,0.003532515912354357,bodyfat_kg,CAPILAR,0.8,MLP Regressor,BayesSearchCV,7.91161143299914,6.17010590493817,38.00820218058435,0.2585519543380862,5036aab1b4aa499bab7dbc396f7a5da2,experiment_linear_bodyfat_kg
1224.584593733522,0.0035287964259991087,bodyfat_kg,CAPILAR,0.8,MLP Regressor,BayesSearchCV,7.91161143299914,6.17010590493817,38.00820218058435,0.2585519543380862,5036aab1b4aa499bab7dbc396f7a5da2,experiment_linear_bodyfat_kg
1280.510504313478,0.003465858917034735,bodyfat_kg,CAPILAR,0.8,MLP Regressor,BayesSearchCV,7.91161143299914,6.17010590493817,38.00820218058435,0.2585519543380862,5036aab1b4aa499bab7dbc396f7a5da2,experiment_linear_bodyfat_kg
1272.796585612794,0.0034384406122869417,bodyfat_kg,CAPILAR,0.8,MLP Regressor,BayesSearchCV,7.91161143299914,6.17010590493817,38.00820218058435,0.2585519543380862,5036aab1b4aa499bab7dbc396f7a5da2,experiment_linear_bodyfat_kg
1299.795301065187,0.0034133691463346504,bodyfat_kg,CAPILAR,0.8,MLP Regressor,BayesSearchCV,7.91161143299914,6.17010590493817,38.00820218058435,0.2585519543380862,5036aab1b4aa499bab7dbc396f7a5da2,experiment_linear_bodyfat_kg
1297.866821390016,0.003393448239886458,bodyfat_kg,CAPILAR,0.8,MLP Regressor,BayesSearchCV,7.91161143299914,6.17010590493817,38.00820218058435,0.2585519543380862,5036aab1b4aa499bab7dbc396f7a5da2,experiment_linear_bodyfat_kg
1556.283097862916,0.027443490179267793,bodyfat_kg,CAPILAR,0.8,MLP Regressor,BayesSearchCV,9.803439632790795,7.439112977974602,42.89709947152911,-0.13843380625005852,5036aab1b4aa499bab7dbc396f7a5da2,experiment_linear_bodyfat_kg
1554.354618187745,0.025813073022376044,bodyfat_kg,CAPILAR,0.8,MLP Regressor,BayesSearchCV,9.803439632790795,7.439112977974602,42.89709947152911,-0.13843380625005852,5036aab1b4aa499bab7dbc396f7a5da2,experiment_linear_bodyfat_kg
1550.497658837404,0.023783285587462833,bodyfat_kg,CAPILAR,0.8,MLP Regressor,BayesSearchCV,9.803439632790795,7.439112977974602,42.89709947152911,-0.13843380625005852,5036aab1b4aa499bab7dbc396f7a5da2,experiment_linear_bodyfat_kg
1542.78374013672,0.02124022325828436,bodyfat_kg,CAPILAR,0.8,MLP Regressor,BayesSearchCV,9.803439632790795,7.439112977974602,42.89709947152911,-0.13843380625005852,5036aab1b4aa499bab7dbc396f7a5da2,experiment_linear_bodyfat_kg
1548.569179162233,0.020949300889664194,bodyfat_kg,CAPILAR,0.8,MLP Regressor,BayesSearchCV,9.803439632790795,7.439112977974602,42.89709947152911,-0.13843380625005852,5036aab1b4aa499bab7dbc396f7a5da2,experiment_linear_bodyfat_kg
1544.712219811891,0.02049275391558411,bodyfat_kg,CAPILAR,0.8,MLP Regressor,BayesSearchCV,9.803439632790795,7.439112977974602,42.89709947152911,-0.13843380625005852,5036aab1b4aa499bab7dbc396f7a5da2,experiment_linear_bodyfat_kg
1546.640699487062,0.0193993280727267,bodyfat_kg,CAPILAR,0.8,MLP Regressor,BayesSearchCV,9.803439632790795,7.439112977974602,42.89709947152911,-0.13843380625005852,5036aab1b4aa499bab7dbc396f7a5da2,experiment_linear_bodyfat_kg
1538.926780786378,0.01798450709126451,bodyfat_kg,CAPILAR,0.8,MLP Regressor,BayesSearchCV,9.803439632790795,7.439112977974602,42.89709947152911,-0.13843380625005852,5036aab1b4aa499bab7dbc396f7a5da2,experiment_linear_bodyfat_kg
1552.426138512574,0.016484188224793323,bodyfat_kg,CAPILAR,0.8,MLP Regressor,BayesSearchCV,9.803439632790795,7.439112977974602,42.89709947152911,-0.13843380625005852,5036aab1b4aa499bab7dbc396f7a5da2,experiment_linear_bodyfat_kg
1560.140057213258,0.0153382705174947,bodyfat_kg,CAPILAR,0.8,MLP Regressor,BayesSearchCV,9.803439632790795,7.439112977974602,42.89709947152911,-0.13843380625005852,5036aab1b4aa499bab7dbc396f7a5da2,experiment_linear_bodyfat_kg
1533.141341760865,0.01474642946395367,bodyfat_kg,CAPILAR,0.8,MLP Regressor,BayesSearchCV,9.803439632790795,7.439112977974602,42.89709947152911,-0.13843380625005852,5036aab1b4aa499bab7dbc396f7a5da2,experiment_linear_bodyfat_kg
1656.564040971803,0.013713135648347531,bodyfat_kg,CAPILAR,0.8,MLP Regressor,BayesSearchCV,9.803439632790795,7.439112977974602,42.89709947152911,-0.13843380625005852,5036aab1b4aa499bab7dbc396f7a5da2,experiment_linear_bodyfat_kg
1654.635561296632,0.013689897285745753,bodyfat_kg,CAPILAR,0.8,MLP Regressor,BayesSearchCV,9.803439632790795,7.439112977974602,42.89709947152911,-0.13843380625005852,5036aab1b4aa499bab7dbc396f7a5da2,experiment_linear_bodyfat_kg
1558.211577538087,0.01357536575373951,bodyfat_kg,CAPILAR,0.8,MLP Regressor,BayesSearchCV,9.803439632790795,7.439112977974602,42.89709947152911,-0.13843380625005852,5036aab1b4aa499bab7dbc396f7a5da2,experiment_linear_bodyfat_kg
1652.707081621461,0.01350156664825904,bodyfat_kg,CAPILAR,0.8,MLP Regressor,BayesSearchCV,9.803439632790795,7.439112977974602,42.89709947152911,-0.13843380625005852,5036aab1b4aa499bab7dbc396f7a5da2,experiment_linear_bodyfat_kg
1562.068536888429,0.013271825154920983,bodyfat_kg,CAPILAR,0.8,MLP Regressor,BayesSearchCV,9.803439632790795,7.439112977974602,42.89709947152911,-0.13843380625005852,5036aab1b4aa499bab7dbc396f7a5da2,experiment_linear_bodyfat_kg
1658.492520646974,0.013011272196253285,bodyfat_kg,CAPILAR,0.8,MLP Regressor,BayesSearchCV,9.803439632790795,7.439112977974602,42.89709947152911,-0.13843380625005852,5036aab1b4aa499bab7dbc396f7a5da2,experiment_linear_bodyfat_kg
1660.421000322145,0.012820217455621938,bodyfat_kg,CAPILAR,0.8,MLP Regressor,BayesSearchCV,9.803439632790795,7.439112977974602,42.89709947152911,-0.13843380625005852,5036aab1b4aa499bab7dbc396f7a5da2,experiment_linear_bodyfat_kg
1662.349479997316,0.011414394397941,bodyfat_kg,CAPILAR,0.8,MLP Regressor,BayesSearchCV,9.803439632790795,7.439112977974602,42.89709947152911,-0.13843380625005852,5036aab1b4aa499bab7dbc396f7a5da2,experiment_linear_bodyfat_kg
1664.277959672487,0.01052124908062506,bodyfat_kg,CAPILAR,0.8,MLP Regressor,BayesSearchCV,9.803439632790795,7.439112977974602,42.89709947152911,-0.13843380625005852,5036aab1b4aa499bab7dbc396f7a5da2,experiment_linear_bodyfat_kg
1209.156756332154,0.0027641786799197593,bodyfat_kg,PLASMA,0.8,MLP Regressor,BayesSearchCV,9.946395565326338,6.878402898578795,36.69931072406229,0.17193057139172674,5036aab1b4aa499bab7dbc396f7a5da2,experiment_linear_bodyfat_kg
1203.371317306642,0.002761155475456189,bodyfat_kg,PLASMA,0.8,MLP Regressor,BayesSearchCV,9.946395565326338,6.878402898578795,36.69931072406229,0.17193057139172674,5036aab1b4aa499bab7dbc396f7a5da2,experiment_linear_bodyfat_kg
1207.228276656984,0.0027482347852080826,bodyfat_kg,PLASMA,0.8,MLP Regressor,BayesSearchCV,9.946395565326338,6.878402898578795,36.69931072406229,0.17193057139172674,5036aab1b4aa499bab7dbc396f7a5da2,experiment_linear_bodyfat_kg
1201.442837631471,0.002730717466902906,bodyfat_kg,PLASMA,0.8,MLP Regressor,BayesSearchCV,9.946395565326338,6.878402898578795,36.69931072406229,0.17193057139172674,5036aab1b4aa499bab7dbc396f7a5da2,experiment_linear_bodyfat_kg
1205.299796981813,0.002716011502692101,bodyfat_kg,PLASMA,0.8,MLP Regressor,BayesSearchCV,9.946395565326338,6.878402898578795,36.69931072406229,0.17193057139172674,5036aab1b4aa499bab7dbc396f7a5da2,experiment_linear_bodyfat_kg
2728.798740366823,0.0027096637596118714,bodyfat_kg,PLASMA,0.8,MLP Regressor,BayesSearchCV,9.946395565326338,6.878402898578795,36.69931072406229,0.17193057139172674,5036aab1b4aa499bab7dbc396f7a5da2,experiment_linear_bodyfat_kg
2669.015870436525,0.0027078205032448318,bodyfat_kg,PLASMA,0.8,MLP Regressor,BayesSearchCV,9.946395565326338,6.878402898578795,36.69931072406229,0.17193057139172674,5036aab1b4aa499bab7dbc396f7a5da2,experiment_linear_bodyfat_kg
2667.087390761355,0.0027008090079318234,bodyfat_kg,PLASMA,0.8,MLP Regressor,BayesSearchCV,9.946395565326338,6.878402898578795,36.69931072406229,0.17193057139172674,5036aab1b4aa499bab7dbc396f7a5da2,experiment_linear_bodyfat_kg
2705.656984264772,0.002700163212583355,bodyfat_kg,PLASMA,0.8,MLP Regressor,BayesSearchCV,9.946395565326338,6.878402898578795,36.69931072406229,0.17193057139172674,5036aab1b4aa499bab7dbc396f7a5da2,experiment_linear_bodyfat_kg
1211.085236007325,0.0026629888107011983,bodyfat_kg,PLASMA,0.8,MLP Regressor,BayesSearchCV,9.946395565326338,6.878402898578795,36.69931072406229,0.17193057139172674,5036aab1b4aa499bab7dbc396f7a5da2,experiment_linear_bodyfat_kg
1240.012431134889,0.0025470813447992144,bodyfat_kg,PLASMA,0.8,MLP Regressor,BayesSearchCV,9.946395565326338,6.878402898578795,36.69931072406229,0.17193057139172674,5036aab1b4aa499bab7dbc396f7a5da2,experiment_linear_bodyfat_kg
1238.083951459718,0.002533757902416496,bodyfat_kg,PLASMA,0.8,MLP Regressor,BayesSearchCV,9.946395565326338,6.878402898578795,36.69931072406229,0.17193057139172674,5036aab1b4aa499bab7dbc396f7a5da2,experiment_linear_bodyfat_kg
1234.226992109376,0.0025325976024996133,bodyfat_kg,PLASMA,0.8,MLP Regressor,BayesSearchCV,9.946395565326338,6.878402898578795,36.69931072406229,0.17193057139172674,5036aab1b4aa499bab7dbc396f7a5da2,experiment_linear_bodyfat_kg
1236.155471784547,0.0025278885141262046,bodyfat_kg,PLASMA,0.8,MLP Regressor,BayesSearchCV,9.946395565326338,6.878402898578795,36.69931072406229,0.17193057139172674,5036aab1b4aa499bab7dbc396f7a5da2,experiment_linear_bodyfat_kg
2670.944350111697,0.0025273586623371243,bodyfat_kg,PLASMA,0.8,MLP Regressor,BayesSearchCV,9.946395565326338,6.878402898578795,36.69931072406229,0.17193057139172674,5036aab1b4aa499bab7dbc396f7a5da2,experiment_linear_bodyfat_kg
1241.94091081006,0.0025226670500227166,bodyfat_kg,PLASMA,0.8,MLP Regressor,BayesSearchCV,9.946395565326338,6.878402898578795,36.69931072406229,0.17193057139172674,5036aab1b4aa499bab7dbc396f7a5da2,experiment_linear_bodyfat_kg
2665.158911086184,0.002519403841569079,bodyfat_kg,PLASMA,0.8,MLP Regressor,BayesSearchCV,9.946395565326338,6.878402898578795,36.69931072406229,0.17193057139172674,5036aab1b4aa499bab7dbc396f7a5da2,experiment_linear_bodyfat_kg
1232.298512434205,0.002501953795385735,bodyfat_kg,PLASMA,0.8,MLP Regressor,BayesSearchCV,9.946395565326338,6.878402898578795,36.69931072406229,0.17193057139172674,5036aab1b4aa499bab7dbc396f7a5da2,experiment_linear_bodyfat_kg
2726.870260691652,0.0024993359941044165,bodyfat_kg,PLASMA,0.8,MLP Regressor,BayesSearchCV,9.946395565326338,6.878402898578795,36.69931072406229,0.17193057139172674,5036aab1b4aa499bab7dbc396f7a5da2,experiment_linear_bodyfat_kg
1758.773463755861,0.002497389857912055,bodyfat_kg,PLASMA,0.8,MLP Regressor,BayesSearchCV,9.946395565326338,6.878402898578795,36.69931072406229,0.17193057139172674,5036aab1b4aa499bab7dbc396f7a5da2,experiment_linear_bodyfat_kg
2730.727220041994,0.011027022956984274,bodyfat_kg,PLASMA,0.8,MLP Regressor,BayesSearchCV,9.104537640799853,6.484999372910635,39.06309102421099,0.30617317170016367,5036aab1b4aa499bab7dbc396f7a5da2,experiment_linear_bodyfat_kg
1056.806861993653,0.008866254748682282,bodyfat_kg,PLASMA,0.8,MLP Regressor,BayesSearchCV,9.104537640799853,6.484999372910635,39.06309102421099,0.30617317170016367,5036aab1b4aa499bab7dbc396f7a5da2,experiment_linear_bodyfat_kg
2694.086106213747,0.008012147908478028,bodyfat_kg,PLASMA,0.8,MLP Regressor,BayesSearchCV,9.104537640799853,6.484999372910635,39.06309102421099,0.30617317170016367,5036aab1b4aa499bab7dbc396f7a5da2,experiment_linear_bodyfat_kg
1143.588447376344,0.007522838184161515,bodyfat_kg,PLASMA,0.8,MLP Regressor,BayesSearchCV,9.104537640799853,6.484999372910635,39.06309102421099,0.30617317170016367,5036aab1b4aa499bab7dbc396f7a5da2,experiment_linear_bodyfat_kg
2742.29809809302,0.007426934738044275,bodyfat_kg,PLASMA,0.8,MLP Regressor,BayesSearchCV,9.104537640799853,6.484999372910635,39.06309102421099,0.30617317170016367,5036aab1b4aa499bab7dbc396f7a5da2,experiment_linear_bodyfat_kg
1037.522065241944,0.007341766118241708,bodyfat_kg,PLASMA,0.8,MLP Regressor,BayesSearchCV,9.104537640799853,6.484999372910635,39.06309102421099,0.30617317170016367,5036aab1b4aa499bab7dbc396f7a5da2,experiment_linear_bodyfat_kg
1070.306219719849,0.007093106242584168,bodyfat_kg,PLASMA,0.8,MLP Regressor,BayesSearchCV,9.104537640799853,6.484999372910635,39.06309102421099,0.30617317170016367,5036aab1b4aa499bab7dbc396f7a5da2,experiment_linear_bodyfat_kg
2684.443707837893,0.006695769484351125,bodyfat_kg,PLASMA,0.8,MLP Regressor,BayesSearchCV,9.104537640799853,6.484999372910635,39.06309102421099,0.30617317170016367,5036aab1b4aa499bab7dbc396f7a5da2,experiment_linear_bodyfat_kg
2767.368333870241,0.00646049726576732,bodyfat_kg,PLASMA,0.8,MLP Regressor,BayesSearchCV,9.104537640799853,6.484999372910635,39.06309102421099,0.30617317170016367,5036aab1b4aa499bab7dbc396f7a5da2,experiment_linear_bodyfat_kg
1058.735341668824,0.006341243152725226,bodyfat_kg,PLASMA,0.8,MLP Regressor,BayesSearchCV,9.104537640799853,6.484999372910635,39.06309102421099,0.30617317170016367,5036aab1b4aa499bab7dbc396f7a5da2,experiment_linear_bodyfat_kg
2751.940496468874,0.006136356117387269,bodyfat_kg,PLASMA,0.8,MLP Regressor,BayesSearchCV,9.104537640799853,6.484999372910635,39.06309102421099,0.30617317170016367,5036aab1b4aa499bab7dbc396f7a5da2,experiment_linear_bodyfat_kg
2802.080968023317,0.006031853656990639,bodyfat_kg,PLASMA,0.8,MLP Regressor,BayesSearchCV,9.104537640799853,6.484999372910635,39.06309102421099,0.30617317170016367,5036aab1b4aa499bab7dbc396f7a5da2,experiment_linear_bodyfat_kg
2786.65313062195,0.005896781103845876,bodyfat_kg,PLASMA,0.8,MLP Regressor,BayesSearchCV,9.104537640799853,6.484999372910635,39.06309102421099,0.30617317170016367,5036aab1b4aa499bab7dbc396f7a5da2,experiment_linear_bodyfat_kg
1052.949902643312,0.005750177042875569,bodyfat_kg,PLASMA,0.8,MLP Regressor,BayesSearchCV,9.104537640799853,6.484999372910635,39.06309102421099,0.30617317170016367,5036aab1b4aa499bab7dbc396f7a5da2,experiment_linear_bodyfat_kg
1506.142626308473,0.005715218611913194,bodyfat_kg,PLASMA,0.8,MLP Regressor,BayesSearchCV,9.104537640799853,6.484999372910635,39.06309102421099,0.30617317170016367,5036aab1b4aa499bab7dbc396f7a5da2,experiment_linear_bodyfat_kg
2765.43985419507,0.005699009567872396,bodyfat_kg,PLASMA,0.8,MLP Regressor,BayesSearchCV,9.104537640799853,6.484999372910635,39.06309102421099,0.30617317170016367,5036aab1b4aa499bab7dbc396f7a5da2,experiment_linear_bodyfat_kg
2738.441138742678,0.005639817233343114,bodyfat_kg,PLASMA,0.8,MLP Regressor,BayesSearchCV,9.104537640799853,6.484999372910635,39.06309102421099,0.30617317170016367,5036aab1b4aa499bab7dbc396f7a5da2,experiment_linear_bodyfat_kg
1033.665105891602,0.005577313393596077,bodyfat_kg,PLASMA,0.8,MLP Regressor,BayesSearchCV,9.104537640799853,6.484999372910635,39.06309102421099,0.30617317170016367,5036aab1b4aa499bab7dbc396f7a5da2,experiment_linear_bodyfat_kg
1068.377740044679,0.005549178575388697,bodyfat_kg,PLASMA,0.8,MLP Regressor,BayesSearchCV,9.104537640799853,6.484999372910635,39.06309102421099,0.30617317170016367,5036aab1b4aa499bab7dbc396f7a5da2,experiment_linear_bodyfat_kg
2657.4449923855,0.0052802692879494245,bodyfat_kg,PLASMA,0.8,MLP Regressor,BayesSearchCV,9.104537640799853,6.484999372910635,39.06309102421099,0.30617317170016367,5036aab1b4aa499bab7dbc396f7a5da2,experiment_linear_bodyfat_kg
2705.656984264772,0.0028891570212278856,bodyfat_kg,PLASMA,0.8,MLP Regressor,BayesSearchCV,9.996655655714875,6.890330548999508,36.52284212935088,0.1635407992253025,5036aab1b4aa499bab7dbc396f7a5da2,experiment_linear_bodyfat_kg
1201.442837631471,0.0028077629511239635,bodyfat_kg,PLASMA,0.8,MLP Regressor,BayesSearchCV,9.996655655714875,6.890330548999508,36.52284212935088,0.1635407992253025,5036aab1b4aa499bab7dbc396f7a5da2,experiment_linear_bodyfat_kg
2669.015870436525,0.00279115022138902,bodyfat_kg,PLASMA,0.8,MLP Regressor,BayesSearchCV,9.996655655714875,6.890330548999508,36.52284212935088,0.1635407992253025,5036aab1b4aa499bab7dbc396f7a5da2,experiment_linear_bodyfat_kg
2667.087390761355,0.002781906898254751,bodyfat_kg,PLASMA,0.8,MLP Regressor,BayesSearchCV,9.996655655714875,6.890330548999508,36.52284212935088,0.1635407992253025,5036aab1b4aa499bab7dbc396f7a5da2,experiment_linear_bodyfat_kg
1203.371317306642,0.002781772562497371,bodyfat_kg,PLASMA,0.8,MLP Regressor,BayesSearchCV,9.996655655714875,6.890330548999508,36.52284212935088,0.1635407992253025,5036aab1b4aa499bab7dbc396f7a5da2,experiment_linear_bodyfat_kg
2728.798740366823,0.0027792486719732086,bodyfat_kg,PLASMA,0.8,MLP Regressor,BayesSearchCV,9.996655655714875,6.890330548999508,36.52284212935088,0.1635407992253025,5036aab1b4aa499bab7dbc396f7a5da2,experiment_linear_bodyfat_kg
1207.228276656984,0.0026968388988695227,bodyfat_kg,PLASMA,0.8,MLP Regressor,BayesSearchCV,9.996655655714875,6.890330548999508,36.52284212935088,0.1635407992253025,5036aab1b4aa499bab7dbc396f7a5da2,experiment_linear_bodyfat_kg
1209.156756332154,0.002693303228096945,bodyfat_kg,PLASMA,0.8,MLP Regressor,BayesSearchCV,9.996655655714875,6.890330548999508,36.52284212935088,0.1635407992253025,5036aab1b4aa499bab7dbc396f7a5da2,experiment_linear_bodyfat_kg
1205.299796981813,0.002691713575191284,bodyfat_kg,PLASMA,0.8,MLP Regressor,BayesSearchCV,9.996655655714875,6.890330548999508,36.52284212935088,0.1635407992253025,5036aab1b4aa499bab7dbc396f7a5da2,experiment_linear_bodyfat_kg
2670.944350111697,0.002596464469472158,bodyfat_kg,PLASMA,0.8,MLP Regressor,BayesSearchCV,9.996655655714875,6.890330548999508,36.52284212935088,0.1635407992253025,5036aab1b4aa499bab7dbc396f7a5da2,experiment_linear_bodyfat_kg
2665.158911086184,0.002583003373829933,bodyfat_kg,PLASMA,0.8,MLP Regressor,BayesSearchCV,9.996655655714875,6.890330548999508,36.52284212935088,0.1635407992253025,5036aab1b4aa499bab7dbc396f7a5da2,experiment_linear_bodyfat_kg
1211.085236007325,0.002572489044371909,bodyfat_kg,PLASMA,0.8,MLP Regressor,BayesSearchCV,9.996655655714875,6.890330548999508,36.52284212935088,0.1635407992253025,5036aab1b4aa499bab7dbc396f7a5da2,experiment_linear_bodyfat_kg
2726.870260691652,0.0025528009220794345,bodyfat_kg,PLASMA,0.8,MLP Regressor,BayesSearchCV,9.996655655714875,6.890330548999508,36.52284212935088,0.1635407992253025,5036aab1b4aa499bab7dbc396f7a5da2,experiment_linear_bodyfat_kg
1758.773463755861,0.002552215624759092,bodyfat_kg,PLASMA,0.8,MLP Regressor,BayesSearchCV,9.996655655714875,6.890330548999508,36.52284212935088,0.1635407992253025,5036aab1b4aa499bab7dbc396f7a5da2,experiment_linear_bodyfat_kg
1199.5143579563,0.0025445872098667187,bodyfat_kg,PLASMA,0.8,MLP Regressor,BayesSearchCV,9.996655655714875,6.890330548999508,36.52284212935088,0.1635407992253025,5036aab1b4aa499bab7dbc396f7a5da2,experiment_linear_bodyfat_kg
1760.701943431032,0.002535767327612106,bodyfat_kg,PLASMA,0.8,MLP Regressor,BayesSearchCV,9.996655655714875,6.890330548999508,36.52284212935088,0.1635407992253025,5036aab1b4aa499bab7dbc396f7a5da2,experiment_linear_bodyfat_kg
1756.84498408069,0.002506979072554093,bodyfat_kg,PLASMA,0.8,MLP Regressor,BayesSearchCV,9.996655655714875,6.890330548999508,36.52284212935088,0.1635407992253025,5036aab1b4aa499bab7dbc396f7a5da2,experiment_linear_bodyfat_kg
1762.630423106202,0.002477086844402726,bodyfat_kg,PLASMA,0.8,MLP Regressor,BayesSearchCV,9.996655655714875,6.890330548999508,36.52284212935088,0.1635407992253025,5036aab1b4aa499bab7dbc396f7a5da2,experiment_linear_bodyfat_kg
1240.012431134889,0.0024379556229277757,bodyfat_kg,PLASMA,0.8,MLP Regressor,BayesSearchCV,9.996655655714875,6.890330548999508,36.52284212935088,0.1635407992253025,5036aab1b4aa499bab7dbc396f7a5da2,experiment_linear_bodyfat_kg
1241.94091081006,0.0024285479778221627,bodyfat_kg,PLASMA,0.8,MLP Regressor,BayesSearchCV,9.996655655714875,6.890330548999508,36.52284212935088,0.1635407992253025,5036aab1b4aa499bab7dbc396f7a5da2,experiment_linear_bodyfat_kg
1654.635561296632,0.013098981835796471,bodyfat_kg,PLASMA,0.8,MLP Regressor,BayesSearchCV,11.23207495163029,7.749971559192727,45.898225297538175,-0.05597900332954309,5036aab1b4aa499bab7dbc396f7a5da2,experiment_linear_bodyfat_kg
1658.492520646974,0.012780978726217815,bodyfat_kg,PLASMA,0.8,MLP Regressor,BayesSearchCV,11.23207495163029,7.749971559192727,45.898225297538175,-0.05597900332954309,5036aab1b4aa499bab7dbc396f7a5da2,experiment_linear_bodyfat_kg
1662.349479997316,0.012497648731651548,bodyfat_kg,PLASMA,0.8,MLP Regressor,BayesSearchCV,11.23207495163029,7.749971559192727,45.898225297538175,-0.05597900332954309,5036aab1b4aa499bab7dbc396f7a5da2,experiment_linear_bodyfat_kg
1660.421000322145,0.012344036860474701,bodyfat_kg,PLASMA,0.8,MLP Regressor,BayesSearchCV,11.23207495163029,7.749971559192727,45.898225297538175,-0.05597900332954309,5036aab1b4aa499bab7dbc396f7a5da2,experiment_linear_bodyfat_kg
1656.564040971803,0.012105392367401374,bodyfat_kg,PLASMA,0.8,MLP Regressor,BayesSearchCV,11.23207495163029,7.749971559192727,45.898225297538175,-0.05597900332954309,5036aab1b4aa499bab7dbc396f7a5da2,experiment_linear_bodyfat_kg
1652.707081621461,0.011477333256423895,bodyfat_kg,PLASMA,0.8,MLP Regressor,BayesSearchCV,11.23207495163029,7.749971559192727,45.898225297538175,-0.05597900332954309,5036aab1b4aa499bab7dbc396f7a5da2,experiment_linear_bodyfat_kg
1664.277959672487,0.009144258478155249,bodyfat_kg,PLASMA,0.8,MLP Regressor,BayesSearchCV,11.23207495163029,7.749971559192727,45.898225297538175,-0.05597900332954309,5036aab1b4aa499bab7dbc396f7a5da2,experiment_linear_bodyfat_kg
1635.350764544923,0.00873207535157846,bodyfat_kg,PLASMA,0.8,MLP Regressor,BayesSearchCV,11.23207495163029,7.749971559192727,45.898225297538175,-0.05597900332954309,5036aab1b4aa499bab7dbc396f7a5da2,experiment_linear_bodyfat_kg
1637.279244220094,0.008611020567306447,bodyfat_kg,PLASMA,0.8,MLP Regressor,BayesSearchCV,11.23207495163029,7.749971559192727,45.898225297538175,-0.05597900332954309,5036aab1b4aa499bab7dbc396f7a5da2,experiment_linear_bodyfat_kg
1633.422284869752,0.0082635603174064,bodyfat_kg,PLASMA,0.8,MLP Regressor,BayesSearchCV,11.23207495163029,7.749971559192727,45.898225297538175,-0.05597900332954309,5036aab1b4aa499bab7dbc396f7a5da2,experiment_linear_bodyfat_kg
1666.206439347658,0.007860258946243074,bodyfat_kg,PLASMA,0.8,MLP Regressor,BayesSearchCV,11.23207495163029,7.749971559192727,45.898225297538175,-0.05597900332954309,5036aab1b4aa499bab7dbc396f7a5da2,experiment_linear_bodyfat_kg
1668.134919022829,0.007600395288775651,bodyfat_kg,PLASMA,0.8,MLP Regressor,BayesSearchCV,11.23207495163029,7.749971559192727,45.898225297538175,-0.05597900332954309,5036aab1b4aa499bab7dbc396f7a5da2,experiment_linear_bodyfat_kg
1631.493805194581,0.007264442496242858,bodyfat_kg,PLASMA,0.8,MLP Regressor,BayesSearchCV,11.23207495163029,7.749971559192727,45.898225297538175,-0.05597900332954309,5036aab1b4aa499bab7dbc396f7a5da2,experiment_linear_bodyfat_kg
1639.207723895265,0.007249314579271298,bodyfat_kg,PLASMA,0.8,MLP Regressor,BayesSearchCV,11.23207495163029,7.749971559192727,45.898225297538175,-0.05597900332954309,5036aab1b4aa499bab7dbc396f7a5da2,experiment_linear_bodyfat_kg
1650.77860194629,0.006906312250972346,bodyfat_kg,PLASMA,0.8,MLP Regressor,BayesSearchCV,11.23207495163029,7.749971559192727,45.898225297538175,-0.05597900332954309,5036aab1b4aa499bab7dbc396f7a5da2,experiment_linear_bodyfat_kg
1641.136203570436,0.006835063770883443,bodyfat_kg,PLASMA,0.8,MLP Regressor,BayesSearchCV,11.23207495163029,7.749971559192727,45.898225297538175,-0.05597900332954309,5036aab1b4aa499bab7dbc396f7a5da2,experiment_linear_bodyfat_kg
2925.503667234255,0.006621976186579444,bodyfat_kg,PLASMA,0.8,MLP Regressor,BayesSearchCV,11.23207495163029,7.749971559192727,45.898225297538175,-0.05597900332954309,5036aab1b4aa499bab7dbc396f7a5da2,experiment_linear_bodyfat_kg
2921.646707883913,0.006576280977957585,bodyfat_kg,PLASMA,0.8,MLP Regressor,BayesSearchCV,11.23207495163029,7.749971559192727,45.898225297538175,-0.05597900332954309,5036aab1b4aa499bab7dbc396f7a5da2,experiment_linear_bodyfat_kg
2923.575187559084,0.006432048632764481,bodyfat_kg,PLASMA,0.8,MLP Regressor,BayesSearchCV,11.23207495163029,7.749971559192727,45.898225297538175,-0.05597900332954309,5036aab1b4aa499bab7dbc396f7a5da2,experiment_linear_bodyfat_kg
1629.56532551941,0.00613344906875239,bodyfat_kg,PLASMA,0.8,MLP Regressor,BayesSearchCV,11.23207495163029,7.749971559192727,45.898225297538175,-0.05597900332954309,5036aab1b4aa499bab7dbc396f7a5da2,experiment_linear_bodyfat_kg
2711.442423290285,0.0040399517241739985,bodyfat_kg,SALIVA,0.8,MLP Regressor,BayesSearchCV,9.060747276321498,7.49129360536095,74.5594191366991,-0.3574325346484031,5036aab1b4aa499bab7dbc396f7a5da2,experiment_linear_bodyfat_kg
2713.370902965456,0.003849607467334695,bodyfat_kg,SALIVA,0.8,MLP Regressor,BayesSearchCV,9.060747276321498,7.49129360536095,74.5594191366991,-0.3574325346484031,5036aab1b4aa499bab7dbc396f7a5da2,experiment_linear_bodyfat_kg
1706.704512526246,0.0030699176263346635,bodyfat_kg,SALIVA,0.8,MLP Regressor,BayesSearchCV,9.060747276321498,7.49129360536095,74.5594191366991,-0.3574325346484031,5036aab1b4aa499bab7dbc396f7a5da2,experiment_linear_bodyfat_kg
1598.709650716676,0.0030032501641017104,bodyfat_kg,SALIVA,0.8,MLP Regressor,BayesSearchCV,9.060747276321498,7.49129360536095,74.5594191366991,-0.3574325346484031,5036aab1b4aa499bab7dbc396f7a5da2,experiment_linear_bodyfat_kg
1600.638130391847,0.002974941192935455,bodyfat_kg,SALIVA,0.8,MLP Regressor,BayesSearchCV,9.060747276321498,7.49129360536095,74.5594191366991,-0.3574325346484031,5036aab1b4aa499bab7dbc396f7a5da2,experiment_linear_bodyfat_kg
1708.632992201417,0.002968001681380834,bodyfat_kg,SALIVA,0.8,MLP Regressor,BayesSearchCV,9.060747276321498,7.49129360536095,74.5594191366991,-0.3574325346484031,5036aab1b4aa499bab7dbc396f7a5da2,experiment_linear_bodyfat_kg
1596.781171041505,0.00296065353326866,bodyfat_kg,SALIVA,0.8,MLP Regressor,BayesSearchCV,9.060747276321498,7.49129360536095,74.5594191366991,-0.3574325346484031,5036aab1b4aa499bab7dbc396f7a5da2,experiment_linear_bodyfat_kg
1602.566610067018,0.00295260104936593,bodyfat_kg,SALIVA,0.8,MLP Regressor,BayesSearchCV,9.060747276321498,7.49129360536095,74.5594191366991,-0.3574325346484031,5036aab1b4aa499bab7dbc396f7a5da2,experiment_linear_bodyfat_kg
1417.432561250612,0.002906799823833407,bodyfat_kg,SALIVA,0.8,MLP Regressor,BayesSearchCV,9.060747276321498,7.49129360536095,74.5594191366991,-0.3574325346484031,5036aab1b4aa499bab7dbc396f7a5da2,experiment_linear_bodyfat_kg
1415.504081575441,0.0029043407452845685,bodyfat_kg,SALIVA,0.8,MLP Regressor,BayesSearchCV,9.060747276321498,7.49129360536095,74.5594191366991,-0.3574325346484031,5036aab1b4aa499bab7dbc396f7a5da2,experiment_linear_bodyfat_kg
2701.800024914431,0.0029008369321244405,bodyfat_kg,SALIVA,0.8,MLP Regressor,BayesSearchCV,9.060747276321498,7.49129360536095,74.5594191366991,-0.3574325346484031,5036aab1b4aa499bab7dbc396f7a5da2,experiment_linear_bodyfat_kg
1419.361040925782,0.0028997726321334702,bodyfat_kg,SALIVA,0.8,MLP Regressor,BayesSearchCV,9.060747276321498,7.49129360536095,74.5594191366991,-0.3574325346484031,5036aab1b4aa499bab7dbc396f7a5da2,experiment_linear_bodyfat_kg
1604.495089742189,0.002897771783721909,bodyfat_kg,SALIVA,0.8,MLP Regressor,BayesSearchCV,9.060747276321498,7.49129360536095,74.5594191366991,-0.3574325346484031,5036aab1b4aa499bab7dbc396f7a5da2,experiment_linear_bodyfat_kg
1421.289520600953,0.002897028577703206,bodyfat_kg,SALIVA,0.8,MLP Regressor,BayesSearchCV,9.060747276321498,7.49129360536095,74.5594191366991,-0.3574325346484031,5036aab1b4aa499bab7dbc396f7a5da2,experiment_linear_bodyfat_kg
1637.279244220094,0.0028903564436811133,bodyfat_kg,SALIVA,0.8,MLP Regressor,BayesSearchCV,9.060747276321498,7.49129360536095,74.5594191366991,-0.3574325346484031,5036aab1b4aa499bab7dbc396f7a5da2,experiment_linear_bodyfat_kg
1423.218000276124,0.002885289768963608,bodyfat_kg,SALIVA,0.8,MLP Regressor,BayesSearchCV,9.060747276321498,7.49129360536095,74.5594191366991,-0.3574325346484031,5036aab1b4aa499bab7dbc396f7a5da2,experiment_linear_bodyfat_kg
1413.57560190027,0.002877881184635222,bodyfat_kg,SALIVA,0.8,MLP Regressor,BayesSearchCV,9.060747276321498,7.49129360536095,74.5594191366991,-0.3574325346484031,5036aab1b4aa499bab7dbc396f7a5da2,experiment_linear_bodyfat_kg
1425.146479951295,0.0028599482049838695,bodyfat_kg,SALIVA,0.8,MLP Regressor,BayesSearchCV,9.060747276321498,7.49129360536095,74.5594191366991,-0.3574325346484031,5036aab1b4aa499bab7dbc396f7a5da2,experiment_linear_bodyfat_kg
1513.856545009157,0.0028569509943078904,bodyfat_kg,SALIVA,0.8,MLP Regressor,BayesSearchCV,9.060747276321498,7.49129360536095,74.5594191366991,-0.3574325346484031,5036aab1b4aa499bab7dbc396f7a5da2,experiment_linear_bodyfat_kg
1519.641984034669,0.0028562460217677636,bodyfat_kg,SALIVA,0.8,MLP Regressor,BayesSearchCV,9.060747276321498,7.49129360536095,74.5594191366991,-0.3574325346484031,5036aab1b4aa499bab7dbc396f7a5da2,experiment_linear_bodyfat_kg
929.5272034323739,0.011151763383493787,bodyfat_kg,SALIVA,0.8,MLP Regressor,BayesSearchCV,8.113479206609497,6.204105923561213,45.67888266045891,-0.08843995244039426,5036aab1b4aa499bab7dbc396f7a5da2,experiment_linear_bodyfat_kg
1506.142626308473,0.00917368882250606,bodyfat_kg,SALIVA,0.8,MLP Regressor,BayesSearchCV,8.113479206609497,6.204105923561213,45.67888266045891,-0.08843995244039426,5036aab1b4aa499bab7dbc396f7a5da2,experiment_linear_bodyfat_kg
1675.848837723512,0.008963810714909511,bodyfat_kg,SALIVA,0.8,MLP Regressor,BayesSearchCV,8.113479206609497,6.204105923561213,45.67888266045891,-0.08843995244039426,5036aab1b4aa499bab7dbc396f7a5da2,experiment_linear_bodyfat_kg
937.2411221330576,0.008752525782070721,bodyfat_kg,SALIVA,0.8,MLP Regressor,BayesSearchCV,8.113479206609497,6.204105923561213,45.67888266045891,-0.08843995244039426,5036aab1b4aa499bab7dbc396f7a5da2,experiment_linear_bodyfat_kg
1498.428707607789,0.00808923760248548,bodyfat_kg,SALIVA,0.8,MLP Regressor,BayesSearchCV,8.113479206609497,6.204105923561213,45.67888266045891,-0.08843995244039426,5036aab1b4aa499bab7dbc396f7a5da2,experiment_linear_bodyfat_kg
968.0967969357921,0.007681371437729583,bodyfat_kg,SALIVA,0.8,MLP Regressor,BayesSearchCV,8.113479206609497,6.204105923561213,45.67888266045891,-0.08843995244039426,5036aab1b4aa499bab7dbc396f7a5da2,experiment_linear_bodyfat_kg
1504.214146633302,0.00703760734697466,bodyfat_kg,SALIVA,0.8,MLP Regressor,BayesSearchCV,8.113479206609497,6.204105923561213,45.67888266045891,-0.08843995244039426,5036aab1b4aa499bab7dbc396f7a5da2,experiment_linear_bodyfat_kg
1000.880951413697,0.006887326209021981,bodyfat_kg,SALIVA,0.8,MLP Regressor,BayesSearchCV,8.113479206609497,6.204105923561213,45.67888266045891,-0.08843995244039426,5036aab1b4aa499bab7dbc396f7a5da2,experiment_linear_bodyfat_kg
1483.000870206422,0.006861869258076956,bodyfat_kg,SALIVA,0.8,MLP Regressor,BayesSearchCV,8.113479206609497,6.204105923561213,45.67888266045891,-0.08843995244039426,5036aab1b4aa499bab7dbc396f7a5da2,experiment_linear_bodyfat_kg
1101.161894522584,0.006804747307496914,bodyfat_kg,SALIVA,0.8,MLP Regressor,BayesSearchCV,8.113479206609497,6.204105923561213,45.67888266045891,-0.08843995244039426,5036aab1b4aa499bab7dbc396f7a5da2,experiment_linear_bodyfat_kg
935.3126424578863,0.0066678579973090644,bodyfat_kg,SALIVA,0.8,MLP Regressor,BayesSearchCV,8.113479206609497,6.204105923561213,45.67888266045891,-0.08843995244039426,5036aab1b4aa499bab7dbc396f7a5da2,experiment_linear_bodyfat_kg
1608.35204909253,0.006513290119616181,bodyfat_kg,SALIVA,0.8,MLP Regressor,BayesSearchCV,8.113479206609497,6.204105923561213,45.67888266045891,-0.08843995244039426,5036aab1b4aa499bab7dbc396f7a5da2,experiment_linear_bodyfat_kg
1415.504081575441,0.005929712436406667,bodyfat_kg,SALIVA,0.8,MLP Regressor,BayesSearchCV,8.113479206609497,6.204105923561213,45.67888266045891,-0.08843995244039426,5036aab1b4aa499bab7dbc396f7a5da2,experiment_linear_bodyfat_kg
939.1696018082284,0.0057200889555609254,bodyfat_kg,SALIVA,0.8,MLP Regressor,BayesSearchCV,8.113479206609497,6.204105923561213,45.67888266045891,-0.08843995244039426,5036aab1b4aa499bab7dbc396f7a5da2,experiment_linear_bodyfat_kg
1656.564040971803,0.005675199624881539,bodyfat_kg,SALIVA,0.8,MLP Regressor,BayesSearchCV,8.113479206609497,6.204105923561213,45.67888266045891,-0.08843995244039426,5036aab1b4aa499bab7dbc396f7a5da2,experiment_linear_bodyfat_kg
995.0955123881845,0.005557907050385775,bodyfat_kg,SALIVA,0.8,MLP Regressor,BayesSearchCV,8.113479206609497,6.204105923561213,45.67888266045891,-0.08843995244039426,5036aab1b4aa499bab7dbc396f7a5da2,experiment_linear_bodyfat_kg
1664.277959672487,0.005337571320195052,bodyfat_kg,SALIVA,0.8,MLP Regressor,BayesSearchCV,8.113479206609497,6.204105923561213,45.67888266045891,-0.08843995244039426,5036aab1b4aa499bab7dbc396f7a5da2,experiment_linear_bodyfat_kg
1671.99187837317,0.0052986629864160174,bodyfat_kg,SALIVA,0.8,MLP Regressor,BayesSearchCV,8.113479206609497,6.204105923561213,45.67888266045891,-0.08843995244039426,5036aab1b4aa499bab7dbc396f7a5da2,experiment_linear_bodyfat_kg
1644.993162920778,0.005236031889584297,bodyfat_kg,SALIVA,0.8,MLP Regressor,BayesSearchCV,8.113479206609497,6.204105923561213,45.67888266045891,-0.08843995244039426,5036aab1b4aa499bab7dbc396f7a5da2,experiment_linear_bodyfat_kg
1702.847553175905,0.005070407528335026,bodyfat_kg,SALIVA,0.8,MLP Regressor,BayesSearchCV,8.113479206609497,6.204105923561213,45.67888266045891,-0.08843995244039426,5036aab1b4aa499bab7dbc396f7a5da2,experiment_linear_bodyfat_kg
2711.442423290285,0.004042359574158435,bodyfat_kg,SALIVA,0.8,MLP Regressor,BayesSearchCV,9.089029028174034,7.510350726325267,74.78172633136622,-0.36591980045709915,5036aab1b4aa499bab7dbc396f7a5da2,experiment_linear_bodyfat_kg
2713.370902965456,0.003843331989146134,bodyfat_kg,SALIVA,0.8,MLP Regressor,BayesSearchCV,9.089029028174034,7.510350726325267,74.78172633136622,-0.36591980045709915,5036aab1b4aa499bab7dbc396f7a5da2,experiment_linear_bodyfat_kg
1706.704512526246,0.0030361114612596643,bodyfat_kg,SALIVA,0.8,MLP Regressor,BayesSearchCV,9.089029028174034,7.510350726325267,74.78172633136622,-0.36591980045709915,5036aab1b4aa499bab7dbc396f7a5da2,experiment_linear_bodyfat_kg
1598.709650716676,0.002983782415265593,bodyfat_kg,SALIVA,0.8,MLP Regressor,BayesSearchCV,9.089029028174034,7.510350726325267,74.78172633136622,-0.36591980045709915,5036aab1b4aa499bab7dbc396f7a5da2,experiment_linear_bodyfat_kg
1600.638130391847,0.002955681760854559,bodyfat_kg,SALIVA,0.8,MLP Regressor,BayesSearchCV,9.089029028174034,7.510350726325267,74.78172633136622,-0.36591980045709915,5036aab1b4aa499bab7dbc396f7a5da2,experiment_linear_bodyfat_kg
1596.781171041505,0.002940541260986109,bodyfat_kg,SALIVA,0.8,MLP Regressor,BayesSearchCV,9.089029028174034,7.510350726325267,74.78172633136622,-0.36591980045709915,5036aab1b4aa499bab7dbc396f7a5da2,experiment_linear_bodyfat_kg
1602.566610067018,0.0029340521340619646,bodyfat_kg,SALIVA,0.8,MLP Regressor,BayesSearchCV,9.089029028174034,7.510350726325267,74.78172633136622,-0.36591980045709915,5036aab1b4aa499bab7dbc396f7a5da2,experiment_linear_bodyfat_kg
1708.632992201417,0.002932603596441863,bodyfat_kg,SALIVA,0.8,MLP Regressor,BayesSearchCV,9.089029028174034,7.510350726325267,74.78172633136622,-0.36591980045709915,5036aab1b4aa499bab7dbc396f7a5da2,experiment_linear_bodyfat_kg
1417.432561250612,0.002914632337571989,bodyfat_kg,SALIVA,0.8,MLP Regressor,BayesSearchCV,9.089029028174034,7.510350726325267,74.78172633136622,-0.36591980045709915,5036aab1b4aa499bab7dbc396f7a5da2,experiment_linear_bodyfat_kg
1415.504081575441,0.0029126126394084877,bodyfat_kg,SALIVA,0.8,MLP Regressor,BayesSearchCV,9.089029028174034,7.510350726325267,74.78172633136622,-0.36591980045709915,5036aab1b4aa499bab7dbc396f7a5da2,experiment_linear_bodyfat_kg
1419.361040925782,0.0029067547235333974,bodyfat_kg,SALIVA,0.8,MLP Regressor,BayesSearchCV,9.089029028174034,7.510350726325267,74.78172633136622,-0.36591980045709915,5036aab1b4aa499bab7dbc396f7a5da2,experiment_linear_bodyfat_kg
1421.289520600953,0.0029029163342438307,bodyfat_kg,SALIVA,0.8,MLP Regressor,BayesSearchCV,9.089029028174034,7.510350726325267,74.78172633136622,-0.36591980045709915,5036aab1b4aa499bab7dbc396f7a5da2,experiment_linear_bodyfat_kg
1423.218000276124,0.00288987985733455,bodyfat_kg,SALIVA,0.8,MLP Regressor,BayesSearchCV,9.089029028174034,7.510350726325267,74.78172633136622,-0.36591980045709915,5036aab1b4aa499bab7dbc396f7a5da2,experiment_linear_bodyfat_kg
1413.57560190027,0.0028861177592937335,bodyfat_kg,SALIVA,0.8,MLP Regressor,BayesSearchCV,9.089029028174034,7.510350726325267,74.78172633136622,-0.36591980045709915,5036aab1b4aa499bab7dbc396f7a5da2,experiment_linear_bodyfat_kg
2701.800024914431,0.0028805166241436474,bodyfat_kg,SALIVA,0.8,MLP Regressor,BayesSearchCV,9.089029028174034,7.510350726325267,74.78172633136622,-0.36591980045709915,5036aab1b4aa499bab7dbc396f7a5da2,experiment_linear_bodyfat_kg
1604.495089742189,0.002880022819090346,bodyfat_kg,SALIVA,0.8,MLP Regressor,BayesSearchCV,9.089029028174034,7.510350726325267,74.78172633136622,-0.36591980045709915,5036aab1b4aa499bab7dbc396f7a5da2,experiment_linear_bodyfat_kg
1637.279244220094,0.0028797639088449715,bodyfat_kg,SALIVA,0.8,MLP Regressor,BayesSearchCV,9.089029028174034,7.510350726325267,74.78172633136622,-0.36591980045709915,5036aab1b4aa499bab7dbc396f7a5da2,experiment_linear_bodyfat_kg
1519.641984034669,0.0028671793677328217,bodyfat_kg,SALIVA,0.8,MLP Regressor,BayesSearchCV,9.089029028174034,7.510350726325267,74.78172633136622,-0.36591980045709915,5036aab1b4aa499bab7dbc396f7a5da2,experiment_linear_bodyfat_kg
1513.856545009157,0.0028662931641393425,bodyfat_kg,SALIVA,0.8,MLP Regressor,BayesSearchCV,9.089029028174034,7.510350726325267,74.78172633136622,-0.36591980045709915,5036aab1b4aa499bab7dbc396f7a5da2,experiment_linear_bodyfat_kg
1425.146479951295,0.0028630406349281607,bodyfat_kg,SALIVA,0.8,MLP Regressor,BayesSearchCV,9.089029028174034,7.510350726325267,74.78172633136622,-0.36591980045709915,5036aab1b4aa499bab7dbc396f7a5da2,experiment_linear_bodyfat_kg
1548.569179162233,0.006713263191108575,bodyfat_kg,SALIVA,0.8,MLP Regressor,BayesSearchCV,7.8590897330757175,6.133117358936942,47.63905113819119,-0.021256220028807782,5036aab1b4aa499bab7dbc396f7a5da2,experiment_linear_bodyfat_kg
1550.497658837404,0.006608231244398382,bodyfat_kg,SALIVA,0.8,MLP Regressor,BayesSearchCV,7.8590897330757175,6.133117358936942,47.63905113819119,-0.021256220028807782,5036aab1b4aa499bab7dbc396f7a5da2,experiment_linear_bodyfat_kg
1544.712219811891,0.006201587398080429,bodyfat_kg,SALIVA,0.8,MLP Regressor,BayesSearchCV,7.8590897330757175,6.133117358936942,47.63905113819119,-0.021256220028807782,5036aab1b4aa499bab7dbc396f7a5da2,experiment_linear_bodyfat_kg
1542.78374013672,0.006176532959878027,bodyfat_kg,SALIVA,0.8,MLP Regressor,BayesSearchCV,7.8590897330757175,6.133117358936942,47.63905113819119,-0.021256220028807782,5036aab1b4aa499bab7dbc396f7a5da2,experiment_linear_bodyfat_kg
1554.354618187745,0.005916751939200411,bodyfat_kg,SALIVA,0.8,MLP Regressor,BayesSearchCV,7.8590897330757175,6.133117358936942,47.63905113819119,-0.021256220028807782,5036aab1b4aa499bab7dbc396f7a5da2,experiment_linear_bodyfat_kg
1546.640699487062,0.005822582731789751,bodyfat_kg,SALIVA,0.8,MLP Regressor,BayesSearchCV,7.8590897330757175,6.133117358936942,47.63905113819119,-0.021256220028807782,5036aab1b4aa499bab7dbc396f7a5da2,experiment_linear_bodyfat_kg
1552.426138512574,0.005794384729405474,bodyfat_kg,SALIVA,0.8,MLP Regressor,BayesSearchCV,7.8590897330757175,6.133117358936942,47.63905113819119,-0.021256220028807782,5036aab1b4aa499bab7dbc396f7a5da2,experiment_linear_bodyfat_kg
1533.141341760865,0.005731900821166968,bodyfat_kg,SALIVA,0.8,MLP Regressor,BayesSearchCV,7.8590897330757175,6.133117358936942,47.63905113819119,-0.021256220028807782,5036aab1b4aa499bab7dbc396f7a5da2,experiment_linear_bodyfat_kg
1538.926780786378,0.005582889857242174,bodyfat_kg,SALIVA,0.8,MLP Regressor,BayesSearchCV,7.8590897330757175,6.133117358936942,47.63905113819119,-0.021256220028807782,5036aab1b4aa499bab7dbc396f7a5da2,experiment_linear_bodyfat_kg
1668.134919022829,0.005542632032791044,bodyfat_kg,SALIVA,0.8,MLP Regressor,BayesSearchCV,7.8590897330757175,6.133117358936942,47.63905113819119,-0.021256220028807782,5036aab1b4aa499bab7dbc396f7a5da2,experiment_linear_bodyfat_kg
1157.08780510254,0.005499134994966278,bodyfat_kg,SALIVA,0.8,MLP Regressor,BayesSearchCV,7.8590897330757175,6.133117358936942,47.63905113819119,-0.021256220028807782,5036aab1b4aa499bab7dbc396f7a5da2,experiment_linear_bodyfat_kg
1531.212862085695,0.005441469050746392,bodyfat_kg,SALIVA,0.8,MLP Regressor,BayesSearchCV,7.8590897330757175,6.133117358936942,47.63905113819119,-0.021256220028807782,5036aab1b4aa499bab7dbc396f7a5da2,experiment_linear_bodyfat_kg
1151.302366077027,0.005410650352847329,bodyfat_kg,SALIVA,0.8,MLP Regressor,BayesSearchCV,7.8590897330757175,6.133117358936942,47.63905113819119,-0.021256220028807782,5036aab1b4aa499bab7dbc396f7a5da2,experiment_linear_bodyfat_kg
1091.51949614673,0.005400191273648051,bodyfat_kg,SALIVA,0.8,MLP Regressor,BayesSearchCV,7.8590897330757175,6.133117358936942,47.63905113819119,-0.021256220028807782,5036aab1b4aa499bab7dbc396f7a5da2,experiment_linear_bodyfat_kg
1671.99187837317,0.005398401423141786,bodyfat_kg,SALIVA,0.8,MLP Regressor,BayesSearchCV,7.8590897330757175,6.133117358936942,47.63905113819119,-0.021256220028807782,5036aab1b4aa499bab7dbc396f7a5da2,experiment_linear_bodyfat_kg
1160.944764452882,0.005301465890553021,bodyfat_kg,SALIVA,0.8,MLP Regressor,BayesSearchCV,7.8590897330757175,6.133117358936942,47.63905113819119,-0.021256220028807782,5036aab1b4aa499bab7dbc396f7a5da2,experiment_linear_bodyfat_kg
989.3100733626716,0.005236207776570395,bodyfat_kg,SALIVA,0.8,MLP Regressor,BayesSearchCV,7.8590897330757175,6.133117358936942,47.63905113819119,-0.021256220028807782,5036aab1b4aa499bab7dbc396f7a5da2,experiment_linear_bodyfat_kg
1159.016284777711,0.005212032010275795,bodyfat_kg,SALIVA,0.8,MLP Regressor,BayesSearchCV,7.8590897330757175,6.133117358936942,47.63905113819119,-0.021256220028807782,5036aab1b4aa499bab7dbc396f7a5da2,experiment_linear_bodyfat_kg
1413.57560190027,0.005206739733747829,bodyfat_kg,SALIVA,0.8,MLP Regressor,BayesSearchCV,7.8590897330757175,6.133117358936942,47.63905113819119,-0.021256220028807782,5036aab1b4aa499bab7dbc396f7a5da2,experiment_linear_bodyfat_kg
987.3815936875008,0.005163107461960211,bodyfat_kg,SALIVA,0.8,MLP Regressor,BayesSearchCV,7.8590897330757175,6.133117358936942,47.63905113819119,-0.021256220028807782,5036aab1b4aa499bab7dbc396f7a5da2,experiment_linear_bodyfat_kg
1141.659967701173,0.0025396559523308345,bodyfat_kg,SERUM,0.8,MLP Regressor,BayesSearchCV,10.524969837450163,7.12711225326685,39.91501585291906,-0.04879289124388442,5036aab1b4aa499bab7dbc396f7a5da2,experiment_linear_bodyfat_kg
1139.731488026002,0.0025320874478327606,bodyfat_kg,SERUM,0.8,MLP Regressor,BayesSearchCV,10.524969837450163,7.12711225326685,39.91501585291906,-0.04879289124388442,5036aab1b4aa499bab7dbc396f7a5da2,experiment_linear_bodyfat_kg
1143.588447376344,0.0025087813731524264,bodyfat_kg,SERUM,0.8,MLP Regressor,BayesSearchCV,10.524969837450163,7.12711225326685,39.91501585291906,-0.04879289124388442,5036aab1b4aa499bab7dbc396f7a5da2,experiment_linear_bodyfat_kg
1145.516927051515,0.0024702728162019918,bodyfat_kg,SERUM,0.8,MLP Regressor,BayesSearchCV,10.524969837450163,7.12711225326685,39.91501585291906,-0.04879289124388442,5036aab1b4aa499bab7dbc396f7a5da2,experiment_linear_bodyfat_kg
1137.803008350831,0.0024611242580547302,bodyfat_kg,SERUM,0.8,MLP Regressor,BayesSearchCV,10.524969837450163,7.12711225326685,39.91501585291906,-0.04879289124388442,5036aab1b4aa499bab7dbc396f7a5da2,experiment_linear_bodyfat_kg
1147.445406726686,0.002438751176766521,bodyfat_kg,SERUM,0.8,MLP Regressor,BayesSearchCV,10.524969837450163,7.12711225326685,39.91501585291906,-0.04879289124388442,5036aab1b4aa499bab7dbc396f7a5da2,experiment_linear_bodyfat_kg
1149.373886401856,0.0024048927312479676,bodyfat_kg,SERUM,0.8,MLP Regressor,BayesSearchCV,10.524969837450163,7.12711225326685,39.91501585291906,-0.04879289124388442,5036aab1b4aa499bab7dbc396f7a5da2,experiment_linear_bodyfat_kg
1151.302366077027,0.0023611945667524506,bodyfat_kg,SERUM,0.8,MLP Regressor,BayesSearchCV,10.524969837450163,7.12711225326685,39.91501585291906,-0.04879289124388442,5036aab1b4aa499bab7dbc396f7a5da2,experiment_linear_bodyfat_kg
1153.230845752198,0.0023274593545540728,bodyfat_kg,SERUM,0.8,MLP Regressor,BayesSearchCV,10.524969837450163,7.12711225326685,39.91501585291906,-0.04879289124388442,5036aab1b4aa499bab7dbc396f7a5da2,experiment_linear_bodyfat_kg
1135.87452867566,0.0023149647968926227,bodyfat_kg,SERUM,0.8,MLP Regressor,BayesSearchCV,10.524969837450163,7.12711225326685,39.91501585291906,-0.04879289124388442,5036aab1b4aa499bab7dbc396f7a5da2,experiment_linear_bodyfat_kg
1155.159325427369,0.002310442687475177,bodyfat_kg,SERUM,0.8,MLP Regressor,BayesSearchCV,10.524969837450163,7.12711225326685,39.91501585291906,-0.04879289124388442,5036aab1b4aa499bab7dbc396f7a5da2,experiment_linear_bodyfat_kg
1056.806861993653,0.0022872749973627425,bodyfat_kg,SERUM,0.8,MLP Regressor,BayesSearchCV,10.524969837450163,7.12711225326685,39.91501585291906,-0.04879289124388442,5036aab1b4aa499bab7dbc396f7a5da2,experiment_linear_bodyfat_kg
1058.735341668824,0.0022836288384571147,bodyfat_kg,SERUM,0.8,MLP Regressor,BayesSearchCV,10.524969837450163,7.12711225326685,39.91501585291906,-0.04879289124388442,5036aab1b4aa499bab7dbc396f7a5da2,experiment_linear_bodyfat_kg
1054.878382318482,0.0022786659763083723,bodyfat_kg,SERUM,0.8,MLP Regressor,BayesSearchCV,10.524969837450163,7.12711225326685,39.91501585291906,-0.04879289124388442,5036aab1b4aa499bab7dbc396f7a5da2,experiment_linear_bodyfat_kg
1062.592301019166,0.0022784854142597678,bodyfat_kg,SERUM,0.8,MLP Regressor,BayesSearchCV,10.524969837450163,7.12711225326685,39.91501585291906,-0.04879289124388442,5036aab1b4aa499bab7dbc396f7a5da2,experiment_linear_bodyfat_kg
1064.520780694337,0.0022780369899139704,bodyfat_kg,SERUM,0.8,MLP Regressor,BayesSearchCV,10.524969837450163,7.12711225326685,39.91501585291906,-0.04879289124388442,5036aab1b4aa499bab7dbc396f7a5da2,experiment_linear_bodyfat_kg
1060.663821343995,0.002276626355582848,bodyfat_kg,SERUM,0.8,MLP Regressor,BayesSearchCV,10.524969837450163,7.12711225326685,39.91501585291906,-0.04879289124388442,5036aab1b4aa499bab7dbc396f7a5da2,experiment_linear_bodyfat_kg
1068.377740044679,0.0022732805822122245,bodyfat_kg,SERUM,0.8,MLP Regressor,BayesSearchCV,10.524969837450163,7.12711225326685,39.91501585291906,-0.04879289124388442,5036aab1b4aa499bab7dbc396f7a5da2,experiment_linear_bodyfat_kg
1066.449260369508,0.0022730151447670722,bodyfat_kg,SERUM,0.8,MLP Regressor,BayesSearchCV,10.524969837450163,7.12711225326685,39.91501585291906,-0.04879289124388442,5036aab1b4aa499bab7dbc396f7a5da2,experiment_linear_bodyfat_kg
1157.08780510254,0.0022703020575735398,bodyfat_kg,SERUM,0.8,MLP Regressor,BayesSearchCV,10.524969837450163,7.12711225326685,39.91501585291906,-0.04879289124388442,5036aab1b4aa499bab7dbc396f7a5da2,experiment_linear_bodyfat_kg
1594.852691366334,0.012634372368504898,bodyfat_kg,SERUM,0.8,MLP Regressor,BayesSearchCV,9.192591759487685,6.427674847626979,41.141708236402735,0.1999374123380392,5036aab1b4aa499bab7dbc396f7a5da2,experiment_linear_bodyfat_kg
1589.067252340822,0.012618444757003116,bodyfat_kg,SERUM,0.8,MLP Regressor,BayesSearchCV,9.192591759487685,6.427674847626979,41.141708236402735,0.1999374123380392,5036aab1b4aa499bab7dbc396f7a5da2,experiment_linear_bodyfat_kg
1604.495089742189,0.012556039886534963,bodyfat_kg,SERUM,0.8,MLP Regressor,BayesSearchCV,9.192591759487685,6.427674847626979,41.141708236402735,0.1999374123380392,5036aab1b4aa499bab7dbc396f7a5da2,experiment_linear_bodyfat_kg
1592.924211691163,0.010117540735656056,bodyfat_kg,SERUM,0.8,MLP Regressor,BayesSearchCV,9.192591759487685,6.427674847626979,41.141708236402735,0.1999374123380392,5036aab1b4aa499bab7dbc396f7a5da2,experiment_linear_bodyfat_kg
1596.781171041505,0.01000530070004069,bodyfat_kg,SERUM,0.8,MLP Regressor,BayesSearchCV,9.192591759487685,6.427674847626979,41.141708236402735,0.1999374123380392,5036aab1b4aa499bab7dbc396f7a5da2,experiment_linear_bodyfat_kg
1598.709650716676,0.009627517302075806,bodyfat_kg,SERUM,0.8,MLP Regressor,BayesSearchCV,9.192591759487685,6.427674847626979,41.141708236402735,0.1999374123380392,5036aab1b4aa499bab7dbc396f7a5da2,experiment_linear_bodyfat_kg
1600.638130391847,0.008089607705588007,bodyfat_kg,SERUM,0.8,MLP Regressor,BayesSearchCV,9.192591759487685,6.427674847626979,41.141708236402735,0.1999374123380392,5036aab1b4aa499bab7dbc396f7a5da2,experiment_linear_bodyfat_kg
1506.142626308473,0.0075133498192366255,bodyfat_kg,SERUM,0.8,MLP Regressor,BayesSearchCV,9.192591759487685,6.427674847626979,41.141708236402735,0.1999374123380392,5036aab1b4aa499bab7dbc396f7a5da2,experiment_linear_bodyfat_kg
1590.995732015992,0.0071574220925230475,bodyfat_kg,SERUM,0.8,MLP Regressor,BayesSearchCV,9.192591759487685,6.427674847626979,41.141708236402735,0.1999374123380392,5036aab1b4aa499bab7dbc396f7a5da2,experiment_linear_bodyfat_kg
1602.566610067018,0.006784475948184556,bodyfat_kg,SERUM,0.8,MLP Regressor,BayesSearchCV,9.192591759487685,6.427674847626979,41.141708236402735,0.1999374123380392,5036aab1b4aa499bab7dbc396f7a5da2,experiment_linear_bodyfat_kg
1583.281813315309,0.006564496217943145,bodyfat_kg,SERUM,0.8,MLP Regressor,BayesSearchCV,9.192591759487685,6.427674847626979,41.141708236402735,0.1999374123380392,5036aab1b4aa499bab7dbc396f7a5da2,experiment_linear_bodyfat_kg
1498.428707607789,0.00651156907428814,bodyfat_kg,SERUM,0.8,MLP Regressor,BayesSearchCV,9.192591759487685,6.427674847626979,41.141708236402735,0.1999374123380392,5036aab1b4aa499bab7dbc396f7a5da2,experiment_linear_bodyfat_kg
1833.984171087526,0.0064125811981987045,bodyfat_kg,SERUM,0.8,MLP Regressor,BayesSearchCV,9.192591759487685,6.427674847626979,41.141708236402735,0.1999374123380392,5036aab1b4aa499bab7dbc396f7a5da2,experiment_linear_bodyfat_kg
1610.280528767702,0.0061745823623773404,bodyfat_kg,SERUM,0.8,MLP Regressor,BayesSearchCV,9.192591759487685,6.427674847626979,41.141708236402735,0.1999374123380392,5036aab1b4aa499bab7dbc396f7a5da2,experiment_linear_bodyfat_kg
1546.640699487062,0.005560721026865692,bodyfat_kg,SERUM,0.8,MLP Regressor,BayesSearchCV,9.192591759487685,6.427674847626979,41.141708236402735,0.1999374123380392,5036aab1b4aa499bab7dbc396f7a5da2,experiment_linear_bodyfat_kg
1000.880951413697,0.005483127686377126,bodyfat_kg,SERUM,0.8,MLP Regressor,BayesSearchCV,9.192591759487685,6.427674847626979,41.141708236402735,0.1999374123380392,5036aab1b4aa499bab7dbc396f7a5da2,experiment_linear_bodyfat_kg
1619.922927143556,0.005478485753788681,bodyfat_kg,SERUM,0.8,MLP Regressor,BayesSearchCV,9.192591759487685,6.427674847626979,41.141708236402735,0.1999374123380392,5036aab1b4aa499bab7dbc396f7a5da2,experiment_linear_bodyfat_kg
1398.147764498902,0.005422988544794815,bodyfat_kg,SERUM,0.8,MLP Regressor,BayesSearchCV,9.192591759487685,6.427674847626979,41.141708236402735,0.1999374123380392,5036aab1b4aa499bab7dbc396f7a5da2,experiment_linear_bodyfat_kg
1504.214146633302,0.005375569631151178,bodyfat_kg,SERUM,0.8,MLP Regressor,BayesSearchCV,9.192591759487685,6.427674847626979,41.141708236402735,0.1999374123380392,5036aab1b4aa499bab7dbc396f7a5da2,experiment_linear_bodyfat_kg
1587.138772665651,0.005318725166931938,bodyfat_kg,SERUM,0.8,MLP Regressor,BayesSearchCV,9.192591759487685,6.427674847626979,41.141708236402735,0.1999374123380392,5036aab1b4aa499bab7dbc396f7a5da2,experiment_linear_bodyfat_kg
1047.164463617799,0.0035226516859560362,bodyfat_kg,SERUM,0.8,MLP Regressor,BayesSearchCV,9.452675809872705,6.591419658058632,42.99897098175383,0.15402497429577489,5036aab1b4aa499bab7dbc396f7a5da2,experiment_linear_bodyfat_kg
1049.092943292969,0.003513179973786693,bodyfat_kg,SERUM,0.8,MLP Regressor,BayesSearchCV,9.452675809872705,6.591419658058632,42.99897098175383,0.15402497429577489,5036aab1b4aa499bab7dbc396f7a5da2,experiment_linear_bodyfat_kg
1051.021422968141,0.00350440903280535,bodyfat_kg,SERUM,0.8,MLP Regressor,BayesSearchCV,9.452675809872705,6.591419658058632,42.99897098175383,0.15402497429577489,5036aab1b4aa499bab7dbc396f7a5da2,experiment_linear_bodyfat_kg
1045.235983942628,0.00350391877488965,bodyfat_kg,SERUM,0.8,MLP Regressor,BayesSearchCV,9.452675809872705,6.591419658058632,42.99897098175383,0.15402497429577489,5036aab1b4aa499bab7dbc396f7a5da2,experiment_linear_bodyfat_kg
1052.949902643312,0.0034800092178952436,bodyfat_kg,SERUM,0.8,MLP Regressor,BayesSearchCV,9.452675809872705,6.591419658058632,42.99897098175383,0.15402497429577489,5036aab1b4aa499bab7dbc396f7a5da2,experiment_linear_bodyfat_kg
1043.307504267457,0.0034447019299932045,bodyfat_kg,SERUM,0.8,MLP Regressor,BayesSearchCV,9.452675809872705,6.591419658058632,42.99897098175383,0.15402497429577489,5036aab1b4aa499bab7dbc396f7a5da2,experiment_linear_bodyfat_kg
1054.878382318482,0.0034257827489737524,bodyfat_kg,SERUM,0.8,MLP Regressor,BayesSearchCV,9.452675809872705,6.591419658058632,42.99897098175383,0.15402497429577489,5036aab1b4aa499bab7dbc396f7a5da2,experiment_linear_bodyfat_kg
1056.806861993653,0.003373778394998181,bodyfat_kg,SERUM,0.8,MLP Regressor,BayesSearchCV,9.452675809872705,6.591419658058632,42.99897098175383,0.15402497429577489,5036aab1b4aa499bab7dbc396f7a5da2,experiment_linear_bodyfat_kg
1041.379024592286,0.0033439264880502618,bodyfat_kg,SERUM,0.8,MLP Regressor,BayesSearchCV,9.452675809872705,6.591419658058632,42.99897098175383,0.15402497429577489,5036aab1b4aa499bab7dbc396f7a5da2,experiment_linear_bodyfat_kg
1058.735341668824,0.003321593808487542,bodyfat_kg,SERUM,0.8,MLP Regressor,BayesSearchCV,9.452675809872705,6.591419658058632,42.99897098175383,0.15402497429577489,5036aab1b4aa499bab7dbc396f7a5da2,experiment_linear_bodyfat_kg
1064.520780694337,0.003291408080472812,bodyfat_kg,SERUM,0.8,MLP Regressor,BayesSearchCV,9.452675809872705,6.591419658058632,42.99897098175383,0.15402497429577489,5036aab1b4aa499bab7dbc396f7a5da2,experiment_linear_bodyfat_kg
1066.449260369508,0.0032835742707006707,bodyfat_kg,SERUM,0.8,MLP Regressor,BayesSearchCV,9.452675809872705,6.591419658058632,42.99897098175383,0.15402497429577489,5036aab1b4aa499bab7dbc396f7a5da2,experiment_linear_bodyfat_kg
1068.377740044679,0.0032810207854608656,bodyfat_kg,SERUM,0.8,MLP Regressor,BayesSearchCV,9.452675809872705,6.591419658058632,42.99897098175383,0.15402497429577489,5036aab1b4aa499bab7dbc396f7a5da2,experiment_linear_bodyfat_kg
1062.592301019166,0.00328020387019218,bodyfat_kg,SERUM,0.8,MLP Regressor,BayesSearchCV,9.452675809872705,6.591419658058632,42.99897098175383,0.15402497429577489,5036aab1b4aa499bab7dbc396f7a5da2,experiment_linear_bodyfat_kg
1060.663821343995,0.003278739662498171,bodyfat_kg,SERUM,0.8,MLP Regressor,BayesSearchCV,9.452675809872705,6.591419658058632,42.99897098175383,0.15402497429577489,5036aab1b4aa499bab7dbc396f7a5da2,experiment_linear_bodyfat_kg
1070.306219719849,0.0032671015730480956,bodyfat_kg,SERUM,0.8,MLP Regressor,BayesSearchCV,9.452675809872705,6.591419658058632,42.99897098175383,0.15402497429577489,5036aab1b4aa499bab7dbc396f7a5da2,experiment_linear_bodyfat_kg
1072.23469939502,0.003230263646135832,bodyfat_kg,SERUM,0.8,MLP Regressor,BayesSearchCV,9.452675809872705,6.591419658058632,42.99897098175383,0.15402497429577489,5036aab1b4aa499bab7dbc396f7a5da2,experiment_linear_bodyfat_kg
1039.450544917115,0.003206466838738238,bodyfat_kg,SERUM,0.8,MLP Regressor,BayesSearchCV,9.452675809872705,6.591419658058632,42.99897098175383,0.15402497429577489,5036aab1b4aa499bab7dbc396f7a5da2,experiment_linear_bodyfat_kg
1074.163179070191,0.00318379215121655,bodyfat_kg,SERUM,0.8,MLP Regressor,BayesSearchCV,9.452675809872705,6.591419658058632,42.99897098175383,0.15402497429577489,5036aab1b4aa499bab7dbc396f7a5da2,experiment_linear_bodyfat_kg
1076.091658745362,0.0031156634225609093,bodyfat_kg,SERUM,0.8,MLP Regressor,BayesSearchCV,9.452675809872705,6.591419658058632,42.99897098175383,0.15402497429577489,5036aab1b4aa499bab7dbc396f7a5da2,experiment_linear_bodyfat_kg
1654.635561296632,0.010626269062509085,bodyfat_kg,SERUM,0.8,MLP Regressor,BayesSearchCV,10.43366556158062,7.106474334676858,44.92851026191991,-0.030675230034792778,5036aab1b4aa499bab7dbc396f7a5da2,experiment_linear_bodyfat_kg
1658.492520646974,0.009984945177390863,bodyfat_kg,SERUM,0.8,MLP Regressor,BayesSearchCV,10.43366556158062,7.106474334676858,44.92851026191991,-0.030675230034792778,5036aab1b4aa499bab7dbc396f7a5da2,experiment_linear_bodyfat_kg
1656.564040971803,0.009699781580030759,bodyfat_kg,SERUM,0.8,MLP Regressor,BayesSearchCV,10.43366556158062,7.106474334676858,44.92851026191991,-0.030675230034792778,5036aab1b4aa499bab7dbc396f7a5da2,experiment_linear_bodyfat_kg
1662.349479997316,0.009574185039389579,bodyfat_kg,SERUM,0.8,MLP Regressor,BayesSearchCV,10.43366556158062,7.106474334676858,44.92851026191991,-0.030675230034792778,5036aab1b4aa499bab7dbc396f7a5da2,experiment_linear_bodyfat_kg
1660.421000322145,0.009500757999006347,bodyfat_kg,SERUM,0.8,MLP Regressor,BayesSearchCV,10.43366556158062,7.106474334676858,44.92851026191991,-0.030675230034792778,5036aab1b4aa499bab7dbc396f7a5da2,experiment_linear_bodyfat_kg
1652.707081621461,0.009411048314662643,bodyfat_kg,SERUM,0.8,MLP Regressor,BayesSearchCV,10.43366556158062,7.106474334676858,44.92851026191991,-0.030675230034792778,5036aab1b4aa499bab7dbc396f7a5da2,experiment_linear_bodyfat_kg
1664.277959672487,0.007413094721090032,bodyfat_kg,SERUM,0.8,MLP Regressor,BayesSearchCV,10.43366556158062,7.106474334676858,44.92851026191991,-0.030675230034792778,5036aab1b4aa499bab7dbc396f7a5da2,experiment_linear_bodyfat_kg
1668.134919022829,0.007306693198825334,bodyfat_kg,SERUM,0.8,MLP Regressor,BayesSearchCV,10.43366556158062,7.106474334676858,44.92851026191991,-0.030675230034792778,5036aab1b4aa499bab7dbc396f7a5da2,experiment_linear_bodyfat_kg
1666.206439347658,0.006899695754375134,bodyfat_kg,SERUM,0.8,MLP Regressor,BayesSearchCV,10.43366556158062,7.106474334676858,44.92851026191991,-0.030675230034792778,5036aab1b4aa499bab7dbc396f7a5da2,experiment_linear_bodyfat_kg
1650.77860194629,0.005876693266369026,bodyfat_kg,SERUM,0.8,MLP Regressor,BayesSearchCV,10.43366556158062,7.106474334676858,44.92851026191991,-0.030675230034792778,5036aab1b4aa499bab7dbc396f7a5da2,experiment_linear_bodyfat_kg
1671.99187837317,0.005788865019568648,bodyfat_kg,SERUM,0.8,MLP Regressor,BayesSearchCV,10.43366556158062,7.106474334676858,44.92851026191991,-0.030675230034792778,5036aab1b4aa499bab7dbc396f7a5da2,experiment_linear_bodyfat_kg
1670.063398697999,0.005609195354202752,bodyfat_kg,SERUM,0.8,MLP Regressor,BayesSearchCV,10.43366556158062,7.106474334676858,44.92851026191991,-0.030675230034792778,5036aab1b4aa499bab7dbc396f7a5da2,experiment_linear_bodyfat_kg
1648.85012227112,0.00537236769860428,bodyfat_kg,SERUM,0.8,MLP Regressor,BayesSearchCV,10.43366556158062,7.106474334676858,44.92851026191991,-0.030675230034792778,5036aab1b4aa499bab7dbc396f7a5da2,experiment_linear_bodyfat_kg
1565.925496238771,0.004849001331453049,bodyfat_kg,SERUM,0.8,MLP Regressor,BayesSearchCV,10.43366556158062,7.106474334676858,44.92851026191991,-0.030675230034792778,5036aab1b4aa499bab7dbc396f7a5da2,experiment_linear_bodyfat_kg
1533.141341760865,0.0046253766940675956,bodyfat_kg,SERUM,0.8,MLP Regressor,BayesSearchCV,10.43366556158062,7.106474334676858,44.92851026191991,-0.030675230034792778,5036aab1b4aa499bab7dbc396f7a5da2,experiment_linear_bodyfat_kg
1531.212862085695,0.004618159727312239,bodyfat_kg,SERUM,0.8,MLP Regressor,BayesSearchCV,10.43366556158062,7.106474334676858,44.92851026191991,-0.030675230034792778,5036aab1b4aa499bab7dbc396f7a5da2,experiment_linear_bodyfat_kg
1673.920358048341,0.00447981437155481,bodyfat_kg,SERUM,0.8,MLP Regressor,BayesSearchCV,10.43366556158062,7.106474334676858,44.92851026191991,-0.030675230034792778,5036aab1b4aa499bab7dbc396f7a5da2,experiment_linear_bodyfat_kg
1569.782455589112,0.00426254416145777,bodyfat_kg,SERUM,0.8,MLP Regressor,BayesSearchCV,10.43366556158062,7.106474334676858,44.92851026191991,-0.030675230034792778,5036aab1b4aa499bab7dbc396f7a5da2,experiment_linear_bodyfat_kg
1527.355902735353,0.004217690853698569,bodyfat_kg,SERUM,0.8,MLP Regressor,BayesSearchCV,10.43366556158062,7.106474334676858,44.92851026191991,-0.030675230034792778,5036aab1b4aa499bab7dbc396f7a5da2,experiment_linear_bodyfat_kg
1571.710935264284,0.004151132871632927,bodyfat_kg,SERUM,0.8,MLP Regressor,BayesSearchCV,10.43366556158062,7.106474334676858,44.92851026191991,-0.030675230034792778,5036aab1b4aa499bab7dbc396f7a5da2,experiment_linear_bodyfat_kg
935.3126424578863,0.005159360001860867,bodyfat_kg,URINE,0.8,MLP Regressor,BayesSearchCV,11.29790286894127,8.781809009358886,51.31207044797353,-0.13532985275241272,5036aab1b4aa499bab7dbc396f7a5da2,experiment_linear_bodyfat_kg
933.3841627827155,0.004866268244135562,bodyfat_kg,URINE,0.8,MLP Regressor,BayesSearchCV,11.29790286894127,8.781809009358886,51.31207044797353,-0.13532985275241272,5036aab1b4aa499bab7dbc396f7a5da2,experiment_linear_bodyfat_kg
937.2411221330576,0.004831485486298334,bodyfat_kg,URINE,0.8,MLP Regressor,BayesSearchCV,11.29790286894127,8.781809009358886,51.31207044797353,-0.13532985275241272,5036aab1b4aa499bab7dbc396f7a5da2,experiment_linear_bodyfat_kg
944.9550408337414,0.00443062041645484,bodyfat_kg,URINE,0.8,MLP Regressor,BayesSearchCV,11.29790286894127,8.781809009358886,51.31207044797353,-0.13532985275241272,5036aab1b4aa499bab7dbc396f7a5da2,experiment_linear_bodyfat_kg
946.8835205089117,0.004338046784257639,bodyfat_kg,URINE,0.8,MLP Regressor,BayesSearchCV,11.29790286894127,8.781809009358886,51.31207044797353,-0.13532985275241272,5036aab1b4aa499bab7dbc396f7a5da2,experiment_linear_bodyfat_kg
943.0265611585701,0.004306697430666358,bodyfat_kg,URINE,0.8,MLP Regressor,BayesSearchCV,11.29790286894127,8.781809009358886,51.31207044797353,-0.13532985275241272,5036aab1b4aa499bab7dbc396f7a5da2,experiment_linear_bodyfat_kg
931.4556831075452,0.00425235896220068,bodyfat_kg,URINE,0.8,MLP Regressor,BayesSearchCV,11.29790286894127,8.781809009358886,51.31207044797353,-0.13532985275241272,5036aab1b4aa499bab7dbc396f7a5da2,experiment_linear_bodyfat_kg
939.1696018082284,0.004241823275513862,bodyfat_kg,URINE,0.8,MLP Regressor,BayesSearchCV,11.29790286894127,8.781809009358886,51.31207044797353,-0.13532985275241272,5036aab1b4aa499bab7dbc396f7a5da2,experiment_linear_bodyfat_kg
1776.129780832399,0.004168246279577953,bodyfat_kg,URINE,0.8,MLP Regressor,BayesSearchCV,11.29790286894127,8.781809009358886,51.31207044797353,-0.13532985275241272,5036aab1b4aa499bab7dbc396f7a5da2,experiment_linear_bodyfat_kg
941.0980814833993,0.004098694503377556,bodyfat_kg,URINE,0.8,MLP Regressor,BayesSearchCV,11.29790286894127,8.781809009358886,51.31207044797353,-0.13532985275241272,5036aab1b4aa499bab7dbc396f7a5da2,experiment_linear_bodyfat_kg
1774.201301157228,0.004098010184168622,bodyfat_kg,URINE,0.8,MLP Regressor,BayesSearchCV,11.29790286894127,8.781809009358886,51.31207044797353,-0.13532985275241272,5036aab1b4aa499bab7dbc396f7a5da2,experiment_linear_bodyfat_kg
1778.05826050757,0.00406152329139522,bodyfat_kg,URINE,0.8,MLP Regressor,BayesSearchCV,11.29790286894127,8.781809009358886,51.31207044797353,-0.13532985275241272,5036aab1b4aa499bab7dbc396f7a5da2,experiment_linear_bodyfat_kg
1772.272821482057,0.0040146648546550995,bodyfat_kg,URINE,0.8,MLP Regressor,BayesSearchCV,11.29790286894127,8.781809009358886,51.31207044797353,-0.13532985275241272,5036aab1b4aa499bab7dbc396f7a5da2,experiment_linear_bodyfat_kg
1770.344341806886,0.0039834802957372665,bodyfat_kg,URINE,0.8,MLP Regressor,BayesSearchCV,11.29790286894127,8.781809009358886,51.31207044797353,-0.13532985275241272,5036aab1b4aa499bab7dbc396f7a5da2,experiment_linear_bodyfat_kg
1779.986740182741,0.003964183125077706,bodyfat_kg,URINE,0.8,MLP Regressor,BayesSearchCV,11.29790286894127,8.781809009358886,51.31207044797353,-0.13532985275241272,5036aab1b4aa499bab7dbc396f7a5da2,experiment_linear_bodyfat_kg
948.812000184083,0.00388564766670029,bodyfat_kg,URINE,0.8,MLP Regressor,BayesSearchCV,11.29790286894127,8.781809009358886,51.31207044797353,-0.13532985275241272,5036aab1b4aa499bab7dbc396f7a5da2,experiment_linear_bodyfat_kg
1781.915219857912,0.003871228916953951,bodyfat_kg,URINE,0.8,MLP Regressor,BayesSearchCV,11.29790286894127,8.781809009358886,51.31207044797353,-0.13532985275241272,5036aab1b4aa499bab7dbc396f7a5da2,experiment_linear_bodyfat_kg
1768.415862131715,0.003791886908334474,bodyfat_kg,URINE,0.8,MLP Regressor,BayesSearchCV,11.29790286894127,8.781809009358886,51.31207044797353,-0.13532985275241272,5036aab1b4aa499bab7dbc396f7a5da2,experiment_linear_bodyfat_kg
1783.843699533082,0.0036776293144248585,bodyfat_kg,URINE,0.8,MLP Regressor,BayesSearchCV,11.29790286894127,8.781809009358886,51.31207044797353,-0.13532985275241272,5036aab1b4aa499bab7dbc396f7a5da2,experiment_linear_bodyfat_kg
1766.487382456544,0.0036679862883030566,bodyfat_kg,URINE,0.8,MLP Regressor,BayesSearchCV,11.29790286894127,8.781809009358886,51.31207044797353,-0.13532985275241272,5036aab1b4aa499bab7dbc396f7a5da2,experiment_linear_bodyfat_kg
2939.003024960452,0.006586385784554557,bodyfat_kg,URINE,0.8,MLP Regressor,BayesSearchCV,10.75154724233546,8.706634345297768,59.075465519091466,-0.028178028998361304,5036aab1b4aa499bab7dbc396f7a5da2,experiment_linear_bodyfat_kg
2940.931504635622,0.006154113674609014,bodyfat_kg,URINE,0.8,MLP Regressor,BayesSearchCV,10.75154724233546,8.706634345297768,59.075465519091466,-0.028178028998361304,5036aab1b4aa499bab7dbc396f7a5da2,experiment_linear_bodyfat_kg
2937.074545285281,0.005564969181811924,bodyfat_kg,URINE,0.8,MLP Regressor,BayesSearchCV,10.75154724233546,8.706634345297768,59.075465519091466,-0.028178028998361304,5036aab1b4aa499bab7dbc396f7a5da2,experiment_linear_bodyfat_kg
3045.069407094851,0.005436447782165529,bodyfat_kg,URINE,0.8,MLP Regressor,BayesSearchCV,10.75154724233546,8.706634345297768,59.075465519091466,-0.028178028998361304,5036aab1b4aa499bab7dbc396f7a5da2,experiment_linear_bodyfat_kg
2942.859984310793,0.005270525838321267,bodyfat_kg,URINE,0.8,MLP Regressor,BayesSearchCV,10.75154724233546,8.706634345297768,59.075465519091466,-0.028178028998361304,5036aab1b4aa499bab7dbc396f7a5da2,experiment_linear_bodyfat_kg
2935.146065610109,0.004768987894473372,bodyfat_kg,URINE,0.8,MLP Regressor,BayesSearchCV,10.75154724233546,8.706634345297768,59.075465519091466,-0.028178028998361304,5036aab1b4aa499bab7dbc396f7a5da2,experiment_linear_bodyfat_kg
2944.788463985964,0.004593696783183666,bodyfat_kg,URINE,0.8,MLP Regressor,BayesSearchCV,10.75154724233546,8.706634345297768,59.075465519091466,-0.028178028998361304,5036aab1b4aa499bab7dbc396f7a5da2,experiment_linear_bodyfat_kg
2946.716943661135,0.00456811001379021,bodyfat_kg,URINE,0.8,MLP Regressor,BayesSearchCV,10.75154724233546,8.706634345297768,59.075465519091466,-0.028178028998361304,5036aab1b4aa499bab7dbc396f7a5da2,experiment_linear_bodyfat_kg
3043.14092741968,0.004467720466574633,bodyfat_kg,URINE,0.8,MLP Regressor,BayesSearchCV,10.75154724233546,8.706634345297768,59.075465519091466,-0.028178028998361304,5036aab1b4aa499bab7dbc396f7a5da2,experiment_linear_bodyfat_kg
2952.502382686648,0.0043340822089263644,bodyfat_kg,URINE,0.8,MLP Regressor,BayesSearchCV,10.75154724233546,8.706634345297768,59.075465519091466,-0.028178028998361304,5036aab1b4aa499bab7dbc396f7a5da2,experiment_linear_bodyfat_kg
2950.573903011477,0.004332566179441713,bodyfat_kg,URINE,0.8,MLP Regressor,BayesSearchCV,10.75154724233546,8.706634345297768,59.075465519091466,-0.028178028998361304,5036aab1b4aa499bab7dbc396f7a5da2,experiment_linear_bodyfat_kg
1211.085236007325,0.004327760923899072,bodyfat_kg,URINE,0.8,MLP Regressor,BayesSearchCV,10.75154724233546,8.706634345297768,59.075465519091466,-0.028178028998361304,5036aab1b4aa499bab7dbc396f7a5da2,experiment_linear_bodyfat_kg
2960.216301387331,0.00430425278479342,bodyfat_kg,URINE,0.8,MLP Regressor,BayesSearchCV,10.75154724233546,8.706634345297768,59.075465519091466,-0.028178028998361304,5036aab1b4aa499bab7dbc396f7a5da2,experiment_linear_bodyfat_kg
2962.144781062502,0.004218116769782713,bodyfat_kg,URINE,0.8,MLP Regressor,BayesSearchCV,10.75154724233546,8.706634345297768,59.075465519091466,-0.028178028998361304,5036aab1b4aa499bab7dbc396f7a5da2,experiment_linear_bodyfat_kg
2948.645423336306,0.004203857150588237,bodyfat_kg,URINE,0.8,MLP Regressor,BayesSearchCV,10.75154724233546,8.706634345297768,59.075465519091466,-0.028178028998361304,5036aab1b4aa499bab7dbc396f7a5da2,experiment_linear_bodyfat_kg
2956.359342036989,0.004196967063385886,bodyfat_kg,URINE,0.8,MLP Regressor,BayesSearchCV,10.75154724233546,8.706634345297768,59.075465519091466,-0.028178028998361304,5036aab1b4aa499bab7dbc396f7a5da2,experiment_linear_bodyfat_kg
2958.287821712161,0.004035981040707854,bodyfat_kg,URINE,0.8,MLP Regressor,BayesSearchCV,10.75154724233546,8.706634345297768,59.075465519091466,-0.028178028998361304,5036aab1b4aa499bab7dbc396f7a5da2,experiment_linear_bodyfat_kg
2954.430862361819,0.004029242783046533,bodyfat_kg,URINE,0.8,MLP Regressor,BayesSearchCV,10.75154724233546,8.706634345297768,59.075465519091466,-0.028178028998361304,5036aab1b4aa499bab7dbc396f7a5da2,experiment_linear_bodyfat_kg
1209.156756332154,0.003985951257494276,bodyfat_kg,URINE,0.8,MLP Regressor,BayesSearchCV,10.75154724233546,8.706634345297768,59.075465519091466,-0.028178028998361304,5036aab1b4aa499bab7dbc396f7a5da2,experiment_linear_bodyfat_kg
1465.644553129884,0.003955918847962435,bodyfat_kg,URINE,0.8,MLP Regressor,BayesSearchCV,10.75154724233546,8.706634345297768,59.075465519091466,-0.028178028998361304,5036aab1b4aa499bab7dbc396f7a5da2,experiment_linear_bodyfat_kg
935.3126424578863,0.0048466038364283264,bodyfat_kg,URINE,0.8,MLP Regressor,BayesSearchCV,11.11732132081366,8.777379266310259,52.84281638049283,-0.09932650850928981,5036aab1b4aa499bab7dbc396f7a5da2,experiment_linear_bodyfat_kg
933.3841627827155,0.0045885613908531915,bodyfat_kg,URINE,0.8,MLP Regressor,BayesSearchCV,11.11732132081366,8.777379266310259,52.84281638049283,-0.09932650850928981,5036aab1b4aa499bab7dbc396f7a5da2,experiment_linear_bodyfat_kg
937.2411221330576,0.004546940818655343,bodyfat_kg,URINE,0.8,MLP Regressor,BayesSearchCV,11.11732132081366,8.777379266310259,52.84281638049283,-0.09932650850928981,5036aab1b4aa499bab7dbc396f7a5da2,experiment_linear_bodyfat_kg
944.9550408337414,0.0042083171844378535,bodyfat_kg,URINE,0.8,MLP Regressor,BayesSearchCV,11.11732132081366,8.777379266310259,52.84281638049283,-0.09932650850928981,5036aab1b4aa499bab7dbc396f7a5da2,experiment_linear_bodyfat_kg
946.8835205089117,0.004133335340157302,bodyfat_kg,URINE,0.8,MLP Regressor,BayesSearchCV,11.11732132081366,8.777379266310259,52.84281638049283,-0.09932650850928981,5036aab1b4aa499bab7dbc396f7a5da2,experiment_linear_bodyfat_kg
943.0265611585701,0.004088922935732286,bodyfat_kg,URINE,0.8,MLP Regressor,BayesSearchCV,11.11732132081366,8.777379266310259,52.84281638049283,-0.09932650850928981,5036aab1b4aa499bab7dbc396f7a5da2,experiment_linear_bodyfat_kg
931.4556831075452,0.004033257555397121,bodyfat_kg,URINE,0.8,MLP Regressor,BayesSearchCV,11.11732132081366,8.777379266310259,52.84281638049283,-0.09932650850928981,5036aab1b4aa499bab7dbc396f7a5da2,experiment_linear_bodyfat_kg
939.1696018082284,0.004015629141297996,bodyfat_kg,URINE,0.8,MLP Regressor,BayesSearchCV,11.11732132081366,8.777379266310259,52.84281638049283,-0.09932650850928981,5036aab1b4aa499bab7dbc396f7a5da2,experiment_linear_bodyfat_kg
1776.129780832399,0.004006765820082348,bodyfat_kg,URINE,0.8,MLP Regressor,BayesSearchCV,11.11732132081366,8.777379266310259,52.84281638049283,-0.09932650850928981,5036aab1b4aa499bab7dbc396f7a5da2,experiment_linear_bodyfat_kg
1774.201301157228,0.00393109658219913,bodyfat_kg,URINE,0.8,MLP Regressor,BayesSearchCV,11.11732132081366,8.777379266310259,52.84281638049283,-0.09932650850928981,5036aab1b4aa499bab7dbc396f7a5da2,experiment_linear_bodyfat_kg
1778.05826050757,0.003922967731420959,bodyfat_kg,URINE,0.8,MLP Regressor,BayesSearchCV,11.11732132081366,8.777379266310259,52.84281638049283,-0.09932650850928981,5036aab1b4aa499bab7dbc396f7a5da2,experiment_linear_bodyfat_kg
941.0980814833993,0.003892345943483936,bodyfat_kg,URINE,0.8,MLP Regressor,BayesSearchCV,11.11732132081366,8.777379266310259,52.84281638049283,-0.09932650850928981,5036aab1b4aa499bab7dbc396f7a5da2,experiment_linear_bodyfat_kg
1779.986740182741,0.0038492116691843862,bodyfat_kg,URINE,0.8,MLP Regressor,BayesSearchCV,11.11732132081366,8.777379266310259,52.84281638049283,-0.09932650850928981,5036aab1b4aa499bab7dbc396f7a5da2,experiment_linear_bodyfat_kg
1772.272821482057,0.003846271159352069,bodyfat_kg,URINE,0.8,MLP Regressor,BayesSearchCV,11.11732132081366,8.777379266310259,52.84281638049283,-0.09932650850928981,5036aab1b4aa499bab7dbc396f7a5da2,experiment_linear_bodyfat_kg
1770.344341806886,0.0038113610797610884,bodyfat_kg,URINE,0.8,MLP Regressor,BayesSearchCV,11.11732132081366,8.777379266310259,52.84281638049283,-0.09932650850928981,5036aab1b4aa499bab7dbc396f7a5da2,experiment_linear_bodyfat_kg
1781.915219857912,0.003779104117460273,bodyfat_kg,URINE,0.8,MLP Regressor,BayesSearchCV,11.11732132081366,8.777379266310259,52.84281638049283,-0.09932650850928981,5036aab1b4aa499bab7dbc396f7a5da2,experiment_linear_bodyfat_kg
948.812000184083,0.003735043186180662,bodyfat_kg,URINE,0.8,MLP Regressor,BayesSearchCV,11.11732132081366,8.777379266310259,52.84281638049283,-0.09932650850928981,5036aab1b4aa499bab7dbc396f7a5da2,experiment_linear_bodyfat_kg
1768.415862131715,0.0036303646057669905,bodyfat_kg,URINE,0.8,MLP Regressor,BayesSearchCV,11.11732132081366,8.777379266310259,52.84281638049283,-0.09932650850928981,5036aab1b4aa499bab7dbc396f7a5da2,experiment_linear_bodyfat_kg
1783.843699533082,0.0036148312625104433,bodyfat_kg,URINE,0.8,MLP Regressor,BayesSearchCV,11.11732132081366,8.777379266310259,52.84281638049283,-0.09932650850928981,5036aab1b4aa499bab7dbc396f7a5da2,experiment_linear_bodyfat_kg
1766.487382456544,0.0035124378982761724,bodyfat_kg,URINE,0.8,MLP Regressor,BayesSearchCV,11.11732132081366,8.777379266310259,52.84281638049283,-0.09932650850928981,5036aab1b4aa499bab7dbc396f7a5da2,experiment_linear_bodyfat_kg
1469.501512480226,0.0072751224904671445,bodyfat_kg,URINE,0.8,MLP Regressor,BayesSearchCV,11.183279571933383,9.088137146123817,55.97714287784491,-0.11240965129855618,5036aab1b4aa499bab7dbc396f7a5da2,experiment_linear_bodyfat_kg
1461.787593779542,0.007199870528084869,bodyfat_kg,URINE,0.8,MLP Regressor,BayesSearchCV,11.183279571933383,9.088137146123817,55.97714287784491,-0.11240965129855618,5036aab1b4aa499bab7dbc396f7a5da2,experiment_linear_bodyfat_kg
1473.358471830568,0.006972995853515296,bodyfat_kg,URINE,0.8,MLP Regressor,BayesSearchCV,11.183279571933383,9.088137146123817,55.97714287784491,-0.11240965129855618,5036aab1b4aa499bab7dbc396f7a5da2,experiment_linear_bodyfat_kg
1490.714788907106,0.006889714632662019,bodyfat_kg,URINE,0.8,MLP Regressor,BayesSearchCV,11.183279571933383,9.088137146123817,55.97714287784491,-0.11240965129855618,5036aab1b4aa499bab7dbc396f7a5da2,experiment_linear_bodyfat_kg
1471.429992155397,0.006771991334940971,bodyfat_kg,URINE,0.8,MLP Regressor,BayesSearchCV,11.183279571933383,9.088137146123817,55.97714287784491,-0.11240965129855618,5036aab1b4aa499bab7dbc396f7a5da2,experiment_linear_bodyfat_kg
1467.573032805055,0.006744633796240145,bodyfat_kg,URINE,0.8,MLP Regressor,BayesSearchCV,11.183279571933383,9.088137146123817,55.97714287784491,-0.11240965129855618,5036aab1b4aa499bab7dbc396f7a5da2,experiment_linear_bodyfat_kg
1459.859114104371,0.006652315324988368,bodyfat_kg,URINE,0.8,MLP Regressor,BayesSearchCV,11.183279571933383,9.088137146123817,55.97714287784491,-0.11240965129855618,5036aab1b4aa499bab7dbc396f7a5da2,experiment_linear_bodyfat_kg
1463.716073454713,0.006629480015045995,bodyfat_kg,URINE,0.8,MLP Regressor,BayesSearchCV,11.183279571933383,9.088137146123817,55.97714287784491,-0.11240965129855618,5036aab1b4aa499bab7dbc396f7a5da2,experiment_linear_bodyfat_kg
1479.14391085608,0.006424104213208547,bodyfat_kg,URINE,0.8,MLP Regressor,BayesSearchCV,11.183279571933383,9.088137146123817,55.97714287784491,-0.11240965129855618,5036aab1b4aa499bab7dbc396f7a5da2,experiment_linear_bodyfat_kg
1457.930634429201,0.006351227655441437,bodyfat_kg,URINE,0.8,MLP Regressor,BayesSearchCV,11.183279571933383,9.088137146123817,55.97714287784491,-0.11240965129855618,5036aab1b4aa499bab7dbc396f7a5da2,experiment_linear_bodyfat_kg
1465.644553129884,0.006235112191230266,bodyfat_kg,URINE,0.8,MLP Regressor,BayesSearchCV,11.183279571933383,9.088137146123817,55.97714287784491,-0.11240965129855618,5036aab1b4aa499bab7dbc396f7a5da2,experiment_linear_bodyfat_kg
1448.288236053346,0.006185035905556467,bodyfat_kg,URINE,0.8,MLP Regressor,BayesSearchCV,11.183279571933383,9.088137146123817,55.97714287784491,-0.11240965129855618,5036aab1b4aa499bab7dbc396f7a5da2,experiment_linear_bodyfat_kg
1475.286951505739,0.006111691727980477,bodyfat_kg,URINE,0.8,MLP Regressor,BayesSearchCV,11.183279571933383,9.088137146123817,55.97714287784491,-0.11240965129855618,5036aab1b4aa499bab7dbc396f7a5da2,experiment_linear_bodyfat_kg
1481.072390531251,0.006033685121565997,bodyfat_kg,URINE,0.8,MLP Regressor,BayesSearchCV,11.183279571933383,9.088137146123817,55.97714287784491,-0.11240965129855618,5036aab1b4aa499bab7dbc396f7a5da2,experiment_linear_bodyfat_kg
1492.643268582277,0.005926027821692243,bodyfat_kg,URINE,0.8,MLP Regressor,BayesSearchCV,11.183279571933383,9.088137146123817,55.97714287784491,-0.11240965129855618,5036aab1b4aa499bab7dbc396f7a5da2,experiment_linear_bodyfat_kg
1488.786309231935,0.005924805675131423,bodyfat_kg,URINE,0.8,MLP Regressor,BayesSearchCV,11.183279571933383,9.088137146123817,55.97714287784491,-0.11240965129855618,5036aab1b4aa499bab7dbc396f7a5da2,experiment_linear_bodyfat_kg
1450.216715728517,0.0058832255220652,bodyfat_kg,URINE,0.8,MLP Regressor,BayesSearchCV,11.183279571933383,9.088137146123817,55.97714287784491,-0.11240965129855618,5036aab1b4aa499bab7dbc396f7a5da2,experiment_linear_bodyfat_kg
1456.00215475403,0.005870504420675023,bodyfat_kg,URINE,0.8,MLP Regressor,BayesSearchCV,11.183279571933383,9.088137146123817,55.97714287784491,-0.11240965129855618,5036aab1b4aa499bab7dbc396f7a5da2,experiment_linear_bodyfat_kg
1454.073675078859,0.005867273979634426,bodyfat_kg,URINE,0.8,MLP Regressor,BayesSearchCV,11.183279571933383,9.088137146123817,55.97714287784491,-0.11240965129855618,5036aab1b4aa499bab7dbc396f7a5da2,experiment_linear_bodyfat_kg
1486.857829556764,0.005856199029036982,bodyfat_kg,URINE,0.8,MLP Regressor,BayesSearchCV,11.183279571933383,9.088137146123817,55.97714287784491,-0.11240965129855618,5036aab1b4aa499bab7dbc396f7a5da2,experiment_linear_bodyfat_kg
1602.566610067018,0.015432756589886831,bodyfat_kg,CAPILAR,0.8,Random Forest Regressor,BayesSearchCV,8.457827644273326,6.6694536306517564,44.082661660234145,0.15263896901839258,5036aab1b4aa499bab7dbc396f7a5da2,experiment_linear_bodyfat_kg
1641.136203570436,0.01127811256338228,bodyfat_kg,CAPILAR,0.8,Random Forest Regressor,BayesSearchCV,8.457827644273326,6.6694536306517564,44.082661660234145,0.15263896901839258,5036aab1b4aa499bab7dbc396f7a5da2,experiment_linear_bodyfat_kg
1639.207723895265,0.010427239714116087,bodyfat_kg,CAPILAR,0.8,Random Forest Regressor,BayesSearchCV,8.457827644273326,6.6694536306517564,44.082661660234145,0.15263896901839258,5036aab1b4aa499bab7dbc396f7a5da2,experiment_linear_bodyfat_kg
1604.495089742189,0.009957398429757515,bodyfat_kg,CAPILAR,0.8,Random Forest Regressor,BayesSearchCV,8.457827644273326,6.6694536306517564,44.082661660234145,0.15263896901839258,5036aab1b4aa499bab7dbc396f7a5da2,experiment_linear_bodyfat_kg
1600.638130391847,0.008865699176244184,bodyfat_kg,CAPILAR,0.8,Random Forest Regressor,BayesSearchCV,8.457827644273326,6.6694536306517564,44.082661660234145,0.15263896901839258,5036aab1b4aa499bab7dbc396f7a5da2,experiment_linear_bodyfat_kg
1637.279244220094,0.008498809201786419,bodyfat_kg,CAPILAR,0.8,Random Forest Regressor,BayesSearchCV,8.457827644273326,6.6694536306517564,44.082661660234145,0.15263896901839258,5036aab1b4aa499bab7dbc396f7a5da2,experiment_linear_bodyfat_kg
1643.064683245607,0.008358767234507675,bodyfat_kg,CAPILAR,0.8,Random Forest Regressor,BayesSearchCV,8.457827644273326,6.6694536306517564,44.082661660234145,0.15263896901839258,5036aab1b4aa499bab7dbc396f7a5da2,experiment_linear_bodyfat_kg
1635.350764544923,0.007149126464374758,bodyfat_kg,CAPILAR,0.8,Random Forest Regressor,BayesSearchCV,8.457827644273326,6.6694536306517564,44.082661660234145,0.15263896901839258,5036aab1b4aa499bab7dbc396f7a5da2,experiment_linear_bodyfat_kg
1606.42356941736,0.0069381885554986355,bodyfat_kg,CAPILAR,0.8,Random Forest Regressor,BayesSearchCV,8.457827644273326,6.6694536306517564,44.082661660234145,0.15263896901839258,5036aab1b4aa499bab7dbc396f7a5da2,experiment_linear_bodyfat_kg
1633.422284869752,0.00639845173829763,bodyfat_kg,CAPILAR,0.8,Random Forest Regressor,BayesSearchCV,8.457827644273326,6.6694536306517564,44.082661660234145,0.15263896901839258,5036aab1b4aa499bab7dbc396f7a5da2,experiment_linear_bodyfat_kg
1631.493805194581,0.005707074918980014,bodyfat_kg,CAPILAR,0.8,Random Forest Regressor,BayesSearchCV,8.457827644273326,6.6694536306517564,44.082661660234145,0.15263896901839258,5036aab1b4aa499bab7dbc396f7a5da2,experiment_linear_bodyfat_kg
1608.35204909253,0.0055047279082172185,bodyfat_kg,CAPILAR,0.8,Random Forest Regressor,BayesSearchCV,8.457827644273326,6.6694536306517564,44.082661660234145,0.15263896901839258,5036aab1b4aa499bab7dbc396f7a5da2,experiment_linear_bodyfat_kg
1629.56532551941,0.004927655589413849,bodyfat_kg,CAPILAR,0.8,Random Forest Regressor,BayesSearchCV,8.457827644273326,6.6694536306517564,44.082661660234145,0.15263896901839258,5036aab1b4aa499bab7dbc396f7a5da2,experiment_linear_bodyfat_kg
1610.280528767702,0.004926948327496864,bodyfat_kg,CAPILAR,0.8,Random Forest Regressor,BayesSearchCV,8.457827644273326,6.6694536306517564,44.082661660234145,0.15263896901839258,5036aab1b4aa499bab7dbc396f7a5da2,experiment_linear_bodyfat_kg
1355.721211645143,0.004735576380975438,bodyfat_kg,CAPILAR,0.8,Random Forest Regressor,BayesSearchCV,8.457827644273326,6.6694536306517564,44.082661660234145,0.15263896901839258,5036aab1b4aa499bab7dbc396f7a5da2,experiment_linear_bodyfat_kg
1357.649691320314,0.004732245503740944,bodyfat_kg,CAPILAR,0.8,Random Forest Regressor,BayesSearchCV,8.457827644273326,6.6694536306517564,44.082661660234145,0.15263896901839258,5036aab1b4aa499bab7dbc396f7a5da2,experiment_linear_bodyfat_kg
1612.209008442873,0.00470218110997454,bodyfat_kg,CAPILAR,0.8,Random Forest Regressor,BayesSearchCV,8.457827644273326,6.6694536306517564,44.082661660234145,0.15263896901839258,5036aab1b4aa499bab7dbc396f7a5da2,experiment_linear_bodyfat_kg
1614.137488118043,0.004476356021725434,bodyfat_kg,CAPILAR,0.8,Random Forest Regressor,BayesSearchCV,8.457827644273326,6.6694536306517564,44.082661660234145,0.15263896901839258,5036aab1b4aa499bab7dbc396f7a5da2,experiment_linear_bodyfat_kg
1359.578170995484,0.004451446083806885,bodyfat_kg,CAPILAR,0.8,Random Forest Regressor,BayesSearchCV,8.457827644273326,6.6694536306517564,44.082661660234145,0.15263896901839258,5036aab1b4aa499bab7dbc396f7a5da2,experiment_linear_bodyfat_kg
1353.792731969972,0.004447165877906124,bodyfat_kg,CAPILAR,0.8,Random Forest Regressor,BayesSearchCV,8.457827644273326,6.6694536306517564,44.082661660234145,0.15263896901839258,5036aab1b4aa499bab7dbc396f7a5da2,experiment_linear_bodyfat_kg
1637.279244220094,0.23081033401107087,bodyfat_kg,CAPILAR,0.8,Random Forest Regressor,BayesSearchCV,9.46661324991405,7.467058173650715,45.9026965738558,-0.06154912220194997,5036aab1b4aa499bab7dbc396f7a5da2,experiment_linear_bodyfat_kg
1639.207723895265,0.06987380859272768,bodyfat_kg,CAPILAR,0.8,Random Forest Regressor,BayesSearchCV,9.46661324991405,7.467058173650715,45.9026965738558,-0.06154912220194997,5036aab1b4aa499bab7dbc396f7a5da2,experiment_linear_bodyfat_kg
1712.489951551759,0.0546734754094712,bodyfat_kg,CAPILAR,0.8,Random Forest Regressor,BayesSearchCV,9.46661324991405,7.467058173650715,45.9026965738558,-0.06154912220194997,5036aab1b4aa499bab7dbc396f7a5da2,experiment_linear_bodyfat_kg
1631.493805194581,0.03741234298014384,bodyfat_kg,CAPILAR,0.8,Random Forest Regressor,BayesSearchCV,9.46661324991405,7.467058173650715,45.9026965738558,-0.06154912220194997,5036aab1b4aa499bab7dbc396f7a5da2,experiment_linear_bodyfat_kg
1598.709650716676,0.03287091251499873,bodyfat_kg,CAPILAR,0.8,Random Forest Regressor,BayesSearchCV,9.46661324991405,7.467058173650715,45.9026965738558,-0.06154912220194997,5036aab1b4aa499bab7dbc396f7a5da2,experiment_linear_bodyfat_kg
1633.422284869752,0.027223332141784327,bodyfat_kg,CAPILAR,0.8,Random Forest Regressor,BayesSearchCV,9.46661324991405,7.467058173650715,45.9026965738558,-0.06154912220194997,5036aab1b4aa499bab7dbc396f7a5da2,experiment_linear_bodyfat_kg
2501.238138696657,0.02693146728418708,bodyfat_kg,CAPILAR,0.8,Random Forest Regressor,BayesSearchCV,9.46661324991405,7.467058173650715,45.9026965738558,-0.06154912220194997,5036aab1b4aa499bab7dbc396f7a5da2,experiment_linear_bodyfat_kg
2503.166618371828,0.02074900835233264,bodyfat_kg,CAPILAR,0.8,Random Forest Regressor,BayesSearchCV,9.46661324991405,7.467058173650715,45.9026965738558,-0.06154912220194997,5036aab1b4aa499bab7dbc396f7a5da2,experiment_linear_bodyfat_kg
1635.350764544923,0.017509766175653942,bodyfat_kg,CAPILAR,0.8,Random Forest Regressor,BayesSearchCV,9.46661324991405,7.467058173650715,45.9026965738558,-0.06154912220194997,5036aab1b4aa499bab7dbc396f7a5da2,experiment_linear_bodyfat_kg
1228.441553083863,0.017331125696122263,bodyfat_kg,CAPILAR,0.8,Random Forest Regressor,BayesSearchCV,9.46661324991405,7.467058173650715,45.9026965738558,-0.06154912220194997,5036aab1b4aa499bab7dbc396f7a5da2,experiment_linear_bodyfat_kg
1373.077528721681,0.016222964370449053,bodyfat_kg,CAPILAR,0.8,Random Forest Regressor,BayesSearchCV,9.46661324991405,7.467058173650715,45.9026965738558,-0.06154912220194997,5036aab1b4aa499bab7dbc396f7a5da2,experiment_linear_bodyfat_kg
1232.298512434205,0.013757801657436225,bodyfat_kg,CAPILAR,0.8,Random Forest Regressor,BayesSearchCV,9.46661324991405,7.467058173650715,45.9026965738558,-0.06154912220194997,5036aab1b4aa499bab7dbc396f7a5da2,experiment_linear_bodyfat_kg
944.9550408337414,0.013149965082692672,bodyfat_kg,CAPILAR,0.8,Random Forest Regressor,BayesSearchCV,9.46661324991405,7.467058173650715,45.9026965738558,-0.06154912220194997,5036aab1b4aa499bab7dbc396f7a5da2,experiment_linear_bodyfat_kg
2526.308374473879,0.013025776001709248,bodyfat_kg,CAPILAR,0.8,Random Forest Regressor,BayesSearchCV,9.46661324991405,7.467058173650715,45.9026965738558,-0.06154912220194997,5036aab1b4aa499bab7dbc396f7a5da2,experiment_linear_bodyfat_kg
1376.934488072023,0.01249672780537878,bodyfat_kg,CAPILAR,0.8,Random Forest Regressor,BayesSearchCV,9.46661324991405,7.467058173650715,45.9026965738558,-0.06154912220194997,5036aab1b4aa499bab7dbc396f7a5da2,experiment_linear_bodyfat_kg
1257.368748211427,0.011547850829568765,bodyfat_kg,CAPILAR,0.8,Random Forest Regressor,BayesSearchCV,9.46661324991405,7.467058173650715,45.9026965738558,-0.06154912220194997,5036aab1b4aa499bab7dbc396f7a5da2,experiment_linear_bodyfat_kg
1145.516927051515,0.01139566406665109,bodyfat_kg,CAPILAR,0.8,Random Forest Regressor,BayesSearchCV,9.46661324991405,7.467058173650715,45.9026965738558,-0.06154912220194997,5036aab1b4aa499bab7dbc396f7a5da2,experiment_linear_bodyfat_kg
1627.63684584424,0.011348056093585015,bodyfat_kg,CAPILAR,0.8,Random Forest Regressor,BayesSearchCV,9.46661324991405,7.467058173650715,45.9026965738558,-0.06154912220194997,5036aab1b4aa499bab7dbc396f7a5da2,experiment_linear_bodyfat_kg
1041.379024592286,0.011345023356498509,bodyfat_kg,CAPILAR,0.8,Random Forest Regressor,BayesSearchCV,9.46661324991405,7.467058173650715,45.9026965738558,-0.06154912220194997,5036aab1b4aa499bab7dbc396f7a5da2,experiment_linear_bodyfat_kg
1186.015000230103,0.010807779197703014,bodyfat_kg,CAPILAR,0.8,Random Forest Regressor,BayesSearchCV,9.46661324991405,7.467058173650715,45.9026965738558,-0.06154912220194997,5036aab1b4aa499bab7dbc396f7a5da2,experiment_linear_bodyfat_kg
1602.566610067018,0.014235175109816301,bodyfat_kg,CAPILAR,0.8,Random Forest Regressor,BayesSearchCV,8.40354694419224,6.61774836370156,43.80437153912595,0.16348046574462072,5036aab1b4aa499bab7dbc396f7a5da2,experiment_linear_bodyfat_kg
1641.136203570436,0.010819114203270506,bodyfat_kg,CAPILAR,0.8,Random Forest Regressor,BayesSearchCV,8.40354694419224,6.61774836370156,43.80437153912595,0.16348046574462072,5036aab1b4aa499bab7dbc396f7a5da2,experiment_linear_bodyfat_kg
1639.207723895265,0.010010531797255164,bodyfat_kg,CAPILAR,0.8,Random Forest Regressor,BayesSearchCV,8.40354694419224,6.61774836370156,43.80437153912595,0.16348046574462072,5036aab1b4aa499bab7dbc396f7a5da2,experiment_linear_bodyfat_kg
1604.495089742189,0.009320942817034519,bodyfat_kg,CAPILAR,0.8,Random Forest Regressor,BayesSearchCV,8.40354694419224,6.61774836370156,43.80437153912595,0.16348046574462072,5036aab1b4aa499bab7dbc396f7a5da2,experiment_linear_bodyfat_kg
1637.279244220094,0.008152634463823479,bodyfat_kg,CAPILAR,0.8,Random Forest Regressor,BayesSearchCV,8.40354694419224,6.61774836370156,43.80437153912595,0.16348046574462072,5036aab1b4aa499bab7dbc396f7a5da2,experiment_linear_bodyfat_kg
1600.638130391847,0.008054148198533782,bodyfat_kg,CAPILAR,0.8,Random Forest Regressor,BayesSearchCV,8.40354694419224,6.61774836370156,43.80437153912595,0.16348046574462072,5036aab1b4aa499bab7dbc396f7a5da2,experiment_linear_bodyfat_kg
1643.064683245607,0.008005449714853298,bodyfat_kg,CAPILAR,0.8,Random Forest Regressor,BayesSearchCV,8.40354694419224,6.61774836370156,43.80437153912595,0.16348046574462072,5036aab1b4aa499bab7dbc396f7a5da2,experiment_linear_bodyfat_kg
1635.350764544923,0.00686201721193433,bodyfat_kg,CAPILAR,0.8,Random Forest Regressor,BayesSearchCV,8.40354694419224,6.61774836370156,43.80437153912595,0.16348046574462072,5036aab1b4aa499bab7dbc396f7a5da2,experiment_linear_bodyfat_kg
1606.42356941736,0.006553112652836871,bodyfat_kg,CAPILAR,0.8,Random Forest Regressor,BayesSearchCV,8.40354694419224,6.61774836370156,43.80437153912595,0.16348046574462072,5036aab1b4aa499bab7dbc396f7a5da2,experiment_linear_bodyfat_kg
1633.422284869752,0.006162109154509614,bodyfat_kg,CAPILAR,0.8,Random Forest Regressor,BayesSearchCV,8.40354694419224,6.61774836370156,43.80437153912595,0.16348046574462072,5036aab1b4aa499bab7dbc396f7a5da2,experiment_linear_bodyfat_kg
1631.493805194581,0.005515802175360163,bodyfat_kg,CAPILAR,0.8,Random Forest Regressor,BayesSearchCV,8.40354694419224,6.61774836370156,43.80437153912595,0.16348046574462072,5036aab1b4aa499bab7dbc396f7a5da2,experiment_linear_bodyfat_kg
1608.35204909253,0.005223732670140374,bodyfat_kg,CAPILAR,0.8,Random Forest Regressor,BayesSearchCV,8.40354694419224,6.61774836370156,43.80437153912595,0.16348046574462072,5036aab1b4aa499bab7dbc396f7a5da2,experiment_linear_bodyfat_kg
1629.56532551941,0.004779208438691188,bodyfat_kg,CAPILAR,0.8,Random Forest Regressor,BayesSearchCV,8.40354694419224,6.61774836370156,43.80437153912595,0.16348046574462072,5036aab1b4aa499bab7dbc396f7a5da2,experiment_linear_bodyfat_kg
1610.280528767702,0.004693497096499452,bodyfat_kg,CAPILAR,0.8,Random Forest Regressor,BayesSearchCV,8.40354694419224,6.61774836370156,43.80437153912595,0.16348046574462072,5036aab1b4aa499bab7dbc396f7a5da2,experiment_linear_bodyfat_kg
1612.209008442873,0.00449958598892914,bodyfat_kg,CAPILAR,0.8,Random Forest Regressor,BayesSearchCV,8.40354694419224,6.61774836370156,43.80437153912595,0.16348046574462072,5036aab1b4aa499bab7dbc396f7a5da2,experiment_linear_bodyfat_kg
1614.137488118043,0.004305007613407272,bodyfat_kg,CAPILAR,0.8,Random Forest Regressor,BayesSearchCV,8.40354694419224,6.61774836370156,43.80437153912595,0.16348046574462072,5036aab1b4aa499bab7dbc396f7a5da2,experiment_linear_bodyfat_kg
1064.520780694337,0.004214359061258394,bodyfat_kg,CAPILAR,0.8,Random Forest Regressor,BayesSearchCV,8.40354694419224,6.61774836370156,43.80437153912595,0.16348046574462072,5036aab1b4aa499bab7dbc396f7a5da2,experiment_linear_bodyfat_kg
1357.649691320314,0.004207157123822908,bodyfat_kg,CAPILAR,0.8,Random Forest Regressor,BayesSearchCV,8.40354694419224,6.61774836370156,43.80437153912595,0.16348046574462072,5036aab1b4aa499bab7dbc396f7a5da2,experiment_linear_bodyfat_kg
1355.721211645143,0.004202254169488896,bodyfat_kg,CAPILAR,0.8,Random Forest Regressor,BayesSearchCV,8.40354694419224,6.61774836370156,43.80437153912595,0.16348046574462072,5036aab1b4aa499bab7dbc396f7a5da2,experiment_linear_bodyfat_kg
998.9524717385261,0.004136284887875284,bodyfat_kg,CAPILAR,0.8,Random Forest Regressor,BayesSearchCV,8.40354694419224,6.61774836370156,43.80437153912595,0.16348046574462072,5036aab1b4aa499bab7dbc396f7a5da2,experiment_linear_bodyfat_kg
1637.279244220094,0.23081033401107087,bodyfat_kg,CAPILAR,0.8,Random Forest Regressor,BayesSearchCV,9.46661324991405,7.467058173650715,45.9026965738558,-0.06154912220194997,5036aab1b4aa499bab7dbc396f7a5da2,experiment_linear_bodyfat_kg
1639.207723895265,0.06987380859272768,bodyfat_kg,CAPILAR,0.8,Random Forest Regressor,BayesSearchCV,9.46661324991405,7.467058173650715,45.9026965738558,-0.06154912220194997,5036aab1b4aa499bab7dbc396f7a5da2,experiment_linear_bodyfat_kg
1712.489951551759,0.0546734754094712,bodyfat_kg,CAPILAR,0.8,Random Forest Regressor,BayesSearchCV,9.46661324991405,7.467058173650715,45.9026965738558,-0.06154912220194997,5036aab1b4aa499bab7dbc396f7a5da2,experiment_linear_bodyfat_kg
1631.493805194581,0.03741234298014384,bodyfat_kg,CAPILAR,0.8,Random Forest Regressor,BayesSearchCV,9.46661324991405,7.467058173650715,45.9026965738558,-0.06154912220194997,5036aab1b4aa499bab7dbc396f7a5da2,experiment_linear_bodyfat_kg
1598.709650716676,0.03287091251499873,bodyfat_kg,CAPILAR,0.8,Random Forest Regressor,BayesSearchCV,9.46661324991405,7.467058173650715,45.9026965738558,-0.06154912220194997,5036aab1b4aa499bab7dbc396f7a5da2,experiment_linear_bodyfat_kg
1633.422284869752,0.027223332141784327,bodyfat_kg,CAPILAR,0.8,Random Forest Regressor,BayesSearchCV,9.46661324991405,7.467058173650715,45.9026965738558,-0.06154912220194997,5036aab1b4aa499bab7dbc396f7a5da2,experiment_linear_bodyfat_kg
2501.238138696657,0.02693146728418708,bodyfat_kg,CAPILAR,0.8,Random Forest Regressor,BayesSearchCV,9.46661324991405,7.467058173650715,45.9026965738558,-0.06154912220194997,5036aab1b4aa499bab7dbc396f7a5da2,experiment_linear_bodyfat_kg
2503.166618371828,0.02074900835233264,bodyfat_kg,CAPILAR,0.8,Random Forest Regressor,BayesSearchCV,9.46661324991405,7.467058173650715,45.9026965738558,-0.06154912220194997,5036aab1b4aa499bab7dbc396f7a5da2,experiment_linear_bodyfat_kg
1635.350764544923,0.017509766175653942,bodyfat_kg,CAPILAR,0.8,Random Forest Regressor,BayesSearchCV,9.46661324991405,7.467058173650715,45.9026965738558,-0.06154912220194997,5036aab1b4aa499bab7dbc396f7a5da2,experiment_linear_bodyfat_kg
1228.441553083863,0.017331125696122263,bodyfat_kg,CAPILAR,0.8,Random Forest Regressor,BayesSearchCV,9.46661324991405,7.467058173650715,45.9026965738558,-0.06154912220194997,5036aab1b4aa499bab7dbc396f7a5da2,experiment_linear_bodyfat_kg
1373.077528721681,0.016222964370449053,bodyfat_kg,CAPILAR,0.8,Random Forest Regressor,BayesSearchCV,9.46661324991405,7.467058173650715,45.9026965738558,-0.06154912220194997,5036aab1b4aa499bab7dbc396f7a5da2,experiment_linear_bodyfat_kg
1232.298512434205,0.013757801657436225,bodyfat_kg,CAPILAR,0.8,Random Forest Regressor,BayesSearchCV,9.46661324991405,7.467058173650715,45.9026965738558,-0.06154912220194997,5036aab1b4aa499bab7dbc396f7a5da2,experiment_linear_bodyfat_kg
944.9550408337414,0.013149965082692672,bodyfat_kg,CAPILAR,0.8,Random Forest Regressor,BayesSearchCV,9.46661324991405,7.467058173650715,45.9026965738558,-0.06154912220194997,5036aab1b4aa499bab7dbc396f7a5da2,experiment_linear_bodyfat_kg
2526.308374473879,0.013025776001709248,bodyfat_kg,CAPILAR,0.8,Random Forest Regressor,BayesSearchCV,9.46661324991405,7.467058173650715,45.9026965738558,-0.06154912220194997,5036aab1b4aa499bab7dbc396f7a5da2,experiment_linear_bodyfat_kg
1376.934488072023,0.01249672780537878,bodyfat_kg,CAPILAR,0.8,Random Forest Regressor,BayesSearchCV,9.46661324991405,7.467058173650715,45.9026965738558,-0.06154912220194997,5036aab1b4aa499bab7dbc396f7a5da2,experiment_linear_bodyfat_kg
1257.368748211427,0.011547850829568765,bodyfat_kg,CAPILAR,0.8,Random Forest Regressor,BayesSearchCV,9.46661324991405,7.467058173650715,45.9026965738558,-0.06154912220194997,5036aab1b4aa499bab7dbc396f7a5da2,experiment_linear_bodyfat_kg
1145.516927051515,0.01139566406665109,bodyfat_kg,CAPILAR,0.8,Random Forest Regressor,BayesSearchCV,9.46661324991405,7.467058173650715,45.9026965738558,-0.06154912220194997,5036aab1b4aa499bab7dbc396f7a5da2,experiment_linear_bodyfat_kg
1627.63684584424,0.011348056093585015,bodyfat_kg,CAPILAR,0.8,Random Forest Regressor,BayesSearchCV,9.46661324991405,7.467058173650715,45.9026965738558,-0.06154912220194997,5036aab1b4aa499bab7dbc396f7a5da2,experiment_linear_bodyfat_kg
1041.379024592286,0.011345023356498509,bodyfat_kg,CAPILAR,0.8,Random Forest Regressor,BayesSearchCV,9.46661324991405,7.467058173650715,45.9026965738558,-0.06154912220194997,5036aab1b4aa499bab7dbc396f7a5da2,experiment_linear_bodyfat_kg
1186.015000230103,0.010807779197703014,bodyfat_kg,CAPILAR,0.8,Random Forest Regressor,BayesSearchCV,9.46661324991405,7.467058173650715,45.9026965738558,-0.06154912220194997,5036aab1b4aa499bab7dbc396f7a5da2,experiment_linear_bodyfat_kg
941.0980814833993,0.003285544215934563,bodyfat_kg,PLASMA,0.8,Random Forest Regressor,BayesSearchCV,9.871447684524407,6.556598186298781,33.04925470652947,0.1843628588612607,5036aab1b4aa499bab7dbc396f7a5da2,experiment_linear_bodyfat_kg
939.1696018082284,0.0032401446941512668,bodyfat_kg,PLASMA,0.8,Random Forest Regressor,BayesSearchCV,9.871447684524407,6.556598186298781,33.04925470652947,0.1843628588612607,5036aab1b4aa499bab7dbc396f7a5da2,experiment_linear_bodyfat_kg
931.4556831075452,0.0032372012646054815,bodyfat_kg,PLASMA,0.8,Random Forest Regressor,BayesSearchCV,9.871447684524407,6.556598186298781,33.04925470652947,0.1843628588612607,5036aab1b4aa499bab7dbc396f7a5da2,experiment_linear_bodyfat_kg
2705.656984264772,0.0031941029345479,bodyfat_kg,PLASMA,0.8,Random Forest Regressor,BayesSearchCV,9.871447684524407,6.556598186298781,33.04925470652947,0.1843628588612607,5036aab1b4aa499bab7dbc396f7a5da2,experiment_linear_bodyfat_kg
943.0265611585701,0.003167285748253037,bodyfat_kg,PLASMA,0.8,Random Forest Regressor,BayesSearchCV,9.871447684524407,6.556598186298781,33.04925470652947,0.1843628588612607,5036aab1b4aa499bab7dbc396f7a5da2,experiment_linear_bodyfat_kg
933.3841627827155,0.0030475489630935274,bodyfat_kg,PLASMA,0.8,Random Forest Regressor,BayesSearchCV,9.871447684524407,6.556598186298781,33.04925470652947,0.1843628588612607,5036aab1b4aa499bab7dbc396f7a5da2,experiment_linear_bodyfat_kg
929.5272034323739,0.003046367218580517,bodyfat_kg,PLASMA,0.8,Random Forest Regressor,BayesSearchCV,9.871447684524407,6.556598186298781,33.04925470652947,0.1843628588612607,5036aab1b4aa499bab7dbc396f7a5da2,experiment_linear_bodyfat_kg
944.9550408337414,0.0030160944768091004,bodyfat_kg,PLASMA,0.8,Random Forest Regressor,BayesSearchCV,9.871447684524407,6.556598186298781,33.04925470652947,0.1843628588612607,5036aab1b4aa499bab7dbc396f7a5da2,experiment_linear_bodyfat_kg
2667.087390761355,0.0029270652855433042,bodyfat_kg,PLASMA,0.8,Random Forest Regressor,BayesSearchCV,9.871447684524407,6.556598186298781,33.04925470652947,0.1843628588612607,5036aab1b4aa499bab7dbc396f7a5da2,experiment_linear_bodyfat_kg
2669.015870436525,0.0029249120843271854,bodyfat_kg,PLASMA,0.8,Random Forest Regressor,BayesSearchCV,9.871447684524407,6.556598186298781,33.04925470652947,0.1843628588612607,5036aab1b4aa499bab7dbc396f7a5da2,experiment_linear_bodyfat_kg
937.2411221330576,0.002763376093414995,bodyfat_kg,PLASMA,0.8,Random Forest Regressor,BayesSearchCV,9.871447684524407,6.556598186298781,33.04925470652947,0.1843628588612607,5036aab1b4aa499bab7dbc396f7a5da2,experiment_linear_bodyfat_kg
2665.158911086184,0.002739618323451095,bodyfat_kg,PLASMA,0.8,Random Forest Regressor,BayesSearchCV,9.871447684524407,6.556598186298781,33.04925470652947,0.1843628588612607,5036aab1b4aa499bab7dbc396f7a5da2,experiment_linear_bodyfat_kg
2670.944350111697,0.002708258467826024,bodyfat_kg,PLASMA,0.8,Random Forest Regressor,BayesSearchCV,9.871447684524407,6.556598186298781,33.04925470652947,0.1843628588612607,5036aab1b4aa499bab7dbc396f7a5da2,experiment_linear_bodyfat_kg
956.5259188847667,0.0026843418687353677,bodyfat_kg,PLASMA,0.8,Random Forest Regressor,BayesSearchCV,9.871447684524407,6.556598186298781,33.04925470652947,0.1843628588612607,5036aab1b4aa499bab7dbc396f7a5da2,experiment_linear_bodyfat_kg
958.4543985599371,0.002675880396726107,bodyfat_kg,PLASMA,0.8,Random Forest Regressor,BayesSearchCV,9.871447684524407,6.556598186298781,33.04925470652947,0.1843628588612607,5036aab1b4aa499bab7dbc396f7a5da2,experiment_linear_bodyfat_kg
935.3126424578863,0.002611045854850264,bodyfat_kg,PLASMA,0.8,Random Forest Regressor,BayesSearchCV,9.871447684524407,6.556598186298781,33.04925470652947,0.1843628588612607,5036aab1b4aa499bab7dbc396f7a5da2,experiment_linear_bodyfat_kg
946.8835205089117,0.0025851263997197036,bodyfat_kg,PLASMA,0.8,Random Forest Regressor,BayesSearchCV,9.871447684524407,6.556598186298781,33.04925470652947,0.1843628588612607,5036aab1b4aa499bab7dbc396f7a5da2,experiment_linear_bodyfat_kg
2663.230431411013,0.0025230338908498015,bodyfat_kg,PLASMA,0.8,Random Forest Regressor,BayesSearchCV,9.871447684524407,6.556598186298781,33.04925470652947,0.1843628588612607,5036aab1b4aa499bab7dbc396f7a5da2,experiment_linear_bodyfat_kg
2672.872829786867,0.002468319913897633,bodyfat_kg,PLASMA,0.8,Random Forest Regressor,BayesSearchCV,9.871447684524407,6.556598186298781,33.04925470652947,0.1843628588612607,5036aab1b4aa499bab7dbc396f7a5da2,experiment_linear_bodyfat_kg
2719.156341990969,0.002461380364428487,bodyfat_kg,PLASMA,0.8,Random Forest Regressor,BayesSearchCV,9.871447684524407,6.556598186298781,33.04925470652947,0.1843628588612607,5036aab1b4aa499bab7dbc396f7a5da2,experiment_linear_bodyfat_kg
2636.23171595862,0.11513804850481493,bodyfat_kg,PLASMA,0.8,Random Forest Regressor,BayesSearchCV,10.49323659587486,6.944639523719616,35.929634691373664,0.07837504080430446,5036aab1b4aa499bab7dbc396f7a5da2,experiment_linear_bodyfat_kg
2663.230431411013,0.04535211342657899,bodyfat_kg,PLASMA,0.8,Random Forest Regressor,BayesSearchCV,10.49323659587486,6.944639523719616,35.929634691373664,0.07837504080430446,5036aab1b4aa499bab7dbc396f7a5da2,experiment_linear_bodyfat_kg
1137.803008350831,0.040544312505172334,bodyfat_kg,PLASMA,0.8,Random Forest Regressor,BayesSearchCV,10.49323659587486,6.944639523719616,35.929634691373664,0.07837504080430446,5036aab1b4aa499bab7dbc396f7a5da2,experiment_linear_bodyfat_kg
1157.08780510254,0.038595405138764846,bodyfat_kg,PLASMA,0.8,Random Forest Regressor,BayesSearchCV,10.49323659587486,6.944639523719616,35.929634691373664,0.07837504080430446,5036aab1b4aa499bab7dbc396f7a5da2,experiment_linear_bodyfat_kg
1845.555049138551,0.03490899304585631,bodyfat_kg,PLASMA,0.8,Random Forest Regressor,BayesSearchCV,10.49323659587486,6.944639523719616,35.929634691373664,0.07837504080430446,5036aab1b4aa499bab7dbc396f7a5da2,experiment_linear_bodyfat_kg
2669.015870436525,0.0331825554647109,bodyfat_kg,PLASMA,0.8,Random Forest Regressor,BayesSearchCV,10.49323659587486,6.944639523719616,35.929634691373664,0.07837504080430446,5036aab1b4aa499bab7dbc396f7a5da2,experiment_linear_bodyfat_kg
2642.017154984133,0.03164030029824397,bodyfat_kg,PLASMA,0.8,Random Forest Regressor,BayesSearchCV,10.49323659587486,6.944639523719616,35.929634691373664,0.07837504080430446,5036aab1b4aa499bab7dbc396f7a5da2,experiment_linear_bodyfat_kg
2643.945634659304,0.030974830328737536,bodyfat_kg,PLASMA,0.8,Random Forest Regressor,BayesSearchCV,10.49323659587486,6.944639523719616,35.929634691373664,0.07837504080430446,5036aab1b4aa499bab7dbc396f7a5da2,experiment_linear_bodyfat_kg
2665.158911086184,0.028502225729142096,bodyfat_kg,PLASMA,0.8,Random Forest Regressor,BayesSearchCV,10.49323659587486,6.944639523719616,35.929634691373664,0.07837504080430446,5036aab1b4aa499bab7dbc396f7a5da2,experiment_linear_bodyfat_kg
1849.412008488893,0.02627660041857604,bodyfat_kg,PLASMA,0.8,Random Forest Regressor,BayesSearchCV,10.49323659587486,6.944639523719616,35.929634691373664,0.07837504080430446,5036aab1b4aa499bab7dbc396f7a5da2,experiment_linear_bodyfat_kg
2645.874114334475,0.02545308395311234,bodyfat_kg,PLASMA,0.8,Random Forest Regressor,BayesSearchCV,10.49323659587486,6.944639523719616,35.929634691373664,0.07837504080430446,5036aab1b4aa499bab7dbc396f7a5da2,experiment_linear_bodyfat_kg
2651.659553359988,0.022587637029281543,bodyfat_kg,PLASMA,0.8,Random Forest Regressor,BayesSearchCV,10.49323659587486,6.944639523719616,35.929634691373664,0.07837504080430446,5036aab1b4aa499bab7dbc396f7a5da2,experiment_linear_bodyfat_kg
1139.731488026002,0.02244890348382022,bodyfat_kg,PLASMA,0.8,Random Forest Regressor,BayesSearchCV,10.49323659587486,6.944639523719616,35.929634691373664,0.07837504080430446,5036aab1b4aa499bab7dbc396f7a5da2,experiment_linear_bodyfat_kg
2638.160195633791,0.021627839525532936,bodyfat_kg,PLASMA,0.8,Random Forest Regressor,BayesSearchCV,10.49323659587486,6.944639523719616,35.929634691373664,0.07837504080430446,5036aab1b4aa499bab7dbc396f7a5da2,experiment_linear_bodyfat_kg
1847.483528813722,0.02099760366521219,bodyfat_kg,PLASMA,0.8,Random Forest Regressor,BayesSearchCV,10.49323659587486,6.944639523719616,35.929634691373664,0.07837504080430446,5036aab1b4aa499bab7dbc396f7a5da2,experiment_linear_bodyfat_kg
1112.732772573609,0.01769214008427163,bodyfat_kg,PLASMA,0.8,Random Forest Regressor,BayesSearchCV,10.49323659587486,6.944639523719616,35.929634691373664,0.07837504080430446,5036aab1b4aa499bab7dbc396f7a5da2,experiment_linear_bodyfat_kg
1141.659967701173,0.01733535386436662,bodyfat_kg,PLASMA,0.8,Random Forest Regressor,BayesSearchCV,10.49323659587486,6.944639523719616,35.929634691373664,0.07837504080430446,5036aab1b4aa499bab7dbc396f7a5da2,experiment_linear_bodyfat_kg
2657.4449923855,0.01316697635316368,bodyfat_kg,PLASMA,0.8,Random Forest Regressor,BayesSearchCV,10.49323659587486,6.944639523719616,35.929634691373664,0.07837504080430446,5036aab1b4aa499bab7dbc396f7a5da2,experiment_linear_bodyfat_kg
1835.912650762697,0.011451950117315488,bodyfat_kg,PLASMA,0.8,Random Forest Regressor,BayesSearchCV,10.49323659587486,6.944639523719616,35.929634691373664,0.07837504080430446,5036aab1b4aa499bab7dbc396f7a5da2,experiment_linear_bodyfat_kg
2715.299382640627,0.009180855167722844,bodyfat_kg,PLASMA,0.8,Random Forest Regressor,BayesSearchCV,10.49323659587486,6.944639523719616,35.929634691373664,0.07837504080430446,5036aab1b4aa499bab7dbc396f7a5da2,experiment_linear_bodyfat_kg
941.0980814833993,0.003301800844300958,bodyfat_kg,PLASMA,0.8,Random Forest Regressor,BayesSearchCV,9.603036361190249,6.494994369067626,32.73740072134687,0.22811528001802406,5036aab1b4aa499bab7dbc396f7a5da2,experiment_linear_bodyfat_kg
931.4556831075452,0.0032546029892573883,bodyfat_kg,PLASMA,0.8,Random Forest Regressor,BayesSearchCV,9.603036361190249,6.494994369067626,32.73740072134687,0.22811528001802406,5036aab1b4aa499bab7dbc396f7a5da2,experiment_linear_bodyfat_kg
939.1696018082284,0.003254390233713369,bodyfat_kg,PLASMA,0.8,Random Forest Regressor,BayesSearchCV,9.603036361190249,6.494994369067626,32.73740072134687,0.22811528001802406,5036aab1b4aa499bab7dbc396f7a5da2,experiment_linear_bodyfat_kg
2705.656984264772,0.0032199124596488916,bodyfat_kg,PLASMA,0.8,Random Forest Regressor,BayesSearchCV,9.603036361190249,6.494994369067626,32.73740072134687,0.22811528001802406,5036aab1b4aa499bab7dbc396f7a5da2,experiment_linear_bodyfat_kg
943.0265611585701,0.003182819961963229,bodyfat_kg,PLASMA,0.8,Random Forest Regressor,BayesSearchCV,9.603036361190249,6.494994369067626,32.73740072134687,0.22811528001802406,5036aab1b4aa499bab7dbc396f7a5da2,experiment_linear_bodyfat_kg
933.3841627827155,0.0030629349653050753,bodyfat_kg,PLASMA,0.8,Random Forest Regressor,BayesSearchCV,9.603036361190249,6.494994369067626,32.73740072134687,0.22811528001802406,5036aab1b4aa499bab7dbc396f7a5da2,experiment_linear_bodyfat_kg
929.5272034323739,0.003062509535667762,bodyfat_kg,PLASMA,0.8,Random Forest Regressor,BayesSearchCV,9.603036361190249,6.494994369067626,32.73740072134687,0.22811528001802406,5036aab1b4aa499bab7dbc396f7a5da2,experiment_linear_bodyfat_kg
944.9550408337414,0.0030304404107498466,bodyfat_kg,PLASMA,0.8,Random Forest Regressor,BayesSearchCV,9.603036361190249,6.494994369067626,32.73740072134687,0.22811528001802406,5036aab1b4aa499bab7dbc396f7a5da2,experiment_linear_bodyfat_kg
2667.087390761355,0.0029412905120346,bodyfat_kg,PLASMA,0.8,Random Forest Regressor,BayesSearchCV,9.603036361190249,6.494994369067626,32.73740072134687,0.22811528001802406,5036aab1b4aa499bab7dbc396f7a5da2,experiment_linear_bodyfat_kg
2669.015870436525,0.002937653180200215,bodyfat_kg,PLASMA,0.8,Random Forest Regressor,BayesSearchCV,9.603036361190249,6.494994369067626,32.73740072134687,0.22811528001802406,5036aab1b4aa499bab7dbc396f7a5da2,experiment_linear_bodyfat_kg
937.2411221330576,0.0027712141867728096,bodyfat_kg,PLASMA,0.8,Random Forest Regressor,BayesSearchCV,9.603036361190249,6.494994369067626,32.73740072134687,0.22811528001802406,5036aab1b4aa499bab7dbc396f7a5da2,experiment_linear_bodyfat_kg
2665.158911086184,0.002752107204473893,bodyfat_kg,PLASMA,0.8,Random Forest Regressor,BayesSearchCV,9.603036361190249,6.494994369067626,32.73740072134687,0.22811528001802406,5036aab1b4aa499bab7dbc396f7a5da2,experiment_linear_bodyfat_kg
2670.944350111697,0.002717481276078052,bodyfat_kg,PLASMA,0.8,Random Forest Regressor,BayesSearchCV,9.603036361190249,6.494994369067626,32.73740072134687,0.22811528001802406,5036aab1b4aa499bab7dbc396f7a5da2,experiment_linear_bodyfat_kg
956.5259188847667,0.0026976824686417654,bodyfat_kg,PLASMA,0.8,Random Forest Regressor,BayesSearchCV,9.603036361190249,6.494994369067626,32.73740072134687,0.22811528001802406,5036aab1b4aa499bab7dbc396f7a5da2,experiment_linear_bodyfat_kg
958.4543985599371,0.0026901096636956037,bodyfat_kg,PLASMA,0.8,Random Forest Regressor,BayesSearchCV,9.603036361190249,6.494994369067626,32.73740072134687,0.22811528001802406,5036aab1b4aa499bab7dbc396f7a5da2,experiment_linear_bodyfat_kg
935.3126424578863,0.002619220966308576,bodyfat_kg,PLASMA,0.8,Random Forest Regressor,BayesSearchCV,9.603036361190249,6.494994369067626,32.73740072134687,0.22811528001802406,5036aab1b4aa499bab7dbc396f7a5da2,experiment_linear_bodyfat_kg
946.8835205089117,0.0025954065727363286,bodyfat_kg,PLASMA,0.8,Random Forest Regressor,BayesSearchCV,9.603036361190249,6.494994369067626,32.73740072134687,0.22811528001802406,5036aab1b4aa499bab7dbc396f7a5da2,experiment_linear_bodyfat_kg
2663.230431411013,0.0025329170461395783,bodyfat_kg,PLASMA,0.8,Random Forest Regressor,BayesSearchCV,9.603036361190249,6.494994369067626,32.73740072134687,0.22811528001802406,5036aab1b4aa499bab7dbc396f7a5da2,experiment_linear_bodyfat_kg
2672.872829786867,0.0024766591030666125,bodyfat_kg,PLASMA,0.8,Random Forest Regressor,BayesSearchCV,9.603036361190249,6.494994369067626,32.73740072134687,0.22811528001802406,5036aab1b4aa499bab7dbc396f7a5da2,experiment_linear_bodyfat_kg
3018.070691642458,0.0024405464939099533,bodyfat_kg,PLASMA,0.8,Random Forest Regressor,BayesSearchCV,9.603036361190249,6.494994369067626,32.73740072134687,0.22811528001802406,5036aab1b4aa499bab7dbc396f7a5da2,experiment_linear_bodyfat_kg
2636.23171595862,0.09860006456514693,bodyfat_kg,PLASMA,0.8,Random Forest Regressor,BayesSearchCV,10.408714377805195,6.845065137337882,35.24847022978675,0.09316248121279846,5036aab1b4aa499bab7dbc396f7a5da2,experiment_linear_bodyfat_kg
2663.230431411013,0.0446645677611398,bodyfat_kg,PLASMA,0.8,Random Forest Regressor,BayesSearchCV,10.408714377805195,6.845065137337882,35.24847022978675,0.09316248121279846,5036aab1b4aa499bab7dbc396f7a5da2,experiment_linear_bodyfat_kg
1137.803008350831,0.042540497824837833,bodyfat_kg,PLASMA,0.8,Random Forest Regressor,BayesSearchCV,10.408714377805195,6.845065137337882,35.24847022978675,0.09316248121279846,5036aab1b4aa499bab7dbc396f7a5da2,experiment_linear_bodyfat_kg
1157.08780510254,0.040459615790231496,bodyfat_kg,PLASMA,0.8,Random Forest Regressor,BayesSearchCV,10.408714377805195,6.845065137337882,35.24847022978675,0.09316248121279846,5036aab1b4aa499bab7dbc396f7a5da2,experiment_linear_bodyfat_kg
2669.015870436525,0.037558885577231284,bodyfat_kg,PLASMA,0.8,Random Forest Regressor,BayesSearchCV,10.408714377805195,6.845065137337882,35.24847022978675,0.09316248121279846,5036aab1b4aa499bab7dbc396f7a5da2,experiment_linear_bodyfat_kg
1845.555049138551,0.03415786805297264,bodyfat_kg,PLASMA,0.8,Random Forest Regressor,BayesSearchCV,10.408714377805195,6.845065137337882,35.24847022978675,0.09316248121279846,5036aab1b4aa499bab7dbc396f7a5da2,experiment_linear_bodyfat_kg
2643.945634659304,0.030025365592579848,bodyfat_kg,PLASMA,0.8,Random Forest Regressor,BayesSearchCV,10.408714377805195,6.845065137337882,35.24847022978675,0.09316248121279846,5036aab1b4aa499bab7dbc396f7a5da2,experiment_linear_bodyfat_kg
2665.158911086184,0.028204538986337506,bodyfat_kg,PLASMA,0.8,Random Forest Regressor,BayesSearchCV,10.408714377805195,6.845065137337882,35.24847022978675,0.09316248121279846,5036aab1b4aa499bab7dbc396f7a5da2,experiment_linear_bodyfat_kg
1849.412008488893,0.026522558013646617,bodyfat_kg,PLASMA,0.8,Random Forest Regressor,BayesSearchCV,10.408714377805195,6.845065137337882,35.24847022978675,0.09316248121279846,5036aab1b4aa499bab7dbc396f7a5da2,experiment_linear_bodyfat_kg
2645.874114334475,0.02407597335739672,bodyfat_kg,PLASMA,0.8,Random Forest Regressor,BayesSearchCV,10.408714377805195,6.845065137337882,35.24847022978675,0.09316248121279846,5036aab1b4aa499bab7dbc396f7a5da2,experiment_linear_bodyfat_kg
2651.659553359988,0.021686938030480895,bodyfat_kg,PLASMA,0.8,Random Forest Regressor,BayesSearchCV,10.408714377805195,6.845065137337882,35.24847022978675,0.09316248121279846,5036aab1b4aa499bab7dbc396f7a5da2,experiment_linear_bodyfat_kg
1847.483528813722,0.019961209534500497,bodyfat_kg,PLASMA,0.8,Random Forest Regressor,BayesSearchCV,10.408714377805195,6.845065137337882,35.24847022978675,0.09316248121279846,5036aab1b4aa499bab7dbc396f7a5da2,experiment_linear_bodyfat_kg
2642.017154984133,0.018003907097485238,bodyfat_kg,PLASMA,0.8,Random Forest Regressor,BayesSearchCV,10.408714377805195,6.845065137337882,35.24847022978675,0.09316248121279846,5036aab1b4aa499bab7dbc396f7a5da2,experiment_linear_bodyfat_kg
1141.659967701173,0.017472023709507015,bodyfat_kg,PLASMA,0.8,Random Forest Regressor,BayesSearchCV,10.408714377805195,6.845065137337882,35.24847022978675,0.09316248121279846,5036aab1b4aa499bab7dbc396f7a5da2,experiment_linear_bodyfat_kg
1112.732772573609,0.017071964190313198,bodyfat_kg,PLASMA,0.8,Random Forest Regressor,BayesSearchCV,10.408714377805195,6.845065137337882,35.24847022978675,0.09316248121279846,5036aab1b4aa499bab7dbc396f7a5da2,experiment_linear_bodyfat_kg
1139.731488026002,0.017034636695929736,bodyfat_kg,PLASMA,0.8,Random Forest Regressor,BayesSearchCV,10.408714377805195,6.845065137337882,35.24847022978675,0.09316248121279846,5036aab1b4aa499bab7dbc396f7a5da2,experiment_linear_bodyfat_kg
1101.161894522584,0.015530681928190048,bodyfat_kg,PLASMA,0.8,Random Forest Regressor,BayesSearchCV,10.408714377805195,6.845065137337882,35.24847022978675,0.09316248121279846,5036aab1b4aa499bab7dbc396f7a5da2,experiment_linear_bodyfat_kg
1835.912650762697,0.010697737839128366,bodyfat_kg,PLASMA,0.8,Random Forest Regressor,BayesSearchCV,10.408714377805195,6.845065137337882,35.24847022978675,0.09316248121279846,5036aab1b4aa499bab7dbc396f7a5da2,experiment_linear_bodyfat_kg
2638.160195633791,0.010250720702203262,bodyfat_kg,PLASMA,0.8,Random Forest Regressor,BayesSearchCV,10.408714377805195,6.845065137337882,35.24847022978675,0.09316248121279846,5036aab1b4aa499bab7dbc396f7a5da2,experiment_linear_bodyfat_kg
2715.299382640627,0.009436857953404624,bodyfat_kg,PLASMA,0.8,Random Forest Regressor,BayesSearchCV,10.408714377805195,6.845065137337882,35.24847022978675,0.09316248121279846,5036aab1b4aa499bab7dbc396f7a5da2,experiment_linear_bodyfat_kg
1727.917788953126,0.005185272640580891,bodyfat_kg,SALIVA,0.8,Random Forest Regressor,BayesSearchCV,7.93723862988273,6.557015549250505,62.89396025145718,-0.04166745227730506,5036aab1b4aa499bab7dbc396f7a5da2,experiment_linear_bodyfat_kg
1725.989309277955,0.00468283855428266,bodyfat_kg,SALIVA,0.8,Random Forest Regressor,BayesSearchCV,7.93723862988273,6.557015549250505,62.89396025145718,-0.04166745227730506,5036aab1b4aa499bab7dbc396f7a5da2,experiment_linear_bodyfat_kg
1729.846268628297,0.0045181208937208495,bodyfat_kg,SALIVA,0.8,Random Forest Regressor,BayesSearchCV,7.93723862988273,6.557015549250505,62.89396025145718,-0.04166745227730506,5036aab1b4aa499bab7dbc396f7a5da2,experiment_linear_bodyfat_kg
1587.138772665651,0.004482207847762226,bodyfat_kg,SALIVA,0.8,Random Forest Regressor,BayesSearchCV,7.93723862988273,6.557015549250505,62.89396025145718,-0.04166745227730506,5036aab1b4aa499bab7dbc396f7a5da2,experiment_linear_bodyfat_kg
1585.21029299048,0.004444273280064691,bodyfat_kg,SALIVA,0.8,Random Forest Regressor,BayesSearchCV,7.93723862988273,6.557015549250505,62.89396025145718,-0.04166745227730506,5036aab1b4aa499bab7dbc396f7a5da2,experiment_linear_bodyfat_kg
1589.067252340822,0.004367975026608199,bodyfat_kg,SALIVA,0.8,Random Forest Regressor,BayesSearchCV,7.93723862988273,6.557015549250505,62.89396025145718,-0.04166745227730506,5036aab1b4aa499bab7dbc396f7a5da2,experiment_linear_bodyfat_kg
1583.281813315309,0.004293007126233199,bodyfat_kg,SALIVA,0.8,Random Forest Regressor,BayesSearchCV,7.93723862988273,6.557015549250505,62.89396025145718,-0.04166745227730506,5036aab1b4aa499bab7dbc396f7a5da2,experiment_linear_bodyfat_kg
1126.232130299806,0.004187243558885627,bodyfat_kg,SALIVA,0.8,Random Forest Regressor,BayesSearchCV,7.93723862988273,6.557015549250505,62.89396025145718,-0.04166745227730506,5036aab1b4aa499bab7dbc396f7a5da2,experiment_linear_bodyfat_kg
1128.160609974977,0.004153175650025963,bodyfat_kg,SALIVA,0.8,Random Forest Regressor,BayesSearchCV,7.93723862988273,6.557015549250505,62.89396025145718,-0.04166745227730506,5036aab1b4aa499bab7dbc396f7a5da2,experiment_linear_bodyfat_kg
1124.303650624635,0.004120588436724241,bodyfat_kg,SALIVA,0.8,Random Forest Regressor,BayesSearchCV,7.93723862988273,6.557015549250505,62.89396025145718,-0.04166745227730506,5036aab1b4aa499bab7dbc396f7a5da2,experiment_linear_bodyfat_kg
1590.995732015992,0.004078554251459484,bodyfat_kg,SALIVA,0.8,Random Forest Regressor,BayesSearchCV,7.93723862988273,6.557015549250505,62.89396025145718,-0.04166745227730506,5036aab1b4aa499bab7dbc396f7a5da2,experiment_linear_bodyfat_kg
1581.353333640138,0.004038980743702921,bodyfat_kg,SALIVA,0.8,Random Forest Regressor,BayesSearchCV,7.93723862988273,6.557015549250505,62.89396025145718,-0.04166745227730506,5036aab1b4aa499bab7dbc396f7a5da2,experiment_linear_bodyfat_kg
1130.089089650148,0.00402250380670622,bodyfat_kg,SALIVA,0.8,Random Forest Regressor,BayesSearchCV,7.93723862988273,6.557015549250505,62.89396025145718,-0.04166745227730506,5036aab1b4aa499bab7dbc396f7a5da2,experiment_linear_bodyfat_kg
1041.379024592286,0.003956503054117256,bodyfat_kg,SALIVA,0.8,Random Forest Regressor,BayesSearchCV,7.93723862988273,6.557015549250505,62.89396025145718,-0.04166745227730506,5036aab1b4aa499bab7dbc396f7a5da2,experiment_linear_bodyfat_kg
1122.375170949464,0.003954983090529888,bodyfat_kg,SALIVA,0.8,Random Forest Regressor,BayesSearchCV,7.93723862988273,6.557015549250505,62.89396025145718,-0.04166745227730506,5036aab1b4aa499bab7dbc396f7a5da2,experiment_linear_bodyfat_kg
1039.450544917115,0.003954149693422638,bodyfat_kg,SALIVA,0.8,Random Forest Regressor,BayesSearchCV,7.93723862988273,6.557015549250505,62.89396025145718,-0.04166745227730506,5036aab1b4aa499bab7dbc396f7a5da2,experiment_linear_bodyfat_kg
1037.522065241944,0.003905540301650364,bodyfat_kg,SALIVA,0.8,Random Forest Regressor,BayesSearchCV,7.93723862988273,6.557015549250505,62.89396025145718,-0.04166745227730506,5036aab1b4aa499bab7dbc396f7a5da2,experiment_linear_bodyfat_kg
1043.307504267457,0.0039042898128073436,bodyfat_kg,SALIVA,0.8,Random Forest Regressor,BayesSearchCV,7.93723862988273,6.557015549250505,62.89396025145718,-0.04166745227730506,5036aab1b4aa499bab7dbc396f7a5da2,experiment_linear_bodyfat_kg
1035.593585566773,0.0038278726597074627,bodyfat_kg,SALIVA,0.8,Random Forest Regressor,BayesSearchCV,7.93723862988273,6.557015549250505,62.89396025145718,-0.04166745227730506,5036aab1b4aa499bab7dbc396f7a5da2,experiment_linear_bodyfat_kg
1045.235983942628,0.00380370450442992,bodyfat_kg,SALIVA,0.8,Random Forest Regressor,BayesSearchCV,7.93723862988273,6.557015549250505,62.89396025145718,-0.04166745227730506,5036aab1b4aa499bab7dbc396f7a5da2,experiment_linear_bodyfat_kg
2715.299382640627,0.03951536318322435,bodyfat_kg,SALIVA,0.8,Random Forest Regressor,BayesSearchCV,8.017047839689981,6.815319925740219,65.68674257871888,-0.06272077348150629,5036aab1b4aa499bab7dbc396f7a5da2,experiment_linear_bodyfat_kg
1585.21029299048,0.022320486500355497,bodyfat_kg,SALIVA,0.8,Random Forest Regressor,BayesSearchCV,8.017047839689981,6.815319925740219,65.68674257871888,-0.06272077348150629,5036aab1b4aa499bab7dbc396f7a5da2,experiment_linear_bodyfat_kg
1267.011146587281,0.021556558253209988,bodyfat_kg,SALIVA,0.8,Random Forest Regressor,BayesSearchCV,8.017047839689981,6.815319925740219,65.68674257871888,-0.06272077348150629,5036aab1b4aa499bab7dbc396f7a5da2,experiment_linear_bodyfat_kg
2713.370902965456,0.016613423870351345,bodyfat_kg,SALIVA,0.8,Random Forest Regressor,BayesSearchCV,8.017047839689981,6.815319925740219,65.68674257871888,-0.06272077348150629,5036aab1b4aa499bab7dbc396f7a5da2,experiment_linear_bodyfat_kg
1583.281813315309,0.015529349317863326,bodyfat_kg,SALIVA,0.8,Random Forest Regressor,BayesSearchCV,8.017047839689981,6.815319925740219,65.68674257871888,-0.06272077348150629,5036aab1b4aa499bab7dbc396f7a5da2,experiment_linear_bodyfat_kg
1724.060829602785,0.013923090319632599,bodyfat_kg,SALIVA,0.8,Random Forest Regressor,BayesSearchCV,8.017047839689981,6.815319925740219,65.68674257871888,-0.06272077348150629,5036aab1b4aa499bab7dbc396f7a5da2,experiment_linear_bodyfat_kg
2711.442423290285,0.013644050251444795,bodyfat_kg,SALIVA,0.8,Random Forest Regressor,BayesSearchCV,8.017047839689981,6.815319925740219,65.68674257871888,-0.06272077348150629,5036aab1b4aa499bab7dbc396f7a5da2,experiment_linear_bodyfat_kg
2987.215016839724,0.013421282281319877,bodyfat_kg,SALIVA,0.8,Random Forest Regressor,BayesSearchCV,8.017047839689981,6.815319925740219,65.68674257871888,-0.06272077348150629,5036aab1b4aa499bab7dbc396f7a5da2,experiment_linear_bodyfat_kg
1571.710935264284,0.012426977147494243,bodyfat_kg,SALIVA,0.8,Random Forest Regressor,BayesSearchCV,8.017047839689981,6.815319925740219,65.68674257871888,-0.06272077348150629,5036aab1b4aa499bab7dbc396f7a5da2,experiment_linear_bodyfat_kg
929.5272034323739,0.012003592545120357,bodyfat_kg,SALIVA,0.8,Random Forest Regressor,BayesSearchCV,8.017047839689981,6.815319925740219,65.68674257871888,-0.06272077348150629,5036aab1b4aa499bab7dbc396f7a5da2,experiment_linear_bodyfat_kg
1731.774748303468,0.011778315536116198,bodyfat_kg,SALIVA,0.8,Random Forest Regressor,BayesSearchCV,8.017047839689981,6.815319925740219,65.68674257871888,-0.06272077348150629,5036aab1b4aa499bab7dbc396f7a5da2,experiment_linear_bodyfat_kg
1274.725065287965,0.011186344340705057,bodyfat_kg,SALIVA,0.8,Random Forest Regressor,BayesSearchCV,8.017047839689981,6.815319925740219,65.68674257871888,-0.06272077348150629,5036aab1b4aa499bab7dbc396f7a5da2,experiment_linear_bodyfat_kg
1268.939626262452,0.011055097084603458,bodyfat_kg,SALIVA,0.8,Random Forest Regressor,BayesSearchCV,8.017047839689981,6.815319925740219,65.68674257871888,-0.06272077348150629,5036aab1b4aa499bab7dbc396f7a5da2,experiment_linear_bodyfat_kg
3046.997886770022,0.010493802473429063,bodyfat_kg,SALIVA,0.8,Random Forest Regressor,BayesSearchCV,8.017047839689981,6.815319925740219,65.68674257871888,-0.06272077348150629,5036aab1b4aa499bab7dbc396f7a5da2,experiment_linear_bodyfat_kg
3025.784610343142,0.010111499681091988,bodyfat_kg,SALIVA,0.8,Random Forest Regressor,BayesSearchCV,8.017047839689981,6.815319925740219,65.68674257871888,-0.06272077348150629,5036aab1b4aa499bab7dbc396f7a5da2,experiment_linear_bodyfat_kg
2991.071976190066,0.009983282095717402,bodyfat_kg,SALIVA,0.8,Random Forest Regressor,BayesSearchCV,8.017047839689981,6.815319925740219,65.68674257871888,-0.06272077348150629,5036aab1b4aa499bab7dbc396f7a5da2,experiment_linear_bodyfat_kg
1681.634276749025,0.009862768738384075,bodyfat_kg,SALIVA,0.8,Random Forest Regressor,BayesSearchCV,8.017047839689981,6.815319925740219,65.68674257871888,-0.06272077348150629,5036aab1b4aa499bab7dbc396f7a5da2,experiment_linear_bodyfat_kg
2919.718228208742,0.009704448499319882,bodyfat_kg,SALIVA,0.8,Random Forest Regressor,BayesSearchCV,8.017047839689981,6.815319925740219,65.68674257871888,-0.06272077348150629,5036aab1b4aa499bab7dbc396f7a5da2,experiment_linear_bodyfat_kg
1725.989309277955,0.009582243739288674,bodyfat_kg,SALIVA,0.8,Random Forest Regressor,BayesSearchCV,8.017047839689981,6.815319925740219,65.68674257871888,-0.06272077348150629,5036aab1b4aa499bab7dbc396f7a5da2,experiment_linear_bodyfat_kg
1255.440268536256,0.009437485812319762,bodyfat_kg,SALIVA,0.8,Random Forest Regressor,BayesSearchCV,8.017047839689981,6.815319925740219,65.68674257871888,-0.06272077348150629,5036aab1b4aa499bab7dbc396f7a5da2,experiment_linear_bodyfat_kg
1727.917788953126,0.004656326455385351,bodyfat_kg,SALIVA,0.8,Random Forest Regressor,BayesSearchCV,7.875639965558659,6.586124196764706,62.42460186064495,-0.0255620175675888,5036aab1b4aa499bab7dbc396f7a5da2,experiment_linear_bodyfat_kg
1587.138772665651,0.004319981112194567,bodyfat_kg,SALIVA,0.8,Random Forest Regressor,BayesSearchCV,7.875639965558659,6.586124196764706,62.42460186064495,-0.0255620175675888,5036aab1b4aa499bab7dbc396f7a5da2,experiment_linear_bodyfat_kg
1585.21029299048,0.004300520397779064,bodyfat_kg,SALIVA,0.8,Random Forest Regressor,BayesSearchCV,7.875639965558659,6.586124196764706,62.42460186064495,-0.0255620175675888,5036aab1b4aa499bab7dbc396f7a5da2,experiment_linear_bodyfat_kg
1126.232130299806,0.004193196484220647,bodyfat_kg,SALIVA,0.8,Random Forest Regressor,BayesSearchCV,7.875639965558659,6.586124196764706,62.42460186064495,-0.0255620175675888,5036aab1b4aa499bab7dbc396f7a5da2,experiment_linear_bodyfat_kg
1589.067252340822,0.004186162030815898,bodyfat_kg,SALIVA,0.8,Random Forest Regressor,BayesSearchCV,7.875639965558659,6.586124196764706,62.42460186064495,-0.0255620175675888,5036aab1b4aa499bab7dbc396f7a5da2,experiment_linear_bodyfat_kg
1583.281813315309,0.004169263420363608,bodyfat_kg,SALIVA,0.8,Random Forest Regressor,BayesSearchCV,7.875639965558659,6.586124196764706,62.42460186064495,-0.0255620175675888,5036aab1b4aa499bab7dbc396f7a5da2,experiment_linear_bodyfat_kg
1128.160609974977,0.004158075963752226,bodyfat_kg,SALIVA,0.8,Random Forest Regressor,BayesSearchCV,7.875639965558659,6.586124196764706,62.42460186064495,-0.0255620175675888,5036aab1b4aa499bab7dbc396f7a5da2,experiment_linear_bodyfat_kg
1124.303650624635,0.004125760729500779,bodyfat_kg,SALIVA,0.8,Random Forest Regressor,BayesSearchCV,7.875639965558659,6.586124196764706,62.42460186064495,-0.0255620175675888,5036aab1b4aa499bab7dbc396f7a5da2,experiment_linear_bodyfat_kg
1729.846268628297,0.004095211727291963,bodyfat_kg,SALIVA,0.8,Random Forest Regressor,BayesSearchCV,7.875639965558659,6.586124196764706,62.42460186064495,-0.0255620175675888,5036aab1b4aa499bab7dbc396f7a5da2,experiment_linear_bodyfat_kg
1725.989309277955,0.004067334500791801,bodyfat_kg,SALIVA,0.8,Random Forest Regressor,BayesSearchCV,7.875639965558659,6.586124196764706,62.42460186064495,-0.0255620175675888,5036aab1b4aa499bab7dbc396f7a5da2,experiment_linear_bodyfat_kg
1130.089089650148,0.00402832292369215,bodyfat_kg,SALIVA,0.8,Random Forest Regressor,BayesSearchCV,7.875639965558659,6.586124196764706,62.42460186064495,-0.0255620175675888,5036aab1b4aa499bab7dbc396f7a5da2,experiment_linear_bodyfat_kg
1122.375170949464,0.0039548020378354235,bodyfat_kg,SALIVA,0.8,Random Forest Regressor,BayesSearchCV,7.875639965558659,6.586124196764706,62.42460186064495,-0.0255620175675888,5036aab1b4aa499bab7dbc396f7a5da2,experiment_linear_bodyfat_kg
1581.353333640138,0.003938195225264341,bodyfat_kg,SALIVA,0.8,Random Forest Regressor,BayesSearchCV,7.875639965558659,6.586124196764706,62.42460186064495,-0.0255620175675888,5036aab1b4aa499bab7dbc396f7a5da2,experiment_linear_bodyfat_kg
1590.995732015992,0.0038916933101204006,bodyfat_kg,SALIVA,0.8,Random Forest Regressor,BayesSearchCV,7.875639965558659,6.586124196764706,62.42460186064495,-0.0255620175675888,5036aab1b4aa499bab7dbc396f7a5da2,experiment_linear_bodyfat_kg
1041.379024592286,0.0038026212963313466,bodyfat_kg,SALIVA,0.8,Random Forest Regressor,BayesSearchCV,7.875639965558659,6.586124196764706,62.42460186064495,-0.0255620175675888,5036aab1b4aa499bab7dbc396f7a5da2,experiment_linear_bodyfat_kg
1039.450544917115,0.0038020569988012924,bodyfat_kg,SALIVA,0.8,Random Forest Regressor,BayesSearchCV,7.875639965558659,6.586124196764706,62.42460186064495,-0.0255620175675888,5036aab1b4aa499bab7dbc396f7a5da2,experiment_linear_bodyfat_kg
1132.017569325318,0.0037985938394201196,bodyfat_kg,SALIVA,0.8,Random Forest Regressor,BayesSearchCV,7.875639965558659,6.586124196764706,62.42460186064495,-0.0255620175675888,5036aab1b4aa499bab7dbc396f7a5da2,experiment_linear_bodyfat_kg
1037.522065241944,0.0037557768143226702,bodyfat_kg,SALIVA,0.8,Random Forest Regressor,BayesSearchCV,7.875639965558659,6.586124196764706,62.42460186064495,-0.0255620175675888,5036aab1b4aa499bab7dbc396f7a5da2,experiment_linear_bodyfat_kg
1043.307504267457,0.003748516917021577,bodyfat_kg,SALIVA,0.8,Random Forest Regressor,BayesSearchCV,7.875639965558659,6.586124196764706,62.42460186064495,-0.0255620175675888,5036aab1b4aa499bab7dbc396f7a5da2,experiment_linear_bodyfat_kg
1120.446691274293,0.0036996732155827653,bodyfat_kg,SALIVA,0.8,Random Forest Regressor,BayesSearchCV,7.875639965558659,6.586124196764706,62.42460186064495,-0.0255620175675888,5036aab1b4aa499bab7dbc396f7a5da2,experiment_linear_bodyfat_kg
2715.299382640627,0.038239162937838,bodyfat_kg,SALIVA,0.8,Random Forest Regressor,BayesSearchCV,7.998398329121603,6.8025975463786095,65.7261236993169,-0.05778225480459298,5036aab1b4aa499bab7dbc396f7a5da2,experiment_linear_bodyfat_kg
1585.21029299048,0.021288179470577234,bodyfat_kg,SALIVA,0.8,Random Forest Regressor,BayesSearchCV,7.998398329121603,6.8025975463786095,65.7261236993169,-0.05778225480459298,5036aab1b4aa499bab7dbc396f7a5da2,experiment_linear_bodyfat_kg
1267.011146587281,0.020886373267633422,bodyfat_kg,SALIVA,0.8,Random Forest Regressor,BayesSearchCV,7.998398329121603,6.8025975463786095,65.7261236993169,-0.05778225480459298,5036aab1b4aa499bab7dbc396f7a5da2,experiment_linear_bodyfat_kg
2713.370902965456,0.016935835177785106,bodyfat_kg,SALIVA,0.8,Random Forest Regressor,BayesSearchCV,7.998398329121603,6.8025975463786095,65.7261236993169,-0.05778225480459298,5036aab1b4aa499bab7dbc396f7a5da2,experiment_linear_bodyfat_kg
1583.281813315309,0.015210583233810936,bodyfat_kg,SALIVA,0.8,Random Forest Regressor,BayesSearchCV,7.998398329121603,6.8025975463786095,65.7261236993169,-0.05778225480459298,5036aab1b4aa499bab7dbc396f7a5da2,experiment_linear_bodyfat_kg
2711.442423290285,0.013775034304527008,bodyfat_kg,SALIVA,0.8,Random Forest Regressor,BayesSearchCV,7.998398329121603,6.8025975463786095,65.7261236993169,-0.05778225480459298,5036aab1b4aa499bab7dbc396f7a5da2,experiment_linear_bodyfat_kg
1724.060829602785,0.013497537536331709,bodyfat_kg,SALIVA,0.8,Random Forest Regressor,BayesSearchCV,7.998398329121603,6.8025975463786095,65.7261236993169,-0.05778225480459298,5036aab1b4aa499bab7dbc396f7a5da2,experiment_linear_bodyfat_kg
2987.215016839724,0.013001420287575033,bodyfat_kg,SALIVA,0.8,Random Forest Regressor,BayesSearchCV,7.998398329121603,6.8025975463786095,65.7261236993169,-0.05778225480459298,5036aab1b4aa499bab7dbc396f7a5da2,experiment_linear_bodyfat_kg
1571.710935264284,0.012395383278010968,bodyfat_kg,SALIVA,0.8,Random Forest Regressor,BayesSearchCV,7.998398329121603,6.8025975463786095,65.7261236993169,-0.05778225480459298,5036aab1b4aa499bab7dbc396f7a5da2,experiment_linear_bodyfat_kg
929.5272034323739,0.012149066545936173,bodyfat_kg,SALIVA,0.8,Random Forest Regressor,BayesSearchCV,7.998398329121603,6.8025975463786095,65.7261236993169,-0.05778225480459298,5036aab1b4aa499bab7dbc396f7a5da2,experiment_linear_bodyfat_kg
1731.774748303468,0.0121351763884933,bodyfat_kg,SALIVA,0.8,Random Forest Regressor,BayesSearchCV,7.998398329121603,6.8025975463786095,65.7261236993169,-0.05778225480459298,5036aab1b4aa499bab7dbc396f7a5da2,experiment_linear_bodyfat_kg
1274.725065287965,0.011146102810465956,bodyfat_kg,SALIVA,0.8,Random Forest Regressor,BayesSearchCV,7.998398329121603,6.8025975463786095,65.7261236993169,-0.05778225480459298,5036aab1b4aa499bab7dbc396f7a5da2,experiment_linear_bodyfat_kg
3046.997886770022,0.01064650124611287,bodyfat_kg,SALIVA,0.8,Random Forest Regressor,BayesSearchCV,7.998398329121603,6.8025975463786095,65.7261236993169,-0.05778225480459298,5036aab1b4aa499bab7dbc396f7a5da2,experiment_linear_bodyfat_kg
1725.989309277955,0.01025080245426458,bodyfat_kg,SALIVA,0.8,Random Forest Regressor,BayesSearchCV,7.998398329121603,6.8025975463786095,65.7261236993169,-0.05778225480459298,5036aab1b4aa499bab7dbc396f7a5da2,experiment_linear_bodyfat_kg
1268.939626262452,0.010246680588484276,bodyfat_kg,SALIVA,0.8,Random Forest Regressor,BayesSearchCV,7.998398329121603,6.8025975463786095,65.7261236993169,-0.05778225480459298,5036aab1b4aa499bab7dbc396f7a5da2,experiment_linear_bodyfat_kg
3025.784610343142,0.009820576434758034,bodyfat_kg,SALIVA,0.8,Random Forest Regressor,BayesSearchCV,7.998398329121603,6.8025975463786095,65.7261236993169,-0.05778225480459298,5036aab1b4aa499bab7dbc396f7a5da2,experiment_linear_bodyfat_kg
2991.071976190066,0.009756857240649662,bodyfat_kg,SALIVA,0.8,Random Forest Regressor,BayesSearchCV,7.998398329121603,6.8025975463786095,65.7261236993169,-0.05778225480459298,5036aab1b4aa499bab7dbc396f7a5da2,experiment_linear_bodyfat_kg
2919.718228208742,0.009659941465911962,bodyfat_kg,SALIVA,0.8,Random Forest Regressor,BayesSearchCV,7.998398329121603,6.8025975463786095,65.7261236993169,-0.05778225480459298,5036aab1b4aa499bab7dbc396f7a5da2,experiment_linear_bodyfat_kg
1681.634276749025,0.009390862978614942,bodyfat_kg,SALIVA,0.8,Random Forest Regressor,BayesSearchCV,7.998398329121603,6.8025975463786095,65.7261236993169,-0.05778225480459298,5036aab1b4aa499bab7dbc396f7a5da2,experiment_linear_bodyfat_kg
1255.440268536256,0.00935258384976016,bodyfat_kg,SALIVA,0.8,Random Forest Regressor,BayesSearchCV,7.998398329121603,6.8025975463786095,65.7261236993169,-0.05778225480459298,5036aab1b4aa499bab7dbc396f7a5da2,experiment_linear_bodyfat_kg
1141.659967701173,0.004304096620054979,bodyfat_kg,SERUM,0.8,Random Forest Regressor,BayesSearchCV,9.89605316908036,6.8990225021065115,45.57700363256636,0.07280292011487943,5036aab1b4aa499bab7dbc396f7a5da2,experiment_linear_bodyfat_kg
1139.731488026002,0.004228606122600293,bodyfat_kg,SERUM,0.8,Random Forest Regressor,BayesSearchCV,9.89605316908036,6.8990225021065115,45.57700363256636,0.07280292011487943,5036aab1b4aa499bab7dbc396f7a5da2,experiment_linear_bodyfat_kg
1143.588447376344,0.004224697858687278,bodyfat_kg,SERUM,0.8,Random Forest Regressor,BayesSearchCV,9.89605316908036,6.8990225021065115,45.57700363256636,0.07280292011487943,5036aab1b4aa499bab7dbc396f7a5da2,experiment_linear_bodyfat_kg
1145.516927051515,0.004082776912485502,bodyfat_kg,SERUM,0.8,Random Forest Regressor,BayesSearchCV,9.89605316908036,6.8990225021065115,45.57700363256636,0.07280292011487943,5036aab1b4aa499bab7dbc396f7a5da2,experiment_linear_bodyfat_kg
1137.803008350831,0.003979164331680677,bodyfat_kg,SERUM,0.8,Random Forest Regressor,BayesSearchCV,9.89605316908036,6.8990225021065115,45.57700363256636,0.07280292011487943,5036aab1b4aa499bab7dbc396f7a5da2,experiment_linear_bodyfat_kg
1147.445406726686,0.003935680273928104,bodyfat_kg,SERUM,0.8,Random Forest Regressor,BayesSearchCV,9.89605316908036,6.8990225021065115,45.57700363256636,0.07280292011487943,5036aab1b4aa499bab7dbc396f7a5da2,experiment_linear_bodyfat_kg
1149.373886401856,0.0037866952970839985,bodyfat_kg,SERUM,0.8,Random Forest Regressor,BayesSearchCV,9.89605316908036,6.8990225021065115,45.57700363256636,0.07280292011487943,5036aab1b4aa499bab7dbc396f7a5da2,experiment_linear_bodyfat_kg
1151.302366077027,0.0036508165648449554,bodyfat_kg,SERUM,0.8,Random Forest Regressor,BayesSearchCV,9.89605316908036,6.8990225021065115,45.57700363256636,0.07280292011487943,5036aab1b4aa499bab7dbc396f7a5da2,experiment_linear_bodyfat_kg
1135.87452867566,0.0036018497060427614,bodyfat_kg,SERUM,0.8,Random Forest Regressor,BayesSearchCV,9.89605316908036,6.8990225021065115,45.57700363256636,0.07280292011487943,5036aab1b4aa499bab7dbc396f7a5da2,experiment_linear_bodyfat_kg
1386.576886447877,0.003576668440734721,bodyfat_kg,SERUM,0.8,Random Forest Regressor,BayesSearchCV,9.89605316908036,6.8990225021065115,45.57700363256636,0.07280292011487943,5036aab1b4aa499bab7dbc396f7a5da2,experiment_linear_bodyfat_kg
1153.230845752198,0.0035541870032020184,bodyfat_kg,SERUM,0.8,Random Forest Regressor,BayesSearchCV,9.89605316908036,6.8990225021065115,45.57700363256636,0.07280292011487943,5036aab1b4aa499bab7dbc396f7a5da2,experiment_linear_bodyfat_kg
1388.505366123048,0.0035162897456642115,bodyfat_kg,SERUM,0.8,Random Forest Regressor,BayesSearchCV,9.89605316908036,6.8990225021065115,45.57700363256636,0.07280292011487943,5036aab1b4aa499bab7dbc396f7a5da2,experiment_linear_bodyfat_kg
1155.159325427369,0.003475892514375338,bodyfat_kg,SERUM,0.8,Random Forest Regressor,BayesSearchCV,9.89605316908036,6.8990225021065115,45.57700363256636,0.07280292011487943,5036aab1b4aa499bab7dbc396f7a5da2,experiment_linear_bodyfat_kg
1157.08780510254,0.0033200669814071105,bodyfat_kg,SERUM,0.8,Random Forest Regressor,BayesSearchCV,9.89605316908036,6.8990225021065115,45.57700363256636,0.07280292011487943,5036aab1b4aa499bab7dbc396f7a5da2,experiment_linear_bodyfat_kg
1108.875813223267,0.003278400398612106,bodyfat_kg,SERUM,0.8,Random Forest Regressor,BayesSearchCV,9.89605316908036,6.8990225021065115,45.57700363256636,0.07280292011487943,5036aab1b4aa499bab7dbc396f7a5da2,experiment_linear_bodyfat_kg
1106.947333548097,0.0032716065842873987,bodyfat_kg,SERUM,0.8,Random Forest Regressor,BayesSearchCV,9.89605316908036,6.8990225021065115,45.57700363256636,0.07280292011487943,5036aab1b4aa499bab7dbc396f7a5da2,experiment_linear_bodyfat_kg
1110.804292898438,0.0032256057071559994,bodyfat_kg,SERUM,0.8,Random Forest Regressor,BayesSearchCV,9.89605316908036,6.8990225021065115,45.57700363256636,0.07280292011487943,5036aab1b4aa499bab7dbc396f7a5da2,experiment_linear_bodyfat_kg
1105.018853872926,0.003205732930798479,bodyfat_kg,SERUM,0.8,Random Forest Regressor,BayesSearchCV,9.89605316908036,6.8990225021065115,45.57700363256636,0.07280292011487943,5036aab1b4aa499bab7dbc396f7a5da2,experiment_linear_bodyfat_kg
1390.433845798219,0.003203728823855461,bodyfat_kg,SERUM,0.8,Random Forest Regressor,BayesSearchCV,9.89605316908036,6.8990225021065115,45.57700363256636,0.07280292011487943,5036aab1b4aa499bab7dbc396f7a5da2,experiment_linear_bodyfat_kg
1112.732772573609,0.0031900310358498447,bodyfat_kg,SERUM,0.8,Random Forest Regressor,BayesSearchCV,9.89605316908036,6.8990225021065115,45.57700363256636,0.07280292011487943,5036aab1b4aa499bab7dbc396f7a5da2,experiment_linear_bodyfat_kg
1139.731488026002,0.1950036980895003,bodyfat_kg,SERUM,0.8,Random Forest Regressor,BayesSearchCV,9.33602568321306,6.067254530716288,37.59965133897209,0.1747755426520311,5036aab1b4aa499bab7dbc396f7a5da2,experiment_linear_bodyfat_kg
1162.873244128053,0.07059388401990913,bodyfat_kg,SERUM,0.8,Random Forest Regressor,BayesSearchCV,9.33602568321306,6.067254530716288,37.59965133897209,0.1747755426520311,5036aab1b4aa499bab7dbc396f7a5da2,experiment_linear_bodyfat_kg
1143.588447376344,0.05096778434852717,bodyfat_kg,SERUM,0.8,Random Forest Regressor,BayesSearchCV,9.33602568321306,6.067254530716288,37.59965133897209,0.1747755426520311,5036aab1b4aa499bab7dbc396f7a5da2,experiment_linear_bodyfat_kg
1157.08780510254,0.03416884214768919,bodyfat_kg,SERUM,0.8,Random Forest Regressor,BayesSearchCV,9.33602568321306,6.067254530716288,37.59965133897209,0.1747755426520311,5036aab1b4aa499bab7dbc396f7a5da2,experiment_linear_bodyfat_kg
1164.801723803224,0.028542687620837653,bodyfat_kg,SERUM,0.8,Random Forest Regressor,BayesSearchCV,9.33602568321306,6.067254530716288,37.59965133897209,0.1747755426520311,5036aab1b4aa499bab7dbc396f7a5da2,experiment_linear_bodyfat_kg
1159.016284777711,0.0265504680047376,bodyfat_kg,SERUM,0.8,Random Forest Regressor,BayesSearchCV,9.33602568321306,6.067254530716288,37.59965133897209,0.1747755426520311,5036aab1b4aa499bab7dbc396f7a5da2,experiment_linear_bodyfat_kg
1137.803008350831,0.02554422008483391,bodyfat_kg,SERUM,0.8,Random Forest Regressor,BayesSearchCV,9.33602568321306,6.067254530716288,37.59965133897209,0.1747755426520311,5036aab1b4aa499bab7dbc396f7a5da2,experiment_linear_bodyfat_kg
1160.944764452882,0.0190931125766751,bodyfat_kg,SERUM,0.8,Random Forest Regressor,BayesSearchCV,9.33602568321306,6.067254530716288,37.59965133897209,0.1747755426520311,5036aab1b4aa499bab7dbc396f7a5da2,experiment_linear_bodyfat_kg
1141.659967701173,0.01858507458798642,bodyfat_kg,SERUM,0.8,Random Forest Regressor,BayesSearchCV,9.33602568321306,6.067254530716288,37.59965133897209,0.1747755426520311,5036aab1b4aa499bab7dbc396f7a5da2,experiment_linear_bodyfat_kg
1155.159325427369,0.01571836499609622,bodyfat_kg,SERUM,0.8,Random Forest Regressor,BayesSearchCV,9.33602568321306,6.067254530716288,37.59965133897209,0.1747755426520311,5036aab1b4aa499bab7dbc396f7a5da2,experiment_linear_bodyfat_kg
1648.85012227112,0.014978163513739571,bodyfat_kg,SERUM,0.8,Random Forest Regressor,BayesSearchCV,9.33602568321306,6.067254530716288,37.59965133897209,0.1747755426520311,5036aab1b4aa499bab7dbc396f7a5da2,experiment_linear_bodyfat_kg
1116.589731923951,0.014937963296798659,bodyfat_kg,SERUM,0.8,Random Forest Regressor,BayesSearchCV,9.33602568321306,6.067254530716288,37.59965133897209,0.1747755426520311,5036aab1b4aa499bab7dbc396f7a5da2,experiment_linear_bodyfat_kg
1145.516927051515,0.01352311399536908,bodyfat_kg,SERUM,0.8,Random Forest Regressor,BayesSearchCV,9.33602568321306,6.067254530716288,37.59965133897209,0.1747755426520311,5036aab1b4aa499bab7dbc396f7a5da2,experiment_linear_bodyfat_kg
1826.270252386842,0.011055592782476094,bodyfat_kg,SERUM,0.8,Random Forest Regressor,BayesSearchCV,9.33602568321306,6.067254530716288,37.59965133897209,0.1747755426520311,5036aab1b4aa499bab7dbc396f7a5da2,experiment_linear_bodyfat_kg
1118.518211599122,0.011050851447825059,bodyfat_kg,SERUM,0.8,Random Forest Regressor,BayesSearchCV,9.33602568321306,6.067254530716288,37.59965133897209,0.1747755426520311,5036aab1b4aa499bab7dbc396f7a5da2,experiment_linear_bodyfat_kg
1671.99187837317,0.011004682388792668,bodyfat_kg,SERUM,0.8,Random Forest Regressor,BayesSearchCV,9.33602568321306,6.067254530716288,37.59965133897209,0.1747755426520311,5036aab1b4aa499bab7dbc396f7a5da2,experiment_linear_bodyfat_kg
2713.370902965456,0.01047309905653304,bodyfat_kg,SERUM,0.8,Random Forest Regressor,BayesSearchCV,9.33602568321306,6.067254530716288,37.59965133897209,0.1747755426520311,5036aab1b4aa499bab7dbc396f7a5da2,experiment_linear_bodyfat_kg
2705.656984264772,0.00991832942454291,bodyfat_kg,SERUM,0.8,Random Forest Regressor,BayesSearchCV,9.33602568321306,6.067254530716288,37.59965133897209,0.1747755426520311,5036aab1b4aa499bab7dbc396f7a5da2,experiment_linear_bodyfat_kg
1465.644553129884,0.009388027126158091,bodyfat_kg,SERUM,0.8,Random Forest Regressor,BayesSearchCV,9.33602568321306,6.067254530716288,37.59965133897209,0.1747755426520311,5036aab1b4aa499bab7dbc396f7a5da2,experiment_linear_bodyfat_kg
1110.804292898438,0.009101221611886052,bodyfat_kg,SERUM,0.8,Random Forest Regressor,BayesSearchCV,9.33602568321306,6.067254530716288,37.59965133897209,0.1747755426520311,5036aab1b4aa499bab7dbc396f7a5da2,experiment_linear_bodyfat_kg
1141.659967701173,0.00398490313685009,bodyfat_kg,SERUM,0.8,Random Forest Regressor,BayesSearchCV,10.268797679524488,6.92321849464898,43.82562681299066,0.0016399140226979192,5036aab1b4aa499bab7dbc396f7a5da2,experiment_linear_bodyfat_kg
1139.731488026002,0.003975816663958668,bodyfat_kg,SERUM,0.8,Random Forest Regressor,BayesSearchCV,10.268797679524488,6.92321849464898,43.82562681299066,0.0016399140226979192,5036aab1b4aa499bab7dbc396f7a5da2,experiment_linear_bodyfat_kg
1143.588447376344,0.003882457210056466,bodyfat_kg,SERUM,0.8,Random Forest Regressor,BayesSearchCV,10.268797679524488,6.92321849464898,43.82562681299066,0.0016399140226979192,5036aab1b4aa499bab7dbc396f7a5da2,experiment_linear_bodyfat_kg
1137.803008350831,0.003835298026126487,bodyfat_kg,SERUM,0.8,Random Forest Regressor,BayesSearchCV,10.268797679524488,6.92321849464898,43.82562681299066,0.0016399140226979192,5036aab1b4aa499bab7dbc396f7a5da2,experiment_linear_bodyfat_kg
1145.516927051515,0.003741975253859964,bodyfat_kg,SERUM,0.8,Random Forest Regressor,BayesSearchCV,10.268797679524488,6.92321849464898,43.82562681299066,0.0016399140226979192,5036aab1b4aa499bab7dbc396f7a5da2,experiment_linear_bodyfat_kg
1147.445406726686,0.0036083271892729165,bodyfat_kg,SERUM,0.8,Random Forest Regressor,BayesSearchCV,10.268797679524488,6.92321849464898,43.82562681299066,0.0016399140226979192,5036aab1b4aa499bab7dbc396f7a5da2,experiment_linear_bodyfat_kg
1135.87452867566,0.0035754035289089787,bodyfat_kg,SERUM,0.8,Random Forest Regressor,BayesSearchCV,10.268797679524488,6.92321849464898,43.82562681299066,0.0016399140226979192,5036aab1b4aa499bab7dbc396f7a5da2,experiment_linear_bodyfat_kg
1149.373886401856,0.0034674915507263296,bodyfat_kg,SERUM,0.8,Random Forest Regressor,BayesSearchCV,10.268797679524488,6.92321849464898,43.82562681299066,0.0016399140226979192,5036aab1b4aa499bab7dbc396f7a5da2,experiment_linear_bodyfat_kg
1589.067252340822,0.0034286255164354277,bodyfat_kg,SERUM,0.8,Random Forest Regressor,BayesSearchCV,10.268797679524488,6.92321849464898,43.82562681299066,0.0016399140226979192,5036aab1b4aa499bab7dbc396f7a5da2,experiment_linear_bodyfat_kg
1587.138772665651,0.00341125851829259,bodyfat_kg,SERUM,0.8,Random Forest Regressor,BayesSearchCV,10.268797679524488,6.92321849464898,43.82562681299066,0.0016399140226979192,5036aab1b4aa499bab7dbc396f7a5da2,experiment_linear_bodyfat_kg
1585.21029299048,0.003370675346352951,bodyfat_kg,SERUM,0.8,Random Forest Regressor,BayesSearchCV,10.268797679524488,6.92321849464898,43.82562681299066,0.0016399140226979192,5036aab1b4aa499bab7dbc396f7a5da2,experiment_linear_bodyfat_kg
1583.281813315309,0.0033319761670579815,bodyfat_kg,SERUM,0.8,Random Forest Regressor,BayesSearchCV,10.268797679524488,6.92321849464898,43.82562681299066,0.0016399140226979192,5036aab1b4aa499bab7dbc396f7a5da2,experiment_linear_bodyfat_kg
1151.302366077027,0.0033236568046329357,bodyfat_kg,SERUM,0.8,Random Forest Regressor,BayesSearchCV,10.268797679524488,6.92321849464898,43.82562681299066,0.0016399140226979192,5036aab1b4aa499bab7dbc396f7a5da2,experiment_linear_bodyfat_kg
1590.995732015992,0.0033188717458309176,bodyfat_kg,SERUM,0.8,Random Forest Regressor,BayesSearchCV,10.268797679524488,6.92321849464898,43.82562681299066,0.0016399140226979192,5036aab1b4aa499bab7dbc396f7a5da2,experiment_linear_bodyfat_kg
1133.946049000489,0.0032403901977998235,bodyfat_kg,SERUM,0.8,Random Forest Regressor,BayesSearchCV,10.268797679524488,6.92321849464898,43.82562681299066,0.0016399140226979192,5036aab1b4aa499bab7dbc396f7a5da2,experiment_linear_bodyfat_kg
1153.230845752198,0.0032156951076580203,bodyfat_kg,SERUM,0.8,Random Forest Regressor,BayesSearchCV,10.268797679524488,6.92321849464898,43.82562681299066,0.0016399140226979192,5036aab1b4aa499bab7dbc396f7a5da2,experiment_linear_bodyfat_kg
1592.924211691163,0.0031851208719442733,bodyfat_kg,SERUM,0.8,Random Forest Regressor,BayesSearchCV,10.268797679524488,6.92321849464898,43.82562681299066,0.0016399140226979192,5036aab1b4aa499bab7dbc396f7a5da2,experiment_linear_bodyfat_kg
1155.159325427369,0.0031362766141373034,bodyfat_kg,SERUM,0.8,Random Forest Regressor,BayesSearchCV,10.268797679524488,6.92321849464898,43.82562681299066,0.0016399140226979192,5036aab1b4aa499bab7dbc396f7a5da2,experiment_linear_bodyfat_kg
1581.353333640138,0.003097511020328097,bodyfat_kg,SERUM,0.8,Random Forest Regressor,BayesSearchCV,10.268797679524488,6.92321849464898,43.82562681299066,0.0016399140226979192,5036aab1b4aa499bab7dbc396f7a5da2,experiment_linear_bodyfat_kg
1112.732772573609,0.003043967706268071,bodyfat_kg,SERUM,0.8,Random Forest Regressor,BayesSearchCV,10.268797679524488,6.92321849464898,43.82562681299066,0.0016399140226979192,5036aab1b4aa499bab7dbc396f7a5da2,experiment_linear_bodyfat_kg
1139.731488026002,0.18952254179461508,bodyfat_kg,SERUM,0.8,Random Forest Regressor,BayesSearchCV,9.336475774172436,6.07037162596839,37.626216783789154,0.17469597238657542,5036aab1b4aa499bab7dbc396f7a5da2,experiment_linear_bodyfat_kg
1162.873244128053,0.07356583437509143,bodyfat_kg,SERUM,0.8,Random Forest Regressor,BayesSearchCV,9.336475774172436,6.07037162596839,37.626216783789154,0.17469597238657542,5036aab1b4aa499bab7dbc396f7a5da2,experiment_linear_bodyfat_kg
1143.588447376344,0.048544484907834445,bodyfat_kg,SERUM,0.8,Random Forest Regressor,BayesSearchCV,9.336475774172436,6.07037162596839,37.626216783789154,0.17469597238657542,5036aab1b4aa499bab7dbc396f7a5da2,experiment_linear_bodyfat_kg
1157.08780510254,0.03611950471896379,bodyfat_kg,SERUM,0.8,Random Forest Regressor,BayesSearchCV,9.336475774172436,6.07037162596839,37.626216783789154,0.17469597238657542,5036aab1b4aa499bab7dbc396f7a5da2,experiment_linear_bodyfat_kg
1164.801723803224,0.027182607625319044,bodyfat_kg,SERUM,0.8,Random Forest Regressor,BayesSearchCV,9.336475774172436,6.07037162596839,37.626216783789154,0.17469597238657542,5036aab1b4aa499bab7dbc396f7a5da2,experiment_linear_bodyfat_kg
1159.016284777711,0.025459338051282362,bodyfat_kg,SERUM,0.8,Random Forest Regressor,BayesSearchCV,9.336475774172436,6.07037162596839,37.626216783789154,0.17469597238657542,5036aab1b4aa499bab7dbc396f7a5da2,experiment_linear_bodyfat_kg
1137.803008350831,0.02421432651787713,bodyfat_kg,SERUM,0.8,Random Forest Regressor,BayesSearchCV,9.336475774172436,6.07037162596839,37.626216783789154,0.17469597238657542,5036aab1b4aa499bab7dbc396f7a5da2,experiment_linear_bodyfat_kg
1160.944764452882,0.018293507956543394,bodyfat_kg,SERUM,0.8,Random Forest Regressor,BayesSearchCV,9.336475774172436,6.07037162596839,37.626216783789154,0.17469597238657542,5036aab1b4aa499bab7dbc396f7a5da2,experiment_linear_bodyfat_kg
1141.659967701173,0.01761346677014542,bodyfat_kg,SERUM,0.8,Random Forest Regressor,BayesSearchCV,9.336475774172436,6.07037162596839,37.626216783789154,0.17469597238657542,5036aab1b4aa499bab7dbc396f7a5da2,experiment_linear_bodyfat_kg
1155.159325427369,0.015043990615051116,bodyfat_kg,SERUM,0.8,Random Forest Regressor,BayesSearchCV,9.336475774172436,6.07037162596839,37.626216783789154,0.17469597238657542,5036aab1b4aa499bab7dbc396f7a5da2,experiment_linear_bodyfat_kg
1648.85012227112,0.014254024648357209,bodyfat_kg,SERUM,0.8,Random Forest Regressor,BayesSearchCV,9.336475774172436,6.07037162596839,37.626216783789154,0.17469597238657542,5036aab1b4aa499bab7dbc396f7a5da2,experiment_linear_bodyfat_kg
1671.99187837317,0.014128775361653597,bodyfat_kg,SERUM,0.8,Random Forest Regressor,BayesSearchCV,9.336475774172436,6.07037162596839,37.626216783789154,0.17469597238657542,5036aab1b4aa499bab7dbc396f7a5da2,experiment_linear_bodyfat_kg
1116.589731923951,0.01406060857328981,bodyfat_kg,SERUM,0.8,Random Forest Regressor,BayesSearchCV,9.336475774172436,6.07037162596839,37.626216783789154,0.17469597238657542,5036aab1b4aa499bab7dbc396f7a5da2,experiment_linear_bodyfat_kg
1145.516927051515,0.012956149518041186,bodyfat_kg,SERUM,0.8,Random Forest Regressor,BayesSearchCV,9.336475774172436,6.07037162596839,37.626216783789154,0.17469597238657542,5036aab1b4aa499bab7dbc396f7a5da2,experiment_linear_bodyfat_kg
1118.518211599122,0.010442639969946923,bodyfat_kg,SERUM,0.8,Random Forest Regressor,BayesSearchCV,9.336475774172436,6.07037162596839,37.626216783789154,0.17469597238657542,5036aab1b4aa499bab7dbc396f7a5da2,experiment_linear_bodyfat_kg
2705.656984264772,0.01026909681202266,bodyfat_kg,SERUM,0.8,Random Forest Regressor,BayesSearchCV,9.336475774172436,6.07037162596839,37.626216783789154,0.17469597238657542,5036aab1b4aa499bab7dbc396f7a5da2,experiment_linear_bodyfat_kg
1826.270252386842,0.01026155625038663,bodyfat_kg,SERUM,0.8,Random Forest Regressor,BayesSearchCV,9.336475774172436,6.07037162596839,37.626216783789154,0.17469597238657542,5036aab1b4aa499bab7dbc396f7a5da2,experiment_linear_bodyfat_kg
2713.370902965456,0.010237316205091574,bodyfat_kg,SERUM,0.8,Random Forest Regressor,BayesSearchCV,9.336475774172436,6.07037162596839,37.626216783789154,0.17469597238657542,5036aab1b4aa499bab7dbc396f7a5da2,experiment_linear_bodyfat_kg
1386.576886447877,0.009729330663229013,bodyfat_kg,SERUM,0.8,Random Forest Regressor,BayesSearchCV,9.336475774172436,6.07037162596839,37.626216783789154,0.17469597238657542,5036aab1b4aa499bab7dbc396f7a5da2,experiment_linear_bodyfat_kg
1465.644553129884,0.00878151839260943,bodyfat_kg,SERUM,0.8,Random Forest Regressor,BayesSearchCV,9.336475774172436,6.07037162596839,37.626216783789154,0.17469597238657542,5036aab1b4aa499bab7dbc396f7a5da2,experiment_linear_bodyfat_kg
1776.129780832399,0.005376047233122908,bodyfat_kg,URINE,0.8,Random Forest Regressor,BayesSearchCV,11.026156430820789,9.049451317129316,61.45274379477597,-0.08137091245406802,5036aab1b4aa499bab7dbc396f7a5da2,experiment_linear_bodyfat_kg
1774.201301157228,0.005291813466320847,bodyfat_kg,URINE,0.8,Random Forest Regressor,BayesSearchCV,11.026156430820789,9.049451317129316,61.45274379477597,-0.08137091245406802,5036aab1b4aa499bab7dbc396f7a5da2,experiment_linear_bodyfat_kg
1778.05826050757,0.005256299796776088,bodyfat_kg,URINE,0.8,Random Forest Regressor,BayesSearchCV,11.026156430820789,9.049451317129316,61.45274379477597,-0.08137091245406802,5036aab1b4aa499bab7dbc396f7a5da2,experiment_linear_bodyfat_kg
1772.272821482057,0.005194605795192045,bodyfat_kg,URINE,0.8,Random Forest Regressor,BayesSearchCV,11.026156430820789,9.049451317129316,61.45274379477597,-0.08137091245406802,5036aab1b4aa499bab7dbc396f7a5da2,experiment_linear_bodyfat_kg
1770.344341806886,0.005172092359325165,bodyfat_kg,URINE,0.8,Random Forest Regressor,BayesSearchCV,11.026156430820789,9.049451317129316,61.45274379477597,-0.08137091245406802,5036aab1b4aa499bab7dbc396f7a5da2,experiment_linear_bodyfat_kg
1779.986740182741,0.005160800194265336,bodyfat_kg,URINE,0.8,Random Forest Regressor,BayesSearchCV,11.026156430820789,9.049451317129316,61.45274379477597,-0.08137091245406802,5036aab1b4aa499bab7dbc396f7a5da2,experiment_linear_bodyfat_kg
1781.915219857912,0.0050629247536920306,bodyfat_kg,URINE,0.8,Random Forest Regressor,BayesSearchCV,11.026156430820789,9.049451317129316,61.45274379477597,-0.08137091245406802,5036aab1b4aa499bab7dbc396f7a5da2,experiment_linear_bodyfat_kg
1768.415862131715,0.0049654601222110985,bodyfat_kg,URINE,0.8,Random Forest Regressor,BayesSearchCV,11.026156430820789,9.049451317129316,61.45274379477597,-0.08137091245406802,5036aab1b4aa499bab7dbc396f7a5da2,experiment_linear_bodyfat_kg
1766.487382456544,0.004851091793452291,bodyfat_kg,URINE,0.8,Random Forest Regressor,BayesSearchCV,11.026156430820789,9.049451317129316,61.45274379477597,-0.08137091245406802,5036aab1b4aa499bab7dbc396f7a5da2,experiment_linear_bodyfat_kg
1783.843699533082,0.004827279375415984,bodyfat_kg,URINE,0.8,Random Forest Regressor,BayesSearchCV,11.026156430820789,9.049451317129316,61.45274379477597,-0.08137091245406802,5036aab1b4aa499bab7dbc396f7a5da2,experiment_linear_bodyfat_kg
1764.558902781373,0.00478669462481109,bodyfat_kg,URINE,0.8,Random Forest Regressor,BayesSearchCV,11.026156430820789,9.049451317129316,61.45274379477597,-0.08137091245406802,5036aab1b4aa499bab7dbc396f7a5da2,experiment_linear_bodyfat_kg
1762.630423106202,0.004441418942355338,bodyfat_kg,URINE,0.8,Random Forest Regressor,BayesSearchCV,11.026156430820789,9.049451317129316,61.45274379477597,-0.08137091245406802,5036aab1b4aa499bab7dbc396f7a5da2,experiment_linear_bodyfat_kg
1785.772179208253,0.004411985112561809,bodyfat_kg,URINE,0.8,Random Forest Regressor,BayesSearchCV,11.026156430820789,9.049451317129316,61.45274379477597,-0.08137091245406802,5036aab1b4aa499bab7dbc396f7a5da2,experiment_linear_bodyfat_kg
1760.701943431032,0.004294951260175095,bodyfat_kg,URINE,0.8,Random Forest Regressor,BayesSearchCV,11.026156430820789,9.049451317129316,61.45274379477597,-0.08137091245406802,5036aab1b4aa499bab7dbc396f7a5da2,experiment_linear_bodyfat_kg
1758.773463755861,0.004109633009504443,bodyfat_kg,URINE,0.8,Random Forest Regressor,BayesSearchCV,11.026156430820789,9.049451317129316,61.45274379477597,-0.08137091245406802,5036aab1b4aa499bab7dbc396f7a5da2,experiment_linear_bodyfat_kg
1787.700658883424,0.003980082272121392,bodyfat_kg,URINE,0.8,Random Forest Regressor,BayesSearchCV,11.026156430820789,9.049451317129316,61.45274379477597,-0.08137091245406802,5036aab1b4aa499bab7dbc396f7a5da2,experiment_linear_bodyfat_kg
935.3126424578863,0.0038828854848665436,bodyfat_kg,URINE,0.8,Random Forest Regressor,BayesSearchCV,11.026156430820789,9.049451317129316,61.45274379477597,-0.08137091245406802,5036aab1b4aa499bab7dbc396f7a5da2,experiment_linear_bodyfat_kg
1276.653544963136,0.003837050061908439,bodyfat_kg,URINE,0.8,Random Forest Regressor,BayesSearchCV,11.026156430820789,9.049451317129316,61.45274379477597,-0.08137091245406802,5036aab1b4aa499bab7dbc396f7a5da2,experiment_linear_bodyfat_kg
1274.725065287965,0.003782105833959587,bodyfat_kg,URINE,0.8,Random Forest Regressor,BayesSearchCV,11.026156430820789,9.049451317129316,61.45274379477597,-0.08137091245406802,5036aab1b4aa499bab7dbc396f7a5da2,experiment_linear_bodyfat_kg
1278.582024638307,0.003727158696453103,bodyfat_kg,URINE,0.8,Random Forest Regressor,BayesSearchCV,11.026156430820789,9.049451317129316,61.45274379477597,-0.08137091245406802,5036aab1b4aa499bab7dbc396f7a5da2,experiment_linear_bodyfat_kg
1702.847553175905,0.019782982192052267,bodyfat_kg,URINE,0.8,Random Forest Regressor,BayesSearchCV,10.673042528174275,9.162372481604365,64.4514424319941,-0.013217924202597597,5036aab1b4aa499bab7dbc396f7a5da2,experiment_linear_bodyfat_kg
1108.875813223267,0.019347922961942817,bodyfat_kg,URINE,0.8,Random Forest Regressor,BayesSearchCV,10.673042528174275,9.162372481604365,64.4514424319941,-0.013217924202597597,5036aab1b4aa499bab7dbc396f7a5da2,experiment_linear_bodyfat_kg
1110.804292898438,0.014995468607483046,bodyfat_kg,URINE,0.8,Random Forest Regressor,BayesSearchCV,10.673042528174275,9.162372481604365,64.4514424319941,-0.013217924202597597,5036aab1b4aa499bab7dbc396f7a5da2,experiment_linear_bodyfat_kg
1114.66125224878,0.013552124911525451,bodyfat_kg,URINE,0.8,Random Forest Regressor,BayesSearchCV,10.673042528174275,9.162372481604365,64.4514424319941,-0.013217924202597597,5036aab1b4aa499bab7dbc396f7a5da2,experiment_linear_bodyfat_kg
1319.080097816896,0.012050586453234301,bodyfat_kg,URINE,0.8,Random Forest Regressor,BayesSearchCV,10.673042528174275,9.162372481604365,64.4514424319941,-0.013217924202597597,5036aab1b4aa499bab7dbc396f7a5da2,experiment_linear_bodyfat_kg
1708.632992201417,0.012038733276136526,bodyfat_kg,URINE,0.8,Random Forest Regressor,BayesSearchCV,10.673042528174275,9.162372481604365,64.4514424319941,-0.013217924202597597,5036aab1b4aa499bab7dbc396f7a5da2,experiment_linear_bodyfat_kg
1631.493805194581,0.010561196595235618,bodyfat_kg,URINE,0.8,Random Forest Regressor,BayesSearchCV,10.673042528174275,9.162372481604365,64.4514424319941,-0.013217924202597597,5036aab1b4aa499bab7dbc396f7a5da2,experiment_linear_bodyfat_kg
960.3828782351084,0.010424406391036771,bodyfat_kg,URINE,0.8,Random Forest Regressor,BayesSearchCV,10.673042528174275,9.162372481604365,64.4514424319941,-0.013217924202597597,5036aab1b4aa499bab7dbc396f7a5da2,experiment_linear_bodyfat_kg
1294.009862039674,0.010258651827716713,bodyfat_kg,URINE,0.8,Random Forest Regressor,BayesSearchCV,10.673042528174275,9.162372481604365,64.4514424319941,-0.013217924202597597,5036aab1b4aa499bab7dbc396f7a5da2,experiment_linear_bodyfat_kg
1072.23469939502,0.009974021446826228,bodyfat_kg,URINE,0.8,Random Forest Regressor,BayesSearchCV,10.673042528174275,9.162372481604365,64.4514424319941,-0.013217924202597597,5036aab1b4aa499bab7dbc396f7a5da2,experiment_linear_bodyfat_kg
1322.937057167237,0.009858170718030005,bodyfat_kg,URINE,0.8,Random Forest Regressor,BayesSearchCV,10.673042528174275,9.162372481604365,64.4514424319941,-0.013217924202597597,5036aab1b4aa499bab7dbc396f7a5da2,experiment_linear_bodyfat_kg
1704.776032851076,0.009539766678881845,bodyfat_kg,URINE,0.8,Random Forest Regressor,BayesSearchCV,10.673042528174275,9.162372481604365,64.4514424319941,-0.013217924202597597,5036aab1b4aa499bab7dbc396f7a5da2,experiment_linear_bodyfat_kg
1639.207723895265,0.009180035990199509,bodyfat_kg,URINE,0.8,Random Forest Regressor,BayesSearchCV,10.673042528174275,9.162372481604365,64.4514424319941,-0.013217924202597597,5036aab1b4aa499bab7dbc396f7a5da2,experiment_linear_bodyfat_kg
1785.772179208253,0.00901499926048376,bodyfat_kg,URINE,0.8,Random Forest Regressor,BayesSearchCV,10.673042528174275,9.162372481604365,64.4514424319941,-0.013217924202597597,5036aab1b4aa499bab7dbc396f7a5da2,experiment_linear_bodyfat_kg
1290.152902689332,0.008979556044033122,bodyfat_kg,URINE,0.8,Random Forest Regressor,BayesSearchCV,10.673042528174275,9.162372481604365,64.4514424319941,-0.013217924202597597,5036aab1b4aa499bab7dbc396f7a5da2,experiment_linear_bodyfat_kg
1700.919073500734,0.008794928265722202,bodyfat_kg,URINE,0.8,Random Forest Regressor,BayesSearchCV,10.673042528174275,9.162372481604365,64.4514424319941,-0.013217924202597597,5036aab1b4aa499bab7dbc396f7a5da2,experiment_linear_bodyfat_kg
1035.593585566773,0.00878806618265358,bodyfat_kg,URINE,0.8,Random Forest Regressor,BayesSearchCV,10.673042528174275,9.162372481604365,64.4514424319941,-0.013217924202597597,5036aab1b4aa499bab7dbc396f7a5da2,experiment_linear_bodyfat_kg
1783.843699533082,0.008772194235820284,bodyfat_kg,URINE,0.8,Random Forest Regressor,BayesSearchCV,10.673042528174275,9.162372481604365,64.4514424319941,-0.013217924202597597,5036aab1b4aa499bab7dbc396f7a5da2,experiment_linear_bodyfat_kg
1635.350764544923,0.007883457402114801,bodyfat_kg,URINE,0.8,Random Forest Regressor,BayesSearchCV,10.673042528174275,9.162372481604365,64.4514424319941,-0.013217924202597597,5036aab1b4aa499bab7dbc396f7a5da2,experiment_linear_bodyfat_kg
1670.063398697999,0.007664239634307425,bodyfat_kg,URINE,0.8,Random Forest Regressor,BayesSearchCV,10.673042528174275,9.162372481604365,64.4514424319941,-0.013217924202597597,5036aab1b4aa499bab7dbc396f7a5da2,experiment_linear_bodyfat_kg
1776.129780832399,0.005226136699261286,bodyfat_kg,URINE,0.8,Random Forest Regressor,BayesSearchCV,11.23001050707168,9.166809926703198,62.61847771296895,-0.12172580119939536,5036aab1b4aa499bab7dbc396f7a5da2,experiment_linear_bodyfat_kg
1774.201301157228,0.005126798713560519,bodyfat_kg,URINE,0.8,Random Forest Regressor,BayesSearchCV,11.23001050707168,9.166809926703198,62.61847771296895,-0.12172580119939536,5036aab1b4aa499bab7dbc396f7a5da2,experiment_linear_bodyfat_kg
1778.05826050757,0.005105435266240057,bodyfat_kg,URINE,0.8,Random Forest Regressor,BayesSearchCV,11.23001050707168,9.166809926703198,62.61847771296895,-0.12172580119939536,5036aab1b4aa499bab7dbc396f7a5da2,experiment_linear_bodyfat_kg
1779.986740182741,0.005023580206688069,bodyfat_kg,URINE,0.8,Random Forest Regressor,BayesSearchCV,11.23001050707168,9.166809926703198,62.61847771296895,-0.12172580119939536,5036aab1b4aa499bab7dbc396f7a5da2,experiment_linear_bodyfat_kg
1772.272821482057,0.00501889808056531,bodyfat_kg,URINE,0.8,Random Forest Regressor,BayesSearchCV,11.23001050707168,9.166809926703198,62.61847771296895,-0.12172580119939536,5036aab1b4aa499bab7dbc396f7a5da2,experiment_linear_bodyfat_kg
1770.344341806886,0.00499798241023783,bodyfat_kg,URINE,0.8,Random Forest Regressor,BayesSearchCV,11.23001050707168,9.166809926703198,62.61847771296895,-0.12172580119939536,5036aab1b4aa499bab7dbc396f7a5da2,experiment_linear_bodyfat_kg
1781.915219857912,0.0049537422670769965,bodyfat_kg,URINE,0.8,Random Forest Regressor,BayesSearchCV,11.23001050707168,9.166809926703198,62.61847771296895,-0.12172580119939536,5036aab1b4aa499bab7dbc396f7a5da2,experiment_linear_bodyfat_kg
1768.415862131715,0.004774117863694198,bodyfat_kg,URINE,0.8,Random Forest Regressor,BayesSearchCV,11.23001050707168,9.166809926703198,62.61847771296895,-0.12172580119939536,5036aab1b4aa499bab7dbc396f7a5da2,experiment_linear_bodyfat_kg
1783.843699533082,0.004741839725554051,bodyfat_kg,URINE,0.8,Random Forest Regressor,BayesSearchCV,11.23001050707168,9.166809926703198,62.61847771296895,-0.12172580119939536,5036aab1b4aa499bab7dbc396f7a5da2,experiment_linear_bodyfat_kg
1766.487382456544,0.00465641170264175,bodyfat_kg,URINE,0.8,Random Forest Regressor,BayesSearchCV,11.23001050707168,9.166809926703198,62.61847771296895,-0.12172580119939536,5036aab1b4aa499bab7dbc396f7a5da2,experiment_linear_bodyfat_kg
1764.558902781373,0.004597474373081978,bodyfat_kg,URINE,0.8,Random Forest Regressor,BayesSearchCV,11.23001050707168,9.166809926703198,62.61847771296895,-0.12172580119939536,5036aab1b4aa499bab7dbc396f7a5da2,experiment_linear_bodyfat_kg
1785.772179208253,0.004334501143327556,bodyfat_kg,URINE,0.8,Random Forest Regressor,BayesSearchCV,11.23001050707168,9.166809926703198,62.61847771296895,-0.12172580119939536,5036aab1b4aa499bab7dbc396f7a5da2,experiment_linear_bodyfat_kg
1762.630423106202,0.004228646666688423,bodyfat_kg,URINE,0.8,Random Forest Regressor,BayesSearchCV,11.23001050707168,9.166809926703198,62.61847771296895,-0.12172580119939536,5036aab1b4aa499bab7dbc396f7a5da2,experiment_linear_bodyfat_kg
1760.701943431032,0.004085278733002526,bodyfat_kg,URINE,0.8,Random Forest Regressor,BayesSearchCV,11.23001050707168,9.166809926703198,62.61847771296895,-0.12172580119939536,5036aab1b4aa499bab7dbc396f7a5da2,experiment_linear_bodyfat_kg
935.3126424578863,0.004040030273408817,bodyfat_kg,URINE,0.8,Random Forest Regressor,BayesSearchCV,11.23001050707168,9.166809926703198,62.61847771296895,-0.12172580119939536,5036aab1b4aa499bab7dbc396f7a5da2,experiment_linear_bodyfat_kg
1787.700658883424,0.003906973167239329,bodyfat_kg,URINE,0.8,Random Forest Regressor,BayesSearchCV,11.23001050707168,9.166809926703198,62.61847771296895,-0.12172580119939536,5036aab1b4aa499bab7dbc396f7a5da2,experiment_linear_bodyfat_kg
1758.773463755861,0.0039034278998694993,bodyfat_kg,URINE,0.8,Random Forest Regressor,BayesSearchCV,11.23001050707168,9.166809926703198,62.61847771296895,-0.12172580119939536,5036aab1b4aa499bab7dbc396f7a5da2,experiment_linear_bodyfat_kg
1276.653544963136,0.0037695799040573306,bodyfat_kg,URINE,0.8,Random Forest Regressor,BayesSearchCV,11.23001050707168,9.166809926703198,62.61847771296895,-0.12172580119939536,5036aab1b4aa499bab7dbc396f7a5da2,experiment_linear_bodyfat_kg
1274.725065287965,0.0037231488890508754,bodyfat_kg,URINE,0.8,Random Forest Regressor,BayesSearchCV,11.23001050707168,9.166809926703198,62.61847771296895,-0.12172580119939536,5036aab1b4aa499bab7dbc396f7a5da2,experiment_linear_bodyfat_kg
933.3841627827155,0.003709899206174544,bodyfat_kg,URINE,0.8,Random Forest Regressor,BayesSearchCV,11.23001050707168,9.166809926703198,62.61847771296895,-0.12172580119939536,5036aab1b4aa499bab7dbc396f7a5da2,experiment_linear_bodyfat_kg
1702.847553175905,0.019782982192052267,bodyfat_kg,URINE,0.8,Random Forest Regressor,BayesSearchCV,10.673042528174275,9.162372481604365,64.4514424319941,-0.013217924202597597,5036aab1b4aa499bab7dbc396f7a5da2,experiment_linear_bodyfat_kg
1108.875813223267,0.019347922961942817,bodyfat_kg,URINE,0.8,Random Forest Regressor,BayesSearchCV,10.673042528174275,9.162372481604365,64.4514424319941,-0.013217924202597597,5036aab1b4aa499bab7dbc396f7a5da2,experiment_linear_bodyfat_kg
1110.804292898438,0.014995468607483046,bodyfat_kg,URINE,0.8,Random Forest Regressor,BayesSearchCV,10.673042528174275,9.162372481604365,64.4514424319941,-0.013217924202597597,5036aab1b4aa499bab7dbc396f7a5da2,experiment_linear_bodyfat_kg
1114.66125224878,0.013552124911525451,bodyfat_kg,URINE,0.8,Random Forest Regressor,BayesSearchCV,10.673042528174275,9.162372481604365,64.4514424319941,-0.013217924202597597,5036aab1b4aa499bab7dbc396f7a5da2,experiment_linear_bodyfat_kg
1319.080097816896,0.012050586453234301,bodyfat_kg,URINE,0.8,Random Forest Regressor,BayesSearchCV,10.673042528174275,9.162372481604365,64.4514424319941,-0.013217924202597597,5036aab1b4aa499bab7dbc396f7a5da2,experiment_linear_bodyfat_kg
1708.632992201417,0.012038733276136526,bodyfat_kg,URINE,0.8,Random Forest Regressor,BayesSearchCV,10.673042528174275,9.162372481604365,64.4514424319941,-0.013217924202597597,5036aab1b4aa499bab7dbc396f7a5da2,experiment_linear_bodyfat_kg
1631.493805194581,0.010561196595235618,bodyfat_kg,URINE,0.8,Random Forest Regressor,BayesSearchCV,10.673042528174275,9.162372481604365,64.4514424319941,-0.013217924202597597,5036aab1b4aa499bab7dbc396f7a5da2,experiment_linear_bodyfat_kg
960.3828782351084,0.010424406391036771,bodyfat_kg,URINE,0.8,Random Forest Regressor,BayesSearchCV,10.673042528174275,9.162372481604365,64.4514424319941,-0.013217924202597597,5036aab1b4aa499bab7dbc396f7a5da2,experiment_linear_bodyfat_kg
1294.009862039674,0.010258651827716713,bodyfat_kg,URINE,0.8,Random Forest Regressor,BayesSearchCV,10.673042528174275,9.162372481604365,64.4514424319941,-0.013217924202597597,5036aab1b4aa499bab7dbc396f7a5da2,experiment_linear_bodyfat_kg
1072.23469939502,0.009974021446826228,bodyfat_kg,URINE,0.8,Random Forest Regressor,BayesSearchCV,10.673042528174275,9.162372481604365,64.4514424319941,-0.013217924202597597,5036aab1b4aa499bab7dbc396f7a5da2,experiment_linear_bodyfat_kg
1322.937057167237,0.009858170718030005,bodyfat_kg,URINE,0.8,Random Forest Regressor,BayesSearchCV,10.673042528174275,9.162372481604365,64.4514424319941,-0.013217924202597597,5036aab1b4aa499bab7dbc396f7a5da2,experiment_linear_bodyfat_kg
1704.776032851076,0.009539766678881845,bodyfat_kg,URINE,0.8,Random Forest Regressor,BayesSearchCV,10.673042528174275,9.162372481604365,64.4514424319941,-0.013217924202597597,5036aab1b4aa499bab7dbc396f7a5da2,experiment_linear_bodyfat_kg
1639.207723895265,0.009180035990199509,bodyfat_kg,URINE,0.8,Random Forest Regressor,BayesSearchCV,10.673042528174275,9.162372481604365,64.4514424319941,-0.013217924202597597,5036aab1b4aa499bab7dbc396f7a5da2,experiment_linear_bodyfat_kg
1785.772179208253,0.00901499926048376,bodyfat_kg,URINE,0.8,Random Forest Regressor,BayesSearchCV,10.673042528174275,9.162372481604365,64.4514424319941,-0.013217924202597597,5036aab1b4aa499bab7dbc396f7a5da2,experiment_linear_bodyfat_kg
1290.152902689332,0.008979556044033122,bodyfat_kg,URINE,0.8,Random Forest Regressor,BayesSearchCV,10.673042528174275,9.162372481604365,64.4514424319941,-0.013217924202597597,5036aab1b4aa499bab7dbc396f7a5da2,experiment_linear_bodyfat_kg
1700.919073500734,0.008794928265722202,bodyfat_kg,URINE,0.8,Random Forest Regressor,BayesSearchCV,10.673042528174275,9.162372481604365,64.4514424319941,-0.013217924202597597,5036aab1b4aa499bab7dbc396f7a5da2,experiment_linear_bodyfat_kg
1035.593585566773,0.00878806618265358,bodyfat_kg,URINE,0.8,Random Forest Regressor,BayesSearchCV,10.673042528174275,9.162372481604365,64.4514424319941,-0.013217924202597597,5036aab1b4aa499bab7dbc396f7a5da2,experiment_linear_bodyfat_kg
1783.843699533082,0.008772194235820284,bodyfat_kg,URINE,0.8,Random Forest Regressor,BayesSearchCV,10.673042528174275,9.162372481604365,64.4514424319941,-0.013217924202597597,5036aab1b4aa499bab7dbc396f7a5da2,experiment_linear_bodyfat_kg
1635.350764544923,0.007883457402114801,bodyfat_kg,URINE,0.8,Random Forest Regressor,BayesSearchCV,10.673042528174275,9.162372481604365,64.4514424319941,-0.013217924202597597,5036aab1b4aa499bab7dbc396f7a5da2,experiment_linear_bodyfat_kg
1670.063398697999,0.007664239634307425,bodyfat_kg,URINE,0.8,Random Forest Regressor,BayesSearchCV,10.673042528174275,9.162372481604365,64.4514424319941,-0.013217924202597597,5036aab1b4aa499bab7dbc396f7a5da2,experiment_linear_bodyfat_kg
1602.566610067018,0.006265242009810446,bodyfat_kg,CAPILAR,0.8,Decision Tree Regressor,BayesSearchCV,8.734643667603162,6.8575,42.20796328828332,0.09626477319444349,5036aab1b4aa499bab7dbc396f7a5da2,experiment_linear_bodyfat_kg
1639.207723895265,0.006097895500862431,bodyfat_kg,CAPILAR,0.8,Decision Tree Regressor,BayesSearchCV,8.734643667603162,6.8575,42.20796328828332,0.09626477319444349,5036aab1b4aa499bab7dbc396f7a5da2,experiment_linear_bodyfat_kg
1641.136203570436,0.006094166040688795,bodyfat_kg,CAPILAR,0.8,Decision Tree Regressor,BayesSearchCV,8.734643667603162,6.8575,42.20796328828332,0.09626477319444349,5036aab1b4aa499bab7dbc396f7a5da2,experiment_linear_bodyfat_kg
1637.279244220094,0.005304977087733827,bodyfat_kg,CAPILAR,0.8,Decision Tree Regressor,BayesSearchCV,8.734643667603162,6.8575,42.20796328828332,0.09626477319444349,5036aab1b4aa499bab7dbc396f7a5da2,experiment_linear_bodyfat_kg
960.3828782351084,0.004827599146776018,bodyfat_kg,CAPILAR,0.8,Decision Tree Regressor,BayesSearchCV,8.734643667603162,6.8575,42.20796328828332,0.09626477319444349,5036aab1b4aa499bab7dbc396f7a5da2,experiment_linear_bodyfat_kg
958.4543985599371,0.004605543916151718,bodyfat_kg,CAPILAR,0.8,Decision Tree Regressor,BayesSearchCV,8.734643667603162,6.8575,42.20796328828332,0.09626477319444349,5036aab1b4aa499bab7dbc396f7a5da2,experiment_linear_bodyfat_kg
1604.495089742189,0.004531137173120115,bodyfat_kg,CAPILAR,0.8,Decision Tree Regressor,BayesSearchCV,8.734643667603162,6.8575,42.20796328828332,0.09626477319444349,5036aab1b4aa499bab7dbc396f7a5da2,experiment_linear_bodyfat_kg
962.3113579102792,0.004514487381203736,bodyfat_kg,CAPILAR,0.8,Decision Tree Regressor,BayesSearchCV,8.734643667603162,6.8575,42.20796328828332,0.09626477319444349,5036aab1b4aa499bab7dbc396f7a5da2,experiment_linear_bodyfat_kg
970.0252766109629,0.004476911516479287,bodyfat_kg,CAPILAR,0.8,Decision Tree Regressor,BayesSearchCV,8.734643667603162,6.8575,42.20796328828332,0.09626477319444349,5036aab1b4aa499bab7dbc396f7a5da2,experiment_linear_bodyfat_kg
3048.926366445193,0.004440856254661248,bodyfat_kg,CAPILAR,0.8,Decision Tree Regressor,BayesSearchCV,8.734643667603162,6.8575,42.20796328828332,0.09626477319444349,5036aab1b4aa499bab7dbc396f7a5da2,experiment_linear_bodyfat_kg
1635.350764544923,0.004413419055559453,bodyfat_kg,CAPILAR,0.8,Decision Tree Regressor,BayesSearchCV,8.734643667603162,6.8575,42.20796328828332,0.09626477319444349,5036aab1b4aa499bab7dbc396f7a5da2,experiment_linear_bodyfat_kg
981.5961546619883,0.004332915912976652,bodyfat_kg,CAPILAR,0.8,Decision Tree Regressor,BayesSearchCV,8.734643667603162,6.8575,42.20796328828332,0.09626477319444349,5036aab1b4aa499bab7dbc396f7a5da2,experiment_linear_bodyfat_kg
971.9537562861337,0.004316029386522981,bodyfat_kg,CAPILAR,0.8,Decision Tree Regressor,BayesSearchCV,8.734643667603162,6.8575,42.20796328828332,0.09626477319444349,5036aab1b4aa499bab7dbc396f7a5da2,experiment_linear_bodyfat_kg
968.0967969357921,0.004300968721013262,bodyfat_kg,CAPILAR,0.8,Decision Tree Regressor,BayesSearchCV,8.734643667603162,6.8575,42.20796328828332,0.09626477319444349,5036aab1b4aa499bab7dbc396f7a5da2,experiment_linear_bodyfat_kg
973.8822359613046,0.004300429225627141,bodyfat_kg,CAPILAR,0.8,Decision Tree Regressor,BayesSearchCV,8.734643667603162,6.8575,42.20796328828332,0.09626477319444349,5036aab1b4aa499bab7dbc396f7a5da2,experiment_linear_bodyfat_kg
975.8107156364754,0.004296087298511445,bodyfat_kg,CAPILAR,0.8,Decision Tree Regressor,BayesSearchCV,8.734643667603162,6.8575,42.20796328828332,0.09626477319444349,5036aab1b4aa499bab7dbc396f7a5da2,experiment_linear_bodyfat_kg
979.6676749868175,0.004186961113179781,bodyfat_kg,CAPILAR,0.8,Decision Tree Regressor,BayesSearchCV,8.734643667603162,6.8575,42.20796328828332,0.09626477319444349,5036aab1b4aa499bab7dbc396f7a5da2,experiment_linear_bodyfat_kg
1643.064683245607,0.004180877694012242,bodyfat_kg,CAPILAR,0.8,Decision Tree Regressor,BayesSearchCV,8.734643667603162,6.8575,42.20796328828332,0.09626477319444349,5036aab1b4aa499bab7dbc396f7a5da2,experiment_linear_bodyfat_kg
964.23983758545,0.004175290387930418,bodyfat_kg,CAPILAR,0.8,Decision Tree Regressor,BayesSearchCV,8.734643667603162,6.8575,42.20796328828332,0.09626477319444349,5036aab1b4aa499bab7dbc396f7a5da2,experiment_linear_bodyfat_kg
983.5246343371587,0.004124649930471467,bodyfat_kg,CAPILAR,0.8,Decision Tree Regressor,BayesSearchCV,8.734643667603162,6.8575,42.20796328828332,0.09626477319444349,5036aab1b4aa499bab7dbc396f7a5da2,experiment_linear_bodyfat_kg
1637.279244220094,1.0,bodyfat_kg,CAPILAR,0.8,Decision Tree Regressor,BayesSearchCV,11.124556843199452,8.694160606060604,52.54173426114128,-0.46594023530591966,5036aab1b4aa499bab7dbc396f7a5da2,experiment_linear_bodyfat_kg
929.5272034323739,0.0,bodyfat_kg,CAPILAR,0.8,Decision Tree Regressor,BayesSearchCV,11.124556843199452,8.694160606060604,52.54173426114128,-0.46594023530591966,5036aab1b4aa499bab7dbc396f7a5da2,experiment_linear_bodyfat_kg
2547.521650900759,0.0,bodyfat_kg,CAPILAR,0.8,Decision Tree Regressor,BayesSearchCV,11.124556843199452,8.694160606060604,52.54173426114128,-0.46594023530591966,5036aab1b4aa499bab7dbc396f7a5da2,experiment_linear_bodyfat_kg
2551.378610251101,0.0,bodyfat_kg,CAPILAR,0.8,Decision Tree Regressor,BayesSearchCV,11.124556843199452,8.694160606060604,52.54173426114128,-0.46594023530591966,5036aab1b4aa499bab7dbc396f7a5da2,experiment_linear_bodyfat_kg
2553.307089926272,0.0,bodyfat_kg,CAPILAR,0.8,Decision Tree Regressor,BayesSearchCV,11.124556843199452,8.694160606060604,52.54173426114128,-0.46594023530591966,5036aab1b4aa499bab7dbc396f7a5da2,experiment_linear_bodyfat_kg
2555.235569601442,0.0,bodyfat_kg,CAPILAR,0.8,Decision Tree Regressor,BayesSearchCV,11.124556843199452,8.694160606060604,52.54173426114128,-0.46594023530591966,5036aab1b4aa499bab7dbc396f7a5da2,experiment_linear_bodyfat_kg
2557.164049276613,0.0,bodyfat_kg,CAPILAR,0.8,Decision Tree Regressor,BayesSearchCV,11.124556843199452,8.694160606060604,52.54173426114128,-0.46594023530591966,5036aab1b4aa499bab7dbc396f7a5da2,experiment_linear_bodyfat_kg
2559.092528951784,0.0,bodyfat_kg,CAPILAR,0.8,Decision Tree Regressor,BayesSearchCV,11.124556843199452,8.694160606060604,52.54173426114128,-0.46594023530591966,5036aab1b4aa499bab7dbc396f7a5da2,experiment_linear_bodyfat_kg
2561.021008626955,0.0,bodyfat_kg,CAPILAR,0.8,Decision Tree Regressor,BayesSearchCV,11.124556843199452,8.694160606060604,52.54173426114128,-0.46594023530591966,5036aab1b4aa499bab7dbc396f7a5da2,experiment_linear_bodyfat_kg
2562.949488302126,0.0,bodyfat_kg,CAPILAR,0.8,Decision Tree Regressor,BayesSearchCV,11.124556843199452,8.694160606060604,52.54173426114128,-0.46594023530591966,5036aab1b4aa499bab7dbc396f7a5da2,experiment_linear_bodyfat_kg
2564.877967977297,0.0,bodyfat_kg,CAPILAR,0.8,Decision Tree Regressor,BayesSearchCV,11.124556843199452,8.694160606060604,52.54173426114128,-0.46594023530591966,5036aab1b4aa499bab7dbc396f7a5da2,experiment_linear_bodyfat_kg
2566.806447652468,0.0,bodyfat_kg,CAPILAR,0.8,Decision Tree Regressor,BayesSearchCV,11.124556843199452,8.694160606060604,52.54173426114128,-0.46594023530591966,5036aab1b4aa499bab7dbc396f7a5da2,experiment_linear_bodyfat_kg
2568.734927327639,0.0,bodyfat_kg,CAPILAR,0.8,Decision Tree Regressor,BayesSearchCV,11.124556843199452,8.694160606060604,52.54173426114128,-0.46594023530591966,5036aab1b4aa499bab7dbc396f7a5da2,experiment_linear_bodyfat_kg
2570.663407002809,0.0,bodyfat_kg,CAPILAR,0.8,Decision Tree Regressor,BayesSearchCV,11.124556843199452,8.694160606060604,52.54173426114128,-0.46594023530591966,5036aab1b4aa499bab7dbc396f7a5da2,experiment_linear_bodyfat_kg
2572.59188667798,0.0,bodyfat_kg,CAPILAR,0.8,Decision Tree Regressor,BayesSearchCV,11.124556843199452,8.694160606060604,52.54173426114128,-0.46594023530591966,5036aab1b4aa499bab7dbc396f7a5da2,experiment_linear_bodyfat_kg
2574.520366353152,0.0,bodyfat_kg,CAPILAR,0.8,Decision Tree Regressor,BayesSearchCV,11.124556843199452,8.694160606060604,52.54173426114128,-0.46594023530591966,5036aab1b4aa499bab7dbc396f7a5da2,experiment_linear_bodyfat_kg
2576.448846028322,0.0,bodyfat_kg,CAPILAR,0.8,Decision Tree Regressor,BayesSearchCV,11.124556843199452,8.694160606060604,52.54173426114128,-0.46594023530591966,5036aab1b4aa499bab7dbc396f7a5da2,experiment_linear_bodyfat_kg
2578.377325703493,0.0,bodyfat_kg,CAPILAR,0.8,Decision Tree Regressor,BayesSearchCV,11.124556843199452,8.694160606060604,52.54173426114128,-0.46594023530591966,5036aab1b4aa499bab7dbc396f7a5da2,experiment_linear_bodyfat_kg
2580.305805378664,0.0,bodyfat_kg,CAPILAR,0.8,Decision Tree Regressor,BayesSearchCV,11.124556843199452,8.694160606060604,52.54173426114128,-0.46594023530591966,5036aab1b4aa499bab7dbc396f7a5da2,experiment_linear_bodyfat_kg
2582.234285053835,0.0,bodyfat_kg,CAPILAR,0.8,Decision Tree Regressor,BayesSearchCV,11.124556843199452,8.694160606060604,52.54173426114128,-0.46594023530591966,5036aab1b4aa499bab7dbc396f7a5da2,experiment_linear_bodyfat_kg
1602.566610067018,0.017044165029783863,bodyfat_kg,CAPILAR,0.8,Decision Tree Regressor,BayesSearchCV,9.448959284945964,7.202635369532428,44.679850911869664,-0.05759352029597076,5036aab1b4aa499bab7dbc396f7a5da2,experiment_linear_bodyfat_kg
1604.495089742189,0.010461821105580712,bodyfat_kg,CAPILAR,0.8,Decision Tree Regressor,BayesSearchCV,9.448959284945964,7.202635369532428,44.679850911869664,-0.05759352029597076,5036aab1b4aa499bab7dbc396f7a5da2,experiment_linear_bodyfat_kg
1600.638130391847,0.009901303494476878,bodyfat_kg,CAPILAR,0.8,Decision Tree Regressor,BayesSearchCV,9.448959284945964,7.202635369532428,44.679850911869664,-0.05759352029597076,5036aab1b4aa499bab7dbc396f7a5da2,experiment_linear_bodyfat_kg
3048.926366445193,0.00755855711043134,bodyfat_kg,CAPILAR,0.8,Decision Tree Regressor,BayesSearchCV,9.448959284945964,7.202635369532428,44.679850911869664,-0.05759352029597076,5036aab1b4aa499bab7dbc396f7a5da2,experiment_linear_bodyfat_kg
1606.42356941736,0.006766959463961524,bodyfat_kg,CAPILAR,0.8,Decision Tree Regressor,BayesSearchCV,9.448959284945964,7.202635369532428,44.679850911869664,-0.05759352029597076,5036aab1b4aa499bab7dbc396f7a5da2,experiment_linear_bodyfat_kg
1639.207723895265,0.006068152482962882,bodyfat_kg,CAPILAR,0.8,Decision Tree Regressor,BayesSearchCV,9.448959284945964,7.202635369532428,44.679850911869664,-0.05759352029597076,5036aab1b4aa499bab7dbc396f7a5da2,experiment_linear_bodyfat_kg
1641.136203570436,0.005722104098400172,bodyfat_kg,CAPILAR,0.8,Decision Tree Regressor,BayesSearchCV,9.448959284945964,7.202635369532428,44.679850911869664,-0.05759352029597076,5036aab1b4aa499bab7dbc396f7a5da2,experiment_linear_bodyfat_kg
1031.736626216432,0.00566218468766687,bodyfat_kg,CAPILAR,0.8,Decision Tree Regressor,BayesSearchCV,9.448959284945964,7.202635369532428,44.679850911869664,-0.05759352029597076,5036aab1b4aa499bab7dbc396f7a5da2,experiment_linear_bodyfat_kg
1637.279244220094,0.005552972828578134,bodyfat_kg,CAPILAR,0.8,Decision Tree Regressor,BayesSearchCV,9.448959284945964,7.202635369532428,44.679850911869664,-0.05759352029597076,5036aab1b4aa499bab7dbc396f7a5da2,experiment_linear_bodyfat_kg
1033.665105891602,0.005448176319742537,bodyfat_kg,CAPILAR,0.8,Decision Tree Regressor,BayesSearchCV,9.448959284945964,7.202635369532428,44.679850911869664,-0.05759352029597076,5036aab1b4aa499bab7dbc396f7a5da2,experiment_linear_bodyfat_kg
1598.709650716676,0.005223614083760049,bodyfat_kg,CAPILAR,0.8,Decision Tree Regressor,BayesSearchCV,9.448959284945964,7.202635369532428,44.679850911869664,-0.05759352029597076,5036aab1b4aa499bab7dbc396f7a5da2,experiment_linear_bodyfat_kg
1029.808146541261,0.005144745798853568,bodyfat_kg,CAPILAR,0.8,Decision Tree Regressor,BayesSearchCV,9.448959284945964,7.202635369532428,44.679850911869664,-0.05759352029597076,5036aab1b4aa499bab7dbc396f7a5da2,experiment_linear_bodyfat_kg
1608.35204909253,0.005088902830857537,bodyfat_kg,CAPILAR,0.8,Decision Tree Regressor,BayesSearchCV,9.448959284945964,7.202635369532428,44.679850911869664,-0.05759352029597076,5036aab1b4aa499bab7dbc396f7a5da2,experiment_linear_bodyfat_kg
1710.561471876588,0.004800663935469025,bodyfat_kg,CAPILAR,0.8,Decision Tree Regressor,BayesSearchCV,9.448959284945964,7.202635369532428,44.679850911869664,-0.05759352029597076,5036aab1b4aa499bab7dbc396f7a5da2,experiment_linear_bodyfat_kg
1635.350764544923,0.004552398912648029,bodyfat_kg,CAPILAR,0.8,Decision Tree Regressor,BayesSearchCV,9.448959284945964,7.202635369532428,44.679850911869664,-0.05759352029597076,5036aab1b4aa499bab7dbc396f7a5da2,experiment_linear_bodyfat_kg
1035.593585566773,0.004537532847235307,bodyfat_kg,CAPILAR,0.8,Decision Tree Regressor,BayesSearchCV,9.448959284945964,7.202635369532428,44.679850911869664,-0.05759352029597076,5036aab1b4aa499bab7dbc396f7a5da2,experiment_linear_bodyfat_kg
1027.87966686609,0.00436610317963021,bodyfat_kg,CAPILAR,0.8,Decision Tree Regressor,BayesSearchCV,9.448959284945964,7.202635369532428,44.679850911869664,-0.05759352029597076,5036aab1b4aa499bab7dbc396f7a5da2,experiment_linear_bodyfat_kg
1610.280528767702,0.0039829718375638005,bodyfat_kg,CAPILAR,0.8,Decision Tree Regressor,BayesSearchCV,9.448959284945964,7.202635369532428,44.679850911869664,-0.05759352029597076,5036aab1b4aa499bab7dbc396f7a5da2,experiment_linear_bodyfat_kg
1025.951187190919,0.0038518010277038975,bodyfat_kg,CAPILAR,0.8,Decision Tree Regressor,BayesSearchCV,9.448959284945964,7.202635369532428,44.679850911869664,-0.05759352029597076,5036aab1b4aa499bab7dbc396f7a5da2,experiment_linear_bodyfat_kg
1174.444122179078,0.003837505665261789,bodyfat_kg,CAPILAR,0.8,Decision Tree Regressor,BayesSearchCV,9.448959284945964,7.202635369532428,44.679850911869664,-0.05759352029597076,5036aab1b4aa499bab7dbc396f7a5da2,experiment_linear_bodyfat_kg
1637.279244220094,1.0,bodyfat_kg,CAPILAR,0.8,Decision Tree Regressor,BayesSearchCV,11.124556843199452,8.694160606060604,52.54173426114128,-0.46594023530591966,5036aab1b4aa499bab7dbc396f7a5da2,experiment_linear_bodyfat_kg
929.5272034323739,0.0,bodyfat_kg,CAPILAR,0.8,Decision Tree Regressor,BayesSearchCV,11.124556843199452,8.694160606060604,52.54173426114128,-0.46594023530591966,5036aab1b4aa499bab7dbc396f7a5da2,experiment_linear_bodyfat_kg
2547.521650900759,0.0,bodyfat_kg,CAPILAR,0.8,Decision Tree Regressor,BayesSearchCV,11.124556843199452,8.694160606060604,52.54173426114128,-0.46594023530591966,5036aab1b4aa499bab7dbc396f7a5da2,experiment_linear_bodyfat_kg
2551.378610251101,0.0,bodyfat_kg,CAPILAR,0.8,Decision Tree Regressor,BayesSearchCV,11.124556843199452,8.694160606060604,52.54173426114128,-0.46594023530591966,5036aab1b4aa499bab7dbc396f7a5da2,experiment_linear_bodyfat_kg
2553.307089926272,0.0,bodyfat_kg,CAPILAR,0.8,Decision Tree Regressor,BayesSearchCV,11.124556843199452,8.694160606060604,52.54173426114128,-0.46594023530591966,5036aab1b4aa499bab7dbc396f7a5da2,experiment_linear_bodyfat_kg
2555.235569601442,0.0,bodyfat_kg,CAPILAR,0.8,Decision Tree Regressor,BayesSearchCV,11.124556843199452,8.694160606060604,52.54173426114128,-0.46594023530591966,5036aab1b4aa499bab7dbc396f7a5da2,experiment_linear_bodyfat_kg
2557.164049276613,0.0,bodyfat_kg,CAPILAR,0.8,Decision Tree Regressor,BayesSearchCV,11.124556843199452,8.694160606060604,52.54173426114128,-0.46594023530591966,5036aab1b4aa499bab7dbc396f7a5da2,experiment_linear_bodyfat_kg
2559.092528951784,0.0,bodyfat_kg,CAPILAR,0.8,Decision Tree Regressor,BayesSearchCV,11.124556843199452,8.694160606060604,52.54173426114128,-0.46594023530591966,5036aab1b4aa499bab7dbc396f7a5da2,experiment_linear_bodyfat_kg
2561.021008626955,0.0,bodyfat_kg,CAPILAR,0.8,Decision Tree Regressor,BayesSearchCV,11.124556843199452,8.694160606060604,52.54173426114128,-0.46594023530591966,5036aab1b4aa499bab7dbc396f7a5da2,experiment_linear_bodyfat_kg
2562.949488302126,0.0,bodyfat_kg,CAPILAR,0.8,Decision Tree Regressor,BayesSearchCV,11.124556843199452,8.694160606060604,52.54173426114128,-0.46594023530591966,5036aab1b4aa499bab7dbc396f7a5da2,experiment_linear_bodyfat_kg
2564.877967977297,0.0,bodyfat_kg,CAPILAR,0.8,Decision Tree Regressor,BayesSearchCV,11.124556843199452,8.694160606060604,52.54173426114128,-0.46594023530591966,5036aab1b4aa499bab7dbc396f7a5da2,experiment_linear_bodyfat_kg
2566.806447652468,0.0,bodyfat_kg,CAPILAR,0.8,Decision Tree Regressor,BayesSearchCV,11.124556843199452,8.694160606060604,52.54173426114128,-0.46594023530591966,5036aab1b4aa499bab7dbc396f7a5da2,experiment_linear_bodyfat_kg
2568.734927327639,0.0,bodyfat_kg,CAPILAR,0.8,Decision Tree Regressor,BayesSearchCV,11.124556843199452,8.694160606060604,52.54173426114128,-0.46594023530591966,5036aab1b4aa499bab7dbc396f7a5da2,experiment_linear_bodyfat_kg
2570.663407002809,0.0,bodyfat_kg,CAPILAR,0.8,Decision Tree Regressor,BayesSearchCV,11.124556843199452,8.694160606060604,52.54173426114128,-0.46594023530591966,5036aab1b4aa499bab7dbc396f7a5da2,experiment_linear_bodyfat_kg
2572.59188667798,0.0,bodyfat_kg,CAPILAR,0.8,Decision Tree Regressor,BayesSearchCV,11.124556843199452,8.694160606060604,52.54173426114128,-0.46594023530591966,5036aab1b4aa499bab7dbc396f7a5da2,experiment_linear_bodyfat_kg
2574.520366353152,0.0,bodyfat_kg,CAPILAR,0.8,Decision Tree Regressor,BayesSearchCV,11.124556843199452,8.694160606060604,52.54173426114128,-0.46594023530591966,5036aab1b4aa499bab7dbc396f7a5da2,experiment_linear_bodyfat_kg
2576.448846028322,0.0,bodyfat_kg,CAPILAR,0.8,Decision Tree Regressor,BayesSearchCV,11.124556843199452,8.694160606060604,52.54173426114128,-0.46594023530591966,5036aab1b4aa499bab7dbc396f7a5da2,experiment_linear_bodyfat_kg
2578.377325703493,0.0,bodyfat_kg,CAPILAR,0.8,Decision Tree Regressor,BayesSearchCV,11.124556843199452,8.694160606060604,52.54173426114128,-0.46594023530591966,5036aab1b4aa499bab7dbc396f7a5da2,experiment_linear_bodyfat_kg
2580.305805378664,0.0,bodyfat_kg,CAPILAR,0.8,Decision Tree Regressor,BayesSearchCV,11.124556843199452,8.694160606060604,52.54173426114128,-0.46594023530591966,5036aab1b4aa499bab7dbc396f7a5da2,experiment_linear_bodyfat_kg
2582.234285053835,0.0,bodyfat_kg,CAPILAR,0.8,Decision Tree Regressor,BayesSearchCV,11.124556843199452,8.694160606060604,52.54173426114128,-0.46594023530591966,5036aab1b4aa499bab7dbc396f7a5da2,experiment_linear_bodyfat_kg
1639.207723895265,0.006018753635834244,bodyfat_kg,PLASMA,0.8,Decision Tree Regressor,BayesSearchCV,10.48779358402923,7.593457337236408,45.98041606990756,0.07933091642500334,5036aab1b4aa499bab7dbc396f7a5da2,experiment_linear_bodyfat_kg
1641.136203570436,0.005916964578935458,bodyfat_kg,PLASMA,0.8,Decision Tree Regressor,BayesSearchCV,10.48779358402923,7.593457337236408,45.98041606990756,0.07933091642500334,5036aab1b4aa499bab7dbc396f7a5da2,experiment_linear_bodyfat_kg
1633.422284869752,0.005916067417128516,bodyfat_kg,PLASMA,0.8,Decision Tree Regressor,BayesSearchCV,10.48779358402923,7.593457337236408,45.98041606990756,0.07933091642500334,5036aab1b4aa499bab7dbc396f7a5da2,experiment_linear_bodyfat_kg
1629.56532551941,0.005884136973965125,bodyfat_kg,PLASMA,0.8,Decision Tree Regressor,BayesSearchCV,10.48779358402923,7.593457337236408,45.98041606990756,0.07933091642500334,5036aab1b4aa499bab7dbc396f7a5da2,experiment_linear_bodyfat_kg
1631.493805194581,0.005874396586968254,bodyfat_kg,PLASMA,0.8,Decision Tree Regressor,BayesSearchCV,10.48779358402923,7.593457337236408,45.98041606990756,0.07933091642500334,5036aab1b4aa499bab7dbc396f7a5da2,experiment_linear_bodyfat_kg
1627.63684584424,0.005852192058774875,bodyfat_kg,PLASMA,0.8,Decision Tree Regressor,BayesSearchCV,10.48779358402923,7.593457337236408,45.98041606990756,0.07933091642500334,5036aab1b4aa499bab7dbc396f7a5da2,experiment_linear_bodyfat_kg
1635.350764544923,0.0058305214198813475,bodyfat_kg,PLASMA,0.8,Decision Tree Regressor,BayesSearchCV,10.48779358402923,7.593457337236408,45.98041606990756,0.07933091642500334,5036aab1b4aa499bab7dbc396f7a5da2,experiment_linear_bodyfat_kg
1637.279244220094,0.0058136012499471175,bodyfat_kg,PLASMA,0.8,Decision Tree Regressor,BayesSearchCV,10.48779358402923,7.593457337236408,45.98041606990756,0.07933091642500334,5036aab1b4aa499bab7dbc396f7a5da2,experiment_linear_bodyfat_kg
1643.064683245607,0.005714983787691674,bodyfat_kg,PLASMA,0.8,Decision Tree Regressor,BayesSearchCV,10.48779358402923,7.593457337236408,45.98041606990756,0.07933091642500334,5036aab1b4aa499bab7dbc396f7a5da2,experiment_linear_bodyfat_kg
1691.276675124879,0.005567493128366538,bodyfat_kg,PLASMA,0.8,Decision Tree Regressor,BayesSearchCV,10.48779358402923,7.593457337236408,45.98041606990756,0.07933091642500334,5036aab1b4aa499bab7dbc396f7a5da2,experiment_linear_bodyfat_kg
1625.708366169069,0.005505501892865141,bodyfat_kg,PLASMA,0.8,Decision Tree Regressor,BayesSearchCV,10.48779358402923,7.593457337236408,45.98041606990756,0.07933091642500334,5036aab1b4aa499bab7dbc396f7a5da2,experiment_linear_bodyfat_kg
1644.993162920778,0.005293862592829322,bodyfat_kg,PLASMA,0.8,Decision Tree Regressor,BayesSearchCV,10.48779358402923,7.593457337236408,45.98041606990756,0.07933091642500334,5036aab1b4aa499bab7dbc396f7a5da2,experiment_linear_bodyfat_kg
1623.779886493898,0.005056400710813956,bodyfat_kg,PLASMA,0.8,Decision Tree Regressor,BayesSearchCV,10.48779358402923,7.593457337236408,45.98041606990756,0.07933091642500334,5036aab1b4aa499bab7dbc396f7a5da2,experiment_linear_bodyfat_kg
1693.20515480005,0.004994023151872732,bodyfat_kg,PLASMA,0.8,Decision Tree Regressor,BayesSearchCV,10.48779358402923,7.593457337236408,45.98041606990756,0.07933091642500334,5036aab1b4aa499bab7dbc396f7a5da2,experiment_linear_bodyfat_kg
1621.851406818727,0.004594567200016591,bodyfat_kg,PLASMA,0.8,Decision Tree Regressor,BayesSearchCV,10.48779358402923,7.593457337236408,45.98041606990756,0.07933091642500334,5036aab1b4aa499bab7dbc396f7a5da2,experiment_linear_bodyfat_kg
1689.348195449708,0.004537742182900816,bodyfat_kg,PLASMA,0.8,Decision Tree Regressor,BayesSearchCV,10.48779358402923,7.593457337236408,45.98041606990756,0.07933091642500334,5036aab1b4aa499bab7dbc396f7a5da2,experiment_linear_bodyfat_kg
1224.584593733522,0.0042480736695491355,bodyfat_kg,PLASMA,0.8,Decision Tree Regressor,BayesSearchCV,10.48779358402923,7.593457337236408,45.98041606990756,0.07933091642500334,5036aab1b4aa499bab7dbc396f7a5da2,experiment_linear_bodyfat_kg
1222.656114058351,0.004242306316545615,bodyfat_kg,PLASMA,0.8,Decision Tree Regressor,BayesSearchCV,10.48779358402923,7.593457337236408,45.98041606990756,0.07933091642500334,5036aab1b4aa499bab7dbc396f7a5da2,experiment_linear_bodyfat_kg
1226.513073408692,0.004220052850292633,bodyfat_kg,PLASMA,0.8,Decision Tree Regressor,BayesSearchCV,10.48779358402923,7.593457337236408,45.98041606990756,0.07933091642500334,5036aab1b4aa499bab7dbc396f7a5da2,experiment_linear_bodyfat_kg
1220.72763438318,0.004218115881217944,bodyfat_kg,PLASMA,0.8,Decision Tree Regressor,BayesSearchCV,10.48779358402923,7.593457337236408,45.98041606990756,0.07933091642500334,5036aab1b4aa499bab7dbc396f7a5da2,experiment_linear_bodyfat_kg
2624.660837907595,0.7696016806860757,bodyfat_kg,PLASMA,0.8,Decision Tree Regressor,BayesSearchCV,10.994446367301,7.384539217526906,40.22019380124167,-0.011770534386016385,5036aab1b4aa499bab7dbc396f7a5da2,experiment_linear_bodyfat_kg
1095.376455497071,0.11023257006632414,bodyfat_kg,PLASMA,0.8,Decision Tree Regressor,BayesSearchCV,10.994446367301,7.384539217526906,40.22019380124167,-0.011770534386016385,5036aab1b4aa499bab7dbc396f7a5da2,experiment_linear_bodyfat_kg
1143.588447376344,0.05351703364059134,bodyfat_kg,PLASMA,0.8,Decision Tree Regressor,BayesSearchCV,10.994446367301,7.384539217526906,40.22019380124167,-0.011770534386016385,5036aab1b4aa499bab7dbc396f7a5da2,experiment_linear_bodyfat_kg
2672.872829786867,0.05017343964666484,bodyfat_kg,PLASMA,0.8,Decision Tree Regressor,BayesSearchCV,10.994446367301,7.384539217526906,40.22019380124167,-0.011770534386016385,5036aab1b4aa499bab7dbc396f7a5da2,experiment_linear_bodyfat_kg
1052.949902643312,0.01647527596034402,bodyfat_kg,PLASMA,0.8,Decision Tree Regressor,BayesSearchCV,10.994446367301,7.384539217526906,40.22019380124167,-0.011770534386016385,5036aab1b4aa499bab7dbc396f7a5da2,experiment_linear_bodyfat_kg
929.5272034323739,0.0,bodyfat_kg,PLASMA,0.8,Decision Tree Regressor,BayesSearchCV,10.994446367301,7.384539217526906,40.22019380124167,-0.011770534386016385,5036aab1b4aa499bab7dbc396f7a5da2,experiment_linear_bodyfat_kg
2566.806447652468,0.0,bodyfat_kg,PLASMA,0.8,Decision Tree Regressor,BayesSearchCV,10.994446367301,7.384539217526906,40.22019380124167,-0.011770534386016385,5036aab1b4aa499bab7dbc396f7a5da2,experiment_linear_bodyfat_kg
2553.307089926272,0.0,bodyfat_kg,PLASMA,0.8,Decision Tree Regressor,BayesSearchCV,10.994446367301,7.384539217526906,40.22019380124167,-0.011770534386016385,5036aab1b4aa499bab7dbc396f7a5da2,experiment_linear_bodyfat_kg
2555.235569601442,0.0,bodyfat_kg,PLASMA,0.8,Decision Tree Regressor,BayesSearchCV,10.994446367301,7.384539217526906,40.22019380124167,-0.011770534386016385,5036aab1b4aa499bab7dbc396f7a5da2,experiment_linear_bodyfat_kg
2557.164049276613,0.0,bodyfat_kg,PLASMA,0.8,Decision Tree Regressor,BayesSearchCV,10.994446367301,7.384539217526906,40.22019380124167,-0.011770534386016385,5036aab1b4aa499bab7dbc396f7a5da2,experiment_linear_bodyfat_kg
2559.092528951784,0.0,bodyfat_kg,PLASMA,0.8,Decision Tree Regressor,BayesSearchCV,10.994446367301,7.384539217526906,40.22019380124167,-0.011770534386016385,5036aab1b4aa499bab7dbc396f7a5da2,experiment_linear_bodyfat_kg
2561.021008626955,0.0,bodyfat_kg,PLASMA,0.8,Decision Tree Regressor,BayesSearchCV,10.994446367301,7.384539217526906,40.22019380124167,-0.011770534386016385,5036aab1b4aa499bab7dbc396f7a5da2,experiment_linear_bodyfat_kg
2562.949488302126,0.0,bodyfat_kg,PLASMA,0.8,Decision Tree Regressor,BayesSearchCV,10.994446367301,7.384539217526906,40.22019380124167,-0.011770534386016385,5036aab1b4aa499bab7dbc396f7a5da2,experiment_linear_bodyfat_kg
2564.877967977297,0.0,bodyfat_kg,PLASMA,0.8,Decision Tree Regressor,BayesSearchCV,10.994446367301,7.384539217526906,40.22019380124167,-0.011770534386016385,5036aab1b4aa499bab7dbc396f7a5da2,experiment_linear_bodyfat_kg
2568.734927327639,0.0,bodyfat_kg,PLASMA,0.8,Decision Tree Regressor,BayesSearchCV,10.994446367301,7.384539217526906,40.22019380124167,-0.011770534386016385,5036aab1b4aa499bab7dbc396f7a5da2,experiment_linear_bodyfat_kg
2549.45013057593,0.0,bodyfat_kg,PLASMA,0.8,Decision Tree Regressor,BayesSearchCV,10.994446367301,7.384539217526906,40.22019380124167,-0.011770534386016385,5036aab1b4aa499bab7dbc396f7a5da2,experiment_linear_bodyfat_kg
2570.663407002809,0.0,bodyfat_kg,PLASMA,0.8,Decision Tree Regressor,BayesSearchCV,10.994446367301,7.384539217526906,40.22019380124167,-0.011770534386016385,5036aab1b4aa499bab7dbc396f7a5da2,experiment_linear_bodyfat_kg
2572.59188667798,0.0,bodyfat_kg,PLASMA,0.8,Decision Tree Regressor,BayesSearchCV,10.994446367301,7.384539217526906,40.22019380124167,-0.011770534386016385,5036aab1b4aa499bab7dbc396f7a5da2,experiment_linear_bodyfat_kg
2574.520366353152,0.0,bodyfat_kg,PLASMA,0.8,Decision Tree Regressor,BayesSearchCV,10.994446367301,7.384539217526906,40.22019380124167,-0.011770534386016385,5036aab1b4aa499bab7dbc396f7a5da2,experiment_linear_bodyfat_kg
2576.448846028322,0.0,bodyfat_kg,PLASMA,0.8,Decision Tree Regressor,BayesSearchCV,10.994446367301,7.384539217526906,40.22019380124167,-0.011770534386016385,5036aab1b4aa499bab7dbc396f7a5da2,experiment_linear_bodyfat_kg
1691.276675124879,0.0039018274733073643,bodyfat_kg,PLASMA,0.8,Decision Tree Regressor,BayesSearchCV,10.634757594803228,7.4287123188691595,40.76695669250253,0.053347714760252574,5036aab1b4aa499bab7dbc396f7a5da2,experiment_linear_bodyfat_kg
1627.63684584424,0.003813435665520889,bodyfat_kg,PLASMA,0.8,Decision Tree Regressor,BayesSearchCV,10.634757594803228,7.4287123188691595,40.76695669250253,0.053347714760252574,5036aab1b4aa499bab7dbc396f7a5da2,experiment_linear_bodyfat_kg
941.0980814833993,0.0038081948928102524,bodyfat_kg,PLASMA,0.8,Decision Tree Regressor,BayesSearchCV,10.634757594803228,7.4287123188691595,40.76695669250253,0.053347714760252574,5036aab1b4aa499bab7dbc396f7a5da2,experiment_linear_bodyfat_kg
1629.56532551941,0.0037458463071142183,bodyfat_kg,PLASMA,0.8,Decision Tree Regressor,BayesSearchCV,10.634757594803228,7.4287123188691595,40.76695669250253,0.053347714760252574,5036aab1b4aa499bab7dbc396f7a5da2,experiment_linear_bodyfat_kg
2705.656984264772,0.0037250308003218065,bodyfat_kg,PLASMA,0.8,Decision Tree Regressor,BayesSearchCV,10.634757594803228,7.4287123188691595,40.76695669250253,0.053347714760252574,5036aab1b4aa499bab7dbc396f7a5da2,experiment_linear_bodyfat_kg
939.1696018082284,0.0037114477243351917,bodyfat_kg,PLASMA,0.8,Decision Tree Regressor,BayesSearchCV,10.634757594803228,7.4287123188691595,40.76695669250253,0.053347714760252574,5036aab1b4aa499bab7dbc396f7a5da2,experiment_linear_bodyfat_kg
1625.708366169069,0.0036838524022154047,bodyfat_kg,PLASMA,0.8,Decision Tree Regressor,BayesSearchCV,10.634757594803228,7.4287123188691595,40.76695669250253,0.053347714760252574,5036aab1b4aa499bab7dbc396f7a5da2,experiment_linear_bodyfat_kg
1639.207723895265,0.0036492339990838204,bodyfat_kg,PLASMA,0.8,Decision Tree Regressor,BayesSearchCV,10.634757594803228,7.4287123188691595,40.76695669250253,0.053347714760252574,5036aab1b4aa499bab7dbc396f7a5da2,experiment_linear_bodyfat_kg
1631.493805194581,0.003648974901934177,bodyfat_kg,PLASMA,0.8,Decision Tree Regressor,BayesSearchCV,10.634757594803228,7.4287123188691595,40.76695669250253,0.053347714760252574,5036aab1b4aa499bab7dbc396f7a5da2,experiment_linear_bodyfat_kg
1641.136203570436,0.003646124763253449,bodyfat_kg,PLASMA,0.8,Decision Tree Regressor,BayesSearchCV,10.634757594803228,7.4287123188691595,40.76695669250253,0.053347714760252574,5036aab1b4aa499bab7dbc396f7a5da2,experiment_linear_bodyfat_kg
931.4556831075452,0.003618982804104891,bodyfat_kg,PLASMA,0.8,Decision Tree Regressor,BayesSearchCV,10.634757594803228,7.4287123188691595,40.76695669250253,0.053347714760252574,5036aab1b4aa499bab7dbc396f7a5da2,experiment_linear_bodyfat_kg
1643.064683245607,0.0036135932251296584,bodyfat_kg,PLASMA,0.8,Decision Tree Regressor,BayesSearchCV,10.634757594803228,7.4287123188691595,40.76695669250253,0.053347714760252574,5036aab1b4aa499bab7dbc396f7a5da2,experiment_linear_bodyfat_kg
1693.20515480005,0.003610869799002145,bodyfat_kg,PLASMA,0.8,Decision Tree Regressor,BayesSearchCV,10.634757594803228,7.4287123188691595,40.76695669250253,0.053347714760252574,5036aab1b4aa499bab7dbc396f7a5da2,experiment_linear_bodyfat_kg
943.0265611585701,0.003608829869031217,bodyfat_kg,PLASMA,0.8,Decision Tree Regressor,BayesSearchCV,10.634757594803228,7.4287123188691595,40.76695669250253,0.053347714760252574,5036aab1b4aa499bab7dbc396f7a5da2,experiment_linear_bodyfat_kg
1633.422284869752,0.0036004849673910854,bodyfat_kg,PLASMA,0.8,Decision Tree Regressor,BayesSearchCV,10.634757594803228,7.4287123188691595,40.76695669250253,0.053347714760252574,5036aab1b4aa499bab7dbc396f7a5da2,experiment_linear_bodyfat_kg
1635.350764544923,0.003518366873215031,bodyfat_kg,PLASMA,0.8,Decision Tree Regressor,BayesSearchCV,10.634757594803228,7.4287123188691595,40.76695669250253,0.053347714760252574,5036aab1b4aa499bab7dbc396f7a5da2,experiment_linear_bodyfat_kg
1637.279244220094,0.003507191428687637,bodyfat_kg,PLASMA,0.8,Decision Tree Regressor,BayesSearchCV,10.634757594803228,7.4287123188691595,40.76695669250253,0.053347714760252574,5036aab1b4aa499bab7dbc396f7a5da2,experiment_linear_bodyfat_kg
1644.993162920778,0.0035011417778966656,bodyfat_kg,PLASMA,0.8,Decision Tree Regressor,BayesSearchCV,10.634757594803228,7.4287123188691595,40.76695669250253,0.053347714760252574,5036aab1b4aa499bab7dbc396f7a5da2,experiment_linear_bodyfat_kg
3043.14092741968,0.003468637021492455,bodyfat_kg,PLASMA,0.8,Decision Tree Regressor,BayesSearchCV,10.634757594803228,7.4287123188691595,40.76695669250253,0.053347714760252574,5036aab1b4aa499bab7dbc396f7a5da2,experiment_linear_bodyfat_kg
1623.779886493898,0.0034513885777847555,bodyfat_kg,PLASMA,0.8,Decision Tree Regressor,BayesSearchCV,10.634757594803228,7.4287123188691595,40.76695669250253,0.053347714760252574,5036aab1b4aa499bab7dbc396f7a5da2,experiment_linear_bodyfat_kg
2624.660837907595,0.7696016806860757,bodyfat_kg,PLASMA,0.8,Decision Tree Regressor,BayesSearchCV,10.994446367301,7.384539217526906,40.22019380124167,-0.011770534386016385,5036aab1b4aa499bab7dbc396f7a5da2,experiment_linear_bodyfat_kg
1095.376455497071,0.11023257006632414,bodyfat_kg,PLASMA,0.8,Decision Tree Regressor,BayesSearchCV,10.994446367301,7.384539217526906,40.22019380124167,-0.011770534386016385,5036aab1b4aa499bab7dbc396f7a5da2,experiment_linear_bodyfat_kg
1143.588447376344,0.05351703364059134,bodyfat_kg,PLASMA,0.8,Decision Tree Regressor,BayesSearchCV,10.994446367301,7.384539217526906,40.22019380124167,-0.011770534386016385,5036aab1b4aa499bab7dbc396f7a5da2,experiment_linear_bodyfat_kg
2672.872829786867,0.05017343964666484,bodyfat_kg,PLASMA,0.8,Decision Tree Regressor,BayesSearchCV,10.994446367301,7.384539217526906,40.22019380124167,-0.011770534386016385,5036aab1b4aa499bab7dbc396f7a5da2,experiment_linear_bodyfat_kg
1052.949902643312,0.01647527596034402,bodyfat_kg,PLASMA,0.8,Decision Tree Regressor,BayesSearchCV,10.994446367301,7.384539217526906,40.22019380124167,-0.011770534386016385,5036aab1b4aa499bab7dbc396f7a5da2,experiment_linear_bodyfat_kg
929.5272034323739,0.0,bodyfat_kg,PLASMA,0.8,Decision Tree Regressor,BayesSearchCV,10.994446367301,7.384539217526906,40.22019380124167,-0.011770534386016385,5036aab1b4aa499bab7dbc396f7a5da2,experiment_linear_bodyfat_kg
2566.806447652468,0.0,bodyfat_kg,PLASMA,0.8,Decision Tree Regressor,BayesSearchCV,10.994446367301,7.384539217526906,40.22019380124167,-0.011770534386016385,5036aab1b4aa499bab7dbc396f7a5da2,experiment_linear_bodyfat_kg
2553.307089926272,0.0,bodyfat_kg,PLASMA,0.8,Decision Tree Regressor,BayesSearchCV,10.994446367301,7.384539217526906,40.22019380124167,-0.011770534386016385,5036aab1b4aa499bab7dbc396f7a5da2,experiment_linear_bodyfat_kg
2555.235569601442,0.0,bodyfat_kg,PLASMA,0.8,Decision Tree Regressor,BayesSearchCV,10.994446367301,7.384539217526906,40.22019380124167,-0.011770534386016385,5036aab1b4aa499bab7dbc396f7a5da2,experiment_linear_bodyfat_kg
2557.164049276613,0.0,bodyfat_kg,PLASMA,0.8,Decision Tree Regressor,BayesSearchCV,10.994446367301,7.384539217526906,40.22019380124167,-0.011770534386016385,5036aab1b4aa499bab7dbc396f7a5da2,experiment_linear_bodyfat_kg
2559.092528951784,0.0,bodyfat_kg,PLASMA,0.8,Decision Tree Regressor,BayesSearchCV,10.994446367301,7.384539217526906,40.22019380124167,-0.011770534386016385,5036aab1b4aa499bab7dbc396f7a5da2,experiment_linear_bodyfat_kg
2561.021008626955,0.0,bodyfat_kg,PLASMA,0.8,Decision Tree Regressor,BayesSearchCV,10.994446367301,7.384539217526906,40.22019380124167,-0.011770534386016385,5036aab1b4aa499bab7dbc396f7a5da2,experiment_linear_bodyfat_kg
2562.949488302126,0.0,bodyfat_kg,PLASMA,0.8,Decision Tree Regressor,BayesSearchCV,10.994446367301,7.384539217526906,40.22019380124167,-0.011770534386016385,5036aab1b4aa499bab7dbc396f7a5da2,experiment_linear_bodyfat_kg
2564.877967977297,0.0,bodyfat_kg,PLASMA,0.8,Decision Tree Regressor,BayesSearchCV,10.994446367301,7.384539217526906,40.22019380124167,-0.011770534386016385,5036aab1b4aa499bab7dbc396f7a5da2,experiment_linear_bodyfat_kg
2568.734927327639,0.0,bodyfat_kg,PLASMA,0.8,Decision Tree Regressor,BayesSearchCV,10.994446367301,7.384539217526906,40.22019380124167,-0.011770534386016385,5036aab1b4aa499bab7dbc396f7a5da2,experiment_linear_bodyfat_kg
2549.45013057593,0.0,bodyfat_kg,PLASMA,0.8,Decision Tree Regressor,BayesSearchCV,10.994446367301,7.384539217526906,40.22019380124167,-0.011770534386016385,5036aab1b4aa499bab7dbc396f7a5da2,experiment_linear_bodyfat_kg
2570.663407002809,0.0,bodyfat_kg,PLASMA,0.8,Decision Tree Regressor,BayesSearchCV,10.994446367301,7.384539217526906,40.22019380124167,-0.011770534386016385,5036aab1b4aa499bab7dbc396f7a5da2,experiment_linear_bodyfat_kg
2572.59188667798,0.0,bodyfat_kg,PLASMA,0.8,Decision Tree Regressor,BayesSearchCV,10.994446367301,7.384539217526906,40.22019380124167,-0.011770534386016385,5036aab1b4aa499bab7dbc396f7a5da2,experiment_linear_bodyfat_kg
2574.520366353152,0.0,bodyfat_kg,PLASMA,0.8,Decision Tree Regressor,BayesSearchCV,10.994446367301,7.384539217526906,40.22019380124167,-0.011770534386016385,5036aab1b4aa499bab7dbc396f7a5da2,experiment_linear_bodyfat_kg
2576.448846028322,0.0,bodyfat_kg,PLASMA,0.8,Decision Tree Regressor,BayesSearchCV,10.994446367301,7.384539217526906,40.22019380124167,-0.011770534386016385,5036aab1b4aa499bab7dbc396f7a5da2,experiment_linear_bodyfat_kg
954.5974392095954,0.006895332090658107,bodyfat_kg,SALIVA,0.8,Decision Tree Regressor,BayesSearchCV,8.702881766062442,6.943758875583834,64.65725213037157,-0.2523230855948251,5036aab1b4aa499bab7dbc396f7a5da2,experiment_linear_bodyfat_kg
956.5259188847667,0.006523388655736311,bodyfat_kg,SALIVA,0.8,Decision Tree Regressor,BayesSearchCV,8.702881766062442,6.943758875583834,64.65725213037157,-0.2523230855948251,5036aab1b4aa499bab7dbc396f7a5da2,experiment_linear_bodyfat_kg
952.6689595344246,0.00592696405752877,bodyfat_kg,SALIVA,0.8,Decision Tree Regressor,BayesSearchCV,8.702881766062442,6.943758875583834,64.65725213037157,-0.2523230855948251,5036aab1b4aa499bab7dbc396f7a5da2,experiment_linear_bodyfat_kg
1727.917788953126,0.005235392507550797,bodyfat_kg,SALIVA,0.8,Decision Tree Regressor,BayesSearchCV,8.702881766062442,6.943758875583834,64.65725213037157,-0.2523230855948251,5036aab1b4aa499bab7dbc396f7a5da2,experiment_linear_bodyfat_kg
1729.846268628297,0.005112004089540687,bodyfat_kg,SALIVA,0.8,Decision Tree Regressor,BayesSearchCV,8.702881766062442,6.943758875583834,64.65725213037157,-0.2523230855948251,5036aab1b4aa499bab7dbc396f7a5da2,experiment_linear_bodyfat_kg
2711.442423290285,0.004709720352888649,bodyfat_kg,SALIVA,0.8,Decision Tree Regressor,BayesSearchCV,8.702881766062442,6.943758875583834,64.65725213037157,-0.2523230855948251,5036aab1b4aa499bab7dbc396f7a5da2,experiment_linear_bodyfat_kg
1733.703227978639,0.004518707832383315,bodyfat_kg,SALIVA,0.8,Decision Tree Regressor,BayesSearchCV,8.702881766062442,6.943758875583834,64.65725213037157,-0.2523230855948251,5036aab1b4aa499bab7dbc396f7a5da2,experiment_linear_bodyfat_kg
1731.774748303468,0.004409574092641354,bodyfat_kg,SALIVA,0.8,Decision Tree Regressor,BayesSearchCV,8.702881766062442,6.943758875583834,64.65725213037157,-0.2523230855948251,5036aab1b4aa499bab7dbc396f7a5da2,experiment_linear_bodyfat_kg
2848.364480227419,0.004222392689863547,bodyfat_kg,SALIVA,0.8,Decision Tree Regressor,BayesSearchCV,8.702881766062442,6.943758875583834,64.65725213037157,-0.2523230855948251,5036aab1b4aa499bab7dbc396f7a5da2,experiment_linear_bodyfat_kg
2846.436000552248,0.004191881333338106,bodyfat_kg,SALIVA,0.8,Decision Tree Regressor,BayesSearchCV,8.702881766062442,6.943758875583834,64.65725213037157,-0.2523230855948251,5036aab1b4aa499bab7dbc396f7a5da2,experiment_linear_bodyfat_kg
2850.29295990259,0.004156508527305267,bodyfat_kg,SALIVA,0.8,Decision Tree Regressor,BayesSearchCV,8.702881766062442,6.943758875583834,64.65725213037157,-0.2523230855948251,5036aab1b4aa499bab7dbc396f7a5da2,experiment_linear_bodyfat_kg
2859.935358278445,0.004145373039455715,bodyfat_kg,SALIVA,0.8,Decision Tree Regressor,BayesSearchCV,8.702881766062442,6.943758875583834,64.65725213037157,-0.2523230855948251,5036aab1b4aa499bab7dbc396f7a5da2,experiment_linear_bodyfat_kg
2875.363195679812,0.004143691006100287,bodyfat_kg,SALIVA,0.8,Decision Tree Regressor,BayesSearchCV,8.702881766062442,6.943758875583834,64.65725213037157,-0.2523230855948251,5036aab1b4aa499bab7dbc396f7a5da2,experiment_linear_bodyfat_kg
2877.291675354983,0.004142277797238386,bodyfat_kg,SALIVA,0.8,Decision Tree Regressor,BayesSearchCV,8.702881766062442,6.943758875583834,64.65725213037157,-0.2523230855948251,5036aab1b4aa499bab7dbc396f7a5da2,experiment_linear_bodyfat_kg
2883.077114380495,0.004086964740825954,bodyfat_kg,SALIVA,0.8,Decision Tree Regressor,BayesSearchCV,8.702881766062442,6.943758875583834,64.65725213037157,-0.2523230855948251,5036aab1b4aa499bab7dbc396f7a5da2,experiment_linear_bodyfat_kg
2873.434716004641,0.004080106115988116,bodyfat_kg,SALIVA,0.8,Decision Tree Regressor,BayesSearchCV,8.702881766062442,6.943758875583834,64.65725213037157,-0.2523230855948251,5036aab1b4aa499bab7dbc396f7a5da2,experiment_linear_bodyfat_kg
2879.220155030153,0.0040755019085492086,bodyfat_kg,SALIVA,0.8,Decision Tree Regressor,BayesSearchCV,8.702881766062442,6.943758875583834,64.65725213037157,-0.2523230855948251,5036aab1b4aa499bab7dbc396f7a5da2,experiment_linear_bodyfat_kg
2861.863837953616,0.004059208604098596,bodyfat_kg,SALIVA,0.8,Decision Tree Regressor,BayesSearchCV,8.702881766062442,6.943758875583834,64.65725213037157,-0.2523230855948251,5036aab1b4aa499bab7dbc396f7a5da2,experiment_linear_bodyfat_kg
2844.507520877077,0.004050042765696729,bodyfat_kg,SALIVA,0.8,Decision Tree Regressor,BayesSearchCV,8.702881766062442,6.943758875583834,64.65725213037157,-0.2523230855948251,5036aab1b4aa499bab7dbc396f7a5da2,experiment_linear_bodyfat_kg
2836.793602176394,0.004049023449914221,bodyfat_kg,SALIVA,0.8,Decision Tree Regressor,BayesSearchCV,8.702881766062442,6.943758875583834,64.65725213037157,-0.2523230855948251,5036aab1b4aa499bab7dbc396f7a5da2,experiment_linear_bodyfat_kg
2981.429577814211,0.3673860911271001,bodyfat_kg,SALIVA,0.8,Decision Tree Regressor,BayesSearchCV,9.33326798631368,7.54782608695652,65.52645816020389,-0.44031568956114797,5036aab1b4aa499bab7dbc396f7a5da2,experiment_linear_bodyfat_kg
1232.298512434205,0.21007194244604183,bodyfat_kg,SALIVA,0.8,Decision Tree Regressor,BayesSearchCV,9.33326798631368,7.54782608695652,65.52645816020389,-0.44031568956114797,5036aab1b4aa499bab7dbc396f7a5da2,experiment_linear_bodyfat_kg
1402.004723849244,0.20719424460431546,bodyfat_kg,SALIVA,0.8,Decision Tree Regressor,BayesSearchCV,9.33326798631368,7.54782608695652,65.52645816020389,-0.44031568956114797,5036aab1b4aa499bab7dbc396f7a5da2,experiment_linear_bodyfat_kg
1662.349479997316,0.10311750599520399,bodyfat_kg,SALIVA,0.8,Decision Tree Regressor,BayesSearchCV,9.33326798631368,7.54782608695652,65.52645816020389,-0.44031568956114797,5036aab1b4aa499bab7dbc396f7a5da2,experiment_linear_bodyfat_kg
3029.641569693484,0.06043165467625952,bodyfat_kg,SALIVA,0.8,Decision Tree Regressor,BayesSearchCV,9.33326798631368,7.54782608695652,65.52645816020389,-0.44031568956114797,5036aab1b4aa499bab7dbc396f7a5da2,experiment_linear_bodyfat_kg
2881.148634705325,0.028297362110311673,bodyfat_kg,SALIVA,0.8,Decision Tree Regressor,BayesSearchCV,9.33326798631368,7.54782608695652,65.52645816020389,-0.44031568956114797,5036aab1b4aa499bab7dbc396f7a5da2,experiment_linear_bodyfat_kg
2732.655699717165,0.02350119904076751,bodyfat_kg,SALIVA,0.8,Decision Tree Regressor,BayesSearchCV,9.33326798631368,7.54782608695652,65.52645816020389,-0.44031568956114797,5036aab1b4aa499bab7dbc396f7a5da2,experiment_linear_bodyfat_kg
2568.734927327639,0.0,bodyfat_kg,SALIVA,0.8,Decision Tree Regressor,BayesSearchCV,9.33326798631368,7.54782608695652,65.52645816020389,-0.44031568956114797,5036aab1b4aa499bab7dbc396f7a5da2,experiment_linear_bodyfat_kg
2553.307089926272,0.0,bodyfat_kg,SALIVA,0.8,Decision Tree Regressor,BayesSearchCV,9.33326798631368,7.54782608695652,65.52645816020389,-0.44031568956114797,5036aab1b4aa499bab7dbc396f7a5da2,experiment_linear_bodyfat_kg
2555.235569601442,0.0,bodyfat_kg,SALIVA,0.8,Decision Tree Regressor,BayesSearchCV,9.33326798631368,7.54782608695652,65.52645816020389,-0.44031568956114797,5036aab1b4aa499bab7dbc396f7a5da2,experiment_linear_bodyfat_kg
2557.164049276613,0.0,bodyfat_kg,SALIVA,0.8,Decision Tree Regressor,BayesSearchCV,9.33326798631368,7.54782608695652,65.52645816020389,-0.44031568956114797,5036aab1b4aa499bab7dbc396f7a5da2,experiment_linear_bodyfat_kg
2559.092528951784,0.0,bodyfat_kg,SALIVA,0.8,Decision Tree Regressor,BayesSearchCV,9.33326798631368,7.54782608695652,65.52645816020389,-0.44031568956114797,5036aab1b4aa499bab7dbc396f7a5da2,experiment_linear_bodyfat_kg
2561.021008626955,0.0,bodyfat_kg,SALIVA,0.8,Decision Tree Regressor,BayesSearchCV,9.33326798631368,7.54782608695652,65.52645816020389,-0.44031568956114797,5036aab1b4aa499bab7dbc396f7a5da2,experiment_linear_bodyfat_kg
2562.949488302126,0.0,bodyfat_kg,SALIVA,0.8,Decision Tree Regressor,BayesSearchCV,9.33326798631368,7.54782608695652,65.52645816020389,-0.44031568956114797,5036aab1b4aa499bab7dbc396f7a5da2,experiment_linear_bodyfat_kg
2564.877967977297,0.0,bodyfat_kg,SALIVA,0.8,Decision Tree Regressor,BayesSearchCV,9.33326798631368,7.54782608695652,65.52645816020389,-0.44031568956114797,5036aab1b4aa499bab7dbc396f7a5da2,experiment_linear_bodyfat_kg
2566.806447652468,0.0,bodyfat_kg,SALIVA,0.8,Decision Tree Regressor,BayesSearchCV,9.33326798631368,7.54782608695652,65.52645816020389,-0.44031568956114797,5036aab1b4aa499bab7dbc396f7a5da2,experiment_linear_bodyfat_kg
929.5272034323739,0.0,bodyfat_kg,SALIVA,0.8,Decision Tree Regressor,BayesSearchCV,9.33326798631368,7.54782608695652,65.52645816020389,-0.44031568956114797,5036aab1b4aa499bab7dbc396f7a5da2,experiment_linear_bodyfat_kg
2570.663407002809,0.0,bodyfat_kg,SALIVA,0.8,Decision Tree Regressor,BayesSearchCV,9.33326798631368,7.54782608695652,65.52645816020389,-0.44031568956114797,5036aab1b4aa499bab7dbc396f7a5da2,experiment_linear_bodyfat_kg
2551.378610251101,0.0,bodyfat_kg,SALIVA,0.8,Decision Tree Regressor,BayesSearchCV,9.33326798631368,7.54782608695652,65.52645816020389,-0.44031568956114797,5036aab1b4aa499bab7dbc396f7a5da2,experiment_linear_bodyfat_kg
2574.520366353152,0.0,bodyfat_kg,SALIVA,0.8,Decision Tree Regressor,BayesSearchCV,9.33326798631368,7.54782608695652,65.52645816020389,-0.44031568956114797,5036aab1b4aa499bab7dbc396f7a5da2,experiment_linear_bodyfat_kg
1727.917788953126,0.007848805731502394,bodyfat_kg,SALIVA,0.8,Decision Tree Regressor,BayesSearchCV,7.961139716697068,6.6683737707039334,64.64896853185662,-0.047950360229013445,5036aab1b4aa499bab7dbc396f7a5da2,experiment_linear_bodyfat_kg
1729.846268628297,0.007288369720979423,bodyfat_kg,SALIVA,0.8,Decision Tree Regressor,BayesSearchCV,7.961139716697068,6.6683737707039334,64.64896853185662,-0.047950360229013445,5036aab1b4aa499bab7dbc396f7a5da2,experiment_linear_bodyfat_kg
956.5259188847667,0.006984098957590222,bodyfat_kg,SALIVA,0.8,Decision Tree Regressor,BayesSearchCV,7.961139716697068,6.6683737707039334,64.64896853185662,-0.047950360229013445,5036aab1b4aa499bab7dbc396f7a5da2,experiment_linear_bodyfat_kg
954.5974392095954,0.006890618806827431,bodyfat_kg,SALIVA,0.8,Decision Tree Regressor,BayesSearchCV,7.961139716697068,6.6683737707039334,64.64896853185662,-0.047950360229013445,5036aab1b4aa499bab7dbc396f7a5da2,experiment_linear_bodyfat_kg
1725.989309277955,0.006588622919399213,bodyfat_kg,SALIVA,0.8,Decision Tree Regressor,BayesSearchCV,7.961139716697068,6.6683737707039334,64.64896853185662,-0.047950360229013445,5036aab1b4aa499bab7dbc396f7a5da2,experiment_linear_bodyfat_kg
1731.774748303468,0.00618936554982453,bodyfat_kg,SALIVA,0.8,Decision Tree Regressor,BayesSearchCV,7.961139716697068,6.6683737707039334,64.64896853185662,-0.047950360229013445,5036aab1b4aa499bab7dbc396f7a5da2,experiment_linear_bodyfat_kg
1733.703227978639,0.005837520585047867,bodyfat_kg,SALIVA,0.8,Decision Tree Regressor,BayesSearchCV,7.961139716697068,6.6683737707039334,64.64896853185662,-0.047950360229013445,5036aab1b4aa499bab7dbc396f7a5da2,experiment_linear_bodyfat_kg
1724.060829602785,0.00569769598465333,bodyfat_kg,SALIVA,0.8,Decision Tree Regressor,BayesSearchCV,7.961139716697068,6.6683737707039334,64.64896853185662,-0.047950360229013445,5036aab1b4aa499bab7dbc396f7a5da2,experiment_linear_bodyfat_kg
952.6689595344246,0.005689259574350256,bodyfat_kg,SALIVA,0.8,Decision Tree Regressor,BayesSearchCV,7.961139716697068,6.6683737707039334,64.64896853185662,-0.047950360229013445,5036aab1b4aa499bab7dbc396f7a5da2,experiment_linear_bodyfat_kg
1735.63170765381,0.004908431610303541,bodyfat_kg,SALIVA,0.8,Decision Tree Regressor,BayesSearchCV,7.961139716697068,6.6683737707039334,64.64896853185662,-0.047950360229013445,5036aab1b4aa499bab7dbc396f7a5da2,experiment_linear_bodyfat_kg
958.4543985599371,0.004302990786344955,bodyfat_kg,SALIVA,0.8,Decision Tree Regressor,BayesSearchCV,7.961139716697068,6.6683737707039334,64.64896853185662,-0.047950360229013445,5036aab1b4aa499bab7dbc396f7a5da2,experiment_linear_bodyfat_kg
1737.560187328981,0.003828456285855527,bodyfat_kg,SALIVA,0.8,Decision Tree Regressor,BayesSearchCV,7.961139716697068,6.6683737707039334,64.64896853185662,-0.047950360229013445,5036aab1b4aa499bab7dbc396f7a5da2,experiment_linear_bodyfat_kg
2848.364480227419,0.0036378669481892233,bodyfat_kg,SALIVA,0.8,Decision Tree Regressor,BayesSearchCV,7.961139716697068,6.6683737707039334,64.64896853185662,-0.047950360229013445,5036aab1b4aa499bab7dbc396f7a5da2,experiment_linear_bodyfat_kg
2694.086106213747,0.003625030988952586,bodyfat_kg,SALIVA,0.8,Decision Tree Regressor,BayesSearchCV,7.961139716697068,6.6683737707039334,64.64896853185662,-0.047950360229013445,5036aab1b4aa499bab7dbc396f7a5da2,experiment_linear_bodyfat_kg
950.7404798592538,0.003617542424429773,bodyfat_kg,SALIVA,0.8,Decision Tree Regressor,BayesSearchCV,7.961139716697068,6.6683737707039334,64.64896853185662,-0.047950360229013445,5036aab1b4aa499bab7dbc396f7a5da2,experiment_linear_bodyfat_kg
2850.29295990259,0.003601823354040338,bodyfat_kg,SALIVA,0.8,Decision Tree Regressor,BayesSearchCV,7.961139716697068,6.6683737707039334,64.64896853185662,-0.047950360229013445,5036aab1b4aa499bab7dbc396f7a5da2,experiment_linear_bodyfat_kg
2846.436000552248,0.0035989420847659568,bodyfat_kg,SALIVA,0.8,Decision Tree Regressor,BayesSearchCV,7.961139716697068,6.6683737707039334,64.64896853185662,-0.047950360229013445,5036aab1b4aa499bab7dbc396f7a5da2,experiment_linear_bodyfat_kg
2859.935358278445,0.003594257629474502,bodyfat_kg,SALIVA,0.8,Decision Tree Regressor,BayesSearchCV,7.961139716697068,6.6683737707039334,64.64896853185662,-0.047950360229013445,5036aab1b4aa499bab7dbc396f7a5da2,experiment_linear_bodyfat_kg
2858.006878603273,0.0035086328387625523,bodyfat_kg,SALIVA,0.8,Decision Tree Regressor,BayesSearchCV,7.961139716697068,6.6683737707039334,64.64896853185662,-0.047950360229013445,5036aab1b4aa499bab7dbc396f7a5da2,experiment_linear_bodyfat_kg
2861.863837953616,0.003499013781813204,bodyfat_kg,SALIVA,0.8,Decision Tree Regressor,BayesSearchCV,7.961139716697068,6.6683737707039334,64.64896853185662,-0.047950360229013445,5036aab1b4aa499bab7dbc396f7a5da2,experiment_linear_bodyfat_kg
1240.012431134889,0.40784860555964153,bodyfat_kg,SALIVA,0.8,Decision Tree Regressor,BayesSearchCV,8.575329762028856,7.1249709521732205,62.27590115507059,-0.21588325975211387,5036aab1b4aa499bab7dbc396f7a5da2,experiment_linear_bodyfat_kg
2896.576472106692,0.2471439649929874,bodyfat_kg,SALIVA,0.8,Decision Tree Regressor,BayesSearchCV,8.575329762028856,7.1249709521732205,62.27590115507059,-0.21588325975211387,5036aab1b4aa499bab7dbc396f7a5da2,experiment_linear_bodyfat_kg
2503.166618371828,0.18924380595815912,bodyfat_kg,SALIVA,0.8,Decision Tree Regressor,BayesSearchCV,8.575329762028856,7.1249709521732205,62.27590115507059,-0.21588325975211387,5036aab1b4aa499bab7dbc396f7a5da2,experiment_linear_bodyfat_kg
3014.213732292117,0.06305270429263622,bodyfat_kg,SALIVA,0.8,Decision Tree Regressor,BayesSearchCV,8.575329762028856,7.1249709521732205,62.27590115507059,-0.21588325975211387,5036aab1b4aa499bab7dbc396f7a5da2,experiment_linear_bodyfat_kg
3019.999171317629,0.05242667882167977,bodyfat_kg,SALIVA,0.8,Decision Tree Regressor,BayesSearchCV,8.575329762028856,7.1249709521732205,62.27590115507059,-0.21588325975211387,5036aab1b4aa499bab7dbc396f7a5da2,experiment_linear_bodyfat_kg
2755.797455819216,0.04028424037489593,bodyfat_kg,SALIVA,0.8,Decision Tree Regressor,BayesSearchCV,8.575329762028856,7.1249709521732205,62.27590115507059,-0.21588325975211387,5036aab1b4aa499bab7dbc396f7a5da2,experiment_linear_bodyfat_kg
2564.877967977297,0.0,bodyfat_kg,SALIVA,0.8,Decision Tree Regressor,BayesSearchCV,8.575329762028856,7.1249709521732205,62.27590115507059,-0.21588325975211387,5036aab1b4aa499bab7dbc396f7a5da2,experiment_linear_bodyfat_kg
2551.378610251101,0.0,bodyfat_kg,SALIVA,0.8,Decision Tree Regressor,BayesSearchCV,8.575329762028856,7.1249709521732205,62.27590115507059,-0.21588325975211387,5036aab1b4aa499bab7dbc396f7a5da2,experiment_linear_bodyfat_kg
2553.307089926272,0.0,bodyfat_kg,SALIVA,0.8,Decision Tree Regressor,BayesSearchCV,8.575329762028856,7.1249709521732205,62.27590115507059,-0.21588325975211387,5036aab1b4aa499bab7dbc396f7a5da2,experiment_linear_bodyfat_kg
2555.235569601442,0.0,bodyfat_kg,SALIVA,0.8,Decision Tree Regressor,BayesSearchCV,8.575329762028856,7.1249709521732205,62.27590115507059,-0.21588325975211387,5036aab1b4aa499bab7dbc396f7a5da2,experiment_linear_bodyfat_kg
2557.164049276613,0.0,bodyfat_kg,SALIVA,0.8,Decision Tree Regressor,BayesSearchCV,8.575329762028856,7.1249709521732205,62.27590115507059,-0.21588325975211387,5036aab1b4aa499bab7dbc396f7a5da2,experiment_linear_bodyfat_kg
2559.092528951784,0.0,bodyfat_kg,SALIVA,0.8,Decision Tree Regressor,BayesSearchCV,8.575329762028856,7.1249709521732205,62.27590115507059,-0.21588325975211387,5036aab1b4aa499bab7dbc396f7a5da2,experiment_linear_bodyfat_kg
2561.021008626955,0.0,bodyfat_kg,SALIVA,0.8,Decision Tree Regressor,BayesSearchCV,8.575329762028856,7.1249709521732205,62.27590115507059,-0.21588325975211387,5036aab1b4aa499bab7dbc396f7a5da2,experiment_linear_bodyfat_kg
2562.949488302126,0.0,bodyfat_kg,SALIVA,0.8,Decision Tree Regressor,BayesSearchCV,8.575329762028856,7.1249709521732205,62.27590115507059,-0.21588325975211387,5036aab1b4aa499bab7dbc396f7a5da2,experiment_linear_bodyfat_kg
2566.806447652468,0.0,bodyfat_kg,SALIVA,0.8,Decision Tree Regressor,BayesSearchCV,8.575329762028856,7.1249709521732205,62.27590115507059,-0.21588325975211387,5036aab1b4aa499bab7dbc396f7a5da2,experiment_linear_bodyfat_kg
2547.521650900759,0.0,bodyfat_kg,SALIVA,0.8,Decision Tree Regressor,BayesSearchCV,8.575329762028856,7.1249709521732205,62.27590115507059,-0.21588325975211387,5036aab1b4aa499bab7dbc396f7a5da2,experiment_linear_bodyfat_kg
2568.734927327639,0.0,bodyfat_kg,SALIVA,0.8,Decision Tree Regressor,BayesSearchCV,8.575329762028856,7.1249709521732205,62.27590115507059,-0.21588325975211387,5036aab1b4aa499bab7dbc396f7a5da2,experiment_linear_bodyfat_kg
2570.663407002809,0.0,bodyfat_kg,SALIVA,0.8,Decision Tree Regressor,BayesSearchCV,8.575329762028856,7.1249709521732205,62.27590115507059,-0.21588325975211387,5036aab1b4aa499bab7dbc396f7a5da2,experiment_linear_bodyfat_kg
2572.59188667798,0.0,bodyfat_kg,SALIVA,0.8,Decision Tree Regressor,BayesSearchCV,8.575329762028856,7.1249709521732205,62.27590115507059,-0.21588325975211387,5036aab1b4aa499bab7dbc396f7a5da2,experiment_linear_bodyfat_kg
2574.520366353152,0.0,bodyfat_kg,SALIVA,0.8,Decision Tree Regressor,BayesSearchCV,8.575329762028856,7.1249709521732205,62.27590115507059,-0.21588325975211387,5036aab1b4aa499bab7dbc396f7a5da2,experiment_linear_bodyfat_kg
1137.803008350831,0.003751526209122637,bodyfat_kg,SERUM,0.8,Decision Tree Regressor,BayesSearchCV,11.524370066767911,8.2290294959305,53.54265598469061,-0.2574259149984399,5036aab1b4aa499bab7dbc396f7a5da2,experiment_linear_bodyfat_kg
1139.731488026002,0.003745844720610376,bodyfat_kg,SERUM,0.8,Decision Tree Regressor,BayesSearchCV,11.524370066767911,8.2290294959305,53.54265598469061,-0.2574259149984399,5036aab1b4aa499bab7dbc396f7a5da2,experiment_linear_bodyfat_kg
1589.067252340822,0.003724323520271908,bodyfat_kg,SERUM,0.8,Decision Tree Regressor,BayesSearchCV,11.524370066767911,8.2290294959305,53.54265598469061,-0.2574259149984399,5036aab1b4aa499bab7dbc396f7a5da2,experiment_linear_bodyfat_kg
1587.138772665651,0.003702548440432148,bodyfat_kg,SERUM,0.8,Decision Tree Regressor,BayesSearchCV,11.524370066767911,8.2290294959305,53.54265598469061,-0.2574259149984399,5036aab1b4aa499bab7dbc396f7a5da2,experiment_linear_bodyfat_kg
1141.659967701173,0.0036652715748500065,bodyfat_kg,SERUM,0.8,Decision Tree Regressor,BayesSearchCV,11.524370066767911,8.2290294959305,53.54265598469061,-0.2574259149984399,5036aab1b4aa499bab7dbc396f7a5da2,experiment_linear_bodyfat_kg
1585.21029299048,0.003661342819060658,bodyfat_kg,SERUM,0.8,Decision Tree Regressor,BayesSearchCV,11.524370066767911,8.2290294959305,53.54265598469061,-0.2574259149984399,5036aab1b4aa499bab7dbc396f7a5da2,experiment_linear_bodyfat_kg
1135.87452867566,0.0036451388756791147,bodyfat_kg,SERUM,0.8,Decision Tree Regressor,BayesSearchCV,11.524370066767911,8.2290294959305,53.54265598469061,-0.2574259149984399,5036aab1b4aa499bab7dbc396f7a5da2,experiment_linear_bodyfat_kg
1583.281813315309,0.0036258420435233097,bodyfat_kg,SERUM,0.8,Decision Tree Regressor,BayesSearchCV,11.524370066767911,8.2290294959305,53.54265598469061,-0.2574259149984399,5036aab1b4aa499bab7dbc396f7a5da2,experiment_linear_bodyfat_kg
1590.995732015992,0.003588623188496377,bodyfat_kg,SERUM,0.8,Decision Tree Regressor,BayesSearchCV,11.524370066767911,8.2290294959305,53.54265598469061,-0.2574259149984399,5036aab1b4aa499bab7dbc396f7a5da2,experiment_linear_bodyfat_kg
1143.588447376344,0.0035271015555131593,bodyfat_kg,SERUM,0.8,Decision Tree Regressor,BayesSearchCV,11.524370066767911,8.2290294959305,53.54265598469061,-0.2574259149984399,5036aab1b4aa499bab7dbc396f7a5da2,experiment_linear_bodyfat_kg
1133.946049000489,0.0034272129722571283,bodyfat_kg,SERUM,0.8,Decision Tree Regressor,BayesSearchCV,11.524370066767911,8.2290294959305,53.54265598469061,-0.2574259149984399,5036aab1b4aa499bab7dbc396f7a5da2,experiment_linear_bodyfat_kg
1592.924211691163,0.0034219372891378286,bodyfat_kg,SERUM,0.8,Decision Tree Regressor,BayesSearchCV,11.524370066767911,8.2290294959305,53.54265598469061,-0.2574259149984399,5036aab1b4aa499bab7dbc396f7a5da2,experiment_linear_bodyfat_kg
1145.516927051515,0.00338868753461298,bodyfat_kg,SERUM,0.8,Decision Tree Regressor,BayesSearchCV,11.524370066767911,8.2290294959305,53.54265598469061,-0.2574259149984399,5036aab1b4aa499bab7dbc396f7a5da2,experiment_linear_bodyfat_kg
1581.353333640138,0.0033321014664399223,bodyfat_kg,SERUM,0.8,Decision Tree Regressor,BayesSearchCV,11.524370066767911,8.2290294959305,53.54265598469061,-0.2574259149984399,5036aab1b4aa499bab7dbc396f7a5da2,experiment_linear_bodyfat_kg
1147.445406726686,0.003281609983328693,bodyfat_kg,SERUM,0.8,Decision Tree Regressor,BayesSearchCV,11.524370066767911,8.2290294959305,53.54265598469061,-0.2574259149984399,5036aab1b4aa499bab7dbc396f7a5da2,experiment_linear_bodyfat_kg
1594.852691366334,0.003226417475307704,bodyfat_kg,SERUM,0.8,Decision Tree Regressor,BayesSearchCV,11.524370066767911,8.2290294959305,53.54265598469061,-0.2574259149984399,5036aab1b4aa499bab7dbc396f7a5da2,experiment_linear_bodyfat_kg
1132.017569325318,0.003163758383471486,bodyfat_kg,SERUM,0.8,Decision Tree Regressor,BayesSearchCV,11.524370066767911,8.2290294959305,53.54265598469061,-0.2574259149984399,5036aab1b4aa499bab7dbc396f7a5da2,experiment_linear_bodyfat_kg
1149.373886401856,0.0031531070893008025,bodyfat_kg,SERUM,0.8,Decision Tree Regressor,BayesSearchCV,11.524370066767911,8.2290294959305,53.54265598469061,-0.2574259149984399,5036aab1b4aa499bab7dbc396f7a5da2,experiment_linear_bodyfat_kg
1579.424853964967,0.0030913478680202563,bodyfat_kg,SERUM,0.8,Decision Tree Regressor,BayesSearchCV,11.524370066767911,8.2290294959305,53.54265598469061,-0.2574259149984399,5036aab1b4aa499bab7dbc396f7a5da2,experiment_linear_bodyfat_kg
1596.781171041505,0.003061072239541479,bodyfat_kg,SERUM,0.8,Decision Tree Regressor,BayesSearchCV,11.524370066767911,8.2290294959305,53.54265598469061,-0.2574259149984399,5036aab1b4aa499bab7dbc396f7a5da2,experiment_linear_bodyfat_kg
1139.731488026002,0.8005865457158087,bodyfat_kg,SERUM,0.8,Decision Tree Regressor,BayesSearchCV,10.027772906376871,6.321010452961671,39.945421376151,0.04795605439045303,5036aab1b4aa499bab7dbc396f7a5da2,experiment_linear_bodyfat_kg
1164.801723803224,0.12196628387816102,bodyfat_kg,SERUM,0.8,Decision Tree Regressor,BayesSearchCV,10.027772906376871,6.321010452961671,39.945421376151,0.04795605439045303,5036aab1b4aa499bab7dbc396f7a5da2,experiment_linear_bodyfat_kg
1182.158040879762,0.03451843888544052,bodyfat_kg,SERUM,0.8,Decision Tree Regressor,BayesSearchCV,10.027772906376871,6.321010452961671,39.945421376151,0.04795605439045303,5036aab1b4aa499bab7dbc396f7a5da2,experiment_linear_bodyfat_kg
1587.138772665651,0.02981738305983331,bodyfat_kg,SERUM,0.8,Decision Tree Regressor,BayesSearchCV,10.027772906376871,6.321010452961671,39.945421376151,0.04795605439045303,5036aab1b4aa499bab7dbc396f7a5da2,experiment_linear_bodyfat_kg
1020.165748165406,0.013111348460756593,bodyfat_kg,SERUM,0.8,Decision Tree Regressor,BayesSearchCV,10.027772906376871,6.321010452961671,39.945421376151,0.04795605439045303,5036aab1b4aa499bab7dbc396f7a5da2,experiment_linear_bodyfat_kg
929.5272034323739,0.0,bodyfat_kg,SERUM,0.8,Decision Tree Regressor,BayesSearchCV,10.027772906376871,6.321010452961671,39.945421376151,0.04795605439045303,5036aab1b4aa499bab7dbc396f7a5da2,experiment_linear_bodyfat_kg
2570.663407002809,0.0,bodyfat_kg,SERUM,0.8,Decision Tree Regressor,BayesSearchCV,10.027772906376871,6.321010452961671,39.945421376151,0.04795605439045303,5036aab1b4aa499bab7dbc396f7a5da2,experiment_linear_bodyfat_kg
2557.164049276613,0.0,bodyfat_kg,SERUM,0.8,Decision Tree Regressor,BayesSearchCV,10.027772906376871,6.321010452961671,39.945421376151,0.04795605439045303,5036aab1b4aa499bab7dbc396f7a5da2,experiment_linear_bodyfat_kg
2559.092528951784,0.0,bodyfat_kg,SERUM,0.8,Decision Tree Regressor,BayesSearchCV,10.027772906376871,6.321010452961671,39.945421376151,0.04795605439045303,5036aab1b4aa499bab7dbc396f7a5da2,experiment_linear_bodyfat_kg
2561.021008626955,0.0,bodyfat_kg,SERUM,0.8,Decision Tree Regressor,BayesSearchCV,10.027772906376871,6.321010452961671,39.945421376151,0.04795605439045303,5036aab1b4aa499bab7dbc396f7a5da2,experiment_linear_bodyfat_kg
2562.949488302126,0.0,bodyfat_kg,SERUM,0.8,Decision Tree Regressor,BayesSearchCV,10.027772906376871,6.321010452961671,39.945421376151,0.04795605439045303,5036aab1b4aa499bab7dbc396f7a5da2,experiment_linear_bodyfat_kg
2564.877967977297,0.0,bodyfat_kg,SERUM,0.8,Decision Tree Regressor,BayesSearchCV,10.027772906376871,6.321010452961671,39.945421376151,0.04795605439045303,5036aab1b4aa499bab7dbc396f7a5da2,experiment_linear_bodyfat_kg
2566.806447652468,0.0,bodyfat_kg,SERUM,0.8,Decision Tree Regressor,BayesSearchCV,10.027772906376871,6.321010452961671,39.945421376151,0.04795605439045303,5036aab1b4aa499bab7dbc396f7a5da2,experiment_linear_bodyfat_kg
2568.734927327639,0.0,bodyfat_kg,SERUM,0.8,Decision Tree Regressor,BayesSearchCV,10.027772906376871,6.321010452961671,39.945421376151,0.04795605439045303,5036aab1b4aa499bab7dbc396f7a5da2,experiment_linear_bodyfat_kg
2574.520366353152,0.0,bodyfat_kg,SERUM,0.8,Decision Tree Regressor,BayesSearchCV,10.027772906376871,6.321010452961671,39.945421376151,0.04795605439045303,5036aab1b4aa499bab7dbc396f7a5da2,experiment_linear_bodyfat_kg
2572.59188667798,0.0,bodyfat_kg,SERUM,0.8,Decision Tree Regressor,BayesSearchCV,10.027772906376871,6.321010452961671,39.945421376151,0.04795605439045303,5036aab1b4aa499bab7dbc396f7a5da2,experiment_linear_bodyfat_kg
2553.307089926272,0.0,bodyfat_kg,SERUM,0.8,Decision Tree Regressor,BayesSearchCV,10.027772906376871,6.321010452961671,39.945421376151,0.04795605439045303,5036aab1b4aa499bab7dbc396f7a5da2,experiment_linear_bodyfat_kg
2576.448846028322,0.0,bodyfat_kg,SERUM,0.8,Decision Tree Regressor,BayesSearchCV,10.027772906376871,6.321010452961671,39.945421376151,0.04795605439045303,5036aab1b4aa499bab7dbc396f7a5da2,experiment_linear_bodyfat_kg
2578.377325703493,0.0,bodyfat_kg,SERUM,0.8,Decision Tree Regressor,BayesSearchCV,10.027772906376871,6.321010452961671,39.945421376151,0.04795605439045303,5036aab1b4aa499bab7dbc396f7a5da2,experiment_linear_bodyfat_kg
2580.305805378664,0.0,bodyfat_kg,SERUM,0.8,Decision Tree Regressor,BayesSearchCV,10.027772906376871,6.321010452961671,39.945421376151,0.04795605439045303,5036aab1b4aa499bab7dbc396f7a5da2,experiment_linear_bodyfat_kg
1137.803008350831,0.003771365710186142,bodyfat_kg,SERUM,0.8,Decision Tree Regressor,BayesSearchCV,11.494977357821572,8.168197358197359,52.70507192653868,-0.2510200078847391,5036aab1b4aa499bab7dbc396f7a5da2,experiment_linear_bodyfat_kg
1139.731488026002,0.0037654470241955925,bodyfat_kg,SERUM,0.8,Decision Tree Regressor,BayesSearchCV,11.494977357821572,8.168197358197359,52.70507192653868,-0.2510200078847391,5036aab1b4aa499bab7dbc396f7a5da2,experiment_linear_bodyfat_kg
1589.067252340822,0.0037256195078606857,bodyfat_kg,SERUM,0.8,Decision Tree Regressor,BayesSearchCV,11.494977357821572,8.168197358197359,52.70507192653868,-0.2510200078847391,5036aab1b4aa499bab7dbc396f7a5da2,experiment_linear_bodyfat_kg
1587.138772665651,0.0037056601907301734,bodyfat_kg,SERUM,0.8,Decision Tree Regressor,BayesSearchCV,11.494977357821572,8.168197358197359,52.70507192653868,-0.2510200078847391,5036aab1b4aa499bab7dbc396f7a5da2,experiment_linear_bodyfat_kg
1141.659967701173,0.003684406917715859,bodyfat_kg,SERUM,0.8,Decision Tree Regressor,BayesSearchCV,11.494977357821572,8.168197358197359,52.70507192653868,-0.2510200078847391,5036aab1b4aa499bab7dbc396f7a5da2,experiment_linear_bodyfat_kg
1585.21029299048,0.003665394985208375,bodyfat_kg,SERUM,0.8,Decision Tree Regressor,BayesSearchCV,11.494977357821572,8.168197358197359,52.70507192653868,-0.2510200078847391,5036aab1b4aa499bab7dbc396f7a5da2,experiment_linear_bodyfat_kg
1135.87452867566,0.0036647042091783365,bodyfat_kg,SERUM,0.8,Decision Tree Regressor,BayesSearchCV,11.494977357821572,8.168197358197359,52.70507192653868,-0.2510200078847391,5036aab1b4aa499bab7dbc396f7a5da2,experiment_linear_bodyfat_kg
1583.281813315309,0.003629883827787763,bodyfat_kg,SERUM,0.8,Decision Tree Regressor,BayesSearchCV,11.494977357821572,8.168197358197359,52.70507192653868,-0.2510200078847391,5036aab1b4aa499bab7dbc396f7a5da2,experiment_linear_bodyfat_kg
1590.995732015992,0.0035881538325948635,bodyfat_kg,SERUM,0.8,Decision Tree Regressor,BayesSearchCV,11.494977357821572,8.168197358197359,52.70507192653868,-0.2510200078847391,5036aab1b4aa499bab7dbc396f7a5da2,experiment_linear_bodyfat_kg
1143.588447376344,0.0035456091968577618,bodyfat_kg,SERUM,0.8,Decision Tree Regressor,BayesSearchCV,11.494977357821572,8.168197358197359,52.70507192653868,-0.2510200078847391,5036aab1b4aa499bab7dbc396f7a5da2,experiment_linear_bodyfat_kg
1133.946049000489,0.0034456659156469264,bodyfat_kg,SERUM,0.8,Decision Tree Regressor,BayesSearchCV,11.494977357821572,8.168197358197359,52.70507192653868,-0.2510200078847391,5036aab1b4aa499bab7dbc396f7a5da2,experiment_linear_bodyfat_kg
1592.924211691163,0.0034199621526296016,bodyfat_kg,SERUM,0.8,Decision Tree Regressor,BayesSearchCV,11.494977357821572,8.168197358197359,52.70507192653868,-0.2510200078847391,5036aab1b4aa499bab7dbc396f7a5da2,experiment_linear_bodyfat_kg
1145.516927051515,0.003406864568752771,bodyfat_kg,SERUM,0.8,Decision Tree Regressor,BayesSearchCV,11.494977357821572,8.168197358197359,52.70507192653868,-0.2510200078847391,5036aab1b4aa499bab7dbc396f7a5da2,experiment_linear_bodyfat_kg
1581.353333640138,0.0033362790932043042,bodyfat_kg,SERUM,0.8,Decision Tree Regressor,BayesSearchCV,11.494977357821572,8.168197358197359,52.70507192653868,-0.2510200078847391,5036aab1b4aa499bab7dbc396f7a5da2,experiment_linear_bodyfat_kg
1147.445406726686,0.003299523336727425,bodyfat_kg,SERUM,0.8,Decision Tree Regressor,BayesSearchCV,11.494977357821572,8.168197358197359,52.70507192653868,-0.2510200078847391,5036aab1b4aa499bab7dbc396f7a5da2,experiment_linear_bodyfat_kg
1594.852691366334,0.003223046170146902,bodyfat_kg,SERUM,0.8,Decision Tree Regressor,BayesSearchCV,11.494977357821572,8.168197358197359,52.70507192653868,-0.2510200078847391,5036aab1b4aa499bab7dbc396f7a5da2,experiment_linear_bodyfat_kg
1132.017569325318,0.0031804989496226803,bodyfat_kg,SERUM,0.8,Decision Tree Regressor,BayesSearchCV,11.494977357821572,8.168197358197359,52.70507192653868,-0.2510200078847391,5036aab1b4aa499bab7dbc396f7a5da2,experiment_linear_bodyfat_kg
1149.373886401856,0.0031701296747309845,bodyfat_kg,SERUM,0.8,Decision Tree Regressor,BayesSearchCV,11.494977357821572,8.168197358197359,52.70507192653868,-0.2510200078847391,5036aab1b4aa499bab7dbc396f7a5da2,experiment_linear_bodyfat_kg
1579.424853964967,0.0030956329725871463,bodyfat_kg,SERUM,0.8,Decision Tree Regressor,BayesSearchCV,11.494977357821572,8.168197358197359,52.70507192653868,-0.2510200078847391,5036aab1b4aa499bab7dbc396f7a5da2,experiment_linear_bodyfat_kg
1596.781171041505,0.0030563901109410107,bodyfat_kg,SERUM,0.8,Decision Tree Regressor,BayesSearchCV,11.494977357821572,8.168197358197359,52.70507192653868,-0.2510200078847391,5036aab1b4aa499bab7dbc396f7a5da2,experiment_linear_bodyfat_kg
1139.731488026002,0.7613167602096623,bodyfat_kg,SERUM,0.8,Decision Tree Regressor,BayesSearchCV,10.299137816946345,6.347762301497406,37.36860992389596,-0.004268300562185079,5036aab1b4aa499bab7dbc396f7a5da2,experiment_linear_bodyfat_kg
1164.801723803224,0.11598368295574016,bodyfat_kg,SERUM,0.8,Decision Tree Regressor,BayesSearchCV,10.299137816946345,6.347762301497406,37.36860992389596,-0.004268300562185079,5036aab1b4aa499bab7dbc396f7a5da2,experiment_linear_bodyfat_kg
2537.879252524904,0.055641501274932594,bodyfat_kg,SERUM,0.8,Decision Tree Regressor,BayesSearchCV,10.299137816946345,6.347762301497406,37.36860992389596,-0.004268300562185079,5036aab1b4aa499bab7dbc396f7a5da2,experiment_linear_bodyfat_kg
1583.281813315309,0.03374098608878592,bodyfat_kg,SERUM,0.8,Decision Tree Regressor,BayesSearchCV,10.299137816946345,6.347762301497406,37.36860992389596,-0.004268300562185079,5036aab1b4aa499bab7dbc396f7a5da2,experiment_linear_bodyfat_kg
1147.445406726686,0.03331706947087885,bodyfat_kg,SERUM,0.8,Decision Tree Regressor,BayesSearchCV,10.299137816946345,6.347762301497406,37.36860992389596,-0.004268300562185079,5036aab1b4aa499bab7dbc396f7a5da2,experiment_linear_bodyfat_kg
2568.734927327639,0.0,bodyfat_kg,SERUM,0.8,Decision Tree Regressor,BayesSearchCV,10.299137816946345,6.347762301497406,37.36860992389596,-0.004268300562185079,5036aab1b4aa499bab7dbc396f7a5da2,experiment_linear_bodyfat_kg
2553.307089926272,0.0,bodyfat_kg,SERUM,0.8,Decision Tree Regressor,BayesSearchCV,10.299137816946345,6.347762301497406,37.36860992389596,-0.004268300562185079,5036aab1b4aa499bab7dbc396f7a5da2,experiment_linear_bodyfat_kg
2555.235569601442,0.0,bodyfat_kg,SERUM,0.8,Decision Tree Regressor,BayesSearchCV,10.299137816946345,6.347762301497406,37.36860992389596,-0.004268300562185079,5036aab1b4aa499bab7dbc396f7a5da2,experiment_linear_bodyfat_kg
2557.164049276613,0.0,bodyfat_kg,SERUM,0.8,Decision Tree Regressor,BayesSearchCV,10.299137816946345,6.347762301497406,37.36860992389596,-0.004268300562185079,5036aab1b4aa499bab7dbc396f7a5da2,experiment_linear_bodyfat_kg
2559.092528951784,0.0,bodyfat_kg,SERUM,0.8,Decision Tree Regressor,BayesSearchCV,10.299137816946345,6.347762301497406,37.36860992389596,-0.004268300562185079,5036aab1b4aa499bab7dbc396f7a5da2,experiment_linear_bodyfat_kg
2561.021008626955,0.0,bodyfat_kg,SERUM,0.8,Decision Tree Regressor,BayesSearchCV,10.299137816946345,6.347762301497406,37.36860992389596,-0.004268300562185079,5036aab1b4aa499bab7dbc396f7a5da2,experiment_linear_bodyfat_kg
2562.949488302126,0.0,bodyfat_kg,SERUM,0.8,Decision Tree Regressor,BayesSearchCV,10.299137816946345,6.347762301497406,37.36860992389596,-0.004268300562185079,5036aab1b4aa499bab7dbc396f7a5da2,experiment_linear_bodyfat_kg
2564.877967977297,0.0,bodyfat_kg,SERUM,0.8,Decision Tree Regressor,BayesSearchCV,10.299137816946345,6.347762301497406,37.36860992389596,-0.004268300562185079,5036aab1b4aa499bab7dbc396f7a5da2,experiment_linear_bodyfat_kg
2566.806447652468,0.0,bodyfat_kg,SERUM,0.8,Decision Tree Regressor,BayesSearchCV,10.299137816946345,6.347762301497406,37.36860992389596,-0.004268300562185079,5036aab1b4aa499bab7dbc396f7a5da2,experiment_linear_bodyfat_kg
929.5272034323739,0.0,bodyfat_kg,SERUM,0.8,Decision Tree Regressor,BayesSearchCV,10.299137816946345,6.347762301497406,37.36860992389596,-0.004268300562185079,5036aab1b4aa499bab7dbc396f7a5da2,experiment_linear_bodyfat_kg
2551.378610251101,0.0,bodyfat_kg,SERUM,0.8,Decision Tree Regressor,BayesSearchCV,10.299137816946345,6.347762301497406,37.36860992389596,-0.004268300562185079,5036aab1b4aa499bab7dbc396f7a5da2,experiment_linear_bodyfat_kg
2572.59188667798,0.0,bodyfat_kg,SERUM,0.8,Decision Tree Regressor,BayesSearchCV,10.299137816946345,6.347762301497406,37.36860992389596,-0.004268300562185079,5036aab1b4aa499bab7dbc396f7a5da2,experiment_linear_bodyfat_kg
2574.520366353152,0.0,bodyfat_kg,SERUM,0.8,Decision Tree Regressor,BayesSearchCV,10.299137816946345,6.347762301497406,37.36860992389596,-0.004268300562185079,5036aab1b4aa499bab7dbc396f7a5da2,experiment_linear_bodyfat_kg
2576.448846028322,0.0,bodyfat_kg,SERUM,0.8,Decision Tree Regressor,BayesSearchCV,10.299137816946345,6.347762301497406,37.36860992389596,-0.004268300562185079,5036aab1b4aa499bab7dbc396f7a5da2,experiment_linear_bodyfat_kg
2578.377325703493,0.0,bodyfat_kg,SERUM,0.8,Decision Tree Regressor,BayesSearchCV,10.299137816946345,6.347762301497406,37.36860992389596,-0.004268300562185079,5036aab1b4aa499bab7dbc396f7a5da2,experiment_linear_bodyfat_kg
1783.843699533082,0.004636341636596059,bodyfat_kg,URINE,0.8,Decision Tree Regressor,BayesSearchCV,11.492187563732154,8.605,47.75665608068253,-0.17471305466998688,5036aab1b4aa499bab7dbc396f7a5da2,experiment_linear_bodyfat_kg
1785.772179208253,0.004566819591721818,bodyfat_kg,URINE,0.8,Decision Tree Regressor,BayesSearchCV,11.492187563732154,8.605,47.75665608068253,-0.17471305466998688,5036aab1b4aa499bab7dbc396f7a5da2,experiment_linear_bodyfat_kg
1781.915219857912,0.004540759253749055,bodyfat_kg,URINE,0.8,Decision Tree Regressor,BayesSearchCV,11.492187563732154,8.605,47.75665608068253,-0.17471305466998688,5036aab1b4aa499bab7dbc396f7a5da2,experiment_linear_bodyfat_kg
1787.700658883424,0.0044276529713026345,bodyfat_kg,URINE,0.8,Decision Tree Regressor,BayesSearchCV,11.492187563732154,8.605,47.75665608068253,-0.17471305466998688,5036aab1b4aa499bab7dbc396f7a5da2,experiment_linear_bodyfat_kg
1779.986740182741,0.004333267180698998,bodyfat_kg,URINE,0.8,Decision Tree Regressor,BayesSearchCV,11.492187563732154,8.605,47.75665608068253,-0.17471305466998688,5036aab1b4aa499bab7dbc396f7a5da2,experiment_linear_bodyfat_kg
1789.629138558595,0.004287421348479973,bodyfat_kg,URINE,0.8,Decision Tree Regressor,BayesSearchCV,11.492187563732154,8.605,47.75665608068253,-0.17471305466998688,5036aab1b4aa499bab7dbc396f7a5da2,experiment_linear_bodyfat_kg
1791.557618233766,0.004170038078787493,bodyfat_kg,URINE,0.8,Decision Tree Regressor,BayesSearchCV,11.492187563732154,8.605,47.75665608068253,-0.17471305466998688,5036aab1b4aa499bab7dbc396f7a5da2,experiment_linear_bodyfat_kg
1793.486097908937,0.00416038726435894,bodyfat_kg,URINE,0.8,Decision Tree Regressor,BayesSearchCV,11.492187563732154,8.605,47.75665608068253,-0.17471305466998688,5036aab1b4aa499bab7dbc396f7a5da2,experiment_linear_bodyfat_kg
1795.414577584108,0.004137548503319764,bodyfat_kg,URINE,0.8,Decision Tree Regressor,BayesSearchCV,11.492187563732154,8.605,47.75665608068253,-0.17471305466998688,5036aab1b4aa499bab7dbc396f7a5da2,experiment_linear_bodyfat_kg
1778.05826050757,0.00413519193430384,bodyfat_kg,URINE,0.8,Decision Tree Regressor,BayesSearchCV,11.492187563732154,8.605,47.75665608068253,-0.17471305466998688,5036aab1b4aa499bab7dbc396f7a5da2,experiment_linear_bodyfat_kg
1797.343057259279,0.004010000925835663,bodyfat_kg,URINE,0.8,Decision Tree Regressor,BayesSearchCV,11.492187563732154,8.605,47.75665608068253,-0.17471305466998688,5036aab1b4aa499bab7dbc396f7a5da2,experiment_linear_bodyfat_kg
1776.129780832399,0.003995867719694948,bodyfat_kg,URINE,0.8,Decision Tree Regressor,BayesSearchCV,11.492187563732154,8.605,47.75665608068253,-0.17471305466998688,5036aab1b4aa499bab7dbc396f7a5da2,experiment_linear_bodyfat_kg
1799.27153693445,0.0039137658593557815,bodyfat_kg,URINE,0.8,Decision Tree Regressor,BayesSearchCV,11.492187563732154,8.605,47.75665608068253,-0.17471305466998688,5036aab1b4aa499bab7dbc396f7a5da2,experiment_linear_bodyfat_kg
1801.20001660962,0.0038835301414832683,bodyfat_kg,URINE,0.8,Decision Tree Regressor,BayesSearchCV,11.492187563732154,8.605,47.75665608068253,-0.17471305466998688,5036aab1b4aa499bab7dbc396f7a5da2,experiment_linear_bodyfat_kg
1803.128496284791,0.003859029209845112,bodyfat_kg,URINE,0.8,Decision Tree Regressor,BayesSearchCV,11.492187563732154,8.605,47.75665608068253,-0.17471305466998688,5036aab1b4aa499bab7dbc396f7a5da2,experiment_linear_bodyfat_kg
1805.056975959963,0.003790761304202858,bodyfat_kg,URINE,0.8,Decision Tree Regressor,BayesSearchCV,11.492187563732154,8.605,47.75665608068253,-0.17471305466998688,5036aab1b4aa499bab7dbc396f7a5da2,experiment_linear_bodyfat_kg
1774.201301157228,0.003774888150723082,bodyfat_kg,URINE,0.8,Decision Tree Regressor,BayesSearchCV,11.492187563732154,8.605,47.75665608068253,-0.17471305466998688,5036aab1b4aa499bab7dbc396f7a5da2,experiment_linear_bodyfat_kg
1806.985455635133,0.0036914363015307663,bodyfat_kg,URINE,0.8,Decision Tree Regressor,BayesSearchCV,11.492187563732154,8.605,47.75665608068253,-0.17471305466998688,5036aab1b4aa499bab7dbc396f7a5da2,experiment_linear_bodyfat_kg
1772.272821482057,0.0035874690444214975,bodyfat_kg,URINE,0.8,Decision Tree Regressor,BayesSearchCV,11.492187563732154,8.605,47.75665608068253,-0.17471305466998688,5036aab1b4aa499bab7dbc396f7a5da2,experiment_linear_bodyfat_kg
1808.913935310304,0.003582518232301876,bodyfat_kg,URINE,0.8,Decision Tree Regressor,BayesSearchCV,11.492187563732154,8.605,47.75665608068253,-0.17471305466998688,5036aab1b4aa499bab7dbc396f7a5da2,experiment_linear_bodyfat_kg
1105.018853872926,0.3119181704461121,bodyfat_kg,URINE,0.8,Decision Tree Regressor,BayesSearchCV,11.987293902509425,10.215377955377956,71.19694032078166,-0.2781113484202604,5036aab1b4aa499bab7dbc396f7a5da2,experiment_linear_bodyfat_kg
948.812000184083,0.2655334081216824,bodyfat_kg,URINE,0.8,Decision Tree Regressor,BayesSearchCV,11.987293902509425,10.215377955377956,71.19694032078166,-0.2781113484202604,5036aab1b4aa499bab7dbc396f7a5da2,experiment_linear_bodyfat_kg
1064.520780694337,0.19905120689311517,bodyfat_kg,URINE,0.8,Decision Tree Regressor,BayesSearchCV,11.987293902509425,10.215377955377956,71.19694032078166,-0.2781113484202604,5036aab1b4aa499bab7dbc396f7a5da2,experiment_linear_bodyfat_kg
1579.424853964967,0.151903559699889,bodyfat_kg,URINE,0.8,Decision Tree Regressor,BayesSearchCV,11.987293902509425,10.215377955377956,71.19694032078166,-0.2781113484202604,5036aab1b4aa499bab7dbc396f7a5da2,experiment_linear_bodyfat_kg
1307.50921976587,0.0715936548392013,bodyfat_kg,URINE,0.8,Decision Tree Regressor,BayesSearchCV,11.987293902509425,10.215377955377956,71.19694032078166,-0.2781113484202604,5036aab1b4aa499bab7dbc396f7a5da2,experiment_linear_bodyfat_kg
929.5272034323739,0.0,bodyfat_kg,URINE,0.8,Decision Tree Regressor,BayesSearchCV,11.987293902509425,10.215377955377956,71.19694032078166,-0.2781113484202604,5036aab1b4aa499bab7dbc396f7a5da2,experiment_linear_bodyfat_kg
2570.663407002809,0.0,bodyfat_kg,URINE,0.8,Decision Tree Regressor,BayesSearchCV,11.987293902509425,10.215377955377956,71.19694032078166,-0.2781113484202604,5036aab1b4aa499bab7dbc396f7a5da2,experiment_linear_bodyfat_kg
2555.235569601442,0.0,bodyfat_kg,URINE,0.8,Decision Tree Regressor,BayesSearchCV,11.987293902509425,10.215377955377956,71.19694032078166,-0.2781113484202604,5036aab1b4aa499bab7dbc396f7a5da2,experiment_linear_bodyfat_kg
2557.164049276613,0.0,bodyfat_kg,URINE,0.8,Decision Tree Regressor,BayesSearchCV,11.987293902509425,10.215377955377956,71.19694032078166,-0.2781113484202604,5036aab1b4aa499bab7dbc396f7a5da2,experiment_linear_bodyfat_kg
2559.092528951784,0.0,bodyfat_kg,URINE,0.8,Decision Tree Regressor,BayesSearchCV,11.987293902509425,10.215377955377956,71.19694032078166,-0.2781113484202604,5036aab1b4aa499bab7dbc396f7a5da2,experiment_linear_bodyfat_kg
2561.021008626955,0.0,bodyfat_kg,URINE,0.8,Decision Tree Regressor,BayesSearchCV,11.987293902509425,10.215377955377956,71.19694032078166,-0.2781113484202604,5036aab1b4aa499bab7dbc396f7a5da2,experiment_linear_bodyfat_kg
2562.949488302126,0.0,bodyfat_kg,URINE,0.8,Decision Tree Regressor,BayesSearchCV,11.987293902509425,10.215377955377956,71.19694032078166,-0.2781113484202604,5036aab1b4aa499bab7dbc396f7a5da2,experiment_linear_bodyfat_kg
2564.877967977297,0.0,bodyfat_kg,URINE,0.8,Decision Tree Regressor,BayesSearchCV,11.987293902509425,10.215377955377956,71.19694032078166,-0.2781113484202604,5036aab1b4aa499bab7dbc396f7a5da2,experiment_linear_bodyfat_kg
2566.806447652468,0.0,bodyfat_kg,URINE,0.8,Decision Tree Regressor,BayesSearchCV,11.987293902509425,10.215377955377956,71.19694032078166,-0.2781113484202604,5036aab1b4aa499bab7dbc396f7a5da2,experiment_linear_bodyfat_kg
2568.734927327639,0.0,bodyfat_kg,URINE,0.8,Decision Tree Regressor,BayesSearchCV,11.987293902509425,10.215377955377956,71.19694032078166,-0.2781113484202604,5036aab1b4aa499bab7dbc396f7a5da2,experiment_linear_bodyfat_kg
2574.520366353152,0.0,bodyfat_kg,URINE,0.8,Decision Tree Regressor,BayesSearchCV,11.987293902509425,10.215377955377956,71.19694032078166,-0.2781113484202604,5036aab1b4aa499bab7dbc396f7a5da2,experiment_linear_bodyfat_kg
2572.59188667798,0.0,bodyfat_kg,URINE,0.8,Decision Tree Regressor,BayesSearchCV,11.987293902509425,10.215377955377956,71.19694032078166,-0.2781113484202604,5036aab1b4aa499bab7dbc396f7a5da2,experiment_linear_bodyfat_kg
2551.378610251101,0.0,bodyfat_kg,URINE,0.8,Decision Tree Regressor,BayesSearchCV,11.987293902509425,10.215377955377956,71.19694032078166,-0.2781113484202604,5036aab1b4aa499bab7dbc396f7a5da2,experiment_linear_bodyfat_kg
2576.448846028322,0.0,bodyfat_kg,URINE,0.8,Decision Tree Regressor,BayesSearchCV,11.987293902509425,10.215377955377956,71.19694032078166,-0.2781113484202604,5036aab1b4aa499bab7dbc396f7a5da2,experiment_linear_bodyfat_kg
2578.377325703493,0.0,bodyfat_kg,URINE,0.8,Decision Tree Regressor,BayesSearchCV,11.987293902509425,10.215377955377956,71.19694032078166,-0.2781113484202604,5036aab1b4aa499bab7dbc396f7a5da2,experiment_linear_bodyfat_kg
1783.843699533082,0.004698649382293614,bodyfat_kg,URINE,0.8,Decision Tree Regressor,BayesSearchCV,11.648124849090518,8.67625,47.63946265460923,-0.2068086600486403,5036aab1b4aa499bab7dbc396f7a5da2,experiment_linear_bodyfat_kg
1785.772179208253,0.004620684935842418,bodyfat_kg,URINE,0.8,Decision Tree Regressor,BayesSearchCV,11.648124849090518,8.67625,47.63946265460923,-0.2068086600486403,5036aab1b4aa499bab7dbc396f7a5da2,experiment_linear_bodyfat_kg
1781.915219857912,0.004604711564550515,bodyfat_kg,URINE,0.8,Decision Tree Regressor,BayesSearchCV,11.648124849090518,8.67625,47.63946265460923,-0.2068086600486403,5036aab1b4aa499bab7dbc396f7a5da2,experiment_linear_bodyfat_kg
1787.700658883424,0.0044713299532248545,bodyfat_kg,URINE,0.8,Decision Tree Regressor,BayesSearchCV,11.648124849090518,8.67625,47.63946265460923,-0.2068086600486403,5036aab1b4aa499bab7dbc396f7a5da2,experiment_linear_bodyfat_kg
1779.986740182741,0.0043946600717215045,bodyfat_kg,URINE,0.8,Decision Tree Regressor,BayesSearchCV,11.648124849090518,8.67625,47.63946265460923,-0.2068086600486403,5036aab1b4aa499bab7dbc396f7a5da2,experiment_linear_bodyfat_kg
1789.629138558595,0.0043224884438315455,bodyfat_kg,URINE,0.8,Decision Tree Regressor,BayesSearchCV,11.648124849090518,8.67625,47.63946265460923,-0.2068086600486403,5036aab1b4aa499bab7dbc396f7a5da2,experiment_linear_bodyfat_kg
1791.557618233766,0.004198414795922815,bodyfat_kg,URINE,0.8,Decision Tree Regressor,BayesSearchCV,11.648124849090518,8.67625,47.63946265460923,-0.2068086600486403,5036aab1b4aa499bab7dbc396f7a5da2,experiment_linear_bodyfat_kg
1778.05826050757,0.004195574964494052,bodyfat_kg,URINE,0.8,Decision Tree Regressor,BayesSearchCV,11.648124849090518,8.67625,47.63946265460923,-0.2068086600486403,5036aab1b4aa499bab7dbc396f7a5da2,experiment_linear_bodyfat_kg
1793.486097908937,0.004188081709496569,bodyfat_kg,URINE,0.8,Decision Tree Regressor,BayesSearchCV,11.648124849090518,8.67625,47.63946265460923,-0.2068086600486403,5036aab1b4aa499bab7dbc396f7a5da2,experiment_linear_bodyfat_kg
1795.414577584108,0.0041638193139051155,bodyfat_kg,URINE,0.8,Decision Tree Regressor,BayesSearchCV,11.648124849090518,8.67625,47.63946265460923,-0.2068086600486403,5036aab1b4aa499bab7dbc396f7a5da2,experiment_linear_bodyfat_kg
1776.129780832399,0.004058111610318556,bodyfat_kg,URINE,0.8,Decision Tree Regressor,BayesSearchCV,11.648124849090518,8.67625,47.63946265460923,-0.2068086600486403,5036aab1b4aa499bab7dbc396f7a5da2,experiment_linear_bodyfat_kg
1797.343057259279,0.004028627538533257,bodyfat_kg,URINE,0.8,Decision Tree Regressor,BayesSearchCV,11.648124849090518,8.67625,47.63946265460923,-0.2068086600486403,5036aab1b4aa499bab7dbc396f7a5da2,experiment_linear_bodyfat_kg
1799.27153693445,0.003926640920799676,bodyfat_kg,URINE,0.8,Decision Tree Regressor,BayesSearchCV,11.648124849090518,8.67625,47.63946265460923,-0.2068086600486403,5036aab1b4aa499bab7dbc396f7a5da2,experiment_linear_bodyfat_kg
1801.20001660962,0.003895138277062791,bodyfat_kg,URINE,0.8,Decision Tree Regressor,BayesSearchCV,11.648124849090518,8.67625,47.63946265460923,-0.2068086600486403,5036aab1b4aa499bab7dbc396f7a5da2,experiment_linear_bodyfat_kg
1803.128496284791,0.0038699585890301174,bodyfat_kg,URINE,0.8,Decision Tree Regressor,BayesSearchCV,11.648124849090518,8.67625,47.63946265460923,-0.2068086600486403,5036aab1b4aa499bab7dbc396f7a5da2,experiment_linear_bodyfat_kg
1774.201301157228,0.0038332932985364896,bodyfat_kg,URINE,0.8,Decision Tree Regressor,BayesSearchCV,11.648124849090518,8.67625,47.63946265460923,-0.2068086600486403,5036aab1b4aa499bab7dbc396f7a5da2,experiment_linear_bodyfat_kg
1805.056975959963,0.0037987046917328923,bodyfat_kg,URINE,0.8,Decision Tree Regressor,BayesSearchCV,11.648124849090518,8.67625,47.63946265460923,-0.2068086600486403,5036aab1b4aa499bab7dbc396f7a5da2,experiment_linear_bodyfat_kg
1585.21029299048,0.003708870007635187,bodyfat_kg,URINE,0.8,Decision Tree Regressor,BayesSearchCV,11.648124849090518,8.67625,47.63946265460923,-0.2068086600486403,5036aab1b4aa499bab7dbc396f7a5da2,experiment_linear_bodyfat_kg
1587.138772665651,0.0036987793174485745,bodyfat_kg,URINE,0.8,Decision Tree Regressor,BayesSearchCV,11.648124849090518,8.67625,47.63946265460923,-0.2068086600486403,5036aab1b4aa499bab7dbc396f7a5da2,experiment_linear_bodyfat_kg
1806.985455635133,0.0036955432845794237,bodyfat_kg,URINE,0.8,Decision Tree Regressor,BayesSearchCV,11.648124849090518,8.67625,47.63946265460923,-0.2068086600486403,5036aab1b4aa499bab7dbc396f7a5da2,experiment_linear_bodyfat_kg
1085.734057121217,1.0,bodyfat_kg,URINE,0.8,Decision Tree Regressor,BayesSearchCV,11.214475019118566,9.386726265822784,62.96894776784395,-0.11862437866829922,5036aab1b4aa499bab7dbc396f7a5da2,experiment_linear_bodyfat_kg
929.5272034323739,0.0,bodyfat_kg,URINE,0.8,Decision Tree Regressor,BayesSearchCV,11.214475019118566,9.386726265822784,62.96894776784395,-0.11862437866829922,5036aab1b4aa499bab7dbc396f7a5da2,experiment_linear_bodyfat_kg
2547.521650900759,0.0,bodyfat_kg,URINE,0.8,Decision Tree Regressor,BayesSearchCV,11.214475019118566,9.386726265822784,62.96894776784395,-0.11862437866829922,5036aab1b4aa499bab7dbc396f7a5da2,experiment_linear_bodyfat_kg
2551.378610251101,0.0,bodyfat_kg,URINE,0.8,Decision Tree Regressor,BayesSearchCV,11.214475019118566,9.386726265822784,62.96894776784395,-0.11862437866829922,5036aab1b4aa499bab7dbc396f7a5da2,experiment_linear_bodyfat_kg
2553.307089926272,0.0,bodyfat_kg,URINE,0.8,Decision Tree Regressor,BayesSearchCV,11.214475019118566,9.386726265822784,62.96894776784395,-0.11862437866829922,5036aab1b4aa499bab7dbc396f7a5da2,experiment_linear_bodyfat_kg
2555.235569601442,0.0,bodyfat_kg,URINE,0.8,Decision Tree Regressor,BayesSearchCV,11.214475019118566,9.386726265822784,62.96894776784395,-0.11862437866829922,5036aab1b4aa499bab7dbc396f7a5da2,experiment_linear_bodyfat_kg
2557.164049276613,0.0,bodyfat_kg,URINE,0.8,Decision Tree Regressor,BayesSearchCV,11.214475019118566,9.386726265822784,62.96894776784395,-0.11862437866829922,5036aab1b4aa499bab7dbc396f7a5da2,experiment_linear_bodyfat_kg
2559.092528951784,0.0,bodyfat_kg,URINE,0.8,Decision Tree Regressor,BayesSearchCV,11.214475019118566,9.386726265822784,62.96894776784395,-0.11862437866829922,5036aab1b4aa499bab7dbc396f7a5da2,experiment_linear_bodyfat_kg
2561.021008626955,0.0,bodyfat_kg,URINE,0.8,Decision Tree Regressor,BayesSearchCV,11.214475019118566,9.386726265822784,62.96894776784395,-0.11862437866829922,5036aab1b4aa499bab7dbc396f7a5da2,experiment_linear_bodyfat_kg
2562.949488302126,0.0,bodyfat_kg,URINE,0.8,Decision Tree Regressor,BayesSearchCV,11.214475019118566,9.386726265822784,62.96894776784395,-0.11862437866829922,5036aab1b4aa499bab7dbc396f7a5da2,experiment_linear_bodyfat_kg
2564.877967977297,0.0,bodyfat_kg,URINE,0.8,Decision Tree Regressor,BayesSearchCV,11.214475019118566,9.386726265822784,62.96894776784395,-0.11862437866829922,5036aab1b4aa499bab7dbc396f7a5da2,experiment_linear_bodyfat_kg
2566.806447652468,0.0,bodyfat_kg,URINE,0.8,Decision Tree Regressor,BayesSearchCV,11.214475019118566,9.386726265822784,62.96894776784395,-0.11862437866829922,5036aab1b4aa499bab7dbc396f7a5da2,experiment_linear_bodyfat_kg
2568.734927327639,0.0,bodyfat_kg,URINE,0.8,Decision Tree Regressor,BayesSearchCV,11.214475019118566,9.386726265822784,62.96894776784395,-0.11862437866829922,5036aab1b4aa499bab7dbc396f7a5da2,experiment_linear_bodyfat_kg
2570.663407002809,0.0,bodyfat_kg,URINE,0.8,Decision Tree Regressor,BayesSearchCV,11.214475019118566,9.386726265822784,62.96894776784395,-0.11862437866829922,5036aab1b4aa499bab7dbc396f7a5da2,experiment_linear_bodyfat_kg
2572.59188667798,0.0,bodyfat_kg,URINE,0.8,Decision Tree Regressor,BayesSearchCV,11.214475019118566,9.386726265822784,62.96894776784395,-0.11862437866829922,5036aab1b4aa499bab7dbc396f7a5da2,experiment_linear_bodyfat_kg
2574.520366353152,0.0,bodyfat_kg,URINE,0.8,Decision Tree Regressor,BayesSearchCV,11.214475019118566,9.386726265822784,62.96894776784395,-0.11862437866829922,5036aab1b4aa499bab7dbc396f7a5da2,experiment_linear_bodyfat_kg
2576.448846028322,0.0,bodyfat_kg,URINE,0.8,Decision Tree Regressor,BayesSearchCV,11.214475019118566,9.386726265822784,62.96894776784395,-0.11862437866829922,5036aab1b4aa499bab7dbc396f7a5da2,experiment_linear_bodyfat_kg
2578.377325703493,0.0,bodyfat_kg,URINE,0.8,Decision Tree Regressor,BayesSearchCV,11.214475019118566,9.386726265822784,62.96894776784395,-0.11862437866829922,5036aab1b4aa499bab7dbc396f7a5da2,experiment_linear_bodyfat_kg
2580.305805378664,0.0,bodyfat_kg,URINE,0.8,Decision Tree Regressor,BayesSearchCV,11.214475019118566,9.386726265822784,62.96894776784395,-0.11862437866829922,5036aab1b4aa499bab7dbc396f7a5da2,experiment_linear_bodyfat_kg
2582.234285053835,0.0,bodyfat_kg,URINE,0.8,Decision Tree Regressor,BayesSearchCV,11.214475019118566,9.386726265822784,62.96894776784395,-0.11862437866829922,5036aab1b4aa499bab7dbc396f7a5da2,experiment_linear_bodyfat_kg
1602.566610067018,0.014897906387123338,bodyfat_kg,CAPILAR,0.8,XGBoost Regressor,BayesSearchCV,9.03721092053421,6.792574038505554,45.206052068990374,0.03256975010691243,5036aab1b4aa499bab7dbc396f7a5da2,experiment_linear_bodyfat_kg
1641.136203570436,0.010523210998598053,bodyfat_kg,CAPILAR,0.8,XGBoost Regressor,BayesSearchCV,9.03721092053421,6.792574038505554,45.206052068990374,0.03256975010691243,5036aab1b4aa499bab7dbc396f7a5da2,experiment_linear_bodyfat_kg
1639.207723895265,0.009705951821113307,bodyfat_kg,CAPILAR,0.8,XGBoost Regressor,BayesSearchCV,9.03721092053421,6.792574038505554,45.206052068990374,0.03256975010691243,5036aab1b4aa499bab7dbc396f7a5da2,experiment_linear_bodyfat_kg
1604.495089742189,0.009616155967898065,bodyfat_kg,CAPILAR,0.8,XGBoost Regressor,BayesSearchCV,9.03721092053421,6.792574038505554,45.206052068990374,0.03256975010691243,5036aab1b4aa499bab7dbc396f7a5da2,experiment_linear_bodyfat_kg
1600.638130391847,0.008561341701955537,bodyfat_kg,CAPILAR,0.8,XGBoost Regressor,BayesSearchCV,9.03721092053421,6.792574038505554,45.206052068990374,0.03256975010691243,5036aab1b4aa499bab7dbc396f7a5da2,experiment_linear_bodyfat_kg
1637.279244220094,0.00789771236376801,bodyfat_kg,CAPILAR,0.8,XGBoost Regressor,BayesSearchCV,9.03721092053421,6.792574038505554,45.206052068990374,0.03256975010691243,5036aab1b4aa499bab7dbc396f7a5da2,experiment_linear_bodyfat_kg
1643.064683245607,0.007865752722458954,bodyfat_kg,CAPILAR,0.8,XGBoost Regressor,BayesSearchCV,9.03721092053421,6.792574038505554,45.206052068990374,0.03256975010691243,5036aab1b4aa499bab7dbc396f7a5da2,experiment_linear_bodyfat_kg
1606.42356941736,0.006699514018419008,bodyfat_kg,CAPILAR,0.8,XGBoost Regressor,BayesSearchCV,9.03721092053421,6.792574038505554,45.206052068990374,0.03256975010691243,5036aab1b4aa499bab7dbc396f7a5da2,experiment_linear_bodyfat_kg
1635.350764544923,0.006640419176968794,bodyfat_kg,CAPILAR,0.8,XGBoost Regressor,BayesSearchCV,9.03721092053421,6.792574038505554,45.206052068990374,0.03256975010691243,5036aab1b4aa499bab7dbc396f7a5da2,experiment_linear_bodyfat_kg
1633.422284869752,0.005968728846822522,bodyfat_kg,CAPILAR,0.8,XGBoost Regressor,BayesSearchCV,9.03721092053421,6.792574038505554,45.206052068990374,0.03256975010691243,5036aab1b4aa499bab7dbc396f7a5da2,experiment_linear_bodyfat_kg
1631.493805194581,0.005356791141180381,bodyfat_kg,CAPILAR,0.8,XGBoost Regressor,BayesSearchCV,9.03721092053421,6.792574038505554,45.206052068990374,0.03256975010691243,5036aab1b4aa499bab7dbc396f7a5da2,experiment_linear_bodyfat_kg
1608.35204909253,0.005305446638750818,bodyfat_kg,CAPILAR,0.8,XGBoost Regressor,BayesSearchCV,9.03721092053421,6.792574038505554,45.206052068990374,0.03256975010691243,5036aab1b4aa499bab7dbc396f7a5da2,experiment_linear_bodyfat_kg
3048.926366445193,0.0048212252969242,bodyfat_kg,CAPILAR,0.8,XGBoost Regressor,BayesSearchCV,9.03721092053421,6.792574038505554,45.206052068990374,0.03256975010691243,5036aab1b4aa499bab7dbc396f7a5da2,experiment_linear_bodyfat_kg
1357.649691320314,0.004792561856527984,bodyfat_kg,CAPILAR,0.8,XGBoost Regressor,BayesSearchCV,9.03721092053421,6.792574038505554,45.206052068990374,0.03256975010691243,5036aab1b4aa499bab7dbc396f7a5da2,experiment_linear_bodyfat_kg
1355.721211645143,0.004778989080723404,bodyfat_kg,CAPILAR,0.8,XGBoost Regressor,BayesSearchCV,9.03721092053421,6.792574038505554,45.206052068990374,0.03256975010691243,5036aab1b4aa499bab7dbc396f7a5da2,experiment_linear_bodyfat_kg
1610.280528767702,0.004729231634700823,bodyfat_kg,CAPILAR,0.8,XGBoost Regressor,BayesSearchCV,9.03721092053421,6.792574038505554,45.206052068990374,0.03256975010691243,5036aab1b4aa499bab7dbc396f7a5da2,experiment_linear_bodyfat_kg
1629.56532551941,0.004655005893417502,bodyfat_kg,CAPILAR,0.8,XGBoost Regressor,BayesSearchCV,9.03721092053421,6.792574038505554,45.206052068990374,0.03256975010691243,5036aab1b4aa499bab7dbc396f7a5da2,experiment_linear_bodyfat_kg
1359.578170995484,0.004539148010054726,bodyfat_kg,CAPILAR,0.8,XGBoost Regressor,BayesSearchCV,9.03721092053421,6.792574038505554,45.206052068990374,0.03256975010691243,5036aab1b4aa499bab7dbc396f7a5da2,experiment_linear_bodyfat_kg
1612.209008442873,0.004499532173395152,bodyfat_kg,CAPILAR,0.8,XGBoost Regressor,BayesSearchCV,9.03721092053421,6.792574038505554,45.206052068990374,0.03256975010691243,5036aab1b4aa499bab7dbc396f7a5da2,experiment_linear_bodyfat_kg
1353.792731969972,0.004479043842685208,bodyfat_kg,CAPILAR,0.8,XGBoost Regressor,BayesSearchCV,9.03721092053421,6.792574038505554,45.206052068990374,0.03256975010691243,5036aab1b4aa499bab7dbc396f7a5da2,experiment_linear_bodyfat_kg
2514.737496422853,0.015619348734617233,bodyfat_kg,CAPILAR,0.8,XGBoost Regressor,BayesSearchCV,10.787861235210197,8.72059914112091,58.35416650158407,-0.37854684595989374,5036aab1b4aa499bab7dbc396f7a5da2,experiment_linear_bodyfat_kg
2913.93278918323,0.013331355527043343,bodyfat_kg,CAPILAR,0.8,XGBoost Regressor,BayesSearchCV,10.787861235210197,8.72059914112091,58.35416650158407,-0.37854684595989374,5036aab1b4aa499bab7dbc396f7a5da2,experiment_linear_bodyfat_kg
1764.558902781373,0.012409827671945095,bodyfat_kg,CAPILAR,0.8,XGBoost Regressor,BayesSearchCV,10.787861235210197,8.72059914112091,58.35416650158407,-0.37854684595989374,5036aab1b4aa499bab7dbc396f7a5da2,experiment_linear_bodyfat_kg
1322.937057167237,0.01238161325454712,bodyfat_kg,CAPILAR,0.8,XGBoost Regressor,BayesSearchCV,10.787861235210197,8.72059914112091,58.35416650158407,-0.37854684595989374,5036aab1b4aa499bab7dbc396f7a5da2,experiment_linear_bodyfat_kg
1633.422284869752,0.011817947961390018,bodyfat_kg,CAPILAR,0.8,XGBoost Regressor,BayesSearchCV,10.787861235210197,8.72059914112091,58.35416650158407,-0.37854684595989374,5036aab1b4aa499bab7dbc396f7a5da2,experiment_linear_bodyfat_kg
1631.493805194581,0.010208097286522388,bodyfat_kg,CAPILAR,0.8,XGBoost Regressor,BayesSearchCV,10.787861235210197,8.72059914112091,58.35416650158407,-0.37854684595989374,5036aab1b4aa499bab7dbc396f7a5da2,experiment_linear_bodyfat_kg
2518.594455773195,0.01000278815627098,bodyfat_kg,CAPILAR,0.8,XGBoost Regressor,BayesSearchCV,10.787861235210197,8.72059914112091,58.35416650158407,-0.37854684595989374,5036aab1b4aa499bab7dbc396f7a5da2,experiment_linear_bodyfat_kg
1380.791447422364,0.00966963917016983,bodyfat_kg,CAPILAR,0.8,XGBoost Regressor,BayesSearchCV,10.787861235210197,8.72059914112091,58.35416650158407,-0.37854684595989374,5036aab1b4aa499bab7dbc396f7a5da2,experiment_linear_bodyfat_kg
1500.35718728296,0.0094307204708457,bodyfat_kg,CAPILAR,0.8,XGBoost Regressor,BayesSearchCV,10.787861235210197,8.72059914112091,58.35416650158407,-0.37854684595989374,5036aab1b4aa499bab7dbc396f7a5da2,experiment_linear_bodyfat_kg
1590.995732015992,0.00892000924795866,bodyfat_kg,CAPILAR,0.8,XGBoost Regressor,BayesSearchCV,10.787861235210197,8.72059914112091,58.35416650158407,-0.37854684595989374,5036aab1b4aa499bab7dbc396f7a5da2,experiment_linear_bodyfat_kg
1018.237268490235,0.008872111327946186,bodyfat_kg,CAPILAR,0.8,XGBoost Regressor,BayesSearchCV,10.787861235210197,8.72059914112091,58.35416650158407,-0.37854684595989374,5036aab1b4aa499bab7dbc396f7a5da2,experiment_linear_bodyfat_kg
1375.006008396852,0.008827698417007923,bodyfat_kg,CAPILAR,0.8,XGBoost Regressor,BayesSearchCV,10.787861235210197,8.72059914112091,58.35416650158407,-0.37854684595989374,5036aab1b4aa499bab7dbc396f7a5da2,experiment_linear_bodyfat_kg
1700.919073500734,0.008815820328891277,bodyfat_kg,CAPILAR,0.8,XGBoost Regressor,BayesSearchCV,10.787861235210197,8.72059914112091,58.35416650158407,-0.37854684595989374,5036aab1b4aa499bab7dbc396f7a5da2,experiment_linear_bodyfat_kg
1257.368748211427,0.007689216174185276,bodyfat_kg,CAPILAR,0.8,XGBoost Regressor,BayesSearchCV,10.787861235210197,8.72059914112091,58.35416650158407,-0.37854684595989374,5036aab1b4aa499bab7dbc396f7a5da2,experiment_linear_bodyfat_kg
1112.732772573609,0.007583779748529196,bodyfat_kg,CAPILAR,0.8,XGBoost Regressor,BayesSearchCV,10.787861235210197,8.72059914112091,58.35416650158407,-0.37854684595989374,5036aab1b4aa499bab7dbc396f7a5da2,experiment_linear_bodyfat_kg
1164.801723803224,0.007489968091249466,bodyfat_kg,CAPILAR,0.8,XGBoost Regressor,BayesSearchCV,10.787861235210197,8.72059914112091,58.35416650158407,-0.37854684595989374,5036aab1b4aa499bab7dbc396f7a5da2,experiment_linear_bodyfat_kg
2985.286537164553,0.007369227707386017,bodyfat_kg,CAPILAR,0.8,XGBoost Regressor,BayesSearchCV,10.787861235210197,8.72059914112091,58.35416650158407,-0.37854684595989374,5036aab1b4aa499bab7dbc396f7a5da2,experiment_linear_bodyfat_kg
2534.022293174562,0.007354987785220146,bodyfat_kg,CAPILAR,0.8,XGBoost Regressor,BayesSearchCV,10.787861235210197,8.72059914112091,58.35416650158407,-0.37854684595989374,5036aab1b4aa499bab7dbc396f7a5da2,experiment_linear_bodyfat_kg
2535.950772849733,0.0072917151264846325,bodyfat_kg,CAPILAR,0.8,XGBoost Regressor,BayesSearchCV,10.787861235210197,8.72059914112091,58.35416650158407,-0.37854684595989374,5036aab1b4aa499bab7dbc396f7a5da2,experiment_linear_bodyfat_kg
1351.864252294801,0.00724372873082757,bodyfat_kg,CAPILAR,0.8,XGBoost Regressor,BayesSearchCV,10.787861235210197,8.72059914112091,58.35416650158407,-0.37854684595989374,5036aab1b4aa499bab7dbc396f7a5da2,experiment_linear_bodyfat_kg
1602.566610067018,0.019360564132724696,bodyfat_kg,CAPILAR,0.8,XGBoost Regressor,BayesSearchCV,8.847492617011193,6.883238210678101,49.17138255613761,0.07276195244290784,5036aab1b4aa499bab7dbc396f7a5da2,experiment_linear_bodyfat_kg
1641.136203570436,0.013492961824195081,bodyfat_kg,CAPILAR,0.8,XGBoost Regressor,BayesSearchCV,8.847492617011193,6.883238210678101,49.17138255613761,0.07276195244290784,5036aab1b4aa499bab7dbc396f7a5da2,experiment_linear_bodyfat_kg
1639.207723895265,0.012328038457048364,bodyfat_kg,CAPILAR,0.8,XGBoost Regressor,BayesSearchCV,8.847492617011193,6.883238210678101,49.17138255613761,0.07276195244290784,5036aab1b4aa499bab7dbc396f7a5da2,experiment_linear_bodyfat_kg
1604.495089742189,0.012021259480443372,bodyfat_kg,CAPILAR,0.8,XGBoost Regressor,BayesSearchCV,8.847492617011193,6.883238210678101,49.17138255613761,0.07276195244290784,5036aab1b4aa499bab7dbc396f7a5da2,experiment_linear_bodyfat_kg
1600.638130391847,0.011575841130733795,bodyfat_kg,CAPILAR,0.8,XGBoost Regressor,BayesSearchCV,8.847492617011193,6.883238210678101,49.17138255613761,0.07276195244290784,5036aab1b4aa499bab7dbc396f7a5da2,experiment_linear_bodyfat_kg
1643.064683245607,0.01032496399438852,bodyfat_kg,CAPILAR,0.8,XGBoost Regressor,BayesSearchCV,8.847492617011193,6.883238210678101,49.17138255613761,0.07276195244290784,5036aab1b4aa499bab7dbc396f7a5da2,experiment_linear_bodyfat_kg
1637.279244220094,0.009991415896963183,bodyfat_kg,CAPILAR,0.8,XGBoost Regressor,BayesSearchCV,8.847492617011193,6.883238210678101,49.17138255613761,0.07276195244290784,5036aab1b4aa499bab7dbc396f7a5da2,experiment_linear_bodyfat_kg
1635.350764544923,0.008276595173132222,bodyfat_kg,CAPILAR,0.8,XGBoost Regressor,BayesSearchCV,8.847492617011193,6.883238210678101,49.17138255613761,0.07276195244290784,5036aab1b4aa499bab7dbc396f7a5da2,experiment_linear_bodyfat_kg
1606.42356941736,0.008127165448781096,bodyfat_kg,CAPILAR,0.8,XGBoost Regressor,BayesSearchCV,8.847492617011193,6.883238210678101,49.17138255613761,0.07276195244290784,5036aab1b4aa499bab7dbc396f7a5da2,experiment_linear_bodyfat_kg
1633.422284869752,0.007226424294516368,bodyfat_kg,CAPILAR,0.8,XGBoost Regressor,BayesSearchCV,8.847492617011193,6.883238210678101,49.17138255613761,0.07276195244290784,5036aab1b4aa499bab7dbc396f7a5da2,experiment_linear_bodyfat_kg
1631.493805194581,0.006332128195201352,bodyfat_kg,CAPILAR,0.8,XGBoost Regressor,BayesSearchCV,8.847492617011193,6.883238210678101,49.17138255613761,0.07276195244290784,5036aab1b4aa499bab7dbc396f7a5da2,experiment_linear_bodyfat_kg
1608.35204909253,0.0063169612134971525,bodyfat_kg,CAPILAR,0.8,XGBoost Regressor,BayesSearchCV,8.847492617011193,6.883238210678101,49.17138255613761,0.07276195244290784,5036aab1b4aa499bab7dbc396f7a5da2,experiment_linear_bodyfat_kg
1598.709650716676,0.0059967456218823385,bodyfat_kg,CAPILAR,0.8,XGBoost Regressor,BayesSearchCV,8.847492617011193,6.883238210678101,49.17138255613761,0.07276195244290784,5036aab1b4aa499bab7dbc396f7a5da2,experiment_linear_bodyfat_kg
1357.649691320314,0.005707732902463633,bodyfat_kg,CAPILAR,0.8,XGBoost Regressor,BayesSearchCV,8.847492617011193,6.883238210678101,49.17138255613761,0.07276195244290784,5036aab1b4aa499bab7dbc396f7a5da2,experiment_linear_bodyfat_kg
1355.721211645143,0.005692197158983955,bodyfat_kg,CAPILAR,0.8,XGBoost Regressor,BayesSearchCV,8.847492617011193,6.883238210678101,49.17138255613761,0.07276195244290784,5036aab1b4aa499bab7dbc396f7a5da2,experiment_linear_bodyfat_kg
1610.280528767702,0.005530633106763168,bodyfat_kg,CAPILAR,0.8,XGBoost Regressor,BayesSearchCV,8.847492617011193,6.883238210678101,49.17138255613761,0.07276195244290784,5036aab1b4aa499bab7dbc396f7a5da2,experiment_linear_bodyfat_kg
1359.578170995484,0.005427426813348373,bodyfat_kg,CAPILAR,0.8,XGBoost Regressor,BayesSearchCV,8.847492617011193,6.883238210678101,49.17138255613761,0.07276195244290784,5036aab1b4aa499bab7dbc396f7a5da2,experiment_linear_bodyfat_kg
1629.56532551941,0.005414622120899542,bodyfat_kg,CAPILAR,0.8,XGBoost Regressor,BayesSearchCV,8.847492617011193,6.883238210678101,49.17138255613761,0.07276195244290784,5036aab1b4aa499bab7dbc396f7a5da2,experiment_linear_bodyfat_kg
1353.792731969972,0.005370522729999962,bodyfat_kg,CAPILAR,0.8,XGBoost Regressor,BayesSearchCV,8.847492617011193,6.883238210678101,49.17138255613761,0.07276195244290784,5036aab1b4aa499bab7dbc396f7a5da2,experiment_linear_bodyfat_kg
1612.209008442873,0.0051792033341954745,bodyfat_kg,CAPILAR,0.8,XGBoost Regressor,BayesSearchCV,8.847492617011193,6.883238210678101,49.17138255613761,0.07276195244290784,5036aab1b4aa499bab7dbc396f7a5da2,experiment_linear_bodyfat_kg
2501.238138696657,0.12422645092010498,bodyfat_kg,CAPILAR,0.8,XGBoost Regressor,BayesSearchCV,9.542142303960137,7.65540364742279,49.35356764470871,-0.07855576371921846,5036aab1b4aa499bab7dbc396f7a5da2,experiment_linear_bodyfat_kg
1633.422284869752,0.09850888699293137,bodyfat_kg,CAPILAR,0.8,XGBoost Regressor,BayesSearchCV,9.542142303960137,7.65540364742279,49.35356764470871,-0.07855576371921846,5036aab1b4aa499bab7dbc396f7a5da2,experiment_linear_bodyfat_kg
1637.279244220094,0.09314299374818802,bodyfat_kg,CAPILAR,0.8,XGBoost Regressor,BayesSearchCV,9.542142303960137,7.65540364742279,49.35356764470871,-0.07855576371921846,5036aab1b4aa499bab7dbc396f7a5da2,experiment_linear_bodyfat_kg
1639.207723895265,0.08609332889318466,bodyfat_kg,CAPILAR,0.8,XGBoost Regressor,BayesSearchCV,9.542142303960137,7.65540364742279,49.35356764470871,-0.07855576371921846,5036aab1b4aa499bab7dbc396f7a5da2,experiment_linear_bodyfat_kg
2510.880537072512,0.06726814806461334,bodyfat_kg,CAPILAR,0.8,XGBoost Regressor,BayesSearchCV,9.542142303960137,7.65540364742279,49.35356764470871,-0.07855576371921846,5036aab1b4aa499bab7dbc396f7a5da2,experiment_linear_bodyfat_kg
1137.803008350831,0.04026595130562782,bodyfat_kg,CAPILAR,0.8,XGBoost Regressor,BayesSearchCV,9.542142303960137,7.65540364742279,49.35356764470871,-0.07855576371921846,5036aab1b4aa499bab7dbc396f7a5da2,experiment_linear_bodyfat_kg
1733.703227978639,0.03650127351284027,bodyfat_kg,CAPILAR,0.8,XGBoost Regressor,BayesSearchCV,9.542142303960137,7.65540364742279,49.35356764470871,-0.07855576371921846,5036aab1b4aa499bab7dbc396f7a5da2,experiment_linear_bodyfat_kg
1598.709650716676,0.036470551043748856,bodyfat_kg,CAPILAR,0.8,XGBoost Regressor,BayesSearchCV,9.542142303960137,7.65540364742279,49.35356764470871,-0.07855576371921846,5036aab1b4aa499bab7dbc396f7a5da2,experiment_linear_bodyfat_kg
1230.370032759034,0.033769525587558746,bodyfat_kg,CAPILAR,0.8,XGBoost Regressor,BayesSearchCV,9.542142303960137,7.65540364742279,49.35356764470871,-0.07855576371921846,5036aab1b4aa499bab7dbc396f7a5da2,experiment_linear_bodyfat_kg
987.3815936875008,0.03305014595389366,bodyfat_kg,CAPILAR,0.8,XGBoost Regressor,BayesSearchCV,9.542142303960137,7.65540364742279,49.35356764470871,-0.07855576371921846,5036aab1b4aa499bab7dbc396f7a5da2,experiment_linear_bodyfat_kg
1735.63170765381,0.03286421671509743,bodyfat_kg,CAPILAR,0.8,XGBoost Regressor,BayesSearchCV,9.542142303960137,7.65540364742279,49.35356764470871,-0.07855576371921846,5036aab1b4aa499bab7dbc396f7a5da2,experiment_linear_bodyfat_kg
1195.657398605958,0.03241901099681854,bodyfat_kg,CAPILAR,0.8,XGBoost Regressor,BayesSearchCV,9.542142303960137,7.65540364742279,49.35356764470871,-0.07855576371921846,5036aab1b4aa499bab7dbc396f7a5da2,experiment_linear_bodyfat_kg
950.7404798592538,0.027519188821315765,bodyfat_kg,CAPILAR,0.8,XGBoost Regressor,BayesSearchCV,9.542142303960137,7.65540364742279,49.35356764470871,-0.07855576371921846,5036aab1b4aa499bab7dbc396f7a5da2,experiment_linear_bodyfat_kg
1375.006008396852,0.026649262756109238,bodyfat_kg,CAPILAR,0.8,XGBoost Regressor,BayesSearchCV,9.542142303960137,7.65540364742279,49.35356764470871,-0.07855576371921846,5036aab1b4aa499bab7dbc396f7a5da2,experiment_linear_bodyfat_kg
1652.707081621461,0.026547934859991074,bodyfat_kg,CAPILAR,0.8,XGBoost Regressor,BayesSearchCV,9.542142303960137,7.65540364742279,49.35356764470871,-0.07855576371921846,5036aab1b4aa499bab7dbc396f7a5da2,experiment_linear_bodyfat_kg
1731.774748303468,0.025582753121852875,bodyfat_kg,CAPILAR,0.8,XGBoost Regressor,BayesSearchCV,9.542142303960137,7.65540364742279,49.35356764470871,-0.07855576371921846,5036aab1b4aa499bab7dbc396f7a5da2,experiment_linear_bodyfat_kg
944.9550408337414,0.02428043819963932,bodyfat_kg,CAPILAR,0.8,XGBoost Regressor,BayesSearchCV,9.542142303960137,7.65540364742279,49.35356764470871,-0.07855576371921846,5036aab1b4aa499bab7dbc396f7a5da2,experiment_linear_bodyfat_kg
991.2385530378428,0.024009354412555695,bodyfat_kg,CAPILAR,0.8,XGBoost Regressor,BayesSearchCV,9.542142303960137,7.65540364742279,49.35356764470871,-0.07855576371921846,5036aab1b4aa499bab7dbc396f7a5da2,experiment_linear_bodyfat_kg
1147.445406726686,0.023453349247574806,bodyfat_kg,CAPILAR,0.8,XGBoost Regressor,BayesSearchCV,9.542142303960137,7.65540364742279,49.35356764470871,-0.07855576371921846,5036aab1b4aa499bab7dbc396f7a5da2,experiment_linear_bodyfat_kg
1180.229561204591,0.0221422016620636,bodyfat_kg,CAPILAR,0.8,XGBoost Regressor,BayesSearchCV,9.542142303960137,7.65540364742279,49.35356764470871,-0.07855576371921846,5036aab1b4aa499bab7dbc396f7a5da2,experiment_linear_bodyfat_kg
2705.656984264772,0.004412686499067034,bodyfat_kg,PLASMA,0.8,XGBoost Regressor,BayesSearchCV,9.640460963948952,6.736242076962493,35.8347400170702,0.22208723481511716,5036aab1b4aa499bab7dbc396f7a5da2,experiment_linear_bodyfat_kg
931.4556831075452,0.004363465849189657,bodyfat_kg,PLASMA,0.8,XGBoost Regressor,BayesSearchCV,9.640460963948952,6.736242076962493,35.8347400170702,0.22208723481511716,5036aab1b4aa499bab7dbc396f7a5da2,experiment_linear_bodyfat_kg
941.0980814833993,0.004220959624520079,bodyfat_kg,PLASMA,0.8,XGBoost Regressor,BayesSearchCV,9.640460963948952,6.736242076962493,35.8347400170702,0.22208723481511716,5036aab1b4aa499bab7dbc396f7a5da2,experiment_linear_bodyfat_kg
939.1696018082284,0.0041684502678071625,bodyfat_kg,PLASMA,0.8,XGBoost Regressor,BayesSearchCV,9.640460963948952,6.736242076962493,35.8347400170702,0.22208723481511716,5036aab1b4aa499bab7dbc396f7a5da2,experiment_linear_bodyfat_kg
929.5272034323739,0.0040444856032098575,bodyfat_kg,PLASMA,0.8,XGBoost Regressor,BayesSearchCV,9.640460963948952,6.736242076962493,35.8347400170702,0.22208723481511716,5036aab1b4aa499bab7dbc396f7a5da2,experiment_linear_bodyfat_kg
943.0265611585701,0.004025947837829419,bodyfat_kg,PLASMA,0.8,XGBoost Regressor,BayesSearchCV,9.640460963948952,6.736242076962493,35.8347400170702,0.22208723481511716,5036aab1b4aa499bab7dbc396f7a5da2,experiment_linear_bodyfat_kg
933.3841627827155,0.004024310872843514,bodyfat_kg,PLASMA,0.8,XGBoost Regressor,BayesSearchCV,9.640460963948952,6.736242076962493,35.8347400170702,0.22208723481511716,5036aab1b4aa499bab7dbc396f7a5da2,experiment_linear_bodyfat_kg
1197.585878281129,0.003811842791438722,bodyfat_kg,PLASMA,0.8,XGBoost Regressor,BayesSearchCV,9.640460963948952,6.736242076962493,35.8347400170702,0.22208723481511716,5036aab1b4aa499bab7dbc396f7a5da2,experiment_linear_bodyfat_kg
944.9550408337414,0.0037985298265043785,bodyfat_kg,PLASMA,0.8,XGBoost Regressor,BayesSearchCV,9.640460963948952,6.736242076962493,35.8347400170702,0.22208723481511716,5036aab1b4aa499bab7dbc396f7a5da2,experiment_linear_bodyfat_kg
3043.14092741968,0.0037089753148700144,bodyfat_kg,PLASMA,0.8,XGBoost Regressor,BayesSearchCV,9.640460963948952,6.736242076962493,35.8347400170702,0.22208723481511716,5036aab1b4aa499bab7dbc396f7a5da2,experiment_linear_bodyfat_kg
1199.5143579563,0.0036352845429809336,bodyfat_kg,PLASMA,0.8,XGBoost Regressor,BayesSearchCV,9.640460963948952,6.736242076962493,35.8347400170702,0.22208723481511716,5036aab1b4aa499bab7dbc396f7a5da2,experiment_linear_bodyfat_kg
2711.442423290285,0.003563267943157676,bodyfat_kg,PLASMA,0.8,XGBoost Regressor,BayesSearchCV,9.640460963948952,6.736242076962493,35.8347400170702,0.22208723481511716,5036aab1b4aa499bab7dbc396f7a5da2,experiment_linear_bodyfat_kg
3041.212447744509,0.0035586129006333228,bodyfat_kg,PLASMA,0.8,XGBoost Regressor,BayesSearchCV,9.640460963948952,6.736242076962493,35.8347400170702,0.22208723481511716,5036aab1b4aa499bab7dbc396f7a5da2,experiment_linear_bodyfat_kg
1195.657398605958,0.0035521239824504564,bodyfat_kg,PLASMA,0.8,XGBoost Regressor,BayesSearchCV,9.640460963948952,6.736242076962493,35.8347400170702,0.22208723481511716,5036aab1b4aa499bab7dbc396f7a5da2,experiment_linear_bodyfat_kg
3045.069407094851,0.0034501332863163267,bodyfat_kg,PLASMA,0.8,XGBoost Regressor,BayesSearchCV,9.640460963948952,6.736242076962493,35.8347400170702,0.22208723481511716,5036aab1b4aa499bab7dbc396f7a5da2,experiment_linear_bodyfat_kg
937.2411221330576,0.0034277783021086886,bodyfat_kg,PLASMA,0.8,XGBoost Regressor,BayesSearchCV,9.640460963948952,6.736242076962493,35.8347400170702,0.22208723481511716,5036aab1b4aa499bab7dbc396f7a5da2,experiment_linear_bodyfat_kg
1644.993162920778,0.0033714228600833134,bodyfat_kg,PLASMA,0.8,XGBoost Regressor,BayesSearchCV,9.640460963948952,6.736242076962493,35.8347400170702,0.22208723481511716,5036aab1b4aa499bab7dbc396f7a5da2,experiment_linear_bodyfat_kg
935.3126424578863,0.0032425108066357834,bodyfat_kg,PLASMA,0.8,XGBoost Regressor,BayesSearchCV,9.640460963948952,6.736242076962493,35.8347400170702,0.22208723481511716,5036aab1b4aa499bab7dbc396f7a5da2,experiment_linear_bodyfat_kg
956.5259188847667,0.0032012572128967643,bodyfat_kg,PLASMA,0.8,XGBoost Regressor,BayesSearchCV,9.640460963948952,6.736242076962493,35.8347400170702,0.22208723481511716,5036aab1b4aa499bab7dbc396f7a5da2,experiment_linear_bodyfat_kg
958.4543985599371,0.0031760467127204413,bodyfat_kg,PLASMA,0.8,XGBoost Regressor,BayesSearchCV,9.640460963948952,6.736242076962493,35.8347400170702,0.22208723481511716,5036aab1b4aa499bab7dbc396f7a5da2,experiment_linear_bodyfat_kg
2616.946919206911,0.024784579873085022,bodyfat_kg,PLASMA,0.8,XGBoost Regressor,BayesSearchCV,10.001889241901825,6.629100036621093,34.57723433673298,0.16266474079100357,5036aab1b4aa499bab7dbc396f7a5da2,experiment_linear_bodyfat_kg
2636.23171595862,0.019875727593898773,bodyfat_kg,PLASMA,0.8,XGBoost Regressor,BayesSearchCV,10.001889241901825,6.629100036621093,34.57723433673298,0.16266474079100357,5036aab1b4aa499bab7dbc396f7a5da2,experiment_linear_bodyfat_kg
1143.588447376344,0.016742050647735596,bodyfat_kg,PLASMA,0.8,XGBoost Regressor,BayesSearchCV,10.001889241901825,6.629100036621093,34.57723433673298,0.16266474079100357,5036aab1b4aa499bab7dbc396f7a5da2,experiment_linear_bodyfat_kg
2678.65826881238,0.016023511067032814,bodyfat_kg,PLASMA,0.8,XGBoost Regressor,BayesSearchCV,10.001889241901825,6.629100036621093,34.57723433673298,0.16266474079100357,5036aab1b4aa499bab7dbc396f7a5da2,experiment_linear_bodyfat_kg
2663.230431411013,0.014772146940231323,bodyfat_kg,PLASMA,0.8,XGBoost Regressor,BayesSearchCV,10.001889241901825,6.629100036621093,34.57723433673298,0.16266474079100357,5036aab1b4aa499bab7dbc396f7a5da2,experiment_linear_bodyfat_kg
2665.158911086184,0.01424061693251133,bodyfat_kg,PLASMA,0.8,XGBoost Regressor,BayesSearchCV,10.001889241901825,6.629100036621093,34.57723433673298,0.16266474079100357,5036aab1b4aa499bab7dbc396f7a5da2,experiment_linear_bodyfat_kg
1153.230845752198,0.012677468359470367,bodyfat_kg,PLASMA,0.8,XGBoost Regressor,BayesSearchCV,10.001889241901825,6.629100036621093,34.57723433673298,0.16266474079100357,5036aab1b4aa499bab7dbc396f7a5da2,experiment_linear_bodyfat_kg
2638.160195633791,0.012643622234463692,bodyfat_kg,PLASMA,0.8,XGBoost Regressor,BayesSearchCV,10.001889241901825,6.629100036621093,34.57723433673298,0.16266474079100357,5036aab1b4aa499bab7dbc396f7a5da2,experiment_linear_bodyfat_kg
2669.015870436525,0.01236043218523264,bodyfat_kg,PLASMA,0.8,XGBoost Regressor,BayesSearchCV,10.001889241901825,6.629100036621093,34.57723433673298,0.16266474079100357,5036aab1b4aa499bab7dbc396f7a5da2,experiment_linear_bodyfat_kg
1465.644553129884,0.011173087172210217,bodyfat_kg,PLASMA,0.8,XGBoost Regressor,BayesSearchCV,10.001889241901825,6.629100036621093,34.57723433673298,0.16266474079100357,5036aab1b4aa499bab7dbc396f7a5da2,experiment_linear_bodyfat_kg
1157.08780510254,0.011088734492659569,bodyfat_kg,PLASMA,0.8,XGBoost Regressor,BayesSearchCV,10.001889241901825,6.629100036621093,34.57723433673298,0.16266474079100357,5036aab1b4aa499bab7dbc396f7a5da2,experiment_linear_bodyfat_kg
1112.732772573609,0.011080054566264153,bodyfat_kg,PLASMA,0.8,XGBoost Regressor,BayesSearchCV,10.001889241901825,6.629100036621093,34.57723433673298,0.16266474079100357,5036aab1b4aa499bab7dbc396f7a5da2,experiment_linear_bodyfat_kg
2670.944350111697,0.010308410972356796,bodyfat_kg,PLASMA,0.8,XGBoost Regressor,BayesSearchCV,10.001889241901825,6.629100036621093,34.57723433673298,0.16266474079100357,5036aab1b4aa499bab7dbc396f7a5da2,experiment_linear_bodyfat_kg
1101.161894522584,0.010205298662185669,bodyfat_kg,PLASMA,0.8,XGBoost Regressor,BayesSearchCV,10.001889241901825,6.629100036621093,34.57723433673298,0.16266474079100357,5036aab1b4aa499bab7dbc396f7a5da2,experiment_linear_bodyfat_kg
1849.412008488893,0.009955653920769691,bodyfat_kg,PLASMA,0.8,XGBoost Regressor,BayesSearchCV,10.001889241901825,6.629100036621093,34.57723433673298,0.16266474079100357,5036aab1b4aa499bab7dbc396f7a5da2,experiment_linear_bodyfat_kg
1139.731488026002,0.009821897372603416,bodyfat_kg,PLASMA,0.8,XGBoost Regressor,BayesSearchCV,10.001889241901825,6.629100036621093,34.57723433673298,0.16266474079100357,5036aab1b4aa499bab7dbc396f7a5da2,experiment_linear_bodyfat_kg
2645.874114334475,0.009730569086968899,bodyfat_kg,PLASMA,0.8,XGBoost Regressor,BayesSearchCV,10.001889241901825,6.629100036621093,34.57723433673298,0.16266474079100357,5036aab1b4aa499bab7dbc396f7a5da2,experiment_linear_bodyfat_kg
2696.014585888918,0.009355863556265831,bodyfat_kg,PLASMA,0.8,XGBoost Regressor,BayesSearchCV,10.001889241901825,6.629100036621093,34.57723433673298,0.16266474079100357,5036aab1b4aa499bab7dbc396f7a5da2,experiment_linear_bodyfat_kg
1031.736626216432,0.009005635976791382,bodyfat_kg,PLASMA,0.8,XGBoost Regressor,BayesSearchCV,10.001889241901825,6.629100036621093,34.57723433673298,0.16266474079100357,5036aab1b4aa499bab7dbc396f7a5da2,experiment_linear_bodyfat_kg
2643.945634659304,0.008592616766691208,bodyfat_kg,PLASMA,0.8,XGBoost Regressor,BayesSearchCV,10.001889241901825,6.629100036621093,34.57723433673298,0.16266474079100357,5036aab1b4aa499bab7dbc396f7a5da2,experiment_linear_bodyfat_kg
2705.656984264772,0.004267270428949598,bodyfat_kg,PLASMA,0.8,XGBoost Regressor,BayesSearchCV,10.182668318492023,7.30272140946499,39.80265330141186,0.13212237352098077,5036aab1b4aa499bab7dbc396f7a5da2,experiment_linear_bodyfat_kg
931.4556831075452,0.0042477448223491735,bodyfat_kg,PLASMA,0.8,XGBoost Regressor,BayesSearchCV,10.182668318492023,7.30272140946499,39.80265330141186,0.13212237352098077,5036aab1b4aa499bab7dbc396f7a5da2,experiment_linear_bodyfat_kg
941.0980814833993,0.00409536801189337,bodyfat_kg,PLASMA,0.8,XGBoost Regressor,BayesSearchCV,10.182668318492023,7.30272140946499,39.80265330141186,0.13212237352098077,5036aab1b4aa499bab7dbc396f7a5da2,experiment_linear_bodyfat_kg
939.1696018082284,0.0040561046017449365,bodyfat_kg,PLASMA,0.8,XGBoost Regressor,BayesSearchCV,10.182668318492023,7.30272140946499,39.80265330141186,0.13212237352098077,5036aab1b4aa499bab7dbc396f7a5da2,experiment_linear_bodyfat_kg
929.5272034323739,0.003963284067752942,bodyfat_kg,PLASMA,0.8,XGBoost Regressor,BayesSearchCV,10.182668318492023,7.30272140946499,39.80265330141186,0.13212237352098077,5036aab1b4aa499bab7dbc396f7a5da2,experiment_linear_bodyfat_kg
933.3841627827155,0.003924329585258628,bodyfat_kg,PLASMA,0.8,XGBoost Regressor,BayesSearchCV,10.182668318492023,7.30272140946499,39.80265330141186,0.13212237352098077,5036aab1b4aa499bab7dbc396f7a5da2,experiment_linear_bodyfat_kg
943.0265611585701,0.0039058254652182974,bodyfat_kg,PLASMA,0.8,XGBoost Regressor,BayesSearchCV,10.182668318492023,7.30272140946499,39.80265330141186,0.13212237352098077,5036aab1b4aa499bab7dbc396f7a5da2,experiment_linear_bodyfat_kg
1197.585878281129,0.0037313996948253308,bodyfat_kg,PLASMA,0.8,XGBoost Regressor,BayesSearchCV,10.182668318492023,7.30272140946499,39.80265330141186,0.13212237352098077,5036aab1b4aa499bab7dbc396f7a5da2,experiment_linear_bodyfat_kg
944.9550408337414,0.0036891419266613574,bodyfat_kg,PLASMA,0.8,XGBoost Regressor,BayesSearchCV,10.182668318492023,7.30272140946499,39.80265330141186,0.13212237352098077,5036aab1b4aa499bab7dbc396f7a5da2,experiment_linear_bodyfat_kg
2711.442423290285,0.003687109227185136,bodyfat_kg,PLASMA,0.8,XGBoost Regressor,BayesSearchCV,10.182668318492023,7.30272140946499,39.80265330141186,0.13212237352098077,5036aab1b4aa499bab7dbc396f7a5da2,experiment_linear_bodyfat_kg
1199.5143579563,0.003533497660114017,bodyfat_kg,PLASMA,0.8,XGBoost Regressor,BayesSearchCV,10.182668318492023,7.30272140946499,39.80265330141186,0.13212237352098077,5036aab1b4aa499bab7dbc396f7a5da2,experiment_linear_bodyfat_kg
1195.657398605958,0.0035027683675319934,bodyfat_kg,PLASMA,0.8,XGBoost Regressor,BayesSearchCV,10.182668318492023,7.30272140946499,39.80265330141186,0.13212237352098077,5036aab1b4aa499bab7dbc396f7a5da2,experiment_linear_bodyfat_kg
3043.14092741968,0.003437852837783078,bodyfat_kg,PLASMA,0.8,XGBoost Regressor,BayesSearchCV,10.182668318492023,7.30272140946499,39.80265330141186,0.13212237352098077,5036aab1b4aa499bab7dbc396f7a5da2,experiment_linear_bodyfat_kg
937.2411221330576,0.0033732471470829537,bodyfat_kg,PLASMA,0.8,XGBoost Regressor,BayesSearchCV,10.182668318492023,7.30272140946499,39.80265330141186,0.13212237352098077,5036aab1b4aa499bab7dbc396f7a5da2,experiment_linear_bodyfat_kg
3041.212447744509,0.003325581695874932,bodyfat_kg,PLASMA,0.8,XGBoost Regressor,BayesSearchCV,10.182668318492023,7.30272140946499,39.80265330141186,0.13212237352098077,5036aab1b4aa499bab7dbc396f7a5da2,experiment_linear_bodyfat_kg
2919.718228208742,0.0033172858610290906,bodyfat_kg,PLASMA,0.8,XGBoost Regressor,BayesSearchCV,10.182668318492023,7.30272140946499,39.80265330141186,0.13212237352098077,5036aab1b4aa499bab7dbc396f7a5da2,experiment_linear_bodyfat_kg
2921.646707883913,0.003310478523009722,bodyfat_kg,PLASMA,0.8,XGBoost Regressor,BayesSearchCV,10.182668318492023,7.30272140946499,39.80265330141186,0.13212237352098077,5036aab1b4aa499bab7dbc396f7a5da2,experiment_linear_bodyfat_kg
2917.789748533572,0.003278411066274684,bodyfat_kg,PLASMA,0.8,XGBoost Regressor,BayesSearchCV,10.182668318492023,7.30272140946499,39.80265330141186,0.13212237352098077,5036aab1b4aa499bab7dbc396f7a5da2,experiment_linear_bodyfat_kg
2923.575187559084,0.0032707545513203564,bodyfat_kg,PLASMA,0.8,XGBoost Regressor,BayesSearchCV,10.182668318492023,7.30272140946499,39.80265330141186,0.13212237352098077,5036aab1b4aa499bab7dbc396f7a5da2,experiment_linear_bodyfat_kg
2946.716943661135,0.003259254530658055,bodyfat_kg,PLASMA,0.8,XGBoost Regressor,BayesSearchCV,10.182668318492023,7.30272140946499,39.80265330141186,0.13212237352098077,5036aab1b4aa499bab7dbc396f7a5da2,experiment_linear_bodyfat_kg
2640.088675308962,0.025830859318375587,bodyfat_kg,PLASMA,0.8,XGBoost Regressor,BayesSearchCV,9.822368689250416,6.406123742391896,33.1789476860166,0.1924530884219262,5036aab1b4aa499bab7dbc396f7a5da2,experiment_linear_bodyfat_kg
2607.304520831057,0.02530480921268463,bodyfat_kg,PLASMA,0.8,XGBoost Regressor,BayesSearchCV,9.822368689250416,6.406123742391896,33.1789476860166,0.1924530884219262,5036aab1b4aa499bab7dbc396f7a5da2,experiment_linear_bodyfat_kg
1835.912650762697,0.018463538959622383,bodyfat_kg,PLASMA,0.8,XGBoost Regressor,BayesSearchCV,9.822368689250416,6.406123742391896,33.1789476860166,0.1924530884219262,5036aab1b4aa499bab7dbc396f7a5da2,experiment_linear_bodyfat_kg
2636.23171595862,0.018228989094495773,bodyfat_kg,PLASMA,0.8,XGBoost Regressor,BayesSearchCV,9.822368689250416,6.406123742391896,33.1789476860166,0.1924530884219262,5036aab1b4aa499bab7dbc396f7a5da2,experiment_linear_bodyfat_kg
2663.230431411013,0.015491592697799206,bodyfat_kg,PLASMA,0.8,XGBoost Regressor,BayesSearchCV,9.822368689250416,6.406123742391896,33.1789476860166,0.1924530884219262,5036aab1b4aa499bab7dbc396f7a5da2,experiment_linear_bodyfat_kg
1108.875813223267,0.010982263833284378,bodyfat_kg,PLASMA,0.8,XGBoost Regressor,BayesSearchCV,9.822368689250416,6.406123742391896,33.1789476860166,0.1924530884219262,5036aab1b4aa499bab7dbc396f7a5da2,experiment_linear_bodyfat_kg
2645.874114334475,0.010623718611896038,bodyfat_kg,PLASMA,0.8,XGBoost Regressor,BayesSearchCV,9.822368689250416,6.406123742391896,33.1789476860166,0.1924530884219262,5036aab1b4aa499bab7dbc396f7a5da2,experiment_linear_bodyfat_kg
1143.588447376344,0.010548679158091545,bodyfat_kg,PLASMA,0.8,XGBoost Regressor,BayesSearchCV,9.822368689250416,6.406123742391896,33.1789476860166,0.1924530884219262,5036aab1b4aa499bab7dbc396f7a5da2,experiment_linear_bodyfat_kg
1137.803008350831,0.010375362820923328,bodyfat_kg,PLASMA,0.8,XGBoost Regressor,BayesSearchCV,9.822368689250416,6.406123742391896,33.1789476860166,0.1924530884219262,5036aab1b4aa499bab7dbc396f7a5da2,experiment_linear_bodyfat_kg
2669.015870436525,0.009367094375193119,bodyfat_kg,PLASMA,0.8,XGBoost Regressor,BayesSearchCV,9.822368689250416,6.406123742391896,33.1789476860166,0.1924530884219262,5036aab1b4aa499bab7dbc396f7a5da2,experiment_linear_bodyfat_kg
2643.945634659304,0.008883717469871044,bodyfat_kg,PLASMA,0.8,XGBoost Regressor,BayesSearchCV,9.822368689250416,6.406123742391896,33.1789476860166,0.1924530884219262,5036aab1b4aa499bab7dbc396f7a5da2,experiment_linear_bodyfat_kg
1249.654829510743,0.008845728822052479,bodyfat_kg,PLASMA,0.8,XGBoost Regressor,BayesSearchCV,9.822368689250416,6.406123742391896,33.1789476860166,0.1924530884219262,5036aab1b4aa499bab7dbc396f7a5da2,experiment_linear_bodyfat_kg
1565.925496238771,0.007890049368143082,bodyfat_kg,PLASMA,0.8,XGBoost Regressor,BayesSearchCV,9.822368689250416,6.406123742391896,33.1789476860166,0.1924530884219262,5036aab1b4aa499bab7dbc396f7a5da2,experiment_linear_bodyfat_kg
2696.014585888918,0.007766501512378454,bodyfat_kg,PLASMA,0.8,XGBoost Regressor,BayesSearchCV,9.822368689250416,6.406123742391896,33.1789476860166,0.1924530884219262,5036aab1b4aa499bab7dbc396f7a5da2,experiment_linear_bodyfat_kg
2672.872829786867,0.007246720138937235,bodyfat_kg,PLASMA,0.8,XGBoost Regressor,BayesSearchCV,9.822368689250416,6.406123742391896,33.1789476860166,0.1924530884219262,5036aab1b4aa499bab7dbc396f7a5da2,experiment_linear_bodyfat_kg
1849.412008488893,0.0071989018470048904,bodyfat_kg,PLASMA,0.8,XGBoost Regressor,BayesSearchCV,9.822368689250416,6.406123742391896,33.1789476860166,0.1924530884219262,5036aab1b4aa499bab7dbc396f7a5da2,experiment_linear_bodyfat_kg
2566.806447652468,0.007154496386647224,bodyfat_kg,PLASMA,0.8,XGBoost Regressor,BayesSearchCV,9.822368689250416,6.406123742391896,33.1789476860166,0.1924530884219262,5036aab1b4aa499bab7dbc396f7a5da2,experiment_linear_bodyfat_kg
977.7391953116462,0.006835571955889463,bodyfat_kg,PLASMA,0.8,XGBoost Regressor,BayesSearchCV,9.822368689250416,6.406123742391896,33.1789476860166,0.1924530884219262,5036aab1b4aa499bab7dbc396f7a5da2,experiment_linear_bodyfat_kg
1141.659967701173,0.006833656225353479,bodyfat_kg,PLASMA,0.8,XGBoost Regressor,BayesSearchCV,9.822368689250416,6.406123742391896,33.1789476860166,0.1924530884219262,5036aab1b4aa499bab7dbc396f7a5da2,experiment_linear_bodyfat_kg
1135.87452867566,0.006633718963712454,bodyfat_kg,PLASMA,0.8,XGBoost Regressor,BayesSearchCV,9.822368689250416,6.406123742391896,33.1789476860166,0.1924530884219262,5036aab1b4aa499bab7dbc396f7a5da2,experiment_linear_bodyfat_kg
1727.917788953126,0.005391519193817443,bodyfat_kg,SALIVA,0.8,XGBoost Regressor,BayesSearchCV,8.25962330003755,6.963577407339344,66.0700653576538,-0.12800415968322465,5036aab1b4aa499bab7dbc396f7a5da2,experiment_linear_bodyfat_kg
1725.989309277955,0.004881371181693182,bodyfat_kg,SALIVA,0.8,XGBoost Regressor,BayesSearchCV,8.25962330003755,6.963577407339344,66.0700653576538,-0.12800415968322465,5036aab1b4aa499bab7dbc396f7a5da2,experiment_linear_bodyfat_kg
1729.846268628297,0.004677890132272711,bodyfat_kg,SALIVA,0.8,XGBoost Regressor,BayesSearchCV,8.25962330003755,6.963577407339344,66.0700653576538,-0.12800415968322465,5036aab1b4aa499bab7dbc396f7a5da2,experiment_linear_bodyfat_kg
1126.232130299806,0.004419124329374143,bodyfat_kg,SALIVA,0.8,XGBoost Regressor,BayesSearchCV,8.25962330003755,6.963577407339344,66.0700653576538,-0.12800415968322465,5036aab1b4aa499bab7dbc396f7a5da2,experiment_linear_bodyfat_kg
1128.160609974977,0.004381038532802299,bodyfat_kg,SALIVA,0.8,XGBoost Regressor,BayesSearchCV,8.25962330003755,6.963577407339344,66.0700653576538,-0.12800415968322465,5036aab1b4aa499bab7dbc396f7a5da2,experiment_linear_bodyfat_kg
1124.303650624635,0.004367458237812022,bodyfat_kg,SALIVA,0.8,XGBoost Regressor,BayesSearchCV,8.25962330003755,6.963577407339344,66.0700653576538,-0.12800415968322465,5036aab1b4aa499bab7dbc396f7a5da2,experiment_linear_bodyfat_kg
1130.089089650148,0.004260876132256318,bodyfat_kg,SALIVA,0.8,XGBoost Regressor,BayesSearchCV,8.25962330003755,6.963577407339344,66.0700653576538,-0.12800415968322465,5036aab1b4aa499bab7dbc396f7a5da2,experiment_linear_bodyfat_kg
1122.375170949464,0.0042197816763958175,bodyfat_kg,SALIVA,0.8,XGBoost Regressor,BayesSearchCV,8.25962330003755,6.963577407339344,66.0700653576538,-0.12800415968322465,5036aab1b4aa499bab7dbc396f7a5da2,experiment_linear_bodyfat_kg
1132.017569325318,0.00404531657828843,bodyfat_kg,SALIVA,0.8,XGBoost Regressor,BayesSearchCV,8.25962330003755,6.963577407339344,66.0700653576538,-0.12800415968322465,5036aab1b4aa499bab7dbc396f7a5da2,experiment_linear_bodyfat_kg
1120.446691274293,0.00399278560085944,bodyfat_kg,SALIVA,0.8,XGBoost Regressor,BayesSearchCV,8.25962330003755,6.963577407339344,66.0700653576538,-0.12800415968322465,5036aab1b4aa499bab7dbc396f7a5da2,experiment_linear_bodyfat_kg
1041.379024592286,0.003917586548937395,bodyfat_kg,SALIVA,0.8,XGBoost Regressor,BayesSearchCV,8.25962330003755,6.963577407339344,66.0700653576538,-0.12800415968322465,5036aab1b4aa499bab7dbc396f7a5da2,experiment_linear_bodyfat_kg
1039.450544917115,0.0039111381197220905,bodyfat_kg,SALIVA,0.8,XGBoost Regressor,BayesSearchCV,8.25962330003755,6.963577407339344,66.0700653576538,-0.12800415968322465,5036aab1b4aa499bab7dbc396f7a5da2,experiment_linear_bodyfat_kg
1043.307504267457,0.003880210836371945,bodyfat_kg,SALIVA,0.8,XGBoost Regressor,BayesSearchCV,8.25962330003755,6.963577407339344,66.0700653576538,-0.12800415968322465,5036aab1b4aa499bab7dbc396f7a5da2,experiment_linear_bodyfat_kg
1587.138772665651,0.003878399953630905,bodyfat_kg,SALIVA,0.8,XGBoost Regressor,BayesSearchCV,8.25962330003755,6.963577407339344,66.0700653576538,-0.12800415968322465,5036aab1b4aa499bab7dbc396f7a5da2,experiment_linear_bodyfat_kg
1037.522065241944,0.0038641469705836986,bodyfat_kg,SALIVA,0.8,XGBoost Regressor,BayesSearchCV,8.25962330003755,6.963577407339344,66.0700653576538,-0.12800415968322465,5036aab1b4aa499bab7dbc396f7a5da2,experiment_linear_bodyfat_kg
1589.067252340822,0.0038128584493263605,bodyfat_kg,SALIVA,0.8,XGBoost Regressor,BayesSearchCV,8.25962330003755,6.963577407339344,66.0700653576538,-0.12800415968322465,5036aab1b4aa499bab7dbc396f7a5da2,experiment_linear_bodyfat_kg
1045.235983942628,0.003812311606544077,bodyfat_kg,SALIVA,0.8,XGBoost Regressor,BayesSearchCV,8.25962330003755,6.963577407339344,66.0700653576538,-0.12800415968322465,5036aab1b4aa499bab7dbc396f7a5da2,experiment_linear_bodyfat_kg
1585.21029299048,0.003802957125540626,bodyfat_kg,SALIVA,0.8,XGBoost Regressor,BayesSearchCV,8.25962330003755,6.963577407339344,66.0700653576538,-0.12800415968322465,5036aab1b4aa499bab7dbc396f7a5da2,experiment_linear_bodyfat_kg
1035.593585566773,0.003788418594102177,bodyfat_kg,SALIVA,0.8,XGBoost Regressor,BayesSearchCV,8.25962330003755,6.963577407339344,66.0700653576538,-0.12800415968322465,5036aab1b4aa499bab7dbc396f7a5da2,experiment_linear_bodyfat_kg
1133.946049000489,0.003763472470083749,bodyfat_kg,SALIVA,0.8,XGBoost Regressor,BayesSearchCV,8.25962330003755,6.963577407339344,66.0700653576538,-0.12800415968322465,5036aab1b4aa499bab7dbc396f7a5da2,experiment_linear_bodyfat_kg
2717.227862315798,0.06568697839975357,bodyfat_kg,SALIVA,0.8,XGBoost Regressor,BayesSearchCV,8.206565194816335,7.07525581691576,68.47285737219224,-0.11355857784485335,5036aab1b4aa499bab7dbc396f7a5da2,experiment_linear_bodyfat_kg
2989.143496514895,0.0479123555123806,bodyfat_kg,SALIVA,0.8,XGBoost Regressor,BayesSearchCV,8.206565194816335,7.07525581691576,68.47285737219224,-0.11355857784485335,5036aab1b4aa499bab7dbc396f7a5da2,experiment_linear_bodyfat_kg
2715.299382640627,0.04339057579636574,bodyfat_kg,SALIVA,0.8,XGBoost Regressor,BayesSearchCV,8.206565194816335,7.07525581691576,68.47285737219224,-0.11355857784485335,5036aab1b4aa499bab7dbc396f7a5da2,experiment_linear_bodyfat_kg
1689.348195449708,0.041841499507427216,bodyfat_kg,SALIVA,0.8,XGBoost Regressor,BayesSearchCV,8.206565194816335,7.07525581691576,68.47285737219224,-0.11355857784485335,5036aab1b4aa499bab7dbc396f7a5da2,experiment_linear_bodyfat_kg
2991.071976190066,0.03592737391591072,bodyfat_kg,SALIVA,0.8,XGBoost Regressor,BayesSearchCV,8.206565194816335,7.07525581691576,68.47285737219224,-0.11355857784485335,5036aab1b4aa499bab7dbc396f7a5da2,experiment_linear_bodyfat_kg
2688.300667188234,0.03368441388010979,bodyfat_kg,SALIVA,0.8,XGBoost Regressor,BayesSearchCV,8.206565194816335,7.07525581691576,68.47285737219224,-0.11355857784485335,5036aab1b4aa499bab7dbc396f7a5da2,experiment_linear_bodyfat_kg
1683.562756424196,0.032668452709913254,bodyfat_kg,SALIVA,0.8,XGBoost Regressor,BayesSearchCV,8.206565194816335,7.07525581691576,68.47285737219224,-0.11355857784485335,5036aab1b4aa499bab7dbc396f7a5da2,experiment_linear_bodyfat_kg
1652.707081621461,0.03204632177948952,bodyfat_kg,SALIVA,0.8,XGBoost Regressor,BayesSearchCV,8.206565194816335,7.07525581691576,68.47285737219224,-0.11355857784485335,5036aab1b4aa499bab7dbc396f7a5da2,experiment_linear_bodyfat_kg
1392.36232547339,0.031158583238720894,bodyfat_kg,SALIVA,0.8,XGBoost Regressor,BayesSearchCV,8.206565194816335,7.07525581691576,68.47285737219224,-0.11355857784485335,5036aab1b4aa499bab7dbc396f7a5da2,experiment_linear_bodyfat_kg
1265.08266691211,0.03014937788248062,bodyfat_kg,SALIVA,0.8,XGBoost Regressor,BayesSearchCV,8.206565194816335,7.07525581691576,68.47285737219224,-0.11355857784485335,5036aab1b4aa499bab7dbc396f7a5da2,experiment_linear_bodyfat_kg
2850.29295990259,0.02975671924650669,bodyfat_kg,SALIVA,0.8,XGBoost Regressor,BayesSearchCV,8.206565194816335,7.07525581691576,68.47285737219224,-0.11355857784485335,5036aab1b4aa499bab7dbc396f7a5da2,experiment_linear_bodyfat_kg
1268.939626262452,0.029234323650598526,bodyfat_kg,SALIVA,0.8,XGBoost Regressor,BayesSearchCV,8.206565194816335,7.07525581691576,68.47285737219224,-0.11355857784485335,5036aab1b4aa499bab7dbc396f7a5da2,experiment_linear_bodyfat_kg
3014.213732292117,0.028871363028883934,bodyfat_kg,SALIVA,0.8,XGBoost Regressor,BayesSearchCV,8.206565194816335,7.07525581691576,68.47285737219224,-0.11355857784485335,5036aab1b4aa499bab7dbc396f7a5da2,experiment_linear_bodyfat_kg
1687.419715774538,0.028293123468756676,bodyfat_kg,SALIVA,0.8,XGBoost Regressor,BayesSearchCV,8.206565194816335,7.07525581691576,68.47285737219224,-0.11355857784485335,5036aab1b4aa499bab7dbc396f7a5da2,experiment_linear_bodyfat_kg
1571.710935264284,0.02795073203742504,bodyfat_kg,SALIVA,0.8,XGBoost Regressor,BayesSearchCV,8.206565194816335,7.07525581691576,68.47285737219224,-0.11355857784485335,5036aab1b4aa499bab7dbc396f7a5da2,experiment_linear_bodyfat_kg
1267.011146587281,0.027024468407034874,bodyfat_kg,SALIVA,0.8,XGBoost Regressor,BayesSearchCV,8.206565194816335,7.07525581691576,68.47285737219224,-0.11355857784485335,5036aab1b4aa499bab7dbc396f7a5da2,experiment_linear_bodyfat_kg
1587.138772665651,0.02693515084683895,bodyfat_kg,SALIVA,0.8,XGBoost Regressor,BayesSearchCV,8.206565194816335,7.07525581691576,68.47285737219224,-0.11355857784485335,5036aab1b4aa499bab7dbc396f7a5da2,experiment_linear_bodyfat_kg
1255.440268536256,0.026759028434753418,bodyfat_kg,SALIVA,0.8,XGBoost Regressor,BayesSearchCV,8.206565194816335,7.07525581691576,68.47285737219224,-0.11355857784485335,5036aab1b4aa499bab7dbc396f7a5da2,experiment_linear_bodyfat_kg
1243.86939048523,0.026691986247897148,bodyfat_kg,SALIVA,0.8,XGBoost Regressor,BayesSearchCV,8.206565194816335,7.07525581691576,68.47285737219224,-0.11355857784485335,5036aab1b4aa499bab7dbc396f7a5da2,experiment_linear_bodyfat_kg
950.7404798592538,0.025177963078022003,bodyfat_kg,SALIVA,0.8,XGBoost Regressor,BayesSearchCV,8.206565194816335,7.07525581691576,68.47285737219224,-0.11355857784485335,5036aab1b4aa499bab7dbc396f7a5da2,experiment_linear_bodyfat_kg
1727.917788953126,0.005308456046637192,bodyfat_kg,SALIVA,0.8,XGBoost Regressor,BayesSearchCV,8.878617106995035,7.227936433709185,69.59959088797855,-0.30340947684611286,5036aab1b4aa499bab7dbc396f7a5da2,experiment_linear_bodyfat_kg
1725.989309277955,0.0047943056110976556,bodyfat_kg,SALIVA,0.8,XGBoost Regressor,BayesSearchCV,8.878617106995035,7.227936433709185,69.59959088797855,-0.30340947684611286,5036aab1b4aa499bab7dbc396f7a5da2,experiment_linear_bodyfat_kg
1729.846268628297,0.004607226864170143,bodyfat_kg,SALIVA,0.8,XGBoost Regressor,BayesSearchCV,8.878617106995035,7.227936433709185,69.59959088797855,-0.30340947684611286,5036aab1b4aa499bab7dbc396f7a5da2,experiment_linear_bodyfat_kg
1126.232130299806,0.00447355140762382,bodyfat_kg,SALIVA,0.8,XGBoost Regressor,BayesSearchCV,8.878617106995035,7.227936433709185,69.59959088797855,-0.30340947684611286,5036aab1b4aa499bab7dbc396f7a5da2,experiment_linear_bodyfat_kg
1124.303650624635,0.00443229403280173,bodyfat_kg,SALIVA,0.8,XGBoost Regressor,BayesSearchCV,8.878617106995035,7.227936433709185,69.59959088797855,-0.30340947684611286,5036aab1b4aa499bab7dbc396f7a5da2,experiment_linear_bodyfat_kg
1128.160609974977,0.0044179173080996625,bodyfat_kg,SALIVA,0.8,XGBoost Regressor,BayesSearchCV,8.878617106995035,7.227936433709185,69.59959088797855,-0.30340947684611286,5036aab1b4aa499bab7dbc396f7a5da2,experiment_linear_bodyfat_kg
1122.375170949464,0.004290211232794323,bodyfat_kg,SALIVA,0.8,XGBoost Regressor,BayesSearchCV,8.878617106995035,7.227936433709185,69.59959088797855,-0.30340947684611286,5036aab1b4aa499bab7dbc396f7a5da2,experiment_linear_bodyfat_kg
1130.089089650148,0.004274940135961879,bodyfat_kg,SALIVA,0.8,XGBoost Regressor,BayesSearchCV,8.878617106995035,7.227936433709185,69.59959088797855,-0.30340947684611286,5036aab1b4aa499bab7dbc396f7a5da2,experiment_linear_bodyfat_kg
1120.446691274293,0.004069376916714866,bodyfat_kg,SALIVA,0.8,XGBoost Regressor,BayesSearchCV,8.878617106995035,7.227936433709185,69.59959088797855,-0.30340947684611286,5036aab1b4aa499bab7dbc396f7a5da2,experiment_linear_bodyfat_kg
1132.017569325318,0.004034247398294753,bodyfat_kg,SALIVA,0.8,XGBoost Regressor,BayesSearchCV,8.878617106995035,7.227936433709185,69.59959088797855,-0.30340947684611286,5036aab1b4aa499bab7dbc396f7a5da2,experiment_linear_bodyfat_kg
1041.379024592286,0.003953211504991549,bodyfat_kg,SALIVA,0.8,XGBoost Regressor,BayesSearchCV,8.878617106995035,7.227936433709185,69.59959088797855,-0.30340947684611286,5036aab1b4aa499bab7dbc396f7a5da2,experiment_linear_bodyfat_kg
1039.450544917115,0.0039455111333626825,bodyfat_kg,SALIVA,0.8,XGBoost Regressor,BayesSearchCV,8.878617106995035,7.227936433709185,69.59959088797855,-0.30340947684611286,5036aab1b4aa499bab7dbc396f7a5da2,experiment_linear_bodyfat_kg
1043.307504267457,0.003919916695159222,bodyfat_kg,SALIVA,0.8,XGBoost Regressor,BayesSearchCV,8.878617106995035,7.227936433709185,69.59959088797855,-0.30340947684611286,5036aab1b4aa499bab7dbc396f7a5da2,experiment_linear_bodyfat_kg
1037.522065241944,0.003899368990934573,bodyfat_kg,SALIVA,0.8,XGBoost Regressor,BayesSearchCV,8.878617106995035,7.227936433709185,69.59959088797855,-0.30340947684611286,5036aab1b4aa499bab7dbc396f7a5da2,experiment_linear_bodyfat_kg
1045.235983942628,0.0038614450774945084,bodyfat_kg,SALIVA,0.8,XGBoost Regressor,BayesSearchCV,8.878617106995035,7.227936433709185,69.59959088797855,-0.30340947684611286,5036aab1b4aa499bab7dbc396f7a5da2,experiment_linear_bodyfat_kg
1035.593585566773,0.003824153919906122,bodyfat_kg,SALIVA,0.8,XGBoost Regressor,BayesSearchCV,8.878617106995035,7.227936433709185,69.59959088797855,-0.30340947684611286,5036aab1b4aa499bab7dbc396f7a5da2,experiment_linear_bodyfat_kg
1118.518211599122,0.0037974510965477766,bodyfat_kg,SALIVA,0.8,XGBoost Regressor,BayesSearchCV,8.878617106995035,7.227936433709185,69.59959088797855,-0.30340947684611286,5036aab1b4aa499bab7dbc396f7a5da2,experiment_linear_bodyfat_kg
1047.164463617799,0.0037604620003113035,bodyfat_kg,SALIVA,0.8,XGBoost Regressor,BayesSearchCV,8.878617106995035,7.227936433709185,69.59959088797855,-0.30340947684611286,5036aab1b4aa499bab7dbc396f7a5da2,experiment_linear_bodyfat_kg
1133.946049000489,0.0037290055948143576,bodyfat_kg,SALIVA,0.8,XGBoost Regressor,BayesSearchCV,8.878617106995035,7.227936433709185,69.59959088797855,-0.30340947684611286,5036aab1b4aa499bab7dbc396f7a5da2,experiment_linear_bodyfat_kg
1033.665105891602,0.0037216070983853954,bodyfat_kg,SALIVA,0.8,XGBoost Regressor,BayesSearchCV,8.878617106995035,7.227936433709185,69.59959088797855,-0.30340947684611286,5036aab1b4aa499bab7dbc396f7a5da2,experiment_linear_bodyfat_kg
1357.649691320314,0.02200349047780037,bodyfat_kg,SALIVA,0.8,XGBoost Regressor,BayesSearchCV,8.038251228527969,6.800837309464163,64.46956767469445,-0.0683495485892045,5036aab1b4aa499bab7dbc396f7a5da2,experiment_linear_bodyfat_kg
2927.432146909426,0.02080475725233555,bodyfat_kg,SALIVA,0.8,XGBoost Regressor,BayesSearchCV,8.038251228527969,6.800837309464163,64.46956767469445,-0.0683495485892045,5036aab1b4aa499bab7dbc396f7a5da2,experiment_linear_bodyfat_kg
2910.075829832888,0.017782483249902725,bodyfat_kg,SALIVA,0.8,XGBoost Regressor,BayesSearchCV,8.038251228527969,6.800837309464163,64.46956767469445,-0.0683495485892045,5036aab1b4aa499bab7dbc396f7a5da2,experiment_linear_bodyfat_kg
2913.93278918323,0.017695045098662376,bodyfat_kg,SALIVA,0.8,XGBoost Regressor,BayesSearchCV,8.038251228527969,6.800837309464163,64.46956767469445,-0.0683495485892045,5036aab1b4aa499bab7dbc396f7a5da2,experiment_linear_bodyfat_kg
2568.734927327639,0.017682218924164772,bodyfat_kg,SALIVA,0.8,XGBoost Regressor,BayesSearchCV,8.038251228527969,6.800837309464163,64.46956767469445,-0.0683495485892045,5036aab1b4aa499bab7dbc396f7a5da2,experiment_linear_bodyfat_kg
2989.143496514895,0.01611521653831005,bodyfat_kg,SALIVA,0.8,XGBoost Regressor,BayesSearchCV,8.038251228527969,6.800837309464163,64.46956767469445,-0.0683495485892045,5036aab1b4aa499bab7dbc396f7a5da2,experiment_linear_bodyfat_kg
2973.715659113528,0.014966368675231934,bodyfat_kg,SALIVA,0.8,XGBoost Regressor,BayesSearchCV,8.038251228527969,6.800837309464163,64.46956767469445,-0.0683495485892045,5036aab1b4aa499bab7dbc396f7a5da2,experiment_linear_bodyfat_kg
2925.503667234255,0.014945080503821373,bodyfat_kg,SALIVA,0.8,XGBoost Regressor,BayesSearchCV,8.038251228527969,6.800837309464163,64.46956767469445,-0.0683495485892045,5036aab1b4aa499bab7dbc396f7a5da2,experiment_linear_bodyfat_kg
2613.089959856569,0.01339014433324337,bodyfat_kg,SALIVA,0.8,XGBoost Regressor,BayesSearchCV,8.038251228527969,6.800837309464163,64.46956767469445,-0.0683495485892045,5036aab1b4aa499bab7dbc396f7a5da2,experiment_linear_bodyfat_kg
1741.417146679323,0.01289659645408392,bodyfat_kg,SALIVA,0.8,XGBoost Regressor,BayesSearchCV,8.038251228527969,6.800837309464163,64.46956767469445,-0.0683495485892045,5036aab1b4aa499bab7dbc396f7a5da2,experiment_linear_bodyfat_kg
2896.576472106692,0.011998994275927544,bodyfat_kg,SALIVA,0.8,XGBoost Regressor,BayesSearchCV,8.038251228527969,6.800837309464163,64.46956767469445,-0.0683495485892045,5036aab1b4aa499bab7dbc396f7a5da2,experiment_linear_bodyfat_kg
2715.299382640627,0.01188916340470314,bodyfat_kg,SALIVA,0.8,XGBoost Regressor,BayesSearchCV,8.038251228527969,6.800837309464163,64.46956767469445,-0.0683495485892045,5036aab1b4aa499bab7dbc396f7a5da2,experiment_linear_bodyfat_kg
1571.710935264284,0.011427096091210842,bodyfat_kg,SALIVA,0.8,XGBoost Regressor,BayesSearchCV,8.038251228527969,6.800837309464163,64.46956767469445,-0.0683495485892045,5036aab1b4aa499bab7dbc396f7a5da2,experiment_linear_bodyfat_kg
2711.442423290285,0.01039830595254898,bodyfat_kg,SALIVA,0.8,XGBoost Regressor,BayesSearchCV,8.038251228527969,6.800837309464163,64.46956767469445,-0.0683495485892045,5036aab1b4aa499bab7dbc396f7a5da2,experiment_linear_bodyfat_kg
1683.562756424196,0.010134559124708176,bodyfat_kg,SALIVA,0.8,XGBoost Regressor,BayesSearchCV,8.038251228527969,6.800837309464163,64.46956767469445,-0.0683495485892045,5036aab1b4aa499bab7dbc396f7a5da2,experiment_linear_bodyfat_kg
1267.011146587281,0.010039596818387508,bodyfat_kg,SALIVA,0.8,XGBoost Regressor,BayesSearchCV,8.038251228527969,6.800837309464163,64.46956767469445,-0.0683495485892045,5036aab1b4aa499bab7dbc396f7a5da2,experiment_linear_bodyfat_kg
2991.071976190066,0.009764525108039379,bodyfat_kg,SALIVA,0.8,XGBoost Regressor,BayesSearchCV,8.038251228527969,6.800837309464163,64.46956767469445,-0.0683495485892045,5036aab1b4aa499bab7dbc396f7a5da2,experiment_linear_bodyfat_kg
2748.083537118532,0.00964041706174612,bodyfat_kg,SALIVA,0.8,XGBoost Regressor,BayesSearchCV,8.038251228527969,6.800837309464163,64.46956767469445,-0.0683495485892045,5036aab1b4aa499bab7dbc396f7a5da2,experiment_linear_bodyfat_kg
2908.147350157717,0.00922324787825346,bodyfat_kg,SALIVA,0.8,XGBoost Regressor,BayesSearchCV,8.038251228527969,6.800837309464163,64.46956767469445,-0.0683495485892045,5036aab1b4aa499bab7dbc396f7a5da2,experiment_linear_bodyfat_kg
1274.725065287965,0.009192432276904583,bodyfat_kg,SALIVA,0.8,XGBoost Regressor,BayesSearchCV,8.038251228527969,6.800837309464163,64.46956767469445,-0.0683495485892045,5036aab1b4aa499bab7dbc396f7a5da2,experiment_linear_bodyfat_kg
1141.659967701173,0.004332246907036559,bodyfat_kg,SERUM,0.8,XGBoost Regressor,BayesSearchCV,10.229391740420613,6.738299148838696,45.11295066462167,0.009287514632111082,5036aab1b4aa499bab7dbc396f7a5da2,experiment_linear_bodyfat_kg
1143.588447376344,0.004232340484807935,bodyfat_kg,SERUM,0.8,XGBoost Regressor,BayesSearchCV,10.229391740420613,6.738299148838696,45.11295066462167,0.009287514632111082,5036aab1b4aa499bab7dbc396f7a5da2,experiment_linear_bodyfat_kg
1139.731488026002,0.004229504616227658,bodyfat_kg,SERUM,0.8,XGBoost Regressor,BayesSearchCV,10.229391740420613,6.738299148838696,45.11295066462167,0.009287514632111082,5036aab1b4aa499bab7dbc396f7a5da2,experiment_linear_bodyfat_kg
1145.516927051515,0.004049706755748774,bodyfat_kg,SERUM,0.8,XGBoost Regressor,BayesSearchCV,10.229391740420613,6.738299148838696,45.11295066462167,0.009287514632111082,5036aab1b4aa499bab7dbc396f7a5da2,experiment_linear_bodyfat_kg
1137.803008350831,0.00390924024308877,bodyfat_kg,SERUM,0.8,XGBoost Regressor,BayesSearchCV,10.229391740420613,6.738299148838696,45.11295066462167,0.009287514632111082,5036aab1b4aa499bab7dbc396f7a5da2,experiment_linear_bodyfat_kg
1147.445406726686,0.0038596207492511267,bodyfat_kg,SERUM,0.8,XGBoost Regressor,BayesSearchCV,10.229391740420613,6.738299148838696,45.11295066462167,0.009287514632111082,5036aab1b4aa499bab7dbc396f7a5da2,experiment_linear_bodyfat_kg
1149.373886401856,0.0036609348370883247,bodyfat_kg,SERUM,0.8,XGBoost Regressor,BayesSearchCV,10.229391740420613,6.738299148838696,45.11295066462167,0.009287514632111082,5036aab1b4aa499bab7dbc396f7a5da2,experiment_linear_bodyfat_kg
1386.576886447877,0.003641519250160945,bodyfat_kg,SERUM,0.8,XGBoost Regressor,BayesSearchCV,10.229391740420613,6.738299148838696,45.11295066462167,0.009287514632111082,5036aab1b4aa499bab7dbc396f7a5da2,experiment_linear_bodyfat_kg
1388.505366123048,0.0035425720027765987,bodyfat_kg,SERUM,0.8,XGBoost Regressor,BayesSearchCV,10.229391740420613,6.738299148838696,45.11295066462167,0.009287514632111082,5036aab1b4aa499bab7dbc396f7a5da2,experiment_linear_bodyfat_kg
1151.302366077027,0.003479333646243327,bodyfat_kg,SERUM,0.8,XGBoost Regressor,BayesSearchCV,10.229391740420613,6.738299148838696,45.11295066462167,0.009287514632111082,5036aab1b4aa499bab7dbc396f7a5da2,experiment_linear_bodyfat_kg
1135.87452867566,0.003435933512347459,bodyfat_kg,SERUM,0.8,XGBoost Regressor,BayesSearchCV,10.229391740420613,6.738299148838696,45.11295066462167,0.009287514632111082,5036aab1b4aa499bab7dbc396f7a5da2,experiment_linear_bodyfat_kg
1153.230845752198,0.003351908749467495,bodyfat_kg,SERUM,0.8,XGBoost Regressor,BayesSearchCV,10.229391740420613,6.738299148838696,45.11295066462167,0.009287514632111082,5036aab1b4aa499bab7dbc396f7a5da2,experiment_linear_bodyfat_kg
1589.067252340822,0.003320114600786306,bodyfat_kg,SERUM,0.8,XGBoost Regressor,BayesSearchCV,10.229391740420613,6.738299148838696,45.11295066462167,0.009287514632111082,5036aab1b4aa499bab7dbc396f7a5da2,experiment_linear_bodyfat_kg
1587.138772665651,0.003307922796926012,bodyfat_kg,SERUM,0.8,XGBoost Regressor,BayesSearchCV,10.229391740420613,6.738299148838696,45.11295066462167,0.009287514632111082,5036aab1b4aa499bab7dbc396f7a5da2,experiment_linear_bodyfat_kg
1106.947333548097,0.003288054907503383,bodyfat_kg,SERUM,0.8,XGBoost Regressor,BayesSearchCV,10.229391740420613,6.738299148838696,45.11295066462167,0.009287514632111082,5036aab1b4aa499bab7dbc396f7a5da2,experiment_linear_bodyfat_kg
1108.875813223267,0.0032691026597575596,bodyfat_kg,SERUM,0.8,XGBoost Regressor,BayesSearchCV,10.229391740420613,6.738299148838696,45.11295066462167,0.009287514632111082,5036aab1b4aa499bab7dbc396f7a5da2,experiment_linear_bodyfat_kg
1585.21029299048,0.003259939535281108,bodyfat_kg,SERUM,0.8,XGBoost Regressor,BayesSearchCV,10.229391740420613,6.738299148838696,45.11295066462167,0.009287514632111082,5036aab1b4aa499bab7dbc396f7a5da2,experiment_linear_bodyfat_kg
1155.159325427369,0.003246151895386868,bodyfat_kg,SERUM,0.8,XGBoost Regressor,BayesSearchCV,10.229391740420613,6.738299148838696,45.11295066462167,0.009287514632111082,5036aab1b4aa499bab7dbc396f7a5da2,experiment_linear_bodyfat_kg
1590.995732015992,0.003229031281147212,bodyfat_kg,SERUM,0.8,XGBoost Regressor,BayesSearchCV,10.229391740420613,6.738299148838696,45.11295066462167,0.009287514632111082,5036aab1b4aa499bab7dbc396f7a5da2,experiment_linear_bodyfat_kg
1105.018853872926,0.0032251343058945173,bodyfat_kg,SERUM,0.8,XGBoost Regressor,BayesSearchCV,10.229391740420613,6.738299148838696,45.11295066462167,0.009287514632111082,5036aab1b4aa499bab7dbc396f7a5da2,experiment_linear_bodyfat_kg
1139.731488026002,0.026637112721800804,bodyfat_kg,SERUM,0.8,XGBoost Regressor,BayesSearchCV,9.663756134353441,6.093906300242356,38.434710113453555,0.11582152259779477,5036aab1b4aa499bab7dbc396f7a5da2,experiment_linear_bodyfat_kg
1670.063398697999,0.021024635061621666,bodyfat_kg,SERUM,0.8,XGBoost Regressor,BayesSearchCV,9.663756134353441,6.093906300242356,38.434710113453555,0.11582152259779477,5036aab1b4aa499bab7dbc396f7a5da2,experiment_linear_bodyfat_kg
2520.522935448366,0.01984684355556965,bodyfat_kg,SERUM,0.8,XGBoost Regressor,BayesSearchCV,9.663756134353441,6.093906300242356,38.434710113453555,0.11582152259779477,5036aab1b4aa499bab7dbc396f7a5da2,experiment_linear_bodyfat_kg
1116.589731923951,0.019750259816646576,bodyfat_kg,SERUM,0.8,XGBoost Regressor,BayesSearchCV,9.663756134353441,6.093906300242356,38.434710113453555,0.11582152259779477,5036aab1b4aa499bab7dbc396f7a5da2,experiment_linear_bodyfat_kg
2564.877967977297,0.017923887819051743,bodyfat_kg,SERUM,0.8,XGBoost Regressor,BayesSearchCV,9.663756134353441,6.093906300242356,38.434710113453555,0.11582152259779477,5036aab1b4aa499bab7dbc396f7a5da2,experiment_linear_bodyfat_kg
2819.437285099856,0.016852552071213722,bodyfat_kg,SERUM,0.8,XGBoost Regressor,BayesSearchCV,9.663756134353441,6.093906300242356,38.434710113453555,0.11582152259779477,5036aab1b4aa499bab7dbc396f7a5da2,experiment_linear_bodyfat_kg
1671.99187837317,0.015668179839849472,bodyfat_kg,SERUM,0.8,XGBoost Regressor,BayesSearchCV,9.663756134353441,6.093906300242356,38.434710113453555,0.11582152259779477,5036aab1b4aa499bab7dbc396f7a5da2,experiment_linear_bodyfat_kg
1270.868105937623,0.015152190811932087,bodyfat_kg,SERUM,0.8,XGBoost Regressor,BayesSearchCV,9.663756134353441,6.093906300242356,38.434710113453555,0.11582152259779477,5036aab1b4aa499bab7dbc396f7a5da2,experiment_linear_bodyfat_kg
1035.593585566773,0.014656010083854198,bodyfat_kg,SERUM,0.8,XGBoost Regressor,BayesSearchCV,9.663756134353441,6.093906300242356,38.434710113453555,0.11582152259779477,5036aab1b4aa499bab7dbc396f7a5da2,experiment_linear_bodyfat_kg
1137.803008350831,0.014615556225180626,bodyfat_kg,SERUM,0.8,XGBoost Regressor,BayesSearchCV,9.663756134353441,6.093906300242356,38.434710113453555,0.11582152259779477,5036aab1b4aa499bab7dbc396f7a5da2,experiment_linear_bodyfat_kg
1162.873244128053,0.014292453415691853,bodyfat_kg,SERUM,0.8,XGBoost Regressor,BayesSearchCV,9.663756134353441,6.093906300242356,38.434710113453555,0.11582152259779477,5036aab1b4aa499bab7dbc396f7a5da2,experiment_linear_bodyfat_kg
2983.358057489382,0.012653314508497715,bodyfat_kg,SERUM,0.8,XGBoost Regressor,BayesSearchCV,9.663756134353441,6.093906300242356,38.434710113453555,0.11582152259779477,5036aab1b4aa499bab7dbc396f7a5da2,experiment_linear_bodyfat_kg
2730.727220041994,0.012639584019780159,bodyfat_kg,SERUM,0.8,XGBoost Regressor,BayesSearchCV,9.663756134353441,6.093906300242356,38.434710113453555,0.11582152259779477,5036aab1b4aa499bab7dbc396f7a5da2,experiment_linear_bodyfat_kg
1766.487382456544,0.012483954429626465,bodyfat_kg,SERUM,0.8,XGBoost Regressor,BayesSearchCV,9.663756134353441,6.093906300242356,38.434710113453555,0.11582152259779477,5036aab1b4aa499bab7dbc396f7a5da2,experiment_linear_bodyfat_kg
1029.808146541261,0.012373577803373337,bodyfat_kg,SERUM,0.8,XGBoost Regressor,BayesSearchCV,9.663756134353441,6.093906300242356,38.434710113453555,0.11582152259779477,5036aab1b4aa499bab7dbc396f7a5da2,experiment_linear_bodyfat_kg
941.0980814833993,0.012282310985028744,bodyfat_kg,SERUM,0.8,XGBoost Regressor,BayesSearchCV,9.663756134353441,6.093906300242356,38.434710113453555,0.11582152259779477,5036aab1b4aa499bab7dbc396f7a5da2,experiment_linear_bodyfat_kg
1135.87452867566,0.012196402996778488,bodyfat_kg,SERUM,0.8,XGBoost Regressor,BayesSearchCV,9.663756134353441,6.093906300242356,38.434710113453555,0.11582152259779477,5036aab1b4aa499bab7dbc396f7a5da2,experiment_linear_bodyfat_kg
1754.916504405519,0.01159190945327282,bodyfat_kg,SERUM,0.8,XGBoost Regressor,BayesSearchCV,9.663756134353441,6.093906300242356,38.434710113453555,0.11582152259779477,5036aab1b4aa499bab7dbc396f7a5da2,experiment_linear_bodyfat_kg
1118.518211599122,0.011487380601465702,bodyfat_kg,SERUM,0.8,XGBoost Regressor,BayesSearchCV,9.663756134353441,6.093906300242356,38.434710113453555,0.11582152259779477,5036aab1b4aa499bab7dbc396f7a5da2,experiment_linear_bodyfat_kg
1143.588447376344,0.010539770126342773,bodyfat_kg,SERUM,0.8,XGBoost Regressor,BayesSearchCV,9.663756134353441,6.093906300242356,38.434710113453555,0.11582152259779477,5036aab1b4aa499bab7dbc396f7a5da2,experiment_linear_bodyfat_kg
1141.659967701173,0.004450833204615123,bodyfat_kg,SERUM,0.8,XGBoost Regressor,BayesSearchCV,10.196900131943897,6.973536723997535,47.509791093495686,0.015571117942773327,5036aab1b4aa499bab7dbc396f7a5da2,experiment_linear_bodyfat_kg
1143.588447376344,0.004357807687612621,bodyfat_kg,SERUM,0.8,XGBoost Regressor,BayesSearchCV,10.196900131943897,6.973536723997535,47.509791093495686,0.015571117942773327,5036aab1b4aa499bab7dbc396f7a5da2,experiment_linear_bodyfat_kg
1139.731488026002,0.004348757032590472,bodyfat_kg,SERUM,0.8,XGBoost Regressor,BayesSearchCV,10.196900131943897,6.973536723997535,47.509791093495686,0.015571117942773327,5036aab1b4aa499bab7dbc396f7a5da2,experiment_linear_bodyfat_kg
1145.516927051515,0.004181877799844188,bodyfat_kg,SERUM,0.8,XGBoost Regressor,BayesSearchCV,10.196900131943897,6.973536723997535,47.509791093495686,0.015571117942773327,5036aab1b4aa499bab7dbc396f7a5da2,experiment_linear_bodyfat_kg
1137.803008350831,0.004037736831336488,bodyfat_kg,SERUM,0.8,XGBoost Regressor,BayesSearchCV,10.196900131943897,6.973536723997535,47.509791093495686,0.015571117942773327,5036aab1b4aa499bab7dbc396f7a5da2,experiment_linear_bodyfat_kg
1147.445406726686,0.003996954323903281,bodyfat_kg,SERUM,0.8,XGBoost Regressor,BayesSearchCV,10.196900131943897,6.973536723997535,47.509791093495686,0.015571117942773327,5036aab1b4aa499bab7dbc396f7a5da2,experiment_linear_bodyfat_kg
1388.505366123048,0.003862763993391785,bodyfat_kg,SERUM,0.8,XGBoost Regressor,BayesSearchCV,10.196900131943897,6.973536723997535,47.509791093495686,0.015571117942773327,5036aab1b4aa499bab7dbc396f7a5da2,experiment_linear_bodyfat_kg
1386.576886447877,0.0038236820632147487,bodyfat_kg,SERUM,0.8,XGBoost Regressor,BayesSearchCV,10.196900131943897,6.973536723997535,47.509791093495686,0.015571117942773327,5036aab1b4aa499bab7dbc396f7a5da2,experiment_linear_bodyfat_kg
1149.373886401856,0.0038149299477937874,bodyfat_kg,SERUM,0.8,XGBoost Regressor,BayesSearchCV,10.196900131943897,6.973536723997535,47.509791093495686,0.015571117942773327,5036aab1b4aa499bab7dbc396f7a5da2,experiment_linear_bodyfat_kg
1151.302366077027,0.0036586427334035655,bodyfat_kg,SERUM,0.8,XGBoost Regressor,BayesSearchCV,10.196900131943897,6.973536723997535,47.509791093495686,0.015571117942773327,5036aab1b4aa499bab7dbc396f7a5da2,experiment_linear_bodyfat_kg
1135.87452867566,0.0035902296573162903,bodyfat_kg,SERUM,0.8,XGBoost Regressor,BayesSearchCV,10.196900131943897,6.973536723997535,47.509791093495686,0.015571117942773327,5036aab1b4aa499bab7dbc396f7a5da2,experiment_linear_bodyfat_kg
1390.433845798219,0.0035898607463818754,bodyfat_kg,SERUM,0.8,XGBoost Regressor,BayesSearchCV,10.196900131943897,6.973536723997535,47.509791093495686,0.015571117942773327,5036aab1b4aa499bab7dbc396f7a5da2,experiment_linear_bodyfat_kg
1153.230845752198,0.0035553739051168718,bodyfat_kg,SERUM,0.8,XGBoost Regressor,BayesSearchCV,10.196900131943897,6.973536723997535,47.509791093495686,0.015571117942773327,5036aab1b4aa499bab7dbc396f7a5da2,experiment_linear_bodyfat_kg
1155.159325427369,0.0034737668703474713,bodyfat_kg,SERUM,0.8,XGBoost Regressor,BayesSearchCV,10.196900131943897,6.973536723997535,47.509791093495686,0.015571117942773327,5036aab1b4aa499bab7dbc396f7a5da2,experiment_linear_bodyfat_kg
1587.138772665651,0.0034521267545218125,bodyfat_kg,SERUM,0.8,XGBoost Regressor,BayesSearchCV,10.196900131943897,6.973536723997535,47.509791093495686,0.015571117942773327,5036aab1b4aa499bab7dbc396f7a5da2,experiment_linear_bodyfat_kg
1589.067252340822,0.003439056457619712,bodyfat_kg,SERUM,0.8,XGBoost Regressor,BayesSearchCV,10.196900131943897,6.973536723997535,47.509791093495686,0.015571117942773327,5036aab1b4aa499bab7dbc396f7a5da2,experiment_linear_bodyfat_kg
1585.21029299048,0.0034270303281678702,bodyfat_kg,SERUM,0.8,XGBoost Regressor,BayesSearchCV,10.196900131943897,6.973536723997535,47.509791093495686,0.015571117942773327,5036aab1b4aa499bab7dbc396f7a5da2,experiment_linear_bodyfat_kg
1583.281813315309,0.0033911184248837114,bodyfat_kg,SERUM,0.8,XGBoost Regressor,BayesSearchCV,10.196900131943897,6.973536723997535,47.509791093495686,0.015571117942773327,5036aab1b4aa499bab7dbc396f7a5da2,experiment_linear_bodyfat_kg
1392.36232547339,0.003313885319756487,bodyfat_kg,SERUM,0.8,XGBoost Regressor,BayesSearchCV,10.196900131943897,6.973536723997535,47.509791093495686,0.015571117942773327,5036aab1b4aa499bab7dbc396f7a5da2,experiment_linear_bodyfat_kg
1590.995732015992,0.0033121290165096322,bodyfat_kg,SERUM,0.8,XGBoost Regressor,BayesSearchCV,10.196900131943897,6.973536723997535,47.509791093495686,0.015571117942773327,5036aab1b4aa499bab7dbc396f7a5da2,experiment_linear_bodyfat_kg
1839.769610113039,0.017049826681613922,bodyfat_kg,SERUM,0.8,XGBoost Regressor,BayesSearchCV,9.686554724786863,6.099555573812346,38.19318868654334,0.11164471992387115,5036aab1b4aa499bab7dbc396f7a5da2,experiment_linear_bodyfat_kg
1668.134919022829,0.011430677026510239,bodyfat_kg,SERUM,0.8,XGBoost Regressor,BayesSearchCV,9.686554724786863,6.099555573812346,38.19318868654334,0.11164471992387115,5036aab1b4aa499bab7dbc396f7a5da2,experiment_linear_bodyfat_kg
1112.732772573609,0.011015917174518108,bodyfat_kg,SERUM,0.8,XGBoost Regressor,BayesSearchCV,9.686554724786863,6.099555573812346,38.19318868654334,0.11164471992387115,5036aab1b4aa499bab7dbc396f7a5da2,experiment_linear_bodyfat_kg
1114.66125224878,0.010686845518648624,bodyfat_kg,SERUM,0.8,XGBoost Regressor,BayesSearchCV,9.686554724786863,6.099555573812346,38.19318868654334,0.11164471992387115,5036aab1b4aa499bab7dbc396f7a5da2,experiment_linear_bodyfat_kg
2597.662122455202,0.010616866871714592,bodyfat_kg,SERUM,0.8,XGBoost Regressor,BayesSearchCV,9.686554724786863,6.099555573812346,38.19318868654334,0.11164471992387115,5036aab1b4aa499bab7dbc396f7a5da2,experiment_linear_bodyfat_kg
1137.803008350831,0.010109856724739075,bodyfat_kg,SERUM,0.8,XGBoost Regressor,BayesSearchCV,9.686554724786863,6.099555573812346,38.19318868654334,0.11164471992387115,5036aab1b4aa499bab7dbc396f7a5da2,experiment_linear_bodyfat_kg
1139.731488026002,0.009969123639166355,bodyfat_kg,SERUM,0.8,XGBoost Regressor,BayesSearchCV,9.686554724786863,6.099555573812346,38.19318868654334,0.11164471992387115,5036aab1b4aa499bab7dbc396f7a5da2,experiment_linear_bodyfat_kg
2588.019724079348,0.009910648688673973,bodyfat_kg,SERUM,0.8,XGBoost Regressor,BayesSearchCV,9.686554724786863,6.099555573812346,38.19318868654334,0.11164471992387115,5036aab1b4aa499bab7dbc396f7a5da2,experiment_linear_bodyfat_kg
1849.412008488893,0.009690807200968266,bodyfat_kg,SERUM,0.8,XGBoost Regressor,BayesSearchCV,9.686554724786863,6.099555573812346,38.19318868654334,0.11164471992387115,5036aab1b4aa499bab7dbc396f7a5da2,experiment_linear_bodyfat_kg
1118.518211599122,0.00955082569271326,bodyfat_kg,SERUM,0.8,XGBoost Regressor,BayesSearchCV,9.686554724786863,6.099555573812346,38.19318868654334,0.11164471992387115,5036aab1b4aa499bab7dbc396f7a5da2,experiment_linear_bodyfat_kg
1826.270252386842,0.008722440339624882,bodyfat_kg,SERUM,0.8,XGBoost Regressor,BayesSearchCV,9.686554724786863,6.099555573812346,38.19318868654334,0.11164471992387115,5036aab1b4aa499bab7dbc396f7a5da2,experiment_linear_bodyfat_kg
1606.42356941736,0.00845612958073616,bodyfat_kg,SERUM,0.8,XGBoost Regressor,BayesSearchCV,9.686554724786863,6.099555573812346,38.19318868654334,0.11164471992387115,5036aab1b4aa499bab7dbc396f7a5da2,experiment_linear_bodyfat_kg
1143.588447376344,0.008374584838747978,bodyfat_kg,SERUM,0.8,XGBoost Regressor,BayesSearchCV,9.686554724786863,6.099555573812346,38.19318868654334,0.11164471992387115,5036aab1b4aa499bab7dbc396f7a5da2,experiment_linear_bodyfat_kg
1130.089089650148,0.008062920533120632,bodyfat_kg,SERUM,0.8,XGBoost Regressor,BayesSearchCV,9.686554724786863,6.099555573812346,38.19318868654334,0.11164471992387115,5036aab1b4aa499bab7dbc396f7a5da2,experiment_linear_bodyfat_kg
2655.516512710329,0.008017203770577908,bodyfat_kg,SERUM,0.8,XGBoost Regressor,BayesSearchCV,9.686554724786863,6.099555573812346,38.19318868654334,0.11164471992387115,5036aab1b4aa499bab7dbc396f7a5da2,experiment_linear_bodyfat_kg
1160.944764452882,0.007984560914337635,bodyfat_kg,SERUM,0.8,XGBoost Regressor,BayesSearchCV,9.686554724786863,6.099555573812346,38.19318868654334,0.11164471992387115,5036aab1b4aa499bab7dbc396f7a5da2,experiment_linear_bodyfat_kg
2653.588033035158,0.007810180075466633,bodyfat_kg,SERUM,0.8,XGBoost Regressor,BayesSearchCV,9.686554724786863,6.099555573812346,38.19318868654334,0.11164471992387115,5036aab1b4aa499bab7dbc396f7a5da2,experiment_linear_bodyfat_kg
1162.873244128053,0.007755304221063852,bodyfat_kg,SERUM,0.8,XGBoost Regressor,BayesSearchCV,9.686554724786863,6.099555573812346,38.19318868654334,0.11164471992387115,5036aab1b4aa499bab7dbc396f7a5da2,experiment_linear_bodyfat_kg
1116.589731923951,0.007690973114222288,bodyfat_kg,SERUM,0.8,XGBoost Regressor,BayesSearchCV,9.686554724786863,6.099555573812346,38.19318868654334,0.11164471992387115,5036aab1b4aa499bab7dbc396f7a5da2,experiment_linear_bodyfat_kg
1666.206439347658,0.007457232568413019,bodyfat_kg,SERUM,0.8,XGBoost Regressor,BayesSearchCV,9.686554724786863,6.099555573812346,38.19318868654334,0.11164471992387115,5036aab1b4aa499bab7dbc396f7a5da2,experiment_linear_bodyfat_kg
1776.129780832399,0.005559346111311944,bodyfat_kg,URINE,0.8,XGBoost Regressor,BayesSearchCV,11.076395051467872,8.939448502063751,59.01618703738008,-0.09124749054388004,5036aab1b4aa499bab7dbc396f7a5da2,experiment_linear_bodyfat_kg
1774.201301157228,0.005485558390848369,bodyfat_kg,URINE,0.8,XGBoost Regressor,BayesSearchCV,11.076395051467872,8.939448502063751,59.01618703738008,-0.09124749054388004,5036aab1b4aa499bab7dbc396f7a5da2,experiment_linear_bodyfat_kg
1772.272821482057,0.0053931889437679485,bodyfat_kg,URINE,0.8,XGBoost Regressor,BayesSearchCV,11.076395051467872,8.939448502063751,59.01618703738008,-0.09124749054388004,5036aab1b4aa499bab7dbc396f7a5da2,experiment_linear_bodyfat_kg
1770.344341806886,0.005393171413481798,bodyfat_kg,URINE,0.8,XGBoost Regressor,BayesSearchCV,11.076395051467872,8.939448502063751,59.01618703738008,-0.09124749054388004,5036aab1b4aa499bab7dbc396f7a5da2,experiment_linear_bodyfat_kg
1778.05826050757,0.005372336642951276,bodyfat_kg,URINE,0.8,XGBoost Regressor,BayesSearchCV,11.076395051467872,8.939448502063751,59.01618703738008,-0.09124749054388004,5036aab1b4aa499bab7dbc396f7a5da2,experiment_linear_bodyfat_kg
935.3126424578863,0.0053171392506727215,bodyfat_kg,URINE,0.8,XGBoost Regressor,BayesSearchCV,11.076395051467872,8.939448502063751,59.01618703738008,-0.09124749054388004,5036aab1b4aa499bab7dbc396f7a5da2,experiment_linear_bodyfat_kg
1779.986740182741,0.005224740970055483,bodyfat_kg,URINE,0.8,XGBoost Regressor,BayesSearchCV,11.076395051467872,8.939448502063751,59.01618703738008,-0.09124749054388004,5036aab1b4aa499bab7dbc396f7a5da2,experiment_linear_bodyfat_kg
1768.415862131715,0.005160822978090137,bodyfat_kg,URINE,0.8,XGBoost Regressor,BayesSearchCV,11.076395051467872,8.939448502063751,59.01618703738008,-0.09124749054388004,5036aab1b4aa499bab7dbc396f7a5da2,experiment_linear_bodyfat_kg
1781.915219857912,0.005094108755731622,bodyfat_kg,URINE,0.8,XGBoost Regressor,BayesSearchCV,11.076395051467872,8.939448502063751,59.01618703738008,-0.09124749054388004,5036aab1b4aa499bab7dbc396f7a5da2,experiment_linear_bodyfat_kg
1766.487382456544,0.005051147989272664,bodyfat_kg,URINE,0.8,XGBoost Regressor,BayesSearchCV,11.076395051467872,8.939448502063751,59.01618703738008,-0.09124749054388004,5036aab1b4aa499bab7dbc396f7a5da2,experiment_linear_bodyfat_kg
1764.558902781373,0.00500503856964587,bodyfat_kg,URINE,0.8,XGBoost Regressor,BayesSearchCV,11.076395051467872,8.939448502063751,59.01618703738008,-0.09124749054388004,5036aab1b4aa499bab7dbc396f7a5da2,experiment_linear_bodyfat_kg
933.3841627827155,0.004959414003896064,bodyfat_kg,URINE,0.8,XGBoost Regressor,BayesSearchCV,11.076395051467872,8.939448502063751,59.01618703738008,-0.09124749054388004,5036aab1b4aa499bab7dbc396f7a5da2,experiment_linear_bodyfat_kg
1276.653544963136,0.00482768626583066,bodyfat_kg,URINE,0.8,XGBoost Regressor,BayesSearchCV,11.076395051467872,8.939448502063751,59.01618703738008,-0.09124749054388004,5036aab1b4aa499bab7dbc396f7a5da2,experiment_linear_bodyfat_kg
1783.843699533082,0.004806952187201491,bodyfat_kg,URINE,0.8,XGBoost Regressor,BayesSearchCV,11.076395051467872,8.939448502063751,59.01618703738008,-0.09124749054388004,5036aab1b4aa499bab7dbc396f7a5da2,experiment_linear_bodyfat_kg
1274.725065287965,0.004805406413050428,bodyfat_kg,URINE,0.8,XGBoost Regressor,BayesSearchCV,11.076395051467872,8.939448502063751,59.01618703738008,-0.09124749054388004,5036aab1b4aa499bab7dbc396f7a5da2,experiment_linear_bodyfat_kg
1272.796585612794,0.004653112150971006,bodyfat_kg,URINE,0.8,XGBoost Regressor,BayesSearchCV,11.076395051467872,8.939448502063751,59.01618703738008,-0.09124749054388004,5036aab1b4aa499bab7dbc396f7a5da2,experiment_linear_bodyfat_kg
937.2411221330576,0.004647817114775126,bodyfat_kg,URINE,0.8,XGBoost Regressor,BayesSearchCV,11.076395051467872,8.939448502063751,59.01618703738008,-0.09124749054388004,5036aab1b4aa499bab7dbc396f7a5da2,experiment_linear_bodyfat_kg
1278.582024638307,0.004630760901910585,bodyfat_kg,URINE,0.8,XGBoost Regressor,BayesSearchCV,11.076395051467872,8.939448502063751,59.01618703738008,-0.09124749054388004,5036aab1b4aa499bab7dbc396f7a5da2,experiment_linear_bodyfat_kg
1762.630423106202,0.004602811539446041,bodyfat_kg,URINE,0.8,XGBoost Regressor,BayesSearchCV,11.076395051467872,8.939448502063751,59.01618703738008,-0.09124749054388004,5036aab1b4aa499bab7dbc396f7a5da2,experiment_linear_bodyfat_kg
1760.701943431032,0.004460612150168373,bodyfat_kg,URINE,0.8,XGBoost Regressor,BayesSearchCV,11.076395051467872,8.939448502063751,59.01618703738008,-0.09124749054388004,5036aab1b4aa499bab7dbc396f7a5da2,experiment_linear_bodyfat_kg
1128.160609974977,0.04709899425506592,bodyfat_kg,URINE,0.8,XGBoost Regressor,BayesSearchCV,11.116208886137262,9.396533312797548,62.69101699538846,-0.09910651527380154,5036aab1b4aa499bab7dbc396f7a5da2,experiment_linear_bodyfat_kg
1806.985455635133,0.04706095531582832,bodyfat_kg,URINE,0.8,XGBoost Regressor,BayesSearchCV,11.116208886137262,9.396533312797548,62.69101699538846,-0.09910651527380154,5036aab1b4aa499bab7dbc396f7a5da2,experiment_linear_bodyfat_kg
1006.66639043921,0.046411409974098206,bodyfat_kg,URINE,0.8,XGBoost Regressor,BayesSearchCV,11.116208886137262,9.396533312797548,62.69101699538846,-0.09910651527380154,5036aab1b4aa499bab7dbc396f7a5da2,experiment_linear_bodyfat_kg
1808.913935310304,0.045405786484479904,bodyfat_kg,URINE,0.8,XGBoost Regressor,BayesSearchCV,11.116208886137262,9.396533312797548,62.69101699538846,-0.09910651527380154,5036aab1b4aa499bab7dbc396f7a5da2,experiment_linear_bodyfat_kg
1803.128496284791,0.04529069364070892,bodyfat_kg,URINE,0.8,XGBoost Regressor,BayesSearchCV,11.116208886137262,9.396533312797548,62.69101699538846,-0.09910651527380154,5036aab1b4aa499bab7dbc396f7a5da2,experiment_linear_bodyfat_kg
1635.350764544923,0.04435472935438156,bodyfat_kg,URINE,0.8,XGBoost Regressor,BayesSearchCV,11.116208886137262,9.396533312797548,62.69101699538846,-0.09910651527380154,5036aab1b4aa499bab7dbc396f7a5da2,experiment_linear_bodyfat_kg
1687.419715774538,0.03735719248652458,bodyfat_kg,URINE,0.8,XGBoost Regressor,BayesSearchCV,11.116208886137262,9.396533312797548,62.69101699538846,-0.09910651527380154,5036aab1b4aa499bab7dbc396f7a5da2,experiment_linear_bodyfat_kg
1670.063398697999,0.036971140652894974,bodyfat_kg,URINE,0.8,XGBoost Regressor,BayesSearchCV,11.116208886137262,9.396533312797548,62.69101699538846,-0.09910651527380154,5036aab1b4aa499bab7dbc396f7a5da2,experiment_linear_bodyfat_kg
1108.875813223267,0.0341164730489254,bodyfat_kg,URINE,0.8,XGBoost Regressor,BayesSearchCV,11.116208886137262,9.396533312797548,62.69101699538846,-0.09910651527380154,5036aab1b4aa499bab7dbc396f7a5da2,experiment_linear_bodyfat_kg
1481.072390531251,0.03324149549007416,bodyfat_kg,URINE,0.8,XGBoost Regressor,BayesSearchCV,11.116208886137262,9.396533312797548,62.69101699538846,-0.09910651527380154,5036aab1b4aa499bab7dbc396f7a5da2,experiment_linear_bodyfat_kg
1754.916504405519,0.029648790135979652,bodyfat_kg,URINE,0.8,XGBoost Regressor,BayesSearchCV,11.116208886137262,9.396533312797548,62.69101699538846,-0.09910651527380154,5036aab1b4aa499bab7dbc396f7a5da2,experiment_linear_bodyfat_kg
956.5259188847667,0.028175268322229385,bodyfat_kg,URINE,0.8,XGBoost Regressor,BayesSearchCV,11.116208886137262,9.396533312797548,62.69101699538846,-0.09910651527380154,5036aab1b4aa499bab7dbc396f7a5da2,experiment_linear_bodyfat_kg
933.3841627827155,0.026575950905680656,bodyfat_kg,URINE,0.8,XGBoost Regressor,BayesSearchCV,11.116208886137262,9.396533312797548,62.69101699538846,-0.09910651527380154,5036aab1b4aa499bab7dbc396f7a5da2,experiment_linear_bodyfat_kg
1060.663821343995,0.023799708113074303,bodyfat_kg,URINE,0.8,XGBoost Regressor,BayesSearchCV,11.116208886137262,9.396533312797548,62.69101699538846,-0.09910651527380154,5036aab1b4aa499bab7dbc396f7a5da2,experiment_linear_bodyfat_kg
1425.146479951295,0.0235305018723011,bodyfat_kg,URINE,0.8,XGBoost Regressor,BayesSearchCV,11.116208886137262,9.396533312797548,62.69101699538846,-0.09910651527380154,5036aab1b4aa499bab7dbc396f7a5da2,experiment_linear_bodyfat_kg
1770.344341806886,0.021601451560854912,bodyfat_kg,URINE,0.8,XGBoost Regressor,BayesSearchCV,11.116208886137262,9.396533312797548,62.69101699538846,-0.09910651527380154,5036aab1b4aa499bab7dbc396f7a5da2,experiment_linear_bodyfat_kg
1303.652260415528,0.02124698832631111,bodyfat_kg,URINE,0.8,XGBoost Regressor,BayesSearchCV,11.116208886137262,9.396533312797548,62.69101699538846,-0.09910651527380154,5036aab1b4aa499bab7dbc396f7a5da2,experiment_linear_bodyfat_kg
952.6689595344246,0.021018551662564278,bodyfat_kg,URINE,0.8,XGBoost Regressor,BayesSearchCV,11.116208886137262,9.396533312797548,62.69101699538846,-0.09910651527380154,5036aab1b4aa499bab7dbc396f7a5da2,experiment_linear_bodyfat_kg
1309.437699441041,0.02040266990661621,bodyfat_kg,URINE,0.8,XGBoost Regressor,BayesSearchCV,11.116208886137262,9.396533312797548,62.69101699538846,-0.09910651527380154,5036aab1b4aa499bab7dbc396f7a5da2,experiment_linear_bodyfat_kg
2773.153772895754,0.020103074610233307,bodyfat_kg,URINE,0.8,XGBoost Regressor,BayesSearchCV,11.116208886137262,9.396533312797548,62.69101699538846,-0.09910651527380154,5036aab1b4aa499bab7dbc396f7a5da2,experiment_linear_bodyfat_kg
935.3126424578863,0.005738700033510111,bodyfat_kg,URINE,0.8,XGBoost Regressor,BayesSearchCV,10.879578533788893,8.582561268806458,56.94734355557717,-0.05281127437486033,5036aab1b4aa499bab7dbc396f7a5da2,experiment_linear_bodyfat_kg
1776.129780832399,0.0053878900095235445,bodyfat_kg,URINE,0.8,XGBoost Regressor,BayesSearchCV,10.879578533788893,8.582561268806458,56.94734355557717,-0.05281127437486033,5036aab1b4aa499bab7dbc396f7a5da2,experiment_linear_bodyfat_kg
933.3841627827155,0.005370659491903551,bodyfat_kg,URINE,0.8,XGBoost Regressor,BayesSearchCV,10.879578533788893,8.582561268806458,56.94734355557717,-0.05281127437486033,5036aab1b4aa499bab7dbc396f7a5da2,experiment_linear_bodyfat_kg
1774.201301157228,0.005328340414486307,bodyfat_kg,URINE,0.8,XGBoost Regressor,BayesSearchCV,10.879578533788893,8.582561268806458,56.94734355557717,-0.05281127437486033,5036aab1b4aa499bab7dbc396f7a5da2,experiment_linear_bodyfat_kg
1770.344341806886,0.005252633215012504,bodyfat_kg,URINE,0.8,XGBoost Regressor,BayesSearchCV,10.879578533788893,8.582561268806458,56.94734355557717,-0.05281127437486033,5036aab1b4aa499bab7dbc396f7a5da2,experiment_linear_bodyfat_kg
1772.272821482057,0.00524398943450828,bodyfat_kg,URINE,0.8,XGBoost Regressor,BayesSearchCV,10.879578533788893,8.582561268806458,56.94734355557717,-0.05281127437486033,5036aab1b4aa499bab7dbc396f7a5da2,experiment_linear_bodyfat_kg
1778.05826050757,0.005163182911531306,bodyfat_kg,URINE,0.8,XGBoost Regressor,BayesSearchCV,10.879578533788893,8.582561268806458,56.94734355557717,-0.05281127437486033,5036aab1b4aa499bab7dbc396f7a5da2,experiment_linear_bodyfat_kg
937.2411221330576,0.0050142354636982635,bodyfat_kg,URINE,0.8,XGBoost Regressor,BayesSearchCV,10.879578533788893,8.582561268806458,56.94734355557717,-0.05281127437486033,5036aab1b4aa499bab7dbc396f7a5da2,experiment_linear_bodyfat_kg
1768.415862131715,0.005009939067918692,bodyfat_kg,URINE,0.8,XGBoost Regressor,BayesSearchCV,10.879578533788893,8.582561268806458,56.94734355557717,-0.05281127437486033,5036aab1b4aa499bab7dbc396f7a5da2,experiment_linear_bodyfat_kg
1779.986740182741,0.004978765035555784,bodyfat_kg,URINE,0.8,XGBoost Regressor,BayesSearchCV,10.879578533788893,8.582561268806458,56.94734355557717,-0.05281127437486033,5036aab1b4aa499bab7dbc396f7a5da2,experiment_linear_bodyfat_kg
1276.653544963136,0.0049204931376045724,bodyfat_kg,URINE,0.8,XGBoost Regressor,BayesSearchCV,10.879578533788893,8.582561268806458,56.94734355557717,-0.05281127437486033,5036aab1b4aa499bab7dbc396f7a5da2,experiment_linear_bodyfat_kg
1766.487382456544,0.004896670702844307,bodyfat_kg,URINE,0.8,XGBoost Regressor,BayesSearchCV,10.879578533788893,8.582561268806458,56.94734355557717,-0.05281127437486033,5036aab1b4aa499bab7dbc396f7a5da2,experiment_linear_bodyfat_kg
1274.725065287965,0.004889502154971203,bodyfat_kg,URINE,0.8,XGBoost Regressor,BayesSearchCV,10.879578533788893,8.582561268806458,56.94734355557717,-0.05281127437486033,5036aab1b4aa499bab7dbc396f7a5da2,experiment_linear_bodyfat_kg
1764.558902781373,0.004847636778682257,bodyfat_kg,URINE,0.8,XGBoost Regressor,BayesSearchCV,10.879578533788893,8.582561268806458,56.94734355557717,-0.05281127437486033,5036aab1b4aa499bab7dbc396f7a5da2,experiment_linear_bodyfat_kg
1781.915219857912,0.004819284043237109,bodyfat_kg,URINE,0.8,XGBoost Regressor,BayesSearchCV,10.879578533788893,8.582561268806458,56.94734355557717,-0.05281127437486033,5036aab1b4aa499bab7dbc396f7a5da2,experiment_linear_bodyfat_kg
1272.796585612794,0.004726757274323571,bodyfat_kg,URINE,0.8,XGBoost Regressor,BayesSearchCV,10.879578533788893,8.582561268806458,56.94734355557717,-0.05281127437486033,5036aab1b4aa499bab7dbc396f7a5da2,experiment_linear_bodyfat_kg
1278.582024638307,0.004723111893664254,bodyfat_kg,URINE,0.8,XGBoost Regressor,BayesSearchCV,10.879578533788893,8.582561268806458,56.94734355557717,-0.05281127437486033,5036aab1b4aa499bab7dbc396f7a5da2,experiment_linear_bodyfat_kg
1783.843699533082,0.004503129375967749,bodyfat_kg,URINE,0.8,XGBoost Regressor,BayesSearchCV,10.879578533788893,8.582561268806458,56.94734355557717,-0.05281127437486033,5036aab1b4aa499bab7dbc396f7a5da2,experiment_linear_bodyfat_kg
1762.630423106202,0.004415797999319794,bodyfat_kg,URINE,0.8,XGBoost Regressor,BayesSearchCV,10.879578533788893,8.582561268806458,56.94734355557717,-0.05281127437486033,5036aab1b4aa499bab7dbc396f7a5da2,experiment_linear_bodyfat_kg
1270.868105937623,0.004408365245144448,bodyfat_kg,URINE,0.8,XGBoost Regressor,BayesSearchCV,10.879578533788893,8.582561268806458,56.94734355557717,-0.05281127437486033,5036aab1b4aa499bab7dbc396f7a5da2,experiment_linear_bodyfat_kg
1118.518211599122,0.023226957768201828,bodyfat_kg,URINE,0.8,XGBoost Regressor,BayesSearchCV,10.949380193895385,9.217017664909363,62.11054596794712,-0.06636395348452417,5036aab1b4aa499bab7dbc396f7a5da2,experiment_linear_bodyfat_kg
1126.232130299806,0.02007908560335636,bodyfat_kg,URINE,0.8,XGBoost Regressor,BayesSearchCV,10.949380193895385,9.217017664909363,62.11054596794712,-0.06636395348452417,5036aab1b4aa499bab7dbc396f7a5da2,experiment_linear_bodyfat_kg
2983.358057489382,0.01949627324938774,bodyfat_kg,URINE,0.8,XGBoost Regressor,BayesSearchCV,10.949380193895385,9.217017664909363,62.11054596794712,-0.06636395348452417,5036aab1b4aa499bab7dbc396f7a5da2,experiment_linear_bodyfat_kg
1643.064683245607,0.017041511833667755,bodyfat_kg,URINE,0.8,XGBoost Regressor,BayesSearchCV,10.949380193895385,9.217017664909363,62.11054596794712,-0.06636395348452417,5036aab1b4aa499bab7dbc396f7a5da2,experiment_linear_bodyfat_kg
1641.136203570436,0.016309605911374092,bodyfat_kg,URINE,0.8,XGBoost Regressor,BayesSearchCV,10.949380193895385,9.217017664909363,62.11054596794712,-0.06636395348452417,5036aab1b4aa499bab7dbc396f7a5da2,experiment_linear_bodyfat_kg
1805.056975959963,0.01368563063442707,bodyfat_kg,URINE,0.8,XGBoost Regressor,BayesSearchCV,10.949380193895385,9.217017664909363,62.11054596794712,-0.06636395348452417,5036aab1b4aa499bab7dbc396f7a5da2,experiment_linear_bodyfat_kg
1120.446691274293,0.012783275917172432,bodyfat_kg,URINE,0.8,XGBoost Regressor,BayesSearchCV,10.949380193895385,9.217017664909363,62.11054596794712,-0.06636395348452417,5036aab1b4aa499bab7dbc396f7a5da2,experiment_linear_bodyfat_kg
1112.732772573609,0.012416253797709942,bodyfat_kg,URINE,0.8,XGBoost Regressor,BayesSearchCV,10.949380193895385,9.217017664909363,62.11054596794712,-0.06636395348452417,5036aab1b4aa499bab7dbc396f7a5da2,experiment_linear_bodyfat_kg
935.3126424578863,0.011903714388608932,bodyfat_kg,URINE,0.8,XGBoost Regressor,BayesSearchCV,10.949380193895385,9.217017664909363,62.11054596794712,-0.06636395348452417,5036aab1b4aa499bab7dbc396f7a5da2,experiment_linear_bodyfat_kg
2981.429577814211,0.011193672195076942,bodyfat_kg,URINE,0.8,XGBoost Regressor,BayesSearchCV,10.949380193895385,9.217017664909363,62.11054596794712,-0.06636395348452417,5036aab1b4aa499bab7dbc396f7a5da2,experiment_linear_bodyfat_kg
1758.773463755861,0.011110047809779644,bodyfat_kg,URINE,0.8,XGBoost Regressor,BayesSearchCV,10.949380193895385,9.217017664909363,62.11054596794712,-0.06636395348452417,5036aab1b4aa499bab7dbc396f7a5da2,experiment_linear_bodyfat_kg
933.3841627827155,0.011065018363296986,bodyfat_kg,URINE,0.8,XGBoost Regressor,BayesSearchCV,10.949380193895385,9.217017664909363,62.11054596794712,-0.06636395348452417,5036aab1b4aa499bab7dbc396f7a5da2,experiment_linear_bodyfat_kg
1635.350764544923,0.01078394241631031,bodyfat_kg,URINE,0.8,XGBoost Regressor,BayesSearchCV,10.949380193895385,9.217017664909363,62.11054596794712,-0.06636395348452417,5036aab1b4aa499bab7dbc396f7a5da2,experiment_linear_bodyfat_kg
1754.916504405519,0.010532686486840248,bodyfat_kg,URINE,0.8,XGBoost Regressor,BayesSearchCV,10.949380193895385,9.217017664909363,62.11054596794712,-0.06636395348452417,5036aab1b4aa499bab7dbc396f7a5da2,experiment_linear_bodyfat_kg
1305.580740090699,0.01045968011021614,bodyfat_kg,URINE,0.8,XGBoost Regressor,BayesSearchCV,10.949380193895385,9.217017664909363,62.11054596794712,-0.06636395348452417,5036aab1b4aa499bab7dbc396f7a5da2,experiment_linear_bodyfat_kg
1479.14391085608,0.01044989563524723,bodyfat_kg,URINE,0.8,XGBoost Regressor,BayesSearchCV,10.949380193895385,9.217017664909363,62.11054596794712,-0.06636395348452417,5036aab1b4aa499bab7dbc396f7a5da2,experiment_linear_bodyfat_kg
1741.417146679323,0.010430853813886642,bodyfat_kg,URINE,0.8,XGBoost Regressor,BayesSearchCV,10.949380193895385,9.217017664909363,62.11054596794712,-0.06636395348452417,5036aab1b4aa499bab7dbc396f7a5da2,experiment_linear_bodyfat_kg
1806.985455635133,0.010291440412402153,bodyfat_kg,URINE,0.8,XGBoost Regressor,BayesSearchCV,10.949380193895385,9.217017664909363,62.11054596794712,-0.06636395348452417,5036aab1b4aa499bab7dbc396f7a5da2,experiment_linear_bodyfat_kg
1108.875813223267,0.010210463777184486,bodyfat_kg,URINE,0.8,XGBoost Regressor,BayesSearchCV,10.949380193895385,9.217017664909363,62.11054596794712,-0.06636395348452417,5036aab1b4aa499bab7dbc396f7a5da2,experiment_linear_bodyfat_kg
1668.134919022829,0.009572583250701427,bodyfat_kg,URINE,0.8,XGBoost Regressor,BayesSearchCV,10.949380193895385,9.217017664909363,62.11054596794712,-0.06636395348452417,5036aab1b4aa499bab7dbc396f7a5da2,experiment_linear_bodyfat_kg
