1757370198440 49.36184310913086 0
1757370198481 48.097877502441406 1
1757370198521 48.064205169677734 2
1757370198562 46.278480529785156 3
1757370198607 45.7294807434082 4
1757370198648 44.71432876586914 5
1757370198694 43.185157775878906 6
1757370198735 41.9720344543457 7
1757370198777 41.2632942199707 8
1757370198818 40.525543212890625 9
1757370198869 40.543060302734375 10
1757370198910 38.24909591674805 11
1757370198950 37.39387512207031 12
1757370198992 39.27946472167969 13
1757370199032 36.2057991027832 14
1757370199073 32.914249420166016 15
1757370199113 32.347129821777344 16
1757370199157 31.228395462036133 17
1757370199198 33.0262451171875 18
1757370199238 34.17431640625 19
1757370199278 34.092857360839844 20
1757370199318 30.00418472290039 21
1757370199359 29.476768493652344 22
1757370199399 28.944894790649414 23
1757370199439 29.741445541381836 24
1757370199480 33.801185607910156 25
1757370199521 29.099225997924805 26
1757370199561 31.705259323120117 27
1757370199602 34.68362808227539 28
1757370199642 29.970829010009766 29
1757370199683 33.409175872802734 30
1757370199723 33.21999740600586 31
1757370199763 30.402755737304688 32
1757370199803 28.961833953857422 33
1757370199846 28.89174461364746 34
1757370199887 29.071596145629883 35
1757370199928 33.41726303100586 36
1757370199968 26.908720016479492 37
1757370200009 28.00152587890625 38
1757370200049 25.69197654724121 39
1757370200099 29.178922653198242 40
1757370200145 29.112281799316406 41
1757370200186 29.773073196411133 42
1757370200229 29.545387268066406 43
1757370200270 32.729637145996094 44
1757370200311 30.9145565032959 45
1757370200352 29.953384399414062 46
1757370200395 27.94516944885254 47
1757370200436 31.206878662109375 48
1757370200477 26.76056480407715 49
1757370200518 25.824478149414062 50
1757370200559 28.624473571777344 51
1757370200600 28.484025955200195 52
1757370200640 30.30014991760254 53
1757370200681 33.84729766845703 54
1757370200721 24.18266487121582 55
1757370200762 28.385570526123047 56
1757370200803 33.33805465698242 57
1757370200843 29.409557342529297 58
1757370200891 30.561203002929688 59
1757370200932 32.32427978515625 60
1757370200972 31.77448081970215 61
1757370201013 31.02156639099121 62
1757370201053 32.41580581665039 63
1757370201094 33.51626968383789 64
1757370201136 31.521724700927734 65
1757370201176 27.127944946289062 66
1757370201217 27.853116989135742 67
1757370201266 25.6123046875 68
1757370201306 30.807756423950195 69
1757370201347 30.410064697265625 70
1757370201395 31.72369384765625 71
1757370201442 28.45797348022461 72
1757370201485 24.689573287963867 73
1757370201531 22.120241165161133 74
1757370201578 30.37690544128418 75
1757370201623 27.451663970947266 76
1757370201666 29.933244705200195 77
1757370201706 28.616188049316406 78
1757370201747 22.80370330810547 79
1757370201788 21.337509155273438 80
1757370201829 30.957035064697266 81
1757370201882 26.48699378967285 82
1757370201925 24.598011016845703 83
1757370201968 25.91358757019043 84
1757370202009 24.865243911743164 85
1757370202051 29.33654022216797 86
1757370202094 24.430130004882812 87
1757370202137 28.872406005859375 88
1757370202178 28.23837661743164 89
1757370202225 27.864635467529297 90
1757370202266 24.706836700439453 91
1757370202308 31.796184539794922 92
1757370202350 29.122108459472656 93
1757370202396 28.18014144897461 94
1757370202438 27.058561325073242 95
1757370202480 25.25514793395996 96
1757370202522 29.170650482177734 97
1757370202567 27.485897064208984 98
1757370202612 30.06386947631836 99
1757370202653 28.47881317138672 100
1757370202695 27.8705997467041 101
1757370202737 28.462133407592773 102
1757370202778 32.711116790771484 103
1757370202820 27.5612735748291 104
1757370202864 29.655698776245117 105
1757370202909 30.723604202270508 106
1757370202952 26.49000358581543 107
1757370202996 30.62158203125 108
1757370203038 33.137176513671875 109
1757370203077 27.563209533691406 110
1757370203117 25.049516677856445 111
1757370203159 29.54485511779785 112
1757370203200 28.816104888916016 113
1757370203241 22.288158416748047 114
1757370203282 26.16632652282715 115
1757370203323 27.60531997680664 116
1757370203365 32.0760498046875 117
1757370203407 30.339019775390625 118
1757370203448 29.938753128051758 119
1757370203489 29.167606353759766 120
1757370203530 30.454734802246094 121
1757370203572 29.507247924804688 122
1757370203613 29.523265838623047 123
1757370203660 28.653066635131836 124
1757370203701 36.93902587890625 125
1757370203742 26.048709869384766 126
1757370203783 31.254661560058594 127
1757370203824 30.18689727783203 128
1757370203865 30.722915649414062 129
1757370203912 25.117267608642578 130
1757370203954 26.30287742614746 131
1757370203995 27.6447811126709 132
1757370204040 29.88534927368164 133
1757370204081 26.52655601501465 134
1757370204122 26.54826545715332 135
1757370204164 26.704988479614258 136
1757370204205 28.344064712524414 137
1757370204245 26.95488739013672 138
1757370204286 27.29945182800293 139
1757370204328 28.694913864135742 140
1757370204369 27.117643356323242 141
1757370204411 29.101318359375 142
1757370204452 28.187772750854492 143
1757370204493 25.28199577331543 144
1757370204534 27.211549758911133 145
1757370204575 32.36103057861328 146
1757370204623 26.221569061279297 147
1757370204664 26.16307258605957 148
1757370204706 27.487150192260742 149
1757370204747 32.659481048583984 150
1757370204789 29.31555938720703 151
1757370204831 26.157468795776367 152
1757370204872 31.938142776489258 153
1757370204919 25.455442428588867 154
1757370204961 34.12740707397461 155
1757370205002 32.957176208496094 156
1757370205043 27.578105926513672 157
1757370205091 26.650606155395508 158
1757370205132 31.24627113342285 159
1757370205173 25.459278106689453 160
1757370205220 27.324954986572266 161
1757370205262 30.930049896240234 162
1757370205304 21.369592666625977 163
1757370205345 31.946762084960938 164
1757370205387 28.326515197753906 165
1757370205428 25.912086486816406 166
1757370205470 28.966968536376953 167
1757370205511 27.39358901977539 168
1757370205552 30.047237396240234 169
1757370205593 24.51678466796875 170
1757370205634 19.949291229248047 171
1757370205675 31.08354949951172 172
1757370205716 26.73141098022461 173
1757370205757 23.146209716796875 174
1757370205798 25.94532012939453 175
1757370205840 22.747037887573242 176
1757370205884 28.26043701171875 177
1757370205926 27.512388229370117 178
1757370205973 31.332117080688477 179
1757370206014 26.76598358154297 180
1757370206061 29.307621002197266 181
1757370206103 27.175809860229492 182
1757370206144 28.47967529296875 183
1757370206186 35.76101303100586 184
1757370206233 29.27704620361328 185
1757370206276 32.13454818725586 186
1757370206317 32.32298278808594 187
1757370206359 29.166973114013672 188
1757370206402 31.917259216308594 189
1757370206445 29.080280303955078 190
1757370206486 29.134933471679688 191
1757370206529 28.389720916748047 192
1757370206570 28.40938949584961 193
1757370206611 24.432748794555664 194
1757370206653 33.012908935546875 195
1757370206694 28.13163948059082 196
1757370206735 25.752830505371094 197
1757370206776 28.822843551635742 198
1757370206817 31.095966339111328 199
1757370206858 28.204641342163086 200
1757370206900 27.12773895263672 201
1757370206946 29.71472930908203 202
1757370206989 31.186555862426758 203
1757370207031 30.700439453125 204
1757370207078 25.48856544494629 205
1757370207120 25.897457122802734 206
1757370207164 24.771724700927734 207
1757370207205 29.806884765625 208
1757370207246 31.040790557861328 209
1757370207288 23.890169143676758 210
1757370207329 30.893827438354492 211
1757370207372 31.36404800415039 212
1757370207414 28.357341766357422 213
1757370207456 28.768278121948242 214
1757370207499 28.153287887573242 215
1757370207541 26.15276336669922 216
1757370207583 28.179950714111328 217
1757370207627 25.335750579833984 218
1757370207669 26.705102920532227 219
1757370207711 23.22812271118164 220
1757370207753 26.343360900878906 221
1757370207795 29.20806884765625 222
1757370207837 25.12840461730957 223
1757370207882 23.249496459960938 224
1757370207924 27.58445930480957 225
1757370207966 31.972991943359375 226
1757370208008 29.826292037963867 227
1757370208050 28.951148986816406 228
1757370208091 27.838756561279297 229
1757370208133 27.182214736938477 230
1757370208177 27.288612365722656 231
1757370208219 26.688247680664062 232
1757370208260 27.666236877441406 233
1757370208302 28.8830509185791 234
1757370208343 25.33548355102539 235
1757370208388 27.570955276489258 236
1757370208430 29.18126106262207 237
1757370208471 29.489004135131836 238
1757370208515 29.8532657623291 239
1757370208563 24.895652770996094 240
1757370208604 31.048315048217773 241
1757370208649 25.50960350036621 242
1757370208690 28.15005111694336 243
1757370208732 24.720619201660156 244
1757370208773 29.820695877075195 245
1757370208819 25.95441246032715 246
1757370208865 28.529014587402344 247
1757370208917 27.437917709350586 248
1757370208962 25.831485748291016 249
1757370209007 23.250455856323242 250
1757370209053 27.009172439575195 251
1757370209098 26.797473907470703 252
1757370209143 29.623971939086914 253
1757370209192 27.626441955566406 254
1757370209236 30.115924835205078 255
1757370209282 26.219369888305664 256
1757370209324 23.916128158569336 257
1757370209366 30.92616844177246 258
1757370209409 30.38414764404297 259
1757370209451 25.786033630371094 260
1757370209493 33.196964263916016 261
1757370209535 22.760860443115234 262
1757370209577 26.89023780822754 263
1757370209618 31.531658172607422 264
1757370209660 26.4238338470459 265
1757370209889 26.37945556640625 266
1757370209931 27.09536361694336 267
1757370209972 27.788061141967773 268
1757370210013 29.562318801879883 269
1757370210054 29.959409713745117 270
1757370210096 27.04969596862793 271
1757370210137 30.27337074279785 272
1757370210178 23.645694732666016 273
1757370210222 24.073413848876953 274
1757370210270 25.237607955932617 275
1757370210318 26.196992874145508 276
1757370210360 26.025667190551758 277
1757370210412 28.090862274169922 278
1757370210457 33.81060028076172 279
1757370210499 23.106361389160156 280
1757370210550 26.20004653930664 281
1757370210591 29.973690032958984 282
1757370210633 29.621854782104492 283
1757370210675 29.20854949951172 284
1757370210716 33.40732955932617 285
1757370210758 29.829059600830078 286
1757370210800 28.860963821411133 287
1757370210842 28.515117645263672 288
1757370210884 22.817113876342773 289
1757370210926 28.472774505615234 290
1757370210970 24.97229766845703 291
1757370211014 24.28734588623047 292
1757370211056 27.446821212768555 293
1757370211098 25.352882385253906 294
1757370211140 26.168174743652344 295
1757370211182 27.56204605102539 296
1757370211232 25.849716186523438 297
1757370211277 30.71634292602539 298
1757370211322 27.49075698852539 299
1757370230486 48.830562591552734 0
1757370230536 48.82984161376953 1
1757370230584 48.827030181884766 2
1757370230632 48.820213317871094 3
1757370230715 48.8206672668457 4
1757370230763 48.81949996948242 5
1757370230814 48.81049728393555 6
1757370230864 48.80936813354492 7
1757370230910 48.79313278198242 8
1757370230955 48.77145767211914 9
1757370231000 48.75767135620117 10
1757370231045 48.73160934448242 11
1757370231090 48.65897750854492 12
1757370231134 48.64518737792969 13
1757370231179 48.59462356567383 14
1757370231224 48.43011474609375 15
1757370231269 48.22339630126953 16
1757370231313 48.03564453125 17
1757370231358 48.04610061645508 18
1757370231403 47.90787124633789 19
1757370231448 47.648738861083984 20
1757370231493 47.47956085205078 21
1757370231537 47.26875305175781 22
1757370231583 47.00166702270508 23
1757370231633 46.96564483642578 24
1757370231682 46.45782470703125 25
1757370231739 46.49981689453125 26
1757370231786 45.99587631225586 27
1757370231832 44.74531936645508 28
1757370231877 44.34241485595703 29
1757370231926 44.23257064819336 30
1757370231975 44.65060806274414 31
1757370232025 44.30382537841797 32
1757370232070 43.199302673339844 33
1757370232115 43.078857421875 34
1757370232166 40.93220901489258 35
1757370232216 40.12797164916992 36
1757370232268 39.747169494628906 37
1757370232315 40.246395111083984 38
1757370232362 37.28849792480469 39
1757370232412 37.79435729980469 40
1757370232463 36.51570129394531 41
1757370232512 36.11846923828125 42
1757370232557 37.05612564086914 43
1757370232602 34.64750671386719 44
1757370232647 32.08484649658203 45
1757370232693 31.881738662719727 46
1757370232739 33.07512283325195 47
1757370232788 29.70907211303711 48
1757370232837 30.716758728027344 49
1757370232886 27.701297760009766 50
1757370232939 27.78687858581543 51
1757370232988 28.373334884643555 52
1757370233033 24.714452743530273 53
1757370233077 33.29574966430664 54
1757370233122 30.27311897277832 55
1757370233167 29.82572364807129 56
1757370233211 29.946182250976562 57
1757370233256 35.473243713378906 58
1757370233301 25.37554931640625 59
1757370233345 29.49317741394043 60
1757370233390 26.9897518157959 61
1757370233438 27.4014892578125 62
1757370233484 28.0350284576416 63
1757370233530 29.214155197143555 64
1757370233576 25.771474838256836 65
1757370233622 30.85030174255371 66
1757370233666 24.041824340820312 67
1757370233717 29.059207916259766 68
1757370233762 26.892513275146484 69
1757370233806 30.727596282958984 70
1757370233851 30.05055046081543 71
1757370233897 25.173917770385742 72
1757370233947 27.037612915039062 73
1757370233994 29.322607040405273 74
1757370234041 26.373666763305664 75
1757370234086 28.61739158630371 76
1757370234133 29.538875579833984 77
1757370234178 30.22998046875 78
1757370234223 26.403141021728516 79
1757370234273 27.0031681060791 80
1757370234328 30.163822174072266 81
1757370234374 28.53158187866211 82
1757370234419 25.76228904724121 83
1757370234465 27.246732711791992 84
1757370234510 25.11642074584961 85
1757370234556 28.848588943481445 86
1757370234602 26.872230529785156 87
1757370234648 26.930038452148438 88
1757370234693 28.93229103088379 89
1757370234738 28.994853973388672 90
1757370234784 27.00019073486328 91
1757370234829 26.955791473388672 92
1757370234874 25.742313385009766 93
1757370234919 29.362266540527344 94
1757370234965 25.90851402282715 95
1757370235019 27.750019073486328 96
1757370235064 27.488149642944336 97
1757370235113 27.072206497192383 98
1757370235158 28.233978271484375 99
1757370235207 30.018945693969727 100
1757370235255 28.904083251953125 101
1757370235300 27.416553497314453 102
1757370235345 27.467548370361328 103
1757370235391 29.392837524414062 104
1757370235437 27.615543365478516 105
1757370235482 27.190317153930664 106
1757370235527 28.11211395263672 107
1757370235573 23.885761260986328 108
1757370235618 28.227094650268555 109
1757370235673 28.60002899169922 110
1757370235723 28.031356811523438 111
1757370235775 31.417470932006836 112
1757370235825 24.63667106628418 113
1757370235876 27.220014572143555 114
1757370235924 27.4532527923584 115
1757370235971 26.94989776611328 116
1757370236017 31.917640686035156 117
1757370236063 29.122079849243164 118
1757370236108 28.135311126708984 119
1757370236154 30.56426239013672 120
1757370236199 27.636749267578125 121
1757370236245 28.659210205078125 122
1757370236290 24.281709671020508 123
1757370236339 29.402652740478516 124
1757370236385 28.05014991760254 125
1757370236435 26.537769317626953 126
1757370236486 24.028169631958008 127
1757370236533 28.952255249023438 128
1757370236580 31.807416915893555 129
1757370236625 29.974430084228516 130
1757370236669 29.259502410888672 131
1757370236714 30.748916625976562 132
1757370236759 31.5788516998291 133
1757370236810 27.125381469726562 134
1757370236864 28.29073143005371 135
1757370236913 26.83543586730957 136
1757370236963 32.30973815917969 137
1757370237012 26.932636260986328 138
1757370237061 28.521074295043945 139
1757370237109 29.347972869873047 140
1757370237160 28.801347732543945 141
1757370237209 26.167341232299805 142
1757370237259 25.993133544921875 143
1757370237312 30.586360931396484 144
1757370237366 24.824798583984375 145
1757370237414 27.704273223876953 146
1757370237459 26.498897552490234 147
1757370237504 25.28035545349121 148
1757370237550 26.265653610229492 149
1757370237595 29.069852828979492 150
1757370237645 31.398632049560547 151
1757370237696 23.726539611816406 152
1757370237746 27.70880889892578 153
1757370237790 30.742246627807617 154
1757370237834 27.18561553955078 155
1757370237879 29.869525909423828 156
1757370237926 28.160249710083008 157
1757370237973 25.99658203125 158
1757370238020 31.56651496887207 159
1757370238070 25.829986572265625 160
1757370238116 30.943031311035156 161
1757370238162 29.150297164916992 162
1757370238207 23.932193756103516 163
1757370238253 27.701934814453125 164
1757370238307 26.83743667602539 165
1757370238357 26.75851058959961 166
1757370238408 26.523706436157227 167
1757370238455 29.13921356201172 168
1757370238507 24.24125862121582 169
1757370238552 29.2352352142334 170
1757370238598 28.198902130126953 171
1757370238644 24.751319885253906 172
1757370238690 24.223590850830078 173
1757370238735 24.851261138916016 174
1757370238781 27.155094146728516 175
1757370238826 26.582225799560547 176
1757370238871 27.875804901123047 177
1757370238918 26.772294998168945 178
1757370238966 25.521202087402344 179
1757370239012 28.74813461303711 180
1757370239058 27.309213638305664 181
1757370239104 29.000102996826172 182
1757370239151 24.39299774169922 183
1757370239202 30.9925479888916 184
1757370239248 25.08062744140625 185
1757370239294 25.336849212646484 186
1757370239340 29.624555587768555 187
1757370239385 27.431528091430664 188
1757370239431 26.055288314819336 189
1757370239476 23.030712127685547 190
1757370239521 30.0058536529541 191
1757370239570 29.613622665405273 192
1757370239616 25.33912467956543 193
1757370239663 28.220890045166016 194
1757370239708 24.855783462524414 195
1757370239755 30.415740966796875 196
1757370239810 26.091739654541016 197
1757370239856 30.96248435974121 198
1757370239901 29.829288482666016 199
1757370239947 31.054580688476562 200
1757370239993 26.118112564086914 201
1757370240040 27.98118782043457 202
1757370240086 23.877899169921875 203
1757370240132 27.692108154296875 204
1757370240187 22.975357055664062 205
1757370240239 29.16509246826172 206
1757370240285 25.2219181060791 207
1757370240336 29.88163948059082 208
1757370240387 31.085933685302734 209
1757370240433 28.782432556152344 210
1757370240479 28.444730758666992 211
1757370240525 33.141727447509766 212
1757370240570 23.044830322265625 213
1757370240617 26.79941749572754 214
1757370240662 29.66020393371582 215
1757370240708 28.30950164794922 216
1757370240786 27.527006149291992 217
1757370240836 26.139175415039062 218
1757370240881 26.265356063842773 219
1757370240930 28.29399299621582 220
1757370240976 27.6731014251709 221
1757370241021 29.256649017333984 222
1757370241067 24.347030639648438 223
1757370241118 27.42158317565918 224
1757370241163 23.166854858398438 225
1757370241208 27.0657901763916 226
1757370241254 28.615684509277344 227
1757370241299 25.15151023864746 228
1757370241344 23.512794494628906 229
1757370241390 26.662416458129883 230
1757370241436 27.247772216796875 231
1757370241482 26.021320343017578 232
1757370241527 24.601747512817383 233
1757370241572 24.659687042236328 234
1757370241618 30.019628524780273 235
1757370241667 26.554824829101562 236
1757370241713 27.234237670898438 237
1757370241759 26.201026916503906 238
1757370241804 28.63625144958496 239
1757370241849 27.83730125427246 240
1757370241894 26.440298080444336 241
1757370241947 27.33938980102539 242
1757370241997 25.173900604248047 243
1757370242064 23.46308708190918 244
1757370242116 27.79792022705078 245
1757370242168 27.786035537719727 246
1757370242219 22.8028564453125 247
1757370242265 25.608734130859375 248
1757370242310 27.08319854736328 249
1757370242355 27.433895111083984 250
1757370242401 30.54832649230957 251
1757370242447 29.99455451965332 252
1757370242500 24.4213809967041 253
1757370242552 25.42481803894043 254
1757370242604 28.459012985229492 255
1757370242655 28.843202590942383 256
1757370242711 29.02207374572754 257
1757370242761 22.895414352416992 258
1757370242808 31.317974090576172 259
1757370242855 22.429262161254883 260
1757370242901 30.221073150634766 261
1757370242948 26.276567459106445 262
1757370242998 29.997055053710938 263
1757370243048 25.61240005493164 264
1757370243094 27.629610061645508 265
1757370243140 26.538536071777344 266
1757370243186 29.127744674682617 267
1757370243232 26.882808685302734 268
1757370243277 27.204010009765625 269
1757370243323 27.167705535888672 270
1757370243369 28.408960342407227 271
1757370243415 25.390045166015625 272
1757370243465 27.741010665893555 273
1757370243520 22.74092674255371 274
1757370243572 26.983285903930664 275
1757370243617 25.94804573059082 276
1757370243663 24.462268829345703 277
1757370243708 25.802688598632812 278
1757370243753 26.345703125 279
1757370243799 25.261064529418945 280
1757370243845 27.91649055480957 281
1757370243892 28.58272361755371 282
1757370243937 29.07881736755371 283
1757370243982 27.508331298828125 284
1757370244029 28.66170883178711 285
1757370244074 30.56670379638672 286
1757370244120 24.85866928100586 287
1757370244167 29.713836669921875 288
1757370244213 24.680988311767578 289
1757370244258 23.170833587646484 290
1757370244303 28.596235275268555 291
1757370244349 23.582979202270508 292
1757370244394 28.376468658447266 293
1757370244439 29.046396255493164 294
1757370244485 25.73080062866211 295
1757370244530 27.9233341217041 296
1757370244575 28.38792610168457 297
1757370244621 24.614927291870117 298
1757370244675 24.823589324951172 299
1757370259909 50.189491271972656 0
1757370259962 50.17720031738281 1
1757370260007 50.170650482177734 2
1757370260058 50.098182678222656 3
1757370260105 49.930110931396484 4
1757370260169 49.665042877197266 5
1757370260215 49.161590576171875 6
1757370260265 48.7723388671875 7
1757370260321 48.50617599487305 8
1757370260373 48.342342376708984 9
1757370260424 48.15104293823242 10
1757370260474 47.2779426574707 11
1757370260527 46.84784698486328 12
1757370260572 46.02842330932617 13
1757370260617 46.325538635253906 14
1757370260662 45.12428283691406 15
1757370260707 44.30165481567383 16
1757370260753 43.444053649902344 17
1757370260798 44.35990524291992 18
1757370260844 42.35758972167969 19
1757370260889 41.19124984741211 20
1757370260934 40.020877838134766 21
1757370260980 38.68784713745117 22
1757370261025 37.52366256713867 23
1757370261071 36.90861511230469 24
1757370261116 35.050636291503906 25
1757370261163 31.383028030395508 26
1757370261208 34.70829772949219 27
1757370261254 31.423803329467773 28
1757370261308 26.36328125 29
1757370261360 24.20314598083496 30
1757370261411 24.242338180541992 31
1757370261466 27.908849716186523 32
1757370261513 26.776411056518555 33
1757370261559 20.53404426574707 34
1757370261606 25.55947494506836 35
1757370261651 23.43097496032715 36
1757370261696 24.10004234313965 37
1757370261742 24.80569076538086 38
1757370261787 23.148141860961914 39
1757370261833 22.277027130126953 40
1757370261879 29.1840763092041 41
1757370261924 19.384376525878906 42
1757370261969 24.967697143554688 43
1757370262015 24.56671142578125 44
1757370262061 25.73346519470215 45
1757370262106 23.95973014831543 46
1757370262152 25.117183685302734 47
1757370262198 21.160930633544922 48
1757370262243 23.775236129760742 49
1757370262289 23.60828971862793 50
1757370262335 26.606067657470703 51
1757370262380 26.819957733154297 52
1757370262426 25.91693687438965 53
1757370262472 24.3863525390625 54
1757370262518 23.456684112548828 55
1757370262565 27.06926918029785 56
1757370262616 25.511898040771484 57
1757370262662 19.80067253112793 58
1757370262713 29.30900001525879 59
1757370262759 25.39890480041504 60
1757370262805 25.701555252075195 61
1757370262851 24.48567771911621 62
1757370262897 21.845434188842773 63
1757370262943 21.114952087402344 64
1757370262989 22.699556350708008 65
1757370263035 25.993444442749023 66
1757370263081 26.748205184936523 67
1757370263127 28.481340408325195 68
1757370263173 24.60536003112793 69
1757370263222 23.65223503112793 70
1757370263275 28.290700912475586 71
1757370263326 21.609102249145508 72
1757370263377 25.831104278564453 73
1757370263427 23.791080474853516 74
1757370263474 23.697221755981445 75
1757370263521 29.603443145751953 76
1757370263567 26.276517868041992 77
1757370263614 23.587112426757812 78
1757370263663 24.030485153198242 79
1757370263716 21.852767944335938 80
1757370263767 25.854217529296875 81
1757370263819 26.173948287963867 82
1757370263870 24.371135711669922 83
1757370263975 21.863895416259766 84
1757370264131 21.9663028717041 85
1757370264231 24.053998947143555 86
1757370264319 24.912742614746094 87
1757370264391 26.70962142944336 88
1757370264458 22.649517059326172 89
1757370264504 22.332775115966797 90
1757370264556 23.97239112854004 91
1757370264604 24.431123733520508 92
1757370264651 21.254575729370117 93
1757370264701 18.632143020629883 94
1757370264750 24.403202056884766 95
1757370264796 25.43634796142578 96
1757370264842 24.566940307617188 97
1757370264889 26.018943786621094 98
1757370264940 22.615291595458984 99
1757370264987 24.818607330322266 100
1757370265033 24.065235137939453 101
1757370265078 25.05025291442871 102
1757370265125 25.270282745361328 103
1757370265173 23.449190139770508 104
1757370265220 22.970233917236328 105
1757370265271 22.55185317993164 106
1757370265317 22.141040802001953 107
1757370265368 24.424213409423828 108
1757370265413 22.817895889282227 109
1757370265462 23.137670516967773 110
1757370265514 24.9290828704834 111
1757370265564 22.713760375976562 112
1757370265610 25.80940818786621 113
1757370265656 20.873071670532227 114
1757370265702 22.410310745239258 115
1757370265750 23.220144271850586 116
1757370265796 21.904281616210938 117
1757370265842 20.198402404785156 118
1757370265888 21.853971481323242 119
1757370265945 23.071510314941406 120
1757370265994 22.46070671081543 121
1757370266045 18.470447540283203 122
1757370266092 24.480833053588867 123
1757370266137 27.428672790527344 124
1757370266183 25.927371978759766 125
1757370266228 21.321704864501953 126
1757370266274 23.47996711730957 127
1757370266322 21.278804779052734 128
1757370266368 24.844505310058594 129
1757370266413 24.075550079345703 130
1757370266467 23.37026023864746 131
1757370266512 24.222383499145508 132
1757370266558 23.048175811767578 133
1757370266614 22.164566040039062 134
1757370266660 21.405765533447266 135
1757370266712 25.064395904541016 136
1757370266783 23.61669921875 137
1757370266829 23.673307418823242 138
1757370266876 23.28078842163086 139
1757370266922 21.324026107788086 140
1757370266970 20.545394897460938 141
1757370267019 23.036306381225586 142
1757370267065 25.350269317626953 143
1757370267111 19.82729721069336 144
1757370267157 24.554141998291016 145
1757370267203 23.133033752441406 146
1757370267249 24.658809661865234 147
1757370267294 29.420936584472656 148
1757370267340 24.355276107788086 149
1757370267386 21.477127075195312 150
1757370267431 26.789134979248047 151
1757370267477 26.469572067260742 152
1757370267523 20.83696746826172 153
1757370267569 28.216691970825195 154
1757370267615 21.899045944213867 155
1757370267662 24.149309158325195 156
1757370267708 21.76751136779785 157
1757370267753 24.16263771057129 158
1757370267799 20.639122009277344 159
1757370267845 24.627763748168945 160
1757370267891 24.271198272705078 161
1757370267937 22.338171005249023 162
1757370267984 23.93846893310547 163
1757370268030 25.116355895996094 164
1757370268076 25.368595123291016 165
1757370268122 24.328523635864258 166
1757370268174 27.206632614135742 167
1757370268219 22.20184898376465 168
1757370268265 26.087919235229492 169
1757370268311 21.304176330566406 170
1757370268357 24.2502384185791 171
1757370268403 22.66838836669922 172
1757370268448 24.265960693359375 173
1757370268494 22.630901336669922 174
1757370268540 26.41328239440918 175
1757370268586 26.820430755615234 176
1757370268631 24.655841827392578 177
1757370268677 21.90933609008789 178
1757370268724 23.72443199157715 179
1757370268771 23.216739654541016 180
1757370268817 23.430376052856445 181
1757370268863 22.714826583862305 182
1757370268908 25.37963104248047 183
1757370268954 27.131664276123047 184
1757370269001 21.74301528930664 185
1757370269053 18.58730697631836 186
1757370269104 23.737586975097656 187
1757370269156 21.90968132019043 188
1757370269202 22.503894805908203 189
1757370269248 23.579036712646484 190
1757370269294 21.438377380371094 191
1757370269340 23.893722534179688 192
1757370269386 22.719398498535156 193
1757370269432 24.026033401489258 194
1757370269478 23.888572692871094 195
1757370269524 26.789470672607422 196
1757370269570 20.439455032348633 197
1757370269615 20.839454650878906 198
1757370269664 24.3072509765625 199
1757370269710 20.454090118408203 200
1757370269756 22.287761688232422 201
1757370269801 25.198381423950195 202
1757370269847 18.306255340576172 203
1757370269893 26.521587371826172 204
1757370269939 26.729162216186523 205
1757370269985 22.423112869262695 206
1757370270031 26.992416381835938 207
1757370270077 24.34536361694336 208
1757370270122 24.833391189575195 209
1757370270168 20.162006378173828 210
1757370270214 20.884994506835938 211
1757370270260 27.12578582763672 212
1757370270308 24.621623992919922 213
1757370270354 20.72953987121582 214
1757370270400 27.679176330566406 215
1757370270447 21.803625106811523 216
1757370270493 19.695743560791016 217
1757370270545 24.56294822692871 218
1757370270592 23.7958927154541 219
1757370270641 22.974098205566406 220
1757370270694 24.93450355529785 221
1757370270745 20.919279098510742 222
1757370270797 24.900827407836914 223
1757370270848 27.902442932128906 224
1757370270894 24.58989143371582 225
1757370270942 24.006872177124023 226
1757370270989 23.484249114990234 227
1757370271037 20.83233642578125 228
1757370271083 25.20168685913086 229
1757370271131 25.305133819580078 230
1757370271178 19.666879653930664 231
1757370271228 24.832530975341797 232
1757370271279 26.778186798095703 233
1757370271326 23.334157943725586 234
1757370271373 21.97800064086914 235
1757370271420 27.91026496887207 236
1757370271473 23.645605087280273 237
1757370271520 22.975543975830078 238
1757370271566 22.160818099975586 239
1757370271611 24.453536987304688 240
1757370271657 22.34185218811035 241
1757370271703 23.446781158447266 242
1757370271749 22.378067016601562 243
1757370271795 25.417768478393555 244
1757370271841 22.81197738647461 245
1757370271887 20.712100982666016 246
1757370271933 26.752159118652344 247
1757370271979 21.981298446655273 248
1757370272025 23.827747344970703 249
1757370272072 22.79908561706543 250
1757370272118 23.0489444732666 251
1757370272164 22.217391967773438 252
1757370272210 21.72650909423828 253
1757370272256 19.440021514892578 254
1757370272302 23.48848533630371 255
1757370272348 22.438629150390625 256
1757370272394 19.39609718322754 257
1757370272441 22.512239456176758 258
1757370272507 19.689382553100586 259
1757370272554 22.893108367919922 260
1757370272618 22.194416046142578 261
1757370272667 21.91991424560547 262
1757370272718 23.553510665893555 263
1757370272776 20.234329223632812 264
1757370272828 21.797372817993164 265
1757370272878 24.212678909301758 266
1757370272930 25.087369918823242 267
1757370272981 24.958059310913086 268
1757370273031 22.177526473999023 269
1757370273081 24.63245964050293 270
1757370273131 23.297481536865234 271
1757370273183 23.075204849243164 272
1757370273228 26.798194885253906 273
1757370273274 23.63461685180664 274
1757370273320 24.564138412475586 275
1757370273370 23.887880325317383 276
1757370273426 23.337526321411133 277
1757370273478 21.90921401977539 278
1757370273526 18.953832626342773 279
1757370273572 25.528362274169922 280
1757370273618 23.47987937927246 281
1757370273665 21.725168228149414 282
1757370273712 20.29591178894043 283
1757370273759 26.394563674926758 284
1757370273807 21.721359252929688 285
1757370273857 19.637340545654297 286
1757370273908 20.513463973999023 287
1757370273963 21.567583084106445 288
1757370274013 21.491004943847656 289
1757370274061 25.12544059753418 290
1757370274108 21.479028701782227 291
1757370274154 25.340604782104492 292
1757370274200 25.530399322509766 293
1757370274245 22.888751983642578 294
1757370274292 23.844974517822266 295
1757370274338 22.798364639282227 296
1757370274384 22.872591018676758 297
1757370274430 21.73469352722168 298
1757370274477 23.02556037902832 299
1757370281684 47.220245361328125 0
1757370281737 45.78705596923828 1
1757370281794 43.00276565551758 2
1757370281854 43.251739501953125 3
1757370281909 40.99111557006836 4
1757370281966 39.93959045410156 5
1757370282018 35.15402603149414 6
1757370282074 35.8598518371582 7
1757370282127 36.49666213989258 8
1757370282178 34.075927734375 9
1757370282230 34.31113815307617 10
1757370282283 31.655805587768555 11
1757370282334 31.40520477294922 12
1757370282387 31.0560359954834 13
1757370282444 25.845500946044922 14
1757370282500 24.39350128173828 15
1757370282554 26.801788330078125 16
1757370282609 26.372953414916992 17
1757370282661 25.370328903198242 18
1757370282716 21.985074996948242 19
1757370282769 26.85759735107422 20
1757370282825 26.692264556884766 21
1757370282877 27.49006462097168 22
1757370282930 29.73563003540039 23
1757370282981 23.069488525390625 24
1757370283033 25.85523796081543 25
1757370283084 28.030223846435547 26
1757370283135 24.386356353759766 27
1757370283186 25.002826690673828 28
1757370283238 23.2962589263916 29
1757370283288 24.356678009033203 30
1757370283335 25.495943069458008 31
1757370283382 26.595327377319336 32
1757370283429 24.18806266784668 33
1757370283480 24.639062881469727 34
1757370283533 22.92802619934082 35
1757370283581 25.777843475341797 36
1757370283631 24.977386474609375 37
1757370283677 26.472597122192383 38
1757370283723 22.85291862487793 39
1757370283770 25.21942901611328 40
1757370283817 20.21483039855957 41
1757370283868 27.1987361907959 42
1757370283919 23.06675148010254 43
1757370283970 21.683570861816406 44
1757370284022 24.19062614440918 45
1757370284078 21.620758056640625 46
1757370284131 24.259450912475586 47
1757370284181 24.297616958618164 48
1757370284228 29.09282112121582 49
1757370284274 26.316425323486328 50
1757370284321 25.045757293701172 51
1757370284366 24.43864631652832 52
1757370284412 24.00907325744629 53
1757370284463 20.128389358520508 54
1757370284515 18.46748161315918 55
1757370284567 28.013002395629883 56
1757370284613 23.26191520690918 57
1757370284665 26.6063232421875 58
1757370284715 24.723613739013672 59
1757370284768 25.07956314086914 60
1757370284821 24.577058792114258 61
1757370284874 22.04537010192871 62
1757370284926 27.08754539489746 63
1757370284990 23.332683563232422 64
1757370285041 23.158775329589844 65
1757370285092 21.374486923217773 66
1757370285141 21.364498138427734 67
1757370285188 27.53859519958496 68
1757370285236 26.66841697692871 69
1757370285286 25.65677261352539 70
1757370285342 19.009246826171875 71
1757370285388 26.005611419677734 72
1757370285434 24.26856803894043 73
1757370285486 21.146366119384766 74
1757370285532 25.406679153442383 75
1757370285584 28.82090187072754 76
1757370285634 24.471162796020508 77
1757370285679 22.22015953063965 78
1757370285725 23.66615104675293 79
1757370285771 22.884973526000977 80
1757370285817 23.3590145111084 81
1757370285863 25.332794189453125 82
1757370285910 24.555946350097656 83
1757370285955 26.37372589111328 84
1757370286001 25.309993743896484 85
1757370286046 24.32139778137207 86
1757370286092 23.497831344604492 87
1757370286138 25.92145538330078 88
1757370286184 26.135229110717773 89
1757370286230 25.50058364868164 90
1757370286276 23.67342185974121 91
1757370286322 25.113407135009766 92
1757370286368 27.044395446777344 93
1757370286414 22.96012306213379 94
1757370286459 22.664817810058594 95
1757370286509 26.706039428710938 96
1757370286557 21.56031608581543 97
1757370286604 26.92925262451172 98
1757370286649 24.57674217224121 99
1757370286696 22.73116111755371 100
1757370286742 25.602876663208008 101
1757370286787 25.74613380432129 102
1757370286833 22.89165687561035 103
1757370286883 22.892093658447266 104
1757370286929 25.117639541625977 105
1757370286978 25.414926528930664 106
1757370287033 23.42685317993164 107
1757370287084 25.498638153076172 108
1757370287130 26.285770416259766 109
1757370287181 23.71925926208496 110
1757370287227 25.833572387695312 111
1757370287272 21.05527687072754 112
1757370287318 24.229766845703125 113
1757370287364 24.10120391845703 114
1757370287410 24.977577209472656 115
1757370287455 20.544979095458984 116
1757370287501 23.194726943969727 117
1757370287547 23.842636108398438 118
1757370287625 23.962581634521484 119
1757370287690 21.374265670776367 120
1757370287738 24.137109756469727 121
1757370287786 24.080307006835938 122
1757370287833 27.879398345947266 123
1757370287884 25.010366439819336 124
1757370287930 21.328227996826172 125
1757370287977 26.78938102722168 126
1757370288022 25.749521255493164 127
1757370288068 22.5828857421875 128
1757370288115 25.015119552612305 129
1757370288162 22.88460350036621 130
1757370288208 23.84510612487793 131
1757370288254 22.55564308166504 132
1757370288300 19.534809112548828 133
1757370288348 22.181608200073242 134
1757370288395 22.128334045410156 135
1757370288445 26.05373191833496 136
1757370288492 20.85016632080078 137
1757370288538 25.3778076171875 138
1757370288585 25.510360717773438 139
1757370288631 23.564857482910156 140
1757370288677 23.903383255004883 141
1757370288724 21.028884887695312 142
1757370288771 24.547698974609375 143
1757370288819 19.609169006347656 144
1757370288866 27.81477165222168 145
1757370288912 25.593704223632812 146
1757370288964 23.768476486206055 147
1757370289011 22.97096061706543 148
1757370289057 23.29637908935547 149
1757370289104 26.13597297668457 150
1757370289151 21.761388778686523 151
1757370289202 24.007877349853516 152
1757370289253 24.83480453491211 153
1757370289305 20.341415405273438 154
1757370289353 23.14955711364746 155
1757370289399 25.5881404876709 156
1757370289446 21.54747200012207 157
1757370289495 24.300416946411133 158
1757370289545 25.496715545654297 159
1757370289592 23.934123992919922 160
1757370289641 23.823699951171875 161
1757370289689 28.677762985229492 162
1757370289738 22.475475311279297 163
1757370289785 23.934486389160156 164
1757370289832 22.069164276123047 165
1757370289879 21.329896926879883 166
1757370289929 24.017948150634766 167
1757370289980 21.057510375976562 168
1757370290031 23.613407135009766 169
1757370290077 25.571208953857422 170
1757370290124 23.03256607055664 171
1757370290170 21.80423355102539 172
1757370290217 22.982234954833984 173
1757370290263 24.93357276916504 174
1757370290310 22.544984817504883 175
1757370290362 22.65485954284668 176
1757370290409 25.458667755126953 177
1757370290455 20.83564567565918 178
1757370290501 25.14293098449707 179
1757370290547 22.224197387695312 180
1757370290593 25.035259246826172 181
1757370290639 23.395727157592773 182
1757370290684 27.74435043334961 183
1757370290730 25.051605224609375 184
1757370290776 25.014713287353516 185
1757370290821 25.01133918762207 186
1757370290868 20.41838264465332 187
1757370290916 22.089139938354492 188
1757370290967 21.940767288208008 189
1757370291014 29.095874786376953 190
1757370291060 22.508859634399414 191
1757370291107 24.071081161499023 192
1757370291154 22.287506103515625 193
1757370291200 19.42512321472168 194
1757370291247 22.00330352783203 195
1757370291293 23.7939510345459 196
1757370291340 20.896650314331055 197
1757370291387 22.144248962402344 198
1757370291433 25.38775634765625 199
1757370291482 24.659006118774414 200
1757370291528 25.446285247802734 201
1757370291574 23.70176124572754 202
1757370291621 22.321680068969727 203
1757370291667 22.51335334777832 204
1757370291714 27.68682098388672 205
1757370291761 22.27562713623047 206
1757370291807 20.176971435546875 207
1757370291854 20.47792625427246 208
1757370291901 24.498184204101562 209
1757370291948 24.874568939208984 210
1757370291995 28.179325103759766 211
1757370292041 19.075214385986328 212
1757370292087 25.40604591369629 213
1757370292134 23.34609031677246 214
1757370292182 20.29823112487793 215
1757370292229 22.52985382080078 216
1757370292280 25.654863357543945 217
1757370292331 24.625 218
1757370292377 24.63162612915039 219
1757370292424 21.462600708007812 220
1757370292471 23.31144142150879 221
1757370292517 23.791460037231445 222
1757370292565 25.581953048706055 223
1757370292612 25.280792236328125 224
1757370292658 23.254758834838867 225
1757370292704 20.732194900512695 226
1757370292750 22.3559627532959 227
1757370292797 23.710954666137695 228
1757370292843 22.083375930786133 229
1757370292890 23.932283401489258 230
1757370292936 24.30006980895996 231
1757370292984 21.713701248168945 232
1757370293030 25.58915901184082 233
1757370293076 23.273277282714844 234
1757370293122 23.130882263183594 235
1757370293169 25.48773765563965 236
1757370293215 25.964590072631836 237
1757370293261 24.201644897460938 238
1757370293308 22.534210205078125 239
1757370293354 26.81324577331543 240
1757370293404 21.95054817199707 241
1757370293451 20.95930290222168 242
1757370293497 21.26492691040039 243
1757370293543 25.235950469970703 244
1757370293589 26.35569190979004 245
1757370293647 23.4267578125 246
1757370293694 24.122907638549805 247
1757370293740 21.952674865722656 248
1757370293786 24.6187686920166 249
1757370293832 26.158855438232422 250
1757370293879 25.56831169128418 251
1757370293925 22.793209075927734 252
1757370293975 24.748050689697266 253
1757370294021 24.789003372192383 254
1757370294068 24.36026382446289 255
1757370294114 22.473783493041992 256
1757370294161 21.8155460357666 257
1757370294208 27.77008819580078 258
1757370294254 27.17024803161621 259
1757370294300 23.212236404418945 260
1757370294346 23.90935516357422 261
1757370294393 21.414691925048828 262
1757370294440 27.066932678222656 263
1757370294487 24.683027267456055 264
1757370294534 28.870906829833984 265
1757370294580 23.24806785583496 266
1757370294626 20.298593521118164 267
1757370294673 23.33529281616211 268
1757370294720 24.184141159057617 269
1757370294766 25.454118728637695 270
1757370294813 23.28704261779785 271
1757370294859 26.052335739135742 272
1757370294906 23.979230880737305 273
1757370294953 24.87187385559082 274
1757370295001 25.447391510009766 275
1757370295049 22.960966110229492 276
1757370295096 26.44159698486328 277
1757370295143 27.1230525970459 278
1757370295190 26.61391258239746 279
1757370295236 22.592374801635742 280
1757370295283 25.66864585876465 281
1757370295330 24.16193199157715 282
1757370295377 22.879554748535156 283
1757370295426 23.03502655029297 284
1757370295473 21.849885940551758 285
1757370295520 23.14418601989746 286
1757370295568 22.42865562438965 287
1757370295616 16.475412368774414 288
1757370295664 23.072349548339844 289
1757370295711 22.26291275024414 290
1757370295761 25.27345085144043 291
1757370295808 24.567895889282227 292
1757370295855 22.989009857177734 293
1757370295902 23.646799087524414 294
1757370295953 25.266773223876953 295
1757370296006 25.022356033325195 296
1757370296053 21.93050193786621 297
1757370296100 25.900991439819336 298
1757370296152 22.90171241760254 299
1757370306336 48.9385986328125 0
1757370306387 48.21823501586914 1
1757370306443 47.30311965942383 2
1757370306489 46.27043151855469 3
1757370306535 45.88088607788086 4
1757370306580 43.22726058959961 5
1757370306626 43.13829803466797 6
1757370306673 41.465396881103516 7
1757370306720 40.405296325683594 8
1757370306765 38.75114822387695 9
1757370306811 37.463134765625 10
1757370306857 38.86088562011719 11
1757370306903 31.830120086669922 12
1757370306949 31.136648178100586 13
1757370306996 31.364578247070312 14
1757370307042 28.9121036529541 15
1757370307089 29.716739654541016 16
1757370307136 25.495529174804688 17
1757370307182 25.130184173583984 18
1757370307228 23.664987564086914 19
1757370307273 26.41402816772461 20
1757370307319 22.373762130737305 21
1757370307365 26.376861572265625 22
1757370307411 23.274219512939453 23
1757370307457 23.01019287109375 24
1757370307504 25.23188591003418 25
1757370307550 26.29583168029785 26
1757370307602 22.30205535888672 27
1757370307648 24.291704177856445 28
1757370307694 25.581695556640625 29
1757370307739 23.736711502075195 30
1757370307786 27.389934539794922 31
1757370307831 23.69984245300293 32
1757370307877 24.925540924072266 33
1757370307923 22.968198776245117 34
1757370307969 21.217121124267578 35
1757370308015 21.131940841674805 36
1757370308077 25.217607498168945 37
1757370308128 22.610748291015625 38
1757370308174 21.383941650390625 39
1757370308220 17.580787658691406 40
1757370308266 23.303739547729492 41
1757370308312 19.676048278808594 42
1757370308358 25.682086944580078 43
1757370308404 22.72850227355957 44
1757370308455 23.71624755859375 45
1757370308502 22.681472778320312 46
1757370308547 19.514623641967773 47
1757370308593 23.89425277709961 48
1757370308639 23.73218536376953 49
1757370308685 24.356609344482422 50
1757370308731 20.891143798828125 51
1757370308777 20.753570556640625 52
1757370308830 20.272974014282227 53
1757370308876 20.372295379638672 54
1757370308922 18.930978775024414 55
1757370308968 21.520448684692383 56
1757370309015 21.658679962158203 57
1757370309061 24.10472297668457 58
1757370309107 20.40479278564453 59
1757370309153 26.63636016845703 60
1757370309200 18.69145393371582 61
1757370309253 25.269208908081055 62
1757370309381 23.617446899414062 63
1757370309440 22.847877502441406 64
1757370309494 24.732709884643555 65
1757370309541 21.224891662597656 66
1757370309587 24.5722713470459 67
1757370309635 24.124727249145508 68
1757370309681 20.337860107421875 69
1757370309727 24.706457138061523 70
1757370309774 17.217681884765625 71
1757370309820 20.026533126831055 72
1757370309871 22.68769645690918 73
1757370309921 22.590694427490234 74
1757370309966 19.6293888092041 75
1757370310013 22.556392669677734 76
1757370310059 23.115001678466797 77
1757370310106 20.083492279052734 78
1757370310154 21.864665985107422 79
1757370310201 22.625328063964844 80
1757370310247 20.166667938232422 81
1757370310295 21.56048583984375 82
1757370310341 23.79989242553711 83
1757370310387 19.058027267456055 84
1757370310448 20.384077072143555 85
1757370310495 20.550317764282227 86
1757370310547 18.154207229614258 87
1757370310594 17.595552444458008 88
1757370310642 22.332229614257812 89
1757370310688 21.551326751708984 90
1757370310733 24.10413932800293 91
1757370310779 20.658451080322266 92
1757370310825 22.507707595825195 93
1757370310872 23.522817611694336 94
1757370310918 24.53072738647461 95
1757370310964 23.74996566772461 96
1757370311016 16.78968620300293 97
1757370311063 20.098154067993164 98
1757370311110 20.19073486328125 99
1757370311155 21.48187828063965 100
1757370311203 21.30111312866211 101
1757370311249 20.651288986206055 102
1757370311296 24.79585838317871 103
1757370311343 24.96146011352539 104
1757370311390 17.87673568725586 105
1757370311438 22.117691040039062 106
1757370311484 22.8594970703125 107
1757370311531 22.359716415405273 108
1757370311577 20.96356773376465 109
1757370311623 21.674976348876953 110
1757370311670 21.477649688720703 111
1757370311722 18.588153839111328 112
1757370311769 22.89102554321289 113
1757370311816 24.12811279296875 114
1757370311868 20.141357421875 115
1757370311920 19.889755249023438 116
1757370311966 19.58140754699707 117
1757370312015 21.501554489135742 118
1757370312062 21.684091567993164 119
1757370312108 20.983543395996094 120
1757370312155 23.41632080078125 121
1757370312201 21.966060638427734 122
1757370312248 22.13399314880371 123
1757370312294 25.630022048950195 124
1757370312341 20.00499725341797 125
1757370312387 22.78160285949707 126
1757370312436 27.750425338745117 127
1757370312484 21.402713775634766 128
1757370312530 25.173158645629883 129
1757370312576 17.273786544799805 130
1757370312622 22.34865379333496 131
1757370312668 26.52220344543457 132
1757370312714 21.58374786376953 133
1757370312762 22.89242935180664 134
1757370312808 20.66265869140625 135
1757370312855 23.546653747558594 136
1757370312901 24.9707088470459 137
1757370312947 25.541635513305664 138
1757370312994 19.61530303955078 139
1757370313040 24.476673126220703 140
1757370313086 20.714862823486328 141
1757370313133 17.23869514465332 142
1757370313186 16.563308715820312 143
1757370313232 24.079063415527344 144
1757370313278 21.725839614868164 145
1757370313324 21.715269088745117 146
1757370313370 20.165851593017578 147
1757370313417 20.464078903198242 148
1757370313463 22.912885665893555 149
1757370313510 17.513919830322266 150
1757370313556 23.643383026123047 151
1757370313603 24.303979873657227 152
1757370313649 21.20074462890625 153
1757370313695 26.027015686035156 154
1757370313741 18.813404083251953 155
1757370313787 24.490873336791992 156
1757370313834 19.910093307495117 157
1757370313880 22.848249435424805 158
1757370313926 19.17200469970703 159
1757370313973 23.58163833618164 160
1757370314019 22.155410766601562 161
1757370314065 22.710905075073242 162
1757370314111 18.642093658447266 163
1757370314158 19.881834030151367 164
1757370314204 20.54556655883789 165
1757370314255 19.79862403869629 166
1757370314307 24.108915328979492 167
1757370314354 23.34585189819336 168
1757370314400 20.636295318603516 169
1757370314446 18.661174774169922 170
1757370314501 21.409870147705078 171
1757370314560 24.626527786254883 172
1757370314612 19.204177856445312 173
1757370314660 23.03816795349121 174
1757370314709 21.776145935058594 175
1757370314755 22.140504837036133 176
1757370314803 22.807159423828125 177
1757370314850 20.069515228271484 178
1757370314900 20.997018814086914 179
1757370314949 21.665477752685547 180
1757370315000 20.841934204101562 181
1757370315051 19.11372947692871 182
1757370315100 22.091848373413086 183
1757370315151 19.578561782836914 184
1757370315208 20.71704864501953 185
1757370315256 21.388328552246094 186
1757370315303 18.105173110961914 187
1757370315351 22.624248504638672 188
1757370315400 26.189390182495117 189
1757370315447 24.274219512939453 190
1757370315494 22.383840560913086 191
1757370315541 20.486059188842773 192
1757370315587 21.04891586303711 193
1757370315634 22.051450729370117 194
1757370315680 22.893991470336914 195
1757370315740 23.255413055419922 196
1757370315787 20.67803192138672 197
1757370315834 19.531312942504883 198
1757370315885 19.85704803466797 199
1757370315941 23.36121940612793 200
1757370315995 21.544370651245117 201
1757370316044 18.06295394897461 202
1757370316094 22.635395050048828 203
1757370316141 25.88368034362793 204
1757370316189 20.721969604492188 205
1757370316237 19.757572174072266 206
1757370316287 22.406282424926758 207
1757370316335 18.420379638671875 208
1757370316381 23.259498596191406 209
1757370316429 16.310415267944336 210
1757370316476 19.893062591552734 211
1757370316524 21.86488151550293 212
1757370316571 20.04215431213379 213
1757370316620 23.112865447998047 214
1757370316667 25.016542434692383 215
1757370316714 18.461450576782227 216
1757370316762 22.12948989868164 217
1757370316809 22.985149383544922 218
1757370316860 20.37945556640625 219
1757370316907 25.35788917541504 220
1757370316953 23.42386245727539 221
1757370317001 16.252622604370117 222
1757370317053 25.54401206970215 223
1757370317106 20.88041877746582 224
1757370317152 21.851598739624023 225
1757370317198 19.20009994506836 226
1757370317246 19.550403594970703 227
1757370317296 21.146345138549805 228
1757370317343 18.51411247253418 229
1757370317390 17.624042510986328 230
1757370317448 19.06329345703125 231
1757370317501 19.010379791259766 232
1757370317548 21.783967971801758 233
1757370317595 22.171306610107422 234
1757370317642 19.643644332885742 235
1757370317688 21.963085174560547 236
1757370317734 27.29310417175293 237
1757370317781 21.33775520324707 238
1757370317828 20.193832397460938 239
1757370317875 22.461280822753906 240
1757370317922 18.178213119506836 241
1757370317968 21.312591552734375 242
1757370318017 21.898561477661133 243
1757370318063 24.4633731842041 244
1757370318110 21.574758529663086 245
1757370318157 22.11093521118164 246
1757370318204 19.839813232421875 247
1757370318251 16.35343360900879 248
1757370318302 21.858142852783203 249
1757370318355 21.71283721923828 250
1757370318402 21.90435791015625 251
1757370318453 21.616601943969727 252
1757370318503 22.434425354003906 253
1757370318554 26.84200668334961 254
1757370318600 22.602476119995117 255
1757370318649 21.437103271484375 256
1757370318695 19.944021224975586 257
1757370318742 24.344514846801758 258
1757370318789 21.298254013061523 259
1757370318836 22.819576263427734 260
1757370318883 21.807819366455078 261
1757370318932 21.932723999023438 262
1757370318985 20.348005294799805 263
1757370319031 23.16560935974121 264
1757370319083 23.2880802154541 265
1757370319130 23.658201217651367 266
1757370319177 21.005809783935547 267
1757370319224 23.028636932373047 268
1757370319272 19.24118423461914 269
1757370319318 23.504362106323242 270
1757370319369 23.140810012817383 271
1757370319416 19.994226455688477 272
1757370319463 23.513011932373047 273
1757370319510 22.62812614440918 274
1757370319556 15.114537239074707 275
1757370319603 24.959928512573242 276
1757370319650 19.46519660949707 277
1757370319698 22.214149475097656 278
1757370319745 20.21217918395996 279
1757370319791 22.97913360595703 280
1757370319843 19.620080947875977 281
1757370319890 17.564075469970703 282
1757370319972 21.086151123046875 283
1757370320024 22.714143753051758 284
1757370320077 17.691144943237305 285
1757370320126 24.152244567871094 286
1757370320173 19.85858726501465 287
1757370320221 21.653535842895508 288
1757370320272 20.722278594970703 289
1757370320319 21.501087188720703 290
1757370320366 17.534839630126953 291
1757370320413 25.448083877563477 292
1757370320461 21.256704330444336 293
1757370320511 22.192697525024414 294
1757370320557 22.05183982849121 295
1757370320604 19.695035934448242 296
1757370320651 21.619447708129883 297
1757370320698 21.07982063293457 298
1757370320747 22.69926643371582 299
1757370331929 48.35474395751953 0
1757370331976 47.93843460083008 1
1757370332023 47.351505279541016 2
1757370332069 46.07627868652344 3
1757370332116 45.065616607666016 4
1757370332162 44.43253707885742 5
1757370332208 42.70970916748047 6
1757370332254 42.54978561401367 7
1757370332301 39.808860778808594 8
1757370332346 39.17744064331055 9
1757370332393 39.246559143066406 10
1757370332445 36.94264221191406 11
1757370332500 35.28908157348633 12
1757370332550 34.096397399902344 13
1757370332597 32.44679641723633 14
1757370332644 29.92702293395996 15
1757370332690 27.433162689208984 16
1757370332741 27.111543655395508 17
1757370332787 28.891170501708984 18
1757370332834 25.10485076904297 19
1757370332880 23.65369415283203 20
1757370332927 25.76478385925293 21
1757370332973 23.93935203552246 22
1757370333020 27.86235809326172 23
1757370333066 27.355205535888672 24
1757370333112 21.96311378479004 25
1757370333158 23.88669204711914 26
1757370333204 22.14495086669922 27
1757370333250 20.292537689208984 28
1757370333296 23.348438262939453 29
1757370333346 23.2113037109375 30
1757370333392 22.64451026916504 31
1757370333438 25.75846290588379 32
1757370333484 22.300556182861328 33
1757370333532 26.68219757080078 34
1757370333580 21.585166931152344 35
1757370333631 26.45962905883789 36
1757370333678 22.341392517089844 37
1757370333723 24.60047721862793 38
1757370333769 23.063318252563477 39
1757370333822 24.000112533569336 40
1757370333870 20.534395217895508 41
1757370333917 23.050636291503906 42
1757370333963 21.419795989990234 43
1757370334021 24.08424186706543 44
1757370334068 23.74799919128418 45
1757370334117 26.25806999206543 46
1757370334164 21.160114288330078 47
1757370334211 25.083126068115234 48
1757370334262 18.994321823120117 49
1757370334308 23.193899154663086 50
1757370334354 23.373844146728516 51
1757370334401 21.6207275390625 52
1757370334447 24.472328186035156 53
1757370334493 24.818172454833984 54
1757370334540 23.259857177734375 55
1757370334586 19.665321350097656 56
1757370334633 23.06428337097168 57
1757370334684 23.256832122802734 58
1757370334731 19.08222007751465 59
1757370334784 17.11039161682129 60
1757370334832 20.785425186157227 61
1757370334880 23.625732421875 62
1757370334927 25.077051162719727 63
1757370334973 23.186416625976562 64
1757370335027 19.814468383789062 65
1757370335073 26.521224975585938 66
1757370335121 23.212459564208984 67
1757370335168 23.294857025146484 68
1757370335215 23.426713943481445 69
1757370335261 22.62567138671875 70
1757370335309 23.554759979248047 71
1757370335355 24.91842269897461 72
1757370335401 21.90738296508789 73
1757370335449 19.618497848510742 74
1757370335497 23.86332893371582 75
1757370335552 21.28412628173828 76
1757370335599 21.96331214904785 77
1757370335647 19.073413848876953 78
1757370335694 27.030282974243164 79
1757370335741 22.178924560546875 80
1757370335788 19.79808807373047 81
1757370335835 21.21139907836914 82
1757370335882 25.30910301208496 83
1757370335934 24.890287399291992 84
1757370335983 22.19502830505371 85
1757370336037 22.026025772094727 86
1757370336083 23.0423641204834 87
1757370336133 21.634477615356445 88
1757370336184 18.29691505432129 89
1757370336235 27.06899070739746 90
1757370336286 22.175491333007812 91
1757370336336 25.020362854003906 92
1757370336384 20.58824348449707 93
1757370336435 22.95111846923828 94
1757370336483 18.91941261291504 95
1757370336537 21.302640914916992 96
1757370336585 22.95140266418457 97
1757370336632 23.34532928466797 98
1757370336679 19.105791091918945 99
1757370336725 22.760923385620117 100
1757370336773 23.692386627197266 101
1757370336820 24.8570556640625 102
1757370336870 19.850242614746094 103
1757370336917 20.71379280090332 104
1757370336963 22.595718383789062 105
1757370337011 17.76703643798828 106
1757370337059 24.74870491027832 107
1757370337112 21.671894073486328 108
1757370337159 22.419864654541016 109
1757370337206 21.208600997924805 110
1757370337254 20.625946044921875 111
1757370337300 21.90043830871582 112
1757370337348 20.375560760498047 113
1757370337400 27.485469818115234 114
1757370337447 20.65675163269043 115
1757370337494 23.339248657226562 116
1757370337541 24.405176162719727 117
1757370337589 21.169403076171875 118
1757370337640 22.155187606811523 119
1757370337686 21.748579025268555 120
1757370337733 21.485158920288086 121
1757370337786 25.106788635253906 122
1757370337833 20.333614349365234 123
1757370337886 27.069833755493164 124
1757370337932 23.02147102355957 125
1757370337979 18.42557716369629 126
1757370338026 20.01522445678711 127
1757370338072 22.870447158813477 128
1757370338123 25.181011199951172 129
1757370338169 20.5642147064209 130
1757370338218 22.822904586791992 131
1757370338265 21.3387508392334 132
1757370338311 23.95943260192871 133
1757370338357 23.843259811401367 134
1757370338405 23.86089324951172 135
1757370338452 23.77971076965332 136
1757370338501 25.863012313842773 137
1757370338553 23.115779876708984 138
1757370338602 20.046878814697266 139
1757370338648 19.239601135253906 140
1757370338700 21.84451675415039 141
1757370338746 19.664752960205078 142
1757370338793 20.56877326965332 143
1757370338839 21.69686508178711 144
1757370338885 17.477386474609375 145
1757370338932 22.861183166503906 146
1757370338979 22.092967987060547 147
1757370339032 21.29058837890625 148
1757370339079 22.402633666992188 149
1757370339131 27.782270431518555 150
1757370339181 21.037397384643555 151
1757370339228 24.5106143951416 152
1757370339275 18.737213134765625 153
1757370339321 24.236255645751953 154
1757370339368 24.058609008789062 155
1757370339417 20.053674697875977 156
1757370339464 22.2899112701416 157
1757370339516 27.06328010559082 158
1757370339563 21.634862899780273 159
1757370339610 21.85581398010254 160
1757370339658 22.029823303222656 161
1757370339705 22.992431640625 162
1757370339752 23.412694931030273 163
1757370339798 21.211116790771484 164
1757370339845 17.917430877685547 165
1757370339892 20.28333282470703 166
1757370339938 20.760726928710938 167
1757370339985 24.185312271118164 168
1757370340032 20.131147384643555 169
1757370340079 22.237579345703125 170
1757370340126 25.092533111572266 171
1757370340173 20.68181610107422 172
1757370340220 21.436214447021484 173
1757370340266 23.006799697875977 174
1757370340319 20.53693199157715 175
1757370340369 22.570268630981445 176
1757370340416 21.605194091796875 177
1757370340464 20.528690338134766 178
1757370340513 22.012210845947266 179
1757370340560 20.741727828979492 180
1757370340608 20.949262619018555 181
1757370340654 20.59673309326172 182
1757370340701 20.86992073059082 183
1757370340747 19.95550537109375 184
1757370340795 24.14749526977539 185
1757370340844 23.63224220275879 186
1757370340897 18.007028579711914 187
1757370340945 18.951284408569336 188
1757370340999 23.521589279174805 189
1757370341046 18.047744750976562 190
1757370341093 18.756969451904297 191
1757370341139 22.90270233154297 192
1757370341186 20.670345306396484 193
1757370341233 23.98818016052246 194
1757370341280 20.48720359802246 195
1757370341327 25.545757293701172 196
1757370341375 24.065799713134766 197
1757370341427 22.602325439453125 198
1757370341473 25.122684478759766 199
1757370341523 24.199310302734375 200
1757370341570 22.042530059814453 201
1757370341617 19.06703758239746 202
1757370341664 22.89345359802246 203
1757370341715 21.112709045410156 204
1757370341761 22.657398223876953 205
1757370341814 20.542125701904297 206
1757370341862 21.486303329467773 207
1757370341910 21.150230407714844 208
1757370341957 23.493637084960938 209
1757370342004 21.339754104614258 210
1757370342057 17.101482391357422 211
1757370342104 21.987010955810547 212
1757370342154 22.773679733276367 213
1757370342201 22.00594139099121 214
1757370342247 21.440521240234375 215
1757370342296 23.22661781311035 216
1757370342343 20.970163345336914 217
1757370342390 22.94856834411621 218
1757370342437 23.168243408203125 219
1757370342483 18.638858795166016 220
1757370342531 19.975261688232422 221
1757370342584 22.08960723876953 222
1757370342636 23.260942459106445 223
1757370342683 19.97964859008789 224
1757370342731 23.570539474487305 225
1757370342777 20.6522216796875 226
1757370342824 19.21295738220215 227
1757370342872 22.21021842956543 228
1757370342922 19.093780517578125 229
1757370342969 24.11006736755371 230
1757370343018 21.226058959960938 231
1757370343071 23.488662719726562 232
1757370343124 22.51795196533203 233
1757370343177 23.859756469726562 234
1757370343223 19.888608932495117 235
1757370343270 17.44671630859375 236
1757370343317 22.30040168762207 237
1757370343363 22.1900634765625 238
1757370343410 18.055341720581055 239
1757370343456 21.31959342956543 240
1757370343505 24.766687393188477 241
1757370343553 21.864442825317383 242
1757370343602 22.32288932800293 243
1757370343655 21.594589233398438 244
1757370343702 21.76448631286621 245
1757370343748 16.351512908935547 246
1757370343798 24.830753326416016 247
1757370343850 23.945125579833984 248
1757370343904 20.10810661315918 249
1757370343962 25.07340431213379 250
1757370344097 24.650127410888672 251
1757370344434 25.824567794799805 252
1757370344493 20.02457618713379 253
1757370344557 19.264110565185547 254
1757370344612 22.867454528808594 255
1757370344664 21.574277877807617 256
1757370344712 23.547409057617188 257
1757370344761 20.09712028503418 258
1757370344808 22.468334197998047 259
1757370344858 25.01043128967285 260
1757370344906 22.656230926513672 261
1757370344953 20.457767486572266 262
1757370345002 20.584896087646484 263
1757370345049 21.905574798583984 264
1757370345096 19.68253517150879 265
1757370345143 23.20522117614746 266
1757370345189 25.497026443481445 267
1757370345237 18.40279197692871 268
1757370345287 20.643131256103516 269
1757370345334 18.377901077270508 270
1757370345381 23.76133155822754 271
1757370345428 24.446197509765625 272
1757370345475 21.128978729248047 273
1757370345529 19.56978988647461 274
1757370345577 22.420541763305664 275
1757370345625 22.93491554260254 276
1757370345672 21.37933921813965 277
1757370345721 21.438899993896484 278
1757370345768 23.993892669677734 279
1757370345815 25.509613037109375 280
1757370345868 22.961078643798828 281
1757370345919 23.290122985839844 282
1757370345970 21.67499351501465 283
1757370346019 24.6862850189209 284
1757370346066 23.58651351928711 285
1757370346115 23.526453018188477 286
1757370346167 21.39284324645996 287
1757370346214 22.59913444519043 288
1757370346261 22.203540802001953 289
1757370346308 26.575361251831055 290
1757370346354 21.9211483001709 291
1757370346400 19.604127883911133 292
1757370346447 20.264354705810547 293
1757370346494 22.396728515625 294
1757370346540 21.77340316772461 295
1757370346587 25.064130783081055 296
1757370346636 19.917367935180664 297
1757370346684 23.039154052734375 298
1757370346731 22.74083137512207 299
1757370357921 50.18778610229492 0
1757370357971 50.075782775878906 1
1757370358019 49.926692962646484 2
1757370358069 49.497528076171875 3
1757370358117 48.52783966064453 4
1757370358166 47.77113723754883 5
1757370358214 46.39876174926758 6
1757370358262 46.36901092529297 7
1757370358311 46.129634857177734 8
1757370358360 43.92146682739258 9
1757370358409 43.329811096191406 10
1757370358457 42.20508575439453 11
1757370358505 39.9127197265625 12
1757370358560 41.085060119628906 13
1757370358609 40.88298797607422 14
1757370358659 39.6582145690918 15
1757370358714 37.68730163574219 16
1757370358763 38.08024215698242 17
1757370358812 39.863494873046875 18
1757370358860 36.72658920288086 19
1757370358908 34.88489532470703 20
1757370358956 34.38908386230469 21
1757370359005 35.49219512939453 22
1757370359053 35.8284912109375 23
1757370359102 32.90609359741211 24
1757370359151 25.923748016357422 25
1757370359199 32.341529846191406 26
1757370359248 32.198123931884766 27
1757370359300 25.34173011779785 28
1757370359351 27.969938278198242 29
1757370359399 28.24845314025879 30
1757370359448 30.926910400390625 31
1757370359496 34.534358978271484 32
1757370359547 29.195249557495117 33
1757370359601 29.655216217041016 34
1757370359649 28.667091369628906 35
1757370359697 26.07567596435547 36
1757370359746 26.920238494873047 37
1757370359794 33.02843475341797 38
1757370359842 28.37516212463379 39
1757370359890 28.829910278320312 40
1757370359938 29.2353458404541 41
1757370359986 32.57841110229492 42
1757370360035 32.13018035888672 43
1757370360083 30.750469207763672 44
1757370360131 28.186187744140625 45
1757370360180 26.73601722717285 46
1757370360230 22.804025650024414 47
1757370360280 32.24247741699219 48
1757370360328 28.93915557861328 49
1757370360376 21.86920166015625 50
1757370360425 28.24315071105957 51
1757370360473 27.301897048950195 52
1757370360522 25.604970932006836 53
1757370360571 28.286497116088867 54
1757370360620 28.183622360229492 55
1757370360670 25.83192253112793 56
1757370360719 33.223487854003906 57
1757370360767 27.753408432006836 58
1757370360821 27.82857894897461 59
1757370360875 28.360719680786133 60
1757370360929 30.55574607849121 61
1757370360980 25.81923484802246 62
1757370361030 23.942325592041016 63
1757370361082 25.180194854736328 64
1757370361133 25.88006591796875 65
1757370361183 33.94266128540039 66
1757370361232 28.799367904663086 67
1757370361281 32.32221984863281 68
1757370361331 28.84485626220703 69
1757370361380 28.632654190063477 70
1757370361429 28.75177001953125 71
1757370361478 31.011741638183594 72
1757370361527 28.551509857177734 73
1757370361576 27.20848274230957 74
1757370361626 23.59765625 75
1757370361681 28.147991180419922 76
1757370361730 26.658811569213867 77
1757370361778 28.619102478027344 78
1757370361826 27.360912322998047 79
1757370361875 28.898466110229492 80
1757370361924 23.076053619384766 81
1757370361973 29.632835388183594 82
1757370362024 29.740989685058594 83
1757370362073 27.907419204711914 84
1757370362122 27.06826400756836 85
1757370362170 22.77679443359375 86
1757370362222 25.902976989746094 87
1757370362271 32.16002655029297 88
1757370362320 25.929006576538086 89
1757370362369 25.885269165039062 90
1757370362417 23.182737350463867 91
1757370362466 28.93841552734375 92
1757370362515 26.908763885498047 93
1757370362570 30.209856033325195 94
1757370362625 34.01972961425781 95
1757370362675 27.20863151550293 96
1757370362725 28.626134872436523 97
1757370362774 24.821725845336914 98
1757370362825 28.072179794311523 99
1757370362874 29.940784454345703 100
1757370362923 27.991546630859375 101
1757370362972 27.26596450805664 102
1757370363028 30.991018295288086 103
1757370363081 27.646278381347656 104
1757370363130 24.35198211669922 105
1757370363180 24.110158920288086 106
1757370363230 25.121673583984375 107
1757370363280 30.69552230834961 108
1757370363329 24.58003044128418 109
1757370363379 24.151643753051758 110
1757370363427 23.310590744018555 111
1757370363476 29.149539947509766 112
1757370363525 25.543315887451172 113
1757370363580 27.05482292175293 114
1757370363638 28.613529205322266 115
1757370363697 26.4636173248291 116
1757370363748 31.627962112426758 117
1757370363799 30.019119262695312 118
1757370363848 32.542667388916016 119
1757370363897 29.989778518676758 120
1757370363946 28.323415756225586 121
1757370363995 30.822927474975586 122
1757370364052 26.269758224487305 123
1757370364104 28.45538330078125 124
1757370364153 23.92406463623047 125
1757370364203 29.063356399536133 126
1757370364253 23.538867950439453 127
1757370364302 25.83165168762207 128
1757370364353 27.945648193359375 129
1757370364405 31.187782287597656 130
1757370364456 23.656057357788086 131
1757370364506 27.623023986816406 132
1757370364557 27.261417388916016 133
1757370364606 25.22826385498047 134
1757370364660 32.43681335449219 135
1757370364709 24.625823974609375 136
1757370364759 26.81310272216797 137
1757370364808 24.03465461730957 138
1757370364857 27.583812713623047 139
1757370364905 24.82093048095703 140
1757370364954 28.780933380126953 141
1757370365012 30.556224822998047 142
1757370365064 24.92043685913086 143
1757370365113 28.762739181518555 144
1757370365162 28.206193923950195 145
1757370365210 28.83875846862793 146
1757370365259 25.669090270996094 147
1757370365308 28.131328582763672 148
1757370365357 29.28112030029297 149
1757370365406 27.30463409423828 150
1757370365454 29.179073333740234 151
1757370365503 29.623477935791016 152
1757370365559 21.358989715576172 153
1757370365609 26.645484924316406 154
1757370365664 24.349361419677734 155
1757370365712 28.021760940551758 156
1757370365761 27.17109489440918 157
1757370365812 28.343889236450195 158
1757370365862 22.0900936126709 159
1757370365910 27.044103622436523 160
1757370365959 32.80072784423828 161
1757370366007 27.078115463256836 162
1757370366057 25.599172592163086 163
1757370366138 28.786008834838867 164
1757370366189 30.455930709838867 165
1757370366244 28.640399932861328 166
1757370366298 27.721525192260742 167
1757370366347 28.890663146972656 168
1757370366395 29.22721290588379 169
1757370366444 24.779281616210938 170
1757370366492 28.006921768188477 171
1757370366546 27.63096809387207 172
1757370366594 25.362812042236328 173
1757370366643 21.441463470458984 174
1757370366691 26.69903564453125 175
1757370366739 29.24448013305664 176
1757370366789 27.374670028686523 177
1757370366837 27.013347625732422 178
1757370366886 25.99744415283203 179
1757370366934 25.54786491394043 180
1757370366983 27.743877410888672 181
1757370367036 25.30136489868164 182
1757370367092 26.39856719970703 183
1757370367148 28.736257553100586 184
1757370367199 28.6455078125 185
1757370367249 29.710956573486328 186
1757370367305 24.79654884338379 187
1757370367358 28.094253540039062 188
1757370367408 33.84275436401367 189
1757370367458 24.915016174316406 190
1757370367506 25.57745933532715 191
1757370367559 27.526578903198242 192
1757370367608 26.79384422302246 193
1757370367656 23.922927856445312 194
1757370367706 29.070695877075195 195
1757370367756 31.164875030517578 196
1757370367805 31.36977767944336 197
1757370367853 26.249929428100586 198
1757370367904 21.350006103515625 199
1757370367960 24.739505767822266 200
1757370368017 28.011871337890625 201
1757370368067 23.522911071777344 202
1757370368117 26.55255699157715 203
1757370368167 27.303543090820312 204
1757370368221 25.45332908630371 205
1757370368271 24.864694595336914 206
1757370368321 27.509052276611328 207
1757370368370 31.74571990966797 208
1757370368419 25.71901512145996 209
1757370368472 25.295452117919922 210
1757370368526 26.090505599975586 211
1757370368576 23.944480895996094 212
1757370368626 29.31212043762207 213
1757370368676 30.246150970458984 214
1757370368726 27.439937591552734 215
1757370368776 22.622562408447266 216
1757370368825 26.794090270996094 217
1757370368875 32.68288040161133 218
1757370368932 23.560028076171875 219
1757370368984 26.17943000793457 220
1757370369033 23.725486755371094 221
1757370369082 27.375038146972656 222
1757370369132 26.919065475463867 223
1757370369181 24.78475570678711 224
1757370369236 25.07339096069336 225
1757370369329 24.015682220458984 226
1757370369385 27.155704498291016 227
1757370369435 28.73849105834961 228
1757370369486 32.480594635009766 229
1757370369536 22.15610694885254 230
1757370369585 28.398967742919922 231
1757370369635 26.455278396606445 232
1757370369685 26.469167709350586 233
1757370369736 24.566280364990234 234
1757370369785 27.86806297302246 235
1757370369834 26.050687789916992 236
1757370369895 30.033260345458984 237
1757370369957 25.71304702758789 238
1757370370025 27.690486907958984 239
1757370370076 26.737152099609375 240
1757370370125 27.620859146118164 241
1757370370175 27.974586486816406 242
1757370370225 29.0114688873291 243
1757370370274 20.70755386352539 244
1757370370323 27.102447509765625 245
1757370370373 25.679065704345703 246
1757370370423 25.163738250732422 247
1757370370472 21.987693786621094 248
1757370370521 23.146738052368164 249
1757370370576 30.716930389404297 250
1757370370629 26.4567813873291 251
1757370370678 24.105058670043945 252
1757370370729 26.55886459350586 253
1757370370778 24.188077926635742 254
1757370370828 27.179367065429688 255
1757370370878 22.232406616210938 256
1757370370929 29.243724822998047 257
1757370370978 31.51433753967285 258
1757370371028 27.48301887512207 259
1757370371080 23.212642669677734 260
1757370371132 30.364055633544922 261
1757370371183 20.985881805419922 262
1757370371232 23.110477447509766 263
1757370371282 26.59073829650879 264
1757370371331 29.232004165649414 265
1757370371380 30.822294235229492 266
1757370371429 29.864261627197266 267
1757370371478 26.801101684570312 268
1757370371528 31.26181983947754 269
1757370371581 26.675565719604492 270
1757370371630 27.74308204650879 271
1757370371679 24.01576805114746 272
1757370371730 33.59560012817383 273
1757370371779 30.263931274414062 274
1757370371828 27.45566749572754 275
1757370371882 25.94106101989746 276
1757370371931 27.470481872558594 277
1757370371981 23.63121795654297 278
1757370372035 28.275300979614258 279
1757370372089 23.77908706665039 280
1757370372140 29.777788162231445 281
1757370372191 28.815549850463867 282
1757370372246 25.94395637512207 283
1757370372302 28.85063362121582 284
1757370372353 26.489194869995117 285
1757370372402 26.316564559936523 286
1757370372457 29.00592041015625 287
1757370372513 24.1793212890625 288
1757370372563 25.80807113647461 289
1757370372612 27.076128005981445 290
1757370372661 25.170406341552734 291
1757370372710 29.209985733032227 292
1757370372760 27.73626136779785 293
1757370372809 22.740774154663086 294
1757370372858 29.673320770263672 295
1757370372907 25.905500411987305 296
1757370372957 22.871912002563477 297
1757370373007 32.14271926879883 298
1757370373056 24.963258743286133 299
1757370385250 47.31330871582031 0
1757370385308 45.0745849609375 1
1757370385356 44.735992431640625 2
1757370385404 41.711334228515625 3
1757370385458 40.64387512207031 4
1757370385506 37.59860610961914 5
1757370385557 35.036842346191406 6
1757370385605 32.34285354614258 7
1757370385659 34.96752166748047 8
1757370385708 29.38532829284668 9
1757370385761 29.677188873291016 10
1757370385810 29.853099822998047 11
1757370385859 31.35196304321289 12
1757370385908 30.8306827545166 13
1757370385956 28.76387596130371 14
1757370386005 24.3200626373291 15
1757370386064 33.788665771484375 16
1757370386112 31.8623104095459 17
1757370386160 27.43107795715332 18
1757370386209 30.482372283935547 19
1757370386256 30.24542999267578 20
1757370386306 29.231714248657227 21
1757370386354 29.89335060119629 22
1757370386409 27.52748680114746 23
1757370386457 28.704740524291992 24
1757370386505 29.317642211914062 25
1757370386554 26.855648040771484 26
1757370386625 26.235145568847656 27
1757370386674 26.241443634033203 28
1757370386723 30.82084083557129 29
1757370386772 27.91684913635254 30
1757370386821 28.219213485717773 31
1757370386871 24.43120002746582 32
1757370386922 29.781909942626953 33
1757370386979 25.67135238647461 34
1757370387028 25.501928329467773 35
1757370387082 29.044872283935547 36
1757370387133 29.475780487060547 37
1757370387184 25.973539352416992 38
1757370387237 28.569873809814453 39
1757370387289 25.923383712768555 40
1757370387338 26.235137939453125 41
1757370387386 29.595537185668945 42
1757370387434 28.787322998046875 43
1757370387484 25.337575912475586 44
1757370387532 24.462060928344727 45
1757370387583 24.507383346557617 46
1757370387632 27.25417137145996 47
1757370387680 29.35856056213379 48
1757370387729 23.238574981689453 49
1757370387777 27.843149185180664 50
1757370387826 28.495513916015625 51
1757370387874 25.966997146606445 52
1757370387922 26.300853729248047 53
1757370387971 28.989301681518555 54
1757370388019 25.795013427734375 55
1757370388070 27.29714012145996 56
1757370388124 25.921932220458984 57
1757370388183 25.93416976928711 58
1757370388237 26.30062484741211 59
1757370388291 31.722564697265625 60
1757370388346 31.015546798706055 61
1757370388394 27.991714477539062 62
1757370388442 24.774993896484375 63
1757370388491 27.243072509765625 64
1757370388539 23.615385055541992 65
1757370388594 28.15097999572754 66
1757370388643 29.164844512939453 67
1757370388699 26.844085693359375 68
1757370388749 24.451824188232422 69
1757370388803 27.537256240844727 70
1757370388854 23.432905197143555 71
1757370388903 27.93343734741211 72
1757370388957 27.68586540222168 73
1757370389006 28.146690368652344 74
1757370389055 28.375141143798828 75
1757370389103 28.878856658935547 76
1757370389152 26.452489852905273 77
1757370389201 25.07107162475586 78
1757370389249 25.99660301208496 79
1757370389298 28.319766998291016 80
1757370389348 23.70302963256836 81
1757370389403 26.18130874633789 82
1757370389453 26.85400390625 83
1757370389502 26.971689224243164 84
1757370389551 27.509746551513672 85
1757370389601 29.82765007019043 86
1757370389651 30.4079647064209 87
1757370389706 24.040863037109375 88
1757370389756 25.58833885192871 89
1757370389805 28.3365535736084 90
1757370389854 27.639570236206055 91
1757370389905 25.22776222229004 92
1757370389958 27.601675033569336 93
1757370390007 26.752376556396484 94
1757370390056 29.68391227722168 95
1757370390110 26.53936004638672 96
1757370390160 27.611953735351562 97
1757370390210 29.56814956665039 98
1757370390272 24.47626495361328 99
1757370390339 23.78471565246582 100
1757370390388 28.56015968322754 101
1757370390437 28.528593063354492 102
1757370390487 22.3374080657959 103
1757370390537 29.622257232666016 104
1757370390587 27.9813175201416 105
1757370390637 27.05386734008789 106
1757370390687 27.704837799072266 107
1757370390736 25.619722366333008 108
1757370390785 27.012836456298828 109
1757370390835 26.421405792236328 110
1757370390884 25.03385353088379 111
1757370390937 24.76749610900879 112
1757370390994 26.571319580078125 113
1757370391048 27.643497467041016 114
1757370391118 22.85371208190918 115
1757370391172 27.431489944458008 116
1757370391224 25.184730529785156 117
1757370391273 23.09695053100586 118
1757370391325 27.1674747467041 119
1757370391381 22.094303131103516 120
1757370391430 24.282405853271484 121
1757370391481 27.257274627685547 122
1757370391531 30.597900390625 123
1757370391581 22.90949249267578 124
1757370391630 27.076810836791992 125
1757370391681 29.743759155273438 126
1757370391735 28.375410079956055 127
1757370391790 25.393110275268555 128
1757370391843 29.53389549255371 129
1757370391892 26.170848846435547 130
1757370391941 26.662635803222656 131
1757370391990 29.6165828704834 132
1757370392040 24.899057388305664 133
1757370392091 26.244049072265625 134
1757370392140 28.220909118652344 135
1757370392190 27.08568000793457 136
1757370392240 28.58510398864746 137
1757370392294 28.944488525390625 138
1757370392344 26.887088775634766 139
1757370392394 29.481342315673828 140
1757370392447 29.377910614013672 141
1757370392496 26.29841423034668 142
1757370392547 27.067651748657227 143
1757370392597 25.016300201416016 144
1757370392646 24.393369674682617 145
1757370392695 25.35938835144043 146
1757370392744 26.02869987487793 147
1757370392793 27.872119903564453 148
1757370392848 26.605649948120117 149
1757370392898 25.632593154907227 150
1757370392947 25.17763328552246 151
1757370392996 29.851688385009766 152
1757370393046 25.358856201171875 153
1757370393096 26.22740936279297 154
1757370393147 28.595218658447266 155
1757370393196 30.398149490356445 156
1757370393245 27.76368522644043 157
1757370393294 23.93048858642578 158
1757370393343 24.482669830322266 159
1757370393392 27.743207931518555 160
1757370393441 25.696611404418945 161
1757370393490 25.10784149169922 162
1757370393539 24.97357749938965 163
1757370393589 26.336151123046875 164
1757370393638 24.720487594604492 165
1757370393687 23.87062644958496 166
1757370393741 27.281709671020508 167
1757370393790 26.09693717956543 168
1757370393846 29.24757194519043 169
1757370393900 27.007503509521484 170
1757370393949 25.045942306518555 171
1757370393997 24.558879852294922 172
1757370394047 27.77181053161621 173
1757370394105 25.4324893951416 174
1757370394154 23.455387115478516 175
1757370394204 27.26778221130371 176
1757370394256 27.15780258178711 177
1757370394305 24.41050148010254 178
1757370394371 27.29033088684082 179
1757370394419 23.401058197021484 180
1757370394468 26.876277923583984 181
1757370394517 26.608491897583008 182
1757370394566 25.249343872070312 183
1757370394622 27.82868766784668 184
1757370394675 24.26036262512207 185
1757370394731 26.876039505004883 186
1757370394785 28.695186614990234 187
1757370394839 25.740253448486328 188
1757370394892 26.61989402770996 189
1757370394949 26.0228328704834 190
1757370395002 25.771682739257812 191
1757370395056 23.77954864501953 192
1757370395115 26.178226470947266 193
1757370395172 27.00688934326172 194
1757370395227 25.58389663696289 195
1757370395277 29.338687896728516 196
1757370395327 29.421573638916016 197
1757370395379 27.120389938354492 198
1757370395427 27.650653839111328 199
1757370395476 25.543437957763672 200
1757370395525 29.54649543762207 201
1757370395574 28.570926666259766 202
1757370395623 24.101566314697266 203
1757370395671 25.797027587890625 204
1757370395720 26.187170028686523 205
1757370395771 27.38518524169922 206
1757370395820 25.73405647277832 207
1757370395875 25.645343780517578 208
1757370395926 24.983760833740234 209
1757370395979 23.657283782958984 210
1757370396027 29.171323776245117 211
1757370396077 21.013994216918945 212
1757370396128 26.646697998046875 213
1757370396177 24.91297721862793 214
1757370396226 29.042001724243164 215
1757370396275 24.945735931396484 216
1757370396324 25.81322479248047 217
1757370396379 29.789844512939453 218
1757370396428 28.09514045715332 219
1757370396477 21.86220359802246 220
1757370396531 24.796777725219727 221
1757370396582 25.6779727935791 222
1757370396631 27.23002815246582 223
1757370396680 26.292455673217773 224
1757370396729 26.855308532714844 225
1757370396778 29.70726203918457 226
1757370396832 30.659223556518555 227
1757370396880 25.992740631103516 228
1757370396935 24.950468063354492 229
1757370396984 25.821325302124023 230
1757370397033 25.462215423583984 231
1757370397082 27.31374168395996 232
1757370397131 27.196441650390625 233
1757370397188 25.74595832824707 234
1757370397244 25.105031967163086 235
1757370397294 26.503549575805664 236
1757370397344 24.162803649902344 237
1757370397394 24.702451705932617 238
1757370397443 26.135883331298828 239
1757370397498 24.801109313964844 240
1757370397547 27.194984436035156 241
1757370397600 28.943822860717773 242
1757370397649 27.896406173706055 243
1757370397699 26.887035369873047 244
1757370397749 23.030216217041016 245
1757370397799 25.77825164794922 246
1757370397848 26.317163467407227 247
1757370397897 27.5060977935791 248
1757370397946 22.954038619995117 249
1757370397995 26.256118774414062 250
1757370398044 25.285634994506836 251
1757370398100 32.390506744384766 252
1757370398150 28.153236389160156 253
1757370398199 27.2607364654541 254
1757370398248 22.819265365600586 255
1757370398304 26.72231101989746 256
1757370398360 24.83144187927246 257
1757370398408 25.6226806640625 258
1757370398457 26.619815826416016 259
1757370398515 27.249082565307617 260
1757370398564 27.439571380615234 261
1757370398613 23.758480072021484 262
1757370398662 27.997962951660156 263
1757370398711 27.792787551879883 264
1757370398764 25.544845581054688 265
1757370398813 23.955020904541016 266
1757370398863 24.436182022094727 267
1757370398916 28.140708923339844 268
1757370398966 25.8577938079834 269
1757370399016 26.2965145111084 270
1757370399065 25.72990608215332 271
1757370399115 29.2274169921875 272
1757370399165 22.24733543395996 273
1757370399214 24.050952911376953 274
1757370399264 29.0462646484375 275
1757370399313 25.82228660583496 276
1757370399365 28.27802276611328 277
1757370399415 26.234317779541016 278
1757370399465 27.05936622619629 279
1757370399513 28.340917587280273 280
1757370399563 29.246822357177734 281
1757370399613 26.69088363647461 282
1757370399662 25.73981475830078 283
1757370399711 23.82887840270996 284
1757370399761 29.052825927734375 285
1757370399811 26.895084381103516 286
1757370399862 26.764911651611328 287
1757370399911 25.288843154907227 288
1757370399961 26.79825782775879 289
1757370400011 30.03034782409668 290
1757370400061 26.330440521240234 291
1757370400112 26.08308219909668 292
1757370400164 26.09120750427246 293
1757370400213 25.108179092407227 294
1757370400263 25.505008697509766 295
1757370400318 24.93727684020996 296
1757370400369 26.71159553527832 297
1757370400421 22.689599990844727 298
1757370400470 28.811260223388672 299
1757370410651 49.86880111694336 0
1757370410701 49.05329895019531 1
1757370410757 48.03827667236328 2
1757370410805 45.82323455810547 3
1757370410854 44.8009033203125 4
1757370410902 42.803524017333984 5
1757370410950 42.00883865356445 6
1757370410999 39.84695053100586 7
1757370411047 38.620296478271484 8
1757370411099 37.06943893432617 9
1757370411147 35.64889144897461 10
1757370411195 36.556575775146484 11
1757370411243 35.02131652832031 12
1757370411292 36.005210876464844 13
1757370411341 30.944490432739258 14
1757370411390 30.910017013549805 15
1757370411438 31.57745933532715 16
1757370411487 27.90760040283203 17
1757370411535 30.45293426513672 18
1757370411583 28.100740432739258 19
1757370411631 26.464502334594727 20
1757370411680 26.40647315979004 21
1757370411728 27.709688186645508 22
1757370411776 28.556827545166016 23
1757370411825 29.715505599975586 24
1757370411874 24.671409606933594 25
1757370411924 31.48224449157715 26
1757370411972 26.98587417602539 27
1757370412021 26.975385665893555 28
1757370412070 27.86415672302246 29
1757370412118 28.852025985717773 30
1757370412167 24.840686798095703 31
1757370412216 25.96787452697754 32
1757370412266 27.421199798583984 33
1757370412315 25.467933654785156 34
1757370412364 27.99015235900879 35
1757370412413 26.09303855895996 36
1757370412461 30.99578857421875 37
1757370412510 25.095905303955078 38
1757370412560 29.766071319580078 39
1757370412608 27.858173370361328 40
1757370412658 24.527273178100586 41
1757370412707 28.34984016418457 42
1757370412755 26.5799560546875 43
1757370412808 28.80308723449707 44
1757370412867 29.51124382019043 45
1757370412917 27.548765182495117 46
1757370412965 31.37169075012207 47
1757370413016 27.024457931518555 48
1757370413065 27.684011459350586 49
1757370413121 32.85035705566406 50
1757370413171 28.05721092224121 51
1757370413220 26.581411361694336 52
1757370413269 28.281972885131836 53
1757370413318 29.23233985900879 54
1757370413373 25.980358123779297 55
1757370413427 28.893526077270508 56
1757370413476 28.220157623291016 57
1757370413525 27.44810676574707 58
1757370413573 26.483272552490234 59
1757370413623 28.250905990600586 60
1757370413673 28.164043426513672 61
1757370413726 26.087688446044922 62
1757370413782 28.88321876525879 63
1757370413836 30.423364639282227 64
1757370413885 27.0908260345459 65
1757370413936 31.103137969970703 66
1757370413984 28.272581100463867 67
1757370414038 24.27130126953125 68
1757370414096 26.566627502441406 69
1757370414150 27.80147933959961 70
1757370414206 27.686307907104492 71
1757370414265 28.680879592895508 72
1757370414321 26.212417602539062 73
1757370414377 25.376379013061523 74
1757370414433 26.819116592407227 75
1757370414489 27.817228317260742 76
1757370414542 32.05610275268555 77
1757370414594 30.6975040435791 78
1757370414654 28.137794494628906 79
1757370414703 27.88437843322754 80
1757370414752 25.360713958740234 81
1757370414801 28.643972396850586 82
1757370414850 27.531021118164062 83
1757370414899 28.701871871948242 84
1757370414947 26.40255355834961 85
1757370414996 24.319589614868164 86
1757370415044 24.438304901123047 87
1757370415097 27.418079376220703 88
1757370415146 26.629451751708984 89
1757370415195 27.418725967407227 90
1757370415245 30.933683395385742 91
1757370415293 29.42363739013672 92
1757370415342 27.761844635009766 93
1757370415391 26.830724716186523 94
1757370415440 33.02428436279297 95
1757370415489 28.853246688842773 96
1757370415549 28.345319747924805 97
1757370415611 26.268178939819336 98
1757370415661 26.72402572631836 99
1757370415711 24.578107833862305 100
1757370415766 26.798675537109375 101
1757370415818 26.347517013549805 102
1757370415870 23.651958465576172 103
1757370415922 27.405384063720703 104
1757370415979 27.20123863220215 105
1757370416029 28.167695999145508 106
1757370416079 26.8588924407959 107
1757370416130 27.210866928100586 108
1757370416192 27.163999557495117 109
1757370416249 29.864233016967773 110
1757370416304 26.935020446777344 111
1757370416354 29.080005645751953 112
1757370416410 26.114234924316406 113
1757370416460 26.471559524536133 114
1757370416508 29.712839126586914 115
1757370416558 25.885648727416992 116
1757370416612 28.459177017211914 117
1757370416662 25.073637008666992 118
1757370416711 29.25401496887207 119
1757370416760 30.242685317993164 120
1757370416809 28.56098175048828 121
1757370416859 26.088197708129883 122
1757370416908 24.91888999938965 123
1757370416956 27.76772689819336 124
1757370417005 26.866788864135742 125
1757370417053 28.083999633789062 126
1757370417108 29.147375106811523 127
1757370417157 25.214017868041992 128
1757370417205 27.532936096191406 129
1757370417254 29.943613052368164 130
1757370417303 26.7553768157959 131
1757370417352 24.687768936157227 132
1757370417401 27.739383697509766 133
1757370417452 31.3518123626709 134
1757370417500 27.770254135131836 135
1757370417549 28.46180534362793 136
1757370417598 26.43998908996582 137
1757370417646 28.088054656982422 138
1757370417695 29.837614059448242 139
1757370417744 27.810531616210938 140
1757370417792 28.029874801635742 141
1757370417842 23.974403381347656 142
1757370417891 27.168970108032227 143
1757370417941 24.90386962890625 144
1757370417990 26.774547576904297 145
1757370418041 30.774169921875 146
1757370418091 30.95561408996582 147
1757370418139 27.794034957885742 148
1757370418193 28.330533981323242 149
1757370418243 32.72706985473633 150
1757370418291 31.760128021240234 151
1757370418340 26.51517105102539 152
1757370418389 29.29981803894043 153
1757370418438 27.4162540435791 154
1757370418486 31.679582595825195 155
1757370418535 30.719093322753906 156
1757370418584 28.536937713623047 157
1757370418633 27.55048942565918 158
1757370418682 30.21103286743164 159
1757370418733 28.890254974365234 160
1757370418782 27.67045783996582 161
1757370418830 30.135374069213867 162
1757370418879 25.980995178222656 163
1757370418928 28.842222213745117 164
1757370418978 28.41425323486328 165
1757370419028 29.621089935302734 166
1757370419078 28.18853759765625 167
1757370419131 28.361984252929688 168
1757370419181 31.986616134643555 169
1757370419231 30.48634147644043 170
1757370419287 27.350662231445312 171
1757370419336 30.550100326538086 172
1757370419386 27.628610610961914 173
1757370419435 25.192554473876953 174
1757370419484 26.46660614013672 175
1757370419532 27.313400268554688 176
1757370419583 24.59427833557129 177
1757370419632 26.763059616088867 178
1757370419687 24.44677734375 179
1757370419742 30.52773666381836 180
1757370419796 25.651885986328125 181
1757370419846 28.064109802246094 182
1757370419902 29.716562271118164 183
1757370419954 27.962282180786133 184
1757370420004 29.22674560546875 185
1757370420054 25.995685577392578 186
1757370420103 23.485198974609375 187
1757370420159 25.57756805419922 188
1757370420210 28.78668785095215 189
1757370420260 26.591154098510742 190
1757370420309 29.428279876708984 191
1757370420358 30.426528930664062 192
1757370420407 26.29582405090332 193
1757370420456 27.73182487487793 194
1757370420507 29.605478286743164 195
1757370420556 29.128948211669922 196
1757370420611 28.07868003845215 197
1757370420660 29.150333404541016 198
1757370420710 25.56113624572754 199
1757370420761 29.820125579833984 200
1757370420810 24.553781509399414 201
1757370420861 29.268634796142578 202
1757370420910 28.978899002075195 203
1757370420959 27.677207946777344 204
1757370421009 25.496124267578125 205
1757370421058 27.25672721862793 206
1757370421107 27.399166107177734 207
1757370421156 26.102798461914062 208
1757370421207 28.288272857666016 209
1757370421256 23.263996124267578 210
1757370421306 29.421878814697266 211
1757370421355 26.2338924407959 212
1757370421404 29.021968841552734 213
1757370421454 30.106794357299805 214
1757370421508 30.087106704711914 215
1757370421559 29.228673934936523 216
1757370421611 30.96331787109375 217
1757370421662 29.660903930664062 218
1757370421711 26.572139739990234 219
1757370421765 29.155532836914062 220
1757370421814 28.39562225341797 221
1757370421864 24.452434539794922 222
1757370421914 25.094940185546875 223
1757370421963 26.69932746887207 224
1757370422013 26.25288963317871 225
1757370422061 28.704694747924805 226
1757370422111 25.155916213989258 227
1757370422159 32.02021026611328 228
1757370422208 25.135557174682617 229
1757370422258 30.24009895324707 230
1757370422307 26.111509323120117 231
1757370422356 27.46204948425293 232
1757370422406 28.294157028198242 233
1757370422456 29.394411087036133 234
1757370422504 26.885637283325195 235
1757370422553 26.72327423095703 236
1757370422603 28.119403839111328 237
1757370422652 27.349273681640625 238
1757370422702 26.967615127563477 239
1757370422751 28.038497924804688 240
1757370422805 26.55231285095215 241
1757370422855 26.6171932220459 242
1757370422904 26.32202911376953 243
1757370422953 29.763347625732422 244
1757370423002 27.503780364990234 245
1757370423051 27.671754837036133 246
1757370423100 28.497774124145508 247
1757370423149 28.334524154663086 248
1757370423198 25.82386016845703 249
1757370423246 27.665163040161133 250
1757370423296 28.75667381286621 251
1757370423345 29.392620086669922 252
1757370423394 27.97475242614746 253
1757370423449 26.293506622314453 254
1757370423499 26.048969268798828 255
1757370423554 24.329866409301758 256
1757370423609 25.270225524902344 257
1757370423661 23.056459426879883 258
1757370423714 24.725740432739258 259
1757370423764 28.415796279907227 260
1757370423813 27.180667877197266 261
1757370423863 30.929370880126953 262
1757370423914 25.052654266357422 263
1757370423963 31.43548011779785 264
1757370424012 28.161136627197266 265
1757370424061 26.574094772338867 266
1757370424111 27.474159240722656 267
1757370424160 29.45602035522461 268
1757370424209 25.536109924316406 269
1757370424258 29.3964900970459 270
1757370424308 26.979013442993164 271
1757370424358 31.857887268066406 272
1757370424407 27.677785873413086 273
1757370424457 24.89459991455078 274
1757370424506 25.802125930786133 275
1757370424555 26.433395385742188 276
1757370424604 25.177715301513672 277
1757370424653 27.670257568359375 278
1757370424702 26.126792907714844 279
1757370424751 22.7220516204834 280
1757370424801 26.10673713684082 281
1757370424851 28.76630973815918 282
1757370424900 27.5344295501709 283
1757370424950 26.973129272460938 284
1757370424999 30.04047966003418 285
1757370425054 28.646770477294922 286
1757370425110 25.777530670166016 287
1757370425159 27.405282974243164 288
1757370425208 25.474672317504883 289
1757370425257 26.912052154541016 290
1757370425306 26.879762649536133 291
1757370425356 31.019432067871094 292
1757370425410 29.82729721069336 293
1757370425459 27.38178253173828 294
1757370425508 23.92719841003418 295
1757370425564 23.11099624633789 296
1757370425615 26.016822814941406 297
1757370425667 25.625226974487305 298
1757370425716 25.265609741210938 299
1757370434899 45.71613311767578 0
1757370434957 41.265411376953125 1
1757370435013 37.070613861083984 2
1757370435068 34.52922439575195 3
1757370435123 30.032527923583984 4
1757370435175 29.0859375 5
1757370435224 26.38705062866211 6
1757370435273 24.55424690246582 7
1757370435322 24.232515335083008 8
1757370435373 25.502498626708984 9
1757370435421 24.82340431213379 10
1757370435470 27.200332641601562 11
1757370435520 24.81661605834961 12
1757370435569 21.1713809967041 13
1757370435620 20.916194915771484 14
1757370435668 25.06184196472168 15
1757370435717 26.67220115661621 16
1757370435767 23.53513526916504 17
1757370435821 23.957897186279297 18
1757370435870 23.079381942749023 19
1757370435919 23.678857803344727 20
1757370435969 26.599023818969727 21
1757370436018 26.752948760986328 22
1757370436067 19.141525268554688 23
1757370436119 26.864120483398438 24
1757370436187 20.979076385498047 25
1757370436237 23.652175903320312 26
1757370436285 24.51612663269043 27
1757370436334 22.948909759521484 28
1757370436383 21.056636810302734 29
1757370436431 24.091299057006836 30
1757370436480 26.746109008789062 31
1757370436528 26.376636505126953 32
1757370436580 23.126672744750977 33
1757370436629 21.831371307373047 34
1757370436678 20.06647491455078 35
1757370436729 20.44510841369629 36
1757370436782 24.883089065551758 37
1757370436831 20.910310745239258 38
1757370436879 22.8875732421875 39
1757370436928 21.90871810913086 40
1757370436977 22.314714431762695 41
1757370437026 20.480899810791016 42
1757370437075 24.43514060974121 43
1757370437129 24.29985237121582 44
1757370437179 20.390119552612305 45
1757370437228 25.91469383239746 46
1757370437277 22.64946746826172 47
1757370437327 20.67314910888672 48
1757370437376 22.267704010009766 49
1757370437432 21.124277114868164 50
1757370437482 22.16495704650879 51
1757370437536 22.815723419189453 52
1757370437587 24.304044723510742 53
1757370437638 22.597259521484375 54
1757370437688 23.299530029296875 55
1757370437736 24.363500595092773 56
1757370437785 21.678651809692383 57
1757370437834 21.036012649536133 58
1757370437887 22.934913635253906 59
1757370437941 24.052234649658203 60
1757370437995 25.29301643371582 61
1757370438051 21.00345230102539 62
1757370438108 25.068538665771484 63
1757370438166 21.36774253845215 64
1757370438221 23.804292678833008 65
1757370438277 25.77068519592285 66
1757370438330 20.446645736694336 67
1757370438384 24.004961013793945 68
1757370438438 25.865324020385742 69
1757370438491 23.549779891967773 70
1757370438542 23.114656448364258 71
1757370438594 24.10996437072754 72
1757370438646 26.481029510498047 73
1757370438696 20.725543975830078 74
1757370438745 23.018115997314453 75
1757370438794 23.10240364074707 76
1757370438842 24.806814193725586 77
1757370438892 22.139625549316406 78
1757370438942 24.257051467895508 79
1757370438993 20.616214752197266 80
1757370439042 24.139484405517578 81
1757370439094 22.394363403320312 82
1757370439151 25.653560638427734 83
1757370439207 25.514129638671875 84
1757370439262 23.6097412109375 85
1757370439315 22.990509033203125 86
1757370439365 16.957382202148438 87
1757370439417 20.202728271484375 88
1757370439468 23.947641372680664 89
1757370439519 22.846961975097656 90
1757370439568 24.400928497314453 91
1757370439618 20.3018798828125 92
1757370439673 26.153568267822266 93
1757370439723 25.16041374206543 94
1757370439773 23.108854293823242 95
1757370439823 21.93007469177246 96
1757370439872 22.295785903930664 97
1757370439921 21.659379959106445 98
1757370439976 21.373716354370117 99
1757370440030 27.832632064819336 100
1757370440084 22.181476593017578 101
1757370440140 22.711660385131836 102
1757370440195 24.22555160522461 103
1757370440249 21.658246994018555 104
1757370440303 24.124767303466797 105
1757370440358 25.113609313964844 106
1757370440409 24.367116928100586 107
1757370440459 27.679996490478516 108
1757370440512 25.84652328491211 109
1757370440561 22.09481430053711 110
1757370440611 22.932209014892578 111
1757370440661 23.437719345092773 112
1757370440713 26.58340835571289 113
1757370440762 22.669471740722656 114
1757370440811 22.326156616210938 115
1757370440867 23.790143966674805 116
1757370440916 17.973785400390625 117
1757370440965 23.670028686523438 118
1757370441014 23.004854202270508 119
1757370441064 21.77594566345215 120
1757370441118 26.141069412231445 121
1757370441173 25.01474952697754 122
1757370441222 22.149883270263672 123
1757370441272 22.288198471069336 124
1757370441321 24.017976760864258 125
1757370441371 27.059032440185547 126
1757370441420 18.473447799682617 127
1757370441469 23.471677780151367 128
1757370441518 19.451202392578125 129
1757370441573 24.21956443786621 130
1757370441623 25.81818962097168 131
1757370441674 20.946908950805664 132
1757370441724 22.511980056762695 133
1757370441778 24.75633430480957 134
1757370441833 18.36187744140625 135
1757370441886 25.541645050048828 136
1757370441938 22.592191696166992 137
1757370441987 23.317935943603516 138
1757370442036 22.535024642944336 139
1757370442086 22.39546012878418 140
1757370442144 20.90702247619629 141
1757370442194 20.954015731811523 142
1757370442249 23.01080894470215 143
1757370442301 22.796138763427734 144
1757370442351 24.942502975463867 145
1757370442400 19.4753360748291 146
1757370442450 23.79248046875 147
1757370442500 25.173038482666016 148
1757370442549 20.417173385620117 149
1757370442600 22.801435470581055 150
1757370442651 25.138927459716797 151
1757370442702 21.331832885742188 152
1757370442750 19.866207122802734 153
1757370442805 22.54062843322754 154
1757370442854 21.90155792236328 155
1757370442904 21.924503326416016 156
1757370442953 22.351409912109375 157
1757370443005 24.086849212646484 158
1757370443056 25.697324752807617 159
1757370443106 22.71097183227539 160
1757370443157 24.7764892578125 161
1757370443206 21.188844680786133 162
1757370443259 27.103872299194336 163
1757370443310 23.63490867614746 164
1757370443359 25.32444190979004 165
1757370443407 21.143184661865234 166
1757370443456 24.672672271728516 167
1757370443505 22.708465576171875 168
1757370443555 24.108381271362305 169
1757370443605 21.729999542236328 170
1757370443659 22.590986251831055 171
1757370443708 21.521648406982422 172
1757370443758 24.795795440673828 173
1757370443807 22.547224044799805 174
1757370443862 25.70929718017578 175
1757370443911 22.15782356262207 176
1757370443960 22.786706924438477 177
1757370444009 21.40102195739746 178
1757370444063 22.546781539916992 179
1757370444112 21.105255126953125 180
1757370444162 18.63898468017578 181
1757370444212 23.02506446838379 182
1757370444263 24.747121810913086 183
1757370444312 18.453418731689453 184
1757370444361 22.02334976196289 185
1757370444411 25.08998680114746 186
1757370444460 20.2204532623291 187
1757370444510 20.264488220214844 188
1757370444559 21.032514572143555 189
1757370444614 23.873214721679688 190
1757370444663 24.08970832824707 191
1757370444716 25.97096824645996 192
1757370444764 23.816497802734375 193
1757370444816 19.98460578918457 194
1757370444866 23.38356590270996 195
1757370444915 21.497318267822266 196
1757370444968 21.893754959106445 197
1757370445017 22.03774070739746 198
1757370445071 24.588130950927734 199
1757370445125 23.469501495361328 200
1757370445178 24.836069107055664 201
1757370445235 21.100616455078125 202
1757370445288 20.262590408325195 203
1757370445338 22.782276153564453 204
1757370445389 19.485679626464844 205
1757370445439 23.998470306396484 206
1757370445489 22.376989364624023 207
1757370445539 23.144710540771484 208
1757370445588 22.284433364868164 209
1757370445639 21.556245803833008 210
1757370445689 22.006771087646484 211
1757370445753 20.07826042175293 212
1757370445826 23.05287742614746 213
1757370445894 18.44593620300293 214
1757370446005 22.240840911865234 215
1757370446080 19.87894630432129 216
1757370446142 22.90581512451172 217
1757370446198 20.032522201538086 218
1757370446261 22.317726135253906 219
1757370446327 20.337860107421875 220
1757370446381 18.3385009765625 221
1757370446441 25.998538970947266 222
1757370446501 23.942481994628906 223
1757370446557 23.617042541503906 224
1757370446611 21.234521865844727 225
1757370446662 24.514667510986328 226
1757370446717 19.785907745361328 227
1757370446766 23.535400390625 228
1757370446818 21.248165130615234 229
1757370446867 17.93951416015625 230
1757370446916 23.656064987182617 231
1757370446965 24.543994903564453 232
1757370447014 24.52205467224121 233
1757370447063 22.76211166381836 234
1757370447113 23.223825454711914 235
1757370447163 24.091442108154297 236
1757370447213 20.590560913085938 237
1757370447262 24.52796745300293 238
1757370447313 24.02004051208496 239
1757370447362 21.14754295349121 240
1757370447411 18.38724708557129 241
1757370447461 22.349254608154297 242
1757370447514 20.893070220947266 243
1757370447563 20.70466423034668 244
1757370447613 23.620309829711914 245
1757370447665 18.382183074951172 246
1757370447715 22.513263702392578 247
1757370447770 21.150737762451172 248
1757370447820 23.365432739257812 249
1757370447869 25.321273803710938 250
1757370447919 23.536407470703125 251
1757370447970 23.878170013427734 252
1757370448020 21.424449920654297 253
1757370448071 18.328887939453125 254
1757370448121 23.702863693237305 255
1757370448171 22.130769729614258 256
1757370448220 20.534439086914062 257
1757370448270 20.253570556640625 258
1757370448320 22.046831130981445 259
1757370448371 24.230472564697266 260
1757370448420 20.427183151245117 261
1757370448470 23.11309814453125 262
1757370448520 23.15895652770996 263
1757370448570 22.138870239257812 264
1757370448620 22.535247802734375 265
1757370448676 19.824600219726562 266
1757370448725 20.14290428161621 267
1757370448775 18.12115478515625 268
1757370448825 20.231483459472656 269
1757370448874 21.74079132080078 270
1757370448924 22.942596435546875 271
1757370448973 25.90274429321289 272
1757370449023 22.747068405151367 273
1757370449073 21.475332260131836 274
1757370449123 19.710308074951172 275
1757370449172 22.97315788269043 276
1757370449223 20.2950496673584 277
1757370449273 19.272886276245117 278
1757370449324 17.158283233642578 279
1757370449374 16.939359664916992 280
1757370449423 18.533716201782227 281
1757370449473 20.211471557617188 282
1757370449522 23.66469383239746 283
1757370449572 24.339204788208008 284
1757370449622 22.066333770751953 285
1757370449672 22.412843704223633 286
1757370449722 20.770240783691406 287
1757370449773 23.38269805908203 288
1757370449822 21.93982696533203 289
1757370449872 25.55498695373535 290
1757370449922 23.767208099365234 291
1757370449973 26.353378295898438 292
1757370450022 21.3645076751709 293
1757370450072 23.364652633666992 294
1757370450122 23.892215728759766 295
1757370450181 23.765087127685547 296
1757370450239 23.827802658081055 297
1757370450290 25.030853271484375 298
1757370450341 24.655866622924805 299
1757370459545 50.23569869995117 0
1757370459601 50.204376220703125 1
1757370459657 50.142704010009766 2
1757370459708 50.09124755859375 3
1757370459757 49.906002044677734 4
1757370459807 49.42234420776367 5
1757370459861 48.925926208496094 6
1757370459911 48.2535514831543 7
1757370459961 48.5106086730957 8
1757370460017 47.57411575317383 9
1757370460072 47.594566345214844 10
1757370460126 46.536048889160156 11
1757370460177 46.658138275146484 12
1757370460231 45.6500358581543 13
1757370460291 44.757965087890625 14
1757370460348 43.38459014892578 15
1757370460397 44.523101806640625 16
1757370460446 41.65207290649414 17
1757370460495 39.325035095214844 18
1757370460545 40.325992584228516 19
1757370460595 34.74924850463867 20
1757370460645 36.06477737426758 21
1757370460696 32.73841094970703 22
1757370460749 35.88481521606445 23
1757370460799 32.252357482910156 24
1757370460849 28.960329055786133 25
1757370460898 25.59535026550293 26
1757370460950 27.914968490600586 27
1757370460999 25.775602340698242 28
1757370461048 26.557771682739258 29
1757370461097 26.668901443481445 30
1757370461147 25.951257705688477 31
1757370461198 28.094112396240234 32
1757370461247 28.268089294433594 33
1757370461299 26.603370666503906 34
1757370461349 26.776653289794922 35
1757370461399 25.10908317565918 36
1757370461448 24.434856414794922 37
1757370461498 26.95769691467285 38
1757370461548 22.07187843322754 39
1757370461602 23.726654052734375 40
1757370461653 27.687543869018555 41
1757370461703 25.267118453979492 42
1757370461752 20.688983917236328 43
1757370461803 27.89020347595215 44
1757370461852 20.9847354888916 45
1757370461904 25.870803833007812 46
1757370461954 23.773590087890625 47
1757370462004 21.317760467529297 48
1757370462054 23.655670166015625 49
1757370462103 24.15372657775879 50
1757370462154 25.205965042114258 51
1757370462207 28.785797119140625 52
1757370462256 23.790584564208984 53
1757370462306 24.177766799926758 54
1757370462355 26.96592903137207 55
1757370462406 22.81205940246582 56
1757370462456 22.313276290893555 57
1757370462505 26.958511352539062 58
1757370462555 22.767719268798828 59
1757370462605 22.557771682739258 60
1757370462655 23.762048721313477 61
1757370462708 28.26661491394043 62
1757370462757 23.696022033691406 63
1757370462812 27.906360626220703 64
1757370462861 24.93448829650879 65
1757370462910 26.624103546142578 66
1757370462960 23.217588424682617 67
1757370463009 20.566396713256836 68
1757370463059 19.882633209228516 69
1757370463109 23.441617965698242 70
1757370463159 25.379667282104492 71
1757370463209 22.865188598632812 72
1757370463258 20.886322021484375 73
1757370463307 24.218978881835938 74
1757370463356 24.151979446411133 75
1757370463406 25.92775535583496 76
1757370463455 27.107210159301758 77
1757370463504 22.265365600585938 78
1757370463554 25.440458297729492 79
1757370463604 24.626956939697266 80
1757370463656 23.8779239654541 81
1757370463707 25.10037612915039 82
1757370463758 25.686222076416016 83
1757370463810 21.04753875732422 84
1757370463874 23.066951751708984 85
1757370463947 22.005226135253906 86
1757370464013 25.663297653198242 87
1757370464387 24.738615036010742 88
1757370464478 27.882530212402344 89
1757370464535 22.66460418701172 90
1757370464587 20.632080078125 91
1757370464639 27.243988037109375 92
1757370464691 28.652414321899414 93
1757370464743 25.198698043823242 94
1757370464796 27.28374481201172 95
1757370464849 24.979280471801758 96
1757370464902 24.558795928955078 97
1757370464955 21.096080780029297 98
1757370465008 27.424072265625 99
1757370465061 27.117412567138672 100
1757370465116 22.873104095458984 101
1757370465169 23.68143653869629 102
1757370465221 22.816991806030273 103
1757370465275 24.643962860107422 104
1757370465327 22.337142944335938 105
1757370465380 26.515045166015625 106
1757370465431 25.804187774658203 107
1757370465483 22.451675415039062 108
1757370465535 26.566490173339844 109
1757370465590 21.450414657592773 110
1757370465642 23.095060348510742 111
1757370465693 21.98320960998535 112
1757370465745 23.995803833007812 113
1757370465796 25.138700485229492 114
1757370465847 17.515867233276367 115
1757370465903 27.67732810974121 116
1757370465952 22.542850494384766 117
1757370466003 25.0573787689209 118
1757370466052 21.329774856567383 119
1757370466102 24.144283294677734 120
1757370466153 23.3797607421875 121
1757370466208 26.550132751464844 122
1757370466262 23.85478401184082 123
1757370466317 18.226364135742188 124
1757370466368 27.207738876342773 125
1757370466416 23.049659729003906 126
1757370466471 21.296937942504883 127
1757370466526 28.014280319213867 128
1757370466582 22.691362380981445 129
1757370466636 25.012540817260742 130
1757370466690 23.279083251953125 131
1757370466740 21.312349319458008 132
1757370466796 25.12384796142578 133
1757370466847 23.927127838134766 134
1757370466897 24.291828155517578 135
1757370466948 26.003477096557617 136
1757370467000 23.238801956176758 137
1757370467053 24.301424026489258 138
1757370467107 27.925344467163086 139
1757370467156 24.499235153198242 140
1757370467211 29.052888870239258 141
1757370467266 23.212932586669922 142
1757370467316 25.34165382385254 143
1757370467365 27.879653930664062 144
1757370467414 23.034713745117188 145
1757370467462 26.557056427001953 146
1757370467512 24.773414611816406 147
1757370467562 23.671369552612305 148
1757370467611 25.62453842163086 149
1757370467660 25.195720672607422 150
1757370467709 24.858816146850586 151
1757370467759 23.73182487487793 152
1757370467808 23.74432373046875 153
1757370467858 23.664798736572266 154
1757370467908 27.090805053710938 155
1757370467966 26.20907974243164 156
1757370468015 23.300981521606445 157
1757370468112 23.06453514099121 158
1757370468175 23.213838577270508 159
1757370468240 25.113872528076172 160
1757370468297 27.425092697143555 161
1757370468347 25.249122619628906 162
1757370468399 27.671070098876953 163
1757370468450 26.13135528564453 164
1757370468504 26.17850685119629 165
1757370468559 23.67595100402832 166
1757370468611 22.92003059387207 167
1757370468661 26.033126831054688 168
1757370468711 21.975868225097656 169
1757370468765 23.306333541870117 170
1757370468815 23.823986053466797 171
1757370468865 23.744029998779297 172
1757370468914 25.640649795532227 173
1757370468963 22.926902770996094 174
1757370469016 26.612178802490234 175
1757370469069 23.797306060791016 176
1757370469119 25.905250549316406 177
1757370469177 26.501007080078125 178
1757370469263 26.51190185546875 179
1757370469318 28.777950286865234 180
1757370469374 22.062654495239258 181
1757370469429 23.39026641845703 182
1757370469489 23.933765411376953 183
1757370469543 24.109222412109375 184
1757370469597 20.675260543823242 185
1757370469648 21.480070114135742 186
1757370469700 26.72692108154297 187
1757370469752 22.961563110351562 188
1757370469810 25.532073974609375 189
1757370469867 26.678020477294922 190
1757370469922 21.988210678100586 191
1757370469984 22.177562713623047 192
1757370470034 27.200538635253906 193
1757370470083 21.671878814697266 194
1757370470133 23.402082443237305 195
1757370470187 19.26030731201172 196
1757370470239 23.263063430786133 197
1757370470289 22.85028648376465 198
1757370470344 21.736251831054688 199
1757370470394 22.844139099121094 200
1757370470445 26.135250091552734 201
1757370470495 24.17500114440918 202
1757370470545 21.934934616088867 203
1757370470594 21.448213577270508 204
1757370470649 26.550159454345703 205
1757370470701 23.082910537719727 206
1757370470750 26.766611099243164 207
1757370470801 23.230451583862305 208
1757370470856 23.714754104614258 209
1757370470907 21.719511032104492 210
1757370470957 25.362646102905273 211
1757370471008 21.433015823364258 212
1757370471057 25.37127113342285 213
1757370471106 23.95406150817871 214
1757370471156 24.240537643432617 215
1757370471207 22.832786560058594 216
1757370471262 22.412696838378906 217
1757370471311 24.544754028320312 218
1757370471361 27.060245513916016 219
1757370471410 27.171344757080078 220
1757370471459 19.75762367248535 221
1757370471509 24.397754669189453 222
1757370471558 20.606660842895508 223
1757370471609 21.657751083374023 224
1757370471660 23.410846710205078 225
1757370471710 23.332015991210938 226
1757370471759 28.806711196899414 227
1757370471809 22.839265823364258 228
1757370471859 28.61395263671875 229
1757370471908 24.78217887878418 230
1757370471957 23.54523468017578 231
1757370472007 26.401573181152344 232
1757370472060 24.165475845336914 233
1757370472115 26.594615936279297 234
1757370472172 25.746931076049805 235
1757370472226 23.4414119720459 236
1757370472280 25.944440841674805 237
1757370472334 20.683849334716797 238
1757370472390 26.733686447143555 239
1757370472441 26.7978458404541 240
1757370472497 23.143455505371094 241
1757370472548 22.363340377807617 242
1757370472600 29.990779876708984 243
1757370472655 25.36556053161621 244
1757370472717 23.392337799072266 245
1757370472771 19.71181869506836 246
1757370472825 24.831594467163086 247
1757370472883 26.047527313232422 248
1757370472933 24.857097625732422 249
1757370472983 21.7647705078125 250
1757370473032 28.132083892822266 251
1757370473097 22.98109245300293 252
1757370473148 26.04471206665039 253
1757370473204 27.47816276550293 254
1757370473254 20.933753967285156 255
1757370473304 22.473737716674805 256
1757370473353 23.590728759765625 257
1757370473403 21.028202056884766 258
1757370473452 25.180246353149414 259
1757370473502 22.257936477661133 260
1757370473552 23.032596588134766 261
1757370473601 23.84605598449707 262
1757370473651 27.138187408447266 263
1757370473706 22.560827255249023 264
1757370473755 21.238420486450195 265
1757370473806 22.486736297607422 266
1757370473856 25.288232803344727 267
1757370473906 24.260868072509766 268
1757370473956 24.635770797729492 269
1757370474006 24.89362144470215 270
1757370474060 23.486581802368164 271
1757370474110 24.136985778808594 272
1757370474160 23.98780632019043 273
1757370474210 23.664339065551758 274
1757370474259 24.15706443786621 275
1757370474309 25.595792770385742 276
1757370474359 25.61754035949707 277
1757370474409 26.523555755615234 278
1757370474459 28.636566162109375 279
1757370474509 23.386695861816406 280
1757370474559 21.153108596801758 281
1757370474614 24.13296890258789 282
1757370474669 23.189800262451172 283
1757370474719 23.763242721557617 284
1757370474773 23.87767791748047 285
1757370474824 24.103404998779297 286
1757370474874 22.312602996826172 287
1757370474925 24.887035369873047 288
1757370474977 25.326107025146484 289
1757370475029 26.187091827392578 290
1757370475089 25.536455154418945 291
1757370475138 23.652189254760742 292
1757370475199 23.87649917602539 293
1757370475249 24.224388122558594 294
1757370475297 23.657779693603516 295
1757370475347 22.598642349243164 296
1757370475397 23.173425674438477 297
1757370475446 25.342405319213867 298
1757370475496 23.80767822265625 299
1757370484686 46.23566436767578 0
1757370484737 43.92139434814453 1
1757370484785 41.34823226928711 2
1757370484841 37.77241897583008 3
1757370484891 36.15618133544922 4
1757370484941 33.14085006713867 5
1757370484993 29.233755111694336 6
1757370485049 28.90377426147461 7
1757370485105 25.119651794433594 8
1757370485162 29.74869155883789 9
1757370485216 21.83559226989746 10
1757370485266 27.10359001159668 11
1757370485316 21.33351707458496 12
1757370485366 21.6444091796875 13
1757370485415 26.73299789428711 14
1757370485464 22.959468841552734 15
1757370485513 25.454532623291016 16
1757370485569 25.129732131958008 17
1757370485618 23.174541473388672 18
1757370485668 22.60622215270996 19
1757370485719 21.725976943969727 20
1757370485769 23.51679801940918 21
1757370485818 24.78074073791504 22
1757370485867 23.51345443725586 23
1757370485917 22.208099365234375 24
1757370485966 24.385223388671875 25
1757370486015 21.352880477905273 26
1757370486065 20.30946159362793 27
1757370486115 24.086271286010742 28
1757370486164 27.7939453125 29
1757370486219 20.96406364440918 30
1757370486269 23.955142974853516 31
1757370486319 23.15262222290039 32
1757370486377 20.651004791259766 33
1757370486433 21.93288803100586 34
1757370486483 20.840314865112305 35
1757370486538 22.11214828491211 36
1757370486587 22.571334838867188 37
1757370486642 19.85323143005371 38
1757370486698 18.659269332885742 39
1757370486751 17.99355125427246 40
1757370486802 19.33582878112793 41
1757370486852 24.32837677001953 42
1757370486903 23.814746856689453 43
1757370486957 24.46647834777832 44
1757370487010 22.617162704467773 45
1757370487061 22.75410270690918 46
1757370487111 20.699100494384766 47
1757370487161 19.49854278564453 48
1757370487216 19.558103561401367 49
1757370487270 19.041837692260742 50
1757370487321 24.756488800048828 51
1757370487370 19.205076217651367 52
1757370487419 22.516347885131836 53
1757370487474 22.35076332092285 54
1757370487523 25.327075958251953 55
1757370487573 19.714082717895508 56
1757370487622 20.53614044189453 57
1757370487672 23.788461685180664 58
1757370487727 26.66559600830078 59
1757370487784 22.537351608276367 60
1757370487834 22.45341682434082 61
1757370487885 21.1219482421875 62
1757370487934 17.780149459838867 63
1757370487985 20.826324462890625 64
1757370488035 17.266754150390625 65
1757370488085 22.19922637939453 66
1757370488139 25.113876342773438 67
1757370488194 18.28536033630371 68
1757370488250 26.570816040039062 69
1757370488299 24.37471580505371 70
1757370488351 22.06348991394043 71
1757370488401 25.033706665039062 72
1757370488451 22.908905029296875 73
1757370488501 16.482540130615234 74
1757370488550 25.485551834106445 75
1757370488600 20.48563575744629 76
1757370488650 23.738323211669922 77
1757370488706 21.373247146606445 78
1757370488757 22.00543212890625 79
1757370488809 20.8944034576416 80
1757370488860 20.944536209106445 81
1757370488911 21.86393928527832 82
1757370488961 17.809221267700195 83
1757370489011 21.34630012512207 84
1757370489061 22.74314308166504 85
1757370489111 20.591020584106445 86
1757370489161 18.522655487060547 87
1757370489211 21.62864112854004 88
1757370489271 24.082645416259766 89
1757370489412 24.049043655395508 90
1757370489462 23.52605628967285 91
1757370489511 18.966259002685547 92
1757370489562 19.418018341064453 93
1757370489612 26.74861717224121 94
1757370489662 19.899120330810547 95
1757370489716 22.638856887817383 96
1757370489765 21.945552825927734 97
1757370489816 24.877056121826172 98
1757370489867 21.655136108398438 99
1757370489930 23.792139053344727 100
1757370489988 21.72919273376465 101
1757370490038 20.39055061340332 102
1757370490089 20.374095916748047 103
1757370490139 19.925392150878906 104
1757370490192 20.23465347290039 105
1757370490241 20.370141983032227 106
1757370490293 20.60833168029785 107
1757370490344 19.048139572143555 108
1757370490394 21.837162017822266 109
1757370490443 23.461973190307617 110
1757370490497 20.96056365966797 111
1757370490553 19.33454704284668 112
1757370490608 18.73627471923828 113
1757370490660 18.563228607177734 114
1757370490713 20.952064514160156 115
1757370490763 19.135650634765625 116
1757370490813 18.745311737060547 117
1757370490863 18.520416259765625 118
1757370490914 23.743133544921875 119
1757370490966 20.728412628173828 120
1757370491016 21.20516586303711 121
1757370491066 20.097749710083008 122
1757370491116 21.41081428527832 123
1757370491168 16.931957244873047 124
1757370491225 22.498693466186523 125
1757370491280 22.223520278930664 126
1757370491335 20.3177547454834 127
1757370491385 18.10784339904785 128
1757370491435 17.63334846496582 129
1757370491484 21.26163673400879 130
1757370491534 18.53833770751953 131
1757370491583 21.50630760192871 132
1757370491633 21.309432983398438 133
1757370491688 19.707548141479492 134
1757370491738 22.74030876159668 135
1757370491788 21.101600646972656 136
1757370491838 17.534265518188477 137
1757370491891 25.254610061645508 138
1757370491941 18.23385238647461 139
1757370491996 21.823911666870117 140
1757370492046 22.423065185546875 141
1757370492096 23.90143585205078 142
1757370492146 18.87530517578125 143
1757370492202 22.185129165649414 144
1757370492252 24.347909927368164 145
1757370492302 22.05488395690918 146
1757370492352 24.17583465576172 147
1757370492403 22.691190719604492 148
1757370492453 18.221435546875 149
1757370492503 20.58056640625 150
1757370492553 21.595380783081055 151
1757370492603 20.555233001708984 152
1757370492658 18.87556266784668 153
1757370492710 21.495878219604492 154
1757370492760 21.103275299072266 155
1757370492810 19.362382888793945 156
1757370492859 19.792924880981445 157
1757370492908 21.698774337768555 158
1757370492960 20.65296745300293 159
1757370493016 18.846179962158203 160
1757370493067 21.414501190185547 161
1757370493117 20.159671783447266 162
1757370493167 23.805828094482422 163
1757370493219 19.714746475219727 164
1757370493273 24.415740966796875 165
1757370493326 20.21192169189453 166
1757370493375 23.77425193786621 167
1757370493425 18.167522430419922 168
1757370493477 25.525798797607422 169
1757370493527 19.45936393737793 170
1757370493577 16.80902099609375 171
1757370493628 24.88524627685547 172
1757370493679 23.63719367980957 173
1757370493729 21.3309326171875 174
1757370493779 21.668912887573242 175
1757370493828 20.60831642150879 176
1757370493878 19.891544342041016 177
1757370493928 21.923480987548828 178
1757370493979 20.803905487060547 179
1757370494034 18.927845001220703 180
1757370494084 19.079654693603516 181
1757370494147 20.33208465576172 182
1757370494205 22.09019660949707 183
1757370494257 20.083770751953125 184
1757370494307 24.444528579711914 185
1757370494357 18.9110050201416 186
1757370494407 22.984405517578125 187
1757370494458 23.546215057373047 188
1757370494509 21.977783203125 189
1757370494565 20.117422103881836 190
1757370494617 23.039142608642578 191
1757370494668 19.37220573425293 192
1757370494718 23.5977783203125 193
1757370494768 20.576284408569336 194
1757370494818 19.145551681518555 195
1757370494868 23.716346740722656 196
1757370494923 17.69782066345215 197
1757370494974 17.592870712280273 198
1757370495025 21.483213424682617 199
1757370495075 17.575157165527344 200
1757370495126 20.05120277404785 201
1757370495186 20.23308563232422 202
1757370495236 20.784210205078125 203
1757370495286 22.666969299316406 204
1757370495339 19.419818878173828 205
1757370495390 22.765396118164062 206
1757370495441 16.832439422607422 207
1757370495491 21.255258560180664 208
1757370495540 22.874616622924805 209
1757370495595 21.04570198059082 210
1757370495646 19.915279388427734 211
1757370495696 19.876243591308594 212
1757370495754 20.563570022583008 213
1757370495803 20.13178062438965 214
1757370495853 19.952726364135742 215
1757370495903 22.78354835510254 216
1757370495953 25.487232208251953 217
1757370496023 20.01429557800293 218
1757370496072 15.061692237854004 219
1757370496125 24.94736671447754 220
1757370496177 24.471080780029297 221
1757370496227 15.502532005310059 222
1757370496277 19.80398941040039 223
1757370496328 18.41312026977539 224
1757370496379 16.6058406829834 225
1757370496428 17.7327938079834 226
1757370496479 23.909961700439453 227
1757370496528 22.47869873046875 228
1757370496578 19.825984954833984 229
1757370496627 20.73670768737793 230
1757370496679 20.014835357666016 231
1757370496728 22.527246475219727 232
1757370496778 21.843887329101562 233
1757370496829 16.94172477722168 234
1757370496884 21.581327438354492 235
1757370496939 19.019710540771484 236
1757370496989 16.624696731567383 237
1757370497039 21.324169158935547 238
1757370497088 23.494625091552734 239
1757370497138 22.845495223999023 240
1757370497187 19.08534049987793 241
1757370497237 24.116060256958008 242
1757370497286 23.7025203704834 243
1757370497336 23.089813232421875 244
1757370497385 19.51167869567871 245
1757370497435 20.32147216796875 246
1757370497484 21.957225799560547 247
1757370497534 15.460386276245117 248
1757370497590 21.45844268798828 249
1757370497639 21.668317794799805 250
1757370497690 22.27374839782715 251
1757370497742 18.998241424560547 252
1757370497791 21.509017944335938 253
1757370497843 17.304277420043945 254
1757370497895 22.85408592224121 255
1757370497956 14.44728946685791 256
1757370498013 19.737258911132812 257
1757370498065 21.582551956176758 258
1757370498119 22.347530364990234 259
1757370498175 20.10746955871582 260
1757370498231 22.16080665588379 261
1757370498284 21.603343963623047 262
1757370498339 17.912220001220703 263
1757370498393 23.071121215820312 264
1757370498448 20.16588592529297 265
1757370498502 21.373077392578125 266
1757370498558 21.48130226135254 267
1757370498612 20.634241104125977 268
1757370498663 20.2862491607666 269
1757370498720 21.377744674682617 270
1757370498770 18.0900821685791 271
1757370498820 19.808279037475586 272
1757370498871 27.799434661865234 273
1757370498927 23.23307228088379 274
1757370498977 22.29782485961914 275
1757370499028 20.331817626953125 276
1757370499079 19.095298767089844 277
1757370499130 23.178165435791016 278
1757370499183 21.419750213623047 279
1757370499233 18.20670509338379 280
1757370499283 17.846174240112305 281
1757370499339 21.0108642578125 282
1757370499395 21.038740158081055 283
1757370499450 18.648168563842773 284
1757370499500 23.864473342895508 285
1757370499551 17.977275848388672 286
1757370499601 20.299163818359375 287
1757370499651 16.90235137939453 288
1757370499704 19.386768341064453 289
1757370499754 19.73701286315918 290
1757370499805 20.5787353515625 291
1757370499855 18.611560821533203 292
1757370499905 21.66771125793457 293
1757370499958 21.858871459960938 294
1757370500011 22.14653205871582 295
1757370500066 17.4085750579834 296
1757370500121 19.07359504699707 297
1757370500172 23.13785171508789 298
1757370500222 20.238616943359375 299
1757370510450 49.90665054321289 0
1757370510513 45.336029052734375 1
1757370510573 37.74992370605469 2
1757370510634 35.106998443603516 3
1757370510697 32.61730194091797 4
1757370510758 33.94449234008789 5
1757370510819 29.664899826049805 6
1757370510908 28.516157150268555 7
1757370510969 28.519702911376953 8
1757370511029 26.04696273803711 9
1757370511090 32.64536666870117 10
1757370511144 33.418148040771484 11
1757370511209 32.43649673461914 12
1757370511268 30.092811584472656 13
1757370511329 24.20948600769043 14
1757370511385 27.783451080322266 15
1757370511444 29.59122657775879 16
1757370511504 28.73094367980957 17
1757370511564 32.87241744995117 18
1757370511625 28.422630310058594 19
1757370511681 28.878868103027344 20
1757370511739 24.02433204650879 21
1757370511794 27.856666564941406 22
1757370511849 27.997629165649414 23
1757370511905 30.869312286376953 24
1757370511960 26.094146728515625 25
1757370512014 29.084936141967773 26
1757370512069 29.823429107666016 27
1757370512125 26.920085906982422 28
1757370512180 24.310802459716797 29
1757370512236 30.571399688720703 30
1757370512290 29.903663635253906 31
1757370512347 27.279848098754883 32
1757370512402 27.32745933532715 33
1757370512457 31.23906707763672 34
1757370512512 23.58953285217285 35
1757370512566 27.719682693481445 36
1757370512622 26.578044891357422 37
1757370512679 32.008602142333984 38
1757370512739 26.58222770690918 39
1757370512795 29.713953018188477 40
1757370512855 33.705074310302734 41
1757370512909 24.886173248291016 42
1757370512964 25.149930953979492 43
1757370513019 26.923080444335938 44
1757370513075 25.890871047973633 45
1757370513131 26.965476989746094 46
1757370513191 28.417648315429688 47
1757370513246 25.7540225982666 48
1757370513301 28.96014404296875 49
1757370513355 25.568784713745117 50
1757370513410 28.475379943847656 51
1757370513464 28.816909790039062 52
1757370513520 24.39936637878418 53
1757370513577 25.250944137573242 54
1757370513633 28.330350875854492 55
1757370513688 28.565889358520508 56
1757370513744 27.524131774902344 57
1757370513798 28.940582275390625 58
1757370513853 28.764921188354492 59
1757370513908 28.699060440063477 60
1757370513963 27.15379524230957 61
1757370514024 26.903297424316406 62
1757370514080 29.19609260559082 63
1757370514136 28.230541229248047 64
1757370514192 27.421342849731445 65
1757370514248 23.912918090820312 66
1757370514312 26.726905822753906 67
1757370514378 29.362918853759766 68
1757370514442 30.255016326904297 69
1757370514497 27.892961502075195 70
1757370514553 25.140775680541992 71
1757370514608 28.72928237915039 72
1757370514665 30.434322357177734 73
1757370514723 25.88092803955078 74
1757370514780 31.568422317504883 75
1757370514837 29.16505241394043 76
1757370514892 30.217782974243164 77
1757370514952 28.242111206054688 78
1757370515007 25.93069839477539 79
1757370515063 27.252145767211914 80
1757370515118 25.553068161010742 81
1757370515174 26.279930114746094 82
1757370515231 23.825544357299805 83
1757370515286 25.55238151550293 84
1757370515341 30.650028228759766 85
1757370515397 28.767976760864258 86
1757370515458 23.645814895629883 87
1757370515513 30.12973403930664 88
1757370515568 28.100059509277344 89
1757370515623 25.019861221313477 90
1757370515679 31.282106399536133 91
1757370515736 27.596467971801758 92
1757370515791 33.527679443359375 93
1757370515846 20.707300186157227 94
1757370515906 27.805879592895508 95
1757370515967 31.08881378173828 96
1757370516027 24.629289627075195 97
1757370516082 32.54322052001953 98
1757370516137 27.9809627532959 99
1757370516194 25.75794792175293 100
1757370516249 29.782848358154297 101
1757370516303 27.262882232666016 102
1757370516358 26.048381805419922 103
1757370516413 24.892061233520508 104
1757370516468 27.084697723388672 105
1757370516523 27.082351684570312 106
1757370516579 31.70364761352539 107
1757370516634 28.60213279724121 108
1757370516689 26.89763832092285 109
1757370516745 25.0086669921875 110
1757370516800 27.12908363342285 111
1757370516855 29.48896026611328 112
1757370516910 29.339576721191406 113
1757370516965 28.924057006835938 114
1757370517020 25.038440704345703 115
1757370517075 27.14444923400879 116
1757370517131 24.688039779663086 117
1757370517190 28.607091903686523 118
1757370517245 28.743139266967773 119
1757370517300 28.330097198486328 120
1757370517355 30.01848793029785 121
1757370517410 28.95933723449707 122
1757370517464 30.716073989868164 123
1757370517519 27.321434020996094 124
1757370517574 27.586584091186523 125
1757370517632 26.973182678222656 126
1757370517688 28.28567886352539 127
1757370517747 26.62198829650879 128
1757370517805 25.658828735351562 129
1757370517862 28.858531951904297 130
1757370517916 28.2006778717041 131
1757370517988 29.27739143371582 132
1757370518048 27.486597061157227 133
1757370518105 27.150619506835938 134
1757370518160 28.90858268737793 135
1757370518217 26.502155303955078 136
1757370518272 24.19706916809082 137
1757370518328 26.716745376586914 138
1757370518384 23.472135543823242 139
1757370518438 25.525150299072266 140
1757370518495 31.025543212890625 141
1757370518554 25.817861557006836 142
1757370518615 31.326444625854492 143
1757370518675 29.883056640625 144
1757370518739 28.68291473388672 145
1757370518799 25.61783790588379 146
1757370518854 28.911008834838867 147
1757370518909 22.945674896240234 148
1757370518964 27.805147171020508 149
1757370519019 22.36410903930664 150
1757370519074 28.13617706298828 151
1757370519134 24.875038146972656 152
1757370519189 26.082151412963867 153
1757370519246 25.84709358215332 154
1757370519302 26.444461822509766 155
1757370519358 33.20110321044922 156
1757370519413 26.534147262573242 157
1757370519468 23.23779296875 158
1757370519523 31.53919792175293 159
1757370519579 32.4034423828125 160
1757370519638 26.543556213378906 161
1757370519693 32.103336334228516 162
1757370519751 35.33620834350586 163
1757370519806 26.014278411865234 164
1757370519863 28.061586380004883 165
1757370519918 24.59760856628418 166
1757370519974 28.414709091186523 167
1757370520035 24.33397674560547 168
1757370520097 28.511226654052734 169
1757370520153 24.456748962402344 170
1757370520209 32.07252883911133 171
1757370520264 21.832977294921875 172
1757370520319 29.155241012573242 173
1757370520374 25.915800094604492 174
1757370520429 27.512306213378906 175
1757370520484 25.19981575012207 176
1757370520539 29.18385124206543 177
1757370520594 23.04360580444336 178
1757370520649 28.11464500427246 179
1757370520705 30.476276397705078 180
1757370520766 24.802701950073242 181
1757370520822 26.559370040893555 182
1757370520877 26.448097229003906 183
1757370520942 30.393085479736328 184
1757370521005 29.954498291015625 185
1757370521062 30.072261810302734 186
1757370521116 28.908374786376953 187
1757370521173 27.948989868164062 188
1757370521230 28.124048233032227 189
1757370521285 27.0258846282959 190
1757370521341 27.212230682373047 191
1757370521399 29.241235733032227 192
1757370521455 29.179889678955078 193
1757370521510 24.008914947509766 194
1757370521566 25.056846618652344 195
1757370521622 29.458274841308594 196
1757370521678 20.309476852416992 197
1757370521735 25.013019561767578 198
1757370521790 24.660205841064453 199
1757370521846 29.971406936645508 200
1757370521901 25.91209602355957 201
1757370521956 24.301963806152344 202
1757370522012 27.027156829833984 203
1757370522068 25.924217224121094 204
1757370522123 24.42205238342285 205
1757370522179 31.07978057861328 206
1757370522236 29.47125816345215 207
1757370522292 26.66943359375 208
1757370522348 32.87107467651367 209
1757370522404 28.852951049804688 210
1757370522460 25.144454956054688 211
1757370522516 29.453115463256836 212
1757370522572 26.59882926940918 213
1757370522627 30.318809509277344 214
1757370522684 28.9897403717041 215
1757370522744 24.196441650390625 216
1757370522800 28.88294792175293 217
1757370522856 30.519657135009766 218
1757370522921 28.325077056884766 219
1757370522975 26.32203483581543 220
1757370523034 25.919275283813477 221
1757370523090 28.59555435180664 222
1757370523149 28.785356521606445 223
1757370523206 22.132246017456055 224
1757370523268 26.12483787536621 225
1757370523324 25.092103958129883 226
1757370523380 29.954957962036133 227
1757370523437 17.185138702392578 228
1757370523492 27.993589401245117 229
1757370523548 26.71424102783203 230
1757370523604 25.367341995239258 231
1757370523659 25.785818099975586 232
1757370523716 28.016145706176758 233
1757370523774 27.062984466552734 234
1757370523836 28.009675979614258 235
1757370523897 22.170703887939453 236
1757370523969 24.642480850219727 237
1757370524031 27.349220275878906 238
1757370524091 28.49053955078125 239
1757370524147 28.309104919433594 240
1757370524202 25.784992218017578 241
1757370524259 25.19377899169922 242
1757370524314 23.74431610107422 243
1757370524369 24.07429313659668 244
1757370524424 26.102394104003906 245
1757370524479 26.691038131713867 246
1757370524535 26.300207138061523 247
1757370524590 32.3078727722168 248
1757370524644 22.334129333496094 249
1757370524700 25.73155403137207 250
1757370524756 27.081863403320312 251
1757370524811 30.231929779052734 252
1757370524867 24.59973907470703 253
1757370524922 27.334117889404297 254
1757370524980 29.05677604675293 255
1757370525036 27.700443267822266 256
1757370525097 27.818416595458984 257
1757370525159 26.883363723754883 258
1757370525217 28.907594680786133 259
1757370525274 25.747093200683594 260
1757370525333 28.554954528808594 261
1757370525388 24.431062698364258 262
1757370525448 30.308195114135742 263
1757370525503 22.89552116394043 264
1757370525559 21.99150276184082 265
1757370525614 28.377225875854492 266
1757370525670 30.005155563354492 267
1757370525732 23.56334686279297 268
1757370525788 26.121557235717773 269
1757370525850 31.82168197631836 270
1757370525905 31.62750816345215 271
1757370525965 28.038454055786133 272
1757370526021 22.830181121826172 273
1757370526077 26.607288360595703 274
1757370526132 22.902807235717773 275
1757370526191 30.526823043823242 276
1757370526247 25.217628479003906 277
1757370526302 27.645526885986328 278
1757370526360 33.36725616455078 279
1757370526416 29.28396987915039 280
1757370526471 25.503042221069336 281
1757370526526 23.836803436279297 282
1757370526582 26.609867095947266 283
1757370526637 20.732545852661133 284
1757370526692 30.405315399169922 285
1757370526750 28.648283004760742 286
1757370526809 30.915010452270508 287
1757370526868 22.458961486816406 288
1757370526931 28.543821334838867 289
1757370526989 28.93572425842285 290
1757370527050 30.27493667602539 291
1757370527106 23.861082077026367 292
1757370527161 29.208152770996094 293
1757370527217 30.79413604736328 294
1757370527272 29.794069290161133 295
1757370527327 26.35478401184082 296
1757370527382 25.88395118713379 297
1757370527437 28.7206974029541 298
1757370527493 24.134357452392578 299
1757370536690 47.47187423706055 0
1757370536750 44.32991409301758 1
1757370536806 40.41492462158203 2
1757370536869 38.94680404663086 3
1757370536924 31.818490982055664 4
1757370536978 29.636680603027344 5
1757370537033 29.417875289916992 6
1757370537088 27.051660537719727 7
1757370537144 27.01835060119629 8
1757370537199 27.915802001953125 9
1757370537257 26.80365753173828 10
1757370537315 24.401931762695312 11
1757370537371 25.810916900634766 12
1757370537427 23.903249740600586 13
1757370537482 28.216922760009766 14
1757370537537 25.539823532104492 15
1757370537591 24.983243942260742 16
1757370537646 27.402578353881836 17
1757370537700 17.68368911743164 18
1757370537758 30.96735954284668 19
1757370537818 21.884037017822266 20
1757370537873 25.4559383392334 21
1757370537929 24.25303077697754 22
1757370537984 26.896602630615234 23
1757370538039 31.984344482421875 24
1757370538094 22.549070358276367 25
1757370538149 26.746517181396484 26
1757370538206 28.73814582824707 27
1757370538263 21.59581184387207 28
1757370538322 22.97677230834961 29
1757370538380 25.916473388671875 30
1757370538438 25.940570831298828 31
1757370538493 21.41929054260254 32
1757370538548 23.17772674560547 33
1757370538603 23.99748420715332 34
1757370538660 22.077964782714844 35
1757370538714 26.596858978271484 36
1757370538776 23.51131248474121 37
1757370538831 28.53269386291504 38
1757370538886 23.088228225708008 39
1757370538941 23.317657470703125 40
1757370538996 25.525253295898438 41
1757370539050 23.57308006286621 42
1757370539106 22.562679290771484 43
1757370539161 22.25730323791504 44
1757370539216 23.966575622558594 45
1757370539272 24.134967803955078 46
1757370539331 25.348546981811523 47
1757370539386 23.56663703918457 48
1757370539441 20.64948844909668 49
1757370539496 23.785762786865234 50
1757370539551 24.39051055908203 51
1757370539606 24.13365364074707 52
1757370539662 28.71149444580078 53
1757370539717 30.396928787231445 54
1757370539778 21.35318946838379 55
1757370539833 24.398900985717773 56
1757370539888 18.37976837158203 57
1757370539944 27.55086326599121 58
1757370540000 22.520639419555664 59
1757370540056 23.67143440246582 60
1757370540111 28.77164077758789 61
1757370540172 26.639501571655273 62
1757370540244 22.870540618896484 63
1757370540312 24.600845336914062 64
1757370540377 26.58696174621582 65
1757370540439 23.53352165222168 66
1757370540499 25.066919326782227 67
1757370540560 20.88340187072754 68
1757370540621 19.860820770263672 69
1757370540681 25.56791114807129 70
1757370540742 28.02968406677246 71
1757370540806 23.399497985839844 72
1757370540867 22.379257202148438 73
1757370540928 20.981060028076172 74
1757370540994 26.50285530090332 75
1757370541055 23.06941032409668 76
1757370541117 24.313831329345703 77
1757370541177 23.650829315185547 78
1757370541237 27.598651885986328 79
1757370541298 21.25629997253418 80
1757370541358 21.35158920288086 81
1757370541418 21.71442222595215 82
1757370541479 22.026405334472656 83
1757370541542 25.496257781982422 84
1757370541600 23.120275497436523 85
1757370541659 26.061044692993164 86
1757370541714 25.184444427490234 87
1757370541772 25.52272605895996 88
1757370541829 22.536434173583984 89
1757370541884 20.03657341003418 90
1757370541944 27.373838424682617 91
1757370542000 23.632095336914062 92
1757370542056 21.80885124206543 93
1757370542112 22.339988708496094 94
1757370542167 20.749298095703125 95
1757370542222 24.038820266723633 96
1757370542279 18.804040908813477 97
1757370542334 21.05025863647461 98
1757370542389 25.16172218322754 99
1757370542444 26.42900848388672 100
1757370542499 20.621267318725586 101
1757370542554 23.830507278442383 102
1757370542609 25.0573673248291 103
1757370542665 21.715068817138672 104
1757370542721 23.821277618408203 105
1757370542777 21.19462776184082 106
1757370542832 19.92918586730957 107
1757370542887 20.113357543945312 108
1757370542943 22.490917205810547 109
1757370542998 26.895410537719727 110
1757370543054 26.520782470703125 111
1757370543109 23.28725242614746 112
1757370543164 28.663803100585938 113
1757370543220 28.313114166259766 114
1757370543276 26.770917892456055 115
1757370543331 22.424022674560547 116
1757370543387 23.15201759338379 117
1757370543443 21.589689254760742 118
1757370543498 24.43290901184082 119
1757370543553 23.425662994384766 120
1757370543608 22.431482315063477 121
1757370543664 23.28575325012207 122
1757370543719 25.57185935974121 123
1757370543792 24.194875717163086 124
1757370543848 22.77840232849121 125
1757370543902 25.424917221069336 126
1757370543957 22.84812355041504 127
1757370544014 23.354209899902344 128
1757370544070 22.402179718017578 129
1757370544126 25.640241622924805 130
1757370544181 24.874053955078125 131
1757370544236 23.972631454467773 132
1757370544291 23.532543182373047 133
1757370544346 26.27817726135254 134
1757370544402 20.664634704589844 135
1757370544456 18.99061393737793 136
1757370544512 21.39598274230957 137
1757370544567 25.064844131469727 138
1757370544623 21.683609008789062 139
1757370544678 22.599233627319336 140
1757370544734 25.338329315185547 141
1757370544789 24.974138259887695 142
1757370544845 21.058530807495117 143
1757370544900 23.209964752197266 144
1757370544955 26.749618530273438 145
1757370545010 23.151527404785156 146
1757370545065 23.554677963256836 147
1757370545121 18.706893920898438 148
1757370545177 22.771806716918945 149
1757370545233 24.68857765197754 150
1757370545296 24.117374420166016 151
1757370545354 25.74429702758789 152
1757370545410 22.851476669311523 153
1757370545471 22.539247512817383 154
1757370545528 23.712989807128906 155
1757370545585 27.58481788635254 156
1757370545646 21.86756706237793 157
1757370545708 23.54304313659668 158
1757370545772 22.950708389282227 159
1757370545832 23.02635383605957 160
1757370545890 23.62415885925293 161
1757370545945 21.56106948852539 162
1757370546002 24.81315803527832 163
1757370546059 22.176755905151367 164
1757370546115 21.93219757080078 165
1757370546171 20.41998863220215 166
1757370546230 24.601947784423828 167
1757370546288 21.74259376525879 168
1757370546344 22.483577728271484 169
1757370546399 24.703842163085938 170
1757370546453 23.561975479125977 171
1757370546508 24.520503997802734 172
1757370546563 25.85781478881836 173
1757370546618 25.402803421020508 174
1757370546673 24.287233352661133 175
1757370546728 25.718942642211914 176
1757370546786 24.945425033569336 177
1757370546853 22.46291160583496 178
1757370546909 24.48123550415039 179
1757370546964 25.49022674560547 180
1757370547019 23.66577911376953 181
1757370547074 27.772188186645508 182
1757370547129 23.59075164794922 183
1757370547184 26.288246154785156 184
1757370547240 23.54259490966797 185
1757370547295 24.566495895385742 186
1757370547350 25.658296585083008 187
1757370547406 24.065330505371094 188
1757370547462 22.007661819458008 189
1757370547517 22.719478607177734 190
1757370547572 23.577966690063477 191
1757370547626 25.71776008605957 192
1757370547681 23.13202667236328 193
1757370547736 24.643590927124023 194
1757370547792 22.02328109741211 195
1757370547847 22.699901580810547 196
1757370547902 21.830936431884766 197
1757370547963 22.01500129699707 198
1757370548030 25.20407485961914 199
1757370548089 21.3505859375 200
1757370548146 25.667057037353516 201
1757370548206 24.04305648803711 202
1757370548265 24.968210220336914 203
1757370548329 23.021488189697266 204
1757370548384 30.58463478088379 205
1757370548440 21.215709686279297 206
1757370548496 27.498628616333008 207
1757370548553 25.785621643066406 208
1757370548608 23.668128967285156 209
1757370548663 24.182905197143555 210
1757370548718 20.746976852416992 211
1757370548773 22.60610008239746 212
1757370548831 23.44403839111328 213
1757370548886 22.27066993713379 214
1757370548941 22.783842086791992 215
1757370548995 25.525379180908203 216
1757370549086 25.46440315246582 217
1757370549142 24.998451232910156 218
1757370549203 21.76945686340332 219
1757370549260 25.18802261352539 220
1757370549363 26.12122344970703 221
1757370549430 18.937623977661133 222
1757370549493 23.70741081237793 223
1757370549551 21.292890548706055 224
1757370549607 22.013362884521484 225
1757370549662 20.816843032836914 226
1757370549724 22.528026580810547 227
1757370549798 28.05036163330078 228
1757370549876 22.90418815612793 229
1757370549967 24.85182762145996 230
1757370550025 25.540203094482422 231
1757370550082 22.88961410522461 232
1757370550138 23.769311904907227 233
1757370550194 21.680360794067383 234
1757370550258 22.28102684020996 235
1757370550313 26.10408592224121 236
1757370550369 22.18012237548828 237
1757370550425 24.035240173339844 238
1757370550489 23.6751708984375 239
1757370550554 23.477176666259766 240
1757370550615 22.774852752685547 241
1757370550675 26.46192741394043 242
1757370550730 21.635025024414062 243
1757370550788 26.410043716430664 244
1757370550844 21.100311279296875 245
1757370550901 23.12889862060547 246
1757370550956 21.99057388305664 247
1757370551017 27.244115829467773 248
1757370551072 21.23115348815918 249
1757370551127 25.90177345275879 250
1757370551182 23.33070945739746 251
1757370551237 23.258678436279297 252
1757370551293 20.911436080932617 253
1757370551348 23.566287994384766 254
1757370551406 23.04551124572754 255
1757370551466 23.128108978271484 256
1757370551523 21.348251342773438 257
1757370551580 26.388587951660156 258
1757370551636 21.421092987060547 259
1757370551693 22.224138259887695 260
1757370551751 25.778560638427734 261
1757370551807 23.672948837280273 262
1757370551864 20.229673385620117 263
1757370551922 19.35688591003418 264
1757370551976 20.454450607299805 265
1757370552032 25.087291717529297 266
1757370552087 23.343706130981445 267
1757370552143 26.294389724731445 268
1757370552199 23.510833740234375 269
1757370552257 26.27979850769043 270
1757370552315 25.6169376373291 271
1757370552370 24.284286499023438 272
1757370552427 23.65648651123047 273
1757370552483 26.05339241027832 274
1757370552539 22.675662994384766 275
1757370552595 22.032495498657227 276
1757370552652 28.65934944152832 277
1757370552709 20.06428337097168 278
1757370552769 24.3818416595459 279
1757370552826 24.0743350982666 280
1757370552885 25.39324951171875 281
1757370552941 20.454086303710938 282
1757370552999 21.93541717529297 283
1757370553056 24.50297737121582 284
1757370553112 22.8885498046875 285
1757370553171 25.458913803100586 286
1757370553227 21.638925552368164 287
1757370553291 23.672550201416016 288
1757370553349 27.228017807006836 289
1757370553406 23.665992736816406 290
1757370553463 22.140073776245117 291
1757370553519 25.17183494567871 292
1757370553575 24.548791885375977 293
1757370553632 24.134126663208008 294
1757370553687 23.567134857177734 295
1757370553743 21.330379486083984 296
1757370553799 27.0166072845459 297
1757370553857 25.352880477905273 298
1757370553912 22.64875602722168 299
1757370563120 49.34326934814453 0
1757370563182 45.51233673095703 1
1757370563238 43.68446731567383 2
1757370563298 38.11522674560547 3
1757370563353 34.05342483520508 4
1757370563413 27.472463607788086 5
1757370563474 27.126277923583984 6
1757370563530 30.716838836669922 7
1757370563591 29.232044219970703 8
1757370563649 29.888111114501953 9
1757370563707 26.414121627807617 10
1757370563765 25.726987838745117 11
1757370563821 26.988290786743164 12
1757370563877 28.146554946899414 13
1757370563933 29.197561264038086 14
1757370563993 29.011817932128906 15
1757370564048 25.453086853027344 16
1757370564105 29.079011917114258 17
1757370564162 29.613813400268555 18
1757370564219 29.80893325805664 19
1757370564281 25.499467849731445 20
1757370564337 24.650531768798828 21
1757370564393 21.264820098876953 22
1757370564461 30.925626754760742 23
1757370564517 27.125158309936523 24
1757370564574 22.335275650024414 25
1757370564630 28.897977828979492 26
1757370564687 25.61673355102539 27
1757370564743 27.76078987121582 28
1757370564805 26.03435516357422 29
1757370564865 23.888690948486328 30
1757370564922 26.058259963989258 31
1757370565016 28.23824691772461 32
1757370565091 26.09575653076172 33
1757370565150 26.912673950195312 34
1757370565212 26.70570945739746 35
1757370565278 29.257152557373047 36
1757370565335 23.816852569580078 37
1757370565396 27.866029739379883 38
1757370565452 25.732585906982422 39
1757370565509 22.510520935058594 40
1757370565565 25.536657333374023 41
1757370565621 28.988319396972656 42
1757370565677 22.852184295654297 43
1757370565733 26.753681182861328 44
1757370565795 29.817378997802734 45
1757370565850 27.13665771484375 46
1757370565906 23.721717834472656 47
1757370565962 25.372730255126953 48
1757370566018 27.069734573364258 49
1757370566075 24.781959533691406 50
1757370566131 29.3881893157959 51
1757370566191 28.033039093017578 52
1757370566252 27.157163619995117 53
1757370566308 28.425800323486328 54
1757370566363 27.09124755859375 55
1757370566419 30.628948211669922 56
1757370566473 30.238845825195312 57
1757370566529 21.921092987060547 58
1757370566591 22.784433364868164 59
1757370566646 25.517799377441406 60
1757370566702 28.294471740722656 61
1757370566758 26.09808349609375 62
1757370566814 25.615615844726562 63
1757370566870 29.968942642211914 64
1757370566925 26.120155334472656 65
1757370566981 30.854066848754883 66
1757370567039 29.025634765625 67
1757370567095 28.140422821044922 68
1757370567150 25.35317039489746 69
1757370567241 28.553869247436523 70
1757370567296 33.82200622558594 71
1757370567351 21.919889450073242 72
1757370567406 22.89023208618164 73
1757370567462 25.91641616821289 74
1757370567522 27.844228744506836 75
1757370567578 27.54500389099121 76
1757370567634 25.78297996520996 77
1757370567690 27.68031120300293 78
1757370567748 30.120203018188477 79
1757370567805 26.951311111450195 80
1757370567861 25.354053497314453 81
1757370567916 28.69210433959961 82
1757370567972 25.661062240600586 83
1757370568028 25.9858341217041 84
1757370568083 26.076383590698242 85
1757370568139 27.879438400268555 86
1757370568195 26.91372299194336 87
1757370568251 29.49379539489746 88
1757370568308 30.0561580657959 89
1757370568363 27.558767318725586 90
1757370568419 25.795759201049805 91
1757370568476 27.98797607421875 92
1757370568532 26.974225997924805 93
1757370568587 27.234682083129883 94
1757370568642 27.411563873291016 95
1757370568697 26.442943572998047 96
1757370568786 28.003236770629883 97
1757370568875 31.57341957092285 98
1757370568937 29.30473518371582 99
1757370569036 28.027660369873047 100
1757370569094 28.63998794555664 101
1757370569149 32.43288040161133 102
1757370569205 29.220478057861328 103
1757370569263 24.429670333862305 104
1757370569320 27.34441566467285 105
1757370569375 26.86054229736328 106
1757370569432 27.89910316467285 107
1757370569489 27.2641544342041 108
1757370569545 21.581668853759766 109
1757370569602 26.90612030029297 110
1757370569658 27.35143280029297 111
1757370569714 26.134946823120117 112
1757370569774 30.28457260131836 113
1757370569831 26.461252212524414 114
1757370569886 27.925949096679688 115
1757370569942 30.554298400878906 116
1757370569998 30.96713638305664 117
1757370570059 25.179882049560547 118
1757370570115 28.75853157043457 119
1757370570171 27.677175521850586 120
1757370570230 28.242238998413086 121
1757370570289 23.609546661376953 122
1757370570347 28.473224639892578 123
1757370570415 32.257652282714844 124
1757370570477 30.558794021606445 125
1757370570537 26.667116165161133 126
1757370570594 24.143932342529297 127
1757370570649 27.63274574279785 128
1757370570704 26.4416561126709 129
1757370570759 26.345666885375977 130
1757370570820 26.79277801513672 131
1757370570875 25.496196746826172 132
1757370570931 27.86329460144043 133
1757370570992 26.667634963989258 134
1757370571050 27.139562606811523 135
1757370571106 24.606645584106445 136
1757370571195 27.990182876586914 137
1757370571257 27.49602699279785 138
1757370571317 25.959632873535156 139
1757370571387 31.63722038269043 140
1757370571443 26.825828552246094 141
1757370571503 28.894704818725586 142
1757370571559 29.305789947509766 143
1757370571614 28.47856903076172 144
1757370571670 26.294010162353516 145
1757370571726 26.787052154541016 146
1757370571784 30.415910720825195 147
1757370571839 29.214441299438477 148
1757370571896 28.466581344604492 149
1757370571952 27.622865676879883 150
1757370572009 25.915142059326172 151
1757370572066 30.5273380279541 152
1757370572123 29.059688568115234 153
1757370572179 26.445791244506836 154
1757370572236 28.90782928466797 155
1757370572293 26.136995315551758 156
1757370572349 28.01723861694336 157
1757370572404 20.725666046142578 158
1757370572463 26.947589874267578 159
1757370572520 30.96207618713379 160
1757370572576 28.75255584716797 161
1757370572632 27.634611129760742 162
1757370572688 26.853912353515625 163
1757370572744 29.827791213989258 164
1757370572801 26.421546936035156 165
1757370572856 29.92264175415039 166
1757370572913 30.723373413085938 167
1757370572969 23.957128524780273 168
1757370573026 23.343162536621094 169
1757370573085 27.6804141998291 170
1757370573143 27.028907775878906 171
1757370573205 28.060806274414062 172
1757370573263 32.196800231933594 173
1757370573325 30.562889099121094 174
1757370573381 29.29498863220215 175
1757370573438 24.691349029541016 176
1757370573496 25.145660400390625 177
1757370573552 31.387746810913086 178
1757370573610 28.212034225463867 179
1757370573666 24.35828971862793 180
1757370573723 27.029029846191406 181
1757370573780 27.471118927001953 182
1757370573840 28.521623611450195 183
1757370573896 29.26402473449707 184
1757370573953 26.36688232421875 185
1757370574011 31.405014038085938 186
1757370574068 25.838695526123047 187
1757370574124 28.276208877563477 188
1757370574197 28.45498275756836 189
1757370574262 26.68553352355957 190
1757370574320 26.986217498779297 191
1757370574378 29.05272102355957 192
1757370574433 26.751575469970703 193
1757370574488 25.456388473510742 194
1757370574543 28.563875198364258 195
1757370574599 24.058330535888672 196
1757370574654 29.312854766845703 197
1757370574711 26.148605346679688 198
1757370574768 29.28602409362793 199
1757370574823 29.708585739135742 200
1757370574879 26.737070083618164 201
1757370574934 25.424341201782227 202
1757370574990 33.04189682006836 203
1757370575045 27.66429328918457 204
1757370575105 27.98113441467285 205
1757370575161 28.640045166015625 206
1757370575217 25.762866973876953 207
1757370575272 26.82735824584961 208
1757370575327 22.07787322998047 209
1757370575382 28.191316604614258 210
1757370575438 26.54625129699707 211
1757370575493 26.94560432434082 212
1757370575548 25.74785614013672 213
1757370575603 26.342992782592773 214
1757370575658 28.541461944580078 215
1757370575713 26.307039260864258 216
1757370575769 29.856727600097656 217
1757370575824 30.18929100036621 218
1757370575880 30.264314651489258 219
1757370575936 26.082279205322266 220
1757370575991 26.394630432128906 221
1757370576046 29.721118927001953 222
1757370576102 27.029756546020508 223
1757370576157 25.231508255004883 224
1757370576218 29.300575256347656 225
1757370576275 22.601863861083984 226
1757370576330 25.188613891601562 227
1757370576385 29.620424270629883 228
1757370576441 28.857885360717773 229
1757370576496 29.679738998413086 230
1757370576552 28.285226821899414 231
1757370576608 27.389026641845703 232
1757370576665 25.45350456237793 233
1757370576725 23.886369705200195 234
1757370576796 30.767080307006836 235
1757370576852 27.312681198120117 236
1757370576913 24.7430477142334 237
1757370576970 27.3662052154541 238
1757370577031 24.678333282470703 239
1757370577087 27.21612548828125 240
1757370577145 28.646034240722656 241
1757370577201 28.698930740356445 242
1757370577257 23.575725555419922 243
1757370577321 30.158639907836914 244
1757370577384 27.504634857177734 245
1757370577440 28.157920837402344 246
1757370577496 30.679712295532227 247
1757370577552 24.167089462280273 248
1757370577607 26.517799377441406 249
1757370577668 28.801095962524414 250
1757370578465 27.36520004272461 251
1757370578520 26.046512603759766 252
1757370578575 28.60466957092285 253
1757370578629 27.09874725341797 254
1757370578684 27.542179107666016 255
1757370578740 26.754974365234375 256
1757370578799 27.439050674438477 257
1757370578855 25.932374954223633 258
1757370578916 27.36433982849121 259
1757370578972 24.420482635498047 260
1757370579028 24.755382537841797 261
1757370579085 30.825353622436523 262
1757370579142 28.48114013671875 263
1757370579197 29.923067092895508 264
1757370579253 27.319095611572266 265
1757370579310 29.312490463256836 266
1757370579366 29.07133674621582 267
1757370579422 25.2655029296875 268
1757370579478 24.920373916625977 269
1757370579534 29.95755386352539 270
1757370579590 24.589553833007812 271
1757370579645 27.147441864013672 272
1757370579701 29.08721160888672 273
1757370579760 26.413475036621094 274
1757370579816 30.944969177246094 275
1757370579872 29.198476791381836 276
1757370579928 25.531084060668945 277
1757370579985 24.90390396118164 278
1757370580041 21.791946411132812 279
1757370580097 26.120328903198242 280
1757370580153 29.895597457885742 281
1757370580209 24.412273406982422 282
1757370580265 27.79081916809082 283
1757370580329 29.94414520263672 284
1757370580391 27.31806182861328 285
1757370580459 28.964555740356445 286
1757370580526 28.231487274169922 287
1757370580597 29.522428512573242 288
1757370580666 21.822296142578125 289
1757370580732 29.43134307861328 290
1757370580799 25.521404266357422 291
1757370580869 30.189496994018555 292
1757370580935 28.764089584350586 293
1757370581006 27.194856643676758 294
1757370581069 26.682157516479492 295
1757370581134 27.3335018157959 296
1757370581201 27.37818717956543 297
1757370581265 24.32821273803711 298
1757370581330 25.831554412841797 299
1757370592536 45.41724395751953 0
1757370592595 40.15557098388672 1
1757370592656 30.929813385009766 2
1757370592714 30.249248504638672 3
1757370592770 30.90869140625 4
1757370592835 31.132144927978516 5
1757370592891 26.1202449798584 6
1757370592955 26.329185485839844 7
1757370593016 28.093862533569336 8
1757370593073 26.58741569519043 9
1757370593134 25.08914566040039 10
1757370593191 23.230533599853516 11
1757370593248 21.83222770690918 12
1757370593304 26.495811462402344 13
1757370593369 20.0018253326416 14
1757370593427 22.533803939819336 15
1757370593483 24.535215377807617 16
1757370593539 20.688920974731445 17
1757370593596 23.9814510345459 18
1757370593652 28.639495849609375 19
1757370593708 23.300033569335938 20
1757370593765 24.563526153564453 21
1757370593823 22.837650299072266 22
1757370593888 22.31451988220215 23
1757370593950 19.103290557861328 24
1757370594012 18.79545783996582 25
1757370594074 19.97507095336914 26
1757370594136 22.662765502929688 27
1757370594196 23.295494079589844 28
1757370594252 22.81484031677246 29
1757370594308 21.287494659423828 30
1757370594365 22.472976684570312 31
1757370594421 20.354244232177734 32
1757370594476 22.64095687866211 33
1757370594535 20.347759246826172 34
1757370594591 23.57753562927246 35
1757370594649 24.261627197265625 36
1757370594707 22.7044677734375 37
1757370594764 22.570087432861328 38
1757370594831 23.93631935119629 39
1757370594888 21.041034698486328 40
1757370594948 19.279809951782227 41
1757370595004 23.317596435546875 42
1757370595062 23.922935485839844 43
1757370595118 22.18526840209961 44
1757370595175 22.57442855834961 45
1757370595231 23.56566619873047 46
1757370595293 21.79952621459961 47
1757370595350 21.496299743652344 48
1757370595409 22.440519332885742 49
1757370595467 18.430034637451172 50
1757370595526 21.285404205322266 51
1757370595581 21.87986946105957 52
1757370595636 19.830766677856445 53
1757370595692 25.05447769165039 54
1757370595753 22.507904052734375 55
1757370595813 21.694326400756836 56
1757370595872 27.51799201965332 57
1757370595938 20.666061401367188 58
1757370595999 21.512725830078125 59
1757370596055 24.386892318725586 60
1757370596111 25.702735900878906 61
1757370596166 23.759334564208984 62
1757370596223 23.14832305908203 63
1757370596278 21.111160278320312 64
1757370596336 19.344263076782227 65
1757370596393 21.662691116333008 66
1757370596449 26.204166412353516 67
1757370596506 21.22001838684082 68
1757370596563 21.870616912841797 69
1757370596620 20.710878372192383 70
1757370596676 22.7070369720459 71
1757370596731 28.35744285583496 72
1757370596788 21.792564392089844 73
1757370596854 21.05127716064453 74
1757370596911 25.976089477539062 75
1757370596967 22.6133975982666 76
1757370597023 21.93185043334961 77
1757370597087 20.975765228271484 78
1757370597144 18.314687728881836 79
1757370597202 20.445663452148438 80
1757370597257 22.742008209228516 81
1757370597314 21.034229278564453 82
1757370597370 20.85609245300293 83
1757370597426 21.757442474365234 84
1757370597482 20.998783111572266 85
1757370597538 22.39107322692871 86
1757370597593 25.016963958740234 87
1757370597648 17.776180267333984 88
1757370597704 23.28910255432129 89
1757370597760 20.326486587524414 90
1757370597820 22.02115249633789 91
1757370597877 21.14448356628418 92
1757370597935 22.243322372436523 93
1757370597993 19.76449966430664 94
1757370598049 22.87721824645996 95
1757370598108 25.182514190673828 96
1757370598169 22.456266403198242 97
1757370598225 23.71380615234375 98
1757370598284 24.21672248840332 99
1757370598341 22.21247100830078 100
1757370598398 23.44283676147461 101
1757370598454 25.55159568786621 102
1757370598509 20.61269187927246 103
1757370598565 20.6136474609375 104
1757370598621 20.598257064819336 105
1757370598676 20.372373580932617 106
1757370598732 24.766590118408203 107
1757370598787 26.845478057861328 108
1757370598846 20.20022201538086 109
1757370598902 20.882125854492188 110
1757370598959 20.751657485961914 111
1757370599017 22.78564453125 112
1757370599074 22.06618881225586 113
1757370599130 20.06178855895996 114
1757370599186 22.97353172302246 115
1757370599243 21.2081241607666 116
1757370599300 23.31302833557129 117
1757370599361 20.30999755859375 118
1757370599417 19.189096450805664 119
1757370599473 21.498523712158203 120
1757370599530 25.418025970458984 121
1757370599588 22.55507469177246 122
1757370599645 24.27056121826172 123
1757370599702 24.92906379699707 124
1757370599758 22.506242752075195 125
1757370599815 21.614364624023438 126
1757370599871 23.486005783081055 127
1757370599928 22.323577880859375 128
1757370599990 24.46004295349121 129
1757370600048 24.510555267333984 130
1757370600105 23.5620059967041 131
1757370600162 23.108295440673828 132
1757370600221 22.538131713867188 133
1757370600278 20.460420608520508 134
1757370600345 19.243167877197266 135
1757370600402 20.595653533935547 136
1757370600458 24.02484893798828 137
1757370600515 22.195703506469727 138
1757370600577 21.021183013916016 139
1757370600633 20.41712760925293 140
1757370600689 24.467052459716797 141
1757370600751 22.39004898071289 142
1757370600808 21.313602447509766 143
1757370600865 25.012290954589844 144
1757370600921 22.892433166503906 145
1757370600976 16.357261657714844 146
1757370601032 22.572792053222656 147
1757370601088 19.091882705688477 148
1757370601144 22.468530654907227 149
1757370601201 21.148706436157227 150
1757370601256 17.53445816040039 151
1757370601314 23.748220443725586 152
1757370601372 23.418670654296875 153
1757370601433 21.06791877746582 154
1757370601494 23.827117919921875 155
1757370601552 24.105384826660156 156
1757370601612 23.330059051513672 157
1757370601670 20.846961975097656 158
1757370601726 23.56985855102539 159
1757370601784 21.600711822509766 160
1757370601842 20.086280822753906 161
1757370601903 21.26913833618164 162
1757370601959 19.736764907836914 163
1757370602019 20.22831153869629 164
1757370602075 23.469554901123047 165
1757370602131 19.805002212524414 166
1757370602198 27.58635711669922 167
1757370602268 19.163373947143555 168
1757370602337 22.94118309020996 169
1757370602398 20.085662841796875 170
1757370602454 16.12479591369629 171
1757370602509 24.175777435302734 172
1757370602565 18.9412899017334 173
1757370602621 17.90602684020996 174
1757370602676 22.95819664001465 175
1757370602732 22.153648376464844 176
1757370602788 22.664398193359375 177
1757370602844 19.196924209594727 178
1757370602900 24.694721221923828 179
1757370602956 21.438623428344727 180
1757370603011 18.55180549621582 181
1757370603067 26.65260887145996 182
1757370603122 21.164653778076172 183
1757370603185 22.709562301635742 184
1757370603241 24.843645095825195 185
1757370603296 19.12034797668457 186
1757370603352 20.06893539428711 187
1757370603408 23.07777976989746 188
1757370603465 21.526376724243164 189
1757370603522 20.139497756958008 190
1757370603578 19.765750885009766 191
1757370603634 21.527074813842773 192
1757370603689 16.564311981201172 193
1757370603745 19.27294921875 194
1757370603800 20.766813278198242 195
1757370603856 24.363515853881836 196
1757370603912 21.16672706604004 197
1757370603974 21.820234298706055 198
1757370604030 18.590816497802734 199
1757370604088 23.135242462158203 200
1757370604145 20.296215057373047 201
1757370604200 20.677030563354492 202
1757370604256 21.135202407836914 203
1757370604314 21.872861862182617 204
1757370604371 21.667673110961914 205
1757370604427 20.826072692871094 206
1757370604488 19.518573760986328 207
1757370604544 22.92262840270996 208
1757370604601 27.397987365722656 209
1757370604657 24.12247657775879 210
1757370604713 26.178680419921875 211
1757370604769 19.828777313232422 212
1757370604828 22.69270133972168 213
1757370604885 20.83048439025879 214
1757370604941 18.875890731811523 215
1757370604999 20.734243392944336 216
1757370605056 20.59343719482422 217
1757370605114 22.728923797607422 218
1757370605171 26.389741897583008 219
1757370605227 27.467235565185547 220
1757370605285 23.37956428527832 221
1757370605346 25.030025482177734 222
1757370605403 22.293731689453125 223
1757370605459 21.96726417541504 224
1757370605523 22.96788215637207 225
1757370605586 19.8562068939209 226
1757370605642 22.328969955444336 227
1757370605699 24.798181533813477 228
1757370605755 24.088607788085938 229
1757370605846 20.679073333740234 230
1757370605906 26.360567092895508 231
1757370605963 22.476985931396484 232
1757370606023 24.52589988708496 233
1757370606082 25.37685203552246 234
1757370606139 21.476444244384766 235
1757370606196 20.44206428527832 236
1757370606253 23.28509521484375 237
1757370606313 19.798725128173828 238
1757370606370 19.216815948486328 239
1757370606428 22.065338134765625 240
1757370606484 21.573184967041016 241
1757370606543 25.066511154174805 242
1757370606601 18.85967254638672 243
1757370606657 22.256196975708008 244
1757370606714 19.97999382019043 245
1757370606770 21.835830688476562 246
1757370606830 19.64780616760254 247
1757370606887 22.208274841308594 248
1757370606943 21.13593864440918 249
1757370607004 21.447111129760742 250
1757370607060 20.5078125 251
1757370607118 22.038236618041992 252
1757370607176 24.347991943359375 253
1757370607233 19.10360336303711 254
1757370607291 19.92241668701172 255
1757370607355 26.085172653198242 256
1757370607417 20.392881393432617 257
1757370607482 21.08491325378418 258
1757370607538 24.928993225097656 259
1757370607594 19.682170867919922 260
1757370607651 21.697132110595703 261
1757370607708 20.163909912109375 262
1757370607765 22.30338478088379 263
1757370607824 20.64838409423828 264
1757370607881 21.452280044555664 265
1757370607939 20.38906478881836 266
1757370607997 20.749961853027344 267
1757370608054 22.232465744018555 268
1757370608111 21.61836051940918 269
1757370608170 22.755109786987305 270
1757370608230 21.03120994567871 271
1757370608287 22.87074089050293 272
1757370608344 24.036373138427734 273
1757370608400 23.113372802734375 274
1757370608456 24.113269805908203 275
1757370608512 18.37894630432129 276
1757370608568 19.645355224609375 277
1757370608624 21.140287399291992 278
1757370608682 20.917144775390625 279
1757370608738 22.076189041137695 280
1757370608802 19.996362686157227 281
1757370608862 20.260400772094727 282
1757370608918 20.77878761291504 283
1757370608976 22.242446899414062 284
1757370609034 20.017349243164062 285
1757370609092 24.505828857421875 286
1757370609148 22.687442779541016 287
1757370609205 19.844524383544922 288
1757370609265 25.188961029052734 289
1757370609377 23.875776290893555 290
1757370609443 24.437042236328125 291
1757370609507 21.47627830505371 292
1757370609569 19.487796783447266 293
1757370609632 21.39546012878418 294
1757370609695 24.121700286865234 295
1757370609757 20.05784797668457 296
1757370609816 20.23050880432129 297
1757370609872 24.980575561523438 298
1757370609958 22.04701042175293 299
1757370620156 50.23662567138672 0
1757370620229 50.108909606933594 1
1757370620290 49.31179428100586 2
1757370620353 48.47531509399414 3
1757370620410 46.84510803222656 4
1757370620466 42.89780807495117 5
1757370620523 41.29912567138672 6
1757370620578 38.17976760864258 7
1757370620633 37.060272216796875 8
1757370620688 30.681270599365234 9
1757370620743 27.415828704833984 10
1757370620799 27.037546157836914 11
1757370620863 27.997554779052734 12
1757370620919 24.75402069091797 13
1757370620981 26.87587547302246 14
1757370621041 26.839374542236328 15
1757370621100 24.04360580444336 16
1757370621156 26.843185424804688 17
1757370621212 28.561092376708984 18
1757370621268 28.345138549804688 19
1757370621324 27.97086524963379 20
1757370621381 27.515121459960938 21
1757370621437 31.81736946105957 22
1757370621494 24.896207809448242 23
1757370621550 26.19486427307129 24
1757370621608 31.066190719604492 25
1757370621672 27.38876724243164 26
1757370621729 22.7312068939209 27
1757370621786 24.84090805053711 28
1757370621846 26.368249893188477 29
1757370621903 27.905517578125 30
1757370621960 24.42283821105957 31
1757370622020 23.348115921020508 32
1757370622079 21.787506103515625 33
1757370622139 23.442604064941406 34
1757370622196 22.215335845947266 35
1757370622254 22.166765213012695 36
1757370622311 23.758098602294922 37
1757370622366 25.472116470336914 38
1757370622424 25.00748062133789 39
1757370622482 26.22896957397461 40
1757370622545 25.925247192382812 41
1757370622601 23.75308609008789 42
1757370622657 25.432588577270508 43
1757370622718 29.346086502075195 44
1757370622801 21.49825668334961 45
1757370622862 29.690879821777344 46
1757370622920 27.53076171875 47
1757370622981 29.038803100585938 48
1757370623043 22.451656341552734 49
1757370623100 23.52519416809082 50
1757370623156 25.63508415222168 51
1757370623212 26.47174072265625 52
1757370623271 29.884122848510742 53
1757370623329 26.36368751525879 54
1757370623384 23.50591278076172 55
1757370623440 26.088211059570312 56
1757370623496 24.469038009643555 57
1757370623552 23.27223014831543 58
1757370623607 23.434795379638672 59
1757370623663 22.249486923217773 60
1757370623719 25.929241180419922 61
1757370623775 26.552204132080078 62
1757370623838 23.313232421875 63
1757370623893 25.36651039123535 64
1757370623958 22.2299861907959 65
1757370624013 22.789573669433594 66
1757370624069 23.769519805908203 67
1757370624124 23.856042861938477 68
1757370624180 20.596750259399414 69
1757370624235 23.099302291870117 70
1757370624290 24.059276580810547 71
1757370624348 26.99334144592285 72
1757370624404 22.061071395874023 73
1757370624460 24.401531219482422 74
1757370624516 27.382429122924805 75
1757370624572 24.283170700073242 76
1757370624628 22.45055389404297 77
1757370624683 25.94139289855957 78
1757370624738 25.928028106689453 79
1757370624818 21.55919075012207 80
1757370624874 23.535011291503906 81
1757370624929 22.923551559448242 82
1757370624985 24.03765869140625 83
1757370625042 20.960874557495117 84
1757370625107 22.907384872436523 85
1757370625169 25.900259017944336 86
1757370625230 23.537418365478516 87
1757370625291 22.93663215637207 88
1757370625363 26.629436492919922 89
1757370625423 25.647581100463867 90
1757370625485 28.952152252197266 91
1757370625540 24.483327865600586 92
1757370625596 25.940067291259766 93
1757370625653 26.760700225830078 94
1757370625720 24.665441513061523 95
1757370625775 27.768529891967773 96
1757370625830 26.035667419433594 97
1757370625885 23.71411895751953 98
1757370625941 24.71019172668457 99
1757370625996 22.222713470458984 100
1757370626052 24.292701721191406 101
1757370626107 23.681364059448242 102
1757370626163 27.004159927368164 103
1757370626218 23.58162498474121 104
1757370626273 25.770437240600586 105
1757370626330 26.374467849731445 106
1757370626387 25.7830810546875 107
1757370626443 24.904319763183594 108
1757370626499 23.364864349365234 109
1757370626556 26.978103637695312 110
1757370626622 20.903076171875 111
1757370626681 23.384807586669922 112
1757370626740 24.864334106445312 113
1757370626800 24.33884620666504 114
1757370626863 24.050901412963867 115
1757370626924 26.48533058166504 116
1757370626981 20.1452693939209 117
1757370627039 23.469097137451172 118
1757370627105 25.881755828857422 119
1757370627170 25.376392364501953 120
1757370627236 23.88559341430664 121
1757370627292 19.84417724609375 122
1757370627348 23.42972755432129 123
1757370627404 19.888355255126953 124
1757370627460 25.683738708496094 125
1757370627521 21.170724868774414 126
1757370627577 27.836933135986328 127
1757370627633 25.77651596069336 128
1757370627688 21.71942710876465 129
1757370627744 26.285062789916992 130
1757370627801 26.673330307006836 131
1757370627859 24.999839782714844 132
1757370627915 26.122438430786133 133
1757370627970 25.805246353149414 134
1757370628026 25.925540924072266 135
1757370628081 23.758079528808594 136
1757370628137 26.229854583740234 137
1757370628192 25.375276565551758 138
1757370628248 20.722095489501953 139
1757370628304 28.54688835144043 140
1757370628365 26.536052703857422 141
1757370628422 26.713302612304688 142
1757370628478 23.509450912475586 143
1757370628533 24.545522689819336 144
1757370628589 22.565080642700195 145
1757370628646 22.84465980529785 146
1757370628702 21.880409240722656 147
1757370628758 23.385469436645508 148
1757370628814 22.27965545654297 149
1757370628870 24.06063461303711 150
1757370628926 21.178157806396484 151
1757370628981 25.130760192871094 152
1757370629037 22.493764877319336 153
1757370629093 23.20237159729004 154
1757370629148 24.51544952392578 155
1757370629203 25.46129035949707 156
1757370629259 23.98057746887207 157
1757370629314 22.53017234802246 158
1757370629371 22.91891098022461 159
1757370629428 23.714370727539062 160
1757370629484 28.85829734802246 161
1757370629541 26.536935806274414 162
1757370629597 25.929311752319336 163
1757370629664 20.84360694885254 164
1757370629719 23.382217407226562 165
1757370629774 24.216968536376953 166
1757370629836 24.062442779541016 167
1757370629896 24.228858947753906 168
1757370629954 23.992387771606445 169
1757370630009 25.056842803955078 170
1757370630067 22.825153350830078 171
1757370630122 28.436887741088867 172
1757370630177 25.09926986694336 173
1757370630242 22.814769744873047 174
1757370630313 23.89019775390625 175
1757370630381 27.216773986816406 176
1757370630448 20.769733428955078 177
1757370630513 23.63907814025879 178
1757370630579 22.7917537689209 179
1757370630644 26.122526168823242 180
1757370630709 24.86193084716797 181
1757370630774 20.934743881225586 182
1757370630840 21.364810943603516 183
1757370630905 23.95465850830078 184
1757370630970 23.879539489746094 185
1757370631035 29.59859848022461 186
1757370631100 21.768342971801758 187
1757370631166 25.6777400970459 188
1757370631235 21.528669357299805 189
1757370631300 20.072921752929688 190
1757370631365 25.074607849121094 191
1757370631430 25.29327964782715 192
1757370631496 22.903703689575195 193
1757370631561 26.558025360107422 194
1757370631626 21.598478317260742 195
1757370631692 21.978410720825195 196
1757370631756 22.582345962524414 197
1757370631821 27.612863540649414 198
1757370631881 26.902263641357422 199
1757370631940 23.501258850097656 200
1757370631999 24.89397430419922 201
1757370632055 24.62790870666504 202
1757370632113 24.81224250793457 203
1757370632169 21.81900978088379 204
1757370632225 25.743694305419922 205
1757370632282 23.730449676513672 206
1757370632338 25.481287002563477 207
1757370632395 22.378437042236328 208
1757370632452 26.071041107177734 209
1757370632511 28.694751739501953 210
1757370632568 20.50135040283203 211
1757370632625 24.799877166748047 212
1757370632681 26.701053619384766 213
1757370632738 22.995750427246094 214
1757370632794 22.40239715576172 215
1757370632851 28.386417388916016 216
1757370632907 21.02583885192871 217
1757370632963 23.641265869140625 218
1757370633019 25.382984161376953 219
1757370633079 21.05885124206543 220
1757370633137 24.36685562133789 221
1757370633194 20.26854705810547 222
1757370633251 22.532222747802734 223
1757370633307 28.00865936279297 224
1757370633377 21.18873405456543 225
1757370633440 25.43487548828125 226
1757370633499 20.434131622314453 227
1757370633557 24.142608642578125 228
1757370633619 25.482582092285156 229
1757370633683 27.453937530517578 230
1757370633744 23.54192352294922 231
1757370633801 20.96170997619629 232
1757370633858 25.444862365722656 233
1757370633914 27.51426887512207 234
1757370633970 25.53432273864746 235
1757370634027 22.033967971801758 236
1757370634083 26.38675880432129 237
1757370634140 22.965023040771484 238
1757370634196 23.945220947265625 239
1757370634256 23.40296173095703 240
1757370634313 27.17047119140625 241
1757370634375 26.78106689453125 242
1757370634433 20.73643684387207 243
1757370634490 24.920969009399414 244
1757370634547 23.197399139404297 245
1757370634603 23.4309024810791 246
1757370634660 24.11115074157715 247
1757370634716 26.766021728515625 248
1757370634772 24.073476791381836 249
1757370634828 25.83368682861328 250
1757370634888 24.493078231811523 251
1757370634953 23.765682220458984 252
1757370635011 23.217864990234375 253
1757370635073 22.275075912475586 254
1757370635138 23.148540496826172 255
1757370635202 22.08401870727539 256
1757370635266 25.382984161376953 257
1757370635330 23.450178146362305 258
1757370635395 24.552377700805664 259
1757370635459 26.129304885864258 260
1757370635523 27.00743293762207 261
1757370635585 25.074234008789062 262
1757370635645 20.91171646118164 263
1757370635704 19.453664779663086 264
1757370635761 23.3971004486084 265
1757370635822 24.086910247802734 266
1757370635880 25.23802375793457 267
1757370635940 24.70612907409668 268
1757370635997 23.834171295166016 269
1757370636053 24.149139404296875 270
1757370636109 24.125696182250977 271
1757370636164 22.780017852783203 272
1757370636226 24.33729362487793 273
1757370636281 22.166893005371094 274
1757370636341 26.492528915405273 275
1757370636400 25.654207229614258 276
1757370636461 21.07229995727539 277
1757370636517 20.07054328918457 278
1757370636575 23.13939666748047 279
1757370636632 21.800825119018555 280
1757370636688 24.23832893371582 281
1757370636754 20.792442321777344 282
1757370636820 23.557981491088867 283
1757370636878 23.254375457763672 284
1757370636935 23.00044059753418 285
1757370636992 24.50749397277832 286
1757370637054 21.5871524810791 287
1757370637113 24.50687026977539 288
1757370637170 23.95795249938965 289
1757370637227 23.5742130279541 290
1757370637285 23.845443725585938 291
1757370637347 23.051584243774414 292
1757370637407 23.817588806152344 293
1757370637473 19.425893783569336 294
1757370637528 26.751056671142578 295
1757370637584 23.525955200195312 296
1757370637639 23.091447830200195 297
1757370637694 20.334774017333984 298
1757370637749 25.085216522216797 299
1757370645963 47.30170440673828 0
1757370646023 42.579532623291016 1
1757370646078 35.564414978027344 2
1757370646138 32.027435302734375 3
1757370646195 29.499725341796875 4
1757370646251 27.369356155395508 5
1757370646311 25.095422744750977 6
1757370646368 24.04018211364746 7
1757370646424 24.086278915405273 8
1757370646479 23.334558486938477 9
1757370646538 24.10452651977539 10
1757370646599 29.20863151550293 11
1757370646655 23.653886795043945 12
1757370646712 21.19139862060547 13
1757370646768 26.305986404418945 14
1757370646824 22.398433685302734 15
1757370646881 23.109243392944336 16
1757370646950 26.071922302246094 17
1757370647005 28.1015567779541 18
1757370647061 21.08063507080078 19
1757370647117 23.93596076965332 20
1757370647180 25.63851547241211 21
1757370647237 23.7550106048584 22
1757370647294 22.97959327697754 23
1757370647354 21.008085250854492 24
1757370647413 24.63548469543457 25
1757370647469 22.503129959106445 26
1757370647537 19.401657104492188 27
1757370647594 22.021860122680664 28
1757370647648 25.20390510559082 29
1757370647706 23.472232818603516 30
1757370647762 21.82589340209961 31
1757370647818 23.537796020507812 32
1757370647875 26.586679458618164 33
1757370647932 21.247543334960938 34
1757370647994 18.09041404724121 35
1757370648050 26.274179458618164 36
1757370648107 20.911653518676758 37
1757370648163 23.377918243408203 38
1757370648219 26.186365127563477 39
1757370648275 20.987018585205078 40
1757370648330 22.584915161132812 41
1757370648390 23.06626319885254 42
1757370648468 22.31232261657715 43
1757370648527 20.266958236694336 44
1757370648586 20.43968391418457 45
1757370648644 25.27858543395996 46
1757370648701 21.183034896850586 47
1757370648756 18.798921585083008 48
1757370648813 20.959774017333984 49
1757370648870 20.059690475463867 50
1757370648927 18.695510864257812 51
1757370648982 21.082496643066406 52
1757370649037 25.79836082458496 53
1757370649093 22.02657127380371 54
1757370649149 21.718107223510742 55
1757370649204 26.171871185302734 56
1757370649260 18.568403244018555 57
1757370649316 21.2774658203125 58
1757370649373 23.781963348388672 59
1757370649430 24.84300422668457 60
1757370649485 21.307716369628906 61
1757370649543 25.07713508605957 62
1757370649599 22.31020164489746 63
1757370649655 20.714754104614258 64
1757370649711 26.50950050354004 65
1757370649767 21.240636825561523 66
1757370649825 21.725170135498047 67
1757370649881 21.595718383789062 68
1757370649937 23.392778396606445 69
1757370649993 22.143524169921875 70
1757370650048 18.888011932373047 71
1757370650110 18.61301040649414 72
1757370650165 20.96550941467285 73
1757370650224 22.609939575195312 74
1757370650290 25.487409591674805 75
1757370650353 21.05759620666504 76
1757370650408 22.659353256225586 77
1757370650464 21.2742862701416 78
1757370650520 22.393774032592773 79
1757370650576 22.43882179260254 80
1757370650633 21.857460021972656 81
1757370650693 21.73922348022461 82
1757370650749 24.497886657714844 83
1757370650810 24.787490844726562 84
1757370650869 21.406654357910156 85
1757370650932 24.350435256958008 86
1757370650994 21.557849884033203 87
1757370651056 20.971025466918945 88
1757370651118 25.731138229370117 89
1757370651180 20.046539306640625 90
1757370651241 22.697547912597656 91
1757370651304 19.217910766601562 92
1757370651365 21.690555572509766 93
1757370651428 20.29340934753418 94
1757370651489 23.07011604309082 95
1757370651549 22.73099708557129 96
1757370651620 24.509790420532227 97
1757370651677 24.03775978088379 98
1757370651735 20.700450897216797 99
1757370651791 21.858095169067383 100
1757370651846 24.85066795349121 101
1757370651905 21.66733741760254 102
1757370651961 24.641559600830078 103
1757370652016 22.26314353942871 104
1757370652071 26.830785751342773 105
1757370652128 21.253524780273438 106
1757370652186 20.666357040405273 107
1757370652242 18.115840911865234 108
1757370652300 21.083206176757812 109
1757370652360 22.43168830871582 110
1757370652416 21.12691307067871 111
1757370652473 22.355783462524414 112
1757370652530 23.255868911743164 113
1757370652587 21.98768424987793 114
1757370652643 20.951393127441406 115
1757370652699 21.74561309814453 116
1757370652757 19.97124671936035 117
1757370652814 18.85817527770996 118
1757370652872 23.01805877685547 119
1757370652929 24.41044807434082 120
1757370652987 21.63069725036621 121
1757370653049 23.576839447021484 122
1757370653109 22.413660049438477 123
1757370653167 20.569122314453125 124
1757370653227 19.479019165039062 125
1757370653287 17.319927215576172 126
1757370653345 22.46549415588379 127
1757370653404 21.675703048706055 128
1757370653462 21.206390380859375 129
1757370653519 19.665494918823242 130
1757370653576 20.48169708251953 131
1757370653634 24.04801368713379 132
1757370653691 21.05733871459961 133
1757370653749 17.47347068786621 134
1757370653805 17.021934509277344 135
1757370653869 22.957246780395508 136
1757370653927 25.80259132385254 137
1757370653983 22.0936279296875 138
1757370654046 21.97163963317871 139
1757370654109 19.053386688232422 140
1757370654165 21.0312442779541 141
1757370654222 20.215492248535156 142
1757370654279 25.16489601135254 143
1757370654336 20.170915603637695 144
1757370654396 22.868383407592773 145
1757370654451 18.34431266784668 146
1757370654506 21.33910369873047 147
1757370654566 23.791372299194336 148
1757370654627 22.348373413085938 149
1757370654684 21.7358455657959 150
1757370654741 14.682942390441895 151
1757370654800 20.86531639099121 152
1757370654865 22.26248550415039 153
1757370654929 22.17946434020996 154
1757370654990 21.24202537536621 155
1757370655052 22.220035552978516 156
1757370655110 19.83311653137207 157
1757370655171 23.82181739807129 158
1757370655242 23.611799240112305 159
1757370655312 18.353986740112305 160
1757370655380 21.178035736083984 161
1757370655442 18.509801864624023 162
1757370655504 23.79588508605957 163
1757370655564 22.59693717956543 164
1757370655621 23.411762237548828 165
1757370655678 20.488693237304688 166
1757370655735 22.736291885375977 167
1757370655792 23.648921966552734 168
1757370655855 24.21895408630371 169
1757370655918 27.038602828979492 170
1757370655981 21.362777709960938 171
1757370656039 25.877290725708008 172
1757370656097 24.901962280273438 173
1757370656155 20.000459671020508 174
1757370656214 21.765649795532227 175
1757370656271 22.928110122680664 176
1757370656329 22.363933563232422 177
1757370656388 18.976369857788086 178
1757370656448 19.76412582397461 179
1757370656506 18.000295639038086 180
1757370656564 18.970937728881836 181
1757370656622 19.75361442565918 182
1757370656679 23.626680374145508 183
1757370656737 18.945350646972656 184
1757370656794 19.073423385620117 185
1757370656853 20.04524803161621 186
1757370656910 16.634883880615234 187
1757370656987 17.676862716674805 188
1757370657047 22.276065826416016 189
1757370657116 23.026395797729492 190
1757370657182 22.15349006652832 191
1757370657239 19.325965881347656 192
1757370657296 19.775897979736328 193
1757370657351 20.66325569152832 194
1757370657407 19.564651489257812 195
1757370657464 22.796838760375977 196
1757370657521 23.171987533569336 197
1757370657576 22.04822540283203 198
1757370657633 22.77608299255371 199
1757370657688 21.481136322021484 200
1757370657745 19.242172241210938 201
1757370657803 20.143878936767578 202
1757370657861 20.068069458007812 203
1757370657918 22.858802795410156 204
1757370657975 20.21162986755371 205
1757370658033 24.742340087890625 206
1757370658090 22.515323638916016 207
1757370658150 20.13017463684082 208
1757370658207 21.4845027923584 209
1757370658267 19.215484619140625 210
1757370658324 18.900625228881836 211
1757370658383 19.138729095458984 212
1757370658440 18.970293045043945 213
1757370658495 25.165258407592773 214
1757370658552 23.446151733398438 215
1757370658612 21.602563858032227 216
1757370658668 22.407466888427734 217
1757370658724 21.44539451599121 218
1757370658780 21.94228172302246 219
1757370658837 23.06183624267578 220
1757370658894 17.45136260986328 221
1757370658950 20.46747589111328 222
1757370659006 20.27006721496582 223
1757370659067 21.982357025146484 224
1757370659123 19.60679054260254 225
1757370659185 20.188323974609375 226
1757370659247 19.370147705078125 227
1757370659308 22.43446922302246 228
1757370659365 22.968839645385742 229
1757370659422 19.820755004882812 230
1757370659479 21.380184173583984 231
1757370659541 18.604583740234375 232
1757370659602 24.862289428710938 233
1757370659659 23.57403564453125 234
1757370659722 19.143699645996094 235
1757370659786 19.477731704711914 236
1757370659850 17.593196868896484 237
1757370659909 22.263912200927734 238
1757370659966 22.317794799804688 239
1757370660024 20.77079200744629 240
1757370660081 20.99894142150879 241
1757370660138 18.855791091918945 242
1757370660195 20.233373641967773 243
1757370660251 17.17345428466797 244
1757370660308 26.29387664794922 245
1757370660367 21.93096160888672 246
1757370660431 18.897281646728516 247
1757370660491 24.32002067565918 248
1757370660547 21.914928436279297 249
1757370660607 20.84042739868164 250
1757370660664 23.12799644470215 251
1757370660722 20.337026596069336 252
1757370660781 17.888986587524414 253
1757370660840 18.430927276611328 254
1757370660897 24.934141159057617 255
1757370660955 19.039119720458984 256
1757370661012 23.104209899902344 257
1757370661070 22.524459838867188 258
1757370661128 17.839567184448242 259
1757370661190 20.694974899291992 260
1757370661281 20.063446044921875 261
1757370661342 20.58256721496582 262
1757370661401 23.110923767089844 263
1757370661475 22.506282806396484 264
1757370661538 22.579341888427734 265
1757370661600 21.514774322509766 266
1757370661658 21.197813034057617 267
1757370661720 20.192665100097656 268
1757370661776 18.667783737182617 269
1757370661832 23.727210998535156 270
1757370661888 21.177753448486328 271
1757370661944 21.757478713989258 272
1757370662001 26.6001033782959 273
1757370662057 24.88777732849121 274
1757370662117 23.99653434753418 275
1757370662176 23.175933837890625 276
1757370662240 21.809690475463867 277
1757370662297 25.806379318237305 278
1757370662354 20.841650009155273 279
1757370662417 22.206497192382812 280
1757370662473 20.68625831604004 281
1757370662530 22.531766891479492 282
1757370662590 24.798751831054688 283
1757370662650 22.901290893554688 284
1757370662707 21.28191375732422 285
1757370662763 24.11525535583496 286
1757370662824 23.609148025512695 287
1757370662886 21.924190521240234 288
1757370662943 19.392353057861328 289
1757370663004 20.070049285888672 290
1757370663061 17.299388885498047 291
1757370663117 24.772661209106445 292
1757370663174 20.383222579956055 293
1757370663232 22.017892837524414 294
1757370663288 24.962831497192383 295
1757370663345 23.402475357055664 296
1757370663400 22.98375701904297 297
1757370663457 27.111934661865234 298
1757370663512 25.00798797607422 299
1757370671765 44.12531661987305 0
1757370671872 36.13274002075195 1
1757370671963 26.724449157714844 2
1757370672054 25.477087020874023 3
1757370672145 23.51282501220703 4
1757370672235 22.938636779785156 5
1757370672329 25.427919387817383 6
1757370672421 22.74228286743164 7
1757370672516 22.453712463378906 8
1757370672612 22.6059627532959 9
1757370672704 23.654573440551758 10
1757370672799 21.277305603027344 11
1757370672899 22.330163955688477 12
1757370672995 21.67207908630371 13
1757370673092 18.89757537841797 14
1757370673190 22.689645767211914 15
1757370673288 21.391138076782227 16
1757370673380 18.803071975708008 17
1757370673482 19.784727096557617 18
1757370673576 24.462514877319336 19
1757370673666 20.934328079223633 20
1757370673759 22.97258186340332 21
1757370673849 23.06161117553711 22
1757370673943 24.563175201416016 23
1757370674034 23.40129852294922 24
1757370674125 22.910512924194336 25
1757370674216 22.522220611572266 26
1757370674308 20.86509895324707 27
1757370674403 20.980628967285156 28
1757370674494 21.277759552001953 29
1757370674586 20.46822166442871 30
1757370674678 20.751724243164062 31
1757370674770 20.474788665771484 32
1757370674862 21.7728271484375 33
1757370674954 20.722293853759766 34
1757370675052 19.98006248474121 35
1757370675144 19.937623977661133 36
1757370675236 22.717405319213867 37
1757370675329 21.975753784179688 38
1757370675421 22.45391273498535 39
1757370675514 20.23658561706543 40
1757370675606 21.246244430541992 41
1757370675699 19.83291244506836 42
1757370675792 21.398088455200195 43
1757370675885 22.798736572265625 44
1757370675976 21.821592330932617 45
1757370676067 23.097055435180664 46
1757370676160 22.792322158813477 47
1757370676259 23.10537338256836 48
1757370676353 23.80958366394043 49
1757370676447 23.711177825927734 50
1757370676540 19.90532875061035 51
1757370676632 22.00246238708496 52
1757370676724 21.49173927307129 53
1757370676821 19.50072479248047 54
1757370676914 21.80767822265625 55
1757370677010 24.130002975463867 56
1757370677102 21.462308883666992 57
1757370677195 23.14766502380371 58
1757370677290 21.059526443481445 59
1757370677379 20.909515380859375 60
1757370677472 22.070100784301758 61
1757370677567 21.532140731811523 62
1757370677659 21.072315216064453 63
1757370677750 20.578407287597656 64
1757370677841 21.798969268798828 65
1757370677942 21.938974380493164 66
1757370678036 20.952741622924805 67
1757370678128 20.64850425720215 68
1757370678219 22.462238311767578 69
1757370678312 17.47829818725586 70
1757370678403 21.734617233276367 71
1757370678495 21.444169998168945 72
1757370678586 21.251005172729492 73
1757370678678 21.695180892944336 74
1757370678776 20.366378784179688 75
1757370678868 21.88915252685547 76
1757370678962 20.53338623046875 77
1757370679054 21.38551139831543 78
1757370679146 21.54098129272461 79
1757370679238 22.788829803466797 80
1757370679331 24.510051727294922 81
1757370679424 20.40132713317871 82
1757370679516 21.0811710357666 83
1757370679612 20.325847625732422 84
1757370679705 19.390363693237305 85
1757370679798 21.85228157043457 86
1757370679892 21.00282096862793 87
1757370679985 23.33177947998047 88
1757370680077 20.2299747467041 89
1757370680169 22.00724220275879 90
1757370680262 23.387060165405273 91
1757370680354 19.686573028564453 92
1757370680448 20.71112632751465 93
1757370680539 22.293621063232422 94
1757370680632 20.253509521484375 95
1757370680736 22.00415802001953 96
1757370680836 20.175769805908203 97
1757370680935 22.529220581054688 98
1757370681028 19.383771896362305 99
1757370681136 19.088937759399414 100
1757370681228 19.510467529296875 101
1757370681320 19.937637329101562 102
1757370681413 20.14362335205078 103
1757370681507 21.91960334777832 104
1757370681600 21.42626190185547 105
1757370681692 20.996572494506836 106
1757370681784 21.858774185180664 107
1757370681877 19.88925552368164 108
1757370681974 20.197057723999023 109
1757370682073 19.665637969970703 110
1757370682165 20.135543823242188 111
1757370682257 21.53147315979004 112
1757370682349 20.36102294921875 113
1757370682443 21.530664443969727 114
1757370682540 21.848167419433594 115
1757370682634 19.87273406982422 116
1757370682726 23.40570068359375 117
1757370682819 19.706281661987305 118
1757370682914 20.84129524230957 119
1757370683005 22.710933685302734 120
1757370683097 18.67424201965332 121
1757370683189 21.116365432739258 122
1757370683282 22.733993530273438 123
1757370683374 20.446882247924805 124
1757370683466 22.263242721557617 125
1757370683559 24.22028160095215 126
1757370683652 19.52464485168457 127
1757370683745 24.079143524169922 128
1757370683838 22.013721466064453 129
1757370683937 20.509185791015625 130
1757370684031 20.940876007080078 131
1757370684123 20.56641960144043 132
1757370684216 19.006628036499023 133
1757370684309 21.299428939819336 134
1757370684402 20.34078598022461 135
1757370684495 18.76616096496582 136
1757370684587 20.36066436767578 137
1757370684690 23.052553176879883 138
1757370684788 22.95147705078125 139
1757370684878 22.495908737182617 140
1757370684978 21.666906356811523 141
1757370685072 21.08641242980957 142
1757370685166 19.925867080688477 143
1757370685259 20.57965850830078 144
1757370685353 21.252817153930664 145
1757370685448 22.407922744750977 146
1757370685544 19.723297119140625 147
1757370685639 21.488964080810547 148
1757370685732 23.033143997192383 149
1757370685828 22.146705627441406 150
1757370685927 21.586618423461914 151
1757370686020 21.883480072021484 152
1757370686113 22.174848556518555 153
1757370686208 20.183530807495117 154
1757370686302 20.130062103271484 155
1757370686399 21.50185203552246 156
1757370686497 23.105497360229492 157
1757370686594 20.421485900878906 158
1757370686689 22.094532012939453 159
1757370686786 18.249832153320312 160
1757370686890 24.177404403686523 161
1757370686996 19.60147476196289 162
1757370687088 21.262418746948242 163
1757370687180 18.53617286682129 164
1757370687273 22.815324783325195 165
1757370687366 21.61391830444336 166
1757370687459 23.47323989868164 167
1757370687551 20.84071922302246 168
1757370687643 20.028697967529297 169
1757370687737 21.922082901000977 170
1757370687832 18.37670135498047 171
1757370687924 19.92491912841797 172
1757370688019 22.087491989135742 173
1757370688115 23.072874069213867 174
1757370688212 22.0418701171875 175
1757370688305 22.26284408569336 176
1757370688398 19.633176803588867 177
1757370688516 20.45393180847168 178
1757370688641 21.50640106201172 179
1757370688733 18.242931365966797 180
1757370688827 20.020469665527344 181
1757370688923 24.182937622070312 182
1757370689016 21.09859275817871 183
1757370689109 23.650630950927734 184
1757370689204 22.889698028564453 185
1757370689296 21.045190811157227 186
1757370689390 21.941320419311523 187
1757370689483 22.700122833251953 188
1757370689576 20.305906295776367 189
1757370689668 21.55545997619629 190
1757370689761 23.10965919494629 191
1757370689855 19.747175216674805 192
1757370689959 21.105003356933594 193
1757370690051 19.709836959838867 194
1757370690144 19.099416732788086 195
1757370690239 21.654672622680664 196
1757370690332 19.93143653869629 197
1757370690426 20.958398818969727 198
1757370690524 19.629146575927734 199
1757370690629 22.72943687438965 200
1757370690721 19.555015563964844 201
1757370690815 22.03904914855957 202
1757370690909 24.5107479095459 203
1757370691008 20.206247329711914 204
1757370691101 23.67352294921875 205
1757370691193 20.88032341003418 206
1757370691287 21.111740112304688 207
1757370691378 19.73550033569336 208
1757370691471 21.884765625 209
1757370691563 19.41544532775879 210
1757370691662 23.492801666259766 211
1757370691755 18.6502742767334 212
1757370691858 26.283493041992188 213
1757370691958 20.636194229125977 214
1757370692051 18.701017379760742 215
1757370692143 19.601150512695312 216
1757370692237 20.430992126464844 217
1757370692330 20.84786033630371 218
1757370692425 21.143085479736328 219
1757370692519 18.613906860351562 220
1757370692637 19.37533950805664 221
1757370692734 23.38606071472168 222
1757370692828 22.013233184814453 223
1757370692921 22.464176177978516 224
1757370693018 22.379493713378906 225
1757370693116 19.1627140045166 226
1757370693211 20.2230281829834 227
1757370693306 20.993520736694336 228
1757370693398 21.636560440063477 229
1757370693493 22.41629981994629 230
1757370693584 20.42476463317871 231
1757370693675 18.632780075073242 232
1757370693769 22.834630966186523 233
1757370693863 18.448776245117188 234
1757370693956 20.773136138916016 235
1757370694047 21.299551010131836 236
1757370694138 21.3006649017334 237
1757370694230 24.663633346557617 238
1757370694329 22.119487762451172 239
1757370694422 20.395721435546875 240
1757370694513 19.034212112426758 241
1757370694605 20.560550689697266 242
1757370694697 20.719722747802734 243
1757370694794 21.82670783996582 244
1757370694900 18.853200912475586 245
1757370695003 22.573129653930664 246
1757370695107 20.24611473083496 247
1757370695206 20.567123413085938 248
1757370695299 19.896238327026367 249
1757370695391 23.410676956176758 250
1757370695483 19.17514419555664 251
1757370695575 21.15064239501953 252
1757370695668 20.460309982299805 253
1757370695761 20.731252670288086 254
1757370695853 19.876619338989258 255
1757370695948 20.241573333740234 256
1757370696039 22.71336555480957 257
1757370696133 19.79701042175293 258
1757370696224 23.36067008972168 259
1757370696318 19.427898406982422 260
1757370696417 16.890899658203125 261
1757370696511 22.668718338012695 262
1757370696604 19.546497344970703 263
1757370696698 20.10417938232422 264
1757370696793 22.050872802734375 265
1757370696887 20.212329864501953 266
1757370696984 23.734577178955078 267
1757370697090 22.521373748779297 268
1757370697214 19.95854377746582 269
1757370697310 22.309396743774414 270
1757370697410 20.438932418823242 271
1757370697505 17.47356414794922 272
1757370697599 15.891979217529297 273
1757370697692 21.81202507019043 274
1757370697785 20.300539016723633 275
1757370697884 21.003068923950195 276
1757370697978 19.77243995666504 277
1757370698073 16.053054809570312 278
1757370698165 20.729042053222656 279
1757370698267 22.11809730529785 280
1757370698362 21.084491729736328 281
1757370698459 19.195085525512695 282
1757370698554 21.693553924560547 283
1757370698650 24.49404525756836 284
1757370698744 20.560409545898438 285
1757370698840 23.656715393066406 286
1757370698936 21.983675003051758 287
1757370699032 20.952207565307617 288
1757370699127 17.369037628173828 289
1757370699221 20.250429153442383 290
1757370699316 22.899436950683594 291
1757370699414 20.937990188598633 292
1757370699508 21.544097900390625 293
1757370699603 18.756624221801758 294
1757370699697 20.587072372436523 295
1757370699792 21.824275970458984 296
1757370699898 22.407339096069336 297
1757370700021 19.90738296508789 298
1757370700112 21.667659759521484 299
1757370722640 16.287788899739585 0
