1756634911269 98.4967041015625 0
1756634912275 92.24282836914062 1
1756634913230 84.54185485839844 2
1756634914141 68.74221801757812 3
1756634915045 73.08747100830078 4
1756634915949 58.51076889038086 5
1756634916851 68.83173370361328 6
1756634917761 62.416893005371094 7
1756634918669 66.84506225585938 8
1756634919575 63.6828727722168 9
1756634920502 55.52168273925781 10
1756634921422 53.53984069824219 11
1756634922365 55.45671463012695 12
1756634923273 51.662174224853516 13
1756634924182 62.88579177856445 14
1756634925096 59.81930160522461 15
1756634926025 60.711021423339844 16
1756634926952 55.860633850097656 17
1756634927862 57.90959167480469 18
1756634928775 57.8817138671875 19
1756634929686 55.560768127441406 20
1756634930613 65.69316864013672 21
1756634931526 55.819297790527344 22
1756634932481 56.6206169128418 23
1756634933628 54.20059585571289 24
1756634934553 55.7160530090332 25
1756634935472 54.98739242553711 26
1756634936397 64.69823455810547 27
1756634937323 55.766380310058594 28
1756634938241 57.555301666259766 29
1756634939149 51.65237045288086 30
1756634940069 53.4062614440918 31
1756634941006 62.5971565246582 32
1756634941916 55.87060546875 33
1756634942822 54.279727935791016 34
1756634943740 58.99293518066406 35
1756634944663 59.203956604003906 36
1756634945572 59.4606819152832 37
1756634946474 56.673526763916016 38
1756634947383 56.7004280090332 39
1756634948289 53.95490646362305 40
1756634949206 55.90789794921875 41
1756634950133 52.544578552246094 42
1756634951039 62.65727233886719 43
1756634951944 60.315677642822266 44
1756634952855 68.62248229980469 45
1756634953780 57.889469146728516 46
1756634954684 60.480899810791016 47
1756634955590 62.631710052490234 48
1756634956543 56.848758697509766 49
1756634957476 49.95411682128906 50
1756634958410 60.68118667602539 51
1756634959322 61.215187072753906 52
1756634960236 56.901878356933594 53
1756634961150 54.516578674316406 54
1756634962066 64.75316619873047 55
1756634962976 49.44377517700195 56
1756634963885 60.09786605834961 57
1756634964830 56.23415756225586 58
1756634965739 54.086936950683594 59
1756634966640 63.53358459472656 60
1756634967566 64.53485870361328 61
1756634968482 57.988807678222656 62
1756634969386 66.36027526855469 63
1756634970295 57.49845886230469 64
1756634971202 55.29899978637695 65
1756634972109 56.65673828125 66
1756634973021 54.71650695800781 67
1756634973940 61.728267669677734 68
1756634974865 57.119285583496094 69
1756634975798 54.64028549194336 70
1756634976745 55.3691291809082 71
1756634977656 61.392765045166016 72
1756634978572 58.4194450378418 73
1756634979584 50.90824890136719 74
1756634980511 55.76103210449219 75
1756634981561 64.04483032226562 76
1756634982550 53.172218322753906 77
1756634983464 64.58356475830078 78
1756634984399 62.01182556152344 79
1756634985311 51.339908599853516 80
1756634986223 57.01657485961914 81
1756634987138 59.301029205322266 82
1756634988058 57.6689567565918 83
1756634988974 54.997623443603516 84
1756634989910 56.152793884277344 85
1756634990821 63.128963470458984 86
1756634991734 58.4591178894043 87
1756634992644 53.61845397949219 88
1756634993555 67.05316925048828 89
1756634994467 56.861751556396484 90
1756634995371 54.93806457519531 91
1756634996305 61.40574645996094 92
1756634997249 62.7381591796875 93
1756634998175 55.8160400390625 94
1756634999098 61.023136138916016 95
1756635000016 61.62007141113281 96
1756635000940 54.1391487121582 97
1756635001855 53.94219970703125 98
1756635002763 59.61083984375 99
1756635003668 61.96674728393555 100
1756635004587 52.5529670715332 101
1756635005498 54.7186164855957 102
1756635006423 58.493160247802734 103
1756635007337 53.07185363769531 104
1756635008267 61.579933166503906 105
1756635009188 60.87254333496094 106
1756635010112 56.89103698730469 107
1756635011018 58.86268615722656 108
1756635011924 50.60063171386719 109
1756635012831 57.640316009521484 110
1756635013738 60.62998962402344 111
1756635014720 59.90194320678711 112
1756635015634 57.29963684082031 113
1756635016542 51.372154235839844 114
1756635017460 67.12628936767578 115
1756635018393 47.319278717041016 116
1756635019307 58.122310638427734 117
1756635020245 56.95113754272461 118
1756635021203 56.127769470214844 119
1756635022119 59.51611328125 120
1756635023038 47.02922439575195 121
1756635023952 60.751277923583984 122
1756635024856 63.11903381347656 123
1756635025765 54.738807678222656 124
1756635026690 58.5399169921875 125
1756635027618 56.08297348022461 126
1756635028551 67.27725219726562 127
1756635029477 58.14801025390625 128
1756635030406 59.04110336303711 129
1756635031333 50.669776916503906 130
1756635032242 56.70064926147461 131
1756635033161 66.55268859863281 132
1756635034087 57.50541687011719 133
1756635035029 55.73397445678711 134
1756635035964 51.407615661621094 135
1756635036908 51.6447639465332 136
1756635037844 56.652137756347656 137
1756635038740 55.38715744018555 138
1756635039653 55.78139877319336 139
1756635040563 60.85091781616211 140
1756635041474 59.614620208740234 141
1756635042393 58.62759017944336 142
1756635043295 54.72304916381836 143
1756635044214 56.74654769897461 144
1756635045139 53.99972152709961 145
1756635046093 47.0197868347168 146
1756635047037 50.292747497558594 147
1756635047954 55.24740982055664 148
1756635048862 62.6430549621582 149
1756635049775 60.853580474853516 150
1756635050692 58.88228988647461 151
1756635051605 47.28213882446289 152
1756635052521 56.99077224731445 153
1756635053426 51.87582015991211 154
1756635054334 63.55807113647461 155
1756635055249 54.89052963256836 156
1756635056163 68.18128204345703 157
1756635057075 63.405540466308594 158
1756635057991 56.3994255065918 159
1756635058902 65.80677032470703 160
1756635059802 56.98904800415039 161
1756635060742 55.54435729980469 162
1756635061660 57.19057846069336 163
1756635062606 55.14991760253906 164
1756635063819 52.973594665527344 165
1756635064726 60.65141296386719 166
1756635065647 60.1763916015625 167
1756635066552 54.27743148803711 168
1756635067462 58.01988220214844 169
1756635068378 54.9578857421875 170
1756635069304 60.25013732910156 171
1756635070219 56.03921890258789 172
1756635071137 56.5443000793457 173
1756635072043 62.20724105834961 174
1756635072959 49.776790618896484 175
1756635073891 58.2603874206543 176
1756635074811 57.1373291015625 177
1756635075738 58.5987434387207 178
1756635076664 53.531883239746094 179
1756635077588 60.19095230102539 180
1756635078527 51.063758850097656 181
1756635079455 57.822547912597656 182
1756635080380 59.585838317871094 183
1756635081293 55.1578369140625 184
1756635082210 55.345787048339844 185
1756635083122 62.417701721191406 186
1756635084032 59.58110046386719 187
1756635084937 63.117408752441406 188
1756635085842 55.716773986816406 189
1756635086767 61.0252571105957 190
1756635087697 56.648258209228516 191
1756635088602 53.75480651855469 192
1756635089509 59.71772384643555 193
1756635090428 54.069580078125 194
1756635091341 64.49386596679688 195
1756635092249 57.659523010253906 196
1756635093153 53.51228332519531 197
1756635094070 59.876651763916016 198
1756635094975 51.91093826293945 199
1756635095902 56.07135009765625 200
1756635096854 57.069374084472656 201
1756635097801 62.509525299072266 202
1756635098737 61.69292068481445 203
1756635099695 59.83494567871094 204
1756635100601 57.689125061035156 205
1756635101570 63.447914123535156 206
1756635102498 54.37728500366211 207
1756635103433 56.37547302246094 208
1756635104350 49.33295822143555 209
1756635105260 66.23418426513672 210
1756635106170 55.522037506103516 211
1756635107085 55.41656494140625 212
1756635107990 54.61578369140625 213
1756635108902 54.00627517700195 214
1756635109822 62.03855895996094 215
1756635110732 61.581851959228516 216
1756635111661 62.66984939575195 217
1756635112572 65.1570816040039 218
1756635113506 56.56771469116211 219
1756635114408 59.87037658691406 220
1756635115340 62.64216613769531 221
1756635116252 46.07448959350586 222
1756635117158 54.6243782043457 223
1756635118076 60.99552917480469 224
1756635118985 57.49284744262695 225
1756635119904 57.920555114746094 226
1756635120837 55.680747985839844 227
1756635121785 53.46169662475586 228
1756635122692 61.43110275268555 229
1756635123598 55.487388610839844 230
1756635124511 58.41849136352539 231
1756635125422 60.34035873413086 232
1756635126330 58.941383361816406 233
1756635127230 58.761375427246094 234
1756635128150 54.25689697265625 235
1756635129067 57.35732650756836 236
1756635129978 59.01802062988281 237
1756635130891 59.2641487121582 238
1756635131795 53.94731140136719 239
1756635132697 52.84952163696289 240
1756635133608 54.12337875366211 241
1756635134522 58.658260345458984 242
1756635135451 61.8842887878418 243
1756635136362 56.14048767089844 244
1756635137272 52.949039459228516 245
1756635138183 64.7796630859375 246
1756635139115 61.717952728271484 247
1756635140065 59.2761116027832 248
1756635141007 56.87515640258789 249
1756635141942 56.3477783203125 250
1756635142874 56.474388122558594 251
1756635143808 67.6026611328125 252
1756635144720 59.5003547668457 253
1756635145634 56.61667251586914 254
1756635146545 61.94219970703125 255
1756635147481 56.318153381347656 256
1756635148419 54.9731330871582 257
1756635149329 55.1497917175293 258
1756635150240 59.313720703125 259
1756635151151 56.260074615478516 260
1756635152059 68.30030059814453 261
1756635152982 58.9774169921875 262
1756635153908 60.301856994628906 263
1756635154826 62.300655364990234 264
1756635155765 58.6898307800293 265
1756635156721 61.32443618774414 266
1756635157625 51.217586517333984 267
1756635158536 56.21987533569336 268
1756635159454 60.0972785949707 269
1756635160372 54.6780891418457 270
1756635161286 58.60807800292969 271
1756635162219 56.6537971496582 272
1756635163154 52.51908874511719 273
1756635164092 59.36346435546875 274
1756635165045 57.57931137084961 275
1756635165955 46.695556640625 276
1756635166865 61.20804214477539 277
1756635167807 58.3133430480957 278
1756635168721 50.5111083984375 279
1756635169627 55.3813591003418 280
1756635170532 50.72512435913086 281
1756635171442 54.656883239746094 282
1756635172359 56.56959533691406 283
1756635173301 52.707740783691406 284
1756635174215 65.15687561035156 285
1756635175119 53.19305419921875 286
1756635176048 52.492088317871094 287
1756635176978 60.036170959472656 288
1756635177923 68.79981231689453 289
1756635178865 51.76860427856445 290
1756635179807 54.5385856628418 291
1756635180735 62.68032455444336 292
1756635181650 56.94961166381836 293
1756635182561 64.12017059326172 294
1756635183466 58.5677604675293 295
1756635184383 59.77809143066406 296
1756635185286 56.3421516418457 297
1756635186194 62.04030990600586 298
1756635187103 57.8818473815918 299
1756635208463 95.05467987060547 0
1756635209402 72.11479187011719 1
1756635210363 69.1959457397461 2
1756635211268 77.57778930664062 3
1756635212187 73.17008972167969 4
1756635213290 62.10416793823242 5
1756635214195 57.17875671386719 6
1756635215108 51.47438049316406 7
1756635216009 67.22750854492188 8
1756635216919 50.54819107055664 9
1756635217830 60.63296127319336 10
1756635218745 63.31863784790039 11
1756635219664 59.8089599609375 12
1756635220580 52.1522331237793 13
1756635221495 62.08913040161133 14
1756635222398 53.14556121826172 15
1756635223297 64.69813537597656 16
1756635224212 53.54555892944336 17
1756635225122 62.738380432128906 18
1756635226026 46.36484909057617 19
1756635226934 50.909141540527344 20
1756635227840 62.029781341552734 21
1756635228751 56.885433197021484 22
1756635229687 59.88631820678711 23
1756635230594 53.08089065551758 24
1756635231508 57.9501838684082 25
1756635232416 52.429786682128906 26
1756635233339 55.10210037231445 27
1756635234261 53.532379150390625 28
1756635235198 57.98084259033203 29
1756635236123 59.319976806640625 30
1756635237044 55.781002044677734 31
1756635237956 57.37270736694336 32
1756635238900 58.5879020690918 33
1756635239819 46.878746032714844 34
1756635240732 58.5076904296875 35
1756635241642 62.594242095947266 36
1756635242559 50.786624908447266 37
1756635243492 53.04835510253906 38
1756635244395 60.08353042602539 39
1756635245296 58.889713287353516 40
1756635246212 49.626766204833984 41
1756635247133 55.3529052734375 42
1756635248049 53.85496520996094 43
1756635248970 60.9619140625 44
1756635249878 61.66478729248047 45
1756635250787 60.1544075012207 46
1756635251696 54.69585418701172 47
1756635252605 49.962642669677734 48
1756635253519 55.10419464111328 49
1756635254435 57.389347076416016 50
1756635255403 51.909629821777344 51
1756635256346 61.378257751464844 52
1756635257288 53.769859313964844 53
1756635258200 56.974483489990234 54
1756635259120 57.11206817626953 55
1756635260028 49.83127975463867 56
1756635260943 54.80977249145508 57
1756635261860 61.74936294555664 58
1756635262784 54.17626953125 59
1756635263696 54.65489959716797 60
1756635264605 53.1240119934082 61
1756635265515 53.064674377441406 62
1756635266442 57.924896240234375 63
1756635267395 48.29926681518555 64
1756635268344 56.24362564086914 65
1756635269258 55.04777908325195 66
1756635270187 60.190921783447266 67
1756635271100 61.33892059326172 68
1756635272012 58.5434684753418 69
1756635272946 50.47286605834961 70
1756635273858 55.57134246826172 71
1756635274765 58.104888916015625 72
1756635275673 64.14075469970703 73
1756635276611 66.99402618408203 74
1756635277531 54.519065856933594 75
1756635278450 58.97443771362305 76
1756635279361 57.219966888427734 77
1756635280283 48.42967224121094 78
1756635281199 55.57867431640625 79
1756635282126 57.935420989990234 80
1756635283049 56.607582092285156 81
1756635283969 61.01621627807617 82
1756635284931 51.63679122924805 83
1756635285856 50.50421905517578 84
1756635286774 56.86624526977539 85
1756635287685 61.75056076049805 86
1756635288614 56.8675651550293 87
1756635289578 52.95643997192383 88
1756635290502 59.47592544555664 89
1756635291416 51.70668029785156 90
1756635292342 56.792205810546875 91
1756635293275 60.753658294677734 92
1756635294186 58.83349609375 93
1756635295097 58.350372314453125 94
1756635296023 43.13527297973633 95
1756635296965 51.55873107910156 96
1756635297886 63.67259216308594 97
1756635298794 57.20856857299805 98
1756635299708 57.53422546386719 99
1756635300619 52.94253158569336 100
1756635301532 56.407188415527344 101
1756635302453 57.43113708496094 102
1756635303369 54.47063064575195 103
1756635304276 53.12828063964844 104
1756635305229 59.61695098876953 105
1756635306136 56.37359619140625 106
1756635307052 58.61948013305664 107
1756635307973 58.42903518676758 108
1756635308889 52.52760314941406 109
1756635309829 50.06275177001953 110
1756635310742 61.635189056396484 111
1756635311654 53.67638397216797 112
1756635312562 57.998897552490234 113
1756635313473 57.28409194946289 114
1756635314390 51.21700668334961 115
1756635315300 60.03038787841797 116
1756635316234 61.16840362548828 117
1756635317163 59.20355224609375 118
1756635318077 55.95759201049805 119
1756635319014 55.479103088378906 120
1756635319939 50.37562561035156 121
1756635320852 56.9931640625 122
1756635321761 56.03152847290039 123
1756635322671 58.996116638183594 124
1756635323579 54.934837341308594 125
1756635324491 60.02229690551758 126
1756635325401 56.13945007324219 127
1756635326308 57.15880584716797 128
1756635327229 57.19506072998047 129
1756635328143 56.453704833984375 130
1756635329056 53.94755172729492 131
1756635329991 57.59022903442383 132
1756635330903 47.74566650390625 133
1756635331820 58.98090744018555 134
1756635332737 61.5919189453125 135
1756635333648 55.71133804321289 136
1756635334557 55.501625061035156 137
1756635335479 46.200042724609375 138
1756635336403 57.04127502441406 139
1756635337318 53.768863677978516 140
1756635338231 60.07482147216797 141
1756635339188 52.052574157714844 142
1756635340107 54.29339599609375 143
1756635341025 57.442657470703125 144
1756635341960 58.49704360961914 145
1756635343014 49.83929443359375 146
1756635343934 51.500648498535156 147
1756635344866 63.60212707519531 148
1756635345784 54.2919807434082 149
1756635346690 54.66539001464844 150
1756635347604 55.92583465576172 151
1756635348511 55.94649124145508 152
1756635349425 57.63718032836914 153
1756635350334 56.395294189453125 154
1756635351251 52.9676513671875 155
1756635352172 56.09104537963867 156
1756635353086 60.632537841796875 157
1756635353998 54.503719329833984 158
1756635354927 53.08534622192383 159
1756635355840 62.196693420410156 160
1756635356759 56.07513427734375 161
1756635357675 57.784488677978516 162
1756635358592 46.08753967285156 163
1756635359513 54.7529182434082 164
1756635360443 59.043296813964844 165
1756635361362 51.917667388916016 166
1756635362297 58.278324127197266 167
1756635363216 52.22693634033203 168
1756635364150 56.40264129638672 169
1756635365060 52.30836486816406 170
1756635365981 53.12616729736328 171
1756635366911 57.31083297729492 172
1756635367845 54.93230438232422 173
1756635368778 56.04638671875 174
1756635369695 59.14460372924805 175
1756635370607 54.84388732910156 176
1756635371523 60.108123779296875 177
1756635372436 48.9776611328125 178
1756635373346 59.17744827270508 179
1756635374260 60.82673263549805 180
1756635375182 52.76375961303711 181
1756635376096 52.565391540527344 182
1756635377007 59.6083984375 183
1756635377959 48.21435546875 184
1756635378893 54.940521240234375 185
1756635379823 56.74675750732422 186
1756635380745 54.5540885925293 187
1756635381654 58.36140441894531 188
1756635382571 58.74169921875 189
1756635383477 51.662723541259766 190
1756635384388 59.04899978637695 191
1756635385312 51.73991012573242 192
1756635386235 49.397945404052734 193
1756635387175 53.032779693603516 194
1756635388093 50.05035400390625 195
1756635389020 52.94259262084961 196
1756635389926 56.972171783447266 197
1756635390834 57.126686096191406 198
1756635391734 49.104896545410156 199
1756635392646 55.157840728759766 200
1756635393570 57.080604553222656 201
1756635394485 59.64101028442383 202
1756635395405 55.490943908691406 203
1756635396323 52.90448760986328 204
1756635397250 58.1469841003418 205
1756635398168 61.91163635253906 206
1756635399106 51.40116500854492 207
1756635400015 58.299739837646484 208
1756635400920 54.52739715576172 209
1756635401835 57.01805114746094 210
1756635402747 59.94123458862305 211
1756635403654 59.832542419433594 212
1756635404560 61.80978012084961 213
1756635405485 55.242496490478516 214
1756635406395 59.37881851196289 215
1756635407313 53.111690521240234 216
1756635408230 54.36589431762695 217
1756635409154 52.81534194946289 218
1756635410068 60.240997314453125 219
1756635410995 50.76372146606445 220
1756635411907 55.260982513427734 221
1756635412820 57.970882415771484 222
1756635413727 54.854583740234375 223
1756635414666 51.152854919433594 224
1756635415602 58.482059478759766 225
1756635416509 54.989437103271484 226
1756635417458 56.66374969482422 227
1756635418369 54.96416473388672 228
1756635419291 53.321964263916016 229
1756635420204 57.401153564453125 230
1756635421120 44.13422393798828 231
1756635422036 49.49269104003906 232
1756635422947 60.653846740722656 233
1756635423864 58.255924224853516 234
1756635424780 54.73400115966797 235
1756635425709 50.1190299987793 236
1756635426619 46.536712646484375 237
1756635427531 53.58989715576172 238
1756635428444 59.31367874145508 239
1756635429360 53.612239837646484 240
1756635430291 51.45573806762695 241
1756635431210 55.12672424316406 242
1756635432129 56.07162857055664 243
1756635433078 52.72171401977539 244
1756635434014 52.203399658203125 245
1756635434951 42.51538848876953 246
1756635435875 55.581905364990234 247
1756635436809 56.67804718017578 248
1756635437761 51.6531867980957 249
1756635438694 51.4955940246582 250
1756635439608 63.214744567871094 251
1756635440532 56.64206314086914 252
1756635441443 61.15437316894531 253
1756635442370 46.87967300415039 254
1756635443303 51.57028579711914 255
1756635444235 49.413021087646484 256
1756635445143 53.81539535522461 257
1756635446055 54.55424880981445 258
1756635446990 51.326995849609375 259
1756635447926 49.51523971557617 260
1756635448848 55.327415466308594 261
1756635449756 55.06082534790039 262
1756635450666 54.53002166748047 263
1756635451585 62.46214294433594 264
1756635452493 55.22563171386719 265
1756635453392 53.9027214050293 266
1756635454304 62.539188385009766 267
1756635455211 49.31266403198242 268
1756635456113 56.16156005859375 269
1756635457025 57.56721115112305 270
1756635457939 59.04707717895508 271
1756635458909 59.020233154296875 272
1756635459836 56.55378341674805 273
1756635460748 60.484275817871094 274
1756635461656 56.514835357666016 275
1756635462564 57.19648742675781 276
1756635463475 53.73197937011719 277
1756635464392 54.12772750854492 278
1756635465304 54.280635833740234 279
1756635466214 55.91523742675781 280
1756635467129 63.30546569824219 281
1756635468042 56.74579620361328 282
1756635468974 58.129878997802734 283
1756635469911 58.11602020263672 284
1756635470861 52.071224212646484 285
1756635471801 56.471702575683594 286
1756635472858 62.409671783447266 287
1756635473771 50.05445861816406 288
1756635474698 52.142303466796875 289
1756635475614 59.29436111450195 290
1756635476531 63.74704360961914 291
1756635477447 57.6602897644043 292
1756635478357 49.43770980834961 293
1756635479279 53.70343780517578 294
1756635480209 56.21186828613281 295
1756635481165 53.39702224731445 296
1756635482079 56.955989837646484 297
1756635482995 49.92959976196289 298
1756635483905 52.9716796875 299
1756635495448 95.3406982421875 0
1756635496477 72.32368469238281 1
1756635497482 63.69548034667969 2
1756635498455 55.65567398071289 3
1756635499415 57.19196701049805 4
1756635500387 56.20668029785156 5
1756635501383 48.703983306884766 6
1756635502353 52.4094352722168 7
1756635503329 50.916439056396484 8
1756635504300 52.67832946777344 9
1756635505273 49.306251525878906 10
1756635506238 54.852149963378906 11
1756635507219 53.696475982666016 12
1756635508192 51.20694351196289 13
1756635509153 41.07638931274414 14
1756635510116 49.9068603515625 15
1756635511096 48.707271575927734 16
1756635512095 55.7230110168457 17
1756635513067 46.453609466552734 18
1756635514027 47.529884338378906 19
1756635514991 45.35392761230469 20
1756635515972 49.285400390625 21
1756635516951 47.75846862792969 22
1756635517924 49.464359283447266 23
1756635518900 52.63275146484375 24
1756635519871 52.61123275756836 25
1756635520849 51.73966979980469 26
1756635521825 52.1069450378418 27
1756635522795 46.293460845947266 28
1756635523767 42.84151840209961 29
1756635524736 53.134769439697266 30
1756635525707 51.383995056152344 31
1756635526685 47.29818344116211 32
1756635527671 50.90009689331055 33
1756635528668 54.00430679321289 34
1756635529645 55.76395034790039 35
1756635530619 53.01872634887695 36
1756635531590 52.87541580200195 37
1756635532563 46.343040466308594 38
1756635533536 43.47933578491211 39
1756635534501 50.583641052246094 40
1756635535476 52.916202545166016 41
1756635536452 49.914306640625 42
1756635537432 54.11275863647461 43
1756635538398 47.3485107421875 44
1756635539381 52.23747253417969 45
1756635540385 47.872562408447266 46
1756635541362 50.172462463378906 47
1756635542335 55.35966491699219 48
1756635543317 54.01138687133789 49
1756635544300 49.8831787109375 50
1756635545275 56.13706970214844 51
1756635546255 52.64128112792969 52
1756635547222 50.913230895996094 53
1756635548194 56.903865814208984 54
1756635549169 52.848079681396484 55
1756635550165 47.85887145996094 56
1756635551178 48.02497863769531 57
1756635552156 50.626014709472656 58
1756635553128 57.491798400878906 59
1756635554096 52.586124420166016 60
1756635555076 58.95733642578125 61
1756635556039 46.41375732421875 62
1756635557010 51.502193450927734 63
1756635557986 52.76640319824219 64
1756635558956 58.5326042175293 65
1756635559925 46.689388275146484 66
1756635560897 49.62055587768555 67
1756635561877 54.558963775634766 68
1756635562857 51.169734954833984 69
1756635563820 50.72945785522461 70
1756635564799 50.43873596191406 71
1756635565785 51.12275314331055 72
1756635566761 50.770790100097656 73
1756635567762 50.88533020019531 74
1756635568755 47.973365783691406 75
1756635569720 40.20182800292969 76
1756635570707 54.47917175292969 77
1756635571682 47.6552848815918 78
1756635572664 45.36739730834961 79
1756635573669 50.045047760009766 80
1756635574639 54.336727142333984 81
1756635575606 48.548404693603516 82
1756635576591 53.91607666015625 83
1756635577601 49.83177185058594 84
1756635578585 57.24881362915039 85
1756635579625 52.667030334472656 86
1756635580589 48.334815979003906 87
1756635581557 43.66825866699219 88
1756635582528 50.74300765991211 89
1756635583494 44.18344497680664 90
1756635584473 52.1256103515625 91
1756635585452 44.731937408447266 92
1756635586455 47.37138748168945 93
1756635587439 48.45567321777344 94
1756635588414 48.492244720458984 95
1756635589379 45.44527053833008 96
1756635590353 53.054603576660156 97
1756635591314 49.55569839477539 98
1756635592280 53.07564926147461 99
1756635593253 56.71884536743164 100
1756635594216 48.8939323425293 101
1756635595200 45.439823150634766 102
1756635596183 56.7685432434082 103
1756635597143 53.523929595947266 104
1756635598105 45.72921371459961 105
1756635599075 48.238468170166016 106
1756635600054 51.611900329589844 107
1756635601027 50.35414123535156 108
1756635602007 50.122379302978516 109
1756635602981 56.8300895690918 110
1756635603961 55.371517181396484 111
1756635604939 44.204017639160156 112
1756635605909 44.922115325927734 113
1756635606885 50.023624420166016 114
1756635607861 41.82057189941406 115
1756635608861 47.38894271850586 116
1756635609851 48.323753356933594 117
1756635610837 50.6658935546875 118
1756635611813 56.049949645996094 119
1756635612773 50.360172271728516 120
1756635613744 46.55771255493164 121
1756635614707 45.00458908081055 122
1756635615679 45.59999465942383 123
1756635616654 53.605491638183594 124
1756635617653 50.88233947753906 125
1756635618624 47.41218185424805 126
1756635620029 48.01469421386719 127
1756635621039 40.952762603759766 128
1756635622010 48.583370208740234 129
1756635622987 52.876041412353516 130
1756635623955 58.77261734008789 131
1756635624934 50.33460998535156 132
1756635625909 51.63253402709961 133
1756635626895 52.22389221191406 134
1756635627888 46.52415466308594 135
1756635628870 49.78082275390625 136
1756635629847 57.44500732421875 137
1756635630810 52.86433029174805 138
1756635631798 52.820621490478516 139
1756635632766 45.62699890136719 140
1756635633734 50.7594108581543 141
1756635634701 47.314388275146484 142
1756635635680 46.201866149902344 143
1756635636681 51.544246673583984 144
1756635637675 49.79571533203125 145
1756635638692 55.10647964477539 146
1756635639687 62.090843200683594 147
1756635640674 57.287410736083984 148
1756635641653 42.39724349975586 149
1756635642627 53.76300048828125 150
1756635643603 48.71464920043945 151
1756635644583 48.78585433959961 152
1756635645559 49.513729095458984 153
1756635646531 57.74772644042969 154
1756635647498 50.94057846069336 155
1756635648483 47.905311584472656 156
1756635649469 44.28509521484375 157
1756635650454 46.06809616088867 158
1756635651424 46.264404296875 159
1756635652389 50.7266845703125 160
1756635653351 50.99026870727539 161
1756635654324 49.0837287902832 162
1756635655289 46.41839599609375 163
1756635656259 54.358036041259766 164
1756635657232 47.153541564941406 165
1756635658198 54.102237701416016 166
1756635659166 52.8798713684082 167
1756635660138 42.711910247802734 168
1756635661108 49.111087799072266 169
1756635662079 50.56330871582031 170
1756635663053 43.13685607910156 171
1756635664030 50.54743957519531 172
1756635665016 51.37545394897461 173
1756635665993 51.541927337646484 174
1756635666994 54.57289123535156 175
1756635667989 51.5003662109375 176
1756635668963 47.2219123840332 177
1756635669940 50.99452209472656 178
1756635670913 52.23971176147461 179
1756635671905 42.41080093383789 180
1756635672876 50.6252555847168 181
1756635673849 50.62363052368164 182
1756635674850 52.38127136230469 183
1756635675825 51.3436393737793 184
1756635676825 53.841392517089844 185
1756635677810 52.282737731933594 186
1756635678778 46.27106475830078 187
1756635679765 56.1856575012207 188
1756635680734 46.901100158691406 189
1756635681710 50.7247200012207 190
1756635682668 52.347373962402344 191
1756635683644 49.02277755737305 192
1756635684617 54.05929946899414 193
1756635685623 54.75460433959961 194
1756635686618 48.211708068847656 195
1756635687617 49.08805847167969 196
1756635688602 57.85078430175781 197
1756635689582 52.395606994628906 198
1756635690576 50.71261215209961 199
1756635691545 49.497230529785156 200
1756635692521 50.42707824707031 201
1756635693512 47.596622467041016 202
1756635694501 49.870052337646484 203
1756635695480 49.450172424316406 204
1756635696458 51.549537658691406 205
1756635697420 50.45229721069336 206
1756635698381 48.81369400024414 207
1756635699409 48.06156921386719 208
1756635700376 58.17609786987305 209
1756635701361 53.545509338378906 210
1756635702358 53.788818359375 211
1756635703364 49.75082778930664 212
1756635704343 45.710655212402344 213
1756635705318 53.18061828613281 214
1756635706293 49.687110900878906 215
1756635707298 52.26123046875 216
1756635708292 49.37997817993164 217
1756635709266 49.689701080322266 218
1756635710246 48.4637336730957 219
1756635711215 49.082801818847656 220
1756635712174 51.43757629394531 221
1756635713143 47.421424865722656 222
1756635714117 49.90066146850586 223
1756635715085 52.69632339477539 224
1756635716067 53.37034606933594 225
1756635717040 42.51960754394531 226
1756635718016 43.38540267944336 227
1756635718989 45.4037971496582 228
1756635719962 45.59803771972656 229
1756635720942 53.3272705078125 230
1756635721920 60.38896560668945 231
1756635722883 50.108009338378906 232
1756635723859 44.914451599121094 233
1756635724834 53.74655532836914 234
1756635725807 50.82203674316406 235
1756635726778 52.764137268066406 236
1756635727755 48.297237396240234 237
1756635728731 44.423736572265625 238
1756635729710 55.709617614746094 239
1756635730684 48.7314567565918 240
1756635731675 48.36314392089844 241
1756635732658 53.5097541809082 242
1756635733649 46.8775749206543 243
1756635734635 56.9055061340332 244
1756635735636 49.8817138671875 245
1756635736644 57.91340637207031 246
1756635737630 49.1342887878418 247
1756635738609 55.1982421875 248
1756635739585 58.547996520996094 249
1756635740583 57.766727447509766 250
1756635741565 45.68290710449219 251
1756635742548 50.387245178222656 252
1756635743537 50.39139175415039 253
1756635744506 48.0781135559082 254
1756635745472 48.698020935058594 255
1756635746449 44.76488494873047 256
1756635747436 45.819881439208984 257
1756635748396 49.76313781738281 258
1756635749356 53.95820236206055 259
1756635750334 49.818199157714844 260
1756635751311 44.44651794433594 261
1756635752306 49.467098236083984 262
1756635753287 54.02176284790039 263
1756635754279 51.5455436706543 264
1756635755294 55.32496643066406 265
1756635756281 44.1694221496582 266
1756635757274 53.290245056152344 267
1756635758584 47.544803619384766 268
1756635759572 48.829105377197266 269
1756635760560 51.20115661621094 270
1756635761547 51.38386535644531 271
1756635762532 56.045166015625 272
1756635763494 44.3377685546875 273
1756635764453 55.9321174621582 274
1756635765428 49.1897087097168 275
1756635766401 45.20780944824219 276
1756635767381 44.37779235839844 277
1756635768366 51.7246208190918 278
1756635769364 45.85397720336914 279
1756635770338 57.360595703125 280
1756635771311 55.774906158447266 281
1756635772280 49.51199722290039 282
1756635773262 45.34017562866211 283
1756635774229 55.376041412353516 284
1756635775198 49.53501892089844 285
1756635776171 49.999141693115234 286
1756635777164 60.18072509765625 287
1756635778172 47.274356842041016 288
1756635779164 49.85493087768555 289
1756635780127 44.72568893432617 290
1756635781092 44.5851936340332 291
1756635782064 47.841739654541016 292
1756635783047 49.97932434082031 293
1756635784039 48.806907653808594 294
1756635785017 49.71036148071289 295
1756635785991 50.18440246582031 296
1756635786965 45.69532012939453 297
1756635787948 46.985939025878906 298
1756635788943 44.95381164550781 299
1756635799575 89.22380828857422 0
1756635800641 54.10060119628906 1
1756635801613 60.229820251464844 2
1756635802601 66.63871765136719 3
1756635803609 52.25165557861328 4
1756635804578 57.36727523803711 5
1756635805551 63.16537857055664 6
1756635806529 54.77629089355469 7
1756635807509 53.86948776245117 8
1756635808489 47.80397033691406 9
1756635809488 53.2960090637207 10
1756635810488 52.53499221801758 11
1756635811472 49.391178131103516 12
1756635812473 46.591068267822266 13
1756635813481 53.14140319824219 14
1756635814496 50.31293487548828 15
1756635815479 49.6815185546875 16
1756635816446 47.732994079589844 17
1756635817421 53.83906555175781 18
1756635818389 57.287845611572266 19
1756635819400 47.05792999267578 20
1756635820384 51.745479583740234 21
1756635821380 51.42836380004883 22
1756635822375 51.827789306640625 23
1756635823382 51.175045013427734 24
1756635824357 53.247344970703125 25
1756635825345 52.16167449951172 26
1756635826334 48.51655578613281 27
1756635827306 48.56096267700195 28
1756635828281 51.20222091674805 29
1756635829285 57.99732208251953 30
1756635830293 53.77420425415039 31
1756635831300 46.206214904785156 32
1756635832317 52.741737365722656 33
1756635833309 50.95806884765625 34
1756635834291 50.0810661315918 35
1756635835261 46.047096252441406 36
1756635836236 52.654876708984375 37
1756635837227 40.197444915771484 38
1756635838202 52.948646545410156 39
1756635839178 48.55864715576172 40
1756635840178 52.04603958129883 41
1756635841164 57.11164474487305 42
1756635842149 47.22877883911133 43
1756635843129 47.569332122802734 44
1756635844107 44.462650299072266 45
1756635845081 49.975563049316406 46
1756635846048 46.342552185058594 47
1756635847023 58.542240142822266 48
1756635848003 46.086124420166016 49
1756635848983 55.76921844482422 50
1756635849960 53.50777816772461 51
1756635850939 50.653804779052734 52
1756635851912 42.437992095947266 53
1756635852894 49.80513000488281 54
1756635853859 45.3045654296875 55
1756635854829 49.67211151123047 56
1756635855804 51.38628387451172 57
1756635856780 54.15449905395508 58
1756635857758 51.863731384277344 59
1756635858739 54.75407028198242 60
1756635859717 47.9145393371582 61
1756635860700 42.358951568603516 62
1756635861686 55.060157775878906 63
1756635862696 57.07639694213867 64
1756635863685 60.86540985107422 65
1756635864693 45.31442642211914 66
1756635865698 54.357994079589844 67
1756635866676 51.97294235229492 68
1756635867664 47.87859344482422 69
1756635868643 51.44342041015625 70
1756635869643 49.11488723754883 71
1756635870639 47.768157958984375 72
1756635871613 48.55716323852539 73
1756635872590 48.30298614501953 74
1756635873584 46.2294921875 75
1756635874577 48.39932632446289 76
1756635875545 53.46767044067383 77
1756635876515 45.74748229980469 78
1756635877488 53.02401351928711 79
1756635878464 45.837093353271484 80
1756635879445 50.71723556518555 81
1756635880411 56.32270431518555 82
1756635881377 49.910682678222656 83
1756635882351 47.32163619995117 84
1756635883338 46.165977478027344 85
1756635884315 58.50904083251953 86
1756635885296 49.0098991394043 87
1756635886279 51.419857025146484 88
1756635887254 52.230445861816406 89
1756635888242 59.75315856933594 90
1756635889226 52.82373046875 91
1756635890215 53.15448760986328 92
1756635891199 59.54316711425781 93
1756635892186 48.250221252441406 94
1756635893167 50.00239181518555 95
1756635894150 50.77716827392578 96
1756635895128 61.799354553222656 97
1756635896115 50.91415023803711 98
1756635897086 53.015174865722656 99
1756635898066 47.15056228637695 100
1756635899044 49.99549102783203 101
1756635900021 48.509151458740234 102
1756635901008 54.18436813354492 103
1756635902013 50.04863739013672 104
1756635902977 44.61011505126953 105
1756635903965 53.20846176147461 106
1756635904943 43.595947265625 107
1756635906129 50.191993713378906 108
1756635907142 48.13270950317383 109
1756635908154 50.48429870605469 110
1756635909157 55.064388275146484 111
1756635910163 53.63935852050781 112
1756635911144 44.76980972290039 113
1756635912119 50.99883270263672 114
1756635913091 48.18588638305664 115
1756635914053 47.85564041137695 116
1756635915023 42.07855224609375 117
1756635915994 56.52662658691406 118
1756635916961 59.992897033691406 119
1756635917946 51.37411117553711 120
1756635918921 42.069358825683594 121
1756635919885 47.89332580566406 122
1756635920853 55.88008117675781 123
1756635921839 54.66672897338867 124
1756635922829 51.551021575927734 125
1756635923860 49.72774124145508 126
1756635924835 50.60776138305664 127
1756635925811 53.721614837646484 128
1756635926797 53.78499221801758 129
1756635927788 47.56007385253906 130
1756635928768 51.092193603515625 131
1756635929773 46.9034423828125 132
1756635930748 51.96121597290039 133
1756635931735 49.59748077392578 134
1756635932705 51.86724853515625 135
1756635933708 43.065940856933594 136
1756635934717 40.22459411621094 137
1756635935727 49.39108657836914 138
1756635936714 42.71308135986328 139
1756635937703 53.65018844604492 140
1756635938679 47.00936508178711 141
1756635939672 45.2091064453125 142
1756635940660 52.9876594543457 143
1756635941641 47.69230651855469 144
1756635942617 52.916053771972656 145
1756635943607 45.33396911621094 146
1756635944613 52.828453063964844 147
1756635945621 47.72544479370117 148
1756635946613 54.74827575683594 149
1756635947590 53.25898742675781 150
1756635948564 51.02323532104492 151
1756635949539 48.66554260253906 152
1756635950522 54.17118835449219 153
1756635951497 49.630455017089844 154
1756635952471 45.382991790771484 155
1756635953445 52.741825103759766 156
1756635954418 58.91694641113281 157
1756635955404 50.79290771484375 158
1756635956376 46.18393325805664 159
1756635957351 47.16461181640625 160
1756635958326 53.270267486572266 161
1756635959310 49.84528732299805 162
1756635960298 53.40346145629883 163
1756635961282 48.43758773803711 164
1756635962254 53.73128128051758 165
1756635963232 51.45682144165039 166
1756635964217 51.575382232666016 167
1756635965194 48.003082275390625 168
1756635966198 56.76967239379883 169
1756635967209 48.73383712768555 170
1756635968200 41.71007537841797 171
1756635969181 49.29563522338867 172
1756635970163 48.02622985839844 173
1756635971166 44.64673614501953 174
1756635972157 53.06753158569336 175
1756635973187 45.469993591308594 176
1756635974182 54.12261962890625 177
1756635975155 42.40898513793945 178
1756635976145 43.1251220703125 179
1756635977151 43.73136520385742 180
1756635978141 54.32867431640625 181
1756635979139 51.30364990234375 182
1756635980130 51.74772262573242 183
1756635981108 44.73586654663086 184
1756635982079 46.220890045166016 185
1756635983071 46.695152282714844 186
1756635984054 52.509037017822266 187
1756635985026 53.531585693359375 188
1756635986004 45.21525955200195 189
1756635986977 53.27226257324219 190
1756635987963 45.81916427612305 191
1756635988940 47.233062744140625 192
1756635989916 47.72250747680664 193
1756635990916 53.56083297729492 194
1756635991897 54.301002502441406 195
1756635992864 52.126129150390625 196
1756635993867 56.61943817138672 197
1756635994873 52.06832504272461 198
1756635995844 50.31381607055664 199
1756635996838 50.56344985961914 200
1756635997816 45.8363151550293 201
1756635998786 49.91043472290039 202
1756635999748 47.90220260620117 203
1756636000726 52.6903076171875 204
1756636001704 51.4176025390625 205
1756636002680 48.70326232910156 206
1756636003643 51.753971099853516 207
1756636004629 52.1201286315918 208
1756636005628 47.53087615966797 209
1756636006608 42.33208465576172 210
1756636007576 52.07498550415039 211
1756636008553 56.5996208190918 212
1756636009531 46.381935119628906 213
1756636010503 43.23295593261719 214
1756636011475 46.075416564941406 215
1756636012433 48.01459884643555 216
1756636013405 47.70448684692383 217
1756636014369 52.87152099609375 218
1756636015333 52.799625396728516 219
1756636016312 49.67680358886719 220
1756636017292 49.89183044433594 221
1756636018265 46.17893600463867 222
1756636019230 49.61539840698242 223
1756636020190 50.597145080566406 224
1756636021179 49.60724639892578 225
1756636022179 49.06597900390625 226
1756636023169 46.826324462890625 227
1756636024163 48.15824890136719 228
1756636025163 40.805503845214844 229
1756636026165 48.5028190612793 230
1756636027142 44.67128372192383 231
1756636028126 45.733211517333984 232
1756636029103 45.03050994873047 233
1756636030075 46.8045768737793 234
1756636031048 44.26615905761719 235
1756636032021 48.136322021484375 236
1756636032995 44.683677673339844 237
1756636033954 49.3204460144043 238
1756636034932 46.40953063964844 239
1756636035918 43.4695930480957 240
1756636036892 48.562095642089844 241
1756636037867 54.24945068359375 242
1756636038842 48.203086853027344 243
1756636039810 51.401302337646484 244
1756636040797 47.660797119140625 245
1756636041798 46.82276916503906 246
1756636042807 49.56197738647461 247
1756636043836 51.6474723815918 248
1756636044996 48.46025085449219 249
1756636045993 57.66221237182617 250
1756636046983 47.47700500488281 251
1756636047968 46.26218032836914 252
1756636048944 45.394309997558594 253
1756636049916 49.8528938293457 254
1756636050901 46.54076385498047 255
1756636051874 47.46363830566406 256
1756636052853 49.83607864379883 257
1756636053824 53.7109489440918 258
1756636054800 48.400787353515625 259
1756636055784 47.04561233520508 260
1756636056773 48.386817932128906 261
1756636057751 50.537593841552734 262
1756636058766 52.6192741394043 263
1756636059802 47.59804153442383 264
1756636060786 42.511898040771484 265
1756636061783 45.880062103271484 266
1756636062785 52.156986236572266 267
1756636063774 46.09256362915039 268
1756636064763 47.32283020019531 269
1756636065743 56.5649528503418 270
1756636066748 49.075260162353516 271
1756636067753 51.8712272644043 272
1756636068738 42.19004440307617 273
1756636069727 45.24283981323242 274
1756636070702 49.29239273071289 275
1756636071696 45.85612869262695 276
1756636072682 48.792659759521484 277
1756636073649 47.873260498046875 278
1756636074627 50.2397575378418 279
1756636075606 43.73112106323242 280
1756636076580 57.67027282714844 281
1756636077570 44.78664779663086 282
1756636078582 48.88120651245117 283
1756636079549 50.73046875 284
1756636080524 54.348819732666016 285
1756636081523 55.70066833496094 286
1756636082522 50.223228454589844 287
1756636083524 49.61107635498047 288
1756636084505 45.39082336425781 289
1756636085511 54.105960845947266 290
1756636086504 49.525577545166016 291
1756636087476 47.57741165161133 292
1756636088457 51.41948318481445 293
1756636089423 48.98847198486328 294
1756636090399 47.36126708984375 295
1756636091377 50.22550964355469 296
1756636092346 55.70621871948242 297
1756636093306 54.929290771484375 298
1756636094273 43.74761199951172 299
1756636103930 95.7957763671875 0
1756636105032 67.80567169189453 1
1756636106079 58.05628967285156 2
1756636107124 61.25752258300781 3
1756636108148 50.56650161743164 4
1756636109168 51.08927917480469 5
1756636110185 58.2583122253418 6
1756636111208 48.79167556762695 7
1756636112234 44.56248092651367 8
1756636113267 53.4341926574707 9
1756636114290 54.22334289550781 10
1756636115322 51.08035659790039 11
1756636116341 47.407020568847656 12
1756636117360 50.7677001953125 13
1756636118410 37.84986877441406 14
1756636119474 47.789730072021484 15
1756636120507 48.58062744140625 16
1756636121522 52.7536506652832 17
1756636122545 51.920143127441406 18
1756636123570 48.0556755065918 19
1756636124596 52.181209564208984 20
1756636125632 46.63410949707031 21
1756636126665 53.010292053222656 22
1756636127685 48.361263275146484 23
1756636128708 51.69687271118164 24
1756636129728 49.83705139160156 25
1756636130781 47.099159240722656 26
1756636131829 48.482688903808594 27
1756636132864 52.81415939331055 28
1756636133899 51.39469909667969 29
1756636134920 56.40938949584961 30
1756636135956 46.322021484375 31
1756636136987 46.627079010009766 32
1756636138038 48.8095703125 33
1756636139104 50.31423568725586 34
1756636140178 47.54974365234375 35
1756636141228 45.38811111450195 36
1756636142250 38.126216888427734 37
1756636143282 37.86143493652344 38
1756636144306 46.75132751464844 39
1756636145356 41.3310546875 40
1756636146382 40.98358154296875 41
1756636147422 51.35795593261719 42
1756636148448 44.8166618347168 43
1756636149491 50.519020080566406 44
1756636150521 51.8198356628418 45
1756636151554 44.75761413574219 46
1756636152589 46.900508880615234 47
1756636153616 45.44046401977539 48
1756636154659 56.56883239746094 49
1756636155687 48.93547439575195 50
1756636156753 48.94921875 51
1756636157815 47.65384292602539 52
1756636158850 50.864192962646484 53
1756636159889 46.480289459228516 54
1756636160946 49.15534591674805 55
1756636161978 43.115394592285156 56
1756636163010 46.01959228515625 57
1756636164044 48.0567741394043 58
1756636165076 46.78326416015625 59
1756636166114 51.7081184387207 60
1756636167156 49.167545318603516 61
1756636168190 54.6396484375 62
1756636169220 45.028907775878906 63
1756636170250 50.6400146484375 64
1756636171293 46.70207595825195 65
1756636172358 58.12339782714844 66
1756636173427 48.239830017089844 67
1756636174485 51.479923248291016 68
1756636175533 48.91404724121094 69
1756636176577 48.1923828125 70
1756636177598 56.868595123291016 71
1756636178654 41.23814392089844 72
1756636179709 45.406211853027344 73
1756636180724 50.69279861450195 74
1756636181748 51.527183532714844 75
1756636182770 46.9580192565918 76
1756636183804 52.14432144165039 77
1756636184882 49.98905944824219 78
1756636185929 55.26786804199219 79
1756636186951 47.59769058227539 80
1756636187996 44.838321685791016 81
1756636189021 55.029396057128906 82
1756636190041 50.8423957824707 83
1756636191066 48.525978088378906 84
1756636192096 43.63856506347656 85
1756636193117 46.5347900390625 86
1756636194153 50.0038948059082 87
1756636195182 41.617244720458984 88
1756636196358 49.82387924194336 89
1756636197380 43.69061279296875 90
1756636198410 47.955631256103516 91
1756636199431 43.59064483642578 92
1756636200449 48.55278015136719 93
1756636201471 50.55329895019531 94
1756636202501 46.642822265625 95
1756636203522 43.595211029052734 96
1756636204538 53.4785041809082 97
1756636205559 42.824405670166016 98
1756636206577 45.23484802246094 99
1756636207602 51.4107780456543 100
1756636208618 54.960758209228516 101
1756636209638 49.47412109375 102
1756636210664 48.89511489868164 103
1756636211702 40.5067138671875 104
1756636212754 51.04136657714844 105
1756636213798 48.39985275268555 106
1756636214812 48.78559494018555 107
1756636215825 54.913455963134766 108
1756636216856 47.8544807434082 109
1756636217885 49.788818359375 110
1756636218912 50.911781311035156 111
1756636219937 43.90333557128906 112
1756636220958 47.6456298828125 113
1756636221981 49.93624496459961 114
1756636222999 56.970523834228516 115
1756636224027 48.966854095458984 116
1756636225047 51.803077697753906 117
1756636226108 48.64323425292969 118
1756636227157 48.28622055053711 119
1756636228187 51.59977722167969 120
1756636229209 45.9898681640625 121
1756636230234 51.4226188659668 122
1756636231249 52.84208679199219 123
1756636232271 47.62840270996094 124
1756636233295 43.268009185791016 125
1756636234324 48.71477127075195 126
1756636235388 48.34975814819336 127
1756636236449 45.6539192199707 128
1756636237463 51.06808090209961 129
1756636238495 44.81336975097656 130
1756636239512 52.382911682128906 131
1756636240561 45.528221130371094 132
1756636241599 51.43281555175781 133
1756636242633 43.463539123535156 134
1756636243664 49.0870361328125 135
1756636244690 43.49378967285156 136
1756636245708 47.31326675415039 137
1756636246744 45.05447769165039 138
1756636247762 46.706016540527344 139
1756636248781 44.791343688964844 140
1756636249803 47.65045166015625 141
1756636250831 43.44011306762695 142
1756636251865 44.718910217285156 143
1756636252889 52.1274528503418 144
1756636253943 39.25787353515625 145
1756636254963 52.92619323730469 146
1756636255978 37.192604064941406 147
1756636257008 50.551876068115234 148
1756636258042 53.494319915771484 149
1756636259090 56.996070861816406 150
1756636260124 53.152835845947266 151
1756636261137 46.8010139465332 152
1756636262169 55.0771369934082 153
1756636263203 48.993839263916016 154
1756636264222 44.442054748535156 155
1756636265251 50.036399841308594 156
1756636266295 44.87045669555664 157
1756636267316 47.074398040771484 158
1756636268337 47.77203369140625 159
1756636269360 48.10262680053711 160
1756636270391 45.16405487060547 161
1756636271428 45.457393646240234 162
1756636272471 43.45125198364258 163
1756636273499 43.0485954284668 164
1756636274519 49.462589263916016 165
1756636275538 44.156288146972656 166
1756636276553 51.519649505615234 167
1756636277576 37.420494079589844 168
1756636278624 44.52680206298828 169
1756636279652 55.61336898803711 170
1756636280682 53.823001861572266 171
1756636281701 45.797115325927734 172
1756636282733 53.914913177490234 173
1756636283780 48.523292541503906 174
1756636284799 42.171207427978516 175
1756636285833 40.49429702758789 176
1756636286862 53.344608306884766 177
1756636287884 44.37962341308594 178
1756636288919 42.82427978515625 179
1756636289939 47.98411560058594 180
1756636290973 49.82851791381836 181
1756636291987 49.51260757446289 182
1756636293037 46.733219146728516 183
1756636294083 40.94633483886719 184
1756636295131 47.540306091308594 185
1756636296170 47.74899673461914 186
1756636297197 39.04759979248047 187
1756636298224 42.48344421386719 188
1756636299268 44.99213790893555 189
1756636300286 51.46780776977539 190
1756636301303 42.24784851074219 191
1756636302332 46.255252838134766 192
1756636303353 48.112525939941406 193
1756636304374 43.09325408935547 194
1756636305412 41.522789001464844 195
1756636306445 46.467193603515625 196
1756636307469 54.303646087646484 197
1756636308497 44.93246078491211 198
1756636309520 48.039222717285156 199
1756636310541 47.30116271972656 200
1756636311558 51.41617202758789 201
1756636312589 46.4741325378418 202
1756636313608 42.72210693359375 203
1756636314625 52.725257873535156 204
1756636315645 52.484474182128906 205
1756636316664 48.18796157836914 206
1756636317684 49.23789978027344 207
1756636318706 49.05521011352539 208
1756636319744 51.804630279541016 209
1756636320764 48.22930908203125 210
1756636321784 44.42335510253906 211
1756636322815 49.260963439941406 212
1756636323838 44.71651840209961 213
1756636324859 49.43707275390625 214
1756636325880 44.205631256103516 215
1756636326910 43.052982330322266 216
1756636327957 42.488037109375 217
1756636329000 47.05681228637695 218
1756636330026 50.425411224365234 219
1756636331051 49.58427429199219 220
1756636332086 49.13197326660156 221
1756636333127 39.960121154785156 222
1756636334187 48.40992736816406 223
1756636335241 53.06452941894531 224
1756636336251 45.532649993896484 225
1756636337285 49.05166244506836 226
1756636338313 48.78728103637695 227
1756636339331 48.51019287109375 228
1756636340351 44.71804428100586 229
1756636341477 53.16131591796875 230
1756636342493 48.53765869140625 231
1756636343512 51.06340026855469 232
1756636344538 43.62765121459961 233
1756636345550 43.399227142333984 234
1756636346566 51.47469711303711 235
1756636347589 49.68501281738281 236
1756636348621 45.670833587646484 237
1756636349638 43.70345687866211 238
1756636350656 43.933380126953125 239
1756636351672 50.397647857666016 240
1756636352706 55.56315994262695 241
1756636353729 49.288414001464844 242
1756636354761 52.263309478759766 243
1756636355788 45.38664627075195 244
1756636356808 48.43880844116211 245
1756636357823 48.96641540527344 246
1756636358836 45.96696472167969 247
1756636359849 54.93484115600586 248
1756636360890 49.81118392944336 249
1756636361918 47.68299865722656 250
1756636362936 45.74417495727539 251
1756636363954 53.16001892089844 252
1756636364976 50.76669692993164 253
1756636365995 44.8349723815918 254
1756636367012 42.36376190185547 255
1756636368035 47.04631042480469 256
1756636369057 52.167396545410156 257
1756636370074 51.604434967041016 258
1756636371094 46.27459716796875 259
1756636372118 43.4084358215332 260
1756636373156 45.55661392211914 261
1756636374175 49.48747634887695 262
1756636375192 51.09247970581055 263
1756636376204 44.818092346191406 264
1756636377231 40.96174240112305 265
1756636378251 51.8619270324707 266
1756636379281 47.36092758178711 267
1756636380317 44.26771545410156 268
1756636381359 54.5821418762207 269
1756636382375 43.730857849121094 270
1756636383392 40.72084045410156 271
1756636384415 45.930477142333984 272
1756636385449 48.358455657958984 273
1756636386494 45.21450424194336 274
1756636387550 41.33098220825195 275
1756636388594 46.414306640625 276
1756636389632 46.97090148925781 277
1756636390686 44.60602951049805 278
1756636391726 50.15802001953125 279
1756636392760 43.1237678527832 280
1756636393782 56.720035552978516 281
1756636394802 45.996917724609375 282
1756636395819 39.81842041015625 283
1756636396837 52.99310302734375 284
1756636397879 43.06828689575195 285
1756636398932 46.87403869628906 286
1756636399980 45.810829162597656 287
1756636401005 49.337642669677734 288
1756636402052 46.68050765991211 289
1756636403070 46.57679748535156 290
1756636404089 39.448848724365234 291
1756636405111 53.38936996459961 292
1756636406126 48.235294342041016 293
1756636407179 51.286808013916016 294
1756636408228 57.44143295288086 295
1756636409260 53.13870620727539 296
1756636410282 52.15861511230469 297
1756636411322 51.467552185058594 298
1756636412340 56.6562614440918 299
1756636422925 89.85161590576172 0
1756636424012 59.536888122558594 1
1756636425052 65.89435577392578 2
1756636426093 54.742923736572266 3
1756636427131 44.55581283569336 4
1756636428176 46.36600875854492 5
1756636429207 46.5556755065918 6
1756636430246 50.54509353637695 7
1756636431306 50.069122314453125 8
1756636432338 44.5777702331543 9
1756636433389 43.44511032104492 10
1756636434422 39.77364730834961 11
1756636435459 43.31590270996094 12
1756636436491 51.82891082763672 13
1756636437530 44.38761520385742 14
1756636438563 46.8646240234375 15
1756636439594 48.2567253112793 16
1756636440632 50.831626892089844 17
1756636441679 50.827327728271484 18
1756636442723 48.90202713012695 19
1756636443751 51.62044143676758 20
1756636444788 44.60448455810547 21
1756636445835 53.619590759277344 22
1756636446876 54.85332489013672 23
1756636447916 49.59909439086914 24
1756636448978 53.3817024230957 25
1756636450039 47.82164001464844 26
1756636451098 50.953678131103516 27
1756636452133 55.4766845703125 28
1756636453166 52.81047439575195 29
1756636454234 51.254005432128906 30
1756636455295 45.743919372558594 31
1756636456329 45.89179229736328 32
1756636457360 49.50127410888672 33
1756636458409 54.423892974853516 34
1756636459444 48.96978759765625 35
1756636460482 50.181739807128906 36
1756636461520 47.07575607299805 37
1756636462552 45.97819900512695 38
1756636463624 55.327274322509766 39
1756636464676 49.207759857177734 40
1756636465713 48.2714729309082 41
1756636466750 47.05503463745117 42
1756636467816 48.286685943603516 43
1756636468858 51.5010986328125 44
1756636469906 50.190528869628906 45
1756636470949 45.19955825805664 46
1756636471982 52.073463439941406 47
1756636473037 42.544925689697266 48
1756636474075 51.29847717285156 49
1756636475115 47.98393249511719 50
1756636476162 48.349693298339844 51
1756636477197 42.490726470947266 52
1756636478235 49.353878021240234 53
1756636479271 51.23881912231445 54
1756636480312 47.011390686035156 55
1756636481402 44.786224365234375 56
1756636482496 52.56766891479492 57
1756636483539 46.30945587158203 58
1756636484575 45.44841003417969 59
1756636485612 49.50374221801758 60
1756636486651 45.95120620727539 61
1756636487690 53.349483489990234 62
1756636488773 47.571815490722656 63
1756636489812 42.22413635253906 64
1756636490846 46.94242858886719 65
1756636491880 49.937652587890625 66
1756636492915 51.294921875 67
1756636493950 56.7630729675293 68
1756636495009 51.36061477661133 69
1756636496111 53.2891845703125 70
1756636497212 47.96095275878906 71
1756636498245 41.4952507019043 72
1756636499281 52.825096130371094 73
1756636500321 53.13081359863281 74
1756636501362 54.964290618896484 75
1756636502395 43.839481353759766 76
1756636503438 56.41043472290039 77
1756636504476 50.229713439941406 78
1756636505518 41.96726608276367 79
1756636506560 49.72523880004883 80
1756636507604 44.81150436401367 81
1756636508646 53.58856964111328 82
1756636509703 38.2796630859375 83
1756636510765 44.16451644897461 84
1756636511797 42.145084381103516 85
1756636512829 56.017578125 86
1756636513891 52.781009674072266 87
1756636514971 47.700782775878906 88
1756636516039 48.8852424621582 89
1756636517091 47.89723205566406 90
1756636518126 52.762420654296875 91
1756636519157 45.37824630737305 92
1756636520189 51.70074462890625 93
1756636521235 54.67251205444336 94
1756636522283 51.152339935302734 95
1756636523350 46.697818756103516 96
1756636524419 50.09587860107422 97
1756636525486 47.907527923583984 98
1756636526534 53.60037612915039 99
1756636527566 51.56328582763672 100
1756636528598 56.54169464111328 101
1756636529638 51.782493591308594 102
1756636530675 49.29617691040039 103
1756636531733 46.88821029663086 104
1756636532770 49.10081481933594 105
1756636533803 44.599735260009766 106
1756636534838 48.10667419433594 107
1756636535884 51.57017135620117 108
1756636536923 49.105159759521484 109
1756636537959 46.54194641113281 110
1756636539044 50.470428466796875 111
1756636540084 52.75470733642578 112
1756636541132 44.019866943359375 113
1756636542183 50.44443893432617 114
1756636543223 45.75930404663086 115
1756636544263 41.33469772338867 116
1756636545297 46.2923583984375 117
1756636546344 47.82084655761719 118
1756636547390 52.556793212890625 119
1756636548422 46.21942901611328 120
1756636549457 44.91362380981445 121
1756636550508 47.02627944946289 122
1756636551549 51.633602142333984 123
1756636552605 45.87895202636719 124
1756636553638 42.763423919677734 125
1756636554665 52.74007034301758 126
1756636555706 47.31800842285156 127
1756636556764 51.19973373413086 128
1756636557800 46.38470458984375 129
1756636558853 45.52565002441406 130
1756636559905 43.143070220947266 131
1756636560937 43.31587600708008 132
1756636561975 46.391117095947266 133
1756636563006 43.498191833496094 134
1756636564054 50.14371871948242 135
1756636565106 45.49938201904297 136
1756636566151 45.860015869140625 137
1756636567192 54.332740783691406 138
1756636568258 50.71754455566406 139
1756636569289 46.74988555908203 140
1756636570321 49.01274871826172 141
1756636571355 46.58891296386719 142
1756636572386 53.33110046386719 143
1756636573446 50.38287353515625 144
1756636574492 47.61387252807617 145
1756636575556 49.55121612548828 146
1756636576608 47.16116714477539 147
1756636577641 50.96317672729492 148
1756636578677 53.95085906982422 149
1756636579725 47.54536056518555 150
1756636580763 50.78364181518555 151
1756636581804 48.93010330200195 152
1756636582858 49.34427261352539 153
1756636583907 53.58421325683594 154
1756636584970 50.6536979675293 155
1756636586003 39.801124572753906 156
1756636587038 46.9130744934082 157
1756636588082 51.208961486816406 158
1756636589124 45.137081146240234 159
1756636590156 43.92336654663086 160
1756636591190 44.52793502807617 161
1756636592229 54.34233856201172 162
1756636593269 50.69763946533203 163
1756636594310 45.936622619628906 164
1756636595336 45.99689483642578 165
1756636596379 36.109188079833984 166
1756636597412 51.7274169921875 167
1756636598463 51.0958137512207 168
1756636599513 48.51520919799805 169
1756636600550 49.05755615234375 170
1756636601630 46.00929260253906 171
1756636602659 50.446041107177734 172
1756636603694 56.40960693359375 173
1756636604728 49.82402801513672 174
1756636605769 52.51312255859375 175
1756636606808 49.61185073852539 176
1756636607848 48.25029754638672 177
1756636608903 53.089515686035156 178
1756636609942 44.19513702392578 179
1756636610989 48.818634033203125 180
1756636612034 48.666656494140625 181
1756636613083 43.44837951660156 182
1756636614132 50.72148132324219 183
1756636615184 44.420894622802734 184
1756636616224 46.88657760620117 185
1756636617253 52.68000411987305 186
1756636618287 46.48023986816406 187
1756636619327 45.413299560546875 188
1756636620362 50.83192825317383 189
1756636621398 51.48772048950195 190
1756636622446 48.11784744262695 191
1756636623481 51.07026290893555 192
1756636624514 49.259063720703125 193
1756636625546 48.2520751953125 194
1756636626580 46.64792251586914 195
1756636627609 47.336448669433594 196
1756636628643 45.107688903808594 197
1756636629693 49.574867248535156 198
1756636630752 43.90544509887695 199
1756636631810 47.369991302490234 200
1756636632844 48.08442687988281 201
1756636633879 55.34378433227539 202
1756636634910 46.71636962890625 203
1756636635939 45.982513427734375 204
1756636636965 42.84282684326172 205
1756636637999 45.252925872802734 206
1756636639047 46.7979621887207 207
1756636640106 48.349220275878906 208
1756636641132 43.15239715576172 209
1756636642161 45.47135543823242 210
1756636643277 45.46302795410156 211
1756636644348 51.800907135009766 212
1756636645403 47.07046127319336 213
1756636646462 50.01880645751953 214
1756636647528 42.414737701416016 215
1756636648569 54.72795486450195 216
1756636649599 41.106258392333984 217
1756636650630 50.12238693237305 218
1756636651713 47.26292419433594 219
1756636652781 46.254573822021484 220
1756636653834 57.06266403198242 221
1756636654878 57.49449157714844 222
1756636655908 41.95726776123047 223
1756636656945 52.6329460144043 224
1756636657983 42.96977233886719 225
1756636659073 49.84105682373047 226
1756636660105 50.31550216674805 227
1756636661135 44.32212448120117 228
1756636662166 48.70596694946289 229
1756636663203 44.19736862182617 230
1756636664239 41.99615478515625 231
1756636665279 53.23191833496094 232
1756636666322 49.8819465637207 233
1756636667357 45.09174346923828 234
1756636668391 47.33820724487305 235
1756636669425 49.39088439941406 236
1756636670461 49.93758773803711 237
1756636671511 54.023536682128906 238
1756636672548 41.51372528076172 239
1756636673578 48.140804290771484 240
1756636674637 54.750099182128906 241
1756636675680 51.90638732910156 242
1756636676716 47.136558532714844 243
1756636677765 46.82246398925781 244
1756636678833 53.90495681762695 245
1756636679872 44.67783737182617 246
1756636680903 47.7415657043457 247
1756636681948 43.84714126586914 248
1756636682993 48.8901481628418 249
1756636684051 48.88103103637695 250
1756636685096 46.960384368896484 251
1756636686173 43.37652587890625 252
1756636687236 52.520172119140625 253
1756636688279 44.56203842163086 254
1756636689313 41.85232162475586 255
1756636690356 47.859310150146484 256
1756636691394 42.31828689575195 257
1756636692433 48.05799102783203 258
1756636693466 49.17354965209961 259
1756636694505 45.49103546142578 260
1756636695570 43.12577819824219 261
1756636696646 48.5234260559082 262
1756636697698 43.42945861816406 263
1756636698752 48.279747009277344 264
1756636699793 47.85295486450195 265
1756636700831 48.05634307861328 266
1756636701868 39.6346549987793 267
1756636702912 56.03664779663086 268
1756636703961 41.815208435058594 269
1756636704996 48.23655700683594 270
1756636706071 48.62932205200195 271
1756636707116 50.75827407836914 272
1756636708150 48.185726165771484 273
1756636709204 47.98986053466797 274
1756636710242 50.09996032714844 275
1756636711305 48.34129333496094 276
1756636712348 48.88371276855469 277
1756636713383 50.68769836425781 278
1756636714424 55.16678237915039 279
1756636715463 50.46583557128906 280
1756636716527 49.757911682128906 281
1756636717564 40.6606559753418 282
1756636718608 52.787864685058594 283
1756636719684 48.86388397216797 284
1756636720738 52.707115173339844 285
1756636721783 46.38057327270508 286
1756636722826 56.832786560058594 287
1756636723861 40.97166061401367 288
1756636724904 48.386329650878906 289
1756636725934 49.342288970947266 290
1756636726975 48.384857177734375 291
1756636728013 49.23233413696289 292
1756636729065 52.31816101074219 293
1756636730097 48.575103759765625 294
1756636731132 44.753204345703125 295
1756636732176 54.931419372558594 296
1756636733237 51.12763214111328 297
1756636734280 53.76010513305664 298
1756636735323 42.59154510498047 299
1756636746573 96.98369598388672 0
1756636749119 70.78466796875 1
1756636751616 75.38505554199219 2
1756636754100 62.28326416015625 3
1756636756591 58.675926208496094 4
1756636759084 59.87274169921875 5
1756636761617 59.434532165527344 6
1756636764124 54.5578727722168 7
1756636766606 55.50407409667969 8
1756636769186 52.69859313964844 9
1756636771690 54.72921371459961 10
1756636774197 64.17601013183594 11
1756636776693 53.99113464355469 12
1756636779288 56.89366149902344 13
1756636781852 51.61520004272461 14
1756636784354 55.04826354980469 15
1756636786862 58.885719299316406 16
1756636789361 58.68941879272461 17
1756636791862 61.6124153137207 18
1756636794405 55.965110778808594 19
1756636796941 56.130104064941406 20
1756636799442 55.193294525146484 21
1756636801960 59.306663513183594 22
1756636804505 53.65035629272461 23
1756636807023 58.65268325805664 24
1756636809700 60.61369323730469 25
1756636812483 61.43667984008789 26
1756636815407 57.38882827758789 27
1756636818143 62.51706314086914 28
1756636820882 55.73402404785156 29
1756636823390 62.593318939208984 30
1756636826170 50.68610763549805 31
1756636829269 56.736392974853516 32
1756636832181 48.330745697021484 33
1756636834811 57.21379089355469 34
1756636837314 54.78385925292969 35
1756636839860 53.47663497924805 36
1756636842362 60.41865539550781 37
1756636844874 58.401527404785156 38
1756636847374 53.1650505065918 39
1756636849919 59.7794189453125 40
1756636852445 55.613563537597656 41
1756636854965 54.69706726074219 42
1756636857465 54.45036697387695 43
1756636859964 56.771446228027344 44
1756636862489 55.9797248840332 45
1756636865031 60.12191390991211 46
1756636867564 55.875389099121094 47
1756636870106 61.74977111816406 48
1756636872660 56.70608901977539 49
1756636875194 48.73176574707031 50
1756636877731 67.24410247802734 51
1756636880412 56.74135971069336 52
1756636882918 54.925819396972656 53
1756636885430 59.840354919433594 54
1756636887988 62.798545837402344 55
1756636890504 57.69854736328125 56
1756636893004 56.059268951416016 57
1756636895525 56.93110275268555 58
1756636898089 54.4853515625 59
1756636900699 51.88310241699219 60
1756636903239 52.03251647949219 61
1756636905766 58.167518615722656 62
1756636908289 54.32271957397461 63
1756636910860 52.759666442871094 64
1756636913429 53.9234504699707 65
1756636915943 54.8511848449707 66
1756636918469 57.998291015625 67
1756636920975 52.80327224731445 68
1756636923500 54.0692253112793 69
1756636926010 49.530948638916016 70
1756636928536 60.5069694519043 71
1756636931109 55.29095458984375 72
1756636933632 62.953487396240234 73
1756636936173 53.79420471191406 74
1756636938724 56.9120979309082 75
1756636941242 57.140380859375 76
1756636943753 52.403316497802734 77
1756636946261 57.156925201416016 78
1756636948780 58.85700607299805 79
1756636951303 52.165958404541016 80
1756636953826 58.89314270019531 81
1756636956344 57.698974609375 82
1756636958906 62.965354919433594 83
1756636961444 57.989742279052734 84
1756636963972 56.16850280761719 85
1756636966543 51.52591323852539 86
1756636969115 52.08106994628906 87
1756636971638 51.305477142333984 88
1756636974171 58.294498443603516 89
1756636976691 59.452476501464844 90
1756636979202 52.30160903930664 91
1756636981716 56.511253356933594 92
1756636984251 58.87495422363281 93
1756636986764 58.37127685546875 94
1756636989278 52.977718353271484 95
1756636991820 51.813472747802734 96
1756636994340 50.280399322509766 97
1756636996859 56.615299224853516 98
1756636999385 55.52978515625 99
1756637001935 51.443115234375 100
1756637004486 51.04512023925781 101
1756637007021 50.865699768066406 102
1756637009557 56.097957611083984 103
1756637012087 56.19383239746094 104
1756637014614 49.93753433227539 105
1756637017119 55.6132926940918 106
1756637019754 56.68062973022461 107
1756637022304 66.09503936767578 108
1756637024854 49.507545471191406 109
1756637027407 54.93919372558594 110
1756637029964 51.26823425292969 111
1756637032472 50.65272521972656 112
1756637034979 54.7483024597168 113
1756637037492 54.2269172668457 114
1756637040002 53.090267181396484 115
1756637042519 55.72256088256836 116
1756637045103 53.452293395996094 117
1756637047619 55.525489807128906 118
1756637050139 49.4619140625 119
1756637052642 53.390281677246094 120
1756637055157 53.167015075683594 121
1756637057657 59.00204086303711 122
1756637060162 55.44564437866211 123
1756637062707 53.234657287597656 124
1756637065228 50.75178527832031 125
1756637067751 54.6383171081543 126
1756637070271 47.73563003540039 127
1756637072822 52.68280029296875 128
1756637075320 54.68844223022461 129
1756637077831 56.066978454589844 130
1756637080335 61.563777923583984 131
1756637082850 52.68852615356445 132
1756637085379 44.67388916015625 133
1756637087882 55.4834098815918 134
1756637090388 57.47607421875 135
1756637092900 68.71502685546875 136
1756637095426 57.34242248535156 137
1756637097922 50.2880859375 138
1756637100413 58.96720886230469 139
1756637102947 58.3643913269043 140
1756637105451 44.92374038696289 141
1756637107954 60.977718353271484 142
1756637110466 53.47529602050781 143
1756637112957 53.900978088378906 144
1756637115532 49.020687103271484 145
1756637118047 59.282188415527344 146
1756637120564 55.79643249511719 147
1756637123071 51.48379135131836 148
1756637125578 54.958316802978516 149
1756637128144 55.31254959106445 150
1756637130688 55.48299789428711 151
1756637133248 57.49104309082031 152
1756637135769 57.55441665649414 153
1756637138277 52.131717681884766 154
1756637140855 62.212528228759766 155
1756637143378 55.1710090637207 156
1756637145918 58.66059875488281 157
1756637148460 57.62472152709961 158
1756637150994 48.198917388916016 159
1756637153503 51.482139587402344 160
1756637156010 56.144386291503906 161
1756637158538 60.34528732299805 162
1756637161083 55.6093864440918 163
1756637163630 65.64202117919922 164
1756637166207 59.64718246459961 165
1756637168747 56.102298736572266 166
1756637171290 53.243343353271484 167
1756637173879 55.774471282958984 168
1756637176421 53.130428314208984 169
1756637178951 58.096275329589844 170
1756637181485 51.39865493774414 171
1756637184026 55.34720230102539 172
1756637186590 56.131752014160156 173
1756637189130 57.133766174316406 174
1756637191663 54.74350357055664 175
1756637194199 53.3227424621582 176
1756637196745 52.6909294128418 177
1756637199351 56.85367202758789 178
1756637201891 61.40007019042969 179
1756637204423 53.25311279296875 180
1756637206947 57.67499923706055 181
1756637209506 51.88172912597656 182
1756637212043 52.25356674194336 183
1756637214598 52.176673889160156 184
1756637217159 54.350521087646484 185
1756637219715 59.68598556518555 186
1756637222262 52.44505310058594 187
1756637224802 58.21445083618164 188
1756637227347 60.596736907958984 189
1756637229889 60.4588623046875 190
1756637232445 61.481632232666016 191
1756637235184 59.69894790649414 192
1756637237822 53.541690826416016 193
1756637240400 56.9897575378418 194
1756637242960 53.60470962524414 195
1756637245526 51.558311462402344 196
1756637248077 63.98758316040039 197
1756637250668 52.12786865234375 198
1756637253219 53.237937927246094 199
1756637255749 56.085655212402344 200
1756637258282 54.93376541137695 201
1756637260894 56.810115814208984 202
1756637263452 52.40284729003906 203
1756637266029 57.3774528503418 204
1756637268562 47.156410217285156 205
1756637271117 58.092506408691406 206
1756637273671 60.882320404052734 207
1756637276220 56.946590423583984 208
1756637278802 59.195980072021484 209
1756637281383 51.968631744384766 210
1756637283906 59.375244140625 211
1756637286438 55.07514953613281 212
1756637288945 44.22456359863281 213
1756637291480 54.231075286865234 214
1756637294009 51.2567024230957 215
1756637296589 53.31447982788086 216
1756637299124 62.179439544677734 217
1756637301685 59.333621978759766 218
1756637304259 59.044761657714844 219
1756637306815 53.55873107910156 220
1756637309408 50.557796478271484 221
1756637311964 60.18826675415039 222
1756637314488 60.2877311706543 223
1756637317020 57.947593688964844 224
1756637319554 60.3275032043457 225
1756637322116 57.38455581665039 226
1756637324668 56.321170806884766 227
1756637327200 55.774356842041016 228
1756637329736 51.5247917175293 229
1756637332306 53.15296936035156 230
1756637334844 53.288185119628906 231
1756637337374 51.78164291381836 232
1756637339894 58.05868911743164 233
1756637342414 54.281368255615234 234
1756637344903 68.17176055908203 235
1756637347406 57.54134750366211 236
1756637349917 57.79331970214844 237
1756637352413 52.023738861083984 238
1756637354907 60.60611343383789 239
1756637357426 51.57646179199219 240
1756637359940 52.7576904296875 241
1756637362462 56.720848083496094 242
1756637365013 56.41474914550781 243
1756637367517 55.09199142456055 244
1756637370023 56.33389663696289 245
1756637372546 55.99057388305664 246
1756637375061 50.32868576049805 247
1756637377580 54.66975021362305 248
1756637380168 56.263694763183594 249
1756637382698 55.195655822753906 250
1756637385229 54.08426284790039 251
1756637387729 52.946834564208984 252
1756637390237 58.53946304321289 253
1756637392794 55.80385971069336 254
1756637395334 49.331031799316406 255
1756637397891 59.681461334228516 256
1756637400413 56.496910095214844 257
1756637402946 60.442325592041016 258
1756637405450 56.73164367675781 259
1756637407944 56.962074279785156 260
1756637410436 60.04280090332031 261
1756637412940 61.7752571105957 262
1756637415457 49.04680252075195 263
1756637417968 53.124534606933594 264
1756637420524 55.675968170166016 265
1756637423029 53.764060974121094 266
1756637425540 54.850242614746094 267
1756637428077 60.03346252441406 268
1756637430588 53.657535552978516 269
1756637433135 59.42696762084961 270
1756637435665 58.867557525634766 271
1756637438205 58.60603332519531 272
1756637440707 56.75423812866211 273
1756637443199 56.96195983886719 274
1756637445731 59.273109436035156 275
1756637448228 50.163326263427734 276
1756637450767 56.112709045410156 277
1756637453304 54.424564361572266 278
1756637455799 55.40437316894531 279
1756637458400 60.023128509521484 280
1756637460898 63.67390060424805 281
1756637463398 58.41484069824219 282
1756637465906 55.104248046875 283
1756637468429 56.142208099365234 284
1756637470995 58.2628059387207 285
1756637473520 51.095340728759766 286
1756637476036 56.54490661621094 287
1756637478530 58.8769416809082 288
1756637481040 53.9188117980957 289
1756637483588 53.0045166015625 290
1756637486104 53.84559631347656 291
1756637488627 51.99583435058594 292
1756637491145 60.38421630859375 293
1756637493662 57.362693786621094 294
1756637496168 54.72035217285156 295
1756637498712 51.72445297241211 296
1756637501279 52.05144119262695 297
1756637503789 60.64390563964844 298
1756637506320 56.20942687988281 299
1756637518920 86.06962585449219 0
1756637521444 65.85223388671875 1
1756637523995 64.00651550292969 2
1756637526504 68.70901489257812 3
1756637529021 53.34748458862305 4
1756637531522 65.65522766113281 5
1756637534036 60.23359680175781 6
1756637536537 59.78269958496094 7
1756637539069 56.99520492553711 8
1756637541579 61.792606353759766 9
1756637544134 64.93672943115234 10
1756637546660 54.46837615966797 11
1756637549186 66.0499496459961 12
1756637551725 52.42609405517578 13
1756637554291 56.79670333862305 14
1756637556847 51.532615661621094 15
1756637559385 58.5156364440918 16
1756637561915 60.240447998046875 17
1756637564474 54.782413482666016 18
1756637567034 57.60530471801758 19
1756637569639 54.80644989013672 20
1756637572167 61.945045471191406 21
1756637574681 58.51244354248047 22
1756637577232 55.180213928222656 23
1756637579819 55.013343811035156 24
1756637582363 62.16511535644531 25
1756637584917 57.121253967285156 26
1756637587430 51.4920654296875 27
1756637589963 56.354591369628906 28
1756637592531 61.46016311645508 29
1756637595060 55.16658020019531 30
1756637597588 54.0677375793457 31
1756637600161 56.015560150146484 32
1756637602799 60.87485885620117 33
1756637605343 56.017578125 34
1756637607923 52.45746994018555 35
1756637610449 57.16264343261719 36
1756637613053 58.12228012084961 37
1756637615613 54.09741973876953 38
1756637618207 53.58843994140625 39
1756637620840 58.285423278808594 40
1756637623396 54.76722717285156 41
1756637625974 56.998924255371094 42
1756637628533 54.664947509765625 43
1756637631073 57.03614807128906 44
1756637633647 62.42897415161133 45
1756637636212 54.98080825805664 46
1756637638772 49.301090240478516 47
1756637641339 53.0943603515625 48
1756637643913 57.69942092895508 49
1756637646507 59.980567932128906 50
1756637649067 57.0836181640625 51
1756637651682 59.247718811035156 52
1756637654214 63.0638542175293 53
1756637656771 50.080501556396484 54
1756637659325 54.576820373535156 55
1756637661896 59.58469772338867 56
1756637664459 58.40084457397461 57
1756637667020 55.64829635620117 58
1756637669578 55.08343505859375 59
1756637672123 55.80113220214844 60
1756637674682 52.56267547607422 61
1756637677216 62.248722076416016 62
1756637679764 41.31272888183594 63
1756637682315 59.8084831237793 64
1756637684883 49.45634078979492 65
1756637687440 50.87403869628906 66
1756637690002 54.88407516479492 67
1756637692575 61.052433013916016 68
1756637695139 48.088993072509766 69
1756637697743 57.55258560180664 70
1756637700371 57.36842727661133 71
1756637702961 50.87864685058594 72
1756637705555 54.582603454589844 73
1756637708108 57.5215950012207 74
1756637710651 53.15376281738281 75
1756637713223 46.7216911315918 76
1756637715862 50.0233039855957 77
1756637718425 63.78957748413086 78
1756637720957 48.29964065551758 79
1756637723496 50.19681167602539 80
1756637726024 57.91429138183594 81
1756637728609 56.12746810913086 82
1756637731135 59.71587371826172 83
1756637733696 60.637760162353516 84
1756637736239 65.52639770507812 85
1756637738761 60.2188835144043 86
1756637741368 53.71697235107422 87
1756637743945 54.58438491821289 88
1756637746488 46.32429504394531 89
1756637749027 58.50796127319336 90
1756637751564 61.02602767944336 91
1756637754131 54.0482063293457 92
1756637756688 51.4530029296875 93
1756637759216 52.884239196777344 94
1756637761772 59.39796447753906 95
1756637764308 50.82038879394531 96
1756637766871 58.58235549926758 97
1756637769435 52.914459228515625 98
1756637771969 52.980045318603516 99
1756637774511 54.65677261352539 100
1756637777086 54.158119201660156 101
1756637779658 50.91340255737305 102
1756637782206 57.58147048950195 103
1756637784789 58.555686950683594 104
1756637787409 56.40980529785156 105
1756637789957 58.554107666015625 106
1756637792509 56.20333480834961 107
1756637795093 56.29586410522461 108
1756637797678 55.873748779296875 109
1756637800221 62.23176193237305 110
1756637802786 60.09965515136719 111
1756637805369 53.86408615112305 112
1756637807930 57.303218841552734 113
1756637810733 58.06414031982422 114
1756637813595 58.75699996948242 115
1756637816631 56.616188049316406 116
1756637819426 57.81061935424805 117
1756637822042 61.802955627441406 118
1756637824604 54.69955825805664 119
1756637827168 56.665225982666016 120
1756637829716 61.281402587890625 121
1756637832280 59.33576202392578 122
1756637834835 58.78608322143555 123
1756637837394 57.149593353271484 124
1756637839985 57.79998016357422 125
1756637842570 61.407535552978516 126
1756637845119 47.82844924926758 127
1756637847708 50.11210632324219 128
1756637850265 52.874900817871094 129
1756637852789 53.58421325683594 130
1756637855322 56.319339752197266 131
1756637857869 47.42876434326172 132
1756637860497 46.566497802734375 133
1756637863037 57.83366012573242 134
1756637865576 58.34175109863281 135
1756637868173 61.58152770996094 136
1756637870705 58.93763732910156 137
1756637873249 48.194984436035156 138
1756637875836 54.967124938964844 139
1756637878446 55.225608825683594 140
1756637880994 46.049896240234375 141
1756637883572 60.811859130859375 142
1756637886102 55.551780700683594 143
1756637888641 55.75535583496094 144
1756637891194 58.256568908691406 145
1756637893777 55.41360855102539 146
1756637896332 54.71565628051758 147
1756637898900 47.83209228515625 148
1756637901465 57.3507080078125 149
1756637904008 52.38579177856445 150
1756637906551 57.584835052490234 151
1756637909171 57.27248764038086 152
1756637911727 58.55248260498047 153
1756637914278 51.97067642211914 154
1756637916852 49.300106048583984 155
1756637919450 54.063201904296875 156
1756637922029 55.434410095214844 157
1756637924651 53.75376510620117 158
1756637927224 58.60980987548828 159
1756637929786 57.31389236450195 160
1756637932339 57.507164001464844 161
1756637934891 55.142799377441406 162
1756637937477 53.29716491699219 163
1756637940060 53.76924133300781 164
1756637942603 60.495113372802734 165
1756637945154 60.56806945800781 166
1756637947702 58.908390045166016 167
1756637950285 60.299766540527344 168
1756637952836 59.560943603515625 169
1756637955376 55.10750961303711 170
1756637957940 57.475547790527344 171
1756637960536 55.8570671081543 172
1756637963202 54.444847106933594 173
1756637965751 60.554466247558594 174
1756637968308 50.7299919128418 175
1756637970894 53.2672233581543 176
1756637973506 55.5709342956543 177
1756637976070 49.386409759521484 178
1756637978612 57.404361724853516 179
1756637981207 60.72172546386719 180
1756637983770 52.463375091552734 181
1756637986333 57.669944763183594 182
1756637988930 57.852840423583984 183
1756637991463 51.4031867980957 184
1756637994043 51.995052337646484 185
1756637996613 61.166664123535156 186
1756637999168 54.97926330566406 187
1756638001740 54.45269775390625 188
1756638004353 46.6700553894043 189
1756638006874 56.650291442871094 190
1756638009425 55.31798553466797 191
1756638011948 52.63945007324219 192
1756638014486 54.962100982666016 193
1756638017012 61.63115692138672 194
1756638019600 49.05921936035156 195
1756638022173 54.45835494995117 196
1756638024710 51.30055618286133 197
1756638027245 55.63544464111328 198
1756638029775 47.702720642089844 199
1756638032306 54.2730598449707 200
1756638034877 49.31096267700195 201
1756638037470 56.26198196411133 202
1756638039993 52.025875091552734 203
1756638042588 55.0296516418457 204
1756638045123 55.368350982666016 205
1756638047689 57.80970764160156 206
1756638050259 60.755699157714844 207
1756638052797 53.46479415893555 208
1756638055353 55.502994537353516 209
1756638057893 59.07524108886719 210
1756638060429 63.939666748046875 211
1756638062985 53.84710693359375 212
1756638065548 56.244842529296875 213
1756638068112 54.41443634033203 214
1756638070640 59.678558349609375 215
1756638073199 50.739471435546875 216
1756638075731 56.37416458129883 217
1756638078245 53.41157150268555 218
1756638080762 53.288997650146484 219
1756638083301 53.919429779052734 220
1756638085867 54.685821533203125 221
1756638088457 56.96573257446289 222
1756638091026 54.313987731933594 223
1756638093550 51.36951446533203 224
1756638096065 56.767181396484375 225
1756638098583 54.2613410949707 226
1756638101222 49.024192810058594 227
1756638103754 51.97523498535156 228
1756638106295 54.318424224853516 229
1756638108839 50.439613342285156 230
1756638111369 54.13758087158203 231
1756638113924 55.13905715942383 232
1756638116460 52.067291259765625 233
1756638119004 60.32105255126953 234
1756638121562 49.72907638549805 235
1756638124112 54.341392517089844 236
1756638126666 46.862369537353516 237
1756638129259 54.243404388427734 238
1756638131856 59.776344299316406 239
1756638134454 53.72264099121094 240
1756638136966 60.175254821777344 241
1756638139557 53.456966400146484 242
1756638142083 56.3927116394043 243
1756638144634 53.56019973754883 244
1756638147186 49.64458465576172 245
1756638149757 60.1187744140625 246
1756638152333 59.28421401977539 247
1756638154895 54.346832275390625 248
1756638157435 56.11040496826172 249
1756638159957 58.13832092285156 250
1756638162491 58.89793395996094 251
1756638165015 50.8475227355957 252
1756638167590 46.62448501586914 253
1756638170133 64.14678192138672 254
1756638172671 63.05113220214844 255
1756638175205 55.660369873046875 256
1756638177763 51.401641845703125 257
1756638180327 52.308040618896484 258
1756638182887 56.763370513916016 259
1756638185485 51.189640045166016 260
1756638188022 55.63290023803711 261
1756638190597 53.16944885253906 262
1756638193156 60.35966491699219 263
1756638195684 45.822532653808594 264
1756638198263 56.827396392822266 265
1756638200804 57.71609878540039 266
1756638203349 56.1893310546875 267
1756638205904 52.866661071777344 268
1756638208461 47.821285247802734 269
1756638211005 59.153812408447266 270
1756638213596 60.50267028808594 271
1756638216159 58.87661361694336 272
1756638218685 55.56349182128906 273
1756638221328 48.77485656738281 274
1756638223857 60.19477844238281 275
1756638226385 57.106117248535156 276
1756638228964 45.80937576293945 277
1756638231517 45.30878448486328 278
1756638234066 56.493568420410156 279
1756638236608 52.70634460449219 280
1756638239144 61.49143981933594 281
1756638241695 53.3623046875 282
1756638244232 51.7871208190918 283
1756638246798 58.03536605834961 284
1756638249361 57.0047721862793 285
1756638251945 57.29250717163086 286
1756638254515 58.741966247558594 287
1756638257062 54.300968170166016 288
1756638259662 57.35420608520508 289
1756638262222 53.85847091674805 290
1756638264745 47.291255950927734 291
1756638267273 51.1912727355957 292
1756638269802 53.735687255859375 293
1756638272337 57.84656524658203 294
1756638274888 60.65150833129883 295
1756638277413 55.33682632446289 296
1756638279985 51.82835006713867 297
1756638282538 57.6699333190918 298
1756638285070 54.374446868896484 299
1756638299654 89.65267944335938 0
1756638302230 73.65819549560547 1
1756638304796 62.35261535644531 2
1756638307357 72.93018341064453 3
1756638309922 57.626468658447266 4
1756638312540 52.36469650268555 5
1756638315115 68.64738464355469 6
1756638317705 59.5772705078125 7
1756638320292 57.48807144165039 8
1756638322867 56.455257415771484 9
1756638325423 49.609554290771484 10
1756638327979 54.55552673339844 11
1756638330589 54.3883056640625 12
1756638333181 54.24356460571289 13
1756638335854 55.80075454711914 14
1756638338405 44.4066276550293 15
1756638341029 56.165836334228516 16
1756638343618 52.56242370605469 17
1756638346200 51.23257064819336 18
1756638348784 54.4592170715332 19
1756638351350 48.40126037597656 20
1756638353926 48.747093200683594 21
1756638356495 45.96843338012695 22
1756638359077 56.327964782714844 23
1756638361654 52.3535041809082 24
1756638364263 49.84929275512695 25
1756638366839 50.162498474121094 26
1756638369433 50.210205078125 27
1756638372033 48.056007385253906 28
1756638374620 47.10595703125 29
1756638377240 52.13176345825195 30
1756638379859 49.67780685424805 31
1756638382472 53.12828063964844 32
1756638385051 50.24494552612305 33
1756638387682 49.8303108215332 34
1756638390303 56.764259338378906 35
1756638392877 61.610191345214844 36
1756638395508 59.271827697753906 37
1756638398085 48.7034912109375 38
1756638400658 59.052120208740234 39
1756638403268 51.0536003112793 40
1756638405830 60.6868782043457 41
1756638408408 50.124229431152344 42
1756638410996 52.99464416503906 43
1756638413559 43.77347183227539 44
1756638416124 46.197025299072266 45
1756638418688 53.09638977050781 46
1756638421267 47.01774597167969 47
1756638423870 48.46968078613281 48
1756638426454 60.069129943847656 49
1756638429053 54.4691047668457 50
1756638431660 52.299861907958984 51
1756638434256 44.68366241455078 52
1756638436833 50.59367370605469 53
1756638439393 55.036808013916016 54
1756638441982 52.869911193847656 55
1756638444540 47.008689880371094 56
1756638447104 45.68537902832031 57
1756638449674 58.96150207519531 58
1756638452237 48.87105941772461 59
1756638454810 42.402767181396484 60
1756638457423 48.10284423828125 61
1756638460146 51.7588996887207 62
1756638462705 42.51932144165039 63
1756638465273 51.47674560546875 64
1756638467847 45.564022064208984 65
1756638470411 46.20895767211914 66
1756638473039 46.370460510253906 67
1756638475646 45.417945861816406 68
1756638478228 56.418277740478516 69
1756638480815 53.690120697021484 70
1756638483426 47.266456604003906 71
1756638486012 41.64190673828125 72
1756638488586 44.97471618652344 73
1756638491157 44.29111099243164 74
1756638493780 52.11616516113281 75
1756638496338 47.580650329589844 76
1756638498909 54.238014221191406 77
1756638501481 46.332096099853516 78
1756638504050 55.8250846862793 79
1756638506641 44.390968322753906 80
1756638509225 59.00830078125 81
1756638511802 48.11819839477539 82
1756638514393 47.455806732177734 83
1756638516971 52.499210357666016 84
1756638519531 52.939510345458984 85
1756638522092 49.824989318847656 86
1756638524702 46.5832633972168 87
1756638527275 50.5145149230957 88
1756638529854 51.406734466552734 89
1756638532400 48.489627838134766 90
1756638534959 43.726688385009766 91
1756638537525 46.834693908691406 92
1756638540128 50.569149017333984 93
1756638542743 45.18998336791992 94
1756638545336 45.15376281738281 95
1756638547897 52.02708435058594 96
1756638550466 47.069114685058594 97
1756638553085 43.59211730957031 98
1756638555636 42.92176055908203 99
1756638558210 45.609825134277344 100
1756638560805 50.89430236816406 101
1756638563386 48.259830474853516 102
1756638565973 49.30331039428711 103
1756638568570 56.35565185546875 104
1756638571143 51.17021179199219 105
1756638573700 54.18559646606445 106
1756638576293 56.882328033447266 107
1756638578841 47.35493469238281 108
1756638581494 49.75830078125 109
1756638584107 56.235286712646484 110
1756638586683 52.03294372558594 111
1756638589294 47.54281234741211 112
1756638591865 44.2397575378418 113
1756638594450 51.879085540771484 114
1756638597033 47.975337982177734 115
1756638599623 45.81978988647461 116
1756638602209 42.588497161865234 117
1756638604777 53.45294189453125 118
1756638607355 50.17276382446289 119
1756638609987 51.8045539855957 120
1756638612556 48.20968246459961 121
1756638615117 50.13420486450195 122
1756638617686 47.506736755371094 123
1756638620307 50.0970344543457 124
1756638622930 53.0809440612793 125
1756638625475 57.577247619628906 126
1756638628061 51.25590515136719 127
1756638630616 55.88814926147461 128
1756638633169 48.766136169433594 129
1756638635741 61.0223503112793 130
1756638638319 48.02767562866211 131
1756638640943 49.54609298706055 132
1756638643505 49.343299865722656 133
1756638646095 47.91325378417969 134
1756638648675 56.41263198852539 135
1756638651227 48.86019515991211 136
1756638653824 49.388851165771484 137
1756638656418 45.64114761352539 138
1756638658999 49.026309967041016 139
1756638661599 53.21194839477539 140
1756638664180 50.363746643066406 141
1756638666744 52.91880798339844 142
1756638669313 47.138893127441406 143
1756638671880 47.85576248168945 144
1756638674502 53.17970275878906 145
1756638677068 44.395347595214844 146
1756638679643 48.99606704711914 147
1756638682197 48.06275939941406 148
1756638684728 50.880855560302734 149
1756638687317 46.690528869628906 150
1756638689905 48.231666564941406 151
1756638692473 50.80001449584961 152
1756638695037 41.537784576416016 153
1756638697616 46.62321472167969 154
1756638700356 45.97335433959961 155
1756638702942 52.14155578613281 156
1756638705501 50.21456527709961 157
1756638708067 49.41642761230469 158
1756638710644 51.77067565917969 159
1756638713219 46.432395935058594 160
1756638715784 44.05712890625 161
1756638718421 52.50129699707031 162
1756638721027 45.60649108886719 163
1756638723651 43.148067474365234 164
1756638726216 52.72502136230469 165
1756638728790 45.06855773925781 166
1756638731385 46.046714782714844 167
1756638733958 48.213157653808594 168
1756638736523 46.186275482177734 169
1756638739081 44.87188720703125 170
1756638741657 43.790828704833984 171
1756638744247 37.98127746582031 172
1756638746860 44.41616439819336 173
1756638749440 53.70488357543945 174
1756638752032 49.41769790649414 175
1756638754604 52.783878326416016 176
1756638757225 55.145362854003906 177
1756638759839 39.349422454833984 178
1756638762415 44.39216232299805 179
1756638765013 44.977176666259766 180
1756638767610 52.167930603027344 181
1756638770207 53.36656188964844 182
1756638772797 48.63011169433594 183
1756638775375 53.34037780761719 184
1756638777949 43.36279296875 185
1756638780532 46.8932991027832 186
1756638783141 49.44107437133789 187
1756638785794 51.036460876464844 188
1756638788366 50.257816314697266 189
1756638790935 45.530147552490234 190
1756638793527 43.04667663574219 191
1756638796138 48.86642074584961 192
1756638798710 44.31754684448242 193
1756638801317 45.58658218383789 194
1756638803903 51.706478118896484 195
1756638806465 55.28683090209961 196
1756638809049 58.117801666259766 197
1756638811614 43.438377380371094 198
1756638814179 50.05984115600586 199
1756638816766 46.27225112915039 200
1756638819411 52.6551513671875 201
1756638822031 50.718082427978516 202
1756638824596 41.27924728393555 203
1756638827176 45.985538482666016 204
1756638829748 51.42570877075195 205
1756638832314 48.423851013183594 206
1756638834885 53.055660247802734 207
1756638837459 53.30282211303711 208
1756638840022 44.002140045166016 209
1756638842615 54.4620361328125 210
1756638845205 43.47806167602539 211
1756638847779 52.02228927612305 212
1756638850362 52.82379150390625 213
1756638852943 54.07624816894531 214
1756638855502 48.69759750366211 215
1756638858089 45.99104309082031 216
1756638860664 40.95991516113281 217
1756638863251 54.802223205566406 218
1756638865862 35.9246711730957 219
1756638868441 54.91758728027344 220
1756638871010 46.6192741394043 221
1756638873566 52.374813079833984 222
1756638876137 52.63741683959961 223
1756638878720 53.62160873413086 224
1756638881351 55.19026184082031 225
1756638883909 48.685367584228516 226
1756638886472 39.60535430908203 227
1756638889033 44.25766372680664 228
1756638891634 41.439308166503906 229
1756638894247 45.7789421081543 230
1756638896815 49.808692932128906 231
1756638899379 53.182987213134766 232
1756638901950 53.37594223022461 233
1756638904545 48.5098876953125 234
1756638907115 55.00157165527344 235
1756638909717 46.31825256347656 236
1756638912300 46.58955383300781 237
1756638914899 46.780601501464844 238
1756638917466 47.020912170410156 239
1756638920045 51.82967758178711 240
1756638922603 53.10104751586914 241
1756638925237 51.4318962097168 242
1756638927805 48.790428161621094 243
1756638930392 53.24223327636719 244
1756638932992 48.4276123046875 245
1756638935573 54.993473052978516 246
1756638938164 47.2464599609375 247
1756638940798 55.266029357910156 248
1756638943385 52.74154281616211 249
1756638945967 43.01192092895508 250
1756638948553 53.969234466552734 251
1756638951161 45.23872375488281 252
1756638953734 52.54072189331055 253
1756638956334 47.982933044433594 254
1756638958923 45.785396575927734 255
1756638961519 45.7407112121582 256
1756638964077 55.51461410522461 257
1756638966651 46.8414192199707 258
1756638969231 52.3218879699707 259
1756638971804 46.452537536621094 260
1756638974390 46.33184051513672 261
1756638976968 44.69258117675781 262
1756638979570 47.557594299316406 263
1756638982160 50.496337890625 264
1756638984717 43.2338752746582 265
1756638987288 36.88703536987305 266
1756638989873 50.153682708740234 267
1756638992433 52.084590911865234 268
1756638995002 44.18740463256836 269
1756638997582 49.508121490478516 270
1756639000173 51.841163635253906 271
1756639002745 48.493507385253906 272
1756639005315 45.80381774902344 273
1756639007879 48.0028076171875 274
1756639010448 47.841739654541016 275
1756639013032 45.35849380493164 276
1756639015605 45.903804779052734 277
1756639018229 49.87663650512695 278
1756639020790 52.101871490478516 279
1756639023396 47.8342170715332 280
1756639025994 41.956077575683594 281
1756639028565 51.12353515625 282
1756639031128 48.200260162353516 283
1756639033744 47.00881576538086 284
1756639036309 48.507423400878906 285
1756639038924 42.110748291015625 286
1756639041488 48.205867767333984 287
1756639044066 52.84152603149414 288
1756639046634 52.596370697021484 289
1756639049234 50.48765563964844 290
1756639051849 45.54182434082031 291
1756639054437 54.250587463378906 292
1756639057019 48.35128402709961 293
1756639059709 49.12803649902344 294
1756639062372 52.76249694824219 295
1756639064943 55.79342269897461 296
1756639067516 49.469852447509766 297
1756639070142 48.62784194946289 298
1756639072729 45.279666900634766 299
1756639087451 94.60386657714844 0
1756639090055 67.168701171875 1
1756639092679 62.7738151550293 2
1756639095277 63.833534240722656 3
1756639097865 59.64925003051758 4
1756639100464 53.859798431396484 5
1756639103075 47.28608703613281 6
1756639105699 52.14401626586914 7
1756639108367 57.544654846191406 8
1756639111026 57.07875061035156 9
1756639113657 55.101112365722656 10
1756639116288 51.184444427490234 11
1756639118938 51.10282516479492 12
1756639121615 42.19188690185547 13
1756639124271 51.143550872802734 14
1756639126906 49.19893264770508 15
1756639129566 55.68080520629883 16
1756639132195 53.66280746459961 17
1756639134825 47.78096389770508 18
1756639137434 51.36994171142578 19
1756639140062 51.523441314697266 20
1756639142697 50.72974395751953 21
1756639145358 47.5496711730957 22
1756639148009 54.61687469482422 23
1756639150722 39.78766632080078 24
1756639153323 53.8442497253418 25
1756639155917 55.322914123535156 26
1756639158523 52.085060119628906 27
1756639161158 46.133079528808594 28
1756639163811 51.7086181640625 29
1756639166454 56.4897346496582 30
1756639169066 43.30168533325195 31
1756639171721 51.247154235839844 32
1756639174339 54.209205627441406 33
1756639176957 57.53668212890625 34
1756639179659 51.34482955932617 35
1756639182283 50.218936920166016 36
1756639184899 48.43952941894531 37
1756639187512 59.57582092285156 38
1756639190256 44.077274322509766 39
1756639192966 50.89829635620117 40
1756639195578 44.643882751464844 41
1756639198195 48.89512252807617 42
1756639201144 45.78780746459961 43
1756639203927 52.377716064453125 44
1756639206774 55.14751052856445 45
1756639209899 47.338294982910156 46
1756639213223 49.133567810058594 47
1756639216037 53.89603042602539 48
1756639219035 50.443748474121094 49
1756639222067 55.41524887084961 50
1756639225099 47.081790924072266 51
1756639227929 50.48841857910156 52
1756639230930 45.85395812988281 53
1756639233977 47.68095016479492 54
1756639236840 51.14513397216797 55
1756639239938 48.98199462890625 56
1756639242976 54.273704528808594 57
1756639245926 51.352455139160156 58
1756639248688 54.55048370361328 59
1756639251373 52.13901138305664 60
1756639254041 49.554073333740234 61
1756639256683 49.06839370727539 62
1756639259320 56.728302001953125 63
1756639261964 54.470638275146484 64
1756639264661 50.3929557800293 65
1756639267297 54.73834228515625 66
1756639269945 46.60763168334961 67
1756639272592 47.25929260253906 68
1756639275266 47.66777038574219 69
1756639277986 49.10530471801758 70
1756639280652 46.667545318603516 71
1756639283312 47.533287048339844 72
1756639285937 50.20243453979492 73
1756639288619 45.47602844238281 74
1756639291260 51.79549789428711 75
1756639293891 54.562034606933594 76
1756639296519 50.70623016357422 77
1756639299162 53.18273162841797 78
1756639301904 50.87928009033203 79
1756639304561 52.03136444091797 80
1756639307211 51.96746063232422 81
1756639309898 50.17540740966797 82
1756639312580 51.6251335144043 83
1756639315200 48.380035400390625 84
1756639317827 52.89117431640625 85
1756639320473 54.51955795288086 86
1756639323103 45.485618591308594 87
1756639325765 49.174354553222656 88
1756639328395 54.57460403442383 89
1756639331015 51.1839485168457 90
1756639333685 45.470924377441406 91
1756639336353 48.93339538574219 92
1756639338963 49.617977142333984 93
1756639341635 49.150081634521484 94
1756639344242 43.412086486816406 95
1756639346858 50.30733108520508 96
1756639349468 53.56778335571289 97
1756639352072 61.90806579589844 98
1756639354691 50.61064910888672 99
1756639357339 47.79131317138672 100
1756639359977 52.417213439941406 101
1756639362583 54.599517822265625 102
1756639365203 50.87504577636719 103
1756639367930 54.687774658203125 104
1756639370535 48.9863395690918 105
1756639373167 51.548343658447266 106
1756639375821 49.28105163574219 107
1756639378499 46.88435363769531 108
1756639381145 55.910160064697266 109
1756639383770 50.00525665283203 110
1756639386393 44.30201721191406 111
1756639389012 55.57704544067383 112
1756639391609 61.276527404785156 113
1756639394234 48.57062530517578 114
1756639396846 53.12258529663086 115
1756639399491 59.57493209838867 116
1756639402135 56.969886779785156 117
1756639404764 46.3397216796875 118
1756639407481 42.452781677246094 119
1756639410109 46.705692291259766 120
1756639412773 47.396888732910156 121
1756639415403 49.76790237426758 122
1756639418020 47.261356353759766 123
1756639420704 48.74128723144531 124
1756639423367 49.990848541259766 125
1756639425978 56.61540985107422 126
1756639428595 48.34760665893555 127
1756639431208 58.67228698730469 128
1756639433849 51.232269287109375 129
1756639436486 52.36201477050781 130
1756639439139 46.037776947021484 131
1756639441772 49.862308502197266 132
1756639444387 48.41940689086914 133
1756639447029 54.1866340637207 134
1756639449710 56.80411148071289 135
1756639452381 50.49225997924805 136
1756639454984 53.14421463012695 137
1756639457587 53.671051025390625 138
1756639460202 53.70445251464844 139
1756639462879 46.84701919555664 140
1756639465546 44.7633056640625 141
1756639468203 44.25094223022461 142
1756639470859 50.0233039855957 143
1756639473498 52.857120513916016 144
1756639476145 52.973182678222656 145
1756639478788 50.754173278808594 146
1756639481443 45.625144958496094 147
1756639484100 48.700443267822266 148
1756639486723 53.31954574584961 149
1756639489336 54.522056579589844 150
1756639491975 56.56692123413086 151
1756639494597 49.05392074584961 152
1756639497257 49.750953674316406 153
1756639499904 50.21564483642578 154
1756639502538 54.39384460449219 155
1756639505162 52.21006393432617 156
1756639507782 48.0073127746582 157
1756639510415 46.413299560546875 158
1756639513117 45.70065689086914 159
1756639515768 50.01069641113281 160
1756639518414 53.736263275146484 161
1756639521070 46.185237884521484 162
1756639523682 47.330013275146484 163
1756639526328 51.91147232055664 164
1756639528985 47.37907791137695 165
1756639531647 43.41118240356445 166
1756639534326 51.32969284057617 167
1756639537053 54.1508674621582 168
1756639539816 45.244808197021484 169
1756639542433 51.03068923950195 170
1756639545048 51.537933349609375 171
1756639547692 49.43120193481445 172
1756639550336 50.44308090209961 173
1756639552959 45.542537689208984 174
1756639555585 52.65483856201172 175
1756639558259 56.38771057128906 176
1756639560896 51.2544059753418 177
1756639563525 49.06161117553711 178
1756639566136 48.3704719543457 179
1756639568761 48.063453674316406 180
1756639571372 52.07004928588867 181
1756639573989 54.78654479980469 182
1756639576656 46.58635330200195 183
1756639579263 47.85945129394531 184
1756639581868 51.81198501586914 185
1756639584493 49.008941650390625 186
1756639587143 44.583396911621094 187
1756639589789 48.02111053466797 188
1756639592414 49.040016174316406 189
1756639595030 54.25367736816406 190
1756639597646 45.041465759277344 191
1756639600307 53.14699935913086 192
1756639602945 54.27901077270508 193
1756639605546 44.78953552246094 194
1756639608153 46.955989837646484 195
1756639610755 48.329673767089844 196
1756639613362 56.24331283569336 197
1756639615972 55.97334671020508 198
1756639618588 52.573551177978516 199
1756639621194 46.637596130371094 200
1756639623852 46.775718688964844 201
1756639626467 43.81447982788086 202
1756639629071 51.98463821411133 203
1756639631687 49.91974639892578 204
1756639634334 49.8079948425293 205
1756639636966 48.99913787841797 206
1756639639605 53.02511215209961 207
1756639642227 52.543880462646484 208
1756639644852 46.687007904052734 209
1756639647451 51.17485809326172 210
1756639650054 47.504669189453125 211
1756639652701 47.714752197265625 212
1756639655316 47.43635177612305 213
1756639657935 51.433372497558594 214
1756639660671 52.29096221923828 215
1756639663322 50.35770034790039 216
1756639665978 53.86454391479492 217
1756639668593 51.86992645263672 218
1756639671217 48.10952377319336 219
1756639673816 50.59429168701172 220
1756639676447 48.2108268737793 221
1756639679080 57.655208587646484 222
1756639681743 51.736900329589844 223
1756639684374 43.832523345947266 224
1756639687023 51.13859939575195 225
1756639689685 53.47468566894531 226
1756639692310 58.78052520751953 227
1756639694915 44.37408447265625 228
1756639697577 50.862571716308594 229
1756639700232 51.44508361816406 230
1756639702849 52.27729797363281 231
1756639705456 47.199493408203125 232
1756639708078 47.504608154296875 233
1756639710681 44.881996154785156 234
1756639713295 48.883148193359375 235
1756639715915 50.36606979370117 236
1756639718547 53.7738151550293 237
1756639721154 50.988094329833984 238
1756639723793 51.648712158203125 239
1756639726435 48.805484771728516 240
1756639729085 44.430599212646484 241
1756639731693 53.82074737548828 242
1756639734311 54.14547348022461 243
1756639736920 49.77550506591797 244
1756639739544 49.108463287353516 245
1756639742200 48.636322021484375 246
1756639744820 49.30144119262695 247
1756639747449 41.61337661743164 248
1756639750053 50.01689147949219 249
1756639752663 47.12672424316406 250
1756639755277 53.34657669067383 251
1756639757889 53.152435302734375 252
1756639760497 48.34596252441406 253
1756639763167 53.68620681762695 254
1756639765790 53.02151870727539 255
1756639768433 61.95158767700195 256
1756639771087 52.88216018676758 257
1756639773704 53.81134796142578 258
1756639776328 50.74009704589844 259
1756639778948 47.50141143798828 260
1756639781621 53.61375427246094 261
1756639784230 51.96719741821289 262
1756639786879 50.24213409423828 263
1756639789535 55.41038131713867 264
1756639792134 47.591285705566406 265
1756639794786 50.279911041259766 266
1756639797403 46.1819953918457 267
1756639800040 46.67268753051758 268
1756639802654 45.491703033447266 269
1756639805259 57.60811233520508 270
1756639807890 43.297908782958984 271
1756639810556 41.3475227355957 272
1756639813185 56.5008430480957 273
1756639815823 49.84183120727539 274
1756639818426 54.418922424316406 275
1756639821043 47.780609130859375 276
1756639823708 43.36760330200195 277
1756639826353 49.099220275878906 278
1756639829004 53.29107666015625 279
1756639831634 46.460140228271484 280
1756639834295 48.21430206298828 281
1756639836922 49.060272216796875 282
1756639839552 45.590736389160156 283
1756639842190 44.837764739990234 284
1756639844833 53.351951599121094 285
1756639847493 53.61910629272461 286
1756639852121 54.1298942565918 287
1756639855414 45.979576110839844 288
1756639858067 49.020442962646484 289
1756639860703 51.949241638183594 290
1756639863337 50.89106369018555 291
1756639865993 54.19163131713867 292
1756639868627 53.3753776550293 293
1756639871267 41.29624938964844 294
1756639873900 52.68232727050781 295
1756639876531 44.22386932373047 296
1756639879160 44.34967803955078 297
1756639881801 47.76948547363281 298
1756639884437 59.39329147338867 299
1756639903647 93.3570785522461 0
1756639906390 56.8670539855957 1
1756639908954 56.366519927978516 2
1756639911568 55.931373596191406 3
1756639914095 60.58967208862305 4
1756639916671 56.582218170166016 5
1756639919193 53.366390228271484 6
1756639921789 49.91946029663086 7
1756639924297 49.469627380371094 8
1756639926883 58.083187103271484 9
1756639929385 43.811187744140625 10
1756639932026 49.07416915893555 11
1756639934546 37.23248291015625 12
1756639937197 47.66447830200195 13
1756639939695 51.6103630065918 14
1756639942310 42.235809326171875 15
1756639944823 47.9243278503418 16
1756639947469 42.37516784667969 17
1756639949958 45.36982727050781 18
1756639952563 54.4792366027832 19
1756639955068 52.85684585571289 20
1756639957701 45.77476501464844 21
1756639960216 49.488868713378906 22
1756639962837 51.84791564941406 23
1756639965384 42.7642707824707 24
1756639967977 45.61402130126953 25
1756639970470 37.24413299560547 26
1756639973067 48.576229095458984 27
1756639975579 47.84222412109375 28
1756639978195 43.308048248291016 29
1756639980708 40.87334442138672 30
1756639983326 46.164798736572266 31
1756639985868 39.831607818603516 32
1756639988491 48.234806060791016 33
1756639991011 49.418155670166016 34
1756639993645 50.21920394897461 35
1756639996180 48.81428527832031 36
1756639998783 42.501121520996094 37
1756640001273 54.97700500488281 38
1756640003908 50.91679382324219 39
1756640006431 49.020774841308594 40
1756640009064 44.830570220947266 41
1756640011580 46.37278747558594 42
1756640014213 47.568687438964844 43
1756640016713 52.9666862487793 44
1756640019273 47.415061950683594 45
1756640021887 49.210140228271484 46
1756640024516 48.950950622558594 47
1756640027027 44.51683044433594 48
1756640029677 45.54519271850586 49
1756640032195 51.018943786621094 50
1756640034834 43.87773513793945 51
1756640037371 50.749412536621094 52
1756640039892 38.518856048583984 53
1756640042437 52.5618782043457 54
1756640045043 40.14390563964844 55
1756640047547 38.90739822387695 56
1756640050223 46.7927360534668 57
1756640052826 52.346927642822266 58
1756640055395 43.54322052001953 59
1756640058011 47.24802017211914 60
1756640060544 45.6304931640625 61
1756640063223 51.089195251464844 62
1756640065775 40.31986618041992 63
1756640068424 43.183753967285156 64
1756640070938 36.531734466552734 65
1756640073538 53.362815856933594 66
1756640076035 48.02975845336914 67
1756640078670 42.49702453613281 68
1756640081224 47.77056884765625 69
1756640083862 52.231563568115234 70
1756640086375 46.10879135131836 71
1756640089015 48.800777435302734 72
1756640091555 50.31575012207031 73
1756640094186 43.28470993041992 74
1756640096721 43.373958587646484 75
1756640099361 46.199703216552734 76
1756640101877 47.821754455566406 77
1756640104502 48.1629638671875 78
1756640107006 45.01133728027344 79
1756640109614 49.13992691040039 80
1756640112131 50.45947265625 81
1756640114736 48.5023193359375 82
1756640117264 52.402896881103516 83
1756640119924 54.5182991027832 84
1756640122457 51.270729064941406 85
1756640125122 51.17121887207031 86
1756640127644 45.27269744873047 87
1756640130273 43.82230758666992 88
1756640132812 46.488853454589844 89
1756640135458 44.78831481933594 90
1756640137991 46.24852752685547 91
1756640140681 50.944068908691406 92
1756640143247 44.686668395996094 93
1756640145882 42.269996643066406 94
1756640148445 53.685611724853516 95
1756640151065 47.367679595947266 96
1756640153598 37.9564208984375 97
1756640156141 52.87590026855469 98
1756640158721 50.01950454711914 99
1756640161337 49.230247497558594 100
1756640163915 41.532752990722656 101
1756640166520 48.785057067871094 102
1756640169099 46.1613883972168 103
1756640171706 50.12837219238281 104
1756640174229 48.76609802246094 105
1756640176895 52.9815559387207 106
1756640179521 38.97781753540039 107
1756640182074 51.01057052612305 108
1756640184692 46.82522964477539 109
1756640187221 42.052635192871094 110
1756640189901 44.02948760986328 111
1756640192425 46.14405822753906 112
1756640194952 45.20505905151367 113
1756640197550 53.138370513916016 114
1756640200174 46.24589920043945 115
1756640202715 45.419551849365234 116
1756640205451 47.9968147277832 117
1756640208068 47.74135971069336 118
1756640210616 53.062843322753906 119
1756640213289 50.473411560058594 120
1756640215827 52.660518646240234 121
1756640218442 43.82021713256836 122
1756640220982 40.810482025146484 123
1756640223589 51.23663330078125 124
1756640226082 45.221214294433594 125
1756640228603 44.80778884887695 126
1756640231140 51.36772537231445 127
1756640233685 43.79228591918945 128
1756640236253 54.58226013183594 129
1756640238894 42.131412506103516 130
1756640241417 45.20942306518555 131
1756640243947 47.45759582519531 132
1756640246522 47.02304458618164 133
1756640249130 50.64007568359375 134
1756640251631 43.81155014038086 135
1756640254292 42.72610855102539 136
1756640256801 48.031272888183594 137
1756640259455 45.414615631103516 138
1756640262023 44.45077896118164 139
1756640264638 56.49249267578125 140
1756640267138 42.95305252075195 141
1756640269755 46.46681213378906 142
1756640272282 38.537967681884766 143
1756640274803 40.27083969116211 144
1756640277367 44.013492584228516 145
1756640280027 52.93681335449219 146
1756640282534 47.0510139465332 147
1756640285204 40.64714050292969 148
1756640287846 50.12833023071289 149
1756640290368 47.450618743896484 150
1756640292994 45.66669845581055 151
1756640295518 44.21186447143555 152
1756640298168 52.11772155761719 153
1756640300706 45.29872131347656 154
1756640303351 51.54719543457031 155
1756640305895 44.62887954711914 156
1756640308548 40.945716857910156 157
1756640311146 42.7313117980957 158
1756640313662 41.96152114868164 159
1756640316370 46.48591232299805 160
1756640318988 52.144569396972656 161
1756640321539 42.1607666015625 162
1756640324163 44.61458969116211 163
1756640326664 47.909000396728516 164
1756640329220 47.629066467285156 165
1756640331842 42.28911590576172 166
1756640334423 43.070308685302734 167
1756640337002 48.03153991699219 168
1756640339654 47.4298210144043 169
1756640342248 51.48273849487305 170
1756640344753 47.302513122558594 171
1756640347443 42.8326301574707 172
1756640350106 47.260169982910156 173
1756640352634 50.72084045410156 174
1756640355237 46.847164154052734 175
1756640357758 43.03187561035156 176
1756640360405 48.8984375 177
1756640362917 51.65138244628906 178
1756640365548 43.62160110473633 179
1756640368080 48.946022033691406 180
1756640370712 44.47954559326172 181
1756640373235 43.42571258544922 182
1756640375835 57.259456634521484 183
1756640378373 48.06024169921875 184
1756640381050 46.97883605957031 185
1756640383585 46.4390869140625 186
1756640386209 39.67923355102539 187
1756640388737 42.88720703125 188
1756640391449 57.83890151977539 189
1756640394082 50.6064338684082 190
1756640396647 40.85429763793945 191
1756640399255 45.84660720825195 192
1756640401768 45.27090835571289 193
1756640404394 47.79220962524414 194
1756640406901 49.9627685546875 195
1756640409510 43.635005950927734 196
1756640412012 48.7901725769043 197
1756640414674 38.99113845825195 198
1756640417301 50.141807556152344 199
1756640419902 43.79593276977539 200
1756640422594 48.678768157958984 201
1756640425097 45.60298538208008 202
1756640427713 43.77354049682617 203
1756640430259 52.511051177978516 204
1756640432898 48.352413177490234 205
1756640435424 47.63692855834961 206
1756640438058 58.04647445678711 207
1756640440579 47.92574691772461 208
1756640443208 50.31814956665039 209
1756640445757 47.2883415222168 210
1756640448406 59.25680923461914 211
1756640450957 51.88200378417969 212
1756640453634 46.26539611816406 213
1756640456224 49.411216735839844 214
1756640458745 46.09877014160156 215
1756640461359 43.566139221191406 216
1756640463859 49.285953521728516 217
1756640466486 52.17280578613281 218
1756640468987 47.54730224609375 219
1756640471584 52.0522346496582 220
1756640474096 51.848899841308594 221
1756640476723 48.5755615234375 222
1756640479258 45.177303314208984 223
1756640481882 50.014095306396484 224
1756640484389 45.69639205932617 225
1756640487006 45.488033294677734 226
1756640489506 37.85931396484375 227
1756640492166 47.1286735534668 228
1756640494665 37.65394592285156 229
1756640497209 51.436336517333984 230
1756640499865 42.872310638427734 231
1756640502480 47.13948059082031 232
1756640505022 43.30027770996094 233
1756640507550 47.9914665222168 234
1756640510102 45.13714599609375 235
1756640512737 43.31415557861328 236
1756640515249 46.6230354309082 237
1756640517864 47.92144775390625 238
1756640520396 48.93427658081055 239
1756640522941 50.53321838378906 240
1756640525490 43.936458587646484 241
1756640528170 54.573692321777344 242
1756640530781 44.715694427490234 243
1756640533357 45.1259765625 244
1756640535896 44.80494689941406 245
1756640538477 48.03330993652344 246
1756640541116 42.81692123413086 247
1756640543642 48.14665222167969 248
1756640546265 43.09817886352539 249
1756640548771 43.37884521484375 250
1756640551408 49.3479118347168 251
1756640553959 49.022159576416016 252
1756640556604 45.148685455322266 253
1756640559119 48.99789810180664 254
1756640561761 41.68488311767578 255
1756640564255 57.00130844116211 256
1756640566864 43.732635498046875 257
1756640569453 48.789161682128906 258
1756640572040 47.265926361083984 259
1756640574660 48.4852180480957 260
1756640577189 44.740692138671875 261
1756640579736 54.95170974731445 262
1756640582276 49.378665924072266 263
1756640584925 45.01591491699219 264
1756640587492 48.23983383178711 265
1756640590130 49.8695182800293 266
1756640592622 45.089988708496094 267
1756640595178 39.16871643066406 268
1756640597756 52.34283447265625 269
1756640600281 41.11323165893555 270
1756640602850 45.478633880615234 271
1756640605522 51.345523834228516 272
1756640608024 38.85031509399414 273
1756640610620 45.31545639038086 274
1756640613141 43.77658462524414 275
1756640615758 47.007259368896484 276
1756640618270 46.780357360839844 277
1756640620939 49.09687805175781 278
1756640623434 37.678226470947266 279
1756640626024 49.23782730102539 280
1756640628565 47.451927185058594 281
1756640631209 44.82621765136719 282
1756640633797 53.08938980102539 283
1756640636297 51.2569465637207 284
1756640638894 44.2176513671875 285
1756640641418 50.89858627319336 286
1756640644026 48.411197662353516 287
1756640646544 44.28061294555664 288
1756640649180 47.96146011352539 289
1756640651733 41.78465270996094 290
1756640654346 38.81843948364258 291
1756640656871 48.26683044433594 292
1756640659464 51.090023040771484 293
1756640662032 43.478702545166016 294
1756640664677 44.09211349487305 295
1756640667215 43.56642150878906 296
1756640669878 47.91525650024414 297
1756640672381 47.562095642089844 298
1756640674991 48.42776870727539 299
1756640687311 78.15998840332031 0
1756640689927 65.9208984375 1
1756640692469 62.73677062988281 2
1756640695092 48.753578186035156 3
1756640697709 55.673404693603516 4
1756640700272 49.73038101196289 5
1756640702954 53.12953567504883 6
1756640705639 46.01033020019531 7
1756640708289 48.8110466003418 8
1756640710903 53.498046875 9
1756640713483 41.39479064941406 10
1756640716082 43.29304885864258 11
1756640718735 44.133724212646484 12
1756640721419 45.29845428466797 13
1756640724086 49.05440902709961 14
1756640726709 54.903167724609375 15
1756640729354 53.43638229370117 16
1756640731888 53.38968276977539 17
1756640734532 44.63237380981445 18
1756640737241 45.720401763916016 19
1756640739968 53.345001220703125 20
1756640742592 49.05268478393555 21
1756640745192 37.251068115234375 22
1756640747738 50.149105072021484 23
1756640750410 41.87752914428711 24
1756640753113 39.67453384399414 25
1756640755754 34.28152847290039 26
1756640758382 48.2010383605957 27
1756640760978 47.31665802001953 28
1756640763550 51.8411750793457 29
1756640766238 45.64624786376953 30
1756640768940 47.30552291870117 31
1756640771562 52.412147521972656 32
1756640774145 50.55597686767578 33
1756640776750 49.29875183105469 34
1756640779340 42.28267288208008 35
1756640781981 49.76686096191406 36
1756640784626 40.937828063964844 37
1756640787198 43.810752868652344 38
1756640789909 52.159114837646484 39
1756640792613 48.0858039855957 40
1756640795244 48.07778549194336 41
1756640797824 46.579715728759766 42
1756640800457 56.03501510620117 43
1756640803019 43.68526840209961 44
1756640805647 46.2879753112793 45
1756640808236 52.73012161254883 46
1756640810778 43.12269973754883 47
1756640813459 39.92403793334961 48
1756640816114 46.0374755859375 49
1756640818744 44.89533615112305 50
1756640821423 46.66755294799805 51
1756640824061 46.06733703613281 52
1756640826730 39.77691650390625 53
1756640829385 46.48674392700195 54
1756640832019 42.50933074951172 55
1756640834646 45.36695098876953 56
1756640837280 42.15752029418945 57
1756640839967 52.286033630371094 58
1756640842644 47.2361946105957 59
1756640845302 46.249061584472656 60
1756640847976 50.118656158447266 61
1756640850615 41.507781982421875 62
1756640853243 47.74003219604492 63
1756640855871 51.66044616699219 64
1756640858518 43.68770217895508 65
1756640861210 43.174713134765625 66
1756640863873 43.29829788208008 67
1756640866555 48.24846267700195 68
1756640869211 45.72400665283203 69
1756640871874 39.6265869140625 70
1756640874529 50.015628814697266 71
1756640877177 43.81616973876953 72
1756640879860 46.76133346557617 73
1756640882501 43.96675109863281 74
1756640885142 43.7904167175293 75
1756640887772 45.447269439697266 76
1756640890423 41.942623138427734 77
1756640893061 45.78006362915039 78
1756640895684 42.35246658325195 79
1756640898377 44.12593460083008 80
1756640901060 42.819976806640625 81
1756640903717 46.43402099609375 82
1756640906355 44.171897888183594 83
1756640909077 38.922630310058594 84
1756640911716 44.23314666748047 85
1756640914336 41.87080001831055 86
1756640916948 50.97850036621094 87
1756640919571 43.34486770629883 88
1756640922209 62.37721633911133 89
1756640924832 42.743141174316406 90
1756640927444 45.60660934448242 91
1756640930074 49.14080047607422 92
1756640932689 41.56308364868164 93
1756640935321 41.332984924316406 94
1756640937935 46.314517974853516 95
1756640940557 45.99290466308594 96
1756640943204 40.942081451416016 97
1756640945866 44.080726623535156 98
1756640948544 41.905975341796875 99
1756640951224 43.77717971801758 100
1756640953885 42.09156799316406 101
1756640956516 49.078460693359375 102
1756640959133 50.95728302001953 103
1756640961767 51.140663146972656 104
1756640964412 41.100303649902344 105
1756640967057 50.052669525146484 106
1756640969717 44.22468948364258 107
1756640972338 56.60390090942383 108
1756640974983 45.52528762817383 109
1756640977613 44.61642074584961 110
1756640980320 39.94858169555664 111
1756640982966 41.400169372558594 112
1756640985578 41.69188690185547 113
1756640988233 41.81498718261719 114
1756640990845 41.21843719482422 115
1756640993458 40.01069641113281 116
1756640996091 45.03373718261719 117
1756640998713 40.047935485839844 118
1756641001368 49.19287109375 119
1756641004015 47.36591339111328 120
1756641006722 49.786956787109375 121
1756641009359 52.25770950317383 122
1756641011987 48.565670013427734 123
1756641014631 55.709651947021484 124
1756641017261 43.26691436767578 125
1756641019873 46.170448303222656 126
1756641022482 49.370758056640625 127
1756641025102 46.77859878540039 128
1756641027722 37.28620529174805 129
1756641030358 44.984642028808594 130
1756641033013 46.893028259277344 131
1756641035668 42.60869598388672 132
1756641038365 41.22526550292969 133
1756641041008 48.848365783691406 134
1756641043700 43.3284912109375 135
1756641046313 49.21783447265625 136
1756641048941 35.78688049316406 137
1756641051555 45.88496398925781 138
1756641054204 47.3326416015625 139
1756641056829 42.40861511230469 140
1756641059473 41.440032958984375 141
1756641062126 41.26688766479492 142
1756641064752 40.89017868041992 143
1756641067377 44.750423431396484 144
1756641070002 43.59475326538086 145
1756641072660 48.86585998535156 146
1756641075271 44.123130798339844 147
1756641077911 44.667640686035156 148
1756641080534 38.055484771728516 149
1756641083178 46.632877349853516 150
1756641085827 47.7596435546875 151
1756641088476 40.78934097290039 152
1756641091090 51.13942337036133 153
1756641093699 49.526771545410156 154
1756641096317 46.51219177246094 155
1756641098924 52.491214752197266 156
1756641101603 41.7237663269043 157
1756641104294 40.04740905761719 158
1756641106949 41.60761260986328 159
1756641109602 46.888824462890625 160
1756641112260 42.101226806640625 161
1756641114911 51.07344055175781 162
1756641117523 51.033424377441406 163
1756641120171 47.99809265136719 164
1756641122838 38.82541275024414 165
1756641125453 41.970584869384766 166
1756641128063 46.83563995361328 167
1756641130676 53.89823913574219 168
1756641133306 39.807220458984375 169
1756641135928 38.88803482055664 170
1756641138572 45.842071533203125 171
1756641141172 44.688907623291016 172
1756641143817 47.83247375488281 173
1756641146443 54.348018646240234 174
1756641149083 42.754703521728516 175
1756641151715 53.40557098388672 176
1756641154340 46.744625091552734 177
1756641156980 54.738773345947266 178
1756641159605 53.589866638183594 179
1756641162223 49.828121185302734 180
1756641164861 47.09842300415039 181
1756641167477 51.709571838378906 182
1756641170107 45.35420227050781 183
1756641172714 44.39869689941406 184
1756641175244 48.001426696777344 185
1756641177870 51.421958923339844 186
1756641180528 39.929500579833984 187
1756641183185 49.16446304321289 188
1756641185779 45.50234603881836 189
1756641188365 44.03722381591797 190
1756641190909 44.18003845214844 191
1756641193532 48.731040954589844 192
1756641196185 46.10598373413086 193
1756641198799 43.39818572998047 194
1756641201423 43.706581115722656 195
1756641204007 49.045284271240234 196
1756641206530 51.932979583740234 197
1756641209181 44.67973709106445 198
1756641211871 54.6191520690918 199
1756641214481 47.57429504394531 200
1756641217092 52.78570556640625 201
1756641219739 45.2662353515625 202
1756641222390 45.001686096191406 203
1756641224966 50.55961608886719 204
1756641227516 48.783512115478516 205
1756641230165 51.30282211303711 206
1756641232820 48.26210403442383 207
1756641235418 45.3963623046875 208
1756641238038 43.939205169677734 209
1756641240615 55.66830825805664 210
1756641243221 51.20912551879883 211
1756641245822 50.69545364379883 212
1756641248437 47.375877380371094 213
1756641251045 49.49937057495117 214
1756641253641 45.233455657958984 215
1756641256195 38.71055221557617 216
1756641258816 42.035953521728516 217
1756641261486 42.04074478149414 218
1756641264092 45.06123352050781 219
1756641266670 46.271907806396484 220
1756641269316 56.680728912353516 221
1756641271907 41.693729400634766 222
1756641274486 43.08657455444336 223
1756641277057 53.91661834716797 224
1756641279730 44.73674011230469 225
1756641282333 48.22587585449219 226
1756641284988 41.64414978027344 227
1756641287621 44.29391098022461 228
1756641290262 51.143062591552734 229
1756641292891 46.691219329833984 230
1756641295504 50.06895065307617 231
1756641298117 44.895721435546875 232
1756641300734 42.96772766113281 233
1756641303416 43.306880950927734 234
1756641306091 43.74819564819336 235
1756641308672 48.377281188964844 236
1756641311337 40.411983489990234 237
1756641313990 46.75948715209961 238
1756641316755 42.38212585449219 239
1756641319401 50.57444381713867 240
1756641322017 44.18216323852539 241
1756641324626 42.1124382019043 242
1756641327246 44.61446762084961 243
1756641329854 50.94294357299805 244
1756641332538 41.12137985229492 245
1756641335201 39.77349090576172 246
1756641337788 47.01401901245117 247
1756641340532 45.025474548339844 248
1756641343120 46.30805206298828 249
1756641345771 49.694061279296875 250
1756641348417 48.023765563964844 251
1756641351059 42.526309967041016 252
1756641353689 39.909507751464844 253
1756641356329 45.94397735595703 254
1756641358922 48.50564956665039 255
1756641361574 53.87290954589844 256
1756641364149 51.5606803894043 257
1756641366794 43.57701110839844 258
1756641369372 39.740081787109375 259
1756641372006 52.928409576416016 260
1756641374621 40.398502349853516 261
1756641377266 47.13459396362305 262
1756641379948 53.24628448486328 263
1756641382571 47.36692428588867 264
1756641385187 41.20993423461914 265
1756641387817 48.03703308105469 266
1756641390458 41.50809860229492 267
1756641393091 43.39414978027344 268
1756641395758 45.19194793701172 269
1756641398411 42.89455795288086 270
1756641401091 40.169105529785156 271
1756641403674 39.58428955078125 272
1756641406300 46.68177795410156 273
1756641408881 42.139320373535156 274
1756641411525 37.34675216674805 275
1756641414134 43.901851654052734 276
1756641416837 45.72534942626953 277
1756641419436 42.1396369934082 278
1756641422099 49.632965087890625 279
1756641424716 45.46811294555664 280
1756641427361 49.910072326660156 281
1756641429923 52.305755615234375 282
1756641432604 47.38734436035156 283
1756641435241 50.35557174682617 284
1756641437943 43.34565353393555 285
1756641440507 46.0191764831543 286
1756641443181 43.52605056762695 287
1756641445757 51.66745376586914 288
1756641448417 49.31108856201172 289
1756641451010 48.57982635498047 290
1756641453620 46.51656723022461 291
1756641456223 49.268619537353516 292
1756641458852 40.60860824584961 293
1756641461472 42.40046691894531 294
1756641464138 51.30146789550781 295
1756641466753 41.4573974609375 296
1756641469365 38.15343475341797 297
1756641471999 48.48402404785156 298
1756641474560 45.862483978271484 299
1756641487409 89.44318389892578 0
1756641490483 76.92516326904297 1
1756641493579 82.94638061523438 2
1756641496639 81.4133071899414 3
1756641499757 60.07997131347656 4
1756641502892 67.44316101074219 5
1756641505998 58.195579528808594 6
1756641509113 59.81916809082031 7
1756641512257 51.946205139160156 8
1756641515398 52.489280700683594 9
1756641518539 55.55721664428711 10
1756641521667 51.917232513427734 11
1756641524780 60.4865608215332 12
1756641527873 56.57302474975586 13
1756641531000 56.731624603271484 14
1756641534111 58.26140213012695 15
1756641537221 52.215660095214844 16
1756641540310 47.466552734375 17
1756641543421 57.37655258178711 18
1756641546530 51.926822662353516 19
1756641549631 54.1451301574707 20
1756641552773 55.904781341552734 21
1756641555846 59.121028900146484 22
1756641558915 61.296512603759766 23
1756641562033 59.3368034362793 24
1756641565151 51.56386947631836 25
1756641568249 62.19478988647461 26
1756641571312 51.972389221191406 27
1756641574386 59.93548583984375 28
1756641577452 59.30093765258789 29
1756641580572 60.496273040771484 30
1756641583678 59.43110656738281 31
1756641586766 50.384864807128906 32
1756641589855 53.10624694824219 33
1756641592968 57.5592155456543 34
1756641596032 57.75111389160156 35
1756641599106 62.914432525634766 36
1756641602228 53.862449645996094 37
1756641605300 56.06828689575195 38
1756641608422 58.54330062866211 39
1756641611519 55.14131164550781 40
1756641614625 49.419742584228516 41
1756641617727 56.987525939941406 42
1756641620806 58.623497009277344 43
1756641623921 50.7491340637207 44
1756641627015 62.36885070800781 45
1756641630104 52.577457427978516 46
1756641633202 53.124942779541016 47
1756641636265 58.38352966308594 48
1756641639385 60.543357849121094 49
1756641642455 57.84359359741211 50
1756641645553 59.66989517211914 51
1756641648718 59.429588317871094 52
1756641651817 56.44917297363281 53
1756641654944 54.690391540527344 54
1756641658042 52.159423828125 55
1756641661161 58.39602279663086 56
1756641664294 61.01651382446289 57
1756641667401 61.27421951293945 58
1756641670526 65.0262222290039 59
1756641673594 55.480281829833984 60
1756641676676 64.26504516601562 61
1756641679778 56.9434700012207 62
1756641682907 58.680198669433594 63
1756641686032 59.945369720458984 64
1756641689161 54.08725357055664 65
1756641692308 56.10299301147461 66
1756641695398 58.03790283203125 67
1756641698498 63.32657241821289 68
1756641701623 54.503238677978516 69
1756641704731 59.12492752075195 70
1756641707829 50.400489807128906 71
1756641710890 58.97160720825195 72
1756641714006 56.137142181396484 73
1756641717071 62.93180847167969 74
1756641720175 57.460548400878906 75
1756641723265 63.04593276977539 76
1756641726358 60.8580207824707 77
1756641729470 48.31681823730469 78
1756641732620 53.042640686035156 79
1756641735755 54.42536544799805 80
1756641738871 54.76856994628906 81
1756641741985 58.0654411315918 82
1756641745077 60.88743591308594 83
1756641748160 58.633853912353516 84
1756641751290 59.700626373291016 85
1756641754433 54.46806335449219 86
1756641757534 52.96873474121094 87
1756641760610 58.311363220214844 88
1756641763682 55.738956451416016 89
1756641766836 52.36528015136719 90
1756641769977 57.95344543457031 91
1756641773118 57.650245666503906 92
1756641776242 58.08917236328125 93
1756641779314 48.0701789855957 94
1756641782431 50.99725341796875 95
1756641785555 63.7406120300293 96
1756641788688 48.8930778503418 97
1756641791790 54.8936653137207 98
1756641794905 57.0636100769043 99
1756641798042 57.377174377441406 100
1756641801155 53.50102233886719 101
1756641804312 54.2389030456543 102
1756641807388 56.608375549316406 103
1756641810497 55.945621490478516 104
1756641813608 52.498294830322266 105
1756641816729 53.52897644042969 106
1756641819810 57.496334075927734 107
1756641823043 48.744972229003906 108
1756641826158 62.34733581542969 109
1756641829253 49.50532150268555 110
1756641832359 58.64582443237305 111
1756641835487 57.45859146118164 112
1756641838600 46.33388900756836 113
1756641841726 59.900634765625 114
1756641844840 55.0677604675293 115
1756641847965 51.042720794677734 116
1756641851105 53.23919677734375 117
1756641854218 56.2973747253418 118
1756641857292 66.42826843261719 119
1756641860387 59.43111801147461 120
1756641863464 59.27899169921875 121
1756641866575 56.55344009399414 122
1756641869674 54.87664794921875 123
1756641872802 55.05074691772461 124
1756641875965 54.73348617553711 125
1756641879077 58.9644775390625 126
1756641882162 53.22555160522461 127
1756641885279 56.192806243896484 128
1756641888375 52.97166442871094 129
1756641891556 63.1306266784668 130
1756641894692 56.006229400634766 131
1756641897781 52.91238784790039 132
1756641900924 55.87977600097656 133
1756641904019 58.598262786865234 134
1756641907110 51.77516174316406 135
1756641910184 56.03921890258789 136
1756641913291 54.7248420715332 137
1756641916375 51.960838317871094 138
1756641919481 55.016380310058594 139
1756641922581 56.34304428100586 140
1756641925728 62.06443786621094 141
1756641928878 54.37910461425781 142
1756641931997 53.89500427246094 143
1756641935174 60.17409896850586 144
1756641938289 49.97216796875 145
1756641941449 56.185791015625 146
1756641944554 59.430152893066406 147
1756641947635 58.507511138916016 148
1756641950774 55.165687561035156 149
1756641953908 56.4515266418457 150
1756641957059 60.25192642211914 151
1756641960216 57.39239501953125 152
1756641963296 54.52901840209961 153
1756641966412 53.3841552734375 154
1756641969526 59.771785736083984 155
1756641972626 65.81645202636719 156
1756641975732 54.66867446899414 157
1756641978851 57.1422233581543 158
1756641981988 63.080467224121094 159
1756641985081 59.62425231933594 160
1756641988230 54.135948181152344 161
1756641991339 62.058250427246094 162
1756641994482 51.72509765625 163
1756641997629 54.0173225402832 164
1756642000709 59.2305793762207 165
1756642003807 48.21244812011719 166
1756642006916 69.82250213623047 167
1756642010032 55.675411224365234 168
1756642013188 58.475135803222656 169
1756642016308 57.90141296386719 170
1756642019408 52.076229095458984 171
1756642022583 54.065128326416016 172
1756642025685 55.75726318359375 173
1756642028804 59.239990234375 174
1756642031894 64.60686492919922 175
1756642035057 59.8624153137207 176
1756642038147 53.6732292175293 177
1756642041268 56.9223518371582 178
1756642044346 54.14974594116211 179
1756642047443 60.46304702758789 180
1756642050568 55.7620735168457 181
1756642053711 46.549312591552734 182
1756642056834 61.53718566894531 183
1756642059942 65.6752700805664 184
1756642063127 52.253116607666016 185
1756642066247 58.74710464477539 186
1756642069367 58.770240783691406 187
1756642072480 63.886375427246094 188
1756642075592 53.7193603515625 189
1756642078757 59.125099182128906 190
1756642081847 64.9209976196289 191
1756642084925 54.550662994384766 192
1756642088048 59.018489837646484 193
1756642091135 54.563350677490234 194
1756642094299 55.504337310791016 195
1756642097476 62.35956954956055 196
1756642100574 56.63162612915039 197
1756642103746 59.78939437866211 198
1756642106873 61.531612396240234 199
1756642110050 61.818504333496094 200
1756642113158 50.259700775146484 201
1756642116289 44.195621490478516 202
1756642119413 53.148746490478516 203
1756642122503 59.177547454833984 204
1756642125601 61.8167839050293 205
1756642128740 55.76919174194336 206
1756642131817 53.540992736816406 207
1756642134916 45.46223449707031 208
1756642138012 52.800052642822266 209
1756642141099 49.14383316040039 210
1756642144200 59.334285736083984 211
1756642147336 47.522666931152344 212
1756642150468 61.91592788696289 213
1756642153554 58.16433334350586 214
1756642156687 56.07510757446289 215
1756642159821 53.924190521240234 216
1756642162949 54.699951171875 217
1756642166069 57.81766128540039 218
1756642169268 60.99736022949219 219
1756642172500 56.4900016784668 220
1756642175575 58.75442123413086 221
1756642178722 57.34685134887695 222
1756642181859 57.431400299072266 223
1756642184960 58.0047607421875 224
1756642188052 54.732643127441406 225
1756642191138 49.02206039428711 226
1756642194224 59.3565673828125 227
1756642197325 55.43854904174805 228
1756642200421 56.41970443725586 229
1756642203589 59.168067932128906 230
1756642206760 54.48295593261719 231
1756642209865 56.816768646240234 232
1756642213018 64.53152465820312 233
1756642216132 56.350833892822266 234
1756642219233 64.47795867919922 235
1756642222358 55.36385726928711 236
1756642225469 55.30121994018555 237
1756642228613 56.408451080322266 238
1756642231735 57.3944206237793 239
1756642234846 58.40486145019531 240
1756642237971 56.396461486816406 241
1756642241175 52.036293029785156 242
1756642244266 49.96943283081055 243
1756642247361 63.14756774902344 244
1756642250505 61.711551666259766 245
1756642253635 50.77479553222656 246
1756642256749 58.04368591308594 247
1756642259880 54.73147964477539 248
1756642262987 62.91226577758789 249
1756642266168 56.29534912109375 250
1756642269276 52.58615493774414 251
1756642272386 49.340328216552734 252
1756642275568 52.634788513183594 253
1756642278696 52.008934020996094 254
1756642281814 60.365455627441406 255
1756642284942 59.993167877197266 256
1756642288039 61.179866790771484 257
1756642291171 59.31216812133789 258
1756642294310 52.489139556884766 259
1756642297409 54.2490348815918 260
1756642300598 59.371891021728516 261
1756642303725 60.044761657714844 262
1756642306851 53.787254333496094 263
1756642309990 58.11825180053711 264
1756642313091 54.96859359741211 265
1756642316213 58.2647705078125 266
1756642319360 58.035179138183594 267
1756642322444 59.83210754394531 268
1756642325557 55.107215881347656 269
1756642328690 58.319114685058594 270
1756642331833 52.79814147949219 271
1756642334949 59.279170989990234 272
1756642338028 57.98997497558594 273
1756642341141 56.60746765136719 274
1756642344230 66.2857437133789 275
1756642347338 52.39265441894531 276
1756642350467 49.60160827636719 277
1756642353589 56.048038482666016 278
1756642356703 52.386043548583984 279
1756642359800 64.73314666748047 280
1756642362928 57.4152946472168 281
1756642366044 60.61703109741211 282
1756642369135 56.093074798583984 283
1756642372220 61.65180969238281 284
1756642375339 61.1838493347168 285
1756642378454 57.825130462646484 286
1756642381554 52.400352478027344 287
1756642384704 56.8672981262207 288
1756642387786 62.327083587646484 289
1756642390905 52.7375602722168 290
1756642394045 57.348289489746094 291
1756642397229 54.066993713378906 292
1756642400403 61.18156433105469 293
1756642403555 56.1479606628418 294
1756642406687 51.692710876464844 295
1756642409823 54.001285552978516 296
1756642412905 59.7501106262207 297
1756642415990 46.312950134277344 298
1756642419092 53.91743469238281 299
1756642432102 88.44590759277344 0
1756642435292 72.27581787109375 1
1756642438464 81.4388198852539 2
1756642441660 85.37129211425781 3
1756642444873 69.52015686035156 4
1756642448166 58.28912353515625 5
1756642451397 58.325897216796875 6
1756642454610 59.64686965942383 7
1756642457810 57.78426742553711 8
1756642461047 55.31744384765625 9
1756642464287 58.37333297729492 10
1756642467541 58.93927764892578 11
1756642470734 50.99106979370117 12
1756642473994 57.05620193481445 13
1756642477225 56.32643508911133 14
1756642480476 53.93402862548828 15
1756642483757 55.773197174072266 16
1756642487015 55.20170593261719 17
1756642490226 49.72831726074219 18
1756642493450 48.54045486450195 19
1756642496640 58.43293380737305 20
1756642499867 48.923606872558594 21
1756642503082 47.40666580200195 22
1756642506287 55.33530807495117 23
1756642509559 55.31499481201172 24
1756642512794 55.13667297363281 25
1756642516043 58.53926467895508 26
1756642519243 59.994415283203125 27
1756642522450 49.26760482788086 28
1756642525725 47.62376022338867 29
1756642529004 54.19475173950195 30
1756642532245 50.260292053222656 31
1756642535519 48.82425308227539 32
1756642538761 51.23781967163086 33
1756642542065 49.700904846191406 34
1756642545274 55.988460540771484 35
1756642548514 47.17098617553711 36
1756642551737 51.018157958984375 37
1756642554966 51.35076141357422 38
1756642558173 55.19840621948242 39
1756642561428 47.254432678222656 40
1756642564632 58.33646011352539 41
1756642567869 48.75033950805664 42
1756642571083 55.601234436035156 43
1756642574289 52.113304138183594 44
1756642577497 54.76255416870117 45
1756642580728 42.983028411865234 46
1756642583945 43.71430969238281 47
1756642587156 49.73040771484375 48
1756642590389 54.760746002197266 49
1756642593637 51.31100845336914 50
1756642596891 49.11086654663086 51
1756642600183 55.8466796875 52
1756642603445 52.38230895996094 53
1756642606645 45.94099807739258 54
1756642609842 55.88108444213867 55
1756642613092 49.43611145019531 56
1756642616292 50.30802917480469 57
1756642619503 52.094818115234375 58
1756642622742 50.78361511230469 59
1756642626031 53.20005416870117 60
1756642629287 55.09829330444336 61
1756642632531 57.84150695800781 62
1756642635801 51.87920379638672 63
1756642639078 52.444496154785156 64
1756642642328 44.45072937011719 65
1756642645557 57.25202941894531 66
1756642648804 53.0867805480957 67
1756642652088 52.9249267578125 68
1756642655291 48.82600021362305 69
1756642658503 46.768890380859375 70
1756642661765 48.25214385986328 71
1756642664979 57.38218688964844 72
1756642668260 49.60289001464844 73
1756642671508 52.69967269897461 74
1756642674724 50.346004486083984 75
1756642677920 52.9459342956543 76
1756642681113 50.50749588012695 77
1756642684314 43.87788391113281 78
1756642687505 52.431793212890625 79
1756642690703 49.553382873535156 80
1756642693944 55.52124786376953 81
1756642697161 55.250362396240234 82
1756642700405 54.054500579833984 83
1756642703613 52.300758361816406 84
1756642706861 55.914852142333984 85
1756642710116 60.09561538696289 86
1756642713297 52.69954299926758 87
1756642716535 50.28828430175781 88
1756642719737 54.61088943481445 89
1756642722957 47.814212799072266 90
1756642726194 57.830055236816406 91
1756642729427 64.31079864501953 92
1756642732637 56.68020248413086 93
1756642735856 51.42933654785156 94
1756642739074 49.569522857666016 95
1756642742351 46.2950553894043 96
1756642745546 49.784847259521484 97
1756642748737 54.34824752807617 98
1756642752025 51.01997375488281 99
1756642755247 46.57312774658203 100
1756642758532 53.311500549316406 101
1756642761736 50.356929779052734 102
1756642764982 50.350120544433594 103
1756642768206 49.83716583251953 104
1756642771391 50.727725982666016 105
1756642774614 49.60942459106445 106
1756642777821 42.50111770629883 107
1756642781077 52.53839874267578 108
1756642784294 52.351646423339844 109
1756642787499 54.30268096923828 110
1756642790723 53.45627975463867 111
1756642794053 53.0267333984375 112
1756642797288 46.510719299316406 113
1756642800552 50.4213752746582 114
1756642803786 54.87466049194336 115
1756642807061 52.525630950927734 116
1756642810293 55.1448974609375 117
1756642813564 44.213653564453125 118
1756642816746 52.590248107910156 119
1756642819944 55.97850036621094 120
1756642823154 58.5008544921875 121
1756642826367 49.55258560180664 122
1756642829596 59.04536437988281 123
1756642832829 52.81177520751953 124
1756642836038 57.77378845214844 125
1756642839248 54.39243698120117 126
1756642842445 50.50852584838867 127
1756642845659 49.3895149230957 128
1756642848853 57.149925231933594 129
1756642852048 46.9931526184082 130
1756642855251 52.28853988647461 131
1756642858474 53.495445251464844 132
1756642861667 54.6494255065918 133
1756642864894 51.301918029785156 134
1756642868117 55.64299392700195 135
1756642871349 60.1254768371582 136
1756642874541 51.05899429321289 137
1756642877741 49.468345642089844 138
1756642881016 50.064002990722656 139
1756642884209 46.476139068603516 140
1756642887462 49.408931732177734 141
1756642890693 48.68498611450195 142
1756642893905 47.3609619140625 143
1756642897106 57.5447883605957 144
1756642900438 52.21059799194336 145
1756642903632 55.44544982910156 146
1756642906851 54.767982482910156 147
1756642910031 54.440895080566406 148
1756642913214 54.35297775268555 149
1756642916420 57.93650817871094 150
1756642919688 46.18882751464844 151
1756642922883 48.48046875 152
1756642926124 48.680755615234375 153
1756642929309 53.55746841430664 154
1756642932494 51.385765075683594 155
1756642935725 54.15005111694336 156
1756642938943 50.48629379272461 157
1756642942136 50.849159240722656 158
1756642945358 44.221282958984375 159
1756642948554 55.45082092285156 160
1756642951760 55.56049346923828 161
1756642954955 47.53995132446289 162
1756642958190 55.695316314697266 163
1756642961427 52.693336486816406 164
1756642964634 52.090415954589844 165
1756642967890 53.5420036315918 166
1756642971133 61.1922492980957 167
1756642974357 43.922760009765625 168
1756642977605 55.32244110107422 169
1756642980793 44.48054122924805 170
1756642984034 53.644195556640625 171
1756642987260 43.75088119506836 172
1756642990512 54.616207122802734 173
1756642993704 50.383522033691406 174
1756642996945 52.358272552490234 175
1756643000148 53.58441162109375 176
1756643003365 53.061500549316406 177
1756643006548 57.89534378051758 178
1756643009785 49.92145919799805 179
1756643012971 55.4454231262207 180
1756643016158 49.898250579833984 181
1756643019370 47.56223678588867 182
1756643022720 45.97397232055664 183
1756643025912 54.504486083984375 184
1756643029191 49.70309829711914 185
1756643032362 50.676910400390625 186
1756643035544 51.44612503051758 187
1756643038764 58.44263458251953 188
1756643042000 56.24983596801758 189
1756643045231 49.366451263427734 190
1756643048470 59.45781707763672 191
1756643051694 50.273990631103516 192
1756643054914 54.55756378173828 193
1756643058093 55.697303771972656 194
1756643061281 54.95197296142578 195
1756643064492 54.72715377807617 196
1756643067740 45.89556121826172 197
1756643070989 50.39056396484375 198
1756643074223 50.74877166748047 199
1756643077417 47.399139404296875 200
1756643080717 53.40943145751953 201
1756643083941 50.44683837890625 202
1756643087207 50.25511169433594 203
1756643090421 50.56361389160156 204
1756643093613 57.741397857666016 205
1756643096867 49.40296936035156 206
1756643100156 58.18193817138672 207
1756643103336 56.97804260253906 208
1756643106667 49.755619049072266 209
1756643109937 53.22224426269531 210
1756643113165 58.62800598144531 211
1756643116373 57.06828689575195 212
1756643119583 47.47532653808594 213
1756643122829 49.654396057128906 214
1756643126115 49.95591354370117 215
1756643129345 47.349395751953125 216
1756643132534 52.69395065307617 217
1756643135739 59.448055267333984 218
1756643138948 55.99897766113281 219
1756643142242 51.67878723144531 220
1756643145470 52.0482063293457 221
1756643148655 50.52644348144531 222
1756643151875 55.92211151123047 223
1756643155065 52.103919982910156 224
1756643158266 60.4852294921875 225
1756643161524 53.10694885253906 226
1756643164745 53.60356521606445 227
1756643167983 51.570621490478516 228
1756643171246 57.43825149536133 229
1756643174478 52.8309326171875 230
1756643177697 54.19760513305664 231
1756643180890 48.20463562011719 232
1756643184095 58.874603271484375 233
1756643187291 51.987693786621094 234
1756643190531 63.96916580200195 235
1756643193770 51.9310302734375 236
1756643196955 57.86781311035156 237
1756643200158 50.981632232666016 238
1756643203357 55.076560974121094 239
1756643206555 42.531166076660156 240
1756643209780 50.69387435913086 241
1756643212987 55.216373443603516 242
1756643216220 49.368900299072266 243
1756643219459 50.068870544433594 244
1756643222672 55.859397888183594 245
1756643225899 50.2198371887207 246
1756643229100 49.68882751464844 247
1756643232292 49.81184768676758 248
1756643235539 50.9081916809082 249
1756643238754 53.33183288574219 250
1756643241946 50.360626220703125 251
1756643245185 49.04093933105469 252
1756643248436 58.80692672729492 253
1756643251670 51.717620849609375 254
1756643254895 48.937252044677734 255
1756643258098 51.731754302978516 256
1756643261389 56.7143669128418 257
1756643264651 51.737518310546875 258
1756643267940 52.12493896484375 259
1756643271137 53.21703338623047 260
1756643274331 50.096343994140625 261
1756643277510 51.978450775146484 262
1756643280717 51.80726623535156 263
1756643283907 48.254981994628906 264
1756643287108 58.411800384521484 265
1756643290395 56.149166107177734 266
1756643293596 55.07023620605469 267
1756643296792 50.285736083984375 268
1756643300022 52.22446823120117 269
1756643303251 52.390384674072266 270
1756643306444 56.1920280456543 271
1756643309621 53.68763732910156 272
1756643312816 54.03607177734375 273
1756643316039 48.26630401611328 274
1756643319306 49.67902374267578 275
1756643322507 52.80889129638672 276
1756643325763 43.63828659057617 277
1756643329012 57.52619552612305 278
1756643332228 52.96780776977539 279
1756643335440 47.529029846191406 280
1756643338646 56.1211051940918 281
1756643341860 56.36724853515625 282
1756643345054 49.30030822753906 283
1756643348327 46.39622497558594 284
1756643351572 53.94213104248047 285
1756643354752 52.94169616699219 286
1756643357981 55.82077407836914 287
1756643361206 54.14052200317383 288
1756643364437 51.27848434448242 289
1756643367647 47.8487434387207 290
1756643370856 43.23583984375 291
1756643374070 51.9295654296875 292
1756643377268 50.76966857910156 293
1756643380561 47.220428466796875 294
1756643383749 52.150840759277344 295
1756643386953 53.70709228515625 296
1756643390183 50.11791229248047 297
1756643393399 60.58961868286133 298
1756643396678 47.74365234375 299
1756643408832 90.38353729248047 0
1756643411931 69.58507537841797 1
1756643415158 70.98147583007812 2
1756643418391 67.44788360595703 3
1756643421634 62.564517974853516 4
1756643424943 51.62887954711914 5
1756643428259 48.558284759521484 6
1756643431511 53.72038269042969 7
1756643434768 51.2059440612793 8
1756643438049 53.1606330871582 9
1756643441323 52.78636169433594 10
1756643444584 56.414249420166016 11
1756643447841 50.351097106933594 12
1756643451083 48.567893981933594 13
1756643454337 56.70144271850586 14
1756643457613 51.526466369628906 15
1756643460940 60.37784194946289 16
1756643464187 59.204872131347656 17
1756643467494 49.24790954589844 18
1756643470799 51.53032302856445 19
1756643474065 55.081871032714844 20
1756643477338 49.41256332397461 21
1756643480616 52.85721206665039 22
1756643483864 47.07319641113281 23
1756643487152 52.07456970214844 24
1756643490462 49.437156677246094 25
1756643493818 55.460269927978516 26
1756643497106 49.164222717285156 27
1756643500486 52.408329010009766 28
1756643503738 48.0826416015625 29
1756643506987 42.80195617675781 30
1756643510298 51.63301086425781 31
1756643513588 51.303855895996094 32
1756643516838 55.125919342041016 33
1756643520090 55.583763122558594 34
1756643523375 51.2762336730957 35
1756643526632 53.827980041503906 36
1756643529893 52.47724914550781 37
1756643533145 59.59896469116211 38
1756643536389 45.51968765258789 39
1756643539630 48.33444595336914 40
1756643542956 52.929630279541016 41
1756643546218 53.240787506103516 42
1756643549498 49.216800689697266 43
1756643552763 53.07598876953125 44
1756643556070 46.87931823730469 45
1756643559366 50.9845085144043 46
1756643562630 51.00361633300781 47
1756643565897 44.782691955566406 48
1756643569177 53.519405364990234 49
1756643572489 53.476905822753906 50
1756643575787 56.640785217285156 51
1756643579037 59.04953384399414 52
1756643582330 52.0902214050293 53
1756643585582 43.660484313964844 54
1756643588878 49.25888442993164 55
1756643592140 49.76726150512695 56
1756643595417 55.877098083496094 57
1756643598679 58.452720642089844 58
1756643602049 43.537601470947266 59
1756643605323 54.145450592041016 60
1756643608621 54.260986328125 61
1756643611924 54.65829849243164 62
1756643615184 49.73714828491211 63
1756643618453 49.05510330200195 64
1756643621805 50.99361801147461 65
1756643625085 48.86898422241211 66
1756643628347 50.76780700683594 67
1756643631609 57.145042419433594 68
1756643634892 54.98974609375 69
1756643638208 49.8436164855957 70
1756643641501 56.035030364990234 71
1756643644810 52.094200134277344 72
1756643648098 50.89718246459961 73
1756643651351 45.682003021240234 74
1756643654711 58.3298454284668 75
1756643658015 52.468605041503906 76
1756643661329 52.578189849853516 77
1756643664598 49.88618469238281 78
1756643667884 52.55533218383789 79
1756643671157 55.3502197265625 80
1756643674409 55.083213806152344 81
1756643677667 53.13700866699219 82
1756643680936 50.293460845947266 83
1756643684188 57.26243591308594 84
1756643687456 55.74015808105469 85
1756643690706 52.124088287353516 86
1756643694011 49.187381744384766 87
1756643697286 56.00045394897461 88
1756643700543 54.591773986816406 89
1756643703788 49.979923248291016 90
1756643707047 52.7033805847168 91
1756643710312 62.898433685302734 92
1756643713569 54.26400375366211 93
1756643716904 53.0880012512207 94
1756643720170 58.14046859741211 95
1756643723454 54.1126594543457 96
1756643726706 52.71548843383789 97
1756643729994 55.97201156616211 98
1756643733250 49.62898254394531 99
1756643736497 50.75935363769531 100
1756643739759 49.6577033996582 101
1756643743091 55.602577209472656 102
1756643746378 52.988441467285156 103
1756643749664 51.46037292480469 104
1756643752953 56.02333068847656 105
1756643756207 51.334903717041016 106
1756643759463 52.57688903808594 107
1756643762734 55.470603942871094 108
1756643766023 50.87577819824219 109
1756643769287 47.490169525146484 110
1756643772551 47.43328857421875 111
1756643775841 56.970130920410156 112
1756643779129 49.85013198852539 113
1756643782425 53.6192741394043 114
1756643785729 53.0357780456543 115
1756643788971 55.158145904541016 116
1756643792226 58.70222473144531 117
1756643795482 53.9791259765625 118
1756643798804 55.00273513793945 119
1756643802104 55.587947845458984 120
1756643805392 62.769859313964844 121
1756643808674 57.52886962890625 122
1756643811928 53.2561149597168 123
1756643815191 53.45952224731445 124
1756643818481 58.26863098144531 125
1756643821763 57.10978698730469 126
1756643825064 45.33199691772461 127
1756643828340 50.22032165527344 128
1756643831598 56.156982421875 129
1756643834900 44.33793640136719 130
1756643838170 51.305503845214844 131
1756643841478 57.13686752319336 132
1756643844740 50.80647277832031 133
1756643848065 54.728084564208984 134
1756643851318 46.22004318237305 135
1756643854586 56.43864440917969 136
1756643857858 51.08734130859375 137
1756643861244 57.158382415771484 138
1756643864504 57.52190017700195 139
1756643867779 55.2204475402832 140
1756643871084 51.84648132324219 141
1756643874351 53.8260612487793 142
1756643877663 46.348812103271484 143
1756643880936 60.95158767700195 144
1756643884196 55.65776443481445 145
1756643887483 57.796775817871094 146
1756643890748 54.571407318115234 147
1756643894007 49.53131103515625 148
1756643897302 46.447513580322266 149
1756643900590 55.862060546875 150
1756643903840 51.15847396850586 151
1756643907133 47.584739685058594 152
1756643910416 63.194091796875 153
1756643913667 48.096256256103516 154
1756643916902 55.42904281616211 155
1756643920159 49.267818450927734 156
1756643923436 51.604087829589844 157
1756643926731 52.0985221862793 158
1756643930031 43.297420501708984 159
1756643933310 53.3326416015625 160
1756643936603 53.820655822753906 161
1756643939872 51.073421478271484 162
1756643943133 53.244407653808594 163
1756643946384 56.3671989440918 164
1756643949691 50.1431999206543 165
1756643952975 50.23055648803711 166
1756643956262 53.383846282958984 167
1756643959529 52.532859802246094 168
1756643962855 53.954994201660156 169
1756643966123 52.64583969116211 170
1756643969439 52.85340881347656 171
1756643972748 45.495052337646484 172
1756643976054 56.36507797241211 173
1756643979346 46.911563873291016 174
1756643982700 48.7031135559082 175
1756643985945 57.068275451660156 176
1756643989197 53.84500503540039 177
1756643992501 53.35173416137695 178
1756643995796 57.05087661743164 179
1756643999096 50.24006271362305 180
1756644002351 49.24860763549805 181
1756644005698 58.323848724365234 182
1756644009025 53.554443359375 183
1756644012277 50.75078201293945 184
1756644015538 51.058650970458984 185
1756644018803 54.86833190917969 186
1756644022094 49.58760070800781 187
1756644025403 45.360931396484375 188
1756644028703 51.004207611083984 189
1756644031973 55.995567321777344 190
1756644035300 53.77960205078125 191
1756644038548 48.76486587524414 192
1756644041830 50.8382682800293 193
1756644045095 58.0786247253418 194
1756644048349 50.9466552734375 195
1756644051636 52.58454895019531 196
1756644054949 53.6518440246582 197
1756644058231 49.3286247253418 198
1756644061514 48.92872619628906 199
1756644064804 47.93367004394531 200
1756644068100 56.64230728149414 201
1756644071430 46.86669921875 202
1756644074697 48.75002670288086 203
1756644077958 53.52237319946289 204
1756644081283 51.74519348144531 205
1756644084633 51.416927337646484 206
1756644087962 53.7207145690918 207
1756644091262 48.82452392578125 208
1756644094574 58.58502197265625 209
1756644097830 53.20828628540039 210
1756644101215 52.78965759277344 211
1756644104509 51.65153503417969 212
1756644107771 55.596988677978516 213
1756644111073 45.171653747558594 214
1756644114326 55.19552993774414 215
1756644117596 53.61370849609375 216
1756644120891 52.075645446777344 217
1756644124156 46.38816833496094 218
1756644127404 53.528175354003906 219
1756644130679 49.10330581665039 220
1756644133984 50.53231430053711 221
1756644137323 49.52693176269531 222
1756644140638 50.231929779052734 223
1756644143957 59.22407531738281 224
1756644147209 50.188289642333984 225
1756644150501 47.83775329589844 226
1756644153793 57.9891357421875 227
1756644157051 50.39993667602539 228
1756644160346 50.862060546875 229
1756644163632 46.331722259521484 230
1756644166893 47.853981018066406 231
1756644170175 50.11014175415039 232
1756644173437 55.75497817993164 233
1756644176691 55.490623474121094 234
1756644179942 51.32076644897461 235
1756644183215 56.99947738647461 236
1756644186464 51.101993560791016 237
1756644189780 47.350276947021484 238
1756644193069 52.7291259765625 239
1756644196403 50.326480865478516 240
1756644199654 48.81113052368164 241
1756644202963 56.5842170715332 242
1756644206221 53.123104095458984 243
1756644209499 56.581092834472656 244
1756644212796 55.15377426147461 245
1756644216062 47.80696105957031 246
1756644219354 48.80925369262695 247
1756644222725 40.17006301879883 248
1756644226053 43.764949798583984 249
1756644229334 54.893619537353516 250
1756644232586 49.225364685058594 251
1756644235875 46.351722717285156 252
1756644239115 56.5623779296875 253
1756644242408 56.96484375 254
1756644245694 57.974952697753906 255
1756644248952 57.946964263916016 256
1756644252199 50.351314544677734 257
1756644255453 52.2386474609375 258
1756644258712 53.18148422241211 259
1756644261994 50.24600601196289 260
1756644265350 56.85688400268555 261
1756644268608 54.972835540771484 262
1756644271857 49.965511322021484 263
1756644275118 46.8796501159668 264
1756644278374 48.94062805175781 265
1756644281637 47.309974670410156 266
1756644284892 55.63948059082031 267
1756644288216 47.027854919433594 268
1756644291486 45.796138763427734 269
1756644294747 51.13432693481445 270
1756644298059 54.281593322753906 271
1756644301363 52.074344635009766 272
1756644304615 48.77707290649414 273
1756644307870 50.632930755615234 274
1756644311153 52.3240966796875 275
1756644314415 49.23122787475586 276
1756644317720 50.3544807434082 277
1756644320967 56.23492431640625 278
1756644324211 56.19711685180664 279
1756644327485 59.534915924072266 280
1756644330808 56.07637023925781 281
1756644334115 51.74301528930664 282
1756644337446 58.984127044677734 283
1756644340814 56.43124008178711 284
1756644344057 55.271507263183594 285
1756644347329 38.01192855834961 286
1756644350614 56.8636360168457 287
1756644353943 51.054622650146484 288
1756644357167 51.749820709228516 289
1756644360412 51.569942474365234 290
1756644363679 56.59904479980469 291
1756644366981 49.343849182128906 292
1756644370244 51.73870849609375 293
1756644373529 54.453163146972656 294
1756644376775 45.202781677246094 295
1756644380065 54.713294982910156 296
1756644383305 53.77640151977539 297
1756644386561 50.516212463378906 298
1756644389836 48.53274917602539 299
1756644402080 83.82402038574219 0
1756644405319 76.35454559326172 1
1756644408469 85.77095794677734 2
1756644411599 89.32817077636719 3
1756644414777 81.1316909790039 4
1756644417957 62.513145446777344 5
1756644421277 64.49658966064453 6
1756644424502 59.43418502807617 7
1756644427734 56.2158088684082 8
1756644430917 55.66041946411133 9
1756644434091 47.414371490478516 10
1756644437265 55.13515090942383 11
1756644440652 49.753631591796875 12
1756644443896 46.79520034790039 13
1756644447071 49.48447799682617 14
1756644450199 47.68037796020508 15
1756644453402 48.05617904663086 16
1756644456586 45.63600158691406 17
1756644459963 40.387935638427734 18
1756644463319 54.883140563964844 19
1756644466534 46.39984893798828 20
1756644469671 48.73274612426758 21
1756644472904 45.64559555053711 22
1756644476159 48.69664001464844 23
1756644479555 48.478824615478516 24
1756644482839 51.06315994262695 25
1756644486046 41.72492218017578 26
1756644489254 45.844154357910156 27
1756644492537 51.161319732666016 28
1756644495758 53.283599853515625 29
1756644499165 48.44266128540039 30
1756644502502 46.878753662109375 31
1756644505743 41.998619079589844 32
1756644508961 46.71220016479492 33
1756644512174 48.29975128173828 34
1756644515391 49.72832489013672 35
1756644518781 39.89282989501953 36
1756644522073 48.226200103759766 37
1756644525337 43.642765045166016 38
1756644528497 45.76140213012695 39
1756644531692 44.692100524902344 40
1756644534943 43.62528991699219 41
1756644538323 42.02760696411133 42
1756644541617 50.53864669799805 43
1756644544844 53.933902740478516 44
1756644548019 49.5424690246582 45
1756644551254 48.644309997558594 46
1756644554451 40.83970260620117 47
1756644557834 48.69551467895508 48
1756644561166 49.04283142089844 49
1756644564444 47.12675094604492 50
1756644567617 41.51036834716797 51
1756644570828 55.184932708740234 52
1756644574074 41.0389518737793 53
1756644577432 47.57651901245117 54
1756644580840 41.994140625 55
1756644584100 44.28102493286133 56
1756644587276 49.19447708129883 57
1756644590530 43.73302459716797 58
1756644593740 42.490562438964844 59
1756644597090 50.876487731933594 60
1756644600385 50.621219635009766 61
1756644603581 51.837703704833984 62
1756644606732 52.666587829589844 63
1756644609948 50.33955764770508 64
1756644613172 54.07768630981445 65
1756644616578 46.421852111816406 66
1756644619890 51.74259948730469 67
1756644623116 47.22665023803711 68
1756644626333 49.505767822265625 69
1756644629596 46.80296325683594 70
1756644632824 47.779510498046875 71
1756644636191 50.654747009277344 72
1756644639456 44.67155838012695 73
1756644642662 49.10560989379883 74
1756644645829 47.09151840209961 75
1756644649032 43.577728271484375 76
1756644652272 45.85037612915039 77
1756644655629 52.6382942199707 78
1756644658901 50.350345611572266 79
1756644662131 50.99448776245117 80
1756644665298 50.94408416748047 81
1756644668533 46.00525665283203 82
1756644671751 45.80942916870117 83
1756644675140 52.16543960571289 84
1756644678500 48.6710319519043 85
1756644681702 46.28595733642578 86
1756644684866 46.904762268066406 87
1756644688077 50.13275909423828 88
1756644691305 43.63509750366211 89
1756644694658 46.453285217285156 90
1756644697925 50.94210433959961 91
1756644701181 53.40647506713867 92
1756644704360 43.11693572998047 93
1756644707562 47.660316467285156 94
1756644710763 43.24938201904297 95
1756644714079 53.970218658447266 96
1756644717382 46.19935989379883 97
1756644720597 52.08826446533203 98
1756644723756 47.12342071533203 99
1756644726995 54.47389221191406 100
1756644730204 46.317142486572266 101
1756644733586 52.9761848449707 102
1756644736911 50.04994583129883 103
1756644740147 47.34380340576172 104
1756644743348 51.59555435180664 105
1756644746598 48.42460632324219 106
1756644749854 51.1009407043457 107
1756644753237 44.51585388183594 108
1756644756500 45.14274215698242 109
1756644759701 51.82136535644531 110
1756644762875 47.26507568359375 111
1756644766079 44.23512268066406 112
1756644769278 43.21463394165039 113
1756644772626 50.576656341552734 114
1756644775927 47.092552185058594 115
1756644779132 48.774173736572266 116
1756644782367 55.101715087890625 117
1756644785636 52.99281311035156 118
1756644788901 43.29610824584961 119
1756644792328 50.00910568237305 120
1756644795583 45.659210205078125 121
1756644798816 50.624324798583984 122
1756644801992 50.376338958740234 123
1756644805214 48.461509704589844 124
1756644808421 50.65799331665039 125
1756644811774 45.330474853515625 126
1756644815095 46.613006591796875 127
1756644818306 45.96913528442383 128
1756644821552 43.560935974121094 129
1756644824770 51.63754653930664 130
1756644827980 44.394287109375 131
1756644831385 39.69780731201172 132
1756644834665 55.20376205444336 133
1756644837911 45.60733413696289 134
1756644841061 56.958892822265625 135
1756644844289 41.702884674072266 136
1756644847506 47.59690856933594 137
1756644850911 46.78160095214844 138
1756644854213 45.721500396728516 139
1756644857469 45.48749542236328 140
1756644860682 46.18453598022461 141
1756644863939 52.64037322998047 142
1756644867177 51.99271011352539 143
1756644870587 48.59735870361328 144
1756644873874 48.82072830200195 145
1756644877082 43.78446578979492 146
1756644880320 43.03763198852539 147
1756644883539 48.3618049621582 148
1756644886767 45.74677276611328 149
1756644890117 40.28312683105469 150
1756644893388 54.89274215698242 151
1756644896651 49.064517974853516 152
1756644899857 43.9953727722168 153
1756644903102 53.823204040527344 154
1756644906335 49.671478271484375 155
1756644909692 57.51694107055664 156
1756644913008 48.631195068359375 157
1756644916212 50.2587776184082 158
1756644919388 49.046058654785156 159
1756644922593 49.355316162109375 160
1756644925866 50.069061279296875 161
1756644929276 53.89536666870117 162
1756644932627 52.235313415527344 163
1756644935846 50.436851501464844 164
1756644938998 46.705589294433594 165
1756644942265 49.86528396606445 166
1756644945498 52.5313835144043 167
1756644948875 54.45970916748047 168
1756644952122 43.503238677978516 169
1756644955317 46.44269943237305 170
1756644958503 45.10055160522461 171
1756644961755 48.60996627807617 172
1756644964945 48.653072357177734 173
1756644968373 48.149417877197266 174
1756644971675 42.03280258178711 175
1756644974952 45.74843215942383 176
1756644978131 41.99168395996094 177
1756644981371 54.418880462646484 178
1756644984582 45.33884811401367 179
1756644987983 45.365692138671875 180
1756644991261 48.335357666015625 181
1756644994487 38.1048583984375 182
1756644997650 53.69695281982422 183
1756645000888 40.594825744628906 184
1756645004121 48.98509216308594 185
1756645007486 49.487693786621094 186
1756645010758 51.426883697509766 187
1756645013997 48.6317138671875 188
1756645017223 51.940338134765625 189
1756645020428 52.96906661987305 190
1756645023642 42.430885314941406 191
1756645026986 52.613807678222656 192
1756645030293 52.425872802734375 193
1756645033571 43.38496398925781 194
1756645036729 43.51292419433594 195
1756645039933 47.03110122680664 196
1756645043174 42.03721618652344 197
1756645046496 57.28495788574219 198
1756645049733 40.75831604003906 199
1756645052921 52.489471435546875 200
1756645056046 49.34885787963867 201
1756645059297 45.767555236816406 202
1756645062521 47.65373229980469 203
1756645065865 44.588829040527344 204
1756645069128 49.102142333984375 205
1756645072339 45.272056579589844 206
1756645075468 51.55109405517578 207
1756645078694 45.37710189819336 208
1756645081903 43.681678771972656 209
1756645085262 58.988380432128906 210
1756645088562 48.79255294799805 211
1756645091781 40.76996994018555 212
1756645094918 52.44551467895508 213
1756645098143 48.27389907836914 214
1756645101325 55.89057159423828 215
1756645104686 42.0698356628418 216
1756645108004 51.0444221496582 217
1756645111233 49.52386474609375 218
1756645114390 48.81098175048828 219
1756645117600 54.8741340637207 220
1756645120856 39.17546463012695 221
1756645124238 48.9810905456543 222
1756645127471 47.552547454833984 223
1756645130663 54.8468132019043 224
1756645133813 54.341270446777344 225
1756645137048 47.194114685058594 226
1756645140248 48.706417083740234 227
1756645143595 44.719459533691406 228
1756645146851 43.96339416503906 229
1756645150049 49.965084075927734 230
1756645153193 44.751285552978516 231
1756645156383 48.230403900146484 232
1756645159566 48.246707916259766 233
1756645162895 44.62625503540039 234
1756645166146 40.994808197021484 235
1756645169395 45.018287658691406 236
1756645172611 41.97040557861328 237
1756645175822 50.92958450317383 238
1756645179033 42.515785217285156 239
1756645182442 52.626426696777344 240
1756645185696 52.54342269897461 241
1756645188913 50.180213928222656 242
1756645192094 42.899749755859375 243
1756645195296 44.05656814575195 244
1756645198487 48.641475677490234 245
1756645201896 52.119693756103516 246
1756645205164 45.68505859375 247
1756645208353 42.28854751586914 248
1756645211500 43.14457702636719 249
1756645214750 44.64031982421875 250
1756645217949 46.06929016113281 251
1756645221306 60.83218002319336 252
1756645224568 45.21097183227539 253
1756645227794 46.46118927001953 254
1756645230964 43.40776443481445 255
1756645234179 40.62615203857422 256
1756645237416 43.72047424316406 257
1756645240785 45.54277038574219 258
1756645244021 48.12715148925781 259
1756645247216 43.80658721923828 260
1756645250384 52.91139602661133 261
1756645253693 38.926700592041016 262
1756645256930 47.86115264892578 263
1756645260255 46.01396179199219 264
1756645263496 51.702049255371094 265
1756645266680 49.78092575073242 266
1756645269853 46.86442184448242 267
1756645273047 53.1054801940918 268
1756645276292 56.661643981933594 269
1756645279651 49.75353240966797 270
1756645282918 44.929386138916016 271
1756645286122 48.969112396240234 272
1756645289288 40.98372268676758 273
1756645292539 45.98512268066406 274
1756645295771 43.22854232788086 275
1756645299119 44.66869354248047 276
1756645302530 50.07469177246094 277
1756645305798 51.59073257446289 278
1756645308929 50.612918853759766 279
1756645312111 46.80356216430664 280
1756645315366 38.50361633300781 281
1756645318753 39.41181945800781 282
1756645321989 45.21944808959961 283
1756645325193 43.65159606933594 284
1756645328332 39.65263748168945 285
1756645331598 48.42743682861328 286
1756645334772 48.73991012573242 287
1756645338074 54.53219223022461 288
1756645341321 49.3165283203125 289
1756645344519 44.3741455078125 290
1756645347663 42.04420471191406 291
1756645350911 49.69491195678711 292
1756645354149 50.394508361816406 293
1756645357517 52.69676208496094 294
1756645360803 52.427337646484375 295
1756645364037 41.96201705932617 296
1756645367183 51.54506301879883 297
1756645370378 51.96189880371094 298
1756645373570 55.569923400878906 299
1756645385912 79.4920425415039 0
1756645389036 89.82752227783203 1
1756645392252 88.05684661865234 2
1756645395429 97.1155014038086 3
1756645398801 97.4830322265625 4
1756645402058 96.12873077392578 5
1756645405243 91.54096984863281 6
1756645408579 81.41888427734375 7
1756645411886 55.367637634277344 8
1756645415229 70.8865966796875 9
1756645418572 60.620140075683594 10
1756645421991 51.40982437133789 11
1756645425310 55.756961822509766 12
1756645428642 51.21040344238281 13
1756645431964 47.86811447143555 14
1756645435319 53.762794494628906 15
1756645438691 57.337894439697266 16
1756645442070 50.7114143371582 17
1756645445363 44.412254333496094 18
1756645448733 47.695499420166016 19
1756645452041 50.3916015625 20
1756645455382 51.11762619018555 21
1756645458783 48.913639068603516 22
1756645462116 53.28187561035156 23
1756645465465 46.9276237487793 24
1756645468817 47.92673110961914 25
1756645472153 44.870418548583984 26
1756645475496 44.97999954223633 27
1756645478848 43.76316833496094 28
1756645482165 45.347328186035156 29
1756645485458 50.079593658447266 30
1756645488784 48.74685287475586 31
1756645492141 52.24972915649414 32
1756645495690 43.12849426269531 33
1756645499565 52.76072692871094 34
1756645502972 54.13125991821289 35
1756645506744 48.10423278808594 36
1756645510584 48.660011291503906 37
1756645514653 46.6666374206543 38
1756645518525 43.64225387573242 39
1756645522560 49.88872146606445 40
1756645526414 50.40383529663086 41
1756645530295 47.407527923583984 42
1756645533683 45.87461853027344 43
1756645537015 45.547298431396484 44
1756645540373 47.740684509277344 45
1756645544076 47.11246109008789 46
1756645547731 48.52088928222656 47
1756645551059 43.80324172973633 48
1756645554384 54.65739822387695 49
1756645557751 45.685630798339844 50
1756645561072 40.64210510253906 51
1756645564386 44.01018524169922 52
1756645567693 54.905086517333984 53
1756645571004 49.015235900878906 54
1756645574346 45.43008804321289 55
1756645577722 50.173973083496094 56
1756645581038 44.55875015258789 57
1756645584352 50.13029479980469 58
1756645587705 47.391319274902344 59
1756645591027 48.702945709228516 60
1756645594329 49.02153015136719 61
1756645597698 43.00606918334961 62
1756645601038 38.41234588623047 63
1756645604366 42.81153869628906 64
1756645607695 52.126834869384766 65
1756645611008 46.075965881347656 66
1756645614338 43.61630630493164 67
1756645617661 42.16325378417969 68
1756645621036 50.91044616699219 69
1756645624371 48.123844146728516 70
1756645627726 48.7958869934082 71
1756645631037 43.955169677734375 72
1756645634334 49.3999137878418 73
1756645637655 43.707393646240234 74
1756645640968 50.560237884521484 75
1756645644281 43.927616119384766 76
1756645647608 45.39965057373047 77
1756645650934 53.54368591308594 78
1756645654293 48.508243560791016 79
1756645657670 52.547279357910156 80
1756645661127 46.393890380859375 81
1756645664474 44.932029724121094 82
1756645667775 42.47631072998047 83
1756645671109 45.037357330322266 84
1756645674431 45.749996185302734 85
1756645677738 47.4862174987793 86
1756645681073 46.49074935913086 87
1756645684435 51.28488540649414 88
1756645687751 43.69544982910156 89
1756645691077 37.155059814453125 90
1756645694486 48.06611633300781 91
1756645697791 52.0179557800293 92
1756645701136 48.72797775268555 93
1756645704486 48.89133071899414 94
1756645707892 49.845096588134766 95
1756645711214 47.41130447387695 96
1756645714581 44.907222747802734 97
1756645717961 46.31208801269531 98
1756645721266 43.53358459472656 99
1756645724563 49.2817268371582 100
1756645727876 39.966651916503906 101
1756645731190 44.65762710571289 102
1756645734508 43.3325309753418 103
1756645737801 52.26944351196289 104
1756645741126 46.573978424072266 105
1756645744487 47.685482025146484 106
1756645747824 53.09406661987305 107
1756645751215 40.13212966918945 108
1756645754565 41.6828727722168 109
1756645757856 44.86309814453125 110
1756645761170 46.46388626098633 111
1756645764489 50.28030776977539 112
1756645767850 46.08653259277344 113
1756645771168 47.48752212524414 114
1756645774468 57.81196594238281 115
1756645777796 45.839664459228516 116
1756645781269 45.57023620605469 117
1756645784624 46.70562744140625 118
1756645787965 45.58416748046875 119
1756645791274 54.12242126464844 120
1756645794581 51.12614822387695 121
1756645797904 45.29384231567383 122
1756645801221 46.421810150146484 123
1756645804547 43.50859069824219 124
1756645807884 52.61355209350586 125
1756645811140 48.78974914550781 126
1756645814298 46.59329605102539 127
1756645817393 43.71830749511719 128
1756645820631 49.653255462646484 129
1756645824004 43.072303771972656 130
1756645827329 48.617496490478516 131
1756645830652 49.466331481933594 132
1756645834008 45.79331970214844 133
1756645837393 39.919918060302734 134
1756645840690 48.36540222167969 135
1756645843995 39.608333587646484 136
1756645847345 53.2657585144043 137
1756645850710 48.4241943359375 138
1756645854061 48.093421936035156 139
1756645857409 46.31308364868164 140
1756645860720 41.2821159362793 141
1756645864044 48.188087463378906 142
1756645867421 51.19417953491211 143
1756645870764 45.367103576660156 144
1756645874113 43.134788513183594 145
1756645877464 42.60447692871094 146
1756645880789 49.12018966674805 147
1756645884172 46.416996002197266 148
1756645887517 47.64747619628906 149
1756645890863 48.8422966003418 150
1756645894189 42.931880950927734 151
1756645897595 42.66299819946289 152
1756645901033 51.884498596191406 153
1756645904408 40.15825271606445 154
1756645907746 41.979854583740234 155
1756645911117 43.08626174926758 156
1756645914512 47.48591613769531 157
1756645917856 44.862125396728516 158
1756645921254 47.52877426147461 159
1756645924631 45.622501373291016 160
1756645927980 41.313053131103516 161
1756645931373 44.5722770690918 162
1756645934762 48.28866195678711 163
1756645938119 47.63101577758789 164
1756645941453 43.13331604003906 165
1756645944840 47.798458099365234 166
1756645948188 48.99333572387695 167
1756645951553 41.218746185302734 168
1756645954797 45.25289535522461 169
1756645957944 41.522125244140625 170
1756645961130 46.27520751953125 171
1756645964384 47.453617095947266 172
1756645967726 46.108055114746094 173
1756645971088 47.84882736206055 174
1756645974503 40.06375503540039 175
1756645977864 44.919681549072266 176
1756645981239 40.0286979675293 177
1756645984576 49.962242126464844 178
1756645987961 46.96096420288086 179
1756645991360 52.819034576416016 180
1756645994742 51.789859771728516 181
1756645998104 54.04422378540039 182
1756646001428 46.078369140625 183
1756646004773 43.95176696777344 184
1756646008196 48.3277473449707 185
1756646011560 52.5906982421875 186
1756646014904 44.25541305541992 187
1756646018236 45.48234939575195 188
1756646021602 51.701847076416016 189
1756646024973 49.29561996459961 190
1756646028368 46.596824645996094 191
1756646031715 43.80908966064453 192
1756646035094 50.893367767333984 193
1756646038433 43.911556243896484 194
1756646041789 42.3748893737793 195
1756646045176 37.830623626708984 196
1756646048539 41.032405853271484 197
1756646051904 37.54166030883789 198
1756646055243 48.241275787353516 199
1756646058579 51.97781753540039 200
1756646061977 50.051143646240234 201
1756646065334 47.4365119934082 202
1756646068713 45.357261657714844 203
1756646072099 38.324363708496094 204
1756646075383 49.07955551147461 205
1756646078604 43.93049240112305 206
1756646081935 50.0747184753418 207
1756646085262 46.454586029052734 208
1756646088583 46.04893493652344 209
1756646091914 44.022769927978516 210
1756646095277 49.27035140991211 211
1756646098612 53.644920349121094 212
1756646101953 51.685340881347656 213
1756646105351 47.349510192871094 214
1756646108754 46.400421142578125 215
1756646112095 52.44044494628906 216
1756646115427 46.59474182128906 217
1756646118762 50.600059509277344 218
1756646122114 42.0543212890625 219
1756646125489 41.86371612548828 220
1756646128885 44.430084228515625 221
1756646132232 47.466957092285156 222
1756646135649 36.863853454589844 223
1756646139059 37.939727783203125 224
1756646142508 43.95181655883789 225
1756646145850 45.6689567565918 226
1756646149235 53.79471206665039 227
1756646152652 47.67963790893555 228
1756646155983 48.73133850097656 229
1756646159339 43.31576919555664 230
1756646162734 46.1807975769043 231
1756646166072 49.979896545410156 232
1756646169455 43.8535270690918 233
1756646172831 39.00497817993164 234
1756646176176 50.848873138427734 235
1756646179533 56.55534362792969 236
1756646182887 44.599327087402344 237
1756646186188 46.06437683105469 238
1756646189506 49.57821273803711 239
1756646192830 50.853721618652344 240
1756646196141 50.192283630371094 241
1756646199485 46.35715103149414 242
1756646202845 51.33475112915039 243
1756646206189 41.565677642822266 244
1756646209538 45.63799285888672 245
1756646212836 43.129703521728516 246
1756646216208 46.52493667602539 247
1756646219535 48.93217468261719 248
1756646222859 43.531429290771484 249
1756646226212 45.64545440673828 250
1756646229591 52.345699310302734 251
1756646232930 45.07411193847656 252
1756646236270 40.58443832397461 253
1756646239581 51.19755935668945 254
1756646242931 53.141971588134766 255
1756646246278 48.702880859375 256
1756646249605 43.57429504394531 257
1756646252924 50.62396240234375 258
1756646256227 48.98653793334961 259
1756646259519 49.26216125488281 260
1756646262950 52.150367736816406 261
1756646266348 51.231388092041016 262
1756646269666 56.13623046875 263
1756646272982 43.84318923950195 264
1756646276316 53.209129333496094 265
1756646279643 49.1350212097168 266
1756646283033 39.74265670776367 267
1756646286393 51.70315933227539 268
1756646289711 51.3057861328125 269
1756646293087 46.242069244384766 270
1756646296420 48.501094818115234 271
1756646299822 47.5745735168457 272
1756646303175 46.12893295288086 273
1756646306494 42.358829498291016 274
1756646309801 45.04166030883789 275
1756646313109 49.729942321777344 276
1756646316475 42.048484802246094 277
1756646319786 47.421875 278
1756646323108 52.88671875 279
1756646326418 43.40592575073242 280
1756646329762 43.53495788574219 281
1756646333139 47.363075256347656 282
1756646336457 43.68440246582031 283
1756646339804 50.99440002441406 284
1756646343157 49.806766510009766 285
1756646346462 50.965843200683594 286
1756646349822 43.172176361083984 287
1756646353160 43.95499038696289 288
1756646356550 44.714698791503906 289
1756646359955 45.98501968383789 290
1756646363313 37.55988693237305 291
1756646366677 38.99330139160156 292
1756646370025 49.378883361816406 293
1756646373346 47.503868103027344 294
1756646376693 50.7557487487793 295
1756646380063 43.249088287353516 296
1756646383509 46.036376953125 297
1756646386879 38.91946029663086 298
1756646390211 44.74200439453125 299
1756646403695 88.01895141601562 0
1756646407061 64.74358367919922 1
1756646410407 69.10742950439453 2
1756646413754 59.50968933105469 3
1756646417135 58.028846740722656 4
1756646420477 57.3126220703125 5
1756646423856 60.09819412231445 6
1756646427273 55.2436408996582 7
1756646430660 56.693546295166016 8
1756646434051 51.55628967285156 9
1756646437512 44.50722122192383 10
1756646440904 51.12278747558594 11
1756646444299 52.824195861816406 12
1756646447665 54.43378448486328 13
1756646451091 48.56247329711914 14
1756646454497 44.93828201293945 15
1756646457948 47.778099060058594 16
1756646461318 44.09065628051758 17
1756646464675 51.641666412353516 18
1756646468085 46.00490951538086 19
1756646471516 48.9648323059082 20
1756646474880 40.286354064941406 21
1756646478255 46.22994613647461 22
1756646481625 42.852943420410156 23
1756646485025 52.0115852355957 24
1756646488452 55.2828254699707 25
1756646491878 52.407474517822266 26
1756646495270 56.88482666015625 27
1756646498648 50.70425033569336 28
1756646502147 48.573238372802734 29
1756646505531 50.53274154663086 30
1756646508931 45.24475860595703 31
1756646512294 43.34337615966797 32
1756646515669 45.25047302246094 33
1756646519098 46.44972229003906 34
1756646522487 44.23810577392578 35
1756646525866 53.25917434692383 36
1756646529284 42.654396057128906 37
1756646532694 49.015525817871094 38
1756646536066 44.83013153076172 39
1756646539439 43.397865295410156 40
1756646542883 50.61276626586914 41
1756646546276 46.707786560058594 42
1756646549645 44.760520935058594 43
1756646553027 51.276519775390625 44
1756646556421 42.39592742919922 45
1756646559808 46.64938735961914 46
1756646563183 42.398773193359375 47
1756646566552 36.66472244262695 48
1756646569970 47.310733795166016 49
1756646573355 51.05533981323242 50
1756646576722 47.964656829833984 51
1756646581495 45.371768951416016 52
1756646584458 46.50172424316406 53
1756646587425 49.97846221923828 54
1756646590427 46.117713928222656 55
1756646593394 47.51697540283203 56
1756646596388 55.766517639160156 57
1756646599401 43.54787063598633 58
1756646602382 43.34730529785156 59
1756646605368 53.31246566772461 60
1756646608349 44.26427459716797 61
1756646611353 48.91176223754883 62
1756646614323 50.36158752441406 63
1756646617339 43.66944885253906 64
1756646620321 48.35457992553711 65
1756646623366 45.983699798583984 66
1756646626369 43.568511962890625 67
1756646629356 45.04154968261719 68
1756646632330 49.366519927978516 69
1756646635299 56.52495574951172 70
1756646638361 53.681278228759766 71
1756646641354 49.422630310058594 72
1756646644355 39.490478515625 73
1756646647371 57.660980224609375 74
1756646650365 57.47483825683594 75
1756646653328 51.93956756591797 76
1756646656347 41.01470184326172 77
1756646659332 50.24367904663086 78
1756646662342 44.558109283447266 79
1756646665332 52.994876861572266 80
1756646668302 49.318206787109375 81
1756646671271 44.57010269165039 82
1756646674248 50.481082916259766 83
1756646677207 41.82499694824219 84
1756646680196 48.17921447753906 85
1756646683191 44.030643463134766 86
1756646686180 41.787132263183594 87
1756646689191 48.95337677001953 88
1756646692172 57.2711181640625 89
1756646695140 45.033775329589844 90
1756646698129 49.97493362426758 91
1756646701149 49.9608154296875 92
1756646704113 46.96739959716797 93
1756646707085 44.43439865112305 94
1756646710068 55.891239166259766 95
1756646713051 51.42221450805664 96
1756646716052 50.45841979980469 97
1756646719019 51.99896240234375 98
1756646722037 44.12700653076172 99
1756646725019 50.176395416259766 100
1756646728064 45.99821853637695 101
1756646731027 51.456626892089844 102
1756646734012 48.772953033447266 103
1756646737021 46.00190353393555 104
1756646739993 52.819698333740234 105
1756646743087 46.307804107666016 106
1756646746072 57.352630615234375 107
1756646749087 50.89456558227539 108
1756646752081 54.27914810180664 109
1756646755072 42.103919982910156 110
1756646758063 45.84550476074219 111
1756646761045 51.916587829589844 112
1756646764032 49.531070709228516 113
1756646767040 42.68893051147461 114
1756646770027 51.36585998535156 115
1756646773031 46.89695739746094 116
1756646776020 52.13550567626953 117
1756646779035 42.963645935058594 118
1756646782044 40.23971176147461 119
1756646785046 48.0167121887207 120
1756646788050 47.550601959228516 121
1756646791040 43.70451736450195 122
1756646794068 48.95895767211914 123
1756646797089 44.383174896240234 124
1756646800193 44.11750411987305 125
1756646803806 50.145721435546875 126
1756646806790 49.428436279296875 127
1756646809781 47.7017936706543 128
1756646812768 49.964534759521484 129
1756646815832 42.673545837402344 130
1756646818828 42.8983268737793 131
1756646821874 44.306575775146484 132
1756646824889 46.26559829711914 133
1756646827913 41.866722106933594 134
1756646830917 45.4400520324707 135
1756646833916 47.83970260620117 136
1756646836910 48.263797760009766 137
1756646839918 52.133941650390625 138
1756646842907 44.04762649536133 139
1756646845931 39.8651237487793 140
1756646848967 47.791439056396484 141
1756646851998 48.657047271728516 142
1756646855003 46.2100715637207 143
1756646858006 51.70978927612305 144
1756646861173 42.63982391357422 145
1756646864179 55.85636901855469 146
1756646867178 48.908180236816406 147
1756646870241 43.777870178222656 148
1756646873263 49.06898880004883 149
1756646876311 48.608158111572266 150
1756646879316 51.23869705200195 151
1756646882316 55.005287170410156 152
1756646885343 54.2626838684082 153
1756646888341 50.64944076538086 154
1756646891366 46.81439971923828 155
1756646894416 43.20999526977539 156
1756646897441 46.88456726074219 157
1756646900469 43.442569732666016 158
1756646903522 46.644718170166016 159
1756646906513 50.90836715698242 160
1756646909514 45.965660095214844 161
1756646912530 48.9832878112793 162
1756646915541 49.89530563354492 163
1756646918574 57.519004821777344 164
1756646921580 41.299278259277344 165
1756646924638 50.126373291015625 166
1756646927710 49.85885238647461 167
1756646930724 47.83258056640625 168
1756646933748 50.06706619262695 169
1756646936796 44.11244583129883 170
1756646939808 48.30546188354492 171
1756646942819 49.29901885986328 172
1756646945846 51.882747650146484 173
1756646948888 55.9774055480957 174
1756646951910 44.33171081542969 175
1756646954953 37.969112396240234 176
1756646957967 47.59306335449219 177
1756646960975 45.78406524658203 178
1756646964040 44.57078552246094 179
1756646967072 48.66167068481445 180
1756646970127 48.027435302734375 181
1756646973145 50.56418991088867 182
1756646976187 48.521156311035156 183
1756646979181 52.323551177978516 184
1756646982286 47.9810676574707 185
1756646985299 42.064327239990234 186
1756646988328 44.53913879394531 187
1756646991395 49.45389175415039 188
1756646994415 47.55471420288086 189
1756646997463 56.284488677978516 190
1756647000503 46.77466583251953 191
1756647003509 43.82599639892578 192
1756647006577 50.745391845703125 193
1756647009629 46.38724136352539 194
1756647012652 42.93136215209961 195
1756647015725 45.37837219238281 196
1756647018762 50.36777877807617 197
1756647021789 40.627410888671875 198
1756647024816 43.13987731933594 199
1756647027913 51.47495651245117 200
1756647030960 43.08128356933594 201
1756647033984 55.22378158569336 202
1756647037010 46.848533630371094 203
1756647040045 51.685630798339844 204
1756647043089 44.26652526855469 205
1756647046142 50.089027404785156 206
1756647049175 47.425567626953125 207
1756647052188 52.86589431762695 208
1756647055212 53.95524215698242 209
1756647058251 51.524017333984375 210
1756647061253 52.274837493896484 211
1756647064289 56.04159164428711 212
1756647067338 51.7227668762207 213
1756647070375 48.560646057128906 214
1756647073400 53.47255325317383 215
1756647076441 51.30879211425781 216
1756647079511 42.15766143798828 217
1756647082563 50.99806213378906 218
1756647085591 53.0098876953125 219
1756647088611 44.14580154418945 220
1756647091665 43.56932830810547 221
1756647094690 51.88473129272461 222
1756647097731 46.840248107910156 223
1756647100789 42.67818069458008 224
1756647103851 44.05296325683594 225
1756647106861 47.944374084472656 226
1756647109887 45.806087493896484 227
1756647112926 45.426429748535156 228
1756647115938 53.071128845214844 229
1756647118965 52.346858978271484 230
1756647121993 47.897308349609375 231
1756647125046 44.8054313659668 232
1756647128093 49.11577224731445 233
1756647131163 52.053009033203125 234
1756647134195 44.65572738647461 235
1756647137216 44.22722625732422 236
1756647140228 48.890010833740234 237
1756647143311 50.46245574951172 238
1756647146391 50.52943801879883 239
1756647149420 43.31312942504883 240
1756647152440 45.81488800048828 241
1756647155448 36.912105560302734 242
1756647158487 46.69000244140625 243
1756647161531 49.56713104248047 244
1756647164569 48.15696716308594 245
1756647167603 46.924827575683594 246
1756647170649 45.74595260620117 247
1756647173721 53.0240592956543 248
1756647176748 49.67381286621094 249
1756647179803 46.075767517089844 250
1756647182858 47.107112884521484 251
1756647185897 53.25177764892578 252
1756647188935 44.99342346191406 253
1756647192044 48.852516174316406 254
1756647195141 50.1966552734375 255
1756647198216 51.143531799316406 256
1756647201263 49.144046783447266 257
1756647204329 40.94266891479492 258
1756647207359 46.691532135009766 259
1756647210386 44.263465881347656 260
1756647213412 45.666343688964844 261
1756647216429 46.57970428466797 262
1756647219455 43.790645599365234 263
1756647222522 49.12895202636719 264
1756647225543 53.14798355102539 265
1756647228892 57.71820068359375 266
1756647232074 44.192562103271484 267
1756647235171 51.88322448730469 268
1756647238250 48.62274932861328 269
1756647241318 51.857749938964844 270
1756647244362 54.888572692871094 271
1756647247456 48.33942794799805 272
1756647250480 45.1888313293457 273
1756647253487 48.34889221191406 274
1756647256493 46.61692810058594 275
1756647259553 49.176692962646484 276
1756647262597 51.993690490722656 277
1756647265638 45.44770812988281 278
1756647268715 48.9122200012207 279
1756647271786 46.68571853637695 280
1756647274883 54.90446090698242 281
1756647277940 45.51649856567383 282
1756647280987 44.282588958740234 283
1756647284029 47.000885009765625 284
1756647287058 44.08768081665039 285
1756647290067 38.55807876586914 286
1756647293121 48.553585052490234 287
1756647296159 49.547698974609375 288
1756647299290 42.502891540527344 289
1756647302384 41.6706428527832 290
1756647305462 44.28099822998047 291
1756647308499 44.447872161865234 292
1756647311534 46.373226165771484 293
1756647314548 51.610172271728516 294
1756647317577 50.540653228759766 295
1756647320585 49.13637924194336 296
1756647323635 46.88313674926758 297
1756647326657 50.16922378540039 298
1756647329770 45.53158187866211 299
1756647344678 98.4365005493164 0
1756647344723 93.5356674194336 1
1756647344762 89.64059448242188 2
1756647344801 83.19207000732422 3
1756647344841 78.29568481445312 4
1756647344881 72.5390396118164 5
1756647344924 63.56844711303711 6
1756647344964 62.25423812866211 7
1756647345005 64.13892364501953 8
1756647345044 59.379432678222656 9
1756647345085 55.187259674072266 10
1756647345123 50.4114990234375 11
1756647345164 63.779666900634766 12
1756647345203 65.44497680664062 13
1756647345242 58.226322174072266 14
1756647345282 58.320556640625 15
1756647345323 55.182716369628906 16
1756647345364 52.496402740478516 17
1756647345403 60.529727935791016 18
1756647345443 59.50776290893555 19
1756647345483 56.88521957397461 20
1756647345522 49.48484802246094 21
1756647345561 58.82344055175781 22
1756647345600 50.2944221496582 23
1756647345639 54.356754302978516 24
1756647345680 51.447471618652344 25
1756647345721 55.572303771972656 26
1756647345760 51.163291931152344 27
1756647345801 51.12298583984375 28
1756647345840 44.712764739990234 29
1756647345882 61.9318733215332 30
1756647345921 57.04391860961914 31
1756647345959 56.262413024902344 32
1756647345999 57.55067443847656 33
1756647346039 49.3801155090332 34
1756647346078 57.516849517822266 35
1756647346117 53.816593170166016 36
1756647346158 52.246238708496094 37
1756647346198 45.81037521362305 38
1756647346236 56.63548278808594 39
1756647346275 50.87807846069336 40
1756647346314 54.58848571777344 41
1756647346353 57.778053283691406 42
1756647346392 48.304386138916016 43
1756647346432 59.271854400634766 44
1756647346472 50.15683364868164 45
1756647346517 55.380226135253906 46
1756647346557 56.268516540527344 47
1756647346597 51.575801849365234 48
1756647346637 48.487937927246094 49
1756647346678 54.85893249511719 50
1756647346718 56.458106994628906 51
1756647346758 54.683738708496094 52
1756647346799 51.797767639160156 53
1756647346839 60.11940002441406 54
1756647346879 47.78901672363281 55
1756647346920 53.854469299316406 56
1756647346960 50.004093170166016 57
1756647347000 53.041282653808594 58
1756647347040 54.412288665771484 59
1756647347081 53.493263244628906 60
1756647347124 48.04908752441406 61
1756647347163 52.648414611816406 62
1756647347202 52.177066802978516 63
1756647347241 46.073020935058594 64
1756647347280 47.71474838256836 65
1756647347319 56.35786056518555 66
1756647347358 48.50639343261719 67
1756647347397 57.07075500488281 68
1756647347436 45.16108703613281 69
1756647347474 58.258121490478516 70
1756647347514 48.55624008178711 71
1756647347552 58.02503967285156 72
1756647347591 49.70703125 73
1756647347630 52.20241928100586 74
1756647347673 52.67707443237305 75
1756647347712 54.57861328125 76
1756647347752 51.745506286621094 77
1756647347790 57.40934753417969 78
1756647347829 48.27707290649414 79
1756647347873 54.4513053894043 80
1756647347912 55.453426361083984 81
1756647347951 57.03013610839844 82
1756647347990 52.522804260253906 83
1756647348030 48.7825927734375 84
1756647348069 55.68809509277344 85
1756647348109 53.706600189208984 86
1756647348149 51.40542984008789 87
1756647348187 58.42220687866211 88
1756647348226 56.74808120727539 89
1756647348267 51.83073806762695 90
1756647348306 55.50728988647461 91
1756647348346 55.81439208984375 92
1756647348386 43.50290298461914 93
1756647348426 54.46572494506836 94
1756647348465 52.4561653137207 95
1756647348505 53.210411071777344 96
1756647348545 48.56401062011719 97
1756647348585 54.07601547241211 98
1756647348625 55.250633239746094 99
1756647348665 49.34516906738281 100
1756647348704 50.399864196777344 101
1756647348744 45.72793960571289 102
1756647348783 55.802101135253906 103
1756647348823 48.075862884521484 104
1756647348863 50.233253479003906 105
1756647348961 62.26681137084961 106
1756647349002 60.185302734375 107
1756647349042 58.236305236816406 108
1756647349081 54.36637878417969 109
1756647349119 55.528934478759766 110
1756647349159 51.921634674072266 111
1756647349197 50.665775299072266 112
1756647349237 52.05158996582031 113
1756647349276 43.89480972290039 114
1756647349314 50.9343376159668 115
1756647349354 46.77934646606445 116
1756647349392 53.869930267333984 117
1756647349431 56.067527770996094 118
1756647349471 66.24663543701172 119
1756647349511 53.458370208740234 120
1756647349550 52.09690856933594 121
1756647349588 59.03865051269531 122
1756647349626 57.72356033325195 123
1756647349673 59.621192932128906 124
1756647349717 57.28804016113281 125
1756647349758 45.69380569458008 126
1756647349796 55.021121978759766 127
1756647349835 46.68355941772461 128
1756647349880 43.68641662597656 129
1756647349931 49.42707824707031 130
1756647349975 52.3343505859375 131
1756647350016 57.54031753540039 132
1756647350063 55.31217956542969 133
1756647350105 46.618247985839844 134
1756647350150 56.70307922363281 135
1756647350197 51.81705093383789 136
1756647350240 61.5415153503418 137
1756647350279 51.674381256103516 138
1756647350318 52.588008880615234 139
1756647350356 53.070899963378906 140
1756647350395 57.7017936706543 141
1756647350434 48.91862487792969 142
1756647350473 46.86223220825195 143
1756647350512 53.190086364746094 144
1756647350551 50.12770080566406 145
1756647350590 52.133113861083984 146
1756647350629 52.067386627197266 147
1756647350675 49.87216567993164 148
1756647350719 50.9088134765625 149
1756647350762 53.08174133300781 150
1756647350806 57.9870719909668 151
1756647350849 50.2225341796875 152
1756647350892 50.466529846191406 153
1756647350936 56.803382873535156 154
1756647350980 59.025123596191406 155
1756647351024 53.817115783691406 156
1756647351067 59.334449768066406 157
1756647351111 50.674983978271484 158
1756647351155 58.97671890258789 159
1756647351199 45.88343811035156 160
1756647351242 53.728633880615234 161
1756647351289 51.10306167602539 162
1756647351337 49.60480880737305 163
1756647351384 47.096214294433594 164
1756647351424 49.0044059753418 165
1756647351464 53.12043762207031 166
1756647351504 51.341163635253906 167
1756647351544 58.147560119628906 168
1756647351585 47.66628646850586 169
1756647351628 52.52903747558594 170
1756647351672 50.94123840332031 171
1756647351715 53.43827819824219 172
1756647351758 58.18025207519531 173
1756647351801 52.587242126464844 174
1756647351845 45.7188606262207 175
1756647351885 49.34676742553711 176
1756647351929 55.39840316772461 177
1756647351970 52.864688873291016 178
1756647352010 50.01885986328125 179
1756647352050 47.46917724609375 180
1756647352090 49.244083404541016 181
1756647352129 50.22660827636719 182
1756647352170 52.3520622253418 183
1756647352209 56.86726379394531 184
1756647352249 50.45572280883789 185
1756647352289 54.5513916015625 186
1756647352334 55.410945892333984 187
1756647352373 52.388771057128906 188
1756647352412 51.0972785949707 189
1756647352452 47.74917221069336 190
1756647352493 51.70840072631836 191
1756647352537 47.71183776855469 192
1756647352575 56.72732925415039 193
1756647352615 51.02859878540039 194
1756647352656 59.00326156616211 195
1756647352697 49.159690856933594 196
1756647352742 48.96334457397461 197
1756647352785 47.95109558105469 198
1756647352828 55.61738586425781 199
1756647352871 56.171695709228516 200
1756647352914 56.212928771972656 201
1756647352957 51.710853576660156 202
1756647353000 49.59675598144531 203
1756647353044 52.61092758178711 204
1756647353089 57.266151428222656 205
1756647353132 51.03339767456055 206
1756647353176 54.548946380615234 207
1756647353220 48.894771575927734 208
1756647353265 48.69963073730469 209
1756647353313 53.587646484375 210
1756647353361 57.29106521606445 211
1756647353407 48.67573547363281 212
1756647353454 53.1561164855957 213
1756647353502 55.9176139831543 214
1756647353549 54.61810302734375 215
1756647353595 51.576961517333984 216
1756647353642 54.6229133605957 217
1756647353690 51.0263557434082 218
1756647353737 51.730323791503906 219
1756647353784 51.34953308105469 220
1756647353831 48.125953674316406 221
1756647353879 49.833595275878906 222
1756647353926 48.925662994384766 223
1756647353973 48.714561462402344 224
1756647354019 51.961002349853516 225
1756647354058 58.268348693847656 226
1756647354097 50.2290153503418 227
1756647354137 54.841793060302734 228
1756647354178 55.034950256347656 229
1756647354218 44.985801696777344 230
1756647354258 49.505165100097656 231
1756647354299 40.84186553955078 232
1756647354339 53.940250396728516 233
1756647354379 48.87196350097656 234
1756647354419 60.0975227355957 235
1756647354459 57.4997673034668 236
1756647354499 50.2492790222168 237
1756647354539 51.45711898803711 238
1756647354586 52.36271667480469 239
1756647354633 51.61703872680664 240
1756647354681 57.364444732666016 241
1756647354729 54.25400161743164 242
1756647354776 53.23567199707031 243
1756647354822 57.113075256347656 244
1756647354870 48.36735534667969 245
1756647354917 56.92428207397461 246
1756647354965 54.76296615600586 247
1756647355013 55.81256103515625 248
1756647355060 51.94960021972656 249
1756647355107 53.992286682128906 250
1756647355155 52.31924057006836 251
1756647355202 50.60139465332031 252
1756647355249 54.196754455566406 253
1756647355296 54.546810150146484 254
1756647355343 49.20109939575195 255
1756647355390 52.177024841308594 256
1756647355437 51.758846282958984 257
1756647355484 51.1956787109375 258
1756647355531 46.718528747558594 259
1756647355577 50.20552062988281 260
1756647355617 51.58553695678711 261
1756647355658 54.17646408081055 262
1756647355702 55.15945053100586 263
1756647355744 50.09756088256836 264
1756647355782 48.25581359863281 265
1756647355822 51.981388092041016 266
1756647355864 56.64474868774414 267
1756647355909 58.73320388793945 268
1756647355948 51.052223205566406 269
1756647355987 56.05232238769531 270
1756647356027 48.858253479003906 271
1756647356067 60.75735855102539 272
1756647356107 48.739322662353516 273
1756647356147 48.084476470947266 274
1756647356187 54.49726867675781 275
1756647356227 49.11514663696289 276
1756647356267 46.040096282958984 277
1756647356308 46.72715759277344 278
1756647356354 56.453792572021484 279
1756647356402 53.5340461730957 280
1756647356449 51.8398323059082 281
1756647356495 48.932106018066406 282
1756647356542 53.6920166015625 283
1756647356588 51.34489440917969 284
1756647356631 50.069435119628906 285
1756647356670 48.64088439941406 286
1756647356710 46.214962005615234 287
1756647356750 47.9128532409668 288
1756647356790 48.81459045410156 289
1756647356830 58.349571228027344 290
1756647356870 54.15757751464844 291
1756647356910 53.17348861694336 292
1756647356950 49.6500244140625 293
1756647356989 58.25248718261719 294
1756647357029 49.528865814208984 295
1756647357070 52.524654388427734 296
1756647357109 51.412715911865234 297
1756647357150 52.8681755065918 298
1756647357190 47.40688705444336 299
1756647365331 99.10316467285156 0
1756647365372 96.5389633178711 1
1756647365411 92.1813735961914 2
1756647365450 84.66632843017578 3
1756647365490 79.66301727294922 4
1756647365533 78.98290252685547 5
1756647365577 69.82550048828125 6
1756647365616 63.2045783996582 7
1756647365657 58.578887939453125 8
1756647365697 56.07002639770508 9
1756647365737 56.72647476196289 10
1756647365777 57.643226623535156 11
1756647365816 54.67992401123047 12
1756647365857 63.7716064453125 13
1756647365897 51.74781799316406 14
1756647365938 61.57430648803711 15
1756647365979 54.308773040771484 16
1756647366019 55.487945556640625 17
1756647366060 49.30745315551758 18
1756647366100 47.66685485839844 19
1756647366141 53.9139289855957 20
1756647366183 50.27983474731445 21
1756647366224 53.43868637084961 22
1756647366264 51.972557067871094 23
1756647366305 49.64445495605469 24
1756647366345 55.6514892578125 25
1756647366385 52.2880744934082 26
1756647366426 53.240447998046875 27
1756647366466 54.50918960571289 28
1756647366506 53.76274490356445 29
1756647366547 50.20396041870117 30
1756647366587 61.65179443359375 31
1756647366628 50.836421966552734 32
1756647366668 54.29448318481445 33
1756647366711 50.990562438964844 34
1756647366750 58.016387939453125 35
1756647366789 55.95866012573242 36
1756647366831 59.15403366088867 37
1756647366873 47.06187057495117 38
1756647366916 56.95637893676758 39
1756647366954 56.376373291015625 40
1756647366993 48.786380767822266 41
1756647367033 49.6884880065918 42
1756647367071 49.74177551269531 43
1756647367111 56.194923400878906 44
1756647367150 44.62983703613281 45
1756647367189 51.04963302612305 46
1756647367229 52.68569564819336 47
1756647367268 52.8311767578125 48
1756647367307 51.087989807128906 49
1756647367346 55.600990295410156 50
1756647367385 56.23146057128906 51
1756647367427 53.69355010986328 52
1756647367467 46.00050354003906 53
1756647367506 52.042015075683594 54
1756647367545 53.93149948120117 55
1756647367584 47.11471176147461 56
1756647367624 58.3494758605957 57
1756647367663 47.04682159423828 58
1756647367702 52.943870544433594 59
1756647367741 51.370391845703125 60
1756647367780 56.62858200073242 61
1756647367819 47.49541473388672 62
1756647367857 50.41145706176758 63
1756647367896 57.259185791015625 64
1756647367935 50.500396728515625 65
1756647367974 52.44527816772461 66
1756647368014 47.92478942871094 67
1756647368053 53.89077377319336 68
1756647368092 49.746665954589844 69
1756647368135 55.999778747558594 70
1756647368175 56.8763313293457 71
1756647368214 49.847984313964844 72
1756647368253 57.096527099609375 73
1756647368292 56.9427375793457 74
1756647368332 45.91696548461914 75
1756647368370 55.834632873535156 76
1756647368409 57.443721771240234 77
1756647368448 54.47523498535156 78
1756647368487 45.85472106933594 79
1756647368525 48.68563461303711 80
1756647368564 52.604671478271484 81
1756647368603 50.117889404296875 82
1756647368642 54.080299377441406 83
1756647368682 56.3013916015625 84
1756647368721 51.051429748535156 85
1756647368760 49.865169525146484 86
1756647368800 54.45490646362305 87
1756647368840 48.579078674316406 88
1756647368879 52.91636276245117 89
1756647368918 52.07418441772461 90
1756647368957 50.770145416259766 91
1756647368996 55.48318862915039 92
1756647369035 53.015045166015625 93
1756647369074 52.3744010925293 94
1756647369113 55.14967727661133 95
1756647369152 50.595340728759766 96
1756647369192 55.98210906982422 97
1756647369232 51.225975036621094 98
1756647369270 48.44821548461914 99
1756647369310 53.96820068359375 100
1756647369349 51.181331634521484 101
1756647369389 54.446102142333984 102
1756647369428 50.10139846801758 103
1756647369467 52.741024017333984 104
1756647369507 55.14210510253906 105
1756647369545 47.548179626464844 106
1756647369589 53.36170196533203 107
1756647369628 55.492427825927734 108
1756647369671 51.16743087768555 109
1756647369712 55.26741409301758 110
1756647369755 58.48369598388672 111
1756647369795 49.66015625 112
1756647369838 51.4081916809082 113
1756647369877 45.15782928466797 114
1756647369916 50.519371032714844 115
1756647369956 55.628379821777344 116
1756647369995 47.99495315551758 117
1756647370034 47.289039611816406 118
1756647370073 53.596405029296875 119
1756647370113 46.6147346496582 120
1756647370155 49.1248664855957 121
1756647370195 57.63832092285156 122
1756647370234 52.03007125854492 123
1756647370274 53.76339340209961 124
1756647370313 54.588802337646484 125
1756647370353 58.85346984863281 126
1756647370392 58.705078125 127
1756647370431 52.3458137512207 128
1756647370470 51.891754150390625 129
1756647370515 58.17026138305664 130
1756647370555 51.94451141357422 131
1756647370594 64.90188598632812 132
1756647370633 54.20479202270508 133
1756647370674 56.785770416259766 134
1756647370713 51.29463577270508 135
1756647370754 55.06126022338867 136
1756647370793 55.29039001464844 137
1756647370832 57.00979995727539 138
1756647370871 46.868011474609375 139
1756647370910 51.991886138916016 140
1756647370949 49.30495071411133 141
1756647370989 51.306739807128906 142
1756647371028 50.254783630371094 143
1756647371067 52.15532684326172 144
1756647371106 48.71039962768555 145
1756647371145 52.296875 146
1756647371185 48.32887268066406 147
1756647371224 52.214141845703125 148
1756647371263 59.91914367675781 149
1756647371302 52.11974334716797 150
1756647371342 55.95082092285156 151
1756647371381 50.279605865478516 152
1756647371420 46.4698371887207 153
1756647371459 52.30107879638672 154
1756647371499 53.4471549987793 155
1756647371538 58.62308120727539 156
1756647371578 53.24959945678711 157
1756647371617 51.75265121459961 158
1756647371656 46.83639907836914 159
1756647371699 58.229183197021484 160
1756647371740 51.6287956237793 161
1756647371779 49.85653305053711 162
1756647371818 46.17182540893555 163
1756647371858 41.49559020996094 164
1756647371898 54.64542007446289 165
1756647371937 60.8520393371582 166
1756647371976 50.653160095214844 167
1756647372019 50.66740798950195 168
1756647372058 50.712955474853516 169
1756647372097 51.930274963378906 170
1756647372136 52.13218688964844 171
1756647372175 61.47156524658203 172
1756647372214 51.68806076049805 173
1756647372254 59.243263244628906 174
1756647372293 57.290565490722656 175
1756647372333 52.30351257324219 176
1756647372371 48.23283767700195 177
1756647372411 56.28343200683594 178
1756647372450 45.78812026977539 179
1756647372489 50.551544189453125 180
1756647372528 53.365421295166016 181
1756647372568 57.268917083740234 182
1756647372607 56.682064056396484 183
1756647372647 59.99860763549805 184
1756647372689 51.475093841552734 185
1756647372729 56.181514739990234 186
1756647372768 45.44735336303711 187
1756647372807 54.83576202392578 188
1756647372846 51.733760833740234 189
1756647372890 50.370765686035156 190
1756647372933 56.58565139770508 191
1756647372974 48.564178466796875 192
1756647373013 48.98432922363281 193
1756647373052 53.434349060058594 194
1756647373092 52.10157775878906 195
1756647373131 55.517398834228516 196
1756647373171 49.256412506103516 197
1756647373210 48.84156799316406 198
1756647373249 55.369266510009766 199
1756647373289 48.37563705444336 200
1756647373328 52.50396728515625 201
1756647373368 58.34838104248047 202
1756647373407 55.95344161987305 203
1756647373447 50.436100006103516 204
1756647373486 42.52557373046875 205
1756647373526 47.19533920288086 206
1756647373566 49.84417724609375 207
1756647373605 50.565555572509766 208
1756647373644 56.39714431762695 209
1756647373684 57.35851287841797 210
1756647373723 45.362876892089844 211
1756647373762 54.9442138671875 212
1756647373802 55.30580139160156 213
1756647373841 55.2076416015625 214
1756647373880 51.89250183105469 215
1756647373919 46.98698043823242 216
1756647373959 52.58339309692383 217
1756647373999 50.07784652709961 218
1756647374039 50.173526763916016 219
1756647374079 54.873809814453125 220
1756647374119 52.47755432128906 221
1756647374158 52.96635818481445 222
1756647374199 51.662601470947266 223
1756647374238 55.51785659790039 224
1756647374277 47.980159759521484 225
1756647374317 48.76217269897461 226
1756647374356 52.22929382324219 227
1756647374397 52.248321533203125 228
1756647374438 52.275630950927734 229
1756647374478 52.31241226196289 230
1756647374518 52.51975631713867 231
1756647374558 50.97279739379883 232
1756647374597 51.210628509521484 233
1756647374637 50.542572021484375 234
1756647374676 59.45639419555664 235
1756647374716 49.911170959472656 236
1756647374756 51.206878662109375 237
1756647374798 51.722469329833984 238
1756647374837 44.69346237182617 239
1756647374876 56.55421447753906 240
1756647374915 51.92823791503906 241
1756647374955 39.26992416381836 242
1756647374994 49.76255798339844 243
1756647375034 38.140838623046875 244
1756647375073 58.109474182128906 245
1756647375113 55.74869918823242 246
1756647375152 52.12134552001953 247
1756647375192 55.24113845825195 248
1756647375231 51.98020553588867 249
1756647375271 47.97377395629883 250
1756647375310 49.36925506591797 251
1756647375349 53.94267272949219 252
1756647375388 52.83735275268555 253
1756647375428 49.10980224609375 254
1756647375467 52.93588638305664 255
1756647375506 56.44749450683594 256
1756647375546 50.76753234863281 257
1756647375586 49.67172622680664 258
1756647375624 50.25794982910156 259
1756647375663 47.614959716796875 260
1756647375703 49.158607482910156 261
1756647375743 53.122962951660156 262
1756647375782 54.4078483581543 263
1756647375821 57.006752014160156 264
1756647375861 52.51722717285156 265
1756647375901 51.729713439941406 266
1756647375940 43.46745681762695 267
1756647375980 50.067073822021484 268
1756647376019 54.70603942871094 269
1756647376058 53.9389533996582 270
1756647376098 52.91824722290039 271
1756647376137 50.24176025390625 272
1756647376178 55.018646240234375 273
1756647376218 53.969974517822266 274
1756647376261 51.30103302001953 275
1756647376300 41.949180603027344 276
1756647376339 57.22256851196289 277
1756647376378 56.0385627746582 278
1756647376417 48.67098617553711 279
1756647376456 54.14717102050781 280
1756647376495 49.946475982666016 281
1756647376535 55.755455017089844 282
1756647376574 55.72874450683594 283
1756647376613 45.319576263427734 284
1756647376657 47.20185089111328 285
1756647376702 44.12803268432617 286
1756647376747 55.03555679321289 287
1756647376786 51.52068328857422 288
1756647376826 52.48545455932617 289
1756647376865 42.3338508605957 290
1756647376904 54.26785659790039 291
1756647376944 50.34719467163086 292
1756647376982 58.98511505126953 293
1756647377025 49.211849212646484 294
1756647377068 50.71952819824219 295
1756647377110 54.20328903198242 296
1756647377153 56.9379997253418 297
1756647377196 50.48384094238281 298
1756647377238 47.26560974121094 299
1756647385381 99.37639617919922 0
1756647385424 97.24199676513672 1
1756647385467 94.55126953125 2
1756647385510 92.3086166381836 3
1756647385552 86.6833267211914 4
1756647385595 85.31273651123047 5
1756647385638 82.80508422851562 6
1756647385683 74.0477523803711 7
1756647385727 71.49844360351562 8
1756647385771 65.03925323486328 9
1756647385814 65.79845428466797 10
1756647385857 53.61347961425781 11
1756647385900 53.8854866027832 12
1756647385943 55.18416976928711 13
1756647385986 48.3751335144043 14
1756647386028 59.2100715637207 15
1756647386072 53.145389556884766 16
1756647386114 55.20844650268555 17
1756647386157 53.365989685058594 18
1756647386201 53.53007507324219 19
1756647386244 46.944820404052734 20
1756647386288 57.24137878417969 21
1756647386331 52.123252868652344 22
1756647386374 59.1112060546875 23
1756647386417 53.523075103759766 24
1756647386461 58.337425231933594 25
1756647386504 51.830204010009766 26
1756647386547 53.98605728149414 27
1756647386590 51.510353088378906 28
1756647386632 57.34809875488281 29
1756647386671 57.024784088134766 30
1756647386710 46.90286636352539 31
1756647386750 55.86991882324219 32
1756647386789 47.52769470214844 33
1756647386828 45.47748947143555 34
1756647386872 56.955631256103516 35
1756647386912 48.95816421508789 36
1756647386951 59.19816589355469 37
1756647386990 50.9503059387207 38
1756647387032 55.36428451538086 39
1756647387072 51.62972640991211 40
1756647387112 48.46260070800781 41
1756647387151 49.8229866027832 42
1756647387195 49.45415115356445 43
1756647387236 52.745426177978516 44
1756647387277 55.55638122558594 45
1756647387317 55.07634353637695 46
1756647387359 51.59492492675781 47
1756647387403 52.39742660522461 48
1756647387443 50.2707405090332 49
1756647387484 50.578636169433594 50
1756647387524 59.928829193115234 51
1756647387564 53.76252365112305 52
1756647387605 50.439964294433594 53
1756647387646 59.401512145996094 54
1756647387686 57.859642028808594 55
1756647387726 57.04521560668945 56
1756647387765 51.42258071899414 57
1756647387805 54.35885238647461 58
1756647387846 57.805076599121094 59
1756647387889 40.810752868652344 60
1756647387934 52.11453628540039 61
1756647387975 50.861083984375 62
1756647388015 54.2027473449707 63
1756647388056 48.7683219909668 64
1756647388097 57.830745697021484 65
1756647388138 51.362728118896484 66
1756647388178 51.20406723022461 67
1756647388220 52.22264099121094 68
1756647388262 48.65065002441406 69
1756647388303 49.38532638549805 70
1756647388344 47.660831451416016 71
1756647388385 51.30667495727539 72
1756647388425 56.5618896484375 73
1756647388465 51.0887451171875 74
1756647388505 47.792293548583984 75
1756647388545 50.952640533447266 76
1756647388586 55.5383186340332 77
1756647388626 50.2401008605957 78
1756647388668 57.246238708496094 79
1756647388709 49.33245849609375 80
1756647388749 64.8636245727539 81
1756647388789 54.684059143066406 82
1756647388830 54.43026351928711 83
1756647388870 55.7185173034668 84
1756647388910 55.35843276977539 85
1756647388950 55.32984924316406 86
1756647388990 52.48568344116211 87
1756647389031 57.61197280883789 88
1756647389071 52.55229568481445 89
1756647389112 44.91615295410156 90
1756647389152 49.74692153930664 91
1756647389193 48.51395034790039 92
1756647389234 48.2105598449707 93
1756647389274 47.170597076416016 94
1756647389315 48.922035217285156 95
1756647389355 51.829566955566406 96
1756647389396 50.4864501953125 97
1756647389437 53.796138763427734 98
1756647389479 55.25692367553711 99
1756647389520 55.946983337402344 100
1756647389561 46.712379455566406 101
1756647389602 50.564693450927734 102
1756647389643 46.181034088134766 103
1756647389683 47.250144958496094 104
1756647389724 51.6207275390625 105
1756647389766 50.362979888916016 106
1756647389807 48.637630462646484 107
1756647389848 52.351585388183594 108
1756647389889 53.492454528808594 109
1756647389930 54.481712341308594 110
1756647389972 54.72161865234375 111
1756647390013 51.7097053527832 112
1756647390054 48.006656646728516 113
1756647390095 52.355445861816406 114
1756647390137 54.37285232543945 115
1756647390178 56.8004150390625 116
1756647390219 51.234619140625 117
1756647390260 50.08930587768555 118
1756647390302 59.30015563964844 119
1756647390342 57.938297271728516 120
1756647390384 48.9531135559082 121
1756647390425 52.6462516784668 122
1756647390466 50.02110290527344 123
1756647390508 44.72553634643555 124
1756647390549 56.56637191772461 125
1756647390590 50.683860778808594 126
1756647390631 55.13626480102539 127
1756647390673 55.02786636352539 128
1756647390714 57.115543365478516 129
1756647390755 53.38656234741211 130
1756647390796 56.01557540893555 131
1756647390837 58.38020324707031 132
1756647390878 53.86069107055664 133
1756647390919 55.083316802978516 134
1756647390961 49.47427749633789 135
1756647391003 51.288272857666016 136
1756647391045 46.03645324707031 137
1756647391086 51.815818786621094 138
1756647391127 55.30386734008789 139
1756647391168 53.199039459228516 140
1756647391211 52.104713439941406 141
1756647391253 54.306827545166016 142
1756647391294 49.3559455871582 143
1756647391336 48.973854064941406 144
1756647391378 47.24037170410156 145
1756647391420 56.84817886352539 146
1756647391461 55.782798767089844 147
1756647391503 53.75937271118164 148
1756647391544 47.83381652832031 149
1756647391585 51.5004768371582 150
1756647391628 54.12006759643555 151
1756647391669 51.22610855102539 152
1756647391711 47.33821105957031 153
1756647391752 51.54202651977539 154
1756647391794 58.99525451660156 155
1756647391834 57.58406066894531 156
1756647391875 54.3509635925293 157
1756647391916 54.58173751831055 158
1756647391957 52.33784103393555 159
1756647391998 48.33146667480469 160
1756647392039 52.772438049316406 161
1756647392080 50.65240478515625 162
1756647392121 57.19207763671875 163
1756647392162 51.04072570800781 164
1756647392204 52.74913024902344 165
1756647392245 47.10300064086914 166
1756647392287 51.209163665771484 167
1756647392328 43.06266403198242 168
1756647392370 52.607540130615234 169
1756647392411 60.78911209106445 170
1756647392452 54.0416374206543 171
1756647392493 51.66532897949219 172
1756647392535 47.37857437133789 173
1756647392576 54.75244140625 174
1756647392617 50.67203140258789 175
1756647392658 58.8297233581543 176
1756647392699 51.263282775878906 177
1756647392740 50.388465881347656 178
1756647392781 49.6232795715332 179
1756647392821 51.12799072265625 180
1756647392862 43.19413757324219 181
1756647392903 57.18985366821289 182
1756647392943 61.32487487792969 183
1756647392985 59.765602111816406 184
1756647393027 51.329627990722656 185
1756647393067 49.030208587646484 186
1756647393109 52.440975189208984 187
1756647393150 57.47671890258789 188
1756647393192 47.58292007446289 189
1756647393235 56.87895202636719 190
1756647393275 51.275028228759766 191
1756647393315 49.861637115478516 192
1756647393356 56.055233001708984 193
1756647393403 50.42644119262695 194
1756647393444 55.117591857910156 195
1756647393486 49.58961486816406 196
1756647393526 46.54990005493164 197
1756647393567 51.369850158691406 198
1756647393608 48.70769119262695 199
1756647393649 47.410606384277344 200
1756647393689 39.71784591674805 201
1756647393730 47.120182037353516 202
1756647393771 49.039066314697266 203
1756647393812 54.79550552368164 204
1756647393853 52.05475997924805 205
1756647393894 49.3218879699707 206
1756647393935 51.69227600097656 207
1756647393976 54.76846694946289 208
1756647394018 47.8992919921875 209
1756647394060 55.083927154541016 210
1756647394101 48.70973205566406 211
1756647394141 60.74922180175781 212
1756647394182 50.44970703125 213
1756647394224 50.7036247253418 214
1756647394264 53.994319915771484 215
1756647394308 62.3620719909668 216
1756647394351 54.36397933959961 217
1756647394393 51.797691345214844 218
1756647394433 62.266212463378906 219
1756647394476 49.99575424194336 220
1756647394515 53.387264251708984 221
1756647394555 52.93193054199219 222
1756647394596 47.18632507324219 223
1756647394636 49.9976921081543 224
1756647394676 51.751041412353516 225
1756647394717 52.25621032714844 226
1756647394757 46.42442321777344 227
1756647394797 50.846351623535156 228
1756647394836 51.931396484375 229
1756647394876 48.479270935058594 230
1756647394920 47.239280700683594 231
1756647394963 50.606693267822266 232
1756647395006 53.691707611083984 233
1756647395045 58.095035552978516 234
1756647395084 56.92605209350586 235
1756647395123 49.21635818481445 236
1756647395163 56.2075309753418 237
1756647395202 52.89459228515625 238
1756647395241 52.878334045410156 239
1756647395281 58.45499038696289 240
1756647395320 55.2708740234375 241
1756647395359 53.75075912475586 242
1756647395399 60.1673698425293 243
1756647395440 50.174583435058594 244
1756647395479 50.142940521240234 245
1756647395518 48.55245590209961 246
1756647395558 56.18121337890625 247
1756647395597 50.6851921081543 248
1756647395636 50.765296936035156 249
1756647395676 50.238380432128906 250
1756647395717 51.541690826416016 251
1756647395757 53.82633972167969 252
1756647395796 55.57109069824219 253
1756647395835 53.02968978881836 254
1756647395875 50.91862487792969 255
1756647395915 47.57126235961914 256
1756647395954 44.583919525146484 257
1756647395994 50.484073638916016 258
1756647396034 43.50720977783203 259
1756647396074 54.03216552734375 260
1756647396113 52.455318450927734 261
1756647396153 51.14934158325195 262
1756647396192 51.074466705322266 263
1756647396232 59.161537170410156 264
1756647396271 51.67971420288086 265
1756647396310 56.544193267822266 266
1756647396350 51.41671371459961 267
1756647396389 53.023193359375 268
1756647396430 51.16462707519531 269
1756647396472 54.93842697143555 270
1756647396512 58.04986572265625 271
1756647396552 53.45561218261719 272
1756647396591 52.67646408081055 273
1756647396631 53.985252380371094 274
1756647396670 52.60305404663086 275
1756647396712 48.53934097290039 276
1756647396751 55.59078598022461 277
1756647396791 57.8094482421875 278
1756647396834 58.35810470581055 279
1756647396874 54.439697265625 280
1756647396913 52.47763442993164 281
1756647396953 59.06488037109375 282
1756647396993 49.93341064453125 283
1756647397033 54.35371398925781 284
1756647397072 59.32033920288086 285
1756647397112 54.78564453125 286
1756647397152 56.095458984375 287
1756647397193 48.6689338684082 288
1756647397233 54.843868255615234 289
1756647397273 51.9163932800293 290
1756647397313 46.37083435058594 291
1756647397353 50.88124084472656 292
1756647397392 47.45838928222656 293
1756647397432 51.557334899902344 294
1756647397472 61.79716491699219 295
1756647397512 56.546512603759766 296
1756647397553 44.8441276550293 297
1756647397593 58.234375 298
1756647397633 52.24142837524414 299
1756647405769 99.61448669433594 0
1756647405809 98.34765625 1
1756647405848 97.7921371459961 2
1756647405886 96.78373718261719 3
1756647405926 96.00833892822266 4
1756647405966 93.87541961669922 5
1756647406005 91.52128601074219 6
1756647406045 89.55326080322266 7
1756647406086 84.68849182128906 8
1756647406126 82.46646881103516 9
1756647406165 83.14533996582031 10
1756647406211 80.89508056640625 11
1756647406250 75.10774993896484 12
1756647406289 70.87413024902344 13
1756647406328 70.51959991455078 14
1756647406368 65.261962890625 15
1756647406407 58.06413650512695 16
1756647406446 64.88851928710938 17
1756647406485 58.61149215698242 18
1756647406526 57.13950729370117 19
1756647406569 56.36344528198242 20
1756647406609 64.40538024902344 21
1756647406648 61.279361724853516 22
1756647406689 61.10615921020508 23
1756647406730 60.689231872558594 24
1756647406769 55.32396697998047 25
1756647406808 50.279022216796875 26
1756647406848 55.42815017700195 27
1756647406887 58.6826171875 28
1756647406927 59.440406799316406 29
1756647406967 64.7902603149414 30
1756647407006 55.38945007324219 31
1756647407045 57.57620620727539 32
1756647407085 60.0166015625 33
1756647407125 50.8554801940918 34
1756647407165 59.706546783447266 35
1756647407207 58.79813003540039 36
1756647407247 58.050872802734375 37
1756647407288 47.09303283691406 38
1756647407328 59.198551177978516 39
1756647407368 59.322792053222656 40
1756647407409 62.44779968261719 41
1756647407452 57.750465393066406 42
1756647407492 57.94389724731445 43
1756647407531 61.396575927734375 44
1756647407571 52.416011810302734 45
1756647407610 58.33556365966797 46
1756647407650 60.51988220214844 47
1756647407690 60.00078582763672 48
1756647407733 51.61181640625 49
1756647407777 58.37066650390625 50
1756647407817 54.14295196533203 51
1756647407857 53.57518005371094 52
1756647407902 56.5020637512207 53
1756647407942 60.238346099853516 54
1756647407981 58.113033294677734 55
1756647408021 56.0360221862793 56
1756647408060 53.374412536621094 57
1756647408100 58.39397048950195 58
1756647408140 61.12488555908203 59
1756647408180 55.14023971557617 60
1756647408223 64.07292938232422 61
1756647408264 66.1211166381836 62
1756647408303 64.34527587890625 63
1756647408343 58.56997299194336 64
1756647408387 57.60367965698242 65
1756647408427 52.829368591308594 66
1756647408467 66.65977478027344 67
1756647408507 61.102848052978516 68
1756647408547 60.67084503173828 69
1756647408587 53.07803726196289 70
1756647408626 63.14366912841797 71
1756647408665 60.9886474609375 72
1756647408705 58.5687255859375 73
1756647408746 57.460750579833984 74
1756647408785 59.69093322753906 75
1756647408825 67.41629028320312 76
1756647408864 54.86505889892578 77
1756647408904 56.1157341003418 78
1756647408943 52.32278823852539 79
1756647408983 57.811588287353516 80
1756647409022 55.738555908203125 81
1756647409062 59.80103302001953 82
1756647409102 58.523529052734375 83
1756647409142 57.17094421386719 84
1756647409182 55.81904602050781 85
1756647409223 57.08018112182617 86
1756647409262 64.64666748046875 87
1756647409302 54.937767028808594 88
1756647409341 61.763572692871094 89
1756647409381 60.625240325927734 90
1756647409420 55.33203125 91
1756647409460 57.376976013183594 92
1756647409500 61.81221008300781 93
1756647409539 58.126426696777344 94
1756647409579 57.933982849121094 95
1756647409619 57.9495735168457 96
1756647409658 53.16353988647461 97
1756647409697 62.992454528808594 98
1756647409738 60.745304107666016 99
1756647409777 67.11064910888672 100
1756647409817 52.97406005859375 101
1756647409855 60.000892639160156 102
1756647409898 53.345577239990234 103
1756647409938 55.01246643066406 104
1756647409977 52.57290267944336 105
1756647410017 58.464054107666016 106
1756647410056 56.52436828613281 107
1756647410095 56.80999755859375 108
1756647410135 57.67757034301758 109
1756647410175 49.419769287109375 110
1756647410216 56.99419403076172 111
1756647410256 63.724998474121094 112
1756647410295 49.91608810424805 113
1756647410335 55.03599166870117 114
1756647410375 57.34972381591797 115
1756647410414 59.02690505981445 116
1756647410454 60.22147750854492 117
1756647410494 51.8808708190918 118
1756647410534 60.411346435546875 119
1756647410573 61.983009338378906 120
1756647410613 56.762935638427734 121
1756647410653 54.87071990966797 122
1756647410694 60.72035598754883 123
1756647410736 65.49150085449219 124
1756647410775 63.760841369628906 125
1756647410815 62.492698669433594 126
1756647410855 61.469642639160156 127
1756647410895 65.07353210449219 128
1756647410935 54.64542007446289 129
1756647410976 53.445533752441406 130
1756647411016 59.18109893798828 131
1756647411057 63.627662658691406 132
1756647411096 52.55026626586914 133
1756647411136 59.2325325012207 134
1756647411176 58.857383728027344 135
1756647411216 57.04547119140625 136
1756647411257 56.59926986694336 137
1756647411297 57.35746765136719 138
1756647411337 60.96309280395508 139
1756647411377 56.39282989501953 140
1756647411417 52.800140380859375 141
1756647411457 57.69456100463867 142
1756647411497 62.17471694946289 143
1756647411537 57.71250534057617 144
1756647411577 55.43872833251953 145
1756647411617 64.63240814208984 146
1756647411658 60.28022766113281 147
1756647411697 60.995513916015625 148
1756647411739 64.32227325439453 149
1756647411780 55.96760940551758 150
1756647411821 56.26614761352539 151
1756647411861 54.95954895019531 152
1756647411901 63.98677062988281 153
1756647411941 62.79081344604492 154
1756647411982 51.68952941894531 155
1756647412023 54.61077880859375 156
1756647412062 67.80329132080078 157
1756647412102 54.89737319946289 158
1756647412143 57.975181579589844 159
1756647412183 54.62982940673828 160
1756647412224 54.76516342163086 161
1756647412265 58.50428009033203 162
1756647412304 57.42980194091797 163
1756647412345 60.55763244628906 164
1756647412385 55.529048919677734 165
1756647412424 52.52762985229492 166
1756647412464 58.932525634765625 167
1756647412504 62.55531692504883 168
1756647412544 54.495853424072266 169
1756647412584 54.54259490966797 170
1756647412624 55.537330627441406 171
1756647412665 54.59589385986328 172
1756647412707 58.9830436706543 173
1756647412747 61.98314666748047 174
1756647412787 54.473270416259766 175
1756647412827 58.28592300415039 176
1756647412866 59.46217346191406 177
1756647412906 49.82939910888672 178
1756647412946 57.80106735229492 179
1756647412986 57.02360153198242 180
1756647413026 61.35354232788086 181
1756647413065 48.715415954589844 182
1756647413105 61.09771728515625 183
1756647413145 50.134918212890625 184
1756647413185 63.7208366394043 185
1756647413226 62.28073501586914 186
1756647413266 48.91207504272461 187
1756647413306 60.8973503112793 188
1756647413345 57.17570495605469 189
1756647413386 61.08208465576172 190
1756647413426 62.753658294677734 191
1756647413468 48.05250930786133 192
1756647413512 53.89669418334961 193
1756647413552 61.47687530517578 194
1756647413593 56.518287658691406 195
1756647413633 60.694740295410156 196
1756647413673 58.42796325683594 197
1756647413713 57.22295379638672 198
1756647413753 48.17592239379883 199
1756647413793 56.75239181518555 200
1756647413834 53.404720306396484 201
1756647413873 58.9129524230957 202
1756647413914 53.00483322143555 203
1756647413954 55.80154800415039 204
1756647413994 53.31421661376953 205
1756647414033 57.56224822998047 206
1756647414073 53.29902648925781 207
1756647414112 62.18098068237305 208
1756647414152 57.14175033569336 209
1756647414192 57.67523193359375 210
1756647414234 58.09989929199219 211
1756647414274 60.054115295410156 212
1756647414314 67.97441101074219 213
1756647414354 60.32648849487305 214
1756647414393 63.15408706665039 215
1756647414432 53.66771697998047 216
1756647414474 59.19459533691406 217
1756647414514 59.15611267089844 218
1756647414555 58.826107025146484 219
1756647414597 57.027957916259766 220
1756647414642 62.208580017089844 221
1756647414682 59.657875061035156 222
1756647414724 57.146610260009766 223
1756647414764 60.60696792602539 224
1756647414808 60.835540771484375 225
1756647414851 61.372520446777344 226
1756647414895 57.73811721801758 227
1756647414939 65.49983215332031 228
1756647414979 53.32927703857422 229
1756647415023 59.38249969482422 230
1756647415064 55.941505432128906 231
1756647415104 58.41962432861328 232
1756647415144 51.452720642089844 233
1756647415183 53.752349853515625 234
1756647415224 55.66960906982422 235
1756647415264 58.01995849609375 236
1756647415304 61.91358947753906 237
1756647415344 51.87759017944336 238
1756647415385 54.85331726074219 239
1756647415424 52.717952728271484 240
1756647415464 65.81781005859375 241
1756647415504 58.25413513183594 242
1756647415544 52.896820068359375 243
1756647415586 58.995609283447266 244
1756647415625 62.573516845703125 245
1756647415666 59.6112174987793 246
1756647415706 55.6624755859375 247
1756647415747 56.34621810913086 248
1756647415788 53.17708206176758 249
1756647415828 57.05354690551758 250
1756647415869 46.870445251464844 251
1756647415910 54.53355026245117 252
1756647415949 57.07082748413086 253
1756647415989 59.5796012878418 254
1756647416030 57.57749557495117 255
1756647416069 56.80714416503906 256
1756647416112 63.82234191894531 257
1756647416153 51.28236770629883 258
1756647416193 56.03501510620117 259
1756647416237 55.79597473144531 260
1756647416277 63.83128356933594 261
1756647416317 62.819557189941406 262
1756647416358 69.2764663696289 263
1756647416398 59.55812072753906 264
1756647416438 55.988616943359375 265
1756647416478 48.023345947265625 266
1756647416520 61.105072021484375 267
1756647416560 57.85531997680664 268
1756647416601 55.88495635986328 269
1756647416641 55.92353057861328 270
1756647416685 64.81888580322266 271
1756647416728 58.956642150878906 272
1756647416768 56.5562744140625 273
1756647416808 55.01663589477539 274
1756647416851 63.350975036621094 275
1756647416895 67.28571319580078 276
1756647416935 64.68862915039062 277
1756647416975 68.72640991210938 278
1756647417019 58.369712829589844 279
1756647417063 61.00819778442383 280
1756647417103 59.54959487915039 281
1756647417143 61.37855529785156 282
1756647417187 63.65264129638672 283
1756647417232 56.74116134643555 284
1756647417271 56.72309875488281 285
1756647417310 54.57004928588867 286
1756647417350 52.79462432861328 287
1756647417390 63.37165451049805 288
1756647417430 57.234107971191406 289
1756647417470 58.24748611450195 290
1756647417514 62.258514404296875 291
1756647417555 56.448089599609375 292
1756647417598 56.772438049316406 293
1756647417640 61.55319595336914 294
1756647417681 63.422447204589844 295
1756647417723 50.908477783203125 296
1756647417763 59.70243453979492 297
1756647417802 58.724449157714844 298
1756647417842 52.43367004394531 299
1756647425974 98.64618682861328 0
1756647426017 94.32927703857422 1
1756647426057 90.78881072998047 2
1756647426095 84.52062225341797 3
1756647426134 79.58212280273438 4
1756647426174 74.46266174316406 5
1756647426213 68.10508728027344 6
1756647426254 54.118473052978516 7
1756647426297 58.4859733581543 8
1756647426341 59.09322738647461 9
1756647426381 53.00663757324219 10
1756647426420 53.14450454711914 11
1756647426460 50.6654167175293 12
1756647426499 56.43642807006836 13
1756647426538 53.316429138183594 14
1756647426578 49.762203216552734 15
1756647426618 54.696266174316406 16
1756647426658 54.169677734375 17
1756647426697 55.1122932434082 18
1756647426741 45.730464935302734 19
1756647426786 44.682743072509766 20
1756647426828 52.285987854003906 21
1756647426869 44.97476577758789 22
1756647426909 46.78237533569336 23
1756647426949 43.84548568725586 24
1756647426989 51.58323669433594 25
1756647427028 47.72407531738281 26
1756647427069 54.089317321777344 27
1756647427110 47.1779899597168 28
1756647427150 54.281925201416016 29
1756647427191 53.063560485839844 30
1756647427236 50.109561920166016 31
1756647427277 42.23650360107422 32
1756647427317 50.717002868652344 33
1756647427358 52.25198745727539 34
1756647427399 52.65032958984375 35
1756647427439 50.155738830566406 36
1756647427482 49.86300277709961 37
1756647427522 44.61495590209961 38
1756647427563 47.763954162597656 39
1756647427604 51.15544128417969 40
1756647427644 45.753440856933594 41
1756647427685 50.18998718261719 42
1756647427726 45.78958511352539 43
1756647427767 44.3127326965332 44
1756647427807 48.87437438964844 45
1756647427848 56.201175689697266 46
1756647427889 43.519012451171875 47
1756647427929 47.49093246459961 48
1756647427970 51.7645263671875 49
1756647428010 48.54178237915039 50
1756647428051 46.7724494934082 51
1756647428093 49.49312973022461 52
1756647428134 45.904232025146484 53
1756647428175 47.4902229309082 54
1756647428215 49.0120849609375 55
1756647428256 46.87490463256836 56
1756647428297 51.24191665649414 57
1756647428337 49.42205810546875 58
1756647428377 49.535667419433594 59
1756647428418 47.796241760253906 60
1756647428459 49.920658111572266 61
1756647428499 43.82489013671875 62
1756647428539 51.84817123413086 63
1756647428580 49.83479309082031 64
1756647428620 45.121177673339844 65
1756647428661 50.516578674316406 66
1756647428702 60.091941833496094 67
1756647428743 48.948368072509766 68
1756647428784 47.905513763427734 69
1756647428824 46.98127746582031 70
1756647428864 50.94354248046875 71
1756647428904 44.45877456665039 72
1756647428944 44.339168548583984 73
1756647428985 44.41032028198242 74
1756647429025 46.15901184082031 75
1756647429067 47.6774787902832 76
1756647429107 46.102272033691406 77
1756647429147 54.217533111572266 78
1756647429188 45.06191635131836 79
1756647429228 51.786800384521484 80
1756647429269 51.70501708984375 81
1756647429310 44.08455276489258 82
1756647429350 43.65627670288086 83
1756647429391 49.04450988769531 84
1756647429431 53.090755462646484 85
1756647429472 51.900489807128906 86
1756647429512 48.1439323425293 87
1756647429553 41.52656555175781 88
1756647429593 58.27351379394531 89
1756647429633 46.00137710571289 90
1756647429674 44.20811080932617 91
1756647429714 49.297176361083984 92
1756647429754 46.8281364440918 93
1756647429795 48.23833084106445 94
1756647429835 43.45376205444336 95
1756647429876 49.10251235961914 96
1756647429917 48.10432052612305 97
1756647429957 54.2478141784668 98
1756647429998 53.862789154052734 99
1756647430038 49.1209716796875 100
1756647430079 48.608314514160156 101
1756647430119 40.01584243774414 102
1756647430160 55.2463493347168 103
1756647430201 43.168155670166016 104
1756647430241 55.9759635925293 105
1756647430282 42.37757110595703 106
1756647430322 50.801578521728516 107
1756647430363 44.45120620727539 108
1756647430403 52.81517028808594 109
1756647430443 50.03324890136719 110
1756647430483 55.27786636352539 111
1756647430523 50.06843566894531 112
1756647430564 48.203617095947266 113
1756647430604 44.43889236450195 114
1756647430645 42.000953674316406 115
1756647430685 49.8449592590332 116
1756647430726 54.219852447509766 117
1756647430767 46.569156646728516 118
1756647430808 42.59939956665039 119
1756647430848 49.85694885253906 120
1756647430889 49.49372863769531 121
1756647430929 48.120365142822266 122
1756647430969 57.92195129394531 123
1756647431010 40.309730529785156 124
1756647431050 45.626583099365234 125
1756647431090 49.609214782714844 126
1756647431131 50.31492614746094 127
1756647431171 50.12558364868164 128
1756647431212 45.73524475097656 129
1756647431252 46.6821403503418 130
1756647431293 46.39204025268555 131
1756647431333 48.80573654174805 132
1756647431374 56.7630500793457 133
1756647431414 52.042781829833984 134
1756647431455 51.32754135131836 135
1756647431495 46.93012619018555 136
1756647431535 51.72793960571289 137
1756647431575 46.59416198730469 138
1756647431615 51.1572151184082 139
1756647431657 52.1862907409668 140
1756647431702 50.89315414428711 141
1756647431746 46.10735321044922 142
1756647431789 52.02690505981445 143
1756647431831 41.2044677734375 144
1756647431875 51.85002517700195 145
1756647431917 42.471702575683594 146
1756647431959 47.377437591552734 147
1756647432002 51.239566802978516 148
1756647432044 41.3204345703125 149
1756647432086 54.475990295410156 150
1756647432129 48.6746826171875 151
1756647432171 49.87857437133789 152
1756647432214 49.042625427246094 153
1756647432256 55.28285217285156 154
1756647432296 51.27717590332031 155
1756647432335 53.6548957824707 156
1756647432377 51.10337829589844 157
1756647432417 48.54228591918945 158
1756647432458 48.446128845214844 159
1756647432498 41.115970611572266 160
1756647432538 49.81925964355469 161
1756647432578 52.0119514465332 162
1756647432618 44.036102294921875 163
1756647432658 47.050392150878906 164
1756647432699 41.619930267333984 165
1756647432740 45.08399963378906 166
1756647432780 48.216312408447266 167
1756647432821 50.9140625 168
1756647432861 44.08275604248047 169
1756647432902 49.50718688964844 170
1756647432942 45.886009216308594 171
1756647432985 52.863040924072266 172
1756647433026 42.58784484863281 173
1756647433067 49.7472038269043 174
1756647433107 48.56680679321289 175
1756647433148 50.27767562866211 176
1756647433188 45.43280029296875 177
1756647433230 50.20904541015625 178
1756647433270 48.47328186035156 179
1756647433311 46.6590461730957 180
1756647433351 47.90864181518555 181
1756647433392 57.342552185058594 182
1756647433434 51.68718338012695 183
1756647433476 53.10360336303711 184
1756647433517 56.39894104003906 185
1756647433558 43.34849548339844 186
1756647433598 51.8394660949707 187
1756647433639 48.37956619262695 188
1756647433679 52.547119140625 189
1756647433719 52.96792984008789 190
1756647433760 45.91402816772461 191
1756647433800 48.2416877746582 192
1756647433840 51.006080627441406 193
1756647433880 48.293479919433594 194
1756647433921 44.39556121826172 195
1756647433961 50.04366683959961 196
1756647434002 46.94095230102539 197
1756647434042 54.46902847290039 198
1756647434082 44.239688873291016 199
1756647434123 41.381046295166016 200
1756647434163 57.91240310668945 201
1756647434204 41.831565856933594 202
1756647434245 44.36719512939453 203
1756647434285 48.541893005371094 204
1756647434327 46.391456604003906 205
1756647434367 52.138362884521484 206
1756647434407 47.85899353027344 207
1756647434448 46.30983352661133 208
1756647434488 48.02690124511719 209
1756647434528 45.235713958740234 210
1756647434569 45.80665588378906 211
1756647434610 42.561485290527344 212
1756647434650 56.19241714477539 213
1756647434691 48.50924301147461 214
1756647434733 48.932762145996094 215
1756647434776 44.39377212524414 216
1756647434818 46.4964599609375 217
1756647434858 49.125221252441406 218
1756647434899 53.83786392211914 219
1756647434940 47.115047454833984 220
1756647434981 44.55063247680664 221
1756647435022 43.14426040649414 222
1756647435063 49.927635192871094 223
1756647435106 48.786582946777344 224
1756647435148 50.201107025146484 225
1756647435190 49.38702392578125 226
1756647435230 49.490882873535156 227
1756647435276 51.24648666381836 228
1756647435321 38.796878814697266 229
1756647435363 52.173770904541016 230
1756647435407 48.767112731933594 231
1756647435449 44.822044372558594 232
1756647435492 54.341129302978516 233
1756647435534 53.14154052734375 234
1756647435575 49.72244644165039 235
1756647435617 46.6190185546875 236
1756647435659 50.435768127441406 237
1756647435699 43.501129150390625 238
1756647435740 44.860958099365234 239
1756647435781 44.49751281738281 240
1756647435823 51.494140625 241
1756647435864 44.53660583496094 242
1756647435904 47.0999755859375 243
1756647435945 52.5296745300293 244
1756647435986 50.64616394042969 245
1756647436027 41.419857025146484 246
1756647436068 52.828514099121094 247
1756647436109 49.174903869628906 248
1756647436150 48.82911682128906 249
1756647436191 43.83403015136719 250
1756647436234 50.88654708862305 251
1756647436279 52.930274963378906 252
1756647436319 58.42866516113281 253
1756647436360 47.0312614440918 254
1756647436401 56.074241638183594 255
1756647436443 50.37398910522461 256
1756647436485 49.91752624511719 257
1756647436525 44.064208984375 258
1756647436567 52.664005279541016 259
1756647436608 50.36030578613281 260
1756647436649 45.92995834350586 261
1756647436689 48.341552734375 262
1756647436735 45.578857421875 263
1756647436776 44.10572814941406 264
1756647436817 51.817691802978516 265
1756647436858 44.43998718261719 266
1756647436899 45.082061767578125 267
1756647436944 58.676998138427734 268
1756647436985 49.7132453918457 269
1756647437026 46.60623550415039 270
1756647437067 42.87126922607422 271
1756647437107 53.453529357910156 272
1756647437148 43.967586517333984 273
1756647437189 47.97743225097656 274
1756647437231 46.34650802612305 275
1756647437272 51.895851135253906 276
1756647437314 49.66804122924805 277
1756647437355 48.0339469909668 278
1756647437396 47.00860595703125 279
1756647437437 41.34493637084961 280
1756647437478 43.33621597290039 281
1756647437518 53.549049377441406 282
1756647437561 53.87785720825195 283
1756647437602 50.738529205322266 284
1756647437643 41.45060729980469 285
1756647437684 46.087162017822266 286
1756647437728 49.75821304321289 287
1756647437773 57.40827941894531 288
1756647437816 45.827415466308594 289
1756647437857 51.86832046508789 290
1756647437898 54.45561599731445 291
1756647437939 44.89566421508789 292
1756647437979 51.915626525878906 293
1756647438020 50.30997085571289 294
1756647438062 56.4902458190918 295
1756647438104 46.62320327758789 296
1756647438145 38.819950103759766 297
1756647438187 48.48248291015625 298
1756647438228 46.7922477722168 299
1756647446352 98.785888671875 0
1756647446394 94.965087890625 1
1756647446434 89.586669921875 2
1756647446473 84.99198150634766 3
1756647446516 78.57547760009766 4
1756647446555 67.37320709228516 5
1756647446594 65.65425109863281 6
1756647446633 59.432064056396484 7
1756647446678 47.1036491394043 8
1756647446717 49.4541015625 9
1756647446757 47.800804138183594 10
1756647446801 53.951820373535156 11
1756647446843 50.092098236083984 12
1756647446887 48.28858947753906 13
1756647446928 58.99101257324219 14
1756647446967 52.820960998535156 15
1756647447007 44.46900939941406 16
1756647447046 50.58344650268555 17
1756647447085 45.610042572021484 18
1756647447124 51.473636627197266 19
1756647447164 48.3769416809082 20
1756647447204 47.269805908203125 21
1756647447244 38.36922073364258 22
1756647447285 50.571189880371094 23
1756647447325 41.5494384765625 24
1756647447364 52.004398345947266 25
1756647447404 44.9552116394043 26
1756647447444 44.90297317504883 27
1756647447484 41.571372985839844 28
1756647447524 49.57105255126953 29
1756647447563 43.99410629272461 30
1756647447603 52.25469207763672 31
1756647447643 47.717281341552734 32
1756647447683 49.0659065246582 33
1756647447723 45.519203186035156 34
1756647447763 42.9229736328125 35
1756647447802 46.75141525268555 36
1756647447842 49.10758590698242 37
1756647447883 42.31132507324219 38
1756647447928 42.87574768066406 39
1756647447972 39.945289611816406 40
1756647448012 48.22932815551758 41
1756647448052 45.75050354003906 42
1756647448091 46.479339599609375 43
1756647448131 39.52217102050781 44
1756647448171 45.85637283325195 45
1756647448211 46.517337799072266 46
1756647448251 47.14906692504883 47
1756647448292 43.05971145629883 48
1756647448332 50.24236297607422 49
1756647448372 51.41645050048828 50
1756647448412 52.335784912109375 51
1756647448453 44.14935302734375 52
1756647448493 52.62611389160156 53
1756647448533 42.38565444946289 54
1756647448573 44.280357360839844 55
1756647448613 43.674766540527344 56
1756647448653 43.49608612060547 57
1756647448693 50.5203971862793 58
1756647448732 43.656028747558594 59
1756647448773 52.71873474121094 60
1756647448812 47.71442794799805 61
1756647448852 40.59861755371094 62
1756647448892 50.65311050415039 63
1756647448932 48.203948974609375 64
1756647448972 48.5883903503418 65
1756647449012 48.84846878051758 66
1756647449053 54.07844161987305 67
1756647449099 43.5300178527832 68
1756647449144 46.287513732910156 69
1756647449190 49.8973503112793 70
1756647449235 42.410030364990234 71
1756647449281 46.341060638427734 72
1756647449326 45.138267517089844 73
1756647449366 42.881038665771484 74
1756647449406 43.63404083251953 75
1756647449446 40.70166778564453 76
1756647449485 48.78966522216797 77
1756647449525 40.73494338989258 78
1756647449565 47.563262939453125 79
1756647449605 47.4647216796875 80
1756647449645 41.07875442504883 81
1756647449685 42.073265075683594 82
1756647449725 44.74689865112305 83
1756647449765 48.12251281738281 84
1756647449805 47.135765075683594 85
1756647449844 46.30104064941406 86
1756647449884 47.23752975463867 87
1756647449924 45.8482551574707 88
1756647449965 47.21611022949219 89
1756647450011 44.70856857299805 90
1756647450052 42.665199279785156 91
1756647450092 48.13893508911133 92
1756647450132 44.908203125 93
1756647450172 52.155094146728516 94
1756647450212 45.4732551574707 95
1756647450252 48.71156311035156 96
1756647450292 46.05692672729492 97
1756647450332 47.975433349609375 98
1756647450372 51.6640739440918 99
1756647450411 46.428524017333984 100
1756647450451 43.65483856201172 101
1756647450491 44.54460906982422 102
1756647450531 49.2862663269043 103
1756647450571 41.113037109375 104
1756647450610 51.44890213012695 105
1756647450650 48.906009674072266 106
1756647450689 54.8101806640625 107
1756647450729 47.67864990234375 108
1756647450769 44.46982955932617 109
1756647450811 44.95220947265625 110
1756647450851 39.01157760620117 111
1756647450891 42.87543869018555 112
1756647450931 53.683658599853516 113
1756647450971 44.2752571105957 114
1756647451011 43.5594482421875 115
1756647451050 45.79972457885742 116
1756647451090 41.36137771606445 117
1756647451130 50.81865692138672 118
1756647451170 48.63896942138672 119
1756647451210 48.37325668334961 120
1756647451250 49.23345184326172 121
1756647451289 46.339359283447266 122
1756647451329 45.26536560058594 123
1756647451368 50.096012115478516 124
1756647451408 49.275611877441406 125
1756647451447 46.327674865722656 126
1756647451488 47.79054260253906 127
1756647451530 45.399539947509766 128
1756647451570 48.5709342956543 129
1756647451610 44.65345764160156 130
1756647451650 50.38600158691406 131
1756647451690 37.163047790527344 132
1756647451731 49.469200134277344 133
1756647451776 49.25941467285156 134
1756647451818 48.11876678466797 135
1756647451859 44.0052375793457 136
1756647451900 54.116050720214844 137
1756647451940 52.68035125732422 138
1756647451981 46.597755432128906 139
1756647452022 48.07566833496094 140
1756647452062 44.153045654296875 141
1756647452103 44.46294021606445 142
1756647452143 48.11857986450195 143
1756647452184 48.65196990966797 144
1756647452225 46.16946029663086 145
1756647452268 45.403343200683594 146
1756647452310 47.462440490722656 147
1756647452351 41.76612854003906 148
1756647452391 45.584659576416016 149
1756647452431 49.13950729370117 150
1756647452471 48.18776321411133 151
1756647452512 51.48454666137695 152
1756647452555 50.50123977661133 153
1756647452595 44.432552337646484 154
1756647452635 51.70783233642578 155
1756647452674 46.29391860961914 156
1756647452714 48.94915771484375 157
1756647452754 47.722076416015625 158
1756647452794 38.360416412353516 159
1756647452834 44.7293815612793 160
1756647452874 42.74650955200195 161
1756647452913 45.173099517822266 162
1756647452953 43.85981369018555 163
1756647452992 51.008216857910156 164
1756647453037 43.2068977355957 165
1756647453080 49.07010269165039 166
1756647453123 40.573665618896484 167
1756647453167 46.981658935546875 168
1756647453208 46.97566223144531 169
1756647453252 40.2816047668457 170
1756647453294 49.234596252441406 171
1756647453334 46.484962463378906 172
1756647453375 40.793540954589844 173
1756647453415 46.40168380737305 174
1756647453460 46.3885612487793 175
1756647453503 49.36098861694336 176
1756647453547 50.353919982910156 177
1756647453587 43.57945251464844 178
1756647453631 44.43687057495117 179
1756647453672 42.778934478759766 180
1756647453713 43.81422424316406 181
1756647453754 49.72895050048828 182
1756647453794 48.359352111816406 183
1756647453834 53.00480651855469 184
1756647453875 50.71653747558594 185
1756647453915 40.898502349853516 186
1756647453959 45.9471549987793 187
1756647454001 49.91188430786133 188
1756647454041 38.375675201416016 189
1756647454085 53.72093200683594 190
1756647454131 48.54750061035156 191
1756647454173 48.29561233520508 192
1756647454214 39.42766189575195 193
1756647454256 46.05514144897461 194
1756647454300 46.60731887817383 195
1756647454342 40.15105056762695 196
1756647454383 47.52914810180664 197
1756647454423 38.83997344970703 198
1756647454464 45.294734954833984 199
1756647454506 54.24211120605469 200
1756647454546 45.03257751464844 201
1756647454587 53.33314895629883 202
1756647454628 46.999847412109375 203
1756647454669 38.85054016113281 204
1756647454710 44.87217330932617 205
1756647454751 41.93571853637695 206
1756647454793 51.81233596801758 207
1756647454834 50.7339973449707 208
1756647454878 46.98368835449219 209
1756647454923 44.28571701049805 210
1756647454966 41.954322814941406 211
1756647455013 48.539100646972656 212
1756647455057 37.60655975341797 213
1756647455098 38.4698486328125 214
1756647455138 45.835670471191406 215
1756647455179 46.99312973022461 216
1756647455221 44.2264289855957 217
1756647455263 43.47160720825195 218
1756647455305 46.517601013183594 219
1756647455346 40.02787780761719 220
1756647455387 46.52378845214844 221
1756647455429 57.77385330200195 222
1756647455471 48.34831619262695 223
1756647455511 55.893402099609375 224
1756647455552 50.00944137573242 225
1756647455594 45.041568756103516 226
1756647455635 51.95793151855469 227
1756647455677 45.938053131103516 228
1756647455717 40.80012512207031 229
1756647455758 40.533592224121094 230
1756647455799 42.22157669067383 231
1756647455840 46.03932571411133 232
1756647455881 44.36576843261719 233
1756647455922 44.80247116088867 234
1756647455962 45.73822021484375 235
1756647456002 40.01586151123047 236
1756647456045 52.47434616088867 237
1756647456086 46.539764404296875 238
1756647456126 51.0665283203125 239
1756647456167 44.371829986572266 240
1756647456208 43.088375091552734 241
1756647456249 44.364646911621094 242
1756647456289 44.51310729980469 243
1756647456330 54.950958251953125 244
1756647456371 45.47108840942383 245
1756647456413 45.83404541015625 246
1756647456454 39.9813117980957 247
1756647456495 44.179039001464844 248
1756647456536 49.08723831176758 249
1756647456578 54.07915496826172 250
1756647456619 42.39670181274414 251
1756647456661 45.44278335571289 252
1756647456702 47.610260009765625 253
1756647456743 47.2493896484375 254
1756647456784 45.3629035949707 255
1756647456826 37.725372314453125 256
1756647456866 44.12883758544922 257
1756647456907 52.88222122192383 258
1756647456950 48.02926254272461 259
1756647456991 46.71308898925781 260
1756647457033 51.03468322753906 261
1756647457074 44.647037506103516 262
1756647457116 42.95549011230469 263
1756647457157 48.2838249206543 264
1756647457198 49.07966232299805 265
1756647457240 50.95342254638672 266
1756647457282 51.70637130737305 267
1756647457323 48.37432098388672 268
1756647457365 46.57780075073242 269
1756647457406 51.11955261230469 270
1756647457447 47.17280197143555 271
1756647457489 39.54814529418945 272
1756647457530 46.776405334472656 273
1756647457571 43.71484375 274
1756647457619 53.960575103759766 275
1756647457661 48.651283264160156 276
1756647457702 40.901309967041016 277
1756647457744 49.4354248046875 278
1756647457785 56.7606315612793 279
1756647457827 45.05122375488281 280
1756647457868 50.972381591796875 281
1756647457910 49.320980072021484 282
1756647457952 42.62006378173828 283
1756647457994 44.202857971191406 284
1756647458036 42.313392639160156 285
1756647458077 49.394866943359375 286
1756647458119 52.124183654785156 287
1756647458161 48.9964485168457 288
1756647458203 42.21827697753906 289
1756647458245 40.52511215209961 290
1756647458288 42.374908447265625 291
1756647458330 40.1964225769043 292
1756647458376 45.746421813964844 293
1756647458420 42.956634521484375 294
1756647458462 41.69135665893555 295
1756647458504 43.98040771484375 296
1756647458545 52.41183090209961 297
1756647458586 40.21698760986328 298
1756647458628 53.073219299316406 299
1756647466833 99.4276351928711 0
1756647466896 96.11646270751953 1
1756647466954 92.51889038085938 2
1756647467013 85.14373779296875 3
1756647467073 78.98236846923828 4
1756647467135 71.92027282714844 5
1756647467194 56.0002555847168 6
1756647467253 60.500572204589844 7
1756647467313 57.44071960449219 8
1756647467372 64.15596008300781 9
1756647467431 62.883358001708984 10
1756647467491 54.57546615600586 11
1756647467549 60.799415588378906 12
1756647467612 57.84091567993164 13
1756647467672 60.72105407714844 14
1756647467732 55.878475189208984 15
1756647467791 54.133602142333984 16
1756647467850 53.888057708740234 17
1756647467909 57.46963119506836 18
1756647467968 55.9401741027832 19
1756647468026 53.534236907958984 20
1756647468085 53.827476501464844 21
1756647468144 55.132423400878906 22
1756647468203 55.541866302490234 23
1756647468264 62.40266418457031 24
1756647468326 55.760520935058594 25
1756647468384 53.134830474853516 26
1756647468443 55.552223205566406 27
1756647468505 56.6933708190918 28
1756647468568 59.30076599121094 29
1756647468627 47.60148620605469 30
1756647468685 61.38396072387695 31
1756647468744 60.851680755615234 32
1756647468803 49.3661994934082 33
1756647468863 57.825138092041016 34
1756647468922 53.996803283691406 35
1756647468981 57.87116622924805 36
1756647469040 56.69657897949219 37
1756647469100 66.27589416503906 38
1756647469160 54.195838928222656 39
1756647469220 49.7381706237793 40
1756647469281 52.411842346191406 41
1756647469342 55.360408782958984 42
1756647469402 61.369266510009766 43
1756647469463 59.988468170166016 44
1756647469523 56.367835998535156 45
1756647469584 56.29115295410156 46
1756647469644 48.95039367675781 47
1756647469704 56.444374084472656 48
1756647469765 53.98408508300781 49
1756647469829 47.8095588684082 50
1756647469889 51.84831619262695 51
1756647469950 63.020938873291016 52
1756647470010 57.4166259765625 53
1756647470070 57.361839294433594 54
1756647470128 56.865821838378906 55
1756647470187 56.53634262084961 56
1756647470247 49.400699615478516 57
1756647470306 59.782554626464844 58
1756647470366 57.628578186035156 59
1756647470426 62.74653625488281 60
1756647470486 59.101200103759766 61
1756647470546 55.24100112915039 62
1756647470606 57.609375 63
1756647470665 55.755088806152344 64
1756647470725 54.04658508300781 65
1756647470785 58.023807525634766 66
1756647470845 63.42619705200195 67
1756647470905 55.067726135253906 68
1756647470965 59.88691711425781 69
1756647471025 56.57710266113281 70
1756647471085 52.3000373840332 71
1756647471144 57.76907730102539 72
1756647471204 58.8880729675293 73
1756647471263 59.6223258972168 74
1756647471323 55.3804931640625 75
1756647471382 59.121036529541016 76
1756647471441 55.7789192199707 77
1756647471500 60.35777282714844 78
1756647471558 60.61430740356445 79
1756647471617 54.43310546875 80
1756647471676 59.71744155883789 81
1756647471735 57.20127868652344 82
1756647471795 59.38862609863281 83
1756647471855 59.4886589050293 84
1756647471921 49.567771911621094 85
1756647471981 54.63654708862305 86
1756647472041 61.50497817993164 87
1756647472100 52.03702163696289 88
1756647472159 57.570377349853516 89
1756647472217 57.803062438964844 90
1756647472277 55.88309097290039 91
1756647472337 56.29374694824219 92
1756647472395 57.611083984375 93
1756647472456 54.34708023071289 94
1756647472515 55.921653747558594 95
1756647472574 56.874755859375 96
1756647472634 56.244773864746094 97
1756647472694 55.40007400512695 98
1756647472753 53.229549407958984 99
1756647472812 58.1337890625 100
1756647472871 57.740657806396484 101
1756647472931 56.16000747680664 102
1756647472990 56.361873626708984 103
1756647473049 49.554378509521484 104
1756647473108 45.700645446777344 105
1756647473167 54.52880859375 106
1756647473227 51.34774398803711 107
1756647473286 57.511905670166016 108
1756647473345 55.6464958190918 109
1756647473404 64.25938415527344 110
1756647473464 53.060970306396484 111
1756647473523 58.30489730834961 112
1756647473582 56.19656753540039 113
1756647473641 52.739749908447266 114
1756647473700 60.894466400146484 115
1756647473760 63.706077575683594 116
1756647473818 48.78144454956055 117
1756647473877 53.966224670410156 118
1756647473936 59.578670501708984 119
1756647473995 57.86362075805664 120
1756647474055 60.729759216308594 121
1756647474114 55.75239562988281 122
1756647474174 58.454898834228516 123
1756647474233 50.895179748535156 124
1756647474292 58.002586364746094 125
1756647474351 59.56649398803711 126
1756647474410 56.435245513916016 127
1756647474469 59.049983978271484 128
1756647474528 54.812400817871094 129
1756647474587 52.0050163269043 130
1756647474645 49.878639221191406 131
1756647474704 46.9050407409668 132
1756647474764 48.753170013427734 133
1756647474826 63.6917839050293 134
1756647474885 60.3900260925293 135
1756647474944 62.9372444152832 136
1756647475003 59.4228401184082 137
1756647475063 49.077754974365234 138
1756647475122 55.7080192565918 139
1756647475181 53.59245300292969 140
1756647475240 55.4771614074707 141
1756647475299 58.921791076660156 142
1756647475358 51.21665954589844 143
1756647475417 56.59906005859375 144
1756647475476 55.688846588134766 145
1756647475535 57.7194938659668 146
1756647475593 50.489437103271484 147
1756647475652 54.42562484741211 148
1756647475711 54.7684211730957 149
1756647475771 57.343563079833984 150
1756647475830 58.099365234375 151
1756647475889 58.42178726196289 152
1756647475947 50.40616226196289 153
1756647476006 62.443729400634766 154
1756647476065 52.78339767456055 155
1756647476124 57.5828971862793 156
1756647476183 50.54593276977539 157
1756647476242 58.491031646728516 158
1756647476301 54.60871887207031 159
1756647476360 53.287864685058594 160
1756647476419 52.52085876464844 161
1756647476478 63.25216293334961 162
1756647476536 55.348716735839844 163
1756647476595 55.016502380371094 164
1756647476656 59.805843353271484 165
1756647476715 55.922298431396484 166
1756647476775 63.578311920166016 167
1756647476834 56.91671371459961 168
1756647476894 58.305850982666016 169
1756647476953 58.91444396972656 170
1756647477011 49.0292854309082 171
1756647477070 60.198448181152344 172
1756647477130 56.72329330444336 173
1756647477189 58.507320404052734 174
1756647477249 58.197383880615234 175
1756647477309 48.877113342285156 176
1756647477368 56.1971435546875 177
1756647477427 56.7816276550293 178
1756647477487 53.997886657714844 179
1756647477546 57.079124450683594 180
1756647477606 58.38114929199219 181
1756647477665 54.015541076660156 182
1756647477725 49.986820220947266 183
1756647477785 55.417945861816406 184
1756647477845 55.271766662597656 185
1756647477905 46.48478698730469 186
1756647477965 57.1551628112793 187
1756647478024 58.559261322021484 188
1756647478084 57.113094329833984 189
1756647478144 58.334716796875 190
1756647478203 49.381309509277344 191
1756647478263 57.48719787597656 192
1756647478322 55.933895111083984 193
1756647478382 60.7215576171875 194
1756647478441 59.83193588256836 195
1756647478500 57.572509765625 196
1756647478560 59.7284049987793 197
1756647478619 55.8392219543457 198
1756647478679 54.96347427368164 199
1756647478739 53.57400894165039 200
1756647478799 55.386898040771484 201
1756647478859 57.387630462646484 202
1756647478919 57.755897521972656 203
1756647478978 51.60232925415039 204
1756647479038 54.491477966308594 205
1756647479097 51.3648567199707 206
1756647479157 50.32352066040039 207
1756647479216 54.808284759521484 208
1756647479277 51.368186950683594 209
1756647479337 63.0940055847168 210
1756647479397 55.456626892089844 211
1756647479456 53.576602935791016 212
1756647479517 59.84603500366211 213
1756647479576 55.69657897949219 214
1756647479635 57.024654388427734 215
1756647479694 57.90376281738281 216
1756647479754 58.83574295043945 217
1756647479813 58.50253677368164 218
1756647479873 49.25711441040039 219
1756647479933 53.64306640625 220
1756647479992 52.78050231933594 221
1756647480052 55.82233810424805 222
1756647480112 57.0240478515625 223
1756647480172 49.9637451171875 224
1756647480231 62.399227142333984 225
1756647480291 53.1050910949707 226
1756647480350 54.661319732666016 227
1756647480409 57.64052963256836 228
1756647480468 66.13416290283203 229
1756647480527 54.57217025756836 230
1756647480587 52.0081787109375 231
1756647480646 58.5242919921875 232
1756647480705 49.01416015625 233
1756647480765 51.925052642822266 234
1756647480824 56.345027923583984 235
1756647480883 56.91166687011719 236
1756647480942 55.4644775390625 237
1756647481002 54.227760314941406 238
1756647481060 58.120113372802734 239
1756647481120 52.262123107910156 240
1756647481180 61.114192962646484 241
1756647481239 55.40676498413086 242
1756647481298 62.0097541809082 243
1756647481357 56.474510192871094 244
1756647481416 55.08845520019531 245
1756647481476 54.0566291809082 246
1756647481535 57.67436218261719 247
1756647481594 52.2828254699707 248
1756647481654 46.95608901977539 249
1756647481713 60.43012619018555 250
1756647481773 51.956851959228516 251
1756647481832 54.1958122253418 252
1756647481891 58.58882141113281 253
1756647481951 59.636009216308594 254
1756647482010 59.12668228149414 255
1756647482069 53.69998550415039 256
1756647482128 58.58894348144531 257
1756647482187 62.445247650146484 258
1756647482246 56.756752014160156 259
1756647482306 62.07579040527344 260
1756647482365 54.52120590209961 261
1756647482424 60.93881607055664 262
1756647482483 55.003353118896484 263
1756647482542 50.25669860839844 264
1756647482601 53.832881927490234 265
1756647482660 49.05744934082031 266
1756647482720 53.58110046386719 267
1756647482779 52.34017562866211 268
1756647482837 62.636783599853516 269
1756647482897 57.208885192871094 270
1756647482956 56.01693344116211 271
1756647483015 51.74773025512695 272
1756647483076 51.640296936035156 273
1756647483135 52.26522445678711 274
1756647483199 60.7800178527832 275
1756647483259 59.6248893737793 276
1756647483320 57.36500549316406 277
1756647483379 57.88051986694336 278
1756647483438 52.9294548034668 279
1756647483498 56.77961349487305 280
1756647483558 54.63497543334961 281
1756647483617 61.2796745300293 282
1756647483676 57.86149597167969 283
1756647483735 52.4942512512207 284
1756647483796 54.979854583740234 285
1756647483855 58.379722595214844 286
1756647483915 58.7569694519043 287
1756647483976 54.54542541503906 288
1756647484035 49.055702209472656 289
1756647484094 50.633140563964844 290
1756647484154 53.31075668334961 291
1756647484214 58.902164459228516 292
1756647484274 56.435359954833984 293
1756647484334 63.4682502746582 294
1756647484393 55.993473052978516 295
1756647484453 54.60869216918945 296
1756647484512 56.4365234375 297
1756647484572 50.98947525024414 298
1756647484631 53.908382415771484 299
1756647492802 99.95066833496094 0
1756647492860 98.94590759277344 1
1756647492918 97.1121597290039 2
1756647492977 95.61824035644531 3
1756647493035 92.9051284790039 4
1756647493095 88.34330749511719 5
1756647493153 84.43690490722656 6
1756647493212 80.8376235961914 7
1756647493270 74.4693603515625 8
1756647493329 71.18787384033203 9
1756647493387 66.00297546386719 10
1756647493446 61.646156311035156 11
1756647493504 64.75879669189453 12
1756647493562 63.53776931762695 13
1756647493621 68.5288314819336 14
1756647493685 62.83891677856445 15
1756647493744 52.845394134521484 16
1756647493807 56.327415466308594 17
1756647493865 64.13882446289062 18
1756647493925 63.92277526855469 19
1756647493983 59.447975158691406 20
1756647494042 67.75457763671875 21
1756647494100 62.474998474121094 22
1756647494159 61.204750061035156 23
1756647494217 61.50823974609375 24
1756647494279 57.009849548339844 25
1756647494337 63.781341552734375 26
1756647494396 66.11410522460938 27
1756647494455 53.102352142333984 28
1756647494516 59.651588439941406 29
1756647494575 57.40308380126953 30
1756647494634 61.22626495361328 31
1756647494693 57.89375686645508 32
1756647494753 49.958885192871094 33
1756647494813 56.606693267822266 34
1756647494872 55.486995697021484 35
1756647494931 59.307640075683594 36
1756647494990 58.22422409057617 37
1756647495048 59.84854507446289 38
1756647495107 51.93405532836914 39
1756647495165 52.09238815307617 40
1756647495224 60.54475784301758 41
1756647495282 51.77083206176758 42
1756647495341 51.737369537353516 43
1756647495400 53.52263259887695 44
1756647495459 59.19977951049805 45
1756647495519 60.34322738647461 46
1756647495577 49.80292510986328 47
1756647495635 49.51054382324219 48
1756647495694 62.395599365234375 49
1756647495752 58.54433059692383 50
1756647495811 59.23976135253906 51
1756647495871 59.60419464111328 52
1756647495930 50.34305953979492 53
1756647495988 59.856449127197266 54
1756647496047 64.75535583496094 55
1756647496106 52.98967361450195 56
1756647496165 60.28909683227539 57
1756647496229 67.13569641113281 58
1756647496289 62.3116340637207 59
1756647496347 57.7265510559082 60
1756647496406 49.13422775268555 61
1756647496465 57.66372299194336 62
1756647496524 63.78217315673828 63
1756647496583 57.85430145263672 64
1756647496641 52.93558120727539 65
1756647496700 58.561302185058594 66
1756647496759 64.4861831665039 67
1756647496820 65.83444213867188 68
1756647496879 55.890804290771484 69
1756647496940 51.951019287109375 70
1756647496999 59.93503189086914 71
1756647497058 54.40499496459961 72
1756647497117 66.74054718017578 73
1756647497176 57.48693084716797 74
1756647497235 57.82145309448242 75
1756647497297 52.82505798339844 76
1756647497356 52.9503288269043 77
1756647497415 65.6883544921875 78
1756647497475 55.47251510620117 79
1756647497534 55.443782806396484 80
1756647497593 48.4150390625 81
1756647497652 54.247047424316406 82
1756647497712 54.24026870727539 83
1756647497772 54.818546295166016 84
1756647497832 55.68056106567383 85
1756647497891 58.11021041870117 86
1756647497951 61.43980407714844 87
1756647498011 57.58627700805664 88
1756647498070 54.92774963378906 89
1756647498130 56.554534912109375 90
1756647498189 59.3344841003418 91
1756647498249 55.69935607910156 92
1756647498309 61.782928466796875 93
1756647498368 57.871665954589844 94
1756647498428 54.469234466552734 95
1756647498487 58.80006790161133 96
1756647498548 54.55587387084961 97
1756647498607 59.98221969604492 98
1756647498666 54.81671905517578 99
1756647498725 53.707252502441406 100
1756647498785 65.77734375 101
1756647498845 63.973785400390625 102
1756647498904 63.58354568481445 103
1756647498963 61.451412200927734 104
1756647499022 55.294986724853516 105
1756647499082 66.41413116455078 106
1756647499142 65.34064483642578 107
1756647499202 59.87457275390625 108
1756647499261 64.5382308959961 109
1756647499322 61.44780349731445 110
1756647499381 49.153724670410156 111
1756647499441 58.67271041870117 112
1756647499501 59.40007400512695 113
1756647499561 55.14013671875 114
1756647499624 52.42996597290039 115
1756647499685 59.92598342895508 116
1756647499744 59.42117691040039 117
1756647499805 60.48587417602539 118
1756647499865 57.251285552978516 119
1756647499924 64.7616958618164 120
1756647499984 59.73781967163086 121
1756647500044 54.7713737487793 122
1756647500103 54.718223571777344 123
1756647500162 51.253021240234375 124
1756647500221 59.732810974121094 125
1756647500280 56.37554931640625 126
1756647500340 61.44454574584961 127
1756647500398 59.57254409790039 128
1756647500457 58.008872985839844 129
1756647500517 59.82735061645508 130
1756647500577 58.61314392089844 131
1756647500635 53.926979064941406 132
1756647500695 57.617034912109375 133
1756647500754 57.34446334838867 134
1756647500814 64.20780181884766 135
1756647500873 61.1065673828125 136
1756647500934 50.9022102355957 137
1756647500993 58.339447021484375 138
1756647501052 49.08444595336914 139
1756647501111 60.472354888916016 140
1756647501170 53.54650115966797 141
1756647501230 56.974308013916016 142
1756647501290 48.80144119262695 143
1756647501349 55.380123138427734 144
1756647501409 68.12793731689453 145
1756647501468 64.6113052368164 146
1756647501528 64.21493530273438 147
1756647501589 47.58244323730469 148
1756647501649 53.38762283325195 149
1756647501708 57.61362075805664 150
1756647501768 55.60639953613281 151
1756647501828 56.87165832519531 152
1756647501888 59.201194763183594 153
1756647501948 62.81224822998047 154
1756647502007 60.114906311035156 155
1756647502067 54.47113037109375 156
1756647502126 51.53086471557617 157
1756647502185 58.468021392822266 158
1756647502247 55.99925231933594 159
1756647502307 60.7606201171875 160
1756647502371 51.378326416015625 161
1756647502430 62.34769058227539 162
1756647502490 61.51039505004883 163
1756647502550 47.95652770996094 164
1756647502613 59.020931243896484 165
1756647502673 50.935096740722656 166
1756647502732 67.82249450683594 167
1756647502792 59.28434371948242 168
1756647502852 61.33674240112305 169
1756647502912 55.31645202636719 170
1756647502972 61.79802322387695 171
1756647503033 51.61195373535156 172
1756647503092 65.39551544189453 173
1756647503152 52.88695526123047 174
1756647503212 61.566993713378906 175
1756647503272 58.16114807128906 176
1756647503332 65.52212524414062 177
1756647503392 52.41403579711914 178
1756647503451 59.68764114379883 179
1756647503511 58.28050994873047 180
1756647503570 57.29597473144531 181
1756647503631 59.184017181396484 182
1756647503691 56.457557678222656 183
1756647503752 61.416236877441406 184
1756647503820 56.445396423339844 185
1756647503882 62.429134368896484 186
1756647503942 51.92457580566406 187
1756647504001 55.72049331665039 188
1756647504061 58.07347869873047 189
1756647504120 56.7254638671875 190
1756647504180 64.31587219238281 191
1756647504240 59.776302337646484 192
1756647504302 63.470054626464844 193
1756647504362 62.764427185058594 194
1756647504422 54.471099853515625 195
1756647504483 53.627620697021484 196
1756647504543 50.832523345947266 197
1756647504604 52.80305099487305 198
1756647504663 52.856407165527344 199
1756647504723 58.813655853271484 200
1756647504784 55.446250915527344 201
1756647504845 66.57471466064453 202
1756647504904 60.406227111816406 203
1756647504964 57.82810974121094 204
1756647505025 56.303443908691406 205
1756647505085 56.445526123046875 206
1756647505146 57.355743408203125 207
1756647505206 58.62129211425781 208
1756647505265 57.58429718017578 209
1756647505327 58.828365325927734 210
1756647505386 57.184669494628906 211
1756647505446 59.277095794677734 212
1756647505507 57.0818977355957 213
1756647505566 55.23554992675781 214
1756647505627 67.41644287109375 215
1756647505686 57.992713928222656 216
1756647505746 60.65312957763672 217
1756647505807 57.83677291870117 218
1756647505867 53.41288757324219 219
1756647505927 57.71929931640625 220
1756647505987 55.732643127441406 221
1756647506047 60.38313674926758 222
1756647506108 55.163394927978516 223
1756647506168 60.45861053466797 224
1756647506229 62.09133529663086 225
1756647506289 57.6064338684082 226
1756647506350 61.2060661315918 227
1756647506410 61.64556121826172 228
1756647506470 64.14490509033203 229
1756647506530 54.71598434448242 230
1756647506590 52.016300201416016 231
1756647506651 60.643367767333984 232
1756647506711 59.7940673828125 233
1756647506771 62.708274841308594 234
1756647506833 54.47428512573242 235
1756647506893 58.84593963623047 236
1756647506953 60.33921813964844 237
1756647507013 52.976646423339844 238
1756647507073 62.00792694091797 239
1756647507134 61.82410430908203 240
1756647507195 58.07267761230469 241
1756647507257 64.82383728027344 242
1756647507317 58.607505798339844 243
1756647507378 58.62860870361328 244
1756647507438 52.46489715576172 245
1756647507498 61.9996452331543 246
1756647507557 53.548553466796875 247
1756647507617 48.812408447265625 248
1756647507678 55.433441162109375 249
1756647507739 55.52059555053711 250
1756647507799 56.281227111816406 251
1756647507859 59.88247299194336 252
1756647507923 58.0467529296875 253
1756647507983 57.27794647216797 254
1756647508043 58.245853424072266 255
1756647508105 57.184383392333984 256
1756647508166 56.62230682373047 257
1756647508226 61.710201263427734 258
1756647508286 52.01341247558594 259
1756647508347 65.91026306152344 260
1756647508407 62.74014663696289 261
1756647508468 60.053688049316406 262
1756647508529 58.96922302246094 263
1756647508590 55.69841384887695 264
1756647508650 57.47015380859375 265
1756647508710 53.091434478759766 266
1756647508772 59.3739013671875 267
1756647508834 54.65639877319336 268
1756647508894 56.416378021240234 269
1756647508954 57.370418548583984 270
1756647509014 53.317909240722656 271
1756647509075 62.98483657836914 272
1756647509136 54.2265625 273
1756647509200 59.994876861572266 274
1756647509260 55.482757568359375 275
1756647509323 52.40184020996094 276
1756647509385 62.103729248046875 277
1756647509446 60.42539596557617 278
1756647509514 56.34711456298828 279
1756647509575 60.37813949584961 280
1756647509636 61.160491943359375 281
1756647509698 55.12113952636719 282
1756647509758 57.916404724121094 283
1756647509820 51.69343566894531 284
1756647509880 66.5439453125 285
1756647509941 62.85576629638672 286
1756647510002 60.499027252197266 287
1756647510063 58.94355773925781 288
1756647510124 54.93971633911133 289
1756647510185 54.99736785888672 290
1756647510252 61.430416107177734 291
1756647510314 55.40651321411133 292
1756647510375 63.74540328979492 293
1756647510436 63.60447692871094 294
1756647510497 63.89619827270508 295
1756647510559 63.26927947998047 296
1756647510621 59.63446807861328 297
1756647510682 51.89802169799805 298
1756647510744 65.96866607666016 299
1756647518906 99.70690155029297 0
1756647518967 97.55835723876953 1
1756647519030 96.1765365600586 2
1756647519094 92.14246368408203 3
1756647519158 86.11600494384766 4
1756647519219 82.31338500976562 5
1756647519279 73.08667755126953 6
1756647519340 67.2322006225586 7
1756647519400 62.52005386352539 8
1756647519460 59.86502456665039 9
1756647519520 57.32223129272461 10
1756647519579 63.631107330322266 11
1756647519640 65.25717163085938 12
1756647519700 58.926876068115234 13
1756647519761 60.96743392944336 14
1756647519829 46.12417221069336 15
1756647519894 49.5238151550293 16
1756647519955 56.23274230957031 17
1756647520015 48.11662673950195 18
1756647520076 39.05350112915039 19
1756647520137 56.68064880371094 20
1756647520197 59.682838439941406 21
1756647520258 51.20156478881836 22
1756647520319 50.417423248291016 23
1756647520381 52.74494934082031 24
1756647520442 55.3258171081543 25
1756647520502 54.361183166503906 26
1756647520563 57.4149284362793 27
1756647520623 47.27373123168945 28
1756647520683 50.5260009765625 29
1756647520745 54.700584411621094 30
1756647520806 52.946128845214844 31
1756647520866 52.59747314453125 32
1756647520926 57.33478927612305 33
1756647520989 52.855934143066406 34
1756647521050 55.99528503417969 35
1756647521111 47.65673828125 36
1756647521171 53.19596862792969 37
1756647521231 49.23234558105469 38
1756647521291 52.4665641784668 39
1756647521352 48.25020980834961 40
1756647521413 48.02495193481445 41
1756647521473 61.49543762207031 42
1756647521533 50.5024528503418 43
1756647521595 53.2103271484375 44
1756647521656 58.41146469116211 45
1756647521716 52.71156311035156 46
1756647521777 61.57613754272461 47
1756647521838 40.9683723449707 48
1756647521898 51.61081314086914 49
1756647521958 57.738975524902344 50
1756647522019 62.917606353759766 51
1756647522079 53.22723388671875 52
1756647522139 55.92349624633789 53
1756647522199 59.40459060668945 54
1756647522260 51.52497863769531 55
1756647522322 55.875389099121094 56
1756647522383 49.386985778808594 57
1756647522442 49.419517517089844 58
1756647522502 49.06396484375 59
1756647522563 53.49557113647461 60
1756647522623 49.975521087646484 61
1756647522683 52.743873596191406 62
1756647522744 54.208675384521484 63
1756647522806 48.784244537353516 64
1756647522867 51.91781997680664 65
1756647522927 54.604835510253906 66
1756647522987 49.90620422363281 67
1756647523046 51.722633361816406 68
1756647523106 53.737125396728516 69
1756647523166 54.00522232055664 70
1756647523226 47.3730583190918 71
1756647523286 57.4561767578125 72
1756647523348 51.94386291503906 73
1756647523408 56.09269714355469 74
1756647523468 52.33680725097656 75
1756647523528 53.5877799987793 76
1756647523588 50.27070617675781 77
1756647523648 46.679954528808594 78
1756647523709 50.585182189941406 79
1756647523769 48.29695129394531 80
1756647523830 56.0697021484375 81
1756647523890 57.091819763183594 82
1756647523950 51.433048248291016 83
1756647524009 52.26211929321289 84
1756647524069 51.46914291381836 85
1756647524129 52.72787094116211 86
1756647524189 47.051143646240234 87
1756647524249 57.45614242553711 88
1756647524311 54.664039611816406 89
1756647524371 47.99211502075195 90
1756647524431 54.124549865722656 91
1756647524491 51.656982421875 92
1756647524551 49.665672302246094 93
1756647524612 44.067996978759766 94
1756647524671 52.84283447265625 95
1756647524733 61.06097412109375 96
1756647524795 52.303653717041016 97
1756647524856 51.4890022277832 98
1756647524917 51.4904670715332 99
1756647524977 54.3105354309082 100
1756647525037 53.60652160644531 101
1756647525098 52.7761344909668 102
1756647525158 58.9344367980957 103
1756647525219 57.781917572021484 104
1756647525279 62.507362365722656 105
1756647525340 45.456905364990234 106
1756647525401 54.1829719543457 107
1756647525462 46.373939514160156 108
1756647525523 48.15853500366211 109
1756647525583 51.17912673950195 110
1756647525643 49.2082405090332 111
1756647525704 50.9304084777832 112
1756647525765 53.586910247802734 113
1756647525826 54.812686920166016 114
1756647525886 48.92449951171875 115
1756647525947 49.53318786621094 116
1756647526012 57.1773796081543 117
1756647526072 53.168212890625 118
1756647526132 50.8617057800293 119
1756647526192 52.10272216796875 120
1756647526253 53.8385124206543 121
1756647526318 48.50358963012695 122
1756647526382 57.7299919128418 123
1756647526443 50.979286193847656 124
1756647526503 45.822208404541016 125
1756647526563 49.553897857666016 126
1756647526623 48.91160583496094 127
1756647526683 55.896484375 128
1756647526744 51.12360763549805 129
1756647526804 61.2647819519043 130
1756647526865 53.050270080566406 131
1756647526925 54.90090560913086 132
1756647526986 51.32734298706055 133
1756647527046 50.8143310546875 134
1756647527107 53.651851654052734 135
1756647527167 53.503116607666016 136
1756647527227 53.846763610839844 137
1756647527288 43.80380630493164 138
1756647527351 51.70724105834961 139
1756647527411 51.2761116027832 140
1756647527470 49.27340316772461 141
1756647527530 49.67549133300781 142
1756647527591 57.42136001586914 143
1756647527651 51.91015625 144
1756647527711 53.84565734863281 145
1756647527770 50.08684158325195 146
1756647527832 54.85116958618164 147
1756647527893 55.10798645019531 148
1756647527953 51.382747650146484 149
1756647528013 56.593650817871094 150
1756647528073 58.367313385009766 151
1756647528134 50.13322830200195 152
1756647528194 59.00960922241211 153
1756647528255 50.997745513916016 154
1756647528317 45.63125991821289 155
1756647528377 51.44328308105469 156
1756647528437 53.80029296875 157
1756647528498 47.41386795043945 158
1756647528558 54.155826568603516 159
1756647528619 45.955787658691406 160
1756647528680 50.55984115600586 161
1756647528741 53.58251953125 162
1756647528803 47.657222747802734 163
1756647528865 52.38486099243164 164
1756647528926 55.6883430480957 165
1756647528986 52.975955963134766 166
1756647529046 59.808895111083984 167
1756647529107 51.352298736572266 168
1756647529167 54.15677261352539 169
1756647529228 54.10238265991211 170
1756647529287 54.78570556640625 171
1756647529350 46.72431945800781 172
1756647529411 54.17277908325195 173
1756647529474 48.842796325683594 174
1756647529535 53.05989074707031 175
1756647529595 50.623355865478516 176
1756647529656 50.68983459472656 177
1756647529717 57.207889556884766 178
1756647529778 55.198219299316406 179
1756647529841 48.97702407836914 180
1756647529902 49.90959548950195 181
1756647529963 53.333797454833984 182
1756647530024 48.40989685058594 183
1756647530085 52.94386291503906 184
1756647530146 53.10200500488281 185
1756647530207 60.84665298461914 186
1756647530267 53.43136215209961 187
1756647530331 52.74296951293945 188
1756647530392 53.512760162353516 189
1756647530453 56.249568939208984 190
1756647530514 49.692543029785156 191
1756647530575 54.2535285949707 192
1756647530636 52.75733947753906 193
1756647530697 49.449832916259766 194
1756647530758 46.890846252441406 195
1756647530823 54.611305236816406 196
1756647530884 51.11457824707031 197
1756647530947 51.9661979675293 198
1756647531008 49.60629653930664 199
1756647531069 48.53474044799805 200
1756647531131 48.13422775268555 201
1756647531192 46.694698333740234 202
1756647531252 48.291927337646484 203
1756647531313 62.12186050415039 204
1756647531374 54.923851013183594 205
1756647531436 53.9041748046875 206
1756647531497 50.78776931762695 207
1756647531558 59.76144790649414 208
1756647531619 51.703678131103516 209
1756647531680 53.39297103881836 210
1756647531741 57.74374771118164 211
1756647531802 48.9395637512207 212
1756647531864 51.459922790527344 213
1756647531925 47.57780456542969 214
1756647531986 53.479557037353516 215
1756647532048 49.08675765991211 216
1756647532109 48.75619125366211 217
1756647532170 54.096214294433594 218
1756647532231 59.05203628540039 219
1756647532291 52.46478271484375 220
1756647532360 54.62928771972656 221
1756647532421 46.960086822509766 222
1756647532482 59.551246643066406 223
1756647532544 52.78239822387695 224
1756647532605 53.35848617553711 225
1756647532666 52.13614273071289 226
1756647532727 50.3552360534668 227
1756647532789 55.263710021972656 228
1756647532850 55.109642028808594 229
1756647532911 51.75105285644531 230
1756647532972 51.07196044921875 231
1756647533033 56.255271911621094 232
1756647533094 50.53077697753906 233
1756647533156 51.110843658447266 234
1756647533217 50.14057540893555 235
1756647533279 57.14720153808594 236
1756647533344 59.656063079833984 237
1756647533406 55.154239654541016 238
1756647533467 47.358951568603516 239
1756647533528 48.04634094238281 240
1756647533590 54.62091064453125 241
1756647533651 51.52214050292969 242
1756647533713 47.98677062988281 243
1756647533773 54.06437683105469 244
1756647533835 47.87917709350586 245
1756647533896 53.477970123291016 246
1756647533958 46.35525131225586 247
1756647534019 57.95987319946289 248
1756647534081 47.80841064453125 249
1756647534142 58.390625 250
1756647534203 47.28152847290039 251
1756647534265 55.736534118652344 252
1756647534326 50.658409118652344 253
1756647534388 52.721988677978516 254
1756647534450 52.557559967041016 255
1756647534510 53.593360900878906 256
1756647534572 55.65693664550781 257
1756647534633 49.33187484741211 258
1756647534695 51.978214263916016 259
1756647534757 53.777854919433594 260
1756647534819 57.72701644897461 261
1756647534880 47.131614685058594 262
1756647534942 56.96940612792969 263
1756647535003 54.7890625 264
1756647535065 50.45036697387695 265
1756647535125 51.109745025634766 266
1756647535187 54.0775146484375 267
1756647535248 51.12846374511719 268
1756647535311 51.2904167175293 269
1756647535372 53.15937423706055 270
1756647535433 54.982608795166016 271
1756647535494 58.36943054199219 272
1756647535555 51.94711685180664 273
1756647535616 57.089111328125 274
1756647535677 52.14894104003906 275
1756647535738 58.430625915527344 276
1756647535800 52.71456527709961 277
1756647535861 51.426326751708984 278
1756647535922 47.0291748046875 279
1756647535982 49.495643615722656 280
1756647536043 45.9041748046875 281
1756647536104 56.071533203125 282
1756647536165 52.78633117675781 283
1756647536225 53.333335876464844 284
1756647536286 49.69375991821289 285
1756647536348 50.675254821777344 286
1756647536409 50.08805847167969 287
1756647536470 52.436607360839844 288
1756647536531 49.2110595703125 289
1756647536592 54.55839920043945 290
1756647536652 46.01405715942383 291
1756647536717 55.736717224121094 292
1756647536777 49.418643951416016 293
1756647536839 50.26727294921875 294
1756647536899 56.3266716003418 295
1756647536961 51.29779052734375 296
1756647537022 50.293556213378906 297
1756647537083 50.2292594909668 298
1756647537144 52.39724349975586 299
1756647545305 97.52013397216797 0
1756647545373 89.10747528076172 1
1756647545433 77.94612884521484 2
1756647545495 67.03248596191406 3
1756647545555 54.94270706176758 4
1756647545617 52.6243782043457 5
1756647545677 52.26945877075195 6
1756647545738 60.53996658325195 7
1756647545800 61.222877502441406 8
1756647545862 52.697166442871094 9
1756647545923 49.88384246826172 10
1756647545984 45.62246322631836 11
1756647546050 49.20867156982422 12
1756647546111 50.68434143066406 13
1756647546173 46.26961898803711 14
1756647546235 53.06535339355469 15
1756647546296 39.55820083618164 16
1756647546357 53.61345291137695 17
1756647546419 43.54788589477539 18
1756647546480 54.91641616821289 19
1756647546541 55.42038345336914 20
1756647546602 49.38600158691406 21
1756647546663 48.25037384033203 22
1756647546725 52.06784439086914 23
1756647546789 48.60737609863281 24
1756647546851 46.79573440551758 25
1756647546916 45.36429214477539 26
1756647546978 46.26148986816406 27
1756647547039 46.3006477355957 28
1756647547100 44.12723159790039 29
1756647547162 53.1961669921875 30
1756647547224 50.05200958251953 31
1756647547285 48.10365295410156 32
1756647547347 48.33481979370117 33
1756647547410 44.7606315612793 34
1756647547473 50.5809326171875 35
1756647547534 54.57439041137695 36
1756647547596 51.40675354003906 37
1756647547657 51.30702590942383 38
1756647547719 47.77140808105469 39
1756647547780 50.51533889770508 40
1756647547844 48.03883743286133 41
1756647547905 47.47813034057617 42
1756647547966 50.85709762573242 43
1756647548030 49.33556365966797 44
1756647548092 52.849517822265625 45
1756647548152 49.656612396240234 46
1756647548215 58.4713249206543 47
1756647548277 46.89738464355469 48
1756647548338 45.024864196777344 49
1756647548400 46.206817626953125 50
1756647548460 45.7716064453125 51
1756647548521 50.242591857910156 52
1756647548583 55.126739501953125 53
1756647548645 51.02070617675781 54
1756647548706 44.10590744018555 55
1756647548767 41.444332122802734 56
1756647548830 59.150238037109375 57
1756647548895 50.695465087890625 58
1756647548955 46.63330078125 59
1756647549018 45.092342376708984 60
1756647549081 42.58155059814453 61
1756647549149 50.6124267578125 62
1756647549217 53.2313346862793 63
1756647549286 49.003997802734375 64
1756647549349 49.59211349487305 65
1756647549414 45.60124969482422 66
1756647549476 49.17643356323242 67
1756647549538 47.72434997558594 68
1756647549600 47.292972564697266 69
1756647549661 42.19023132324219 70
1756647549722 51.7099723815918 71
1756647549784 52.05790328979492 72
1756647549850 50.434120178222656 73
1756647549912 57.74190139770508 74
1756647549974 50.741939544677734 75
1756647550036 50.83769226074219 76
1756647550100 57.00825119018555 77
1756647550164 45.353816986083984 78
1756647550225 49.22160339355469 79
1756647550288 51.00143814086914 80
1756647550351 52.06525421142578 81
1756647550413 47.76738739013672 82
1756647550476 39.772037506103516 83
1756647550541 48.41627502441406 84
1756647550603 45.799232482910156 85
1756647550665 40.47854995727539 86
1756647550728 49.56461715698242 87
1756647550792 39.59764099121094 88
1756647550862 50.088043212890625 89
1756647550925 40.72369384765625 90
1756647550988 41.86830139160156 91
1756647551054 52.355072021484375 92
1756647551115 50.35630416870117 93
1756647551177 44.09446334838867 94
1756647551240 48.666751861572266 95
1756647551303 53.625614166259766 96
1756647551365 39.14815902709961 97
1756647551428 42.85961151123047 98
1756647551489 38.40230941772461 99
1756647551551 47.43871307373047 100
1756647551613 51.40765380859375 101
1756647551676 38.038177490234375 102
1756647551738 47.56938171386719 103
1756647551800 49.42798614501953 104
1756647551862 53.28931427001953 105
1756647551925 46.18672561645508 106
1756647551989 45.47475814819336 107
1756647552050 50.064693450927734 108
1756647552112 50.666770935058594 109
1756647552173 51.482032775878906 110
1756647552236 55.85768508911133 111
1756647552299 42.745059967041016 112
1756647552361 49.492855072021484 113
1756647552424 48.50666427612305 114
1756647552486 56.687416076660156 115
1756647552549 50.973121643066406 116
1756647552612 55.288848876953125 117
1756647552674 49.60965347290039 118
1756647552736 44.59313201904297 119
1756647552799 44.04960632324219 120
1756647552861 48.84333801269531 121
1756647552924 52.5465202331543 122
1756647552987 55.95893859863281 123
1756647553048 45.21172332763672 124
1756647553110 48.72133255004883 125
1756647553172 45.88043212890625 126
1756647553234 53.27308654785156 127
1756647553296 44.633113861083984 128
1756647553360 55.12259292602539 129
1756647553423 45.866878509521484 130
1756647553486 47.1201057434082 131
1756647553549 46.36376953125 132
1756647553613 51.94015121459961 133
1756647553676 45.687767028808594 134
1756647553739 55.17033386230469 135
1756647553801 47.642662048339844 136
1756647553865 45.259727478027344 137
1756647553927 44.21931076049805 138
1756647553990 51.348480224609375 139
1756647554053 44.544334411621094 140
1756647554116 55.534706115722656 141
1756647554178 45.005043029785156 142
1756647554241 50.35029983520508 143
1756647554302 51.675209045410156 144
1756647554365 51.054107666015625 145
1756647554427 47.91701889038086 146
1756647554488 50.61075210571289 147
1756647554551 50.727134704589844 148
1756647554613 41.90556335449219 149
1756647554676 48.84234619140625 150
1756647554740 48.204193115234375 151
1756647554802 49.48024368286133 152
1756647554864 54.63551330566406 153
1756647554928 50.6407356262207 154
1756647554991 49.213356018066406 155
1756647555055 47.99897766113281 156
1756647555117 52.01072692871094 157
1756647555180 45.84572219848633 158
1756647555242 45.80048370361328 159
1756647555305 45.700260162353516 160
1756647555368 48.553314208984375 161
1756647555432 50.369903564453125 162
1756647555496 48.23755645751953 163
1756647555560 38.04351043701172 164
1756647555622 46.80827713012695 165
1756647555685 48.51261901855469 166
1756647555748 44.09797286987305 167
1756647555813 50.32752227783203 168
1756647555876 48.6407470703125 169
1756647555939 54.89229965209961 170
1756647556002 43.44810104370117 171
1756647556064 48.07504653930664 172
1756647556127 45.757476806640625 173
1756647556189 48.82973861694336 174
1756647556251 48.6121940612793 175
1756647556313 47.762359619140625 176
1756647556376 51.72224044799805 177
1756647556439 39.80943298339844 178
1756647556501 46.9622688293457 179
1756647556563 54.03968811035156 180
1756647556625 45.19287109375 181
1756647556689 39.53760528564453 182
1756647556751 54.951358795166016 183
1756647556814 48.93354797363281 184
1756647556877 40.401458740234375 185
1756647556940 50.78374099731445 186
1756647557004 45.12184143066406 187
1756647557067 50.689857482910156 188
1756647557130 46.646522521972656 189
1756647557193 45.253883361816406 190
1756647557257 48.97843933105469 191
1756647557319 47.98371505737305 192
1756647557382 48.78264236450195 193
1756647557447 52.18887710571289 194
1756647557510 42.9297981262207 195
1756647557574 48.41191864013672 196
1756647557638 45.22777557373047 197
1756647557702 53.33390808105469 198
1756647557765 53.846031188964844 199
1756647557828 43.164947509765625 200
1756647557890 52.618438720703125 201
1756647557952 48.32830047607422 202
1756647558014 54.63262176513672 203
1756647558076 53.99953842163086 204
1756647558139 55.224884033203125 205
1756647558201 46.72325897216797 206
1756647558264 50.70722961425781 207
1756647558327 47.444583892822266 208
1756647558390 46.524925231933594 209
1756647558454 49.01082992553711 210
1756647558517 57.02617645263672 211
1756647558581 40.54072189331055 212
1756647558643 46.45930099487305 213
1756647558707 50.050594329833984 214
1756647558769 47.73977279663086 215
1756647558834 42.9712028503418 216
1756647558897 44.45566940307617 217
1756647558962 45.96116256713867 218
1756647559028 53.12358474731445 219
1756647559090 52.900630950927734 220
1756647559151 39.017276763916016 221
1756647559215 54.951751708984375 222
1756647559277 43.75659942626953 223
1756647559340 54.64625549316406 224
1756647559402 46.62345886230469 225
1756647559465 49.30792999267578 226
1756647559528 45.5784797668457 227
1756647559590 49.28707504272461 228
1756647559652 53.0577278137207 229
1756647559714 45.872772216796875 230
1756647559777 43.88763427734375 231
1756647559839 50.62605285644531 232
1756647559902 49.150875091552734 233
1756647559964 50.302894592285156 234
1756647560027 42.688575744628906 235
1756647560089 46.55243682861328 236
1756647560151 48.86588668823242 237
1756647560222 53.51742935180664 238
1756647560291 50.171173095703125 239
1756647560361 45.48530197143555 240
1756647560431 41.963111877441406 241
1756647560501 41.509700775146484 242
1756647560570 52.176246643066406 243
1756647560633 57.09013366699219 244
1756647560695 55.9609260559082 245
1756647560758 49.52114486694336 246
1756647560820 52.3217887878418 247
1756647560883 54.63238525390625 248
1756647560946 47.22378158569336 249
1756647561008 47.37934112548828 250
1756647561071 54.28277587890625 251
1756647561143 59.406471252441406 252
1756647561205 54.11821365356445 253
1756647561266 50.66889190673828 254
1756647561327 43.39444351196289 255
1756647561390 45.0516357421875 256
1756647561452 44.51747512817383 257
1756647561519 42.7640380859375 258
1756647561581 48.50025939941406 259
1756647561644 44.84291076660156 260
1756647561706 53.5233154296875 261
1756647561768 51.45320129394531 262
1756647561831 45.72432327270508 263
1756647561893 47.968223571777344 264
1756647561955 39.26935958862305 265
1756647562018 50.28273010253906 266
1756647562081 45.24937057495117 267
1756647562143 55.812923431396484 268
1756647562206 44.263999938964844 269
1756647562272 54.986106872558594 270
1756647562334 41.595428466796875 271
1756647562396 54.31795883178711 272
1756647562465 50.78611755371094 273
1756647562528 47.466148376464844 274
1756647562590 54.3026237487793 275
1756647562653 46.430049896240234 276
1756647562715 45.28388214111328 277
1756647562781 49.348758697509766 278
1756647562846 44.10274124145508 279
1756647562918 44.57485580444336 280
1756647562991 47.708072662353516 281
1756647563053 50.18982696533203 282
1756647563115 55.80826950073242 283
1756647563176 44.836029052734375 284
1756647563244 44.72914123535156 285
1756647563305 44.67713928222656 286
1756647563367 59.268802642822266 287
1756647563430 54.90555953979492 288
1756647563491 51.52056121826172 289
1756647563553 47.259376525878906 290
1756647563614 47.686370849609375 291
1756647563685 45.284812927246094 292
1756647563747 45.027095794677734 293
1756647563808 44.36573791503906 294
1756647563870 39.840667724609375 295
1756647563932 50.92708206176758 296
1756647563994 49.6601448059082 297
1756647564055 48.87126922607422 298
1756647564121 48.06218719482422 299
1756647572283 98.34432983398438 0
1756647572349 93.37973022460938 1
1756647572416 83.59017181396484 2
1756647572484 76.01551055908203 3
1756647572546 64.57392120361328 4
1756647572608 52.069461822509766 5
1756647572668 44.49690246582031 6
1756647572729 52.839847564697266 7
1756647572791 50.30839538574219 8
1756647572852 52.71585464477539 9
1756647572914 54.08065414428711 10
1756647572974 46.06419372558594 11
1756647573036 42.47230911254883 12
1756647573096 43.12690353393555 13
1756647573159 49.005943298339844 14
1756647573220 48.093929290771484 15
1756647573282 48.72752380371094 16
1756647573343 43.24843978881836 17
1756647573405 41.885746002197266 18
1756647573466 46.480892181396484 19
1756647573527 49.850830078125 20
1756647573589 44.399383544921875 21
1756647573651 42.31806945800781 22
1756647573712 46.466041564941406 23
1756647573774 50.44926452636719 24
1756647573835 42.023136138916016 25
1756647573905 43.285274505615234 26
1756647573966 52.9796028137207 27
1756647574027 57.80314636230469 28
1756647574088 46.27265930175781 29
1756647574151 42.8023796081543 30
1756647574212 47.65895080566406 31
1756647574275 45.85795974731445 32
1756647574336 42.309547424316406 33
1756647574398 43.43464279174805 34
1756647574461 44.65359115600586 35
1756647574523 44.90567398071289 36
1756647574584 43.78092956542969 37
1756647574647 41.33735656738281 38
1756647574709 43.69057846069336 39
1756647574772 44.5359001159668 40
1756647574833 36.6026611328125 41
1756647574895 52.163795471191406 42
1756647574959 47.713253021240234 43
1756647575021 48.2027587890625 44
1756647575083 47.8578987121582 45
1756647575145 46.9499397277832 46
1756647575207 43.5032844543457 47
1756647575270 43.23677062988281 48
1756647575332 38.78632354736328 49
1756647575394 49.591552734375 50
1756647575457 50.634117126464844 51
1756647575519 47.435081481933594 52
1756647575581 42.7828369140625 53
1756647575643 55.60652160644531 54
1756647575705 47.15724182128906 55
1756647575767 46.30588150024414 56
1756647575830 45.829349517822266 57
1756647575895 47.681156158447266 58
1756647575959 50.7314338684082 59
1756647576022 50.717323303222656 60
1756647576085 46.09724044799805 61
1756647576147 50.300804138183594 62
1756647576209 42.78072738647461 63
1756647576272 45.33724594116211 64
1756647576335 53.19575500488281 65
1756647576397 42.394779205322266 66
1756647576459 51.283180236816406 67
1756647576520 51.16007995605469 68
1756647576583 48.828609466552734 69
1756647576645 45.271488189697266 70
1756647576708 48.82206726074219 71
1756647576770 47.45196533203125 72
1756647576833 44.25582504272461 73
1756647576896 43.22649002075195 74
1756647576957 53.879459381103516 75
1756647577020 49.81155014038086 76
1756647577082 40.68800735473633 77
1756647577144 41.84724044799805 78
1756647577207 46.48347854614258 79
1756647577269 55.188594818115234 80
1756647577332 53.711219787597656 81
1756647577395 45.40164566040039 82
1756647577458 39.81276321411133 83
1756647577521 50.61923599243164 84
1756647577584 42.3697509765625 85
1756647577647 54.5042839050293 86
1756647577710 42.887508392333984 87
1756647577772 43.79902648925781 88
1756647577835 54.42033386230469 89
1756647577898 47.80284118652344 90
1756647577960 39.56852722167969 91
1756647578024 44.4425163269043 92
1756647578087 43.23039627075195 93
1756647578149 45.952816009521484 94
1756647578211 53.53644943237305 95
1756647578274 44.969139099121094 96
1756647578336 40.814208984375 97
1756647578400 39.49996566772461 98
1756647578464 46.8729248046875 99
1756647578527 46.95170593261719 100
1756647578589 42.81877517700195 101
1756647578651 49.566505432128906 102
1756647578713 46.48231506347656 103
1756647578777 46.691951751708984 104
1756647578843 36.88923645019531 105
1756647578905 40.90513610839844 106
1756647578968 42.751834869384766 107
1756647579031 35.53461837768555 108
1756647579093 46.32469177246094 109
1756647579155 49.183284759521484 110
1756647579218 48.21318054199219 111
1756647579280 47.6688232421875 112
1756647579348 53.39291000366211 113
1756647579411 44.52871322631836 114
1756647579473 46.3030891418457 115
1756647579536 40.997989654541016 116
1756647579599 47.7282600402832 117
1756647579661 42.560386657714844 118
1756647579724 45.504146575927734 119
1756647579786 44.08467102050781 120
1756647579849 53.20097351074219 121
1756647579911 51.71488952636719 122
1756647579974 50.58395767211914 123
1756647580036 45.892295837402344 124
1756647580099 52.115577697753906 125
1756647580163 48.452735900878906 126
1756647580225 40.725730895996094 127
1756647580288 44.0468864440918 128
1756647580351 40.94858169555664 129
1756647580413 48.230796813964844 130
1756647580475 44.23979187011719 131
1756647580538 44.26559829711914 132
1756647580601 44.576995849609375 133
1756647580663 45.681148529052734 134
1756647580725 45.794273376464844 135
1756647580788 43.867897033691406 136
1756647580850 44.19552993774414 137
1756647580988 46.8991813659668 138
1756647581057 47.970272064208984 139
1756647581119 37.23049545288086 140
1756647581182 41.18178176879883 141
1756647581244 43.81072235107422 142
1756647581307 37.04953384399414 143
1756647581371 51.414894104003906 144
1756647581434 42.02934265136719 145
1756647581496 41.403465270996094 146
1756647581558 54.50874328613281 147
1756647581620 43.9791374206543 148
1756647581682 44.60191345214844 149
1756647581745 49.414756774902344 150
1756647581808 35.56679916381836 151
1756647581869 38.28425216674805 152
1756647581931 38.389381408691406 153
1756647581992 42.655025482177734 154
1756647582053 53.5831413269043 155
1756647582115 46.45846176147461 156
1756647582177 41.9568977355957 157
1756647582239 49.155921936035156 158
1756647582301 42.009681701660156 159
1756647582363 45.66444778442383 160
1756647582425 38.292789459228516 161
1756647582486 48.453433990478516 162
1756647582548 50.04166030883789 163
1756647582610 45.26315689086914 164
1756647582672 30.60834503173828 165
1756647582734 42.8631477355957 166
1756647582796 42.99263000488281 167
1756647582858 41.0567512512207 168
1756647582920 46.775535583496094 169
1756647582982 44.96208190917969 170
1756647583044 42.38740158081055 171
1756647583105 42.7783088684082 172
1756647583167 39.3551025390625 173
1756647583228 39.61349868774414 174
1756647583290 40.16745376586914 175
1756647583352 45.60533142089844 176
1756647583413 47.77691650390625 177
1756647583475 46.76707458496094 178
1756647583536 44.73591613769531 179
1756647583599 40.53702163696289 180
1756647583661 43.487117767333984 181
1756647583723 40.26494216918945 182
1756647583785 43.18928527832031 183
1756647583847 50.0225944519043 184
1756647583909 47.244873046875 185
1756647583972 41.577880859375 186
1756647584040 44.79324722290039 187
1756647584103 48.223960876464844 188
1756647584166 47.50401306152344 189
1756647584228 43.546207427978516 190
1756647584290 38.89219284057617 191
1756647584352 48.310123443603516 192
1756647584415 44.955039978027344 193
1756647584477 44.4678840637207 194
1756647584540 46.3643684387207 195
1756647584602 50.817691802978516 196
1756647584665 45.18232727050781 197
1756647584728 48.596866607666016 198
1756647584793 48.699832916259766 199
1756647584859 40.065773010253906 200
1756647584921 53.42300033569336 201
1756647584983 45.14588165283203 202
1756647585045 42.276519775390625 203
1756647585108 42.88352584838867 204
1756647585170 47.058509826660156 205
1756647585233 46.34199523925781 206
1756647585295 44.612144470214844 207
1756647585358 37.91417694091797 208
1756647585420 37.41690444946289 209
1756647585484 49.5813102722168 210
1756647585545 39.7607421875 211
1756647585611 53.3851203918457 212
1756647585675 49.56440734863281 213
1756647585737 41.29009246826172 214
1756647585800 44.32138442993164 215
1756647585863 46.13165283203125 216
1756647585926 44.678348541259766 217
1756647585988 51.36066818237305 218
1756647586051 46.791202545166016 219
1756647586114 50.44132995605469 220
1756647586176 40.994876861572266 221
1756647586239 41.432796478271484 222
1756647586302 46.683982849121094 223
1756647586365 38.69096374511719 224
1756647586428 38.91161346435547 225
1756647586491 46.77346420288086 226
1756647586554 41.907691955566406 227
1756647586616 45.8333854675293 228
1756647586678 44.02903747558594 229
1756647586741 43.66533279418945 230
1756647586805 46.901695251464844 231
1756647586867 40.109825134277344 232
1756647586930 45.86568832397461 233
1756647586992 44.53664779663086 234
1756647587055 47.05318832397461 235
1756647587119 39.48277282714844 236
1756647587181 41.67558288574219 237
1756647587244 46.484066009521484 238
1756647587306 47.5562744140625 239
1756647587369 40.35301971435547 240
1756647587432 39.39543533325195 241
1756647587495 49.42524337768555 242
1756647587558 43.633419036865234 243
1756647587621 49.699195861816406 244
1756647587684 39.811851501464844 245
1756647587750 44.874942779541016 246
1756647587813 45.85185241699219 247
1756647587876 47.71101379394531 248
1756647587938 44.126731872558594 249
1756647588002 43.781978607177734 250
1756647588064 47.52790832519531 251
1756647588127 45.75864028930664 252
1756647588190 47.06620788574219 253
1756647588252 46.92608642578125 254
1756647588315 43.31666564941406 255
1756647588377 43.818946838378906 256
1756647588440 51.500343322753906 257
1756647588502 45.06877517700195 258
1756647588564 38.50434875488281 259
1756647588628 46.28382873535156 260
1756647588690 48.408084869384766 261
1756647588752 43.07081604003906 262
1756647588814 46.35700988769531 263
1756647588877 45.03093338012695 264
1756647588941 49.51620864868164 265
1756647589003 52.00238037109375 266
1756647589066 42.386661529541016 267
1756647589128 52.4100227355957 268
1756647589191 47.3123664855957 269
1756647589253 45.72949981689453 270
1756647589315 44.39820861816406 271
1756647589379 47.36436462402344 272
1756647589441 42.518985748291016 273
1756647589503 45.68918228149414 274
1756647589566 48.94245910644531 275
1756647589628 46.374427795410156 276
1756647589692 42.77150344848633 277
1756647589754 41.34429931640625 278
1756647589817 49.6905403137207 279
1756647589879 48.3735466003418 280
1756647589941 41.68930435180664 281
1756647590004 48.29690170288086 282
1756647590069 47.84957504272461 283
1756647590132 44.05961608886719 284
1756647590196 50.6883659362793 285
1756647590258 45.90926742553711 286
1756647590322 43.026123046875 287
1756647590386 38.33159255981445 288
1756647590448 43.807762145996094 289
1756647590511 44.95199966430664 290
1756647590575 45.9696159362793 291
1756647590637 46.717647552490234 292
1756647590701 46.27587890625 293
1756647590764 47.065372467041016 294
1756647590828 44.66146469116211 295
1756647590892 43.48875427246094 296
1756647590954 49.63923645019531 297
1756647591018 41.46817398071289 298
1756647591081 46.74085998535156 299
1756647599244 99.09233093261719 0
1756647599313 95.08253479003906 1
1756647599375 89.79449462890625 2
1756647599436 83.57460021972656 3
1756647599498 72.11351013183594 4
1756647599561 58.17997360229492 5
1756647599622 51.88878631591797 6
1756647599690 47.303138732910156 7
1756647599753 56.843013763427734 8
1756647599815 52.438385009765625 9
1756647599877 60.15115737915039 10
1756647599939 52.948482513427734 11
1756647600001 48.12545394897461 12
1756647600064 51.33120346069336 13
1756647600128 43.3458366394043 14
1756647600190 46.11917495727539 15
1756647600253 43.656063079833984 16
1756647600316 52.25727462768555 17
1756647600379 57.8232307434082 18
1756647600442 49.17190933227539 19
1756647600506 45.96067428588867 20
1756647600568 50.22385787963867 21
1756647600631 48.132789611816406 22
1756647600693 44.9672966003418 23
1756647600756 55.586891174316406 24
1756647600818 50.08787536621094 25
1756647600883 44.90056228637695 26
1756647600946 48.52558135986328 27
1756647601009 39.894893646240234 28
1756647601071 49.136253356933594 29
1756647601135 43.984413146972656 30
1756647601197 47.94861602783203 31
1756647601260 55.05896759033203 32
1756647601323 47.02820587158203 33
1756647601386 51.82757568359375 34
1756647601449 53.50054931640625 35
1756647601512 49.3921012878418 36
1756647601574 42.79875564575195 37
1756647601640 44.66802215576172 38
1756647601704 45.3548469543457 39
1756647601770 47.52793502807617 40
1756647601833 42.473724365234375 41
1756647601896 42.388912200927734 42
1756647601961 42.02975845336914 43
1756647602023 50.555904388427734 44
1756647602087 40.86817932128906 45
1756647602150 50.95633316040039 46
1756647602212 53.211673736572266 47
1756647602275 50.290000915527344 48
1756647602338 49.71993637084961 49
1756647602402 51.981842041015625 50
1756647602465 43.71245574951172 51
1756647602528 46.14321517944336 52
1756647602592 48.716400146484375 53
1756647602655 46.779075622558594 54
1756647602717 38.72726058959961 55
1756647602780 40.865196228027344 56
1756647602843 51.02463912963867 57
1756647602906 50.61627197265625 58
1756647602968 48.611019134521484 59
1756647603031 49.2484016418457 60
1756647603099 53.37894058227539 61
1756647603162 42.77793884277344 62
1756647603225 48.2576789855957 63
1756647603287 51.72270202636719 64
1756647603351 38.76774978637695 65
1756647603414 50.93867492675781 66
1756647603477 52.33614730834961 67
1756647603540 47.2368049621582 68
1756647603603 44.0492057800293 69
1756647603667 54.5836296081543 70
1756647603731 43.28931427001953 71
1756647603795 41.87211227416992 72
1756647603858 44.61216354370117 73
1756647603921 44.4552116394043 74
1756647603984 51.25004959106445 75
1756647604047 42.62699890136719 76
1756647604111 48.50032424926758 77
1756647604173 50.821449279785156 78
1756647604237 51.59558868408203 79
1756647604301 48.913551330566406 80
1756647604364 46.73955535888672 81
1756647604427 44.93278884887695 82
1756647604490 48.80354690551758 83
1756647604555 54.806793212890625 84
1756647604618 46.71351623535156 85
1756647604681 50.19594955444336 86
1756647604745 38.036712646484375 87
1756647604809 47.87944793701172 88
1756647604872 45.3111572265625 89
1756647604934 56.58490753173828 90
1756647604997 47.16194534301758 91
1756647605060 46.99028396606445 92
1756647605124 39.858238220214844 93
1756647605186 44.24549102783203 94
1756647605249 41.03963088989258 95
1756647605313 43.38473129272461 96
1756647605377 45.26754379272461 97
1756647605441 40.845176696777344 98
1756647605504 52.70608901977539 99
1756647605566 51.027008056640625 100
1756647605631 43.012847900390625 101
1756647605694 47.671634674072266 102
1756647605758 45.85251235961914 103
1756647605820 37.80582809448242 104
1756647605883 48.20513153076172 105
1756647605948 54.77427673339844 106
1756647606012 50.73828125 107
1756647606075 48.95747375488281 108
1756647606138 50.68138885498047 109
1756647606201 51.141902923583984 110
1756647606263 44.01838302612305 111
1756647606328 49.85503005981445 112
1756647606391 44.004966735839844 113
1756647606455 44.194488525390625 114
1756647606518 44.62403106689453 115
1756647606581 46.6318359375 116
1756647606644 46.78400421142578 117
1756647606707 48.28911590576172 118
1756647606771 41.7025146484375 119
1756647606834 46.81586837768555 120
1756647606898 49.91264724731445 121
1756647606961 45.41440200805664 122
1756647607025 41.46946334838867 123
1756647607088 48.29874038696289 124
1756647607154 41.61790466308594 125
1756647607221 43.21092987060547 126
1756647607285 44.33381652832031 127
1756647607348 51.100799560546875 128
1756647607414 48.80421447753906 129
1756647607477 44.276309967041016 130
1756647607540 41.51133346557617 131
1756647607604 51.14525604248047 132
1756647607666 54.4550895690918 133
1756647607729 44.54113006591797 134
1756647607791 49.92750930786133 135
1756647607853 46.0821647644043 136
1756647607916 51.05707550048828 137
1756647607978 44.44667053222656 138
1756647608040 45.371986389160156 139
1756647608103 50.621456146240234 140
1756647608165 38.482975006103516 141
1756647608228 40.859779357910156 142
1756647608291 48.822269439697266 143
1756647608353 52.31108093261719 144
1756647608416 54.50289535522461 145
1756647608478 50.11634826660156 146
1756647608540 43.64274978637695 147
1756647608602 52.71802520751953 148
1756647608664 46.22866439819336 149
1756647608727 40.73092269897461 150
1756647608790 45.04325866699219 151
1756647608854 40.50101089477539 152
1756647608916 49.08012771606445 153
1756647608978 48.0367546081543 154
1756647609041 47.07849884033203 155
1756647609104 54.15457534790039 156
1756647609167 56.29322052001953 157
1756647609229 50.50211715698242 158
1756647609293 42.58155822753906 159
1756647609356 51.98676300048828 160
1756647609419 49.19392013549805 161
1756647609483 46.06059646606445 162
1756647609545 45.31597900390625 163
1756647609608 44.45218276977539 164
1756647609671 51.174102783203125 165
1756647609734 48.67851257324219 166
1756647609796 49.75691223144531 167
1756647609858 45.02396774291992 168
1756647609925 37.37224197387695 169
1756647609994 53.10369110107422 170
1756647610063 48.36853790283203 171
1756647610132 53.421119689941406 172
1756647610198 45.35470962524414 173
1756647610261 48.67193603515625 174
1756647610324 46.342735290527344 175
1756647610388 46.26531219482422 176
1756647610451 53.3485107421875 177
1756647610514 47.39662551879883 178
1756647610578 51.86402893066406 179
1756647610642 49.86277770996094 180
1756647610708 47.1663818359375 181
1756647610776 47.972984313964844 182
1756647610839 49.30440139770508 183
1756647610903 52.477848052978516 184
1756647610967 45.01573181152344 185
1756647611030 50.34701919555664 186
1756647611094 47.02004623413086 187
1756647611158 50.685935974121094 188
1756647611221 46.22156524658203 189
1756647611284 47.235450744628906 190
1756647611349 47.40354537963867 191
1756647611413 37.9547119140625 192
1756647611477 42.256202697753906 193
1756647611540 45.01361846923828 194
1756647611604 50.47153854370117 195
1756647611667 44.604515075683594 196
1756647611730 46.104000091552734 197
1756647611794 46.15499496459961 198
1756647611857 45.30974578857422 199
1756647611921 50.28659439086914 200
1756647611985 40.265899658203125 201
1756647612048 39.423675537109375 202
1756647612111 45.8256950378418 203
1756647612175 45.39522171020508 204
1756647612239 52.29598617553711 205
1756647612303 44.0574836730957 206
1756647612366 48.41801834106445 207
1756647612429 38.91188430786133 208
1756647612493 54.66768264770508 209
1756647612558 45.5460205078125 210
1756647612622 42.48835372924805 211
1756647612685 49.659671783447266 212
1756647612749 56.57201385498047 213
1756647612818 46.21475601196289 214
1756647612884 44.46470260620117 215
1756647612947 46.6297492980957 216
1756647613010 44.73311233520508 217
1756647613073 43.127079010009766 218
1756647613137 51.07658767700195 219
1756647613200 48.97345733642578 220
1756647613263 46.616851806640625 221
1756647613327 51.13941955566406 222
1756647613390 46.4566535949707 223
1756647613457 41.429298400878906 224
1756647613521 47.99421691894531 225
1756647613585 45.12622833251953 226
1756647613648 47.51118087768555 227
1756647613717 42.68966293334961 228
1756647613780 45.79383087158203 229
1756647613843 48.610355377197266 230
1756647613907 45.406009674072266 231
1756647613970 56.90080261230469 232
1756647614034 49.99419021606445 233
1756647614097 49.08473587036133 234
1756647614160 47.30425262451172 235
1756647614224 53.24223709106445 236
1756647614288 35.500335693359375 237
1756647614352 46.06861114501953 238
1756647614416 50.59551239013672 239
1756647614479 45.63212203979492 240
1756647614547 53.534629821777344 241
1756647614611 49.38520431518555 242
1756647614674 40.408668518066406 243
1756647614737 45.465816497802734 244
1756647614801 47.909847259521484 245
1756647614865 55.18376541137695 246
1756647614929 45.614707946777344 247
1756647614992 47.81776809692383 248
1756647615062 46.79708480834961 249
1756647615130 48.125362396240234 250
1756647615194 47.148746490478516 251
1756647615258 49.16475296020508 252
1756647615321 41.94382095336914 253
1756647615385 46.287109375 254
1756647615448 42.69134521484375 255
1756647615513 48.023189544677734 256
1756647615577 52.76731872558594 257
1756647615641 45.41376495361328 258
1756647615705 48.400882720947266 259
1756647615769 42.71733856201172 260
1756647615832 40.625152587890625 261
1756647615895 44.49500274658203 262
1756647615959 45.117706298828125 263
1756647616022 44.394954681396484 264
1756647616086 50.79220199584961 265
1756647616148 44.5958251953125 266
1756647616212 46.41238784790039 267
1756647616274 46.687992095947266 268
1756647616338 40.44673538208008 269
1756647616403 42.709320068359375 270
1756647616466 41.03852844238281 271
1756647616529 50.28360366821289 272
1756647616592 51.248844146728516 273
1756647616655 48.19621658325195 274
1756647616718 48.7738037109375 275
1756647616783 48.212703704833984 276
1756647616846 50.52001953125 277
1756647616910 45.05109786987305 278
1756647616973 43.332847595214844 279
1756647617036 47.26538848876953 280
1756647617099 48.902042388916016 281
1756647617161 47.24244689941406 282
1756647617225 48.19248580932617 283
1756647617287 47.850181579589844 284
1756647617350 53.25048828125 285
1756647617414 51.26332092285156 286
1756647617477 49.84730911254883 287
1756647617541 47.01625061035156 288
1756647617603 49.68729782104492 289
1756647617667 53.70062255859375 290
1756647617730 42.49082565307617 291
1756647617793 50.12705612182617 292
1756647617856 44.712806701660156 293
1756647617919 43.45475387573242 294
1756647617982 39.10227966308594 295
1756647618045 49.16563034057617 296
1756647618108 58.29903793334961 297
1756647618171 42.45530319213867 298
1756647618234 42.19384765625 299
1756647626438 98.57992553710938 0
1756647626519 92.94229125976562 1
1756647626597 85.67400360107422 2
1756647626675 73.15522003173828 3
1756647626753 58.35661315917969 4
1756647626832 67.20191192626953 5
1756647626910 71.13977813720703 6
1756647626993 65.98377227783203 7
1756647627071 60.13362121582031 8
1756647627148 57.729190826416016 9
1756647627226 56.55879211425781 10
1756647627304 49.1656379699707 11
1756647627382 57.35348892211914 12
1756647627459 54.701961517333984 13
1756647627536 53.91220474243164 14
1756647627614 56.068016052246094 15
1756647627692 55.5617561340332 16
1756647627770 52.43385314941406 17
1756647627847 63.597957611083984 18
1756647627954 54.18357849121094 19
1756647628041 54.174049377441406 20
1756647628124 60.02272033691406 21
1756647628202 60.1960563659668 22
1756647628280 58.77737808227539 23
1756647628358 56.77566146850586 24
1756647628437 59.54961013793945 25
1756647628516 54.76481628417969 26
1756647628595 54.4262580871582 27
1756647628674 55.893123626708984 28
1756647628753 53.45622634887695 29
1756647628831 61.806270599365234 30
1756647628910 59.8151741027832 31
1756647628990 58.9964714050293 32
1756647629070 52.687679290771484 33
1756647629148 55.57929611206055 34
1756647629226 54.90275955200195 35
1756647629305 59.45577621459961 36
1756647629383 67.00927734375 37
1756647629462 55.948097229003906 38
1756647629539 55.471107482910156 39
1756647629618 63.32710266113281 40
1756647629696 58.714759826660156 41
1756647629774 56.869606018066406 42
1756647629857 53.9483528137207 43
1756647629935 53.882442474365234 44
1756647630020 55.54969787597656 45
1756647630111 54.37876892089844 46
1756647630192 57.730289459228516 47
1756647630269 58.28276062011719 48
1756647630348 56.022666931152344 49
1756647630426 54.366146087646484 50
1756647630504 58.39106750488281 51
1756647630583 54.54087829589844 52
1756647630661 61.982078552246094 53
1756647630739 57.962684631347656 54
1756647630817 63.41240310668945 55
1756647630895 46.235382080078125 56
1756647630973 59.588905334472656 57
1756647631052 57.963279724121094 58
1756647631130 50.68171691894531 59
1756647631208 56.44049072265625 60
1756647631286 51.16568374633789 61
1756647631365 57.70463562011719 62
1756647631444 53.290164947509766 63
1756647631522 50.692195892333984 64
1756647631601 58.02006530761719 65
1756647631680 50.85759353637695 66
1756647631758 45.598609924316406 67
1756647631837 60.70846176147461 68
1756647631915 60.055599212646484 69
1756647631994 54.51407241821289 70
1756647632072 54.63557434082031 71
1756647632150 52.95290756225586 72
1756647632228 54.33769607543945 73
1756647632306 53.35139465332031 74
1756647632385 50.364402770996094 75
1756647632464 53.859737396240234 76
1756647632541 51.02804946899414 77
1756647632619 60.716796875 78
1756647632699 54.004493713378906 79
1756647632777 58.420387268066406 80
1756647632856 53.89027404785156 81
1756647632934 53.696590423583984 82
1756647633013 52.4659309387207 83
1756647633091 53.04313659667969 84
1756647633169 48.86244201660156 85
1756647633248 55.30876541137695 86
1756647633326 54.2421875 87
1756647633406 55.01467514038086 88
1756647633485 54.270973205566406 89
1756647633564 57.65804672241211 90
1756647633642 52.35427474975586 91
1756647633720 62.89338684082031 92
1756647633798 55.74055480957031 93
1756647633876 58.91085433959961 94
1756647633956 54.28424072265625 95
1756647634034 55.16036605834961 96
1756647634113 59.498680114746094 97
1756647634203 52.49191665649414 98
1756647634285 63.77126693725586 99
1756647634362 51.75374984741211 100
1756647634445 54.22885513305664 101
1756647634522 49.359375 102
1756647634600 60.14286804199219 103
1756647634677 51.39070129394531 104
1756647634754 54.042850494384766 105
1756647634832 56.5741081237793 106
1756647634910 58.96152114868164 107
1756647634988 60.61880874633789 108
1756647635065 52.426021575927734 109
1756647635143 64.71463012695312 110
1756647635221 59.52009582519531 111
1756647635298 48.694480895996094 112
1756647635376 53.39751052856445 113
1756647635453 52.020286560058594 114
1756647635532 50.03628921508789 115
1756647635610 48.868106842041016 116
1756647635687 50.452247619628906 117
1756647635765 53.905208587646484 118
1756647635843 59.68228530883789 119
1756647635920 56.72622299194336 120
1756647635997 59.346248626708984 121
1756647636074 54.18962097167969 122
1756647636152 58.03837966918945 123
1756647636230 56.59772872924805 124
1756647636306 55.79244613647461 125
1756647636384 49.191688537597656 126
1756647636461 51.1694450378418 127
1756647636539 58.14054870605469 128
1756647636617 55.58711242675781 129
1756647636694 57.17060470581055 130
1756647636772 55.11201095581055 131
1756647636849 59.58769226074219 132
1756647637007 60.5406379699707 134
1756647637095 61.47869873046875 135
1756647637177 57.70284652709961 136
1756647637260 53.79439926147461 137
1756647637342 58.132286071777344 138
1756647637424 57.467369079589844 139
1756647636927 58.864986419677734 133
1756647637504 54.71030044555664 140
1756647637582 55.1422233581543 141
1756647637661 61.10505676269531 142
1756647637739 64.31625366210938 143
1756647637817 58.5464973449707 144
1756647637897 57.92256164550781 145
1756647637976 56.67530822753906 146
1756647638054 59.338809967041016 147
1756647638133 60.54568099975586 148
1756647638210 53.96371078491211 149
1756647638288 55.272518157958984 150
1756647638366 53.596290588378906 151
1756647638445 58.30352783203125 152
1756647638531 50.67264175415039 153
1756647638611 53.9858283996582 154
1756647638691 52.448631286621094 155
1756647638770 59.79194259643555 156
1756647638852 52.91733169555664 157
1756647638931 57.7047119140625 158
1756647639010 50.470523834228516 159
1756647639091 55.43913650512695 160
1756647639173 59.19638442993164 161
1756647639254 54.05221176147461 162
1756647639334 51.11773681640625 163
1756647639415 53.39532470703125 164
1756647639494 55.714027404785156 165
1756647639576 64.14409637451172 166
1756647639660 56.5702018737793 167
1756647639738 56.437355041503906 168
1756647639819 53.48383712768555 169
1756647639899 60.81916427612305 170
1756647639980 57.63734436035156 171
1756647640060 55.68235778808594 172
1756647640140 54.951416015625 173
1756647640222 53.39387512207031 174
1756647640303 53.684425354003906 175
1756647640385 57.744346618652344 176
1756647640466 49.03303527832031 177
1756647640546 56.116455078125 178
1756647640626 59.08639144897461 179
1756647640708 55.800601959228516 180
1756647640790 52.3410758972168 181
1756647640869 55.433326721191406 182
1756647640950 59.330543518066406 183
1756647641030 50.7647819519043 184
1756647641110 55.15020751953125 185
1756647641190 53.603824615478516 186
1756647641270 55.492088317871094 187
1756647641350 58.891822814941406 188
1756647641431 52.642677307128906 189
1756647641510 57.31790542602539 190
1756647641589 56.37380599975586 191
1756647641669 55.3453483581543 192
1756647641751 54.75053405761719 193
1756647641832 54.37290954589844 194
1756647641910 54.4634895324707 195
1756647641991 56.67354965209961 196
1756647642071 57.545955657958984 197
1756647642150 52.807376861572266 198
1756647642231 56.733882904052734 199
1756647642311 52.68948745727539 200
1756647642390 60.43794250488281 201
1756647642470 61.8051643371582 202
1756647642550 59.87779235839844 203
1756647642630 51.493221282958984 204
1756647642709 57.60970687866211 205
1756647642791 57.8560905456543 206
1756647642871 57.406734466552734 207
1756647642951 57.1800537109375 208
1756647643032 56.341896057128906 209
1756647643112 50.529605865478516 210
1756647643193 59.3072395324707 211
1756647643273 50.48454284667969 212
1756647643354 51.205055236816406 213
1756647643435 63.65690612792969 214
1756647643515 56.84915542602539 215
1756647643596 50.806480407714844 216
1756647643676 56.9251708984375 217
1756647643758 51.790550231933594 218
1756647643839 60.06221008300781 219
1756647643919 51.499305725097656 220
1756647644000 56.083518981933594 221
1756647644080 53.353660583496094 222
1756647644161 51.9824104309082 223
1756647644241 58.310787200927734 224
1756647644322 53.873558044433594 225
1756647644402 62.8707275390625 226
1756647644483 59.1085205078125 227
1756647644563 51.414737701416016 228
1756647644644 58.61369323730469 229
1756647644724 52.31914138793945 230
1756647644804 56.271263122558594 231
1756647644885 61.339515686035156 232
1756647644967 60.24542236328125 233
1756647645048 53.63080978393555 234
1756647645128 54.83675765991211 235
1756647645209 58.024925231933594 236
1756647645290 55.526668548583984 237
1756647645370 57.2331657409668 238
1756647645451 51.12586975097656 239
1756647645531 51.576595306396484 240
1756647645612 58.326393127441406 241
1756647645692 56.1118278503418 242
1756647645773 64.3696060180664 243
1756647645852 53.793941497802734 244
1756647645934 55.47834396362305 245
1756647646015 60.13880920410156 246
1756647646095 53.540672302246094 247
1756647646176 56.232154846191406 248
1756647646256 54.682857513427734 249
1756647646337 57.6819953918457 250
1756647646417 57.56536865234375 251
1756647646498 56.715110778808594 252
1756647646579 54.245792388916016 253
1756647646659 51.57209777832031 254
1756647646743 55.3347053527832 255
1756647646825 54.001644134521484 256
1756647646905 52.33160400390625 257
1756647646985 57.611412048339844 258
1756647647065 57.01960754394531 259
1756647647145 51.6879997253418 260
1756647647225 58.5845832824707 261
1756647647305 48.56234359741211 262
1756647647387 51.33500671386719 263
1756647647468 63.237953186035156 264
1756647647547 52.921409606933594 265
1756647647627 53.02865219116211 266
1756647647708 56.9793701171875 267
1756647647788 60.654903411865234 268
1756647647868 55.303977966308594 269
1756647647948 62.59248352050781 270
1756647648029 50.219181060791016 271
1756647648109 56.5455322265625 272
1756647648190 54.872440338134766 273
1756647648270 52.716468811035156 274
1756647648351 52.61479568481445 275
1756647648432 60.20956039428711 276
1756647648514 57.260902404785156 277
1756647648595 54.9130859375 278
1756647648675 63.40949630737305 279
1756647648755 61.07303237915039 280
1756647648838 58.884090423583984 281
1756647648918 59.483154296875 282
1756647648998 50.810340881347656 283
1756647649079 50.83833312988281 284
1756647649161 57.47758865356445 285
1756647649245 53.941707611083984 286
1756647649325 60.198978424072266 287
1756647649403 59.493896484375 288
1756647649484 53.32856750488281 289
1756647649563 57.455299377441406 290
1756647649644 53.035526275634766 291
1756647649722 52.506629943847656 292
1756647649801 55.3819694519043 293
1756647649882 52.634376525878906 294
1756647649963 51.745365142822266 295
1756647650043 48.99979019165039 296
1756647650121 57.20553207397461 297
1756647650200 59.96257019042969 298
1756647650279 57.866188049316406 299
1756647658483 100.0 0
1756647658563 100.0 1
1756647658646 100.0 2
1756647658725 100.0 3
1756647658804 100.0 4
1756647658882 100.0 5
1756647658960 100.0 6
1756647659037 100.0 7
1756647659116 100.0 8
1756647659195 100.0 9
1756647659275 100.0 10
1756647659355 100.0 11
1756647659434 100.0 12
1756647659513 100.0 13
1756647659593 100.0 14
1756647659670 100.0 15
1756647659748 100.0 16
1756647659826 100.0 17
1756647659906 100.0 18
1756647659984 100.0 19
1756647660063 100.0 20
1756647660140 100.0 21
1756647660220 100.0 22
1756647660297 100.0 23
1756647660375 100.0 24
1756647660453 100.0 25
1756647660537 100.0 26
1756647660617 100.0 27
1756647660694 100.0 28
1756647660772 100.0 29
1756647660850 100.0 30
1756647660928 100.0 31
1756647661007 100.0 32
1756647661084 100.0 33
1756647661164 100.0 34
1756647661243 100.0 35
1756647661320 100.0 36
1756647661399 100.0 37
1756647661477 100.0 38
1756647661555 100.0 39
1756647661634 100.0 40
1756647661713 100.0 41
1756647661791 100.0 42
1756647661869 100.0 43
1756647661946 100.0 44
1756647662028 100.0 45
1756647662106 100.0 46
1756647662184 100.0 47
1756647662265 100.0 48
1756647662342 100.0 49
1756647662421 100.0 50
1756647662499 100.0 51
1756647662578 100.0 52
1756647662655 100.0 53
1756647662735 100.0 54
1756647662813 100.0 55
1756647662891 100.0 56
1756647662969 100.0 57
1756647663047 100.0 58
1756647663125 100.0 59
1756647663205 100.0 60
1756647663285 100.0 61
1756647663363 100.0 62
1756647663441 100.0 63
1756647663520 100.0 64
1756647663599 100.0 65
1756647663677 100.0 66
1756647663755 100.0 67
1756647663835 100.0 68
1756647663913 100.0 69
1756647663992 100.0 70
1756647664071 100.0 71
1756647664149 100.0 72
1756647664228 100.0 73
1756647664306 100.0 74
1756647664385 100.0 75
1756647664465 100.0 76
1756647664543 100.0 77
1756647664623 100.0 78
1756647664702 100.0 79
1756647664781 100.0 80
1756647664859 100.0 81
1756647664938 100.0 82
1756647665016 100.0 83
1756647665094 100.0 84
1756647665175 100.0 85
1756647665254 100.0 86
1756647665332 100.0 87
1756647665411 100.0 88
1756647665490 100.0 89
1756647665568 100.0 90
1756647665646 100.0 91
1756647665725 100.0 92
1756647665803 100.0 93
1756647665881 100.0 94
1756647665960 100.0 95
1756647666038 100.0 96
1756647666117 100.0 97
1756647666195 100.0 98
1756647666274 100.0 99
1756647666353 100.0 100
1756647666432 100.0 101
1756647666510 100.0 102
1756647666589 100.0 103
1756647666668 100.0 104
1756647666750 100.0 105
1756647666829 100.0 106
1756647666909 100.0 107
1756647666989 100.0 108
1756647667072 100.0 109
1756647667151 100.0 110
1756647667229 100.0 111
1756647667308 100.0 112
1756647667387 100.0 113
1756647667467 100.0 114
1756647667546 100.0 115
1756647667624 100.0 116
1756647667703 100.0 117
1756647667781 100.0 118
1756647667860 100.0 119
1756647667938 100.0 120
1756647668017 100.0 121
1756647668095 100.0 122
1756647668174 100.0 123
1756647668252 100.0 124
1756647668330 100.0 125
1756647668409 100.0 126
1756647668488 100.0 127
1756647668567 100.0 128
1756647668647 100.0 129
1756647668727 100.0 130
1756647668806 100.0 131
1756647668884 100.0 132
1756647668964 100.0 133
1756647669041 100.0 134
1756647669120 100.0 135
1756647669199 100.0 136
1756647669278 100.0 137
1756647669358 100.0 138
1756647669438 100.0 139
1756647669517 100.0 140
1756647669595 100.0 141
1756647669674 100.0 142
1756647669756 100.0 143
1756647669835 100.0 144
1756647669914 100.0 145
1756647669993 100.0 146
1756647670071 100.0 147
1756647670150 100.0 148
1756647670228 100.0 149
1756647670307 100.0 150
1756647670387 100.0 151
1756647670466 100.0 152
1756647670544 100.0 153
1756647670623 100.0 154
1756647670703 100.0 155
1756647670782 100.0 156
1756647670861 100.0 157
1756647670941 100.0 158
1756647671020 100.0 159
1756647671098 100.0 160
1756647671176 100.0 161
1756647671255 100.0 162
1756647671333 100.0 163
1756647671412 100.0 164
1756647671490 100.0 165
1756647671570 100.0 166
1756647671649 100.0 167
1756647671728 100.0 168
1756647671807 100.0 169
1756647671885 100.0 170
1756647671965 100.0 171
1756647672044 100.0 172
1756647672122 100.0 173
1756647672199 100.0 174
1756647672279 100.0 175
1756647672358 100.0 176
1756647672437 100.0 177
1756647672516 100.0 178
1756647672595 100.0 179
1756647672674 100.0 180
1756647672753 100.0 181
1756647672832 100.0 182
1756647672911 100.0 183
1756647672990 100.0 184
1756647673069 100.0 185
1756647673148 100.0 186
1756647673226 100.0 187
1756647673306 100.0 188
1756647673384 100.0 189
1756647673464 100.0 190
1756647673543 100.0 191
1756647673621 100.0 192
1756647673700 100.0 193
1756647673780 100.0 194
1756647673859 100.0 195
1756647673938 100.0 196
1756647674017 100.0 197
1756647674096 100.0 198
1756647674175 100.0 199
1756647674255 100.0 200
1756647674333 100.0 201
1756647674412 100.0 202
1756647674493 100.0 203
1756647674571 100.0 204
1756647674651 100.0 205
1756647674730 100.0 206
1756647674809 100.0 207
1756647674889 100.0 208
1756647674968 100.0 209
1756647675047 100.0 210
1756647675126 100.0 211
1756647675205 100.0 212
1756647675285 100.0 213
1756647675364 100.0 214
1756647675443 100.0 215
1756647675522 100.0 216
1756647675602 100.0 217
1756647675680 100.0 218
1756647675758 100.0 219
1756647675838 100.0 220
1756647675917 100.0 221
1756647675996 100.0 222
1756647676075 100.0 223
1756647676153 100.0 224
1756647676232 100.0 225
1756647676310 100.0 226
1756647676389 100.0 227
1756647676468 100.0 228
1756647676546 100.0 229
1756647676627 100.0 230
1756647676705 100.0 231
1756647676783 100.0 232
1756647676861 100.0 233
1756647676946 100.0 234
1756647677024 100.0 235
1756647677102 100.0 236
1756647677182 100.0 237
1756647677261 100.0 238
1756647677340 100.0 239
1756647677419 100.0 240
1756647677497 100.0 241
1756647677575 100.0 242
1756647677654 100.0 243
1756647677731 100.0 244
1756647677810 100.0 245
1756647677889 100.0 246
1756647677979 100.0 247
1756647678059 100.0 248
1756647678139 100.0 249
1756647678218 100.0 250
1756647678295 100.0 251
1756647678374 100.0 252
1756647678453 100.0 253
1756647678531 100.0 254
1756647678610 100.0 255
1756647678689 100.0 256
1756647678768 100.0 257
1756647678845 100.0 258
1756647678924 100.0 259
1756647679002 100.0 260
1756647679081 100.0 261
1756647679161 100.0 262
1756647679240 100.0 263
1756647679319 100.0 264
1756647679397 100.0 265
1756647679477 100.0 266
1756647679556 100.0 267
1756647679634 100.0 268
1756647679714 100.0 269
1756647679793 100.0 270
1756647679872 100.0 271
1756647679950 100.0 272
1756647680029 100.0 273
1756647680108 100.0 274
1756647680187 100.0 275
1756647680266 100.0 276
1756647680344 100.0 277
1756647680423 100.0 278
1756647680503 100.0 279
1756647680581 100.0 280
1756647680660 100.0 281
1756647680740 100.0 282
1756647680821 100.0 283
1756647680903 100.0 284
1756647680982 100.0 285
1756647681061 100.0 286
1756647681141 100.0 287
1756647681220 100.0 288
1756647681299 100.0 289
1756647681378 100.0 290
1756647681457 100.0 291
1756647681536 100.0 292
1756647681617 100.0 293
1756647681697 100.0 294
1756647681777 100.0 295
1756647681856 100.0 296
1756647681936 100.0 297
1756647682015 100.0 298
1756647682094 100.0 299
1756647690278 97.4584732055664 0
1756647690362 87.43793487548828 1
1756647690442 77.11286163330078 2
1756647690525 54.31877517700195 3
1756647690604 54.447914123535156 4
1756647690682 53.981143951416016 5
1756647690760 51.58366775512695 6
1756647690839 51.993812561035156 7
1756647690919 51.73746109008789 8
1756647690998 59.33340835571289 9
1756647691076 45.26968002319336 10
1756647691157 45.610015869140625 11
1756647691235 56.246376037597656 12
1756647691314 45.322906494140625 13
1756647691395 53.724605560302734 14
1756647691475 41.773616790771484 15
1756647691553 50.30035400390625 16
1756647691632 45.72590637207031 17
1756647691711 48.23240661621094 18
1756647691792 51.53962707519531 19
1756647691870 46.3137321472168 20
1756647691949 47.20913314819336 21
1756647692029 53.70332336425781 22
1756647692110 49.437767028808594 23
1756647692189 47.908138275146484 24
1756647692268 49.92680358886719 25
1756647692349 48.32720947265625 26
1756647692430 50.09458923339844 27
1756647692511 47.347633361816406 28
1756647692591 48.423465728759766 29
1756647692671 45.49449157714844 30
1756647692750 45.89144515991211 31
1756647692829 43.954044342041016 32
1756647692908 51.132179260253906 33
1756647692988 45.864070892333984 34
1756647693067 43.921363830566406 35
1756647693146 50.7652702331543 36
1756647693225 47.88070297241211 37
1756647693304 44.06690216064453 38
1756647693383 43.9793586730957 39
1756647693463 50.092227935791016 40
1756647693543 46.019588470458984 41
1756647693624 47.166622161865234 42
1756647693710 50.08085632324219 43
1756647693789 51.7924690246582 44
1756647693869 43.70077896118164 45
1756647693948 50.67326354980469 46
1756647694028 44.969993591308594 47
1756647694108 44.673213958740234 48
1756647694186 44.91352844238281 49
1756647694266 51.50450134277344 50
1756647694344 46.89259338378906 51
1756647694423 51.330970764160156 52
1756647694502 47.41041564941406 53
1756647694581 34.774959564208984 54
1756647694662 45.09574890136719 55
1756647694741 47.840721130371094 56
1756647694820 47.47621154785156 57
1756647694898 50.01414489746094 58
1756647694976 50.983150482177734 59
1756647695055 43.44414138793945 60
1756647695133 45.69168472290039 61
1756647695213 48.515384674072266 62
1756647695292 48.4344367980957 63
1756647695370 50.93499755859375 64
1756647695450 51.29266357421875 65
1756647695531 57.84012222290039 66
1756647695610 45.183631896972656 67
1756647695688 48.411495208740234 68
1756647695766 52.24126052856445 69
1756647695844 51.53779602050781 70
1756647695922 45.84030532836914 71
1756647696000 51.875389099121094 72
1756647696080 49.042503356933594 73
1756647696159 46.04955291748047 74
1756647696238 48.855430603027344 75
1756647696317 48.02151107788086 76
1756647696396 42.3090934753418 77
1756647696475 57.143978118896484 78
1756647696553 40.982154846191406 79
1756647696631 47.21382141113281 80
1756647696710 44.18478012084961 81
1756647696789 44.25286102294922 82
1756647696868 48.09555435180664 83
1756647696949 46.670372009277344 84
1756647697028 50.3332405090332 85
1756647697108 46.376800537109375 86
1756647697187 40.21003723144531 87
1756647697266 47.51882553100586 88
1756647697345 48.134220123291016 89
1756647697424 43.094669342041016 90
1756647697505 49.1252555847168 91
1756647697585 44.95170593261719 92
1756647697665 51.00859069824219 93
1756647697744 45.4522590637207 94
1756647697824 49.615169525146484 95
1756647697902 40.41739273071289 96
1756647697982 51.88185119628906 97
1756647698062 38.607601165771484 98
1756647698141 45.492122650146484 99
1756647698221 40.60149002075195 100
1756647698302 40.85350036621094 101
1756647698382 50.25771713256836 102
1756647698462 48.889671325683594 103
1756647698541 43.6015739440918 104
1756647698621 47.23086929321289 105
1756647698702 55.80776596069336 106
1756647698781 38.79329299926758 107
1756647698859 43.74308776855469 108
1756647698939 44.32609558105469 109
1756647699019 46.349483489990234 110
1756647699099 50.85313415527344 111
1756647699178 48.398216247558594 112
1756647699258 46.67729568481445 113
1756647699338 51.66244888305664 114
1756647699418 53.62371826171875 115
1756647699504 49.24092102050781 116
1756647699582 47.47196960449219 117
1756647699661 58.59469223022461 118
1756647699742 42.068546295166016 119
1756647699822 45.106849670410156 120
1756647699902 52.10976791381836 121
1756647699982 46.86897277832031 122
1756647700062 43.728702545166016 123
1756647700147 40.13426208496094 124
1756647700226 43.02899932861328 125
1756647700306 50.068870544433594 126
1756647700385 47.17607498168945 127
1756647700466 53.38784408569336 128
1756647700547 49.59141540527344 129
1756647700627 45.48191833496094 130
1756647700707 51.52806091308594 131
1756647700787 56.9974250793457 132
1756647700872 41.9290771484375 133
1756647701029 50.325416564941406 134
1756647701111 45.99514389038086 135
1756647701192 39.13821792602539 136
1756647701274 49.2164306640625 137
1756647701355 53.137489318847656 138
1756647701437 47.742069244384766 139
1756647701519 45.87128829956055 140
1756647701599 49.99771499633789 141
1756647701679 51.05008316040039 142
1756647701758 44.72551345825195 143
1756647701838 46.76957702636719 144
1756647701919 48.17009353637695 145
1756647701999 50.673927307128906 146
1756647702080 46.79648208618164 147
1756647702160 47.077659606933594 148
1756647702244 46.8637809753418 149
1756647702328 52.448097229003906 150
1756647702409 55.537330627441406 151
1756647702489 47.5977783203125 152
1756647702569 49.997032165527344 153
1756647702649 41.136863708496094 154
1756647702731 54.47214126586914 155
1756647702820 50.894962310791016 156
1756647702909 40.1653938293457 157
1756647702990 47.78876876831055 158
1756647703071 48.01663589477539 159
1756647703150 43.43257522583008 160
1756647703229 41.85581970214844 161
1756647703310 49.94264221191406 162
1756647703390 48.508480072021484 163
1756647703470 46.87702941894531 164
1756647703550 45.73017120361328 165
1756647703635 54.941551208496094 166
1756647703716 43.831111907958984 167
1756647703795 49.47854995727539 168
1756647703875 43.23101806640625 169
1756647703956 57.79789733886719 170
1756647704035 48.714561462402344 171
1756647704115 48.90037536621094 172
1756647704195 49.29414367675781 173
1756647704274 45.777427673339844 174
1756647704354 53.311744689941406 175
1756647704434 49.44076156616211 176
1756647704514 42.27485275268555 177
1756647704593 42.67317199707031 178
1756647704674 45.164119720458984 179
1756647704754 44.92472839355469 180
1756647704832 43.65638732910156 181
1756647704913 52.8280029296875 182
1756647704993 48.190879821777344 183
1756647705072 48.5997428894043 184
1756647705152 53.969486236572266 185
1756647705231 49.349830627441406 186
1756647705310 45.1136589050293 187
1756647705389 46.09244155883789 188
1756647705469 44.747318267822266 189
1756647705550 44.66725158691406 190
1756647705630 45.599449157714844 191
1756647705708 51.690975189208984 192
1756647705788 46.4950065612793 193
1756647705868 45.81694030761719 194
1756647705949 44.05828857421875 195
1756647706030 47.250850677490234 196
1756647706114 43.275028228759766 197
1756647706193 45.9670295715332 198
1756647706273 37.998291015625 199
1756647706352 44.47932434082031 200
1756647706432 43.5511589050293 201
1756647706511 45.77055358886719 202
1756647706592 47.6755256652832 203
1756647706670 49.79134750366211 204
1756647706750 45.900901794433594 205
1756647706829 46.67169189453125 206
1756647706909 38.99648666381836 207
1756647706990 46.41816711425781 208
1756647707069 49.8480339050293 209
1756647707149 52.27541732788086 210
1756647707229 43.77233123779297 211
1756647707309 51.34931564331055 212
1756647707388 45.00088119506836 213
1756647707468 50.1334114074707 214
1756647707549 42.297264099121094 215
1756647707628 49.970191955566406 216
1756647707707 40.65619659423828 217
1756647707787 43.51108169555664 218
1756647707866 46.92347717285156 219
1756647707945 51.978694915771484 220
1756647708026 45.521339416503906 221
1756647708106 48.10433578491211 222
1756647708186 50.276676177978516 223
1756647708267 56.8399658203125 224
1756647708346 49.4797477722168 225
1756647708427 49.84708023071289 226
1756647708509 49.459835052490234 227
1756647708589 45.31863784790039 228
1756647708669 48.20635986328125 229
1756647708749 45.74854278564453 230
1756647708829 42.690982818603516 231
1756647708909 49.72300720214844 232
1756647708991 44.873924255371094 233
1756647709071 44.8463134765625 234
1756647709151 44.28873062133789 235
1756647709232 45.94588851928711 236
1756647709312 39.31264877319336 237
1756647709391 50.41019058227539 238
1756647709472 50.546268463134766 239
1756647709553 50.563331604003906 240
1756647709633 54.10112380981445 241
1756647709713 43.28712844848633 242
1756647709792 46.65750503540039 243
1756647709872 44.728736877441406 244
1756647709952 47.646297454833984 245
1756647710038 53.325294494628906 246
1756647710118 54.50285339355469 247
1756647710198 52.215396881103516 248
1756647710277 41.886905670166016 249
1756647710357 53.804176330566406 250
1756647710436 42.918731689453125 251
1756647710519 51.39421081542969 252
1756647710598 50.3768424987793 253
1756647710680 39.137664794921875 254
1756647710760 48.70068359375 255
1756647710839 44.22051239013672 256
1756647710918 38.964569091796875 257
1756647710999 44.43177795410156 258
1756647711079 40.57790756225586 259
1756647711159 41.631263732910156 260
1756647711238 50.208797454833984 261
1756647711317 48.143455505371094 262
1756647711397 45.283966064453125 263
1756647711477 48.335899353027344 264
1756647711561 50.05085754394531 265
1756647711641 52.03644943237305 266
1756647711721 50.05473327636719 267
1756647711801 49.1676025390625 268
1756647711881 46.979312896728516 269
1756647711960 50.617244720458984 270
1756647712041 46.832767486572266 271
1756647712123 44.77174758911133 272
1756647712202 47.4251708984375 273
1756647712283 49.35856628417969 274
1756647712363 57.886474609375 275
1756647712442 47.42231369018555 276
1756647712523 40.031070709228516 277
1756647712604 42.388240814208984 278
1756647712683 51.005943298339844 279
1756647712764 41.280906677246094 280
1756647712844 46.833011627197266 281
1756647712924 49.743141174316406 282
1756647713006 47.224327087402344 283
1756647713086 49.43149185180664 284
1756647713167 40.516944885253906 285
1756647713246 47.87308120727539 286
1756647713327 48.74871826171875 287
1756647713406 52.22859191894531 288
1756647713488 49.9747200012207 289
1756647713569 43.5794563293457 290
1756647713648 48.87309265136719 291
1756647713728 48.73810958862305 292
1756647713807 41.70326232910156 293
1756647713888 47.54523849487305 294
1756647713968 45.599239349365234 295
1756647714048 42.46726989746094 296
1756647714128 45.15322494506836 297
1756647714208 49.015625 298
1756647714287 44.88520050048828 299
1756647722475 97.91106414794922 0
1756647722553 89.20823669433594 1
1756647722632 74.63712310791016 2
1756647722711 58.2484130859375 3
1756647722795 49.700435638427734 4
1756647722874 68.44465637207031 5
1756647722953 48.189231872558594 6
1756647723033 48.31057357788086 7
1756647723112 50.87577438354492 8
1756647723192 49.06232833862305 9
1756647723271 48.43729782104492 10
1756647723351 54.39181137084961 11
1756647723430 52.541343688964844 12
1756647723510 47.980491638183594 13
1756647723590 55.57707595825195 14
1756647723670 49.36227035522461 15
1756647723750 52.313201904296875 16
1756647723831 53.156959533691406 17
1756647723915 52.086734771728516 18
1756647723997 55.080745697021484 19
1756647724078 52.507232666015625 20
1756647724157 47.87886047363281 21
1756647724236 44.808258056640625 22
1756647724316 57.256256103515625 23
1756647724395 47.2244987487793 24
1756647724473 45.4437370300293 25
1756647724555 45.6153564453125 26
1756647724633 56.714359283447266 27
1756647724712 49.107444763183594 28
1756647724792 46.240474700927734 29
1756647724870 49.08612823486328 30
1756647724949 58.17391586303711 31
1756647725028 54.364444732666016 32
1756647725106 49.64677047729492 33
1756647725197 49.89220428466797 34
1756647725277 58.17391586303711 35
1756647725355 43.74241256713867 36
1756647725434 49.79601287841797 37
1756647725515 43.52583694458008 38
1756647725593 44.32011413574219 39
1756647725673 49.430179595947266 40
1756647725753 46.06131362915039 41
1756647725832 47.06726837158203 42
1756647725910 41.792083740234375 43
1756647725989 52.18739700317383 44
1756647726068 53.58432388305664 45
1756647726147 46.76423263549805 46
1756647726225 51.622047424316406 47
1756647726304 49.058067321777344 48
1756647726383 44.1549186706543 49
1756647726463 43.4857063293457 50
1756647726543 45.997920989990234 51
1756647726622 47.90227127075195 52
1756647726701 43.08586502075195 53
1756647726780 53.410919189453125 54
1756647726865 47.8978157043457 55
1756647726945 55.34053039550781 56
1756647727024 49.436519622802734 57
1756647727103 52.772823333740234 58
1756647727182 42.72090148925781 59
1756647727262 49.38496398925781 60
1756647727341 46.748287200927734 61
1756647727421 52.531063079833984 62
1756647727501 52.9598274230957 63
1756647727581 49.35048294067383 64
1756647727660 42.57655715942383 65
1756647727741 42.661537170410156 66
1756647727821 52.02214813232422 67
1756647727900 48.42316436767578 68
1756647727979 45.95686721801758 69
1756647728058 45.67156219482422 70
1756647728138 51.022220611572266 71
1756647728217 48.831756591796875 72
1756647728297 44.689720153808594 73
1756647728376 48.52030944824219 74
1756647728456 55.45265197753906 75
1756647728536 53.18166732788086 76
1756647728615 49.33762741088867 77
1756647728695 48.937828063964844 78
1756647728775 45.233612060546875 79
1756647728856 45.37239456176758 80
1756647728936 44.45574951171875 81
1756647729017 47.856109619140625 82
1756647729097 47.000003814697266 83
1756647729176 50.87726974487305 84
1756647729255 43.8043098449707 85
1756647729334 46.729896545410156 86
1756647729414 50.53334426879883 87
1756647729492 50.62379455566406 88
1756647729572 46.703773498535156 89
1756647729652 57.8891487121582 90
1756647729732 55.13386535644531 91
1756647729811 47.030433654785156 92
1756647729891 50.83289337158203 93
1756647729970 44.817508697509766 94
1756647730050 48.34809875488281 95
1756647730129 46.745819091796875 96
1756647730209 52.360713958740234 97
1756647730290 50.68419647216797 98
1756647730370 55.565853118896484 99
1756647730451 51.1175422668457 100
1756647730530 50.91170883178711 101
1756647730609 53.356544494628906 102
1756647730689 52.59611892700195 103
1756647730769 46.5406379699707 104
1756647730853 49.07006072998047 105
1756647730934 49.97963333129883 106
1756647731015 47.92504119873047 107
1756647731095 49.13962173461914 108
1756647731175 42.4350471496582 109
1756647731255 43.12324142456055 110
1756647731336 50.709556579589844 111
1756647731416 50.71101379394531 112
1756647731497 44.665287017822266 113
1756647731578 57.42628479003906 114
1756647731658 53.897987365722656 115
1756647731738 50.592926025390625 116
1756647731823 43.793582916259766 117
1756647731903 54.68519973754883 118
1756647731984 48.50661087036133 119
1756647732064 50.6236457824707 120
1756647732143 43.56462478637695 121
1756647732223 45.121498107910156 122
1756647732303 49.698768615722656 123
1756647732383 49.578277587890625 124
1756647732463 56.57349395751953 125
1756647732543 54.58234786987305 126
1756647732623 40.718223571777344 127
1756647732703 52.548439025878906 128
1756647732783 56.27347183227539 129
1756647732863 46.73411560058594 130
1756647732943 49.708656311035156 131
1756647733024 50.405574798583984 132
1756647733105 51.580142974853516 133
1756647733186 47.96879959106445 134
1756647733266 45.299652099609375 135
1756647733346 56.95868682861328 136
1756647733427 46.089534759521484 137
1756647733509 43.314876556396484 138
1756647733589 51.12348556518555 139
1756647733669 44.567134857177734 140
1756647733750 48.9531364440918 141
1756647733830 51.706809997558594 142
1756647733910 52.594451904296875 143
1756647733989 48.325721740722656 144
1756647734069 46.138023376464844 145
1756647734150 53.047088623046875 146
1756647734232 47.69621658325195 147
1756647734311 49.7679328918457 148
1756647734392 48.456241607666016 149
1756647734472 45.64176940917969 150
1756647734552 51.86427307128906 151
1756647734634 50.05060577392578 152
1756647734714 45.448646545410156 153
1756647734794 46.68014144897461 154
1756647734874 50.30709457397461 155
1756647734954 54.920509338378906 156
1756647735035 46.48542785644531 157
1756647735116 48.520320892333984 158
1756647735195 46.1342887878418 159
1756647735275 43.79426193237305 160
1756647735355 49.373695373535156 161
1756647735435 50.00859069824219 162
1756647735514 46.386741638183594 163
1756647735595 46.28038787841797 164
1756647735675 46.29253005981445 165
1756647735754 46.07316970825195 166
1756647735833 52.57877731323242 167
1756647735913 51.274600982666016 168
1756647735994 50.280120849609375 169
1756647736074 44.255706787109375 170
1756647736154 47.28474426269531 171
1756647736234 44.55339431762695 172
1756647736315 51.4012565612793 173
1756647736396 45.55781555175781 174
1756647736475 52.30873489379883 175
1756647736557 54.47956466674805 176
1756647736638 43.40044403076172 177
1756647736718 46.011653900146484 178
1756647736798 47.77708053588867 179
1756647736878 47.249595642089844 180
1756647736958 45.94948196411133 181
1756647737038 48.54488754272461 182
1756647737117 54.21518325805664 183
1756647737197 52.5941047668457 184
1756647737277 50.36251449584961 185
1756647737357 43.25107955932617 186
1756647737438 46.016387939453125 187
1756647737519 47.76703643798828 188
1756647737599 47.583221435546875 189
1756647737680 50.22639846801758 190
1756647737760 45.44102096557617 191
1756647737839 43.16427230834961 192
1756647737919 50.018165588378906 193
1756647737998 49.356842041015625 194
1756647738078 41.132938385009766 195
1756647738158 57.4136962890625 196
1756647738238 48.10157775878906 197
1756647738317 46.34946823120117 198
1756647738397 43.731502532958984 199
1756647738477 49.80656814575195 200
1756647738557 50.59085464477539 201
1756647738637 48.68547058105469 202
1756647738716 49.14535903930664 203
1756647738797 39.56944274902344 204
1756647738876 52.15751266479492 205
1756647738956 49.49663162231445 206
1756647739036 49.812198638916016 207
1756647739115 42.40412521362305 208
1756647739194 48.538536071777344 209
1756647739273 52.868228912353516 210
1756647739353 45.79340362548828 211
1756647739433 48.652408599853516 212
1756647739512 49.388587951660156 213
1756647739591 36.280357360839844 214
1756647739671 48.874202728271484 215
1756647739750 46.33329772949219 216
1756647739829 43.0763053894043 217
1756647739909 48.688899993896484 218
1756647739991 45.83066177368164 219
1756647740071 50.343475341796875 220
1756647740151 47.05003356933594 221
1756647740231 56.14564895629883 222
1756647740310 48.70415115356445 223
1756647740391 50.314857482910156 224
1756647740471 52.99534606933594 225
1756647740552 45.18098831176758 226
1756647740631 41.41651153564453 227
1756647740711 46.70051956176758 228
1756647740791 47.553138732910156 229
1756647740871 45.68455505371094 230
1756647740951 58.597721099853516 231
1756647741032 42.451107025146484 232
1756647741112 51.04555130004883 233
1756647741192 50.96150207519531 234
1756647741272 47.38529968261719 235
1756647741353 44.1391716003418 236
1756647741433 51.26637268066406 237
1756647741516 45.472103118896484 238
1756647741597 45.137794494628906 239
1756647741677 47.197505950927734 240
1756647741757 47.37592315673828 241
1756647741837 46.18533706665039 242
1756647741917 51.03889846801758 243
1756647741997 51.31827163696289 244
1756647742077 48.31608200073242 245
1756647742163 48.036888122558594 246
1756647742243 49.01710510253906 247
1756647742323 47.521759033203125 248
1756647742403 44.89911651611328 249
1756647742483 46.55059051513672 250
1756647742564 44.450340270996094 251
1756647742648 53.16873550415039 252
1756647742728 42.5579948425293 253
1756647742809 53.45794677734375 254
1756647742889 50.60653305053711 255
1756647742970 48.253379821777344 256
1756647743051 50.69093322753906 257
1756647743131 54.55303192138672 258
1756647743211 49.474056243896484 259
1756647743292 47.88630294799805 260
1756647743372 53.65618896484375 261
1756647743452 41.764408111572266 262
1756647743532 48.1021728515625 263
1756647743613 51.26478576660156 264
1756647743693 51.381675720214844 265
1756647743773 50.35089874267578 266
1756647743853 52.94822692871094 267
1756647743933 46.63133239746094 268
1756647744015 49.91092300415039 269
1756647744094 47.3036003112793 270
1756647744174 49.901634216308594 271
1756647744255 48.39912796020508 272
1756647744336 47.37150955200195 273
1756647744415 48.2261962890625 274
1756647744496 48.847904205322266 275
1756647744576 47.2176628112793 276
1756647744656 48.0130500793457 277
1756647744736 47.029232025146484 278
1756647744816 49.64508056640625 279
1756647744896 54.37715148925781 280
1756647744976 55.32405471801758 281
1756647745057 50.340667724609375 282
1756647745137 39.11293411254883 283
1756647745217 55.91826629638672 284
1756647745297 45.21488952636719 285
1756647745378 47.76744079589844 286
1756647745458 49.60992431640625 287
1756647745540 45.70640182495117 288
1756647745620 50.0623893737793 289
1756647745700 45.889251708984375 290
1756647745781 49.365055084228516 291
1756647745861 53.258323669433594 292
1756647745942 52.19392013549805 293
1756647746022 42.802513122558594 294
1756647746102 51.769718170166016 295
1756647746182 46.888221740722656 296
1756647746263 49.00981903076172 297
1756647746344 47.04024887084961 298
1756647746423 48.38717269897461 299
1756647754610 99.34850311279297 0
1756647754688 95.5417709350586 1
1756647754767 90.18620300292969 2
1756647754847 78.26160430908203 3
1756647754926 61.483158111572266 4
1756647755006 52.498069763183594 5
1756647755085 57.937767028808594 6
1756647755166 64.59005737304688 7
1756647755245 48.497947692871094 8
1756647755324 49.80204772949219 9
1756647755403 52.51987075805664 10
1756647755484 51.30729675292969 11
1756647755563 52.06547927856445 12
1756647755642 46.15321350097656 13
1756647755721 46.35512924194336 14
1756647755800 58.927467346191406 15
1756647755880 53.99968338012695 16
1756647755959 50.137046813964844 17
1756647756038 44.7963981628418 18
1756647756119 46.356590270996094 19
1756647756197 45.853824615478516 20
1756647756276 44.318782806396484 21
1756647756355 56.22296142578125 22
1756647756434 48.966678619384766 23
1756647756513 58.88265609741211 24
1756647756599 45.2513542175293 25
1756647756679 47.21237564086914 26
1756647756757 45.859928131103516 27
1756647756837 49.43179702758789 28
1756647756915 50.92790603637695 29
1756647756994 47.47508239746094 30
1756647757074 51.04057312011719 31
1756647757153 43.597557067871094 32
1756647757231 43.71923828125 33
1756647757310 39.5903205871582 34
1756647757389 45.4958381652832 35
1756647757467 47.07394027709961 36
1756647757545 53.00955581665039 37
1756647757624 38.79191589355469 38
1756647757703 43.40058517456055 39
1756647757781 48.91484069824219 40
1756647757859 46.542091369628906 41
1756647757938 50.466270446777344 42
1756647758017 47.31730651855469 43
1756647758096 39.99278259277344 44
1756647758177 42.05861282348633 45
1756647758255 41.329444885253906 46
1756647758334 45.757022857666016 47
1756647758413 44.84125900268555 48
1756647758491 47.60770034790039 49
1756647758570 47.279212951660156 50
1756647758649 50.93337631225586 51
1756647758728 45.55099105834961 52
1756647758807 42.9012565612793 53
1756647758886 38.42657470703125 54
1756647758965 43.69361877441406 55
1756647759044 40.70759582519531 56
1756647759124 43.499183654785156 57
1756647759204 49.19429016113281 58
1756647759286 53.972469329833984 59
1756647759367 48.76491928100586 60
1756647759447 48.96356201171875 61
1756647759528 57.534603118896484 62
1756647759609 47.5524787902832 63
1756647759689 46.795345306396484 64
1756647759770 44.5004997253418 65
1756647759851 45.49040222167969 66
1756647759932 50.07832336425781 67
1756647760013 45.66298294067383 68
1756647760094 51.3574104309082 69
1756647760176 46.435394287109375 70
1756647760258 41.056636810302734 71
1756647760340 55.914405822753906 72
1756647760420 43.29450988769531 73
1756647760505 45.41444396972656 74
1756647760587 43.28877258300781 75
1756647760667 41.46610641479492 76
1756647760748 46.2755012512207 77
1756647760829 44.8322868347168 78
1756647760911 49.13143539428711 79
1756647760992 47.49699401855469 80
1756647761073 48.6397819519043 81
1756647761154 48.7492561340332 82
1756647761236 47.00953674316406 83
1756647761318 42.14497756958008 84
1756647761399 48.746646881103516 85
1756647761484 46.210243225097656 86
1756647761566 48.63217544555664 87
1756647761649 42.82945251464844 88
1756647761730 47.20893859863281 89
1756647761811 41.40183639526367 90
1756647761895 35.439910888671875 91
1756647761977 51.405845642089844 92
1756647762058 52.11259460449219 93
1756647762139 40.21205139160156 94
1756647762220 53.72245788574219 95
1756647762302 46.86423110961914 96
1756647762381 52.262229919433594 97
1756647762462 48.759098052978516 98
1756647762544 43.53116226196289 99
1756647762625 48.583580017089844 100
1756647762707 53.251529693603516 101
1756647762789 50.16885757446289 102
1756647762870 50.78364562988281 103
1756647762952 50.955589294433594 104
1756647763034 46.595458984375 105
1756647763115 43.0849723815918 106
1756647763196 44.99779510498047 107
1756647763278 46.0687141418457 108
1756647763360 46.57003402709961 109
1756647763441 44.970577239990234 110
1756647763523 45.41915512084961 111
1756647763604 47.07176208496094 112
1756647763686 45.17034912109375 113
1756647763767 45.72816467285156 114
1756647763850 42.200374603271484 115
1756647763931 43.001338958740234 116
1756647764013 45.064327239990234 117
1756647764099 39.50055694580078 118
1756647764181 49.31851577758789 119
1756647764262 52.527950286865234 120
1756647764344 50.03976058959961 121
1756647764425 43.877010345458984 122
1756647764506 44.71832275390625 123
1756647764588 44.18268966674805 124
1756647764670 49.10441589355469 125
1756647764751 46.6541748046875 126
1756647764833 50.240787506103516 127
1756647764918 49.30497741699219 128
1756647765000 51.158626556396484 129
1756647765082 40.70622253417969 130
1756647765164 43.04017639160156 131
1756647765246 44.399871826171875 132
1756647765329 45.352054595947266 133
1756647765411 46.19015121459961 134
1756647765492 50.8922119140625 135
1756647765574 48.9280891418457 136
1756647765656 47.18657302856445 137
1756647765738 46.83945083618164 138
1756647765819 51.09773254394531 139
1756647765901 45.3134765625 140
1756647765982 49.054710388183594 141
1756647766065 42.045738220214844 142
1756647766147 49.6520881652832 143
1756647766229 44.219505310058594 144
1756647766311 46.12736511230469 145
1756647766393 51.18710708618164 146
1756647766474 48.44235610961914 147
1756647766556 45.252845764160156 148
1756647766639 39.285057067871094 149
1756647766721 43.49989318847656 150
1756647766803 42.287418365478516 151
1756647766885 48.164615631103516 152
1756647766967 41.44855880737305 153
1756647767050 42.94906997680664 154
1756647767131 43.53560256958008 155
1756647767214 42.085289001464844 156
1756647767296 39.96292495727539 157
1756647767378 56.4650993347168 158
1756647767460 51.342018127441406 159
1756647767543 46.95793533325195 160
1756647767625 50.7269287109375 161
1756647767706 49.75802230834961 162
1756647767788 49.246402740478516 163
1756647767870 50.412330627441406 164
1756647767952 46.8098030090332 165
1756647768034 51.043094635009766 166
1756647768116 49.65658187866211 167
1756647768201 38.418540954589844 168
1756647768283 45.20345687866211 169
1756647768365 45.45481872558594 170
1756647768447 52.78409194946289 171
1756647768529 51.117183685302734 172
1756647768611 47.22117614746094 173
1756647768694 40.44565200805664 174
1756647768776 49.302268981933594 175
1756647768857 44.49575424194336 176
1756647768938 45.319580078125 177
1756647769020 40.58547592163086 178
1756647769108 44.5090217590332 179
1756647769189 50.53618240356445 180
1756647769271 47.0223388671875 181
1756647769353 43.7254638671875 182
1756647769435 48.85698318481445 183
1756647769517 49.00094223022461 184
1756647769600 49.25276184082031 185
1756647769681 45.309844970703125 186
1756647769763 52.05489730834961 187
1756647769845 39.75724792480469 188
1756647769926 43.11041259765625 189
1756647770007 47.80716323852539 190
1756647770090 43.97404479980469 191
1756647770173 41.58460998535156 192
1756647770255 45.832279205322266 193
1756647770337 46.16923522949219 194
1756647770418 44.396244049072266 195
1756647770500 42.25001525878906 196
1756647770581 45.104888916015625 197
1756647770662 50.056968688964844 198
1756647770744 48.66679382324219 199
1756647770825 47.16408920288086 200
1756647770908 46.989601135253906 201
1756647770990 42.92205810546875 202
1756647771071 43.76675033569336 203
1756647771153 43.87202453613281 204
1756647771235 42.418827056884766 205
1756647771317 49.66750717163086 206
1756647771398 46.386539459228516 207
1756647771479 51.27912902832031 208
1756647771561 41.700225830078125 209
1756647771643 42.568668365478516 210
1756647771724 45.01869201660156 211
1756647771806 46.42375564575195 212
1756647771888 40.791831970214844 213
1756647771970 46.34988021850586 214
1756647772051 48.4447021484375 215
1756647772132 44.71895980834961 216
1756647772214 53.4693489074707 217
1756647772297 51.922119140625 218
1756647772379 51.5845832824707 219
1756647772461 42.16447830200195 220
1756647772543 44.84370422363281 221
1756647772632 49.527061462402344 222
1756647772725 43.18467712402344 223
1756647772809 44.45119857788086 224
1756647772892 47.54182052612305 225
1756647772975 45.826629638671875 226
1756647773064 43.7485237121582 227
1756647773146 40.15518569946289 228
1756647773229 47.71877670288086 229
1756647773310 45.10760498046875 230
1756647773393 52.8349609375 231
1756647773475 53.07040786743164 232
1756647773558 47.225807189941406 233
1756647773642 44.96015548706055 234
1756647773724 51.91191101074219 235
1756647773805 44.805152893066406 236
1756647773889 53.480201721191406 237
1756647773970 47.92892074584961 238
1756647774053 44.69255065917969 239
1756647774135 48.27070236206055 240
1756647774219 44.561988830566406 241
1756647774302 49.622554779052734 242
1756647774385 43.10209655761719 243
1756647774468 48.7663459777832 244
1756647774550 48.39791488647461 245
1756647774633 45.30171585083008 246
1756647774716 45.54140853881836 247
1756647774799 49.15591812133789 248
1756647774882 40.28900146484375 249
1756647774964 44.776973724365234 250
1756647775047 45.717926025390625 251
1756647775130 48.2510871887207 252
1756647775212 38.16650390625 253
1756647775295 48.337684631347656 254
1756647775378 49.30496597290039 255
1756647775460 42.95332336425781 256
1756647775543 48.3339958190918 257
1756647775629 38.691646575927734 258
1756647775711 54.54733657836914 259
1756647775793 46.52756881713867 260
1756647775874 39.59601593017578 261
1756647775956 45.985694885253906 262
1756647776039 46.45986557006836 263
1756647776122 49.441383361816406 264
1756647776204 47.6445426940918 265
1756647776287 41.65389633178711 266
1756647776369 55.697486877441406 267
1756647776451 53.47746658325195 268
1756647776533 46.829219818115234 269
1756647776616 46.50613021850586 270
1756647776702 43.747344970703125 271
1756647776784 47.573524475097656 272
1756647776866 49.978355407714844 273
1756647776948 48.856834411621094 274
1756647777030 41.718875885009766 275
1756647777112 45.58732604980469 276
1756647777194 45.96128845214844 277
1756647777277 52.94009780883789 278
1756647777359 47.194026947021484 279
1756647777441 44.79371643066406 280
1756647777523 47.51020812988281 281
1756647777606 47.169578552246094 282
1756647777688 43.860660552978516 283
1756647777770 54.483341217041016 284
1756647777851 41.88261032104492 285
1756647777933 43.1554069519043 286
1756647778015 52.18925476074219 287
1756647778098 52.37130355834961 288
1756647778180 51.786949157714844 289
1756647778263 47.137474060058594 290
1756647778345 44.776859283447266 291
1756647778427 41.72517395019531 292
1756647778509 49.49222183227539 293
1756647778593 49.81937026977539 294
1756647778675 47.84059143066406 295
1756647778757 50.31240463256836 296
1756647778838 49.765132904052734 297
1756647778920 47.5049934387207 298
1756647779001 49.607139587402344 299
1756647787192 98.95626068115234 0
1756647787272 94.19729614257812 1
1756647787352 85.46232604980469 2
1756647787434 73.14567565917969 3
1756647787515 52.64653015136719 4
1756647787595 53.18687057495117 5
1756647787682 68.53064727783203 6
1756647787762 49.340667724609375 7
1756647787842 53.864280700683594 8
1756647787923 40.882301330566406 9
1756647788003 53.86370849609375 10
1756647788085 52.69651412963867 11
1756647788166 46.575775146484375 12
1756647788246 48.13510513305664 13
1756647788327 41.37483596801758 14
1756647788407 48.83573532104492 15
1756647788488 53.7230339050293 16
1756647788568 50.100948333740234 17
1756647788650 54.51700210571289 18
1756647788732 46.9324951171875 19
1756647788812 50.609275817871094 20
1756647788893 41.2412109375 21
1756647788973 47.965431213378906 22
1756647789054 46.657203674316406 23
1756647789135 38.901695251464844 24
1756647789217 41.58452224731445 25
1756647789299 48.836421966552734 26
1756647789380 48.50676345825195 27
1756647789461 44.89221954345703 28
1756647789547 43.21910095214844 29
1756647789628 47.175140380859375 30
1756647789709 48.93483352661133 31
1756647789790 42.5008544921875 32
1756647789879 44.96589279174805 33
1756647789971 51.917884826660156 34
1756647790053 46.38780975341797 35
1756647790135 44.31086730957031 36
1756647790215 48.3433837890625 37
1756647790297 46.66791915893555 38
1756647790377 50.12473678588867 39
1756647790458 45.390716552734375 40
1756647790539 56.04994201660156 41
1756647790621 47.90544891357422 42
1756647790702 47.86698913574219 43
1756647790784 46.35172653198242 44
1756647790864 49.72449493408203 45
1756647790945 44.26921463012695 46
1756647791026 43.21097183227539 47
1756647791107 41.3062744140625 48
1756647791188 54.30408477783203 49
1756647791270 43.363441467285156 50
1756647791351 47.35698318481445 51
1756647791432 48.3724365234375 52
1756647791514 40.0898551940918 53
1756647791599 53.987693786621094 54
1756647791680 51.46404266357422 55
1756647791762 45.85731887817383 56
1756647791843 42.70058059692383 57
1756647791924 51.217796325683594 58
1756647792006 43.459068298339844 59
1756647792087 50.26387405395508 60
1756647792169 51.27581787109375 61
1756647792250 44.983245849609375 62
1756647792331 40.260276794433594 63
1756647792412 47.12696838378906 64
1756647792494 48.01069259643555 65
1756647792575 44.15367126464844 66
1756647792659 38.78114700317383 67
1756647792744 56.281898498535156 68
1756647792826 39.02760696411133 69
1756647792907 48.68385696411133 70
1756647792989 41.397708892822266 71
1756647793071 43.42253875732422 72
1756647793152 58.289363861083984 73
1756647793234 43.31108474731445 74
1756647793316 47.7309455871582 75
1756647793397 45.16792678833008 76
1756647793479 39.85446548461914 77
1756647793561 44.62093734741211 78
1756647793642 48.45988845825195 79
1756647793724 50.493316650390625 80
1756647793806 51.296607971191406 81
1756647793887 46.82603073120117 82
1756647793969 43.491695404052734 83
1756647794050 50.92805099487305 84
1756647794132 54.232688903808594 85
1756647794213 38.37870407104492 86
1756647794296 41.445533752441406 87
1756647794377 43.685340881347656 88
1756647794459 42.031341552734375 89
1756647794541 51.2879524230957 90
1756647794623 42.422523498535156 91
1756647794704 54.74614334106445 92
1756647794786 42.50297546386719 93
1756647794873 44.27875518798828 94
1756647794954 49.075531005859375 95
1756647795036 43.21489715576172 96
1756647795118 47.20482635498047 97
1756647795200 47.81830978393555 98
1756647795282 47.198055267333984 99
1756647795364 49.05081558227539 100
1756647795445 52.731773376464844 101
1756647795526 47.024906158447266 102
1756647795608 49.881900787353516 103
1756647795690 41.66249465942383 104
1756647795772 44.90192794799805 105
1756647795853 50.717498779296875 106
1756647795934 44.84013748168945 107
1756647796017 48.95318603515625 108
1756647796099 42.86952590942383 109
1756647796180 40.67434310913086 110
1756647796262 53.05541229248047 111
1756647796343 44.96854019165039 112
1756647796428 43.003509521484375 113
1756647796511 44.66691970825195 114
1756647796592 46.48977279663086 115
1756647796673 52.85650634765625 116
1756647796755 44.289615631103516 117
1756647796837 49.112125396728516 118
1756647796918 47.40644836425781 119
1756647796999 43.7149658203125 120
1756647797080 46.39849853515625 121
1756647797162 49.19874572753906 122
1756647797245 50.93986892700195 123
1756647797327 46.0631217956543 124
1756647797409 39.327491760253906 125
1756647797491 49.34516143798828 126
1756647797573 48.272682189941406 127
1756647797656 43.78486251831055 128
1756647797738 54.29643630981445 129
1756647797820 43.47057342529297 130
1756647797902 41.78976821899414 131
1756647797984 53.28889083862305 132
1756647798067 48.028499603271484 133
1756647798149 46.582881927490234 134
1756647798231 53.90392303466797 135
1756647798313 37.36627960205078 136
1756647798400 47.95805358886719 137
1756647798482 47.24838638305664 138
1756647798564 43.1420783996582 139
1756647798648 47.91609191894531 140
1756647798731 37.39201736450195 141
1756647798813 43.302486419677734 142
1756647798894 47.32136535644531 143
1756647798977 47.1324577331543 144
1756647799058 43.9706916809082 145
1756647799139 44.1890869140625 146
1756647799222 48.03834915161133 147
1756647799310 45.625328063964844 148
1756647799391 46.54233169555664 149
1756647799473 42.10268020629883 150
1756647799554 51.218528747558594 151
1756647799636 45.13499450683594 152
1756647799717 44.04362106323242 153
1756647799799 46.49406433105469 154
1756647799880 46.67618179321289 155
1756647799962 46.8990592956543 156
1756647800044 44.70232009887695 157
1756647800126 37.42015838623047 158
1756647800208 47.86668395996094 159
1756647800289 43.69562530517578 160
1756647800371 46.4130859375 161
1756647800453 48.998260498046875 162
1756647800534 44.06825637817383 163
1756647800616 50.10773468017578 164
1756647800698 45.58818054199219 165
1756647800780 42.642478942871094 166
1756647800860 52.242374420166016 167
1756647800943 45.148956298828125 168
1756647801025 42.33565902709961 169
1756647801108 44.76410675048828 170
1756647801196 47.81040573120117 171
1756647801278 48.42009735107422 172
1756647801358 43.63405990600586 173
1756647801442 46.935482025146484 174
1756647801523 43.911399841308594 175
1756647801605 45.98911666870117 176
1756647801686 53.659244537353516 177
1756647801768 45.603763580322266 178
1756647801850 49.614410400390625 179
1756647801930 49.00887680053711 180
1756647802012 43.59489822387695 181
1756647802093 45.82963562011719 182
1756647802174 48.86369323730469 183
1756647802257 47.395240783691406 184
1756647802338 44.449275970458984 185
1756647802419 45.47646713256836 186
1756647802500 43.4764518737793 187
1756647802581 50.48347473144531 188
1756647802662 49.259456634521484 189
1756647802744 46.80267333984375 190
1756647802825 50.202571868896484 191
1756647802907 45.92597198486328 192
1756647802987 44.84230041503906 193
1756647803069 51.91869354248047 194
1756647803151 41.799537658691406 195
1756647803232 47.82297897338867 196
1756647803314 54.480690002441406 197
1756647803396 48.84626388549805 198
1756647803478 43.6319465637207 199
1756647803559 51.045013427734375 200
1756647803640 47.419166564941406 201
1756647803722 42.49939727783203 202
1756647803803 45.91194534301758 203
1756647803885 46.344425201416016 204
1756647803966 60.4949951171875 205
1756647804048 48.40702819824219 206
1756647804130 43.04022979736328 207
1756647804217 42.77462387084961 208
1756647804299 44.2047004699707 209
1756647804380 47.955963134765625 210
1756647804462 43.247314453125 211
1756647804544 38.48212432861328 212
1756647804627 44.08058166503906 213
1756647804709 49.142765045166016 214
1756647804791 43.122413635253906 215
1756647804873 42.74760818481445 216
1756647804955 45.32938003540039 217
1756647805036 45.94746398925781 218
1756647805118 47.89366912841797 219
1756647805199 43.794586181640625 220
1756647805280 46.590492248535156 221
1756647805361 48.829627990722656 222
1756647805443 37.38990783691406 223
1756647805524 47.95869445800781 224
1756647805605 47.1219482421875 225
1756647805687 40.69301986694336 226
1756647805767 47.39064025878906 227
1756647805848 43.77819061279297 228
1756647805929 45.813968658447266 229
1756647806009 47.20193862915039 230
1756647806090 43.69374465942383 231
1756647806171 41.6259880065918 232
1756647806252 46.216156005859375 233
1756647806332 47.94453430175781 234
1756647806412 41.383453369140625 235
1756647806493 43.89945983886719 236
1756647806574 51.98398971557617 237
1756647806654 52.07524871826172 238
1756647806735 47.36956787109375 239
1756647806816 46.733497619628906 240
1756647806897 50.24546813964844 241
1756647806977 51.86276626586914 242
1756647807057 47.203224182128906 243
1756647807138 45.18793869018555 244
1756647807219 47.392330169677734 245
1756647807300 48.06000900268555 246
1756647807381 47.66839599609375 247
1756647807462 39.72176742553711 248
1756647807543 43.236427307128906 249
1756647807624 45.37841796875 250
1756647807705 54.07892990112305 251
1756647807786 42.5472412109375 252
1756647807866 44.84833908081055 253
1756647807953 44.04856491088867 254
1756647808035 42.898799896240234 255
1756647808116 42.60546875 256
1756647808197 44.703346252441406 257
1756647808278 44.27910232543945 258
1756647808360 37.029380798339844 259
1756647808445 46.05052947998047 260
1756647808526 41.46311950683594 261
1756647808606 45.7612419128418 262
1756647808687 48.525794982910156 263
1756647808768 48.074928283691406 264
1756647808849 47.29170227050781 265
1756647808930 44.341636657714844 266
1756647809011 46.56278610229492 267
1756647809092 52.79839324951172 268
1756647809174 48.97724151611328 269
1756647809256 46.523075103759766 270
1756647809337 47.8262825012207 271
1756647809419 45.386775970458984 272
1756647809501 41.68368148803711 273
1756647809583 34.627593994140625 274
1756647809664 45.07612228393555 275
1756647809746 46.229854583740234 276
1756647809827 43.719974517822266 277
1756647809908 39.908023834228516 278
1756647809989 44.467506408691406 279
1756647810070 51.42638397216797 280
1756647810151 46.109397888183594 281
1756647810232 45.67734909057617 282
1756647810315 47.24417495727539 283
1756647810397 47.157752990722656 284
1756647810479 49.16276168823242 285
1756647810561 38.394935607910156 286
1756647810642 40.350990295410156 287
1756647810723 55.2036247253418 288
1756647810805 49.13249588012695 289
1756647810887 48.134029388427734 290
1756647810968 44.34838104248047 291
1756647811049 43.84185791015625 292
1756647811132 50.668243408203125 293
1756647811214 50.1329460144043 294
1756647811295 46.558719635009766 295
1756647811379 50.49310302734375 296
1756647811460 44.38520812988281 297
1756647811541 46.687103271484375 298
1756647811623 46.647438049316406 299
1756647819780 97.28312683105469 0
1756647819838 90.6225814819336 1
1756647819892 80.53628540039062 2
1756647819947 71.63701629638672 3
1756647820003 59.928043365478516 4
1756647820058 55.930667877197266 5
1756647820113 54.378231048583984 6
1756647820172 55.54072570800781 7
1756647820233 55.903079986572266 8
1756647820292 48.65199279785156 9
1756647820347 54.056617736816406 10
1756647820406 51.98497009277344 11
1756647820461 54.3326416015625 12
1756647820516 54.73161315917969 13
1756647820571 59.73187255859375 14
1756647820626 52.83305358886719 15
1756647820686 51.49555969238281 16
1756647820745 46.830753326416016 17
1756647820799 57.34318542480469 18
1756647820855 51.100486755371094 19
1756647820977 53.958797454833984 20
1756647821044 46.05781555175781 21
1756647821098 53.28312683105469 22
1756647821152 59.93313980102539 23
1756647821207 56.0510139465332 24
1756647821265 58.17686462402344 25
1756647821320 67.495849609375 26
1756647821375 55.55875015258789 27
1756647821430 51.84011459350586 28
1756647821485 44.53058624267578 29
1756647821540 52.28242111206055 30
1756647821596 55.901485443115234 31
1756647821653 54.9989128112793 32
1756647821708 55.05552673339844 33
1756647821763 57.22673034667969 34
1756647821819 49.4607048034668 35
1756647821874 54.75825500488281 36
1756647821929 51.731666564941406 37
1756647821984 50.5643310546875 38
1756647822039 53.192970275878906 39
1756647822094 49.26693344116211 40
1756647822150 52.74140930175781 41
1756647822205 54.352378845214844 42
1756647822265 48.294532775878906 43
1756647822321 50.85498046875 44
1756647822379 53.500267028808594 45
1756647822438 51.820045471191406 46
1756647822494 53.472049713134766 47
1756647822552 48.79460144042969 48
1756647822615 49.78165054321289 49
1756647822670 52.3847770690918 50
1756647822726 50.363529205322266 51
1756647822781 53.132205963134766 52
1756647822837 53.765316009521484 53
1756647822892 49.895835876464844 54
1756647822949 44.73273468017578 55
1756647823007 47.73933410644531 56
1756647823064 50.855369567871094 57
1756647823121 48.899024963378906 58
1756647823177 49.467525482177734 59
1756647823234 51.587852478027344 60
1756647823290 48.4848518371582 61
1756647823347 49.2903938293457 62
1756647823407 49.183834075927734 63
1756647823463 57.066627502441406 64
1756647823520 50.850955963134766 65
1756647823577 50.9930305480957 66
1756647823638 47.57466125488281 67
1756647823693 49.19977951049805 68
1756647823749 53.87044906616211 69
1756647823805 48.099422454833984 70
1756647823861 45.3687858581543 71
1756647823916 48.614601135253906 72
1756647823972 53.479915618896484 73
1756647824028 52.382747650146484 74
1756647824084 53.076026916503906 75
1756647824140 47.687076568603516 76
1756647824196 53.660255432128906 77
1756647824252 54.501914978027344 78
1756647824308 51.03093338012695 79
1756647824364 52.96656799316406 80
1756647824426 51.4005126953125 81
1756647824485 50.522727966308594 82
1756647824540 49.71622085571289 83
1756647824596 56.806861877441406 84
1756647824656 47.52933120727539 85
1756647824712 50.38623046875 86
1756647824768 56.5865364074707 87
1756647824824 50.48306655883789 88
1756647824880 52.23386001586914 89
1756647824935 51.84621810913086 90
1756647824991 50.828102111816406 91
1756647825046 50.932945251464844 92
1756647825102 49.93635559082031 93
1756647825157 46.67010498046875 94
1756647825213 52.56878662109375 95
1756647825269 54.060489654541016 96
1756647825325 51.136592864990234 97
1756647825381 50.00456619262695 98
1756647825437 54.553565979003906 99
1756647825493 52.37345886230469 100
1756647825549 49.394161224365234 101
1756647825606 53.20881652832031 102
1756647825662 44.48676681518555 103
1756647825718 56.816097259521484 104
1756647825775 47.42453384399414 105
1756647825836 54.22970199584961 106
1756647825894 45.86393737792969 107
1756647825949 43.86266326904297 108
1756647826004 45.756805419921875 109
1756647826060 51.51913070678711 110
1756647826117 50.392478942871094 111
1756647826174 52.45304870605469 112
1756647826233 53.085758209228516 113
1756647826289 42.154170989990234 114
1756647826344 47.708473205566406 115
1756647826400 56.3054084777832 116
1756647826457 55.0673942565918 117
1756647826512 51.55313491821289 118
1756647826568 50.17485046386719 119
1756647826624 41.794151306152344 120
1756647826680 50.3333625793457 121
1756647826737 47.19270324707031 122
1756647826795 55.91268539428711 123
1756647826850 53.1503791809082 124
1756647826906 52.54446792602539 125
1756647826962 50.59237289428711 126
1756647827017 47.4066276550293 127
1756647827073 49.88345718383789 128
1756647827129 53.58293151855469 129
1756647827185 47.032039642333984 130
1756647827240 53.3504524230957 131
1756647827296 46.9876594543457 132
1756647827351 60.02864074707031 133
1756647827407 51.79623794555664 134
1756647827462 44.64212417602539 135
1756647827518 50.81010437011719 136
1756647827574 44.52870178222656 137
1756647827630 54.5147590637207 138
1756647827686 46.31478500366211 139
1756647827741 49.97389221191406 140
1756647827797 51.252628326416016 141
1756647827853 49.879005432128906 142
1756647827909 41.67374038696289 143
1756647827965 48.39767074584961 144
1756647828020 45.740543365478516 145
1756647828076 56.91423034667969 146
1756647828133 50.627201080322266 147
1756647828188 54.24344253540039 148
1756647828243 49.91874694824219 149
1756647828299 45.687416076660156 150
1756647828355 46.527828216552734 151
1756647828411 47.849525451660156 152
1756647828467 47.0506706237793 153
1756647828526 51.35761642456055 154
1756647828581 49.952816009521484 155
1756647828638 42.53904724121094 156
1756647828693 44.6822395324707 157
1756647828749 53.719966888427734 158
1756647828806 50.33499526977539 159
1756647828863 47.774662017822266 160
1756647828920 51.02803039550781 161
1756647828976 54.915550231933594 162
1756647829033 41.7634391784668 163
1756647829090 55.046119689941406 164
1756647829146 50.29708480834961 165
1756647829202 49.689697265625 166
1756647829259 53.93074035644531 167
1756647829315 47.60733413696289 168
1756647829371 53.8241081237793 169
1756647829428 47.258644104003906 170
1756647829484 51.9954948425293 171
1756647829540 51.418128967285156 172
1756647829597 46.38951873779297 173
1756647829653 52.708839416503906 174
1756647829709 50.215980529785156 175
1756647829766 49.31253433227539 176
1756647829822 50.88954162597656 177
1756647829878 43.585575103759766 178
1756647829935 45.91379165649414 179
1756647829991 49.68021011352539 180
1756647830047 47.18547439575195 181
1756647830103 52.717227935791016 182
1756647830159 47.533226013183594 183
1756647830214 48.17436218261719 184
1756647830270 50.265708923339844 185
1756647830329 55.330528259277344 186
1756647830385 59.917781829833984 187
1756647830442 51.99031066894531 188
1756647830500 48.63945007324219 189
1756647830563 58.669612884521484 190
1756647830621 47.469539642333984 191
1756647830677 46.850181579589844 192
1756647830734 47.674556732177734 193
1756647830790 55.129756927490234 194
1756647830846 45.83590316772461 195
1756647830902 46.616641998291016 196
1756647830958 45.92642593383789 197
1756647831013 52.08285903930664 198
1756647831070 56.58919906616211 199
1756647831128 43.08359909057617 200
1756647831184 51.02299880981445 201
1756647831240 56.104434967041016 202
1756647831296 47.540287017822266 203
1756647831351 59.4179801940918 204
1756647831406 45.890235900878906 205
1756647831462 43.77687072753906 206
1756647831518 48.8291015625 207
1756647831573 54.5247688293457 208
1756647831631 52.91685485839844 209
1756647831687 47.19619369506836 210
1756647831743 47.89373779296875 211
1756647831799 56.47981262207031 212
1756647831856 52.90693283081055 213
1756647831911 46.48685073852539 214
1756647831968 47.524269104003906 215
1756647832024 47.189395904541016 216
1756647832079 45.05060577392578 217
1756647832137 49.01448059082031 218
1756647832193 45.680633544921875 219
1756647832249 51.110023498535156 220
1756647832304 53.3289909362793 221
1756647832360 46.603050231933594 222
1756647832415 53.01384353637695 223
1756647832472 55.005531311035156 224
1756647832528 49.1022834777832 225
1756647832584 56.63750076293945 226
1756647832642 50.58781433105469 227
1756647832698 51.72018051147461 228
1756647832754 50.392555236816406 229
1756647832810 50.703739166259766 230
1756647832866 50.935359954833984 231
1756647832923 46.22031784057617 232
1756647832979 43.35781478881836 233
1756647833036 52.612674713134766 234
1756647833092 51.03201675415039 235
1756647833149 48.40383529663086 236
1756647833205 53.9852180480957 237
1756647833261 51.77767562866211 238
1756647833317 42.205718994140625 239
1756647833373 43.73154830932617 240
1756647833428 54.014522552490234 241
1756647833486 43.96133041381836 242
1756647833543 48.01341247558594 243
1756647833600 52.441959381103516 244
1756647833657 51.8989143371582 245
1756647833713 49.216609954833984 246
1756647833770 52.48581314086914 247
1756647833826 44.68755340576172 248
1756647833883 52.13912582397461 249
1756647833940 56.765445709228516 250
1756647833997 51.99161148071289 251
1756647834053 53.59370040893555 252
1756647834110 43.8355598449707 253
1756647834167 48.353511810302734 254
1756647834224 47.39925765991211 255
1756647834280 51.68376159667969 256
1756647834337 48.57790756225586 257
1756647834394 53.7757453918457 258
1756647834450 46.28947830200195 259
1756647834508 54.250057220458984 260
1756647834565 50.493038177490234 261
1756647834623 53.0462532043457 262
1756647834680 45.215782165527344 263
1756647834738 51.13032531738281 264
1756647834795 52.76071548461914 265
1756647834851 52.667545318603516 266
1756647834908 50.153564453125 267
1756647834965 54.482093811035156 268
1756647835023 51.83244705200195 269
1756647835080 56.12392807006836 270
1756647835138 51.91207504272461 271
1756647835195 48.172264099121094 272
1756647835251 52.358463287353516 273
1756647835306 45.206871032714844 274
1756647835363 50.13160705566406 275
1756647835419 50.91499328613281 276
1756647835475 50.998985290527344 277
1756647835532 39.791988372802734 278
1756647835589 45.28825378417969 279
1756647835647 50.09783935546875 280
1756647835703 48.737125396728516 281
1756647835760 57.740211486816406 282
1756647835817 40.348026275634766 283
1756647835873 51.95917892456055 284
1756647835930 47.91941833496094 285
1756647835986 54.00630187988281 286
1756647836043 40.07248306274414 287
1756647836099 52.082401275634766 288
1756647836156 48.88609313964844 289
1756647836212 49.424068450927734 290
1756647836269 54.40234375 291
1756647836326 53.268043518066406 292
1756647836383 57.46632385253906 293
1756647836439 50.211421966552734 294
1756647836495 55.169761657714844 295
1756647836553 52.251487731933594 296
1756647836613 50.06912612915039 297
1756647836674 49.31248474121094 298
1756647836731 47.477603912353516 299
1756647844886 97.62577819824219 0
1756647844944 91.94430541992188 1
1756647844999 80.42538452148438 2
1756647845055 75.84059143066406 3
1756647845115 65.14793395996094 4
1756647845171 51.4619026184082 5
1756647845228 56.4521369934082 6
1756647845283 53.75334167480469 7
1756647845338 62.450748443603516 8
1756647845394 64.00408935546875 9
1756647845449 59.5927848815918 10
1756647845505 59.49431610107422 11
1756647845561 57.1746711730957 12
1756647845618 44.61442947387695 13
1756647845677 59.38040542602539 14
1756647845733 51.46015930175781 15
1756647845795 63.68391799926758 16
1756647845850 48.825111389160156 17
1756647845905 53.99827575683594 18
1756647845960 60.2960205078125 19
1756647846016 53.402923583984375 20
1756647846072 61.06840515136719 21
1756647846128 62.899898529052734 22
1756647846183 61.51530838012695 23
1756647846239 53.20163345336914 24
1756647846294 59.55464172363281 25
1756647846350 56.142364501953125 26
1756647846407 54.62656784057617 27
1756647846463 50.1161994934082 28
1756647846521 57.50126266479492 29
1756647846584 52.39752197265625 30
1756647846640 56.54227828979492 31
1756647846696 60.37974166870117 32
1756647846752 60.46996307373047 33
1756647846808 55.98541259765625 34
1756647846864 57.993316650390625 35
1756647846919 59.363365173339844 36
1756647846977 53.98955535888672 37
1756647847037 58.820953369140625 38
1756647847092 55.804412841796875 39
1756647847151 48.89765167236328 40
1756647847207 59.76047897338867 41
1756647847262 54.30830383300781 42
1756647847318 54.01386260986328 43
1756647847373 55.38908767700195 44
1756647847429 62.98552703857422 45
1756647847485 57.281185150146484 46
1756647847542 59.36861801147461 47
1756647847600 60.2928352355957 48
1756647847656 60.52309799194336 49
1756647847712 53.281314849853516 50
1756647847768 57.98386001586914 51
1756647847824 48.9898567199707 52
1756647847880 62.39750671386719 53
1756647847936 52.25220489501953 54
1756647847992 60.19068145751953 55
1756647848048 55.430171966552734 56
1756647848104 53.53321838378906 57
1756647848160 54.7010612487793 58
1756647848216 53.304115295410156 59
1756647848275 56.383792877197266 60
1756647848330 56.516536712646484 61
1756647848386 53.4374885559082 62
1756647848443 45.70610809326172 63
1756647848500 55.48541259765625 64
1756647848556 57.12812805175781 65
1756647848613 50.204925537109375 66
1756647848670 55.668331146240234 67
1756647848726 51.885215759277344 68
1756647848781 58.69502639770508 69
1756647848837 61.307830810546875 70
1756647848893 60.32490921020508 71
1756647848949 53.009315490722656 72
1756647849004 56.47825241088867 73
1756647849060 56.665828704833984 74
1756647849117 51.792091369628906 75
1756647849174 50.5880126953125 76
1756647849230 59.62091827392578 77
1756647849286 55.30554962158203 78
1756647849343 53.1253662109375 79
1756647849399 60.994449615478516 80
1756647849455 59.56321334838867 81
1756647849510 59.9613037109375 82
1756647849566 55.509437561035156 83
1756647849623 61.72176742553711 84
1756647849683 53.43385696411133 85
1756647849739 49.67974090576172 86
1756647849794 60.46493148803711 87
1756647849850 57.0185432434082 88
1756647849905 54.50503158569336 89
1756647849961 56.275390625 90
1756647850017 63.84998321533203 91
1756647850073 55.21839904785156 92
1756647850130 62.22845458984375 93
1756647850187 52.8511848449707 94
1756647850242 49.08373260498047 95
1756647850299 58.708160400390625 96
1756647850354 56.930450439453125 97
1756647850410 54.64405822753906 98
1756647850467 58.85844421386719 99
1756647850523 55.10072326660156 100
1756647850580 57.58515930175781 101
1756647850638 57.86431121826172 102
1756647850695 62.26528549194336 103
1756647850751 59.0335578918457 104
1756647850808 59.006858825683594 105
1756647850865 55.54268264770508 106
1756647850925 48.94395065307617 107
1756647850982 55.99201202392578 108
1756647851038 52.609249114990234 109
1756647851094 60.303462982177734 110
1756647851152 52.4961051940918 111
1756647851214 58.73934555053711 112
1756647851274 58.13833236694336 113
1756647851334 48.53432846069336 114
1756647851394 47.26737976074219 115
1756647851454 56.91059494018555 116
1756647851515 56.85630798339844 117
1756647851575 57.99082565307617 118
1756647851636 59.59622573852539 119
1756647851699 52.002017974853516 120
1756647851757 60.90586471557617 121
1756647851815 53.583492279052734 122
1756647851870 50.63226318359375 123
1756647851927 55.400028228759766 124
1756647851984 56.48398971557617 125
1756647852040 60.42026138305664 126
1756647852096 58.473812103271484 127
1756647852153 61.024261474609375 128
1756647852211 54.4423713684082 129
1756647852267 56.12077713012695 130
1756647852324 51.93849182128906 131
1756647852380 55.72024154663086 132
1756647852436 57.530799865722656 133
1756647852493 56.40736770629883 134
1756647852550 55.19273376464844 135
1756647852607 53.13338851928711 136
1756647852665 57.62602996826172 137
1756647852721 59.725982666015625 138
1756647852778 49.71022033691406 139
1756647852835 56.66417694091797 140
1756647852891 53.44623565673828 141
1756647852948 54.46122360229492 142
1756647853004 61.638885498046875 143
1756647853065 52.82710266113281 144
1756647853125 47.57261276245117 145
1756647853186 63.30787658691406 146
1756647853241 54.031124114990234 147
1756647853297 56.6923942565918 148
1756647853354 56.585838317871094 149
1756647853410 60.304107666015625 150
1756647853465 61.88411331176758 151
1756647853521 48.743743896484375 152
1756647853576 57.701507568359375 153
1756647853632 52.103816986083984 154
1756647853689 61.00825500488281 155
1756647853745 49.772911071777344 156
1756647853801 50.25886154174805 157
1756647853858 60.97175216674805 158
1756647853914 52.56501388549805 159
1756647853970 49.48044204711914 160
1756647854026 50.60194778442383 161
1756647854083 62.19841766357422 162
1756647854140 48.935237884521484 163
1756647854196 57.19540023803711 164
1756647854252 58.679588317871094 165
1756647854308 54.50297546386719 166
1756647854365 55.97026824951172 167
1756647854421 53.548465728759766 168
1756647854477 60.219329833984375 169
1756647854536 56.58466339111328 170
1756647854600 50.80589294433594 171
1756647854656 58.077476501464844 172
1756647854712 56.9483528137207 173
1756647854768 50.39516830444336 174
1756647854824 57.219276428222656 175
1756647854880 56.468482971191406 176
1756647854936 54.86238098144531 177
1756647854991 52.5868034362793 178
1756647855047 54.789512634277344 179
1756647855103 53.56966018676758 180
1756647855160 57.65953063964844 181
1756647855216 52.187198638916016 182
1756647855272 53.55290985107422 183
1756647855328 53.7154541015625 184
1756647855384 55.07111740112305 185
1756647855440 58.148712158203125 186
1756647855496 61.14503479003906 187
1756647855552 58.74689483642578 188
1756647855608 52.58415985107422 189
1756647855665 50.84724044799805 190
1756647855720 49.30545425415039 191
1756647855777 54.01235580444336 192
1756647855834 57.38386154174805 193
1756647855890 54.6533203125 194
1756647855947 54.705352783203125 195
1756647856003 44.39047622680664 196
1756647856060 61.455543518066406 197
1756647856117 59.65747833251953 198
1756647856174 55.36856460571289 199
1756647856231 57.096378326416016 200
1756647856288 58.96879959106445 201
1756647856344 55.51405715942383 202
1756647856401 58.83238220214844 203
1756647856457 52.48408508300781 204
1756647856513 64.47537994384766 205
1756647856569 51.728580474853516 206
1756647856627 57.594810485839844 207
1756647856687 60.35095977783203 208
1756647856744 53.81352615356445 209
1756647856800 63.99204635620117 210
1756647856857 56.60982894897461 211
1756647856913 53.19056701660156 212
1756647856969 53.70484924316406 213
1756647857026 55.27253723144531 214
1756647857082 50.81332778930664 215
1756647857138 60.61399459838867 216
1756647857195 52.69750213623047 217
1756647857252 58.45716857910156 218
1756647857309 55.94615173339844 219
1756647857365 55.73133087158203 220
1756647857421 50.182430267333984 221
1756647857478 57.85581588745117 222
1756647857534 54.5995979309082 223
1756647857591 55.096614837646484 224
1756647857648 57.3465690612793 225
1756647857705 58.054290771484375 226
1756647857761 57.34128189086914 227
1756647857818 51.74678421020508 228
1756647857874 56.09737014770508 229
1756647857930 52.37747573852539 230
1756647857987 59.141815185546875 231
1756647858043 57.00883483886719 232
1756647858099 57.88191223144531 233
1756647858157 59.1524543762207 234
1756647858213 54.23176193237305 235
1756647858269 56.97578811645508 236
1756647858326 61.0782585144043 237
1756647858384 48.771934509277344 238
1756647858441 58.4586296081543 239
1756647858497 53.92386245727539 240
1756647858554 50.56574630737305 241
1756647858611 52.7864875793457 242
1756647858668 56.44472122192383 243
1756647858725 58.08253479003906 244
1756647858781 54.7262077331543 245
1756647858838 58.26506042480469 246
1756647858894 55.94074630737305 247
1756647858951 47.24204635620117 248
1756647859007 59.97506332397461 249
1756647859064 51.34715270996094 250
1756647859120 56.922264099121094 251
1756647859178 53.496620178222656 252
1756647859235 59.816192626953125 253
1756647859291 55.67550277709961 254
1756647859348 53.166412353515625 255
1756647859405 66.62454986572266 256
1756647859461 61.750308990478516 257
1756647859518 56.61001205444336 258
1756647859574 50.57815933227539 259
1756647859631 63.825042724609375 260
1756647859688 52.141788482666016 261
1756647859744 60.260215759277344 262
1756647859800 59.988067626953125 263
1756647859858 52.085113525390625 264
1756647859914 58.288482666015625 265
1756647859971 59.92054748535156 266
1756647860028 61.94478988647461 267
1756647860084 56.48566436767578 268
1756647860140 50.8172721862793 269
1756647860197 50.33452606201172 270
1756647860253 60.14141082763672 271
1756647860309 50.15813064575195 272
1756647860366 52.600563049316406 273
1756647860423 53.633174896240234 274
1756647860480 59.09188461303711 275
1756647860536 57.69172286987305 276
1756647860592 51.32756423950195 277
1756647860650 56.15239334106445 278
1756647860707 56.5712776184082 279
1756647860763 59.783294677734375 280
1756647860820 59.027896881103516 281
1756647860877 54.285606384277344 282
1756647860934 57.214195251464844 283
1756647860991 51.549903869628906 284
1756647861048 54.817874908447266 285
1756647861103 53.22023010253906 286
1756647861161 53.39352035522461 287
1756647861217 61.47188949584961 288
1756647861274 54.866886138916016 289
1756647861330 57.4073600769043 290
1756647861387 53.23247528076172 291
1756647861443 52.36626052856445 292
1756647861500 47.3536262512207 293
1756647861556 50.709598541259766 294
1756647861613 55.18865203857422 295
1756647861674 57.68315505981445 296
1756647861732 61.00847244262695 297
1756647861789 50.959007263183594 298
1756647861846 56.880348205566406 299
1756647870008 98.97172546386719 0
1756647870070 95.4085693359375 1
1756647870125 92.73137664794922 2
1756647870181 87.39229583740234 3
1756647870237 78.73240661621094 4
1756647870293 71.84905242919922 5
1756647870348 73.58316802978516 6
1756647870404 56.80888366699219 7
1756647870461 56.758522033691406 8
1756647870518 48.24262619018555 9
1756647870586 59.402286529541016 10
1756647870647 50.11578369140625 11
1756647870703 59.062477111816406 12
1756647870759 56.88359069824219 13
1756647870815 57.428897857666016 14
1756647870873 49.209266662597656 15
1756647870932 51.168968200683594 16
1756647870994 47.534950256347656 17
1756647871050 45.28017807006836 18
1756647871105 50.15578842163086 19
1756647871161 49.15544509887695 20
1756647871218 50.93191146850586 21
1756647871274 53.36143493652344 22
1756647871330 51.340797424316406 23
1756647871386 49.99399185180664 24
1756647871442 58.57083511352539 25
1756647871498 52.0579948425293 26
1756647871554 51.892662048339844 27
1756647871610 54.08869934082031 28
1756647871666 46.71015930175781 29
1756647871723 52.777278900146484 30
1756647871779 51.765541076660156 31
1756647871835 47.54991149902344 32
1756647871891 44.83266830444336 33
1756647871947 50.61137771606445 34
1756647872003 46.148948669433594 35
1756647872059 50.183982849121094 36
1756647872116 43.6838493347168 37
1756647872174 53.737491607666016 38
1756647872230 55.9948844909668 39
1756647872286 55.62179946899414 40
1756647872342 50.59357833862305 41
1756647872398 45.462520599365234 42
1756647872454 52.51327133178711 43
1756647872511 47.62478256225586 44
1756647872567 53.1468505859375 45
1756647872623 55.14505386352539 46
1756647872679 53.9329833984375 47
1756647872736 50.772560119628906 48
1756647872792 53.74947738647461 49
1756647872853 52.863525390625 50
1756647872910 58.020240783691406 51
1756647872966 51.57524490356445 52
1756647873022 49.73173904418945 53
1756647873078 53.611328125 54
1756647873134 51.239315032958984 55
1756647873190 49.305519104003906 56
1756647873247 48.62162780761719 57
1756647873303 46.271156311035156 58
1756647873359 47.532466888427734 59
1756647873415 54.45365905761719 60
1756647873471 46.68797302246094 61
1756647873527 51.428958892822266 62
1756647873584 49.7661247253418 63
1756647873640 47.56690979003906 64
1756647873696 50.53398132324219 65
1756647873753 47.013362884521484 66
1756647873809 47.365699768066406 67
1756647873866 56.668663024902344 68
1756647873922 48.50177001953125 69
1756647873978 50.582679748535156 70
1756647874035 49.8076286315918 71
1756647874091 47.2447624206543 72
1756647874148 48.835914611816406 73
1756647874204 49.48876953125 74
1756647874261 54.75411605834961 75
1756647874317 50.254878997802734 76
1756647874373 50.698707580566406 77
1756647874430 47.925758361816406 78
1756647874487 50.28506851196289 79
1756647874543 50.421363830566406 80
1756647874599 43.329227447509766 81
1756647874656 49.8448600769043 82
1756647874712 46.807682037353516 83
1756647874772 45.87512969970703 84
1756647874828 48.58151626586914 85
1756647874884 47.850425720214844 86
1756647874941 52.03555679321289 87
1756647874997 45.071739196777344 88
1756647875053 48.771305084228516 89
1756647875109 46.3393669128418 90
1756647875169 46.594417572021484 91
1756647875226 53.59326171875 92
1756647875283 58.236934661865234 93
1756647875339 48.86593246459961 94
1756647875396 57.21861267089844 95
1756647875456 54.061222076416016 96
1756647875512 52.8660774230957 97
1756647875569 51.682395935058594 98
1756647875625 47.13528823852539 99
1756647875682 50.8414192199707 100
1756647875738 51.1196174621582 101
1756647875795 45.171504974365234 102
1756647875852 47.991188049316406 103
1756647875908 46.110313415527344 104
1756647875964 51.17941665649414 105
1756647876020 48.017765045166016 106
1756647876077 52.63615417480469 107
1756647876133 59.8565788269043 108
1756647876190 52.16462326049805 109
1756647876247 57.2971076965332 110
1756647876304 54.077613830566406 111
1756647876361 42.48228454589844 112
1756647876418 48.92578125 113
1756647876475 53.6308479309082 114
1756647876532 52.343318939208984 115
1756647876589 54.9338493347168 116
1756647876645 47.8723258972168 117
1756647876701 45.39289855957031 118
1756647876761 51.72810363769531 119
1756647876819 50.36208724975586 120
1756647876875 49.25491714477539 121
1756647876932 51.224544525146484 122
1756647876989 56.7003059387207 123
1756647877045 52.21670913696289 124
1756647877102 47.058956146240234 125
1756647877158 49.1534538269043 126
1756647877215 46.80769348144531 127
1756647877272 47.39949035644531 128
1756647877328 51.406681060791016 129
1756647877385 55.326881408691406 130
1756647877442 49.40561294555664 131
1756647877500 58.477783203125 132
1756647877556 51.6251335144043 133
1756647877613 46.20698165893555 134
1756647877675 55.54250717163086 135
1756647877731 52.1197509765625 136
1756647877788 49.453758239746094 137
1756647877844 44.41184997558594 138
1756647877901 51.16303634643555 139
1756647877957 49.584571838378906 140
1756647878018 54.733211517333984 141
1756647878080 45.75904846191406 142
1756647878140 47.588783264160156 143
1756647878197 43.78253173828125 144
1756647878254 47.250057220458984 145
1756647878315 51.09919738769531 146
1756647878372 49.88652038574219 147
1756647878429 49.39920425415039 148
1756647878485 48.567283630371094 149
1756647878542 49.234291076660156 150
1756647878602 41.98930740356445 151
1756647878664 47.37529373168945 152
1756647878720 46.748653411865234 153
1756647878777 47.321109771728516 154
1756647878833 39.93855285644531 155
1756647878891 54.04963684082031 156
1756647878948 52.29030990600586 157
1756647879004 52.42792892456055 158
1756647879062 45.06235122680664 159
1756647879118 47.696712493896484 160
1756647879175 49.160377502441406 161
1756647879232 46.04679870605469 162
1756647879288 53.538917541503906 163
1756647879345 55.5556640625 164
1756647879402 46.51630783081055 165
1756647879458 47.024234771728516 166
1756647879514 49.069339752197266 167
1756647879570 41.7115478515625 168
1756647879627 46.67561340332031 169
1756647879685 53.36933517456055 170
1756647879741 49.190608978271484 171
1756647879798 50.481201171875 172
1756647879856 43.07539367675781 173
1756647879912 50.03813552856445 174
1756647879969 53.966636657714844 175
1756647880026 48.652462005615234 176
1756647880083 46.64335632324219 177
1756647880144 53.478172302246094 178
1756647880202 54.65449142456055 179
1756647880260 45.23500061035156 180
1756647880317 54.81326675415039 181
1756647880373 44.21025848388672 182
1756647880429 46.76347351074219 183
1756647880486 47.33663558959961 184
1756647880542 54.154483795166016 185
1756647880598 43.677001953125 186
1756647880655 55.98275375366211 187
1756647880716 52.95296859741211 188
1756647880777 56.98029708862305 189
1756647880833 52.16287612915039 190
1756647880891 55.49233627319336 191
1756647880948 46.02009582519531 192
1756647881005 56.522281646728516 193
1756647881062 45.937747955322266 194
1756647881118 55.38491439819336 195
1756647881175 56.104530334472656 196
1756647881232 48.813148498535156 197
1756647881289 48.73077392578125 198
1756647881345 51.432777404785156 199
1756647881402 43.07234191894531 200
1756647881459 42.61262512207031 201
1756647881517 52.596675872802734 202
1756647881573 45.063636779785156 203
1756647881629 48.249820709228516 204
1756647881686 43.338829040527344 205
1756647881744 44.30284881591797 206
1756647881803 52.47042465209961 207
1756647881859 46.089378356933594 208
1756647881915 47.453590393066406 209
1756647881973 45.075374603271484 210
1756647882030 52.17913818359375 211
1756647882086 46.84332275390625 212
1756647882143 51.28450012207031 213
1756647882199 54.504173278808594 214
1756647882257 46.13832092285156 215
1756647882314 47.75735092163086 216
1756647882370 55.495643615722656 217
1756647882426 47.233211517333984 218
1756647882485 52.07548522949219 219
1756647882542 46.01045227050781 220
1756647882598 56.359317779541016 221
1756647882655 54.90550231933594 222
1756647882712 49.641357421875 223
1756647882768 43.743370056152344 224
1756647882825 47.257080078125 225
1756647882885 48.419654846191406 226
1756647882941 54.280235290527344 227
1756647882998 52.414710998535156 228
1756647883055 50.43565368652344 229
1756647883111 44.48747253417969 230
1756647883168 54.09957504272461 231
1756647883225 48.660423278808594 232
1756647883283 54.45169448852539 233
1756647883339 51.6953010559082 234
1756647883399 50.14276123046875 235
1756647883457 57.32608413696289 236
1756647883515 60.04632568359375 237
1756647883572 57.98466491699219 238
1756647883633 52.9062385559082 239
1756647883695 49.414546966552734 240
1756647883756 49.412776947021484 241
1756647883818 53.26591491699219 242
1756647883880 43.296226501464844 243
1756647883942 47.491634368896484 244
1756647884003 54.96004867553711 245
1756647884061 44.3095588684082 246
1756647884118 51.01169204711914 247
1756647884176 50.12367248535156 248
1756647884237 48.040592193603516 249
1756647884294 47.17631530761719 250
1756647884352 47.34415054321289 251
1756647884410 46.23984146118164 252
1756647884467 54.97052001953125 253
1756647884525 51.019535064697266 254
1756647884582 57.929054260253906 255
1756647884638 52.39772033691406 256
1756647884696 45.561668395996094 257
1756647884753 46.713924407958984 258
1756647884810 45.848663330078125 259
1756647884867 53.49104309082031 260
1756647884925 47.4911994934082 261
1756647884982 51.012264251708984 262
1756647885038 55.6457405090332 263
1756647885095 53.8973503112793 264
1756647885151 48.78753662109375 265
1756647885208 45.17576217651367 266
1756647885265 47.9305534362793 267
1756647885321 48.55696105957031 268
1756647885383 54.862735748291016 269
1756647885445 42.80506896972656 270
1756647885506 50.77763366699219 271
1756647885568 54.170467376708984 272
1756647885629 51.5542106628418 273
1756647885691 54.0799446105957 274
1756647885752 54.43736267089844 275
1756647885813 55.790809631347656 276
1756647885874 50.937034606933594 277
1756647885931 53.58621597290039 278
1756647885988 58.81098556518555 279
1756647886047 51.889854431152344 280
1756647886106 54.1198616027832 281
1756647886163 47.78960037231445 282
1756647886220 53.203975677490234 283
1756647886277 54.4533576965332 284
1756647886340 49.95787048339844 285
1756647886402 45.750553131103516 286
1756647886462 51.1761474609375 287
1756647886523 55.205955505371094 288
1756647886585 54.48282241821289 289
1756647886647 52.978660583496094 290
1756647886709 48.24808120727539 291
1756647886770 49.548912048339844 292
1756647886833 58.5517463684082 293
1756647886890 50.4854736328125 294
1756647886947 51.74173355102539 295
1756647887006 55.0896110534668 296
1756647887063 45.508419036865234 297
1756647887119 52.50619888305664 298
1756647887176 58.319828033447266 299
1756647895335 97.88800048828125 0
1756647895393 93.59480285644531 1
1756647895450 90.88358306884766 2
1756647895505 83.77050018310547 3
1756647895561 72.86432647705078 4
1756647895619 64.06378173828125 5
1756647895677 59.68901443481445 6
1756647895736 59.729312896728516 7
1756647895793 61.27214431762695 8
1756647895849 57.628456115722656 9
1756647895905 64.11421203613281 10
1756647895962 63.101951599121094 11
1756647896021 51.15226745605469 12
1756647896078 61.21530532836914 13
1756647896134 53.86552047729492 14
1756647896191 48.80964279174805 15
1756647896248 49.439048767089844 16
1756647896305 51.283302307128906 17
1756647896362 57.48285675048828 18
1756647896419 56.249698638916016 19
1756647896475 55.01750183105469 20
1756647896531 56.17654800415039 21
1756647896592 60.49874496459961 22
1756647896653 52.03926086425781 23
1756647896714 62.047576904296875 24
1756647896774 56.75969314575195 25
1756647896836 53.20122528076172 26
1756647896898 50.57793426513672 27
1756647896955 56.92095184326172 28
1756647897011 56.93632125854492 29
1756647897068 57.954402923583984 30
1756647897124 61.3271484375 31
1756647897181 56.643577575683594 32
1756647897237 52.56721115112305 33
1756647897295 50.55294418334961 34
1756647897351 55.85298156738281 35
1756647897407 43.44267654418945 36
1756647897464 51.27961349487305 37
1756647897520 53.97553253173828 38
1756647897577 66.01545715332031 39
1756647897633 57.15547561645508 40
1756647897690 55.992584228515625 41
1756647897746 55.65826416015625 42
1756647897803 58.40452575683594 43
1756647897859 57.402557373046875 44
1756647897916 51.826133728027344 45
1756647897972 51.04050064086914 46
1756647898034 57.6932258605957 47
1756647898095 58.05247116088867 48
1756647898156 57.34252166748047 49
1756647898219 61.78178405761719 50
1756647898278 56.46363067626953 51
1756647898338 59.73301315307617 52
1756647898394 56.9930534362793 53
1756647898451 56.32835388183594 54
1756647898508 51.21556854248047 55
1756647898565 46.97602081298828 56
1756647898624 49.624202728271484 57
1756647898684 59.64311599731445 58
1756647898744 58.12115478515625 59
1756647898802 55.573909759521484 60
1756647898858 51.78495788574219 61
1756647898915 60.261268615722656 62
1756647898972 53.34434127807617 63
1756647899028 49.702301025390625 64
1756647899084 52.7894401550293 65
1756647899142 53.88253402709961 66
1756647899199 52.96162796020508 67
1756647899256 66.47412872314453 68
1756647899315 59.952850341796875 69
1756647899373 64.27385711669922 70
1756647899431 51.969730377197266 71
1756647899489 55.54292297363281 72
1756647899545 52.8344612121582 73
1756647899602 50.302955627441406 74
1756647899659 55.293758392333984 75
1756647899716 55.36210632324219 76
1756647899773 60.131351470947266 77
1756647899831 59.14168930053711 78
1756647899890 61.560020446777344 79
1756647899955 53.015132904052734 80
1756647900016 58.88288497924805 81
1756647900077 46.3197021484375 82
1756647900138 52.86979293823242 83
1756647900200 51.219642639160156 84
1756647900261 44.83501052856445 85
1756647900319 54.94611358642578 86
1756647900376 56.65966796875 87
1756647900432 63.226478576660156 88
1756647900488 57.38227081298828 89
1756647900544 57.711692810058594 90
1756647900601 58.27620315551758 91
1756647900657 59.804107666015625 92
1756647900714 59.35212707519531 93
1756647900771 64.105712890625 94
1756647900827 49.3994140625 95
1756647900883 52.48875427246094 96
1756647900940 55.954986572265625 97
1756647900997 58.364566802978516 98
1756647901053 49.71929931640625 99
1756647901110 57.82341766357422 100
1756647901168 55.393890380859375 101
1756647901226 56.474395751953125 102
1756647901282 51.524776458740234 103
1756647901340 53.190940856933594 104
1756647901397 55.14339065551758 105
1756647901454 52.544254302978516 106
1756647901511 54.72214126586914 107
1756647901568 57.801109313964844 108
1756647901626 56.34624099731445 109
1756647901683 58.24632263183594 110
1756647901739 61.84507369995117 111
1756647901796 50.93247985839844 112
1756647901855 58.65501022338867 113
1756647901917 57.243812561035156 114
1756647901973 47.743186950683594 115
1756647902030 51.19350814819336 116
1756647902087 58.571441650390625 117
1756647902143 51.23670196533203 118
1756647902200 53.55922317504883 119
1756647902257 57.205387115478516 120
1756647902314 66.67975616455078 121
1756647902371 48.84833526611328 122
1756647902428 58.827857971191406 123
1756647902485 57.435585021972656 124
1756647902542 55.86817932128906 125
1756647902599 57.232234954833984 126
1756647902659 56.0654296875 127
1756647902716 53.15066909790039 128
1756647902773 57.26186752319336 129
1756647902830 62.2574577331543 130
1756647902886 53.72917556762695 131
1756647902946 56.040931701660156 132
1756647903008 52.77488708496094 133
1756647903065 56.272056579589844 134
1756647903122 55.53887176513672 135
1756647903179 53.9785041809082 136
1756647903235 62.80329895019531 137
1756647903292 58.33259582519531 138
1756647903348 58.963287353515625 139
1756647903405 60.69377517700195 140
1756647903462 57.46488952636719 141
1756647903520 55.16419982910156 142
1756647903576 56.434146881103516 143
1756647903633 50.520145416259766 144
1756647903690 54.20436477661133 145
1756647903747 52.66715621948242 146
1756647903804 53.51409912109375 147
1756647903860 50.87627410888672 148
1756647903917 54.46131134033203 149
1756647903973 56.894657135009766 150
1756647904030 57.68128967285156 151
1756647904087 62.543636322021484 152
1756647904144 59.091670989990234 153
1756647904201 57.6123161315918 154
1756647904259 58.8545036315918 155
1756647904316 52.5252799987793 156
1756647904373 56.84225082397461 157
1756647904431 53.31706619262695 158
1756647904487 57.33127975463867 159
1756647904546 53.12137222290039 160
1756647904603 50.748043060302734 161
1756647904660 53.37528610229492 162
1756647904718 49.907962799072266 163
1756647904775 54.918582916259766 164
1756647904832 53.76263427734375 165
1756647904889 59.2265625 166
1756647904946 54.829776763916016 167
1756647905002 57.97164535522461 168
1756647905059 55.35274887084961 169
1756647905116 56.16743087768555 170
1756647905173 68.38826751708984 171
1756647905238 55.908287048339844 172
1756647905300 42.723907470703125 173
1756647905356 63.13328552246094 174
1756647905416 61.1568717956543 175
1756647905473 49.892906188964844 176
1756647905529 52.3017463684082 177
1756647905587 48.9471435546875 178
1756647905644 59.178131103515625 179
1756647905701 53.477027893066406 180
1756647905758 54.07503128051758 181
1756647905815 57.50493621826172 182
1756647905872 54.6500244140625 183
1756647905929 54.83633804321289 184
1756647905986 55.691192626953125 185
1756647906043 59.35410690307617 186
1756647906101 62.27366638183594 187
1756647906158 54.83108901977539 188
1756647906216 54.431941986083984 189
1756647906273 52.860198974609375 190
1756647906330 48.44607925415039 191
1756647906387 55.876739501953125 192
1756647906444 61.61334228515625 193
1756647906502 52.46282958984375 194
1756647906559 47.57008743286133 195
1756647906617 51.357948303222656 196
1756647906674 52.83725357055664 197
1756647906731 55.981773376464844 198
1756647906789 58.90702819824219 199
1756647906846 54.67426681518555 200
1756647906903 51.943599700927734 201
1756647906960 47.14719772338867 202
1756647907017 48.90035629272461 203
1756647907074 45.52564239501953 204
1756647907132 50.93520736694336 205
1756647907191 52.33843994140625 206
1756647907252 55.14653396606445 207
1756647907310 52.282752990722656 208
1756647907367 55.152530670166016 209
1756647907426 53.55675506591797 210
1756647907487 51.727073669433594 211
1756647907544 46.75611877441406 212
1756647907602 54.62676239013672 213
1756647907659 56.588226318359375 214
1756647907717 55.73332595825195 215
1756647907774 63.82758712768555 216
1756647907831 56.12152099609375 217
1756647907889 57.27926254272461 218
1756647907946 56.65455627441406 219
1756647908004 51.908164978027344 220
1756647908064 60.45124816894531 221
1756647908121 58.9326057434082 222
1756647908179 57.42238998413086 223
1756647908235 63.71931076049805 224
1756647908293 53.098052978515625 225
1756647908351 59.435325622558594 226
1756647908407 51.186424255371094 227
1756647908464 58.97190475463867 228
1756647908522 54.22846984863281 229
1756647908579 57.655513763427734 230
1756647908637 54.5426025390625 231
1756647908694 52.93600845336914 232
1756647908752 57.39510726928711 233
1756647908809 51.28773880004883 234
1756647908866 56.46101379394531 235
1756647908924 50.782901763916016 236
1756647908987 55.43819046020508 237
1756647909048 53.474300384521484 238
1756647909105 57.11664962768555 239
1756647909163 54.089447021484375 240
1756647909221 53.965641021728516 241
1756647909280 50.90534973144531 242
1756647909337 53.704978942871094 243
1756647909394 53.63307571411133 244
1756647909451 47.87614059448242 245
1756647909509 57.01874542236328 246
1756647909566 54.525550842285156 247
1756647909623 52.079715728759766 248
1756647909680 57.675601959228516 249
1756647909738 59.62858963012695 250
1756647909795 54.66153335571289 251
1756647909852 62.98591232299805 252
1756647909909 47.05392074584961 253
1756647909966 65.30245208740234 254
1756647910024 55.58598327636719 255
1756647910082 51.634952545166016 256
1756647910142 55.83136749267578 257
1756647910200 50.321189880371094 258
1756647910259 52.70331573486328 259
1756647910322 49.441402435302734 260
1756647910379 54.16300964355469 261
1756647910436 57.142398834228516 262
1756647910494 59.388179779052734 263
1756647910551 54.11109924316406 264
1756647910609 55.090293884277344 265
1756647910666 50.880374908447266 266
1756647910725 64.21208953857422 267
1756647910782 58.919986724853516 268
1756647910840 55.57612609863281 269
1756647910897 59.87954330444336 270
1756647910955 55.13577651977539 271
1756647911013 55.22175216674805 272
1756647911072 58.57844161987305 273
1756647911134 56.453163146972656 274
1756647911193 52.4185791015625 275
1756647911256 56.8123664855957 276
1756647911314 57.27565002441406 277
1756647911371 55.48314666748047 278
1756647911429 54.37162780761719 279
1756647911490 61.405853271484375 280
1756647911551 56.41780471801758 281
1756647911610 54.60048294067383 282
1756647911667 57.48526382446289 283
1756647911724 54.06620407104492 284
1756647911781 50.5880241394043 285
1756647911839 55.506996154785156 286
1756647911896 62.561946868896484 287
1756647911953 53.30317306518555 288
1756647912011 60.18925476074219 289
1756647912068 53.724388122558594 290
1756647912126 53.68906784057617 291
1756647912183 53.60422897338867 292
1756647912241 58.56203842163086 293
1756647912298 57.29903793334961 294
1756647912356 54.947052001953125 295
1756647912414 57.678932189941406 296
1756647912471 59.137935638427734 297
1756647912528 54.974971771240234 298
1756647912586 57.206703186035156 299
1756647920754 96.55322265625 0
1756647920818 86.5580062866211 1
1756647920884 76.38031768798828 2
1756647920949 68.89926147460938 3
1756647921011 55.04024887084961 4
1756647921076 51.40432357788086 5
1756647921143 49.34162902832031 6
1756647921211 47.46408462524414 7
1756647921280 47.92631530761719 8
1756647921348 48.056785583496094 9
1756647921413 43.73090744018555 10
1756647921477 52.532100677490234 11
1756647921540 47.58305740356445 12
1756647921605 50.00052261352539 13
1756647921672 54.59161376953125 14
1756647921735 50.112918853759766 15
1756647921799 49.509742736816406 16
1756647921865 47.74449157714844 17
1756647921931 51.926002502441406 18
1756647921994 50.69879150390625 19
1756647922061 46.63037109375 20
1756647922127 51.30942153930664 21
1756647922190 57.30305099487305 22
1756647922254 42.990570068359375 23
1756647922316 43.12697219848633 24
1756647922379 46.77505111694336 25
1756647922444 47.85513687133789 26
1756647922509 51.642086029052734 27
1756647922570 45.677467346191406 28
1756647922633 45.84951400756836 29
1756647922694 48.1663932800293 30
1756647922758 46.9982795715332 31
1756647922821 49.1525764465332 32
1756647922887 48.297401428222656 33
1756647922951 42.314552307128906 34
1756647923016 42.609371185302734 35
1756647923078 48.9970817565918 36
1756647923140 49.85415267944336 37
1756647923206 50.049537658691406 38
1756647923271 44.2902717590332 39
1756647923335 45.651668548583984 40
1756647923399 40.12386703491211 41
1756647923462 49.3525276184082 42
1756647923526 49.0813102722168 43
1756647923587 45.54117202758789 44
1756647923647 47.0075569152832 45
1756647923709 52.39521789550781 46
1756647923769 43.46140670776367 47
1756647923830 45.896339416503906 48
1756647923891 45.37234115600586 49
1756647923954 42.3753776550293 50
1756647924016 49.75770568847656 51
1756647924080 42.85696029663086 52
1756647924146 47.294498443603516 53
1756647924209 41.18745803833008 54
1756647924270 45.299659729003906 55
1756647924333 48.63935470581055 56
1756647924394 51.1933708190918 57
1756647924455 44.13517761230469 58
1756647924517 48.432090759277344 59
1756647924583 47.82254409790039 60
1756647924647 45.35027313232422 61
1756647924712 38.67018508911133 62
1756647924777 44.42470932006836 63
1756647924843 51.14993667602539 64
1756647924910 47.580020904541016 65
1756647924976 50.75367736816406 66
1756647925039 45.37551498413086 67
1756647925103 36.819671630859375 68
1756647925168 42.40263366699219 69
1756647925233 44.00762939453125 70
1756647925296 46.424556732177734 71
1756647925360 48.883018493652344 72
1756647925422 45.74870300292969 73
1756647925487 37.92304611206055 74
1756647925551 44.065834045410156 75
1756647925616 54.67764663696289 76
1756647925681 46.899600982666016 77
1756647925747 42.39393615722656 78
1756647925812 41.08466720581055 79
1756647925877 47.48910903930664 80
1756647925942 39.50393295288086 81
1756647926007 43.73087692260742 82
1756647926071 46.11202621459961 83
1756647926133 43.956233978271484 84
1756647926198 47.41899108886719 85
1756647926262 47.56245422363281 86
1756647926327 45.77517318725586 87
1756647926393 43.080745697021484 88
1756647926457 47.21478271484375 89
1756647926522 44.916404724121094 90
1756647926586 46.51264953613281 91
1756647926652 46.025367736816406 92
1756647926717 48.67076110839844 93
1756647926781 48.61396408081055 94
1756647926846 46.964698791503906 95
1756647926913 43.83341979980469 96
1756647926976 39.2696647644043 97
1756647927043 44.826419830322266 98
1756647927108 46.234535217285156 99
1756647927171 41.786190032958984 100
1756647927237 48.47813415527344 101
1756647927304 42.427879333496094 102
1756647927373 42.45759201049805 103
1756647927439 48.68989562988281 104
1756647927503 50.574764251708984 105
1756647927566 44.66001510620117 106
1756647927628 51.559715270996094 107
1756647927692 50.6843147277832 108
1756647927756 49.49636459350586 109
1756647927823 43.73324203491211 110
1756647927890 47.719566345214844 111
1756647927962 40.602901458740234 112
1756647928023 42.10671615600586 113
1756647928093 51.08281326293945 114
1756647928156 43.31922912597656 115
1756647928221 50.990928649902344 116
1756647928289 43.12452697753906 117
1756647928358 48.314208984375 118
1756647928426 40.31740951538086 119
1756647928493 47.398502349853516 120
1756647928556 49.39985275268555 121
1756647928620 43.09016799926758 122
1756647928686 44.757564544677734 123
1756647928750 44.42353439331055 124
1756647928811 50.91355895996094 125
1756647928875 40.949275970458984 126
1756647928939 45.18388748168945 127
1756647929004 47.43106460571289 128
1756647929069 51.36338806152344 129
1756647929137 51.90727233886719 130
1756647929202 39.4263801574707 131
1756647929265 47.77407455444336 132
1756647929329 41.12623596191406 133
1756647929396 51.100791931152344 134
1756647929459 39.6542854309082 135
1756647929520 46.00114059448242 136
1756647929583 48.4366340637207 137
1756647929648 47.12360763549805 138
1756647929713 42.36417007446289 139
1756647929777 47.672550201416016 140
1756647929838 41.574302673339844 141
1756647929906 44.35224914550781 142
1756647929974 42.092105865478516 143
1756647930039 48.88119125366211 144
1756647930104 50.755104064941406 145
1756647930169 44.17608642578125 146
1756647930234 50.1182975769043 147
1756647930298 52.541236877441406 148
1756647930363 44.37596130371094 149
1756647930428 40.084312438964844 150
1756647930491 45.41379165649414 151
1756647930553 45.807437896728516 152
1756647930617 43.010494232177734 153
1756647930680 48.2209587097168 154
1756647930745 47.55810546875 155
1756647930811 39.80482482910156 156
1756647930873 43.91812515258789 157
1756647930934 45.22148513793945 158
1756647930998 40.09853744506836 159
1756647931067 49.33065414428711 160
1756647931132 48.353858947753906 161
1756647931196 44.4489631652832 162
1756647931257 48.20553970336914 163
1756647931325 38.158382415771484 164
1756647931385 35.439056396484375 165
1756647931448 50.009071350097656 166
1756647931510 48.977195739746094 167
1756647931572 49.450233459472656 168
1756647931637 38.41061782836914 169
1756647931701 48.1251335144043 170
1756647931766 44.97489547729492 171
1756647931833 43.21943664550781 172
1756647931898 47.388427734375 173
1756647931963 43.705509185791016 174
1756647932024 42.148006439208984 175
1756647932092 44.37009048461914 176
1756647932156 44.807132720947266 177
1756647932221 35.5247917175293 178
1756647932286 45.835872650146484 179
1756647932352 49.326236724853516 180
1756647932418 53.758201599121094 181
1756647932480 48.25442123413086 182
1756647932542 48.24112319946289 183
1756647932608 54.43228530883789 184
1756647932674 45.403968811035156 185
1756647932740 46.208518981933594 186
1756647932802 50.490928649902344 187
1756647932863 47.19684982299805 188
1756647932925 46.8114013671875 189
1756647932987 48.95008850097656 190
1756647933048 43.09524917602539 191
1756647933114 45.21067810058594 192
1756647933177 45.42897033691406 193
1756647933240 43.4562873840332 194
1756647933302 45.477928161621094 195
1756647933367 53.12192153930664 196
1756647933428 44.21360778808594 197
1756647933491 47.665260314941406 198
1756647933551 39.284568786621094 199
1756647933617 50.2974739074707 200
1756647933679 50.548133850097656 201
1756647933744 48.1229248046875 202
1756647933813 47.204978942871094 203
1756647933880 45.65625 204
1756647933944 50.66410827636719 205
1756647934011 51.401065826416016 206
1756647934078 48.31904602050781 207
1756647934147 48.105342864990234 208
1756647934214 42.99065017700195 209
1756647934278 55.56253433227539 210
1756647934344 49.126502990722656 211
1756647934411 44.84996795654297 212
1756647934478 46.18656921386719 213
1756647934541 42.255714416503906 214
1756647934603 49.89107894897461 215
1756647934668 43.530479431152344 216
1756647934734 46.7381591796875 217
1756647934797 40.17393493652344 218
1756647934859 57.0897102355957 219
1756647934922 48.043724060058594 220
1756647934988 50.4428596496582 221
1756647935051 42.54416275024414 222
1756647935117 42.07089614868164 223
1756647935184 46.81092834472656 224
1756647935248 46.229434967041016 225
1756647935311 44.39039611816406 226
1756647935374 45.210758209228516 227
1756647935441 44.19587707519531 228
1756647935504 51.25117492675781 229
1756647935572 43.63972473144531 230
1756647935641 45.540924072265625 231
1756647935711 38.21915817260742 232
1756647935778 40.334327697753906 233
1756647935842 42.34190368652344 234
1756647935903 49.603816986083984 235
1756647935964 47.8482551574707 236
1756647936029 46.99570083618164 237
1756647936098 46.13821029663086 238
1756647936167 47.235923767089844 239
1756647936232 45.447509765625 240
1756647936295 42.83963394165039 241
1756647936360 46.856178283691406 242
1756647936422 47.917213439941406 243
1756647936487 36.505558013916016 244
1756647936554 42.882938385009766 245
1756647936617 43.801307678222656 246
1756647936681 48.049190521240234 247
1756647936742 49.37265396118164 248
1756647936804 41.01848602294922 249
1756647936868 47.27859878540039 250
1756647936935 43.42504119873047 251
1756647936998 45.40316390991211 252
1756647937060 48.343528747558594 253
1756647937130 41.65108871459961 254
1756647937196 48.03982925415039 255
1756647937265 41.70826721191406 256
1756647937334 48.1226692199707 257
1756647937399 47.16731262207031 258
1756647937461 47.90328598022461 259
1756647937526 49.64958190917969 260
1756647937591 45.154842376708984 261
1756647937656 49.2533073425293 262
1756647937722 43.115413665771484 263
1756647937787 46.737525939941406 264
1756647937848 43.5494384765625 265
1756647937914 42.323551177978516 266
1756647937979 47.78531265258789 267
1756647938046 44.38690185546875 268
1756647938113 47.10107421875 269
1756647938181 48.69278335571289 270
1756647938246 38.130558013916016 271
1756647938313 52.01939392089844 272
1756647938382 43.76301574707031 273
1756647938449 41.28263854980469 274
1756647938518 43.521453857421875 275
1756647938589 54.538230895996094 276
1756647938655 41.27541732788086 277
1756647938718 42.519535064697266 278
1756647938781 47.96285629272461 279
1756647938845 45.676265716552734 280
1756647938907 51.56425476074219 281
1756647938969 39.823001861572266 282
1756647939037 38.4342041015625 283
1756647939102 51.15665054321289 284
1756647939165 48.17118835449219 285
1756647939229 44.137535095214844 286
1756647939301 46.22056579589844 287
1756647939368 46.178733825683594 288
1756647939436 38.74007797241211 289
1756647939509 41.76829528808594 290
1756647939573 44.4435920715332 291
1756647939641 43.774166107177734 292
1756647939712 43.98844909667969 293
1756647939776 42.3886833190918 294
1756647939839 42.82451248168945 295
1756647939901 51.721317291259766 296
1756647939967 49.189125061035156 297
1756647940030 49.994117736816406 298
1756647940096 44.11748123168945 299
1756647948260 95.63754272460938 0
1756647948325 87.48739624023438 1
1756647948389 67.55912017822266 2
1756647948454 54.85823440551758 3
1756647948518 54.85285568237305 4
1756647948579 51.539886474609375 5
1756647948640 49.98634338378906 6
1756647948703 51.03138732910156 7
1756647948764 52.26805114746094 8
1756647948824 57.49516296386719 9
1756647948889 44.48090362548828 10
1756647948951 41.663063049316406 11
1756647949014 42.67827224731445 12
1756647949075 49.38204574584961 13
1756647949139 38.5621223449707 14
1756647949203 45.76277160644531 15
1756647949271 49.749473571777344 16
1756647949338 49.14177322387695 17
1756647949408 47.08832931518555 18
1756647949476 43.71506118774414 19
1756647949540 50.32957458496094 20
1756647949606 48.683013916015625 21
1756647949671 43.819252014160156 22
1756647949741 49.81804275512695 23
1756647949804 52.70305252075195 24
1756647949867 48.96215057373047 25
1756647949942 46.26620101928711 26
1756647950009 50.229793548583984 27
1756647950073 44.44035720825195 28
1756647950139 46.16644287109375 29
1756647950200 42.2954216003418 30
1756647950262 52.26097869873047 31
1756647950325 52.88146209716797 32
1756647950394 48.34601974487305 33
1756647950457 45.27295684814453 34
1756647950521 46.23897171020508 35
1756647950587 52.6026496887207 36
1756647950651 46.437477111816406 37
1756647950713 46.39653778076172 38
1756647950782 42.12907791137695 39
1756647950847 46.33055114746094 40
1756647950909 42.61703872680664 41
1756647950972 44.692169189453125 42
1756647951034 43.883792877197266 43
1756647951095 51.23258590698242 44
1756647951157 43.38367462158203 45
1756647951224 48.21067428588867 46
1756647951286 42.19036865234375 47
1756647951352 42.19823455810547 48
1756647951424 55.650569915771484 49
1756647951493 47.117408752441406 50
1756647951562 44.61258316040039 51
1756647951631 46.11566162109375 52
1756647951694 43.57662582397461 53
1756647951758 47.77509307861328 54
1756647951819 48.303260803222656 55
1756647951882 40.16598129272461 56
1756647951945 50.092201232910156 57
1756647952007 42.076026916503906 58
1756647952069 45.07732009887695 59
1756647952132 43.751182556152344 60
1756647952196 50.63048553466797 61
1756647952260 40.50785827636719 62
1756647952327 46.81406784057617 63
1756647952393 52.43495559692383 64
1756647952459 46.448307037353516 65
1756647952527 41.672828674316406 66
1756647952596 48.05138397216797 67
1756647952663 43.345577239990234 68
1756647952730 43.27924346923828 69
1756647952793 37.80546569824219 70
1756647952861 46.14589309692383 71
1756647952923 48.87826919555664 72
1756647952989 52.012542724609375 73
1756647953056 43.40003204345703 74
1756647953120 44.74174880981445 75
1756647953190 55.83461380004883 76
1756647953256 49.728790283203125 77
1756647953319 44.740013122558594 78
1756647953383 47.05517578125 79
1756647953446 42.3367919921875 80
1756647953510 42.96401596069336 81
1756647953574 42.60646057128906 82
1756647953635 44.1424446105957 83
1756647953698 45.75197219848633 84
1756647953761 41.6861572265625 85
1756647953825 45.49702072143555 86
1756647953890 49.16938400268555 87
1756647953953 49.842899322509766 88
1756647954017 43.94672775268555 89
1756647954083 48.720619201660156 90
1756647954149 38.90623474121094 91
1756647954215 46.19816970825195 92
1756647954279 39.484893798828125 93
1756647954339 46.730865478515625 94
1756647954408 43.890933990478516 95
1756647954470 39.1268196105957 96
1756647954531 40.58699035644531 97
1756647954592 41.41460037231445 98
1756647954655 45.61140441894531 99
1756647954718 44.12794494628906 100
1756647954783 41.41727066040039 101
1756647954848 43.21808624267578 102
1756647954914 44.562625885009766 103
1756647954982 43.954227447509766 104
1756647955050 52.713401794433594 105
1756647955115 45.16581726074219 106
1756647955186 47.388450622558594 107
1756647955254 36.558074951171875 108
1756647955318 45.91267395019531 109
1756647955382 41.511409759521484 110
1756647955451 45.07780838012695 111
1756647955514 51.607872009277344 112
1756647955580 43.2872200012207 113
1756647955646 46.832183837890625 114
1756647955707 39.774696350097656 115
1756647955770 43.457252502441406 116
1756647955833 49.67137145996094 117
1756647955897 47.279136657714844 118
1756647955961 42.805519104003906 119
1756647956026 34.7799072265625 120
1756647956093 46.22932052612305 121
1756647956160 44.1929931640625 122
1756647956226 49.24504470825195 123
1756647956291 46.636356353759766 124
1756647956354 53.710445404052734 125
1756647956420 44.078773498535156 126
1756647956483 45.035980224609375 127
1756647956554 52.445213317871094 128
1756647956617 48.89358901977539 129
1756647956682 45.843971252441406 130
1756647956751 42.65133285522461 131
1756647956818 46.14754867553711 132
1756647956882 43.0505485534668 133
1756647956944 40.77925109863281 134
1756647957009 38.59885787963867 135
1756647957073 50.6502685546875 136
1756647957135 44.493560791015625 137
1756647957202 49.92006301879883 138
1756647957264 42.06278991699219 139
1756647957328 45.067665100097656 140
1756647957397 39.64252471923828 141
1756647957461 48.653629302978516 142
1756647957521 43.8998908996582 143
1756647957585 46.79930114746094 144
1756647957646 44.591156005859375 145
1756647957709 44.47898864746094 146
1756647957771 48.45511245727539 147
1756647957833 46.30847930908203 148
1756647957896 47.20018005371094 149
1756647957960 51.33639907836914 150
1756647958024 44.19252395629883 151
1756647958086 45.599334716796875 152
1756647958149 46.90900421142578 153
1756647958209 44.893455505371094 154
1756647958272 42.477439880371094 155
1756647958336 49.855342864990234 156
1756647958401 49.267730712890625 157
1756647958465 41.69477844238281 158
1756647958530 43.22880935668945 159
1756647958597 49.20774459838867 160
1756647958664 46.1069221496582 161
1756647958732 43.31938171386719 162
1756647958800 46.084720611572266 163
1756647958868 48.4771728515625 164
1756647958931 45.68641662597656 165
1756647958994 40.84331512451172 166
1756647959053 37.17982864379883 167
1756647959113 39.605247497558594 168
1756647959174 43.48709487915039 169
1756647959240 49.84741973876953 170
1756647959306 51.8328971862793 171
1756647959369 50.13373565673828 172
1756647959434 51.59722137451172 173
1756647959500 47.00017166137695 174
1756647959567 43.02722930908203 175
1756647959636 44.76329040527344 176
1756647959709 44.485504150390625 177
1756647959776 44.862091064453125 178
1756647959842 48.76812744140625 179
1756647959910 46.381858825683594 180
1756647959980 48.824668884277344 181
1756647960052 36.39564514160156 182
1756647960123 45.37270736694336 183
1756647960191 49.082183837890625 184
1756647960255 43.36239242553711 185
1756647960319 44.843536376953125 186
1756647960382 49.93967819213867 187
1756647960447 41.309303283691406 188
1756647960513 50.33892059326172 189
1756647960582 47.71782684326172 190
1756647960645 43.60302734375 191
1756647960714 43.75861358642578 192
1756647960781 53.16299819946289 193
1756647960847 46.80768966674805 194
1756647960910 44.318782806396484 195
1756647960973 40.23301315307617 196
1756647961036 44.40464401245117 197
1756647961100 42.762821197509766 198
1756647961165 43.97434997558594 199
1756647961232 39.975189208984375 200
1756647961296 45.573333740234375 201
1756647961362 42.026039123535156 202
1756647961426 50.80790328979492 203
1756647961491 52.45614242553711 204
1756647961555 45.71315383911133 205
1756647961619 45.72047805786133 206
1756647961683 46.89274215698242 207
1756647961749 42.69114685058594 208
1756647961813 50.03841018676758 209
1756647961881 43.8853874206543 210
1756647961946 40.430328369140625 211
1756647962011 49.459781646728516 212
1756647962077 39.6732063293457 213
1756647962144 45.148109436035156 214
1756647962210 44.766422271728516 215
1756647962275 45.792564392089844 216
1756647962339 46.33061981201172 217
1756647962401 48.29868698120117 218
1756647962465 51.06938934326172 219
1756647962530 42.92884826660156 220
1756647962593 44.28114700317383 221
1756647962661 45.01923370361328 222
1756647962727 46.80557632446289 223
1756647962794 46.68514633178711 224
1756647962862 54.457786560058594 225
1756647962929 42.79430389404297 226
1756647962991 46.462486267089844 227
1756647963057 41.981685638427734 228
1756647963123 47.190757751464844 229
1756647963187 44.401771545410156 230
1756647963254 41.32608413696289 231
1756647963323 49.167991638183594 232
1756647963393 42.172725677490234 233
1756647963454 56.167484283447266 234
1756647963522 47.059661865234375 235
1756647963591 40.45610809326172 236
1756647963660 47.16512680053711 237
1756647963728 46.20217514038086 238
1756647963788 46.73966979980469 239
1756647963855 39.339630126953125 240
1756647963918 50.15605926513672 241
1756647963981 52.117652893066406 242
1756647964048 37.728824615478516 243
1756647964111 47.79792785644531 244
1756647964178 41.75265121459961 245
1756647964242 38.597633361816406 246
1756647964310 45.09204864501953 247
1756647964381 35.38188171386719 248
1756647964450 46.65053176879883 249
1756647964519 45.6788215637207 250
1756647964585 47.58641052246094 251
1756647964647 44.029300689697266 252
1756647964710 55.89182662963867 253
1756647964774 37.92487335205078 254
1756647964838 45.80589294433594 255
1756647964899 47.737613677978516 256
1756647964962 46.321266174316406 257
1756647965027 47.77411651611328 258
1756647965096 51.90016174316406 259
1756647965163 46.241127014160156 260
1756647965226 46.265464782714844 261
1756647965294 44.80356979370117 262
1756647965362 44.61140060424805 263
1756647965431 51.53096389770508 264
1756647965501 53.37594223022461 265
1756647965568 48.8758544921875 266
1756647965637 38.70063400268555 267
1756647965708 36.331138610839844 268
1756647965774 43.90251922607422 269
1756647965839 45.071128845214844 270
1756647965905 45.53115463256836 271
1756647965974 40.690406799316406 272
1756647966046 45.53156661987305 273
1756647966116 37.7519645690918 274
1756647966184 46.703285217285156 275
1756647966250 46.40884017944336 276
1756647966316 40.862266540527344 277
1756647966383 45.243431091308594 278
1756647966446 44.5838737487793 279
1756647966511 40.78374481201172 280
1756647966573 36.420162200927734 281
1756647966636 44.550228118896484 282
1756647966701 52.543819427490234 283
1756647966765 43.62913131713867 284
1756647966832 41.969993591308594 285
1756647966898 48.37763977050781 286
1756647966961 52.998287200927734 287
1756647967025 43.53672409057617 288
1756647967091 46.264583587646484 289
1756647967157 45.22847366333008 290
1756647967227 48.759178161621094 291
1756647967295 37.7828483581543 292
1756647967359 37.56924057006836 293
1756647967428 42.49235916137695 294
1756647967499 55.11158752441406 295
1756647967569 42.90827560424805 296
1756647967636 49.757713317871094 297
1756647967701 37.77063751220703 298
1756647967765 48.22947692871094 299
1756647976007 98.8976821899414 0
1756647976111 95.66354370117188 1
1756647976213 92.88018035888672 2
1756647976314 84.74207305908203 3
1756647976415 76.92488098144531 4
1756647976517 61.339820861816406 5
1756647976618 60.6297721862793 6
1756647976722 63.8897590637207 7
1756647976835 61.849159240722656 8
1756647976934 67.34246063232422 9
1756647977034 62.5484504699707 10
1756647977134 57.55525207519531 11
1756647977233 66.41857147216797 12
1756647977333 62.46518325805664 13
1756647977434 57.3946533203125 14
1756647977534 62.98017501831055 15
1756647977633 58.883609771728516 16
1756647977733 64.12991333007812 17
1756647977833 62.518310546875 18
1756647977933 55.42380142211914 19
1756647978033 62.68025207519531 20
1756647978133 55.323917388916016 21
1756647978232 56.517234802246094 22
1756647978333 51.98978042602539 23
1756647978432 57.693824768066406 24
1756647978534 54.511131286621094 25
1756647978636 52.916015625 26
1756647978735 56.972782135009766 27
1756647978836 60.0948371887207 28
1756647978936 56.02927017211914 29
1756647979036 47.38252258300781 30
1756647979135 51.294456481933594 31
1756647979235 56.996849060058594 32
1756647979335 58.102474212646484 33
1756647979434 59.79962158203125 34
1756647979534 57.36471176147461 35
1756647979633 60.007511138916016 36
1756647979733 60.65922546386719 37
1756647979834 60.496360778808594 38
1756647979933 59.385108947753906 39
1756647980032 52.13461685180664 40
1756647980132 59.614501953125 41
1756647980231 58.60003662109375 42
1756647980331 57.85462951660156 43
1756647980431 63.503597259521484 44
1756647980531 56.8900032043457 45
1756647980630 54.23359298706055 46
1756647980730 55.672218322753906 47
1756647980829 52.059425354003906 48
1756647980929 50.093788146972656 49
1756647981028 61.883811950683594 50
1756647981127 53.2129020690918 51
1756647981228 55.242923736572266 52
1756647981328 51.6396484375 53
1756647981428 55.6088981628418 54
1756647981528 55.533546447753906 55
1756647981628 51.66585922241211 56
1756647981728 54.644569396972656 57
1756647981828 50.04684066772461 58
1756647981927 55.494686126708984 59
1756647982027 51.82615661621094 60
1756647982126 60.49039077758789 61
1756647982227 55.35720443725586 62
1756647982328 56.8925666809082 63
1756647982427 58.06199645996094 64
1756647982527 50.82765197753906 65
1756647982627 62.54864501953125 66
1756647982728 54.227962493896484 67
1756647982828 50.114437103271484 68
1756647982928 62.09556579589844 69
1756647983028 56.65829086303711 70
1756647983128 42.583900451660156 71
1756647983228 50.949337005615234 72
1756647983328 50.89419174194336 73
1756647983428 57.367454528808594 74
1756647983528 59.064491271972656 75
1756647983634 58.1371955871582 76
1756647983737 55.074562072753906 77
1756647983838 57.96635818481445 78
1756647983938 57.77461242675781 79
1756647984039 53.62210464477539 80
1756647984139 49.6252555847168 81
1756647984245 47.474613189697266 82
1756647984347 52.958717346191406 83
1756647984447 52.7030029296875 84
1756647984548 57.47915267944336 85
1756647984648 55.71535873413086 86
1756647984752 56.730735778808594 87
1756647984853 53.736698150634766 88
1756647984954 59.09815979003906 89
1756647985055 55.952720642089844 90
1756647985157 57.50314712524414 91
1756647985260 53.673561096191406 92
1756647985362 52.20359802246094 93
1756647985466 56.30073547363281 94
1756647985568 56.94110107421875 95
1756647985668 62.39674377441406 96
1756647985771 58.04696273803711 97
1756647985873 62.366031646728516 98
1756647985973 52.16916275024414 99
1756647986074 62.434959411621094 100
1756647986174 48.93008041381836 101
1756647986277 52.711875915527344 102
1756647986379 63.087345123291016 103
1756647986483 56.53605651855469 104
1756647986583 56.598411560058594 105
1756647986684 57.46098709106445 106
1756647986790 55.84854507446289 107
1756647986891 55.735164642333984 108
1756647986991 58.6441535949707 109
1756647987092 65.4743423461914 110
1756647987192 53.205833435058594 111
1756647987293 56.83841323852539 112
1756647987393 61.207706451416016 113
1756647987494 59.10237121582031 114
1756647987595 58.1143913269043 115
1756647987696 58.50288009643555 116
1756647987797 48.7081184387207 117
1756647987899 55.03936767578125 118
1756647988033 55.93840026855469 119
1756647988136 56.47735595703125 120
1756647988236 52.33341979980469 121
1756647988338 56.30860900878906 122
1756647988439 56.325016021728516 123
1756647988539 53.77566146850586 124
1756647988640 59.02898025512695 125
1756647988741 56.366943359375 126
1756647988842 57.43618392944336 127
1756647988943 63.199623107910156 128
1756647989044 48.171409606933594 129
1756647989145 58.239803314208984 130
1756647989249 47.884761810302734 131
1756647989350 57.055606842041016 132
1756647989451 50.677799224853516 133
1756647989553 48.60801696777344 134
1756647989654 60.65705871582031 135
1756647989757 55.456787109375 136
1756647989859 43.44558334350586 137
1756647989960 60.791934967041016 138
1756647990061 55.414794921875 139
1756647990166 57.67000961303711 140
1756647990269 52.56239318847656 141
1756647990372 56.49876403808594 142
1756647990474 61.18106460571289 143
1756647990575 58.55195236206055 144
1756647990676 58.917198181152344 145
1756647990777 59.8072395324707 146
1756647990879 54.058536529541016 147
1756647990979 58.0234260559082 148
1756647991080 57.340030670166016 149
1756647991181 57.55484390258789 150
1756647991284 59.615848541259766 151
1756647991385 61.42237854003906 152
1756647991486 54.83488464355469 153
1756647991587 61.351295471191406 154
1756647991691 55.73358154296875 155
1756647991794 60.08964538574219 156
1756647991895 47.682594299316406 157
1756647991996 53.90945053100586 158
1756647992098 59.438072204589844 159
1756647992198 51.00935363769531 160
1756647992301 55.418251037597656 161
1756647992403 58.51139831542969 162
1756647992504 58.078636169433594 163
1756647992605 51.12369155883789 164
1756647992706 55.24227523803711 165
1756647992810 60.846431732177734 166
1756647992912 60.535926818847656 167
1756647993012 54.868797302246094 168
1756647993113 46.47210693359375 169
1756647993214 52.22038269042969 170
1756647993318 56.416141510009766 171
1756647993419 54.116634368896484 172
1756647993520 53.9425048828125 173
1756647993621 55.721797943115234 174
1756647993722 58.765926361083984 175
1756647993824 60.64773941040039 176
1756647993925 61.678321838378906 177
1756647994026 56.144649505615234 178
1756647994131 54.260562896728516 179
1756647994233 54.023094177246094 180
1756647994334 55.413719177246094 181
1756647994440 55.57559585571289 182
1756647994541 50.18716049194336 183
1756647994642 67.56929779052734 184
1756647994743 54.947994232177734 185
1756647994845 58.98196792602539 186
1756647994946 59.79452896118164 187
1756647995049 50.2272834777832 188
1756647995151 58.30955505371094 189
1756647995252 56.96891784667969 190
1756647995354 52.12846374511719 191
1756647995456 60.56880187988281 192
1756647995556 58.77027893066406 193
1756647995658 56.634033203125 194
1756647995760 58.853416442871094 195
1756647995861 53.54233169555664 196
1756647995963 64.7636489868164 197
1756647996064 59.46440505981445 198
1756647996165 58.157894134521484 199
1756647996267 54.33224868774414 200
1756647996368 57.821346282958984 201
1756647996470 56.358760833740234 202
1756647996572 57.1853141784668 203
1756647996673 54.6357307434082 204
1756647996776 54.659080505371094 205
1756647996878 58.400634765625 206
1756647996980 66.61935424804688 207
1756647997081 56.9213752746582 208
1756647997182 54.0953254699707 209
1756647997284 55.210750579833984 210
1756647997389 51.806644439697266 211
1756647997494 49.8470344543457 212
1756647997595 52.86662673950195 213
1756647997701 52.27976989746094 214
1756647997804 57.56376647949219 215
1756647997905 58.805660247802734 216
1756647998017 51.98257827758789 217
1756647998118 60.67970275878906 218
1756647998220 55.017127990722656 219
1756647998322 55.416690826416016 220
1756647998423 62.89396667480469 221
1756647998525 56.263084411621094 222
1756647998627 55.254798889160156 223
1756647998729 52.399147033691406 224
1756647998837 56.09469223022461 225
1756647998939 53.30698013305664 226
1756647999040 49.4985466003418 227
1756647999141 53.6538200378418 228
1756647999242 55.561012268066406 229
1756647999347 54.74366760253906 230
1756647999449 56.834007263183594 231
1756647999551 54.866519927978516 232
1756647999654 51.58536148071289 233
1756647999758 62.37674331665039 234
1756647999861 45.74281311035156 235
1756647999963 54.043155670166016 236
1756648000064 51.99139404296875 237
1756648000166 52.2441520690918 238
1756648000270 57.603172302246094 239
1756648000375 49.1038703918457 240
1756648000477 57.53632736206055 241
1756648000582 48.53318786621094 242
1756648000684 49.149967193603516 243
1756648000789 56.4801025390625 244
1756648000891 49.23398208618164 245
1756648000994 47.7242431640625 246
1756648001095 60.141563415527344 247
1756648001198 51.687232971191406 248
1756648001302 42.98578643798828 249
1756648001406 53.645408630371094 250
1756648001508 55.464378356933594 251
1756648001611 64.6544418334961 252
1756648001713 55.8399772644043 253
1756648001817 55.50455093383789 254
1756648001919 46.985862731933594 255
1756648002020 58.283023834228516 256
1756648002122 59.228694915771484 257
1756648002225 69.22077178955078 258
1756648002329 59.15336608886719 259
1756648002431 54.95541763305664 260
1756648002533 52.6705436706543 261
1756648002636 56.33895492553711 262
1756648002738 54.237491607666016 263
1756648002843 57.286537170410156 264
1756648002947 56.423160552978516 265
1756648003049 59.829769134521484 266
1756648003152 51.047183990478516 267
1756648003254 49.8822135925293 268
1756648003357 55.989315032958984 269
1756648003459 57.766361236572266 270
1756648003561 60.475730895996094 271
1756648003664 61.109474182128906 272
1756648003768 54.039058685302734 273
1756648003871 54.20719909667969 274
1756648003973 60.32881164550781 275
1756648004075 54.778743743896484 276
1756648004177 57.490291595458984 277
1756648004282 53.666160583496094 278
1756648004384 49.9764404296875 279
1756648004486 56.086116790771484 280
1756648004589 54.351318359375 281
1756648004692 57.65877914428711 282
1756648004795 60.60475158691406 283
1756648004897 54.62917709350586 284
1756648005000 62.439884185791016 285
1756648005102 54.69167709350586 286
1756648005204 60.9727897644043 287
1756648005307 49.540992736816406 288
1756648005408 54.975746154785156 289
1756648005510 52.576419830322266 290
1756648005612 55.97464370727539 291
1756648005714 55.255741119384766 292
1756648005816 49.91666030883789 293
1756648005918 55.10128402709961 294
1756648006019 48.12413024902344 295
1756648006121 55.183895111083984 296
1756648006223 55.92610168457031 297
1756648006325 52.424461364746094 298
1756648006427 52.37834167480469 299
1756648014665 97.183349609375 0
1756648014775 89.45137023925781 1
1756648014878 76.83340454101562 2
1756648014979 62.0958366394043 3
1756648015080 59.153892517089844 4
1756648015181 70.74758911132812 5
1756648015282 72.82257080078125 6
1756648015383 54.543582916259766 7
1756648015485 52.65084457397461 8
1756648015588 56.15492630004883 9
1756648015691 54.84556198120117 10
1756648015793 61.24497604370117 11
1756648015894 58.50798416137695 12
1756648015995 51.901031494140625 13
1756648016098 51.510982513427734 14
1756648016199 58.762874603271484 15
1756648016301 61.337890625 16
1756648016404 52.772300720214844 17
1756648016506 48.706451416015625 18
1756648016608 55.76349639892578 19
1756648016713 48.052894592285156 20
1756648016815 53.4195442199707 21
1756648016917 51.95331573486328 22
1756648017018 56.787349700927734 23
1756648017120 51.187313079833984 24
1756648017221 50.223121643066406 25
1756648017326 55.93916702270508 26
1756648017427 53.60643005371094 27
1756648017528 43.36626434326172 28
1756648017630 55.559383392333984 29
1756648017732 51.06550598144531 30
1756648017833 53.799800872802734 31
1756648017933 55.59343719482422 32
1756648018035 53.965423583984375 33
1756648018136 57.01910400390625 34
1756648018237 55.901554107666016 35
1756648018338 57.48610305786133 36
1756648018439 44.501956939697266 37
1756648018542 53.967018127441406 38
1756648018649 56.76702880859375 39
1756648018750 49.6777229309082 40
1756648018852 51.55780792236328 41
1756648018955 51.882713317871094 42
1756648019056 53.24538040161133 43
1756648019158 53.455101013183594 44
1756648019259 49.09083557128906 45
1756648019361 49.97000503540039 46
1756648019463 56.05209732055664 47
1756648019564 49.16191864013672 48
1756648019665 52.975826263427734 49
1756648019766 48.987606048583984 50
1756648019868 54.1045036315918 51
1756648019970 51.70785903930664 52
1756648020074 53.281009674072266 53
1756648020176 52.020198822021484 54
1756648020278 50.26420593261719 55
1756648020379 49.094539642333984 56
1756648020489 51.6083984375 57
1756648020593 47.80365753173828 58
1756648020695 49.5279541015625 59
1756648020798 56.715206146240234 60
1756648020900 51.65834426879883 61
1756648021001 55.61738586425781 62
1756648021103 55.8051643371582 63
1756648021206 47.146793365478516 64
1756648021315 59.29568862915039 65
1756648021419 47.588470458984375 66
1756648021521 55.96216583251953 67
1756648021635 52.31155014038086 68
1756648021742 57.63637924194336 69
1756648021845 46.8963737487793 70
1756648021949 57.12974548339844 71
1756648022051 48.20511245727539 72
1756648022153 47.28312683105469 73
1756648022263 50.48753356933594 74
1756648022366 48.74406814575195 75
1756648022469 50.59788513183594 76
1756648022572 57.682525634765625 77
1756648022674 50.28999328613281 78
1756648022776 56.03432846069336 79
1756648022879 49.58423614501953 80
1756648022982 56.0862922668457 81
1756648023084 46.716129302978516 82
1756648023192 51.714664459228516 83
1756648023295 55.258968353271484 84
1756648023398 50.23196029663086 85
1756648023501 54.0289306640625 86
1756648023604 51.0469970703125 87
1756648023707 48.47023010253906 88
1756648023810 55.90327072143555 89
1756648023912 50.000877380371094 90
1756648024015 48.87529754638672 91
1756648024118 55.405372619628906 92
1756648024220 54.92643356323242 93
1756648024323 52.09794235229492 94
1756648024430 48.270233154296875 95
1756648024533 51.69541549682617 96
1756648024636 46.68976974487305 97
1756648024738 54.48112106323242 98
1756648024841 52.618865966796875 99
1756648024944 53.12813949584961 100
1756648025047 58.717952728271484 101
1756648025150 52.3152961730957 102
1756648025253 47.64048767089844 103
1756648025356 49.528648376464844 104
1756648025458 50.033504486083984 105
1756648025561 56.31304931640625 106
1756648025665 51.0366325378418 107
1756648025768 54.41205596923828 108
1756648025870 52.64759826660156 109
1756648025974 49.46464538574219 110
1756648026077 54.9522705078125 111
1756648026180 52.487281799316406 112
1756648026282 51.809349060058594 113
1756648026385 53.30569076538086 114
1756648026489 54.95997619628906 115
1756648026592 47.23100662231445 116
1756648026694 52.423336029052734 117
1756648026798 60.3734245300293 118
1756648026899 50.924278259277344 119
1756648027002 56.58954620361328 120
1756648027104 49.181663513183594 121
1756648027207 53.57958984375 122
1756648027310 57.74393844604492 123
1756648027412 50.194114685058594 124
1756648027515 51.145599365234375 125
1756648027618 55.57377624511719 126
1756648027720 50.87821578979492 127
1756648027824 52.6329460144043 128
1756648027926 48.98030471801758 129
1756648028029 51.68336868286133 130
1756648028132 54.25331497192383 131
1756648028234 50.5786247253418 132
1756648028337 50.22290802001953 133
1756648028441 51.22496032714844 134
1756648028543 46.61859130859375 135
1756648028646 46.787086486816406 136
1756648028749 49.00172805786133 137
1756648028852 55.58598327636719 138
1756648028955 50.100032806396484 139
1756648029058 50.579002380371094 140
1756648029162 44.852386474609375 141
1756648029266 54.6161003112793 142
1756648029371 58.44590377807617 143
1756648029474 55.02981185913086 144
1756648029577 51.693023681640625 145
1756648029679 51.346290588378906 146
1756648029781 53.66419982910156 147
1756648029885 47.4453239440918 148
1756648029988 49.62264633178711 149
1756648030091 51.35363006591797 150
1756648030194 44.363548278808594 151
1756648030299 54.93806457519531 152
1756648030401 54.76418685913086 153
1756648030505 47.80652618408203 154
1756648030608 58.2296257019043 155
1756648030711 52.4725341796875 156
1756648030816 47.23119354248047 157
1756648030918 52.85475540161133 158
1756648031021 53.759578704833984 159
1756648031124 48.943931579589844 160
1756648031228 60.96828842163086 161
1756648031331 56.28522872924805 162
1756648031433 57.17534637451172 163
1756648031536 58.97870635986328 164
1756648031643 52.28659439086914 165
1756648031746 52.71104049682617 166
1756648031849 51.33777618408203 167
1756648031952 52.33559036254883 168
1756648032055 58.155826568603516 169
1756648032158 59.731197357177734 170
1756648032262 53.48326110839844 171
1756648032365 51.640438079833984 172
1756648032468 44.863258361816406 173
1756648032571 48.2100944519043 174
1756648032674 55.39986801147461 175
1756648032776 60.04598617553711 176
1756648032879 57.887245178222656 177
1756648032982 60.92491912841797 178
1756648033086 47.4547119140625 179
1756648033189 54.020774841308594 180
1756648033292 53.562564849853516 181
1756648033395 56.0083122253418 182
1756648033500 49.14311981201172 183
1756648033605 47.18891143798828 184
1756648033709 47.605560302734375 185
1756648033813 56.71705627441406 186
1756648033916 44.20710754394531 187
1756648034021 57.27323532104492 188
1756648034125 48.92884826660156 189
1756648034229 50.79107666015625 190
1756648034334 51.350738525390625 191
1756648034439 49.19041442871094 192
1756648034543 52.354732513427734 193
1756648034647 48.32883834838867 194
1756648034752 56.07205581665039 195
1756648034857 48.638580322265625 196
1756648034962 48.25483322143555 197
1756648035077 52.738216400146484 198
1756648035182 49.03572082519531 199
1756648035287 43.49653625488281 200
1756648035392 53.241947174072266 201
1756648035497 55.43373489379883 202
1756648035601 62.668155670166016 203
1756648035706 44.249961853027344 204
1756648035811 56.792945861816406 205
1756648035916 49.5684814453125 206
1756648036022 54.412418365478516 207
1756648036126 56.348960876464844 208
1756648036231 53.02116775512695 209
1756648036339 47.7530517578125 210
1756648036444 51.894371032714844 211
1756648036548 51.198463439941406 212
1756648036655 51.822879791259766 213
1756648036761 56.726036071777344 214
1756648036864 47.89767074584961 215
1756648036967 51.2435188293457 216
1756648037069 46.80447769165039 217
1756648037172 54.99516296386719 218
1756648037276 55.0455207824707 219
1756648037379 43.527748107910156 220
1756648037482 55.943851470947266 221
1756648037585 58.18859100341797 222
1756648037688 52.15470886230469 223
1756648037792 50.04673767089844 224
1756648037895 51.785072326660156 225
1756648037999 52.72694778442383 226
1756648038102 53.77780532836914 227
1756648038204 55.69819641113281 228
1756648038308 49.69373321533203 229
1756648038411 46.79251480102539 230
1756648038513 45.177734375 231
1756648038617 43.70737075805664 232
1756648038722 54.21126174926758 233
1756648038825 55.44184112548828 234
1756648038928 47.68334197998047 235
1756648039030 49.22993087768555 236
1756648039134 54.627281188964844 237
1756648039237 56.183921813964844 238
1756648039340 53.9971809387207 239
1756648039443 52.91282272338867 240
1756648039546 51.8565673828125 241
1756648039650 54.4883918762207 242
1756648039753 49.581146240234375 243
1756648039861 54.78355026245117 244
1756648039964 49.6068000793457 245
1756648040068 51.828399658203125 246
1756648040170 44.650272369384766 247
1756648040273 54.59819412231445 248
1756648040377 46.6876106262207 249
1756648040480 55.71584701538086 250
1756648040583 46.94873046875 251
1756648040689 54.44709014892578 252
1756648040792 58.20891189575195 253
1756648040895 45.11503601074219 254
1756648040998 52.335811614990234 255
1756648041103 57.484161376953125 256
1756648041207 49.78718185424805 257
1756648041310 52.10097122192383 258
1756648041415 51.32242965698242 259
1756648041520 48.146156311035156 260
1756648041623 55.81697082519531 261
1756648041726 43.98506546020508 262
1756648041829 46.2696647644043 263
1756648041933 50.96726989746094 264
1756648042036 52.754817962646484 265
1756648042139 49.54822540283203 266
1756648042241 50.45731735229492 267
1756648042345 55.51445007324219 268
1756648042448 55.82655715942383 269
1756648042551 56.94065856933594 270
1756648042654 51.477298736572266 271
1756648042759 57.820709228515625 272
1756648042866 50.77973175048828 273
1756648042970 49.576072692871094 274
1756648043073 49.043182373046875 275
1756648043176 48.99272155761719 276
1756648043279 54.91425323486328 277
1756648043383 54.27913284301758 278
1756648043486 48.66120910644531 279
1756648043589 51.06246566772461 280
1756648043692 46.678489685058594 281
1756648043795 47.01632308959961 282
1756648043899 45.658302307128906 283
1756648044003 46.54429244995117 284
1756648044106 53.07735824584961 285
1756648044211 52.84135437011719 286
1756648044315 52.71381378173828 287
1756648044418 50.60517883300781 288
1756648044521 55.899147033691406 289
1756648044625 59.00141906738281 290
1756648044728 58.69803237915039 291
1756648044831 52.58297348022461 292
1756648044934 57.212188720703125 293
1756648045036 54.65278625488281 294
1756648045139 51.99677276611328 295
1756648045242 49.24375534057617 296
1756648045345 50.99467849731445 297
1756648045449 48.579017639160156 298
1756648045552 52.52351379394531 299
1756648053760 98.63029479980469 0
1756648053864 91.34075164794922 1
1756648053966 79.01631164550781 2
1756648054070 67.40815734863281 3
1756648054173 56.966915130615234 4
1756648054279 68.25466918945312 5
1756648054382 64.1666030883789 6
1756648054486 55.062355041503906 7
1756648054589 46.43259048461914 8
1756648054693 43.37955093383789 9
1756648054797 58.33866882324219 10
1756648054902 55.86735534667969 11
1756648055006 46.49227523803711 12
1756648055110 53.058837890625 13
1756648055216 56.189964294433594 14
1756648055319 51.37568664550781 15
1756648055424 55.59584045410156 16
1756648055526 52.17420959472656 17
1756648055630 50.29496765136719 18
1756648055732 49.8529167175293 19
1756648055837 59.51906967163086 20
1756648055940 47.784549713134766 21
1756648056044 46.801395416259766 22
1756648056147 53.04414367675781 23
1756648056251 52.35390853881836 24
1756648056357 51.005577087402344 25
1756648056462 48.868202209472656 26
1756648056563 51.561702728271484 27
1756648056666 51.24432373046875 28
1756648056770 54.842796325683594 29
1756648056873 47.013423919677734 30
1756648056976 52.38869857788086 31
1756648057081 45.08732223510742 32
1756648057184 48.96807861328125 33
1756648057287 51.32417297363281 34
1756648057393 44.853214263916016 35
1756648057496 54.95988464355469 36
1756648057599 53.90520095825195 37
1756648057705 47.61859130859375 38
1756648057817 50.628658294677734 39
1756648057919 51.393882751464844 40
1756648058021 53.302730560302734 41
1756648058123 41.00917053222656 42
1756648058227 57.0979118347168 43
1756648058331 49.964839935302734 44
1756648058434 47.8051872253418 45
1756648058536 51.131771087646484 46
1756648058638 50.23876953125 47
1756648058742 45.7326774597168 48
1756648058847 47.91793441772461 49
1756648058951 55.20878601074219 50
1756648059055 46.025760650634766 51
1756648059166 45.46725082397461 52
1756648059269 47.01803207397461 53
1756648059373 49.266380310058594 54
1756648059477 48.8925666809082 55
1756648059582 56.204368591308594 56
1756648059686 49.25102233886719 57
1756648059789 41.74221420288086 58
1756648059894 47.975345611572266 59
1756648059998 44.45124053955078 60
1756648060110 51.96372985839844 61
1756648060217 49.65584945678711 62
1756648060323 45.2058219909668 63
1756648060431 49.574073791503906 64
1756648060534 46.60456848144531 65
1756648060639 44.8137321472168 66
1756648060744 47.18598937988281 67
1756648060848 49.31899642944336 68
1756648061032 53.31429672241211 69
1756648061152 48.742431640625 70
1756648061267 52.4622917175293 71
1756648061371 47.730716705322266 72
1756648061474 56.36351013183594 73
1756648061578 49.607666015625 74
1756648061682 48.594505310058594 75
1756648061792 50.3802490234375 76
1756648061897 45.50368881225586 77
1756648062002 53.886043548583984 78
1756648062107 57.77139663696289 79
1756648062212 47.296607971191406 80
1756648062325 52.41691970825195 81
1756648062428 51.25958251953125 82
1756648062532 54.4116096496582 83
1756648062637 42.562477111816406 84
1756648062741 54.38564682006836 85
1756648062846 50.36018371582031 86
1756648062950 44.55538558959961 87
1756648063054 49.65212631225586 88
1756648063160 49.97740173339844 89
1756648063265 55.795310974121094 90
1756648063370 52.475154876708984 91
1756648063474 57.656471252441406 92
1756648063579 52.87154769897461 93
1756648063686 50.48997497558594 94
1756648063791 54.32718276977539 95
1756648063895 52.85329818725586 96
1756648064000 55.28226089477539 97
1756648064103 50.1917610168457 98
1756648064208 42.215782165527344 99
1756648064312 50.823421478271484 100
1756648064416 43.89308166503906 101
1756648064521 50.501522064208984 102
1756648064625 47.710025787353516 103
1756648064730 47.48951721191406 104
1756648064835 57.204322814941406 105
1756648064940 48.2407341003418 106
1756648065046 50.6762809753418 107
1756648065151 44.342491149902344 108
1756648065255 52.35969543457031 109
1756648065361 47.11149597167969 110
1756648065465 53.94247055053711 111
1756648065570 42.97978210449219 112
1756648065674 47.009830474853516 113
1756648065779 55.34878158569336 114
1756648065885 53.48752212524414 115
1756648065990 50.90457534790039 116
1756648066095 48.8901252746582 117
1756648066199 47.21946716308594 118
1756648066304 62.1924934387207 119
1756648066409 58.16609191894531 120
1756648066514 50.69058609008789 121
1756648066619 52.99429702758789 122
1756648066724 56.5933952331543 123
1756648066831 47.765525817871094 124
1756648066937 52.9526481628418 125
1756648067042 45.7053337097168 126
1756648067146 49.24996566772461 127
1756648067250 52.633544921875 128
1756648067354 49.69828796386719 129
1756648067458 50.2326774597168 130
1756648067563 40.1685791015625 131
1756648067668 49.51595687866211 132
1756648067772 52.9242057800293 133
1756648067878 48.0456428527832 134
1756648067984 46.245994567871094 135
1756648068089 53.08675765991211 136
1756648068197 48.114990234375 137
1756648068305 44.7298698425293 138
1756648068409 44.9850959777832 139
1756648068514 48.745872497558594 140
1756648068619 41.4356803894043 141
1756648068724 46.494937896728516 142
1756648068829 50.87477111816406 143
1756648068935 55.72066879272461 144
1756648069040 43.23304748535156 145
1756648069144 44.77155685424805 146
1756648069249 44.62942886352539 147
1756648069354 50.24842834472656 148
1756648069458 50.970333099365234 149
1756648069564 54.65449142456055 150
1756648069669 49.63044357299805 151
1756648069774 38.67193603515625 152
1756648069878 52.858619689941406 153
1756648069983 47.46578598022461 154
1756648070087 46.56703186035156 155
1756648070194 51.911197662353516 156
1756648070299 50.54702377319336 157
1756648070404 56.4827880859375 158
1756648070509 47.24850082397461 159
1756648070614 54.121639251708984 160
1756648070719 44.86180114746094 161
1756648070823 49.91512680053711 162
1756648070928 43.81535339355469 163
1756648071033 44.595706939697266 164
1756648071138 53.49406433105469 165
1756648071243 50.57987976074219 166
1756648071349 49.46788024902344 167
1756648071459 46.174930572509766 168
1756648071565 49.86001205444336 169
1756648071672 47.219825744628906 170
1756648071778 41.496036529541016 171
1756648071885 43.860843658447266 172
1756648071992 50.40325927734375 173
1756648072100 50.6616325378418 174
1756648072206 49.91078186035156 175
1756648072311 49.88897705078125 176
1756648072416 47.4073600769043 177
1756648072522 47.69429016113281 178
1756648072632 43.62540054321289 179
1756648072740 50.446205139160156 180
1756648072845 54.979393005371094 181
1756648072950 50.3345947265625 182
1756648073055 49.52943420410156 183
1756648073160 46.77442932128906 184
1756648073265 45.923316955566406 185
1756648073370 50.978187561035156 186
1756648073474 52.15898132324219 187
1756648073579 47.946876525878906 188
1756648073684 47.1334228515625 189
1756648073787 47.8089714050293 190
1756648073892 48.43610763549805 191
1756648073996 49.4998893737793 192
1756648074101 46.34823226928711 193
1756648074206 49.46364974975586 194
1756648074313 47.212276458740234 195
1756648074418 47.69169998168945 196
1756648074524 55.20759201049805 197
1756648074629 51.99214172363281 198
1756648074734 48.970420837402344 199
1756648074840 49.05160140991211 200
1756648074945 48.42048263549805 201
1756648075050 48.95478820800781 202
1756648075154 44.38471603393555 203
1756648075257 56.10346984863281 204
1756648075361 48.455379486083984 205
1756648075466 47.599178314208984 206
1756648075569 47.89449691772461 207
1756648075673 46.321041107177734 208
1756648075780 58.8776741027832 209
1756648075885 43.43423843383789 210
1756648075988 46.09602355957031 211
1756648076091 58.728431701660156 212
1756648076194 44.91645812988281 213
1756648076297 44.84288024902344 214
1756648076401 48.702537536621094 215
1756648076505 48.541725158691406 216
1756648076609 53.05882263183594 217
1756648076714 49.38479995727539 218
1756648076820 48.468833923339844 219
1756648076925 50.6448860168457 220
1756648077028 51.168785095214844 221
1756648077131 41.73445129394531 222
1756648077235 50.263267517089844 223
1756648077340 51.856929779052734 224
1756648077443 44.93119812011719 225
1756648077548 46.44174575805664 226
1756648077653 56.231971740722656 227
1756648077757 52.22869873046875 228
1756648077861 49.88652038574219 229
1756648077964 51.3680419921875 230
1756648078068 50.222354888916016 231
1756648078173 56.682430267333984 232
1756648078279 41.974918365478516 233
1756648078385 41.430686950683594 234
1756648078491 40.5670166015625 235
1756648078596 51.21126937866211 236
1756648078704 45.12981414794922 237
1756648078811 47.344730377197266 238
1756648078916 50.1148681640625 239
1756648079019 55.8436164855957 240
1756648079125 51.28409194946289 241
1756648079231 42.60368728637695 242
1756648079337 49.318058013916016 243
1756648079442 52.436302185058594 244
1756648079546 51.133968353271484 245
1756648079651 46.25271987915039 246
1756648079757 56.00666427612305 247
1756648079862 48.591983795166016 248
1756648079967 53.829368591308594 249
1756648080074 50.803897857666016 250
1756648080179 55.2059211730957 251
1756648080284 51.275634765625 252
1756648080390 47.53123474121094 253
1756648080495 49.72212219238281 254
1756648080600 52.1106071472168 255
1756648080705 49.293888092041016 256
1756648080812 54.0872688293457 257
1756648080917 42.326759338378906 258
1756648081023 45.10682678222656 259
1756648081129 45.0985221862793 260
1756648081234 48.77206039428711 261
1756648081341 44.97584915161133 262
1756648081446 58.231407165527344 263
1756648081550 48.88490295410156 264
1756648081655 49.99709701538086 265
1756648081760 52.05955505371094 266
1756648081864 53.21805191040039 267
1756648081967 49.084754943847656 268
1756648082072 52.00509262084961 269
1756648082177 51.45345687866211 270
1756648082283 43.32041931152344 271
1756648082388 50.60466003417969 272
1756648082492 50.97878646850586 273
1756648082597 53.711830139160156 274
1756648082701 39.018314361572266 275
1756648082808 51.340187072753906 276
1756648082914 39.121097564697266 277
1756648083019 48.53775405883789 278
1756648083125 54.59488296508789 279
1756648083230 54.5207405090332 280
1756648083334 44.24122619628906 281
1756648083437 42.960174560546875 282
1756648083542 46.34463119506836 283
1756648083646 52.1146354675293 284
1756648083751 51.74721908569336 285
1756648083857 51.98366928100586 286
1756648083962 50.31396484375 287
1756648084068 50.91152572631836 288
1756648084172 52.1369743347168 289
1756648084278 53.33145523071289 290
1756648084384 53.6278190612793 291
1756648084490 40.819026947021484 292
1756648084595 40.610530853271484 293
1756648084699 53.077354431152344 294
1756648084805 49.06884765625 295
1756648084910 50.10560607910156 296
1756648085018 47.59849548339844 297
1756648085124 52.7747688293457 298
1756648085230 51.7061653137207 299
1756648093447 97.1239013671875 0
1756648093559 88.91654205322266 1
1756648093668 75.62901306152344 2
1756648093775 53.66728973388672 3
1756648093883 53.760040283203125 4
1756648093992 58.310062408447266 5
1756648094099 55.54059982299805 6
1756648094206 51.55641174316406 7
1756648094317 52.86677169799805 8
1756648094421 44.55878448486328 9
1756648094527 46.583984375 10
1756648094633 49.04569625854492 11
1756648094739 55.82427215576172 12
1756648094844 54.07387161254883 13
1756648094956 51.12907791137695 14
1756648095063 54.749637603759766 15
1756648095172 53.480560302734375 16
1756648095282 55.70303726196289 17
1756648095391 50.14985656738281 18
1756648095503 47.86198043823242 19
1756648095619 43.16628646850586 20
1756648095726 47.39618682861328 21
1756648095833 48.90739822387695 22
1756648095940 47.933494567871094 23
1756648096050 49.17659378051758 24
1756648096157 42.021080017089844 25
1756648096264 48.97752380371094 26
1756648096372 51.18533706665039 27
1756648096479 44.719642639160156 28
1756648096586 45.074127197265625 29
1756648096693 52.727210998535156 30
1756648096800 51.981842041015625 31
1756648096907 53.137184143066406 32
1756648097014 49.43336868286133 33
1756648097123 50.37174606323242 34
1756648097231 48.83244323730469 35
1756648097336 44.15254592895508 36
1756648097442 52.026695251464844 37
1756648097547 44.32005310058594 38
1756648097655 50.845367431640625 39
1756648097762 49.35593032836914 40
1756648097868 52.698463439941406 41
1756648097973 48.955467224121094 42
1756648098078 52.36893081665039 43
1756648098185 44.46926498413086 44
1756648098290 52.383296966552734 45
1756648098396 54.717464447021484 46
1756648098501 56.2310676574707 47
1756648098607 46.59086608886719 48
1756648098713 45.157928466796875 49
1756648098818 44.99374008178711 50
1756648098925 46.136844635009766 51
1756648099030 43.4542350769043 52
1756648099135 50.91773223876953 53
1756648099241 55.077171325683594 54
1756648099352 45.216060638427734 55
1756648099460 52.39334487915039 56
1756648099567 45.99470138549805 57
1756648099675 48.464969635009766 58
1756648099781 48.10466766357422 59
1756648099889 44.48765563964844 60
1756648099996 47.092262268066406 61
1756648100103 47.33812713623047 62
1756648100211 56.428489685058594 63
1756648100318 49.970970153808594 64
1756648100428 53.71400451660156 65
1756648100535 52.66987609863281 66
1756648100642 54.11171340942383 67
1756648100749 45.258827209472656 68
1756648100865 46.72296905517578 69
1756648100974 49.06569290161133 70
1756648101081 53.706783294677734 71
1756648101189 49.33683776855469 72
1756648101297 45.12636184692383 73
1756648101405 43.59134292602539 74
1756648101512 53.74834442138672 75
1756648101619 49.47725296020508 76
1756648101726 55.372535705566406 77
1756648101834 36.52062225341797 78
1756648101943 42.344200134277344 79
1756648102051 47.20984649658203 80
1756648102160 44.256710052490234 81
1756648102268 47.301090240478516 82
1756648102376 50.27778244018555 83
1756648102484 47.42372512817383 84
1756648102592 52.270355224609375 85
1756648102700 39.68735885620117 86
1756648102808 48.808685302734375 87
1756648102916 52.03932571411133 88
1756648103025 52.102298736572266 89
1756648103133 46.74654769897461 90
1756648103241 52.272823333740234 91
1756648103349 41.53767013549805 92
1756648103457 51.9233283996582 93
1756648103565 51.98810577392578 94
1756648103674 49.712738037109375 95
1756648103782 53.260215759277344 96
1756648103890 54.781009674072266 97
1756648103998 48.064579010009766 98
1756648104106 48.834983825683594 99
1756648104215 51.33698654174805 100
1756648104323 53.84944534301758 101
1756648104431 46.623722076416016 102
1756648104540 50.61164093017578 103
1756648104648 50.71615982055664 104
1756648104756 50.01499938964844 105
1756648104865 51.81967544555664 106
1756648104974 51.096317291259766 107
1756648105081 50.72273254394531 108
1756648105189 49.554588317871094 109
1756648105297 47.72993087768555 110
1756648105405 45.668643951416016 111
1756648105514 49.37358474731445 112
1756648105621 56.66564178466797 113
1756648105729 48.92082595825195 114
1756648105836 48.17375564575195 115
1756648105946 46.02082443237305 116
1756648106054 44.3428955078125 117
1756648106162 48.478065490722656 118
1756648106270 44.932037353515625 119
1756648106378 46.771305084228516 120
1756648106486 52.17477798461914 121
1756648106595 45.6392822265625 122
1756648106703 44.626792907714844 123
1756648106810 46.82298278808594 124
1756648106919 54.77253723144531 125
1756648107027 51.169673919677734 126
1756648107135 53.97245407104492 127
1756648107243 43.3408088684082 128
1756648107352 52.79302215576172 129
1756648107460 43.814937591552734 130
1756648107568 50.397220611572266 131
1756648107677 48.86643981933594 132
1756648107785 50.24631881713867 133
1756648107894 46.37607955932617 134
1756648108008 59.752601623535156 135
1756648108117 44.95447540283203 136
1756648108225 52.05689239501953 137
1756648108333 41.219661712646484 138
1756648108441 50.046348571777344 139
1756648108549 46.87858963012695 140
1756648108657 53.7198371887207 141
1756648108765 42.106285095214844 142
1756648108875 45.13103485107422 143
1756648108982 50.60190200805664 144
1756648109091 55.734153747558594 145
1756648109199 52.58194351196289 146
1756648109307 46.2606086730957 147
1756648109414 51.646759033203125 148
1756648109523 44.21769714355469 149
1756648109631 48.51593780517578 150
1756648109737 51.554473876953125 151
1756648109844 48.90803909301758 152
1756648109953 41.70827102661133 153
1756648110060 50.48597717285156 154
1756648110167 51.534576416015625 155
1756648110274 47.78559494018555 156
1756648110383 55.64046096801758 157
1756648110490 50.277366638183594 158
1756648110597 48.952362060546875 159
1756648110707 47.90169143676758 160
1756648110824 47.62691879272461 161
1756648110931 52.759498596191406 162
1756648111038 52.28108596801758 163
1756648111146 56.594234466552734 164
1756648111252 39.55708694458008 165
1756648111360 54.503883361816406 166
1756648111468 63.514583587646484 167
1756648111575 49.277671813964844 168
1756648111682 45.65742874145508 169
1756648111791 42.86056137084961 170
1756648111898 49.11156463623047 171
1756648112005 44.7050895690918 172
1756648112112 45.533119201660156 173
1756648112219 52.41709518432617 174
1756648112328 46.85093688964844 175
1756648112434 45.4066276550293 176
1756648112541 48.916969299316406 177
1756648112649 53.33916473388672 178
1756648112757 52.330352783203125 179
1756648112864 50.92308807373047 180
1756648112971 39.87877655029297 181
1756648113079 48.464378356933594 182
1756648113187 41.300899505615234 183
1756648113295 50.428619384765625 184
1756648113403 53.6512451171875 185
1756648113510 52.56291580200195 186
1756648113618 46.99451446533203 187
1756648113727 47.31588363647461 188
1756648113836 54.523033142089844 189
1756648113944 58.467411041259766 190
1756648114052 47.10357666015625 191
1756648114161 45.71493148803711 192
1756648114269 48.996585845947266 193
1756648114377 54.54638671875 194
1756648114485 44.72602081298828 195
1756648114593 54.02211380004883 196
1756648114701 53.4629020690918 197
1756648114810 52.50925064086914 198
1756648114918 46.857398986816406 199
1756648115026 37.569984436035156 200
1756648115134 45.9305534362793 201
1756648115242 49.58375549316406 202
1756648115350 45.80643081665039 203
1756648115458 49.14025115966797 204
1756648115567 45.34105682373047 205
1756648115675 44.875606536865234 206
1756648115783 47.62288284301758 207
1756648115891 48.28777313232422 208
1756648115999 40.04567337036133 209
1756648116108 47.57807159423828 210
1756648116215 55.140132904052734 211
1756648116323 44.48878479003906 212
1756648116432 51.58599853515625 213
1756648116539 50.59315872192383 214
1756648116648 51.86833572387695 215
1756648116756 51.4112663269043 216
1756648116865 50.889183044433594 217
1756648116974 51.271873474121094 218
1756648117082 53.36863708496094 219
1756648117190 44.99257278442383 220
1756648117298 50.53858947753906 221
1756648117407 57.695621490478516 222
1756648117515 43.39328384399414 223
1756648117624 45.81964111328125 224
1756648117731 48.76897048950195 225
1756648117839 52.30868148803711 226
1756648117945 46.29304504394531 227
1756648118053 44.79509735107422 228
1756648118161 56.433990478515625 229
1756648118270 45.05147171020508 230
1756648118378 43.55557632446289 231
1756648118486 55.247947692871094 232
1756648118594 41.5297737121582 233
1756648118702 45.339935302734375 234
1756648118811 40.15513229370117 235
1756648118920 48.20503234863281 236
1756648119027 49.73139190673828 237
1756648119135 55.81391525268555 238
1756648119243 43.44538497924805 239
1756648119352 43.7987060546875 240
1756648119460 50.1323356628418 241
1756648119569 55.079078674316406 242
1756648119677 48.30113220214844 243
1756648119785 44.48807907104492 244
1756648119894 50.148929595947266 245
1756648120002 45.610225677490234 246
1756648120108 56.08677291870117 247
1756648120214 50.832366943359375 248
1756648120320 46.05689239501953 249
1756648120426 49.16242218017578 250
1756648120533 46.166778564453125 251
1756648120638 40.083961486816406 252
1756648120745 52.71628189086914 253
1756648120850 54.46092224121094 254
1756648120958 43.143775939941406 255
1756648121069 50.32786560058594 256
1756648121177 46.36225891113281 257
1756648121284 47.23930740356445 258
1756648121393 53.82280731201172 259
1756648121500 56.73725891113281 260
1756648121606 46.8535041809082 261
1756648121711 52.09207534790039 262
1756648121816 45.762535095214844 263
1756648121922 47.85862731933594 264
1756648122029 41.9559211730957 265
1756648122134 51.990848541259766 266
1756648122240 43.41994857788086 267
1756648122347 49.757286071777344 268
1756648122454 42.38364028930664 269
1756648122561 45.28937911987305 270
1756648122667 48.86241912841797 271
1756648122773 53.89181137084961 272
1756648122879 41.923500061035156 273
1756648122984 45.774051666259766 274
1756648123090 41.62907028198242 275
1756648123196 50.54899978637695 276
1756648123302 50.167179107666016 277
1756648123408 57.28042221069336 278
1756648123514 51.657691955566406 279
1756648123619 40.82502365112305 280
1756648123725 48.338783264160156 281
1756648123830 43.502403259277344 282
1756648123936 42.105777740478516 283
1756648124041 47.122867584228516 284
1756648124149 45.04071807861328 285
1756648124262 41.97060012817383 286
1756648124370 39.8509407043457 287
1756648124477 46.4976921081543 288
1756648124584 43.20591354370117 289
1756648124692 48.278472900390625 290
1756648124800 54.87235641479492 291
1756648124907 51.36687088012695 292
1756648125014 46.307350158691406 293
1756648125124 47.659488677978516 294
1756648125231 51.10325622558594 295
1756648125339 49.221466064453125 296
1756648125447 49.07591247558594 297
1756648125555 52.47096633911133 298
1756648125661 44.324806213378906 299
1756648133882 97.4679946899414 0
1756648134007 84.6376953125 1
1756648134124 70.21095275878906 2
1756648134237 45.13237762451172 3
1756648134352 58.6826171875 4
1756648134473 62.336849212646484 5
1756648134593 46.456336975097656 6
1756648134706 54.254127502441406 7
1756648134819 53.672462463378906 8
1756648134929 46.8929328918457 9
1756648135041 50.028892517089844 10
1756648135153 40.2197151184082 11
1756648135261 47.16728591918945 12
1756648135373 45.44920349121094 13
1756648135493 50.30550765991211 14
1756648135622 44.609493255615234 15
1756648135740 49.625423431396484 16
1756648135853 42.398345947265625 17
1756648135966 59.20100402832031 18
1756648136075 44.509281158447266 19
1756648136192 40.680076599121094 20
1756648136306 44.12247085571289 21
1756648136424 49.79119873046875 22
1756648136538 47.230525970458984 23
1756648136654 44.69734191894531 24
1756648136764 54.66415023803711 25
1756648136879 41.039615631103516 26
1756648136993 59.092220306396484 27
1756648137109 51.61284255981445 28
1756648137223 40.494789123535156 29
1756648137331 48.309669494628906 30
1756648137439 49.500694274902344 31
1756648137551 41.61170196533203 32
1756648137666 48.865821838378906 33
1756648137779 53.17097473144531 34
1756648137897 49.228153228759766 35
1756648138007 49.35065841674805 36
1756648138121 41.98075866699219 37
1756648138234 46.30661392211914 38
1756648138348 45.28475570678711 39
1756648138465 46.872947692871094 40
1756648138577 44.83063888549805 41
1756648138691 45.76931381225586 42
1756648138804 49.49662780761719 43
1756648138918 45.50225830078125 44
1756648139035 46.13619613647461 45
1756648139151 49.73263931274414 46
1756648139261 41.90249252319336 47
1756648139372 51.8298454284668 48
1756648139491 45.03006362915039 49
1756648139603 47.84275817871094 50
1756648139714 46.755558013916016 51
1756648139827 38.919471740722656 52
1756648139939 50.20661544799805 53
1756648140058 45.27466583251953 54
1756648140181 55.416847229003906 55
1756648140299 46.19322204589844 56
1756648140414 39.69771957397461 57
1756648140529 35.77350997924805 58
1756648140644 46.746421813964844 59
1756648140762 50.340023040771484 60
1756648140879 53.764747619628906 61
1756648140998 47.38351821899414 62
1756648141111 52.53776550292969 63
1756648141224 43.321903228759766 64
1756648141339 38.84064483642578 65
1756648141457 38.67706298828125 66
1756648141575 52.35273742675781 67
1756648141688 46.928768157958984 68
1756648141804 44.351749420166016 69
1756648141920 48.054508209228516 70
1756648142033 45.760250091552734 71
1756648142147 47.48115158081055 72
1756648142256 46.330238342285156 73
1756648142369 46.43565368652344 74
1756648142484 44.02193832397461 75
1756648142598 44.72920227050781 76
1756648142713 45.541053771972656 77
1756648142825 50.5169563293457 78
1756648142938 47.11734390258789 79
1756648143051 48.7431640625 80
1756648143163 45.14881134033203 81
1756648143279 54.28483963012695 82
1756648143400 46.31997299194336 83
1756648143524 41.03953170776367 84
1756648143642 45.095638275146484 85
1756648143759 44.003570556640625 86
1756648143874 46.496524810791016 87
1756648143992 44.01106262207031 88
1756648144105 47.733375549316406 89
1756648144220 50.626220703125 90
1756648144338 49.8083610534668 91
1756648144464 46.96379089355469 92
1756648144581 52.99111557006836 93
1756648144703 48.998390197753906 94
1756648144822 49.58218765258789 95
1756648144930 44.919063568115234 96
1756648145047 48.25590515136719 97
1756648145159 50.819496154785156 98
1756648145267 39.920326232910156 99
1756648145379 43.86904525756836 100
1756648145497 44.285301208496094 101
1756648145606 43.04371643066406 102
1756648145717 46.356021881103516 103
1756648145831 47.50931167602539 104
1756648145941 42.693397521972656 105
1756648146050 51.008480072021484 106
1756648146157 53.002662658691406 107
1756648146267 52.78886413574219 108
1756648146380 42.20060729980469 109
1756648146490 44.936859130859375 110
1756648146608 58.71412658691406 111
1756648146721 45.95863342285156 112
1756648146829 43.632205963134766 113
1756648146943 49.20863342285156 114
1756648147056 43.21152114868164 115
1756648147170 48.83317565917969 116
1756648147285 44.67097473144531 117
1756648147395 42.93809127807617 118
1756648147508 47.53311538696289 119
1756648147625 44.38992691040039 120
1756648147733 40.43783950805664 121
1756648147849 35.6911735534668 122
1756648147970 52.47012710571289 123
1756648148083 47.340274810791016 124
1756648148200 46.47622299194336 125
1756648148320 44.79466247558594 126
1756648148433 49.467994689941406 127
1756648148544 56.376197814941406 128
1756648148657 46.071285247802734 129
1756648148778 46.20361328125 130
1756648148894 46.87593078613281 131
1756648149018 45.68656921386719 132
1756648149140 41.006011962890625 133
1756648149263 44.56349563598633 134
1756648149374 47.69047927856445 135
1756648149487 46.8951416015625 136
1756648149602 47.61893081665039 137
1756648149714 53.3419075012207 138
1756648149825 44.38134765625 139
1756648149937 42.86162185668945 140
1756648150055 44.10945129394531 141
1756648150187 50.859764099121094 142
1756648150304 50.55671691894531 143
1756648150423 46.42533874511719 144
1756648150549 44.70502853393555 145
1756648150660 43.338829040527344 146
1756648150773 46.971858978271484 147
1756648150887 54.0302734375 148
1756648150997 42.8852424621582 149
1756648151109 44.838218688964844 150
1756648151222 41.96052551269531 151
1756648151339 46.645015716552734 152
1756648151454 51.4104118347168 153
1756648151569 45.62907791137695 154
1756648151689 46.56387710571289 155
1756648151802 46.92083740234375 156
1756648151914 41.911922454833984 157
1756648152030 53.45463943481445 158
1756648152140 49.93294906616211 159
1756648152250 44.27523422241211 160
1756648152367 49.835426330566406 161
1756648152488 58.66165542602539 162
1756648152601 39.012046813964844 163
1756648152713 51.388851165771484 164
1756648152829 47.995792388916016 165
1756648152947 43.16656494140625 166
1756648153061 43.02621841430664 167
1756648153177 53.623451232910156 168
1756648153296 48.086429595947266 169
1756648153408 52.29623031616211 170
1756648153518 41.91494369506836 171
1756648153631 44.749507904052734 172
1756648153744 41.841922760009766 173
1756648153859 48.454811096191406 174
1756648153977 41.57827377319336 175
1756648154089 43.821720123291016 176
1756648154202 45.1362190246582 177
1756648154315 42.30964279174805 178
1756648154428 42.70621109008789 179
1756648154544 56.833961486816406 180
1756648154660 40.0308837890625 181
1756648154774 49.70013427734375 182
1756648154891 53.80404281616211 183
1756648155006 42.13664245605469 184
1756648155117 43.08861541748047 185
1756648155233 36.239139556884766 186
1756648155350 52.172603607177734 187
1756648155461 51.48468017578125 188
1756648155579 45.071144104003906 189
1756648155696 43.53022766113281 190
1756648155805 43.38603973388672 191
1756648155916 46.95624923706055 192
1756648156027 51.51739501953125 193
1756648156142 52.90205383300781 194
1756648156258 47.601253509521484 195
1756648156374 50.8922119140625 196
1756648156486 39.82267761230469 197
1756648156597 47.606624603271484 198
1756648156706 53.710693359375 199
1756648156823 49.751522064208984 200
1756648156938 44.23910903930664 201
1756648157052 46.72622299194336 202
1756648157165 55.34756088256836 203
1756648157278 45.84245300292969 204
1756648157396 38.63798522949219 205
1756648157514 50.37093734741211 206
1756648157634 47.61480712890625 207
1756648157748 39.97465896606445 208
1756648157860 49.481361389160156 209
1756648157973 46.17822265625 210
1756648158085 46.29409408569336 211
1756648158196 49.695152282714844 212
1756648158307 48.825050354003906 213
1756648158425 43.99986267089844 214
1756648158538 50.04762268066406 215
1756648158649 45.90807342529297 216
1756648158768 51.27751541137695 217
1756648158885 50.203330993652344 218
1756648158999 40.98028564453125 219
1756648159113 46.349971771240234 220
1756648159229 42.959144592285156 221
1756648159350 44.14118957519531 222
1756648159471 43.03190612792969 223
1756648159584 46.35975646972656 224
1756648159702 47.3039436340332 225
1756648159818 46.31336212158203 226
1756648159934 46.20700454711914 227
1756648160049 47.758583068847656 228
1756648160164 42.96731948852539 229
1756648160278 47.528194427490234 230
1756648160396 45.634334564208984 231
1756648160515 46.23971176147461 232
1756648160636 44.29672622680664 233
1756648160752 42.6982307434082 234
1756648160863 43.88613510131836 235
1756648160981 39.34067153930664 236
1756648161091 39.84170150756836 237
1756648161201 46.61279296875 238
1756648161315 54.86030197143555 239
1756648161436 50.208797454833984 240
1756648161548 49.717796325683594 241
1756648161665 42.75263595581055 242
1756648161779 44.28989028930664 243
1756648161892 43.29472732543945 244
1756648162009 46.815242767333984 245
1756648162122 49.58345031738281 246
1756648162240 54.066349029541016 247
1756648162357 48.5384407043457 248
1756648162475 44.475425720214844 249
1756648162599 39.75533676147461 250
1756648162717 40.830711364746094 251
1756648162833 43.921756744384766 252
1756648162947 47.57686996459961 253
1756648163062 48.011070251464844 254
1756648163181 46.05816650390625 255
1756648163295 46.210323333740234 256
1756648163411 52.02584457397461 257
1756648163532 43.33883285522461 258
1756648163656 40.912662506103516 259
1756648163775 53.5022087097168 260
1756648163891 49.08259582519531 261
1756648164002 44.23232650756836 262
1756648164114 47.0809326171875 263
1756648164231 42.57575607299805 264
1756648164348 43.725318908691406 265
1756648164468 45.302581787109375 266
1756648164594 47.09049987792969 267
1756648164720 45.19050598144531 268
1756648164841 44.044071197509766 269
1756648164958 42.564064025878906 270
1756648165080 50.597633361816406 271
1756648165195 46.30905532836914 272
1756648165309 44.659339904785156 273
1756648165426 38.315101623535156 274
1756648165541 47.06745529174805 275
1756648165656 50.44552230834961 276
1756648165771 47.902549743652344 277
1756648165892 47.84635925292969 278
1756648166008 43.454261779785156 279
1756648166123 43.51468276977539 280
1756648166237 55.42740249633789 281
1756648166363 45.09170913696289 282
1756648166484 42.71466064453125 283
1756648166599 48.72244644165039 284
1756648166715 39.023075103759766 285
1756648166835 47.75655746459961 286
1756648166958 44.393699645996094 287
1756648167075 47.90496826171875 288
1756648167191 54.0991096496582 289
1756648167311 38.49284744262695 290
1756648167431 44.66685485839844 291
1756648167547 42.72768783569336 292
1756648167660 40.86336898803711 293
1756648167779 46.09283447265625 294
1756648167894 39.4713249206543 295
1756648168015 52.04373550415039 296
1756648168125 46.22003936767578 297
1756648168236 49.82627868652344 298
1756648168348 45.279850006103516 299
1756648176576 99.1688232421875 0
1756648176694 93.97383880615234 1
1756648176810 85.47598266601562 2
1756648176932 68.4290771484375 3
1756648177053 54.11891174316406 4
1756648177169 50.86974334716797 5
1756648177294 60.17937088012695 6
1756648177411 56.48981857299805 7
1756648177530 52.03843688964844 8
1756648177653 57.50996398925781 9
1756648177774 46.584774017333984 10
1756648177887 57.617671966552734 11
1756648178001 51.87502670288086 12
1756648178122 48.057945251464844 13
1756648178239 52.558982849121094 14
1756648178353 41.71996307373047 15
1756648178469 48.598121643066406 16
1756648178587 49.374027252197266 17
1756648178706 48.61680221557617 18
1756648178826 47.57866287231445 19
1756648178941 54.97450637817383 20
1756648179068 50.1728630065918 21
1756648179190 50.54399108886719 22
1756648179305 49.12752914428711 23
1756648179425 45.69986343383789 24
1756648179544 47.666770935058594 25
1756648179663 47.09059143066406 26
1756648179783 46.54262161254883 27
1756648179903 54.646484375 28
1756648180028 47.10728073120117 29
1756648180153 49.302154541015625 30
1756648180270 47.71385192871094 31
1756648180386 47.900978088378906 32
1756648180511 47.58863830566406 33
1756648180636 53.15145492553711 34
1756648180758 46.0533561706543 35
1756648180878 51.19261932373047 36
1756648181062 46.05804443359375 37
1756648181181 47.10072708129883 38
1756648181297 49.297916412353516 39
1756648181413 44.28477478027344 40
1756648181537 51.32680130004883 41
1756648181659 48.53941345214844 42
1756648181787 48.452247619628906 43
1756648181910 52.007240295410156 44
1756648182034 46.73342514038086 45
1756648182153 46.6943244934082 46
1756648182279 53.33352279663086 47
1756648182402 48.625038146972656 48
1756648182518 49.78920364379883 49
1756648182634 52.28714370727539 50
1756648182756 52.8036994934082 51
1756648182867 48.500648498535156 52
1756648182984 44.07697296142578 53
1756648183102 44.92210388183594 54
1756648183214 46.20941162109375 55
1756648183333 52.21786117553711 56
1756648183449 44.418678283691406 57
1756648183569 51.412757873535156 58
1756648183689 42.8990478515625 59
1756648183819 52.92674255371094 60
1756648183934 46.987003326416016 61
1756648184052 40.28276824951172 62
1756648184171 43.09760665893555 63
1756648184286 52.39692687988281 64
1756648184407 41.60002136230469 65
1756648184521 51.124977111816406 66
1756648184635 50.457969665527344 67
1756648184752 41.643592834472656 68
1756648184863 46.98483657836914 69
1756648184977 47.681175231933594 70
1756648185097 48.13387680053711 71
1756648185216 52.626731872558594 72
1756648185325 49.73259735107422 73
1756648185439 53.022857666015625 74
1756648185552 53.11085510253906 75
1756648185671 50.855918884277344 76
1756648185786 61.3626594543457 77
1756648185905 53.474456787109375 78
1756648186022 47.48921203613281 79
1756648186141 48.910491943359375 80
1756648186256 46.804771423339844 81
1756648186383 47.48678207397461 82
1756648186510 45.41852951049805 83
1756648186632 46.96165084838867 84
1756648186756 52.607112884521484 85
1756648186877 50.29653549194336 86
1756648187001 44.503238677978516 87
1756648187121 50.31816864013672 88
1756648187246 46.131099700927734 89
1756648187370 49.555816650390625 90
1756648187495 44.45923614501953 91
1756648187613 44.92234802246094 92
1756648187733 48.61233901977539 93
1756648187856 46.45248794555664 94
1756648187979 51.57091522216797 95
1756648188096 51.41836929321289 96
1756648188218 48.645042419433594 97
1756648188339 46.814552307128906 98
1756648188455 52.25115203857422 99
1756648188569 57.502437591552734 100
1756648188698 46.9588508605957 101
1756648188835 46.27134323120117 102
1756648188965 44.846351623535156 103
1756648189078 48.173004150390625 104
1756648189189 51.456329345703125 105
1756648189303 49.825435638427734 106
1756648189420 41.58734893798828 107
1756648189534 42.380889892578125 108
1756648189654 46.01291275024414 109
1756648189778 49.973045349121094 110
1756648189904 48.294307708740234 111
1756648190022 50.662864685058594 112
1756648190143 46.29328536987305 113
1756648190257 53.4949951171875 114
1756648190369 44.246219635009766 115
1756648190492 44.35066604614258 116
1756648190607 47.556739807128906 117
1756648190722 53.20542907714844 118
1756648190845 48.87785339355469 119
1756648190965 45.70583724975586 120
1756648191084 46.766109466552734 121
1756648191203 51.857086181640625 122
1756648191331 51.76799011230469 123
1756648191448 51.89768981933594 124
1756648191570 51.949520111083984 125
1756648191686 43.02283477783203 126
1756648191799 53.297183990478516 127
1756648191912 45.539241790771484 128
1756648192026 48.2183837890625 129
1756648192144 48.11338424682617 130
1756648192259 47.149742126464844 131
1756648192377 46.99165344238281 132
1756648192493 49.43772888183594 133
1756648192610 49.15133285522461 134
1756648192731 40.27153778076172 135
1756648192851 52.951927185058594 136
1756648192968 42.06600570678711 137
1756648193084 51.94660186767578 138
1756648193202 47.724918365478516 139
1756648193319 46.78008270263672 140
1756648193433 54.10343933105469 141
1756648193548 47.842769622802734 142
1756648193666 48.18524932861328 143
1756648193781 49.951045989990234 144
1756648193894 51.25625991821289 145
1756648194006 51.93772506713867 146
1756648194122 59.23873519897461 147
1756648194234 54.11702346801758 148
1756648194349 36.27918243408203 149
1756648194462 46.024513244628906 150
1756648194579 46.12886047363281 151
1756648194692 46.5274543762207 152
1756648194813 48.656837463378906 153
1756648194931 50.54008483886719 154
1756648195043 45.148338317871094 155
1756648195161 51.88082504272461 156
1756648195280 41.2903938293457 157
1756648195401 54.45741653442383 158
1756648195520 50.394630432128906 159
1756648195637 49.33051300048828 160
1756648195752 52.3217887878418 161
1756648195866 49.18724060058594 162
1756648195985 56.5293083190918 163
1756648196099 47.7802734375 164
1756648196215 48.556175231933594 165
1756648196330 49.46006393432617 166
1756648196446 53.15916442871094 167
1756648196563 49.632198333740234 168
1756648196688 49.842464447021484 169
1756648196806 54.0745735168457 170
1756648196920 43.2501106262207 171
1756648197038 53.73761749267578 172
1756648197152 46.38032531738281 173
1756648197269 43.83618927001953 174
1756648197385 50.160160064697266 175
1756648197501 48.954341888427734 176
1756648197616 50.1324462890625 177
1756648197735 43.45607376098633 178
1756648197853 51.4256591796875 179
1756648197970 49.4400749206543 180
1756648198090 51.96228790283203 181
1756648198205 53.43557357788086 182
1756648198326 52.962440490722656 183
1756648198449 52.329803466796875 184
1756648198564 52.64668273925781 185
1756648198685 55.33515930175781 186
1756648198801 50.61988067626953 187
1756648198920 48.8355827331543 188
1756648199039 47.4693489074707 189
1756648199159 45.81612777709961 190
1756648199285 46.08912658691406 191
1756648199408 43.79176712036133 192
1756648199530 40.28144073486328 193
1756648199645 54.71610641479492 194
1756648199763 44.94074630737305 195
1756648199888 45.50615692138672 196
1756648200012 46.0263786315918 197
1756648200128 48.10928726196289 198
1756648200244 45.74361801147461 199
1756648200360 55.05297088623047 200
1756648200476 49.318511962890625 201
1756648200595 48.57966613769531 202
1756648200708 60.80778121948242 203
1756648200822 57.935482025146484 204
1756648200937 42.247135162353516 205
1756648201050 48.18267822265625 206
1756648201162 53.7076301574707 207
1756648201277 48.10004425048828 208
1756648201395 54.3935432434082 209
1756648201516 52.73334884643555 210
1756648201643 54.047847747802734 211
1756648201760 49.460975646972656 212
1756648201881 49.224124908447266 213
1756648202000 49.383235931396484 214
1756648202114 45.837955474853516 215
1756648202233 49.750038146972656 216
1756648202347 51.44367599487305 217
1756648202465 50.00967788696289 218
1756648202583 47.517478942871094 219
1756648202705 47.6031608581543 220
1756648202828 49.93169021606445 221
1756648202956 43.383750915527344 222
1756648203080 46.583045959472656 223
1756648203194 45.39494705200195 224
1756648203314 57.93380355834961 225
1756648203428 51.122772216796875 226
1756648203545 54.81129455566406 227
1756648203666 49.23646926879883 228
1756648203791 41.573909759521484 229
1756648203904 49.321693420410156 230
1756648204015 47.349674224853516 231
1756648204131 45.567447662353516 232
1756648204253 49.65571212768555 233
1756648204375 47.807464599609375 234
1756648204495 40.681724548339844 235
1756648204620 52.436275482177734 236
1756648204745 52.87147903442383 237
1756648204869 47.71235275268555 238
1756648204989 46.274261474609375 239
1756648205106 43.2915153503418 240
1756648205225 43.99546432495117 241
1756648205348 44.92975997924805 242
1756648205466 47.57177734375 243
1756648205582 48.88042449951172 244
1756648205700 50.76548767089844 245
1756648205821 47.09711456298828 246
1756648205943 56.3145751953125 247
1756648206065 53.737491607666016 248
1756648206188 48.09590530395508 249
1756648206302 48.89019012451172 250
1756648206416 46.695098876953125 251
1756648206534 49.72865295410156 252
1756648206651 44.72058868408203 253
1756648206764 46.77019500732422 254
1756648206882 50.864871978759766 255
1756648207006 49.07822799682617 256
1756648207124 51.18385696411133 257
1756648207242 57.91388702392578 258
1756648207361 41.37319564819336 259
1756648207475 42.144752502441406 260
1756648207596 46.405670166015625 261
1756648207713 52.419883728027344 262
1756648207836 49.44625473022461 263
1756648207957 47.2000732421875 264
1756648208076 56.8956298828125 265
1756648208189 49.78314208984375 266
1756648208300 44.514427185058594 267
1756648208410 51.68717575073242 268
1756648208524 46.24604034423828 269
1756648208639 44.00592041015625 270
1756648208755 37.903987884521484 271
1756648208875 48.52619171142578 272
1756648208989 47.331878662109375 273
1756648209104 45.10895538330078 274
1756648209220 47.92394256591797 275
1756648209339 47.30205535888672 276
1756648209460 47.1176872253418 277
1756648209579 48.17975997924805 278
1756648209704 47.528785705566406 279
1756648209824 50.33108901977539 280
1756648209943 46.55537796020508 281
1756648210056 53.1922721862793 282
1756648210173 39.429840087890625 283
1756648210299 53.790687561035156 284
1756648210420 47.30620574951172 285
1756648210539 47.929901123046875 286
1756648210659 53.37337112426758 287
1756648210777 54.540462493896484 288
1756648210897 49.46052169799805 289
1756648211019 50.0152587890625 290
1756648211144 46.38892364501953 291
1756648211260 44.222206115722656 292
1756648211376 53.92036437988281 293
1756648211494 50.199432373046875 294
1756648211612 53.4169807434082 295
1756648211733 49.04308319091797 296
1756648211848 46.94196701049805 297
1756648211969 49.03825759887695 298
1756648212088 47.96369552612305 299
1756648220369 100.0 0
1756648220507 100.0 1
1756648220642 100.0 2
1756648220777 100.0 3
1756648220912 100.0 4
1756648221050 100.0 5
1756648221190 100.0 6
1756648221326 100.0 7
1756648221465 100.0 8
1756648221606 100.0 9
1756648221743 100.0 10
1756648221879 100.0 11
1756648222014 100.0 12
1756648222151 100.0 13
1756648222287 100.0 14
1756648222425 100.0 15
1756648222560 100.0 16
1756648222695 100.0 17
1756648222830 100.0 18
1756648222968 100.0 19
1756648223105 100.0 20
1756648223241 100.0 21
1756648223376 100.0 22
1756648223513 100.0 23
1756648223650 100.0 24
1756648223787 100.0 25
1756648223922 100.0 26
1756648224059 100.0 27
1756648224195 100.0 28
1756648224332 100.0 29
1756648224468 100.0 30
1756648224605 100.0 31
1756648224741 100.0 32
1756648224880 100.0 33
1756648225017 100.0 34
1756648225152 100.0 35
1756648225288 100.0 36
1756648225424 100.0 37
1756648225559 100.0 38
1756648225695 100.0 39
1756648225832 100.0 40
1756648225969 100.0 41
1756648226105 100.0 42
1756648226240 100.0 43
1756648226376 100.0 44
1756648226513 100.0 45
1756648226649 100.0 46
1756648226786 100.0 47
1756648226921 100.0 48
1756648227059 100.0 49
1756648227195 100.0 50
1756648227332 100.0 51
1756648227468 100.0 52
1756648227604 100.0 53
1756648227739 100.0 54
1756648227874 100.0 55
1756648228018 100.0 56
1756648228153 100.0 57
1756648228288 100.0 58
1756648228424 100.0 59
1756648228560 100.0 60
1756648228696 100.0 61
1756648228832 100.0 62
1756648228969 100.0 63
1756648229110 100.0 64
1756648229245 100.0 65
1756648229380 100.0 66
1756648229517 100.0 67
1756648229653 100.0 68
1756648229789 100.0 69
1756648229924 100.0 70
1756648230062 100.0 71
1756648230197 100.0 72
1756648230333 100.0 73
1756648230469 100.0 74
1756648230607 100.0 75
1756648230745 100.0 76
1756648230881 100.0 77
1756648231018 100.0 78
1756648231154 100.0 79
1756648231290 100.0 80
1756648231427 100.0 81
1756648231565 100.0 82
1756648231701 100.0 83
1756648231837 100.0 84
1756648231973 100.0 85
1756648232111 100.0 86
1756648232247 100.0 87
1756648232384 100.0 88
1756648232521 100.0 89
1756648232658 100.0 90
1756648232794 100.0 91
1756648232930 100.0 92
1756648233070 100.0 93
1756648233208 100.0 94
1756648233344 100.0 95
1756648233480 100.0 96
1756648233618 100.0 97
1756648233755 100.0 98
1756648233899 100.0 99
1756648234037 100.0 100
1756648234174 100.0 101
1756648234310 100.0 102
1756648234449 100.0 103
1756648234602 100.0 104
1756648234740 100.0 105
1756648234877 100.0 106
1756648235015 100.0 107
1756648235152 100.0 108
1756648235289 100.0 109
1756648235425 100.0 110
1756648235564 100.0 111
1756648235700 100.0 112
1756648235836 100.0 113
1756648235973 100.0 114
1756648236112 100.0 115
1756648236250 100.0 116
1756648236386 100.0 117
1756648236527 100.0 118
1756648236664 100.0 119
1756648236801 100.0 120
1756648236937 100.0 121
1756648237075 100.0 122
1756648237212 100.0 123
1756648237348 100.0 124
1756648237484 100.0 125
1756648237622 100.0 126
1756648237764 100.0 127
1756648237900 100.0 128
1756648238039 100.0 129
1756648238175 100.0 130
1756648238312 100.0 131
1756648238448 100.0 132
1756648238586 100.0 133
1756648238722 100.0 134
1756648238859 100.0 135
1756648238996 100.0 136
1756648239135 100.0 137
1756648239271 100.0 138
1756648239408 100.0 139
1756648239546 100.0 140
1756648239683 100.0 141
1756648239819 100.0 142
1756648239956 100.0 143
1756648240097 100.0 144
1756648240234 100.0 145
1756648240371 100.0 146
1756648240509 100.0 147
1756648240645 100.0 148
1756648240783 100.0 149
1756648240919 100.0 150
1756648241058 100.0 151
1756648241194 100.0 152
1756648241330 100.0 153
1756648241468 100.0 154
1756648241606 100.0 155
1756648241744 100.0 156
1756648241880 100.0 157
1756648242018 100.0 158
1756648242157 100.0 159
1756648242294 100.0 160
1756648242429 100.0 161
1756648242569 100.0 162
1756648242706 100.0 163
1756648242846 100.0 164
1756648242983 100.0 165
1756648243125 100.0 166
1756648243262 100.0 167
1756648243400 100.0 168
1756648243538 100.0 169
1756648243676 100.0 170
1756648243814 100.0 171
1756648243951 100.0 172
1756648244088 100.0 173
1756648244226 100.0 174
1756648244365 100.0 175
1756648244502 100.0 176
1756648244641 100.0 177
1756648244779 100.0 178
1756648244915 100.0 179
1756648245055 100.0 180
1756648245193 100.0 181
1756648245330 100.0 182
1756648245466 100.0 183
1756648245604 100.0 184
1756648245742 100.0 185
1756648245879 100.0 186
1756648246016 100.0 187
1756648246154 100.0 188
1756648246291 100.0 189
1756648246429 100.0 190
1756648246567 100.0 191
1756648246707 100.0 192
1756648246845 100.0 193
1756648246984 100.0 194
1756648247121 100.0 195
1756648247259 100.0 196
1756648247397 100.0 197
1756648247535 100.0 198
1756648247672 100.0 199
1756648247809 100.0 200
1756648247947 100.0 201
1756648248086 100.0 202
1756648248223 100.0 203
1756648248361 100.0 204
1756648248500 100.0 205
1756648248639 100.0 206
1756648248779 100.0 207
1756648248917 100.0 208
1756648249055 100.0 209
1756648249192 100.0 210
1756648249329 100.0 211
1756648249466 100.0 212
1756648249604 100.0 213
1756648249741 100.0 214
1756648249878 100.0 215
1756648250015 100.0 216
1756648250152 100.0 217
1756648250289 100.0 218
1756648250427 100.0 219
1756648250565 100.0 220
1756648250704 100.0 221
1756648250841 100.0 222
1756648250980 100.0 223
1756648251118 100.0 224
1756648251255 100.0 225
1756648251392 100.0 226
1756648251531 100.0 227
1756648251668 100.0 228
1756648251806 100.0 229
1756648251943 100.0 230
1756648252080 100.0 231
1756648252218 100.0 232
1756648252355 100.0 233
1756648252492 100.0 234
1756648252629 100.0 235
1756648252770 100.0 236
1756648252907 100.0 237
1756648253044 100.0 238
1756648253181 100.0 239
1756648253319 100.0 240
1756648253456 100.0 241
1756648253593 100.0 242
1756648253730 100.0 243
1756648253870 100.0 244
1756648254022 100.0 245
1756648254159 100.0 246
1756648254297 100.0 247
1756648254434 100.0 248
1756648254572 100.0 249
1756648254711 100.0 250
1756648254848 100.0 251
1756648254986 100.0 252
1756648255125 100.0 253
1756648255262 100.0 254
1756648255401 100.0 255
1756648255539 100.0 256
1756648255677 100.0 257
1756648255814 100.0 258
1756648255952 100.0 259
1756648256090 100.0 260
1756648256228 100.0 261
1756648256366 100.0 262
1756648256504 100.0 263
1756648256643 100.0 264
1756648256781 100.0 265
1756648256919 100.0 266
1756648257059 100.0 267
1756648257197 100.0 268
1756648257334 100.0 269
1756648257471 100.0 270
1756648257610 100.0 271
1756648257748 100.0 272
1756648257886 100.0 273
1756648258024 100.0 274
1756648258160 100.0 275
1756648258297 100.0 276
1756648258434 100.0 277
1756648258572 100.0 278
1756648258710 100.0 279
1756648258847 100.0 280
1756648258985 100.0 281
1756648259124 100.0 282
1756648259261 100.0 283
1756648259398 100.0 284
1756648259536 100.0 285
1756648259673 100.0 286
1756648259813 100.0 287
1756648259950 100.0 288
1756648260090 100.0 289
1756648260228 100.0 290
1756648260366 100.0 291
1756648260506 100.0 292
1756648260645 100.0 293
1756648260782 100.0 294
1756648260921 100.0 295
1756648261060 100.0 296
1756648261197 100.0 297
1756648261335 100.0 298
1756648261473 100.0 299
1756648269746 99.8254165649414 0
1756648269887 98.79933166503906 1
1756648270028 96.74821472167969 2
1756648270168 92.4615707397461 3
1756648270307 81.17852783203125 4
1756648270447 67.14825439453125 5
1756648270598 54.524879455566406 6
1756648270740 76.94976806640625 7
1756648270888 62.79555130004883 8
1756648271027 57.2353630065918 9
1756648271169 63.823665618896484 10
1756648271309 61.606849670410156 11
1756648271448 59.255523681640625 12
1756648271589 64.126708984375 13
1756648271731 56.864742279052734 14
1756648271875 52.18437194824219 15
1756648272015 61.59300231933594 16
1756648272155 66.76090240478516 17
1756648272295 55.61216354370117 18
1756648272436 60.03594207763672 19
1756648272578 56.237972259521484 20
1756648272719 51.16313552856445 21
1756648272860 54.87130355834961 22
1756648273002 54.455142974853516 23
1756648273142 58.68500900268555 24
1756648273283 62.69929122924805 25
1756648273423 57.11537551879883 26
1756648273563 61.51298141479492 27
1756648273705 67.15887451171875 28
1756648273846 64.08087921142578 29
1756648273987 54.928401947021484 30
1756648274128 62.787845611572266 31
1756648274269 58.75022888183594 32
1756648274411 48.01420974731445 33
1756648274552 62.9210319519043 34
1756648274696 62.59006881713867 35
1756648274837 60.18559646606445 36
1756648274979 58.406185150146484 37
1756648275121 58.60121536254883 38
1756648275263 60.329036712646484 39
1756648275404 53.14691162109375 40
1756648275545 53.65420913696289 41
1756648275686 57.876739501953125 42
1756648275828 62.012969970703125 43
1756648275972 64.85128021240234 44
1756648276115 56.75529479980469 45
1756648276255 62.92396926879883 46
1756648276396 47.97964096069336 47
1756648276539 57.953609466552734 48
1756648276680 63.540523529052734 49
1756648276823 68.47398376464844 50
1756648276964 64.44642639160156 51
1756648277109 60.80342483520508 52
1756648277252 59.54431915283203 53
1756648277395 62.929752349853516 54
1756648277539 61.11747741699219 55
1756648277683 44.18647766113281 56
1756648277826 60.79279327392578 57
1756648277970 53.132450103759766 58
1756648278114 64.05105590820312 59
1756648278259 54.056915283203125 60
1756648278403 59.42020797729492 61
1756648278546 60.57010269165039 62
1756648278692 57.726322174072266 63
1756648278837 64.80985260009766 64
1756648278980 51.46160125732422 65
1756648279126 51.019752502441406 66
1756648279269 57.84981155395508 67
1756648279414 56.265289306640625 68
1756648279558 66.0284652709961 69
1756648279702 64.36647033691406 70
1756648279846 63.071136474609375 71
1756648279991 59.48112106323242 72
1756648280134 53.54380416870117 73
1756648280277 55.4866943359375 74
1756648280420 61.57061004638672 75
1756648280563 54.42363739013672 76
1756648280706 63.9986686706543 77
1756648280850 52.616783142089844 78
1756648280992 49.25368118286133 79
1756648281137 64.03382873535156 80
1756648281282 60.228641510009766 81
1756648281425 49.47224426269531 82
1756648281570 55.18100357055664 83
1756648281713 52.67750930786133 84
1756648281868 62.69398498535156 85
1756648282012 56.83149337768555 86
1756648282155 50.22787857055664 87
1756648282299 56.86744689941406 88
1756648282443 46.359046936035156 89
1756648282586 55.078189849853516 90
1756648282730 57.06839370727539 91
1756648282875 60.565914154052734 92
1756648283019 57.31557846069336 93
1756648283164 60.42488098144531 94
1756648283309 55.69369888305664 95
1756648283453 54.8094367980957 96
1756648283597 65.17342376708984 97
1756648283741 58.694122314453125 98
1756648283886 62.486087799072266 99
1756648284031 59.17450714111328 100
1756648284176 63.06465148925781 101
1756648284321 64.7955551147461 102
1756648284464 57.09119415283203 103
1756648284607 60.749420166015625 104
1756648284749 58.63433837890625 105
1756648284891 53.97285461425781 106
1756648285033 51.79989242553711 107
1756648285175 57.39303970336914 108
1756648285316 56.655494689941406 109
1756648285457 61.10592269897461 110
1756648285598 52.4410400390625 111
1756648285739 58.570316314697266 112
1756648285888 55.63795852661133 113
1756648286030 56.297279357910156 114
1756648286171 52.89826202392578 115
1756648286313 49.88700485229492 116
1756648286454 57.72331619262695 117
1756648286597 58.461002349853516 118
1756648286740 64.20429992675781 119
1756648286883 57.54182052612305 120
1756648287027 68.43958282470703 121
1756648287171 66.19216918945312 122
1756648287311 54.217281341552734 123
1756648287453 55.612083435058594 124
1756648287594 60.766151428222656 125
1756648287736 64.73886108398438 126
1756648287877 62.69215393066406 127
1756648288060 57.84767150878906 128
1756648288207 59.17101287841797 129
1756648288354 66.4461898803711 130
1756648288500 50.7630729675293 131
1756648288645 59.829349517822266 132
1756648288793 63.19010543823242 133
1756648288939 62.270240783691406 134
1756648289085 54.55681610107422 135
1756648289231 60.2635498046875 136
1756648289377 57.98223114013672 137
1756648289523 57.020530700683594 138
1756648289668 66.98826599121094 139
1756648289814 56.78727340698242 140
1756648289959 51.89478302001953 141
1756648290105 60.50491714477539 142
1756648290252 55.10319137573242 143
1756648290399 61.26792526245117 144
1756648290545 63.207855224609375 145
1756648290691 65.7081298828125 146
1756648290837 59.285640716552734 147
1756648290982 52.5277214050293 148
1756648291126 55.1178092956543 149
1756648291271 59.10940933227539 150
1756648291417 56.9096794128418 151
1756648291563 55.75794982910156 152
1756648291706 61.788963317871094 153
1756648291854 59.381126403808594 154
1756648292001 54.6954231262207 155
1756648292146 58.087528228759766 156
1756648292292 61.7755241394043 157
1756648292439 55.643280029296875 158
1756648292584 59.784156799316406 159
1756648292730 59.430667877197266 160
1756648292876 60.366233825683594 161
1756648293022 59.52793502807617 162
1756648293168 58.596065521240234 163
1756648293315 62.876197814941406 164
1756648293461 53.77739334106445 165
1756648293607 51.490272521972656 166
1756648293753 59.662532806396484 167
1756648293898 59.28346633911133 168
1756648294044 60.37473678588867 169
1756648294189 57.65007400512695 170
1756648294335 57.064048767089844 171
1756648294480 57.15162658691406 172
1756648294626 57.447574615478516 173
1756648294772 62.23052978515625 174
1756648294918 57.099510192871094 175
1756648295064 58.08025360107422 176
1756648295210 58.11491012573242 177
1756648295355 60.75389099121094 178
1756648295502 59.63154983520508 179
1756648295648 59.27758026123047 180
1756648295793 53.3339958190918 181
1756648295939 61.768795013427734 182
1756648296086 57.40134048461914 183
1756648296232 68.24852752685547 184
1756648296378 51.007537841796875 185
1756648296523 54.94179153442383 186
1756648296669 57.44157028198242 187
1756648296816 57.04662322998047 188
1756648296959 60.20048141479492 189
1756648297101 62.811885833740234 190
1756648297244 59.583343505859375 191
1756648297387 60.9946174621582 192
1756648297530 52.80522155761719 193
1756648297675 60.53292465209961 194
1756648297817 57.645896911621094 195
1756648297961 56.3848762512207 196
1756648298108 61.9532585144043 197
1756648298251 65.99725341796875 198
1756648298398 58.823909759521484 199
1756648298543 65.40719604492188 200
1756648298686 52.95872497558594 201
1756648298829 64.3381118774414 202
1756648298973 58.20674514770508 203
1756648299117 60.86260223388672 204
1756648299260 60.925132751464844 205
1756648299403 52.005367279052734 206
1756648299546 57.64220428466797 207
1756648299690 54.76755142211914 208
1756648299833 50.330989837646484 209
1756648299978 63.892478942871094 210
1756648300121 51.4889030456543 211
1756648300266 57.549129486083984 212
1756648300411 64.31797790527344 213
1756648300554 66.3218765258789 214
1756648300698 63.767173767089844 215
1756648300842 58.48070526123047 216
1756648301051 61.47414779663086 217
1756648301206 60.6007080078125 218
1756648301355 57.42503356933594 219
1756648301498 55.40610885620117 220
1756648301642 58.69965744018555 221
1756648301786 57.1240348815918 222
1756648301929 58.33623504638672 223
1756648302072 63.69166946411133 224
1756648302218 62.798343658447266 225
1756648302373 59.840484619140625 226
1756648302517 53.967872619628906 227
1756648302661 66.97437286376953 228
1756648302804 63.1968879699707 229
1756648302947 68.04957580566406 230
1756648303091 62.664161682128906 231
1756648303235 52.135250091552734 232
1756648303379 58.0312614440918 233
1756648303525 55.49209976196289 234
1756648303669 51.73005676269531 235
1756648303814 60.04172897338867 236
1756648303958 66.07847595214844 237
1756648304102 61.76292419433594 238
1756648304247 57.59638214111328 239
1756648304391 49.92926025390625 240
1756648304535 61.2042236328125 241
1756648304679 51.65604019165039 242
1756648304825 56.03691101074219 243
1756648304968 52.2725715637207 244
1756648305124 49.01285934448242 245
1756648305274 55.315406799316406 246
1756648305416 60.630836486816406 247
1756648305560 49.65641403198242 248
1756648305703 68.27106475830078 249
1756648305846 60.915252685546875 250
1756648305988 61.37299346923828 251
1756648306133 54.731319427490234 252
1756648306275 56.4930305480957 253
1756648306422 61.893959045410156 254
1756648306566 59.98749542236328 255
1756648306709 55.138946533203125 256
1756648306852 55.59739303588867 257
1756648306995 62.71636199951172 258
1756648307138 56.211849212646484 259
1756648307282 56.995216369628906 260
1756648307424 54.181243896484375 261
1756648307567 58.58335494995117 262
1756648307710 53.68511199951172 263
1756648307853 53.56781768798828 264
1756648307999 49.62309646606445 265
1756648308142 58.83244705200195 266
1756648308284 59.109012603759766 267
1756648308427 46.85159683227539 268
1756648308569 52.35165023803711 269
1756648308712 59.52668380737305 270
1756648308856 60.91865539550781 271
1756648308999 60.02632141113281 272
1756648309142 60.224586486816406 273
1756648309284 61.850059509277344 274
1756648309428 54.708473205566406 275
1756648309571 56.6212043762207 276
1756648309718 66.36758422851562 277
1756648309860 52.35841369628906 278
1756648310003 57.066768646240234 279
1756648310147 63.37229537963867 280
1756648310289 62.446990966796875 281
1756648310432 55.16157531738281 282
1756648310575 58.82942581176758 283
1756648310719 68.34846496582031 284
1756648310862 65.5230941772461 285
1756648311006 60.176761627197266 286
1756648311150 51.43132781982422 287
1756648311293 58.72800064086914 288
1756648311436 51.63340377807617 289
1756648311579 65.74758911132812 290
1756648311722 55.15049362182617 291
1756648311865 52.169471740722656 292
1756648312009 58.06977844238281 293
1756648312152 53.619205474853516 294
1756648312296 53.9368782043457 295
1756648312440 61.643592834472656 296
1756648312583 57.16987609863281 297
1756648312730 58.34897232055664 298
1756648312873 46.79463195800781 299
1756648321132 99.91470336914062 0
1756648321272 99.40536499023438 1
1756648321413 98.1496353149414 2
1756648321555 93.14595031738281 3
1756648321694 80.6567153930664 4
1756648321833 64.2760238647461 5
1756648321974 53.0916633605957 6
1756648322113 81.1942138671875 7
1756648322250 64.90052032470703 8
1756648322387 47.8595085144043 9
1756648322529 54.47746276855469 10
1756648322669 63.74742126464844 11
1756648322807 59.96025085449219 12
1756648322944 50.988853454589844 13
1756648323083 52.08511734008789 14
1756648323223 59.52751541137695 15
1756648323360 62.3402214050293 16
1756648323497 56.59406661987305 17
1756648323634 52.244632720947266 18
1756648323775 52.574951171875 19
1756648323914 55.1052131652832 20
1756648324052 58.120460510253906 21
1756648324191 52.4142951965332 22
1756648324329 52.071876525878906 23
1756648324468 50.7392578125 24
1756648324608 59.417991638183594 25
1756648324746 63.96060562133789 26
1756648324884 58.3741569519043 27
1756648325022 57.723915100097656 28
1756648325161 57.280460357666016 29
1756648325302 57.75263595581055 30
1756648325441 64.98147583007812 31
1756648325586 52.229469299316406 32
1756648325726 48.99038314819336 33
1756648325863 54.27433776855469 34
1756648326001 58.11227798461914 35
1756648326140 61.906639099121094 36
1756648326280 50.43536376953125 37
1756648326421 60.17495346069336 38
1756648326560 56.65291976928711 39
1756648326699 55.53104019165039 40
1756648326838 54.67976379394531 41
1756648326977 56.982486724853516 42
1756648327119 55.775577545166016 43
1756648327258 58.308712005615234 44
1756648327397 52.360328674316406 45
1756648327536 61.099727630615234 46
1756648327676 53.1849250793457 47
1756648327815 61.52067947387695 48
1756648327954 61.68058776855469 49
1756648328093 58.876487731933594 50
1756648328232 52.95991516113281 51
1756648328371 55.302486419677734 52
1756648328509 52.95854187011719 53
1756648328648 55.20716857910156 54
1756648328786 57.423583984375 55
1756648328926 53.90788650512695 56
1756648329065 60.937931060791016 57
1756648329203 56.9773063659668 58
1756648329341 60.05599594116211 59
1756648329478 62.0451774597168 60
1756648329618 54.34568786621094 61
1756648329755 52.8893928527832 62
1756648329893 54.856266021728516 63
1756648330031 54.6490364074707 64
1756648330170 59.14077377319336 65
1756648330326 54.30512619018555 66
1756648330465 54.61970520019531 67
1756648330606 52.84944152832031 68
1756648330748 58.42624282836914 69
1756648330888 58.26995849609375 70
1756648331026 55.76611328125 71
1756648331165 53.903446197509766 72
1756648331304 63.402164459228516 73
1756648331445 53.26106262207031 74
1756648331584 48.63382339477539 75
1756648331723 53.53230285644531 76
1756648331862 56.437313079833984 77
1756648332000 49.52609634399414 78
1756648332137 55.5301513671875 79
1756648332276 56.27516174316406 80
1756648332415 60.66933822631836 81
1756648332554 52.779991149902344 82
1756648332693 50.07847595214844 83
1756648332833 59.231956481933594 84
1756648332971 57.579429626464844 85
1756648333110 58.491722106933594 86
1756648333249 59.08695983886719 87
1756648333388 58.9886360168457 88
1756648333528 60.88285827636719 89
1756648333668 52.107765197753906 90
1756648333808 55.97801208496094 91
1756648333948 58.791378021240234 92
1756648334088 49.1772575378418 93
1756648334228 57.39223861694336 94
1756648334367 56.14936447143555 95
1756648334506 53.73586654663086 96
1756648334646 58.6718864440918 97
1756648334786 61.08589172363281 98
1756648334926 54.23139953613281 99
1756648335066 54.77132797241211 100
1756648335206 57.75931167602539 101
1756648335345 56.48939514160156 102
1756648335484 54.464176177978516 103
1756648335625 62.749271392822266 104
1756648335765 56.82375717163086 105
1756648335905 60.34254455566406 106
1756648336044 61.182804107666016 107
1756648336183 55.4060173034668 108
1756648336323 60.78152084350586 109
1756648336463 60.73837661743164 110
1756648336602 55.789363861083984 111
1756648336742 57.43818664550781 112
1756648336881 59.289283752441406 113
1756648337021 50.51555252075195 114
1756648337161 55.470645904541016 115
1756648337301 56.594810485839844 116
1756648337440 61.48095703125 117
1756648337580 54.9074592590332 118
1756648337721 58.327964782714844 119
1756648337861 55.76931381225586 120
1756648338000 55.639705657958984 121
1756648338140 57.89431381225586 122
1756648338279 57.984127044677734 123
1756648338419 56.69105529785156 124
1756648338559 60.976463317871094 125
1756648338700 49.73933410644531 126
1756648338840 59.703922271728516 127
1756648338980 53.0136604309082 128
1756648339121 55.60984802246094 129
1756648339261 57.375247955322266 130
1756648339399 44.62168884277344 131
1756648339539 58.22100830078125 132
1756648339680 58.57979965209961 133
1756648339819 52.43656921386719 134
1756648339958 61.56363296508789 135
1756648340097 56.67066955566406 136
1756648340237 57.487060546875 137
1756648340377 58.89253234863281 138
1756648340516 58.98282241821289 139
1756648340656 58.69234848022461 140
1756648340796 50.76850891113281 141
1756648340935 53.80844497680664 142
1756648341075 51.5081787109375 143
1756648341215 54.97966003417969 144
1756648341354 61.7139892578125 145
1756648341494 52.403831481933594 146
1756648341634 58.3039665222168 147
1756648341773 57.162620544433594 148
1756648341912 44.892574310302734 149
1756648342052 61.693660736083984 150
1756648342191 59.35197448730469 151
1756648342330 59.84392166137695 152
1756648342470 61.03221130371094 153
1756648342612 62.95477294921875 154
1756648342753 60.072608947753906 155
1756648342893 55.76457214355469 156
1756648343032 58.582618713378906 157
1756648343174 53.771278381347656 158
1756648343314 55.703067779541016 159
1756648343454 54.49153137207031 160
1756648343594 60.1795539855957 161
1756648343735 51.539329528808594 162
1756648343874 54.81019592285156 163
1756648344015 50.7513542175293 164
1756648344155 55.9119987487793 165
1756648344294 56.48777770996094 166
1756648344434 52.140804290771484 167
1756648344574 55.46772766113281 168
1756648344715 59.28840255737305 169
1756648344854 57.45671081542969 170
1756648344994 52.5590705871582 171
1756648345134 58.112449645996094 172
1756648345275 55.53617858886719 173
1756648345414 63.595115661621094 174
1756648345554 51.611995697021484 175
1756648345696 55.7562255859375 176
1756648345835 53.0169792175293 177
1756648345975 50.534523010253906 178
1756648346117 56.1991081237793 179
1756648346258 53.035621643066406 180
1756648346398 57.523807525634766 181
1756648346539 60.37322998046875 182
1756648346680 53.8778190612793 183
1756648346820 55.0611572265625 184
1756648346960 48.86980056762695 185
1756648347099 58.659732818603516 186
1756648347242 57.69172668457031 187
1756648347382 54.690433502197266 188
1756648347522 60.058773040771484 189
1756648347663 52.62042236328125 190
1756648347805 57.70425796508789 191
1756648347949 61.7717170715332 192
1756648348093 55.16849136352539 193
1756648348234 52.91313171386719 194
1756648348375 48.619747161865234 195
1756648348516 55.24259948730469 196
1756648348656 54.402164459228516 197
1756648348796 59.42245101928711 198
1756648348936 60.049644470214844 199
1756648349076 55.4518928527832 200
1756648349216 52.85908126831055 201
1756648349357 51.282493591308594 202
1756648349497 58.164306640625 203
1756648349638 57.00588607788086 204
1756648349778 62.893592834472656 205
1756648349918 51.14763259887695 206
1756648350078 54.25865173339844 207
1756648350220 53.00395584106445 208
1756648350360 53.855247497558594 209
1756648350500 64.05669403076172 210
1756648350641 52.03962326049805 211
1756648350781 52.1474723815918 212
1756648350926 57.4314079284668 213
1756648351066 65.24127197265625 214
1756648351207 55.19913101196289 215
1756648351347 56.57807922363281 216
1756648351492 49.976070404052734 217
1756648351633 53.71774673461914 218
1756648351773 60.629234313964844 219
1756648351915 55.034305572509766 220
1756648352056 62.68572998046875 221
1756648352200 52.38762283325195 222
1756648352341 60.77110290527344 223
1756648352482 57.2595100402832 224
1756648352623 53.57606506347656 225
1756648352763 54.01571273803711 226
1756648352905 54.53298568725586 227
1756648353049 56.645263671875 228
1756648353191 55.30998611450195 229
1756648353338 52.76362228393555 230
1756648353479 55.25639343261719 231
1756648353619 55.0914421081543 232
1756648353761 55.939125061035156 233
1756648353902 55.5780143737793 234
1756648354043 52.38493347167969 235
1756648354185 59.79448318481445 236
1756648354327 64.09310913085938 237
1756648354469 58.46088790893555 238
1756648354610 56.002689361572266 239
1756648354751 50.997108459472656 240
1756648354892 49.037330627441406 241
1756648355032 52.122886657714844 242
1756648355173 55.468814849853516 243
1756648355316 58.856544494628906 244
1756648355457 56.535301208496094 245
1756648355597 53.6446647644043 246
1756648355741 54.060489654541016 247
1756648355882 51.583030700683594 248
1756648356024 55.02934646606445 249
1756648356168 67.15164184570312 250
1756648356308 53.13546371459961 251
1756648356450 60.79130935668945 252
1756648356591 56.466697692871094 253
1756648356738 60.91411209106445 254
1756648356880 55.461002349853516 255
1756648357020 59.054073333740234 256
1756648357163 57.01860046386719 257
1756648357303 55.8877067565918 258
1756648357443 51.42302322387695 259
1756648357586 55.3371696472168 260
1756648357729 46.8010139465332 261
1756648357870 55.19955062866211 262
1756648358011 52.78913879394531 263
1756648358154 54.46683120727539 264
1756648358295 52.82197189331055 265
1756648358437 64.91082000732422 266
1756648358578 56.2441291809082 267
1756648358724 59.756187438964844 268
1756648358867 51.531959533691406 269
1756648359007 55.3653678894043 270
1756648359150 46.26913070678711 271
1756648359293 55.342262268066406 272
1756648359433 58.585208892822266 273
1756648359574 51.59370422363281 274
1756648359718 53.3438835144043 275
1756648359859 54.63951110839844 276
1756648360000 56.73857116699219 277
1756648360144 57.65168380737305 278
1756648360283 55.4542350769043 279
1756648360424 56.9853630065918 280
1756648360565 52.38653564453125 281
1756648360706 58.783714294433594 282
1756648360850 63.4301643371582 283
1756648360990 54.6781120300293 284
1756648361131 45.74305725097656 285
1756648361273 56.74215316772461 286
1756648361414 67.54351043701172 287
1756648361554 61.5160026550293 288
1756648361696 56.129981994628906 289
1756648361837 61.56935119628906 290
1756648361978 57.23276138305664 291
1756648362119 49.80976867675781 292
1756648362262 62.408817291259766 293
1756648362402 53.218910217285156 294
1756648362545 55.3958740234375 295
1756648362687 57.930484771728516 296
1756648362828 57.58219909667969 297
1756648362975 66.00236511230469 298
1756648363116 61.53079605102539 299
1756648371378 100.0 0
1756648371518 100.0 1
1756648371664 100.0 2
1756648371805 100.0 3
1756648371945 100.0 4
1756648372086 100.0 5
1756648372228 100.0 6
1756648372368 100.0 7
1756648372508 100.0 8
1756648372648 100.0 9
1756648372791 100.0 10
1756648372932 100.0 11
1756648373072 100.0 12
1756648373214 100.0 13
1756648373356 100.0 14
1756648373496 100.0 15
1756648373635 100.0 16
1756648373775 100.0 17
1756648373914 100.0 18
1756648374054 100.0 19
1756648374194 100.0 20
1756648374333 100.0 21
1756648374472 100.0 22
1756648374612 100.0 23
1756648374752 100.0 24
1756648374891 100.0 25
1756648375033 100.0 26
1756648375175 100.0 27
1756648375316 100.0 28
1756648375457 100.0 29
1756648375597 100.0 30
1756648375738 100.0 31
1756648375879 100.0 32
1756648376018 100.0 33
1756648376157 100.0 34
1756648376297 100.0 35
1756648376437 100.0 36
1756648376576 100.0 37
1756648376716 100.0 38
1756648376857 100.0 39
1756648376997 100.0 40
1756648377137 100.0 41
1756648377277 100.0 42
1756648377419 100.0 43
1756648377561 100.0 44
1756648377704 100.0 45
1756648377844 100.0 46
1756648378003 100.0 47
1756648378144 100.0 48
1756648378285 100.0 49
1756648378426 100.0 50
1756648378565 100.0 51
1756648378706 100.0 52
1756648378847 100.0 53
1756648378988 100.0 54
1756648379127 100.0 55
1756648379269 100.0 56
1756648379409 100.0 57
1756648379549 100.0 58
1756648379695 100.0 59
1756648379837 100.0 60
1756648379977 100.0 61
1756648380120 100.0 62
1756648380261 100.0 63
1756648380402 100.0 64
1756648380542 100.0 65
1756648380683 100.0 66
1756648380824 100.0 67
1756648380964 100.0 68
1756648381105 100.0 69
1756648381246 100.0 70
1756648381390 100.0 71
1756648381531 100.0 72
1756648381672 100.0 73
1756648381813 100.0 74
1756648381953 100.0 75
1756648382094 100.0 76
1756648382235 100.0 77
1756648382375 100.0 78
1756648382515 100.0 79
1756648382661 100.0 80
1756648382802 100.0 81
1756648382942 100.0 82
1756648383083 100.0 83
1756648383224 100.0 84
1756648383364 100.0 85
1756648383506 100.0 86
1756648383647 100.0 87
1756648383788 100.0 88
1756648383929 100.0 89
1756648384070 100.0 90
1756648384217 100.0 91
1756648384359 100.0 92
1756648384499 100.0 93
1756648384639 100.0 94
1756648384785 100.0 95
1756648384927 100.0 96
1756648385069 100.0 97
1756648385212 100.0 98
1756648385352 100.0 99
1756648385493 100.0 100
1756648385634 100.0 101
1756648385775 100.0 102
1756648385916 100.0 103
1756648386058 100.0 104
1756648386200 100.0 105
1756648386341 100.0 106
1756648386483 100.0 107
1756648386624 100.0 108
1756648386768 100.0 109
1756648386911 100.0 110
1756648387052 100.0 111
1756648387193 100.0 112
1756648387335 100.0 113
1756648387477 100.0 114
1756648387618 100.0 115
1756648387760 100.0 116
1756648387901 100.0 117
1756648388041 100.0 118
1756648388186 100.0 119
1756648388330 100.0 120
1756648388472 100.0 121
1756648388613 100.0 122
1756648388754 100.0 123
1756648388895 100.0 124
1756648389037 100.0 125
1756648389181 100.0 126
1756648389322 100.0 127
1756648389464 100.0 128
1756648389606 100.0 129
1756648389748 100.0 130
1756648389891 100.0 131
1756648390031 100.0 132
1756648390174 100.0 133
1756648390315 100.0 134
1756648390457 100.0 135
1756648390599 100.0 136
1756648390741 100.0 137
1756648390882 100.0 138
1756648391023 100.0 139
1756648391164 100.0 140
1756648391306 100.0 141
1756648391448 100.0 142
1756648391591 100.0 143
1756648391734 100.0 144
1756648391875 100.0 145
1756648392017 100.0 146
1756648392157 100.0 147
1756648392299 100.0 148
1756648392440 100.0 149
1756648392583 100.0 150
1756648392725 100.0 151
1756648392867 100.0 152
1756648393009 100.0 153
1756648393150 100.0 154
1756648393292 100.0 155
1756648393434 100.0 156
1756648393574 100.0 157
1756648393718 100.0 158
1756648393859 100.0 159
1756648394001 100.0 160
1756648394143 100.0 161
1756648394285 100.0 162
1756648394427 100.0 163
1756648394567 100.0 164
1756648394709 100.0 165
1756648394851 100.0 166
1756648394992 100.0 167
1756648395136 100.0 168
1756648395281 100.0 169
1756648395425 100.0 170
1756648395566 100.0 171
1756648395709 100.0 172
1756648395851 100.0 173
1756648395993 100.0 174
1756648396134 100.0 175
1756648396277 100.0 176
1756648396418 100.0 177
1756648396561 100.0 178
1756648396703 100.0 179
1756648396845 100.0 180
1756648396987 100.0 181
1756648397129 100.0 182
1756648397271 100.0 183
1756648397412 100.0 184
1756648397553 100.0 185
1756648397703 100.0 186
1756648397844 100.0 187
1756648398002 100.0 188
1756648398143 100.0 189
1756648398284 100.0 190
1756648398431 100.0 191
1756648398573 100.0 192
1756648398713 100.0 193
1756648398856 100.0 194
1756648398997 100.0 195
1756648399137 100.0 196
1756648399286 100.0 197
1756648399426 100.0 198
1756648399567 100.0 199
1756648399707 100.0 200
1756648399847 100.0 201
1756648399988 100.0 202
1756648400128 100.0 203
1756648400269 100.0 204
1756648400410 100.0 205
1756648400550 100.0 206
1756648400691 100.0 207
1756648400831 100.0 208
1756648400971 100.0 209
1756648401111 100.0 210
1756648401252 100.0 211
1756648401394 100.0 212
1756648401534 100.0 213
1756648401675 100.0 214
1756648401817 100.0 215
1756648401957 100.0 216
1756648402098 100.0 217
1756648402239 100.0 218
1756648402378 100.0 219
1756648402520 100.0 220
1756648402660 100.0 221
1756648402803 100.0 222
1756648402943 100.0 223
1756648403084 100.0 224
1756648403226 100.0 225
1756648403366 100.0 226
1756648403507 100.0 227
1756648403648 100.0 228
1756648403789 100.0 229
1756648403929 100.0 230
1756648404076 100.0 231
1756648404219 100.0 232
1756648404360 100.0 233
1756648404501 100.0 234
1756648404643 100.0 235
1756648404785 100.0 236
1756648404926 100.0 237
1756648405067 100.0 238
1756648405212 100.0 239
1756648405355 100.0 240
1756648405498 100.0 241
1756648405640 100.0 242
1756648405783 100.0 243
1756648405925 100.0 244
1756648406066 100.0 245
1756648406209 100.0 246
1756648406351 100.0 247
1756648406493 100.0 248
1756648406636 100.0 249
1756648406780 100.0 250
1756648406931 100.0 251
1756648407081 100.0 252
1756648407225 100.0 253
1756648407367 100.0 254
1756648407510 100.0 255
1756648407652 100.0 256
1756648407795 100.0 257
1756648407938 100.0 258
1756648408082 100.0 259
1756648408225 100.0 260
1756648408367 100.0 261
1756648408509 100.0 262
1756648408651 100.0 263
1756648408794 100.0 264
1756648408936 100.0 265
1756648409077 100.0 266
1756648409219 100.0 267
1756648409361 100.0 268
1756648409504 100.0 269
1756648409647 100.0 270
1756648409791 100.0 271
1756648409933 100.0 272
1756648410075 100.0 273
1756648410217 100.0 274
1756648410359 100.0 275
1756648410500 100.0 276
1756648410642 100.0 277
1756648410787 100.0 278
1756648410930 100.0 279
1756648411073 100.0 280
1756648411215 100.0 281
1756648411357 100.0 282
1756648411500 100.0 283
1756648411641 100.0 284
1756648411783 100.0 285
1756648411926 100.0 286
1756648412068 100.0 287
1756648412212 100.0 288
1756648412361 100.0 289
1756648412502 100.0 290
1756648412643 100.0 291
1756648412785 100.0 292
1756648412926 100.0 293
1756648413068 100.0 294
1756648413209 100.0 295
1756648413351 100.0 296
1756648413492 100.0 297
1756648413634 100.0 298
1756648413776 100.0 299
1756648422049 97.21269989013672 0
1756648422213 84.13716888427734 1
1756648422361 47.78843688964844 2
1756648422508 62.309993743896484 3
1756648422658 49.306983947753906 4
1756648422814 46.1380729675293 5
1756648422966 51.439208984375 6
1756648423124 49.446903228759766 7
1756648423281 49.028297424316406 8
1756648423445 46.551658630371094 9
1756648423592 52.51578140258789 10
1756648423746 47.1774787902832 11
1756648423901 43.496368408203125 12
1756648424052 46.20709228515625 13
1756648424201 42.68788146972656 14
1756648424356 49.691368103027344 15
1756648424503 49.69546127319336 16
1756648424655 39.6900749206543 17
1756648424802 44.70708084106445 18
1756648424949 45.878257751464844 19
1756648425099 39.801612854003906 20
1756648425246 51.054752349853516 21
1756648425402 51.20382308959961 22
1756648425549 45.46726989746094 23
1756648425701 43.300270080566406 24
1756648425851 44.33833694458008 25
1756648426007 38.46017837524414 26
1756648426167 54.837989807128906 27
1756648426331 55.385963439941406 28
1756648426488 48.34701156616211 29
1756648426639 37.23579025268555 30
1756648426792 51.954280853271484 31
1756648426946 47.04239273071289 32
1756648427101 43.89834213256836 33
1756648427257 42.54930114746094 34
1756648427415 44.4018440246582 35
1756648427575 50.78596115112305 36
1756648427735 42.857704162597656 37
1756648427886 48.156917572021484 38
1756648428040 44.915130615234375 39
1756648428201 47.922462463378906 40
1756648428358 44.246070861816406 41
1756648428515 40.21535873413086 42
1756648428675 48.172420501708984 43
1756648428832 50.00279235839844 44
1756648428990 50.136356353759766 45
1756648429154 47.24778747558594 46
1756648429308 53.11381912231445 47
1756648429462 45.835594177246094 48
1756648429614 45.219661712646484 49
1756648429766 44.133705139160156 50
1756648429916 46.18452835083008 51
1756648430080 55.4235954284668 52
1756648430229 43.953102111816406 53
1756648430393 41.42647933959961 54
1756648430552 47.36288070678711 55
1756648430711 41.561222076416016 56
1756648430861 50.078269958496094 57
1756648431014 50.0256462097168 58
1756648431168 40.60643768310547 59
1756648431333 38.885372161865234 60
1756648431484 41.964683532714844 61
1756648431643 42.04077911376953 62
1756648431799 47.074214935302734 63
1756648431954 48.9913330078125 64
1756648432115 42.35251998901367 65
1756648432273 44.34850311279297 66
1756648432418 47.6591796875 67
1756648432565 46.596248626708984 68
1756648432719 45.64158630371094 69
1756648432875 42.424434661865234 70
1756648433039 40.82801818847656 71
1756648433196 41.967994689941406 72
1756648433352 39.68634033203125 73
1756648433508 45.58005142211914 74
1756648433667 41.18940734863281 75
1756648433821 46.675804138183594 76
1756648433979 47.700199127197266 77
1756648434144 43.548221588134766 78
1756648434304 45.940757751464844 79
1756648434462 50.811866760253906 80
1756648434615 54.626461029052734 81
1756648434765 43.427818298339844 82
1756648434920 46.054378509521484 83
1756648435085 43.56818389892578 84
1756648435250 46.983882904052734 85
1756648435416 44.55263900756836 86
1756648435576 44.650657653808594 87
1756648435728 46.76396560668945 88
1756648435876 48.188636779785156 89
1756648436029 53.92876052856445 90
1756648436188 45.40877151489258 91
1756648436348 44.802589416503906 92
1756648436512 49.04296875 93
1756648436666 47.09377670288086 94
1756648436829 37.78437805175781 95
1756648436982 49.04924011230469 96
1756648437134 41.58332824707031 97
1756648437290 48.65046691894531 98
1756648437441 40.5938835144043 99
1756648437589 40.364803314208984 100
1756648437741 40.5775146484375 101
1756648437893 47.7834587097168 102
1756648438051 46.466487884521484 103
1756648438207 44.421268463134766 104
1756648438361 44.354618072509766 105
1756648438518 43.44631576538086 106
1756648438669 52.71939468383789 107
1756648438816 47.76252365112305 108
1756648438979 54.919151306152344 109
1756648439136 42.371238708496094 110
1756648439286 48.375118255615234 111
1756648439443 50.548316955566406 112
1756648439596 45.184146881103516 113
1756648439755 40.339996337890625 114
1756648439907 43.265079498291016 115
1756648440064 50.731258392333984 116
1756648440223 44.868751525878906 117
1756648440386 52.888694763183594 118
1756648440549 55.94206619262695 119
1756648440706 41.45684051513672 120
1756648440866 47.27409362792969 121
1756648441030 41.52244567871094 122
1756648441197 44.12440490722656 123
1756648441350 48.339561462402344 124
1756648441502 48.0488395690918 125
1756648441652 50.84382629394531 126
1756648441804 47.70648193359375 127
1756648441953 46.8983154296875 128
1756648442104 44.55772018432617 129
1756648442259 50.003353118896484 130
1756648442412 40.204811096191406 131
1756648442569 50.12492370605469 132
1756648442727 46.665828704833984 133
1756648442882 43.86903381347656 134
1756648443034 44.03750228881836 135
1756648443190 45.953125 136
1756648443344 48.502994537353516 137
1756648443506 45.050941467285156 138
1756648443669 41.255855560302734 139
1756648443824 53.7125244140625 140
1756648443988 41.93157958984375 141
1756648444142 42.55998611450195 142
1756648444296 55.78280258178711 143
1756648444454 49.176212310791016 144
1756648444602 43.41256332397461 145
1756648444759 45.70228576660156 146
1756648444927 50.2203254699707 147
1756648445085 47.366416931152344 148
1756648445236 40.777095794677734 149
1756648445386 39.20205307006836 150
1756648445545 44.39071273803711 151
1756648445705 43.538944244384766 152
1756648445859 44.36370849609375 153
1756648446017 46.01750183105469 154
1756648446177 50.05433654785156 155
1756648446336 44.33479690551758 156
1756648446483 44.75054931640625 157
1756648446639 40.532440185546875 158
1756648446790 48.153709411621094 159
1756648446943 42.378963470458984 160
1756648447094 45.7718505859375 161
1756648447253 45.67922592163086 162
1756648447404 53.0276985168457 163
1756648447557 49.48896408081055 164
1756648447711 41.97872543334961 165
1756648447862 50.86119079589844 166
1756648448015 45.05329513549805 167
1756648448169 50.213321685791016 168
1756648448346 40.288387298583984 169
1756648448497 41.75434875488281 170
1756648448654 44.052066802978516 171
1756648448807 51.488014221191406 172
1756648448969 38.24285125732422 173
1756648449130 40.64177322387695 174
1756648449283 43.02598571777344 175
1756648449439 44.437774658203125 176
1756648449590 43.42281723022461 177
1756648449745 39.72146224975586 178
1756648449901 47.617191314697266 179
1756648450058 44.9864616394043 180
1756648450221 46.2555046081543 181
1756648450376 50.343875885009766 182
1756648450532 49.8576545715332 183
1756648450705 41.87957763671875 184
1756648450852 51.0771484375 185
1756648451013 47.029964447021484 186
1756648451170 48.94147872924805 187
1756648451332 38.39860153198242 188
1756648451494 47.00509262084961 189
1756648451653 48.590938568115234 190
1756648451813 39.92058181762695 191
1756648451974 44.18146896362305 192
1756648452132 51.198551177978516 193
1756648452290 48.3127555847168 194
1756648452449 45.56155014038086 195
1756648452611 42.96699523925781 196
1756648452764 52.283164978027344 197
1756648452925 48.021602630615234 198
1756648453091 36.73942947387695 199
1756648453244 45.127716064453125 200
1756648453395 51.536319732666016 201
1756648453562 46.92890548706055 202
1756648453727 46.60776138305664 203
1756648453896 44.0490837097168 204
1756648454058 45.36903762817383 205
1756648454220 48.68220138549805 206
1756648454377 46.64936447143555 207
1756648454540 38.76887512207031 208
1756648454706 50.27646255493164 209
1756648454871 45.08940505981445 210
1756648455034 37.110843658447266 211
1756648455193 50.74003601074219 212
1756648455344 52.0993766784668 213
1756648455507 43.29742431640625 214
1756648455661 43.461570739746094 215
1756648455816 51.62822341918945 216
1756648455969 49.306209564208984 217
1756648456123 52.42341613769531 218
1756648456287 52.67267990112305 219
1756648456452 45.636043548583984 220
1756648456629 52.05131912231445 221
1756648456798 41.48081970214844 222
1756648456955 46.398773193359375 223
1756648457121 45.49834060668945 224
1756648457271 52.54413986206055 225
1756648457435 51.371578216552734 226
1756648457600 43.32781219482422 227
1756648457754 50.47525405883789 228
1756648457905 43.249969482421875 229
1756648458053 46.223995208740234 230
1756648458214 44.13174057006836 231
1756648458382 42.6314811706543 232
1756648458532 51.50692367553711 233
1756648458683 51.613075256347656 234
1756648458834 43.04359436035156 235
1756648458990 47.7126579284668 236
1756648459153 51.25014877319336 237
1756648459326 45.04985046386719 238
1756648459492 44.589115142822266 239
1756648459659 46.91865539550781 240
1756648459816 48.81022644042969 241
1756648459975 52.147132873535156 242
1756648460133 44.484954833984375 243
1756648460306 48.15304946899414 244
1756648460469 43.60996627807617 245
1756648460628 46.944759368896484 246
1756648460785 51.26132583618164 247
1756648460944 42.93421936035156 248
1756648461107 43.618717193603516 249
1756648461262 41.58689880371094 250
1756648461419 46.18870162963867 251
1756648461570 41.75997543334961 252
1756648461731 41.64223861694336 253
1756648461885 40.683349609375 254
1756648462036 43.100791931152344 255
1756648462185 41.13804626464844 256
1756648462332 46.683433532714844 257
1756648462484 46.86659240722656 258
1756648462634 46.39419937133789 259
1756648462782 46.886783599853516 260
1756648462935 50.1866569519043 261
1756648463095 49.54917907714844 262
1756648463250 45.242889404296875 263
1756648463405 37.777565002441406 264
1756648463574 50.83329772949219 265
1756648463727 44.81463623046875 266
1756648463878 47.45335388183594 267
1756648464037 46.74406433105469 268
1756648464186 41.089683532714844 269
1756648464338 44.55743408203125 270
1756648464489 38.35995101928711 271
1756648464642 46.14554977416992 272
1756648464796 45.4875373840332 273
1756648464952 46.89468002319336 274
1756648465110 43.6075325012207 275
1756648465275 49.31448745727539 276
1756648465447 49.73128890991211 277
1756648465609 46.28208541870117 278
1756648465765 43.028785705566406 279
1756648465919 51.79020690917969 280
1756648466075 48.37702941894531 281
1756648466235 43.74235534667969 282
1756648466390 51.363948822021484 283
1756648466557 45.28509521484375 284
1756648466716 45.3214111328125 285
1756648466875 37.750240325927734 286
1756648467027 40.72243118286133 287
1756648467188 40.03168487548828 288
1756648467346 45.08260726928711 289
1756648467504 40.35493087768555 290
1756648467661 49.711769104003906 291
1756648467825 47.1942138671875 292
1756648467994 42.9633674621582 293
1756648468154 43.59658432006836 294
1756648468314 50.50542068481445 295
1756648468475 49.34115219116211 296
1756648468629 48.22904968261719 297
1756648468787 46.72331237792969 298
1756648468949 36.71214294433594 299
1756648477223 94.30406188964844 0
1756648477389 73.1670150756836 1
1756648477546 56.69806671142578 2
1756648477706 63.36115646362305 3
1756648477872 45.358585357666016 4
1756648478039 50.23243713378906 5
1756648478192 55.23331069946289 6
1756648478350 48.47439956665039 7
1756648478506 50.01536178588867 8
1756648478664 60.03453063964844 9
1756648478834 46.264495849609375 10
1756648478996 44.74443435668945 11
1756648479160 46.86781692504883 12
1756648479317 39.815006256103516 13
1756648479478 47.326751708984375 14
1756648479632 54.38893508911133 15
1756648479790 47.31060028076172 16
1756648479950 45.939205169677734 17
1756648480103 51.8095703125 18
1756648480265 41.38618469238281 19
1756648480416 40.38414764404297 20
1756648480567 50.22820281982422 21
1756648480719 52.5543327331543 22
1756648480872 36.458587646484375 23
1756648481026 45.57285690307617 24
1756648481182 41.62303924560547 25
1756648481346 53.74634552001953 26
1756648481505 46.10993957519531 27
1756648481662 49.93572235107422 28
1756648481815 37.49787902832031 29
1756648481967 43.349342346191406 30
1756648482121 47.07233810424805 31
1756648482281 48.11138153076172 32
1756648482439 42.17744827270508 33
1756648482595 51.45561599731445 34
1756648482751 41.8393669128418 35
1756648482907 44.05635070800781 36
1756648483071 44.727989196777344 37
1756648483224 49.967994689941406 38
1756648483389 44.08204650878906 39
1756648483541 50.05543899536133 40
1756648483697 45.89472198486328 41
1756648483857 45.19993591308594 42
1756648484014 42.79917526245117 43
1756648484170 42.913665771484375 44
1756648484334 40.614192962646484 45
1756648484488 45.739830017089844 46
1756648484641 40.065269470214844 47
1756648484796 40.773162841796875 48
1756648484959 44.240875244140625 49
1756648485119 42.88684844970703 50
1756648485276 44.729671478271484 51
1756648485437 39.65953063964844 52
1756648485591 41.65050506591797 53
1756648485751 45.8355712890625 54
1756648485913 41.798221588134766 55
1756648486064 44.22194290161133 56
1756648486212 46.45815658569336 57
1756648486370 44.25141906738281 58
1756648486534 44.833499908447266 59
1756648486691 48.933082580566406 60
1756648486850 46.08197021484375 61
1756648487007 44.40531539916992 62
1756648487169 49.278717041015625 63
1756648487325 44.79283905029297 64
1756648487478 37.02751541137695 65
1756648487635 47.578826904296875 66
1756648487789 36.813106536865234 67
1756648487941 44.3071403503418 68
1756648488106 40.2806396484375 69
1756648488264 46.167232513427734 70
1756648488428 41.11464309692383 71
1756648488601 49.11284637451172 72
1756648488774 43.821868896484375 73
1756648488934 42.359683990478516 74
1756648489104 52.32353210449219 75
1756648489271 40.142215728759766 76
1756648489429 39.514915466308594 77
1756648489587 42.470054626464844 78
1756648489755 47.39232635498047 79
1756648489909 45.35395050048828 80
1756648490067 46.26583480834961 81
1756648490232 47.51875305175781 82
1756648490400 43.7706184387207 83
1756648490555 49.233760833740234 84
1756648490713 44.83815002441406 85
1756648490870 44.60194778442383 86
1756648491026 51.33108901977539 87
1756648491185 44.61528396606445 88
1756648491340 46.144744873046875 89
1756648491501 39.043663024902344 90
1756648491661 44.886016845703125 91
1756648491814 41.34710693359375 92
1756648491966 51.60004806518555 93
1756648492122 44.864078521728516 94
1756648492284 46.93439483642578 95
1756648492447 44.365928649902344 96
1756648492616 40.831119537353516 97
1756648492778 43.691192626953125 98
1756648492931 50.47437286376953 99
1756648493088 51.75275421142578 100
1756648493239 49.30030822753906 101
1756648493391 42.416927337646484 102
1756648493540 46.179203033447266 103
1756648493701 43.974002838134766 104
1756648493866 45.1954345703125 105
1756648494030 47.567466735839844 106
1756648494195 45.180233001708984 107
1756648494356 39.08220291137695 108
1756648494516 31.569686889648438 109
1756648494671 44.83502960205078 110
1756648494841 41.582740783691406 111
1756648494992 40.411041259765625 112
1756648495156 38.15273666381836 113
1756648495321 51.64495849609375 114
1756648495481 48.27223205566406 115
1756648495639 44.4342155456543 116
1756648495792 53.414825439453125 117
1756648495956 42.75895309448242 118
1756648496115 40.33763885498047 119
1756648496266 48.867942810058594 120
1756648496434 48.06764602661133 121
1756648496592 43.58746337890625 122
1756648496746 46.97924041748047 123
1756648496900 40.685604095458984 124
1756648497054 40.659175872802734 125
1756648497211 44.49980163574219 126
1756648497380 41.94658660888672 127
1756648497534 41.11692428588867 128
1756648497686 43.54463577270508 129
1756648497845 39.748233795166016 130
1756648497996 43.69907760620117 131
1756648498147 43.25041580200195 132
1756648498311 39.402366638183594 133
1756648498470 37.34577178955078 134
1756648498631 47.53882598876953 135
1756648498789 45.00948715209961 136
1756648498940 43.594017028808594 137
1756648499111 42.043540954589844 138
1756648499278 40.70225143432617 139
1756648499438 49.35216522216797 140
1756648499590 46.177650451660156 141
1756648499746 41.28550720214844 142
1756648499910 37.44569778442383 143
1756648500066 41.148075103759766 144
1756648500226 38.04230880737305 145
1756648500386 44.09047317504883 146
1756648500545 52.45439910888672 147
1756648500698 48.3621826171875 148
1756648500860 35.238590240478516 149
1756648501030 38.50838851928711 150
1756648501192 49.94313049316406 151
1756648501352 39.021705627441406 152
1756648501504 40.88162612915039 153
1756648501665 50.54854202270508 154
1756648501829 47.589908599853516 155
1756648501985 44.61777877807617 156
1756648502144 33.590553283691406 157
1756648502296 42.882164001464844 158
1756648502449 45.90175247192383 159
1756648502610 41.72970199584961 160
1756648502764 48.72401809692383 161
1756648502918 47.929073333740234 162
1756648503072 40.43453598022461 163
1756648503235 46.34380340576172 164
1756648503390 49.958335876464844 165
1756648503537 41.0606689453125 166
1756648503706 48.397499084472656 167
1756648503870 47.32679748535156 168
1756648504032 42.33796310424805 169
1756648504194 38.95503234863281 170
1756648504346 51.62843322753906 171
1756648504502 47.19194030761719 172
1756648504664 46.71519470214844 173
1756648504832 49.15846633911133 174
1756648504995 45.8726806640625 175
1756648505147 35.934791564941406 176
1756648505300 48.619075775146484 177
1756648505462 42.61478042602539 178
1756648505620 45.05352783203125 179
1756648505781 45.22931671142578 180
1756648505946 44.76527404785156 181
1756648506113 48.04690933227539 182
1756648506273 42.96873092651367 183
1756648506454 48.42804718017578 184
1756648506620 47.55668640136719 185
1756648506780 42.514163970947266 186
1756648506942 40.113853454589844 187
1756648507095 36.99126052856445 188
1756648507254 43.63279724121094 189
1756648507407 43.6461067199707 190
1756648507562 36.67499542236328 191
1756648507722 44.94818115234375 192
1756648507883 45.04206085205078 193
1756648508047 46.73035430908203 194
1756648508199 50.96802520751953 195
1756648508359 49.55545425415039 196
1756648508514 42.849117279052734 197
1756648508679 41.30803298950195 198
1756648508833 47.450931549072266 199
1756648508986 43.49907302856445 200
1756648509143 46.516963958740234 201
1756648509301 48.04495620727539 202
1756648509455 41.832759857177734 203
1756648509614 50.50828552246094 204
1756648509770 45.705909729003906 205
1756648509932 42.187652587890625 206
1756648510090 42.44740676879883 207
1756648510254 46.64097595214844 208
1756648510411 46.41353988647461 209
1756648510572 44.739341735839844 210
1756648510732 54.16325759887695 211
1756648510887 40.973262786865234 212
1756648511047 50.19829559326172 213
1756648511213 47.15985870361328 214
1756648511372 48.5411376953125 215
1756648511539 46.526546478271484 216
1756648511715 47.77372360229492 217
1756648511880 51.421077728271484 218
1756648512030 45.279117584228516 219
1756648512188 44.56108856201172 220
1756648512356 54.00020980834961 221
1756648512506 50.21669387817383 222
1756648512666 44.9598388671875 223
1756648512832 52.01847839355469 224
1756648512996 40.42296600341797 225
1756648513161 37.557918548583984 226
1756648513312 45.55791091918945 227
1756648513469 38.569766998291016 228
1756648513629 46.50362777709961 229
1756648513792 38.05512237548828 230
1756648513953 42.1043701171875 231
1756648514113 53.169044494628906 232
1756648514267 47.75662612915039 233
1756648514419 50.64609909057617 234
1756648514572 45.420982360839844 235
1756648514727 49.46071243286133 236
1756648514882 50.783294677734375 237
1756648515045 38.93684005737305 238
1756648515206 46.919960021972656 239
1756648515363 46.471553802490234 240
1756648515518 47.52392578125 241
1756648515682 48.0440559387207 242
1756648515839 45.44013214111328 243
1756648515994 42.7213249206543 244
1756648516155 41.64226150512695 245
1756648516319 48.82880401611328 246
1756648516470 46.025386810302734 247
1756648516626 46.3632698059082 248
1756648516782 42.18358612060547 249
1756648516949 38.999698638916016 250
1756648517119 41.088871002197266 251
1756648517282 51.636444091796875 252
1756648517447 41.34855651855469 253
1756648517615 39.35463333129883 254
1756648517794 44.73395538330078 255
1756648517949 42.00646209716797 256
1756648518104 41.460609436035156 257
1756648518265 40.61336898803711 258
1756648518430 41.00520706176758 259
1756648518591 51.67296600341797 260
1756648518754 44.3665771484375 261
1756648518912 35.462581634521484 262
1756648519089 43.98373794555664 263
1756648519250 47.30717468261719 264
1756648519409 39.20338821411133 265
1756648519566 54.87569046020508 266
1756648519735 39.71411895751953 267
1756648519902 40.74501419067383 268
1756648520068 48.76716613769531 269
1756648520225 41.197593688964844 270
1756648520391 48.01442337036133 271
1756648520543 46.929176330566406 272
1756648520707 35.01046371459961 273
1756648520869 51.07615661621094 274
1756648521026 48.125587463378906 275
1756648521188 43.293861389160156 276
1756648521350 44.41455841064453 277
1756648521501 44.242637634277344 278
1756648521657 38.38483428955078 279
1756648521814 40.625972747802734 280
1756648521966 50.346778869628906 281
1756648522123 41.15849304199219 282
1756648522281 47.42094421386719 283
1756648522442 52.17515182495117 284
1756648522600 52.81242752075195 285
1756648522764 40.20648956298828 286
1756648522922 53.19661331176758 287
1756648523078 42.46937942504883 288
1756648523239 47.481544494628906 289
1756648523401 39.88888931274414 290
1756648523576 38.34695053100586 291
1756648523734 46.74501419067383 292
1756648523887 50.17838668823242 293
1756648524050 43.55086898803711 294
1756648524220 50.673362731933594 295
1756648524376 38.985633850097656 296
1756648524532 42.268577575683594 297
1756648524688 42.38832092285156 298
1756648524848 45.509681701660156 299
1756648533076 99.42202758789062 0
1756648533169 95.74211120605469 1
1756648533263 92.00238800048828 2
1756648533359 85.37539672851562 3
1756648533453 79.73733520507812 4
1756648533548 77.63764190673828 5
1756648533642 63.151363372802734 6
1756648533736 56.44721984863281 7
1756648533831 52.39889907836914 8
1756648533927 75.73906707763672 9
1756648534021 64.10441589355469 10
1756648534115 59.857704162597656 11
1756648534209 62.11968994140625 12
1756648534303 59.22524642944336 13
1756648534398 58.52834701538086 14
1756648534492 57.020572662353516 15
1756648534587 56.391536712646484 16
1756648534680 65.9259262084961 17
1756648534777 54.5654182434082 18
1756648534877 58.54069900512695 19
1756648534977 56.2521858215332 20
1756648535068 60.03788757324219 21
1756648535162 59.108741760253906 22
1756648535254 58.24968338012695 23
1756648535350 60.158119201660156 24
1756648535442 61.31586837768555 25
1756648535534 54.0780143737793 26
1756648535626 58.0943717956543 27
1756648535718 56.63727951049805 28
1756648535810 57.289859771728516 29
1756648535902 59.4341926574707 30
1756648535994 52.95921325683594 31
1756648536087 63.664852142333984 32
1756648536179 59.034889221191406 33
1756648536271 53.12751770019531 34
1756648536363 51.588321685791016 35
1756648536455 54.92670822143555 36
1756648536548 53.996585845947266 37
1756648536640 53.8938102722168 38
1756648536732 55.994930267333984 39
1756648536824 59.78799819946289 40
1756648536917 57.07624816894531 41
1756648537014 69.00000762939453 42
1756648537107 63.723304748535156 43
1756648537199 58.691810607910156 44
1756648537292 55.327720642089844 45
1756648537385 62.0938835144043 46
1756648537478 59.1700439453125 47
1756648537571 58.31927490234375 48
1756648537669 66.59142303466797 49
1756648538075 58.1005859375 50
1756648538167 56.527549743652344 51
1756648538260 54.01142883300781 52
1756648538354 63.04801940917969 53
1756648538447 49.3276481628418 54
1756648538539 62.89193344116211 55
1756648538632 59.985069274902344 56
1756648538725 59.76637268066406 57
1756648538818 60.69673156738281 58
1756648538912 58.632530212402344 59
1756648539005 55.6379508972168 60
1756648539097 62.46731948852539 61
1756648539190 53.59446716308594 62
1756648539283 70.1052017211914 63
1756648539377 54.65909194946289 64
1756648539469 61.132484436035156 65
1756648539562 59.1662712097168 66
1756648539656 62.04571533203125 67
1756648539750 52.35763931274414 68
1756648539844 55.397464752197266 69
1756648539937 50.667030334472656 70
1756648540030 54.1024055480957 71
1756648540123 60.225303649902344 72
1756648540216 63.930850982666016 73
1756648540309 56.06093978881836 74
1756648540403 58.7122802734375 75
1756648540495 56.42088317871094 76
1756648540589 61.26956558227539 77
1756648540682 69.67896270751953 78
1756648540775 56.972232818603516 79
1756648540868 60.08926773071289 80
1756648540965 51.842472076416016 81
1756648541125 54.6795654296875 82
1756648541224 54.602962493896484 83
1756648541322 54.25821304321289 84
1756648541418 57.808292388916016 85
1756648541513 64.08480834960938 86
1756648541608 53.951942443847656 87
1756648541702 52.800193786621094 88
1756648541796 51.684696197509766 89
1756648541889 53.3582878112793 90
1756648541984 58.635440826416016 91
1756648542078 61.35757064819336 92
1756648542171 61.29922866821289 93
1756648542265 61.853515625 94
1756648542361 57.88282775878906 95
1756648542455 54.39108657836914 96
1756648542549 59.78184509277344 97
1756648542643 53.12191390991211 98
1756648542736 64.92676544189453 99
1756648542830 55.16270446777344 100
1756648542924 59.05990219116211 101
1756648543018 55.82906723022461 102
1756648543112 55.501033782958984 103
1756648543206 57.54447937011719 104
1756648543301 51.67388916015625 105
1756648543396 65.11939239501953 106
1756648543490 58.474647521972656 107
1756648543583 45.553321838378906 108
1756648543677 56.184017181396484 109
1756648543771 61.61288833618164 110
1756648543865 53.73711013793945 111
1756648543959 56.5816764831543 112
1756648544053 53.72103500366211 113
1756648544147 59.06155776977539 114
1756648544240 60.714420318603516 115
1756648544335 52.4849967956543 116
1756648544429 61.54331970214844 117
1756648544523 58.20048904418945 118
1756648544618 55.133121490478516 119
1756648544713 61.23428726196289 120
1756648544806 49.41622543334961 121
1756648544900 63.947998046875 122
1756648544994 59.34519958496094 123
1756648545088 59.71502685546875 124
1756648545181 65.95470428466797 125
1756648545274 51.22677993774414 126
1756648545368 58.5179557800293 127
1756648545462 58.151424407958984 128
1756648545555 54.52604675292969 129
1756648545650 59.746299743652344 130
1756648545749 50.46450424194336 131
1756648545854 54.53413391113281 132
1756648545948 65.24219512939453 133
1756648546042 49.68247985839844 134
1756648546136 52.540000915527344 135
1756648546234 57.5366325378418 136
1756648546327 58.38198471069336 137
1756648546421 65.61386108398438 138
1756648546515 54.55643081665039 139
1756648546610 55.980064392089844 140
1756648546704 67.42822265625 141
1756648546798 49.87018966674805 142
1756648546893 58.88232421875 143
1756648546986 56.993709564208984 144
1756648547080 61.54243087768555 145
1756648547174 57.982749938964844 146
1756648547268 60.4832878112793 147
1756648547362 63.89398193359375 148
1756648547457 61.631019592285156 149
1756648547551 61.17851257324219 150
1756648547646 63.206050872802734 151
1756648547739 58.970298767089844 152
1756648547834 54.663814544677734 153
1756648547927 57.080223083496094 154
1756648548022 55.43919372558594 155
1756648548116 58.5620002746582 156
1756648548210 51.24124526977539 157
1756648548305 68.09833526611328 158
1756648548400 58.104248046875 159
1756648548495 52.140933990478516 160
1756648548589 53.36671447753906 161
1756648548683 60.036930084228516 162
1756648548777 53.891483306884766 163
1756648548872 56.5169792175293 164
1756648548966 58.129676818847656 165
1756648549061 48.8162727355957 166
1756648549156 65.41455841064453 167
1756648549250 65.0082015991211 168
1756648549344 52.098304748535156 169
1756648549439 54.333011627197266 170
1756648549533 56.333866119384766 171
1756648549627 53.609619140625 172
1756648549721 55.321964263916016 173
1756648549814 57.141902923583984 174
1756648549908 54.563720703125 175
1756648550003 53.14898681640625 176
1756648550097 56.54486083984375 177
1756648550190 61.21841049194336 178
1756648550284 64.18405151367188 179
1756648550379 58.51548767089844 180
1756648550473 53.4833984375 181
1756648550568 53.00811767578125 182
1756648550662 56.70903015136719 183
1756648550756 60.35610580444336 184
1756648550850 58.796043395996094 185
1756648550944 59.90547180175781 186
1756648551037 55.622703552246094 187
1756648551131 62.965328216552734 188
1756648551226 52.5071907043457 189
1756648551320 62.401546478271484 190
1756648551413 61.7833137512207 191
1756648551508 63.4495735168457 192
1756648551601 59.7132682800293 193
1756648551696 61.13343811035156 194
1756648551790 52.01301574707031 195
1756648551884 60.8162841796875 196
1756648551979 58.638675689697266 197
1756648552072 60.63142395019531 198
1756648552166 63.71945571899414 199
1756648552260 61.74604797363281 200
1756648552354 55.299095153808594 201
1756648552449 49.245811462402344 202
1756648552544 56.72259521484375 203
1756648552640 57.9542121887207 204
1756648552734 55.59068298339844 205
1756648552828 47.64057922363281 206
1756648552923 51.4753532409668 207
1756648553016 53.5155029296875 208
1756648553111 52.9194221496582 209
1756648553206 58.1359748840332 210
1756648553301 68.72848510742188 211
1756648553396 61.836326599121094 212
1756648553489 56.73799133300781 213
1756648553583 58.299949645996094 214
1756648553678 55.11125564575195 215
1756648553772 55.918190002441406 216
1756648553867 64.66368865966797 217
1756648553961 63.977352142333984 218
1756648554055 43.621639251708984 219
1756648554150 60.25788879394531 220
1756648554244 60.614280700683594 221
1756648554337 56.129661560058594 222
1756648554431 59.73912048339844 223
1756648554524 58.73796463012695 224
1756648554619 59.26370620727539 225
1756648554712 53.815650939941406 226
1756648554806 60.2159538269043 227
1756648554900 61.46330642700195 228
1756648554994 59.70113754272461 229
1756648555088 58.3193473815918 230
1756648555182 55.81119155883789 231
1756648555275 54.1840934753418 232
1756648555370 56.295475006103516 233
1756648555465 64.11994171142578 234
1756648555558 60.8841552734375 235
1756648555652 55.406883239746094 236
1756648555745 53.867610931396484 237
1756648555839 54.038944244384766 238
1756648555933 61.317989349365234 239
1756648556026 60.00706481933594 240
1756648556120 59.066139221191406 241
1756648556214 56.916324615478516 242
1756648556307 52.569862365722656 243
1756648556404 58.8297119140625 244
1756648556510 51.53781509399414 245
1756648556604 59.5467643737793 246
1756648556698 59.070045471191406 247
1756648556791 55.78482437133789 248
1756648556885 57.216312408447266 249
1756648556979 58.35616683959961 250
1756648557072 56.57510757446289 251
1756648557166 59.038516998291016 252
1756648557259 51.239681243896484 253
1756648557359 60.08755111694336 254
1756648557452 56.16850280761719 255
1756648557546 59.714027404785156 256
1756648557640 59.652427673339844 257
1756648557734 48.655155181884766 258
1756648557828 55.666648864746094 259
1756648557923 54.814430236816406 260
1756648558017 59.831172943115234 261
1756648558112 56.775150299072266 262
1756648558206 55.43317794799805 263
1756648558300 52.532596588134766 264
1756648558394 47.190528869628906 265
1756648558489 60.757835388183594 266
1756648558584 50.3721809387207 267
1756648558685 60.743370056152344 268
1756648558787 56.57414245605469 269
1756648558885 55.83169174194336 270
1756648558979 53.52960205078125 271
1756648559083 66.94989013671875 272
1756648559182 52.80239486694336 273
1756648559276 49.42926025390625 274
1756648559370 57.87667465209961 275
1756648559464 61.26656723022461 276
1756648559558 62.50614929199219 277
1756648559653 65.45294952392578 278
1756648559747 56.3432731628418 279
1756648559841 60.8032341003418 280
1756648559937 58.322505950927734 281
1756648560032 61.54275131225586 282
1756648560126 55.44532775878906 283
1756648560220 59.92740249633789 284
1756648560314 58.36483383178711 285
1756648560409 56.02288818359375 286
1756648560502 58.88172912597656 287
1756648560596 58.956138610839844 288
1756648560690 52.01998519897461 289
1756648560785 56.861572265625 290
1756648560879 55.44084167480469 291
1756648560973 58.26507568359375 292
1756648561068 58.90080642700195 293
1756648561162 63.7684326171875 294
1756648561256 59.17866516113281 295
1756648561350 54.80398941040039 296
1756648561445 50.712459564208984 297
1756648561540 52.04228591918945 298
1756648561633 59.77288818359375 299
1756648569853 99.27192687988281 0
1756648569947 96.32147216796875 1
1756648570041 93.90487670898438 2
1756648570135 89.8163833618164 3
1756648570229 84.1466293334961 4
1756648570323 79.9892807006836 5
1756648570418 73.38441467285156 6
1756648570512 65.28958892822266 7
1756648570606 56.01527786254883 8
1756648570705 58.33011245727539 9
1756648570805 57.31060028076172 10
1756648570900 58.152923583984375 11
1756648570994 62.59235763549805 12
1756648571088 59.17893600463867 13
1756648571182 56.53257751464844 14
1756648571277 64.10136413574219 15
1756648571374 44.8724479675293 16
1756648571469 57.17738342285156 17
1756648571566 57.3056640625 18
1756648571660 57.120601654052734 19
1756648571755 59.133399963378906 20
1756648571849 53.43029022216797 21
1756648571943 47.81260299682617 22
1756648572036 57.61970138549805 23
1756648572129 54.58274841308594 24
1756648572223 61.65705490112305 25
1756648572316 62.292701721191406 26
1756648572411 60.13565444946289 27
1756648572508 57.13175964355469 28
1756648572601 52.525489807128906 29
1756648572695 63.76459503173828 30
1756648572790 49.2192268371582 31
1756648572884 59.531211853027344 32
1756648572979 57.61820983886719 33
1756648573073 57.36642074584961 34
1756648573168 58.381839752197266 35
1756648573262 55.0477294921875 36
1756648573357 53.56976318359375 37
1756648573451 53.201637268066406 38
1756648573545 53.13680648803711 39
1756648573640 57.4041748046875 40
1756648573734 58.61380386352539 41
1756648573829 55.266273498535156 42
1756648573925 62.46668243408203 43
1756648574021 52.6328125 44
1756648574115 57.02338409423828 45
1756648574209 56.428184509277344 46
1756648574303 52.51587677001953 47
1756648574398 61.6929817199707 48
1756648574492 56.40959548950195 49
1756648574587 53.62209701538086 50
1756648574681 57.716617584228516 51
1756648574775 49.83248519897461 52
1756648574869 50.97474670410156 53
1756648574963 48.71857452392578 54
1756648575057 58.036746978759766 55
1756648575151 61.31077575683594 56
1756648575245 47.772884368896484 57
1756648575339 60.35111999511719 58
1756648575440 60.624237060546875 59
1756648575539 54.39613723754883 60
1756648575633 52.82101058959961 61
1756648575728 58.318172454833984 62
1756648575822 56.6385612487793 63
1756648575917 56.51008987426758 64
1756648576011 46.84024429321289 65
1756648576105 54.167240142822266 66
1756648576200 53.01232147216797 67
1756648576294 60.10903549194336 68
1756648576388 48.08024215698242 69
1756648576484 53.457916259765625 70
1756648576579 53.46235275268555 71
1756648576673 56.871395111083984 72
1756648576768 55.46796417236328 73
1756648576862 52.58945846557617 74
1756648576957 55.630367279052734 75
1756648577051 58.01142883300781 76
1756648577146 53.68896484375 77
1756648577240 58.42898941040039 78
1756648577334 53.61966323852539 79
1756648577431 47.931087493896484 80
1756648577525 50.476009368896484 81
1756648577621 51.00233840942383 82
1756648577716 54.856754302978516 83
1756648577810 57.029388427734375 84
1756648577906 55.73768997192383 85
1756648578001 54.497406005859375 86
1756648578098 56.37485885620117 87
1756648578192 58.19255828857422 88
1756648578288 59.88692855834961 89
1756648578383 52.2352409362793 90
1756648578477 54.79269027709961 91
1756648578572 57.586124420166016 92
1756648578666 56.72338104248047 93
1756648578762 63.661041259765625 94
1756648578857 56.844337463378906 95
1756648578952 54.482295989990234 96
1756648579046 60.20106887817383 97
1756648579141 51.979400634765625 98
1756648579236 57.3608512878418 99
1756648579331 56.931400299072266 100
1756648579426 61.92844772338867 101
1756648579520 63.17741775512695 102
1756648579615 57.08717346191406 103
1756648579710 53.1912956237793 104
1756648579804 52.335147857666016 105
1756648579899 62.25809860229492 106
1756648579995 56.73256301879883 107
1756648580090 58.504093170166016 108
1756648580184 54.6851806640625 109
1756648580279 55.026588439941406 110
1756648580373 52.92379379272461 111
1756648580470 55.04875183105469 112
1756648580575 52.07289123535156 113
1756648580670 53.22490692138672 114
1756648580764 52.35619354248047 115
1756648580859 51.78926467895508 116
1756648580954 55.420387268066406 117
1756648581048 63.02275085449219 118
1756648581143 51.615394592285156 119
1756648581238 50.51803207397461 120
1756648581333 54.77625274658203 121
1756648581427 54.03242492675781 122
1756648581521 60.75843811035156 123
1756648581616 59.98137283325195 124
1756648581711 54.526954650878906 125
1756648581804 50.000972747802734 126
1756648581899 56.73011779785156 127
1756648581993 60.92850875854492 128
1756648582087 58.739234924316406 129
1756648582182 58.34919738769531 130
1756648582277 55.632511138916016 131
1756648582372 46.49848556518555 132
1756648582466 54.047149658203125 133
1756648582561 54.05550003051758 134
1756648582656 53.50802230834961 135
1756648582753 55.103824615478516 136
1756648582847 56.86211395263672 137
1756648582942 52.39274215698242 138
1756648583037 51.41265106201172 139
1756648583131 54.997135162353516 140
1756648583226 55.477386474609375 141
1756648583320 54.17833709716797 142
1756648583415 62.00020980834961 143
1756648583509 55.6405143737793 144
1756648583603 55.01873016357422 145
1756648583697 53.68449401855469 146
1756648583790 61.58992004394531 147
1756648583885 55.30909729003906 148
1756648583979 58.40825271606445 149
1756648584075 56.15591049194336 150
1756648584170 58.527347564697266 151
1756648584266 54.993465423583984 152
1756648584361 55.54414367675781 153
1756648584456 56.65009307861328 154
1756648584551 54.27001953125 155
1756648584646 56.68659973144531 156
1756648584741 54.45338821411133 157
1756648584836 55.572052001953125 158
1756648584931 48.498558044433594 159
1756648585026 55.409202575683594 160
1756648585121 56.63285827636719 161
1756648585216 58.151268005371094 162
1756648585311 56.57100296020508 163
1756648585407 52.740325927734375 164
1756648585502 54.01713562011719 165
1756648585598 49.76053237915039 166
1756648585694 55.83208084106445 167
1756648585788 59.17305374145508 168
1756648585884 53.74150085449219 169
1756648585980 58.46927261352539 170
1756648586075 54.045082092285156 171
1756648586169 56.03315734863281 172
1756648586264 56.16673278808594 173
1756648586360 58.358123779296875 174
1756648586456 55.93113708496094 175
1756648586550 63.605194091796875 176
1756648586645 61.51763153076172 177
1756648586740 57.12971878051758 178
1756648586835 55.885562896728516 179
1756648586931 56.51732635498047 180
1756648587025 58.187774658203125 181
1756648587121 66.05191040039062 182
1756648587216 54.85431671142578 183
1756648587311 54.63090896606445 184
1756648587407 57.82829666137695 185
1756648587503 55.87495040893555 186
1756648587597 50.166053771972656 187
1756648587692 57.7532844543457 188
1756648587787 57.55868148803711 189
1756648587883 56.1124382019043 190
1756648587996 58.72848129272461 191
1756648588113 55.28446960449219 192
1756648588217 54.802574157714844 193
1756648588318 57.42776107788086 194
1756648588419 55.00369644165039 195
1756648588516 59.358707427978516 196
1756648588614 54.49264907836914 197
1756648588717 54.66383743286133 198
1756648588818 49.87730026245117 199
1756648588920 56.51169204711914 200
1756648589021 56.5977897644043 201
1756648589121 64.66046142578125 202
1756648589215 60.1085090637207 203
1756648589310 51.549556732177734 204
1756648589406 60.59299850463867 205
1756648589501 56.18830108642578 206
1756648589596 56.876075744628906 207
1756648589692 57.043209075927734 208
1756648589787 60.77130889892578 209
1756648589882 53.41086959838867 210
1756648589977 54.93107986450195 211
1756648590073 52.71820068359375 212
1756648590168 57.065345764160156 213
1756648590263 54.2252197265625 214
1756648590359 49.524391174316406 215
1756648590455 55.5218391418457 216
1756648590550 57.233673095703125 217
1756648590645 57.777793884277344 218
1756648590742 63.890933990478516 219
1756648590838 57.76729965209961 220
1756648590936 58.92143249511719 221
1756648591033 56.36528396606445 222
1756648591128 49.149452209472656 223
1756648591225 57.40367126464844 224
1756648591320 52.873226165771484 225
1756648591416 50.698638916015625 226
1756648591511 53.17192840576172 227
1756648591607 56.40598678588867 228
1756648591701 59.488670349121094 229
1756648591797 63.92333984375 230
1756648591892 53.01778030395508 231
1756648591988 51.32651901245117 232
1756648592083 58.59605407714844 233
1756648592179 52.74583053588867 234
1756648592275 56.90174102783203 235
1756648592370 58.56940841674805 236
1756648592467 48.852691650390625 237
1756648592561 52.02811813354492 238
1756648592657 52.24757385253906 239
1756648592752 51.321292877197266 240
1756648592847 56.9273567199707 241
1756648592943 56.820274353027344 242
1756648593038 61.11546325683594 243
1756648593134 63.15645980834961 244
1756648593228 55.52207565307617 245
1756648593325 50.017242431640625 246
1756648593420 57.62267303466797 247
1756648593516 60.499534606933594 248
1756648593611 54.930938720703125 249
1756648593707 54.80604934692383 250
1756648593803 61.74457931518555 251
1756648593899 54.34681701660156 252
1756648594004 51.432308197021484 253
1756648594105 54.21805953979492 254
1756648594201 59.793365478515625 255
1756648594296 52.745094299316406 256
1756648594392 53.87434005737305 257
1756648594487 56.180999755859375 258
1756648594584 52.80964279174805 259
1756648594680 47.0806999206543 260
1756648594775 52.4161491394043 261
1756648594871 56.155799865722656 262
1756648594967 51.88237380981445 263
1756648595063 56.09318923950195 264
1756648595158 62.67523956298828 265
1756648595254 58.162593841552734 266
1756648595350 55.4666748046875 267
1756648595445 58.404258728027344 268
1756648595541 50.432640075683594 269
1756648595637 42.618980407714844 270
1756648595734 61.37991714477539 271
1756648595830 51.67277526855469 272
1756648595926 54.150543212890625 273
1756648596021 57.4124641418457 274
1756648596117 54.81489181518555 275
1756648596213 51.78460693359375 276
1756648596308 54.52267074584961 277
1756648596404 63.769290924072266 278
1756648596499 57.53228759765625 279
1756648596594 60.30534744262695 280
1756648596689 53.62717819213867 281
1756648596785 50.2244758605957 282
1756648596880 57.09431076049805 283
1756648596975 49.806827545166016 284
1756648597070 48.74224853515625 285
1756648597165 50.601558685302734 286
1756648597260 54.36881637573242 287
1756648597355 50.971343994140625 288
1756648597451 51.686737060546875 289
1756648597546 62.456844329833984 290
1756648597643 49.813926696777344 291
1756648597738 51.69850540161133 292
1756648597833 59.258148193359375 293
1756648597929 62.4415168762207 294
1756648598025 59.35771942138672 295
1756648598121 52.870567321777344 296
1756648598217 56.5821533203125 297
1756648598312 53.385353088378906 298
1756648598408 57.46458435058594 299
1756648606629 97.23457336425781 0
1756648606731 85.3672866821289 1
1756648606840 73.48655700683594 2
1756648606944 63.080177307128906 3
1756648607043 54.758277893066406 4
1756648607152 56.80208969116211 5
1756648607258 57.811344146728516 6
1756648607364 63.165470123291016 7
1756648607472 47.73982238769531 8
1756648607575 48.89895248413086 9
1756648607677 46.53974914550781 10
1756648607779 50.938560485839844 11
1756648607883 53.623023986816406 12
1756648607988 51.37846374511719 13
1756648608097 46.42341232299805 14
1756648608201 58.03620910644531 15
1756648608304 49.778141021728516 16
1756648608410 47.0574951171875 17
1756648608514 54.67500305175781 18
1756648608616 52.139278411865234 19
1756648608717 47.92222595214844 20
1756648608820 51.8431510925293 21
1756648608927 50.36529541015625 22
1756648609033 52.989078521728516 23
1756648609139 52.62607192993164 24
1756648609246 48.386451721191406 25
1756648609348 48.3299446105957 26
1756648609452 50.27131652832031 27
1756648609554 52.523624420166016 28
1756648609658 48.97331619262695 29
1756648609759 49.22819900512695 30
1756648609860 49.79471206665039 31
1756648609964 52.617088317871094 32
1756648610069 47.7850456237793 33
1756648610173 54.674381256103516 34
1756648610277 51.96354675292969 35
1756648610387 44.896236419677734 36
1756648610489 53.565086364746094 37
1756648610596 56.28402328491211 38
1756648610703 48.429996490478516 39
1756648610816 53.306617736816406 40
1756648610928 46.240543365478516 41
1756648611030 49.138328552246094 42
1756648611136 48.59049987792969 43
1756648611242 46.101470947265625 44
1756648611350 54.17245101928711 45
1756648611454 50.50505065917969 46
1756648611556 49.599430084228516 47
1756648611663 43.577266693115234 48
1756648611765 42.19181442260742 49
1756648611869 42.400482177734375 50
1756648611970 52.901851654052734 51
1756648612078 54.639488220214844 52
1756648612189 38.93684005737305 53
1756648612298 45.71084213256836 54
1756648612405 51.06037902832031 55
1756648612506 45.241580963134766 56
1756648612605 46.308677673339844 57
1756648612711 46.164676666259766 58
1756648612814 49.3477897644043 59
1756648612916 44.05352783203125 60
1756648613025 42.3283576965332 61
1756648613130 46.9550666809082 62
1756648613240 47.97307205200195 63
1756648613348 44.5311279296875 64
1756648613453 50.61445236206055 65
1756648613562 46.49681091308594 66
1756648613667 49.768104553222656 67
1756648613772 45.282047271728516 68
1756648613887 49.6650390625 69
1756648613996 53.954750061035156 70
1756648614103 50.5300178527832 71
1756648614212 57.3326530456543 72
1756648614322 44.16543960571289 73
1756648614435 55.85018539428711 74
1756648614549 52.76675796508789 75
1756648614661 45.53554153442383 76
1756648614768 53.72158432006836 77
1756648614875 43.540191650390625 78
1756648614984 48.654354095458984 79
1756648615090 52.030941009521484 80
1756648615194 50.852115631103516 81
1756648615299 45.519290924072266 82
1756648615410 46.01652908325195 83
1756648615515 51.227169036865234 84
1756648615623 45.194252014160156 85
1756648615727 46.01323318481445 86
1756648615834 46.705322265625 87
1756648615938 45.70008087158203 88
1756648616040 45.33134460449219 89
1756648616145 50.78178787231445 90
1756648616250 49.812217712402344 91
1756648616356 48.8309211730957 92
1756648616462 45.482826232910156 93
1756648616583 51.15971374511719 94
1756648616686 44.83916091918945 95
1756648616798 42.7978515625 96
1756648616912 43.441078186035156 97
1756648617025 48.17902755737305 98
1756648617135 47.820777893066406 99
1756648617241 51.195796966552734 100
1756648617347 48.12994384765625 101
1756648617452 47.85455322265625 102
1756648617565 40.83726501464844 103
1756648617677 46.962989807128906 104
1756648617780 45.29103469848633 105
1756648617885 52.605403900146484 106
1756648617988 48.055397033691406 107
1756648618093 45.20940399169922 108
1756648618199 55.184425354003906 109
1756648618308 56.40134048461914 110
1756648618414 53.2389030456543 111
1756648618525 46.15977478027344 112
1756648618625 46.407283782958984 113
1756648618728 47.61483383178711 114
1756648618832 55.039241790771484 115
1756648618935 41.16739273071289 116
1756648619043 41.9819221496582 117
1756648619149 43.822086334228516 118
1756648619256 45.91572189331055 119
1756648619362 50.2211799621582 120
1756648619470 42.76148986816406 121
1756648619576 46.76123046875 122
1756648619682 40.4454231262207 123
1756648619793 53.50376892089844 124
1756648619898 52.842220306396484 125
1756648620004 49.560489654541016 126
1756648620110 53.165748596191406 127
1756648620215 49.83785629272461 128
1756648620320 51.51945495605469 129
1756648620425 43.36142349243164 130
1756648620530 49.00828552246094 131
1756648620634 51.975582122802734 132
1756648620737 54.43453598022461 133
1756648620840 43.033939361572266 134
1756648620946 53.24320983886719 135
1756648621051 49.15550231933594 136
1756648621155 46.464412689208984 137
1756648621260 48.453269958496094 138
1756648621362 50.199100494384766 139
1756648621465 47.43612289428711 140
1756648621572 45.45280456542969 141
1756648621676 49.5449104309082 142
1756648621786 55.396629333496094 143
1756648621889 39.76754379272461 144
1756648621994 50.37238693237305 145
1756648622100 44.00388717651367 146
1756648622214 44.05038833618164 147
1756648622325 44.2430534362793 148
1756648622433 50.108619689941406 149
1756648622536 48.8554801940918 150
1756648622644 48.183837890625 151
1756648622748 41.50891876220703 152
1756648622850 51.919979095458984 153
1756648622958 44.189266204833984 154
1756648623065 47.24809646606445 155
1756648623178 48.305118560791016 156
1756648623288 47.656063079833984 157
1756648623399 45.61805725097656 158
1756648623508 52.49238204956055 159
1756648623620 44.91464614868164 160
1756648623723 39.11888122558594 161
1756648623832 48.070213317871094 162
1756648623939 48.791629791259766 163
1756648624043 51.441532135009766 164
1756648624152 57.719482421875 165
1756648624253 48.08974838256836 166
1756648624354 46.5291633605957 167
1756648624459 44.69223403930664 168
1756648624569 45.84004211425781 169
1756648624672 49.379539489746094 170
1756648624779 56.56306457519531 171
1756648624885 56.468299865722656 172
1756648624990 38.67988204956055 173
1756648625092 41.43594741821289 174
1756648625197 51.99799728393555 175
1756648625304 46.20734786987305 176
1756648625411 49.673927307128906 177
1756648625521 53.861000061035156 178
1756648625628 48.096153259277344 179
1756648625733 60.69548034667969 180
1756648625838 46.676536560058594 181
1756648625948 59.609188079833984 182
1756648626058 50.91082763671875 183
1756648626162 48.5732421875 184
1756648626272 59.6970329284668 185
1756648626380 55.1026611328125 186
1756648626496 50.342750549316406 187
1756648626596 41.766849517822266 188
1756648626698 48.61763000488281 189
1756648626802 57.95382308959961 190
1756648626904 44.47842025756836 191
1756648627008 43.729854583740234 192
1756648627115 51.05224609375 193
1756648627219 49.903011322021484 194
1756648627323 49.939884185791016 195
1756648627433 47.79939270019531 196
1756648627544 54.73357009887695 197
1756648627648 48.624366760253906 198
1756648627754 47.084774017333984 199
1756648627857 47.36109924316406 200
1756648627963 42.68633270263672 201
1756648628067 49.2874870300293 202
1756648628171 40.66727828979492 203
1756648628274 51.601444244384766 204
1756648628378 50.39152908325195 205
1756648628481 53.791683197021484 206
1756648628588 42.50298309326172 207
1756648628694 54.45656967163086 208
1756648628798 48.471580505371094 209
1756648628902 57.49970626831055 210
1756648629006 54.922672271728516 211
1756648629112 55.673160552978516 212
1756648629218 50.4593620300293 213
1756648629318 47.905738830566406 214
1756648629420 48.815547943115234 215
1756648629527 39.50465393066406 216
1756648629637 48.730201721191406 217
1756648629744 49.460777282714844 218
1756648629847 50.542701721191406 219
1756648629958 46.622135162353516 220
1756648630061 51.2438850402832 221
1756648630163 44.90946960449219 222
1756648630272 46.152042388916016 223
1756648630381 53.15105056762695 224
1756648630493 50.6268196105957 225
1756648630606 49.73835754394531 226
1756648630714 45.67842483520508 227
1756648630821 54.31527328491211 228
1756648630929 49.2452278137207 229
1756648631033 49.84104919433594 230
1756648631132 46.376644134521484 231
1756648631240 44.686458587646484 232
1756648631343 55.687522888183594 233
1756648631454 42.50065612792969 234
1756648631570 53.1324462890625 235
1756648631671 45.063411712646484 236
1756648631779 50.90176773071289 237
1756648631885 47.586727142333984 238
1756648631997 48.223758697509766 239
1756648632100 44.121707916259766 240
1756648632208 56.76579284667969 241
1756648632315 58.052528381347656 242
1756648632428 55.04220199584961 243
1756648632542 52.355533599853516 244
1756648632646 47.073951721191406 245
1756648632757 46.737449645996094 246
1756648632864 46.880149841308594 247
1756648632972 50.42996597290039 248
1756648633081 43.948524475097656 249
1756648633182 48.17117691040039 250
1756648633289 56.765235900878906 251
1756648633398 50.6694450378418 252
1756648633512 46.95186996459961 253
1756648633616 50.0228157043457 254
1756648633725 55.82139587402344 255
1756648633829 49.30782699584961 256
1756648633929 55.72636413574219 257
1756648634033 46.558841705322266 258
1756648634135 47.461692810058594 259
1756648634245 50.837646484375 260
1756648634354 53.43800354003906 261
1756648634461 38.7833251953125 262
1756648634564 48.62406921386719 263
1756648634670 50.66093444824219 264
1756648634782 43.81805419921875 265
1756648634888 49.1007080078125 266
1756648634995 48.882774353027344 267
1756648635100 48.085044860839844 268
1756648635207 46.07065200805664 269
1756648635315 49.14101791381836 270
1756648635417 48.85025405883789 271
1756648635525 44.4953727722168 272
1756648635639 42.16569137573242 273
1756648635745 47.705875396728516 274
1756648635850 51.2761116027832 275
1756648635954 51.89865493774414 276
1756648636054 55.14506530761719 277
1756648636160 45.89163589477539 278
1756648636265 48.2308349609375 279
1756648636378 45.77583312988281 280
1756648636484 44.935447692871094 281
1756648636588 43.64149475097656 282
1756648636693 49.780555725097656 283
1756648636799 47.84770202636719 284
1756648636905 45.565181732177734 285
1756648637016 52.10725402832031 286
1756648637121 38.70402145385742 287
1756648637227 51.65546798706055 288
1756648637336 52.79629898071289 289
1756648637442 55.92654800415039 290
1756648637550 45.244895935058594 291
1756648637662 49.6042594909668 292
1756648637773 53.5578727722168 293
1756648637887 52.932186126708984 294
1756648638002 49.95478820800781 295
1756648638109 49.11501693725586 296
1756648638215 48.76924133300781 297
1756648638320 49.561397552490234 298
1756648638423 48.04704284667969 299
1756648646644 98.46318817138672 0
1756648646751 93.36380767822266 1
1756648646857 86.63239288330078 2
1756648646962 76.68794250488281 3
1756648647064 69.28423309326172 4
1756648647174 56.90232849121094 5
1756648647277 57.87887954711914 6
1756648647385 56.64945983886719 7
1756648647496 58.990169525146484 8
1756648647600 57.37273025512695 9
1756648647704 57.741947174072266 10
1756648647806 56.65994644165039 11
1756648647912 54.1713981628418 12
1756648648025 41.542442321777344 13
1756648648129 52.47251892089844 14
1756648648231 54.86356735229492 15
1756648648338 59.818580627441406 16
1756648648441 52.45714569091797 17
1756648648550 56.71455764770508 18
1756648648661 55.432403564453125 19
1756648648765 54.052757263183594 20
1756648648870 44.22251892089844 21
1756648648974 55.06521987915039 22
1756648649077 51.26118469238281 23
1756648649180 50.0257568359375 24
1756648649290 53.308902740478516 25
1756648649398 45.154762268066406 26
1756648649504 47.865638732910156 27
1756648649609 57.26666259765625 28
1756648649720 54.36579513549805 29
1756648649824 46.376773834228516 30
1756648649934 50.8046875 31
1756648650044 48.90161895751953 32
1756648650152 48.862876892089844 33
1756648650260 47.402748107910156 34
1756648650359 53.64432907104492 35
1756648650466 52.2391242980957 36
1756648650571 49.712310791015625 37
1756648650672 43.7054557800293 38
1756648650779 50.256813049316406 39
1756648650882 47.219974517822266 40
1756648650987 44.98807907104492 41
1756648651092 48.736263275146484 42
1756648651196 47.64895248413086 43
1756648651299 46.79301452636719 44
1756648651403 49.55864715576172 45
1756648651504 45.46096420288086 46
1756648651615 51.943599700927734 47
1756648651722 54.66541290283203 48
1756648651828 52.29573440551758 49
1756648651933 49.62948226928711 50
1756648652039 48.7041130065918 51
1756648652148 53.122291564941406 52
1756648652252 50.9112663269043 53
1756648652355 51.85176467895508 54
1756648652463 53.364906311035156 55
1756648652568 50.922584533691406 56
1756648652669 45.79564666748047 57
1756648652777 52.49330520629883 58
1756648652877 50.17940902709961 59
1756648652983 61.43409729003906 60
1756648653089 54.581546783447266 61
1756648653195 50.59965515136719 62
1756648653310 50.590816497802734 63
1756648653420 52.35354995727539 64
1756648653526 47.598228454589844 65
1756648653630 53.8848876953125 66
1756648653737 50.382301330566406 67
1756648653840 44.33568572998047 68
1756648653949 51.37116622924805 69
1756648654051 52.26530075073242 70
1756648654156 50.09156799316406 71
1756648654257 54.56724166870117 72
1756648654363 44.70191955566406 73
1756648654469 50.330833435058594 74
1756648654586 44.31278610229492 75
1756648654689 50.64411544799805 76
1756648654795 51.22539520263672 77
1756648654898 42.73566436767578 78
1756648655003 53.88878631591797 79
1756648655109 52.11021041870117 80
1756648655214 53.71955108642578 81
1756648655323 44.88643264770508 82
1756648655431 55.38421630859375 83
1756648655538 50.72956466674805 84
1756648655643 46.01045608520508 85
1756648655748 46.122169494628906 86
1756648655851 45.7965087890625 87
1756648655955 53.30756378173828 88
1756648656064 57.995094299316406 89
1756648656176 45.7465934753418 90
1756648656285 55.783653259277344 91
1756648656390 54.17757034301758 92
1756648656493 49.30817794799805 93
1756648656597 54.338104248046875 94
1756648656703 48.005496978759766 95
1756648656806 48.953880310058594 96
1756648656914 54.87867736816406 97
1756648657018 53.23178482055664 98
1756648657126 53.183780670166016 99
1756648657231 50.893150329589844 100
1756648657335 50.27024841308594 101
1756648657448 48.69099426269531 102
1756648657559 54.441978454589844 103
1756648657665 49.47349166870117 104
1756648657773 55.014156341552734 105
1756648657881 54.51370620727539 106
1756648657984 51.597755432128906 107
1756648658089 51.46356964111328 108
1756648658194 47.69276809692383 109
1756648658300 52.69960403442383 110
1756648658406 47.465511322021484 111
1756648658519 47.24614715576172 112
1756648658629 48.32915115356445 113
1756648658734 43.9517936706543 114
1756648658844 51.29200744628906 115
1756648658953 43.64595031738281 116
1756648659060 50.52693176269531 117
1756648659165 44.074790954589844 118
1756648659268 48.793819427490234 119
1756648659373 46.24396514892578 120
1756648659481 49.89421844482422 121
1756648659589 48.47826385498047 122
1756648659696 50.101566314697266 123
1756648659806 49.21745681762695 124
1756648659910 51.46752166748047 125
1756648660023 49.675132751464844 126
1756648660126 51.30641174316406 127
1756648660232 42.748260498046875 128
1756648660335 51.34050369262695 129
1756648660438 40.97757339477539 130
1756648660538 47.66860580444336 131
1756648660640 47.27311325073242 132
1756648660745 54.35447692871094 133
1756648660852 52.9263916015625 134
1756648660962 53.071563720703125 135
1756648661126 48.70545196533203 136
1756648661236 50.462440490722656 137
1756648661346 47.06156921386719 138
1756648661453 55.06741714477539 139
1756648661560 48.01095199584961 140
1756648661667 55.147499084472656 141
1756648661770 50.37953186035156 142
1756648661877 53.462738037109375 143
1756648661985 43.139007568359375 144
1756648662096 45.43962478637695 145
1756648662206 46.519840240478516 146
1756648662316 49.426605224609375 147
1756648662420 57.711116790771484 148
1756648662529 47.131134033203125 149
1756648662632 49.33275604248047 150
1756648662741 55.59954833984375 151
1756648662844 47.73530578613281 152
1756648662953 46.62821578979492 153
1756648663058 47.097984313964844 154
1756648663163 49.7129020690918 155
1756648663270 47.42545700073242 156
1756648663379 50.81144714355469 157
1756648663485 45.879974365234375 158
1756648663590 47.74993896484375 159
1756648663696 43.641624450683594 160
1756648663803 54.883785247802734 161
1756648663908 58.49702453613281 162
1756648664016 44.288631439208984 163
1756648664116 45.9539794921875 164
1756648664218 53.891502380371094 165
1756648664319 49.923336029052734 166
1756648664420 44.335514068603516 167
1756648664524 54.09990692138672 168
1756648664632 46.379817962646484 169
1756648664737 54.623783111572266 170
1756648664841 50.83468246459961 171
1756648664945 47.709171295166016 172
1756648665050 54.060970306396484 173
1756648665157 50.28342819213867 174
1756648665265 53.128204345703125 175
1756648665377 48.39079666137695 176
1756648665483 50.23343276977539 177
1756648665587 49.6171760559082 178
1756648665700 48.927059173583984 179
1756648665812 48.417991638183594 180
1756648665920 53.062259674072266 181
1756648666026 50.74930191040039 182
1756648666131 43.21049118041992 183
1756648666237 46.91118240356445 184
1756648666346 52.47019958496094 185
1756648666451 55.16422653198242 186
1756648666556 49.73302459716797 187
1756648666658 54.87632751464844 188
1756648666761 47.70903778076172 189
1756648666865 55.846107482910156 190
1756648666969 53.16046905517578 191
1756648667075 50.30367660522461 192
1756648667181 46.02451705932617 193
1756648667287 56.06612777709961 194
1756648667391 50.0073356628418 195
1756648667500 45.82456970214844 196
1756648667609 54.673828125 197
1756648667714 51.08129119873047 198
1756648667818 46.05289840698242 199
1756648667923 51.1905517578125 200
1756648668028 55.11371994018555 201
1756648668131 45.417755126953125 202
1756648668237 50.03620910644531 203
1756648668348 52.88039779663086 204
1756648668451 52.47206497192383 205
1756648668557 47.90012741088867 206
1756648668662 54.63994598388672 207
1756648668771 44.43842315673828 208
1756648668883 44.147518157958984 209
1756648668988 46.6987190246582 210
1756648669096 49.85159683227539 211
1756648669210 53.78424072265625 212
1756648669323 40.16203308105469 213
1756648669438 57.48038101196289 214
1756648669549 49.78202819824219 215
1756648669667 47.701786041259766 216
1756648669772 49.799068450927734 217
1756648669877 51.63429260253906 218
1756648669981 50.47210693359375 219
1756648670088 54.23725128173828 220
1756648670196 53.59926223754883 221
1756648670303 56.49079513549805 222
1756648670414 48.264522552490234 223
1756648670519 51.175804138183594 224
1756648670625 50.382057189941406 225
1756648670731 48.914642333984375 226
1756648670839 47.42927169799805 227
1756648670949 54.32076644897461 228
1756648671059 51.57087326049805 229
1756648671168 54.1727180480957 230
1756648671270 53.62309265136719 231
1756648671376 47.5537223815918 232
1756648671483 51.819908142089844 233
1756648671591 46.979007720947266 234
1756648671695 48.63309860229492 235
1756648671801 53.73203659057617 236
1756648671909 47.80909729003906 237
1756648672016 45.93064880371094 238
1756648672122 45.27678298950195 239
1756648672230 48.98725128173828 240
1756648672340 52.495853424072266 241
1756648672452 51.361637115478516 242
1756648672559 51.36502456665039 243
1756648672666 48.45404052734375 244
1756648672777 51.08987045288086 245
1756648672883 47.32533264160156 246
1756648672989 45.4278450012207 247
1756648673092 49.400787353515625 248
1756648673197 54.076148986816406 249
1756648673302 57.12923049926758 250
1756648673405 48.04770278930664 251
1756648673515 50.44743728637695 252
1756648673620 49.18794250488281 253
1756648673725 48.17488098144531 254
1756648673830 46.34662628173828 255
1756648673938 51.16542434692383 256
1756648674044 54.1361198425293 257
1756648674149 45.87287521362305 258
1756648674566 52.21731185913086 259
1756648674674 41.331546783447266 260
1756648674782 52.118141174316406 261
1756648674890 52.99053192138672 262
1756648674998 51.458099365234375 263
1756648675105 51.993568420410156 264
1756648675211 50.02592849731445 265
1756648675314 48.98871612548828 266
1756648675424 45.46700668334961 267
1756648675537 45.78215408325195 268
1756648675646 44.496822357177734 269
1756648675752 46.155460357666016 270
1756648675858 47.52675247192383 271
1756648675964 56.559383392333984 272
1756648676072 50.257225036621094 273
1756648676176 44.86928939819336 274
1756648676279 46.666229248046875 275
1756648676387 51.272281646728516 276
1756648676492 53.413185119628906 277
1756648676597 51.44961929321289 278
1756648676700 48.733463287353516 279
1756648676803 54.09950637817383 280
1756648676908 48.643104553222656 281
1756648677016 45.76374816894531 282
1756648677120 52.02797317504883 283
1756648677226 46.25746154785156 284
1756648677336 46.718109130859375 285
1756648677438 41.32590866088867 286
1756648677543 50.8895263671875 287
1756648677647 51.64397048950195 288
1756648677751 47.70441436767578 289
1756648677855 57.98045349121094 290
1756648677964 48.708831787109375 291
1756648678073 47.34044647216797 292
1756648678175 49.115848541259766 293
1756648678277 50.73322296142578 294
1756648678388 52.583675384521484 295
1756648678495 47.32561111450195 296
1756648678604 54.36111831665039 297
1756648678709 47.619075775146484 298
1756648678812 49.524635314941406 299
1756648687038 93.30225372314453 0
1756648687146 69.20663452148438 1
1756648687254 47.455814361572266 2
1756648687361 60.887046813964844 3
1756648687470 52.15192794799805 4
1756648687573 51.898597717285156 5
1756648687681 48.208396911621094 6
1756648687784 47.26681137084961 7
1756648687890 45.6872673034668 8
1756648688002 43.93989181518555 9
1756648688108 45.696285247802734 10
1756648688224 36.0834846496582 11
1756648688336 40.9185676574707 12
1756648688451 46.46664810180664 13
1756648688563 56.45024108886719 14
1756648688673 45.74325942993164 15
1756648688779 41.4328727722168 16
1756648688881 43.84785461425781 17
1756648688990 49.174034118652344 18
1756648689099 44.09278869628906 19
1756648689208 51.17447280883789 20
1756648689319 47.00825119018555 21
1756648689426 38.314002990722656 22
1756648689531 39.77472686767578 23
1756648689644 44.27513885498047 24
1756648689751 47.309410095214844 25
1756648689856 48.342018127441406 26
1756648689960 47.60661315917969 27
1756648690068 50.85383605957031 28
1756648690171 45.99378967285156 29
1756648690277 50.7733039855957 30
1756648690389 32.425968170166016 31
1756648690498 50.5717658996582 32
1756648690609 52.18813705444336 33
1756648690720 49.339393615722656 34
1756648690827 45.36954879760742 35
1756648690934 47.1982307434082 36
1756648691042 46.98062515258789 37
1756648691146 46.75799560546875 38
1756648691253 44.63644790649414 39
1756648691356 45.015201568603516 40
1756648691468 45.4554328918457 41
1756648691581 41.57546615600586 42
1756648691685 39.04610824584961 43
1756648691788 43.776390075683594 44
1756648691893 38.90111541748047 45
1756648691998 44.61272048950195 46
1756648692104 39.14470291137695 47
1756648692209 46.438785552978516 48
1756648692314 45.559669494628906 49
1756648692422 36.732460021972656 50
1756648692529 53.06939697265625 51
1756648692634 45.5296630859375 52
1756648692740 39.35997009277344 53
1756648692845 50.850399017333984 54
1756648692950 46.61410903930664 55
1756648693074 43.15347671508789 56
1756648693179 40.1331901550293 57
1756648693286 42.76727294921875 58
1756648693391 45.99673843383789 59
1756648693501 54.846004486083984 60
1756648693605 51.21292495727539 61
1756648693711 50.3249397277832 62
1756648693818 43.90354919433594 63
1756648693926 45.3486442565918 64
1756648694033 44.218631744384766 65
1756648694138 51.21392822265625 66
1756648694249 36.508487701416016 67
1756648694354 54.77714538574219 68
1756648694460 40.308326721191406 69
1756648694572 46.535362243652344 70
1756648694680 40.80862045288086 71
1756648694785 43.70688247680664 72
1756648694891 41.52861022949219 73
1756648695002 42.23930358886719 74
1756648695106 48.74659729003906 75
1756648695209 40.02165222167969 76
1756648695314 45.75740051269531 77
1756648695424 51.14216232299805 78
1756648695533 44.52725601196289 79
1756648695639 49.05757141113281 80
1756648695747 44.61959457397461 81
1756648695852 36.25802230834961 82
1756648695957 44.32756042480469 83
1756648696067 49.313880920410156 84
1756648696178 43.73532485961914 85
1756648696285 37.673065185546875 86
1756648696393 45.20958709716797 87
1756648696499 47.87480163574219 88
1756648696605 41.99970626831055 89
1756648696708 48.332393646240234 90
1756648696818 47.4540901184082 91
1756648696926 50.76641845703125 92
1756648697031 42.168270111083984 93
1756648697140 43.11711120605469 94
1756648697246 38.8422966003418 95
1756648697351 42.04607009887695 96
1756648697461 40.50844955444336 97
1756648697572 48.49991226196289 98
1756648697680 33.56830596923828 99
1756648697790 41.163360595703125 100
1756648697896 44.73080825805664 101
1756648698001 47.51695251464844 102
1756648698107 47.86906433105469 103
1756648698212 40.898887634277344 104
1756648698323 42.598121643066406 105
1756648698432 42.90597915649414 106
1756648698539 45.41785430908203 107
1756648698642 43.95051574707031 108
1756648698748 43.53101348876953 109
1756648698857 51.54756164550781 110
1756648698970 48.890384674072266 111
1756648699075 38.88782501220703 112
1756648699180 46.905616760253906 113
1756648699292 46.161827087402344 114
1756648699406 46.76386642456055 115
1756648699509 42.981266021728516 116
1756648699616 41.311004638671875 117
1756648699728 39.96491241455078 118
1756648699833 47.32375717163086 119
1756648699937 43.36453628540039 120
1756648700045 43.486515045166016 121
1756648700151 42.89002990722656 122
1756648700257 38.752197265625 123
1756648700364 38.85124206542969 124
1756648700469 50.77204895019531 125
1756648700573 47.835018157958984 126
1756648700683 39.424293518066406 127
1756648700785 41.25642013549805 128
1756648700888 47.7216682434082 129
1756648700995 41.56980514526367 130
1756648701102 42.75077438354492 131
1756648701208 44.29938888549805 132
1756648701317 48.512916564941406 133
1756648701428 48.70881271362305 134
1756648701533 43.572593688964844 135
1756648701636 48.8544921875 136
1756648701740 42.99729919433594 137
1756648701845 43.66625213623047 138
1756648701950 50.179813385009766 139
1756648702056 43.279579162597656 140
1756648702160 45.057395935058594 141
1756648702271 51.395320892333984 142
1756648702381 43.23141098022461 143
1756648702494 40.669857025146484 144
1756648702602 37.109622955322266 145
1756648702710 46.15934753417969 146
1756648702819 44.677528381347656 147
1756648702931 50.959693908691406 148
1756648703038 36.68989562988281 149
1756648703142 45.59378433227539 150
1756648703249 45.97797393798828 151
1756648703356 44.488216400146484 152
1756648703464 48.8245964050293 153
1756648703568 38.224876403808594 154
1756648703671 46.40126037597656 155
1756648703778 51.41802978515625 156
1756648703884 37.812313079833984 157
1756648703991 42.945106506347656 158
1756648704100 41.78350830078125 159
1756648704207 46.21521759033203 160
1756648704311 44.884727478027344 161
1756648704416 47.246360778808594 162
1756648704524 41.372920989990234 163
1756648704632 48.52220153808594 164
1756648704738 37.749507904052734 165
1756648704846 43.962646484375 166
1756648704961 42.725135803222656 167
1756648705073 35.936683654785156 168
1756648705183 45.38018035888672 169
1756648705294 54.16244125366211 170
1756648705402 43.26527404785156 171
1756648705508 39.620975494384766 172
1756648705613 44.60533142089844 173
1756648705726 42.97114181518555 174
1756648705832 51.89614486694336 175
1756648705936 38.77589797973633 176
1756648706042 38.80329895019531 177
1756648706145 48.93515396118164 178
1756648706248 44.854652404785156 179
1756648706354 44.819576263427734 180
1756648706460 47.268333435058594 181
1756648706566 45.51681137084961 182
1756648706673 48.2955436706543 183
1756648706777 43.855255126953125 184
1756648706890 52.840877532958984 185
1756648707000 41.39860534667969 186
1756648707105 40.2296028137207 187
1756648707213 48.59792709350586 188
1756648707326 42.191104888916016 189
1756648707440 41.93947982788086 190
1756648707555 43.22908401489258 191
1756648707664 46.61490249633789 192
1756648707767 43.9702033996582 193
1756648707878 41.45561218261719 194
1756648707991 41.232933044433594 195
1756648708103 48.32648849487305 196
1756648708224 42.5566520690918 197
1756648708341 40.727718353271484 198
1756648708452 45.82228088378906 199
1756648708558 40.65542221069336 200
1756648708669 45.37061309814453 201
1756648708777 50.17488098144531 202
1756648708887 46.69654846191406 203
1756648708996 47.83631896972656 204
1756648709104 53.4134521484375 205
1756648709210 42.57486343383789 206
1756648709321 37.79694747924805 207
1756648709430 43.11560821533203 208
1756648709542 40.28573989868164 209
1756648709652 43.247440338134766 210
1756648709754 51.0085334777832 211
1756648709861 42.80727767944336 212
1756648709965 47.985252380371094 213
1756648710074 51.115482330322266 214
1756648710185 51.13558578491211 215
1756648710297 41.49600601196289 216
1756648710409 41.59605407714844 217
1756648710516 45.15524673461914 218
1756648710628 46.483394622802734 219
1756648710738 43.61941909790039 220
1756648710850 47.01731872558594 221
1756648710955 44.220088958740234 222
1756648711060 49.42033386230469 223
1756648711170 50.9820556640625 224
1756648711276 48.726524353027344 225
1756648711386 50.715843200683594 226
1756648711493 40.86997985839844 227
1756648711605 47.00209045410156 228
1756648711716 44.0482063293457 229
1756648711823 43.34555435180664 230
1756648711931 40.114906311035156 231
1756648712040 43.38413619995117 232
1756648712146 47.16395568847656 233
1756648712256 49.5592041015625 234
1756648712364 46.29658508300781 235
1756648712473 47.40207290649414 236
1756648712585 47.520263671875 237
1756648712695 51.7838249206543 238
1756648712803 44.55360412597656 239
1756648712913 43.009429931640625 240
1756648713025 49.92302322387695 241
1756648713136 43.136741638183594 242
1756648713249 42.0135612487793 243
1756648713359 39.30426025390625 244
1756648713464 51.639095306396484 245
1756648713571 50.56399917602539 246
1756648713676 44.415733337402344 247
1756648713784 39.50054168701172 248
1756648713891 44.93647766113281 249
1756648714000 43.112613677978516 250
1756648714103 43.94509506225586 251
1756648714213 48.00278091430664 252
1756648714321 49.6795768737793 253
1756648714430 44.75318145751953 254
1756648714537 52.482887268066406 255
1756648714643 46.95375061035156 256
1756648714752 49.1291389465332 257
1756648714860 49.649879455566406 258
1756648714964 39.185550689697266 259
1756648715072 49.13981628417969 260
1756648715179 35.80031967163086 261
1756648715286 46.125877380371094 262
1756648715397 50.88801574707031 263
1756648715511 41.898094177246094 264
1756648715620 42.862552642822266 265
1756648715729 43.357093811035156 266
1756648715839 46.16765213012695 267
1756648715942 42.78718948364258 268
1756648716055 43.89300537109375 269
1756648716162 41.411842346191406 270
1756648716277 47.599796295166016 271
1756648716389 47.054447174072266 272
1756648716496 44.6092529296875 273
1756648716605 45.6605224609375 274
1756648716713 38.785484313964844 275
1756648716820 39.17679214477539 276
1756648716923 44.5836067199707 277
1756648717035 43.95687484741211 278
1756648717147 39.11545944213867 279
1756648717256 45.180908203125 280
1756648717362 50.436546325683594 281
1756648717467 45.158782958984375 282
1756648717576 46.48185729980469 283
1756648717684 50.77471923828125 284
1756648717796 52.91084289550781 285
1756648717909 50.21533203125 286
1756648718015 46.6981315612793 287
1756648718121 45.45405578613281 288
1756648718227 44.42791748046875 289
1756648718339 40.135459899902344 290
1756648718445 55.81877136230469 291
1756648718551 43.31547546386719 292
1756648718663 39.14052963256836 293
1756648718773 42.94841384887695 294
1756648718882 45.01747131347656 295
1756648718991 40.608978271484375 296
1756648719102 45.28072738647461 297
1756648719210 40.84941101074219 298
1756648719317 44.02669143676758 299
1756648727547 96.71934509277344 0
1756648727665 85.69336700439453 1
1756648727769 72.92300415039062 2
1756648727877 68.83708190917969 3
1756648727986 52.055477142333984 4
1756648728089 50.68125534057617 5
1756648728193 50.70842361450195 6
1756648728303 55.4461784362793 7
1756648728411 53.86092758178711 8
1756648728521 50.16515350341797 9
1756648728624 41.44588088989258 10
1756648728728 47.575462341308594 11
1756648728830 45.22987365722656 12
1756648728936 43.11127471923828 13
1756648729052 49.721988677978516 14
1756648729164 47.483882904052734 15
1756648729272 51.02711868286133 16
1756648729381 45.70100784301758 17
1756648729489 47.217525482177734 18
1756648729602 48.216346740722656 19
1756648729711 43.851932525634766 20
1756648729815 48.05268859863281 21
1756648729920 51.96116638183594 22
1756648730029 41.326881408691406 23
1756648730138 53.47045135498047 24
1756648730248 47.02704620361328 25
1756648730358 45.89375305175781 26
1756648730459 49.59858703613281 27
1756648730568 49.68218994140625 28
1756648730674 49.00059127807617 29
1756648730776 52.827415466308594 30
1756648730878 50.80357360839844 31
1756648730988 44.72688293457031 32
1756648731094 43.224769592285156 33
1756648731196 47.33478927612305 34
1756648731311 47.03432083129883 35
1756648731424 39.03949737548828 36
1756648731546 41.34127426147461 37
1756648731658 52.40855407714844 38
1756648731760 45.765865325927734 39
1756648731862 47.4249153137207 40
1756648731969 49.775455474853516 41
1756648732077 49.01051330566406 42
1756648732183 44.28471374511719 43
1756648732288 49.81816101074219 44
1756648732393 45.84394073486328 45
1756648732503 50.8247184753418 46
1756648732614 42.798336029052734 47
1756648732722 43.694786071777344 48
1756648732833 44.77981948852539 49
1756648732940 46.43550109863281 50
1756648733048 39.89902877807617 51
1756648733153 47.88740921020508 52
1756648733254 45.982295989990234 53
1756648733357 38.59159851074219 54
1756648733465 45.23316955566406 55
1756648733575 44.474124908447266 56
1756648733680 44.0032844543457 57
1756648733783 55.5050048828125 58
1756648733887 43.912498474121094 59
1756648733992 43.16795349121094 60
1756648734098 41.873592376708984 61
1756648734207 47.08089065551758 62
1756648734309 47.40497589111328 63
1756648734423 47.86129379272461 64
1756648734533 41.484901428222656 65
1756648734642 42.647037506103516 66
1756648734749 44.2362174987793 67
1756648734856 47.13215255737305 68
1756648734962 47.020267486572266 69
1756648735068 45.90774154663086 70
1756648735171 47.89186096191406 71
1756648735279 48.37870407104492 72
1756648735387 50.412723541259766 73
1756648735497 47.84028625488281 74
1756648735602 46.234500885009766 75
1756648735704 49.890846252441406 76
1756648735810 46.30375671386719 77
1756648735915 51.102691650390625 78
1756648736023 42.641597747802734 79
1756648736129 49.32708740234375 80
1756648736236 45.82032775878906 81
1756648736352 46.42192840576172 82
1756648736472 48.03595733642578 83
1756648736574 52.8647346496582 84
1756648736679 49.90485763549805 85
1756648736788 43.76206588745117 86
1756648736891 50.99759292602539 87
1756648737001 46.26987838745117 88
1756648737103 46.702388763427734 89
1756648737215 43.21491622924805 90
1756648737317 42.57813262939453 91
1756648737425 47.00709915161133 92
1756648737537 41.971717834472656 93
1756648737648 46.58995819091797 94
1756648737758 39.530696868896484 95
1756648737864 55.090511322021484 96
1756648737969 43.81401824951172 97
1756648738075 43.85271072387695 98
1756648738186 49.80940628051758 99
1756648738292 50.696964263916016 100
1756648738396 49.55316162109375 101
1756648738502 47.27171325683594 102
1756648738605 47.93144226074219 103
1756648738711 43.87249755859375 104
1756648738816 46.87543869018555 105
1756648738926 45.44078826904297 106
1756648739036 45.790565490722656 107
1756648739146 48.15194320678711 108
1756648739252 42.35698699951172 109
1756648739366 44.46269607543945 110
1756648739476 45.90355682373047 111
1756648739585 48.298728942871094 112
1756648739694 39.067630767822266 113
1756648739801 46.92807388305664 114
1756648739908 43.904422760009766 115
1756648740014 46.2386360168457 116
1756648740125 51.00386047363281 117
1756648740232 44.048744201660156 118
1756648740336 43.12070846557617 119
1756648740447 48.445289611816406 120
1756648740554 47.98502731323242 121
1756648740660 42.74769592285156 122
1756648740766 41.58419418334961 123
1756648740871 41.36429977416992 124
1756648740979 47.041099548339844 125
1756648741090 46.993404388427734 126
1756648741196 45.17597198486328 127
1756648741301 42.272674560546875 128
1756648741407 54.5727653503418 129
1756648741517 39.44279861450195 130
1756648741622 52.83716583251953 131
1756648741725 42.289669036865234 132
1756648741834 41.98591613769531 133
1756648741940 46.760337829589844 134
1756648742050 45.80645751953125 135
1756648742161 37.11549758911133 136
1756648742269 50.9718017578125 137
1756648742379 55.07107925415039 138
1756648742482 43.03875732421875 139
1756648742589 44.95185089111328 140
1756648742699 48.743690490722656 141
1756648742810 45.763980865478516 142
1756648742914 49.1495475769043 143
1756648743022 44.22882080078125 144
1756648743130 51.49778366088867 145
1756648743234 53.013431549072266 146
1756648743341 44.1302375793457 147
1756648743446 40.70206832885742 148
1756648743555 44.20214080810547 149
1756648743666 41.661582946777344 150
1756648743774 46.362876892089844 151
1756648743881 46.2548713684082 152
1756648743998 48.189125061035156 153
1756648744108 42.590126037597656 154
1756648744222 35.65794372558594 155
1756648744330 41.084869384765625 156
1756648744438 42.19671630859375 157
1756648744543 39.83100509643555 158
1756648744648 40.76538848876953 159
1756648744753 43.25898742675781 160
1756648744861 44.22090148925781 161
1756648744969 47.12408447265625 162
1756648745077 49.059165954589844 163
1756648745194 43.942405700683594 164
1756648745300 46.96512985229492 165
1756648745407 45.85236358642578 166
1756648745512 42.768470764160156 167
1756648745616 35.71707534790039 168
1756648745722 45.13813400268555 169
1756648745832 41.67719650268555 170
1756648745939 47.03175354003906 171
1756648746044 44.03958511352539 172
1756648746152 37.466732025146484 173
1756648746256 46.08683776855469 174
1756648746359 45.46137619018555 175
1756648746469 44.62971115112305 176
1756648746579 43.82251739501953 177
1756648746693 42.22499465942383 178
1756648746797 44.67161560058594 179
1756648746909 41.407310485839844 180
1756648747014 44.92066955566406 181
1756648747119 49.2789192199707 182
1756648747229 47.919349670410156 183
1756648747340 43.70679473876953 184
1756648747450 57.9394416809082 185
1756648747564 45.019798278808594 186
1756648747676 46.92390060424805 187
1756648747787 45.76403045654297 188
1756648747894 48.92256546020508 189
1756648747997 42.81123352050781 190
1756648748105 43.34257507324219 191
1756648748216 46.133262634277344 192
1756648748320 40.491485595703125 193
1756648748430 49.490150451660156 194
1756648748536 41.18885803222656 195
1756648748642 43.374019622802734 196
1756648748749 47.108890533447266 197
1756648748856 43.59836959838867 198
1756648748961 45.94782638549805 199
1756648749066 43.47657775878906 200
1756648749170 44.4947509765625 201
1756648749276 45.92672348022461 202
1756648749388 52.16578674316406 203
1756648749493 44.882572174072266 204
1756648749600 44.76035690307617 205
1756648749705 48.39573669433594 206
1756648749806 49.122825622558594 207
1756648749910 53.562225341796875 208
1756648750024 42.8525505065918 209
1756648750138 41.92964172363281 210
1756648750254 45.691444396972656 211
1756648750366 47.9249382019043 212
1756648750483 36.19651794433594 213
1756648750592 50.268341064453125 214
1756648750701 43.11480712890625 215
1756648750811 47.661033630371094 216
1756648750917 40.69057083129883 217
1756648751025 44.885658264160156 218
1756648751129 47.778343200683594 219
1756648751231 42.8554801940918 220
1756648751337 49.83832931518555 221
1756648751444 51.2895622253418 222
1756648751550 47.3798713684082 223
1756648751659 49.8328857421875 224
1756648751769 43.698177337646484 225
1756648751879 46.21355056762695 226
1756648751986 44.032588958740234 227
1756648752092 42.88692855834961 228
1756648752198 37.91065216064453 229
1756648752304 46.152992248535156 230
1756648752410 50.1816520690918 231
1756648752513 48.104095458984375 232
1756648752626 50.69298553466797 233
1756648752733 44.732540130615234 234
1756648752846 45.71826171875 235
1756648752952 42.698184967041016 236
1756648753057 55.10034942626953 237
1756648753165 45.24223709106445 238
1756648753271 53.7749137878418 239
1756648753375 43.55079650878906 240
1756648753480 45.41297912597656 241
1756648753589 43.722843170166016 242
1756648753699 45.54389953613281 243
1756648753803 49.84492492675781 244
1756648753913 43.106815338134766 245
1756648754022 51.0706901550293 246
1756648754129 38.52491760253906 247
1756648754236 43.87827682495117 248
1756648754341 48.04717254638672 249
1756648754452 45.585670471191406 250
1756648754559 48.11886215209961 251
1756648754665 45.30815124511719 252
1756648754768 38.984256744384766 253
1756648754872 41.43752670288086 254
1756648754977 37.52980422973633 255
1756648755086 46.54399108886719 256
1756648755195 46.70945739746094 257
1756648755305 48.98407745361328 258
1756648755413 52.57416534423828 259
1756648755521 49.64616775512695 260
1756648755630 45.21824645996094 261
1756648755747 46.1234245300293 262
1756648755858 48.72926330566406 263
1756648755965 43.50999069213867 264
1756648756070 44.9672966003418 265
1756648756179 43.65099334716797 266
1756648756290 45.09074401855469 267
1756648756400 47.68399429321289 268
1756648756511 40.07067108154297 269
1756648756619 43.589874267578125 270
1756648756729 47.86723709106445 271
1756648756842 45.43855285644531 272
1756648756951 44.12663269042969 273
1756648757065 37.8773307800293 274
1756648757170 48.04833984375 275
1756648757276 52.83268356323242 276
1756648757383 44.57632064819336 277
1756648757490 49.81889724731445 278
1756648757604 47.77079391479492 279
1756648757714 46.71381378173828 280
1756648757819 47.11507034301758 281
1756648757924 38.843345642089844 282
1756648758028 52.141841888427734 283
1756648758131 44.87100601196289 284
1756648758248 40.9692268371582 285
1756648758359 41.833404541015625 286
1756648758468 42.41632843017578 287
1756648758575 43.77173614501953 288
1756648758686 43.250179290771484 289
1756648758790 50.198768615722656 290
1756648758896 46.9600944519043 291
1756648759003 46.52894592285156 292
1756648759106 44.3089485168457 293
1756648759211 44.852359771728516 294
1756648759316 46.437923431396484 295
1756648759426 44.268157958984375 296
1756648759537 46.74992370605469 297
1756648759646 45.895668029785156 298
1756648759751 46.49109649658203 299
1756648768111 97.6031494140625 0
1756648768319 89.6055679321289 1
1756648768525 67.96614837646484 2
1756648768732 57.810916900634766 3
1756648768940 57.48005294799805 4
1756648769146 58.336421966552734 5
1756648769353 44.63093566894531 6
1756648769559 60.189430236816406 7
1756648769765 57.26888656616211 8
1756648769972 43.61362075805664 9
1756648770178 49.744346618652344 10
1756648770384 46.897605895996094 11
1756648770592 55.990013122558594 12
1756648770797 54.249332427978516 13
1756648771003 51.304019927978516 14
1756648771210 54.802913665771484 15
1756648771415 58.837642669677734 16
1756648771622 56.600284576416016 17
1756648771856 48.38687515258789 18
1756648772063 50.99423599243164 19
1756648772269 52.21600341796875 20
1756648772478 51.687904357910156 21
1756648772685 46.435264587402344 22
1756648772891 61.1303825378418 23
1756648773098 53.17784118652344 24
1756648773305 53.0968017578125 25
1756648773513 44.700321197509766 26
1756648773721 52.36020278930664 27
1756648773927 51.84465026855469 28
1756648774135 50.4859619140625 29
1756648774343 52.908138275146484 30
1756648774549 55.61617660522461 31
1756648774756 49.16206359863281 32
1756648774962 59.518367767333984 33
1756648775168 56.870296478271484 34
1756648775378 49.76820373535156 35
1756648775586 47.571998596191406 36
1756648775798 53.03959655761719 37
1756648776005 55.07820129394531 38
1756648776213 51.5946044921875 39
1756648776419 49.18316650390625 40
1756648776632 55.978309631347656 41
1756648776839 50.35136413574219 42
1756648777046 52.5498046875 43
1756648777253 46.26008605957031 44
1756648777459 54.395408630371094 45
1756648777666 56.05888366699219 46
1756648777873 50.00065994262695 47
1756648778081 58.1710319519043 48
1756648778288 50.924861907958984 49
1756648778495 54.506534576416016 50
1756648778703 50.17667007446289 51
1756648778911 51.31538009643555 52
1756648779119 49.729557037353516 53
1756648779327 56.66162109375 54
1756648779535 52.5167121887207 55
1756648779742 51.91489028930664 56
1756648779950 50.9676513671875 57
1756648780159 51.543758392333984 58
1756648780365 56.48112869262695 59
1756648780573 58.2015266418457 60
1756648780780 63.50786209106445 61
1756648780993 50.938167572021484 62
1756648781277 57.356895446777344 63
1756648781486 50.91848373413086 64
1756648781693 53.723167419433594 65
1756648781901 59.50099182128906 66
1756648782108 52.541141510009766 67
1756648782316 47.880069732666016 68
1756648782524 58.05173110961914 69
1756648782737 46.648826599121094 70
1756648782944 53.735721588134766 71
1756648783152 46.09860610961914 72
1756648783360 51.368553161621094 73
1756648783568 48.7180061340332 74
1756648783776 58.5464973449707 75
1756648783988 57.86798095703125 76
1756648784197 52.20268630981445 77
1756648784404 55.568504333496094 78
1756648784614 51.19413757324219 79
1756648784822 52.918216705322266 80
1756648785029 59.03011703491211 81
1756648785238 59.81318664550781 82
1756648785448 50.443172454833984 83
1756648785658 49.01640319824219 84
1756648785867 47.445003509521484 85
1756648786075 52.49269104003906 86
1756648786284 54.60250473022461 87
1756648786492 50.3076057434082 88
1756648786702 53.7335090637207 89
1756648786910 53.883811950683594 90
1756648787118 58.783634185791016 91
1756648787325 53.12596130371094 92
1756648787533 52.500328063964844 93
1756648787742 45.941673278808594 94
1756648787951 50.62093734741211 95
1756648788159 54.01699447631836 96
1756648788368 52.77019119262695 97
1756648788576 57.837337493896484 98
1756648788787 47.88725280761719 99
1756648788995 50.879554748535156 100
1756648789203 57.7066535949707 101
1756648789411 52.54311752319336 102
1756648789620 52.25013732910156 103
1756648789829 48.757568359375 104
1756648790037 49.7025032043457 105
1756648790246 52.77018737792969 106
1756648790454 52.30135726928711 107
1756648790663 52.9611930847168 108
1756648790871 52.72486877441406 109
1756648791078 54.66439437866211 110
1756648791288 52.92232894897461 111
1756648791496 54.645606994628906 112
1756648791706 49.969539642333984 113
1756648791915 54.338539123535156 114
1756648792124 55.139225006103516 115
1756648792331 51.08321762084961 116
1756648792539 49.171180725097656 117
1756648792748 48.9207763671875 118
1756648792956 47.538516998291016 119
1756648793165 55.53446960449219 120
1756648793373 49.976627349853516 121
1756648793582 52.65182876586914 122
1756648793790 59.783626556396484 123
1756648793998 53.961326599121094 124
1756648794208 50.721004486083984 125
1756648794417 54.439186096191406 126
1756648794625 52.425575256347656 127
1756648794833 55.34208679199219 128
1756648795040 51.855712890625 129
1756648795251 45.87940979003906 130
1756648795459 51.199974060058594 131
1756648795669 47.970096588134766 132
1756648795877 55.449825286865234 133
1756648796088 45.2098503112793 134
1756648796297 52.19651794433594 135
1756648796506 54.20613098144531 136
1756648796715 52.87730407714844 137
1756648796924 55.09529113769531 138
1756648797133 61.7970085144043 139
1756648797344 51.16836166381836 140
1756648797554 54.0168571472168 141
1756648797762 56.36817932128906 142
1756648797970 46.09614181518555 143
1756648798179 53.014713287353516 144
1756648798388 50.85313415527344 145
1756648798596 52.7798957824707 146
1756648798805 55.80165100097656 147
1756648799013 54.6194953918457 148
1756648799222 52.16781234741211 149
1756648799430 52.68742752075195 150
1756648799639 56.47407150268555 151
1756648799848 50.394798278808594 152
1756648800058 41.99833679199219 153
1756648800267 52.27667236328125 154
1756648800476 53.28410339355469 155
1756648800686 56.762752532958984 156
1756648800895 45.433815002441406 157
1756648801105 53.869564056396484 158
1756648801341 53.91495132446289 159
1756648801551 50.23692321777344 160
1756648801761 48.443992614746094 161
1756648801970 56.221004486083984 162
1756648802181 52.250606536865234 163
1756648802390 48.84444808959961 164
1756648802602 47.73060607910156 165
1756648802811 55.281742095947266 166
1756648803019 50.695579528808594 167
1756648803228 47.6706428527832 168
1756648803437 49.618507385253906 169
1756648803648 53.4388313293457 170
1756648803858 55.34400939941406 171
1756648804067 58.61469650268555 172
1756648804276 55.45553207397461 173
1756648804485 48.137840270996094 174
1756648804696 49.61149597167969 175
1756648804908 48.479801177978516 176
1756648805118 57.31513977050781 177
1756648805327 56.5787353515625 178
1756648805537 59.75480651855469 179
1756648805748 52.93122482299805 180
1756648805958 56.97183609008789 181
1756648806168 53.51805114746094 182
1756648806383 55.555076599121094 183
1756648806594 52.168941497802734 184
1756648806804 49.552978515625 185
1756648807013 50.741920471191406 186
1756648807224 56.261573791503906 187
1756648807433 52.242088317871094 188
1756648807645 51.175758361816406 189
1756648807853 49.34856033325195 190
1756648808063 50.15426254272461 191
1756648808275 59.8121223449707 192
1756648808485 56.43669128417969 193
1756648808696 51.897708892822266 194
1756648808906 54.43183517456055 195
1756648809117 48.343406677246094 196
1756648809326 52.685302734375 197
1756648809536 55.3833122253418 198
1756648809747 56.509708404541016 199
1756648809956 55.85125732421875 200
1756648810168 43.7373161315918 201
1756648810376 59.317359924316406 202
1756648810585 56.25434875488281 203
1756648810794 50.75001525878906 204
1756648811003 54.1805305480957 205
1756648811214 48.042850494384766 206
1756648811425 49.85411071777344 207
1756648811636 54.156150817871094 208
1756648811845 51.2281494140625 209
1756648812057 46.58796691894531 210
1756648812267 50.10273361206055 211
1756648812478 55.3009033203125 212
1756648812689 55.48298645019531 213
1756648812898 53.439979553222656 214
1756648813106 54.0338249206543 215
1756648813318 49.63957595825195 216
1756648813527 52.379417419433594 217
1756648813736 55.06982421875 218
1756648813947 54.162723541259766 219
1756648814157 51.867671966552734 220
1756648814368 53.20016098022461 221
1756648814577 49.17074966430664 222
1756648814788 52.33696365356445 223
1756648815004 52.8350830078125 224
1756648815216 51.0288200378418 225
1756648815427 49.63381576538086 226
1756648815637 48.720237731933594 227
1756648815846 51.99272155761719 228
1756648816055 51.269283294677734 229
1756648816267 54.325294494628906 230
1756648816476 55.147117614746094 231
1756648816686 55.65055847167969 232
1756648816897 51.94100570678711 233
1756648817116 53.778995513916016 234
1756648817326 57.854251861572266 235
1756648817537 53.116756439208984 236
1756648817747 53.845333099365234 237
1756648817956 54.369728088378906 238
1756648818166 51.84832763671875 239
1756648818392 57.82228088378906 240
1756648818608 57.41943359375 241
1756648818819 52.52304458618164 242
1756648819029 51.35085678100586 243
1756648819238 46.938899993896484 244
1756648819447 50.458595275878906 245
1756648819657 56.86825180053711 246
1756648819866 49.59811019897461 247
1756648820075 56.259620666503906 248
1756648820284 58.21230697631836 249
1756648820493 55.509254455566406 250
1756648820702 42.28022384643555 251
1756648820910 49.334110260009766 252
1756648821119 45.66896057128906 253
1756648821328 52.51614761352539 254
1756648821537 47.089664459228516 255
1756648821746 46.146888732910156 256
1756648821954 52.26339340209961 257
1756648822162 56.5772590637207 258
1756648822370 48.86322021484375 259
1756648822578 56.280582427978516 260
1756648822788 57.225990295410156 261
1756648822996 47.70426940917969 262
1756648823213 44.65526580810547 263
1756648823423 48.621681213378906 264
1756648823635 49.071510314941406 265
1756648823843 50.92890930175781 266
1756648824052 57.90389633178711 267
1756648824262 57.18003845214844 268
1756648824471 55.994083404541016 269
1756648824679 51.751773834228516 270
1756648824888 51.48453140258789 271
1756648825096 48.7950439453125 272
1756648825306 56.582275390625 273
1756648825514 47.24348068237305 274
1756648825723 48.096614837646484 275
1756648825932 55.13969421386719 276
1756648826141 56.964698791503906 277
1756648826350 50.889217376708984 278
1756648826559 51.9964714050293 279
1756648826769 55.742713928222656 280
1756648826978 47.3263053894043 281
1756648827187 47.297340393066406 282
1756648827397 52.20915603637695 283
1756648827610 54.59511947631836 284
1756648827822 48.771541595458984 285
1756648828043 52.000999450683594 286
1756648828259 59.955135345458984 287
1756648828468 50.682579040527344 288
1756648828678 50.55318832397461 289
1756648828888 60.77535629272461 290
1756648829098 48.93736267089844 291
1756648829308 38.76118087768555 292
1756648829517 52.7556037902832 293
1756648829726 54.71745300292969 294
1756648829943 54.712135314941406 295
1756648830151 47.69168472290039 296
1756648830362 57.40445327758789 297
1756648830572 51.815513610839844 298
1756648830786 47.7729606628418 299
1756648839190 98.94977569580078 0
1756648839403 94.50678253173828 1
1756648839614 85.75440979003906 2
1756648839827 70.3773422241211 3
1756648840040 58.41521072387695 4
1756648840251 59.836246490478516 5
1756648840463 61.05219650268555 6
1756648840673 61.375648498535156 7
1756648840885 55.3856086730957 8
1756648841099 55.75627517700195 9
1756648841310 58.19163513183594 10
1756648841521 60.723148345947266 11
1756648841733 61.53940963745117 12
1756648841944 49.39455795288086 13
1756648842156 51.855491638183594 14
1756648842366 60.7743034362793 15
1756648842577 62.558040618896484 16
1756648842790 53.1666374206543 17
1756648843003 58.38340377807617 18
1756648843215 54.91972351074219 19
1756648843425 58.10972595214844 20
1756648843636 50.059234619140625 21
1756648843848 58.357608795166016 22
1756648844059 66.0962142944336 23
1756648844271 55.38984680175781 24
1756648844481 52.139122009277344 25
1756648844693 50.537601470947266 26
1756648844906 57.18558120727539 27
1756648845117 58.43575668334961 28
1756648845328 56.65127944946289 29
1756648845539 54.58842849731445 30
1756648845753 51.3426399230957 31
1756648845963 49.880558013916016 32
1756648846176 53.95875549316406 33
1756648846388 54.01183319091797 34
1756648846601 59.23967361450195 35
1756648846821 56.08564758300781 36
1756648847032 49.249691009521484 37
1756648847250 55.851783752441406 38
1756648847461 61.875221252441406 39
1756648847673 47.70963668823242 40
1756648847882 57.845054626464844 41
1756648848092 52.97834396362305 42
1756648848303 54.719337463378906 43
1756648848513 55.368385314941406 44
1756648848723 59.16842269897461 45
1756648848932 58.514408111572266 46
1756648849144 55.971282958984375 47
1756648849354 56.99909591674805 48
1756648849564 54.57933807373047 49
1756648849774 56.2027587890625 50
1756648849988 53.0078010559082 51
1756648850199 56.34308624267578 52
1756648850409 59.63335037231445 53
1756648850619 59.91523742675781 54
1756648850829 49.69603729248047 55
1756648851040 56.03176498413086 56
1756648851250 57.51512145996094 57
1756648851460 54.132484436035156 58
1756648851672 56.172786712646484 59
1756648851883 54.01927947998047 60
1756648852093 60.044246673583984 61
1756648852305 62.87141036987305 62
1756648852515 58.77201843261719 63
1756648852728 54.727760314941406 64
1756648852937 58.612789154052734 65
1756648853148 61.12798309326172 66
1756648853359 59.872955322265625 67
1756648853569 49.487178802490234 68
1756648853781 58.125755310058594 69
1756648853991 52.99257278442383 70
1756648854202 57.041080474853516 71
1756648854412 58.929290771484375 72
1756648854622 53.60939025878906 73
1756648854833 55.87531280517578 74
1756648855043 54.1392707824707 75
1756648855255 55.49388885498047 76
1756648855467 51.362815856933594 77
1756648855678 59.48301315307617 78
1756648855890 57.603023529052734 79
1756648856100 57.96381378173828 80
1756648856313 54.51478576660156 81
1756648856523 59.434810638427734 82
1756648856735 54.992637634277344 83
1756648856948 47.164546966552734 84
1756648857158 56.03013229370117 85
1756648857369 48.471466064453125 86
1756648857581 58.85432052612305 87
1756648857792 54.27042007446289 88
1756648858002 53.68528747558594 89
1756648858213 60.066226959228516 90
1756648858425 63.82543182373047 91
1756648858640 54.82563400268555 92
1756648858853 56.75434112548828 93
1756648859065 59.49386215209961 94
1756648859277 49.310768127441406 95
1756648859490 53.4132080078125 96
1756648859704 49.778141021728516 97
1756648859916 52.548343658447266 98
1756648860128 62.189727783203125 99
1756648860339 58.171112060546875 100
1756648860550 49.03749465942383 101
1756648860762 57.00368118286133 102
1756648860973 54.25201416015625 103
1756648861195 53.83811950683594 104
1756648861406 58.671512603759766 105
1756648861619 59.44668960571289 106
1756648861832 56.504234313964844 107
1756648862044 63.69390869140625 108
1756648862258 52.85748291015625 109
1756648862470 54.80497360229492 110
1756648862687 53.615421295166016 111
1756648862901 55.175209045410156 112
1756648863113 53.11149215698242 113
1756648863327 57.02476501464844 114
1756648863539 50.98707962036133 115
1756648863752 53.620880126953125 116
1756648863966 48.15846252441406 117
1756648864179 53.30025863647461 118
1756648864395 52.386497497558594 119
1756648864607 52.596187591552734 120
1756648864821 57.889312744140625 121
1756648865032 52.18644714355469 122
1756648865244 61.58364486694336 123
1756648865457 56.32511901855469 124
1756648865671 48.5943717956543 125
1756648865883 55.64097213745117 126
1756648866095 51.767555236816406 127
1756648866307 58.74513244628906 128
1756648866519 53.89670944213867 129
1756648866733 52.61707305908203 130
1756648866946 63.213966369628906 131
1756648867158 55.078678131103516 132
1756648867370 50.46200180053711 133
1756648867581 57.41805648803711 134
1756648867794 62.99551773071289 135
1756648868005 59.65825653076172 136
1756648868219 54.483524322509766 137
1756648868430 61.9267578125 138
1756648868641 55.426734924316406 139
1756648868881 50.885475158691406 140
1756648869093 51.32451629638672 141
1756648869304 56.65244674682617 142
1756648869516 55.065277099609375 143
1756648869727 56.3409309387207 144
1756648869938 59.61050033569336 145
1756648870149 55.931819915771484 146
1756648870359 57.7664680480957 147
1756648870571 51.499610900878906 148
1756648870783 60.17604446411133 149
1756648870995 58.384361267089844 150
1756648871207 60.577301025390625 151
1756648871418 54.62430191040039 152
1756648871629 51.37580108642578 153
1756648871858 55.29111862182617 154
1756648872070 55.874488830566406 155
1756648872280 58.70243453979492 156
1756648872492 54.09465408325195 157
1756648872704 56.07768249511719 158
1756648872921 55.16687774658203 159
1756648873132 53.633079528808594 160
1756648873344 54.786319732666016 161
1756648873556 57.77694320678711 162
1756648873768 49.767356872558594 163
1756648873979 56.432918548583984 164
1756648874190 58.70265197753906 165
1756648874400 55.13229751586914 166
1756648874612 54.770240783691406 167
1756648874823 56.9227180480957 168
1756648875036 58.332115173339844 169
1756648875247 58.96942901611328 170
1756648875459 60.40800094604492 171
1756648875671 53.49086380004883 172
1756648875882 49.070091247558594 173
1756648876094 52.8983039855957 174
1756648876309 55.398433685302734 175
1756648876521 63.016178131103516 176
1756648876732 48.49690628051758 177
1756648876942 49.83280944824219 178
1756648877154 56.10593032836914 179
1756648877366 54.225345611572266 180
1756648877579 49.369224548339844 181
1756648877790 55.543670654296875 182
1756648878010 55.381160736083984 183
1756648878224 57.43844223022461 184
1756648878437 53.076011657714844 185
1756648878650 57.70412826538086 186
1756648878861 54.3206672668457 187
1756648879073 51.79983901977539 188
1756648879285 53.26066970825195 189
1756648879500 56.3358154296875 190
1756648879717 60.33665466308594 191
1756648879933 52.31377410888672 192
1756648880147 58.53108596801758 193
1756648880359 56.49660873413086 194
1756648880576 58.752315521240234 195
1756648880788 50.58374786376953 196
1756648880999 58.7410888671875 197
1756648881211 52.254730224609375 198
1756648881422 55.15851974487305 199
1756648881642 52.55891036987305 200
1756648881855 51.218902587890625 201
1756648882068 50.912994384765625 202
1756648882280 60.73710632324219 203
1756648882491 56.66978073120117 204
1756648882702 56.557952880859375 205
1756648882919 56.31114959716797 206
1756648883138 56.41046905517578 207
1756648883352 61.92115783691406 208
1756648883563 56.447837829589844 209
1756648883776 55.200592041015625 210
1756648883988 57.94183349609375 211
1756648884199 59.35237503051758 212
1756648884412 50.56138229370117 213
1756648884625 55.2304801940918 214
1756648884838 59.0050163269043 215
1756648885049 53.747283935546875 216
1756648885262 62.076080322265625 217
1756648885474 60.96376419067383 218
1756648885686 50.070884704589844 219
1756648885899 53.041969299316406 220
1756648886112 60.92472839355469 221
1756648886323 54.0293083190918 222
1756648886534 59.04676055908203 223
1756648886746 53.542518615722656 224
1756648886958 56.36650848388672 225
1756648887173 47.791038513183594 226
1756648887384 58.623897552490234 227
1756648887595 57.31143569946289 228
1756648887808 54.183082580566406 229
1756648888042 52.03129577636719 230
1756648888263 58.40843963623047 231
1756648888474 55.749935150146484 232
1756648888687 51.174278259277344 233
1756648888898 57.855140686035156 234
1756648889111 59.8290901184082 235
1756648889323 51.187686920166016 236
1756648889534 64.388916015625 237
1756648889747 62.95806884765625 238
1756648889957 55.52777099609375 239
1756648890168 56.51820755004883 240
1756648890379 57.948638916015625 241
1756648890590 56.644432067871094 242
1756648890801 56.96329116821289 243
1756648891012 46.10280227661133 244
1756648891223 48.44990921020508 245
1756648891437 56.87668991088867 246
1756648891650 53.99028015136719 247
1756648891863 54.76133346557617 248
1756648892074 56.5018196105957 249
1756648892287 58.42501449584961 250
1756648892498 51.147438049316406 251
1756648892710 58.74907684326172 252
1756648892922 57.68922805786133 253
1756648893134 55.993186950683594 254
1756648893347 52.36069869995117 255
1756648893562 49.52895736694336 256
1756648893775 58.054683685302734 257
1756648893986 58.447044372558594 258
1756648894202 52.48650360107422 259
1756648894414 54.035606384277344 260
1756648894625 57.35365676879883 261
1756648894839 55.875091552734375 262
1756648895051 55.485626220703125 263
1756648895264 59.0411376953125 264
1756648895476 58.84636306762695 265
1756648895689 57.938899993896484 266
1756648895902 53.5357780456543 267
1756648896115 60.582923889160156 268
1756648896328 52.5503044128418 269
1756648896540 58.91108322143555 270
1756648896752 57.50296401977539 271
1756648896966 55.46534729003906 272
1756648897178 51.30511474609375 273
1756648897391 54.03524398803711 274
1756648897605 51.84620666503906 275
1756648897817 55.265377044677734 276
1756648898029 55.99774932861328 277
1756648898242 61.97163009643555 278
1756648898456 49.39885330200195 279
1756648898668 57.259368896484375 280
1756648898920 55.91029357910156 281
1756648899132 61.545135498046875 282
1756648899348 53.18775177001953 283
1756648899561 48.9825439453125 284
1756648899774 49.60304260253906 285
1756648899987 54.33232879638672 286
1756648900201 57.888648986816406 287
1756648900415 54.988101959228516 288
1756648900626 49.3646240234375 289
1756648900838 54.672264099121094 290
1756648901061 58.1865348815918 291
1756648901334 56.96974182128906 292
1756648901553 56.84614181518555 293
1756648901772 52.7562141418457 294
1756648901986 53.084720611572266 295
1756648902200 65.76336669921875 296
1756648902412 63.634639739990234 297
1756648902624 54.956119537353516 298
1756648902837 52.640357971191406 299
1756648911192 97.6643295288086 0
1756648911422 85.80634307861328 1
1756648911658 71.43474578857422 2
1756648911899 58.293514251708984 3
1756648912118 61.3148307800293 4
1756648912339 50.6574592590332 5
1756648912563 54.4538459777832 6
1756648912786 52.375755310058594 7
1756648913008 52.391788482666016 8
1756648913240 54.7346305847168 9
1756648913462 52.57405090332031 10
1756648913700 57.35139465332031 11
1756648913933 61.67967224121094 12
1756648914157 52.71806335449219 13
1756648914382 48.469058990478516 14
1756648914606 58.2445182800293 15
1756648914831 51.00969314575195 16
1756648915061 52.562767028808594 17
1756648915282 53.41998291015625 18
1756648915507 51.07309341430664 19
1756648915733 48.97689437866211 20
1756648915966 50.914794921875 21
1756648916196 46.94390869140625 22
1756648916421 59.941307067871094 23
1756648916649 53.93583679199219 24
1756648916872 54.60809326171875 25
1756648917098 51.403079986572266 26
1756648917331 48.225135803222656 27
1756648917558 52.095035552978516 28
1756648917782 50.442562103271484 29
1756648918005 54.105979919433594 30
1756648918231 55.370174407958984 31
1756648918452 49.98723220825195 32
1756648918677 49.28791809082031 33
1756648918896 49.540321350097656 34
1756648919143 46.68598556518555 35
1756648919368 58.73664855957031 36
1756648919596 46.63857650756836 37
1756648919828 45.986778259277344 38
1756648920054 48.693031311035156 39
1756648920287 54.219337463378906 40
1756648920515 48.25667953491211 41
1756648920742 46.009361267089844 42
1756648920965 43.08952331542969 43
1756648921197 46.00604248046875 44
1756648921421 46.82638931274414 45
1756648921652 53.057682037353516 46
1756648921875 54.49137878417969 47
1756648922105 54.4891242980957 48
1756648922331 54.380863189697266 49
1756648922554 51.711181640625 50
1756648922776 46.098602294921875 51
1756648923000 43.46492004394531 52
1756648923222 50.36587905883789 53
1756648923443 52.46815490722656 54
1756648923669 48.23226547241211 55
1756648923897 48.44705581665039 56
1756648924119 48.72787094116211 57
1756648924342 49.91324234008789 58
1756648924577 52.968929290771484 59
1756648924808 51.17167663574219 60
1756648925032 49.231956481933594 61
1756648925261 49.8584098815918 62
1756648925496 45.46462631225586 63
1756648925725 52.505348205566406 64
1756648925947 53.48965835571289 65
1756648926167 53.153282165527344 66
1756648926395 49.013832092285156 67
1756648926623 48.97714614868164 68
1756648926852 50.5706672668457 69
1756648927079 57.03363037109375 70
1756648927305 52.521663665771484 71
1756648927537 49.1758918762207 72
1756648927777 45.84714126586914 73
1756648928003 49.78042221069336 74
1756648928225 44.61199188232422 75
1756648928452 43.632503509521484 76
1756648928677 57.251773834228516 77
1756648928900 50.42266845703125 78
1756648929123 51.70465087890625 79
1756648929354 52.9993896484375 80
1756648929583 46.49070739746094 81
1756648929802 43.30971908569336 82
1756648930023 46.489013671875 83
1756648930259 46.187931060791016 84
1756648930490 51.503639221191406 85
1756648930720 53.9134521484375 86
1756648930953 50.13587951660156 87
1756648931189 42.6511116027832 88
1756648931409 51.26373291015625 89
1756648931635 51.4130744934082 90
1756648931861 49.277122497558594 91
1756648932086 50.51048278808594 92
1756648932320 46.08395004272461 93
1756648932540 44.317501068115234 94
1756648932764 56.22257995605469 95
1756648932991 57.97486877441406 96
1756648933216 51.5974006652832 97
1756648933444 49.7420539855957 98
1756648933673 51.37353515625 99
1756648933903 52.703121185302734 100
1756648934125 49.54823303222656 101
1756648934359 47.80035400390625 102
1756648934594 54.87284851074219 103
1756648934821 54.431236267089844 104
1756648935044 48.84544372558594 105
1756648935268 45.68125915527344 106
1756648935494 54.024837493896484 107
1756648935726 53.22898864746094 108
1756648935951 45.32831954956055 109
1756648936184 49.36344909667969 110
1756648936404 46.8404426574707 111
1756648936635 51.10760498046875 112
1756648936861 48.675193786621094 113
1756648937085 52.450931549072266 114
1756648937306 51.476261138916016 115
1756648937535 47.90072250366211 116
1756648937769 52.621402740478516 117
1756648937995 48.90382385253906 118
1756648938237 55.101417541503906 119
1756648938469 51.39753341674805 120
1756648938727 46.46339416503906 121
1756648938972 46.21855545043945 122
1756648939199 47.93352127075195 123
1756648939430 44.323631286621094 124
1756648939662 52.83934020996094 125
1756648939889 52.71786880493164 126
1756648940107 47.99394226074219 127
1756648940359 57.083045959472656 128
1756648940591 51.28194808959961 129
1756648940810 46.72677993774414 130
1756648941041 58.0583381652832 131
1756648941261 50.087886810302734 132
1756648941482 52.742061614990234 133
1756648941706 51.69564437866211 134
1756648941929 47.7744255065918 135
1756648942159 54.4614372253418 136
1756648942387 48.514957427978516 137
1756648942617 50.688968658447266 138
1756648942846 48.6744499206543 139
1756648943067 53.16373062133789 140
1756648943293 56.28361511230469 141
1756648943516 47.4786376953125 142
1756648943748 46.416412353515625 143
1756648943979 60.15299987792969 144
1756648944206 51.50937271118164 145
1756648944437 58.30447769165039 146
1756648944665 49.604774475097656 147
1756648944894 54.375244140625 148
1756648945128 52.722679138183594 149
1756648945356 51.1920051574707 150
1756648945584 52.412086486816406 151
1756648945807 54.87928771972656 152
1756648946038 50.3721923828125 153
1756648946265 48.299415588378906 154
1756648946494 50.20364761352539 155
1756648946719 53.690364837646484 156
1756648946940 52.275230407714844 157
1756648947165 54.261295318603516 158
1756648947385 47.70539474487305 159
1756648947619 51.383201599121094 160
1756648947853 51.86921310424805 161
1756648948089 61.40312576293945 162
1756648948314 53.408103942871094 163
1756648948538 55.17586898803711 164
1756648948766 49.732765197753906 165
1756648948992 54.597721099853516 166
1756648949230 48.761051177978516 167
1756648949452 46.788578033447266 168
1756648949675 54.45064926147461 169
1756648949892 46.24728012084961 170
1756648950124 44.268821716308594 171
1756648950347 45.12116622924805 172
1756648950576 47.53030014038086 173
1756648950806 48.498958587646484 174
1756648951025 54.66836929321289 175
1756648951257 42.72174835205078 176
1756648951485 54.270484924316406 177
1756648951709 48.58123779296875 178
1756648951938 52.27880859375 179
1756648952174 56.28515625 180
1756648952397 53.70899963378906 181
1756648952619 50.23749923706055 182
1756648952845 59.64720153808594 183
1756648953071 52.648738861083984 184
1756648953297 47.8209114074707 185
1756648953527 41.101417541503906 186
1756648953750 51.947044372558594 187
1756648953980 52.38819885253906 188
1756648954218 47.71723556518555 189
1756648954445 43.54585266113281 190
1756648954675 50.58735275268555 191
1756648954902 51.90205001831055 192
1756648955128 51.676578521728516 193
1756648955353 44.72941970825195 194
1756648955576 45.843929290771484 195
1756648955802 46.83842468261719 196
1756648956030 46.484439849853516 197
1756648956267 52.57374572753906 198
1756648956490 52.23583984375 199
1756648956717 54.2536735534668 200
1756648956951 51.889442443847656 201
1756648957171 49.29441833496094 202
1756648957401 52.361671447753906 203
1756648957639 48.53544616699219 204
1756648957867 47.37200927734375 205
1756648958089 49.2162971496582 206
1756648958306 46.33111572265625 207
1756648958530 54.07815933227539 208
1756648958757 51.9886589050293 209
1756648958978 51.537071228027344 210
1756648959210 49.5579719543457 211
1756648959445 54.66533279418945 212
1756648959689 54.58757019042969 213
1756648959927 52.7779426574707 214
1756648960149 42.434696197509766 215
1756648960381 50.29017639160156 216
1756648960607 48.56893539428711 217
1756648960834 55.698543548583984 218
1756648961058 53.28695297241211 219
1756648961282 46.4569091796875 220
1756648961506 53.80624008178711 221
1756648961744 46.2981071472168 222
1756648961970 47.83035659790039 223
1756648962193 56.93181228637695 224
1756648962422 54.633358001708984 225
1756648962651 47.04001235961914 226
1756648962881 49.39286804199219 227
1756648963106 50.95627212524414 228
1756648963333 45.582759857177734 229
1756648963556 53.528133392333984 230
1756648963786 51.03451919555664 231
1756648964011 44.30744171142578 232
1756648964236 48.43634033203125 233
1756648964467 52.49417495727539 234
1756648964692 53.39021301269531 235
1756648964924 49.145774841308594 236
1756648965156 53.87994384765625 237
1756648965397 45.856178283691406 238
1756648965627 48.06822204589844 239
1756648965857 54.54473876953125 240
1756648966082 48.27081298828125 241
1756648966319 48.58251953125 242
1756648966541 56.8895378112793 243
1756648966766 46.37580490112305 244
1756648966981 47.77120590209961 245
1756648967201 58.48594665527344 246
1756648967430 47.995994567871094 247
1756648967657 49.483314514160156 248
1756648967875 49.20966720581055 249
1756648968102 48.663150787353516 250
1756648968331 48.2982063293457 251
1756648968564 44.606815338134766 252
1756648968788 49.301292419433594 253
1756648969013 48.85896301269531 254
1756648969242 44.657997131347656 255
1756648969471 42.94448471069336 256
1756648969695 52.336368560791016 257
1756648969921 52.181331634521484 258
1756648970149 52.446998596191406 259
1756648970380 49.967838287353516 260
1756648970602 54.29924011230469 261
1756648970865 52.437965393066406 262
1756648971098 51.5365104675293 263
1756648971325 54.33316421508789 264
1756648971553 44.10670471191406 265
1756648971779 49.631839752197266 266
1756648972000 49.74252700805664 267
1756648972228 50.693275451660156 268
1756648972451 53.664791107177734 269
1756648972671 47.2650146484375 270
1756648972897 49.23566818237305 271
1756648973131 55.564998626708984 272
1756648973362 48.9279670715332 273
1756648973583 49.7888298034668 274
1756648973810 46.79938888549805 275
1756648974038 50.7027702331543 276
1756648974263 49.27857971191406 277
1756648974492 54.44731140136719 278
1756648974714 52.03322982788086 279
1756648974944 45.7044563293457 280
1756648975167 54.531246185302734 281
1756648975407 41.678646087646484 282
1756648975634 50.7039909362793 283
1756648975861 51.75297546386719 284
1756648976087 47.548885345458984 285
1756648976313 47.393741607666016 286
1756648976532 54.220420837402344 287
1756648976754 51.75764465332031 288
1756648976977 51.49431228637695 289
1756648977209 49.1777229309082 290
1756648977439 51.18077087402344 291
1756648977674 36.78276443481445 292
1756648977901 48.429141998291016 293
1756648978135 49.03562927246094 294
1756648978360 45.58714294433594 295
1756648978583 54.3292350769043 296
1756648978811 51.96867370605469 297
1756648979038 45.2355842590332 298
1756648979264 51.722843170166016 299
1756648987625 97.51437377929688 0
1756648987855 85.88678741455078 1
1756648988081 73.04471588134766 2
1756648988310 60.00640869140625 3
1756648988537 66.41666412353516 4
1756648988773 68.6561508178711 5
1756648989009 52.29201889038086 6
1756648989238 54.988643646240234 7
1756648989463 51.482017517089844 8
1756648989697 50.89891052246094 9
1756648989917 58.711830139160156 10
1756648990140 49.09830856323242 11
1756648990374 51.11811828613281 12
1756648990592 49.92085266113281 13
1756648990817 52.16345977783203 14
1756648991041 50.419532775878906 15
1756648991264 50.856136322021484 16
1756648991485 48.35940933227539 17
1756648991721 54.59636306762695 18
1756648991948 54.353729248046875 19
1756648992177 47.02493667602539 20
1756648992407 46.05316162109375 21
1756648992642 50.488956451416016 22
1756648992870 49.084720611572266 23
1756648993098 43.843284606933594 24
1756648993329 49.625980377197266 25
1756648993554 47.764163970947266 26
1756648993780 42.27582550048828 27
1756648993998 52.74301528930664 28
1756648994224 54.14326477050781 29
1756648994459 46.29316711425781 30
1756648994685 48.58883285522461 31
1756648994911 54.34502410888672 32
1756648995138 55.4794921875 33
1756648995375 49.208946228027344 34
1756648995605 51.19063949584961 35
1756648995832 48.509857177734375 36
1756648996078 49.07476806640625 37
1756648996311 48.292354583740234 38
1756648996536 49.045982360839844 39
1756648996767 53.52837371826172 40
1756648996991 58.61505889892578 41
1756648997212 60.991058349609375 42
1756648997441 52.86552047729492 43
1756648997666 49.235023498535156 44
1756648997900 49.49988555908203 45
1756648998126 55.5206298828125 46
1756648998359 47.543609619140625 47
1756648998603 47.740814208984375 48
1756648998833 54.974205017089844 49
1756648999056 45.90443801879883 50
1756648999275 51.663761138916016 51
1756648999499 46.17037582397461 52
1756648999717 52.49893569946289 53
1756648999948 46.860374450683594 54
1756649000175 43.62881088256836 55
1756649000399 50.33905792236328 56
1756649000620 44.504634857177734 57
1756649000849 46.00395965576172 58
1756649001075 47.36383056640625 59
1756649001300 46.85365676879883 60
1756649001533 43.23472213745117 61
1756649001755 48.07945251464844 62
1756649001990 52.547203063964844 63
1756649002213 53.144344329833984 64
1756649002439 47.53776931762695 65
1756649002671 44.851959228515625 66
1756649002900 49.50933837890625 67
1756649003129 46.913150787353516 68
1756649003353 49.93649673461914 69
1756649003579 54.81895065307617 70
1756649003805 53.949039459228516 71
1756649004028 56.848907470703125 72
1756649004252 48.72932052612305 73
1756649004476 47.564300537109375 74
1756649004699 51.86709976196289 75
1756649004923 52.163021087646484 76
1756649005143 49.358760833740234 77
1756649005368 44.49559783935547 78
1756649005589 48.19038391113281 79
1756649005813 60.00460433959961 80
1756649006043 44.421321868896484 81
1756649006270 49.92061233520508 82
1756649006496 52.70942306518555 83
1756649006726 56.5615348815918 84
1756649006950 46.976036071777344 85
1756649007184 50.96700668334961 86
1756649007402 59.7110710144043 87
1756649007627 46.08901596069336 88
1756649007854 47.10539245605469 89
1756649008083 45.809783935546875 90
1756649008303 55.26679229736328 91
1756649008528 45.51576232910156 92
1756649008757 49.43106460571289 93
1756649008992 61.099281311035156 94
1756649009219 51.80695343017578 95
1756649009455 51.38848114013672 96
1756649009681 54.64392852783203 97
1756649009916 52.867149353027344 98
1756649010143 52.1571044921875 99
1756649010368 61.10991668701172 100
1756649010599 55.95642852783203 101
1756649010844 50.534400939941406 102
1756649011085 44.34735870361328 103
1756649011309 46.12836837768555 104
1756649011544 55.49198913574219 105
1756649011767 53.32181167602539 106
1756649011992 53.13294982910156 107
1756649012217 51.02630615234375 108
1756649012443 55.958229064941406 109
1756649012673 57.54526138305664 110
1756649012909 45.66743469238281 111
1756649013139 38.8077507019043 112
1756649013367 48.949790954589844 113
1756649013597 51.3280143737793 114
1756649013818 46.62217330932617 115
1756649014052 51.24617004394531 116
1756649014282 54.61894989013672 117
1756649014518 59.208316802978516 118
1756649014746 52.449180603027344 119
1756649014975 52.17607879638672 120
1756649015203 46.7906608581543 121
1756649015425 60.69108200073242 122
1756649015656 52.89787292480469 123
1756649015882 50.685874938964844 124
1756649016106 56.462318420410156 125
1756649016325 47.80073547363281 126
1756649016555 48.189144134521484 127
1756649016787 54.506683349609375 128
1756649017028 46.96629333496094 129
1756649017257 44.530948638916016 130
1756649017479 50.91801834106445 131
1756649017706 54.34516525268555 132
1756649017935 39.01421356201172 133
1756649018165 54.848140716552734 134
1756649018395 51.0038948059082 135
1756649018623 42.527427673339844 136
1756649018853 52.3334846496582 137
1756649019081 43.894046783447266 138
1756649019313 50.460052490234375 139
1756649019548 49.09401321411133 140
1756649019780 45.24441909790039 141
1756649020008 41.52408218383789 142
1756649020232 47.238834381103516 143
1756649020466 48.22502517700195 144
1756649020688 45.9118766784668 145
1756649020904 58.094261169433594 146
1756649021204 45.94097137451172 147
1756649021439 48.22690200805664 148
1756649021663 44.67941665649414 149
1756649021891 47.1207389831543 150
1756649022120 52.43946838378906 151
1756649022355 47.985042572021484 152
1756649022588 49.862152099609375 153
1756649022813 49.9861946105957 154
1756649023042 48.66836929321289 155
1756649023269 55.3529052734375 156
1756649023495 47.484779357910156 157
1756649023720 50.79490661621094 158
1756649023945 49.26398468017578 159
1756649024178 47.283103942871094 160
1756649024404 47.48543930053711 161
1756649024632 55.013336181640625 162
1756649024863 49.70580291748047 163
1756649025088 53.001590728759766 164
1756649025316 57.39500427246094 165
1756649025540 53.535560607910156 166
1756649025766 51.16219711303711 167
1756649026000 52.37479019165039 168
1756649026234 51.67955017089844 169
1756649026475 51.58666229248047 170
1756649026695 41.64643859863281 171
1756649026918 51.8099479675293 172
1756649027144 46.04836654663086 173
1756649027371 48.72165298461914 174
1756649027598 54.94646453857422 175
1756649027829 43.98469924926758 176
1756649028050 48.79438781738281 177
1756649028280 45.81495666503906 178
1756649028509 54.16147232055664 179
1756649028734 47.7335205078125 180
1756649028959 43.60776901245117 181
1756649029191 39.8585205078125 182
1756649029426 55.27730941772461 183
1756649029651 52.79480743408203 184
1756649029876 49.065494537353516 185
1756649030103 45.43596267700195 186
1756649030330 47.225399017333984 187
1756649030571 50.82272720336914 188
1756649030792 47.344635009765625 189
1756649031021 52.55303192138672 190
1756649031246 55.19749450683594 191
1756649031472 48.622642517089844 192
1756649031694 49.923641204833984 193
1756649031921 47.629371643066406 194
1756649032149 53.177242279052734 195
1756649032372 47.9985237121582 196
1756649032597 49.183780670166016 197
1756649032819 45.04195022583008 198
1756649033048 49.91061782836914 199
1756649033273 46.2415657043457 200
1756649033507 44.71479797363281 201
1756649033732 48.5467643737793 202
1756649033959 46.42241668701172 203
1756649034186 53.28748321533203 204
1756649034407 45.92845153808594 205
1756649034631 51.72929382324219 206
1756649034854 50.71223068237305 207
1756649035080 41.67804718017578 208
1756649035303 48.37910842895508 209
1756649035534 54.165260314941406 210
1756649035773 47.96604537963867 211
1756649036002 46.03386306762695 212
1756649036230 45.756263732910156 213
1756649036457 50.250701904296875 214
1756649036676 53.67997360229492 215
1756649036898 56.16250991821289 216
1756649037133 49.19285583496094 217
1756649037355 52.72734069824219 218
1756649037590 54.77167510986328 219
1756649037821 51.479427337646484 220
1756649038053 54.769283294677734 221
1756649038276 51.573890686035156 222
1756649038511 48.55834197998047 223
1756649038748 52.31496810913086 224
1756649038989 50.63359832763672 225
1756649039226 43.444602966308594 226
1756649039455 53.114097595214844 227
1756649039680 50.230064392089844 228
1756649039915 42.866302490234375 229
1756649040152 51.4326286315918 230
1756649040385 45.34241485595703 231
1756649040618 57.76192855834961 232
1756649040847 49.08625030517578 233
1756649041070 51.343101501464844 234
1756649041301 46.26483917236328 235
1756649041534 46.911895751953125 236
1756649041755 51.84672546386719 237
1756649041982 55.35414123535156 238
1756649042205 50.333335876464844 239
1756649042442 44.03624725341797 240
1756649042678 48.23793029785156 241
1756649042918 53.377708435058594 242
1756649043169 48.17401885986328 243
1756649043428 50.108551025390625 244
1756649043658 50.659751892089844 245
1756649043885 56.03549575805664 246
1756649044121 46.95098114013672 247
1756649044344 49.92979049682617 248
1756649044568 49.65359878540039 249
1756649044794 51.915679931640625 250
1756649045026 57.611568450927734 251
1756649045256 53.82418441772461 252
1756649045475 51.060699462890625 253
1756649045699 52.0009651184082 254
1756649045920 50.28361511230469 255
1756649046154 42.95637130737305 256
1756649046384 55.18528747558594 257
1756649046609 47.060909271240234 258
1756649046831 50.90701675415039 259
1756649047060 48.83572769165039 260
1756649047289 52.629371643066406 261
1756649047515 45.36335754394531 262
1756649047746 50.53944778442383 263
1756649047972 52.42457962036133 264
1756649048195 50.26034164428711 265
1756649048428 48.17024612426758 266
1756649048656 52.574378967285156 267
1756649048885 48.36628341674805 268
1756649049111 51.784515380859375 269
1756649049339 43.16255569458008 270
1756649049566 42.500648498535156 271
1756649049794 55.115901947021484 272
1756649050019 50.60129928588867 273
1756649050240 50.32997512817383 274
1756649050466 54.76887130737305 275
1756649050706 48.244205474853516 276
1756649050932 49.60981369018555 277
1756649051157 45.8883056640625 278
1756649051376 48.361305236816406 279
1756649051608 50.27444076538086 280
1756649051835 41.848567962646484 281
1756649052066 47.29936981201172 282
1756649052291 49.833831787109375 283
1756649052517 52.3419075012207 284
1756649052750 46.970191955566406 285
1756649052977 47.97496032714844 286
1756649053207 45.825016021728516 287
1756649053435 42.1510124206543 288
1756649053661 45.483009338378906 289
1756649053890 44.2650146484375 290
1756649054115 48.564178466796875 291
1756649054344 49.59600067138672 292
1756649054568 51.53317642211914 293
1756649054792 45.37992477416992 294
1756649055019 47.41258239746094 295
1756649055242 53.829036712646484 296
1756649055475 45.56269836425781 297
1756649055701 57.545345306396484 298
1756649055933 51.28845977783203 299
1756649064314 96.9585952758789 0
1756649064537 82.10708618164062 1
1756649064759 56.87691879272461 2
1756649064983 58.516136169433594 3
1756649065218 61.7164192199707 4
1756649065442 52.09537124633789 5
1756649065670 50.7828369140625 6
1756649065892 52.35816955566406 7
1756649066117 57.0898323059082 8
1756649066345 46.303863525390625 9
1756649066570 58.209556579589844 10
1756649066795 52.177669525146484 11
1756649067025 39.23600769042969 12
1756649067248 49.134765625 13
1756649067462 50.73868179321289 14
1756649067682 46.202693939208984 15
1756649067904 52.90208435058594 16
1756649068129 48.82278060913086 17
1756649068363 47.31167984008789 18
1756649068593 45.05752182006836 19
1756649068821 49.834815979003906 20
1756649069045 42.66746139526367 21
1756649069271 54.36478042602539 22
1756649069498 46.321109771728516 23
1756649069717 51.8670654296875 24
1756649069938 46.89208984375 25
1756649070158 52.934913635253906 26
1756649070390 46.40422058105469 27
1756649070606 48.31265640258789 28
1756649070834 49.00326156616211 29
1756649071064 47.01615905761719 30
1756649071290 45.60133361816406 31
1756649071512 51.78457260131836 32
1756649071735 51.3565788269043 33
1756649071962 49.260459899902344 34
1756649072188 48.35719299316406 35
1756649072413 45.56154251098633 36
1756649072648 47.94833755493164 37
1756649072874 46.09723663330078 38
1756649073114 53.016910552978516 39
1756649073334 50.25290298461914 40
1756649073557 38.91445541381836 41
1756649073776 50.862144470214844 42
1756649074002 50.967830657958984 43
1756649074226 47.40433120727539 44
1756649074446 45.96141815185547 45
1756649074668 49.58547592163086 46
1756649074900 49.394187927246094 47
1756649075124 40.775760650634766 48
1756649075345 50.50814437866211 49
1756649075574 36.597049713134766 50
1756649075799 49.552310943603516 51
1756649076024 43.94620132446289 52
1756649076254 45.27897262573242 53
1756649076485 41.54039001464844 54
1756649076722 44.037330627441406 55
1756649076950 45.02019119262695 56
1756649077171 45.23744583129883 57
1756649077396 44.532005310058594 58
1756649077627 39.0997314453125 59
1756649077855 43.16926193237305 60
1756649078078 44.644474029541016 61
1756649078305 48.469783782958984 62
1756649078522 47.17839050292969 63
1756649078747 41.70845413208008 64
1756649078972 44.1512565612793 65
1756649079194 47.99778747558594 66
1756649079415 49.73637390136719 67
1756649079644 42.09050369262695 68
1756649079882 48.548160552978516 69
1756649080117 52.07078552246094 70
1756649080353 41.723392486572266 71
1756649080582 44.71384048461914 72
1756649080807 44.117488861083984 73
1756649081030 42.70073318481445 74
1756649081245 42.07554626464844 75
1756649081474 48.13005065917969 76
1756649081693 54.731327056884766 77
1756649081917 53.237003326416016 78
1756649082139 48.10417556762695 79
1756649082370 51.27531433105469 80
1756649082595 46.4075813293457 81
1756649082818 47.37373352050781 82
1756649083043 49.78081130981445 83
1756649083290 51.782493591308594 84
1756649083527 46.31637191772461 85
1756649083762 52.40202713012695 86
1756649083983 43.59620666503906 87
1756649084206 44.11772918701172 88
1756649084428 49.0477294921875 89
1756649084646 48.473323822021484 90
1756649084875 44.447288513183594 91
1756649085100 45.14877700805664 92
1756649085327 51.3687858581543 93
1756649085554 51.07107162475586 94
1756649085779 50.48048400878906 95
1756649086004 44.945030212402344 96
1756649086225 48.48568344116211 97
1756649086452 51.69308853149414 98
1756649086686 42.949676513671875 99
1756649086924 47.95753479003906 100
1756649087148 44.55842590332031 101
1756649087374 49.346153259277344 102
1756649087601 44.491432189941406 103
1756649087826 50.52363204956055 104
1756649088043 49.06596374511719 105
1756649088266 46.128456115722656 106
1756649088488 49.70589828491211 107
1756649088717 46.8731575012207 108
1756649088957 45.87080001831055 109
1756649089182 45.838016510009766 110
1756649089414 41.44217300415039 111
1756649089633 45.1933708190918 112
1756649089862 44.83625411987305 113
1756649090089 38.61669158935547 114
1756649090321 46.0366096496582 115
1756649090551 49.070255279541016 116
1756649090775 44.19111251831055 117
1756649091004 47.64122009277344 118
1756649091236 49.519798278808594 119
1756649091464 46.00851821899414 120
1756649091695 45.318477630615234 121
1756649091918 42.2939567565918 122
1756649092152 45.48698806762695 123
1756649092386 54.7970085144043 124
1756649092612 50.53730773925781 125
1756649092844 42.66693878173828 126
1756649093076 50.066650390625 127
1756649093315 45.50120544433594 128
1756649093540 49.556175231933594 129
1756649093774 49.915306091308594 130
1756649093995 48.663021087646484 131
1756649094214 44.02707290649414 132
1756649094435 47.58731460571289 133
1756649094660 44.86001205444336 134
1756649094884 43.14010238647461 135
1756649095121 48.27033615112305 136
1756649095343 41.07674789428711 137
1756649095563 44.46098327636719 138
1756649095791 44.016902923583984 139
1756649096015 51.245052337646484 140
1756649096237 46.21188735961914 141
1756649096462 43.461605072021484 142
1756649096689 50.83454895019531 143
1756649096918 45.94633865356445 144
1756649097141 51.07023620605469 145
1756649097361 55.85990905761719 146
1756649097591 54.06533432006836 147
1756649097820 48.982337951660156 148
1756649098043 41.70822525024414 149
1756649098267 50.3559455871582 150
1756649098494 46.32946014404297 151
1756649098713 51.678157806396484 152
1756649098941 46.24409866333008 153
1756649099164 51.9924201965332 154
1756649099387 46.775901794433594 155
1756649099605 55.33390808105469 156
1756649099826 41.94212341308594 157
1756649100048 53.46940612792969 158
1756649100273 49.480228424072266 159
1756649100494 43.155006408691406 160
1756649100720 35.05786895751953 161
1756649100940 51.828609466552734 162
1756649101169 48.74110412597656 163
1756649101396 47.40753173828125 164
1756649101624 48.1542854309082 165
1756649101854 51.142127990722656 166
1756649102074 47.3431510925293 167
1756649102300 44.911033630371094 168
1756649102525 47.7666130065918 169
1756649102746 48.067237854003906 170
1756649102968 48.294979095458984 171
1756649103198 53.33235168457031 172
1756649103423 51.493595123291016 173
1756649103640 44.960025787353516 174
1756649103858 47.83642578125 175
1756649104091 37.53367614746094 176
1756649104317 44.916908264160156 177
1756649104542 46.362361907958984 178
1756649104773 47.58335876464844 179
1756649105004 50.444801330566406 180
1756649105227 48.3817138671875 181
1756649105459 43.233211517333984 182
1756649105681 39.78319549560547 183
1756649105909 55.25583267211914 184
1756649106131 46.664554595947266 185
1756649106353 47.284976959228516 186
1756649106575 47.904518127441406 187
1756649106808 52.060386657714844 188
1756649107042 45.874488830566406 189
1756649107272 49.6771240234375 190
1756649107496 45.27601623535156 191
1756649107717 52.252254486083984 192
1756649107949 43.714866638183594 193
1756649108169 51.118953704833984 194
1756649108402 45.449623107910156 195
1756649108634 47.093772888183594 196
1756649108857 38.457706451416016 197
1756649109082 52.19270324707031 198
1756649109307 52.49432373046875 199
1756649109540 44.81985855102539 200
1756649109759 47.5678596496582 201
1756649109985 45.72337341308594 202
1756649110207 45.16423034667969 203
1756649110436 48.509376525878906 204
1756649110663 48.56644058227539 205
1756649110883 39.4535026550293 206
1756649111106 42.47090148925781 207
1756649111338 46.811588287353516 208
1756649111584 45.60269546508789 209
1756649111819 42.81781005859375 210
1756649112045 42.99794006347656 211
1756649112278 53.4487419128418 212
1756649112501 47.813724517822266 213
1756649112719 47.4195671081543 214
1756649112949 45.553627014160156 215
1756649113172 40.404388427734375 216
1756649113396 44.299644470214844 217
1756649113623 51.34762191772461 218
1756649113850 48.947940826416016 219
1756649114079 47.28132629394531 220
1756649114301 44.00749206542969 221
1756649114530 44.813880920410156 222
1756649114754 41.282169342041016 223
1756649115000 48.42498779296875 224
1756649115225 41.395423889160156 225
1756649115451 43.619956970214844 226
1756649115677 52.2025032043457 227
1756649115894 47.84892272949219 228
1756649116120 50.08175277709961 229
1756649116338 47.31084060668945 230
1756649116571 40.69292449951172 231
1756649116795 48.416744232177734 232
1756649117018 49.914371490478516 233
1756649117239 52.1311149597168 234
1756649117461 49.75357437133789 235
1756649117689 45.18623352050781 236
1756649117914 46.8663215637207 237
1756649118147 52.6854248046875 238
1756649118374 53.250186920166016 239
1756649118600 40.078941345214844 240
1756649118826 42.7175407409668 241
1756649119048 51.15178298950195 242
1756649119264 51.34151840209961 243
1756649119488 48.3639030456543 244
1756649119717 43.69024658203125 245
1756649119942 46.39945983886719 246
1756649120177 45.6243782043457 247
1756649120398 50.1629638671875 248
1756649120623 41.311317443847656 249
1756649120855 46.607852935791016 250
1756649121091 43.57254409790039 251
1756649121312 38.774879455566406 252
1756649121542 45.60435485839844 253
1756649121777 45.05668640136719 254
1756649122002 55.150691986083984 255
1756649122229 48.77165222167969 256
1756649122455 44.33707046508789 257
1756649122682 38.292999267578125 258
1756649122915 43.55940246582031 259
1756649123142 53.49369812011719 260
1756649123366 50.46417236328125 261
1756649123587 43.31089782714844 262
1756649123806 46.36468505859375 263
1756649124032 48.732601165771484 264
1756649124259 51.450660705566406 265
1756649124491 43.604251861572266 266
1756649124716 49.72697830200195 267
1756649124938 48.64912414550781 268
1756649125169 50.521366119384766 269
1756649125397 43.76795959472656 270
1756649125632 45.554161071777344 271
1756649125854 36.688602447509766 272
1756649126089 42.46707534790039 273
1756649126316 46.8543701171875 274
1756649126544 53.69426345825195 275
1756649126771 42.502254486083984 276
1756649126998 41.101234436035156 277
1756649127225 47.48847961425781 278
1756649127448 48.68362808227539 279
1756649127675 45.11119079589844 280
1756649127905 47.386966705322266 281
1756649128138 47.148868560791016 282
1756649128377 47.85934066772461 283
1756649128604 42.90745544433594 284
1756649128837 48.386959075927734 285
1756649129062 49.661067962646484 286
1756649129286 43.542476654052734 287
1756649129512 50.6217041015625 288
1756649129741 51.537010192871094 289
1756649129963 42.011940002441406 290
1756649130196 45.816043853759766 291
1756649130422 45.51069641113281 292
1756649130646 43.42604064941406 293
1756649130869 41.51279067993164 294
1756649131095 50.307151794433594 295
1756649131319 53.54806137084961 296
1756649131541 45.192928314208984 297
1756649131767 44.4051513671875 298
1756649131993 44.489784240722656 299
1756649140372 94.82601928710938 0
1756649140601 70.14598083496094 1
1756649140832 49.49736785888672 2
1756649141064 67.62340545654297 3
1756649141355 56.73857116699219 4
1756649141594 49.80012130737305 5
1756649141828 47.20720672607422 6
1756649142056 52.16049575805664 7
1756649142290 48.52004623413086 8
1756649142520 51.35161209106445 9
1756649142740 43.382354736328125 10
1756649142968 54.04294204711914 11
1756649143194 48.05816650390625 12
1756649143416 45.56046676635742 13
1756649143645 50.7589225769043 14
1756649143876 42.7473258972168 15
1756649144109 45.639163970947266 16
1756649144333 45.50815963745117 17
1756649144559 43.337860107421875 18
1756649144777 44.69050216674805 19
1756649145000 48.04143142700195 20
1756649145227 49.8032112121582 21
1756649145454 45.71271896362305 22
1756649145684 50.672786712646484 23
1756649145914 45.12565231323242 24
1756649146148 41.443721771240234 25
1756649146368 41.74773025512695 26
1756649146594 45.82671356201172 27
1756649146812 45.265296936035156 28
1756649147040 47.606197357177734 29
1756649147267 48.66591262817383 30
1756649147490 48.537296295166016 31
1756649147707 45.999267578125 32
1756649147931 40.88173294067383 33
1756649148154 42.221275329589844 34
1756649148381 46.54884338378906 35
1756649148607 42.114723205566406 36
1756649148832 49.08848190307617 37
1756649149055 43.4428825378418 38
1756649149277 44.40266418457031 39
1756649149499 46.78590393066406 40
1756649149730 40.85529708862305 41
1756649149960 45.114864349365234 42
1756649150194 49.22713851928711 43
1756649150422 44.373260498046875 44
1756649150647 36.17531967163086 45
1756649150874 43.584163665771484 46
1756649151103 44.214168548583984 47
1756649151327 50.05423355102539 48
1756649151553 46.858890533447266 49
1756649151785 48.84592819213867 50
1756649152018 51.288211822509766 51
1756649152245 43.387046813964844 52
1756649152469 52.74074935913086 53
1756649152701 47.63373565673828 54
1756649152925 53.49097442626953 55
1756649153163 43.23137283325195 56
1756649153384 44.8250846862793 57
1756649153609 42.036407470703125 58
1756649153840 49.234615325927734 59
1756649154061 50.1688232421875 60
1756649154282 53.270816802978516 61
1756649154511 47.621402740478516 62
1756649154737 47.70004653930664 63
1756649154978 38.52655792236328 64
1756649155229 46.17178726196289 65
1756649155456 43.89703369140625 66
1756649155693 46.497772216796875 67
1756649155915 48.98240661621094 68
1756649156142 46.63057327270508 69
1756649156368 44.594886779785156 70
1756649156596 44.37253189086914 71
1756649156820 45.471038818359375 72
1756649157053 41.72114562988281 73
1756649157279 46.761993408203125 74
1756649157505 43.35801315307617 75
1756649157735 40.854888916015625 76
1756649157962 53.40728759765625 77
1756649158191 51.47031784057617 78
1756649158423 53.245182037353516 79
1756649158652 46.08665084838867 80
1756649158876 47.198883056640625 81
1756649159102 47.04054260253906 82
1756649159330 45.91761779785156 83
1756649159559 47.95118713378906 84
1756649159787 42.49968338012695 85
1756649160020 43.49306869506836 86
1756649160243 43.09855651855469 87
1756649160465 45.71849822998047 88
1756649160693 55.21315383911133 89
1756649160917 35.34653091430664 90
1756649161137 48.58843994140625 91
1756649161372 45.05547332763672 92
1756649161595 51.97688674926758 93
1756649161822 50.40747833251953 94
1756649162052 49.7579231262207 95
1756649162285 46.618186950683594 96
1756649162514 49.46723175048828 97
1756649162741 42.56768035888672 98
1756649162969 50.44982147216797 99
1756649163201 42.756103515625 100
1756649163433 39.410491943359375 101
1756649163671 42.45065689086914 102
1756649163897 44.83820724487305 103
1756649164120 51.94292068481445 104
1756649164343 39.287052154541016 105
1756649164563 45.559661865234375 106
1756649164784 45.7037353515625 107
1756649164999 43.03703689575195 108
1756649165222 47.02737045288086 109
1756649165444 44.687679290771484 110
1756649165676 36.090030670166016 111
1756649165903 47.5255241394043 112
1756649166133 47.00035095214844 113
1756649166358 46.87761688232422 114
1756649166581 50.183841705322266 115
1756649166810 45.34642028808594 116
1756649167045 40.599674224853516 117
1756649167261 45.55095291137695 118
1756649167482 46.937015533447266 119
1756649167709 52.03898620605469 120
1756649167929 45.68485641479492 121
1756649168155 44.26530838012695 122
1756649168382 55.23118591308594 123
1756649168612 45.2257194519043 124
1756649168838 40.048744201660156 125
1756649169066 42.896156311035156 126
1756649169293 51.77985763549805 127
1756649169522 44.87410354614258 128
1756649169757 47.84404754638672 129
1756649169982 45.78862762451172 130
1756649170210 46.62698745727539 131
1756649170435 48.153316497802734 132
1756649170655 44.12300491333008 133
1756649170879 47.17232894897461 134
1756649171104 46.19765090942383 135
1756649171323 46.323307037353516 136
1756649171552 44.64047622680664 137
1756649171787 42.989871978759766 138
1756649172016 47.86833953857422 139
1756649172244 39.96397399902344 140
1756649172469 51.15752410888672 141
1756649172694 40.52726364135742 142
1756649172930 45.07571029663086 143
1756649173156 45.892906188964844 144
1756649173373 44.535125732421875 145
1756649173605 51.519859313964844 146
1756649173845 38.59811019897461 147
1756649174090 42.98344039916992 148
1756649174326 42.57002639770508 149
1756649174557 45.502132415771484 150
1756649174782 41.795074462890625 151
1756649175004 46.5496940612793 152
1756649175231 43.35273742675781 153
1756649175450 38.418968200683594 154
1756649175680 43.695011138916016 155
1756649175907 44.401817321777344 156
1756649176132 40.50129699707031 157
1756649176356 47.81551742553711 158
1756649176584 43.91067886352539 159
1756649176805 45.276973724365234 160
1756649177030 53.14500427246094 161
1756649177253 38.85951614379883 162
1756649177482 40.640602111816406 163
1756649177704 45.435630798339844 164
1756649177931 51.90692901611328 165
1756649178160 46.6264762878418 166
1756649178402 41.860347747802734 167
1756649178626 47.17446517944336 168
1756649178849 39.30804443359375 169
1756649179086 40.03013229370117 170
1756649179311 42.288108825683594 171
1756649179544 45.75526809692383 172
1756649179776 41.91320037841797 173
1756649180015 39.629241943359375 174
1756649180243 47.27494812011719 175
1756649180469 52.060951232910156 176
1756649180695 51.166587829589844 177
1756649180923 52.27662658691406 178
1756649181156 42.531124114990234 179
1756649181382 53.947574615478516 180
1756649181608 47.674705505371094 181
1756649181840 50.19428253173828 182
1756649182065 47.39398193359375 183
1756649182291 48.27012252807617 184
1756649182516 56.49851989746094 185
1756649182751 49.061119079589844 186
1756649182982 47.41004180908203 187
1756649183216 35.49878692626953 188
1756649183453 51.19896697998047 189
1756649183685 41.08490753173828 190
1756649183906 42.02894973754883 191
1756649184138 41.97480010986328 192
1756649184369 47.38285827636719 193
1756649184596 44.59947204589844 194
1756649184821 38.604000091552734 195
1756649185057 49.83994674682617 196
1756649185281 50.426822662353516 197
1756649185502 49.90547180175781 198
1756649185735 52.10822677612305 199
1756649185964 43.237342834472656 200
1756649186202 53.66477584838867 201
1756649186436 46.374698638916016 202
1756649186662 43.433502197265625 203
1756649186893 45.4495964050293 204
1756649187122 40.23953628540039 205
1756649187379 44.12786102294922 206
1756649187604 41.976924896240234 207
1756649187822 42.783180236816406 208
1756649188047 42.13978576660156 209
1756649188276 45.15071487426758 210
1756649188501 49.67655563354492 211
1756649188738 41.73735046386719 212
1756649188965 46.3863410949707 213
1756649189193 44.94272994995117 214
1756649189418 49.0013313293457 215
1756649189654 45.49720764160156 216
1756649189883 45.153446197509766 217
1756649190108 54.5673713684082 218
1756649190332 42.516990661621094 219
1756649190556 48.25720977783203 220
1756649190790 46.21968078613281 221
1756649191025 53.48196029663086 222
1756649191255 37.97113800048828 223
1756649191489 47.05677795410156 224
1756649191716 49.76826858520508 225
1756649191951 47.16227340698242 226
1756649192175 42.84246826171875 227
1756649192403 52.441978454589844 228
1756649192626 48.75880432128906 229
1756649192849 47.60088348388672 230
1756649193067 44.775882720947266 231
1756649193287 44.759368896484375 232
1756649193516 46.694610595703125 233
1756649193741 43.1844367980957 234
1756649193966 44.3714599609375 235
1756649194199 42.639503479003906 236
1756649194426 43.9565315246582 237
1756649194654 40.930274963378906 238
1756649194877 42.93723678588867 239
1756649195097 42.964508056640625 240
1756649195317 44.10100173950195 241
1756649195548 46.63967514038086 242
1756649195779 50.955902099609375 243
1756649196005 38.07204055786133 244
1756649196231 41.50429916381836 245
1756649196457 47.31943893432617 246
1756649196689 51.25309371948242 247
1756649196913 46.93146514892578 248
1756649197150 40.20555114746094 249
1756649197375 38.81428909301758 250
1756649197608 47.554073333740234 251
1756649197838 44.779449462890625 252
1756649198061 44.73572540283203 253
1756649198291 43.54010009765625 254
1756649198518 45.24415588378906 255
1756649198751 42.56548309326172 256
1756649198970 47.12329864501953 257
1756649199195 44.526100158691406 258
1756649199419 45.795719146728516 259
1756649199648 41.97416687011719 260
1756649199873 45.3438835144043 261
1756649200101 41.184146881103516 262
1756649200327 46.905452728271484 263
1756649200552 45.54559326171875 264
1756649200787 53.00410842895508 265
1756649201018 50.358951568603516 266
1756649201253 45.672454833984375 267
1756649201492 47.781246185302734 268
1756649201711 49.3355598449707 269
1756649201936 44.8580436706543 270
1756649202182 42.82503128051758 271
1756649202419 44.770103454589844 272
1756649202649 52.42173767089844 273
1756649202886 44.675045013427734 274
1756649203115 38.515785217285156 275
1756649203335 47.9946403503418 276
1756649203566 44.682552337646484 277
1756649203794 40.2132453918457 278
1756649204022 46.096405029296875 279
1756649204253 41.5624885559082 280
1756649204483 51.012691497802734 281
1756649204726 39.868743896484375 282
1756649204950 43.51586151123047 283
1756649205172 47.932403564453125 284
1756649205395 50.98951721191406 285
1756649205616 47.56019592285156 286
1756649205843 45.304603576660156 287
1756649206061 38.73355484008789 288
1756649206285 51.17337417602539 289
1756649206515 43.916236877441406 290
1756649206760 52.790042877197266 291
1756649206991 49.218990325927734 292
1756649207224 43.62257766723633 293
1756649207444 48.7216682434082 294
1756649207667 38.56937026977539 295
1756649207889 41.809181213378906 296
1756649208113 50.51850891113281 297
1756649208337 45.442073822021484 298
1756649208562 46.31841278076172 299
1756649217041 96.44790649414062 0
1756649217335 73.86953735351562 1
1756649217630 65.93710327148438 2
1756649217925 57.09776306152344 3
1756649218224 70.07760620117188 4
1756649218518 64.19867706298828 5
1756649218818 53.89836120605469 6
1756649219116 59.76557540893555 7
1756649219412 61.29597473144531 8
1756649219708 59.039100646972656 9
1756649220002 59.817562103271484 10
1756649220297 58.97370910644531 11
1756649220593 49.733943939208984 12
1756649220890 63.63473129272461 13
1756649221187 58.22257995605469 14
1756649221480 52.74214172363281 15
1756649221776 61.454612731933594 16
1756649222069 55.49880599975586 17
1756649222365 55.777034759521484 18
1756649222664 60.08450698852539 19
1756649222962 55.19854736328125 20
1756649223258 58.582218170166016 21
1756649223552 56.39498519897461 22
1756649223847 51.72976303100586 23
1756649224142 54.935302734375 24
1756649224438 54.731468200683594 25
1756649224732 59.664466857910156 26
1756649225029 56.06697082519531 27
1756649225324 57.16691589355469 28
1756649225620 51.348289489746094 29
1756649225912 53.496116638183594 30
1756649226209 58.609169006347656 31
1756649226511 56.70998764038086 32
1756649226807 59.84298324584961 33
1756649227112 63.56828308105469 34
1756649227412 56.79006576538086 35
1756649227717 64.25900268554688 36
1756649228018 55.187625885009766 37
1756649228320 59.4159049987793 38
1756649228623 54.92494201660156 39
1756649228927 58.69497299194336 40
1756649229229 45.982112884521484 41
1756649229531 50.7352294921875 42
1756649229835 57.40499496459961 43
1756649230138 57.33658218383789 44
1756649230447 58.78618240356445 45
1756649230824 51.54145812988281 46
1756649231133 56.07861328125 47
1756649231429 56.31303405761719 48
1756649231727 53.88589096069336 49
1756649232023 50.40899658203125 50
1756649232323 67.65324401855469 51
1756649232621 57.721946716308594 52
1756649232917 56.023826599121094 53
1756649233217 52.583740234375 54
1756649233511 57.69395446777344 55
1756649233811 56.42863464355469 56
1756649234110 54.617557525634766 57
1756649234418 54.20351791381836 58
1756649234717 57.627262115478516 59
1756649235014 56.592411041259766 60
1756649235311 49.322364807128906 61
1756649235610 56.337589263916016 62
1756649235906 61.23268127441406 63
1756649236205 54.56972885131836 64
1756649236501 61.8358039855957 65
1756649236802 58.87841796875 66
1756649237098 55.5505256652832 67
1756649237396 50.02167892456055 68
1756649237692 59.20573425292969 69
1756649237992 54.74461364746094 70
1756649238288 52.8436279296875 71
1756649238587 55.485530853271484 72
1756649238884 58.975074768066406 73
1756649239185 52.245662689208984 74
1756649239481 55.00429916381836 75
1756649239781 55.19490051269531 76
1756649240075 62.494117736816406 77
1756649240378 53.43060302734375 78
1756649240676 53.71958923339844 79
1756649240975 52.332828521728516 80
1756649241271 56.30244064331055 81
1756649241571 57.89156723022461 82
1756649241868 51.019718170166016 83
1756649242169 56.708763122558594 84
1756649242465 58.1380729675293 85
1756649242767 57.328914642333984 86
1756649243063 60.041748046875 87
1756649243361 53.20780944824219 88
1756649243657 48.98076248168945 89
1756649243958 48.4690055847168 90
1756649244252 50.43522644042969 91
1756649244556 59.191429138183594 92
1756649244852 48.2553825378418 93
1756649245154 55.26176834106445 94
1756649245450 54.556941986083984 95
1756649245749 55.00760269165039 96
1756649246045 48.89493179321289 97
1756649246344 51.652523040771484 98
1756649246645 52.1041259765625 99
1756649246943 48.1841926574707 100
1756649247242 63.318058013916016 101
1756649247542 59.063453674316406 102
1756649247841 57.7178955078125 103
1756649248180 56.56572341918945 104
1756649248479 56.80915451049805 105
1756649248778 56.779930114746094 106
1756649249077 49.81217956542969 107
1756649249375 50.493526458740234 108
1756649249674 58.53499984741211 109
1756649249973 62.965965270996094 110
1756649250274 58.67765808105469 111
1756649250572 53.284603118896484 112
1756649250872 41.117210388183594 113
1756649251172 48.20365905761719 114
1756649251471 50.323787689208984 115
1756649251769 47.936302185058594 116
1756649252068 52.810020446777344 117
1756649252366 54.992244720458984 118
1756649252664 52.632442474365234 119
1756649252964 57.7000846862793 120
1756649253264 60.31473159790039 121
1756649253562 48.943214416503906 122
1756649253861 57.093257904052734 123
1756649254162 51.02861022949219 124
1756649254459 58.8364143371582 125
1756649254759 58.937557220458984 126
1756649255059 62.80070877075195 127
1756649255358 59.80268859863281 128
1756649255660 53.09953308105469 129
1756649255959 62.45805358886719 130
1756649256259 52.3297233581543 131
1756649256558 50.49467468261719 132
1756649256858 54.38408279418945 133
1756649257159 49.76138687133789 134
1756649257458 50.6043815612793 135
1756649257758 57.020423889160156 136
1756649258057 61.031612396240234 137
1756649258358 53.076114654541016 138
1756649258659 58.325016021728516 139
1756649258956 53.28565979003906 140
1756649259255 57.45698165893555 141
1756649259551 56.498023986816406 142
1756649259849 55.00886154174805 143
1756649260146 58.33856201171875 144
1756649260440 58.99544906616211 145
1756649260737 56.776832580566406 146
1756649261036 60.19613265991211 147
1756649261432 49.5880012512207 148
1756649261730 52.669639587402344 149
1756649262030 55.53901290893555 150
1756649262327 54.39346694946289 151
1756649262624 52.72140121459961 152
1756649262920 54.69710922241211 153
1756649263217 55.78874588012695 154
1756649263514 61.02757263183594 155
1756649263815 50.230873107910156 156
1756649264111 59.65815734863281 157
1756649264408 52.171146392822266 158
1756649264705 53.5084228515625 159
1756649265002 61.035518646240234 160
1756649265300 58.242679595947266 161
1756649265597 50.3809928894043 162
1756649265896 60.70272445678711 163
1756649266194 55.5576286315918 164
1756649266495 57.6397819519043 165
1756649266798 48.395503997802734 166
1756649267095 54.70713806152344 167
1756649267393 59.91927719116211 168
1756649267694 61.42881774902344 169
1756649267992 54.962276458740234 170
1756649268293 52.29739761352539 171
1756649268590 56.775821685791016 172
1756649268889 57.809085845947266 173
1756649269186 55.1059455871582 174
1756649269484 54.03193283081055 175
1756649269781 50.696956634521484 176
1756649270078 54.68330001831055 177
1756649270376 53.673912048339844 178
1756649270676 58.69332504272461 179
1756649270974 60.7228889465332 180
1756649271272 56.97041320800781 181
1756649271569 51.04134750366211 182
1756649271868 54.79397964477539 183
1756649272165 57.410465240478516 184
1756649272462 60.41264724731445 185
1756649272767 58.544551849365234 186
1756649273135 62.144535064697266 187
1756649273437 55.449951171875 188
1756649273736 52.65982437133789 189
1756649274032 56.94953536987305 190
1756649274330 54.611305236816406 191
1756649274628 52.528682708740234 192
1756649274926 64.82061004638672 193
1756649275224 60.58491134643555 194
1756649275521 51.63021469116211 195
1756649275820 64.10675811767578 196
1756649276117 55.37552261352539 197
1756649276415 57.2435302734375 198
1756649276713 52.651893615722656 199
1756649277012 53.1352653503418 200
1756649277311 61.57177734375 201
1756649277609 57.957454681396484 202
1756649277906 51.7848014831543 203
1756649278203 60.5651969909668 204
1756649278499 59.572330474853516 205
1756649278794 53.42704772949219 206
1756649279090 47.700321197509766 207
1756649279388 56.66989517211914 208
1756649279686 58.38945007324219 209
1756649279983 54.309688568115234 210
1756649280281 59.19289779663086 211
1756649280580 54.615821838378906 212
1756649280879 54.6170539855957 213
1756649281177 55.96177673339844 214
1756649281475 56.372196197509766 215
1756649281774 57.161476135253906 216
1756649282070 55.323055267333984 217
1756649282367 58.86067199707031 218
1756649282665 53.67220687866211 219
1756649282963 59.14242172241211 220
1756649283261 61.1087760925293 221
1756649283559 55.361656188964844 222
1756649283861 57.469947814941406 223
1756649284156 51.72932052612305 224
1756649284453 53.650352478027344 225
1756649284750 61.398048400878906 226
1756649285047 58.18000411987305 227
1756649285347 54.74319839477539 228
1756649285644 50.71725082397461 229
1756649285941 53.51529312133789 230
1756649286239 62.549617767333984 231
1756649286535 48.85342788696289 232
1756649286832 60.86515808105469 233
1756649287128 54.660682678222656 234
1756649287425 54.813724517822266 235
1756649287721 53.95515060424805 236
1756649288018 48.73312759399414 237
1756649288317 57.18815612792969 238
1756649288616 56.58841323852539 239
1756649288913 57.68500900268555 240
1756649289210 61.792137145996094 241
1756649289507 61.7957878112793 242
1756649289804 56.265953063964844 243
1756649290101 53.431617736816406 244
1756649290399 51.37825012207031 245
1756649290698 59.5437126159668 246
1756649290994 57.73916244506836 247
1756649291294 49.58592224121094 248
1756649291592 56.29385757446289 249
1756649291890 58.31584548950195 250
1756649292188 53.358985900878906 251
1756649292486 57.26864242553711 252
1756649292784 59.429283142089844 253
1756649293082 54.224063873291016 254
1756649293381 58.352962493896484 255
1756649293678 56.671470642089844 256
1756649293976 51.1770133972168 257
1756649294275 57.15291976928711 258
1756649294573 59.837345123291016 259
1756649294871 55.48870849609375 260
1756649295167 48.81020736694336 261
1756649295463 55.456214904785156 262
1756649295763 54.018497467041016 263
1756649296063 54.997947692871094 264
1756649296361 61.122982025146484 265
1756649296658 54.825748443603516 266
1756649296955 55.3065071105957 267
1756649297252 54.33879470825195 268
1756649297550 52.98103332519531 269
1756649297847 53.974552154541016 270
1756649298144 57.511962890625 271
1756649298441 67.3814926147461 272
1756649298740 56.7241325378418 273
1756649299050 53.7979621887207 274
1756649299349 46.87948226928711 275
1756649299647 58.11405944824219 276
1756649299944 57.476802825927734 277
1756649300243 58.10126876831055 278
1756649300539 56.288875579833984 279
1756649300838 55.411556243896484 280
1756649301133 52.23976135253906 281
1756649301430 57.09614181518555 282
1756649301731 60.908592224121094 283
1756649302027 52.24344253540039 284
1756649302324 54.442138671875 285
1756649302621 64.57726287841797 286
1756649302919 54.5166130065918 287
1756649303218 52.63156509399414 288
1756649303516 49.921268463134766 289
1756649303816 50.92337417602539 290
1756649304113 56.2801628112793 291
1756649304414 55.537574768066406 292
1756649304724 54.889991760253906 293
1756649305025 57.222286224365234 294
1756649305322 49.72050476074219 295
1756649305619 53.227046966552734 296
1756649305917 57.792236328125 297
1756649306214 56.6037712097168 298
1756649306510 57.842567443847656 299
1756649314989 97.81675720214844 0
1756649315288 83.50292205810547 1
1756649315589 64.38258361816406 2
1756649315890 63.67629623413086 3
1756649316190 58.727264404296875 4
1756649316490 48.42700958251953 5
1756649316794 57.98640060424805 6
1756649317093 59.45143127441406 7
1756649317397 62.50699996948242 8
1756649317696 62.92216491699219 9
1756649318003 56.003517150878906 10
1756649318304 53.8758659362793 11
1756649318603 55.95625305175781 12
1756649318903 62.57167434692383 13
1756649319203 53.31572723388672 14
1756649319503 56.791839599609375 15
1756649319805 53.6937255859375 16
1756649320106 57.30576705932617 17
1756649320406 48.77590560913086 18
1756649320705 49.37569046020508 19
1756649321007 59.95201110839844 20
1756649321307 56.28181076049805 21
1756649321607 53.98395919799805 22
1756649321907 57.224456787109375 23
1756649322207 51.04487228393555 24
1756649322506 63.32752227783203 25
1756649322807 56.38451385498047 26
1756649323184 56.55738067626953 27
1756649323484 58.01869583129883 28
1756649323784 57.1284065246582 29
1756649324083 52.323768615722656 30
1756649324383 54.978755950927734 31
1756649324683 54.8544921875 32
1756649324984 57.55241775512695 33
1756649325284 57.521121978759766 34
1756649325585 60.072113037109375 35
1756649325886 57.28667068481445 36
1756649326186 58.22324752807617 37
1756649326487 55.591835021972656 38
1756649326788 67.82469940185547 39
1756649327090 54.67026901245117 40
1756649327390 53.779396057128906 41
1756649327690 55.7288932800293 42
1756649327991 55.96281433105469 43
1756649328292 59.231468200683594 44
1756649328594 48.83836364746094 45
1756649328893 61.1541633605957 46
1756649329195 54.47031784057617 47
1756649329495 53.17866134643555 48
1756649329796 52.046112060546875 49
1756649330098 59.168731689453125 50
1756649330402 59.936126708984375 51
1756649330715 57.46990203857422 52
1756649331021 55.96400451660156 53
1756649331340 52.41966247558594 54
1756649331650 60.08675003051758 55
1756649331957 57.702308654785156 56
1756649332265 51.06119918823242 57
1756649332575 57.560367584228516 58
1756649332891 55.544124603271484 59
1756649333193 55.72401809692383 60
1756649333507 67.69136810302734 61
1756649333821 56.316890716552734 62
1756649334131 60.68856430053711 63
1756649334437 60.31235122680664 64
1756649334744 58.433555603027344 65
1756649335045 54.300865173339844 66
1756649335346 50.01537322998047 67
1756649335646 59.191993713378906 68
1756649335949 53.872650146484375 69
1756649336249 55.04508590698242 70
1756649336550 57.49534606933594 71
1756649336855 57.63129806518555 72
1756649337157 60.11469650268555 73
1756649337459 51.90955352783203 74
1756649337761 51.60108947753906 75
1756649338063 59.08590316772461 76
1756649338364 50.91441345214844 77
1756649338665 62.41474151611328 78
1756649338969 51.21638488769531 79
1756649339272 57.622798919677734 80
1756649339573 50.9267692565918 81
1756649339874 55.624839782714844 82
1756649340176 55.282901763916016 83
1756649340479 59.178131103515625 84
1756649340780 48.02555465698242 85
1756649341081 51.17607879638672 86
1756649341383 58.18304443359375 87
1756649341688 55.93622589111328 88
1756649341990 53.986724853515625 89
1756649342292 55.660892486572266 90
1756649342592 52.00979995727539 91
1756649342894 45.91547393798828 92
1756649343195 62.12576675415039 93
1756649343498 54.614925384521484 94
1756649343800 59.08323669433594 95
1756649344101 59.01955795288086 96
1756649344404 55.991031646728516 97
1756649344705 56.711036682128906 98
1756649345006 56.70878219604492 99
1756649345308 65.08448028564453 100
1756649345610 55.36653518676758 101
1756649345911 52.087669372558594 102
1756649346212 60.268218994140625 103
1756649346514 59.668670654296875 104
1756649346816 58.73994827270508 105
1756649347118 55.14558029174805 106
1756649347420 52.493568420410156 107
1756649347722 54.80730438232422 108
1756649348023 56.364654541015625 109
1756649348326 52.81309127807617 110
1756649348627 54.002464294433594 111
1756649348939 57.7294807434082 112
1756649349250 55.8193359375 113
1756649349551 53.17884826660156 114
1756649349861 55.01984405517578 115
1756649350163 55.018402099609375 116
1756649350466 55.717933654785156 117
1756649350769 48.91835403442383 118
1756649351071 54.216636657714844 119
1756649351374 55.796607971191406 120
1756649351675 58.32623291015625 121
1756649351983 60.6683464050293 122
1756649352286 55.93047332763672 123
1756649352589 56.6937370300293 124
1756649352891 58.82867431640625 125
1756649353192 52.42500686645508 126
1756649353493 50.61678695678711 127
1756649353794 55.52513885498047 128
1756649354096 58.34379577636719 129
1756649354397 55.093101501464844 130
1756649354699 60.451080322265625 131
1756649355002 55.30255889892578 132
1756649355305 51.36830139160156 133
1756649355607 55.66278839111328 134
1756649355910 50.95064926147461 135
1756649356213 60.197086334228516 136
1756649356516 63.73989486694336 137
1756649356817 53.28068542480469 138
1756649357120 49.2003288269043 139
1756649357421 56.59798049926758 140
1756649357723 51.11151885986328 141
1756649358025 54.1634521484375 142
1756649358329 57.99871063232422 143
1756649358631 57.0512580871582 144
1756649358932 60.92922592163086 145
1756649359235 60.712730407714844 146
1756649359538 54.3291015625 147
1756649359840 55.88451385498047 148
1756649360141 67.93645477294922 149
1756649360443 54.904109954833984 150
1756649360744 52.28160095214844 151
1756649361051 49.610801696777344 152
1756649361353 56.83911895751953 153
1756649361654 58.65476989746094 154
1756649361962 55.16282272338867 155
1756649362264 60.68918991088867 156
1756649362566 56.244178771972656 157
1756649362868 55.41862106323242 158
1756649363170 56.913578033447266 159
1756649363477 50.92641830444336 160
1756649363781 53.24124526977539 161
1756649364086 53.11921691894531 162
1756649364388 68.35997009277344 163
1756649364691 53.13238525390625 164
1756649364994 55.19984436035156 165
1756649365297 56.74284744262695 166
1756649365605 53.63064956665039 167
1756649365976 48.112327575683594 168
1756649366277 58.89494705200195 169
1756649366580 55.258026123046875 170
1756649366888 53.895599365234375 171
1756649367190 48.36743927001953 172
1756649367493 60.980342864990234 173
1756649367797 54.32493209838867 174
1756649368107 58.19627380371094 175
1756649368412 54.391536712646484 176
1756649368714 65.189453125 177
1756649369015 57.64479446411133 178
1756649369317 58.4066276550293 179
1756649369620 53.757110595703125 180
1756649369922 58.32659912109375 181
1756649370225 58.18727111816406 182
1756649370526 56.48854446411133 183
1756649370829 49.61171340942383 184
1756649371130 53.192115783691406 185
1756649371432 55.093650817871094 186
1756649371735 53.77851867675781 187
1756649372037 60.36600112915039 188
1756649372340 55.3614501953125 189
1756649372641 62.100074768066406 190
1756649372944 52.766178131103516 191
1756649373245 64.52276611328125 192
1756649373547 55.44208526611328 193
1756649373852 50.468082427978516 194
1756649374158 57.18382263183594 195
1756649374460 55.39564895629883 196
1756649374764 59.79610824584961 197
1756649375066 57.547176361083984 198
1756649375373 51.79484558105469 199
1756649375677 57.409278869628906 200
1756649375982 58.29920196533203 201
1756649376284 54.954986572265625 202
1756649376586 54.502532958984375 203
1756649376889 52.179412841796875 204
1756649377192 64.5901870727539 205
1756649377498 59.91912078857422 206
1756649377801 58.43855285644531 207
1756649378104 57.59193420410156 208
1756649378410 57.701744079589844 209
1756649378713 57.20160675048828 210
1756649379017 52.08168029785156 211
1756649379323 61.2216796875 212
1756649379626 61.23573684692383 213
1756649379929 60.118690490722656 214
1756649380231 63.394039154052734 215
1756649380533 56.58867645263672 216
1756649380835 60.824893951416016 217
1756649381207 60.31672286987305 218
1756649381539 57.87372589111328 219
1756649381843 57.723724365234375 220
1756649382146 58.421348571777344 221
1756649382470 50.36549758911133 222
1756649382773 51.786781311035156 223
1756649383077 54.751373291015625 224
1756649383379 55.23344421386719 225
1756649383682 59.37550354003906 226
1756649383985 55.30896759033203 227
1756649384286 52.28981399536133 228
1756649384587 53.36313247680664 229
1756649384888 53.36689758300781 230
1756649385190 54.899253845214844 231
1756649385491 53.70005798339844 232
1756649385796 52.05485153198242 233
1756649386098 61.01424789428711 234
1756649386402 53.9160270690918 235
1756649386704 55.751338958740234 236
1756649387010 48.77271270751953 237
1756649387311 48.5750846862793 238
1756649387613 62.80925369262695 239
1756649387915 55.339271545410156 240
1756649388217 56.026214599609375 241
1756649388519 51.55583953857422 242
1756649388823 53.22224426269531 243
1756649389126 53.037086486816406 244
1756649389428 57.9068489074707 245
1756649389730 59.50882339477539 246
1756649390035 51.03015899658203 247
1756649390338 54.42919921875 248
1756649390639 61.87965393066406 249
1756649390941 49.47251510620117 250
1756649391245 51.47066879272461 251
1756649391547 57.558921813964844 252
1756649391853 56.923118591308594 253
1756649392153 61.8135986328125 254
1756649392454 49.82281494140625 255
1756649392755 55.23197937011719 256
1756649393057 54.92287826538086 257
1756649393359 56.45584487915039 258
1756649393662 53.851463317871094 259
1756649393963 64.06063079833984 260
1756649394265 48.85845184326172 261
1756649394565 54.14476776123047 262
1756649394867 56.296287536621094 263
1756649395169 54.92213821411133 264
1756649395470 60.0994987487793 265
1756649395779 56.32881546020508 266
1756649396081 49.1490592956543 267
1756649396383 54.361907958984375 268
1756649396687 59.837223052978516 269
1756649396989 56.75767135620117 270
1756649397290 60.74382400512695 271
1756649397593 59.729976654052734 272
1756649397895 57.287811279296875 273
1756649398200 53.67029571533203 274
1756649398501 49.80365753173828 275
1756649398805 58.08156967163086 276
1756649399108 49.4682731628418 277
1756649399410 58.278194427490234 278
1756649399714 53.00409698486328 279
1756649400016 53.17628479003906 280
1756649400319 59.37159729003906 281
1756649400620 60.086402893066406 282
1756649400923 65.22281646728516 283
1756649401225 57.0401611328125 284
1756649401528 56.04945755004883 285
1756649401830 55.83614730834961 286
1756649402131 59.64472198486328 287
1756649402435 52.58147048950195 288
1756649402737 58.574005126953125 289
1756649403039 56.922279357910156 290
1756649403342 55.8219108581543 291
1756649403643 58.5894660949707 292
1756649403949 60.019344329833984 293
1756649404250 53.65361785888672 294
1756649404552 49.17115020751953 295
1756649404854 62.28779983520508 296
1756649405155 54.9884033203125 297
1756649405457 53.45838165283203 298
1756649405759 59.95331573486328 299
1756649414225 95.28081512451172 0
1756649414553 65.39810180664062 1
1756649414871 62.196128845214844 2
1756649415185 56.067081451416016 3
1756649415510 53.37405776977539 4
1756649415825 54.0536003112793 5
1756649416146 48.08883285522461 6
1756649416465 42.82244873046875 7
1756649416854 44.69636154174805 8
1756649417201 48.35087585449219 9
1756649417519 52.46479797363281 10
1756649417837 53.99859619140625 11
1756649418157 50.54084777832031 12
1756649418466 53.1132926940918 13
1756649418776 45.750221252441406 14
1756649419086 61.741878509521484 15
1756649419418 46.6245002746582 16
1756649419737 48.328006744384766 17
1756649420070 48.089073181152344 18
1756649420395 44.73311996459961 19
1756649420723 51.943580627441406 20
1756649421046 43.79310989379883 21
1756649421377 40.40048599243164 22
1756649421710 36.86759948730469 23
1756649422037 52.410396575927734 24
1756649422354 45.04768371582031 25
1756649422660 51.43119812011719 26
1756649422979 51.19677734375 27
1756649423315 50.556087493896484 28
1756649423636 56.69510269165039 29
1756649423954 46.630428314208984 30
1756649424280 40.09023666381836 31
1756649424609 50.637874603271484 32
1756649424922 50.294189453125 33
1756649425253 56.279212951660156 34
1756649425578 50.64034652709961 35
1756649425903 46.5396728515625 36
1756649426235 47.9410514831543 37
1756649426558 46.5806884765625 38
1756649426881 43.49574661254883 39
1756649427205 40.95933532714844 40
1756649427526 52.243385314941406 41
1756649427841 40.68227005004883 42
1756649428160 45.31659698486328 43
1756649428475 47.829166412353516 44
1756649428801 44.89277648925781 45
1756649429120 41.524940490722656 46
1756649429451 42.84734344482422 47
1756649429783 54.64065170288086 48
1756649430122 45.89809799194336 49
1756649430440 45.391273498535156 50
1756649430782 56.1257438659668 51
1756649431130 45.58482360839844 52
1756649431455 56.83634948730469 53
1756649431774 51.3707275390625 54
1756649432093 51.14638900756836 55
1756649432407 47.82693862915039 56
1756649432728 50.59138488769531 57
1756649433059 52.753883361816406 58
1756649433392 44.243408203125 59
1756649433730 46.2715950012207 60
1756649434055 38.03832244873047 61
1756649434375 48.070289611816406 62
1756649434692 50.1463508605957 63
1756649435017 51.076473236083984 64
1756649435347 43.6435432434082 65
1756649435666 49.9303092956543 66
1756649435986 45.4787483215332 67
1756649436301 42.815921783447266 68
1756649436628 41.851749420166016 69
1756649436963 45.13706970214844 70
1756649437284 49.19450378417969 71
1756649437604 48.22517395019531 72
1756649437929 51.297306060791016 73
1756649438253 53.279762268066406 74
1756649438579 47.504947662353516 75
1756649438898 41.830265045166016 76
1756649439218 45.4814338684082 77
1756649439537 52.59579086303711 78
1756649439870 48.792171478271484 79
1756649440194 50.567710876464844 80
1756649440516 45.06138610839844 81
1756649440845 49.08148193359375 82
1756649441156 46.211692810058594 83
1756649441474 43.549564361572266 84
1756649441798 45.93367004394531 85
1756649442126 41.548213958740234 86
1756649442457 45.37246322631836 87
1756649442773 40.85366439819336 88
1756649443117 47.04371643066406 89
1756649443434 43.11623764038086 90
1756649443749 47.099937438964844 91
1756649444061 42.31343078613281 92
1756649444378 42.84150695800781 93
1756649444705 51.607845306396484 94
1756649445025 48.93571472167969 95
1756649445352 43.25347900390625 96
1756649445667 55.85514831542969 97
1756649445979 42.226173400878906 98
1756649446303 50.59999084472656 99
1756649446624 43.362586975097656 100
1756649446951 47.07626724243164 101
1756649447277 47.146339416503906 102
1756649447588 45.32337951660156 103
1756649447909 42.179195404052734 104
1756649448250 40.56610107421875 105
1756649448573 46.071529388427734 106
1756649448907 50.398193359375 107
1756649449243 36.58338928222656 108
1756649449571 51.340023040771484 109
1756649449882 51.435401916503906 110
1756649450212 42.780250549316406 111
1756649450545 53.31193542480469 112
1756649450880 44.06214904785156 113
1756649451202 43.687557220458984 114
1756649451528 44.77483367919922 115
1756649451857 45.646053314208984 116
1756649452177 43.334999084472656 117
1756649452488 50.568824768066406 118
1756649452806 48.399837493896484 119
1756649453120 46.151451110839844 120
1756649453452 46.501731872558594 121
1756649453767 44.39582443237305 122
1756649454102 48.8000373840332 123
1756649454426 51.79709243774414 124
1756649454753 48.36991882324219 125
1756649455070 44.98306655883789 126
1756649455393 41.72633361816406 127
1756649455714 47.077781677246094 128
1756649456047 52.876609802246094 129
1756649456365 46.62765884399414 130
1756649456686 48.17219543457031 131
1756649457019 55.267154693603516 132
1756649457334 45.630672454833984 133
1756649457662 45.01558303833008 134
1756649457985 48.43294906616211 135
1756649458308 50.14936447143555 136
1756649458636 46.534908294677734 137
1756649458962 42.627471923828125 138
1756649459285 52.72474670410156 139
1756649459604 47.6430778503418 140
1756649459930 51.98942947387695 141
1756649460254 46.34355163574219 142
1756649460576 52.771034240722656 143
1756649460903 46.30337905883789 144
1756649461229 42.49492645263672 145
1756649461565 44.786537170410156 146
1756649461879 42.913475036621094 147
1756649462200 51.463172912597656 148
1756649462613 44.847957611083984 149
1756649462935 52.274532318115234 150
1756649463260 44.551815032958984 151
1756649463583 47.8221321105957 152
1756649463911 55.21047592163086 153
1756649464237 52.764686584472656 154
1756649464557 49.993553161621094 155
1756649464884 41.8983268737793 156
1756649465203 47.585628509521484 157
1756649465531 52.66973876953125 158
1756649465857 47.74314880371094 159
1756649466188 44.295047760009766 160
1756649466533 47.911930084228516 161
1756649466855 46.81657409667969 162
1756649467190 44.921058654785156 163
1756649467515 44.498172760009766 164
1756649467845 46.94462585449219 165
1756649468165 43.281028747558594 166
1756649468494 49.3410758972168 167
1756649468821 48.10791015625 168
1756649469132 45.593162536621094 169
1756649469455 44.05388259887695 170
1756649469773 61.0406608581543 171
1756649470102 48.64728927612305 172
1756649470423 41.45314407348633 173
1756649470749 43.155765533447266 174
1756649471083 42.16998291015625 175
1756649471402 46.42059326171875 176
1756649471727 44.45248794555664 177
1756649472049 44.662540435791016 178
1756649472369 45.97064971923828 179
1756649472709 41.3203239440918 180
1756649473039 44.57557678222656 181
1756649473355 46.365177154541016 182
1756649473679 44.9666748046875 183
1756649474002 45.48719787597656 184
1756649474330 41.85234451293945 185
1756649474655 47.5228385925293 186
1756649474983 55.28030776977539 187
1756649475314 43.713775634765625 188
1756649475639 46.7601432800293 189
1756649475973 52.089927673339844 190
1756649476296 46.48813247680664 191
1756649476621 45.98946762084961 192
1756649476958 46.08256912231445 193
1756649477278 49.988807678222656 194
1756649477600 48.94260025024414 195
1756649477926 53.635555267333984 196
1756649478250 47.34495544433594 197
1756649478587 46.600929260253906 198
1756649478934 42.320640563964844 199
1756649479263 40.19123077392578 200
1756649479590 43.74806213378906 201
1756649479933 43.925533294677734 202
1756649480257 46.488521575927734 203
1756649480584 43.268760681152344 204
1756649480926 49.4062614440918 205
1756649481264 43.758689880371094 206
1756649481583 51.008216857910156 207
1756649481910 41.86333084106445 208
1756649482231 54.194114685058594 209
1756649482554 50.86640930175781 210
1756649482880 48.39656066894531 211
1756649483208 47.937808990478516 212
1756649483547 48.259071350097656 213
1756649483878 47.9668083190918 214
1756649484198 43.08206558227539 215
1756649484517 46.817928314208984 216
1756649484842 50.95169448852539 217
1756649485161 46.147464752197266 218
1756649485483 60.383079528808594 219
1756649485809 48.76179122924805 220
1756649486146 50.96803283691406 221
1756649486481 44.53670120239258 222
1756649486804 58.70975112915039 223
1756649487124 48.02652359008789 224
1756649487443 47.935401916503906 225
1756649487768 50.416481018066406 226
1756649488109 42.189144134521484 227
1756649488438 47.64111328125 228
1756649488767 53.578975677490234 229
1756649489087 49.971046447753906 230
1756649489405 44.65028381347656 231
1756649489740 48.77408218383789 232
1756649490080 52.145484924316406 233
1756649490405 52.9047966003418 234
1756649490723 46.575355529785156 235
1756649491053 45.136474609375 236
1756649491376 51.00019836425781 237
1756649491709 52.5821418762207 238
1756649492028 42.509220123291016 239
1756649492348 44.06882858276367 240
1756649492673 49.59378433227539 241
1756649492997 43.346614837646484 242
1756649493317 52.049949645996094 243
1756649493650 52.617122650146484 244
1756649493980 56.18775939941406 245
1756649494305 47.250301361083984 246
1756649494636 57.7646484375 247
1756649494963 45.864585876464844 248
1756649495302 55.69548034667969 249
1756649495642 43.2075080871582 250
1756649495961 43.93703842163086 251
1756649496293 47.2464714050293 252
1756649496616 51.24478530883789 253
1756649496935 41.309818267822266 254
1756649497267 52.52009582519531 255
1756649497590 49.34294128417969 256
1756649497914 44.34988784790039 257
1756649498240 49.11660385131836 258
1756649498577 44.706180572509766 259
1756649498896 47.257572174072266 260
1756649499225 44.33692169189453 261
1756649499552 46.283470153808594 262
1756649499881 46.30809020996094 263
1756649500226 52.30206298828125 264
1756649500557 43.53294372558594 265
1756649500882 51.62484359741211 266
1756649501266 50.698055267333984 267
1756649501600 43.303707122802734 268
1756649501930 47.391456604003906 269
1756649502257 43.025814056396484 270
1756649502582 52.296470642089844 271
1756649502902 45.670310974121094 272
1756649503224 48.20064926147461 273
1756649503546 49.24696350097656 274
1756649503864 39.085941314697266 275
1756649504199 38.364070892333984 276
1756649504525 38.55664825439453 277
1756649504850 48.1473503112793 278
1756649505177 45.06254959106445 279
1756649505500 52.921791076660156 280
1756649505819 45.73740005493164 281
1756649506136 48.94552993774414 282
1756649506464 49.0754280090332 283
1756649506790 46.049072265625 284
1756649507111 42.54904556274414 285
1756649507438 55.4913215637207 286
1756649507765 46.634788513183594 287
1756649508095 39.108558654785156 288
1756649508427 49.291080474853516 289
1756649508879 40.99995422363281 290
1756649509209 42.09295654296875 291
1756649509530 47.1030387878418 292
1756649509862 42.24851989746094 293
1756649510192 50.9598388671875 294
1756649510521 45.20756530761719 295
1756649510848 48.978233337402344 296
1756649511168 46.194087982177734 297
1756649511480 46.41033172607422 298
1756649511795 47.99972152709961 299
1756649520296 95.05724334716797 0
1756649520625 65.10990905761719 1
1756649520960 60.76118469238281 2
1756649521285 47.531341552734375 3
1756649521613 57.92638397216797 4
1756649521945 57.3530158996582 5
1756649522262 44.00508499145508 6
1756649522588 54.2962532043457 7
1756649522917 51.67171096801758 8
1756649523255 44.566070556640625 9
1756649523589 41.26005935668945 10
1756649523940 38.82984924316406 11
1756649524274 48.900306701660156 12
1756649524602 47.74371337890625 13
1756649524919 48.992271423339844 14
1756649525241 43.715065002441406 15
1756649525556 47.69611740112305 16
1756649525885 48.50257873535156 17
1756649526211 49.063480377197266 18
1756649526542 47.58232116699219 19
1756649526876 54.31505584716797 20
1756649527217 50.5467529296875 21
1756649527537 58.18032455444336 22
1756649527869 46.72870635986328 23
1756649528199 46.00384521484375 24
1756649528522 49.24970245361328 25
1756649528843 48.960113525390625 26
1756649529170 48.0487060546875 27
1756649529506 49.140316009521484 28
1756649529848 49.16661834716797 29
1756649530172 49.456443786621094 30
1756649530488 51.016265869140625 31
1756649530808 47.3311653137207 32
1756649531138 52.189849853515625 33
1756649531461 52.918785095214844 34
1756649531788 45.51119613647461 35
1756649532111 47.605064392089844 36
1756649532435 50.110923767089844 37
1756649532780 53.99956130981445 38
1756649533105 50.59685516357422 39
1756649533426 49.66546630859375 40
1756649533761 38.54594802856445 41
1756649534101 40.593772888183594 42
1756649534427 50.443355560302734 43
1756649534763 47.09526443481445 44
1756649535088 51.92644500732422 45
1756649535410 46.04200744628906 46
1756649535739 53.397789001464844 47
1756649536058 51.90025329589844 48
1756649536380 50.987205505371094 49
1756649536711 51.67805862426758 50
1756649537043 46.60329055786133 51
1756649537360 45.94232940673828 52
1756649537695 44.14982986450195 53
1756649538023 43.54115676879883 54
1756649538347 50.012027740478516 55
1756649538675 48.62009048461914 56
1756649539004 52.38911056518555 57
1756649539323 44.293460845947266 58
1756649539653 43.89530563354492 59
1756649539988 49.12895202636719 60
1756649540316 55.754573822021484 61
1756649540640 48.855384826660156 62
1756649540998 53.78257369995117 63
1756649541335 42.3897705078125 64
1756649541666 49.18410873413086 65
1756649541998 50.0916862487793 66
1756649542332 50.06850051879883 67
1756649542654 42.005619049072266 68
1756649542987 44.87550354003906 69
1756649543308 52.455867767333984 70
1756649543647 40.545494079589844 71
1756649543973 56.84333419799805 72
1756649544306 50.53523254394531 73
1756649544632 44.477508544921875 74
1756649544959 42.31694793701172 75
1756649545294 46.62778854370117 76
1756649545622 46.06838607788086 77
1756649545950 52.64991760253906 78
1756649546283 52.592220306396484 79
1756649546611 46.034996032714844 80
1756649546926 51.77754211425781 81
1756649547254 52.55491638183594 82
1756649547579 44.866737365722656 83
1756649547906 50.9404296875 84
1756649548244 51.312835693359375 85
1756649548573 43.96608352661133 86
1756649548894 52.531776428222656 87
1756649549236 49.335350036621094 88
1756649549560 41.434391021728516 89
1756649549882 43.05337142944336 90
1756649550206 51.312400817871094 91
1756649550537 47.321929931640625 92
1756649550877 46.19136047363281 93
1756649551216 49.394309997558594 94
1756649551541 42.22958755493164 95
1756649551868 47.009063720703125 96
1756649552187 46.18745422363281 97
1756649552516 47.911495208740234 98
1756649552850 45.02711868286133 99
1756649553184 47.28068542480469 100
1756649553510 49.52923583984375 101
1756649553842 47.78425216674805 102
1756649554165 50.15386962890625 103
1756649554495 45.0284538269043 104
1756649554820 47.907501220703125 105
1756649555152 49.0103645324707 106
1756649555490 57.27858352661133 107
1756649555822 51.63410186767578 108
1756649556167 44.95256423950195 109
1756649556500 49.727787017822266 110
1756649556856 45.34697723388672 111
1756649557189 54.193687438964844 112
1756649557505 55.68889236450195 113
1756649557823 53.368099212646484 114
1756649558146 50.47498321533203 115
1756649558471 54.12273406982422 116
1756649558800 42.960411071777344 117
1756649559120 50.19004440307617 118
1756649559453 48.88973617553711 119
1756649559775 49.66050338745117 120
1756649560096 53.05147933959961 121
1756649560422 42.7518196105957 122
1756649560757 52.13325119018555 123
1756649561092 49.86190414428711 124
1756649561426 51.550880432128906 125
1756649561746 52.381351470947266 126
1756649562078 41.763057708740234 127
1756649562407 43.8551025390625 128
1756649562731 46.18803405761719 129
1756649563143 47.69914245605469 130
1756649563479 47.314876556396484 131
1756649563799 45.18638229370117 132
1756649564126 52.43979263305664 133
1756649564454 46.860286712646484 134
1756649564778 52.41086959838867 135
1756649565106 54.89792251586914 136
1756649565437 46.65591049194336 137
1756649565766 49.129661560058594 138
1756649566093 46.452064514160156 139
1756649566416 44.5401611328125 140
1756649566760 44.3951301574707 141
1756649567092 47.927032470703125 142
1756649567422 43.715187072753906 143
1756649567753 44.8436164855957 144
1756649568090 40.366851806640625 145
1756649568435 46.41360092163086 146
1756649568757 45.51850891113281 147
1756649569087 45.74362564086914 148
1756649569419 52.25090026855469 149
1756649569751 44.97940444946289 150
1756649570088 51.31420135498047 151
1756649570413 51.989830017089844 152
1756649570734 43.629722595214844 153
1756649571057 44.969295501708984 154
1756649571386 43.82345199584961 155
1756649571711 46.818233489990234 156
1756649572050 45.97237014770508 157
1756649572384 48.78380584716797 158
1756649572718 52.32448196411133 159
1756649573060 39.600433349609375 160
1756649573390 49.744239807128906 161
1756649573737 48.715457916259766 162
1756649574060 46.08463668823242 163
1756649574376 37.18012619018555 164
1756649574700 55.44956970214844 165
1756649575020 42.88725280761719 166
1756649575359 40.757537841796875 167
1756649575685 47.88737869262695 168
1756649576020 39.97317886352539 169
1756649576344 48.31321716308594 170
1756649576659 49.57830047607422 171
1756649576995 47.44011306762695 172
1756649577325 45.40398025512695 173
1756649577658 45.78055953979492 174
1756649577983 50.61167907714844 175
1756649578318 52.57389450073242 176
1756649578639 47.67597961425781 177
1756649578972 44.40750503540039 178
1756649579303 44.971588134765625 179
1756649579629 42.35888671875 180
1756649579954 50.20040512084961 181
1756649580282 48.734046936035156 182
1756649580613 51.0538444519043 183
1756649580947 51.93354415893555 184
1756649581271 44.64052963256836 185
1756649581608 44.67368698120117 186
1756649581927 48.4708137512207 187
1756649582247 47.27436447143555 188
1756649582571 46.813377380371094 189
1756649582894 43.69180679321289 190
1756649583220 46.0963249206543 191
1756649583553 46.996490478515625 192
1756649583890 48.700069427490234 193
1756649584220 50.5932731628418 194
1756649584539 47.082759857177734 195
1756649584869 45.37846374511719 196
1756649585195 49.145748138427734 197
1756649585531 42.250885009765625 198
1756649585862 44.22544860839844 199
1756649586192 46.981781005859375 200
1756649586515 45.44755172729492 201
1756649586841 50.736656188964844 202
1756649587176 48.262184143066406 203
1756649587508 50.941097259521484 204
1756649587835 45.65465545654297 205
1756649588162 52.2811164855957 206
1756649588493 43.898216247558594 207
1756649588816 52.140316009521484 208
1756649589157 50.62130355834961 209
1756649589495 46.8338737487793 210
1756649589820 53.36650848388672 211
1756649590158 40.09883117675781 212
1756649590488 49.18095016479492 213
1756649590807 50.78822708129883 214
1756649591127 44.04279708862305 215
1756649591454 55.32677459716797 216
1756649591788 47.21598434448242 217
1756649592105 45.170921325683594 218
1756649592435 49.32867431640625 219
1756649592775 44.54496765136719 220
1756649593106 47.547115325927734 221
1756649593446 42.53450393676758 222
1756649593784 41.353057861328125 223
1756649594116 55.389434814453125 224
1756649594440 47.8262939453125 225
1756649594774 47.03813934326172 226
1756649595109 45.653560638427734 227
1756649595430 46.011329650878906 228
1756649595753 51.05786895751953 229
1756649596079 49.3390007019043 230
1756649596403 46.45839309692383 231
1756649596728 41.486602783203125 232
1756649597055 46.75554275512695 233
1756649597376 50.304264068603516 234
1756649597696 52.0313835144043 235
1756649598027 43.904823303222656 236
1756649598365 50.376888275146484 237
1756649598712 52.8231315612793 238
1756649599046 44.41605758666992 239
1756649599364 51.683685302734375 240
1756649599691 50.2716064453125 241
1756649600010 50.81077575683594 242
1756649600333 41.85585021972656 243
1756649600654 43.83300018310547 244
1756649600975 47.14481735229492 245
1756649601318 47.606346130371094 246
1756649601645 47.3160400390625 247
1756649601981 51.023345947265625 248
1756649602323 51.73675537109375 249
1756649602642 50.74602127075195 250
1756649602972 47.88899612426758 251
1756649603313 52.987369537353516 252
1756649603638 50.04325485229492 253
1756649603971 37.86486053466797 254
1756649604296 47.133792877197266 255
1756649604617 49.960716247558594 256
1756649604946 46.048255920410156 257
1756649605279 47.08787536621094 258
1756649605604 46.1513786315918 259
1756649605927 50.070892333984375 260
1756649606245 50.790130615234375 261
1756649606562 52.197757720947266 262
1756649606884 49.78465270996094 263
1756649607212 41.98719024658203 264
1756649607533 49.06684112548828 265
1756649607851 49.94289779663086 266
1756649608221 50.71512985229492 267
1756649608550 49.93449783325195 268
1756649608876 48.49898910522461 269
1756649609209 49.894535064697266 270
1756649609667 42.720420837402344 271
1756649609993 44.0469856262207 272
1756649610311 42.47652816772461 273
1756649610635 49.84302520751953 274
1756649610962 45.649742126464844 275
1756649611297 44.41990661621094 276
1756649611622 46.743778228759766 277
1756649611943 47.11200714111328 278
1756649612266 44.83270263671875 279
1756649612589 52.686336517333984 280
1756649612915 48.609439849853516 281
1756649613248 48.3985595703125 282
1756649613585 54.37144470214844 283
1756649613916 47.2108268737793 284
1756649614239 47.4442024230957 285
1756649614572 46.3359375 286
1756649614890 55.581077575683594 287
1756649615231 46.566558837890625 288
1756649615550 45.383201599121094 289
1756649615884 53.37331008911133 290
1756649616224 49.001712799072266 291
1756649616560 42.78974151611328 292
1756649616886 50.116146087646484 293
1756649617207 45.25529098510742 294
1756649617551 49.22145080566406 295
1756649617876 53.50143814086914 296
1756649618199 41.70716857910156 297
1756649618528 53.869754791259766 298
1756649618873 43.678836822509766 299
1756649627373 98.37860870361328 0
1756649627696 85.66968536376953 1
1756649628038 60.2940673828125 2
1756649628358 69.38591003417969 3
1756649628679 42.086551666259766 4
1756649629010 64.57572174072266 5
1756649629333 58.746337890625 6
1756649629678 55.54488754272461 7
1756649630011 51.4635009765625 8
1756649630339 57.59028625488281 9
1756649630651 48.7955436706543 10
1756649630970 51.571964263916016 11
1756649631294 44.25458908081055 12
1756649631608 47.095394134521484 13
1756649631929 46.53004455566406 14
1756649632247 43.88749313354492 15
1756649632577 54.3769416809082 16
1756649632904 47.51707458496094 17
1756649633224 38.102020263671875 18
1756649633544 50.836177825927734 19
1756649633866 53.91078186035156 20
1756649634186 47.13017272949219 21
1756649634505 35.840457916259766 22
1756649634827 54.8297233581543 23
1756649635149 45.378787994384766 24
1756649635467 47.318702697753906 25
1756649635788 41.763790130615234 26
1756649636098 52.62563705444336 27
1756649636415 49.954776763916016 28
1756649636738 50.167118072509766 29
1756649637066 49.501914978027344 30
1756649637394 44.67543029785156 31
1756649637720 49.87033462524414 32
1756649638043 44.43368148803711 33
1756649638364 51.705081939697266 34
1756649638675 43.078548431396484 35
1756649638998 41.00804901123047 36
1756649639317 45.982757568359375 37
1756649639625 50.99135971069336 38
1756649639934 50.3181037902832 39
1756649640242 50.780799865722656 40
1756649640559 43.284122467041016 41
1756649640874 55.16501235961914 42
1756649641200 57.524024963378906 43
1756649641533 49.63545227050781 44
1756649641875 48.9896240234375 45
1756649642202 50.731136322021484 46
1756649642527 44.373451232910156 47
1756649642856 49.25291442871094 48
1756649643178 46.62190246582031 49
1756649643500 42.15791320800781 50
1756649643821 50.99325942993164 51
1756649644139 50.87309265136719 52
1756649644455 44.90154266357422 53
1756649644772 51.08149719238281 54
1756649645093 54.415775299072266 55
1756649645413 44.59740447998047 56
1756649645718 45.57186508178711 57
1756649646051 46.980125427246094 58
1756649646364 51.9840087890625 59
1756649646685 49.94891357421875 60
1756649647001 47.79841232299805 61
1756649647323 47.11916732788086 62
1756649647642 45.80344009399414 63
1756649647972 54.914817810058594 64
1756649648284 49.82009506225586 65
1756649648616 41.94423294067383 66
1756649648936 46.25531005859375 67
1756649649248 41.75347900390625 68
1756649649577 50.86308288574219 69
1756649649899 39.43638229370117 70
1756649650226 44.87726593017578 71
1756649650550 43.93071746826172 72
1756649650889 40.85967254638672 73
1756649651203 45.041927337646484 74
1756649651519 42.82392501831055 75
1756649651851 46.19004821777344 76
1756649652168 51.737998962402344 77
1756649652505 41.75303268432617 78
1756649652821 42.204219818115234 79
1756649653143 40.28853988647461 80
1756649653464 40.62858581542969 81
1756649653799 44.946533203125 82
1756649654130 37.95749282836914 83
1756649654446 44.60923767089844 84
1756649654753 48.18797302246094 85
1756649655070 52.07220458984375 86
1756649655386 46.198177337646484 87
1756649655708 45.9357795715332 88
1756649656040 43.15683364868164 89
1756649656362 38.114845275878906 90
1756649656683 47.66067123413086 91
1756649657011 33.85301208496094 92
1756649657331 36.45574188232422 93
1756649657653 49.91413879394531 94
1756649657964 39.85548400878906 95
1756649658285 53.879817962646484 96
1756649658617 50.73569107055664 97
1756649658944 43.4130973815918 98
1756649659260 59.3670768737793 99
1756649659580 48.76375961303711 100
1756649659907 44.78339385986328 101
1756649660242 46.80656814575195 102
1756649660564 46.632564544677734 103
1756649660899 49.371604919433594 104
1756649661218 42.88982009887695 105
1756649661549 45.01884078979492 106
1756649661864 47.89362716674805 107
1756649662185 51.132999420166016 108
1756649662502 42.696327209472656 109
1756649662821 50.04831314086914 110
1756649663275 36.318660736083984 111
1756649663592 47.61117172241211 112
1756649663916 55.94534683227539 113
1756649664236 45.817440032958984 114
1756649664556 51.0374641418457 115
1756649664878 45.75152587890625 116
1756649665200 47.47477722167969 117
1756649665514 49.181461334228516 118
1756649665827 45.86286926269531 119
1756649666141 50.1797981262207 120
1756649666472 48.963706970214844 121
1756649666806 50.16905212402344 122
1756649667127 43.4746208190918 123
1756649667453 47.28132247924805 124
1756649667766 47.062889099121094 125
1756649668093 52.048255920410156 126
1756649668408 51.11697006225586 127
1756649668735 47.39030456542969 128
1756649669052 52.3802604675293 129
1756649669374 45.8377799987793 130
1756649669705 48.56024169921875 131
1756649670037 45.79369354248047 132
1756649670370 44.47041702270508 133
1756649670692 49.083927154541016 134
1756649671012 50.1337890625 135
1756649671327 46.13704299926758 136
1756649671647 46.43921661376953 137
1756649671957 44.28348159790039 138
1756649672285 37.34482192993164 139
1756649672612 40.79133605957031 140
1756649672929 48.12100601196289 141
1756649673261 55.77824401855469 142
1756649673589 50.79989242553711 143
1756649673907 44.126747131347656 144
1756649674236 45.530513763427734 145
1756649674563 42.873619079589844 146
1756649674877 48.474918365478516 147
1756649675201 47.158653259277344 148
1756649675530 43.23698043823242 149
1756649675848 35.79323959350586 150
1756649676174 47.513084411621094 151
1756649676496 50.5548210144043 152
1756649676827 46.789573669433594 153
1756649677137 42.702674865722656 154
1756649677471 47.237098693847656 155
1756649677790 53.992027282714844 156
1756649678119 41.80950164794922 157
1756649678445 48.07490158081055 158
1756649678759 49.94632339477539 159
1756649679073 48.799095153808594 160
1756649679389 54.60600662231445 161
1756649679707 50.340145111083984 162
1756649680018 36.32524108886719 163
1756649680343 42.33560562133789 164
1756649680662 47.975547790527344 165
1756649680977 49.258445739746094 166
1756649681300 54.14117431640625 167
1756649681622 47.359375 168
1756649681947 43.39305114746094 169
1756649682272 54.8884162902832 170
1756649682609 49.4014892578125 171
1756649682925 46.074440002441406 172
1756649683248 48.9202880859375 173
1756649683565 46.53460693359375 174
1756649683885 51.57649230957031 175
1756649684206 49.8400764465332 176
1756649684527 42.32182693481445 177
1756649684868 45.1928596496582 178
1756649685194 51.34678649902344 179
1756649685518 43.58719253540039 180
1756649685847 49.18704605102539 181
1756649686178 45.71805191040039 182
1756649686500 35.200889587402344 183
1756649686824 44.775901794433594 184
1756649687158 45.46707534790039 185
1756649687489 42.253929138183594 186
1756649687823 46.67876052856445 187
1756649688155 36.75764846801758 188
1756649688483 44.30971908569336 189
1756649688806 39.229549407958984 190
1756649689138 43.0078125 191
1756649689464 47.6162109375 192
1756649689792 53.034358978271484 193
1756649690112 51.92892074584961 194
1756649690435 43.270782470703125 195
1756649690769 49.526771545410156 196
1756649691089 41.684513092041016 197
1756649691414 48.93429946899414 198
1756649691736 45.648563385009766 199
1756649692061 46.167381286621094 200
1756649692391 44.59181213378906 201
1756649692723 44.35860824584961 202
1756649693060 39.502925872802734 203
1756649693383 47.96718978881836 204
1756649693707 49.04458999633789 205
1756649694030 40.27585220336914 206
1756649694351 46.9900016784668 207
1756649694663 42.180782318115234 208
1756649694986 44.984642028808594 209
1756649695305 45.83867263793945 210
1756649695632 48.26443862915039 211
1756649695958 46.137325286865234 212
1756649696283 50.41062927246094 213
1756649696609 46.764404296875 214
1756649696939 44.1761360168457 215
1756649697254 46.69444274902344 216
1756649697585 51.78343200683594 217
1756649697898 45.3095817565918 218
1756649698223 50.037784576416016 219
1756649698544 51.75216293334961 220
1756649698870 43.977413177490234 221
1756649699212 48.381160736083984 222
1756649699540 42.71992874145508 223
1756649699864 44.41934585571289 224
1756649700189 46.10086441040039 225
1756649700510 47.3565559387207 226
1756649700831 53.902442932128906 227
1756649701163 49.752418518066406 228
1756649701478 43.17439651489258 229
1756649701792 43.54235076904297 230
1756649702118 43.75502014160156 231
1756649702448 54.94601058959961 232
1756649702776 40.558937072753906 233
1756649703095 43.375247955322266 234
1756649703413 53.8109245300293 235
1756649703736 50.12249755859375 236
1756649704051 45.489463806152344 237
1756649704374 48.0561408996582 238
1756649704700 51.7221565246582 239
1756649705013 45.58220291137695 240
1756649705337 44.760746002197266 241
1756649705674 44.80734634399414 242
1756649705994 42.85176086425781 243
1756649706309 51.64509582519531 244
1756649706628 45.834354400634766 245
1756649706949 47.84805679321289 246
1756649707282 55.06594467163086 247
1756649707589 42.55094909667969 248
1756649707916 47.012264251708984 249
1756649708229 51.75225830078125 250
1756649708549 44.523250579833984 251
1756649708901 47.690494537353516 252
1756649709228 43.484474182128906 253
1756649709545 50.59269714355469 254
1756649709873 45.92045974731445 255
1756649710194 50.63412094116211 256
1756649710511 53.20167541503906 257
1756649710827 43.11479949951172 258
1756649711151 43.94166946411133 259
1756649711478 49.510433197021484 260
1756649711801 48.323795318603516 261
1756649712133 42.717288970947266 262
1756649712456 46.13752365112305 263
1756649712777 50.881656646728516 264
1756649713108 43.541263580322266 265
1756649713427 43.513553619384766 266
1756649713743 42.45668029785156 267
1756649714064 45.42576599121094 268
1756649714382 48.652748107910156 269
1756649714707 46.969459533691406 270
1756649715037 52.94866943359375 271
1756649715368 45.846126556396484 272
1756649715697 48.552249908447266 273
1756649716027 48.306007385253906 274
1756649716347 47.569068908691406 275
1756649716678 45.9847526550293 276
1756649716992 49.4388542175293 277
1756649717309 45.51170349121094 278
1756649717636 42.62088394165039 279
1756649717965 52.553199768066406 280
1756649718302 50.883689880371094 281
1756649718627 43.73968505859375 282
1756649718953 40.740291595458984 283
1756649719277 44.949424743652344 284
1756649719596 46.2229118347168 285
1756649719923 45.694950103759766 286
1756649720240 44.06435775756836 287
1756649720570 41.19261169433594 288
1756649720894 47.78883361816406 289
1756649721219 49.543312072753906 290
1756649721553 50.842918395996094 291
1756649721875 40.56113052368164 292
1756649722197 48.69839859008789 293
1756649722518 45.55591583251953 294
1756649722852 41.602596282958984 295
1756649723179 41.20265197753906 296
1756649723502 44.77024841308594 297
1756649723823 53.163856506347656 298
1756649724153 47.79094314575195 299
1756649732668 95.58696746826172 0
1756649732997 67.34217834472656 1
1756649733325 61.194923400878906 2
1756649733656 55.73814010620117 3
1756649733993 46.346866607666016 4
1756649734328 54.00399398803711 5
1756649734671 46.90463638305664 6
1756649735001 47.64570617675781 7
1756649735330 46.65015411376953 8
1756649735649 45.24554443359375 9
1756649735971 46.10569381713867 10
1756649736292 48.90863037109375 11
1756649736619 47.733795166015625 12
1756649736936 42.92720031738281 13
1756649737257 48.82338333129883 14
1756649737575 44.139869689941406 15
1756649737905 46.27250671386719 16
1756649738230 43.620426177978516 17
1756649738547 50.80754470825195 18
1756649738877 52.49884796142578 19
1756649739205 41.36843490600586 20
1756649739531 45.248111724853516 21
1756649739862 45.65593338012695 22
1756649740182 42.44456100463867 23
1756649740499 45.736595153808594 24
1756649740831 43.13462448120117 25
1756649741161 46.45542907714844 26
1756649741531 50.083274841308594 27
1756649741865 56.14195251464844 28
1756649742192 48.79311752319336 29
1756649742526 45.7449951171875 30
1756649742845 44.600341796875 31
1756649743167 43.10499954223633 32
1756649743499 50.60166549682617 33
1756649743829 50.32582092285156 34
1756649744148 40.81889343261719 35
1756649744484 48.27010726928711 36
1756649744816 46.69279861450195 37
1756649745139 47.687713623046875 38
1756649745467 47.990299224853516 39
1756649745791 46.29176330566406 40
1756649746115 46.05995559692383 41
1756649746436 43.098243713378906 42
1756649746764 53.51327133178711 43
1756649747098 44.32929611206055 44
1756649747422 41.12492370605469 45
1756649747751 40.79814910888672 46
1756649748083 40.63482666015625 47
1756649748408 56.12431335449219 48
1756649748739 48.568031311035156 49
1756649749065 56.52155685424805 50
1756649749394 45.6009521484375 51
1756649749713 48.157073974609375 52
1756649750044 46.537384033203125 53
1756649750375 45.675537109375 54
1756649750715 44.097496032714844 55
1756649751043 46.3448486328125 56
1756649751363 50.489280700683594 57
1756649751724 36.46775817871094 58
1756649752062 50.99485778808594 59
1756649752393 47.31878662109375 60
1756649752720 45.51727294921875 61
1756649753049 53.34489059448242 62
1756649753383 41.19468307495117 63
1756649753706 48.63174819946289 64
1756649754032 48.951751708984375 65
1756649754369 43.96953582763672 66
1756649754700 41.70085906982422 67
1756649755029 50.475006103515625 68
1756649755357 49.953773498535156 69
1756649755683 48.780982971191406 70
1756649756010 43.370033264160156 71
1756649756349 50.92374038696289 72
1756649756669 38.4200553894043 73
1756649756996 48.637996673583984 74
1756649757322 43.094966888427734 75
1756649757643 46.213592529296875 76
1756649757972 43.64921188354492 77
1756649758306 54.3301887512207 78
1756649758639 45.93753433227539 79
1756649758963 45.83456039428711 80
1756649759291 49.771209716796875 81
1756649759626 45.38212203979492 82
1756649759944 47.086727142333984 83
1756649760279 52.32410430908203 84
1756649760610 48.57637023925781 85
1756649760939 38.22536087036133 86
1756649761259 43.101524353027344 87
1756649761588 43.686222076416016 88
1756649761928 38.67238998413086 89
1756649762258 47.921783447265625 90
1756649762577 52.3939094543457 91
1756649762952 45.130767822265625 92
1756649763305 37.719276428222656 93
1756649763638 39.916412353515625 94
1756649763967 47.62626266479492 95
1756649764311 44.751792907714844 96
1756649764651 46.94929122924805 97
1756649764977 45.45428466796875 98
1756649765310 47.995792388916016 99
1756649765642 43.49918746948242 100
1756649765970 49.17848205566406 101
1756649766300 46.947479248046875 102
1756649766629 48.320587158203125 103
1756649766959 44.72675323486328 104
1756649767278 44.87914276123047 105
1756649767601 44.130859375 106
1756649767943 47.738773345947266 107
1756649768275 49.178977966308594 108
1756649768598 48.7620964050293 109
1756649768918 47.10062026977539 110
1756649769252 42.140689849853516 111
1756649769579 49.80658721923828 112
1756649769902 47.586692810058594 113
1756649770230 43.614105224609375 114
1756649770576 42.07310104370117 115
1756649770927 43.75460433959961 116
1756649771266 38.620880126953125 117
1756649771589 45.31187057495117 118
1756649771920 45.512908935546875 119
1756649772253 51.03383255004883 120
1756649772584 49.232059478759766 121
1756649772910 50.00550842285156 122
1756649773230 41.8983268737793 123
1756649773553 41.03166198730469 124
1756649773872 53.801143646240234 125
1756649774210 44.35041427612305 126
1756649774534 42.82609176635742 127
1756649774870 49.23983383178711 128
1756649775198 43.67634201049805 129
1756649775521 47.58721160888672 130
1756649775848 53.12969207763672 131
1756649776180 56.03277587890625 132
1756649776512 50.4537467956543 133
1756649776847 40.68964385986328 134
1756649777172 47.77912521362305 135
1756649777494 42.90016174316406 136
1756649777826 39.570796966552734 137
1756649778164 49.946285247802734 138
1756649778498 44.10256576538086 139
1756649778827 44.545372009277344 140
1756649779141 45.6490364074707 141
1756649779461 37.316768646240234 142
1756649779784 44.735755920410156 143
1756649780121 45.92814636230469 144
1756649780457 43.22590255737305 145
1756649780789 51.9570198059082 146
1756649781119 43.09992599487305 147
1756649781450 51.872650146484375 148
1756649781788 48.48011779785156 149
1756649782115 41.23848342895508 150
1756649782447 54.82990264892578 151
1756649782780 52.345191955566406 152
1756649783108 45.368167877197266 153
1756649783441 46.866539001464844 154
1756649783763 43.41810607910156 155
1756649784087 40.66112518310547 156
1756649784424 45.09150695800781 157
1756649784750 51.28030776977539 158
1756649785076 42.20519256591797 159
1756649785412 50.32905197143555 160
1756649785748 52.67583084106445 161
1756649786077 45.32913589477539 162
1756649786403 45.2073974609375 163
1756649786732 41.84915542602539 164
1756649787059 41.956539154052734 165
1756649787380 50.448638916015625 166
1756649787698 48.52839660644531 167
1756649788025 47.53998565673828 168
1756649788369 44.45332336425781 169
1756649788694 45.9018440246582 170
1756649789014 38.10438919067383 171
1756649789334 41.73833465576172 172
1756649789670 40.66264724731445 173
1756649789994 49.37156677246094 174
1756649790316 40.01337432861328 175
1756649790638 48.094234466552734 176
1756649790979 49.42793655395508 177
1756649791310 40.17463684082031 178
1756649791626 43.11089324951172 179
1756649791954 50.89643478393555 180
1756649792284 49.183021545410156 181
1756649792607 44.662357330322266 182
1756649792943 45.999595642089844 183
1756649793271 45.674381256103516 184
1756649793600 48.49948501586914 185
1756649793916 50.50416564941406 186
1756649794247 46.82680892944336 187
1756649794573 57.12826919555664 188
1756649794899 44.19120407104492 189
1756649795226 45.15712356567383 190
1756649795565 34.993507385253906 191
1756649795914 48.900203704833984 192
1756649796242 47.161170959472656 193
1756649796568 46.36643981933594 194
1756649796907 45.42699432373047 195
1756649797240 46.324745178222656 196
1756649797578 50.218101501464844 197
1756649797906 39.65879440307617 198
1756649798235 46.94766616821289 199
1756649798561 42.31471633911133 200
1756649798894 46.270179748535156 201
1756649799224 51.168548583984375 202
1756649799560 39.41944122314453 203
1756649799897 45.14988327026367 204
1756649800221 47.6298828125 205
1756649800546 43.084712982177734 206
1756649800881 52.29059982299805 207
1756649801205 48.35687255859375 208
1756649801533 39.336524963378906 209
1756649801870 60.520660400390625 210
1756649802202 51.62522888183594 211
1756649802527 47.159080505371094 212
1756649802861 53.09416580200195 213
1756649803191 50.62253189086914 214
1756649803522 46.68583679199219 215
1756649803848 40.67500305175781 216
1756649804172 41.390663146972656 217
1756649804505 45.904266357421875 218
1756649804832 41.81721115112305 219
1756649805175 49.451534271240234 220
1756649805494 49.23709487915039 221
1756649805817 51.26565170288086 222
1756649806139 44.5771369934082 223
1756649806480 41.16744613647461 224
1756649806798 44.096710205078125 225
1756649807124 47.11903762817383 226
1756649807458 48.93040466308594 227
1756649807779 46.85452651977539 228
1756649808100 54.5247917175293 229
1756649808428 46.26929473876953 230
1756649808751 41.09712219238281 231
1756649809082 49.883949279785156 232
1756649809455 48.894622802734375 233
1756649809784 42.416168212890625 234
1756649810126 49.66950607299805 235
1756649810453 49.81871032714844 236
1756649810781 53.318538665771484 237
1756649811097 58.57742691040039 238
1756649811428 40.7334098815918 239
1756649811750 39.7000732421875 240
1756649812069 44.68209457397461 241
1756649812398 40.4972038269043 242
1756649812721 46.681217193603516 243
1756649813061 51.635643005371094 244
1756649813383 50.42991256713867 245
1756649813711 50.43610763549805 246
1756649814045 47.904720306396484 247
1756649814374 44.17709732055664 248
1756649814692 44.681968688964844 249
1756649815035 43.328765869140625 250
1756649815412 47.702640533447266 251
1756649815747 42.6085205078125 252
1756649816082 43.256507873535156 253
1756649816409 45.85771179199219 254
1756649816736 46.64481735229492 255
1756649817066 49.35015106201172 256
1756649817381 37.81193542480469 257
1756649817712 43.897132873535156 258
1756649818051 44.93428039550781 259
1756649818378 50.50636291503906 260
1756649818730 43.163265228271484 261
1756649819050 52.404972076416016 262
1756649819382 49.190025329589844 263
1756649819718 41.984901428222656 264
1756649820049 51.16316223144531 265
1756649820383 37.11750030517578 266
1756649820714 44.28714370727539 267
1756649821036 41.772727966308594 268
1756649821367 45.84004211425781 269
1756649821705 44.16243362426758 270
1756649822035 45.911380767822266 271
1756649822361 45.45665740966797 272
1756649822686 53.70465087890625 273
1756649823010 45.9090461730957 274
1756649823343 55.32880401611328 275
1756649823666 42.43952560424805 276
1756649823990 39.71303176879883 277
1756649824315 48.341732025146484 278
1756649824650 38.359378814697266 279
1756649824983 46.6063117980957 280
1756649825304 45.46907424926758 281
1756649825636 46.763893127441406 282
1756649825973 49.04356002807617 283
1756649826300 43.618412017822266 284
1756649826623 45.13727951049805 285
1756649826956 42.9539909362793 286
1756649827289 50.967735290527344 287
1756649827623 47.77824401855469 288
1756649827955 50.39653396606445 289
1756649828286 39.36751174926758 290
1756649828603 48.11896896362305 291
1756649828946 49.54965591430664 292
1756649829278 49.575042724609375 293
1756649829600 44.96568298339844 294
1756649829931 43.042572021484375 295
1756649830255 46.3355827331543 296
1756649830588 55.058982849121094 297
1756649830914 45.96636962890625 298
1756649831239 43.988582611083984 299
1756649839624 90.98084259033203 0
1756649839830 54.73191833496094 1
1756649840040 54.47018814086914 2
1756649840254 56.4015007019043 3
1756649840462 50.434715270996094 4
1756649840673 50.524574279785156 5
1756649840891 45.516639709472656 6
1756649841096 46.222412109375 7
1756649841308 50.92036437988281 8
1756649841515 53.420860290527344 9
1756649841728 48.66604995727539 10
1756649841942 41.176658630371094 11
1756649842156 46.979488372802734 12
1756649842366 48.340599060058594 13
1756649842574 42.97395706176758 14
1756649842790 48.23490905761719 15
1756649843001 46.69087600708008 16
1756649843219 47.95209884643555 17
1756649843431 46.07731628417969 18
1756649843638 45.292964935302734 19
1756649843844 46.118221282958984 20
1756649844054 43.838924407958984 21
1756649844263 46.417633056640625 22
1756649844470 50.29651641845703 23
1756649844686 46.595577239990234 24
1756649844900 38.946075439453125 25
1756649845105 43.94547653198242 26
1756649845312 46.13026428222656 27
1756649845524 50.16416549682617 28
1756649845734 40.843814849853516 29
1756649845946 44.0079345703125 30
1756649846155 44.66638946533203 31
1756649846360 41.31925964355469 32
1756649846569 47.99882888793945 33
1756649846786 48.814849853515625 34
1756649847007 49.059879302978516 35
1756649847222 46.467613220214844 36
1756649847434 48.77116394042969 37
1756649847644 49.04158401489258 38
1756649847859 48.604862213134766 39
1756649848079 47.41109848022461 40
1756649848292 45.0792121887207 41
1756649848501 48.3145751953125 42
1756649848708 47.153133392333984 43
1756649848929 51.270423889160156 44
1756649849150 42.014678955078125 45
1756649849359 48.13983154296875 46
1756649849564 46.409542083740234 47
1756649849770 43.82571792602539 48
1756649849978 44.619754791259766 49
1756649850186 48.86515808105469 50
1756649850404 37.43009567260742 51
1756649850614 50.801509857177734 52
1756649850835 44.2248420715332 53
1756649851054 47.437713623046875 54
1756649851277 45.16636276245117 55
1756649851492 43.50218963623047 56
1756649851696 44.29753112792969 57
1756649851907 45.008811950683594 58
1756649852117 49.861228942871094 59
1756649852326 51.19847869873047 60
1756649852534 46.018348693847656 61
1756649852747 43.281402587890625 62
1756649852959 44.24636459350586 63
1756649853164 44.01366424560547 64
1756649853375 49.551822662353516 65
1756649853603 48.804683685302734 66
1756649853814 46.70778274536133 67
1756649854021 47.811927795410156 68
1756649854239 40.71392059326172 69
1756649854454 41.922698974609375 70
1756649854662 43.044071197509766 71
1756649854876 41.9108772277832 72
1756649855094 47.753089904785156 73
1756649855298 46.43449401855469 74
1756649855506 42.215152740478516 75
1756649855714 49.01681137084961 76
1756649855924 42.159244537353516 77
1756649856142 47.81924057006836 78
1756649856361 43.13986587524414 79
1756649856570 48.94297409057617 80
1756649856784 42.86021423339844 81
1756649857002 46.75244903564453 82
1756649857215 42.71588897705078 83
1756649857426 47.1475715637207 84
1756649857640 47.03150939941406 85
1756649857848 51.65131759643555 86
1756649858061 48.97993850708008 87
1756649858265 49.1837043762207 88
1756649858478 42.20872116088867 89
1756649858692 48.67097473144531 90
1756649858907 46.56246566772461 91
1756649859133 45.05878829956055 92
1756649859357 48.61482238769531 93
1756649859575 48.23419189453125 94
1756649859785 47.5568962097168 95
1756649860000 44.73695373535156 96
1756649860207 45.520164489746094 97
1756649860412 48.81121063232422 98
1756649860621 46.41048049926758 99
1756649860826 46.690284729003906 100
1756649861040 44.89570617675781 101
1756649861317 49.26921844482422 102
1756649861527 44.34431457519531 103
1756649861742 40.856834411621094 104
1756649861966 43.20134353637695 105
1756649862177 45.93544387817383 106
1756649862391 43.15364456176758 107
1756649862601 42.39826583862305 108
1756649862808 45.56102752685547 109
1756649863023 43.36817169189453 110
1756649863233 44.91827392578125 111
1756649863445 42.7187385559082 112
1756649863662 49.15636444091797 113
1756649863874 46.4220085144043 114
1756649864100 45.439579010009766 115
1756649864309 45.88526916503906 116
1756649864519 40.36445617675781 117
1756649864728 41.08712387084961 118
1756649864942 41.5205078125 119
1756649865163 42.50990295410156 120
1756649865379 47.54274368286133 121
1756649865590 47.01223373413086 122
1756649865797 48.498111724853516 123
1756649866002 44.77336502075195 124
1756649866210 46.770668029785156 125
1756649866424 41.99081802368164 126
1756649866635 44.68003845214844 127
1756649866853 49.05611801147461 128
1756649867064 44.761802673339844 129
1756649867272 45.44215774536133 130
1756649867518 45.53335952758789 131
1756649867725 43.95885467529297 132
1756649867931 49.2487907409668 133
1756649868139 46.0916633605957 134
1756649868344 42.104347229003906 135
1756649868563 42.72172927856445 136
1756649868775 48.0526237487793 137
1756649868983 47.423423767089844 138
1756649869191 43.54161071777344 139
1756649869407 47.50556564331055 140
1756649869620 43.941036224365234 141
1756649869825 46.38046646118164 142
1756649870039 40.56068420410156 143
1756649870255 49.649696350097656 144
1756649870471 50.7008171081543 145
1756649870681 44.934444427490234 146
1756649870902 45.284297943115234 147
1756649871119 47.17628860473633 148
1756649871326 46.83927536010742 149
1756649871546 47.242122650146484 150
1756649871761 51.334754943847656 151
1756649871973 44.990806579589844 152
1756649872186 47.223594665527344 153
1756649872402 45.7061882019043 154
1756649872612 48.094600677490234 155
1756649872821 39.1942024230957 156
1756649873043 46.53128433227539 157
1756649873249 47.506961822509766 158
1756649873458 49.86332702636719 159
1756649873666 41.1387825012207 160
1756649873873 45.91469192504883 161
1756649874082 40.55176544189453 162
1756649874293 48.79553985595703 163
1756649874507 46.39085006713867 164
1756649874718 47.06170654296875 165
1756649874935 42.991294860839844 166
1756649875151 50.299110412597656 167
1756649875375 43.54157257080078 168
1756649875588 45.11538314819336 169
1756649875797 48.3887825012207 170
1756649876006 45.02799606323242 171
1756649876226 49.39302444458008 172
1756649876443 47.8591423034668 173
1756649876655 47.985145568847656 174
1756649876864 47.74409103393555 175
1756649877075 46.3048210144043 176
1756649877282 47.20070266723633 177
1756649877492 49.245697021484375 178
1756649877709 39.62128829956055 179
1756649877924 50.182098388671875 180
1756649878139 45.754608154296875 181
1756649878356 42.401390075683594 182
1756649878567 45.108951568603516 183
1756649878778 41.699913024902344 184
1756649878988 43.58970260620117 185
1756649879195 45.87537384033203 186
1756649879414 46.71588134765625 187
1756649879623 43.579246520996094 188
1756649879835 48.16727828979492 189
1756649880050 48.569271087646484 190
1756649880259 42.36831283569336 191
1756649880473 42.374385833740234 192
1756649880681 47.57954406738281 193
1756649880891 53.14573287963867 194
1756649881104 49.15072250366211 195
1756649881319 48.06491470336914 196
1756649881528 47.42521667480469 197
1756649881745 44.16886901855469 198
1756649881959 45.40970230102539 199
1756649882165 45.028663635253906 200
1756649882375 39.349754333496094 201
1756649882585 42.11297607421875 202
1756649882794 48.039485931396484 203
1756649883005 42.36038589477539 204
1756649883219 45.628501892089844 205
1756649883429 45.63167190551758 206
1756649883641 47.693695068359375 207
1756649883858 48.7774772644043 208
1756649884067 46.74837875366211 209
1756649884282 48.17339324951172 210
1756649884491 42.24919891357422 211
1756649884702 48.51792526245117 212
1756649884913 41.2811279296875 213
1756649885129 44.27217102050781 214
1756649885339 46.133750915527344 215
1756649885548 47.6901969909668 216
1756649885778 42.597564697265625 217
1756649885986 44.20902633666992 218
1756649886195 51.66328048706055 219
1756649886402 45.05078887939453 220
1756649886607 48.72704315185547 221
1756649886819 48.44166564941406 222
1756649887029 44.42720413208008 223
1756649887238 49.881080627441406 224
1756649887465 48.94103240966797 225
1756649887689 40.5910758972168 226
1756649887900 48.252620697021484 227
1756649888118 45.52367401123047 228
1756649888333 46.021141052246094 229
1756649888548 48.38578796386719 230
1756649888755 41.04055404663086 231
1756649888968 44.27952575683594 232
1756649889180 45.212554931640625 233
1756649889395 46.011905670166016 234
1756649889600 45.80401611328125 235
1756649889809 47.02383041381836 236
1756649890029 42.691444396972656 237
1756649890239 45.641204833984375 238
1756649890452 49.3495979309082 239
1756649890665 45.8033332824707 240
1756649890873 46.408973693847656 241
1756649891096 46.51689910888672 242
1756649891312 49.05693435668945 243
1756649891526 46.11600875854492 244
1756649891739 44.24416732788086 245
1756649891949 44.92270278930664 246
1756649892164 49.578346252441406 247
1756649892380 52.57560348510742 248
1756649892585 44.963226318359375 249
1756649892797 46.089805603027344 250
1756649893008 45.65409851074219 251
1756649893219 44.676090240478516 252
1756649893431 43.91716384887695 253
1756649893643 47.03776550292969 254
1756649893850 46.65642547607422 255
1756649894068 42.15471649169922 256
1756649894283 45.3117561340332 257
1756649894496 44.11711502075195 258
1756649894705 43.894737243652344 259
1756649894914 48.066810607910156 260
1756649895124 48.222225189208984 261
1756649895330 44.285640716552734 262
1756649895539 43.58668899536133 263
1756649895750 44.469642639160156 264
1756649895964 46.608036041259766 265
1756649896178 41.951324462890625 266
1756649896393 45.974815368652344 267
1756649896607 40.44411087036133 268
1756649896827 50.451377868652344 269
1756649897038 44.65725326538086 270
1756649897245 44.64110565185547 271
1756649897470 44.25347137451172 272
1756649897681 49.36730194091797 273
1756649897891 45.22187805175781 274
1756649898095 55.669166564941406 275
1756649898302 47.517417907714844 276
1756649898511 42.962276458740234 277
1756649898720 45.21107864379883 278
1756649898927 44.757164001464844 279
1756649899137 49.32456588745117 280
1756649899351 46.45158386230469 281
1756649899561 44.969482421875 282
1756649899770 36.40607452392578 283
1756649899984 45.623069763183594 284
1756649900188 52.240028381347656 285
1756649900408 48.523284912109375 286
1756649900619 43.05183410644531 287
1756649900831 46.197608947753906 288
1756649901043 40.46800994873047 289
1756649901255 49.14008331298828 290
1756649901464 43.57851028442383 291
1756649901675 50.825233459472656 292
1756649901900 46.29646301269531 293
1756649902128 44.67350387573242 294
1756649902336 42.50275421142578 295
1756649902545 42.463584899902344 296
1756649902755 49.826663970947266 297
1756649902964 46.84600830078125 298
1756649903175 46.40217208862305 299
1756650008392 30.76168949813647 0
