1756602785450 2347.717529296875 0
1756602786456 1771.1024169921875 1
1756602787438 1250.8692626953125 2
1756602788388 1267.682373046875 3
1756602789330 1271.899658203125 4
1756602790272 1184.296875 5
1756602791217 1198.7843017578125 6
1756602792183 1212.2630615234375 7
1756602793130 1189.9766845703125 8
1756602794083 1352.84912109375 9
1756602795055 1301.2266845703125 10
1756602796015 1145.9725341796875 11
1756602796964 1430.679443359375 12
1756602797929 1132.4716796875 13
1756602798878 1238.5306396484375 14
1756602799834 768.290771484375 15
1756602800791 1159.56640625 16
1756602801745 985.83935546875 17
1756602802699 1146.4031982421875 18
1756602803664 896.0109252929688 19
1756602804649 1271.9051513671875 20
1756602805607 1088.2069091796875 21
1756602806588 1094.1990966796875 22
1756602807556 1124.1685791015625 23
1756602808517 1273.8209228515625 24
1756602809493 1319.4952392578125 25
1756602810448 1008.8545532226562 26
1756602811407 1294.6566162109375 27
1756602812369 977.6964721679688 28
1756602813358 1244.208740234375 29
1756602814345 954.0518798828125 30
1756602815317 1180.4775390625 31
1756602816349 1099.041259765625 32
1756602817373 1100.43115234375 33
1756602818421 1073.9404296875 34
1756602819433 1434.737060546875 35
1756602820405 1027.3262939453125 36
1756602821364 1040.3505859375 37
1756602822321 1022.6154174804688 38
1756602823284 1154.17431640625 39
1756602824266 1208.05908203125 40
1756602825241 1204.773681640625 41
1756602826213 1301.0267333984375 42
1756602827193 1308.666748046875 43
1756602828170 1070.7686767578125 44
1756602829155 1219.5179443359375 45
1756602830119 979.3070678710938 46
1756602831098 1079.0565185546875 47
1756602832074 1203.975830078125 48
1756602833041 1134.315185546875 49
1756602834008 1109.386474609375 50
1756602834993 1129.9818115234375 51
1756602835964 1019.2304077148438 52
1756602836963 1075.6240234375 53
1756602837988 1104.192626953125 54
1756602838989 1014.3180541992188 55
1756602839969 854.0161743164062 56
1756602840973 1166.5426025390625 57
1756602841972 1140.3985595703125 58
1756602842936 1146.4053955078125 59
1756602843904 1020.6649169921875 60
1756602844892 1327.4434814453125 61
1756602845872 923.8951416015625 62
1756602846839 1092.7884521484375 63
1756602847814 1279.4365234375 64
1756602848790 1285.516357421875 65
1756602849756 1329.5135498046875 66
1756602850744 1315.67431640625 67
1756602851705 1083.4493408203125 68
1756602852685 864.34423828125 69
1756602853651 1362.32958984375 70
1756602854632 1266.6351318359375 71
1756602855624 1324.5335693359375 72
1756602856660 1384.550048828125 73
1756602857642 1283.650634765625 74
1756602858639 948.9271240234375 75
1756602859625 1147.5423583984375 76
1756602860591 1048.376220703125 77
1756602861563 1214.4495849609375 78
1756602862538 1008.7432250976562 79
1756602863527 1291.165283203125 80
1756602864496 1304.1688232421875 81
1756602865456 1248.7530517578125 82
1756602866416 917.16357421875 83
1756602867391 1169.14453125 84
1756602868358 1326.55908203125 85
1756602869334 1390.436767578125 86
1756602870314 1075.4158935546875 87
1756602871287 1031.0643310546875 88
1756602872254 1127.8193359375 89
1756602873219 968.9178466796875 90
1756602874207 1238.1451416015625 91
1756602875176 1287.427490234375 92
1756602876169 1271.27294921875 93
1756602877137 1192.9107666015625 94
1756602878106 1113.877197265625 95
1756602879070 1054.4287109375 96
1756602880038 1078.390380859375 97
1756602881012 1348.70654296875 98
1756602881980 1215.2685546875 99
1756602882951 1273.440185546875 100
1756602883922 1111.0894775390625 101
1756602884884 1149.97509765625 102
1756602885854 1358.638427734375 103
1756602886852 1297.667236328125 104
1756602887835 1235.19677734375 105
1756602888839 1075.20458984375 106
1756602889824 1142.713623046875 107
1756602890806 1059.2747802734375 108
1756602891804 1098.7398681640625 109
1756602892783 1172.845458984375 110
1756602893748 1102.542236328125 111
1756602894712 1089.469482421875 112
1756602895675 1059.1585693359375 113
1756602896653 1310.17431640625 114
1756602897644 1116.4774169921875 115
1756602898620 1242.135498046875 116
1756602899607 928.1378173828125 117
1756602900569 1219.107177734375 118
1756602901538 965.459716796875 119
1756602902501 1291.9385986328125 120
1756602903467 1062.43896484375 121
1756602904445 1208.199951171875 122
1756602905456 1286.822998046875 123
1756602906434 1365.4515380859375 124
1756602907410 1241.7611083984375 125
1756602908381 1001.7357177734375 126
1756602909364 1262.216064453125 127
1756602910569 1226.4332275390625 128
1756602911529 1020.1276245117188 129
1756602912491 1169.35009765625 130
1756602913472 948.8845825195312 131
1756602914437 935.40966796875 132
1756602915427 1229.3367919921875 133
1756602916411 1140.64990234375 134
1756602917373 1129.2979736328125 135
1756602918350 1217.90478515625 136
1756602919314 1200.4127197265625 137
1756602920288 1044.4156494140625 138
1756602921268 1386.3956298828125 139
1756602922228 1150.383544921875 140
1756602923189 1294.4110107421875 141
1756602924161 940.1170043945312 142
1756602925133 1236.8878173828125 143
1756602926098 1003.2291870117188 144
1756602927066 1107.9361572265625 145
1756602928045 1237.4901123046875 146
1756602929010 1130.5877685546875 147
1756602930013 989.5549926757812 148
1756602930984 1049.7469482421875 149
1756602931966 1013.998046875 150
1756602932925 1081.876708984375 151
1756602933889 1203.075439453125 152
1756602934852 1308.3433837890625 153
1756602935822 952.5095825195312 154
1756602936858 1148.3382568359375 155
1756602937857 1363.0244140625 156
1756602938814 904.4466552734375 157
1756602939771 1062.4957275390625 158
1756602940730 1262.365966796875 159
1756602941703 943.5516967773438 160
1756602942670 1130.07958984375 161
1756602943632 1049.4935302734375 162
1756602944603 1306.2518310546875 163
1756602945572 1076.2271728515625 164
1756602946535 1226.86865234375 165
1756602947507 1287.16455078125 166
1756602948483 1305.533447265625 167
1756602949446 963.57470703125 168
1756602950422 977.2133178710938 169
1756602951390 1094.6680908203125 170
1756602952358 1374.0826416015625 171
1756602953350 1060.5419921875 172
1756602954326 1033.5660400390625 173
1756602955316 944.0252075195312 174
1756602956295 1047.1658935546875 175
1756602957286 1158.2862548828125 176
1756602958264 1147.7379150390625 177
1756602959267 1233.5379638671875 178
1756602960271 1054.677001953125 179
1756602961263 876.310791015625 180
1756602962265 1132.057373046875 181
1756602963263 1200.025634765625 182
1756602964257 1152.79931640625 183
1756602965229 1104.8690185546875 184
1756602966199 1064.4444580078125 185
1756602967183 969.12158203125 186
1756602968149 1286.6669921875 187
1756602969126 1142.2872314453125 188
1756602970111 1158.5213623046875 189
1756602971095 982.5159301757812 190
1756602972081 1190.3614501953125 191
1756602973042 1462.190673828125 192
1756602974005 1080.7296142578125 193
1756602974979 1101.4814453125 194
1756602975956 1172.8843994140625 195
1756602976927 1150.269775390625 196
1756602977928 1053.315185546875 197
1756602978920 1447.35009765625 198
1756602979919 1276.0548095703125 199
1756602980931 871.9314575195312 200
1756602981897 1086.34521484375 201
1756602982858 1244.6943359375 202
1756602983838 927.253662109375 203
1756602984829 1160.9609375 204
1756602985803 1312.65478515625 205
1756602986771 1309.2786865234375 206
1756602987741 1103.8916015625 207
1756602988716 901.1427612304688 208
1756602989675 914.7140502929688 209
1756602990632 1183.0667724609375 210
1756602991598 1200.42041015625 211
1756602992554 1017.3356323242188 212
1756602993512 1007.3637084960938 213
1756602994483 1210.4444580078125 214
1756602995448 995.8963623046875 215
1756602996433 1262.9183349609375 216
1756602997425 886.1939697265625 217
1756602998412 1319.2557373046875 218
1756602999385 1270.5537109375 219
1756603000388 1135.25390625 220
1756603001360 1184.9720458984375 221
1756603002330 1231.862548828125 222
1756603003326 1023.6626586914062 223
1756603004284 967.3102416992188 224
1756603005248 1085.1407470703125 225
1756603006208 1030.479736328125 226
1756603007171 1285.2540283203125 227
1756603008129 951.0532836914062 228
1756603009090 1187.5323486328125 229
1756603010051 1106.826171875 230
1756603011022 1024.871337890625 231
1756603011988 1030.755126953125 232
1756603012946 1046.3812255859375 233
1756603013909 1178.33935546875 234
1756603014884 949.5692749023438 235
1756603015855 1103.791015625 236
1756603016839 1008.8975219726562 237
1756603017821 1062.14208984375 238
1756603018781 1270.7921142578125 239
1756603019737 1044.0330810546875 240
1756603020711 1034.056884765625 241
1756603021679 990.7350463867188 242
1756603022647 1134.0948486328125 243
1756603023618 1254.571533203125 244
1756603024575 1317.0875244140625 245
1756603025552 1049.50927734375 246
1756603026524 1216.5577392578125 247
1756603027491 1137.368408203125 248
1756603028465 817.9791870117188 249
1756603029438 1271.5758056640625 250
1756603030409 900.2863159179688 251
1756603031378 1389.8416748046875 252
1756603032346 1015.871337890625 253
1756603033316 1212.0186767578125 254
1756603034300 1044.49853515625 255
1756603035279 1191.27490234375 256
1756603036236 1140.5294189453125 257
1756603037192 1181.8792724609375 258
1756603038154 1056.599609375 259
1756603039116 1144.9586181640625 260
1756603040104 975.7574462890625 261
1756603041073 1038.4776611328125 262
1756603042039 1019.2391967773438 263
1756603042999 1397.44970703125 264
1756603043977 914.329833984375 265
1756603044950 1311.7288818359375 266
1756603045914 1160.556640625 267
1756603046894 1196.703369140625 268
1756603047963 1324.7808837890625 269
1756603048920 983.6116333007812 270
1756603049893 1127.5294189453125 271
1756603050866 1199.6475830078125 272
1756603051837 1104.1094970703125 273
1756603052802 938.0169677734375 274
1756603053789 1174.3648681640625 275
1756603054757 1168.4212646484375 276
1756603055738 1213.20556640625 277
1756603056735 1147.8846435546875 278
1756603057715 1109.531982421875 279
1756603058681 1174.959716796875 280
1756603059651 1318.640380859375 281
1756603060614 1271.0333251953125 282
1756603061588 1320.2470703125 283
1756603062553 1007.79931640625 284
1756603063523 1248.69287109375 285
1756603064512 985.5739135742188 286
1756603065478 1088.546630859375 287
1756603066441 853.3465576171875 288
1756603067412 1065.1986083984375 289
1756603068385 1408.7073974609375 290
1756603069353 1297.486083984375 291
1756603070330 1156.95166015625 292
1756603071290 1128.276611328125 293
1756603072248 1108.002685546875 294
1756603073212 1077.465087890625 295
1756603074190 1215.6986083984375 296
1756603075162 1136.5277099609375 297
1756603076131 1046.6278076171875 298
1756603077097 1314.7119140625 299
1756603086610 2509.929443359375 0
1756603087693 2381.061279296875 1
1756603088770 2160.760498046875 2
1756603089760 1855.85693359375 3
1756603090751 1715.6353759765625 4
1756603091731 1145.3419189453125 5
1756603092716 1229.50927734375 6
1756603093718 1337.6763916015625 7
1756603094709 1584.460693359375 8
1756603095723 1193.58447265625 9
1756603096746 1160.03369140625 10
1756603097742 1117.2843017578125 11
1756603098726 1216.153564453125 12
1756603099711 933.1302490234375 13
1756603100698 1159.9447021484375 14
1756603101686 1031.6063232421875 15
1756603102699 959.1339721679688 16
1756603103684 1309.4228515625 17
1756603104674 1109.3187255859375 18
1756603105676 1133.3753662109375 19
1756603106663 1068.1763916015625 20
1756603107657 1097.45849609375 21
1756603108645 952.9696655273438 22
1756603109635 1200.3580322265625 23
1756603110626 1248.31103515625 24
1756603111655 1133.6595458984375 25
1756603112637 1042.8629150390625 26
1756603113626 1284.8631591796875 27
1756603114615 1076.7440185546875 28
1756603115600 1048.2978515625 29
1756603116603 1195.0679931640625 30
1756603117595 1125.1510009765625 31
1756603118597 1153.2664794921875 32
1756603119610 1032.7850341796875 33
1756603120630 1089.6124267578125 34
1756603121648 981.8594970703125 35
1756603122674 1135.85546875 36
1756603123679 1054.2808837890625 37
1756603124670 1307.82958984375 38
1756603125653 1039.37646484375 39
1756603126656 1080.753173828125 40
1756603127644 1200.9849853515625 41
1756603128650 1096.36376953125 42
1756603129663 1101.2191162109375 43
1756603130685 1180.7039794921875 44
1756603131672 1015.9071655273438 45
1756603132666 1008.2425537109375 46
1756603133664 1320.38427734375 47
1756603134650 1063.9755859375 48
1756603135642 1028.07958984375 49
1756603136633 1089.9051513671875 50
1756603137649 1147.0152587890625 51
1756603138661 1333.284912109375 52
1756603139666 1191.275390625 53
1756603140667 712.2999877929688 54
1756603141683 1176.4420166015625 55
1756603142684 1057.8226318359375 56
1756603143696 1009.6713256835938 57
1756603144683 880.5946655273438 58
1756603145668 1253.61669921875 59
1756603146652 1149.023193359375 60
1756603147641 1052.302490234375 61
1756603148629 977.0560302734375 62
1756603149615 1110.1630859375 63
1756603150638 1239.83642578125 64
1756603151652 1156.4439697265625 65
1756603152699 1037.5799560546875 66
1756603153703 1200.4915771484375 67
1756603154695 1091.1929931640625 68
1756603155680 1130.3165283203125 69
1756603156659 1152.3870849609375 70
1756603157651 1114.548828125 71
1756603158650 985.8706665039062 72
1756603159643 913.8133544921875 73
1756603160630 1279.80029296875 74
1756603161620 970.0760498046875 75
1756603162610 1200.1014404296875 76
1756603163595 1016.8168334960938 77
1756603164590 1016.6407470703125 78
1756603165606 1170.9041748046875 79
1756603166610 1012.3114624023438 80
1756603167616 1118.60009765625 81
1756603168622 1140.7523193359375 82
1756603169599 1222.2462158203125 83
1756603170577 1202.4527587890625 84
1756603171604 1103.2041015625 85
1756603172610 1283.1708984375 86
1756603173616 1006.6336669921875 87
1756603174630 1119.5379638671875 88
1756603175636 1271.4820556640625 89
1756603176700 1015.3993530273438 90
1756603177714 1185.0750732421875 91
1756603178744 1243.4697265625 92
1756603179739 1045.2818603515625 93
1756603180727 983.3377075195312 94
1756603181716 1031.8167724609375 95
1756603182709 1066.9178466796875 96
1756603183693 1100.2464599609375 97
1756603184696 1222.4520263671875 98
1756603185677 926.8927612304688 99
1756603186658 844.8511962890625 100
1756603187635 977.2890625 101
1756603188625 1112.7806396484375 102
1756603189638 1063.6234130859375 103
1756603190635 1088.3863525390625 104
1756603191675 990.5967407226562 105
1756603192662 1013.44091796875 106
1756603193668 1063.2127685546875 107
1756603194678 1239.45458984375 108
1756603195809 974.7925415039062 109
1756603196795 1168.8695068359375 110
1756603197798 1361.031494140625 111
1756603198789 1196.83740234375 112
1756603199776 1002.4590454101562 113
1756603200762 1084.532958984375 114
1756603201758 915.6140747070312 115
1756603202746 1198.951416015625 116
1756603203735 1099.313232421875 117
1756603204729 1134.72509765625 118
1756603205727 1089.4910888671875 119
1756603206736 1066.50732421875 120
1756603207751 1145.565185546875 121
1756603208736 1221.9862060546875 122
1756603209737 1066.9268798828125 123
1756603210732 1220.1943359375 124
1756603211724 1219.15234375 125
1756603212718 1210.5626220703125 126
1756603213704 1116.0634765625 127
1756603214688 1103.8529052734375 128
1756603215683 948.4434204101562 129
1756603216716 1205.746826171875 130
1756603217746 1024.124267578125 131
1756603218739 935.4562377929688 132
1756603219725 1160.822998046875 133
1756603220740 1161.3682861328125 134
1756603221759 1350.0426025390625 135
1756603222788 1074.6181640625 136
1756603223773 956.3143920898438 137
1756603224765 1185.0010986328125 138
1756603225752 1051.09912109375 139
1756603226755 1118.5931396484375 140
1756603227754 1155.656982421875 141
1756603228739 1021.361328125 142
1756603229746 1002.5093994140625 143
1756603230752 1082.723876953125 144
1756603231764 1261.19580078125 145
1756603232794 1030.92724609375 146
1756603233811 938.5757446289062 147
1756603234826 1085.2840576171875 148
1756603235847 1263.6492919921875 149
1756603236845 1045.170166015625 150
1756603237855 1222.48681640625 151
1756603238856 988.9053344726562 152
1756603239845 1008.9796752929688 153
1756603240847 1153.8681640625 154
1756603241844 1212.0797119140625 155
1756603242841 1142.579833984375 156
1756603243838 1088.22998046875 157
1756603244831 1108.0316162109375 158
1756603245829 1053.882568359375 159
1756603246846 1312.3831787109375 160
1756603247879 927.2831420898438 161
1756603248882 1039.9256591796875 162
1756603249893 1034.888671875 163
1756603250917 1012.0952758789062 164
1756603251944 1063.571533203125 165
1756603252972 1322.4385986328125 166
1756603254006 1028.0103759765625 167
1756603255009 1293.126708984375 168
1756603255995 1014.9784545898438 169
1756603257000 1160.0927734375 170
1756603258015 1109.6802978515625 171
1756603259023 1124.0888671875 172
1756603260033 1212.0887451171875 173
1756603261048 931.8735961914062 174
1756603262065 1042.9632568359375 175
1756603263071 1170.7451171875 176
1756603264059 1181.4693603515625 177
1756603265052 1228.90087890625 178
1756603266039 1041.679931640625 179
1756603267027 1192.705078125 180
1756603268014 1199.7646484375 181
1756603268996 879.7970581054688 182
1756603269992 935.896484375 183
1756603270987 1044.2906494140625 184
1756603272001 1337.333984375 185
1756603272990 1282.652099609375 186
1756603273994 1191.8045654296875 187
1756603274994 926.657470703125 188
1756603275988 1120.4295654296875 189
1756603276993 1139.229248046875 190
1756603277989 1007.9353637695312 191
1756603279002 1035.808837890625 192
1756603280011 1112.0421142578125 193
1756603281002 961.0286254882812 194
1756603282016 942.5194091796875 195
1756603283001 1030.32470703125 196
1756603284008 1134.2733154296875 197
1756603285008 919.7200927734375 198
1756603286007 1153.4969482421875 199
1756603286989 953.82080078125 200
1756603287983 1216.005126953125 201
1756603288968 1376.5047607421875 202
1756603289979 961.464111328125 203
1756603290976 1082.86328125 204
1756603291967 1055.2589111328125 205
1756603292972 1167.7733154296875 206
1756603293966 911.47119140625 207
1756603294968 1171.8031005859375 208
1756603295956 1188.4832763671875 209
1756603297019 1163.49853515625 210
1756603298032 925.9581909179688 211
1756603299019 937.5388793945312 212
1756603300012 1085.884765625 213
1756603301005 1157.8382568359375 214
1756603302006 1164.98583984375 215
1756603302991 828.734375 216
1756603303984 1006.01513671875 217
1756603304982 1264.2587890625 218
1756603305984 970.4013671875 219
1756603306996 1040.1033935546875 220
1756603308002 1159.78955078125 221
1756603309039 1089.1611328125 222
1756603310051 1049.394775390625 223
1756603311091 1001.3668823242188 224
1756603312108 1152.5804443359375 225
1756603313093 1077.8690185546875 226
1756603314095 994.61181640625 227
1756603315091 1044.2647705078125 228
1756603316099 894.8399658203125 229
1756603317110 1139.05029296875 230
1756603318120 1244.962646484375 231
1756603319117 1076.7489013671875 232
1756603320129 1058.406005859375 233
1756603321138 1106.366943359375 234
1756603322129 1142.5330810546875 235
1756603323111 911.0909423828125 236
1756603324120 1198.0126953125 237
1756603325111 670.4752197265625 238
1756603326099 956.9411010742188 239
1756603327116 1352.7177734375 240
1756603328133 1162.6419677734375 241
1756603329152 1150.612060546875 242
1756603330142 1085.4903564453125 243
1756603331131 941.8508911132812 244
1756603332130 1115.0577392578125 245
1756603333152 1038.8038330078125 246
1756603334171 941.38720703125 247
1756603335165 1209.54638671875 248
1756603336180 1022.882080078125 249
1756603337298 1031.2537841796875 250
1756603338284 1067.9603271484375 251
1756603339272 945.9241333007812 252
1756603340303 1178.4449462890625 253
1756603341319 1335.4478759765625 254
1756603342308 929.1646118164062 255
1756603343313 1043.8568115234375 256
1756603344339 938.6762084960938 257
1756603345332 1108.4820556640625 258
1756603346331 1006.6021118164062 259
1756603347309 903.7151489257812 260
1756603348295 1145.4630126953125 261
1756603349288 976.1742553710938 262
1756603350285 1018.6687622070312 263
1756603351300 1074.982666015625 264
1756603352307 1109.640380859375 265
1756603353315 1208.37158203125 266
1756603354336 1052.6995849609375 267
1756603355330 1249.8636474609375 268
1756603356317 1132.7275390625 269
1756603357307 1421.823974609375 270
1756603358302 1143.9405517578125 271
1756603359308 1073.7498779296875 272
1756603360292 1064.2000732421875 273
1756603361313 1247.704833984375 274
1756603362344 1100.4864501953125 275
1756603363351 1016.7578125 276
1756603364356 1253.8243408203125 277
1756603365347 1099.7415771484375 278
1756603366334 1250.140869140625 279
1756603367326 945.4911499023438 280
1756603368335 1153.1473388671875 281
1756603369360 812.1559448242188 282
1756603370361 1250.733642578125 283
1756603371363 1015.6137084960938 284
1756603372358 940.104736328125 285
1756603373360 1236.32177734375 286
1756603374375 1194.63232421875 287
1756603375374 1108.759521484375 288
1756603376370 1230.1761474609375 289
1756603377350 1160.1531982421875 290
1756603378347 1204.8560791015625 291
1756603379332 1015.6240844726562 292
1756603380317 1114.0433349609375 293
1756603381301 1022.1753540039062 294
1756603382294 1060.3621826171875 295
1756603383309 1317.7384033203125 296
1756603384292 1145.4644775390625 297
1756603385282 1109.3790283203125 298
1756603386272 941.1526489257812 299
1756603395920 2206.10791015625 0
1756603397051 1202.333740234375 1
1756603398189 1414.2979736328125 2
1756603399217 1118.79150390625 3
1756603400276 792.7357177734375 4
1756603401332 1013.8234252929688 5
1756603402379 828.388916015625 6
1756603403407 1223.14404296875 7
1756603404438 1153.9312744140625 8
1756603405480 933.7085571289062 9
1756603406523 1182.6075439453125 10
1756603407553 1346.5050048828125 11
1756603408583 928.243896484375 12
1756603409616 1047.6029052734375 13
1756603410650 1203.6070556640625 14
1756603411701 1088.0450439453125 15
1756603412747 1048.3272705078125 16
1756603413820 1107.785888671875 17
1756603414855 919.2513427734375 18
1756603415892 1129.2208251953125 19
1756603416981 1077.2808837890625 20
1756603418016 957.9817504882812 21
1756603419048 1196.781005859375 22
1756603420104 1160.515380859375 23
1756603421168 1193.171630859375 24
1756603422206 993.917724609375 25
1756603423270 953.9749755859375 26
1756603424305 1187.42041015625 27
1756603425337 895.3642578125 28
1756603426368 1047.8968505859375 29
1756603427402 1176.16455078125 30
1756603428450 1167.4586181640625 31
1756603429500 1002.1817626953125 32
1756603430531 1100.0264892578125 33
1756603431571 1206.2181396484375 34
1756603432597 1182.135498046875 35
1756603433671 968.3344116210938 36
1756603434711 930.5352172851562 37
1756603435745 1198.8291015625 38
1756603436782 1105.3946533203125 39
1756603437812 1135.3974609375 40
1756603438864 1054.34033203125 41
1756603439917 1159.6304931640625 42
1756603440964 1127.3726806640625 43
1756603442005 1005.634033203125 44
1756603443043 1201.2513427734375 45
1756603444079 1102.520263671875 46
1756603445152 1033.153564453125 47
1756603446207 940.7899780273438 48
1756603447253 1027.1075439453125 49
1756603448285 929.6762084960938 50
1756603449325 980.7893676757812 51
1756603450369 1119.663818359375 52
1756603451438 1155.8665771484375 53
1756603452475 1051.0018310546875 54
1756603453516 997.79345703125 55
1756603454575 910.1322631835938 56
1756603455618 1207.888671875 57
1756603456654 924.7673950195312 58
1756603457694 981.9143676757812 59
1756603458729 1115.715576171875 60
1756603459769 1092.6318359375 61
1756603460805 888.3751831054688 62
1756603461866 981.72314453125 63
1756603462926 872.365966796875 64
1756603463976 1087.3492431640625 65
1756603465020 879.32763671875 66
1756603466067 1016.76611328125 67
1756603467104 1122.9342041015625 68
1756603468143 923.0753784179688 69
1756603469194 1204.5313720703125 70
1756603470232 852.3338623046875 71
1756603471268 1313.453857421875 72
1756603472302 1080.7530517578125 73
1756603473360 1044.0975341796875 74
1756603474393 1281.6810302734375 75
1756603475441 1145.188720703125 76
1756603476518 922.4298706054688 77
1756603477580 1046.8695068359375 78
1756603478639 1031.3778076171875 79
1756603479711 1166.8375244140625 80
1756603480757 1183.7027587890625 81
1756603481809 1080.102783203125 82
1756603482874 898.5762329101562 83
1756603483932 1047.2568359375 84
1756603484997 933.2033081054688 85
1756603486085 925.4312744140625 86
1756603487131 1037.753173828125 87
1756603488174 823.4540405273438 88
1756603489226 952.6890258789062 89
1756603490457 1171.69580078125 90
1756603491521 933.5855712890625 91
1756603492551 984.6097412109375 92
1756603493603 1066.03076171875 93
1756603494669 1146.1837158203125 94
1756603495743 897.9411010742188 95
1756603496798 953.7914428710938 96
1756603497838 866.0059204101562 97
1756603498890 1163.952392578125 98
1756603499932 785.2549438476562 99
1756603500987 1215.292724609375 100
1756603502024 965.947021484375 101
1756603503051 1032.4697265625 102
1756603504096 878.26513671875 103
1756603505136 1047.55078125 104
1756603506175 1055.5250244140625 105
1756603507224 1050.752197265625 106
1756603508251 1113.52880859375 107
1756603509279 1198.5235595703125 108
1756603510323 1082.2913818359375 109
1756603511401 1090.8603515625 110
1756603512466 989.1980590820312 111
1756603513514 1175.1588134765625 112
1756603514558 813.9865112304688 113
1756603515600 1102.42431640625 114
1756603516662 1129.8359375 115
1756603517698 1038.219970703125 116
1756603518752 1086.15478515625 117
1756603519795 969.391357421875 118
1756603520871 804.7435913085938 119
1756603521932 833.5215454101562 120
1756603522960 1040.770751953125 121
1756603524000 739.287109375 122
1756603525078 923.909912109375 123
1756603526147 1028.9249267578125 124
1756603527188 1218.46142578125 125
1756603528236 939.0307006835938 126
1756603529273 1188.681640625 127
1756603530324 1295.119140625 128
1756603531367 1286.612548828125 129
1756603532409 1114.70947265625 130
1756603533443 946.2559204101562 131
1756603534493 891.32080078125 132
1756603535548 797.13720703125 133
1756603536626 1080.1165771484375 134
1756603537666 942.041015625 135
1756603538715 1036.7403564453125 136
1756603539767 868.0860595703125 137
1756603540822 1054.66552734375 138
1756603541896 932.5297241210938 139
1756603542956 1060.8896484375 140
1756603544021 1344.103515625 141
1756603545099 1072.6986083984375 142
1756603546148 1012.9312744140625 143
1756603547204 911.6478881835938 144
1756603548266 814.1477661132812 145
1756603549331 947.7880249023438 146
1756603550355 1019.41650390625 147
1756603551408 1100.4434814453125 148
1756603552449 978.4633178710938 149
1756603553500 964.4234008789062 150
1756603554538 904.2230834960938 151
1756603555574 1010.7138671875 152
1756603556609 875.2760009765625 153
1756603557655 1029.24072265625 154
1756603558689 1086.9560546875 155
1756603559721 974.603515625 156
1756603560776 1171.0615234375 157
1756603561819 1152.611083984375 158
1756603562857 967.1463012695312 159
1756603563917 1299.1363525390625 160
1756603564969 1123.5225830078125 161
1756603566008 1026.66015625 162
1756603567067 1210.4097900390625 163
1756603568108 992.0540161132812 164
1756603569165 1143.8221435546875 165
1756603570237 1118.69921875 166
1756603571307 959.9569702148438 167
1756603572336 1114.5196533203125 168
1756603573379 1358.7225341796875 169
1756603574415 987.1099243164062 170
1756603575471 1037.0745849609375 171
1756603576498 1297.7757568359375 172
1756603577557 1107.1441650390625 173
1756603578671 930.44091796875 174
1756603579720 1305.4588623046875 175
1756603580756 1093.462158203125 176
1756603581794 1205.3243408203125 177
1756603582837 975.503173828125 178
1756603583878 1099.35791015625 179
1756603584919 1158.0830078125 180
1756603585959 887.7333374023438 181
1756603587009 972.3088989257812 182
1756603588038 826.5165405273438 183
1756603589072 1037.1922607421875 184
1756603590118 1124.4107666015625 185
1756603591176 1028.8665771484375 186
1756603592228 1027.7408447265625 187
1756603593275 954.07763671875 188
1756603594305 1009.7503662109375 189
1756603595339 1018.5182495117188 190
1756603596377 982.9116821289062 191
1756603597417 1112.010009765625 192
1756603598449 1033.471923828125 193
1756603599490 1137.7567138671875 194
1756603600552 685.657470703125 195
1756603601609 898.9696655273438 196
1756603602692 1038.32958984375 197
1756603603774 1085.615966796875 198
1756603604841 971.3991088867188 199
1756603605897 1222.1326904296875 200
1756603606970 1004.8151245117188 201
1756603608015 1062.1934814453125 202
1756603609062 856.676025390625 203
1756603610104 965.4188842773438 204
1756603611143 1106.8448486328125 205
1756603612198 903.7367553710938 206
1756603613237 1010.792236328125 207
1756603614274 1146.7794189453125 208
1756603615323 1057.63427734375 209
1756603616390 900.0020751953125 210
1756603617436 1157.6514892578125 211
1756603618480 1099.0184326171875 212
1756603619514 960.3978881835938 213
1756603620558 1123.5797119140625 214
1756603621603 1148.1395263671875 215
1756603622638 1045.98095703125 216
1756603623699 1032.31396484375 217
1756603624740 1055.1358642578125 218
1756603625777 928.0397338867188 219
1756603626825 997.9822998046875 220
1756603627884 845.5780029296875 221
1756603628926 925.2694702148438 222
1756603629974 927.1577758789062 223
1756603631023 1031.7493896484375 224
1756603632071 977.0681762695312 225
1756603633120 796.7027587890625 226
1756603634169 1079.21923828125 227
1756603635213 1094.5560302734375 228
1756603636249 1140.2166748046875 229
1756603637296 825.8106079101562 230
1756603638534 1091.4083251953125 231
1756603639557 1080.500732421875 232
1756603640609 1070.77978515625 233
1756603641654 1023.2720947265625 234
1756603642701 1040.27685546875 235
1756603643754 1039.51904296875 236
1756603644797 998.780029296875 237
1756603645846 1014.5025634765625 238
1756603646881 970.7699584960938 239
1756603647912 1178.2703857421875 240
1756603648935 1170.20458984375 241
1756603649981 1020.8196411132812 242
1756603651002 1053.54931640625 243
1756603652044 1075.017578125 244
1756603653088 995.1355590820312 245
1756603654122 934.8171997070312 246
1756603655166 786.4661865234375 247
1756603656196 1134.9898681640625 248
1756603657292 1011.0203247070312 249
1756603658341 1099.9805908203125 250
1756603659388 917.3399047851562 251
1756603660442 1132.911376953125 252
1756603661496 1024.1556396484375 253
1756603662542 908.011474609375 254
1756603663565 1153.913818359375 255
1756603664596 1247.5721435546875 256
1756603665628 1200.150390625 257
1756603666652 1273.1611328125 258
1756603667682 1130.632568359375 259
1756603668744 871.5682373046875 260
1756603669778 1162.369873046875 261
1756603670834 890.3187255859375 262
1756603671864 1039.1944580078125 263
1756603672892 1123.7996826171875 264
1756603673919 889.894775390625 265
1756603674948 739.5562133789062 266
1756603675985 1043.1239013671875 267
1756603677037 977.7034301757812 268
1756603678090 1016.953125 269
1756603679146 910.1317749023438 270
1756603680181 1051.1453857421875 271
1756603681211 1052.553466796875 272
1756603682248 1085.3448486328125 273
1756603683269 941.6174926757812 274
1756603684286 854.39404296875 275
1756603685308 824.2178344726562 276
1756603686350 958.9237670898438 277
1756603687409 1268.646240234375 278
1756603688433 1254.6949462890625 279
1756603689484 1004.8554077148438 280
1756603690534 1110.24755859375 281
1756603691573 1088.486328125 282
1756603692624 1206.9566650390625 283
1756603693657 1108.2073974609375 284
1756603694705 1023.9503173828125 285
1756603695768 985.7540283203125 286
1756603696836 936.8999633789062 287
1756603697895 1150.808349609375 288
1756603698947 757.1199340820312 289
1756603699977 973.1197509765625 290
1756603701010 1036.6427001953125 291
1756603702032 1116.2593994140625 292
1756603703066 1189.944580078125 293
1756603704088 869.8446044921875 294
1756603705123 1065.8822021484375 295
1756603706154 948.816162109375 296
1756603707185 1399.7119140625 297
1756603708210 862.162109375 298
1756603709247 1072.8837890625 299
1756603731889 2338.026611328125 0
1756603733024 1431.2008056640625 1
1756603734109 956.123291015625 2
1756603735160 1109.203125 3
1756603736189 1302.2156982421875 4
1756603737209 1014.4793090820312 5
1756603738250 1123.472900390625 6
1756603739275 1014.449951171875 7
1756603740298 1088.4906005859375 8
1756603741332 777.4638671875 9
1756603742355 1214.4561767578125 10
1756603743379 909.5883178710938 11
1756603744409 1008.9447631835938 12
1756603745432 880.5219116210938 13
1756603746455 1227.4405517578125 14
1756603747492 961.6338500976562 15
1756603748530 919.9435424804688 16
1756603749572 979.4803466796875 17
1756603750629 942.3452758789062 18
1756603751654 1029.3604736328125 19
1756603752688 1055.46630859375 20
1756603753717 867.2307739257812 21
1756603754740 912.1445922851562 22
1756603755769 1110.4130859375 23
1756603756801 776.42431640625 24
1756603757830 934.6680908203125 25
1756603758883 964.0630493164062 26
1756603759955 1050.0784912109375 27
1756603760994 834.2019653320312 28
1756603762054 1059.10302734375 29
1756603763083 1147.15869140625 30
1756603764114 1119.5408935546875 31
1756603765158 993.006591796875 32
1756603766200 1026.716064453125 33
1756603767229 1015.64306640625 34
1756603768287 1118.5360107421875 35
1756603769319 958.93212890625 36
1756603770351 767.5460205078125 37
1756603771389 967.7202758789062 38
1756603772423 1021.756591796875 39
1756603773511 998.4593505859375 40
1756603774550 1214.924560546875 41
1756603775614 789.4290161132812 42
1756603776679 1077.1094970703125 43
1756603777713 1019.1838989257812 44
1756603778738 1059.2601318359375 45
1756603779786 894.6016845703125 46
1756603780843 891.8317260742188 47
1756603781902 1146.10302734375 48
1756603782981 1229.531982421875 49
1756603784050 934.994140625 50
1756603785092 1180.5787353515625 51
1756603786146 1175.4688720703125 52
1756603787189 879.499267578125 53
1756603788247 1172.549560546875 54
1756603789291 997.9614868164062 55
1756603790315 868.0172119140625 56
1756603791351 1130.7210693359375 57
1756603792393 819.1478881835938 58
1756603793449 1082.4197998046875 59
1756603794494 842.134765625 60
1756603795536 994.2281494140625 61
1756603796591 1076.4576416015625 62
1756603797630 1375.2728271484375 63
1756603798662 818.9053344726562 64
1756603799699 1072.5628662109375 65
1756603800760 811.0519409179688 66
1756603801808 841.1505126953125 67
1756603802862 1170.33544921875 68
1756603803915 807.7719116210938 69
1756603804969 940.143798828125 70
1756603806132 1229.22021484375 71
1756603807192 903.2947998046875 72
1756603808228 757.0336303710938 73
1756603809269 1090.7764892578125 74
1756603810314 1064.71533203125 75
1756603811366 1105.00341796875 76
1756603812409 1062.0306396484375 77
1756603813470 1055.7779541015625 78
1756603814500 962.5420532226562 79
1756603815532 1278.10546875 80
1756603816585 892.2322998046875 81
1756603817648 863.0074462890625 82
1756603818692 1022.960205078125 83
1756603819742 992.5242919921875 84
1756603820782 1074.4427490234375 85
1756603821814 716.8377075195312 86
1756603822851 958.3470458984375 87
1756603823893 1074.0919189453125 88
1756603824939 1107.1041259765625 89
1756603825984 955.6622924804688 90
1756603827031 1094.084716796875 91
1756603828079 1205.672119140625 92
1756603829129 902.0496215820312 93
1756603830184 973.8605346679688 94
1756603831233 1057.4393310546875 95
1756603832289 1262.4853515625 96
1756603833329 1115.245361328125 97
1756603834368 1123.314208984375 98
1756603835412 866.236328125 99
1756603836477 1074.2589111328125 100
1756603837543 1100.5006103515625 101
1756603838595 980.102783203125 102
1756603839671 1066.023193359375 103
1756603840720 1157.3719482421875 104
1756603841766 1100.308349609375 105
1756603842803 1153.17529296875 106
1756603843868 961.0503540039062 107
1756603844941 1090.0975341796875 108
1756603845999 1041.2430419921875 109
1756603847063 934.5233154296875 110
1756603848126 1127.8089599609375 111
1756603849175 1055.290771484375 112
1756603850214 949.2597045898438 113
1756603851253 999.6661987304688 114
1756603852303 964.4824829101562 115
1756603853349 809.6625366210938 116
1756603854385 1153.820068359375 117
1756603855435 865.5988159179688 118
1756603856479 966.781982421875 119
1756603857536 1143.2509765625 120
1756603858582 1170.27490234375 121
1756603859622 916.1095581054688 122
1756603860658 977.2232666015625 123
1756603861713 946.3410034179688 124
1756603862773 954.1270751953125 125
1756603863815 980.0428466796875 126
1756603864855 1109.1483154296875 127
1756603865891 1234.435302734375 128
1756603866926 937.1885375976562 129
1756603867964 1052.5494384765625 130
1756603869010 1184.725341796875 131
1756603870054 971.8536376953125 132
1756603871086 993.6536254882812 133
1756603872123 885.984375 134
1756603873177 1096.577880859375 135
1756603874236 982.6333618164062 136
1756603875284 951.5195922851562 137
1756603876379 1109.9200439453125 138
1756603877423 920.9282836914062 139
1756603878457 967.412841796875 140
1756603879538 850.5914916992188 141
1756603880612 1059.510986328125 142
1756603881668 984.404541015625 143
1756603882723 1223.241943359375 144
1756603883766 1115.619384765625 145
1756603884811 1116.085693359375 146
1756603885880 1056.4456787109375 147
1756603886946 1010.5753173828125 148
1756603887989 879.6079711914062 149
1756603889034 1113.7069091796875 150
1756603890091 1073.1304931640625 151
1756603891134 1176.8658447265625 152
1756603892189 1179.699951171875 153
1756603893251 928.6927490234375 154
1756603894306 1057.6788330078125 155
1756603895384 978.7691040039062 156
1756603896451 926.9397583007812 157
1756603897538 966.6647338867188 158
1756603898581 957.129638671875 159
1756603899633 1049.7264404296875 160
1756603900673 990.3515625 161
1756603901731 995.3416748046875 162
1756603902781 902.01611328125 163
1756603903825 918.9912719726562 164
1756603904866 1241.0440673828125 165
1756603905931 956.1444702148438 166
1756603906995 876.792724609375 167
1756603908030 979.4178466796875 168
1756603909065 1155.953857421875 169
1756603910132 1061.2774658203125 170
1756603911199 1040.39990234375 171
1756603912256 704.5274658203125 172
1756603913324 1076.6103515625 173
1756603914363 928.8199462890625 174
1756603915425 953.8536376953125 175
1756603916465 785.7758178710938 176
1756603917508 1080.8695068359375 177
1756603918559 1154.7476806640625 178
1756603919605 905.86474609375 179
1756603920636 743.6666259765625 180
1756603921683 1091.1026611328125 181
1756603922759 1106.7569580078125 182
1756603923796 1064.5013427734375 183
1756603924833 902.7984008789062 184
1756603925892 955.8279418945312 185
1756603926937 1009.3599243164062 186
1756603927982 1253.98583984375 187
1756603929024 924.597412109375 188
1756603930062 1187.1070556640625 189
1756603931119 955.4927368164062 190
1756603932177 910.3097534179688 191
1756603933220 1105.2510986328125 192
1756603934261 911.0330200195312 193
1756603935309 1042.6107177734375 194
1756603936342 826.82470703125 195
1756603937385 790.0079956054688 196
1756603938440 940.2725830078125 197
1756603939477 1259.7266845703125 198
1756603940508 1087.2471923828125 199
1756603941549 1036.587646484375 200
1756603942587 980.1156005859375 201
1756603943627 1082.0428466796875 202
1756603944670 1327.0172119140625 203
1756603945721 1076.1695556640625 204
1756603946758 916.9673461914062 205
1756603947807 935.9501342773438 206
1756603948847 975.583984375 207
1756603949885 968.955078125 208
1756603950933 1265.6300048828125 209
1756603951997 1053.1558837890625 210
1756603953030 1100.9034423828125 211
1756603954277 1156.858642578125 212
1756603955375 717.7442626953125 213
1756603956447 919.8419799804688 214
1756603957494 1049.538330078125 215
1756603958546 1236.767578125 216
1756603959590 1079.7821044921875 217
1756603960671 1415.52685546875 218
1756603961721 1137.843017578125 219
1756603962760 1072.0968017578125 220
1756603963797 984.1649169921875 221
1756603964838 997.23095703125 222
1756603965883 952.2545166015625 223
1756603966931 964.6741333007812 224
1756603967994 1042.4595947265625 225
1756603969056 1234.8480224609375 226
1756603970117 911.5795288085938 227
1756603971163 1127.163818359375 228
1756603972211 955.524658203125 229
1756603973298 959.2041625976562 230
1756603974363 1144.646728515625 231
1756603975413 951.5545654296875 232
1756603976452 1120.9169921875 233
1756603977520 1119.62353515625 234
1756603978574 910.5806884765625 235
1756603979639 1145.83251953125 236
1756603980682 877.644287109375 237
1756603981731 1196.9385986328125 238
1756603982772 1080.8436279296875 239
1756603983811 1079.817626953125 240
1756603984874 1091.576904296875 241
1756603985956 1057.72509765625 242
1756603987039 1089.3197021484375 243
1756603988093 1105.097900390625 244
1756603989151 1220.6754150390625 245
1756603990231 934.379150390625 246
1756603991283 1206.8985595703125 247
1756603992349 1210.334716796875 248
1756603993400 1040.8746337890625 249
1756603994440 1110.7979736328125 250
1756603995488 1013.9348754882812 251
1756603996533 1126.2498779296875 252
1756603997584 925.3829345703125 253
1756603998638 917.191650390625 254
1756603999686 871.8052368164062 255
1756604000751 1136.3994140625 256
1756604001798 964.7328491210938 257
1756604002858 1037.7728271484375 258
1756604003908 824.1085205078125 259
1756604004958 1080.6290283203125 260
1756604006007 875.6349487304688 261
1756604007053 976.23681640625 262
1756604008090 937.5863037109375 263
1756604009156 1111.7860107421875 264
1756604010213 1188.4522705078125 265
1756604011249 913.6045532226562 266
1756604012309 1112.2769775390625 267
1756604013351 845.9267578125 268
1756604014414 1121.2135009765625 269
1756604015472 976.4647827148438 270
1756604016628 1021.8738403320312 271
1756604017701 1070.8382568359375 272
1756604018764 928.970703125 273
1756604019810 1062.700439453125 274
1756604020857 1069.8724365234375 275
1756604021899 1073.468017578125 276
1756604022960 1001.35205078125 277
1756604024021 850.1204833984375 278
1756604025061 883.2470703125 279
1756604026110 1058.0413818359375 280
1756604027161 1094.8447265625 281
1756604028202 1039.3238525390625 282
1756604029240 1000.507080078125 283
1756604030299 976.4080200195312 284
1756604031358 1033.953369140625 285
1756604032416 855.3711547851562 286
1756604033451 1211.8778076171875 287
1756604034495 1039.2403564453125 288
1756604035535 917.331298828125 289
1756604036588 1022.2908325195312 290
1756604037657 905.3778076171875 291
1756604038704 1040.07763671875 292
1756604039742 1106.08349609375 293
1756604040813 974.3720092773438 294
1756604041904 1103.1954345703125 295
1756604042948 1056.8721923828125 296
1756604043985 741.79736328125 297
1756604045043 809.6640625 298
1756604046087 1104.4039306640625 299
1756604064824 2572.269287109375 0
1756604065995 2572.269287109375 1
1756604067151 2572.269287109375 2
1756604068246 2572.269287109375 3
1756604069343 2572.269287109375 4
1756604070431 2572.269287109375 5
1756604071509 2572.269287109375 6
1756604072597 2566.6015625 7
1756604073681 2421.865478515625 8
1756604074777 1940.34130859375 9
1756604075876 1318.415283203125 10
1756604076986 1249.6129150390625 11
1756604078098 1455.65478515625 12
1756604079208 1208.7061767578125 13
1756604080323 1107.971435546875 14
1756604081414 1286.7037353515625 15
1756604082502 1388.77392578125 16
1756604083599 1186.6251220703125 17
1756604084700 1233.9195556640625 18
1756604085798 876.4776000976562 19
1756604086888 889.5555419921875 20
1756604087972 1082.4537353515625 21
1756604089057 1224.8719482421875 22
1756604090158 950.2788696289062 23
1756604091261 833.319091796875 24
1756604092350 1120.1549072265625 25
1756604093438 1133.7945556640625 26
1756604094524 1121.5992431640625 27
1756604095627 798.25830078125 28
1756604096722 1076.1561279296875 29
1756604097811 1058.3006591796875 30
1756604098908 972.4817504882812 31
1756604099998 1073.2103271484375 32
1756604101090 1045.911376953125 33
1756604102199 883.5733032226562 34
1756604103335 960.6721801757812 35
1756604104442 1062.0283203125 36
1756604105539 1085.5364990234375 37
1756604106624 939.4507446289062 38
1756604107716 783.6121215820312 39
1756604108805 1004.5519409179688 40
1756604109901 1117.7637939453125 41
1756604110988 1101.2659912109375 42
1756604112083 1031.4443359375 43
1756604113208 1023.089599609375 44
1756604114320 1095.415771484375 45
1756604115428 993.9114990234375 46
1756604116522 1101.18896484375 47
1756604117625 1183.9932861328125 48
1756604118721 1024.369384765625 49
1756604119843 1216.1771240234375 50
1756604120952 1094.542236328125 51
1756604122070 909.4336547851562 52
1756604123214 1041.7218017578125 53
1756604124343 1248.6683349609375 54
1756604125463 1190.5936279296875 55
1756604126581 1089.8992919921875 56
1756604127677 1034.51318359375 57
1756604128765 1082.994140625 58
1756604129863 898.0621948242188 59
1756604130970 1093.1009521484375 60
1756604132071 1005.4279174804688 61
1756604133205 1120.2562255859375 62
1756604134298 749.8431396484375 63
1756604135431 1184.2578125 64
1756604136576 959.0833740234375 65
1756604137674 1304.612060546875 66
1756604138775 822.1857299804688 67
1756604139867 1023.8385620117188 68
1756604140952 1228.03759765625 69
1756604142040 1216.2822265625 70
1756604143123 815.5040283203125 71
1756604144214 1007.5975341796875 72
1756604145308 1066.4696044921875 73
1756604146405 1270.63427734375 74
1756604147540 980.4476928710938 75
1756604148674 1166.4068603515625 76
1756604149784 753.4191284179688 77
1756604150901 1151.2147216796875 78
1756604152011 917.9871826171875 79
1756604153103 1131.8572998046875 80
1756604154204 916.3048706054688 81
1756604155295 1108.242431640625 82
1756604156386 1202.8682861328125 83
1756604157476 970.0235595703125 84
1756604158567 1238.3751220703125 85
1756604159661 1053.7164306640625 86
1756604160776 813.8092041015625 87
1756604161881 994.6038208007812 88
1756604162995 1171.0643310546875 89
1756604164093 944.4236450195312 90
1756604165213 961.28662109375 91
1756604166304 1030.86669921875 92
1756604167394 1205.2139892578125 93
1756604168505 1084.3707275390625 94
1756604169594 854.9954833984375 95
1756604170683 1230.207275390625 96
1756604171792 1186.429931640625 97
1756604172893 1138.51416015625 98
1756604174012 1277.7686767578125 99
1756604175156 1150.78759765625 100
1756604176285 938.329833984375 101
1756604177404 1016.5848999023438 102
1756604178536 1071.8392333984375 103
1756604179647 1012.207763671875 104
1756604180748 1042.1658935546875 105
1756604181850 943.1355590820312 106
1756604182954 912.5105590820312 107
1756604184052 1032.398681640625 108
1756604185150 1110.5172119140625 109
1756604186281 1200.932373046875 110
1756604187394 1178.3900146484375 111
1756604188509 1013.6434326171875 112
1756604189593 1003.7515258789062 113
1756604190676 1040.963134765625 114
1756604191764 1114.1114501953125 115
1756604192858 993.3278198242188 116
1756604193950 1144.5902099609375 117
1756604195052 992.3084716796875 118
1756604196139 1052.796630859375 119
1756604197227 922.75439453125 120
1756604198308 1214.3660888671875 121
1756604199395 1104.5556640625 122
1756604200479 1039.1993408203125 123
1756604201559 1186.7681884765625 124
1756604202638 995.235107421875 125
1756604203738 1074.4788818359375 126
1756604204821 1068.2421875 127
1756604205904 1011.515625 128
1756604206992 1098.0135498046875 129
1756604208074 1060.5179443359375 130
1756604209157 1234.791015625 131
1756604210257 934.0932006835938 132
1756604211336 1011.8609008789062 133
1756604212420 1168.8216552734375 134
1756604213505 1111.6864013671875 135
1756604214589 1201.31103515625 136
1756604215673 985.3043212890625 137
1756604216772 1099.7303466796875 138
1756604217859 1133.559814453125 139
1756604218947 1130.1038818359375 140
1756604220028 1104.5006103515625 141
1756604221162 938.7634887695312 142
1756604222241 1011.064208984375 143
1756604223329 1168.976806640625 144
1756604224419 972.0696411132812 145
1756604225505 922.4368286132812 146
1756604226586 831.6949462890625 147
1756604227675 1110.143798828125 148
1756604228769 1079.92041015625 149
1756604229854 999.3121948242188 150
1756604230960 1238.862060546875 151
1756604232047 964.8162841796875 152
1756604233129 1031.764892578125 153
1756604234220 1333.7933349609375 154
1756604235300 1067.9144287109375 155
1756604236407 1120.4158935546875 156
1756604237497 1072.9130859375 157
1756604238629 790.321533203125 158
1756604239722 1266.7235107421875 159
1756604240812 851.0838012695312 160
1756604241918 1106.4405517578125 161
1756604243015 1046.818115234375 162
1756604244109 1138.586181640625 163
1756604245223 1148.9639892578125 164
1756604246346 925.1375122070312 165
1756604247444 1069.552001953125 166
1756604248536 1021.7616577148438 167
1756604249652 1102.601806640625 168
1756604250747 1084.833984375 169
1756604251830 1069.587158203125 170
1756604252913 1214.2000732421875 171
1756604253998 1059.1490478515625 172
1756604255079 1059.7999267578125 173
1756604256159 812.2247924804688 174
1756604257356 917.2213745117188 175
1756604258487 983.2696533203125 176
1756604259600 865.6787719726562 177
1756604260701 768.4951171875 178
1756604261807 1016.5218505859375 179
1756604262894 1021.454345703125 180
1756604264002 996.5856323242188 181
1756604265117 1072.2769775390625 182
1756604266220 1086.4500732421875 183
1756604267302 992.5421752929688 184
1756604268415 829.0335083007812 185
1756604269511 1005.1013793945312 186
1756604270591 1134.6375732421875 187
1756604271664 1164.52001953125 188
1756604272756 978.6326904296875 189
1756604273842 1115.7689208984375 190
1756604274924 1005.5504760742188 191
1756604276013 1281.3966064453125 192
1756604277147 963.4873046875 193
1756604278226 1048.6517333984375 194
1756604279311 1126.812744140625 195
1756604280429 783.5742797851562 196
1756604281526 1072.3421630859375 197
1756604282615 965.2899169921875 198
1756604283693 1187.5552978515625 199
1756604284769 789.9014282226562 200
1756604285847 1119.518798828125 201
1756604286938 1125.0899658203125 202
1756604288017 1298.276611328125 203
1756604289098 1266.942138671875 204
1756604290190 948.9302368164062 205
1756604291298 992.0755615234375 206
1756604292394 1062.10302734375 207
1756604293508 858.1883544921875 208
1756604294605 870.9437866210938 209
1756604295679 739.3955688476562 210
1756604296758 900.405517578125 211
1756604297839 915.9359741210938 212
1756604298959 1126.5645751953125 213
1756604300047 1136.828369140625 214
1756604301138 1048.668701171875 215
1756604302215 1271.5416259765625 216
1756604303306 1041.3934326171875 217
1756604304407 1084.920166015625 218
1756604305506 1101.9329833984375 219
1756604306585 1189.3084716796875 220
1756604307662 1062.6885986328125 221
1756604308735 1101.1663818359375 222
1756604309815 973.3646240234375 223
1756604310929 934.5208129882812 224
1756604312033 1018.9322509765625 225
1756604313149 988.7406616210938 226
1756604314232 1046.531494140625 227
1756604315316 994.8756713867188 228
1756604316418 965.232666015625 229
1756604317505 1026.783447265625 230
1756604318577 918.4049072265625 231
1756604319684 982.14794921875 232
1756604320803 1052.8416748046875 233
1756604321887 1147.0604248046875 234
1756604322963 838.49267578125 235
1756604324070 1017.301513671875 236
1756604325187 1236.5347900390625 237
1756604326328 1059.4290771484375 238
1756604327433 1197.502197265625 239
1756604328548 985.3637084960938 240
1756604329659 734.388671875 241
1756604330756 1110.6920166015625 242
1756604331839 1293.3843994140625 243
1756604332927 952.8433837890625 244
1756604334010 1102.06982421875 245
1756604335093 841.2445678710938 246
1756604336192 1187.2552490234375 247
1756604337280 1116.36181640625 248
1756604338357 955.0409545898438 249
1756604339429 1142.0614013671875 250
1756604340508 1051.693359375 251
1756604341577 1136.4735107421875 252
1756604342655 1150.9971923828125 253
1756604343729 1045.7459716796875 254
1756604344812 1329.131591796875 255
1756604345895 925.23681640625 256
1756604346984 916.36279296875 257
1756604348067 675.8572998046875 258
1756604349170 1093.3975830078125 259
1756604350256 1228.255615234375 260
1756604351338 1221.5758056640625 261
1756604352434 1092.901123046875 262
1756604353523 889.5888671875 263
1756604354617 1087.0389404296875 264
1756604355716 916.284423828125 265
1756604356807 945.8029174804688 266
1756604357890 986.8409423828125 267
1756604358974 1078.63720703125 268
1756604360054 1084.348876953125 269
1756604361153 1013.3060302734375 270
1756604362259 1158.2769775390625 271
1756604363354 1268.9984130859375 272
1756604364438 906.7029418945312 273
1756604365527 1128.426513671875 274
1756604366612 906.433349609375 275
1756604367698 907.7925415039062 276
1756604368799 1039.518310546875 277
1756604369898 1030.1650390625 278
1756604371006 1168.493896484375 279
1756604372111 937.4006958007812 280
1756604373195 877.1290283203125 281
1756604374303 1037.6873779296875 282
1756604375389 1262.5562744140625 283
1756604376502 801.09033203125 284
1756604377640 1206.16845703125 285
1756604378728 832.4985961914062 286
1756604379815 1166.594970703125 287
1756604380898 1120.2061767578125 288
1756604381982 1099.8795166015625 289
1756604383065 1151.50341796875 290
1756604384146 1018.344482421875 291
1756604385232 1040.291748046875 292
1756604386313 972.5026245117188 293
1756604387395 1061.9537353515625 294
1756604388496 955.7350463867188 295
1756604389626 908.1033325195312 296
1756604390744 919.1324462890625 297
1756604391861 1034.9583740234375 298
1756604392971 1258.696044921875 299
1756604406969 1927.2115478515625 0
1756604408116 822.6996459960938 1
1756604409271 1455.7652587890625 2
1756604410429 1014.2959594726562 3
1756604411579 832.2001953125 4
1756604412715 812.85888671875 5
1756604413852 865.2139282226562 6
1756604414994 815.2334594726562 7
1756604416137 917.2650756835938 8
1756604417291 1052.9771728515625 9
1756604418443 755.61572265625 10
1756604419580 832.0830078125 11
1756604420722 923.953857421875 12
1756604421883 856.1109008789062 13
1756604423044 1027.5703125 14
1756604424183 882.1831665039062 15
1756604425340 934.11181640625 16
1756604426484 907.580078125 17
1756604427622 835.1869506835938 18
1756604428767 1044.155517578125 19
1756604429909 1118.6580810546875 20
1756604431056 826.4368286132812 21
1756604432212 981.2448120117188 22
1756604433388 975.396484375 23
1756604434569 867.34326171875 24
1756604435739 872.7710571289062 25
1756604436930 988.0899047851562 26
1756604438101 901.9883422851562 27
1756604439259 1060.494384765625 28
1756604440403 973.9404296875 29
1756604441548 871.5532836914062 30
1756604442703 978.416015625 31
1756604443865 939.5120239257812 32
1756604445026 983.6944580078125 33
1756604446180 1061.21435546875 34
1756604447342 1024.4521484375 35
1756604448500 791.6286010742188 36
1756604449658 921.90185546875 37
1756604450814 1141.8319091796875 38
1756604451964 946.7667846679688 39
1756604453121 864.7661743164062 40
1756604454280 1079.635498046875 41
1756604455432 897.6861572265625 42
1756604456598 913.3920288085938 43
1756604457753 1051.489501953125 44
1756604458908 879.3087158203125 45
1756604460085 911.4449462890625 46
1756604461241 614.145263671875 47
1756604462398 768.0006713867188 48
1756604463558 938.365478515625 49
1756604464730 665.5447387695312 50
1756604465884 945.9519653320312 51
1756604467059 1100.332275390625 52
1756604468246 969.2457885742188 53
1756604469433 773.3536987304688 54
1756604470595 872.4803466796875 55
1756604471783 1051.41796875 56
1756604472981 938.7588500976562 57
1756604474183 768.9386596679688 58
1756604475383 758.7201538085938 59
1756604476534 755.8048706054688 60
1756604477687 731.7796020507812 61
1756604478841 868.1595458984375 62
1756604479995 1054.726806640625 63
1756604481174 632.68408203125 64
1756604482356 1102.1414794921875 65
1756604483517 781.60498046875 66
1756604484676 966.5838012695312 67
1756604485831 1184.828857421875 68
1756604486985 923.7671508789062 69
1756604488148 910.4705200195312 70
1756604489302 999.7003173828125 71
1756604490459 905.0449829101562 72
1756604491621 843.9576416015625 73
1756604492786 1020.814208984375 74
1756604493976 1067.080810546875 75
1756604495133 875.09912109375 76
1756604496288 841.6449584960938 77
1756604497501 967.3373413085938 78
1756604498657 1045.61669921875 79
1756604499807 891.384033203125 80
1756604500965 773.4786987304688 81
1756604502119 822.2192993164062 82
1756604503298 866.370849609375 83
1756604504455 857.584716796875 84
1756604505613 791.0626831054688 85
1756604506765 863.8994750976562 86
1756604507913 915.0664672851562 87
1756604509104 904.59716796875 88
1756604510290 1018.3095092773438 89
1756604511464 1032.2081298828125 90
1756604512640 975.6185913085938 91
1756604513790 841.39794921875 92
1756604514961 793.8646240234375 93
1756604516120 837.7107543945312 94
1756604517282 870.178466796875 95
1756604518444 899.9822998046875 96
1756604519599 902.2137451171875 97
1756604520749 805.206787109375 98
1756604521903 844.6405029296875 99
1756604523070 764.6522216796875 100
1756604524225 763.4873046875 101
1756604525374 881.1341552734375 102
1756604526523 953.4717407226562 103
1756604527677 979.4491577148438 104
1756604528829 1098.625 105
1756604529988 1029.4193115234375 106
1756604531158 641.7211303710938 107
1756604532320 716.0364990234375 108
1756604533462 855.4817504882812 109
1756604534615 872.5728759765625 110
1756604535768 792.2789916992188 111
1756604536918 1011.129150390625 112
1756604538067 871.9119873046875 113
1756604539214 832.715576171875 114
1756604540363 1130.7926025390625 115
1756604541517 830.5282592773438 116
1756604542671 906.5451049804688 117
1756604543815 674.9449462890625 118
1756604544976 1024.5462646484375 119
1756604546149 994.5232543945312 120
1756604547331 937.5944213867188 121
1756604548487 1020.6183471679688 122
1756604549633 902.49755859375 123
1756604550785 967.4827880859375 124
1756604551945 934.1095581054688 125
1756604553133 969.0106201171875 126
1756604554280 928.14111328125 127
1756604555426 630.831298828125 128
1756604556583 954.5039672851562 129
1756604557762 1212.83056640625 130
1756604558949 759.818359375 131
1756604560140 909.01904296875 132
1756604561324 801.3446655273438 133
1756604562481 989.3562622070312 134
1756604563638 1060.0498046875 135
1756604564817 1017.4116821289062 136
1756604565968 939.8633422851562 137
1756604567142 1012.011474609375 138
1756604568317 916.7010498046875 139
1756604569476 867.94482421875 140
1756604570623 968.527587890625 141
1756604571794 786.3861083984375 142
1756604572943 739.794921875 143
1756604574097 774.97216796875 144
1756604575241 898.0154418945312 145
1756604576388 720.0104370117188 146
1756604577539 913.8181762695312 147
1756604578728 968.8800048828125 148
1756604579880 1064.4906005859375 149
1756604581040 803.6460571289062 150
1756604582222 937.3732299804688 151
1756604583407 681.7365112304688 152
1756604584552 790.2327880859375 153
1756604585696 960.142578125 154
1756604586847 953.7579345703125 155
1756604587998 649.560546875 156
1756604589144 993.4954833984375 157
1756604590321 968.23876953125 158
1756604591470 910.2040405273438 159
1756604592625 1017.6748046875 160
1756604593776 902.3698120117188 161
1756604594926 834.1512451171875 162
1756604596089 847.7183837890625 163
1756604597241 1061.006591796875 164
1756604598390 907.3845825195312 165
1756604599546 781.5975952148438 166
1756604600695 801.5072631835938 167
1756604601894 904.7678833007812 168
1756604603072 951.6187133789062 169
1756604604240 933.4191284179688 170
1756604605413 994.3735961914062 171
1756604606590 942.9793701171875 172
1756604607747 785.1080322265625 173
1756604608899 888.662841796875 174
1756604610068 1215.767822265625 175
1756604611234 1039.9364013671875 176
1756604612397 789.1710815429688 177
1756604613564 1121.714599609375 178
1756604614718 696.80810546875 179
1756604615873 890.4024047851562 180
1756604617054 895.013916015625 181
1756604618203 862.0203247070312 182
1756604619362 915.8743286132812 183
1756604620510 735.9493408203125 184
1756604621663 979.009765625 185
1756604622855 940.8806762695312 186
1756604624032 774.6198120117188 187
1756604625211 981.9791259765625 188
1756604626370 1112.5919189453125 189
1756604627518 801.7737426757812 190
1756604628677 855.7305908203125 191
1756604629832 1002.3800659179688 192
1756604630994 867.5401000976562 193
1756604632161 764.1876831054688 194
1756604633328 1097.0955810546875 195
1756604634491 977.99169921875 196
1756604635638 777.1312866210938 197
1756604636780 844.0518798828125 198
1756604637941 864.8953247070312 199
1756604639085 1008.3222045898438 200
1756604640246 901.3518676757812 201
1756604641395 831.0248413085938 202
1756604642547 875.180908203125 203
1756604643696 753.6632690429688 204
1756604644879 997.3790283203125 205
1756604646065 984.3213500976562 206
1756604647214 961.5216674804688 207
1756604648375 773.2708740234375 208
1756604649520 698.7572631835938 209
1756604650669 950.0321655273438 210
1756604651826 964.328125 211
1756604653001 1015.480712890625 212
1756604654154 1037.8778076171875 213
1756604655303 867.97216796875 214
1756604656457 1022.7384033203125 215
1756604657637 1065.09912109375 216
1756604658803 757.23779296875 217
1756604659985 579.520751953125 218
1756604661139 866.1571655273438 219
1756604662311 836.9878540039062 220
1756604663471 973.11767578125 221
1756604664665 1007.5309448242188 222
1756604665811 842.8153076171875 223
1756604666953 840.215087890625 224
1756604668108 972.2890625 225
1756604669264 1125.4755859375 226
1756604670414 782.6900634765625 227
1756604671595 850.6630249023438 228
1756604672746 1007.785888671875 229
1756604673900 795.3819580078125 230
1756604675047 993.0471801757812 231
1756604676193 924.3189086914062 232
1756604677382 1023.6611328125 233
1756604678540 926.7638549804688 234
1756604679689 911.0420532226562 235
1756604680843 699.9518432617188 236
1756604681991 907.7394409179688 237
1756604683144 758.543701171875 238
1756604684291 1084.735107421875 239
1756604685443 769.3948974609375 240
1756604686592 989.8345947265625 241
1756604687740 626.1416015625 242
1756604688914 1107.0726318359375 243
1756604690073 872.0706176757812 244
1756604691237 1020.2321166992188 245
1756604692422 711.4373168945312 246
1756604693568 905.0592041015625 247
1756604694758 1077.546630859375 248
1756604695922 617.3101806640625 249
1756604697091 683.3721313476562 250
1756604698247 679.5123291015625 251
1756604699389 829.4730834960938 252
1756604700559 936.1992797851562 253
1756604701712 845.1334838867188 254
1756604702856 829.318359375 255
1756604704003 810.5189208984375 256
1756604705161 935.8738403320312 257
1756604706315 925.4319458007812 258
1756604707466 955.381591796875 259
1756604708617 767.5164184570312 260
1756604709768 1055.8157958984375 261
1756604710942 931.3796997070312 262
1756604712117 973.9878540039062 263
1756604713278 815.594482421875 264
1756604714458 806.1803588867188 265
1756604715621 966.2606201171875 266
1756604716790 718.607177734375 267
1756604717953 1001.8746948242188 268
1756604719105 799.3218994140625 269
1756604720254 1065.165283203125 270
1756604721411 770.5733642578125 271
1756604722559 1059.16064453125 272
1756604723741 1029.857421875 273
1756604724923 859.4715576171875 274
1756604726070 1049.1204833984375 275
1756604727221 797.040771484375 276
1756604728373 752.0090942382812 277
1756604729566 924.3699340820312 278
1756604730741 1056.3170166015625 279
1756604731912 861.8336791992188 280
1756604733067 1197.0570068359375 281
1756604734214 918.4373168945312 282
1756604735357 916.331787109375 283
1756604736502 1000.4244995117188 284
1756604737687 1071.2769775390625 285
1756604738831 752.306640625 286
1756604739978 927.0923461914062 287
1756604741127 920.9924926757812 288
1756604742284 847.4588623046875 289
1756604743438 935.8151245117188 290
1756604744610 818.9493408203125 291
1756604745803 976.8358154296875 292
1756604746973 885.7206420898438 293
1756604748128 720.4904174804688 294
1756604749279 780.7032470703125 295
1756604750429 982.05908203125 296
1756604751582 715.46484375 297
1756604752743 865.6355590820312 298
1756604753901 1012.3961791992188 299
1756604768305 2021.1524658203125 0
1756604770835 1379.6240234375 1
1756604773362 1184.7110595703125 2
1756604775846 1318.32958984375 3
1756604778339 1021.8776245117188 4
1756604780891 1133.0035400390625 5
1756604783430 1097.3665771484375 6
1756604785947 1294.2110595703125 7
1756604788472 1005.77783203125 8
1756604791000 1041.0562744140625 9
1756604793523 1200.8563232421875 10
1756604796042 1142.3670654296875 11
1756604798622 773.0467529296875 12
1756604801162 1014.0997924804688 13
1756604803688 1254.7967529296875 14
1756604806296 1456.646240234375 15
1756604808827 1082.9659423828125 16
1756604811367 830.3731079101562 17
1756604813895 1133.5826416015625 18
1756604816417 1020.2161865234375 19
1756604818939 1185.28515625 20
1756604821484 1351.8883056640625 21
1756604824008 1186.30859375 22
1756604826554 1081.288818359375 23
1756604829109 1122.9027099609375 24
1756604831696 1180.2933349609375 25
1756604834275 1232.1552734375 26
1756604836795 1026.523193359375 27
1756604839311 989.7236328125 28
1756604841858 809.8367919921875 29
1756604844428 883.0135498046875 30
1756604846932 1151.3089599609375 31
1756604849482 990.935546875 32
1756604851991 992.2767333984375 33
1756604854499 1094.2427978515625 34
1756604857071 1166.74609375 35
1756604859634 1413.3480224609375 36
1756604862166 1057.6697998046875 37
1756604864752 976.9067993164062 38
1756604867350 894.0708618164062 39
1756604869887 1202.006591796875 40
1756604872421 1299.3533935546875 41
1756604874957 1080.3563232421875 42
1756604877462 774.6575927734375 43
1756604879970 918.3360595703125 44
1756604882482 922.1185913085938 45
1756604885073 1172.4600830078125 46
1756604887596 974.7654418945312 47
1756604890165 1186.2333984375 48
1756604892746 1163.5677490234375 49
1756604895278 928.3240966796875 50
1756604897858 1178.179443359375 51
1756604900392 1190.5675048828125 52
1756604902901 768.0595092773438 53
1756604905440 969.5178833007812 54
1756604907971 1092.615478515625 55
1756604910483 1019.30517578125 56
1756604912985 955.6117553710938 57
1756604915551 1209.3427734375 58
1756604918061 1063.2774658203125 59
1756604920571 1223.3084716796875 60
1756604923085 977.2694702148438 61
1756604925587 1204.273681640625 62
1756604928140 1187.86083984375 63
1756604930675 1439.8184814453125 64
1756604933237 1297.4998779296875 65
1756604935783 1044.850830078125 66
1756604938350 1326.9014892578125 67
1756604940868 1340.721435546875 68
1756604943408 973.3550415039062 69
1756604945944 958.3704833984375 70
1756604948490 1009.3596801757812 71
1756604951004 1121.629150390625 72
1756604953545 1226.8658447265625 73
1756604956057 1185.6141357421875 74
1756604958571 1022.9974365234375 75
1756604961129 1209.7576904296875 76
1756604963651 1000.7960205078125 77
1756604966188 1041.59326171875 78
1756604968725 1068.743896484375 79
1756604971254 1142.671630859375 80
1756604973818 973.949951171875 81
1756604976322 996.350341796875 82
1756604978936 990.7725830078125 83
1756604981466 974.1591796875 84
1756604983991 848.4971923828125 85
1756604986531 1137.1197509765625 86
1756604989112 1018.6356201171875 87
1756604991639 882.8232421875 88
1756604994271 1082.6744384765625 89
1756604996793 1107.46630859375 90
1756604999351 1139.036376953125 91
1756605001894 1165.6458740234375 92
1756605004410 990.6683959960938 93
1756605006924 877.2552490234375 94
1756605009437 1037.5194091796875 95
1756605011975 1061.08203125 96
1756605014542 1012.9066162109375 97
1756605017057 1226.8994140625 98
1756605019569 1004.2567749023438 99
1756605022088 995.4388427734375 100
1756605024626 1136.885498046875 101
1756605027179 1025.8189697265625 102
1756605029732 899.0638427734375 103
1756605032270 1100.507568359375 104
1756605034776 1059.352294921875 105
1756605037288 1119.106689453125 106
1756605039816 1057.51708984375 107
1756605042389 1029.763916015625 108
1756605044945 986.41943359375 109
1756605047524 1023.3267211914062 110
1756605050042 966.2982177734375 111
1756605052547 1077.6865234375 112
1756605055097 1035.0069580078125 113
1756605057621 952.4254760742188 114
1756605060172 1137.52294921875 115
1756605062713 1091.7156982421875 116
1756605065213 1045.8145751953125 117
1756605067723 1177.40625 118
1756605070238 916.5777587890625 119
1756605072749 914.6532592773438 120
1756605075252 997.1144409179688 121
1756605077760 1016.12158203125 122
1756605080264 1137.6995849609375 123
1756605082781 895.7107543945312 124
1756605085298 1138.652587890625 125
1756605087807 1057.74609375 126
1756605090370 1002.2883911132812 127
1756605092927 905.954833984375 128
1756605095429 1214.0174560546875 129
1756605097995 1014.9979248046875 130
1756605100501 1174.81884765625 131
1756605103002 1030.062255859375 132
1756605105512 991.1806030273438 133
1756605108018 983.6071166992188 134
1756605110534 806.514892578125 135
1756605113051 980.134521484375 136
1756605115561 1221.24267578125 137
1756605118076 903.7334594726562 138
1756605120613 1243.5167236328125 139
1756605123165 1150.0394287109375 140
1756605125677 1110.0673828125 141
1756605128173 963.2433471679688 142
1756605130711 1246.61865234375 143
1756605133228 1073.4288330078125 144
1756605135768 1172.7078857421875 145
1756605138288 1095.58740234375 146
1756605140797 945.3682250976562 147
1756605143309 890.3272094726562 148
1756605145840 942.9285278320312 149
1756605148351 927.84375 150
1756605150873 890.1449584960938 151
1756605153387 843.7821044921875 152
1756605155933 1300.6212158203125 153
1756605158444 1169.7933349609375 154
1756605160955 1256.7000732421875 155
1756605163552 933.3878173828125 156
1756605166130 993.1000366210938 157
1756605168644 908.8102416992188 158
1756605171161 1167.519775390625 159
1756605173717 1006.7269287109375 160
1756605176300 1171.9327392578125 161
1756605178830 1012.0743408203125 162
1756605181354 1098.703857421875 163
1756605183887 1102.8843994140625 164
1756605186440 805.2810668945312 165
1756605188951 1146.7105712890625 166
1756605191469 1005.9083251953125 167
1756605194007 960.1932373046875 168
1756605196526 977.6514282226562 169
1756605199052 1033.694091796875 170
1756605201609 1083.5670166015625 171
1756605204150 1071.5338134765625 172
1756605206660 1075.6729736328125 173
1756605209191 1042.3021240234375 174
1756605211707 1218.2718505859375 175
1756605214225 986.0845947265625 176
1756605216835 1072.3262939453125 177
1756605219381 928.1705322265625 178
1756605221898 1119.9034423828125 179
1756605224462 1116.7467041015625 180
1756605226985 1071.5408935546875 181
1756605229521 961.2447509765625 182
1756605232032 826.81494140625 183
1756605234582 1294.090576171875 184
1756605237140 1062.68115234375 185
1756605239644 1194.1141357421875 186
1756605242165 1006.81591796875 187
1756605244689 791.8101196289062 188
1756605247195 1081.9443359375 189
1756605249746 903.67529296875 190
1756605252309 1114.8197021484375 191
1756605254820 885.100341796875 192
1756605257364 918.1982421875 193
1756605259948 1340.9320068359375 194
1756605262472 952.628173828125 195
1756605265001 973.46826171875 196
1756605267507 1221.1270751953125 197
1756605270027 992.298828125 198
1756605272532 1042.99072265625 199
1756605275035 1094.9266357421875 200
1756605277552 1020.0394287109375 201
1756605280087 1039.16064453125 202
1756605282635 1085.6085205078125 203
1756605285164 1185.3773193359375 204
1756605287676 1101.5655517578125 205
1756605290186 1042.4713134765625 206
1756605292700 835.25341796875 207
1756605295218 1246.1119384765625 208
1756605297755 1056.7490234375 209
1756605300286 1178.0240478515625 210
1756605302810 862.2592163085938 211
1756605305342 1121.0986328125 212
1756605307858 880.2550048828125 213
1756605310412 1173.351806640625 214
1756605312914 838.823974609375 215
1756605315466 940.9281005859375 216
1756605318037 911.3931884765625 217
1756605320555 872.4841918945312 218
1756605323098 951.6647338867188 219
1756605325644 959.90966796875 220
1756605328197 1107.47119140625 221
1756605330693 1090.7032470703125 222
1756605333234 957.6310424804688 223
1756605335740 1094.0462646484375 224
1756605338349 1172.1983642578125 225
1756605340849 1238.1285400390625 226
1756605343364 1125.0487060546875 227
1756605345879 837.1293334960938 228
1756605348405 941.0911254882812 229
1756605350912 1185.2767333984375 230
1756605353428 1051.4971923828125 231
1756605355956 1088.500244140625 232
1756605358472 785.298583984375 233
1756605361009 951.675537109375 234
1756605363532 1145.03759765625 235
1756605366036 1081.375 236
1756605368547 838.1788330078125 237
1756605371061 992.2916259765625 238
1756605373574 1027.2744140625 239
1756605376084 1163.8349609375 240
1756605378604 1034.7623291015625 241
1756605381139 1059.4110107421875 242
1756605383663 1462.599365234375 243
1756605386242 1276.69921875 244
1756605388759 1071.9423828125 245
1756605391314 983.8123168945312 246
1756605393839 860.1375122070312 247
1756605396354 1007.9552612304688 248
1756605398912 914.3331909179688 249
1756605401448 1095.7965087890625 250
1756605403977 899.94873046875 251
1756605406476 946.4560546875 252
1756605408994 942.1990966796875 253
1756605411524 833.9122924804688 254
1756605414055 934.8362426757812 255
1756605416559 1062.4505615234375 256
1756605419060 957.2990112304688 257
1756605421575 857.8017578125 258
1756605424074 1102.713623046875 259
1756605426603 1268.2747802734375 260
1756605429165 1126.394775390625 261
1756605431695 913.3245239257812 262
1756605434218 564.2494506835938 263
1756605436720 1128.515380859375 264
1756605439228 862.5966796875 265
1756605441765 801.4953002929688 266
1756605444297 1057.1475830078125 267
1756605446821 1115.3717041015625 268
1756605449367 1030.4708251953125 269
1756605451878 1026.430908203125 270
1756605454388 1142.7491455078125 271
1756605457006 1079.73193359375 272
1756605459520 1181.3675537109375 273
1756605462038 715.808837890625 274
1756605464556 1193.8177490234375 275
1756605467090 1023.6163330078125 276
1756605469604 1049.979248046875 277
1756605472142 967.4559326171875 278
1756605474642 991.5286254882812 279
1756605477206 877.6636962890625 280
1756605479769 1092.58740234375 281
1756605482346 1057.3876953125 282
1756605484889 1175.32958984375 283
1756605487410 1044.0335693359375 284
1756605489929 855.403076171875 285
1756605492488 908.5993041992188 286
1756605495050 874.1005249023438 287
1756605497581 1044.7894287109375 288
1756605500098 1037.07421875 289
1756605502619 1020.488037109375 290
1756605505140 1134.6541748046875 291
1756605507647 1254.5986328125 292
1756605510201 1123.2236328125 293
1756605512739 1018.9517822265625 294
1756605515321 1112.0948486328125 295
1756605517863 1075.3431396484375 296
1756605520425 823.7090454101562 297
1756605523057 874.891357421875 298
1756605525560 1087.357177734375 299
1756605541217 2323.2021484375 0
1756605543804 1389.6829833984375 1
1756605546368 1393.06591796875 2
1756605548942 1293.176025390625 3
1756605551504 1259.988525390625 4
1756605554106 1324.3360595703125 5
1756605556671 1063.6162109375 6
1756605559237 1277.6153564453125 7
1756605561818 1043.7431640625 8
1756605564382 1330.893310546875 9
1756605566969 987.4024658203125 10
1756605569564 1103.3759765625 11
1756605572172 1103.089599609375 12
1756605574747 1336.505859375 13
1756605577401 1102.6817626953125 14
1756605579982 1098.5499267578125 15
1756605582564 1173.8912353515625 16
1756605585135 1280.4735107421875 17
1756605587725 1020.4203491210938 18
1756605590332 1062.8043212890625 19
1756605592972 1049.994140625 20
1756605595561 1074.1075439453125 21
1756605598205 1159.861328125 22
1756605600803 1247.4097900390625 23
1756605603419 1073.763671875 24
1756605606039 1254.46923828125 25
1756605608635 953.7488403320312 26
1756605611232 1267.489013671875 27
1756605613812 1242.062744140625 28
1756605616397 943.9680786132812 29
1756605618992 1423.0777587890625 30
1756605621618 1119.66162109375 31
1756605624238 1175.6475830078125 32
1756605626830 1120.6993408203125 33
1756605629403 1306.3433837890625 34
1756605632000 1077.4691162109375 35
1756605634616 1190.0938720703125 36
1756605637232 1003.1808471679688 37
1756605639833 1264.8873291015625 38
1756605642448 998.811279296875 39
1756605645044 1242.303466796875 40
1756605647646 1361.6129150390625 41
1756605650255 1291.87255859375 42
1756605652875 1159.64013671875 43
1756605655490 1028.0101318359375 44
1756605658075 1337.704345703125 45
1756605660694 1288.450927734375 46
1756605663298 1369.724609375 47
1756605665885 1058.291015625 48
1756605668553 1194.7783203125 49
1756605671141 1478.0745849609375 50
1756605673733 893.7481079101562 51
1756605676336 1017.839599609375 52
1756605678924 1232.4385986328125 53
1756605681532 1038.58203125 54
1756605684115 1093.4132080078125 55
1756605686713 1084.2435302734375 56
1756605689301 1072.7965087890625 57
1756605691916 1111.3165283203125 58
1756605694505 1191.0369873046875 59
1756605697139 950.7808837890625 60
1756605699778 1064.0867919921875 61
1756605702374 1093.522216796875 62
1756605704996 1361.1163330078125 63
1756605707622 1165.3443603515625 64
1756605710228 1111.212890625 65
1756605712815 859.709716796875 66
1756605715406 1069.53515625 67
1756605718009 1474.6324462890625 68
1756605720599 1240.4573974609375 69
1756605723213 1197.77490234375 70
1756605725806 1091.7437744140625 71
1756605728392 1169.8221435546875 72
1756605731019 1096.09765625 73
1756605733632 1054.2908935546875 74
1756605736246 1093.8094482421875 75
1756605738844 1047.210693359375 76
1756605741458 1199.4171142578125 77
1756605744034 989.1705322265625 78
1756605746689 1286.666748046875 79
1756605749268 984.0570678710938 80
1756605751851 1256.76708984375 81
1756605754469 898.0999755859375 82
1756605757079 1127.316162109375 83
1756605759673 1113.4075927734375 84
1756605762289 1067.872314453125 85
1756605764955 1075.979736328125 86
1756605767548 1199.520751953125 87
1756605770147 1154.4801025390625 88
1756605772740 1136.697265625 89
1756605775322 1123.2208251953125 90
1756605777905 936.2296752929688 91
1756605780483 1221.0826416015625 92
1756605783065 1204.08154296875 93
1756605785662 1161.8914794921875 94
1756605788246 1281.4208984375 95
1756605790844 1264.993408203125 96
1756605793429 1188.29052734375 97
1756605796004 1055.311279296875 98
1756605798619 1214.4608154296875 99
1756605801194 1220.5836181640625 100
1756605803768 1018.8845825195312 101
1756605806395 1019.7763671875 102
1756605808998 1057.5712890625 103
1756605811586 994.88818359375 104
1756605814162 1176.4449462890625 105
1756605816805 1090.9493408203125 106
1756605819392 1360.0738525390625 107
1756605821969 1506.6348876953125 108
1756605824579 1114.4508056640625 109
1756605827230 1440.3907470703125 110
1756605829858 980.0472412109375 111
1756605832452 1180.6961669921875 112
1756605835048 1171.1988525390625 113
1756605837671 1120.10009765625 114
1756605840247 1228.3858642578125 115
1756605842858 1111.6041259765625 116
1756605845438 1153.848876953125 117
1756605848005 1246.615234375 118
1756605850631 1126.0865478515625 119
1756605853207 1107.2974853515625 120
1756605855785 1021.7730712890625 121
1756605858353 1395.3875732421875 122
1756605860962 1136.25634765625 123
1756605863629 1016.1157836914062 124
1756605866240 1143.9874267578125 125
1756605868878 1155.3431396484375 126
1756605871462 962.8209838867188 127
1756605874091 1137.523193359375 128
1756605876694 1084.6175537109375 129
1756605879291 966.1848754882812 130
1756605881876 969.86669921875 131
1756605884466 870.7010498046875 132
1756605887070 1265.5037841796875 133
1756605889673 1029.8228759765625 134
1756605892249 1072.1610107421875 135
1756605894876 1541.2144775390625 136
1756605897602 1112.2645263671875 137
1756605900193 1238.6715087890625 138
1756605902825 1083.549072265625 139
1756605905413 1182.61083984375 140
1756605908005 960.7650756835938 141
1756605910596 831.3824462890625 142
1756605913166 1081.0618896484375 143
1756605915759 980.90966796875 144
1756605918332 795.6577758789062 145
1756605920910 1107.7259521484375 146
1756605923495 1077.4498291015625 147
1756605926078 1122.84765625 148
1756605928650 1225.1715087890625 149
1756605931275 1165.0511474609375 150
1756605933838 1092.70458984375 151
1756605936414 1071.4564208984375 152
1756605939099 1185.8375244140625 153
1756605941676 1180.253662109375 154
1756605944246 1063.9205322265625 155
1756605946826 950.9534912109375 156
1756605949401 1209.5609130859375 157
1756605952007 1063.1475830078125 158
1756605954640 1407.3826904296875 159
1756605957242 1196.4195556640625 160
1756605959862 1008.3533325195312 161
1756605962443 1418.3052978515625 162
1756605965047 1051.2965087890625 163
1756605967667 1102.485595703125 164
1756605970295 912.7626953125 165
1756605972888 1108.9161376953125 166
1756605975481 1323.4024658203125 167
1756605978128 1099.702880859375 168
1756605980699 1130.87060546875 169
1756605983298 1234.6806640625 170
1756605985922 802.140625 171
1756605988497 1165.985107421875 172
1756605991084 1084.3172607421875 173
1756605993680 882.8185424804688 174
1756605996244 1014.9468383789062 175
1756605998815 1167.0108642578125 176
1756606001383 964.0303344726562 177
1756606003981 1089.426513671875 178
1756606006579 1111.3089599609375 179
1756606009151 1037.3929443359375 180
1756606011717 1046.8345947265625 181
1756606014293 1005.3921508789062 182
1756606016877 1054.914794921875 183
1756606019455 1258.5516357421875 184
1756606022050 813.6104125976562 185
1756606024663 998.8580322265625 186
1756606027224 1382.0198974609375 187
1756606029806 1009.2576293945312 188
1756606032392 1419.8271484375 189
1756606035012 1276.3419189453125 190
1756606037593 1059.5146484375 191
1756606040234 1282.0169677734375 192
1756606042818 1253.9801025390625 193
1756606045411 1231.331298828125 194
1756606048029 830.6498413085938 195
1756606050601 1042.6639404296875 196
1756606053173 918.2889404296875 197
1756606055781 1024.398193359375 198
1756606058462 887.9454345703125 199
1756606061063 743.475341796875 200
1756606063667 868.537841796875 201
1756606066241 1169.9251708984375 202
1756606068812 955.9114990234375 203
1756606071378 1184.796875 204
1756606073944 1142.23046875 205
1756606076523 1150.5289306640625 206
1756606079090 1342.76318359375 207
1756606081668 1103.737060546875 208
1756606084252 1048.216552734375 209
1756606086836 1343.755859375 210
1756606089435 1084.4429931640625 211
1756606092063 1078.65380859375 212
1756606094661 955.9221801757812 213
1756606097238 1187.0126953125 214
1756606099809 812.6001586914062 215
1756606102375 1026.7119140625 216
1756606104951 1221.010498046875 217
1756606107558 1130.999267578125 218
1756606110155 1052.0186767578125 219
1756606112779 1009.982666015625 220
1756606115355 1170.249267578125 221
1756606117942 904.552734375 222
1756606120544 1195.2215576171875 223
1756606123128 1353.7591552734375 224
1756606125700 1169.152099609375 225
1756606128263 1207.772705078125 226
1756606130850 1213.199951171875 227
1756606133466 1161.60009765625 228
1756606136077 904.2952880859375 229
1756606138655 1359.2041015625 230
1756606141262 1177.468505859375 231
1756606143854 1086.9620361328125 232
1756606146413 1141.3040771484375 233
1756606149000 1148.39990234375 234
1756606151603 1250.44970703125 235
1756606154176 1231.603271484375 236
1756606156737 1096.7325439453125 237
1756606159302 1159.011474609375 238
1756606161891 1033.746826171875 239
1756606164466 1055.343017578125 240
1756606167030 1135.8775634765625 241
1756606169627 1167.5479736328125 242
1756606172213 1188.44091796875 243
1756606174796 1214.97705078125 244
1756606177432 1321.985107421875 245
1756606180052 1014.0430908203125 246
1756606182632 1370.6968994140625 247
1756606185215 1091.49267578125 248
1756606187781 1166.6658935546875 249
1756606190355 1073.1820068359375 250
1756606192932 1213.650146484375 251
1756606195504 1042.3546142578125 252
1756606198117 1181.40869140625 253
1756606200686 1288.2547607421875 254
1756606203269 1057.35009765625 255
1756606205837 1138.8079833984375 256
1756606208414 837.15380859375 257
1756606211032 1315.1236572265625 258
1756606213620 1014.5335083007812 259
1756606216213 1137.60595703125 260
1756606218792 1041.5965576171875 261
1756606221356 932.1088256835938 262
1756606223956 1020.8487548828125 263
1756606226550 1183.9365234375 264
1756606229127 961.30029296875 265
1756606231712 1026.2921142578125 266
1756606234331 1209.7366943359375 267
1756606236891 1161.8828125 268
1756606239447 1068.2606201171875 269
1756606242020 1266.001708984375 270
1756606244588 1218.5450439453125 271
1756606247211 936.4378662109375 272
1756606249784 1318.4429931640625 273
1756606252343 873.5611572265625 274
1756606254936 1424.8948974609375 275
1756606257500 1126.440673828125 276
1756606260121 1142.26025390625 277
1756606262716 1057.41259765625 278
1756606265296 1159.7181396484375 279
1756606267952 1360.2236328125 280
1756606270531 1061.810302734375 281
1756606273142 985.4970092773438 282
1756606275724 1202.87890625 283
1756606278300 1073.44970703125 284
1756606280883 834.8565673828125 285
1756606283475 1049.1048583984375 286
1756606286073 1062.4576416015625 287
1756606288709 1169.468505859375 288
1756606291289 1104.0709228515625 289
1756606293907 1011.69970703125 290
1756606296481 1013.009765625 291
1756606299112 1035.9979248046875 292
1756606301676 1336.405029296875 293
1756606304283 1324.0726318359375 294
1756606306877 967.7127075195312 295
1756606309474 1159.197998046875 296
1756606312060 1081.18017578125 297
1756606314662 1102.3211669921875 298
1756606317246 1251.4473876953125 299
1756606330861 2218.1708984375 0
1756606333470 1468.343994140625 1
1756606336112 1006.4491577148438 2
1756606338693 1057.2213134765625 3
1756606341308 900.2393798828125 4
1756606343976 1036.8341064453125 5
1756606346576 1132.966552734375 6
1756606349180 984.0114135742188 7
1756606351801 951.3073120117188 8
1756606354413 1202.403564453125 9
1756606357058 1101.03271484375 10
1756606359702 923.1845092773438 11
1756606362369 1047.110107421875 12
1756606364990 843.8591918945312 13
1756606367611 908.1845092773438 14
1756606370229 1288.0435791015625 15
1756606372889 986.988525390625 16
1756606375505 803.58056640625 17
1756606378129 1040.067626953125 18
1756606380828 951.9761962890625 19
1756606383450 896.169921875 20
1756606386099 866.6175537109375 21
1756606388724 977.69580078125 22
1756606391371 1075.6934814453125 23
1756606394034 949.0623168945312 24
1756606396703 943.1912841796875 25
1756606399316 996.8982543945312 26
1756606401954 1234.8236083984375 27
1756606404562 1298.577880859375 28
1756606407231 1100.096435546875 29
1756606409903 1063.596435546875 30
1756606412518 1033.1563720703125 31
1756606415127 1080.6551513671875 32
1756606417827 934.5653076171875 33
1756606420441 1133.1883544921875 34
1756606423102 1250.29443359375 35
1756606425732 969.4236450195312 36
1756606428392 947.3079833984375 37
1756606431005 949.822021484375 38
1756606433616 1073.181640625 39
1756606436242 927.2042846679688 40
1756606438868 983.379150390625 41
1756606441476 1124.53125 42
1756606444119 1014.7246704101562 43
1756606446744 870.019287109375 44
1756606449378 675.6688842773438 45
1756606451987 1063.1597900390625 46
1756606454620 1078.1395263671875 47
1756606457245 1148.41259765625 48
1756606459870 963.1317749023438 49
1756606462480 1091.70703125 50
1756606465081 998.9725952148438 51
1756606467692 1141.2059326171875 52
1756606470304 1075.91357421875 53
1756606472953 1203.4078369140625 54
1756606475567 1042.5894775390625 55
1756606478178 1102.30078125 56
1756606480774 1037.3023681640625 57
1756606483409 1053.3382568359375 58
1756606486015 1162.646240234375 59
1756606488617 882.8607177734375 60
1756606491233 918.795166015625 61
1756606493885 1080.00830078125 62
1756606496510 793.290771484375 63
1756606499120 905.0206909179688 64
1756606501739 963.8690795898438 65
1756606504365 1337.5355224609375 66
1756606506979 1000.0374755859375 67
1756606509601 930.8162841796875 68
1756606512196 1236.1810302734375 69
1756606514797 1018.9420166015625 70
1756606517422 964.4423217773438 71
1756606520067 909.379150390625 72
1756606522753 891.3975830078125 73
1756606525350 1133.786865234375 74
1756606527950 920.1453247070312 75
1756606530537 924.3373413085938 76
1756606533160 927.9974365234375 77
1756606535757 1243.269287109375 78
1756606538417 991.9423828125 79
1756606541046 1006.4537963867188 80
1756606543681 1079.672119140625 81
1756606546280 1157.9716796875 82
1756606548878 1064.0345458984375 83
1756606551493 1075.2288818359375 84
1756606554123 1124.5960693359375 85
1756606556812 1034.836669921875 86
1756606559414 874.84033203125 87
1756606562010 1063.6138916015625 88
1756606564650 1020.2501220703125 89
1756606567269 923.0005493164062 90
1756606569876 992.47314453125 91
1756606572533 1069.4920654296875 92
1756606575139 861.5040283203125 93
1756606577787 794.9591674804688 94
1756606580392 956.686767578125 95
1756606582986 989.6884155273438 96
1756606585614 1102.828125 97
1756606588300 807.8817749023438 98
1756606590901 823.3687744140625 99
1756606593495 1050.3798828125 100
1756606596120 1088.3790283203125 101
1756606598730 1042.103759765625 102
1756606601393 1138.0084228515625 103
1756606603982 920.72705078125 104
1756606606619 1011.8646240234375 105
1756606609210 1380.8731689453125 106
1756606611822 997.6886596679688 107
1756606614472 1279.5506591796875 108
1756606617068 1148.980224609375 109
1756606619730 974.2459716796875 110
1756606622377 1167.298583984375 111
1756606625007 1034.4815673828125 112
1756606627649 961.4923706054688 113
1756606630268 1077.3590087890625 114
1756606632904 744.5907592773438 115
1756606635522 1124.5504150390625 116
1756606638144 958.581298828125 117
1756606640783 995.4578247070312 118
1756606643400 1067.7354736328125 119
1756606646044 1351.5621337890625 120
1756606648669 1097.99853515625 121
1756606651262 757.377197265625 122
1756606653925 1013.2128295898438 123
1756606656552 1147.8287353515625 124
1756606659286 1109.94677734375 125
1756606661886 1008.6849365234375 126
1756606664504 707.2929077148438 127
1756606667101 1222.795166015625 128
1756606669705 910.4059448242188 129
1756606672338 1201.5894775390625 130
1756606674947 946.85986328125 131
1756606677556 1086.8082275390625 132
1756606680165 1130.3857421875 133
1756606682783 1004.8036499023438 134
1756606685436 878.3104248046875 135
1756606688056 1016.1195678710938 136
1756606690654 1002.1018676757812 137
1756606693262 1065.363525390625 138
1756606695862 1059.9410400390625 139
1756606698474 988.8800659179688 140
1756606701081 993.8435668945312 141
1756606703709 1055.8624267578125 142
1756606706361 855.342041015625 143
1756606708962 1074.771240234375 144
1756606711627 943.093017578125 145
1756606714228 949.4666748046875 146
1756606716852 1063.1229248046875 147
1756606719465 960.7946166992188 148
1756606722073 1108.58740234375 149
1756606724671 849.0255737304688 150
1756606727276 1044.817138671875 151
1756606729877 1081.6773681640625 152
1756606732488 1180.7030029296875 153
1756606735092 1093.468017578125 154
1756606737698 1170.22607421875 155
1756606740340 1238.8572998046875 156
1756606742956 1051.2611083984375 157
1756606745582 798.006591796875 158
1756606748198 814.05517578125 159
1756606750845 897.204345703125 160
1756606753492 947.9318237304688 161
1756606756115 1054.567138671875 162
1756606758722 1231.454833984375 163
1756606761316 1092.633544921875 164
1756606763920 925.5421752929688 165
1756606766589 885.40185546875 166
1756606769249 1025.43310546875 167
1756606771885 995.2369995117188 168
1756606774495 898.9086303710938 169
1756606777175 909.7070922851562 170
1756606779793 920.0490112304688 171
1756606782389 1019.8468627929688 172
1756606784991 769.350830078125 173
1756606787590 1003.0807495117188 174
1756606790198 1085.951171875 175
1756606792793 1087.66015625 176
1756606795403 978.9758911132812 177
1756606798001 1070.5936279296875 178
1756606800618 1031.1893310546875 179
1756606803267 902.5011596679688 180
1756606805867 1167.6201171875 181
1756606808488 885.9008178710938 182
1756606811116 956.629150390625 183
1756606813737 1073.36669921875 184
1756606816367 1252.8170166015625 185
1756606818979 1001.4345092773438 186
1756606821565 1064.9117431640625 187
1756606824153 977.2947387695312 188
1756606826762 978.6213989257812 189
1756606829385 897.3826904296875 190
1756606831988 936.9673461914062 191
1756606834589 986.49267578125 192
1756606837239 973.669921875 193
1756606839899 811.74755859375 194
1756606842583 1104.021240234375 195
1756606845171 1298.9732666015625 196
1756606847817 886.3173828125 197
1756606850427 1126.9501953125 198
1756606853024 1086.5626220703125 199
1756606855632 1058.320556640625 200
1756606858267 996.6050415039062 201
1756606860879 1122.9512939453125 202
1756606863483 1289.3353271484375 203
1756606866111 1071.2210693359375 204
1756606868713 1036.1865234375 205
1756606871323 942.70556640625 206
1756606873955 829.8153076171875 207
1756606876566 928.0220336914062 208
1756606879172 828.5873413085938 209
1756606881767 1051.40283203125 210
1756606884376 789.5736694335938 211
1756606887005 957.0265502929688 212
1756606889610 1053.204833984375 213
1756606892208 1113.9287109375 214
1756606894845 982.4266967773438 215
1756606897538 1094.6844482421875 216
1756606900140 1034.438232421875 217
1756606902754 1051.2305908203125 218
1756606905353 1092.2662353515625 219
1756606907951 1190.7025146484375 220
1756606910583 901.0037841796875 221
1756606913191 984.9633178710938 222
1756606915780 853.344482421875 223
1756606918376 927.1673583984375 224
1756606920977 1271.4503173828125 225
1756606923605 767.7327880859375 226
1756606926259 1108.0496826171875 227
1756606928884 1177.22802734375 228
1756606931476 983.6134033203125 229
1756606934127 1047.59228515625 230
1756606936728 1078.390380859375 231
1756606939321 1060.7574462890625 232
1756606941938 872.7090454101562 233
1756606944574 1009.1918334960938 234
1756606947173 1048.8575439453125 235
1756606949768 1106.8018798828125 236
1756606952364 1105.7139892578125 237
1756606954960 961.7493286132812 238
1756606957564 970.4798583984375 239
1756606960213 1005.3983154296875 240
1756606962815 799.0630493164062 241
1756606965413 1040.11962890625 242
1756606968000 634.8694458007812 243
1756606970587 1158.0205078125 244
1756606973182 1097.04296875 245
1756606975786 853.22900390625 246
1756606978430 812.1018676757812 247
1756606981034 928.7597045898438 248
1756606983620 1194.2452392578125 249
1756606986220 1082.4222412109375 250
1756606988811 843.53466796875 251
1756606991413 1001.1939086914062 252
1756606994021 927.8236083984375 253
1756606996618 960.8486328125 254
1756606999219 1025.6546630859375 255
1756607001851 1028.69580078125 256
1756607004458 944.5979614257812 257
1756607007108 764.43798828125 258
1756607009771 766.5516967773438 259
1756607012402 771.3678588867188 260
1756607015033 1101.1424560546875 261
1756607017704 1121.818603515625 262
1756607020309 1046.272705078125 263
1756607022897 1077.8116455078125 264
1756607025499 989.034423828125 265
1756607028092 1038.38330078125 266
1756607030685 876.126220703125 267
1756607033269 855.1261596679688 268
1756607035863 1084.4725341796875 269
1756607038449 1088.2999267578125 270
1756607041083 934.50439453125 271
1756607043666 994.4295043945312 272
1756607046249 852.7398071289062 273
1756607048857 956.8665161132812 274
1756607051463 696.6838989257812 275
1756607054073 781.8899536132812 276
1756607056670 1025.077880859375 277
1756607059265 1014.39306640625 278
1756607061943 941.2758178710938 279
1756607064557 1232.537109375 280
1756607067170 957.4000244140625 281
1756607069776 884.9019165039062 282
1756607072407 1018.0973510742188 283
1756607075031 1091.49267578125 284
1756607077649 915.9937744140625 285
1756607080260 946.8098754882812 286
1756607082882 1004.3941040039062 287
1756607085496 1105.132568359375 288
1756607088096 960.9397583007812 289
1756607090726 1088.1951904296875 290
1756607093320 921.9864501953125 291
1756607095910 1382.7337646484375 292
1756607098506 945.8272705078125 293
1756607101105 754.143798828125 294
1756607103731 834.3544921875 295
1756607106373 993.923095703125 296
1756607108975 1258.589599609375 297
1756607111595 977.9036254882812 298
1756607114218 838.2723999023438 299
1756607127981 2232.6435546875 0
1756607130537 1058.921142578125 1
1756607133128 1222.229248046875 2
1756607135750 1252.3919677734375 3
1756607138384 852.772216796875 4
1756607140949 1175.115478515625 5
1756607143503 1156.1802978515625 6
1756607146076 1010.5750122070312 7
1756607148650 1254.5947265625 8
1756607151218 1129.1641845703125 9
1756607153838 1140.46630859375 10
1756607156440 901.1834716796875 11
1756607159090 1024.9981689453125 12
1756607161710 974.09619140625 13
1756607164330 1050.672119140625 14
1756607166957 942.3015747070312 15
1756607169546 930.7958374023438 16
1756607172163 843.7969970703125 17
1756607174739 1249.8856201171875 18
1756607177330 896.9888916015625 19
1756607179921 1159.4105224609375 20
1756607182506 1043.125732421875 21
1756607185134 1107.8427734375 22
1756607187748 1138.0535888671875 23
1756607190361 1093.573974609375 24
1756607193001 1158.0504150390625 25
1756607195601 1001.186767578125 26
1756607198190 1087.58837890625 27
1756607200790 1028.53759765625 28
1756607203411 1040.48583984375 29
1756607206011 1056.79833984375 30
1756607208589 961.5661010742188 31
1756607211169 862.3076171875 32
1756607213801 905.0025634765625 33
1756607216427 923.8843383789062 34
1756607219037 1059.69140625 35
1756607221630 908.2479248046875 36
1756607224270 774.136962890625 37
1756607226854 931.7947998046875 38
1756607229415 933.6343383789062 39
1756607231993 989.5845947265625 40
1756607234621 992.3843994140625 41
1756607237205 1001.3115844726562 42
1756607239778 1006.486083984375 43
1756607242364 1075.2242431640625 44
1756607244981 841.9600830078125 45
1756607247553 889.995361328125 46
1756607250139 1201.4285888671875 47
1756607252726 1078.273681640625 48
1756607255327 890.04150390625 49
1756607258005 955.0586547851562 50
1756607260609 1002.380859375 51
1756607263185 1010.6987915039062 52
1756607265784 1089.2247314453125 53
1756607268384 991.8229370117188 54
1756607270967 1071.3829345703125 55
1756607273548 1032.9898681640625 56
1756607276158 1160.3953857421875 57
1756607278756 857.3060913085938 58
1756607281342 1122.778564453125 59
1756607283950 862.4583129882812 60
1756607286558 1123.01611328125 61
1756607289196 928.8853759765625 62
1756607291802 1081.6201171875 63
1756607294436 964.3404541015625 64
1756607297035 1204.6412353515625 65
1756607299642 900.1472778320312 66
1756607302215 1149.5401611328125 67
1756607304801 1096.3321533203125 68
1756607307409 867.7425537109375 69
1756607310019 829.287109375 70
1756607312590 992.4363403320312 71
1756607315196 992.4894409179688 72
1756607317782 1073.1185302734375 73
1756607320419 1017.6319580078125 74
1756607323000 1083.3931884765625 75
1756607325594 1036.1407470703125 76
1756607328231 691.5191040039062 77
1756607330808 894.80419921875 78
1756607333383 1221.523681640625 79
1756607335992 972.5665283203125 80
1756607338617 1006.4159545898438 81
1756607341226 967.5261840820312 82
1756607343872 1194.8587646484375 83
1756607346506 872.3265991210938 84
1756607349126 917.07470703125 85
1756607351733 869.2684326171875 86
1756607354317 926.8788452148438 87
1756607356909 943.1265869140625 88
1756607359492 775.5248413085938 89
1756607362106 1081.5926513671875 90
1756607364691 1099.1748046875 91
1756607367278 1215.721435546875 92
1756607369846 899.1138916015625 93
1756607372432 1161.5689697265625 94
1756607375015 1117.9066162109375 95
1756607377647 675.0119018554688 96
1756607380212 899.6345825195312 97
1756607382830 856.2941284179688 98
1756607385451 952.75 99
1756607388042 871.294921875 100
1756607390660 914.8397827148438 101
1756607393258 943.298828125 102
1756607395847 821.9595947265625 103
1756607398471 1015.7785034179688 104
1756607401113 692.6163330078125 105
1756607403707 872.2763671875 106
1756607406280 659.4945678710938 107
1756607408878 999.422607421875 108
1756607411469 818.0294799804688 109
1756607414048 1169.5849609375 110
1756607416639 862.9896240234375 111
1756607419221 977.8911743164062 112
1756607421869 808.37255859375 113
1756607424488 884.7295532226562 114
1756607427158 899.1558837890625 115
1756607429762 904.1002197265625 116
1756607432353 1035.8536376953125 117
1756607434925 1031.55322265625 118
1756607437520 955.5114135742188 119
1756607440103 832.9216918945312 120
1756607442709 1324.8228759765625 121
1756607445308 902.7893676757812 122
1756607447898 884.9031372070312 123
1756607450519 1189.50927734375 124
1756607453124 1004.0393676757812 125
1756607455709 911.427734375 126
1756607458296 991.7503662109375 127
1756607460915 941.774658203125 128
1756607463535 1091.01318359375 129
1756607466160 638.9388427734375 130
1756607468754 673.948486328125 131
1756607471341 974.89892578125 132
1756607473957 1103.2882080078125 133
1756607476547 1115.9962158203125 134
1756607479179 987.6942749023438 135
1756607481789 1212.1114501953125 136
1756607484390 1127.9525146484375 137
1756607487038 1030.9681396484375 138
1756607489678 806.816650390625 139
1756607492266 1114.072265625 140
1756607494876 1075.9521484375 141
1756607497520 1230.7257080078125 142
1756607500101 1117.552001953125 143
1756607502677 1043.8616943359375 144
1756607505254 919.7879028320312 145
1756607507876 1045.7579345703125 146
1756607510498 1094.619140625 147
1756607513105 858.652099609375 148
1756607515691 967.5394287109375 149
1756607518298 884.7437744140625 150
1756607520895 1107.8936767578125 151
1756607523546 903.36962890625 152
1756607526175 731.4117431640625 153
1756607528787 1256.999755859375 154
1756607531393 774.3470458984375 155
1756607533998 830.801025390625 156
1756607536574 890.800048828125 157
1756607539163 992.59130859375 158
1756607541760 854.6890869140625 159
1756607544344 915.1074829101562 160
1756607546969 1003.3023071289062 161
1756607549564 831.3550415039062 162
1756607552166 1088.69189453125 163
1756607554779 945.1534423828125 164
1756607557377 1026.9615478515625 165
1756607559965 1057.9071044921875 166
1756607562558 925.3574829101562 167
1756607565133 1069.0478515625 168
1756607567725 1061.2633056640625 169
1756607570300 891.30810546875 170
1756607572886 1138.640380859375 171
1756607575482 796.4906005859375 172
1756607578066 820.4058837890625 173
1756607580668 678.18994140625 174
1756607583241 767.751953125 175
1756607585826 796.9899291992188 176
1756607588448 997.7863159179688 177
1756607591034 1142.169921875 178
1756607593671 812.9725952148438 179
1756607596256 979.9534912109375 180
1756607598820 1099.62158203125 181
1756607601418 1018.946533203125 182
1756607603995 1078.34521484375 183
1756607606612 1058.8114013671875 184
1756607609239 1040.4862060546875 185
1756607611893 828.8355712890625 186
1756607614514 1143.1484375 187
1756607617221 952.3839721679688 188
1756607619798 1113.1627197265625 189
1756607622390 1269.420166015625 190
1756607624997 1163.429443359375 191
1756607627616 996.6397705078125 192
1756607630192 1003.0172119140625 193
1756607632791 890.60595703125 194
1756607635359 812.3399047851562 195
1756607637931 963.515625 196
1756607640510 862.6152954101562 197
1756607643152 1117.292724609375 198
1756607645773 822.0036010742188 199
1756607648363 891.8623657226562 200
1756607650960 920.9312744140625 201
1756607653588 1066.7901611328125 202
1756607656188 879.3197631835938 203
1756607658760 937.9154052734375 204
1756607661347 718.7647705078125 205
1756607663988 854.8024291992188 206
1756607666616 983.412841796875 207
1756607669190 992.3026123046875 208
1756607671762 995.842529296875 209
1756607674367 997.32080078125 210
1756607676939 914.4060668945312 211
1756607679517 771.7301635742188 212
1756607682105 1054.1361083984375 213
1756607684669 904.6890258789062 214
1756607687245 961.7923583984375 215
1756607689819 981.0621337890625 216
1756607692409 1051.6612548828125 217
1756607695017 963.827392578125 218
1756607697573 946.0626220703125 219
1756607700159 1047.3192138671875 220
1756607702748 748.0743408203125 221
1756607705343 1151.4796142578125 222
1756607707920 780.7523803710938 223
1756607710544 871.06689453125 224
1756607713111 1082.88720703125 225
1756607715692 809.2875366210938 226
1756607718261 1135.6539306640625 227
1756607720859 757.2643432617188 228
1756607723479 736.9569702148438 229
1756607726082 1031.8570556640625 230
1756607728649 993.4386596679688 231
1756607731213 1151.8428955078125 232
1756607733803 981.4446411132812 233
1756607736384 856.5602416992188 234
1756607739103 918.7855834960938 235
1756607741678 993.1560668945312 236
1756607744277 945.71337890625 237
1756607746884 885.4227294921875 238
1756607749525 1044.8468017578125 239
1756607752127 890.8310546875 240
1756607754747 879.9227294921875 241
1756607757329 878.1654052734375 242
1756607759918 866.8407592773438 243
1756607762496 981.4701538085938 244
1756607765080 918.6100463867188 245
1756607767663 837.835205078125 246
1756607770247 967.6002197265625 247
1756607772869 1125.2587890625 248
1756607775479 778.48486328125 249
1756607778051 1074.3511962890625 250
1756607780633 1127.8677978515625 251
1756607783218 903.1863403320312 252
1756607785879 916.24267578125 253
1756607788515 1319.188720703125 254
1756607791085 983.1513671875 255
1756607793670 1113.086669921875 256
1756607796263 1106.8677978515625 257
1756607798844 1011.879638671875 258
1756607801424 919.0867919921875 259
1756607804039 802.09326171875 260
1756607806626 1196.97607421875 261
1756607809213 765.7319946289062 262
1756607811857 851.4412841796875 263
1756607814474 799.865234375 264
1756607817044 725.1950073242188 265
1756607819623 1114.2073974609375 266
1756607822202 1080.22216796875 267
1756607824771 812.2220458984375 268
1756607827352 1037.855712890625 269
1756607829953 1037.413818359375 270
1756607832565 1157.476806640625 271
1756607835166 936.00830078125 272
1756607837788 1072.2457275390625 273
1756607840387 862.280029296875 274
1756607842968 990.308349609375 275
1756607845550 1124.6412353515625 276
1756607848176 1021.5531616210938 277
1756607850763 986.5794677734375 278
1756607853336 728.6931762695312 279
1756607855936 906.000732421875 280
1756607858579 961.7247924804688 281
1756607861171 1040.8602294921875 282
1756607863757 773.4698486328125 283
1756607866342 1241.0419921875 284
1756607868992 1067.637451171875 285
1756607871611 1096.7318115234375 286
1756607874215 1173.5372314453125 287
1756607876798 716.3458862304688 288
1756607879376 1082.0911865234375 289
1756607881941 674.2447509765625 290
1756607884534 1062.1260986328125 291
1756607887127 956.5364990234375 292
1756607889714 932.6786499023438 293
1756607892286 1042.5335693359375 294
1756607894859 877.0730590820312 295
1756607897442 950.80224609375 296
1756607900035 673.5424194335938 297
1756607902628 802.9760131835938 298
1756607905257 918.9036254882812 299
1756607918017 2308.27392578125 0
1756607920448 1279.770751953125 1
1756607922941 1149.3572998046875 2
1756607925371 1186.7054443359375 3
1756607927766 1078.2716064453125 4
1756607930185 1153.204833984375 5
1756607932603 1055.0684814453125 6
1756607935014 867.326416015625 7
1756607937438 874.7029418945312 8
1756607939913 1194.4686279296875 9
1756607942346 955.9690551757812 10
1756607944810 1014.3953247070312 11
1756607947258 1219.99365234375 12
1756607949707 1047.339599609375 13
1756607952172 759.6715087890625 14
1756607954604 816.2672119140625 15
1756607957023 956.0609130859375 16
1756607959439 856.8181762695312 17
1756607961863 1130.7357177734375 18
1756607964310 911.7825927734375 19
1756607966759 960.576416015625 20
1756607969191 1043.546875 21
1756607971647 878.855712890625 22
1756607974091 856.837646484375 23
1756607976509 995.173828125 24
1756607979003 983.9102172851562 25
1756607981460 1165.3162841796875 26
1756607983899 1029.31982421875 27
1756607986354 1014.4005737304688 28
1756607988771 1091.308349609375 29
1756607991201 945.1522216796875 30
1756607993646 919.602783203125 31
1756607996065 955.6432495117188 32
1756607998496 826.0305786132812 33
1756608000917 1022.438720703125 34
1756608003339 1124.87646484375 35
1756608005751 796.72412109375 36
1756608008201 1055.5745849609375 37
1756608010647 1065.218505859375 38
1756608013087 971.84033203125 39
1756608015528 810.7678833007812 40
1756608017988 1074.0877685546875 41
1756608020443 1310.75439453125 42
1756608022933 767.4208374023438 43
1756608025363 679.7640991210938 44
1756608027774 1009.2732543945312 45
1756608030260 858.2284545898438 46
1756608032702 901.6845092773438 47
1756608035123 1020.02783203125 48
1756608037553 768.6016235351562 49
1756608039966 1029.625244140625 50
1756608042392 998.2308959960938 51
1756608044821 1024.5262451171875 52
1756608047260 773.3453369140625 53
1756608049685 932.74755859375 54
1756608052135 932.0838623046875 55
1756608054558 811.0298461914062 56
1756608056970 750.0006713867188 57
1756608059414 996.3781127929688 58
1756608061882 962.5272827148438 59
1756608064300 721.6053466796875 60
1756608066718 916.6913452148438 61
1756608069131 846.7661743164062 62
1756608071543 892.3361206054688 63
1756608073966 724.0220947265625 64
1756608076445 816.9401245117188 65
1756608078902 1124.3189697265625 66
1756608081321 995.4263916015625 67
1756608083741 1021.8917846679688 68
1756608086183 836.598388671875 69
1756608088600 868.1076049804688 70
1756608091048 853.78662109375 71
1756608093451 1079.9923095703125 72
1756608095917 957.2428588867188 73
1756608098420 995.86669921875 74
1756608100900 1068.565673828125 75
1756608103358 973.5489501953125 76
1756608105783 1143.4647216796875 77
1756608108220 967.1602172851562 78
1756608110643 973.6758422851562 79
1756608113123 1111.6141357421875 80
1756608115572 769.9397583007812 81
1756608117998 831.4293823242188 82
1756608120423 933.5411376953125 83
1756608122869 963.9324340820312 84
1756608125307 827.4635009765625 85
1756608127794 923.6001586914062 86
1756608130233 1108.7030029296875 87
1756608132683 805.7546997070312 88
1756608135103 532.3753662109375 89
1756608137567 973.1105346679688 90
1756608140001 869.8741455078125 91
1756608142446 739.02880859375 92
1756608144940 924.4688720703125 93
1756608147386 735.4890747070312 94
1756608149833 842.2998657226562 95
1756608152272 785.7809448242188 96
1756608154705 967.3567504882812 97
1756608157142 982.8773803710938 98
1756608159615 937.511474609375 99
1756608162053 698.8245239257812 100
1756608164510 750.5309448242188 101
1756608166955 1093.8740234375 102
1756608169391 992.6810302734375 103
1756608171822 793.7382202148438 104
1756608174249 998.3859252929688 105
1756608176695 894.2291259765625 106
1756608179139 1211.6209716796875 107
1756608181564 1061.670654296875 108
1756608183990 975.9552001953125 109
1756608186431 794.6083374023438 110
1756608188893 849.65869140625 111
1756608191321 1063.36279296875 112
1756608193759 903.267333984375 113
1756608196213 994.5482177734375 114
1756608198668 774.1377563476562 115
1756608201126 1097.81982421875 116
1756608203556 840.2689208984375 117
1756608206012 1000.537109375 118
1756608208467 795.64892578125 119
1756608210928 866.68701171875 120
1756608213379 1035.556640625 121
1756608215872 931.3703002929688 122
1756608218398 929.93017578125 123
1756608220842 984.1848754882812 124
1756608223277 1053.48681640625 125
1756608225701 1128.3052978515625 126
1756608228133 891.3786010742188 127
1756608230576 879.6154174804688 128
1756608233017 928.8180541992188 129
1756608235462 985.7401123046875 130
1756608237900 859.1978759765625 131
1756608240357 1002.0231323242188 132
1756608242782 1075.572509765625 133
1756608245202 905.0765380859375 134
1756608247661 877.0593872070312 135
1756608250114 1230.81494140625 136
1756608252540 1066.4932861328125 137
1756608254972 1078.7149658203125 138
1756608257421 1077.126953125 139
1756608259839 984.6881713867188 140
1756608262269 935.7511596679688 141
1756608264721 881.2913208007812 142
1756608267167 899.6306762695312 143
1756608269593 1246.72265625 144
1756608272012 994.3324584960938 145
1756608274470 1043.4368896484375 146
1756608276906 837.2020874023438 147
1756608279326 746.6622924804688 148
1756608281748 924.1267700195312 149
1756608284171 878.6140747070312 150
1756608286596 916.5713500976562 151
1756608289067 1154.3612060546875 152
1756608291516 911.27294921875 153
1756608293945 958.8031005859375 154
1756608296379 645.8062133789062 155
1756608298829 1019.8015747070312 156
1756608301314 912.5979614257812 157
1756608303745 770.4783325195312 158
1756608306196 1011.79443359375 159
1756608308649 884.43701171875 160
1756608311147 929.9060668945312 161
1756608313568 701.2711791992188 162
1756608316036 1145.7171630859375 163
1756608318482 926.5824584960938 164
1756608320900 871.7800903320312 165
1756608323320 828.2807006835938 166
1756608325786 983.9361572265625 167
1756608328215 1049.0867919921875 168
1756608330704 744.0643920898438 169
1756608333139 846.4375 170
1756608335592 827.4044799804688 171
1756608338145 974.2447509765625 172
1756608340575 1288.53125 173
1756608343046 901.4680786132812 174
1756608345521 908.1451416015625 175
1756608347977 1003.412841796875 176
1756608350406 1138.597412109375 177
1756608352867 940.60888671875 178
1756608355325 822.954345703125 179
1756608357752 796.289794921875 180
1756608360188 1179.7296142578125 181
1756608362618 1056.693115234375 182
1756608365042 928.5196533203125 183
1756608367462 1035.916748046875 184
1756608369932 765.6524658203125 185
1756608372369 1085.5997314453125 186
1756608374790 995.8741455078125 187
1756608377214 1026.4017333984375 188
1756608379666 732.3251953125 189
1756608382156 1157.42431640625 190
1756608384571 1137.64794921875 191
1756608387056 1068.1431884765625 192
1756608389503 765.3251342773438 193
1756608391937 1126.8258056640625 194
1756608394377 1097.5089111328125 195
1756608396800 793.6944580078125 196
1756608399223 1039.2503662109375 197
1756608401669 1043.4425048828125 198
1756608404100 1121.977783203125 199
1756608406541 838.2046508789062 200
1756608409035 1136.3450927734375 201
1756608411462 901.3106079101562 202
1756608413874 1024.6544189453125 203
1756608416320 924.5527954101562 204
1756608418737 938.660400390625 205
1756608421185 828.60107421875 206
1756608423608 1127.0589599609375 207
1756608426057 937.8536987304688 208
1756608428479 777.2178955078125 209
1756608430914 789.671875 210
1756608433352 819.6314697265625 211
1756608435818 781.4046630859375 212
1756608438253 983.1156005859375 213
1756608440681 1060.9725341796875 214
1756608443107 910.8621826171875 215
1756608445559 997.625732421875 216
1756608447991 767.6505737304688 217
1756608450427 821.06787109375 218
1756608452856 895.61279296875 219
1756608455301 799.8612670898438 220
1756608457870 957.3878173828125 221
1756608460299 1065.780517578125 222
1756608462743 879.2468872070312 223
1756608465175 1013.6693115234375 224
1756608467629 1114.7750244140625 225
1756608470068 846.2456665039062 226
1756608472514 747.6087036132812 227
1756608474943 989.84912109375 228
1756608477377 859.7008666992188 229
1756608479897 804.199462890625 230
1756608482327 976.6513671875 231
1756608484752 931.6036376953125 232
1756608487200 1128.4508056640625 233
1756608489684 865.6817626953125 234
1756608492122 765.9588623046875 235
1756608494549 873.2210083007812 236
1756608496977 973.296142578125 237
1756608499415 992.1072998046875 238
1756608501883 1054.01171875 239
1756608504325 1027.360107421875 240
1756608506813 968.3425903320312 241
1756608509274 832.3934326171875 242
1756608511719 1051.1683349609375 243
1756608514198 843.331787109375 244
1756608516628 890.078857421875 245
1756608519054 885.6618041992188 246
1756608521477 966.2576293945312 247
1756608523912 772.3492431640625 248
1756608526347 1087.035888671875 249
1756608528777 884.5220947265625 250
1756608531226 1085.058349609375 251
1756608533674 868.9501953125 252
1756608536128 926.4012451171875 253
1756608538591 1008.6210327148438 254
1756608541046 1027.9014892578125 255
1756608543503 813.4619750976562 256
1756608545945 895.9340209960938 257
1756608548446 651.5154418945312 258
1756608550918 933.2042846679688 259
1756608553382 1000.2814331054688 260
1756608555833 989.427734375 261
1756608558296 1073.3258056640625 262
1756608560730 963.57080078125 263
1756608563180 853.293212890625 264
1756608565657 1033.5653076171875 265
1756608568109 766.9423217773438 266
1756608570571 1009.5718994140625 267
1756608573006 997.9168090820312 268
1756608575441 784.3595581054688 269
1756608577950 837.6083374023438 270
1756608580402 977.1314086914062 271
1756608582845 761.2303466796875 272
1756608585274 1170.3148193359375 273
1756608587720 942.9694213867188 274
1756608590164 896.9432373046875 275
1756608592595 1009.785400390625 276
1756608595053 950.3433837890625 277
1756608597484 1145.20068359375 278
1756608599915 733.2044677734375 279
1756608602357 771.1278686523438 280
1756608604825 818.3545532226562 281
1756608607252 915.8781127929688 282
1756608609683 708.2546997070312 283
1756608612140 1184.18896484375 284
1756608614600 873.05517578125 285
1756608617045 715.0767822265625 286
1756608619501 816.392333984375 287
1756608621934 886.7923583984375 288
1756608624355 759.568603515625 289
1756608626840 830.2701416015625 290
1756608629344 884.7400512695312 291
1756608631770 786.9915161132812 292
1756608634203 958.0859375 293
1756608636639 1099.996826171875 294
1756608639083 946.927734375 295
1756608641514 603.8064575195312 296
1756608644014 924.9474487304688 297
1756608646481 804.0602416992188 298
1756608648929 780.0725708007812 299
1756608662369 2263.974365234375 0
1756608664858 1335.498779296875 1
1756608667312 1040.9345703125 2
1756608669753 1304.2086181640625 3
1756608672216 813.2324829101562 4
1756608674660 837.5919799804688 5
1756608677096 808.2218627929688 6
1756608679542 860.1204833984375 7
1756608682010 864.7085571289062 8
1756608684457 831.9573364257812 9
1756608686912 816.147216796875 10
1756608689411 840.1255493164062 11
1756608691856 960.5800170898438 12
1756608694386 750.6870727539062 13
1756608696857 1004.2317504882812 14
1756608699365 981.4462280273438 15
1756608701831 1133.0904541015625 16
1756608704323 936.7953491210938 17
1756608706828 1114.62060546875 18
1756608709309 964.1641845703125 19
1756608711830 798.7317504882812 20
1756608714301 684.8062744140625 21
1756608716776 936.289794921875 22
1756608719221 797.5327758789062 23
1756608721673 777.8019409179688 24
1756608724162 929.8628540039062 25
1756608726664 1110.750244140625 26
1756608729168 1147.9945068359375 27
1756608731650 955.7476196289062 28
1756608734093 964.3434448242188 29
1756608736593 845.42919921875 30
1756608739077 861.7149047851562 31
1756608741531 692.384033203125 32
1756608743978 833.207275390625 33
1756608746470 868.3970336914062 34
1756608748936 1057.0972900390625 35
1756608751415 930.9140625 36
1756608753860 973.6590576171875 37
1756608756313 875.9493408203125 38
1756608758779 902.176513671875 39
1756608761234 798.4464721679688 40
1756608763753 993.00830078125 41
1756608766216 943.4295654296875 42
1756608768697 1049.1549072265625 43
1756608771169 1107.0101318359375 44
1756608773627 879.6263427734375 45
1756608776074 831.3968505859375 46
1756608778537 937.5701293945312 47
1756608781036 1074.857177734375 48
1756608783504 732.8888549804688 49
1756608785945 842.3862915039062 50
1756608788454 834.9766845703125 51
1756608790920 1013.08056640625 52
1756608793376 699.267333984375 53
1756608795893 972.7550659179688 54
1756608798360 940.0220336914062 55
1756608800860 866.0440673828125 56
1756608803369 818.8782958984375 57
1756608805864 1072.0704345703125 58
1756608808323 921.1004028320312 59
1756608810829 1046.6165771484375 60
1756608813408 817.8550415039062 61
1756608815850 900.4553833007812 62
1756608818396 1090.2625732421875 63
1756608820849 934.2911376953125 64
1756608823315 1066.1923828125 65
1756608825814 845.0267333984375 66
1756608828314 990.4337158203125 67
1756608830798 1143.970458984375 68
1756608833313 942.6210327148438 69
1756608835777 1067.7296142578125 70
1756608838265 811.4688720703125 71
1756608840774 796.6673583984375 72
1756608843315 896.7588500976562 73
1756608845759 1068.1256103515625 74
1756608848250 1117.8641357421875 75
1756608850769 1160.229736328125 76
1756608853245 896.509765625 77
1756608855732 1019.6619262695312 78
1756608858214 954.3934326171875 79
1756608860731 946.4109497070312 80
1756608863265 833.7747802734375 81
1756608865745 687.1290283203125 82
1756608868193 916.4729614257812 83
1756608870681 955.7930908203125 84
1756608873171 953.0525512695312 85
1756608875619 1017.909912109375 86
1756608878106 800.1515502929688 87
1756608880599 928.6112670898438 88
1756608883064 1035.3106689453125 89
1756608885556 979.9879760742188 90
1756608888062 927.2713623046875 91
1756608890556 768.1265258789062 92
1756608893052 1061.8880615234375 93
1756608895561 802.691650390625 94
1756608898035 835.1515502929688 95
1756608900578 932.8353881835938 96
1756608903083 845.0006713867188 97
1756608905550 896.60498046875 98
1756608908058 869.1536865234375 99
1756608910528 830.775390625 100
1756608913039 912.5203247070312 101
1756608915564 946.6036987304688 102
1756608918030 834.930908203125 103
1756608920510 933.76220703125 104
1756608922991 876.6014404296875 105
1756608925483 898.5369262695312 106
1756608927934 897.1048583984375 107
1756608930428 1022.8968505859375 108
1756608932892 855.537353515625 109
1756608935339 838.00244140625 110
1756608937912 912.5042114257812 111
1756608940376 922.97412109375 112
1756608942874 966.5628662109375 113
1756608945366 917.493896484375 114
1756608947850 1089.538818359375 115
1756608950307 1101.798095703125 116
1756608952871 818.2173461914062 117
1756608955396 904.8477172851562 118
1756608957874 1098.0428466796875 119
1756608960348 846.7616577148438 120
1756608962858 971.363525390625 121
1756608965327 700.1263427734375 122
1756608967842 843.8819580078125 123
1756608970311 955.7678833007812 124
1756608972753 842.550048828125 125
1756608975234 1027.796875 126
1756608977691 1042.2340087890625 127
1756608980141 913.38818359375 128
1756608982636 885.1195678710938 129
1756608985180 1032.198974609375 130
1756608987638 996.376708984375 131
1756608990152 796.1221923828125 132
1756608992631 1010.1613159179688 133
1756608995115 1002.7463989257812 134
1756608997636 974.8446044921875 135
1756609000102 855.4083862304688 136
1756609002578 1025.66064453125 137
1756609005060 878.9841918945312 138
1756609007529 912.9570922851562 139
1756609009991 1074.2109375 140
1756609012503 1146.04052734375 141
1756609014985 688.9204711914062 142
1756609017562 967.6549072265625 143
1756609020083 656.8230590820312 144
1756609022585 931.04931640625 145
1756609025046 1005.794921875 146
1756609027539 947.07861328125 147
1756609030001 1114.416748046875 148
1756609032447 1050.4075927734375 149
1756609034941 777.2271118164062 150
1756609037423 944.542724609375 151
1756609039865 1070.1295166015625 152
1756609042361 930.6911010742188 153
1756609044837 1022.384765625 154
1756609047338 963.0789794921875 155
1756609049878 1127.6138916015625 156
1756609052344 965.2748413085938 157
1756609054804 984.548583984375 158
1756609057403 1028.2021484375 159
1756609059885 747.165771484375 160
1756609062362 791.6591796875 161
1756609064841 900.3897705078125 162
1756609067311 834.5950927734375 163
1756609069793 1045.7012939453125 164
1756609072306 836.431396484375 165
1756609074783 828.6244506835938 166
1756609077264 938.7708129882812 167
1756609079754 1026.183349609375 168
1756609082316 877.740966796875 169
1756609084788 965.5185546875 170
1756609087307 909.0675659179688 171
1756609089801 768.7880249023438 172
1756609092257 939.0474243164062 173
1756609094741 731.998779296875 174
1756609097201 856.796142578125 175
1756609099656 917.004150390625 176
1756609102208 989.76025390625 177
1756609104702 756.0853271484375 178
1756609107168 814.7293090820312 179
1756609109676 869.495361328125 180
1756609112137 935.4373168945312 181
1756609114613 831.5361328125 182
1756609117108 912.693359375 183
1756609119570 1046.47265625 184
1756609122021 865.3826904296875 185
1756609124508 959.4378662109375 186
1756609126971 909.568359375 187
1756609129454 1159.19482421875 188
1756609131976 1107.3502197265625 189
1756609134479 897.0609741210938 190
1756609136944 744.1923217773438 191
1756609139464 917.3385620117188 192
1756609141926 838.4998779296875 193
1756609144408 937.0210571289062 194
1756609146920 1092.0380859375 195
1756609149383 780.2692260742188 196
1756609151841 1091.6075439453125 197
1756609154331 768.7604370117188 198
1756609156813 822.787109375 199
1756609159270 903.573974609375 200
1756609161762 1017.1104125976562 201
1756609164269 834.3674926757812 202
1756609166791 841.9431762695312 203
1756609169270 881.3037719726562 204
1756609171735 979.5717163085938 205
1756609174234 808.3167114257812 206
1756609176701 1039.4591064453125 207
1756609179279 1102.6832275390625 208
1756609181834 801.365966796875 209
1756609184366 969.611083984375 210
1756609186860 646.5572509765625 211
1756609189391 1010.8162841796875 212
1756609191871 849.986083984375 213
1756609194379 1000.5692749023438 214
1756609196896 983.2215576171875 215
1756609199394 952.4503173828125 216
1756609201866 985.021728515625 217
1756609204385 1079.6199951171875 218
1756609206838 748.5438232421875 219
1756609209336 725.811767578125 220
1756609211867 971.9668579101562 221
1756609214360 718.2188720703125 222
1756609216883 846.6409301757812 223
1756609219384 739.0413208007812 224
1756609221840 1038.447998046875 225
1756609224293 810.41357421875 226
1756609226797 874.1162719726562 227
1756609229328 1036.656005859375 228
1756609231807 828.5064697265625 229
1756609234270 984.9760131835938 230
1756609236718 782.4625244140625 231
1756609239184 1058.6749267578125 232
1756609241674 826.7620239257812 233
1756609244186 909.807861328125 234
1756609246676 818.8338623046875 235
1756609249150 1004.3605346679688 236
1756609251646 1293.994873046875 237
1756609254134 801.07763671875 238
1756609256625 972.5095825195312 239
1756609259096 784.3225708007812 240
1756609261646 895.2159423828125 241
1756609264125 768.1131591796875 242
1756609266623 1039.5125732421875 243
1756609269110 767.039794921875 244
1756609271601 905.7467041015625 245
1756609274078 926.5770874023438 246
1756609276605 774.516357421875 247
1756609279112 1108.322265625 248
1756609281614 928.2874755859375 249
1756609284091 1088.1912841796875 250
1756609286564 816.764892578125 251
1756609289062 911.7289428710938 252
1756609291578 908.1157836914062 253
1756609294064 834.4180297851562 254
1756609296593 1032.15625 255
1756609299143 1047.4715576171875 256
1756609301652 1050.2177734375 257
1756609304087 674.6424560546875 258
1756609306561 1006.3353881835938 259
1756609309085 1031.885498046875 260
1756609311607 840.9649047851562 261
1756609314121 862.4024658203125 262
1756609316623 712.9923095703125 263
1756609319140 1256.9324951171875 264
1756609321637 1111.7266845703125 265
1756609324071 1008.0411987304688 266
1756609326455 978.9895629882812 267
1756609328934 969.5712280273438 268
1756609331490 1056.0863037109375 269
1756609333972 1053.1871337890625 270
1756609336487 938.4241333007812 271
1756609339002 981.9463500976562 272
1756609341533 751.1829223632812 273
1756609344036 1002.1166381835938 274
1756609346574 1030.5224609375 275
1756609349048 799.4729614257812 276
1756609351526 816.869140625 277
1756609354019 820.96533203125 278
1756609356529 850.0255126953125 279
1756609359063 866.8516845703125 280
1756609361547 908.9988403320312 281
1756609364065 957.1458129882812 282
1756609366572 865.3524169921875 283
1756609369106 872.6295166015625 284
1756609371684 953.5726928710938 285
1756609374158 984.0986328125 286
1756609376649 944.9442749023438 287
1756609379159 1093.846435546875 288
1756609381646 901.9734497070312 289
1756609384128 784.0775756835938 290
1756609386607 805.4179077148438 291
1756609389096 865.5439453125 292
1756609391597 958.3652954101562 293
1756609394083 912.3529663085938 294
1756609396565 783.4664916992188 295
1756609399057 852.787353515625 296
1756609401538 865.1333618164062 297
1756609404061 796.2225341796875 298
1756609406575 904.2008666992188 299
1756609421684 2572.269287109375 0
1756609424687 2572.26953125 1
1756609427710 2571.429443359375 2
1756609430726 2518.78759765625 3
1756609433743 2178.89453125 4
1756609436759 1447.62158203125 5
1756609439857 1343.67041015625 6
1756609442875 1501.2431640625 7
1756609445930 1262.12646484375 8
1756609448986 1412.447021484375 9
1756609452053 1458.226318359375 10
1756609455077 1292.862060546875 11
1756609458160 1562.50732421875 12
1756609461173 1332.968994140625 13
1756609464230 1271.5526123046875 14
1756609467282 1556.5322265625 15
1756609470328 1463.6363525390625 16
1756609473343 1342.3238525390625 17
1756609476416 1352.79833984375 18
1756609479477 1385.97265625 19
1756609482523 1406.322265625 20
1756609485599 1301.7308349609375 21
1756609488679 1403.652587890625 22
1756609491726 1346.229248046875 23
1756609494756 1323.3831787109375 24
1756609497794 1494.7872314453125 25
1756609500874 1461.816650390625 26
1756609503937 1459.600341796875 27
1756609506981 1290.9541015625 28
1756609510029 1209.0982666015625 29
1756609513051 1422.3590087890625 30
1756609516102 1429.487548828125 31
1756609519175 1317.225341796875 32
1756609522196 1644.4708251953125 33
1756609525246 1102.45556640625 34
1756609528264 1242.4085693359375 35
1756609531280 1366.131103515625 36
1756609534312 1217.8406982421875 37
1756609537506 1545.086181640625 38
1756609540550 1299.164306640625 39
1756609543602 1194.5977783203125 40
1756609546703 1380.2357177734375 41
1756609549872 1441.581787109375 42
1756609552946 1314.953369140625 43
1756609555959 1431.9808349609375 44
1756609559060 1352.22412109375 45
1756609562093 1394.1146240234375 46
1756609565140 1713.2950439453125 47
1756609568204 1197.5076904296875 48
1756609571236 1421.070556640625 49
1756609574252 1299.6820068359375 50
1756609577306 1329.5322265625 51
1756609580378 1570.34716796875 52
1756609583444 1499.4256591796875 53
1756609586472 1471.621337890625 54
1756609589503 1073.919189453125 55
1756609592537 1343.6673583984375 56
1756609595570 1108.70458984375 57
1756609598638 1458.2362060546875 58
1756609601686 1292.4140625 59
1756609604765 1566.92529296875 60
1756609607835 1205.6837158203125 61
1756609610880 1266.2132568359375 62
1756609614008 1528.3017578125 63
1756609617048 1459.6298828125 64
1756609620108 1140.051513671875 65
1756609623234 1289.3768310546875 66
1756609626279 1386.52978515625 67
1756609629355 1278.87255859375 68
1756609632382 1385.4664306640625 69
1756609635399 1322.02783203125 70
1756609638438 1251.166748046875 71
1756609641460 1387.7484130859375 72
1756609644527 1584.8328857421875 73
1756609647614 1392.1514892578125 74
1756609650700 1573.9384765625 75
1756609653773 1639.572998046875 76
1756609656809 1208.7117919921875 77
1756609659962 1448.111572265625 78
1756609663070 1376.07763671875 79
1756609666107 1265.99658203125 80
1756609669199 1408.031982421875 81
1756609672247 1366.384765625 82
1756609675285 1592.3785400390625 83
1756609678356 1354.2308349609375 84
1756609681389 1364.1904296875 85
1756609684454 1392.557373046875 86
1756609687562 1349.7310791015625 87
1756609690584 1109.4195556640625 88
1756609693661 1190.1956787109375 89
1756609696723 1361.976318359375 90
1756609699768 1190.6224365234375 91
1756609702819 1254.844482421875 92
1756609705953 1357.6705322265625 93
1756609708978 1465.2235107421875 94
1756609712123 1225.9166259765625 95
1756609715158 1370.6114501953125 96
1756609718171 1361.337890625 97
1756609721192 1124.9853515625 98
1756609724215 1246.979248046875 99
1756609727259 1125.2135009765625 100
1756609730345 1304.76708984375 101
1756609733385 1425.73193359375 102
1756609736398 1670.4638671875 103
1756609739423 1115.3941650390625 104
1756609742474 1326.77490234375 105
1756609745491 1414.2239990234375 106
1756609748551 1563.970703125 107
1756609751624 1102.958251953125 108
1756609754680 1293.028076171875 109
1756609757748 1389.3309326171875 110
1756609760826 1505.6756591796875 111
1756609763880 1152.5823974609375 112
1756609766944 1784.2789306640625 113
1756609769968 1263.2037353515625 114
1756609773028 1541.37890625 115
1756609776120 1253.8544921875 116
1756609779234 1161.00390625 117
1756609782295 1366.3262939453125 118
1756609785344 1477.314697265625 119
1756609788379 1223.0001220703125 120
1756609791401 1630.6434326171875 121
1756609794446 1084.1959228515625 122
1756609797477 1461.4755859375 123
1756609800521 1432.33837890625 124
1756609803539 1518.1695556640625 125
1756609806645 1541.3115234375 126
1756609809754 1334.3389892578125 127
1756609812808 1446.0068359375 128
1756609815847 1344.7708740234375 129
1756609818893 1203.0838623046875 130
1756609821977 1542.9625244140625 131
1756609825051 1161.075439453125 132
1756609828111 1227.6146240234375 133
1756609831162 1323.912353515625 134
1756609834198 1413.2708740234375 135
1756609837244 1233.677001953125 136
1756609840329 1177.9798583984375 137
1756609843386 1280.0015869140625 138
1756609846472 1384.47509765625 139
1756609849513 1146.4476318359375 140
1756609852551 1514.562744140625 141
1756609855597 1424.3369140625 142
1756609858648 1410.3607177734375 143
1756609861688 1438.0902099609375 144
1756609864733 1310.531005859375 145
1756609867787 1213.9521484375 146
1756609870822 1219.749755859375 147
1756609873864 1375.215576171875 148
1756609876891 1372.1146240234375 149
1756609879971 1417.98193359375 150
1756609883039 1382.5528564453125 151
1756609886110 1086.8870849609375 152
1756609889146 1395.1829833984375 153
1756609892203 1576.6492919921875 154
1756609895235 1183.0732421875 155
1756609898394 1174.645751953125 156
1756609901459 1421.3878173828125 157
1756609904559 1071.5062255859375 158
1756609907590 1285.7711181640625 159
1756609910657 1105.4254150390625 160
1756609913736 1125.4239501953125 161
1756609916764 1451.072998046875 162
1756609919803 1340.9525146484375 163
1756609922875 1266.54638671875 164
1756609925909 1232.824951171875 165
1756609928935 1498.14990234375 166
1756609931999 1438.779541015625 167
1756609935054 1490.1748046875 168
1756609938093 1211.5771484375 169
1756609941127 1289.9891357421875 170
1756609944216 1652.949951171875 171
1756609947265 1171.2081298828125 172
1756609950372 1238.3648681640625 173
1756609953401 1327.0347900390625 174
1756609956452 1312.056884765625 175
1756609959538 1462.9776611328125 176
1756609962632 1272.4146728515625 177
1756609965751 1617.5169677734375 178
1756609968829 1322.499267578125 179
1756609971855 1321.7333984375 180
1756609974898 1580.19482421875 181
1756609977932 1430.1480712890625 182
1756609981040 1385.0096435546875 183
1756609984075 1459.06884765625 184
1756609987159 1674.4677734375 185
1756609990189 1622.8226318359375 186
1756609993266 1098.370361328125 187
1756609996313 1520.4085693359375 188
1756609999355 1327.5054931640625 189
1756610002442 1116.6304931640625 190
1756610005506 1296.2950439453125 191
1756610008581 1323.9027099609375 192
1756610011618 1463.4619140625 193
1756610014694 1489.3643798828125 194
1756610017844 1485.606201171875 195
1756610020903 1636.197265625 196
1756610023970 1393.24267578125 197
1756610027065 1193.3731689453125 198
1756610030157 1334.8177490234375 199
1756610033258 1247.057373046875 200
1756610036305 1210.85009765625 201
1756610039342 1083.6749267578125 202
1756610042411 1486.69775390625 203
1756610045448 1208.3790283203125 204
1756610048526 1185.5618896484375 205
1756610051599 1168.51416015625 206
1756610054657 1362.132080078125 207
1756610057750 1510.974853515625 208
1756610060853 1151.697021484375 209
1756610063910 1316.558837890625 210
1756610066983 1515.5516357421875 211
1756610070066 1439.054931640625 212
1756610073131 1254.4835205078125 213
1756610076182 1157.9212646484375 214
1756610079233 1337.0523681640625 215
1756610082356 1173.2906494140625 216
1756610085414 1358.8310546875 217
1756610088502 1453.3736572265625 218
1756610091561 1385.36279296875 219
1756610094658 1436.9068603515625 220
1756610097729 1354.234130859375 221
1756610100807 1172.2186279296875 222
1756610103871 1288.098388671875 223
1756610106934 1205.559326171875 224
1756610109975 1464.606689453125 225
1756610113082 1042.5927734375 226
1756610116113 1189.317626953125 227
1756610119170 1563.7423095703125 228
1756610122255 1202.541259765625 229
1756610125318 1483.6881103515625 230
1756610128377 1406.1898193359375 231
1756610131434 1248.5738525390625 232
1756610134490 1604.9156494140625 233
1756610137648 1241.27978515625 234
1756610140710 1297.200439453125 235
1756610143809 1274.3165283203125 236
1756610146848 1343.630126953125 237
1756610149874 1645.1761474609375 238
1756610152922 1350.824462890625 239
1756610155985 1228.6759033203125 240
1756610159052 1307.7108154296875 241
1756610162123 1299.9725341796875 242
1756610165187 1189.6202392578125 243
1756610168253 1488.817626953125 244
1756610171312 1159.280517578125 245
1756610174393 1165.97412109375 246
1756610177450 1444.480224609375 247
1756610180538 1303.9775390625 248
1756610183625 1424.21240234375 249
1756610186721 1096.7689208984375 250
1756610189768 1298.2420654296875 251
1756610192813 1189.194091796875 252
1756610195872 1517.658203125 253
1756610198914 1328.4150390625 254
1756610201982 1290.3211669921875 255
1756610205028 1536.2431640625 256
1756610208064 1592.8316650390625 257
1756610211105 1013.791015625 258
1756610214193 1376.2164306640625 259
1756610217283 1397.635498046875 260
1756610220333 1484.38427734375 261
1756610223475 1226.52197265625 262
1756610226535 1398.615234375 263
1756610229571 1256.573486328125 264
1756610232644 1237.5289306640625 265
1756610235746 1357.2315673828125 266
1756610238822 1279.2713623046875 267
1756610241856 1208.0762939453125 268
1756610245122 1298.3681640625 269
1756610248047 1267.617919921875 270
1756610250922 1260.5130615234375 271
1756610253826 1242.4698486328125 272
1756610256724 1701.733642578125 273
1756610259697 1152.453125 274
1756610262572 1037.1475830078125 275
1756610265480 1569.5350341796875 276
1756610268366 1525.6236572265625 277
1756610271260 1305.48291015625 278
1756610274163 1219.4715576171875 279
1756610277073 1455.0074462890625 280
1756610279953 1312.400390625 281
1756610282849 1217.41455078125 282
1756610285759 1428.033203125 283
1756610288623 1342.72802734375 284
1756610291502 1394.7774658203125 285
1756610294376 1418.0511474609375 286
1756610297280 1286.5390625 287
1756610300169 1255.8111572265625 288
1756610303075 1296.03564453125 289
1756610305992 1404.6923828125 290
1756610308882 1474.3505859375 291
1756610311780 1269.8316650390625 292
1756610314687 1262.5216064453125 293
1756610317562 1487.42041015625 294
1756610320436 1182.1907958984375 295
1756610323311 1560.9718017578125 296
1756610326185 1248.092041015625 297
1756610329044 1484.1663818359375 298
1756610331931 1561.880615234375 299
1756610345907 1950.6566162109375 0
1756610348749 1440.9246826171875 1
1756610351633 1625.474365234375 2
1756610354526 1245.4271240234375 3
1756610357375 1448.2314453125 4
1756610360237 1300.82470703125 5
1756610363097 1513.0625 6
1756610365969 1231.4697265625 7
1756610368818 1060.7899169921875 8
1756610371693 1226.2752685546875 9
1756610374545 1290.6663818359375 10
1756610377524 1125.7005615234375 11
1756610380378 1163.994384765625 12
1756610383276 1168.5521240234375 13
1756610386109 902.84130859375 14
1756610388965 1129.8204345703125 15
1756610391904 1086.01513671875 16
1756610394778 1022.7741088867188 17
1756610397650 1248.4178466796875 18
1756610400508 1065.304931640625 19
1756610403360 1148.32958984375 20
1756610406222 1136.2391357421875 21
1756610409062 1048.31201171875 22
1756610412036 1136.806396484375 23
1756610415154 1029.2073974609375 24
1756610418067 1051.625 25
1756610420896 1059.592041015625 26
1756610423772 989.5555419921875 27
1756610426610 901.6715698242188 28
1756610429489 1117.307373046875 29
1756610432371 1016.308837890625 30
1756610435198 1268.136962890625 31
1756610438012 1035.20947265625 32
1756610440881 1154.3895263671875 33
1756610443754 1181.76171875 34
1756610446622 1102.7357177734375 35
1756610449479 1053.5648193359375 36
1756610452324 1256.997314453125 37
1756610455178 965.4847412109375 38
1756610458035 1202.4061279296875 39
1756610460866 1059.3818359375 40
1756610463732 1162.031494140625 41
1756610466593 1021.5718383789062 42
1756610469429 1239.8360595703125 43
1756610472271 1113.5445556640625 44
1756610475167 1038.4156494140625 45
1756610478079 1141.1761474609375 46
1756610480972 1166.16845703125 47
1756610483837 1146.8167724609375 48
1756610486707 962.0213623046875 49
1756610489592 1053.702880859375 50
1756610492506 978.3637084960938 51
1756610495369 1055.5791015625 52
1756610498331 1124.622314453125 53
1756610501288 1037.7220458984375 54
1756610504152 1024.0230712890625 55
1756610507047 1396.1319580078125 56
1756610509897 1060.0958251953125 57
1756610512768 988.9580078125 58
1756610515600 1159.1986083984375 59
1756610518458 1269.2119140625 60
1756610521298 1239.9586181640625 61
1756610524157 992.7637329101562 62
1756610527002 974.0930786132812 63
1756610529850 1157.573486328125 64
1756610532689 1039.3726806640625 65
1756610535545 1096.2769775390625 66
1756610538444 939.3623657226562 67
1756610541316 1202.478271484375 68
1756610544185 1147.5545654296875 69
1756610547041 1103.672119140625 70
1756610549936 1162.8939208984375 71
1756610552790 1122.781005859375 72
1756610555649 1259.5731201171875 73
1756610558532 1132.42578125 74
1756610561367 914.434326171875 75
1756610564194 1085.02978515625 76
1756610567043 1028.29052734375 77
1756610569896 1134.53759765625 78
1756610572801 1437.994873046875 79
1756610575727 964.4450073242188 80
1756610578591 1035.361083984375 81
1756610581428 1041.350341796875 82
1756610584309 963.7136840820312 83
1756610587149 1017.9310913085938 84
1756610590008 1017.250732421875 85
1756610592856 1107.429443359375 86
1756610595703 1331.111083984375 87
1756610598539 1074.9381103515625 88
1756610601370 1065.9483642578125 89
1756610604249 1202.6773681640625 90
1756610607112 1027.888916015625 91
1756610609949 1015.6173706054688 92
1756610612814 1155.85205078125 93
1756610615672 1139.7724609375 94
1756610618614 975.1251831054688 95
1756610621461 1175.218017578125 96
1756610624296 1265.6700439453125 97
1756610627168 1297.0286865234375 98
1756610630063 1018.202392578125 99
1756610632944 1151.03857421875 100
1756610635835 1139.8726806640625 101
1756610638691 1327.9959716796875 102
1756610641555 1006.4529418945312 103
1756610644445 981.2175903320312 104
1756610647334 1135.4564208984375 105
1756610650253 1224.833984375 106
1756610653122 1063.6063232421875 107
1756610656024 1077.1983642578125 108
1756610658894 1107.9171142578125 109
1756610661756 1254.142578125 110
1756610664597 871.5261840820312 111
1756610667453 956.2669677734375 112
1756610670309 1175.8057861328125 113
1756610673191 1137.3922119140625 114
1756610676051 1118.0682373046875 115
1756610678897 1160.70703125 116
1756610681758 1286.4608154296875 117
1756610684630 1193.0147705078125 118
1756610687456 1135.9166259765625 119
1756610690310 1037.20166015625 120
1756610693137 1002.5213623046875 121
1756610696017 997.9635009765625 122
1756610698897 1228.2476806640625 123
1756610701779 1383.6568603515625 124
1756610704612 1041.378173828125 125
1756610707488 1093.624755859375 126
1756610710342 1193.9775390625 127
1756610713228 1132.3599853515625 128
1756610716063 924.9013671875 129
1756610718924 1224.2935791015625 130
1756610721801 1336.6412353515625 131
1756610724654 1263.478515625 132
1756610727540 845.573974609375 133
1756610730393 1193.6126708984375 134
1756610733262 1274.255126953125 135
1756610736122 1184.3209228515625 136
1756610739053 1174.9124755859375 137
1756610741910 1457.8035888671875 138
1756610744776 1006.3711547851562 139
1756610747623 1098.0462646484375 140
1756610750461 1372.6632080078125 141
1756610753331 1210.7222900390625 142
1756610756279 1102.369140625 143
1756610759205 1200.0733642578125 144
1756610762060 1182.802734375 145
1756610764909 1069.764892578125 146
1756610767741 946.5126342773438 147
1756610770565 1199.5931396484375 148
1756610773441 1023.0438842773438 149
1756610776281 1266.1978759765625 150
1756610779141 1166.93115234375 151
1756610781972 1290.9619140625 152
1756610784845 1067.1947021484375 153
1756610787702 1202.5263671875 154
1756610790551 905.47314453125 155
1756610793405 1103.2969970703125 156
1756610796263 1101.2305908203125 157
1756610799114 1125.08544921875 158
1756610801980 1131.0570068359375 159
1756610804846 1185.6983642578125 160
1756610807736 1108.005859375 161
1756610810595 1041.14208984375 162
1756610813459 1033.748046875 163
1756610816764 1083.893310546875 164
1756610819778 1135.533935546875 165
1756610822667 1145.169189453125 166
1756610825535 1030.56494140625 167
1756610828425 1137.670166015625 168
1756610831320 1106.5108642578125 169
1756610834164 1038.8328857421875 170
1756610837027 995.2683715820312 171
1756610839898 1207.113525390625 172
1756610842738 1098.7041015625 173
1756610845629 1106.4405517578125 174
1756610848523 1240.4346923828125 175
1756610851365 1097.75 176
1756610854271 1306.07177734375 177
1756610857149 1295.90576171875 178
1756610860155 1035.01513671875 179
1756610863042 1112.42529296875 180
1756610865913 1047.3564453125 181
1756610868779 991.5262451171875 182
1756610871654 1056.8292236328125 183
1756610874511 944.7998657226562 184
1756610877369 1041.52734375 185
1756610880232 1033.7835693359375 186
1756610883088 1039.6240234375 187
1756610885971 1089.01318359375 188
1756610888866 1060.10205078125 189
1756610891756 1319.0972900390625 190
1756610894659 1043.69384765625 191
1756610897563 1007.7536010742188 192
1756610900484 1000.7213745117188 193
1756610903372 1305.6787109375 194
1756610906221 1274.1622314453125 195
1756610909128 1058.29833984375 196
1756610911998 1114.8934326171875 197
1756610914904 1196.53076171875 198
1756610917788 1449.89404296875 199
1756610920639 1005.9158325195312 200
1756610923550 1069.255859375 201
1756610926405 1127.1414794921875 202
1756610929269 961.99462890625 203
1756610932150 988.6334838867188 204
1756610935002 1165.145751953125 205
1756610937839 1140.6907958984375 206
1756610940748 1111.530029296875 207
1756610943625 1402.6688232421875 208
1756610946545 1155.0679931640625 209
1756610949387 1131.1124267578125 210
1756610952234 1129.6402587890625 211
1756610955079 1257.3580322265625 212
1756610957973 1330.6214599609375 213
1756610960808 1195.4224853515625 214
1756610963654 939.559326171875 215
1756610966522 992.0169677734375 216
1756610969360 1296.6790771484375 217
1756610972235 1062.731689453125 218
1756610975102 1042.4923095703125 219
1756610977974 1011.035400390625 220
1756610980805 1094.4339599609375 221
1756610983726 1345.80078125 222
1756610986575 1423.291748046875 223
1756610989448 1256.4434814453125 224
1756610992320 1109.1505126953125 225
1756610995214 1090.4462890625 226
1756610998064 810.7774658203125 227
1756611000903 1173.263916015625 228
1756611003755 1078.4844970703125 229
1756611006631 1201.2291259765625 230
1756611009492 1273.380126953125 231
1756611012341 1161.01513671875 232
1756611015184 1066.7041015625 233
1756611018051 1081.4710693359375 234
1756611020882 1366.6832275390625 235
1756611023780 997.5718994140625 236
1756611026684 1195.1058349609375 237
1756611029540 1159.357421875 238
1756611032378 1043.74609375 239
1756611035211 1279.311767578125 240
1756611038077 1203.4429931640625 241
1756611040952 1345.505126953125 242
1756611043850 1208.77880859375 243
1756611046738 1096.8382568359375 244
1756611049668 1212.8338623046875 245
1756611052524 1029.497314453125 246
1756611055439 1042.4710693359375 247
1756611058323 1120.95166015625 248
1756611061177 1054.5703125 249
1756611064013 1239.4271240234375 250
1756611066904 1077.510498046875 251
1756611069778 1244.029052734375 252
1756611072688 1267.8238525390625 253
1756611075515 1339.8740234375 254
1756611078366 1233.42138671875 255
1756611081276 1259.354248046875 256
1756611084135 1083.946044921875 257
1756611086997 1240.2867431640625 258
1756611089830 1138.0396728515625 259
1756611092680 1229.11669921875 260
1756611095537 1213.565673828125 261
1756611098521 1245.9302978515625 262
1756611101366 1103.5791015625 263
1756611104193 1070.29931640625 264
1756611107035 1080.9625244140625 265
1756611109895 1343.59033203125 266
1756611112717 1298.7235107421875 267
1756611115578 1060.9351806640625 268
1756611118457 1010.8748779296875 269
1756611121319 1057.76708984375 270
1756611124207 1043.8955078125 271
1756611127083 1044.0040283203125 272
1756611129945 1108.5211181640625 273
1756611132788 1208.48583984375 274
1756611135669 981.3206787109375 275
1756611138533 970.2919921875 276
1756611141414 1185.791748046875 277
1756611144296 1057.2362060546875 278
1756611147156 1221.845947265625 279
1756611149987 1210.93603515625 280
1756611152928 1214.346435546875 281
1756611155801 1164.887939453125 282
1756611158643 942.4425659179688 283
1756611161492 905.288330078125 284
1756611164349 1197.7242431640625 285
1756611167173 1201.6485595703125 286
1756611170030 910.2539672851562 287
1756611172886 899.8883666992188 288
1756611175803 1246.4676513671875 289
1756611178664 1345.0634765625 290
1756611181485 914.5693969726562 291
1756611184343 824.93310546875 292
1756611187206 1060.8006591796875 293
1756611190065 962.6175537109375 294
1756611192886 1246.5089111328125 295
1756611195763 1059.991455078125 296
1756611198590 878.8162841796875 297
1756611201448 1025.3843994140625 298
1756611204307 1334.28271484375 299
1756611219496 2572.269287109375 0
1756611222340 2570.558837890625 1
1756611225204 2456.485107421875 2
1756611228045 1572.051513671875 3
1756611230926 1208.9013671875 4
1756611234093 1305.03955078125 5
1756611236938 1461.46337890625 6
1756611239796 1344.7200927734375 7
1756611242632 1399.30078125 8
1756611245474 1675.3934326171875 9
1756611248349 1284.21630859375 10
1756611251251 1134.677734375 11
1756611254111 1295.6829833984375 12
1756611257004 1208.2928466796875 13
1756611259851 1352.6361083984375 14
1756611262739 1378.5643310546875 15
1756611265610 1062.318115234375 16
1756611268478 1433.19775390625 17
1756611271327 1545.114501953125 18
1756611274160 1085.1358642578125 19
1756611277003 1310.1881103515625 20
1756611279851 1250.10546875 21
1756611282695 1344.71240234375 22
1756611285586 1268.62255859375 23
1756611288481 1333.8702392578125 24
1756611291348 1337.000732421875 25
1756611294188 1164.2891845703125 26
1756611297069 1435.2337646484375 27
1756611299934 1241.84130859375 28
1756611302843 1392.492431640625 29
1756611305742 1394.451416015625 30
1756611308625 1508.953369140625 31
1756611311478 1636.932373046875 32
1756611314339 1160.3927001953125 33
1756611317219 1460.7830810546875 34
1756611320097 1494.6102294921875 35
1756611322983 1395.916015625 36
1756611325841 1389.2633056640625 37
1756611328753 1249.41064453125 38
1756611331604 1567.449951171875 39
1756611334467 1225.93115234375 40
1756611337346 1274.822998046875 41
1756611340222 1481.875732421875 42
1756611343062 1501.5931396484375 43
1756611345958 1529.320068359375 44
1756611348811 1254.91357421875 45
1756611351686 1474.4337158203125 46
1756611354553 1368.7381591796875 47
1756611357447 1208.0694580078125 48
1756611360373 1410.59375 49
1756611363217 1639.1947021484375 50
1756611366114 1212.922119140625 51
1756611368992 1381.2830810546875 52
1756611371870 1133.9478759765625 53
1756611374726 1234.84619140625 54
1756611377605 1411.3133544921875 55
1756611380493 1463.4674072265625 56
1756611383340 1388.9326171875 57
1756611386211 1449.739990234375 58
1756611389086 1483.49609375 59
1756611391974 1307.900634765625 60
1756611394876 1210.2945556640625 61
1756611397736 1565.7366943359375 62
1756611400588 1364.1715087890625 63
1756611403436 1203.307373046875 64
1756611406275 1562.82666015625 65
1756611409128 1527.4447021484375 66
1756611411979 1423.653564453125 67
1756611414821 1388.6708984375 68
1756611417678 1127.4488525390625 69
1756611420527 1409.0355224609375 70
1756611423421 1469.0521240234375 71
1756611426305 1282.599609375 72
1756611429217 1215.30859375 73
1756611432154 1456.8424072265625 74
1756611435014 1555.2210693359375 75
1756611437907 1216.270751953125 76
1756611440750 1094.0406494140625 77
1756611443642 1391.9920654296875 78
1756611446528 1233.7938232421875 79
1756611449412 1147.851806640625 80
1756611452326 1402.3978271484375 81
1756611455170 1404.973388671875 82
1756611458098 1286.99853515625 83
1756611461001 1156.455810546875 84
1756611463859 1240.32421875 85
1756611466724 1227.681884765625 86
1756611469591 1211.7750244140625 87
1756611472500 1258.0169677734375 88
1756611475351 1463.9755859375 89
1756611478193 1363.156494140625 90
1756611481049 1438.068359375 91
1756611483926 1166.7420654296875 92
1756611486773 1128.868408203125 93
1756611489636 1181.562744140625 94
1756611492477 1284.22216796875 95
1756611495333 1402.0684814453125 96
1756611498220 1560.7440185546875 97
1756611501061 1494.715087890625 98
1756611503941 1296.7633056640625 99
1756611506808 1517.96044921875 100
1756611509724 1557.181884765625 101
1756611512620 1331.507080078125 102
1756611515493 1446.0201416015625 103
1756611518331 1592.5919189453125 104
1756611521180 1293.569091796875 105
1756611524036 1359.5198974609375 106
1756611526888 1165.91357421875 107
1756611529751 1323.6351318359375 108
1756611532604 1138.4161376953125 109
1756611535452 1000.1558837890625 110
1756611538364 1274.6650390625 111
1756611541291 1532.9039306640625 112
1756611544194 1107.589599609375 113
1756611547122 1382.231689453125 114
1756611549994 1393.6248779296875 115
1756611552843 1307.6917724609375 116
1756611555714 1554.6954345703125 117
1756611558605 1401.32177734375 118
1756611561464 1491.6630859375 119
1756611564335 1467.812255859375 120
1756611567226 1395.07421875 121
1756611570080 1361.1007080078125 122
1756611572937 1274.5394287109375 123
1756611575800 1384.776611328125 124
1756611578781 1197.362548828125 125
1756611581647 1363.4862060546875 126
1756611584509 1395.9892578125 127
1756611587356 1534.4173583984375 128
1756611590221 1058.3558349609375 129
1756611593129 1548.6732177734375 130
1756611595995 1248.049560546875 131
1756611598852 1285.4381103515625 132
1756611601746 1404.524169921875 133
1756611604648 1153.9278564453125 134
1756611607544 1589.733642578125 135
1756611610438 1246.0601806640625 136
1756611613291 1402.799560546875 137
1756611616135 1190.9510498046875 138
1756611619027 1236.8253173828125 139
1756611621906 1431.8291015625 140
1756611624781 1447.03271484375 141
1756611627685 1223.9669189453125 142
1756611630558 1390.039794921875 143
1756611633408 1477.9698486328125 144
1756611636326 1413.2825927734375 145
1756611639574 1146.3177490234375 146
1756611642449 1478.2012939453125 147
1756611645356 1465.1285400390625 148
1756611648208 1444.5433349609375 149
1756611651082 1314.3863525390625 150
1756611654005 1329.006591796875 151
1756611656925 1335.1240234375 152
1756611659790 1090.907958984375 153
1756611662703 1094.3258056640625 154
1756611665548 1048.7581787109375 155
1756611668478 1363.1170654296875 156
1756611671329 1398.8167724609375 157
1756611674257 1387.3287353515625 158
1756611677131 1130.0263671875 159
1756611679980 1553.1051025390625 160
1756611682842 1224.1009521484375 161
1756611685757 1437.4173583984375 162
1756611688639 1150.493408203125 163
1756611691486 1111.39697265625 164
1756611694337 1391.6243896484375 165
1756611697184 1385.186767578125 166
1756611700130 1167.438720703125 167
1756611703066 1177.5062255859375 168
1756611705929 1124.312255859375 169
1756611708822 928.8536987304688 170
1756611711698 1083.4874267578125 171
1756611714548 1389.0733642578125 172
1756611717422 1446.8360595703125 173
1756611720267 1432.0386962890625 174
1756611723140 1555.5281982421875 175
1756611725992 1260.4664306640625 176
1756611728869 1489.5552978515625 177
1756611731784 1270.008056640625 178
1756611734643 1163.296630859375 179
1756611737540 1370.768310546875 180
1756611740441 1325.3104248046875 181
1756611743292 1100.051513671875 182
1756611746233 1180.61328125 183
1756611749091 1404.0692138671875 184
1756611751939 1521.31884765625 185
1756611754803 1360.598876953125 186
1756611757696 1227.0037841796875 187
1756611760570 1323.0723876953125 188
1756611763519 1213.148681640625 189
1756611766368 1400.0357666015625 190
1756611769214 1155.8232421875 191
1756611772062 1565.2940673828125 192
1756611774919 1150.7921142578125 193
1756611777787 1409.3935546875 194
1756611780682 1047.55615234375 195
1756611783586 1356.395751953125 196
1756611786457 1499.1483154296875 197
1756611789362 1317.9990234375 198
1756611792254 1228.864013671875 199
1756611795144 1239.2896728515625 200
1756611798036 1074.1068115234375 201
1756611800871 1488.4996337890625 202
1756611803779 1274.1273193359375 203
1756611806670 1366.588623046875 204
1756611809573 1236.2586669921875 205
1756611812421 1168.208251953125 206
1756611815279 1550.3013916015625 207
1756611818194 1485.5791015625 208
1756611821054 1416.5814208984375 209
1756611823908 1471.921630859375 210
1756611826753 1413.8958740234375 211
1756611829615 1166.605224609375 212
1756611832491 1464.986328125 213
1756611835354 1349.1630859375 214
1756611838201 1350.166259765625 215
1756611841056 1085.7906494140625 216
1756611843978 1393.5035400390625 217
1756611846841 1222.46044921875 218
1756611849708 1436.5233154296875 219
1756611852555 1449.126708984375 220
1756611855431 1506.83349609375 221
1756611858267 1627.26806640625 222
1756611861112 1425.491943359375 223
1756611864007 1081.5693359375 224
1756611866863 1515.0125732421875 225
1756611869715 1146.16259765625 226
1756611872558 1626.708251953125 227
1756611875411 1511.8905029296875 228
1756611878265 1453.58740234375 229
1756611881176 1549.2822265625 230
1756611884022 1364.0462646484375 231
1756611886879 1310.97265625 232
1756611889798 1468.541748046875 233
1756611892666 1410.592041015625 234
1756611895565 1125.9625244140625 235
1756611898420 1085.332763671875 236
1756611901261 1312.4384765625 237
1756611904109 1194.9437255859375 238
1756611906958 1588.57568359375 239
1756611909801 1518.7142333984375 240
1756611912674 1302.85546875 241
1756611915558 1117.75146484375 242
1756611918410 1339.59716796875 243
1756611921259 1458.166748046875 244
1756611924117 1126.9957275390625 245
1756611926974 1333.8468017578125 246
1756611929836 1274.374755859375 247
1756611932704 1171.49462890625 248
1756611935582 1268.2149658203125 249
1756611938558 1449.211669921875 250
1756611941457 1437.4862060546875 251
1756611944431 1190.43896484375 252
1756611947273 1791.4541015625 253
1756611950120 1331.824951171875 254
1756611952985 1472.2176513671875 255
1756611955838 1380.728759765625 256
1756611958761 1603.7921142578125 257
1756611961611 1531.2105712890625 258
1756611964452 1203.273681640625 259
1756611967302 1554.528564453125 260
1756611970146 1450.984619140625 261
1756611972996 1297.720703125 262
1756611975910 1415.750244140625 263
1756611978755 1519.0250244140625 264
1756611981642 1424.918701171875 265
1756611984496 1516.6959228515625 266
1756611987355 1467.8348388671875 267
1756611990251 1315.8568115234375 268
1756611993142 1297.932373046875 269
1756611996019 1462.72119140625 270
1756611998876 1423.2288818359375 271
1756612001738 1368.5706787109375 272
1756612004584 1322.9578857421875 273
1756612007499 1130.64501953125 274
1756612010398 1253.94677734375 275
1756612013268 1394.2191162109375 276
1756612016131 1450.6883544921875 277
1756612019028 1310.145751953125 278
1756612021895 1091.8343505859375 279
1756612024742 1398.639892578125 280
1756612027617 1357.4388427734375 281
1756612030491 1333.067626953125 282
1756612033337 1363.7991943359375 283
1756612036186 1304.0135498046875 284
1756612039041 1524.60498046875 285
1756612042284 1399.890869140625 286
1756612045241 1282.0947265625 287
1756612048105 1302.5869140625 288
1756612050986 1347.048828125 289
1756612053893 1301.9644775390625 290
1756612056764 1045.004150390625 291
1756612059766 1181.606201171875 292
1756612062632 1411.3221435546875 293
1756612065505 1469.539794921875 294
1756612068395 864.6436157226562 295
1756612071248 1392.228515625 296
1756612074169 1363.08251953125 297
1756612077072 1294.9364013671875 298
1756612079923 1016.8032836914062 299
1756612095036 2532.1259765625 0
1756612097932 2390.5986328125 1
1756612100827 1762.0462646484375 2
1756612103726 1435.0762939453125 3
1756612106610 1401.9454345703125 4
1756612109479 1143.544189453125 5
1756612112401 1236.509765625 6
1756612115297 1231.9241943359375 7
1756612118199 1389.9619140625 8
1756612121071 958.0548706054688 9
1756612123950 873.76513671875 10
1756612126852 1247.8392333984375 11
1756612129721 1186.21923828125 12
1756612132659 1075.9197998046875 13
1756612135546 1338.58349609375 14
1756612138444 874.3260498046875 15
1756612141320 937.9700927734375 16
1756612144209 1258.7371826171875 17
1756612147119 1036.4642333984375 18
1756612150021 775.993408203125 19
1756612152934 1117.4796142578125 20
1756612155841 1147.89990234375 21
1756612158741 1114.3505859375 22
1756612161633 1151.8765869140625 23
1756612164544 876.0032958984375 24
1756612167498 964.0966796875 25
1756612170406 1165.490478515625 26
1756612173306 1027.987060546875 27
1756612176204 1162.780517578125 28
1756612179163 1119.083251953125 29
1756612182090 1098.841064453125 30
1756612184973 1104.8677978515625 31
1756612187885 1082.749267578125 32
1756612190837 971.8104248046875 33
1756612193717 1041.93896484375 34
1756612196603 901.3711547851562 35
1756612199483 939.0507202148438 36
1756612202382 1032.4072265625 37
1756612205296 902.0950927734375 38
1756612208195 1022.0293579101562 39
1756612211112 1028.88818359375 40
1756612214035 1163.79443359375 41
1756612216934 969.384521484375 42
1756612219834 1261.454345703125 43
1756612222760 1189.6705322265625 44
1756612225657 1213.093017578125 45
1756612228555 1134.4212646484375 46
1756612231440 1061.739013671875 47
1756612234358 831.43408203125 48
1756612237239 950.4138793945312 49
1756612240161 952.345703125 50
1756612243060 1374.8648681640625 51
1756612245955 950.8998413085938 52
1756612248846 1189.800048828125 53
1756612251732 1101.0860595703125 54
1756612254626 1197.685791015625 55
1756612257518 1016.1583862304688 56
1756612260418 1067.7928466796875 57
1756612263312 1020.2493286132812 58
1756612266191 1088.551513671875 59
1756612269064 1026.684326171875 60
1756612271944 1010.4594116210938 61
1756612274820 1058.440673828125 62
1756612277708 1094.4432373046875 63
1756612280585 870.2369995117188 64
1756612283477 1044.0018310546875 65
1756612286480 1091.172119140625 66
1756612289361 940.0994262695312 67
1756612292244 893.9918823242188 68
1756612295164 1294.7437744140625 69
1756612298108 915.083984375 70
1756612300987 1158.2515869140625 71
1756612303900 1121.0753173828125 72
1756612306806 1125.1368408203125 73
1756612309718 1239.6812744140625 74
1756612312592 949.7703247070312 75
1756612315470 1184.3287353515625 76
1756612318407 966.8168334960938 77
1756612321314 837.1925659179688 78
1756612324191 1212.0306396484375 79
1756612327064 1028.2138671875 80
1756612329974 917.6277465820312 81
1756612332899 1161.988037109375 82
1756612335786 1149.5927734375 83
1756612338681 807.5083618164062 84
1756612341602 919.8578491210938 85
1756612344477 1052.59814453125 86
1756612347371 963.059326171875 87
1756612350266 1013.0028076171875 88
1756612353221 1289.8707275390625 89
1756612356097 1028.2969970703125 90
1756612358970 928.980712890625 91
1756612361849 1014.240966796875 92
1756612364725 922.0953369140625 93
1756612367621 939.433349609375 94
1756612370569 1163.08447265625 95
1756612373484 979.6992797851562 96
1756612376375 791.6368408203125 97
1756612379260 1255.071044921875 98
1756612382179 1185.71435546875 99
1756612385116 1032.1845703125 100
1756612388041 1008.2633666992188 101
1756612390933 850.2647705078125 102
1756612393826 1190.756591796875 103
1756612396714 1143.8282470703125 104
1756612399609 1127.695068359375 105
1756612402531 1005.8534545898438 106
1756612405419 774.493408203125 107
1756612408377 1051.99365234375 108
1756612411260 1039.2139892578125 109
1756612414168 1051.065673828125 110
1756612417069 1084.6546630859375 111
1756612420010 1130.844970703125 112
1756612422905 962.964599609375 113
1756612425795 1098.4525146484375 114
1756612428681 1088.553466796875 115
1756612431569 914.6775512695312 116
1756612434465 983.85595703125 117
1756612437357 1132.5633544921875 118
1756612440282 1151.8846435546875 119
1756612443190 1089.9105224609375 120
1756612446075 1205.2421875 121
1756612449012 1116.5843505859375 122
1756612451890 1068.0367431640625 123
1756612454772 976.0154418945312 124
1756612457651 1154.979248046875 125
1756612460584 954.3040161132812 126
1756612463654 1256.6142578125 127
1756612466551 959.169921875 128
1756612469431 1046.755126953125 129
1756612472315 1087.0950927734375 130
1756612475189 1012.2893676757812 131
1756612478064 949.60205078125 132
1756612480965 1047.2442626953125 133
1756612483862 805.8387451171875 134
1756612486750 1054.796142578125 135
1756612489636 798.692138671875 136
1756612492577 1059.17333984375 137
1756612495518 984.8592529296875 138
1756612498444 885.0250244140625 139
1756612501326 1091.5992431640625 140
1756612504209 983.9736328125 141
1756612507126 1131.3499755859375 142
1756612510022 1093.619873046875 143
1756612512953 855.2680053710938 144
1756612515829 1229.9007568359375 145
1756612518711 1023.8032836914062 146
1756612521600 882.88818359375 147
1756612524497 1029.8988037109375 148
1756612527448 798.9755249023438 149
1756612530366 1027.781982421875 150
1756612533275 1142.0130615234375 151
1756612536179 1014.2747802734375 152
1756612539093 790.2890625 153
1756612542025 984.365234375 154
1756612544944 911.7161254882812 155
1756612547826 972.9000244140625 156
1756612550762 923.2564086914062 157
1756612553650 983.478515625 158
1756612556570 1216.8424072265625 159
1756612559457 968.89892578125 160
1756612562364 1073.8836669921875 161
1756612565312 1008.178955078125 162
1756612568185 823.466796875 163
1756612571122 1160.4261474609375 164
1756612573999 914.1890869140625 165
1756612576901 976.1693115234375 166
1756612579822 1036.5260009765625 167
1756612582716 1025.37255859375 168
1756612585668 821.8142700195312 169
1756612588584 1005.2326049804688 170
1756612591462 941.7294921875 171
1756612594332 1150.261474609375 172
1756612597207 876.3596801757812 173
1756612600101 1078.7950439453125 174
1756612602999 973.826416015625 175
1756612605904 973.172607421875 176
1756612608809 1048.2728271484375 177
1756612611716 1113.8624267578125 178
1756612614608 911.214111328125 179
1756612617494 1088.5128173828125 180
1756612620377 1085.7777099609375 181
1756612623256 850.8806762695312 182
1756612626151 1021.0376586914062 183
1756612629034 856.7385864257812 184
1756612631916 1173.0845947265625 185
1756612634828 995.0369873046875 186
1756612637701 896.8272705078125 187
1756612640581 747.198974609375 188
1756612643499 1096.7454833984375 189
1756612646406 1001.2478637695312 190
1756612649292 897.1508178710938 191
1756612652197 900.9208374023438 192
1756612655080 1116.240234375 193
1756612658081 813.5046997070312 194
1756612660955 1122.835693359375 195
1756612663863 1396.8226318359375 196
1756612666801 1075.3990478515625 197
1756612669674 1036.6148681640625 198
1756612672557 1090.4410400390625 199
1756612675473 1245.3818359375 200
1756612678345 722.2637939453125 201
1756612681229 980.1569213867188 202
1756612684109 1045.59228515625 203
1756612686995 1036.18896484375 204
1756612689867 915.5887451171875 205
1756612692793 1073.15380859375 206
1756612695701 1098.5052490234375 207
1756612698611 951.0067749023438 208
1756612701547 941.0888671875 209
1756612704434 828.4478759765625 210
1756612707385 1115.9730224609375 211
1756612710284 1030.2421875 212
1756612713173 920.4098510742188 213
1756612716062 989.86962890625 214
1756612718947 1042.65771484375 215
1756612721848 1151.1461181640625 216
1756612724744 1047.50244140625 217
1756612727623 1177.9466552734375 218
1756612730515 1099.1700439453125 219
1756612733403 1028.4324951171875 220
1756612736280 959.3106079101562 221
1756612739211 1029.6390380859375 222
1756612742123 963.3616333007812 223
1756612745084 1001.8004760742188 224
1756612748002 1004.2969970703125 225
1756612750905 1200.56396484375 226
1756612753810 1171.9273681640625 227
1756612756688 1131.78515625 228
1756612759565 913.6232299804688 229
1756612762459 942.154296875 230
1756612765379 1105.5013427734375 231
1756612768252 766.44482421875 232
1756612771210 834.7899169921875 233
1756612774116 846.8690795898438 234
1756612777038 881.7908325195312 235
1756612780044 922.0242919921875 236
1756612782934 1027.2769775390625 237
1756612785824 1116.33056640625 238
1756612788708 1183.027099609375 239
1756612791585 917.600830078125 240
1756612794457 976.0293579101562 241
1756612797329 1075.371337890625 242
1756612800240 994.2628173828125 243
1756612803171 1182.7281494140625 244
1756612806071 979.7814331054688 245
1756612809019 1079.2503662109375 246
1756612811932 959.6253051757812 247
1756612814823 1055.390625 248
1756612817727 1067.5911865234375 249
1756612820592 983.1972045898438 250
1756612823485 1131.2349853515625 251
1756612826369 1180.1846923828125 252
1756612829291 1022.6915283203125 253
1756612832159 1203.1815185546875 254
1756612835036 1131.7872314453125 255
1756612837905 1124.0701904296875 256
1756612840783 1042.0096435546875 257
1756612843672 852.1267700195312 258
1756612846530 1009.4113159179688 259
1756612849423 1039.790771484375 260
1756612852294 978.4219970703125 261
1756612855211 921.2230834960938 262
1756612858114 802.7965087890625 263
1756612860996 1123.6912841796875 264
1756612863889 1147.36572265625 265
1756612866799 909.928955078125 266
1756612869736 1000.2906494140625 267
1756612872859 1013.9388427734375 268
1756612875720 991.067138671875 269
1756612878577 1043.96435546875 270
1756612881445 1147.0504150390625 271
1756612884356 878.1329956054688 272
1756612887274 1217.2960205078125 273
1756612890147 1044.2161865234375 274
1756612893069 969.06689453125 275
1756612895924 1167.2357177734375 276
1756612898888 1081.8431396484375 277
1756612901791 1145.8953857421875 278
1756612904729 1050.6009521484375 279
1756612907612 992.2658081054688 280
1756612910474 1060.7576904296875 281
1756612913413 937.149658203125 282
1756612916311 961.0941162109375 283
1756612919243 980.0578002929688 284
1756612922129 1098.641357421875 285
1756612925060 1156.389892578125 286
1756612927948 923.9092407226562 287
1756612930860 987.3361206054688 288
1756612933791 1038.947509765625 289
1756612936654 1118.2366943359375 290
1756612939563 1086.4024658203125 291
1756612942456 1092.427490234375 292
1756612945362 1071.7225341796875 293
1756612948227 972.0177612304688 294
1756612951113 989.25 295
1756612953982 1059.8812255859375 296
1756612956856 1240.9818115234375 297
1756612959793 969.6194458007812 298
1756612962699 1094.87109375 299
1756612974662 2308.39013671875 0
1756612977612 977.6913452148438 1
1756612980532 1223.9677734375 2
1756612983424 968.5261840820312 3
1756612986290 1026.328369140625 4
1756612989239 1178.76318359375 5
1756612992161 1034.48193359375 6
1756612995052 1060.8846435546875 7
1756612997963 943.5263671875 8
1756613000943 1034.2357177734375 9
1756613003843 798.5546875 10
1756613006767 876.7076416015625 11
1756613009661 929.8300170898438 12
1756613012614 937.0452880859375 13
1756613015510 903.9122924804688 14
1756613018463 967.370361328125 15
1756613021373 939.4837036132812 16
1756613024310 872.6079711914062 17
1756613027209 870.7260131835938 18
1756613030125 990.0852661132812 19
1756613033012 905.8557739257812 20
1756613035945 1228.004638671875 21
1756613038837 1105.857666015625 22
1756613041754 985.0916137695312 23
1756613044641 1261.101318359375 24
1756613047560 1051.38330078125 25
1756613050440 815.0745239257812 26
1756613053374 1006.7402954101562 27
1756613056276 894.576171875 28
1756613059201 1212.8184814453125 29
1756613062128 999.832763671875 30
1756613065069 951.176025390625 31
1756613067968 897.6668090820312 32
1756613070879 957.0167846679688 33
1756613073822 878.9800415039062 34
1756613076713 736.249267578125 35
1756613079676 1118.9176025390625 36
1756613082585 764.0562744140625 37
1756613085531 941.0452880859375 38
1756613088455 845.8093872070312 39
1756613091367 899.8814697265625 40
1756613094279 989.0132446289062 41
1756613097259 955.738525390625 42
1756613100177 820.5079345703125 43
1756613103143 868.0940551757812 44
1756613106028 851.4752197265625 45
1756613108960 1148.933349609375 46
1756613111875 900.600341796875 47
1756613114852 1004.266845703125 48
1756613117731 1003.2784423828125 49
1756613120624 886.1234130859375 50
1756613123528 1149.664794921875 51
1756613126501 998.3755493164062 52
1756613129422 901.2305908203125 53
1756613132344 1177.30419921875 54
1756613135248 1035.7156982421875 55
1756613138225 810.400146484375 56
1756613141186 979.4517211914062 57
1756613144096 1021.5458374023438 58
1756613147010 1033.221923828125 59
1756613149917 792.8777465820312 60
1756613152832 865.756103515625 61
1756613155763 874.2551879882812 62
1756613158749 875.8942260742188 63
1756613161676 973.3064575195312 64
1756613164574 1062.076416015625 65
1756613167498 850.056396484375 66
1756613170409 1120.953369140625 67
1756613173343 1049.6826171875 68
1756613176280 1016.504638671875 69
1756613179190 798.962646484375 70
1756613182113 801.0587158203125 71
1756613185050 966.1656494140625 72
1756613187962 802.2390747070312 73
1756613190894 778.382080078125 74
1756613193800 925.3812866210938 75
1756613196710 875.254150390625 76
1756613199605 1050.6630859375 77
1756613202543 851.7710571289062 78
1756613205453 880.9540405273438 79
1756613208353 860.0820922851562 80
1756613211274 1032.7896728515625 81
1756613214195 968.0498046875 82
1756613217137 1059.226806640625 83
1756613220050 938.23974609375 84
1756613222960 1198.4547119140625 85
1756613225906 1046.89306640625 86
1756613228829 970.9061279296875 87
1756613231760 968.4857788085938 88
1756613234652 1124.4830322265625 89
1756613237566 952.1222534179688 90
1756613240489 831.61279296875 91
1756613243405 1178.9100341796875 92
1756613246355 1042.7413330078125 93
1756613249279 1066.0809326171875 94
1756613252185 1030.1351318359375 95
1756613255155 928.0195922851562 96
1756613258185 933.2140502929688 97
1756613261083 1024.393798828125 98
1756613264010 1039.12353515625 99
1756613266948 613.979248046875 100
1756613269840 842.866455078125 101
1756613272764 658.06884765625 102
1756613275656 978.593017578125 103
1756613278544 976.2607421875 104
1756613281444 865.0069580078125 105
1756613284368 956.2996826171875 106
1756613287349 1029.477783203125 107
1756613290445 786.5009765625 108
1756613293359 749.003662109375 109
1756613296293 814.6693115234375 110
1756613299249 1146.2373046875 111
1756613302196 1047.968505859375 112
1756613305118 887.3224487304688 113
1756613308077 1170.17919921875 114
1756613310979 886.925048828125 115
1756613313886 925.8121337890625 116
1756613316828 833.4887084960938 117
1756613319767 1026.8541259765625 118
1756613322673 1013.8646240234375 119
1756613325582 1117.3067626953125 120
1756613328537 1174.9561767578125 121
1756613331462 1029.2982177734375 122
1756613334380 1102.2325439453125 123
1756613337313 919.6036987304688 124
1756613340276 830.9463500976562 125
1756613343193 803.6898803710938 126
1756613346174 1112.501708984375 127
1756613349113 902.9605712890625 128
1756613352035 1034.724609375 129
1756613354967 790.5001220703125 130
1756613357912 732.076904296875 131
1756613360855 860.6306762695312 132
1756613363793 994.908203125 133
1756613366740 1021.8545532226562 134
1756613369654 782.4236450195312 135
1756613372538 1166.1673583984375 136
1756613375457 730.5535278320312 137
1756613378403 977.1404418945312 138
1756613381303 1076.455810546875 139
1756613384270 951.4612426757812 140
1756613387169 1066.9730224609375 141
1756613390101 892.8357543945312 142
1756613392971 860.1814575195312 143
1756613395866 975.281982421875 144
1756613398784 749.0568237304688 145
1756613401697 893.7171630859375 146
1756613404582 969.2451171875 147
1756613407532 999.3407592773438 148
1756613410445 913.990478515625 149
1756613413362 945.40966796875 150
1756613416289 997.470458984375 151
1756613419201 1026.1973876953125 152
1756613422125 822.1076049804688 153
1756613425061 1006.75439453125 154
1756613427989 942.4864501953125 155
1756613430940 891.89306640625 156
1756613433907 757.3826904296875 157
1756613436888 1185.1083984375 158
1756613439792 1102.26416015625 159
1756613442694 853.6353759765625 160
1756613445608 857.3176879882812 161
1756613448512 882.8660278320312 162
1756613451444 807.2908325195312 163
1756613454354 938.4381713867188 164
1756613457330 1243.5750732421875 165
1756613460242 834.6055297851562 166
1756613463167 848.5892333984375 167
1756613466096 1277.4697265625 168
1756613468993 885.8123168945312 169
1756613471913 1000.714599609375 170
1756613474833 1175.466552734375 171
1756613477738 938.0623779296875 172
1756613480677 882.9425659179688 173
1756613483622 752.0748291015625 174
1756613486585 1070.5028076171875 175
1756613489515 968.787841796875 176
1756613492440 886.98779296875 177
1756613495384 764.8428955078125 178
1756613498409 994.5588989257812 179
1756613501337 922.43017578125 180
1756613504253 768.48681640625 181
1756613507164 994.3508911132812 182
1756613510092 918.7998657226562 183
1756613513050 924.980224609375 184
1756613515959 912.48486328125 185
1756613518868 870.7791137695312 186
1756613521790 796.306640625 187
1756613524711 829.300537109375 188
1756613527666 1067.87353515625 189
1756613530570 1151.5625 190
1756613533500 1012.0460205078125 191
1756613536421 788.20263671875 192
1756613539345 748.2633666992188 193
1756613542254 1102.7164306640625 194
1756613545163 968.5833129882812 195
1756613548109 1099.3262939453125 196
1756613551038 935.8953247070312 197
1756613553979 827.9126586914062 198
1756613556878 927.9288330078125 199
1756613559789 890.1840209960938 200
1756613562717 889.2330322265625 201
1756613565651 1032.829833984375 202
1756613568604 906.76220703125 203
1756613571532 970.073486328125 204
1756613574439 926.7762451171875 205
1756613577438 1086.613525390625 206
1756613580396 929.4608154296875 207
1756613583326 1055.18994140625 208
1756613586266 874.003173828125 209
1756613589187 1038.6259765625 210
1756613592132 889.2942504882812 211
1756613595033 722.2618408203125 212
1756613597928 1087.3438720703125 213
1756613600852 1039.5313720703125 214
1756613603769 761.9585571289062 215
1756613606702 730.6150512695312 216
1756613609634 680.5626831054688 217
1756613612582 777.794921875 218
1756613615487 1029.862548828125 219
1756613618484 1066.9691162109375 220
1756613621394 930.2673950195312 221
1756613624333 765.50439453125 222
1756613627244 1219.415283203125 223
1756613630217 1068.382568359375 224
1756613633129 1019.6773071289062 225
1756613636073 953.0523071289062 226
1756613639008 929.407470703125 227
1756613641924 749.715576171875 228
1756613644872 1040.642578125 229
1756613647811 831.375732421875 230
1756613650799 951.331298828125 231
1756613653699 933.3574829101562 232
1756613656606 836.7727661132812 233
1756613659523 822.1063842773438 234
1756613662468 1189.755615234375 235
1756613665397 958.6271362304688 236
1756613668300 917.1353759765625 237
1756613671199 1095.0230712890625 238
1756613674161 912.949951171875 239
1756613677072 1025.1358642578125 240
1756613679969 857.1453247070312 241
1756613682915 1036.25732421875 242
1756613685821 972.821044921875 243
1756613688732 946.7005004882812 244
1756613691668 727.5811157226562 245
1756613694569 867.1901245117188 246
1756613697505 888.9268798828125 247
1756613700445 932.6347045898438 248
1756613703505 1071.0479736328125 249
1756613706509 786.1239013671875 250
1756613709418 976.3035278320312 251
1756613712317 1086.1549072265625 252
1756613715228 807.5162963867188 253
1756613718176 884.009521484375 254
1756613721080 1004.3767700195312 255
1756613724016 613.6964721679688 256
1756613726924 1058.37890625 257
1756613729826 879.7918090820312 258
1756613732783 831.656982421875 259
1756613735688 965.7088012695312 260
1756613738737 833.91455078125 261
1756613741659 979.7871704101562 262
1756613744580 664.7002563476562 263
1756613747467 995.2942504882812 264
1756613750364 984.3023071289062 265
1756613753306 907.0685424804688 266
1756613756230 736.4092407226562 267
1756613759123 975.025390625 268
1756613762027 800.5182495117188 269
1756613764922 888.1430053710938 270
1756613767865 1014.165771484375 271
1756613770774 940.525390625 272
1756613773676 1021.14794921875 273
1756613776595 871.7760620117188 274
1756613779521 1004.2957153320312 275
1756613782428 845.7839965820312 276
1756613785351 796.8831176757812 277
1756613788268 878.5592041015625 278
1756613791163 848.734375 279
1756613794086 795.5260009765625 280
1756613797034 982.396484375 281
1756613799958 955.3746337890625 282
1756613802872 787.8619995117188 283
1756613805826 978.7737426757812 284
1756613808785 824.8258666992188 285
1756613811709 884.85693359375 286
1756613814654 1094.744140625 287
1756613817544 663.3463745117188 288
1756613820442 640.503662109375 289
1756613823341 885.2385864257812 290
1756613826247 910.7803955078125 291
1756613829144 1020.07568359375 292
1756613832061 744.291015625 293
1756613834996 830.1359252929688 294
1756613837932 1098.2900390625 295
1756613840849 1109.4229736328125 296
1756613843767 819.4562377929688 297
1756613846663 799.0717163085938 298
1756613849577 845.641845703125 299
1756613861789 2198.7890625 0
1756613864717 1291.3131103515625 1
1756613867664 1360.673095703125 2
1756613870585 1216.12744140625 3
1756613873514 1199.08544921875 4
1756613876459 1136.7220458984375 5
1756613879413 1157.032958984375 6
1756613882385 1034.1177978515625 7
1756613885320 949.2010498046875 8
1756613888292 1074.8228759765625 9
1756613891284 1020.339111328125 10
1756613894270 856.1742553710938 11
1756613897283 1222.078369140625 12
1756613900264 773.0384521484375 13
1756613903208 1056.259765625 14
1756613906178 947.2763671875 15
1756613909158 852.8128662109375 16
1756613912087 803.7749633789062 17
1756613915007 986.2196655273438 18
1756613917940 982.3574829101562 19
1756613920925 906.8768920898438 20
1756613923901 861.6699829101562 21
1756613926835 784.9675903320312 22
1756613929785 1013.2796630859375 23
1756613932704 1176.0018310546875 24
1756613935642 1274.8797607421875 25
1756613938594 898.111083984375 26
1756613941551 777.6787719726562 27
1756613944469 1006.7090454101562 28
1756613947386 799.9453125 29
1756613950316 1046.6875 30
1756613953254 946.1783447265625 31
1756613956186 920.5045166015625 32
1756613959167 769.6004638671875 33
1756613962153 875.4544677734375 34
1756613965079 1028.715576171875 35
1756613968007 1072.0787353515625 36
1756613970937 847.7675170898438 37
1756613973939 856.8633422851562 38
1756613976886 966.3789672851562 39
1756613979921 861.5786743164062 40
1756613982849 1100.9093017578125 41
1756613985775 983.55029296875 42
1756613988731 599.31982421875 43
1756613991651 978.1428833007812 44
1756613994576 856.9560546875 45
1756613997533 939.952392578125 46
1756614000456 794.319580078125 47
1756614003380 1149.560791015625 48
1756614006305 775.028564453125 49
1756614009226 685.3702392578125 50
1756614012218 911.512451171875 51
1756614015171 1127.34375 52
1756614018100 772.284912109375 53
1756614021048 969.0911254882812 54
1756614023977 854.6001586914062 55
1756614026903 990.2797241210938 56
1756614029823 786.1358032226562 57
1756614032799 910.7100830078125 58
1756614035768 1121.3974609375 59
1756614038691 921.6193237304688 60
1756614041653 962.7199096679688 61
1756614044606 851.2686157226562 62
1756614047516 1347.402099609375 63
1756614050440 793.4595336914062 64
1756614053347 1019.5317993164062 65
1756614056277 689.2044677734375 66
1756614059213 875.083984375 67
1756614062176 915.0215454101562 68
1756614065116 906.3936157226562 69
1756614068065 1029.624267578125 70
1756614071004 1025.2880859375 71
1756614073932 1352.8599853515625 72
1756614076859 873.7833251953125 73
1756614079789 960.5298461914062 74
1756614082706 902.1112670898438 75
1756614085657 774.517333984375 76
1756614088627 937.3981323242188 77
1756614091581 1121.43408203125 78
1756614094556 891.7236328125 79
1756614097510 752.6261596679688 80
1756614100504 1086.610595703125 81
1756614103436 800.103271484375 82
1756614106445 1017.6595458984375 83
1756614109356 946.856201171875 84
1756614112291 902.6663208007812 85
1756614115271 805.7897338867188 86
1756614118319 811.7733154296875 87
1756614121291 917.484375 88
1756614124379 1000.4616088867188 89
1756614127356 1058.5059814453125 90
1756614130325 766.3012084960938 91
1756614133288 890.1566162109375 92
1756614136252 1021.7437744140625 93
1756614139257 1015.438232421875 94
1756614142238 745.4169921875 95
1756614145194 948.9752197265625 96
1756614148197 807.1532592773438 97
1756614151188 892.654296875 98
1756614154138 919.7151489257812 99
1756614157135 849.2575073242188 100
1756614160096 872.987548828125 101
1756614163086 1009.2281494140625 102
1756614166043 991.724609375 103
1756614169019 1018.4461669921875 104
1756614171976 794.6680297851562 105
1756614174950 831.4959716796875 106
1756614177934 864.321533203125 107
1756614180910 894.1041259765625 108
1756614183921 1125.7860107421875 109
1756614186911 1131.991455078125 110
1756614189875 922.3876342773438 111
1756614192873 896.206787109375 112
1756614195837 1070.229248046875 113
1756614198811 923.9049072265625 114
1756614201765 892.2431030273438 115
1756614204776 977.25 116
1756614207779 926.916015625 117
1756614210747 836.0841674804688 118
1756614213711 822.7638549804688 119
1756614216709 733.3549194335938 120
1756614219750 773.8347778320312 121
1756614222769 1070.88720703125 122
1756614225774 876.4347534179688 123
1756614228721 1075.4549560546875 124
1756614231767 831.9496459960938 125
1756614234772 1011.86279296875 126
1756614237750 1017.5890502929688 127
1756614240698 953.71875 128
1756614243677 777.2486572265625 129
1756614246699 828.6195678710938 130
1756614249662 656.12841796875 131
1756614252662 791.2842407226562 132
1756614255639 892.9248657226562 133
1756614258604 1048.7169189453125 134
1756614261612 900.8364868164062 135
1756614264655 720.5274047851562 136
1756614267666 910.5828247070312 137
1756614270657 906.4017333984375 138
1756614273652 950.8824462890625 139
1756614276665 788.5401000976562 140
1756614279644 1125.614501953125 141
1756614282602 879.3128051757812 142
1756614285584 720.4417114257812 143
1756614288527 1111.0701904296875 144
1756614291510 983.404296875 145
1756614294483 596.5844116210938 146
1756614297451 827.5177001953125 147
1756614300406 990.7921752929688 148
1756614303396 944.7211303710938 149
1756614306372 1118.5513916015625 150
1756614309363 999.7817993164062 151
1756614312337 653.9711303710938 152
1756614315367 719.58642578125 153
1756614318356 803.3099365234375 154
1756614321371 690.7242431640625 155
1756614324344 966.985595703125 156
1756614327315 789.7705078125 157
1756614330275 1174.3883056640625 158
1756614333246 1045.33154296875 159
1756614336201 856.0549926757812 160
1756614339261 1058.7860107421875 161
1756614342248 801.173583984375 162
1756614345268 762.5104370117188 163
1756614348243 1023.2706909179688 164
1756614351232 1096.562744140625 165
1756614354223 913.9216918945312 166
1756614357203 863.2365112304688 167
1756614360224 846.5965576171875 168
1756614363231 785.4169921875 169
1756614366234 930.2407836914062 170
1756614369212 808.616455078125 171
1756614372226 978.2669677734375 172
1756614375214 985.1873168945312 173
1756614378201 865.4397583007812 174
1756614381172 1018.962646484375 175
1756614384174 908.8858032226562 176
1756614387178 909.5578002929688 177
1756614390160 1206.48046875 178
1756614393156 798.0050659179688 179
1756614396183 795.135986328125 180
1756614399162 803.7906494140625 181
1756614402134 1000.53955078125 182
1756614405106 1011.8650512695312 183
1756614408105 909.4669799804688 184
1756614411109 920.1944580078125 185
1756614414101 950.5718994140625 186
1756614417121 896.8262329101562 187
1756614420106 996.9743041992188 188
1756614423090 793.2166137695312 189
1756614426068 1097.19482421875 190
1756614429043 847.5994262695312 191
1756614432030 977.2471923828125 192
1756614434996 909.7300415039062 193
1756614438003 953.384033203125 194
1756614441030 1033.05029296875 195
1756614444016 883.3634033203125 196
1756614447008 981.9281616210938 197
1756614449977 1024.633056640625 198
1756614452966 917.571533203125 199
1756614455955 729.0997924804688 200
1756614459016 767.73974609375 201
1756614462007 929.3173217773438 202
1756614464996 834.7003173828125 203
1756614468013 1155.3082275390625 204
1756614470993 979.5482788085938 205
1756614473985 931.7905883789062 206
1756614476972 809.98681640625 207
1756614479984 817.6729125976562 208
1756614482984 1043.9744873046875 209
1756614485946 838.2748413085938 210
1756614488951 949.7899169921875 211
1756614491945 832.7319946289062 212
1756614494948 651.1976928710938 213
1756614497931 991.2036743164062 214
1756614500900 830.3307495117188 215
1756614503871 756.6110229492188 216
1756614506880 942.4844970703125 217
1756614509877 865.2713012695312 218
1756614512849 911.7532958984375 219
1756614515826 951.0243530273438 220
1756614518832 1023.882080078125 221
1756614521828 932.7123413085938 222
1756614524831 1025.610107421875 223
1756614527843 776.5814208984375 224
1756614530843 822.9279174804688 225
1756614533819 790.2644653320312 226
1756614536838 695.9986572265625 227
1756614539846 994.1588745117188 228
1756614542890 893.1951293945312 229
1756614546055 944.868896484375 230
1756614549057 818.7332153320312 231
1756614552034 650.6084594726562 232
1756614555002 1126.895751953125 233
1756614557970 595.0955200195312 234
1756614560956 985.63330078125 235
1756614563954 1189.578125 236
1756614566956 841.8084716796875 237
1756614569969 685.5916748046875 238
1756614572953 898.108154296875 239
1756614575950 936.6390991210938 240
1756614579046 792.8956298828125 241
1756614582089 1073.6607666015625 242
1756614585077 1094.3997802734375 243
1756614588057 1020.3563842773438 244
1756614591035 919.7125244140625 245
1756614594032 896.000732421875 246
1756614597030 926.220703125 247
1756614600041 828.3854370117188 248
1756614603045 995.0675048828125 249
1756614606016 984.9703369140625 250
1756614608982 954.7665405273438 251
1756614611993 1182.3328857421875 252
1756614615004 982.4765625 253
1756614617982 988.0069580078125 254
1756614620977 816.77294921875 255
1756614623966 959.9478759765625 256
1756614626991 758.7763671875 257
1756614629990 1023.3185424804688 258
1756614632985 865.0440673828125 259
1756614635985 762.7342529296875 260
1756614639048 739.0426635742188 261
1756614642026 786.8126220703125 262
1756614645004 708.5888061523438 263
1756614648020 789.3426513671875 264
1756614651043 868.5868530273438 265
1756614654090 829.2762451171875 266
1756614657060 727.3251342773438 267
1756614660036 1098.1221923828125 268
1756614663042 777.26806640625 269
1756614666045 810.4686279296875 270
1756614669019 883.689208984375 271
1756614672053 764.5118408203125 272
1756614675050 916.7955322265625 273
1756614678012 826.698974609375 274
1756614680976 1016.6161499023438 275
1756614683985 847.7138671875 276
1756614687016 864.5219116210938 277
1756614690049 956.8142700195312 278
1756614693027 938.7644653320312 279
1756614695997 986.4751586914062 280
1756614699107 984.7147827148438 281
1756614702075 910.3718872070312 282
1756614705038 888.409912109375 283
1756614708011 926.7687377929688 284
1756614711038 1095.415771484375 285
1756614714017 788.4845581054688 286
1756614717009 859.1094970703125 287
1756614720025 891.5062866210938 288
1756614723012 773.50439453125 289
1756614726024 989.4576416015625 290
1756614729002 788.2369384765625 291
1756614732036 1008.0537719726562 292
1756614735046 916.435791015625 293
1756614738013 892.402587890625 294
1756614740982 964.8394165039062 295
1756614743948 758.5822143554688 296
1756614746976 922.0352172851562 297
1756614749961 909.6144409179688 298
1756614752934 838.3184204101562 299
1756614761892 2561.55615234375 0
1756614761942 2469.61962890625 1
1756614761990 2336.728515625 2
1756614762037 2267.0966796875 3
1756614762082 2116.483154296875 4
1756614762127 1875.5894775390625 5
1756614762172 1811.1763916015625 6
1756614762219 1760.2822265625 7
1756614762264 1518.4495849609375 8
1756614762309 1341.6663818359375 9
1756614762354 1192.610107421875 10
1756614762400 1251.8856201171875 11
1756614762444 1038.517578125 12
1756614762489 1033.1690673828125 13
1756614762538 999.1852416992188 14
1756614762580 1095.5877685546875 15
1756614762626 1218.0198974609375 16
1756614762667 1185.782958984375 17
1756614762712 1172.3250732421875 18
1756614762757 993.5526123046875 19
1756614762806 1161.749267578125 20
1756614762854 1159.9068603515625 21
1756614762914 1318.6688232421875 22
1756614762965 1217.1632080078125 23
1756614763007 1048.90380859375 24
1756614763048 1235.5791015625 25
1756614763090 1005.3767700195312 26
1756614763136 1139.435791015625 27
1756614763180 1349.0960693359375 28
1756614763218 1082.3087158203125 29
1756614763256 1095.247802734375 30
1756614763292 1022.0828247070312 31
1756614763329 1002.7929077148438 32
1756614763366 1172.109375 33
1756614763409 1040.427490234375 34
1756614763451 1132.4237060546875 35
1756614763488 967.6197509765625 36
1756614763525 1176.5819091796875 37
1756614763562 1402.8114013671875 38
1756614763599 1012.4267578125 39
1756614763636 1253.8328857421875 40
1756614763674 1148.6241455078125 41
1756614763711 1133.828369140625 42
1756614763748 1054.2481689453125 43
1756614763785 1021.8544921875 44
1756614763822 1117.7093505859375 45
1756614763859 971.9089965820312 46
1756614763896 1152.1607666015625 47
1756614763933 1127.3739013671875 48
1756614763971 1049.1392822265625 49
1756614764009 985.5636596679688 50
1756614764047 1070.351318359375 51
1756614764084 1331.125244140625 52
1756614764121 1234.375244140625 53
1756614764158 1392.5736083984375 54
1756614764195 1140.176513671875 55
1756614764233 1173.2847900390625 56
1756614764270 1027.58447265625 57
1756614764307 1023.7159423828125 58
1756614764345 1160.626220703125 59
1756614764383 1207.7889404296875 60
1756614764420 1123.38916015625 61
1756614764457 1025.33447265625 62
1756614764494 1061.9034423828125 63
1756614764531 1161.5631103515625 64
1756614764568 990.813232421875 65
1756614764605 1178.196533203125 66
1756614764645 907.2562255859375 67
1756614764683 1373.7275390625 68
1756614764721 1170.2218017578125 69
1756614764787 997.1763916015625 70
1756614764825 1156.846435546875 71
1756614764862 1213.7100830078125 72
1756614764899 1193.2723388671875 73
1756614764937 988.8292846679688 74
1756614764974 1179.81396484375 75
1756614765011 1044.07177734375 76
1756614765049 1426.3160400390625 77
1756614765087 1131.1221923828125 78
1756614765124 1087.3013916015625 79
1756614765161 1009.6852416992188 80
1756614765199 1065.143798828125 81
1756614765236 1259.020751953125 82
1756614765273 1141.8836669921875 83
1756614765310 914.5386962890625 84
1756614765348 1086.9508056640625 85
1756614765385 1119.92626953125 86
1756614765422 1164.2646484375 87
1756614765460 1277.012939453125 88
1756614765498 1087.0450439453125 89
1756614765535 1084.2503662109375 90
1756614765572 1146.1729736328125 91
1756614765609 980.6836547851562 92
1756614765647 1141.158935546875 93
1756614765684 1447.2945556640625 94
1756614765722 1427.72021484375 95
1756614765759 1106.2257080078125 96
1756614765796 1128.2646484375 97
1756614765833 1191.749267578125 98
1756614765870 1005.1281127929688 99
1756614765908 1091.0672607421875 100
1756614765945 965.3834838867188 101
1756614765983 1326.1329345703125 102
1756614766021 1528.15234375 103
1756614766059 1174.8294677734375 104
1756614766096 1276.994384765625 105
1756614766133 1264.1771240234375 106
1756614766171 1027.5302734375 107
1756614766209 932.4593505859375 108
1756614766247 991.4337158203125 109
1756614766284 1353.7301025390625 110
1756614766322 1073.5042724609375 111
1756614766360 1162.51416015625 112
1756614766398 981.0794677734375 113
1756614766437 1053.6806640625 114
1756614766477 1044.7479248046875 115
1756614766514 1174.533935546875 116
1756614766550 1029.4554443359375 117
1756614766587 1391.2806396484375 118
1756614766624 1317.291015625 119
1756614766662 1112.9444580078125 120
1756614766698 872.119140625 121
1756614766736 891.13720703125 122
1756614766773 1254.23681640625 123
1756614766810 1158.5538330078125 124
1756614766847 1350.5406494140625 125
1756614766884 1215.6165771484375 126
1756614766921 957.6253662109375 127
1756614766958 1129.377685546875 128
1756614766995 1175.128173828125 129
1756614767033 1079.0380859375 130
1756614767071 1150.36083984375 131
1756614767108 994.1270751953125 132
1756614767145 1265.2381591796875 133
1756614767182 1354.8485107421875 134
1756614767219 1203.61572265625 135
1756614767257 1320.60986328125 136
1756614767293 971.623046875 137
1756614767331 1133.9295654296875 138
1756614767367 1043.4415283203125 139
1756614767405 1200.65771484375 140
1756614767442 1028.0081787109375 141
1756614767479 1193.0955810546875 142
1756614767516 1228.5123291015625 143
1756614767553 1135.2806396484375 144
1756614767591 1345.5263671875 145
1756614767629 1230.093505859375 146
1756614767666 1286.8494873046875 147
1756614767703 1108.7020263671875 148
1756614767742 1387.8779296875 149
1756614767780 1034.480224609375 150
1756614767818 1054.175048828125 151
1756614767855 1247.6641845703125 152
1756614767893 998.6890258789062 153
1756614767935 1040.603515625 154
1756614767974 1066.6549072265625 155
1756614768010 933.9602661132812 156
1756614768047 1189.5174560546875 157
1756614768084 1240.7115478515625 158
1756614768121 1200.0252685546875 159
1756614768159 1310.5570068359375 160
1756614768196 1105.2294921875 161
1756614768233 1484.568359375 162
1756614768270 1246.25146484375 163
1756614768307 1241.352294921875 164
1756614768344 1258.72802734375 165
1756614768382 1402.708740234375 166
1756614768419 1175.4281005859375 167
1756614768456 1134.050048828125 168
1756614768494 771.6085205078125 169
1756614768531 1485.0841064453125 170
1756614768568 1020.7406616210938 171
1756614768606 1455.0421142578125 172
1756614768646 900.7506713867188 173
1756614768683 992.3602905273438 174
1756614768720 914.9041137695312 175
1756614768757 1089.3994140625 176
1756614768794 1101.786376953125 177
1756614768838 1275.62890625 178
1756614768875 861.65966796875 179
1756614768912 1066.984619140625 180
1756614768948 1104.292724609375 181
1756614768985 1175.47998046875 182
1756614769022 1185.130615234375 183
1756614769060 1361.1671142578125 184
1756614769098 892.38232421875 185
1756614769140 1108.2266845703125 186
1756614769181 1186.3533935546875 187
1756614769223 982.9143676757812 188
1756614769261 1170.5218505859375 189
1756614769303 1233.3359375 190
1756614769343 1091.202880859375 191
1756614769379 1120.2552490234375 192
1756614769416 1268.55029296875 193
1756614769453 1197.7691650390625 194
1756614769490 1018.16162109375 195
1756614769527 1057.6121826171875 196
1756614769564 1016.0843505859375 197
1756614769601 1087.59765625 198
1756614769639 1131.2296142578125 199
1756614769676 1246.693359375 200
1756614769713 1146.260498046875 201
1756614769750 1168.9830322265625 202
1756614769788 912.9847412109375 203
1756614769826 950.6477661132812 204
1756614769863 1009.5741577148438 205
1756614769900 1059.9122314453125 206
1756614769937 1179.6378173828125 207
1756614769980 1158.730224609375 208
1756614770018 1038.304443359375 209
1756614770057 1108.0123291015625 210
1756614770095 1092.3875732421875 211
1756614770133 1513.575439453125 212
1756614770171 1310.8507080078125 213
1756614770208 1207.872314453125 214
1756614770246 1293.355712890625 215
1756614770283 979.2914428710938 216
1756614770320 1115.9027099609375 217
1756614770358 1178.8228759765625 218
1756614770396 970.964599609375 219
1756614770435 915.4122924804688 220
1756614770474 968.1600341796875 221
1756614770511 1398.8511962890625 222
1756614770549 1051.23046875 223
1756614770586 1081.263916015625 224
1756614770623 907.636962890625 225
1756614770662 1195.7689208984375 226
1756614770699 1032.9384765625 227
1756614770736 1181.2320556640625 228
1756614770773 1138.5765380859375 229
1756614770811 1116.3863525390625 230
1756614770848 1228.29833984375 231
1756614770886 1364.606201171875 232
1756614770923 1360.830810546875 233
1756614770960 1007.8961791992188 234
1756614770997 1121.2933349609375 235
1756614771034 1211.6898193359375 236
1756614771072 1257.7401123046875 237
1756614771109 1197.8441162109375 238
1756614771147 1031.533203125 239
1756614771184 908.5806884765625 240
1756614771221 955.2396240234375 241
1756614771258 1101.6280517578125 242
1756614771295 1138.5345458984375 243
1756614771332 999.6253662109375 244
1756614771369 1227.66015625 245
1756614771406 1081.190185546875 246
1756614771443 1319.004150390625 247
1756614771482 1022.6000366210938 248
1756614771518 1171.3056640625 249
1756614771556 1118.8587646484375 250
1756614771593 1284.045166015625 251
1756614771630 1093.8975830078125 252
1756614771667 1191.5914306640625 253
1756614771704 1068.5799560546875 254
1756614771741 1103.8604736328125 255
1756614771783 1168.1162109375 256
1756614771824 989.2649536132812 257
1756614771862 1019.0821533203125 258
1756614771899 1029.61572265625 259
1756614771936 1067.6981201171875 260
1756614771974 1202.4241943359375 261
1756614772012 914.7861328125 262
1756614772049 1102.9200439453125 263
1756614772087 1183.1673583984375 264
1756614772123 916.3065795898438 265
1756614772161 1067.13232421875 266
1756614772198 1229.6942138671875 267
1756614772235 1061.768310546875 268
1756614772272 1112.150146484375 269
1756614772310 1041.1458740234375 270
1756614772347 952.9718627929688 271
1756614772383 1199.1893310546875 272
1756614772422 1100.2740478515625 273
1756614772458 1172.1402587890625 274
1756614772495 1105.0992431640625 275
1756614772533 1113.8414306640625 276
1756614772571 1167.3304443359375 277
1756614772609 1009.662109375 278
1756614772647 982.5682373046875 279
1756614772684 1131.18310546875 280
1756614772722 1230.9930419921875 281
1756614772763 1221.6982421875 282
1756614772801 1210.833251953125 283
1756614772838 1235.4183349609375 284
1756614772877 1085.1435546875 285
1756614772915 1075.9090576171875 286
1756614772953 1151.1630859375 287
1756614772990 1118.5230712890625 288
1756614773027 1035.906494140625 289
1756614773064 1103.3990478515625 290
1756614773102 1230.083984375 291
1756614773139 1252.4759521484375 292
1756614773176 1334.9798583984375 293
1756614773214 1353.5682373046875 294
1756614773251 1088.3800048828125 295
1756614773288 1229.08740234375 296
1756614773325 868.35693359375 297
1756614773362 1118.244873046875 298
1756614773400 1119.09228515625 299
1756614781530 2535.009033203125 0
1756614781571 2535.009033203125 1
1756614781606 2535.008544921875 2
1756614781651 2535.009033203125 3
1756614781691 2535.008544921875 4
1756614781728 2535.009033203125 5
1756614781763 2535.0087890625 6
1756614781798 2535.009033203125 7
1756614781834 2535.009033203125 8
1756614781870 2535.009033203125 9
1756614781905 2535.009033203125 10
1756614781940 2535.0087890625 11
1756614781976 2535.008544921875 12
1756614782011 2535.0087890625 13
1756614782047 2535.009033203125 14
1756614782086 2535.009033203125 15
1756614782123 2535.009033203125 16
1756614782158 2535.0087890625 17
1756614782195 2535.009033203125 18
1756614782233 2535.0087890625 19
1756614782274 2535.009033203125 20
1756614782311 2535.0087890625 21
1756614782347 2535.0087890625 22
1756614782382 2535.0087890625 23
1756614782418 2535.009033203125 24
1756614782454 2535.009033203125 25
1756614782490 2535.009033203125 26
1756614782526 2535.009033203125 27
1756614782561 2535.009033203125 28
1756614782598 2535.009033203125 29
1756614782635 2535.009033203125 30
1756614782678 2535.008544921875 31
1756614782723 2535.009033203125 32
1756614782810 2535.009033203125 33
1756614782856 2535.0087890625 34
1756614782900 2535.009033203125 35
1756614782947 2535.009033203125 36
1756614782990 2535.009033203125 37
1756614783032 2535.0087890625 38
1756614783073 2535.008544921875 39
1756614783114 2535.009033203125 40
1756614783156 2535.009033203125 41
1756614783197 2535.0087890625 42
1756614783238 2535.0087890625 43
1756614783278 2535.0087890625 44
1756614783319 2535.008544921875 45
1756614783360 2535.009033203125 46
1756614783403 2535.009033203125 47
1756614783439 2535.0087890625 48
1756614783474 2535.009033203125 49
1756614783520 2535.0087890625 50
1756614783570 2535.009033203125 51
1756614783612 2535.00927734375 52
1756614783654 2535.0087890625 53
1756614783714 2535.0087890625 54
1756614783760 2535.009033203125 55
1756614783798 2535.009033203125 56
1756614783835 2535.009033203125 57
1756614783871 2535.0087890625 58
1756614783915 2535.0087890625 59
1756614783955 2535.009033203125 60
1756614783991 2535.0087890625 61
1756614784027 2535.0087890625 62
1756614784063 2535.009033203125 63
1756614784098 2535.009033203125 64
1756614784138 2535.0087890625 65
1756614784179 2535.0087890625 66
1756614784216 2535.00927734375 67
1756614784251 2535.009033203125 68
1756614784287 2535.0087890625 69
1756614784323 2535.0087890625 70
1756614784359 2535.009033203125 71
1756614784395 2535.0087890625 72
1756614784432 2535.0087890625 73
1756614784468 2535.009033203125 74
1756614784504 2535.008544921875 75
1756614784540 2535.0087890625 76
1756614784575 2535.0087890625 77
1756614784611 2535.009033203125 78
1756614784648 2535.009033203125 79
1756614784684 2535.009033203125 80
1756614784720 2535.009033203125 81
1756614784756 2535.008544921875 82
1756614784792 2535.009033203125 83
1756614784828 2535.009033203125 84
1756614784864 2535.009033203125 85
1756614784900 2535.0087890625 86
1756614784936 2535.009033203125 87
1756614784971 2535.009033203125 88
1756614785007 2535.008544921875 89
1756614785044 2535.009033203125 90
1756614785080 2535.009033203125 91
1756614785116 2535.009033203125 92
1756614785151 2535.0087890625 93
1756614785187 2535.009033203125 94
1756614785224 2535.008544921875 95
1756614785259 2535.009033203125 96
1756614785295 2535.009033203125 97
1756614785330 2535.0087890625 98
1756614785367 2535.009033203125 99
1756614785403 2535.009033203125 100
1756614785438 2535.009033203125 101
1756614785474 2535.008544921875 102
1756614785510 2535.0087890625 103
1756614785545 2535.0087890625 104
1756614785581 2535.0087890625 105
1756614785621 2535.008544921875 106
1756614785658 2535.0087890625 107
1756614785694 2535.0087890625 108
1756614785730 2535.009033203125 109
1756614785766 2535.008544921875 110
1756614785801 2535.0087890625 111
1756614785838 2535.009033203125 112
1756614785875 2535.008544921875 113
1756614785911 2535.008544921875 114
1756614785947 2535.009033203125 115
1756614785982 2535.0087890625 116
1756614786018 2535.009033203125 117
1756614786054 2535.009033203125 118
1756614786090 2535.0087890625 119
1756614786125 2535.009033203125 120
1756614786161 2535.009033203125 121
1756614786198 2535.009033203125 122
1756614786234 2535.009033203125 123
1756614786270 2535.009033203125 124
1756614786306 2535.0087890625 125
1756614786342 2535.009033203125 126
1756614786377 2535.009033203125 127
1756614786413 2535.0087890625 128
1756614786448 2535.009033203125 129
1756614786484 2535.0087890625 130
1756614786519 2535.0087890625 131
1756614786555 2535.009033203125 132
1756614786590 2535.0087890625 133
1756614786626 2535.009033203125 134
1756614786662 2535.009033203125 135
1756614786698 2535.0087890625 136
1756614786733 2535.0087890625 137
1756614786769 2535.009033203125 138
1756614786805 2535.009033203125 139
1756614786841 2535.0087890625 140
1756614786876 2535.009033203125 141
1756614786912 2535.009033203125 142
1756614786949 2535.009033203125 143
1756614786985 2535.009033203125 144
1756614787021 2535.009033203125 145
1756614787058 2535.008544921875 146
1756614787093 2535.0087890625 147
1756614787129 2535.009033203125 148
1756614787165 2535.0087890625 149
1756614787200 2535.0087890625 150
1756614787236 2535.0087890625 151
1756614787272 2535.008544921875 152
1756614787308 2535.009033203125 153
1756614787344 2535.009033203125 154
1756614787379 2535.00927734375 155
1756614787415 2535.009033203125 156
1756614787451 2535.009033203125 157
1756614787487 2535.009033203125 158
1756614787522 2535.009033203125 159
1756614787558 2535.009033203125 160
1756614787593 2535.0087890625 161
1756614787629 2535.008544921875 162
1756614787665 2535.0087890625 163
1756614787701 2535.0087890625 164
1756614787741 2535.009033203125 165
1756614787781 2535.0087890625 166
1756614787822 2535.009033203125 167
1756614787862 2535.0087890625 168
1756614787904 2535.008544921875 169
1756614787945 2535.009033203125 170
1756614787982 2535.008544921875 171
1756614788018 2535.008544921875 172
1756614788053 2535.009033203125 173
1756614788089 2535.0087890625 174
1756614788125 2535.009033203125 175
1756614788165 2535.008544921875 176
1756614788203 2535.008544921875 177
1756614788240 2535.008544921875 178
1756614788276 2535.0087890625 179
1756614788312 2535.009033203125 180
1756614788348 2535.009033203125 181
1756614788388 2535.009033203125 182
1756614788428 2535.0087890625 183
1756614788468 2535.009033203125 184
1756614788508 2535.0087890625 185
1756614788544 2535.009033203125 186
1756614788580 2535.009033203125 187
1756614788617 2535.0087890625 188
1756614788653 2535.0087890625 189
1756614788689 2535.009033203125 190
1756614788726 2535.0087890625 191
1756614788765 2535.009033203125 192
1756614788801 2535.009033203125 193
1756614788838 2535.009033203125 194
1756614788874 2535.009033203125 195
1756614788913 2535.009033203125 196
1756614788953 2535.009033203125 197
1756614788992 2535.0087890625 198
1756614789032 2535.0087890625 199
1756614789071 2535.0087890625 200
1756614789111 2535.0087890625 201
1756614789150 2535.0087890625 202
1756614789190 2535.009033203125 203
1756614789228 2535.009033203125 204
1756614789270 2535.009033203125 205
1756614789306 2535.0087890625 206
1756614789343 2535.009033203125 207
1756614789380 2535.0087890625 208
1756614789416 2535.009033203125 209
1756614789452 2535.008544921875 210
1756614789489 2535.009033203125 211
1756614789525 2535.009033203125 212
1756614789562 2535.0087890625 213
1756614789598 2535.0087890625 214
1756614789635 2535.009033203125 215
1756614789672 2535.009033203125 216
1756614789708 2535.009033203125 217
1756614789745 2535.009033203125 218
1756614789781 2535.0087890625 219
1756614789818 2535.008544921875 220
1756614789854 2535.0087890625 221
1756614789890 2535.009033203125 222
1756614789926 2535.0087890625 223
1756614789964 2535.008544921875 224
1756614790001 2535.0087890625 225
1756614790037 2535.009033203125 226
1756614790074 2535.009033203125 227
1756614790114 2535.0087890625 228
1756614790155 2535.0087890625 229
1756614790196 2535.009033203125 230
1756614790232 2535.0087890625 231
1756614790268 2535.009033203125 232
1756614790305 2535.0087890625 233
1756614790343 2535.0087890625 234
1756614790379 2535.009033203125 235
1756614790416 2535.0087890625 236
1756614790452 2535.0087890625 237
1756614790489 2535.009033203125 238
1756614790525 2535.009033203125 239
1756614790561 2535.0087890625 240
1756614790598 2535.0087890625 241
1756614790635 2535.0087890625 242
1756614790671 2535.009033203125 243
1756614790708 2535.008544921875 244
1756614790747 2535.009033203125 245
1756614790784 2535.009033203125 246
1756614790820 2535.0087890625 247
1756614790857 2535.0087890625 248
1756614790893 2535.009033203125 249
1756614790929 2535.009033203125 250
1756614790966 2535.008544921875 251
1756614791003 2535.008544921875 252
1756614791039 2535.008544921875 253
1756614791079 2535.009033203125 254
1756614791116 2535.009033203125 255
1756614791152 2535.0087890625 256
1756614791188 2535.009033203125 257
1756614791224 2535.009033203125 258
1756614791260 2535.008544921875 259
1756614791297 2535.0087890625 260
1756614791333 2535.009033203125 261
1756614791369 2535.009033203125 262
1756614791405 2535.0087890625 263
1756614791441 2535.009033203125 264
1756614791477 2535.0087890625 265
1756614791513 2535.009033203125 266
1756614791549 2535.009033203125 267
1756614791586 2535.008544921875 268
1756614791622 2535.0087890625 269
1756614791660 2535.0087890625 270
1756614791696 2535.0087890625 271
1756614791734 2535.009033203125 272
1756614791770 2535.0087890625 273
1756614791807 2535.009033203125 274
1756614791844 2535.008544921875 275
1756614791882 2535.009033203125 276
1756614791918 2535.009033203125 277
1756614791958 2535.008544921875 278
1756614791995 2535.009033203125 279
1756614792032 2535.0087890625 280
1756614792068 2535.009033203125 281
1756614792106 2535.009033203125 282
1756614792142 2535.008544921875 283
1756614792179 2535.009033203125 284
1756614792216 2535.0087890625 285
1756614792253 2535.009033203125 286
1756614792289 2535.009033203125 287
1756614792330 2535.009033203125 288
1756614792367 2535.0087890625 289
1756614792408 2535.009033203125 290
1756614792445 2535.0087890625 291
1756614792485 2535.009033203125 292
1756614792523 2535.009033203125 293
1756614792560 2535.009033203125 294
1756614792597 2535.0087890625 295
1756614792635 2535.0087890625 296
1756614792672 2535.0087890625 297
1756614792710 2535.009033203125 298
1756614792748 2535.009033203125 299
1756614800879 2534.98828125 0
1756614800920 2404.48388671875 1
1756614800960 2206.978271484375 2
1756614801003 2132.333740234375 3
1756614801043 1833.28466796875 4
1756614801083 1876.6846923828125 5
1756614801125 1395.920654296875 6
1756614801165 1568.491455078125 7
1756614801206 1389.1754150390625 8
1756614801246 1245.0477294921875 9
1756614801284 1066.4146728515625 10
1756614801321 1150.833740234375 11
1756614801358 943.29443359375 12
1756614801398 1109.170166015625 13
1756614801435 877.3590087890625 14
1756614801472 1195.3375244140625 15
1756614801509 910.12255859375 16
1756614801546 1189.2698974609375 17
1756614801583 1068.8040771484375 18
1756614801620 946.2963256835938 19
1756614801661 1064.2333984375 20
1756614801703 947.5046997070312 21
1756614801741 1120.4239501953125 22
1756614801778 1185.34033203125 23
1756614801815 1191.7523193359375 24
1756614801852 1112.039794921875 25
1756614801889 1004.15869140625 26
1756614801927 921.6444702148438 27
1756614801964 1008.1682739257812 28
1756614802006 1052.27734375 29
1756614802061 761.4271240234375 30
1756614802155 1108.81982421875 31
1756614802199 939.0324096679688 32
1756614802239 1102.7010498046875 33
1756614802279 1084.22998046875 34
1756614802328 944.852294921875 35
1756614802374 1087.3115234375 36
1756614802419 1185.9493408203125 37
1756614802464 1270.7545166015625 38
1756614802510 1013.733642578125 39
1756614802554 897.8597412109375 40
1756614802598 1020.1204833984375 41
1756614802644 1001.7486572265625 42
1756614802689 915.6183471679688 43
1756614802734 1083.68408203125 44
1756614802779 949.70361328125 45
1756614802824 1091.33056640625 46
1756614802871 785.0845336914062 47
1756614802913 954.4282836914062 48
1756614802955 1100.5535888671875 49
1756614802997 867.2598876953125 50
1756614803039 1294.137939453125 51
1756614803083 1007.1649169921875 52
1756614803124 1133.884765625 53
1756614803167 923.7562255859375 54
1756614803209 884.3488159179688 55
1756614803249 958.2755737304688 56
1756614803292 756.4569702148438 57
1756614803333 955.380859375 58
1756614803374 1036.62744140625 59
1756614803416 784.8501586914062 60
1756614803460 829.6618041992188 61
1756614803503 914.4517822265625 62
1756614803547 1040.775390625 63
1756614803589 908.5671997070312 64
1756614803625 1024.380615234375 65
1756614803663 899.7574462890625 66
1756614803705 1058.3502197265625 67
1756614803741 853.031982421875 68
1756614803778 1045.00927734375 69
1756614803815 995.8680419921875 70
1756614803851 868.8685302734375 71
1756614803887 778.0911865234375 72
1756614803924 1248.993896484375 73
1756614803961 1013.6016845703125 74
1756614803997 1190.3358154296875 75
1756614804034 805.0775756835938 76
1756614804071 946.1974487304688 77
1756614804107 997.4998168945312 78
1756614804144 1146.2796630859375 79
1756614804180 1069.9246826171875 80
1756614804216 1035.000732421875 81
1756614804253 905.7760009765625 82
1756614804290 1104.3992919921875 83
1756614804327 990.11669921875 84
1756614804365 1065.2830810546875 85
1756614804405 1154.721435546875 86
1756614804443 1027.3887939453125 87
1756614804480 960.6980590820312 88
1756614804516 1068.2662353515625 89
1756614804553 882.555419921875 90
1756614804589 1049.9425048828125 91
1756614804626 1063.540283203125 92
1756614804664 687.930419921875 93
1756614804701 1065.4166259765625 94
1756614804737 964.21533203125 95
1756614804774 923.034423828125 96
1756614804810 1041.8143310546875 97
1756614804847 764.7166137695312 98
1756614804883 901.86376953125 99
1756614804921 938.5418090820312 100
1756614804957 1255.0784912109375 101
1756614804994 1022.962158203125 102
1756614805030 996.9738159179688 103
1756614805067 848.5303344726562 104
1756614805103 907.8557739257812 105
1756614805140 1009.1149291992188 106
1756614805177 934.5165405273438 107
1756614805213 1167.5479736328125 108
1756614805250 1015.5706176757812 109
1756614805287 748.63525390625 110
1756614805355 1047.283203125 111
1756614805396 875.2657470703125 112
1756614805433 1059.22998046875 113
1756614805470 1002.2906494140625 114
1756614805507 1089.33203125 115
1756614805543 748.7191162109375 116
1756614805580 871.201171875 117
1756614805617 1094.0657958984375 118
1756614805654 957.034912109375 119
1756614805691 932.875 120
1756614805728 905.7291870117188 121
1756614805765 962.5075073242188 122
1756614805802 1048.4091796875 123
1756614805838 1062.7032470703125 124
1756614805875 1030.0904541015625 125
1756614805912 1118.6396484375 126
1756614805949 936.4902954101562 127
1756614805986 832.5413208007812 128
1756614806023 1081.58349609375 129
1756614806060 854.405029296875 130
1756614806096 1165.5172119140625 131
1756614806133 1119.5736083984375 132
1756614806173 938.52294921875 133
1756614806214 756.9351806640625 134
1756614806255 764.7230834960938 135
1756614806291 1016.756103515625 136
1756614806328 958.860107421875 137
1756614806365 1013.7826538085938 138
1756614806402 975.9522705078125 139
1756614806439 954.7593994140625 140
1756614806476 973.0867919921875 141
1756614806512 1033.90478515625 142
1756614806549 1198.999267578125 143
1756614806586 809.90380859375 144
1756614806623 861.3660278320312 145
1756614806660 884.4441528320312 146
1756614806700 1049.3538818359375 147
1756614806741 820.2940673828125 148
1756614806780 1225.2108154296875 149
1756614806821 883.6553955078125 150
1756614806862 862.1808471679688 151
1756614806903 1112.7647705078125 152
1756614806940 1005.8501586914062 153
1756614806977 1067.59619140625 154
1756614807013 920.1661987304688 155
1756614807050 881.9674072265625 156
1756614807087 988.1446533203125 157
1756614807123 1036.8028564453125 158
1756614807160 1069.8358154296875 159
1756614807196 1060.9896240234375 160
1756614807233 1106.3912353515625 161
1756614807269 1140.826171875 162
1756614807307 1317.4190673828125 163
1756614807346 888.91748046875 164
1756614807383 913.306396484375 165
1756614807420 1261.10595703125 166
1756614807458 849.0189208984375 167
1756614807494 789.4736328125 168
1756614807531 1023.1008911132812 169
1756614807568 1198.4912109375 170
1756614807605 1182.4566650390625 171
1756614807642 1070.632568359375 172
1756614807682 1133.7679443359375 173
1756614807720 1145.2044677734375 174
1756614807756 725.61669921875 175
1756614807794 752.911376953125 176
1756614807832 1047.5592041015625 177
1756614807870 986.0327758789062 178
1756614807906 872.290771484375 179
1756614807943 991.6123657226562 180
1756614807980 1111.5277099609375 181
1756614808016 1132.06689453125 182
1756614808054 1048.3365478515625 183
1756614808092 958.8909912109375 184
1756614808129 1307.2012939453125 185
1756614808165 900.1334838867188 186
1756614808202 1097.644775390625 187
1756614808239 974.7243041992188 188
1756614808276 1059.5872802734375 189
1756614808313 1017.8079833984375 190
1756614808349 953.7161254882812 191
1756614808386 859.5691528320312 192
1756614808423 1131.5120849609375 193
1756614808460 869.6253662109375 194
1756614808497 991.4088745117188 195
1756614808533 832.73876953125 196
1756614808569 1162.969482421875 197
1756614808606 936.4859619140625 198
1756614808642 1007.1140747070312 199
1756614808680 971.3982543945312 200
1756614808717 946.6865844726562 201
1756614808754 1140.1387939453125 202
1756614808790 770.8814697265625 203
1756614808827 1054.0206298828125 204
1756614808864 931.5975341796875 205
1756614808901 959.6347045898438 206
1756614808937 912.031982421875 207
1756614808974 981.9484252929688 208
1756614809011 1092.146484375 209
1756614809048 1044.333740234375 210
1756614809084 904.8279418945312 211
1756614809121 749.2840576171875 212
1756614809157 964.9152221679688 213
1756614809194 914.9786987304688 214
1756614809231 818.6007080078125 215
1756614809268 1093.70068359375 216
1756614809304 921.5894165039062 217
1756614809341 1241.3448486328125 218
1756614809378 1026.4681396484375 219
1756614809415 854.3571166992188 220
1756614809453 981.5170288085938 221
1756614809494 1203.8507080078125 222
1756614809535 1061.770751953125 223
1756614809577 1048.1414794921875 224
1756614809619 880.1446533203125 225
1756614809662 911.25244140625 226
1756614809704 1003.0357666015625 227
1756614809746 864.81298828125 228
1756614809788 1071.778076171875 229
1756614809831 877.1039428710938 230
1756614809873 1148.7110595703125 231
1756614809915 887.38037109375 232
1756614809958 1160.002685546875 233
1756614810001 910.4953002929688 234
1756614810043 1098.3134765625 235
1756614810084 851.2659301757812 236
1756614810126 1019.5753173828125 237
1756614810168 926.0639038085938 238
1756614810209 1004.140625 239
1756614810254 994.4155883789062 240
1756614810295 1044.606689453125 241
1756614810339 721.158935546875 242
1756614810386 807.1898803710938 243
1756614810431 1433.2550048828125 244
1756614810476 854.7250366210938 245
1756614810520 1135.554931640625 246
1756614810564 1031.577880859375 247
1756614810608 985.0883178710938 248
1756614810652 950.0835571289062 249
1756614810697 835.6382446289062 250
1756614810741 883.8383178710938 251
1756614810786 859.2734375 252
1756614810830 1296.6417236328125 253
1756614810875 1029.1898193359375 254
1756614810918 975.4259033203125 255
1756614810956 862.4965209960938 256
1756614810995 963.0054321289062 257
1756614811033 766.5219116210938 258
1756614811069 1049.1304931640625 259
1756614811106 935.9415283203125 260
1756614811143 1163.3338623046875 261
1756614811180 1071.0963134765625 262
1756614811217 930.4314575195312 263
1756614811255 1010.206298828125 264
1756614811292 1275.5465087890625 265
1756614811330 1205.57373046875 266
1756614811367 945.0159912109375 267
1756614811404 1099.310791015625 268
1756614811441 1091.0517578125 269
1756614811479 1053.6405029296875 270
1756614811516 877.6510620117188 271
1756614811554 730.259033203125 272
1756614811591 864.8485717773438 273
1756614811629 976.2815551757812 274
1756614811665 776.7617797851562 275
1756614811703 831.5722045898438 276
1756614811743 897.09912109375 277
1756614811781 985.1703491210938 278
1756614811818 1040.22021484375 279
1756614811856 863.2538452148438 280
1756614811893 954.5062255859375 281
1756614811931 1118.70703125 282
1756614811967 855.2626342773438 283
1756614812005 812.56591796875 284
1756614812042 808.95751953125 285
1756614812080 1064.88671875 286
1756614812118 953.0507202148438 287
1756614812156 971.7713012695312 288
1756614812193 1101.6851806640625 289
1756614812231 968.5015869140625 290
1756614812268 847.7308959960938 291
1756614812305 1022.35986328125 292
1756614812342 943.610107421875 293
1756614812381 1008.7342529296875 294
1756614812418 833.7842407226562 295
1756614812456 972.4332885742188 296
1756614812493 681.6956787109375 297
1756614812530 1282.4351806640625 298
1756614812567 987.2318115234375 299
1756614820699 2504.256103515625 0
1756614820741 2379.317138671875 1
1756614820778 2333.491455078125 2
1756614820823 2184.69482421875 3
1756614820860 2033.1856689453125 4
1756614820898 2034.9322509765625 5
1756614820935 1891.067626953125 6
1756614820972 1758.3900146484375 7
1756614821010 1687.00390625 8
1756614821052 1627.3094482421875 9
1756614821091 1214.3902587890625 10
1756614821129 1241.5455322265625 11
1756614821165 1288.4483642578125 12
1756614821205 1096.9833984375 13
1756614821242 1147.6767578125 14
1756614821280 1186.57421875 15
1756614821317 1094.284423828125 16
1756614821355 1208.2613525390625 17
1756614821392 1234.8443603515625 18
1756614821429 1136.341064453125 19
1756614821467 1170.13037109375 20
1756614821504 1251.3221435546875 21
1756614821542 1428.5009765625 22
1756614821579 1198.6776123046875 23
1756614821616 1057.562255859375 24
1756614821653 1066.9378662109375 25
1756614821690 1209.7506103515625 26
1756614821727 1101.2835693359375 27
1756614821764 1189.6695556640625 28
1756614821804 1023.5060424804688 29
1756614821854 905.82568359375 30
1756614821934 1189.3292236328125 31
1756614821983 1143.5240478515625 32
1756614822030 1094.6707763671875 33
1756614822072 1302.123779296875 34
1756614822124 1071.9052734375 35
1756614822171 1072.410888671875 36
1756614822217 1039.5440673828125 37
1756614822256 1241.4759521484375 38
1756614822299 952.0709838867188 39
1756614822339 1029.6861572265625 40
1756614822379 1072.62353515625 41
1756614822425 1031.027099609375 42
1756614822469 947.1951904296875 43
1756614822507 943.7175903320312 44
1756614822544 1233.7916259765625 45
1756614822582 1057.9998779296875 46
1756614822621 1035.0093994140625 47
1756614822668 1018.4689331054688 48
1756614822712 1045.2742919921875 49
1756614822755 1065.3426513671875 50
1756614822801 992.9834594726562 51
1756614822847 990.7879028320312 52
1756614822900 1135.6644287109375 53
1756614822990 911.2227783203125 54
1756614823044 1031.7039794921875 55
1756614823093 841.3658447265625 56
1756614823138 1098.1622314453125 57
1756614823179 1173.9915771484375 58
1756614823219 1335.4188232421875 59
1756614823260 1093.0531005859375 60
1756614823296 871.0023803710938 61
1756614823333 1090.3365478515625 62
1756614823370 1374.04345703125 63
1756614823406 1122.8612060546875 64
1756614823442 1117.2401123046875 65
1756614823478 1030.864013671875 66
1756614823515 1393.2252197265625 67
1756614823551 1231.2989501953125 68
1756614823588 1246.2261962890625 69
1756614823625 1188.7445068359375 70
1756614823662 1146.3267822265625 71
1756614823698 1137.9521484375 72
1756614823735 1183.07421875 73
1756614823771 1002.618408203125 74
1756614823808 1144.919921875 75
1756614823845 1218.066162109375 76
1756614823882 963.8587036132812 77
1756614823919 1046.4278564453125 78
1756614823955 1384.9139404296875 79
1756614823992 1503.9398193359375 80
1756614824032 1178.070556640625 81
1756614824069 1134.8245849609375 82
1756614824106 1175.090576171875 83
1756614824143 1094.737060546875 84
1756614824180 986.9741821289062 85
1756614824217 806.4295654296875 86
1756614824254 1235.6416015625 87
1756614824295 953.1209716796875 88
1756614824332 1125.5194091796875 89
1756614824370 994.5015258789062 90
1756614824407 1037.5037841796875 91
1756614824444 1257.6768798828125 92
1756614824481 1091.0242919921875 93
1756614824518 1104.1768798828125 94
1756614824555 1285.7843017578125 95
1756614824593 921.59912109375 96
1756614824630 1116.76416015625 97
1756614824667 997.3300170898438 98
1756614824705 1100.5660400390625 99
1756614824746 953.7444458007812 100
1756614824787 1222.0439453125 101
1756614824824 1145.7225341796875 102
1756614824861 1050.6553955078125 103
1756614824897 1059.0133056640625 104
1756614824934 1371.674560546875 105
1756614824971 1139.5111083984375 106
1756614825009 1244.3538818359375 107
1756614825046 1138.2799072265625 108
1756614825083 1002.8753662109375 109
1756614825120 1070.6707763671875 110
1756614825160 1032.341796875 111
1756614825202 1235.609375 112
1756614825240 1008.3662719726562 113
1756614825277 1052.1522216796875 114
1756614825315 961.6923828125 115
1756614825352 1181.8797607421875 116
1756614825390 1056.1981201171875 117
1756614825427 1259.94287109375 118
1756614825464 1041.7802734375 119
1756614825501 1218.476806640625 120
1756614825539 1126.553466796875 121
1756614825576 1340.4541015625 122
1756614825614 1087.59765625 123
1756614825651 1174.1142578125 124
1756614825688 1262.2115478515625 125
1756614825726 1373.2459716796875 126
1756614825763 1049.43896484375 127
1756614825801 1101.5450439453125 128
1756614825838 1214.528076171875 129
1756614825876 921.9911499023438 130
1756614825913 1193.25537109375 131
1756614825951 969.5171508789062 132
1756614825988 1219.685791015625 133
1756614826025 1142.092041015625 134
1756614826066 1137.9979248046875 135
1756614826104 1108.282958984375 136
1756614826141 1037.5662841796875 137
1756614826178 1309.544677734375 138
1756614826216 1335.773193359375 139
1756614826254 1166.17333984375 140
1756614826292 1178.8372802734375 141
1756614826329 1005.5034790039062 142
1756614826366 1172.119384765625 143
1756614826404 1073.5791015625 144
1756614826441 1038.1195068359375 145
1756614826479 1284.9564208984375 146
1756614826521 1264.3729248046875 147
1756614826558 1099.0360107421875 148
1756614826596 1312.5167236328125 149
1756614826633 1082.5992431640625 150
1756614826675 908.17919921875 151
1756614826713 1196.06103515625 152
1756614826751 1116.282958984375 153
1756614826791 1025.06005859375 154
1756614826830 795.1428833007812 155
1756614826869 1189.184326171875 156
1756614826907 1020.19091796875 157
1756614826945 1033.6646728515625 158
1756614826982 1313.3963623046875 159
1756614827019 1125.8134765625 160
1756614827056 948.3460083007812 161
1756614827093 1157.9610595703125 162
1756614827130 1124.7037353515625 163
1756614827168 863.610107421875 164
1756614827207 890.0369262695312 165
1756614827246 887.707763671875 166
1756614827284 1041.526123046875 167
1756614827322 1026.4415283203125 168
1756614827359 848.5015258789062 169
1756614827397 1193.6790771484375 170
1756614827435 1069.38330078125 171
1756614827473 1189.836181640625 172
1756614827510 945.546142578125 173
1756614827548 1016.617919921875 174
1756614827586 1195.830078125 175
1756614827624 1120.022216796875 176
1756614827662 1111.440673828125 177
1756614827700 1179.4307861328125 178
1756614827739 1102.47705078125 179
1756614827776 1177.4146728515625 180
1756614827814 1176.95263671875 181
1756614827851 1210.3109130859375 182
1756614827888 950.9949951171875 183
1756614827926 1130.4127197265625 184
1756614827964 1266.9056396484375 185
1756614828002 1145.2679443359375 186
1756614828040 983.0973510742188 187
1756614828078 1219.7872314453125 188
1756614828116 1097.787841796875 189
1756614828154 1105.521484375 190
1756614828192 1132.6153564453125 191
1756614828231 1177.0045166015625 192
1756614828269 963.4482421875 193
1756614828307 1253.239990234375 194
1756614828345 1110.1544189453125 195
1756614828384 1267.5762939453125 196
1756614828423 1067.59521484375 197
1756614828462 904.4365844726562 198
1756614828499 1158.2760009765625 199
1756614828537 1272.09375 200
1756614828575 1261.3653564453125 201
1756614828613 1078.98974609375 202
1756614828651 1068.632080078125 203
1756614828692 1019.2842407226562 204
1756614828730 1053.942626953125 205
1756614828767 1100.58447265625 206
1756614828805 1005.9617919921875 207
1756614828843 1116.4014892578125 208
1756614828880 1103.328125 209
1756614828918 1341.84130859375 210
1756614828956 1045.2286376953125 211
1756614828994 930.6663208007812 212
1756614829032 915.46630859375 213
1756614829069 953.9246215820312 214
1756614829107 1287.6162109375 215
1756614829145 1231.3714599609375 216
1756614829183 1007.7453002929688 217
1756614829220 1266.4947509765625 218
1756614829258 838.02880859375 219
1756614829296 1092.2174072265625 220
1756614829333 1270.0916748046875 221
1756614829371 1157.88232421875 222
1756614829409 1171.0093994140625 223
1756614829447 1160.405029296875 224
1756614829484 839.8477172851562 225
1756614829522 1342.88916015625 226
1756614829559 1123.889892578125 227
1756614829597 1329.1221923828125 228
1756614829634 1156.53759765625 229
1756614829671 982.8515625 230
1756614829709 894.4237670898438 231
1756614829746 1093.4417724609375 232
1756614829785 897.2083129882812 233
1756614829822 1106.720703125 234
1756614829860 1129.613037109375 235
1756614829898 1110.1575927734375 236
1756614829935 1329.4095458984375 237
1756614829975 774.2432861328125 238
1756614830011 982.173095703125 239
1756614830049 1034.762451171875 240
1756614830086 1332.7415771484375 241
1756614830123 1207.136474609375 242
1756614830160 834.0183715820312 243
1756614830201 896.9654541015625 244
1756614830243 1054.345458984375 245
1756614830288 1218.41357421875 246
1756614830332 1304.8302001953125 247
1756614830376 1217.2115478515625 248
1756614830420 1143.838623046875 249
1756614830464 914.40625 250
1756614830507 1304.3045654296875 251
1756614830549 1074.1669921875 252
1756614830586 1001.358642578125 253
1756614830623 875.7369995117188 254
1756614830661 1378.255126953125 255
1756614830700 1280.7725830078125 256
1756614830737 1055.260498046875 257
1756614830774 1336.340087890625 258
1756614830814 1315.91796875 259
1756614830852 983.888916015625 260
1756614830889 1190.7232666015625 261
1756614830926 1415.7138671875 262
1756614830964 1182.581787109375 263
1756614831001 1176.1158447265625 264
1756614831043 1128.1744384765625 265
1756614831082 1087.764892578125 266
1756614831119 1078.1162109375 267
1756614831156 1247.865966796875 268
1756614831194 1268.5228271484375 269
1756614831231 1103.9993896484375 270
1756614831268 1320.123291015625 271
1756614831305 1043.443359375 272
1756614831342 1301.5849609375 273
1756614831380 1101.5579833984375 274
1756614831417 1214.7679443359375 275
1756614831455 1239.1409912109375 276
1756614831492 1217.2086181640625 277
1756614831534 1001.423095703125 278
1756614831575 1230.0260009765625 279
1756614831617 1047.046630859375 280
1756614831658 1187.9876708984375 281
1756614831699 1130.8663330078125 282
1756614831740 1336.0130615234375 283
1756614831782 1185.9443359375 284
1756614831823 889.8408203125 285
1756614831865 1194.5018310546875 286
1756614831906 1094.0093994140625 287
1756614831948 1066.33056640625 288
1756614831989 973.8885498046875 289
1756614832030 922.530029296875 290
1756614832072 1272.8245849609375 291
1756614832114 1169.308837890625 292
1756614832155 928.8814697265625 293
1756614832197 1057.2288818359375 294
1756614832241 1112.2506103515625 295
1756614832282 934.8539428710938 296
1756614832323 1187.7445068359375 297
1756614832364 1109.7156982421875 298
1756614832404 1146.998291015625 299
1756614840554 2495.19921875 0
1756614840596 2158.955078125 1
1756614840638 1919.9326171875 2
1756614840683 1608.8385009765625 3
1756614840725 1310.835693359375 4
1756614840767 1017.9942626953125 5
1756614840808 1052.5174560546875 6
1756614840849 771.6871337890625 7
1756614840891 1007.8258666992188 8
1756614840932 983.584716796875 9
1756614840974 1122.6759033203125 10
1756614841017 1099.549072265625 11
1756614841059 906.8076782226562 12
1756614841100 973.212646484375 13
1756614841142 603.0670166015625 14
1756614841183 734.125732421875 15
1756614841224 939.1282958984375 16
1756614841266 982.9158325195312 17
1756614841307 887.8279418945312 18
1756614841349 862.1171875 19
1756614841391 983.254150390625 20
1756614841431 1018.0359497070312 21
1756614841472 883.6716918945312 22
1756614841512 798.50341796875 23
1756614841553 1035.0113525390625 24
1756614841594 1086.35888671875 25
1756614841636 907.7163696289062 26
1756614841681 1031.29052734375 27
1756614841736 928.2171630859375 28
1756614841820 1035.1849365234375 29
1756614841867 817.9324340820312 30
1756614841909 870.5223999023438 31
1756614841953 771.4992065429688 32
1756614841996 980.4242553710938 33
1756614842035 659.384521484375 34
1756614842074 906.8685302734375 35
1756614842114 1107.220703125 36
1756614842153 1048.562255859375 37
1756614842196 930.6334838867188 38
1756614842237 986.6776123046875 39
1756614842279 1038.5499267578125 40
1756614842322 946.676025390625 41
1756614842367 775.02685546875 42
1756614842411 935.8321533203125 43
1756614842456 875.3312377929688 44
1756614842505 825.150390625 45
1756614842550 804.822265625 46
1756614842596 740.1256713867188 47
1756614842644 905.3310546875 48
1756614842690 1074.4486083984375 49
1756614842739 844.769287109375 50
1756614842810 1073.9495849609375 51
1756614842859 921.5740966796875 52
1756614842900 998.3263549804688 53
1756614842937 943.5392456054688 54
1756614842979 987.6337280273438 55
1756614843019 1039.471923828125 56
1756614843057 855.7279663085938 57
1756614843094 869.4143676757812 58
1756614843132 896.2304077148438 59
1756614843169 1100.61572265625 60
1756614843208 1042.8304443359375 61
1756614843245 954.9132080078125 62
1756614843283 718.534423828125 63
1756614843321 965.3326416015625 64
1756614843359 1004.6055297851562 65
1756614843396 677.6669921875 66
1756614843434 927.2942504882812 67
1756614843472 1015.8673095703125 68
1756614843510 768.9883422851562 69
1756614843547 955.449462890625 70
1756614843585 810.1253662109375 71
1756614843623 774.946044921875 72
1756614843660 926.0291748046875 73
1756614843698 786.9240112304688 74
1756614843736 949.864013671875 75
1756614843774 813.1357421875 76
1756614843812 790.8753662109375 77
1756614843850 693.6700439453125 78
1756614843888 819.9411010742188 79
1756614843926 823.917724609375 80
1756614843964 928.9807739257812 81
1756614844003 925.0158081054688 82
1756614844041 807.3914794921875 83
1756614844079 870.5994262695312 84
1756614844117 1072.8826904296875 85
1756614844155 1099.8985595703125 86
1756614844193 988.126708984375 87
1756614844232 921.46630859375 88
1756614844270 829.298583984375 89
1756614844309 673.5694580078125 90
1756614844347 1056.41748046875 91
1756614844385 843.4685668945312 92
1756614844423 789.4832153320312 93
1756614844461 734.8557739257812 94
1756614844499 1191.314697265625 95
1756614844537 903.36669921875 96
1756614844575 986.56494140625 97
1756614844614 1170.9163818359375 98
1756614844651 883.0665283203125 99
1756614844689 808.104736328125 100
1756614844728 858.9380493164062 101
1756614844766 646.3963623046875 102
1756614844804 966.7741088867188 103
1756614844842 833.3162841796875 104
1756614844879 761.2200927734375 105
1756614844917 916.4918212890625 106
1756614844955 695.636962890625 107
1756614844993 1064.0960693359375 108
1756614845031 869.1622924804688 109
1756614845070 984.0886840820312 110
1756614845108 1162.500732421875 111
1756614845149 624.7930908203125 112
1756614845191 1058.11669921875 113
1756614845229 868.7312622070312 114
1756614845267 777.7227783203125 115
1756614845305 559.2174072265625 116
1756614845343 646.040283203125 117
1756614845381 944.96875 118
1756614845420 847.6614990234375 119
1756614845458 726.9197387695312 120
1756614845495 1110.695068359375 121
1756614845534 712.3944091796875 122
1756614845576 763.8076782226562 123
1756614845614 808.1209716796875 124
1756614845652 984.0517578125 125
1756614845690 879.2357788085938 126
1756614845728 912.3175659179688 127
1756614845767 1034.37548828125 128
1756614845805 833.81982421875 129
1756614845843 1139.8072509765625 130
1756614845882 892.630859375 131
1756614845919 854.678466796875 132
1756614845958 959.7340087890625 133
1756614845996 1004.2799072265625 134
1756614846036 1155.57470703125 135
1756614846075 852.3864135742188 136
1756614846114 739.8526000976562 137
1756614846152 1006.9043579101562 138
1756614846190 930.8698120117188 139
1756614846228 898.6166381835938 140
1756614846267 629.3453369140625 141
1756614846305 957.6826171875 142
1756614846343 938.080078125 143
1756614846381 819.9791259765625 144
1756614846419 940.6604614257812 145
1756614846457 942.590087890625 146
1756614846496 866.8920288085938 147
1756614846534 780.9953002929688 148
1756614846572 1009.6388549804688 149
1756614846610 1081.9443359375 150
1756614846648 1039.056884765625 151
1756614846687 826.8026123046875 152
1756614846725 911.9077758789062 153
1756614846764 811.4534912109375 154
1756614846802 808.9935913085938 155
1756614846840 1249.1146240234375 156
1756614846879 904.5728759765625 157
1756614846917 791.6145629882812 158
1756614846954 863.5335083007812 159
1756614846992 822.5872802734375 160
1756614847030 688.5137329101562 161
1756614847069 801.6785278320312 162
1756614847107 716.5929565429688 163
1756614847145 718.3492431640625 164
1756614847183 821.4468383789062 165
1756614847220 693.12451171875 166
1756614847258 817.2557373046875 167
1756614847295 1080.3179931640625 168
1756614847333 720.5928955078125 169
1756614847371 924.5235595703125 170
1756614847409 912.2081909179688 171
1756614847447 977.0064086914062 172
1756614847485 697.4512329101562 173
1756614847523 1182.802490234375 174
1756614847560 849.171875 175
1756614847600 727.1654052734375 176
1756614847639 988.4349365234375 177
1756614847676 883.2131958007812 178
1756614847714 787.0597534179688 179
1756614847752 1079.5975341796875 180
1756614847790 844.6461791992188 181
1756614847828 874.0866088867188 182
1756614847866 977.4232177734375 183
1756614847909 732.1828002929688 184
1756614847950 797.8300170898438 185
1756614847992 906.8343505859375 186
1756614848034 830.2303466796875 187
1756614848072 1162.1368408203125 188
1756614848111 867.96826171875 189
1756614848149 915.774169921875 190
1756614848188 894.8829345703125 191
1756614848226 890.514404296875 192
1756614848263 1220.0335693359375 193
1756614848300 890.6423950195312 194
1756614848338 993.6786499023438 195
1756614848376 923.4907836914062 196
1756614848413 943.9780883789062 197
1756614848450 800.2894287109375 198
1756614848488 699.8024291992188 199
1756614848526 871.1721801757812 200
1756614848563 658.1275634765625 201
1756614848602 750.4035034179688 202
1756614848645 706.3092041015625 203
1756614848687 1112.603515625 204
1756614848725 879.048583984375 205
1756614848763 1009.460205078125 206
1756614848800 893.831787109375 207
1756614848838 1194.539306640625 208
1756614848876 940.9386596679688 209
1756614848914 738.51806640625 210
1756614848952 714.065673828125 211
1756614848990 889.5302124023438 212
1756614849032 843.2739868164062 213
1756614849070 774.9791259765625 214
1756614849113 896.3317260742188 215
1756614849151 752.3438720703125 216
1756614849189 866.382080078125 217
1756614849227 775.5225219726562 218
1756614849265 1056.36474609375 219
1756614849302 989.5050048828125 220
1756614849340 1049.83056640625 221
1756614849377 1074.561279296875 222
1756614849415 921.0670166015625 223
1756614849452 701.550537109375 224
1756614849489 615.6495971679688 225
1756614849527 931.3628540039062 226
1756614849565 805.0540161132812 227
1756614849606 961.93994140625 228
1756614849649 706.3903198242188 229
1756614849687 811.7848510742188 230
1756614849725 1006.2578125 231
1756614849763 1016.2708740234375 232
1756614849800 915.8057250976562 233
1756614849838 727.1944580078125 234
1756614849876 836.7576904296875 235
1756614849914 876.8530883789062 236
1756614849952 1069.235595703125 237
1756614849990 905.8936157226562 238
1756614850027 878.1044921875 239
1756614850066 866.4213256835938 240
1756614850104 1175.5277099609375 241
1756614850142 937.1673583984375 242
1756614850180 788.900390625 243
1756614850218 1036.870849609375 244
1756614850256 944.69580078125 245
1756614850294 736.3424682617188 246
1756614850332 991.5406494140625 247
1756614850370 741.02490234375 248
1756614850408 902.2249755859375 249
1756614850446 908.6174926757812 250
1756614850484 1009.4151000976562 251
1756614850522 944.7703247070312 252
1756614850560 819.3596801757812 253
1756614850598 1001.00341796875 254
1756614850636 986.3291625976562 255
1756614850674 907.34716796875 256
1756614850712 991.8642578125 257
1756614850750 662.7634887695312 258
1756614850788 859.2355346679688 259
1756614850826 822.8147583007812 260
1756614850864 843.0737915039062 261
1756614850902 835.154541015625 262
1756614850944 736.6161499023438 263
1756614850987 1051.0601806640625 264
1756614851029 969.2828369140625 265
1756614851071 986.0857543945312 266
1756614851113 679.9337158203125 267
1756614851156 756.5045166015625 268
1756614851198 1149.49609375 269
1756614851240 841.7252197265625 270
1756614851282 998.3533325195312 271
1756614851326 736.8241577148438 272
1756614851368 790.68994140625 273
1756614851410 666.8240966796875 274
1756614851453 714.56982421875 275
1756614851498 846.6295166015625 276
1756614851540 904.0555419921875 277
1756614851583 846.1702880859375 278
1756614851625 866.4257202148438 279
1756614851667 934.0886840820312 280
1756614851709 1121.4090576171875 281
1756614851751 1064.6861572265625 282
1756614851792 882.6312866210938 283
1756614851834 1065.1878662109375 284
1756614851876 985.0274047851562 285
1756614851918 884.0922241210938 286
1756614851961 935.340087890625 287
1756614852003 772.7772827148438 288
1756614852045 755.9024658203125 289
1756614852087 967.8401489257812 290
1756614852128 616.3997802734375 291
1756614852171 626.2328491210938 292
1756614852214 906.70654296875 293
1756614852258 850.5845336914062 294
1756614852301 1110.7191162109375 295
1756614852344 966.7929077148438 296
1756614852387 907.5819702148438 297
1756614852431 865.455078125 298
1756614852475 776.5235595703125 299
1756614860617 2488.05908203125 0
1756614860658 2398.11474609375 1
1756614860700 2294.486328125 2
1756614860743 2207.191162109375 3
1756614860780 2059.711669921875 4
1756614860817 1923.2962646484375 5
1756614860855 1892.54931640625 6
1756614860892 1692.19921875 7
1756614860930 1491.606689453125 8
1756614860967 1422.84033203125 9
1756614861005 1298.2584228515625 10
1756614861042 1024.2144775390625 11
1756614861080 1147.6265869140625 12
1756614861118 953.4199829101562 13
1756614861155 1001.7149658203125 14
1756614861193 935.7404174804688 15
1756614861230 1293.156494140625 16
1756614861267 1275.9945068359375 17
1756614861308 998.9388427734375 18
1756614861351 917.3265380859375 19
1756614861390 898.9397583007812 20
1756614861427 970.6275634765625 21
1756614861464 1158.3707275390625 22
1756614861501 870.8460083007812 23
1756614861539 942.1090698242188 24
1756614861576 1208.1961669921875 25
1756614861613 1300.3759765625 26
1756614861651 1008.798095703125 27
1756614861688 961.4328002929688 28
1756614861732 980.490966796875 29
1756614861781 1065.60107421875 30
1756614861866 961.7130737304688 31
1756614861921 1086.2083740234375 32
1756614861969 981.4305419921875 33
1756614862017 1112.2572021484375 34
1756614862065 1053.9228515625 35
1756614862110 875.9651489257812 36
1756614862156 1087.569091796875 37
1756614862201 1181.0655517578125 38
1756614862246 806.5664672851562 39
1756614862292 1099.500732421875 40
1756614862337 1002.9760131835938 41
1756614862382 1188.63671875 42
1756614862427 986.0269165039062 43
1756614862473 1069.226806640625 44
1756614862518 892.9625244140625 45
1756614862563 980.25830078125 46
1756614862613 1259.6202392578125 47
1756614862654 974.4216918945312 48
1756614862696 1065.1630859375 49
1756614862743 1022.953125 50
1756614862787 1030.6895751953125 51
1756614862832 1062.4791259765625 52
1756614862874 1033.0068359375 53
1756614862916 958.50537109375 54
1756614862958 804.6402587890625 55
1756614863000 987.3715209960938 56
1756614863041 937.7352905273438 57
1756614863085 872.0967407226562 58
1756614863127 1081.3328857421875 59
1756614863168 869.0056762695312 60
1756614863210 1190.1375732421875 61
1756614863251 1079.1246337890625 62
1756614863292 971.1031494140625 63
1756614863334 866.2247924804688 64
1756614863375 867.2901000976562 65
1756614863417 881.9789428710938 66
1756614863459 970.3303833007812 67
1756614863501 1130.98583984375 68
1756614863543 1008.3277587890625 69
1756614863585 910.7929077148438 70
1756614863626 1249.6646728515625 71
1756614863668 1049.897216796875 72
1756614863708 833.2667846679688 73
1756614863745 1056.3399658203125 74
1756614863782 929.576904296875 75
1756614863819 997.84716796875 76
1756614863857 1040.7236328125 77
1756614863895 1029.736328125 78
1756614863932 911.2383422851562 79
1756614863969 1193.5849609375 80
1756614864007 931.0963745117188 81
1756614864047 783.23095703125 82
1756614864084 859.0806884765625 83
1756614864121 751.24462890625 84
1756614864159 851.21533203125 85
1756614864200 1154.0194091796875 86
1756614864242 988.7581787109375 87
1756614864283 1183.8165283203125 88
1756614864321 911.3240966796875 89
1756614864358 900.3369750976562 90
1756614864395 873.9517822265625 91
1756614864432 734.7471923828125 92
1756614864469 962.0300903320312 93
1756614864506 997.310791015625 94
1756614864544 903.1419677734375 95
1756614864581 953.5466918945312 96
1756614864619 1108.938720703125 97
1756614864656 1047.6494140625 98
1756614864693 1119.7457275390625 99
1756614864731 951.7772827148438 100
1756614864768 951.2188720703125 101
1756614864805 990.8819580078125 102
1756614864842 910.993896484375 103
1756614864880 1001.8951416015625 104
1756614864918 742.0232543945312 105
1756614864955 693.0694580078125 106
1756614864992 801.0470581054688 107
1756614865030 971.3897094726562 108
1756614865067 1250.758056640625 109
1756614865104 851.918212890625 110
1756614865142 857.655517578125 111
1756614865179 1018.9389038085938 112
1756614865216 1093.38037109375 113
1756614865254 1282.956298828125 114
1756614865294 983.4257202148438 115
1756614865367 1006.0651245117188 116
1756614865411 929.0886840820312 117
1756614865452 1309.906005859375 118
1756614865494 628.8192138671875 119
1756614865535 1101.6822509765625 120
1756614865577 1144.9342041015625 121
1756614865619 1216.2777099609375 122
1756614865661 1188.85107421875 123
1756614865703 938.3899536132812 124
1756614865744 1007.917724609375 125
1756614865786 1058.613525390625 126
1756614865828 986.9873046875 127
1756614865869 1058.162841796875 128
1756614865910 991.2045288085938 129
1756614865952 899.5426635742188 130
1756614865990 915.6345825195312 131
1756614866027 883.683349609375 132
1756614866065 1068.19482421875 133
1756614866102 1063.3841552734375 134
1756614866140 841.401611328125 135
1756614866177 1163.1705322265625 136
1756614866215 867.5433959960938 137
1756614866253 816.71337890625 138
1756614866290 993.1477661132812 139
1756614866327 932.3945922851562 140
1756614866365 959.2625122070312 141
1756614866402 946.2800903320312 142
1756614866439 1178.4482421875 143
1756614866476 788.6834716796875 144
1756614866514 1025.86328125 145
1756614866551 818.55712890625 146
1756614866588 1103.504638671875 147
1756614866629 980.8983154296875 148
1756614866666 1051.0164794921875 149
1756614866708 842.3395385742188 150
1756614866749 1065.1575927734375 151
1756614866786 916.6974487304688 152
1756614866824 909.139404296875 153
1756614866861 998.9793701171875 154
1756614866899 976.3482666015625 155
1756614866937 1138.1614990234375 156
1756614866974 944.3885498046875 157
1756614867012 982.9474487304688 158
1756614867049 1005.048095703125 159
1756614867086 1028.288818359375 160
1756614867123 983.936279296875 161
1756614867161 910.4562377929688 162
1756614867198 915.8468627929688 163
1756614867235 844.01904296875 164
1756614867272 948.9951171875 165
1756614867309 925.2300415039062 166
1756614867346 998.2149658203125 167
1756614867384 890.4730834960938 168
1756614867425 788.9164428710938 169
1756614867467 932.3848876953125 170
1756614867504 1084.58740234375 171
1756614867542 989.814453125 172
1756614867580 964.488037109375 173
1756614867617 1052.5240478515625 174
1756614867654 884.9230346679688 175
1756614867691 919.995849609375 176
1756614867729 1147.80517578125 177
1756614867767 1141.8604736328125 178
1756614867804 957.9285278320312 179
1756614867841 1099.1754150390625 180
1756614867879 803.0 181
1756614867917 1028.1131591796875 182
1756614867954 1048.347900390625 183
1756614867991 931.6456298828125 184
1756614868029 618.6688842773438 185
1756614868066 1061.735107421875 186
1756614868104 900.2671508789062 187
1756614868142 1067.2054443359375 188
1756614868179 1003.7938842773438 189
1756614868217 1125.8636474609375 190
1756614868254 1165.708251953125 191
1756614868291 1135.781494140625 192
1756614868329 782.7328491210938 193
1756614868366 1038.615234375 194
1756614868404 1118.0791015625 195
1756614868441 812.6729125976562 196
1756614868478 958.542724609375 197
1756614868516 830.3956909179688 198
1756614868553 867.7352905273438 199
1756614868591 1025.5865478515625 200
1756614868629 781.13232421875 201
1756614868666 1121.3087158203125 202
1756614868704 967.89794921875 203
1756614868743 917.9246826171875 204
1756614868781 989.4900512695312 205
1756614868819 821.3694458007812 206
1756614868857 900.7225952148438 207
1756614868895 921.2661743164062 208
1756614868934 848.7086791992188 209
1756614868972 873.3399658203125 210
1756614869010 1008.0449829101562 211
1756614869048 820.9203491210938 212
1756614869086 878.1345825195312 213
1756614869124 939.3438720703125 214
1756614869162 759.7753295898438 215
1756614869199 957.2433471679688 216
1756614869237 1055.5068359375 217
1756614869278 948.0216674804688 218
1756614869316 855.2891845703125 219
1756614869353 1198.7274169921875 220
1756614869391 920.6253051757812 221
1756614869429 807.7215576171875 222
1756614869467 991.3170166015625 223
1756614869505 865.5232543945312 224
1756614869544 815.5576171875 225
1756614869581 852.8954467773438 226
1756614869619 1023.9044799804688 227
1756614869657 789.3018798828125 228
1756614869694 1114.5799560546875 229
1756614869731 826.940673828125 230
1756614869769 666.6213989257812 231
1756614869807 1149.292724609375 232
1756614869845 1198.9197998046875 233
1756614869883 940.8475341796875 234
1756614869920 1067.7608642578125 235
1756614869958 1067.601318359375 236
1756614870000 1287.0494384765625 237
1756614870037 1084.4832763671875 238
1756614870076 865.9182739257812 239
1756614870114 1137.22021484375 240
1756614870152 1031.127685546875 241
1756614870193 979.5653076171875 242
1756614870231 1064.484375 243
1756614870271 896.7852172851562 244
1756614870311 978.8826293945312 245
1756614870348 1029.1195068359375 246
1756614870386 1088.2169189453125 247
1756614870424 885.26318359375 248
1756614870465 862.45654296875 249
1756614870504 1151.6256103515625 250
1756614870541 827.4696044921875 251
1756614870579 971.6614379882812 252
1756614870617 1024.5574951171875 253
1756614870657 995.7568969726562 254
1756614870696 863.11962890625 255
1756614870736 919.2782592773438 256
1756614870776 963.6264038085938 257
1756614870815 846.7252197265625 258
1756614870855 820.3587036132812 259
1756614870894 1118.028564453125 260
1756614870933 939.2081909179688 261
1756614870971 832.2845458984375 262
1756614871009 976.0093383789062 263
1756614871047 1043.61474609375 264
1756614871085 768.2326049804688 265
1756614871123 1126.67138671875 266
1756614871162 1009.52587890625 267
1756614871200 1090.708251953125 268
1756614871238 1072.47265625 269
1756614871276 1054.485107421875 270
1756614871315 742.7247924804688 271
1756614871354 879.90673828125 272
1756614871392 983.5477294921875 273
1756614871430 1077.35546875 274
1756614871468 1019.6194458007812 275
1756614871506 869.432861328125 276
1756614871544 1057.253173828125 277
1756614871582 985.79150390625 278
1756614871620 1081.302001953125 279
1756614871659 1168.564208984375 280
1756614871697 943.066162109375 281
1756614871734 891.938720703125 282
1756614871773 1084.4757080078125 283
1756614871814 1028.5841064453125 284
1756614871853 1198.2772216796875 285
1756614871891 1035.9100341796875 286
1756614871930 968.834716796875 287
1756614871967 1145.9222412109375 288
1756614872006 955.9503784179688 289
1756614872043 969.7605590820312 290
1756614872082 1114.463623046875 291
1756614872120 1109.148681640625 292
1756614872158 831.7294921875 293
1756614872197 1027.708740234375 294
1756614872235 1020.2081909179688 295
1756614872273 945.8748779296875 296
1756614872311 902.1863403320312 297
1756614872349 993.3810424804688 298
1756614872387 848.4019165039062 299
1756614880574 2544.98388671875 0
1756614880632 2447.0263671875 1
1756614880687 2336.792236328125 2
1756614880747 2259.523193359375 3
1756614880803 1997.03125 4
1756614880862 1851.359619140625 5
1756614880917 1394.934814453125 6
1756614880972 1210.6136474609375 7
1756614881028 1467.8341064453125 8
1756614881088 1201.8211669921875 9
1756614881144 1302.5020751953125 10
1756614881199 1124.2353515625 11
1756614881255 1335.9940185546875 12
1756614881310 1060.0631103515625 13
1756614881366 1178.2923583984375 14
1756614881421 1070.8642578125 15
1756614881476 951.7454833984375 16
1756614881533 1275.3399658203125 17
1756614881588 911.0610961914062 18
1756614881649 1165.697509765625 19
1756614881717 1048.1337890625 20
1756614881815 1058.11865234375 21
1756614881885 1119.075439453125 22
1756614881956 1210.0462646484375 23
1756614882021 1062.3138427734375 24
1756614882081 1393.267822265625 25
1756614882141 1185.724609375 26
1756614882203 1121.8558349609375 27
1756614882263 998.188720703125 28
1756614882325 1313.670166015625 29
1756614882384 1294.6280517578125 30
1756614882446 1296.966796875 31
1756614882508 1264.723876953125 32
1756614882576 1199.86572265625 33
1756614882638 1056.8834228515625 34
1756614882705 1132.9591064453125 35
1756614882773 1165.4371337890625 36
1756614882842 984.5140991210938 37
1756614882934 1232.3106689453125 38
1756614883001 1087.6820068359375 39
1756614883070 953.4498291015625 40
1756614883138 796.379150390625 41
1756614883206 1126.3797607421875 42
1756614883273 1059.9068603515625 43
1756614883340 1055.820556640625 44
1756614883409 929.1865844726562 45
1756614883477 1001.5196533203125 46
1756614883545 1016.5396118164062 47
1756614883612 1207.6168212890625 48
1756614883679 1121.759765625 49
1756614883746 916.29443359375 50
1756614883814 1039.4951171875 51
1756614883881 1084.4783935546875 52
1756614883950 1201.4737548828125 53
1756614884017 1122.4476318359375 54
1756614884084 1107.530029296875 55
1756614884152 1196.496826171875 56
1756614884220 1036.15283203125 57
1756614884285 960.162353515625 58
1756614884344 994.066650390625 59
1756614884402 1387.2205810546875 60
1756614884465 1101.2952880859375 61
1756614884524 1319.149169921875 62
1756614884583 1173.031494140625 63
1756614884641 1146.565673828125 64
1756614884700 1111.8067626953125 65
1756614884758 1193.70751953125 66
1756614884818 1237.884765625 67
1756614884872 1108.906982421875 68
1756614884928 992.0657958984375 69
1756614884983 1118.7476806640625 70
1756614885038 1008.9873657226562 71
1756614885094 1323.9835205078125 72
1756614885150 1004.62744140625 73
1756614885206 1062.7703857421875 74
1756614885261 1055.4666748046875 75
1756614885317 995.23095703125 76
1756614885372 1347.2117919921875 77
1756614885428 1166.92578125 78
1756614885483 1234.746337890625 79
1756614885541 1254.01025390625 80
1756614885597 999.6950073242188 81
1756614885653 955.1798095703125 82
1756614885708 994.1129760742188 83
1756614885764 1108.976806640625 84
1756614885819 1085.383056640625 85
1756614885874 1105.51953125 86
1756614885931 884.90380859375 87
1756614885986 1063.8544921875 88
1756614886041 1049.0272216796875 89
1756614886097 1115.365234375 90
1756614886154 1063.600830078125 91
1756614886211 992.311279296875 92
1756614886267 1170.4951171875 93
1756614886322 1244.348876953125 94
1756614886377 1085.10986328125 95
1756614886432 1026.3447265625 96
1756614886489 1014.8019409179688 97
1756614886547 1173.1917724609375 98
1756614886607 1252.813720703125 99
1756614886663 1207.23486328125 100
1756614886719 1195.730224609375 101
1756614886774 1156.4588623046875 102
1756614886830 1367.22705078125 103
1756614886885 1041.533447265625 104
1756614886940 1174.1712646484375 105
1756614886996 1217.494873046875 106
1756614887051 1091.7293701171875 107
1756614887107 999.1234741210938 108
1756614887163 1280.5731201171875 109
1756614887218 1121.4796142578125 110
1756614887274 1021.737548828125 111
1756614887330 1100.5269775390625 112
1756614887385 1336.45556640625 113
1756614887441 1242.4139404296875 114
1756614887496 1222.344482421875 115
1756614887552 1117.7457275390625 116
1756614887607 1421.756591796875 117
1756614887662 1114.023193359375 118
1756614887718 1262.8077392578125 119
1756614887773 1199.0101318359375 120
1756614887829 1044.641357421875 121
1756614887883 1102.3734130859375 122
1756614887939 1188.2789306640625 123
1756614887994 1350.7783203125 124
1756614888049 1192.31298828125 125
1756614888106 1048.2967529296875 126
1756614888161 1246.413818359375 127
1756614888217 999.0517578125 128
1756614888273 1244.297119140625 129
1756614888329 955.6399536132812 130
1756614888384 1079.3702392578125 131
1756614888439 1417.7874755859375 132
1756614888496 1133.708251953125 133
1756614888551 1158.211181640625 134
1756614888607 1185.20556640625 135
1756614888662 875.6557006835938 136
1756614888718 1069.1248779296875 137
1756614888774 1151.193359375 138
1756614888834 1380.835693359375 139
1756614888893 980.845703125 140
1756614888948 1118.954833984375 141
1756614889004 902.798583984375 142
1756614889059 1290.3441162109375 143
1756614889115 1075.7789306640625 144
1756614889171 1350.8162841796875 145
1756614889227 1139.0067138671875 146
1756614889282 1124.9656982421875 147
1756614889338 1164.3868408203125 148
1756614889395 1126.1954345703125 149
1756614889450 1174.9830322265625 150
1756614889506 1016.5128173828125 151
1756614889561 957.7102661132812 152
1756614889617 939.6524658203125 153
1756614889673 1203.1075439453125 154
1756614889728 953.0636596679688 155
1756614889784 1207.8778076171875 156
1756614889840 1328.65771484375 157
1756614889895 924.91162109375 158
1756614889950 1158.4716796875 159
1756614890006 1183.22802734375 160
1756614890061 1044.5343017578125 161
1756614890116 1028.0823974609375 162
1756614890172 1142.337158203125 163
1756614890228 1114.8846435546875 164
1756614890284 1304.380615234375 165
1756614890339 1316.129150390625 166
1756614890394 990.5284423828125 167
1756614890450 1423.3170166015625 168
1756614890505 1127.2122802734375 169
1756614890560 992.37841796875 170
1756614890616 1228.3731689453125 171
1756614890675 1098.03955078125 172
1756614890731 1312.842041015625 173
1756614890787 1168.8614501953125 174
1756614890844 990.8352661132812 175
1756614890900 955.8097534179688 176
1756614890955 1112.2489013671875 177
1756614891010 1215.1138916015625 178
1756614891066 1248.1116943359375 179
1756614891125 1406.8260498046875 180
1756614891182 1318.984619140625 181
1756614891238 1066.8497314453125 182
1756614891295 1390.848388671875 183
1756614891350 1069.7987060546875 184
1756614891407 1134.269775390625 185
1756614891463 1214.56591796875 186
1756614891519 979.83544921875 187
1756614891574 1242.30908203125 188
1756614891630 1329.4228515625 189
1756614891686 905.506591796875 190
1756614891742 1071.00634765625 191
1756614891798 1337.619140625 192
1756614891855 1118.21630859375 193
1756614891911 932.5779418945312 194
1756614891967 1237.749755859375 195
1756614892023 1014.6287841796875 196
1756614892079 1130.829833984375 197
1756614892136 1008.546875 198
1756614892191 984.852783203125 199
1756614892247 1002.024658203125 200
1756614892304 1087.211181640625 201
1756614892360 1445.4405517578125 202
1756614892416 1173.2921142578125 203
1756614892472 1422.438232421875 204
1756614892529 1106.1409912109375 205
1756614892588 964.7661743164062 206
1756614892646 984.3701171875 207
1756614892702 1254.310791015625 208
1756614892761 1129.3433837890625 209
1756614892818 939.80224609375 210
1756614892877 1175.718505859375 211
1756614892934 1262.347412109375 212
1756614892990 1209.8978271484375 213
1756614893047 1009.1355590820312 214
1756614893103 1202.355224609375 215
1756614893160 956.7996826171875 216
1756614893216 1050.4588623046875 217
1756614893273 1078.7510986328125 218
1756614893329 894.3628540039062 219
1756614893385 1264.8360595703125 220
1756614893442 1093.208740234375 221
1756614893498 1338.8173828125 222
1756614893554 937.7359008789062 223
1756614893611 1225.3890380859375 224
1756614893668 1301.06640625 225
1756614893725 1162.578369140625 226
1756614893781 940.4973754882812 227
1756614893838 986.6564331054688 228
1756614893894 1076.774658203125 229
1756614893951 1189.4979248046875 230
1756614894007 1026.2652587890625 231
1756614894064 1274.960693359375 232
1756614894120 1150.08642578125 233
1756614894177 963.078125 234
1756614894234 1283.5438232421875 235
1756614894291 1298.1226806640625 236
1756614894347 1113.11376953125 237
1756614894406 1128.32421875 238
1756614894462 1024.743896484375 239
1756614894518 1023.771728515625 240
1756614894574 1049.95361328125 241
1756614894631 1193.8375244140625 242
1756614894687 1085.189453125 243
1756614894743 1382.1165771484375 244
1756614894799 1306.5301513671875 245
1756614894856 981.9142456054688 246
1756614894913 1231.53271484375 247
1756614894969 1186.07958984375 248
1756614895025 1171.791015625 249
1756614895083 1015.5147705078125 250
1756614895139 1169.6060791015625 251
1756614895195 976.359375 252
1756614895252 1202.005126953125 253
1756614895308 1055.9652099609375 254
1756614895364 788.09130859375 255
1756614895420 956.5579833984375 256
1756614895476 1079.9229736328125 257
1756614895532 1206.14111328125 258
1756614895588 1010.7296752929688 259
1756614895644 883.6339721679688 260
1756614895701 900.0372924804688 261
1756614895758 1114.9923095703125 262
1756614895815 1033.774658203125 263
1756614895871 1197.77783203125 264
1756614895928 1423.0887451171875 265
1756614895984 1070.6856689453125 266
1756614896040 1230.197998046875 267
1756614896097 1100.965087890625 268
1756614896154 1127.8489990234375 269
1756614896211 1137.87353515625 270
1756614896267 964.8546752929688 271
1756614896324 883.4317626953125 272
1756614896380 1188.362060546875 273
1756614896437 1111.5023193359375 274
1756614896493 1296.5804443359375 275
1756614896550 1327.4068603515625 276
1756614896606 1331.8944091796875 277
1756614896662 1196.4437255859375 278
1756614896719 982.1189575195312 279
1756614896775 1201.4503173828125 280
1756614896832 1352.344482421875 281
1756614896888 1003.2387084960938 282
1756614896944 1367.5648193359375 283
1756614897001 968.6362915039062 284
1756614897057 744.6659545898438 285
1756614897113 1097.82958984375 286
1756614897169 1055.6961669921875 287
1756614897226 1220.07666015625 288
1756614897283 1039.0701904296875 289
1756614897339 1155.2547607421875 290
1756614897395 1082.9085693359375 291
1756614897451 1005.5760498046875 292
1756614897507 1332.836669921875 293
1756614897564 1359.4892578125 294
1756614897621 1111.7947998046875 295
1756614897677 1239.2108154296875 296
1756614897735 946.600341796875 297
1756614897791 990.8522338867188 298
1756614897848 885.6880493164062 299
1756614906006 2434.285888671875 0
1756614906061 2174.26513671875 1
1756614906122 1979.38671875 2
1756614906178 1746.6761474609375 3
1756614906233 1311.1778564453125 4
1756614906289 1101.1903076171875 5
1756614906344 956.9326171875 6
1756614906398 1234.12890625 7
1756614906454 1182.28759765625 8
1756614906509 1415.0833740234375 9
1756614906565 1201.0914306640625 10
1756614906620 1119.1885986328125 11
1756614906674 1293.9796142578125 12
1756614906729 1272.2647705078125 13
1756614906786 994.0610961914062 14
1756614906841 1223.3936767578125 15
1756614906896 1097.781494140625 16
1756614906953 937.6786499023438 17
1756614907014 1249.8939208984375 18
1756614907072 1028.093994140625 19
1756614907135 1070.6490478515625 20
1756614907259 1160.69091796875 21
1756614907334 1101.73828125 22
1756614907402 1380.513671875 23
1756614907467 1142.3951416015625 24
1756614907530 1171.9124755859375 25
1756614907594 1102.2596435546875 26
1756614907657 1164.1109619140625 27
1756614907720 1170.1436767578125 28
1756614907783 1141.205078125 29
1756614907847 1317.437744140625 30
1756614907912 1165.19921875 31
1756614907973 1281.5582275390625 32
1756614908047 1034.21533203125 33
1756614908121 1191.0968017578125 34
1756614908208 921.2965698242188 35
1756614908315 1248.2353515625 36
1756614908391 999.6873168945312 37
1756614908454 1015.2330322265625 38
1756614908509 1219.7393798828125 39
1756614908564 1272.062255859375 40
1756614908620 1282.1220703125 41
1756614908675 1020.1976928710938 42
1756614908730 1117.3966064453125 43
1756614908787 1274.7684326171875 44
1756614908842 905.6197509765625 45
1756614908898 1036.8052978515625 46
1756614908953 1233.5494384765625 47
1756614909008 1117.38916015625 48
1756614909063 1195.9527587890625 49
1756614909118 1095.6474609375 50
1756614909173 1322.0311279296875 51
1756614909228 1104.844482421875 52
1756614909284 1235.42626953125 53
1756614909339 1157.0125732421875 54
1756614909395 909.7794799804688 55
1756614909450 943.1993408203125 56
1756614909506 1021.1223754882812 57
1756614909561 1154.77392578125 58
1756614909617 1075.6962890625 59
1756614909673 1030.767578125 60
1756614909729 1000.376953125 61
1756614909785 1260.61376953125 62
1756614909840 1070.0498046875 63
1756614909895 1262.1790771484375 64
1756614909950 1230.17333984375 65
1756614910005 1147.59716796875 66
1756614910060 1062.2847900390625 67
1756614910120 1174.81982421875 68
1756614910176 1198.791748046875 69
1756614910231 1116.2547607421875 70
1756614910287 1087.9141845703125 71
1756614910342 966.4618530273438 72
1756614910397 987.8681030273438 73
1756614910453 1061.95703125 74
1756614910508 1065.5830078125 75
1756614910563 1186.466796875 76
1756614910618 1013.2728881835938 77
1756614910675 1420.0855712890625 78
1756614910733 1155.0224609375 79
1756614910791 1289.7786865234375 80
1756614910846 1247.2427978515625 81
1756614910901 1230.87353515625 82
1756614910957 909.0452880859375 83
1756614911013 1260.4962158203125 84
1756614911069 860.2833251953125 85
1756614911124 1197.3883056640625 86
1756614911180 1076.30517578125 87
1756614911236 1094.5457763671875 88
1756614911293 1414.6773681640625 89
1756614911348 993.5213623046875 90
1756614911404 778.6348876953125 91
1756614911460 993.15380859375 92
1756614911517 1190.179443359375 93
1756614911572 1210.0693359375 94
1756614911628 1068.805419921875 95
1756614911683 789.9559326171875 96
1756614911740 1107.0638427734375 97
1756614911797 1003.8544921875 98
1756614911854 1035.8515625 99
1756614911910 1181.217529296875 100
1756614911966 1130.7435302734375 101
1756614912023 1205.3818359375 102
1756614912078 1042.523681640625 103
1756614912135 1206.17431640625 104
1756614912191 1107.78369140625 105
1756614912247 1254.926513671875 106
1756614912303 1116.279541015625 107
1756614912360 905.9708862304688 108
1756614912415 1032.17578125 109
1756614912471 914.3196411132812 110
1756614912527 1143.1124267578125 111
1756614912584 1183.9932861328125 112
1756614912640 983.5338134765625 113
1756614912696 1015.6232299804688 114
1756614912753 972.87158203125 115
1756614912809 1084.7021484375 116
1756614912871 1168.869873046875 117
1756614912933 1261.8140869140625 118
1756614912989 992.902099609375 119
1756614913044 1089.4735107421875 120
1756614913099 1127.3846435546875 121
1756614913155 1154.4039306640625 122
1756614913210 1155.43603515625 123
1756614913264 1144.2489013671875 124
1756614913319 1063.4854736328125 125
1756614913373 1047.68408203125 126
1756614913428 1244.7000732421875 127
1756614913482 1228.8052978515625 128
1756614913536 1268.13330078125 129
1756614913591 1160.87744140625 130
1756614913646 1272.63671875 131
1756614913701 951.1777954101562 132
1756614913756 1266.73193359375 133
1756614913812 1131.2181396484375 134
1756614913866 1063.1514892578125 135
1756614913921 1195.37890625 136
1756614913975 1135.826171875 137
1756614914030 1023.5059204101562 138
1756614914085 1248.9119873046875 139
1756614914139 1011.9689331054688 140
1756614914194 990.1881713867188 141
1756614914248 1129.4219970703125 142
1756614914309 1162.326904296875 143
1756614914364 1130.5721435546875 144
1756614914419 1208.2235107421875 145
1756614914475 1086.5465087890625 146
1756614914529 1288.65576171875 147
1756614914585 870.6162719726562 148
1756614914641 1044.2099609375 149
1756614914696 1111.43798828125 150
1756614914752 1181.3126220703125 151
1756614914807 1186.6513671875 152
1756614914862 1149.39990234375 153
1756614914917 1041.857666015625 154
1756614914973 1122.970458984375 155
1756614915027 1024.6326904296875 156
1756614915082 1131.744384765625 157
1756614915137 1054.7576904296875 158
1756614915192 1049.4815673828125 159
1756614915247 1248.1121826171875 160
1756614915302 1066.6875 161
1756614915358 1054.688232421875 162
1756614915412 1161.01953125 163
1756614915467 1084.7132568359375 164
1756614915522 1150.3958740234375 165
1756614915577 1170.120849609375 166
1756614915631 996.5227661132812 167
1756614915687 958.2572631835938 168
1756614915741 1237.3916015625 169
1756614915797 1185.7559814453125 170
1756614915852 1018.3975830078125 171
1756614915907 1247.93408203125 172
1756614915963 1271.6541748046875 173
1756614916018 1112.358642578125 174
1756614916073 1138.213623046875 175
1756614916128 1116.179931640625 176
1756614916183 1152.8648681640625 177
1756614916238 1061.1651611328125 178
1756614916294 1039.415771484375 179
1756614916350 1067.741943359375 180
1756614916405 992.5928344726562 181
1756614916460 1279.2427978515625 182
1756614916515 1008.803466796875 183
1756614916571 1158.6749267578125 184
1756614916625 1092.5343017578125 185
1756614916681 1241.1021728515625 186
1756614916737 1014.12744140625 187
1756614916794 1097.7178955078125 188
1756614916849 889.5336303710938 189
1756614916905 1101.1507568359375 190
1756614916961 1005.7349243164062 191
1756614917017 1220.96728515625 192
1756614917073 955.6534423828125 193
1756614917128 1127.8812255859375 194
1756614917184 1157.4443359375 195
1756614917240 1091.7830810546875 196
1756614917295 1043.5853271484375 197
1756614917351 1041.7774658203125 198
1756614917407 1019.516357421875 199
1756614917463 995.9777221679688 200
1756614917518 1127.25146484375 201
1756614917573 967.9544677734375 202
1756614917628 966.4784545898438 203
1756614917683 1247.3558349609375 204
1756614917740 1069.653564453125 205
1756614917797 846.8430786132812 206
1756614917853 1017.0932006835938 207
1756614917908 1076.6988525390625 208
1756614917963 1272.7003173828125 209
1756614918019 1103.5799560546875 210
1756614918075 1177.7271728515625 211
1756614918130 980.40380859375 212
1756614918186 1070.333251953125 213
1756614918242 1243.902099609375 214
1756614918298 959.5918579101562 215
1756614918355 1292.169189453125 216
1756614918411 903.719970703125 217
1756614918467 878.342529296875 218
1756614918524 1178.012939453125 219
1756614918584 1142.0054931640625 220
1756614918639 1063.5799560546875 221
1756614918695 1158.585693359375 222
1756614918756 1310.802978515625 223
1756614918812 1174.2847900390625 224
1756614918867 856.9571533203125 225
1756614918924 932.81494140625 226
1756614918984 1176.9478759765625 227
1756614919040 1310.7557373046875 228
1756614919096 1218.177490234375 229
1756614919152 1232.1510009765625 230
1756614919208 1192.356201171875 231
1756614919264 1290.7288818359375 232
1756614919320 912.9657592773438 233
1756614919376 1248.4171142578125 234
1756614919431 1227.2373046875 235
1756614919487 1173.75390625 236
1756614919543 1056.4815673828125 237
1756614919599 1391.1688232421875 238
1756614919655 1212.8284912109375 239
1756614919710 1254.92333984375 240
1756614919766 988.732421875 241
1756614919823 1016.55029296875 242
1756614919879 1256.876220703125 243
1756614919934 1182.787109375 244
1756614919990 1202.984130859375 245
1756614920046 1062.531494140625 246
1756614920101 950.5471801757812 247
1756614920156 927.433837890625 248
1756614920212 1200.4169921875 249
1756614920267 1014.0873413085938 250
1756614920323 932.3251953125 251
1756614920379 1232.9122314453125 252
1756614920435 1181.724609375 253
1756614920491 1111.7734375 254
1756614920546 1061.7059326171875 255
1756614920602 1088.3294677734375 256
1756614920657 1211.6500244140625 257
1756614920712 1190.6309814453125 258
1756614920768 1064.0009765625 259
1756614920824 1081.5504150390625 260
1756614920879 974.7857666015625 261
1756614920935 922.75 262
1756614920990 1110.915771484375 263
1756614921046 1191.4599609375 264
1756614921101 1055.1019287109375 265
1756614921160 1232.4898681640625 266
1756614921216 1232.4697265625 267
1756614921272 923.1331787109375 268
1756614921329 866.7425537109375 269
1756614921385 1167.7388916015625 270
1756614921442 843.6246948242188 271
1756614921497 928.1889038085938 272
1756614921553 1188.6273193359375 273
1756614921609 1190.6669921875 274
1756614921664 925.7833862304688 275
1756614921720 1269.171142578125 276
1756614921776 1293.91552734375 277
1756614921832 1042.8206787109375 278
1756614921888 1040.7802734375 279
1756614921944 1081.56884765625 280
1756614922000 1327.1759033203125 281
1756614922056 1150.1165771484375 282
1756614922111 1245.1490478515625 283
1756614922167 1109.8338623046875 284
1756614922223 1195.4432373046875 285
1756614922279 1449.343505859375 286
1756614922335 1004.2144165039062 287
1756614922392 1116.41259765625 288
1756614922447 1185.275390625 289
1756614922503 1162.3895263671875 290
1756614922559 1124.27783203125 291
1756614922618 1119.5186767578125 292
1756614922675 1144.998046875 293
1756614922730 1097.4293212890625 294
1756614922787 1010.43994140625 295
1756614922843 1157.7625732421875 296
1756614922899 1262.317626953125 297
1756614922955 1168.6317138671875 298
1756614923012 1232.73779296875 299
1756614931183 2504.78369140625 0
1756614931246 2358.7705078125 1
1756614931303 2151.292236328125 2
1756614931359 1959.72216796875 3
1756614931415 1683.009765625 4
1756614931471 1441.7943115234375 5
1756614931528 1096.885498046875 6
1756614931584 1162.4566650390625 7
1756614931640 1019.7428588867188 8
1756614931698 1483.7835693359375 9
1756614931755 1127.403564453125 10
1756614931811 986.7305908203125 11
1756614931867 969.3419799804688 12
1756614931923 1002.125732421875 13
1756614931979 999.6638793945312 14
1756614932035 1121.1416015625 15
1756614932091 1169.58056640625 16
1756614932147 1079.0213623046875 17
1756614932203 954.5784912109375 18
1756614932260 1330.11279296875 19
1756614932336 796.3649291992188 20
1756614932463 1300.8431396484375 21
1756614932529 958.681396484375 22
1756614932596 964.5453491210938 23
1756614932662 797.591796875 24
1756614932730 1129.193603515625 25
1756614932798 1029.8900146484375 26
1756614932866 937.6865844726562 27
1756614932934 1127.9873046875 28
1756614933001 977.3353881835938 29
1756614933071 1103.6583251953125 30
1756614933142 1264.4083251953125 31
1756614933212 936.403076171875 32
1756614933282 1114.477783203125 33
1756614933372 943.6581420898438 34
1756614933444 1229.4063720703125 35
1756614933511 1143.765380859375 36
1756614933582 1176.7769775390625 37
1756614933650 1163.0260009765625 38
1756614933717 1042.744873046875 39
1756614933785 968.0609741210938 40
1756614933852 1053.20703125 41
1756614933919 874.6375122070312 42
1756614933986 1194.2296142578125 43
1756614934053 1142.5179443359375 44
1756614934121 1001.7444458007812 45
1756614934189 1058.7896728515625 46
1756614934256 854.38818359375 47
1756614934322 1060.9559326171875 48
1756614934389 992.65087890625 49
1756614934455 630.1143798828125 50
1756614934522 1225.3065185546875 51
1756614934588 830.6417846679688 52
1756614934654 1219.65771484375 53
1756614934721 886.688232421875 54
1756614934788 860.3496704101562 55
1756614934853 1042.8245849609375 56
1756614934919 1241.3975830078125 57
1756614934985 1333.498291015625 58
1756614935053 1019.46630859375 59
1756614935122 971.68798828125 60
1756614935187 1183.6065673828125 61
1756614935254 859.3518676757812 62
1756614935319 937.0704345703125 63
1756614935385 1000.0482177734375 64
1756614935449 1205.88720703125 65
1756614935515 971.0979614257812 66
1756614935581 1041.8721923828125 67
1756614935647 975.5342407226562 68
1756614935712 989.177734375 69
1756614935777 1104.9837646484375 70
1756614935843 1131.74267578125 71
1756614935908 1165.9500732421875 72
1756614935974 1209.593994140625 73
1756614936040 1123.197265625 74
1756614936105 1115.585693359375 75
1756614936171 729.1627197265625 76
1756614936236 1082.69384765625 77
1756614936302 1215.9471435546875 78
1756614936368 1009.1014404296875 79
1756614936432 1077.157958984375 80
1756614936494 975.5379028320312 81
1756614936556 1022.5794677734375 82
1756614936617 1281.7315673828125 83
1756614936677 1116.471435546875 84
1756614936738 1000.9900512695312 85
1756614936800 1023.1541137695312 86
1756614936859 1000.8489990234375 87
1756614936922 1033.7218017578125 88
1756614936988 1103.4228515625 89
1756614937051 907.6331787109375 90
1756614937117 863.0051879882812 91
1756614937178 1248.4635009765625 92
1756614937240 1211.4127197265625 93
1756614937301 1104.590576171875 94
1756614937365 1091.8619384765625 95
1756614937428 1158.451171875 96
1756614937495 929.2597045898438 97
1756614937559 969.5988159179688 98
1756614937623 893.805908203125 99
1756614937693 873.749267578125 100
1756614937782 893.4033203125 101
1756614937855 981.802734375 102
1756614937913 932.551513671875 103
1756614937973 1267.512451171875 104
1756614938031 1028.64013671875 105
1756614938094 1170.9486083984375 106
1756614938154 932.047607421875 107
1756614938217 919.2839965820312 108
1756614938278 1031.742431640625 109
1756614938343 1180.27734375 110
1756614938408 1200.740234375 111
1756614938473 1493.7686767578125 112
1756614938538 1002.1727905273438 113
1756614938603 1158.512939453125 114
1756614938668 903.9651489257812 115
1756614938733 894.2885131835938 116
1756614938802 1187.4013671875 117
1756614938867 1083.013916015625 118
1756614938932 915.0239868164062 119
1756614938998 1155.9796142578125 120
1756614939063 879.4125366210938 121
1756614939129 1119.869140625 122
1756614939193 1212.782470703125 123
1756614939258 917.4220581054688 124
1756614939324 942.95654296875 125
1756614939389 1185.3702392578125 126
1756614939454 1144.1162109375 127
1756614939519 1010.0189208984375 128
1756614939584 970.6146240234375 129
1756614939649 981.1595458984375 130
1756614939714 990.5949096679688 131
1756614939780 1072.367431640625 132
1756614939845 1076.828125 133
1756614939911 1021.28466796875 134
1756614939976 947.8582153320312 135
1756614940041 1012.2140502929688 136
1756614940106 998.0322875976562 137
1756614940172 1138.989501953125 138
1756614940237 971.8156127929688 139
1756614940302 1155.02880859375 140
1756614940367 1178.4952392578125 141
1756614940433 1156.1971435546875 142
1756614940499 1017.1826782226562 143
1756614940564 927.4912719726562 144
1756614940630 1036.759033203125 145
1756614940696 1076.905029296875 146
1756614940761 891.9216918945312 147
1756614940827 1302.466064453125 148
1756614940891 1109.5657958984375 149
1756614940957 998.5951538085938 150
1756614941023 1028.3292236328125 151
1756614941089 987.2694091796875 152
1756614941155 952.2731323242188 153
1756614941220 870.3460083007812 154
1756614941286 1021.0914916992188 155
1756614941352 1141.0792236328125 156
1756614941418 1186.859619140625 157
1756614941483 1278.7535400390625 158
1756614941549 890.0442504882812 159
1756614941615 745.8884887695312 160
1756614941681 908.6863403320312 161
1756614941746 1068.545166015625 162
1756614941811 1053.114013671875 163
1756614941877 1035.1741943359375 164
1756614941942 1135.134765625 165
1756614942008 895.0289916992188 166
1756614942074 1088.333251953125 167
1756614942138 951.0454711914062 168
1756614942203 1175.790771484375 169
1756614942268 898.12939453125 170
1756614942332 922.03076171875 171
1756614942397 868.4381713867188 172
1756614942462 1058.0108642578125 173
1756614942527 1111.3951416015625 174
1756614942592 1017.9180297851562 175
1756614942658 1252.500244140625 176
1756614942724 1041.46142578125 177
1756614942790 1267.1290283203125 178
1756614942856 1142.8360595703125 179
1756614942922 932.3404541015625 180
1756614942987 1217.51611328125 181
1756614943054 1045.3814697265625 182
1756614943120 709.10595703125 183
1756614943185 1172.4517822265625 184
1756614943251 1071.7979736328125 185
1756614943317 997.6968994140625 186
1756614943382 1284.7039794921875 187
1756614943449 1021.0838623046875 188
1756614943514 947.0404663085938 189
1756614943580 1190.138916015625 190
1756614943646 1186.9853515625 191
1756614943712 1054.5040283203125 192
1756614943777 1087.9193115234375 193
1756614943843 917.4805297851562 194
1756614943908 1347.2906494140625 195
1756614943973 1151.3350830078125 196
1756614944039 946.80517578125 197
1756614944105 1122.657470703125 198
1756614944171 1247.19677734375 199
1756614944238 1102.2315673828125 200
1756614944307 1154.7530517578125 201
1756614944373 1173.114990234375 202
1756614944439 1106.1923828125 203
1756614944504 893.5248413085938 204
1756614944570 1196.304443359375 205
1756614944636 1200.93896484375 206
1756614944702 1145.4005126953125 207
1756614944768 1062.754150390625 208
1756614944834 941.9691162109375 209
1756614944900 992.269287109375 210
1756614944966 936.8712158203125 211
1756614945032 857.8689575195312 212
1756614945097 1253.5006103515625 213
1756614945163 867.46533203125 214
1756614945230 845.0371704101562 215
1756614945295 1087.08837890625 216
1756614945361 922.802734375 217
1756614945428 1194.327392578125 218
1756614945493 1029.587158203125 219
1756614945560 936.6157836914062 220
1756614945625 795.753173828125 221
1756614945691 1127.5155029296875 222
1756614945760 1037.4664306640625 223
1756614945825 905.220703125 224
1756614945891 1010.69091796875 225
1756614945957 1101.6368408203125 226
1756614946022 1289.3243408203125 227
1756614946088 1211.601318359375 228
1756614946154 816.0238037109375 229
1756614946220 1135.92529296875 230
1756614946286 938.1918334960938 231
1756614946352 945.01318359375 232
1756614946418 913.7720947265625 233
1756614946483 969.3126220703125 234
1756614946549 1065.7366943359375 235
1756614946615 934.3905029296875 236
1756614946681 790.62451171875 237
1756614946747 1031.0169677734375 238
1756614946813 1092.998046875 239
1756614946879 1274.24267578125 240
1756614946945 988.6842041015625 241
1756614947011 1259.61865234375 242
1756614947076 1085.160888671875 243
1756614947142 1157.3851318359375 244
1756614947208 927.6851196289062 245
1756614947274 1047.62646484375 246
1756614947339 1331.885009765625 247
1756614947405 1095.5196533203125 248
1756614947470 1271.767822265625 249
1756614947536 739.7116088867188 250
1756614947601 1041.532470703125 251
1756614947667 1059.459228515625 252
1756614947731 1036.0191650390625 253
1756614947798 955.6702880859375 254
1756614947863 988.261962890625 255
1756614947929 714.733154296875 256
1756614947995 954.672607421875 257
1756614948061 912.359375 258
1756614948127 1133.18359375 259
1756614948194 982.2857666015625 260
1756614948259 1062.59228515625 261
1756614948326 1013.5064697265625 262
1756614948391 1039.0052490234375 263
1756614948457 1056.0318603515625 264
1756614948523 1151.07080078125 265
1756614948588 1375.65771484375 266
1756614948654 1041.9698486328125 267
1756614948720 1011.0741577148438 268
1756614948787 1085.0072021484375 269
1756614948851 1033.5601806640625 270
1756614948917 1093.2152099609375 271
1756614948983 966.1244506835938 272
1756614949048 1103.43359375 273
1756614949113 1127.4434814453125 274
1756614949178 869.7994995117188 275
1756614949244 1319.2808837890625 276
1756614949310 877.4412841796875 277
1756614949377 1060.4261474609375 278
1756614949441 945.0178833007812 279
1756614949507 1091.5311279296875 280
1756614949572 940.3876953125 281
1756614949637 1007.9281616210938 282
1756614949702 986.1302490234375 283
1756614949767 982.84814453125 284
1756614949831 1259.378173828125 285
1756614949895 1132.276123046875 286
1756614949960 1068.8741455078125 287
1756614950024 1031.0821533203125 288
1756614950089 1031.7537841796875 289
1756614950153 1023.1799926757812 290
1756614950218 1048.4962158203125 291
1756614950282 1121.0816650390625 292
1756614950346 996.6824951171875 293
1756614950411 893.1180419921875 294
1756614950475 975.125 295
1756614950540 1033.2164306640625 296
1756614950605 1179.9693603515625 297
1756614950670 1080.008056640625 298
1756614950734 1104.3304443359375 299
1756614958908 2450.848388671875 0
1756614958968 2108.14111328125 1
1756614959026 1847.9871826171875 2
1756614959082 1441.20166015625 3
1756614959138 1165.087158203125 4
1756614959193 967.1795043945312 5
1756614959251 1297.271240234375 6
1756614959309 889.8494262695312 7
1756614959366 830.0107421875 8
1756614959424 732.238037109375 9
1756614959480 981.2769165039062 10
1756614959537 1009.047607421875 11
1756614959594 998.1770629882812 12
1756614959652 842.649658203125 13
1756614959708 1115.6593017578125 14
1756614959765 1125.1378173828125 15
1756614959821 1058.6605224609375 16
1756614959879 1147.481689453125 17
1756614959936 759.7845458984375 18
1756614959995 1076.7757568359375 19
1756614960067 1135.930908203125 20
1756614960189 908.2728881835938 21
1756614960262 699.2559204101562 22
1756614960336 984.8806762695312 23
1756614960405 948.2987670898438 24
1756614960473 848.2081909179688 25
1756614960542 909.9884033203125 26
1756614960610 917.7283325195312 27
1756614960680 888.1109008789062 28
1756614960748 876.0095825195312 29
1756614960816 903.8181762695312 30
1756614960882 1080.283203125 31
1756614960947 748.3034057617188 32
1756614961010 1073.46240234375 33
1756614961073 942.8680419921875 34
1756614961140 948.9544677734375 35
1756614961225 946.3296508789062 36
1756614961282 841.63037109375 37
1756614961340 777.2578125 38
1756614961403 884.4635620117188 39
1756614961461 862.10693359375 40
1756614961524 1059.39208984375 41
1756614961581 1116.561279296875 42
1756614961642 670.97509765625 43
1756614961700 985.41845703125 44
1756614961758 1081.921630859375 45
1756614961815 963.9871215820312 46
1756614961872 757.6483764648438 47
1756614961929 918.3204956054688 48
1756614961987 865.1466674804688 49
1756614962044 1038.4039306640625 50
1756614962101 1020.334228515625 51
1756614962158 835.2847290039062 52
1756614962215 1039.2352294921875 53
1756614962273 924.2183837890625 54
1756614962330 1064.850830078125 55
1756614962387 754.7838134765625 56
1756614962444 879.6619873046875 57
1756614962502 853.280517578125 58
1756614962559 779.1333618164062 59
1756614962617 985.167236328125 60
1756614962674 1031.533935546875 61
1756614962731 706.9920654296875 62
1756614962789 963.2201538085938 63
1756614962845 830.6095581054688 64
1756614962902 705.9066772460938 65
1756614962960 829.227783203125 66
1756614963017 871.8880004882812 67
1756614963075 1042.3983154296875 68
1756614963133 1149.870849609375 69
1756614963191 919.5783081054688 70
1756614963249 1098.8775634765625 71
1756614963307 860.2864379882812 72
1756614963365 772.6444702148438 73
1756614963422 1116.766845703125 74
1756614963480 909.2833251953125 75
1756614963538 1027.3641357421875 76
1756614963597 957.5389404296875 77
1756614963655 972.5654296875 78
1756614963713 1159.5355224609375 79
1756614963771 758.2685546875 80
1756614963829 1124.937255859375 81
1756614963886 1014.8524780273438 82
1756614963944 973.2503662109375 83
1756614964002 989.7484741210938 84
1756614964059 793.7515869140625 85
1756614964117 1122.228515625 86
1756614964175 794.917724609375 87
1756614964233 974.1458129882812 88
1756614964291 909.1033325195312 89
1756614964349 819.7108154296875 90
1756614964406 838.9256591796875 91
1756614964464 1046.96630859375 92
1756614964521 870.1234130859375 93
1756614964579 966.801513671875 94
1756614964636 1045.9951171875 95
1756614964694 864.0158081054688 96
1756614964752 1156.983154296875 97
1756614964812 869.1187744140625 98
1756614964870 965.5659790039062 99
1756614964927 825.2576904296875 100
1756614964986 882.4907836914062 101
1756614965043 651.0791625976562 102
1756614965101 983.8807373046875 103
1756614965159 774.207275390625 104
1756614965217 946.5889282226562 105
1756614965276 802.7205200195312 106
1756614965335 825.0079956054688 107
1756614965393 775.4590454101562 108
1756614965451 869.697265625 109
1756614965510 899.805908203125 110
1756614965568 799.4178466796875 111
1756614965627 1091.2659912109375 112
1756614965685 917.0543823242188 113
1756614965743 927.3866577148438 114
1756614965802 963.5201416015625 115
1756614965861 838.0977783203125 116
1756614965919 1113.7633056640625 117
1756614965978 1061.3834228515625 118
1756614966036 1088.346435546875 119
1756614966095 798.3009033203125 120
1756614966153 862.2760620117188 121
1756614966211 981.4147338867188 122
1756614966269 1023.5045166015625 123
1756614966327 879.7393798828125 124
1756614966386 985.990478515625 125
1756614966444 773.4232788085938 126
1756614966502 983.566162109375 127
1756614966560 959.972412109375 128
1756614966619 890.8878784179688 129
1756614966677 1115.2703857421875 130
1756614966736 880.7963256835938 131
1756614966794 822.2291259765625 132
1756614966853 1008.7491455078125 133
1756614966912 966.9112548828125 134
1756614966970 873.910400390625 135
1756614967029 783.2872314453125 136
1756614967087 742.874267578125 137
1756614967145 864.4146118164062 138
1756614967203 821.0289916992188 139
1756614967261 880.5296630859375 140
1756614967319 1014.2505493164062 141
1756614967377 940.2097778320312 142
1756614967436 1008.078125 143
1756614967494 1169.600341796875 144
1756614967552 976.32275390625 145
1756614967610 912.048583984375 146
1756614967668 923.5355834960938 147
1756614967726 822.68408203125 148
1756614967784 918.0863037109375 149
1756614967841 994.8282470703125 150
1756614967899 970.8110961914062 151
1756614967958 963.1593627929688 152
1756614968015 895.3605346679688 153
1756614968073 715.9702758789062 154
1756614968131 1063.9344482421875 155
1756614968189 866.9361572265625 156
1756614968246 713.4661865234375 157
1756614968303 936.0828247070312 158
1756614968361 1220.3798828125 159
1756614968418 1069.927001953125 160
1756614968476 860.564453125 161
1756614968534 943.8921508789062 162
1756614968591 1035.1796875 163
1756614968648 944.1676635742188 164
1756614968706 1022.9423217773438 165
1756614968764 785.5492553710938 166
1756614968822 972.47119140625 167
1756614968879 936.7276000976562 168
1756614968937 906.8213500976562 169
1756614968994 867.6190795898438 170
1756614969051 1001.268798828125 171
1756614969109 951.1192626953125 172
1756614969166 772.3514404296875 173
1756614969223 992.6376342773438 174
1756614969280 1011.8812255859375 175
1756614969337 1011.8689575195312 176
1756614969394 730.4848022460938 177
1756614969450 986.9155883789062 178
1756614969509 724.0541381835938 179
1756614969566 942.6861572265625 180
1756614969625 887.0352783203125 181
1756614969684 875.248291015625 182
1756614969741 894.8595581054688 183
1756614969798 742.767578125 184
1756614969855 943.4915161132812 185
1756614969913 899.6343994140625 186
1756614969970 1096.29443359375 187
1756614970027 822.49560546875 188
1756614970085 888.6146240234375 189
1756614970144 952.0529174804688 190
1756614970201 834.3173217773438 191
1756614970258 883.3786010742188 192
1756614970315 901.1715087890625 193
1756614970372 1176.7164306640625 194
1756614970433 1007.9093627929688 195
1756614970491 826.4085083007812 196
1756614970549 1052.33203125 197
1756614970607 842.1292114257812 198
1756614970665 895.1251220703125 199
1756614970725 858.9222412109375 200
1756614970783 804.5235595703125 201
1756614970841 1255.5150146484375 202
1756614970898 903.0162963867188 203
1756614970956 850.09375 204
1756614971013 1084.421875 205
1756614971071 914.4942626953125 206
1756614971128 928.9166870117188 207
1756614971186 881.417724609375 208
1756614971243 720.9181518554688 209
1756614971301 922.6435546875 210
1756614971358 1116.8172607421875 211
1756614971416 923.0327758789062 212
1756614971475 998.9718627929688 213
1756614971535 1223.97802734375 214
1756614971593 1062.9024658203125 215
1756614971651 1034.3311767578125 216
1756614971712 1003.2123413085938 217
1756614971771 840.354736328125 218
1756614971828 1001.60693359375 219
1756614971886 892.433837890625 220
1756614971946 838.3262329101562 221
1756614972005 1099.809326171875 222
1756614972062 881.524658203125 223
1756614972121 866.4862670898438 224
1756614972179 774.6187133789062 225
1756614972236 1040.6251220703125 226
1756614972294 1151.06591796875 227
1756614972351 1048.65576171875 228
1756614972410 1025.7703857421875 229
1756614972468 579.0631713867188 230
1756614972527 1138.42041015625 231
1756614972586 869.8458862304688 232
1756614972645 856.5142822265625 233
1756614972703 1018.0696411132812 234
1756614972762 1153.512939453125 235
1756614972821 1199.661376953125 236
1756614972878 1012.935791015625 237
1756614972936 989.0675659179688 238
1756614972993 1013.7659912109375 239
1756614973050 963.2869873046875 240
1756614973108 990.1647338867188 241
1756614973166 831.9129028320312 242
1756614973224 849.5734252929688 243
1756614973281 996.849853515625 244
1756614973339 885.4899291992188 245
1756614973397 946.068603515625 246
1756614973454 882.1675415039062 247
1756614973512 943.0177001953125 248
1756614973570 820.4624633789062 249
1756614973627 940.451904296875 250
1756614973685 838.89599609375 251
1756614973743 822.6656494140625 252
1756614973800 911.6102294921875 253
1756614973858 1046.88720703125 254
1756614973918 842.8580322265625 255
1756614973975 1061.3671875 256
1756614974033 902.2607421875 257
1756614974090 968.8072509765625 258
1756614974148 755.2774047851562 259
1756614974207 1009.519775390625 260
1756614974264 881.7545166015625 261
1756614974322 799.699462890625 262
1756614974379 771.506103515625 263
1756614974441 837.149169921875 264
1756614974498 1094.815185546875 265
1756614974560 844.3494262695312 266
1756614974619 1044.4739990234375 267
1756614974676 1046.919189453125 268
1756614974734 1064.169189453125 269
1756614974791 1017.3517456054688 270
1756614974849 879.3182373046875 271
1756614974906 804.7947387695312 272
1756614974964 963.298095703125 273
1756614975021 1011.6494750976562 274
1756614975079 852.016357421875 275
1756614975136 1124.54052734375 276
1756614975193 912.5118408203125 277
1756614975251 1201.4578857421875 278
1756614975309 826.1724243164062 279
1756614975367 944.9743041992188 280
1756614975424 890.9458618164062 281
1756614975481 1156.1531982421875 282
1756614975539 996.1170654296875 283
1756614975597 955.0062255859375 284
1756614975654 957.1258544921875 285
1756614975712 1071.1234130859375 286
1756614975770 905.32373046875 287
1756614975828 981.092041015625 288
1756614975887 1097.5443115234375 289
1756614975945 881.3595581054688 290
1756614976003 873.5828247070312 291
1756614976060 1277.1708984375 292
1756614976118 878.1622924804688 293
1756614976176 962.352783203125 294
1756614976233 739.69091796875 295
1756614976291 993.0404052734375 296
1756614976349 897.1693115234375 297
1756614976407 824.7279052734375 298
1756614976465 872.6116333007812 299
1756614984628 2557.208984375 0
1756614984690 2482.458984375 1
1756614984755 2348.822998046875 2
1756614984812 2236.32275390625 3
1756614984869 2080.08642578125 4
1756614984925 1836.9898681640625 5
1756614984982 1518.2757568359375 6
1756614985039 1386.318115234375 7
1756614985098 1169.4652099609375 8
1756614985155 1202.5972900390625 9
1756614985211 1062.721923828125 10
1756614985268 1324.5421142578125 11
1756614985330 973.6951904296875 12
1756614985387 1222.602294921875 13
1756614985444 1093.484130859375 14
1756614985501 1146.5208740234375 15
1756614985557 1124.2237548828125 16
1756614985614 1040.6038818359375 17
1756614985671 921.6465454101562 18
1756614985732 1021.4061279296875 19
1756614985802 994.2052612304688 20
1756614985921 899.1561279296875 21
1756614986043 972.7463989257812 22
1756614986112 1077.89697265625 23
1756614986179 997.8914794921875 24
1756614986245 1014.5742797851562 25
1756614986311 687.6197509765625 26
1756614986378 941.4622802734375 27
1756614986445 768.709716796875 28
1756614986514 828.2423706054688 29
1756614986580 993.4869995117188 30
1756614986652 906.7352905273438 31
1756614986722 899.7491455078125 32
1756614986796 931.816162109375 33
1756614986881 1167.08642578125 34
1756614986945 1065.45556640625 35
1756614987002 1065.7235107421875 36
1756614987070 1230.8934326171875 37
1756614987144 1121.0576171875 38
1756614987218 977.9633178710938 39
1756614987285 870.4765625 40
1756614987350 984.975341796875 41
1756614987417 996.216796875 42
1756614987478 770.6161499023438 43
1756614987544 860.2888793945312 44
1756614987610 768.8678588867188 45
1756614987673 1031.3521728515625 46
1756614987734 829.9293823242188 47
1756614987793 1273.9561767578125 48
1756614987852 924.9444580078125 49
1756614987912 932.3121337890625 50
1756614987970 1036.0767822265625 51
1756614988034 966.0643920898438 52
1756614988097 906.12451171875 53
1756614988153 899.6611328125 54
1756614988211 1188.5721435546875 55
1756614988268 1078.13427734375 56
1756614988326 847.8340454101562 57
1756614988383 961.6917114257812 58
1756614988444 985.6970825195312 59
1756614988501 1191.9140625 60
1756614988559 948.1036987304688 61
1756614988617 902.2106323242188 62
1756614988674 966.6170654296875 63
1756614988732 941.4761962890625 64
1756614988790 956.675537109375 65
1756614988847 942.6204833984375 66
1756614988905 1078.0174560546875 67
1756614988962 1138.1396484375 68
1756614989019 1030.8714599609375 69
1756614989077 1038.7794189453125 70
1756614989134 1207.28515625 71
1756614989191 797.1384887695312 72
1756614989248 1075.369873046875 73
1756614989305 1007.2764282226562 74
1756614989363 853.3572998046875 75
1756614989421 1098.198974609375 76
1756614989478 925.7407836914062 77
1756614989536 1117.6136474609375 78
1756614989593 1067.40380859375 79
1756614989652 1225.384033203125 80
1756614989709 953.0921630859375 81
1756614989765 1066.2620849609375 82
1756614989822 992.4491577148438 83
1756614989880 1065.562255859375 84
1756614989937 947.5228881835938 85
1756614989994 829.9533081054688 86
1756614990052 720.7798461914062 87
1756614990109 905.8695678710938 88
1756614990171 813.4789428710938 89
1756614990233 968.417724609375 90
1756614990291 816.1937255859375 91
1756614990352 838.461669921875 92
1756614990412 987.3378295898438 93
1756614990470 956.4755249023438 94
1756614990528 1154.3961181640625 95
1756614990587 934.1995239257812 96
1756614990645 1080.3399658203125 97
1756614990704 950.8873291015625 98
1756614990762 1045.132568359375 99
1756614990821 1162.1558837890625 100
1756614990882 1109.7275390625 101
1756614990939 1072.5042724609375 102
1756614990996 892.8139038085938 103
1756614991053 873.6539916992188 104
1756614991111 1059.1790771484375 105
1756614991168 953.5740966796875 106
1756614991226 945.281982421875 107
1756614991283 1018.8753051757812 108
1756614991341 1175.5850830078125 109
1756614991399 913.8236083984375 110
1756614991455 863.865966796875 111
1756614991513 1012.787109375 112
1756614991570 839.8982543945312 113
1756614991628 926.3666381835938 114
1756614991685 802.1846923828125 115
1756614991744 816.6010131835938 116
1756614991801 896.1592407226562 117
1756614991862 929.54931640625 118
1756614991926 1000.5763549804688 119
1756614991984 892.12255859375 120
1756614992041 892.5282592773438 121
1756614992100 801.2090454101562 122
1756614992157 887.7607421875 123
1756614992215 961.3463134765625 124
1756614992272 1206.347412109375 125
1756614992330 849.336669921875 126
1756614992387 909.3838500976562 127
1756614992444 974.5741577148438 128
1756614992502 1014.4373168945312 129
1756614992559 981.7833251953125 130
1756614992621 982.9904174804688 131
1756614992679 769.2916870117188 132
1756614992736 1213.15576171875 133
1756614992795 1101.2235107421875 134
1756614992853 1019.6156616210938 135
1756614992911 1138.9007568359375 136
1756614992968 673.448974609375 137
1756614993025 839.4813842773438 138
1756614993083 848.9318237304688 139
1756614993143 1043.792236328125 140
1756614993201 1212.6123046875 141
1756614993259 1047.4840087890625 142
1756614993318 901.8507080078125 143
1756614993375 854.0576171875 144
1756614993433 1032.7186279296875 145
1756614993490 993.08642578125 146
1756614993548 928.5746459960938 147
1756614993607 971.1767578125 148
1756614993666 1100.9407958984375 149
1756614993723 826.2595825195312 150
1756614993782 917.1163330078125 151
1756614993841 864.0064086914062 152
1756614993898 929.9935913085938 153
1756614993956 1041.211669921875 154
1756614994014 966.254150390625 155
1756614994071 851.2666625976562 156
1756614994129 1309.3773193359375 157
1756614994187 996.6605834960938 158
1756614994244 848.7453002929688 159
1756614994301 931.6128540039062 160
1756614994359 932.5455322265625 161
1756614994416 974.3512573242188 162
1756614994560 856.587646484375 163
1756614994617 1042.0108642578125 164
1756614994674 862.5982666015625 165
1756614994732 1187.5927734375 166
1756614994790 805.5104370117188 167
1756614994848 999.3534545898438 168
1756614994905 817.08837890625 169
1756614994964 804.8045043945312 170
1756614995021 776.3572387695312 171
1756614995078 946.1475219726562 172
1756614995136 1023.0364379882812 173
1756614995193 982.3404541015625 174
1756614995251 917.8138427734375 175
1756614995308 967.9116821289062 176
1756614995366 1124.078857421875 177
1756614995425 599.7955322265625 178
1756614995483 957.71044921875 179
1756614995541 1154.64892578125 180
1756614995598 920.76806640625 181
1756614995656 1124.619384765625 182
1756614995714 758.7302856445312 183
1756614995773 1081.662109375 184
1756614995830 1062.805419921875 185
1756614995888 721.2798461914062 186
1756614995946 1065.1722412109375 187
1756614996005 1028.156005859375 188
1756614996063 1138.7003173828125 189
1756614996121 1047.4656982421875 190
1756614996179 1063.8773193359375 191
1756614996237 893.9053955078125 192
1756614996295 1055.6021728515625 193
1756614996353 1057.5946044921875 194
1756614996411 1027.2081298828125 195
1756614996469 932.5950927734375 196
1756614996526 1016.2731323242188 197
1756614996585 916.3931884765625 198
1756614996643 1107.7237548828125 199
1756614996702 831.8629760742188 200
1756614996760 1287.7691650390625 201
1756614996819 1073.5889892578125 202
1756614996877 1254.529296875 203
1756614996935 859.4765625 204
1756614996992 1036.6715087890625 205
1756614997051 1025.159423828125 206
1756614997109 806.131591796875 207
1756614997168 1055.1947021484375 208
1756614997225 1041.2642822265625 209
1756614997283 790.1268920898438 210
1756614997341 991.2515869140625 211
1756614997400 1165.4639892578125 212
1756614997460 819.9749755859375 213
1756614997518 965.237548828125 214
1756614997578 1129.98583984375 215
1756614997637 891.766357421875 216
1756614997695 906.5569458007812 217
1756614997753 1006.492919921875 218
1756614997811 1198.8712158203125 219
1756614997869 940.4246215820312 220
1756614997927 845.7645874023438 221
1756614997985 936.617919921875 222
1756614998043 807.2183837890625 223
1756614998102 840.7159423828125 224
1756614998161 1108.5968017578125 225
1756614998219 865.746337890625 226
1756614998278 1078.1370849609375 227
1756614998336 839.2803955078125 228
1756614998395 927.6470336914062 229
1756614998453 980.7171630859375 230
1756614998512 806.435791015625 231
1756614998570 984.00830078125 232
1756614998629 991.367919921875 233
1756614998687 850.1886596679688 234
1756614998746 809.3770751953125 235
1756614998809 1055.56298828125 236
1756614998867 882.9475708007812 237
1756614998927 716.8176879882812 238
1756614998990 984.8416748046875 239
1756614999048 942.0642700195312 240
1756614999107 928.6651000976562 241
1756614999166 1062.5244140625 242
1756614999224 897.6669921875 243
1756614999283 949.1195678710938 244
1756614999341 899.668701171875 245
1756614999399 1042.4864501953125 246
1756614999458 1065.007080078125 247
1756614999517 961.444091796875 248
1756614999575 1232.5538330078125 249
1756614999633 1018.4022827148438 250
1756614999692 1034.48046875 251
1756614999751 997.9100341796875 252
1756614999810 1081.2242431640625 253
1756614999868 856.9132080078125 254
1756614999927 1121.5728759765625 255
1756614999986 977.5886840820312 256
1756615000044 973.387451171875 257
1756615000103 1042.97314453125 258
1756615000162 961.23193359375 259
1756615000221 989.3319091796875 260
1756615000279 1051.9190673828125 261
1756615000337 931.2078247070312 262
1756615000395 967.778076171875 263
1756615000454 1106.1180419921875 264
1756615000512 1210.6942138671875 265
1756615000570 881.5904541015625 266
1756615000629 819.1925659179688 267
1756615000689 1023.1712036132812 268
1756615000749 921.5515747070312 269
1756615000808 1005.3632202148438 270
1756615000867 1034.218994140625 271
1756615000925 764.48046875 272
1756615000984 909.5294799804688 273
1756615001042 890.4930419921875 274
1756615001101 1080.3880615234375 275
1756615001160 916.5050659179688 276
1756615001218 1002.8903198242188 277
1756615001276 812.7618408203125 278
1756615001334 1177.203369140625 279
1756615001393 888.5128173828125 280
1756615001452 906.7078247070312 281
1756615001510 811.2078247070312 282
1756615001568 1171.9388427734375 283
1756615001627 838.0177612304688 284
1756615001686 983.4254760742188 285
1756615001744 742.2962646484375 286
1756615001803 1056.66796875 287
1756615001861 883.12158203125 288
1756615001920 919.3130493164062 289
1756615001978 1007.0736083984375 290
1756615002037 1028.109619140625 291
1756615002096 1124.789306640625 292
1756615002154 845.5717163085938 293
1756615002213 1073.842041015625 294
1756615002272 1017.729736328125 295
1756615002331 898.1560668945312 296
1756615002390 896.5277709960938 297
1756615002449 1016.4661865234375 298
1756615002508 1165.7078857421875 299
1756615010666 2473.623046875 0
1756615010724 2251.470703125 1
1756615010783 1910.1453857421875 2
1756615010853 1340.71240234375 3
1756615010911 1043.442626953125 4
1756615010969 960.0172119140625 5
1756615011026 1160.7781982421875 6
1756615011084 1093.2430419921875 7
1756615011143 991.9431762695312 8
1756615011201 956.5387573242188 9
1756615011258 1018.4351196289062 10
1756615011316 1038.7432861328125 11
1756615011373 1003.110107421875 12
1756615011431 1142.909912109375 13
1756615011489 775.5872802734375 14
1756615011546 811.1143798828125 15
1756615011604 1168.9249267578125 16
1756615011662 954.9642333984375 17
1756615011720 873.5201416015625 18
1756615011788 984.4458618164062 19
1756615011924 1065.3087158203125 20
1756615012003 945.3045654296875 21
1756615012081 668.7319946289062 22
1756615012153 704.59375 23
1756615012228 975.19091796875 24
1756615012300 1197.701416015625 25
1756615012366 788.2003784179688 26
1756615012432 1104.082275390625 27
1756615012499 823.3641967773438 28
1756615012565 745.97314453125 29
1756615012632 1037.070556640625 30
1756615012691 900.8394165039062 31
1756615012754 721.8910522460938 32
1756615012816 965.4335327148438 33
1756615012880 786.6326293945312 34
1756615012970 972.8246459960938 35
1756615013033 780.0966186523438 36
1756615013097 1048.856201171875 37
1756615013157 615.0297241210938 38
1756615013215 861.3512573242188 39
1756615013274 827.7586669921875 40
1756615013333 1014.9996337890625 41
1756615013392 856.4335327148438 42
1756615013450 679.7060546875 43
1756615013510 722.6495971679688 44
1756615013568 965.7174072265625 45
1756615013626 1108.2420654296875 46
1756615013685 975.7569580078125 47
1756615013744 657.639404296875 48
1756615013802 823.7550659179688 49
1756615013860 1030.4022216796875 50
1756615013919 930.3753051757812 51
1756615013977 950.8582153320312 52
1756615014036 710.9374389648438 53
1756615014095 711.556396484375 54
1756615014154 816.6334838867188 55
1756615014212 790.2615966796875 56
1756615014271 855.5859375 57
1756615014329 1058.152587890625 58
1756615014388 724.7699584960938 59
1756615014447 867.928466796875 60
1756615014505 839.5103759765625 61
1756615014564 632.02001953125 62
1756615014626 854.1115112304688 63
1756615014687 697.1135864257812 64
1756615014747 975.3211669921875 65
1756615014808 626.2418823242188 66
1756615014868 666.0183715820312 67
1756615014930 1172.497802734375 68
1756615014988 991.7793579101562 69
1756615015047 1122.90380859375 70
1756615015106 657.4363403320312 71
1756615015165 919.5765380859375 72
1756615015224 641.55029296875 73
1756615015284 836.9915161132812 74
1756615015344 770.1170043945312 75
1756615015403 907.8755493164062 76
1756615015463 882.6627197265625 77
1756615015524 1071.9864501953125 78
1756615015584 859.7600708007812 79
1756615015647 939.652099609375 80
1756615015705 1109.20068359375 81
1756615015763 808.91748046875 82
1756615015821 776.4473876953125 83
1756615015879 896.0706787109375 84
1756615015937 807.0472412109375 85
1756615015996 1073.779296875 86
1756615016055 648.8156127929688 87
1756615016113 1223.387451171875 88
1756615016173 753.396484375 89
1756615016231 963.8932495117188 90
1756615016291 771.3470458984375 91
1756615016349 850.1613159179688 92
1756615016407 926.4642333984375 93
1756615016466 784.3775634765625 94
1756615016525 830.3505249023438 95
1756615016582 762.2877197265625 96
1756615016640 974.407470703125 97
1756615016699 908.1109008789062 98
1756615016757 1129.7974853515625 99
1756615016816 924.5081176757812 100
1756615016879 1128.8179931640625 101
1756615016937 783.9384155273438 102
1756615016995 967.397216796875 103
1756615017053 736.3467407226562 104
1756615017111 1105.0318603515625 105
1756615017170 858.478271484375 106
1756615017228 896.939453125 107
1756615017285 765.1057739257812 108
1756615017344 1112.51904296875 109
1756615017403 875.0794677734375 110
1756615017460 949.1329345703125 111
1756615017519 1069.8724365234375 112
1756615017577 882.47998046875 113
1756615017636 874.9479370117188 114
1756615017694 674.2213134765625 115
1756615017754 1022.5956420898438 116
1756615017812 923.6522827148438 117
1756615017871 840.7123413085938 118
1756615017929 928.7471923828125 119
1756615017987 934.23388671875 120
1756615018046 1245.815673828125 121
1756615018104 877.5759887695312 122
1756615018162 851.0989990234375 123
1756615018220 911.9298706054688 124
1756615018278 757.7584228515625 125
1756615018337 900.2644653320312 126
1756615018395 1060.524169921875 127
1756615018453 962.6904907226562 128
1756615018511 863.140625 129
1756615018570 861.9536743164062 130
1756615018627 779.7216796875 131
1756615018686 752.2484130859375 132
1756615018744 874.3615112304688 133
1756615018802 899.361083984375 134
1756615018864 934.7605590820312 135
1756615018923 832.1865844726562 136
1756615018980 781.043701171875 137
1756615019040 995.6993408203125 138
1756615019098 886.7098999023438 139
1756615019157 866.5861206054688 140
1756615019215 734.7027587890625 141
1756615019272 922.1818237304688 142
1756615019331 1054.351806640625 143
1756615019403 802.8826293945312 144
1756615019461 1126.8333740234375 145
1756615019519 994.1365966796875 146
1756615019577 795.95751953125 147
1756615019635 1075.5374755859375 148
1756615019694 825.1637573242188 149
1756615019752 923.9420166015625 150
1756615019811 856.4608154296875 151
1756615019869 853.8629760742188 152
1756615019927 758.1762084960938 153
1756615019984 885.406982421875 154
1756615020043 949.8118286132812 155
1756615020101 1062.4927978515625 156
1756615020160 1065.09716796875 157
1756615020218 985.0438842773438 158
1756615020277 978.0489501953125 159
1756615020336 893.6851196289062 160
1756615020395 904.3919677734375 161
1756615020453 1118.546630859375 162
1756615020511 850.05419921875 163
1756615020570 683.5230712890625 164
1756615020629 884.7357788085938 165
1756615020688 801.8572998046875 166
1756615020746 775.738037109375 167
1756615020806 798.5230712890625 168
1756615020864 822.246826171875 169
1756615020923 813.6917114257812 170
1756615020985 725.8482055664062 171
1756615021049 764.826904296875 172
1756615021108 1017.9624633789062 173
1756615021170 883.4874877929688 174
1756615021232 755.5244750976562 175
1756615021290 1029.993408203125 176
1756615021351 761.7550659179688 177
1756615021412 841.3411254882812 178
1756615021471 752.12744140625 179
1756615021531 711.10595703125 180
1756615021592 764.3146362304688 181
1756615021651 927.2066040039062 182
1756615021710 784.868408203125 183
1756615021771 722.8483276367188 184
1756615021832 1043.8077392578125 185
1756615021893 988.9507446289062 186
1756615021954 830.8072509765625 187
1756615022015 1096.5662841796875 188
1756615022076 955.264404296875 189
1756615022136 780.6614379882812 190
1756615022197 933.9077758789062 191
1756615022258 875.5161743164062 192
1756615022318 876.3363037109375 193
1756615022378 926.44580078125 194
1756615022438 844.5021362304688 195
1756615022496 832.8360595703125 196
1756615022555 965.6669921875 197
1756615022613 929.2654418945312 198
1756615022672 652.8358154296875 199
1756615022730 958.732666015625 200
1756615022791 743.5100708007812 201
1756615022850 628.080078125 202
1756615022910 834.686279296875 203
1756615022967 842.5877075195312 204
1756615023026 1116.346435546875 205
1756615023085 696.0511474609375 206
1756615023144 961.0455322265625 207
1756615023202 924.0048828125 208
1756615023262 820.975341796875 209
1756615023321 895.9846801757812 210
1756615023380 1055.071533203125 211
1756615023438 825.0922241210938 212
1756615023497 876.7958374023438 213
1756615023556 1044.52783203125 214
1756615023615 1209.4207763671875 215
1756615023674 695.2490844726562 216
1756615023733 835.1779174804688 217
1756615023792 866.3103637695312 218
1756615023850 841.6181030273438 219
1756615023909 1054.8482666015625 220
1756615023968 895.29248046875 221
1756615024027 1128.107177734375 222
1756615024087 912.1091918945312 223
1756615024146 856.09033203125 224
1756615024203 849.4365844726562 225
1756615024262 1006.309326171875 226
1756615024321 864.2398071289062 227
1756615024382 1040.343017578125 228
1756615024441 1083.859130859375 229
1756615024501 780.6582641601562 230
1756615024559 869.6990966796875 231
1756615024617 977.8153076171875 232
1756615024676 1029.53173828125 233
1756615024735 873.0250244140625 234
1756615024793 1085.9976806640625 235
1756615024852 810.564208984375 236
1756615024911 1128.0777587890625 237
1756615024969 717.8272705078125 238
1756615025028 816.3043823242188 239
1756615025086 885.177734375 240
1756615025145 680.3289794921875 241
1756615025204 738.9498901367188 242
1756615025262 958.6962280273438 243
1756615025320 1054.8170166015625 244
1756615025382 796.1624755859375 245
1756615025444 912.5512084960938 246
1756615025502 988.4361572265625 247
1756615025560 858.7390747070312 248
1756615025619 1050.689208984375 249
1756615025677 884.9614868164062 250
1756615025735 915.7617797851562 251
1756615025794 725.5183715820312 252
1756615025851 1021.46630859375 253
1756615025910 924.0447387695312 254
1756615025969 953.1790161132812 255
1756615026028 628.3017578125 256
1756615026086 736.9663696289062 257
1756615026144 895.9658203125 258
1756615026201 1109.415283203125 259
1756615026259 703.9442138671875 260
1756615026318 915.6209716796875 261
1756615026376 644.8614501953125 262
1756615026435 860.7779541015625 263
1756615026493 1001.5194702148438 264
1756615026551 767.3949584960938 265
1756615026610 952.8763427734375 266
1756615026667 1033.2320556640625 267
1756615026726 883.7839965820312 268
1756615026784 822.56005859375 269
1756615026842 1000.2190551757812 270
1756615026900 858.7197875976562 271
1756615026958 1058.775634765625 272
1756615027016 787.402099609375 273
1756615027075 648.81494140625 274
1756615027133 934.6477661132812 275
1756615027192 983.1691284179688 276
1756615027249 885.28857421875 277
1756615027307 1030.443359375 278
1756615027366 1164.1258544921875 279
1756615027424 895.9435424804688 280
1756615027487 542.2841796875 281
1756615027546 792.41943359375 282
1756615027605 844.896484375 283
1756615027666 1046.7308349609375 284
1756615027736 925.3908081054688 285
1756615027796 743.370361328125 286
1756615027857 879.02880859375 287
1756615027916 957.7208862304688 288
1756615027974 1109.7386474609375 289
1756615028033 942.6384887695312 290
1756615028092 884.4907836914062 291
1756615028153 655.4132080078125 292
1756615028211 696.5114135742188 293
1756615028270 873.8165283203125 294
1756615028331 630.6782836914062 295
1756615028392 854.7824096679688 296
1756615028450 715.5858154296875 297
1756615028509 1033.270751953125 298
1756615028570 964.529296875 299
1756615036778 2565.2109375 0
1756615036856 2495.002197265625 1
1756615036934 2389.5234375 2
1756615037010 2094.369140625 3
1756615037083 1996.0235595703125 4
1756615037159 1713.98046875 5
1756615037235 1545.8797607421875 6
1756615037314 1160.4415283203125 7
1756615037397 1577.78515625 8
1756615037472 1553.492431640625 9
1756615037555 1405.671630859375 10
1756615037630 1456.31884765625 11
1756615037702 1670.83056640625 12
1756615037774 1102.14306640625 13
1756615037855 1422.3323974609375 14
1756615037993 1175.1455078125 15
1756615038087 1270.61767578125 16
1756615038176 1308.9736328125 17
1756615038259 1322.993408203125 18
1756615038338 1283.03076171875 19
1756615038416 1245.8463134765625 20
1756615038494 1517.54541015625 21
1756615038573 1319.339599609375 22
1756615038654 1510.6162109375 23
1756615038727 1317.927001953125 24
1756615038807 1465.520751953125 25
1756615038885 1284.6407470703125 26
1756615038984 1297.06591796875 27
1756615039073 1365.01708984375 28
1756615039154 1365.06982421875 29
1756615039237 1377.2021484375 30
1756615039314 1310.88134765625 31
1756615039387 1253.976318359375 32
1756615039459 1294.7110595703125 33
1756615039532 1485.729248046875 34
1756615039605 1463.3338623046875 35
1756615039678 1461.86083984375 36
1756615039750 1320.34912109375 37
1756615039823 1282.4527587890625 38
1756615039895 1379.301025390625 39
1756615039968 1468.860107421875 40
1756615040040 1205.8040771484375 41
1756615040111 1566.8616943359375 42
1756615040184 1294.3507080078125 43
1756615040257 1373.225341796875 44
1756615040329 1451.21728515625 45
1756615040401 1485.423583984375 46
1756615040474 1503.9698486328125 47
1756615040546 1412.7437744140625 48
1756615040618 1436.5953369140625 49
1756615040690 1465.3402099609375 50
1756615040762 1297.61767578125 51
1756615040835 1437.13427734375 52
1756615040907 1212.2191162109375 53
1756615040979 1476.92138671875 54
1756615041051 1247.0859375 55
1756615041123 1215.5186767578125 56
1756615041195 1317.3466796875 57
1756615041267 1401.42333984375 58
1756615041339 1602.16845703125 59
1756615041411 1268.61328125 60
1756615041483 1330.223876953125 61
1756615041554 1412.4461669921875 62
1756615041631 1562.1302490234375 63
1756615041703 1280.0693359375 64
1756615041775 1531.437255859375 65
1756615041847 1270.2613525390625 66
1756615041920 1416.2205810546875 67
1756615041991 1411.985107421875 68
1756615042063 1252.1788330078125 69
1756615042135 1366.092041015625 70
1756615042206 1433.343017578125 71
1756615042278 1094.9957275390625 72
1756615042350 1325.7945556640625 73
1756615042422 1394.7406005859375 74
1756615042493 1270.2620849609375 75
1756615042564 1541.624755859375 76
1756615042637 1437.156494140625 77
1756615042710 1117.42822265625 78
1756615042783 1057.364501953125 79
1756615042856 1355.0791015625 80
1756615042928 1280.3160400390625 81
1756615043001 1323.5361328125 82
1756615043074 1154.605224609375 83
1756615043146 1419.7242431640625 84
1756615043220 1360.7413330078125 85
1756615043296 1307.5916748046875 86
1756615043369 1637.0458984375 87
1756615043442 1279.0076904296875 88
1756615043515 1170.2767333984375 89
1756615043588 1401.9466552734375 90
1756615043661 1215.5933837890625 91
1756615043734 1469.3924560546875 92
1756615043806 1395.3707275390625 93
1756615043879 1167.0191650390625 94
1756615043953 1049.5738525390625 95
1756615044025 1278.1466064453125 96
1756615044100 1246.012451171875 97
1756615044173 1313.3238525390625 98
1756615044245 1297.218505859375 99
1756615044317 1200.779296875 100
1756615044390 1461.218994140625 101
1756615044462 1189.7059326171875 102
1756615044536 1477.31640625 103
1756615044608 1320.8323974609375 104
1756615044681 1170.0146484375 105
1756615044755 1374.9971923828125 106
1756615044830 1296.5556640625 107
1756615044903 1394.274658203125 108
1756615044976 1405.84521484375 109
1756615045050 1242.2413330078125 110
1756615045125 1329.41064453125 111
1756615045198 1404.8419189453125 112
1756615045272 1213.39794921875 113
1756615045351 1358.1568603515625 114
1756615045425 1117.6531982421875 115
1756615045498 1459.22509765625 116
1756615045572 1250.785400390625 117
1756615045644 1434.9708251953125 118
1756615045721 1301.6820068359375 119
1756615045794 1330.896484375 120
1756615045866 1317.7945556640625 121
1756615045938 1193.5576171875 122
1756615046012 1351.74072265625 123
1756615046084 1209.4781494140625 124
1756615046167 1281.0906982421875 125
1756615046239 1271.2225341796875 126
1756615046312 1498.354248046875 127
1756615046383 1469.5865478515625 128
1756615046460 1467.950439453125 129
1756615046533 1059.124267578125 130
1756615046605 1505.73779296875 131
1756615046677 1054.0157470703125 132
1756615046750 1327.7667236328125 133
1756615046823 1225.1011962890625 134
1756615046896 1446.1005859375 135
1756615046969 1157.7037353515625 136
1756615047041 1400.8680419921875 137
1756615047113 1475.4368896484375 138
1756615047187 1451.828125 139
1756615047261 1099.8580322265625 140
1756615047333 1496.82666015625 141
1756615047405 1475.77734375 142
1756615047478 1668.79443359375 143
1756615047550 1268.4136962890625 144
1756615047622 1261.9090576171875 145
1756615047702 1300.56396484375 146
1756615047775 1456.102783203125 147
1756615047848 1407.2332763671875 148
1756615047921 1413.642333984375 149
1756615047993 1356.372314453125 150
1756615048067 1508.3194580078125 151
1756615048139 1243.44970703125 152
1756615048212 1455.8018798828125 153
1756615048284 1396.85107421875 154
1756615048357 1218.65625 155
1756615048429 1211.4180908203125 156
1756615048502 1617.3448486328125 157
1756615048577 1433.5174560546875 158
1756615048650 1408.0103759765625 159
1756615048729 1311.2239990234375 160
1756615048803 1241.6336669921875 161
1756615048878 1235.6468505859375 162
1756615048951 1339.501953125 163
1756615049024 1120.029296875 164
1756615049098 1528.465576171875 165
1756615049171 1375.9599609375 166
1756615049244 1283.2806396484375 167
1756615049317 1274.6063232421875 168
1756615049390 1194.7772216796875 169
1756615049464 1214.681640625 170
1756615049537 1177.5445556640625 171
1756615049610 1475.3046875 172
1756615049683 1393.9931640625 173
1756615049756 1416.3692626953125 174
1756615049829 1216.210693359375 175
1756615049901 1365.677490234375 176
1756615049974 1379.5843505859375 177
1756615050046 1332.3580322265625 178
1756615050121 1229.8837890625 179
1756615050194 1318.4931640625 180
1756615050266 1421.3037109375 181
1756615050339 1443.92919921875 182
1756615050412 1394.12255859375 183
1756615050485 1289.7491455078125 184
1756615050559 1361.940185546875 185
1756615050632 1308.115478515625 186
1756615050706 1351.55322265625 187
1756615050784 1282.457763671875 188
1756615050858 1454.0361328125 189
1756615050931 981.9647827148438 190
1756615051003 1145.5364990234375 191
1756615051075 1423.98046875 192
1756615051148 1210.1353759765625 193
1756615051220 1466.6341552734375 194
1756615051293 1473.33056640625 195
1756615051365 1568.33447265625 196
1756615051441 1436.595458984375 197
1756615051513 1244.658935546875 198
1756615051586 1432.1820068359375 199
1756615051660 1526.810791015625 200
1756615051732 1158.5472412109375 201
1756615051805 1449.892333984375 202
1756615051877 1148.7926025390625 203
1756615051950 1260.5311279296875 204
1756615052024 1176.98583984375 205
1756615052097 1092.3084716796875 206
1756615052171 1370.99072265625 207
1756615052245 1237.7674560546875 208
1756615052319 1486.7335205078125 209
1756615052392 1536.023193359375 210
1756615052466 1326.992431640625 211
1756615052540 1202.4019775390625 212
1756615052614 1526.1461181640625 213
1756615052688 1454.5750732421875 214
1756615052762 1277.731689453125 215
1756615052836 1520.943359375 216
1756615052911 1244.5496826171875 217
1756615052983 1298.9188232421875 218
1756615053058 1495.0084228515625 219
1756615053131 1546.465087890625 220
1756615053205 1280.8453369140625 221
1756615053280 1092.199951171875 222
1756615053354 1091.165771484375 223
1756615053428 1362.6650390625 224
1756615053503 1219.76220703125 225
1756615053576 1397.4349365234375 226
1756615053649 1334.2803955078125 227
1756615053722 1372.976318359375 228
1756615053795 1193.7935791015625 229
1756615053870 1390.309326171875 230
1756615053944 1223.6568603515625 231
1756615054018 1479.0980224609375 232
1756615054091 1449.44677734375 233
1756615054165 1399.127685546875 234
1756615054239 1332.0443115234375 235
1756615054312 1365.9034423828125 236
1756615054385 1324.4166259765625 237
1756615054457 1313.86279296875 238
1756615054530 1106.293701171875 239
1756615054603 1511.60595703125 240
1756615054677 1165.15966796875 241
1756615054750 1493.3638916015625 242
1756615054823 1038.1947021484375 243
1756615054898 1387.5474853515625 244
1756615054972 1232.17919921875 245
1756615055045 1485.2796630859375 246
1756615055117 1257.351806640625 247
1756615055191 1239.3870849609375 248
1756615055266 1590.1805419921875 249
1756615055340 1263.9483642578125 250
1756615055414 1425.047119140625 251
1756615055487 1319.151123046875 252
1756615055561 1506.8804931640625 253
1756615055635 1355.8309326171875 254
1756615055709 1039.088623046875 255
1756615055783 1218.3919677734375 256
1756615055856 1078.0540771484375 257
1756615055929 1322.0257568359375 258
1756615056003 1349.468017578125 259
1756615056077 1446.7938232421875 260
1756615056151 1118.9942626953125 261
1756615056225 1306.971435546875 262
1756615056298 1105.5164794921875 263
1756615056372 1327.987060546875 264
1756615056445 1267.31884765625 265
1756615056532 1132.4322509765625 266
1756615056605 1391.6634521484375 267
1756615056679 1607.888916015625 268
1756615056753 1453.30029296875 269
1756615056826 1390.3143310546875 270
1756615056901 1181.0294189453125 271
1756615056974 1191.68701171875 272
1756615057048 1691.6072998046875 273
1756615057121 1442.422119140625 274
1756615057196 1278.4801025390625 275
1756615057270 1243.9981689453125 276
1756615057345 1271.2896728515625 277
1756615057419 1229.0355224609375 278
1756615057492 1105.455078125 279
1756615057566 1142.7911376953125 280
1756615057640 1377.7896728515625 281
1756615057721 1225.607421875 282
1756615057864 994.0734252929688 283
1756615057944 1358.5096435546875 284
1756615058032 1269.70556640625 285
1756615058121 1412.54052734375 286
1756615058209 1371.82568359375 287
1756615058297 1302.7362060546875 288
1756615058374 1285.22216796875 289
1756615058448 1027.979736328125 290
1756615058522 1115.0419921875 291
1756615058596 1509.7662353515625 292
1756615058670 1314.5865478515625 293
1756615058753 1111.31103515625 294
1756615058829 1208.2547607421875 295
1756615058903 1379.3277587890625 296
1756615058977 1396.172119140625 297
1756615059051 1505.0809326171875 298
1756615059126 1511.3525390625 299
1756615067304 2522.18701171875 0
1756615067388 2477.46533203125 1
1756615067470 2404.5908203125 2
1756615067544 2359.344482421875 3
1756615067620 2185.83251953125 4
1756615067693 2024.4207763671875 5
1756615067766 1775.615966796875 6
1756615067840 1539.0859375 7
1756615067913 1205.4293212890625 8
1756615067986 1292.002685546875 9
1756615068059 1462.898193359375 10
1756615068132 1238.73486328125 11
1756615068205 1208.9573974609375 12
1756615068279 1206.9989013671875 13
1756615068353 1153.5906982421875 14
1756615068440 1672.98779296875 15
1756615068589 1134.6976318359375 16
1756615068669 1481.5335693359375 17
1756615068759 1117.5657958984375 18
1756615068846 1193.569091796875 19
1756615068933 1141.5867919921875 20
1756615069011 1033.495361328125 21
1756615069088 1406.8885498046875 22
1756615069166 1238.04931640625 23
1756615069247 1232.8253173828125 24
1756615069336 1399.2996826171875 25
1756615069413 1318.5064697265625 26
1756615069500 1222.634033203125 27
1756615069588 1519.9097900390625 28
1756615069699 1422.8104248046875 29
1756615069774 1430.8411865234375 30
1756615069853 1371.3612060546875 31
1756615069926 1207.066650390625 32
1756615069999 1452.0059814453125 33
1756615070073 1298.3157958984375 34
1756615070146 1420.1895751953125 35
1756615070219 1298.69140625 36
1756615070292 1248.1956787109375 37
1756615070366 1424.4007568359375 38
1756615070439 1413.876953125 39
1756615070512 1430.5308837890625 40
1756615070585 1378.647216796875 41
1756615070658 1271.0711669921875 42
1756615070731 1403.64990234375 43
1756615070804 1305.78369140625 44
1756615070878 1341.710693359375 45
1756615070952 1141.32568359375 46
1756615071025 1223.8782958984375 47
1756615071098 1455.3927001953125 48
1756615071171 1335.4566650390625 49
1756615071245 1379.0384521484375 50
1756615071318 1603.673583984375 51
1756615071391 1206.1690673828125 52
1756615071464 1410.274169921875 53
1756615071536 1137.8974609375 54
1756615071610 1231.395751953125 55
1756615071684 1309.40234375 56
1756615071758 1275.36572265625 57
1756615071830 1381.0712890625 58
1756615071908 1387.8759765625 59
1756615071982 1314.4234619140625 60
1756615072054 1376.937744140625 61
1756615072128 1154.5352783203125 62
1756615072201 1216.191650390625 63
1756615072274 1150.0943603515625 64
1756615072348 1352.8360595703125 65
1756615072421 1352.7646484375 66
1756615072495 1417.49072265625 67
1756615072569 1138.7685546875 68
1756615072641 1245.21728515625 69
1756615072719 1415.5006103515625 70
1756615072793 1182.250244140625 71
1756615072865 1375.9781494140625 72
1756615072938 1368.0799560546875 73
1756615073011 1211.8433837890625 74
1756615073084 1433.41357421875 75
1756615073160 1172.3848876953125 76
1756615073233 1346.9039306640625 77
1756615073306 1432.9229736328125 78
1756615073378 1038.94384765625 79
1756615073450 1309.0396728515625 80
1756615073522 1471.9732666015625 81
1756615073595 1300.8492431640625 82
1756615073671 1595.273193359375 83
1756615073744 1365.8076171875 84
1756615073816 1515.6881103515625 85
1756615073898 1258.4888916015625 86
1756615073970 1428.8077392578125 87
1756615074042 1549.195556640625 88
1756615074115 1433.8568115234375 89
1756615074188 1248.1923828125 90
1756615074260 914.9593505859375 91
1756615074333 1253.4586181640625 92
1756615074406 1055.918701171875 93
1756615074479 1346.1680908203125 94
1756615074553 1280.535400390625 95
1756615074626 1376.2974853515625 96
1756615074699 1214.3150634765625 97
1756615074771 1204.2584228515625 98
1756615074844 1314.646484375 99
1756615074926 1385.5594482421875 100
1756615074999 1440.33056640625 101
1756615075071 1101.8193359375 102
1756615075145 1249.991943359375 103
1756615075218 1382.963134765625 104
1756615075291 1312.4747314453125 105
1756615075369 1224.8909912109375 106
1756615075464 1285.17822265625 107
1756615075538 1352.617431640625 108
1756615075610 1292.600341796875 109
1756615075684 1417.483642578125 110
1756615075757 1270.251708984375 111
1756615075830 1416.8475341796875 112
1756615075911 1325.977294921875 113
1756615075984 1373.1014404296875 114
1756615076057 1462.484375 115
1756615076130 1290.1822509765625 116
1756615076207 1226.6507568359375 117
1756615076280 1193.6480712890625 118
1756615076354 1367.3060302734375 119
1756615076427 1309.599365234375 120
1756615076500 1308.6331787109375 121
1756615076573 1330.9398193359375 122
1756615076646 1368.9384765625 123
1756615076720 1167.11572265625 124
1756615076800 1389.221923828125 125
1756615076875 1227.66845703125 126
1756615076949 1252.2987060546875 127
1756615077023 1510.93408203125 128
1756615077105 1214.565673828125 129
1756615077180 1393.1148681640625 130
1756615077255 1474.3592529296875 131
1756615077329 1066.278564453125 132
1756615077403 1235.08203125 133
1756615077476 1523.426025390625 134
1756615077550 1158.560791015625 135
1756615077624 1322.8248291015625 136
1756615077705 1204.10302734375 137
1756615077785 1664.6468505859375 138
1756615077859 1386.995849609375 139
1756615077934 1376.1243896484375 140
1756615078010 1365.9356689453125 141
1756615078084 1411.1802978515625 142
1756615078158 1617.142333984375 143
1756615078233 1459.96240234375 144
1756615078308 1450.6644287109375 145
1756615078383 1255.1474609375 146
1756615078457 1110.40576171875 147
1756615078531 1408.96484375 148
1756615078611 1340.4093017578125 149
1756615078686 1207.874267578125 150
1756615078761 1141.6051025390625 151
1756615078836 1320.680908203125 152
1756615078912 1450.1688232421875 153
1756615078987 1232.6885986328125 154
1756615079062 1367.6015625 155
1756615079138 1419.8916015625 156
1756615079212 1409.1529541015625 157
1756615079288 1161.9542236328125 158
1756615079363 1324.97119140625 159
1756615079438 1150.7379150390625 160
1756615079512 1353.7352294921875 161
1756615079591 1253.533935546875 162
1756615079665 1370.1204833984375 163
1756615079739 1308.534912109375 164
1756615079813 1268.02734375 165
1756615079887 1365.918701171875 166
1756615079962 1622.4183349609375 167
1756615080037 1402.88134765625 168
1756615080111 1428.1688232421875 169
1756615080186 1353.072265625 170
1756615080260 1227.75927734375 171
1756615080334 1137.6370849609375 172
1756615080408 1435.9229736328125 173
1756615080482 1204.489501953125 174
1756615080556 1245.0528564453125 175
1756615080631 1183.8756103515625 176
1756615080704 1468.2452392578125 177
1756615080779 1151.5068359375 178
1756615080853 1045.1754150390625 179
1756615080928 1262.951416015625 180
1756615081002 1427.4578857421875 181
1756615081076 1313.5638427734375 182
1756615081152 1331.443115234375 183
1756615081226 1334.836181640625 184
1756615081300 1150.622314453125 185
1756615081374 1324.5599365234375 186
1756615081449 1331.4744873046875 187
1756615081523 1217.6492919921875 188
1756615081597 1535.722900390625 189
1756615081671 1406.2452392578125 190
1756615081745 1581.9801025390625 191
1756615081820 1188.1558837890625 192
1756615081895 1441.881591796875 193
1756615081970 1145.9610595703125 194
1756615082045 1128.2144775390625 195
1756615082118 1355.7945556640625 196
1756615082192 1165.2247314453125 197
1756615082266 1298.9146728515625 198
1756615082342 1017.3818969726562 199
1756615082416 1327.763916015625 200
1756615082490 1188.2303466796875 201
1756615082564 1368.8580322265625 202
1756615082639 1243.9705810546875 203
1756615082713 1297.120361328125 204
1756615082787 1342.8233642578125 205
1756615082862 1650.1513671875 206
1756615082937 1183.5009765625 207
1756615083011 1466.2796630859375 208
1756615083085 1257.4737548828125 209
1756615083159 1265.5076904296875 210
1756615083233 1401.632568359375 211
1756615083308 1084.3089599609375 212
1756615083382 1287.4735107421875 213
1756615083456 1438.92822265625 214
1756615083530 1545.6864013671875 215
1756615083604 1157.7894287109375 216
1756615083678 1402.7518310546875 217
1756615083752 1151.26953125 218
1756615083826 1356.8023681640625 219
1756615083900 1180.1444091796875 220
1756615083975 1227.7144775390625 221
1756615084049 1249.752685546875 222
1756615084124 1173.0997314453125 223
1756615084199 1368.5390625 224
1756615084273 1590.95703125 225
1756615084348 1445.9449462890625 226
1756615084422 1334.217041015625 227
1756615084496 1473.601806640625 228
1756615084570 1480.9805908203125 229
1756615084645 1495.6417236328125 230
1756615084720 1296.4176025390625 231
1756615084795 1413.9100341796875 232
1756615084869 1468.1031494140625 233
1756615084945 1590.9552001953125 234
1756615085019 1263.978271484375 235
1756615085093 1269.0321044921875 236
1756615085168 1526.1956787109375 237
1756615085242 1233.4388427734375 238
1756615085318 1262.117431640625 239
1756615085392 1260.4710693359375 240
1756615085466 1300.8804931640625 241
1756615085541 1556.2025146484375 242
1756615085617 1618.471435546875 243
1756615085691 1459.519775390625 244
1756615085765 1367.3446044921875 245
1756615085839 946.4368286132812 246
1756615085925 1215.53466796875 247
1756615086001 1419.8133544921875 248
1756615086076 1259.889892578125 249
1756615086150 1484.0662841796875 250
1756615086224 1499.3189697265625 251
1756615086299 1303.0760498046875 252
1756615086375 1153.91455078125 253
1756615086450 1445.2239990234375 254
1756615086525 1295.6453857421875 255
1756615086599 1211.4730224609375 256
1756615086674 1354.473876953125 257
1756615086749 1184.6319580078125 258
1756615086824 1470.659423828125 259
1756615086898 1289.2283935546875 260
1756615086973 1469.7288818359375 261
1756615087047 1418.7757568359375 262
1756615087122 1273.37841796875 263
1756615087196 1343.2611083984375 264
1756615087275 1295.64892578125 265
1756615087350 1337.8797607421875 266
1756615087424 1325.0511474609375 267
1756615087498 1492.1632080078125 268
1756615087574 1133.079833984375 269
1756615087648 1386.20068359375 270
1756615087724 1737.349365234375 271
1756615087799 1226.175537109375 272
1756615087874 1423.609130859375 273
1756615087949 1273.1915283203125 274
1756615088028 1330.7623291015625 275
1756615088103 1330.616455078125 276
1756615088178 1274.0458984375 277
1756615088253 1661.4676513671875 278
1756615088327 1265.5179443359375 279
1756615088402 1287.0078125 280
1756615088478 1420.9383544921875 281
1756615088553 1145.7493896484375 282
1756615088628 1106.1214599609375 283
1756615088703 1441.6475830078125 284
1756615088778 1257.4874267578125 285
1756615088854 1305.1031494140625 286
1756615088929 1519.189208984375 287
1756615089005 1239.0511474609375 288
1756615089079 1352.8116455078125 289
1756615089155 1130.5228271484375 290
1756615089230 1328.0311279296875 291
1756615089305 1465.30810546875 292
1756615089380 1623.7222900390625 293
1756615089455 1205.3355712890625 294
1756615089530 1543.3353271484375 295
1756615089605 1289.8978271484375 296
1756615089680 1320.2337646484375 297
1756615089755 1186.4945068359375 298
1756615089830 1379.2479248046875 299
1756615098016 2572.269287109375 0
1756615098101 2572.258056640625 1
1756615098175 2569.639404296875 2
1756615098247 2551.931396484375 3
1756615098321 2509.6708984375 4
1756615098395 2446.523681640625 5
1756615098468 2344.235107421875 6
1756615098541 2143.556640625 7
1756615098615 1856.6005859375 8
1756615098697 1650.35302734375 9
1756615098771 1117.203369140625 10
1756615098844 1063.491943359375 11
1756615098918 1317.2274169921875 12
1756615098992 1122.3924560546875 13
1756615099066 1101.0235595703125 14
1756615099155 1252.3302001953125 15
1756615099291 1455.7247314453125 16
1756615099373 1152.770751953125 17
1756615099462 1048.9844970703125 18
1756615099545 1122.4949951171875 19
1756615099630 1262.1756591796875 20
1756615099714 984.1295166015625 21
1756615099800 1228.4625244140625 22
1756615099885 1239.7003173828125 23
1756615099972 1313.75048828125 24
1756615100051 1189.7972412109375 25
1756615100133 1168.03515625 26
1756615100232 1116.1822509765625 27
1756615100331 1094.6195068359375 28
1756615100430 1253.328125 29
1756615100502 1196.1329345703125 30
1756615100575 1103.19287109375 31
1756615100655 1012.0951538085938 32
1756615100735 971.5730590820312 33
1756615100813 1310.2640380859375 34
1756615100891 1033.5670166015625 35
1756615100970 993.0803833007812 36
1756615101049 902.9412841796875 37
1756615101128 1181.2891845703125 38
1756615101207 1417.8740234375 39
1756615101287 1235.13916015625 40
1756615101364 1252.0523681640625 41
1756615101443 1029.7308349609375 42
1756615101522 1074.637451171875 43
1756615101601 1232.4039306640625 44
1756615101680 979.9213256835938 45
1756615101757 1087.2144775390625 46
1756615101836 1131.807861328125 47
1756615101914 993.2200927734375 48
1756615101993 1214.733642578125 49
1756615102071 1117.28466796875 50
1756615102149 1131.61669921875 51
1756615102227 1060.058837890625 52
1756615102305 1174.423828125 53
1756615102384 1208.337890625 54
1756615102461 1148.7794189453125 55
1756615102540 1150.661865234375 56
1756615102619 1051.439697265625 57
1756615102696 986.362548828125 58
1756615102774 1186.1947021484375 59
1756615102852 1232.500732421875 60
1756615102927 995.71142578125 61
1756615102999 963.4507446289062 62
1756615103072 1246.252685546875 63
1756615103144 1114.1351318359375 64
1756615103217 1127.06591796875 65
1756615103290 1126.6279296875 66
1756615103362 1027.2379150390625 67
1756615103435 1237.83056640625 68
1756615103507 955.2828369140625 69
1756615103580 1203.0960693359375 70
1756615103653 1440.02978515625 71
1756615103725 1173.0811767578125 72
1756615103797 888.4774169921875 73
1756615103871 923.2996215820312 74
1756615103944 1317.6246337890625 75
1756615104016 1191.3372802734375 76
1756615104089 1025.2274169921875 77
1756615104161 1343.4117431640625 78
1756615104234 868.9741821289062 79
1756615104306 847.2893676757812 80
1756615104379 1046.6761474609375 81
1756615104451 1263.5020751953125 82
1756615104524 1028.1175537109375 83
1756615104597 869.126708984375 84
1756615104669 1131.809814453125 85
1756615104742 1033.2762451171875 86
1756615104818 1090.77880859375 87
1756615104898 1206.555419921875 88
1756615104971 1080.1368408203125 89
1756615105044 958.6223754882812 90
1756615105120 1048.462646484375 91
1756615105195 1220.257568359375 92
1756615105268 1356.3233642578125 93
1756615105358 1185.6478271484375 94
1756615105451 1138.992919921875 95
1756615105529 1096.875732421875 96
1756615105613 1207.2325439453125 97
1756615105696 1382.23876953125 98
1756615105784 1168.3922119140625 99
1756615105867 1271.3580322265625 100
1756615105946 1046.17919921875 101
1756615106023 1035.6458740234375 102
1756615106099 810.356201171875 103
1756615106174 1078.844482421875 104
1756615106248 855.17529296875 105
1756615106325 981.8838500976562 106
1756615106399 1167.05419921875 107
1756615106473 1188.3746337890625 108
1756615106547 990.5172119140625 109
1756615106621 1018.4197387695312 110
1756615106695 953.2088623046875 111
1756615106769 1013.7159423828125 112
1756615106844 1007.2119750976562 113
1756615106918 1222.1461181640625 114
1756615106991 830.2557373046875 115
1756615107065 930.2669677734375 116
1756615107139 1176.713134765625 117
1756615107213 940.3194580078125 118
1756615107288 1051.2440185546875 119
1756615107362 1099.748779296875 120
1756615107437 975.0379028320312 121
1756615107511 1040.9088134765625 122
1756615107585 1091.6837158203125 123
1756615107659 1041.7406005859375 124
1756615107734 1196.0601806640625 125
1756615107808 1083.2095947265625 126
1756615107882 1101.194091796875 127
1756615107957 1101.060791015625 128
1756615108032 1127.268310546875 129
1756615108105 986.4384155273438 130
1756615108180 986.7863159179688 131
1756615108255 864.5305786132812 132
1756615108329 977.156982421875 133
1756615108404 1057.8685302734375 134
1756615108478 982.78564453125 135
1756615108551 928.5824584960938 136
1756615108625 1123.2177734375 137
1756615108699 1081.431884765625 138
1756615108773 1143.1099853515625 139
1756615108848 929.829833984375 140
1756615108923 850.4718627929688 141
1756615108997 1178.0107421875 142
1756615109071 1165.533935546875 143
1756615109145 1230.98193359375 144
1756615109219 1161.3402099609375 145
1756615109294 1163.8670654296875 146
1756615109367 826.9322509765625 147
1756615109441 1167.256103515625 148
1756615109515 1101.05419921875 149
1756615109590 1027.5919189453125 150
1756615109663 952.9576416015625 151
1756615109738 1114.3958740234375 152
1756615109813 1014.1043701171875 153
1756615109887 1108.8365478515625 154
1756615109962 1012.3614501953125 155
1756615110036 1237.91552734375 156
1756615110109 895.0560302734375 157
1756615110183 1094.905517578125 158
1756615110256 1204.726806640625 159
1756615110330 930.905029296875 160
1756615110405 886.9925537109375 161
1756615110480 1089.2203369140625 162
1756615110553 1122.7716064453125 163
1756615110629 1112.2454833984375 164
1756615110703 1019.441162109375 165
1756615110778 1176.813720703125 166
1756615110853 1050.687255859375 167
1756615110928 906.5350952148438 168
1756615111002 948.1715087890625 169
1756615111078 1159.1004638671875 170
1756615111151 1177.0025634765625 171
1756615111226 973.5914916992188 172
1756615111300 1102.741943359375 173
1756615111374 1093.2052001953125 174
1756615111448 1014.7713623046875 175
1756615111522 980.9859008789062 176
1756615111597 1028.3134765625 177
1756615111671 1040.5418701171875 178
1756615111746 948.8548583984375 179
1756615111821 1028.6231689453125 180
1756615111895 1124.3507080078125 181
1756615111970 997.9295654296875 182
1756615112044 973.6091918945312 183
1756615112118 1008.5220336914062 184
1756615112193 976.2410278320312 185
1756615112268 807.8087158203125 186
1756615112342 901.2609252929688 187
1756615112416 1083.8375244140625 188
1756615112491 1066.7220458984375 189
1756615112564 1025.7698974609375 190
1756615112639 933.0216674804688 191
1756615112713 1353.4869384765625 192
1756615112787 1184.4808349609375 193
1756615112861 1066.4395751953125 194
1756615112935 1139.306640625 195
1756615113010 1008.8674926757812 196
1756615113086 1096.7320556640625 197
1756615113160 1165.80078125 198
1756615113233 1239.2568359375 199
1756615113308 1001.7366333007812 200
1756615113383 1143.450927734375 201
1756615113458 1261.9866943359375 202
1756615113532 816.722900390625 203
1756615113607 1108.1715087890625 204
1756615113681 986.6532592773438 205
1756615113756 1142.5430908203125 206
1756615113831 1151.6881103515625 207
1756615113907 1140.18017578125 208
1756615113982 1035.2191162109375 209
1756615114056 1321.703857421875 210
1756615114131 1240.321533203125 211
1756615114206 1068.4049072265625 212
1756615114280 973.3126220703125 213
1756615114355 1052.8304443359375 214
1756615114429 1086.3958740234375 215
1756615114504 1102.9666748046875 216
1756615114579 826.0189208984375 217
1756615114655 953.2164916992188 218
1756615114729 936.2520751953125 219
1756615114805 993.9736328125 220
1756615114881 1227.774658203125 221
1756615114957 871.114013671875 222
1756615115032 1103.3929443359375 223
1756615115107 1135.279296875 224
1756615115194 1023.6334838867188 225
1756615115278 1000.484375 226
1756615115353 1042.392578125 227
1756615115433 1128.5086669921875 228
1756615115518 1046.77978515625 229
1756615115594 1100.1356201171875 230
1756615115670 1204.500244140625 231
1756615115745 1029.486328125 232
1756615115820 948.6246337890625 233
1756615115895 1092.6748046875 234
1756615115970 1018.7019653320312 235
1756615116046 1116.6761474609375 236
1756615116121 805.2977905273438 237
1756615116196 936.492919921875 238
1756615116271 925.357666015625 239
1756615116346 1064.916259765625 240
1756615116421 854.2140502929688 241
1756615116495 945.8413696289062 242
1756615116570 1043.1597900390625 243
1756615116645 1078.50390625 244
1756615116722 888.0128173828125 245
1756615116797 1181.4293212890625 246
1756615116871 969.44287109375 247
1756615116948 1098.832275390625 248
1756615117023 1211.16943359375 249
1756615117100 1033.5477294921875 250
1756615117174 1192.4188232421875 251
1756615117250 908.8438720703125 252
1756615117325 962.828857421875 253
1756615117400 1121.2244873046875 254
1756615117475 1099.3477783203125 255
1756615117550 1414.3974609375 256
1756615117631 1058.9656982421875 257
1756615117707 1035.7830810546875 258
1756615117782 1115.02392578125 259
1756615117856 984.3650512695312 260
1756615117931 1004.9329833984375 261
1756615118005 944.9487915039062 262
1756615118081 983.9842529296875 263
1756615118156 874.0496215820312 264
1756615118231 1217.0411376953125 265
1756615118305 1170.742431640625 266
1756615118379 1081.8426513671875 267
1756615118454 1166.8033447265625 268
1756615118527 918.4241333007812 269
1756615118602 1263.6922607421875 270
1756615118676 1130.49365234375 271
1756615118751 857.2185668945312 272
1756615118826 1058.2568359375 273
1756615118900 959.9821166992188 274
1756615118974 848.3199462890625 275
1756615119049 951.9113159179688 276
1756615119123 1245.6995849609375 277
1756615119198 905.9786987304688 278
1756615119272 1121.4053955078125 279
1756615119346 858.0650634765625 280
1756615119421 1172.29052734375 281
1756615119495 1068.388671875 282
1756615119569 1027.6802978515625 283
1756615119646 1133.3505859375 284
1756615119720 1092.6531982421875 285
1756615119794 939.2833251953125 286
1756615119870 1211.0391845703125 287
1756615119946 1159.443603515625 288
1756615120020 1057.4149169921875 289
1756615120099 962.6775512695312 290
1756615120173 1014.6609497070312 291
1756615120247 969.5418090820312 292
1756615120322 971.8019409179688 293
1756615120397 949.7481079101562 294
1756615120475 1196.2403564453125 295
1756615120550 1046.62890625 296
1756615120625 965.1748657226562 297
1756615120700 996.1495971679688 298
1756615121087 940.5038452148438 299
1756615129268 2490.302978515625 0
1756615129352 2386.376220703125 1
1756615129427 2191.16162109375 2
1756615129504 1957.7332763671875 3
1756615129578 1541.7420654296875 4
1756615129652 1036.5228271484375 5
1756615129726 1144.5367431640625 6
1756615129800 1176.07275390625 7
1756615129874 1031.953369140625 8
1756615129948 1040.631591796875 9
1756615130022 1101.388427734375 10
1756615130096 984.41845703125 11
1756615130170 1066.7115478515625 12
1756615130248 1111.6243896484375 13
1756615130322 1118.660888671875 14
1756615130413 1101.68994140625 15
1756615130553 787.2073974609375 16
1756615130638 929.75341796875 17
1756615130723 995.1845703125 18
1756615130802 1194.1654052734375 19
1756615130881 999.4805297851562 20
1756615130968 1000.686279296875 21
1756615131053 1043.6044921875 22
1756615131133 1092.7169189453125 23
1756615131217 830.6210327148438 24
1756615131297 1022.1150512695312 25
1756615131376 1073.4359130859375 26
1756615131469 1142.0584716796875 27
1756615131563 924.6592407226562 28
1756615131639 1065.5902099609375 29
1756615131717 1175.1026611328125 30
1756615131794 933.5177612304688 31
1756615131870 816.0227661132812 32
1756615131946 1106.7431640625 33
1756615132023 1230.63427734375 34
1756615132099 654.92724609375 35
1756615132175 1060.56494140625 36
1756615132251 1058.3492431640625 37
1756615132328 878.8290405273438 38
1756615132404 911.2457885742188 39
1756615132480 1231.5526123046875 40
1756615132556 1216.105224609375 41
1756615132633 1060.8370361328125 42
1756615132709 1077.3109130859375 43
1756615132786 877.370849609375 44
1756615132864 1072.6268310546875 45
1756615132939 937.546142578125 46
1756615133015 945.3633422851562 47
1756615133090 952.5883178710938 48
1756615133165 887.7361450195312 49
1756615133241 1232.502197265625 50
1756615133321 1377.288818359375 51
1756615133397 875.71142578125 52
1756615133473 839.261474609375 53
1756615133548 1186.2584228515625 54
1756615133628 1142.398681640625 55
1756615133702 939.4580078125 56
1756615133777 1128.750244140625 57
1756615133852 1049.9320068359375 58
1756615133926 938.2776489257812 59
1756615134001 1282.2440185546875 60
1756615134075 972.6624755859375 61
1756615134150 1032.7666015625 62
1756615134224 1036.5302734375 63
1756615134299 1080.174560546875 64
1756615134374 1204.21484375 65
1756615134448 873.4036865234375 66
1756615134523 1095.1361083984375 67
1756615134638 927.2916870117188 68
1756615134715 998.2770385742188 69
1756615134791 1101.7596435546875 70
1756615134865 1037.619873046875 71
1756615134940 1012.3333740234375 72
1756615135015 1205.9971923828125 73
1756615135091 1134.5125732421875 74
1756615135167 935.1326293945312 75
1756615135242 1259.8687744140625 76
1756615135317 876.4675903320312 77
1756615135392 1117.0030517578125 78
1756615135467 946.3058471679688 79
1756615135548 955.5026245117188 80
1756615135623 964.696533203125 81
1756615135698 987.4830322265625 82
1756615135773 1098.595947265625 83
1756615135848 957.6741333007812 84
1756615135923 925.0231323242188 85
1756615135999 1074.13134765625 86
1756615136074 1168.8221435546875 87
1756615136149 1059.904541015625 88
1756615136224 1117.888916015625 89
1756615136299 1044.07958984375 90
1756615136374 1096.82177734375 91
1756615136450 1021.4262084960938 92
1756615136525 1018.546142578125 93
1756615136600 1161.9820556640625 94
1756615136675 1170.4176025390625 95
1756615136750 873.178955078125 96
1756615136826 1058.23095703125 97
1756615136901 879.4080200195312 98
1756615136976 1136.1903076171875 99
1756615137051 973.3370971679688 100
1756615137126 1061.2552490234375 101
1756615137200 1195.035888671875 102
1756615137280 913.1306762695312 103
1756615137355 1061.702392578125 104
1756615137431 1076.5179443359375 105
1756615137507 1111.856201171875 106
1756615137582 997.22314453125 107
1756615137658 951.228515625 108
1756615137733 869.009765625 109
1756615137808 972.181640625 110
1756615137883 909.2118530273438 111
1756615137959 1170.0860595703125 112
1756615138034 1023.2066040039062 113
1756615138109 1139.9124755859375 114
1756615138184 917.4354248046875 115
1756615138259 1159.8619384765625 116
1756615138334 1186.0316162109375 117
1756615138410 1104.4237060546875 118
1756615138485 1003.9591674804688 119
1756615138560 840.5211791992188 120
1756615138635 992.4290161132812 121
1756615138709 1360.3306884765625 122
1756615138785 1085.988525390625 123
1756615138861 1087.806640625 124
1756615138936 1023.2332153320312 125
1756615139010 1023.495849609375 126
1756615139085 866.6566162109375 127
1756615139161 1015.5665283203125 128
1756615139239 887.55908203125 129
1756615139314 883.388916015625 130
1756615139389 738.5299682617188 131
1756615139464 1294.4505615234375 132
1756615139539 1238.1268310546875 133
1756615139616 1136.038818359375 134
1756615139691 940.1343383789062 135
1756615139766 1020.5665283203125 136
1756615139840 735.9592895507812 137
1756615139915 1298.8250732421875 138
1756615139989 1089.612548828125 139
1756615140068 812.8152465820312 140
1756615140149 974.43701171875 141
1756615140224 1205.679443359375 142
1756615140299 828.2545166015625 143
1756615140373 1023.5841674804688 144
1756615140448 1121.4730224609375 145
1756615140522 1024.6597900390625 146
1756615140597 956.9702758789062 147
1756615140671 1019.02685546875 148
1756615140750 964.4738159179688 149
1756615140826 1300.47802734375 150
1756615140902 990.2210083007812 151
1756615140977 1043.0433349609375 152
1756615141052 1095.0037841796875 153
1756615141127 957.3876953125 154
1756615141202 1042.589599609375 155
1756615141277 1037.0628662109375 156
1756615141352 1139.265869140625 157
1756615141426 1161.3475341796875 158
1756615141501 1104.726318359375 159
1756615141577 1185.3485107421875 160
1756615141652 1243.8004150390625 161
1756615141728 951.248779296875 162
1756615141803 1067.8568115234375 163
1756615141880 1032.088134765625 164
1756615141955 1030.878173828125 165
1756615142031 945.7587280273438 166
1756615142107 1008.0977172851562 167
1756615142181 1182.4932861328125 168
1756615142256 1201.4503173828125 169
1756615142331 1110.93603515625 170
1756615142406 1296.5018310546875 171
1756615142481 1011.0352172851562 172
1756615142555 1177.8524169921875 173
1756615142631 1173.8428955078125 174
1756615142706 976.2061157226562 175
1756615142781 1080.8521728515625 176
1756615142856 857.443359375 177
1756615142932 955.264404296875 178
1756615143006 1027.9278564453125 179
1756615143081 1031.197265625 180
1756615143157 1040.3861083984375 181
1756615143232 1063.12353515625 182
1756615143306 821.9939575195312 183
1756615143381 1127.2479248046875 184
1756615143457 868.2210083007812 185
1756615143532 867.592041015625 186
1756615143607 841.7283325195312 187
1756615143682 1252.820068359375 188
1756615143758 1224.3155517578125 189
1756615143833 953.4962158203125 190
1756615143908 790.4777221679688 191
1756615143983 969.7046508789062 192
1756615144058 1088.314453125 193
1756615144132 997.1529541015625 194
1756615144207 876.2174072265625 195
1756615144281 1088.515625 196
1756615144355 971.1149291992188 197
1756615144429 1058.3199462890625 198
1756615144504 1081.5799560546875 199
1756615144578 1200.8070068359375 200
1756615144652 895.26611328125 201
1756615144727 1038.757568359375 202
1756615144808 812.8784790039062 203
1756615144882 1228.33154296875 204
1756615144957 934.4124755859375 205
1756615145032 967.9945678710938 206
1756615145106 1327.1280517578125 207
1756615145180 993.0471801757812 208
1756615145260 1026.8070068359375 209
1756615145339 1085.774658203125 210
1756615145413 993.3076171875 211
1756615145487 1054.552490234375 212
1756615145562 1025.127685546875 213
1756615145641 1043.55517578125 214
1756615145715 953.8738403320312 215
1756615145789 1066.3599853515625 216
1756615145863 858.3486328125 217
1756615145938 1041.544189453125 218
1756615146019 1258.466552734375 219
1756615146094 1121.2938232421875 220
1756615146169 1072.1748046875 221
1756615146245 957.3975830078125 222
1756615146321 896.160888671875 223
1756615146397 1069.776611328125 224
1756615146473 989.2672119140625 225
1756615146549 823.2122802734375 226
1756615146626 1115.7491455078125 227
1756615146701 1083.480224609375 228
1756615146775 1146.7247314453125 229
1756615146855 956.77685546875 230
1756615146931 862.1236572265625 231
1756615147006 970.4864501953125 232
1756615147082 921.5484008789062 233
1756615147158 1119.2335205078125 234
1756615147235 878.1148071289062 235
1756615147311 1039.655517578125 236
1756615147386 1128.869384765625 237
1756615147460 959.27099609375 238
1756615147535 1213.907958984375 239
1756615147610 1152.2708740234375 240
1756615147686 1185.822509765625 241
1756615147762 903.510986328125 242
1756615147838 879.3053588867188 243
1756615147916 1088.69677734375 244
1756615147993 956.8821411132812 245
1756615148068 1006.004150390625 246
1756615148146 1121.927001953125 247
1756615148221 885.85595703125 248
1756615148299 1119.1944580078125 249
1756615148375 1047.6661376953125 250
1756615148451 1187.5643310546875 251
1756615148527 1263.9052734375 252
1756615148603 1183.7421875 253
1756615148680 1050.3819580078125 254
1756615148758 893.1777954101562 255
1756615148834 1189.3629150390625 256
1756615148912 811.6853637695312 257
1756615148989 1280.171630859375 258
1756615149068 1149.1187744140625 259
1756615149145 854.0668334960938 260
1756615149224 1119.9052734375 261
1756615149304 835.4508666992188 262
1756615149381 1126.7642822265625 263
1756615149460 1115.1297607421875 264
1756615149535 924.6326904296875 265
1756615149611 1027.9031982421875 266
1756615149686 969.1480712890625 267
1756615149764 1213.032958984375 268
1756615149838 1207.54833984375 269
1756615149915 1069.96337890625 270
1756615149990 1094.6087646484375 271
1756615150064 1104.4281005859375 272
1756615150139 974.5305786132812 273
1756615150214 1111.9205322265625 274
1756615150289 1157.8870849609375 275
1756615150363 1096.7794189453125 276
1756615150438 918.7866821289062 277
1756615150513 796.7032470703125 278
1756615150588 961.94873046875 279
1756615150663 961.5336303710938 280
1756615150738 1024.4677734375 281
1756615150813 1021.7279663085938 282
1756615150888 1014.5003662109375 283
1756615150964 964.1925048828125 284
1756615151038 1238.3828125 285
1756615151113 1029.6387939453125 286
1756615151189 695.1002807617188 287
1756615151265 1091.0203857421875 288
1756615151341 951.6145629882812 289
1756615151417 850.764404296875 290
1756615151493 926.9298706054688 291
1756615151567 832.8915405273438 292
1756615151642 1079.22998046875 293
1756615151716 948.9102783203125 294
1756615151791 1102.9254150390625 295
1756615151865 1124.8062744140625 296
1756615151939 1030.02734375 297
1756615152015 1074.4403076171875 298
1756615152091 954.345703125 299
1756615160279 2545.917236328125 0
1756615160358 2406.3515625 1
1756615160432 2227.409912109375 2
1756615160506 1807.0205078125 3
1756615160581 1621.1358642578125 4
1756615160655 1219.7891845703125 5
1756615160730 1129.355712890625 6
1756615160806 1072.7744140625 7
1756615160880 1139.713623046875 8
1756615160955 1148.337158203125 9
1756615161030 1251.170166015625 10
1756615161104 1160.101318359375 11
1756615161179 1087.0023193359375 12
1756615161254 761.3450927734375 13
1756615161330 1207.1815185546875 14
1756615161423 1031.9207763671875 15
1756615161570 920.2848510742188 16
1756615161654 1045.6920166015625 17
1756615161736 826.5602416992188 18
1756615161815 889.1558837890625 19
1756615161894 943.1831665039062 20
1756615161973 961.7020874023438 21
1756615162052 964.3826904296875 22
1756615162131 905.6115112304688 23
1756615162212 1017.7216796875 24
1756615162293 1185.1717529296875 25
1756615162370 1051.27880859375 26
1756615162451 752.2238159179688 27
1756615162532 1008.289794921875 28
1756615162642 1025.84228515625 29
1756615162718 1020.269775390625 30
1756615162796 812.9887084960938 31
1756615162871 910.8566284179688 32
1756615162947 719.0784912109375 33
1756615163022 1022.4116821289062 34
1756615163097 768.7741088867188 35
1756615163172 711.3851318359375 36
1756615163252 916.7864379882812 37
1756615163341 785.9202880859375 38
1756615163416 808.9412841796875 39
1756615163491 1096.759521484375 40
1756615163567 966.3104248046875 41
1756615163643 963.2317504882812 42
1756615163718 989.6481323242188 43
1756615163793 1055.9599609375 44
1756615163868 1059.884765625 45
1756615163944 881.393798828125 46
1756615164019 1000.9933471679688 47
1756615164095 1021.915283203125 48
1756615164173 921.7892456054688 49
1756615164251 987.8624877929688 50
1756615164326 989.7456665039062 51
1756615164401 787.2279052734375 52
1756615164476 969.3652954101562 53
1756615164552 858.9798583984375 54
1756615164627 1030.7139892578125 55
1756615164703 1112.0576171875 56
1756615164779 921.6786499023438 57
1756615164854 1105.101806640625 58
1756615164930 1057.7662353515625 59
1756615165006 865.5911254882812 60
1756615165080 705.5098266601562 61
1756615165156 795.1082153320312 62
1756615165231 906.4940795898438 63
1756615165306 889.3283081054688 64
1756615165384 981.8873291015625 65
1756615165460 926.6121826171875 66
1756615165535 960.14794921875 67
1756615165610 1154.4228515625 68
1756615165686 772.9491577148438 69
1756615165762 744.762451171875 70
1756615165837 825.0975952148438 71
1756615165912 985.3366088867188 72
1756615165987 848.1261596679688 73
1756615166063 1042.5125732421875 74
1756615166138 926.4827880859375 75
1756615166213 854.2811279296875 76
1756615166289 790.2310791015625 77
1756615166365 987.7091674804688 78
1756615166440 908.5244750976562 79
1756615166516 823.4197387695312 80
1756615166592 744.9490966796875 81
1756615166667 1036.08154296875 82
1756615166743 1002.7013549804688 83
1756615166819 932.3121337890625 84
1756615166896 1017.53076171875 85
1756615166971 861.6029052734375 86
1756615167047 1018.9265747070312 87
1756615167122 912.2313842773438 88
1756615167198 1168.778076171875 89
1756615167273 1068.30322265625 90
1756615167349 980.2597045898438 91
1756615167424 871.1585083007812 92
1756615167501 815.0708618164062 93
1756615167576 983.6754760742188 94
1756615167652 851.9069213867188 95
1756615167736 1003.1782836914062 96
1756615167812 1095.8834228515625 97
1756615167889 969.1824340820312 98
1756615167964 858.5694580078125 99
1756615168040 971.9943237304688 100
1756615168115 849.7122802734375 101
1756615168190 1010.1799926757812 102
1756615168267 770.4089965820312 103
1756615168343 1118.4056396484375 104
1756615168418 986.2283325195312 105
1756615168492 1017.8068237304688 106
1756615168568 975.1890869140625 107
1756615168643 991.1888427734375 108
1756615168718 976.1748046875 109
1756615168796 866.5734252929688 110
1756615168872 1145.9808349609375 111
1756615168948 964.7944946289062 112
1756615169026 1163.318115234375 113
1756615169105 825.688720703125 114
1756615169180 1010.1038208007812 115
1756615169255 1087.54052734375 116
1756615169331 1028.233642578125 117
1756615169408 1114.78271484375 118
1756615169484 906.3985595703125 119
1756615169559 1153.104736328125 120
1756615169635 861.9838256835938 121
1756615169711 858.6380615234375 122
1756615169786 902.1220703125 123
1756615169862 953.99755859375 124
1756615169938 988.676025390625 125
1756615170013 1089.60400390625 126
1756615170088 948.115966796875 127
1756615170164 1105.416748046875 128
1756615170239 988.6531372070312 129
1756615170315 863.961669921875 130
1756615170392 1071.2896728515625 131
1756615170468 918.6918334960938 132
1756615170544 942.8465576171875 133
1756615170619 967.0371704101562 134
1756615170694 1019.2328491210938 135
1756615170770 1070.689697265625 136
1756615170845 1119.980224609375 137
1756615170920 862.4908447265625 138
1756615170997 873.3424072265625 139
1756615171073 1027.6519775390625 140
1756615171149 851.3800659179688 141
1756615171225 967.4312133789062 142
1756615171300 928.1947631835938 143
1756615171376 993.86669921875 144
1756615171452 1054.4566650390625 145
1756615171530 889.1185302734375 146
1756615171605 970.1312866210938 147
1756615171680 964.8121337890625 148
1756615171756 961.4758911132812 149
1756615171831 888.2848510742188 150
1756615171908 1003.9703369140625 151
1756615171983 1082.6031494140625 152
1756615172059 1037.2900390625 153
1756615172134 885.3464965820312 154
1756615172210 1005.7635498046875 155
1756615172285 1247.530517578125 156
1756615172361 1022.574951171875 157
1756615172438 898.1647338867188 158
1756615172513 765.14501953125 159
1756615172589 921.88037109375 160
1756615172664 1336.240966796875 161
1756615172740 1136.88525390625 162
1756615172816 1051.7769775390625 163
1756615172892 860.470458984375 164
1756615172968 1074.7451171875 165
1756615173043 995.5489501953125 166
1756615173119 1199.4610595703125 167
1756615173194 833.107666015625 168
1756615173271 873.792724609375 169
1756615173347 861.8179321289062 170
1756615173422 1079.586669921875 171
1756615173498 1261.5679931640625 172
1756615173574 938.6334838867188 173
1756615173651 895.4081420898438 174
1756615173727 1027.747314453125 175
1756615173803 873.404541015625 176
1756615173879 836.8841552734375 177
1756615173954 1185.909423828125 178
1756615174030 920.2672119140625 179
1756615174106 1065.4833984375 180
1756615174181 1241.1173095703125 181
1756615174258 954.2164916992188 182
1756615174335 862.4032592773438 183
1756615174410 803.9794921875 184
1756615174486 958.6170654296875 185
1756615174562 1001.131103515625 186
1756615174639 795.5423583984375 187
1756615174715 1088.795654296875 188
1756615174791 1149.60595703125 189
1756615174870 1278.0096435546875 190
1756615174949 1029.7703857421875 191
1756615175025 1109.993408203125 192
1756615175101 1035.6456298828125 193
1756615175177 1057.5869140625 194
1756615175253 1164.37109375 195
1756615175329 928.4550170898438 196
1756615175405 960.3944702148438 197
1756615175486 1008.3106079101562 198
1756615175562 951.5196533203125 199
1756615175638 997.063232421875 200
1756615175714 916.6826782226562 201
1756615175790 1112.7755126953125 202
1756615175867 1169.369384765625 203
1756615175943 1148.6878662109375 204
1756615176020 916.0289916992188 205
1756615176096 1256.8946533203125 206
1756615176172 1078.9114990234375 207
1756615176248 1100.1751708984375 208
1756615176325 938.0392456054688 209
1756615176400 1074.3436279296875 210
1756615176476 1058.3603515625 211
1756615176552 771.7594604492188 212
1756615176629 1061.5416259765625 213
1756615176705 764.2783203125 214
1756615176780 1032.9896240234375 215
1756615176857 1095.695556640625 216
1756615176933 871.8378295898438 217
1756615177010 1097.3525390625 218
1756615177086 950.0711669921875 219
1756615177162 1038.16552734375 220
1756615177239 917.0618286132812 221
1756615177316 965.6338500976562 222
1756615177391 892.0194091796875 223
1756615177467 992.3380126953125 224
1756615177544 995.0743408203125 225
1756615177620 1014.4949951171875 226
1756615177705 967.9234008789062 227
1756615177855 927.7315673828125 228
1756615177931 1086.8524169921875 229
1756615178006 879.1567993164062 230
1756615178081 935.7341918945312 231
1756615178162 1112.0372314453125 232
1756615178236 1023.4700927734375 233
1756615178312 848.059326171875 234
1756615178388 1049.44873046875 235
1756615178464 1000.683837890625 236
1756615178539 877.141845703125 237
1756615178615 931.1240844726562 238
1756615178691 942.6968994140625 239
1756615178767 971.3320922851562 240
1756615178843 773.8306884765625 241
1756615178919 951.1324462890625 242
1756615178995 851.8229370117188 243
1756615179070 984.277587890625 244
1756615179146 1168.6898193359375 245
1756615179222 932.1717529296875 246
1756615179298 1117.16259765625 247
1756615179373 858.3795166015625 248
1756615179449 819.9855346679688 249
1756615179525 931.9869995117188 250
1756615179600 1181.2103271484375 251
1756615179676 1118.79736328125 252
1756615179752 948.3828125 253
1756615179828 870.716796875 254
1756615179903 872.1834716796875 255
1756615179978 762.4689331054688 256
1756615180054 1263.3143310546875 257
1756615180129 818.6802368164062 258
1756615180204 1013.8494262695312 259
1756615180280 911.9479370117188 260
1756615180355 791.9664916992188 261
1756615180431 965.650146484375 262
1756615180507 1081.5828857421875 263
1756615180582 968.5363159179688 264
1756615180659 996.6449584960938 265
1756615180735 1034.4176025390625 266
1756615180811 867.7523803710938 267
1756615180885 961.209228515625 268
1756615180961 842.6586303710938 269
1756615181036 948.8312377929688 270
1756615181112 939.9852905273438 271
1756615181187 834.805908203125 272
1756615181262 851.4951171875 273
1756615181337 1312.4029541015625 274
1756615181413 1190.127197265625 275
1756615181488 997.13232421875 276
1756615181564 882.412109375 277
1756615181639 1120.67529296875 278
1756615181714 1150.630859375 279
1756615181789 996.6492919921875 280
1756615181864 740.0720825195312 281
1756615181939 928.6466674804688 282
1756615182014 983.2317504882812 283
1756615182090 930.7765502929688 284
1756615182165 1247.122314453125 285
1756615182240 1116.8455810546875 286
1756615182316 833.5118408203125 287
1756615182391 1031.9998779296875 288
1756615182466 851.9671630859375 289
1756615182542 1159.9344482421875 290
1756615182617 825.6973876953125 291
1756615182692 1040.6490478515625 292
1756615182768 885.874267578125 293
1756615182844 948.865966796875 294
1756615182919 861.9896240234375 295
1756615182995 1031.6324462890625 296
1756615183071 971.7650756835938 297
1756615183146 780.5770263671875 298
1756615183222 764.4166870117188 299
1756615191405 2493.071533203125 0
1756615191489 2267.5771484375 1
1756615191563 1904.1724853515625 2
1756615191643 1297.205810546875 3
1756615191715 902.7828369140625 4
1756615191788 937.8324584960938 5
1756615191862 1020.86181640625 6
1756615191935 954.350830078125 7
1756615192009 994.9139404296875 8
1756615192083 958.704833984375 9
1756615192157 940.0657958984375 10
1756615192232 964.8946533203125 11
1756615192308 801.5316162109375 12
1756615192382 974.98095703125 13
1756615192456 803.7678833007812 14
1756615192546 753.5363159179688 15
1756615192689 1144.9635009765625 16
1756615192778 889.585205078125 17
1756615192869 697.6157836914062 18
1756615192947 904.7788696289062 19
1756615193030 971.7257080078125 20
1756615193115 1005.0582885742188 21
1756615193201 823.0084838867188 22
1756615193287 901.5487670898438 23
1756615193367 1139.0059814453125 24
1756615193452 731.498291015625 25
1756615193537 753.1143798828125 26
1756615193645 621.7994384765625 27
1756615193724 880.8656005859375 28
1756615193803 767.1422119140625 29
1756615193881 856.0625 30
1756615193958 970.333984375 31
1756615194033 920.3291625976562 32
1756615194107 896.2914428710938 33
1756615194183 925.5484619140625 34
1756615194258 895.957763671875 35
1756615194333 962.4146118164062 36
1756615194408 901.4817504882812 37
1756615194483 1025.1651611328125 38
1756615194558 660.125732421875 39
1756615194633 1078.8587646484375 40
1756615194708 924.2682495117188 41
1756615194783 694.307861328125 42
1756615194858 526.7420654296875 43
1756615194933 875.0299072265625 44
1756615195008 880.9933471679688 45
1756615195083 993.4139404296875 46
1756615195158 680.7757568359375 47
1756615195233 1100.6619873046875 48
1756615195309 850.7157592773438 49
1756615195383 916.4230346679688 50
1756615195458 896.6588134765625 51
1756615195536 982.4534912109375 52
1756615195610 849.8289794921875 53
1756615195685 915.7654418945312 54
1756615195759 1034.872314453125 55
1756615195834 809.1442260742188 56
1756615195908 871.2321166992188 57
1756615195983 821.17626953125 58
1756615196058 825.3685913085938 59
1756615196132 807.0659790039062 60
1756615196206 823.7821044921875 61
1756615196279 847.6240844726562 62
1756615196354 827.3656005859375 63
1756615196428 905.0786743164062 64
1756615196503 1071.3953857421875 65
1756615196578 1078.1009521484375 66
1756615196657 860.4747924804688 67
1756615196730 739.535888671875 68
1756615196804 1089.8968505859375 69
1756615196878 895.0051879882812 70
1756615196952 727.4161987304688 71
1756615197027 847.7892456054688 72
1756615197101 926.9755249023438 73
1756615197175 924.051513671875 74
1756615197248 863.7713623046875 75
1756615197322 1128.60400390625 76
1756615197396 913.8340454101562 77
1756615197469 1145.144287109375 78
1756615197544 909.2511596679688 79
1756615197616 819.068603515625 80
1756615197690 868.2716674804688 81
1756615197764 884.6493530273438 82
1756615197838 685.940673828125 83
1756615197911 1101.998779296875 84
1756615197984 780.43505859375 85
1756615198057 892.1156005859375 86
1756615198131 1072.4267578125 87
1756615198205 817.535400390625 88
1756615198279 773.5547485351562 89
1756615198353 968.1310424804688 90
1756615198426 1006.8159790039062 91
1756615198500 804.1632080078125 92
1756615198573 836.8536376953125 93
1756615198647 844.6397705078125 94
1756615198720 929.4412841796875 95
1756615198793 871.0775756835938 96
1756615198867 710.6640625 97
1756615198940 801.7860717773438 98
1756615199014 788.160400390625 99
1756615199088 955.4454345703125 100
1756615199162 834.5222778320312 101
1756615199235 1117.579345703125 102
1756615199308 760.54638671875 103
1756615199382 761.075439453125 104
1756615199455 1031.0257568359375 105
1756615199528 1064.6322021484375 106
1756615199602 753.2413330078125 107
1756615199676 1056.5849609375 108
1756615199749 998.2882080078125 109
1756615199822 960.3377075195312 110
1756615199895 961.2815551757812 111
1756615199969 854.7190551757812 112
1756615200044 808.0706176757812 113
1756615200118 893.6564331054688 114
1756615200191 1095.765625 115
1756615200264 1019.69189453125 116
1756615200336 1085.5338134765625 117
1756615200409 934.4998168945312 118
1756615200482 745.183349609375 119
1756615200555 925.5899658203125 120
1756615200629 823.8767700195312 121
1756615200703 850.3732299804688 122
1756615200776 1050.103271484375 123
1756615200851 801.053466796875 124
1756615200924 1057.3548583984375 125
1756615200999 856.864013671875 126
1756615201072 1032.9825439453125 127
1756615201147 875.8274536132812 128
1756615201221 889.76513671875 129
1756615201297 778.9515380859375 130
1756615201372 1020.5213012695312 131
1756615201448 795.3644409179688 132
1756615201522 897.295166015625 133
1756615201596 860.4540405273438 134
1756615201670 762.635986328125 135
1756615201745 1079.0693359375 136
1756615201819 781.5132446289062 137
1756615201893 1011.4376220703125 138
1756615201968 682.25048828125 139
1756615202042 917.4666748046875 140
1756615202116 961.558349609375 141
1756615202191 938.7345581054688 142
1756615202265 1085.1573486328125 143
1756615202340 859.1515502929688 144
1756615202414 714.9755249023438 145
1756615202489 983.58544921875 146
1756615202563 892.9071655273438 147
1756615202638 862.56591796875 148
1756615202712 1003.4352416992188 149
1756615202787 747.0803833007812 150
1756615202861 860.3546752929688 151
1756615202938 804.6339721679688 152
1756615203013 859.563232421875 153
1756615203088 831.4735717773438 154
1756615203162 1034.8995361328125 155
1756615203237 914.8170166015625 156
1756615203312 949.0399780273438 157
1756615203386 806.89306640625 158
1756615203461 910.0484008789062 159
1756615203535 878.7456665039062 160
1756615203610 834.49267578125 161
1756615203684 862.3323364257812 162
1756615203759 880.0657958984375 163
1756615203834 827.1425170898438 164
1756615203908 959.1669921875 165
1756615203982 703.4618530273438 166
1756615204057 882.3472290039062 167
1756615204132 915.1697998046875 168
1756615204206 800.5260620117188 169
1756615204281 737.8372192382812 170
1756615204359 918.2347412109375 171
1756615204440 1173.785888671875 172
1756615204514 847.8720092773438 173
1756615204589 1070.8779296875 174
1756615204663 685.260009765625 175
1756615204740 723.9295654296875 176
1756615204814 955.0889282226562 177
1756615204888 624.6915893554688 178
1756615204963 828.1399536132812 179
1756615205039 906.27294921875 180
1756615205114 1024.5849609375 181
1756615205189 847.5833129882812 182
1756615205263 824.3274536132812 183
1756615205338 794.89892578125 184
1756615205413 1061.0511474609375 185
1756615205487 780.7180786132812 186
1756615205562 924.962158203125 187
1756615205637 736.275390625 188
1756615205711 918.3843994140625 189
1756615205786 759.9279174804688 190
1756615205861 831.4642333984375 191
1756615205936 928.1748046875 192
1756615206011 686.7655029296875 193
1756615206086 1046.45703125 194
1756615206161 1079.979248046875 195
1756615206235 708.5452880859375 196
1756615206310 1092.07763671875 197
1756615206385 816.565673828125 198
1756615206461 1014.009521484375 199
1756615206536 756.2236938476562 200
1756615206612 1079.66259765625 201
1756615206687 1011.9253540039062 202
1756615206762 1156.8597412109375 203
1756615206847 932.5590209960938 204
1756615206933 1056.505126953125 205
1756615207012 698.054443359375 206
1756615207085 995.0932006835938 207
1756615207160 1047.3653564453125 208
1756615207234 1052.078369140625 209
1756615207308 703.42529296875 210
1756615207383 746.7683715820312 211
1756615207457 714.7261962890625 212
1756615207531 825.3161010742188 213
1756615207606 838.6668701171875 214
1756615207680 805.1392211914062 215
1756615207754 819.141357421875 216
1756615207828 1000.4962158203125 217
1756615207904 794.511474609375 218
1756615207978 765.3693237304688 219
1756615208052 881.962646484375 220
1756615208126 760.0075073242188 221
1756615208200 839.0319213867188 222
1756615208275 829.685791015625 223
1756615208349 973.26318359375 224
1756615208423 925.788330078125 225
1756615208496 910.5274047851562 226
1756615208570 692.5037231445312 227
1756615208644 877.2560424804688 228
1756615208718 981.9883422851562 229
1756615208792 1017.8602905273438 230
1756615208867 803.5696411132812 231
1756615208940 978.5038452148438 232
1756615209014 812.1656494140625 233
1756615209088 709.022216796875 234
1756615209162 829.8218994140625 235
1756615209236 852.9706420898438 236
1756615209310 899.4283447265625 237
1756615209385 905.6930541992188 238
1756615209461 710.0255126953125 239
1756615209535 942.0515747070312 240
1756615209609 647.1708984375 241
1756615209683 894.5087280273438 242
1756615209758 841.8905029296875 243
1756615209832 1161.046630859375 244
1756615209906 970.5474243164062 245
1756615209980 874.97412109375 246
1756615210059 1112.1195068359375 247
1756615210138 767.7955322265625 248
1756615210211 885.3300170898438 249
1756615210284 814.6845092773438 250
1756615210358 894.2428588867188 251
1756615210432 898.0286254882812 252
1756615210507 738.0444946289062 253
1756615210582 747.8876953125 254
1756615210657 1085.1915283203125 255
1756615210731 991.306640625 256
1756615210806 1176.486572265625 257
1756615210880 898.1087036132812 258
1756615210953 860.3970947265625 259
1756615211027 1159.365234375 260
1756615211102 577.8289794921875 261
1756615211176 1076.690185546875 262
1756615211250 1098.7864990234375 263
1756615211324 955.8551635742188 264
1756615211398 945.0982666015625 265
1756615211471 955.0233154296875 266
1756615211546 952.7741088867188 267
1756615211620 1113.1226806640625 268
1756615211694 967.7916870117188 269
1756615211768 949.2076416015625 270
1756615211842 1130.8424072265625 271
1756615211916 810.5474243164062 272
1756615211990 1025.47705078125 273
1756615212064 1062.3465576171875 274
1756615212139 706.7206420898438 275
1756615212213 1115.0247802734375 276
1756615212288 862.8571166992188 277
1756615212363 786.5895385742188 278
1756615212437 897.6968994140625 279
1756615212511 830.3390502929688 280
1756615212586 846.1719970703125 281
1756615212660 864.2387084960938 282
1756615212735 1131.637451171875 283
1756615212810 1105.6004638671875 284
1756615212884 1022.4891967773438 285
1756615212958 896.45068359375 286
1756615213033 1010.9168090820312 287
1756615213106 951.7678833007812 288
1756615213181 667.4990844726562 289
1756615213256 679.428955078125 290
1756615213331 1143.3094482421875 291
1756615213405 963.1454467773438 292
1756615213479 911.6397094726562 293
1756615213553 864.5051879882812 294
1756615213628 891.0414428710938 295
1756615213702 829.7388916015625 296
1756615213776 708.5418090820312 297
1756615213850 793.0988159179688 298
1756615213924 998.4295043945312 299
1756615222091 2546.732421875 0
1756615222146 2456.861328125 1
1756615222200 2354.364501953125 2
1756615222251 2310.289306640625 3
1756615222302 2096.0859375 4
1756615222353 2127.292236328125 5
1756615222404 1926.093505859375 6
1756615222455 1934.8662109375 7
1756615222507 1671.4305419921875 8
1756615222558 1383.269287109375 9
1756615222609 1546.2259521484375 10
1756615222661 1298.49365234375 11
1756615222722 1270.1795654296875 12
1756615222774 1257.954833984375 13
1756615222825 720.2860717773438 14
1756615222877 1297.9822998046875 15
1756615222928 1214.531005859375 16
1756615222979 1253.14892578125 17
1756615223031 1124.533935546875 18
1756615223083 1149.9578857421875 19
1756615223135 1299.2255859375 20
1756615223190 1188.67724609375 21
1756615223251 1279.89013671875 22
1756615223358 1043.4688720703125 23
1756615223416 907.7556762695312 24
1756615223477 1098.8892822265625 25
1756615223536 1349.6427001953125 26
1756615223594 1307.541748046875 27
1756615223646 1016.9012451171875 28
1756615223698 1060.534423828125 29
1756615223750 1171.5618896484375 30
1756615223807 1062.398193359375 31
1756615223861 1167.8341064453125 32
1756615223914 1182.00927734375 33
1756615223972 1022.0457153320312 34
1756615224031 1118.474609375 35
1756615224089 1134.171630859375 36
1756615224148 1183.860107421875 37
1756615224204 1119.3895263671875 38
1756615224263 993.2595825195312 39
1756615224318 1102.1329345703125 40
1756615224371 1226.8028564453125 41
1756615224424 1212.5291748046875 42
1756615224480 1280.273681640625 43
1756615224537 1281.1240234375 44
1756615224591 1086.8857421875 45
1756615224644 1191.4388427734375 46
1756615224701 1141.6231689453125 47
1756615224758 1196.094482421875 48
1756615224813 1138.90380859375 49
1756615224867 1025.56982421875 50
1756615224923 861.2418823242188 51
1756615224974 1240.54736328125 52
1756615225029 965.02783203125 53
1756615225086 1034.010498046875 54
1756615225143 1024.6766357421875 55
1756615225197 1239.8226318359375 56
1756615225249 1218.8343505859375 57
1756615225300 1090.135009765625 58
1756615225371 1372.2646484375 59
1756615225437 1198.39453125 60
1756615225495 1105.2618408203125 61
1756615225547 1156.3663330078125 62
1756615225600 1041.62939453125 63
1756615225656 1238.074951171875 64
1756615225709 1395.426025390625 65
1756615225760 1118.510498046875 66
1756615225811 1190.6876220703125 67
1756615225862 1119.599609375 68
1756615225913 1233.27978515625 69
1756615225965 1113.1595458984375 70
1756615226016 1130.089111328125 71
1756615226068 1064.8399658203125 72
1756615226119 1348.941162109375 73
1756615226170 1243.813720703125 74
1756615226221 1125.1387939453125 75
1756615226273 979.7324829101562 76
1756615226329 973.1572875976562 77
1756615226383 1233.7379150390625 78
1756615226435 1061.88671875 79
1756615226487 1221.0108642578125 80
1756615226541 894.0366821289062 81
1756615226594 1159.818359375 82
1756615226646 936.1060791015625 83
1756615226702 1250.96728515625 84
1756615226755 1164.9871826171875 85
1756615226808 1081.598876953125 86
1756615226859 1302.0567626953125 87
1756615226911 946.4661254882812 88
1756615226963 1072.459716796875 89
1756615227015 1293.1143798828125 90
1756615227066 1161.96142578125 91
1756615227118 1234.4193115234375 92
1756615227170 1364.1732177734375 93
1756615227222 1214.994873046875 94
1756615227274 1064.14453125 95
1756615227327 1088.8380126953125 96
1756615227379 975.4912719726562 97
1756615227431 1118.9154052734375 98
1756615227483 1079.9964599609375 99
1756615227535 1203.91650390625 100
1756615227588 1104.0498046875 101
1756615227641 1185.3350830078125 102
1756615227693 1081.1453857421875 103
1756615227745 955.228271484375 104
1756615227797 1209.9708251953125 105
1756615227849 832.763916015625 106
1756615227901 1077.6287841796875 107
1756615227953 1299.4293212890625 108
1756615228006 1151.0946044921875 109
1756615228058 1256.7777099609375 110
1756615228110 913.865478515625 111
1756615228162 1169.4365234375 112
1756615228214 904.3648071289062 113
1756615228267 1163.050048828125 114
1756615228319 1182.0499267578125 115
1756615228371 1178.275390625 116
1756615228424 819.5105590820312 117
1756615228476 1083.4761962890625 118
1756615228529 1406.04833984375 119
1756615228581 1066.8992919921875 120
1756615228637 1132.4769287109375 121
1756615228688 1124.8328857421875 122
1756615228739 1024.6910400390625 123
1756615228790 1369.1739501953125 124
1756615228841 940.2484741210938 125
1756615228893 969.4293212890625 126
1756615228944 1117.5438232421875 127
1756615228994 1311.62744140625 128
1756615229046 1072.8837890625 129
1756615229098 1011.9739379882812 130
1756615229149 1214.359375 131
1756615229201 1016.5322875976562 132
1756615229251 992.426513671875 133
1756615229303 1124.73193359375 134
1756615229355 1173.8101806640625 135
1756615229407 1120.711181640625 136
1756615229458 1069.33642578125 137
1756615229510 1246.47802734375 138
1756615229566 1120.851806640625 139
1756615229619 1165.85498046875 140
1756615229671 918.4178466796875 141
1756615229723 1082.77978515625 142
1756615229775 1176.300048828125 143
1756615229826 1127.608154296875 144
1756615229878 1198.713623046875 145
1756615229930 1128.4478759765625 146
1756615229983 1313.559326171875 147
1756615230035 1268.2655029296875 148
1756615230087 1158.6634521484375 149
1756615230139 1276.469482421875 150
1756615230191 1086.8692626953125 151
1756615230246 1359.483642578125 152
1756615230305 1051.9013671875 153
1756615230357 870.5140380859375 154
1756615230409 1064.4139404296875 155
1756615230461 1123.1629638671875 156
1756615230513 1088.2890625 157
1756615230565 958.80224609375 158
1756615230617 1221.6033935546875 159
1756615230669 1144.4578857421875 160
1756615230721 1063.514404296875 161
1756615230773 1016.9630737304688 162
1756615230826 1059.39501953125 163
1756615230878 1053.4365234375 164
1756615230930 904.5578002929688 165
1756615230983 1149.6177978515625 166
1756615231035 1095.14990234375 167
1756615231087 1023.998291015625 168
1756615231139 1167.6107177734375 169
1756615231192 1100.8839111328125 170
1756615231244 1069.71142578125 171
1756615231296 1085.5498046875 172
1756615231349 963.1619262695312 173
1756615231401 1087.757080078125 174
1756615231454 1368.4173583984375 175
1756615231506 1264.4930419921875 176
1756615231558 1426.6494140625 177
1756615231611 1039.9635009765625 178
1756615231663 1066.2164306640625 179
1756615231716 1065.201904296875 180
1756615231768 1332.820556640625 181
1756615231820 989.94580078125 182
1756615231873 1192.545166015625 183
1756615231925 1153.1409912109375 184
1756615231977 851.8168334960938 185
1756615232030 1105.627197265625 186
1756615232082 1149.024658203125 187
1756615232134 1166.02783203125 188
1756615232187 1307.0489501953125 189
1756615232240 997.741455078125 190
1756615232293 1031.7642822265625 191
1756615232347 1266.9393310546875 192
1756615232398 1324.49658203125 193
1756615232449 1078.8302001953125 194
1756615232500 1010.647216796875 195
1756615232551 939.88818359375 196
1756615232603 1023.6300659179688 197
1756615232654 1087.958740234375 198
1756615232706 1026.842529296875 199
1756615232757 1333.7933349609375 200
1756615232809 1380.143310546875 201
1756615232860 965.0382080078125 202
1756615232912 1142.6593017578125 203
1756615232963 1032.6141357421875 204
1756615233014 1280.727783203125 205
1756615233066 1102.1002197265625 206
1756615233117 1022.9263916015625 207
1756615233168 1120.5789794921875 208
1756615233219 970.186279296875 209
1756615233270 1138.5736083984375 210
1756615233322 1249.1988525390625 211
1756615233373 1139.8756103515625 212
1756615233425 1176.1683349609375 213
1756615233476 1234.625244140625 214
1756615233527 1166.7757568359375 215
1756615233578 1266.8160400390625 216
1756615233630 1042.46337890625 217
1756615233681 1098.153076171875 218
1756615233733 1270.1165771484375 219
1756615233784 1261.078125 220
1756615233835 1161.344482421875 221
1756615233887 1206.5145263671875 222
1756615233938 1016.9032592773438 223
1756615233991 954.7914428710938 224
1756615234046 1183.816162109375 225
1756615234099 930.5001831054688 226
1756615234151 1028.2843017578125 227
1756615234202 1229.450439453125 228
1756615234254 1139.42041015625 229
1756615234305 1098.021484375 230
1756615234357 957.1799926757812 231
1756615234408 1326.580810546875 232
1756615234463 1090.5430908203125 233
1756615234515 1267.1402587890625 234
1756615234567 1333.8507080078125 235
1756615234619 1083.0986328125 236
1756615234671 1017.6265258789062 237
1756615234724 1177.068603515625 238
1756615234777 1255.98828125 239
1756615234829 1203.0906982421875 240
1756615234880 924.10205078125 241
1756615234932 1210.9932861328125 242
1756615234984 1236.984130859375 243
1756615235037 1003.5081787109375 244
1756615235089 1163.1383056640625 245
1756615235141 1189.78955078125 246
1756615235194 1059.3858642578125 247
1756615235245 1175.275146484375 248
1756615235297 1005.9412841796875 249
1756615235348 1276.8096923828125 250
1756615235400 1038.3551025390625 251
1756615235451 1153.5247802734375 252
1756615235503 1244.363525390625 253
1756615235554 1273.9549560546875 254
1756615235606 1389.8011474609375 255
1756615235660 1172.1285400390625 256
1756615235711 1184.4891357421875 257
1756615235763 1082.2369384765625 258
1756615235814 953.7762451171875 259
1756615235866 980.2802124023438 260
1756615235918 1018.802734375 261
1756615235973 1079.1075439453125 262
1756615236024 1236.7596435546875 263
1756615236076 1031.6148681640625 264
1756615236127 990.191650390625 265
1756615236178 1053.24267578125 266
1756615236229 1020.9437255859375 267
1756615236281 1313.3458251953125 268
1756615236332 983.4867553710938 269
1756615236384 895.3294677734375 270
1756615236435 1365.09716796875 271
1756615236486 1092.59326171875 272
1756615236537 1285.2762451171875 273
1756615236593 1160.02001953125 274
1756615236645 1090.24609375 275
1756615236696 1063.42822265625 276
1756615236752 1045.180908203125 277
1756615236804 1135.731201171875 278
1756615236857 1355.8531494140625 279
1756615236909 1249.0980224609375 280
1756615236961 1192.9639892578125 281
1756615237012 1379.570556640625 282
1756615237065 992.3917846679688 283
1756615237117 1380.9344482421875 284
1756615237169 1188.6273193359375 285
1756615237220 998.063232421875 286
1756615237272 1555.4677734375 287
1756615237323 1153.077880859375 288
1756615237375 1171.939208984375 289
1756615237431 1061.4049072265625 290
1756615237488 779.5596923828125 291
1756615237545 1041.006591796875 292
1756615237598 1160.7418212890625 293
1756615237656 1230.143310546875 294
1756615237707 1367.9693603515625 295
1756615237759 1392.3082275390625 296
1756615237811 1090.727783203125 297
1756615237866 1039.44775390625 298
1756615237917 1066.7296142578125 299
1756615246068 2464.14306640625 0
1756615246119 2228.689453125 1
1756615246180 2090.024169921875 2
1756615246245 1752.3870849609375 3
1756615246310 1431.7894287109375 4
1756615246378 1236.5184326171875 5
1756615246429 1322.1474609375 6
1756615246480 1221.4063720703125 7
1756615246533 1275.2354736328125 8
1756615246584 1249.00927734375 9
1756615246635 1267.512939453125 10
1756615246686 1081.9912109375 11
1756615246737 1368.0479736328125 12
1756615246788 1353.651611328125 13
1756615246839 998.2247924804688 14
1756615246891 1163.056640625 15
1756615246942 1075.3875732421875 16
1756615246994 1125.90478515625 17
1756615247045 1180.33544921875 18
1756615247096 1202.1383056640625 19
1756615247148 1183.1380615234375 20
1756615247204 1122.4825439453125 21
1756615247278 967.8489990234375 22
1756615247356 1061.6090087890625 23
1756615247420 1208.1297607421875 24
1756615247485 1132.9521484375 25
1756615247547 1167.474609375 26
1756615247608 1088.1485595703125 27
1756615247669 1064.499755859375 28
1756615247730 1201.4783935546875 29
1756615247791 1125.2547607421875 30
1756615247850 1249.476806640625 31
1756615247908 1341.963623046875 32
1756615247968 1043.3172607421875 33
1756615248029 1098.1610107421875 34
1756615248094 1136.8646240234375 35
1756615248151 1080.9720458984375 36
1756615248211 1220.1802978515625 37
1756615248269 1270.60302734375 38
1756615248331 1258.1556396484375 39
1756615248408 872.8912963867188 40
1756615248465 851.2735595703125 41
1756615248522 1191.5606689453125 42
1756615248581 1090.4052734375 43
1756615248638 1119.475341796875 44
1756615248694 1104.025634765625 45
1756615248749 1200.1943359375 46
1756615248805 1092.088623046875 47
1756615248861 1272.3338623046875 48
1756615248916 1427.125 49
1756615248972 1286.01416015625 50
1756615249022 1174.00341796875 51
1756615249077 1068.6038818359375 52
1756615249130 1311.783935546875 53
1756615249181 1062.6229248046875 54
1756615249232 1209.2349853515625 55
1756615249283 1119.700927734375 56
1756615249335 1225.9521484375 57
1756615249387 994.8475952148438 58
1756615249438 1113.611328125 59
1756615249490 955.1005249023438 60
1756615249543 946.7578125 61
1756615249594 1233.602783203125 62
1756615249646 1149.499755859375 63
1756615249697 1222.3656005859375 64
1756615249749 1260.0794677734375 65
1756615249801 1026.9140625 66
1756615249852 1271.8768310546875 67
1756615249904 1424.43603515625 68
1756615249955 1073.2232666015625 69
1756615250006 970.7424926757812 70
1756615250058 1228.9639892578125 71
1756615250109 1166.7421875 72
1756615250161 921.3980712890625 73
1756615250212 1107.975341796875 74
1756615250263 1126.9483642578125 75
1756615250315 871.8450927734375 76
1756615250366 1245.3316650390625 77
1756615250417 1386.85693359375 78
1756615250468 1007.8853759765625 79
1756615250521 986.6407470703125 80
1756615250572 1062.224365234375 81
1756615250624 973.3956909179688 82
1756615250676 1211.4510498046875 83
1756615250727 1030.8253173828125 84
1756615250779 1034.3323974609375 85
1756615250831 1131.04833984375 86
1756615250883 1195.5828857421875 87
1756615250935 1108.3311767578125 88
1756615250987 996.4024658203125 89
1756615251040 1094.682861328125 90
1756615251092 1035.7138671875 91
1756615251145 1190.666748046875 92
1756615251196 1003.103515625 93
1756615251248 1060.2781982421875 94
1756615251300 991.8480834960938 95
1756615251352 945.837890625 96
1756615251403 1180.294677734375 97
1756615251455 1117.7987060546875 98
1756615251507 1315.3681640625 99
1756615251558 1144.5906982421875 100
1756615251609 1040.53076171875 101
1756615251661 1180.569091796875 102
1756615251712 930.7239990234375 103
1756615251764 1159.4097900390625 104
1756615251815 1141.1607666015625 105
1756615251866 1034.0435791015625 106
1756615251918 1056.5931396484375 107
1756615251969 1079.19580078125 108
1756615252020 1054.674560546875 109
1756615252071 996.1609497070312 110
1756615252122 1219.9537353515625 111
1756615252173 1135.6597900390625 112
1756615252224 1312.019287109375 113
1756615252275 1247.631591796875 114
1756615252327 1070.7059326171875 115
1756615252378 948.49658203125 116
1756615252429 1019.9376831054688 117
1756615252481 1025.762939453125 118
1756615252533 1183.9844970703125 119
1756615252585 860.0657958984375 120
1756615252637 1314.7169189453125 121
1756615252691 1153.5406494140625 122
1756615252742 1021.3580322265625 123
1756615252794 1090.600830078125 124
1756615252846 967.6483154296875 125
1756615252898 1324.3670654296875 126
1756615252949 969.8897094726562 127
1756615253000 1192.22998046875 128
1756615253053 1031.7894287109375 129
1756615253104 1172.1939697265625 130
1756615253155 1034.1966552734375 131
1756615253206 1073.728759765625 132
1756615253264 1082.897216796875 133
1756615253324 1077.895751953125 134
1756615253375 969.2225952148438 135
1756615253426 901.4710083007812 136
1756615253477 1188.00390625 137
1756615253527 1190.4713134765625 138
1756615253578 1021.2010498046875 139
1756615253629 1030.3544921875 140
1756615253680 1135.9732666015625 141
1756615253731 1195.880615234375 142
1756615253783 937.24755859375 143
1756615253838 1224.1177978515625 144
1756615253892 1006.2032470703125 145
1756615253943 1125.552734375 146
1756615253993 1132.0877685546875 147
1756615254045 1179.8299560546875 148
1756615254096 1130.6959228515625 149
1756615254147 1018.9977416992188 150
1756615254198 1310.6385498046875 151
1756615254250 1072.062744140625 152
1756615254301 1266.1329345703125 153
1756615254354 818.9743041992188 154
1756615254412 1012.71630859375 155
1756615254468 983.9916381835938 156
1756615254523 1222.4820556640625 157
1756615254575 1052.6688232421875 158
1756615254626 1230.0618896484375 159
1756615254682 1024.1068115234375 160
1756615254733 1062.06640625 161
1756615254784 915.1701049804688 162
1756615254835 945.55908203125 163
1756615254886 886.80908203125 164
1756615254938 1328.408203125 165
1756615254991 1111.14794921875 166
1756615255044 968.2404174804688 167
1756615255096 1132.536865234375 168
1756615255148 1395.180908203125 169
1756615255200 1346.6141357421875 170
1756615255252 1195.81494140625 171
1756615255303 1393.2705078125 172
1756615255355 961.3081665039062 173
1756615255406 1031.04833984375 174
1756615255458 1311.8944091796875 175
1756615255509 1118.2030029296875 176
1756615255565 1077.240478515625 177
1756615255617 996.6171875 178
1756615255668 1041.65625 179
1756615255719 930.8795166015625 180
1756615255774 1339.8641357421875 181
1756615255826 1428.008056640625 182
1756615255877 1225.555908203125 183
1756615255928 1009.8488159179688 184
1756615255979 1204.3175048828125 185
1756615256030 1013.001708984375 186
1756615256081 1053.531982421875 187
1756615256135 1093.76171875 188
1756615256186 1084.4361572265625 189
1756615256238 1298.22802734375 190
1756615256288 872.3517456054688 191
1756615256340 1019.2493286132812 192
1756615256391 983.4977416992188 193
1756615256442 1137.453857421875 194
1756615256493 1187.082275390625 195
1756615256544 1236.8616943359375 196
1756615256595 1008.2800903320312 197
1756615256647 983.4467163085938 198
1756615256698 1200.3299560546875 199
1756615256749 910.6235961914062 200
1756615256800 1212.23583984375 201
1756615256851 1333.7528076171875 202
1756615256902 1183.28759765625 203
1756615256953 1108.8885498046875 204
1756615257004 1060.92578125 205
1756615257056 995.2448120117188 206
1756615257108 1134.002685546875 207
1756615257159 930.025390625 208
1756615257210 1000.4439086914062 209
1756615257261 1141.461181640625 210
1756615257312 1102.522216796875 211
1756615257364 1397.2156982421875 212
1756615257415 1157.195068359375 213
1756615257466 1227.281494140625 214
1756615257518 1172.4351806640625 215
1756615257570 1235.471435546875 216
1756615257622 1071.0128173828125 217
1756615257673 1077.9388427734375 218
1756615257725 1196.7999267578125 219
1756615257776 1175.1455078125 220
1756615257829 1268.2225341796875 221
1756615257881 1189.300537109375 222
1756615257933 1212.5830078125 223
1756615257985 993.7244873046875 224
1756615258038 1090.6304931640625 225
1756615258090 1090.7301025390625 226
1756615258142 1008.2678833007812 227
1756615258193 1219.6669921875 228
1756615258244 1081.0946044921875 229
1756615258296 1018.9730834960938 230
1756615258348 974.9878540039062 231
1756615258400 1333.0523681640625 232
1756615258452 1223.6187744140625 233
1756615258503 877.400390625 234
1756615258555 1323.041748046875 235
1756615258607 1075.337158203125 236
1756615258659 1037.1141357421875 237
1756615258711 998.751708984375 238
1756615258762 1092.7423095703125 239
1756615258814 913.0095825195312 240
1756615258866 1405.6851806640625 241
1756615258918 1221.2921142578125 242
1756615258970 1307.7047119140625 243
1756615259021 1121.133056640625 244
1756615259074 1152.6251220703125 245
1756615259127 977.736083984375 246
1756615259178 1125.19873046875 247
1756615259230 934.5519409179688 248
1756615259281 1196.0128173828125 249
1756615259333 1164.53564453125 250
1756615259385 1216.79541015625 251
1756615259437 1217.0894775390625 252
1756615259488 1023.68701171875 253
1756615259540 1268.2025146484375 254
1756615259592 1252.28271484375 255
1756615259645 1145.8455810546875 256
1756615259702 990.3115844726562 257
1756615259760 1001.99267578125 258
1756615259816 1148.779052734375 259
1756615259868 911.7789916992188 260
1756615259919 1082.6802978515625 261
1756615259972 1344.59228515625 262
1756615260025 1123.6148681640625 263
1756615260087 1188.8349609375 264
1756615260145 1090.721435546875 265
1756615260198 1176.2108154296875 266
1756615260251 1204.36328125 267
1756615260304 1098.0474853515625 268
1756615260357 1117.096923828125 269
1756615260410 1256.05419921875 270
1756615260463 1038.9649658203125 271
1756615260515 1073.422119140625 272
1756615260568 1080.4791259765625 273
1756615260628 1160.945556640625 274
1756615260682 1054.158203125 275
1756615260734 1191.9024658203125 276
1756615260785 1206.552490234375 277
1756615260837 1029.49853515625 278
1756615260889 1132.7496337890625 279
1756615260941 1046.8251953125 280
1756615260993 1211.9656982421875 281
1756615261045 1252.9503173828125 282
1756615261096 1248.7164306640625 283
1756615261148 1160.2388916015625 284
1756615261200 1377.00927734375 285
1756615261251 1289.3756103515625 286
1756615261303 1139.0023193359375 287
1756615261355 1095.4521484375 288
1756615261406 980.4263916015625 289
1756615261458 1072.1243896484375 290
1756615261509 1158.7210693359375 291
1756615261562 1007.94580078125 292
1756615261613 1243.538818359375 293
1756615261664 988.6702880859375 294
1756615261716 1004.634765625 295
1756615261767 1186.8922119140625 296
1756615261819 978.5232543945312 297
1756615261871 962.0965576171875 298
1756615261923 1023.42138671875 299
1756615270071 2532.185546875 0
1756615270125 2306.12109375 1
1756615270183 2035.7392578125 2
1756615270236 1697.0504150390625 3
1756615270289 1526.1622314453125 4
1756615270343 1242.3603515625 5
1756615270395 1249.7264404296875 6
1756615270449 1144.0059814453125 7
1756615270503 1080.2237548828125 8
1756615270557 1472.693359375 9
1756615270611 1008.5006713867188 10
1756615270665 877.49462890625 11
1756615270722 1049.367431640625 12
1756615270775 1070.2325439453125 13
1756615270828 956.9010009765625 14
1756615270882 1103.0408935546875 15
1756615270935 917.6822509765625 16
1756615270988 1102.1700439453125 17
1756615271041 936.322265625 18
1756615271097 948.1131591796875 19
1756615271153 1118.819580078125 20
1756615271220 1156.3934326171875 21
1756615271327 778.7400512695312 22
1756615271397 966.1304321289062 23
1756615271458 836.702392578125 24
1756615271518 1039.63427734375 25
1756615271576 850.3465576171875 26
1756615271641 923.3512573242188 27
1756615271697 873.6709594726562 28
1756615271754 1048.709228515625 29
1756615271812 947.4431762695312 30
1756615271869 1009.9450073242188 31
1756615271926 888.6148071289062 32
1756615271988 808.999267578125 33
1756615272048 1009.0911254882812 34
1756615272108 965.0532836914062 35
1756615272163 1078.4195556640625 36
1756615272219 1044.2562255859375 37
1756615272277 1077.13916015625 38
1756615272358 1053.95947265625 39
1756615272416 909.84130859375 40
1756615272474 1319.460693359375 41
1756615272532 982.99560546875 42
1756615272585 963.9244384765625 43
1756615272638 961.7904663085938 44
1756615272692 916.308837890625 45
1756615272745 823.6295166015625 46
1756615272797 1214.1728515625 47
1756615272851 940.3951416015625 48
1756615272907 965.287109375 49
1756615272966 899.8062133789062 50
1756615273025 924.1234130859375 51
1756615273086 1015.12451171875 52
1756615273144 1030.9327392578125 53
1756615273197 1130.8250732421875 54
1756615273249 939.68408203125 55
1756615273302 928.003173828125 56
1756615273356 984.2683715820312 57
1756615273409 925.25244140625 58
1756615273466 1098.49609375 59
1756615273520 1080.83154296875 60
1756615273577 929.43310546875 61
1756615273631 969.3843383789062 62
1756615273684 1021.881591796875 63
1756615273737 911.013916015625 64
1756615273790 950.0265502929688 65
1756615273843 914.0120239257812 66
1756615273896 1097.283935546875 67
1756615273949 886.8477172851562 68
1756615274002 851.00537109375 69
1756615274055 1045.8310546875 70
1756615274108 1055.3736572265625 71
1756615274161 978.5751342773438 72
1756615274215 895.1234130859375 73
1756615274269 915.5291137695312 74
1756615274322 877.3228759765625 75
1756615274375 875.3765258789062 76
1756615274429 1045.747314453125 77
1756615274482 1160.1302490234375 78
1756615274536 886.154541015625 79
1756615274589 905.6339721679688 80
1756615274643 1125.1922607421875 81
1756615274696 872.6329956054688 82
1756615274749 921.248291015625 83
1756615274803 1065.7271728515625 84
1756615274859 973.348388671875 85
1756615274913 780.2394409179688 86
1756615274967 943.7836303710938 87
1756615275020 1065.7200927734375 88
1756615275074 874.5380249023438 89
1756615275127 909.4041748046875 90
1756615275182 984.2445678710938 91
1756615275235 1112.9732666015625 92
1756615275293 981.8052368164062 93
1756615275351 904.0621337890625 94
1756615275406 857.2515869140625 95
1756615275459 891.7412719726562 96
1756615275512 1071.093505859375 97
1756615275566 1158.41748046875 98
1756615275619 1013.8362426757812 99
1756615275672 880.52880859375 100
1756615275726 737.72607421875 101
1756615275780 739.7575073242188 102
1756615275833 866.1376342773438 103
1756615275886 1069.9632568359375 104
1756615275939 998.1432495117188 105
1756615275992 1055.593017578125 106
1756615276048 1054.890869140625 107
1756615276100 949.8436279296875 108
1756615276156 1053.0325927734375 109
1756615276210 983.9879760742188 110
1756615276264 991.6055297851562 111
1756615276317 909.6243286132812 112
1756615276370 1200.5543212890625 113
1756615276424 1001.857666015625 114
1756615276505 1067.5230712890625 115
1756615276558 717.3722534179688 116
1756615276612 965.29736328125 117
1756615276665 795.0730590820312 118
1756615276718 982.4456176757812 119
1756615276774 957.2683715820312 120
1756615276831 897.886474609375 121
1756615276884 977.3915405273438 122
1756615276937 895.698974609375 123
1756615276991 963.7349243164062 124
1756615277044 943.0029296875 125
1756615277098 820.9583740234375 126
1756615277151 1073.42431640625 127
1756615277204 996.8414916992188 128
1756615277256 955.2255249023438 129
1756615277310 988.8596801757812 130
1756615277363 826.3648071289062 131
1756615277416 783.635498046875 132
1756615277468 953.3539428710938 133
1756615277521 1084.8670654296875 134
1756615277575 1044.0001220703125 135
1756615277628 911.501708984375 136
1756615277682 844.4747924804688 137
1756615277739 1084.1663818359375 138
1756615277793 1160.9822998046875 139
1756615277848 738.3937377929688 140
1756615277902 1087.673583984375 141
1756615277957 789.832275390625 142
1756615278011 892.4137573242188 143
1756615278065 918.1748657226562 144
1756615278118 1168.8077392578125 145
1756615278173 906.8611450195312 146
1756615278227 868.3352661132812 147
1756615278282 967.0382080078125 148
1756615278336 902.9092407226562 149
1756615278391 794.5432739257812 150
1756615278446 1099.17333984375 151
1756615278500 1105.97021484375 152
1756615278555 1214.458984375 153
1756615278610 1159.583984375 154
1756615278664 790.3017578125 155
1756615278719 891.6691284179688 156
1756615278773 1090.275634765625 157
1756615278828 995.7626342773438 158
1756615278882 880.22412109375 159
1756615278937 951.1203002929688 160
1756615278990 874.4500122070312 161
1756615279044 999.0852661132812 162
1756615279097 1274.3948974609375 163
1756615279151 1165.45458984375 164
1756615279204 730.353515625 165
1756615279258 758.7096557617188 166
1756615279311 936.1140747070312 167
1756615279364 912.4484252929688 168
1756615279417 813.548095703125 169
1756615279471 1051.6416015625 170
1756615279523 1127.7093505859375 171
1756615279576 1279.4208984375 172
1756615279632 1113.943115234375 173
1756615279687 1068.8404541015625 174
1756615279740 953.8814086914062 175
1756615279794 1136.1722412109375 176
1756615279848 1054.37109375 177
1756615279902 796.6840209960938 178
1756615279955 1251.180908203125 179
1756615280009 1023.6223754882812 180
1756615280062 998.8698120117188 181
1756615280117 1137.2044677734375 182
1756615280172 952.8251342773438 183
1756615280225 864.9678344726562 184
1756615280283 1031.4749755859375 185
1756615280337 1203.6424560546875 186
1756615280391 1174.5023193359375 187
1756615280445 999.72900390625 188
1756615280498 1194.3564453125 189
1756615280552 739.02294921875 190
1756615280606 1124.8565673828125 191
1756615280659 1084.11767578125 192
1756615280713 1023.8506469726562 193
1756615280766 924.3472290039062 194
1756615280820 989.1180419921875 195
1756615280875 1044.582275390625 196
1756615280929 1121.5615234375 197
1756615280982 986.6129760742188 198
1756615281035 948.0453491210938 199
1756615281090 700.2069702148438 200
1756615281143 988.52783203125 201
1756615281196 894.764892578125 202
1756615281250 890.8196411132812 203
1756615281303 916.1630249023438 204
1756615281357 750.468505859375 205
1756615281411 890.7588500976562 206
1756615281464 930.7338256835938 207
1756615281519 1200.69580078125 208
1756615281576 1018.2110595703125 209
1756615281631 1100.6207275390625 210
1756615281685 855.09912109375 211
1756615281738 851.134765625 212
1756615281791 927.579345703125 213
1756615281849 1124.0052490234375 214
1756615281906 966.7564697265625 215
1756615281963 956.5630493164062 216
1756615282020 960.8217163085938 217
1756615282078 968.2457885742188 218
1756615282135 1006.6775512695312 219
1756615282192 688.529296875 220
1756615282250 922.24755859375 221
1756615282307 801.0527954101562 222
1756615282365 1074.3846435546875 223
1756615282423 1225.6611328125 224
1756615282480 1150.0302734375 225
1756615282532 893.3170166015625 226
1756615282592 1062.40087890625 227
1756615282647 776.6154174804688 228
1756615282701 933.3243408203125 229
1756615282757 792.4810791015625 230
1756615282812 1172.648681640625 231
1756615282866 947.150146484375 232
1756615282919 1026.88134765625 233
1756615282971 1063.5860595703125 234
1756615283024 944.5729370117188 235
1756615283077 959.7140502929688 236
1756615283131 1065.245849609375 237
1756615283183 794.6157836914062 238
1756615283237 958.2982177734375 239
1756615283289 949.3954467773438 240
1756615283343 786.5588989257812 241
1756615283396 792.5923461914062 242
1756615283448 802.7539672851562 243
1756615283501 1094.4525146484375 244
1756615283554 940.1661987304688 245
1756615283608 922.198974609375 246
1756615283664 944.5029296875 247
1756615283717 937.8084716796875 248
1756615283769 999.2955322265625 249
1756615283822 955.920654296875 250
1756615283875 849.904541015625 251
1756615283927 1036.6009521484375 252
1756615283980 919.7923583984375 253
1756615284033 1253.80615234375 254
1756615284088 950.4071655273438 255
1756615284167 671.4735717773438 256
1756615284219 1189.2205810546875 257
1756615284272 698.84326171875 258
1756615284326 745.7216796875 259
1756615284379 916.7133178710938 260
1756615284431 1015.7484741210938 261
1756615284485 1048.739501953125 262
1756615284538 966.9192504882812 263
1756615284592 1003.2367553710938 264
1756615284644 1064.375 265
1756615284698 1088.493896484375 266
1756615284751 794.6353759765625 267
1756615284805 853.1253662109375 268
1756615284858 846.1124877929688 269
1756615284910 1057.7322998046875 270
1756615284963 1092.9935302734375 271
1756615285016 819.4361572265625 272
1756615285070 1117.6898193359375 273
1756615285123 801.8908081054688 274
1756615285176 1246.642333984375 275
1756615285231 829.1932373046875 276
1756615285285 1136.555419921875 277
1756615285344 794.5489501953125 278
1756615285399 1082.677978515625 279
1756615285452 923.326416015625 280
1756615285505 942.745849609375 281
1756615285559 921.868408203125 282
1756615285612 1129.70703125 283
1756615285666 1014.2616577148438 284
1756615285718 1311.8531494140625 285
1756615285772 852.24658203125 286
1756615285826 777.8824462890625 287
1756615285879 1010.345458984375 288
1756615285933 934.620849609375 289
1756615285987 923.9081420898438 290
1756615286041 774.1614990234375 291
1756615286094 996.3798217773438 292
1756615286146 1078.9365234375 293
1756615286200 848.4971923828125 294
1756615286252 835.3255615234375 295
1756615286305 1202.372314453125 296
1756615286358 1033.2530517578125 297
1756615286412 925.612548828125 298
1756615286466 761.1204833984375 299
1756615294625 2444.311279296875 0
1756615294692 2101.26025390625 1
1756615294791 1906.0308837890625 2
1756615294855 1357.6112060546875 3
1756615294914 1112.338623046875 4
1756615294976 1158.375244140625 5
1756615295030 938.38232421875 6
1756615295084 1251.7822265625 7
1756615295141 925.8612670898438 8
1756615295194 1250.8011474609375 9
1756615295249 1153.6282958984375 10
1756615295307 1171.5555419921875 11
1756615295368 1090.081298828125 12
1756615295427 1027.601806640625 13
1756615295488 868.3928833007812 14
1756615295551 892.4532470703125 15
1756615295605 1019.8934326171875 16
1756615295667 939.8557739257812 17
1756615295730 882.9579467773438 18
1756615295799 937.8806762695312 19
1756615295878 1058.133056640625 20
1756615295939 794.2073364257812 21
1756615296000 800.5888671875 22
1756615296056 981.2588500976562 23
1756615296110 963.89111328125 24
1756615296164 847.683837890625 25
1756615296218 1005.76806640625 26
1756615296272 1009.9192504882812 27
1756615296327 912.6612548828125 28
1756615296381 734.1673583984375 29
1756615296435 815.7788696289062 30
1756615296489 1114.1763916015625 31
1756615296543 750.6798095703125 32
1756615296597 1083.497314453125 33
1756615296652 987.5772705078125 34
1756615296706 859.6803588867188 35
1756615296760 846.8670654296875 36
1756615296814 877.451904296875 37
1756615296869 1129.333251953125 38
1756615296923 725.54345703125 39
1756615296977 724.0914916992188 40
1756615297030 935.8311157226562 41
1756615297084 826.7808837890625 42
1756615297138 790.0579833984375 43
1756615297190 940.7774658203125 44
1756615297243 1024.128173828125 45
1756615297296 893.0097045898438 46
1756615297351 854.2005004882812 47
1756615297404 871.4904174804688 48
1756615297458 923.606201171875 49
1756615297512 1081.328369140625 50
1756615297566 1052.2674560546875 51
1756615297621 993.15966796875 52
1756615297676 995.5562744140625 53
1756615297769 934.5175170898438 54
1756615297854 1001.6119384765625 55
1756615297914 978.9373168945312 56
1756615297967 1029.7083740234375 57
1756615298021 980.5238037109375 58
1756615298074 1041.4488525390625 59
1756615298130 1267.887451171875 60
1756615298183 949.9795532226562 61
1756615298236 961.2142333984375 62
1756615298289 1021.2909545898438 63
1756615298342 1024.6473388671875 64
1756615298396 841.6783447265625 65
1756615298450 1157.262451171875 66
1756615298503 1089.2586669921875 67
1756615298556 757.4158935546875 68
1756615298610 1079.87451171875 69
1756615298664 1164.8330078125 70
1756615298717 1110.8695068359375 71
1756615298770 866.9013671875 72
1756615298823 964.5652465820312 73
1756615298883 1125.341552734375 74
1756615298937 891.8510131835938 75
1756615298992 810.4207153320312 76
1756615299046 854.53173828125 77
1756615299100 915.2513427734375 78
1756615299154 993.316650390625 79
1756615299208 963.0840454101562 80
1756615299262 1051.37646484375 81
1756615299316 961.709716796875 82
1756615299370 937.4913330078125 83
1756615299425 747.10888671875 84
1756615299479 849.659912109375 85
1756615299533 642.4092407226562 86
1756615299590 899.102783203125 87
1756615299644 1063.5452880859375 88
1756615299697 950.763671875 89
1756615299751 904.7715454101562 90
1756615299805 860.0847778320312 91
1756615299858 1092.625 92
1756615299912 1047.4674072265625 93
1756615299965 1063.523681640625 94
1756615300019 1177.13818359375 95
1756615300084 1036.1060791015625 96
1756615300142 999.8695678710938 97
1756615300196 1071.75634765625 98
1756615300252 876.8253173828125 99
1756615300305 846.8765258789062 100
1756615300361 879.3055419921875 101
1756615300413 978.8070678710938 102
1756615300466 756.3623046875 103
1756615300519 1097.1461181640625 104
1756615300573 966.0392456054688 105
1756615300627 1106.1387939453125 106
1756615300680 1049.076904296875 107
1756615300734 1073.9788818359375 108
1756615300787 799.28173828125 109
1756615300848 804.092529296875 110
1756615300901 954.0211791992188 111
1756615300955 1017.39892578125 112
1756615301009 836.3519287109375 113
1756615301064 953.8723754882812 114
1756615301119 783.3007202148438 115
1756615301173 990.9376220703125 116
1756615301226 1020.5142211914062 117
1756615301280 966.1642456054688 118
1756615301333 940.8580322265625 119
1756615301386 731.9857177734375 120
1756615301440 778.70068359375 121
1756615301494 1220.991943359375 122
1756615301547 938.4125366210938 123
1756615301600 860.6652221679688 124
1756615301653 860.9470825195312 125
1756615301708 746.1344604492188 126
1756615301761 940.2064208984375 127
1756615301813 1058.4964599609375 128
1756615301866 1206.099365234375 129
1756615301919 887.1832885742188 130
1756615301972 1037.3759765625 131
1756615302024 1091.5677490234375 132
1756615302078 1015.2657470703125 133
1756615302130 947.5895385742188 134
1756615302184 941.8516845703125 135
1756615302237 957.3086547851562 136
1756615302290 1036.82568359375 137
1756615302343 882.6329956054688 138
1756615302397 1152.1746826171875 139
1756615302451 1002.3097534179688 140
1756615302504 883.6800537109375 141
1756615302557 948.1703491210938 142
1756615302610 815.7272338867188 143
1756615302664 1071.4385986328125 144
1756615302716 1043.9771728515625 145
1756615302774 949.6105346679688 146
1756615302832 859.1964721679688 147
1756615302891 967.3328247070312 148
1756615302949 1075.8052978515625 149
1756615303007 1092.771484375 150
1756615303065 884.8942260742188 151
1756615303120 1205.813720703125 152
1756615303172 914.7133178710938 153
1756615303225 1048.5069580078125 154
1756615303278 960.5093994140625 155
1756615303331 956.9430541992188 156
1756615303383 928.5382080078125 157
1756615303436 933.5720825195312 158
1756615303489 955.56494140625 159
1756615303542 723.3534545898438 160
1756615303595 791.3825073242188 161
1756615303648 930.282470703125 162
1756615303700 695.1002807617188 163
1756615303754 1138.4320068359375 164
1756615303807 875.2133178710938 165
1756615303860 1133.6285400390625 166
1756615303913 906.3407592773438 167
1756615303966 876.3640747070312 168
1756615304019 888.6903076171875 169
1756615304073 1075.73486328125 170
1756615304125 822.0001831054688 171
1756615304178 1081.412353515625 172
1756615304231 899.2168579101562 173
1756615304285 972.2012329101562 174
1756615304342 1037.4566650390625 175
1756615304395 980.8079833984375 176
1756615304451 778.8668823242188 177
1756615304504 1157.2205810546875 178
1756615304557 939.8470458984375 179
1756615304610 842.5887451171875 180
1756615304663 886.746826171875 181
1756615304716 1016.582763671875 182
1756615304769 873.529541015625 183
1756615304822 950.0982666015625 184
1756615304875 1061.8367919921875 185
1756615304928 996.7208862304688 186
1756615304981 758.9324340820312 187
1756615305034 817.6746826171875 188
1756615305088 1126.5089111328125 189
1756615305140 964.4951782226562 190
1756615305193 955.0343627929688 191
1756615305245 901.9013671875 192
1756615305298 850.8989868164062 193
1756615305351 962.7514038085938 194
1756615305404 1167.259033203125 195
1756615305457 966.6515502929688 196
1756615305510 934.6258544921875 197
1756615305563 1034.56640625 198
1756615305616 615.21923828125 199
1756615305669 941.6475830078125 200
1756615305723 876.3864135742188 201
1756615305776 1194.08447265625 202
1756615305830 942.9984130859375 203
1756615305884 884.3383178710938 204
1756615305937 927.4384155273438 205
1756615305991 1085.3641357421875 206
1756615306045 970.1137084960938 207
1756615306100 914.3338012695312 208
1756615306152 778.2962036132812 209
1756615306205 793.8633422851562 210
1756615306259 756.49267578125 211
1756615306311 1115.4266357421875 212
1756615306364 952.9064331054688 213
1756615306418 1006.9329833984375 214
1756615306472 1074.941162109375 215
1756615306526 1007.0144653320312 216
1756615306579 943.6190795898438 217
1756615306633 1163.748291015625 218
1756615306687 909.534423828125 219
1756615306741 997.9434204101562 220
1756615306794 729.9462890625 221
1756615306848 752.3948364257812 222
1756615306902 965.61279296875 223
1756615306955 972.31982421875 224
1756615307009 959.0778198242188 225
1756615307064 1221.71826171875 226
1756615307121 1123.239990234375 227
1756615307174 868.1854248046875 228
1756615307228 998.8438720703125 229
1756615307281 1006.926025390625 230
1756615307334 863.4948120117188 231
1756615307388 1078.6544189453125 232
1756615307442 1020.2286987304688 233
1756615307495 972.5535278320312 234
1756615307549 975.5963745117188 235
1756615307603 1050.63134765625 236
1756615307664 892.2130737304688 237
1756615307717 1008.2753295898438 238
1756615307771 939.3600463867188 239
1756615307824 885.8566284179688 240
1756615307878 1066.057373046875 241
1756615307932 1018.1097412109375 242
1756615307985 879.239013671875 243
1756615308039 1050.53515625 244
1756615308092 848.2608032226562 245
1756615308146 939.57861328125 246
1756615308200 899.6270751953125 247
1756615308253 944.3571166992188 248
1756615308306 828.2044677734375 249
1756615308360 1051.3023681640625 250
1756615308414 850.2384033203125 251
1756615308467 1089.365234375 252
1756615308519 898.8631591796875 253
1756615308572 874.00830078125 254
1756615308625 1024.6527099609375 255
1756615308679 910.793701171875 256
1756615308732 943.1039428710938 257
1756615308785 872.1058959960938 258
1756615308839 1017.4434204101562 259
1756615308892 1133.888916015625 260
1756615308946 1132.14013671875 261
1756615308999 841.4215698242188 262
1756615309052 983.9610595703125 263
1756615309106 794.5274658203125 264
1756615309159 743.949462890625 265
1756615309212 987.3560791015625 266
1756615309265 886.4982299804688 267
1756615309318 1025.7073974609375 268
1756615309372 1051.9814453125 269
1756615309425 923.9230346679688 270
1756615309478 955.1633911132812 271
1756615309531 1015.777587890625 272
1756615309584 803.298583984375 273
1756615309637 1013.3452758789062 274
1756615309691 926.8489990234375 275
1756615309744 1122.619873046875 276
1756615309798 1213.78662109375 277
1756615309851 642.9844360351562 278
1756615309905 1254.700439453125 279
1756615309958 1036.1015625 280
1756615310011 1023.47314453125 281
1756615310066 891.3362426757812 282
1756615310119 829.0364990234375 283
1756615310172 857.3818969726562 284
1756615310226 758.0400390625 285
1756615310279 803.0331420898438 286
1756615310333 910.6693115234375 287
1756615310387 1026.0643310546875 288
1756615310440 918.3711547851562 289
1756615310494 990.402099609375 290
1756615310547 898.21630859375 291
1756615310601 892.4490966796875 292
1756615310655 794.4694213867188 293
1756615310708 893.5067749023438 294
1756615310763 754.4493408203125 295
1756615310816 1017.1694946289062 296
1756615310870 1140.9625244140625 297
1756615310923 927.3357543945312 298
1756615310977 1134.9361572265625 299
1756615319138 2547.256103515625 0
1756615319200 2451.851806640625 1
1756615319265 2302.986328125 2
1756615319323 2203.60693359375 3
1756615319383 1992.2703857421875 4
1756615319442 1798.579833984375 5
1756615319502 1541.23388671875 6
1756615319562 1565.416015625 7
1756615319622 1235.9100341796875 8
1756615319682 836.8004760742188 9
1756615319743 1072.173095703125 10
1756615319803 1283.968017578125 11
1756615319864 1108.9837646484375 12
1756615319925 1044.346923828125 13
1756615319988 1163.771484375 14
1756615320051 992.7435302734375 15
1756615320109 998.7859497070312 16
1756615320167 1101.11474609375 17
1756615320230 861.021728515625 18
1756615320310 1095.49560546875 19
1756615320406 1019.5513916015625 20
1756615320473 827.3128662109375 21
1756615320545 944.7821655273438 22
1756615320609 1071.4490966796875 23
1756615320671 851.4489135742188 24
1756615320733 979.14794921875 25
1756615320798 1006.5856323242188 26
1756615320862 1066.6884765625 27
1756615320924 847.1072387695312 28
1756615320987 984.3123168945312 29
1756615321051 852.69775390625 30
1756615321113 746.8935546875 31
1756615321178 931.58544921875 32
1756615321244 1057.25146484375 33
1756615321331 1018.9894409179688 34
1756615321392 848.7678833007812 35
1756615321453 729.6116943359375 36
1756615321519 1045.0648193359375 37
1756615321580 1147.9715576171875 38
1756615321640 1116.11181640625 39
1756615321701 637.3847045898438 40
1756615321760 793.934326171875 41
1756615321821 701.1649780273438 42
1756615321882 761.535888671875 43
1756615321944 798.0430297851562 44
1756615322002 938.0619506835938 45
1756615322060 885.197265625 46
1756615322121 849.6913452148438 47
1756615322184 870.5171508789062 48
1756615322243 659.5994262695312 49
1756615322303 820.5420532226562 50
1756615322364 1013.7271118164062 51
1756615322422 1003.9310913085938 52
1756615322480 980.907958984375 53
1756615322542 960.4984741210938 54
1756615322601 907.0130615234375 55
1756615322663 992.657958984375 56
1756615322722 763.8203735351562 57
1756615322783 730.2891845703125 58
1756615322843 821.9779052734375 59
1756615322902 815.2620239257812 60
1756615322964 969.9288330078125 61
1756615323023 832.23681640625 62
1756615323081 967.3623657226562 63
1756615323141 933.9224243164062 64
1756615323201 1012.1947631835938 65
1756615323260 835.8717041015625 66
1756615323320 845.3258666992188 67
1756615323379 780.848388671875 68
1756615323441 986.8919677734375 69
1756615323503 1072.8558349609375 70
1756615323564 931.8421630859375 71
1756615323624 871.0779418945312 72
1756615323683 838.9985961914062 73
1756615323741 811.6683959960938 74
1756615323802 702.225830078125 75
1756615323862 744.679443359375 76
1756615323928 815.917236328125 77
1756615323995 781.50146484375 78
1756615324055 998.475341796875 79
1756615324115 1142.4422607421875 80
1756615324173 890.543701171875 81
1756615324233 851.7821044921875 82
1756615324296 1229.0166015625 83
1756615324357 990.9583740234375 84
1756615324416 998.6888427734375 85
1756615324476 1026.47607421875 86
1756615324537 999.8494262695312 87
1756615324599 797.4805908203125 88
1756615324661 1088.473876953125 89
1756615324722 1088.888916015625 90
1756615324786 908.1456909179688 91
1756615324849 966.6547241210938 92
1756615324910 891.7173461914062 93
1756615324970 996.4088745117188 94
1756615325029 864.1980590820312 95
1756615325088 790.7906494140625 96
1756615325148 789.191650390625 97
1756615325209 1093.84033203125 98
1756615325272 932.25830078125 99
1756615325334 842.2355346679688 100
1756615325394 885.9085083007812 101
1756615325454 882.47119140625 102
1756615325516 879.0687866210938 103
1756615325577 1085.109375 104
1756615325638 1026.3365478515625 105
1756615325697 867.43798828125 106
1756615325758 1083.88330078125 107
1756615325819 866.3665161132812 108
1756615325878 800.011962890625 109
1756615325937 1034.7342529296875 110
1756615325998 731.5560302734375 111
1756615326058 853.2637329101562 112
1756615326119 744.8770141601562 113
1756615326181 1196.643798828125 114
1756615326243 902.9730834960938 115
1756615326305 963.9179077148438 116
1756615326367 1022.0809326171875 117
1756615326426 853.1295166015625 118
1756615326486 931.546875 119
1756615326548 971.769287109375 120
1756615326609 936.7234497070312 121
1756615326674 903.1630249023438 122
1756615326735 1047.0191650390625 123
1756615326799 947.2653198242188 124
1756615326856 1052.1190185546875 125
1756615326916 616.4583740234375 126
1756615326975 761.2718505859375 127
1756615327036 883.9000244140625 128
1756615327095 997.5513916015625 129
1756615327155 1044.6005859375 130
1756615327217 791.7058715820312 131
1756615327275 904.77783203125 132
1756615327336 926.0260620117188 133
1756615327399 1048.9512939453125 134
1756615327460 934.592041015625 135
1756615327522 1040.90625 136
1756615327581 1003.8781127929688 137
1756615327640 856.6762084960938 138
1756615327702 1081.87890625 139
1756615327764 926.025390625 140
1756615327825 959.2349243164062 141
1756615327885 718.7817993164062 142
1756615327949 866.3010864257812 143
1756615328013 1048.1292724609375 144
1756615328078 1033.67333984375 145
1756615328137 963.561279296875 146
1756615328198 869.0654296875 147
1756615328257 1021.6929321289062 148
1756615328318 1036.762939453125 149
1756615328377 946.4285278320312 150
1756615328437 995.0 151
1756615328496 1035.421142578125 152
1756615328556 1034.18603515625 153
1756615328618 918.673583984375 154
1756615328682 931.7274780273438 155
1756615328744 518.0455322265625 156
1756615328804 915.3056030273438 157
1756615328865 899.4594116210938 158
1756615328926 864.8467407226562 159
1756615328988 844.0046997070312 160
1756615329051 745.7587280273438 161
1756615329114 1004.5479125976562 162
1756615329176 906.1195678710938 163
1756615329238 776.3569946289062 164
1756615329300 1140.6614990234375 165
1756615329368 793.496826171875 166
1756615329428 809.4801635742188 167
1756615329490 1021.0532836914062 168
1756615329553 979.9624633789062 169
1756615329616 830.0001831054688 170
1756615329678 921.6000366210938 171
1756615329739 1064.4056396484375 172
1756615329800 803.4314575195312 173
1756615329866 1028.830810546875 174
1756615329927 1282.8197021484375 175
1756615329987 917.4299926757812 176
1756615330048 946.147705078125 177
1756615330112 1121.8897705078125 178
1756615330174 1028.5906982421875 179
1756615330237 1029.9302978515625 180
1756615330299 820.1709594726562 181
1756615330359 851.7905883789062 182
1756615330419 737.5656127929688 183
1756615330478 866.3298950195312 184
1756615330538 1130.4642333984375 185
1756615330599 1186.6749267578125 186
1756615330661 790.8580322265625 187
1756615330722 993.6326904296875 188
1756615330786 958.6873168945312 189
1756615330845 905.4395751953125 190
1756615330906 911.99560546875 191
1756615330968 755.2855834960938 192
1756615331031 801.1146240234375 193
1756615331092 942.1329345703125 194
1756615331154 934.153076171875 195
1756615331214 919.4241333007812 196
1756615331275 1140.577880859375 197
1756615331334 892.3121948242188 198
1756615331395 731.79638671875 199
1756615331457 1200.9510498046875 200
1756615331517 854.7861328125 201
1756615331579 537.4194946289062 202
1756615331640 961.0812377929688 203
1756615331702 845.3994750976562 204
1756615331762 1049.191162109375 205
1756615331821 868.9555053710938 206
1756615331882 973.9331665039062 207
1756615331946 977.4114990234375 208
1756615332008 639.6277465820312 209
1756615332070 913.0928344726562 210
1756615332132 896.1378173828125 211
1756615332194 757.8975219726562 212
1756615332257 1051.5322265625 213
1756615332318 1024.7353515625 214
1756615332379 785.378173828125 215
1756615332440 780.1008911132812 216
1756615332503 939.5112915039062 217
1756615332574 1025.836181640625 218
1756615332634 855.9649658203125 219
1756615332695 967.1927490234375 220
1756615332758 1080.916748046875 221
1756615332822 1069.6507568359375 222
1756615332886 864.3657836914062 223
1756615332949 758.6670532226562 224
1756615333010 813.949462890625 225
1756615333074 951.0274658203125 226
1756615333138 935.22216796875 227
1756615333199 1056.03466796875 228
1756615333265 1152.446044921875 229
1756615333327 1097.8145751953125 230
1756615333390 828.1255493164062 231
1756615333449 747.9171142578125 232
1756615333509 864.8693237304688 233
1756615333570 981.9574584960938 234
1756615333633 941.927734375 235
1756615333697 625.9039916992188 236
1756615333759 787.2113647460938 237
1756615333818 879.3289794921875 238
1756615333880 754.2211303710938 239
1756615333938 903.3614501953125 240
1756615334000 1013.1026000976562 241
1756615334059 867.7664794921875 242
1756615334119 1153.7698974609375 243
1756615334180 917.322021484375 244
1756615334243 909.63330078125 245
1756615334307 814.0309448242188 246
1756615334373 880.7489624023438 247
1756615334439 889.1968994140625 248
1756615334501 1001.1399536132812 249
1756615334565 1100.8885498046875 250
1756615334629 978.2100830078125 251
1756615334689 864.758544921875 252
1756615334752 815.85400390625 253
1756615334813 887.207763671875 254
1756615334876 806.9263916015625 255
1756615334943 881.6583251953125 256
1756615335004 1118.6116943359375 257
1756615335063 930.9618530273438 258
1756615335124 823.0284423828125 259
1756615335186 880.3067626953125 260
1756615335246 969.7926635742188 261
1756615335310 1007.6370239257812 262
1756615335374 823.576904296875 263
1756615335436 897.7340698242188 264
1756615335499 856.261474609375 265
1756615335563 883.7808837890625 266
1756615335626 879.1441040039062 267
1756615335687 997.37939453125 268
1756615335750 871.65673828125 269
1756615335811 1055.4857177734375 270
1756615335873 926.6189575195312 271
1756615335935 870.0375366210938 272
1756615335997 883.4581298828125 273
1756615336058 853.4352416992188 274
1756615336119 979.350341796875 275
1756615336181 887.574951171875 276
1756615336243 997.8477172851562 277
1756615336301 1109.1033935546875 278
1756615336363 1020.6334838867188 279
1756615336422 967.8851928710938 280
1756615336484 836.2788696289062 281
1756615336546 840.6826171875 282
1756615336608 1002.9331665039062 283
1756615336669 1035.947998046875 284
1756615336731 960.6385498046875 285
1756615336789 707.310546875 286
1756615336853 846.504150390625 287
1756615336915 1042.4444580078125 288
1756615336978 809.5861206054688 289
1756615337041 647.2214965820312 290
1756615337103 1051.39794921875 291
1756615337164 725.7642822265625 292
1756615337227 893.8274536132812 293
1756615337289 1006.6470336914062 294
1756615337347 1113.2559814453125 295
1756615337409 887.3731079101562 296
1756615337469 1021.5003051757812 297
1756615337528 849.228515625 298
1756615337590 861.9784545898438 299
1756615345747 2477.952392578125 0
1756615345805 2277.236328125 1
1756615345867 2115.15673828125 2
1756615345924 1715.227783203125 3
1756615345985 1576.4334716796875 4
1756615346044 1256.8385009765625 5
1756615346103 1371.5426025390625 6
1756615346163 1135.276123046875 7
1756615346222 1130.4014892578125 8
1756615346283 903.746337890625 9
1756615346343 1275.8045654296875 10
1756615346404 1104.7230224609375 11
1756615346462 1315.8946533203125 12
1756615346521 1063.400634765625 13
1756615346583 996.107666015625 14
1756615346646 1017.1422119140625 15
1756615346708 896.2359008789062 16
1756615346769 743.8356323242188 17
1756615346830 1118.52880859375 18
1756615346905 1076.9000244140625 19
1756615347020 1053.432373046875 20
1756615347086 866.6696166992188 21
1756615347153 825.568603515625 22
1756615347215 989.2164916992188 23
1756615347277 1010.6500244140625 24
1756615347340 945.2330322265625 25
1756615347399 959.169921875 26
1756615347459 1086.299072265625 27
1756615347519 1062.1474609375 28
1756615347580 989.251953125 29
1756615347644 1002.541015625 30
1756615347710 1046.8187255859375 31
1756615347769 1071.3759765625 32
1756615347835 1037.1806640625 33
1756615347899 1012.2605590820312 34
1756615347975 1130.7403564453125 35
1756615348048 989.7488403320312 36
1756615348106 1087.08984375 37
1756615348162 1002.0697631835938 38
1756615348223 1400.4066162109375 39
1756615348284 1093.360595703125 40
1756615348342 1051.02490234375 41
1756615348403 661.1727294921875 42
1756615348462 1041.2008056640625 43
1756615348519 879.6788330078125 44
1756615348578 943.4326171875 45
1756615348640 883.3822631835938 46
1756615348699 914.4293823242188 47
1756615348762 985.1222534179688 48
1756615348825 1005.1050415039062 49
1756615348885 1176.2799072265625 50
1756615348945 926.559326171875 51
1756615349004 1154.7371826171875 52
1756615349064 995.1931762695312 53
1756615349123 980.4581298828125 54
1756615349185 1130.45166015625 55
1756615349248 1335.9007568359375 56
1756615349312 917.5964965820312 57
1756615349379 969.927734375 58
1756615349441 1063.8759765625 59
1756615349502 797.4780883789062 60
1756615349560 886.8428955078125 61
1756615349620 1025.10791015625 62
1756615349679 984.360595703125 63
1756615349738 993.5925903320312 64
1756615349798 910.1845703125 65
1756615349858 987.4781494140625 66
1756615349920 771.2317504882812 67
1756615349979 843.0149536132812 68
1756615350038 968.8052368164062 69
1756615350097 914.417724609375 70
1756615350154 1028.4508056640625 71
1756615350214 739.281005859375 72
1756615350274 1081.489501953125 73
1756615350333 912.9318237304688 74
1756615350393 1066.2584228515625 75
1756615350452 871.206787109375 76
1756615350513 1031.3880615234375 77
1756615350573 876.70849609375 78
1756615350633 998.1015625 79
1756615350695 830.6607666015625 80
1756615350759 1069.8184814453125 81
1756615350823 906.6433715820312 82
1756615350886 689.9951171875 83
1756615350944 923.874267578125 84
1756615351005 788.31689453125 85
1756615351066 1042.2801513671875 86
1756615351128 1061.7789306640625 87
1756615351185 977.6673583984375 88
1756615351244 1286.41162109375 89
1756615351306 1020.296142578125 90
1756615351367 955.319091796875 91
1756615351427 946.007080078125 92
1756615351483 1154.7364501953125 93
1756615351543 939.6470336914062 94
1756615351601 885.720703125 95
1756615351659 1021.4749755859375 96
1756615351718 887.261962890625 97
1756615351775 1152.6107177734375 98
1756615351835 1120.425048828125 99
1756615351897 1104.336181640625 100
1756615351956 992.392333984375 101
1756615352015 1211.4747314453125 102
1756615352073 1153.73193359375 103
1756615352131 1050.109619140625 104
1756615352193 1058.399169921875 105
1756615352251 1370.820068359375 106
1756615352309 967.3482666015625 107
1756615352368 1021.509033203125 108
1756615352430 976.1541748046875 109
1756615352489 1036.5787353515625 110
1756615352550 927.8909301757812 111
1756615352612 1020.4376831054688 112
1756615352674 1162.044189453125 113
1756615352736 1017.28076171875 114
1756615352794 1202.0521240234375 115
1756615352853 1070.257080078125 116
1756615352914 1191.74072265625 117
1756615352973 928.7070922851562 118
1756615353032 1170.3662109375 119
1756615353098 1008.0636596679688 120
1756615353164 959.7227783203125 121
1756615353226 1148.1954345703125 122
1756615353287 1023.5430297851562 123
1756615353351 925.7267456054688 124
1756615353415 990.939453125 125
1756615353480 1079.385498046875 126
1756615353543 1154.027587890625 127
1756615353604 856.2404174804688 128
1756615353670 964.8036499023438 129
1756615353730 1188.35498046875 130
1756615353787 1041.443115234375 131
1756615353845 1094.416748046875 132
1756615353906 1196.1827392578125 133
1756615353968 1079.0235595703125 134
1756615354031 924.2654418945312 135
1756615354094 986.302734375 136
1756615354155 802.84326171875 137
1756615354213 1148.820068359375 138
1756615354272 908.1000366210938 139
1756615354330 979.5555419921875 140
1756615354392 1119.8988037109375 141
1756615354453 1065.95458984375 142
1756615354515 960.7600708007812 143
1756615354576 868.2920532226562 144
1756615354636 926.5795288085938 145
1756615354698 948.0429077148438 146
1756615354764 762.01318359375 147
1756615354829 941.1390380859375 148
1756615354889 1012.59375 149
1756615354947 970.1609497070312 150
1756615355004 921.6082153320312 151
1756615355065 1105.6484375 152
1756615355125 785.5225219726562 153
1756615355185 1198.2481689453125 154
1756615355246 1097.5018310546875 155
1756615355306 1009.7449340820312 156
1756615355367 996.0303955078125 157
1756615355428 1171.6414794921875 158
1756615355491 994.3260498046875 159
1756615355551 1071.7110595703125 160
1756615355613 854.5015258789062 161
1756615355673 1080.3736572265625 162
1756615355731 955.881591796875 163
1756615355790 1005.0447998046875 164
1756615355848 1171.982666015625 165
1756615355911 1038.8721923828125 166
1756615355971 1033.624267578125 167
1756615356034 983.592041015625 168
1756615356097 892.5239868164062 169
1756615356155 1024.5501708984375 170
1756615356213 1195.0562744140625 171
1756615356273 931.2874755859375 172
1756615356335 1145.623046875 173
1756615356393 839.767578125 174
1756615356450 886.6207885742188 175
1756615356510 1100.3148193359375 176
1756615356569 837.4254760742188 177
1756615356632 943.506103515625 178
1756615356694 947.6033325195312 179
1756615356757 1085.1751708984375 180
1756615356817 1081.0341796875 181
1756615356877 1020.4732666015625 182
1756615356940 1234.32177734375 183
1756615357006 1254.873291015625 184
1756615357072 890.4199829101562 185
1756615357140 1175.5814208984375 186
1756615357201 865.015625 187
1756615357264 1029.281005859375 188
1756615357322 1174.3731689453125 189
1756615357382 1077.54296875 190
1756615357444 1021.0215454101562 191
1756615357504 1099.450439453125 192
1756615357562 1083.044921875 193
1756615357622 1162.007568359375 194
1756615357683 781.7513427734375 195
1756615357744 1098.2462158203125 196
1756615357811 979.9139404296875 197
1756615357873 890.7140502929688 198
1756615357939 1021.8966674804688 199
1756615358002 960.8595581054688 200
1756615358061 827.4439086914062 201
1756615358123 959.919921875 202
1756615358187 938.6902465820312 203
1756615358248 1093.8546142578125 204
1756615358308 1000.061279296875 205
1756615358371 1101.507568359375 206
1756615358433 957.376953125 207
1756615358492 905.5272216796875 208
1756615358554 920.033203125 209
1756615358617 958.5054321289062 210
1756615358678 919.881591796875 211
1756615358741 1284.1146240234375 212
1756615358801 862.3855590820312 213
1756615358861 744.6838989257812 214
1756615358920 1040.27685546875 215
1756615358978 1111.814208984375 216
1756615359044 1191.3173828125 217
1756615359107 1117.784423828125 218
1756615359170 1174.101806640625 219
1756615359228 873.5999755859375 220
1756615359287 1054.236572265625 221
1756615359348 822.6022338867188 222
1756615359406 1103.8297119140625 223
1756615359469 1043.299560546875 224
1756615359529 934.9776000976562 225
1756615359590 1037.233154296875 226
1756615359647 951.340576171875 227
1756615359710 1091.362060546875 228
1756615359775 1287.8377685546875 229
1756615359836 1057.54443359375 230
1756615359895 1323.500732421875 231
1756615359954 1217.18408203125 232
1756615360012 995.592529296875 233
1756615360070 1154.5975341796875 234
1756615360131 929.6119384765625 235
1756615360191 1055.1181640625 236
1756615360252 1145.31884765625 237
1756615360312 1023.4550170898438 238
1756615360371 895.3905029296875 239
1756615360435 1174.4674072265625 240
1756615360495 954.4684448242188 241
1756615360555 892.78173828125 242
1756615360614 1092.6790771484375 243
1756615360672 1199.161376953125 244
1756615360736 876.2540283203125 245
1756615360793 828.7427368164062 246
1756615360852 915.9588623046875 247
1756615360914 1143.0084228515625 248
1756615360976 1075.4256591796875 249
1756615361036 799.1964721679688 250
1756615361092 975.227294921875 251
1756615361154 826.6014404296875 252
1756615361215 1002.7848510742188 253
1756615361273 1078.026123046875 254
1756615361330 1099.701416015625 255
1756615361390 1258.8739013671875 256
1756615361454 1158.4849853515625 257
1756615361518 1027.6812744140625 258
1756615361578 869.5433959960938 259
1756615361635 849.8123168945312 260
1756615361695 1014.6683959960938 261
1756615361757 1104.40869140625 262
1756615361813 1057.9014892578125 263
1756615361870 1055.1156005859375 264
1756615361931 1009.7598876953125 265
1756615361993 1063.56884765625 266
1756615362054 973.61474609375 267
1756615362114 1112.150634765625 268
1756615362173 1066.8507080078125 269
1756615362232 1163.802001953125 270
1756615362293 856.3572998046875 271
1756615362359 903.5543823242188 272
1756615362417 929.1529541015625 273
1756615362478 1163.1204833984375 274
1756615362540 1115.2662353515625 275
1756615362603 1085.4642333984375 276
1756615362664 1038.5816650390625 277
1756615362725 1216.739501953125 278
1756615362784 903.1696166992188 279
1756615362842 916.0628662109375 280
1756615362902 1129.3648681640625 281
1756615362964 1066.4537353515625 282
1756615363023 928.6876831054688 283
1756615363085 1060.1328125 284
1756615363145 1004.483642578125 285
1756615363204 775.0055541992188 286
1756615363266 982.7488403320312 287
1756615363327 921.2628784179688 288
1756615363384 937.9911499023438 289
1756615363442 1126.0882568359375 290
1756615363502 1124.5068359375 291
1756615363563 1006.9696044921875 292
1756615363619 1028.4482421875 293
1756615363682 918.8865966796875 294
1756615363743 1197.4111328125 295
1756615363799 1021.5237426757812 296
1756615363861 830.9832153320312 297
1756615363922 1116.9039306640625 298
1756615363986 1016.9767456054688 299
1756615372239 2470.2841796875 0
1756615372368 2084.219970703125 1
1756615372491 1750.387939453125 2
1756615372595 1101.7850341796875 3
1756615372692 1009.5670166015625 4
1756615372794 968.3328247070312 5
1756615372897 1268.6531982421875 6
1756615373002 1243.3167724609375 7
1756615373102 881.1412963867188 8
1756615373206 898.5907592773438 9
1756615373324 888.5657958984375 10
1756615373481 1008.1531372070312 11
1756615373604 1075.349853515625 12
1756615373715 966.7036743164062 13
1756615373825 794.8968505859375 14
1756615373934 1290.2100830078125 15
1756615374044 1126.3349609375 16
1756615374170 800.1903076171875 17
1756615374276 915.2236328125 18
1756615374374 910.18701171875 19
1756615374474 1043.4837646484375 20
1756615374576 1112.056640625 21
1756615374703 1074.106689453125 22
1756615374799 1161.0738525390625 23
1756615374893 1028.98681640625 24
1756615374986 965.269287109375 25
1756615375080 964.8153076171875 26
1756615375173 964.3812255859375 27
1756615375267 1032.49072265625 28
1756615375360 988.8761596679688 29
1756615375454 949.5267333984375 30
1756615375547 904.6956176757812 31
1756615375641 1145.6995849609375 32
1756615375734 1096.67236328125 33
1756615375827 855.2827758789062 34
1756615375921 1051.04345703125 35
1756615376015 880.03662109375 36
1756615376107 1134.45068359375 37
1756615376201 1006.56201171875 38
1756615376296 1078.7672119140625 39
1756615376411 938.1295166015625 40
1756615376505 1049.3731689453125 41
1756615376598 1015.9907836914062 42
1756615376692 763.7974243164062 43
1756615376787 985.5661010742188 44
1756615376881 963.6171875 45
1756615376975 1250.46728515625 46
1756615377068 1070.371337890625 47
1756615377162 895.8482666015625 48
1756615377261 1078.713623046875 49
1756615377355 968.6378173828125 50
1756615377450 1035.635498046875 51
1756615377546 1138.451904296875 52
1756615377643 916.2289428710938 53
1756615377737 924.6331176757812 54
1756615377832 1089.804443359375 55
1756615377927 981.0636596679688 56
1756615378022 769.9663696289062 57
1756615378116 953.8944702148438 58
1756615378211 875.9017333984375 59
1756615378306 1013.8300170898438 60
1756615378400 813.7854614257812 61
1756615378496 851.6001586914062 62
1756615378591 807.2628784179688 63
1756615378686 855.0447387695312 64
1756615378781 1148.3916015625 65
1756615378876 1341.2454833984375 66
1756615378971 975.9990844726562 67
1756615379071 1091.4869384765625 68
1756615379167 1002.7235717773438 69
1756615379261 1083.5240478515625 70
1756615379357 863.2304077148438 71
1756615379452 969.9522094726562 72
1756615379547 885.2177124023438 73
1756615379641 911.1715698242188 74
1756615379734 797.2307739257812 75
1756615379829 1115.0870361328125 76
1756615379922 921.100830078125 77
1756615380017 893.5265502929688 78
1756615380111 1067.114501953125 79
1756615380205 809.0361328125 80
1756615380298 1266.282958984375 81
1756615380392 1017.5506591796875 82
1756615380488 1110.4364013671875 83
1756615380582 1155.46435546875 84
1756615380676 834.6166381835938 85
1756615380770 1038.981689453125 86
1756615380866 1124.225830078125 87
1756615380959 903.3345947265625 88
1756615381054 980.9208374023438 89
1756615381148 830.85107421875 90
1756615381243 1169.19677734375 91
1756615381337 974.1968994140625 92
1756615381431 956.8216552734375 93
1756615381527 965.7097778320312 94
1756615381620 1254.8023681640625 95
1756615381714 773.14599609375 96
1756615381810 782.7234497070312 97
1756615381906 973.126220703125 98
1756615382001 1183.5418701171875 99
1756615382095 954.8208618164062 100
1756615382189 880.2593383789062 101
1756615382283 1086.553466796875 102
1756615382376 1141.013671875 103
1756615382470 979.930419921875 104
1756615382564 1145.067138671875 105
1756615382658 1219.97509765625 106
1756615382752 967.7546997070312 107
1756615382850 881.4978637695312 108
1756615382944 830.3920288085938 109
1756615383038 1102.14599609375 110
1756615383134 1030.0821533203125 111
1756615383228 1144.7718505859375 112
1756615383322 1170.386474609375 113
1756615383415 904.2953491210938 114
1756615383511 1065.7266845703125 115
1756615383605 1015.9760131835938 116
1756615383700 861.8411254882812 117
1756615383795 1057.0091552734375 118
1756615383889 988.271484375 119
1756615383983 854.666015625 120
1756615384078 1037.9638671875 121
1756615384173 1058.067626953125 122
1756615384268 1018.1826171875 123
1756615384362 1221.923828125 124
1756615384458 890.8338623046875 125
1756615384553 1158.51708984375 126
1756615384647 1041.5792236328125 127
1756615384742 1020.1590576171875 128
1756615384836 1156.3590087890625 129
1756615384931 1153.3251953125 130
1756615385026 1290.149169921875 131
1756615385120 988.48779296875 132
1756615385216 829.2274780273438 133
1756615385310 993.31591796875 134
1756615385403 1114.23583984375 135
1756615385497 922.2916259765625 136
1756615385591 1138.548583984375 137
1756615385685 1056.1112060546875 138
1756615385779 1271.709228515625 139
1756615385873 981.78564453125 140
1756615385966 852.3685913085938 141
1756615386060 1020.7710571289062 142
1756615386154 1232.1715087890625 143
1756615386249 976.9569091796875 144
1756615386344 1054.379150390625 145
1756615386439 1236.275634765625 146
1756615386534 1121.30859375 147
1756615386629 1018.5999755859375 148
1756615386723 1065.621826171875 149
1756615386816 894.078857421875 150
1756615386910 1078.864501953125 151
1756615387005 939.475830078125 152
1756615387100 1012.0873413085938 153
1756615387198 908.0341796875 154
1756615387293 892.9224243164062 155
1756615387388 1053.58154296875 156
1756615387483 1080.4288330078125 157
1756615387576 1035.8323974609375 158
1756615387671 1175.531982421875 159
1756615387766 830.7819213867188 160
1756615387861 1047.0499267578125 161
1756615387956 904.6463012695312 162
1756615388054 925.92529296875 163
1756615388152 942.8704833984375 164
1756615388246 774.1290283203125 165
1756615388342 916.6054077148438 166
1756615388436 878.3571166992188 167
1756615388530 784.2488403320312 168
1756615388624 1041.3072509765625 169
1756615388719 1009.9336547851562 170
1756615388814 896.1015625 171
1756615388909 1004.5625 172
1756615389004 850.138916015625 173
1756615389099 1079.654541015625 174
1756615389195 1060.095458984375 175
1756615389290 859.9232177734375 176
1756615389384 1283.1923828125 177
1756615389478 1098.3221435546875 178
1756615389572 1006.1180419921875 179
1756615389671 1079.4931640625 180
1756615389779 1048.4656982421875 181
1756615389875 910.3435668945312 182
1756615389969 1093.1201171875 183
1756615390064 1116.0889892578125 184
1756615390158 1117.7313232421875 185
1756615390252 1181.9542236328125 186
1756615390345 1002.113525390625 187
1756615390440 1031.009521484375 188
1756615390535 1129.38427734375 189
1756615390629 932.32080078125 190
1756615390723 941.1376342773438 191
1756615390818 1057.4853515625 192
1756615390913 1072.94189453125 193
1756615391006 991.0863037109375 194
1756615391101 774.0636596679688 195
1756615391197 496.897216796875 196
1756615391292 939.742919921875 197
1756615391386 867.1754760742188 198
1756615391481 950.386474609375 199
1756615391575 845.7817993164062 200
1756615391669 1157.1461181640625 201
1756615391764 916.00048828125 202
1756615391858 764.4974365234375 203
1756615391951 970.2758178710938 204
1756615392044 1150.0421142578125 205
1756615392139 775.2720947265625 206
1756615392233 986.4690551757812 207
1756615392327 1004.8152465820312 208
1756615392422 890.1099243164062 209
1756615392516 1001.3674926757812 210
1756615392611 1148.835693359375 211
1756615392707 819.9000244140625 212
1756615392802 1094.226318359375 213
1756615392897 982.8884887695312 214
1756615392994 1134.6190185546875 215
1756615393089 910.7987670898438 216
1756615393185 851.2239379882812 217
1756615393280 952.0472412109375 218
1756615393374 940.8866577148438 219
1756615393470 895.0541381835938 220
1756615393564 952.14404296875 221
1756615393659 895.3763427734375 222
1756615393754 1003.1826782226562 223
1756615393850 809.201171875 224
1756615393944 1094.8182373046875 225
1756615394038 1114.1898193359375 226
1756615394133 892.6865844726562 227
1756615394228 948.9661254882812 228
1756615394321 1195.39990234375 229
1756615394415 1026.3577880859375 230
1756615394508 921.0765991210938 231
1756615394604 848.6721801757812 232
1756615394696 956.176025390625 233
1756615394788 932.8043212890625 234
1756615394884 1236.329833984375 235
1756615394978 1176.4407958984375 236
1756615395071 1115.51708984375 237
1756615395166 1026.054931640625 238
1756615395259 1029.4853515625 239
1756615395353 924.9977416992188 240
1756615395446 1198.649658203125 241
1756615395540 935.526611328125 242
1756615395633 1048.3330078125 243
1756615395727 1011.7078247070312 244
1756615395820 989.3440551757812 245
1756615395913 1282.012451171875 246
1756615396006 871.6107788085938 247
1756615396100 1034.621826171875 248
1756615396193 1023.88330078125 249
1756615396286 943.9407958984375 250
1756615396380 1186.5322265625 251
1756615396472 1048.8424072265625 252
1756615396565 811.5322875976562 253
1756615396658 938.3257446289062 254
1756615396751 1011.3607177734375 255
1756615396845 818.1270751953125 256
1756615396939 864.0333862304688 257
1756615397032 951.369140625 258
1756615397125 854.5911254882812 259
1756615397220 836.3369750976562 260
1756615397313 918.58056640625 261
1756615397407 989.7794799804688 262
1756615397500 999.2699584960938 263
1756615397594 1146.0928955078125 264
1756615397689 921.087158203125 265
1756615397783 1151.5880126953125 266
1756615397877 898.449951171875 267
1756615397970 977.6689453125 268
1756615398063 990.7965698242188 269
1756615398156 994.7007446289062 270
1756615398250 977.01611328125 271
1756615398343 934.1115112304688 272
1756615398438 866.8101196289062 273
1756615398532 1063.661376953125 274
1756615398626 1080.7911376953125 275
1756615398722 1039.5853271484375 276
1756615398816 997.3848876953125 277
1756615398911 1000.6329345703125 278
1756615399005 1118.721435546875 279
1756615399099 1020.9312744140625 280
1756615399194 1012.8748168945312 281
1756615399290 826.4237670898438 282
1756615399385 873.3699951171875 283
1756615399480 1066.948974609375 284
1756615399574 1219.2919921875 285
1756615399668 1117.5250244140625 286
1756615399762 926.7192993164062 287
1756615399856 1016.558349609375 288
1756615399951 1144.58544921875 289
1756615400045 1026.4315185546875 290
1756615400140 1199.6466064453125 291
1756615400234 930.6840209960938 292
1756615400328 1223.6983642578125 293
1756615400421 850.98388671875 294
1756615400515 890.3621826171875 295
1756615400610 847.9156494140625 296
1756615400703 1125.21044921875 297
1756615400797 912.02099609375 298
1756615400891 1111.665771484375 299
1756615409094 2485.457763671875 0
1756615409208 2249.042236328125 1
1756615409302 1804.5462646484375 2
1756615409396 1605.6519775390625 3
1756615409489 1032.3240966796875 4
1756615409582 1192.17724609375 5
1756615409675 1241.302001953125 6
1756615409769 1177.5465087890625 7
1756615409865 996.8200073242188 8
1756615409959 1094.1285400390625 9
1756615410054 1110.7493896484375 10
1756615410149 1118.5462646484375 11
1756615410281 953.6785278320312 12
1756615410405 911.4810791015625 13
1756615410517 841.1583251953125 14
1756615410618 1071.19482421875 15
1756615410718 1128.0408935546875 16
1756615410823 1065.8065185546875 17
1756615410926 1001.1715087890625 18
1756615411044 1004.7383422851562 19
1756615411152 1129.2069091796875 20
1756615411286 1229.8599853515625 21
1756615411400 912.7514038085938 22
1756615411500 1165.3681640625 23
1756615411595 986.8411254882812 24
1756615411689 1143.745849609375 25
1756615411783 1022.7916259765625 26
1756615411877 1155.5018310546875 27
1756615411971 1242.24267578125 28
1756615412065 966.6458129882812 29
1756615412165 1216.7298583984375 30
1756615412258 1081.890625 31
1756615412352 1337.224609375 32
1756615412447 1032.0118408203125 33
1756615412542 898.6326293945312 34
1756615412637 904.017333984375 35
1756615412730 983.3123779296875 36
1756615412825 1016.0841674804688 37
1756615412919 970.4956665039062 38
1756615413015 821.7116088867188 39
1756615413109 1021.509521484375 40
1756615413204 1051.5421142578125 41
1756615413301 856.7090454101562 42
1756615413398 871.2609252929688 43
1756615413496 797.172607421875 44
1756615413591 973.70556640625 45
1756615413685 1026.251220703125 46
1756615413781 1207.7490234375 47
1756615413877 1206.89453125 48
1756615413973 975.4180297851562 49
1756615414069 1111.484619140625 50
1756615414163 1083.4410400390625 51
1756615414257 1041.7550048828125 52
1756615414353 1161.828369140625 53
1756615414447 958.522216796875 54
1756615414542 1051.7740478515625 55
1756615414639 882.822265625 56
1756615414734 1173.2913818359375 57
1756615414832 948.3884887695312 58
1756615414929 851.1498413085938 59
1756615415023 1033.0379638671875 60
1756615415123 1191.841796875 61
1756615415219 1114.9443359375 62
1756615415311 1010.0529174804688 63
1756615415403 807.4883422851562 64
1756615415501 1214.2840576171875 65
1756615415596 957.8392333984375 66
1756615415690 1103.972900390625 67
1756615415787 1172.1839599609375 68
1756615415885 1287.4019775390625 69
1756615415979 1265.3341064453125 70
1756615416072 998.5894165039062 71
1756615416165 804.7897338867188 72
1756615416260 1009.12548828125 73
1756615416358 1309.3314208984375 74
1756615416452 1074.6689453125 75
1756615416549 1056.177001953125 76
1756615416644 1075.3441162109375 77
1756615416743 934.3095092773438 78
1756615416838 1028.4818115234375 79
1756615416933 943.138916015625 80
1756615417026 933.62548828125 81
1756615417119 1103.6968994140625 82
1756615417215 1178.614013671875 83
1756615417312 891.46142578125 84
1756615417407 969.0108032226562 85
1756615417505 972.0723876953125 86
1756615417600 862.02880859375 87
1756615417700 1201.1610107421875 88
1756615417859 1048.296142578125 89
1756615417959 1148.77197265625 90
1756615418051 1048.9073486328125 91
1756615418144 1127.640380859375 92
1756615418241 1056.6011962890625 93
1756615418336 1093.801025390625 94
1756615418433 1071.4139404296875 95
1756615418531 1160.785400390625 96
1756615418624 984.0178833007812 97
1756615418717 1020.60595703125 98
1756615418813 1037.2471923828125 99
1756615418911 841.2991333007812 100
1756615419009 929.2085571289062 101
1756615419106 1007.7135620117188 102
1756615419204 1076.662109375 103
1756615419300 1040.34375 104
1756615419396 1140.01611328125 105
1756615419495 1083.735107421875 106
1756615419594 1237.963623046875 107
1756615419692 1280.5606689453125 108
1756615419788 980.938232421875 109
1756615419887 773.5208129882812 110
1756615419986 897.0423583984375 111
1756615420091 818.597900390625 112
1756615420190 925.5267333984375 113
1756615420287 988.2817993164062 114
1756615420385 1020.24658203125 115
1756615420481 868.410888671875 116
1756615420577 1322.1014404296875 117
1756615420673 1092.8828125 118
1756615420769 1209.389404296875 119
1756615420864 1053.4705810546875 120
1756615420966 1184.740234375 121
1756615421065 915.3692626953125 122
1756615421164 1171.9287109375 123
1756615421263 1192.2716064453125 124
1756615421363 1083.2598876953125 125
1756615421460 1179.626220703125 126
1756615421558 1005.8390502929688 127
1756615421657 904.5680541992188 128
1756615421754 1146.5203857421875 129
1756615421851 844.074462890625 130
1756615421950 1262.1019287109375 131
1756615422049 1175.812744140625 132
1756615422148 1141.6075439453125 133
1756615422247 1114.9488525390625 134
1756615422346 1230.5792236328125 135
1756615422445 1068.7034912109375 136
1756615422544 958.6408081054688 137
1756615422644 1144.5924072265625 138
1756615422743 1212.3909912109375 139
1756615422846 1029.3978271484375 140
1756615422944 1064.226806640625 141
1756615423042 1104.53125 142
1756615423141 964.3619995117188 143
1756615423239 1156.933837890625 144
1756615423337 996.5751342773438 145
1756615423433 1049.976318359375 146
1756615423528 1081.596923828125 147
1756615423623 1005.3126831054688 148
1756615423718 945.3507080078125 149
1756615423812 881.1097412109375 150
1756615423907 983.8887329101562 151
1756615424002 1095.0831298828125 152
1756615424097 1107.9364013671875 153
1756615424194 961.3397216796875 154
1756615424288 985.5437622070312 155
1756615424383 973.2518920898438 156
1756615424482 876.9114379882812 157
1756615424579 905.9191284179688 158
1756615424676 1168.17578125 159
1756615424774 932.92529296875 160
1756615424874 959.4161376953125 161
1756615425018 1054.8621826171875 162
1756615425115 973.1090698242188 163
1756615425212 852.3359375 164
1756615425310 723.7511596679688 165
1756615425407 1085.341552734375 166
1756615425507 1052.828369140625 167
1756615425603 998.6228637695312 168
1756615425700 1149.070556640625 169
1756615425797 1063.7830810546875 170
1756615425894 1076.3843994140625 171
1756615425990 909.1380004882812 172
1756615426087 962.2890625 173
1756615426184 901.9041137695312 174
1756615426280 980.0922241210938 175
1756615426377 967.3728637695312 176
1756615426475 1130.702392578125 177
1756615426574 756.6963500976562 178
1756615426671 1008.8689575195312 179
1756615426769 982.4765625 180
1756615426866 942.8590087890625 181
1756615426965 1133.9085693359375 182
1756615427064 1196.51025390625 183
1756615427162 1097.1302490234375 184
1756615427260 1162.603759765625 185
1756615427357 1251.280517578125 186
1756615427454 920.675048828125 187
1756615427552 936.0299072265625 188
1756615427649 1082.5484619140625 189
1756615427746 847.046875 190
1756615427844 960.6024169921875 191
1756615427942 1018.3851928710938 192
1756615428039 1074.1309814453125 193
1756615428136 790.1099243164062 194
1756615428234 1268.4993896484375 195
1756615428331 1104.65380859375 196
1756615428429 1248.024658203125 197
1756615428526 1014.9078369140625 198
1756615428623 1126.32666015625 199
1756615428721 964.2935791015625 200
1756615428821 1022.68798828125 201
1756615428918 832.7534790039062 202
1756615429016 1100.710205078125 203
1756615429114 1224.451416015625 204
1756615429211 908.2159423828125 205
1756615429310 951.4669799804688 206
1756615429408 1039.5992431640625 207
1756615429505 1043.0103759765625 208
1756615429603 1038.2506103515625 209
1756615429702 877.3362426757812 210
1756615429800 1120.816162109375 211
1756615429898 1031.12451171875 212
1756615429996 978.5621948242188 213
1756615430094 867.9570922851562 214
1756615430194 1089.6822509765625 215
1756615430291 979.7449340820312 216
1756615430389 765.5140991210938 217
1756615430486 1013.7720947265625 218
1756615430584 1203.7440185546875 219
1756615430681 1118.7872314453125 220
1756615430781 1205.4931640625 221
1756615430878 980.0809326171875 222
1756615430975 1129.5185546875 223
1756615431073 904.9947509765625 224
1756615431171 1011.2935791015625 225
1756615431269 894.1859130859375 226
1756615431367 1064.720947265625 227
1756615431464 1110.12890625 228
1756615431563 1069.7332763671875 229
1756615431661 1108.4420166015625 230
1756615431758 1212.1180419921875 231
1756615431856 1010.4418334960938 232
1756615431954 954.40576171875 233
1756615432051 1044.1968994140625 234
1756615432148 1047.547607421875 235
1756615432249 933.46337890625 236
1756615432347 1018.1227416992188 237
1756615432444 1022.7819213867188 238
1756615432541 1110.6636962890625 239
1756615432638 876.1011962890625 240
1756615432735 837.45654296875 241
1756615432831 1187.920166015625 242
1756615432928 1115.5399169921875 243
1756615433025 896.4907836914062 244
1756615433121 1195.5416259765625 245
1756615433221 898.60107421875 246
1756615433317 1037.469482421875 247
1756615433414 904.756591796875 248
1756615433510 968.2042846679688 249
1756615433607 1043.0716552734375 250
1756615433704 975.7303466796875 251
1756615433800 970.1984252929688 252
1756615433897 1114.652099609375 253
1756615433994 850.5808715820312 254
1756615434090 1071.2806396484375 255
1756615434187 966.5811157226562 256
1756615434284 875.4429321289062 257
1756615434380 858.3819580078125 258
1756615434475 1054.9117431640625 259
1756615434571 1084.2359619140625 260
1756615434666 1305.1630859375 261
1756615434762 1023.159912109375 262
1756615434858 847.5034790039062 263
1756615434954 1277.265380859375 264
1756615435049 1147.30908203125 265
1756615435145 943.884033203125 266
1756615435241 949.6137084960938 267
1756615435337 1127.4920654296875 268
1756615435433 1051.5615234375 269
1756615435528 1117.3515625 270
1756615435624 1072.84033203125 271
1756615435720 940.2201538085938 272
1756615435815 862.06982421875 273
1756615435910 750.079833984375 274
1756615436004 1067.2498779296875 275
1756615436099 960.3048706054688 276
1756615436195 765.1845092773438 277
1756615436290 851.9188842773438 278
1756615436385 1007.0399780273438 279
1756615436479 1140.9923095703125 280
1756615436574 1045.9827880859375 281
1756615436670 942.309326171875 282
1756615436765 1142.437744140625 283
1756615436859 1032.84521484375 284
1756615436954 1045.4794921875 285
1756615437048 892.3853759765625 286
1756615437143 980.0535278320312 287
1756615437238 1014.6857299804688 288
1756615437333 1072.26708984375 289
1756615437428 929.2250366210938 290
1756615437522 699.83251953125 291
1756615437617 963.2503051757812 292
1756615437712 975.9191284179688 293
1756615437807 1026.0516357421875 294
1756615437902 844.61474609375 295
1756615437997 943.9078369140625 296
1756615438092 895.7635498046875 297
1756615438186 1027.595703125 298
1756615438280 1035.94091796875 299
1756615447481 2572.233154296875 0
1756615447585 2561.645263671875 1
1756615447702 2503.989013671875 2
1756615447801 2384.197998046875 3
1756615447904 2263.23779296875 4
1756615448003 2034.999267578125 5
1756615448101 1600.5084228515625 6
1756615448201 1556.80224609375 7
1756615448301 1190.449951171875 8
1756615448399 1405.87353515625 9
1756615448498 1121.5284423828125 10
1756615448619 1374.1292724609375 11
1756615448777 1068.627685546875 12
1756615448893 1044.52880859375 13
1756615449003 1006.6854248046875 14
1756615449114 1252.86279296875 15
1756615449225 962.17919921875 16
1756615449337 1030.0447998046875 17
1756615449458 1367.8311767578125 18
1756615449576 1110.20703125 19
1756615449711 929.0986328125 20
1756615449821 845.8272094726562 21
1756615449927 1052.529541015625 22
1756615450026 995.0751342773438 23
1756615450125 1096.6844482421875 24
1756615450223 1008.1986083984375 25
1756615450323 1054.0380859375 26
1756615450421 987.21337890625 27
1756615450518 987.94970703125 28
1756615450616 1012.0960083007812 29
1756615450717 939.798095703125 30
1756615450816 767.1480102539062 31
1756615450914 1030.2425537109375 32
1756615451012 1050.0421142578125 33
1756615451109 1225.4915771484375 34
1756615451207 1013.3104248046875 35
1756615451306 1029.2452392578125 36
1756615451404 1099.4017333984375 37
1756615451503 1023.279296875 38
1756615451601 1136.092041015625 39
1756615451698 1025.883544921875 40
1756615451795 939.3802490234375 41
1756615451893 1032.8443603515625 42
1756615451991 816.3390502929688 43
1756615452089 936.4600830078125 44
1756615452187 1031.3382568359375 45
1756615452285 1010.3880615234375 46
1756615452383 982.5991821289062 47
1756615452481 821.5429077148438 48
1756615452579 1118.86328125 49
1756615452678 1046.5106201171875 50
1756615452775 1022.97412109375 51
1756615452874 1104.7708740234375 52
1756615452972 1076.1297607421875 53
1756615453070 829.8715209960938 54
1756615453169 940.2260131835938 55
1756615453268 1228.8319091796875 56
1756615453366 900.8319702148438 57
1756615453465 912.3499755859375 58
1756615453562 988.0393676757812 59
1756615453661 1138.952392578125 60
1756615453758 909.5037841796875 61
1756615453857 1075.0413818359375 62
1756615453955 1120.43359375 63
1756615454053 1056.60546875 64
1756615454151 863.06005859375 65
1756615454251 1114.552978515625 66
1756615454352 945.3060913085938 67
1756615454451 1097.644775390625 68
1756615454548 825.0181884765625 69
1756615454646 1270.9019775390625 70
1756615454744 1089.55078125 71
1756615454842 936.0802612304688 72
1756615454940 1179.875244140625 73
1756615455038 1316.85205078125 74
1756615455135 987.6065673828125 75
1756615455237 931.595703125 76
1756615455335 1140.455322265625 77
1756615455433 1192.7027587890625 78
1756615455531 759.4657592773438 79
1756615455629 950.8753051757812 80
1756615455727 983.3397216796875 81
1756615455825 991.0919799804688 82
1756615455924 785.0584106445312 83
1756615456022 1385.8665771484375 84
1756615456121 924.5178833007812 85
1756615456219 876.4672241210938 86
1756615456317 1039.015380859375 87
1756615456415 863.7969970703125 88
1756615456513 824.370361328125 89
1756615456612 1090.707763671875 90
1756615456711 828.2909545898438 91
1756615456810 1008.2791137695312 92
1756615456908 1257.379638671875 93
1756615457006 766.1085815429688 94
1756615457104 1043.1826171875 95
1756615457202 1262.3896484375 96
1756615457301 832.5991821289062 97
1756615457400 1146.2545166015625 98
1756615457498 951.5681762695312 99
1756615457596 966.3507080078125 100
1756615457694 1051.045166015625 101
1756615457792 1080.3804931640625 102
1756615457891 956.3681030273438 103
1756615457989 1115.6798095703125 104
1756615458091 1055.4365234375 105
1756615458189 1002.25 106
1756615458288 1164.060302734375 107
1756615458387 947.4741821289062 108
1756615458484 1142.268798828125 109
1756615458582 902.7529907226562 110
1756615458680 931.2882080078125 111
1756615458778 854.7445678710938 112
1756615458876 1009.1334838867188 113
1756615458976 852.0218505859375 114
1756615459074 944.6500244140625 115
1756615459174 1213.3062744140625 116
1756615459273 1008.970703125 117
1756615459372 1144.8681640625 118
1756615459470 1153.572998046875 119
1756615459568 830.2704467773438 120
1756615459671 1257.0762939453125 121
1756615459770 997.3831176757812 122
1756615459869 1000.8822631835938 123
1756615459967 1166.9229736328125 124
1756615460066 1035.7293701171875 125
1756615460164 925.8043823242188 126
1756615460264 987.5621948242188 127
1756615460362 880.7511596679688 128
1756615460461 1188.6678466796875 129
1756615460560 910.220458984375 130
1756615460659 1123.2476806640625 131
1756615460758 977.5383911132812 132
1756615460857 1002.80029296875 133
1756615460957 1008.2199096679688 134
1756615461056 1045.5853271484375 135
1756615461156 1067.2139892578125 136
1756615461256 1012.7496337890625 137
1756615461355 1085.6702880859375 138
1756615461454 923.4257202148438 139
1756615461553 1118.77099609375 140
1756615461650 954.1240844726562 141
1756615461751 1171.757568359375 142
1756615461874 1292.123291015625 143
1756615461973 974.2371826171875 144
1756615462073 1066.5396728515625 145
1756615462171 1007.48681640625 146
1756615462270 968.4091796875 147
1756615462368 1013.5516967773438 148
1756615462466 1025.6396484375 149
1756615462568 933.1618041992188 150
1756615462666 984.4487915039062 151
1756615462768 974.7033081054688 152
1756615462867 1048.24267578125 153
1756615462967 864.8595581054688 154
1756615463066 892.51025390625 155
1756615463166 826.7186279296875 156
1756615463265 941.736328125 157
1756615463367 1050.3974609375 158
1756615463466 983.4168701171875 159
1756615463565 1231.761474609375 160
1756615463665 1137.07763671875 161
1756615463765 1002.9989624023438 162
1756615463864 911.2215576171875 163
1756615463967 1183.5860595703125 164
1756615464067 1107.4425048828125 165
1756615464167 1258.213623046875 166
1756615464266 960.1773071289062 167
1756615464366 1013.9651489257812 168
1756615464465 997.9651489257812 169
1756615464565 1132.64501953125 170
1756615464666 1279.7359619140625 171
1756615464765 1036.7218017578125 172
1756615464866 1081.3564453125 173
1756615464965 1196.767822265625 174
1756615465065 1159.027099609375 175
1756615465165 1068.7037353515625 176
1756615465264 866.8148803710938 177
1756615465375 1081.8648681640625 178
1756615465476 1141.75 179
1756615465575 1201.08447265625 180
1756615465676 1168.1075439453125 181
1756615465775 1095.6458740234375 182
1756615465874 1151.5164794921875 183
1756615465974 1194.9334716796875 184
1756615466073 907.417724609375 185
1756615466171 1042.21826171875 186
1756615466270 1033.85546875 187
1756615466369 891.6012573242188 188
1756615466468 1086.1689453125 189
1756615466566 1114.893798828125 190
1756615466663 770.3695678710938 191
1756615466762 863.94873046875 192
1756615466860 919.9970092773438 193
1756615466959 1012.9364624023438 194
1756615467058 1273.2156982421875 195
1756615467157 1169.15966796875 196
1756615467261 1129.2900390625 197
1756615467362 1037.0888671875 198
1756615467463 1156.30615234375 199
1756615467563 956.890625 200
1756615467664 1044.1370849609375 201
1756615467767 964.0238037109375 202
1756615467867 802.3564453125 203
1756615467969 780.0994873046875 204
1756615468068 972.39599609375 205
1756615468167 1297.6513671875 206
1756615468266 858.506591796875 207
1756615468365 991.6295166015625 208
1756615468466 1081.4488525390625 209
1756615468565 990.2723999023438 210
1756615468664 1014.321044921875 211
1756615468763 1169.8153076171875 212
1756615468862 983.6569213867188 213
1756615468961 927.5487670898438 214
1756615469061 1162.6429443359375 215
1756615469160 1183.3648681640625 216
1756615469261 922.4962158203125 217
1756615469361 1277.1663818359375 218
1756615469460 1255.7215576171875 219
1756615469560 1164.12158203125 220
1756615469659 1037.9942626953125 221
1756615469756 1037.9757080078125 222
1756615469855 1127.4884033203125 223
1756615469955 788.698486328125 224
1756615470053 1134.9603271484375 225
1756615470150 815.0581665039062 226
1756615470246 986.597412109375 227
1756615470343 1088.6151123046875 228
1756615470440 1067.5924072265625 229
1756615470537 1102.1138916015625 230
1756615470634 949.3834838867188 231
1756615470733 892.693603515625 232
1756615470832 1111.1971435546875 233
1756615470931 1124.796630859375 234
1756615471030 969.5114135742188 235
1756615471129 1142.4163818359375 236
1756615471228 905.6885375976562 237
1756615471327 1235.7353515625 238
1756615471426 834.8678588867188 239
1756615471525 1088.6270751953125 240
1756615471624 1009.1951293945312 241
1756615471723 937.5646362304688 242
1756615471825 987.4971923828125 243
1756615471924 1135.90478515625 244
1756615472024 1218.457275390625 245
1756615472123 872.9293823242188 246
1756615472222 972.8428344726562 247
1756615472322 1027.54833984375 248
1756615472421 1266.1136474609375 249
1756615472520 1119.3480224609375 250
1756615472620 1178.3887939453125 251
1756615472721 1119.3387451171875 252
1756615472819 1091.713623046875 253
1756615472917 1166.4473876953125 254
1756615473017 1124.6854248046875 255
1756615473116 1331.1109619140625 256
1756615473213 1006.9388427734375 257
1756615473313 1001.5984497070312 258
1756615473412 1016.3894653320312 259
1756615473512 963.0970458984375 260
1756615473611 1051.4476318359375 261
1756615473711 920.2444458007812 262
1756615473809 992.9725952148438 263
1756615473908 1225.9749755859375 264
1756615474006 1270.437255859375 265
1756615474104 1112.2855224609375 266
1756615474202 1113.9505615234375 267
1756615474301 960.3641967773438 268
1756615474400 1316.2972412109375 269
1756615474501 1013.4714965820312 270
1756615474599 1264.929931640625 271
1756615474703 1044.9193115234375 272
1756615474805 1118.363037109375 273
1756615474904 1132.6746826171875 274
1756615475003 1190.9459228515625 275
1756615475106 1020.52294921875 276
1756615475204 1096.075927734375 277
1756615475304 968.7737426757812 278
1756615475404 1284.3360595703125 279
1756615475502 1032.9273681640625 280
1756615475601 960.4100341796875 281
1756615475698 1036.0667724609375 282
1756615475799 992.8425903320312 283
1756615475906 1059.572265625 284
1756615476003 1005.8633422851562 285
1756615476100 1190.1494140625 286
1756615476197 1030.388916015625 287
1756615476296 974.5967407226562 288
1756615476394 1012.6317749023438 289
1756615476493 1070.16796875 290
1756615476591 889.8831176757812 291
1756615476690 1151.63818359375 292
1756615476787 907.2940673828125 293
1756615476884 948.7861328125 294
1756615476981 951.0228881835938 295
1756615477079 1065.3814697265625 296
1756615477176 924.8303833007812 297
1756615477274 1372.0556640625 298
1756615477371 1198.7181396484375 299
1756615487569 2493.88525390625 0
1756615487672 2239.17138671875 1
1756615487768 1977.4224853515625 2
1756615487865 1626.9608154296875 3
1756615487962 1399.4072265625 4
1756615488060 926.6498413085938 5
1756615488155 1192.70458984375 6
1756615488252 861.274658203125 7
1756615488351 1147.1600341796875 8
1756615488448 984.4678955078125 9
1756615488543 1070.125732421875 10
1756615488645 1015.4175415039062 11
1756615488804 1072.0914306640625 12
1756615488923 904.3126831054688 13
1756615489035 1093.598388671875 14
1756615489147 920.926025390625 15
1756615489261 1217.143798828125 16
1756615489373 1141.28759765625 17
1756615489495 950.8119506835938 18
1756615489611 996.4182739257812 19
1756615489729 1057.197021484375 20
1756615489867 835.5701293945312 21
1756615489975 1051.3358154296875 22
1756615490076 938.6329956054688 23
1756615490174 1076.4029541015625 24
1756615490269 711.5155639648438 25
1756615490367 880.3323364257812 26
1756615490466 834.790283203125 27
1756615490563 1062.9228515625 28
1756615490661 995.9213256835938 29
1756615490763 898.2394409179688 30
1756615490861 838.8317260742188 31
1756615490958 867.0028076171875 32
1756615491056 1077.2760009765625 33
1756615491154 1010.3433837890625 34
1756615491255 863.8267822265625 35
1756615491352 1007.3519287109375 36
1756615491450 1101.0738525390625 37
1756615491548 750.9811401367188 38
1756615491646 974.0579833984375 39
1756615491746 887.6293334960938 40
1756615491844 979.0975952148438 41
1756615491944 861.7654418945312 42
1756615492041 1065.0350341796875 43
1756615492141 846.0513916015625 44
1756615492239 597.4561767578125 45
1756615492336 1025.1591796875 46
1756615492433 1012.2391967773438 47
1756615492531 961.649658203125 48
1756615492627 1106.9976806640625 49
1756615492727 982.293701171875 50
1756615492824 1018.3890991210938 51
1756615492921 1012.3114624023438 52
1756615493018 869.7316284179688 53
1756615493117 697.544921875 54
1756615493214 815.1939697265625 55
1756615493313 976.9112548828125 56
1756615493411 825.0059204101562 57
1756615493508 984.3082885742188 58
1756615493606 926.5935668945312 59
1756615493703 957.2725830078125 60
1756615493801 1029.3857421875 61
1756615493900 946.6201782226562 62
1756615493999 1065.7576904296875 63
1756615494097 954.9423828125 64
1756615494197 997.1641845703125 65
1756615494295 991.403076171875 66
1756615494394 869.4961547851562 67
1756615494492 621.8204345703125 68
1756615494590 997.0307006835938 69
1756615494688 916.6115112304688 70
1756615494791 879.8451538085938 71
1756615494888 1127.1754150390625 72
1756615494987 1051.1884765625 73
1756615495085 773.8358764648438 74
1756615495185 847.3516845703125 75
1756615495285 1084.06494140625 76
1756615495383 1009.041015625 77
1756615495480 1150.01220703125 78
1756615495578 1063.6749267578125 79
1756615495676 852.5866088867188 80
1756615495772 1031.928955078125 81
1756615495871 908.4855346679688 82
1756615495968 950.5706787109375 83
1756615496067 1143.06884765625 84
1756615496164 894.0743408203125 85
1756615496262 903.0263671875 86
1756615496361 1090.02587890625 87
1756615496461 990.33056640625 88
1756615496560 1066.529541015625 89
1756615496658 849.553466796875 90
1756615496757 1116.942626953125 91
1756615496854 1163.3690185546875 92
1756615496950 979.6814575195312 93
1756615497047 768.196533203125 94
1756615497146 1000.085205078125 95
1756615497244 1081.31884765625 96
1756615497342 942.7402954101562 97
1756615497440 993.855224609375 98
1756615497536 807.238525390625 99
1756615497635 833.384033203125 100
1756615497731 1013.974853515625 101
1756615497827 1030.144775390625 102
1756615497925 1130.4581298828125 103
1756615498023 949.7562866210938 104
1756615498119 837.3986206054688 105
1756615498216 1075.244140625 106
1756615498315 723.4705200195312 107
1756615498413 960.4804077148438 108
1756615498511 890.4677124023438 109
1756615498607 1180.1322021484375 110
1756615498704 779.5587768554688 111
1756615498800 942.6541137695312 112
1756615498896 1010.5636596679688 113
1756615498994 1117.7115478515625 114
1756615499093 839.186767578125 115
1756615499190 982.1449584960938 116
1756615499290 836.85693359375 117
1756615499388 905.1769409179688 118
1756615499486 715.3333129882812 119
1756615499584 926.33544921875 120
1756615499682 917.9882202148438 121
1756615499780 1051.9222412109375 122
1756615499880 913.884033203125 123
1756615500002 998.9080200195312 124
1756615500102 676.9441528320312 125
1756615500200 1090.3326416015625 126
1756615500296 797.9871826171875 127
1756615500393 919.0121459960938 128
1756615500491 864.2947998046875 129
1756615500589 765.3641357421875 130
1756615500687 966.8352661132812 131
1756615500783 1069.9512939453125 132
1756615500881 1093.8131103515625 133
1756615500980 940.6829833984375 134
1756615501079 789.3584594726562 135
1756615501176 686.8075561523438 136
1756615501273 807.3460083007812 137
1756615501371 1075.14453125 138
1756615501468 931.2683715820312 139
1756615501567 1063.410888671875 140
1756615501671 1031.4739990234375 141
1756615501769 871.4573364257812 142
1756615501867 800.7214965820312 143
1756615501964 1148.0892333984375 144
1756615502061 680.5936889648438 145
1756615502164 1103.754150390625 146
1756615502261 999.9573364257812 147
1756615502358 789.4970092773438 148
1756615502457 951.5359497070312 149
1756615502555 989.4746704101562 150
1756615502654 764.1224365234375 151
1756615502752 925.006103515625 152
1756615502850 826.2880249023438 153
1756615502948 803.2439575195312 154
1756615503047 960.2168579101562 155
1756615503144 1008.6592407226562 156
1756615503243 1065.3287353515625 157
1756615503343 848.2411499023438 158
1756615503441 874.2312622070312 159
1756615503538 991.9711303710938 160
1756615503641 953.1468505859375 161
1756615503739 949.2383422851562 162
1756615503837 868.4723510742188 163
1756615503935 786.3016967773438 164
1756615504034 797.5772094726562 165
1756615504131 1191.9124755859375 166
1756615504229 1129.9383544921875 167
1756615504327 885.4263916015625 168
1756615504425 981.2081909179688 169
1756615504524 943.7741088867188 170
1756615504623 943.5055541992188 171
1756615504720 871.3956298828125 172
1756615504820 790.326171875 173
1756615504918 875.0477294921875 174
1756615505018 977.3671875 175
1756615505115 1040.123779296875 176
1756615505213 994.95361328125 177
1756615505314 925.0732421875 178
1756615505413 1032.038818359375 179
1756615505511 1017.564453125 180
1756615505610 902.0015258789062 181
1756615505709 812.7135620117188 182
1756615505809 1053.202880859375 183
1756615505908 1160.273193359375 184
1756615506007 874.2638549804688 185
1756615506107 826.5071411132812 186
1756615506206 907.2432250976562 187
1756615506306 876.4508666992188 188
1756615506407 1029.6737060546875 189
1756615506507 993.6397094726562 190
1756615506606 836.6517333984375 191
1756615506704 774.8434448242188 192
1756615506803 911.3819580078125 193
1756615506902 875.7156372070312 194
1756615507002 866.9854125976562 195
1756615507101 934.1236572265625 196
1756615507200 1107.7490234375 197
1756615507300 959.155517578125 198
1756615507400 990.6793823242188 199
1756615507501 1076.47900390625 200
1756615507601 1054.3323974609375 201
1756615507702 763.56689453125 202
1756615507801 899.2261962890625 203
1756615507901 1011.7281494140625 204
1756615508002 747.7106323242188 205
1756615508101 1047.4775390625 206
1756615508200 1136.5284423828125 207
1756615508300 1160.038818359375 208
1756615508400 913.7470703125 209
1756615508500 1111.9208984375 210
1756615508599 1025.5804443359375 211
1756615508698 962.9556884765625 212
1756615508798 608.2445068359375 213
1756615508897 1272.533935546875 214
1756615508997 968.6265258789062 215
1756615509096 1018.8885498046875 216
1756615509196 861.6027221679688 217
1756615509296 935.8743286132812 218
1756615509396 1038.547119140625 219
1756615509495 926.6137084960938 220
1756615509593 1025.147705078125 221
1756615509694 1009.565673828125 222
1756615509793 923.1607666015625 223
1756615509892 1040.6988525390625 224
1756615509990 929.0939331054688 225
1756615510090 908.4940795898438 226
1756615510190 875.9605712890625 227
1756615510288 993.8142700195312 228
1756615510388 1121.6500244140625 229
1756615510487 914.9585571289062 230
1756615510588 950.3488159179688 231
1756615510687 819.004638671875 232
1756615510788 995.3654174804688 233
1756615510887 1044.768798828125 234
1756615510987 804.8143920898438 235
1756615511086 902.8825073242188 236
1756615511185 813.193359375 237
1756615511284 892.7044677734375 238
1756615511384 955.2106323242188 239
1756615511485 814.7383422851562 240
1756615511584 847.8087158203125 241
1756615511685 1083.4483642578125 242
1756615511785 964.1696166992188 243
1756615511883 1063.6268310546875 244
1756615511983 891.0645751953125 245
1756615512083 855.1701049804688 246
1756615512182 855.8036499023438 247
1756615512282 990.8956909179688 248
1756615512382 1077.8494873046875 249
1756615512482 1019.5911254882812 250
1756615512582 1014.3046875 251
1756615512680 730.4777221679688 252
1756615512780 803.1737670898438 253
1756615512878 1060.39599609375 254
1756615512978 893.3074951171875 255
1756615513076 969.97998046875 256
1756615513176 1113.484375 257
1756615513275 1004.8662719726562 258
1756615513374 939.7130126953125 259
1756615513474 996.2728881835938 260
1756615513573 848.7127075195312 261
1756615513673 898.53466796875 262
1756615513772 913.4324951171875 263
1756615513873 1056.9158935546875 264
1756615513984 1105.92822265625 265
1756615514084 949.839599609375 266
1756615514185 1029.1845703125 267
1756615514284 1004.2669677734375 268
1756615514383 952.5260009765625 269
1756615514484 1034.2593994140625 270
1756615514584 863.1962280273438 271
1756615514682 1087.709716796875 272
1756615514782 1003.4830322265625 273
1756615514882 918.0459594726562 274
1756615514983 1041.112060546875 275
1756615515083 943.8516845703125 276
1756615515181 1019.9496459960938 277
1756615515283 1010.6716918945312 278
1756615515381 969.6529541015625 279
1756615515480 671.5234985351562 280
1756615515578 854.3988037109375 281
1756615515678 841.57568359375 282
1756615515776 1059.9183349609375 283
1756615515875 957.238525390625 284
1756615515974 966.782470703125 285
1756615516073 1000.6224365234375 286
1756615516172 1062.356201171875 287
1756615516271 931.9215698242188 288
1756615516369 983.814208984375 289
1756615516468 1063.2471923828125 290
1756615516566 1000.4303588867188 291
1756615516665 784.03564453125 292
1756615516764 1111.1065673828125 293
1756615516861 1046.15771484375 294
1756615516960 974.1258544921875 295
1756615517061 1073.8006591796875 296
1756615517159 1111.638671875 297
1756615517258 815.0223999023438 298
1756615517356 893.8671875 299
1756615527602 2466.9443359375 0
1756615527714 2152.777587890625 1
1756615527826 1588.1427001953125 2
1756615527939 1248.5247802734375 3
1756615528047 967.0458374023438 4
1756615528151 1366.25 5
1756615528258 1295.999755859375 6
1756615528368 1192.9444580078125 7
1756615528477 1057.738525390625 8
1756615528585 1118.4903564453125 9
1756615528706 1107.59130859375 10
1756615528859 1022.8935546875 11
1756615528981 1152.223876953125 12
1756615529095 1181.578857421875 13
1756615529205 1102.814208984375 14
1756615529314 1043.338623046875 15
1756615529426 922.1407470703125 16
1756615529546 844.115234375 17
1756615529663 1011.0748291015625 18
1756615529799 1025.4791259765625 19
1756615529916 892.4031372070312 20
1756615530031 791.8477172851562 21
1756615530139 973.8037719726562 22
1756615530246 987.2913208007812 23
1756615530350 939.3110961914062 24
1756615530453 725.9468383789062 25
1756615530554 1121.26416015625 26
1756615530656 1056.72265625 27
1756615530761 1069.4796142578125 28
1756615530872 899.4234008789062 29
1756615530980 840.71142578125 30
1756615531087 855.7276000976562 31
1756615531191 888.0045166015625 32
1756615531302 1049.192626953125 33
1756615531414 1114.676025390625 34
1756615531527 891.8243408203125 35
1756615531640 1077.4097900390625 36
1756615531753 764.007568359375 37
1756615531862 912.7383422851562 38
1756615531969 906.6456909179688 39
1756615532078 774.2232055664062 40
1756615532187 1303.7476806640625 41
1756615532295 947.3488159179688 42
1756615532399 760.739501953125 43
1756615532511 1138.0323486328125 44
1756615532626 819.0560913085938 45
1756615532742 1097.6829833984375 46
1756615532852 1006.5848999023438 47
1756615532960 858.0381469726562 48
1756615533068 939.9454345703125 49
1756615533176 897.8661499023438 50
1756615533290 835.709716796875 51
1756615533401 944.6783447265625 52
1756615533513 975.6295166015625 53
1756615533625 1042.2064208984375 54
1756615533732 774.3350830078125 55
1756615533842 905.5369873046875 56
1756615533946 875.1076049804688 57
1756615534056 1041.7498779296875 58
1756615534167 847.1478881835938 59
1756615534273 998.1014404296875 60
1756615534384 831.0484008789062 61
1756615534492 997.365478515625 62
1756615534605 884.4306030273438 63
1756615534713 808.4432373046875 64
1756615534820 564.8369750976562 65
1756615534925 983.42626953125 66
1756615535035 768.5950317382812 67
1756615535140 709.6314086914062 68
1756615535248 687.1451416015625 69
1756615535361 1136.064697265625 70
1756615535463 1061.4061279296875 71
1756615535571 956.6351928710938 72
1756615535675 967.5377197265625 73
1756615535782 751.0140991210938 74
1756615535885 699.2273559570312 75
1756615535988 880.904296875 76
1756615536093 776.556640625 77
1756615536197 917.7034301757812 78
1756615536304 836.6312255859375 79
1756615536414 750.3682250976562 80
1756615536523 900.2694091796875 81
1756615536629 709.3683471679688 82
1756615536734 814.3687744140625 83
1756615536839 1032.1307373046875 84
1756615536944 937.7975463867188 85
1756615537055 879.1803588867188 86
1756615537167 952.7626342773438 87
1756615537273 885.85986328125 88
1756615537382 805.06787109375 89
1756615537488 995.4738159179688 90
1756615537593 789.357666015625 91
1756615537708 936.2392578125 92
1756615537844 884.9529418945312 93
1756615537961 828.42529296875 94
1756615538074 916.8711547851562 95
1756615538181 930.879150390625 96
1756615538286 954.4203491210938 97
1756615538394 1036.384521484375 98
1756615538500 861.6054077148438 99
1756615538608 1001.7013549804688 100
1756615538716 802.5015258789062 101
1756615538823 797.8816528320312 102
1756615538931 1086.7259521484375 103
1756615539040 993.3954467773438 104
1756615539170 820.0835571289062 105
1756615539273 863.6434326171875 106
1756615539379 946.1993408203125 107
1756615539488 1090.85888671875 108
1756615539598 1115.309326171875 109
1756615539706 1049.6400146484375 110
1756615539814 868.9937744140625 111
1756615539925 797.4183959960938 112
1756615540034 765.3668212890625 113
1756615540142 1082.65380859375 114
1756615540252 861.9212036132812 115
1756615540357 1034.497802734375 116
1756615540462 746.001708984375 117
1756615540568 852.4088134765625 118
1756615540677 791.32080078125 119
1756615540787 1108.275390625 120
1756615540897 1068.726318359375 121
1756615541006 986.327392578125 122
1756615541114 1019.986083984375 123
1756615541224 942.1124877929688 124
1756615541340 1064.539794921875 125
1756615541449 914.0484008789062 126
1756615541561 614.3662719726562 127
1756615541678 813.9637451171875 128
1756615541791 843.7799072265625 129
1756615541901 907.1415405273438 130
1756615542011 827.1566162109375 131
1756615542121 1011.3612670898438 132
1756615542228 1000.1451416015625 133
1756615542335 927.8775634765625 134
1756615542441 966.1807250976562 135
1756615542551 984.1663208007812 136
1756615542661 794.703857421875 137
1756615542770 1068.718505859375 138
1756615542878 968.0867919921875 139
1756615542983 808.5369262695312 140
1756615543089 940.9312744140625 141
1756615543197 921.5210571289062 142
1756615543303 959.0040283203125 143
1756615543407 984.1161499023438 144
1756615543510 844.707763671875 145
1756615543621 1001.7984008789062 146
1756615543728 1162.523681640625 147
1756615543835 935.738525390625 148
1756615543939 1065.6568603515625 149
1756615544048 986.8347778320312 150
1756615544157 1122.454833984375 151
1756615544265 868.3699340820312 152
1756615544374 1014.8890991210938 153
1756615544481 1022.6055908203125 154
1756615544585 1238.8004150390625 155
1756615544687 925.06201171875 156
1756615544790 932.3203125 157
1756615544900 993.5194091796875 158
1756615545012 717.2337036132812 159
1756615545124 867.8907470703125 160
1756615545234 675.7573852539062 161
1756615545345 851.5101928710938 162
1756615545453 785.7592163085938 163
1756615545561 950.952392578125 164
1756615545673 972.2416381835938 165
1756615545783 916.5352172851562 166
1756615545896 987.3387451171875 167
1756615546014 1022.6220703125 168
1756615546127 1263.6195068359375 169
1756615546235 919.303466796875 170
1756615546343 1040.0438232421875 171
1756615546455 1182.0513916015625 172
1756615546563 1067.6993408203125 173
1756615546670 866.3480834960938 174
1756615546779 610.9009399414062 175
1756615546894 964.87744140625 176
1756615547003 704.2332153320312 177
1756615547110 1069.9122314453125 178
1756615547217 800.4882202148438 179
1756615547323 832.5886840820312 180
1756615547430 1079.2467041015625 181
1756615547535 1016.6157836914062 182
1756615547650 1157.685791015625 183
1756615547758 911.334716796875 184
1756615547866 775.76220703125 185
1756615547975 884.2581176757812 186
1756615548082 778.8805541992188 187
1756615548186 967.5147094726562 188
1756615548295 910.7064208984375 189
1756615548406 825.8529052734375 190
1756615548516 881.5584716796875 191
1756615548632 1003.434326171875 192
1756615548745 745.4628295898438 193
1756615548854 959.8084716796875 194
1756615548959 802.0062255859375 195
1756615549073 1263.676025390625 196
1756615549175 590.0429077148438 197
1756615549283 1121.65771484375 198
1756615549400 818.881591796875 199
1756615549516 1014.7474365234375 200
1756615549632 780.0106201171875 201
1756615549741 780.2734375 202
1756615549861 824.9602661132812 203
1756615549968 649.8515625 204
1756615550073 922.46630859375 205
1756615550183 919.0225830078125 206
1756615550291 1199.3353271484375 207
1756615550405 949.3793334960938 208
1756615550512 800.70849609375 209
1756615550623 923.6121215820312 210
1756615550735 1096.840576171875 211
1756615550845 791.625 212
1756615550959 832.5279541015625 213
1756615551069 882.2013549804688 214
1756615551178 956.2505493164062 215
1756615551286 930.5003051757812 216
1756615551397 906.2947387695312 217
1756615551506 797.8187255859375 218
1756615551612 1068.849609375 219
1756615551718 1078.8218994140625 220
1756615551830 1062.1820068359375 221
1756615551941 1029.17919921875 222
1756615552051 879.056640625 223
1756615552162 985.6212158203125 224
1756615552270 876.6962280273438 225
1756615552379 934.7408447265625 226
1756615552490 814.379150390625 227
1756615552604 928.2392578125 228
1756615552714 487.49615478515625 229
1756615552826 1049.3433837890625 230
1756615552936 1122.6937255859375 231
1756615553043 614.8341064453125 232
1756615553150 975.2279663085938 233
1756615553260 891.0592041015625 234
1756615553371 1047.3892822265625 235
1756615553478 950.99755859375 236
1756615553583 1099.02001953125 237
1756615553688 984.1795654296875 238
1756615553796 828.2723999023438 239
1756615553904 1153.2611083984375 240
1756615554016 740.3527221679688 241
1756615554126 988.4649658203125 242
1756615554235 1036.9412841796875 243
1756615554350 993.6508178710938 244
1756615554467 833.3267822265625 245
1756615554621 876.9480590820312 246
1756615554725 887.6338500976562 247
1756615554831 982.0734252929688 248
1756615554942 817.77685546875 249
1756615555050 923.8187866210938 250
1756615555162 945.1779174804688 251
1756615555273 947.30126953125 252
1756615555384 873.6276245117188 253
1756615555495 881.514892578125 254
1756615555604 831.954833984375 255
1756615555716 965.7776489257812 256
1756615555825 890.6746826171875 257
1756615555935 820.9044799804688 258
1756615556044 797.1958618164062 259
1756615556152 1250.77880859375 260
1756615556264 852.465576171875 261
1756615556375 1048.0177001953125 262
1756615556493 1020.38330078125 263
1756615556598 809.376953125 264
1756615556710 916.6790161132812 265
1756615556818 887.4558715820312 266
1756615556921 894.3800048828125 267
1756615557031 925.9953002929688 268
1756615557138 1311.9288330078125 269
1756615557250 987.9924926757812 270
1756615557367 877.7791748046875 271
1756615557478 767.1964721679688 272
1756615557584 972.657470703125 273
1756615557691 804.9470825195312 274
1756615557808 809.500732421875 275
1756615557925 922.4708251953125 276
1756615558039 913.4164428710938 277
1756615558154 1066.5238037109375 278
1756615558269 669.1821899414062 279
1756615558376 856.5950927734375 280
1756615558491 914.837890625 281
1756615558599 918.0850219726562 282
1756615558705 896.1402587890625 283
1756615558814 1046.4923095703125 284
1756615558920 826.9569091796875 285
1756615559025 947.8699340820312 286
1756615559132 906.6036376953125 287
1756615559245 1077.1402587890625 288
1756615559356 772.4491577148438 289
1756615559467 798.5062255859375 290
1756615559576 1041.8851318359375 291
1756615559688 874.8170166015625 292
1756615559795 881.4014282226562 293
1756615559904 1119.4273681640625 294
1756615560018 897.387451171875 295
1756615560131 945.375 296
1756615560240 892.323486328125 297
1756615560345 703.3452758789062 298
1756615560462 587.0584106445312 299
1756615570671 2456.986328125 0
1756615570792 2154.77197265625 1
1756615570920 1696.3155517578125 2
1756615571035 1425.0938720703125 3
1756615571142 822.7200927734375 4
1756615571251 1020.782470703125 5
1756615571361 1095.500244140625 6
1756615571467 1155.2945556640625 7
1756615571577 923.8109741210938 8
1756615571695 897.7447509765625 9
1756615571868 786.34423828125 10
1756615571997 1004.76904296875 11
1756615572118 766.8704833984375 12
1756615572231 1089.778564453125 13
1756615572346 787.692626953125 14
1756615572460 708.3761596679688 15
1756615572583 935.6189575195312 16
1756615572701 847.9435424804688 17
1756615572814 1011.1492919921875 18
1756615572942 1095.662109375 19
1756615573059 861.4470825195312 20
1756615573170 816.3171997070312 21
1756615573278 704.1853637695312 22
1756615573384 896.9359741210938 23
1756615573491 957.9178466796875 24
1756615573602 824.310791015625 25
1756615573710 699.5798950195312 26
1756615573819 1117.3629150390625 27
1756615573928 954.6704711914062 28
1756615574039 664.3594970703125 29
1756615574153 949.2457885742188 30
1756615574262 797.530029296875 31
1756615574370 958.2572631835938 32
1756615574476 898.5105590820312 33
1756615574586 991.7664794921875 34
1756615574702 861.1970825195312 35
1756615574815 791.946044921875 36
1756615574922 949.6466674804688 37
1756615575032 874.6651000976562 38
1756615575145 821.08154296875 39
1756615575251 848.0269165039062 40
1756615575360 946.7732543945312 41
1756615575466 918.1790161132812 42
1756615575575 966.9835205078125 43
1756615575687 1028.65966796875 44
1756615575794 953.2025756835938 45
1756615575901 901.2539672851562 46
1756615576011 850.3859252929688 47
1756615576119 1134.3385009765625 48
1756615576225 1083.022705078125 49
1756615576337 964.1876220703125 50
1756615576447 1041.023681640625 51
1756615576556 984.3204956054688 52
1756615576666 893.8253173828125 53
1756615576778 1122.6795654296875 54
1756615576892 963.3355712890625 55
1756615577001 840.1837158203125 56
1756615577112 1091.1275634765625 57
1756615577223 1057.990234375 58
1756615577339 744.9285888671875 59
1756615577442 903.3607788085938 60
1756615577549 812.9288330078125 61
1756615577656 1036.382568359375 62
1756615577763 864.2152709960938 63
1756615577866 1033.49951171875 64
1756615577976 922.902099609375 65
1756615578080 1023.2785034179688 66
1756615578185 1107.7618408203125 67
1756615578301 959.8648071289062 68
1756615578413 1095.484375 69
1756615578520 1022.65380859375 70
1756615578634 836.6869506835938 71
1756615578743 736.4852905273438 72
1756615578859 782.6213989257812 73
1756615578967 939.2940673828125 74
1756615579072 949.1481323242188 75
1756615579176 1021.0994262695312 76
1756615579288 1004.581787109375 77
1756615579399 849.7274780273438 78
1756615579507 725.9011840820312 79
1756615579612 956.9425048828125 80
1756615579720 771.0757446289062 81
1756615579829 708.4761962890625 82
1756615579935 945.70068359375 83
1756615580042 889.382080078125 84
1756615580147 1011.5697631835938 85
1756615580272 686.817138671875 86
1756615580377 787.3450927734375 87
1756615580486 1042.6126708984375 88
1756615580596 769.3721923828125 89
1756615580707 814.4170532226562 90
1756615580816 810.2154541015625 91
1756615580927 975.0389404296875 92
1756615581036 1034.9110107421875 93
1756615581145 874.3853759765625 94
1756615581255 872.4373168945312 95
1756615581361 791.0447998046875 96
1756615581470 917.9129028320312 97
1756615581582 855.8591918945312 98
1756615581692 964.04345703125 99
1756615581801 915.0492553710938 100
1756615581913 1029.6455078125 101
1756615582020 880.4386596679688 102
1756615582129 696.3671875 103
1756615582236 904.4879760742188 104
1756615582343 1084.113525390625 105
1756615582465 937.8866577148438 106
1756615582577 889.4385375976562 107
1756615582690 1130.8541259765625 108
1756615582806 1189.7218017578125 109
1756615582918 1004.931640625 110
1756615583025 908.4404907226562 111
1756615583137 1031.5107421875 112
1756615583245 752.2067260742188 113
1756615583350 1159.0511474609375 114
1756615583456 896.0396118164062 115
1756615583568 786.939208984375 116
1756615583680 881.6498413085938 117
1756615583788 846.618408203125 118
1756615583897 1037.04833984375 119
1756615584005 848.406982421875 120
1756615584113 994.5595092773438 121
1756615584222 846.3257446289062 122
1756615584332 861.505859375 123
1756615584440 822.668701171875 124
1756615584548 855.1204833984375 125
1756615584656 1224.7296142578125 126
1756615584776 1026.546630859375 127
1756615584896 827.0442504882812 128
1756615585011 692.6635131835938 129
1756615585120 898.01318359375 130
1756615585233 863.6970825195312 131
1756615585352 940.9053955078125 132
1756615585463 1107.5128173828125 133
1756615585571 717.0756225585938 134
1756615585676 845.7733154296875 135
1756615585786 1205.774169921875 136
1756615585896 727.1529541015625 137
1756615585999 832.1781005859375 138
1756615586114 1026.004150390625 139
1756615586222 875.8180541992188 140
1756615586332 853.0965576171875 141
1756615586439 994.0189208984375 142
1756615586546 793.491455078125 143
1756615586652 672.642822265625 144
1756615586764 935.0147094726562 145
1756615586875 1050.845458984375 146
1756615586983 958.6302490234375 147
1756615587085 1011.3386840820312 148
1756615587196 1190.693359375 149
1756615587304 695.7094116210938 150
1756615587412 904.2357177734375 151
1756615587520 722.6853637695312 152
1756615587627 896.5159912109375 153
1756615587736 836.7716674804688 154
1756615587843 987.1984252929688 155
1756615587949 936.4295043945312 156
1756615588064 881.3812255859375 157
1756615588176 986.000732421875 158
1756615588280 1061.2457275390625 159
1756615588388 1047.490234375 160
1756615588495 957.354736328125 161
1756615588601 876.246337890625 162
1756615588708 879.522705078125 163
1756615588817 831.1370239257812 164
1756615588924 823.4842529296875 165
1756615589032 728.8502197265625 166
1756615589136 698.9105834960938 167
1756615589247 923.3308715820312 168
1756615589353 775.1896362304688 169
1756615589464 1017.159912109375 170
1756615589568 742.5313110351562 171
1756615589674 1045.1619873046875 172
1756615589786 852.9176635742188 173
1756615589893 894.51904296875 174
1756615589997 885.659912109375 175
1756615590106 984.0958862304688 176
1756615590214 953.1091918945312 177
1756615590322 828.0037841796875 178
1756615590432 794.9769287109375 179
1756615590540 1036.968994140625 180
1756615590649 817.6835327148438 181
1756615590756 671.884033203125 182
1756615590871 859.407958984375 183
1756615590978 661.2514038085938 184
1756615591083 1128.5191650390625 185
1756615591197 1045.6595458984375 186
1756615591305 830.6906127929688 187
1756615591415 822.5520629882812 188
1756615591527 713.2069091796875 189
1756615591634 886.9962158203125 190
1756615591744 870.0242919921875 191
1756615591854 1064.0999755859375 192
1756615591960 866.8693237304688 193
1756615592070 1028.6773681640625 194
1756615592175 989.94287109375 195
1756615592281 1041.0987548828125 196
1756615592391 1125.005126953125 197
1756615592503 943.1651000976562 198
1756615592608 823.9750366210938 199
1756615592721 704.873046875 200
1756615592836 1041.578125 201
1756615592942 1054.43896484375 202
1756615593050 935.0783081054688 203
1756615593164 863.2764282226562 204
1756615593273 872.071044921875 205
1756615593384 1042.5882568359375 206
1756615593487 946.1302490234375 207
1756615593594 955.3267822265625 208
1756615593699 845.7225952148438 209
1756615593808 1104.05859375 210
1756615593915 696.0230712890625 211
1756615594023 1157.056640625 212
1756615594134 1067.15087890625 213
1756615594242 1018.649658203125 214
1756615594348 763.3794555664062 215
1756615594456 973.0963134765625 216
1756615594563 796.0147705078125 217
1756615594674 831.0429077148438 218
1756615594781 845.2603759765625 219
1756615594890 1105.734619140625 220
1756615595000 1141.6854248046875 221
1756615595108 1033.0126953125 222
1756615595216 876.5361328125 223
1756615595326 915.9937133789062 224
1756615595438 1005.7488403320312 225
1756615595549 928.388671875 226
1756615595668 930.3489379882812 227
1756615595782 934.6790161132812 228
1756615595890 1040.112548828125 229
1756615595998 999.9769287109375 230
1756615596107 889.7665405273438 231
1756615596217 940.6077880859375 232
1756615596324 1177.3516845703125 233
1756615596432 901.5581665039062 234
1756615596542 930.184326171875 235
1756615596654 976.1808471679688 236
1756615596760 848.327392578125 237
1756615596869 1199.710693359375 238
1756615596980 1042.32470703125 239
1756615597087 736.1314697265625 240
1756615597198 886.07275390625 241
1756615597307 984.1453247070312 242
1756615597412 919.884765625 243
1756615597523 839.9873657226562 244
1756615597635 801.422607421875 245
1756615597743 948.3023071289062 246
1756615597848 757.196044921875 247
1756615597957 758.8525390625 248
1756615598070 1026.776611328125 249
1756615598176 1063.9241943359375 250
1756615598282 753.9772338867188 251
1756615598388 898.5270385742188 252
1756615598511 805.715576171875 253
1756615598622 840.4475708007812 254
1756615598732 707.9974365234375 255
1756615598839 998.75830078125 256
1756615598952 920.3060302734375 257
1756615599064 744.2012329101562 258
1756615599171 795.4970092773438 259
1756615599276 740.5651245117188 260
1756615599383 818.8724365234375 261
1756615599503 959.1185302734375 262
1756615599618 863.0885620117188 263
1756615599733 867.3826904296875 264
1756615599845 1153.089599609375 265
1756615599956 846.6531372070312 266
1756615600069 689.1600952148438 267
1756615600179 721.107421875 268
1756615600289 702.2423095703125 269
1756615600397 963.7706298828125 270
1756615600506 942.3164672851562 271
1756615600615 849.7189331054688 272
1756615600720 879.7965087890625 273
1756615600830 841.1468505859375 274
1756615600943 1068.0316162109375 275
1756615601059 971.190673828125 276
1756615601162 887.6636962890625 277
1756615601276 1086.467041015625 278
1756615601387 701.4828491210938 279
1756615601495 673.9033203125 280
1756615601605 939.1592407226562 281
1756615601709 1227.9365234375 282
1756615601815 1080.0079345703125 283
1756615601920 843.6974487304688 284
1756615602032 693.5703125 285
1756615602136 733.9515380859375 286
1756615602245 917.0980834960938 287
1756615602353 971.4229125976562 288
1756615602460 1017.02392578125 289
1756615602565 936.895263671875 290
1756615602670 923.7083740234375 291
1756615602781 1032.11669921875 292
1756615602890 889.0560913085938 293
1756615603002 1072.74267578125 294
1756615603114 909.4466552734375 295
1756615603225 1008.610107421875 296
1756615603334 829.9100952148438 297
1756615603447 809.64013671875 298
1756615603560 994.8302001953125 299
1756615613846 2547.29248046875 0
1756615613976 2411.611328125 1
1756615614101 2280.159912109375 2
1756615614227 1847.5103759765625 3
1756615614355 1685.328857421875 4
1756615614480 1374.43408203125 5
1756615614605 1368.15087890625 6
1756615614731 1388.5648193359375 7
1756615614865 1381.56103515625 8
1756615615057 1371.6534423828125 9
1756615615214 1454.031005859375 10
1756615615361 1092.80029296875 11
1756615615508 1345.9595947265625 12
1756615615659 1597.2451171875 13
1756615615807 899.5317993164062 14
1756615615947 1224.0159912109375 15
1756615616103 1360.849609375 16
1756615616234 1211.7601318359375 17
1756615616359 1290.61474609375 18
1756615616484 1312.3619384765625 19
1756615616610 1493.43408203125 20
1756615616735 1511.550048828125 21
1756615616862 1246.9896240234375 22
1756615616988 1383.885498046875 23
1756615617113 1227.3245849609375 24
1756615617241 1148.752197265625 25
1756615617368 1247.1416015625 26
1756615617493 1428.6387939453125 27
1756615617619 1315.18896484375 28
1756615617744 1448.7132568359375 29
1756615617871 1477.6136474609375 30
1756615617997 1543.8441162109375 31
1756615618124 1348.286865234375 32
1756615618251 1145.9857177734375 33
1756615618379 1451.099365234375 34
1756615618507 1366.05419921875 35
1756615618633 1320.7152099609375 36
1756615618761 1440.961181640625 37
1756615618890 1385.6868896484375 38
1756615619019 1169.7882080078125 39
1756615619147 1226.1728515625 40
1756615619275 1410.492431640625 41
1756615619404 1320.359375 42
1756615619533 1304.749755859375 43
1756615619661 1409.049560546875 44
1756615619787 1335.08154296875 45
1756615619916 1286.3697509765625 46
1756615620045 1345.3861083984375 47
1756615620174 1235.1416015625 48
1756615620301 1197.4056396484375 49
1756615620429 1289.2686767578125 50
1756615620555 1363.5909423828125 51
1756615620682 1633.2510986328125 52
1756615620809 1424.09716796875 53
1756615620935 1398.88134765625 54
1756615621061 1291.4971923828125 55
1756615621187 1180.654052734375 56
1756615621314 1320.2921142578125 57
1756615621440 1399.7181396484375 58
1756615621566 1367.4356689453125 59
1756615621693 1465.9520263671875 60
1756615621820 1437.3226318359375 61
1756615621946 1353.7757568359375 62
1756615622073 1344.3988037109375 63
1756615622200 1123.537841796875 64
1756615622326 1249.2799072265625 65
1756615622453 1191.3427734375 66
1756615622603 1536.8101806640625 67
1756615622729 1431.69140625 68
1756615622857 1074.8905029296875 69
1756615622984 1492.1865234375 70
1756615623112 1519.5076904296875 71
1756615623238 1526.3370361328125 72
1756615623365 1352.281005859375 73
1756615623492 1438.20361328125 74
1756615623618 1198.4688720703125 75
1756615623744 1562.6944580078125 76
1756615623871 1161.5146484375 77
1756615623998 1490.0975341796875 78
1756615624125 1534.8218994140625 79
1756615624251 1394.4337158203125 80
1756615624378 1455.5076904296875 81
1756615624505 1294.2066650390625 82
1756615624644 1287.0196533203125 83
1756615624772 1366.4881591796875 84
1756615624899 1361.500244140625 85
1756615625025 1154.217041015625 86
1756615625152 1214.3377685546875 87
1756615625280 1271.8868408203125 88
1756615625408 1337.369140625 89
1756615625536 1263.2542724609375 90
1756615625663 1226.44580078125 91
1756615625791 1290.29931640625 92
1756615625919 1590.6070556640625 93
1756615626047 1132.922607421875 94
1756615626174 1370.6676025390625 95
1756615626301 1690.6187744140625 96
1756615626429 1337.447998046875 97
1756615626556 1263.3712158203125 98
1756615626683 1523.7354736328125 99
1756615626811 1374.994873046875 100
1756615626938 1236.629150390625 101
1756615627067 1477.5015869140625 102
1756615627196 1408.2427978515625 103
1756615627324 1507.0634765625 104
1756615627453 1130.309326171875 105
1756615627584 1327.49267578125 106
1756615627711 1361.11328125 107
1756615627839 1174.5379638671875 108
1756615627966 1071.8963623046875 109
1756615628093 1204.52734375 110
1756615628221 1533.1568603515625 111
1756615628350 1284.694091796875 112
1756615628477 1247.7000732421875 113
1756615628606 1177.7354736328125 114
1756615628735 1599.597900390625 115
1756615628862 1736.7119140625 116
1756615628991 1244.5709228515625 117
1756615629120 1477.1573486328125 118
1756615629246 1278.9718017578125 119
1756615629375 1206.5062255859375 120
1756615629504 1406.9500732421875 121
1756615629631 1292.4176025390625 122
1756615629760 1312.6561279296875 123
1756615629889 1392.8167724609375 124
1756615630018 1483.554443359375 125
1756615630145 1193.1741943359375 126
1756615630273 1083.2315673828125 127
1756615630401 1146.8201904296875 128
1756615630529 1480.4951171875 129
1756615630658 1279.40869140625 130
1756615630787 1511.9437255859375 131
1756615630916 1383.7593994140625 132
1756615631045 1259.5645751953125 133
1756615631173 1568.5059814453125 134
1756615631302 1673.204833984375 135
1756615631431 1197.805908203125 136
1756615631559 1371.74462890625 137
1756615631688 1167.4130859375 138
1756615631817 1380.362548828125 139
1756615631946 1309.306884765625 140
1756615632074 1179.508056640625 141
1756615632203 1400.6544189453125 142
1756615632333 1525.5560302734375 143
1756615632461 1396.4869384765625 144
1756615632590 1442.7191162109375 145
1756615632719 1379.6156005859375 146
1756615632849 1509.49267578125 147
1756615632976 1654.8177490234375 148
1756615633105 1332.412841796875 149
1756615633232 1576.114013671875 150
1756615633361 1470.720458984375 151
1756615633489 1185.1287841796875 152
1756615633617 1364.3585205078125 153
1756615633746 1104.875732421875 154
1756615633873 1243.6280517578125 155
1756615634001 1271.2232666015625 156
1756615634129 1237.926025390625 157
1756615634258 1624.5631103515625 158
1756615634388 1005.659912109375 159
1756615634517 1349.495849609375 160
1756615634647 1548.30859375 161
1756615634776 1220.8309326171875 162
1756615634907 1264.2646484375 163
1756615635036 1433.467041015625 164
1756615635166 1045.5977783203125 165
1756615635295 1256.8302001953125 166
1756615635426 1376.3211669921875 167
1756615635556 1405.458251953125 168
1756615635687 1265.3619384765625 169
1756615635817 1438.6685791015625 170
1756615635947 1138.8140869140625 171
1756615636077 1331.7314453125 172
1756615636207 1383.878662109375 173
1756615636337 1347.6087646484375 174
1756615636469 1212.0811767578125 175
1756615636600 1548.4693603515625 176
1756615636733 1518.2861328125 177
1756615636864 1325.3011474609375 178
1756615636995 1098.144287109375 179
1756615637125 1248.5487060546875 180
1756615637256 1180.3321533203125 181
1756615637386 1476.8548583984375 182
1756615637518 1234.0997314453125 183
1756615637665 1322.967041015625 184
1756615637794 1217.540283203125 185
1756615637925 1142.677490234375 186
1756615638056 1418.5625 187
1756615638187 1286.8822021484375 188
1756615638318 1394.7823486328125 189
1756615638448 1066.1331787109375 190
1756615638579 1391.1361083984375 191
1756615638709 1363.88330078125 192
1756615638840 1368.702392578125 193
1756615638970 1111.327392578125 194
1756615639102 1324.716796875 195
1756615639232 1118.623046875 196
1756615639364 1426.806884765625 197
1756615639495 1512.4052734375 198
1756615639627 1001.803955078125 199
1756615639768 1535.2099609375 200
1756615639899 1364.6795654296875 201
1756615640031 1193.7711181640625 202
1756615640163 1062.424560546875 203
1756615640294 1450.2738037109375 204
1756615640427 1403.8685302734375 205
1756615640558 1428.39111328125 206
1756615640689 1372.9759521484375 207
1756615640831 1401.6898193359375 208
1756615640963 1134.7532958984375 209
1756615641094 1188.2010498046875 210
1756615641227 1391.5474853515625 211
1756615641358 1238.200439453125 212
1756615641489 1232.7725830078125 213
1756615641621 1344.9879150390625 214
1756615641752 1343.215576171875 215
1756615641884 1025.444580078125 216
1756615642015 1490.934326171875 217
1756615642147 1573.1773681640625 218
1756615642279 1225.08740234375 219
1756615642409 1546.1500244140625 220
1756615642540 1636.740966796875 221
1756615642670 1390.083251953125 222
1756615642801 1506.2447509765625 223
1756615642932 1383.1751708984375 224
1756615643063 1237.5341796875 225
1756615643195 1413.2860107421875 226
1756615643327 1463.7154541015625 227
1756615643459 1303.5391845703125 228
1756615643588 1365.14404296875 229
1756615643720 1388.3414306640625 230
1756615643850 1097.69140625 231
1756615643982 1275.2633056640625 232
1756615644113 1287.9705810546875 233
1756615644244 1250.800537109375 234
1756615644375 1325.900390625 235
1756615644505 1126.1204833984375 236
1756615644636 1438.6798095703125 237
1756615644768 1233.393798828125 238
1756615644898 1343.6827392578125 239
1756615645029 1571.3809814453125 240
1756615645161 1362.4139404296875 241
1756615645293 1055.7352294921875 242
1756615645436 1275.8546142578125 243
1756615645570 1334.2119140625 244
1756615645702 1353.445556640625 245
1756615645841 1244.5947265625 246
1756615645974 1336.447998046875 247
1756615646106 1375.678466796875 248
1756615646240 1509.242431640625 249
1756615646372 1452.94970703125 250
1756615646503 1482.23291015625 251
1756615646636 1402.3992919921875 252
1756615646770 1329.859619140625 253
1756615646903 1398.3375244140625 254
1756615647038 1545.526123046875 255
1756615647170 1218.4007568359375 256
1756615647303 1584.6402587890625 257
1756615647438 1452.3172607421875 258
1756615647571 1231.4957275390625 259
1756615647703 1191.90869140625 260
1756615647835 1274.6927490234375 261
1756615647967 1493.1568603515625 262
1756615648100 1498.117431640625 263
1756615648243 1118.6614990234375 264
1756615648375 1250.6663818359375 265
1756615648509 1439.5626220703125 266
1756615648641 1381.8919677734375 267
1756615648773 1310.734375 268
1756615648905 1238.849365234375 269
1756615649038 1436.76513671875 270
1756615649170 1154.5262451171875 271
1756615649302 1421.2943115234375 272
1756615649435 1631.7735595703125 273
1756615649567 1219.1490478515625 274
1756615649700 1234.03466796875 275
1756615649832 1288.3626708984375 276
1756615649965 1503.4801025390625 277
1756615650099 1059.832763671875 278
1756615650230 1422.1583251953125 279
1756615650362 1360.5491943359375 280
1756615650496 1591.1239013671875 281
1756615650629 1163.106689453125 282
1756615650760 1254.8204345703125 283
1756615650892 1320.809814453125 284
1756615651024 1359.8587646484375 285
1756615651157 1382.0030517578125 286
1756615651290 1286.70654296875 287
1756615651424 1376.343505859375 288
1756615651555 1666.5325927734375 289
1756615651688 1507.89599609375 290
1756615651820 1603.0194091796875 291
1756615651953 1374.648681640625 292
1756615652086 1437.77197265625 293
1756615652219 1172.312744140625 294
1756615652352 1479.4017333984375 295
1756615652484 1282.0869140625 296
1756615652618 1300.6478271484375 297
1756615652751 1634.0926513671875 298
1756615652885 1746.381591796875 299
1756615663139 2447.216796875 0
1756615663271 2234.379638671875 1
1756615663402 1751.6551513671875 2
1756615663531 1154.204345703125 3
1756615663661 1128.9512939453125 4
1756615663791 1122.956787109375 5
1756615663921 1255.2271728515625 6
1756615664051 1442.1336669921875 7
1756615664187 1071.697509765625 8
1756615664394 1203.166015625 9
1756615664551 1109.37158203125 10
1756615664698 1215.947265625 11
1756615664847 1152.6790771484375 12
1756615665001 1230.01416015625 13
1756615665164 1182.653564453125 14
1756615665331 1167.0828857421875 15
1756615665493 1217.2529296875 16
1756615665633 1212.9232177734375 17
1756615665762 1011.7381591796875 18
1756615665893 1259.137451171875 19
1756615666024 1140.8623046875 20
1756615666156 1035.552001953125 21
1756615666287 1292.7271728515625 22
1756615666417 1104.741943359375 23
1756615666549 1164.2177734375 24
1756615666680 1132.510498046875 25
1756615666811 1038.6790771484375 26
1756615666942 1078.0264892578125 27
1756615667073 1238.4813232421875 28
1756615667204 1071.30078125 29
1756615667334 1155.510498046875 30
1756615667465 1225.09375 31
1756615667597 1174.0523681640625 32
1756615667727 1105.4820556640625 33
1756615667858 1106.6387939453125 34
1756615667989 978.4576416015625 35
1756615668120 1157.291748046875 36
1756615668249 1196.3973388671875 37
1756615668379 1085.31884765625 38
1756615668510 981.2970581054688 39
1756615668640 1230.2125244140625 40
1756615668771 1365.299072265625 41
1756615668901 1355.5802001953125 42
1756615669031 1122.745849609375 43
1756615669161 1165.4427490234375 44
1756615669293 939.7850341796875 45
1756615669424 1307.9381103515625 46
1756615669556 1128.986572265625 47
1756615669696 983.6194458007812 48
1756615669880 1255.9718017578125 49
1756615670010 1071.1162109375 50
1756615670141 1183.057373046875 51
1756615670271 1209.224609375 52
1756615670406 1013.4442749023438 53
1756615670536 1199.974609375 54
1756615670667 1057.0643310546875 55
1756615670798 1064.2547607421875 56
1756615670928 983.5118408203125 57
1756615671060 994.0307006835938 58
1756615671191 1195.412109375 59
1756615671321 1279.0791015625 60
1756615671453 949.2053833007812 61
1756615671583 1304.7041015625 62
1756615671713 1204.8919677734375 63
1756615671844 903.8070678710938 64
1756615671976 921.4761962890625 65
1756615672106 946.560791015625 66
1756615672236 971.6235961914062 67
1756615672366 1118.228759765625 68
1756615672497 1072.3824462890625 69
1756615672628 1034.56982421875 70
1756615672759 1117.6190185546875 71
1756615672889 1009.73388671875 72
1756615673020 1181.625244140625 73
1756615673150 871.2811279296875 74
1756615673281 1142.148193359375 75
1756615673415 1155.1556396484375 76
1756615673546 1255.65576171875 77
1756615673676 1182.4619140625 78
1756615673806 939.2272338867188 79
1756615673937 1043.5357666015625 80
1756615674068 1233.830322265625 81
1756615674198 1011.3512573242188 82
1756615674328 1105.9072265625 83
1756615674459 1210.3341064453125 84
1756615674590 991.2505493164062 85
1756615674721 890.3555297851562 86
1756615674851 1123.0224609375 87
1756615674982 865.573974609375 88
1756615675114 1210.9014892578125 89
1756615675245 1298.412841796875 90
1756615675377 1005.48193359375 91
1756615675509 1027.3773193359375 92
1756615675640 1158.59375 93
1756615675771 1277.4398193359375 94
1756615675903 1270.2210693359375 95
1756615676034 1109.95703125 96
1756615676164 941.7098999023438 97
1756615676295 1182.781494140625 98
1756615676426 1127.5960693359375 99
1756615676558 939.560791015625 100
1756615676688 1333.5697021484375 101
1756615676818 1261.971923828125 102
1756615676951 1207.6322021484375 103
1756615677082 1096.9906005859375 104
1756615677214 1155.8714599609375 105
1756615677344 1297.2698974609375 106
1756615677475 1062.9278564453125 107
1756615677606 1287.5875244140625 108
1756615677739 1288.0450439453125 109
1756615677870 1147.419189453125 110
1756615678001 986.384765625 111
1756615678133 756.9718627929688 112
1756615678264 1175.5150146484375 113
1756615678395 993.9945678710938 114
1756615678527 1372.4244384765625 115
1756615678658 1069.798828125 116
1756615678789 1165.7413330078125 117
1756615678920 1085.1895751953125 118
1756615679051 1215.5521240234375 119
1756615679183 994.2470092773438 120
1756615679313 1092.906494140625 121
1756615679445 1092.077880859375 122
1756615679576 1222.812744140625 123
1756615679706 958.7946166992188 124
1756615679836 1135.848876953125 125
1756615679967 1143.5029296875 126
1756615680101 1062.0684814453125 127
1756615680232 1310.86181640625 128
1756615680363 995.0310668945312 129
1756615680494 1112.0263671875 130
1756615680627 1337.3603515625 131
1756615680757 956.2930297851562 132
1756615680888 1110.2972412109375 133
1756615681019 964.6920166015625 134
1756615681150 859.7491455078125 135
1756615681282 1101.9527587890625 136
1756615681413 1145.6744384765625 137
1756615681548 1090.207275390625 138
1756615681679 1057.6224365234375 139
1756615681811 927.0009155273438 140
1756615681942 1183.540283203125 141
1756615682073 1065.67041015625 142
1756615682206 1180.2916259765625 143
1756615682336 1244.1607666015625 144
1756615682470 1112.7919921875 145
1756615682602 1096.8704833984375 146
1756615682733 1369.336181640625 147
1756615682864 1068.2724609375 148
1756615682995 1001.8894653320312 149
1756615683126 970.4553833007812 150
1756615683257 766.4880981445312 151
1756615683388 1106.8310546875 152
1756615683521 1093.35546875 153
1756615683657 1213.583740234375 154
1756615683788 1064.533935546875 155
1756615683918 1206.00634765625 156
1756615684049 1121.0458984375 157
1756615684181 943.9841918945312 158
1756615684312 1255.8172607421875 159
1756615684443 1257.4471435546875 160
1756615684573 1106.1500244140625 161
1756615684703 1068.06640625 162
1756615684834 982.3466796875 163
1756615684963 1044.259033203125 164
1756615685092 825.2445678710938 165
1756615685223 1202.2496337890625 166
1756615685353 1324.9599609375 167
1756615685485 982.8984375 168
1756615685615 995.9517822265625 169
1756615685746 964.1261596679688 170
1756615685876 1209.8118896484375 171
1756615686007 1253.3106689453125 172
1756615686138 1161.641357421875 173
1756615686268 1375.188232421875 174
1756615686398 1011.1223754882812 175
1756615686530 1095.5865478515625 176
1756615686659 1382.0472412109375 177
1756615686789 1279.613525390625 178
1756615686921 1198.4840087890625 179
1756615687052 1139.75390625 180
1756615687183 1090.7174072265625 181
1756615687313 1132.7457275390625 182
1756615687444 1115.614501953125 183
1756615687576 882.8134155273438 184
1756615687708 1208.2269287109375 185
1756615687839 1290.9786376953125 186
1756615687969 1165.94970703125 187
1756615688099 1019.5138549804688 188
1756615688258 1234.560791015625 189
1756615688392 1169.0533447265625 190
1756615688523 1041.2860107421875 191
1756615688655 993.4318237304688 192
1756615688786 1128.36572265625 193
1756615688918 1137.629638671875 194
1756615689050 993.0112915039062 195
1756615689181 882.1864624023438 196
1756615689313 1015.2185668945312 197
1756615689446 1093.0531005859375 198
1756615689576 1034.1910400390625 199
1756615689707 1056.2587890625 200
1756615689837 1028.69677734375 201
1756615689969 991.111328125 202
1756615690100 1110.5390625 203
1756615690233 1088.5113525390625 204
1756615690364 923.905517578125 205
1756615690499 1193.9332275390625 206
1756615690635 1038.311767578125 207
1756615690767 821.1975708007812 208
1756615690898 970.71435546875 209
1756615691031 1231.4195556640625 210
1756615691161 970.5279541015625 211
1756615691292 991.2213134765625 212
1756615691423 1021.8919677734375 213
1756615691554 1160.8804931640625 214
1756615691685 1151.58203125 215
1756615691818 1366.3780517578125 216
1756615691950 983.8456420898438 217
1756615692081 1089.6920166015625 218
1756615692213 1155.249755859375 219
1756615692344 970.667236328125 220
1756615692474 1226.8232421875 221
1756615692606 1029.3936767578125 222
1756615692737 1169.5950927734375 223
1756615692868 1168.4493408203125 224
1756615693000 1094.8570556640625 225
1756615693131 1243.9949951171875 226
1756615693262 1096.85498046875 227
1756615693395 1112.8040771484375 228
1756615693526 1219.4976806640625 229
1756615693657 1282.5118408203125 230
1756615693788 1416.86083984375 231
1756615693919 1163.1951904296875 232
1756615694051 1417.711181640625 233
1756615694182 1632.5330810546875 234
1756615694313 1133.0970458984375 235
1756615694443 1080.2763671875 236
1756615694576 964.277099609375 237
1756615694706 1068.1016845703125 238
1756615694837 1083.1419677734375 239
1756615694969 1095.5113525390625 240
1756615695101 976.2772216796875 241
1756615695232 1162.3238525390625 242
1756615695364 991.5921630859375 243
1756615695496 1279.6761474609375 244
1756615695627 1156.6778564453125 245
1756615695758 1265.7784423828125 246
1756615695889 958.043212890625 247
1756615696020 1162.773193359375 248
1756615696152 1030.0283203125 249
1756615696283 1162.4886474609375 250
1756615696414 1014.4738159179688 251
1756615696546 1142.1534423828125 252
1756615696681 1285.785888671875 253
1756615696812 1060.6763916015625 254
1756615696944 1096.1973876953125 255
1756615697074 1044.8555908203125 256
1756615697352 1230.075439453125 258
1756615697507 1056.4993896484375 259
1756615697664 1093.1844482421875 260
1756615697206 937.4696655273438 257
1756615697807 1155.745361328125 261
1756615697938 970.1978759765625 262
1756615698068 1285.31884765625 263
1756615698200 964.182861328125 264
1756615698331 965.6095581054688 265
1756615698462 1038.479248046875 266
1756615698593 1166.1712646484375 267
1756615698723 1042.38427734375 268
1756615698854 1211.1273193359375 269
1756615698985 1148.1806640625 270
1756615699117 1130.935302734375 271
1756615699249 866.464599609375 272
1756615699380 1036.229248046875 273
1756615699513 1143.707763671875 274
1756615699644 1296.5380859375 275
1756615699775 930.240234375 276
1756615699907 1099.537353515625 277
1756615700037 1270.1343994140625 278
1756615700170 1064.68994140625 279
1756615700302 924.2216796875 280
1756615700433 1159.078857421875 281
1756615700564 1197.87646484375 282
1756615700694 1081.1640625 283
1756615700825 1123.3231201171875 284
1756615700955 1115.7296142578125 285
1756615701086 1071.3685302734375 286
1756615701218 1206.57373046875 287
1756615701348 1161.7684326171875 288
1756615701481 1183.8277587890625 289
1756615701612 1193.7969970703125 290
1756615701744 1159.3714599609375 291
1756615701876 1019.2847290039062 292
1756615702008 1003.865478515625 293
1756615702143 1090.3876953125 294
1756615702275 961.5928344726562 295
1756615702407 1114.6715087890625 296
1756615702538 1276.84765625 297
1756615702671 1163.211181640625 298
1756615702802 1240.4130859375 299
1756615713076 2485.68408203125 0
1756615713215 2081.210205078125 1
1756615713346 1487.87841796875 2
1756615713478 1144.6441650390625 3
1756615713609 1375.8736572265625 4
1756615713740 1244.0693359375 5
1756615713871 1214.01220703125 6
1756615714002 1138.1514892578125 7
1756615714142 1253.2552490234375 8
1756615714346 923.9730834960938 9
1756615714502 1140.31640625 10
1756615714652 1114.0697021484375 11
1756615714803 1048.1796875 12
1756615714962 1152.2486572265625 13
1756615715112 906.55224609375 14
1756615715258 1091.8851318359375 15
1756615715422 1162.1195068359375 16
1756615715564 1000.3512573242188 17
1756615715708 1159.8333740234375 18
1756615715851 1066.4105224609375 19
1756615715991 1301.400390625 20
1756615716126 896.35986328125 21
1756615716271 1141.9532470703125 22
1756615716414 1065.95849609375 23
1756615716554 1173.0125732421875 24
1756615716690 1048.482421875 25
1756615716829 1020.2742919921875 26
1756615716970 1039.698974609375 27
1756615717114 996.2156372070312 28
1756615717268 1097.423828125 29
1756615717442 896.5609741210938 30
1756615717580 1199.64599609375 31
1756615717720 1067.6651611328125 32
1756615717861 1042.7496337890625 33
1756615718003 1000.57470703125 34
1756615718148 910.646484375 35
1756615718283 970.8501586914062 36
1756615718415 1244.7921142578125 37
1756615718553 983.4066162109375 38
1756615718695 936.3584594726562 39
1756615718831 1019.1158447265625 40
1756615718972 1117.5013427734375 41
1756615719109 1164.3271484375 42
1756615719244 1100.7847900390625 43
1756615719375 1091.0550537109375 44
1756615719507 954.8192749023438 45
1756615719638 1033.4815673828125 46
1756615719768 1073.3211669921875 47
1756615719899 1048.30029296875 48
1756615720033 1261.7354736328125 49
1756615720164 1117.17041015625 50
1756615720295 974.0567626953125 51
1756615720427 1097.7115478515625 52
1756615720559 926.7001342773438 53
1756615720691 1190.3094482421875 54
1756615720824 979.31982421875 55
1756615720957 913.3678588867188 56
1756615721088 1063.6087646484375 57
1756615721220 1157.9100341796875 58
1756615721349 1013.8508911132812 59
1756615721482 843.1091918945312 60
1756615721613 1148.04345703125 61
1756615721744 1046.9932861328125 62
1756615721873 1183.1514892578125 63
1756615722005 952.2168579101562 64
1756615722136 1092.751708984375 65
1756615722267 1151.6312255859375 66
1756615722399 1050.6917724609375 67
1756615722529 992.8854370117188 68
1756615722662 990.1163330078125 69
1756615722795 1333.5869140625 70
1756615722929 874.95654296875 71
1756615723062 1107.3687744140625 72
1756615723195 1047.1771240234375 73
1756615723328 1065.2447509765625 74
1756615723461 1072.6502685546875 75
1756615723594 1045.94775390625 76
1756615723726 1056.8067626953125 77
1756615723857 1041.070068359375 78
1756615723989 951.991455078125 79
1756615724120 1077.2861328125 80
1756615724252 1216.789306640625 81
1756615724385 933.3467407226562 82
1756615724516 1147.210693359375 83
1756615724646 1117.498046875 84
1756615724777 1188.120849609375 85
1756615724914 1056.66357421875 86
1756615725045 988.2597045898438 87
1756615725176 1006.0774536132812 88
1756615725306 1131.0516357421875 89
1756615725436 828.1189575195312 90
1756615725567 1101.242431640625 91
1756615725696 1387.622802734375 92
1756615725825 1001.9024047851562 93
1756615725954 1131.106201171875 94
1756615726084 1053.722900390625 95
1756615726215 1168.6912841796875 96
1756615726346 1113.8753662109375 97
1756615726476 1184.570068359375 98
1756615726606 1021.313232421875 99
1756615726737 978.0531005859375 100
1756615726867 1014.74658203125 101
1756615726997 811.7149658203125 102
1756615727131 937.5634155273438 103
1756615727260 990.8809204101562 104
1756615727389 923.912109375 105
1756615727519 1329.6846923828125 106
1756615727649 1235.1590576171875 107
1756615727779 1167.055908203125 108
1756615727911 795.9533081054688 109
1756615728042 938.527099609375 110
1756615728172 958.5952758789062 111
1756615728305 734.9788208007812 112
1756615728435 1207.55224609375 113
1756615728565 1117.7174072265625 114
1756615728697 1029.54296875 115
1756615728830 1053.9927978515625 116
1756615728962 1088.658447265625 117
1756615729094 1117.1025390625 118
1756615729225 1045.6988525390625 119
1756615729354 1167.012451171875 120
1756615729486 1193.410400390625 121
1756615729617 1281.3720703125 122
1756615729747 1170.3790283203125 123
1756615729879 1175.16748046875 124
1756615730011 794.43994140625 125
1756615730142 1077.1893310546875 126
1756615730273 987.7966918945312 127
1756615730405 987.912841796875 128
1756615730535 1262.672119140625 129
1756615730666 959.8201293945312 130
1756615730798 1059.0535888671875 131
1756615730928 943.9141845703125 132
1756615731058 859.9730834960938 133
1756615731189 855.3932495117188 134
1756615731321 976.6812133789062 135
1756615731453 1059.618408203125 136
1756615731586 951.6605834960938 137
1756615731717 1003.94873046875 138
1756615731849 965.311279296875 139
1756615731981 862.8484497070312 140
1756615732114 1123.8551025390625 141
1756615732245 1273.4638671875 142
1756615732375 853.014404296875 143
1756615732509 1141.460205078125 144
1756615732642 1123.258056640625 145
1756615732774 1161.3941650390625 146
1756615732906 1153.034423828125 147
1756615733038 1102.7283935546875 148
1756615733170 1041.14013671875 149
1756615733304 1076.8486328125 150
1756615733435 1010.951416015625 151
1756615733569 796.4291381835938 152
1756615733701 999.1727294921875 153
1756615733832 932.503662109375 154
1756615733964 977.1836547851562 155
1756615734095 985.9215087890625 156
1756615734226 1055.5648193359375 157
1756615734358 922.4630737304688 158
1756615734489 898.1458740234375 159
1756615734620 802.8245239257812 160
1756615734754 1181.1240234375 161
1756615734886 1015.7857666015625 162
1756615735018 913.5406494140625 163
1756615735148 1021.6791381835938 164
1756615735278 845.4888916015625 165
1756615735408 1034.0396728515625 166
1756615735539 1249.1937255859375 167
1756615735669 1211.5545654296875 168
1756615735800 1146.274658203125 169
1756615735940 946.7005004882812 170
1756615736089 1157.1514892578125 171
1756615736220 1016.3470458984375 172
1756615736352 903.6524047851562 173
1756615736484 916.3946533203125 174
1756615736615 918.0079345703125 175
1756615736748 826.6229248046875 176
1756615736884 931.3690795898438 177
1756615737017 1007.0137329101562 178
1756615737149 1028.005859375 179
1756615737283 921.52294921875 180
1756615737416 1029.1590576171875 181
1756615737550 1095.02197265625 182
1756615737684 1075.075439453125 183
1756615737816 798.6001586914062 184
1756615737946 902.3274536132812 185
1756615738076 1037.1075439453125 186
1756615738207 875.5054321289062 187
1756615738339 1122.8170166015625 188
1756615738471 1097.908935546875 189
1756615738602 1176.4910888671875 190
1756615738734 1167.3138427734375 191
1756615738863 1012.201416015625 192
1756615738995 1067.725830078125 193
1756615739126 1116.7218017578125 194
1756615739258 907.6268920898438 195
1756615739388 1248.2991943359375 196
1756615739519 1022.0548095703125 197
1756615739649 1194.3004150390625 198
1756615739780 1137.2139892578125 199
1756615739911 790.126953125 200
1756615740043 1222.265869140625 201
1756615740172 927.9590454101562 202
1756615740304 1107.883056640625 203
1756615740435 1211.0035400390625 204
1756615740565 903.6679077148438 205
1756615740695 1322.732177734375 206
1756615740830 1051.4788818359375 207
1756615740960 1125.7547607421875 208
1756615741092 984.76318359375 209
1756615741225 1098.451171875 210
1756615741355 1180.3515625 211
1756615741486 1007.6769409179688 212
1756615741616 938.733642578125 213
1756615741751 1049.0421142578125 214
1756615741882 1223.4979248046875 215
1756615742012 1201.4483642578125 216
1756615742144 927.4800415039062 217
1756615742283 951.9501953125 218
1756615742413 981.576416015625 219
1756615742544 926.5490112304688 220
1756615742673 1153.93603515625 221
1756615742803 1132.8470458984375 222
1756615742933 1134.4798583984375 223
1756615743063 997.9122924804688 224
1756615743193 1094.9764404296875 225
1756615743324 1345.171142578125 226
1756615743456 1039.26171875 227
1756615743589 948.4006958007812 228
1756615743719 827.324462890625 229
1756615743850 1083.7646484375 230
1756615743979 1147.2880859375 231
1756615744109 1191.6246337890625 232
1756615744238 1190.7974853515625 233
1756615744371 1272.2938232421875 234
1756615744502 1010.1187744140625 235
1756615744635 1117.8638916015625 236
1756615744765 1006.9244995117188 237
1756615744894 1061.04248046875 238
1756615745023 1036.8302001953125 239
1756615745154 1023.2010498046875 240
1756615745284 963.6314086914062 241
1756615745413 1066.8431396484375 242
1756615745545 1174.369140625 243
1756615745678 831.0907592773438 244
1756615745808 841.8814086914062 245
1756615745939 969.9852905273438 246
1756615746069 1063.9842529296875 247
1756615746200 1045.374755859375 248
1756615746332 1182.6688232421875 249
1756615746462 1021.8411865234375 250
1756615746591 947.6482543945312 251
1756615746722 920.6154174804688 252
1756615746852 1079.7369384765625 253
1756615746982 1009.6351928710938 254
1756615747111 873.8668212890625 255
1756615747242 1109.1729736328125 256
1756615747371 1040.5858154296875 257
1756615747506 950.9769287109375 258
1756615747636 1213.06884765625 259
1756615747766 885.6031494140625 260
1756615747896 1199.0279541015625 261
1756615748025 1014.6298828125 262
1756615748155 1137.15087890625 263
1756615748284 1037.7794189453125 264
1756615748420 1114.5849609375 265
1756615748550 933.2564086914062 266
1756615748680 1045.26171875 267
1756615748810 1325.7115478515625 268
1756615748940 937.5430297851562 269
1756615749069 1055.9415283203125 270
1756615749201 1196.6116943359375 271
1756615749331 1116.5357666015625 272
1756615749460 1125.510986328125 273
1756615749590 1148.502197265625 274
1756615749719 1104.9547119140625 275
1756615749849 848.9558715820312 276
1756615749978 1030.915283203125 277
1756615750107 978.66943359375 278
1756615750237 1124.37109375 279
1756615750366 1007.943603515625 280
1756615750495 1268.629150390625 281
1756615750625 915.9142456054688 282
1756615750760 950.7904052734375 283
1756615750890 970.150390625 284
1756615751020 1122.6859130859375 285
1756615751149 1071.222412109375 286
1756615751280 923.2989501953125 287
1756615751409 913.829833984375 288
1756615751541 1088.53955078125 289
1756615751671 1068.657958984375 290
1756615751801 906.569580078125 291
1756615751930 1145.481689453125 292
1756615752060 964.2914428710938 293
1756615752191 969.5609741210938 294
1756615752320 1263.5968017578125 295
1756615752450 1048.669677734375 296
1756615752579 834.86474609375 297
1756615752708 973.0389404296875 298
1756615752837 1099.0355224609375 299
1756615763080 2370.936279296875 0
1756615763210 1759.6051025390625 1
1756615763342 1006.82568359375 2
1756615763470 1386.5284423828125 3
1756615763600 1098.8094482421875 4
1756615763729 1005.7057495117188 5
1756615763858 1207.0667724609375 6
1756615763987 1136.52734375 7
1756615764121 938.1717529296875 8
1756615764314 1046.2943115234375 9
1756615764473 919.68017578125 10
1756615764633 982.480224609375 11
1756615764772 772.3905029296875 12
1756615764914 1076.622314453125 13
1756615765056 1076.661376953125 14
1756615765204 925.0517578125 15
1756615765378 974.589599609375 16
1756615765525 980.9317626953125 17
1756615765665 882.4801635742188 18
1756615765792 977.2359619140625 19
1756615765921 951.4644165039062 20
1756615766050 1063.6746826171875 21
1756615766178 993.965576171875 22
1756615766311 865.5009155273438 23
1756615766442 942.94580078125 24
1756615766570 1043.453369140625 25
1756615766698 935.176025390625 26
1756615766827 960.2886962890625 27
1756615766954 1009.3611450195312 28
1756615767082 1087.1444091796875 29
1756615767211 1064.7530517578125 30
1756615767340 1163.5736083984375 31
1756615767470 1004.1034545898438 32
1756615767598 1099.530517578125 33
1756615767726 877.8631591796875 34
1756615767854 1119.2457275390625 35
1756615767982 918.9736328125 36
1756615768111 964.2118530273438 37
1756615768239 944.4475708007812 38
1756615768367 831.7238159179688 39
1756615768498 959.27587890625 40
1756615768626 990.798828125 41
1756615768758 940.3812255859375 42
1756615768887 985.0949096679688 43
1756615769015 910.253173828125 44
1756615769144 940.1102294921875 45
1756615769271 1037.90771484375 46
1756615769400 802.5726928710938 47
1756615769529 1136.595458984375 48
1756615769657 1236.0992431640625 49
1756615769785 1100.1622314453125 50
1756615769913 1106.7540283203125 51
1756615770041 1030.946533203125 52
1756615770170 835.4639282226562 53
1756615770297 926.7398071289062 54
1756615770427 755.3458251953125 55
1756615770555 1176.2113037109375 56
1756615770684 1138.922119140625 57
1756615770812 1041.6141357421875 58
1756615770940 1109.7783203125 59
1756615771075 840.5109252929688 60
1756615771204 1065.4459228515625 61
1756615771332 763.3641357421875 62
1756615771461 962.9519653320312 63
1756615771591 1112.495361328125 64
1756615771720 948.8456420898438 65
1756615771849 1091.69921875 66
1756615771978 745.4705200195312 67
1756615772110 873.1871337890625 68
1756615772242 771.96826171875 69
1756615772371 847.9981079101562 70
1756615772501 801.8748168945312 71
1756615772631 980.0140380859375 72
1756615772764 989.165771484375 73
1756615772893 762.7527465820312 74
1756615773022 1021.4994506835938 75
1756615773152 1098.261962890625 76
1756615773281 1004.2727661132812 77
1756615773411 1068.8734130859375 78
1756615773542 847.8265380859375 79
1756615773672 1036.933837890625 80
1756615773801 915.7373046875 81
1756615773931 1003.938232421875 82
1756615774061 948.5234375 83
1756615774191 996.6227416992188 84
1756615774320 987.5989990234375 85
1756615774450 1011.99560546875 86
1756615774580 995.1024780273438 87
1756615774709 1078.72021484375 88
1756615774839 1029.43408203125 89
1756615774969 941.5868530273438 90
1756615775099 946.1709594726562 91
1756615775229 1007.2371215820312 92
1756615775359 1004.7609252929688 93
1756615775488 949.0679321289062 94
1756615775618 1228.4903564453125 95
1756615775748 1069.884033203125 96
1756615775879 1039.1236572265625 97
1756615776008 977.8728637695312 98
1756615776137 975.9912719726562 99
1756615776266 688.971923828125 100
1756615776395 1025.776123046875 101
1756615776526 934.3106079101562 102
1756615776655 722.7984008789062 103
1756615776785 1007.2196655273438 104
1756615776914 975.843017578125 105
1756615777043 1004.451416015625 106
1756615777174 948.2632446289062 107
1756615777303 1027.6553955078125 108
1756615777433 988.2281494140625 109
1756615777563 1038.4803466796875 110
1756615777693 858.12255859375 111
1756615777902 900.2280883789062 112
1756615778032 970.2833251953125 113
1756615778163 935.6449584960938 114
1756615778293 1258.00732421875 115
1756615778424 1057.5301513671875 116
1756615778554 1074.131103515625 117
1756615778684 935.3302612304688 118
1756615778818 978.4369506835938 119
1756615778948 1010.8897705078125 120
1756615779078 724.5620727539062 121
1756615779209 906.8222045898438 122
1756615779339 899.7604370117188 123
1756615779469 1005.7830200195312 124
1756615779601 901.8812255859375 125
1756615779731 1023.8804321289062 126
1756615779861 797.6876220703125 127
1756615779991 801.5587158203125 128
1756615780120 832.020263671875 129
1756615780248 843.1563720703125 130
1756615780376 795.7758178710938 131
1756615780505 1105.4246826171875 132
1756615780634 1039.02734375 133
1756615780764 975.06982421875 134
1756615780893 963.1541137695312 135
1756615781023 1041.9813232421875 136
1756615781151 760.9758911132812 137
1756615781280 879.96875 138
1756615781409 985.9312133789062 139
1756615781538 1164.1585693359375 140
1756615781667 832.9832153320312 141
1756615781797 1006.5161743164062 142
1756615781927 935.3909912109375 143
1756615782055 868.74755859375 144
1756615782182 1006.0314331054688 145
1756615782311 897.6720581054688 146
1756615782442 697.4286499023438 147
1756615782570 922.694091796875 148
1756615782699 836.3302612304688 149
1756615782829 954.4337158203125 150
1756615782966 1010.8167114257812 151
1756615783119 870.081787109375 152
1756615783248 988.7479248046875 153
1756615783377 1029.529296875 154
1756615783506 770.6456909179688 155
1756615783636 912.8697509765625 156
1756615783770 1142.47607421875 157
1756615783900 854.0892333984375 158
1756615784028 1061.2542724609375 159
1756615784157 811.7095336914062 160
1756615784286 1034.0728759765625 161
1756615784415 919.3272094726562 162
1756615784545 1032.7218017578125 163
1756615784674 1023.2449951171875 164
1756615784802 721.2671508789062 165
1756615784931 978.7364501953125 166
1756615785059 819.1378784179688 167
1756615785188 1068.536376953125 168
1756615785316 939.0975341796875 169
1756615785449 1096.6275634765625 170
1756615785577 972.45654296875 171
1756615785707 856.7315673828125 172
1756615785836 984.0399169921875 173
1756615785964 800.9011840820312 174
1756615786093 797.7628173828125 175
1756615786221 1155.5047607421875 176
1756615786350 850.9467163085938 177
1756615786478 928.84423828125 178
1756615786607 812.4544677734375 179
1756615786736 813.1688842773438 180
1756615786865 958.7477416992188 181
1756615786994 870.8309326171875 182
1756615787123 861.235107421875 183
1756615787252 917.6769409179688 184
1756615787381 893.2136840820312 185
1756615787509 775.7026977539062 186
1756615787638 1015.1102294921875 187
1756615787767 830.92626953125 188
1756615787896 924.9133911132812 189
1756615788024 1196.37060546875 190
1756615788153 814.6273803710938 191
1756615788282 964.0572509765625 192
1756615788412 1097.4500732421875 193
1756615788541 1010.3004760742188 194
1756615788670 1092.626708984375 195
1756615788799 1217.61865234375 196
1756615788928 948.7618408203125 197
1756615789057 794.8776245117188 198
1756615789186 971.3944702148438 199
1756615789314 770.1760864257812 200
1756615789443 862.412109375 201
1756615789572 931.5718383789062 202
1756615789700 1012.4014282226562 203
1756615789828 846.1595458984375 204
1756615789956 720.6401977539062 205
1756615790084 960.5154418945312 206
1756615790213 746.2283325195312 207
1756615790341 988.7444458007812 208
1756615790470 1005.5267333984375 209
1756615790599 737.327880859375 210
1756615790727 889.0029296875 211
1756615790855 1087.9083251953125 212
1756615790984 1099.71728515625 213
1756615791112 875.7471923828125 214
1756615791241 942.9071655273438 215
1756615791368 989.3289794921875 216
1756615791497 1184.4267578125 217
1756615791627 952.5248413085938 218
1756615791754 1051.3785400390625 219
1756615791883 997.0555419921875 220
1756615792012 1031.0347900390625 221
1756615792139 1111.265869140625 222
1756615792267 773.8800659179688 223
1756615792397 703.8114624023438 224
1756615792530 943.3106079101562 225
1756615792659 871.439208984375 226
1756615792788 1158.8548583984375 227
1756615792916 865.2178344726562 228
1756615793044 1085.0693359375 229
1756615793173 943.9996337890625 230
1756615793302 987.9525756835938 231
1756615793431 1081.0523681640625 232
1756615793563 1033.7498779296875 233
1756615793694 1203.2218017578125 234
1756615793825 968.6419677734375 235
1756615793956 1172.4329833984375 236
1756615794086 824.2149658203125 237
1756615794216 738.7852783203125 238
1756615794347 1045.2608642578125 239
1756615794478 964.6336669921875 240
1756615794608 812.54638671875 241
1756615794739 896.2067260742188 242
1756615794869 931.8408203125 243
1756615794999 994.978271484375 244
1756615795130 1052.728759765625 245
1756615795260 815.3072509765625 246
1756615795390 1105.2125244140625 247
1756615795520 824.2476196289062 248
1756615795651 787.3206787109375 249
1756615795781 953.9623413085938 250
1756615795912 788.1025390625 251
1756615796041 881.8237915039062 252
1756615796171 814.556640625 253
1756615796301 1161.6124267578125 254
1756615796430 848.0999755859375 255
1756615796561 915.0918579101562 256
1756615796692 1002.24951171875 257
1756615796822 919.9907836914062 258
1756615796951 1177.90283203125 259
1756615797083 1261.933837890625 260
1756615797220 988.4031372070312 261
1756615797351 876.078857421875 262
1756615797482 872.5454711914062 263
1756615797615 1029.636474609375 264
1756615797744 982.5250244140625 265
1756615797873 1112.507568359375 266
1756615798002 1018.9776000976562 267
1756615798131 846.56298828125 268
1756615798262 1120.9000244140625 269
1756615798391 1035.662109375 270
1756615798521 929.9578247070312 271
1756615798651 837.5194091796875 272
1756615798782 924.0325927734375 273
1756615798912 836.5043334960938 274
1756615799045 1022.4510498046875 275
1756615799175 1107.4068603515625 276
1756615799304 927.7808837890625 277
1756615799434 710.8611450195312 278
1756615799566 936.0932006835938 279
1756615799695 854.9855346679688 280
1756615799827 846.39404296875 281
1756615799957 880.1387329101562 282
1756615800090 947.67919921875 283
1756615800220 1032.1446533203125 284
1756615800350 959.7831420898438 285
1756615800481 1125.290283203125 286
1756615800618 1016.4757080078125 287
1756615800748 1015.4772338867188 288
1756615800881 774.3297119140625 289
1756615801014 998.2532958984375 290
1756615801144 1030.7752685546875 291
1756615801285 1020.9180908203125 292
1756615801444 1015.5794677734375 293
1756615801578 840.5051879882812 294
1756615801711 956.1343383789062 295
1756615801842 1178.094970703125 296
1756615801973 966.6781005859375 297
1756615802104 991.0899658203125 298
1756615802235 962.5161743164062 299
1756615812514 2470.3203125 0
1756615812685 1984.53369140625 1
1756615812854 1046.7054443359375 2
1756615813006 1137.4599609375 3
1756615813158 1069.7711181640625 4
1756615813304 820.509765625 5
1756615813452 1217.93115234375 6
1756615813645 1123.193603515625 7
1756615813821 1072.4105224609375 8
1756615813970 907.082763671875 9
1756615814115 986.9616088867188 10
1756615814258 991.2354125976562 11
1756615814428 1110.109619140625 12
1756615814588 1097.6793212890625 13
1756615814754 856.5255737304688 14
1756615814902 992.4794921875 15
1756615815057 803.59912109375 16
1756615815200 967.9451904296875 17
1756615815350 1022.5199584960938 18
1756615815501 810.7229614257812 19
1756615815652 886.807861328125 20
1756615815793 845.7703247070312 21
1756615815942 765.0518798828125 22
1756615816086 958.7490844726562 23
1756615816227 757.6364135742188 24
1756615816371 902.2279663085938 25
1756615816510 954.1574096679688 26
1756615816660 746.1300659179688 27
1756615816813 1154.1951904296875 28
1756615816955 1025.2978515625 29
1756615817100 725.7238159179688 30
1756615817252 1246.0362548828125 31
1756615817404 1213.1436767578125 32
1756615817551 1099.8292236328125 33
1756615817694 716.691650390625 34
1756615817838 846.98486328125 35
1756615817988 893.94482421875 36
1756615818135 814.1863403320312 37
1756615818287 1053.5633544921875 38
1756615818439 814.4244995117188 39
1756615818588 1081.347412109375 40
1756615818734 899.5076904296875 41
1756615818883 995.9720458984375 42
1756615819027 1125.3226318359375 43
1756615819173 920.0925903320312 44
1756615819327 1039.4105224609375 45
1756615819485 833.39306640625 46
1756615819653 780.617919921875 47
1756615819807 697.1500854492188 48
1756615819960 854.7831420898438 49
1756615820108 1028.1837158203125 50
1756615820258 761.9189453125 51
1756615820407 886.5165405273438 52
1756615820557 933.5126953125 53
1756615820704 768.3411254882812 54
1756615820857 921.907958984375 55
1756615821003 949.6148071289062 56
1756615821144 1105.6976318359375 57
1756615821296 859.81591796875 58
1756615821449 1247.1513671875 59
1756615821602 1023.3545532226562 60
1756615821743 866.4434204101562 61
1756615821888 792.3554077148438 62
1756615822036 965.4237670898438 63
1756615822186 870.2427368164062 64
1756615822329 1165.806884765625 65
1756615822471 903.1763916015625 66
1756615822623 1046.1654052734375 67
1756615822768 834.2268676757812 68
1756615822916 876.25732421875 69
1756615823069 1128.737060546875 70
1756615823213 1138.70703125 71
1756615823354 994.5508422851562 72
1756615823511 751.0503540039062 73
1756615823657 992.3487548828125 74
1756615823802 693.8088989257812 75
1756615823949 1124.4854736328125 76
1756615824095 653.1409301757812 77
1756615824245 1053.28759765625 78
1756615824394 969.3072509765625 79
1756615824534 796.7152709960938 80
1756615824688 836.620361328125 81
1756615824835 813.6564331054688 82
1756615824981 893.2761840820312 83
1756615825139 807.6991577148438 84
1756615825298 1129.241943359375 85
1756615825482 1006.3670043945312 86
1756615825633 942.1748657226562 87
1756615825779 1110.3798828125 88
1756615825924 980.5126342773438 89
1756615826067 1061.510009765625 90
1756615826211 716.6350708007812 91
1756615826352 857.951416015625 92
1756615826495 1008.214599609375 93
1756615826645 743.1275634765625 94
1756615826789 943.79345703125 95
1756615826932 814.0343627929688 96
1756615827075 723.584716796875 97
1756615827215 1117.5947265625 98
1756615827357 931.0296630859375 99
1756615827511 834.8246459960938 100
1756615827663 826.84130859375 101
1756615827801 846.4705200195312 102
1756615827950 615.6397094726562 103
1756615828103 972.204833984375 104
1756615828251 1200.785400390625 105
1756615828397 645.6923828125 106
1756615828545 1092.7613525390625 107
1756615828685 879.9075927734375 108
1756615828830 886.0274047851562 109
1756615828981 738.4922485351562 110
1756615829128 934.0300903320312 111
1756615829273 890.4918823242188 112
1756615829411 816.8307495117188 113
1756615829562 984.5159912109375 114
1756615829711 822.7662963867188 115
1756615829853 1038.6075439453125 116
1756615830001 922.7015991210938 117
1756615830146 1152.96044921875 118
1756615830292 901.489013671875 119
1756615830440 974.6428833007812 120
1756615830589 987.4246215820312 121
1756615830735 571.8677978515625 122
1756615830879 734.5293579101562 123
1756615831020 735.1652221679688 124
1756615831167 973.3296508789062 125
1756615831306 978.482421875 126
1756615831458 999.0093994140625 127
1756615831611 895.9166870117188 128
1756615831761 775.6996459960938 129
1756615831910 868.2317504882812 130
1756615832047 863.2152709960938 131
1756615832194 842.9850463867188 132
1756615832360 975.5647583007812 133
1756615832498 723.5039672851562 134
1756615832640 1107.7584228515625 135
1756615832787 805.2681884765625 136
1756615832932 993.2579345703125 137
1756615833075 1012.9380493164062 138
1756615833223 1008.7842407226562 139
1756615833366 1137.880126953125 140
1756615833511 932.3020629882812 141
1756615833663 816.500732421875 142
1756615833813 778.7638549804688 143
1756615833959 839.0684204101562 144
1756615834111 921.071533203125 145
1756615834266 944.378662109375 146
1756615834418 1127.3592529296875 147
1756615834569 871.047607421875 148
1756615834716 783.8707885742188 149
1756615834866 968.8915405273438 150
1756615835015 955.7529907226562 151
1756615835166 1047.189453125 152
1756615835314 759.8396606445312 153
1756615835465 909.6271362304688 154
1756615835620 999.4768676757812 155
1756615835769 1164.0550537109375 156
1756615835910 833.5925903320312 157
1756615836058 815.284423828125 158
1756615836208 881.5941162109375 159
1756615836354 893.706298828125 160
1756615836503 1069.322265625 161
1756615836651 946.399658203125 162
1756615836796 1088.893310546875 163
1756615836940 886.2944946289062 164
1756615837088 1020.1703491210938 165
1756615837232 967.35400390625 166
1756615837379 737.6183471679688 167
1756615837524 710.8843994140625 168
1756615837674 1208.81396484375 169
1756615837817 1103.5885009765625 170
1756615837962 780.3067626953125 171
1756615838108 991.6638793945312 172
1756615838261 811.1008911132812 173
1756615838406 821.5138549804688 174
1756615838558 829.8648071289062 175
1756615838713 1063.5743408203125 176
1756615838862 725.64599609375 177
1756615839009 891.9097290039062 178
1756615839157 733.5262451171875 179
1756615839307 1019.7168579101562 180
1756615839458 1019.7543334960938 181
1756615839611 697.0230712890625 182
1756615839764 1119.848388671875 183
1756615839916 919.9774169921875 184
1756615840058 881.0880737304688 185
1756615840208 790.779541015625 186
1756615840359 816.7953491210938 187
1756615840507 1004.7616577148438 188
1756615840657 1036.3050537109375 189
1756615840804 750.407958984375 190
1756615840949 704.0249633789062 191
1756615841094 908.5748291015625 192
1756615841237 778.0562133789062 193
1756615841392 1034.0130615234375 194
1756615841543 692.5851440429688 195
1756615841685 923.5269165039062 196
1756615841831 899.2984008789062 197
1756615841973 1129.2554931640625 198
1756615842116 991.50732421875 199
1756615842266 727.6932983398438 200
1756615842420 802.1541137695312 201
1756615842569 1110.0841064453125 202
1756615842723 988.1134033203125 203
1756615842875 786.3857421875 204
1756615843025 794.6838989257812 205
1756615843172 758.833740234375 206
1756615843324 1067.7308349609375 207
1756615843473 849.7108154296875 208
1756615843619 911.0739135742188 209
1756615843766 1049.0552978515625 210
1756615843911 999.5911865234375 211
1756615844060 825.692138671875 212
1756615844207 1081.5001220703125 213
1756615844354 1058.7103271484375 214
1756615844500 615.2277221679688 215
1756615844642 754.0802612304688 216
1756615844793 590.4928588867188 217
1756615844940 734.2680053710938 218
1756615845086 1067.3486328125 219
1756615845236 958.1722412109375 220
1756615845374 991.5634155273438 221
1756615845517 1026.6920166015625 222
1756615845665 779.041748046875 223
1756615845811 1026.5411376953125 224
1756615845955 844.7411499023438 225
1756615846097 985.2548828125 226
1756615846248 833.7202758789062 227
1756615846399 761.195556640625 228
1756615846544 1062.5240478515625 229
1756615846688 800.0107421875 230
1756615846843 833.2317504882812 231
1756615847001 1068.5804443359375 232
1756615847150 868.1421508789062 233
1756615847294 1040.505615234375 234
1756615847440 833.0821533203125 235
1756615847582 878.2527465820312 236
1756615847726 619.281982421875 237
1756615847880 853.3623657226562 238
1756615848037 1169.3115234375 239
1756615848183 951.07568359375 240
1756615848325 912.0180053710938 241
1756615848471 959.4951171875 242
1756615848617 979.1618041992188 243
1756615848763 1093.205810546875 244
1756615848910 831.7433471679688 245
1756615849066 1030.3118896484375 246
1756615849208 890.1652221679688 247
1756615849352 968.7223510742188 248
1756615849498 983.03662109375 249
1756615849642 863.7225341796875 250
1756615849803 863.9850463867188 251
1756615849965 776.3142700195312 252
1756615850118 941.0103759765625 253
1756615850273 1063.7523193359375 254
1756615850434 1015.5391845703125 255
1756615850581 791.3043823242188 256
1756615850725 909.121826171875 257
1756615850872 682.7174072265625 258
1756615851019 1153.2518310546875 259
1756615851169 838.1174926757812 260
1756615851322 867.6915283203125 261
1756615851466 852.5372924804688 262
1756615851614 938.707275390625 263
1756615851765 946.7262573242188 264
1756615851913 1077.440185546875 265
1756615852058 1162.6932373046875 266
1756615852206 546.9609985351562 267
1756615852350 1018.3798828125 268
1756615852498 877.1737670898438 269
1756615852646 1031.731201171875 270
1756615852800 881.7540283203125 271
1756615852946 787.2643432617188 272
1756615853102 1010.5430908203125 273
1756615853279 1204.837158203125 274
1756615853424 907.5552368164062 275
1756615853571 846.8397827148438 276
1756615853724 702.172119140625 277
1756615853874 990.7447509765625 278
1756615854022 960.6361083984375 279
1756615854171 1066.853759765625 280
1756615854314 1013.668701171875 281
1756615854463 918.2444458007812 282
1756615854606 894.8199462890625 283
1756615854753 1088.4788818359375 284
1756615854900 1181.7476806640625 285
1756615855055 903.736083984375 286
1756615855202 1025.0338134765625 287
1756615855358 913.2955322265625 288
1756615855514 944.735107421875 289
1756615855666 863.9977416992188 290
1756615855816 836.0908203125 291
1756615855957 867.7009887695312 292
1756615856102 866.0130615234375 293
1756615856251 1109.5057373046875 294
1756615856397 910.2874755859375 295
1756615856549 869.43408203125 296
1756615856698 918.257080078125 297
1756615856852 761.1189575195312 298
1756615857002 774.9412231445312 299
1756615867280 2535.008544921875 0
1756615867431 2534.665771484375 1
1756615867582 2511.4248046875 2
1756615867728 2413.022216796875 3
1756615867876 2202.474853515625 4
1756615868026 1981.4788818359375 5
1756615868170 1171.702392578125 6
1756615868334 1018.2661743164062 7
1756615868528 1214.3397216796875 8
1756615868691 999.1524658203125 9
1756615868849 982.5593872070312 10
1756615869001 1051.6383056640625 11
1756615869167 939.7418212890625 12
1756615869322 923.3187255859375 13
1756615869499 814.0317993164062 14
1756615869647 936.6197509765625 15
1756615869798 757.4210205078125 16
1756615869940 985.8106079101562 17
1756615870089 854.335205078125 18
1756615870249 895.79150390625 19
1756615870386 947.6460571289062 20
1756615870529 1117.2611083984375 21
1756615870687 1026.2069091796875 22
1756615870855 686.4782104492188 23
1756615871006 920.668701171875 24
1756615871149 668.8596801757812 25
1756615871296 981.1148071289062 26
1756615871446 843.9338989257812 27
1756615871595 806.5052490234375 28
1756615871743 945.7201538085938 29
1756615871897 874.1569213867188 30
1756615872048 1006.1889038085938 31
1756615872193 1034.1005859375 32
1756615872342 897.4874877929688 33
1756615872495 1026.7972412109375 34
1756615872638 1212.3778076171875 35
1756615872782 887.1263427734375 36
1756615872938 973.3251342773438 37
1756615873096 851.4873046875 38
1756615873240 927.9998779296875 39
1756615873390 1047.9105224609375 40
1756615873538 739.1129150390625 41
1756615873689 947.9642333984375 42
1756615873827 979.5491333007812 43
1756615873974 1015.7440795898438 44
1756615874117 1012.1543579101562 45
1756615874272 708.7255249023438 46
1756615874419 726.654541015625 47
1756615874568 1059.213623046875 48
1756615874717 929.2188720703125 49
1756615874866 957.9743041992188 50
1756615875012 996.1749877929688 51
1756615875167 859.8587036132812 52
1756615875321 882.58349609375 53
1756615875476 880.7398071289062 54
1756615875620 1048.261474609375 55
1756615875767 1098.71484375 56
1756615875921 872.7760009765625 57
1756615876068 846.2685546875 58
1756615876222 876.7230834960938 59
1756615876367 954.79931640625 60
1756615876513 1103.582275390625 61
1756615876665 950.0654296875 62
1756615876819 1007.3861083984375 63
1756615876966 941.5107421875 64
1756615877110 789.3858642578125 65
1756615877258 1143.994873046875 66
1756615877406 630.9908447265625 67
1756615877553 886.0910034179688 68
1756615877701 1204.9903564453125 69
1756615877846 891.7584838867188 70
1756615877995 822.8156127929688 71
1756615878137 1025.1209716796875 72
1756615878285 756.6431884765625 73
1756615878432 913.0739135742188 74
1756615878580 823.106201171875 75
1756615878725 897.7897338867188 76
1756615878878 1032.7808837890625 77
1756615879025 824.3817749023438 78
1756615879166 1154.52197265625 79
1756615879309 1194.113525390625 80
1756615879457 886.3804321289062 81
1756615879601 1007.925048828125 82
1756615879748 848.5831909179688 83
1756615879893 980.9638671875 84
1756615880042 1002.7753295898438 85
1756615880190 957.2538452148438 86
1756615880339 857.20556640625 87
1756615880490 923.67919921875 88
1756615880633 983.9824829101562 89
1756615880777 864.1519165039062 90
1756615880933 806.9464721679688 91
1756615881080 768.1646118164062 92
1756615881232 840.1178588867188 93
1756615881378 835.099609375 94
1756615881524 821.2305908203125 95
1756615881682 1101.0791015625 96
1756615881825 725.6199951171875 97
1756615881971 798.0562744140625 98
1756615882124 1012.8744506835938 99
1756615882272 830.6099243164062 100
1756615882422 1126.5560302734375 101
1756615882578 921.8695678710938 102
1756615882723 1138.288818359375 103
1756615883181 743.9657592773438 104
1756615883331 1173.21728515625 105
1756615883472 902.8580322265625 106
1756615883619 1081.3839111328125 107
1756615883767 845.1503295898438 108
1756615883915 1264.30712890625 109
1756615884056 880.4908447265625 110
1756615884200 1068.3597412109375 111
1756615884338 822.2864990234375 112
1756615884501 681.3240966796875 113
1756615884676 756.1661987304688 114
1756615884830 996.7919921875 115
1756615884971 752.9578247070312 116
1756615885121 762.5250244140625 117
1756615885267 934.0783081054688 118
1756615885417 1092.46435546875 119
1756615885565 1150.65869140625 120
1756615885713 682.934326171875 121
1756615885859 923.8168334960938 122
1756615886002 799.8409423828125 123
1756615886144 1111.8778076171875 124
1756615886292 976.9993286132812 125
1756615886437 912.1895751953125 126
1756615886590 1185.0274658203125 127
1756615886745 836.611083984375 128
1756615886889 1149.09814453125 129
1756615887032 917.0988159179688 130
1756615887182 701.3358154296875 131
1756615887327 864.4970703125 132
1756615887468 865.5730590820312 133
1756615887609 822.79931640625 134
1756615887749 997.352294921875 135
1756615887900 1024.800537109375 136
1756615888041 896.7836303710938 137
1756615888188 736.2373657226562 138
1756615888336 976.3142700195312 139
1756615888488 902.8795166015625 140
1756615888646 958.4656372070312 141
1756615888788 798.8352661132812 142
1756615888939 1002.5441284179688 143
1756615889080 741.3035278320312 144
1756615889229 795.7935791015625 145
1756615889371 938.6656494140625 146
1756615889517 1004.4918823242188 147
1756615889664 926.8446655273438 148
1756615889809 1023.769775390625 149
1756615889954 983.4017333984375 150
1756615890096 1015.9741821289062 151
1756615890242 780.0213623046875 152
1756615890384 922.38720703125 153
1756615890527 857.8473510742188 154
1756615890672 918.2958374023438 155
1756615890815 689.9020385742188 156
1756615890962 954.6131591796875 157
1756615891111 1051.2281494140625 158
1756615891261 1083.5457763671875 159
1756615891404 868.0814208984375 160
1756615891552 759.4640502929688 161
1756615891693 827.9862670898438 162
1756615891845 721.739501953125 163
1756615891994 896.0760498046875 164
1756615892136 810.1018676757812 165
1756615892281 796.7996826171875 166
1756615892423 901.9962158203125 167
1756615892565 969.3720703125 168
1756615892709 743.8118286132812 169
1756615892853 871.94091796875 170
1756615892995 1221.8604736328125 171
1756615893142 1050.2509765625 172
1756615893287 895.526611328125 173
1756615893430 874.0142822265625 174
1756615893574 1216.8194580078125 175
1756615893723 1074.31396484375 176
1756615893868 849.6039428710938 177
1756615894020 1006.7227172851562 178
1756615894163 895.9179077148438 179
1756615894308 931.9310913085938 180
1756615894446 1219.741943359375 181
1756615894586 1005.8616333007812 182
1756615894735 1016.1566162109375 183
1756615894882 830.0010375976562 184
1756615895034 1126.0396728515625 185
1756615895177 1025.6329345703125 186
1756615895321 1162.7108154296875 187
1756615895463 913.3181762695312 188
1756615895606 1031.9554443359375 189
1756615895755 956.4923095703125 190
1756615895903 882.7640380859375 191
1756615896054 878.8753051757812 192
1756615896196 791.0852661132812 193
1756615896343 817.0779418945312 194
1756615896493 1008.9772338867188 195
1756615896630 883.6380004882812 196
1756615896785 1210.9600830078125 197
1756615896929 857.2866821289062 198
1756615897069 901.0508422851562 199
1756615897222 753.1958618164062 200
1756615897375 702.42822265625 201
1756615897523 849.7926635742188 202
1756615897670 554.416259765625 203
1756615897883 1074.3341064453125 204
1756615898028 763.489013671875 205
1756615898180 924.7791137695312 206
1756615898335 1045.0723876953125 207
1756615898476 1071.309814453125 208
1756615898626 1065.45947265625 209
1756615898783 732.94189453125 210
1756615898932 965.4692993164062 211
1756615899077 855.8343505859375 212
1756615899232 1155.0242919921875 213
1756615899383 962.9674072265625 214
1756615899537 865.31494140625 215
1756615899679 771.0151977539062 216
1756615899822 1147.1494140625 217
1756615899973 912.0067749023438 218
1756615900120 1070.1668701171875 219
1756615900258 899.078125 220
1756615900401 748.3482666015625 221
1756615900545 912.84033203125 222
1756615900695 983.1890258789062 223
1756615900841 1002.6964721679688 224
1756615900992 1038.933349609375 225
1756615901136 876.379150390625 226
1756615901286 1029.9068603515625 227
1756615901436 1063.660400390625 228
1756615901594 994.7133178710938 229
1756615901745 793.1289672851562 230
1756615901892 985.0443115234375 231
1756615902041 941.9463500976562 232
1756615902182 1103.988037109375 233
1756615902328 829.5215454101562 234
1756615902475 815.1477661132812 235
1756615902626 829.4507446289062 236
1756615902778 890.4126586914062 237
1756615902918 1292.19384765625 238
1756615903067 787.3423461914062 239
1756615903210 883.293701171875 240
1756615903359 889.2404174804688 241
1756615903499 1253.790283203125 242
1756615903648 1044.531982421875 243
1756615903793 1317.97021484375 244
1756615903939 1214.1007080078125 245
1756615904084 847.010986328125 246
1756615904229 854.8308715820312 247
1756615904371 1003.0140380859375 248
1756615904519 998.852294921875 249
1756615904660 749.3097534179688 250
1756615904801 995.9540405273438 251
1756615904945 1155.410400390625 252
1756615905089 881.1036987304688 253
1756615905244 1032.0120849609375 254
1756615905407 914.1685791015625 255
1756615905550 850.3230590820312 256
1756615905702 1034.587890625 257
1756615905846 951.6370239257812 258
1756615905991 896.3036499023438 259
1756615906128 923.264892578125 260
1756615906272 898.4434204101562 261
1756615906409 944.3558959960938 262
1756615906555 1384.5589599609375 263
1756615906699 1043.695556640625 264
1756615906843 1181.728271484375 265
1756615906991 935.136474609375 266
1756615907134 760.0844116210938 267
1756615907272 1049.3917236328125 268
1756615907417 965.969482421875 269
1756615907560 994.7025756835938 270
1756615907709 842.6190795898438 271
1756615907848 872.3607788085938 272
1756615907990 1126.7650146484375 273
1756615908133 726.6287841796875 274
1756615908285 917.4600830078125 275
1756615908427 946.612548828125 276
1756615908578 992.71875 277
1756615908724 708.0173950195312 278
1756615908867 812.3954467773438 279
1756615909006 786.6421508789062 280
1756615909148 957.926513671875 281
1756615909286 1018.0165405273438 282
1756615909431 988.7300415039062 283
1756615909572 860.0433959960938 284
1756615909710 737.9548950195312 285
1756615909852 1113.6514892578125 286
1756615909995 934.7567749023438 287
1756615910141 844.92431640625 288
1756615910279 991.0336303710938 289
1756615910430 1010.9142456054688 290
1756615910575 1034.1695556640625 291
1756615910723 891.861328125 292
1756615910884 1055.5350341796875 293
1756615911033 1087.2991943359375 294
1756615911173 901.3128662109375 295
1756615911327 939.8081665039062 296
1756615911472 1040.226318359375 297
1756615911622 958.751220703125 298
1756615911766 863.3217163085938 299
1756615921980 2500.55712890625 0
1756615922074 2200.970458984375 1
1756615922162 1927.0364990234375 2
1756615922248 1682.949951171875 3
1756615922336 1419.5372314453125 4
1756615922424 1094.9561767578125 5
1756615922510 985.27392578125 6
1756615922598 990.2371826171875 7
1756615922685 1632.3604736328125 8
1756615922771 1092.60205078125 9
1756615922859 1321.88916015625 10
1756615922945 1268.8856201171875 11
1756615923033 1116.071533203125 12
1756615923189 1012.6423950195312 13
1756615923296 1277.7255859375 14
1756615923396 1101.04541015625 15
1756615923490 1228.6337890625 16
1756615923585 1141.5081787109375 17
1756615923680 1028.4957275390625 18
1756615923775 1269.28466796875 19
1756615923881 1353.2025146484375 20
1756615923980 960.4908447265625 21
1756615924071 1034.3555908203125 22
1756615924166 1059.179931640625 23
1756615924287 1108.2625732421875 24
1756615924383 1048.177734375 25
1756615924480 1092.0400390625 26
1756615924571 1169.96630859375 27
1756615924658 838.491455078125 28
1756615924744 975.5106201171875 29
1756615924831 845.0508422851562 30
1756615924918 1221.7618408203125 31
1756615925004 1086.2642822265625 32
1756615925091 999.5582885742188 33
1756615925178 1145.8282470703125 34
1756615925265 913.6310424804688 35
1756615925351 998.4546508789062 36
1756615925438 1159.296142578125 37
1756615925525 1185.1734619140625 38
1756615925611 1004.1456298828125 39
1756615925699 1008.5779418945312 40
1756615925785 1075.676025390625 41
1756615925872 1125.9683837890625 42
1756615925959 998.47119140625 43
1756615926046 965.2243041992188 44
1756615926133 1024.82177734375 45
1756615926219 1055.568359375 46
1756615926305 995.9739990234375 47
1756615926392 1071.6728515625 48
1756615926479 1035.804931640625 49
1756615926570 974.57763671875 50
1756615926657 1210.1044921875 51
1756615926744 923.0114135742188 52
1756615926831 1176.52978515625 53
1756615926918 964.7100830078125 54
1756615927005 1179.82177734375 55
1756615927092 936.1072387695312 56
1756615927178 811.030517578125 57
1756615927265 1040.512451171875 58
1756615927351 1140.0419921875 59
1756615927438 953.9322509765625 60
1756615927524 1013.9212036132812 61
1756615927611 969.8927001953125 62
1756615927698 935.8977661132812 63
1756615927784 1207.5111083984375 64
1756615927871 972.126953125 65
1756615927957 755.9076538085938 66
1756615928044 1010.2811279296875 67
1756615928130 1216.2742919921875 68
1756615928218 1002.8685302734375 69
1756615928305 793.9102783203125 70
1756615928391 976.7213745117188 71
1756615928478 1211.6221923828125 72
1756615928566 1232.141357421875 73
1756615928653 1276.7847900390625 74
1756615928739 1218.0166015625 75
1756615928828 1124.3250732421875 76
1756615928914 790.5568237304688 77
1756615929001 1228.5831298828125 78
1756615929087 1238.23583984375 79
1756615929174 1083.4566650390625 80
1756615929262 995.6306762695312 81
1756615929348 1046.4718017578125 82
1756615929435 1036.3228759765625 83
1756615929522 1100.411865234375 84
1756615929611 1130.693359375 85
1756615929699 987.0523071289062 86
1756615929786 1275.9779052734375 87
1756615929872 882.9229125976562 88
1756615929959 982.032958984375 89
1756615930046 1032.796875 90
1756615930134 980.8331909179688 91
1756615930221 759.7047119140625 92
1756615930307 984.8442993164062 93
1756615930401 1251.4971923828125 94
1756615930529 866.6435546875 95
1756615930616 1145.408447265625 96
1756615930703 1097.6951904296875 97
1756615930791 1089.2227783203125 98
1756615930879 965.7731323242188 99
1756615930966 935.3458251953125 100
1756615931053 986.7329711914062 101
1756615931140 947.0324096679688 102
1756615931229 998.5247802734375 103
1756615931316 1106.739501953125 104
1756615931405 1009.48486328125 105
1756615931492 996.9824829101562 106
1756615931578 1109.8121337890625 107
1756615931666 1206.7188720703125 108
1756615931753 1163.153564453125 109
1756615931841 1245.4091796875 110
1756615931928 1079.0162353515625 111
1756615932015 989.6279907226562 112
1756615932102 916.0737915039062 113
1756615932189 1000.251708984375 114
1756615932276 1063.847900390625 115
1756615932363 1258.3358154296875 116
1756615932450 853.109375 117
1756615932537 1233.9521484375 118
1756615932624 1197.4801025390625 119
1756615932710 1049.994140625 120
1756615932798 914.2364501953125 121
1756615932885 929.0737915039062 122
1756615932972 1049.9024658203125 123
1756615933060 955.4202880859375 124
1756615933147 1203.5531005859375 125
1756615933234 1285.9251708984375 126
1756615933321 1133.4615478515625 127
1756615933408 1135.4755859375 128
1756615933495 1037.82177734375 129
1756615933582 1238.036376953125 130
1756615933669 955.774658203125 131
1756615933756 1115.975341796875 132
1756615933842 1163.29345703125 133
1756615933929 951.2671508789062 134
1756615934015 1063.2115478515625 135
1756615934102 985.5671997070312 136
1756615934189 1086.5650634765625 137
1756615934276 1006.384521484375 138
1756615934363 1313.1968994140625 139
1756615934450 1007.8055419921875 140
1756615934537 1195.77197265625 141
1756615934623 911.8980712890625 142
1756615934710 943.6416625976562 143
1756615934797 1113.531005859375 144
1756615934885 1169.1724853515625 145
1756615934971 1146.1759033203125 146
1756615935058 1005.5796508789062 147
1756615935146 1267.9273681640625 148
1756615935232 868.990478515625 149
1756615935323 915.2244262695312 150
1756615935410 1137.8778076171875 151
1756615935497 1290.4483642578125 152
1756615935583 885.3917846679688 153
1756615935670 1106.9638671875 154
1756615935757 997.8162841796875 155
1756615935844 1071.48291015625 156
1756615935932 856.75439453125 157
1756615936020 1300.8028564453125 158
1756615936108 1055.82568359375 159
1756615936195 944.3323364257812 160
1756615936283 931.8458862304688 161
1756615936371 1290.96435546875 162
1756615936459 1178.369384765625 163
1756615936546 1269.2469482421875 164
1756615936633 1036.474365234375 165
1756615936721 1273.8184814453125 166
1756615936808 924.2642822265625 167
1756615936895 1236.621826171875 168
1756615936982 1107.5086669921875 169
1756615937069 952.4338989257812 170
1756615937155 1103.294189453125 171
1756615937242 1084.08349609375 172
1756615937329 1068.479248046875 173
1756615937416 1193.9954833984375 174
1756615937503 1091.3804931640625 175
1756615937589 896.0152587890625 176
1756615937676 1176.722900390625 177
1756615937763 1171.8331298828125 178
1756615937850 1068.052001953125 179
1756615937937 1137.4365234375 180
1756615938024 1021.9442749023438 181
1756615938111 890.3070678710938 182
1756615938198 1165.9443359375 183
1756615938285 1210.2042236328125 184
1756615938372 1170.6558837890625 185
1756615938459 1006.7168579101562 186
1756615938545 981.8441162109375 187
1756615938632 984.31298828125 188
1756615938719 1326.0325927734375 189
1756615938807 1031.5208740234375 190
1756615938894 1081.1962890625 191
1756615938982 1040.197998046875 192
1756615939070 950.482421875 193
1756615939158 1080.789306640625 194
1756615939245 826.0726928710938 195
1756615939332 1169.7955322265625 196
1756615939419 1166.2913818359375 197
1756615939506 1197.3436279296875 198
1756615939593 1127.984619140625 199
1756615939682 1113.0694580078125 200
1756615939769 1361.911376953125 201
1756615939857 906.1963500976562 202
1756615939944 1074.9267578125 203
1756615940031 919.0499877929688 204
1756615940117 955.2560424804688 205
1756615940204 1001.8300170898438 206
1756615940292 1149.5130615234375 207
1756615940378 1047.9864501953125 208
1756615940465 1012.0441284179688 209
1756615940553 944.344482421875 210
1756615940641 993.5463256835938 211
1756615940728 1083.4287109375 212
1756615940815 1310.843505859375 213
1756615940902 1008.7435913085938 214
1756615940989 1139.713623046875 215
1756615941076 1145.3074951171875 216
1756615941164 973.9077758789062 217
1756615941251 958.990478515625 218
1756615941339 970.5503540039062 219
1756615941426 1193.957275390625 220
1756615941513 882.9611206054688 221
1756615941599 846.8977661132812 222
1756615941688 1242.4710693359375 223
1756615941776 842.6607666015625 224
1756615941863 1170.901123046875 225
1756615941950 1003.4705200195312 226
1756615942037 1035.3819580078125 227
1756615942124 1020.120849609375 228
1756615942211 1298.54833984375 229
1756615942299 908.1788330078125 230
1756615942386 1220.6893310546875 231
1756615942473 1095.0718994140625 232
1756615942561 1141.8896484375 233
1756615942648 973.8229370117188 234
1756615942740 1277.572509765625 235
1756615942854 963.449462890625 236
1756615942943 1139.1533203125 237
1756615943031 1125.896240234375 238
1756615943119 1273.0201416015625 239
1756615943206 1009.826416015625 240
1756615943293 1047.52001953125 241
1756615943380 1206.82958984375 242
1756615943468 999.2200927734375 243
1756615943555 1060.4775390625 244
1756615943642 1137.604248046875 245
1756615943731 1158.6898193359375 246
1756615943818 808.6488037109375 247
1756615943905 1082.068603515625 248
1756615943992 657.718505859375 249
1756615944080 1024.7032470703125 250
1756615944167 893.444580078125 251
1756615944255 1041.212890625 252
1756615944342 1140.7139892578125 253
1756615944429 948.01123046875 254
1756615944517 1365.5404052734375 255
1756615944605 850.9713745117188 256
1756615944693 1142.677490234375 257
1756615944780 932.9716796875 258
1756615944867 1158.1416015625 259
1756615944954 1260.59619140625 260
1756615945043 1149.2554931640625 261
1756615945131 955.1260375976562 262
1756615945220 846.8779296875 263
1756615945308 821.2059326171875 264
1756615945397 1021.2213745117188 265
1756615945489 1127.3228759765625 266
1756615945575 1163.478515625 267
1756615945664 1073.075927734375 268
1756615945750 1064.0687255859375 269
1756615945837 957.4871826171875 270
1756615945923 916.3324584960938 271
1756615946011 1150.3739013671875 272
1756615946098 1042.4212646484375 273
1756615946187 1144.1046142578125 274
1756615946276 1038.0107421875 275
1756615946364 876.654541015625 276
1756615946452 1302.8992919921875 277
1756615946539 1039.49853515625 278
1756615946628 987.5835571289062 279
1756615946716 1168.961181640625 280
1756615946805 772.755126953125 281
1756615946892 1194.385986328125 282
1756615946980 988.5491333007812 283
1756615947067 1038.852783203125 284
1756615947155 740.2791137695312 285
1756615947242 1058.793701171875 286
1756615947330 1136.3485107421875 287
1756615947417 1330.6806640625 288
1756615947504 1156.3270263671875 289
1756615947592 975.7593383789062 290
1756615947680 1145.0367431640625 291
1756615947768 1064.628662109375 292
1756615947855 1023.9547119140625 293
1756615947942 1243.8011474609375 294
1756615948030 1142.0701904296875 295
1756615948118 1009.2819213867188 296
1756615948209 911.5722045898438 297
1756615948296 980.1678466796875 298
1756615948384 835.616455078125 299
1756615958571 2417.833984375 0
1756615958659 1998.2349853515625 1
1756615958746 1410.422607421875 2
1756615958832 1305.3316650390625 3
1756615958919 1219.884521484375 4
1756615959005 1110.2042236328125 5
1756615959093 1018.0011596679688 6
1756615959179 1135.8736572265625 7
1756615959266 938.0643920898438 8
1756615959353 1063.4027099609375 9
1756615959439 1047.77880859375 10
1756615959526 926.6929321289062 11
1756615959614 1127.49267578125 12
1756615959720 1052.008056640625 13
1756615959864 1161.36669921875 14
1756615959979 1207.0264892578125 15
1756615960090 986.5984497070312 16
1756615960190 731.1996459960938 17
1756615960288 1193.7320556640625 18
1756615960387 1098.9991455078125 19
1756615960485 971.3499755859375 20
1756615960587 1075.067626953125 21
1756615960698 969.0619506835938 22
1756615960790 1064.61181640625 23
1756615960888 1050.9722900390625 24
1756615960999 1143.33447265625 25
1756615961095 876.1511840820312 26
1756615961183 924.662841796875 27
1756615961270 851.6846923828125 28
1756615961358 1131.3089599609375 29
1756615961447 838.7564697265625 30
1756615961535 924.3040161132812 31
1756615961623 979.8591918945312 32
1756615961710 935.5482177734375 33
1756615961798 809.9739990234375 34
1756615961886 943.3753051757812 35
1756615961973 993.8571166992188 36
1756615962061 818.5449829101562 37
1756615962152 880.709716796875 38
1756615962245 1089.7603759765625 39
1756615962331 941.913330078125 40
1756615962417 968.4664916992188 41
1756615962504 1266.6190185546875 42
1756615962590 1131.684326171875 43
1756615962677 927.7953491210938 44
1756615962763 1022.8784790039062 45
1756615962850 1127.6337890625 46
1756615962937 936.4744873046875 47
1756615963023 1124.7010498046875 48
1756615963110 1080.9154052734375 49
1756615963196 1112.1798095703125 50
1756615963282 1048.0228271484375 51
1756615963369 1096.927978515625 52
1756615963456 1066.0994873046875 53
1756615963543 1011.1456298828125 54
1756615963629 781.0088500976562 55
1756615963716 862.965087890625 56
1756615963804 891.6946411132812 57
1756615963890 1293.3870849609375 58
1756615963976 1159.3935546875 59
1756615964062 818.1773071289062 60
1756615964148 959.1321411132812 61
1756615964234 1075.4761962890625 62
1756615964320 811.2755126953125 63
1756615964406 1050.180908203125 64
1756615964493 958.1522827148438 65
1756615964579 859.5029907226562 66
1756615964665 962.048095703125 67
1756615964751 781.9398193359375 68
1756615964838 791.0419921875 69
1756615964924 880.7177124023438 70
1756615965011 1108.2462158203125 71
1756615965097 966.5416259765625 72
1756615965184 888.3887329101562 73
1756615965270 893.9014282226562 74
1756615965361 844.9423217773438 75
1756615965483 895.803955078125 76
1756615965570 927.4633178710938 77
1756615965656 955.2713012695312 78
1756615965743 911.1975708007812 79
1756615965832 895.3111572265625 80
1756615965918 1043.9976806640625 81
1756615966003 953.4190673828125 82
1756615966088 899.427978515625 83
1756615966174 941.5850830078125 84
1756615966260 900.6656494140625 85
1756615966346 759.3761596679688 86
1756615966433 1019.4756469726562 87
1756615966519 1003.7791748046875 88
1756615966606 979.7007446289062 89
1756615966691 1069.2000732421875 90
1756615966777 957.3909301757812 91
1756615966863 1155.3392333984375 92
1756615966949 1022.2180786132812 93
1756615967035 1135.6617431640625 94
1756615967121 1009.7127075195312 95
1756615967208 871.6368408203125 96
1756615967294 1093.702880859375 97
1756615967380 1136.150634765625 98
1756615967466 1070.822021484375 99
1756615967552 899.1173095703125 100
1756615967638 736.6929931640625 101
1756615967725 958.4303588867188 102
1756615967812 802.47607421875 103
1756615967897 854.0640869140625 104
1756615967983 1135.9127197265625 105
1756615968069 1291.6455078125 106
1756615968155 892.6084594726562 107
1756615968241 825.1347045898438 108
1756615968327 1008.5941162109375 109
1756615968413 831.9187622070312 110
1756615968499 961.7067260742188 111
1756615968585 962.2175903320312 112
1756615968671 779.8646240234375 113
1756615968757 1165.863037109375 114
1756615968843 840.8343505859375 115
1756615968929 1113.7891845703125 116
1756615969015 1113.28955078125 117
1756615969101 1169.3189697265625 118
1756615969188 834.8930053710938 119
1756615969274 1039.36181640625 120
1756615969360 1024.44384765625 121
1756615969446 905.76318359375 122
1756615969532 979.642578125 123
1756615969618 916.5942993164062 124
1756615969707 834.1640625 125
1756615969793 782.9713134765625 126
1756615969879 772.248046875 127
1756615969966 1051.211181640625 128
1756615970053 812.5465087890625 129
1756615970140 977.4571533203125 130
1756615970226 1112.65478515625 131
1756615970312 924.6326904296875 132
1756615970399 901.871337890625 133
1756615970486 827.390625 134
1756615970573 893.3484497070312 135
1756615970659 785.2357177734375 136
1756615970745 961.3949584960938 137
1756615970831 925.4482421875 138
1756615970917 825.8798828125 139
1756615971004 823.67724609375 140
1756615971090 973.0291748046875 141
1756615971178 996.3097534179688 142
1756615971265 777.5841064453125 143
1756615971351 1007.8496704101562 144
1756615971437 966.4623413085938 145
1756615971524 1066.67041015625 146
1756615971610 1110.3441162109375 147
1756615971697 993.3040161132812 148
1756615971783 1112.9957275390625 149
1756615971869 1022.2866821289062 150
1756615971956 1054.493408203125 151
1756615972043 1023.4800415039062 152
1756615972130 942.0769653320312 153
1756615972217 719.0160522460938 154
1756615972304 928.9425659179688 155
1756615972391 1077.536376953125 156
1756615972478 694.6790161132812 157
1756615972566 1020.5967407226562 158
1756615972653 1000.2996826171875 159
1756615972742 883.1156005859375 160
1756615972829 877.1904296875 161
1756615972916 995.6769409179688 162
1756615973003 749.97607421875 163
1756615973089 832.5074462890625 164
1756615973176 834.1123657226562 165
1756615973263 851.5924072265625 166
1756615973350 993.422607421875 167
1756615973437 856.7394409179688 168
1756615973524 946.7623291015625 169
1756615973611 969.6491088867188 170
1756615973698 1025.6043701171875 171
1756615973784 884.9764404296875 172
1756615973870 932.4556884765625 173
1756615973956 1201.0902099609375 174
1756615974042 964.8806762695312 175
1756615974129 820.9574584960938 176
1756615974215 1020.2828369140625 177
1756615974301 1127.6280517578125 178
1756615974388 926.7552490234375 179
1756615974475 983.3138427734375 180
1756615974561 988.84619140625 181
1756615974647 1045.6195068359375 182
1756615974734 973.15283203125 183
1756615974820 998.6515502929688 184
1756615974907 841.7416381835938 185
1756615974993 794.9741821289062 186
1756615975079 893.9291381835938 187
1756615975167 919.3452758789062 188
1756615975253 884.0853881835938 189
1756615975340 859.3734741210938 190
1756615975427 938.9824829101562 191
1756615975513 1026.0101318359375 192
1756615975600 945.5636596679688 193
1756615975687 898.6431884765625 194
1756615975774 1226.2493896484375 195
1756615975860 862.392578125 196
1756615975947 947.1705322265625 197
1756615976034 952.86181640625 198
1756615976120 1076.567138671875 199
1756615976207 999.9725952148438 200
1756615976294 997.0519409179688 201
1756615976380 918.31591796875 202
1756615976467 1120.3779296875 203
1756615976553 1231.8211669921875 204
1756615976640 855.8115844726562 205
1756615976726 984.9598999023438 206
1756615976812 1031.9681396484375 207
1756615976899 920.0219116210938 208
1756615976985 955.5447387695312 209
1756615977072 1117.64892578125 210
1756615977159 950.6577758789062 211
1756615977246 858.248779296875 212
1756615977333 971.667724609375 213
1756615977420 849.6419677734375 214
1756615977507 734.5718383789062 215
1756615977598 1058.108154296875 216
1756615977734 960.7564086914062 217
1756615977821 998.9585571289062 218
1756615977907 915.316650390625 219
1756615977994 1032.828369140625 220
1756615978080 1020.7640991210938 221
1756615978168 914.551025390625 222
1756615978254 990.2888793945312 223
1756615978341 978.464599609375 224
1756615978428 997.136962890625 225
1756615978515 1023.0375366210938 226
1756615978605 727.013671875 227
1756615978692 1120.54052734375 228
1756615978779 827.1203002929688 229
1756615978866 895.2437744140625 230
1756615978958 1032.529296875 231
1756615979045 1044.1905517578125 232
1756615979132 990.3668823242188 233
1756615979219 959.5423583984375 234
1756615979306 810.6282958984375 235
1756615979393 1152.6358642578125 236
1756615979480 781.5330200195312 237
1756615979567 1053.302978515625 238
1756615979654 1081.343505859375 239
1756615979741 1075.884033203125 240
1756615979828 1102.5355224609375 241
1756615979915 996.2262573242188 242
1756615980004 982.01123046875 243
1756615980091 875.0369262695312 244
1756615980178 1132.31689453125 245
1756615980265 1049.4273681640625 246
1756615980351 985.3572998046875 247
1756615980438 812.6090087890625 248
1756615980525 912.9616088867188 249
1756615980612 941.751708984375 250
1756615980699 1035.7415771484375 251
1756615980785 937.1388549804688 252
1756615980872 1072.3447265625 253
1756615980959 984.6622924804688 254
1756615981046 881.98779296875 255
1756615981133 957.576416015625 256
1756615981220 1024.308349609375 257
1756615981307 995.6876831054688 258
1756615981394 861.560791015625 259
1756615981481 825.6112670898438 260
1756615981569 912.368896484375 261
1756615981656 893.0611572265625 262
1756615981744 1101.2479248046875 263
1756615981831 915.9783325195312 264
1756615981919 1002.7744750976562 265
1756615982007 1003.48193359375 266
1756615982095 1174.0523681640625 267
1756615982183 1143.5892333984375 268
1756615982271 892.7684326171875 269
1756615982358 750.971435546875 270
1756615982446 867.8277587890625 271
1756615982534 678.5196533203125 272
1756615982622 970.5444946289062 273
1756615982709 935.6884155273438 274
1756615982796 1101.021728515625 275
1756615982883 898.7833862304688 276
1756615982970 817.9480590820312 277
1756615983059 655.421875 278
1756615983146 992.3485717773438 279
1756615983234 1064.6204833984375 280
1756615983321 780.038330078125 281
1756615983408 858.2842407226562 282
1756615983495 1027.6461181640625 283
1756615983583 914.2550048828125 284
1756615983670 895.1649780273438 285
1756615983757 976.9468383789062 286
1756615983845 1125.7913818359375 287
1756615983932 872.90283203125 288
1756615984020 929.137451171875 289
1756615984108 997.3583374023438 290
1756615984196 870.6670532226562 291
1756615984283 877.792724609375 292
1756615984371 1056.75146484375 293
1756615984458 962.0416259765625 294
1756615984546 1063.0728759765625 295
1756615984634 982.0235595703125 296
1756615984723 1096.3038330078125 297
1756615984810 1057.3115234375 298
1756615984897 918.5565795898438 299
1756615993111 2563.708251953125 0
1756615993212 2427.251220703125 1
1756615993313 2189.485107421875 2
1756615993410 2100.689697265625 3
1756615993507 1675.74365234375 4
1756615993600 1414.864501953125 5
1756615993694 1226.890625 6
1756615993795 1178.550048828125 7
1756615993892 912.759033203125 8
1756615993990 1072.1839599609375 9
1756615994088 1315.856689453125 10
1756615994187 1264.9822998046875 11
1756615994342 1136.9111328125 12
1756615994448 1214.2884521484375 13
1756615994553 1170.007568359375 14
1756615994650 1107.664794921875 15
1756615994746 1061.6983642578125 16
1756615994842 1129.9981689453125 17
1756615994940 1314.821044921875 18
1756615995042 909.2009887695312 19
1756615995148 1176.339599609375 20
1756615995248 994.6240844726562 21
1756615995353 1237.3953857421875 22
1756615995480 951.143798828125 23
1756615995576 1167.305908203125 24
1756615995690 1151.4107666015625 25
1756615995800 1374.7974853515625 26
1756615995900 1265.4315185546875 27
1756615995999 1187.4669189453125 28
1756615996098 1160.794677734375 29
1756615996201 1028.5689697265625 30
1756615996297 1031.3258056640625 31
1756615996401 927.3407592773438 32
1756615996497 1056.77294921875 33
1756615996594 1198.9041748046875 34
1756615996692 1103.297119140625 35
1756615996790 1054.422607421875 36
1756615996886 987.8392333984375 37
1756615996984 1405.9735107421875 38
1756615997080 1001.558349609375 39
1756615997178 1012.8960571289062 40
1756615997277 976.7408447265625 41
1756615997376 1191.6326904296875 42
1756615997472 995.3612670898438 43
1756615997568 955.9949340820312 44
1756615997665 1159.9521484375 45
1756615997764 1139.5181884765625 46
1756615997865 807.5379028320312 47
1756615997971 828.0093383789062 48
1756615998074 1108.7230224609375 49
1756615998170 944.4990844726562 50
1756615998269 966.8480834960938 51
1756615998370 1273.6900634765625 52
1756615998464 1089.265869140625 53
1756615998561 1050.883544921875 54
1756615998660 962.8185424804688 55
1756615998757 1001.2232666015625 56
1756615998929 1053.6270751953125 57
1756615999026 1153.408935546875 58
1756615999124 1026.015380859375 59
1756615999227 874.777099609375 60
1756615999327 919.3272705078125 61
1756615999426 1188.373291015625 62
1756615999523 922.7269287109375 63
1756615999625 880.2736206054688 64
1756615999729 841.6497802734375 65
1756615999829 1307.447021484375 66
1756615999927 1257.6962890625 67
1756616000025 1183.819091796875 68
1756616000120 1118.1224365234375 69
1756616000216 934.6310424804688 70
1756616000307 1016.2070922851562 71
1756616000406 842.255859375 72
1756616000499 1318.132568359375 73
1756616000594 875.3486328125 74
1756616000690 765.3580322265625 75
1756616000785 1078.666259765625 76
1756616000879 1120.8516845703125 77
1756616000978 1012.4803466796875 78
1756616001080 974.561767578125 79
1756616001177 928.9636840820312 80
1756616001275 1280.431396484375 81
1756616001372 1058.68115234375 82
1756616001469 1050.8431396484375 83
1756616001576 1073.04296875 84
1756616001678 944.4645385742188 85
1756616001780 797.626953125 86
1756616001883 1011.3944091796875 87
1756616001984 876.6995239257812 88
1756616002086 1142.47119140625 89
1756616002187 944.6246948242188 90
1756616002289 889.5581665039062 91
1756616002388 982.5130004882812 92
1756616002490 1021.1182250976562 93
1756616002589 1055.572998046875 94
1756616002688 878.2225341796875 95
1756616002781 1155.259033203125 96
1756616002873 930.1345825195312 97
1756616002972 1178.42333984375 98
1756616003068 940.1749877929688 99
1756616003167 1214.3114013671875 100
1756616003262 1029.822265625 101
1756616003362 1058.619140625 102
1756616003455 885.56298828125 103
1756616003552 1204.7650146484375 104
1756616003652 958.6428833007812 105
1756616003750 1048.5118408203125 106
1756616003849 876.4338989257812 107
1756616003948 1121.62353515625 108
1756616004045 1016.0925903320312 109
1756616004147 1215.1463623046875 110
1756616004245 938.4920654296875 111
1756616004342 1095.5076904296875 112
1756616004442 996.985107421875 113
1756616004542 1145.546142578125 114
1756616004638 1072.3197021484375 115
1756616004735 1204.124755859375 116
1756616004834 979.3499755859375 117
1756616004932 1040.21923828125 118
1756616005027 1069.6971435546875 119
1756616005125 1001.7028198242188 120
1756616005221 947.8228759765625 121
1756616005319 985.4528198242188 122
1756616005419 1043.92724609375 123
1756616005516 842.2109375 124
1756616005614 1109.7164306640625 125
1756616005709 830.357666015625 126
1756616005811 1056.055419921875 127
1756616005905 1118.969482421875 128
1756616005998 989.1227416992188 129
1756616006094 1283.8123779296875 130
1756616006193 985.0498657226562 131
1756616006287 766.4573364257812 132
1756616006384 1287.7430419921875 133
1756616006487 1104.6790771484375 134
1756616006590 1347.940673828125 135
1756616006686 1110.390869140625 136
1756616006784 1158.1519775390625 137
1756616006882 898.8862915039062 138
1756616006980 847.4402465820312 139
1756616007079 1177.7398681640625 140
1756616007182 787.9978637695312 141
1756616007278 1119.450439453125 142
1756616007378 1054.49658203125 143
1756616007478 942.9052124023438 144
1756616007576 1250.3245849609375 145
1756616007674 1055.321044921875 146
1756616007772 940.15625 147
1756616007870 1103.994873046875 148
1756616007963 882.9822387695312 149
1756616008062 913.7057495117188 150
1756616008159 1021.8345336914062 151
1756616008256 1281.07666015625 152
1756616008355 1185.8568115234375 153
1756616008461 1109.59619140625 154
1756616008561 1020.3165283203125 155
1756616008657 937.8062744140625 156
1756616008752 1019.4735717773438 157
1756616008849 1199.2015380859375 158
1756616008947 1136.541748046875 159
1756616009047 868.5830078125 160
1756616009144 890.5946655273438 161
1756616009238 924.6289672851562 162
1756616009338 1131.0643310546875 163
1756616009439 994.9259033203125 164
1756616009538 857.5419921875 165
1756616009639 1049.239501953125 166
1756616009737 941.522705078125 167
1756616009834 986.2831420898438 168
1756616009933 1265.279052734375 169
1756616010033 986.1760864257812 170
1756616010133 822.5935668945312 171
1756616010236 1176.7335205078125 172
1756616010336 928.962158203125 173
1756616010435 950.3116455078125 174
1756616010535 966.6157836914062 175
1756616010634 968.1006469726562 176
1756616010732 1272.7415771484375 177
1756616010834 943.8307495117188 178
1756616010936 1074.13037109375 179
1756616011033 937.7189331054688 180
1756616011131 927.0479125976562 181
1756616011227 1071.29931640625 182
1756616011326 992.670166015625 183
1756616011425 1125.2801513671875 184
1756616011523 733.7298583984375 185
1756616011621 873.8330078125 186
1756616011718 922.8416137695312 187
1756616011815 991.606201171875 188
1756616011909 1378.3236083984375 189
1756616012006 953.4119262695312 190
1756616012098 802.563232421875 191
1756616012191 960.703125 192
1756616012285 1201.860107421875 193
1756616012381 967.0673828125 194
1756616012480 1098.342529296875 195
1756616012577 941.3416748046875 196
1756616012680 1066.860595703125 197
1756616012816 1112.4208984375 198
1756616012914 933.1010131835938 199
1756616013014 1001.0888671875 200
1756616013116 1238.586669921875 201
1756616013213 1333.4793701171875 202
1756616013315 917.040283203125 203
1756616013415 1112.87548828125 204
1756616013510 1196.0457763671875 205
1756616013604 962.4588012695312 206
1756616013703 1319.9119873046875 207
1756616013799 882.878662109375 208
1756616013897 1194.9002685546875 209
1756616013997 1157.5509033203125 210
1756616014091 864.9583740234375 211
1756616014186 1101.3389892578125 212
1756616014286 1079.415283203125 213
1756616014387 977.7019653320312 214
1756616014487 1034.0068359375 215
1756616014585 903.61181640625 216
1756616014684 1203.6148681640625 217
1756616014782 1052.0902099609375 218
1756616014882 968.9288330078125 219
1756616014981 1011.6183471679688 220
1756616015080 1000.8136596679688 221
1756616015177 1048.490478515625 222
1756616015277 976.8251342773438 223
1756616015373 948.9064331054688 224
1756616015468 1037.320068359375 225
1756616015569 973.6484375 226
1756616015667 1016.8977661132812 227
1756616015768 1185.518798828125 228
1756616015872 1281.866943359375 229
1756616015973 912.92236328125 230
1756616016071 983.07373046875 231
1756616016170 1112.892578125 232
1756616016266 1060.717041015625 233
1756616016367 973.535888671875 234
1756616016470 1156.966552734375 235
1756616016572 991.2366333007812 236
1756616016668 919.6708374023438 237
1756616016768 749.926513671875 238
1756616016867 844.884033203125 239
1756616016961 1092.299560546875 240
1756616017063 1240.78466796875 241
1756616017161 911.8098754882812 242
1756616017260 995.8164672851562 243
1756616017363 1027.410400390625 244
1756616017465 1065.1136474609375 245
1756616017566 1133.7613525390625 246
1756616017662 1110.45751953125 247
1756616017764 983.6080322265625 248
1756616017914 995.5625 249
1756616018011 943.2418823242188 250
1756616018110 1083.5401611328125 251
1756616018208 967.694091796875 252
1756616018308 1109.9847412109375 253
1756616018405 1080.96435546875 254
1756616018502 976.7289428710938 255
1756616018596 982.8557739257812 256
1756616018695 1006.0298461914062 257
1756616018793 1159.9771728515625 258
1756616018893 1234.18408203125 259
1756616018990 1195.027099609375 260
1756616019086 1238.22607421875 261
1756616019185 628.673095703125 262
1756616019281 894.6203002929688 263
1756616019378 971.45654296875 264
1756616019477 830.4105834960938 265
1756616019579 1014.7413330078125 266
1756616019678 1014.2925415039062 267
1756616019773 1106.0589599609375 268
1756616019871 1012.7760009765625 269
1756616019971 1147.4742431640625 270
1756616020067 910.8361206054688 271
1756616020166 945.5841674804688 272
1756616020268 1046.5999755859375 273
1756616020371 1071.2379150390625 274
1756616020473 1129.63671875 275
1756616020574 989.8358154296875 276
1756616020674 817.0097045898438 277
1756616020773 1019.1326904296875 278
1756616020874 867.4644165039062 279
1756616020975 1153.42919921875 280
1756616021076 1031.268310546875 281
1756616021177 899.3003540039062 282
1756616021275 902.1473999023438 283
1756616021376 881.440673828125 284
1756616021475 956.4090576171875 285
1756616021574 970.3360595703125 286
1756616021671 1123.070068359375 287
1756616021771 1048.283935546875 288
1756616021869 1155.4019775390625 289
1756616021964 1115.2969970703125 290
1756616022064 1199.06103515625 291
1756616022164 1055.537841796875 292
1756616022262 1132.517822265625 293
1756616022362 875.2531127929688 294
1756616022462 1078.7110595703125 295
1756616022559 1092.283935546875 296
1756616022656 974.1865844726562 297
1756616022759 959.9752197265625 298
1756616022856 875.1477661132812 299
1756616031066 2535.009033203125 0
1756616031170 2535.009033203125 1
1756616031270 2535.0087890625 2
1756616031369 2535.0087890625 3
1756616031471 2535.0087890625 4
1756616031571 2535.0087890625 5
1756616031671 2535.0087890625 6
1756616031768 2535.009033203125 7
1756616031872 2535.0087890625 8
1756616031968 2535.0087890625 9
1756616032067 2535.0087890625 10
1756616032175 2535.009033203125 11
1756616032313 2535.0087890625 12
1756616032424 2535.0087890625 13
1756616032525 2534.847412109375 14
1756616032626 2498.92724609375 15
1756616032724 2380.10009765625 16
1756616032819 2286.45458984375 17
1756616032919 2086.29638671875 18
1756616033016 1947.5601806640625 19
1756616033112 1604.958251953125 20
1756616033213 1680.402099609375 21
1756616033319 1185.5711669921875 22
1756616033423 1362.7664794921875 23
1756616033546 1349.95361328125 24
1756616033650 1296.0552978515625 25
1756616033754 1368.9031982421875 26
1756616033851 1149.3062744140625 27
1756616033952 1323.666748046875 28
1756616034051 1147.8779296875 29
1756616034152 1172.61572265625 30
1756616034250 1275.168701171875 31
1756616034349 962.7288208007812 32
1756616034449 1014.2478637695312 33
1756616034546 1134.7716064453125 34
1756616034644 1298.274658203125 35
1756616034747 1142.23828125 36
1756616034850 1064.0655517578125 37
1756616034979 1180.527587890625 38
1756616035081 1053.6146240234375 39
1756616035182 852.3946533203125 40
1756616035279 1065.727294921875 41
1756616035375 1212.4317626953125 42
1756616035473 967.1630249023438 43
1756616035569 1113.826171875 44
1756616035668 1172.7481689453125 45
1756616035766 1141.581298828125 46
1756616035866 1062.105712890625 47
1756616035966 1010.613525390625 48
1756616036066 1082.2078857421875 49
1756616036166 1053.4886474609375 50
1756616036266 1491.5228271484375 51
1756616036368 1032.57080078125 52
1756616036467 916.1385498046875 53
1756616036564 847.4801635742188 54
1756616036658 774.5721435546875 55
1756616036755 973.0261840820312 56
1756616036853 1056.5999755859375 57
1756616036953 1207.64501953125 58
1756616037050 1018.6563720703125 59
1756616037149 946.3838500976562 60
1756616037247 977.3522338867188 61
1756616037348 1016.7396240234375 62
1756616037443 1267.2589111328125 63
1756616037542 1009.5111083984375 64
1756616037644 1168.67822265625 65
1756616037743 1095.153564453125 66
1756616037847 1247.7740478515625 67
1756616037950 1222.1199951171875 68
1756616038048 1073.1142578125 69
1756616038146 1103.7073974609375 70
1756616038245 1107.9840087890625 71
1756616038344 1117.9122314453125 72
1756616038444 1191.755126953125 73
1756616038544 886.45068359375 74
1756616038645 1140.3468017578125 75
1756616038746 1257.055419921875 76
1756616038843 896.1668090820312 77
1756616038940 1127.2506103515625 78
1756616039042 1356.2613525390625 79
1756616039142 1328.3209228515625 80
1756616039238 1164.866943359375 81
1756616039338 1009.9583740234375 82
1756616039435 1279.701416015625 83
1756616039533 945.540771484375 84
1756616039628 1078.637939453125 85
1756616039722 950.1782836914062 86
1756616039820 1158.37646484375 87
1756616039919 1021.2471923828125 88
1756616040017 1046.7843017578125 89
1756616040117 1126.5299072265625 90
1756616040217 1157.7291259765625 91
1756616040318 1239.5826416015625 92
1756616040418 1195.0301513671875 93
1756616040517 1250.7646484375 94
1756616040620 900.399658203125 95
1756616040728 1221.683349609375 96
1756616040832 940.401611328125 97
1756616040929 952.8734130859375 98
1756616041024 1273.0714111328125 99
1756616041120 1160.02099609375 100
1756616041218 930.021484375 101
1756616041321 1137.8004150390625 102
1756616041419 1151.0982666015625 103
1756616041517 1131.0513916015625 104
1756616041617 1101.53369140625 105
1756616041716 1027.073486328125 106
1756616041812 1163.5889892578125 107
1756616041908 1042.7833251953125 108
1756616042005 1111.1737060546875 109
1756616042105 1094.1695556640625 110
1756616042204 970.029541015625 111
1756616042298 978.7788696289062 112
1756616042397 1284.240478515625 113
1756616042500 1352.0467529296875 114
1756616042597 1184.9666748046875 115
1756616042693 943.1134033203125 116
1756616042790 1278.710693359375 117
1756616042884 1228.0955810546875 118
1756616042983 1060.8974609375 119
1756616043078 980.3883666992188 120
1756616043177 1147.7501220703125 121
1756616043275 1341.224609375 122
1756616043376 839.5527954101562 123
1756616043473 980.9389038085938 124
1756616043567 1040.285400390625 125
1756616043664 851.7098999023438 126
1756616043762 825.9984741210938 127
1756616043857 1324.88134765625 128
1756616043959 1150.657958984375 129
1756616044058 1041.4102783203125 130
1756616044159 1242.61962890625 131
1756616044262 1390.6962890625 132
1756616044366 1107.27197265625 133
1756616044468 1070.34228515625 134
1756616044565 1120.5548095703125 135
1756616044665 859.1024169921875 136
1756616044768 1271.3846435546875 137
1756616044866 1337.3172607421875 138
1756616044963 951.2147827148438 139
1756616045063 1165.0426025390625 140
1756616045158 1050.9375 141
1756616045260 1170.9405517578125 142
1756616045362 1282.26953125 143
1756616045462 1187.6663818359375 144
1756616045558 999.8928833007812 145
1756616045654 1008.620849609375 146
1756616045754 1054.318115234375 147
1756616045855 1028.281494140625 148
1756616045951 1125.09765625 149
1756616046052 1419.2388916015625 150
1756616046157 1164.7747802734375 151
1756616046255 1088.291259765625 152
1756616046353 1169.06884765625 153
1756616046454 1155.7451171875 154
1756616046551 1093.3338623046875 155
1756616046656 901.852294921875 156
1756616046758 1220.0391845703125 157
1756616046864 909.4425659179688 158
1756616046969 1141.81689453125 159
1756616047073 1239.1396484375 160
1756616047175 921.7062377929688 161
1756616047275 1163.09765625 162
1756616047376 1155.239501953125 163
1756616047470 1104.0799560546875 164
1756616047564 1203.487060546875 165
1756616047667 1349.0869140625 166
1756616047771 861.3463745117188 167
1756616047870 1285.0611572265625 168
1756616047970 1228.5257568359375 169
1756616048072 1182.9783935546875 170
1756616048175 1023.0950927734375 171
1756616048271 1023.2411499023438 172
1756616048367 1026.4803466796875 173
1756616048464 1048.0889892578125 174
1756616048562 937.0477294921875 175
1756616048662 1163.6357421875 176
1756616048759 1263.458984375 177
1756616048855 1033.7047119140625 178
1756616048975 1068.3690185546875 179
1756616049070 1102.6351318359375 180
1756616049169 1117.7506103515625 181
1756616049268 1133.6702880859375 182
1756616049366 921.501220703125 183
1756616049464 877.4847412109375 184
1756616049564 1000.0178833007812 185
1756616049666 767.0950927734375 186
1756616049764 974.5664672851562 187
1756616049861 1205.9879150390625 188
1756616049960 941.4925537109375 189
1756616050055 1150.378173828125 190
1756616050155 901.6580200195312 191
1756616050256 1127.7662353515625 192
1756616050358 1155.84375 193
1756616050456 1014.5706176757812 194
1756616050552 1038.99462890625 195
1756616050653 1270.732666015625 196
1756616050752 1134.248291015625 197
1756616050849 881.985107421875 198
1756616050950 1109.632080078125 199
1756616051044 909.748046875 200
1756616051141 873.6489868164062 201
1756616051240 1172.93896484375 202
1756616051339 1253.8077392578125 203
1756616051441 865.3638916015625 204
1756616051538 933.0823364257812 205
1756616051638 1127.5081787109375 206
1756616051735 1226.953857421875 207
1756616051836 1051.116943359375 208
1756616051937 1225.31396484375 209
1756616052032 1074.375244140625 210
1756616052132 823.5933837890625 211
1756616052232 1032.137451171875 212
1756616052329 1217.14794921875 213
1756616052431 1049.240966796875 214
1756616052529 1290.9315185546875 215
1756616052629 1072.616943359375 216
1756616052728 1025.877197265625 217
1756616052825 1130.937744140625 218
1756616052922 1310.4862060546875 219
1756616053017 1222.275634765625 220
1756616053114 1216.6689453125 221
1756616053212 1192.8900146484375 222
1756616053312 1322.2169189453125 223
1756616053411 1143.383056640625 224
1756616053512 1221.771240234375 225
1756616053609 1104.607421875 226
1756616053707 961.004150390625 227
1756616053808 1425.4552001953125 228
1756616053909 1192.6488037109375 229
1756616054009 1185.3427734375 230
1756616054111 941.15966796875 231
1756616054209 1147.1112060546875 232
1756616054307 1308.245849609375 233
1756616054409 1113.091552734375 234
1756616054506 1129.1220703125 235
1756616054608 1040.0772705078125 236
1756616054711 1233.5289306640625 237
1756616054811 1024.6051025390625 238
1756616054905 915.7095336914062 239
1756616055003 946.7833862304688 240
1756616055106 1070.145751953125 241
1756616055203 1159.4285888671875 242
1756616055302 1138.0992431640625 243
1756616055400 996.113037109375 244
1756616055497 933.9234008789062 245
1756616055594 1319.7420654296875 246
1756616055698 1278.7752685546875 247
1756616055796 1150.0438232421875 248
1756616055896 1000.3438720703125 249
1756616055992 1166.5718994140625 250
1756616056090 1160.4039306640625 251
1756616056190 1295.938720703125 252
1756616056287 825.0213012695312 253
1756616056389 1151.471435546875 254
1756616056488 1284.9495849609375 255
1756616056591 1127.4014892578125 256
1756616056691 1105.3753662109375 257
1756616056794 1171.503173828125 258
1756616056894 1167.7254638671875 259
1756616056989 941.7027587890625 260
1756616057085 1104.285400390625 261
1756616057180 1050.057861328125 262
1756616057278 1044.5450439453125 263
1756616057375 1079.659912109375 264
1756616057474 1066.3277587890625 265
1756616057572 1187.979248046875 266
1756616057671 980.1531372070312 267
1756616057772 1120.987060546875 268
1756616057871 704.3609008789062 269
1756616057973 1176.937255859375 270
1756616058072 1092.9388427734375 271
1756616058170 1131.266845703125 272
1756616058270 1050.804931640625 273
1756616058376 1357.0489501953125 274
1756616058477 998.117919921875 275
1756616058579 1139.6895751953125 276
1756616058678 1073.6392822265625 277
1756616058780 1163.6162109375 278
1756616058884 991.6741333007812 279
1756616058986 1268.6451416015625 280
1756616059088 1184.7353515625 281
1756616059185 1236.8826904296875 282
1756616059289 989.4217529296875 283
1756616059390 1034.7559814453125 284
1756616059492 1174.9083251953125 285
1756616059589 1112.46826171875 286
1756616059686 885.6935424804688 287
1756616059785 1249.7684326171875 288
1756616059882 1097.0465087890625 289
1756616059981 1022.1378784179688 290
1756616060078 1060.1788330078125 291
1756616060177 1186.4796142578125 292
1756616060276 1080.447998046875 293
1756616060376 1216.9964599609375 294
1756616060478 1329.01318359375 295
1756616060580 1440.147216796875 296
1756616060682 1151.3284912109375 297
1756616060783 1141.583251953125 298
1756616060882 1240.3011474609375 299
1756616069137 2475.1513671875 0
1756616069304 2143.42041015625 1
1756616069419 1844.3826904296875 2
1756616069526 1389.9794921875 3
1756616069631 1224.8551025390625 4
1756616069735 1173.70849609375 5
1756616069841 1121.559326171875 6
1756616069946 991.2365112304688 7
1756616070056 1540.26953125 8
1756616070166 1185.8673095703125 9
1756616070291 898.43994140625 10
1756616070408 1057.2225341796875 11
1756616070511 1070.93603515625 12
1756616070614 875.5778198242188 13
1756616070718 1136.505615234375 14
1756616070819 1198.469482421875 15
1756616070921 1182.929443359375 16
1756616071023 946.5147094726562 17
1756616071123 934.7172241210938 18
1756616071245 1176.0606689453125 19
1756616071368 1124.25439453125 20
1756616071466 1011.9645385742188 21
1756616071566 1116.3065185546875 22
1756616071666 1130.66650390625 23
1756616071767 1122.6458740234375 24
1756616071866 848.72314453125 25
1756616071969 863.611328125 26
1756616072071 1049.576416015625 27
1756616072175 1025.374267578125 28
1756616072275 803.2456665039062 29
1756616072380 833.9323120117188 30
1756616072485 1052.550048828125 31
1756616072588 1261.0452880859375 32
1756616072686 973.9939575195312 33
1756616072788 1024.8175048828125 34
1756616072886 1118.109619140625 35
1756616072989 978.5809326171875 36
1756616073090 1127.622802734375 37
1756616073191 1185.543212890625 38
1756616073295 1149.9278564453125 39
1756616073401 1192.05859375 40
1756616073501 1014.8763427734375 41
1756616073599 973.3894653320312 42
1756616073699 915.0223999023438 43
1756616073802 1025.52392578125 44
1756616073903 927.3361206054688 45
1756616074005 889.1826171875 46
1756616074106 1112.70556640625 47
1756616074206 845.3218994140625 48
1756616074307 963.1248168945312 49
1756616074406 1094.1185302734375 50
1756616074507 940.0576171875 51
1756616074611 1341.349609375 52
1756616074712 1039.001953125 53
1756616074810 942.9110717773438 54
1756616074912 932.5989990234375 55
1756616075014 1083.8475341796875 56
1756616075115 875.8087158203125 57
1756616075217 1009.546875 58
1756616075320 1102.56640625 59
1756616075426 795.991455078125 60
1756616075527 1049.7049560546875 61
1756616075626 1152.437744140625 62
1756616075727 871.1995239257812 63
1756616075829 971.7552490234375 64
1756616075931 1087.4903564453125 65
1756616076030 991.0406494140625 66
1756616076131 1189.6402587890625 67
1756616076234 1073.70556640625 68
1756616076339 1056.2840576171875 69
1756616076437 1041.81103515625 70
1756616076539 992.02685546875 71
1756616076637 1159.8433837890625 72
1756616076739 966.2551879882812 73
1756616076839 861.894287109375 74
1756616076941 1038.1375732421875 75
1756616077044 967.4225463867188 76
1756616077144 1235.898681640625 77
1756616077245 1313.54345703125 78
1756616077349 819.5885009765625 79
1756616077454 837.5860595703125 80
1756616077560 847.059326171875 81
1756616077664 925.22119140625 82
1756616077766 1039.922119140625 83
1756616077866 1003.1925048828125 84
1756616077966 1225.085693359375 85
1756616078068 1187.9150390625 86
1756616078172 1254.6646728515625 87
1756616078278 992.6185913085938 88
1756616078386 1091.363525390625 89
1756616078491 1000.4133911132812 90
1756616078594 502.96954345703125 91
1756616078701 1093.3651123046875 92
1756616078805 918.63818359375 93
1756616078908 947.5576782226562 94
1756616079011 1034.5736083984375 95
1756616079117 986.2598876953125 96
1756616079224 967.532470703125 97
1756616079331 916.2632446289062 98
1756616079435 1145.28759765625 99
1756616079538 1184.416015625 100
1756616079640 1034.09912109375 101
1756616079738 1065.8428955078125 102
1756616079840 952.7877197265625 103
1756616079939 1110.5916748046875 104
1756616080040 882.443603515625 105
1756616080139 1076.56005859375 106
1756616080242 793.78173828125 107
1756616080343 847.6668701171875 108
1756616080449 827.2575073242188 109
1756616080552 1197.408935546875 110
1756616080655 946.2616577148438 111
1756616080759 993.656982421875 112
1756616080863 812.3616333007812 113
1756616080966 1263.0684814453125 114
1756616081068 1021.3798828125 115
1756616081166 1090.21044921875 116
1756616081266 837.4262084960938 117
1756616081364 1023.4010009765625 118
1756616081467 978.3670043945312 119
1756616081571 1263.9158935546875 120
1756616081675 1002.6852416992188 121
1756616081777 974.296142578125 122
1756616081881 1195.771240234375 123
1756616081980 969.7114868164062 124
1756616082080 813.5308837890625 125
1756616082184 1000.6921997070312 126
1756616082288 1166.0462646484375 127
1756616082393 1141.5972900390625 128
1756616082498 1090.461181640625 129
1756616082597 1013.9696655273438 130
1756616082698 1051.6922607421875 131
1756616082800 994.6546630859375 132
1756616082903 986.6033325195312 133
1756616083006 1021.682861328125 134
1756616083106 828.0242919921875 135
1756616083210 1022.6954956054688 136
1756616083311 1073.3179931640625 137
1756616083412 917.0684204101562 138
1756616083511 1032.9945068359375 139
1756616083612 1086.78076171875 140
1756616083715 950.904541015625 141
1756616083821 951.2418823242188 142
1756616083925 1246.31103515625 143
1756616084028 1165.22216796875 144
1756616084126 970.789794921875 145
1756616084228 957.7142333984375 146
1756616084333 905.994140625 147
1756616084432 1301.05419921875 148
1756616084531 805.0623779296875 149
1756616084635 1068.0355224609375 150
1756616084736 865.13623046875 151
1756616084837 1050.8975830078125 152
1756616084941 1151.5601806640625 153
1756616085044 937.0634155273438 154
1756616085149 915.1288452148438 155
1756616085256 1058.4329833984375 156
1756616085362 1294.468994140625 157
1756616085464 979.2335205078125 158
1756616085562 1238.61181640625 159
1756616085697 859.9647216796875 160
1756616085799 942.0692749023438 161
1756616085902 1105.7882080078125 162
1756616086004 815.685546875 163
1756616086106 965.7432250976562 164
1756616086207 1071.3212890625 165
1756616086307 728.0183715820312 166
1756616086409 904.3159790039062 167
1756616086510 1093.395751953125 168
1756616086615 967.990234375 169
1756616086716 914.953857421875 170
1756616086817 898.9326782226562 171
1756616086923 1014.1469116210938 172
1756616087026 1047.3719482421875 173
1756616087131 992.8050537109375 174
1756616087235 934.6148071289062 175
1756616087340 1160.488525390625 176
1756616087441 1143.031982421875 177
1756616087545 1250.859375 178
1756616087648 1113.9857177734375 179
1756616087753 1066.2197265625 180
1756616087862 844.0918579101562 181
1756616087964 1026.4111328125 182
1756616088065 907.8571166992188 183
1756616088167 964.339599609375 184
1756616088272 785.745361328125 185
1756616088375 665.7581176757812 186
1756616088480 817.6072387695312 187
1756616088586 997.5255126953125 188
1756616088690 933.2503662109375 189
1756616088791 1277.63720703125 190
1756616088892 1175.2813720703125 191
1756616088994 969.8690795898438 192
1756616089097 960.712158203125 193
1756616089202 1060.4970703125 194
1756616089307 891.5120239257812 195
1756616089410 1278.148681640625 196
1756616089518 996.18994140625 197
1756616089622 964.91357421875 198
1756616089724 1013.7891845703125 199
1756616089827 1044.0726318359375 200
1756616089931 1270.6802978515625 201
1756616090034 922.1390991210938 202
1756616090138 853.818359375 203
1756616090244 1203.9556884765625 204
1756616090346 1052.8875732421875 205
1756616090447 1033.6314697265625 206
1756616090550 1070.74365234375 207
1756616090655 1049.6812744140625 208
1756616090757 1065.3616943359375 209
1756616090855 1137.0330810546875 210
1756616090956 950.5689697265625 211
1756616091059 1077.9114990234375 212
1756616091164 867.2747802734375 213
1756616091265 972.7923583984375 214
1756616091363 1140.932373046875 215
1756616091470 868.7899169921875 216
1756616091572 907.5816040039062 217
1756616091675 845.5413208007812 218
1756616091775 1210.68603515625 219
1756616091876 758.8344116210938 220
1756616091980 980.8574829101562 221
1756616092082 906.7396240234375 222
1756616092182 917.5111083984375 223
1756616092285 1239.502685546875 224
1756616092387 824.9215087890625 225
1756616092488 1013.7859497070312 226
1756616092595 1049.4395751953125 227
1756616092698 1045.2843017578125 228
1756616092798 1028.5736083984375 229
1756616092900 1029.5118408203125 230
1756616093005 1094.01611328125 231
1756616093107 1087.5882568359375 232
1756616093210 865.7227172851562 233
1756616093312 768.6483764648438 234
1756616093420 879.8701171875 235
1756616093526 1020.0675659179688 236
1756616093631 817.597412109375 237
1756616093732 1103.5113525390625 238
1756616093834 1272.4996337890625 239
1756616093933 795.0928344726562 240
1756616094039 1075.579345703125 241
1756616094141 1104.44189453125 242
1756616094241 924.1173095703125 243
1756616094341 1087.2650146484375 244
1756616094444 1046.122802734375 245
1756616094548 862.7703247070312 246
1756616094648 819.7685546875 247
1756616094747 882.3319091796875 248
1756616094849 1013.0492553710938 249
1756616094951 1035.4766845703125 250
1756616095055 856.1868286132812 251
1756616095160 1084.7657470703125 252
1756616095261 1033.687255859375 253
1756616095363 1113.57421875 254
1756616095469 1198.5379638671875 255
1756616095572 977.1687622070312 256
1756616095672 1033.380859375 257
1756616095776 921.8159790039062 258
1756616095879 873.947021484375 259
1756616095983 1111.99267578125 260
1756616096088 898.35107421875 261
1756616096194 913.0352172851562 262
1756616096300 1008.56201171875 263
1756616096404 983.3751831054688 264
1756616096507 767.6083374023438 265
1756616096611 939.8017578125 266
1756616096715 973.368408203125 267
1756616096817 1040.9786376953125 268
1756616096922 1040.2457275390625 269
1756616097023 816.2901000976562 270
1756616097126 1026.86767578125 271
1756616097228 890.984375 272
1756616097326 1003.7319946289062 273
1756616097425 1006.5828247070312 274
1756616097527 1105.547119140625 275
1756616097627 818.6154174804688 276
1756616097729 1166.152099609375 277
1756616097832 1144.03076171875 278
1756616097933 957.4869995117188 279
1756616098037 662.0444946289062 280
1756616098143 951.6014404296875 281
1756616098246 1025.7001953125 282
1756616098349 1030.3016357421875 283
1756616098453 1023.663330078125 284
1756616098556 1015.6675415039062 285
1756616098658 972.7706909179688 286
1756616098758 940.9168701171875 287
1756616098862 1016.6708374023438 288
1756616098965 1160.2802734375 289
1756616099070 1018.6502075195312 290
1756616099170 851.191650390625 291
1756616099273 824.1902465820312 292
1756616099379 862.5328369140625 293
1756616099479 1234.2017822265625 294
1756616099584 935.6696166992188 295
1756616099682 916.7020874023438 296
1756616099780 955.2772827148438 297
1756616099884 1058.593994140625 298
1756616099987 1008.1577758789062 299
1756616108266 2420.384521484375 0
1756616108378 1963.5194091796875 1
1756616108476 1585.8291015625 2
1756616108578 1159.755126953125 3
1756616108674 942.809326171875 4
1756616108774 1036.9730224609375 5
1756616108874 1172.3416748046875 6
1756616108976 1067.33544921875 7
1756616109077 1041.2755126953125 8
1756616109182 903.49951171875 9
1756616109291 1100.7469482421875 10
1756616109446 930.54931640625 11
1756616109562 888.6367797851562 12
1756616109665 831.1886596679688 13
1756616109769 1235.007568359375 14
1756616109872 1002.8991088867188 15
1756616109972 993.9931030273438 16
1756616110073 970.6753540039062 17
1756616110179 914.8775634765625 18
1756616110287 937.6934204101562 19
1756616110403 1254.9625244140625 20
1756616110533 948.69091796875 21
1756616110637 877.958984375 22
1756616110739 980.4222412109375 23
1756616110847 770.6741333007812 24
1756616110945 918.458984375 25
1756616111047 812.2694091796875 26
1756616111151 758.2886962890625 27
1756616111256 943.8772583007812 28
1756616111354 923.4143676757812 29
1756616111456 732.3313598632812 30
1756616111555 922.660888671875 31
1756616111653 979.653076171875 32
1756616111754 1002.6901245117188 33
1756616111854 894.9500122070312 34
1756616111952 989.1696166992188 35
1756616112055 955.5784301757812 36
1756616112157 990.9794921875 37
1756616112256 768.1568603515625 38
1756616112355 676.1953735351562 39
1756616112459 1018.6062622070312 40
1756616112559 1104.1336669921875 41
1756616112664 976.9454345703125 42
1756616112765 974.7399291992188 43
1756616112864 797.9854125976562 44
1756616112965 782.1602172851562 45
1756616113065 850.6822509765625 46
1756616113168 922.5679321289062 47
1756616113267 706.1571655273438 48
1756616113370 779.8317260742188 49
1756616113471 918.0210571289062 50
1756616113575 875.2484130859375 51
1756616113674 1146.71728515625 52
1756616113774 957.759765625 53
1756616113876 705.505615234375 54
1756616113980 831.8090209960938 55
1756616114082 639.7879638671875 56
1756616114182 1009.4404296875 57
1756616114287 961.7618408203125 58
1756616114391 1021.6896362304688 59
1756616114495 1036.255126953125 60
1756616114597 922.29931640625 61
1756616114695 940.617919921875 62
1756616114800 952.4734497070312 63
1756616114903 761.586669921875 64
1756616115007 944.6981201171875 65
1756616115109 890.6417846679688 66
1756616115209 903.6321411132812 67
1756616115316 849.953125 68
1756616115421 735.6150512695312 69
1756616115517 996.8012084960938 70
1756616115615 981.50244140625 71
1756616115713 833.0079345703125 72
1756616115817 938.5371704101562 73
1756616115917 750.5095825195312 74
1756616116016 867.7255249023438 75
1756616116116 1106.6429443359375 76
1756616116214 1020.1331787109375 77
1756616116316 1025.70263671875 78
1756616116418 832.1485595703125 79
1756616116518 1061.3778076171875 80
1756616116620 931.0796508789062 81
1756616116718 574.0121459960938 82
1756616116816 733.21142578125 83
1756616116916 945.0350341796875 84
1756616117018 725.9166259765625 85
1756616117117 911.2560424804688 86
1756616117217 857.7980346679688 87
1756616117314 735.5718383789062 88
1756616117411 934.267578125 89
1756616117512 876.6622924804688 90
1756616117617 909.2272338867188 91
1756616117719 842.6547241210938 92
1756616117820 984.9450073242188 93
1756616117919 984.8741455078125 94
1756616118018 1087.7825927734375 95
1756616118120 878.673095703125 96
1756616118220 704.71875 97
1756616118319 1029.7052001953125 98
1756616118419 990.362548828125 99
1756616118519 715.0177612304688 100
1756616118623 964.263916015625 101
1756616118728 769.76416015625 102
1756616118830 882.93408203125 103
1756616118933 944.0885620117188 104
1756616119035 786.4534912109375 105
1756616119136 908.77392578125 106
1756616119236 831.1397705078125 107
1756616119335 649.8614501953125 108
1756616119433 866.5474243164062 109
1756616119534 921.284423828125 110
1756616119637 968.4430541992188 111
1756616119738 844.3078002929688 112
1756616119836 977.2264404296875 113
1756616119939 888.1548461914062 114
1756616120036 1149.2503662109375 115
1756616120137 795.8557739257812 116
1756616120239 1059.622802734375 117
1756616120335 1149.7518310546875 118
1756616120437 864.6436157226562 119
1756616120535 846.2593994140625 120
1756616120636 844.3348999023438 121
1756616120738 644.8970947265625 122
1756616120836 929.1268920898438 123
1756616120937 819.7244262695312 124
1756616121037 954.7901000976562 125
1756616121140 805.1770629882812 126
1756616121242 862.1598510742188 127
1756616121343 920.680908203125 128
1756616121449 1052.8870849609375 129
1756616121557 1288.0404052734375 130
1756616121661 1008.8263549804688 131
1756616121760 842.1007080078125 132
1756616121860 1024.1353759765625 133
1756616121959 839.517578125 134
1756616122058 652.1234741210938 135
1756616122159 845.1658325195312 136
1756616122258 1023.5499877929688 137
1756616122359 680.93212890625 138
1756616122463 1111.1873779296875 139
1756616122562 948.8163452148438 140
1756616122680 748.842041015625 141
1756616122789 1012.451904296875 142
1756616122889 777.0892333984375 143
1756616122991 852.142333984375 144
1756616123094 909.722900390625 145
1756616123193 840.7579345703125 146
1756616123301 747.4053344726562 147
1756616123404 889.621826171875 148
1756616123506 872.5564575195312 149
1756616123608 940.9849243164062 150
1756616123711 1122.04052734375 151
1756616123817 885.9988403320312 152
1756616123924 893.2079467773438 153
1756616124024 812.9020385742188 154
1756616124125 991.7166137695312 155
1756616124228 819.6888427734375 156
1756616124324 868.6641845703125 157
1756616124425 800.1063842773438 158
1756616124526 707.2913818359375 159
1756616124625 732.7190551757812 160
1756616124729 898.65380859375 161
1756616124830 805.8666381835938 162
1756616124930 1010.2227783203125 163
1756616125030 938.2635498046875 164
1756616125130 1130.96923828125 165
1756616125228 881.7095336914062 166
1756616125324 831.369140625 167
1756616125426 990.01220703125 168
1756616125529 779.9620361328125 169
1756616125629 760.2530517578125 170
1756616125734 882.1773071289062 171
1756616125835 880.115966796875 172
1756616125939 926.0241088867188 173
1756616126041 913.7827758789062 174
1756616126148 917.5060424804688 175
1756616126254 1174.81103515625 176
1756616126357 828.9254760742188 177
1756616126459 1024.449951171875 178
1756616126559 1032.9130859375 179
1756616126660 796.6982421875 180
1756616126761 864.2974243164062 181
1756616126866 845.27880859375 182
1756616126968 989.0498657226562 183
1756616127068 849.4268798828125 184
1756616127172 623.7455444335938 185
1756616127269 928.8416748046875 186
1756616127366 871.328857421875 187
1756616127469 827.462158203125 188
1756616127570 904.5276489257812 189
1756616127676 844.2440795898438 190
1756616127779 832.5498657226562 191
1756616127884 797.6468505859375 192
1756616127984 1023.4744873046875 193
1756616128090 997.630859375 194
1756616128195 850.9757080078125 195
1756616128297 1031.794921875 196
1756616128399 780.492431640625 197
1756616128505 711.439208984375 198
1756616128606 891.94287109375 199
1756616128710 755.97021484375 200
1756616128811 771.0910034179688 201
1756616128910 1066.250244140625 202
1756616129011 706.846923828125 203
1756616129117 891.99169921875 204
1756616129217 1026.5277099609375 205
1756616129321 661.9959106445312 206
1756616129425 900.1024780273438 207
1756616129527 1160.71240234375 208
1756616129631 891.6901245117188 209
1756616129729 928.8442993164062 210
1756616129828 760.560791015625 211
1756616129926 955.2767333984375 212
1756616130028 710.5607299804688 213
1756616130134 1073.2530517578125 214
1756616130238 968.1284790039062 215
1756616130338 818.9994506835938 216
1756616130441 805.1508178710938 217
1756616130543 721.20068359375 218
1756616130646 738.686767578125 219
1756616130748 1030.8619384765625 220
1756616130845 1202.197998046875 221
1756616130944 756.9193115234375 222
1756616131044 864.0282592773438 223
1756616131148 894.6744384765625 224
1756616131246 891.8392333984375 225
1756616131347 858.1663208007812 226
1756616131447 906.063232421875 227
1756616131547 962.9503173828125 228
1756616131647 613.865478515625 229
1756616131746 1189.28515625 230
1756616131850 907.6193237304688 231
1756616131950 814.2869262695312 232
1756616132054 910.2435913085938 233
1756616132151 630.5258178710938 234
1756616132252 766.6417846679688 235
1756616132356 950.9678955078125 236
1756616132460 745.509521484375 237
1756616132563 897.0015869140625 238
1756616132664 951.98876953125 239
1756616132762 1021.270263671875 240
1756616132862 1077.038818359375 241
1756616132963 838.1773071289062 242
1756616133068 1098.2017822265625 243
1756616133170 930.3829345703125 244
1756616133269 894.8511962890625 245
1756616133369 785.196533203125 246
1756616133473 973.016357421875 247
1756616133573 763.4235229492188 248
1756616133674 777.2188720703125 249
1756616133774 949.1477661132812 250
1756616133875 868.8761596679688 251
1756616133980 980.8536987304688 252
1756616134078 955.4901123046875 253
1756616134181 921.4248657226562 254
1756616134284 815.1477661132812 255
1756616134385 916.0252075195312 256
1756616134490 769.7217407226562 257
1756616134591 933.4861450195312 258
1756616134687 867.40673828125 259
1756616134787 680.6976928710938 260
1756616134890 905.9593505859375 261
1756616134989 731.3646240234375 262
1756616135094 1034.75341796875 263
1756616135196 875.4945678710938 264
1756616135295 997.1865844726562 265
1756616135399 1092.3785400390625 266
1756616135506 899.7216796875 267
1756616135609 939.1708374023438 268
1756616135712 797.2855834960938 269
1756616135816 777.7512817382812 270
1756616135914 946.3753662109375 271
1756616136014 1062.698974609375 272
1756616136117 803.4298095703125 273
1756616136214 638.1822509765625 274
1756616136316 935.3477172851562 275
1756616136418 902.2864379882812 276
1756616136522 722.0739135742188 277
1756616136619 913.71533203125 278
1756616136721 977.5659790039062 279
1756616136824 946.2080078125 280
1756616136925 975.8218994140625 281
1756616137054 684.287353515625 282
1756616137154 928.4509887695312 283
1756616137259 1012.5767822265625 284
1756616137361 833.0630493164062 285
1756616137461 824.1840209960938 286
1756616137565 819.50439453125 287
1756616137662 794.4581298828125 288
1756616137766 1033.2298583984375 289
1756616137920 949.4734497070312 290
1756616138020 1060.87744140625 291
1756616138120 1064.816650390625 292
1756616138221 919.4580078125 293
1756616138327 1096.9912109375 294
1756616138432 1308.267822265625 295
1756616138532 906.5396118164062 296
1756616138634 993.7015991210938 297
1756616138733 927.9027709960938 298
1756616138834 881.3656005859375 299
1756616147227 2547.25048828125 0
1756616147421 2392.31982421875 1
1756616147614 2106.52978515625 2
1756616147807 1460.625244140625 3
1756616148001 1729.7073974609375 4
1756616148210 1371.8662109375 5
1756616148480 1236.3564453125 6
1756616148723 1691.5159912109375 7
1756616148942 1600.580810546875 8
1756616149157 1300.7713623046875 9
1756616149375 1572.7408447265625 10
1756616149646 1462.58740234375 11
1756616149878 1469.503173828125 12
1756616150078 1394.812744140625 13
1756616150279 1284.8441162109375 14
1756616150474 1318.982421875 15
1756616150674 1404.354248046875 16
1756616150888 1203.5511474609375 17
1756616151089 1158.884765625 18
1756616151286 1226.351318359375 19
1756616151484 1333.1007080078125 20
1756616151684 1278.5068359375 21
1756616151879 1365.515380859375 22
1756616152077 1431.3126220703125 23
1756616152271 1192.19580078125 24
1756616152465 1326.86083984375 25
1756616152659 1350.95166015625 26
1756616152856 1407.6070556640625 27
1756616153051 1316.57080078125 28
1756616153244 1353.6005859375 29
1756616153438 1238.7745361328125 30
1756616153631 1177.3629150390625 31
1756616153826 1322.179931640625 32
1756616154021 1708.46533203125 33
1756616154215 1344.50341796875 34
1756616154410 1293.231689453125 35
1756616154603 1277.24853515625 36
1756616154798 1436.7491455078125 37
1756616154991 1393.4927978515625 38
1756616155184 1089.0091552734375 39
1756616155378 1309.34521484375 40
1756616155571 1377.966552734375 41
1756616155765 1677.3994140625 42
1756616155961 1237.6422119140625 43
1756616156155 1283.7755126953125 44
1756616156348 1198.8760986328125 45
1756616156541 1389.96044921875 46
1756616156735 1210.77734375 47
1756616156928 1273.346435546875 48
1756616157121 1672.7291259765625 49
1756616157316 1258.0828857421875 50
1756616157511 1031.3575439453125 51
1756616157704 1305.59130859375 52
1756616157899 984.9849243164062 53
1756616158092 1180.1658935546875 54
1756616158284 1509.9398193359375 55
1756616158479 1396.333251953125 56
1756616158672 1418.4212646484375 57
1756616158866 1193.0933837890625 58
1756616159061 1347.1485595703125 59
1756616159255 1252.5638427734375 60
1756616159449 1382.5020751953125 61
1756616159643 1439.3292236328125 62
1756616159837 1180.7044677734375 63
1756616160031 1141.0556640625 64
1756616160227 1301.1474609375 65
1756616160420 1624.296142578125 66
1756616160615 1615.446533203125 67
1756616160809 1240.4078369140625 68
1756616161003 1464.0750732421875 69
1756616161200 1618.7025146484375 70
1756616161395 969.20556640625 71
1756616161589 1543.534423828125 72
1756616161785 1359.2166748046875 73
1756616161981 1113.9405517578125 74
1756616162174 1146.1273193359375 75
1756616162368 1570.0162353515625 76
1756616162561 1203.1478271484375 77
1756616162754 1367.4288330078125 78
1756616162949 1342.2266845703125 79
1756616163143 1312.4434814453125 80
1756616163337 998.6600952148438 81
1756616163531 1168.66943359375 82
1756616163725 1251.0208740234375 83
1756616163920 1426.6783447265625 84
1756616164114 1617.72216796875 85
1756616164307 1214.6695556640625 86
1756616164501 1456.4224853515625 87
1756616164695 1041.300048828125 88
1756616164890 1131.044921875 89
1756616165084 1385.89208984375 90
1756616165277 1348.1268310546875 91
1756616165471 1314.714599609375 92
1756616165665 1492.5216064453125 93
1756616165859 1411.4158935546875 94
1756616166053 1472.0743408203125 95
1756616166247 1172.204345703125 96
1756616166441 1335.3590087890625 97
1756616166636 1564.0953369140625 98
1756616166830 1546.743408203125 99
1756616167024 1332.7957763671875 100
1756616167219 1717.187255859375 101
1756616167412 1325.8441162109375 102
1756616167606 1414.201904296875 103
1756616167800 1377.2540283203125 104
1756616167996 1381.8861083984375 105
1756616168189 1266.980712890625 106
1756616168383 1334.4691162109375 107
1756616168577 1363.218994140625 108
1756616168771 1413.337890625 109
1756616168965 1164.127197265625 110
1756616169159 1278.0821533203125 111
1756616169353 1150.8087158203125 112
1756616169547 1269.012939453125 113
1756616169741 1046.2239990234375 114
1756616169938 1359.532958984375 115
1756616170133 1310.7830810546875 116
1756616170327 1325.3629150390625 117
1756616170521 1299.2880859375 118
1756616170714 1375.9013671875 119
1756616170910 1279.2889404296875 120
1756616171104 1371.4110107421875 121
1756616171342 1262.5101318359375 122
1756616171579 1427.4261474609375 123
1756616171775 1165.3975830078125 124
1756616171971 1138.726806640625 125
1756616172166 1398.538818359375 126
1756616172360 1649.5985107421875 127
1756616172555 1449.0035400390625 128
1756616172750 1637.6539306640625 129
1756616172945 1012.9510498046875 130
1756616173140 1288.72265625 131
1756616173335 1417.7708740234375 132
1756616173530 1347.5133056640625 133
1756616173726 1214.8665771484375 134
1756616173922 1187.8472900390625 135
1756616174117 1362.55859375 136
1756616174313 1365.07861328125 137
1756616174509 1367.5924072265625 138
1756616174703 1174.543701171875 139
1756616174898 1039.3177490234375 140
1756616175093 1433.099853515625 141
1756616175287 1445.496826171875 142
1756616175482 1298.2703857421875 143
1756616175676 1467.7738037109375 144
1756616175872 1508.407958984375 145
1756616176066 1260.1385498046875 146
1756616176261 1313.4993896484375 147
1756616176458 1660.0989990234375 148
1756616176657 1399.0361328125 149
1756616176853 1208.710693359375 150
1756616177048 1293.724853515625 151
1756616177243 1537.490478515625 152
1756616177437 1180.726806640625 153
1756616177631 1230.4505615234375 154
1756616177825 1257.2008056640625 155
1756616178020 1319.4849853515625 156
1756616178214 1380.322509765625 157
1756616178409 1343.9808349609375 158
1756616178604 1596.530517578125 159
1756616178798 1127.465576171875 160
1756616178994 1573.709716796875 161
1756616179191 1441.5738525390625 162
1756616179387 1205.54736328125 163
1756616179583 1181.932373046875 164
1756616179778 1207.0592041015625 165
1756616179976 1239.14453125 166
1756616180171 1229.8177490234375 167
1756616180365 1199.2440185546875 168
1756616180560 1159.7073974609375 169
1756616180755 1197.24853515625 170
1756616180950 1393.24169921875 171
1756616181146 1545.934326171875 172
1756616181340 1300.4013671875 173
1756616181535 1415.48828125 174
1756616181734 1244.563232421875 175
1756616181930 1040.246826171875 176
1756616182126 1443.610107421875 177
1756616182322 1352.019287109375 178
1756616182517 1258.5465087890625 179
1756616182712 1398.458251953125 180
1756616182908 1300.916259765625 181
1756616183103 1306.5684814453125 182
1756616183297 1270.7188720703125 183
1756616183492 1371.2728271484375 184
1756616183688 1562.3515625 185
1756616183883 1506.2406005859375 186
1756616184078 1223.8538818359375 187
1756616184272 1277.6666259765625 188
1756616184466 1180.8896484375 189
1756616184660 1660.583251953125 190
1756616184855 1353.07568359375 191
1756616185050 1376.6986083984375 192
1756616185244 1365.5853271484375 193
1756616185445 1500.753173828125 194
1756616185639 1087.11328125 195
1756616185834 1369.252197265625 196
1756616186031 1539.278564453125 197
1756616186225 1372.7662353515625 198
1756616186421 954.8230590820312 199
1756616186615 1543.1844482421875 200
1756616186811 1504.7513427734375 201
1756616187005 1223.3660888671875 202
1756616187201 1148.6375732421875 203
1756616187398 1198.7982177734375 204
1756616187593 1422.4130859375 205
1756616187790 1271.2818603515625 206
1756616187985 1485.5408935546875 207
1756616188179 1593.5537109375 208
1756616188374 1467.1717529296875 209
1756616188570 1114.970947265625 210
1756616188766 1323.90966796875 211
1756616188962 1085.69287109375 212
1756616189156 1173.103759765625 213
1756616189352 1337.2789306640625 214
1756616189547 1332.030029296875 215
1756616189742 1469.4549560546875 216
1756616189939 1266.1832275390625 217
1756616190134 1436.364501953125 218
1756616190329 1227.1905517578125 219
1756616190525 1348.484130859375 220
1756616190721 1471.6790771484375 221
1756616190920 1218.6885986328125 222
1756616191115 1142.1973876953125 223
1756616191310 1329.3790283203125 224
1756616191505 1198.087158203125 225
1756616191702 1322.8416748046875 226
1756616191899 1216.625732421875 227
1756616192094 1105.1907958984375 228
1756616192288 1291.36328125 229
1756616192485 1360.648193359375 230
1756616192679 1190.728515625 231
1756616192875 1503.2633056640625 232
1756616193070 1444.166748046875 233
1756616193265 1098.630126953125 234
1756616193460 1501.7099609375 235
1756616193654 1395.131103515625 236
1756616193850 1540.0667724609375 237
1756616194046 1237.634521484375 238
1756616194243 1348.015869140625 239
1756616194438 1255.48583984375 240
1756616194633 1232.7200927734375 241
1756616194829 1469.0679931640625 242
1756616195025 1253.1324462890625 243
1756616195220 1267.450439453125 244
1756616195415 1213.4072265625 245
1756616195610 1122.615478515625 246
1756616195806 1556.5362548828125 247
1756616196001 1483.585205078125 248
1756616196196 1188.9781494140625 249
1756616196392 1410.030517578125 250
1756616196587 1368.6539306640625 251
1756616196783 1490.8004150390625 252
1756616196977 1311.60009765625 253
1756616197172 1373.52734375 254
1756616197367 1231.9278564453125 255
1756616197561 1326.7001953125 256
1756616197757 1400.8892822265625 257
1756616197952 1294.718505859375 258
1756616198147 1325.835693359375 259
1756616198343 1370.7066650390625 260
1756616198539 984.0819091796875 261
1756616198734 1272.94140625 262
1756616199038 998.1096801757812 263
1756616199235 1406.86328125 264
1756616199431 1167.45703125 265
1756616199628 1144.90869140625 266
1756616199826 1644.6295166015625 267
1756616200023 1599.317626953125 268
1756616200220 1274.945068359375 269
1756616200416 1406.594482421875 270
1756616200612 1261.833251953125 271
1756616200810 1010.6226196289062 272
1756616201006 1270.4259033203125 273
1756616201202 1356.2476806640625 274
1756616201397 1156.726806640625 275
1756616201593 1557.9705810546875 276
1756616201789 1396.2159423828125 277
1756616201986 1495.778564453125 278
1756616202183 1569.3863525390625 279
1756616202380 1035.651123046875 280
1756616202576 1424.3538818359375 281
1756616202772 1294.2933349609375 282
1756616202968 1292.1136474609375 283
1756616203164 1164.58544921875 284
1756616203360 1294.0733642578125 285
1756616203556 1437.5072021484375 286
1756616203754 1458.771240234375 287
1756616203951 1220.435791015625 288
1756616204148 1120.1373291015625 289
1756616204343 1274.587646484375 290
1756616204539 1480.1124267578125 291
1756616204735 1368.765380859375 292
1756616204933 1434.83935546875 293
1756616205128 1509.07666015625 294
1756616205324 1534.08740234375 295
1756616205520 1461.7127685546875 296
1756616205716 1331.5301513671875 297
1756616205912 1522.0242919921875 298
1756616206107 1159.2188720703125 299
1756616214452 2337.326416015625 0
1756616214646 1587.2806396484375 1
1756616214841 1034.6632080078125 2
1756616215035 1293.9893798828125 3
1756616215229 1081.4039306640625 4
1756616215429 1328.0343017578125 5
1756616215697 1129.18359375 6
1756616215935 1065.085693359375 7
1756616216144 978.126953125 8
1756616216355 818.6871948242188 9
1756616216564 966.8175048828125 10
1756616216798 828.9265747070312 11
1756616217004 1154.66552734375 12
1756616217213 984.6232299804688 13
1756616217412 867.0919799804688 14
1756616217607 1196.38037109375 15
1756616217801 888.4306030273438 16
1756616217997 955.7359008789062 17
1756616218190 960.7550048828125 18
1756616218385 1159.0068359375 19
1756616218579 955.3191528320312 20
1756616218774 860.0951538085938 21
1756616218969 1102.72265625 22
1756616219165 946.1557006835938 23
1756616219359 953.5458374023438 24
1756616219553 842.3626708984375 25
1756616219748 1223.650146484375 26
1756616219944 1083.0318603515625 27
1756616220140 768.3845825195312 28
1756616220334 1050.8817138671875 29
1756616220528 1348.7896728515625 30
1756616220723 1039.1146240234375 31
1756616220920 986.1799926757812 32
1756616221115 900.69580078125 33
1756616221311 1289.9112548828125 34
1756616221505 1138.1278076171875 35
1756616221701 1005.8262329101562 36
1756616221896 1036.357666015625 37
1756616222092 1024.52490234375 38
1756616222286 1041.5826416015625 39
1756616222481 757.676025390625 40
1756616222675 1041.3365478515625 41
1756616222869 1250.541259765625 42
1756616223064 1170.8021240234375 43
1756616223258 780.8607177734375 44
1756616223453 1065.8575439453125 45
1756616223648 1077.63427734375 46
1756616223841 1007.3843994140625 47
1756616224037 784.9161987304688 48
1756616224231 759.7562255859375 49
1756616224425 960.90185546875 50
1756616224621 1044.7073974609375 51
1756616224816 996.1329345703125 52
1756616225011 1180.749755859375 53
1756616225208 874.6810302734375 54
1756616225403 1094.9498291015625 55
1756616225598 1092.9058837890625 56
1756616225791 1048.8424072265625 57
1756616225987 808.23681640625 58
1756616226181 852.2755737304688 59
1756616226377 1152.95166015625 60
1756616226572 1013.6041259765625 61
1756616226767 1051.1116943359375 62
1756616226962 839.193603515625 63
1756616227156 830.5203247070312 64
1756616227351 977.8049926757812 65
1756616227544 1016.683349609375 66
1756616227738 734.3322143554688 67
1756616227935 981.7301635742188 68
1756616228132 847.8394165039062 69
1756616228328 914.798828125 70
1756616228523 745.4236450195312 71
1756616228719 790.2906494140625 72
1756616228919 1121.6041259765625 73
1756616229113 1085.653076171875 74
1756616229308 775.6646118164062 75
1756616229503 902.38525390625 76
1756616229698 858.493408203125 77
1756616229893 1141.414794921875 78
1756616230089 1266.9371337890625 79
1756616230283 912.662353515625 80
1756616230478 779.7090454101562 81
1756616230672 931.359375 82
1756616230870 986.49462890625 83
1756616231065 1035.0284423828125 84
1756616231259 922.027587890625 85
1756616231454 1163.30224609375 86
1756616231648 768.5037231445312 87
1756616231843 957.8825073242188 88
1756616232041 859.9286499023438 89
1756616232235 937.4164428710938 90
1756616232430 797.4022827148438 91
1756616232625 766.8112182617188 92
1756616232820 911.4119262695312 93
1756616233014 1007.1469116210938 94
1756616233209 914.1987915039062 95
1756616233403 897.5309448242188 96
1756616233597 1085.974365234375 97
1756616233791 939.6913452148438 98
1756616233990 873.0895385742188 99
1756616234185 841.3181762695312 100
1756616234380 921.7989501953125 101
1756616234574 900.1053466796875 102
1756616234776 1067.9774169921875 103
1756616235070 1004.1008911132812 104
1756616235265 986.6508178710938 105
1756616235461 954.0504760742188 106
1756616235655 870.84130859375 107
1756616235852 990.61376953125 108
1756616236049 889.98193359375 109
1756616236245 1003.4006958007812 110
1756616236440 986.0889282226562 111
1756616236636 921.7001953125 112
1756616236830 1042.0577392578125 113
1756616237024 898.4873657226562 114
1756616237220 999.8605346679688 115
1756616237415 950.0274658203125 116
1756616237609 834.9064331054688 117
1756616237804 1096.3837890625 118
1756616238003 918.0795288085938 119
1756616238197 895.6029052734375 120
1756616238392 970.1213989257812 121
1756616238587 925.3784790039062 122
1756616238781 962.3146362304688 123
1756616238979 920.8674926757812 124
1756616239173 878.7501831054688 125
1756616239368 904.1506958007812 126
1756616239564 971.9098510742188 127
1756616239758 905.3970947265625 128
1756616239955 834.139892578125 129
1756616240152 1094.5457763671875 130
1756616240346 752.8876953125 131
1756616240541 1085.57080078125 132
1756616240737 708.6735229492188 133
1756616240933 1014.000732421875 134
1756616241127 1111.4368896484375 135
1756616241321 1040.023681640625 136
1756616241516 845.4298706054688 137
1756616241710 923.7216796875 138
1756616241905 1000.6860961914062 139
1756616242101 828.3424072265625 140
1756616242295 985.7647705078125 141
1756616242489 1032.7850341796875 142
1756616242684 955.0418701171875 143
1756616242879 1061.6737060546875 144
1756616243074 1122.9603271484375 145
1756616243269 957.3966674804688 146
1756616243464 1071.259033203125 147
1756616243658 859.3072509765625 148
1756616243853 830.3579711914062 149
1756616244050 939.27392578125 150
1756616244245 942.0291137695312 151
1756616244439 1051.32421875 152
1756616244635 1091.1142578125 153
1756616244830 908.2566528320312 154
1756616245025 960.79638671875 155
1756616245220 1021.259765625 156
1756616245417 1047.2781982421875 157
1756616245616 1025.992919921875 158
1756616245811 954.2579345703125 159
1756616246007 743.5802001953125 160
1756616246202 893.443359375 161
1756616246397 1120.509765625 162
1756616246592 1054.048583984375 163
1756616246787 990.2276000976562 164
1756616246982 958.836669921875 165
1756616247178 987.5703125 166
1756616247373 1131.3349609375 167
1756616247568 871.31005859375 168
1756616247768 1192.6893310546875 169
1756616247969 1116.2298583984375 170
1756616248165 875.6144409179688 171
1756616248360 1128.8125 172
1756616248555 868.109375 173
1756616248757 887.2001342773438 174
1756616248952 1174.1868896484375 175
1756616249147 1171.697265625 176
1756616249341 913.2996826171875 177
1756616249536 897.361083984375 178
1756616249731 967.240966796875 179
1756616249927 1052.4578857421875 180
1756616250126 1142.145751953125 181
1756616250320 1142.31787109375 182
1756616250515 878.9232788085938 183
1756616250709 1069.2430419921875 184
1756616250905 840.68310546875 185
1756616251100 1135.642333984375 186
1756616251295 1179.2816162109375 187
1756616251490 1226.1761474609375 188
1756616251685 798.7880249023438 189
1756616251884 894.565673828125 190
1756616252081 873.5338134765625 191
1756616252278 882.2022705078125 192
1756616252473 1036.2454833984375 193
1756616252667 1108.5059814453125 194
1756616252862 917.31494140625 195
1756616253057 996.99658203125 196
1756616253253 816.3965454101562 197
1756616253448 991.4760131835938 198
1756616253643 999.5919799804688 199
1756616253838 958.7618408203125 200
1756616254035 791.6439208984375 201
1756616254229 1057.78515625 202
1756616254423 1001.482666015625 203
1756616254617 997.1566162109375 204
1756616254812 1134.9903564453125 205
1756616255009 1116.6983642578125 206
1756616255207 757.8070678710938 207
1756616255401 912.1591796875 208
1756616255597 683.1849975585938 209
1756616255792 853.69580078125 210
1756616255991 1014.5118408203125 211
1756616256185 764.9783325195312 212
1756616256379 913.4423828125 213
1756616256574 844.4996337890625 214
1756616256769 884.7081909179688 215
1756616256965 1050.1708984375 216
1756616257159 1096.5574951171875 217
1756616257354 888.9873657226562 218
1756616257549 1067.0548095703125 219
1756616257744 1033.8125 220
1756616258009 1042.7991943359375 221
1756616258205 973.1909790039062 222
1756616258400 780.670654296875 223
1756616258598 857.453125 224
1756616258795 1054.912841796875 225
1756616258990 754.2659301757812 226
1756616259184 919.282958984375 227
1756616259380 984.0087280273438 228
1756616259574 760.8905029296875 229
1756616259768 1204.294189453125 230
1756616259964 968.1890258789062 231
1756616260158 1254.6646728515625 232
1756616260352 1045.528076171875 233
1756616260547 1092.1148681640625 234
1756616260745 1121.8966064453125 235
1756616260939 1010.2138671875 236
1756616261136 974.469482421875 237
1756616261333 1049.9862060546875 238
1756616261529 879.46826171875 239
1756616261725 874.2583618164062 240
1756616261921 948.2805786132812 241
1756616262117 1211.7093505859375 242
1756616262313 837.316650390625 243
1756616262574 1083.6214599609375 244
1756616262867 1254.5347900390625 245
1756616263063 857.0255737304688 246
1756616263258 942.5706787109375 247
1756616263454 995.4201049804688 248
1756616263649 941.732666015625 249
1756616263845 960.5859375 250
1756616264041 757.4620971679688 251
1756616264240 852.8536376953125 252
1756616264434 740.4605712890625 253
1756616264631 1181.6217041015625 254
1756616264827 1118.3995361328125 255
1756616265023 1123.5308837890625 256
1756616265217 827.8911743164062 257
1756616265413 907.0316162109375 258
1756616265607 1155.5606689453125 259
1756616265802 730.183349609375 260
1756616265999 1185.369384765625 261
1756616266194 994.038330078125 262
1756616266390 795.0950927734375 263
1756616266587 807.6904296875 264
1756616266782 1132.009765625 265
1756616266978 1111.04248046875 266
1756616267174 1150.1427001953125 267
1756616267368 958.2678833007812 268
1756616267563 814.6605834960938 269
1756616267759 964.771484375 270
1756616267954 1040.5050048828125 271
1756616268149 1071.6868896484375 272
1756616268345 990.8956298828125 273
1756616268539 722.908203125 274
1756616268734 1068.510986328125 275
1756616268928 942.290771484375 276
1756616269123 972.3862915039062 277
1756616269317 854.6536254882812 278
1756616269513 1078.9578857421875 279
1756616269707 904.430908203125 280
1756616269901 959.2400512695312 281
1756616270097 1035.2640380859375 282
1756616270293 837.2490844726562 283
1756616270487 871.87451171875 284
1756616270682 703.6463623046875 285
1756616270876 1156.873291015625 286
1756616271070 903.4508666992188 287
1756616271266 810.0418701171875 288
1756616271460 1021.18017578125 289
1756616271655 783.599609375 290
1756616271849 1021.4945678710938 291
1756616272046 851.6901245117188 292
1756616272240 975.9113159179688 293
1756616272434 854.3036499023438 294
1756616272630 859.1160278320312 295
1756616272826 1092.368896484375 296
1756616273022 848.250732421875 297
1756616273218 1058.2366943359375 298
1756616273413 741.6326904296875 299
1756616281778 2511.322265625 0
1756616281987 2100.908203125 1
1756616282193 1320.1749267578125 2
1756616282408 1126.00927734375 3
1756616282614 1067.7889404296875 4
1756616282898 1064.65234375 5
1756616283147 1262.749267578125 6
1756616283376 1036.6639404296875 7
1756616283596 1122.7210693359375 8
1756616283835 1030.55126953125 9
1756616284095 1054.22900390625 10
1756616284347 1207.918701171875 11
1756616284560 1173.359375 12
1756616284768 1239.8426513671875 13
1756616285007 984.4154663085938 14
1756616285217 780.5875244140625 15
1756616285429 1142.6278076171875 16
1756616285643 1051.842529296875 17
1756616285860 1251.7471923828125 18
1756616286073 898.3641967773438 19
1756616286283 915.0291748046875 20
1756616286495 1096.2530517578125 21
1756616286721 1070.034423828125 22
1756616286941 1011.3333740234375 23
1756616287157 1214.36083984375 24
1756616287377 885.11376953125 25
1756616287585 1045.2110595703125 26
1756616287797 964.658203125 27
1756616288012 1072.3551025390625 28
1756616288227 798.9625244140625 29
1756616288437 1167.2723388671875 30
1756616288649 1065.1749267578125 31
1756616288865 1369.202880859375 32
1756616289074 840.361328125 33
1756616289286 1164.9981689453125 34
1756616289494 830.1885375976562 35
1756616289705 1071.6300048828125 36
1756616289916 933.7501220703125 37
1756616290126 1123.0009765625 38
1756616290341 1059.281494140625 39
1756616290553 916.977783203125 40
1756616290766 1044.53125 41
1756616290983 956.5133666992188 42
1756616291196 1168.9215087890625 43
1756616291411 845.6329956054688 44
1756616291625 879.4319458007812 45
1756616291839 857.9295654296875 46
1756616292052 1104.6712646484375 47
1756616292264 1097.9393310546875 48
1756616292472 944.6064453125 49
1756616292680 1257.332275390625 50
1756616292889 988.6248779296875 51
1756616293106 1081.0782470703125 52
1756616293315 815.5021362304688 53
1756616293534 979.88818359375 54
1756616293746 1051.96923828125 55
1756616293955 796.6095581054688 56
1756616294163 808.5421752929688 57
1756616294371 1164.1339111328125 58
1756616294587 855.0103759765625 59
1756616294793 930.3744506835938 60
1756616295008 1192.7396240234375 61
1756616295228 941.263916015625 62
1756616295446 868.9345092773438 63
1756616295659 887.1799926757812 64
1756616295873 987.5154418945312 65
1756616296085 974.4404907226562 66
1756616296298 1422.1533203125 67
1756616296515 1019.3935546875 68
1756616296725 1093.1435546875 69
1756616296936 902.9931030273438 70
1756616297147 957.1314086914062 71
1756616297358 965.1689453125 72
1756616297566 1024.5069580078125 73
1756616297776 1283.760009765625 74
1756616298000 765.50439453125 75
1756616298215 803.5180053710938 76
1756616298428 995.222900390625 77
1756616298643 1252.51220703125 78
1756616298859 1069.330810546875 79
1756616299077 1024.1856689453125 80
1756616299291 1076.8262939453125 81
1756616299504 1250.5426025390625 82
1756616299716 734.4696044921875 83
1756616299932 942.3170166015625 84
1756616300174 975.848388671875 85
1756616300391 944.0906372070312 86
1756616300599 942.1621704101562 87
1756616300806 914.3569946289062 88
1756616301015 997.731201171875 89
1756616301228 972.738525390625 90
1756616301438 992.102783203125 91
1756616301645 1059.4410400390625 92
1756616301857 1035.06396484375 93
1756616302072 1086.9671630859375 94
1756616302283 978.0201416015625 95
1756616302487 893.5225830078125 96
1756616302696 1147.9354248046875 97
1756616302906 1023.30908203125 98
1756616303125 1020.6864624023438 99
1756616303329 1101.04296875 100
1756616303545 1201.3577880859375 101
1756616303755 713.9845581054688 102
1756616303959 919.7905883789062 103
1756616304163 1026.011962890625 104
1756616304374 1005.2861328125 105
1756616304594 786.1275634765625 106
1756616304802 806.524658203125 107
1756616305008 1163.247314453125 108
1756616305213 878.0673828125 109
1756616305428 1018.6779174804688 110
1756616305646 942.46923828125 111
1756616305862 1063.583251953125 112
1756616306073 853.9714965820312 113
1756616306278 968.1099243164062 114
1756616306491 933.457763671875 115
1756616306701 999.228515625 116
1756616306912 756.2527465820312 117
1756616307118 951.4132080078125 118
1756616307329 1027.8565673828125 119
1756616307549 884.6264038085938 120
1756616307763 966.7459716796875 121
1756616307980 962.4263916015625 122
1756616308190 1098.6685791015625 123
1756616308399 960.1292114257812 124
1756616308604 833.4968872070312 125
1756616308809 916.3787841796875 126
1756616309013 1141.5810546875 127
1756616309226 917.8199462890625 128
1756616309441 1144.4364013671875 129
1756616309645 982.112548828125 130
1756616309853 1038.3900146484375 131
1756616310065 817.9498291015625 132
1756616310280 1080.8238525390625 133
1756616310490 1077.0631103515625 134
1756616310703 907.57763671875 135
1756616310910 876.513916015625 136
1756616311123 1279.39306640625 137
1756616311333 1043.453369140625 138
1756616311539 952.1744995117188 139
1756616311747 946.2416381835938 140
1756616311958 944.1744995117188 141
1756616312168 958.4850463867188 142
1756616312380 1166.35791015625 143
1756616312590 925.3506469726562 144
1756616312799 861.9631958007812 145
1756616313011 1059.8369140625 146
1756616313228 1069.9005126953125 147
1756616313444 830.9678344726562 148
1756616313649 970.5737915039062 149
1756616313859 1038.0426025390625 150
1756616314066 890.339111328125 151
1756616314285 758.2225341796875 152
1756616314500 971.8226928710938 153
1756616314709 1056.2701416015625 154
1756616314918 1190.07763671875 155
1756616315127 948.5225830078125 156
1756616315338 1043.42333984375 157
1756616315551 952.6246948242188 158
1756616315761 1078.8818359375 159
1756616315976 1104.4521484375 160
1756616316183 901.4788208007812 161
1756616316392 1273.60400390625 162
1756616316599 1132.7689208984375 163
1756616316807 883.1873168945312 164
1756616317015 856.0112915039062 165
1756616317228 940.7439575195312 166
1756616317441 994.1569213867188 167
1756616317654 1103.5018310546875 168
1756616317865 864.63818359375 169
1756616318074 1153.6026611328125 170
1756616318286 828.5293579101562 171
1756616318500 792.8387451171875 172
1756616318719 999.8353881835938 173
1756616318931 1106.5465087890625 174
1756616319144 1084.5205078125 175
1756616319353 978.4871826171875 176
1756616319563 894.7966918945312 177
1756616319777 995.0338745117188 178
1756616320001 942.5274658203125 179
1756616320216 913.9175415039062 180
1756616320428 782.6539306640625 181
1756616320635 852.9409790039062 182
1756616320853 898.8678588867188 183
1756616321064 866.7120971679688 184
1756616321277 945.295166015625 185
1756616321499 1040.3570556640625 186
1756616321704 873.1100463867188 187
1756616321911 1297.61181640625 188
1756616322118 1226.53564453125 189
1756616322322 809.9213256835938 190
1756616322532 838.5293579101562 191
1756616322741 1091.8013916015625 192
1756616322954 1185.337646484375 193
1756616323167 945.063232421875 194
1756616323378 752.6697387695312 195
1756616323582 1231.869384765625 196
1756616323800 1112.1129150390625 197
1756616324021 1205.6046142578125 198
1756616324234 999.1097412109375 199
1756616324447 1039.7109375 200
1756616324656 1045.7552490234375 201
1756616324864 1136.732666015625 202
1756616325081 849.3344116210938 203
1756616325299 1170.58447265625 204
1756616325510 1087.5887451171875 205
1756616325726 1006.882080078125 206
1756616325950 1154.680908203125 207
1756616326170 814.8156127929688 208
1756616326377 990.9546508789062 209
1756616326586 914.6664428710938 210
1756616326802 984.1033325195312 211
1756616327013 1013.30419921875 212
1756616327223 887.9623413085938 213
1756616327432 935.3294677734375 214
1756616327648 961.4403076171875 215
1756616327853 1016.0442504882812 216
1756616328063 1014.5050659179688 217
1756616328282 1142.296875 218
1756616328509 1082.120361328125 219
1756616328721 914.8963623046875 220
1756616328929 991.60693359375 221
1756616329140 683.14501953125 222
1756616329350 904.7581787109375 223
1756616329566 1284.52880859375 224
1756616329776 1035.59521484375 225
1756616330010 1051.2659912109375 226
1756616330216 1058.52978515625 227
1756616330430 866.2398071289062 228
1756616330640 1064.0037841796875 229
1756616330858 865.6980590820312 230
1756616331067 834.2091674804688 231
1756616331285 789.3046264648438 232
1756616331500 920.1845092773438 233
1756616331707 971.1096801757812 234
1756616331922 852.1953125 235
1756616332136 1055.9117431640625 236
1756616332347 1001.006591796875 237
1756616332559 965.4590454101562 238
1756616332772 995.7874755859375 239
1756616332983 1407.4742431640625 240
1756616333189 926.126708984375 241
1756616333396 894.4036254882812 242
1756616333609 887.7293090820312 243
1756616333821 1063.970947265625 244
1756616334029 1125.869873046875 245
1756616334240 1088.873291015625 246
1756616334458 937.9002075195312 247
1756616334669 1148.416259765625 248
1756616334895 1013.9930419921875 249
1756616335109 861.0535278320312 250
1756616335322 1140.640869140625 251
1756616335536 894.4805908203125 252
1756616335749 1239.6815185546875 253
1756616335953 1063.639892578125 254
1756616336166 777.8505249023438 255
1756616336382 1036.291748046875 256
1756616336597 1231.461181640625 257
1756616336807 1107.853515625 258
1756616337017 968.4668579101562 259
1756616337227 1060.6478271484375 260
1756616337437 974.8862915039062 261
1756616337648 988.34423828125 262
1756616337865 952.2095336914062 263
1756616338071 879.4685668945312 264
1756616338277 938.6688842773438 265
1756616338488 1045.570556640625 266
1756616338697 1093.801513671875 267
1756616338913 1200.923095703125 268
1756616339123 1227.8797607421875 269
1756616339331 1062.134033203125 270
1756616339540 979.615234375 271
1756616339760 932.41455078125 272
1756616339972 882.2112426757812 273
1756616340190 841.7185668945312 274
1756616340397 1024.6214599609375 275
1756616340606 1014.1270751953125 276
1756616340824 990.4628295898438 277
1756616341027 940.495361328125 278
1756616341233 1010.0916748046875 279
1756616341437 1006.923583984375 280
1756616341649 817.7901000976562 281
1756616341858 1048.4693603515625 282
1756616342064 898.066650390625 283
1756616342274 1049.163330078125 284
1756616342486 827.6963500976562 285
1756616342708 882.9318237304688 286
1756616342917 1032.2200927734375 287
1756616343129 710.5360717773438 288
1756616343338 946.5975952148438 289
1756616343542 942.3989868164062 290
1756616343755 1332.773193359375 291
1756616343962 941.0596923828125 292
1756616344174 1084.086181640625 293
1756616344388 782.4321899414062 294
1756616344599 1048.30859375 295
1756616344805 1061.3060302734375 296
1756616345015 1104.2222900390625 297
1756616345226 1023.7318115234375 298
1756616345439 1323.375244140625 299
1756616354810 2410.689453125 0
1756616355022 1800.9085693359375 1
1756616355230 1053.970703125 2
1756616355439 1133.548095703125 3
1756616355652 1365.0006103515625 4
1756616355918 1109.145751953125 5
1756616356161 1135.172607421875 6
1756616356382 1247.0145263671875 7
1756616356604 1255.6551513671875 8
1756616356830 953.9928588867188 9
1756616357070 1046.52734375 10
1756616357300 1073.2115478515625 11
1756616357552 922.324462890625 12
1756616357760 1091.570068359375 13
1756616357966 1003.7913208007812 14
1756616358173 961.7213134765625 15
1756616358383 1121.470947265625 16
1756616358598 940.8123779296875 17
1756616358815 940.6508178710938 18
1756616359031 1150.3785400390625 19
1756616359237 1097.498779296875 20
1756616359452 914.7542114257812 21
1756616359658 824.868896484375 22
1756616359869 873.6626586914062 23
1756616360086 1173.19873046875 24
1756616360291 1140.6754150390625 25
1756616360501 825.9047241210938 26
1756616360708 1013.21630859375 27
1756616360916 1114.20751953125 28
1756616361124 838.7177124023438 29
1756616361345 1121.2547607421875 30
1756616361554 825.1524047851562 31
1756616361768 985.6799926757812 32
1756616361975 1209.2552490234375 33
1756616362185 1131.703369140625 34
1756616362394 1124.412109375 35
1756616362601 972.34326171875 36
1756616362810 980.37744140625 37
1756616363023 1023.6547241210938 38
1756616363236 1179.2049560546875 39
1756616363449 783.6021728515625 40
1756616363656 1199.6815185546875 41
1756616363859 1134.0433349609375 42
1756616364079 1003.2605590820312 43
1756616364295 1070.99267578125 44
1756616364505 968.6148071289062 45
1756616364718 1163.3271484375 46
1756616364938 974.6306762695312 47
1756616365159 646.7908325195312 48
1756616365372 869.1433715820312 49
1756616365594 921.1273803710938 50
1756616365808 992.939208984375 51
1756616366022 1029.3040771484375 52
1756616366228 907.8937377929688 53
1756616366444 985.0656127929688 54
1756616366662 1120.73828125 55
1756616366866 891.1834716796875 56
1756616367072 962.6168823242188 57
1756616367282 919.8280029296875 58
1756616367494 958.5693969726562 59
1756616367706 917.1746826171875 60
1756616367911 981.6018676757812 61
1756616368121 1011.3970336914062 62
1756616368325 1059.4954833984375 63
1756616368536 1264.8717041015625 64
1756616368746 916.3638916015625 65
1756616368985 1071.326171875 66
1756616369198 867.4222412109375 67
1756616369406 1159.73681640625 68
1756616369616 1126.7620849609375 69
1756616369838 922.87451171875 70
1756616370051 947.143798828125 71
1756616370257 1041.0726318359375 72
1756616370469 904.2918090820312 73
1756616370676 1092.94189453125 74
1756616370882 1212.914306640625 75
1756616371093 1232.083740234375 76
1756616371296 910.60986328125 77
1756616371512 952.5457153320312 78
1756616371719 924.8928833007812 79
1756616371934 1030.5823974609375 80
1756616372145 964.6930541992188 81
1756616372363 1131.885498046875 82
1756616372571 971.8456420898438 83
1756616372781 780.6636352539062 84
1756616372987 997.1790161132812 85
1756616373199 938.29638671875 86
1756616373408 960.5270385742188 87
1756616373616 786.9635009765625 88
1756616373835 1037.947998046875 89
1756616374048 728.1873168945312 90
1756616374262 839.0062255859375 91
1756616374474 1061.1051025390625 92
1756616374680 1137.0252685546875 93
1756616374886 1098.980224609375 94
1756616375100 1031.4404296875 95
1756616375317 903.3416137695312 96
1756616375537 1059.53759765625 97
1756616375752 940.691650390625 98
1756616375962 789.8862915039062 99
1756616376170 1219.0577392578125 100
1756616376381 1157.1243896484375 101
1756616376591 1246.59765625 102
1756616376800 1158.06884765625 103
1756616377008 1295.059326171875 104
1756616377224 1155.509765625 105
1756616377437 987.2694091796875 106
1756616377656 920.9656372070312 107
1756616377931 974.4901123046875 108
1756616378140 1045.5745849609375 109
1756616378347 1035.0828857421875 110
1756616378556 1042.80615234375 111
1756616378766 1146.5335693359375 112
1756616378978 924.7854614257812 113
1756616379181 1165.11572265625 114
1756616379387 1102.372314453125 115
1756616379594 790.1621704101562 116
1756616379808 942.3683471679688 117
1756616380015 924.9014282226562 118
1756616380224 1022.0732421875 119
1756616380435 1044.4593505859375 120
1756616380647 1083.1356201171875 121
1756616380852 840.24462890625 122
1756616381058 839.8394165039062 123
1756616381275 919.7798461914062 124
1756616381485 1133.43505859375 125
1756616381692 1112.1729736328125 126
1756616381901 1091.01611328125 127
1756616382110 1067.5958251953125 128
1756616382319 1490.750732421875 129
1756616382533 1140.2774658203125 130
1756616382750 1195.28173828125 131
1756616382962 1093.52880859375 132
1756616383173 1092.261962890625 133
1756616383383 801.740478515625 134
1756616383591 1174.9642333984375 135
1756616383802 1093.8492431640625 136
1756616384015 1191.513916015625 137
1756616384218 1251.54248046875 138
1756616384430 860.4199829101562 139
1756616384641 934.0062255859375 140
1756616384860 1014.7657470703125 141
1756616385081 943.8374633789062 142
1756616385288 1032.3292236328125 143
1756616385506 916.0569458007812 144
1756616385717 1118.4112548828125 145
1756616385932 960.069580078125 146
1756616386150 1009.5861206054688 147
1756616386362 1078.366943359375 148
1756616386576 1146.2872314453125 149
1756616386795 1195.87744140625 150
1756616387015 1097.8302001953125 151
1756616387221 979.9066162109375 152
1756616387427 982.469482421875 153
1756616387646 1062.4324951171875 154
1756616387853 789.5609130859375 155
1756616388061 869.8300170898438 156
1756616388273 936.5234375 157
1756616388489 1075.898193359375 158
1756616388698 890.5074462890625 159
1756616388910 862.8623657226562 160
1756616389124 1012.7874755859375 161
1756616389330 883.6006469726562 162
1756616389535 955.7000122070312 163
1756616389742 936.2776489257812 164
1756616389950 971.7705078125 165
1756616390160 1057.3814697265625 166
1756616390372 1093.3514404296875 167
1756616390593 1238.96240234375 168
1756616390809 699.6144409179688 169
1756616391021 1110.4254150390625 170
1756616391231 1073.0322265625 171
1756616391443 938.572021484375 172
1756616391657 1074.787841796875 173
1756616391868 854.0198364257812 174
1756616392078 869.506591796875 175
1756616392291 993.0487670898438 176
1756616392506 1178.6708984375 177
1756616392721 1014.4953002929688 178
1756616392937 1196.8795166015625 179
1756616393146 989.8328247070312 180
1756616393354 1193.377685546875 181
1756616393566 902.6569213867188 182
1756616393779 1139.085693359375 183
1756616393990 1004.4149169921875 184
1756616394204 909.7550659179688 185
1756616394408 1090.2222900390625 186
1756616394621 1065.0203857421875 187
1756616394828 1237.20263671875 188
1756616395037 1009.6978759765625 189
1756616395246 960.1376953125 190
1756616395457 965.4249877929688 191
1756616395675 718.39013671875 192
1756616395882 989.296875 193
1756616396091 924.4249877929688 194
1756616396301 1117.3367919921875 195
1756616396518 913.82470703125 196
1756616396730 1215.5125732421875 197
1756616396950 1093.6507568359375 198
1756616397164 812.7747802734375 199
1756616397375 1256.3878173828125 200
1756616397585 964.4454345703125 201
1756616397793 1097.522216796875 202
1756616398019 919.2883911132812 203
1756616398226 1129.9581298828125 204
1756616398438 934.90673828125 205
1756616398647 1091.2972412109375 206
1756616398882 758.3912353515625 207
1756616399100 1062.1978759765625 208
1756616399309 1035.91357421875 209
1756616399516 1009.7478637695312 210
1756616399733 884.8072509765625 211
1756616399936 1105.54541015625 212
1756616400148 991.138671875 213
1756616400358 862.546142578125 214
1756616400574 953.135986328125 215
1756616400783 1206.89404296875 216
1756616400997 1014.416015625 217
1756616401204 1080.5406494140625 218
1756616401416 1056.8714599609375 219
1756616401618 1039.8194580078125 220
1756616401826 1137.723876953125 221
1756616402034 974.2708740234375 222
1756616402249 1065.72216796875 223
1756616402456 1110.7381591796875 224
1756616402668 915.5418090820312 225
1756616402877 796.028076171875 226
1756616403084 1134.468017578125 227
1756616403296 1128.4107666015625 228
1756616403515 1208.7872314453125 229
1756616403734 1057.983642578125 230
1756616403949 998.397216796875 231
1756616404159 890.8073120117188 232
1756616404367 1119.0294189453125 233
1756616404579 844.4920043945312 234
1756616404788 1146.1614990234375 235
1756616404997 1078.4735107421875 236
1756616405208 908.2009887695312 237
1756616405422 959.7871704101562 238
1756616405632 1044.733642578125 239
1756616405847 1243.70947265625 240
1756616406069 1033.254150390625 241
1756616406279 1109.7384033203125 242
1756616406491 1030.1002197265625 243
1756616406699 835.4020385742188 244
1756616406908 743.1316528320312 245
1756616407119 1066.9183349609375 246
1756616407331 1164.1009521484375 247
1756616407541 1211.9290771484375 248
1756616407756 913.5021362304688 249
1756616407970 831.4116821289062 250
1756616408190 925.93017578125 251
1756616408397 1119.688232421875 252
1756616408607 1025.0068359375 253
1756616408822 1308.3836669921875 254
1756616409029 981.0685424804688 255
1756616409242 1119.1278076171875 256
1756616409458 1213.023681640625 257
1756616409667 1116.5499267578125 258
1756616409880 910.2836303710938 259
1756616410088 1222.8243408203125 260
1756616410301 1181.8077392578125 261
1756616410517 1011.0198364257812 262
1756616410729 1052.5321044921875 263
1756616410938 860.0123291015625 264
1756616411158 1304.74072265625 265
1756616411369 968.1676635742188 266
1756616411579 1291.5611572265625 267
1756616411786 1137.32568359375 268
1756616412000 924.1265869140625 269
1756616412210 1136.6068115234375 270
1756616412420 1024.451904296875 271
1756616412631 833.3944702148438 272
1756616412847 1155.444091796875 273
1756616413059 814.327392578125 274
1756616413270 1412.4263916015625 275
1756616413476 1157.472900390625 276
1756616413688 1154.9825439453125 277
1756616413902 961.5408325195312 278
1756616414111 1163.1856689453125 279
1756616414321 1036.8104248046875 280
1756616414533 1104.1112060546875 281
1756616414743 1128.3934326171875 282
1756616414958 806.759521484375 283
1756616415173 973.1141967773438 284
1756616415383 877.610107421875 285
1756616415589 1063.9378662109375 286
1756616415797 1040.589111328125 287
1756616416005 855.4690551757812 288
1756616416217 874.2755737304688 289
1756616416434 1186.37353515625 290
1756616416640 1005.8682250976562 291
1756616416849 1151.61328125 292
1756616417054 1167.27587890625 293
1756616417271 973.5596923828125 294
1756616417483 881.4065551757812 295
1756616417699 998.2258911132812 296
1756616417909 843.3951416015625 297
1756616418118 896.897705078125 298
1756616418323 964.769287109375 299
1756616426730 2557.1279296875 0
1756616426963 2389.85400390625 1
1756616427183 2048.776611328125 2
1756616427401 1699.035400390625 3
1756616427630 1093.156005859375 4
1756616427875 1143.76171875 5
1756616428088 1244.033203125 6
1756616428295 929.12158203125 7
1756616428501 1227.47802734375 8
1756616428714 1185.294677734375 9
1756616428928 1084.6021728515625 10
1756616429141 838.9093627929688 11
1756616429347 1117.0118408203125 12
1756616429558 846.3709716796875 13
1756616429766 891.6224365234375 14
1756616429973 994.8111572265625 15
1756616430184 954.0699462890625 16
1756616430396 939.9039916992188 17
1756616430601 975.8796997070312 18
1756616430822 1067.9664306640625 19
1756616431035 862.6189575195312 20
1756616431239 1224.2135009765625 21
1756616431445 1138.8240966796875 22
1756616431659 1072.1712646484375 23
1756616431870 874.3706665039062 24
1756616432092 1016.1815795898438 25
1756616432304 1130.01220703125 26
1756616432519 730.7628784179688 27
1756616432734 742.8009033203125 28
1756616432947 1177.0758056640625 29
1756616433164 829.9906005859375 30
1756616433371 899.0178833007812 31
1756616433577 879.2691040039062 32
1756616433787 1044.7021484375 33
1756616434001 897.347900390625 34
1756616434214 1110.0718994140625 35
1756616434430 1125.4656982421875 36
1756616434635 1019.9846801757812 37
1756616434844 831.6944580078125 38
1756616435058 923.0283203125 39
1756616435266 963.918212890625 40
1756616435477 1103.9561767578125 41
1756616435693 947.5908203125 42
1756616435910 772.2966918945312 43
1756616436126 1069.987548828125 44
1756616436344 1013.9220581054688 45
1756616436555 977.787841796875 46
1756616436791 929.6539916992188 47
1756616437006 861.2989501953125 48
1756616437221 747.2733154296875 49
1756616437432 786.3904418945312 50
1756616437643 1186.9486083984375 51
1756616437852 866.8826293945312 52
1756616438064 984.5586547851562 53
1756616438273 1167.309814453125 54
1756616438485 1015.2737426757812 55
1756616438701 914.8131713867188 56
1756616438926 1158.0101318359375 57
1756616439147 894.1390991210938 58
1756616439363 967.2647705078125 59
1756616439578 939.9113159179688 60
1756616439787 1301.097900390625 61
1756616440000 1190.2247314453125 62
1756616440218 1015.4801635742188 63
1756616440428 849.1100463867188 64
1756616440636 922.8021240234375 65
1756616440856 942.8609619140625 66
1756616441084 1128.7950439453125 67
1756616441298 1043.4329833984375 68
1756616441512 1158.9808349609375 69
1756616441723 821.5368041992188 70
1756616441934 756.1177368164062 71
1756616442145 1098.8389892578125 72
1756616442352 1141.2403564453125 73
1756616442562 942.6531372070312 74
1756616442778 837.3131713867188 75
1756616442994 1028.0545654296875 76
1756616443202 1201.2716064453125 77
1756616443410 977.3890991210938 78
1756616443620 951.1264038085938 79
1756616443848 970.7769165039062 80
1756616444069 1125.424560546875 81
1756616444289 993.3568115234375 82
1756616444504 916.4361572265625 83
1756616444715 1031.181884765625 84
1756616444928 1211.1004638671875 85
1756616445146 1075.7427978515625 86
1756616445358 1100.7921142578125 87
1756616445572 1128.52734375 88
1756616445783 988.6597290039062 89
1756616445994 883.49658203125 90
1756616446212 1099.8798828125 91
1756616446427 903.7300415039062 92
1756616446643 1028.499755859375 93
1756616446851 1180.2308349609375 94
1756616447064 1024.1798095703125 95
1756616447279 842.6992797851562 96
1756616447489 1067.7911376953125 97
1756616447704 1173.84619140625 98
1756616447926 1281.6358642578125 99
1756616448141 1051.3316650390625 100
1756616448353 987.14111328125 101
1756616448565 1103.12548828125 102
1756616448775 878.4818115234375 103
1756616448986 1173.5506591796875 104
1756616449196 995.7149658203125 105
1756616449412 942.19287109375 106
1756616449623 988.8296508789062 107
1756616449828 935.477783203125 108
1756616450036 912.953125 109
1756616450249 969.7821655273438 110
1756616450461 890.0037841796875 111
1756616450664 955.1064453125 112
1756616450878 989.0796508789062 113
1756616451104 986.1966552734375 114
1756616451324 953.4253540039062 115
1756616451539 1098.3966064453125 116
1756616451746 1196.978515625 117
1756616451953 967.7720947265625 118
1756616452168 1054.815673828125 119
1756616452383 1339.3431396484375 120
1756616452593 995.2539672851562 121
1756616452810 1141.138916015625 122
1756616453023 1094.9844970703125 123
1756616453228 952.3110961914062 124
1756616453441 866.8809204101562 125
1756616453649 957.34130859375 126
1756616453862 1012.2379760742188 127
1756616454073 960.89404296875 128
1756616454288 884.9522705078125 129
1756616454500 1099.4520263671875 130
1756616454714 1204.5047607421875 131
1756616454922 1236.41650390625 132
1756616455134 1077.572265625 133
1756616455357 886.0689697265625 134
1756616455577 1040.50927734375 135
1756616455787 988.0114135742188 136
1756616456001 1148.30126953125 137
1756616456214 977.806396484375 138
1756616456435 1074.2554931640625 139
1756616456648 1093.76708984375 140
1756616456858 1179.8624267578125 141
1756616457070 945.3484497070312 142
1756616457279 1042.11328125 143
1756616457494 878.208984375 144
1756616457706 882.2274780273438 145
1756616457921 844.0159912109375 146
1756616458134 1032.4940185546875 147
1756616458346 988.7666625976562 148
1756616458551 925.9789428710938 149
1756616458756 795.3116455078125 150
1756616458963 1069.856689453125 151
1756616459176 1044.69970703125 152
1756616459386 1191.18359375 153
1756616459596 967.47314453125 154
1756616459813 1136.848876953125 155
1756616460041 989.8712158203125 156
1756616460259 925.4649047851562 157
1756616460473 988.7133178710938 158
1756616460693 874.8246459960938 159
1756616460906 1011.4119873046875 160
1756616461119 855.6939086914062 161
1756616461328 1074.876708984375 162
1756616461541 938.6715087890625 163
1756616461764 995.3053588867188 164
1756616461976 899.7560424804688 165
1756616462189 1145.3228759765625 166
1756616462397 1002.6923828125 167
1756616462607 1198.043701171875 168
1756616462821 1193.32958984375 169
1756616463036 616.7313232421875 170
1756616463249 1047.458984375 171
1756616463460 994.3917846679688 172
1756616463678 923.2797241210938 173
1756616463892 942.67626953125 174
1756616464101 1002.81005859375 175
1756616464315 905.7579345703125 176
1756616464532 1104.36767578125 177
1756616464748 1114.9285888671875 178
1756616464967 1211.4150390625 179
1756616465181 938.2395629882812 180
1756616465388 909.3605346679688 181
1756616465594 941.4757080078125 182
1756616465805 1163.2628173828125 183
1756616466024 884.7894287109375 184
1756616466229 999.1454467773438 185
1756616466437 998.5086669921875 186
1756616466650 1152.859619140625 187
1756616466882 1021.5758666992188 188
1756616467099 930.6170043945312 189
1756616467316 826.8467407226562 190
1756616467529 1077.498779296875 191
1756616467745 1021.1444702148438 192
1756616467954 901.8097534179688 193
1756616468161 1083.74169921875 194
1756616468373 903.987548828125 195
1756616468601 902.2202758789062 196
1756616468818 1009.0225830078125 197
1756616469037 690.6090698242188 198
1756616469254 1171.75390625 199
1756616469463 990.96044921875 200
1756616469676 631.010986328125 201
1756616469883 904.26611328125 202
1756616470091 1101.78857421875 203
1756616470308 927.438232421875 204
1756616470519 1120.1287841796875 205
1756616470733 1253.9356689453125 206
1756616470951 968.9558715820312 207
1756616471163 994.104736328125 208
1756616471374 1064.8548583984375 209
1756616471586 1217.4228515625 210
1756616471798 835.2215576171875 211
1756616472014 973.4685668945312 212
1756616472226 952.8043823242188 213
1756616472435 1122.9210205078125 214
1756616472644 877.80419921875 215
1756616472862 722.3211669921875 216
1756616473077 1193.778564453125 217
1756616473290 1176.064208984375 218
1756616473502 1057.5203857421875 219
1756616473714 801.2888793945312 220
1756616473927 1065.138916015625 221
1756616474134 1229.182861328125 222
1756616474338 834.8196411132812 223
1756616474550 1030.247314453125 224
1756616474764 1058.8857421875 225
1756616474982 849.3806762695312 226
1756616475204 1063.3204345703125 227
1756616475426 906.9780883789062 228
1756616475645 961.6511840820312 229
1756616475864 987.5105590820312 230
1756616476082 896.9451293945312 231
1756616476300 992.1021118164062 232
1756616476514 1092.476806640625 233
1756616476723 838.603515625 234
1756616476933 955.676025390625 235
1756616477146 838.6129760742188 236
1756616477359 1200.0020751953125 237
1756616477571 1092.2777099609375 238
1756616477788 1127.0921630859375 239
1756616477999 897.447021484375 240
1756616478208 1009.28125 241
1756616478425 985.67626953125 242
1756616478649 1118.062744140625 243
1756616478866 1117.24267578125 244
1756616479087 1100.872802734375 245
1756616479315 1099.350830078125 246
1756616479530 868.5369873046875 247
1756616479738 969.125732421875 248
1756616479945 1105.153564453125 249
1756616480163 784.2427368164062 250
1756616480377 1164.4757080078125 251
1756616480600 926.694091796875 252
1756616480813 1006.0137329101562 253
1756616481035 1011.7257080078125 254
1756616481250 986.0284423828125 255
1756616481462 1001.4303588867188 256
1756616481674 1000.6508178710938 257
1756616481885 874.5192260742188 258
1756616482097 873.879638671875 259
1756616482314 958.176025390625 260
1756616482527 1000.147705078125 261
1756616482743 1011.8753662109375 262
1756616482962 1042.5709228515625 263
1756616483174 855.842041015625 264
1756616483389 1013.2364501953125 265
1756616483597 977.4107666015625 266
1756616483805 908.7151489257812 267
1756616484023 890.418212890625 268
1756616484247 1192.4385986328125 269
1756616484456 1100.136474609375 270
1756616484666 926.0074462890625 271
1756616484882 974.0401000976562 272
1756616485096 847.4548950195312 273
1756616485310 1096.6781005859375 274
1756616485531 990.5068969726562 275
1756616485743 1044.1328125 276
1756616485958 873.571044921875 277
1756616486176 1083.433349609375 278
1756616486386 798.5565795898438 279
1756616486603 1037.989990234375 280
1756616486818 1177.31494140625 281
1756616487032 1144.400390625 282
1756616487244 1085.609130859375 283
1756616487456 979.6643676757812 284
1756616487670 1028.159423828125 285
1756616487882 1117.9447021484375 286
1756616488097 1179.31982421875 287
1756616488309 1124.1243896484375 288
1756616488513 880.9928588867188 289
1756616488726 1043.726318359375 290
1756616488937 950.5472412109375 291
1756616489148 952.766357421875 292
1756616489373 1183.4677734375 293
1756616489584 930.7185668945312 294
1756616489791 983.8682250976562 295
1756616490003 783.7767333984375 296
1756616490215 769.645751953125 297
1756616490426 1132.9873046875 298
1756616490634 826.180419921875 299
1756616498988 2368.8720703125 0
1756616499193 1788.7354736328125 1
1756616499406 864.103271484375 2
1756616499608 1124.951171875 3
1756616499819 1111.4049072265625 4
1756616500101 913.4276123046875 5
1756616500332 919.8228759765625 6
1756616500552 853.6639404296875 7
1756616500775 1239.9100341796875 8
1756616500998 792.2276000976562 9
1756616501257 766.40185546875 10
1756616501483 788.9813842773438 11
1756616501690 896.090087890625 12
1756616501891 725.4940185546875 13
1756616502105 1021.5991821289062 14
1756616502316 947.2526245117188 15
1756616502525 943.4645385742188 16
1756616502735 866.409912109375 17
1756616502937 720.4738159179688 18
1756616503157 838.2174072265625 19
1756616503372 861.380859375 20
1756616503582 1029.909912109375 21
1756616503787 1013.7189331054688 22
1756616503994 976.0628051757812 23
1756616504205 931.9581298828125 24
1756616504405 968.4544677734375 25
1756616504621 848.3637084960938 26
1756616504838 869.3761596679688 27
1756616505066 893.4573364257812 28
1756616505279 744.7875366210938 29
1756616505486 813.9661254882812 30
1756616505693 1035.0869140625 31
1756616505910 712.5222778320312 32
1756616506118 821.9871826171875 33
1756616506325 1077.706298828125 34
1756616506533 767.3680419921875 35
1756616506748 1009.0052490234375 36
1756616506957 942.7705078125 37
1756616507163 790.766845703125 38
1756616507367 857.323974609375 39
1756616507578 752.7208862304688 40
1756616507789 929.9984130859375 41
1756616507997 981.1866455078125 42
1756616508210 973.6637573242188 43
1756616508420 739.108642578125 44
1756616508626 950.7994995117188 45
1756616508836 910.9282836914062 46
1756616509040 869.1856079101562 47
1756616509255 756.4826049804688 48
1756616509464 916.1939086914062 49
1756616509671 1000.516357421875 50
1756616509878 1052.0194091796875 51
1756616510085 1118.787109375 52
1756616510291 732.8025512695312 53
1756616510504 751.7671508789062 54
1756616510714 726.418212890625 55
1756616510925 976.1201171875 56
1756616511133 834.2479248046875 57
1756616511355 920.4933471679688 58
1756616511565 740.4534912109375 59
1756616511769 755.3185424804688 60
1756616511976 1022.5258178710938 61
1756616512181 1010.602294921875 62
1756616512396 802.3789672851562 63
1756616512613 691.2105712890625 64
1756616512823 1017.2298583984375 65
1756616513037 803.2876586914062 66
1756616513251 809.6343994140625 67
1756616513465 830.438232421875 68
1756616513681 828.7185668945312 69
1756616513895 755.292236328125 70
1756616514102 1005.6756591796875 71
1756616514320 817.6822509765625 72
1756616514529 1022.4249877929688 73
1756616514736 988.862548828125 74
1756616514949 942.9295043945312 75
1756616515162 793.753662109375 76
1756616515375 835.1148071289062 77
1756616515588 1072.56396484375 78
1756616515802 922.533203125 79
1756616516013 802.4694213867188 80
1756616516224 942.733154296875 81
1756616516439 982.4664916992188 82
1756616516656 795.3873291015625 83
1756616516876 824.9965209960938 84
1756616517079 1062.119873046875 85
1756616517299 961.5934448242188 86
1756616517504 1111.12109375 87
1756616517707 906.9196166992188 88
1756616517914 903.97412109375 89
1756616518123 928.2833251953125 90
1756616518337 992.90673828125 91
1756616518546 1013.78857421875 92
1756616518757 760.7918090820312 93
1756616518963 833.2191162109375 94
1756616519164 940.506103515625 95
1756616519373 839.2658081054688 96
1756616519589 964.0653076171875 97
1756616519798 1098.5413818359375 98
1756616520006 752.288818359375 99
1756616520213 994.016357421875 100
1756616520418 930.7813720703125 101
1756616520623 1030.097900390625 102
1756616520834 1009.357666015625 103
1756616521044 788.5595092773438 104
1756616521261 873.5079345703125 105
1756616521471 747.1535034179688 106
1756616521678 911.9366455078125 107
1756616521886 850.3475341796875 108
1756616522099 920.7230834960938 109
1756616522301 1068.7353515625 110
1756616522507 1077.0787353515625 111
1756616522716 770.6383056640625 112
1756616522932 785.7852783203125 113
1756616523143 1026.3443603515625 114
1756616523350 970.0289916992188 115
1756616523556 714.4933471679688 116
1756616523765 1050.494873046875 117
1756616523979 927.26318359375 118
1756616524193 921.6566162109375 119
1756616524403 841.1215209960938 120
1756616524615 817.65087890625 121
1756616524831 880.6466674804688 122
1756616525046 1064.1129150390625 123
1756616525254 788.2576293945312 124
1756616525465 1068.5406494140625 125
1756616525677 795.0820922851562 126
1756616525883 827.222900390625 127
1756616526096 821.45361328125 128
1756616526306 1004.5105590820312 129
1756616526514 776.3595581054688 130
1756616526719 987.3842163085938 131
1756616526935 941.8439331054688 132
1756616527148 735.4260864257812 133
1756616527360 994.7322387695312 134
1756616527561 949.4480590820312 135
1756616527768 888.9515991210938 136
1756616527982 846.0369873046875 137
1756616528195 820.6873168945312 138
1756616528407 1009.3661499023438 139
1756616528614 897.551025390625 140
1756616528823 934.1736450195312 141
1756616529040 814.1655883789062 142
1756616529252 770.9095458984375 143
1756616529461 899.363037109375 144
1756616529670 1070.3653564453125 145
1756616529880 682.4215698242188 146
1756616530084 810.2424926757812 147
1756616530300 860.2601928710938 148
1756616530513 1016.1742553710938 149
1756616530729 810.1788330078125 150
1756616530947 899.0720825195312 151
1756616531157 976.8225708007812 152
1756616531370 811.1795654296875 153
1756616531587 843.7407836914062 154
1756616531807 927.2758178710938 155
1756616532013 891.4651489257812 156
1756616532224 959.1739501953125 157
1756616532430 898.2970581054688 158
1756616532639 870.3433837890625 159
1756616532854 1133.934814453125 160
1756616533063 1017.111083984375 161
1756616533280 982.209228515625 162
1756616533495 839.4951171875 163
1756616533712 864.22216796875 164
1756616533925 1111.26708984375 165
1756616534137 871.4336547851562 166
1756616534344 605.054443359375 167
1756616534554 974.9548950195312 168
1756616534792 752.5205078125 169
1756616534999 1135.9345703125 170
1756616535204 973.9328002929688 171
1756616535416 1051.85107421875 172
1756616535626 682.1392211914062 173
1756616535851 890.1215209960938 174
1756616536063 1040.8497314453125 175
1756616536274 831.28173828125 176
1756616536492 893.8597412109375 177
1756616536713 811.2515258789062 178
1756616536923 1023.7116088867188 179
1756616537132 1097.5531005859375 180
1756616537341 850.274658203125 181
1756616537553 1000.9546508789062 182
1756616537761 1083.107666015625 183
1756616537971 1088.955810546875 184
1756616538181 1108.895751953125 185
1756616538394 872.0607299804688 186
1756616538612 693.341796875 187
1756616538833 971.813232421875 188
1756616539049 764.4364624023438 189
1756616539255 829.03466796875 190
1756616539465 999.630859375 191
1756616539679 972.5404663085938 192
1756616539884 933.52783203125 193
1756616540090 888.779296875 194
1756616540295 970.3694458007812 195
1756616540505 795.402587890625 196
1756616540712 682.1331176757812 197
1756616540917 691.7929077148438 198
1756616541129 959.6468505859375 199
1756616541350 879.75 200
1756616541562 728.9139404296875 201
1756616541771 962.1622924804688 202
1756616541982 777.9608154296875 203
1756616542192 904.3214721679688 204
1756616542406 916.506591796875 205
1756616542610 1030.6947021484375 206
1756616542822 810.7485961914062 207
1756616543035 1062.331298828125 208
1756616543238 773.6680908203125 209
1756616543451 685.9869995117188 210
1756616543664 591.5470581054688 211
1756616543875 1039.2742919921875 212
1756616544087 904.2682495117188 213
1756616544300 1005.8900756835938 214
1756616544510 884.3477172851562 215
1756616544731 917.1609497070312 216
1756616544948 1016.4730834960938 217
1756616545153 1139.6563720703125 218
1756616545370 788.6087646484375 219
1756616545590 808.7192993164062 220
1756616545798 848.069091796875 221
1756616546016 750.8660278320312 222
1756616546233 954.2604370117188 223
1756616546442 566.4974365234375 224
1756616546657 792.6149291992188 225
1756616546870 837.6576538085938 226
1756616547089 935.2785034179688 227
1756616547299 958.303955078125 228
1756616547510 934.3237915039062 229
1756616547721 671.643310546875 230
1756616547929 759.32568359375 231
1756616548139 929.55517578125 232
1756616548352 1063.8221435546875 233
1756616548560 1008.3135375976562 234
1756616548772 896.5201416015625 235
1756616548980 1008.5831909179688 236
1756616549189 1035.5897216796875 237
1756616549405 788.196044921875 238
1756616549620 925.4427490234375 239
1756616549831 701.5491333007812 240
1756616550039 1031.397216796875 241
1756616550255 954.51318359375 242
1756616550478 860.6218872070312 243
1756616550696 1009.8992919921875 244
1756616550903 935.16748046875 245
1756616551114 1010.0767822265625 246
1756616551322 1052.1553955078125 247
1756616551529 935.5986328125 248
1756616551748 831.0381469726562 249
1756616551965 695.4645385742188 250
1756616552171 1015.0696411132812 251
1756616552384 832.0663452148438 252
1756616552598 1004.7073364257812 253
1756616552805 1037.4342041015625 254
1756616553010 1002.2923583984375 255
1756616553226 713.2489624023438 256
1756616553436 946.1165161132812 257
1756616553651 992.2258911132812 258
1756616553856 952.8358154296875 259
1756616554064 940.870849609375 260
1756616554279 453.0698547363281 261
1756616554496 796.1168212890625 262
1756616554704 994.7634887695312 263
1756616554904 982.3569946289062 264
1756616555112 1054.141357421875 265
1756616555320 1015.5027465820312 266
1756616555539 905.1434326171875 267
1756616555749 866.9131469726562 268
1756616555965 659.5535278320312 269
1756616556177 1053.20654296875 270
1756616556385 876.85400390625 271
1756616556599 721.7454833984375 272
1756616556809 765.14013671875 273
1756616557021 979.8548583984375 274
1756616557239 776.8328247070312 275
1756616557449 944.3563842773438 276
1756616557655 770.0302734375 277
1756616557861 874.8130493164062 278
1756616558075 796.0623168945312 279
1756616558289 909.2213745117188 280
1756616558508 882.6246948242188 281
1756616558726 705.035888671875 282
1756616558935 777.6932983398438 283
1756616559151 1119.926025390625 284
1756616559365 749.1641845703125 285
1756616559580 758.5357055664062 286
1756616559789 986.7564697265625 287
1756616560000 953.8763427734375 288
1756616560217 800.2710571289062 289
1756616560424 843.26904296875 290
1756616560635 862.6622924804688 291
1756616560851 1107.6624755859375 292
1756616561059 1019.7208251953125 293
1756616561275 831.6494750976562 294
1756616561476 850.4534301757812 295
1756616561690 782.8552856445312 296
1756616561900 826.3866577148438 297
1756616562113 910.8231201171875 298
1756616562328 1033.3089599609375 299
1756616570798 2572.2626953125 0
1756616571077 2536.841796875 1
1756616571355 2308.745361328125 2
1756616571637 2023.61328125 3
1756616572000 1513.148681640625 4
1756616572304 1490.6689453125 5
1756616572605 1167.1822509765625 6
1756616572911 1438.5103759765625 7
1756616573213 1502.3583984375 8
1756616573525 1133.15234375 9
1756616573802 1183.7635498046875 10
1756616574080 1289.65478515625 11
1756616574359 1419.0069580078125 12
1756616574639 1408.4576416015625 13
1756616574918 1366.1065673828125 14
1756616575194 1385.3948974609375 15
1756616575473 1499.9735107421875 16
1756616575747 1507.399658203125 17
1756616576024 1357.3341064453125 18
1756616576299 1334.398681640625 19
1756616576575 1373.060791015625 20
1756616576854 1216.016357421875 21
1756616577130 1252.44921875 22
1756616577413 1202.872314453125 23
1756616577690 1232.5054931640625 24
1756616577968 1374.6734619140625 25
1756616578244 1531.787109375 26
1756616578520 1068.87890625 27
1756616578798 1343.2623291015625 28
1756616579076 1143.9365234375 29
1756616579352 1294.735107421875 30
1756616579629 1345.0526123046875 31
1756616579906 1269.6712646484375 32
1756616580183 1260.9521484375 33
1756616580461 1156.1695556640625 34
1756616580738 1527.57080078125 35
1756616581015 1518.63916015625 36
1756616581291 1641.823974609375 37
1756616581567 1367.2427978515625 38
1756616581843 1474.0003662109375 39
1756616582121 1336.0391845703125 40
1756616582399 1552.244873046875 41
1756616582681 1319.7099609375 42
1756616582960 1434.81640625 43
1756616583240 1174.528564453125 44
1756616583517 1397.4981689453125 45
1756616583793 1319.7056884765625 46
1756616584069 1461.0943603515625 47
1756616584347 1323.20458984375 48
1756616584623 1338.1756591796875 49
1756616584901 1433.593994140625 50
1756616585178 1380.0006103515625 51
1756616585456 1290.54150390625 52
1756616585733 1355.1624755859375 53
1756616586011 1038.2222900390625 54
1756616586288 1372.1944580078125 55
1756616586566 1315.2149658203125 56
1756616586844 1412.171142578125 57
1756616587120 1367.625 58
1756616587396 1381.3228759765625 59
1756616587674 1535.2796630859375 60
1756616587953 1414.3909912109375 61
1756616588230 1292.8336181640625 62
1756616588508 1326.7408447265625 63
1756616588786 1422.4212646484375 64
1756616589065 1479.9002685546875 65
1756616589343 1422.8717041015625 66
1756616589621 1161.8695068359375 67
1756616589900 1344.789306640625 68
1756616590176 1376.204345703125 69
1756616590455 1425.4114990234375 70
1756616590733 1180.0611572265625 71
1756616591012 1373.4656982421875 72
1756616591298 1401.693359375 73
1756616591576 1537.6461181640625 74
1756616591853 1134.606689453125 75
1756616592129 1202.218017578125 76
1756616592407 1081.93310546875 77
1756616592684 1254.2747802734375 78
1756616592962 1094.3896484375 79
1756616593238 1185.1173095703125 80
1756616593515 1259.6329345703125 81
1756616593793 935.2685546875 82
1756616594070 1170.235107421875 83
1756616594349 1206.2603759765625 84
1756616594628 1511.67041015625 85
1756616594904 1188.7139892578125 86
1756616595179 1288.2119140625 87
1756616595459 1375.433349609375 88
1756616595735 1238.820068359375 89
1756616596012 1598.928466796875 90
1756616596290 1450.07666015625 91
1756616596568 1389.6417236328125 92
1756616596846 1325.567626953125 93
1756616597123 1284.1217041015625 94
1756616597400 1363.13818359375 95
1756616597678 1383.345458984375 96
1756616597955 1096.7684326171875 97
1756616598239 1399.45947265625 98
1756616598518 1357.56640625 99
1756616598795 1168.6290283203125 100
1756616599073 1356.728759765625 101
1756616599350 1500.33203125 102
1756616599631 1234.06396484375 103
1756616599909 1536.7073974609375 104
1756616600190 1389.806884765625 105
1756616600468 1072.575927734375 106
1756616600746 1483.24365234375 107
1756616601026 1251.0330810546875 108
1756616601304 1250.9261474609375 109
1756616601583 1286.6834716796875 110
1756616601861 1209.02978515625 111
1756616602140 1345.3756103515625 112
1756616602420 1413.1195068359375 113
1756616602697 1404.2269287109375 114
1756616602974 1259.031982421875 115
1756616603251 1279.8267822265625 116
1756616603530 1342.9031982421875 117
1756616603807 1123.72119140625 118
1756616604086 1308.860107421875 119
1756616604364 1328.2913818359375 120
1756616604644 1288.4979248046875 121
1756616604924 1227.397216796875 122
1756616605203 1544.3111572265625 123
1756616605490 1347.666015625 124
1756616605769 1448.9647216796875 125
1756616606049 1420.5010986328125 126
1756616606329 1224.32568359375 127
1756616606608 1258.8519287109375 128
1756616606888 1376.1829833984375 129
1756616607167 1417.338623046875 130
1756616607448 1312.6378173828125 131
1756616607726 1469.6365966796875 132
1756616608005 1437.8975830078125 133
1756616608286 1341.130615234375 134
1756616608565 1309.197998046875 135
1756616608846 1477.90966796875 136
1756616609126 1104.80419921875 137
1756616609405 1700.767333984375 138
1756616609684 1483.5302734375 139
1756616609964 1064.0279541015625 140
1756616610243 1298.1705322265625 141
1756616610525 1294.1214599609375 142
1756616610805 1167.458251953125 143
1756616611084 1195.5887451171875 144
1756616611363 1524.6390380859375 145
1756616611644 1375.301025390625 146
1756616611928 1487.9796142578125 147
1756616612208 1320.6148681640625 148
1756616612487 1422.054931640625 149
1756616612795 1193.88232421875 150
1756616613076 1323.824462890625 151
1756616613356 1313.591064453125 152
1756616613637 1346.1597900390625 153
1756616613915 1461.5980224609375 154
1756616614192 1450.5927734375 155
1756616614474 1442.110107421875 156
1756616614753 1014.728271484375 157
1756616615030 1346.3798828125 158
1756616615307 1321.46337890625 159
1756616615587 1178.1739501953125 160
1756616615866 1396.268798828125 161
1756616616144 1439.6683349609375 162
1756616616424 1281.0186767578125 163
1756616616702 1504.8843994140625 164
1756616616980 1433.2618408203125 165
1756616617259 1350.66259765625 166
1756616617537 1115.106689453125 167
1756616617831 1338.7353515625 168
1756616618167 950.321044921875 169
1756616618446 1389.3580322265625 170
1756616618722 1302.7716064453125 171
1756616619001 1388.4588623046875 172
1756616619278 1105.898681640625 173
1756616619557 1267.773193359375 174
1756616619834 1162.6201171875 175
1756616620110 1428.6962890625 176
1756616620387 1368.968994140625 177
1756616620665 1365.59521484375 178
1756616620944 1180.3153076171875 179
1756616621220 1380.4779052734375 180
1756616621500 1408.9410400390625 181
1756616621777 1302.3544921875 182
1756616622054 1152.640869140625 183
1756616622333 1156.7296142578125 184
1756616622611 1193.61328125 185
1756616622890 1330.05517578125 186
1756616623166 1457.5784912109375 187
1756616623442 1178.88671875 188
1756616623721 1442.79443359375 189
1756616624000 1287.4747314453125 190
1756616624276 1119.45703125 191
1756616624553 1494.2940673828125 192
1756616624829 1124.275146484375 193
1756616625106 1188.388671875 194
1756616625382 1387.738525390625 195
1756616625660 1224.3411865234375 196
1756616625937 1316.0648193359375 197
1756616626214 1423.7957763671875 198
1756616626491 1426.7657470703125 199
1756616626766 1324.304931640625 200
1756616627043 1085.00439453125 201
1756616627319 1357.4759521484375 202
1756616627595 1655.85205078125 203
1756616627872 1359.3486328125 204
1756616628148 1114.873779296875 205
1756616628425 1607.6884765625 206
1756616628702 1599.333740234375 207
1756616628979 1441.0042724609375 208
1756616629254 1607.820068359375 209
1756616629530 1398.1715087890625 210
1756616629807 1414.3804931640625 211
1756616630082 1173.1998291015625 212
1756616630358 1415.5428466796875 213
1756616630635 1475.13134765625 214
1756616630911 1485.8004150390625 215
1756616631186 1258.29248046875 216
1756616631461 1159.4803466796875 217
1756616631739 1318.5184326171875 218
1756616632014 1345.25 219
1756616632290 1472.115234375 220
1756616632566 1591.572998046875 221
1756616632844 1226.306396484375 222
1756616633119 1222.84521484375 223
1756616633395 1394.634033203125 224
1756616633671 1519.263916015625 225
1756616633947 1271.3521728515625 226
1756616634222 1417.648681640625 227
1756616634500 1370.86083984375 228
1756616634778 1431.0316162109375 229
1756616635054 1227.4915771484375 230
1756616635330 1275.94921875 231
1756616635605 1454.6483154296875 232
1756616635882 1595.2694091796875 233
1756616636158 1223.3551025390625 234
1756616636434 1571.0860595703125 235
1756616636710 1627.2275390625 236
1756616636986 1271.2735595703125 237
1756616637262 1159.072265625 238
1756616637538 1231.190185546875 239
1756616637814 1494.35791015625 240
1756616638096 1582.698974609375 241
1756616638374 1569.6607666015625 242
1756616638650 1282.64453125 243
1756616638932 1153.987060546875 244
1756616639208 1232.828369140625 245
1756616639485 951.1688842773438 246
1756616639765 1245.921630859375 247
1756616640042 1337.6875 248
1756616640319 1458.041748046875 249
1756616640596 1456.8231201171875 250
1756616640876 1119.4241943359375 251
1756616641157 1500.5042724609375 252
1756616641434 1067.187255859375 253
1756616641711 1108.4495849609375 254
1756616641990 1401.795166015625 255
1756616642267 1565.0220947265625 256
1756616642545 1526.5828857421875 257
1756616642822 1397.1676025390625 258
1756616643100 1194.7464599609375 259
1756616643378 1309.7548828125 260
1756616643657 1232.9417724609375 261
1756616643937 1171.319091796875 262
1756616644213 1285.7694091796875 263
1756616644493 1311.13134765625 264
1756616644771 1462.1400146484375 265
1756616645049 1474.804931640625 266
1756616645327 1789.8778076171875 267
1756616645607 1347.577392578125 268
1756616645888 1517.6287841796875 269
1756616646170 1478.481201171875 270
1756616646451 1256.151611328125 271
1756616646733 1336.3341064453125 272
1756616647019 1605.835693359375 273
1756616647299 1264.842529296875 274
1756616647580 1331.8575439453125 275
1756616647860 1259.3162841796875 276
1756616648139 1221.8167724609375 277
1756616648419 1494.5628662109375 278
1756616648698 1198.6148681640625 279
1756616648978 1321.2115478515625 280
1756616649257 1346.6728515625 281
1756616649536 1320.665283203125 282
1756616649816 1417.140380859375 283
1756616650094 1431.897216796875 284
1756616650376 1300.088134765625 285
1756616650655 1286.9049072265625 286
1756616650934 1337.0528564453125 287
1756616651212 1576.0867919921875 288
1756616651491 1365.2879638671875 289
1756616651773 1159.5323486328125 290
1756616652081 1388.3134765625 291
1756616652359 1414.547119140625 292
1756616652636 1181.9010009765625 293
1756616652916 1465.47705078125 294
1756616653193 1204.3082275390625 295
1756616653469 1357.69482421875 296
1756616653746 1312.4149169921875 297
1756616654025 1004.7189331054688 298
1756616654301 1286.31884765625 299
1756616662742 2485.1025390625 0
1756616663018 2260.778564453125 1
1756616663294 1711.0980224609375 2
1756616663568 1510.752685546875 3
1756616663955 1713.1260986328125 4
1756616664258 1250.7291259765625 5
1756616664563 1455.1142578125 6
1756616664876 1543.7650146484375 7
1756616665231 1582.51171875 8
1756616665518 1154.359375 9
1756616665796 1564.3936767578125 10
1756616666076 1171.864501953125 11
1756616666356 1292.9990234375 12
1756616666636 1322.418701171875 13
1756616666913 1577.2564697265625 14
1756616667189 1391.8414306640625 15
1756616667473 1335.66552734375 16
1756616667759 1437.99072265625 17
1756616668034 1316.2899169921875 18
1756616668309 1128.6385498046875 19
1756616668585 1574.9290771484375 20
1756616668860 1422.2452392578125 21
1756616669135 1372.7882080078125 22
1756616669411 1415.0546875 23
1756616669687 1326.6571044921875 24
1756616669963 1099.50390625 25
1756616670239 1348.7537841796875 26
1756616670517 1375.6142578125 27
1756616670795 1311.994140625 28
1756616671071 1700.4141845703125 29
1756616671349 1292.977783203125 30
1756616671626 1154.6148681640625 31
1756616671901 1292.8316650390625 32
1756616672176 1235.9798583984375 33
1756616672453 1314.135986328125 34
1756616672729 1407.4019775390625 35
1756616673005 1621.3106689453125 36
1756616673280 1265.13037109375 37
1756616673556 1155.5009765625 38
1756616673834 1199.9486083984375 39
1756616674111 1375.81591796875 40
1756616674386 1323.921630859375 41
1756616674662 1122.9400634765625 42
1756616674938 1463.2880859375 43
1756616675213 903.9468994140625 44
1756616675490 1346.1905517578125 45
1756616675766 1478.184326171875 46
1756616676043 1443.33935546875 47
1756616676318 1603.2108154296875 48
1756616676595 1195.6302490234375 49
1756616676873 1213.993896484375 50
1756616677148 1108.376708984375 51
1756616677425 1284.5992431640625 52
1756616677702 1264.2403564453125 53
1756616677978 1468.923095703125 54
1756616678254 1408.9945068359375 55
1756616678532 1313.597412109375 56
1756616678807 897.0183715820312 57
1756616679086 1312.08984375 58
1756616679362 1304.7490234375 59
1756616679639 1086.8087158203125 60
1756616679916 1259.174560546875 61
1756616680193 1083.3714599609375 62
1756616680468 1531.4593505859375 63
1756616680746 1477.383056640625 64
1756616681024 1390.5277099609375 65
1756616681303 1558.100341796875 66
1756616681580 1360.34619140625 67
1756616681855 1237.0985107421875 68
1756616682131 1013.1419677734375 69
1756616682412 1354.259765625 70
1756616682688 1261.6575927734375 71
1756616682962 1534.893798828125 72
1756616683238 1621.6663818359375 73
1756616683514 1340.50390625 74
1756616683790 1328.933349609375 75
1756616684071 1241.7222900390625 76
1756616684353 1256.36572265625 77
1756616684632 1361.187255859375 78
1756616684914 910.6513671875 79
1756616685193 1349.007568359375 80
1756616685475 1313.33056640625 81
1756616685755 1512.65625 82
1756616686037 1374.1357421875 83
1756616686317 1358.524169921875 84
1756616686598 1203.3880615234375 85
1756616686878 1318.2469482421875 86
1756616687158 1309.0372314453125 87
1756616687439 1111.7855224609375 88
1756616687720 1281.81103515625 89
1756616688005 1454.1729736328125 90
1756616688286 1387.79150390625 91
1756616688566 1176.801513671875 92
1756616688847 988.6759033203125 93
1756616689127 1031.24072265625 94
1756616689408 1330.6607666015625 95
1756616689687 1401.49609375 96
1756616689967 1392.4183349609375 97
1756616690246 1064.8070068359375 98
1756616690528 1309.7843017578125 99
1756616690807 1108.68017578125 100
1756616691087 1276.22900390625 101
1756616691365 1381.2001953125 102
1756616691645 1108.8299560546875 103
1756616691925 1396.822509765625 104
1756616692205 1400.2703857421875 105
1756616692485 1425.95068359375 106
1756616692764 1438.9171142578125 107
1756616693044 1236.786376953125 108
1756616693323 1306.8675537109375 109
1756616693603 1236.5145263671875 110
1756616693884 1353.3358154296875 111
1756616694163 1395.4996337890625 112
1756616694443 1366.1728515625 113
1756616694725 1357.330810546875 114
1756616695004 1355.692626953125 115
1756616695282 1305.1856689453125 116
1756616695562 1302.0257568359375 117
1756616695841 1350.95263671875 118
1756616696121 1129.0380859375 119
1756616696400 1346.73095703125 120
1756616696680 1351.4344482421875 121
1756616696959 1228.8245849609375 122
1756616697237 1307.644775390625 123
1756616697517 1117.4678955078125 124
1756616697798 1171.8717041015625 125
1756616698078 1329.4996337890625 126
1756616698359 1172.6915283203125 127
1756616698638 1086.5213623046875 128
1756616698919 1381.7159423828125 129
1756616699200 1676.6995849609375 130
1756616699513 1495.0950927734375 131
1756616699792 1130.9801025390625 132
1756616700074 1126.890869140625 133
1756616700354 1200.8612060546875 134
1756616700635 1429.221435546875 135
1756616700917 1134.4354248046875 136
1756616701196 1117.9061279296875 137
1756616701477 1499.9708251953125 138
1756616701757 1355.9864501953125 139
1756616702037 1337.0213623046875 140
1756616702316 1320.226318359375 141
1756616702597 1390.047607421875 142
1756616702877 1366.4700927734375 143
1756616703156 1311.694091796875 144
1756616703436 1202.0474853515625 145
1756616703715 1146.0562744140625 146
1756616703995 1585.2652587890625 147
1756616704275 1384.63330078125 148
1756616704557 815.0734252929688 149
1756616704835 1191.98828125 150
1756616705116 1221.6676025390625 151
1756616705396 1354.9906005859375 152
1756616705676 1155.9326171875 153
1756616705957 1587.464599609375 154
1756616706236 1489.35009765625 155
1756616706516 1248.4837646484375 156
1756616706797 1418.2943115234375 157
1756616707078 1233.4071044921875 158
1756616707357 1217.2127685546875 159
1756616707638 1497.61279296875 160
1756616707917 1480.5037841796875 161
1756616708197 1208.1573486328125 162
1756616708478 1289.3260498046875 163
1756616708758 1308.5728759765625 164
1756616709050 1438.2760009765625 165
1756616709330 1180.5010986328125 166
1756616709609 1207.4554443359375 167
1756616709891 1534.74267578125 168
1756616710173 1550.5355224609375 169
1756616710454 1156.1954345703125 170
1756616710733 1368.4525146484375 171
1756616711012 1454.0621337890625 172
1756616711292 1465.3780517578125 173
1756616711572 1260.9857177734375 174
1756616711853 1413.6461181640625 175
1756616712132 1580.1676025390625 176
1756616712413 1132.9512939453125 177
1756616712694 1314.7906494140625 178
1756616712976 1199.934814453125 179
1756616713255 943.7764282226562 180
1756616713536 1540.416015625 181
1756616713817 1409.208740234375 182
1756616714095 1125.539794921875 183
1756616714376 1568.5718994140625 184
1756616714656 1288.9599609375 185
1756616714936 1272.8902587890625 186
1756616715217 1197.6082763671875 187
1756616715495 1279.8118896484375 188
1756616715775 1509.3040771484375 189
1756616716056 1286.6700439453125 190
1756616716334 1358.731201171875 191
1756616716616 1200.8065185546875 192
1756616716897 1335.6837158203125 193
1756616717177 1273.7083740234375 194
1756616717457 1271.9617919921875 195
1756616717738 1188.049560546875 196
1756616718018 1209.3238525390625 197
1756616718302 1502.1156005859375 198
1756616718583 1319.5396728515625 199
1756616718864 1273.377197265625 200
1756616719144 1401.472412109375 201
1756616719424 1154.1624755859375 202
1756616719705 1620.5869140625 203
1756616719986 1254.488037109375 204
1756616720273 1435.2764892578125 205
1756616720555 1294.0057373046875 206
1756616720837 1231.0572509765625 207
1756616721117 1197.5946044921875 208
1756616721398 1198.73828125 209
1756616721677 1196.1063232421875 210
1756616721958 1422.9781494140625 211
1756616722237 1391.537841796875 212
1756616722519 1318.7493896484375 213
1756616722799 1535.9412841796875 214
1756616723079 1387.72216796875 215
1756616723360 1190.790771484375 216
1756616723640 1333.1708984375 217
1756616723921 1239.6334228515625 218
1756616724202 1384.34521484375 219
1756616724485 1288.2921142578125 220
1756616724765 1398.0203857421875 221
1756616725046 1281.7899169921875 222
1756616725327 1290.042236328125 223
1756616725611 1288.371826171875 224
1756616725891 1462.1375732421875 225
1756616726171 1255.8714599609375 226
1756616726452 1359.9537353515625 227
1756616726732 1223.22705078125 228
1756616727012 1552.80029296875 229
1756616727292 1281.836181640625 230
1756616727572 1079.1470947265625 231
1756616727853 1280.943359375 232
1756616728131 1095.6014404296875 233
1756616728412 1057.060302734375 234
1756616728692 1132.6962890625 235
1756616728972 1251.231689453125 236
1756616729251 1523.7923583984375 237
1756616729530 1327.5615234375 238
1756616729810 1103.1248779296875 239
1756616730091 1659.4715576171875 240
1756616730372 1244.2674560546875 241
1756616730651 1413.2752685546875 242
1756616730933 1229.474609375 243
1756616731211 1319.1624755859375 244
1756616731489 1318.060791015625 245
1756616731770 1177.218505859375 246
1756616732050 1365.4251708984375 247
1756616732330 1186.0419921875 248
1756616732608 1132.8056640625 249
1756616732888 1236.3857421875 250
1756616733168 1047.6304931640625 251
1756616733445 1267.0997314453125 252
1756616733724 1452.0462646484375 253
1756616734007 1433.1544189453125 254
1756616734287 1291.23046875 255
1756616734568 1160.8612060546875 256
1756616734848 1271.981689453125 257
1756616735127 1442.6561279296875 258
1756616735408 1238.706298828125 259
1756616735689 1225.2518310546875 260
1756616735969 1325.0836181640625 261
1756616736250 1200.130859375 262
1756616736530 1406.1285400390625 263
1756616736810 1471.34228515625 264
1756616737089 1375.642333984375 265
1756616737369 1356.9178466796875 266
1756616737648 1106.14990234375 267
1756616737996 1245.5030517578125 268
1756616738284 1412.3271484375 269
1756616738566 1668.2503662109375 270
1756616738845 1328.114501953125 271
1756616739162 1325.4281005859375 272
1756616739442 1396.9381103515625 273
1756616739721 1226.7454833984375 274
1756616740003 1176.9288330078125 275
1756616740283 1159.6199951171875 276
1756616740563 1056.098876953125 277
1756616740844 1378.96484375 278
1756616741125 1324.1671142578125 279
1756616741410 1212.2144775390625 280
1756616741689 1083.4541015625 281
1756616741968 1382.2860107421875 282
1756616742249 1188.641357421875 283
1756616742529 1329.85107421875 284
1756616742810 1190.4085693359375 285
1756616743091 1308.1077880859375 286
1756616743371 1495.4886474609375 287
1756616743650 1405.424560546875 288
1756616743930 1232.2568359375 289
1756616744209 1379.6336669921875 290
1756616744489 1097.898681640625 291
1756616744766 1399.722412109375 292
1756616745048 1267.0059814453125 293
1756616745327 1137.9097900390625 294
1756616745607 1485.537841796875 295
1756616745886 1167.48193359375 296
1756616746165 1413.151611328125 297
1756616746445 1342.9693603515625 298
1756616746725 1355.542724609375 299
1756616755180 2470.830078125 0
1756616755476 1941.15478515625 1
1756616755786 1402.9429931640625 2
1756616756109 1787.087158203125 3
1756616756458 1275.206298828125 4
1756616756772 1074.2254638671875 5
1756616757076 1460.7706298828125 6
1756616757410 1104.627685546875 7
1756616757717 1132.224609375 8
1756616758016 1160.695556640625 9
1756616758315 986.2033081054688 10
1756616758617 1053.7440185546875 11
1756616758911 934.1605834960938 12
1756616759211 1168.014892578125 13
1756616759514 946.0299072265625 14
1756616759804 1131.00146484375 15
1756616760104 874.5824584960938 16
1756616760413 1151.087158203125 17
1756616760711 962.9314575195312 18
1756616761017 1105.1075439453125 19
1756616761330 1012.99560546875 20
1756616761626 1098.3985595703125 21
1756616761919 1283.025390625 22
1756616762217 1027.5478515625 23
1756616762524 1040.3505859375 24
1756616762829 1132.7718505859375 25
1756616763132 1048.7174072265625 26
1756616763429 879.0068969726562 27
1756616763730 863.3768920898438 28
1756616764029 1052.2520751953125 29
1756616764335 1074.74365234375 30
1756616764638 1128.216064453125 31
1756616764931 1211.34716796875 32
1756616765245 894.3335571289062 33
1756616765543 1206.4754638671875 34
1756616765831 1082.98974609375 35
1756616766134 1269.8023681640625 36
1756616766431 985.8380126953125 37
1756616766726 703.7376708984375 38
1756616767022 1166.75830078125 39
1756616767324 1069.6549072265625 40
1756616767626 1105.24755859375 41
1756616767930 1039.04296875 42
1756616768230 1106.8408203125 43
1756616768531 1133.2305908203125 44
1756616768825 1109.328369140625 45
1756616769121 932.8020629882812 46
1756616769424 1045.2362060546875 47
1756616769721 877.405029296875 48
1756616770011 957.2215576171875 49
1756616770312 1174.92578125 50
1756616770608 995.5829467773438 51
1756616770908 1137.21826171875 52
1756616771210 1157.16015625 53
1756616771515 1105.1983642578125 54
1756616771822 888.7106323242188 55
1756616772123 1241.9989013671875 56
1756616772426 993.2672119140625 57
1756616772726 859.6904907226562 58
1756616773024 1208.62890625 59
1756616773322 877.3253173828125 60
1756616773629 943.915283203125 61
1756616773935 970.4722290039062 62
1756616774230 1114.34228515625 63
1756616774536 1038.517333984375 64
1756616774842 1001.0908203125 65
1756616775136 1034.956787109375 66
1756616775432 847.4906616210938 67
1756616775729 1218.187744140625 68
1756616776028 1148.596435546875 69
1756616776330 1200.9027099609375 70
1756616776636 1079.452880859375 71
1756616776941 1015.4998779296875 72
1756616777242 1041.61279296875 73
1756616777555 1070.882568359375 74
1756616777858 1076.1923828125 75
1756616778172 989.9622802734375 76
1756616778472 907.5297241210938 77
1756616778775 1219.83642578125 78
1756616779083 1079.9339599609375 79
1756616779386 1040.19482421875 80
1756616779678 1066.9521484375 81
1756616779977 1099.327880859375 82
1756616780274 1063.9295654296875 83
1756616780584 1110.4697265625 84
1756616780885 1119.6478271484375 85
1756616781182 1205.335205078125 86
1756616781479 958.5933837890625 87
1756616781782 1080.7374267578125 88
1756616782083 1034.9664306640625 89
1756616782383 960.5838012695312 90
1756616782681 944.780517578125 91
1756616782972 1134.297119140625 92
1756616783266 896.9771118164062 93
1756616783569 953.7833862304688 94
1756616783874 777.8058471679688 95
1756616784176 1396.23193359375 96
1756616784480 1002.6146240234375 97
1756616784782 1019.9881591796875 98
1756616785083 932.4915161132812 99
1756616785384 974.9139404296875 100
1756616785688 1105.5931396484375 101
1756616785991 967.594482421875 102
1756616786280 902.1647338867188 103
1756616786575 1210.38232421875 104
1756616786867 1085.45947265625 105
1756616787171 1098.4344482421875 106
1756616787461 833.540283203125 107
1756616787764 1190.2178955078125 108
1756616788056 1168.1688232421875 109
1756616788361 976.7505493164062 110
1756616788656 1036.9896240234375 111
1756616788970 962.972412109375 112
1756616789280 1083.286865234375 113
1756616789573 1247.3577880859375 114
1756616789875 1073.9749755859375 115
1756616790170 936.5350341796875 116
1756616790477 1108.907470703125 117
1756616790764 852.7147827148438 118
1756616791062 1167.2177734375 119
1756616791358 843.275390625 120
1756616791660 1246.679931640625 121
1756616791968 1318.40283203125 122
1756616792262 994.1276245117188 123
1756616792558 1089.996337890625 124
1756616792856 996.2761840820312 125
1756616793157 1007.2591552734375 126
1756616793460 958.11279296875 127
1756616793757 910.3373413085938 128
1756616794054 876.1669921875 129
1756616794360 964.5692749023438 130
1756616794659 911.1143798828125 131
1756616794961 978.6517333984375 132
1756616795264 1161.5145263671875 133
1756616795564 995.535400390625 134
1756616795856 1029.195556640625 135
1756616796155 1252.663818359375 136
1756616796450 1089.43359375 137
1756616796748 956.2555541992188 138
1756616797046 1062.12646484375 139
1756616797347 950.8765258789062 140
1756616797636 1080.6993408203125 141
1756616797960 833.4529418945312 142
1756616798256 1007.3087158203125 143
1756616798573 1017.646728515625 144
1756616798875 1026.5089111328125 145
1756616799177 1002.423583984375 146
1756616799473 1194.6669921875 147
1756616799782 880.423828125 148
1756616800088 1063.078369140625 149
1756616800393 967.8555908203125 150
1756616800686 1177.2044677734375 151
1756616800982 949.7443237304688 152
1756616801276 1089.6494140625 153
1756616801570 1139.11767578125 154
1756616801878 934.5664672851562 155
1756616802171 1291.5299072265625 156
1756616802478 971.6541748046875 157
1756616802775 832.7939453125 158
1756616803087 1079.595458984375 159
1756616803398 886.2680053710938 160
1756616803702 1166.7515869140625 161
1756616804004 894.3928833007812 162
1756616804308 1265.191650390625 163
1756616804611 835.8294677734375 164
1756616804907 857.2444458007812 165
1756616805200 1278.3468017578125 166
1756616805493 1028.716552734375 167
1756616805792 1019.4220581054688 168
1756616806094 964.7440795898438 169
1756616806392 1140.7529296875 170
1756616806705 1012.6451416015625 171
1756616807007 1244.8270263671875 172
1756616807307 1100.4619140625 173
1756616807602 1147.8516845703125 174
1756616807911 937.65869140625 175
1756616808208 838.7138671875 176
1756616808513 919.50732421875 177
1756616808801 966.295654296875 178
1756616809091 1192.91015625 179
1756616809386 1074.6749267578125 180
1756616809678 1057.6055908203125 181
1756616809980 810.9755249023438 182
1756616810290 1082.4049072265625 183
1756616810598 915.4933471679688 184
1756616810890 1113.0643310546875 185
1756616811175 1040.06640625 186
1756616811475 1092.3961181640625 187
1756616811775 1251.0450439453125 188
1756616812073 1039.3050537109375 189
1756616812371 1051.1431884765625 190
1756616812674 996.1748657226562 191
1756616812966 1210.0411376953125 192
1756616813268 1296.244384765625 193
1756616813567 1116.1273193359375 194
1756616813857 1148.512451171875 195
1756616814148 1093.9122314453125 196
1756616814456 933.8109741210938 197
1756616814764 1370.5108642578125 198
1756616815067 1092.0042724609375 199
1756616815364 1103.23828125 200
1756616815657 1024.4434814453125 201
1756616815951 1078.65771484375 202
1756616816254 1345.4437255859375 203
1756616816552 1231.6197509765625 204
1756616816853 767.362548828125 205
1756616817144 987.5128173828125 206
1756616817439 1087.0321044921875 207
1756616817741 1049.8106689453125 208
1756616818041 939.4083251953125 209
1756616818341 1094.047607421875 210
1756616818638 924.2161254882812 211
1756616818938 1024.0054931640625 212
1756616819243 1125.143310546875 213
1756616819544 931.764892578125 214
1756616819840 915.8508911132812 215
1756616820135 1407.5853271484375 216
1756616820435 1100.540283203125 217
1756616820732 1201.26171875 218
1756616821038 1209.0263671875 219
1756616821339 1090.1893310546875 220
1756616821640 939.5062866210938 221
1756616821935 1037.06103515625 222
1756616822229 1201.729248046875 223
1756616822531 913.76806640625 224
1756616822825 866.6478881835938 225
1756616823120 810.1014404296875 226
1756616823420 1070.5308837890625 227
1756616823723 997.0009155273438 228
1756616824019 1073.077880859375 229
1756616824327 1132.14306640625 230
1756616824627 1226.06591796875 231
1756616824917 910.4371337890625 232
1756616825215 1341.7235107421875 233
1756616825513 798.6411743164062 234
1756616825805 1128.965576171875 235
1756616826104 1015.004150390625 236
1756616826396 1328.0904541015625 237
1756616826701 1009.5833740234375 238
1756616827007 921.4404907226562 239
1756616827306 1155.5228271484375 240
1756616827606 1183.9249267578125 241
1756616827903 999.6699829101562 242
1756616828194 909.9923706054688 243
1756616828491 1085.1531982421875 244
1756616828806 974.975341796875 245
1756616829103 986.535888671875 246
1756616829409 985.0977783203125 247
1756616829716 855.6000366210938 248
1756616830012 1171.6834716796875 249
1756616830313 909.3709716796875 250
1756616830614 1032.3035888671875 251
1756616830917 1009.8319702148438 252
1756616831247 1082.1490478515625 253
1756616831555 867.6484375 254
1756616831853 1188.6292724609375 255
1756616832155 1142.2855224609375 256
1756616832464 884.38330078125 257
1756616832758 941.44482421875 258
1756616833056 999.8544921875 259
1756616833360 1281.202880859375 260
1756616833654 1119.8306884765625 261
1756616833955 1157.0552978515625 262
1756616834253 1008.8944702148438 263
1756616834551 1025.5606689453125 264
1756616834858 1232.6959228515625 265
1756616835158 1224.6246337890625 266
1756616835459 965.8847045898438 267
1756616835754 1128.027099609375 268
1756616836052 1220.2042236328125 269
1756616836343 1173.5838623046875 270
1756616836645 946.504150390625 271
1756616836951 1087.3115234375 272
1756616837245 1226.9544677734375 273
1756616837545 1065.68798828125 274
1756616837854 952.7921752929688 275
1756616838152 1112.8212890625 276
1756616838450 753.7904663085938 277
1756616838756 1103.7135009765625 278
1756616839062 1205.6129150390625 279
1756616839350 976.846923828125 280
1756616839655 1144.7938232421875 281
1756616839955 1024.7288818359375 282
1756616840260 1038.14794921875 283
1756616840555 1051.5384521484375 284
1756616840858 1040.54052734375 285
1756616841153 1173.442626953125 286
1756616841438 1115.9814453125 287
1756616841733 775.2186889648438 288
1756616842034 1089.9326171875 289
1756616842332 867.9844970703125 290
1756616842631 1080.5179443359375 291
1756616842932 863.8699951171875 292
1756616843220 1075.1856689453125 293
1756616843523 1121.0408935546875 294
1756616843831 1001.90625 295
1756616844127 1180.239501953125 296
1756616844430 1083.8883056640625 297
1756616844733 869.2286987304688 298
1756616845037 833.5953369140625 299
1756616853485 2342.65966796875 0
1756616853781 1551.666748046875 1
1756616854086 1367.1422119140625 2
1756616854388 948.7621459960938 3
1756616854771 897.4306030273438 4
1756616855083 1186.554931640625 5
1756616855408 979.4807739257812 6
1756616855747 879.7994995117188 7
1756616856047 828.3855590820312 8
1756616856344 921.92431640625 9
1756616856637 820.646484375 10
1756616856941 1143.5338134765625 11
1756616857239 816.496826171875 12
1756616857548 755.6162719726562 13
1756616857872 993.7437133789062 14
1756616858199 887.9546508789062 15
1756616858494 1116.8348388671875 16
1756616858789 786.21875 17
1756616859082 1080.1593017578125 18
1756616859375 1010.4973754882812 19
1756616859675 834.8521118164062 20
1756616859975 897.5778198242188 21
1756616860273 1167.1207275390625 22
1756616860572 743.4867553710938 23
1756616860873 973.6865844726562 24
1756616861175 822.4585571289062 25
1756616861483 943.9888916015625 26
1756616861785 821.3369750976562 27
1756616862076 636.318603515625 28
1756616862377 912.7462158203125 29
1756616862688 1016.2005004882812 30
1756616862982 972.0294799804688 31
1756616863277 744.9454956054688 32
1756616863570 1011.7262573242188 33
1756616863864 854.4199829101562 34
1756616864157 917.194091796875 35
1756616864454 833.5712280273438 36
1756616864759 1131.3431396484375 37
1756616865070 887.764892578125 38
1756616865370 722.2470092773438 39
1756616865668 1115.9229736328125 40
1756616865968 1072.927001953125 41
1756616866261 799.7468872070312 42
1756616866564 927.5140991210938 43
1756616866861 989.3177490234375 44
1756616867162 956.9378662109375 45
1756616867448 953.29638671875 46
1756616867742 930.2642211914062 47
1756616868047 918.5314331054688 48
1756616868348 1161.1112060546875 49
1756616868648 824.8895874023438 50
1756616868954 772.063720703125 51
1756616869256 983.8748168945312 52
1756616869561 917.1488037109375 53
1756616869862 1069.63671875 54
1756616870158 767.1495971679688 55
1756616870463 813.2168579101562 56
1756616870761 923.7174072265625 57
1756616871059 887.9857788085938 58
1756616871369 881.2523803710938 59
1756616871664 853.1638793945312 60
1756616871956 761.167236328125 61
1756616872255 725.5243530273438 62
1756616872556 928.3154907226562 63
1756616872854 993.0650634765625 64
1756616873140 781.0446166992188 65
1756616873426 1124.8468017578125 66
1756616873723 749.386962890625 67
1756616874014 887.462890625 68
1756616874309 1303.0760498046875 69
1756616874619 848.8179321289062 70
1756616874931 1005.1633911132812 71
1756616875234 1168.37353515625 72
1756616875537 826.19091796875 73
1756616875833 1098.926025390625 74
1756616876131 841.1656494140625 75
1756616876434 807.0685424804688 76
1756616876735 996.8609008789062 77
1756616877036 948.543212890625 78
1756616877338 687.567626953125 79
1756616877639 771.7593383789062 80
1756616877942 797.610107421875 81
1756616878241 821.6328125 82
1756616878544 1063.0625 83
1756616878838 785.2069702148438 84
1756616879145 914.6669921875 85
1756616879438 822.9022216796875 86
1756616879735 935.7080078125 87
1756616880033 986.06982421875 88
1756616880328 1075.0308837890625 89
1756616880627 900.8878784179688 90
1756616880934 690.8055419921875 91
1756616881239 885.8572998046875 92
1756616881576 952.9569091796875 93
1756616881899 921.5277709960938 94
1756616882196 873.4911499023438 95
1756616882494 859.8968505859375 96
1756616882798 1058.4173583984375 97
1756616883096 1032.553955078125 98
1756616883395 1144.2330322265625 99
1756616883706 890.5015869140625 100
1756616884011 949.160888671875 101
1756616884320 917.5736083984375 102
1756616884616 925.402099609375 103
1756616884929 905.1278076171875 104
1756616885231 886.5573120117188 105
1756616885534 918.7685546875 106
1756616885837 939.6449584960938 107
1756616886130 878.2008666992188 108
1756616886431 1031.757080078125 109
1756616886730 863.9349365234375 110
1756616887030 720.75 111
1756616887331 922.493408203125 112
1756616887646 840.2710571289062 113
1756616887947 720.1393432617188 114
1756616888244 749.61962890625 115
1756616888537 794.8306884765625 116
1756616888829 793.2576904296875 117
1756616889131 1053.6646728515625 118
1756616889435 685.3466796875 119
1756616889735 833.1810913085938 120
1756616890044 1089.07470703125 121
1756616890334 847.4381713867188 122
1756616890631 982.3121337890625 123
1756616890931 910.1753540039062 124
1756616891232 978.203857421875 125
1756616891536 824.2692260742188 126
1756616891844 836.503662109375 127
1756616892130 1092.770263671875 128
1756616892436 832.2177124023438 129
1756616892741 801.4490966796875 130
1756616893037 1123.9677734375 131
1756616893334 1077.6865234375 132
1756616893623 1036.3626708984375 133
1756616893911 868.46826171875 134
1756616894214 1039.057373046875 135
1756616894514 881.837890625 136
1756616894804 990.7347412109375 137
1756616895093 813.7235717773438 138
1756616895390 1025.1376953125 139
1756616895693 816.6456298828125 140
1756616895986 965.1180419921875 141
1756616896297 831.0704345703125 142
1756616896596 928.6705322265625 143
1756616896884 953.4920043945312 144
1756616897175 890.3259887695312 145
1756616897472 1157.7969970703125 146
1756616897769 862.5390625 147
1756616898068 891.081298828125 148
1756616898371 784.20751953125 149
1756616898675 1008.8786010742188 150
1756616898976 913.1321411132812 151
1756616899281 1180.3082275390625 152
1756616899585 1034.4046630859375 153
1756616899883 850.4659423828125 154
1756616900184 956.84033203125 155
1756616900479 880.3553466796875 156
1756616900780 952.6460571289062 157
1756616901080 917.9861450195312 158
1756616901379 925.9736328125 159
1756616901673 898.6638793945312 160
1756616901974 1038.3973388671875 161
1756616902296 959.7843627929688 162
1756616902600 937.08837890625 163
1756616902899 926.0303955078125 164
1756616903189 961.5484619140625 165
1756616903481 1066.9403076171875 166
1756616903780 887.0469970703125 167
1756616904088 927.7163696289062 168
1756616904378 998.3837280273438 169
1756616904689 941.4095458984375 170
1756616904981 861.9746704101562 171
1756616905278 1091.906982421875 172
1756616905574 873.0043334960938 173
1756616905870 1068.8082275390625 174
1756616906162 1299.41259765625 175
1756616906469 745.4028930664062 176
1756616906762 929.7279663085938 177
1756616907070 975.5258178710938 178
1756616907379 981.404541015625 179
1756616907674 1034.4769287109375 180
1756616907974 861.871826171875 181
1756616908266 897.9293823242188 182
1756616908561 1017.5642700195312 183
1756616908847 958.2274169921875 184
1756616909141 1089.231201171875 185
1756616909439 1099.8018798828125 186
1756616909736 995.4827880859375 187
1756616910036 1071.0157470703125 188
1756616910330 913.0308837890625 189
1756616910620 795.587646484375 190
1756616910904 953.3048095703125 191
1756616911199 1178.0289306640625 192
1756616911495 1077.5318603515625 193
1756616911795 914.1722412109375 194
1756616912093 1067.1373291015625 195
1756616912395 825.6814575195312 196
1756616912693 659.228515625 197
1756616912987 1004.0218505859375 198
1756616913287 962.6826171875 199
1756616913586 938.5538330078125 200
1756616913884 861.9127197265625 201
1756616914175 881.048828125 202
1756616914468 875.9352416992188 203
1756616914774 1135.6787109375 204
1756616915075 1109.1502685546875 205
1756616915371 1048.416015625 206
1756616915676 1009.3680419921875 207
1756616915983 662.8019409179688 208
1756616916276 916.9796752929688 209
1756616916589 1141.0352783203125 210
1756616916891 880.181640625 211
1756616917187 737.542724609375 212
1756616917488 1085.4210205078125 213
1756616917783 741.3143920898438 214
1756616918078 897.481201171875 215
1756616918373 804.92724609375 216
1756616918676 907.112548828125 217
1756616918972 523.5171508789062 218
1756616919265 1019.7119750976562 219
1756616919562 985.3211669921875 220
1756616919852 854.983642578125 221
1756616920152 799.0133666992188 222
1756616920458 925.4453125 223
1756616920751 829.1751708984375 224
1756616921051 888.8590698242188 225
1756616921349 729.6207885742188 226
1756616921644 649.39501953125 227
1756616921948 844.0230712890625 228
1756616922249 836.9451293945312 229
1756616922548 925.556640625 230
1756616922867 1062.8740234375 231
1756616923156 890.1298217773438 232
1756616923448 1130.0648193359375 233
1756616923773 978.37841796875 234
1756616924070 811.5904541015625 235
1756616924372 1017.07763671875 236
1756616924670 734.5277709960938 237
1756616924970 1006.5377197265625 238
1756616925270 947.873046875 239
1756616925570 729.6763916015625 240
1756616925864 1056.262939453125 241
1756616926167 665.9313354492188 242
1756616926461 964.121337890625 243
1756616926761 915.969482421875 244
1756616927063 860.0631713867188 245
1756616927368 994.3298950195312 246
1756616927661 899.1712036132812 247
1756616927949 803.0299072265625 248
1756616928249 998.5557250976562 249
1756616928557 936.9204711914062 250
1756616928866 993.4411010742188 251
1756616929159 958.6112670898438 252
1756616929446 907.8126220703125 253
1756616929744 842.8699340820312 254
1756616930050 978.471923828125 255
1756616930344 831.8125 256
1756616930628 927.0647583007812 257
1756616930924 928.46533203125 258
1756616931217 876.6635131835938 259
1756616931512 980.275390625 260
1756616931820 1015.3902587890625 261
1756616932117 885.68505859375 262
1756616932418 1092.825439453125 263
1756616932721 897.5722045898438 264
1756616933030 838.4161987304688 265
1756616933327 977.9345092773438 266
1756616933616 858.1560668945312 267
1756616933903 1030.9444580078125 268
1756616934202 845.8680419921875 269
1756616934502 792.4384155273438 270
1756616934805 852.4404296875 271
1756616935102 1046.78662109375 272
1756616935398 939.5503540039062 273
1756616935702 794.9553833007812 274
1756616935997 863.095458984375 275
1756616936297 850.7966918945312 276
1756616936603 842.9373168945312 277
1756616936905 995.6402587890625 278
1756616937202 925.556640625 279
1756616937497 886.9164428710938 280
1756616937792 721.069580078125 281
1756616938095 821.7531127929688 282
1756616938390 1039.4610595703125 283
1756616938690 868.0736083984375 284
1756616938992 823.2882080078125 285
1756616939285 925.6044921875 286
1756616939588 1222.166748046875 287
1756616939909 934.9310302734375 288
1756616940211 1106.3214111328125 289
1756616940513 969.6318969726562 290
1756616940812 1133.798095703125 291
1756616941108 945.297607421875 292
1756616941405 792.2918090820312 293
1756616941708 895.6876220703125 294
1756616942006 778.5718383789062 295
1756616942311 1050.10302734375 296
1756616942619 601.0421752929688 297
1756616942925 716.7744750976562 298
1756616943225 1011.4666748046875 299
1756616951690 2505.625732421875 0
1756616952003 2033.727783203125 1
1756616952297 1124.395263671875 2
1756616952623 1308.648681640625 3
1756616952994 1170.4837646484375 4
1756616953308 1377.94384765625 5
1756616953627 1385.397216796875 6
1756616954002 1161.197021484375 7
1756616954329 1111.510498046875 8
1756616954639 1140.62109375 9
1756616954941 878.84716796875 10
1756616955236 1013.1016845703125 11
1756616955541 1228.5133056640625 12
1756616955848 990.0743408203125 13
1756616956137 1188.6680908203125 14
1756616956440 1047.743896484375 15
1756616956738 1021.6664428710938 16
1756616957034 1008.0921630859375 17
1756616957338 1122.72021484375 18
1756616957633 911.2781372070312 19
1756616957939 950.6505126953125 20
1756616958234 812.4911499023438 21
1756616958545 832.3963623046875 22
1756616958841 878.5462036132812 23
1756616959147 817.2028198242188 24
1756616959460 1004.849609375 25
1756616959770 904.124267578125 26
1756616960063 1019.7731323242188 27
1756616960361 1030.4775390625 28
1756616960652 837.6343994140625 29
1756616960965 964.9727783203125 30
1756616961266 1333.4456787109375 31
1756616961561 848.5833740234375 32
1756616961857 946.482666015625 33
1756616962151 958.3501586914062 34
1756616962444 1025.7398681640625 35
1756616962744 663.009521484375 36
1756616963050 1120.5284423828125 37
1756616963347 1110.135986328125 38
1756616963643 1042.7427978515625 39
1756616963944 889.3314208984375 40
1756616964233 932.3683471679688 41
1756616964541 999.650146484375 42
1756616964851 1063.38134765625 43
1756616965150 1018.704833984375 44
1756616965442 860.3623657226562 45
1756616965758 990.57763671875 46
1756616966061 837.3609008789062 47
1756616966367 752.3150634765625 48
1756616966667 1037.8671875 49
1756616966968 925.079833984375 50
1756616967261 1050.6153564453125 51
1756616967558 956.7383422851562 52
1756616967858 941.6460571289062 53
1756616968159 840.4978637695312 54
1756616968462 1006.8524169921875 55
1756616968756 884.758544921875 56
1756616969058 895.1228637695312 57
1756616969361 1080.9351806640625 58
1756616969663 707.214599609375 59
1756616969966 1019.3812866210938 60
1756616970256 816.2215576171875 61
1756616970558 1084.7020263671875 62
1756616970850 950.8681030273438 63
1756616971156 990.6359252929688 64
1756616971457 1135.4130859375 65
1756616971767 1034.61572265625 66
1756616972079 1148.9002685546875 67
1756616972399 779.6109619140625 68
1756616972720 827.240966796875 69
1756616973033 878.3095092773438 70
1756616973329 887.9956665039062 71
1756616973629 1210.014892578125 72
1756616973934 1008.0701904296875 73
1756616974244 974.2752075195312 74
1756616974566 874.8673095703125 75
1756616974858 722.9449462890625 76
1756616975161 874.271484375 77
1756616975460 966.4376831054688 78
1756616975754 781.4085083007812 79
1756616976061 740.6765747070312 80
1756616976355 954.0894165039062 81
1756616976644 1112.0394287109375 82
1756616976938 900.869140625 83
1756616977241 919.0025634765625 84
1756616977561 887.6031494140625 85
1756616977899 997.2435302734375 86
1756616978222 940.5352172851562 87
1756616978527 1071.8966064453125 88
1756616978829 885.0670166015625 89
1756616979136 907.1793823242188 90
1756616979438 866.6085205078125 91
1756616979743 1109.121826171875 92
1756616980048 988.1800537109375 93
1756616980346 902.0574340820312 94
1756616980634 1029.9713134765625 95
1756616980949 1082.4825439453125 96
1756616981248 971.4046630859375 97
1756616981554 929.5601196289062 98
1756616981860 954.7659912109375 99
1756616982171 843.4373168945312 100
1756616982475 904.831298828125 101
1756616982786 870.541015625 102
1756616983086 985.1641845703125 103
1756616983395 1083.898193359375 104
1756616983697 962.8493041992188 105
1756616983998 1031.716064453125 106
1756616984296 1085.0811767578125 107
1756616984597 1001.5651245117188 108
1756616984894 1035.1920166015625 109
1756616985196 958.1161499023438 110
1756616985505 969.5595092773438 111
1756616985794 814.7644653320312 112
1756616986097 999.4143676757812 113
1756616986401 1105.42333984375 114
1756616986693 1120.148193359375 115
1756616986991 913.9916381835938 116
1756616987294 1108.3773193359375 117
1756616987602 910.7001342773438 118
1756616987906 887.7369995117188 119
1756616988200 776.8644409179688 120
1756616988503 1051.28564453125 121
1756616988802 817.68408203125 122
1756616989099 933.636474609375 123
1756616989400 965.3355712890625 124
1756616989699 1153.0450439453125 125
1756616989997 1136.2333984375 126
1756616990295 929.1489868164062 127
1756616990596 765.5625 128
1756616990908 830.1614379882812 129
1756616991207 1110.6529541015625 130
1756616991508 1063.937744140625 131
1756616991808 993.8333740234375 132
1756616992111 796.8782958984375 133
1756616992411 994.2453002929688 134
1756616992711 1031.763671875 135
1756616993023 797.4593505859375 136
1756616993314 983.3857421875 137
1756616993605 1242.9669189453125 138
1756616993899 772.421142578125 139
1756616994187 757.8931884765625 140
1756616994477 1040.888916015625 141
1756616994773 861.3831176757812 142
1756616995066 1031.4874267578125 143
1756616995368 1040.2708740234375 144
1756616995665 1066.663818359375 145
1756616995970 903.6361083984375 146
1756616996272 968.3744506835938 147
1756616996569 1231.3533935546875 148
1756616996865 900.2634887695312 149
1756616997160 951.7085571289062 150
1756616997465 866.0484619140625 151
1756616997764 1064.5955810546875 152
1756616998060 1072.1268310546875 153
1756616998353 1268.2281494140625 154
1756616998649 1173.044677734375 155
1756616998954 894.5465698242188 156
1756616999255 961.0420532226562 157
1756616999542 889.3260498046875 158
1756616999852 854.282470703125 159
1756617000161 781.1402587890625 160
1756617000465 967.1161499023438 161
1756617000770 885.2423706054688 162
1756617001068 851.0470581054688 163
1756617001366 976.4611206054688 164
1756617001665 1194.142822265625 165
1756617001964 1101.672119140625 166
1756617002259 1035.108154296875 167
1756617002561 1124.5948486328125 168
1756617002856 1026.3096923828125 169
1756617003147 1060.646240234375 170
1756617003437 848.4544677734375 171
1756617003741 1247.656494140625 172
1756617004049 779.6212158203125 173
1756617004348 1040.8712158203125 174
1756617004653 1043.6448974609375 175
1756617004949 1039.44091796875 176
1756617005237 1096.4207763671875 177
1756617005531 910.8817749023438 178
1756617005826 933.6333618164062 179
1756617006112 869.2705078125 180
1756617006405 795.0760498046875 181
1756617006706 629.0262451171875 182
1756617006993 1017.4735717773438 183
1756617007292 953.0219116210938 184
1756617007591 1099.072265625 185
1756617007886 1031.7906494140625 186
1756617008185 902.97216796875 187
1756617008488 805.7543334960938 188
1756617008783 954.621826171875 189
1756617009085 1013.7925415039062 190
1756617009372 960.35595703125 191
1756617009676 965.1734008789062 192
1756617009978 1034.51416015625 193
1756617010271 907.6534423828125 194
1756617010565 900.7977294921875 195
1756617010875 882.9168090820312 196
1756617011173 868.1334838867188 197
1756617011464 1143.494384765625 198
1756617011779 883.1174926757812 199
1756617012079 859.166015625 200
1756617012390 845.4816284179688 201
1756617012711 952.69482421875 202
1756617013011 1000.9588012695312 203
1756617013300 791.9762573242188 204
1756617013610 1192.0679931640625 205
1756617013922 1005.6051635742188 206
1756617014224 781.9003295898438 207
1756617014514 776.75732421875 208
1756617014818 866.6574096679688 209
1756617015113 916.6548461914062 210
1756617015410 944.9834594726562 211
1756617015704 959.7303466796875 212
1756617016000 1083.7349853515625 213
1756617016308 821.301025390625 214
1756617016621 908.4912719726562 215
1756617016925 1013.02294921875 216
1756617017212 1015.6149291992188 217
1756617017511 1056.09521484375 218
1756617017813 940.4378662109375 219
1756617018112 1115.0802001953125 220
1756617018395 1107.025634765625 221
1756617018695 1046.3585205078125 222
1756617018989 1102.476318359375 223
1756617019286 979.3821411132812 224
1756617019596 825.48681640625 225
1756617019897 796.6265258789062 226
1756617020195 987.1611328125 227
1756617020482 976.6178588867188 228
1756617020773 1093.9200439453125 229
1756617021088 956.5471801757812 230
1756617021390 837.605224609375 231
1756617021684 1151.610107421875 232
1756617021988 1013.6814575195312 233
1756617022289 892.0208740234375 234
1756617022586 833.0928955078125 235
1756617022887 1088.520263671875 236
1756617023194 839.8153076171875 237
1756617023495 896.8796997070312 238
1756617023784 968.3804321289062 239
1756617024085 957.6680908203125 240
1756617024395 915.2548828125 241
1756617024694 703.9596557617188 242
1756617024987 959.8316040039062 243
1756617025281 1075.8990478515625 244
1756617025587 841.443603515625 245
1756617025880 1304.196533203125 246
1756617026181 1025.106689453125 247
1756617026485 1163.6202392578125 248
1756617026788 914.3793334960938 249
1756617027082 984.85498046875 250
1756617027385 976.5274658203125 251
1756617027680 913.2666625976562 252
1756617027984 1215.65625 253
1756617028279 837.7069702148438 254
1756617028575 807.0097045898438 255
1756617028877 820.7267456054688 256
1756617029164 1189.0560302734375 257
1756617029456 1105.538818359375 258
1756617029742 1078.15185546875 259
1756617030044 705.100341796875 260
1756617030330 944.8040161132812 261
1756617030627 957.7998046875 262
1756617030917 856.2694702148438 263
1756617031212 1043.395751953125 264
1756617031500 1051.15966796875 265
1756617031803 734.8391723632812 266
1756617032109 1025.6798095703125 267
1756617032410 898.6547241210938 268
1756617032704 979.0796508789062 269
1756617033004 962.1756591796875 270
1756617033295 940.6240844726562 271
1756617033590 1234.4195556640625 272
1756617033885 1036.505126953125 273
1756617034185 830.9055786132812 274
1756617034484 1061.571533203125 275
1756617034775 915.5540161132812 276
1756617035074 1030.7479248046875 277
1756617035362 821.7301635742188 278
1756617035665 1099.8740234375 279
1756617035957 1321.5123291015625 280
1756617036254 853.6097412109375 281
1756617036548 1039.1317138671875 282
1756617036848 1086.497314453125 283
1756617037149 846.4466552734375 284
1756617037436 995.0328369140625 285
1756617037732 923.1688842773438 286
1756617038033 847.4895629882812 287
1756617038332 964.5543823242188 288
1756617038633 1123.38037109375 289
1756617038922 1055.6417236328125 290
1756617039222 1280.6419677734375 291
1756617039513 1080.94140625 292
1756617039816 1037.4691162109375 293
1756617040132 940.9990844726562 294
1756617040428 894.7447509765625 295
1756617040727 1071.84033203125 296
1756617041014 1099.4371337890625 297
1756617041304 811.2593994140625 298
1756617041614 1013.361083984375 299
1756617050089 2368.73291015625 0
1756617050385 1293.3365478515625 1
1756617050687 1335.2509765625 2
1756617051002 1179.2703857421875 3
1756617051378 1083.8516845703125 4
1756617051704 972.0300903320312 5
1756617052024 932.2508544921875 6
1756617052365 752.2742919921875 7
1756617052664 951.0 8
1756617052953 776.4071655273438 9
1756617053262 925.6470947265625 10
1756617053561 850.87255859375 11
1756617053855 933.7908325195312 12
1756617054146 1023.0904541015625 13
1756617054442 1071.5931396484375 14
1756617054740 754.8788452148438 15
1756617055040 825.5447998046875 16
1756617055343 976.3553466796875 17
1756617055642 910.6402587890625 18
1756617055931 949.5284423828125 19
1756617056228 1040.0120849609375 20
1756617056533 927.7581176757812 21
1756617056822 1002.37744140625 22
1756617057126 1080.075439453125 23
1756617057419 935.3193969726562 24
1756617057712 1079.1214599609375 25
1756617058005 887.2276000976562 26
1756617058293 853.0109252929688 27
1756617058594 992.7536010742188 28
1756617058886 831.1765747070312 29
1756617059186 1000.78564453125 30
1756617059474 956.61376953125 31
1756617059776 916.2448120117188 32
1756617060071 1072.8182373046875 33
1756617060369 1079.2835693359375 34
1756617060660 879.0220947265625 35
1756617060958 1005.530029296875 36
1756617061256 717.1329345703125 37
1756617061554 985.7252197265625 38
1756617061847 696.767578125 39
1756617062158 955.9515380859375 40
1756617062457 957.2501831054688 41
1756617062757 755.8479614257812 42
1756617063060 864.2362670898438 43
1756617063348 867.4619750976562 44
1756617063640 917.4482421875 45
1756617063947 934.951904296875 46
1756617064253 850.0869750976562 47
1756617064547 1099.1834716796875 48
1756617064853 1106.041015625 49
1756617065147 832.1680297851562 50
1756617065451 890.1281127929688 51
1756617065748 1069.23583984375 52
1756617066046 912.8810424804688 53
1756617066337 1019.7626342773438 54
1756617066643 850.5533447265625 55
1756617066969 1104.726318359375 56
1756617067269 1084.2073974609375 57
1756617067563 1126.3260498046875 58
1756617067853 785.4253540039062 59
1756617068153 836.0416259765625 60
1756617068451 834.8710327148438 61
1756617068749 1082.2296142578125 62
1756617069054 832.44580078125 63
1756617069348 692.8626098632812 64
1756617069643 939.7008666992188 65
1756617069932 995.1824951171875 66
1756617070234 1269.1898193359375 67
1756617070531 834.321533203125 68
1756617070824 885.9878540039062 69
1756617071127 803.7468872070312 70
1756617071426 784.3167114257812 71
1756617071727 882.7704467773438 72
1756617072023 930.5543823242188 73
1756617072327 772.5510864257812 74
1756617072616 1002.6441040039062 75
1756617072909 1157.096435546875 76
1756617073204 843.1624755859375 77
1756617073505 792.6730346679688 78
1756617073803 815.581298828125 79
1756617074100 992.7501831054688 80
1756617074394 714.731689453125 81
1756617074686 1074.76220703125 82
1756617074978 922.884033203125 83
1756617075272 955.8527221679688 84
1756617075562 905.1165161132812 85
1756617075865 960.3673095703125 86
1756617076173 928.4651489257812 87
1756617076474 850.4943237304688 88
1756617076779 1065.341064453125 89
1756617077077 950.5538330078125 90
1756617077377 969.7685546875 91
1756617077666 1015.2680053710938 92
1756617077974 778.794921875 93
1756617078269 862.9389038085938 94
1756617078573 1248.2252197265625 95
1756617078868 883.6178588867188 96
1756617079178 806.761474609375 97
1756617079478 911.1734619140625 98
1756617079777 1082.03515625 99
1756617080068 837.0194091796875 100
1756617080366 893.7564697265625 101
1756617080663 718.3527221679688 102
1756617080974 695.0032958984375 103
1756617081273 763.23681640625 104
1756617081572 926.1357421875 105
1756617081870 917.5029907226562 106
1756617082167 753.8305053710938 107
1756617082469 988.030517578125 108
1756617082779 883.8759155273438 109
1756617083074 760.8746337890625 110
1756617083388 951.2061157226562 111
1756617083679 682.789794921875 112
1756617083982 1166.2579345703125 113
1756617084281 953.084716796875 114
1756617084582 902.3626708984375 115
1756617084885 789.8892822265625 116
1756617085180 896.8701782226562 117
1756617085491 970.9281005859375 118
1756617085788 870.9993286132812 119
1756617086092 838.4189453125 120
1756617086399 1088.1142578125 121
1756617086698 618.78125 122
1756617086990 889.395263671875 123
1756617087302 977.9522094726562 124
1756617087593 825.4055786132812 125
1756617087879 1033.4892578125 126
1756617088181 970.9035034179688 127
1756617088483 741.9002075195312 128
1756617088787 870.2529907226562 129
1756617089081 882.3588256835938 130
1756617089377 1058.693603515625 131
1756617089664 847.756591796875 132
1756617089955 804.61767578125 133
1756617090256 773.77587890625 134
1756617090561 766.1161499023438 135
1756617090856 1038.682373046875 136
1756617091158 1233.56982421875 137
1756617091463 968.7581176757812 138
1756617091768 946.1917114257812 139
1756617092061 745.6531372070312 140
1756617092358 920.4779663085938 141
1756617092660 1024.1534423828125 142
1756617092965 734.2691650390625 143
1756617093268 1091.3934326171875 144
1756617093571 924.6942749023438 145
1756617093879 772.3463134765625 146
1756617094183 856.6201782226562 147
1756617094491 968.0260009765625 148
1756617094782 822.3314208984375 149
1756617095079 786.9201049804688 150
1756617095382 997.059326171875 151
1756617095689 981.9850463867188 152
1756617095980 779.8790283203125 153
1756617096277 864.3602905273438 154
1756617096570 1047.854736328125 155
1756617096863 770.0369262695312 156
1756617097154 909.9890747070312 157
1756617097454 900.6057739257812 158
1756617097746 776.2208862304688 159
1756617098105 834.599609375 160
1756617098400 1082.7901611328125 161
1756617098697 882.4113159179688 162
1756617098998 974.4841918945312 163
1756617099300 934.3867797851562 164
1756617099609 858.7052612304688 165
1756617099924 716.3067626953125 166
1756617100224 955.3286743164062 167
1756617100542 1020.8732299804688 168
1756617100862 930.0341796875 169
1756617101169 842.8072509765625 170
1756617101463 869.6478881835938 171
1756617101765 933.8142700195312 172
1756617102059 756.7638549804688 173
1756617102353 1110.1116943359375 174
1756617102656 816.0717163085938 175
1756617102948 823.9032592773438 176
1756617103243 1185.522705078125 177
1756617103554 1026.463134765625 178
1756617103852 880.6248168945312 179
1756617104146 988.6746215820312 180
1756617104448 883.0003051757812 181
1756617104746 895.00244140625 182
1756617105051 851.4659423828125 183
1756617105345 866.0886840820312 184
1756617105639 1050.124755859375 185
1756617105932 825.4842529296875 186
1756617106230 934.3196411132812 187
1756617106539 865.3394165039062 188
1756617106839 587.6524658203125 189
1756617107142 971.0866088867188 190
1756617107436 981.0973510742188 191
1756617107734 894.9586791992188 192
1756617108033 802.2095947265625 193
1756617108346 1127.2545166015625 194
1756617108651 952.1228637695312 195
1756617108962 989.6803588867188 196
1756617109289 873.5523071289062 197
1756617109594 1048.1614990234375 198
1756617109905 898.3380737304688 199
1756617110199 855.5470581054688 200
1756617110500 724.482666015625 201
1756617110802 1010.374267578125 202
1756617111106 843.3237915039062 203
1756617111405 952.6826171875 204
1756617111706 916.6533203125 205
1756617111998 633.695556640625 206
1756617112303 827.5860595703125 207
1756617112594 814.5907592773438 208
1756617112906 1118.6868896484375 209
1756617113206 868.934326171875 210
1756617113515 929.55029296875 211
1756617113814 726.051025390625 212
1756617114116 1150.4886474609375 213
1756617114409 1012.6727294921875 214
1756617114709 923.269287109375 215
1756617115004 640.256103515625 216
1756617115302 906.1871948242188 217
1756617115606 1144.0225830078125 218
1756617115901 935.0693969726562 219
1756617116201 847.4480590820312 220
1756617116496 908.6428833007812 221
1756617116803 921.490966796875 222
1756617117109 940.6817626953125 223
1756617117404 794.072021484375 224
1756617117702 841.6383666992188 225
1756617118001 847.707275390625 226
1756617118288 867.4694213867188 227
1756617118585 817.1203002929688 228
1756617118883 985.1095581054688 229
1756617119185 774.6130981445312 230
1756617119479 844.73095703125 231
1756617119780 870.5521240234375 232
1756617120080 741.3531494140625 233
1756617120382 832.3694458007812 234
1756617120684 945.15869140625 235
1756617120991 931.43505859375 236
1756617121295 1058.3037109375 237
1756617121603 702.5426635742188 238
1756617121900 969.459716796875 239
1756617122194 968.6211547851562 240
1756617122489 1113.887939453125 241
1756617122794 611.4678955078125 242
1756617123095 903.6310424804688 243
1756617123384 1103.9732666015625 244
1756617123682 652.8658447265625 245
1756617123983 966.3106079101562 246
1756617124289 934.5265502929688 247
1756617124585 721.6538696289062 248
1756617124885 933.2920532226562 249
1756617125189 793.5769653320312 250
1756617125493 911.5848999023438 251
1756617125793 821.4217529296875 252
1756617126096 841.7335205078125 253
1756617126398 1098.29736328125 254
1756617126694 991.9159545898438 255
1756617126997 1192.5653076171875 256
1756617127293 990.24169921875 257
1756617127599 843.1029663085938 258
1756617127892 852.4747924804688 259
1756617128196 1033.224365234375 260
1756617128506 979.2928466796875 261
1756617128801 1099.2598876953125 262
1756617129104 998.9020385742188 263
1756617129407 1060.3961181640625 264
1756617129703 899.3861083984375 265
1756617130002 763.293212890625 266
1756617130297 894.8331909179688 267
1756617130596 790.4324951171875 268
1756617130906 1108.9583740234375 269
1756617131204 622.1454467773438 270
1756617131508 972.617919921875 271
1756617131816 697.36279296875 272
1756617132108 1092.6513671875 273
1756617132404 1067.0770263671875 274
1756617132693 700.9935302734375 275
1756617133002 918.729736328125 276
1756617133299 859.0120239257812 277
1756617133596 806.6795654296875 278
1756617133898 671.8504028320312 279
1756617134207 996.0231323242188 280
1756617134530 885.0222778320312 281
1756617134828 738.42529296875 282
1756617135132 830.6394653320312 283
1756617135434 743.7540893554688 284
1756617135732 698.8546752929688 285
1756617136028 1021.7767333984375 286
1756617136313 811.3917846679688 287
1756617136613 819.0751953125 288
1756617136906 852.3296508789062 289
1756617137205 869.0309448242188 290
1756617137504 794.7001953125 291
1756617137795 1133.3197021484375 292
1756617138094 1140.6280517578125 293
1756617138386 880.66357421875 294
1756617138685 844.0975952148438 295
1756617138978 828.1434326171875 296
1756617139270 840.493408203125 297
1756617139555 1039.26171875 298
1756617139844 715.1541137695312 299
1756617148074 2485.759521484375 0
1756617148148 2239.8720703125 1
1756617148220 1964.218017578125 2
1756617148292 1711.50634765625 3
1756617148365 1387.126708984375 4
1756617148437 1067.648193359375 5
1756617148509 865.1888427734375 6
1756617148581 1095.2269287109375 7
1756617148654 910.9299926757812 8
1756617148728 1006.0048828125 9
1756617148801 1080.007568359375 10
1756617148876 862.7352905273438 11
1756617148950 915.591796875 12
1756617149025 1032.5802001953125 13
1756617149101 811.6138916015625 14
1756617149198 784.1187744140625 15
1756617149331 909.919921875 16
1756617149417 970.2445678710938 17
1756617149501 927.552734375 18
1756617149576 898.275390625 19
1756617149654 890.15673828125 20
1756617149734 1025.317138671875 21
1756617149821 853.175537109375 22
1756617149903 882.4548950195312 23
1756617149983 973.334716796875 24
1756617150077 1003.4501342773438 25
1756617150171 834.39013671875 26
1756617150272 1012.9395751953125 27
1756617150351 882.7554321289062 28
1756617150433 1002.0213012695312 29
1756617150511 994.3115844726562 30
1756617150590 863.9960327148438 31
1756617150670 886.083984375 32
1756617150748 861.6041870117188 33
1756617150824 917.803466796875 34
1756617150897 946.473388671875 35
1756617150970 914.0835571289062 36
1756617151042 838.2061157226562 37
1756617151117 818.261474609375 38
1756617151188 911.1314086914062 39
1756617151260 957.3984375 40
1756617151332 1154.0634765625 41
1756617151404 1090.5291748046875 42
1756617151476 839.9432373046875 43
1756617151547 955.2752075195312 44
1756617151619 1046.5791015625 45
1756617151691 1002.4749755859375 46
1756617151762 871.7848510742188 47
1756617151835 1068.27978515625 48
1756617151907 927.4699096679688 49
1756617151978 1013.3986206054688 50
1756617152051 779.4209594726562 51
1756617152122 963.8453369140625 52
1756617152195 911.3488159179688 53
1756617152267 735.3419799804688 54
1756617152345 945.6742553710938 55
1756617152417 917.4515991210938 56
1756617152489 967.3095703125 57
1756617152560 873.8010864257812 58
1756617152634 898.141845703125 59
1756617152708 854.6783447265625 60
1756617152783 973.5416870117188 61
1756617152860 922.5036010742188 62
1756617152936 1015.7942504882812 63
1756617153009 953.78173828125 64
1756617153083 889.676025390625 65
1756617153155 912.9760131835938 66
1756617153228 990.0335083007812 67
1756617153305 887.2271118164062 68
1756617153380 1030.218994140625 69
1756617153452 1046.3253173828125 70
1756617153528 1028.9019775390625 71
1756617153602 953.4191284179688 72
1756617153678 849.0996704101562 73
1756617153753 1110.6688232421875 74
1756617153829 933.4751586914062 75
1756617153901 978.5553588867188 76
1756617153978 960.0841674804688 77
1756617154054 1003.9291381835938 78
1756617154125 895.4089965820312 79
1756617154202 844.7471923828125 80
1756617154274 913.3798828125 81
1756617154347 859.1531372070312 82
1756617154420 881.65869140625 83
1756617154492 984.0300903320312 84
1756617154563 951.3607177734375 85
1756617154634 1159.14453125 86
1756617154705 886.2603759765625 87
1756617154778 940.5038452148438 88
1756617154851 950.4426879882812 89
1756617154923 796.7977294921875 90
1756617154995 923.1290283203125 91
1756617155067 997.2522583007812 92
1756617155138 856.9244384765625 93
1756617155210 866.003173828125 94
1756617155281 959.094482421875 95
1756617155353 1010.4224243164062 96
1756617155432 948.2758178710938 97
1756617155504 907.7737426757812 98
1756617155576 1066.9278564453125 99
1756617155647 920.9092407226562 100
1756617155719 812.462646484375 101
1756617155790 863.9302368164062 102
1756617155862 886.0538330078125 103
1756617155933 931.4597778320312 104
1756617156005 922.9337158203125 105
1756617156076 1085.515869140625 106
1756617156148 1053.445556640625 107
1756617156221 981.125732421875 108
1756617156293 964.6798095703125 109
1756617156365 1068.99609375 110
1756617156436 894.8283081054688 111
1756617156507 851.2984008789062 112
1756617156578 694.7730102539062 113
1756617156649 897.8197631835938 114
1756617156721 834.05224609375 115
1756617156793 914.263916015625 116
1756617156864 768.510009765625 117
1756617156936 1007.8670654296875 118
1756617157007 850.9057006835938 119
1756617157078 1016.1503295898438 120
1756617157150 931.71923828125 121
1756617157221 888.6030883789062 122
1756617157293 950.5512084960938 123
1756617157365 765.113525390625 124
1756617157437 898.355224609375 125
1756617157508 988.5015258789062 126
1756617157579 917.3038330078125 127
1756617157652 1051.225830078125 128
1756617157733 962.5578002929688 129
1756617157804 783.2923583984375 130
1756617157875 951.802734375 131
1756617157947 872.496826171875 132
1756617158018 934.0439453125 133
1756617158090 911.20263671875 134
1756617158162 911.6563720703125 135
1756617158233 846.0633544921875 136
1756617158305 784.3809204101562 137
1756617158377 814.0465087890625 138
1756617158448 1002.547607421875 139
1756617158520 801.6400756835938 140
1756617158592 959.582275390625 141
1756617158664 931.6486206054688 142
1756617158737 984.5186157226562 143
1756617158809 917.2064208984375 144
1756617158880 1055.543701171875 145
1756617158953 848.8286743164062 146
1756617159025 997.4093627929688 147
1756617159097 892.4739990234375 148
1756617159169 961.5628662109375 149
1756617159241 849.5222778320312 150
1756617159312 977.9515380859375 151
1756617159384 878.0316162109375 152
1756617159456 1011.0987548828125 153
1756617159529 863.4385375976562 154
1756617159601 1085.47509765625 155
1756617159672 779.2151489257812 156
1756617159745 891.6314697265625 157
1756617159816 860.5576171875 158
1756617159888 844.6676635742188 159
1756617159960 1276.5750732421875 160
1756617160032 902.1756591796875 161
1756617160105 888.1060791015625 162
1756617160178 830.8861083984375 163
1756617160253 949.6483154296875 164
1756617160324 896.1715087890625 165
1756617160396 999.9725341796875 166
1756617160468 915.3975830078125 167
1756617160541 844.39404296875 168
1756617160613 902.4630126953125 169
1756617160686 926.9884033203125 170
1756617160758 971.9747924804688 171
1756617160831 1009.5093383789062 172
1756617160903 993.8323364257812 173
1756617160976 935.0932006835938 174
1756617161055 924.7703247070312 175
1756617161128 855.2678833007812 176
1756617161201 1153.906005859375 177
1756617161274 945.4962158203125 178
1756617161346 1061.18408203125 179
1756617161424 1076.0906982421875 180
1756617161502 1024.30419921875 181
1756617161574 867.597412109375 182
1756617161647 1020.31787109375 183
1756617161718 992.2470703125 184
1756617161791 955.084228515625 185
1756617161864 988.2298583984375 186
1756617161937 1016.9385375976562 187
1756617162008 797.1798095703125 188
1756617162080 919.1532592773438 189
1756617162152 935.216796875 190
1756617162224 786.6857299804688 191
1756617162298 952.005859375 192
1756617162370 937.57861328125 193
1756617162444 1063.1832275390625 194
1756617162517 951.6508178710938 195
1756617162590 918.71337890625 196
1756617162663 793.3140258789062 197
1756617162735 790.865234375 198
1756617162811 870.5087280273438 199
1756617162882 998.5015869140625 200
1756617162954 931.6156616210938 201
1756617163026 988.6864624023438 202
1756617163099 878.414794921875 203
1756617163172 859.985107421875 204
1756617163244 997.7261962890625 205
1756617163316 864.8595581054688 206
1756617163388 864.900146484375 207
1756617163460 1133.9476318359375 208
1756617163532 812.5114135742188 209
1756617163604 908.464111328125 210
1756617163676 947.8275756835938 211
1756617163748 910.9840087890625 212
1756617163820 904.4234008789062 213
1756617163892 972.9718627929688 214
1756617163964 1053.4981689453125 215
1756617164036 1052.616943359375 216
1756617164108 880.5138549804688 217
1756617164181 881.326171875 218
1756617164253 987.0546875 219
1756617164325 1045.9058837890625 220
1756617164397 944.8715209960938 221
1756617164469 961.3721923828125 222
1756617164541 901.2760009765625 223
1756617164614 978.6064453125 224
1756617164685 824.5371704101562 225
1756617164757 868.1709594726562 226
1756617164830 884.3978881835938 227
1756617164902 849.0107421875 228
1756617164975 1020.9869384765625 229
1756617165047 1005.0116577148438 230
1756617165120 1017.7876586914062 231
1756617165192 985.9804077148438 232
1756617165265 1005.5187377929688 233
1756617165337 847.1392211914062 234
1756617165409 909.2472534179688 235
1756617165481 790.9685668945312 236
1756617165553 983.4420166015625 237
1756617165625 1028.451904296875 238
1756617165698 938.0453491210938 239
1756617165770 889.77099609375 240
1756617165842 943.3502197265625 241
1756617165915 927.5213012695312 242
1756617165986 907.9734497070312 243
1756617166058 980.3992919921875 244
1756617166130 988.7521362304688 245
1756617166202 1079.58203125 246
1756617166274 781.2572631835938 247
1756617166346 958.3270874023438 248
1756617166418 864.6515502929688 249
1756617166490 813.0708618164062 250
1756617166562 1024.808349609375 251
1756617166634 1047.2945556640625 252
1756617166706 1037.36767578125 253
1756617166779 959.1824951171875 254
1756617166852 968.6982421875 255
1756617166924 903.9786987304688 256
1756617166995 1103.1844482421875 257
1756617167067 810.0074462890625 258
1756617167139 1038.958740234375 259
1756617167211 905.7877197265625 260
1756617167283 918.559326171875 261
1756617167355 925.0153198242188 262
1756617167427 972.41064453125 263
1756617167499 855.3453369140625 264
1756617167575 896.5606079101562 265
1756617167647 1086.376220703125 266
1756617167718 925.1116333007812 267
1756617167790 1069.7196044921875 268
1756617167862 1018.8965454101562 269
1756617167937 1081.4017333984375 270
1756617168009 882.5062255859375 271
1756617168081 822.8230590820312 272
1756617168153 623.5595092773438 273
1756617168225 1078.0814208984375 274
1756617168297 1035.0709228515625 275
1756617168369 868.9482421875 276
1756617168441 1007.650146484375 277
1756617168514 899.3352661132812 278
1756617168587 1022.2211303710938 279
1756617168659 843.4942626953125 280
1756617168741 913.2896118164062 281
1756617168816 878.284423828125 282
1756617168888 975.5935668945312 283
1756617168960 949.1532592773438 284
1756617169032 797.870361328125 285
1756617169104 973.6355590820312 286
1756617169177 933.7850341796875 287
1756617169251 1138.4290771484375 288
1756617169323 990.8352661132812 289
1756617169401 979.8214721679688 290
1756617169474 912.9388427734375 291
1756617169547 840.4307250976562 292
1756617169620 1010.277099609375 293
1756617169693 834.8736572265625 294
1756617169765 1013.0562744140625 295
1756617169840 740.1644287109375 296
1756617169913 912.0319213867188 297
1756617169985 857.2263793945312 298
1756617170062 1004.3272094726562 299
