1755801164976 2640.23486328125 0
1755801165004 2586.282958984375 1
1755801165029 2512.797607421875 2
1755801165080 2557.83740234375 3
1755801165162 2592.33642578125 4
1755801165214 2476.851806640625 5
1755801165244 2415.037109375 6
1755801165275 2431.2138671875 7
1755801165297 2415.357421875 8
1755801165327 2403.000732421875 9
1755801165351 2427.116943359375 10
1755801165372 2379.66357421875 11
1755801165416 2350.905517578125 12
1755801165442 2344.628173828125 13
1755801165487 2373.47412109375 14
1755801165521 2354.8466796875 15
1755801165545 2205.286865234375 16
1755801165571 2254.368408203125 17
1755801165601 2342.305419921875 18
1755801165637 2294.93896484375 19
1755801165660 2228.279541015625 20
1755801165681 2139.003662109375 21
1755801165812 2141.368408203125 22
1755801165851 2105.279541015625 23
1755801165898 2055.879150390625 24
1755801165926 2017.162109375 25
1755801165956 2121.39013671875 26
1755801165985 1998.4019775390625 27
1755801166012 2058.09912109375 28
1755801166038 2015.1455078125 29
1755801166071 1830.2010498046875 30
1755801166099 1724.1654052734375 31
1755801166124 1841.3228759765625 32
1755801166162 1834.9622802734375 33
1755801166194 1641.5303955078125 34
1755801166236 1663.389892578125 35
1755801166275 1669.3692626953125 36
1755801166310 1741.59130859375 37
1755801166340 1658.031005859375 38
1755801166366 1502.4583740234375 39
1755801166395 1575.8438720703125 40
1755801166423 1406.0523681640625 41
1755801166451 1365.253662109375 42
1755801166480 1166.85986328125 43
1755801166509 1144.6435546875 44
1755801166538 1461.4105224609375 45
1755801166571 1337.08984375 46
1755801166603 1185.7479248046875 47
1755801166628 1235.0377197265625 48
1755801166651 1035.237060546875 49
1755801166680 1115.7144775390625 50
1755801166705 1071.7169189453125 51
1755801166733 1079.2645263671875 52
1755801166756 1199.2637939453125 53
1755801166776 1037.1134033203125 54
1755801166796 1026.3255615234375 55
1755801166815 1112.5076904296875 56
1755801166841 1215.3460693359375 57
1755801166863 1140.1259765625 58
1755801166884 827.518310546875 59
1755801166915 1239.1103515625 60
1755801166940 1346.9072265625 61
1755801166967 947.5916137695312 62
1755801166995 1272.443115234375 63
1755801167026 1039.9892578125 64
1755801167054 1311.7677001953125 65
1755801167083 1062.803955078125 66
1755801167113 1250.0478515625 67
1755801167141 1286.823974609375 68
1755801167162 1169.28125 69
1755801167183 948.8823852539062 70
1755801167202 982.3403930664062 71
1755801167225 1171.9217529296875 72
1755801167247 1048.8734130859375 73
1755801167279 1062.40283203125 74
1755801167317 894.92138671875 75
1755801167366 1039.2076416015625 76
1755801167425 997.8019409179688 77
1755801167489 1172.657958984375 78
1755801167617 995.2447509765625 79
1755801167699 902.2301025390625 80
1755801167835 1020.4926147460938 81
1755801167976 849.0791015625 82
1755801168023 1255.6558837890625 83
1755801168072 1053.6951904296875 84
1755801168111 1147.6578369140625 85
1755801168135 1057.1561279296875 86
1755801168163 1269.703369140625 87
1755801168182 1186.9376220703125 88
1755801168216 817.1500244140625 89
1755801168238 939.2628784179688 90
1755801168258 1159.116943359375 91
1755801168277 846.1365356445312 92
1755801168301 1026.5484619140625 93
1755801168318 1194.111328125 94
1755801168337 848.5928344726562 95
1755801168359 909.0274047851562 96
1755801168378 876.1355590820312 97
1755801168398 1081.39892578125 98
1755801168428 1098.398193359375 99
1755801168448 1129.2515869140625 100
1755801168470 871.8567504882812 101
1755801168492 1052.2706298828125 102
1755801168512 857.3890991210938 103
1755801168531 1206.662109375 104
1755801168555 1019.5940551757812 105
1755801168578 985.2974853515625 106
1755801168604 1117.1063232421875 107
1755801168629 713.900146484375 108
1755801168653 1264.2755126953125 109
1755801168676 831.4124145507812 110
1755801168704 1097.02734375 111
1755801168727 977.6527099609375 112
1755801168757 1029.395751953125 113
1755801168782 846.368408203125 114
1755801168805 994.3314819335938 115
1755801168826 866.4244995117188 116
1755801168847 897.108642578125 117
1755801168867 1159.602294921875 118
1755801168890 947.3783569335938 119
1755801168914 1056.68603515625 120
1755801168938 775.8629760742188 121
1755801168992 1104.9791259765625 122
1755801169016 1054.760986328125 123
1755801169038 1026.134521484375 124
1755801169072 809.4459838867188 125
1755801169101 839.4721069335938 126
1755801169129 1077.7371826171875 127
1755801169155 990.9873046875 128
1755801169179 969.42919921875 129
1755801169211 1041.63134765625 130
1755801169234 943.8197021484375 131
1755801169310 966.5343017578125 132
1755801169336 939.878173828125 133
1755801169362 1083.515380859375 134
1755801169398 774.44580078125 135
1755801169449 823.625732421875 136
1755801169469 1098.125 137
1755801169498 1001.4163208007812 138
1755801169524 754.5240478515625 139
1755801169546 1357.8558349609375 140
1755801169577 1106.525390625 141
1755801169672 961.1655883789062 142
1755801169711 1195.1944580078125 143
1755801169764 689.832763671875 144
1755801169787 993.2263793945312 145
1755801169809 704.101318359375 146
1755801169835 916.4063720703125 147
1755801169856 1107.7315673828125 148
1755801169883 857.6556396484375 149
1755801169901 960.957763671875 150
1755801169925 988.030029296875 151
1755801170260 998.2564086914062 152
1755801170279 892.0107421875 153
1755801170300 994.0086059570312 154
1755801170322 1173.6959228515625 155
1755801170345 1096.1644287109375 156
1755801170372 1024.989990234375 157
1755801170401 846.4610595703125 158
1755801170422 1126.6043701171875 159
1755801170443 1016.6101684570312 160
1755801170466 1040.7720947265625 161
1755801170490 853.4143676757812 162
1755801170514 953.3739624023438 163
1755801170539 1042.1171875 164
1755801170563 769.6788330078125 165
1755801170605 1131.2862548828125 166
1755801170629 1020.6145629882812 167
1755801170650 913.5164184570312 168
1755801170668 934.267578125 169
1755801170686 888.2804565429688 170
1755801170709 933.0985107421875 171
1755801170729 990.8025512695312 172
1755801170757 766.43212890625 173
1755801170779 895.274169921875 174
1755801170800 1030.3087158203125 175
1755801170820 1073.751953125 176
1755801170839 1063.3602294921875 177
1755801170874 1078.2196044921875 178
1755801170894 919.795654296875 179
1755801170913 942.3104858398438 180
1755801170932 812.3550415039062 181
1755801170957 974.525146484375 182
1755801170983 1109.768798828125 183
1755801171015 1035.9971923828125 184
1755801171033 987.7985229492188 185
1755801171052 1053.44091796875 186
1755801171072 956.6991577148438 187
1755801171095 824.3649291992188 188
1755801171114 1157.133056640625 189
1755801171133 914.3468017578125 190
1755801171151 917.8964233398438 191
1755801171179 763.7576904296875 192
1755801171205 858.59375 193
1755801171226 1305.015625 194
1755801171248 1094.34326171875 195
1755801171270 933.009521484375 196
1755801171298 944.900146484375 197
1755801171320 1114.5626220703125 198
1755801171340 832.9732666015625 199
1755801171363 793.8353881835938 200
1755801171402 1018.60205078125 201
1755801171420 1053.2779541015625 202
1755801171444 819.6766967773438 203
1755801171464 842.2175903320312 204
1755801171484 1059.2984619140625 205
1755801171506 1022.8125 206
1755801171530 926.441162109375 207
1755801171554 1285.83056640625 208
1755801171578 1135.868408203125 209
1755801171606 1125.252685546875 210
1755801171642 956.0830078125 211
1755801171666 754.5577392578125 212
1755801171692 918.650390625 213
1755801171715 804.0952758789062 214
1755801171740 1196.0355224609375 215
1755801171773 1075.087890625 216
1755801171880 1127.98291015625 217
1755801171904 1179.4957275390625 218
1755801171923 1005.6306762695312 219
1755801171942 1189.2294921875 220
1755801171962 1082.83642578125 221
1755801171990 1023.748779296875 222
1755801172011 956.2735595703125 223
1755801172033 898.5827026367188 224
1755801172065 968.868896484375 225
1755801172100 624.6762084960938 226
1755801172127 816.5654296875 227
1755801172156 1087.93359375 228
1755801172180 1014.6631469726562 229
1755801172244 788.112548828125 230
1755801172350 803.6293334960938 231
1755801172465 790.2296142578125 232
1755801172489 1112.568603515625 233
1755801172540 835.38623046875 234
1755801172565 964.3757934570312 235
1755801172590 1067.1566162109375 236
1755801172614 790.8987426757812 237
1755801172639 882.2532348632812 238
1755801172662 865.5557861328125 239
1755801172684 1122.351806640625 240
1755801172708 1192.7288818359375 241
1755801172728 925.6380615234375 242
1755801172747 964.8563232421875 243
1755801172767 893.5048828125 244
1755801172790 1079.4710693359375 245
1755801172819 861.952392578125 246
1755801172905 1089.716064453125 247
1755801172937 979.0392456054688 248
1755801172978 1017.7254638671875 249
1755801173008 1148.811279296875 250
1755801173029 939.0971069335938 251
1755801173049 1102.5584716796875 252
1755801173068 871.7969970703125 253
1755801173088 876.385986328125 254
1755801173109 958.456787109375 255
1755801173138 1012.5482177734375 256
1755801173159 994.1556396484375 257
1755801173179 782.3460693359375 258
1755801173203 822.38427734375 259
1755801173226 1022.1967163085938 260
1755801173250 932.691162109375 261
1755801173270 959.167236328125 262
1755801173310 1158.8380126953125 263
1755801173340 927.9647827148438 264
1755801173363 968.9202270507812 265
1755801173387 901.2029418945312 266
1755801173410 844.8396606445312 267
1755801173437 666.4486694335938 268
1755801173459 1049.15234375 269
1755801173484 961.933349609375 270
1755801173506 1090.370361328125 271
1755801173530 1052.0546875 272
1755801173551 899.6729736328125 273
1755801173576 808.6661987304688 274
1755801173606 917.2303466796875 275
1755801173628 1013.9367065429688 276
1755801173654 780.9056396484375 277
1755801173678 1135.64208984375 278
1755801173702 987.666015625 279
1755801173724 1083.602294921875 280
1755801173746 880.5219116210938 281
1755801173768 1030.068603515625 282
1755801173790 929.0770874023438 283
1755801173815 509.93475341796875 284
1755801173841 1357.58642578125 285
1755801173870 1137.88134765625 286
1755801173903 1170.883544921875 287
1755801173926 1178.1761474609375 288
1755801173950 975.5049438476562 289
1755801173969 1054.1085205078125 290
1755801173989 924.6185302734375 291
1755801174018 1230.2672119140625 292
1755801174038 1097.4100341796875 293
1755801174063 1063.5030517578125 294
1755801174080 996.4302978515625 295
1755801174098 754.0001220703125 296
1755801174117 954.4148559570312 297
1755801174139 907.6497802734375 298
1755801174161 1144.5440673828125 299
1755801193153 2476.9423828125 0
1755801193187 2496.90576171875 1
1755801193220 2410.682373046875 2
1755801193252 2430.598388671875 3
1755801193294 2352.11572265625 4
1755801193321 2341.034912109375 5
1755801193351 2345.99072265625 6
1755801193396 2332.533447265625 7
1755801193443 2310.22998046875 8
1755801193506 2284.059326171875 9
1755801193538 2438.6767578125 10
1755801193569 2217.45849609375 11
1755801193599 2229.30419921875 12
1755801193621 2158.0751953125 13
1755801193649 2243.548095703125 14
1755801193677 2209.082275390625 15
1755801193703 2165.84423828125 16
1755801193732 2057.567626953125 17
1755801193757 2169.466796875 18
1755801193783 2080.009033203125 19
1755801193817 2032.350341796875 20
1755801193844 2025.3809814453125 21
1755801193874 1962.875244140625 22
1755801193904 2119.535888671875 23
1755801193931 2019.4583740234375 24
1755801193959 1942.3121337890625 25
1755801193985 1921.96435546875 26
1755801194013 1923.73681640625 27
1755801194046 1813.4056396484375 28
1755801194077 1811.2994384765625 29
1755801194102 1684.2283935546875 30
1755801194130 1819.8685302734375 31
1755801194156 1649.9610595703125 32
1755801194182 1640.6341552734375 33
1755801194209 1559.104248046875 34
1755801194236 1622.6177978515625 35
1755801194262 1721.7421875 36
1755801194289 1569.0030517578125 37
1755801194314 1339.1309814453125 38
1755801194339 1381.6337890625 39
1755801194367 1387.3980712890625 40
1755801194395 1452.86767578125 41
1755801194418 1286.8677978515625 42
1755801194440 1344.678466796875 43
1755801194474 1147.7637939453125 44
1755801194497 1343.169921875 45
1755801194520 997.520751953125 46
1755801194547 1135.23046875 47
1755801194574 929.0610961914062 48
1755801194597 955.248779296875 49
1755801194623 1297.2203369140625 50
1755801194654 1056.5601806640625 51
1755801194680 865.1309814453125 52
1755801194718 1327.6484375 53
1755801194753 1094.6002197265625 54
1755801194819 931.0879516601562 55
1755801194934 1016.3524780273438 56
1755801194982 915.40625 57
1755801195015 1070.1451416015625 58
1755801195044 1033.9967041015625 59
1755801195109 1080.592529296875 60
1755801195142 1123.4691162109375 61
1755801195176 957.3640747070312 62
1755801195229 953.1632690429688 63
1755801195264 958.5068969726562 64
1755801195293 1019.5836181640625 65
1755801195322 1241.810302734375 66
1755801195354 853.314208984375 67
1755801195384 759.115234375 68
1755801195427 1211.70947265625 69
1755801195465 819.2916259765625 70
1755801195503 852.2346801757812 71
1755801195533 972.1112060546875 72
1755801195566 990.0184326171875 73
1755801195598 990.2578125 74
1755801195635 1102.303466796875 75
1755801195673 925.857177734375 76
1755801195701 758.337158203125 77
1755801195728 1119.8687744140625 78
1755801195757 1078.7479248046875 79
1755801195789 941.030029296875 80
1755801195815 974.0288696289062 81
1755801195847 815.4083251953125 82
1755801195870 671.3579711914062 83
1755801195896 921.0250244140625 84
1755801195923 730.4664916992188 85
1755801195949 1040.0966796875 86
1755801195975 855.0319213867188 87
1755801195998 1037.6580810546875 88
1755801196053 825.4647216796875 89
1755801196122 1004.0961303710938 90
1755801196184 1060.0439453125 91
1755801196211 1012.3748779296875 92
1755801196238 773.6321411132812 93
1755801196264 846.75732421875 94
1755801196295 812.1302490234375 95
1755801196322 855.7662353515625 96
1755801196352 939.4017333984375 97
1755801196383 1112.7275390625 98
1755801196421 735.5953369140625 99
1755801196450 948.8217163085938 100
1755801196479 827.068115234375 101
1755801196541 866.9515991210938 102
1755801196572 770.497802734375 103
1755801196613 960.46142578125 104
1755801196640 1250.0924072265625 105
1755801196665 1048.3463134765625 106
1755801196706 781.8278198242188 107
1755801196737 946.2794189453125 108
1755801196776 996.110595703125 109
1755801196802 869.358154296875 110
1755801196829 896.0609130859375 111
1755801196854 1087.1217041015625 112
1755801196896 934.58544921875 113
1755801196920 1044.3970947265625 114
1755801196985 918.8651733398438 115
1755801197015 1024.6103515625 116
1755801197040 856.442626953125 117
1755801197070 806.2411499023438 118
1755801197099 880.2689208984375 119
1755801197131 861.45703125 120
1755801197159 1064.6380615234375 121
1755801197185 804.0397338867188 122
1755801197211 823.1723022460938 123
1755801197237 1026.451171875 124
1755801197264 876.8307495117188 125
1755801197291 1078.4456787109375 126
1755801197317 941.1069946289062 127
1755801197346 949.2276611328125 128
1755801197376 1229.3245849609375 129
1755801197404 1003.9130859375 130
1755801197430 1022.4259033203125 131
1755801197457 1241.3658447265625 132
1755801197486 804.7208251953125 133
1755801197513 1234.2916259765625 134
1755801197543 701.568115234375 135
1755801197572 1285.8309326171875 136
1755801197601 1195.515869140625 137
1755801197632 844.009033203125 138
1755801197667 999.8334350585938 139
1755801197699 972.342529296875 140
1755801197728 1105.22509765625 141
1755801197754 899.5257568359375 142
1755801197782 879.681884765625 143
1755801197815 942.2685546875 144
1755801197850 986.5985717773438 145
1755801197893 988.5448608398438 146
1755801197922 944.3140258789062 147
1755801197952 1012.6430053710938 148
1755801197979 919.5696411132812 149
1755801198008 881.4554443359375 150
1755801198037 1104.24609375 151
1755801198064 796.6940307617188 152
1755801198090 975.2220458984375 153
1755801198113 953.9913940429688 154
1755801198149 880.4842529296875 155
1755801198177 1015.6771850585938 156
1755801198204 1261.1727294921875 157
1755801198229 973.1870727539062 158
1755801198258 1183.5013427734375 159
1755801198284 904.3927001953125 160
1755801198310 1195.043212890625 161
1755801198338 935.7373046875 162
1755801198366 976.1694946289062 163
1755801198402 918.1109619140625 164
1755801198429 1078.22705078125 165
1755801198454 760.7428588867188 166
1755801198499 1058.706787109375 167
1755801198525 652.8876342773438 168
1755801198555 808.3427734375 169
1755801198585 1037.6549072265625 170
1755801198614 951.654052734375 171
1755801198643 823.9847412109375 172
1755801198671 1008.6401977539062 173
1755801198702 809.9387817382812 174
1755801198730 805.04541015625 175
1755801198756 855.71875 176
1755801198777 862.5474853515625 177
1755801198802 1287.8892822265625 178
1755801198836 1122.558837890625 179
1755801198865 968.0819091796875 180
1755801198902 761.5693359375 181
1755801198932 631.8096923828125 182
1755801198957 915.385498046875 183
1755801198987 1006.4588623046875 184
1755801199011 803.2420654296875 185
1755801199033 892.7437133789062 186
1755801199057 889.0394897460938 187
1755801199079 734.387939453125 188
1755801199111 964.2596435546875 189
1755801199139 1235.8958740234375 190
1755801199160 873.0014038085938 191
1755801199186 1005.4825439453125 192
1755801199213 1173.666259765625 193
1755801199238 974.4668579101562 194
1755801199269 1004.3079833984375 195
1755801199298 758.3751831054688 196
1755801199325 933.7818603515625 197
1755801199354 1091.1336669921875 198
1755801199384 980.311279296875 199
1755801199413 1044.3995361328125 200
1755801199444 840.8681030273438 201
1755801199475 1202.31884765625 202
1755801199573 940.3491821289062 203
1755801199596 717.6538696289062 204
1755801199636 964.6201782226562 205
1755801199669 859.7918701171875 206
1755801199700 1071.6357421875 207
1755801199729 841.11669921875 208
1755801199774 1197.1680908203125 209
1755801199812 802.35400390625 210
1755801199840 944.786865234375 211
1755801199864 860.283447265625 212
1755801199901 790.864501953125 213
1755801199931 910.4993896484375 214
1755801199962 1062.25439453125 215
1755801199997 964.3707885742188 216
1755801200048 874.4098510742188 217
1755801200087 1046.2655029296875 218
1755801200126 958.3609008789062 219
1755801200154 983.5946655273438 220
1755801200182 1082.578369140625 221
1755801200210 888.0071411132812 222
1755801200235 922.6201782226562 223
1755801200260 848.099365234375 224
1755801200290 1076.3096923828125 225
1755801200319 975.1806640625 226
1755801200346 921.1396484375 227
1755801200374 881.188720703125 228
1755801200425 683.2225341796875 229
1755801200456 1044.474365234375 230
1755801200485 963.2747192382812 231
1755801200549 1060.0445556640625 232
1755801200581 1120.988525390625 233
1755801200608 757.0859375 234
1755801200646 889.6909790039062 235
1755801200670 796.9382934570312 236
1755801200698 656.0032348632812 237
1755801200732 773.3646240234375 238
1755801200762 887.5985717773438 239
1755801200791 923.986083984375 240
1755801200816 1185.495361328125 241
1755801200840 967.0911254882812 242
1755801200866 982.6170043945312 243
1755801200898 745.5059814453125 244
1755801200930 934.2366943359375 245
1755801200958 690.9632568359375 246
1755801200980 761.6657104492188 247
1755801201003 989.622314453125 248
1755801201029 908.78857421875 249
1755801201060 1026.24072265625 250
1755801201090 771.8187255859375 251
1755801201118 761.1455078125 252
1755801201151 1001.4248657226562 253
1755801201184 886.6881103515625 254
1755801201215 901.1395263671875 255
1755801201247 1264.2259521484375 256
1755801201277 790.9791870117188 257
1755801201313 819.1061401367188 258
1755801201349 831.0570068359375 259
1755801201381 900.2034301757812 260
1755801201411 1043.209716796875 261
1755801201438 894.8234252929688 262
1755801201466 1074.132080078125 263
1755801201495 837.2258911132812 264
1755801201524 900.4440307617188 265
1755801201554 1025.096923828125 266
1755801201589 889.8751831054688 267
1755801201627 920.915771484375 268
1755801201659 1030.341796875 269
1755801201694 1116.3818359375 270
1755801201728 992.9047241210938 271
1755801201762 1061.7413330078125 272
1755801201784 1171.0885009765625 273
1755801201809 837.4456176757812 274
1755801201838 955.3189086914062 275
1755801201863 926.14892578125 276
1755801201896 1011.0661010742188 277
1755801201922 1063.51953125 278
1755801201950 880.2426147460938 279
1755801201976 1126.702880859375 280
1755801202004 854.1103515625 281
1755801202032 1188.03173828125 282
1755801202063 803.6055297851562 283
1755801202089 841.2736206054688 284
1755801202123 890.2445068359375 285
1755801202153 1064.2882080078125 286
1755801202186 1025.38623046875 287
1755801202223 764.2066040039062 288
1755801202253 1198.8507080078125 289
1755801202275 1016.8577880859375 290
1755801202298 1022.46484375 291
1755801202323 837.375732421875 292
1755801202353 1005.1547241210938 293
1755801202386 870.9412841796875 294
1755801202421 809.0453491210938 295
1755801202454 1118.927490234375 296
1755801202483 897.5365600585938 297
1755801202511 1027.5740966796875 298
1755801202539 1058.3807373046875 299
1755801215712 2561.55712890625 0
1755801215750 2490.768798828125 1
1755801215779 2576.24267578125 2
1755801215820 2633.0888671875 3
1755801215848 2447.604736328125 4
1755801215883 2457.482421875 5
1755801215926 2507.022705078125 6
1755801215957 2497.21337890625 7
1755801215994 2463.59619140625 8
1755801216029 2451.186279296875 9
1755801216061 2445.142333984375 10
1755801216095 2465.88232421875 11
1755801216131 2515.125 12
1755801216163 2388.162841796875 13
1755801216206 2277.91650390625 14
1755801216307 2300.382080078125 15
1755801216343 2240.060546875 16
1755801216375 2257.2158203125 17
1755801216410 2308.55419921875 18
1755801216454 2260.719970703125 19
1755801216484 2224.726318359375 20
1755801216523 2220.9287109375 21
1755801216560 2143.066162109375 22
1755801216592 2112.540283203125 23
1755801216622 2096.028076171875 24
1755801216649 2144.79541015625 25
1755801216675 2015.7833251953125 26
1755801216698 1948.9261474609375 27
1755801216725 1944.5052490234375 28
1755801216756 1870.09619140625 29
1755801216778 1940.2276611328125 30
1755801216805 1819.4708251953125 31
1755801216830 1891.3204345703125 32
1755801216856 1651.2794189453125 33
1755801216902 1595.5675048828125 34
1755801216931 1644.2520751953125 35
1755801216975 1537.9373779296875 36
1755801217008 1586.7635498046875 37
1755801217044 1528.19677734375 38
1755801217107 1494.4896240234375 39
1755801217141 1465.995361328125 40
1755801217166 1366.55224609375 41
1755801217201 1392.8555908203125 42
1755801217227 1328.3564453125 43
1755801217263 1198.3731689453125 44
1755801217291 1131.5777587890625 45
1755801217334 1425.9053955078125 46
1755801217371 1088.68701171875 47
1755801217400 1106.7969970703125 48
1755801217429 1168.1085205078125 49
1755801217467 995.6091918945312 50
1755801217490 1074.2586669921875 51
1755801217517 988.9583740234375 52
1755801217541 1116.8939208984375 53
1755801217564 855.2483520507812 54
1755801217593 1092.570556640625 55
1755801217625 649.9200439453125 56
1755801217660 1075.918212890625 57
1755801217709 1239.972412109375 58
1755801217735 995.89013671875 59
1755801217764 940.16455078125 60
1755801217791 976.727783203125 61
1755801217821 963.2664184570312 62
1755801217859 1157.13232421875 63
1755801217937 651.7601318359375 64
1755801217966 880.0838012695312 65
1755801218000 966.959228515625 66
1755801218027 1055.2696533203125 67
1755801218060 741.9694213867188 68
1755801218087 942.3333740234375 69
1755801218113 720.5975952148438 70
1755801218230 824.5617065429688 71
1755801218336 868.8411865234375 72
1755801218374 878.2141723632812 73
1755801218415 914.78857421875 74
1755801218445 1124.8880615234375 75
1755801218472 962.6420288085938 76
1755801218504 930.0873413085938 77
1755801218539 977.387451171875 78
1755801218570 1066.903076171875 79
1755801218601 1002.066162109375 80
1755801218633 1358.9039306640625 81
1755801218663 795.544921875 82
1755801218692 905.6796875 83
1755801218722 861.07568359375 84
1755801218751 889.5440063476562 85
1755801218784 1052.4619140625 86
1755801218838 854.4325561523438 87
1755801218903 1092.2166748046875 88
1755801218934 969.9019775390625 89
1755801218988 980.3114624023438 90
1755801219017 960.7953491210938 91
1755801219057 935.1116333007812 92
1755801219084 1242.5660400390625 93
1755801219111 1169.302001953125 94
1755801219137 840.8246459960938 95
1755801219164 1008.102294921875 96
1755801219197 859.3357543945312 97
1755801219235 947.7844848632812 98
1755801219282 1209.929443359375 99
1755801219370 1057.2647705078125 100
1755801219395 1171.642822265625 101
1755801219472 1008.8267211914062 102
1755801219529 823.4280395507812 103
1755801219581 833.9413452148438 104
1755801219607 1124.24560546875 105
1755801219639 1243.305908203125 106
1755801219665 706.6098022460938 107
1755801219690 918.5361938476562 108
1755801219714 957.350341796875 109
1755801219738 1060.14794921875 110
1755801219766 1015.3814086914062 111
1755801219793 744.6071166992188 112
1755801219820 1097.6522216796875 113
1755801219848 1081.5841064453125 114
1755801219877 1041.3214111328125 115
1755801219906 939.6036987304688 116
1755801219932 1044.343505859375 117
1755801219960 1252.47119140625 118
1755801219986 1091.918212890625 119
1755801220011 1045.50927734375 120
1755801220035 1077.81396484375 121
1755801220066 1098.369140625 122
1755801220096 728.0499877929688 123
1755801220121 1109.3349609375 124
1755801220162 744.4466552734375 125
1755801220188 973.9773559570312 126
1755801220275 1073.3670654296875 127
1755801220305 999.0935668945312 128
1755801220334 1090.8692626953125 129
1755801220361 903.9913940429688 130
1755801220406 906.2579345703125 131
1755801220442 952.2584228515625 132
1755801220478 1007.1174926757812 133
1755801220513 1094.3231201171875 134
1755801220545 954.0662841796875 135
1755801220577 1178.342041015625 136
1755801220616 1059.3746337890625 137
1755801220647 919.59423828125 138
1755801220676 900.1924438476562 139
1755801220703 1095.094970703125 140
1755801220730 696.03515625 141
1755801220757 1121.301513671875 142
1755801220783 1052.9420166015625 143
1755801220810 1116.87158203125 144
1755801220835 1031.6307373046875 145
1755801220862 956.2875366210938 146
1755801220907 1151.285888671875 147
1755801220943 1048.313232421875 148
1755801220971 889.080078125 149
1755801221004 1223.12109375 150
1755801221052 1128.712646484375 151
1755801221081 1005.9544677734375 152
1755801221158 916.5418090820312 153
1755801221199 1065.4119873046875 154
1755801221234 914.3798828125 155
1755801221285 1123.7802734375 156
1755801221324 986.803466796875 157
1755801221373 945.33349609375 158
1755801221403 771.4971313476562 159
1755801221431 977.1552124023438 160
1755801221460 1132.3428955078125 161
1755801221488 944.8153686523438 162
1755801221512 981.7552490234375 163
1755801221545 1121.133056640625 164
1755801221570 815.6575927734375 165
1755801221592 1127.985107421875 166
1755801221622 935.3230590820312 167
1755801221649 704.5950927734375 168
1755801221697 916.9755249023438 169
1755801221724 704.4362182617188 170
1755801221773 913.4913940429688 171
1755801221885 1058.1068115234375 172
1755801221918 926.672607421875 173
1755801221948 872.278076171875 174
1755801221998 758.4645385742188 175
1755801222074 1003.1231689453125 176
1755801222127 1059.484375 177
1755801222228 966.5352783203125 178
1755801222274 740.4364013671875 179
1755801222316 852.1542358398438 180
1755801222361 869.65087890625 181
1755801222400 1120.9119873046875 182
1755801222428 1070.7823486328125 183
1755801222455 1020.7239990234375 184
1755801222484 890.6542358398438 185
1755801222589 1240.4517822265625 186
1755801222687 1088.7957763671875 187
1755801222806 798.8496704101562 188
1755801222830 1164.872802734375 189
1755801222947 1024.0267333984375 190
1755801222987 902.8275146484375 191
1755801223014 1011.4797973632812 192
1755801223050 1093.478759765625 193
1755801223083 954.0174560546875 194
1755801223121 793.1067504882812 195
1755801223153 837.80810546875 196
1755801223184 930.5185546875 197
1755801223221 868.3445434570312 198
1755801223261 891.9419555664062 199
1755801223300 1005.7664184570312 200
1755801223329 967.9174194335938 201
1755801223360 1126.577880859375 202
1755801223387 1339.11669921875 203
1755801223425 788.7630615234375 204
1755801223464 1175.1239013671875 205
1755801223500 1011.7435913085938 206
1755801223537 967.7098388671875 207
1755801223567 1079.181396484375 208
1755801223596 899.0470581054688 209
1755801223625 1012.2101440429688 210
1755801223651 1053.562744140625 211
1755801223675 865.655517578125 212
1755801223698 803.2950439453125 213
1755801223726 957.2423095703125 214
1755801223750 1001.6571655273438 215
1755801223775 917.6871948242188 216
1755801223804 846.1221313476562 217
1755801223836 937.888671875 218
1755801223864 1027.9901123046875 219
1755801223894 767.6126098632812 220
1755801223921 902.7514038085938 221
1755801223948 827.2362060546875 222
1755801223981 976.519287109375 223
1755801224016 1070.3839111328125 224
1755801224045 1108.3355712890625 225
1755801224074 1056.642333984375 226
1755801224102 913.4451904296875 227
1755801224135 918.4581909179688 228
1755801224168 661.1510009765625 229
1755801224192 922.8162841796875 230
1755801224219 941.1386108398438 231
1755801224242 1013.1404418945312 232
1755801224270 1080.9423828125 233
1755801224301 947.637451171875 234
1755801224329 1010.6366577148438 235
1755801224360 848.18115234375 236
1755801224399 1175.6099853515625 237
1755801224436 1264.056640625 238
1755801224470 935.162109375 239
1755801224494 1176.6656494140625 240
1755801224521 957.32275390625 241
1755801224552 843.140869140625 242
1755801224583 795.11279296875 243
1755801224628 994.3094482421875 244
1755801224667 966.302734375 245
1755801224703 899.259521484375 246
1755801224729 991.1195068359375 247
1755801224768 971.569091796875 248
1755801224793 944.3665771484375 249
1755801224824 903.0508422851562 250
1755801224855 911.9207763671875 251
1755801224882 959.9937133789062 252
1755801224907 1136.0179443359375 253
1755801224929 1192.0841064453125 254
1755801224956 1093.0830078125 255
1755801224991 1273.789794921875 256
1755801225023 1102.7889404296875 257
1755801225050 987.939208984375 258
1755801225073 911.1926879882812 259
1755801225098 1097.0538330078125 260
1755801225123 899.50537109375 261
1755801225159 1230.4859619140625 262
1755801225187 994.3057861328125 263
1755801225228 1011.3776245117188 264
1755801225256 1126.612060546875 265
1755801225289 891.7094116210938 266
1755801225400 757.5641479492188 267
1755801225462 1031.4033203125 268
1755801225489 987.524169921875 269
1755801225513 1028.0208740234375 270
1755801225545 1134.2052001953125 271
1755801225581 1154.97265625 272
1755801225610 892.5810546875 273
1755801225640 886.3694458007812 274
1755801225671 1046.4727783203125 275
1755801225697 1129.6383056640625 276
1755801225730 903.5247802734375 277
1755801225777 856.5641479492188 278
1755801225897 883.569580078125 279
1755801225940 895.4247436523438 280
1755801225971 1066.3128662109375 281
1755801226001 750.3135986328125 282
1755801226031 1114.4678955078125 283
1755801226060 989.2639770507812 284
1755801226090 984.905029296875 285
1755801226118 850.9217529296875 286
1755801226152 779.6198120117188 287
1755801226184 872.0453491210938 288
1755801226214 1405.10546875 289
1755801226249 749.7886352539062 290
1755801226278 1054.3924560546875 291
1755801226315 945.4609375 292
1755801226344 1208.990234375 293
1755801226382 1315.0833740234375 294
1755801226420 880.4322509765625 295
1755801226457 860.7057495117188 296
1755801226492 1107.18896484375 297
1755801226530 974.4454345703125 298
1755801226559 1121.0826416015625 299
1755801244754 2471.60546875 0
1755801244783 2472.652587890625 1
1755801244818 2428.9990234375 2
1755801244847 2426.56640625 3
1755801244883 2442.5263671875 4
1755801244915 2430.85546875 5
1755801244944 2380.44482421875 6
1755801244970 2363.627197265625 7
1755801245011 2363.22900390625 8
1755801245039 2340.736328125 9
1755801245069 2354.66796875 10
1755801245105 2283.76171875 11
1755801245137 2275.88671875 12
1755801245167 2236.84912109375 13
1755801245197 2243.46484375 14
1755801245251 2220.34423828125 15
1755801245295 2157.28564453125 16
1755801245323 2220.092041015625 17
1755801245357 2193.487548828125 18
1755801245397 2215.439453125 19
1755801245438 2103.377685546875 20
1755801245470 2147.87451171875 21
1755801245499 2091.70263671875 22
1755801245533 2072.045654296875 23
1755801245566 2024.1746826171875 24
1755801245605 2121.64794921875 25
1755801245637 2046.761474609375 26
1755801245667 1898.645263671875 27
1755801245697 1970.02001953125 28
1755801245747 1888.31005859375 29
1755801245773 1871.7640380859375 30
1755801245804 1887.93408203125 31
1755801245840 1702.7977294921875 32
1755801245867 1602.2803955078125 33
1755801245897 1669.3753662109375 34
1755801245922 1567.370361328125 35
1755801245948 1576.412841796875 36
1755801245975 1734.5806884765625 37
1755801246005 1642.7318115234375 38
1755801246046 1418.026611328125 39
1755801246076 1488.995849609375 40
1755801246104 1481.8359375 41
1755801246135 1512.0704345703125 42
1755801246163 1426.2288818359375 43
1755801246189 1206.5416259765625 44
1755801246215 1276.378662109375 45
1755801246242 1097.9930419921875 46
1755801246267 1206.9002685546875 47
1755801246299 1187.305908203125 48
1755801246334 1221.166259765625 49
1755801246365 1126.50439453125 50
1755801246398 1142.158935546875 51
1755801246429 1139.980712890625 52
1755801246468 1046.00244140625 53
1755801246499 969.9384765625 54
1755801246532 1102.9002685546875 55
1755801246560 1015.8807983398438 56
1755801246592 958.322021484375 57
1755801246630 1274.7496337890625 58
1755801246682 1010.72607421875 59
1755801246717 985.3123168945312 60
1755801246748 1079.9715576171875 61
1755801246771 1057.6905517578125 62
1755801246801 990.9545288085938 63
1755801246834 810.18408203125 64
1755801246862 802.3994140625 65
1755801246891 903.5176391601562 66
1755801246931 939.8468627929688 67
1755801246969 824.5327758789062 68
1755801247008 928.3447265625 69
1755801247036 834.856689453125 70
1755801247107 1000.4990844726562 71
1755801247183 1132.474365234375 72
1755801247242 897.8861083984375 73
1755801247272 723.9962158203125 74
1755801247299 1017.4970703125 75
1755801247331 1072.75634765625 76
1755801247366 911.1765747070312 77
1755801247401 901.564697265625 78
1755801247435 861.2854614257812 79
1755801247474 1003.9718627929688 80
1755801247507 1019.5974731445312 81
1755801247534 959.463134765625 82
1755801247564 938.4133911132812 83
1755801247596 947.4867553710938 84
1755801247624 765.6812133789062 85
1755801247655 684.9384155273438 86
1755801247681 832.932373046875 87
1755801247712 881.5704956054688 88
1755801247747 1128.255615234375 89
1755801247780 817.1558227539062 90
1755801247819 1155.060302734375 91
1755801247851 878.7770385742188 92
1755801247880 1093.1019287109375 93
1755801247908 1245.3819580078125 94
1755801247939 1055.3402099609375 95
1755801247967 802.7105102539062 96
1755801248031 898.0418701171875 97
1755801248058 937.541748046875 98
1755801248089 1189.0704345703125 99
1755801248120 1012.8070678710938 100
1755801248152 1088.101806640625 101
1755801248182 1093.2064208984375 102
1755801248217 865.084716796875 103
1755801248256 953.5991821289062 104
1755801248311 936.439697265625 105
1755801248334 1294.975341796875 106
1755801248358 772.6998901367188 107
1755801248383 728.7328491210938 108
1755801248414 768.157958984375 109
1755801248438 1016.7604370117188 110
1755801248469 969.8326416015625 111
1755801248496 896.1459350585938 112
1755801248520 1139.36279296875 113
1755801248557 769.5662841796875 114
1755801248582 1161.513427734375 115
1755801248604 753.4178466796875 116
1755801248632 1125.6275634765625 117
1755801248668 778.6735229492188 118
1755801248704 1124.865478515625 119
1755801248730 938.37158203125 120
1755801248759 961.0442504882812 121
1755801248786 812.5390625 122
1755801248813 1142.5035400390625 123
1755801248840 800.1401977539062 124
1755801248865 951.9158935546875 125
1755801248895 886.9103393554688 126
1755801248920 862.9142456054688 127
1755801248947 841.8782958984375 128
1755801248976 889.3056640625 129
1755801249003 1094.3721923828125 130
1755801249029 845.0806274414062 131
1755801249065 1180.552734375 132
1755801249089 681.0974731445312 133
1755801249119 835.2738647460938 134
1755801249151 848.8154296875 135
1755801249180 1068.6044921875 136
1755801249216 884.8909301757812 137
1755801249250 1201.7576904296875 138
1755801249277 1090.720703125 139
1755801249303 929.2369995117188 140
1755801249332 803.0794067382812 141
1755801249355 779.9468994140625 142
1755801249383 1116.1993408203125 143
1755801249417 870.810302734375 144
1755801249449 996.333740234375 145
1755801249478 870.6728515625 146
1755801249505 971.3182983398438 147
1755801249537 839.7564697265625 148
1755801249572 955.1959838867188 149
1755801249599 1137.387939453125 150
1755801249630 1129.2919921875 151
1755801249658 1145.695068359375 152
1755801249694 940.5833129882812 153
1755801249729 1082.709716796875 154
1755801249773 579.8447875976562 155
1755801249806 854.4974975585938 156
1755801249832 740.0875244140625 157
1755801249864 1167.1422119140625 158
1755801249892 861.5283203125 159
1755801249922 863.1220703125 160
1755801249948 966.2413940429688 161
1755801249981 1108.3221435546875 162
1755801250010 793.157470703125 163
1755801250038 1016.6670532226562 164
1755801250070 1073.480224609375 165
1755801250095 680.725341796875 166
1755801250129 865.3524780273438 167
1755801250157 757.2715454101562 168
1755801250183 1057.23095703125 169
1755801250211 1236.3487548828125 170
1755801250237 1041.0269775390625 171
1755801250273 930.5272216796875 172
1755801250300 1112.15966796875 173
1755801250329 961.6326293945312 174
1755801250358 728.3533325195312 175
1755801250392 1123.5303955078125 176
1755801250422 775.4033813476562 177
1755801250449 831.05126953125 178
1755801250476 997.8245239257812 179
1755801250511 946.47265625 180
1755801250541 857.87109375 181
1755801250647 711.8059692382812 182
1755801250703 768.9340209960938 183
1755801250728 1052.730712890625 184
1755801250752 1018.2731323242188 185
1755801250782 1013.6060791015625 186
1755801250808 1036.0548095703125 187
1755801250830 1098.206787109375 188
1755801250864 934.71435546875 189
1755801250903 828.4906616210938 190
1755801250937 966.7390747070312 191
1755801250972 1140.5621337890625 192
1755801250999 1150.6146240234375 193
1755801251027 910.3937377929688 194
1755801251049 943.266845703125 195
1755801251074 1184.5096435546875 196
1755801251101 902.2575073242188 197
1755801251134 1079.9835205078125 198
1755801251160 1024.2896728515625 199
1755801251189 1171.628662109375 200
1755801251216 905.0448608398438 201
1755801251241 818.3287963867188 202
1755801251268 1109.8687744140625 203
1755801251293 1187.9635009765625 204
1755801251318 1107.5985107421875 205
1755801251343 725.9769287109375 206
1755801251370 1213.867431640625 207
1755801251404 914.6011352539062 208
1755801251430 1112.632568359375 209
1755801251462 611.8331298828125 210
1755801251487 984.4525146484375 211
1755801251512 719.1945190429688 212
1755801251539 793.862060546875 213
1755801251568 884.5714111328125 214
1755801251600 931.5254516601562 215
1755801251694 760.2703247070312 216
1755801251726 1079.2803955078125 217
1755801251769 875.2772216796875 218
1755801251799 952.4412231445312 219
1755801251829 1042.9913330078125 220
1755801251854 920.075439453125 221
1755801251883 961.1137084960938 222
1755801251911 890.0164184570312 223
1755801251938 1048.3651123046875 224
1755801251972 912.7189331054688 225
1755801252001 1049.1876220703125 226
1755801252031 935.3908081054688 227
1755801252058 1029.74072265625 228
1755801252085 920.4556274414062 229
1755801252110 960.19140625 230
1755801252138 752.5115966796875 231
1755801252165 753.206787109375 232
1755801252191 896.5327758789062 233
1755801252217 937.0181274414062 234
1755801252245 812.3009643554688 235
1755801252291 951.8742065429688 236
1755801252314 814.6156005859375 237
1755801252337 943.7852783203125 238
1755801252360 1222.3974609375 239
1755801252385 920.8642578125 240
1755801252412 782.519775390625 241
1755801252439 980.3426513671875 242
1755801252466 962.0359497070312 243
1755801252500 784.9559326171875 244
1755801252531 875.7852783203125 245
1755801252562 1079.8515625 246
1755801252591 789.8652954101562 247
1755801252624 1033.1219482421875 248
1755801252657 906.05908203125 249
1755801252683 1003.803466796875 250
1755801252707 846.1262817382812 251
1755801252732 904.3861083984375 252
1755801252758 904.0464477539062 253
1755801252784 611.2105102539062 254
1755801252809 855.8994140625 255
1755801252845 1109.030517578125 256
1755801252873 764.8995361328125 257
1755801252899 786.837158203125 258
1755801252927 916.243896484375 259
1755801252956 894.2993774414062 260
1755801252984 773.4179077148438 261
1755801253009 1202.6219482421875 262
1755801253033 858.6568603515625 263
1755801253056 950.4081420898438 264
1755801253086 957.9923706054688 265
1755801253112 971.5279541015625 266
1755801253145 837.1678466796875 267
1755801253176 1083.503173828125 268
1755801253201 840.5762939453125 269
1755801253229 698.1041870117188 270
1755801253256 949.1368408203125 271
1755801253292 884.0482788085938 272
1755801253327 806.3743286132812 273
1755801253358 1088.5189208984375 274
1755801253401 1181.798583984375 275
1755801253428 1068.792236328125 276
1755801253452 776.4088745117188 277
1755801253484 1032.77685546875 278
1755801253513 922.2801513671875 279
1755801253540 1101.2880859375 280
1755801253570 913.3545532226562 281
1755801253597 1308.58935546875 282
1755801253632 768.3276977539062 283
1755801253664 705.2784423828125 284
1755801253702 1188.73779296875 285
1755801253735 758.4257202148438 286
1755801253762 1106.0235595703125 287
1755801253789 953.068115234375 288
1755801253878 1010.0643310546875 289
1755801253921 690.4462280273438 290
1755801253965 709.8651123046875 291
1755801253994 1174.251953125 292
1755801254018 1027.8280029296875 293
1755801254046 1006.3502807617188 294
1755801254073 981.7196655273438 295
1755801254097 905.1058959960938 296
1755801254124 918.1792602539062 297
1755801254154 1044.087158203125 298
1755801254178 990.4016723632812 299
1755801268280 2573.113037109375 0
1755801268310 2545.017333984375 1
1755801268345 2509.885498046875 2
1755801268380 2570.102783203125 3
1755801268433 2526.52880859375 4
1755801268464 2552.416748046875 5
1755801268503 2509.755859375 6
1755801268536 2432.9853515625 7
1755801268565 2548.44775390625 8
1755801268595 2477.361572265625 9
1755801268629 2451.323974609375 10
1755801268659 2526.029296875 11
1755801268689 2420.849609375 12
1755801268724 2438.37841796875 13
1755801268753 2371.394775390625 14
1755801268803 2355.803466796875 15
1755801268834 2530.120849609375 16
1755801268865 2418.0498046875 17
1755801268906 2420.093994140625 18
1755801268955 2300.585205078125 19
1755801269003 2330.301513671875 20
1755801269060 2331.11279296875 21
1755801269182 2247.208251953125 22
1755801269261 2245.7294921875 23
1755801269293 2190.025146484375 24
1755801269321 2324.927978515625 25
1755801269351 2140.63671875 26
1755801269384 2169.680908203125 27
1755801269416 2205.570068359375 28
1755801269447 2046.3084716796875 29
1755801269476 2112.20166015625 30
1755801269507 1917.0867919921875 31
1755801269532 2046.729248046875 32
1755801269567 1918.821044921875 33
1755801269602 1821.0413818359375 34
1755801269639 1780.95654296875 35
1755801269675 1668.8182373046875 36
1755801269709 1661.645263671875 37
1755801269737 1536.518310546875 38
1755801269784 1744.0933837890625 39
1755801269824 1497.59912109375 40
1755801269856 1401.678955078125 41
1755801269893 1379.812744140625 42
1755801269928 1339.309814453125 43
1755801269953 1074.027587890625 44
1755801269984 1296.7371826171875 45
1755801270016 1108.9542236328125 46
1755801270046 1192.7589111328125 47
1755801270072 1028.1976318359375 48
1755801270103 1055.1961669921875 49
1755801270133 1197.4029541015625 50
1755801270176 1002.4011840820312 51
1755801270223 1005.1389770507812 52
1755801270261 863.6133422851562 53
1755801270291 935.3276977539062 54
1755801270319 830.8391723632812 55
1755801270347 1117.043701171875 56
1755801270379 851.3751220703125 57
1755801270415 964.2792358398438 58
1755801270445 1086.2767333984375 59
1755801270497 953.7288208007812 60
1755801270561 943.3668823242188 61
1755801270649 783.793212890625 62
1755801270718 1040.0552978515625 63
1755801270854 1162.406982421875 64
1755801270888 1031.2257080078125 65
1755801270943 986.413330078125 66
1755801270996 910.0645141601562 67
1755801271023 668.0214233398438 68
1755801271054 986.1404418945312 69
1755801271079 731.8758544921875 70
1755801271106 912.521484375 71
1755801271132 703.8048095703125 72
1755801271159 880.2636108398438 73
1755801271190 928.7344970703125 74
1755801271219 796.4950561523438 75
1755801271247 942.984375 76
1755801271274 700.383544921875 77
1755801271305 1030.5546875 78
1755801271330 1104.010986328125 79
1755801271365 779.869140625 80
1755801271394 985.61181640625 81
1755801271437 634.07861328125 82
1755801271466 821.2153930664062 83
1755801271495 819.3087158203125 84
1755801271523 805.923828125 85
1755801271551 644.0625610351562 86
1755801271578 791.0464477539062 87
1755801271607 1135.3487548828125 88
1755801271636 878.6277465820312 89
1755801271680 998.860595703125 90
1755801271711 1083.005126953125 91
1755801271740 928.4954223632812 92
1755801271769 869.293701171875 93
1755801271803 831.8380737304688 94
1755801271834 891.5372314453125 95
1755801271864 1035.48095703125 96
1755801271902 859.5969848632812 97
1755801271931 1048.4083251953125 98
1755801271958 867.3867797851562 99
1755801271987 1125.720703125 100
1755801272014 959.5726318359375 101
1755801272038 966.7869262695312 102
1755801272072 609.4068603515625 103
1755801272097 508.81488037109375 104
1755801272131 800.588134765625 105
1755801272157 660.6767578125 106
1755801272188 983.3555908203125 107
1755801272212 1136.2760009765625 108
1755801272238 861.277099609375 109
1755801272264 823.7864990234375 110
1755801272288 868.868408203125 111
1755801272311 755.0255126953125 112
1755801272339 685.484619140625 113
1755801272375 846.6693115234375 114
1755801272414 1032.12060546875 115
1755801272444 839.1997680664062 116
1755801272471 1024.697265625 117
1755801272499 601.2372436523438 118
1755801272530 808.8424682617188 119
1755801272557 960.5693969726562 120
1755801272593 902.0838012695312 121
1755801272622 811.0468139648438 122
1755801272651 1080.5853271484375 123
1755801272677 834.5122680664062 124
1755801272702 1075.5340576171875 125
1755801272726 973.5082397460938 126
1755801272749 1005.6714477539062 127
1755801272791 910.3323974609375 128
1755801272814 880.1260986328125 129
1755801272836 1002.4183959960938 130
1755801272860 1119.0897216796875 131
1755801272886 832.6910400390625 132
1755801272918 985.1926879882812 133
1755801272950 696.8640747070312 134
1755801272973 1002.025146484375 135
1755801272999 894.5675659179688 136
1755801273023 978.9915771484375 137
1755801273048 1030.9466552734375 138
1755801273073 1050.3446044921875 139
1755801273096 1023.0851440429688 140
1755801273131 807.9087524414062 141
1755801273175 678.9334716796875 142
1755801273202 771.9130249023438 143
1755801273228 964.38232421875 144
1755801273254 1033.8099365234375 145
1755801273287 805.1653442382812 146
1755801273317 1168.9266357421875 147
1755801273347 791.6094970703125 148
1755801273373 708.9349975585938 149
1755801273404 807.4929809570312 150
1755801273429 945.2747802734375 151
1755801273453 882.1160888671875 152
1755801273479 903.6597290039062 153
1755801273505 649.647705078125 154
1755801273531 783.2935791015625 155
1755801273558 1028.600341796875 156
1755801273589 1189.362060546875 157
1755801273618 894.212890625 158
1755801273650 968.7081909179688 159
1755801273679 956.370361328125 160
1755801273710 1180.352783203125 161
1755801273735 955.9475708007812 162
1755801273765 877.6124267578125 163
1755801273792 817.6129150390625 164
1755801273821 725.5455322265625 165
1755801273851 916.8123779296875 166
1755801273879 761.584716796875 167
1755801273906 965.0448608398438 168
1755801273930 828.8075561523438 169
1755801273962 722.2291259765625 170
1755801273991 957.0986328125 171
1755801274020 1040.489501953125 172
1755801274050 776.995849609375 173
1755801274114 796.7711791992188 174
1755801274150 764.1095581054688 175
1755801274250 868.1810913085938 176
1755801274314 852.2286987304688 177
1755801274338 855.4478759765625 178
1755801274361 781.9180297851562 179
1755801274390 819.1428833007812 180
1755801274417 981.0278930664062 181
1755801274445 853.003662109375 182
1755801274469 842.662109375 183
1755801274497 1043.9364013671875 184
1755801274522 1090.83935546875 185
1755801274550 959.3538818359375 186
1755801274581 1094.3470458984375 187
1755801274617 1172.11328125 188
1755801274644 878.9600219726562 189
1755801274671 978.2529296875 190
1755801274707 927.2714233398438 191
1755801274736 792.498046875 192
1755801274766 851.5953979492188 193
1755801274795 1041.2904052734375 194
1755801274824 819.2614135742188 195
1755801274855 1045.0802001953125 196
1755801274893 815.752685546875 197
1755801274923 926.5297241210938 198
1755801274952 856.5610961914062 199
1755801274981 763.7244873046875 200
1755801275006 901.48193359375 201
1755801275036 414.2706298828125 202
1755801275067 1021.4389038085938 203
1755801275095 878.7155151367188 204
1755801275124 1033.446044921875 205
1755801275154 748.3413696289062 206
1755801275184 986.1870727539062 207
1755801275217 844.6047973632812 208
1755801275249 772.4580688476562 209
1755801275283 899.4052124023438 210
1755801275322 855.2311401367188 211
1755801275351 890.5392456054688 212
1755801275383 1071.502685546875 213
1755801275413 890.2874145507812 214
1755801275448 942.3829956054688 215
1755801275479 1120.0068359375 216
1755801275506 941.7943115234375 217
1755801275533 1002.2977905273438 218
1755801275560 734.9860229492188 219
1755801275590 923.3367309570312 220
1755801275616 748.907470703125 221
1755801275651 963.7766723632812 222
1755801275681 756.7455444335938 223
1755801275718 785.5845947265625 224
1755801275746 850.6287841796875 225
1755801275778 855.384521484375 226
1755801275806 799.3505249023438 227
1755801275832 898.3870849609375 228
1755801275862 937.8766479492188 229
1755801275895 953.2383422851562 230
1755801275933 812.5945434570312 231
1755801275968 1022.275390625 232
1755801276001 1013.1648559570312 233
1755801276028 925.998779296875 234
1755801276056 1040.0164794921875 235
1755801276082 921.8563232421875 236
1755801276119 1102.4803466796875 237
1755801276148 1157.3785400390625 238
1755801276176 709.4805908203125 239
1755801276201 956.2664184570312 240
1755801276226 953.1073608398438 241
1755801276252 1037.398681640625 242
1755801276304 923.0831909179688 243
1755801276332 765.5635375976562 244
1755801276361 1004.2841186523438 245
1755801276392 861.9359741210938 246
1755801276421 1000.9771728515625 247
1755801276449 903.3020629882812 248
1755801276477 833.897216796875 249
1755801276506 962.4767456054688 250
1755801276533 798.640625 251
1755801276562 1241.916259765625 252
1755801276599 749.2763061523438 253
1755801276636 832.9876098632812 254
1755801276675 910.6292724609375 255
1755801276708 1106.064453125 256
1755801276732 887.0513305664062 257
1755801276758 630.9391479492188 258
1755801276791 964.8500366210938 259
1755801276818 669.96044921875 260
1755801276846 807.6436767578125 261
1755801276880 927.5039672851562 262
1755801276908 806.3468627929688 263
1755801276935 851.7131958007812 264
1755801276966 845.2594604492188 265
1755801276995 1065.568359375 266
1755801277021 946.110107421875 267
1755801277055 852.8563232421875 268
1755801277094 877.1444091796875 269
1755801277124 881.4697875976562 270
1755801277164 836.3541259765625 271
1755801277193 795.6796875 272
1755801277221 900.117919921875 273
1755801277251 954.9932250976562 274
1755801277307 884.9149780273438 275
1755801277344 1041.443115234375 276
1755801277372 934.5995483398438 277
1755801277403 1132.2802734375 278
1755801277435 951.1234741210938 279
1755801277465 869.3983154296875 280
1755801277493 1277.501953125 281
1755801277536 883.9964599609375 282
1755801277570 857.6875 283
1755801277606 698.08447265625 284
1755801277641 1007.2789916992188 285
1755801277677 1076.3380126953125 286
1755801277784 1058.046630859375 287
1755801277818 981.0059814453125 288
1755801277868 1143.917236328125 289
1755801277898 1157.0086669921875 290
1755801277928 850.2464599609375 291
1755801277957 915.2445068359375 292
1755801277987 1050.407958984375 293
1755801278031 866.2391357421875 294
1755801278055 989.9036865234375 295
1755801278081 1011.418701171875 296
1755801278200 913.4612426757812 297
1755801278254 822.7389526367188 298
1755801278288 712.4005737304688 299
1755801289395 2453.691162109375 0
1755801289433 2496.977783203125 1
1755801289466 2443.0419921875 2
1755801289494 2432.646728515625 3
1755801289540 2376.503173828125 4
1755801289585 2418.732666015625 5
1755801289617 2359.4638671875 6
1755801289654 2383.5400390625 7
1755801289776 2332.049560546875 8
1755801289811 2389.342529296875 9
1755801289849 2395.615966796875 10
1755801289889 2276.60595703125 11
1755801289927 2268.690185546875 12
1755801289958 2249.2734375 13
1755801289998 2257.18505859375 14
1755801290034 2226.283935546875 15
1755801290067 2262.908935546875 16
1755801290094 2162.530029296875 17
1755801290124 2198.591796875 18
1755801290158 2125.435546875 19
1755801290188 2193.81005859375 20
1755801290213 2135.22314453125 21
1755801290238 2061.954833984375 22
1755801290281 2024.8958740234375 23
1755801290365 2029.4517822265625 24
1755801290392 2033.8609619140625 25
1755801290442 2022.585693359375 26
1755801290465 1893.6375732421875 27
1755801290496 1864.6033935546875 28
1755801290524 1716.9593505859375 29
1755801290551 1822.2315673828125 30
1755801290579 1758.6446533203125 31
1755801290606 1756.8502197265625 32
1755801290634 1726.6966552734375 33
1755801290661 1647.4627685546875 34
1755801290695 1614.6915283203125 35
1755801290725 1508.47412109375 36
1755801290756 1559.3397216796875 37
1755801290780 1494.5076904296875 38
1755801290806 1318.968017578125 39
1755801290833 1321.709716796875 40
1755801290863 1454.6849365234375 41
1755801290897 1295.2239990234375 42
1755801290923 1002.9580078125 43
1755801290950 1267.2459716796875 44
1755801290983 919.9120483398438 45
1755801291010 1011.6536254882812 46
1755801291038 939.1856079101562 47
1755801291073 923.017822265625 48
1755801291108 1108.927978515625 49
1755801291140 950.9156494140625 50
1755801291236 926.1162719726562 51
1755801291267 1112.8780517578125 52
1755801291323 1052.452392578125 53
1755801291356 1056.7440185546875 54
1755801291399 742.5758056640625 55
1755801291427 735.5174560546875 56
1755801291456 819.6547241210938 57
1755801291488 754.5852661132812 58
1755801291521 1023.0623779296875 59
1755801291548 857.7025146484375 60
1755801291574 805.01220703125 61
1755801291625 741.8416748046875 62
1755801291675 1011.0360717773438 63
1755801291704 901.8427734375 64
1755801291735 802.4661254882812 65
1755801291803 971.0819091796875 66
1755801291863 719.8720703125 67
1755801291974 857.8831176757812 68
1755801292082 818.4141845703125 69
1755801292112 957.0900268554688 70
1755801292144 1173.61962890625 71
1755801292176 987.1629638671875 72
1755801292219 763.9102783203125 73
1755801292258 936.9535522460938 74
1755801292287 992.9898071289062 75
1755801292323 963.2950439453125 76
1755801292353 706.026123046875 77
1755801292395 952.2188720703125 78
1755801292423 975.184814453125 79
1755801292453 741.8143310546875 80
1755801292480 868.4715576171875 81
1755801292506 626.0325317382812 82
1755801292539 837.6876831054688 83
1755801292572 781.4002685546875 84
1755801292598 1159.1767578125 85
1755801292623 798.4889526367188 86
1755801292654 1039.7991943359375 87
1755801292683 858.25341796875 88
1755801292712 777.7158813476562 89
1755801292744 949.6113891601562 90
1755801292779 891.8596801757812 91
1755801292810 1051.8734130859375 92
1755801292836 637.3390502929688 93
1755801292863 802.9326171875 94
1755801292894 850.2957763671875 95
1755801292921 949.4598388671875 96
1755801292949 867.8635864257812 97
1755801292980 744.6565551757812 98
1755801293009 986.4788818359375 99
1755801293045 967.4182739257812 100
1755801293103 802.1323852539062 101
1755801293131 904.8062744140625 102
1755801293156 937.5588989257812 103
1755801293193 861.44140625 104
1755801293228 1001.7944946289062 105
1755801293267 830.9464111328125 106
1755801293319 909.790283203125 107
1755801293362 797.2113647460938 108
1755801293392 759.6201782226562 109
1755801293421 898.9725341796875 110
1755801293467 857.5162353515625 111
1755801293495 796.4334106445312 112
1755801293523 981.9837646484375 113
1755801293556 1034.67138671875 114
1755801293582 769.1173706054688 115
1755801293609 955.1421508789062 116
1755801293638 817.6492309570312 117
1755801293669 1158.0396728515625 118
1755801293727 955.251220703125 119
1755801293753 943.5250244140625 120
1755801293785 811.73486328125 121
1755801293816 1144.437255859375 122
1755801293845 742.6328125 123
1755801293868 1083.7943115234375 124
1755801293900 864.6359252929688 125
1755801293930 794.8660278320312 126
1755801293960 746.6657104492188 127
1755801293984 928.8834838867188 128
1755801294009 842.48486328125 129
1755801294034 862.3540649414062 130
1755801294061 656.1249389648438 131
1755801294093 723.1974487304688 132
1755801294130 971.3781127929688 133
1755801294161 792.5042724609375 134
1755801294193 914.6177978515625 135
1755801294220 975.73876953125 136
1755801294252 863.2764282226562 137
1755801294279 835.0331420898438 138
1755801294306 780.2645263671875 139
1755801294338 919.2765502929688 140
1755801294364 871.6192016601562 141
1755801294396 1070.0380859375 142
1755801294418 1107.5152587890625 143
1755801294443 561.7955932617188 144
1755801294471 1007.2473754882812 145
1755801294500 1048.882568359375 146
1755801294575 757.6163330078125 147
1755801294633 1239.082763671875 148
1755801294683 1077.0052490234375 149
1755801294710 795.6697998046875 150
1755801294738 919.7239379882812 151
1755801294769 725.998046875 152
1755801294803 680.1044311523438 153
1755801294828 837.2367553710938 154
1755801294852 791.1451416015625 155
1755801294881 635.7013549804688 156
1755801294915 878.6532592773438 157
1755801294944 861.0824584960938 158
1755801294974 877.1444091796875 159
1755801295002 832.9603271484375 160
1755801295031 964.318115234375 161
1755801295060 1034.4700927734375 162
1755801295087 834.4210815429688 163
1755801295112 880.3232421875 164
1755801295144 704.3544921875 165
1755801295171 1230.99169921875 166
1755801295201 766.518310546875 167
1755801295230 942.0997314453125 168
1755801295260 893.3508911132812 169
1755801295299 850.7265625 170
1755801295328 910.8190307617188 171
1755801295354 969.6954956054688 172
1755801295383 737.8163452148438 173
1755801295423 618.9046020507812 174
1755801295452 775.3626708984375 175
1755801295481 872.822021484375 176
1755801295510 837.5075073242188 177
1755801295538 1201.277587890625 178
1755801295566 836.4226684570312 179
1755801295594 1053.8228759765625 180
1755801295623 880.5398559570312 181
1755801295655 902.6954956054688 182
1755801295679 854.1492309570312 183
1755801295702 721.278076171875 184
1755801295733 1082.54345703125 185
1755801295761 794.783203125 186
1755801295796 933.6321411132812 187
1755801295821 801.9000854492188 188
1755801295845 1009.0537109375 189
1755801295872 857.7554931640625 190
1755801295902 1037.505859375 191
1755801295934 938.7374877929688 192
1755801295971 947.6962890625 193
1755801296004 779.63720703125 194
1755801296029 1128.0330810546875 195
1755801296054 947.7225341796875 196
1755801296078 1162.3465576171875 197
1755801296105 884.3243408203125 198
1755801296146 689.5534057617188 199
1755801296181 950.0254516601562 200
1755801296211 663.087646484375 201
1755801296239 1200.0555419921875 202
1755801296268 1041.0804443359375 203
1755801296301 560.6463623046875 204
1755801296325 804.3636474609375 205
1755801296348 907.3570556640625 206
1755801296373 976.9188842773438 207
1755801296406 609.831298828125 208
1755801296436 1009.6500244140625 209
1755801296464 1011.8095703125 210
1755801296489 957.7310791015625 211
1755801296523 624.9658203125 212
1755801296554 1235.304443359375 213
1755801296582 853.9126586914062 214
1755801296608 780.841552734375 215
1755801296637 839.783203125 216
1755801296665 903.1199951171875 217
1755801296694 777.24365234375 218
1755801296720 1035.6588134765625 219
1755801296749 929.0796508789062 220
1755801296780 912.7518310546875 221
1755801296818 822.8629760742188 222
1755801296857 863.1573486328125 223
1755801296898 801.04931640625 224
1755801296927 784.677490234375 225
1755801296969 644.6890869140625 226
1755801296996 779.9151000976562 227
1755801297023 794.0645751953125 228
1755801297058 845.53564453125 229
1755801297100 962.3592529296875 230
1755801297134 940.3221435546875 231
1755801297158 895.880615234375 232
1755801297190 832.5383911132812 233
1755801297213 865.4428100585938 234
1755801297236 851.7327880859375 235
1755801297272 869.6633911132812 236
1755801297312 1065.9205322265625 237
1755801297344 574.8471069335938 238
1755801297377 898.3139038085938 239
1755801297408 607.1095581054688 240
1755801297441 730.4883422851562 241
1755801297480 630.12548828125 242
1755801297510 966.7827758789062 243
1755801297538 932.8363647460938 244
1755801297564 580.3703002929688 245
1755801297592 1027.4886474609375 246
1755801297622 703.7413940429688 247
1755801297650 1013.9779663085938 248
1755801297678 547.0095825195312 249
1755801297707 824.5720825195312 250
1755801297736 743.8648071289062 251
1755801297766 827.3501586914062 252
1755801297802 916.4332885742188 253
1755801297831 905.06640625 254
1755801297863 755.5203857421875 255
1755801297895 1086.8641357421875 256
1755801297924 908.1477661132812 257
1755801298013 853.8314208984375 258
1755801298088 432.05023193359375 259
1755801298128 808.903076171875 260
1755801298156 684.0634155273438 261
1755801298182 926.7848510742188 262
1755801298209 920.1677856445312 263
1755801298237 804.6876831054688 264
1755801298267 887.4298706054688 265
1755801298300 912.4728393554688 266
1755801298329 935.3378295898438 267
1755801298366 724.3959350585938 268
1755801298464 738.5431518554688 269
1755801298509 935.5216064453125 270
1755801298535 735.626953125 271
1755801298562 779.325927734375 272
1755801298588 716.6943359375 273
1755801298613 840.2266845703125 274
1755801298640 921.9385986328125 275
1755801298669 892.9600219726562 276
1755801298703 959.3896484375 277
1755801298739 974.587646484375 278
1755801298775 820.5999145507812 279
1755801298808 677.4759521484375 280
1755801298835 817.1199340820312 281
1755801298863 995.02783203125 282
1755801298894 775.2553100585938 283
1755801298927 923.5303344726562 284
1755801298956 970.8045043945312 285
1755801298983 1016.6915283203125 286
1755801299009 842.2069091796875 287
1755801299035 688.0501708984375 288
1755801299060 828.8024291992188 289
1755801299092 907.3487548828125 290
1755801299124 979.33154296875 291
1755801299159 683.8023681640625 292
1755801299191 869.2188720703125 293
1755801299221 979.9453125 294
1755801299248 799.6832275390625 295
1755801299275 685.7957763671875 296
1755801299302 1019.06591796875 297
1755801299330 773.5068359375 298
1755801299355 952.9895629882812 299
1755801314548 2616.751708984375 0
1755801314579 2589.6376953125 1
1755801314607 2561.392822265625 2
1755801314639 2539.334716796875 3
1755801314667 2520.091796875 4
1755801314695 2563.41650390625 5
1755801314720 2525.39306640625 6
1755801314745 2423.49169921875 7
1755801314773 2469.66357421875 8
1755801314803 2382.107421875 9
1755801314832 2375.76708984375 10
1755801314857 2366.914306640625 11
1755801314897 2358.815673828125 12
1755801314924 2260.037841796875 13
1755801314958 2282.692138671875 14
1755801314999 2189.944091796875 15
1755801315024 2245.654296875 16
1755801315053 2290.898193359375 17
1755801315079 2067.229736328125 18
1755801315104 2176.19921875 19
1755801315134 2232.347900390625 20
1755801315170 2091.576416015625 21
1755801315205 2074.390380859375 22
1755801315232 2050.7470703125 23
1755801315256 2032.0032958984375 24
1755801315281 1976.18408203125 25
1755801315305 1980.7037353515625 26
1755801315332 1818.0048828125 27
1755801315363 1775.48681640625 28
1755801315394 1651.4993896484375 29
1755801315424 1780.76318359375 30
1755801315451 1718.2755126953125 31
1755801315477 1506.617919921875 32
1755801315510 1584.3326416015625 33
1755801315540 1588.78271484375 34
1755801315569 1540.8922119140625 35
1755801315600 1459.56396484375 36
1755801315631 1405.4215087890625 37
1755801315659 1567.56884765625 38
1755801315686 1216.193359375 39
1755801315713 1095.78271484375 40
1755801315742 1299.81396484375 41
1755801315773 1215.7762451171875 42
1755801315797 1236.198486328125 43
1755801315826 986.8579711914062 44
1755801315854 909.1669311523438 45
1755801315883 1022.1257934570312 46
1755801315911 1148.470458984375 47
1755801315938 1152.5347900390625 48
1755801315962 839.1366577148438 49
1755801315986 1249.7705078125 50
1755801316013 961.86669921875 51
1755801316043 1027.608154296875 52
1755801316068 1173.203369140625 53
1755801316092 825.1792602539062 54
1755801316114 1073.7718505859375 55
1755801316140 811.1184692382812 56
1755801316170 658.7449340820312 57
1755801316196 640.8180541992188 58
1755801316227 881.9532470703125 59
1755801316255 813.2421875 60
1755801316282 804.11181640625 61
1755801316315 950.9496459960938 62
1755801316343 1052.898193359375 63
1755801316371 941.3024291992188 64
1755801316417 810.4490356445312 65
1755801316459 907.20263671875 66
1755801316494 937.2879638671875 67
1755801316523 975.494140625 68
1755801316557 801.8685302734375 69
1755801316595 842.5525512695312 70
1755801316642 842.459228515625 71
1755801316701 840.6251220703125 72
1755801316732 849.257080078125 73
1755801316771 892.3460693359375 74
1755801316801 1106.329833984375 75
1755801316832 1038.5963134765625 76
1755801316862 928.0360107421875 77
1755801316913 1020.9022827148438 78
1755801316942 636.7460327148438 79
1755801316974 742.03955078125 80
1755801317012 720.0750732421875 81
1755801317053 1112.535888671875 82
1755801317078 892.2471313476562 83
1755801317102 1115.82763671875 84
1755801317129 844.571044921875 85
1755801317154 930.3267822265625 86
1755801317185 864.4768676757812 87
1755801317220 804.5272216796875 88
1755801317250 862.8370361328125 89
1755801317275 995.1165771484375 90
1755801317305 923.9921875 91
1755801317331 1079.179443359375 92
1755801317356 830.0524291992188 93
1755801317384 956.526611328125 94
1755801317413 962.199462890625 95
1755801317439 973.2169189453125 96
1755801317465 686.33349609375 97
1755801317491 802.9955444335938 98
1755801317518 817.8438720703125 99
1755801317545 1088.0889892578125 100
1755801317572 660.6415405273438 101
1755801317600 1053.386474609375 102
1755801317631 700.8552856445312 103
1755801317658 955.2201538085938 104
1755801317691 689.961181640625 105
1755801317719 957.3238525390625 106
1755801317751 910.8568115234375 107
1755801317782 791.1959228515625 108
1755801317818 993.782958984375 109
1755801317847 905.9684448242188 110
1755801317872 738.3154296875 111
1755801317944 858.9285888671875 112
1755801317997 1072.008544921875 113
1755801318052 897.5665283203125 114
1755801318080 759.5065307617188 115
1755801318113 966.2210693359375 116
1755801318142 663.326171875 117
1755801318170 792.1559448242188 118
1755801318196 977.8555297851562 119
1755801318219 927.0507202148438 120
1755801318243 905.6246948242188 121
1755801318274 901.914794921875 122
1755801318316 860.224609375 123
1755801318342 843.943115234375 124
1755801318365 723.167236328125 125
1755801318394 776.71923828125 126
1755801318422 1123.3275146484375 127
1755801318457 967.451416015625 128
1755801318498 896.803466796875 129
1755801318526 1021.1881103515625 130
1755801318556 802.16650390625 131
1755801318583 860.3477783203125 132
1755801318720 830.447021484375 133
1755801318783 1069.3897705078125 134
1755801318810 987.295166015625 135
1755801318837 897.8073120117188 136
1755801318866 991.4393310546875 137
1755801318897 1075.720703125 138
1755801318920 1044.7451171875 139
1755801318945 1055.234130859375 140
1755801318976 1001.9959716796875 141
1755801319004 907.5589599609375 142
1755801319035 1028.348876953125 143
1755801319064 946.027587890625 144
1755801319091 1181.49658203125 145
1755801319122 1039.391845703125 146
1755801319149 1058.22802734375 147
1755801319173 675.8224487304688 148
1755801319198 836.0972290039062 149
1755801319234 642.0746459960938 150
1755801319266 971.196044921875 151
1755801319301 754.7625122070312 152
1755801319329 1307.1229248046875 153
1755801319365 937.4443969726562 154
1755801319391 740.2711181640625 155
1755801319414 766.4430541992188 156
1755801319440 906.9905395507812 157
1755801319476 1032.083984375 158
1755801319552 1090.0211181640625 159
1755801319579 670.3994750976562 160
1755801319611 900.0966186523438 161
1755801319650 772.381591796875 162
1755801319684 870.9322509765625 163
1755801319725 978.8642578125 164
1755801319776 774.30126953125 165
1755801319813 912.3204956054688 166
1755801319847 710.1494140625 167
1755801319878 996.2447509765625 168
1755801319911 989.337890625 169
1755801319944 899.2847900390625 170
1755801319977 741.31201171875 171
1755801320009 701.56689453125 172
1755801320037 1165.7767333984375 173
1755801320072 922.0126953125 174
1755801320099 852.735595703125 175
1755801320132 778.7588500976562 176
1755801320163 925.7349853515625 177
1755801320195 1110.6771240234375 178
1755801320233 520.5377197265625 179
1755801320266 1013.123046875 180
1755801320296 1033.34716796875 181
1755801320324 1090.823974609375 182
1755801320351 932.2973022460938 183
1755801320382 768.7672119140625 184
1755801320411 777.5479736328125 185
1755801320441 1090.3765869140625 186
1755801320464 939.0372314453125 187
1755801320498 910.7604370117188 188
1755801320523 1138.8544921875 189
1755801320553 834.0059814453125 190
1755801320580 1089.029541015625 191
1755801320609 778.1002197265625 192
1755801320635 949.4024047851562 193
1755801320662 779.69873046875 194
1755801320689 1083.3795166015625 195
1755801320719 756.3823852539062 196
1755801320747 669.4218139648438 197
1755801320782 919.6546020507812 198
1755801320811 791.5966186523438 199
1755801320842 1132.760498046875 200
1755801320869 738.3736572265625 201
1755801320896 901.4581909179688 202
1755801320923 1065.0626220703125 203
1755801320951 971.378173828125 204
1755801321061 804.884521484375 205
1755801321099 839.8024291992188 206
1755801321135 1180.572998046875 207
1755801321166 1111.6571044921875 208
1755801321194 887.4961547851562 209
1755801321218 885.0247802734375 210
1755801321250 881.978515625 211
1755801321281 777.5803833007812 212
1755801321315 863.6453857421875 213
1755801321342 983.3023681640625 214
1755801321374 1233.095947265625 215
1755801321419 796.17578125 216
1755801321456 777.7868041992188 217
1755801321489 822.2613525390625 218
1755801321520 918.3973388671875 219
1755801321560 937.3197021484375 220
1755801321595 899.1239624023438 221
1755801321631 972.5751953125 222
1755801321660 849.3931884765625 223
1755801321684 876.2041625976562 224
1755801321714 1301.837158203125 225
1755801321738 773.8599853515625 226
1755801321766 1000.3764038085938 227
1755801321802 957.5497436523438 228
1755801321829 1124.6666259765625 229
1755801321859 879.1651000976562 230
1755801321894 1030.5443115234375 231
1755801321926 941.6355590820312 232
1755801321955 831.7350463867188 233
1755801322045 744.5908813476562 234
1755801322074 1036.934814453125 235
1755801322119 778.1763305664062 236
1755801322160 1105.7196044921875 237
1755801322200 947.8655395507812 238
1755801322229 919.162353515625 239
1755801322258 1020.5115966796875 240
1755801322290 1081.34228515625 241
1755801322324 1068.5653076171875 242
1755801322356 1031.43701171875 243
1755801322393 794.3921508789062 244
1755801322422 1005.8067016601562 245
1755801322458 1212.880615234375 246
1755801322489 914.7320556640625 247
1755801322517 1065.048828125 248
1755801322546 824.940673828125 249
1755801322574 651.3816528320312 250
1755801322602 1114.387939453125 251
1755801322637 812.673828125 252
1755801322665 1018.2398681640625 253
1755801322696 598.8033447265625 254
1755801322723 923.8644409179688 255
1755801322749 964.7863159179688 256
1755801322781 746.40380859375 257
1755801322807 922.6524658203125 258
1755801322838 1017.16943359375 259
1755801322868 906.8782348632812 260
1755801322913 694.698486328125 261
1755801322953 1145.047119140625 262
1755801322988 769.0475463867188 263
1755801323018 1159.17919921875 264
1755801323053 857.272216796875 265
1755801323081 721.135498046875 266
1755801323108 921.0764770507812 267
1755801323141 988.2369995117188 268
1755801323169 1002.8301391601562 269
1755801323203 961.6099853515625 270
1755801323237 798.335205078125 271
1755801323268 955.4586791992188 272
1755801323299 917.7351684570312 273
1755801323329 872.7723388671875 274
1755801323362 904.8982543945312 275
1755801323392 991.1023559570312 276
1755801323456 974.4849853515625 277
1755801323508 762.1070556640625 278
1755801323545 715.7327880859375 279
1755801323573 1076.1060791015625 280
1755801323601 1026.129150390625 281
1755801323646 976.2489013671875 282
1755801323677 941.3776245117188 283
1755801323707 656.3089599609375 284
1755801323743 1026.6990966796875 285
1755801323773 771.6192016601562 286
1755801323803 939.3544921875 287
1755801323841 977.3958740234375 288
1755801323947 776.3145141601562 289
1755801323975 1159.5711669921875 290
1755801324005 821.6023559570312 291
1755801324044 821.840087890625 292
1755801324067 914.4932250976562 293
1755801324114 821.806640625 294
1755801324159 784.6588134765625 295
1755801324189 936.2449340820312 296
1755801324219 732.7357177734375 297
1755801324249 921.396728515625 298
1755801324278 1053.2589111328125 299
1755801338420 2467.73828125 0
1755801338451 2434.593017578125 1
1755801338477 2412.037109375 2
1755801338506 2423.977783203125 3
1755801338541 2509.10107421875 4
1755801338568 2390.587890625 5
1755801338600 2390.8505859375 6
1755801338630 2413.088134765625 7
1755801338658 2349.71337890625 8
1755801338700 2299.99267578125 9
1755801338731 2318.279296875 10
1755801338760 2252.00732421875 11
1755801338793 2222.229248046875 12
1755801338820 2172.44677734375 13
1755801338856 2175.193359375 14
1755801338889 2106.57421875 15
1755801338920 2186.538330078125 16
1755801338949 2182.779541015625 17
1755801338979 2049.924560546875 18
1755801339010 2015.8902587890625 19
1755801339043 2022.173095703125 20
1755801339076 2100.634033203125 21
1755801339105 1946.245361328125 22
1755801339136 1970.4635009765625 23
1755801339171 1860.2864990234375 24
1755801339201 1819.72216796875 25
1755801339230 1855.0115966796875 26
1755801339259 1754.88037109375 27
1755801339288 1722.2864990234375 28
1755801339315 1663.611083984375 29
1755801339357 1523.77490234375 30
1755801339398 1555.2391357421875 31
1755801339429 1597.7686767578125 32
1755801339457 1542.8228759765625 33
1755801339496 1541.6820068359375 34
1755801339531 1514.1290283203125 35
1755801339557 1283.5821533203125 36
1755801339588 1433.6041259765625 37
1755801339620 1187.1343994140625 38
1755801339651 997.5629272460938 39
1755801339678 904.4473266601562 40
1755801339703 1138.565185546875 41
1755801339729 1154.703369140625 42
1755801339754 1002.1134643554688 43
1755801339779 1241.3111572265625 44
1755801339803 936.0935668945312 45
1755801339830 971.7896728515625 46
1755801339863 1071.7947998046875 47
1755801339897 928.7376098632812 48
1755801339928 768.5357666015625 49
1755801339957 775.2819213867188 50
1755801339983 960.0887451171875 51
1755801340007 1058.8033447265625 52
1755801340050 1169.4166259765625 53
1755801340076 650.1354370117188 54
1755801340102 881.3387451171875 55
1755801340134 1070.9639892578125 56
1755801340161 1016.7841796875 57
1755801340189 853.9219970703125 58
1755801340219 889.5366821289062 59
1755801340249 885.8731079101562 60
1755801340278 1092.03857421875 61
1755801340306 1086.139892578125 62
1755801340346 854.9529418945312 63
1755801340385 762.2337036132812 64
1755801340418 1067.59912109375 65
1755801340454 943.0944213867188 66
1755801340499 588.5757446289062 67
1755801340540 892.2685546875 68
1755801340569 933.7332763671875 69
1755801340599 1070.323974609375 70
1755801340638 958.5838623046875 71
1755801340666 902.9217529296875 72
1755801340695 761.7901611328125 73
1755801340722 861.8407592773438 74
1755801340748 794.0039672851562 75
1755801340773 849.3681030273438 76
1755801340805 957.6682739257812 77
1755801340861 718.8196411132812 78
1755801340897 997.3528442382812 79
1755801340924 874.8175048828125 80
1755801341039 968.7592163085938 81
1755801341099 658.4534301757812 82
1755801341134 1045.7352294921875 83
1755801341168 555.3131713867188 84
1755801341198 706.6204223632812 85
1755801341223 726.681884765625 86
1755801341252 751.9489135742188 87
1755801341280 815.3609619140625 88
1755801341312 1111.7362060546875 89
1755801341340 1076.9012451171875 90
1755801341374 833.8490600585938 91
1755801341422 809.95703125 92
1755801341455 806.3306274414062 93
1755801341490 943.4026489257812 94
1755801341525 757.1170654296875 95
1755801341559 886.862060546875 96
1755801341589 810.3577270507812 97
1755801341618 994.7159423828125 98
1755801341648 933.7313842773438 99
1755801341675 822.9185791015625 100
1755801341703 1017.1223754882812 101
1755801341730 874.7281494140625 102
1755801341758 1187.4752197265625 103
1755801341785 782.5912475585938 104
1755801341811 798.0494995117188 105
1755801341841 961.1256103515625 106
1755801341867 920.8447265625 107
1755801341896 1079.2320556640625 108
1755801341926 1020.7794189453125 109
1755801341958 639.1568603515625 110
1755801341987 999.68408203125 111
1755801342018 1008.5612182617188 112
1755801342048 805.6895141601562 113
1755801342081 780.5179443359375 114
1755801342114 762.3009033203125 115
1755801342140 1130.5517578125 116
1755801342165 807.1937255859375 117
1755801342194 842.8662109375 118
1755801342221 886.3445434570312 119
1755801342248 805.1767578125 120
1755801342276 848.3182373046875 121
1755801342302 732.552734375 122
1755801342335 890.5601806640625 123
1755801342373 864.49951171875 124
1755801342409 863.2318725585938 125
1755801342440 906.416259765625 126
1755801342469 719.2177734375 127
1755801342501 1090.9571533203125 128
1755801342532 1062.4090576171875 129
1755801342561 888.9086303710938 130
1755801342590 866.7584228515625 131
1755801342618 776.3353881835938 132
1755801342649 849.2220458984375 133
1755801342679 930.5625 134
1755801342707 848.54248046875 135
1755801342756 1046.8892822265625 136
1755801342802 661.0448608398438 137
1755801342830 774.4608764648438 138
1755801342860 823.5572509765625 139
1755801342894 988.897216796875 140
1755801342928 858.3131103515625 141
1755801342955 938.0576782226562 142
1755801342983 667.4323120117188 143
1755801343010 931.748779296875 144
1755801343037 770.4473876953125 145
1755801343070 1095.9146728515625 146
1755801343111 854.7005004882812 147
1755801343143 867.2612915039062 148
1755801343173 752.83154296875 149
1755801343205 914.68310546875 150
1755801343235 953.7095336914062 151
1755801343265 885.2584228515625 152
1755801343293 966.2782592773438 153
1755801343325 880.9473876953125 154
1755801343354 962.1425170898438 155
1755801343379 1006.1493530273438 156
1755801343402 960.9918823242188 157
1755801343429 830.080322265625 158
1755801343451 683.7901611328125 159
1755801343481 699.0679321289062 160
1755801343506 846.673095703125 161
1755801343536 841.1026611328125 162
1755801343569 996.266845703125 163
1755801343596 804.905029296875 164
1755801343628 980.4850463867188 165
1755801343656 1063.68408203125 166
1755801343689 672.6114501953125 167
1755801343722 915.6848754882812 168
1755801343764 1019.5376586914062 169
1755801343796 1141.9697265625 170
1755801343821 858.8798217773438 171
1755801343862 754.9700317382812 172
1755801343889 918.1251220703125 173
1755801343917 697.3461303710938 174
1755801343948 697.0350341796875 175
1755801343990 1156.86376953125 176
1755801344020 808.6721801757812 177
1755801344048 752.4835205078125 178
1755801344071 819.4574584960938 179
1755801344108 755.294677734375 180
1755801344141 714.7537841796875 181
1755801344168 877.8212280273438 182
1755801344196 994.6415405273438 183
1755801344247 746.70068359375 184
1755801344275 898.05517578125 185
1755801344304 1017.65673828125 186
1755801344421 933.83154296875 187
1755801344477 969.3825073242188 188
1755801344506 815.0907592773438 189
1755801344532 887.4723510742188 190
1755801344558 1149.982666015625 191
1755801344593 847.3721923828125 192
1755801344622 926.0860595703125 193
1755801344654 847.530029296875 194
1755801344688 909.5111083984375 195
1755801344716 1011.7557983398438 196
1755801344750 834.440185546875 197
1755801344799 931.0601196289062 198
1755801344836 659.1698608398438 199
1755801344869 1113.6937255859375 200
1755801344900 670.482177734375 201
1755801344931 884.6670532226562 202
1755801344969 788.1937866210938 203
1755801344997 942.6170654296875 204
1755801345024 876.2373046875 205
1755801345051 959.9662475585938 206
1755801345077 943.3190307617188 207
1755801345102 944.1521606445312 208
1755801345133 920.3565673828125 209
1755801345160 760.7548828125 210
1755801345187 866.3370361328125 211
1755801345215 775.0067749023438 212
1755801345244 872.6279296875 213
1755801345270 773.841552734375 214
1755801345298 954.8756713867188 215
1755801345325 977.6287231445312 216
1755801345362 899.2962036132812 217
1755801345392 758.0918579101562 218
1755801345420 760.7568969726562 219
1755801345446 1005.2089233398438 220
1755801345474 830.0708618164062 221
1755801345510 935.2630004882812 222
1755801345540 915.3201904296875 223
1755801345567 830.4100341796875 224
1755801345594 982.0109252929688 225
1755801345626 824.927734375 226
1755801345655 1001.829345703125 227
1755801345686 1021.6143798828125 228
1755801345716 878.3052978515625 229
1755801345750 913.36328125 230
1755801345780 921.9918823242188 231
1755801345807 797.4454956054688 232
1755801345841 997.3282470703125 233
1755801345875 1003.9117431640625 234
1755801345905 898.6072998046875 235
1755801345937 690.8257446289062 236
1755801345968 842.0048828125 237
1755801346000 911.4027709960938 238
1755801346032 834.1183471679688 239
1755801346077 858.5464477539062 240
1755801346106 993.459228515625 241
1755801346144 768.0375366210938 242
1755801346175 1037.4681396484375 243
1755801346208 881.646240234375 244
1755801346241 763.3694458007812 245
1755801346276 564.2033081054688 246
1755801346312 962.0711059570312 247
1755801346360 797.2238159179688 248
1755801346410 957.5 249
1755801346448 834.6275634765625 250
1755801346477 625.2516479492188 251
1755801346504 895.3204345703125 252
1755801346531 867.1182861328125 253
1755801346559 889.2762451171875 254
1755801346598 1081.462158203125 255
1755801346640 962.0537109375 256
1755801346676 845.93310546875 257
1755801346703 663.8231201171875 258
1755801346733 735.4951171875 259
1755801346764 533.3135375976562 260
1755801346793 940.2060546875 261
1755801346823 1017.635009765625 262
1755801346856 782.6884765625 263
1755801346896 741.4888305664062 264
1755801346935 652.7088623046875 265
1755801346972 881.345458984375 266
1755801347005 938.2809448242188 267
1755801347036 658.6427612304688 268
1755801347066 734.6912231445312 269
1755801347096 765.7661743164062 270
1755801347129 849.5057983398438 271
1755801347159 979.5386352539062 272
1755801347195 841.9609375 273
1755801347224 902.1683959960938 274
1755801347252 809.7198486328125 275
1755801347279 1017.9571533203125 276
1755801347309 781.8455810546875 277
1755801347347 758.6901245117188 278
1755801347390 1196.3995361328125 279
1755801347429 980.4654541015625 280
1755801347459 636.125732421875 281
1755801347486 808.5288696289062 282
1755801347514 814.6300048828125 283
1755801347551 941.3609619140625 284
1755801347582 847.3748168945312 285
1755801347609 796.8118286132812 286
1755801347641 866.8958129882812 287
1755801347668 1040.497802734375 288
1755801347697 946.977783203125 289
1755801347725 838.473388671875 290
1755801347759 826.546875 291
1755801347802 956.8958129882812 292
1755801347837 970.6737670898438 293
1755801347866 1024.8232421875 294
1755801347897 749.0923461914062 295
1755801347931 901.1030883789062 296
1755801347967 968.4131469726562 297
1755801347996 937.28125 298
1755801348029 927.1061401367188 299
1755801364189 2577.81005859375 0
1755801364224 2504.550048828125 1
1755801364276 2613.842041015625 2
1755801364311 2607.31640625 3
1755801364342 2518.0078125 4
1755801364376 2523.8388671875 5
1755801364419 2550.335205078125 6
1755801364452 2502.09814453125 7
1755801364487 2494.9755859375 8
1755801364518 2455.993408203125 9
1755801364550 2511.4453125 10
1755801364576 2407.607666015625 11
1755801364603 2426.78759765625 12
1755801364631 2462.763916015625 13
1755801364661 2395.534423828125 14
1755801364690 2384.133056640625 15
1755801364719 2395.467529296875 16
1755801364748 2325.335205078125 17
1755801364776 2337.762939453125 18
1755801364804 2373.004638671875 19
1755801364833 2251.419677734375 20
1755801364857 2209.33984375 21
1755801364889 2207.0693359375 22
1755801364917 2107.3134765625 23
1755801364951 2079.645263671875 24
1755801364982 2062.084716796875 25
1755801365012 1951.6329345703125 26
1755801365045 1908.320556640625 27
1755801365082 1918.600830078125 28
1755801365115 1867.868896484375 29
1755801365146 1749.0777587890625 30
1755801365203 1721.296875 31
1755801365238 1648.95654296875 32
1755801365270 1797.7322998046875 33
1755801365301 1512.29345703125 34
1755801365330 1396.64794921875 35
1755801365361 1480.3743896484375 36
1755801365394 1397.2437744140625 37
1755801365423 1304.9525146484375 38
1755801365453 1406.08837890625 39
1755801365483 1290.4510498046875 40
1755801365512 964.4553833007812 41
1755801365543 1012.30224609375 42
1755801365573 784.2374267578125 43
1755801365609 943.5261840820312 44
1755801365636 911.7850952148438 45
1755801365663 908.5806884765625 46
1755801365690 821.9743041992188 47
1755801365725 1247.397705078125 48
1755801365763 814.972412109375 49
1755801365885 1100.958984375 50
1755801365929 993.3069458007812 51
1755801365962 830.8865966796875 52
1755801365999 782.8751831054688 53
1755801366024 951.6824340820312 54
1755801366052 713.7678833007812 55
1755801366077 687.6630249023438 56
1755801366112 522.66162109375 57
1755801366144 794.2298583984375 58
1755801366174 804.4981079101562 59
1755801366202 941.8903198242188 60
1755801366235 864.185546875 61
1755801366263 771.1622314453125 62
1755801366291 702.2848510742188 63
1755801366332 1114.348388671875 64
1755801366369 962.6966552734375 65
1755801366401 777.0884399414062 66
1755801366435 915.5889892578125 67
1755801366463 781.7852783203125 68
1755801366491 823.2295532226562 69
1755801366519 630.4548950195312 70
1755801366558 997.385986328125 71
1755801366587 961.9158935546875 72
1755801366618 1063.4534912109375 73
1755801366653 838.8128662109375 74
1755801366677 960.2555541992188 75
1755801366705 751.6984252929688 76
1755801366757 752.222412109375 77
1755801366787 957.2046508789062 78
1755801366818 828.9636840820312 79
1755801366852 809.603515625 80
1755801366876 788.2607421875 81
1755801366901 985.9295043945312 82
1755801366931 839.2429809570312 83
1755801366980 941.0318603515625 84
1755801367004 1086.7247314453125 85
1755801367036 957.298828125 86
1755801367063 930.3694458007812 87
1755801367090 806.1753540039062 88
1755801367115 990.1661987304688 89
1755801367140 1018.7822875976562 90
1755801367172 1172.896728515625 91
1755801367200 903.2030029296875 92
1755801367230 764.3733520507812 93
1755801367258 993.295166015625 94
1755801367284 903.228271484375 95
1755801367311 785.8007202148438 96
1755801367341 764.602294921875 97
1755801367374 1020.9196166992188 98
1755801367404 952.030029296875 99
1755801367431 1154.465087890625 100
1755801367472 777.5977783203125 101
1755801367499 1048.7386474609375 102
1755801367527 1029.236328125 103
1755801367554 959.4525146484375 104
1755801367582 968.391845703125 105
1755801367611 1070.0501708984375 106
1755801367647 689.6992797851562 107
1755801367674 771.9544677734375 108
1755801367756 901.7230224609375 109
1755801367781 1089.2696533203125 110
1755801367807 864.1188354492188 111
1755801367839 866.1207275390625 112
1755801367865 1015.3641357421875 113
1755801367897 770.8150634765625 114
1755801367932 818.7435302734375 115
1755801367962 805.1915893554688 116
1755801367987 718.015625 117
1755801368032 875.264892578125 118
1755801368111 721.442626953125 119
1755801368139 893.293701171875 120
1755801368182 830.1785888671875 121
1755801368249 835.88720703125 122
1755801368288 722.7623901367188 123
1755801368314 887.9631958007812 124
1755801368345 879.9462280273438 125
1755801368373 879.228271484375 126
1755801368397 784.6415405273438 127
1755801368424 754.6387939453125 128
1755801368454 821.669921875 129
1755801368477 910.8152465820312 130
1755801368502 789.5171508789062 131
1755801368526 859.6325073242188 132
1755801368550 682.3666381835938 133
1755801368574 809.1680908203125 134
1755801368599 827.0267333984375 135
1755801368633 554.3404541015625 136
1755801368667 537.4427490234375 137
1755801368694 724.7402954101562 138
1755801368719 631.4512329101562 139
1755801368743 825.6073608398438 140
1755801368773 705.1058349609375 141
1755801368797 951.5735473632812 142
1755801368822 865.3103637695312 143
1755801368860 939.0717163085938 144
1755801368886 980.386962890625 145
1755801368914 810.7835083007812 146
1755801368938 644.6768798828125 147
1755801368965 1084.2904052734375 148
1755801368998 1013.3856811523438 149
1755801369023 693.6914672851562 150
1755801369047 700.4290771484375 151
1755801369070 804.1975708007812 152
1755801369094 636.1085815429688 153
1755801369115 941.5416259765625 154
1755801369145 1003.376220703125 155
1755801369168 900.3212280273438 156
1755801369195 820.0070190429688 157
1755801369217 834.2720947265625 158
1755801369247 1094.34033203125 159
1755801369279 784.279052734375 160
1755801369317 868.2372436523438 161
1755801369347 1116.638671875 162
1755801369381 911.961669921875 163
1755801369415 923.2945556640625 164
1755801369520 866.983642578125 165
1755801369587 813.2581176757812 166
1755801369614 938.9241943359375 167
1755801369644 733.4137573242188 168
1755801369670 689.8040771484375 169
1755801369694 1078.6529541015625 170
1755801369717 745.7371826171875 171
1755801369742 504.7981872558594 172
1755801369765 933.298828125 173
1755801369793 942.2774658203125 174
1755801369827 999.7913818359375 175
1755801369855 939.0997314453125 176
1755801369882 937.9467163085938 177
1755801369921 807.8433837890625 178
1755801369949 759.784912109375 179
1755801369974 884.99462890625 180
1755801369998 808.3370361328125 181
1755801370028 566.7435913085938 182
1755801370057 864.6132202148438 183
1755801370087 840.7493896484375 184
1755801370114 911.1981811523438 185
1755801370144 757.449951171875 186
1755801370172 905.6798095703125 187
1755801370197 682.983154296875 188
1755801370225 702.4008178710938 189
1755801370251 970.79443359375 190
1755801370277 866.8739624023438 191
1755801370308 572.7534790039062 192
1755801370334 814.1485595703125 193
1755801370368 807.2760009765625 194
1755801370399 792.5838012695312 195
1755801370427 743.432861328125 196
1755801370453 697.914794921875 197
1755801370479 791.5108642578125 198
1755801370508 940.1721801757812 199
1755801370537 920.0421142578125 200
1755801370561 1069.1192626953125 201
1755801370590 882.4072875976562 202
1755801370622 612.5034790039062 203
1755801370652 772.7352905273438 204
1755801370680 872.7452392578125 205
1755801370706 805.3720703125 206
1755801370730 1094.1373291015625 207
1755801370754 892.8904418945312 208
1755801370778 1017.8164672851562 209
1755801370805 879.4515991210938 210
1755801370842 952.4874267578125 211
1755801370879 772.98583984375 212
1755801370911 960.2713012695312 213
1755801370942 755.7338256835938 214
1755801370977 974.7933959960938 215
1755801371006 668.487548828125 216
1755801371039 851.1386108398438 217
1755801371066 864.0199584960938 218
1755801371096 809.4889526367188 219
1755801371124 954.889404296875 220
1755801371157 873.6997680664062 221
1755801371188 837.6055297851562 222
1755801371214 754.7012939453125 223
1755801371243 939.865234375 224
1755801371270 709.9526977539062 225
1755801371302 960.0490112304688 226
1755801371329 925.3892822265625 227
1755801371372 719.8434448242188 228
1755801371405 732.2777099609375 229
1755801371434 1065.081298828125 230
1755801371462 731.7786865234375 231
1755801371490 695.733642578125 232
1755801371519 684.3829956054688 233
1755801371544 731.3255615234375 234
1755801371578 1001.2344970703125 235
1755801371603 831.9931030273438 236
1755801371632 815.536865234375 237
1755801371659 778.2395629882812 238
1755801371687 985.6483154296875 239
1755801371719 972.0819091796875 240
1755801371754 1334.684814453125 241
1755801371791 813.5379638671875 242
1755801371823 924.1473999023438 243
1755801371851 740.5111083984375 244
1755801371896 745.710205078125 245
1755801371931 963.5809936523438 246
1755801371964 718.6759033203125 247
1755801371999 565.5908813476562 248
1755801372036 1156.7879638671875 249
1755801372063 846.845947265625 250
1755801372093 893.7321166992188 251
1755801372121 990.7455444335938 252
1755801372157 899.4509887695312 253
1755801372187 755.4733276367188 254
1755801372214 830.1966552734375 255
1755801372243 705.2825927734375 256
1755801372277 948.7930908203125 257
1755801372379 854.0272827148438 258
1755801372426 846.1925659179688 259
1755801372456 1081.7645263671875 260
1755801372488 756.7003784179688 261
1755801372521 1012.2889404296875 262
1755801372558 1038.4200439453125 263
1755801372586 780.7278442382812 264
1755801372615 1011.0687866210938 265
1755801372644 677.4515380859375 266
1755801372672 1172.3887939453125 267
1755801372698 1128.8587646484375 268
1755801372724 1204.6453857421875 269
1755801372750 861.3355102539062 270
1755801372777 779.3580322265625 271
1755801372804 799.034423828125 272
1755801372831 841.8003540039062 273
1755801372861 936.6134033203125 274
1755801372891 937.500732421875 275
1755801372920 870.5860595703125 276
1755801372954 831.4801025390625 277
1755801372981 737.4196166992188 278
1755801373026 962.9523315429688 279
1755801373055 883.670654296875 280
1755801373088 879.6683349609375 281
1755801373122 922.430419921875 282
1755801373154 779.3687133789062 283
1755801373184 823.7322387695312 284
1755801373211 694.6668090820312 285
1755801373255 584.5097045898438 286
1755801373292 798.3472290039062 287
1755801373329 716.694091796875 288
1755801373373 869.993408203125 289
1755801373404 779.982421875 290
1755801373431 932.3280029296875 291
1755801373465 563.1470336914062 292
1755801373499 1107.996826171875 293
1755801373527 1072.008544921875 294
1755801373556 608.9069213867188 295
1755801373585 793.8185424804688 296
1755801373610 762.5094604492188 297
1755801373634 1044.387939453125 298
1755801373658 749.2738647460938 299
1755801388793 2495.054931640625 0
1755801388844 2487.082763671875 1
1755801388901 2492.6728515625 2
1755801388934 2383.382080078125 3
1755801388971 2448.0478515625 4
1755801389001 2437.796875 5
1755801389035 2354.46044921875 6
1755801389068 2360.927490234375 7
1755801389098 2341.6005859375 8
1755801389130 2292.755126953125 9
1755801389166 2270.564208984375 10
1755801389200 2264.980712890625 11
1755801389232 2148.69189453125 12
1755801389264 2269.38330078125 13
1755801389292 2202.572998046875 14
1755801389319 2176.489501953125 15
1755801389348 2055.96923828125 16
1755801389373 2095.79248046875 17
1755801389406 2058.879638671875 18
1755801389439 2081.402587890625 19
1755801389471 2019.7259521484375 20
1755801389515 1950.50537109375 21
1755801389549 1789.6783447265625 22
1755801389589 1731.2808837890625 23
1755801389613 1942.066650390625 24
1755801389639 1635.0076904296875 25
1755801389665 1683.93310546875 26
1755801389688 1587.9613037109375 27
1755801389713 1515.043212890625 28
1755801389741 1386.2391357421875 29
1755801389767 1407.6026611328125 30
1755801389792 1319.350830078125 31
1755801389817 1324.9029541015625 32
1755801389842 1122.771728515625 33
1755801389878 1310.3563232421875 34
1755801389907 1080.0443115234375 35
1755801389932 1108.0716552734375 36
1755801389957 1316.8365478515625 37
1755801389981 1066.2615966796875 38
1755801390018 991.4346923828125 39
1755801390045 906.05517578125 40
1755801390074 1049.45849609375 41
1755801390100 760.3065185546875 42
1755801390172 870.9390869140625 43
1755801390207 677.29443359375 44
1755801390237 988.8770141601562 45
1755801390279 722.4860229492188 46
1755801390311 670.69140625 47
1755801390340 1043.0096435546875 48
1755801390367 643.2618408203125 49
1755801390398 848.4851684570312 50
1755801390425 600.1985473632812 51
1755801390457 740.8081665039062 52
1755801390485 870.6284790039062 53
1755801390517 738.507080078125 54
1755801390549 960.5982666015625 55
1755801390579 637.8071899414062 56
1755801390605 884.2256469726562 57
1755801390640 1012.1915283203125 58
1755801390668 812.3272094726562 59
1755801390703 747.7118530273438 60
1755801390734 928.224365234375 61
1755801390783 633.9242553710938 62
1755801390833 878.0528564453125 63
1755801390914 866.0226440429688 64
1755801390962 821.8597412109375 65
1755801390994 819.2042236328125 66
1755801391108 781.7198486328125 67
1755801391155 771.80419921875 68
1755801391182 759.8438110351562 69
1755801391207 831.4592895507812 70
1755801391255 1050.9368896484375 71
1755801391287 1090.12255859375 72
1755801391313 651.9649047851562 73
1755801391342 869.223876953125 74
1755801391367 971.08544921875 75
1755801391400 708.16357421875 76
1755801391429 799.8900146484375 77
1755801391489 748.7716064453125 78
1755801391520 882.8720703125 79
1755801391558 718.0294189453125 80
1755801391591 1207.1220703125 81
1755801391617 687.093994140625 82
1755801391648 699.5392456054688 83
1755801391678 740.2102661132812 84
1755801391709 650.2948608398438 85
1755801391737 711.0325927734375 86
1755801391772 946.7312622070312 87
1755801391801 848.506591796875 88
1755801391829 743.0082397460938 89
1755801391856 975.3870239257812 90
1755801391895 782.7023315429688 91
1755801391923 770.6934204101562 92
1755801391949 836.6082153320312 93
1755801391976 787.2332763671875 94
1755801392001 667.1028442382812 95
1755801392026 893.3092651367188 96
1755801392053 551.4576416015625 97
1755801392080 796.81884765625 98
1755801392110 1059.4483642578125 99
1755801392146 627.4172973632812 100
1755801392175 816.9456787109375 101
1755801392205 970.4913940429688 102
1755801392231 662.1920166015625 103
1755801392264 781.4785766601562 104
1755801392314 747.5875244140625 105
1755801392355 786.0277709960938 106
1755801392445 759.9865112304688 107
1755801392489 755.7371826171875 108
1755801392543 893.1904907226562 109
1755801392576 654.9696655273438 110
1755801392604 913.103271484375 111
1755801392644 495.4210205078125 112
1755801392673 775.1935424804688 113
1755801392703 756.2476806640625 114
1755801392737 596.6881103515625 115
1755801392768 666.8388671875 116
1755801392797 1214.906005859375 117
1755801392823 892.4993286132812 118
1755801392863 681.98095703125 119
1755801392893 698.5132446289062 120
1755801392923 528.0861206054688 121
1755801392953 682.4454956054688 122
1755801392978 770.0348510742188 123
1755801393002 1003.4254760742188 124
1755801393026 1056.7596435546875 125
1755801393054 713.223876953125 126
1755801393080 536.3366088867188 127
1755801393105 587.7531127929688 128
1755801393137 922.9654541015625 129
1755801393166 569.3209838867188 130
1755801393195 822.7818603515625 131
1755801393224 730.4481811523438 132
1755801393251 784.2061767578125 133
1755801393277 680.554443359375 134
1755801393311 901.06591796875 135
1755801393334 701.3726196289062 136
1755801393362 861.3965454101562 137
1755801393402 832.9015502929688 138
1755801393431 558.0563354492188 139
1755801393461 848.2623291015625 140
1755801393486 955.1466064453125 141
1755801393519 864.4667358398438 142
1755801393547 984.8737182617188 143
1755801393571 893.3392333984375 144
1755801393598 761.012451171875 145
1755801393636 769.05419921875 146
1755801393662 1126.780517578125 147
1755801393689 610.4368286132812 148
1755801393727 871.9306640625 149
1755801393760 607.2681274414062 150
1755801393790 865.1041870117188 151
1755801393817 908.6732788085938 152
1755801393841 824.0800170898438 153
1755801393865 612.5130004882812 154
1755801393891 829.0736083984375 155
1755801393914 1062.0740966796875 156
1755801393941 759.0894775390625 157
1755801393968 848.342529296875 158
1755801393996 855.563720703125 159
1755801394022 925.1376342773438 160
1755801394050 796.2936401367188 161
1755801394077 738.8911743164062 162
1755801394104 993.0265502929688 163
1755801394134 738.6036376953125 164
1755801394162 993.6396484375 165
1755801394191 711.7158813476562 166
1755801394227 841.5690307617188 167
1755801394264 912.2835693359375 168
1755801394289 656.4473876953125 169
1755801394314 987.2015991210938 170
1755801394348 990.5907592773438 171
1755801394387 860.9525146484375 172
1755801394418 971.3598022460938 173
1755801394450 955.6287841796875 174
1755801394484 755.2720336914062 175
1755801394516 689.806640625 176
1755801394552 779.6950073242188 177
1755801394588 704.2606201171875 178
1755801394617 962.0709228515625 179
1755801394652 996.94970703125 180
1755801394678 854.9515991210938 181
1755801394705 737.136962890625 182
1755801394734 696.9447631835938 183
1755801394763 789.0393676757812 184
1755801394792 779.0634765625 185
1755801394823 1012.4119873046875 186
1755801394852 748.9608154296875 187
1755801394891 810.8156127929688 188
1755801394923 956.4059448242188 189
1755801394962 827.2051391601562 190
1755801395001 765.6658935546875 191
1755801395037 881.2970581054688 192
1755801395064 909.4599609375 193
1755801395092 623.302001953125 194
1755801395119 1204.484375 195
1755801395149 761.5592041015625 196
1755801395182 865.6737060546875 197
1755801395219 945.1728515625 198
1755801395250 801.6605834960938 199
1755801395289 912.247802734375 200
1755801395321 736.7094116210938 201
1755801395348 914.3768310546875 202
1755801395382 661.4221801757812 203
1755801395413 732.4381103515625 204
1755801395442 807.3303833007812 205
1755801395469 806.1142578125 206
1755801395498 1062.4554443359375 207
1755801395526 840.8463745117188 208
1755801395560 668.7857666015625 209
1755801395587 621.786865234375 210
1755801395612 769.416748046875 211
1755801395648 802.568115234375 212
1755801395676 762.3558959960938 213
1755801395701 493.099365234375 214
1755801395725 782.4898681640625 215
1755801395754 850.2747192382812 216
1755801395784 925.0399780273438 217
1755801395881 1012.3709106445312 218
1755801395921 795.8028564453125 219
1755801395971 913.9871826171875 220
1755801395996 997.8294067382812 221
1755801396040 955.447998046875 222
1755801396071 936.6441040039062 223
1755801396098 815.602294921875 224
1755801396126 885.7984619140625 225
1755801396152 790.3580932617188 226
1755801396178 921.053466796875 227
1755801396201 857.4175415039062 228
1755801396229 785.1778564453125 229
1755801396258 686.5494384765625 230
1755801396290 867.0939331054688 231
1755801396330 890.674072265625 232
1755801396357 883.1017456054688 233
1755801396384 590.9021606445312 234
1755801396410 710.8228759765625 235
1755801396436 732.1572265625 236
1755801396464 897.4765625 237
1755801396495 427.4880676269531 238
1755801396525 1098.738037109375 239
1755801396557 591.3803100585938 240
1755801396609 647.6538696289062 241
1755801396636 965.8781127929688 242
1755801396661 857.6734008789062 243
1755801396687 816.4700317382812 244
1755801396713 867.4841918945312 245
1755801396753 654.9856567382812 246
1755801396782 736.7685546875 247
1755801396812 793.0914306640625 248
1755801396844 719.7849731445312 249
1755801396877 884.9112548828125 250
1755801396918 621.8367309570312 251
1755801396953 700.2885131835938 252
1755801396982 956.7874755859375 253
1755801397024 625.7376098632812 254
1755801397058 816.8413696289062 255
1755801397087 703.6797485351562 256
1755801397166 898.4528198242188 257
1755801397213 965.1346435546875 258
1755801397246 817.2262573242188 259
1755801397279 997.138427734375 260
1755801397307 724.0791015625 261
1755801397336 893.7626953125 262
1755801397361 758.8408813476562 263
1755801397417 719.528564453125 264
1755801397445 816.4969482421875 265
1755801397471 751.5856323242188 266
1755801397500 769.3483276367188 267
1755801397529 771.482666015625 268
1755801397559 730.20703125 269
1755801397593 548.8673095703125 270
1755801397632 841.4739379882812 271
1755801397661 711.9348754882812 272
1755801397695 993.4503173828125 273
1755801397726 879.83642578125 274
1755801397755 897.7051391601562 275
1755801397783 882.724365234375 276
1755801397806 585.6744995117188 277
1755801397831 893.6347045898438 278
1755801397856 886.6870727539062 279
1755801397898 750.1631469726562 280
1755801397937 724.8259887695312 281
1755801397966 656.5751953125 282
1755801397996 704.5559692382812 283
1755801398023 653.9514770507812 284
1755801398049 751.9909057617188 285
1755801398078 815.8087158203125 286
1755801398112 866.2327880859375 287
1755801398150 952.23486328125 288
1755801398181 1032.3182373046875 289
1755801398214 862.4638671875 290
1755801398248 637.6214599609375 291
1755801398280 729.455322265625 292
1755801398315 687.4678955078125 293
1755801398350 875.6170043945312 294
1755801398394 611.680419921875 295
1755801398421 831.7919921875 296
1755801398455 811.1763916015625 297
1755801398482 620.2310791015625 298
1755801398510 848.5811157226562 299
1755801408607 2560.082275390625 0
1755801408646 2702.44677734375 1
1755801408673 2565.13623046875 2
1755801408699 2548.756103515625 3
1755801408725 2531.748046875 4
1755801408753 2557.162841796875 5
1755801408784 2556.224365234375 6
1755801408818 2525.443359375 7
1755801408849 2476.971435546875 8
1755801408882 2329.8251953125 9
1755801408913 2350.79736328125 10
1755801408959 2496.295654296875 11
1755801408989 2302.0126953125 12
1755801409015 2500.656494140625 13
1755801409040 2296.7744140625 14
1755801409067 2298.528564453125 15
1755801409094 2379.7529296875 16
1755801409119 2247.0283203125 17
1755801409154 2217.948486328125 18
1755801409182 2250.398681640625 19
1755801409237 2221.631591796875 20
1755801409267 2096.47314453125 21
1755801409301 2179.128662109375 22
1755801409334 2071.736572265625 23
1755801409365 2011.059814453125 24
1755801409405 1897.8795166015625 25
1755801409440 2088.572265625 26
1755801409470 1782.5487060546875 27
1755801409499 1731.9305419921875 28
1755801409533 1667.0086669921875 29
1755801409565 1842.234619140625 30
1755801409594 1639.9307861328125 31
1755801409650 1632.70166015625 32
1755801409697 1414.260986328125 33
1755801409771 1530.4072265625 34
1755801409799 1417.00146484375 35
1755801409826 1168.775146484375 36
1755801409855 1234.1907958984375 37
1755801409885 1034.65185546875 38
1755801409913 1237.836669921875 39
1755801409948 1175.372314453125 40
1755801409986 942.3850708007812 41
1755801410021 1135.695068359375 42
1755801410054 1222.7576904296875 43
1755801410084 779.9644775390625 44
1755801410107 901.3822021484375 45
1755801410135 920.2534790039062 46
1755801410160 1078.9537353515625 47
1755801410187 927.7424926757812 48
1755801410216 862.8160400390625 49
1755801410244 802.5989379882812 50
1755801410272 1020.2334594726562 51
1755801410299 699.1239624023438 52
1755801410329 808.8892822265625 53
1755801410359 764.1210327148438 54
1755801410397 771.228515625 55
1755801410427 688.5599365234375 56
1755801410457 1235.8065185546875 57
1755801410585 772.6205444335938 58
1755801410640 983.2971801757812 59
1755801410679 777.3604125976562 60
1755801410732 719.4104614257812 61
1755801410776 953.7737426757812 62
1755801410811 790.8147583007812 63
1755801410851 844.306884765625 64
1755801410894 802.0076293945312 65
1755801410941 781.8474731445312 66
1755801410977 693.9166259765625 67
1755801411015 1011.5223999023438 68
1755801411044 699.5527954101562 69
1755801411078 949.6421508789062 70
1755801411112 836.9385375976562 71
1755801411152 805.84423828125 72
1755801411188 679.4231567382812 73
1755801411231 558.5618896484375 74
1755801411262 801.4790649414062 75
1755801411301 805.6533813476562 76
1755801411334 721.1259765625 77
1755801411364 830.9520874023438 78
1755801411397 685.6347045898438 79
1755801411429 1058.876220703125 80
1755801411479 943.9660034179688 81
1755801411507 1154.494384765625 82
1755801411541 900.7688598632812 83
1755801411607 1038.7484130859375 84
1755801411635 1042.0950927734375 85
1755801411666 883.6011352539062 86
1755801411698 901.1735229492188 87
1755801411727 637.3961181640625 88
1755801411764 969.604736328125 89
1755801411792 961.154541015625 90
1755801411819 742.126953125 91
1755801411845 782.638671875 92
1755801411876 848.7864990234375 93
1755801411937 658.9349365234375 94
1755801411963 1036.747802734375 95
1755801411994 820.9405517578125 96
1755801412020 660.9713134765625 97
1755801412047 688.3853759765625 98
1755801412075 789.2562866210938 99
1755801412116 795.9058227539062 100
1755801412150 739.5292358398438 101
1755801412180 815.9304809570312 102
1755801412210 1175.9759521484375 103
1755801412239 1055.58740234375 104
1755801412266 730.9190063476562 105
1755801412295 870.4573974609375 106
1755801412323 839.3517456054688 107
1755801412350 883.12548828125 108
1755801412390 670.4229125976562 109
1755801412437 875.6336059570312 110
1755801412479 843.259765625 111
1755801412517 900.8219604492188 112
1755801412549 819.3985595703125 113
1755801412571 1065.38916015625 114
1755801412595 641.4161987304688 115
1755801412620 811.3353881835938 116
1755801412670 636.9730834960938 117
1755801412695 719.1959228515625 118
1755801412720 548.4876098632812 119
1755801412751 785.9743041992188 120
1755801412785 796.0716552734375 121
1755801412811 895.7354736328125 122
1755801412844 1123.0733642578125 123
1755801412890 809.5830078125 124
1755801412925 1021.415283203125 125
1755801412959 1064.4219970703125 126
1755801412990 598.6129150390625 127
1755801413020 756.1581420898438 128
1755801413060 866.150390625 129
1755801413103 859.9013671875 130
1755801413133 849.8666381835938 131
1755801413166 996.2936401367188 132
1755801413205 816.0296020507812 133
1755801413237 1131.096923828125 134
1755801413269 965.7694702148438 135
1755801413299 953.975830078125 136
1755801413328 865.389892578125 137
1755801413366 866.9281616210938 138
1755801413399 774.5543823242188 139
1755801413429 792.8147583007812 140
1755801413455 680.8929443359375 141
1755801413490 742.9906616210938 142
1755801413527 1047.8955078125 143
1755801413560 970.8526000976562 144
1755801413588 874.3682250976562 145
1755801413616 740.1144409179688 146
1755801413646 1088.2978515625 147
1755801413676 911.8261108398438 148
1755801413702 926.0055541992188 149
1755801413729 950.8651733398438 150
1755801413760 894.4563598632812 151
1755801413787 1021.244140625 152
1755801413817 1029.0328369140625 153
1755801413842 885.4911499023438 154
1755801413867 649.8065185546875 155
1755801413894 1044.3759765625 156
1755801413922 1031.632568359375 157
1755801413949 938.3526611328125 158
1755801413989 789.6205444335938 159
1755801414055 770.5734252929688 160
1755801414119 809.7719116210938 161
1755801414172 838.7095947265625 162
1755801414207 817.2242431640625 163
1755801414232 855.7671508789062 164
1755801414256 974.5860595703125 165
1755801414301 672.7396240234375 166
1755801414328 742.2172241210938 167
1755801414353 598.9581909179688 168
1755801414384 973.034912109375 169
1755801414418 1120.1539306640625 170
1755801414440 806.5149536132812 171
1755801414524 932.84619140625 172
1755801414576 887.9722900390625 173
1755801414631 1048.808837890625 174
1755801414667 966.5360107421875 175
1755801414697 968.4010620117188 176
1755801414727 914.795166015625 177
1755801414754 742.059814453125 178
1755801414806 1095.337158203125 179
1755801414842 785.8236694335938 180
1755801414882 871.4625854492188 181
1755801414922 967.3111572265625 182
1755801414952 802.1466064453125 183
1755801414982 936.561767578125 184
1755801415021 986.2094116210938 185
1755801415051 1086.605712890625 186
1755801415082 1095.531494140625 187
1755801415110 628.4710693359375 188
1755801415140 774.13916015625 189
1755801415187 689.4225463867188 190
1755801415220 856.0361328125 191
1755801415251 1005.1256103515625 192
1755801415278 908.5038452148438 193
1755801415305 877.6522216796875 194
1755801415332 878.26806640625 195
1755801415358 817.4302978515625 196
1755801415388 753.5957641601562 197
1755801415419 954.8853759765625 198
1755801415448 719.6756591796875 199
1755801415478 843.7479858398438 200
1755801415507 767.4410400390625 201
1755801415532 787.6989135742188 202
1755801415585 1072.460693359375 203
1755801415622 833.6492919921875 204
1755801415652 920.555908203125 205
1755801415682 856.234375 206
1755801415714 890.5935668945312 207
1755801415750 901.0401000976562 208
1755801415782 868.9813232421875 209
1755801415811 980.5643310546875 210
1755801415845 843.6446533203125 211
1755801415880 739.84521484375 212
1755801415919 914.6487426757812 213
1755801415954 862.5548095703125 214
1755801415989 919.1470947265625 215
1755801416033 805.2472534179688 216
1755801416060 947.021484375 217
1755801416088 813.007080078125 218
1755801416117 1114.101318359375 219
1755801416149 988.9353637695312 220
1755801416181 966.28125 221
1755801416210 997.6898193359375 222
1755801416244 602.7962646484375 223
1755801416272 938.8084716796875 224
1755801416309 970.2979125976562 225
1755801416347 733.025390625 226
1755801416387 652.9893188476562 227
1755801416433 706.103515625 228
1755801416467 830.6141967773438 229
1755801416494 1136.920654296875 230
1755801416530 1019.8604736328125 231
1755801416556 841.3565673828125 232
1755801416585 654.5208129882812 233
1755801416664 696.0172729492188 234
1755801416718 634.009765625 235
1755801416758 787.9205322265625 236
1755801416792 1005.7381591796875 237
1755801416818 718.8357543945312 238
1755801416841 897.1492309570312 239
1755801416874 907.6572875976562 240
1755801416915 728.309326171875 241
1755801416943 962.9027099609375 242
1755801416984 995.3253784179688 243
1755801417013 874.6897583007812 244
1755801417040 681.9419555664062 245
1755801417069 983.3609008789062 246
1755801417098 974.1033935546875 247
1755801417129 696.761474609375 248
1755801417161 781.4885864257812 249
1755801417192 903.5516357421875 250
1755801417224 670.9293212890625 251
1755801417255 689.82763671875 252
1755801417285 620.3784790039062 253
1755801417311 888.0825805664062 254
1755801417340 1100.2635498046875 255
1755801417369 940.724853515625 256
1755801417407 727.3866577148438 257
1755801417441 807.9679565429688 258
1755801417482 1012.6126098632812 259
1755801417518 829.3892211914062 260
1755801417548 666.5101318359375 261
1755801417580 827.9698486328125 262
1755801417608 927.3399658203125 263
1755801417639 826.9552001953125 264
1755801417676 764.3550415039062 265
1755801417706 1028.2178955078125 266
1755801417736 882.5971069335938 267
1755801417769 1137.58642578125 268
1755801417798 845.969970703125 269
1755801417828 692.173828125 270
1755801417857 834.9362182617188 271
1755801417890 1141.7060546875 272
1755801417920 652.508544921875 273
1755801417946 852.5783081054688 274
1755801417972 719.5303344726562 275
1755801417995 925.0093383789062 276
1755801418020 814.9002075195312 277
1755801418048 819.8086547851562 278
1755801418078 613.3895874023438 279
1755801418117 868.5064086914062 280
1755801418147 753.8111572265625 281
1755801418179 916.72607421875 282
1755801418222 876.261962890625 283
1755801418247 862.8978271484375 284
1755801418270 1112.5333251953125 285
1755801418298 991.2450561523438 286
1755801418330 817.3792114257812 287
1755801418361 805.6610107421875 288
1755801418395 922.5857543945312 289
1755801418426 1018.4606323242188 290
1755801418453 773.5391235351562 291
1755801418479 1108.2474365234375 292
1755801418507 906.0560913085938 293
1755801418538 537.2205200195312 294
1755801418565 827.0778198242188 295
1755801418593 941.1593017578125 296
1755801418649 777.944580078125 297
1755801418705 748.3814697265625 298
1755801418741 813.0244140625 299
1755801430849 2461.60302734375 0
1755801430879 2434.378662109375 1
1755801430916 2435.517333984375 2
1755801430949 2424.16552734375 3
1755801430973 2464.9716796875 4
1755801431001 2424.52294921875 5
1755801431028 2367.068359375 6
1755801431066 2380.569580078125 7
1755801431099 2407.332763671875 8
1755801431132 2317.677490234375 9
1755801431172 2258.22314453125 10
1755801431201 2275.419189453125 11
1755801431232 2303.4150390625 12
1755801431261 2256.258056640625 13
1755801431290 2302.028076171875 14
1755801431321 2311.962158203125 15
1755801431350 2299.17041015625 16
1755801431380 2210.092041015625 17
1755801431414 2187.869873046875 18
1755801431445 2102.635986328125 19
1755801431477 2080.0634765625 20
1755801431509 1996.675048828125 21
1755801431539 2140.62451171875 22
1755801431564 1956.782470703125 23
1755801431592 2009.4912109375 24
1755801431618 1996.50341796875 25
1755801431646 1874.8253173828125 26
1755801431672 1841.4102783203125 27
1755801431703 1778.827880859375 28
1755801431731 1703.445556640625 29
1755801431766 1767.0587158203125 30
1755801431800 1648.3992919921875 31
1755801431829 1518.4044189453125 32
1755801431858 1544.999755859375 33
1755801431891 1528.7171630859375 34
1755801431929 1479.123779296875 35
1755801431962 1157.080078125 36
1755801432058 1326.890625 37
1755801432104 1266.64404296875 38
1755801432138 1215.551513671875 39
1755801432174 1162.2960205078125 40
1755801432202 1100.7725830078125 41
1755801432235 1024.05908203125 42
1755801432263 911.1537475585938 43
1755801432293 790.4219970703125 44
1755801432320 920.3665161132812 45
1755801432352 868.4425048828125 46
1755801432382 964.5018310546875 47
1755801432408 844.900634765625 48
1755801432448 699.6785278320312 49
1755801432479 612.0442504882812 50
1755801432515 818.0010375976562 51
1755801432541 921.6809692382812 52
1755801432566 726.9489135742188 53
1755801432594 803.197265625 54
1755801432623 799.30517578125 55
1755801432659 826.9688110351562 56
1755801432687 869.2710571289062 57
1755801432718 713.8109741210938 58
1755801432745 906.9910888671875 59
1755801432772 971.677001953125 60
1755801432799 944.9602661132812 61
1755801432825 770.9421997070312 62
1755801432857 766.1505126953125 63
1755801432886 655.9385986328125 64
1755801432911 874.7139282226562 65
1755801432958 1109.234375 66
1755801433028 807.4899291992188 67
1755801433060 837.5996704101562 68
1755801433090 832.1116943359375 69
1755801433120 1036.651611328125 70
1755801433152 896.470458984375 71
1755801433187 681.6182250976562 72
1755801433216 1026.188232421875 73
1755801433243 764.0001220703125 74
1755801433272 755.237060546875 75
1755801433300 933.4351196289062 76
1755801433328 694.2098999023438 77
1755801433379 702.9227905273438 78
1755801433470 1116.2750244140625 79
1755801433534 734.9395751953125 80
1755801433568 1081.0877685546875 81
1755801433597 761.4627685546875 82
1755801433630 753.5202026367188 83
1755801433661 765.9253540039062 84
1755801433709 824.2478637695312 85
1755801433738 981.0452880859375 86
1755801433765 918.57763671875 87
1755801433796 722.7716674804688 88
1755801433826 700.6553955078125 89
1755801433854 882.9541015625 90
1755801433882 917.365966796875 91
1755801433909 795.4945678710938 92
1755801433940 771.8026733398438 93
1755801433970 903.89794921875 94
1755801433998 862.7112426757812 95
1755801434023 817.03564453125 96
1755801434047 755.0684814453125 97
1755801434072 798.4110107421875 98
1755801434095 846.2744140625 99
1755801434120 1105.1258544921875 100
1755801434153 1124.378173828125 101
1755801434178 998.2003173828125 102
1755801434203 865.5374755859375 103
1755801434229 661.7916870117188 104
1755801434254 649.2522583007812 105
1755801434280 984.3333129882812 106
1755801434304 802.691650390625 107
1755801434334 767.50732421875 108
1755801434365 834.1646118164062 109
1755801434398 875.5510864257812 110
1755801434430 888.9771728515625 111
1755801434456 919.7476196289062 112
1755801434484 921.4825439453125 113
1755801434512 842.3289184570312 114
1755801434552 751.021728515625 115
1755801434592 665.494873046875 116
1755801434621 814.8662109375 117
1755801434650 1059.266845703125 118
1755801434674 914.8803100585938 119
1755801434699 647.7067260742188 120
1755801434725 815.529296875 121
1755801434751 1047.031494140625 122
1755801434782 914.0643920898438 123
1755801434807 782.3741455078125 124
1755801434839 745.8689575195312 125
1755801434862 673.8267211914062 126
1755801434892 860.178466796875 127
1755801434926 994.5023193359375 128
1755801434959 805.9019775390625 129
1755801434996 1108.6336669921875 130
1755801435026 800.7733154296875 131
1755801435057 714.555908203125 132
1755801435090 767.9242553710938 133
1755801435120 851.2702026367188 134
1755801435148 929.6353149414062 135
1755801435175 786.5367431640625 136
1755801435204 951.81640625 137
1755801435231 862.3670043945312 138
1755801435258 680.6809692382812 139
1755801435280 947.9349975585938 140
1755801435308 634.8898315429688 141
1755801435338 1098.292236328125 142
1755801435361 1120.5521240234375 143
1755801435413 976.0698852539062 144
1755801435443 915.6360473632812 145
1755801435507 751.0843505859375 146
1755801435537 1093.463623046875 147
1755801435567 597.2605590820312 148
1755801435607 739.4037475585938 149
1755801435640 854.4103393554688 150
1755801435666 725.1421508789062 151
1755801435690 670.3555297851562 152
1755801435728 942.6063842773438 153
1755801435755 918.446533203125 154
1755801435799 962.3356323242188 155
1755801435830 965.53857421875 156
1755801435860 674.27685546875 157
1755801435888 855.7879638671875 158
1755801435923 765.10107421875 159
1755801435963 534.8458251953125 160
1755801435990 825.9637451171875 161
1755801436019 794.5446166992188 162
1755801436045 661.1273803710938 163
1755801436070 946.849365234375 164
1755801436094 775.6728515625 165
1755801436125 792.7288818359375 166
1755801436158 708.4011840820312 167
1755801436188 1129.123046875 168
1755801436220 682.4310913085938 169
1755801436249 870.8612670898438 170
1755801436283 938.434814453125 171
1755801436317 911.9906005859375 172
1755801436345 893.3684692382812 173
1755801436373 921.9451904296875 174
1755801436401 843.4722290039062 175
1755801436438 1003.9496459960938 176
1755801436467 775.6483154296875 177
1755801436499 744.48681640625 178
1755801436529 932.2802734375 179
1755801436559 739.032470703125 180
1755801436589 715.1537475585938 181
1755801436615 1049.18603515625 182
1755801436650 733.1112670898438 183
1755801436682 991.8139038085938 184
1755801436714 941.1471557617188 185
1755801436747 760.86572265625 186
1755801436784 813.362548828125 187
1755801436815 993.0617065429688 188
1755801436845 983.6137084960938 189
1755801436872 663.4915771484375 190
1755801436908 760.3145141601562 191
1755801436943 868.8043823242188 192
1755801436973 841.4650268554688 193
1755801437022 738.654052734375 194
1755801437115 716.3643798828125 195
1755801437172 949.7862548828125 196
1755801437198 949.28857421875 197
1755801437223 813.1454467773438 198
1755801437246 1093.55615234375 199
1755801437279 703.4098510742188 200
1755801437308 818.2630004882812 201
1755801437338 894.5028076171875 202
1755801437381 861.3187255859375 203
1755801437407 1018.15283203125 204
1755801437436 922.263427734375 205
1755801437463 698.5478515625 206
1755801437492 761.2506713867188 207
1755801437523 913.6240234375 208
1755801437549 725.7007446289062 209
1755801437574 774.1487426757812 210
1755801437606 789.4214477539062 211
1755801437635 727.8594970703125 212
1755801437664 916.5518798828125 213
1755801437695 903.2227783203125 214
1755801437728 821.5573120117188 215
1755801437767 793.653564453125 216
1755801437807 1067.1136474609375 217
1755801437852 971.8065795898438 218
1755801437888 1034.146484375 219
1755801437918 843.0491943359375 220
1755801437958 805.7161254882812 221
1755801437989 667.1477661132812 222
1755801438019 974.5723266601562 223
1755801438048 1114.826416015625 224
1755801438076 817.70751953125 225
1755801438103 700.4927978515625 226
1755801438141 790.7691650390625 227
1755801438169 868.2752685546875 228
1755801438191 754.2836303710938 229
1755801438221 823.8290405273438 230
1755801438250 907.5114135742188 231
1755801438276 1141.1890869140625 232
1755801438300 821.4907836914062 233
1755801438325 781.5866088867188 234
1755801438349 667.470947265625 235
1755801438375 835.6549072265625 236
1755801438401 680.25341796875 237
1755801438428 567.9898071289062 238
1755801438456 684.40576171875 239
1755801438490 664.828369140625 240
1755801438514 964.0590209960938 241
1755801438540 1066.767578125 242
1755801438568 818.9383544921875 243
1755801438610 734.9061279296875 244
1755801438637 851.4025268554688 245
1755801438663 807.3003540039062 246
1755801438690 843.2576293945312 247
1755801438714 872.115478515625 248
1755801438742 820.6091918945312 249
1755801438770 932.6605834960938 250
1755801438802 1021.8970336914062 251
1755801438833 1077.2041015625 252
1755801438864 1042.7100830078125 253
1755801438894 847.9016723632812 254
1755801438928 712.4488525390625 255
1755801438952 702.9764404296875 256
1755801438984 935.7467651367188 257
1755801439009 854.4454345703125 258
1755801439035 951.2091064453125 259
1755801439061 826.2747192382812 260
1755801439090 963.2928466796875 261
1755801439117 1136.5146484375 262
1755801439151 738.9920043945312 263
1755801439180 852.6318359375 264
1755801439206 675.6826171875 265
1755801439246 951.3037109375 266
1755801439276 557.25 267
1755801439307 830.9168701171875 268
1755801439339 766.0537719726562 269
1755801439367 1074.9610595703125 270
1755801439404 897.5834350585938 271
1755801439437 812.238525390625 272
1755801439463 759.1370849609375 273
1755801439498 947.2371826171875 274
1755801439529 808.5075073242188 275
1755801439556 882.12939453125 276
1755801439585 892.5084838867188 277
1755801439615 652.6865844726562 278
1755801439656 738.2487182617188 279
1755801439694 651.7633056640625 280
1755801439734 954.7474975585938 281
1755801439768 920.5743408203125 282
1755801439801 1004.5348510742188 283
1755801439829 1062.3857421875 284
1755801439860 556.4315185546875 285
1755801439892 1082.7918701171875 286
1755801439926 906.7925415039062 287
1755801439955 903.3477783203125 288
1755801439990 648.1802978515625 289
1755801440017 860.4523315429688 290
1755801440046 850.3883056640625 291
1755801440087 1041.7530517578125 292
1755801440129 895.2330932617188 293
1755801440160 881.0366821289062 294
1755801440191 796.3021240234375 295
1755801440216 564.9442138671875 296
1755801440249 692.8828125 297
1755801440281 681.6581420898438 298
1755801440316 1062.7518310546875 299
1755801451438 2605.72021484375 0
1755801451474 2565.546142578125 1
1755801451507 2625.208984375 2
1755801451539 2595.821533203125 3
1755801451570 2571.744873046875 4
1755801451604 2593.230224609375 5
1755801451641 2659.837158203125 6
1755801451671 2492.6298828125 7
1755801451697 2629.512939453125 8
1755801451731 2585.420166015625 9
1755801451767 2567.467041015625 10
1755801451808 2554.9951171875 11
1755801451841 2461.4228515625 12
1755801451876 2556.809814453125 13
1755801451920 2492.951904296875 14
1755801451958 2460.616943359375 15
1755801451992 2457.308837890625 16
1755801452027 2561.521728515625 17
1755801452068 2409.9404296875 18
1755801452109 2432.340087890625 19
1755801452145 2394.8515625 20
1755801452181 2436.4970703125 21
1755801452216 2215.265380859375 22
1755801452251 2417.51416015625 23
1755801452283 2348.176025390625 24
1755801452317 2399.92724609375 25
1755801452352 2422.8115234375 26
1755801452392 2329.09326171875 27
1755801452428 2185.75537109375 28
1755801452470 2152.04296875 29
1755801452514 2122.32275390625 30
1755801452547 2224.218505859375 31
1755801452574 2150.475341796875 32
1755801452611 2081.717041015625 33
1755801452648 2039.2049560546875 34
1755801452688 2085.673828125 35
1755801452720 2054.27197265625 36
1755801452747 1904.4564208984375 37
1755801452777 2062.595703125 38
1755801452814 1844.864013671875 39
1755801452853 1902.5628662109375 40
1755801452889 1867.1341552734375 41
1755801452986 1906.6763916015625 42
1755801453022 1751.5513916015625 43
1755801453071 1581.6822509765625 44
1755801453108 1637.1859130859375 45
1755801453151 1589.8382568359375 46
1755801453185 1377.736328125 47
1755801453219 1651.3270263671875 48
1755801453255 1480.8878173828125 49
1755801453284 1529.161865234375 50
1755801453319 1548.8277587890625 51
1755801453349 1556.000244140625 52
1755801453393 1612.230712890625 53
1755801453640 1477.7728271484375 54
1755801453689 1534.9542236328125 55
1755801453731 1290.4486083984375 56
1755801453799 1413.709228515625 57
1755801453844 1412.2635498046875 58
1755801453893 1402.578125 59
1755801453924 1411.8717041015625 60
1755801453960 1541.399658203125 61
1755801453995 1406.177001953125 62
1755801454029 1485.7767333984375 63
1755801454062 1274.946533203125 64
1755801454099 1451.9586181640625 65
1755801454135 1532.663330078125 66
1755801454177 1523.8504638671875 67
1755801454212 1319.715087890625 68
1755801454245 1518.7440185546875 69
1755801454283 1530.1627197265625 70
1755801454327 1334.9876708984375 71
1755801454363 1279.3145751953125 72
1755801454403 1420.8326416015625 73
1755801454432 1357.031494140625 74
1755801454460 1397.364990234375 75
1755801454492 1461.3016357421875 76
1755801454523 1274.1409912109375 77
1755801454558 1434.7615966796875 78
1755801454586 1379.67626953125 79
1755801454619 1493.01171875 80
1755801454653 1367.0645751953125 81
1755801454681 1600.8948974609375 82
1755801454718 1565.24609375 83
1755801454747 1374.9473876953125 84
1755801454779 1530.6534423828125 85
1755801454813 1378.6112060546875 86
1755801454844 1502.6956787109375 87
1755801454881 1629.2447509765625 88
1755801454917 1598.8065185546875 89
1755801454946 1324.049560546875 90
1755801454978 1421.7808837890625 91
1755801455013 1513.47314453125 92
1755801455048 1420.6136474609375 93
1755801455082 1298.1644287109375 94
1755801455121 1363.38330078125 95
1755801455153 1461.27294921875 96
1755801455179 1287.0245361328125 97
1755801455205 1517.48486328125 98
1755801455231 1432.6156005859375 99
1755801455257 1235.27197265625 100
1755801455283 1177.2813720703125 101
1755801455309 1383.1556396484375 102
1755801455335 1433.116455078125 103
1755801455389 1164.312255859375 104
1755801455429 1518.0897216796875 105
1755801455470 1367.15625 106
1755801455511 1238.4173583984375 107
1755801455540 1162.684814453125 108
1755801455578 993.28173828125 109
1755801455609 1359.9776611328125 110
1755801455643 1346.4622802734375 111
1755801455675 1327.1439208984375 112
1755801455714 1307.102294921875 113
1755801455748 1612.33935546875 114
1755801455797 1502.941650390625 115
1755801455828 1480.9066162109375 116
1755801455859 1451.4573974609375 117
1755801455893 1343.2816162109375 118
1755801455923 1197.16748046875 119
1755801455976 1166.730712890625 120
1755801456011 1503.106689453125 121
1755801456045 1318.97021484375 122
1755801456085 1167.2799072265625 123
1755801456118 1408.857666015625 124
1755801456150 1447.62744140625 125
1755801456183 1346.2860107421875 126
1755801456212 1229.3841552734375 127
1755801456254 1198.61572265625 128
1755801456298 1373.754638671875 129
1755801456327 1416.8013916015625 130
1755801456357 1192.9151611328125 131
1755801456386 1207.4642333984375 132
1755801456414 1469.4539794921875 133
1755801456439 1387.9228515625 134
1755801456465 1295.6763916015625 135
1755801456495 1426.6649169921875 136
1755801456526 1431.478515625 137
1755801456556 1379.590087890625 138
1755801456585 1380.8699951171875 139
1755801456618 1447.099365234375 140
1755801456685 1458.4376220703125 141
1755801456717 1420.2738037109375 142
1755801456754 1292.80029296875 143
1755801456797 1415.73876953125 144
1755801456897 1417.302001953125 145
1755801456953 1643.2960205078125 146
1755801456983 1459.9508056640625 147
1755801457020 1354.9439697265625 148
1755801457050 1202.08056640625 149
1755801457081 1342.2410888671875 150
1755801457110 1147.3212890625 151
1755801457153 1153.928955078125 152
1755801457201 1252.6534423828125 153
1755801457242 1508.0802001953125 154
1755801457283 1429.7972412109375 155
1755801457337 1527.8035888671875 156
1755801457379 1411.6060791015625 157
1755801457414 1358.2579345703125 158
1755801457445 1579.8585205078125 159
1755801457476 1166.5855712890625 160
1755801457508 1534.5791015625 161
1755801457537 1426.8707275390625 162
1755801457569 1347.4786376953125 163
1755801457602 1393.203857421875 164
1755801457636 1295.48583984375 165
1755801457669 1384.1278076171875 166
1755801457707 1300.72802734375 167
1755801457745 1317.2205810546875 168
1755801457775 1435.9005126953125 169
1755801457812 1551.440673828125 170
1755801457844 1386.717529296875 171
1755801457884 1145.443115234375 172
1755801457927 1173.20263671875 173
1755801457997 1379.5528564453125 174
1755801458033 1374.0447998046875 175
1755801458082 1354.0765380859375 176
1755801458112 1329.438720703125 177
1755801458144 1455.4678955078125 178
1755801458176 1194.7962646484375 179
1755801458204 1237.1558837890625 180
1755801458243 1411.3289794921875 181
1755801458269 1288.6868896484375 182
1755801458298 1396.559814453125 183
1755801458324 1226.80078125 184
1755801458350 1414.2552490234375 185
1755801458380 1420.699462890625 186
1755801458408 1280.055419921875 187
1755801458438 1349.812255859375 188
1755801458469 1395.6126708984375 189
1755801458494 1601.8480224609375 190
1755801458533 1295.8968505859375 191
1755801458563 1233.1307373046875 192
1755801458587 1435.78662109375 193
1755801458617 1241.21533203125 194
1755801458661 1158.119873046875 195
1755801458701 1388.8768310546875 196
1755801458809 1142.39892578125 197
1755801458843 1569.685302734375 198
1755801458879 1403.364013671875 199
1755801458904 1227.7491455078125 200
1755801458941 1095.853515625 201
1755801458998 1295.44287109375 202
1755801459031 1138.2076416015625 203
1755801459056 1339.8037109375 204
1755801459090 1235.0166015625 205
1755801459127 1395.7919921875 206
1755801459165 1049.459228515625 207
1755801459202 1265.8636474609375 208
1755801459234 1269.6361083984375 209
1755801459267 1132.5994873046875 210
1755801459301 1351.4334716796875 211
1755801459339 1372.1336669921875 212
1755801459377 1344.3519287109375 213
1755801459419 1304.723876953125 214
1755801459451 1267.145263671875 215
1755801459481 1035.19384765625 216
1755801459508 1365.449951171875 217
1755801459545 1213.45654296875 218
1755801459581 1302.68603515625 219
1755801459620 1507.54150390625 220
1755801459657 1460.6658935546875 221
1755801459690 1231.8526611328125 222
1755801459736 1421.047119140625 223
1755801459768 1208.6297607421875 224
1755801459808 1289.4962158203125 225
1755801459841 1215.680419921875 226
1755801459871 1538.471923828125 227
1755801459901 1215.173828125 228
1755801459929 1349.8463134765625 229
1755801459961 1136.802978515625 230
1755801459987 1356.2874755859375 231
1755801460021 1338.49853515625 232
1755801460056 1362.083251953125 233
1755801460090 1238.1951904296875 234
1755801460119 1122.3670654296875 235
1755801460159 1140.1231689453125 236
1755801460194 1455.5281982421875 237
1755801460306 1182.0548095703125 238
1755801460375 1464.74560546875 239
1755801460414 1386.512939453125 240
1755801460470 1245.81103515625 241
1755801460511 1175.7125244140625 242
1755801460549 1184.94677734375 243
1755801460575 1290.0858154296875 244
1755801460614 1265.1727294921875 245
1755801460644 1359.5062255859375 246
1755801460673 1312.0426025390625 247
1755801460700 1291.484130859375 248
1755801460737 1163.324462890625 249
1755801460769 1486.52294921875 250
1755801460805 1126.425537109375 251
1755801460839 1385.8802490234375 252
1755801460873 1199.652099609375 253
1755801460917 1337.1177978515625 254
1755801460960 1059.609130859375 255
1755801461008 1368.9603271484375 256
1755801461045 1193.136962890625 257
1755801461079 1262.2635498046875 258
1755801461111 1203.781494140625 259
1755801461154 1227.8868408203125 260
1755801461199 1273.1007080078125 261
1755801461234 1440.1409912109375 262
1755801461267 1493.0408935546875 263
1755801461300 1472.4183349609375 264
1755801461330 1023.4327392578125 265
1755801461363 1125.14404296875 266
1755801461404 1408.38916015625 267
1755801461435 1205.09814453125 268
1755801461481 1415.3433837890625 269
1755801461514 1434.5399169921875 270
1755801461546 1073.0545654296875 271
1755801461583 1134.473876953125 272
1755801461621 1309.230224609375 273
1755801461657 1129.921630859375 274
1755801461705 1300.525634765625 275
1755801461737 1272.0994873046875 276
1755801461768 1315.665283203125 277
1755801461801 1318.3001708984375 278
1755801461832 1277.488037109375 279
1755801461862 1332.7640380859375 280
1755801461897 1283.2056884765625 281
1755801461932 1208.459716796875 282
1755801461968 1288.324462890625 283
1755801462002 1136.357666015625 284
1755801462039 1265.6881103515625 285
1755801462074 1158.9654541015625 286
1755801462109 1327.0318603515625 287
1755801462148 1214.2933349609375 288
1755801462183 1252.153564453125 289
1755801462214 1301.60791015625 290
1755801462243 1339.2127685546875 291
1755801462294 1197.50732421875 292
1755801462338 1179.31591796875 293
1755801462379 1343.6162109375 294
1755801462427 1118.979736328125 295
1755801462470 1340.434814453125 296
1755801462506 1026.2120361328125 297
1755801462539 1175.57177734375 298
1755801462571 992.20361328125 299
1755801476749 2459.14892578125 0
1755801476794 2335.813720703125 1
1755801476835 2468.38330078125 2
1755801476862 2684.599853515625 3
1755801476898 2390.870361328125 4
1755801476928 2573.967529296875 5
1755801476959 2419.675537109375 6
1755801476991 2430.643798828125 7
1755801477023 2346.002685546875 8
1755801477055 2387.89990234375 9
1755801477091 2253.84619140625 10
1755801477123 2431.93359375 11
1755801477155 2387.34765625 12
1755801477182 2286.865478515625 13
1755801477212 2269.7880859375 14
1755801477246 2236.6572265625 15
1755801477284 2360.5546875 16
1755801477323 2277.887451171875 17
1755801477370 2325.062255859375 18
1755801477416 2108.4970703125 19
1755801477454 2233.82763671875 20
1755801477517 2237.345703125 21
1755801477546 2170.159912109375 22
1755801477588 2155.9228515625 23
1755801477631 2169.533935546875 24
1755801477674 2088.439208984375 25
1755801477714 1984.58349609375 26
1755801477748 1975.1962890625 27
1755801477774 1903.5225830078125 28
1755801477828 2079.150146484375 29
1755801477865 1825.3427734375 30
1755801477898 1985.94775390625 31
1755801477932 1707.405029296875 32
1755801477966 1770.004638671875 33
1755801477999 1984.541259765625 34
1755801478027 1969.6124267578125 35
1755801478057 1807.6478271484375 36
1755801478085 1570.2042236328125 37
1755801478113 1689.570068359375 38
1755801478140 1594.5257568359375 39
1755801478176 1476.6875 40
1755801478214 1647.82373046875 41
1755801478244 1619.7818603515625 42
1755801478280 1482.9783935546875 43
1755801478307 1518.877685546875 44
1755801478338 1594.941162109375 45
1755801478373 1470.968994140625 46
1755801478408 1572.77197265625 47
1755801478443 1374.1162109375 48
1755801478475 1612.3341064453125 49
1755801478501 1516.15771484375 50
1755801478548 1404.352294921875 51
1755801478584 1457.370849609375 52
1755801478622 1428.55126953125 53
1755801478669 1469.0303955078125 54
1755801478702 1572.5103759765625 55
1755801478740 1398.3333740234375 56
1755801478772 1142.953125 57
1755801478804 1686.5560302734375 58
1755801478837 1363.878173828125 59
1755801478868 1218.214599609375 60
1755801478917 1377.3846435546875 61
1755801478956 1596.5003662109375 62
1755801478990 1312.48779296875 63
1755801479023 1668.344970703125 64
1755801479059 1462.3739013671875 65
1755801479103 1528.073486328125 66
1755801479150 1322.447509765625 67
1755801479188 1507.9822998046875 68
1755801479223 1168.341796875 69
1755801479266 1490.08935546875 70
1755801479304 1445.951904296875 71
1755801479342 1425.40380859375 72
1755801479382 1317.2288818359375 73
1755801479412 1266.03271484375 74
1755801479441 1260.882080078125 75
1755801479478 1441.0518798828125 76
1755801479506 1462.2803955078125 77
1755801479536 1168.3516845703125 78
1755801479577 1449.3126220703125 79
1755801479621 1439.3248291015625 80
1755801479658 1406.8897705078125 81
1755801479689 1441.756591796875 82
1755801479721 1446.0162353515625 83
1755801479752 1322.3094482421875 84
1755801479860 1280.7474365234375 85
1755801479916 1240.67236328125 86
1755801479956 1207.62353515625 87
1755801479990 1239.596923828125 88
1755801480031 1556.9425048828125 89
1755801480066 1352.6268310546875 90
1755801480102 1465.6326904296875 91
1755801480148 1259.6983642578125 92
1755801480184 1710.554443359375 93
1755801480220 1282.086669921875 94
1755801480255 1397.8441162109375 95
1755801480295 1407.799072265625 96
1755801480333 1285.0836181640625 97
1755801480379 1324.1531982421875 98
1755801480409 1667.4356689453125 99
1755801480441 1409.7796630859375 100
1755801480488 1598.8924560546875 101
1755801480523 1415.8831787109375 102
1755801480562 1367.4801025390625 103
1755801480594 1156.5643310546875 104
1755801480636 1425.2955322265625 105
1755801480699 1328.9815673828125 106
1755801480742 1233.259033203125 107
1755801480776 1413.0482177734375 108
1755801480867 1426.25927734375 109
1755801480923 1522.91943359375 110
1755801480978 1546.246337890625 111
1755801481044 1463.7335205078125 112
1755801481077 1059.1844482421875 113
1755801481111 1400.262451171875 114
1755801481140 1299.8092041015625 115
1755801481168 1134.5081787109375 116
1755801481200 1572.14013671875 117
1755801481231 1175.268310546875 118
1755801481259 1440.6263427734375 119
1755801481293 1463.6007080078125 120
1755801481327 1420.654296875 121
1755801481364 1214.1085205078125 122
1755801481396 1468.7938232421875 123
1755801481433 1568.5435791015625 124
1755801481465 1362.985107421875 125
1755801481494 1359.216796875 126
1755801481523 1416.6136474609375 127
1755801481558 1451.9124755859375 128
1755801481594 1127.389404296875 129
1755801481629 1516.5302734375 130
1755801481664 1250.746826171875 131
1755801481697 1118.0302734375 132
1755801481731 1546.54345703125 133
1755801481764 1357.444091796875 134
1755801481797 1180.8702392578125 135
1755801481830 1555.6031494140625 136
1755801481863 1450.61376953125 137
1755801481900 1444.585205078125 138
1755801481929 1423.1636962890625 139
1755801481962 1321.4921875 140
1755801481996 1322.78466796875 141
1755801482040 1443.0281982421875 142
1755801482074 1233.989013671875 143
1755801482112 1466.0299072265625 144
1755801482153 1450.6934814453125 145
1755801482188 1324.2447509765625 146
1755801482219 1510.4361572265625 147
1755801482252 1404.0771484375 148
1755801482289 1154.0472412109375 149
1755801482323 1092.831787109375 150
1755801482452 1265.3919677734375 151
1755801482504 1255.812744140625 152
1755801482537 1348.6397705078125 153
1755801482576 1249.1553955078125 154
1755801482609 1227.2965087890625 155
1755801482642 1250.804931640625 156
1755801482689 1175.0628662109375 157
1755801482721 1225.492919921875 158
1755801482754 1043.2430419921875 159
1755801482787 1319.67626953125 160
1755801482818 1403.6431884765625 161
1755801482849 1149.9940185546875 162
1755801482897 1203.51806640625 163
1755801483017 1333.2742919921875 164
1755801483068 1383.9483642578125 165
1755801483098 1126.0548095703125 166
1755801483145 1362.822509765625 167
1755801483196 1477.18212890625 168
1755801483236 1288.9517822265625 169
1755801483269 1145.5279541015625 170
1755801483296 1268.8802490234375 171
1755801483326 1248.769287109375 172
1755801483353 1256.2984619140625 173
1755801483385 1283.35400390625 174
1755801483418 1511.0941162109375 175
1755801483447 1367.284912109375 176
1755801483483 1396.433349609375 177
1755801483517 1306.1944580078125 178
1755801483556 1260.379638671875 179
1755801483587 1347.072509765625 180
1755801483620 1235.0494384765625 181
1755801483657 1168.0247802734375 182
1755801483689 1348.36767578125 183
1755801483724 1443.8475341796875 184
1755801483759 1570.871826171875 185
1755801483800 1166.3709716796875 186
1755801483842 1148.89404296875 187
1755801483877 1196.7117919921875 188
1755801483930 1313.3426513671875 189
1755801483979 1310.5050048828125 190
1755801484010 1271.912109375 191
1755801484038 1143.953857421875 192
1755801484068 1277.5234375 193
1755801484103 1459.9923095703125 194
1755801484136 1194.02197265625 195
1755801484170 1256.618896484375 196
1755801484202 1204.5025634765625 197
1755801484232 1138.00146484375 198
1755801484264 1150.6602783203125 199
1755801484298 1438.8426513671875 200
1755801484327 1346.9991455078125 201
1755801484360 1483.3233642578125 202
1755801484395 1392.718505859375 203
1755801484431 1514.7174072265625 204
1755801484473 1332.1336669921875 205
1755801484504 1219.186767578125 206
1755801484538 1175.5008544921875 207
1755801484570 1189.04248046875 208
1755801484610 1252.7474365234375 209
1755801484648 1343.2977294921875 210
1755801484679 1413.8399658203125 211
1755801484713 1369.8052978515625 212
1755801484753 1304.773193359375 213
1755801484799 1222.696044921875 214
1755801484850 1090.808837890625 215
1755801484890 969.7645263671875 216
1755801484920 1470.677734375 217
1755801484949 1449.5614013671875 218
1755801484976 1155.0289306640625 219
1755801485009 1119.2777099609375 220
1755801485037 1225.5037841796875 221
1755801485066 1468.2052001953125 222
1755801485091 1244.9849853515625 223
1755801485122 1374.32861328125 224
1755801485159 1015.5796508789062 225
1755801485192 1256.7669677734375 226
1755801485219 1283.712890625 227
1755801485254 1203.7093505859375 228
1755801485289 1401.2530517578125 229
1755801485326 1159.662353515625 230
1755801485353 1119.483154296875 231
1755801485388 1251.444091796875 232
1755801485424 1122.4498291015625 233
1755801485456 973.7364501953125 234
1755801485488 1274.8878173828125 235
1755801485527 1317.0579833984375 236
1755801485563 1104.8438720703125 237
1755801485593 1034.3046875 238
1755801485626 1466.02978515625 239
1755801485658 1045.0030517578125 240
1755801485685 1213.85888671875 241
1755801485718 1232.979248046875 242
1755801485746 1403.6622314453125 243
1755801485772 1215.1593017578125 244
1755801485824 1319.37646484375 245
1755801485932 1160.837890625 246
1755801485988 1226.0712890625 247
1755801486013 1267.5655517578125 248
1755801486037 999.0020141601562 249
1755801486066 1296.3682861328125 250
1755801486090 1046.757568359375 251
1755801486115 1416.552490234375 252
1755801486147 1317.3853759765625 253
1755801486173 1069.0220947265625 254
1755801486200 1080.3641357421875 255
1755801486228 1176.9307861328125 256
1755801486257 1148.1480712890625 257
1755801486283 1316.287841796875 258
1755801486309 1293.4388427734375 259
1755801486335 1330.8138427734375 260
1755801486368 1096.4140625 261
1755801486403 1291.0155029296875 262
1755801486433 1266.376220703125 263
1755801486469 1168.425048828125 264
1755801486518 1223.494140625 265
1755801486549 1254.7877197265625 266
1755801486606 1138.0877685546875 267
1755801486648 1559.0128173828125 268
1755801486682 1044.826171875 269
1755801486710 1253.767578125 270
1755801486737 1325.296142578125 271
1755801486764 1331.6112060546875 272
1755801486807 1168.66162109375 273
1755801486842 1229.5673828125 274
1755801486883 1303.1575927734375 275
1755801486972 1170.726806640625 276
1755801487003 1311.1539306640625 277
1755801487034 1127.689697265625 278
1755801487066 952.5389404296875 279
1755801487097 1159.4503173828125 280
1755801487132 1208.0018310546875 281
1755801487164 1195.646240234375 282
1755801487193 1103.36279296875 283
1755801487218 1158.53173828125 284
1755801487268 1333.168701171875 285
1755801487308 1138.4322509765625 286
1755801487345 1075.046630859375 287
1755801487382 1100.697509765625 288
1755801487416 1381.7747802734375 289
1755801487450 1185.54833984375 290
1755801487482 1284.4522705078125 291
1755801487512 1048.2257080078125 292
1755801487540 1319.5875244140625 293
1755801487576 1297.9765625 294
1755801487609 1446.2750244140625 295
1755801487641 956.3901977539062 296
1755801487676 1299.02783203125 297
1755801487709 1140.6143798828125 298
1755801487742 1464.7406005859375 299
1755801502931 2681.0615234375 0
1755801502966 2734.53955078125 1
1755801503003 2493.4072265625 2
1755801503037 2495.051025390625 3
1755801503072 2546.2470703125 4
1755801503112 2586.06201171875 5
1755801503146 2494.660400390625 6
1755801503196 2550.04443359375 7
1755801503231 2394.9228515625 8
1755801503261 2372.633544921875 9
1755801503291 2468.749267578125 10
1755801503323 2366.108642578125 11
1755801503352 2265.11279296875 12
1755801503405 2384.416259765625 13
1755801503465 2216.02099609375 14
1755801503501 2070.285888671875 15
1755801503536 2143.05322265625 16
1755801503572 2145.029296875 17
1755801503603 2110.1796875 18
1755801503637 2204.49072265625 19
1755801503668 1964.4237060546875 20
1755801503712 1997.386962890625 21
1755801503741 1900.644287109375 22
1755801503772 1912.617919921875 23
1755801503813 1822.8289794921875 24
1755801503849 1908.629638671875 25
1755801503892 1879.5526123046875 26
1755801503926 1762.520751953125 27
1755801503961 1691.0423583984375 28
1755801504009 1650.42041015625 29
1755801504044 1405.611572265625 30
1755801504074 1557.1614990234375 31
1755801504108 1657.9366455078125 32
1755801504146 1630.5748291015625 33
1755801504178 1577.9420166015625 34
1755801504212 1425.5712890625 35
1755801504245 1516.1048583984375 36
1755801504277 1697.5015869140625 37
1755801504313 1354.6727294921875 38
1755801504358 1521.488037109375 39
1755801504396 1628.7677001953125 40
1755801504449 1638.067138671875 41
1755801504492 1376.2178955078125 42
1755801504519 1483.069580078125 43
1755801504568 1512.9654541015625 44
1755801504604 1382.317626953125 45
1755801504641 1537.5616455078125 46
1755801504670 1362.3314208984375 47
1755801504699 1462.149169921875 48
1755801504726 1438.04150390625 49
1755801504773 1357.5125732421875 50
1755801504815 1779.784912109375 51
1755801504854 1556.927978515625 52
1755801504901 1487.159423828125 53
1755801504944 1467.5042724609375 54
1755801505118 1541.5594482421875 55
1755801505267 1675.75341796875 56
1755801505303 1364.6580810546875 57
1755801505337 1845.866455078125 58
1755801505376 1548.5477294921875 59
1755801505481 1547.5850830078125 60
1755801505651 1381.2159423828125 61
1755801505730 1489.20556640625 62
1755801505782 1398.476806640625 63
1755801505822 1799.29443359375 64
1755801505865 1382.4501953125 65
1755801505903 1457.7823486328125 66
1755801505934 1364.55615234375 67
1755801505965 1429.9305419921875 68
1755801505998 1381.098876953125 69
1755801506043 1679.776123046875 70
1755801506076 1572.3636474609375 71
1755801506111 1393.8326416015625 72
1755801506158 1434.9427490234375 73
1755801506202 1381.4000244140625 74
1755801506249 1407.34765625 75
1755801506289 1570.821533203125 76
1755801506331 1212.8455810546875 77
1755801506469 1761.7135009765625 78
1755801506526 1349.3734130859375 79
1755801506569 1285.2769775390625 80
1755801506684 1425.235107421875 81
1755801506735 1243.0570068359375 82
1755801506782 1368.9617919921875 83
1755801506827 1625.4564208984375 84
1755801506865 1492.4403076171875 85
1755801506899 1490.7056884765625 86
1755801506925 1416.1536865234375 87
1755801506954 1492.350830078125 88
1755801507000 1234.2244873046875 89
1755801507053 1363.8831787109375 90
1755801507093 1296.07763671875 91
1755801507135 1410.25537109375 92
1755801507169 1458.593505859375 93
1755801507207 1386.18603515625 94
1755801507249 1215.961669921875 95
1755801507280 1259.6514892578125 96
1755801507309 1266.00927734375 97
1755801507341 1504.0589599609375 98
1755801507372 1376.5657958984375 99
1755801507410 1262.781494140625 100
1755801507441 1239.7884521484375 101
1755801507471 1508.0030517578125 102
1755801507503 1268.4417724609375 103
1755801507532 1340.1231689453125 104
1755801507595 1480.236083984375 105
1755801507685 1499.7908935546875 106
1755801507712 1395.1055908203125 107
1755801507737 1197.8819580078125 108
1755801507767 1321.9822998046875 109
1755801507792 1505.518310546875 110
1755801507825 1395.45263671875 111
1755801507853 1373.2177734375 112
1755801507904 1425.3782958984375 113
1755801507936 1194.0855712890625 114
1755801507966 1549.154541015625 115
1755801507996 1322.041748046875 116
1755801508022 1367.469482421875 117
1755801508048 1519.5181884765625 118
1755801508082 1419.36083984375 119
1755801508122 1414.524169921875 120
1755801508158 1527.8760986328125 121
1755801508189 1600.8800048828125 122
1755801508232 1508.238037109375 123
1755801508264 1167.3585205078125 124
1755801508294 1384.1380615234375 125
1755801508324 1617.6683349609375 126
1755801508358 1444.85546875 127
1755801508391 1477.24853515625 128
1755801508429 1247.4267578125 129
1755801508479 1457.1295166015625 130
1755801508518 1253.2193603515625 131
1755801508553 1145.603515625 132
1755801508580 1336.1492919921875 133
1755801508605 1356.033935546875 134
1755801508633 1057.7415771484375 135
1755801508662 1446.59912109375 136
1755801508704 1595.6114501953125 137
1755801508736 1358.501220703125 138
1755801508766 1386.260498046875 139
1755801508850 1308.7769775390625 140
1755801508887 1140.8873291015625 141
1755801508920 1182.4239501953125 142
1755801508952 1345.010986328125 143
1755801508983 1382.48388671875 144
1755801509020 1267.7376708984375 145
1755801509055 1201.6806640625 146
1755801509083 1496.2529296875 147
1755801509121 1391.5035400390625 148
1755801509158 1403.202880859375 149
1755801509192 1381.7835693359375 150
1755801509241 1342.80126953125 151
1755801509280 987.8729858398438 152
1755801509320 1244.84521484375 153
1755801509358 1197.24267578125 154
1755801509392 1135.519287109375 155
1755801509433 1224.25390625 156
1755801509481 1413.9678955078125 157
1755801509514 1157.0855712890625 158
1755801509549 1059.9979248046875 159
1755801509632 1302.5828857421875 160
1755801509703 1460.516845703125 161
1755801509740 1428.910400390625 162
1755801509771 1397.5009765625 163
1755801509805 1665.75732421875 164
1755801509836 1175.45556640625 165
1755801509866 1341.4652099609375 166
1755801509903 1243.59228515625 167
1755801509936 1202.004638671875 168
1755801509976 1255.6201171875 169
1755801510021 1601.9542236328125 170
1755801510065 1324.0028076171875 171
1755801510105 1396.225341796875 172
1755801510145 1181.9178466796875 173
1755801510187 1292.7381591796875 174
1755801510240 1556.0509033203125 175
1755801510278 1452.9295654296875 176
1755801510321 1257.4478759765625 177
1755801510370 1204.276123046875 178
1755801510405 1243.2205810546875 179
1755801510445 1407.3458251953125 180
1755801510485 1321.946533203125 181
1755801510517 1144.9959716796875 182
1755801510597 1208.2840576171875 183
1755801510631 1224.87158203125 184
1755801510663 1281.0411376953125 185
1755801510691 1184.3052978515625 186
1755801510719 1267.608154296875 187
1755801510748 1163.2645263671875 188
1755801510809 1225.453125 189
1755801510849 1177.612060546875 190
1755801510881 1463.03271484375 191
1755801510910 1252.20166015625 192
1755801510948 1453.6552734375 193
1755801511016 1345.2734375 194
1755801511101 1436.2076416015625 195
1755801511289 1315.95458984375 196
1755801511378 1099.25634765625 197
1755801511412 1557.0772705078125 198
1755801511448 1446.351806640625 199
1755801511479 1178.9930419921875 200
1755801511511 1423.825439453125 201
1755801511555 1242.57421875 202
1755801511592 1392.0692138671875 203
1755801511634 1270.9986572265625 204
1755801511675 1347.95703125 205
1755801511714 1176.36865234375 206
1755801511755 1306.4461669921875 207
1755801511783 1335.04248046875 208
1755801511828 1194.842041015625 209
1755801511872 1457.052734375 210
1755801511908 1384.4464111328125 211
1755801511940 1178.599365234375 212
1755801511973 1319.9853515625 213
1755801512015 1485.520263671875 214
1755801512047 1150.218505859375 215
1755801512076 1051.7476806640625 216
1755801512103 1282.374267578125 217
1755801512132 1292.259033203125 218
1755801512162 1352.145751953125 219
1755801512200 1164.4080810546875 220
1755801512228 1471.295166015625 221
1755801512264 1443.4449462890625 222
1755801512317 1234.6265869140625 223
1755801512358 1389.4588623046875 224
1755801512390 1180.2601318359375 225
1755801512424 1169.758056640625 226
1755801512456 1368.1668701171875 227
1755801512487 1263.9111328125 228
1755801512523 1264.6685791015625 229
1755801512553 1350.99365234375 230
1755801512583 1124.9593505859375 231
1755801512609 1389.4088134765625 232
1755801512636 1326.487060546875 233
1755801512665 1163.6907958984375 234
1755801512714 1250.697021484375 235
1755801512752 1376.1094970703125 236
1755801512784 1235.116943359375 237
1755801512816 1213.4169921875 238
1755801512850 1153.88671875 239
1755801512886 1271.2935791015625 240
1755801512936 1590.2615966796875 241
1755801512971 1399.7698974609375 242
1755801513007 1312.628662109375 243
1755801513048 1226.183837890625 244
1755801513077 1483.324462890625 245
1755801513110 1273.8104248046875 246
1755801513230 1386.117431640625 247
1755801513288 1287.241943359375 248
1755801513314 1301.080322265625 249
1755801513342 1358.8272705078125 250
1755801513370 1157.4825439453125 251
1755801513403 1435.5029296875 252
1755801513433 1285.623291015625 253
1755801513462 1538.1553955078125 254
1755801513490 1282.4952392578125 255
1755801513522 1391.271240234375 256
1755801513553 1067.6065673828125 257
1755801513584 1440.6036376953125 258
1755801513621 1187.5675048828125 259
1755801513651 1220.2459716796875 260
1755801513688 1144.7413330078125 261
1755801513719 1455.99072265625 262
1755801513754 1211.941650390625 263
1755801513786 1523.63037109375 264
1755801513820 1479.077392578125 265
1755801513854 1647.497314453125 266
1755801513910 1363.470458984375 267
1755801513973 1161.94970703125 268
1755801514023 1440.5262451171875 269
1755801514061 1266.732666015625 270
1755801514097 1455.5223388671875 271
1755801514137 1235.5137939453125 272
1755801514173 1271.8134765625 273
1755801514208 1579.8045654296875 274
1755801514256 1402.1741943359375 275
1755801514288 1170.1036376953125 276
1755801514323 1243.3861083984375 277
1755801514368 1450.8143310546875 278
1755801514416 1425.32421875 279
1755801514455 1458.7698974609375 280
1755801514500 1341.6741943359375 281
1755801514537 1624.1622314453125 282
1755801514570 1287.2720947265625 283
1755801514604 1146.0015869140625 284
1755801514636 1361.36962890625 285
1755801514670 1312.723876953125 286
1755801514703 1267.1307373046875 287
1755801514738 1177.6517333984375 288
1755801514785 1491.289306640625 289
1755801514823 1099.39990234375 290
1755801514856 1331.392822265625 291
1755801514893 1087.8770751953125 292
1755801514924 1120.4849853515625 293
1755801514955 1409.5850830078125 294
1755801514994 1299.4674072265625 295
1755801515034 1049.9820556640625 296
1755801515078 1302.1239013671875 297
1755801515121 1143.4197998046875 298
1755801515168 1353.5054931640625 299
1755801528307 2512.138427734375 0
1755801528344 2531.935791015625 1
1755801528374 2432.591796875 2
1755801528439 2596.5732421875 3
1755801528468 2631.010986328125 4
1755801528511 2511.422607421875 5
1755801528547 2502.044921875 6
1755801528584 2465.908203125 7
1755801528618 2366.697021484375 8
1755801528663 2439.923583984375 9
1755801528709 2332.878173828125 10
1755801528767 2322.540771484375 11
1755801528810 2280.64892578125 12
1755801528847 2182.452392578125 13
1755801528880 2260.88427734375 14
1755801528921 2279.63330078125 15
1755801528961 2349.004638671875 16
1755801528991 2180.147216796875 17
1755801529022 2145.103271484375 18
1755801529074 2174.00439453125 19
1755801529105 2113.10888671875 20
1755801529135 2094.747314453125 21
1755801529166 1966.367431640625 22
1755801529199 2107.51904296875 23
1755801529228 2063.46923828125 24
1755801529277 1850.925048828125 25
1755801529326 1951.029052734375 26
1755801529354 2044.5350341796875 27
1755801529392 1758.301025390625 28
1755801529425 1717.868408203125 29
1755801529455 1814.26806640625 30
1755801529488 1651.5198974609375 31
1755801529520 1745.8978271484375 32
1755801529560 1849.8992919921875 33
1755801529592 1768.5675048828125 34
1755801529624 1686.6568603515625 35
1755801529656 1570.6234130859375 36
1755801529692 1980.1416015625 37
1755801529722 1366.808349609375 38
1755801529753 1588.736328125 39
1755801529792 1642.0716552734375 40
1755801529830 1452.3634033203125 41
1755801529870 1637.4249267578125 42
1755801529905 1901.253662109375 43
1755801529935 1387.1595458984375 44
1755801529967 1516.416015625 45
1755801530006 1573.180419921875 46
1755801530038 1453.925537109375 47
1755801530079 1523.865234375 48
1755801530110 1473.841796875 49
1755801530138 1578.8416748046875 50
1755801530165 1389.5377197265625 51
1755801530200 1500.076171875 52
1755801530234 1459.172607421875 53
1755801530275 1531.9393310546875 54
1755801530326 1579.3250732421875 55
1755801530362 1398.906494140625 56
1755801530401 1337.5277099609375 57
1755801530439 1582.583984375 58
1755801530474 1621.6846923828125 59
1755801530507 1546.314453125 60
1755801530533 1477.3050537109375 61
1755801530568 1559.8187255859375 62
1755801530598 1371.658447265625 63
1755801530631 1370.431640625 64
1755801530658 1431.3482666015625 65
1755801530694 1408.6436767578125 66
1755801530727 1251.699951171875 67
1755801530763 1273.5877685546875 68
1755801530796 1371.4366455078125 69
1755801530831 1580.0169677734375 70
1755801530861 1324.245361328125 71
1755801530889 1129.587890625 72
1755801530942 1331.2576904296875 73
1755801530983 1373.02001953125 74
1755801531032 1337.70556640625 75
1755801531067 1318.416015625 76
1755801531096 1272.4439697265625 77
1755801531148 1225.7867431640625 78
1755801531185 1262.6539306640625 79
1755801531236 1537.599853515625 80
1755801531275 1289.8677978515625 81
1755801531321 1497.268798828125 82
1755801531359 1371.8494873046875 83
1755801531391 1356.936767578125 84
1755801531431 1366.323486328125 85
1755801531462 1339.8775634765625 86
1755801531491 1455.767578125 87
1755801531557 1513.9022216796875 88
1755801531633 1465.425048828125 89
1755801531687 1233.5621337890625 90
1755801531724 1371.19873046875 91
1755801531756 1366.712890625 92
1755801531790 1364.549560546875 93
1755801531840 1328.025146484375 94
1755801531876 1435.309814453125 95
1755801531958 1413.3153076171875 96
1755801532024 1270.0087890625 97
1755801532055 1430.9183349609375 98
1755801532084 1547.9656982421875 99
1755801532113 1443.330810546875 100
1755801532144 1259.687744140625 101
1755801532172 1266.5313720703125 102
1755801532205 1317.241943359375 103
1755801532239 1410.8868408203125 104
1755801532281 1525.1944580078125 105
1755801532314 1304.0169677734375 106
1755801532353 1340.83837890625 107
1755801532384 1329.390380859375 108
1755801532548 1419.8607177734375 109
1755801532592 1545.3760986328125 110
1755801532622 1365.283447265625 111
1755801532656 1473.34912109375 112
1755801532686 1393.416748046875 113
1755801532748 1608.4637451171875 114
1755801532777 1348.185302734375 115
1755801532817 1438.6563720703125 116
1755801532855 1345.5831298828125 117
1755801532893 1310.3682861328125 118
1755801532925 1262.4949951171875 119
1755801532953 1527.9930419921875 120
1755801532983 1393.51416015625 121
1755801533023 1328.80224609375 122
1755801533054 1225.357421875 123
1755801533083 1125.4300537109375 124
1755801535035 1360.3172607421875 125
1755801535066 1501.3326416015625 126
1755801535095 1112.9180908203125 127
1755801535121 1331.8233642578125 128
1755801535154 1471.0927734375 129
1755801535193 1485.0460205078125 130
1755801535220 1309.7503662109375 131
1755801535258 1272.564697265625 132
1755801535291 1354.3013916015625 133
1755801535331 1297.220703125 134
1755801535366 1077.372802734375 135
1755801535399 1300.3021240234375 136
1755801535428 1301.7198486328125 137
1755801535463 1330.7784423828125 138
1755801535514 933.0625 139
1755801535555 1217.3194580078125 140
1755801535595 1382.2027587890625 141
1755801535632 1289.0743408203125 142
1755801535672 1557.9366455078125 143
1755801535710 1232.6590576171875 144
1755801535743 1338.5872802734375 145
1755801535784 1311.8031005859375 146
1755801535815 1339.0992431640625 147
1755801535846 1374.8182373046875 148
1755801535881 1357.3519287109375 149
1755801535914 1384.037353515625 150
1755801535945 1136.279541015625 151
1755801535975 1223.2537841796875 152
1755801536003 1560.29150390625 153
1755801536039 1323.923095703125 154
1755801536116 1204.576904296875 155
1755801536154 1481.726806640625 156
1755801536182 1255.9014892578125 157
1755801536208 1102.397705078125 158
1755801536234 1468.488525390625 159
1755801536261 1201.974609375 160
1755801536289 1273.8692626953125 161
1755801536317 1215.6099853515625 162
1755801536344 1394.0377197265625 163
1755801536374 1322.6497802734375 164
1755801536407 1165.9664306640625 165
1755801536439 1475.3602294921875 166
1755801536488 1504.2589111328125 167
1755801536604 1223.734619140625 168
1755801536663 1210.5382080078125 169
1755801536694 1493.4915771484375 170
1755801536725 1406.349609375 171
1755801536763 1425.9356689453125 172
1755801536797 1180.503173828125 173
1755801536831 1358.808837890625 174
1755801536861 1103.03076171875 175
1755801536899 1244.990234375 176
1755801536927 1209.4857177734375 177
1755801536961 1326.8353271484375 178
1755801536995 1208.847900390625 179
1755801537030 1199.8582763671875 180
1755801537067 1243.3367919921875 181
1755801537097 1364.233642578125 182
1755801537130 1145.470703125 183
1755801537160 1218.90185546875 184
1755801537190 1396.3349609375 185
1755801537219 1172.8221435546875 186
1755801537252 1308.691162109375 187
1755801537291 1322.4600830078125 188
1755801537320 1352.1617431640625 189
1755801537355 1133.642333984375 190
1755801537390 1219.005859375 191
1755801537419 1263.4300537109375 192
1755801537448 1465.9183349609375 193
1755801537473 1279.908447265625 194
1755801537513 1364.975341796875 195
1755801537545 1289.093994140625 196
1755801537577 1336.4454345703125 197
1755801537606 1397.0364990234375 198
1755801537637 1117.7979736328125 199
1755801537665 1347.0323486328125 200
1755801537692 1045.2200927734375 201
1755801537723 1150.873046875 202
1755801537756 1167.9256591796875 203
1755801537807 1275.1339111328125 204
1755801537841 1349.9649658203125 205
1755801537870 1412.1517333984375 206
1755801537900 1067.6983642578125 207
1755801537927 1504.8038330078125 208
1755801537956 1396.441162109375 209
1755801537984 1433.1488037109375 210
1755801538013 953.1671752929688 211
1755801538044 1467.2176513671875 212
1755801538075 1514.869140625 213
1755801538102 1339.2379150390625 214
1755801538130 1183.67578125 215
1755801538156 1178.765869140625 216
1755801538185 1321.358154296875 217
1755801538213 1411.8922119140625 218
1755801538245 1304.9696044921875 219
1755801538275 1265.732421875 220
1755801538306 1290.771484375 221
1755801538337 1345.668212890625 222
1755801538368 1386.0885009765625 223
1755801538413 1043.1510009765625 224
1755801538447 1130.9775390625 225
1755801538529 1405.101318359375 226
1755801538589 1158.1322021484375 227
1755801538651 1309.22607421875 228
1755801538685 1349.226318359375 229
1755801538714 1199.108642578125 230
1755801538745 1285.9581298828125 231
1755801538775 1254.75 232
1755801538804 1085.6859130859375 233
1755801538840 1372.7784423828125 234
1755801538887 1248.781494140625 235
1755801538923 1130.076904296875 236
1755801538956 1285.7410888671875 237
1755801538984 1372.384033203125 238
1755801539082 1219.3885498046875 239
1755801539170 1297.5386962890625 240
1755801539201 1314.1373291015625 241
1755801539235 1054.870849609375 242
1755801539263 1195.2933349609375 243
1755801539292 1068.51025390625 244
1755801539325 1045.557373046875 245
1755801539358 1300.3974609375 246
1755801539397 1086.617431640625 247
1755801539429 1125.4986572265625 248
1755801539460 958.2753295898438 249
1755801539497 1110.732177734375 250
1755801539533 1179.500732421875 251
1755801539566 1277.0220947265625 252
1755801539602 1223.6832275390625 253
1755801539643 1257.2733154296875 254
1755801539679 1088.857421875 255
1755801539717 1267.76904296875 256
1755801539752 1303.3189697265625 257
1755801539781 1195.7845458984375 258
1755801539817 1212.2493896484375 259
1755801539844 1173.971923828125 260
1755801539874 1143.0301513671875 261
1755801539916 950.2196655273438 262
1755801539953 1132.8480224609375 263
1755801539996 1339.162109375 264
1755801540023 1281.632568359375 265
1755801540049 1117.840087890625 266
1755801540077 1374.184814453125 267
1755801540113 1051.259033203125 268
1755801540148 1117.1849365234375 269
1755801540182 1432.9283447265625 270
1755801540208 1347.1552734375 271
1755801540234 1091.3189697265625 272
1755801540261 1182.805419921875 273
1755801540286 1158.2633056640625 274
1755801540312 1134.77880859375 275
1755801540340 1265.749755859375 276
1755801540367 1268.3511962890625 277
1755801540396 1405.4617919921875 278
1755801540432 1214.0172119140625 279
1755801540461 1015.7880859375 280
1755801540488 1099.96923828125 281
1755801540522 1336.1395263671875 282
1755801540552 1246.9849853515625 283
1755801540583 1174.5364990234375 284
1755801540610 1124.5556640625 285
1755801540642 1210.15380859375 286
1755801540676 1263.6358642578125 287
1755801540715 1209.0120849609375 288
1755801540746 1288.9256591796875 289
1755801540774 1349.0789794921875 290
1755801540811 1181.525634765625 291
1755801540841 1241.583984375 292
1755801540870 1224.7255859375 293
1755801540908 1131.7744140625 294
1755801540944 1346.6619873046875 295
1755801540977 1212.30908203125 296
1755801541009 1323.5421142578125 297
1755801541045 1206.029296875 298
1755801541074 1322.9395751953125 299
1755801554212 2603.62451171875 0
1755801554260 2705.3916015625 1
1755801554294 2506.6015625 2
1755801554329 2536.83203125 3
1755801554386 2607.178466796875 4
1755801554429 2411.193603515625 5
1755801554515 2376.292236328125 6
1755801554550 2365.21142578125 7
1755801554583 2451.4140625 8
1755801554749 2381.6376953125 9
1755801554878 2118.10546875 10
1755801554923 2176.186279296875 11
1755801554966 2240.34130859375 12
1755801555001 2206.2138671875 13
1755801555082 2359.53662109375 14
1755801555202 2076.03564453125 15
1755801555231 2064.888427734375 16
1755801555260 1901.8427734375 17
1755801555287 1873.3092041015625 18
1755801555317 1877.9791259765625 19
1755801555346 1749.72216796875 20
1755801555381 1629.0545654296875 21
1755801555414 1838.36572265625 22
1755801555445 1624.208984375 23
1755801555476 1536.967041015625 24
1755801555512 1691.538330078125 25
1755801555550 1529.150390625 26
1755801555578 1471.989501953125 27
1755801555610 1199.365478515625 28
1755801555646 1311.559814453125 29
1755801555678 1349.2755126953125 30
1755801555710 1404.75634765625 31
1755801555745 1195.3985595703125 32
1755801555781 1352.7843017578125 33
1755801555818 1368.9775390625 34
1755801555850 1382.04541015625 35
1755801555883 1450.4969482421875 36
1755801555919 1184.80224609375 37
1755801555951 1446.12158203125 38
1755801555987 1361.814208984375 39
1755801556022 1590.504638671875 40
1755801556063 1285.701904296875 41
1755801556114 1294.0316162109375 42
1755801556152 1252.33544921875 43
1755801556180 1419.078125 44
1755801556218 1323.409423828125 45
1755801556248 1316.082763671875 46
1755801556277 1421.93359375 47
1755801556306 1402.1217041015625 48
1755801556334 1670.0107421875 49
1755801556361 1563.8052978515625 50
1755801556394 1388.6812744140625 51
1755801556425 1322.361083984375 52
1755801556455 1464.1968994140625 53
1755801556514 1466.9249267578125 54
1755801556616 1421.5523681640625 55
1755801556677 1283.78857421875 56
1755801556718 1339.3951416015625 57
1755801556759 1309.9150390625 58
1755801556793 1324.6627197265625 59
1755801556828 1249.6024169921875 60
1755801556864 1514.5970458984375 61
1755801556955 1492.9422607421875 62
1755801556995 1453.7171630859375 63
1755801557040 1716.2821044921875 64
1755801557078 1252.64697265625 65
1755801557119 1314.59765625 66
1755801557160 1301.603515625 67
1755801557194 1409.29296875 68
1755801557228 1264.81396484375 69
1755801557271 1430.757080078125 70
1755801557303 1168.093994140625 71
1755801557338 1250.3193359375 72
1755801557374 1378.031005859375 73
1755801557415 1549.8145751953125 74
1755801557451 1448.7928466796875 75
1755801557483 1399.077392578125 76
1755801557518 1340.4971923828125 77
1755801557562 1331.1142578125 78
1755801557595 1563.85693359375 79
1755801557637 1310.93359375 80
1755801557672 1221.40380859375 81
1755801557708 1462.63330078125 82
1755801557743 1401.3780517578125 83
1755801557781 1276.73095703125 84
1755801557817 1052.5645751953125 85
1755801557905 1144.38623046875 86
1755801557960 1187.8560791015625 87
1755801557999 1080.018798828125 88
1755801558030 1272.8038330078125 89
1755801558061 1123.68212890625 90
1755801558101 1246.2406005859375 91
1755801558133 1240.5538330078125 92
1755801558167 1069.2728271484375 93
1755801558204 1396.989013671875 94
1755801558246 1158.1593017578125 95
1755801558293 1274.68603515625 96
1755801558336 1189.8770751953125 97
1755801558364 1300.177001953125 98
1755801558402 1159.2325439453125 99
1755801558432 1388.865234375 100
1755801558470 1122.009765625 101
1755801558516 1386.0306396484375 102
1755801558562 1175.4979248046875 103
1755801558602 1452.59814453125 104
1755801558648 1006.2767944335938 105
1755801558689 1287.2890625 106
1755801558725 1075.0908203125 107
1755801558773 1204.7442626953125 108
1755801558812 1529.0054931640625 109
1755801558846 1333.4710693359375 110
1755801558877 1249.729248046875 111
1755801558920 1082.6649169921875 112
1755801558949 1226.6082763671875 113
1755801558991 1035.239501953125 114
1755801559034 1205.1241455078125 115
1755801559066 1109.4564208984375 116
1755801559098 1327.492431640625 117
1755801559150 1340.8157958984375 118
1755801559185 1449.783203125 119
1755801559219 1302.5845947265625 120
1755801559254 1270.1439208984375 121
1755801559295 1281.596435546875 122
1755801559331 1282.2198486328125 123
1755801559373 1205.265380859375 124
1755801559426 1407.3994140625 125
1755801559461 1133.8790283203125 126
1755801559491 1439.3922119140625 127
1755801559544 1147.673095703125 128
1755801559582 1377.297119140625 129
1755801559616 1379.07275390625 130
1755801559656 1167.87841796875 131
1755801559710 1288.8094482421875 132
1755801559750 1325.648681640625 133
1755801559781 1360.1722412109375 134
1755801559816 1327.101806640625 135
1755801559851 1268.92724609375 136
1755801559893 1322.177490234375 137
1755801559924 1307.52490234375 138
1755801559952 1380.6702880859375 139
1755801559983 1222.4447021484375 140
1755801560012 1217.98046875 141
1755801560140 1111.4822998046875 142
1755801560187 1215.0814208984375 143
1755801560226 1190.0823974609375 144
1755801560268 1066.8861083984375 145
1755801560315 1146.7891845703125 146
1755801560348 1319.00048828125 147
1755801560384 1404.8060302734375 148
1755801560414 1028.9794921875 149
1755801560447 1380.8370361328125 150
1755801560485 1327.718994140625 151
1755801560518 1384.2647705078125 152
1755801560556 1466.32568359375 153
1755801560584 1287.1783447265625 154
1755801560616 1450.5533447265625 155
1755801560648 1190.1121826171875 156
1755801560687 1306.7467041015625 157
1755801560741 1186.5506591796875 158
1755801560779 1198.08740234375 159
1755801560817 1445.64013671875 160
1755801560856 1107.054443359375 161
1755801560906 1246.352294921875 162
1755801560942 1293.8238525390625 163
1755801560976 1354.4708251953125 164
1755801561008 960.5735473632812 165
1755801561043 1319.7100830078125 166
1755801561088 1200.7542724609375 167
1755801561132 1136.98779296875 168
1755801561182 1365.629638671875 169
1755801561216 1076.6749267578125 170
1755801561250 1170.5618896484375 171
1755801561286 1213.770263671875 172
1755801561335 1146.356201171875 173
1755801561374 931.140625 174
1755801561427 1215.46630859375 175
1755801561464 1110.922119140625 176
1755801561498 1272.9439697265625 177
1755801561531 1181.910888671875 178
1755801561564 1377.8524169921875 179
1755801561595 1213.7232666015625 180
1755801561639 1091.912109375 181
1755801561677 1124.2978515625 182
1755801561711 855.7579345703125 183
1755801561745 1095.695556640625 184
1755801561786 1182.80322265625 185
1755801561823 1015.4937133789062 186
1755801561857 1418.429931640625 187
1755801561891 1407.4727783203125 188
1755801561928 1409.2459716796875 189
1755801561959 1234.82470703125 190
1755801561990 1361.6295166015625 191
1755801562024 1242.755859375 192
1755801562104 1312.083251953125 193
1755801562159 1139.1893310546875 194
1755801562199 1272.4658203125 195
1755801562232 1188.3758544921875 196
1755801562264 1112.6837158203125 197
1755801562293 942.222900390625 198
1755801562326 1123.4942626953125 199
1755801562363 1065.0731201171875 200
1755801562401 1073.2108154296875 201
1755801562434 1079.34228515625 202
1755801562467 1190.146240234375 203
1755801562494 1310.935302734375 204
1755801562524 1252.2978515625 205
1755801562558 1197.4635009765625 206
1755801562586 1056.17431640625 207
1755801562613 1132.873779296875 208
1755801562800 1191.7779541015625 209
1755801562939 1023.7582397460938 210
1755801562974 1164.497314453125 211
1755801563014 938.381103515625 212
1755801563059 1332.606689453125 213
1755801563093 1100.2061767578125 214
1755801563133 1331.1710205078125 215
1755801563162 1304.3997802734375 216
1755801563200 1104.6717529296875 217
1755801563235 1059.2086181640625 218
1755801563275 1312.72119140625 219
1755801563312 1273.777587890625 220
1755801563353 1147.212646484375 221
1755801563391 957.0194702148438 222
1755801563425 1124.392578125 223
1755801563463 1424.90478515625 224
1755801563503 1040.886474609375 225
1755801563541 1058.5509033203125 226
1755801563587 1248.33349609375 227
1755801563623 1248.77294921875 228
1755801563736 1024.244873046875 229
1755801563801 1020.875732421875 230
1755801563840 1093.463623046875 231
1755801563875 1170.6070556640625 232
1755801563913 1297.6353759765625 233
1755801563949 1374.05908203125 234
1755801563981 1119.890380859375 235
1755801564016 1182.6871337890625 236
1755801564054 1347.37353515625 237
1755801564088 1127.784423828125 238
1755801564124 1087.570556640625 239
1755801564160 1268.5899658203125 240
1755801564188 1237.6993408203125 241
1755801564252 1434.5892333984375 242
1755801564296 1332.8641357421875 243
1755801564329 1012.6651611328125 244
1755801564362 1099.3465576171875 245
1755801564398 924.850830078125 246
1755801564435 798.681640625 247
1755801564469 1252.3070068359375 248
1755801564499 1247.5673828125 249
1755801564541 1154.0802001953125 250
1755801564696 1228.140869140625 251
1755801564730 964.2095947265625 252
1755801564770 1257.56201171875 253
1755801564803 1265.6826171875 254
1755801564837 1181.900390625 255
1755801564879 1274.04296875 256
1755801564916 1061.7265625 257
1755801564973 1351.8734130859375 258
1755801565003 1123.5146484375 259
1755801565034 1210.2647705078125 260
1755801565077 1175.423828125 261
1755801565114 1274.3289794921875 262
1755801565147 1160.8720703125 263
1755801565186 1002.2276000976562 264
1755801565227 1383.7447509765625 265
1755801565266 1146.0181884765625 266
1755801565299 1325.390869140625 267
1755801565337 1438.247314453125 268
1755801565382 1272.5478515625 269
1755801565418 1173.5445556640625 270
1755801565450 1177.1363525390625 271
1755801565486 1253.2064208984375 272
1755801565515 1260.9642333984375 273
1755801565542 944.7268676757812 274
1755801565572 1070.257568359375 275
1755801565602 1211.143798828125 276
1755801565637 1234.1947021484375 277
1755801565670 1042.79638671875 278
1755801565703 1353.12060546875 279
1755801565741 1444.220947265625 280
1755801565774 1112.70166015625 281
1755801565814 1179.7708740234375 282
1755801565861 929.7551879882812 283
1755801565899 1328.43408203125 284
1755801565933 1193.9300537109375 285
1755801565972 1128.24072265625 286
1755801565999 1154.0382080078125 287
1755801566046 914.684326171875 288
1755801566085 1040.559814453125 289
1755801566121 1321.7469482421875 290
1755801566170 1189.151611328125 291
1755801566208 1073.2491455078125 292
1755801566244 1168.2362060546875 293
1755801566271 1166.5958251953125 294
1755801566310 1083.7388916015625 295
1755801566338 1292.6673583984375 296
1755801566372 1210.0518798828125 297
1755801566403 1318.191162109375 298
1755801566430 1194.6710205078125 299
1755801581543 2488.771728515625 0
1755801581576 2373.976318359375 1
1755801581654 2535.8720703125 2
1755801581689 2593.65234375 3
1755801581724 2382.298583984375 4
1755801581757 2500.7900390625 5
1755801581800 2340.298095703125 6
1755801581837 2141.949462890625 7
1755801581875 2104.95361328125 8
1755801581916 2186.45263671875 9
1755801581953 2139.126953125 10
1755801581985 2033.8624267578125 11
1755801582020 2083.895751953125 12
1755801582062 2148.90966796875 13
1755801582107 2019.6968994140625 14
1755801582217 2043.7235107421875 15
1755801582281 2060.32470703125 16
1755801582324 2021.6556396484375 17
1755801582358 1853.1109619140625 18
1755801582398 1968.6859130859375 19
1755801582433 1886.925048828125 20
1755801582474 1579.6671142578125 21
1755801582508 1571.0806884765625 22
1755801582549 1605.9283447265625 23
1755801582601 1580.640869140625 24
1755801582643 1730.537841796875 25
1755801582690 1616.2442626953125 26
1755801582724 1563.3245849609375 27
1755801582767 1939.293212890625 28
1755801582802 1420.9761962890625 29
1755801582839 1350.3544921875 30
1755801582876 1246.939453125 31
1755801582933 1689.9696044921875 32
1755801582962 1451.553466796875 33
1755801582993 1386.0709228515625 34
1755801583027 1165.445556640625 35
1755801583066 1764.32373046875 36
1755801583097 1231.4071044921875 37
1755801583129 1346.626953125 38
1755801583162 1556.44091796875 39
1755801583275 1481.564453125 40
1755801583345 1477.7169189453125 41
1755801583385 1474.97412109375 42
1755801583441 1474.2996826171875 43
1755801583483 1465.573974609375 44
1755801583524 1327.446533203125 45
1755801583569 1259.876220703125 46
1755801583605 1416.768310546875 47
1755801583647 1500.347900390625 48
1755801583688 1299.8857421875 49
1755801583725 1603.4703369140625 50
1755801583766 1575.714599609375 51
1755801583805 1538.617431640625 52
1755801583841 1296.532958984375 53
1755801583877 1474.839111328125 54
1755801583915 1466.61328125 55
1755801583954 1391.4102783203125 56
1755801583990 1182.840576171875 57
1755801584032 1398.4488525390625 58
1755801584097 1158.43359375 59
1755801584133 1492.0169677734375 60
1755801584170 1550.0081787109375 61
1755801584206 1208.1802978515625 62
1755801584250 1339.2877197265625 63
1755801584289 1469.3858642578125 64
1755801584324 1254.7646484375 65
1755801584362 1216.9857177734375 66
1755801584394 1407.0767822265625 67
1755801584425 1485.257080078125 68
1755801584467 1200.5416259765625 69
1755801584504 1386.7200927734375 70
1755801584535 1311.20849609375 71
1755801584571 1419.624755859375 72
1755801584604 1536.668701171875 73
1755801584648 1169.7376708984375 74
1755801584683 1353.172607421875 75
1755801584719 1266.840576171875 76
1755801584846 1194.392578125 77
1755801584880 1224.6939697265625 78
1755801584916 1420.347412109375 79
1755801584949 1364.371826171875 80
1755801584986 1378.8603515625 81
1755801585038 1348.529296875 82
1755801585082 1178.0689697265625 83
1755801585115 1439.4893798828125 84
1755801585149 1290.4959716796875 85
1755801585186 1554.566650390625 86
1755801585224 1279.6005859375 87
1755801585287 1383.702392578125 88
1755801585329 1510.1275634765625 89
1755801585361 1236.6419677734375 90
1755801585403 1646.6507568359375 91
1755801585433 1237.63916015625 92
1755801585467 1299.310546875 93
1755801585504 1501.0931396484375 94
1755801585541 1222.935791015625 95
1755801585579 1354.275146484375 96
1755801585610 1265.2235107421875 97
1755801585641 1382.0084228515625 98
1755801585672 1407.18212890625 99
1755801585703 1626.7723388671875 100
1755801585732 1539.402587890625 101
1755801585763 1301.6688232421875 102
1755801585790 1290.981201171875 103
1755801585830 1408.558837890625 104
1755801585861 1162.4273681640625 105
1755801585898 1430.614013671875 106
1755801585943 1331.4229736328125 107
1755801585988 1203.2235107421875 108
1755801586028 1323.316162109375 109
1755801586081 1412.7904052734375 110
1755801586111 1226.0894775390625 111
1755801586146 1247.786865234375 112
1755801586182 1386.72509765625 113
1755801586215 1132.478515625 114
1755801586249 1261.4166259765625 115
1755801586282 1118.4930419921875 116
1755801586316 1109.3455810546875 117
1755801586345 1399.5928955078125 118
1755801586382 1134.50146484375 119
1755801586413 1236.0706787109375 120
1755801586445 1290.5404052734375 121
1755801586479 1352.69482421875 122
1755801586578 1430.1800537109375 123
1755801586612 1240.0472412109375 124
1755801586673 1170.1107177734375 125
1755801586706 1606.1319580078125 126
1755801586739 1096.5474853515625 127
1755801586778 1486.3797607421875 128
1755801586811 1252.0289306640625 129
1755801586845 1495.933837890625 130
1755801586890 1369.077392578125 131
1755801586923 1415.47802734375 132
1755801586968 1483.5821533203125 133
1755801586999 1119.8502197265625 134
1755801587035 1355.29150390625 135
1755801587072 1288.329833984375 136
1755801587101 1257.0889892578125 137
1755801587136 1255.4193115234375 138
1755801587177 1344.179443359375 139
1755801587216 1375.5916748046875 140
1755801587248 1233.8731689453125 141
1755801587283 1311.8089599609375 142
1755801587311 939.9225463867188 143
1755801587343 1074.1788330078125 144
1755801587390 1190.08447265625 145
1755801587420 1454.0985107421875 146
1755801587450 1319.935791015625 147
1755801587495 1113.4642333984375 148
1755801587527 1253.537841796875 149
1755801587557 1075.593505859375 150
1755801587596 1452.080078125 151
1755801587634 1144.1531982421875 152
1755801587669 1276.821533203125 153
1755801587703 1280.8172607421875 154
1755801587738 1061.751953125 155
1755801587776 1245.8411865234375 156
1755801587816 1161.729248046875 157
1755801587855 1130.6885986328125 158
1755801587891 1042.5377197265625 159
1755801587927 1140.97705078125 160
1755801587968 1279.742919921875 161
1755801588001 1376.222900390625 162
1755801588031 1290.093505859375 163
1755801588063 1243.281005859375 164
1755801588098 1229.9544677734375 165
1755801588131 1388.626708984375 166
1755801588184 1374.5745849609375 167
1755801588219 1148.6851806640625 168
1755801588248 1178.9674072265625 169
1755801588276 1335.610595703125 170
1755801588306 1113.099853515625 171
1755801588335 1344.7916259765625 172
1755801588367 1115.0567626953125 173
1755801588399 1216.72216796875 174
1755801588443 1311.4278564453125 175
1755801588488 1453.746826171875 176
1755801588526 1259.3465576171875 177
1755801588558 1053.14208984375 178
1755801588599 1038.8902587890625 179
1755801588640 1130.4127197265625 180
1755801588667 1404.688720703125 181
1755801588699 1228.69091796875 182
1755801588740 1190.702880859375 183
1755801588777 1100.3197021484375 184
1755801588814 1158.9013671875 185
1755801588849 1297.2066650390625 186
1755801588885 1244.988525390625 187
1755801588917 1265.4622802734375 188
1755801588962 1105.5228271484375 189
1755801589007 1084.072509765625 190
1755801589036 1115.136474609375 191
1755801589069 1167.5264892578125 192
1755801589100 1077.4189453125 193
1755801589140 1321.3267822265625 194
1755801589173 1104.480224609375 195
1755801589203 1340.2896728515625 196
1755801589235 1413.058837890625 197
1755801589265 1369.000244140625 198
1755801589305 1181.0323486328125 199
1755801589398 1269.9425048828125 200
1755801589457 1233.913818359375 201
1755801589498 1368.4832763671875 202
1755801589541 1263.9803466796875 203
1755801589578 1371.4259033203125 204
1755801589610 1030.949462890625 205
1755801589647 1118.1612548828125 206
1755801589688 1138.304931640625 207
1755801589717 1205.866455078125 208
1755801589749 1162.8465576171875 209
1755801589790 1136.50927734375 210
1755801589839 1246.2457275390625 211
1755801589879 1285.873779296875 212
1755801589918 1088.1363525390625 213
1755801589954 1317.7579345703125 214
1755801589989 1207.919677734375 215
1755801590021 1105.121337890625 216
1755801590057 1106.7781982421875 217
1755801590091 1005.3093872070312 218
1755801590127 1123.9945068359375 219
1755801590164 1153.6416015625 220
1755801590198 1231.302001953125 221
1755801590231 1240.80810546875 222
1755801590268 1421.4205322265625 223
1755801590304 1301.773193359375 224
1755801590340 1359.5140380859375 225
1755801590375 1444.6573486328125 226
1755801590406 1327.02880859375 227
1755801590441 937.1522216796875 228
1755801590478 1000.7264404296875 229
1755801590517 1002.7520751953125 230
1755801590546 1048.3692626953125 231
1755801590587 989.1243286132812 232
1755801590617 1218.701904296875 233
1755801590645 1047.4068603515625 234
1755801590671 1370.011962890625 235
1755801590700 994.2340698242188 236
1755801590728 1078.881591796875 237
1755801590756 1292.8502197265625 238
1755801590788 1012.9254760742188 239
1755801590833 1140.8544921875 240
1755801590886 1199.6724853515625 241
1755801590918 1410.21875 242
1755801590953 1542.4449462890625 243
1755801590981 1336.40576171875 244
1755801591010 1160.4036865234375 245
1755801591037 1274.830078125 246
1755801591068 1070.1494140625 247
1755801591101 1312.482421875 248
1755801591131 1147.9705810546875 249
1755801591164 1260.2265625 250
1755801591195 1239.220947265625 251
1755801591223 973.8860473632812 252
1755801591251 1088.5469970703125 253
1755801591278 1198.593994140625 254
1755801591315 1408.603759765625 255
1755801591355 1268.7369384765625 256
1755801591391 1111.6795654296875 257
1755801591424 1327.9345703125 258
1755801591458 1233.199462890625 259
1755801591487 1296.2845458984375 260
1755801591518 1360.793701171875 261
1755801591550 1143.4046630859375 262
1755801591591 1277.5040283203125 263
1755801591626 1452.2177734375 264
1755801591663 1237.044189453125 265
1755801591704 1218.3367919921875 266
1755801591745 1096.9075927734375 267
1755801591781 1258.940673828125 268
1755801591815 1185.093994140625 269
1755801591851 1184.877197265625 270
1755801591886 1279.0577392578125 271
1755801591919 1127.963134765625 272
1755801591951 1073.8243408203125 273
1755801591988 1238.7003173828125 274
1755801592020 1224.798828125 275
1755801592072 1231.389404296875 276
1755801592105 1212.907958984375 277
1755801592142 1165.8719482421875 278
1755801592180 1215.6966552734375 279
1755801592214 1186.4805908203125 280
1755801592247 1154.086181640625 281
1755801592284 1342.5325927734375 282
1755801592322 1069.341064453125 283
1755801592356 1066.442138671875 284
1755801592393 1083.84619140625 285
1755801592432 1194.48779296875 286
1755801592472 1019.7532348632812 287
1755801592506 1005.7185668945312 288
1755801592543 1356.9478759765625 289
1755801592579 941.9767456054688 290
1755801592615 1168.734130859375 291
1755801592654 1206.1177978515625 292
1755801592691 1336.7838134765625 293
1755801592752 1027.308837890625 294
1755801592781 1230.39306640625 295
1755801592813 1098.352783203125 296
1755801592848 1091.3128662109375 297
1755801592890 1149.9346923828125 298
1755801592924 1030.4078369140625 299
1755801604035 2851.282470703125 0
1755801604068 2769.26123046875 1
1755801604108 2503.217529296875 2
1755801604146 2337.5966796875 3
1755801604178 2675.054931640625 4
1755801604211 2791.998291015625 5
1755801604245 2355.64111328125 6
1755801604278 2249.958984375 7
1755801604313 2028.25634765625 8
1755801604353 2332.946044921875 9
1755801604391 2096.060791015625 10
1755801604428 2084.876953125 11
1755801604494 2122.568359375 12
1755801604531 1798.1895751953125 13
1755801604566 1797.14794921875 14
1755801604606 1791.7962646484375 15
1755801604642 1610.673095703125 16
1755801604682 1740.7197265625 17
1755801604718 1775.0711669921875 18
1755801604783 1479.50146484375 19
1755801604819 1418.2972412109375 20
1755801604864 1306.91748046875 21
1755801604902 1460.269775390625 22
1755801604934 1390.912841796875 23
1755801604966 1348.797607421875 24
1755801604995 1435.716796875 25
1755801605028 1532.3040771484375 26
1755801605059 1656.885986328125 27
1755801605095 1353.652587890625 28
1755801605131 1388.86328125 29
1755801605183 1645.6590576171875 30
1755801605214 1411.1121826171875 31
1755801605258 1686.6661376953125 32
1755801605297 1560.0 33
1755801605326 1500.399658203125 34
1755801605361 1409.6673583984375 35
1755801605401 1293.877685546875 36
1755801605437 1482.65966796875 37
1755801605479 1352.3502197265625 38
1755801605515 1337.1954345703125 39
1755801605558 1596.118408203125 40
1755801605598 1318.43701171875 41
1755801605635 1233.0228271484375 42
1755801605668 1264.3946533203125 43
1755801605702 1257.0711669921875 44
1755801605744 1303.616943359375 45
1755801605797 1306.025146484375 46
1755801605831 1419.4056396484375 47
1755801605864 1583.930419921875 48
1755801605900 1447.1571044921875 49
1755801605932 1690.468994140625 50
1755801605965 1407.364990234375 51
1755801606005 1268.4849853515625 52
1755801606045 1574.00927734375 53
1755801606078 1498.81640625 54
1755801606108 1566.71728515625 55
1755801606139 1357.8277587890625 56
1755801606172 1422.7977294921875 57
1755801606204 1492.9486083984375 58
1755801606232 1595.5826416015625 59
1755801606261 1406.058837890625 60
1755801606292 1635.3643798828125 61
1755801606427 1420.8477783203125 62
1755801606496 1466.369873046875 63
1755801606541 1418.4813232421875 64
1755801606579 1303.535400390625 65
1755801606619 1253.8663330078125 66
1755801606659 1352.2811279296875 67
1755801606694 1493.34375 68
1755801606729 1352.2913818359375 69
1755801606767 1108.5787353515625 70
1755801606799 1427.4625244140625 71
1755801606834 1467.45751953125 72
1755801606955 1340.278564453125 73
1755801606991 1497.432373046875 74
1755801607033 1452.4053955078125 75
1755801607066 1252.9810791015625 76
1755801607101 1374.471435546875 77
1755801607151 1157.70703125 78
1755801607186 1317.1427001953125 79
1755801607219 1252.778076171875 80
1755801607252 1275.87890625 81
1755801607288 1488.0150146484375 82
1755801607323 1173.97216796875 83
1755801607359 1394.1480712890625 84
1755801607393 1335.984375 85
1755801607429 1470.992919921875 86
1755801607461 1120.0828857421875 87
1755801607494 1602.3455810546875 88
1755801607527 1271.5166015625 89
1755801607563 1415.5621337890625 90
1755801607600 1106.5380859375 91
1755801607630 1448.65283203125 92
1755801607658 1423.9210205078125 93
1755801607687 1203.0517578125 94
1755801607717 1462.8623046875 95
1755801607779 1223.6605224609375 96
1755801607818 1234.277099609375 97
1755801607856 1483.590576171875 98
1755801607899 1426.3218994140625 99
1755801607933 1310.3104248046875 100
1755801607966 1452.485595703125 101
1755801608004 1426.193115234375 102
1755801608038 1331.1767578125 103
1755801608067 1173.8975830078125 104
1755801608102 1631.3409423828125 105
1755801608145 1397.5394287109375 106
1755801608188 1295.767333984375 107
1755801608220 1176.6181640625 108
1755801608255 1460.11181640625 109
1755801608287 1302.26806640625 110
1755801608319 1242.522705078125 111
1755801608357 1198.351806640625 112
1755801608392 1356.9998779296875 113
1755801608424 1248.4251708984375 114
1755801608459 1107.6552734375 115
1755801608499 1225.3302001953125 116
1755801608544 1136.2647705078125 117
1755801608582 1313.0216064453125 118
1755801608624 1305.8753662109375 119
1755801608660 1443.5545654296875 120
1755801608694 1102.6112060546875 121
1755801608731 1342.0579833984375 122
1755801608772 1382.3145751953125 123
1755801608801 1291.64892578125 124
1755801608831 1251.572998046875 125
1755801608859 1283.70263671875 126
1755801608889 1421.6531982421875 127
1755801608917 1259.9638671875 128
1755801608947 1388.086669921875 129
1755801608976 1158.6888427734375 130
1755801609023 1224.14794921875 131
1755801609076 1499.39697265625 132
1755801609113 1515.9498291015625 133
1755801609149 1295.6990966796875 134
1755801609184 1263.189453125 135
1755801609220 1319.702880859375 136
1755801609261 1071.31884765625 137
1755801609295 1165.48291015625 138
1755801609333 1249.1707763671875 139
1755801609385 1151.810302734375 140
1755801609421 1094.1885986328125 141
1755801609453 1232.294677734375 142
1755801609484 1259.2586669921875 143
1755801609519 1260.0645751953125 144
1755801609623 1130.986083984375 145
1755801609713 1275.705810546875 146
1755801609746 1593.859130859375 147
1755801609779 1307.575439453125 148
1755801609813 1449.6312255859375 149
1755801609856 1430.8153076171875 150
1755801609887 1218.7454833984375 151
1755801609949 1127.52783203125 152
1755801609994 1350.1075439453125 153
1755801610038 1346.6920166015625 154
1755801610085 1375.1036376953125 155
1755801610119 1273.25 156
1755801610160 1302.78466796875 157
1755801610192 1301.5111083984375 158
1755801610225 1414.0517578125 159
1755801610262 1325.0689697265625 160
1755801610296 1223.8812255859375 161
1755801610339 1382.367919921875 162
1755801610376 1266.523193359375 163
1755801610413 1201.63818359375 164
1755801610449 1364.445068359375 165
1755801610630 1428.7933349609375 166
1755801610671 1388.4573974609375 167
1755801610702 1320.032470703125 168
1755801610746 1335.8873291015625 169
1755801610781 1280.483154296875 170
1755801610814 1311.6024169921875 171
1755801610843 1434.3250732421875 172
1755801610886 1336.8521728515625 173
1755801610914 1166.578125 174
1755801610957 1267.93310546875 175
1755801610997 1397.5069580078125 176
1755801611031 1109.1807861328125 177
1755801611066 1275.494384765625 178
1755801611103 1214.0247802734375 179
1755801611149 1177.0684814453125 180
1755801611188 1182.2901611328125 181
1755801611244 1285.1492919921875 182
1755801611281 1062.6397705078125 183
1755801611311 1225.88134765625 184
1755801611348 1229.90625 185
1755801611388 1364.66796875 186
1755801611431 1326.14794921875 187
1755801611559 1191.6124267578125 188
1755801611625 1220.1256103515625 189
1755801611661 1001.4608154296875 190
1755801611692 1307.3045654296875 191
1755801611724 1195.272705078125 192
1755801611755 1066.947509765625 193
1755801611787 1241.26904296875 194
1755801611817 1254.0648193359375 195
1755801611845 1205.698974609375 196
1755801611882 1304.2847900390625 197
1755801611910 1171.330322265625 198
1755801611951 1071.5333251953125 199
1755801611986 1105.3529052734375 200
1755801612025 1195.6328125 201
1755801612057 1063.2767333984375 202
1755801612089 1245.761962890625 203
1755801612136 1085.4996337890625 204
1755801612169 1567.20556640625 205
1755801612200 1210.2069091796875 206
1755801612241 1275.7532958984375 207
1755801612288 1343.66845703125 208
1755801612337 1121.4742431640625 209
1755801612386 1356.1678466796875 210
1755801612421 1337.3406982421875 211
1755801612456 1391.4249267578125 212
1755801612490 1149.7862548828125 213
1755801612526 1277.1556396484375 214
1755801612566 1249.093505859375 215
1755801612607 1145.0511474609375 216
1755801612654 1362.5382080078125 217
1755801612698 1314.640869140625 218
1755801612731 1079.0902099609375 219
1755801612764 945.2760009765625 220
1755801612797 1114.698486328125 221
1755801612833 1038.34716796875 222
1755801612866 1135.5733642578125 223
1755801612902 1254.80810546875 224
1755801612934 1369.882080078125 225
1755801612969 1280.9342041015625 226
1755801613006 1180.63330078125 227
1755801613037 1172.9632568359375 228
1755801613073 1384.9222412109375 229
1755801613114 948.1909790039062 230
1755801613148 1035.7037353515625 231
1755801613191 1237.159912109375 232
1755801613232 1234.48681640625 233
1755801613271 880.7601318359375 234
1755801613314 1262.7401123046875 235
1755801613360 1324.623779296875 236
1755801613389 1105.524169921875 237
1755801613418 1116.8397216796875 238
1755801613447 1341.82421875 239
1755801613486 1147.6920166015625 240
1755801613534 1157.1201171875 241
1755801613569 1229.464111328125 242
1755801613609 1522.8682861328125 243
1755801613642 1148.66796875 244
1755801613678 1200.4215087890625 245
1755801613710 1166.961669921875 246
1755801613737 982.3709716796875 247
1755801613791 1312.1781005859375 248
1755801613819 1106.508056640625 249
1755801613849 1161.670654296875 250
1755801613877 1031.2022705078125 251
1755801613906 1534.006103515625 252
1755801613936 1143.462646484375 253
1755801613966 980.3980102539062 254
1755801613996 900.5160522460938 255
1755801614032 1206.857177734375 256
1755801614065 1174.42578125 257
1755801614109 1258.5723876953125 258
1755801614139 1274.1387939453125 259
1755801614180 1156.797119140625 260
1755801614222 1173.3192138671875 261
1755801614254 1048.6805419921875 262
1755801614296 1140.1907958984375 263
1755801614327 1421.156494140625 264
1755801614355 1041.1524658203125 265
1755801614404 1016.8075561523438 266
1755801614488 1197.437744140625 267
1755801614553 1080.98095703125 268
1755801614630 1003.9346313476562 269
1755801614670 1353.9522705078125 270
1755801614703 1306.1964111328125 271
1755801614731 1086.61962890625 272
1755801614759 1039.0081787109375 273
1755801614791 1159.07275390625 274
1755801614966 946.2267456054688 275
1755801615000 1127.4530029296875 276
1755801615033 1413.1060791015625 277
1755801615068 1133.67431640625 278
1755801615107 920.6610107421875 279
1755801615146 1171.16162109375 280
1755801615181 1406.4271240234375 281
1755801615223 1249.2518310546875 282
1755801615256 1351.8648681640625 283
1755801615285 1154.45703125 284
1755801615316 1175.03271484375 285
1755801615345 1335.8404541015625 286
1755801615376 969.7731323242188 287
1755801615410 1105.040283203125 288
1755801615448 995.4251098632812 289
1755801615489 1055.774169921875 290
1755801615531 1116.809326171875 291
1755801615564 1119.040771484375 292
1755801615599 1216.815185546875 293
1755801615628 1270.3331298828125 294
1755801615661 1102.367431640625 295
1755801615696 1082.39697265625 296
1755801615729 1007.8564453125 297
1755801615762 972.254150390625 298
1755801615810 1041.5177001953125 299
1755801627058 2600.492919921875 0
1755801627136 2431.18359375 1
1755801627177 2410.37353515625 2
1755801627319 2493.310791015625 3
1755801627382 2460.95263671875 4
1755801627516 2499.722900390625 5
1755801627552 2410.20263671875 6
1755801627590 2406.6318359375 7
1755801627628 2407.45166015625 8
1755801627661 2287.537841796875 9
1755801627700 2320.71923828125 10
1755801627732 2221.63818359375 11
1755801627772 2187.336181640625 12
1755801627804 2263.69482421875 13
1755801627836 2331.190673828125 14
1755801627886 2363.708740234375 15
1755801627923 2265.03271484375 16
1755801627963 2088.24462890625 17
1755801627996 2125.03564453125 18
1755801628032 2120.26904296875 19
1755801628072 2079.414306640625 20
1755801628110 2181.780029296875 21
1755801628148 1992.240966796875 22
1755801628184 2105.451416015625 23
1755801628223 1844.9949951171875 24
1755801628272 1982.807861328125 25
1755801628312 1974.985595703125 26
1755801628354 1842.4752197265625 27
1755801628397 1854.671630859375 28
1755801628434 1938.2459716796875 29
1755801628483 1712.7235107421875 30
1755801628516 1746.375 31
1755801628556 1583.9547119140625 32
1755801628601 1650.3040771484375 33
1755801628643 1739.5372314453125 34
1755801628682 1566.0379638671875 35
1755801628718 1597.4930419921875 36
1755801628752 1350.5775146484375 37
1755801628786 1347.2078857421875 38
1755801628817 1494.747802734375 39
1755801628848 1477.8524169921875 40
1755801628893 1267.1419677734375 41
1755801628939 1459.54736328125 42
1755801628975 1349.853759765625 43
1755801629011 1553.0367431640625 44
1755801629046 1518.013427734375 45
1755801629079 1473.9898681640625 46
1755801629112 1434.2493896484375 47
1755801629153 1594.968505859375 48
1755801629197 1299.368896484375 49
1755801629241 1377.02783203125 50
1755801629287 1500.726318359375 51
1755801629332 1365.876708984375 52
1755801629367 1587.02294921875 53
1755801629416 1463.3736572265625 54
1755801629457 1087.9852294921875 55
1755801629498 1377.791015625 56
1755801629537 1147.0738525390625 57
1755801629644 1401.981201171875 58
1755801629691 1371.6627197265625 59
1755801629729 1447.9503173828125 60
1755801629766 1320.614990234375 61
1755801629803 1271.1932373046875 62
1755801629861 1379.0531005859375 63
1755801629897 1565.1627197265625 64
1755801629933 1432.0794677734375 65
1755801629968 1409.6397705078125 66
1755801630004 1382.8101806640625 67
1755801630035 1465.4366455078125 68
1755801630062 1458.318115234375 69
1755801630089 1370.5086669921875 70
1755801630129 1221.1290283203125 71
1755801630173 1354.087158203125 72
1755801630207 1510.6197509765625 73
1755801630236 1493.7371826171875 74
1755801630360 1185.1400146484375 75
1755801630395 1058.0157470703125 76
1755801630453 1504.2662353515625 77
1755801630497 1202.7933349609375 78
1755801630531 1418.486328125 79
1755801630576 1032.58837890625 80
1755801630620 1146.6502685546875 81
1755801630663 1580.518798828125 82
1755801630702 1263.808837890625 83
1755801630735 1147.56787109375 84
1755801630764 1294.700439453125 85
1755801630796 1302.861328125 86
1755801630828 1481.931640625 87
1755801630859 1348.0009765625 88
1755801630890 1369.7830810546875 89
1755801630922 1310.692626953125 90
1755801630956 1286.6051025390625 91
1755801630991 1323.4278564453125 92
1755801631042 1352.54931640625 93
1755801631082 1384.093994140625 94
1755801631173 1418.6390380859375 95
1755801631217 1510.6475830078125 96
1755801631257 1353.8289794921875 97
1755801631311 1354.978515625 98
1755801631355 1253.833984375 99
1755801631398 1134.1038818359375 100
1755801631432 1312.6510009765625 101
1755801631467 1065.868408203125 102
1755801631496 1214.9202880859375 103
1755801631523 1175.6661376953125 104
1755801631553 1168.781982421875 105
1755801631582 1093.113525390625 106
1755801631610 1262.8443603515625 107
1755801631638 1320.6485595703125 108
1755801631667 1186.5863037109375 109
1755801631694 1207.076904296875 110
1755801631720 1425.0682373046875 111
1755801631751 1133.544677734375 112
1755801631785 1080.9759521484375 113
1755801631819 1260.19091796875 114
1755801631845 1127.8653564453125 115
1755801631874 1169.3895263671875 116
1755801631903 1280.176513671875 117
1755801631940 1410.72900390625 118
1755801631979 1290.4742431640625 119
1755801632018 1514.0001220703125 120
1755801632054 1222.2889404296875 121
1755801632090 1164.406494140625 122
1755801632123 1152.1864013671875 123
1755801632158 1158.7430419921875 124
1755801632191 1136.876953125 125
1755801632225 1086.298095703125 126
1755801632256 1345.9207763671875 127
1755801632300 1211.11572265625 128
1755801632330 1301.7794189453125 129
1755801632360 1206.7005615234375 130
1755801632396 1217.6981201171875 131
1755801632429 1195.1690673828125 132
1755801632467 868.4633178710938 133
1755801632497 1343.107421875 134
1755801632529 1300.8167724609375 135
1755801632571 1242.4268798828125 136
1755801632606 1009.6077880859375 137
1755801632648 1029.4913330078125 138
1755801632678 1435.5419921875 139
1755801632712 1273.374755859375 140
1755801632740 1331.666259765625 141
1755801632767 1273.646240234375 142
1755801632815 1273.592529296875 143
1755801632855 1106.2769775390625 144
1755801632905 898.3461303710938 145
1755801632936 1268.611083984375 146
1755801632969 1052.884033203125 147
1755801633006 1253.3726806640625 148
1755801633040 945.9177856445312 149
1755801633077 1145.027587890625 150
1755801633112 952.7498168945312 151
1755801633142 1016.1607666015625 152
1755801633174 1312.0501708984375 153
1755801633215 1243.5029296875 154
1755801633249 1021.1884765625 155
1755801633282 1094.8914794921875 156
1755801633313 1167.4774169921875 157
1755801633346 1171.912353515625 158
1755801633390 1166.3292236328125 159
1755801633419 853.22265625 160
1755801633449 993.6721801757812 161
1755801633480 940.353759765625 162
1755801633519 1334.2919921875 163
1755801633557 1048.92724609375 164
1755801633588 1296.2156982421875 165
1755801633626 1265.5521240234375 166
1755801633656 1102.323974609375 167
1755801633685 1010.1107788085938 168
1755801633787 1043.291015625 169
1755801633844 1104.962890625 170
1755801633875 1154.78515625 171
1755801633907 1088.9937744140625 172
1755801633943 952.1104736328125 173
1755801633975 1081.232666015625 174
1755801634012 985.8062744140625 175
1755801634052 1146.661376953125 176
1755801634087 1223.519775390625 177
1755801634128 1050.003173828125 178
1755801634175 1118.13623046875 179
1755801634207 955.6064453125 180
1755801634246 1021.735595703125 181
1755801634279 1367.744140625 182
1755801634316 1388.184814453125 183
1755801634345 1235.194091796875 184
1755801634375 1106.276611328125 185
1755801634416 1021.4647216796875 186
1755801634456 1241.013427734375 187
1755801634499 1318.4251708984375 188
1755801634530 1408.5001220703125 189
1755801634560 1330.7899169921875 190
1755801634590 1212.0772705078125 191
1755801634621 1386.88134765625 192
1755801634653 1165.773681640625 193
1755801634685 1072.2713623046875 194
1755801634717 1149.7764892578125 195
1755801634756 1165.5538330078125 196
1755801634795 1177.427734375 197
1755801634839 1096.1820068359375 198
1755801634883 1176.5079345703125 199
1755801634920 1223.4737548828125 200
1755801634954 1057.664306640625 201
1755801634991 1052.487548828125 202
1755801635025 827.8539428710938 203
1755801635061 1174.1744384765625 204
1755801635121 975.5943603515625 205
1755801635156 1075.49755859375 206
1755801635191 1068.7493896484375 207
1755801635226 1252.9620361328125 208
1755801635261 1048.250732421875 209
1755801635296 1253.660888671875 210
1755801635330 1152.5897216796875 211
1755801635367 1262.566162109375 212
1755801635407 1329.8626708984375 213
1755801635440 1219.3648681640625 214
1755801635474 1163.51025390625 215
1755801635504 1143.8599853515625 216
1755801635548 921.228271484375 217
1755801635583 1059.2642822265625 218
1755801635627 976.8109741210938 219
1755801635666 1153.2801513671875 220
1755801635706 1214.176513671875 221
1755801635745 897.0154418945312 222
1755801635781 986.5003051757812 223
1755801635814 1253.4710693359375 224
1755801635843 1182.027099609375 225
1755801635876 1364.6827392578125 226
1755801635914 1235.919921875 227
1755801635955 1320.7901611328125 228
1755801635987 1220.1741943359375 229
1755801636022 1165.41162109375 230
1755801636057 981.084716796875 231
1755801636091 1024.2203369140625 232
1755801636136 1213.5477294921875 233
1755801636178 1310.1414794921875 234
1755801636215 1140.2760009765625 235
1755801636248 1018.802001953125 236
1755801636281 1217.6815185546875 237
1755801636316 1011.0947265625 238
1755801636351 1236.5767822265625 239
1755801636387 1151.9664306640625 240
1755801636422 947.5447998046875 241
1755801636458 1029.4232177734375 242
1755801636591 990.3001708984375 243
1755801636650 1174.5252685546875 244
1755801636681 1247.7265625 245
1755801636714 985.9800415039062 246
1755801636747 1209.9140625 247
1755801636780 1248.5523681640625 248
1755801636815 993.7379760742188 249
1755801636851 1069.5504150390625 250
1755801636888 1037.59619140625 251
1755801636919 1376.060791015625 252
1755801636952 1332.0606689453125 253
1755801636985 1115.0845947265625 254
1755801637017 867.9242553710938 255
1755801637052 1306.0308837890625 256
1755801637090 1035.9864501953125 257
1755801637126 1009.8533935546875 258
1755801637164 957.3020629882812 259
1755801637199 1177.0966796875 260
1755801637227 1066.7415771484375 261
1755801637261 1033.5582275390625 262
1755801637292 1161.6822509765625 263
1755801637327 1134.2825927734375 264
1755801637360 1094.1302490234375 265
1755801637397 1198.9346923828125 266
1755801637439 1001.4954833984375 267
1755801637471 1156.3046875 268
1755801637502 972.0901489257812 269
1755801637533 1107.25390625 270
1755801637568 929.7593994140625 271
1755801637608 1031.521728515625 272
1755801637643 983.0744018554688 273
1755801637680 1108.912841796875 274
1755801637712 1029.5640869140625 275
1755801637746 1082.2236328125 276
1755801637775 1233.8487548828125 277
1755801637803 1296.492431640625 278
1755801637830 1051.515380859375 279
1755801637857 1137.4078369140625 280
1755801637890 1049.50830078125 281
1755801637920 1505.254150390625 282
1755801637957 1217.605712890625 283
1755801637988 1145.630126953125 284
1755801638021 1177.60595703125 285
1755801638057 1194.9931640625 286
1755801638093 1201.1019287109375 287
1755801638133 1086.520263671875 288
1755801638177 1083.6173095703125 289
1755801638223 1122.5252685546875 290
1755801638258 1115.8875732421875 291
1755801638290 1070.1810302734375 292
1755801638324 1110.336669921875 293
1755801638358 949.31982421875 294
1755801638395 1160.8387451171875 295
1755801638433 1226.2515869140625 296
1755801638470 1121.916015625 297
1755801638511 1095.275390625 298
1755801638550 1073.14111328125 299
1755801651679 2727.656005859375 0
1755801651714 2539.6484375 1
1755801651750 2533.319580078125 2
1755801651797 2522.872314453125 3
1755801651833 2430.082275390625 4
1755801651871 2320.364501953125 5
1755801651927 2412.972412109375 6
1755801651965 2248.01318359375 7
1755801651998 2190.38134765625 8
1755801652034 2258.136474609375 9
1755801652071 2122.404541015625 10
1755801652104 2246.01220703125 11
1755801652153 2116.472412109375 12
1755801652186 2154.649169921875 13
1755801652225 2117.19189453125 14
1755801652270 1904.3406982421875 15
1755801652305 2105.77099609375 16
1755801652346 1915.488037109375 17
1755801652386 1694.5382080078125 18
1755801652432 1772.700927734375 19
1755801652469 1663.2900390625 20
1755801652498 1712.1295166015625 21
1755801652524 1616.4217529296875 22
1755801652554 1451.98046875 23
1755801652586 1604.6256103515625 24
1755801652625 1480.777587890625 25
1755801652662 1536.6961669921875 26
1755801652695 1350.9415283203125 27
1755801652750 1551.9560546875 28
1755801652784 1396.5787353515625 29
1755801652817 1443.993896484375 30
1755801652851 1455.322265625 31
1755801652888 1217.428466796875 32
1755801652936 1445.0579833984375 33
1755801652974 1377.7677001953125 34
1755801653021 1205.7978515625 35
1755801653060 1381.73193359375 36
1755801653097 1107.6793212890625 37
1755801653129 1553.0733642578125 38
1755801653160 1260.389404296875 39
1755801653191 1420.0113525390625 40
1755801653222 1532.306640625 41
1755801653253 1346.1978759765625 42
1755801653289 1371.3919677734375 43
1755801653335 1532.341064453125 44
1755801653364 1504.929931640625 45
1755801653408 1700.515625 46
1755801653442 1433.3551025390625 47
1755801653469 1428.8704833984375 48
1755801653494 1295.950439453125 49
1755801653530 1356.6419677734375 50
1755801653560 1298.154052734375 51
1755801653595 1262.6068115234375 52
1755801653639 1188.772216796875 53
1755801653679 1572.6993408203125 54
1755801653753 1539.9979248046875 55
1755801653796 1133.6522216796875 56
1755801653840 1536.8973388671875 57
1755801653877 1366.91943359375 58
1755801653910 1405.2623291015625 59
1755801653957 1308.1220703125 60
1755801654061 1176.7353515625 61
1755801654180 1372.70849609375 62
1755801654219 1226.4307861328125 63
1755801654248 1431.8026123046875 64
1755801654276 1415.51123046875 65
1755801654303 1403.1932373046875 66
1755801654332 1073.0673828125 67
1755801654367 1335.836181640625 68
1755801654414 1096.2005615234375 69
1755801654451 1157.9034423828125 70
1755801654499 1276.2529296875 71
1755801654535 1280.62744140625 72
1755801654570 1175.155029296875 73
1755801654603 1425.5037841796875 74
1755801654638 1046.656005859375 75
1755801654665 1302.9609375 76
1755801654695 1384.390625 77
1755801654729 1289.806396484375 78
1755801654757 1317.5242919921875 79
1755801654794 1267.265869140625 80
1755801654847 1327.6451416015625 81
1755801654884 1212.450439453125 82
1755801654912 1361.9403076171875 83
1755801654941 1171.29443359375 84
1755801654977 1370.478515625 85
1755801655008 1098.8338623046875 86
1755801655035 1391.01708984375 87
1755801655063 1211.757080078125 88
1755801655090 1358.461181640625 89
1755801655126 1124.8907470703125 90
1755801655154 1244.915283203125 91
1755801655189 1426.0970458984375 92
1755801655230 1335.578369140625 93
1755801655281 1213.2772216796875 94
1755801655317 1386.922607421875 95
1755801655355 896.8218383789062 96
1755801655391 1422.2664794921875 97
1755801655422 1305.6429443359375 98
1755801655458 1293.6690673828125 99
1755801655484 1318.6728515625 100
1755801655512 1350.4534912109375 101
1755801655542 1276.26708984375 102
1755801655578 1111.34521484375 103
1755801655622 1368.1190185546875 104
1755801655693 1252.2938232421875 105
1755801655727 1123.2027587890625 106
1755801655757 1173.93798828125 107
1755801655789 1388.60205078125 108
1755801655827 1230.393310546875 109
1755801655862 1155.74755859375 110
1755801655903 1225.2071533203125 111
1755801655946 1121.43505859375 112
1755801655999 1213.2752685546875 113
1755801656039 1465.068359375 114
1755801656073 1332.255615234375 115
1755801656103 1144.9324951171875 116
1755801656149 1446.1798095703125 117
1755801656183 1094.4002685546875 118
1755801656215 1106.007568359375 119
1755801656251 1159.1160888671875 120
1755801656284 1214.1595458984375 121
1755801656325 1139.8807373046875 122
1755801656358 1165.5125732421875 123
1755801656391 1037.877685546875 124
1755801656426 1231.90869140625 125
1755801656458 1029.5279541015625 126
1755801656493 1274.7254638671875 127
1755801656528 1438.5987548828125 128
1755801656560 1239.9019775390625 129
1755801656596 1153.25732421875 130
1755801656640 1050.17822265625 131
1755801656673 993.557861328125 132
1755801656705 1130.296630859375 133
1755801656739 1308.5428466796875 134
1755801656773 1195.913330078125 135
1755801656805 1139.6015625 136
1755801656837 1182.9114990234375 137
1755801656878 1363.56591796875 138
1755801656914 1150.80859375 139
1755801656944 1033.5225830078125 140
1755801656974 1149.0345458984375 141
1755801657012 1291.149658203125 142
1755801657049 1001.6350708007812 143
1755801657084 1045.296875 144
1755801657119 1174.5958251953125 145
1755801657155 1297.359375 146
1755801657190 1209.8782958984375 147
1755801657227 1218.9678955078125 148
1755801657261 1187.9017333984375 149
1755801657297 1057.497314453125 150
1755801657328 1103.66259765625 151
1755801657360 1273.570068359375 152
1755801657397 1175.5953369140625 153
1755801657443 1390.806640625 154
1755801657477 1341.3900146484375 155
1755801657513 1305.146728515625 156
1755801657552 1290.3974609375 157
1755801657651 1170.7178955078125 158
1755801657721 1072.18115234375 159
1755801657752 1415.156005859375 160
1755801657785 1304.5283203125 161
1755801657819 1205.35546875 162
1755801657848 1145.984130859375 163
1755801657877 1088.9906005859375 164
1755801657904 921.3919677734375 165
1755801657932 1138.114013671875 166
1755801657959 1209.5098876953125 167
1755801657988 1489.96728515625 168
1755801658016 1230.90869140625 169
1755801658053 1154.79052734375 170
1755801658099 1155.6988525390625 171
1755801658142 1189.1998291015625 172
1755801658177 1353.4285888671875 173
1755801658218 1305.9498291015625 174
1755801658252 1419.4564208984375 175
1755801658286 1376.3560791015625 176
1755801658320 1125.443359375 177
1755801658363 1131.2401123046875 178
1755801658403 1012.641845703125 179
1755801658442 1136.3372802734375 180
1755801658472 1153.0279541015625 181
1755801658513 1256.1607666015625 182
1755801658542 1309.89453125 183
1755801658575 1028.338134765625 184
1755801658609 1134.81103515625 185
1755801658652 1077.114013671875 186
1755801658687 1206.60546875 187
1755801658724 1161.4188232421875 188
1755801658757 1151.9417724609375 189
1755801658787 1309.9268798828125 190
1755801658822 1090.404052734375 191
1755801658855 1026.14111328125 192
1755801658891 934.9307861328125 193
1755801658924 1107.05712890625 194
1755801658960 1064.01416015625 195
1755801658991 1048.806396484375 196
1755801659020 1373.1221923828125 197
1755801659048 1268.822265625 198
1755801659077 1082.5303955078125 199
1755801659105 975.0617065429688 200
1755801659150 1075.3607177734375 201
1755801659179 1122.0897216796875 202
1755801659210 970.4306030273438 203
1755801659244 1116.33984375 204
1755801659281 992.074951171875 205
1755801659315 1075.2833251953125 206
1755801659368 1040.021728515625 207
1755801659407 1174.0242919921875 208
1755801659437 1107.8572998046875 209
1755801659466 1295.0408935546875 210
1755801659495 1227.6700439453125 211
1755801659523 1157.520263671875 212
1755801659553 1098.856689453125 213
1755801659582 914.9862060546875 214
1755801659633 1187.718017578125 215
1755801659672 1021.0554809570312 216
1755801659706 1282.36083984375 217
1755801659742 1190.843994140625 218
1755801659776 995.8399047851562 219
1755801659809 1070.227783203125 220
1755801659848 1011.0537719726562 221
1755801659882 1275.223876953125 222
1755801659909 1101.3145751953125 223
1755801659938 1053.742919921875 224
1755801659973 1246.783203125 225
1755801660008 1157.52294921875 226
1755801660055 1025.4075927734375 227
1755801660097 1379.2435302734375 228
1755801660133 1130.5255126953125 229
1755801660170 1137.16259765625 230
1755801660206 1141.6341552734375 231
1755801660246 1084.4981689453125 232
1755801660282 1267.767822265625 233
1755801660315 1165.05224609375 234
1755801660356 1158.752197265625 235
1755801660391 1267.9833984375 236
1755801660431 1074.189208984375 237
1755801660461 1107.6988525390625 238
1755801660494 1111.58154296875 239
1755801660532 1122.9586181640625 240
1755801660662 1345.59619140625 241
1755801660718 937.9253540039062 242
1755801660750 1274.175537109375 243
1755801660784 874.4076538085938 244
1755801660819 1257.93994140625 245
1755801660854 1115.71484375 246
1755801660890 1316.68359375 247
1755801660917 1049.406005859375 248
1755801660952 1236.7569580078125 249
1755801660980 979.3717651367188 250
1755801661007 1123.0802001953125 251
1755801661040 1204.7354736328125 252
1755801661083 946.889404296875 253
1755801661113 1181.332763671875 254
1755801661152 1170.1475830078125 255
1755801661185 1201.778076171875 256
1755801661230 1025.964111328125 257
1755801661261 1249.7242431640625 258
1755801661288 1056.63427734375 259
1755801661317 1112.3743896484375 260
1755801661349 1148.98974609375 261
1755801661384 931.2913818359375 262
1755801661420 1264.510498046875 263
1755801661450 1341.26416015625 264
1755801661480 1179.6944580078125 265
1755801661515 1174.0579833984375 266
1755801661545 1155.200927734375 267
1755801661574 1076.8115234375 268
1755801661606 1143.692626953125 269
1755801661641 1010.3653564453125 270
1755801661672 987.4352416992188 271
1755801661703 1117.2904052734375 272
1755801661734 1096.409912109375 273
1755801661764 1162.755126953125 274
1755801661798 1051.9869384765625 275
1755801661835 1151.7911376953125 276
1755801661871 1043.00341796875 277
1755801661917 1014.1053466796875 278
1755801661954 1257.0382080078125 279
1755801661994 1166.36279296875 280
1755801662029 1163.0223388671875 281
1755801662064 926.68798828125 282
1755801662119 1142.3204345703125 283
1755801662161 1166.5445556640625 284
1755801662203 1165.772705078125 285
1755801662238 1030.1485595703125 286
1755801662270 1358.9564208984375 287
1755801662306 1293.3553466796875 288
1755801662340 983.1674194335938 289
1755801662373 1153.6278076171875 290
1755801662410 1145.8968505859375 291
1755801662440 1112.738037109375 292
1755801662477 1264.7489013671875 293
1755801662516 1110.769287109375 294
1755801662551 1086.6619873046875 295
1755801662647 1110.3155517578125 296
1755801662681 921.1133422851562 297
1755801662712 1173.7088623046875 298
1755801662744 1122.9818115234375 299
1755801675882 2523.073974609375 0
1755801675920 2343.94921875 1
1755801675963 2650.159912109375 2
1755801675990 2563.869873046875 3
1755801676024 2456.450927734375 4
1755801676057 2449.93359375 5
1755801676084 2395.822021484375 6
1755801676121 2419.586669921875 7
1755801676176 2373.60888671875 8
1755801676215 2298.2626953125 9
1755801676258 2309.77001953125 10
1755801676288 2325.78369140625 11
1755801676328 2184.959228515625 12
1755801676367 2281.341064453125 13
1755801676432 2337.80419921875 14
1755801676484 2296.91455078125 15
1755801676523 2253.461669921875 16
1755801676560 2158.822265625 17
1755801676700 2243.205810546875 18
1755801676808 2188.55517578125 19
1755801676852 2064.790283203125 20
1755801676898 1980.0284423828125 21
1755801676933 2083.116455078125 22
1755801676981 2024.7615966796875 23
1755801677018 2009.011962890625 24
1755801677074 2054.42578125 25
1755801677140 1840.41845703125 26
1755801677175 1845.5997314453125 27
1755801677211 1944.2247314453125 28
1755801677250 1633.4697265625 29
1755801677292 1606.62060546875 30
1755801677326 1606.348388671875 31
1755801677369 1422.0546875 32
1755801677475 1630.4537353515625 33
1755801677517 1449.255859375 34
1755801677558 1367.1258544921875 35
1755801677595 1480.1734619140625 36
1755801677635 1320.435546875 37
1755801677670 1381.3897705078125 38
1755801677708 1218.2020263671875 39
1755801677746 1268.8768310546875 40
1755801677788 1089.587646484375 41
1755801677833 1084.9754638671875 42
1755801677870 1241.179931640625 43
1755801677922 1349.8226318359375 44
1755801677961 1189.4429931640625 45
1755801677996 1276.955810546875 46
1755801678041 1276.6075439453125 47
1755801678084 1116.5997314453125 48
1755801678124 1116.7279052734375 49
1755801678220 1198.0489501953125 50
1755801678438 1021.5226440429688 51
1755801678486 1170.0958251953125 52
1755801678520 1403.202880859375 53
1755801678557 1255.1158447265625 54
1755801678597 1267.7337646484375 55
1755801678637 1180.1983642578125 56
1755801678669 1059.5865478515625 57
1755801678704 1253.3641357421875 58
1755801678736 1218.547119140625 59
1755801678770 1115.6671142578125 60
1755801678832 1245.9415283203125 61
1755801678874 1072.9755859375 62
1755801678915 1283.1907958984375 63
1755801678951 1121.4520263671875 64
1755801678988 1120.233642578125 65
1755801679026 1209.9371337890625 66
1755801679072 1246.6356201171875 67
1755801679103 1180.1217041015625 68
1755801679133 1168.5928955078125 69
1755801679167 1351.914306640625 70
1755801679206 1106.537109375 71
1755801679238 1290.91796875 72
1755801679268 1254.189453125 73
1755801679301 1057.706298828125 74
1755801679334 1247.2176513671875 75
1755801679371 1316.819580078125 76
1755801679407 1100.0084228515625 77
1755801679445 1269.8929443359375 78
1755801679475 1229.4525146484375 79
1755801679517 1312.563720703125 80
1755801679549 1397.745361328125 81
1755801679585 1086.95703125 82
1755801679618 1412.9525146484375 83
1755801679654 1320.2325439453125 84
1755801679681 1142.73583984375 85
1755801679712 1199.6458740234375 86
1755801679750 1429.197265625 87
1755801679784 1165.3006591796875 88
1755801679811 996.8273315429688 89
1755801679838 1234.6373291015625 90
1755801679867 1118.671142578125 91
1755801679896 1216.3133544921875 92
1755801679922 903.2152709960938 93
1755801679960 1010.6478271484375 94
1755801680000 1052.451171875 95
1755801680037 930.7340698242188 96
1755801680087 875.2409057617188 97
1755801680134 1034.97998046875 98
1755801680169 1304.01611328125 99
1755801680206 1293.472412109375 100
1755801680258 931.337158203125 101
1755801680293 1182.8775634765625 102
1755801680327 1083.222900390625 103
1755801680363 1357.0526123046875 104
1755801680406 1144.20361328125 105
1755801680442 1061.4127197265625 106
1755801680561 1316.0672607421875 107
1755801680602 1008.2833251953125 108
1755801680744 1122.8837890625 109
1755801680892 996.9177856445312 110
1755801680934 1158.2041015625 111
1755801680964 1036.1763916015625 112
1755801681009 1205.0137939453125 113
1755801681044 1287.2193603515625 114
1755801681080 1051.5511474609375 115
1755801681113 1214.4232177734375 116
1755801681155 1030.9449462890625 117
1755801681191 948.294189453125 118
1755801681224 1050.948974609375 119
1755801681286 1159.0789794921875 120
1755801681330 1471.9156494140625 121
1755801681372 993.53173828125 122
1755801681410 1176.542236328125 123
1755801681446 1156.6939697265625 124
1755801681484 1058.6378173828125 125
1755801681515 1278.968505859375 126
1755801681548 1225.07373046875 127
1755801681579 1153.94140625 128
1755801681612 1006.2167358398438 129
1755801681657 1429.4908447265625 130
1755801681692 956.1464233398438 131
1755801681723 948.7159423828125 132
1755801681757 1051.6326904296875 133
1755801681791 1141.2073974609375 134
1755801681823 1114.0904541015625 135
1755801681854 1312.3140869140625 136
1755801681887 1091.8662109375 137
1755801681918 1156.7247314453125 138
1755801681955 1132.5474853515625 139
1755801681988 1121.014892578125 140
1755801682020 993.6759643554688 141
1755801682057 1375.91650390625 142
1755801682090 1204.2745361328125 143
1755801682130 1012.57373046875 144
1755801682168 1298.8485107421875 145
1755801682199 1307.0860595703125 146
1755801682232 961.6625366210938 147
1755801682267 1151.1015625 148
1755801682301 1255.10205078125 149
1755801682336 1279.9180908203125 150
1755801682370 1271.620849609375 151
1755801682407 1245.07421875 152
1755801682442 1212.15625 153
1755801682483 1007.87158203125 154
1755801682527 1249.9012451171875 155
1755801682566 1180.7056884765625 156
1755801682600 1042.820556640625 157
1755801682636 1283.6741943359375 158
1755801682677 1112.8997802734375 159
1755801682713 1238.349609375 160
1755801682745 1177.87060546875 161
1755801682775 1107.8651123046875 162
1755801682806 1043.566162109375 163
1755801682834 885.6890869140625 164
1755801682864 940.0349731445312 165
1755801682906 1172.83935546875 166
1755801682936 1256.403564453125 167
1755801682967 1082.95263671875 168
1755801683003 1098.866943359375 169
1755801683036 1121.2742919921875 170
1755801683072 1006.4448852539062 171
1755801683105 1116.5277099609375 172
1755801683148 1092.0555419921875 173
1755801683188 1045.10302734375 174
1755801683227 1045.7412109375 175
1755801683256 1193.54296875 176
1755801683284 1237.0435791015625 177
1755801683318 989.7088623046875 178
1755801683350 1199.6279296875 179
1755801683386 1149.4576416015625 180
1755801683425 1008.9285888671875 181
1755801683455 1174.9232177734375 182
1755801683487 1237.356689453125 183
1755801683513 1050.335693359375 184
1755801683540 1014.5023803710938 185
1755801683567 1339.6484375 186
1755801683594 1185.2691650390625 187
1755801683639 1207.830810546875 188
1755801683676 1156.869384765625 189
1755801683710 1161.7623291015625 190
1755801683743 1206.4864501953125 191
1755801683773 1337.2391357421875 192
1755801683816 1059.5421142578125 193
1755801683860 968.1282958984375 194
1755801683894 1263.312255859375 195
1755801683931 1099.8297119140625 196
1755801683964 1145.8116455078125 197
1755801683999 1002.6614379882812 198
1755801684026 1047.45556640625 199
1755801684054 967.30810546875 200
1755801684090 1121.6710205078125 201
1755801684123 1209.745849609375 202
1755801684154 1074.139892578125 203
1755801684198 1172.9439697265625 204
1755801684234 1160.1134033203125 205
1755801684275 1149.3408203125 206
1755801684310 1153.789306640625 207
1755801684428 1053.5186767578125 208
1755801684491 1080.5382080078125 209
1755801684525 979.1212768554688 210
1755801684561 963.4390258789062 211
1755801684608 914.1901245117188 212
1755801684659 873.916748046875 213
1755801684690 911.522216796875 214
1755801684722 1013.5995483398438 215
1755801684754 1325.57373046875 216
1755801684791 1008.6087646484375 217
1755801684824 955.6187133789062 218
1755801684857 1120.964599609375 219
1755801684895 1014.7415161132812 220
1755801684924 1075.250732421875 221
1755801684962 1195.566650390625 222
1755801684995 966.2611083984375 223
1755801685032 1117.5225830078125 224
1755801685059 884.9495239257812 225
1755801685088 1262.340576171875 226
1755801685116 1300.5189208984375 227
1755801685153 1083.097412109375 228
1755801685180 1121.1705322265625 229
1755801685217 1075.3411865234375 230
1755801685252 972.6851806640625 231
1755801685289 1194.1707763671875 232
1755801685318 1179.3607177734375 233
1755801685351 896.1129760742188 234
1755801685390 1128.460693359375 235
1755801685427 1233.4771728515625 236
1755801685459 1166.75439453125 237
1755801685498 957.2692260742188 238
1755801685529 940.9378051757812 239
1755801685560 1032.0845947265625 240
1755801685602 970.375 241
1755801685636 1271.0885009765625 242
1755801685671 780.2723388671875 243
1755801685705 1116.657470703125 244
1755801685755 1051.366943359375 245
1755801685791 1131.5372314453125 246
1755801685827 1258.7269287109375 247
1755801685855 1108.81884765625 248
1755801685885 1186.410400390625 249
1755801685916 1129.0704345703125 250
1755801685946 1079.6705322265625 251
1755801685977 1333.30126953125 252
1755801686012 1088.6396484375 253
1755801686048 941.5254516601562 254
1755801686083 746.3673706054688 255
1755801686114 1130.4197998046875 256
1755801686163 995.1573486328125 257
1755801686202 1232.52001953125 258
1755801686244 1274.70849609375 259
1755801686288 1034.462158203125 260
1755801686316 1009.3161010742188 261
1755801686348 1016.7748413085938 262
1755801686383 962.1521606445312 263
1755801686419 1198.2498779296875 264
1755801686448 1007.1968383789062 265
1755801686486 1204.390380859375 266
1755801686526 1011.1487426757812 267
1755801686562 1279.835693359375 268
1755801686598 1067.6632080078125 269
1755801686634 1124.140380859375 270
1755801686674 771.05126953125 271
1755801686708 1200.0364990234375 272
1755801686739 1305.5738525390625 273
1755801686772 896.857666015625 274
1755801686808 1024.7567138671875 275
1755801686849 1242.0321044921875 276
1755801686886 1268.9410400390625 277
1755801686921 997.4197998046875 278
1755801686953 1098.6439208984375 279
1755801686992 1089.4071044921875 280
1755801687030 1066.20556640625 281
1755801687111 974.74169921875 282
1755801687158 1106.9046630859375 283
1755801687261 1077.3453369140625 284
1755801687291 1253.6043701171875 285
1755801687326 980.7098388671875 286
1755801687363 940.9224853515625 287
1755801687394 1200.1236572265625 288
1755801687436 1054.8568115234375 289
1755801687474 939.1815185546875 290
1755801687506 1164.42529296875 291
1755801687536 1131.632568359375 292
1755801687570 1178.9931640625 293
1755801687603 1216.190673828125 294
1755801687639 1108.509765625 295
1755801687680 949.7512817382812 296
1755801687716 1264.37109375 297
1755801687750 1142.23583984375 298
1755801687782 1152.440673828125 299
1755801701902 2695.0068359375 0
1755801701935 2469.2158203125 1
1755801701966 2571.1982421875 2
1755801702012 2621.813232421875 3
1755801702049 2525.34521484375 4
1755801702080 2485.553466796875 5
1755801702110 2476.73291015625 6
1755801702139 2626.44287109375 7
1755801702172 2425.0751953125 8
1755801702201 2274.720458984375 9
1755801702229 2302.103271484375 10
1755801702274 2386.92578125 11
1755801702310 2229.328125 12
1755801702351 2286.342529296875 13
1755801702386 2156.2626953125 14
1755801702424 2210.5693359375 15
1755801702468 2171.077880859375 16
1755801702497 2192.964599609375 17
1755801702537 1994.5472412109375 18
1755801702577 2044.0845947265625 19
1755801702611 1777.019287109375 20
1755801702651 1900.252685546875 21
1755801702691 1928.344970703125 22
1755801702724 2097.08642578125 23
1755801702758 1974.860595703125 24
1755801702787 1698.8807373046875 25
1755801702816 1689.83251953125 26
1755801702847 1551.035400390625 27
1755801702888 1630.88671875 28
1755801702929 1566.992919921875 29
1755801702966 1416.953125 30
1755801703001 1293.9263916015625 31
1755801703033 1474.43603515625 32
1755801703065 1437.015869140625 33
1755801703096 1520.332763671875 34
1755801703132 1439.8912353515625 35
1755801703167 1301.0513916015625 36
1755801703201 1608.2470703125 37
1755801703262 1315.616943359375 38
1755801703296 1512.492919921875 39
1755801703331 1402.9991455078125 40
1755801703368 1412.5797119140625 41
1755801703411 1305.888671875 42
1755801703458 1258.1424560546875 43
1755801703485 1592.789306640625 44
1755801703512 1479.497314453125 45
1755801703539 1517.21728515625 46
1755801703572 1317.7464599609375 47
1755801703603 1441.2535400390625 48
1755801703647 1249.2911376953125 49
1755801703689 1300.6075439453125 50
1755801703722 1153.2364501953125 51
1755801703751 1433.3382568359375 52
1755801703779 1138.06689453125 53
1755801703811 1182.423828125 54
1755801703851 1351.9381103515625 55
1755801703889 1359.9774169921875 56
1755801703927 1211.117919921875 57
1755801703967 1421.9857177734375 58
1755801704003 1438.37939453125 59
1755801704039 870.7623901367188 60
1755801704079 1262.2288818359375 61
1755801704117 1282.9461669921875 62
1755801704159 1187.560302734375 63
1755801704197 1293.78759765625 64
1755801704238 1225.772216796875 65
1755801704271 1359.6475830078125 66
1755801704299 1014.71337890625 67
1755801704333 1310.4879150390625 68
1755801704369 1271.076171875 69
1755801704414 1120.36181640625 70
1755801704457 1610.7672119140625 71
1755801704490 1408.81396484375 72
1755801704523 1433.938232421875 73
1755801704560 1344.4263916015625 74
1755801704595 1254.13232421875 75
1755801704631 1350.08447265625 76
1755801704683 1243.00146484375 77
1755801704724 1317.109619140625 78
1755801704757 1164.8514404296875 79
1755801704809 1459.87255859375 80
1755801704852 1272.66845703125 81
1755801704897 1383.8883056640625 82
1755801704940 1476.375244140625 83
1755801704980 1340.5660400390625 84
1755801705019 1026.6053466796875 85
1755801705049 1305.57666015625 86
1755801705090 1467.74267578125 87
1755801705213 1239.1805419921875 88
1755801705321 1358.486572265625 89
1755801705369 1323.13671875 90
1755801705402 1499.24365234375 91
1755801705440 1262.8223876953125 92
1755801705474 1286.81494140625 93
1755801705511 1247.9039306640625 94
1755801705544 1134.458251953125 95
1755801705593 1330.0867919921875 96
1755801705636 1247.2818603515625 97
1755801705672 1245.263671875 98
1755801705701 1177.6331787109375 99
1755801705739 1389.60791015625 100
1755801705782 1251.553955078125 101
1755801705824 1217.9146728515625 102
1755801705860 1194.7867431640625 103
1755801705898 1259.1873779296875 104
1755801705933 1253.905029296875 105
1755801705968 1369.9415283203125 106
1755801706006 1275.2418212890625 107
1755801706049 1332.1510009765625 108
1755801706081 1311.697998046875 109
1755801706118 1109.41064453125 110
1755801706157 1303.919677734375 111
1755801706193 1044.184814453125 112
1755801706233 1385.5008544921875 113
1755801706270 1473.0223388671875 114
1755801706311 1320.1810302734375 115
1755801706344 853.4144897460938 116
1755801706378 1461.54541015625 117
1755801706417 1510.61767578125 118
1755801706449 1158.117431640625 119
1755801706481 1307.9794921875 120
1755801706515 1378.173583984375 121
1755801706547 1357.0814208984375 122
1755801706595 1192.26416015625 123
1755801706640 1479.753173828125 124
1755801706686 1420.0028076171875 125
1755801706717 1406.8641357421875 126
1755801706748 1296.9249267578125 127
1755801706778 1285.4832763671875 128
1755801706809 1247.012939453125 129
1755801706841 1234.246826171875 130
1755801706873 1081.4071044921875 131
1755801706906 1140.1998291015625 132
1755801706939 1131.3585205078125 133
1755801706975 1322.2386474609375 134
1755801707017 1144.510498046875 135
1755801707060 1292.95703125 136
1755801707090 1274.3203125 137
1755801707120 1192.033935546875 138
1755801707158 1232.986328125 139
1755801707192 1167.87451171875 140
1755801707231 1283.3211669921875 141
1755801707274 995.9583740234375 142
1755801707315 997.224853515625 143
1755801707347 1339.5101318359375 144
1755801707382 1341.427001953125 145
1755801707421 1115.36083984375 146
1755801707456 1028.8939208984375 147
1755801707491 1274.81201171875 148
1755801707522 1281.9434814453125 149
1755801707554 1259.372802734375 150
1755801707584 1113.1688232421875 151
1755801707615 1211.0782470703125 152
1755801707652 1138.13330078125 153
1755801707693 1312.1605224609375 154
1755801707732 1316.057373046875 155
1755801707759 1264.9468994140625 156
1755801707792 1286.209716796875 157
1755801707833 1139.469482421875 158
1755801707878 1049.595947265625 159
1755801707929 913.455078125 160
1755801707965 1076.3675537109375 161
1755801708008 1156.1610107421875 162
1755801708045 1356.4945068359375 163
1755801708080 1067.092041015625 164
1755801708115 1245.4876708984375 165
1755801708149 1063.914306640625 166
1755801708190 1182.987060546875 167
1755801708223 1151.1593017578125 168
1755801708257 1214.0115966796875 169
1755801708288 1066.492919921875 170
1755801708327 1127.56396484375 171
1755801708369 1141.50341796875 172
1755801708403 1111.041748046875 173
1755801708440 1351.2847900390625 174
1755801708471 1011.0985107421875 175
1755801708509 1305.338623046875 176
1755801708544 1524.7635498046875 177
1755801708579 1256.648681640625 178
1755801708613 1107.9666748046875 179
1755801708652 1201.25341796875 180
1755801708690 1281.149169921875 181
1755801708727 1376.0787353515625 182
1755801708766 1315.1331787109375 183
1755801708797 979.81005859375 184
1755801708830 1209.6895751953125 185
1755801708864 1225.2425537109375 186
1755801708902 1273.1912841796875 187
1755801708929 1365.22705078125 188
1755801708967 1083.06640625 189
1755801709001 1129.7137451171875 190
1755801709037 1166.8909912109375 191
1755801709159 1040.005859375 192
1755801709216 1106.544921875 193
1755801709247 1301.9227294921875 194
1755801709277 1148.472900390625 195
1755801709305 969.1058959960938 196
1755801709335 1142.9267578125 197
1755801709370 1201.395751953125 198
1755801709399 1125.6873779296875 199
1755801709429 1133.276123046875 200
1755801709460 1083.8961181640625 201
1755801709491 1163.081787109375 202
1755801709530 1385.4517822265625 203
1755801709563 980.1637573242188 204
1755801709596 1163.2225341796875 205
1755801709656 889.1322021484375 206
1755801709698 1113.960693359375 207
1755801709752 1348.400634765625 208
1755801709789 990.3607177734375 209
1755801709825 1238.5614013671875 210
1755801709860 961.248291015625 211
1755801709891 1168.6123046875 212
1755801709938 939.4685668945312 213
1755801709988 1271.3441162109375 214
1755801710017 1051.10546875 215
1755801710051 1016.2960815429688 216
1755801710092 1150.10546875 217
1755801710130 976.3060913085938 218
1755801710171 1291.3822021484375 219
1755801710205 1134.5291748046875 220
1755801710247 1226.45458984375 221
1755801710283 1160.097900390625 222
1755801710320 1125.8983154296875 223
1755801710358 1300.18994140625 224
1755801710406 1214.9317626953125 225
1755801710449 859.4127197265625 226
1755801710482 1108.6578369140625 227
1755801710516 1081.4368896484375 228
1755801710545 1167.7425537109375 229
1755801710573 1130.4420166015625 230
1755801710604 1194.44921875 231
1755801710634 1051.2491455078125 232
1755801710675 1261.2294921875 233
1755801710709 1337.19677734375 234
1755801710746 1327.3192138671875 235
1755801710773 1042.427978515625 236
1755801710802 1357.413818359375 237
1755801710831 1026.9400634765625 238
1755801710862 1204.1746826171875 239
1755801710892 1119.310791015625 240
1755801710919 1384.40771484375 241
1755801710945 1442.695068359375 242
1755801710976 1135.6619873046875 243
1755801711005 1077.2655029296875 244
1755801711042 1227.19384765625 245
1755801711089 1307.1827392578125 246
1755801711117 1012.3731689453125 247
1755801711149 1165.67041015625 248
1755801711192 1067.3731689453125 249
1755801711229 1323.4542236328125 250
1755801711260 1230.73779296875 251
1755801711297 1017.0570068359375 252
1755801711336 999.8367309570312 253
1755801711377 1437.899169921875 254
1755801711413 1113.207275390625 255
1755801711450 1224.1427001953125 256
1755801711482 1201.2147216796875 257
1755801711513 1141.1669921875 258
1755801711544 1270.766845703125 259
1755801711575 1042.15478515625 260
1755801711613 1152.8380126953125 261
1755801711646 1072.8358154296875 262
1755801711688 975.6452026367188 263
1755801711719 1036.1640625 264
1755801711745 1281.753173828125 265
1755801711772 1114.1483154296875 266
1755801711804 1369.527587890625 267
1755801711838 1074.63671875 268
1755801711873 1191.926513671875 269
1755801711917 1144.2984619140625 270
1755801711950 1140.52490234375 271
1755801711986 1285.4461669921875 272
1755801712029 1122.372314453125 273
1755801712070 957.641357421875 274
1755801712106 1175.1448974609375 275
1755801712145 1289.45654296875 276
1755801712187 1165.4786376953125 277
1755801712221 1228.398193359375 278
1755801712255 1055.3565673828125 279
1755801712288 1191.643310546875 280
1755801712330 991.8504638671875 281
1755801712370 1095.466064453125 282
1755801712414 1215.5572509765625 283
1755801712453 997.3094482421875 284
1755801712488 853.9285888671875 285
1755801712524 1123.051025390625 286
1755801712560 1025.38427734375 287
1755801712592 888.067138671875 288
1755801712630 1093.654052734375 289
1755801712666 1062.2188720703125 290
1755801712712 1331.3515625 291
1755801712749 1197.1636962890625 292
1755801712781 1423.000244140625 293
1755801712899 962.1266479492188 294
1755801712949 1070.046142578125 295
1755801712976 1284.7315673828125 296
1755801713002 1220.731201171875 297
1755801713030 1205.59765625 298
1755801713058 1167.4288330078125 299
1755801726205 2602.92578125 0
1755801726237 2436.91015625 1
1755801726280 2626.38427734375 2
1755801726328 2669.49755859375 3
1755801726455 2350.09326171875 4
1755801726500 2140.389404296875 5
1755801726547 2441.861083984375 6
1755801726594 2407.9951171875 7
1755801726629 2119.30029296875 8
1755801726664 2314.60986328125 9
1755801726702 2158.6474609375 10
1755801726898 1891.843505859375 11
1755801726935 1907.6005859375 12
1755801726971 1961.6497802734375 13
1755801727006 1904.366943359375 14
1755801727038 1821.200927734375 15
1755801727069 1693.07470703125 16
1755801727097 1771.0062255859375 17
1755801727141 1763.7996826171875 18
1755801727181 1663.948974609375 19
1755801727209 1563.1146240234375 20
1755801727245 1598.8468017578125 21
1755801727285 1329.461181640625 22
1755801727335 1580.2340087890625 23
1755801727369 1735.7928466796875 24
1755801727403 1476.688232421875 25
1755801727435 1436.6812744140625 26
1755801727465 1350.2896728515625 27
1755801727507 1335.9415283203125 28
1755801727540 1377.62744140625 29
1755801727584 1152.016845703125 30
1755801727630 1304.3343505859375 31
1755801727665 1450.1470947265625 32
1755801727700 1272.7593994140625 33
1755801727731 1552.7398681640625 34
1755801727768 1185.7550048828125 35
1755801727808 1341.106201171875 36
1755801727848 1480.702880859375 37
1755801727884 1274.087890625 38
1755801727920 1347.7608642578125 39
1755801727965 1367.8472900390625 40
1755801728003 1316.119384765625 41
1755801728039 1393.9755859375 42
1755801728076 1390.2525634765625 43
1755801728111 1309.120849609375 44
1755801728149 1355.99951171875 45
1755801728193 1329.8450927734375 46
1755801728229 1247.1234130859375 47
1755801728264 1196.278564453125 48
1755801728322 1380.3809814453125 49
1755801728356 1147.2061767578125 50
1755801728392 1083.193115234375 51
1755801728431 1306.6358642578125 52
1755801728474 1385.7039794921875 53
1755801728513 1173.8343505859375 54
1755801728547 1288.8399658203125 55
1755801728580 1388.5211181640625 56
1755801728616 1169.3826904296875 57
1755801728652 1140.0618896484375 58
1755801728700 1172.946533203125 59
1755801728733 1424.1676025390625 60
1755801728769 1489.529296875 61
1755801728804 1267.916748046875 62
1755801728846 1278.269775390625 63
1755801728889 1354.14501953125 64
1755801728949 1303.6719970703125 65
1755801728983 1353.2659912109375 66
1755801729021 1073.2139892578125 67
1755801729064 1484.8177490234375 68
1755801729105 1073.523193359375 69
1755801729148 1265.6766357421875 70
1755801729205 1257.9805908203125 71
1755801729241 1394.98876953125 72
1755801729277 1250.117919921875 73
1755801729307 1133.758544921875 74
1755801729340 982.7420043945312 75
1755801729374 1307.9757080078125 76
1755801729418 1008.251220703125 77
1755801729453 1443.706787109375 78
1755801729486 1156.7188720703125 79
1755801729528 1285.3004150390625 80
1755801729560 1658.569580078125 81
1755801729592 1421.439208984375 82
1755801729625 1374.9991455078125 83
1755801729663 896.3433227539062 84
1755801729698 1380.44384765625 85
1755801729739 1203.04931640625 86
1755801729771 1280.387451171875 87
1755801729803 1354.8399658203125 88
1755801729837 1099.7652587890625 89
1755801729870 1254.2899169921875 90
1755801729984 1181.093994140625 91
1755801730037 1219.6661376953125 92
1755801730073 1256.869140625 93
1755801730108 1294.510498046875 94
1755801730139 1135.1556396484375 95
1755801730174 1175.20068359375 96
1755801730205 1440.9857177734375 97
1755801730238 1257.298828125 98
1755801730269 1096.7755126953125 99
1755801730310 1302.198974609375 100
1755801730346 1287.6944580078125 101
1755801730403 1210.0289306640625 102
1755801730434 1246.626953125 103
1755801730463 1221.175048828125 104
1755801730498 1470.5772705078125 105
1755801730538 944.744384765625 106
1755801730572 1425.2908935546875 107
1755801730605 1171.58251953125 108
1755801730641 956.9263916015625 109
1755801730672 1086.069580078125 110
1755801730706 1450.722412109375 111
1755801730745 1138.4779052734375 112
1755801730776 1241.0989990234375 113
1755801730806 1228.695556640625 114
1755801730833 1299.2384033203125 115
1755801730865 1100.4468994140625 116
1755801730899 1157.1588134765625 117
1755801730929 1283.8170166015625 118
1755801730961 1292.9140625 119
1755801730992 1174.67626953125 120
1755801731025 1185.4163818359375 121
1755801731052 1185.17529296875 122
1755801731081 1215.46044921875 123
1755801731119 1182.9937744140625 124
1755801731155 1226.9222412109375 125
1755801731190 1131.7777099609375 126
1755801731236 1172.0416259765625 127
1755801731278 1008.0484008789062 128
1755801731319 1128.72119140625 129
1755801731361 1240.507568359375 130
1755801731403 977.1181030273438 131
1755801731441 1121.287109375 132
1755801731502 989.1527709960938 133
1755801731539 1338.41162109375 134
1755801731573 1346.165283203125 135
1755801731614 1120.4383544921875 136
1755801731653 1288.1214599609375 137
1755801731701 1048.3365478515625 138
1755801731745 1211.3570556640625 139
1755801731780 1225.1549072265625 140
1755801731814 1139.9652099609375 141
1755801731848 1145.5865478515625 142
1755801731894 875.4217529296875 143
1755801731938 1156.0689697265625 144
1755801731984 1117.34375 145
1755801732031 1015.2388916015625 146
1755801732064 1053.096435546875 147
1755801732104 1404.0777587890625 148
1755801732140 1338.395263671875 149
1755801732173 1129.46875 150
1755801732211 843.5765380859375 151
1755801732244 1225.044921875 152
1755801732279 1023.3876342773438 153
1755801732315 1317.591552734375 154
1755801732349 1144.897216796875 155
1755801732383 1397.2056884765625 156
1755801732415 1245.8040771484375 157
1755801732448 1084.291015625 158
1755801732480 1422.8797607421875 159
1755801732516 1260.249755859375 160
1755801732550 1189.0927734375 161
1755801732580 1084.933837890625 162
1755801732616 1173.4942626953125 163
1755801732651 1303.1536865234375 164
1755801732691 1162.74951171875 165
1755801732737 1375.1314697265625 166
1755801732781 1473.1741943359375 167
1755801732823 1186.3765869140625 168
1755801732868 1214.5458984375 169
1755801732898 1362.58203125 170
1755801732933 1354.2406005859375 171
1755801732968 1405.8624267578125 172
1755801733001 1468.859619140625 173
1755801733036 1444.6068115234375 174
1755801733073 1377.465576171875 175
1755801733115 1120.4271240234375 176
1755801733151 834.4071655273438 177
1755801733196 1075.650390625 178
1755801733227 1076.826171875 179
1755801733262 1262.0252685546875 180
1755801733293 1095.193359375 181
1755801733333 1411.9527587890625 182
1755801733366 1176.80126953125 183
1755801733396 1023.2041015625 184
1755801733430 1023.7728271484375 185
1755801733466 1086.71728515625 186
1755801733496 1257.64599609375 187
1755801733522 967.37939453125 188
1755801733584 1136.0025634765625 189
1755801733667 1223.017333984375 190
1755801733721 1030.311279296875 191
1755801733751 1077.520263671875 192
1755801733780 1185.9853515625 193
1755801733813 1249.9918212890625 194
1755801733842 1157.718505859375 195
1755801733874 1226.7884521484375 196
1755801733907 975.1343383789062 197
1755801733938 1148.158447265625 198
1755801733967 1200.9937744140625 199
1755801733999 1122.4281005859375 200
1755801734028 1088.2987060546875 201
1755801734069 1100.6370849609375 202
1755801734101 1139.82763671875 203
1755801734137 1237.6650390625 204
1755801734168 1156.7847900390625 205
1755801734205 1144.254150390625 206
1755801734251 1222.952880859375 207
1755801734282 1237.9705810546875 208
1755801734310 1391.396240234375 209
1755801734343 1244.638671875 210
1755801734373 1226.448974609375 211
1755801734408 1164.5577392578125 212
1755801734442 1018.7806396484375 213
1755801734482 1299.6392822265625 214
1755801734521 1096.873779296875 215
1755801734556 979.2150268554688 216
1755801734591 958.1653442382812 217
1755801734629 1148.062744140625 218
1755801734669 1235.758056640625 219
1755801734706 1045.822265625 220
1755801734745 1105.743896484375 221
1755801734779 1049.30517578125 222
1755801734812 1117.5235595703125 223
1755801734847 1072.0946044921875 224
1755801734906 1026.2391357421875 225
1755801734942 989.9800415039062 226
1755801734976 1058.621337890625 227
1755801735014 1148.884033203125 228
1755801735046 1147.4698486328125 229
1755801735078 1236.88525390625 230
1755801735110 1148.7708740234375 231
1755801735141 1310.56103515625 232
1755801735184 1238.2117919921875 233
1755801735217 1152.365234375 234
1755801735252 1110.7425537109375 235
1755801735287 1498.7978515625 236
1755801735322 1406.567138671875 237
1755801735366 1173.8363037109375 238
1755801735406 1209.4447021484375 239
1755801735503 1092.5350341796875 240
1755801735649 1336.8033447265625 241
1755801735762 1032.140625 242
1755801735795 1220.3323974609375 243
1755801735832 1200.708740234375 244
1755801735867 910.4103393554688 245
1755801735905 1150.33154296875 246
1755801735935 895.7421875 247
1755801735968 1207.65625 248
1755801736010 1301.4810791015625 249
1755801736051 1064.282470703125 250
1755801736087 1123.2860107421875 251
1755801736121 980.7498779296875 252
1755801736160 1109.7171630859375 253
1755801736203 934.1541748046875 254
1755801736235 1123.6805419921875 255
1755801736266 1053.333740234375 256
1755801736299 1336.0732421875 257
1755801736337 1122.4227294921875 258
1755801736367 962.0695190429688 259
1755801736549 900.7942504882812 260
1755801736591 1018.3106079101562 261
1755801736624 1181.154541015625 262
1755801736663 1242.0382080078125 263
1755801736709 1208.947265625 264
1755801736742 960.967529296875 265
1755801736775 1045.71875 266
1755801736808 963.6560668945312 267
1755801736841 1149.9259033203125 268
1755801736875 993.6486206054688 269
1755801736915 843.2169189453125 270
1755801736947 1023.2161254882812 271
1755801736988 1211.1861572265625 272
1755801737030 1057.0108642578125 273
1755801737066 1122.277587890625 274
1755801737103 997.4370727539062 275
1755801737225 1064.2625732421875 276
1755801737283 974.3535766601562 277
1755801737316 1151.0452880859375 278
1755801737354 1263.3980712890625 279
1755801737387 1233.1397705078125 280
1755801737418 1096.441650390625 281
1755801737446 997.239990234375 282
1755801737474 959.1212768554688 283
1755801737507 1269.2733154296875 284
1755801737534 1170.38525390625 285
1755801737573 1177.224853515625 286
1755801737598 982.7341918945312 287
1755801737626 1163.9771728515625 288
1755801737662 1153.146484375 289
1755801737716 1148.856201171875 290
1755801737803 975.8942260742188 291
1755801737834 1048.14697265625 292
1755801737863 1005.1616821289062 293
1755801737896 1182.8175048828125 294
1755801737926 1220.9654541015625 295
1755801737954 1247.253662109375 296
1755801737983 981.9182739257812 297
1755801738012 968.6362915039062 298
1755801738062 1149.13232421875 299
1755801748294 8039.91552734375 0
1755801748352 6877.57373046875 1
1755801748439 9308.53125 2
1755801748498 3925.037353515625 3
1755801748545 6867.4287109375 4
1755801748593 9928.8876953125 5
1755801748644 6576.60693359375 6
1755801748698 4229.39794921875 7
1755801748748 5992.15283203125 8
1755801748796 3891.798583984375 9
1755801748848 3991.876220703125 10
1755801748903 6630.98681640625 11
1755801748950 4919.45068359375 12
1755801748995 3512.55712890625 13
1755801749033 6081.3818359375 14
1755801749080 4221.91552734375 15
1755801749124 3646.590087890625 16
1755801749183 5324.3642578125 17
1755801749228 4043.810791015625 18
1755801749269 5447.27783203125 19
1755801749313 5360.380859375 20
1755801749359 4426.57373046875 21
1755801749407 4939.0048828125 22
1755801749453 4572.38916015625 23
1755801749496 3781.585693359375 24
1755801749548 2930.1494140625 25
1755801749594 3180.58740234375 26
1755801749755 3205.95849609375 27
1755801749797 3409.50732421875 28
1755801749838 2675.9453125 29
1755801749888 2869.86474609375 30
1755801749936 3222.047119140625 31
1755801749989 2568.196533203125 32
1755801750031 3273.10791015625 33
1755801750087 2855.361083984375 34
1755801750144 3660.58447265625 35
1755801750196 2404.657958984375 36
1755801750244 3266.61181640625 37
1755801750302 2336.226806640625 38
1755801750376 2323.23486328125 39
1755801750426 2634.011962890625 40
1755801750481 2346.150634765625 41
1755801750531 2270.815673828125 42
1755801750580 2596.2783203125 43
1755801750632 2165.571533203125 44
1755801750685 2477.5654296875 45
1755801750728 2215.51416015625 46
1755801750773 2287.355224609375 47
1755801750824 2431.069091796875 48
1755801750875 2585.945556640625 49
1755801750920 2076.836181640625 50
1755801750961 2384.29150390625 51
1755801751013 2235.177734375 52
1755801751061 2254.845703125 53
1755801751108 1913.8936767578125 54
1755801751157 2211.235595703125 55
1755801751207 1953.363037109375 56
1755801751244 2167.37744140625 57
1755801751297 2034.27880859375 58
1755801751347 2536.8154296875 59
1755801751409 2463.392333984375 60
1755801751454 2164.094482421875 61
1755801751492 2020.7327880859375 62
1755801751605 1898.706787109375 63
1755801751681 2322.013916015625 64
1755801751748 2152.032470703125 65
1755801751858 2170.06298828125 66
1755801751898 2200.06201171875 67
1755801751936 2147.77197265625 68
1755801751982 1999.89453125 69
1755801752019 1926.6253662109375 70
1755801752053 2281.53759765625 71
1755801752097 2101.875 72
1755801752138 1971.5716552734375 73
1755801752177 2074.814208984375 74
1755801752236 2193.1484375 75
1755801752288 1894.020751953125 76
1755801752333 1936.6866455078125 77
1755801752386 1974.19091796875 78
1755801752442 2261.9404296875 79
1755801752483 2191.337158203125 80
1755801752523 1898.908935546875 81
1755801752576 2146.149658203125 82
1755801752617 1878.5760498046875 83
1755801752659 2025.02880859375 84
1755801752773 1983.4317626953125 85
1755801752976 1894.297119140625 86
1755801753081 2086.622314453125 87
1755801753128 1779.2236328125 88
1755801753175 1838.779052734375 89
1755801753240 2146.390380859375 90
1755801753287 2093.002685546875 91
1755801753331 1882.937255859375 92
1755801753379 1967.4017333984375 93
1755801753427 1958.78857421875 94
1755801753472 2034.5009765625 95
1755801753518 2565.876220703125 96
1755801753561 2106.58154296875 97
1755801753617 2104.56201171875 98
1755801753671 2300.182861328125 99
1755801753715 2358.18798828125 100
1755801753767 2449.288818359375 101
1755801753829 1876.3121337890625 102
1755801753886 2058.87255859375 103
1755801753934 2068.884521484375 104
1755801753992 1886.191162109375 105
1755801754036 2199.443359375 106
1755801754081 2063.302734375 107
1755801754143 1827.1060791015625 108
1755801754180 1819.2557373046875 109
1755801754229 1839.064697265625 110
1755801754274 2272.78369140625 111
1755801754337 1843.9022216796875 112
1755801754389 2063.94775390625 113
1755801754458 1973.27978515625 114
1755801754518 1937.1497802734375 115
1755801754581 1725.7803955078125 116
1755801754630 2143.0078125 117
1755801754690 1893.7861328125 118
1755801754743 2058.59375 119
1755801754784 2091.855712890625 120
1755801754828 2025.6553955078125 121
1755801754873 1801.995361328125 122
1755801754920 2095.9658203125 123
1755801754963 1984.992431640625 124
1755801755003 1795.380859375 125
1755801755050 1854.9979248046875 126
1755801755101 2201.952880859375 127
1755801755146 1684.9771728515625 128
1755801755193 1956.83203125 129
1755801755245 2078.53466796875 130
1755801755285 2006.9930419921875 131
1755801755334 1753.6820068359375 132
1755801755384 1750.5628662109375 133
1755801755447 1875.6278076171875 134
1755801755583 1938.75146484375 135
1755801755656 1818.815185546875 136
1755801755701 1828.8326416015625 137
1755801755745 2005.25830078125 138
1755801755791 1863.52197265625 139
1755801755838 1790.359375 140
1755801755883 2239.96337890625 141
1755801755930 1874.53369140625 142
1755801756015 2073.665283203125 143
1755801756064 1719.9779052734375 144
1755801756117 2097.06298828125 145
1755801756251 1732.265869140625 146
1755801756310 1945.3970947265625 147
1755801756357 1739.11669921875 148
1755801756399 2503.881103515625 149
1755801756436 1784.0928955078125 150
1755801756486 2068.017333984375 151
1755801756530 2023.0946044921875 152
1755801756578 1724.552978515625 153
1755801756617 1761.3560791015625 154
1755801756655 1984.2926025390625 155
1755801756696 1839.5308837890625 156
1755801756741 1833.2264404296875 157
1755801756777 2347.851806640625 158
1755801756819 1630.8719482421875 159
1755801756866 2025.408935546875 160
1755801756916 1842.4720458984375 161
1755801756956 1819.853271484375 162
1755801756997 1934.252685546875 163
1755801757042 1839.8961181640625 164
1755801757083 1717.1627197265625 165
1755801757124 1959.5775146484375 166
1755801757165 1671.2093505859375 167
1755801757209 1756.351806640625 168
1755801757261 1793.2882080078125 169
1755801757305 1811.6396484375 170
1755801757350 1799.98779296875 171
1755801757396 1845.1724853515625 172
1755801757442 1729.0677490234375 173
1755801757487 1689.22265625 174
1755801757531 1762.1124267578125 175
1755801757574 1759.839111328125 176
1755801757622 1703.66943359375 177
1755801757672 2082.095947265625 178
1755801757722 1532.98388671875 179
1755801757772 2215.2392578125 180
1755801757818 1978.3948974609375 181
1755801757865 2051.6533203125 182
1755801757909 1846.2313232421875 183
1755801757961 1865.141845703125 184
1755801758008 1981.09716796875 185
1755801758056 1441.286865234375 186
1755801758110 1861.2347412109375 187
1755801758151 1899.4825439453125 188
1755801758188 2020.8465576171875 189
1755801758241 1840.688720703125 190
1755801758280 1738.0048828125 191
1755801758322 1835.0379638671875 192
1755801758365 1939.5069580078125 193
1755801758402 1843.014404296875 194
1755801758442 1891.1259765625 195
1755801758483 1605.982421875 196
1755801758521 1906.8271484375 197
1755801758557 1594.6798095703125 198
1755801758602 2064.31787109375 199
1755801758651 1731.5655517578125 200
1755801758687 1844.692138671875 201
1755801758743 1735.8055419921875 202
1755801758814 1723.7935791015625 203
1755801758883 1914.0352783203125 204
1755801758939 1530.437744140625 205
1755801758979 1848.1734619140625 206
1755801759018 1635.303955078125 207
1755801759059 1904.879638671875 208
1755801759098 1765.3804931640625 209
1755801759141 1528.76416015625 210
1755801759181 1534.2545166015625 211
1755801759230 1357.512939453125 212
1755801759271 1682.5269775390625 213
1755801759312 1875.919677734375 214
1755801759349 1697.449951171875 215
1755801759389 1659.484619140625 216
1755801759427 1713.765380859375 217
1755801759465 1819.4053955078125 218
1755801759502 1556.2052001953125 219
1755801759544 1728.174560546875 220
1755801759600 1503.3526611328125 221
1755801759664 1994.5836181640625 222
1755801759759 1664.059326171875 223
1755801759803 1830.8370361328125 224
1755801759997 1479.981689453125 225
1755801760053 1593.9288330078125 226
1755801760090 1642.50341796875 227
1755801760129 1993.7147216796875 228
1755801760168 1660.6920166015625 229
1755801760211 1514.6187744140625 230
1755801760254 1924.46142578125 231
1755801760290 1793.9261474609375 232
1755801760329 1804.010986328125 233
1755801760369 1611.7938232421875 234
1755801760420 1708.37158203125 235
1755801760466 1862.2147216796875 236
1755801760505 1589.345458984375 237
1755801760543 1792.3333740234375 238
1755801760583 1702.7974853515625 239
1755801760624 1911.5833740234375 240
1755801760662 1457.7020263671875 241
1755801760705 1611.8009033203125 242
1755801760745 1615.169921875 243
1755801760787 1606.0308837890625 244
1755801760825 1801.323486328125 245
1755801760870 1586.8189697265625 246
1755801760928 1498.841064453125 247
1755801760995 1854.76416015625 248
1755801761056 1540.8023681640625 249
1755801761098 1828.318359375 250
1755801761134 1846.246337890625 251
1755801761170 1573.5181884765625 252
1755801761208 1348.9615478515625 253
1755801761252 1576.191162109375 254
1755801761291 1535.7000732421875 255
1755801761335 1658.5709228515625 256
1755801761413 1745.30029296875 257
1755801761462 1584.4295654296875 258
1755801761505 1753.9708251953125 259
1755801761550 1539.2119140625 260
1755801761607 1828.6878662109375 261
1755801761654 2107.600341796875 262
1755801761699 1673.827880859375 263
1755801761750 1705.919189453125 264
1755801761787 1679.6563720703125 265
1755801761827 1718.3134765625 266
1755801761867 1776.0916748046875 267
1755801761906 1722.947998046875 268
1755801761951 2068.869873046875 269
1755801761993 1900.5762939453125 270
1755801762038 2014.446044921875 271
1755801762077 1957.04052734375 272
1755801762122 1965.4490966796875 273
1755801762163 1606.8931884765625 274
1755801762210 1653.7744140625 275
1755801762258 1522.80078125 276
1755801762308 1643.0159912109375 277
1755801762353 1980.5465087890625 278
1755801762394 1515.0189208984375 279
1755801762429 1927.216552734375 280
1755801762465 1739.93896484375 281
1755801762500 1506.4327392578125 282
1755801762536 1990.7598876953125 283
1755801762581 1501.61376953125 284
1755801762618 1802.009521484375 285
1755801762658 1924.5269775390625 286
1755801762696 1696.4654541015625 287
1755801762755 1522.26123046875 288
1755801762798 1770.140869140625 289
1755801762837 1560.726806640625 290
1755801762883 1566.1329345703125 291
1755801762927 1586.0762939453125 292
1755801762982 1781.9354248046875 293
1755801763024 1635.9249267578125 294
1755801763063 1415.0933837890625 295
1755801763103 1422.5732421875 296
1755801763151 1717.881103515625 297
1755801763193 1690.505859375 298
1755801763241 1727.56005859375 299
1755801773452 3552.0087890625 0
1755801773514 6692.49560546875 1
1755801773566 8721.6728515625 2
1755801773627 7274.26025390625 3
1755801773672 3873.6337890625 4
1755801773713 4497.43310546875 5
1755801773774 6000.35302734375 6
1755801773832 3459.22119140625 7
1755801773874 3792.28857421875 8
1755801773953 6098.490234375 9
1755801774033 6184.49267578125 10
1755801774095 4703.81396484375 11
1755801774146 4773.59912109375 12
1755801774196 5083.7646484375 13
1755801774257 4442.3623046875 14
1755801774371 4310.79638671875 15
1755801774428 4417.42822265625 16
1755801774476 3648.705810546875 17
1755801774523 3423.94140625 18
1755801774578 3136.11328125 19
1755801774640 4488.11962890625 20
1755801774689 4543.7138671875 21
1755801774752 3953.121826171875 22
1755801774812 2664.82763671875 23
1755801774855 3259.28125 24
1755801774896 3530.10009765625 25
1755801774952 7707.22900390625 26
1755801774997 4113.57470703125 27
1755801775058 2992.94482421875 28
1755801775100 2937.79248046875 29
1755801775146 4719.1240234375 30
1755801775214 3410.874267578125 31
1755801775267 3291.396240234375 32
1755801775320 3671.329345703125 33
1755801775378 3004.00634765625 34
1755801775420 2693.46044921875 35
1755801775460 2669.544921875 36
1755801775502 3393.61376953125 37
1755801775596 2261.466064453125 38
1755801775638 2559.84521484375 39
1755801775688 2758.1943359375 40
1755801775741 2253.216064453125 41
1755801775952 2392.462158203125 42
1755801776029 2540.37451171875 43
1755801776109 2360.92236328125 44
1755801776164 2163.906982421875 45
1755801776216 2235.045166015625 46
1755801776266 2414.261474609375 47
1755801776317 2049.840087890625 48
1755801776370 2165.80126953125 49
1755801776404 2480.712646484375 50
1755801776449 2212.320068359375 51
1755801776494 1947.4359130859375 52
1755801776538 2200.5126953125 53
1755801776579 2100.519775390625 54
1755801776652 2293.071044921875 55
1755801776705 2026.7672119140625 56
1755801776761 2205.10791015625 57
1755801776808 1976.0828857421875 58
1755801776856 2005.373779296875 59
1755801776903 1938.9437255859375 60
1755801776952 1771.75 61
1755801777016 1813.970947265625 62
1755801777061 1944.9215087890625 63
1755801777113 2051.9892578125 64
1755801777156 2089.750732421875 65
1755801777191 2085.5703125 66
1755801777245 1981.2371826171875 67
1755801777298 1884.94189453125 68
1755801777335 1882.3509521484375 69
1755801777377 1968.6124267578125 70
1755801777421 1947.31689453125 71
1755801777468 1827.8109130859375 72
1755801777504 1988.3037109375 73
1755801777547 1881.128662109375 74
1755801777584 1809.2218017578125 75
1755801777625 2048.893310546875 76
1755801777689 1702.0234375 77
1755801777735 2194.7431640625 78
1755801777831 1958.4935302734375 79
1755801777878 1794.513427734375 80
1755801777926 1944.8367919921875 81
1755801777971 1835.7021484375 82
1755801778016 1892.05908203125 83
1755801778059 1859.6236572265625 84
1755801778106 1862.6678466796875 85
1755801778168 1665.3912353515625 86
1755801778209 1825.741943359375 87
1755801778263 1896.749755859375 88
1755801778299 1743.96875 89
1755801778337 1890.1953125 90
1755801778372 1817.4312744140625 91
1755801778413 1851.896240234375 92
1755801778453 1903.3685302734375 93
1755801778497 2091.02880859375 94
1755801778537 1832.4818115234375 95
1755801778580 1772.70068359375 96
1755801778621 1709.283447265625 97
1755801778666 1875.53466796875 98
1755801778714 1881.9422607421875 99
1755801778829 1766.8065185546875 100
1755801778876 1575.3980712890625 101
1755801778920 1748.488525390625 102
1755801778961 2165.376953125 103
1755801779074 2328.41796875 104
1755801779157 2007.4359130859375 105
1755801779231 2058.240234375 106
1755801779278 1831.981201171875 107
1755801779319 1566.7564697265625 108
1755801779373 1826.570556640625 109
1755801779431 1794.154296875 110
1755801779497 1864.6163330078125 111
1755801779554 1895.95751953125 112
1755801779604 1887.3016357421875 113
1755801779670 1929.949951171875 114
1755801779722 1674.699951171875 115
1755801779782 1495.581298828125 116
1755801779827 1973.80029296875 117
1755801779878 2008.7437744140625 118
1755801779916 1661.17431640625 119
1755801779954 1769.6497802734375 120
1755801780016 1963.5865478515625 121
1755801780052 2902.407470703125 122
1755801780104 2216.01904296875 123
1755801780149 1971.02880859375 124
1755801780189 2369.107421875 125
1755801780232 1689.6143798828125 126
1755801780292 2100.635009765625 127
1755801780332 1911.1522216796875 128
1755801780367 1736.0927734375 129
1755801780403 1842.0791015625 130
1755801780445 1989.7547607421875 131
1755801780506 1957.2518310546875 132
1755801780560 1908.6749267578125 133
1755801780610 2109.786376953125 134
1755801780668 1890.2034912109375 135
1755801780715 2196.5517578125 136
1755801780767 1859.3206787109375 137
1755801780814 1927.588134765625 138
1755801780860 2421.5244140625 139
1755801780910 2171.395751953125 140
1755801780952 2303.665771484375 141
1755801780999 2425.615234375 142
1755801781043 1935.67626953125 143
1755801781110 2036.1219482421875 144
1755801781169 1677.80126953125 145
1755801781211 1812.3502197265625 146
1755801781257 1982.018798828125 147
1755801781302 2069.41015625 148
1755801781342 1647.4918212890625 149
1755801781386 1780.8599853515625 150
1755801781426 1884.541259765625 151
1755801781473 1685.9072265625 152
1755801781519 1718.0797119140625 153
1755801781558 1736.8206787109375 154
1755801781626 1744.944091796875 155
1755801781672 1820.3062744140625 156
1755801781709 1924.5181884765625 157
1755801781759 1972.3597412109375 158
1755801781799 1668.1751708984375 159
1755801781837 1799.9136962890625 160
1755801781886 1796.7559814453125 161
1755801781928 1901.070068359375 162
1755801781969 2007.771484375 163
1755801782019 1896.2318115234375 164
1755801782058 1700.163818359375 165
1755801782094 1676.3240966796875 166
1755801782131 1716.4691162109375 167
1755801782169 1848.754638671875 168
1755801782203 1747.3599853515625 169
1755801782250 1653.4910888671875 170
1755801782306 1675.696044921875 171
1755801782348 1837.574462890625 172
1755801782393 1622.3790283203125 173
1755801782428 1451.1297607421875 174
1755801782474 1947.828369140625 175
1755801782524 1651.4925537109375 176
1755801782570 1646.8641357421875 177
1755801782616 1723.7618408203125 178
1755801782662 1842.9439697265625 179
1755801782803 1847.687744140625 180
1755801782905 1720.386474609375 181
1755801782946 1850.13818359375 182
1755801782992 1831.3814697265625 183
1755801783037 1655.2435302734375 184
1755801783094 1644.47119140625 185
1755801783141 1474.6143798828125 186
1755801783181 2107.26611328125 187
1755801783222 1778.587158203125 188
1755801783279 1917.8009033203125 189
1755801783326 1604.527587890625 190
1755801783377 1620.067138671875 191
1755801783435 1631.4512939453125 192
1755801783477 1700.404296875 193
1755801783512 1744.078125 194
1755801783563 1734.7744140625 195
1755801783620 1539.1341552734375 196
1755801783662 1857.7381591796875 197
1755801783700 1621.31591796875 198
1755801783735 1654.1456298828125 199
1755801783777 1680.72119140625 200
1755801783817 1798.885986328125 201
1755801783856 1744.273681640625 202
1755801783908 1740.764404296875 203
1755801783947 1761.1212158203125 204
1755801783984 1632.7108154296875 205
1755801784024 1807.71630859375 206
1755801784061 1625.302734375 207
1755801784106 1662.9317626953125 208
1755801784147 1484.675537109375 209
1755801784182 1736.1630859375 210
1755801784219 1709.3265380859375 211
1755801784285 2009.9874267578125 212
1755801784331 1836.414306640625 213
1755801784372 1643.947998046875 214
1755801784408 1568.709228515625 215
1755801784443 1560.1961669921875 216
1755801784483 1718.8453369140625 217
1755801784527 1720.3709716796875 218
1755801784560 1773.9031982421875 219
1755801784598 1684.921875 220
1755801784646 1804.2647705078125 221
1755801784681 1559.8232421875 222
1755801784720 1668.8778076171875 223
1755801784764 1770.9993896484375 224
1755801784818 1727.74658203125 225
1755801784863 1737.866943359375 226
1755801784908 1673.226318359375 227
1755801784952 1751.844970703125 228
1755801784994 1886.5521240234375 229
1755801785036 2005.9639892578125 230
1755801785100 1732.375 231
1755801785147 1739.9599609375 232
1755801785201 1768.8834228515625 233
1755801785244 1727.9075927734375 234
1755801785291 1734.7750244140625 235
1755801785336 1863.0103759765625 236
1755801785379 1560.7618408203125 237
1755801785432 1504.8167724609375 238
1755801785493 1814.7259521484375 239
1755801785639 1474.9312744140625 240
1755801785688 1738.6983642578125 241
1755801785824 1631.6337890625 242
1755801785870 1411.2669677734375 243
1755801785917 1478.572021484375 244
1755801785964 1871.7999267578125 245
1755801786018 1470.8953857421875 246
1755801786074 1439.9991455078125 247
1755801786115 1775.2000732421875 248
1755801786167 1552.5177001953125 249
1755801786229 1706.301025390625 250
1755801786288 1511.1505126953125 251
1755801786336 1865.4305419921875 252
1755801786467 1544.6146240234375 253
1755801786545 1713.2091064453125 254
1755801786592 1534.441650390625 255
1755801786646 1713.3822021484375 256
1755801786696 1601.669677734375 257
1755801786743 1579.5025634765625 258
1755801786797 1707.8106689453125 259
1755801786840 1555.322998046875 260
1755801786883 1735.680908203125 261
1755801786931 1520.0699462890625 262
1755801786973 1721.5797119140625 263
1755801787014 1608.6434326171875 264
1755801787059 1536.05615234375 265
1755801787115 1578.551513671875 266
1755801787182 1573.73388671875 267
1755801787226 1808.59912109375 268
1755801787269 1577.1492919921875 269
1755801787310 1491.8875732421875 270
1755801787354 1470.173583984375 271
1755801787403 1525.187744140625 272
1755801787472 1698.8922119140625 273
1755801787522 1601.0826416015625 274
1755801787570 1516.1834716796875 275
1755801787627 1573.2110595703125 276
1755801787677 1598.0933837890625 277
1755801787721 1509.6895751953125 278
1755801787788 1472.2425537109375 279
1755801787847 1444.87646484375 280
1755801787894 1466.076171875 281
1755801787940 1623.9561767578125 282
1755801787982 1552.6475830078125 283
1755801788025 1636.306640625 284
1755801788067 1541.821533203125 285
1755801788124 1625.7999267578125 286
1755801788167 1539.961181640625 287
1755801788221 1445.318115234375 288
1755801788266 1556.9720458984375 289
1755801788309 1619.779052734375 290
1755801788350 1630.198974609375 291
1755801788402 1517.9149169921875 292
1755801788450 1666.1962890625 293
1755801788496 1521.7340087890625 294
1755801788551 1807.931884765625 295
1755801788598 1442.3511962890625 296
1755801788657 1462.404541015625 297
1755801788704 1662.2000732421875 298
1755801788750 1542.23095703125 299
1755801797922 10784.72265625 0
1755801797972 5027.1962890625 1
1755801798017 7656.7177734375 2
1755801798083 10029.712890625 3
1755801798127 8829.3291015625 4
1755801798201 12742.87109375 5
1755801798254 8012.07958984375 6
1755801798328 6950.0517578125 7
1755801798379 3682.778076171875 8
1755801798453 4531.63916015625 9
1755801798563 6879.134765625 10
1755801798601 3373.4140625 11
1755801798872 4071.57470703125 12
1755801798910 3855.4814453125 13
1755801798966 3910.81005859375 14
1755801799011 5930.14306640625 15
1755801799048 4141.00732421875 16
1755801799090 3360.732177734375 17
1755801799128 4837.21875 18
1755801799180 3985.280029296875 19
1755801799222 3823.087646484375 20
1755801799274 4743.24951171875 21
1755801799325 5247.94091796875 22
1755801799375 3223.40380859375 23
1755801799418 4607.6181640625 24
1755801799465 3264.2197265625 25
1755801799508 2960.8330078125 26
1755801799555 2735.679931640625 27
1755801799656 3537.852294921875 28
1755801799699 2536.41796875 29
1755801799745 2331.29541015625 30
1755801799807 2488.9267578125 31
1755801799851 3089.89404296875 32
1755801799900 3177.482177734375 33
1755801799947 2940.64892578125 34
1755801799993 2413.53466796875 35
1755801800033 2422.70263671875 36
1755801800082 2619.3720703125 37
1755801800124 2635.7060546875 38
1755801800172 2230.883544921875 39
1755801800242 2414.23095703125 40
1755801800309 2739.14697265625 41
1755801800369 2153.997802734375 42
1755801800438 2441.7685546875 43
1755801800485 2188.974365234375 44
1755801800533 2213.402587890625 45
1755801800580 2269.34814453125 46
1755801800643 2503.656494140625 47
1755801800707 2859.841064453125 48
1755801800843 2491.795166015625 49
1755801800933 2190.29736328125 50
1755801800988 1974.4500732421875 51
1755801801044 1941.781005859375 52
1755801801101 2068.73291015625 53
1755801801162 2760.743896484375 54
1755801801224 2241.476806640625 55
1755801801278 1692.9041748046875 56
1755801801327 2582.843994140625 57
1755801801380 2290.8681640625 58
1755801801418 2230.586181640625 59
1755801801466 2265.96923828125 60
1755801801506 2029.142822265625 61
1755801801547 2359.374267578125 62
1755801801589 1897.63134765625 63
1755801801632 1884.8717041015625 64
1755801801670 1787.3311767578125 65
1755801801710 2001.7567138671875 66
1755801801756 2528.132080078125 67
1755801801806 2090.611572265625 68
1755801801848 2298.9765625 69
1755801801896 2389.387939453125 70
1755801801939 2622.018798828125 71
1755801801983 2221.092529296875 72
1755801802025 2065.39111328125 73
1755801802069 2858.930908203125 74
1755801802111 2301.50439453125 75
1755801802153 2638.286865234375 76
1755801802196 1957.4444580078125 77
1755801802247 2409.133056640625 78
1755801802287 1954.179443359375 79
1755801802329 2134.8408203125 80
1755801802391 1959.0704345703125 81
1755801802434 2047.0665283203125 82
1755801802485 2817.2158203125 83
1755801802531 2584.861083984375 84
1755801802586 2089.687744140625 85
1755801802643 2071.6669921875 86
1755801802683 2340.980224609375 87
1755801802735 2060.071044921875 88
1755801802784 2026.796630859375 89
1755801802840 2416.3251953125 90
1755801802893 1775.2613525390625 91
1755801802934 2240.20849609375 92
1755801802977 1916.7203369140625 93
1755801803024 2659.7841796875 94
1755801803080 2019.9188232421875 95
1755801803127 1845.859619140625 96
1755801803171 1797.3060302734375 97
1755801803210 2052.7060546875 98
1755801803250 2106.3056640625 99
1755801803297 1951.169189453125 100
1755801803344 1963.409912109375 101
1755801803394 2033.6307373046875 102
1755801803449 1934.171630859375 103
1755801803497 2023.8134765625 104
1755801803545 1943.6138916015625 105
1755801803579 2148.19384765625 106
1755801803628 2152.939697265625 107
1755801803664 1896.737060546875 108
1755801803713 2657.35205078125 109
1755801803764 1958.218505859375 110
1755801803812 2700.557373046875 111
1755801803869 2955.910400390625 112
1755801803927 2565.35400390625 113
1755801803973 2626.615478515625 114
1755801804024 2219.558349609375 115
1755801804069 2598.5 116
1755801804196 2193.1552734375 117
1755801804277 2061.156982421875 118
1755801804319 2009.2755126953125 119
1755801804366 1884.1353759765625 120
1755801804410 1812.6829833984375 121
1755801804463 2138.521484375 122
1755801804516 2350.95458984375 123
1755801804557 2017.0426025390625 124
1755801804603 2116.723388671875 125
1755801804642 1861.079345703125 126
1755801804766 1828.7984619140625 127
1755801804832 1813.333984375 128
1755801804898 2367.910400390625 129
1755801804938 1761.9512939453125 130
1755801804981 2319.40234375 131
1755801805025 1651.9967041015625 132
1755801805076 1876.7396240234375 133
1755801805130 1814.085693359375 134
1755801805173 1977.1583251953125 135
1755801805221 2086.7490234375 136
1755801805265 1864.673095703125 137
1755801805309 2210.382080078125 138
1755801805343 2311.5908203125 139
1755801805387 1681.63671875 140
1755801805441 1833.9052734375 141
1755801805498 1819.6400146484375 142
1755801805542 2336.564697265625 143
1755801805586 1879.0196533203125 144
1755801805630 1633.18408203125 145
1755801805675 2039.33203125 146
1755801805721 1740.314697265625 147
1755801805767 1998.459228515625 148
1755801805822 1648.3348388671875 149
1755801805879 1928.524169921875 150
1755801805921 1460.934814453125 151
1755801805983 1535.1510009765625 152
1755801806046 1927.390869140625 153
1755801806092 1899.9139404296875 154
1755801806142 1685.7635498046875 155
1755801806187 1932.677734375 156
1755801806234 1866.0401611328125 157
1755801806281 1415.8048095703125 158
1755801806331 1729.2181396484375 159
1755801806379 1335.690185546875 160
1755801806424 1499.6243896484375 161
1755801806480 2133.205322265625 162
1755801806549 1816.6673583984375 163
1755801806619 1642.1348876953125 164
1755801806668 1765.14892578125 165
1755801806718 1794.315185546875 166
1755801806761 1863.568603515625 167
1755801806808 1716.5174560546875 168
1755801806848 1862.8182373046875 169
1755801806889 1465.2852783203125 170
1755801806925 1833.1614990234375 171
1755801806965 1710.2396240234375 172
1755801807019 1659.94873046875 173
1755801807070 1731.098388671875 174
1755801807115 1866.8646240234375 175
1755801807163 1717.6639404296875 176
1755801807218 1473.987548828125 177
1755801807265 1704.3382568359375 178
1755801807317 1741.47705078125 179
1755801807377 1726.948486328125 180
1755801807457 1780.191162109375 181
1755801807519 1681.4127197265625 182
1755801807574 1399.43994140625 183
1755801807622 1444.249755859375 184
1755801807664 1521.04345703125 185
1755801807702 1456.687744140625 186
1755801807741 1720.14453125 187
1755801807784 1547.257080078125 188
1755801807828 1568.40283203125 189
1755801807873 1653.0352783203125 190
1755801807925 1947.7445068359375 191
1755801807979 1743.3492431640625 192
1755801808026 1543.2977294921875 193
1755801808073 1590.5814208984375 194
1755801808118 1788.5069580078125 195
1755801808187 1664.31640625 196
1755801808310 1714.5189208984375 197
1755801808371 1733.5867919921875 198
1755801808415 1465.2467041015625 199
1755801808464 1567.8834228515625 200
1755801808514 1675.18212890625 201
1755801808557 1826.9444580078125 202
1755801808602 1647.63916015625 203
1755801808652 1676.298828125 204
1755801808696 1875.7061767578125 205
1755801808740 1667.46142578125 206
1755801808781 1633.5640869140625 207
1755801808826 1702.5870361328125 208
1755801808868 1518.5467529296875 209
1755801808910 1557.8798828125 210
1755801808955 1913.903564453125 211
1755801808993 2535.291748046875 212
1755801809040 1591.9814453125 213
1755801809083 2230.95068359375 214
1755801809126 1694.1605224609375 215
1755801809161 1817.1138916015625 216
1755801809200 1716.1939697265625 217
1755801809237 1632.244384765625 218
1755801809279 2031.3121337890625 219
1755801809323 1997.4344482421875 220
1755801809367 1814.5921630859375 221
1755801809403 1460.6259765625 222
1755801809443 1774.1492919921875 223
1755801809485 1560.7855224609375 224
1755801809532 1494.3177490234375 225
1755801809582 1739.7327880859375 226
1755801809630 1737.14208984375 227
1755801809677 1691.7496337890625 228
1755801809723 1330.62255859375 229
1755801809759 1861.4715576171875 230
1755801809802 1477.26123046875 231
1755801809839 1812.77783203125 232
1755801809881 1789.6541748046875 233
1755801809927 1804.201904296875 234
1755801809969 1593.7965087890625 235
1755801810006 1746.1087646484375 236
1755801810053 1575.5555419921875 237
1755801810096 1572.4149169921875 238
1755801810135 1651.6170654296875 239
1755801810176 1815.6180419921875 240
1755801810210 1706.989501953125 241
1755801810246 1691.0150146484375 242
1755801810294 1763.7117919921875 243
1755801810346 1467.985595703125 244
1755801810387 1759.0474853515625 245
1755801810422 1650.0994873046875 246
1755801810461 1758.1552734375 247
1755801810497 1630.171630859375 248
1755801810534 1473.211669921875 249
1755801810571 1770.08203125 250
1755801810615 1545.0186767578125 251
1755801810657 1587.291748046875 252
1755801810696 1466.2777099609375 253
1755801810737 1309.802001953125 254
1755801810810 1755.06103515625 255
1755801810855 1601.7886962890625 256
1755801810900 1561.0294189453125 257
1755801810952 1461.2322998046875 258
1755801810992 1763.554443359375 259
1755801811044 1388.0615234375 260
1755801811105 1508.735107421875 261
1755801811156 1471.3292236328125 262
1755801811230 1662.848388671875 263
1755801811287 1401.8101806640625 264
1755801811340 1237.8717041015625 265
1755801811402 1550.2265625 266
1755801811443 1946.25244140625 267
1755801811487 1615.2425537109375 268
1755801811525 1718.4537353515625 269
1755801811567 1792.12158203125 270
1755801811613 1751.3682861328125 271
1755801811661 1519.5184326171875 272
1755801811700 1535.765625 273
1755801811743 1554.11474609375 274
1755801811781 1694.284912109375 275
1755801811841 1662.0723876953125 276
1755801811982 1407.227294921875 277
1755801812076 1663.6939697265625 278
1755801812139 1632.988525390625 279
1755801812234 1566.9453125 280
1755801812286 1484.41455078125 281
1755801812330 1658.8223876953125 282
1755801812381 1630.012939453125 283
1755801812426 1498.6072998046875 284
1755801812474 1503.821044921875 285
1755801812519 2124.09912109375 286
1755801812566 1586.0634765625 287
1755801812616 1667.2235107421875 288
1755801812686 1841.6939697265625 289
1755801812734 2024.2459716796875 290
1755801812873 1331.4110107421875 291
1755801812921 1694.849609375 292
1755801812971 1492.879150390625 293
1755801813022 1621.836669921875 294
1755801813079 1638.7777099609375 295
1755801813118 1421.78662109375 296
1755801813158 1717.1416015625 297
1755801813203 1600.6947021484375 298
1755801813265 1367.6470947265625 299
1755801823450 3539.87060546875 0
1755801823502 5092.69091796875 1
1755801823575 3983.27685546875 2
1755801823628 7169.2373046875 3
1755801823673 3719.565673828125 4
1755801823738 5990.30419921875 5
1755801823791 3950.684814453125 6
1755801823861 5360.1708984375 7
1755801823927 3235.36474609375 8
1755801823980 3849.0419921875 9
1755801824029 2939.438720703125 10
1755801824076 4689.04931640625 11
1755801824129 3424.45263671875 12
1755801824177 4524.0888671875 13
1755801824224 3462.8642578125 14
1755801824266 3783.494873046875 15
1755801824315 2897.8349609375 16
1755801824372 3485.143310546875 17
1755801824420 2836.573974609375 18
1755801824475 3135.04296875 19
1755801824530 4484.6640625 20
1755801824572 4728.93212890625 21
1755801824620 3734.646240234375 22
1755801824658 3468.041259765625 23
1755801824703 3022.856201171875 24
1755801824745 3211.83447265625 25
1755801824791 2715.0517578125 26
1755801824833 3703.78076171875 27
1755801824871 2666.208740234375 28
1755801824915 2783.287109375 29
1755801825076 2708.609375 30
1755801825174 3298.7646484375 31
1755801825227 2699.146484375 32
1755801825286 2999.25830078125 33
1755801825351 3450.25634765625 34
1755801825420 2532.23486328125 35
1755801825482 3083.3134765625 36
1755801825554 3089.727294921875 37
1755801825636 2739.629150390625 38
1755801825687 2510.016845703125 39
1755801825734 2909.492431640625 40
1755801825781 2493.330078125 41
1755801825829 2574.06005859375 42
1755801825875 2579.180419921875 43
1755801825928 2597.1923828125 44
1755801826011 2520.059814453125 45
1755801826082 2658.584228515625 46
1755801826135 3060.25244140625 47
1755801826185 2467.44091796875 48
1755801826239 3017.54736328125 49
1755801826284 2733.716796875 50
1755801826329 2798.345703125 51
1755801826368 2206.303955078125 52
1755801826404 2798.25390625 53
1755801826441 2526.072021484375 54
1755801826477 2487.574951171875 55
1755801826516 2708.421875 56
1755801826556 2299.030029296875 57
1755801826600 2628.871337890625 58
1755801826643 2514.023193359375 59
1755801826683 2560.863037109375 60
1755801826725 2838.246337890625 61
1755801826768 2809.68701171875 62
1755801826823 2458.47705078125 63
1755801826873 2438.711181640625 64
1755801826914 2645.702392578125 65
1755801826960 2910.5361328125 66
1755801827010 2323.762939453125 67
1755801827058 2795.505859375 68
1755801827101 2622.7724609375 69
1755801827159 2606.60986328125 70
1755801827203 2951.62890625 71
1755801827256 2996.5849609375 72
1755801827306 2513.8955078125 73
1755801827362 2717.8359375 74
1755801827409 2396.9833984375 75
1755801827456 2563.892333984375 76
1755801827497 2411.2451171875 77
1755801827540 2167.993896484375 78
1755801827587 2221.839111328125 79
1755801827637 2292.01220703125 80
1755801827684 2325.114501953125 81
1755801827727 2699.166015625 82
1755801827765 2672.460693359375 83
1755801827804 2634.625732421875 84
1755801827849 2071.011962890625 85
1755801827894 2073.98193359375 86
1755801827933 2142.84228515625 87
1755801827976 2168.355224609375 88
1755801828019 2320.377685546875 89
1755801828057 2140.7744140625 90
1755801828095 2208.224365234375 91
1755801828132 2216.638916015625 92
1755801828172 1936.0096435546875 93
1755801828213 2089.668212890625 94
1755801828252 2093.086669921875 95
1755801828289 2426.44921875 96
1755801828339 2227.9931640625 97
1755801828537 2632.927978515625 98
1755801828588 2291.697998046875 99
1755801828638 2078.20263671875 100
1755801828686 2200.714111328125 101
1755801828736 1969.3365478515625 102
1755801828780 2966.0361328125 103
1755801828824 1930.62939453125 104
1755801828868 2116.756591796875 105
1755801828905 2219.56201171875 106
1755801828943 2411.342529296875 107
1755801828985 2279.5576171875 108
1755801829024 2497.663330078125 109
1755801829198 2453.081787109375 110
1755801829255 2183.13671875 111
1755801829323 2242.936279296875 112
1755801829380 2687.107421875 113
1755801829446 1977.795654296875 114
1755801829497 2217.18017578125 115
1755801829545 2086.004150390625 116
1755801829592 2079.948974609375 117
1755801829638 2102.16796875 118
1755801829680 2448.291748046875 119
1755801829724 2194.22802734375 120
1755801829770 2052.317626953125 121
1755801829814 2133.960693359375 122
1755801829859 1917.305908203125 123
1755801829908 1957.956298828125 124
1755801829955 1710.963134765625 125
1755801829998 1827.767822265625 126
1755801830038 2331.175537109375 127
1755801830082 1904.726318359375 128
1755801830126 1800.234130859375 129
1755801830165 1751.126220703125 130
1755801830204 2177.00830078125 131
1755801830253 2021.705078125 132
1755801830296 2229.942626953125 133
1755801830354 1607.798095703125 134
1755801830399 2169.400390625 135
1755801830436 2015.9224853515625 136
1755801830473 2146.068603515625 137
1755801830513 1813.26025390625 138
1755801830552 2166.749267578125 139
1755801830591 1981.3753662109375 140
1755801830645 2310.44580078125 141
1755801830683 2094.373291015625 142
1755801830740 1839.1688232421875 143
1755801830785 1831.4906005859375 144
1755801830821 1983.1859130859375 145
1755801830863 1778.42724609375 146
1755801830904 1981.3349609375 147
1755801830942 1797.9599609375 148
1755801830980 1796.8521728515625 149
1755801831024 2042.468505859375 150
1755801831067 2149.444580078125 151
1755801831105 1891.5650634765625 152
1755801831143 1907.5224609375 153
1755801831184 1891.824951171875 154
1755801831222 1907.6043701171875 155
1755801831270 1919.18310546875 156
1755801831313 1896.9044189453125 157
1755801831351 1953.5494384765625 158
1755801831393 2088.8759765625 159
1755801831430 1868.1783447265625 160
1755801831472 1837.916015625 161
1755801831513 1819.878173828125 162
1755801831549 1839.3740234375 163
1755801831592 1643.54296875 164
1755801831631 1723.5340576171875 165
1755801831674 1856.6453857421875 166
1755801831714 2160.060791015625 167
1755801831756 1787.6302490234375 168
1755801831794 1781.5609130859375 169
1755801831837 1833.656005859375 170
1755801831892 1884.0677490234375 171
1755801831943 1494.625244140625 172
1755801831984 1624.8656005859375 173
1755801832029 1715.486328125 174
1755801832070 2015.796630859375 175
1755801832108 2001.5030517578125 176
1755801832153 1812.9188232421875 177
1755801832195 1824.275390625 178
1755801832230 1755.718505859375 179
1755801832286 1741.0416259765625 180
1755801832335 1567.8736572265625 181
1755801832373 1525.7352294921875 182
1755801832420 1916.9981689453125 183
1755801832455 1712.726318359375 184
1755801832491 1807.14599609375 185
1755801832528 1653.4136962890625 186
1755801832567 1778.9427490234375 187
1755801832614 1598.30029296875 188
1755801832654 1775.9971923828125 189
1755801832700 1426.277099609375 190
1755801832834 1801.80712890625 191
1755801832894 1553.131591796875 192
1755801832939 1583.701171875 193
1755801832980 2149.16064453125 194
1755801833021 1614.3560791015625 195
1755801833057 1732.7537841796875 196
1755801833091 1505.701171875 197
1755801833128 1976.3602294921875 198
1755801833167 1964.9949951171875 199
1755801833204 1906.6875 200
1755801833242 1607.7498779296875 201
1755801833282 1769.0159912109375 202
1755801833319 1697.6103515625 203
1755801833367 1708.4556884765625 204
1755801833413 1818.3253173828125 205
1755801833457 1710.5303955078125 206
1755801833502 1636.928466796875 207
1755801833539 1989.0404052734375 208
1755801833589 1862.1312255859375 209
1755801833636 1700.188720703125 210
1755801833680 1742.779296875 211
1755801833723 1634.8250732421875 212
1755801833758 1927.37841796875 213
1755801833797 1901.9805908203125 214
1755801833842 1809.123779296875 215
1755801833881 1701.0821533203125 216
1755801833924 1736.6021728515625 217
1755801833961 1534.897216796875 218
1755801834001 1695.7828369140625 219
1755801834060 1720.7669677734375 220
1755801834097 1806.5849609375 221
1755801834163 1657.0274658203125 222
1755801834207 1624.6729736328125 223
1755801834249 1666.928466796875 224
1755801834285 1688.5009765625 225
1755801834333 2016.6102294921875 226
1755801834382 1833.9991455078125 227
1755801834426 1798.828125 228
1755801834482 1724.4044189453125 229
1755801834520 1536.31591796875 230
1755801834571 1730.9619140625 231
1755801834621 1455.1978759765625 232
1755801834664 1387.3411865234375 233
1755801834708 1810.1103515625 234
1755801834764 1836.771240234375 235
1755801834807 1725.8818359375 236
1755801834851 2032.777587890625 237
1755801834889 1824.226806640625 238
1755801834931 1643.899658203125 239
1755801834974 1923.5484619140625 240
1755801835022 1838.4471435546875 241
1755801835073 1764.745361328125 242
1755801835117 1668.880859375 243
1755801835162 1556.2904052734375 244
1755801835203 1731.0809326171875 245
1755801835249 1945.81787109375 246
1755801835305 1893.4996337890625 247
1755801835371 1582.1256103515625 248
1755801835427 1466.9656982421875 249
1755801835477 1740.531494140625 250
1755801835528 1733.310546875 251
1755801835582 1599.839111328125 252
1755801835645 1503.8243408203125 253
1755801835692 1871.433349609375 254
1755801835738 2140.055908203125 255
1755801835783 1625.80419921875 256
1755801835822 1894.712158203125 257
1755801835869 1694.034912109375 258
1755801835910 1880.7431640625 259
1755801835949 1519.6815185546875 260
1755801835986 1488.9779052734375 261
1755801836020 1820.404296875 262
1755801836054 1387.96142578125 263
1755801836100 1705.374755859375 264
1755801836140 1734.318359375 265
1755801836175 1496.841796875 266
1755801836213 1425.9468994140625 267
1755801836272 1716.1099853515625 268
1755801836415 1693.8121337890625 269
1755801836463 1700.6756591796875 270
1755801836506 1290.5772705078125 271
1755801836555 1732.9371337890625 272
1755801836598 1696.097900390625 273
1755801836645 1702.878662109375 274
1755801836701 1616.800048828125 275
1755801836741 1632.7852783203125 276
1755801836783 1610.3681640625 277
1755801836827 1681.3475341796875 278
1755801836875 1534.6468505859375 279
1755801836923 1345.54296875 280
1755801836963 1485.2862548828125 281
1755801836999 1413.1978759765625 282
1755801837048 1559.1436767578125 283
1755801837085 1623.5091552734375 284
1755801837127 1397.8505859375 285
1755801837164 1512.5869140625 286
1755801837198 1454.7210693359375 287
1755801837234 1715.7530517578125 288
1755801837273 1739.8203125 289
1755801837339 1731.5152587890625 290
1755801837380 1408.15234375 291
1755801837419 1673.94921875 292
1755801837463 1481.953369140625 293
1755801837504 1705.20751953125 294
1755801837547 1755.736328125 295
1755801837597 1698.1414794921875 296
1755801837641 1398.987548828125 297
1755801837680 1319.636962890625 298
1755801837714 1861.293212890625 299
1755801847872 6313.23583984375 0
1755801847920 14182.82421875 1
1755801847969 10612.08203125 2
1755801848032 11530.9443359375 3
1755801848100 12613.373046875 4
1755801848163 10681.990234375 5
1755801848215 8078.59814453125 6
1755801848261 4919.52197265625 7
1755801848307 5262.08740234375 8
1755801848363 11609.9833984375 9
1755801848424 8007.08447265625 10
1755801848492 7447.6044921875 11
1755801848533 9579.7822265625 12
1755801848580 7596.46337890625 13
1755801848629 5929.4736328125 14
1755801848668 4746.10205078125 15
1755801848706 7314.28076171875 16
1755801848744 8890.5830078125 17
1755801848791 4826.693359375 18
1755801848830 4039.212646484375 19
1755801848896 4073.561279296875 20
1755801848938 4044.770263671875 21
1755801848984 4771.3681640625 22
1755801849082 4020.31298828125 23
1755801849131 3615.73388671875 24
1755801849210 4118.45556640625 25
1755801849250 3723.592041015625 26
1755801849296 4654.87060546875 27
1755801849348 6230.052734375 28
1755801849394 3420.314453125 29
1755801849542 3233.9814453125 30
1755801849625 3714.146484375 31
1755801849692 4398.62158203125 32
1755801849753 3715.446533203125 33
1755801849811 3175.5849609375 34
1755801849905 3800.16650390625 35
1755801849965 3027.81494140625 36
1755801850017 3645.11083984375 37
1755801850067 2910.486572265625 38
1755801850111 2755.279052734375 39
1755801850152 2497.09912109375 40
1755801850194 2587.406982421875 41
1755801850237 3722.05810546875 42
1755801850285 3057.60009765625 43
1755801850350 3502.16796875 44
1755801850402 2710.884521484375 45
1755801850476 2425.769775390625 46
1755801850528 3556.0263671875 47
1755801850572 1904.94921875 48
1755801850617 2173.475341796875 49
1755801850669 2290.79638671875 50
1755801850718 2297.657958984375 51
1755801850768 3023.7333984375 52
1755801850813 3163.093994140625 53
1755801850866 2350.053466796875 54
1755801850938 3508.2236328125 55
1755801850982 2268.529296875 56
1755801851038 2981.652099609375 57
1755801851079 2075.582275390625 58
1755801851129 2039.399169921875 59
1755801851176 2202.490966796875 60
1755801851222 2281.415283203125 61
1755801851270 2423.7119140625 62
1755801851315 2274.70361328125 63
1755801851387 1793.21875 64
1755801851433 2408.2685546875 65
1755801851481 2389.264892578125 66
1755801851533 2460.783203125 67
1755801851576 1895.1785888671875 68
1755801851642 2140.09130859375 69
1755801851684 1977.675537109375 70
1755801851724 2591.677490234375 71
1755801851764 2004.0596923828125 72
1755801851799 2075.560302734375 73
1755801851847 2404.574951171875 74
1755801851893 2923.261962890625 75
1755801851938 2855.68408203125 76
1755801851989 2207.0 77
1755801852047 3433.688232421875 78
1755801852116 2592.527099609375 79
1755801852160 2589.116943359375 80
1755801852231 3361.80712890625 81
1755801852274 3833.594970703125 82
1755801852321 2746.62939453125 83
1755801852418 4545.90478515625 84
1755801852488 2503.25634765625 85
1755801852541 3758.525634765625 86
1755801852585 2137.55029296875 87
1755801852632 2515.41650390625 88
1755801852677 2528.8935546875 89
1755801852726 2456.63818359375 90
1755801852843 2525.465087890625 91
1755801852893 2395.732666015625 92
1755801852944 2393.473876953125 93
1755801852991 2901.14111328125 94
1755801853036 2173.52294921875 95
1755801853087 2181.034423828125 96
1755801853140 2269.560546875 97
1755801853186 2217.98974609375 98
1755801853304 2287.111083984375 99
1755801853434 2314.02685546875 100
1755801853488 2052.6552734375 101
1755801853548 2276.62060546875 102
1755801853594 2556.14599609375 103
1755801853642 2299.434326171875 104
1755801853682 2176.672119140625 105
1755801853728 2237.74560546875 106
1755801853772 2251.753662109375 107
1755801853817 2266.4814453125 108
1755801853873 2333.90966796875 109
1755801853918 1922.8480224609375 110
1755801853973 1944.550537109375 111
1755801854016 2037.0484619140625 112
1755801854062 1938.794677734375 113
1755801854106 1984.37255859375 114
1755801854153 2110.85546875 115
1755801854209 1858.3780517578125 116
1755801854259 1746.9420166015625 117
1755801854307 1985.574462890625 118
1755801854354 1804.667236328125 119
1755801854402 1874.7098388671875 120
1755801854455 1535.3223876953125 121
1755801854505 1946.9285888671875 122
1755801854546 1707.5633544921875 123
1755801854602 1849.5369873046875 124
1755801854651 2284.8876953125 125
1755801854694 1970.305419921875 126
1755801854752 1782.8865966796875 127
1755801854797 1870.3189697265625 128
1755801854846 1708.307861328125 129
1755801854890 1790.3321533203125 130
1755801854946 1996.8697509765625 131
1755801854988 1713.891845703125 132
1755801855051 2408.143310546875 133
1755801855098 1808.9898681640625 134
1755801855148 1923.4322509765625 135
1755801855203 1979.3427734375 136
1755801855259 2252.41796875 137
1755801855305 1872.93505859375 138
1755801855360 1849.111572265625 139
1755801855397 2110.61767578125 140
1755801855448 2273.7041015625 141
1755801855506 1947.8660888671875 142
1755801855556 2175.3701171875 143
1755801855605 1827.325927734375 144
1755801855653 1670.6990966796875 145
1755801855697 1736.906494140625 146
1755801855747 1824.9237060546875 147
1755801855796 1883.9208984375 148
1755801855839 1965.938720703125 149
1755801855900 2040.81982421875 150
1755801855941 1951.2913818359375 151
1755801855981 1746.25732421875 152
1755801856027 1914.94970703125 153
1755801856069 2028.1121826171875 154
1755801856127 1633.760498046875 155
1755801856165 1984.3121337890625 156
1755801856206 1926.947265625 157
1755801856255 2036.9736328125 158
1755801856299 1858.9786376953125 159
1755801856353 1885.6363525390625 160
1755801856486 1884.54052734375 161
1755801856564 1972.6063232421875 162
1755801856606 2029.200439453125 163
1755801856681 2005.4764404296875 164
1755801856720 2407.056640625 165
1755801856766 1931.5015869140625 166
1755801856815 1817.38330078125 167
1755801856867 2310.3173828125 168
1755801856913 1772.396484375 169
1755801856950 2264.42138671875 170
1755801856994 2003.5064697265625 171
1755801857041 2222.107666015625 172
1755801857101 1809.62255859375 173
1755801857155 1741.704345703125 174
1755801857199 2190.475341796875 175
1755801857241 2173.536865234375 176
1755801857282 1838.5775146484375 177
1755801857327 2081.6845703125 178
1755801857378 2027.587646484375 179
1755801857428 1988.9552001953125 180
1755801857478 1873.8983154296875 181
1755801857525 1906.1298828125 182
1755801857570 2371.039794921875 183
1755801857621 1954.8094482421875 184
1755801857665 2032.9886474609375 185
1755801857706 1800.619140625 186
1755801857751 1785.64794921875 187
1755801857799 1818.69384765625 188
1755801857875 1952.614501953125 189
1755801857915 1734.0986328125 190
1755801857956 1744.1207275390625 191
1755801858000 1727.6075439453125 192
1755801858042 1888.1373291015625 193
1755801858078 1862.140380859375 194
1755801858123 2014.8704833984375 195
1755801858164 1659.6376953125 196
1755801858212 1796.5694580078125 197
1755801858257 1775.5367431640625 198
1755801858310 1937.89306640625 199
1755801858346 1716.0989990234375 200
1755801858390 2086.412109375 201
1755801858428 2195.277099609375 202
1755801858468 2027.1749267578125 203
1755801858505 2243.767333984375 204
1755801858539 2610.08935546875 205
1755801858576 1859.1639404296875 206
1755801858613 2190.52587890625 207
1755801858656 1984.616943359375 208
1755801858693 1767.0633544921875 209
1755801858739 1789.8955078125 210
1755801858782 2006.33154296875 211
1755801858822 1993.63232421875 212
1755801858882 1999.6932373046875 213
1755801858930 1985.009521484375 214
1755801858985 1935.697998046875 215
1755801859040 1734.4757080078125 216
1755801859085 1832.7796630859375 217
1755801859138 1894.411376953125 218
1755801859180 2122.511474609375 219
1755801859226 1787.8477783203125 220
1755801859270 1796.6951904296875 221
1755801859317 1635.393798828125 222
1755801859374 1770.14697265625 223
1755801859414 2070.12158203125 224
1755801859455 2070.72802734375 225
1755801859501 2014.8248291015625 226
1755801859546 2266.781494140625 227
1755801859602 1809.1029052734375 228
1755801859647 2359.549560546875 229
1755801859690 1880.2637939453125 230
1755801859734 1804.7362060546875 231
1755801859781 1873.1298828125 232
1755801859829 1805.085205078125 233
1755801859906 1781.5098876953125 234
1755801860037 1628.31884765625 235
1755801860093 1877.6201171875 236
1755801860141 1778.66845703125 237
1755801860185 1791.9486083984375 238
1755801860230 2019.842529296875 239
1755801860273 1726.7952880859375 240
1755801860316 1639.4471435546875 241
1755801860357 1827.646484375 242
1755801860399 1823.8115234375 243
1755801860449 1938.17578125 244
1755801860493 1873.000244140625 245
1755801860539 1684.26171875 246
1755801860581 2001.2720947265625 247
1755801860647 1701.3321533203125 248
1755801860705 1917.243896484375 249
1755801860758 1460.4942626953125 250
1755801860812 1821.269287109375 251
1755801860871 1833.664306640625 252
1755801860908 2086.27001953125 253
1755801860950 1633.1849365234375 254
1755801860989 1737.148193359375 255
1755801861028 1897.4378662109375 256
1755801861061 1757.3443603515625 257
1755801861098 1681.9654541015625 258
1755801861150 1862.4981689453125 259
1755801861198 1860.38916015625 260
1755801861245 1597.7830810546875 261
1755801861295 1731.695068359375 262
1755801861417 1698.607421875 263
1755801861464 1884.7672119140625 264
1755801861502 1474.216552734375 265
1755801861545 1805.356689453125 266
1755801861584 1589.6524658203125 267
1755801861634 1598.5791015625 268
1755801861674 1717.5067138671875 269
1755801861720 2014.3070068359375 270
1755801861761 1478.9185791015625 271
1755801861803 1875.8465576171875 272
1755801861842 1998.6241455078125 273
1755801861884 1560.1351318359375 274
1755801861925 1645.3226318359375 275
1755801861974 2140.578369140625 276
1755801862020 1898.4942626953125 277
1755801862062 1662.13720703125 278
1755801862100 2103.2470703125 279
1755801862149 1630.61669921875 280
1755801862193 1650.94921875 281
1755801862243 1754.7806396484375 282
1755801862288 1859.0821533203125 283
1755801862337 1714.5477294921875 284
1755801862393 1479.06201171875 285
1755801862435 1894.929443359375 286
1755801862499 1561.2532958984375 287
1755801862547 1845.37109375 288
1755801862590 1621.008056640625 289
1755801862641 1941.640625 290
1755801862689 1865.1307373046875 291
1755801862740 1550.545654296875 292
1755801862803 1759.0821533203125 293
1755801862849 1999.5496826171875 294
1755801862899 1760.03759765625 295
1755801862957 1564.53857421875 296
1755801862995 2020.261962890625 297
1755801863044 1854.06103515625 298
1755801863082 2046.4251708984375 299
1755801874340 13068.689453125 0
1755801874408 11904.548828125 1
1755801874461 8293.7744140625 2
1755801874527 7168.66357421875 3
1755801874572 10337.5791015625 4
1755801874734 7731.34375 5
1755801874799 16493.69921875 6
1755801874854 8677.0888671875 7
1755801874916 10587.0244140625 8
1755801874980 12822.9296875 9
1755801875032 9870.4619140625 10
1755801875078 7912.07861328125 11
1755801875130 19182.12890625 12
1755801875175 8727.8662109375 13
1755801875223 8847.7685546875 14
1755801875270 4411.5107421875 15
1755801875315 12296.7470703125 16
1755801875368 14763.0419921875 17
1755801875427 9746.3623046875 18
1755801875474 8821.251953125 19
1755801875520 7501.7822265625 20
1755801875570 11534.44921875 21
1755801875619 5739.07177734375 22
1755801875660 5824.72021484375 23
1755801875709 4444.38818359375 24
1755801875770 7373.5087890625 25
1755801875814 3977.75634765625 26
1755801875853 5072.56396484375 27
1755801875901 4895.71826171875 28
1755801875949 5117.41845703125 29
1755801876003 4024.60009765625 30
1755801876060 4058.269287109375 31
1755801876102 4255.2724609375 32
1755801876149 5727.765625 33
1755801876198 2655.186279296875 34
1755801876238 3817.6357421875 35
1755801876281 3828.31689453125 36
1755801876327 2865.861083984375 37
1755801876375 3788.226318359375 38
1755801876422 3327.656494140625 39
1755801876470 2987.733642578125 40
1755801876524 3449.881103515625 41
1755801876574 2866.30078125 42
1755801876630 3410.922607421875 43
1755801876686 4230.67333984375 44
1755801876745 3127.236328125 45
1755801876792 3864.50634765625 46
1755801876840 2622.4404296875 47
1755801876897 3294.383056640625 48
1755801876946 2701.247802734375 49
1755801876987 2620.119384765625 50
1755801877033 2782.43017578125 51
1755801877074 3163.330810546875 52
1755801877125 2817.008056640625 53
1755801877173 3367.18115234375 54
1755801877220 2661.220458984375 55
1755801877281 2614.01513671875 56
1755801877325 2619.860595703125 57
1755801877385 2656.255126953125 58
1755801877431 3012.83251953125 59
1755801877480 2822.919189453125 60
1755801877534 2861.941162109375 61
1755801877604 2581.85107421875 62
1755801877668 2771.606689453125 63
1755801877709 2291.8369140625 64
1755801877755 2221.57080078125 65
1755801877798 2413.025390625 66
1755801877840 2448.78955078125 67
1755801877896 2199.556396484375 68
1755801877942 2231.002197265625 69
1755801878022 2716.954833984375 70
1755801878202 2145.1484375 71
1755801878235 2721.10888671875 72
1755801878279 2270.6474609375 73
1755801878317 2473.963623046875 74
1755801878363 2413.32763671875 75
1755801878413 1927.7305908203125 76
1755801878464 2148.725341796875 77
1755801878514 2445.314208984375 78
1755801878564 1983.9490966796875 79
1755801878649 2029.712158203125 80
1755801878693 2540.743408203125 81
1755801878736 2286.520751953125 82
1755801878785 2240.93994140625 83
1755801878831 2147.6357421875 84
1755801878877 2168.885498046875 85
1755801878927 2427.784912109375 86
1755801878976 2090.4814453125 87
1755801879023 2014.8721923828125 88
1755801879071 2161.17919921875 89
1755801879116 2629.077880859375 90
1755801879156 2604.3720703125 91
1755801879203 1918.8681640625 92
1755801879250 1909.3736572265625 93
1755801879298 2357.651123046875 94
1755801879349 2106.33203125 95
1755801879409 2276.05517578125 96
1755801879456 2294.363037109375 97
1755801879504 1956.0072021484375 98
1755801879553 2191.44287109375 99
1755801879604 2050.509765625 100
1755801879658 2135.154541015625 101
1755801879713 2085.079833984375 102
1755801879770 2050.160400390625 103
1755801879814 2004.1396484375 104
1755801879858 1940.0933837890625 105
1755801879911 1643.4375 106
1755801879964 2004.9312744140625 107
1755801880009 2276.53173828125 108
1755801880057 2364.75439453125 109
1755801880113 1845.1790771484375 110
1755801880189 1858.9202880859375 111
1755801880270 2150.267578125 112
1755801880331 1777.5440673828125 113
1755801880413 1996.3746337890625 114
1755801880460 2190.472412109375 115
1755801880511 2188.370849609375 116
1755801880554 2251.74169921875 117
1755801880613 2156.830322265625 118
1755801880688 1788.3607177734375 119
1755801880788 2038.78466796875 120
1755801880839 1748.070556640625 121
1755801880889 2499.713623046875 122
1755801880941 2209.78076171875 123
1755801880990 2182.37548828125 124
1755801881041 2299.22705078125 125
1755801881094 2623.989990234375 126
1755801881135 2435.75732421875 127
1755801881176 2401.748779296875 128
1755801881218 1981.3389892578125 129
1755801881261 2545.538818359375 130
1755801881303 2361.182861328125 131
1755801881343 2159.4013671875 132
1755801881398 2099.50830078125 133
1755801881438 2297.99609375 134
1755801881484 2748.603271484375 135
1755801881521 2097.42431640625 136
1755801881569 2026.120849609375 137
1755801881617 2176.167236328125 138
1755801881680 2544.256591796875 139
1755801881810 1929.7239990234375 140
1755801881890 2466.043212890625 141
1755801881934 1966.000244140625 142
1755801881984 2000.8724365234375 143
1755801882022 2119.168701171875 144
1755801882060 2278.923583984375 145
1755801882116 2176.281982421875 146
1755801882159 2113.47900390625 147
1755801882194 2152.74951171875 148
1755801882240 1938.6806640625 149
1755801882282 1751.3914794921875 150
1755801882328 1971.530029296875 151
1755801882413 2500.961181640625 152
1755801882461 1977.64306640625 153
1755801882522 2015.073486328125 154
1755801882585 1947.269775390625 155
1755801882642 2280.170166015625 156
1755801882678 2229.185791015625 157
1755801882717 1715.537109375 158
1755801882758 2106.330810546875 159
1755801882796 2885.49755859375 160
1755801882833 2232.15869140625 161
1755801882875 1820.8980712890625 162
1755801882911 2108.563232421875 163
1755801882954 3189.96337890625 164
1755801882992 2730.85546875 165
1755801883034 4108.34619140625 166
1755801883078 4427.86083984375 167
1755801883117 3254.341796875 168
1755801883159 3116.5009765625 169
1755801883198 3667.39501953125 170
1755801883237 2401.283935546875 171
1755801883280 1906.3477783203125 172
1755801883330 3418.05419921875 173
1755801883413 2037.015869140625 174
1755801883457 2304.4287109375 175
1755801883510 2321.259033203125 176
1755801883568 2207.011474609375 177
1755801883627 2193.275146484375 178
1755801883671 2083.067138671875 179
1755801883713 2362.853271484375 180
1755801883751 2351.863525390625 181
1755801883785 2969.62158203125 182
1755801883837 2330.730224609375 183
1755801883900 2207.602783203125 184
1755801883938 2198.23046875 185
1755801883975 2475.0107421875 186
1755801884017 2406.423583984375 187
1755801884055 2334.25146484375 188
1755801884090 2146.54931640625 189
1755801884128 2025.3477783203125 190
1755801884164 2045.3203125 191
1755801884201 1843.6041259765625 192
1755801884238 3026.668212890625 193
1755801884272 2235.622314453125 194
1755801884308 1983.4959716796875 195
1755801884355 1973.710693359375 196
1755801884412 2141.165771484375 197
1755801884461 1676.4288330078125 198
1755801884496 1779.6634521484375 199
1755801884533 2128.7919921875 200
1755801884571 1835.4593505859375 201
1755801884610 1918.5040283203125 202
1755801884649 1902.8133544921875 203
1755801884698 1811.780029296875 204
1755801884762 1754.8477783203125 205
1755801884808 2147.39013671875 206
1755801884862 1769.859130859375 207
1755801884949 1898.947509765625 208
1755801885006 1858.152099609375 209
1755801885050 1898.9071044921875 210
1755801885100 1633.4658203125 211
1755801885155 1760.0596923828125 212
1755801885201 1714.5616455078125 213
1755801885238 1834.5634765625 214
1755801885278 1562.4986572265625 215
1755801885319 1888.051025390625 216
1755801885359 1542.333984375 217
1755801885414 1494.0311279296875 218
1755801885572 1992.5560302734375 219
1755801885643 1691.1324462890625 220
1755801885690 2238.122314453125 221
1755801885739 2047.5767822265625 222
1755801885776 1897.34033203125 223
1755801885827 1658.255859375 224
1755801885868 1886.48681640625 225
1755801886008 2141.36328125 226
1755801886060 2020.0572509765625 227
1755801886107 1908.5260009765625 228
1755801886154 1840.0047607421875 229
1755801886198 1638.602783203125 230
1755801886242 1860.497802734375 231
1755801886292 1699.5509033203125 232
1755801886332 1741.8846435546875 233
1755801886378 1671.7022705078125 234
1755801886429 1635.8443603515625 235
1755801886478 1545.366943359375 236
1755801886525 1491.5615234375 237
1755801886575 1966.6146240234375 238
1755801886627 1795.83056640625 239
1755801886674 1789.5533447265625 240
1755801886728 1645.9075927734375 241
1755801886794 1751.846923828125 242
1755801886847 1820.65625 243
1755801886901 1746.3994140625 244
1755801886949 1533.2127685546875 245
1755801886989 1621.367431640625 246
1755801887034 1863.0069580078125 247
1755801887083 1709.2291259765625 248
1755801887138 1708.650634765625 249
1755801887183 1544.8011474609375 250
1755801887227 1524.7886962890625 251
1755801887282 1639.1458740234375 252
1755801887334 1693.0009765625 253
1755801887384 1675.7615966796875 254
1755801887431 1590.691650390625 255
1755801887474 1634.206298828125 256
1755801887515 1461.6134033203125 257
1755801887558 1456.3389892578125 258
1755801887596 1812.1075439453125 259
1755801887642 1496.5328369140625 260
1755801887681 1776.2982177734375 261
1755801887722 1432.3878173828125 262
1755801887759 1845.40966796875 263
1755801887803 1759.7916259765625 264
1755801887840 1997.37939453125 265
1755801887913 1851.169677734375 266
1755801887963 1625.8072509765625 267
1755801888010 1809.013671875 268
1755801888056 1611.84912109375 269
1755801888105 1631.4051513671875 270
1755801888156 1488.292236328125 271
1755801888200 1911.7740478515625 272
1755801888246 1568.1287841796875 273
1755801888293 1741.466552734375 274
1755801888343 1809.757568359375 275
1755801888395 1687.8831787109375 276
1755801888440 1600.96435546875 277
1755801888498 1538.049072265625 278
1755801888541 2016.12060546875 279
1755801888596 1598.0479736328125 280
1755801888646 1588.02685546875 281
1755801888697 1674.953125 282
1755801888755 1343.7559814453125 283
1755801888813 1785.7257080078125 284
1755801888865 1449.2296142578125 285
1755801888914 1558.356201171875 286
1755801888955 1672.5242919921875 287
1755801889001 1645.8172607421875 288
1755801889051 1468.3397216796875 289
1755801889092 1470.8233642578125 290
1755801889138 1912.8187255859375 291
1755801889188 1512.3607177734375 292
1755801889233 1558.14208984375 293
1755801889274 1592.890869140625 294
1755801889313 1810.4434814453125 295
1755801889373 1504.01025390625 296
1755801889571 1480.7955322265625 297
1755801889630 1523.080078125 298
1755801889689 1815.3502197265625 299
1755801905866 5799.8330078125 0
1755801905922 5889.193359375 1
1755801905973 8403.6611328125 2
1755801906030 5927.26318359375 3
1755801906100 6563.9140625 4
1755801906171 8976.7802734375 5
1755801906223 3664.802001953125 6
1755801906273 6132.421875 7
1755801906323 4843.59130859375 8
1755801906372 4891.37744140625 9
1755801906467 3850.9248046875 10
1755801906504 7720.5771484375 11
1755801906553 3824.5458984375 12
1755801906603 6216.8974609375 13
1755801906663 5051.49267578125 14
1755801906712 4492.1669921875 15
1755801906756 7032.072265625 16
1755801906812 4873.8955078125 17
1755801906860 3459.602783203125 18
1755801906905 3573.379150390625 19
1755801906972 2741.408203125 20
1755801907023 3344.82177734375 21
1755801907070 4630.591796875 22
1755801907124 3953.337158203125 23
1755801907168 3357.43505859375 24
1755801907218 3054.4931640625 25
1755801907285 3228.712158203125 26
1755801907339 3279.719482421875 27
1755801907392 2489.090576171875 28
1755801907443 3450.131591796875 29
1755801907487 3335.548583984375 30
1755801907534 2849.205810546875 31
1755801907605 3280.213134765625 32
1755801907662 2669.889404296875 33
1755801907707 2718.53466796875 34
1755801907766 2789.80517578125 35
1755801907811 2557.927490234375 36
1755801907858 2844.614501953125 37
1755801907976 3235.4619140625 38
1755801908028 2888.720947265625 39
1755801908078 3026.70068359375 40
1755801908135 2395.74169921875 41
1755801908186 2864.2412109375 42
1755801908235 2864.418701171875 43
1755801908292 2839.248046875 44
1755801908349 2587.9560546875 45
1755801908427 2701.822021484375 46
1755801908493 2188.1162109375 47
1755801908548 2833.4814453125 48
1755801908597 2770.68798828125 49
1755801908649 3404.190673828125 50
1755801908695 2733.073974609375 51
1755801908743 2816.74462890625 52
1755801908794 2341.24609375 53
1755801908834 2571.068115234375 54
1755801908876 2368.5810546875 55
1755801908933 2396.2421875 56
1755801908975 2453.361572265625 57
1755801909019 2897.583740234375 58
1755801909150 2326.592041015625 59
1755801909227 2600.33349609375 60
1755801909276 2334.463623046875 61
1755801909322 2422.88916015625 62
1755801909369 2405.179931640625 63
1755801909439 2472.38818359375 64
1755801909491 2102.11083984375 65
1755801909535 2777.595703125 66
1755801909582 2347.421875 67
1755801909650 2150.308349609375 68
1755801909703 2781.578125 69
1755801909757 2553.13037109375 70
1755801909802 2326.67578125 71
1755801909845 2576.32763671875 72
1755801909902 2819.50732421875 73
1755801909950 2340.275390625 74
1755801909995 2555.49560546875 75
1755801910054 2207.482666015625 76
1755801910094 2222.5908203125 77
1755801910140 2788.427978515625 78
1755801910190 2275.4609375 79
1755801910235 2344.4814453125 80
1755801910279 2282.625244140625 81
1755801910322 2776.457763671875 82
1755801910375 2327.621826171875 83
1755801910428 2398.78466796875 84
1755801910470 2611.3359375 85
1755801910505 2087.704345703125 86
1755801910546 2052.6298828125 87
1755801910587 2700.66796875 88
1755801910628 2484.897705078125 89
1755801910667 2418.3505859375 90
1755801910717 2639.6328125 91
1755801910770 2272.689453125 92
1755801910816 2143.163818359375 93
1755801910858 2809.37646484375 94
1755801910900 2586.2880859375 95
1755801910942 2675.807861328125 96
1755801910989 2387.592529296875 97
1755801911044 2423.253173828125 98
1755801911094 2203.590087890625 99
1755801911145 2303.682373046875 100
1755801911218 2371.994140625 101
1755801911268 2706.488525390625 102
1755801911319 2327.05712890625 103
1755801911370 3715.760986328125 104
1755801911414 2307.228271484375 105
1755801911461 2487.0927734375 106
1755801911503 2822.78564453125 107
1755801911545 1995.42333984375 108
1755801911592 2037.6893310546875 109
1755801911639 2344.952392578125 110
1755801911684 2561.74462890625 111
1755801911762 1792.6112060546875 112
1755801911806 2173.7978515625 113
1755801911851 2195.572509765625 114
1755801911899 2021.2833251953125 115
1755801911939 2232.123291015625 116
1755801911979 2089.180908203125 117
1755801912023 1926.7451171875 118
1755801912061 2134.4296875 119
1755801912102 2152.055908203125 120
1755801912150 1769.7935791015625 121
1755801912205 1959.43115234375 122
1755801912244 2136.701416015625 123
1755801912283 2294.435302734375 124
1755801912338 1736.16943359375 125
1755801912383 1938.2384033203125 126
1755801912425 2058.0595703125 127
1755801912547 1882.2530517578125 128
1755801912666 2162.377197265625 129
1755801912714 2006.962646484375 130
1755801912758 1979.692138671875 131
1755801912797 1654.4923095703125 132
1755801912842 1935.2864990234375 133
1755801912890 1810.1302490234375 134
1755801912977 1898.146728515625 135
1755801913033 1816.0576171875 136
1755801913070 1879.909912109375 137
1755801913119 1857.384521484375 138
1755801913156 1928.5888671875 139
1755801913199 1981.6866455078125 140
1755801913241 1833.8001708984375 141
1755801913279 1936.439697265625 142
1755801913331 1782.8076171875 143
1755801913371 1838.5316162109375 144
1755801913409 1879.9947509765625 145
1755801913453 1957.875 146
1755801913492 1920.464111328125 147
1755801913532 1959.3076171875 148
1755801913578 2037.9222412109375 149
1755801913624 1855.0150146484375 150
1755801913668 1836.2388916015625 151
1755801913730 2099.7890625 152
1755801913774 2161.41943359375 153
1755801913812 1873.720947265625 154
1755801913855 2465.68408203125 155
1755801913897 1853.0811767578125 156
1755801913941 1888.6611328125 157
1755801913984 1813.919677734375 158
1755801914030 1827.2135009765625 159
1755801914079 1814.83642578125 160
1755801914128 1891.2142333984375 161
1755801914184 1625.441650390625 162
1755801914236 1958.412109375 163
1755801914329 1652.621826171875 164
1755801914379 1906.099853515625 165
1755801914420 2295.603271484375 166
1755801914456 1771.257080078125 167
1755801914508 1648.9228515625 168
1755801914552 1612.0068359375 169
1755801914600 2059.97705078125 170
1755801914649 1919.23828125 171
1755801914700 1947.9942626953125 172
1755801914755 3199.98486328125 173
1755801914811 1870.30029296875 174
1755801914885 1933.7769775390625 175
1755801914939 1897.890625 176
1755801914983 1990.232177734375 177
1755801915031 1970.7913818359375 178
1755801915075 1753.3421630859375 179
1755801915121 2107.599365234375 180
1755801915166 1632.795654296875 181
1755801915221 1667.4921875 182
1755801915267 1847.79443359375 183
1755801915314 1971.9354248046875 184
1755801915376 1783.2227783203125 185
1755801915413 1679.4488525390625 186
1755801915449 1678.4039306640625 187
1755801915511 1714.64892578125 188
1755801915565 1675.831787109375 189
1755801915620 1970.2166748046875 190
1755801915664 1789.322998046875 191
1755801915718 1822.9114990234375 192
1755801915790 1767.0355224609375 193
1755801915866 1424.5455322265625 194
1755801915916 1547.063232421875 195
1755801915966 1623.007080078125 196
1755801916007 1741.320556640625 197
1755801916065 2008.259765625 198
1755801916211 1737.7919921875 199
1755801916279 1514.2044677734375 200
1755801916325 1607.248046875 201
1755801916367 1669.2442626953125 202
1755801916406 1821.6219482421875 203
1755801916478 1629.71240234375 204
1755801916516 1704.640380859375 205
1755801916561 1721.1180419921875 206
1755801916621 1754.2352294921875 207
1755801916680 1435.309814453125 208
1755801916725 1631.3240966796875 209
1755801916781 1737.3768310546875 210
1755801916837 1629.604248046875 211
1755801916893 1862.3060302734375 212
1755801916940 1796.303955078125 213
1755801916984 1590.696533203125 214
1755801917071 1716.118896484375 215
1755801917118 1398.4541015625 216
1755801917166 1201.3125 217
1755801917225 1646.9532470703125 218
1755801917270 1783.5416259765625 219
1755801917310 1638.59423828125 220
1755801917354 1463.4342041015625 221
1755801917398 1529.213134765625 222
1755801917450 1805.3084716796875 223
1755801917484 1801.2781982421875 224
1755801917525 1766.8963623046875 225
1755801917563 1465.886474609375 226
1755801917605 1674.7032470703125 227
1755801917658 1508.924560546875 228
1755801917701 1691.710693359375 229
1755801917743 1655.02978515625 230
1755801917785 1814.0888671875 231
1755801917832 1691.347412109375 232
1755801917878 1726.3673095703125 233
1755801917940 1864.7166748046875 234
1755801917984 1729.6578369140625 235
1755801918028 2120.7783203125 236
1755801918077 1715.2725830078125 237
1755801918140 1763.9464111328125 238
1755801918177 1501.7322998046875 239
1755801918220 1696.298095703125 240
1755801918264 1615.7391357421875 241
1755801918316 2002.7257080078125 242
1755801918355 1866.02392578125 243
1755801918398 1653.5592041015625 244
1755801918434 1815.3133544921875 245
1755801918472 1703.2244873046875 246
1755801918513 1693.9122314453125 247
1755801918551 1887.59375 248
1755801918597 1816.95703125 249
1755801918644 1706.8167724609375 250
1755801918701 1563.60595703125 251
1755801918758 1789.5732421875 252
1755801918808 2424.398193359375 253
1755801918854 1892.77734375 254
1755801918906 1735.82470703125 255
1755801918960 1855.2037353515625 256
1755801919001 1719.42822265625 257
1755801919043 1746.265625 258
1755801919093 1641.7713623046875 259
1755801919156 1703.647705078125 260
1755801919212 1487.1397705078125 261
1755801919269 1812.55517578125 262
1755801919314 1518.5068359375 263
1755801919363 1488.392333984375 264
1755801919411 1675.7900390625 265
1755801919532 1602.40087890625 266
1755801919616 1635.58740234375 267
1755801919659 1466.67822265625 268
1755801919704 1646.90380859375 269
1755801919748 1602.6170654296875 270
1755801919790 1533.679443359375 271
1755801919833 1836.6566162109375 272
1755801919880 1400.4384765625 273
1755801919924 1431.689208984375 274
1755801919969 1879.6114501953125 275
1755801920012 1426.0076904296875 276
1755801920055 1502.7369384765625 277
1755801920102 1530.2286376953125 278
1755801920156 1368.3311767578125 279
1755801920212 1472.1724853515625 280
1755801920262 1781.5992431640625 281
1755801920314 1225.1324462890625 282
1755801920357 1713.3392333984375 283
1755801920403 1426.8388671875 284
1755801920466 1518.8392333984375 285
1755801920613 1537.623779296875 286
1755801920657 1486.899169921875 287
1755801920707 1406.568603515625 288
1755801920746 1815.705810546875 289
1755801920784 1945.834228515625 290
1755801920836 1602.1705322265625 291
1755801920882 1548.9847412109375 292
1755801920961 1677.064453125 293
1755801921009 1436.8819580078125 294
1755801921053 1482.588134765625 295
1755801921102 1606.43603515625 296
1755801921154 1520.8232421875 297
1755801921201 1712.078369140625 298
1755801921250 1575.205810546875 299
1755801936460 5739.6083984375 0
1755801936499 8077.24658203125 1
1755801936555 8216.8232421875 2
1755801936602 5748.9072265625 3
1755801936648 11122.1513671875 4
1755801936697 7847.01904296875 5
1755801936741 7794.333984375 6
1755801936812 8291.5166015625 7
1755801936870 6440.68994140625 8
1755801936918 7658.85498046875 9
1755801936967 12084.42578125 10
1755801937030 9038.0556640625 11
1755801937072 6368.72802734375 12
1755801937122 7214.53662109375 13
1755801937171 8276.599609375 14
1755801937218 4358.6171875 15
1755801937266 5084.5537109375 16
1755801937308 12921.7607421875 17
1755801937350 9008.1904296875 18
1755801937393 7380.12841796875 19
1755801937437 7245.88720703125 20
1755801937474 7379.4453125 21
1755801937517 4079.686279296875 22
1755801937560 7236.36865234375 23
1755801937607 5337.5458984375 24
1755801937648 7763.60107421875 25
1755801937699 7599.49609375 26
1755801937747 5431.42529296875 27
1755801937789 4110.91943359375 28
1755801937832 4185.5078125 29
1755801937879 3156.388916015625 30
1755801937931 3253.905517578125 31
1755801937984 3587.453125 32
1755801938028 2507.095947265625 33
1755801938076 5582.13525390625 34
1755801938130 3849.615478515625 35
1755801938182 4421.14501953125 36
1755801938226 4388.02099609375 37
1755801938275 3699.941162109375 38
1755801938322 3262.77294921875 39
1755801938395 3361.973876953125 40
1755801938453 2562.423828125 41
1755801938495 2654.169921875 42
1755801938608 2676.1796875 43
1755801938651 2940.482421875 44
1755801938800 4033.773193359375 45
1755801938865 2326.779296875 46
1755801938925 2644.567138671875 47
1755801938993 2748.86767578125 48
1755801939079 2419.395751953125 49
1755801939134 2736.284912109375 50
1755801939180 2482.348876953125 51
1755801939285 2901.692626953125 52
1755801939400 2313.9560546875 53
1755801939447 2523.396484375 54
1755801939492 3140.942626953125 55
1755801939529 2161.338134765625 56
1755801939567 2534.32470703125 57
1755801939610 2561.873046875 58
1755801939647 2520.57275390625 59
1755801939687 2607.889892578125 60
1755801939736 2917.474365234375 61
1755801939775 2354.136962890625 62
1755801939811 2746.83447265625 63
1755801939849 3092.939453125 64
1755801939887 2808.8759765625 65
1755801939926 2179.3037109375 66
1755801939975 2428.436279296875 67
1755801940014 2610.769287109375 68
1755801940050 2094.26318359375 69
1755801940097 2687.56201171875 70
1755801940140 2079.82421875 71
1755801940185 2529.59619140625 72
1755801940233 2167.10205078125 73
1755801940279 2048.412353515625 74
1755801940317 2335.488037109375 75
1755801940381 2245.66796875 76
1755801940438 2444.90478515625 77
1755801940500 1881.05126953125 78
1755801940548 2165.928955078125 79
1755801940628 2306.469970703125 80
1755801940674 2328.185302734375 81
1755801940725 2208.89306640625 82
1755801940774 2249.571044921875 83
1755801940821 3055.20751953125 84
1755801940869 2306.482421875 85
1755801940916 1827.4779052734375 86
1755801940975 2322.56201171875 87
1755801941019 2315.040771484375 88
1755801941075 2272.632080078125 89
1755801941135 2398.779296875 90
1755801941184 1917.274658203125 91
1755801941233 1966.253662109375 92
1755801941279 1986.749755859375 93
1755801941325 2564.56640625 94
1755801941361 2529.075439453125 95
1755801941397 2354.177978515625 96
1755801941435 2095.093994140625 97
1755801941483 1945.8446044921875 98
1755801941523 2529.109130859375 99
1755801941560 2071.270751953125 100
1755801941599 1992.5640869140625 101
1755801941635 2399.857666015625 102
1755801941671 1801.2999267578125 103
1755801941713 2201.267333984375 104
1755801941751 2175.2998046875 105
1755801941787 2242.404296875 106
1755801941828 1731.5487060546875 107
1755801941868 2148.39501953125 108
1755801941908 1921.1446533203125 109
1755801941950 2169.5849609375 110
1755801941989 2424.449462890625 111
1755801942029 2507.33642578125 112
1755801942075 1922.0250244140625 113
1755801942124 2470.40283203125 114
1755801942176 2662.412353515625 115
1755801942215 2165.246337890625 116
1755801942253 1869.6259765625 117
1755801942295 1952.4390869140625 118
1755801942353 2100.244384765625 119
1755801942395 2036.5762939453125 120
1755801942432 2122.502685546875 121
1755801942481 2025.599365234375 122
1755801942527 2138.243408203125 123
1755801942572 1728.66943359375 124
1755801942624 2542.526123046875 125
1755801942671 2618.49951171875 126
1755801942734 2681.036376953125 127
1755801942796 1634.627197265625 128
1755801942841 2539.1669921875 129
1755801942951 2201.34814453125 130
1755801943009 2081.307373046875 131
1755801943060 2124.240234375 132
1755801943113 2289.73876953125 133
1755801943184 2126.68115234375 134
1755801943236 2305.01611328125 135
1755801943299 1984.275390625 136
1755801943345 1931.1834716796875 137
1755801943389 2808.947509765625 138
1755801943428 1903.784423828125 139
1755801943476 1925.9915771484375 140
1755801943524 3885.798828125 141
1755801943585 2684.432373046875 142
1755801943649 2272.554443359375 143
1755801943701 2624.39599609375 144
1755801943750 2134.979248046875 145
1755801943806 2171.39453125 146
1755801943856 2268.201416015625 147
1755801943907 2279.07568359375 148
1755801943957 2363.06201171875 149
1755801944005 1833.8912353515625 150
1755801944057 2140.7548828125 151
1755801944104 1933.4908447265625 152
1755801944150 2201.611083984375 153
1755801944196 3194.81298828125 154
1755801944242 2326.543212890625 155
1755801944281 1901.9696044921875 156
1755801944321 2044.439453125 157
1755801944369 2836.8232421875 158
1755801944422 1994.8187255859375 159
1755801944479 3364.30322265625 160
1755801944539 1810.0516357421875 161
1755801944593 2537.51220703125 162
1755801944634 2471.453857421875 163
1755801944679 2321.69189453125 164
1755801944727 2671.828857421875 165
1755801944770 2233.864501953125 166
1755801944812 2361.01171875 167
1755801944858 2110.516357421875 168
1755801944906 1961.876220703125 169
1755801944953 2391.611083984375 170
1755801945006 2069.745361328125 171
1755801945059 1963.304931640625 172
1755801945107 2099.782958984375 173
1755801945149 2026.121337890625 174
1755801945189 1934.470947265625 175
1755801945306 1974.8187255859375 176
1755801945356 2008.1278076171875 177
1755801945411 1681.2203369140625 178
1755801945448 2162.62890625 179
1755801945499 1929.393798828125 180
1755801945539 2210.109375 181
1755801945581 2385.403564453125 182
1755801945628 1724.974609375 183
1755801945668 2036.3372802734375 184
1755801945706 1955.980224609375 185
1755801945761 2207.221435546875 186
1755801945803 1951.9202880859375 187
1755801945841 1965.3427734375 188
1755801945882 1784.4727783203125 189
1755801945930 1936.2850341796875 190
1755801945975 2158.239501953125 191
1755801946018 1774.4166259765625 192
1755801946068 1953.0394287109375 193
1755801946109 1464.639404296875 194
1755801946149 1994.2147216796875 195
1755801946196 1759.544921875 196
1755801946238 2034.0159912109375 197
1755801946276 1947.7978515625 198
1755801946316 1883.4232177734375 199
1755801946360 1824.4581298828125 200
1755801946402 1694.333740234375 201
1755801946439 1828.471923828125 202
1755801946505 1935.69091796875 203
1755801946633 1727.2830810546875 204
1755801946700 1726.2720947265625 205
1755801946754 1801.5106201171875 206
1755801946798 1680.707275390625 207
1755801946835 1873.015869140625 208
1755801946878 2035.05908203125 209
1755801946942 1714.16943359375 210
1755801946985 1653.4698486328125 211
1755801947024 1932.837890625 212
1755801947065 1767.5821533203125 213
1755801947106 2002.0003662109375 214
1755801947160 1821.6756591796875 215
1755801947198 1712.9908447265625 216
1755801947236 2038.2772216796875 217
1755801947285 1914.3507080078125 218
1755801947328 1720.1256103515625 219
1755801947368 1902.318359375 220
1755801947404 1738.27001953125 221
1755801947442 2280.620361328125 222
1755801947486 1763.988037109375 223
1755801947533 2072.559814453125 224
1755801947583 1776.629638671875 225
1755801947634 1747.223388671875 226
1755801947679 1976.751953125 227
1755801947725 1619.939453125 228
1755801947783 2073.356689453125 229
1755801947834 1619.4344482421875 230
1755801947882 1614.2042236328125 231
1755801947929 1673.7275390625 232
1755801947974 1685.75244140625 233
1755801948028 1585.638671875 234
1755801948081 1672.8150634765625 235
1755801948140 1882.927490234375 236
1755801948201 1533.3138427734375 237
1755801948261 1722.5172119140625 238
1755801948304 1860.7996826171875 239
1755801948355 1798.8355712890625 240
1755801948397 1713.490234375 241
1755801948440 1705.4539794921875 242
1755801948490 1884.7239990234375 243
1755801948536 2007.547119140625 244
1755801948582 1720.6336669921875 245
1755801948632 1793.048095703125 246
1755801948677 1586.6346435546875 247
1755801948721 1709.3441162109375 248
1755801948764 1852.656494140625 249
1755801948813 2031.785400390625 250
1755801948854 1763.457275390625 251
1755801948920 1874.7069091796875 252
1755801948966 1737.3343505859375 253
1755801949005 1525.7144775390625 254
1755801949045 1684.4791259765625 255
1755801949087 1636.6658935546875 256
1755801949130 1656.510009765625 257
1755801949175 1622.0374755859375 258
1755801949216 1600.0750732421875 259
1755801949257 2114.23828125 260
1755801949302 1829.55810546875 261
1755801949391 1651.9259033203125 262
1755801949460 1648.5947265625 263
1755801949507 2017.8262939453125 264
1755801949551 1629.6505126953125 265
1755801949592 1718.002197265625 266
1755801949638 2005.179931640625 267
1755801949681 1819.2618408203125 268
1755801949736 1478.7158203125 269
1755801949804 1771.856201171875 270
1755801949852 2108.806396484375 271
1755801949899 2008.4232177734375 272
1755801949936 1444.9127197265625 273
1755801949980 1574.1131591796875 274
1755801950031 1663.4827880859375 275
1755801950085 1959.85400390625 276
1755801950131 1891.97998046875 277
1755801950179 1674.139404296875 278
1755801950217 1633.465576171875 279
1755801950252 1860.382568359375 280
1755801950289 1530.899169921875 281
1755801950329 1570.8272705078125 282
1755801950373 1605.5125732421875 283
1755801950532 1268.072509765625 284
1755801950595 1540.4661865234375 285
1755801950635 1682.2525634765625 286
1755801950672 1577.9617919921875 287
1755801950713 1547.5955810546875 288
1755801950755 1475.260986328125 289
1755801950827 1832.4959716796875 290
1755801950878 1436.1331787109375 291
1755801950932 1519.156982421875 292
1755801950980 1572.0440673828125 293
1755801951029 1708.045654296875 294
1755801951070 1797.35693359375 295
1755801951116 1792.718505859375 296
1755801951151 1421.306640625 297
1755801951191 1437.805908203125 298
1755801951233 1585.265380859375 299
1755801966436 5075.265625 0
1755801966497 8346.93359375 1
1755801966544 4485.74462890625 2
1755801966586 5813.64892578125 3
1755801966658 5578.0390625 4
1755801966709 4764.56201171875 5
1755801966758 6729.19970703125 6
1755801966810 6381.619140625 7
1755801966859 6007.07763671875 8
1755801966914 4537.10302734375 9
1755801966969 5165.03857421875 10
1755801967015 5984.4853515625 11
1755801967051 4719.9501953125 12
1755801967092 4571.42431640625 13
1755801967134 4949.56640625 14
1755801967188 5584.44873046875 15
1755801967240 5858.857421875 16
1755801967429 4786.07373046875 17
1755801967750 3841.1005859375 18
1755801967812 4523.7392578125 19
1755801967854 4812.46044921875 20
1755801967898 6271.13720703125 21
1755801967937 4468.30224609375 22
1755801967979 2956.034423828125 23
1755801968059 3328.13134765625 24
1755801968141 3624.82275390625 25
1755801968222 3401.249755859375 26
1755801968301 3339.6484375 27
1755801968349 3220.1240234375 28
1755801968400 2733.68603515625 29
1755801968469 3506.66796875 30
1755801968522 3112.494384765625 31
1755801968589 3378.443359375 32
1755801968665 2926.028076171875 33
1755801968716 3706.463134765625 34
1755801968763 3350.5068359375 35
1755801968802 2758.748779296875 36
1755801968871 2576.01708984375 37
1755801969015 2882.353271484375 38
1755801969102 3074.482177734375 39
1755801969165 3622.578369140625 40
1755801969214 2787.055908203125 41
1755801969256 3007.76708984375 42
1755801969321 2950.8408203125 43
1755801969370 2809.03173828125 44
1755801969434 2759.857666015625 45
1755801969490 3053.94970703125 46
1755801969539 3149.63232421875 47
1755801969585 3030.790771484375 48
1755801969636 2221.85888671875 49
1755801969706 2784.085693359375 50
1755801969745 2437.451416015625 51
1755801969781 2659.02587890625 52
1755801969824 2727.954345703125 53
1755801969876 2856.954833984375 54
1755801969923 2799.1064453125 55
1755801969971 2794.031982421875 56
1755801970019 2537.826416015625 57
1755801970063 3491.313232421875 58
1755801970121 2868.9248046875 59
1755801970166 2830.94384765625 60
1755801970220 2767.5908203125 61
1755801970273 2977.732666015625 62
1755801970321 2542.2646484375 63
1755801970372 3034.64013671875 64
1755801970421 2287.091552734375 65
1755801970478 2455.822265625 66
1755801970528 2819.867919921875 67
1755801970575 2715.991455078125 68
1755801970628 3025.3515625 69
1755801970675 2725.462158203125 70
1755801970726 2293.294189453125 71
1755801970773 2623.95458984375 72
1755801970819 2545.964599609375 73
1755801970866 2741.461181640625 74
1755801970922 3487.76513671875 75
1755801970964 2553.507080078125 76
1755801971161 2693.744140625 77
1755801971215 2833.638916015625 78
1755801971267 2653.306884765625 79
1755801971316 2320.951904296875 80
1755801971378 2855.421630859375 81
1755801971431 2679.066650390625 82
1755801971482 2521.7451171875 83
1755801971522 2297.71826171875 84
1755801971571 2887.458740234375 85
1755801971626 2782.74658203125 86
1755801971665 2448.6181640625 87
1755801971714 2637.183837890625 88
1755801971758 2874.5029296875 89
1755801971805 2658.94287109375 90
1755801971846 2475.11279296875 91
1755801971897 2327.011962890625 92
1755801971951 2816.92138671875 93
1755801972001 2401.072021484375 94
1755801972051 2681.03173828125 95
1755801972092 2455.097900390625 96
1755801972142 2269.433349609375 97
1755801972184 2743.909912109375 98
1755801972220 2612.23876953125 99
1755801972257 2623.68212890625 100
1755801972304 2663.8037109375 101
1755801972428 2564.117431640625 102
1755801972506 2528.506103515625 103
1755801972555 4016.513916015625 104
1755801972599 2410.8271484375 105
1755801972657 3197.171142578125 106
1755801972707 2739.3232421875 107
1755801972756 2354.433349609375 108
1755801972806 2773.274658203125 109
1755801972854 2151.04296875 110
1755801972901 2522.426513671875 111
1755801972957 2150.63037109375 112
1755801973010 2938.8544921875 113
1755801973061 2737.57275390625 114
1755801973101 2285.607666015625 115
1755801973161 2769.2265625 116
1755801973208 2658.8154296875 117
1755801973271 2198.713134765625 118
1755801973310 2644.73193359375 119
1755801973345 2119.51416015625 120
1755801973404 2424.78173828125 121
1755801973452 3079.207763671875 122
1755801973512 2510.67919921875 123
1755801973560 2502.712890625 124
1755801973620 2424.241455078125 125
1755801973672 2642.9189453125 126
1755801973709 2445.740478515625 127
1755801973751 2398.26318359375 128
1755801973795 3026.361328125 129
1755801973845 2438.318359375 130
1755801973886 2116.996826171875 131
1755801973923 2492.11572265625 132
1755801973967 2466.638916015625 133
1755801974021 2478.34912109375 134
1755801974074 1918.3232421875 135
1755801974126 2596.8486328125 136
1755801974169 2510.4755859375 137
1755801974209 2252.152099609375 138
1755801974256 2112.06982421875 139
1755801974305 2523.92138671875 140
1755801974359 1842.02197265625 141
1755801974410 2114.137451171875 142
1755801974457 2210.185302734375 143
1755801974592 2191.160400390625 144
1755801974643 2057.810546875 145
1755801974688 2186.476806640625 146
1755801974738 2189.13134765625 147
1755801974782 2122.85693359375 148
1755801974827 2271.6220703125 149
1755801974876 1972.8262939453125 150
1755801974920 1838.3035888671875 151
1755801974969 2025.1663818359375 152
1755801975032 2057.20263671875 153
1755801975091 1990.0694580078125 154
1755801975150 1838.52978515625 155
1755801975201 2037.8214111328125 156
1755801975249 2064.044921875 157
1755801975298 2234.315673828125 158
1755801975345 2140.3544921875 159
1755801975391 2520.1220703125 160
1755801975436 2021.5919189453125 161
1755801975485 2056.840576171875 162
1755801975558 1992.16015625 163
1755801975614 2185.05712890625 164
1755801975680 1662.20458984375 165
1755801975807 2143.92919921875 166
1755801975885 2184.436767578125 167
1755801975938 1783.741943359375 168
1755801975998 2428.80810546875 169
1755801976051 2276.517333984375 170
1755801976100 1906.3023681640625 171
1755801976152 3969.63671875 172
1755801976201 1978.5367431640625 173
1755801976251 2637.911865234375 174
1755801976296 2213.552490234375 175
1755801976340 2185.353515625 176
1755801976389 2307.15673828125 177
1755801976449 2744.64599609375 178
1755801976494 2376.603515625 179
1755801976548 3367.03173828125 180
1755801976586 2239.974365234375 181
1755801976631 2400.4873046875 182
1755801976678 2183.704345703125 183
1755801976733 2817.40625 184
1755801976842 2155.898193359375 185
1755801976909 2112.951904296875 186
1755801976954 1811.752197265625 187
1755801977009 2109.45849609375 188
1755801977073 2158.318359375 189
1755801977120 2068.25244140625 190
1755801977160 2385.70849609375 191
1755801977224 1971.7135009765625 192
1755801977271 2114.2724609375 193
1755801977312 1926.141845703125 194
1755801977352 2190.212158203125 195
1755801977397 2170.3359375 196
1755801977439 1938.5003662109375 197
1755801977495 1751.127197265625 198
1755801977539 2295.261474609375 199
1755801977582 2288.489501953125 200
1755801977633 3204.834716796875 201
1755801977680 2176.756103515625 202
1755801977729 2785.0625 203
1755801977786 2829.808349609375 204
1755801977833 4512.5107421875 205
1755801977882 2466.672119140625 206
1755801977933 2515.41796875 207
1755801977999 2915.866455078125 208
1755801978056 2118.376708984375 209
1755801978115 2497.910400390625 210
1755801978168 2187.722900390625 211
1755801978212 3722.35107421875 212
1755801978261 2494.144287109375 213
1755801978321 2197.302734375 214
1755801978366 2476.720947265625 215
1755801978410 2356.908447265625 216
1755801978452 2164.585205078125 217
1755801978490 2088.644775390625 218
1755801978529 1909.0594482421875 219
1755801978568 1911.0426025390625 220
1755801978613 2147.047119140625 221
1755801978655 1939.4898681640625 222
1755801978699 2060.233154296875 223
1755801978752 2091.4541015625 224
1755801978794 1864.7564697265625 225
1755801978841 1741.94677734375 226
1755801978911 1846.5113525390625 227
1755801978948 2509.949462890625 228
1755801978987 1808.562744140625 229
1755801979039 2225.55224609375 230
1755801979090 2279.896728515625 231
1755801979146 2182.467041015625 232
1755801979188 2000.9754638671875 233
1755801979233 2138.8154296875 234
1755801979279 2172.417724609375 235
1755801979323 2043.1085205078125 236
1755801979371 2211.780517578125 237
1755801979416 2185.528076171875 238
1755801979465 1881.5028076171875 239
1755801979511 1910.030029296875 240
1755801979561 2108.146240234375 241
1755801979677 1843.8673095703125 242
1755801979776 1866.178955078125 243
1755801979840 1696.0888671875 244
1755801979898 1638.58349609375 245
1755801979937 2048.4912109375 246
1755801979982 1775.2337646484375 247
1755801980020 1957.174560546875 248
1755801980080 1606.157470703125 249
1755801980138 1720.7677001953125 250
1755801980194 1692.3380126953125 251
1755801980245 1748.67333984375 252
1755801980287 1796.7420654296875 253
1755801980339 1603.1151123046875 254
1755801980380 1952.6951904296875 255
1755801980431 1829.5225830078125 256
1755801980482 1716.4871826171875 257
1755801980529 1662.851318359375 258
1755801980575 1924.665771484375 259
1755801980629 1891.905029296875 260
1755801980678 1566.4111328125 261
1755801980739 1601.924072265625 262
1755801980781 1719.953369140625 263
1755801980821 1769.1822509765625 264
1755801980863 1658.7935791015625 265
1755801980901 1865.9273681640625 266
1755801980942 1742.5621337890625 267
1755801981003 1719.589111328125 268
1755801981063 1768.43359375 269
1755801981112 1510.503662109375 270
1755801981163 1555.1517333984375 271
1755801981221 1547.435302734375 272
1755801981283 1632.7325439453125 273
1755801981328 1979.8173828125 274
1755801981375 1806.7423095703125 275
1755801981423 1604.10009765625 276
1755801981472 1950.7576904296875 277
1755801981525 1777.4779052734375 278
1755801981569 1635.9896240234375 279
1755801981616 1545.3837890625 280
1755801981658 1567.8712158203125 281
1755801981703 1625.865478515625 282
1755801981748 1380.057861328125 283
1755801981788 1549.2904052734375 284
1755801981828 1636.013427734375 285
1755801981867 1550.0728759765625 286
1755801981910 1440.6112060546875 287
1755801981948 1807.4053955078125 288
1755801981991 1664.07861328125 289
1755801982034 1546.679443359375 290
1755801982070 1310.9462890625 291
1755801982118 1593.1248779296875 292
1755801982158 1817.916015625 293
1755801982197 1608.3836669921875 294
1755801982240 1503.53857421875 295
1755801982293 1636.5150146484375 296
1755801982337 1669.361572265625 297
1755801982392 1484.6220703125 298
1755801982432 1393.841064453125 299
1755801997637 4462.85986328125 0
1755801997682 5633.5322265625 1
1755801997720 4090.413818359375 2
1755801997769 11930.1201171875 3
1755801997821 6816.1240234375 4
1755801997873 6353.2001953125 5
1755801997930 4828.04248046875 6
1755801997980 10247.9892578125 7
1755801998036 7801.2001953125 8
1755801998092 8039.0546875 9
1755801998152 3445.71484375 10
1755801998209 6137.79541015625 11
1755801998256 3923.735107421875 12
1755801998405 5780.85009765625 13
1755801998469 4693.025390625 14
1755801998524 5786.4384765625 15
1755801998590 6067.81591796875 16
1755801998648 3490.22802734375 17
1755801998705 2651.871337890625 18
1755801998743 3437.060546875 19
1755801998795 3185.52587890625 20
1755801998859 3620.802001953125 21
1755801998908 3724.17822265625 22
1755801998953 3313.6376953125 23
1755801999001 3588.19873046875 24
1755801999051 2936.05517578125 25
1755801999093 3292.684326171875 26
1755801999134 2611.48828125 27
1755801999176 2354.129638671875 28
1755801999234 2570.595703125 29
1755801999281 2787.78271484375 30
1755801999325 2548.650146484375 31
1755801999374 2496.067626953125 32
1755801999416 3249.166748046875 33
1755801999465 2887.4208984375 34
1755801999529 3070.739990234375 35
1755801999587 2373.491943359375 36
1755801999655 3110.564697265625 37
1755801999701 2581.876708984375 38
1755801999748 2654.17529296875 39
1755801999797 2715.391357421875 40
1755801999849 2830.4599609375 41
1755801999907 2907.445556640625 42
1755801999961 3764.534423828125 43
1755802000014 3084.752685546875 44
1755802000064 2919.4462890625 45
1755802000116 2641.18798828125 46
1755802000175 2710.842529296875 47
1755802000241 4200.4140625 48
1755802000292 2637.87353515625 49
1755802000371 2811.7744140625 50
1755802000429 3164.81298828125 51
1755802000473 2393.504638671875 52
1755802000525 3795.0556640625 53
1755802000568 2401.470458984375 54
1755802000623 3128.953125 55
1755802000669 3171.107666015625 56
1755802000719 2383.237060546875 57
1755802000761 2261.80859375 58
1755802000814 2609.939453125 59
1755802000849 2253.86767578125 60
1755802000900 2749.664306640625 61
1755802000980 2568.455810546875 62
1755802001043 2672.3251953125 63
1755802001098 2265.354736328125 64
1755802001224 2825.8642578125 65
1755802001275 2768.371337890625 66
1755802001328 2432.8115234375 67
1755802001385 2228.462158203125 68
1755802001439 2374.866943359375 69
1755802001498 2541.302001953125 70
1755802001572 2190.689208984375 71
1755802001621 1974.4937744140625 72
1755802001662 1877.8853759765625 73
1755802001701 2405.75048828125 74
1755802001738 2003.6141357421875 75
1755802001782 2543.434814453125 76
1755802001830 2296.93017578125 77
1755802001975 2266.319091796875 78
1755802002079 2212.153564453125 79
1755802002129 2887.891845703125 80
1755802002178 2033.3719482421875 81
1755802002228 2347.204345703125 82
1755802002280 2350.16552734375 83
1755802002331 1756.203125 84
1755802002380 2100.537353515625 85
1755802002424 2084.314208984375 86
1755802002483 2186.7900390625 87
1755802002529 1941.0947265625 88
1755802002581 1917.923828125 89
1755802002623 2116.479736328125 90
1755802002664 2144.064453125 91
1755802002710 2059.705078125 92
1755802002755 1997.2403564453125 93
1755802002799 1948.6875 94
1755802002845 2191.018798828125 95
1755802002899 2050.2265625 96
1755802002945 2014.7305908203125 97
1755802002989 1638.207275390625 98
1755802003047 2318.31201171875 99
1755802003093 2292.149169921875 100
1755802003144 2026.9537353515625 101
1755802003198 2261.9658203125 102
1755802003246 2946.993896484375 103
1755802003298 1818.749755859375 104
1755802003349 2145.093505859375 105
1755802003401 2002.4202880859375 106
1755802003450 2155.48876953125 107
1755802003519 2592.341796875 108
1755802003569 2541.138916015625 109
1755802003618 2162.849609375 110
1755802003666 2126.2958984375 111
1755802003713 2097.548583984375 112
1755802003784 1936.724365234375 113
1755802003836 2043.2425537109375 114
1755802003899 1794.0740966796875 115
1755802003941 1856.6728515625 116
1755802003984 1899.9052734375 117
1755802004042 1728.376953125 118
1755802004134 1845.8712158203125 119
1755802004179 2678.93212890625 120
1755802004226 1901.285888671875 121
1755802004265 1699.9637451171875 122
1755802004311 1748.957763671875 123
1755802004357 1924.3094482421875 124
1755802004395 1870.3597412109375 125
1755802004431 1846.871826171875 126
1755802004468 1856.5819091796875 127
1755802004515 1736.948974609375 128
1755802004552 2143.183837890625 129
1755802004592 2086.4521484375 130
1755802004636 1659.8118896484375 131
1755802004687 1619.432861328125 132
1755802004728 1942.115966796875 133
1755802004767 1735.0382080078125 134
1755802004820 1649.813232421875 135
1755802004863 1688.7418212890625 136
1755802004906 1928.7017822265625 137
1755802004946 2017.7716064453125 138
1755802004985 2058.545166015625 139
1755802005042 1694.246337890625 140
1755802005091 1899.5975341796875 141
1755802005143 1828.309326171875 142
1755802005190 2492.524658203125 143
1755802005256 1982.96630859375 144
1755802005318 2011.9493408203125 145
1755802005366 1788.4703369140625 146
1755802005408 2074.266845703125 147
1755802005454 2126.356689453125 148
1755802005521 2095.712646484375 149
1755802005589 1978.4124755859375 150
1755802005652 1887.893798828125 151
1755802005839 1762.0321044921875 152
1755802005902 2301.302490234375 153
1755802005947 2082.050537109375 154
1755802005998 1735.311279296875 155
1755802006075 2240.564697265625 156
1755802006138 1781.22412109375 157
1755802006201 1993.76025390625 158
1755802006247 1918.0184326171875 159
1755802006308 1798.333740234375 160
1755802006368 2039.34912109375 161
1755802006412 2250.84033203125 162
1755802006451 1759.7252197265625 163
1755802006488 2051.434326171875 164
1755802006534 2499.9365234375 165
1755802006573 1796.9371337890625 166
1755802006609 2160.521240234375 167
1755802006649 2318.64111328125 168
1755802006696 1934.038818359375 169
1755802006749 1891.7818603515625 170
1755802006803 2458.389892578125 171
1755802006846 1709.46875 172
1755802006891 2300.050537109375 173
1755802006930 1915.800048828125 174
1755802006968 1722.9791259765625 175
1755802007017 2144.263916015625 176
1755802007057 1785.5767822265625 177
1755802007103 1557.39892578125 178
1755802007151 1819.843994140625 179
1755802007194 1676.425048828125 180
1755802007250 1761.588134765625 181
1755802007287 1679.5284423828125 182
1755802007330 1622.873779296875 183
1755802007369 1753.34716796875 184
1755802007416 1718.66650390625 185
1755802007458 1790.4908447265625 186
1755802007504 1646.8760986328125 187
1755802007552 1577.434814453125 188
1755802007592 1573.011474609375 189
1755802007629 1806.6802978515625 190
1755802007679 1885.514404296875 191
1755802007724 1757.0328369140625 192
1755802007771 1786.745849609375 193
1755802007826 1788.0174560546875 194
1755802007880 1749.8505859375 195
1755802007921 2087.04248046875 196
1755802007961 2065.891357421875 197
1755802007999 1928.926025390625 198
1755802008041 1935.5921630859375 199
1755802008079 1773.6202392578125 200
1755802008118 1751.438720703125 201
1755802008170 2812.970703125 202
1755802008226 1672.507568359375 203
1755802008283 2105.493896484375 204
1755802008353 1748.0150146484375 205
1755802008403 2175.3017578125 206
1755802008454 1840.88623046875 207
1755802008508 1769.0308837890625 208
1755802008573 1718.6134033203125 209
1755802008639 1620.6488037109375 210
1755802008680 1846.269287109375 211
1755802008739 1710.6300048828125 212
1755802008775 1379.4947509765625 213
1755802008811 1652.108154296875 214
1755802008850 1553.9620361328125 215
1755802008933 1842.2921142578125 216
1755802008971 1719.7816162109375 217
1755802009028 1679.037109375 218
1755802009121 1672.4185791015625 219
1755802009225 1452.98291015625 220
1755802009275 1710.451171875 221
1755802009326 1641.4515380859375 222
1755802009379 1925.185546875 223
1755802009431 1715.6644287109375 224
1755802009468 1557.0731201171875 225
1755802009520 1722.8721923828125 226
1755802009561 1826.8511962890625 227
1755802009598 1934.2474365234375 228
1755802009640 1415.0443115234375 229
1755802009676 1423.0986328125 230
1755802009724 1784.1375732421875 231
1755802009840 1854.3768310546875 232
1755802009880 1666.37890625 233
1755802009923 1393.418212890625 234
1755802009960 1412.4464111328125 235
1755802009995 1694.397216796875 236
1755802010034 1622.6859130859375 237
1755802010069 1734.9830322265625 238
1755802010109 1536.251220703125 239
1755802010150 1519.507080078125 240
1755802010197 1860.23193359375 241
1755802010247 1587.8712158203125 242
1755802010282 1299.5994873046875 243
1755802010318 1684.141845703125 244
1755802010360 1392.8814697265625 245
1755802010400 1860.3619384765625 246
1755802010439 1571.535400390625 247
1755802010503 2393.18896484375 248
1755802010544 1744.9122314453125 249
1755802010585 1575.98095703125 250
1755802010632 2104.751953125 251
1755802010673 1995.6866455078125 252
1755802010713 1532.3270263671875 253
1755802010751 1446.5238037109375 254
1755802010790 1798.2540283203125 255
1755802010829 1702.3477783203125 256
1755802010881 1775.40380859375 257
1755802010921 1499.694091796875 258
1755802010964 1485.389892578125 259
1755802011003 1681.1636962890625 260
1755802011050 1483.201171875 261
1755802011097 1690.6812744140625 262
1755802011146 1719.9471435546875 263
1755802011193 1608.7403564453125 264
1755802011237 1512.5198974609375 265
1755802011283 1543.7877197265625 266
1755802011332 1716.020263671875 267
1755802011380 1582.754150390625 268
1755802011429 1207.5877685546875 269
1755802011478 1614.987548828125 270
1755802011537 1610.65966796875 271
1755802011608 1498.9537353515625 272
1755802011658 1305.374755859375 273
1755802011710 1690.2747802734375 274
1755802011767 1672.6829833984375 275
1755802011835 1418.6075439453125 276
1755802011898 1826.3543701171875 277
1755802011955 1505.150390625 278
1755802012000 1544.9569091796875 279
1755802012047 1596.621337890625 280
1755802012092 1443.9267578125 281
1755802012144 1624.3681640625 282
1755802012193 1558.7657470703125 283
1755802012241 1514.5355224609375 284
1755802012288 1564.820556640625 285
1755802012331 1585.845458984375 286
1755802012378 1618.9036865234375 287
1755802012424 1508.741455078125 288
1755802012474 1504.437255859375 289
1755802012520 1585.453369140625 290
1755802012562 1570.8201904296875 291
1755802012603 1450.9415283203125 292
1755802012739 1694.3978271484375 293
1755802012854 1381.245849609375 294
1755802012905 1426.2528076171875 295
1755802012952 1617.6302490234375 296
1755802012992 1477.579345703125 297
1755802013044 1530.25537109375 298
1755802013101 1476.8621826171875 299
1755802029280 4520.6826171875 0
1755802029333 7436.25390625 1
1755802029386 6361.8525390625 2
1755802029442 6688.59716796875 3
1755802029492 3992.9931640625 4
1755802029542 10016.818359375 5
1755802029594 4231.802734375 6
1755802029679 3405.44189453125 7
1755802029722 4844.9853515625 8
1755802029767 4502.734375 9
1755802029811 3075.053955078125 10
1755802029879 3842.291015625 11
1755802029923 3256.9140625 12
1755802029981 3485.917236328125 13
1755802030049 3540.615966796875 14
1755802030098 4507.654296875 15
1755802030149 3357.564453125 16
1755802030201 3335.547119140625 17
1755802030258 3537.39404296875 18
1755802030300 3547.34326171875 19
1755802030356 3137.404296875 20
1755802030411 3178.343017578125 21
1755802030455 2846.989013671875 22
1755802030498 2874.010009765625 23
1755802030545 2867.4228515625 24
1755802030591 2822.395751953125 25
1755802030662 2468.9296875 26
1755802030710 3099.6240234375 27
1755802030765 2920.3349609375 28
1755802030813 2889.486328125 29
1755802030858 2424.6171875 30
1755802030908 3227.381591796875 31
1755802030958 3314.573486328125 32
1755802030998 2752.589111328125 33
1755802031047 2843.502685546875 34
1755802031100 2791.409912109375 35
1755802031146 2868.7119140625 36
1755802031414 2651.78515625 37
1755802031506 3072.298095703125 38
1755802031577 2792.439208984375 39
1755802031733 2771.025146484375 40
1755802031798 2614.027099609375 41
1755802031841 3024.1943359375 42
1755802031894 2715.40087890625 43
1755802031962 2794.342041015625 44
1755802032128 2649.50732421875 45
1755802032174 2519.136962890625 46
1755802032221 2708.707275390625 47
1755802032356 2525.185546875 48
1755802032396 2736.163818359375 49
1755802032447 3887.45263671875 50
1755802032497 2911.2783203125 51
1755802032534 3366.032958984375 52
1755802032573 2959.654052734375 53
1755802032619 2691.48681640625 54
1755802032660 2858.630126953125 55
1755802032696 2834.846435546875 56
1755802032755 2932.280517578125 57
1755802032801 2217.520751953125 58
1755802032845 2497.298583984375 59
1755802032884 2390.029296875 60
1755802032919 3184.720703125 61
1755802032971 3075.09521484375 62
1755802033017 2334.406494140625 63
1755802033062 2684.0380859375 64
1755802033096 2589.398681640625 65
1755802033139 2827.496826171875 66
1755802033176 2311.609619140625 67
1755802033214 2376.316650390625 68
1755802033254 2245.282470703125 69
1755802033295 2352.364013671875 70
1755802033332 2683.637939453125 71
1755802033369 2378.86279296875 72
1755802033407 2450.19970703125 73
1755802033444 2480.063232421875 74
1755802033482 2409.662841796875 75
1755802033544 2349.662841796875 76
1755802033588 2741.04248046875 77
1755802033632 2512.679443359375 78
1755802033677 2543.191650390625 79
1755802033718 2296.81591796875 80
1755802033765 2459.27880859375 81
1755802033814 2342.737060546875 82
1755802033849 2570.5146484375 83
1755802033886 2262.73046875 84
1755802033922 2296.758056640625 85
1755802033959 2118.1923828125 86
1755802033998 2592.643310546875 87
1755802034041 2420.720458984375 88
1755802034083 2888.115478515625 89
1755802034127 2071.881103515625 90
1755802034177 2600.95263671875 91
1755802034219 2256.776611328125 92
1755802034269 2029.0616455078125 93
1755802034304 2225.645751953125 94
1755802034349 2101.914306640625 95
1755802034386 2237.841064453125 96
1755802034421 2382.424072265625 97
1755802034473 2233.884033203125 98
1755802034593 2372.97509765625 99
1755802034658 1893.20947265625 100
1755802034696 2131.0712890625 101
1755802034731 2357.500244140625 102
1755802034769 2480.1826171875 103
1755802034807 2425.577880859375 104
1755802034844 2349.20947265625 105
1755802034884 2226.07080078125 106
1755802034928 1921.4366455078125 107
1755802034965 1882.5048828125 108
1755802035002 2304.57861328125 109
1755802035045 2508.7333984375 110
1755802035082 2643.808837890625 111
1755802035131 1834.73095703125 112
1755802035183 2470.84814453125 113
1755802035229 2398.18603515625 114
1755802035294 2355.25146484375 115
1755802035341 2369.7783203125 116
1755802035396 2251.45849609375 117
1755802035450 2439.1298828125 118
1755802035503 1868.9288330078125 119
1755802035553 2390.458984375 120
1755802035597 2025.7852783203125 121
1755802035646 2370.829833984375 122
1755802035684 1942.6319580078125 123
1755802035725 2170.602783203125 124
1755802035773 2239.91162109375 125
1755802035832 1904.3427734375 126
1755802035879 1589.7197265625 127
1755802035930 1950.5673828125 128
1755802035970 2004.9766845703125 129
1755802036010 2041.087890625 130
1755802036054 1542.6644287109375 131
1755802036097 1977.5435791015625 132
1755802036142 1829.8072509765625 133
1755802036187 1909.9825439453125 134
1755802036237 2664.76025390625 135
1755802036275 2042.163818359375 136
1755802036317 2040.48779296875 137
1755802036369 1980.5592041015625 138
1755802036406 2118.379638671875 139
1755802036443 3102.96435546875 140
1755802036487 1968.359619140625 141
1755802036558 2235.543701171875 142
1755802036606 1999.5888671875 143
1755802036662 2008.2725830078125 144
1755802036708 2221.9140625 145
1755802036754 1669.4866943359375 146
1755802036804 2448.829833984375 147
1755802036853 1979.976318359375 148
1755802036898 2004.037353515625 149
1755802036950 1779.58203125 150
1755802036991 1608.312255859375 151
1755802037053 1601.441162109375 152
1755802037115 1926.2713623046875 153
1755802037161 1812.65380859375 154
1755802037205 1829.827880859375 155
1755802037251 1849.864501953125 156
1755802037300 1890.50634765625 157
1755802037344 1916.2652587890625 158
1755802037399 1933.27392578125 159
1755802037461 1899.484130859375 160
1755802037511 1814.8948974609375 161
1755802037575 1983.6473388671875 162
1755802037621 2189.5205078125 163
1755802037667 2206.367431640625 164
1755802037716 2058.826416015625 165
1755802037770 2206.713134765625 166
1755802037813 1800.5821533203125 167
1755802037870 2686.263671875 168
1755802037932 2233.467041015625 169
1755802037977 1987.465087890625 170
1755802038026 2255.388671875 171
1755802038348 2063.880859375 173
1755802038067 2249.244384765625 172
1755802038532 2063.56298828125 174
1755802038575 1686.87744140625 175
1755802038620 2552.754150390625 176
1755802038669 2133.901123046875 177
1755802038737 1803.8670654296875 178
1755802038791 1943.3707275390625 179
1755802038834 1656.9188232421875 180
1755802038891 1962.515625 181
1755802038952 1957.1114501953125 182
1755802038996 2053.8251953125 183
1755802039045 1863.8790283203125 184
1755802039084 1619.8118896484375 185
1755802039128 1771.1951904296875 186
1755802039168 1843.9381103515625 187
1755802039203 1709.883544921875 188
1755802039244 1833.06982421875 189
1755802039290 1867.8634033203125 190
1755802039338 1765.2916259765625 191
1755802039392 2099.064697265625 192
1755802039433 1607.85546875 193
1755802039476 1809.1063232421875 194
1755802039521 2006.586181640625 195
1755802039564 1739.092529296875 196
1755802039610 2179.779541015625 197
1755802039656 1926.52490234375 198
1755802039699 1653.718505859375 199
1755802039752 1812.16845703125 200
1755802039798 1626.425048828125 201
1755802039842 1666.9837646484375 202
1755802039890 1647.0623779296875 203
1755802039935 1901.94384765625 204
1755802040001 1954.8096923828125 205
1755802040051 1805.686279296875 206
1755802040100 1824.02734375 207
1755802040149 1865.9095458984375 208
1755802040193 1850.2843017578125 209
1755802040258 1673.8377685546875 210
1755802040301 1787.9586181640625 211
1755802040364 1906.510498046875 212
1755802040413 1969.4521484375 213
1755802040464 1745.6270751953125 214
1755802040516 1841.1290283203125 215
1755802040569 1676.3187255859375 216
1755802040622 1675.196044921875 217
1755802040662 1591.3291015625 218
1755802040711 1979.957763671875 219
1755802040752 2483.506591796875 220
1755802040800 1971.1859130859375 221
1755802040849 1772.7603759765625 222
1755802040901 1959.821044921875 223
1755802040984 1777.541015625 224
1755802041029 2085.307861328125 225
1755802041073 1844.80029296875 226
1755802041142 1670.84814453125 227
1755802041189 1606.585205078125 228
1755802041234 1991.1973876953125 229
1755802041315 1667.3272705078125 230
1755802041364 1517.0179443359375 231
1755802041434 1790.3914794921875 232
1755802041487 1795.8758544921875 233
1755802041543 2065.2783203125 234
1755802041595 1914.984375 235
1755802041644 1727.2598876953125 236
1755802041698 1718.9547119140625 237
1755802041765 1820.4322509765625 238
1755802041827 2261.36474609375 239
1755802041880 1818.7889404296875 240
1755802041928 1617.4930419921875 241
1755802042057 2128.6953125 242
1755802042126 1522.2938232421875 243
1755802042174 1699.076171875 244
1755802042223 1849.0728759765625 245
1755802042272 1991.8441162109375 246
1755802042316 1605.740478515625 247
1755802042413 1905.150390625 248
1755802042459 1510.5159912109375 249
1755802042502 1605.14404296875 250
1755802042555 1393.9014892578125 251
1755802042601 1973.128662109375 252
1755802042654 1655.2236328125 253
1755802042718 1641.50732421875 254
1755802042767 1577.79443359375 255
1755802042812 1853.84521484375 256
1755802042863 1666.33056640625 257
1755802042916 1513.4998779296875 258
1755802042966 1636.6182861328125 259
1755802043019 1470.0390625 260
1755802043082 1615.039794921875 261
1755802043124 1536.974365234375 262
1755802043186 1630.1448974609375 263
1755802043237 1267.2364501953125 264
1755802043284 1425.442138671875 265
1755802043334 1559.44970703125 266
1755802043382 1306.8037109375 267
1755802043430 1832.5186767578125 268
1755802043479 1560.0321044921875 269
1755802043524 1618.10107421875 270
1755802043571 1634.6253662109375 271
1755802043617 1576.1602783203125 272
1755802043668 1988.01708984375 273
1755802043716 1852.1075439453125 274
1755802043759 1530.871337890625 275
1755802043809 1669.478759765625 276
1755802043849 1825.90380859375 277
1755802043896 1582.30859375 278
1755802043940 1729.2257080078125 279
1755802043984 1619.4910888671875 280
1755802044034 2088.075927734375 281
1755802044075 2029.6510009765625 282
1755802044126 2071.86669921875 283
1755802044173 1482.20703125 284
1755802044229 1653.53662109375 285
1755802044276 1565.5279541015625 286
1755802044323 1564.147705078125 287
1755802044376 1777.2637939453125 288
1755802044428 1527.697998046875 289
1755802044478 1790.10107421875 290
1755802044528 1728.0458984375 291
1755802044583 1822.7984619140625 292
1755802044625 1503.3828125 293
1755802044670 1607.5604248046875 294
1755802044712 1506.755126953125 295
1755802044752 1647.8104248046875 296
1755802044796 1775.2171630859375 297
1755802044842 1886.65869140625 298
1755802044888 2084.890869140625 299
1755802060390 3982.22265625 0
1755802060464 8577.8642578125 1
1755802060519 5731.416015625 2
1755802060574 6501.21630859375 3
1755802060639 4617.63232421875 4
1755802060696 4261.14111328125 5
1755802060755 4574.80908203125 6
1755802060794 7953.4599609375 7
1755802060833 3916.99072265625 8
1755802060873 7703.80908203125 9
1755802060915 7614.1787109375 10
1755802060959 5085.79296875 11
1755802061005 4016.8037109375 12
1755802061051 5460.9658203125 13
1755802061099 4850.34375 14
1755802061161 5283.81494140625 15
1755802061212 6278.71630859375 16
1755802061254 6773.427734375 17
1755802061298 6097.36376953125 18
1755802061338 4206.7568359375 19
1755802061385 4578.44189453125 20
1755802061439 5071.90673828125 21
1755802061502 4312.25537109375 22
1755802061558 3276.40625 23
1755802061606 5599.6650390625 24
1755802061654 5154.1142578125 25
1755802061698 3017.810546875 26
1755802061735 3626.15625 27
1755802061777 4504.5400390625 28
1755802061816 6307.14111328125 29
1755802061854 4153.9228515625 30
1755802061892 4573.02734375 31
1755802061930 3739.29052734375 32
1755802061976 5633.072265625 33
1755802062018 3149.330322265625 34
1755802062068 4976.2109375 35
1755802062114 2925.126220703125 36
1755802062171 3135.412109375 37
1755802062235 2907.71484375 38
1755802062282 3013.12890625 39
1755802062325 3314.0205078125 40
1755802062370 3370.726806640625 41
1755802062423 4495.78662109375 42
1755802062471 3464.44140625 43
1755802062532 4052.12890625 44
1755802062596 3515.777587890625 45
1755802062763 3699.439208984375 46
1755802062869 3646.456298828125 47
1755802062918 4811.791015625 48
1755802062964 3062.988037109375 49
1755802063004 3243.9814453125 50
1755802063052 3463.33447265625 51
1755802063100 3507.1162109375 52
1755802063152 3502.496826171875 53
1755802063222 2826.52099609375 54
1755802063289 3332.416748046875 55
1755802063329 2937.9931640625 56
1755802063386 3232.659912109375 57
1755802063446 3279.9990234375 58
1755802063501 2643.18359375 59
1755802063556 3204.887939453125 60
1755802063593 4029.294189453125 61
1755802063632 3096.598876953125 62
1755802063678 2722.24365234375 63
1755802063735 3266.612060546875 64
1755802063781 2856.02099609375 65
1755802063823 2760.4599609375 66
1755802063881 3294.362060546875 67
1755802063925 2582.89111328125 68
1755802063964 3072.56591796875 69
1755802064104 3048.159423828125 70
1755802064164 2689.71435546875 71
1755802064221 2432.46533203125 72
1755802064268 2710.710205078125 73
1755802064315 2679.22900390625 74
1755802064367 2791.45703125 75
1755802064406 2523.146728515625 76
1755802064445 2313.293212890625 77
1755802064482 2641.22412109375 78
1755802064533 2558.44873046875 79
1755802064585 2609.514892578125 80
1755802064635 2843.087646484375 81
1755802064680 2473.813232421875 82
1755802064756 2553.388427734375 83
1755802064801 2761.79052734375 84
1755802064852 2607.03955078125 85
1755802065054 2295.4169921875 86
1755802065217 2621.51171875 87
1755802065396 2655.15185546875 88
1755802065471 2655.396240234375 89
1755802065517 2497.626708984375 90
1755802065562 2480.813232421875 91
1755802065611 2529.773193359375 92
1755802065654 2537.951904296875 93
1755802065695 3044.663818359375 94
1755802065741 2829.56640625 95
1755802065784 2381.552490234375 96
1755802065830 2518.045166015625 97
1755802065873 2528.565185546875 98
1755802065923 2613.35986328125 99
1755802065969 2996.54638671875 100
1755802066012 2425.136962890625 101
1755802066057 2379.87744140625 102
1755802066112 2837.90283203125 103
1755802066159 2741.704833984375 104
1755802066213 2928.807373046875 105
1755802066261 2458.376708984375 106
1755802066308 2288.955810546875 107
1755802066356 2350.0068359375 108
1755802066409 2377.99169921875 109
1755802066451 2796.3642578125 110
1755802066492 2273.8388671875 111
1755802066540 2368.615966796875 112
1755802066582 2562.334716796875 113
1755802066634 3005.88671875 114
1755802066708 2570.25 115
1755802066750 2874.668701171875 116
1755802066795 2411.78955078125 117
1755802066837 2433.5654296875 118
1755802066878 2785.858642578125 119
1755802066915 2506.73779296875 120
1755802066956 2633.73046875 121
1755802066997 2285.840576171875 122
1755802067037 2481.33984375 123
1755802067074 2516.908203125 124
1755802067115 2352.420166015625 125
1755802067163 2508.18359375 126
1755802067207 2345.35888671875 127
1755802067268 2287.069091796875 128
1755802067310 2282.56298828125 129
1755802067346 2618.170654296875 130
1755802067482 2583.44775390625 131
1755802067546 2460.10986328125 132
1755802067590 2393.361083984375 133
1755802067632 2371.1171875 134
1755802067670 2587.18994140625 135
1755802067719 2321.84375 136
1755802067756 2458.664306640625 137
1755802067792 2700.8046875 138
1755802067829 2696.3427734375 139
1755802067874 2418.72607421875 140
1755802067912 2361.26513671875 141
1755802067955 2143.043701171875 142
1755802068002 2318.556396484375 143
1755802068048 2334.748779296875 144
1755802068087 2172.86767578125 145
1755802068128 2407.5341796875 146
1755802068167 2288.75537109375 147
1755802068214 2453.181884765625 148
1755802068259 2277.873046875 149
1755802068308 2503.09716796875 150
1755802068354 2387.629638671875 151
1755802068405 2401.56884765625 152
1755802068454 2433.54248046875 153
1755802068504 2254.5166015625 154
1755802068555 2805.60009765625 155
1755802068600 2345.47802734375 156
1755802068643 2299.805419921875 157
1755802068685 2384.3603515625 158
1755802068727 2272.340576171875 159
1755802068765 2288.17626953125 160
1755802068805 2550.740966796875 161
1755802068847 2326.731689453125 162
1755802068891 2369.618896484375 163
1755802068936 2235.36865234375 164
1755802068980 2292.79736328125 165
1755802069024 2326.35498046875 166
1755802069079 2400.34765625 167
1755802069135 2281.0966796875 168
1755802069187 1987.904296875 169
1755802069241 1907.3563232421875 170
1755802069299 2159.929443359375 171
1755802069366 2094.719482421875 172
1755802069412 2257.724853515625 173
1755802069471 2393.51025390625 174
1755802069517 1911.989013671875 175
1755802069565 2077.800048828125 176
1755802069614 2206.19580078125 177
1755802069652 2470.6767578125 178
1755802069703 2301.40673828125 179
1755802069765 2118.737060546875 180
1755802069821 1998.7275390625 181
1755802069872 2212.052001953125 182
1755802069923 2436.47021484375 183
1755802069968 2170.437744140625 184
1755802070018 2003.1943359375 185
1755802070078 2061.197998046875 186
1755802070131 2132.45166015625 187
1755802070174 2486.08203125 188
1755802070220 2621.79931640625 189
1755802070272 2660.83544921875 190
1755802070319 2319.98486328125 191
1755802070373 1989.781494140625 192
1755802070418 2197.092041015625 193
1755802070455 2849.0380859375 194
1755802070505 2369.572509765625 195
1755802070545 2444.82177734375 196
1755802070590 2496.103759765625 197
1755802070639 2270.9013671875 198
1755802070688 2234.473876953125 199
1755802070733 2062.33984375 200
1755802070777 2075.994873046875 201
1755802070824 2067.068603515625 202
1755802070870 2250.097412109375 203
1755802070915 2317.81640625 204
1755802071043 2166.571044921875 205
1755802071128 2042.801025390625 206
1755802071172 2317.341064453125 207
1755802071218 2195.62744140625 208
1755802071261 2212.4111328125 209
1755802071304 1886.835693359375 210
1755802071343 2085.184814453125 211
1755802071394 2045.5052490234375 212
1755802071448 2419.507568359375 213
1755802071516 2233.697509765625 214
1755802071561 2001.50244140625 215
1755802071620 1933.010009765625 216
1755802071666 2157.3427734375 217
1755802071717 1882.8853759765625 218
1755802071765 2364.454833984375 219
1755802071813 2273.560791015625 220
1755802071864 1900.8902587890625 221
1755802071909 1928.9853515625 222
1755802071960 2000.7818603515625 223
1755802072007 2115.37109375 224
1755802072048 2174.934814453125 225
1755802072088 2172.0234375 226
1755802072129 2445.777099609375 227
1755802072174 1812.32568359375 228
1755802072214 2039.371337890625 229
1755802072259 1740.0030517578125 230
1755802072309 1844.8499755859375 231
1755802072352 2011.1409912109375 232
1755802072402 2067.416748046875 233
1755802072446 2273.735107421875 234
1755802072508 1729.2965087890625 235
1755802072590 2134.836181640625 236
1755802072640 1859.991943359375 237
1755802072694 2143.033447265625 238
1755802072745 1940.202880859375 239
1755802072798 1847.6759033203125 240
1755802072848 2144.51904296875 241
1755802072903 2171.068603515625 242
1755802072952 1935.9697265625 243
1755802073010 2026.0791015625 244
1755802073067 1727.73876953125 245
1755802073116 1913.8778076171875 246
1755802073162 1605.954345703125 247
1755802073214 1609.42041015625 248
1755802073260 1921.4940185546875 249
1755802073305 1746.4619140625 250
1755802073366 2174.106689453125 251
1755802073415 2031.123046875 252
1755802073464 2090.4755859375 253
1755802073505 2041.5194091796875 254
1755802073549 2016.8385009765625 255
1755802073596 2106.5126953125 256
1755802073647 1962.52587890625 257
1755802073690 2036.4130859375 258
1755802073744 1559.694091796875 259
1755802073788 2311.2275390625 260
1755802073830 1683.3465576171875 261
1755802073884 2082.5048828125 262
1755802073928 1959.3099365234375 263
1755802073981 1878.7608642578125 264
1755802074042 1849.0472412109375 265
1755802074101 1793.7860107421875 266
1755802074233 1878.7039794921875 267
1755802074294 1838.8018798828125 268
1755802074339 1785.628173828125 269
1755802074389 1872.8846435546875 270
1755802074437 1761.8853759765625 271
1755802074483 1788.012451171875 272
1755802074538 1697.880859375 273
1755802074601 1816.7374267578125 274
1755802074651 1881.0877685546875 275
1755802074700 1924.6790771484375 276
1755802074745 1996.1416015625 277
1755802074790 1615.6826171875 278
1755802074974 1757.0396728515625 279
1755802075043 1998.8721923828125 280
1755802075098 1472.9818115234375 281
1755802075155 1749.3155517578125 282
1755802075207 2070.50390625 283
1755802075253 2064.29248046875 284
1755802075299 2059.031494140625 285
1755802075338 1671.800048828125 286
1755802075381 1907.906005859375 287
1755802075416 1983.4024658203125 288
1755802075457 1516.753662109375 289
1755802075510 2162.03564453125 290
1755802075559 1612.0787353515625 291
1755802075624 1584.086669921875 292
1755802075680 1876.6336669921875 293
1755802075719 1682.331298828125 294
1755802075756 1850.32568359375 295
1755802075794 2511.423583984375 296
1755802075832 2149.958740234375 297
1755802075874 1954.3477783203125 298
1755802075912 3081.15625 299
1755802090219 212549616.0 0
1755802090320 122514208.0 1
1755802090423 314610560.0 2
1755802090538 856261952.0 3
1755802090635 190643008.0 4
1755802090719 214923088.0 5
1755802090805 937399296.0 6
1755802090887 153538560.0 7
1755802090981 265089696.0 8
1755802091070 537955968.0 9
1755802091163 121054768.0 10
1755802091256 481943648.0 11
1755802091359 446288736.0 12
1755802091460 494953408.0 13
1755802091548 873535168.0 14
1755802091638 1020289792.0 15
1755802091733 187684240.0 16
1755802091826 262581952.0 17
1755802091909 342882400.0 18
1755802092001 265486336.0 19
1755802092088 830503232.0 20
1755802092172 223761664.0 21
1755802092262 103874304.0 22
1755802092348 99339248.0 23
1755802092438 169701360.0 24
1755802092535 282858336.0 25
1755802092677 161903904.0 26
1755802092783 105821520.0 27
1755802092873 57495604.0 28
1755802092959 240186352.0 29
1755802093036 53394040.0 30
1755802093132 46124064.0 31
1755802093224 73828536.0 32
1755802093317 59655116.0 33
1755802093408 90115120.0 34
1755802093505 156418256.0 35
1755802093611 30482478.0 36
1755802093714 214366784.0 37
1755802093801 82411856.0 38
1755802093882 48297104.0 39
1755802093970 81987800.0 40
1755802094054 86516240.0 41
1755802094147 144557648.0 42
1755802094230 84813768.0 43
1755802094318 217502496.0 44
1755802094401 33467356.0 45
1755802094498 29047360.0 46
1755802094593 26887340.0 47
1755802094689 20977058.0 48
1755802094781 34080664.0 49
1755802094873 53371944.0 50
1755802094963 18777326.0 51
1755802095063 9755184.0 52
1755802095199 42661916.0 53
1755802095293 85003400.0 54
1755802095381 45813176.0 55
1755802095473 23724314.0 56
1755802095560 24269774.0 57
1755802095652 18986892.0 58
1755802095735 29231384.0 59
1755802095825 30743060.0 60
1755802095924 37638580.0 61
1755802096006 76377200.0 62
1755802096097 18754546.0 63
1755802096179 25562380.0 64
1755802096266 17777354.0 65
1755802096355 20491332.0 66
1755802096449 19595352.0 67
1755802096546 24274762.0 68
1755802096630 8840134.0 69
1755802096719 15677536.0 70
1755802096799 8257601.5 71
1755802096889 11156276.0 72
1755802096973 14601519.0 73
1755802097059 9708719.0 74
1755802097145 7994918.0 75
1755802097233 13591416.0 76
1755802097327 17786062.0 77
1755802097427 21112246.0 78
1755802097524 19009534.0 79
1755802097657 12116294.0 80
1755802097763 4311927.0 81
1755802097855 12420945.0 82
1755802097946 27390986.0 83
1755802098040 15784628.0 84
1755802098130 13461646.0 85
1755802098225 49178816.0 86
1755802098311 8276361.0 87
1755802098402 35924940.0 88
1755802098492 17888772.0 89
1755802098588 10943471.0 90
1755802098671 11241244.0 91
1755802098760 18931298.0 92
1755802098857 4361350.0 93
1755802098954 17391372.0 94
1755802099046 28362154.0 95
1755802099135 11933360.0 96
1755802099226 7927606.0 97
1755802099312 19687156.0 98
1755802099402 26652462.0 99
1755802099487 14021220.0 100
1755802099570 9412052.0 101
1755802099667 5928270.0 102
1755802099746 17027348.0 103
1755802099824 9673136.0 104
1755802099955 10206838.0 105
1755802100037 7285141.5 106
1755802100129 24366026.0 107
1755802100221 6902362.0 108
1755802100310 3175196.5 109
1755802100400 6169136.5 110
1755802100491 13255532.0 111
1755802100579 20941928.0 112
1755802100666 7443269.0 113
1755802100760 11898804.0 114
1755802100842 4190164.75 115
1755802100933 8556305.0 116
1755802101029 13849628.0 117
1755802101120 3214208.5 118
1755802101209 6402768.5 119
1755802101301 4397493.0 120
1755802101394 9167929.0 121
1755802101486 6145568.5 122
1755802101574 12582642.0 123
1755802101661 6532012.0 124
1755802101751 8587196.0 125
1755802101826 5707104.0 126
1755802101918 10259355.0 127
1755802102022 4008036.5 128
1755802102121 9214011.0 129
1755802102213 7660050.5 130
1755802102300 3282901.0 131
1755802102387 8636187.0 132
1755802102477 27385920.0 133
1755802102620 7086233.0 134
1755802102711 5080554.5 135
1755802102795 3560350.75 136
1755802102888 3484927.75 137
1755802102973 7080170.5 138
1755802103064 8594387.0 139
1755802103143 4612289.0 140
1755802103221 4859644.0 141
1755802103303 6633377.0 142
1755802103386 12202671.0 143
1755802103474 5759079.5 144
1755802103563 3163865.0 145
1755802103661 4435736.0 146
1755802103747 4246096.5 147
1755802103845 5231999.0 148
1755802103955 8620097.0 149
1755802104036 1805099.0 150
1755802104120 2985209.25 151
1755802104217 6938045.5 152
1755802104314 15106415.0 153
1755802104405 13611216.0 154
1755802104497 8226955.5 155
1755802104589 2233986.75 156
1755802104677 13278783.0 157
1755802104756 3887194.25 158
1755802104831 7611304.5 159
1755802104917 18078794.0 160
1755802105023 3192301.5 161
1755802105140 4858790.0 162
1755802105230 10187509.0 163
1755802105320 6387612.5 164
1755802105412 8610800.0 165
1755802105505 13065422.0 166
1755802105598 7656466.5 167
1755802105695 2918516.0 168
1755802105763 3280521.5 169
1755802105833 4814938.5 170
1755802105908 3486419.5 171
1755802105992 7189139.0 172
1755802106087 8373248.0 173
1755802106174 2787594.5 174
1755802106274 3133180.25 175
1755802106372 3139980.25 176
1755802106452 1988772.75 177
1755802106550 4509913.0 178
1755802106636 4149936.25 179
1755802106740 6573490.0 180
1755802106826 3914657.75 181
1755802106915 6775775.0 182
1755802107004 6635128.5 183
1755802107091 1722705.5 184
1755802107189 2011553.875 185
1755802107280 38756052.0 186
1755802107371 1884058.125 187
1755802107455 4486919.0 188
1755802107533 21592922.0 189
1755802107638 4278209.0 190
1755802107757 4802627.5 191
1755802107843 15497472.0 192
1755802107927 12241845.0 193
1755802108006 7452102.5 194
1755802108075 3384440.0 195
1755802108168 2676727.75 196
1755802108256 9597448.0 197
1755802108342 6513469.0 198
1755802108414 7788221.5 199
1755802108509 15001766.0 200
1755802108605 4473256.0 201
1755802108700 3093784.5 202
1755802108786 10191863.0 203
1755802108871 5573626.5 204
1755802108962 14796818.0 205
1755802109057 2725502.5 206
1755802109153 8044427.0 207
1755802109243 8555532.0 208
1755802109336 4168555.25 209
1755802109438 3384291.0 210
1755802109535 5527969.0 211
1755802109667 5488395.5 212
1755802109771 4863011.5 213
1755802109862 3584497.75 214
1755802109954 6035149.0 215
1755802110044 6631479.5 216
1755802110138 2600617.25 217
1755802110238 9861098.0 218
1755802110323 14939724.0 219
1755802110426 2010139.875 220
1755802110531 4380913.5 221
1755802110627 1668833.5 222
1755802110720 3277361.75 223
1755802110805 1603796.25 224
1755802110895 4444077.0 225
1755802110984 4028030.25 226
1755802111076 6709172.5 227
1755802111159 2681099.25 228
1755802111251 6853115.5 229
1755802111344 6339806.5 230
1755802111437 5882809.0 231
1755802111529 1608343.375 232
1755802111631 2055176.25 233
1755802111737 1153874.125 234
1755802111850 2345547.0 235
1755802111942 2995200.75 236
1755802112034 3243029.75 237
1755802112124 1926780.625 238
1755802112203 816971.9375 239
1755802112299 2698320.5 240
1755802112387 1918277.375 241
1755802112475 1826691.75 242
1755802112562 2617007.0 243
1755802112653 3902853.75 244
1755802112740 2986448.25 245
1755802112828 6755566.0 246
1755802112919 6092437.0 247
1755802113008 2117168.25 248
1755802113094 2295766.75 249
1755802113196 2196150.0 250
1755802113291 2542923.5 251
1755802113387 1255574.125 252
1755802113488 5758910.5 253
1755802113592 2343053.0 254
1755802113686 4566271.0 255
1755802113777 1526555.375 256
1755802113866 2899860.25 257
1755802113972 11854001.0 258
1755802114067 1519062.75 259
1755802114153 1223695.75 260
1755802114242 4554293.0 261
1755802114367 1981106.875 262
1755802114449 1606484.625 263
1755802114539 5231196.5 264
1755802114623 1743781.875 265
1755802114715 2706697.25 266
1755802114798 5206219.0 267
1755802114875 5039242.0 268
1755802114966 3586374.75 269
1755802115058 1720164.25 270
1755802115149 1000510.625 271
1755802115238 1406654.75 272
1755802115328 4292475.5 273
1755802115430 2368052.0 274
1755802115521 969242.9375 275
1755802115604 2909997.75 276
1755802115702 1776464.0 277
1755802115785 1193503.75 278
1755802115869 1733167.375 279
1755802115951 1316163.625 280
1755802116037 1353810.625 281
1755802116129 720668.6875 282
1755802116221 2922202.75 283
1755802116308 2880897.75 284
1755802116397 4200892.5 285
1755802116489 1128029.875 286
1755802116573 2436912.25 287
1755802116658 2551313.25 288
1755802116772 2623739.5 289
1755802116873 3587474.25 290
1755802116958 1628487.625 291
1755802117041 3696185.75 292
1755802117123 2636120.75 293
1755802117213 1199504.875 294
1755802117298 1563640.125 295
1755802117394 1122321.125 296
1755802117487 1754466.125 297
1755802117573 737797.25 298
1755802117668 6348542.0 299
1755802132973 846652.125 0
1755802133064 15556769.0 1
1755802133168 2184118.5 2
1755802133264 6409020.5 3
1755802133360 74362248.0 4
1755802133460 34336288.0 5
1755802133563 33164098.0 6
1755802133668 9643972.0 7
1755802133759 6790037.0 8
1755802133846 2057570.0 9
1755802133937 26821776.0 10
1755802134024 11790745.0 11
1755802134124 11502405.0 12
1755802134207 14582912.0 13
1755802134299 21772784.0 14
1755802134398 12790945.0 15
1755802134491 19887230.0 16
1755802134584 52337528.0 17
1755802134675 49623796.0 18
1755802134762 1964963.75 19
1755802134843 8316502.0 20
1755802134942 9027362.0 21
1755802135072 10821937.0 22
1755802135188 86156016.0 23
1755802135293 3182971.0 24
1755802135401 15107819.0 25
1755802135523 23765592.0 26
1755802135634 14275589.0 27
1755802135750 13804654.0 28
1755802135854 13191131.0 29
1755802135958 1992660.25 30
1755802136051 15982692.0 31
1755802136145 8812497.0 32
1755802136232 5124105.0 33
1755802136325 3136553.0 34
1755802136397 1608794.25 35
1755802136491 6362954.0 36
1755802136588 2612789.75 37
1755802136686 1353164.125 38
1755802136783 1979066.5 39
1755802136866 3630068.5 40
1755802136967 4489537.5 41
1755802137057 1133986.125 42
1755802137184 1939620.125 43
1755802137279 1845612.25 44
1755802137370 1252040.75 45
1755802137448 8384864.0 46
1755802137529 4012530.0 47
1755802137621 1481130.25 48
1755802137717 12420419.0 49
1755802137805 1896509.125 50
1755802137898 1462615.875 51
1755802137996 2009264.25 52
1755802138092 1414031.0 53
1755802138183 974866.0625 54
1755802138258 692907.1875 55
1755802138347 1217889.875 56
1755802138430 1126872.875 57
1755802138522 1091306.75 58
1755802138625 1451575.125 59
1755802138732 1943516.25 60
1755802138827 5389414.0 61
1755802138920 806973.625 62
1755802139005 8511143.0 63
1755802139086 2185199.5 64
1755802139181 1704054.75 65
1755802139261 542604.25 66
1755802139355 1411362.875 67
1755802139466 2084676.125 68
1755802139563 302040.46875 69
1755802139710 1481118.75 70
1755802139809 720094.9375 71
1755802139899 2265442.75 72
1755802139996 313952.6875 73
1755802140088 870566.5625 74
1755802140182 677245.375 75
1755802140278 728805.0 76
1755802140368 1954237.5 77
1755802140462 6022578.5 78
1755802140530 2625965.75 79
1755802140623 2837212.0 80
1755802140718 957398.6875 81
1755802140809 1505796.875 82
1755802140893 232246.25 83
1755802140980 3136785.75 84
1755802141069 1113977.0 85
1755802141166 1686656.75 86
1755802141259 661574.0625 87
1755802141346 512859.6875 88
1755802141455 1941274.0 89
1755802141534 721959.875 90
1755802141663 1330538.5 91
1755802141751 417186.625 92
1755802141834 974362.25 93
1755802141914 1067820.0 94
1755802142006 1188399.625 95
1755802142090 205492.671875 96
1755802142178 216324.46875 97
1755802142276 245467.96875 98
1755802142376 542632.6875 99
1755802142453 326257.65625 100
1755802142543 1368647.625 101
1755802142626 627465.0 102
1755802142709 381960.96875 103
1755802142803 383935.5 104
1755802142915 1255807.75 105
1755802143022 4644935.0 106
1755802143124 1185343.125 107
1755802143215 1505669.375 108
1755802143303 281794.21875 109
1755802143375 900933.125 110
1755802143444 3161845.0 111
1755802143536 641403.4375 112
1755802143634 651172.875 113
1755802143720 1713049.5 114
1755802143804 1366982.5 115
1755802143906 280917.5 116
1755802144008 1605027.75 117
1755802144115 509647.0625 118
1755802144225 984732.4375 119
1755802144321 3387199.5 120
1755802144404 2581732.0 121
1755802144493 5697530.5 122
1755802144576 639655.1875 123
1755802144673 885700.4375 124
1755802144753 535466.1875 125
1755802144835 868710.0625 126
1755802144924 6923724.5 127
1755802145013 926805.25 128
1755802145084 778053.0 129
1755802145173 732474.5625 130
1755802145261 705745.0 131
1755802145341 3375441.25 132
1755802145434 3274436.5 133
1755802145530 740461.875 134
1755802145623 259816.890625 135
1755802145707 1421469.125 136
1755802145798 403650.46875 137
1755802145877 1206191.5 138
1755802145967 1406353.375 139
1755802146056 904817.75 140
1755802146142 1393874.5 141
1755802146218 720018.375 142
1755802146333 1273105.75 143
1755802146440 500855.125 144
1755802146513 535361.4375 145
1755802146606 859448.0 146
1755802146680 765959.0625 147
1755802146762 445984.5 148
1755802146843 516301.84375 149
1755802146934 210191.328125 150
1755802147014 758834.4375 151
1755802147112 181951.046875 152
1755802147201 281656.40625 153
1755802147281 1159700.25 154
1755802147378 189576.453125 155
1755802147475 170492.609375 156
1755802147573 133271.53125 157
1755802147665 376765.0625 158
1755802147758 582533.875 159
1755802147849 107154.25 160
1755802147940 133348.46875 161
1755802148033 268525.96875 162
1755802148116 784845.625 163
1755802148201 144553.0 164
1755802148297 275978.625 165
1755802148376 82019.796875 166
1755802148474 205269.84375 167
1755802148565 438340.65625 168
1755802148655 503837.125 169
1755802148747 265713.5625 170
1755802148844 113017.8046875 171
1755802148961 498385.9375 172
1755802149042 726915.5625 173
1755802149129 148718.25 174
1755802149212 114133.1953125 175
1755802149296 262256.0625 176
1755802149381 166956.46875 177
1755802149472 1123086.375 178
1755802149555 269819.0625 179
1755802149641 637255.9375 180
1755802149723 417931.1875 181
1755802149799 481933.0625 182
1755802149886 225122.765625 183
1755802149965 975353.3125 184
1755802150040 344063.0 185
1755802150134 242138.71875 186
1755802150226 151420.34375 187
1755802150310 66524.6875 188
1755802150401 300199.1875 189
1755802150489 743508.75 190
1755802150573 390612.3125 191
1755802150659 833829.875 192
1755802150752 205429.921875 193
1755802150879 68922.8515625 194
1755802150978 145257.609375 195
1755802151062 105893.5546875 196
1755802151161 458810.8125 197
1755802151261 374780.34375 198
1755802151357 331529.3125 199
1755802151452 181394.75 200
1755802151543 285772.25 201
1755802151644 116304.484375 202
1755802151735 230519.15625 203
1755802151812 349795.34375 204
1755802151888 350970.46875 205
1755802151995 434847.5 206
1755802152094 112872.71875 207
1755802152187 90371.234375 208
1755802152280 166404.703125 209
1755802152382 165889.09375 210
1755802152477 67333.625 211
1755802152568 120171.234375 212
1755802152654 141103.40625 213
1755802152759 97472.640625 214
1755802152853 110696.6015625 215
1755802152949 104655.3046875 216
1755802153048 35215.1328125 217
1755802153172 1062606.125 218
1755802153268 1125258.375 219
1755802153355 214747.609375 220
1755802153445 237731.203125 221
1755802153532 304915.53125 222
1755802153630 287883.90625 223
1755802153719 216300.6875 224
1755802153807 99692.578125 225
1755802153895 120508.859375 226
1755802153987 365713.625 227
1755802154071 92640.3359375 228
1755802154152 188718.390625 229
1755802154250 114697.3046875 230
1755802154340 163727.34375 231
1755802154418 1047509.5625 232
1755802154514 123658.28125 233
1755802154607 340359.125 234
1755802154722 224235.359375 235
1755802154820 258628.25 236
1755802154960 826161.0 237
1755802155048 212409.65625 238
1755802155142 51804.03125 239
1755802155225 100669.59375 240
1755802155302 68100.140625 241
1755802155380 644074.0625 242
1755802155459 974107.0625 243
1755802155536 543265.875 244
1755802155613 78701.2421875 245
1755802155688 52437.5 246
1755802155769 81512.484375 247
1755802155848 376822.75 248
1755802155919 76932.46875 249
1755802155992 249286.46875 250
1755802156061 331199.28125 251
1755802156136 135876.203125 252
1755802156202 70379.8359375 253
1755802156268 205680.15625 254
1755802156334 310985.84375 255
1755802156401 98147.375 256
1755802156471 93386.6875 257
1755802156538 234058.234375 258
1755802156600 201536.40625 259
1755802156672 483875.78125 260
1755802156739 689867.4375 261
1755802156806 147693.4375 262
1755802156882 91876.2734375 263
1755802156953 98760.546875 264
1755802157021 140253.90625 265
1755802157104 102781.578125 266
1755802157178 76982.09375 267
1755802157252 112089.3046875 268
1755802157323 332498.3125 269
1755802157395 155344.0625 270
1755802157463 40032.33984375 271
1755802157531 90484.7421875 272
1755802157596 162990.90625 273
1755802157667 1363897.875 274
1755802157733 125101.203125 275
1755802157810 219548.4375 276
1755802157902 704544.8125 277
1755802158030 171761.0 278
1755802158130 244537.046875 279
1755802158223 74677.4765625 280
1755802158316 301714.625 281
1755802158423 240211.890625 282
1755802158520 111758.0546875 283
1755802158595 24406.77734375 284
1755802158692 357530.875 285
1755802158792 201111.90625 286
1755802158881 119281.765625 287
1755802158977 77932.984375 288
1755802159071 125792.2421875 289
1755802159156 20954.2578125 290
1755802159261 76362.2421875 291
1755802159372 64235.75 292
1755802159491 109332.921875 293
1755802159623 123922.78125 294
1755802159707 473562.5 295
1755802159797 97509.390625 296
1755802159895 123495.640625 297
1755802159993 66863.0390625 298
1755802160083 66104.734375 299
