1756651368985 89.79936218261719 0
1756651369826 62.73897171020508 1
1756651370642 71.94400787353516 2
1756651371459 56.91629409790039 3
1756651372276 57.223663330078125 4
1756651373098 58.78668212890625 5
1756651373916 66.16470336914062 6
1756651374735 52.300533294677734 7
1756651375548 55.47260665893555 8
1756651376363 55.17311096191406 9
1756651377182 60.386817932128906 10
1756651377993 53.7889404296875 11
1756651378813 60.964752197265625 12
1756651379624 54.83364486694336 13
1756651380452 52.96455383300781 14
1756651381280 52.686336517333984 15
1756651382133 56.137943267822266 16
1756651382973 51.17877960205078 17
1756651383806 58.64283752441406 18
1756651384626 62.90994644165039 19
1756651385463 54.69609832763672 20
1756651386287 53.01319122314453 21
1756651387137 53.29902648925781 22
1756651387956 51.12606430053711 23
1756651388775 57.795440673828125 24
1756651389599 50.917911529541016 25
1756651390454 50.798099517822266 26
1756651391300 59.081573486328125 27
1756651392127 58.951332092285156 28
1756651392973 57.46116638183594 29
1756651393803 53.665714263916016 30
1756651394653 58.566871643066406 31
1756651395519 48.039554595947266 32
1756651396383 61.404117584228516 33
1756651397221 56.04899597167969 34
1756651398218 53.680702209472656 35
1756651399078 55.87557601928711 36
1756651399918 55.703147888183594 37
1756651400759 55.22768020629883 38
1756651401604 59.443172454833984 39
1756651402440 51.20505905151367 40
1756651403278 54.49689865112305 41
1756651404112 57.9599494934082 42
1756651404969 56.2252197265625 43
1756651405808 56.141300201416016 44
1756651406646 53.639068603515625 45
1756651407496 54.11839294433594 46
1756651408350 50.65455627441406 47
1756651409193 50.908843994140625 48
1756651410043 56.097434997558594 49
1756651410910 56.12870407104492 50
1756651411742 59.393863677978516 51
1756651412583 52.16788864135742 52
1756651413431 56.96614074707031 53
1756651414265 55.14045333862305 54
1756651415103 56.29982376098633 55
1756651415941 51.277225494384766 56
1756651416786 49.071964263916016 57
1756651417627 59.783164978027344 58
1756651418471 55.61079025268555 59
1756651419325 53.709983825683594 60
1756651420168 55.12499237060547 61
1756651421023 55.56655502319336 62
1756651422023 52.76249694824219 63
1756651422887 56.70549392700195 64
1756651423745 52.37382125854492 65
1756651424589 62.59527587890625 66
1756651425442 53.48930740356445 67
1756651426286 54.69633865356445 68
1756651427137 53.22891616821289 69
1756651427985 44.61014938354492 70
1756651428846 59.678977966308594 71
1756651429690 50.13338851928711 72
1756651430537 53.53397750854492 73
1756651431381 61.359127044677734 74
1756651432224 43.83423614501953 75
1756651433071 54.98667526245117 76
1756651433919 53.116920471191406 77
1756651434790 53.079769134521484 78
1756651435667 50.88533401489258 79
1756651436511 50.8370361328125 80
1756651437367 55.886985778808594 81
1756651438218 53.79869842529297 82
1756651439072 52.5499267578125 83
1756651439932 59.8199348449707 84
1756651440825 53.50817108154297 85
1756651441683 58.835269927978516 86
1756651442560 60.02116775512695 87
1756651443422 61.66107177734375 88
1756651444313 55.03111267089844 89
1756651445160 51.7670783996582 90
1756651446002 48.219669342041016 91
1756651446852 59.19801330566406 92
1756651447709 57.68678283691406 93
1756651448557 53.21427536010742 94
1756651449406 52.01169967651367 95
1756651450261 52.286170959472656 96
1756651451099 60.407657623291016 97
1756651451968 48.900108337402344 98
1756651452829 50.15628433227539 99
1756651453677 60.12320327758789 100
1756651454562 57.769691467285156 101
1756651455449 62.870704650878906 102
1756651456305 56.06776428222656 103
1756651457142 57.23146438598633 104
1756651458018 51.3692626953125 105
1756651458886 56.98484420776367 106
1756651459738 49.5362434387207 107
1756651460592 51.75016784667969 108
1756651461439 54.57217788696289 109
1756651462288 53.11628341674805 110
1756651463139 61.26163101196289 111
1756651464008 57.36161422729492 112
1756651464861 58.67780685424805 113
1756651465724 52.29479217529297 114
1756651466600 49.93163299560547 115
1756651467475 48.8216667175293 116
1756651468371 58.21017837524414 117
1756651469292 57.44211196899414 118
1756651470141 60.03727722167969 119
1756651470982 57.5791015625 120
1756651471839 57.648704528808594 121
1756651472689 52.24593734741211 122
1756651473542 60.22237777709961 123
1756651474392 60.623836517333984 124
1756651475257 55.20842742919922 125
1756651476135 45.53538131713867 126
1756651477015 50.34416198730469 127
1756651477883 55.7501220703125 128
1756651478741 57.877906799316406 129
1756651479602 58.11893844604492 130
1756651480452 61.141788482666016 131
1756651481347 53.75153350830078 132
1756651482231 58.04965591430664 133
1756651483135 54.48041915893555 134
1756651483992 57.47770690917969 135
1756651484846 52.01770782470703 136
1756651485741 53.09395980834961 137
1756651486607 57.26514434814453 138
1756651487451 48.251285552978516 139
1756651488299 55.10135269165039 140
1756651489201 55.66563415527344 141
1756651490097 50.44242477416992 142
1756651490957 53.79023742675781 143
1756651491814 58.2168083190918 144
1756651492663 52.67890930175781 145
1756651493521 52.10679626464844 146
1756651494371 59.45933151245117 147
1756651495228 56.098670959472656 148
1756651496102 53.30373001098633 149
1756651496956 53.381290435791016 150
1756651497801 53.89033889770508 151
1756651498662 53.57394790649414 152
1756651499552 41.190914154052734 153
1756651500417 53.62553024291992 154
1756651501284 48.93544006347656 155
1756651502162 54.025978088378906 156
1756651503017 62.38385009765625 157
1756651503869 53.561302185058594 158
1756651504718 49.44731140136719 159
1756651505575 54.46511459350586 160
1756651506427 51.42351150512695 161
1756651507289 54.52370834350586 162
1756651508180 48.56660461425781 163
1756651509054 58.80142593383789 164
1756651509936 57.981483459472656 165
1756651510805 56.082828521728516 166
1756651511694 50.52726364135742 167
1756651512566 56.59578323364258 168
1756651513426 50.10462188720703 169
1756651514299 51.94607925415039 170
1756651515148 61.339134216308594 171
1756651515996 53.81438446044922 172
1756651516846 54.64542770385742 173
1756651517737 61.03483581542969 174
1756651518649 54.0376091003418 175
1756651519644 54.172332763671875 176
1756651520503 58.85668182373047 177
1756651521359 56.27403259277344 178
1756651522211 63.559879302978516 179
1756651523081 52.61286163330078 180
1756651523937 53.074607849121094 181
1756651524788 57.83462142944336 182
1756651525653 59.85786056518555 183
1756651526515 58.49002456665039 184
1756651527378 57.888710021972656 185
1756651528242 51.92609786987305 186
1756651529103 59.98202133178711 187
1756651529955 57.67652893066406 188
1756651530817 60.432716369628906 189
1756651531707 51.633270263671875 190
1756651532596 55.144981384277344 191
1756651533484 48.02971267700195 192
1756651534364 55.82292175292969 193
1756651535219 59.84925079345703 194
1756651536092 58.169246673583984 195
1756651536959 59.835758209228516 196
1756651537851 56.35109329223633 197
1756651538720 51.51628494262695 198
1756651539620 53.92236328125 199
1756651540479 58.59608459472656 200
1756651541387 45.20157241821289 201
1756651542262 60.06939697265625 202
1756651543159 56.517635345458984 203
1756651544028 55.61148452758789 204
1756651544903 52.36606216430664 205
1756651545790 55.88882827758789 206
1756651546650 55.294654846191406 207
1756651547498 54.22907638549805 208
1756651548356 50.8964958190918 209
1756651549221 50.81621551513672 210
1756651550091 50.807334899902344 211
1756651550953 56.67447280883789 212
1756651551873 60.02861785888672 213
1756651552765 54.49477005004883 214
1756651553625 55.2005729675293 215
1756651554524 56.30650329589844 216
1756651555409 53.50767135620117 217
1756651556270 60.08148193359375 218
1756651557151 53.55991744995117 219
1756651558042 52.78886413574219 220
1756651558935 52.29213333129883 221
1756651559814 50.26683044433594 222
1756651560679 57.16130447387695 223
1756651561541 54.15391540527344 224
1756651562416 54.497886657714844 225
1756651563299 51.2786865234375 226
1756651564164 61.84721755981445 227
1756651565066 60.31139373779297 228
1756651565973 54.732383728027344 229
1756651566844 60.08829879760742 230
1756651567694 56.045352935791016 231
1756651568554 56.4082145690918 232
1756651569418 51.96207046508789 233
1756651570282 51.82060241699219 234
1756651571137 52.900150299072266 235
1756651572012 57.54047775268555 236
1756651572871 52.611724853515625 237
1756651573735 46.86503982543945 238
1756651574590 54.92975616455078 239
1756651575458 47.83995819091797 240
1756651576307 55.462154388427734 241
1756651577156 52.80991744995117 242
1756651578015 55.112213134765625 243
1756651578893 51.345638275146484 244
1756651579747 51.504974365234375 245
1756651580598 52.876365661621094 246
1756651581454 55.45981216430664 247
1756651582325 57.86634063720703 248
1756651583186 53.0284309387207 249
1756651584047 50.657691955566406 250
1756651584926 59.550025939941406 251
1756651585820 54.450374603271484 252
1756651586725 51.30469512939453 253
1756651587598 53.25925827026367 254
1756651588457 52.48530960083008 255
1756651589340 49.605045318603516 256
1756651590192 51.68950271606445 257
1756651591056 51.056419372558594 258
1756651591923 51.250465393066406 259
1756651592778 56.16971206665039 260
1756651593630 58.09126663208008 261
1756651594487 51.936500549316406 262
1756651595348 54.62771987915039 263
1756651596215 55.664642333984375 264
1756651597074 55.5560417175293 265
1756651597967 51.42454528808594 266
1756651598875 61.3145751953125 267
1756651599776 57.131649017333984 268
1756651600658 43.25450897216797 269
1756651601519 53.59577178955078 270
1756651602385 54.808780670166016 271
1756651603249 56.61760711669922 272
1756651604148 55.82128143310547 273
1756651605054 64.06853485107422 274
1756651605943 60.30069351196289 275
1756651606848 55.35525894165039 276
1756651607730 54.6915283203125 277
1756651608587 68.31099700927734 278
1756651609441 58.78116989135742 279
1756651610297 63.990814208984375 280
1756651611154 48.658416748046875 281
1756651612004 46.97337341308594 282
1756651612869 61.880760192871094 283
1756651613733 47.61207580566406 284
1756651614597 59.709171295166016 285
1756651615455 53.49755096435547 286
1756651616334 52.02350616455078 287
1756651617190 54.76885223388672 288
1756651618046 52.44219207763672 289
1756651618901 56.120338439941406 290
1756651619752 49.841514587402344 291
1756651620611 55.43716049194336 292
1756651621469 53.1772346496582 293
1756651622322 53.77538299560547 294
1756651623193 58.0413932800293 295
1756651624072 51.96805191040039 296
1756651624973 51.31554412841797 297
1756651625878 47.19172286987305 298
1756651626745 53.796207427978516 299
1756651639094 99.73478698730469 0
1756651639964 97.63453674316406 1
1756651640821 94.38740539550781 2
1756651641690 89.62884521484375 3
1756651642556 83.62020111083984 4
1756651643411 79.1078109741211 5
1756651644270 66.98993682861328 6
1756651645131 66.74488830566406 7
1756651645992 65.29986572265625 8
1756651646853 69.9542465209961 9
1756651647740 71.0145034790039 10
1756651648668 64.22701263427734 11
1756651649591 61.01527786254883 12
1756651650480 64.04320526123047 13
1756651651348 58.120338439941406 14
1756651652228 63.93810272216797 15
1756651653432 59.47100067138672 16
1756651654367 61.37633514404297 17
1756651655230 65.72230529785156 18
1756651656093 57.33928680419922 19
1756651656955 57.02959442138672 20
1756651657816 62.6450309753418 21
1756651658681 58.644981384277344 22
1756651659552 63.07636642456055 23
1756651660442 57.91590118408203 24
1756651661365 61.269142150878906 25
1756651662238 60.49938201904297 26
1756651663120 56.5001335144043 27
1756651663995 56.37420654296875 28
1756651664902 65.9725341796875 29
1756651665797 55.8007698059082 30
1756651666662 50.7445068359375 31
1756651667533 63.19639205932617 32
1756651668404 69.50010681152344 33
1756651669296 64.79199981689453 34
1756651670184 56.120361328125 35
1756651671059 54.14796829223633 36
1756651671953 58.76789474487305 37
1756651672827 61.70793914794922 38
1756651673715 60.41606903076172 39
1756651674587 56.29570770263672 40
1756651675452 55.1827278137207 41
1756651676326 61.072509765625 42
1756651677226 49.5520133972168 43
1756651678157 45.61726760864258 44
1756651679069 58.9784049987793 45
1756651679964 49.2918701171875 46
1756651680853 56.936317443847656 47
1756651681728 63.25615310668945 48
1756651682624 55.0463752746582 49
1756651683514 60.01238250732422 50
1756651684409 51.99824905395508 51
1756651685295 57.012123107910156 52
1756651686169 66.159423828125 53
1756651687041 64.495361328125 54
1756651687905 57.117713928222656 55
1756651688774 56.908775329589844 56
1756651689651 48.89113235473633 57
1756651690526 50.434730529785156 58
1756651691397 57.1337890625 59
1756651692276 52.586204528808594 60
1756651693165 60.44826126098633 61
1756651694045 58.12165451049805 62
1756651694924 64.043212890625 63
1756651695811 48.23011016845703 64
1756651696683 61.03874969482422 65
1756651697556 51.862464904785156 66
1756651698431 50.50730514526367 67
1756651699350 62.19902801513672 68
1756651700280 55.04130172729492 69
1756651701202 62.2537956237793 70
1756651702115 53.688453674316406 71
1756651702998 61.2464485168457 72
1756651703864 55.525978088378906 73
1756651704733 55.796424865722656 74
1756651705603 57.08406448364258 75
1756651706503 55.47442626953125 76
1756651707399 59.964637756347656 77
1756651708291 60.61824417114258 78
1756651709173 54.6666259765625 79
1756651710040 61.4163818359375 80
1756651710922 54.41959762573242 81
1756651711794 62.016822814941406 82
1756651712660 49.83152389526367 83
1756651713531 61.4105110168457 84
1756651714404 58.94071578979492 85
1756651715283 61.011512756347656 86
1756651716173 56.18286895751953 87
1756651717045 55.3075065612793 88
1756651717931 60.065452575683594 89
1756651718809 52.607276916503906 90
1756651719694 68.51492309570312 91
1756651720573 56.87565231323242 92
1756651721454 55.70454788208008 93
1756651722327 65.16358947753906 94
1756651723219 56.49137496948242 95
1756651724118 54.69475555419922 96
1756651725000 51.93232345581055 97
1756651725874 56.4251708984375 98
1756651726764 51.123435974121094 99
1756651727638 58.68077850341797 100
1756651728518 67.53665924072266 101
1756651729435 55.2078742980957 102
1756651730315 62.56376266479492 103
1756651731184 55.2557373046875 104
1756651732059 56.49256134033203 105
1756651732946 51.88288116455078 106
1756651733870 54.82481002807617 107
1756651734756 59.116493225097656 108
1756651735641 62.8974494934082 109
1756651736541 60.57417678833008 110
1756651737447 57.56166458129883 111
1756651738329 54.23686981201172 112
1756651739203 59.20079803466797 113
1756651740073 55.250770568847656 114
1756651740950 62.483680725097656 115
1756651741832 54.4080810546875 116
1756651742703 48.1616096496582 117
1756651743583 57.892799377441406 118
1756651744462 50.24552536010742 119
1756651745333 48.51548767089844 120
1756651746210 56.67429733276367 121
1756651747086 59.547218322753906 122
1756651747964 62.43605422973633 123
1756651748849 52.2597770690918 124
1756651749731 49.432769775390625 125
1756651750600 61.32659912109375 126
1756651751490 63.14067459106445 127
1756651752415 62.938507080078125 128
1756651753287 57.08549118041992 129
1756651754204 53.01188278198242 130
1756651755102 58.676544189453125 131
1756651755975 59.22141647338867 132
1756651756863 60.80413818359375 133
1756651757742 56.86793899536133 134
1756651758639 58.179771423339844 135
1756651759519 62.55512237548828 136
1756651760394 47.493961334228516 137
1756651761270 55.21087646484375 138
1756651762146 62.060791015625 139
1756651763020 61.71380615234375 140
1756651763890 64.14364624023438 141
1756651764767 52.1915397644043 142
1756651765660 59.00072479248047 143
1756651766556 49.869930267333984 144
1756651767435 58.94221115112305 145
1756651768322 65.22087097167969 146
1756651769227 59.142059326171875 147
1756651770125 54.34039306640625 148
1756651770997 49.8786506652832 149
1756651771878 61.341270446777344 150
1756651772770 58.63124465942383 151
1756651773680 53.78644943237305 152
1756651774566 52.878082275390625 153
1756651775505 52.02741622924805 154
1756651776414 52.765708923339844 155
1756651777299 62.62520217895508 156
1756651778476 50.916954040527344 157
1756651779371 57.1458625793457 158
1756651780286 53.89198684692383 159
1756651781166 51.38447189331055 160
1756651782092 58.6871337890625 161
1756651782971 55.18010711669922 162
1756651783901 51.71669387817383 163
1756651784820 53.0661506652832 164
1756651785711 53.592079162597656 165
1756651786605 44.473487854003906 166
1756651787489 60.0911865234375 167
1756651788370 49.50856018066406 168
1756651789260 64.57660675048828 169
1756651790160 48.7996826171875 170
1756651791039 62.5883674621582 171
1756651791928 52.9002571105957 172
1756651792823 50.74003982543945 173
1756651793701 47.393402099609375 174
1756651794579 46.56349182128906 175
1756651795460 46.418235778808594 176
1756651796351 57.13123321533203 177
1756651797262 59.4294319152832 178
1756651798162 53.565086364746094 179
1756651799045 58.84186935424805 180
1756651799926 49.77606201171875 181
1756651800800 61.18791580200195 182
1756651801675 55.55195236206055 183
1756651802567 57.94145584106445 184
1756651803441 54.04730224609375 185
1756651804331 54.373016357421875 186
1756651805226 53.77101516723633 187
1756651806137 49.57640075683594 188
1756651807011 55.020408630371094 189
1756651807886 55.69868087768555 190
1756651808769 61.198883056640625 191
1756651809644 53.903472900390625 192
1756651810516 62.41645431518555 193
1756651811400 57.62238693237305 194
1756651812312 60.07282638549805 195
1756651813240 51.58027267456055 196
1756651814129 53.17168045043945 197
1756651815010 48.024009704589844 198
1756651815891 57.32658004760742 199
1756651816772 63.76148223876953 200
1756651817652 56.259368896484375 201
1756651818526 55.661651611328125 202
1756651819415 57.83917236328125 203
1756651820301 48.67711639404297 204
1756651821168 60.2598991394043 205
1756651822047 51.94865036010742 206
1756651822944 51.18048858642578 207
1756651823830 59.420997619628906 208
1756651824719 60.480506896972656 209
1756651825637 55.4813117980957 210
1756651826560 59.47918701171875 211
1756651827468 60.98773193359375 212
1756651828343 51.552833557128906 213
1756651829233 57.585662841796875 214
1756651830108 54.49399948120117 215
1756651830990 58.07234573364258 216
1756651831872 44.57610321044922 217
1756651832758 63.64098358154297 218
1756651833639 56.73124313354492 219
1756651834524 51.22578048706055 220
1756651835401 52.48015213012695 221
1756651836294 51.16746139526367 222
1756651837182 58.260986328125 223
1756651838058 49.85309982299805 224
1756651838967 47.951072692871094 225
1756651839891 54.97697067260742 226
1756651840811 51.67871856689453 227
1756651841735 55.498321533203125 228
1756651842624 57.938331604003906 229
1756651843530 55.1333122253418 230
1756651844421 52.77910232543945 231
1756651845322 52.77044677734375 232
1756651846194 62.65935516357422 233
1756651847074 50.02284240722656 234
1756651847954 53.495094299316406 235
1756651848838 51.704551696777344 236
1756651849727 57.395172119140625 237
1756651850632 61.422584533691406 238
1756651851549 59.627174377441406 239
1756651852428 58.37459182739258 240
1756651853312 51.5225944519043 241
1756651854199 50.567222595214844 242
1756651855071 57.98493194580078 243
1756651855955 57.99169158935547 244
1756651856843 52.6748046875 245
1756651857772 60.28527069091797 246
1756651858715 55.53948211669922 247
1756651859611 50.42085647583008 248
1756651860533 70.32735443115234 249
1756651861437 66.06459045410156 250
1756651862336 58.780906677246094 251
1756651863265 51.672325134277344 252
1756651864148 51.94600296020508 253
1756651865041 65.2765121459961 254
1756651865915 53.23079299926758 255
1756651866790 53.80290985107422 256
1756651867676 55.8361930847168 257
1756651868563 65.56086730957031 258
1756651869461 49.78559494018555 259
1756651870343 59.14055633544922 260
1756651871246 54.22827911376953 261
1756651872125 48.594886779785156 262
1756651873005 58.530784606933594 263
1756651873885 54.00102996826172 264
1756651874758 61.6304931640625 265
1756651875639 53.96476364135742 266
1756651876519 65.10169982910156 267
1756651877411 54.021568298339844 268
1756651878321 58.33076095581055 269
1756651879247 54.63875198364258 270
1756651880172 58.34442138671875 271
1756651881055 57.974571228027344 272
1756651881942 47.963905334472656 273
1756651882836 60.30133819580078 274
1756651883725 48.978694915771484 275
1756651884630 49.20491027832031 276
1756651885530 50.44171905517578 277
1756651886414 53.67396926879883 278
1756651887308 56.81013107299805 279
1756651888203 54.658897399902344 280
1756651889094 57.158409118652344 281
1756651889970 49.79130935668945 282
1756651890861 55.351661682128906 283
1756651891736 54.667579650878906 284
1756651892614 66.34123229980469 285
1756651893490 61.37886428833008 286
1756651894371 53.05023193359375 287
1756651895244 67.3081283569336 288
1756651896167 55.88386154174805 289
1756651897082 59.224891662597656 290
1756651898014 53.85821533203125 291
1756651898944 53.779136657714844 292
1756651899829 56.26404571533203 293
1756651900722 57.474876403808594 294
1756651901661 53.37176513671875 295
1756651902543 55.754188537597656 296
1756651903481 58.69171905517578 297
1756651904695 63.43416213989258 298
1756651905567 53.877716064453125 299
1756651919906 83.88092041015625 0
1756651920803 61.87249755859375 1
1756651921713 59.58909606933594 2
1756651922613 55.71751403808594 3
1756651923526 56.62765884399414 4
1756651924433 59.31910705566406 5
1756651925361 52.4654541015625 6
1756651926279 51.944915771484375 7
1756651927198 54.20186233520508 8
1756651928121 44.650047302246094 9
1756651929024 48.82126235961914 10
1756651929945 52.549285888671875 11
1756651930860 55.77872848510742 12
1756651931774 48.292205810546875 13
1756651932699 48.400390625 14
1756651933613 49.60866928100586 15
1756651934549 49.06201934814453 16
1756651935499 44.205352783203125 17
1756651936418 51.075660705566406 18
1756651937329 42.11588668823242 19
1756651938247 45.65882873535156 20
1756651939159 47.48706817626953 21
1756651940069 45.37621307373047 22
1756651940999 48.07169723510742 23
1756651941934 50.26799392700195 24
1756651942848 50.64601516723633 25
1756651943784 49.843257904052734 26
1756651944738 47.97480773925781 27
1756651945710 44.46355056762695 28
1756651946688 47.771297454833984 29
1756651947606 43.911441802978516 30
1756651948537 46.438777923583984 31
1756651949462 47.038387298583984 32
1756651950379 49.3511962890625 33
1756651951322 42.480403900146484 34
1756651952248 54.760223388671875 35
1756651953176 44.48558044433594 36
1756651954100 49.001033782958984 37
1756651955043 47.69551467895508 38
1756651955956 46.60511779785156 39
1756651956883 42.2743034362793 40
1756651957802 54.9783935546875 41
1756651958724 48.625614166259766 42
1756651959653 39.76473617553711 43
1756651960585 54.312408447265625 44
1756651961553 50.77748489379883 45
1756651962495 48.084495544433594 46
1756651963415 48.92092514038086 47
1756651964351 44.503849029541016 48
1756651965278 45.19113540649414 49
1756651966195 48.80904006958008 50
1756651967115 52.84944152832031 51
1756651968041 50.84147644042969 52
1756651968969 51.226043701171875 53
1756651969892 49.38214111328125 54
1756651970816 47.58942794799805 55
1756651971765 42.795204162597656 56
1756651972688 49.3393669128418 57
1756651973602 45.510154724121094 58
1756651974516 51.5479736328125 59
1756651975435 47.415706634521484 60
1756651976365 44.505271911621094 61
1756651977295 42.7951545715332 62
1756651978251 45.60926055908203 63
1756651979208 52.40177536010742 64
1756651980136 51.166015625 65
1756651981065 45.972354888916016 66
1756651981994 46.122257232666016 67
1756651982941 42.42863845825195 68
1756651983882 49.52315139770508 69
1756651984858 46.1211051940918 70
1756651985795 41.137813568115234 71
1756651986739 45.93520736694336 72
1756651987689 43.71867370605469 73
1756651988662 45.114864349365234 74
1756651989612 40.7198486328125 75
1756651990560 45.979732513427734 76
1756651991530 49.736289978027344 77
1756651992454 52.90346145629883 78
1756651993422 47.88330078125 79
1756651994350 42.79935836791992 80
1756651995326 45.90152359008789 81
1756651996277 47.043182373046875 82
1756651997244 48.73135757446289 83
1756651998175 38.45890808105469 84
1756651999119 54.42332077026367 85
1756652000041 46.67610549926758 86
1756652000962 47.745872497558594 87
1756652001878 43.59068298339844 88
1756652002814 51.75733947753906 89
1756652003735 45.20013427734375 90
1756652004669 43.01211929321289 91
1756652005598 52.39859390258789 92
1756652006515 50.179779052734375 93
1756652007443 47.06541442871094 94
1756652008396 48.780723571777344 95
1756652009320 50.44700622558594 96
1756652010254 51.3661994934082 97
1756652011193 48.472599029541016 98
1756652012153 44.39779281616211 99
1756652013074 44.17879867553711 100
1756652014011 52.139190673828125 101
1756652014936 48.921607971191406 102
1756652015861 45.02592086791992 103
1756652016779 45.984256744384766 104
1756652017701 52.470184326171875 105
1756652018622 43.88949966430664 106
1756652019548 50.85113525390625 107
1756652020517 50.68128967285156 108
1756652021516 44.62377166748047 109
1756652022446 45.23086929321289 110
1756652023377 45.38716506958008 111
1756652024329 49.250213623046875 112
1756652025263 42.028629302978516 113
1756652026200 52.58916473388672 114
1756652027129 47.72050476074219 115
1756652028062 43.205322265625 116
1756652028997 55.53730773925781 117
1756652029917 48.87438201904297 118
1756652030849 41.47471618652344 119
1756652031781 49.30814743041992 120
1756652032701 46.3126335144043 121
1756652033644 43.717403411865234 122
1756652034564 38.214874267578125 123
1756652035486 45.91880416870117 124
1756652036423 47.55179977416992 125
1756652037341 42.61887741088867 126
1756652038278 38.5970344543457 127
1756652039256 45.135929107666016 128
1756652040211 41.957618713378906 129
1756652041135 49.56996154785156 130
1756652042069 45.42707061767578 131
1756652043046 44.76053237915039 132
1756652044011 46.500579833984375 133
1756652044968 52.419551849365234 134
1756652045909 44.580657958984375 135
1756652046855 43.871437072753906 136
1756652047781 49.912776947021484 137
1756652048866 41.652652740478516 138
1756652049882 48.68134689331055 139
1756652050796 42.62854766845703 140
1756652051715 45.880741119384766 141
1756652052632 49.82429885864258 142
1756652053549 52.8975715637207 143
1756652054471 52.61096954345703 144
1756652055384 44.804630279541016 145
1756652056310 44.17066192626953 146
1756652057229 52.48124313354492 147
1756652058160 46.55929946899414 148
1756652059075 47.616825103759766 149
1756652059997 47.85498046875 150
1756652060964 47.542606353759766 151
1756652061919 51.147483825683594 152
1756652062831 40.92780303955078 153
1756652063753 48.7955322265625 154
1756652064679 43.082889556884766 155
1756652065595 47.476314544677734 156
1756652066519 43.79545974731445 157
1756652067438 46.16283416748047 158
1756652068374 46.907691955566406 159
1756652069305 42.73103713989258 160
1756652070246 41.818607330322266 161
1756652071163 52.9720458984375 162
1756652072119 50.1959114074707 163
1756652073086 56.169315338134766 164
1756652074008 43.65779113769531 165
1756652074975 50.20832443237305 166
1756652075908 46.83076095581055 167
1756652076830 52.22551727294922 168
1756652077791 44.53824996948242 169
1756652078736 47.30482482910156 170
1756652079656 48.917789459228516 171
1756652080579 51.87274932861328 172
1756652081542 43.877830505371094 173
1756652082500 36.56159591674805 174
1756652083436 44.715904235839844 175
1756652084361 53.95718002319336 176
1756652085288 46.90300750732422 177
1756652086225 45.12839889526367 178
1756652087144 41.53872299194336 179
1756652088064 41.10122299194336 180
1756652088977 48.89622497558594 181
1756652089895 40.29291534423828 182
1756652090840 45.67598342895508 183
1756652091787 51.440589904785156 184
1756652092713 50.50861740112305 185
1756652093627 56.931060791015625 186
1756652094541 52.94852066040039 187
1756652095462 47.75016784667969 188
1756652096384 38.839054107666016 189
1756652097299 35.41423416137695 190
1756652098228 45.2203369140625 191
1756652099144 56.96529006958008 192
1756652100080 48.52183532714844 193
1756652101042 48.442604064941406 194
1756652101997 51.28150177001953 195
1756652102931 47.645965576171875 196
1756652103850 44.30344009399414 197
1756652104764 40.40503692626953 198
1756652105682 49.56703186035156 199
1756652106598 40.23827362060547 200
1756652107514 51.10344314575195 201
1756652108442 41.295509338378906 202
1756652109376 45.85074234008789 203
1756652110316 42.66758728027344 204
1756652111266 45.78032302856445 205
1756652112189 40.80120086669922 206
1756652113119 40.776763916015625 207
1756652114031 44.03089904785156 208
1756652114938 49.95337677001953 209
1756652115866 48.23208999633789 210
1756652116778 46.39918518066406 211
1756652117697 52.529075622558594 212
1756652118619 45.45429611206055 213
1756652119538 53.695682525634766 214
1756652120456 38.633731842041016 215
1756652121371 54.10786056518555 216
1756652122285 53.66690444946289 217
1756652123202 48.97460174560547 218
1756652124125 43.17816162109375 219
1756652125087 47.272186279296875 220
1756652126009 39.32682800292969 221
1756652126934 46.94350814819336 222
1756652127895 41.956356048583984 223
1756652128816 50.296714782714844 224
1756652129730 44.2880859375 225
1756652130648 46.94211196899414 226
1756652131573 44.437782287597656 227
1756652132517 44.97090530395508 228
1756652133452 49.26322555541992 229
1756652134383 46.64153289794922 230
1756652135310 47.727516174316406 231
1756652136232 53.34703826904297 232
1756652137165 45.34046936035156 233
1756652138091 45.86595916748047 234
1756652138998 49.27098846435547 235
1756652139957 54.71162414550781 236
1756652140897 41.30706024169922 237
1756652141858 51.1373176574707 238
1756652142792 38.991600036621094 239
1756652143725 49.72026443481445 240
1756652144659 46.17399597167969 241
1756652145603 44.19719696044922 242
1756652146525 46.588623046875 243
1756652147450 41.72325134277344 244
1756652148413 37.32823181152344 245
1756652149352 53.14011764526367 246
1756652150300 39.17826843261719 247
1756652151211 42.99216842651367 248
1756652152136 52.21242141723633 249
1756652153056 54.76567459106445 250
1756652153973 49.00260925292969 251
1756652154889 40.62085723876953 252
1756652155812 47.912776947021484 253
1756652156734 43.77348709106445 254
1756652157660 37.65544128417969 255
1756652158597 45.633853912353516 256
1756652159535 47.637638092041016 257
1756652160493 42.57012939453125 258
1756652161425 43.80674743652344 259
1756652162370 49.58580017089844 260
1756652163343 54.696659088134766 261
1756652164284 46.49489974975586 262
1756652165233 46.416236877441406 263
1756652166148 43.64993667602539 264
1756652167056 49.7697868347168 265
1756652167977 44.04370880126953 266
1756652168900 41.11962127685547 267
1756652169824 44.72507095336914 268
1756652170744 42.66758728027344 269
1756652171669 49.979610443115234 270
1756652172602 45.59077835083008 271
1756652173537 49.89081954956055 272
1756652174466 41.805091857910156 273
1756652175398 45.790340423583984 274
1756652176345 45.87793731689453 275
1756652177265 51.63650131225586 276
1756652178216 45.4736442565918 277
1756652179146 50.075340270996094 278
1756652180401 39.73628234863281 279
1756652181329 50.103294372558594 280
1756652182261 55.78866195678711 281
1756652183183 43.17896270751953 282
1756652184134 55.29122543334961 283
1756652185064 46.277462005615234 284
1756652186004 48.1948127746582 285
1756652186954 42.74481964111328 286
1756652187889 41.70494842529297 287
1756652188823 42.68656539916992 288
1756652189797 39.576725006103516 289
1756652190748 46.84751510620117 290
1756652191675 48.40203857421875 291
1756652192622 52.19898223876953 292
1756652193547 42.346946716308594 293
1756652194471 49.3895378112793 294
1756652195427 45.862632751464844 295
1756652196392 43.82258224487305 296
1756652197351 50.25872039794922 297
1756652198326 44.719791412353516 298
1756652199293 47.11689376831055 299
1756652210692 82.5364761352539 0
1756652211619 54.998016357421875 1
1756652212553 55.518836975097656 2
1756652213488 63.140281677246094 3
1756652214422 55.55658721923828 4
1756652215375 54.462669372558594 5
1756652216310 54.26215744018555 6
1756652217233 53.2587776184082 7
1756652218162 54.26731491088867 8
1756652219085 58.527557373046875 9
1756652220028 49.73554611206055 10
1756652220967 53.79597854614258 11
1756652221896 47.39249801635742 12
1756652222828 46.83557891845703 13
1756652223765 42.87682342529297 14
1756652224694 52.80147171020508 15
1756652225636 52.52836227416992 16
1756652226572 42.87615203857422 17
1756652227508 50.91832733154297 18
1756652228441 50.27362823486328 19
1756652229377 47.087303161621094 20
1756652230314 49.63679504394531 21
1756652231241 44.3303337097168 22
1756652232174 52.465721130371094 23
1756652233134 53.26725387573242 24
1756652234127 51.08406448364258 25
1756652235111 47.822715759277344 26
1756652236070 49.944854736328125 27
1756652237019 56.20426559448242 28
1756652237986 44.70092010498047 29
1756652238946 47.716407775878906 30
1756652239877 49.62876510620117 31
1756652240835 43.84815216064453 32
1756652241776 48.10186004638672 33
1756652242747 36.956703186035156 34
1756652243685 50.21533203125 35
1756652244617 48.46744155883789 36
1756652245546 43.73142623901367 37
1756652246479 50.908721923828125 38
1756652247429 44.45732498168945 39
1756652248390 45.55093765258789 40
1756652249329 52.220062255859375 41
1756652250302 48.443214416503906 42
1756652251258 45.58983612060547 43
1756652252198 47.79115676879883 44
1756652253163 46.60028076171875 45
1756652254156 51.838623046875 46
1756652255128 47.001258850097656 47
1756652256112 41.36866760253906 48
1756652257106 44.959495544433594 49
1756652258037 52.33662796020508 50
1756652259005 47.65625 51
1756652259958 47.630104064941406 52
1756652260942 40.5103759765625 53
1756652261965 41.10956954956055 54
1756652262910 42.21584701538086 55
1756652263840 44.96013259887695 56
1756652264766 47.949012756347656 57
1756652265700 46.011009216308594 58
1756652266635 48.39461135864258 59
1756652267576 50.30384063720703 60
1756652268541 54.237274169921875 61
1756652269489 48.48269271850586 62
1756652270426 55.115028381347656 63
1756652271360 43.245479583740234 64
1756652272298 44.577354431152344 65
1756652273238 47.687679290771484 66
1756652274181 49.81854248046875 67
1756652275115 54.54224395751953 68
1756652276057 41.25470733642578 69
1756652276988 47.041900634765625 70
1756652277924 46.69280242919922 71
1756652278881 45.3264274597168 72
1756652279837 48.58348083496094 73
1756652280783 47.62004089355469 74
1756652281730 49.23101043701172 75
1756652282672 45.022178649902344 76
1756652283601 47.26032638549805 77
1756652284556 41.9148063659668 78
1756652285502 37.69595718383789 79
1756652286486 40.207847595214844 80
1756652287431 48.5654411315918 81
1756652288366 52.67902374267578 82
1756652289308 47.87071990966797 83
1756652290256 40.120216369628906 84
1756652291233 45.50621795654297 85
1756652292203 48.534610748291016 86
1756652293150 42.49800491333008 87
1756652294103 43.25013732910156 88
1756652295045 51.72644805908203 89
1756652295990 48.221797943115234 90
1756652296941 41.68584442138672 91
1756652297934 44.27741622924805 92
1756652298925 52.19550704956055 93
1756652299878 49.39264678955078 94
1756652300824 48.30738067626953 95
1756652301771 34.6685905456543 96
1756652302713 44.39057540893555 97
1756652303651 50.6266975402832 98
1756652304608 37.15067672729492 99
1756652305553 45.083866119384766 100
1756652306502 44.87314224243164 101
1756652307445 44.6392936706543 102
1756652308410 45.4326286315918 103
1756652309403 46.38361740112305 104
1756652310372 47.64448547363281 105
1756652311302 47.90161895751953 106
1756652312260 45.72968673706055 107
1756652313201 43.59246063232422 108
1756652314160 51.0369987487793 109
1756652315102 48.09128952026367 110
1756652316043 48.25305938720703 111
1756652316975 44.47587203979492 112
1756652317919 43.37845993041992 113
1756652318873 42.54595184326172 114
1756652319831 47.8804817199707 115
1756652320827 40.673667907714844 116
1756652321773 45.80510711669922 117
1756652322707 37.94671630859375 118
1756652323789 44.23909378051758 119
1756652324744 50.84183883666992 120
1756652325679 56.92722702026367 121
1756652326614 42.39251708984375 122
1756652327546 51.729583740234375 123
1756652328481 52.805816650390625 124
1756652329410 54.28548049926758 125
1756652330342 40.679443359375 126
1756652331284 43.66803741455078 127
1756652332220 48.44681167602539 128
1756652333157 40.767215728759766 129
1756652334113 44.03814697265625 130
1756652335053 42.940040588378906 131
1756652335995 43.583946228027344 132
1756652336923 49.093772888183594 133
1756652337875 44.271156311035156 134
1756652338811 49.25335693359375 135
1756652339742 45.00954055786133 136
1756652340727 43.8673095703125 137
1756652341651 44.11613082885742 138
1756652342582 45.755470275878906 139
1756652343523 45.78411102294922 140
1756652344458 42.00217056274414 141
1756652345395 44.25677490234375 142
1756652346332 54.96982955932617 143
1756652347265 44.02776336669922 144
1756652348201 45.785648345947266 145
1756652349151 49.413299560546875 146
1756652350087 43.51642608642578 147
1756652351039 40.00132369995117 148
1756652351983 44.1845817565918 149
1756652352924 43.80626678466797 150
1756652353875 39.44633102416992 151
1756652354855 43.1031379699707 152
1756652355807 46.20005416870117 153
1756652356804 39.956912994384766 154
1756652357725 45.062774658203125 155
1756652358663 42.01455307006836 156
1756652359604 38.81559371948242 157
1756652360540 42.744102478027344 158
1756652361490 46.08521270751953 159
1756652362436 43.108253479003906 160
1756652363401 44.476261138916016 161
1756652364381 48.482627868652344 162
1756652365337 45.853294372558594 163
1756652366294 49.815521240234375 164
1756652367262 46.58525848388672 165
1756652368242 43.82749938964844 166
1756652369239 42.1439208984375 167
1756652370177 41.47883987426758 168
1756652371118 44.71731948852539 169
1756652372083 46.648712158203125 170
1756652373025 56.4136962890625 171
1756652374015 48.428497314453125 172
1756652374977 42.751949310302734 173
1756652375937 46.78652572631836 174
1756652376873 48.47526931762695 175
1756652377797 42.13380813598633 176
1756652378739 39.27644729614258 177
1756652379694 39.69982147216797 178
1756652380633 40.212501525878906 179
1756652381616 35.84877014160156 180
1756652382550 40.8432502746582 181
1756652383484 57.048011779785156 182
1756652384417 43.23908615112305 183
1756652385345 51.785888671875 184
1756652386274 44.839683532714844 185
1756652387222 38.056251525878906 186
1756652388159 48.194190979003906 187
1756652389103 43.544044494628906 188
1756652390038 39.85478591918945 189
1756652390976 42.142147064208984 190
1756652391903 46.113563537597656 191
1756652392849 53.679222106933594 192
1756652393785 44.640926361083984 193
1756652394732 38.07041549682617 194
1756652395667 53.073326110839844 195
1756652396605 48.34490203857422 196
1756652397565 47.303199768066406 197
1756652398528 45.124114990234375 198
1756652399475 45.03935241699219 199
1756652400407 49.62408447265625 200
1756652401335 43.22165298461914 201
1756652402274 45.28622055053711 202
1756652403216 48.70709991455078 203
1756652404169 39.790653228759766 204
1756652405127 51.704681396484375 205
1756652406073 51.96335983276367 206
1756652407010 39.517608642578125 207
1756652407963 40.88725280761719 208
1756652408891 42.60650634765625 209
1756652409836 47.312477111816406 210
1756652410792 39.93321990966797 211
1756652411729 41.3185920715332 212
1756652412661 50.88532257080078 213
1756652413591 42.2353630065918 214
1756652414524 40.24889373779297 215
1756652415468 42.70882034301758 216
1756652416396 41.31753921508789 217
1756652417343 44.53173828125 218
1756652418282 36.24038314819336 219
1756652419226 50.42236328125 220
1756652420147 40.35055160522461 221
1756652421075 46.38025665283203 222
1756652422038 53.19038009643555 223
1756652422998 44.16993713378906 224
1756652423956 48.782745361328125 225
1756652424890 52.569374084472656 226
1756652425833 41.791866302490234 227
1756652426796 40.519920349121094 228
1756652427751 46.427223205566406 229
1756652428704 45.19402313232422 230
1756652429648 40.790382385253906 231
1756652430577 40.559608459472656 232
1756652431517 42.88677978515625 233
1756652432452 42.5385627746582 234
1756652433391 44.68225860595703 235
1756652434333 45.443565368652344 236
1756652435275 37.367462158203125 237
1756652436250 38.157291412353516 238
1756652437193 46.261070251464844 239
1756652438131 45.014617919921875 240
1756652439060 41.7392578125 241
1756652440021 44.761329650878906 242
1756652440970 40.734222412109375 243
1756652441904 44.969058990478516 244
1756652442841 47.46605682373047 245
1756652443778 50.3676872253418 246
1756652444702 43.33247756958008 247
1756652445664 50.69939422607422 248
1756652446604 43.600242614746094 249
1756652447536 48.25239562988281 250
1756652448472 40.22523498535156 251
1756652449414 41.99079132080078 252
1756652450372 44.670249938964844 253
1756652451314 42.00128173828125 254
1756652452252 51.350486755371094 255
1756652453251 40.47760772705078 256
1756652454192 51.74212646484375 257
1756652455125 47.903053283691406 258
1756652456067 48.550193786621094 259
1756652457238 44.40009307861328 260
1756652458210 45.56586456298828 261
1756652459159 47.58433151245117 262
1756652460128 44.318702697753906 263
1756652461107 43.05396270751953 264
1756652462055 45.803672790527344 265
1756652462986 35.67552185058594 266
1756652463919 43.6987419128418 267
1756652464864 44.887874603271484 268
1756652465805 44.70597839355469 269
1756652466751 43.190494537353516 270
1756652467698 50.58407211303711 271
1756652468639 45.548912048339844 272
1756652469584 51.33061599731445 273
1756652470531 45.25453567504883 274
1756652471481 45.70430374145508 275
1756652472425 39.42979049682617 276
1756652473386 40.99193572998047 277
1756652474329 50.83552551269531 278
1756652475290 48.00160598754883 279
1756652476252 43.20708084106445 280
1756652477231 41.316307067871094 281
1756652478221 53.02211380004883 282
1756652479192 43.319236755371094 283
1756652480171 47.622867584228516 284
1756652481108 57.09220504760742 285
1756652482038 45.86411666870117 286
1756652482977 43.72124099731445 287
1756652483917 47.070640563964844 288
1756652484906 49.8746452331543 289
1756652485870 42.35259246826172 290
1756652486854 43.582054138183594 291
1756652487807 40.86069107055664 292
1756652488753 50.62535858154297 293
1756652489706 41.23225784301758 294
1756652490649 45.32123565673828 295
1756652491614 48.231201171875 296
1756652492602 43.290992736816406 297
1756652493566 38.730369567871094 298
1756652494506 44.94630813598633 299
1756652503950 76.86804962158203 0
1756652504911 65.1101303100586 1
1756652505872 56.797603607177734 2
1756652506831 59.06087875366211 3
1756652507794 48.92105484008789 4
1756652508778 55.518863677978516 5
1756652509739 52.84299087524414 6
1756652510714 52.2222785949707 7
1756652511673 54.80437088012695 8
1756652512645 49.256290435791016 9
1756652513612 46.381439208984375 10
1756652514584 57.828025817871094 11
1756652515541 45.63924789428711 12
1756652516501 39.678611755371094 13
1756652517464 47.15188980102539 14
1756652518421 48.66533279418945 15
1756652519384 39.86933517456055 16
1756652520339 38.26407241821289 17
1756652521298 44.19229507446289 18
1756652522265 42.36548614501953 19
1756652523225 47.178890228271484 20
1756652524233 38.82528305053711 21
1756652525242 39.359046936035156 22
1756652526196 40.518314361572266 23
1756652527170 41.72835922241211 24
1756652528130 39.346229553222656 25
1756652529088 34.543514251708984 26
1756652530053 41.88499450683594 27
1756652531024 47.52604675292969 28
1756652531989 36.98657989501953 29
1756652532950 48.127960205078125 30
1756652533910 46.145450592041016 31
1756652534883 37.25881576538086 32
1756652535885 44.28104019165039 33
1756652536888 41.288551330566406 34
1756652537889 45.85844039916992 35
1756652538862 44.46420669555664 36
1756652539838 43.18252182006836 37
1756652540800 36.042354583740234 38
1756652541810 36.10407638549805 39
1756652542786 39.486976623535156 40
1756652543745 40.89134979248047 41
1756652544713 44.378929138183594 42
1756652545683 38.918434143066406 43
1756652546666 50.01445770263672 44
1756652547650 42.006507873535156 45
1756652548631 44.360748291015625 46
1756652549608 36.83041000366211 47
1756652550597 44.46469497680664 48
1756652551563 37.705421447753906 49
1756652552537 38.48568344116211 50
1756652553526 44.69736862182617 51
1756652554495 36.98942947387695 52
1756652555487 40.36772537231445 53
1756652556511 51.77018737792969 54
1756652557538 41.84321975708008 55
1756652558497 42.07307052612305 56
1756652559472 39.56732177734375 57
1756652560434 54.08924865722656 58
1756652561398 34.68892288208008 59
1756652562368 34.48765563964844 60
1756652563336 42.33824920654297 61
1756652564320 43.60950469970703 62
1756652565280 40.447998046875 63
1756652566285 42.985897064208984 64
1756652567260 48.029754638671875 65
1756652568250 44.86595153808594 66
1756652569240 45.37033462524414 67
1756652570230 46.370216369628906 68
1756652571241 42.98796844482422 69
1756652572243 37.196475982666016 70
1756652573207 34.31280517578125 71
1756652574172 40.21373748779297 72
1756652575137 37.72901153564453 73
1756652576107 41.26305389404297 74
1756652577070 39.00150680541992 75
1756652578042 30.61455726623535 76
1756652579031 47.69100570678711 77
1756652579994 45.46242904663086 78
1756652580968 41.1494140625 79
1756652581935 45.00194549560547 80
1756652582900 47.293663024902344 81
1756652583865 45.531410217285156 82
1756652584863 39.373226165771484 83
1756652585868 37.62247085571289 84
1756652586887 45.8658332824707 85
1756652587866 47.89994430541992 86
1756652588872 39.97739791870117 87
1756652589846 37.09745407104492 88
1756652590807 38.954261779785156 89
1756652591775 37.66397476196289 90
1756652592743 41.457542419433594 91
1756652593705 43.71705627441406 92
1756652594681 40.42928695678711 93
1756652595674 35.19076919555664 94
1756652596643 40.76934051513672 95
1756652597614 37.91791915893555 96
1756652598586 42.34254455566406 97
1756652599549 51.489845275878906 98
1756652600514 40.746604919433594 99
1756652601515 40.14130401611328 100
1756652602587 43.692073822021484 101
1756652603602 44.079811096191406 102
1756652604595 41.68585205078125 103
1756652605567 41.15415573120117 104
1756652606534 48.6981315612793 105
1756652607499 40.612083435058594 106
1756652608463 51.15926742553711 107
1756652609429 47.54352951049805 108
1756652610398 39.290130615234375 109
1756652611361 34.93976974487305 110
1756652612357 43.255245208740234 111
1756652613344 37.607887268066406 112
1756652614355 34.11237335205078 113
1756652615322 39.92341232299805 114
1756652616293 37.937767028808594 115
1756652617257 38.832088470458984 116
1756652618225 47.87900924682617 117
1756652619197 39.78901290893555 118
1756652620177 37.61686325073242 119
1756652621162 42.82048416137695 120
1756652622217 38.03843307495117 121
1756652623239 40.240386962890625 122
1756652624229 38.172306060791016 123
1756652625190 33.16900634765625 124
1756652626149 45.797630310058594 125
1756652627114 40.396873474121094 126
1756652628094 39.9588623046875 127
1756652629077 43.64215087890625 128
1756652630039 36.68093490600586 129
1756652631016 29.040279388427734 130
1756652631992 33.597251892089844 131
1756652632988 43.84389877319336 132
1756652633956 34.0617561340332 133
1756652634918 44.28280258178711 134
1756652635884 46.26460647583008 135
1756652636846 46.72997283935547 136
1756652637812 46.65174865722656 137
1756652638778 45.09925079345703 138
1756652639763 43.18325424194336 139
1756652640736 46.11265563964844 140
1756652641730 42.54387283325195 141
1756652642717 47.60354995727539 142
1756652643680 47.8007926940918 143
1756652644696 39.989505767822266 144
1756652645711 48.52461242675781 145
1756652646691 36.705101013183594 146
1756652647665 42.68290328979492 147
1756652648638 41.55721664428711 148
1756652649603 41.59329605102539 149
1756652650569 46.714599609375 150
1756652651543 39.233497619628906 151
1756652652508 40.9566650390625 152
1756652653460 47.48488235473633 153
1756652654419 37.20520782470703 154
1756652655389 39.251625061035156 155
1756652656378 44.130653381347656 156
1756652657351 39.49536895751953 157
1756652658319 34.097171783447266 158
1756652659284 43.0991096496582 159
1756652660251 50.22429275512695 160
1756652661211 38.72163772583008 161
1756652662185 40.51465606689453 162
1756652663183 46.018775939941406 163
1756652664185 39.76304244995117 164
1756652665185 44.58512496948242 165
1756652666182 45.14878845214844 166
1756652667183 37.01936340332031 167
1756652668176 48.623111724853516 168
1756652669141 39.7298583984375 169
1756652670108 39.012752532958984 170
1756652671081 36.742191314697266 171
1756652672047 45.6869010925293 172
1756652673018 39.09019088745117 173
1756652673984 40.47561264038086 174
1756652674951 45.103248596191406 175
1756652675897 43.133331298828125 176
1756652676867 35.37423324584961 177
1756652677833 35.56698226928711 178
1756652678790 35.92204666137695 179
1756652679766 41.40261459350586 180
1756652680736 37.833126068115234 181
1756652681711 43.266151428222656 182
1756652682683 35.697731018066406 183
1756652683656 36.27931594848633 184
1756652684640 41.76788330078125 185
1756652685658 43.089176177978516 186
1756652686663 38.89483642578125 187
1756652687637 35.7570915222168 188
1756652688624 40.78813934326172 189
1756652689637 39.65885925292969 190
1756652690652 41.89282989501953 191
1756652691633 38.2973747253418 192
1756652692603 45.924922943115234 193
1756652693573 32.91395568847656 194
1756652694543 42.01715850830078 195
1756652695521 34.440372467041016 196
1756652696499 46.987159729003906 197
1756652697499 35.08364486694336 198
1756652698466 46.819862365722656 199
1756652699440 35.794857025146484 200
1756652700414 38.13477325439453 201
1756652701378 39.55101776123047 202
1756652702344 44.03202438354492 203
1756652703317 46.51644515991211 204
1756652704304 37.725791931152344 205
1756652705302 43.41136932373047 206
1756652706268 36.47733688354492 207
1756652707232 43.670169830322266 208
1756652708213 33.3774528503418 209
1756652709186 35.7738037109375 210
1756652710183 38.02090835571289 211
1756652711160 42.1362190246582 212
1756652712132 51.61674118041992 213
1756652713095 39.10289001464844 214
1756652714107 37.00341033935547 215
1756652715122 40.7075080871582 216
1756652716098 38.15436935424805 217
1756652717098 41.77858352661133 218
1756652718075 45.60786819458008 219
1756652719044 39.591331481933594 220
1756652720013 37.9847412109375 221
1756652720984 44.40044403076172 222
1756652721944 42.71889114379883 223
1756652722907 44.287811279296875 224
1756652723884 43.820613861083984 225
1756652724857 41.91532516479492 226
1756652725819 53.105159759521484 227
1756652726782 44.15244674682617 228
1756652727765 39.49601745605469 229
1756652728744 42.21880340576172 230
1756652729710 46.69358444213867 231
1756652730677 39.832557678222656 232
1756652731651 36.13182830810547 233
1756652732614 39.24905776977539 234
1756652733577 48.061729431152344 235
1756652734576 40.86298751831055 236
1756652735551 37.49539566040039 237
1756652736516 42.47331237792969 238
1756652737487 37.63998794555664 239
1756652738512 37.34181213378906 240
1756652739545 44.971031188964844 241
1756652740548 42.26942443847656 242
1756652741562 45.77717208862305 243
1756652742537 43.22015380859375 244
1756652743503 39.49064254760742 245
1756652744469 44.840843200683594 246
1756652745438 41.449615478515625 247
1756652746424 38.123172760009766 248
1756652747394 36.59364700317383 249
1756652748381 39.10051345825195 250
1756652749387 40.24103927612305 251
1756652750374 43.38719940185547 252
1756652751373 38.38507080078125 253
1756652752372 44.120601654052734 254
1756652753367 40.36302947998047 255
1756652754358 42.58678436279297 256
1756652755350 41.39850997924805 257
1756652756313 43.31577682495117 258
1756652757279 44.58112335205078 259
1756652758239 36.29561996459961 260
1756652759233 46.954444885253906 261
1756652760190 39.10847091674805 262
1756652761152 42.661354064941406 263
1756652762125 32.868438720703125 264
1756652763089 40.72315216064453 265
1756652764058 41.93229675292969 266
1756652765033 40.58757781982422 267
1756652766035 45.360172271728516 268
1756652766993 46.13943862915039 269
1756652767962 43.82416915893555 270
1756652768955 42.91907501220703 271
1756652769918 45.75212478637695 272
1756652770911 36.72650146484375 273
1756652771898 44.17417907714844 274
1756652772859 45.48312759399414 275
1756652773855 29.79976463317871 276
1756652774833 43.07807540893555 277
1756652775797 38.99000549316406 278
1756652776788 43.35981750488281 279
1756652777798 37.882511138916016 280
1756652778812 37.3629035949707 281
1756652779794 31.94373321533203 282
1756652780765 41.15279006958008 283
1756652781723 40.08443069458008 284
1756652782685 42.37251663208008 285
1756652783658 41.00129699707031 286
1756652784661 46.320682525634766 287
1756652785636 45.36095428466797 288
1756652786631 43.9879264831543 289
1756652787607 41.51950454711914 290
1756652788580 44.781158447265625 291
1756652789554 39.065128326416016 292
1756652790520 40.571746826171875 293
1756652791485 39.360355377197266 294
1756652792454 41.801734924316406 295
1756652793424 32.38965606689453 296
1756652794395 42.89765167236328 297
1756652795377 49.18499755859375 298
1756652796367 38.60588073730469 299
1756652806842 90.74234008789062 0
1756652807814 64.1088638305664 1
1756652808777 57.13365936279297 2
1756652809764 52.369117736816406 3
1756652810743 55.943359375 4
1756652811709 51.20849609375 5
1756652812669 50.979469299316406 6
1756652813636 51.12950897216797 7
1756652814608 44.3598747253418 8
1756652815586 44.026039123535156 9
1756652816598 48.551780700683594 10
1756652817580 45.686439514160156 11
1756652818554 47.14778518676758 12
1756652819522 39.97191619873047 13
1756652820488 51.8155632019043 14
1756652821466 46.62990188598633 15
1756652822449 53.04541778564453 16
1756652823427 43.629234313964844 17
1756652824403 55.465065002441406 18
1756652825418 48.31313705444336 19
1756652826413 48.15669631958008 20
1756652827409 43.39353561401367 21
1756652828403 45.60961151123047 22
1756652829381 47.013145446777344 23
1756652830386 49.928367614746094 24
1756652831410 41.94083786010742 25
1756652832397 52.07439422607422 26
1756652833420 45.246192932128906 27
1756652834418 44.76778793334961 28
1756652835391 50.18009948730469 29
1756652836365 45.97013473510742 30
1756652837340 45.2950325012207 31
1756652838318 39.540218353271484 32
1756652839298 38.248714447021484 33
1756652840284 44.34657669067383 34
1756652841275 43.16333770751953 35
1756652842280 43.501869201660156 36
1756652843266 40.4533576965332 37
1756652844274 43.41291046142578 38
1756652845250 53.528663635253906 39
1756652846224 45.10934829711914 40
1756652847218 55.41167449951172 41
1756652848193 42.50191116333008 42
1756652849175 41.22868347167969 43
1756652850149 43.40221405029297 44
1756652851131 40.388877868652344 45
1756652852105 50.383934020996094 46
1756652853086 42.616790771484375 47
1756652854069 45.271907806396484 48
1756652855054 47.32932662963867 49
1756652856039 40.21803665161133 50
1756652857034 42.56218719482422 51
1756652858009 43.078460693359375 52
1756652858989 47.005271911621094 53
1756652859965 41.862037658691406 54
1756652860976 37.862220764160156 55
1756652861996 41.97514724731445 56
1756652862978 42.15888214111328 57
1756652863956 50.860633850097656 58
1756652864975 50.427425384521484 59
1756652865960 49.250186920166016 60
1756652866951 39.35185623168945 61
1756652867937 50.19623565673828 62
1756652868933 42.078956604003906 63
1756652869921 46.0673942565918 64
1756652870912 42.821533203125 65
1756652871889 50.006439208984375 66
1756652872875 47.69800567626953 67
1756652873850 47.194175720214844 68
1756652874833 50.57442092895508 69
1756652875862 52.3029899597168 70
1756652876841 38.97339630126953 71
1756652877821 45.30669403076172 72
1756652878804 52.48450469970703 73
1756652879778 44.60051345825195 74
1756652880762 48.70656204223633 75
1756652881750 46.10999298095703 76
1756652882733 40.244651794433594 77
1756652883732 43.364662170410156 78
1756652884710 46.57331466674805 79
1756652885696 44.005943298339844 80
1756652886766 42.75141906738281 81
1756652887929 55.428733825683594 82
1756652888916 44.01742172241211 83
1756652889890 48.69858169555664 84
1756652890875 49.35655212402344 85
1756652891856 44.936485290527344 86
1756652892827 42.65319061279297 87
1756652893814 49.88330841064453 88
1756652894798 45.93852996826172 89
1756652895781 41.39736557006836 90
1756652896765 44.1301383972168 91
1756652897749 47.716758728027344 92
1756652898730 40.928871154785156 93
1756652899710 41.173309326171875 94
1756652900698 43.38716506958008 95
1756652901677 47.992149353027344 96
1756652902659 48.0544548034668 97
1756652903637 40.472869873046875 98
1756652904625 48.134796142578125 99
1756652905606 46.513275146484375 100
1756652906586 53.23792266845703 101
1756652907602 40.4295539855957 102
1756652908592 47.440338134765625 103
1756652909587 44.64354705810547 104
1756652910569 37.96096420288086 105
1756652911548 48.733970642089844 106
1756652912526 43.678768157958984 107
1756652913509 42.40972137451172 108
1756652914514 43.510963439941406 109
1756652915515 44.25879669189453 110
1756652916493 48.36376953125 111
1756652917476 44.134925842285156 112
1756652918462 50.33628463745117 113
1756652919469 51.375694274902344 114
1756652920468 41.92588424682617 115
1756652921471 45.91259765625 116
1756652922462 37.46349334716797 117
1756652923465 46.798622131347656 118
1756652924473 39.11226272583008 119
1756652925473 43.38831329345703 120
1756652926447 39.667091369628906 121
1756652927455 40.50727844238281 122
1756652928432 41.75560760498047 123
1756652929415 37.90135955810547 124
1756652930387 35.2686882019043 125
1756652931360 40.33334732055664 126
1756652932338 47.63864517211914 127
1756652933318 44.07994842529297 128
1756652934294 46.19202423095703 129
1756652935276 45.11952590942383 130
1756652936273 38.32072067260742 131
1756652937259 44.88844680786133 132
1756652938238 46.15681457519531 133
1756652939224 46.96645736694336 134
1756652940199 45.46928024291992 135
1756652941212 41.681678771972656 136
1756652942217 36.566749572753906 137
1756652943202 30.9549560546875 138
1756652944192 42.593902587890625 139
1756652945173 44.51035690307617 140
1756652946158 47.588706970214844 141
1756652947134 45.90439987182617 142
1756652948111 40.73888397216797 143
1756652949136 47.99981689453125 144
1756652950126 43.455604553222656 145
1756652951119 44.761558532714844 146
1756652952136 42.766475677490234 147
1756652953118 45.255470275878906 148
1756652954103 43.455631256103516 149
1756652955090 41.831485748291016 150
1756652956068 40.92283248901367 151
1756652957078 47.68413162231445 152
1756652958062 40.91579055786133 153
1756652959044 45.67089080810547 154
1756652960029 41.845909118652344 155
1756652961010 49.7820930480957 156
1756652961999 41.79719924926758 157
1756652962990 40.224735260009766 158
1756652963963 43.417572021484375 159
1756652964959 50.25940704345703 160
1756652965971 45.15769958496094 161
1756652967000 45.965980529785156 162
1756652967976 55.0545654296875 163
1756652968975 49.46976089477539 164
1756652969969 48.751949310302734 165
1756652970947 41.126426696777344 166
1756652971940 44.20954132080078 167
1756652972948 47.53130340576172 168
1756652973954 41.933433532714844 169
1756652974965 40.778709411621094 170
1756652975973 40.30549240112305 171
1756652976950 44.54982376098633 172
1756652977937 49.58039093017578 173
1756652978922 56.36767578125 174
1756652979911 44.90615463256836 175
1756652980884 37.123252868652344 176
1756652981920 39.0438117980957 177
1756652982896 42.74769973754883 178
1756652983867 50.51384735107422 179
1756652984845 43.93168258666992 180
1756652985836 48.67473220825195 181
1756652986821 44.6846809387207 182
1756652987801 45.04109191894531 183
1756652988787 39.87150192260742 184
1756652989765 44.34075927734375 185
1756652990756 45.282928466796875 186
1756652991755 50.819793701171875 187
1756652992732 47.56993865966797 188
1756652993706 49.182472229003906 189
1756652994694 49.97905731201172 190
1756652995676 43.586238861083984 191
1756652996659 50.450836181640625 192
1756652997656 48.5276985168457 193
1756652998636 42.17357635498047 194
1756652999615 42.528839111328125 195
1756653000617 44.85394287109375 196
1756653001607 46.5908203125 197
1756653002593 48.849952697753906 198
1756653003590 40.77219772338867 199
1756653004595 37.35991287231445 200
1756653005603 41.22214126586914 201
1756653006604 48.609397888183594 202
1756653007587 42.310394287109375 203
1756653008567 55.665435791015625 204
1756653009539 41.32542419433594 205
1756653010532 47.817752838134766 206
1756653011505 47.09724044799805 207
1756653012488 45.17509460449219 208
1756653013462 38.60773468017578 209
1756653014447 45.37032699584961 210
1756653015431 49.8798942565918 211
1756653016411 45.775211334228516 212
1756653017422 44.506080627441406 213
1756653018436 48.988685607910156 214
1756653019430 45.883934020996094 215
1756653020411 48.12860870361328 216
1756653021391 46.54923629760742 217
1756653022365 42.99589920043945 218
1756653023339 47.354270935058594 219
1756653024324 45.81371307373047 220
1756653025312 40.453861236572266 221
1756653026345 41.670677185058594 222
1756653027578 40.708717346191406 223
1756653028596 38.36077117919922 224
1756653029596 39.51329803466797 225
1756653030575 43.722557067871094 226
1756653031567 40.2802848815918 227
1756653032547 40.44634246826172 228
1756653033521 46.07182312011719 229
1756653034499 52.02006912231445 230
1756653035473 44.22289276123047 231
1756653036460 38.207584381103516 232
1756653037436 43.57146072387695 233
1756653038421 43.66767883300781 234
1756653039402 41.623619079589844 235
1756653040376 45.08216857910156 236
1756653041351 57.27666091918945 237
1756653042332 46.748958587646484 238
1756653043361 46.43434524536133 239
1756653044361 39.918975830078125 240
1756653045351 48.59259796142578 241
1756653046329 36.65388870239258 242
1756653047301 51.95421600341797 243
1756653048292 41.346187591552734 244
1756653049275 42.76089096069336 245
1756653050246 45.36561584472656 246
1756653051221 42.74844741821289 247
1756653052201 41.51282501220703 248
1756653053204 44.48944854736328 249
1756653054185 43.20588302612305 250
1756653055164 42.709861755371094 251
1756653056143 49.197265625 252
1756653057137 45.89601135253906 253
1756653058146 46.6903076171875 254
1756653059129 43.66487503051758 255
1756653060115 45.774131774902344 256
1756653061116 44.8643684387207 257
1756653062096 46.22978973388672 258
1756653063094 43.72644805908203 259
1756653064109 38.525054931640625 260
1756653065092 43.576011657714844 261
1756653066075 36.716392517089844 262
1756653067081 45.70195770263672 263
1756653068052 50.38455581665039 264
1756653069026 45.30878448486328 265
1756653070014 48.00878143310547 266
1756653070991 41.15715789794922 267
1756653071970 50.7063102722168 268
1756653072951 47.68061065673828 269
1756653073936 45.335289001464844 270
1756653074907 45.02989196777344 271
1756653075874 44.377716064453125 272
1756653076846 38.81499481201172 273
1756653077844 42.26753616333008 274
1756653078826 36.53660583496094 275
1756653079801 39.61363983154297 276
1756653080776 42.742061614990234 277
1756653081750 44.01317596435547 278
1756653082728 50.822452545166016 279
1756653083709 48.702545166015625 280
1756653084715 41.88238525390625 281
1756653085698 43.39443588256836 282
1756653086702 41.44253921508789 283
1756653087692 42.70726776123047 284
1756653088699 46.34803771972656 285
1756653089688 45.699859619140625 286
1756653090667 36.87091827392578 287
1756653091662 41.39933395385742 288
1756653092677 35.051570892333984 289
1756653093656 47.28685760498047 290
1756653094636 38.99528503417969 291
1756653095611 45.39574432373047 292
1756653096592 38.87969207763672 293
1756653097565 46.072357177734375 294
1756653098543 46.48405075073242 295
1756653099522 48.942413330078125 296
1756653100499 36.34476089477539 297
1756653101485 54.62895965576172 298
1756653102507 43.205265045166016 299
1756653114213 87.66126251220703 0
1756653116490 72.87117004394531 1
1756653118677 70.06808471679688 2
1756653120865 76.75126647949219 3
1756653123052 63.59842300415039 4
1756653125281 64.89244842529297 5
1756653127533 55.12147521972656 6
1756653129768 60.93122100830078 7
1756653132019 68.37422943115234 8
1756653134248 61.75282287597656 9
1756653136464 54.58765411376953 10
1756653138659 54.56529998779297 11
1756653140898 54.488990783691406 12
1756653143185 59.882999420166016 13
1756653145429 53.90553283691406 14
1756653147642 53.82782745361328 15
1756653149880 54.16194152832031 16
1756653152091 55.584510803222656 17
1756653154300 56.13636016845703 18
1756653156526 54.16083526611328 19
1756653158767 50.27790069580078 20
1756653160972 54.77601623535156 21
1756653163183 54.43767166137695 22
1756653165471 53.52985763549805 23
1756653167701 51.96733474731445 24
1756653169952 53.239097595214844 25
1756653172185 53.139556884765625 26
1756653174406 48.85906219482422 27
1756653176610 61.16551971435547 28
1756653178874 51.86508560180664 29
1756653181083 43.9146728515625 30
1756653183303 57.833045959472656 31
1756653185552 44.18989944458008 32
1756653187774 53.823612213134766 33
1756653190004 54.530853271484375 34
1756653192219 50.88117980957031 35
1756653194447 49.71158218383789 36
1756653196723 47.61006546020508 37
1756653198949 58.0189323425293 38
1756653201171 49.30646896362305 39
1756653203404 47.8935661315918 40
1756653205624 53.8876838684082 41
1756653207849 53.01021194458008 42
1756653210095 50.766563415527344 43
1756653212352 47.15500259399414 44
1756653214610 42.48590850830078 45
1756653216829 54.259159088134766 46
1756653219081 54.29791259765625 47
1756653221325 49.969322204589844 48
1756653223647 45.657562255859375 49
1756653225896 56.02861785888672 50
1756653228166 54.47104263305664 51
1756653230390 52.29896926879883 52
1756653232614 46.35327911376953 53
1756653234881 44.042694091796875 54
1756653237123 48.22627258300781 55
1756653239378 46.1959342956543 56
1756653241603 51.64332580566406 57
1756653243892 50.43488311767578 58
1756653246141 45.32276916503906 59
1756653248405 53.40066909790039 60
1756653250656 55.19287872314453 61
1756653252928 48.08053207397461 62
1756653255446 44.50892639160156 63
1756653257657 53.80893325805664 64
1756653259882 50.11019515991211 65
1756653262107 54.54195022583008 66
1756653264322 49.1259880065918 67
1756653266620 47.279579162597656 68
1756653268857 50.03765869140625 69
1756653271108 55.76059341430664 70
1756653273372 58.859256744384766 71
1756653275630 49.26993942260742 72
1756653277923 52.460670471191406 73
1756653280156 44.194114685058594 74
1756653282412 51.52840042114258 75
1756653284648 52.40568923950195 76
1756653286901 56.94819259643555 77
1756653289144 45.098270416259766 78
1756653291410 49.66614532470703 79
1756653293661 51.35841751098633 80
1756653295873 47.71198654174805 81
1756653298123 50.90690994262695 82
1756653300340 57.39982223510742 83
1756653302564 53.17212677001953 84
1756653304878 43.01346969604492 85
1756653307116 46.16399002075195 86
1756653309349 48.798152923583984 87
1756653311606 54.05036544799805 88
1756653313864 51.77424240112305 89
1756653316112 53.070064544677734 90
1756653318332 57.274017333984375 91
1756653320560 54.93025588989258 92
1756653322773 60.02596664428711 93
1756653324992 58.794681549072266 94
1756653327206 49.556663513183594 95
1756653329493 51.39250946044922 96
1756653331752 50.106201171875 97
1756653333966 48.77237319946289 98
1756653336189 58.615264892578125 99
1756653338455 48.6633415222168 100
1756653340742 51.030250549316406 101
1756653343018 54.82757568359375 102
1756653345256 52.81640625 103
1756653347462 51.831504821777344 104
1756653349680 54.52405548095703 105
1756653351964 58.929161071777344 106
1756653354189 49.84257507324219 107
1756653356407 57.1678466796875 108
1756653358659 49.01500701904297 109
1756653360869 58.17145919799805 110
1756653363103 49.439781188964844 111
1756653365321 53.05785369873047 112
1756653367553 48.645538330078125 113
1756653369786 48.902671813964844 114
1756653372016 55.108280181884766 115
1756653374236 56.713748931884766 116
1756653376491 49.14759826660156 117
1756653378776 45.639549255371094 118
1756653381034 51.35617446899414 119
1756653383253 51.57419967651367 120
1756653385478 49.12397766113281 121
1756653387750 51.67847442626953 122
1756653390012 50.98055648803711 123
1756653392232 51.916770935058594 124
1756653394458 49.56185531616211 125
1756653396678 51.39076232910156 126
1756653398896 44.08853530883789 127
1756653401122 53.230796813964844 128
1756653403394 53.8852653503418 129
1756653405682 55.81717300415039 130
1756653407949 51.232421875 131
1756653410171 45.903377532958984 132
1756653412407 53.50809860229492 133
1756653414687 54.239715576171875 134
1756653416935 48.818084716796875 135
1756653419222 50.50523376464844 136
1756653421473 49.99956130981445 137
1756653423700 51.252464294433594 138
1756653425916 47.466773986816406 139
1756653428148 54.20746994018555 140
1756653430397 40.38247299194336 141
1756653432633 54.73632049560547 142
1756653434873 47.9892692565918 143
1756653437123 45.32477951049805 144
1756653439342 53.09809494018555 145
1756653441580 55.37627410888672 146
1756653443809 56.85343551635742 147
1756653446036 48.98094940185547 148
1756653448277 49.80537796020508 149
1756653450504 45.45555877685547 150
1756653452752 56.45824432373047 151
1756653454981 43.15520095825195 152
1756653457239 52.72671890258789 153
1756653459492 52.61857223510742 154
1756653461848 48.08221435546875 155
1756653464092 58.53447723388672 156
1756653466311 56.603843688964844 157
1756653468523 47.527793884277344 158
1756653470738 49.529537200927734 159
1756653472948 51.3004035949707 160
1756653475185 52.607452392578125 161
1756653477415 51.20074462890625 162
1756653479637 51.62498092651367 163
1756653481901 50.65458297729492 164
1756653484114 58.655025482177734 165
1756653486353 53.27817916870117 166
1756653488596 53.692893981933594 167
1756653490829 50.54749298095703 168
1756653493056 56.279624938964844 169
1756653495304 57.01171112060547 170
1756653497578 47.21553421020508 171
1756653499804 43.5970458984375 172
1756653502020 56.13761520385742 173
1756653504236 52.04163360595703 174
1756653506486 49.00122833251953 175
1756653508741 46.60557556152344 176
1756653510984 48.89812088012695 177
1756653513251 50.40361785888672 178
1756653515463 54.08983612060547 179
1756653517675 44.72411346435547 180
1756653519895 59.06575012207031 181
1756653522119 43.792667388916016 182
1756653524346 47.034725189208984 183
1756653526602 49.25767135620117 184
1756653528825 53.56958770751953 185
1756653531100 53.91606521606445 186
1756653533341 52.1070556640625 187
1756653535560 43.827903747558594 188
1756653537840 47.647891998291016 189
1756653540089 52.35946273803711 190
1756653542355 57.52558135986328 191
1756653544599 55.146053314208984 192
1756653546880 47.608604431152344 193
1756653549129 48.369808197021484 194
1756653551410 45.94839096069336 195
1756653553641 48.76089859008789 196
1756653555884 49.392555236816406 197
1756653558102 55.5478630065918 198
1756653560397 55.87657165527344 199
1756653562619 54.38078689575195 200
1756653564840 53.141624450683594 201
1756653567056 50.28375244140625 202
1756653569375 50.13386154174805 203
1756653572153 47.942142486572266 204
1756653574414 52.46498107910156 205
1756653576685 46.05364227294922 206
1756653578902 49.73932647705078 207
1756653581138 48.72866439819336 208
1756653583476 53.274192810058594 209
1756653585762 54.92380905151367 210
1756653588023 52.37925720214844 211
1756653590296 48.79570388793945 212
1756653592565 52.30424118041992 213
1756653594809 55.182735443115234 214
1756653597050 50.91352462768555 215
1756653599327 60.01445007324219 216
1756653601551 51.92318344116211 217
1756653603785 53.28969955444336 218
1756653606037 46.293113708496094 219
1756653608278 48.00339126586914 220
1756653610526 51.935943603515625 221
1756653612798 46.308712005615234 222
1756653615018 47.506126403808594 223
1756653617252 45.00876998901367 224
1756653619487 53.114505767822266 225
1756653621755 50.203033447265625 226
1756653624022 50.2120475769043 227
1756653626254 54.140586853027344 228
1756653628490 48.42499923706055 229
1756653630702 56.42308807373047 230
1756653632950 49.68437957763672 231
1756653635163 52.058631896972656 232
1756653637390 50.27290725708008 233
1756653639654 52.2135009765625 234
1756653641872 43.15631866455078 235
1756653644121 40.649696350097656 236
1756653646342 49.58916473388672 237
1756653648562 51.71745681762695 238
1756653650772 45.20757293701172 239
1756653653032 48.549285888671875 240
1756653655276 50.886192321777344 241
1756653657513 51.02572250366211 242
1756653659761 49.396270751953125 243
1756653662008 54.57536697387695 244
1756653664256 46.64174270629883 245
1756653666474 55.574466705322266 246
1756653668687 45.945926666259766 247
1756653670927 46.301109313964844 248
1756653673207 48.67121505737305 249
1756653675481 51.79312515258789 250
1756653677755 47.524208068847656 251
1756653680041 44.807308197021484 252
1756653682254 49.839393615722656 253
1756653684477 64.10747528076172 254
1756653686704 49.76109313964844 255
1756653688971 50.80962371826172 256
1756653691188 38.793270111083984 257
1756653693405 49.452003479003906 258
1756653695650 49.71915817260742 259
1756653697875 49.31895446777344 260
1756653700115 48.41421890258789 261
1756653702486 52.100982666015625 262
1756653704737 53.427677154541016 263
1756653706959 49.997215270996094 264
1756653709218 55.32685089111328 265
1756653711476 53.630672454833984 266
1756653713697 55.268585205078125 267
1756653715905 48.3514404296875 268
1756653718129 50.69847869873047 269
1756653720348 47.706172943115234 270
1756653722615 50.600887298583984 271
1756653724876 48.489418029785156 272
1756653727147 51.88736343383789 273
1756653729484 50.611610412597656 274
1756653731736 44.29488754272461 275
1756653733949 54.260833740234375 276
1756653736168 54.76492691040039 277
1756653738406 51.04939651489258 278
1756653740684 55.07124710083008 279
1756653742932 51.52878952026367 280
1756653745201 53.48011016845703 281
1756653747463 50.568485260009766 282
1756653749740 48.37186813354492 283
1756653751962 49.14175033569336 284
1756653754218 51.30363845825195 285
1756653756472 53.950714111328125 286
1756653758683 47.29608917236328 287
1756653760924 52.08470916748047 288
1756653763141 49.11896896362305 289
1756653765358 52.39008712768555 290
1756653767581 46.60176086425781 291
1756653769790 53.446475982666016 292
1756653772018 56.385684967041016 293
1756653774235 58.016273498535156 294
1756653776473 53.6118278503418 295
1756653778694 51.50265884399414 296
1756653780952 50.936485290527344 297
1756653783171 53.51352310180664 298
1756653785442 56.997859954833984 299
1756653796321 94.9525375366211 0
1756653798577 72.91292572021484 1
1756653800920 65.45484924316406 2
1756653803207 61.561561584472656 3
1756653805497 59.66267013549805 4
1756653807802 63.00322341918945 5
1756653810116 52.58176803588867 6
1756653812391 56.09906005859375 7
1756653814667 55.60591506958008 8
1756653816944 56.7596549987793 9
1756653819220 49.482215881347656 10
1756653821549 55.254730224609375 11
1756653823901 59.4624137878418 12
1756653826176 64.9976577758789 13
1756653828506 47.970603942871094 14
1756653830805 68.72795104980469 15
1756653833096 55.37296676635742 16
1756653835459 56.15815353393555 17
1756653837742 53.17551803588867 18
1756653840041 60.31584930419922 19
1756653842337 52.62900924682617 20
1756653844633 59.80205154418945 21
1756653846955 57.00305938720703 22
1756653849304 52.60416793823242 23
1756653851594 57.510398864746094 24
1756653853915 48.77326202392578 25
1756653856200 51.44902420043945 26
1756653858486 50.95145797729492 27
1756653860777 50.975135803222656 28
1756653863057 53.579872131347656 29
1756653865363 57.80192947387695 30
1756653867703 60.34607696533203 31
1756653869999 55.83220672607422 32
1756653872290 49.78845977783203 33
1756653874574 47.704437255859375 34
1756653876882 58.02262496948242 35
1756653879237 54.506736755371094 36
1756653881552 53.932106018066406 37
1756653883864 58.25972366333008 38
1756653886155 55.79815673828125 39
1756653888445 59.56969451904297 40
1756653890731 58.764122009277344 41
1756653893044 50.190635681152344 42
1756653895373 57.263153076171875 43
1756653897857 53.161865234375 44
1756653900151 52.09033966064453 45
1756653902487 60.705284118652344 46
1756653904778 47.86433792114258 47
1756653907067 61.79423904418945 48
1756653909397 54.786415100097656 49
1756653911706 53.147438049316406 50
1756653914003 57.38543701171875 51
1756653916283 51.782318115234375 52
1756653918585 51.86542510986328 53
1756653920886 52.20439529418945 54
1756653923222 57.49671173095703 55
1756653925524 55.25909423828125 56
1756653927849 47.81713104248047 57
1756653930179 47.60650634765625 58
1756653932476 59.8311653137207 59
1756653934770 62.00830078125 60
1756653937078 49.60602951049805 61
1756653939363 53.900177001953125 62
1756653941640 51.9860954284668 63
1756653943978 55.00941848754883 64
1756653946293 55.624122619628906 65
1756653948622 46.919437408447266 66
1756653950928 55.4684944152832 67
1756653953218 67.95528411865234 68
1756653955511 57.93597412109375 69
1756653957794 52.8359375 70
1756653960077 55.591941833496094 71
1756653962414 58.200584411621094 72
1756653964748 63.99299240112305 73
1756653967033 55.88970184326172 74
1756653969368 55.08811569213867 75
1756653971658 64.17057800292969 76
1756653973957 57.782386779785156 77
1756653976284 49.01631164550781 78
1756653978582 54.64788055419922 79
1756653980855 46.37459182739258 80
1756653983147 52.76694869995117 81
1756653985444 62.10444259643555 82
1756653987763 59.715911865234375 83
1756653990074 51.6698112487793 84
1756653992364 54.97967529296875 85
1756653994662 53.039520263671875 86
1756653996978 57.706787109375 87
1756653999303 51.42534637451172 88
1756654001607 60.286476135253906 89
1756654003880 63.89900588989258 90
1756654006154 50.19466018676758 91
1756654008447 56.0629768371582 92
1756654010744 58.660667419433594 93
1756654013095 52.085205078125 94
1756654015374 52.676849365234375 95
1756654017657 62.32012176513672 96
1756654019941 50.89164733886719 97
1756654022240 56.397125244140625 98
1756654024545 58.588653564453125 99
1756654026827 53.55474090576172 100
1756654029129 52.68306350708008 101
1756654031454 52.97863006591797 102
1756654033741 59.999900817871094 103
1756654036038 52.42010498046875 104
1756654038348 51.318321228027344 105
1756654040635 50.38199996948242 106
1756654042932 53.551170349121094 107
1756654045237 50.109371185302734 108
1756654047518 57.580955505371094 109
1756654049866 57.333045959472656 110
1756654052166 59.202369689941406 111
1756654054449 54.09737014770508 112
1756654056785 57.845863342285156 113
1756654059095 56.69793701171875 114
1756654061399 55.72911834716797 115
1756654063768 53.3300895690918 116
1756654066122 59.92848587036133 117
1756654068442 48.88971710205078 118
1756654070742 61.210105895996094 119
1756654073037 54.414642333984375 120
1756654075308 51.39182662963867 121
1756654077593 55.37660598754883 122
1756654079909 57.029052734375 123
1756654082216 52.65618896484375 124
1756654084506 56.37939453125 125
1756654086792 56.68907928466797 126
1756654089091 50.383670806884766 127
1756654091381 47.461151123046875 128
1756654093692 59.19441604614258 129
1756654095969 56.49924850463867 130
1756654098266 61.076805114746094 131
1756654100573 57.674522399902344 132
1756654102852 51.08041763305664 133
1756654105140 57.92946243286133 134
1756654107443 53.683349609375 135
1756654109790 62.40665817260742 136
1756654112065 61.254127502441406 137
1756654114339 48.568077087402344 138
1756654116624 53.9619026184082 139
1756654118904 55.4952278137207 140
1756654121188 45.44976043701172 141
1756654123482 54.29642868041992 142
1756654125845 63.44205856323242 143
1756654128134 63.74456024169922 144
1756654130413 59.52256393432617 145
1756654132693 61.30180740356445 146
1756654134968 46.981353759765625 147
1756654137282 57.87067794799805 148
1756654139585 53.51472091674805 149
1756654141898 62.65288162231445 150
1756654144198 49.25947952270508 151
1756654146530 49.79859161376953 152
1756654148804 59.862266540527344 153
1756654151100 51.595611572265625 154
1756654153386 52.04570770263672 155
1756654155673 55.10828399658203 156
1756654158053 54.07143020629883 157
1756654160361 53.27412796020508 158
1756654162682 56.81267166137695 159
1756654165020 52.6269645690918 160
1756654167333 55.3610725402832 161
1756654169638 53.969154357910156 162
1756654171939 53.26136016845703 163
1756654174230 54.666969299316406 164
1756654176519 49.119895935058594 165
1756654178800 58.05571365356445 166
1756654181156 55.51362228393555 167
1756654183521 55.01740646362305 168
1756654185800 49.75408935546875 169
1756654188095 61.14793014526367 170
1756654190437 53.504249572753906 171
1756654192723 61.89429473876953 172
1756654195054 55.6667366027832 173
1756654197330 61.82959747314453 174
1756654199627 59.705482482910156 175
1756654201928 56.64972686767578 176
1756654204264 59.66387939453125 177
1756654206587 52.769996643066406 178
1756654208884 55.64777374267578 179
1756654211216 61.18513107299805 180
1756654213486 55.2109489440918 181
1756654215795 55.23506546020508 182
1756654218106 55.36762619018555 183
1756654220437 53.01152420043945 184
1756654222997 50.34300994873047 185
1756654225299 58.437408447265625 186
1756654227632 60.80876541137695 187
1756654229969 54.21117401123047 188
1756654232274 55.74309158325195 189
1756654234590 59.70647048950195 190
1756654236891 55.86217498779297 191
1756654239238 58.399871826171875 192
1756654241584 53.83948516845703 193
1756654243906 55.73016357421875 194
1756654246194 61.9649658203125 195
1756654248495 56.37322998046875 196
1756654250784 56.580780029296875 197
1756654253105 57.0932502746582 198
1756654255463 50.61945724487305 199
1756654257737 53.34148406982422 200
1756654260017 56.131126403808594 201
1756654262303 57.71075439453125 202
1756654264575 48.02839660644531 203
1756654266862 60.5626220703125 204
1756654269154 60.120872497558594 205
1756654271480 56.33985137939453 206
1756654273758 56.82209396362305 207
1756654276040 60.928993225097656 208
1756654278358 58.26256561279297 209
1756654280671 57.05353927612305 210
1756654282998 53.156822204589844 211
1756654285276 63.095924377441406 212
1756654287564 50.089942932128906 213
1756654289947 56.85082244873047 214
1756654292229 55.575286865234375 215
1756654294540 50.177391052246094 216
1756654296846 50.20754623413086 217
1756654299143 51.631675720214844 218
1756654301448 64.34336853027344 219
1756654303815 55.056602478027344 220
1756654306117 55.7082633972168 221
1756654308414 56.354705810546875 222
1756654310689 51.823341369628906 223
1756654313006 54.67095184326172 224
1756654315348 50.07239532470703 225
1756654317638 56.36629104614258 226
1756654319974 55.2239875793457 227
1756654322268 52.11677169799805 228
1756654324581 54.637306213378906 229
1756654326872 54.26801681518555 230
1756654329155 53.4419059753418 231
1756654331446 51.02018737792969 232
1756654333717 48.1158561706543 233
1756654336034 49.6995964050293 234
1756654338337 52.76464080810547 235
1756654340647 58.03718185424805 236
1756654343031 56.99248123168945 237
1756654345311 60.26237869262695 238
1756654347622 59.63127517700195 239
1756654349934 62.611488342285156 240
1756654352269 51.419471740722656 241
1756654354621 61.97758102416992 242
1756654356954 57.54438018798828 243
1756654359249 59.093589782714844 244
1756654361583 62.1524543762207 245
1756654363943 49.569358825683594 246
1756654366255 49.22136688232422 247
1756654368551 56.475929260253906 248
1756654370823 64.31065368652344 249
1756654373114 55.53055953979492 250
1756654375411 57.600181579589844 251
1756654377698 54.341285705566406 252
1756654380028 55.64207077026367 253
1756654382312 53.32598114013672 254
1756654384645 51.8310661315918 255
1756654386980 57.929054260253906 256
1756654389304 56.37412643432617 257
1756654391644 52.818580627441406 258
1756654393933 48.94770050048828 259
1756654396264 54.2463493347168 260
1756654398560 51.628379821777344 261
1756654400853 51.148231506347656 262
1756654403134 56.41471481323242 263
1756654405415 55.67097854614258 264
1756654407730 49.8570442199707 265
1756654410086 45.3896369934082 266
1756654412394 48.635337829589844 267
1756654414718 53.308380126953125 268
1756654417027 51.74403762817383 269
1756654419336 59.960357666015625 270
1756654421650 51.99964141845703 271
1756654424008 47.7903938293457 272
1756654426289 49.80815505981445 273
1756654428571 51.95573043823242 274
1756654430888 53.30430221557617 275
1756654433213 54.30363082885742 276
1756654435532 50.37910842895508 277
1756654437814 47.544586181640625 278
1756654440108 53.820762634277344 279
1756654442421 50.445770263671875 280
1756654444759 59.81276321411133 281
1756654447071 58.7952880859375 282
1756654449364 52.62043380737305 283
1756654451650 55.194114685058594 284
1756654453932 48.02172088623047 285
1756654456216 56.83080291748047 286
1756654458508 51.396270751953125 287
1756654460848 56.00859832763672 288
1756654463127 48.103912353515625 289
1756654465410 45.78905487060547 290
1756654467698 61.20051956176758 291
1756654469999 59.06122589111328 292
1756654472274 58.86024856567383 293
1756654474564 48.58434295654297 294
1756654476923 51.591468811035156 295
1756654479212 57.267791748046875 296
1756654481507 64.58561706542969 297
1756654483816 56.63884735107422 298
1756654486121 51.6635627746582 299
1756654497100 85.70977783203125 0
1756654499423 76.95518493652344 1
1756654501742 83.18084716796875 2
1756654504074 78.38385772705078 3
1756654506433 59.619239807128906 4
1756654508742 69.24674987792969 5
1756654511043 61.724510192871094 6
1756654513408 65.00038146972656 7
1756654515751 63.932315826416016 8
1756654518073 58.02511978149414 9
1756654520407 57.36557388305664 10
1756654522728 52.50126647949219 11
1756654525103 54.876773834228516 12
1756654527478 49.551109313964844 13
1756654529835 56.129703521728516 14
1756654532140 46.024349212646484 15
1756654534481 53.28047561645508 16
1756654536808 51.51331329345703 17
1756654539112 46.85245132446289 18
1756654541435 54.660396575927734 19
1756654543811 48.26839065551758 20
1756654546148 51.19629669189453 21
1756654548464 60.505130767822266 22
1756654550800 49.2856330871582 23
1756654553111 48.815128326416016 24
1756654555612 53.56109619140625 25
1756654557935 48.302101135253906 26
1756654560293 47.50062561035156 27
1756654562609 44.571571350097656 28
1756654564942 47.20392990112305 29
1756654567304 44.90721893310547 30
1756654569642 47.091514587402344 31
1756654571983 48.222408294677734 32
1756654574340 47.44860076904297 33
1756654576664 42.025718688964844 34
1756654578997 52.3353271484375 35
1756654581342 48.03605270385742 36
1756654583684 44.57666778564453 37
1756654586032 43.403236389160156 38
1756654588375 46.44434356689453 39
1756654590698 47.67525100708008 40
1756654593012 44.583404541015625 41
1756654595335 51.13261795043945 42
1756654597679 49.63815689086914 43
1756654600024 46.8814582824707 44
1756654602393 46.33594512939453 45
1756654604757 49.293270111083984 46
1756654607073 49.48548889160156 47
1756654609426 54.67418670654297 48
1756654611807 51.73839569091797 49
1756654614166 43.10041427612305 50
1756654616486 43.02979278564453 51
1756654618818 54.798099517822266 52
1756654621189 49.77887725830078 53
1756654623513 48.671165466308594 54
1756654625830 46.323726654052734 55
1756654628144 46.826629638671875 56
1756654630523 45.07270812988281 57
1756654632845 54.11440658569336 58
1756654635188 48.51005935668945 59
1756654637545 48.48096466064453 60
1756654639922 46.66181564331055 61
1756654642291 54.545936584472656 62
1756654644599 56.46175765991211 63
1756654646946 49.84910583496094 64
1756654649285 46.07680130004883 65
1756654651651 47.18545150756836 66
1756654653993 46.61363220214844 67
1756654656311 51.64345932006836 68
1756654658637 42.77644348144531 69
1756654660968 40.248844146728516 70
1756654663396 50.48810958862305 71
1756654665742 40.980323791503906 72
1756654668076 43.84683609008789 73
1756654670408 43.104549407958984 74
1756654672713 49.28670120239258 75
1756654675045 42.39720153808594 76
1756654677369 44.604801177978516 77
1756654679684 42.302734375 78
1756654682007 44.71205139160156 79
1756654684340 42.65098571777344 80
1756654686667 44.660179138183594 81
1756654689014 46.415794372558594 82
1756654691332 45.46194076538086 83
1756654693677 47.41138458251953 84
1756654696062 53.13100814819336 85
1756654698411 37.467952728271484 86
1756654700764 45.87909698486328 87
1756654703081 53.14133071899414 88
1756654705457 42.3682861328125 89
1756654707823 44.06685256958008 90
1756654710156 45.713470458984375 91
1756654712481 44.17444610595703 92
1756654714808 54.71156692504883 93
1756654717125 39.24993133544922 94
1756654719446 43.91618728637695 95
1756654721810 39.8377799987793 96
1756654724164 52.334434509277344 97
1756654726483 39.95798873901367 98
1756654728821 52.311256408691406 99
1756654731143 42.46595001220703 100
1756654733485 46.07164764404297 101
1756654735801 47.47997283935547 102
1756654738168 45.037662506103516 103
1756654740522 46.260414123535156 104
1756654742839 46.457061767578125 105
1756654745152 44.83877944946289 106
1756654747500 40.6185302734375 107
1756654749831 46.50007247924805 108
1756654752150 44.93363952636719 109
1756654754470 43.754451751708984 110
1756654756814 50.4390754699707 111
1756654759170 42.8559455871582 112
1756654761511 49.0254020690918 113
1756654763827 50.034820556640625 114
1756654766158 54.940460205078125 115
1756654768519 54.42410659790039 116
1756654770886 37.20352554321289 117
1756654773219 43.49445343017578 118
1756654775571 46.439212799072266 119
1756654777906 50.94576644897461 120
1756654780224 49.99087905883789 121
1756654782674 44.242618560791016 122
1756654785007 44.23931884765625 123
1756654787374 47.768985748291016 124
1756654789726 51.37560272216797 125
1756654792096 43.200599670410156 126
1756654794398 41.105430603027344 127
1756654796764 47.054443359375 128
1756654799085 46.065128326416016 129
1756654801414 41.29977035522461 130
1756654803785 53.78718185424805 131
1756654806098 46.005348205566406 132
1756654808413 48.723411560058594 133
1756654810753 46.70749282836914 134
1756654813108 44.67229461669922 135
1756654815453 47.17780303955078 136
1756654817812 43.03253173828125 137
1756654820130 44.50523376464844 138
1756654822461 47.004581451416016 139
1756654824826 42.61012649536133 140
1756654827136 39.571189880371094 141
1756654829509 42.7541618347168 142
1756654831832 39.762107849121094 143
1756654834153 46.14921569824219 144
1756654836483 48.9227294921875 145
1756654838810 50.844139099121094 146
1756654841192 39.19203567504883 147
1756654843509 52.23709487915039 148
1756654845823 44.256385803222656 149
1756654848152 42.3948974609375 150
1756654850493 45.29148864746094 151
1756654852809 50.26309585571289 152
1756654855168 48.46601867675781 153
1756654857532 53.18324661254883 154
1756654859848 47.56363296508789 155
1756654862180 45.09550476074219 156
1756654864500 47.17719650268555 157
1756654866827 47.89578628540039 158
1756654869204 48.35077667236328 159
1756654871562 49.53776168823242 160
1756654873933 53.38113784790039 161
1756654876261 39.789794921875 162
1756654878588 49.55702590942383 163
1756654880943 47.00375747680664 164
1756654883316 49.36651611328125 165
1756654885970 45.04592514038086 166
1756654888279 41.82393264770508 167
1756654890664 39.864959716796875 168
1756654892998 50.49363327026367 169
1756654895314 40.76683044433594 170
1756654897622 48.846923828125 171
1756654899977 48.185787200927734 172
1756654902364 53.36537551879883 173
1756654904734 39.15639114379883 174
1756654907095 48.908973693847656 175
1756654909406 46.160892486572266 176
1756654911738 50.17808151245117 177
1756654914054 56.46607971191406 178
1756654916397 41.07779312133789 179
1756654918726 40.71439743041992 180
1756654921080 38.293270111083984 181
1756654923396 54.04534912109375 182
1756654925746 43.42867660522461 183
1756654928087 52.00987243652344 184
1756654930467 47.12335205078125 185
1756654932820 45.55677795410156 186
1756654935133 45.1767463684082 187
1756654937514 42.491214752197266 188
1756654939908 44.82213592529297 189
1756654942237 43.9766845703125 190
1756654944558 41.61795425415039 191
1756654946886 42.66434860229492 192
1756654949275 43.0567626953125 193
1756654951592 53.58887481689453 194
1756654953942 48.22145462036133 195
1756654956262 40.908775329589844 196
1756654958573 39.338348388671875 197
1756654960906 42.87165069580078 198
1756654963263 45.62327194213867 199
1756654965598 43.76581954956055 200
1756654967932 43.000511169433594 201
1756654970245 42.83846664428711 202
1756654972547 41.41719436645508 203
1756654974857 41.267269134521484 204
1756654977195 45.98734664916992 205
1756654979535 47.471134185791016 206
1756654981894 38.29977035522461 207
1756654984203 50.89808654785156 208
1756654986526 44.054439544677734 209
1756654988838 53.628257751464844 210
1756654991154 37.016170501708984 211
1756654993510 52.98247146606445 212
1756654995858 50.31468963623047 213
1756654998187 54.37290954589844 214
1756655000511 47.74699783325195 215
1756655002843 50.11314392089844 216
1756655005153 42.76314163208008 217
1756655007499 43.423851013183594 218
1756655009832 47.01970672607422 219
1756655012172 45.77531814575195 220
1756655014510 44.04336929321289 221
1756655016838 45.982540130615234 222
1756655019213 37.39613342285156 223
1756655021563 43.281959533691406 224
1756655023945 48.56526565551758 225
1756655026265 47.25883483886719 226
1756655028658 44.34115219116211 227
1756655030976 44.86029815673828 228
1756655033296 44.757266998291016 229
1756655035605 41.68891525268555 230
1756655037958 43.01750564575195 231
1756655040277 52.93645095825195 232
1756655042589 40.363529205322266 233
1756655044921 40.81973648071289 234
1756655047224 43.23153305053711 235
1756655049529 45.9450798034668 236
1756655051836 47.035491943359375 237
1756655054196 42.300079345703125 238
1756655056540 41.50599670410156 239
1756655058881 45.21797180175781 240
1756655061206 56.649253845214844 241
1756655063555 40.83336639404297 242
1756655065875 50.203189849853516 243
1756655068192 44.899658203125 244
1756655070515 44.50664138793945 245
1756655072829 48.46121597290039 246
1756655075166 51.206825256347656 247
1756655077530 49.3864631652832 248
1756655079873 43.02727508544922 249
1756655082204 47.15937042236328 250
1756655084542 55.680015563964844 251
1756655086903 49.01854705810547 252
1756655089251 46.4014778137207 253
1756655091597 44.10866928100586 254
1756655093954 42.79603576660156 255
1756655096293 46.57484817504883 256
1756655098640 41.511844635009766 257
1756655100966 52.51687240600586 258
1756655103298 43.595489501953125 259
1756655105614 48.66239929199219 260
1756655107946 44.67066192626953 261
1756655110270 39.816917419433594 262
1756655112607 49.879154205322266 263
1756655114952 43.678932189941406 264
1756655117293 49.328433990478516 265
1756655119674 45.692710876464844 266
1756655121994 47.16629409790039 267
1756655124325 42.3588981628418 268
1756655126667 49.02772521972656 269
1756655129023 47.866634368896484 270
1756655131355 45.35911178588867 271
1756655133700 40.654048919677734 272
1756655136034 48.545623779296875 273
1756655138352 42.78409957885742 274
1756655140677 53.15760803222656 275
1756655143096 47.11268615722656 276
1756655145401 44.43227005004883 277
1756655147717 49.03717803955078 278
1756655150035 45.920013427734375 279
1756655152373 42.14434814453125 280
1756655154708 49.0499153137207 281
1756655157101 51.07609558105469 282
1756655159497 43.152793884277344 283
1756655161843 48.456871032714844 284
1756655164173 51.072818756103516 285
1756655166487 45.614376068115234 286
1756655168820 46.75461959838867 287
1756655171139 50.27544403076172 288
1756655173492 45.18115234375 289
1756655175817 48.38509750366211 290
1756655178177 42.1212158203125 291
1756655180485 51.263980865478516 292
1756655182803 42.313087463378906 293
1756655185157 44.759742736816406 294
1756655187479 44.113494873046875 295
1756655189834 41.64542007446289 296
1756655192178 43.53439712524414 297
1756655194493 41.99092483520508 298
1756655196836 47.8023681640625 299
1756655207866 90.7732925415039 0
1756655210246 64.89012908935547 1
1756655212619 60.07184600830078 2
1756655215000 73.87368774414062 3
1756655217438 59.78498458862305 4
1756655219862 56.820960998535156 5
1756655222467 55.20838165283203 6
1756655224861 54.660438537597656 7
1756655227221 57.19697189331055 8
1756655229673 53.071022033691406 9
1756655232101 60.587562561035156 10
1756655234551 62.240013122558594 11
1756655236945 55.99249267578125 12
1756655239340 66.10609436035156 13
1756655241742 54.01026153564453 14
1756655244114 59.23760223388672 15
1756655246511 63.04644775390625 16
1756655248945 56.69855499267578 17
1756655251353 49.50371551513672 18
1756655253735 58.328086853027344 19
1756655256146 43.784095764160156 20
1756655258574 55.25087356567383 21
1756655261040 49.6390495300293 22
1756655263513 47.44085693359375 23
1756655265915 54.81329345703125 24
1756655268288 54.03131866455078 25
1756655270702 48.37943649291992 26
1756655273082 49.146873474121094 27
1756655275504 45.51801681518555 28
1756655277931 51.2808723449707 29
1756655280331 50.91397476196289 30
1756655282728 49.4418830871582 31
1756655285141 49.2981071472168 32
1756655287541 46.768672943115234 33
1756655289958 49.0662841796875 34
1756655292339 50.35866928100586 35
1756655294753 54.62855911254883 36
1756655297156 49.01807403564453 37
1756655299625 44.3353271484375 38
1756655302046 46.55097579956055 39
1756655304488 48.78106689453125 40
1756655306926 45.8604850769043 41
1756655309353 49.96331024169922 42
1756655311748 49.5627326965332 43
1756655314182 54.723365783691406 44
1756655316596 51.07857131958008 45
1756655319022 51.790740966796875 46
1756655321423 49.57151794433594 47
1756655323841 48.72063446044922 48
1756655326255 51.2999382019043 49
1756655328691 49.14262771606445 50
1756655331088 45.79907989501953 51
1756655333512 48.43916702270508 52
1756655335911 54.115150451660156 53
1756655338336 51.6305046081543 54
1756655340727 49.29224395751953 55
1756655343135 49.72979736328125 56
1756655345528 49.19121170043945 57
1756655347940 53.470458984375 58
1756655350322 50.967750549316406 59
1756655352758 51.95426559448242 60
1756655355136 55.97553253173828 61
1756655357584 48.270721435546875 62
1756655360014 47.609432220458984 63
1756655362425 48.87097930908203 64
1756655364876 56.970367431640625 65
1756655367311 47.09963607788086 66
1756655369703 49.313072204589844 67
1756655372130 50.253379821777344 68
1756655374581 58.4528694152832 69
1756655377046 46.403953552246094 70
1756655379484 56.061912536621094 71
1756655382040 54.95423126220703 72
1756655384451 52.91624069213867 73
1756655386857 41.73023223876953 74
1756655389226 50.00176239013672 75
1756655391683 49.00603103637695 76
1756655394096 50.33103561401367 77
1756655396513 51.85585403442383 78
1756655398934 45.696678161621094 79
1756655401347 45.66604995727539 80
1756655403728 44.29749298095703 81
1756655406133 55.09288787841797 82
1756655408535 38.46623611450195 83
1756655410980 51.64650344848633 84
1756655413371 47.78105545043945 85
1756655415816 54.58762741088867 86
1756655418224 49.00977325439453 87
1756655420658 50.46089172363281 88
1756655423067 53.952919006347656 89
1756655425483 44.21693420410156 90
1756655427883 47.17963409423828 91
1756655430299 39.565765380859375 92
1756655432678 48.93022537231445 93
1756655435093 50.984214782714844 94
1756655437480 46.953529357910156 95
1756655439898 51.814598083496094 96
1756655442317 45.80865478515625 97
1756655444734 63.60955810546875 98
1756655447146 48.21578598022461 99
1756655449648 52.12690353393555 100
1756655452035 45.535926818847656 101
1756655454471 51.39118194580078 102
1756655456846 50.21295928955078 103
1756655459256 42.91781234741211 104
1756655461643 50.50729751586914 105
1756655464084 42.35009002685547 106
1756655466478 59.75382614135742 107
1756655468925 48.63964080810547 108
1756655471359 49.064048767089844 109
1756655473793 50.49052429199219 110
1756655476172 53.01245880126953 111
1756655478589 49.89966583251953 112
1756655480976 54.44928741455078 113
1756655483409 43.790977478027344 114
1756655485806 49.05839920043945 115
1756655488219 46.6119270324707 116
1756655490693 53.01323699951172 117
1756655493101 41.99864959716797 118
1756655495487 56.904884338378906 119
1756655497939 51.2776985168457 120
1756655500317 49.21858215332031 121
1756655502833 54.84563446044922 122
1756655505212 55.79615020751953 123
1756655507623 52.878257751464844 124
1756655510014 48.58392333984375 125
1756655512525 42.79291534423828 126
1756655514917 50.73152542114258 127
1756655517321 50.68700408935547 128
1756655519728 50.179893493652344 129
1756655522172 41.85397720336914 130
1756655524621 49.309608459472656 131
1756655527035 48.640602111816406 132
1756655529426 54.7196159362793 133
1756655531891 55.547088623046875 134
1756655534321 45.65446472167969 135
1756655536762 54.16041946411133 136
1756655539140 51.62006759643555 137
1756655541552 51.37024688720703 138
1756655543936 42.439300537109375 139
1756655546348 51.52838897705078 140
1756655548744 52.32346725463867 141
1756655551153 48.09651184082031 142
1756655553544 47.46234893798828 143
1756655555974 40.23158645629883 144
1756655558398 48.18544006347656 145
1756655560887 43.715354919433594 146
1756655563458 50.4871940612793 147
1756655565892 47.78611373901367 148
1756655568307 54.24592971801758 149
1756655570713 45.148494720458984 150
1756655573117 54.50396728515625 151
1756655575516 49.661155700683594 152
1756655577932 47.035037994384766 153
1756655580377 50.69751739501953 154
1756655582769 48.72175598144531 155
1756655585248 47.769615173339844 156
1756655587644 40.85816192626953 157
1756655590097 49.1499137878418 158
1756655592510 50.81829071044922 159
1756655594923 52.77642059326172 160
1756655597318 50.71133041381836 161
1756655599753 51.54392623901367 162
1756655602191 48.755210876464844 163
1756655604615 48.563289642333984 164
1756655607080 51.97454071044922 165
1756655609564 41.89501190185547 166
1756655611979 52.72529983520508 167
1756655614439 51.043701171875 168
1756655616866 49.292015075683594 169
1756655619301 51.09695053100586 170
1756655621686 50.94364547729492 171
1756655624172 46.02816390991211 172
1756655626618 41.64864730834961 173
1756655629022 54.74739456176758 174
1756655631424 49.99370574951172 175
1756655633859 50.879432678222656 176
1756655636277 54.0424919128418 177
1756655638753 46.59066390991211 178
1756655641168 51.70186233520508 179
1756655643593 41.99497604370117 180
1756655645992 51.28026580810547 181
1756655648445 44.904380798339844 182
1756655650827 52.7907829284668 183
1756655653272 50.86309051513672 184
1756655655688 51.159515380859375 185
1756655658094 47.370853424072266 186
1756655660504 50.155006408691406 187
1756655662908 49.612037658691406 188
1756655665332 49.323463439941406 189
1756655667743 40.42699432373047 190
1756655670177 49.378990173339844 191
1756655672608 52.87868118286133 192
1756655674997 47.27598571777344 193
1756655677449 53.26994705200195 194
1756655679872 54.282806396484375 195
1756655682286 59.36833953857422 196
1756655684715 45.07081985473633 197
1756655687156 52.38096237182617 198
1756655689553 45.881248474121094 199
1756655691966 38.60593032836914 200
1756655694411 42.663734436035156 201
1756655696900 48.33458709716797 202
1756655699327 51.735191345214844 203
1756655701772 52.33112716674805 204
1756655704156 52.055755615234375 205
1756655706584 49.034812927246094 206
1756655708971 47.7415657043457 207
1756655711415 45.39983367919922 208
1756655713878 53.79976272583008 209
1756655716284 49.52060317993164 210
1756655718662 52.406898498535156 211
1756655721081 52.33063888549805 212
1756655723515 47.47285079956055 213
1756655725968 48.44849395751953 214
1756655728407 49.38242721557617 215
1756655730827 47.18226623535156 216
1756655733254 44.22005081176758 217
1756655735666 43.92316436767578 218
1756655738090 49.747459411621094 219
1756655740582 49.69243240356445 220
1756655743071 46.02322769165039 221
1756655745487 40.80016326904297 222
1756655747878 49.04063415527344 223
1756655750280 48.836402893066406 224
1756655752666 46.12421417236328 225
1756655755079 61.37815475463867 226
1756655757517 43.345115661621094 227
1756655759942 45.75362777709961 228
1756655762431 42.85912322998047 229
1756655764871 50.81629180908203 230
1756655767302 50.63507843017578 231
1756655769703 51.54753494262695 232
1756655772107 54.35663986206055 233
1756655774548 49.40605926513672 234
1756655776998 44.719696044921875 235
1756655779475 44.573280334472656 236
1756655781884 46.92880630493164 237
1756655784294 48.76753234863281 238
1756655786681 45.7534294128418 239
1756655789127 42.829750061035156 240
1756655791508 57.89789581298828 241
1756655793971 49.70649719238281 242
1756655796366 46.052635192871094 243
1756655798813 44.18109893798828 244
1756655801200 50.575035095214844 245
1756655803628 52.964569091796875 246
1756655806017 53.206871032714844 247
1756655808464 48.29712677001953 248
1756655810897 45.267364501953125 249
1756655813308 45.28494644165039 250
1756655815698 47.804283142089844 251
1756655818117 47.23413848876953 252
1756655820510 54.23780059814453 253
1756655822989 49.04399490356445 254
1756655825382 51.898521423339844 255
1756655827791 51.6743049621582 256
1756655830183 44.94792938232422 257
1756655832609 54.099090576171875 258
1756655835022 42.455650329589844 259
1756655837506 45.76842498779297 260
1756655839925 49.8000602722168 261
1756655842330 42.95209884643555 262
1756655844752 50.51621627807617 263
1756655847194 56.751853942871094 264
1756655849635 49.056026458740234 265
1756655852100 49.64524841308594 266
1756655854508 54.549110412597656 267
1756655856936 47.44598388671875 268
1756655859315 52.41188430786133 269
1756655861724 49.76005172729492 270
1756655864196 45.50446701049805 271
1756655866619 48.1701545715332 272
1756655869057 39.992496490478516 273
1756655871499 44.52977752685547 274
1756655873886 46.91197967529297 275
1756655876298 48.56752395629883 276
1756655878713 52.59794998168945 277
1756655881123 54.44038009643555 278
1756655883543 50.04548263549805 279
1756655885962 47.03789138793945 280
1756655888340 51.61732864379883 281
1756655890775 50.613685607910156 282
1756655893158 48.4691276550293 283
1756655895632 48.67578887939453 284
1756655898016 43.6900520324707 285
1756655900507 50.30225372314453 286
1756655902942 45.335853576660156 287
1756655905615 37.78655242919922 288
1756655908027 48.4981689453125 289
1756655910460 52.32674026489258 290
1756655912848 44.96668243408203 291
1756655915305 53.92534637451172 292
1756655917717 43.33429718017578 293
1756655920178 51.11273956298828 294
1756655922601 49.343650817871094 295
1756655925049 48.08928298950195 296
1756655927445 50.68598175048828 297
1756655929877 47.03627014160156 298
1756655932354 53.94401931762695 299
1756655943496 82.08141326904297 0
1756655945928 67.0623779296875 1
1756655948335 68.67932891845703 2
1756655950757 52.011348724365234 3
1756655953182 60.91242980957031 4
1756655955629 57.50664520263672 5
1756655958070 56.094974517822266 6
1756655960497 48.28327560424805 7
1756655962954 58.20076370239258 8
1756655965378 45.119659423828125 9
1756655967860 47.40263366699219 10
1756655970362 46.034183502197266 11
1756655972787 44.346527099609375 12
1756655975207 48.011077880859375 13
1756655977631 60.14885330200195 14
1756655980098 47.70968246459961 15
1756655982589 51.329795837402344 16
1756655985042 43.27303695678711 17
1756655987466 51.6779899597168 18
1756655989886 51.867713928222656 19
1756655992348 42.0926399230957 20
1756655994778 51.21059036254883 21
1756655997234 50.498023986816406 22
1756655999667 49.66261291503906 23
1756656002104 46.39514923095703 24
1756656004579 36.17835235595703 25
1756656007040 44.57637405395508 26
1756656009464 51.16510009765625 27
1756656011890 48.889286041259766 28
1756656014348 43.40338134765625 29
1756656016813 51.085655212402344 30
1756656019287 46.481563568115234 31
1756656021775 38.0265007019043 32
1756656024202 43.13751220703125 33
1756656026634 42.76979446411133 34
1756656029085 43.585182189941406 35
1756656031524 45.40532684326172 36
1756656033975 46.93268585205078 37
1756656036462 42.10206985473633 38
1756656038940 45.29790115356445 39
1756656041403 48.00107955932617 40
1756656043829 47.75441360473633 41
1756656046278 44.32677459716797 42
1756656048741 46.6381950378418 43
1756656051219 48.98875045776367 44
1756656053646 44.78923034667969 45
1756656056089 49.47684097290039 46
1756656058507 50.285396575927734 47
1756656061007 47.23778533935547 48
1756656063446 44.020530700683594 49
1756656065872 41.69205856323242 50
1756656068310 43.32600784301758 51
1756656070757 41.19927978515625 52
1756656073176 55.0037841796875 53
1756656075625 43.82020568847656 54
1756656078046 42.403812408447266 55
1756656080484 48.386966705322266 56
1756656082911 45.88981246948242 57
1756656085343 42.99531936645508 58
1756656087776 48.466407775878906 59
1756656090216 43.09374237060547 60
1756656092639 49.546058654785156 61
1756656095130 46.0445556640625 62
1756656097557 44.877830505371094 63
1756656099985 46.36003112792969 64
1756656102524 45.850467681884766 65
1756656104985 43.126243591308594 66
1756656107418 40.504398345947266 67
1756656109884 43.76201248168945 68
1756656112339 44.163299560546875 69
1756656114778 55.13142776489258 70
1756656117220 40.920372009277344 71
1756656119680 53.86487579345703 72
1756656122126 50.10293960571289 73
1756656124556 43.40767288208008 74
1756656127037 45.834754943847656 75
1756656129483 44.857234954833984 76
1756656131919 48.02461624145508 77
1756656134364 47.99812698364258 78
1756656136837 41.968116760253906 79
1756656139323 38.15317153930664 80
1756656141767 47.415645599365234 81
1756656144187 49.031978607177734 82
1756656146614 47.20517349243164 83
1756656149075 43.588722229003906 84
1756656151541 41.11805725097656 85
1756656153976 45.012718200683594 86
1756656156429 50.97811508178711 87
1756656158858 43.05764389038086 88
1756656161288 49.00592041015625 89
1756656163723 46.43794631958008 90
1756656166147 47.62907791137695 91
1756656168610 48.78639221191406 92
1756656171059 51.25596237182617 93
1756656173523 51.736907958984375 94
1756656175964 40.71668243408203 95
1756656178402 48.82794189453125 96
1756656180860 37.77388381958008 97
1756656183302 50.87915802001953 98
1756656185758 39.01655960083008 99
1756656188213 47.04115676879883 100
1756656190691 51.75832748413086 101
1756656193146 40.07632827758789 102
1756656195624 39.34610366821289 103
1756656198111 45.57560348510742 104
1756656200533 42.30641555786133 105
1756656202996 43.23390579223633 106
1756656205417 39.520259857177734 107
1756656207849 50.52184295654297 108
1756656210302 40.59206008911133 109
1756656212717 51.75123596191406 110
1756656215179 42.92823028564453 111
1756656217639 43.47543716430664 112
1756656220082 44.190940856933594 113
1756656222558 42.25663375854492 114
1756656224967 46.300559997558594 115
1756656227375 47.70479965209961 116
1756656229797 39.384090423583984 117
1756656232232 42.718536376953125 118
1756656234648 40.76255798339844 119
1756656237075 45.67169189453125 120
1756656239502 38.15433883666992 121
1756656241911 42.81423568725586 122
1756656244324 46.807151794433594 123
1756656246741 43.52959060668945 124
1756656249167 50.56318664550781 125
1756656251613 42.13992691040039 126
1756656254028 48.7579345703125 127
1756656256589 43.01542663574219 128
1756656259044 45.8111457824707 129
1756656261458 37.20057678222656 130
1756656263908 48.772281646728516 131
1756656266330 38.43623733520508 132
1756656268795 50.3593635559082 133
1756656271216 45.48175048828125 134
1756656273644 38.587181091308594 135
1756656276078 42.90937805175781 136
1756656278514 48.831153869628906 137
1756656280969 41.31486892700195 138
1756656283419 46.366329193115234 139
1756656285829 39.806068420410156 140
1756656288264 43.604087829589844 141
1756656290689 40.75848388671875 142
1756656293143 46.77808380126953 143
1756656295591 46.1473503112793 144
1756656298020 44.94278335571289 145
1756656300477 39.985260009765625 146
1756656302929 40.47969436645508 147
1756656305347 41.8106575012207 148
1756656307779 49.143226623535156 149
1756656310196 44.7332649230957 150
1756656312648 42.40285110473633 151
1756656315099 46.51675796508789 152
1756656317508 48.745059967041016 153
1756656319933 37.87867736816406 154
1756656322376 41.07813262939453 155
1756656324812 48.608009338378906 156
1756656327227 45.57819366455078 157
1756656329657 51.2706298828125 158
1756656332133 32.828433990478516 159
1756656334573 41.359405517578125 160
1756656337024 46.19964599609375 161
1756656339449 51.2102165222168 162
1756656341883 51.62794876098633 163
1756656344398 45.3638916015625 164
1756656346859 48.59981918334961 165
1756656349301 44.24956130981445 166
1756656351743 37.67145919799805 167
1756656354188 40.007484436035156 168
1756656356613 43.385955810546875 169
1756656359030 43.76057052612305 170
1756656361460 49.88786315917969 171
1756656363912 40.1949462890625 172
1756656366358 43.703590393066406 173
1756656368797 41.76409149169922 174
1756656371267 41.765384674072266 175
1756656373702 37.647457122802734 176
1756656376143 40.64945602416992 177
1756656378556 44.241943359375 178
1756656380974 42.22414779663086 179
1756656383401 38.076332092285156 180
1756656385847 50.94077682495117 181
1756656388269 41.18736267089844 182
1756656390766 33.210777282714844 183
1756656393213 50.99372482299805 184
1756656395650 42.2862434387207 185
1756656398096 48.200416564941406 186
1756656400505 45.124393463134766 187
1756656402918 52.13731384277344 188
1756656405353 40.2169189453125 189
1756656407770 45.614688873291016 190
1756656410235 45.44562911987305 191
1756656412641 44.838768005371094 192
1756656415049 48.58627700805664 193
1756656417481 39.89506149291992 194
1756656419927 49.33351516723633 195
1756656422406 50.85520935058594 196
1756656424851 43.785587310791016 197
1756656427295 49.62077713012695 198
1756656429760 45.7028923034668 199
1756656432174 45.343475341796875 200
1756656434582 41.61805725097656 201
1756656437035 34.7874641418457 202
1756656439509 40.424476623535156 203
1756656441938 50.31642532348633 204
1756656444366 42.64494705200195 205
1756656446848 52.899444580078125 206
1756656449372 49.754825592041016 207
1756656451808 44.99638748168945 208
1756656454245 45.351688385009766 209
1756656456689 49.64340591430664 210
1756656459139 41.03260040283203 211
1756656461605 43.04140853881836 212
1756656464113 39.44014358520508 213
1756656466543 46.74086380004883 214
1756656468986 37.92487335205078 215
1756656471424 33.682838439941406 216
1756656473861 54.127349853515625 217
1756656476307 44.22010803222656 218
1756656478791 39.99770736694336 219
1756656481271 43.56583023071289 220
1756656483720 40.992897033691406 221
1756656486165 44.7801399230957 222
1756656488612 44.81120300292969 223
1756656491095 40.63656234741211 224
1756656493535 43.615455627441406 225
1756656495976 51.56364059448242 226
1756656498411 38.037437438964844 227
1756656500864 39.18783950805664 228
1756656503325 47.695281982421875 229
1756656505780 46.40470886230469 230
1756656508214 41.246360778808594 231
1756656510665 43.54764938354492 232
1756656513168 48.20501708984375 233
1756656515616 47.65203857421875 234
1756656518040 42.44116973876953 235
1756656520466 49.841331481933594 236
1756656522930 47.972530364990234 237
1756656525367 45.63582229614258 238
1756656527815 42.92449951171875 239
1756656530215 45.49884796142578 240
1756656532624 40.041412353515625 241
1756656535045 43.35610580444336 242
1756656537471 44.240211486816406 243
1756656539892 43.19733428955078 244
1756656542324 41.701446533203125 245
1756656544857 44.92429733276367 246
1756656547273 50.98714828491211 247
1756656549746 36.57010269165039 248
1756656552172 37.405364990234375 249
1756656554579 39.01219177246094 250
1756656556987 48.165016174316406 251
1756656559395 45.48619079589844 252
1756656561847 45.410709381103516 253
1756656564303 52.23159408569336 254
1756656566711 43.459556579589844 255
1756656569128 49.42578887939453 256
1756656571544 32.443214416503906 257
1756656573955 44.68641662597656 258
1756656576365 41.12847900390625 259
1756656578812 45.92569351196289 260
1756656581248 42.00304412841797 261
1756656583766 46.609188079833984 262
1756656586224 51.796852111816406 263
1756656588635 38.8580207824707 264
1756656591040 51.212615966796875 265
1756656593450 41.01156234741211 266
1756656595851 48.02168655395508 267
1756656598310 53.713401794433594 268
1756656600901 40.877830505371094 269
1756656603338 44.364383697509766 270
1756656605776 42.931461334228516 271
1756656608230 41.05229187011719 272
1756656610755 45.06815719604492 273
1756656613199 44.930686950683594 274
1756656615641 45.247474670410156 275
1756656618101 47.023311614990234 276
1756656620568 42.86646270751953 277
1756656623002 40.327308654785156 278
1756656625466 39.07554626464844 279
1756656627986 43.15591812133789 280
1756656630474 43.007591247558594 281
1756656632945 42.57834243774414 282
1756656635382 42.88722610473633 283
1756656637873 37.99210739135742 284
1756656640403 40.961238861083984 285
1756656642880 40.41101837158203 286
1756656645347 46.06877899169922 287
1756656647817 43.54312515258789 288
1756656650258 51.058128356933594 289
1756656652698 38.68109130859375 290
1756656655161 45.152305603027344 291
1756656657618 42.9047966003418 292
1756656660103 39.594329833984375 293
1756656662592 43.32870101928711 294
1756656665066 39.143592834472656 295
1756656667549 50.22252655029297 296
1756656669989 39.85824203491211 297
1756656672457 42.0689697265625 298
1756656674898 56.24551773071289 299
1756656686200 92.94883728027344 0
1756656688721 61.36185836791992 1
1756656691242 61.1453742980957 2
1756656693778 55.693572998046875 3
1756656696304 52.80710983276367 4
1756656698855 52.88555908203125 5
1756656701402 46.592437744140625 6
1756656704010 52.44292449951172 7
1756656706549 46.71497344970703 8
1756656709070 51.06929016113281 9
1756656711630 49.446861267089844 10
1756656714180 48.06808090209961 11
1756656716719 48.985984802246094 12
1756656719316 51.67375564575195 13
1756656721843 45.22602081298828 14
1756656724378 46.26993942260742 15
1756656726933 40.38727951049805 16
1756656729455 50.98029708862305 17
1756656732007 49.4938850402832 18
1756656734545 39.77739334106445 19
1756656737088 39.95717239379883 20
1756656739638 43.403812408447266 21
1756656742210 44.70240020751953 22
1756656744753 46.94043731689453 23
1756656747302 48.21535110473633 24
1756656749853 56.9544677734375 25
1756656752398 50.903018951416016 26
1756656754957 46.37971115112305 27
1756656757535 41.59477615356445 28
1756656760075 52.014320373535156 29
1756656762649 49.44900131225586 30
1756656765180 46.8324089050293 31
1756656767730 45.239234924316406 32
1756656770300 48.0193977355957 33
1756656772861 43.44778823852539 34
1756656775407 41.435447692871094 35
1756656777966 43.895042419433594 36
1756656780525 42.75056076049805 37
1756656783089 49.55979919433594 38
1756656785658 51.216552734375 39
1756656788186 52.473594665527344 40
1756656790723 43.21670913696289 41
1756656793268 40.740047454833984 42
1756656795858 48.393409729003906 43
1756656798402 45.968345642089844 44
1756656800936 45.258880615234375 45
1756656803501 46.99981689453125 46
1756656806034 41.265869140625 47
1756656808593 47.79729080200195 48
1756656811123 44.23664474487305 49
1756656813656 47.13762664794922 50
1756656816223 52.0396728515625 51
1756656818759 46.2927360534668 52
1756656821300 39.13682556152344 53
1756656823935 44.684043884277344 54
1756656826518 42.29659652709961 55
1756656829054 46.46232223510742 56
1756656831592 47.85820388793945 57
1756656834125 53.046165466308594 58
1756656836691 45.43510437011719 59
1756656839267 36.44260025024414 60
1756656841847 45.625587463378906 61
1756656844428 52.32719802856445 62
1756656847002 41.231441497802734 63
1756656849548 46.93284606933594 64
1756656852078 41.934410095214844 65
1756656854637 45.3023681640625 66
1756656857195 34.72892379760742 67
1756656859739 42.97995376586914 68
1756656862267 50.32768249511719 69
1756656864813 48.37046813964844 70
1756656867374 39.996726989746094 71
1756656869983 41.094879150390625 72
1756656872523 47.525474548339844 73
1756656875072 47.14994812011719 74
1756656877601 48.90932846069336 75
1756656880146 49.65003204345703 76
1756656882709 39.53358840942383 77
1756656885242 45.9794807434082 78
1756656887810 39.75788497924805 79
1756656890362 49.830509185791016 80
1756656892919 39.18770980834961 81
1756656895454 44.95747375488281 82
1756656898020 34.46611404418945 83
1756656900564 42.50057601928711 84
1756656903114 46.32218933105469 85
1756656905733 39.895591735839844 86
1756656908276 41.58769989013672 87
1756656910851 51.50996017456055 88
1756656913381 42.66691589355469 89
1756656915917 41.088661193847656 90
1756656918497 53.0391845703125 91
1756656921046 48.47339630126953 92
1756656923626 52.92333221435547 93
1756656926187 38.6823844909668 94
1756656928785 49.8780632019043 95
1756656931328 50.56507110595703 96
1756656933872 47.165313720703125 97
1756656936436 40.63276290893555 98
1756656939036 47.282005310058594 99
1756656941638 50.07545471191406 100
1756656944306 42.60539245605469 101
1756656946873 54.14356231689453 102
1756656949398 47.207786560058594 103
1756656951915 57.20465087890625 104
1756656954441 45.5580940246582 105
1756656957003 44.72236251831055 106
1756656959586 49.7484016418457 107
1756656962119 39.44640350341797 108
1756656964759 45.0594367980957 109
1756656967264 45.87641525268555 110
1756656969767 49.66048812866211 111
1756656972298 46.142601013183594 112
1756656974850 40.017024993896484 113
1756656977382 39.1295051574707 114
1756656979882 43.03249740600586 115
1756656982407 43.45612335205078 116
1756656984899 44.18360900878906 117
1756656987456 40.718292236328125 118
1756656989981 43.185298919677734 119
1756656992521 45.424354553222656 120
1756656995018 44.85910415649414 121
1756656997545 47.07353210449219 122
1756657000075 41.92995834350586 123
1756657002596 42.49907302856445 124
1756657005137 49.44280242919922 125
1756657007680 44.7735595703125 126
1756657010222 43.59070587158203 127
1756657012753 46.002052307128906 128
1756657015299 53.5968132019043 129
1756657017822 47.098548889160156 130
1756657020354 42.818016052246094 131
1756657022871 35.0764274597168 132
1756657025389 56.421653747558594 133
1756657027920 45.44417953491211 134
1756657030455 47.55485534667969 135
1756657032967 45.44890213012695 136
1756657035490 49.1647834777832 137
1756657038011 44.11505126953125 138
1756657040540 43.45793914794922 139
1756657043062 41.78838348388672 140
1756657045586 47.92340087890625 141
1756657048113 40.927330017089844 142
1756657050666 42.493412017822266 143
1756657053204 51.4120979309082 144
1756657055726 46.45159149169922 145
1756657058241 48.24357986450195 146
1756657060779 50.90408706665039 147
1756657063380 44.65550994873047 148
1756657065936 41.37270736694336 149
1756657068487 45.172019958496094 150
1756657071067 48.552635192871094 151
1756657073582 44.75458526611328 152
1756657076090 56.71610641479492 153
1756657078602 51.3735237121582 154
1756657081189 44.735652923583984 155
1756657083776 38.805938720703125 156
1756657086298 40.60660171508789 157
1756657088819 44.895050048828125 158
1756657091376 44.04928207397461 159
1756657093906 43.526161193847656 160
1756657096430 45.522743225097656 161
1756657098980 49.91485595703125 162
1756657101492 53.108421325683594 163
1756657104000 50.150779724121094 164
1756657106518 37.758419036865234 165
1756657109039 41.80961990356445 166
1756657111563 40.70027542114258 167
1756657114096 41.70941925048828 168
1756657116624 44.58196258544922 169
1756657119196 49.125152587890625 170
1756657121731 42.02484893798828 171
1756657124268 34.92554473876953 172
1756657126815 46.76652145385742 173
1756657129334 43.089805603027344 174
1756657131881 47.241905212402344 175
1756657134424 45.08580780029297 176
1756657136954 50.22186279296875 177
1756657139485 46.83704376220703 178
1756657142001 45.63444137573242 179
1756657144526 45.05559539794922 180
1756657147089 50.938514709472656 181
1756657149624 44.54389572143555 182
1756657152147 47.352317810058594 183
1756657154654 60.548789978027344 184
1756657157176 37.64533996582031 185
1756657159724 46.72029495239258 186
1756657162267 46.40863037109375 187
1756657164785 42.10978317260742 188
1756657167310 47.98375701904297 189
1756657169851 51.230812072753906 190
1756657172377 49.95668411254883 191
1756657174911 39.61353302001953 192
1756657177526 54.748069763183594 193
1756657180063 47.729652404785156 194
1756657182662 42.73754119873047 195
1756657185181 43.01226043701172 196
1756657187752 46.396331787109375 197
1756657190298 40.726905822753906 198
1756657192862 45.60725402832031 199
1756657195392 46.423439025878906 200
1756657197964 39.962974548339844 201
1756657200468 44.24212646484375 202
1756657202994 51.6930046081543 203
1756657205519 46.02549362182617 204
1756657208025 41.298927307128906 205
1756657210537 48.25409698486328 206
1756657213070 43.912349700927734 207
1756657215589 44.41584014892578 208
1756657218106 49.727664947509766 209
1756657220616 44.1058349609375 210
1756657223148 53.58207321166992 211
1756657225698 47.30905532836914 212
1756657228234 49.5443115234375 213
1756657230745 47.06483840942383 214
1756657233251 41.33425521850586 215
1756657235771 42.07331848144531 216
1756657238299 42.80958557128906 217
1756657240823 46.640541076660156 218
1756657243336 48.435142517089844 219
1756657245873 46.830936431884766 220
1756657248461 43.347389221191406 221
1756657251076 47.565330505371094 222
1756657253584 53.1312255859375 223
1756657256130 37.205589294433594 224
1756657258640 49.87371063232422 225
1756657261161 52.623374938964844 226
1756657263670 46.49748229980469 227
1756657266215 43.88434600830078 228
1756657268750 48.89509201049805 229
1756657271251 44.1572265625 230
1756657273754 49.41315841674805 231
1756657276290 47.42999267578125 232
1756657278823 54.66328811645508 233
1756657281328 37.80329132080078 234
1756657283865 47.544044494628906 235
1756657286393 49.9993896484375 236
1756657288982 49.816932678222656 237
1756657291528 48.68217086791992 238
1756657294042 47.05595779418945 239
1756657296568 42.93012619018555 240
1756657299091 46.815773010253906 241
1756657301659 51.95295333862305 242
1756657304322 50.859310150146484 243
1756657306880 43.86005783081055 244
1756657309431 48.12797927856445 245
1756657311945 50.26142883300781 246
1756657314484 40.71263885498047 247
1756657317017 39.99778747558594 248
1756657319590 45.1848030090332 249
1756657322204 46.3059196472168 250
1756657324813 45.55642318725586 251
1756657327344 47.96100997924805 252
1756657329906 49.939598083496094 253
1756657332435 41.269901275634766 254
1756657334967 50.14897537231445 255
1756657337525 46.404205322265625 256
1756657340075 39.11172103881836 257
1756657342621 40.198631286621094 258
1756657345152 44.54235076904297 259
1756657347686 49.960975646972656 260
1756657350244 41.99462890625 261
1756657352786 46.98120880126953 262
1756657355320 52.187721252441406 263
1756657357900 50.12514114379883 264
1756657360472 49.28963088989258 265
1756657362990 52.167694091796875 266
1756657365516 47.52518081665039 267
1756657368053 42.13666534423828 268
1756657370587 42.52567672729492 269
1756657373129 47.936798095703125 270
1756657375669 45.086509704589844 271
1756657378239 43.51488494873047 272
1756657380833 51.89586639404297 273
1756657383373 44.507164001464844 274
1756657385898 50.84425354003906 275
1756657388460 49.081138610839844 276
1756657391024 50.84700393676758 277
1756657393541 39.793067932128906 278
1756657396063 56.30480194091797 279
1756657398573 42.72578430175781 280
1756657401082 43.47993087768555 281
1756657403593 45.34560775756836 282
1756657406168 46.52286911010742 283
1756657408726 51.095027923583984 284
1756657411233 40.85154724121094 285
1756657413807 39.94097137451172 286
1756657416388 50.69612503051758 287
1756657418945 46.46506118774414 288
1756657421448 40.40447235107422 289
1756657424093 38.7205696105957 290
1756657426605 41.957618713378906 291
1756657429117 43.165489196777344 292
1756657431635 40.793182373046875 293
1756657434166 37.8761100769043 294
1756657436681 45.60253143310547 295
1756657439190 40.46712112426758 296
1756657441729 50.825462341308594 297
1756657444283 42.88966369628906 298
1756657446801 40.94218444824219 299
1756657458626 93.64788055419922 0
1756657461637 68.84444427490234 1
1756657464650 58.76074981689453 2
1756657467701 65.30370330810547 3
1756657470823 60.263004302978516 4
1756657473866 60.57600021362305 5
1756657476930 56.956146240234375 6
1756657480053 55.07710647583008 7
1756657483082 60.64943313598633 8
1756657486123 63.04148483276367 9
1756657489168 67.15839385986328 10
1756657492255 65.06222534179688 11
1756657495336 70.80313873291016 12
1756657498379 53.08091735839844 13
1756657501489 66.45368194580078 14
1756657504519 52.53638458251953 15
1756657507576 62.45925521850586 16
1756657510683 44.55213165283203 17
1756657513742 62.71727752685547 18
1756657516820 56.58658218383789 19
1756657519858 59.69768142700195 20
1756657522897 57.58885955810547 21
1756657525949 56.24970245361328 22
1756657529003 58.723533630371094 23
1756657532085 57.44898223876953 24
1756657535184 55.52910614013672 25
1756657538221 57.19565963745117 26
1756657541267 53.35890579223633 27
1756657544429 56.202693939208984 28
1756657547566 56.417659759521484 29
1756657550652 55.50899887084961 30
1756657553710 56.92457580566406 31
1756657556798 48.07758331298828 32
1756657559910 66.33415985107422 33
1756657562974 49.97537612915039 34
1756657566065 51.70826721191406 35
1756657569126 63.150230407714844 36
1756657572177 57.126224517822266 37
1756657575279 47.0057487487793 38
1756657578365 60.46092987060547 39
1756657581449 58.16181945800781 40
1756657584557 51.576881408691406 41
1756657587609 60.48091506958008 42
1756657590736 58.608585357666016 43
1756657593799 55.78205490112305 44
1756657596833 51.20570373535156 45
1756657599906 54.63697052001953 46
1756657602971 54.903995513916016 47
1756657606046 53.588077545166016 48
1756657609154 59.23286056518555 49
1756657612247 54.657752990722656 50
1756657615300 50.988399505615234 51
1756657618380 60.36085891723633 52
1756657621449 52.33503341674805 53
1756657624508 57.26665115356445 54
1756657627651 54.64688491821289 55
1756657630715 52.886878967285156 56
1756657633772 57.781192779541016 57
1756657636833 62.446529388427734 58
1756657639921 54.1962890625 59
1756657643026 54.0955810546875 60
1756657646085 52.23423385620117 61
1756657649171 56.25284957885742 62
1756657652256 53.76324462890625 63
1756657655352 52.3647346496582 64
1756657658381 56.4799690246582 65
1756657661485 54.44921112060547 66
1756657664657 60.58472442626953 67
1756657667682 48.20709228515625 68
1756657670715 64.65729522705078 69
1756657673791 55.534202575683594 70
1756657676855 49.8699951171875 71
1756657679901 66.58207702636719 72
1756657683011 54.918190002441406 73
1756657686128 59.819732666015625 74
1756657689210 47.35486602783203 75
1756657692334 57.38896179199219 76
1756657695390 65.08084106445312 77
1756657698465 53.029666900634766 78
1756657701570 51.231510162353516 79
1756657704639 59.13926696777344 80
1756657707706 61.12743377685547 81
1756657710813 55.93974304199219 82
1756657713853 43.880184173583984 83
1756657716879 58.549007415771484 84
1756657720001 55.07755661010742 85
1756657723041 57.28761672973633 86
1756657726120 50.18994140625 87
1756657729196 58.77651596069336 88
1756657732243 64.59579467773438 89
1756657735381 53.86795425415039 90
1756657738459 57.831111907958984 91
1756657741500 56.7989387512207 92
1756657744616 59.87714385986328 93
1756657747743 64.22991943359375 94
1756657750812 57.3170051574707 95
1756657753870 51.061988830566406 96
1756657756944 54.377960205078125 97
1756657759990 53.95875549316406 98
1756657763113 60.54603958129883 99
1756657766179 57.57630920410156 100
1756657769310 58.48124694824219 101
1756657772417 57.21944046020508 102
1756657775539 58.29779052734375 103
1756657778613 51.13054275512695 104
1756657781701 59.8597526550293 105
1756657784839 57.10392379760742 106
1756657787917 55.85695266723633 107
1756657790974 54.316097259521484 108
1756657794046 54.40718460083008 109
1756657797159 57.88861083984375 110
1756657800213 46.9688720703125 111
1756657803318 55.90911102294922 112
1756657806385 55.340877532958984 113
1756657809434 50.80345916748047 114
1756657812532 54.775272369384766 115
1756657815604 56.14408493041992 116
1756657818666 56.38310241699219 117
1756657821716 50.5191764831543 118
1756657824773 51.149112701416016 119
1756657827814 45.400787353515625 120
1756657830883 54.99488067626953 121
1756657833929 61.37510681152344 122
1756657837058 59.65083694458008 123
1756657840130 52.668922424316406 124
1756657843167 53.07831573486328 125
1756657846243 56.021793365478516 126
1756657849322 59.26282501220703 127
1756657852368 59.20891189575195 128
1756657855486 53.28940200805664 129
1756657858558 50.12457275390625 130
1756657861623 47.81237030029297 131
1756657864665 53.3768310546875 132
1756657867761 57.85672378540039 133
1756657870884 54.66015625 134
1756657873958 55.50970458984375 135
1756657877000 55.46959686279297 136
1756657880047 55.45917510986328 137
1756657883161 54.7646369934082 138
1756657886194 51.650970458984375 139
1756657889243 55.42767333984375 140
1756657892275 56.533294677734375 141
1756657895363 56.58139419555664 142
1756657898447 45.52073287963867 143
1756657901582 49.6783447265625 144
1756657904801 59.31377410888672 145
1756657907859 56.89850997924805 146
1756657910916 55.078792572021484 147
1756657913959 50.7084846496582 148
1756657917006 56.3905143737793 149
1756657920048 57.049346923828125 150
1756657923097 58.128868103027344 151
1756657926160 53.41516876220703 152
1756657929221 64.35844421386719 153
1756657932286 58.54610061645508 154
1756657935388 57.29986572265625 155
1756657938426 50.226295471191406 156
1756657941476 55.66511154174805 157
1756657944524 59.25568771362305 158
1756657947571 55.821231842041016 159
1756657950616 53.82617950439453 160
1756657953646 48.844383239746094 161
1756657956738 56.060298919677734 162
1756657959842 57.84001159667969 163
1756657962894 55.58760452270508 164
1756657965990 56.5164794921875 165
1756657969043 54.8394775390625 166
1756657972104 51.87436294555664 167
1756657975144 55.76011276245117 168
1756657978198 60.36263656616211 169
1756657981222 49.989219665527344 170
1756657984298 60.37800216674805 171
1756657987349 54.44028091430664 172
1756657990434 52.014869689941406 173
1756657993541 55.25654983520508 174
1756657996613 55.25630569458008 175
1756657999705 54.28647994995117 176
1756658002764 48.78041458129883 177
1756658005821 55.93667221069336 178
1756658008865 50.627628326416016 179
1756658011922 49.996795654296875 180
1756658015004 54.84577560424805 181
1756658018081 58.84819412231445 182
1756658021124 59.91767120361328 183
1756658024277 52.43018341064453 184
1756658027318 55.11298370361328 185
1756658030398 54.26154708862305 186
1756658033432 59.925899505615234 187
1756658036468 53.04275894165039 188
1756658039510 50.61599349975586 189
1756658042581 57.020198822021484 190
1756658045720 57.173927307128906 191
1756658048754 51.464691162109375 192
1756658051828 54.656620025634766 193
1756658054916 53.0650520324707 194
1756658057951 56.94558334350586 195
1756658061001 51.68765640258789 196
1756658064023 52.47734832763672 197
1756658067104 58.298439025878906 198
1756658070162 56.787418365478516 199
1756658073228 59.50971603393555 200
1756658076302 55.68617248535156 201
1756658079344 54.44573211669922 202
1756658082400 45.50229263305664 203
1756658085471 58.02705383300781 204
1756658088520 54.154415130615234 205
1756658091574 55.43170928955078 206
1756658094636 58.39107131958008 207
1756658097756 54.33739471435547 208
1756658100782 64.7182388305664 209
1756658103866 49.19816207885742 210
1756658106962 57.64725112915039 211
1756658110049 57.4700927734375 212
1756658113087 58.46987533569336 213
1756658116164 62.894718170166016 214
1756658119189 51.9935417175293 215
1756658122246 47.3785285949707 216
1756658125391 54.11956024169922 217
1756658128449 56.74930953979492 218
1756658131502 53.28880310058594 219
1756658134535 48.804443359375 220
1756658137608 55.851654052734375 221
1756658140671 52.54315948486328 222
1756658143832 60.58857727050781 223
1756658146893 54.89426040649414 224
1756658149934 52.06773376464844 225
1756658152997 48.168251037597656 226
1756658156106 52.47718048095703 227
1756658159161 55.82136154174805 228
1756658162227 50.06822204589844 229
1756658165294 59.67707443237305 230
1756658168468 49.52533721923828 231
1756658171533 52.794532775878906 232
1756658174576 60.170589447021484 233
1756658177662 60.485862731933594 234
1756658180702 54.79386520385742 235
1756658183726 49.045955657958984 236
1756658186755 60.191097259521484 237
1756658189826 61.20033645629883 238
1756658192953 60.627967834472656 239
1756658195999 48.76342010498047 240
1756658199028 57.448951721191406 241
1756658202090 54.130680084228516 242
1756658205184 58.84300231933594 243
1756658208212 62.66566848754883 244
1756658211328 62.03557586669922 245
1756658214426 48.941925048828125 246
1756658217491 55.686546325683594 247
1756658220544 49.12651824951172 248
1756658223581 53.05202865600586 249
1756658226632 52.079471588134766 250
1756658229686 50.46516418457031 251
1756658232779 56.209449768066406 252
1756658235830 56.55477523803711 253
1756658238920 63.623355865478516 254
1756658241971 56.40039825439453 255
1756658245017 59.85708999633789 256
1756658248063 54.107383728027344 257
1756658251171 47.71622085571289 258
1756658254197 52.38775634765625 259
1756658257305 61.16956329345703 260
1756658260384 51.86722946166992 261
1756658263508 51.40665817260742 262
1756658266556 56.3802604675293 263
1756658269609 52.859832763671875 264
1756658272655 58.79848861694336 265
1756658275689 59.00704574584961 266
1756658278747 56.66343688964844 267
1756658281813 55.75666809082031 268
1756658284928 51.75955581665039 269
1756658288029 60.305633544921875 270
1756658291131 52.380470275878906 271
1756658294166 55.33614730834961 272
1756658297212 57.58564758300781 273
1756658300246 55.26348114013672 274
1756658303302 51.015892028808594 275
1756658306372 62.99161148071289 276
1756658309409 58.78158950805664 277
1756658312488 55.24859619140625 278
1756658315597 47.21853256225586 279
1756658318670 56.560638427734375 280
1756658321714 52.27796173095703 281
1756658324741 56.66951370239258 282
1756658327806 55.28788757324219 283
1756658330880 52.130741119384766 284
1756658333953 60.01227569580078 285
1756658337021 58.007904052734375 286
1756658340040 56.76362991333008 287
1756658343082 54.491024017333984 288
1756658346126 58.75770568847656 289
1756658349164 54.32632064819336 290
1756658352311 46.96723556518555 291
1756658355357 55.245994567871094 292
1756658358411 51.663597106933594 293
1756658361546 49.78441619873047 294
1756658364658 55.587432861328125 295
1756658367685 60.7381706237793 296
1756658370765 65.4458999633789 297
1756658373805 58.54833221435547 298
1756658376840 48.35465621948242 299
1756658388766 99.93569946289062 0
1756658391748 97.60552978515625 1
1756658394760 78.99237823486328 2
1756658397783 72.42219543457031 3
1756658400785 69.78002166748047 4
1756658403865 76.84169006347656 5
1756658406876 67.32110595703125 6
1756658409905 66.67738342285156 7
1756658412930 68.78450012207031 8
1756658415994 59.901641845703125 9
1756658419037 65.82876586914062 10
1756658422050 53.87099075317383 11
1756658425065 63.384918212890625 12
1756658428096 67.80452728271484 13
1756658431188 62.89208984375 14
1756658434242 70.77058410644531 15
1756658437335 67.97703552246094 16
1756658440428 64.935546875 17
1756658443495 58.75578689575195 18
1756658446512 66.03264617919922 19
1756658449546 65.2695541381836 20
1756658452603 53.979766845703125 21
1756658455681 54.267601013183594 22
1756658458701 67.09130096435547 23
1756658461718 61.02515411376953 24
1756658464749 61.637001037597656 25
1756658467767 65.90544128417969 26
1756658470840 54.34272003173828 27
1756658473908 58.37446212768555 28
1756658476974 58.82098388671875 29
1756658480053 69.90068054199219 30
1756658483069 60.581329345703125 31
1756658486158 54.731719970703125 32
1756658489212 62.90283203125 33
1756658492234 62.55602264404297 34
1756658495265 51.136085510253906 35
1756658498336 58.0131721496582 36
1756658501410 60.66278839111328 37
1756658504587 56.741127014160156 38
1756658507634 64.29379272460938 39
1756658510661 53.30559158325195 40
1756658513750 54.239707946777344 41
1756658516803 67.6551742553711 42
1756658519880 66.38874053955078 43
1756658522916 51.453590393066406 44
1756658525960 60.13824462890625 45
1756658529008 57.874900817871094 46
1756658532087 63.08295822143555 47
1756658535117 57.98307418823242 48
1756658538162 56.243995666503906 49
1756658541203 67.16741180419922 50
1756658544256 55.58015823364258 51
1756658547324 57.23337936401367 52
1756658550382 68.58819580078125 53
1756658553439 56.29108810424805 54
1756658556483 49.00684356689453 55
1756658559551 60.16876983642578 56
1756658562628 54.43407440185547 57
1756658565709 58.286888122558594 58
1756658568741 59.253623962402344 59
1756658571799 45.112205505371094 60
1756658574864 61.60223388671875 61
1756658577982 57.7740364074707 62
1756658581110 60.19061279296875 63
1756658584202 55.310447692871094 64
1756658587250 46.4157829284668 65
1756658590273 53.31245040893555 66
1756658593309 50.249664306640625 67
1756658596389 55.6771240234375 68
1756658599441 63.882057189941406 69
1756658602515 53.5670051574707 70
1756658605607 61.809288024902344 71
1756658608784 54.92316818237305 72
1756658611883 61.5223388671875 73
1756658614932 57.8573112487793 74
1756658618047 43.661231994628906 75
1756658621125 61.386024475097656 76
1756658624309 62.63151931762695 77
1756658627363 50.596580505371094 78
1756658630442 61.468605041503906 79
1756658633554 61.71498489379883 80
1756658636684 53.03192901611328 81
1756658639739 58.1931037902832 82
1756658642868 57.03156280517578 83
1756658645980 56.21916580200195 84
1756658649033 55.768104553222656 85
1756658652114 55.840354919433594 86
1756658655184 59.139305114746094 87
1756658658218 61.10442352294922 88
1756658661269 62.68981170654297 89
1756658664315 56.41774368286133 90
1756658667384 62.73492431640625 91
1756658670471 59.3978157043457 92
1756658673586 58.81609344482422 93
1756658676656 55.480979919433594 94
1756658679726 54.18976593017578 95
1756658682799 56.47956085205078 96
1756658685873 61.77952194213867 97
1756658688923 56.32651901245117 98
1756658692015 54.47844696044922 99
1756658695076 52.050323486328125 100
1756658698119 60.352027893066406 101
1756658701197 60.1886100769043 102
1756658704230 58.097198486328125 103
1756658707326 51.903724670410156 104
1756658710413 56.87976837158203 105
1756658713473 61.553802490234375 106
1756658716498 57.218101501464844 107
1756658719568 57.04222869873047 108
1756658722625 50.092891693115234 109
1756658725691 57.12353515625 110
1756658728789 53.56561279296875 111
1756658731916 61.05267333984375 112
1756658734974 55.862098693847656 113
1756658738005 66.57518768310547 114
1756658741094 55.93994140625 115
1756658744158 55.800071716308594 116
1756658747241 58.22452926635742 117
1756658750338 55.12614822387695 118
1756658753381 69.03710174560547 119
1756658756411 58.27106475830078 120
1756658759483 57.08119583129883 121
1756658762554 55.7072639465332 122
1756658765584 63.22040939331055 123
1756658768631 55.14689254760742 124
1756658771741 49.5560417175293 125
1756658774820 56.80108642578125 126
1756658777882 54.94336700439453 127
1756658780976 57.44416046142578 128
1756658784031 59.678192138671875 129
1756658787105 52.94343185424805 130
1756658790185 47.663326263427734 131
1756658793229 57.7613525390625 132
1756658796350 60.3885383605957 133
1756658799414 56.879112243652344 134
1756658802463 52.978919982910156 135
1756658805537 63.83506393432617 136
1756658808615 55.2935905456543 137
1756658811741 53.023651123046875 138
1756658814785 57.89347457885742 139
1756658817895 53.839141845703125 140
1756658820955 52.901084899902344 141
1756658824021 56.911773681640625 142
1756658827126 50.32460403442383 143
1756658830178 47.530269622802734 144
1756658833231 67.49708557128906 145
1756658836308 66.14563751220703 146
1756658839396 58.53974151611328 147
1756658842466 49.12494659423828 148
1756658845523 56.38965606689453 149
1756658848558 55.803672790527344 150
1756658851645 53.497283935546875 151
1756658854720 63.216773986816406 152
1756658857820 54.332862854003906 153
1756658860904 62.610511779785156 154
1756658864046 56.56718063354492 155
1756658867120 46.64193344116211 156
1756658870219 55.76005935668945 157
1756658873273 57.73212814331055 158
1756658876423 53.41695022583008 159
1756658879485 56.93186569213867 160
1756658882608 63.870452880859375 161
1756658885686 52.84441375732422 162
1756658888760 59.027809143066406 163
1756658891886 58.86919021606445 164
1756658894972 52.9807014465332 165
1756658898037 49.50012969970703 166
1756658901146 48.31031036376953 167
1756658904264 52.63267135620117 168
1756658907297 54.947837829589844 169
1756658910361 56.041465759277344 170
1756658913432 54.673561096191406 171
1756658916532 58.27132034301758 172
1756658919616 54.648590087890625 173
1756658922660 48.81182098388672 174
1756658925731 60.02327346801758 175
1756658928791 59.92148971557617 176
1756658931851 57.650360107421875 177
1756658934960 46.73988342285156 178
1756658937992 55.273651123046875 179
1756658941049 58.896461486816406 180
1756658944128 55.491912841796875 181
1756658947191 50.934226989746094 182
1756658950225 53.606842041015625 183
1756658953276 58.742347717285156 184
1756658956337 54.17839431762695 185
1756658959371 53.99882125854492 186
1756658962405 55.7986946105957 187
1756658965483 61.9370231628418 188
1756658968514 46.28858184814453 189
1756658971578 59.75861740112305 190
1756658974627 49.58378219604492 191
1756658977678 58.154396057128906 192
1756658980752 57.76088333129883 193
1756658983925 51.33325958251953 194
1756658986961 62.22822189331055 195
1756658990063 49.72529220581055 196
1756658993153 54.6324348449707 197
1756658996234 55.13988494873047 198
1756658999316 58.25726318359375 199
1756659002371 59.502723693847656 200
1756659005396 50.88743209838867 201
1756659008467 60.884910583496094 202
1756659011513 54.567832946777344 203
1756659014548 51.081451416015625 204
1756659017674 64.0179672241211 205
1756659020760 57.72601318359375 206
1756659023821 59.62084197998047 207
1756659026895 55.86674880981445 208
1756659030005 68.39442443847656 209
1756659033122 53.7232666015625 210
1756659036157 57.91813278198242 211
1756659039233 57.56520462036133 212
1756659042287 53.79304122924805 213
1756659045332 59.957908630371094 214
1756659048362 48.576202392578125 215
1756659051443 55.78574752807617 216
1756659054483 49.58833694458008 217
1756659057556 54.579017639160156 218
1756659060635 60.03892135620117 219
1756659063665 50.127933502197266 220
1756659066749 59.229270935058594 221
1756659069825 55.260337829589844 222
1756659072895 48.93113708496094 223
1756659075942 61.63383865356445 224
1756659079038 50.00487518310547 225
1756659082092 55.87662887573242 226
1756659085151 64.71414184570312 227
1756659088244 53.599266052246094 228
1756659091370 54.05482864379883 229
1756659094478 54.3103141784668 230
1756659097569 54.58281707763672 231
1756659100622 53.83931350708008 232
1756659103815 54.17980194091797 233
1756659106930 62.81829071044922 234
1756659109992 50.62735366821289 235
1756659113082 59.26080322265625 236
1756659116137 56.876434326171875 237
1756659119217 62.846458435058594 238
1756659122321 49.08808898925781 239
1756659125373 53.879310607910156 240
1756659128457 67.75777435302734 241
1756659131491 56.96824264526367 242
1756659134552 56.049407958984375 243
1756659137610 65.99696350097656 244
1756659140636 60.36358642578125 245
1756659143672 59.93986892700195 246
1756659146752 51.13605880737305 247
1756659149851 58.63837814331055 248
1756659152927 50.894920349121094 249
1756659155963 57.6722526550293 250
1756659159009 53.230186462402344 251
1756659162052 57.95329666137695 252
1756659165086 57.43614959716797 253
1756659168119 57.099693298339844 254
1756659171194 61.80344772338867 255
1756659174227 59.1489372253418 256
1756659177356 60.151527404785156 257
1756659180479 46.21354675292969 258
1756659183579 44.6517333984375 259
1756659186635 64.96098327636719 260
1756659189734 56.29819869995117 261
1756659192841 54.20637130737305 262
1756659195898 57.23799514770508 263
1756659199001 50.372928619384766 264
1756659202048 53.3527946472168 265
1756659205110 62.69890213012695 266
1756659208177 43.39002990722656 267
1756659211252 51.29381561279297 268
1756659214286 52.62799835205078 269
1756659217331 54.46806716918945 270
1756659220469 53.29041290283203 271
1756659223632 46.36874008178711 272
1756659226707 49.69363784790039 273
1756659229774 52.072654724121094 274
1756659232858 54.60755157470703 275
1756659235931 63.00127410888672 276
1756659238982 53.79559326171875 277
1756659242031 54.0783576965332 278
1756659245084 56.1507568359375 279
1756659248153 59.013771057128906 280
1756659251200 49.99453353881836 281
1756659254322 54.18708419799805 282
1756659257379 52.85982131958008 283
1756659260468 59.83876419067383 284
1756659263542 51.20766067504883 285
1756659266615 55.171417236328125 286
1756659269707 55.50072479248047 287
1756659272827 58.427452087402344 288
1756659275908 60.5096549987793 289
1756659279016 52.42652130126953 290
1756659282119 56.069488525390625 291
1756659285180 57.6878547668457 292
1756659288246 53.59735107421875 293
1756659291355 55.9056396484375 294
1756659294429 61.682029724121094 295
1756659297488 54.75257110595703 296
1756659300522 52.01530075073242 297
1756659303562 53.786231994628906 298
1756659306607 64.61262512207031 299
1756659318520 90.92920684814453 0
1756659321504 73.12226104736328 1
1756659324490 78.91786193847656 2
1756659327486 64.94915008544922 3
1756659330483 66.71393585205078 4
1756659333500 64.83370971679688 5
1756659336544 62.08125305175781 6
1756659339584 56.7469482421875 7
1756659342678 61.29780197143555 8
1756659345698 53.88072204589844 9
1756659348723 54.16200256347656 10
1756659351749 51.2684440612793 11
1756659354761 49.66845703125 12
1756659357767 62.27593994140625 13
1756659360788 55.88819122314453 14
1756659363824 55.31674575805664 15
1756659366841 58.63703918457031 16
1756659369864 48.087860107421875 17
1756659372883 54.3994255065918 18
1756659375898 50.18327713012695 19
1756659378906 60.29874038696289 20
1756659381939 54.376922607421875 21
1756659384979 49.16147232055664 22
1756659387994 52.269344329833984 23
1756659390995 52.928443908691406 24
1756659394059 57.961875915527344 25
1756659397094 49.685760498046875 26
1756659400099 55.532596588134766 27
1756659403155 63.27447509765625 28
1756659406171 62.71967697143555 29
1756659409227 61.09141540527344 30
1756659412291 51.37718963623047 31
1756659415370 52.57965850830078 32
1756659418385 60.952247619628906 33
1756659421390 57.91238021850586 34
1756659424395 45.708457946777344 35
1756659427411 49.617706298828125 36
1756659430418 54.72583770751953 37
1756659433458 47.98314666748047 38
1756659436493 44.30801773071289 39
1756659439508 52.90559005737305 40
1756659442541 48.97216033935547 41
1756659445636 43.85989761352539 42
1756659448681 51.98786544799805 43
1756659451749 58.796329498291016 44
1756659454802 54.62348556518555 45
1756659457808 51.88087844848633 46
1756659460819 52.30708694458008 47
1756659463957 54.138790130615234 48
1756659466991 58.48711395263672 49
1756659470084 52.859840393066406 50
1756659473125 48.43955993652344 51
1756659476169 48.09678649902344 52
1756659479240 53.18463134765625 53
1756659482342 49.04512023925781 54
1756659485388 48.23412322998047 55
1756659488414 45.00968551635742 56
1756659491507 54.934688568115234 57
1756659494589 52.518611907958984 58
1756659497697 47.91383361816406 59
1756659500739 60.93519973754883 60
1756659503782 48.67582321166992 61
1756659506839 53.14259719848633 62
1756659509930 45.76919937133789 63
1756659513029 48.020957946777344 64
1756659516102 49.07007598876953 65
1756659519134 50.451438903808594 66
1756659522159 58.141563415527344 67
1756659525212 45.55118942260742 68
1756659528229 55.34082794189453 69
1756659531245 51.46699905395508 70
1756659534294 52.016639709472656 71
1756659537396 44.907752990722656 72
1756659540426 51.182918548583984 73
1756659543463 55.923370361328125 74
1756659546540 50.914466857910156 75
1756659549594 53.18416213989258 76
1756659552648 51.174930572509766 77
1756659555683 50.26538848876953 78
1756659558742 40.13182830810547 79
1756659561781 46.81993103027344 80
1756659564842 53.13603973388672 81
1756659567863 50.191654205322266 82
1756659570934 45.94983673095703 83
1756659573991 56.75676727294922 84
1756659577091 54.26362228393555 85
1756659580129 46.563438415527344 86
1756659583203 51.94185256958008 87
1756659586271 53.780731201171875 88
1756659589284 52.19086837768555 89
1756659592320 53.11105728149414 90
1756659595373 47.782535552978516 91
1756659598454 48.33057403564453 92
1756659601471 47.7239875793457 93
1756659604480 52.01617431640625 94
1756659607522 56.01121139526367 95
1756659610546 48.13304901123047 96
1756659613591 51.622520446777344 97
1756659616635 46.012638092041016 98
1756659619669 47.44641876220703 99
1756659622684 61.71520233154297 100
1756659625735 49.53596115112305 101
1756659628781 58.271514892578125 102
1756659631864 56.6035270690918 103
1756659634890 48.892845153808594 104
1756659637921 54.67572021484375 105
1756659640932 55.877769470214844 106
1756659643979 56.98967361450195 107
1756659647003 44.48796463012695 108
1756659650029 55.005619049072266 109
1756659653091 51.0573616027832 110
1756659656098 51.041133880615234 111
1756659659102 44.900630950927734 112
1756659662137 41.03318405151367 113
1756659665156 45.00175094604492 114
1756659668203 55.64912414550781 115
1756659671238 51.46457290649414 116
1756659674266 50.962669372558594 117
1756659677264 51.07831573486328 118
1756659680299 56.57505416870117 119
1756659683337 51.492454528808594 120
1756659686338 42.94454574584961 121
1756659689380 59.8226432800293 122
1756659692417 48.028324127197266 123
1756659695430 54.13888168334961 124
1756659698491 52.60652542114258 125
1756659701510 59.29374313354492 126
1756659704625 50.68553924560547 127
1756659707665 46.44767379760742 128
1756659710670 49.47331619262695 129
1756659713681 49.91084289550781 130
1756659716705 48.50236129760742 131
1756659719777 58.229888916015625 132
1756659722814 52.517608642578125 133
1756659725875 46.25118637084961 134
1756659728901 46.234519958496094 135
1756659731920 59.430625915527344 136
1756659734954 54.478397369384766 137
1756659737966 51.73366165161133 138
1756659741046 48.65735626220703 139
1756659744114 56.23567199707031 140
1756659747190 48.74319076538086 141
1756659750215 48.1849365234375 142
1756659753253 56.03187561035156 143
1756659756283 54.4521484375 144
1756659759287 50.6888542175293 145
1756659762297 55.45989227294922 146
1756659765301 49.76229476928711 147
1756659768316 55.974178314208984 148
1756659771446 53.263221740722656 149
1756659774453 59.005348205566406 150
1756659777486 53.5619010925293 151
1756659780497 50.34923553466797 152
1756659783494 46.20406723022461 153
1756659786522 50.4453010559082 154
1756659789535 54.60490036010742 155
1756659792595 52.49658203125 156
1756659795668 47.06581115722656 157
1756659798678 55.00084686279297 158
1756659801698 51.01283264160156 159
1756659804838 49.609466552734375 160
1756659807874 57.158042907714844 161
1756659810992 53.938846588134766 162
1756659814007 52.9399299621582 163
1756659817018 54.147193908691406 164
1756659820014 49.85637664794922 165
1756659823168 54.9036865234375 166
1756659826171 48.784915924072266 167
1756659829232 54.77560043334961 168
1756659832301 50.43488693237305 169
1756659835378 46.476043701171875 170
1756659838424 44.70760726928711 171
1756659841435 54.41488265991211 172
1756659844483 45.007591247558594 173
1756659847513 59.00163650512695 174
1756659850534 53.23213195800781 175
1756659853581 55.338340759277344 176
1756659856633 49.37515640258789 177
1756659859650 53.435855865478516 178
1756659862647 49.37667465209961 179
1756659865661 53.80681228637695 180
1756659868695 51.09320831298828 181
1756659871721 55.5419807434082 182
1756659874716 52.60469436645508 183
1756659877764 59.247257232666016 184
1756659880794 53.964393615722656 185
1756659883815 51.038475036621094 186
1756659886885 53.025508880615234 187
1756659889885 48.58686065673828 188
1756659892875 48.45496368408203 189
1756659895871 51.40129852294922 190
1756659898868 50.40907287597656 191
1756659901907 49.758602142333984 192
1756659904927 47.289306640625 193
1756659908056 50.22909927368164 194
1756659911111 56.4395751953125 195
1756659914121 58.65762710571289 196
1756659917164 50.7838134765625 197
1756659920181 46.92802429199219 198
1756659923208 46.57658767700195 199
1756659926237 56.511417388916016 200
1756659929302 51.34343719482422 201
1756659932372 46.87416076660156 202
1756659935422 49.86576461791992 203
1756659938509 50.1480712890625 204
1756659941534 47.527095794677734 205
1756659944617 53.34634017944336 206
1756659947641 51.35251235961914 207
1756659950713 47.6002082824707 208
1756659953735 47.87259292602539 209
1756659956796 50.073726654052734 210
1756659959890 48.439903259277344 211
1756659962920 54.39618682861328 212
1756659966046 50.96000671386719 213
1756659969072 51.57095718383789 214
1756659972103 53.8994140625 215
1756659975149 49.099876403808594 216
1756659978191 50.492408752441406 217
1756659981217 53.01283264160156 218
1756659984281 47.80085372924805 219
1756659987317 51.46996307373047 220
1756659990370 57.67401885986328 221
1756659993434 56.0752067565918 222
1756659996474 58.52566146850586 223
1756659999491 47.69611358642578 224
1756660002517 49.3578987121582 225
1756660005541 51.71743392944336 226
1756660008540 58.049137115478516 227
1756660011549 56.78726577758789 228
1756660014625 47.23556900024414 229
1756660017676 52.12031555175781 230
1756660020740 52.58576965332031 231
1756660023767 54.99846649169922 232
1756660026818 50.337223052978516 233
1756660029858 55.03947830200195 234
1756660032878 48.9388427734375 235
1756660035891 55.49079132080078 236
1756660038948 43.658390045166016 237
1756660041964 48.58478927612305 238
1756660045007 54.08271026611328 239
1756660048029 51.9658088684082 240
1756660051111 58.40904235839844 241
1756660054132 54.46504211425781 242
1756660057157 53.88786315917969 243
1756660060220 47.84573745727539 244
1756660063426 58.240901947021484 245
1756660066450 51.34547424316406 246
1756660069474 54.49169158935547 247
1756660072494 43.22997283935547 248
1756660075562 50.864280700683594 249
1756660078609 51.59374237060547 250
1756660081636 48.605445861816406 251
1756660084654 53.89055633544922 252
1756660087704 49.54362106323242 253
1756660090726 51.72488784790039 254
1756660093779 48.74161148071289 255
1756660096813 50.8359375 256
1756660099837 58.39278793334961 257
1756660102874 46.50006103515625 258
1756660105925 50.47624206542969 259
1756660108992 49.88224792480469 260
1756660111992 52.041446685791016 261
1756660115059 58.02450180053711 262
1756660118093 57.43436050415039 263
1756660121160 46.406341552734375 264
1756660124171 51.906517028808594 265
1756660127252 56.72641372680664 266
1756660130351 57.439552307128906 267
1756660133401 50.71139144897461 268
1756660136499 49.92017364501953 269
1756660139529 51.27859115600586 270
1756660142564 49.10890579223633 271
1756660145588 44.063331604003906 272
1756660148672 53.26293182373047 273
1756660151795 50.857723236083984 274
1756660154919 49.004451751708984 275
1756660157993 53.94477462768555 276
1756660161004 54.21384811401367 277
1756660164060 55.17013168334961 278
1756660167104 49.26004409790039 279
1756660170189 49.96074676513672 280
1756660173187 45.792259216308594 281
1756660176194 41.5051383972168 282
1756660179255 48.16242980957031 283
1756660182256 50.628414154052734 284
1756660185352 47.63786315917969 285
1756660188407 52.060546875 286
1756660191406 48.896175384521484 287
1756660194406 54.78580093383789 288
1756660197500 54.86729431152344 289
1756660200588 58.873775482177734 290
1756660203644 54.27314758300781 291
1756660206671 46.78638458251953 292
1756660209703 52.76773452758789 293
1756660212730 52.65172576904297 294
1756660215772 52.15010452270508 295
1756660218821 58.31848907470703 296
1756660221844 45.139984130859375 297
1756660224903 55.29180145263672 298
1756660227937 51.11782455444336 299
1756660239933 87.98995971679688 0
1756660243073 58.73651123046875 1
1756660246138 62.30268096923828 2
1756660249224 60.53725051879883 3
1756660252350 53.311973571777344 4
1756660255448 54.960166931152344 5
1756660258518 46.556182861328125 6
1756660261617 51.99623489379883 7
1756660264697 53.45652389526367 8
1756660267825 53.390892028808594 9
1756660270923 55.1943359375 10
1756660273991 51.052734375 11
1756660277070 49.3322868347168 12
1756660280212 39.252899169921875 13
1756660283311 50.10419845581055 14
1756660286460 50.8413200378418 15
1756660289581 48.547508239746094 16
1756660292678 49.15211868286133 17
1756660295787 40.05908966064453 18
1756660298895 51.45238494873047 19
1756660302021 51.478271484375 20
1756660305245 45.834228515625 21
1756660308377 51.305503845214844 22
1756660311464 38.335960388183594 23
1756660314642 45.83423614501953 24
1756660317744 53.52412033081055 25
1756660320873 47.21678924560547 26
1756660323971 47.2617301940918 27
1756660327086 44.80707931518555 28
1756660330157 51.34436798095703 29
1756660333292 44.917213439941406 30
1756660336390 44.103416442871094 31
1756660339504 43.83414077758789 32
1756660342597 51.802642822265625 33
1756660345717 52.452186584472656 34
1756660348805 52.13944625854492 35
1756660351946 57.5183219909668 36
1756660355050 48.63115692138672 37
1756660358183 54.818458557128906 38
1756660361285 44.23011779785156 39
1756660364411 41.03713607788086 40
1756660367501 39.77936935424805 41
1756660370609 48.23992156982422 42
1756660373726 49.67556381225586 43
1756660376820 47.63179397583008 44
1756660379975 57.50136184692383 45
1756660383098 51.57633590698242 46
1756660386249 54.076866149902344 47
1756660389347 47.392276763916016 48
1756660392474 53.259666442871094 49
1756660395653 41.35822677612305 50
1756660398824 53.41169357299805 51
1756660401935 42.624061584472656 52
1756660405051 41.4898681640625 53
1756660408196 53.96477508544922 54
1756660411354 50.83723068237305 55
1756660414500 44.596954345703125 56
1756660417669 57.984275817871094 57
1756660420771 40.258888244628906 58
1756660424038 50.38408279418945 59
1756660427151 46.488380432128906 60
1756660430292 36.8605842590332 61
1756660433399 35.35467529296875 62
1756660436533 46.27399826049805 63
1756660439622 54.08948516845703 64
1756660442786 42.652931213378906 65
1756660445913 43.704124450683594 66
1756660449019 53.43793487548828 67
1756660452183 52.799888610839844 68
1756660455286 43.561248779296875 69
1756660458404 49.36681365966797 70
1756660461528 50.107601165771484 71
1756660464627 54.1829833984375 72
1756660467722 44.096702575683594 73
1756660470862 38.0146369934082 74
1756660473964 49.736263275146484 75
1756660477137 58.26885223388672 76
1756660480268 42.74797439575195 77
1756660483410 54.5524787902832 78
1756660486562 50.39925003051758 79
1756660489656 47.65391540527344 80
1756660492765 45.003883361816406 81
1756660495857 41.243125915527344 82
1756660498976 47.69788360595703 83
1756660502075 45.16674041748047 84
1756660505192 54.09687042236328 85
1756660508329 41.319786071777344 86
1756660511413 48.37397003173828 87
1756660514505 47.791175842285156 88
1756660517641 53.79502487182617 89
1756660520757 49.94390106201172 90
1756660523859 44.80936050415039 91
1756660526990 52.67749786376953 92
1756660530142 64.34688568115234 93
1756660533233 50.9384880065918 94
1756660536357 51.49616622924805 95
1756660539482 49.9702262878418 96
1756660542577 42.234466552734375 97
1756660545712 48.86859130859375 98
1756660548845 39.42234420776367 99
1756660551960 46.19977951049805 100
1756660555113 44.696205139160156 101
1756660558254 46.330963134765625 102
1756660561336 53.375465393066406 103
1756660564457 47.866844177246094 104
1756660567588 49.04610061645508 105
1756660570685 43.71027374267578 106
1756660573783 51.104331970214844 107
1756660576889 56.67692184448242 108
1756660580021 48.56792449951172 109
1756660583106 52.61082077026367 110
1756660586198 41.13789749145508 111
1756660589331 41.4521484375 112
1756660592448 48.562198638916016 113
1756660595541 52.30963134765625 114
1756660598683 45.317745208740234 115
1756660601792 50.011985778808594 116
1756660604926 47.80168914794922 117
1756660608049 47.21206283569336 118
1756660611177 48.83967971801758 119
1756660614311 49.125205993652344 120
1756660617419 39.15810012817383 121
1756660620585 40.776004791259766 122
1756660623727 50.879154205322266 123
1756660626830 53.43049240112305 124
1756660629991 50.379791259765625 125
1756660633148 45.94265365600586 126
1756660636235 51.69004440307617 127
1756660639332 50.39635467529297 128
1756660642466 50.659812927246094 129
1756660645615 46.74701690673828 130
1756660648714 44.54524612426758 131
1756660651827 47.72169494628906 132
1756660654981 57.125877380371094 133
1756660658094 47.46508026123047 134
1756660661233 47.562435150146484 135
1756660664437 48.338951110839844 136
1756660667529 47.2753791809082 137
1756660670676 50.196739196777344 138
1756660673774 51.328529357910156 139
1756660676870 47.87129592895508 140
1756660680037 47.97028732299805 141
1756660683150 46.64789962768555 142
1756660686244 41.3631591796875 143
1756660689350 50.132965087890625 144
1756660692477 45.99197006225586 145
1756660695604 44.168601989746094 146
1756660698742 45.02155685424805 147
1756660701829 47.217342376708984 148
1756660704944 49.955360412597656 149
1756660708057 47.89188003540039 150
1756660711184 54.2296028137207 151
1756660714285 44.20698165893555 152
1756660717391 42.97964859008789 153
1756660720512 50.48008346557617 154
1756660723619 49.515377044677734 155
1756660726718 40.31133270263672 156
1756660729823 47.866092681884766 157
1756660732954 47.8427619934082 158
1756660736065 46.709503173828125 159
1756660739152 42.52256393432617 160
1756660742260 40.190330505371094 161
1756660745331 46.55107879638672 162
1756660748417 50.403282165527344 163
1756660751576 40.682647705078125 164
1756660754700 46.638545989990234 165
1756660757781 42.493385314941406 166
1756660760902 49.29761505126953 167
1756660764070 39.5301628112793 168
1756660767203 47.39836502075195 169
1756660770436 49.59049987792969 170
1756660773526 55.689292907714844 171
1756660776599 45.79258346557617 172
1756660779717 49.49639129638672 173
1756660782894 45.76544189453125 174
1756660786039 49.71477127075195 175
1756660789211 41.2020263671875 176
1756660792348 43.72506332397461 177
1756660795447 46.897666931152344 178
1756660798583 51.259361267089844 179
1756660801731 47.741676330566406 180
1756660804831 50.6246452331543 181
1756660807909 47.27386474609375 182
1756660811016 43.65736770629883 183
1756660814150 49.59889602661133 184
1756660817273 44.57074737548828 185
1756660820398 50.475669860839844 186
1756660823546 47.184349060058594 187
1756660826627 48.9320068359375 188
1756660829729 42.934078216552734 189
1756660832821 40.747718811035156 190
1756660835914 53.6036491394043 191
1756660839018 51.62165069580078 192
1756660842125 44.80550003051758 193
1756660845207 45.5938720703125 194
1756660848323 46.915443420410156 195
1756660851403 41.71931076049805 196
1756660854490 43.297603607177734 197
1756660857594 42.197998046875 198
1756660860715 51.697364807128906 199
1756660863819 53.17958450317383 200
1756660866912 40.31544876098633 201
1756660870018 45.9570198059082 202
1756660873189 47.37986755371094 203
1756660876298 49.070106506347656 204
1756660879429 49.27992630004883 205
1756660882548 40.72185516357422 206
1756660885661 49.58344268798828 207
1756660888806 47.62443923950195 208
1756660891932 45.2154541015625 209
1756660895048 47.13300323486328 210
1756660898136 39.08551788330078 211
1756660901214 44.17964553833008 212
1756660904401 38.0357666015625 213
1756660907495 54.4111213684082 214
1756660910575 39.641807556152344 215
1756660913727 46.1006965637207 216
1756660916879 47.33837127685547 217
1756660920010 51.48078536987305 218
1756660923122 51.778907775878906 219
1756660926243 41.78594970703125 220
1756660929326 42.2994499206543 221
1756660932408 48.504825592041016 222
1756660935504 43.163604736328125 223
1756660938629 45.30628204345703 224
1756660941713 48.4893684387207 225
1756660944830 48.34639358520508 226
1756660947915 40.68187713623047 227
1756660951036 46.41551208496094 228
1756660954114 42.12491989135742 229
1756660957200 48.001319885253906 230
1756660960293 43.62519454956055 231
1756660963432 40.78118896484375 232
1756660966572 52.989356994628906 233
1756660969688 56.95099639892578 234
1756660972778 49.775047302246094 235
1756660975863 52.180992126464844 236
1756660978996 42.89274215698242 237
1756660982114 43.68287658691406 238
1756660985200 46.787696838378906 239
1756660988278 51.726463317871094 240
1756660991363 42.188663482666016 241
1756660994444 44.031150817871094 242
1756660997586 38.5485725402832 243
1756661000674 57.41998291015625 244
1756661003793 44.61125946044922 245
1756661006872 51.48750686645508 246
1756661010021 40.667015075683594 247
1756661013146 52.16724395751953 248
1756661016291 49.581871032714844 249
1756661019371 43.20137405395508 250
1756661022471 46.615943908691406 251
1756661025658 50.47046661376953 252
1756661028748 52.33415985107422 253
1756661031836 47.08243942260742 254
1756661034940 44.157508850097656 255
1756661038050 47.184600830078125 256
1756661041181 46.47848129272461 257
1756661044324 49.47576904296875 258
1756661047407 48.83266067504883 259
1756661050499 45.671287536621094 260
1756661053578 48.62644577026367 261
1756661056689 51.4888801574707 262
1756661059853 42.70893859863281 263
1756661063013 46.12491989135742 264
1756661066094 45.74938201904297 265
1756661069237 50.574947357177734 266
1756661072414 49.18973159790039 267
1756661075544 50.60530471801758 268
1756661078688 50.94020080566406 269
1756661081799 37.81149673461914 270
1756661084892 55.1054573059082 271
1756661088009 39.41243362426758 272
1756661091102 42.60222244262695 273
1756661094190 40.7413215637207 274
1756661097282 44.97377014160156 275
1756661100370 46.64330291748047 276
1756661103500 53.765350341796875 277
1756661106692 45.97975158691406 278
1756661109796 41.84067916870117 279
1756661112898 41.51264190673828 280
1756661115996 49.50529479980469 281
1756661119078 57.74505615234375 282
1756661122171 49.6703987121582 283
1756661125316 47.71138381958008 284
1756661128430 46.56880569458008 285
1756661131582 54.78977584838867 286
1756661134674 32.25078201293945 287
1756661137761 45.420345306396484 288
1756661140850 54.99253463745117 289
1756661144054 43.95613479614258 290
1756661147194 48.37848663330078 291
1756661150300 46.245994567871094 292
1756661153384 39.308589935302734 293
1756661156512 44.67348098754883 294
1756661159599 47.38800048828125 295
1756661162756 53.137306213378906 296
1756661165840 45.715980529785156 297
1756661168928 41.70076370239258 298
1756661172065 50.90715026855469 299
1756661185205 88.57392883300781 0
1756661188241 68.07532501220703 1
1756661191286 85.85929107666016 2
1756661194330 71.66596221923828 3
1756661197386 62.80463790893555 4
1756661200434 61.877140045166016 5
1756661203501 65.3818130493164 6
1756661206576 68.52894592285156 7
1756661209633 58.09537124633789 8
1756661212696 52.55628967285156 9
1756661215804 46.4620361328125 10
1756661218894 42.19202423095703 11
1756661221957 52.09776306152344 12
1756661225048 55.168277740478516 13
1756661228122 51.364219665527344 14
1756661231262 46.59200668334961 15
1756661234330 45.45647048950195 16
1756661237398 48.25230407714844 17
1756661240466 46.63404083251953 18
1756661243608 43.12427520751953 19
1756661246677 51.785667419433594 20
1756661249839 49.48568344116211 21
1756661252941 37.40443420410156 22
1756661256040 44.5372314453125 23
1756661259153 40.944496154785156 24
1756661262214 40.04432678222656 25
1756661265347 46.39970397949219 26
1756661268417 44.78622055053711 27
1756661271520 47.88338088989258 28
1756661274616 45.04252243041992 29
1756661277769 46.785911560058594 30
1756661280927 56.08332443237305 31
1756661283987 50.895206451416016 32
1756661287100 43.01917266845703 33
1756661290193 44.392845153808594 34
1756661293312 47.77592849731445 35
1756661296418 43.84014129638672 36
1756661299531 40.41746520996094 37
1756661302611 42.45665740966797 38
1756661305694 50.45879364013672 39
1756661308830 49.307228088378906 40
1756661311926 46.92803192138672 41
1756661314993 48.06179428100586 42
1756661318057 36.265235900878906 43
1756661321174 49.116695404052734 44
1756661324269 44.31170654296875 45
1756661327377 44.77800750732422 46
1756661330522 40.44587707519531 47
1756661333607 47.89943313598633 48
1756661336708 43.20882797241211 49
1756661339818 40.24340057373047 50
1756661342919 46.273033142089844 51
1756661346000 39.417091369628906 52
1756661349101 44.21928024291992 53
1756661352196 48.344764709472656 54
1756661355330 49.85041809082031 55
1756661358406 39.92301940917969 56
1756661361487 40.83171463012695 57
1756661364552 47.185791015625 58
1756661367633 42.0612678527832 59
1756661370744 39.81633758544922 60
1756661373928 42.644412994384766 61
1756661377007 43.075279235839844 62
1756661380118 49.605709075927734 63
1756661383289 47.06764221191406 64
1756661386402 45.464515686035156 65
1756661389478 41.36686325073242 66
1756661392589 41.82518768310547 67
1756661395710 41.47795486450195 68
1756661398789 38.089332580566406 69
1756661401911 50.8291130065918 70
1756661405006 44.909549713134766 71
1756661408153 43.48271179199219 72
1756661411269 34.93764877319336 73
1756661414407 38.147212982177734 74
1756661417480 48.604209899902344 75
1756661420543 45.26094436645508 76
1756661423622 45.9108772277832 77
1756661426691 36.4263916015625 78
1756661429780 48.636451721191406 79
1756661432892 41.043487548828125 80
1756661435982 44.46347427368164 81
1756661439084 48.399085998535156 82
1756661442199 42.779029846191406 83
1756661445280 42.80071258544922 84
1756661448390 50.994998931884766 85
1756661451496 49.44247817993164 86
1756661454601 47.860355377197266 87
1756661457766 50.605934143066406 88
1756661460887 48.26380920410156 89
1756661463997 47.10194396972656 90
1756661467083 50.44824981689453 91
1756661470181 44.78672409057617 92
1756661473303 39.082305908203125 93
1756661476391 49.004554748535156 94
1756661479482 49.29544448852539 95
1756661482652 50.18252944946289 96
1756661485755 44.33268737792969 97
1756661488832 40.45441818237305 98
1756661491920 48.40511703491211 99
1756661495027 34.450435638427734 100
1756661498137 45.8618049621582 101
1756661501213 46.233455657958984 102
1756661504376 37.492862701416016 103
1756661507473 48.00838088989258 104
1756661510616 42.89320755004883 105
1756661513743 54.34111785888672 106
1756661516872 40.32783889770508 107
1756661519998 39.879730224609375 108
1756661523096 46.037620544433594 109
1756661526164 39.50548553466797 110
1756661529272 39.783233642578125 111
1756661532360 48.693702697753906 112
1756661535517 46.39949035644531 113
1756661538601 41.342674255371094 114
1756661541678 45.022335052490234 115
1756661544752 39.45480728149414 116
1756661547926 40.924110412597656 117
1756661551086 45.19541931152344 118
1756661554154 52.70851516723633 119
1756661557266 40.532901763916016 120
1756661560353 37.481605529785156 121
1756661563448 42.94160842895508 122
1756661566556 53.14497756958008 123
1756661569664 44.030784606933594 124
1756661572756 41.78649139404297 125
1756661575831 40.77873611450195 126
1756661578924 40.82157516479492 127
1756661582027 46.40939712524414 128
1756661585094 45.802757263183594 129
1756661588234 48.144290924072266 130
1756661591367 36.452186584472656 131
1756661594442 43.39280700683594 132
1756661597522 37.20087432861328 133
1756661600634 48.254066467285156 134
1756661603712 35.84374237060547 135
1756661606800 48.823204040527344 136
1756661609868 48.428001403808594 137
1756661612963 47.048274993896484 138
1756661616041 39.914798736572266 139
1756661619130 46.895355224609375 140
1756661622207 39.58120346069336 141
1756661625454 42.33887481689453 142
1756661628555 45.90357971191406 143
1756661631614 37.16934585571289 144
1756661634692 40.87344741821289 145
1756661637788 43.522159576416016 146
1756661640917 41.232154846191406 147
1756661644053 44.4779052734375 148
1756661647208 50.11725616455078 149
1756661650301 43.36305236816406 150
1756661653409 38.03923416137695 151
1756661656480 45.87914276123047 152
1756661659565 44.957496643066406 153
1756661662680 40.518497467041016 154
1756661665780 48.11736297607422 155
1756661668898 34.77407455444336 156
1756661672027 34.34482955932617 157
1756661675137 44.45933532714844 158
1756661678254 41.61734390258789 159
1756661681332 35.28211212158203 160
1756661684402 39.56983184814453 161
1756661687501 41.330814361572266 162
1756661690619 43.616661071777344 163
1756661693700 40.71454620361328 164
1756661696818 38.82978057861328 165
1756661699964 45.97591018676758 166
1756661703033 52.32017135620117 167
1756661706152 47.779964447021484 168
1756661709230 39.509674072265625 169
1756661712299 41.53508377075195 170
1756661715378 44.07020568847656 171
1756661718443 45.24957275390625 172
1756661721524 45.112979888916016 173
1756661724645 50.038673400878906 174
1756661727746 42.137325286865234 175
1756661730881 43.20534896850586 176
1756661733978 46.045433044433594 177
1756661737045 51.64027404785156 178
1756661740147 36.635650634765625 179
1756661743320 44.62925338745117 180
1756661746403 40.48828887939453 181
1756661749506 46.109073638916016 182
1756661752613 42.98521423339844 183
1756661755718 47.9979248046875 184
1756661758814 34.359893798828125 185
1756661761891 44.97645568847656 186
1756661764941 44.67021942138672 187
1756661767996 41.579402923583984 188
1756661771117 36.306556701660156 189
1756661774281 42.39232635498047 190
1756661777354 36.834495544433594 191
1756661780450 40.49950408935547 192
1756661783533 39.00084686279297 193
1756661786641 43.830543518066406 194
1756661789788 40.6158332824707 195
1756661792895 47.7292366027832 196
1756661796024 47.99930953979492 197
1756661799076 47.33835220336914 198
1756661802166 39.44694900512695 199
1756661805268 43.63877868652344 200
1756661808378 51.629878997802734 201
1756661811465 43.20717239379883 202
1756661814561 34.775352478027344 203
1756661817675 41.67839431762695 204
1756661820784 40.09028625488281 205
1756661823862 41.28097915649414 206
1756661826966 35.182308197021484 207
1756661830068 45.28042984008789 208
1756661833162 40.49580764770508 209
1756661836236 43.38431167602539 210
1756661839396 44.31538391113281 211
1756661842556 39.850040435791016 212
1756661845644 38.84748077392578 213
1756661848744 41.08081817626953 214
1756661851837 45.067169189453125 215
1756661854931 44.639190673828125 216
1756661858031 43.04743576049805 217
1756661861150 41.51284408569336 218
1756661864379 41.7058219909668 219
1756661867459 45.81439208984375 220
1756661870553 44.27893829345703 221
1756661873636 46.69977569580078 222
1756661876732 49.4674072265625 223
1756661879856 41.21857833862305 224
1756661882997 44.488311767578125 225
1756661886073 44.03837585449219 226
1756661889147 45.38394546508789 227
1756661892317 46.682456970214844 228
1756661895434 42.198001861572266 229
1756661898531 44.20084762573242 230
1756661901691 38.69331359863281 231
1756661904799 45.888240814208984 232
1756661907888 38.84495162963867 233
1756661911021 42.61101531982422 234
1756661914143 43.64195251464844 235
1756661917291 39.59407043457031 236
1756661920374 39.03691101074219 237
1756661923498 41.89698028564453 238
1756661926594 42.838809967041016 239
1756661929678 39.58137512207031 240
1756661932764 39.93349838256836 241
1756661935881 49.62067794799805 242
1756661938988 40.313228607177734 243
1756661942072 41.636226654052734 244
1756661945151 42.64826583862305 245
1756661948263 39.65346145629883 246
1756661951375 48.6508674621582 247
1756661954466 36.69255828857422 248
1756661957545 51.49160385131836 249
1756661960616 39.96270751953125 250
1756661963724 41.724788665771484 251
1756661967227 33.962799072265625 252
1756661971162 43.08773422241211 253
1756661974362 44.61341857910156 254
1756661977553 45.77256774902344 255
1756661980679 47.868770599365234 256
1756661983981 43.50762939453125 257
1756661987096 41.20933151245117 258
1756661990209 49.901824951171875 259
1756661993304 41.65908432006836 260
1756661996461 37.676734924316406 261
1756661999587 42.440643310546875 262
1756662002696 44.40571975708008 263
1756662005826 45.27421188354492 264
1756662008941 49.09945297241211 265
1756662012126 49.883052825927734 266
1756662015256 47.05705261230469 267
1756662018418 48.28114318847656 268
1756662021595 39.092472076416016 269
1756662024747 46.70331954956055 270
1756662027913 49.45255661010742 271
1756662031043 41.52824783325195 272
1756662034209 44.209205627441406 273
1756662037378 34.82640838623047 274
1756662040501 45.72985076904297 275
1756662043612 46.16157150268555 276
1756662046711 39.82950210571289 277
1756662049852 45.79419708251953 278
1756662053021 44.40040969848633 279
1756662056154 41.61906433105469 280
1756662059256 49.5989990234375 281
1756662062375 37.742027282714844 282
1756662065476 43.23106002807617 283
1756662068652 41.34778594970703 284
1756662071782 33.5312614440918 285
1756662075012 47.181419372558594 286
1756662078168 42.030025482177734 287
1756662081284 41.35860061645508 288
1756662084416 42.02732467651367 289
1756662087539 53.81502151489258 290
1756662090675 41.44663619995117 291
1756662093799 42.5166015625 292
1756662096987 44.14800262451172 293
1756662100174 48.7574577331543 294
1756662103384 47.59691619873047 295
1756662106525 43.03691101074219 296
1756662109712 31.67940902709961 297
1756662112821 41.770179748535156 298
1756662115919 38.2775993347168 299
1756662128992 91.16207885742188 0
1756662132210 91.86492156982422 1
1756662135385 93.2155990600586 2
1756662138611 97.783447265625 3
1756662141822 97.99378967285156 4
1756662145027 95.9184799194336 5
1756662148214 89.40386962890625 6
1756662151424 73.51493835449219 7
1756662154615 57.68827438354492 8
1756662157867 71.53556060791016 9
1756662161067 61.02669143676758 10
1756662164252 70.3000717163086 11
1756662167479 59.62862014770508 12
1756662170684 53.711082458496094 13
1756662173870 54.800933837890625 14
1756662177058 65.02516174316406 15
1756662180284 54.88944625854492 16
1756662183492 55.9860954284668 17
1756662186724 50.013389587402344 18
1756662189904 56.69211959838867 19
1756662193117 58.62755584716797 20
1756662196294 60.674171447753906 21
1756662199549 48.95661163330078 22
1756662202753 54.42047882080078 23
1756662206015 46.16536331176758 24
1756662209261 57.66724395751953 25
1756662212450 57.300193786621094 26
1756662215668 55.045326232910156 27
1756662218870 49.46072006225586 28
1756662222109 53.66815185546875 29
1756662225399 49.38552474975586 30
1756662228620 49.128822326660156 31
1756662231871 50.47941589355469 32
1756662235093 55.40685272216797 33
1756662238316 45.75606918334961 34
1756662241558 55.34992218017578 35
1756662244760 51.507957458496094 36
1756662247984 53.94884490966797 37
1756662251241 53.298614501953125 38
1756662254438 44.0008430480957 39
1756662257645 46.4429931640625 40
1756662260855 51.60551834106445 41
1756662264113 47.791744232177734 42
1756662267298 51.8575553894043 43
1756662270501 50.93401336669922 44
1756662273686 48.006141662597656 45
1756662276889 48.45954513549805 46
1756662280112 53.80793380737305 47
1756662283381 46.390567779541016 48
1756662286559 51.507957458496094 49
1756662289792 51.316551208496094 50
1756662293034 47.31861877441406 51
1756662296288 45.1673698425293 52
1756662299481 41.4261360168457 53
1756662302680 46.6666374206543 54
1756662305877 55.177085876464844 55
1756662309075 52.20774459838867 56
1756662312301 44.37752914428711 57
1756662315537 52.202613830566406 58
1756662318742 45.46506118774414 59
1756662322009 46.7121696472168 60
1756662325237 54.66377639770508 61
1756662328448 48.09617233276367 62
1756662331698 49.160057067871094 63
1756662334897 46.0479850769043 64
1756662338101 53.122344970703125 65
1756662341345 53.466087341308594 66
1756662344635 47.31929397583008 67
1756662347883 41.38772964477539 68
1756662351086 40.327491760253906 69
1756662354314 46.16817855834961 70
1756662357528 51.621192932128906 71
1756662360741 50.57294845581055 72
1756662363953 48.68423080444336 73
1756662367218 44.39606475830078 74
1756662370427 46.09498977661133 75
1756662373684 44.65424346923828 76
1756662376879 47.51541519165039 77
1756662380100 50.977108001708984 78
1756662383341 39.2276611328125 79
1756662386528 51.276275634765625 80
1756662389744 47.95189666748047 81
1756662392950 51.15786361694336 82
1756662396157 50.645668029785156 83
1756662399386 53.75053787231445 84
1756662402620 51.90912628173828 85
1756662405860 46.58824920654297 86
1756662409062 52.671485900878906 87
1756662412314 51.10287857055664 88
1756662415566 41.094017028808594 89
1756662418766 48.55929183959961 90
1756662421961 49.66208267211914 91
1756662425220 51.20621871948242 92
1756662428411 45.25254821777344 93
1756662431658 48.8256950378418 94
1756662434853 51.24684524536133 95
1756662438069 43.92127227783203 96
1756662441292 46.258750915527344 97
1756662444551 46.71009063720703 98
1756662447762 51.49212646484375 99
1756662451037 48.97003173828125 100
1756662454253 36.48548889160156 101
1756662457479 45.857574462890625 102
1756662460704 42.44744110107422 103
1756662463957 43.2827033996582 104
1756662467193 50.04460144042969 105
1756662470398 53.475975036621094 106
1756662473649 44.057403564453125 107
1756662476857 43.876319885253906 108
1756662480050 59.408477783203125 109
1756662483318 40.81743240356445 110
1756662486539 46.205902099609375 111
1756662489809 44.17365646362305 112
1756662493063 47.198768615722656 113
1756662496275 43.18219757080078 114
1756662499486 46.72379684448242 115
1756662502672 57.27223587036133 116
1756662505903 56.004150390625 117
1756662509131 48.832698822021484 118
1756662512353 56.922218322753906 119
1756662515558 49.08256149291992 120
1756662518760 58.595741271972656 121
1756662522043 52.605125427246094 122
1756662525234 45.48347473144531 123
1756662528480 51.457801818847656 124
1756662531734 44.720458984375 125
1756662534956 47.34282302856445 126
1756662538189 50.99464797973633 127
1756662541440 48.13001251220703 128
1756662544654 56.48534393310547 129
1756662547862 48.83911895751953 130
1756662551066 54.50537872314453 131
1756662554301 50.61408996582031 132
1756662557515 54.904884338378906 133
1756662560736 55.51310348510742 134
1756662563953 46.19878005981445 135
1756662567250 51.19213104248047 136
1756662570482 40.29108810424805 137
1756662573684 46.67974090576172 138
1756662576956 49.91461944580078 139
1756662580158 46.36554718017578 140
1756662583456 49.000064849853516 141
1756662586686 50.49528121948242 142
1756662589896 46.62425231933594 143
1756662593109 47.943058013916016 144
1756662596300 41.892574310302734 145
1756662599504 45.501258850097656 146
1756662602716 50.84867477416992 147
1756662605935 49.212154388427734 148
1756662609135 49.889015197753906 149
1756662612338 47.90702438354492 150
1756662615570 56.14186477661133 151
1756662618841 50.53649139404297 152
1756662622083 48.706687927246094 153
1756662625334 47.5672721862793 154
1756662628518 46.740989685058594 155
1756662631728 56.2631721496582 156
1756662634945 44.01236343383789 157
1756662638128 41.322818756103516 158
1756662641364 47.86321258544922 159
1756662644582 48.30559539794922 160
1756662647794 48.493141174316406 161
1756662651053 53.26192092895508 162
1756662654291 51.16183853149414 163
1756662657538 49.02186584472656 164
1756662660767 46.32567596435547 165
1756662663959 43.34147262573242 166
1756662667150 45.8839111328125 167
1756662670335 41.12153625488281 168
1756662673534 50.96966552734375 169
1756662676741 51.90311813354492 170
1756662679986 49.879032135009766 171
1756662683232 46.911521911621094 172
1756662686505 42.699275970458984 173
1756662689718 62.15656280517578 174
1756662692921 50.17975997924805 175
1756662696159 40.24424743652344 176
1756662699361 51.80027389526367 177
1756662702590 48.71431350708008 178
1756662705839 55.25154495239258 179
1756662709094 48.305084228515625 180
1756662712275 46.10063934326172 181
1756662715498 45.5886116027832 182
1756662718694 50.506202697753906 183
1756662721894 47.429527282714844 184
1756662725119 45.82046890258789 185
1756662728325 46.12765121459961 186
1756662731548 45.2868537902832 187
1756662734750 48.34162521362305 188
1756662737982 52.18601608276367 189
1756662741175 47.8191032409668 190
1756662744434 47.502952575683594 191
1756662747685 48.591148376464844 192
1756662750903 45.464908599853516 193
1756662754095 44.551673889160156 194
1756662757305 52.455528259277344 195
1756662760512 43.68402862548828 196
1756662763730 44.437618255615234 197
1756662766989 45.73701095581055 198
1756662770226 42.67654037475586 199
1756662773416 42.66098403930664 200
1756662776623 44.276161193847656 201
1756662779967 51.65454864501953 202
1756662783185 48.84729766845703 203
1756662786365 37.91761016845703 204
1756662789584 52.906028747558594 205
1756662792802 50.71664810180664 206
1756662796015 47.481075286865234 207
1756662799243 42.885101318359375 208
1756662802438 39.178428649902344 209
1756662805661 46.746559143066406 210
1756662808939 56.39464569091797 211
1756662812205 41.15342330932617 212
1756662815405 48.63831329345703 213
1756662818627 50.66489791870117 214
1756662821849 52.1686897277832 215
1756662825101 47.47959518432617 216
1756662828290 53.413330078125 217
1756662831501 46.79898452758789 218
1756662834702 49.010196685791016 219
1756662837918 47.9875602722168 220
1756662841134 45.55257034301758 221
1756662844356 46.97949981689453 222
1756662847647 47.7252311706543 223
1756662850872 49.936012268066406 224
1756662854103 45.23728561401367 225
1756662857308 42.53077697753906 226
1756662860540 45.40632247924805 227
1756662863779 48.58833694458008 228
1756662866988 43.59162902832031 229
1756662870236 43.501136779785156 230
1756662873465 53.02886962890625 231
1756662876703 55.715362548828125 232
1756662879912 45.67278289794922 233
1756662883146 41.2585334777832 234
1756662886377 54.09385299682617 235
1756662889599 52.30748748779297 236
1756662892791 50.38389587402344 237
1756662896004 54.132896423339844 238
1756662899233 46.101226806640625 239
1756662902466 48.00905227661133 240
1756662905677 52.25008010864258 241
1756662908927 44.89119338989258 242
1756662912161 42.7306022644043 243
1756662915387 50.23906326293945 244
1756662918628 40.709678649902344 245
1756662921835 46.28041076660156 246
1756662925071 45.325416564941406 247
1756662928271 55.89998245239258 248
1756662931488 53.157264709472656 249
1756662934699 44.954044342041016 250
1756662937914 45.331565856933594 251
1756662941175 49.2666015625 252
1756662944444 46.44138717651367 253
1756662947688 52.756309509277344 254
1756662950893 43.33662033081055 255
1756662954135 46.1849250793457 256
1756662957330 45.269962310791016 257
1756662960534 50.728248596191406 258
1756662963792 43.22746276855469 259
1756662967042 48.924293518066406 260
1756662970280 49.135581970214844 261
1756662973482 36.569610595703125 262
1756662976703 52.601600646972656 263
1756662979883 48.49604797363281 264
1756662983085 39.323280334472656 265
1756662986288 46.31379318237305 266
1756662989495 49.243431091308594 267
1756662992700 52.87621307373047 268
1756662995887 51.1035041809082 269
1756662999125 43.60988998413086 270
1756663002368 49.0765380859375 271
1756663005591 46.4718017578125 272
1756663008811 46.47706604003906 273
1756663012082 43.36542892456055 274
1756663015283 51.510589599609375 275
1756663018493 49.5275764465332 276
1756663021695 47.093963623046875 277
1756663024903 43.694000244140625 278
1756663028161 50.49696350097656 279
1756663031397 45.913116455078125 280
1756663034592 44.80214309692383 281
1756663037809 50.590171813964844 282
1756663041011 48.60029983520508 283
1756663044231 45.12411117553711 284
1756663047435 48.42098617553711 285
1756663050650 45.93557357788086 286
1756663053838 50.141624450683594 287
1756663057048 55.1655158996582 288
1756663060253 41.55972671508789 289
1756663063538 54.71284866333008 290
1756663066768 49.00215530395508 291
1756663070035 52.18046188354492 292
1756663073259 49.433837890625 293
1756663076461 50.7461051940918 294
1756663079704 47.55327224731445 295
1756663082904 51.24152374267578 296
1756663086128 53.29795455932617 297
1756663089367 53.63329315185547 298
1756663092585 44.12681198120117 299
1756663102548 99.30464172363281 0
1756663102590 97.70597076416016 1
1756663102632 96.05561828613281 2
1756663102669 94.08881378173828 3
1756663102707 92.09426879882812 4
1756663102751 87.37684631347656 5
1756663102790 83.83016204833984 6
1756663102829 80.17130279541016 7
1756663102870 78.33744812011719 8
1756663102909 77.98587036132812 9
1756663102947 71.33340454101562 10
1756663102985 71.26099395751953 11
1756663103023 66.48675537109375 12
1756663103061 67.42037963867188 13
1756663103099 61.469295501708984 14
1756663103137 69.7679672241211 15
1756663103175 65.81161499023438 16
1756663103214 60.439701080322266 17
1756663103252 68.12834930419922 18
1756663103290 63.95879364013672 19
1756663103330 61.23417663574219 20
1756663103373 67.21295928955078 21
1756663103416 63.42072677612305 22
1756663103458 60.72795867919922 23
1756663103497 61.830684661865234 24
1756663103535 69.48966217041016 25
1756663103574 60.0995979309082 26
1756663103612 59.12767791748047 27
1756663103650 61.51780700683594 28
1756663103687 59.41434097290039 29
1756663103725 61.45792007446289 30
1756663103763 58.953643798828125 31
1756663103800 63.29304122924805 32
1756663103838 56.59504699707031 33
1756663103878 64.89057922363281 34
1756663103919 61.13900375366211 35
1756663103965 59.539852142333984 36
1756663104004 56.72531509399414 37
1756663104042 61.05329132080078 38
1756663104081 61.6719856262207 39
1756663104120 60.71491622924805 40
1756663104158 57.03947067260742 41
1756663104197 57.251407623291016 42
1756663104236 55.53555679321289 43
1756663104275 50.34440994262695 44
1756663104313 60.497615814208984 45
1756663104352 61.12721252441406 46
1756663104391 53.641510009765625 47
1756663104430 54.497928619384766 48
1756663104468 64.7068099975586 49
1756663104507 60.226951599121094 50
1756663104546 55.39321517944336 51
1756663104584 52.66616439819336 52
1756663104624 59.57353210449219 53
1756663104662 56.38511276245117 54
1756663104701 62.250797271728516 55
1756663104740 60.13480758666992 56
1756663104778 56.580299377441406 57
1756663104817 52.61859130859375 58
1756663104856 44.90401840209961 59
1756663104895 60.37792205810547 60
1756663104934 55.900447845458984 61
1756663104973 59.01976013183594 62
1756663105012 59.003517150878906 63
1756663105050 57.05082321166992 64
1756663105089 54.62920379638672 65
1756663105128 63.875858306884766 66
1756663105167 59.157264709472656 67
1756663105205 53.38338088989258 68
1756663105244 58.94386672973633 69
1756663105283 54.785057067871094 70
1756663105322 57.04898452758789 71
1756663105361 48.0706787109375 72
1756663105400 56.620765686035156 73
1756663105438 55.888160705566406 74
1756663105479 51.157859802246094 75
1756663105515 55.519012451171875 76
1756663105553 55.732513427734375 77
1756663105591 55.68950271606445 78
1756663105629 55.52825164794922 79
1756663105667 67.37259674072266 80
1756663105705 43.99598693847656 81
1756663105742 61.99290466308594 82
1756663105780 56.986934661865234 83
1756663105818 53.43671417236328 84
1756663105856 57.512752532958984 85
1756663105895 59.01781463623047 86
1756663105932 48.65718460083008 87
1756663105970 54.689762115478516 88
1756663106009 55.11640930175781 89
1756663106046 56.4495964050293 90
1756663106084 56.85917282104492 91
1756663106122 47.125240325927734 92
1756663106159 54.70893478393555 93
1756663106197 53.49113845825195 94
1756663106235 56.7215690612793 95
1756663106273 54.691078186035156 96
1756663106311 50.5316162109375 97
1756663106349 47.037696838378906 98
1756663106389 59.02260208129883 99
1756663106429 56.473724365234375 100
1756663106466 55.654296875 101
1756663106504 50.46626281738281 102
1756663106542 59.99174880981445 103
1756663106580 50.3626823425293 104
1756663106617 50.19059371948242 105
1756663106655 61.64372253417969 106
1756663106693 51.24673843383789 107
1756663106731 57.87958526611328 108
1756663106769 56.30295181274414 109
1756663106807 58.02275085449219 110
1756663106845 50.55518341064453 111
1756663106883 50.39910888671875 112
1756663106921 53.07637405395508 113
1756663106959 61.85124206542969 114
1756663106997 47.41569900512695 115
1756663107036 54.03846740722656 116
1756663107074 55.03216552734375 117
1756663107117 56.0962028503418 118
1756663107155 55.24081039428711 119
1756663107193 61.14198303222656 120
1756663107231 55.17268371582031 121
1756663107269 56.867408752441406 122
1756663107307 59.14460372924805 123
1756663107345 57.70043182373047 124
1756663107384 61.52613830566406 125
1756663107422 50.294715881347656 126
1756663107460 57.1904182434082 127
1756663107498 52.48123550415039 128
1756663107535 55.32319259643555 129
1756663107573 61.17662048339844 130
1756663107611 51.756866455078125 131
1756663107649 56.27016067504883 132
1756663107686 58.61662673950195 133
1756663107724 49.2864990234375 134
1756663107762 61.5234489440918 135
1756663107800 49.19883728027344 136
1756663107837 51.55782699584961 137
1756663107874 56.065521240234375 138
1756663107912 60.32736587524414 139
1756663107950 61.53825759887695 140
1756663107988 54.055694580078125 141
1756663108026 53.41596603393555 142
1756663108069 52.5875244140625 143
1756663108110 51.569766998291016 144
1756663108147 49.02373504638672 145
1756663108185 56.30052947998047 146
1756663108222 52.37810134887695 147
1756663108260 52.19710922241211 148
1756663108298 54.475399017333984 149
1756663108337 45.13932800292969 150
1756663108376 46.34916305541992 151
1756663108415 47.963905334472656 152
1756663108454 59.421085357666016 153
1756663108493 49.27751541137695 154
1756663108532 56.41804885864258 155
1756663108571 57.630889892578125 156
1756663108611 56.24588394165039 157
1756663108649 54.67756271362305 158
1756663108689 55.882503509521484 159
1756663108728 60.65958786010742 160
1756663108768 53.952877044677734 161
1756663108807 56.95820617675781 162
1756663108846 55.53886413574219 163
1756663108886 55.697872161865234 164
1756663108925 57.73164367675781 165
1756663108964 61.80560302734375 166
1756663109003 50.778438568115234 167
1756663109042 55.691497802734375 168
1756663109080 57.25585174560547 169
1756663109119 52.87053298950195 170
1756663109162 58.803932189941406 171
1756663109201 55.158443450927734 172
1756663109240 57.37995147705078 173
1756663109278 56.36182403564453 174
1756663109317 57.5057487487793 175
1756663109357 58.86629867553711 176
1756663109396 55.8349723815918 177
1756663109434 54.95474624633789 178
1756663109474 57.27774429321289 179
1756663109513 51.31083679199219 180
1756663109552 55.52595901489258 181
1756663109591 61.23093795776367 182
1756663109630 53.23104476928711 183
1756663109669 52.961463928222656 184
1756663109708 61.33375549316406 185
1756663109747 48.749568939208984 186
1756663109786 54.97153854370117 187
1756663109826 49.398494720458984 188
1756663109865 53.877071380615234 189
1756663109905 45.88511657714844 190
1756663109944 47.3167839050293 191
1756663109984 53.92361831665039 192
1756663110023 60.61647033691406 193
1756663110062 50.61189651489258 194
1756663110101 56.72523498535156 195
1756663110141 58.1434326171875 196
1756663110180 58.03116226196289 197
1756663110220 58.96732711791992 198
1756663110259 60.04214096069336 199
1756663110297 52.88737487792969 200
1756663110337 47.66069412231445 201
1756663110377 56.32904052734375 202
1756663110419 57.466819763183594 203
1756663110458 56.03042984008789 204
1756663110497 64.2064208984375 205
1756663110535 55.968101501464844 206
1756663110574 58.50516891479492 207
1756663110613 63.048805236816406 208
1756663110651 51.41728210449219 209
1756663110690 55.52494430541992 210
1756663110728 49.4229621887207 211
1756663110767 54.77735137939453 212
1756663110805 52.72894287109375 213
1756663110844 55.309749603271484 214
1756663110883 54.38194274902344 215
1756663110922 57.80315017700195 216
1756663110960 54.842586517333984 217
1756663110998 48.6312255859375 218
1756663111037 56.2959098815918 219
1756663111075 48.74065399169922 220
1756663111113 59.63844299316406 221
1756663111152 51.162654876708984 222
1756663111197 63.55704879760742 223
1756663111237 53.90728759765625 224
1756663111275 54.327247619628906 225
1756663111314 61.06338882446289 226
1756663111352 53.33935546875 227
1756663111391 50.76386260986328 228
1756663111429 50.909908294677734 229
1756663111468 53.87913513183594 230
1756663111506 55.700157165527344 231
1756663111545 48.4476203918457 232
1756663111583 44.03570556640625 233
1756663111622 61.150997161865234 234
1756663111661 55.7882080078125 235
1756663111699 58.1644287109375 236
1756663111738 56.78524398803711 237
1756663111776 60.433223724365234 238
1756663111815 55.90436553955078 239
1756663111853 49.072715759277344 240
1756663111892 52.486576080322266 241
1756663111930 55.77210998535156 242
1756663111969 53.388999938964844 243
1756663112008 55.68025588989258 244
1756663112046 50.35447692871094 245
1756663112084 53.303829193115234 246
1756663112123 54.849361419677734 247
1756663112161 54.75391387939453 248
1756663112200 56.983829498291016 249
1756663112238 55.306671142578125 250
1756663112277 60.321197509765625 251
1756663112315 56.38949203491211 252
1756663112353 49.518760681152344 253
1756663112392 50.438026428222656 254
1756663112431 56.510433197021484 255
1756663112470 58.90385055541992 256
1756663112508 57.95321273803711 257
1756663112554 50.64923858642578 258
1756663112600 52.35319519042969 259
1756663112645 52.82969665527344 260
1756663112690 58.138893127441406 261
1756663112734 52.73435592651367 262
1756663112778 54.32051467895508 263
1756663112823 58.259037017822266 264
1756663112868 58.3145751953125 265
1756663112913 54.450653076171875 266
1756663112957 52.62416458129883 267
1756663113002 51.29838562011719 268
1756663113043 56.82218551635742 269
1756663113081 51.72412872314453 270
1756663113119 52.32299041748047 271
1756663113158 52.61625289916992 272
1756663113196 58.28702926635742 273
1756663113234 53.361209869384766 274
1756663113273 50.902854919433594 275
1756663113311 50.32916259765625 276
1756663113350 59.0091667175293 277
1756663113389 58.63786697387695 278
1756663113427 47.885589599609375 279
1756663113466 38.562538146972656 280
1756663113504 52.43505096435547 281
1756663113543 55.9974479675293 282
1756663113581 50.02745056152344 283
1756663113619 61.87367248535156 284
1756663113658 60.535804748535156 285
1756663113697 55.78462600708008 286
1756663113736 42.2974853515625 287
1756663113774 53.41488265991211 288
1756663113815 56.33562088012695 289
1756663113856 53.184173583984375 290
1756663113895 58.273597717285156 291
1756663113933 57.30638885498047 292
1756663113972 58.614219665527344 293
1756663114015 48.398277282714844 294
1756663114063 59.359283447265625 295
1756663114106 59.64857482910156 296
1756663114149 53.00699234008789 297
1756663114188 47.289581298828125 298
1756663114226 55.328372955322266 299
1756663122341 98.13378143310547 0
1756663122379 92.47721862792969 1
1756663122418 86.75313568115234 2
1756663122460 83.20867919921875 3
1756663122501 77.98045349121094 4
1756663122541 77.2836685180664 5
1756663122583 68.53251647949219 6
1756663122624 69.6368637084961 7
1756663122668 60.18426513671875 8
1756663122709 61.5833854675293 9
1756663122750 63.47905731201172 10
1756663122792 60.437103271484375 11
1756663122835 66.87641906738281 12
1756663122877 61.515907287597656 13
1756663122919 58.45566940307617 14
1756663122960 57.964698791503906 15
1756663123001 54.42841339111328 16
1756663123038 70.69422912597656 17
1756663123076 59.16597366333008 18
1756663123113 57.2415885925293 19
1756663123151 50.77119064331055 20
1756663124090 54.173500061035156 21
1756663124128 51.52616500854492 22
1756663124167 56.08489990234375 23
1756663124206 57.53955078125 24
1756663124244 55.96814727783203 25
1756663124281 51.27564239501953 26
1756663124320 60.33720779418945 27
1756663124357 57.56898880004883 28
1756663124396 59.53434371948242 29
1756663124434 54.962615966796875 30
1756663124474 57.84746551513672 31
1756663124513 53.64635467529297 32
1756663124551 60.24730682373047 33
1756663124589 62.8553581237793 34
1756663124628 58.44183349609375 35
1756663124666 65.24127197265625 36
1756663124705 58.708961486816406 37
1756663124743 57.70661544799805 38
1756663124782 51.731231689453125 39
1756663124820 50.71580505371094 40
1756663124859 59.47308349609375 41
1756663124898 57.18305206298828 42
1756663124937 57.368621826171875 43
1756663124976 56.378517150878906 44
1756663125014 50.56931686401367 45
1756663125054 52.787986755371094 46
1756663125094 68.018310546875 47
1756663125133 52.635223388671875 48
1756663125171 52.7448616027832 49
1756663125210 53.5784797668457 50
1756663125248 53.66899490356445 51
1756663125287 51.260108947753906 52
1756663125326 58.6633186340332 53
1756663125364 51.236793518066406 54
1756663125403 58.39130401611328 55
1756663125442 51.41550827026367 56
1756663125481 59.166099548339844 57
1756663125519 51.61193084716797 58
1756663125558 43.05492401123047 59
1756663125596 59.13477325439453 60
1756663125635 59.83961868286133 61
1756663125673 50.79955291748047 62
1756663125712 65.9512939453125 63
1756663125751 59.09135055541992 64
1756663125789 60.94520950317383 65
1756663125828 65.45978546142578 66
1756663125867 56.51715087890625 67
1756663125909 56.682106018066406 68
1756663125948 49.6235466003418 69
1756663125987 53.562286376953125 70
1756663126026 56.97749710083008 71
1756663126065 63.0278205871582 72
1756663126103 52.686180114746094 73
1756663126141 52.5313606262207 74
1756663126180 51.17261505126953 75
1756663126218 58.832054138183594 76
1756663126257 58.3582878112793 77
1756663126295 62.226966857910156 78
1756663126334 62.2889518737793 79
1756663126373 60.13322067260742 80
1756663126412 57.12562942504883 81
1756663126453 56.02234649658203 82
1756663126492 51.02488708496094 83
1756663126531 55.377784729003906 84
1756663126570 52.323936462402344 85
1756663126609 54.119354248046875 86
1756663126649 53.9952278137207 87
1756663126687 59.36149978637695 88
1756663126726 62.37892532348633 89
1756663126764 61.96928024291992 90
1756663126802 56.385398864746094 91
1756663126844 49.61635208129883 92
1756663126886 59.8876838684082 93
1756663126927 54.8684196472168 94
1756663126966 53.7050666809082 95
1756663127006 52.78401565551758 96
1756663127046 54.69807815551758 97
1756663127087 52.93458938598633 98
1756663127231 47.14895248413086 99
1756663127272 59.75362014770508 100
1756663127312 55.0444450378418 101
1756663127352 58.913963317871094 102
1756663127392 54.341773986816406 103
1756663127432 56.99370193481445 104
1756663127472 55.5970458984375 105
1756663127512 59.96270751953125 106
1756663127552 55.45576095581055 107
1756663127592 63.36879348754883 108
1756663127632 49.854129791259766 109
1756663127672 60.828590393066406 110
1756663127712 56.204803466796875 111
1756663127754 57.801025390625 112
1756663127795 51.28564453125 113
1756663127836 57.39805221557617 114
1756663127878 49.73575210571289 115
1756663127917 56.1963996887207 116
1756663127957 52.372650146484375 117
1756663127997 57.93410110473633 118
1756663128037 57.173377990722656 119
1756663128077 47.62714767456055 120
1756663128117 58.44584274291992 121
1756663128157 60.588462829589844 122
1756663128197 56.52607345581055 123
1756663128236 59.33388137817383 124
1756663128276 58.570556640625 125
1756663128316 55.81378173828125 126
1756663128356 55.77472686767578 127
1756663128396 61.9969482421875 128
1756663128439 50.35470962524414 129
1756663128483 57.10552215576172 130
1756663128521 54.62642288208008 131
1756663128561 54.581993103027344 132
1756663128602 51.2910270690918 133
1756663128642 53.626304626464844 134
1756663128682 58.77576446533203 135
1756663128723 49.46698760986328 136
1756663128763 46.36003875732422 137
1756663128804 53.587127685546875 138
1756663128843 54.221038818359375 139
1756663128883 59.775779724121094 140
1756663128926 54.23590087890625 141
1756663128964 58.021827697753906 142
1756663129004 53.56931686401367 143
1756663129045 54.59154510498047 144
1756663129085 55.33951950073242 145
1756663129125 52.83802032470703 146
1756663129165 57.25989532470703 147
1756663129205 52.93430709838867 148
1756663129246 56.59882736206055 149
1756663129286 54.54376220703125 150
1756663129326 53.197235107421875 151
1756663129366 50.00965118408203 152
1756663129406 58.832237243652344 153
1756663129446 55.81634521484375 154
1756663129486 48.48017120361328 155
1756663129526 53.82271194458008 156
1756663129570 60.52350997924805 157
1756663129613 52.358985900878906 158
1756663129654 57.753517150878906 159
1756663129695 57.78815841674805 160
1756663129736 49.679901123046875 161
1756663129773 58.34978103637695 162
1756663129812 53.02851104736328 163
1756663129852 55.9254264831543 164
1756663129891 60.30535125732422 165
1756663129931 55.12303924560547 166
1756663129972 52.20902633666992 167
1756663130012 53.9427490234375 168
1756663130052 49.91100311279297 169
1756663130093 53.28962326049805 170
1756663130133 58.842445373535156 171
1756663130174 59.58308029174805 172
1756663130215 51.93882369995117 173
1756663130255 51.613037109375 174
1756663130295 56.587623596191406 175
1756663130335 48.660362243652344 176
1756663130375 54.07575225830078 177
1756663130416 58.26970672607422 178
1756663130456 50.22213363647461 179
1756663130496 54.78197479248047 180
1756663130536 50.9140739440918 181
1756663130576 54.3514404296875 182
1756663130616 60.193511962890625 183
1756663130656 60.493255615234375 184
1756663130695 56.64847946166992 185
1756663130735 52.13249588012695 186
1756663130775 52.34747314453125 187
1756663130815 43.67799758911133 188
1756663130856 53.85564422607422 189
1756663130896 60.93134307861328 190
1756663130936 46.30080032348633 191
1756663130976 55.042518615722656 192
1756663131016 48.37323760986328 193
1756663131056 51.683799743652344 194
1756663131096 56.68340301513672 195
1756663131136 56.03313064575195 196
1756663131175 52.74738311767578 197
1756663131215 55.89045333862305 198
1756663131255 53.9296875 199
1756663131295 64.90528869628906 200
1756663131335 51.958290100097656 201
1756663131375 55.14765167236328 202
1756663131418 50.68981170654297 203
1756663131456 52.965171813964844 204
1756663131494 56.71788787841797 205
1756663131533 53.32173538208008 206
1756663131572 62.38291549682617 207
1756663131611 58.91942596435547 208
1756663131649 50.067142486572266 209
1756663131692 52.297080993652344 210
1756663131735 57.0101432800293 211
1756663131777 57.5059700012207 212
1756663131816 56.153221130371094 213
1756663131854 63.118804931640625 214
1756663131894 59.1068229675293 215
1756663131932 55.50225830078125 216
1756663131973 54.621971130371094 217
1756663132013 62.9163818359375 218
1756663132064 54.45441436767578 219
1756663132119 52.67060089111328 220
1756663132170 51.665321350097656 221
1756663132208 66.0897445678711 222
1756663132247 53.37889862060547 223
1756663132285 57.77043533325195 224
1756663132324 51.53154754638672 225
1756663132368 48.700958251953125 226
1756663132413 51.18767166137695 227
1756663132457 48.571617126464844 228
1756663132495 53.50175857543945 229
1756663132533 61.438758850097656 230
1756663132572 57.807823181152344 231
1756663132615 58.45784378051758 232
1756663132653 53.10706329345703 233
1756663132691 50.00879669189453 234
1756663132730 58.251182556152344 235
1756663132770 49.92430877685547 236
1756663132808 58.7889404296875 237
1756663132847 55.33516311645508 238
1756663132885 48.68250274658203 239
1756663132929 53.010765075683594 240
1756663132971 48.401206970214844 241
1756663133010 54.75956344604492 242
1756663133048 55.07111740112305 243
1756663133087 60.14891815185547 244
1756663133126 57.168052673339844 245
1756663133164 51.42619705200195 246
1756663133203 58.88701248168945 247
1756663133241 61.35932540893555 248
1756663133280 51.47260284423828 249
1756663133322 63.351585388183594 250
1756663133361 52.1878547668457 251
1756663133399 46.793846130371094 252
1756663133438 61.365943908691406 253
1756663133480 53.34855270385742 254
1756663133519 52.694175720214844 255
1756663133559 47.82093048095703 256
1756663133598 56.067604064941406 257
1756663133637 53.534278869628906 258
1756663133675 57.73748016357422 259
1756663133714 59.6342658996582 260
1756663133753 56.86931610107422 261
1756663133791 58.695472717285156 262
1756663133830 56.33750534057617 263
1756663133869 51.053428649902344 264
1756663133907 50.5228157043457 265
1756663133946 56.3708610534668 266
1756663133984 50.645652770996094 267
1756663134022 59.35564422607422 268
1756663134061 51.84318923950195 269
1756663134099 53.02496337890625 270
1756663134138 57.69908905029297 271
1756663134177 46.18659973144531 272
1756663134215 55.14890670776367 273
1756663134253 58.417816162109375 274
1756663134292 56.90163040161133 275
1756663134330 56.34834671020508 276
1756663134369 56.1629753112793 277
1756663134408 55.32587814331055 278
1756663134447 57.21820831298828 279
1756663134485 57.7294921875 280
1756663134524 48.02174377441406 281
1756663134562 56.621360778808594 282
1756663134605 56.63093948364258 283
1756663134648 55.53886795043945 284
1756663134692 60.178436279296875 285
1756663134733 55.11606979370117 286
1756663134771 54.78471755981445 287
1756663134811 56.156524658203125 288
1756663134850 57.50995635986328 289
1756663134888 54.719444274902344 290
1756663134928 61.03986358642578 291
1756663134968 51.016517639160156 292
1756663135007 53.81353759765625 293
1756663135047 50.48733139038086 294
1756663135085 56.000831604003906 295
1756663135124 53.15346145629883 296
1756663135163 50.5858154296875 297
1756663135202 50.750648498535156 298
1756663135241 56.02821731567383 299
1756663143375 97.93402862548828 0
1756663143417 88.62439727783203 1
1756663143459 76.62718963623047 2
1756663143502 72.29085540771484 3
1756663143541 68.12139129638672 4
1756663143579 60.2049560546875 5
1756663143617 57.983665466308594 6
1756663143655 57.763771057128906 7
1756663143696 53.82373809814453 8
1756663143740 53.790775299072266 9
1756663143782 58.025638580322266 10
1756663143821 52.4911003112793 11
1756663143858 58.293296813964844 12
1756663143897 58.75553894042969 13
1756663143936 46.815513610839844 14
1756663143974 50.39058303833008 15
1756663144013 56.06592559814453 16
1756663144051 54.13773727416992 17
1756663144089 56.632347106933594 18
1756663144128 54.915496826171875 19
1756663144166 56.01029586791992 20
1756663144204 51.388004302978516 21
1756663144243 56.49769592285156 22
1756663144283 52.37805938720703 23
1756663144321 51.94164276123047 24
1756663144359 47.05496597290039 25
1756663144398 55.22029495239258 26
1756663144438 46.77225875854492 27
1756663144476 50.16444396972656 28
1756663144514 49.28361511230469 29
1756663144553 48.08413314819336 30
1756663144593 55.85673141479492 31
1756663144631 42.60308837890625 32
1756663144669 47.47666931152344 33
1756663144711 48.793663024902344 34
1756663144750 52.686012268066406 35
1756663144788 46.9465446472168 36
1756663144827 41.513145446777344 37
1756663144865 50.77788162231445 38
1756663144904 46.494728088378906 39
1756663144943 49.37074279785156 40
1756663144981 51.688392639160156 41
1756663145020 45.52706527709961 42
1756663145058 45.150672912597656 43
1756663145099 51.77010726928711 44
1756663145139 56.945472717285156 45
1756663145177 44.99973678588867 46
1756663145216 37.47977828979492 47
1756663145254 40.79608917236328 48
1756663145294 46.824337005615234 49
1756663145334 45.69204330444336 50
1756663145378 39.5467414855957 51
1756663145417 49.150142669677734 52
1756663145456 52.312660217285156 53
1756663145497 42.72462844848633 54
1756663145538 54.61835479736328 55
1756663145578 47.158348083496094 56
1756663145618 49.26197814941406 57
1756663145658 48.13713455200195 58
1756663145698 44.6468505859375 59
1756663145738 50.411651611328125 60
1756663145778 49.60432815551758 61
1756663145822 52.01944351196289 62
1756663145863 49.796852111816406 63
1756663145902 38.35140609741211 64
1756663145943 44.674259185791016 65
1756663145983 55.42799377441406 66
1756663146023 41.41105270385742 67
1756663146066 39.703067779541016 68
1756663146110 49.06521224975586 69
1756663146148 45.07056427001953 70
1756663146187 52.1200065612793 71
1756663146226 38.88805389404297 72
1756663146265 41.4376220703125 73
1756663146304 43.33305358886719 74
1756663146343 47.09624481201172 75
1756663146382 50.234375 76
1756663146421 42.31334686279297 77
1756663146461 44.33860778808594 78
1756663146499 47.09660720825195 79
1756663146541 48.68421936035156 80
1756663146582 50.70940399169922 81
1756663146625 39.202392578125 82
1756663146663 48.42272186279297 83
1756663146703 44.03412628173828 84
1756663146743 42.50910949707031 85
1756663146781 44.068607330322266 86
1756663146820 48.51099395751953 87
1756663146859 49.42782974243164 88
1756663146898 45.262821197509766 89
1756663146939 48.07522201538086 90
1756663146978 47.06581115722656 91
1756663147016 49.324493408203125 92
1756663147056 39.0421257019043 93
1756663147095 46.234039306640625 94
1756663147134 44.786415100097656 95
1756663147174 44.845481872558594 96
1756663147213 50.97914505004883 97
1756663147252 51.260581970214844 98
1756663147291 48.539207458496094 99
1756663147330 38.76752853393555 100
1756663147369 44.62855529785156 101
1756663147409 50.57654571533203 102
1756663147449 45.411922454833984 103
1756663147488 43.35401153564453 104
1756663147527 51.48375701904297 105
1756663147567 51.219295501708984 106
1756663147606 43.15046310424805 107
1756663147644 49.946773529052734 108
1756663147684 43.53144836425781 109
1756663147727 49.524391174316406 110
1756663147766 42.29692077636719 111
1756663147806 55.31507110595703 112
1756663147845 48.786251068115234 113
1756663147885 45.408050537109375 114
1756663147929 51.23472213745117 115
1756663147972 41.42245864868164 116
1756663148011 44.85029983520508 117
1756663148051 48.16845703125 118
1756663148090 44.25098419189453 119
1756663148129 35.261844635009766 120
1756663148170 44.6788444519043 121
1756663148209 43.830806732177734 122
1756663148248 52.71449661254883 123
1756663148289 46.58404541015625 124
1756663148332 39.33982467651367 125
1756663148375 52.728328704833984 126
1756663148420 45.438987731933594 127
1756663148468 46.46554946899414 128
1756663148515 42.48713302612305 129
1756663148562 41.050254821777344 130
1756663148609 44.681175231933594 131
1756663148655 47.87290954589844 132
1756663148702 49.006919860839844 133
1756663148747 47.38823318481445 134
1756663148788 49.637855529785156 135
1756663148828 48.59836959838867 136
1756663148868 40.19551467895508 137
1756663148910 47.806663513183594 138
1756663148950 48.099143981933594 139
1756663148991 48.08968734741211 140
1756663149031 52.37778854370117 141
1756663149075 49.39613723754883 142
1756663149113 46.60251998901367 143
1756663149153 41.738956451416016 144
1756663149198 47.19929504394531 145
1756663149239 43.97096252441406 146
1756663149279 57.98768615722656 147
1756663149320 41.927223205566406 148
1756663149360 48.35212326049805 149
1756663149401 40.778404235839844 150
1756663149441 46.02113342285156 151
1756663149482 39.553871154785156 152
1756663149524 47.590641021728516 153
1756663149565 39.1873779296875 154
1756663149604 44.65817642211914 155
1756663149645 43.071739196777344 156
1756663149687 51.95112991333008 157
1756663149728 44.42323684692383 158
1756663149768 51.89076614379883 159
1756663149809 46.31032180786133 160
1756663149849 45.96969223022461 161
1756663149892 46.440650939941406 162
1756663149932 45.929359436035156 163
1756663149971 45.12089157104492 164
1756663150016 45.40431213378906 165
1756663150057 39.71256637573242 166
1756663150096 44.76888656616211 167
1756663150137 53.78041458129883 168
1756663150176 37.2357177734375 169
1756663150216 49.056922912597656 170
1756663150256 46.3763313293457 171
1756663150297 47.89345932006836 172
1756663150336 45.04311752319336 173
1756663150376 43.93034362792969 174
1756663150416 47.613624572753906 175
1756663150455 47.76457595825195 176
1756663150496 37.4437141418457 177
1756663150536 46.687469482421875 178
1756663150574 44.89117431640625 179
1756663150614 54.63758850097656 180
1756663150653 46.69826126098633 181
1756663150692 47.92593002319336 182
1756663150732 42.74154281616211 183
1756663150772 47.5379753112793 184
1756663150811 42.49485778808594 185
1756663150850 36.84800338745117 186
1756663150889 45.180076599121094 187
1756663150929 44.14658737182617 188
1756663150968 48.53084182739258 189
1756663151008 44.38874435424805 190
1756663151047 37.71880340576172 191
1756663151086 35.76713562011719 192
1756663151125 41.31249237060547 193
1756663151165 44.814395904541016 194
1756663151205 49.4453239440918 195
1756663151244 45.98674011230469 196
1756663151283 43.63917922973633 197
1756663151323 47.20032501220703 198
1756663151362 41.55293273925781 199
1756663151401 48.233001708984375 200
1756663151441 38.27489471435547 201
1756663151481 40.19735336303711 202
1756663151521 44.00825881958008 203
1756663151560 47.3682746887207 204
1756663151599 40.879215240478516 205
1756663151639 50.597694396972656 206
1756663151678 52.78855514526367 207
1756663151717 45.55049514770508 208
1756663151756 56.65045166015625 209
1756663151796 46.21546173095703 210
1756663151835 47.222660064697266 211
1756663151875 41.676700592041016 212
1756663151914 48.298397064208984 213
1756663151953 46.239776611328125 214
1756663151993 50.45759201049805 215
1756663152032 41.27259063720703 216
1756663152071 52.44151306152344 217
1756663152110 48.713966369628906 218
1756663152149 48.064537048339844 219
1756663152189 49.787986755371094 220
1756663152230 43.9328498840332 221
1756663152269 42.890201568603516 222
1756663152308 53.877052307128906 223
1756663152347 45.062103271484375 224
1756663152386 47.573280334472656 225
1756663152426 48.87525939941406 226
1756663152465 45.46126937866211 227
1756663152504 44.52210235595703 228
1756663152544 36.460243225097656 229
1756663152584 50.77237319946289 230
1756663152623 41.75690841674805 231
1756663152662 41.52183532714844 232
1756663152701 45.91510009765625 233
1756663152741 42.32938766479492 234
1756663152781 46.85189437866211 235
1756663152821 47.918521881103516 236
1756663152859 43.64565658569336 237
1756663152904 37.56886672973633 238
1756663152945 49.53428649902344 239
1756663152985 53.719635009765625 240
1756663153025 51.32969665527344 241
1756663153065 50.63202667236328 242
1756663153105 38.7649040222168 243
1756663153145 45.093666076660156 244
1756663153185 46.18386459350586 245
1756663153224 42.97413635253906 246
1756663153264 43.87489700317383 247
1756663153304 49.17630386352539 248
1756663153345 46.71444320678711 249
1756663153384 47.8623161315918 250
1756663153425 42.973331451416016 251
1756663153465 46.83682632446289 252
1756663153505 49.792171478271484 253
1756663153546 51.468021392822266 254
1756663153586 49.10542678833008 255
1756663153627 44.1199951171875 256
1756663153667 42.44852828979492 257
1756663153706 47.84474563598633 258
1756663153746 42.981788635253906 259
1756663153786 37.00004196166992 260
1756663153826 49.031368255615234 261
1756663153866 41.896934509277344 262
1756663153907 48.411842346191406 263
1756663153948 37.74140167236328 264
1756663153989 45.06010818481445 265
1756663154029 47.48698425292969 266
1756663154070 44.67974853515625 267
1756663154111 47.59574508666992 268
1756663154151 44.29862594604492 269
1756663154192 43.204002380371094 270
1756663154235 46.66058349609375 271
1756663154274 47.08635711669922 272
1756663154314 47.02028274536133 273
1756663154355 43.50707244873047 274
1756663154396 51.74532699584961 275
1756663154437 46.859153747558594 276
1756663154477 41.220497131347656 277
1756663154517 41.45600891113281 278
1756663154558 44.84089279174805 279
1756663154598 42.7175407409668 280
1756663154639 44.695045471191406 281
1756663154679 45.70188903808594 282
1756663154720 49.93708419799805 283
1756663154763 47.5269889831543 284
1756663154804 49.03643798828125 285
1756663154845 43.2935676574707 286
1756663154885 50.59919738769531 287
1756663154926 46.388858795166016 288
1756663154967 41.36996841430664 289
1756663155008 43.22013473510742 290
1756663155048 52.961124420166016 291
1756663155089 38.60723876953125 292
1756663155130 45.249027252197266 293
1756663155172 51.73516082763672 294
1756663155214 42.976585388183594 295
1756663155257 43.71102523803711 296
1756663155300 48.2943000793457 297
1756663155338 42.21306610107422 298
1756663155377 42.60017395019531 299
1756663163501 98.68513488769531 0
1756663163544 95.0162353515625 1
1756663163582 84.11982727050781 2
1756663163619 84.15472412109375 3
1756663163657 74.83531188964844 4
1756663163695 70.75471496582031 5
1756663163735 63.43657302856445 6
1756663163773 62.790504455566406 7
1756663163812 55.617958068847656 8
1756663163849 52.63275909423828 9
1756663163887 54.07305908203125 10
1756663163930 62.56133270263672 11
1756663163970 54.67536544799805 12
1756663164009 56.14099884033203 13
1756663164048 54.10425567626953 14
1756663164088 63.291343688964844 15
1756663164127 59.14540481567383 16
1756663164166 69.62504577636719 17
1756663164205 60.04826736450195 18
1756663164244 57.28618621826172 19
1756663164285 53.522010803222656 20
1756663164324 48.77899932861328 21
1756663164364 59.51336669921875 22
1756663164403 50.7537841796875 23
1756663164445 63.67046356201172 24
1756663164487 60.84385299682617 25
1756663164529 49.706275939941406 26
1756663164572 50.36133575439453 27
1756663164613 57.78973388671875 28
1756663164655 54.024070739746094 29
1756663164698 54.72032928466797 30
1756663164740 56.1939582824707 31
1756663164782 64.38941192626953 32
1756663164825 53.9456901550293 33
1756663164867 58.000701904296875 34
1756663164910 52.89546585083008 35
1756663164953 58.07747268676758 36
1756663164995 59.69060516357422 37
1756663165039 57.3256950378418 38
1756663165081 56.88895797729492 39
1756663165122 58.7392463684082 40
1756663165164 49.96927261352539 41
1756663165205 52.37016677856445 42
1756663165246 49.206016540527344 43
1756663165285 40.605384826660156 44
1756663165323 53.14037322998047 45
1756663165362 53.03978729248047 46
1756663165400 55.03894805908203 47
1756663165439 59.73712921142578 48
1756663165478 53.288055419921875 49
1756663165516 54.701866149902344 50
1756663165555 57.48509979248047 51
1756663165593 54.12294387817383 52
1756663165633 48.29666519165039 53
1756663165671 54.87273406982422 54
1756663165710 53.3484001159668 55
1756663165748 57.13092803955078 56
1756663165787 55.085121154785156 57
1756663165825 57.06011962890625 58
1756663165864 49.342159271240234 59
1756663165902 59.939659118652344 60
1756663165943 46.99028396606445 61
1756663165983 53.3254280090332 62
1756663166021 45.804603576660156 63
1756663166060 54.64824676513672 64
1756663166098 59.005775451660156 65
1756663166138 50.08885955810547 66
1756663166178 52.03212356567383 67
1756663166218 49.216033935546875 68
1756663166257 55.2858772277832 69
1756663166295 52.4953498840332 70
1756663166334 57.046051025390625 71
1756663166374 47.72815704345703 72
1756663166413 63.444480895996094 73
1756663166452 47.217857360839844 74
1756663166491 50.542991638183594 75
1756663166530 54.14284133911133 76
1756663166569 49.35755157470703 77
1756663166608 49.40813446044922 78
1756663166647 60.15314483642578 79
1756663166686 47.40196228027344 80
1756663166725 46.58919143676758 81
1756663166764 57.63928985595703 82
1756663166803 52.38323974609375 83
1756663166842 54.223182678222656 84
1756663166881 55.17096710205078 85
1756663166920 53.64026641845703 86
1756663166960 61.411048889160156 87
1756663166999 50.598819732666016 88
1756663167038 57.43065643310547 89
1756663167077 50.07503128051758 90
1756663167116 49.9276237487793 91
1756663167155 59.50305938720703 92
1756663167194 51.43297576904297 93
1756663167233 49.73911666870117 94
1756663167273 52.249778747558594 95
1756663167312 47.828495025634766 96
1756663167351 59.7514762878418 97
1756663167390 50.66652297973633 98
1756663167430 49.538841247558594 99
1756663167469 55.88916015625 100
1756663167508 51.45093536376953 101
1756663167546 56.26201248168945 102
1756663167585 48.857582092285156 103
1756663167624 54.93699264526367 104
1756663167663 52.69004440307617 105
1756663167706 54.4756965637207 106
1756663167747 60.12434768676758 107
1756663167790 58.392311096191406 108
1756663167828 50.43177032470703 109
1756663167871 54.664955139160156 110
1756663167915 49.30033493041992 111
1756663167958 56.35200119018555 112
1756663167997 59.199241638183594 113
1756663168040 46.66704559326172 114
1756663168079 54.70061111450195 115
1756663168122 55.26414108276367 116
1756663168166 54.99877166748047 117
1756663168208 55.24097442626953 118
1756663168247 46.73237991333008 119
1756663168290 50.64888381958008 120
1756663168329 52.90364456176758 121
1756663168370 46.05791091918945 122
1756663168408 44.813926696777344 123
1756663168447 48.86789321899414 124
1756663168487 54.94866943359375 125
1756663168530 49.48596954345703 126
1756663168569 46.61425018310547 127
1756663168612 49.434593200683594 128
1756663168651 60.738311767578125 129
1756663168690 53.02973175048828 130
1756663168728 47.82701873779297 131
1756663168767 48.52558135986328 132
1756663168805 51.442359924316406 133
1756663168844 53.592308044433594 134
1756663168883 51.651031494140625 135
1756663168926 54.692626953125 136
1756663168970 52.21271514892578 137
1756663169014 51.8113899230957 138
1756663169053 51.291481018066406 139
1756663169095 52.09355926513672 140
1756663169139 49.08982467651367 141
1756663169183 55.58367919921875 142
1756663169223 52.90244674682617 143
1756663169261 46.14230728149414 144
1756663169301 60.354454040527344 145
1756663169340 52.16179656982422 146
1756663169379 58.85936737060547 147
1756663169418 51.890830993652344 148
1756663169457 49.5933837890625 149
1756663169496 54.960174560546875 150
1756663169537 49.57014846801758 151
1756663169576 56.3285026550293 152
1756663169615 43.59586715698242 153
1756663169655 48.668739318847656 154
1756663169694 52.485694885253906 155
1756663169734 53.663124084472656 156
1756663169773 55.143409729003906 157
1756663169812 55.267608642578125 158
1756663169851 48.49901580810547 159
1756663169890 54.59075164794922 160
1756663169930 50.37929153442383 161
1756663169969 52.943031311035156 162
1756663170008 55.621238708496094 163
1756663170047 55.37242889404297 164
1756663170086 49.783653259277344 165
1756663170125 48.340187072753906 166
1756663170164 51.8836555480957 167
1756663170203 49.394615173339844 168
1756663170242 59.383399963378906 169
1756663170281 47.60521697998047 170
1756663170320 45.10072708129883 171
1756663170359 56.101463317871094 172
1756663170398 52.19207763671875 173
1756663170438 49.843170166015625 174
1756663170477 49.026634216308594 175
1756663170516 54.94029998779297 176
1756663170555 53.97526931762695 177
1756663170594 47.794166564941406 178
1756663170633 52.09061813354492 179
1756663170672 56.3329963684082 180
1756663170712 52.88129806518555 181
1756663170751 55.087486267089844 182
1756663170791 50.6793098449707 183
1756663170829 51.619384765625 184
1756663170869 49.01201629638672 185
1756663170908 45.74019241333008 186
1756663170952 51.3094367980957 187
1756663170996 51.132293701171875 188
1756663171039 60.31663131713867 189
1756663171082 56.394447326660156 190
1756663171121 53.37836837768555 191
1756663171160 54.15424728393555 192
1756663171199 53.275917053222656 193
1756663171238 51.055267333984375 194
1756663171277 52.37269973754883 195
1756663171316 50.539817810058594 196
1756663171355 47.85594940185547 197
1756663171395 49.07086944580078 198
1756663171434 52.3406867980957 199
1756663171473 50.140403747558594 200
1756663171513 51.62398147583008 201
1756663171554 58.07548141479492 202
1756663171594 48.316741943359375 203
1756663171633 45.883445739746094 204
1756663171673 57.40191650390625 205
1756663171712 52.659568786621094 206
1756663171752 53.67049026489258 207
1756663171791 55.69892120361328 208
1756663171830 52.421287536621094 209
1756663171870 46.556640625 210
1756663171909 48.08201217651367 211
1756663171948 46.5100212097168 212
1756663171989 53.08514404296875 213
1756663172028 58.34455490112305 214
1756663172068 54.75885009765625 215
1756663172107 47.18035125732422 216
1756663172146 55.32819747924805 217
1756663172186 53.35393524169922 218
1756663172225 53.0217399597168 219
1756663172264 51.44489669799805 220
1756663172303 50.4654426574707 221
1756663172343 49.8371467590332 222
1756663172382 46.29758071899414 223
1756663172421 57.15288162231445 224
1756663172461 48.563499450683594 225
1756663172503 54.250328063964844 226
1756663172542 47.00998306274414 227
1756663172581 48.158302307128906 228
1756663172621 48.080753326416016 229
1756663172660 54.20316696166992 230
1756663172699 53.954193115234375 231
1756663172738 47.25714874267578 232
1756663172778 51.69947052001953 233
1756663172817 55.8996696472168 234
1756663172856 55.51274490356445 235
1756663172896 56.00201416015625 236
1756663172936 53.111976623535156 237
1756663172976 49.14556121826172 238
1756663173015 58.98662567138672 239
1756663173055 53.59775924682617 240
1756663173094 48.24235153198242 241
1756663173133 50.4058723449707 242
1756663173172 49.50355911254883 243
1756663173212 45.48660659790039 244
1756663173252 52.8553466796875 245
1756663173292 46.41855239868164 246
1756663173332 50.32432556152344 247
1756663173371 46.03229904174805 248
1756663173411 50.39777755737305 249
1756663173456 50.92410659790039 250
1756663173502 59.9117546081543 251
1756663173546 43.73433303833008 252
1756663173590 54.9320182800293 253
1756663173633 46.248939514160156 254
1756663173677 53.27446365356445 255
1756663173721 49.62485122680664 256
1756663173765 50.77861022949219 257
1756663173808 44.675132751464844 258
1756663173852 48.68474197387695 259
1756663173895 47.39638900756836 260
1756663173941 43.39348220825195 261
1756663173984 53.28007888793945 262
1756663174027 46.799293518066406 263
1756663174071 57.596534729003906 264
1756663174115 49.4130744934082 265
1756663174158 54.457672119140625 266
1756663174202 54.450279235839844 267
1756663174245 46.86231994628906 268
1756663174289 55.42833709716797 269
1756663174332 48.0815544128418 270
1756663174375 45.872039794921875 271
1756663174418 48.28031921386719 272
1756663174461 49.49144744873047 273
1756663174506 49.987098693847656 274
1756663174546 57.778594970703125 275
1756663174585 55.2316780090332 276
1756663174624 42.4266242980957 277
1756663174664 56.01570510864258 278
1756663174703 47.9568977355957 279
1756663174743 52.269737243652344 280
1756663174782 51.41999053955078 281
1756663174822 48.43318557739258 282
1756663174861 44.433143615722656 283
1756663174900 49.26721954345703 284
1756663174940 57.15717697143555 285
1756663174980 48.887332916259766 286
1756663175019 53.4758415222168 287
1756663175059 47.04204559326172 288
1756663175098 56.8812141418457 289
1756663175138 55.25359344482422 290
1756663175177 52.542083740234375 291
1756663175216 51.7555046081543 292
1756663175256 51.301025390625 293
1756663175295 47.99421310424805 294
1756663175335 55.67650604248047 295
1756663175375 52.46561813354492 296
1756663175414 47.34412384033203 297
1756663175457 50.14783477783203 298
1756663175498 50.78676223754883 299
1756663183626 98.2152099609375 0
1756663183667 91.18851470947266 1
1756663183704 82.36711120605469 2
1756663183746 75.6203384399414 3
1756663183785 64.99845123291016 4
1756663183822 57.12416076660156 5
1756663183860 57.216705322265625 6
1756663183898 60.89816665649414 7
1756663183938 59.0291748046875 8
1756663183977 55.75140380859375 9
1756663184015 53.030521392822266 10
1756663184053 55.4955940246582 11
1756663184092 44.857421875 12
1756663184130 57.97758865356445 13
1756663184169 49.70132064819336 14
1756663184207 44.00501251220703 15
1756663184246 51.86836242675781 16
1756663184284 51.216773986816406 17
1756663184322 48.69890213012695 18
1756663184361 49.37538528442383 19
1756663184399 45.96109390258789 20
1756663184438 45.388671875 21
1756663184477 51.111427307128906 22
1756663184515 48.65730285644531 23
1756663184554 54.27804946899414 24
1756663184592 49.51875686645508 25
1756663184631 45.30685806274414 26
1756663184669 43.64852523803711 27
1756663184708 49.42228317260742 28
1756663184746 52.77356719970703 29
1756663184786 47.5471305847168 30
1756663184824 45.24211883544922 31
1756663184863 48.16683578491211 32
1756663184902 49.96010971069336 33
1756663184941 48.4317512512207 34
1756663184980 48.15884017944336 35
1756663185018 40.18169403076172 36
1756663185056 41.2525634765625 37
1756663185095 47.11996078491211 38
1756663185134 53.510799407958984 39
1756663185172 44.76727294921875 40
1756663185211 48.54715347290039 41
1756663185251 52.62187194824219 42
1756663185291 42.20231628417969 43
1756663185329 53.100486755371094 44
1756663185368 50.63228225708008 45
1756663185406 49.70689392089844 46
1756663185446 48.931556701660156 47
1756663185485 40.26394271850586 48
1756663185524 37.58570098876953 49
1756663185562 41.83492660522461 50
1756663185601 45.51492691040039 51
1756663185640 48.30293655395508 52
1756663185679 42.88080596923828 53
1756663185718 38.49488067626953 54
1756663185758 40.32619094848633 55
1756663185801 42.2753791809082 56
1756663185840 44.10189437866211 57
1756663185879 40.59839630126953 58
1756663185918 55.62432098388672 59
1756663185958 45.95496368408203 60
1756663185997 43.6219596862793 61
1756663186037 42.302642822265625 62
1756663186076 48.60517501831055 63
1756663186115 41.192962646484375 64
1756663186154 51.95542526245117 65
1756663186194 44.6046142578125 66
1756663186233 38.01600646972656 67
1756663186272 46.73033905029297 68
1756663186311 49.26310729980469 69
1756663186351 50.11356735229492 70
1756663186390 49.286258697509766 71
1756663186430 51.010765075683594 72
1756663186469 39.56524658203125 73
1756663186509 50.46589660644531 74
1756663186552 45.31633377075195 75
1756663186596 41.73295593261719 76
1756663186635 41.15682601928711 77
1756663186677 44.274051666259766 78
1756663186716 45.860652923583984 79
1756663186755 45.59231185913086 80
1756663186796 39.871253967285156 81
1756663186836 45.52442932128906 82
1756663186875 39.66441345214844 83
1756663186914 46.520904541015625 84
1756663186954 50.329612731933594 85
1756663186993 41.56502914428711 86
1756663187033 51.06181335449219 87
1756663187072 41.138160705566406 88
1756663187112 36.16544723510742 89
1756663187152 43.27421569824219 90
1756663187192 42.48563766479492 91
1756663187232 40.2138786315918 92
1756663187271 50.42128372192383 93
1756663187311 50.9507942199707 94
1756663187351 43.79035568237305 95
1756663187391 49.013427734375 96
1756663187431 41.79035949707031 97
1756663187471 41.27870559692383 98
1756663187511 41.44523239135742 99
1756663187551 32.40266799926758 100
1756663187591 42.40617752075195 101
1756663187630 41.39198303222656 102
1756663187670 45.5303840637207 103
1756663187710 44.2606201171875 104
1756663187750 41.86833572387695 105
1756663187788 44.00181579589844 106
1756663187830 41.447994232177734 107
1756663187870 50.750030517578125 108
1756663187909 48.51851272583008 109
1756663187953 44.567710876464844 110
1756663187993 49.00162124633789 111
1756663188034 44.59977722167969 112
1756663188074 37.84019088745117 113
1756663188114 41.68313980102539 114
1756663188154 41.536834716796875 115
1756663188194 39.41312789916992 116
1756663188234 44.032222747802734 117
1756663188274 52.859275817871094 118
1756663188314 46.92338562011719 119
1756663188354 39.75228500366211 120
1756663188393 49.05007553100586 121
1756663188433 44.3414306640625 122
1756663188475 42.11952209472656 123
1756663188513 52.938026428222656 124
1756663188552 40.30644607543945 125
1756663188592 46.3792839050293 126
1756663188630 46.920562744140625 127
1756663188670 40.20561981201172 128
1756663188709 37.34700012207031 129
1756663188747 46.69231033325195 130
1756663188786 42.21981430053711 131
1756663188826 36.38397979736328 132
1756663188864 44.222652435302734 133
1756663188903 44.652870178222656 134
1756663188942 45.85612487792969 135
1756663188986 49.64851760864258 136
1756663189032 35.81867599487305 137
1756663189073 40.14643478393555 138
1756663189112 42.512428283691406 139
1756663189152 42.62709045410156 140
1756663189191 51.866241455078125 141
1756663189231 47.64859390258789 142
1756663189271 40.83187484741211 143
1756663189310 41.09575271606445 144
1756663189350 40.1836051940918 145
1756663189389 48.92863845825195 146
1756663189429 51.171875 147
1756663189469 44.029747009277344 148
1756663189509 42.43736267089844 149
1756663189548 45.87604522705078 150
1756663189588 47.52468490600586 151
1756663189627 42.84492111206055 152
1756663189667 39.01359939575195 153
1756663189706 40.51042556762695 154
1756663189746 46.86263656616211 155
1756663189786 48.31563186645508 156
1756663189825 42.50992202758789 157
1756663189867 43.74702453613281 158
1756663189907 41.55875015258789 159
1756663189947 45.06351852416992 160
1756663189989 45.49654006958008 161
1756663190027 40.671817779541016 162
1756663190066 42.60653305053711 163
1756663190106 44.330101013183594 164
1756663190145 41.66026306152344 165
1756663190184 35.535030364990234 166
1756663190223 46.6771240234375 167
1756663190261 40.22150802612305 168
1756663190300 45.33267593383789 169
1756663190339 42.20503616333008 170
1756663190378 46.774654388427734 171
1756663190418 44.114646911621094 172
1756663190461 42.37853240966797 173
1756663190506 49.38686752319336 174
1756663190546 48.53944778442383 175
1756663190585 37.414390563964844 176
1756663190624 41.08155059814453 177
1756663190664 46.937347412109375 178
1756663190704 40.182220458984375 179
1756663190744 40.024776458740234 180
1756663190784 35.627445220947266 181
1756663190824 44.84233856201172 182
1756663190866 40.31005096435547 183
1756663190907 43.94664764404297 184
1756663190947 46.980525970458984 185
1756663190988 49.39249038696289 186
1756663191029 43.70088195800781 187
1756663191070 45.50201416015625 188
1756663191111 39.8250732421875 189
1756663191152 40.38326644897461 190
1756663191193 38.53643035888672 191
1756663191234 41.932281494140625 192
1756663191274 44.28850173950195 193
1756663191315 46.047611236572266 194
1756663191356 39.73454284667969 195
1756663191397 47.89790725708008 196
1756663191438 47.670223236083984 197
1756663191479 45.67081069946289 198
1756663191520 43.55304718017578 199
1756663191562 41.77499008178711 200
1756663191603 44.52539825439453 201
1756663191645 46.86239242553711 202
1756663191685 43.70885467529297 203
1756663191727 46.21532440185547 204
1756663191768 46.79892349243164 205
1756663191810 51.159271240234375 206
1756663191850 43.28696823120117 207
1756663191892 46.38050842285156 208
1756663191934 48.46007537841797 209
1756663191975 43.19680404663086 210
1756663192016 40.68437194824219 211
1756663192058 34.9068603515625 212
1756663192099 47.15729522705078 213
1756663192143 37.40026092529297 214
1756663192182 37.983821868896484 215
1756663192224 44.81135177612305 216
1756663192264 37.41434860229492 217
1756663192306 45.28252410888672 218
1756663192346 44.032020568847656 219
1756663192386 47.848819732666016 220
1756663192427 49.81086349487305 221
1756663192468 39.06904602050781 222
1756663192509 51.139892578125 223
1756663192549 39.407875061035156 224
1756663192590 40.23906707763672 225
1756663192634 47.30064392089844 226
1756663192675 36.62934494018555 227
1756663192716 30.020519256591797 228
1756663192757 38.308712005615234 229
1756663192798 43.7094612121582 230
1756663192839 35.7519645690918 231
1756663192879 40.32851791381836 232
1756663192919 40.67625045776367 233
1756663192960 37.60385513305664 234
1756663193000 41.45418930053711 235
1756663193041 35.73649597167969 236
1756663193081 49.41960906982422 237
1756663193122 44.074459075927734 238
1756663193162 44.52924728393555 239
1756663193203 32.93862533569336 240
1756663193243 45.131160736083984 241
1756663193284 47.202449798583984 242
1756663193324 41.70109939575195 243
1756663193364 48.96097183227539 244
1756663193406 44.29875564575195 245
1756663193447 47.9336051940918 246
1756663193493 45.572906494140625 247
1756663193533 42.467098236083984 248
1756663193573 38.16008758544922 249
1756663193614 45.4128532409668 250
1756663193654 47.31043243408203 251
1756663193695 38.45401382446289 252
1756663193735 45.563987731933594 253
1756663193777 44.902793884277344 254
1756663193818 44.679588317871094 255
1756663193859 44.79362869262695 256
1756663193900 49.50617980957031 257
1756663193940 40.5245361328125 258
1756663193981 47.28477478027344 259
1756663194021 45.21859359741211 260
1756663194062 43.1645393371582 261
1756663194102 46.144630432128906 262
1756663194144 46.471317291259766 263
1756663194185 51.757633209228516 264
1756663194224 42.284027099609375 265
1756663194265 47.04600524902344 266
1756663194306 41.76338195800781 267
1756663194347 46.547183990478516 268
1756663194389 42.01702880859375 269
1756663194429 44.12796401977539 270
1756663194470 47.962669372558594 271
1756663194511 44.34043884277344 272
1756663194552 46.05715560913086 273
1756663194592 38.594234466552734 274
1756663194633 42.834007263183594 275
1756663194674 37.212520599365234 276
1756663194715 42.597190856933594 277
1756663194755 42.869667053222656 278
1756663194795 45.44873809814453 279
1756663194835 43.165218353271484 280
1756663194877 50.547977447509766 281
1756663194917 47.703670501708984 282
1756663194957 43.76485061645508 283
1756663194998 48.642887115478516 284
1756663195037 39.12061309814453 285
1756663195077 45.47257614135742 286
1756663195117 43.165252685546875 287
1756663195156 39.37703323364258 288
1756663195197 36.78250503540039 289
1756663195237 41.10813903808594 290
1756663195278 39.736759185791016 291
1756663195323 40.940372467041016 292
1756663195362 41.41020965576172 293
1756663195402 47.140193939208984 294
1756663195441 39.40433883666992 295
1756663195481 57.089447021484375 296
1756663195520 42.44455337524414 297
1756663195560 45.28146743774414 298
1756663195601 38.06241226196289 299
1756663203732 97.64776611328125 0
1756663203773 83.7899398803711 1
1756663203812 73.22029113769531 2
1756663203852 60.379722595214844 3
1756663203891 57.47100830078125 4
1756663203929 52.74645233154297 5
1756663203969 61.376380920410156 6
1756663204007 61.801002502441406 7
1756663204048 58.837158203125 8
1756663204086 53.53588104248047 9
1756663204125 49.31182098388672 10
1756663204163 52.57737350463867 11
1756663204202 48.05696487426758 12
1756663204241 48.29027557373047 13
1756663204280 54.181922912597656 14
1756663204319 53.4372673034668 15
1756663204358 47.2595329284668 16
1756663204398 49.08086013793945 17
1756663204438 57.28510665893555 18
1756663204480 45.49496078491211 19
1756663204518 45.24851608276367 20
1756663204557 45.745445251464844 21
1756663204596 50.76245880126953 22
1756663204642 47.07906723022461 23
1756663204684 48.991539001464844 24
1756663204723 48.681297302246094 25
1756663204762 49.60413360595703 26
1756663204801 49.597572326660156 27
1756663204841 41.75524139404297 28
1756663204879 51.068748474121094 29
1756663204918 44.8449592590332 30
1756663204957 45.98427200317383 31
1756663204996 45.77172088623047 32
1756663205035 41.182838439941406 33
1756663205073 59.770606994628906 34
1756663205112 44.429954528808594 35
1756663205151 42.87333297729492 36
1756663205190 44.598060607910156 37
1756663205229 44.704933166503906 38
1756663205269 43.4859504699707 39
1756663205308 45.89948654174805 40
1756663205347 47.51554489135742 41
1756663205387 43.64277648925781 42
1756663205426 42.74723434448242 43
1756663205466 40.30812454223633 44
1756663205505 42.14757537841797 45
1756663205545 39.28128433227539 46
1756663205584 50.99709701538086 47
1756663205623 46.26438522338867 48
1756663205662 44.82701110839844 49
1756663205702 46.17768096923828 50
1756663205742 42.89501190185547 51
1756663205782 46.904232025146484 52
1756663205821 43.19911575317383 53
1756663205861 50.6476936340332 54
1756663205901 45.28849792480469 55
1756663205940 41.86912155151367 56
1756663205983 38.66984939575195 57
1756663206024 52.9610710144043 58
1756663206064 53.366241455078125 59
1756663206105 42.13292694091797 60
1756663206145 51.32814407348633 61
1756663206185 46.618072509765625 62
1756663206225 43.04000473022461 63
1756663206265 48.9476432800293 64
1756663206305 42.078182220458984 65
1756663206346 45.447776794433594 66
1756663206386 45.63465881347656 67
1756663206427 39.3709716796875 68
1756663206468 41.0041389465332 69
1756663206510 44.9286003112793 70
1756663206553 43.66765594482422 71
1756663206594 38.369197845458984 72
1756663206634 45.03860855102539 73
1756663206673 35.09565734863281 74
1756663206713 41.20362091064453 75
1756663206752 48.25562286376953 76
1756663206792 44.49407196044922 77
1756663206832 38.372032165527344 78
1756663206871 37.46697998046875 79
1756663206911 37.91740036010742 80
1756663206951 40.96672821044922 81
1756663206993 46.89719772338867 82
1756663207033 41.3767204284668 83
1756663207073 42.73187255859375 84
1756663207113 40.17967224121094 85
1756663207153 42.09361267089844 86
1756663207193 48.32506561279297 87
1756663207233 39.303733825683594 88
1756663207273 47.836944580078125 89
1756663207313 46.46382522583008 90
1756663207353 41.033164978027344 91
1756663207393 44.463111877441406 92
1756663207433 39.97491455078125 93
1756663207476 45.70830154418945 94
1756663207515 52.1109733581543 95
1756663207556 47.504188537597656 96
1756663207597 41.21392822265625 97
1756663207637 45.543235778808594 98
1756663207676 46.22202682495117 99
1756663207715 47.17603302001953 100
1756663207755 45.5704345703125 101
1756663207795 39.46923065185547 102
1756663207834 40.07606887817383 103
1756663207873 40.724815368652344 104
1756663207913 37.98651123046875 105
1756663207954 44.738006591796875 106
1756663207994 43.4920654296875 107
1756663208035 42.72149658203125 108
1756663208074 42.61652755737305 109
1756663208114 51.05089569091797 110
1756663208154 42.95452880859375 111
1756663208193 47.39837646484375 112
1756663208233 41.46934509277344 113
1756663208273 39.277061462402344 114
1756663208313 46.596221923828125 115
1756663208353 41.658592224121094 116
1756663208392 46.703651428222656 117
1756663208432 59.10405731201172 118
1756663208472 42.46630859375 119
1756663208512 44.91366195678711 120
1756663208552 49.69630813598633 121
1756663208591 46.69145965576172 122
1756663208632 38.47514724731445 123
1756663208671 46.0375862121582 124
1756663208716 39.662620544433594 125
1756663208756 41.47824478149414 126
1756663208795 40.20743179321289 127
1756663208836 47.950897216796875 128
1756663208875 47.18329620361328 129
1756663208915 42.74895477294922 130
1756663208954 41.61919403076172 131
1756663208994 45.668949127197266 132
1756663209034 42.476844787597656 133
1756663209077 49.12112808227539 134
1756663209118 35.3879508972168 135
1756663209158 40.4464111328125 136
1756663209197 44.230377197265625 137
1756663209237 42.15990447998047 138
1756663209276 45.822181701660156 139
1756663209316 43.682491302490234 140
1756663209356 47.394187927246094 141
1756663209395 42.3682861328125 142
1756663209435 45.26274871826172 143
1756663209475 36.544742584228516 144
1756663209515 45.43410873413086 145
1756663209555 41.53669357299805 146
1756663209594 52.647193908691406 147
1756663209635 41.12018585205078 148
1756663209675 42.1704216003418 149
1756663209715 45.918357849121094 150
1756663209754 42.30951690673828 151
1756663209794 50.71321487426758 152
1756663209835 40.9066047668457 153
1756663209879 39.2988166809082 154
1756663209922 46.24899673461914 155
1756663209966 39.315879821777344 156
1756663210009 44.468021392822266 157
1756663210052 46.48670196533203 158
1756663210097 50.22260284423828 159
1756663210139 50.82329559326172 160
1756663210183 38.40338897705078 161
1756663210225 50.564430236816406 162
1756663210265 37.44458770751953 163
1756663210305 46.0482177734375 164
1756663210347 43.533241271972656 165
1756663210386 42.57227325439453 166
1756663210426 44.832786560058594 167
1756663210470 39.295291900634766 168
1756663210510 50.234622955322266 169
1756663210550 45.291908264160156 170
1756663210591 46.86772918701172 171
1756663210632 47.588279724121094 172
1756663210672 42.375221252441406 173
1756663210712 46.16191864013672 174
1756663210752 44.04457092285156 175
1756663210793 37.59714126586914 176
1756663210834 41.22978591918945 177
1756663210873 43.50725555419922 178
1756663210913 38.06825256347656 179
1756663210954 44.25810623168945 180
1756663210995 45.57037353515625 181
1756663211038 48.195335388183594 182
1756663211080 38.022640228271484 183
1756663211120 32.3900146484375 184
1756663211159 45.79053497314453 185
1756663211200 37.01250457763672 186
1756663211240 42.09223937988281 187
1756663211280 42.074180603027344 188
1756663211320 43.25503921508789 189
1756663211360 40.718379974365234 190
1756663211400 40.26255798339844 191
1756663211440 40.63787078857422 192
1756663211482 35.94449996948242 193
1756663211522 46.349918365478516 194
1756663211563 43.8382568359375 195
1756663211604 35.687171936035156 196
1756663211645 45.260032653808594 197
1756663211686 38.515682220458984 198
1756663211726 44.14917755126953 199
1756663211767 45.31540298461914 200
1756663211807 37.58753204345703 201
1756663211847 42.677032470703125 202
1756663211888 47.46036911010742 203
1756663211930 39.0155029296875 204
1756663211970 50.266536712646484 205
1756663212010 52.77397537231445 206
1756663212052 51.05370330810547 207
1756663212093 47.11444854736328 208
1756663212133 48.04981231689453 209
1756663212174 45.48283386230469 210
1756663212214 43.52983474731445 211
1756663212254 38.939453125 212
1756663212294 40.0555419921875 213
1756663212335 41.57940673828125 214
1756663212376 37.50973129272461 215
1756663212417 46.012176513671875 216
1756663212458 41.640357971191406 217
1756663212498 37.894813537597656 218
1756663212538 39.60395050048828 219
1756663212578 43.475528717041016 220
1756663212617 44.70664596557617 221
1756663212659 49.101104736328125 222
1756663212699 34.56891632080078 223
1756663212740 44.92131042480469 224
1756663212780 46.9384765625 225
1756663212820 46.72039794921875 226
1756663212861 46.31917953491211 227
1756663212901 34.5460319519043 228
1756663212945 44.76060104370117 229
1756663212990 44.05298614501953 230
1756663213034 38.4583740234375 231
1756663213075 37.1849365234375 232
1756663213115 49.13496398925781 233
1756663213156 48.259098052978516 234
1756663213202 37.4842529296875 235
1756663213245 37.52955627441406 236
1756663213289 45.653778076171875 237
1756663213333 47.15656280517578 238
1756663213374 40.66398239135742 239
1756663213414 50.06100845336914 240
1756663213456 45.041473388671875 241
1756663213499 42.175296783447266 242
1756663213545 41.143775939941406 243
1756663213585 41.3408203125 244
1756663213626 47.01477813720703 245
1756663213668 44.60497283935547 246
1756663213709 47.0420036315918 247
1756663213750 39.16065979003906 248
1756663213792 42.516685485839844 249
1756663213833 44.5933723449707 250
1756663213875 43.614830017089844 251
1756663213915 41.51142120361328 252
1756663213956 39.57910919189453 253
1756663213998 45.28453826904297 254
1756663214039 42.83342361450195 255
1756663214080 46.69501495361328 256
1756663214121 41.795589447021484 257
1756663214163 37.021995544433594 258
1756663214204 43.53707504272461 259
1756663214249 47.38486862182617 260
1756663214296 44.873600006103516 261
1756663214337 39.19970703125 262
1756663214378 47.20783615112305 263
1756663214422 38.46531295776367 264
1756663214461 44.8509521484375 265
1756663214503 51.275299072265625 266
1756663214544 38.54468536376953 267
1756663214584 37.852745056152344 268
1756663214625 44.17951965332031 269
1756663214665 34.577880859375 270
1756663214705 41.57512664794922 271
1756663214747 44.79155731201172 272
1756663214788 43.124298095703125 273
1756663214828 42.6402473449707 274
1756663214868 38.807029724121094 275
1756663214909 40.555809020996094 276
1756663214949 37.346797943115234 277
1756663214991 38.30585861206055 278
1756663215031 38.97565841674805 279
1756663215072 37.086238861083984 280
1756663215112 43.609649658203125 281
1756663215154 37.53826141357422 282
1756663215194 40.80282974243164 283
1756663215235 46.824554443359375 284
1756663215276 47.68756866455078 285
1756663215316 40.99219512939453 286
1756663215357 37.90819549560547 287
1756663215398 46.247947692871094 288
1756663215440 52.64342498779297 289
1756663215482 44.334861755371094 290
1756663215523 47.64333724975586 291
1756663215564 36.73784637451172 292
1756663215605 42.99799728393555 293
1756663215646 44.59502029418945 294
1756663215688 41.110557556152344 295
1756663215728 49.40182876586914 296
1756663215769 41.30036544799805 297
1756663215809 44.556419372558594 298
1756663215850 41.86467361450195 299
1756663224019 98.56752014160156 0
1756663224079 93.86121368408203 1
1756663224136 86.81105041503906 2
1756663224191 83.06066131591797 3
1756663224249 77.23702239990234 4
1756663224309 68.64995574951172 5
1756663224365 68.3074722290039 6
1756663224422 60.23042678833008 7
1756663224479 64.01664733886719 8
1756663224537 63.107810974121094 9
1756663224593 60.7153434753418 10
1756663224650 70.04573059082031 11
1756663224707 55.8930778503418 12
1756663224763 59.76647186279297 13
1756663224822 62.187400817871094 14
1756663224879 61.436988830566406 15
1756663224937 66.77501678466797 16
1756663224995 67.44213104248047 17
1756663225052 60.994041442871094 18
1756663225109 57.13436508178711 19
1756663225165 56.729957580566406 20
1756663225223 63.419883728027344 21
1756663225280 59.8160285949707 22
1756663225337 61.22477722167969 23
1756663225394 57.145694732666016 24
1756663225450 56.58531951904297 25
1756663225510 55.233436584472656 26
1756663225567 56.482662200927734 27
1756663225624 54.48849105834961 28
1756663225680 57.106346130371094 29
1756663225738 55.207908630371094 30
1756663225796 53.448673248291016 31
1756663225853 52.6295051574707 32
1756663225911 59.266719818115234 33
1756663225968 54.95383071899414 34
1756663226026 48.685302734375 35
1756663226085 48.23262405395508 36
1756663226142 56.36371994018555 37
1756663226199 54.33926773071289 38
1756663226257 61.39125442504883 39
1756663226314 64.36491394042969 40
1756663226372 56.64036560058594 41
1756663226429 57.567962646484375 42
1756663226488 61.08754348754883 43
1756663226551 60.23932647705078 44
1756663226610 62.94693374633789 45
1756663226668 57.47747802734375 46
1756663226728 55.37630844116211 47
1756663226787 52.93365478515625 48
1756663226844 56.395320892333984 49
1756663226901 62.614837646484375 50
1756663226958 54.71072769165039 51
1756663227016 53.40489196777344 52
1756663227074 57.29039001464844 53
1756663227132 58.815330505371094 54
1756663227189 54.24702072143555 55
1756663227246 60.99268341064453 56
1756663227304 57.754940032958984 57
1756663227361 56.90514373779297 58
1756663227418 52.740234375 59
1756663227475 52.94746398925781 60
1756663227533 49.8864631652832 61
1756663227590 52.03881072998047 62
1756663227647 52.42054748535156 63
1756663227705 59.89320755004883 64
1756663227762 49.3597526550293 65
1756663227820 59.46358108520508 66
1756663227878 62.08808898925781 67
1756663227935 58.23091506958008 68
1756663227993 57.195579528808594 69
1756663228050 56.85204315185547 70
1756663228108 53.25545883178711 71
1756663228166 56.312931060791016 72
1756663228223 51.20698928833008 73
1756663228280 63.937171936035156 74
1756663228338 56.09298324584961 75
1756663228395 53.9989128112793 76
1756663228453 53.69486618041992 77
1756663228511 52.33283615112305 78
1756663228569 49.323978424072266 79
1756663228626 52.49260330200195 80
1756663228685 63.19496536254883 81
1756663228742 54.58479309082031 82
1756663228809 52.163352966308594 83
1756663228874 50.611297607421875 84
1756663228930 56.71495056152344 85
1756663228988 54.7427864074707 86
1756663229044 59.58893585205078 87
1756663229101 59.34217834472656 88
1756663229163 53.22865676879883 89
1756663229222 57.67753219604492 90
1756663229280 58.91756820678711 91
1756663229338 54.686920166015625 92
1756663229400 60.30184555053711 93
1756663229457 57.18531799316406 94
1756663229515 63.35769271850586 95
1756663229573 51.09270095825195 96
1756663229631 54.10679244995117 97
1756663229689 54.64500045776367 98
1756663229747 54.47468948364258 99
1756663229804 52.63162612915039 100
1756663229862 48.092960357666016 101
1756663229919 57.3706169128418 102
1756663229978 58.18404006958008 103
1756663230036 58.75271224975586 104
1756663230095 52.01945114135742 105
1756663230152 49.2980842590332 106
1756663230210 53.45067596435547 107
1756663230268 58.742584228515625 108
1756663230327 57.37410354614258 109
1756663230384 55.29986572265625 110
1756663230443 56.671058654785156 111
1756663230506 50.8151969909668 112
1756663230563 53.58589553833008 113
1756663230622 50.42411422729492 114
1756663230679 55.85946273803711 115
1756663230736 49.90110778808594 116
1756663230795 57.4297981262207 117
1756663230852 56.00718688964844 118
1756663230909 49.061492919921875 119
1756663230967 58.89445114135742 120
1756663231025 51.06571960449219 121
1756663231082 45.0809440612793 122
1756663231141 49.9883918762207 123
1756663231199 51.02399826049805 124
1756663231256 48.227481842041016 125
1756663231316 61.135093688964844 126
1756663231373 55.40067672729492 127
1756663231430 56.45255661010742 128
1756663231490 49.71807098388672 129
1756663231549 62.82160949707031 130
1756663231607 53.99441146850586 131
1756663231665 52.56709671020508 132
1756663231724 54.136112213134766 133
1756663231781 57.676292419433594 134
1756663231841 49.63322067260742 135
1756663231898 60.0854606628418 136
1756663231956 60.57114028930664 137
1756663232014 54.9619255065918 138
1756663232072 57.42076110839844 139
1756663232130 53.87514877319336 140
1756663232188 56.59737014770508 141
1756663232247 47.130767822265625 142
1756663232304 50.97016525268555 143
1756663232362 49.851810455322266 144
1756663232421 50.949684143066406 145
1756663232482 51.19038009643555 146
1756663232540 62.47004699707031 147
1756663232599 58.91650390625 148
1756663232656 53.28343963623047 149
1756663232714 55.305198669433594 150
1756663232771 50.61494827270508 151
1756663232830 52.16072463989258 152
1756663232889 52.54339599609375 153
1756663232947 45.163795471191406 154
1756663233007 54.15397644042969 155
1756663233066 56.04473114013672 156
1756663233124 57.45968246459961 157
1756663233183 54.07232666015625 158
1756663233241 58.940059661865234 159
1756663233300 63.85491180419922 160
1756663233358 54.08651351928711 161
1756663233417 62.9227294921875 162
1756663233475 47.7410888671875 163
1756663233534 55.861698150634766 164
1756663233592 53.086402893066406 165
1756663233651 53.04818344116211 166
1756663233709 51.282257080078125 167
1756663233767 51.61980056762695 168
1756663233825 58.055233001708984 169
1756663233884 52.36479568481445 170
1756663233942 54.0907096862793 171
1756663234001 48.79214859008789 172
1756663234059 60.04555892944336 173
1756663234118 55.222599029541016 174
1756663234178 48.21526336669922 175
1756663234237 45.2900276184082 176
1756663234295 52.61556625366211 177
1756663234353 50.623634338378906 178
1756663234413 58.95779800415039 179
1756663234472 61.48263168334961 180
1756663234529 50.86693572998047 181
1756663234587 58.847286224365234 182
1756663234646 51.90892791748047 183
1756663234704 53.69465637207031 184
1756663234764 57.8549690246582 185
1756663234822 60.85322952270508 186
1756663234881 54.452659606933594 187
1756663234939 59.28986740112305 188
1756663234999 61.50995635986328 189
1756663235057 44.88167953491211 190
1756663235115 50.38918685913086 191
1756663235173 51.475914001464844 192
1756663235231 59.41081237792969 193
1756663235290 51.753360748291016 194
1756663235349 52.214874267578125 195
1756663235407 56.58042907714844 196
1756663235466 49.85382080078125 197
1756663235525 47.01908493041992 198
1756663235583 48.557186126708984 199
1756663235640 54.39098358154297 200
1756663235699 56.83689498901367 201
1756663235757 53.68353271484375 202
1756663235815 62.15157699584961 203
1756663235874 50.28765106201172 204
1756663235933 57.290069580078125 205
1756663235991 53.77445602416992 206
1756663236049 56.8598747253418 207
1756663236107 58.78730773925781 208
1756663236166 55.22551345825195 209
1756663236224 55.71126937866211 210
1756663236282 51.15809631347656 211
1756663236341 61.29460525512695 212
1756663236399 53.265037536621094 213
1756663236457 52.07756805419922 214
1756663236517 53.64193344116211 215
1756663236575 58.60814666748047 216
1756663236633 54.70241928100586 217
1756663236691 51.03213119506836 218
1756663236750 58.76298141479492 219
1756663236809 51.33070373535156 220
1756663236868 51.24253463745117 221
1756663236928 54.426292419433594 222
1756663236987 60.402183532714844 223
1756663237046 53.02739334106445 224
1756663237105 63.315269470214844 225
1756663237164 61.91310501098633 226
1756663237223 52.58858871459961 227
1756663237281 57.08823776245117 228
1756663237340 61.710479736328125 229
1756663237399 59.02848815917969 230
1756663237457 59.01016616821289 231
1756663237517 51.57136154174805 232
1756663237575 56.507164001464844 233
1756663237636 47.840850830078125 234
1756663237695 58.68628692626953 235
1756663237753 50.51713943481445 236
1756663237811 49.85661315917969 237
1756663237870 53.785762786865234 238
1756663237928 47.548736572265625 239
1756663237986 51.17440414428711 240
1756663238045 68.41244506835938 241
1756663238104 62.890254974365234 242
1756663238162 56.087432861328125 243
1756663238221 50.3280029296875 244
1756663238280 49.9620361328125 245
1756663238338 48.813140869140625 246
1756663238397 51.06434631347656 247
1756663238455 55.51483917236328 248
1756663238514 50.713218688964844 249
1756663238572 45.36565017700195 250
1756663238632 48.095035552978516 251
1756663238691 52.73887634277344 252
1756663238750 48.0604248046875 253
1756663238808 57.34242248535156 254
1756663238867 53.26664352416992 255
1756663238926 47.51506805419922 256
1756663238984 56.924346923828125 257
1756663239043 52.5508918762207 258
1756663239102 51.59437942504883 259
1756663239162 52.374263763427734 260
1756663239221 57.33336639404297 261
1756663239279 52.236026763916016 262
1756663239338 48.6766357421875 263
1756663239397 49.39320755004883 264
1756663239456 57.49769973754883 265
1756663239515 52.85396194458008 266
1756663239573 52.85611343383789 267
1756663239631 55.09364318847656 268
1756663239691 53.75935745239258 269
1756663239750 49.91731262207031 270
1756663239808 54.437129974365234 271
1756663239867 50.33004379272461 272
1756663239926 56.34130859375 273
1756663239985 55.87523651123047 274
1756663240043 54.456520080566406 275
1756663240103 58.32707595825195 276
1756663240162 50.841941833496094 277
1756663240221 55.08635711669922 278
1756663240280 56.365943908691406 279
1756663240339 53.206275939941406 280
1756663240397 55.328182220458984 281
1756663240456 56.11330032348633 282
1756663240515 53.43287658691406 283
1756663240574 52.20180892944336 284
1756663240634 48.45711898803711 285
1756663240696 61.76654052734375 286
1756663240756 52.570899963378906 287
1756663240816 51.8336067199707 288
1756663240875 60.152950286865234 289
1756663240934 56.97085189819336 290
1756663240992 52.5653076171875 291
1756663241050 58.90998458862305 292
1756663241110 55.283016204833984 293
1756663241169 54.20155334472656 294
1756663241227 50.57807540893555 295
1756663241287 45.6856689453125 296
1756663241346 56.98637008666992 297
1756663241405 47.48432540893555 298
1756663241462 53.504642486572266 299
1756663249615 99.8466796875 0
1756663249671 98.40058898925781 1
1756663249728 97.13078308105469 2
1756663249784 94.20943450927734 3
1756663249841 90.50518798828125 4
1756663249899 86.1978988647461 5
1756663249956 86.70826721191406 6
1756663250015 74.382080078125 7
1756663250072 71.59024047851562 8
1756663250129 69.55040740966797 9
1756663250186 59.14582443237305 10
1756663250242 65.03864288330078 11
1756663250298 62.598426818847656 12
1756663250355 54.524330139160156 13
1756663250412 60.4321174621582 14
1756663250469 61.9652214050293 15
1756663250532 59.285072326660156 16
1756663250589 67.58293151855469 17
1756663250646 65.3508529663086 18
1756663250702 59.949440002441406 19
1756663250759 64.79134368896484 20
1756663250817 62.481590270996094 21
1756663250874 53.153419494628906 22
1756663250931 49.97673797607422 23
1756663250988 62.66119384765625 24
1756663251045 61.623146057128906 25
1756663251103 59.17333221435547 26
1756663251160 54.3033561706543 27
1756663251216 61.16147994995117 28
1756663251273 50.77486038208008 29
1756663251330 59.42241287231445 30
1756663251386 61.09595489501953 31
1756663251447 55.3723030090332 32
1756663251505 53.433746337890625 33
1756663251563 58.2847785949707 34
1756663251621 61.926124572753906 35
1756663251678 56.09796142578125 36
1756663251737 55.20298385620117 37
1756663251796 58.0185432434082 38
1756663251854 60.43217086791992 39
1756663251912 52.06781005859375 40
1756663251968 49.166961669921875 41
1756663252026 57.09309005737305 42
1756663252083 53.80412673950195 43
1756663252141 58.728240966796875 44
1756663252198 58.65858840942383 45
1756663252255 57.3974723815918 46
1756663252314 60.876075744628906 47
1756663252370 49.253631591796875 48
1756663252427 55.383079528808594 49
1756663252484 55.07819366455078 50
1756663252541 58.90690231323242 51
1756663252598 53.31427764892578 52
1756663252655 55.390052795410156 53
1756663252711 55.143768310546875 54
1756663252768 52.75635528564453 55
1756663252825 61.03477096557617 56
1756663252882 55.82297897338867 57
1756663252939 63.55205154418945 58
1756663252996 60.3175048828125 59
1756663253055 60.81475830078125 60
1756663253112 57.6724853515625 61
1756663253170 54.6481819152832 62
1756663253227 54.08429718017578 63
1756663253284 55.782615661621094 64
1756663253342 53.27165985107422 65
1756663253399 63.65752410888672 66
1756663253456 58.81220245361328 67
1756663253514 54.29274368286133 68
1756663253572 59.09968185424805 69
1756663253629 53.15441131591797 70
1756663253687 57.58811569213867 71
1756663253744 54.22468185424805 72
1756663253803 63.35178756713867 73
1756663253860 53.800025939941406 74
1756663253918 50.510467529296875 75
1756663253975 45.11286544799805 76
1756663254035 56.739776611328125 77
1756663254092 55.60465621948242 78
1756663254149 56.320838928222656 79
1756663254209 58.81121063232422 80
1756663254266 56.981689453125 81
1756663254324 60.13359451293945 82
1756663254383 58.94655227661133 83
1756663254440 57.96135711669922 84
1756663254499 54.24320602416992 85
1756663254557 61.180816650390625 86
1756663254614 53.439918518066406 87
1756663254671 44.16620635986328 88
1756663254730 51.55462646484375 89
1756663254787 58.337791442871094 90
1756663254846 51.52850341796875 91
1756663254903 50.19150924682617 92
1756663254960 57.89635467529297 93
1756663255020 54.042137145996094 94
1756663255077 57.029624938964844 95
1756663255135 49.73642349243164 96
1756663255193 58.95476531982422 97
1756663255250 58.352333068847656 98
1756663255309 54.94244384765625 99
1756663255368 58.70648193359375 100
1756663255425 59.406517028808594 101
1756663255483 57.90584182739258 102
1756663255542 50.30895233154297 103
1756663255600 49.32524490356445 104
1756663255657 58.16015625 105
1756663255714 51.337554931640625 106
1756663255771 55.550567626953125 107
1756663255828 54.66108322143555 108
1756663255887 56.60956954956055 109
1756663255946 54.24507522583008 110
1756663256004 54.61397171020508 111
1756663256064 50.570465087890625 112
1756663256121 49.074222564697266 113
1756663256180 58.772216796875 114
1756663256237 51.62758255004883 115
1756663256294 54.273887634277344 116
1756663256352 58.006690979003906 117
1756663256409 59.830482482910156 118
1756663256467 46.70476531982422 119
1756663256525 54.855224609375 120
1756663256583 53.232460021972656 121
1756663256640 56.49726104736328 122
1756663256699 56.6679573059082 123
1756663256757 54.609092712402344 124
1756663256815 55.68695068359375 125
1756663256874 51.349205017089844 126
1756663256933 49.6659049987793 127
1756663256991 44.63373947143555 128
1756663257050 57.53522491455078 129
1756663257108 53.40296173095703 130
1756663257166 48.98301696777344 131
1756663257224 55.315940856933594 132
1756663257281 49.047752380371094 133
1756663257340 53.366188049316406 134
1756663257398 53.99321746826172 135
1756663257456 51.52495574951172 136
1756663257516 49.913421630859375 137
1756663257574 57.45655059814453 138
1756663257631 56.368736267089844 139
1756663257688 48.71622085571289 140
1756663257745 56.207481384277344 141
1756663257803 50.141021728515625 142
1756663257860 59.393592834472656 143
1756663257918 59.25758743286133 144
1756663257977 63.408241271972656 145
1756663258034 54.1793098449707 146
1756663258091 53.61640167236328 147
1756663258150 58.2211799621582 148
1756663258207 55.7781982421875 149
1756663258264 53.35729217529297 150
1756663258322 57.51484298706055 151
1756663258379 49.79914093017578 152
1756663258437 51.95738983154297 153
1756663258495 55.39551544189453 154
1756663258553 57.191444396972656 155
1756663258611 54.3594856262207 156
1756663258668 46.56779098510742 157
1756663258727 54.37211990356445 158
1756663258786 54.8217887878418 159
1756663258844 53.598663330078125 160
1756663258903 52.28357696533203 161
1756663258961 55.70063018798828 162
1756663259020 54.27164840698242 163
1756663259078 59.12092971801758 164
1756663259137 50.874053955078125 165
1756663259194 55.235801696777344 166
1756663259254 54.94984817504883 167
1756663259311 49.24517822265625 168
1756663259370 48.91858673095703 169
1756663259429 54.33635330200195 170
1756663259487 50.318115234375 171
1756663259545 62.6597785949707 172
1756663259604 57.109832763671875 173
1756663259661 57.257286071777344 174
1756663259720 53.8337287902832 175
1756663259778 49.57464599609375 176
1756663259835 54.89670944213867 177
1756663259893 53.03504180908203 178
1756663259950 56.2529182434082 179
1756663260009 60.963951110839844 180
1756663260066 51.770591735839844 181
1756663260125 50.90546417236328 182
1756663260182 59.144920349121094 183
1756663260240 56.72228240966797 184
1756663260297 53.24214553833008 185
1756663260355 50.0626335144043 186
1756663260413 53.88969039916992 187
1756663260472 55.52233123779297 188
1756663260531 53.619903564453125 189
1756663260588 59.6529426574707 190
1756663260646 47.6934814453125 191
1756663260704 55.9991455078125 192
1756663260761 58.099761962890625 193
1756663260820 56.376670837402344 194
1756663260878 50.3880615234375 195
1756663260937 56.9866943359375 196
1756663260995 52.609405517578125 197
1756663261053 57.98162078857422 198
1756663261112 50.932403564453125 199
1756663261171 51.39561080932617 200
1756663261229 57.9416618347168 201
1756663261287 53.557037353515625 202
1756663261345 54.311683654785156 203
1756663261403 50.11591720581055 204
1756663261463 52.396949768066406 205
1756663261521 56.670555114746094 206
1756663261580 44.45175552368164 207
1756663261638 56.817466735839844 208
1756663261697 56.44105911254883 209
1756663261754 52.6806640625 210
1756663261813 56.2899169921875 211
1756663261871 60.28143310546875 212
1756663261928 52.8931999206543 213
1756663261989 57.47614288330078 214
1756663262048 61.93511962890625 215
1756663262106 63.30336380004883 216
1756663262163 57.23553466796875 217
1756663262221 53.74187469482422 218
1756663262278 55.16704559326172 219
1756663262338 57.37922286987305 220
1756663262399 52.728370666503906 221
1756663262458 55.82543182373047 222
1756663262517 52.3773307800293 223
1756663262576 49.60393142700195 224
1756663262636 53.44916534423828 225
1756663262694 60.25348663330078 226
1756663262753 62.536338806152344 227
1756663262811 53.59368133544922 228
1756663262870 51.30145263671875 229
1756663262929 52.634063720703125 230
1756663262988 57.940673828125 231
1756663263047 57.318153381347656 232
1756663263106 56.102439880371094 233
1756663263165 54.66109085083008 234
1756663263224 48.063106536865234 235
1756663263282 53.32910919189453 236
1756663263341 45.66657257080078 237
1756663263399 60.3985595703125 238
1756663263457 47.23836135864258 239
1756663263516 50.67583465576172 240
1756663263574 56.496849060058594 241
1756663263634 54.4581413269043 242
1756663263693 61.608909606933594 243
1756663263754 47.55384063720703 244
1756663263814 54.47553634643555 245
1756663263874 53.87205123901367 246
1756663263933 53.23469924926758 247
1756663263993 46.46885681152344 248
1756663264056 50.29716110229492 249
1756663264116 54.472869873046875 250
1756663264176 56.91313552856445 251
1756663264236 56.859214782714844 252
1756663264296 56.990821838378906 253
1756663264357 63.815711975097656 254
1756663264417 54.18751907348633 255
1756663264476 62.87529754638672 256
1756663264537 57.14738082885742 257
1756663264596 57.87919235229492 258
1756663264656 49.986820220947266 259
1756663264715 49.39006423950195 260
1756663264775 60.098838806152344 261
1756663264835 54.491737365722656 262
1756663264895 54.8984375 263
1756663264954 57.192909240722656 264
1756663265015 50.609493255615234 265
1756663265077 51.503089904785156 266
1756663265137 49.743797302246094 267
1756663265197 51.250221252441406 268
1756663265255 51.08544921875 269
1756663265314 52.1948356628418 270
1756663265371 52.61302947998047 271
1756663265429 57.41694259643555 272
1756663265486 53.73054122924805 273
1756663265546 52.86570358276367 274
1756663265603 51.33588790893555 275
1756663265661 52.147308349609375 276
1756663265719 54.19893264770508 277
1756663265777 52.3240966796875 278
1756663265835 55.88811111450195 279
1756663265892 54.8900146484375 280
1756663265951 52.2707633972168 281
1756663266009 53.29460906982422 282
1756663266066 58.877113342285156 283
1756663266124 57.40471267700195 284
1756663266182 55.498802185058594 285
1756663266239 59.70255661010742 286
1756663266297 53.266029357910156 287
1756663266355 51.718238830566406 288
1756663266413 55.075958251953125 289
1756663266471 55.953330993652344 290
1756663266529 58.60137939453125 291
1756663266587 48.15800857543945 292
1756663266645 55.79465866088867 293
1756663266703 53.922630310058594 294
1756663266761 55.15070724487305 295
1756663266820 57.3192253112793 296
1756663266877 53.09002685546875 297
1756663266935 51.49158477783203 298
1756663266992 53.623451232910156 299
1756663275145 97.45103454589844 0
1756663275206 92.8568344116211 1
1756663275263 78.81510162353516 2
1756663275320 72.73218536376953 3
1756663275377 69.46739959716797 4
1756663275436 64.62887573242188 5
1756663275495 68.99072265625 6
1756663275552 66.49424743652344 7
1756663275610 72.30020141601562 8
1756663275667 70.84152221679688 9
1756663275725 64.41569519042969 10
1756663275783 61.883888244628906 11
1756663275840 57.54219055175781 12
1756663275897 55.58018493652344 13
1756663275955 51.153160095214844 14
1756663276013 56.79038619995117 15
1756663276071 54.67407989501953 16
1756663276129 50.6226806640625 17
1756663276187 55.289005279541016 18
1756663276245 58.489715576171875 19
1756663276303 57.41581726074219 20
1756663276361 49.343631744384766 21
1756663276418 53.693382263183594 22
1756663276477 44.896995544433594 23
1756663276535 49.95673751831055 24
1756663276593 49.97827911376953 25
1756663276653 53.1917839050293 26
1756663276711 48.129608154296875 27
1756663276769 46.743404388427734 28
1756663276827 53.537654876708984 29
1756663276885 46.0853385925293 30
1756663276944 48.52603530883789 31
1756663277002 48.14799880981445 32
1756663277062 53.044612884521484 33
1756663277120 55.395137786865234 34
1756663277178 43.144493103027344 35
1756663277238 54.053619384765625 36
1756663277297 47.67398452758789 37
1756663277355 49.712379455566406 38
1756663277413 45.65731430053711 39
1756663277471 52.244041442871094 40
1756663277529 44.62364196777344 41
1756663277588 46.59713363647461 42
1756663277646 51.60748291015625 43
1756663277705 45.83333206176758 44
1756663277764 41.07537078857422 45
1756663277823 44.036373138427734 46
1756663277884 45.10188674926758 47
1756663277943 53.48875045776367 48
1756663278002 58.97621536254883 49
1756663278060 44.33095932006836 50
1756663278118 40.80282974243164 51
1756663278176 48.84260940551758 52
1756663278235 46.60435104370117 53
1756663278293 46.65178298950195 54
1756663278355 35.89325714111328 55
1756663278414 48.34571075439453 56
1756663278472 51.045074462890625 57
1756663278531 52.352516174316406 58
1756663278589 53.83959197998047 59
1756663278647 41.120994567871094 60
1756663278706 44.44655990600586 61
1756663278764 43.47491455078125 62
1756663278823 46.894344329833984 63
1756663278881 47.61299514770508 64
1756663278940 43.8707389831543 65
1756663278999 47.12550735473633 66
1756663279058 53.774993896484375 67
1756663279116 50.98240661621094 68
1756663279175 48.53691101074219 69
1756663279233 49.57557678222656 70
1756663279292 53.660587310791016 71
1756663279351 47.81884002685547 72
1756663279409 41.134613037109375 73
1756663279468 43.46335983276367 74
1756663279527 50.00862121582031 75
1756663279585 46.17191696166992 76
1756663279644 49.36602783203125 77
1756663279702 43.009857177734375 78
1756663279761 60.825706481933594 79
1756663279824 50.195579528808594 80
1756663279882 45.0855827331543 81
1756663279940 44.84766387939453 82
1756663279999 47.808406829833984 83
1756663280059 47.5284423828125 84
1756663280118 47.62205505371094 85
1756663280177 46.917781829833984 86
1756663280237 48.373931884765625 87
1756663280295 35.58736801147461 88
1756663280356 41.7396354675293 89
1756663280416 49.727317810058594 90
1756663280476 41.176490783691406 91
1756663280538 40.900936126708984 92
1756663280598 45.265811920166016 93
1756663280658 53.049076080322266 94
1756663280717 40.63169860839844 95
1756663280777 48.078163146972656 96
1756663280836 43.67107009887695 97
1756663280897 47.05817794799805 98
1756663280955 48.70634078979492 99
1756663281013 45.08970642089844 100
1756663281075 44.308807373046875 101
1756663281134 39.33552169799805 102
1756663281194 49.03657150268555 103
1756663281253 47.765777587890625 104
1756663281311 52.87290573120117 105
1756663281369 46.75684356689453 106
1756663281430 43.396484375 107
1756663281492 46.9837760925293 108
1756663281552 58.00114440917969 109
1756663281611 50.89268493652344 110
1756663281669 40.80313491821289 111
1756663281728 49.6572380065918 112
1756663281786 40.974369049072266 113
1756663281844 39.93661117553711 114
1756663281903 52.80360412597656 115
1756663281964 46.34328079223633 116
1756663282022 48.25765609741211 117
1756663282084 46.39753723144531 118
1756663282142 45.5310173034668 119
1756663282202 42.99177932739258 120
1756663282261 48.56521987915039 121
1756663282324 53.74471664428711 122
1756663282384 47.924781799316406 123
1756663282444 44.29653549194336 124
1756663282504 49.398658752441406 125
1756663282564 41.78126907348633 126
1756663282625 43.90378189086914 127
1756663282683 42.02603530883789 128
1756663282745 49.8114013671875 129
1756663282803 49.130374908447266 130
1756663282863 49.172950744628906 131
1756663282924 48.459205627441406 132
1756663282983 38.4721794128418 133
1756663283042 43.79016876220703 134
1756663283103 43.35291290283203 135
1756663283162 47.79301071166992 136
1756663283223 44.407554626464844 137
1756663283282 43.838905334472656 138
1756663283342 38.498897552490234 139
1756663283401 50.55722427368164 140
1756663283460 47.20637512207031 141
1756663283519 45.4756965637207 142
1756663283579 46.70054626464844 143
1756663283637 51.0518798828125 144
1756663283695 50.601497650146484 145
1756663283753 45.11427307128906 146
1756663283811 40.85689163208008 147
1756663283869 45.12690353393555 148
1756663283927 50.51633071899414 149
1756663283985 49.55036163330078 150
1756663284044 44.51903533935547 151
1756663284103 49.81998062133789 152
1756663284161 35.72917175292969 153
1756663284219 48.85947799682617 154
1756663284278 42.63605880737305 155
1756663284336 50.990264892578125 156
1756663284394 40.01312255859375 157
1756663284453 44.14594268798828 158
1756663284511 42.24924850463867 159
1756663284570 43.478206634521484 160
1756663284629 53.11557388305664 161
1756663284688 42.74586486816406 162
1756663284746 47.53935623168945 163
1756663284805 50.289981842041016 164
1756663284863 52.75446701049805 165
1756663284922 50.42400360107422 166
1756663284982 47.049285888671875 167
1756663285041 54.16017532348633 168
1756663285100 50.46311950683594 169
1756663285159 45.540924072265625 170
1756663285218 47.480281829833984 171
1756663285278 37.450904846191406 172
1756663285336 50.064579010009766 173
1756663285394 52.035186767578125 174
1756663285453 50.11220169067383 175
1756663285511 45.84340286254883 176
1756663285570 44.17228317260742 177
1756663285628 53.345455169677734 178
1756663285687 44.56138610839844 179
1756663285745 46.47152328491211 180
1756663285803 47.37911605834961 181
1756663285861 45.228004455566406 182
1756663285919 44.965816497802734 183
1756663285977 59.47091293334961 184
1756663286038 43.57413101196289 185
1756663286096 51.560577392578125 186
1756663286155 43.57504653930664 187
1756663286214 56.185150146484375 188
1756663286273 48.636470794677734 189
1756663286331 44.802520751953125 190
1756663286390 47.96263885498047 191
1756663286449 47.1554069519043 192
1756663286507 53.42466354370117 193
1756663286567 41.59599304199219 194
1756663286625 44.79697799682617 195
1756663286684 44.792762756347656 196
1756663286743 45.75432586669922 197
1756663286801 44.45256042480469 198
1756663286860 49.58190155029297 199
1756663286919 41.58765411376953 200
1756663286977 43.7310676574707 201
1756663287036 44.87622833251953 202
1756663287095 47.527015686035156 203
1756663287154 47.176048278808594 204
1756663287213 48.776634216308594 205
1756663287272 46.03941345214844 206
1756663287330 48.07796859741211 207
1756663287389 45.400230407714844 208
1756663287448 53.954368591308594 209
1756663287507 52.742347717285156 210
1756663287566 41.39575958251953 211
1756663287626 46.66643524169922 212
1756663287684 47.861671447753906 213
1756663287743 51.064918518066406 214
1756663287802 59.54094314575195 215
1756663287860 51.64575958251953 216
1756663287918 39.16847610473633 217
1756663287977 46.53663635253906 218
1756663288037 49.52336883544922 219
1756663288095 46.01454162597656 220
1756663288154 50.375343322753906 221
1756663288213 46.93824005126953 222
1756663288272 35.12287521362305 223
1756663288332 43.3975830078125 224
1756663288391 46.06142807006836 225
1756663288450 49.86177062988281 226
1756663288509 43.842098236083984 227
1756663288576 46.715301513671875 228
1756663288636 49.03873062133789 229
1756663288695 41.13203430175781 230
1756663288754 45.526222229003906 231
1756663288813 53.34309005737305 232
1756663288872 47.673648834228516 233
1756663288932 46.479976654052734 234
1756663288990 46.6884765625 235
1756663289049 46.155879974365234 236
1756663289107 43.74907684326172 237
1756663289177 41.65816116333008 238
1756663289238 45.67322540283203 239
1756663289297 48.67245101928711 240
1756663289356 41.10214614868164 241
1756663289416 53.81325912475586 242
1756663289475 46.0948486328125 243
1756663289534 47.18095016479492 244
1756663289594 52.067405700683594 245
1756663289653 43.65072250366211 246
1756663289712 52.341896057128906 247
1756663289772 42.47318649291992 248
1756663289834 41.316673278808594 249
1756663289893 54.38770294189453 250
1756663289953 49.64013671875 251
1756663290013 52.91377639770508 252
1756663290073 39.188720703125 253
1756663290132 47.128150939941406 254
1756663290191 46.89204788208008 255
1756663290250 46.89518737792969 256
1756663290309 46.261985778808594 257
1756663290369 50.41656494140625 258
1756663290428 40.27577209472656 259
1756663290488 51.1025390625 260
1756663290547 44.769798278808594 261
1756663290607 51.378875732421875 262
1756663290666 48.24824523925781 263
1756663290725 42.8485107421875 264
1756663290785 46.1871223449707 265
1756663290844 47.62487030029297 266
1756663290902 43.97789764404297 267
1756663290961 46.70471954345703 268
1756663291021 45.12171173095703 269
1756663291082 48.98323440551758 270
1756663291142 38.53239059448242 271
1756663291201 47.790077209472656 272
1756663291260 50.404354095458984 273
1756663291320 44.57683181762695 274
1756663291379 46.86103820800781 275
1756663291438 42.51451110839844 276
1756663291498 37.44087600708008 277
1756663291560 48.3641357421875 278
1756663291623 39.04812240600586 279
1756663291682 41.32831573486328 280
1756663291741 43.619869232177734 281
1756663291801 52.02934646606445 282
1756663291860 52.084999084472656 283
1756663291919 46.739627838134766 284
1756663291978 48.34595489501953 285
1756663292037 45.97122573852539 286
1756663292097 49.19794464111328 287
1756663292156 43.15214157104492 288
1756663292215 49.63210678100586 289
1756663292274 41.522274017333984 290
1756663292334 40.58536911010742 291
1756663292392 47.24782943725586 292
1756663292451 50.852352142333984 293
1756663292511 44.72417068481445 294
1756663292570 45.774009704589844 295
1756663292630 51.756568908691406 296
1756663292690 41.39102554321289 297
1756663292749 47.35329055786133 298
1756663292808 50.59696960449219 299
1756663300960 95.46638488769531 0
1756663301022 77.20648193359375 1
1756663301079 63.39982223510742 2
1756663301137 55.712493896484375 3
1756663301196 63.110633850097656 4
1756663301255 58.366943359375 5
1756663301312 57.68837356567383 6
1756663301370 57.86980438232422 7
1756663301427 57.72826385498047 8
1756663301485 56.72211837768555 9
1756663301543 56.187950134277344 10
1756663301601 52.45684814453125 11
1756663301658 49.66455841064453 12
1756663301716 51.27350997924805 13
1756663301774 55.878639221191406 14
1756663301832 49.562591552734375 15
1756663301891 49.76002883911133 16
1756663301949 48.18952178955078 17
1756663302007 53.67462158203125 18
1756663302065 58.25999069213867 19
1756663302123 52.58803176879883 20
1756663302180 54.2995719909668 21
1756663302239 50.88917541503906 22
1756663302297 54.659629821777344 23
1756663302355 56.51576614379883 24
1756663302414 43.61857986450195 25
1756663302474 53.0438232421875 26
1756663302532 50.427085876464844 27
1756663302591 45.663387298583984 28
1756663302649 49.19143295288086 29
1756663302707 52.773345947265625 30
1756663302765 54.586891174316406 31
1756663302824 54.2625732421875 32
1756663302882 46.54645538330078 33
1756663302941 47.988346099853516 34
1756663303010 44.815799713134766 35
1756663303137 49.5953483581543 36
1756663303199 45.784759521484375 37
1756663303256 47.71790313720703 38
1756663303315 60.656471252441406 39
1756663303373 54.9808464050293 40
1756663303431 39.323455810546875 41
1756663303490 50.97335433959961 42
1756663303552 47.6511344909668 43
1756663303617 54.80647659301758 44
1756663303677 52.872764587402344 45
1756663303735 47.45453643798828 46
1756663303793 47.956912994384766 47
1756663303852 56.062713623046875 48
1756663303910 42.9762077331543 49
1756663303968 44.4710807800293 50
1756663304026 45.08451461791992 51
1756663304084 52.37781524658203 52
1756663304142 49.87482452392578 53
1756663304199 41.187381744384766 54
1756663304257 47.908348083496094 55
1756663304315 47.5772819519043 56
1756663304373 50.72260284423828 57
1756663304431 49.40552520751953 58
1756663304489 44.67003631591797 59
1756663304548 49.29510498046875 60
1756663304610 43.04994583129883 61
1756663304669 48.78474044799805 62
1756663304727 56.693626403808594 63
1756663304785 45.72699737548828 64
1756663304843 43.177734375 65
1756663304902 51.050086975097656 66
1756663304960 55.46080780029297 67
1756663305017 50.23073959350586 68
1756663305078 57.10890579223633 69
1756663305135 57.169151306152344 70
1756663305194 46.58081817626953 71
1756663305252 43.27707290649414 72
1756663305310 56.88372802734375 73
1756663305368 45.32085418701172 74
1756663305425 51.10467529296875 75
1756663305483 50.7310676574707 76
1756663305542 45.78326416015625 77
1756663305600 51.53882598876953 78
1756663305658 52.675331115722656 79
1756663305717 50.786659240722656 80
1756663305775 48.954769134521484 81
1756663305834 49.42823028564453 82
1756663305893 49.10541534423828 83
1756663305951 46.94289016723633 84
1756663306009 47.61968231201172 85
1756663306069 46.53528594970703 86
1756663306127 46.56068420410156 87
1756663306187 47.35990524291992 88
1756663306250 50.17095184326172 89
1756663306309 52.44196701049805 90
1756663306368 47.88020324707031 91
1756663306427 49.119083404541016 92
1756663306485 49.22914505004883 93
1756663306544 52.814697265625 94
1756663306605 50.4445915222168 95
1756663306664 52.694976806640625 96
1756663306724 47.23558044433594 97
1756663306785 45.2244873046875 98
1756663306845 45.64405059814453 99
1756663306904 40.86030960083008 100
1756663306963 51.21860885620117 101
1756663307022 43.33121871948242 102
1756663307082 51.35625457763672 103
1756663307142 53.53224563598633 104
1756663307201 46.72772979736328 105
1756663307260 49.62797164916992 106
1756663307320 47.08578109741211 107
1756663307378 42.59076690673828 108
1756663307437 50.82856750488281 109
1756663307497 47.034114837646484 110
1756663307557 44.48759460449219 111
1756663307616 44.237388610839844 112
1756663307675 41.84443283081055 113
1756663307734 36.95294189453125 114
1756663307793 45.388771057128906 115
1756663307853 46.674156188964844 116
1756663307912 47.98008728027344 117
1756663307971 49.9395866394043 118
1756663308030 47.81459426879883 119
1756663308090 46.5248908996582 120
1756663308151 45.99805450439453 121
1756663308210 46.4205207824707 122
1756663308269 53.583824157714844 123
1756663308328 52.81407928466797 124
1756663308388 55.839881896972656 125
1756663308447 46.79741668701172 126
1756663308506 51.62944412231445 127
1756663308566 45.90534591674805 128
1756663308626 50.198055267333984 129
1756663308685 49.86090850830078 130
1756663308744 53.59505081176758 131
1756663308804 56.572715759277344 132
1756663308862 47.06062698364258 133
1756663308921 49.79358673095703 134
1756663308980 54.4991340637207 135
1756663309038 47.44683074951172 136
1756663309098 45.082244873046875 137
1756663309157 42.76592254638672 138
1756663309216 47.698081970214844 139
1756663309275 40.46133041381836 140
1756663309333 44.85287857055664 141
1756663309392 52.196510314941406 142
1756663309451 52.94202423095703 143
1756663309510 48.26428985595703 144
1756663309569 42.126739501953125 145
1756663309628 49.850486755371094 146
1756663309686 43.87985610961914 147
1756663309745 45.55068588256836 148
1756663309804 55.098777770996094 149
1756663309862 49.4656982421875 150
1756663309921 49.053009033203125 151
1756663309980 40.86066436767578 152
1756663310039 42.94924545288086 153
1756663310099 48.90216827392578 154
1756663310159 45.54294967651367 155
1756663310217 44.27784729003906 156
1756663310276 47.896671295166016 157
1756663310335 47.370426177978516 158
1756663310393 48.42776870727539 159
1756663310452 49.74414825439453 160
1756663310512 49.300071716308594 161
1756663310572 48.2263298034668 162
1756663310631 50.75878143310547 163
1756663310690 50.062644958496094 164
1756663310748 47.142608642578125 165
1756663310807 46.983924865722656 166
1756663310866 47.77592086791992 167
1756663310925 50.54731369018555 168
1756663310983 51.032997131347656 169
1756663311043 51.04931640625 170
1756663311102 39.831546783447266 171
1756663311160 45.34787368774414 172
1756663311219 52.35976028442383 173
1756663311278 43.89844512939453 174
1756663311338 43.42327880859375 175
1756663311397 48.21369171142578 176
1756663311456 51.89636993408203 177
1756663311514 45.16617965698242 178
1756663311574 50.05658721923828 179
1756663311633 45.6800422668457 180
1756663311693 57.256431579589844 181
1756663311752 52.19031524658203 182
1756663311812 42.264923095703125 183
1756663311871 35.11614990234375 184
1756663311930 49.8828010559082 185
1756663311993 47.061668395996094 186
1756663312052 48.945343017578125 187
1756663312113 44.99401092529297 188
1756663312172 47.501983642578125 189
1756663312232 40.16267395019531 190
1756663312291 39.12908172607422 191
1756663312350 45.56783676147461 192
1756663312409 39.32384490966797 193
1756663312469 53.455718994140625 194
1756663312528 51.688987731933594 195
1756663312587 43.899330139160156 196
1756663312647 49.05034255981445 197
1756663312706 51.11480712890625 198
1756663312765 36.61267852783203 199
1756663312824 54.19633102416992 200
1756663312883 41.783348083496094 201
1756663312943 45.98189163208008 202
1756663313001 39.66736602783203 203
1756663313061 42.004127502441406 204
1756663313120 37.91469192504883 205
1756663313179 44.01204299926758 206
1756663313238 43.90045928955078 207
1756663313297 42.638511657714844 208
1756663313356 46.30234146118164 209
1756663313416 41.88884735107422 210
1756663313475 48.977577209472656 211
1756663313533 51.69683837890625 212
1756663313593 47.93888473510742 213
1756663313653 44.622093200683594 214
1756663313712 46.149505615234375 215
1756663313772 53.97419357299805 216
1756663313831 55.986907958984375 217
1756663313890 42.31648635864258 218
1756663313949 52.4783821105957 219
1756663314008 52.1375732421875 220
1756663314067 42.23411178588867 221
1756663314127 44.28728485107422 222
1756663314186 52.27568817138672 223
1756663314245 45.816444396972656 224
1756663314304 46.02487564086914 225
1756663314363 34.673583984375 226
1756663314422 41.912437438964844 227
1756663314481 45.05988693237305 228
1756663314541 49.71031951904297 229
1756663314603 48.66783905029297 230
1756663314662 52.287635803222656 231
1756663314721 47.896995544433594 232
1756663314781 43.73877716064453 233
1756663314840 48.21339797973633 234
1756663314899 44.79265594482422 235
1756663314958 48.153541564941406 236
1756663315017 46.096580505371094 237
1756663315076 48.700584411621094 238
1756663315136 46.103363037109375 239
1756663315194 49.633758544921875 240
1756663315254 35.28606033325195 241
1756663315313 50.050987243652344 242
1756663315372 49.97789764404297 243
1756663315432 44.05974578857422 244
1756663315491 49.25310516357422 245
1756663315550 50.89748001098633 246
1756663315610 47.06710433959961 247
1756663315669 46.80311584472656 248
1756663315728 45.69889450073242 249
1756663315787 57.409706115722656 250
1756663315846 47.50810241699219 251
1756663315906 45.208526611328125 252
1756663315965 49.07129669189453 253
1756663316024 40.27106857299805 254
1756663316088 48.327880859375 255
1756663316147 49.01585006713867 256
1756663316207 49.555213928222656 257
1756663316267 54.5560188293457 258
1756663316328 47.197715759277344 259
1756663316390 42.207489013671875 260
1756663316450 46.85432052612305 261
1756663316510 44.513458251953125 262
1756663316571 43.2586669921875 263
1756663316630 46.09672927856445 264
1756663316689 49.77950668334961 265
1756663316748 46.719886779785156 266
1756663316807 45.944786071777344 267
1756663316866 45.9547119140625 268
1756663316926 48.021827697753906 269
1756663316985 48.888153076171875 270
1756663317044 49.85034942626953 271
1756663317104 50.022117614746094 272
1756663317163 47.631813049316406 273
1756663317221 46.246681213378906 274
1756663317280 42.72920608520508 275
1756663317339 45.976078033447266 276
1756663317398 47.81903839111328 277
1756663317458 44.62252426147461 278
1756663317516 44.69338607788086 279
1756663317577 41.18556594848633 280
1756663317636 44.853981018066406 281
1756663317696 44.505062103271484 282
1756663317756 46.797489166259766 283
1756663317815 40.45969772338867 284
1756663317874 53.292808532714844 285
1756663317932 41.07233810424805 286
1756663317996 48.76603317260742 287
1756663318056 44.595970153808594 288
1756663318115 50.38236618041992 289
1756663318174 38.80459976196289 290
1756663318233 47.23967742919922 291
1756663318292 53.50269317626953 292
1756663318352 50.32878112792969 293
1756663318411 47.44542694091797 294
1756663318470 46.603729248046875 295
1756663318529 50.309898376464844 296
1756663318589 46.22551727294922 297
1756663318648 37.39533233642578 298
1756663318707 42.63721466064453 299
1756663326864 99.38238525390625 0
1756663326925 94.79979705810547 1
1756663326984 88.45724487304688 2
1756663327042 82.85198211669922 3
1756663327100 66.96068572998047 4
1756663327159 63.725555419921875 5
1756663327217 59.92338180541992 6
1756663327275 56.24729919433594 7
1756663327334 58.09608459472656 8
1756663327392 62.437461853027344 9
1756663327451 53.6040153503418 10
1756663327509 56.21360778808594 11
1756663327567 54.24329376220703 12
1756663327626 50.8170051574707 13
1756663327683 50.611873626708984 14
1756663327741 51.88405990600586 15
1756663327800 50.585750579833984 16
1756663327858 45.195735931396484 17
1756663327916 52.495697021484375 18
1756663327975 54.126651763916016 19
1756663328034 60.96963882446289 20
1756663328094 51.115665435791016 21
1756663328152 49.273902893066406 22
1756663328211 45.63685989379883 23
1756663328269 55.17504119873047 24
1756663328328 50.0584716796875 25
1756663328387 48.1474609375 26
1756663328446 54.420467376708984 27
1756663328504 53.58637619018555 28
1756663328563 49.31975555419922 29
1756663328623 45.12320327758789 30
1756663328682 59.248966217041016 31
1756663328740 51.00945281982422 32
1756663328799 50.910301208496094 33
1756663328859 46.796485900878906 34
1756663328918 50.52499008178711 35
1756663328979 43.015907287597656 36
1756663329037 43.15778732299805 37
1756663329098 52.464454650878906 38
1756663329164 53.73469543457031 39
1756663329229 47.15275955200195 40
1756663329294 41.8010368347168 41
1756663329353 47.653995513916016 42
1756663329415 45.94106674194336 43
1756663329475 45.59862518310547 44
1756663329537 45.610050201416016 45
1756663329598 46.350425720214844 46
1756663329659 41.78947067260742 47
1756663329719 36.096492767333984 48
1756663329778 49.18544387817383 49
1756663329840 50.394588470458984 50
1756663329899 48.55033874511719 51
1756663329963 47.570457458496094 52
1756663330026 48.873294830322266 53
1756663330088 55.57503890991211 54
1756663330150 49.608001708984375 55
1756663330211 55.5079231262207 56
1756663330273 45.0894889831543 57
1756663330334 46.00217819213867 58
1756663330395 46.12348556518555 59
1756663330457 54.34071350097656 60
1756663330519 42.78543472290039 61
1756663330580 42.92333984375 62
1756663330642 38.24748992919922 63
1756663330704 43.50619888305664 64
1756663330766 53.25600051879883 65
1756663330827 57.99783706665039 66
1756663330889 43.82740020751953 67
1756663330950 53.25078582763672 68
1756663331012 51.414249420166016 69
1756663331078 46.729164123535156 70
1756663331140 44.367759704589844 71
1756663331201 37.152366638183594 72
1756663331264 41.58161163330078 73
1756663331325 48.32695770263672 74
1756663331387 45.60114288330078 75
1756663331448 44.34782028198242 76
1756663331509 45.12021255493164 77
1756663331571 51.50822448730469 78
1756663331631 41.779727935791016 79
1756663331692 38.417518615722656 80
1756663331754 48.551021575927734 81
1756663331814 43.10678482055664 82
1756663331874 42.44269561767578 83
1756663331936 41.07000732421875 84
1756663331998 49.51456069946289 85
1756663332059 52.712162017822266 86
1756663332122 43.71826934814453 87
1756663332182 51.58014678955078 88
1756663332243 46.72525405883789 89
1756663332305 36.836647033691406 90
1756663332368 42.9913330078125 91
1756663332428 42.95109939575195 92
1756663332492 42.83669662475586 93
1756663332553 41.20391845703125 94
1756663332614 48.90204620361328 95
1756663332674 36.69120407104492 96
1756663332735 46.97642517089844 97
1756663332796 46.98347854614258 98
1756663332856 48.19964599609375 99
1756663332916 41.46176528930664 100
1756663332977 51.70547866821289 101
1756663333037 45.44060516357422 102
1756663333098 49.004127502441406 103
1756663333161 38.86083221435547 104
1756663333221 44.603187561035156 105
1756663333282 52.076499938964844 106
1756663333343 45.19914245605469 107
1756663333406 45.10059356689453 108
1756663333467 43.6617431640625 109
1756663333528 49.752342224121094 110
1756663333589 43.966819763183594 111
1756663333654 47.987850189208984 112
1756663333717 45.763221740722656 113
1756663333777 45.84395217895508 114
1756663333838 52.45370101928711 115
1756663333899 46.29766082763672 116
1756663333960 53.467586517333984 117
1756663334020 45.19255447387695 118
1756663334082 54.95680236816406 119
1756663334143 50.73989486694336 120
1756663334204 53.62056350708008 121
1756663334265 41.95002365112305 122
1756663334326 44.05591583251953 123
1756663334387 43.43838882446289 124
1756663334448 46.50304412841797 125
1756663334509 49.41294860839844 126
1756663334573 44.3680419921875 127
1756663334635 47.67646408081055 128
1756663334698 48.69668960571289 129
1756663334761 43.10149383544922 130
1756663334822 46.33266830444336 131
1756663334883 44.192901611328125 132
1756663334944 49.163822174072266 133
1756663335006 42.05527114868164 134
1756663335066 39.587833404541016 135
1756663335128 42.484840393066406 136
1756663335189 43.751922607421875 137
1756663335249 44.80813980102539 138
1756663335311 42.33833694458008 139
1756663335372 51.82524108886719 140
1756663335432 46.57668685913086 141
1756663335493 42.04521942138672 142
1756663335555 50.392601013183594 143
1756663335617 46.21226501464844 144
1756663335678 43.96560287475586 145
1756663335739 50.368412017822266 146
1756663335800 47.34529495239258 147
1756663335862 49.701622009277344 148
1756663335923 48.30941390991211 149
1756663335984 49.85274124145508 150
1756663336045 45.28197479248047 151
1756663336108 48.637264251708984 152
1756663336171 49.650123596191406 153
1756663336231 45.7052116394043 154
1756663336293 48.12416076660156 155
1756663336354 43.23040771484375 156
1756663336415 47.64210510253906 157
1756663336475 46.869895935058594 158
1756663336539 48.04118728637695 159
1756663336601 55.948150634765625 160
1756663336662 43.96601867675781 161
1756663336723 44.50362014770508 162
1756663336785 57.680274963378906 163
1756663336846 41.68635177612305 164
1756663336909 49.199684143066406 165
1756663336971 46.313941955566406 166
1756663337033 49.303688049316406 167
1756663337096 46.50907897949219 168
1756663337158 43.85439682006836 169
1756663337220 41.98926544189453 170
1756663337282 44.544166564941406 171
1756663337344 54.01102828979492 172
1756663337405 37.492794036865234 173
1756663337467 48.91168975830078 174
1756663337530 44.02674102783203 175
1756663337592 48.693603515625 176
1756663337653 49.62884521484375 177
1756663337715 41.66048812866211 178
1756663337777 49.60262680053711 179
1756663337840 40.239723205566406 180
1756663337902 45.795501708984375 181
1756663337964 41.11156463623047 182
1756663338026 45.00010681152344 183
1756663338089 45.68007278442383 184
1756663338150 52.346351623535156 185
1756663338212 42.58311462402344 186
1756663338274 41.67583465576172 187
1756663338336 46.66411209106445 188
1756663338398 47.881229400634766 189
1756663338461 49.1963005065918 190
1756663338522 50.727073669433594 191
1756663338584 51.95316696166992 192
1756663338646 47.42596435546875 193
1756663338708 45.055755615234375 194
1756663338770 54.15003204345703 195
1756663338831 50.272891998291016 196
1756663338893 43.84809494018555 197
1756663338955 49.21860122680664 198
1756663339017 49.926414489746094 199
1756663339078 40.739627838134766 200
1756663339140 45.6923942565918 201
1756663339201 47.720882415771484 202
1756663339262 45.09653091430664 203
1756663339323 48.9120979309082 204
1756663339385 42.44514083862305 205
1756663339446 47.75498580932617 206
1756663339507 41.331905364990234 207
1756663339569 48.57601547241211 208
1756663339633 50.235595703125 209
1756663339696 48.28190994262695 210
1756663339760 44.01887512207031 211
1756663339822 45.8798828125 212
1756663339882 47.82452392578125 213
1756663339944 51.41897964477539 214
1756663340006 45.25558853149414 215
1756663340067 54.58439254760742 216
1756663340130 38.207672119140625 217
1756663340192 39.16205978393555 218
1756663340253 39.410343170166016 219
1756663340314 50.03730010986328 220
1756663340375 41.72871017456055 221
1756663340437 42.386383056640625 222
1756663340498 46.77280807495117 223
1756663340559 44.33350372314453 224
1756663340621 49.95875549316406 225
1756663340683 42.17731857299805 226
1756663340745 42.076358795166016 227
1756663340806 44.61093521118164 228
1756663340869 54.81032943725586 229
1756663340930 49.65660095214844 230
1756663340992 50.899436950683594 231
1756663341053 41.242897033691406 232
1756663341115 47.008201599121094 233
1756663341176 43.890079498291016 234
1756663341236 48.69075393676758 235
1756663341296 46.99917984008789 236
1756663341357 45.15782165527344 237
1756663341417 41.325443267822266 238
1756663341478 42.24116134643555 239
1756663341539 49.28189468383789 240
1756663341601 43.117393493652344 241
1756663341663 42.50706100463867 242
1756663341724 52.03013610839844 243
1756663341786 47.40287399291992 244
1756663341848 54.73470687866211 245
1756663341910 44.47243881225586 246
1756663341971 40.733787536621094 247
1756663342033 42.58551788330078 248
1756663342095 46.68924331665039 249
1756663342157 49.512916564941406 250
1756663342218 48.48143005371094 251
1756663342280 41.2418212890625 252
1756663342341 47.81407928466797 253
1756663342403 50.771751403808594 254
1756663342464 50.0477409362793 255
1756663342526 38.965641021728516 256
1756663342588 56.21049118041992 257
1756663342650 45.67154312133789 258
1756663342712 45.83908462524414 259
1756663342774 43.11841583251953 260
1756663342835 43.42000961303711 261
1756663342897 43.54994201660156 262
1756663342958 40.46420669555664 263
1756663343020 45.484859466552734 264
1756663343082 46.187015533447266 265
1756663343143 52.289573669433594 266
1756663343205 42.13138961791992 267
1756663343266 46.72183609008789 268
1756663343329 48.46154022216797 269
1756663343390 59.75712203979492 270
1756663343452 47.91657257080078 271
1756663343513 48.33168411254883 272
1756663343574 46.50508499145508 273
1756663343636 48.044918060302734 274
1756663343698 37.253448486328125 275
1756663343759 40.25390625 276
1756663343821 41.01781463623047 277
1756663343883 43.9478874206543 278
1756663343944 47.50858688354492 279
1756663344006 44.02701187133789 280
1756663344067 48.33481216430664 281
1756663344128 49.2503776550293 282
1756663344190 42.722686767578125 283
1756663344251 45.21353530883789 284
1756663344313 44.585472106933594 285
1756663344374 43.43793869018555 286
1756663344436 42.02506637573242 287
1756663344498 49.722984313964844 288
1756663344563 45.513519287109375 289
1756663344623 38.69810485839844 290
1756663344685 44.91282653808594 291
1756663344746 41.044559478759766 292
1756663344809 39.154052734375 293
1756663344870 45.80876541137695 294
1756663344930 41.85190200805664 295
1756663344993 45.30598831176758 296
1756663345054 44.42830276489258 297
1756663345114 40.03208923339844 298
1756663345175 40.327178955078125 299
1756663353328 97.72019958496094 0
1756663353388 89.66928100585938 1
1756663353451 76.85057067871094 2
1756663353508 63.840599060058594 3
1756663353567 55.286781311035156 4
1756663353627 60.434844970703125 5
1756663353686 57.67460250854492 6
1756663353746 58.80010986328125 7
1756663353806 55.1796989440918 8
1756663353866 53.92682647705078 9
1756663353929 48.78351593017578 10
1756663353989 52.96360397338867 11
1756663354048 46.246646881103516 12
1756663354106 48.47780227661133 13
1756663354166 52.4632568359375 14
1756663354226 52.14344024658203 15
1756663354284 49.95062255859375 16
1756663354343 47.151039123535156 17
1756663354402 55.722679138183594 18
1756663354461 55.07830810546875 19
1756663354519 53.81764602661133 20
1756663354578 46.78527069091797 21
1756663354637 46.87767028808594 22
1756663354696 53.04423141479492 23
1756663354756 48.15641784667969 24
1756663354816 44.81536865234375 25
1756663354876 51.440673828125 26
1756663354939 48.167457580566406 27
1756663354998 44.350669860839844 28
1756663355061 48.631752014160156 29
1756663355122 50.12056350708008 30
1756663355180 50.25078582763672 31
1756663355240 44.575931549072266 32
1756663355298 50.501285552978516 33
1756663355358 58.3099479675293 34
1756663355418 50.91352844238281 35
1756663355477 50.58656311035156 36
1756663355536 43.63114547729492 37
1756663355595 51.28871536254883 38
1756663355655 40.94135665893555 39
1756663355714 44.10344696044922 40
1756663355774 46.02257537841797 41
1756663355833 51.78192138671875 42
1756663355892 50.28455352783203 43
1756663355953 40.69830322265625 44
1756663356014 49.33305358886719 45
1756663356081 54.397918701171875 46
1756663356140 52.70133590698242 47
1756663356199 46.334449768066406 48
1756663356260 42.16846466064453 49
1756663356319 47.29683303833008 50
1756663356382 45.42119598388672 51
1756663356442 49.962669372558594 52
1756663356501 45.51448440551758 53
1756663356562 44.73384475708008 54
1756663356622 47.71253204345703 55
1756663356683 53.4296989440918 56
1756663356743 44.4776496887207 57
1756663356803 41.31126022338867 58
1756663356862 50.25621032714844 59
1756663356922 55.47626495361328 60
1756663356983 42.391448974609375 61
1756663357043 47.76146697998047 62
1756663357104 48.37017059326172 63
1756663357164 46.210201263427734 64
1756663357224 45.947357177734375 65
1756663357284 44.40563201904297 66
1756663357344 41.737213134765625 67
1756663357405 47.026119232177734 68
1756663357464 45.66443634033203 69
1756663357524 47.504493713378906 70
1756663357585 56.56365966796875 71
1756663357645 43.64632797241211 72
1756663357704 56.57843017578125 73
1756663357764 51.85112762451172 74
1756663357824 45.821624755859375 75
1756663357884 44.72772216796875 76
1756663357945 52.1016731262207 77
1756663358005 44.80364227294922 78
1756663358064 41.98748016357422 79
1756663358125 44.91504669189453 80
1756663358185 41.408443450927734 81
1756663358245 44.32816696166992 82
1756663358304 42.44916534423828 83
1756663358364 53.796722412109375 84
1756663358424 52.673851013183594 85
1756663358484 48.361473083496094 86
1756663358544 39.75618362426758 87
1756663358605 37.58340072631836 88
1756663358665 40.347557067871094 89
1756663358726 42.11801528930664 90
1756663358786 39.743350982666016 91
1756663358849 44.95627212524414 92
1756663358911 46.380149841308594 93
1756663358970 38.57323455810547 94
1756663359030 43.324867248535156 95
1756663359090 48.8846435546875 96
1756663359150 44.46223831176758 97
1756663359210 46.221351623535156 98
1756663359270 47.82838439941406 99
1756663359330 41.101966857910156 100
1756663359390 36.96441650390625 101
1756663359450 42.780677795410156 102
1756663359510 46.874855041503906 103
1756663359570 46.61652374267578 104
1756663359630 36.52616500854492 105
1756663359690 39.551025390625 106
1756663359750 45.97612380981445 107
1756663359810 43.66845703125 108
1756663359871 45.02052688598633 109
1756663359931 42.711265563964844 110
1756663359990 51.35222244262695 111
1756663360050 47.063575744628906 112
1756663360110 50.146759033203125 113
1756663360170 37.060638427734375 114
1756663360230 45.2027587890625 115
1756663360291 48.04206085205078 116
1756663360351 46.323448181152344 117
1756663360411 43.7455940246582 118
1756663360471 37.557701110839844 119
1756663360531 46.412086486816406 120
1756663360591 43.6398811340332 121
1756663360651 44.44195556640625 122
1756663360711 47.278594970703125 123
1756663360771 42.76967239379883 124
1756663360832 42.293182373046875 125
1756663360892 39.62610626220703 126
1756663360952 44.87224197387695 127
1756663361012 41.52382278442383 128
1756663361072 50.512245178222656 129
1756663361132 42.1611328125 130
1756663361192 37.47577667236328 131
1756663361252 41.66100311279297 132
1756663361311 45.053001403808594 133
1756663361372 43.87047576904297 134
1756663361432 54.44095993041992 135
1756663361492 47.14692306518555 136
1756663361552 47.042179107666016 137
1756663361612 45.21547317504883 138
1756663361672 44.2746696472168 139
1756663361732 54.00089645385742 140
1756663361793 36.90256881713867 141
1756663361853 45.8984260559082 142
1756663361914 51.93004608154297 143
1756663361975 50.56093215942383 144
1756663362035 45.45969009399414 145
1756663362096 45.98882293701172 146
1756663362157 41.513973236083984 147
1756663362221 43.328163146972656 148
1756663362282 40.07638931274414 149
1756663362342 40.40729522705078 150
1756663362402 51.3593635559082 151
1756663362463 38.696434020996094 152
1756663362524 46.02113723754883 153
1756663362584 42.510169982910156 154
1756663362644 42.16282272338867 155
1756663362705 41.99785232543945 156
1756663362766 50.1442756652832 157
1756663362827 47.57392120361328 158
1756663362888 40.35593795776367 159
1756663362948 45.647830963134766 160
1756663363009 44.67493438720703 161
1756663363069 43.976768493652344 162
1756663363129 44.54621124267578 163
1756663363189 42.33415985107422 164
1756663363256 45.404701232910156 165
1756663363323 41.968544006347656 166
1756663363383 53.09400177001953 167
1756663363442 43.08533477783203 168
1756663363502 45.964813232421875 169
1756663363562 46.73396682739258 170
1756663363624 45.674407958984375 171
1756663363685 41.66524124145508 172
1756663363745 47.2344970703125 173
1756663363807 43.404258728027344 174
1756663363867 43.67664337158203 175
1756663363927 44.209651947021484 176
1756663363988 35.50354766845703 177
1756663364049 42.69466018676758 178
1756663364111 34.77717971801758 179
1756663364172 38.11555862426758 180
1756663364233 40.43478012084961 181
1756663364293 42.633663177490234 182
1756663364354 44.69342041015625 183
1756663364414 46.559410095214844 184
1756663364474 47.40968704223633 185
1756663364534 49.72453689575195 186
1756663364595 47.96160125732422 187
1756663364655 44.748600006103516 188
1756663364715 40.2063102722168 189
1756663364776 46.115089416503906 190
1756663364837 46.199623107910156 191
1756663364901 48.89157485961914 192
1756663364962 38.607391357421875 193
1756663365022 43.88173294067383 194
1756663365083 37.0516471862793 195
1756663365143 44.97509002685547 196
1756663365204 41.34314727783203 197
1756663365268 44.65013885498047 198
1756663365328 45.002647399902344 199
1756663365388 44.01238250732422 200
1756663365449 53.9049072265625 201
1756663365509 39.943382263183594 202
1756663365569 39.80022048950195 203
1756663365630 51.11450958251953 204
1756663365690 56.64263153076172 205
1756663365751 45.2494010925293 206
1756663365812 42.904029846191406 207
1756663365872 49.44953536987305 208
1756663365933 46.8452033996582 209
1756663365994 47.8822135925293 210
1756663366054 49.414306640625 211
1756663366115 50.97838592529297 212
1756663366176 42.474403381347656 213
1756663366236 48.30060577392578 214
1756663366298 41.31578063964844 215
1756663366359 43.24482345581055 216
1756663366419 49.49406051635742 217
1756663366479 43.57109832763672 218
1756663366540 38.633209228515625 219
1756663366600 41.7793083190918 220
1756663366661 40.47089385986328 221
1756663366721 47.83058547973633 222
1756663366781 43.04191207885742 223
1756663366842 43.32486343383789 224
1756663366903 50.8079948425293 225
1756663366964 44.985107421875 226
1756663367025 46.95275115966797 227
1756663367086 49.20961380004883 228
1756663367147 41.488834381103516 229
1756663367207 44.17119216918945 230
1756663367267 36.699459075927734 231
1756663367328 48.10746383666992 232
1756663367389 45.40303421020508 233
1756663367450 36.504154205322266 234
1756663367510 51.4917106628418 235
1756663367572 50.4279670715332 236
1756663367633 46.1685676574707 237
1756663367693 49.856536865234375 238
1756663367755 51.86127471923828 239
1756663367816 37.362823486328125 240
1756663367876 44.93810272216797 241
1756663367936 48.76089859008789 242
1756663367997 45.05158233642578 243
1756663368057 47.40028762817383 244
1756663368118 45.010276794433594 245
1756663368178 38.625877380371094 246
1756663368240 48.005531311035156 247
1756663368300 45.44533157348633 248
1756663368361 43.98202896118164 249
1756663368421 50.19496154785156 250
1756663368482 46.24737548828125 251
1756663368543 42.910797119140625 252
1756663368605 34.64193344116211 253
1756663368665 45.39235305786133 254
1756663368726 46.82685089111328 255
1756663368786 50.665863037109375 256
1756663368848 39.860870361328125 257
1756663368908 39.94715118408203 258
1756663368969 43.80821990966797 259
1756663369030 42.719390869140625 260
1756663369094 54.34067916870117 261
1756663369155 44.24681854248047 262
1756663369216 47.07720184326172 263
1756663369277 51.506980895996094 264
1756663369337 51.622955322265625 265
1756663369398 41.443702697753906 266
1756663369458 48.0482292175293 267
1756663369518 45.69725036621094 268
1756663369579 42.985321044921875 269
1756663369640 41.12013626098633 270
1756663369701 45.58086395263672 271
1756663369762 48.799110412597656 272
1756663369822 44.3753776550293 273
1756663369883 46.816009521484375 274
1756663369944 47.45734405517578 275
1756663370004 50.29774856567383 276
1756663370065 48.628807067871094 277
1756663370126 38.8436393737793 278
1756663370187 44.099510192871094 279
1756663370248 46.9657096862793 280
1756663370309 48.11924743652344 281
1756663370370 44.12615203857422 282
1756663370435 41.433013916015625 283
1756663370495 45.283573150634766 284
1756663370555 46.55830001831055 285
1756663370616 47.80023956298828 286
1756663370677 38.75143051147461 287
1756663370738 41.560157775878906 288
1756663370800 48.18049240112305 289
1756663370861 38.136390686035156 290
1756663370922 43.212833404541016 291
1756663370983 47.3137321472168 292
1756663371043 38.95250701904297 293
1756663371104 52.3873291015625 294
1756663371166 40.553409576416016 295
1756663371227 45.42981719970703 296
1756663371287 43.23739242553711 297
1756663371347 45.322750091552734 298
1756663371408 43.333892822265625 299
1756663379601 99.56549835205078 0
1756663379679 97.64498901367188 1
1756663379754 95.57166290283203 2
1756663379829 87.76260375976562 3
1756663379902 83.49479675292969 4
1756663379976 74.45743560791016 5
1756663380050 65.56904602050781 6
1756663380125 70.5821762084961 7
1756663380203 76.51943969726562 8
1756663380282 70.1773452758789 9
1756663380356 71.37262725830078 10
1756663380432 67.8389892578125 11
1756663380506 72.22207641601562 12
1756663380580 66.94170379638672 13
1756663380658 66.61000061035156 14
1756663380733 71.11719512939453 15
1756663380807 56.08332824707031 16
1756663380881 67.54013061523438 17
1756663380954 70.23348236083984 18
1756663381029 65.33040618896484 19
1756663381103 66.76398468017578 20
1756663381178 72.9875717163086 21
1756663381252 72.47813415527344 22
1756663381325 62.56661605834961 23
1756663381400 64.17620849609375 24
1756663381475 57.731685638427734 25
1756663381550 65.21927642822266 26
1756663381624 63.08294677734375 27
1756663381698 67.52674102783203 28
1756663381771 64.41693878173828 29
1756663381844 60.30337142944336 30
1756663381917 66.30461120605469 31
1756663381994 66.13064575195312 32
1756663382068 58.873477935791016 33
1756663382143 71.39592742919922 34
1756663382216 69.27783966064453 35
1756663382291 70.7046890258789 36
1756663382365 57.38289260864258 37
1756663382439 57.25948715209961 38
1756663382519 59.341609954833984 39
1756663382594 58.742618560791016 40
1756663382668 57.63595199584961 41
1756663382742 58.41628646850586 42
1756663382816 67.21241760253906 43
1756663382890 61.304744720458984 44
1756663382964 60.84954833984375 45
1756663383036 58.72161865234375 46
1756663383110 52.450923919677734 47
1756663383184 52.83602523803711 48
1756663383258 56.934879302978516 49
1756663383333 52.80845260620117 50
1756663383406 66.07213592529297 51
1756663383482 58.409568786621094 52
1756663383555 67.51808166503906 53
1756663383628 57.65058135986328 54
1756663383702 57.51864242553711 55
1756663383776 60.29379653930664 56
1756663383849 55.558563232421875 57
1756663383923 49.22808074951172 58
1756663383999 64.2314224243164 59
1756663384074 58.28376007080078 60
1756663384150 58.557247161865234 61
1756663384224 52.77817916870117 62
1756663384299 64.37747192382812 63
1756663384372 65.37189483642578 64
1756663384447 50.02750778198242 65
1756663384521 58.13832092285156 66
1756663384595 63.34090042114258 67
1756663384670 54.915287017822266 68
1756663384745 64.1745834350586 69
1756663384819 57.80437088012695 70
1756663384893 50.26250457763672 71
1756663384967 51.65616226196289 72
1756663385042 51.24665832519531 73
1756663385116 60.285972595214844 74
1756663385189 57.110939025878906 75
1756663385265 60.97673416137695 76
1756663385339 53.853755950927734 77
1756663385413 61.927066802978516 78
1756663385488 53.405540466308594 79
1756663385563 53.85871887207031 80
1756663385636 45.378501892089844 81
1756663385711 52.12806701660156 82
1756663385784 57.02641677856445 83
1756663385857 58.26851272583008 84
1756663385931 61.096641540527344 85
1756663386005 45.74998092651367 86
1756663386079 49.18549728393555 87
1756663386153 52.650203704833984 88
1756663386228 54.9057502746582 89
1756663386302 43.21879959106445 90
1756663386376 58.87866973876953 91
1756663386450 50.52888107299805 92
1756663386524 53.81005859375 93
1756663386598 56.12247848510742 94
1756663386672 63.62046432495117 95
1756663386746 49.18601989746094 96
1756663386820 53.127464294433594 97
1756663386894 58.60469436645508 98
1756663386968 66.4717788696289 99
1756663387042 60.89209747314453 100
1756663387117 50.830936431884766 101
1756663387192 46.12583541870117 102
1756663387266 65.44473266601562 103
1756663387341 55.549217224121094 104
1756663387424 61.83586502075195 105
1756663387498 56.585262298583984 106
1756663387572 62.72106170654297 107
1756663387647 60.364559173583984 108
1756663387721 49.63765335083008 109
1756663387795 53.23905944824219 110
1756663387871 56.29467010498047 111
1756663387949 50.76787567138672 112
1756663388024 57.80405044555664 113
1756663388099 54.100894927978516 114
1756663388174 51.89829635620117 115
1756663388249 57.271263122558594 116
1756663388324 53.54825973510742 117
1756663388399 55.1475715637207 118
1756663388473 54.15775680541992 119
1756663388548 58.81523132324219 120
1756663388623 57.92280197143555 121
1756663388697 54.02002716064453 122
1756663388772 51.1295051574707 123
1756663388847 63.816993713378906 124
1756663388922 64.21843719482422 125
1756663388997 68.0085678100586 126
1756663389070 53.56814956665039 127
1756663389146 57.406551361083984 128
1756663389220 57.44712448120117 129
1756663389296 48.72684860229492 130
1756663389369 59.286720275878906 131
1756663389444 58.693199157714844 132
1756663389519 49.03539276123047 133
1756663389593 52.45658493041992 134
1756663389668 52.81208419799805 135
1756663389743 65.06967163085938 136
1756663389817 49.56324005126953 137
1756663389892 57.116798400878906 138
1756663389967 55.181739807128906 139
1756663390042 54.364234924316406 140
1756663390116 52.99949264526367 141
1756663390192 62.15790557861328 142
1756663390267 63.10324478149414 143
1756663390342 55.45548629760742 144
1756663390417 47.570743560791016 145
1756663390492 46.87431335449219 146
1756663390566 53.97825622558594 147
1756663390641 43.30674362182617 148
1756663390716 55.29835891723633 149
1756663390792 37.649654388427734 150
1756663390868 46.816131591796875 151
1756663390943 56.568458557128906 152
1756663391019 54.00947952270508 153
1756663391096 59.397132873535156 154
1756663391183 54.61022186279297 155
1756663391266 51.927284240722656 156
1756663391344 62.648319244384766 157
1756663391418 55.94409942626953 158
1756663391493 55.92851257324219 159
1756663391572 58.81863021850586 160
1756663391650 56.57905960083008 161
1756663391725 63.92447280883789 162
1756663391800 55.96087646484375 163
1756663391875 59.779029846191406 164
1756663391949 57.19544219970703 165
1756663392024 60.735469818115234 166
1756663392098 62.117916107177734 167
1756663392181 59.81644821166992 168
1756663392256 54.765045166015625 169
1756663392330 56.7295036315918 170
1756663392406 56.142948150634766 171
1756663392481 56.877010345458984 172
1756663392562 50.89773941040039 173
1756663392637 56.61314392089844 174
1756663392712 55.231353759765625 175
1756663392787 48.954647064208984 176
1756663392861 55.80146026611328 177
1756663392937 59.22968292236328 178
1756663393011 53.904876708984375 179
1756663393085 49.5369873046875 180
1756663393160 56.95075225830078 181
1756663393235 53.69801330566406 182
1756663393310 54.153751373291016 183
1756663393385 51.95014572143555 184
1756663393459 63.07526397705078 185
1756663393533 48.85560607910156 186
1756663393608 54.438499450683594 187
1756663393683 55.98012924194336 188
1756663393759 61.88274383544922 189
1756663393833 60.32686996459961 190
1756663393908 47.555397033691406 191
1756663393983 58.72420883178711 192
1756663394059 47.9587287902832 193
1756663394135 54.356971740722656 194
1756663394210 53.91532897949219 195
1756663394285 57.13801574707031 196
1756663394360 44.19545364379883 197
1756663394434 53.94118881225586 198
1756663394509 60.22720718383789 199
1756663394585 50.96405792236328 200
1756663394660 47.595516204833984 201
1756663394734 53.42599105834961 202
1756663394809 57.759765625 203
1756663394883 53.98896026611328 204
1756663394959 66.12322235107422 205
1756663395035 51.14842224121094 206
1756663395110 61.978050231933594 207
1756663395186 49.399803161621094 208
1756663395260 53.10713577270508 209
1756663395334 55.80202865600586 210
1756663395409 45.67677688598633 211
1756663395484 54.544334411621094 212
1756663395559 58.655574798583984 213
1756663395634 49.28055953979492 214
1756663395708 59.37728500366211 215
1756663395783 50.57017517089844 216
1756663395858 43.64983367919922 217
1756663395934 57.056941986083984 218
1756663396009 59.886741638183594 219
1756663396083 61.674781799316406 220
1756663396158 56.97874450683594 221
1756663396234 51.57987594604492 222
1756663396308 56.44590759277344 223
1756663396383 59.6239013671875 224
1756663396458 58.858795166015625 225
1756663396533 52.10708236694336 226
1756663396607 50.24602127075195 227
1756663396682 53.802268981933594 228
1756663396756 57.861366271972656 229
1756663396831 55.54838180541992 230
1756663396905 58.31626892089844 231
1756663396981 58.78466796875 232
1756663397056 57.49679946899414 233
1756663397131 56.144920349121094 234
1756663397207 52.87561798095703 235
1756663397281 54.27788162231445 236
1756663397356 60.0076904296875 237
1756663397432 62.11508560180664 238
1756663397506 58.05519485473633 239
1756663397581 56.36001205444336 240
1756663397657 55.05523681640625 241
1756663397732 56.476131439208984 242
1756663397808 64.01428985595703 243
1756663397882 57.38937759399414 244
1756663397957 47.785037994384766 245
1756663398033 52.8360481262207 246
1756663398108 51.03459548950195 247
1756663398184 50.637882232666016 248
1756663398259 52.52762985229492 249
1756663398334 48.77796936035156 250
1756663398409 45.12133026123047 251
1756663398484 47.195613861083984 252
1756663398559 41.39594268798828 253
1756663398634 52.65094757080078 254
1756663398710 65.92440795898438 255
1756663398785 51.63970184326172 256
1756663398860 43.83972930908203 257
1756663398935 47.503753662109375 258
1756663399010 50.949806213378906 259
1756663399085 49.24852752685547 260
1756663399162 55.48676681518555 261
1756663399237 54.67250442504883 262
1756663399313 51.60513687133789 263
1756663399388 47.18080139160156 264
1756663399463 57.58305740356445 265
1756663399538 57.50399398803711 266
1756663399613 54.95907211303711 267
1756663399691 53.504512786865234 268
1756663399767 47.6778564453125 269
1756663399841 56.00273895263672 270
1756663399917 57.75101852416992 271
1756663399992 60.96393966674805 272
1756663400068 48.06785202026367 273
1756663400147 56.99809646606445 274
1756663400222 66.10160827636719 275
1756663400298 56.949928283691406 276
1756663400374 53.68822479248047 277
1756663400450 52.793060302734375 278
1756663400525 53.05879211425781 279
1756663400600 49.702362060546875 280
1756663400678 52.815181732177734 281
1756663400756 52.32585144042969 282
1756663400832 50.50722885131836 283
1756663400906 51.57453536987305 284
1756663400980 47.07551956176758 285
1756663401055 59.57275390625 286
1756663401129 55.63916015625 287
1756663401204 57.22265625 288
1756663401280 49.36199951171875 289
1756663401354 60.88351821899414 290
1756663401428 54.9105224609375 291
1756663401502 55.403900146484375 292
1756663401577 52.34709930419922 293
1756663401652 54.7266731262207 294
1756663401727 49.61198425292969 295
1756663401801 52.0206298828125 296
1756663401876 60.21739196777344 297
1756663401950 56.587669372558594 298
1756663402026 53.771175384521484 299
1756663410195 94.38874053955078 0
1756663410273 80.67024993896484 1
1756663410346 58.916481018066406 2
1756663410419 64.59918975830078 3
1756663410494 64.6333999633789 4
1756663410568 59.4095573425293 5
1756663410642 60.795989990234375 6
1756663410716 62.466651916503906 7
1756663410790 55.100196838378906 8
1756663410863 54.68413162231445 9
1756663410937 57.553016662597656 10
1756663411011 58.70695114135742 11
1756663411086 56.10158157348633 12
1756663411162 58.157630920410156 13
1756663411239 63.859642028808594 14
1756663411314 52.539268493652344 15
1756663411387 51.92476272583008 16
1756663411462 60.7638053894043 17
1756663411536 55.3285026550293 18
1756663411610 46.953269958496094 19
1756663411687 46.41020584106445 20
1756663411760 59.66566848754883 21
1756663411834 59.17714309692383 22
1756663411910 50.93529510498047 23
1756663411984 54.542449951171875 24
1756663412058 56.335899353027344 25
1756663412134 48.562744140625 26
1756663412208 56.27885818481445 27
1756663412284 46.31438064575195 28
1756663412359 48.71281814575195 29
1756663412432 55.076629638671875 30
1756663412507 52.3507194519043 31
1756663412582 49.957054138183594 32
1756663412656 58.907081604003906 33
1756663412730 51.34369659423828 34
1756663412804 48.69508743286133 35
1756663412880 48.641151428222656 36
1756663412955 55.96967697143555 37
1756663413028 58.92095184326172 38
1756663413102 44.10932159423828 39
1756663413177 52.78229904174805 40
1756663413251 50.38637161254883 41
1756663413323 54.03752517700195 42
1756663413396 49.59107208251953 43
1756663413469 52.67030715942383 44
1756663413542 59.41131591796875 45
1756663413614 51.67039108276367 46
1756663413688 53.7351188659668 47
1756663413761 49.373008728027344 48
1756663413834 49.96532440185547 49
1756663413907 48.61920928955078 50
1756663413981 51.38843536376953 51
1756663414054 45.3363151550293 52
1756663414127 45.14020538330078 53
1756663414202 55.449005126953125 54
1756663414275 53.3902702331543 55
1756663414349 43.214820861816406 56
1756663414421 44.1177978515625 57
1756663414494 49.09574508666992 58
1756663414571 47.886993408203125 59
1756663414652 49.6342658996582 60
1756663414725 53.83415985107422 61
1756663414799 46.1793098449707 62
1756663414872 49.49468994140625 63
1756663414946 52.112709045410156 64
1756663415019 59.10408401489258 65
1756663415092 44.660987854003906 66
1756663415166 53.0529899597168 67
1756663415240 46.2972412109375 68
1756663415314 48.23656463623047 69
1756663415387 53.49432373046875 70
1756663415459 54.77265167236328 71
1756663415533 52.718963623046875 72
1756663415607 54.07993698120117 73
1756663415680 55.8684196472168 74
1756663415753 51.85337448120117 75
1756663415826 56.989845275878906 76
1756663415900 45.025611877441406 77
1756663415973 49.51873016357422 78
1756663416046 48.4426155090332 79
1756663416119 44.23931121826172 80
1756663416193 54.3926887512207 81
1756663416266 56.450050354003906 82
1756663416339 50.047515869140625 83
1756663416412 50.10523986816406 84
1756663416486 49.58928680419922 85
1756663416560 46.92953872680664 86
1756663416633 57.65813446044922 87
1756663416707 43.767112731933594 88
1756663416780 41.58342361450195 89
1756663416853 47.352149963378906 90
1756663416927 52.00688934326172 91
1756663417001 48.40815353393555 92
1756663417076 47.27674102783203 93
1756663417151 49.24291229248047 94
1756663417228 45.42036819458008 95
1756663417301 50.098106384277344 96
1756663417375 47.654598236083984 97
1756663417448 50.22172927856445 98
1756663417522 50.68846893310547 99
1756663417596 50.79829406738281 100
1756663417670 52.053558349609375 101
1756663417744 52.99335861206055 102
1756663417818 45.846656799316406 103
1756663417892 48.4345817565918 104
1756663417965 50.60013961791992 105
1756663418039 48.278072357177734 106
1756663418113 44.76857376098633 107
1756663418187 49.825653076171875 108
1756663418260 48.35857391357422 109
1756663418334 47.38469696044922 110
1756663418407 51.66681671142578 111
1756663418480 49.10218048095703 112
1756663418555 54.9918098449707 113
1756663418629 45.505401611328125 114
1756663418703 51.011802673339844 115
1756663418777 46.1379508972168 116
1756663418850 52.58195114135742 117
1756663418925 53.720237731933594 118
1756663418998 48.98857116699219 119
1756663419071 44.19205093383789 120
1756663419145 56.07676315307617 121
1756663419219 42.76271438598633 122
1756663419293 47.71059036254883 123
1756663419367 42.465248107910156 124
1756663419440 54.6051139831543 125
1756663419514 53.91545486450195 126
1756663419588 51.63282012939453 127
1756663419662 50.6579475402832 128
1756663419736 49.03205490112305 129
1756663419809 49.72488784790039 130
1756663419883 50.321617126464844 131
1756663419957 48.85523223876953 132
1756663420030 52.28813552856445 133
1756663420105 44.597843170166016 134
1756663420186 53.698455810546875 135
1756663420260 47.72016143798828 136
1756663420333 51.469200134277344 137
1756663420407 60.29534912109375 138
1756663420481 48.525421142578125 139
1756663420555 51.5461311340332 140
1756663420629 49.85248565673828 141
1756663420703 55.22132110595703 142
1756663420779 40.30790328979492 143
1756663420855 47.114646911621094 144
1756663420929 44.917564392089844 145
1756663421002 44.074363708496094 146
1756663421076 48.3572998046875 147
1756663421149 47.251075744628906 148
1756663421223 53.57221603393555 149
1756663421296 53.0424690246582 150
1756663421370 46.08951950073242 151
1756663421443 48.01853561401367 152
1756663421517 49.04156494140625 153
1756663421595 47.406219482421875 154
1756663421670 52.019317626953125 155
1756663421744 48.62468719482422 156
1756663421818 42.5616569519043 157
1756663421892 47.276405334472656 158
1756663421968 49.733497619628906 159
1756663422043 57.28472900390625 160
1756663422116 50.137271881103516 161
1756663422191 48.377967834472656 162
1756663422265 63.25873565673828 163
1756663422338 46.48451232910156 164
1756663422412 47.204383850097656 165
1756663422486 50.67497634887695 166
1756663422560 46.89893341064453 167
1756663422634 56.0030403137207 168
1756663422709 50.65741729736328 169
1756663422783 49.94157028198242 170
1756663422860 50.478633880615234 171
1756663422934 47.24861145019531 172
1756663423016 51.46179962158203 173
1756663423157 48.343544006347656 174
1756663423236 44.47261428833008 175
1756663423313 58.46619415283203 176
1756663423393 45.49925994873047 177
1756663423467 43.324241638183594 178
1756663423541 53.09919357299805 179
1756663423617 50.81931686401367 180
1756663423694 51.99544143676758 181
1756663423768 44.76137161254883 182
1756663423842 55.07993698120117 183
1756663423920 45.24083709716797 184
1756663423995 44.26139831542969 185
1756663424070 44.163970947265625 186
1756663424145 47.35670852661133 187
1756663424221 56.2110595703125 188
1756663424295 45.7501335144043 189
1756663424370 55.5995979309082 190
1756663424444 40.34477615356445 191
1756663424518 53.01887893676758 192
1756663424593 45.136940002441406 193
1756663424668 52.87468719482422 194
1756663424743 49.2367057800293 195
1756663424817 46.06641387939453 196
1756663424891 47.25333023071289 197
1756663424965 50.45102310180664 198
1756663425040 42.70587158203125 199
1756663425114 51.342201232910156 200
1756663425190 40.092308044433594 201
1756663425264 53.4254035949707 202
1756663425339 55.3656120300293 203
1756663425413 43.237510681152344 204
1756663425488 49.21585464477539 205
1756663425562 48.49657440185547 206
1756663425637 43.52363586425781 207
1756663425713 49.91191482543945 208
1756663425788 50.69040298461914 209
1756663425862 46.5911750793457 210
1756663425936 47.91543197631836 211
1756663426010 50.70109939575195 212
1756663426084 46.32735824584961 213
1756663426158 49.8825798034668 214
1756663426233 46.638572692871094 215
1756663426308 52.565399169921875 216
1756663426382 44.86475372314453 217
1756663426458 50.51625061035156 218
1756663426534 45.96013259887695 219
1756663426609 49.32484436035156 220
1756663426686 52.358375549316406 221
1756663426762 51.373985290527344 222
1756663426837 47.50372314453125 223
1756663426912 48.08391189575195 224
1756663426988 50.942405700683594 225
1756663427062 50.88530731201172 226
1756663427138 56.182891845703125 227
1756663427215 49.80146026611328 228
1756663427289 53.26752471923828 229
1756663427365 50.51954650878906 230
1756663427440 44.784400939941406 231
1756663427515 53.0210075378418 232
1756663427590 52.68279266357422 233
1756663427666 48.922279357910156 234
1756663427742 53.18845748901367 235
1756663427817 45.03291702270508 236
1756663427892 44.822959899902344 237
1756663427968 55.702850341796875 238
1756663428044 46.12049102783203 239
1756663428119 38.74815368652344 240
1756663428200 49.047088623046875 241
1756663428277 55.58574676513672 242
1756663428352 47.35819625854492 243
1756663428428 50.85752868652344 244
1756663428503 44.71383285522461 245
1756663428579 52.01282501220703 246
1756663428654 54.81074905395508 247
1756663428731 51.40472412109375 248
1756663428807 58.8486213684082 249
1756663428882 48.461387634277344 250
1756663428957 43.83266830444336 251
1756663429033 50.173465728759766 252
1756663429108 46.68168258666992 253
1756663429184 54.36761474609375 254
1756663429260 50.5781135559082 255
1756663429337 45.9100227355957 256
1756663429415 52.31903076171875 257
1756663429490 45.153507232666016 258
1756663429566 52.220298767089844 259
1756663429643 46.115901947021484 260
1756663429719 47.889041900634766 261
1756663429794 56.23468017578125 262
1756663429869 49.57185363769531 263
1756663429944 39.14457321166992 264
1756663430019 45.42653274536133 265
1756663430094 56.15156936645508 266
1756663430171 44.92862319946289 267
1756663430246 45.59174346923828 268
1756663430320 56.2093391418457 269
1756663430395 39.62772750854492 270
1756663430470 53.932952880859375 271
1756663430545 56.505706787109375 272
1756663430621 47.59568405151367 273
1756663430696 46.046451568603516 274
1756663430771 44.083255767822266 275
1756663430846 51.29340362548828 276
1756663430920 46.543434143066406 277
1756663430996 57.970916748046875 278
1756663431071 54.03059768676758 279
1756663431146 53.62199783325195 280
1756663431222 43.110496520996094 281
1756663431297 45.96735763549805 282
1756663431373 50.66486358642578 283
1756663431449 45.77986526489258 284
1756663431524 47.25228500366211 285
1756663431600 51.19586944580078 286
1756663431675 49.81892395019531 287
1756663431751 44.88694763183594 288
1756663431826 54.48014450073242 289
1756663431902 54.375160217285156 290
1756663431977 53.77289581298828 291
1756663432052 47.65288162231445 292
1756663432128 45.963172912597656 293
1756663432203 55.4859733581543 294
1756663432289 50.31421661376953 295
1756663432364 48.16788864135742 296
1756663432439 46.72600173950195 297
1756663432514 40.858848571777344 298
1756663432589 49.59437561035156 299
1756663440761 99.29812622070312 0
1756663440844 95.448974609375 1
1756663440920 90.6458969116211 2
1756663440994 82.07820892333984 3
1756663441072 67.21044158935547 4
1756663441147 63.402015686035156 5
1756663441223 64.622314453125 6
1756663441298 67.39639282226562 7
1756663441372 62.69233322143555 8
1756663441446 56.884765625 9
1756663441521 67.7561264038086 10
1756663441597 59.218868255615234 11
1756663441672 65.2691879272461 12
1756663441747 63.432838439941406 13
1756663441821 65.27999114990234 14
1756663441896 50.184200286865234 15
1756663441972 58.46451187133789 16
1756663442047 56.467098236083984 17
1756663442122 63.20550537109375 18
1756663442198 59.58782958984375 19
1756663442276 63.9354248046875 20
1756663442352 52.507137298583984 21
1756663442426 55.74666976928711 22
1756663442500 45.261234283447266 23
1756663442575 58.907066345214844 24
1756663442650 45.57463455200195 25
1756663442727 52.75560760498047 26
1756663442803 52.54639434814453 27
1756663442880 55.86840057373047 28
1756663442956 49.499874114990234 29
1756663443032 55.98344802856445 30
1756663443107 47.76244354248047 31
1756663443183 58.842594146728516 32
1756663443259 56.296566009521484 33
1756663443335 61.20295715332031 34
1756663443412 55.39242935180664 35
1756663443488 47.85406494140625 36
1756663443564 57.90494155883789 37
1756663443640 53.869327545166016 38
1756663443715 48.235992431640625 39
1756663443792 57.01522445678711 40
1756663443867 49.74562454223633 41
1756663443943 59.49456024169922 42
1756663444018 58.6294059753418 43
1756663444093 55.12669372558594 44
1756663444168 49.62175369262695 45
1756663444244 49.19892120361328 46
1756663444319 55.484962463378906 47
1756663444394 54.35338592529297 48
1756663444469 53.811363220214844 49
1756663444545 52.79927444458008 50
1756663444620 54.29777908325195 51
1756663444696 51.997589111328125 52
1756663444771 49.892547607421875 53
1756663444846 51.478824615478516 54
1756663444922 47.70956039428711 55
1756663444998 52.92537307739258 56
1756663445072 55.5322380065918 57
1756663445150 43.886924743652344 58
1756663445226 41.417903900146484 59
1756663445302 50.06991195678711 60
1756663445383 54.23053741455078 61
1756663445463 52.12801742553711 62
1756663445539 46.26779556274414 63
1756663445616 48.0294189453125 64
1756663445692 45.5355224609375 65
1756663445768 58.535037994384766 66
1756663445844 50.915771484375 67
1756663445919 56.22075271606445 68
1756663445995 54.252403259277344 69
1756663446070 55.18278884887695 70
1756663446146 44.816192626953125 71
1756663446222 55.76880645751953 72
1756663446297 56.93358612060547 73
1756663446373 47.395694732666016 74
1756663446449 58.22380065917969 75
1756663446525 54.34012985229492 76
1756663446600 39.90888977050781 77
1756663446675 52.65013122558594 78
1756663446753 55.101165771484375 79
1756663446829 49.8328857421875 80
1756663446904 47.32332992553711 81
1756663446979 58.97870635986328 82
1756663447056 48.759708404541016 83
1756663447131 56.890995025634766 84
1756663447208 49.224510192871094 85
1756663447284 47.60494613647461 86
1756663447360 58.038963317871094 87
1756663447435 52.157535552978516 88
1756663447511 40.6275634765625 89
1756663447587 56.31716537475586 90
1756663447663 43.797428131103516 91
1756663447739 50.98041534423828 92
1756663447815 47.922142028808594 93
1756663447891 56.75223159790039 94
1756663447967 56.94007110595703 95
1756663448043 49.17855453491211 96
1756663448119 51.537479400634766 97
1756663448198 49.674015045166016 98
1756663448273 44.266475677490234 99
1756663448349 54.442203521728516 100
1756663448425 51.070255279541016 101
1756663448501 51.8079948425293 102
1756663448578 53.29916763305664 103
1756663448654 44.77935028076172 104
1756663448732 53.042015075683594 105
1756663448808 55.84690856933594 106
1756663448885 44.74007797241211 107
1756663448962 54.75147247314453 108
1756663449039 49.78802490234375 109
1756663449119 47.9340705871582 110
1756663449196 54.70198059082031 111
1756663449272 49.1361083984375 112
1756663449348 45.06479263305664 113
1756663449424 55.066097259521484 114
1756663449500 55.05680847167969 115
1756663449576 49.181705474853516 116
1756663449651 51.89217758178711 117
1756663449727 50.36649703979492 118
1756663449802 58.84782409667969 119
1756663449877 51.04540252685547 120
1756663449960 46.451087951660156 121
1756663450046 45.88444900512695 122
1756663450131 51.44205093383789 123
1756663450217 49.813316345214844 124
1756663450303 47.739051818847656 125
1756663450388 45.19633102416992 126
1756663450474 52.327327728271484 127
1756663450560 45.39852523803711 128
1756663450636 52.81899642944336 129
1756663450712 53.018802642822266 130
1756663450788 46.686134338378906 131
1756663450865 46.8671875 132
1756663450941 48.786922454833984 133
1756663451017 46.713130950927734 134
1756663451097 39.622745513916016 135
1756663451174 47.17578125 136
1756663451250 48.563655853271484 137
1756663451326 56.45207595825195 138
1756663451401 58.186405181884766 139
1756663451478 52.01157760620117 140
1756663451553 57.592472076416016 141
1756663451629 52.57933044433594 142
1756663451706 48.778717041015625 143
1756663451782 54.06810760498047 144
1756663451858 55.77998352050781 145
1756663451934 54.15168762207031 146
1756663452011 58.80009460449219 147
1756663452087 52.243614196777344 148
1756663452163 44.20932388305664 149
1756663452240 52.90904235839844 150
1756663452316 43.911312103271484 151
1756663452392 50.498687744140625 152
1756663452468 55.72147750854492 153
1756663452543 58.90494155883789 154
1756663452619 47.88009262084961 155
1756663452698 50.358341217041016 156
1756663452779 53.19794464111328 157
1756663452856 53.13239288330078 158
1756663452932 41.359275817871094 159
1756663453008 52.8740348815918 160
1756663453084 53.89970397949219 161
1756663453160 55.470516204833984 162
1756663453236 44.387020111083984 163
1756663453312 55.49315643310547 164
1756663453386 48.57697296142578 165
1756663453462 47.10856628417969 166
1756663453537 56.71135711669922 167
1756663453613 47.26387023925781 168
1756663453690 49.077518463134766 169
1756663453766 52.08125305175781 170
1756663453842 42.35360336303711 171
1756663453918 42.45172882080078 172
1756663453997 52.09383773803711 173
1756663454073 40.130977630615234 174
1756663454148 43.38315963745117 175
1756663454228 47.930908203125 176
1756663454304 54.42626953125 177
1756663454379 55.12437057495117 178
1756663454455 43.56947326660156 179
1756663454531 55.53376388549805 180
1756663454607 44.36142349243164 181
1756663454683 62.06415557861328 182
1756663454758 51.615455627441406 183
1756663454834 49.696510314941406 184
1756663454917 44.7872314453125 185
1756663454994 57.93163299560547 186
1756663455072 49.62807083129883 187
1756663455149 53.00236892700195 188
1756663455226 48.86275100708008 189
1756663455302 45.567142486572266 190
1756663455378 48.71683883666992 191
1756663455454 49.3407096862793 192
1756663455530 54.65718460083008 193
1756663455607 48.685916900634766 194
1756663455682 50.95756530761719 195
1756663455759 50.360450744628906 196
1756663455836 56.759765625 197
1756663455913 59.41957473754883 198
1756663455990 48.152740478515625 199
1756663456067 45.75772476196289 200
1756663456146 57.65241622924805 201
1756663456223 45.62503433227539 202
1756663456299 49.75496292114258 203
1756663456375 48.208030700683594 204
1756663456451 48.30713653564453 205
1756663456529 56.027320861816406 206
1756663456604 44.15412139892578 207
1756663456680 49.013580322265625 208
1756663456757 53.448673248291016 209
1756663456833 54.10166931152344 210
1756663456910 58.180294036865234 211
1756663456987 42.96411895751953 212
1756663457063 52.69328689575195 213
1756663457140 52.596439361572266 214
1756663457218 48.61119079589844 215
1756663457294 50.7093391418457 216
1756663457372 50.524295806884766 217
1756663457449 56.59550476074219 218
1756663457526 51.403717041015625 219
1756663457603 46.92449951171875 220
1756663457679 49.98257064819336 221
1756663457757 46.96320724487305 222
1756663457833 56.433013916015625 223
1756663457910 56.014259338378906 224
1756663457986 59.3515510559082 225
1756663458063 54.54728317260742 226
1756663458139 49.2131233215332 227
1756663458216 51.567527770996094 228
1756663458295 49.295021057128906 229
1756663458371 58.528228759765625 230
1756663458450 54.33161544799805 231
1756663458527 49.9521369934082 232
1756663458604 55.953125 233
1756663458681 54.26685333251953 234
1756663458763 56.828643798828125 235
1756663458845 53.7821044921875 236
1756663458926 43.47618103027344 237
1756663459007 46.22233963012695 238
1756663459090 54.90678024291992 239
1756663459171 54.199161529541016 240
1756663459253 51.43552017211914 241
1756663459331 49.59854507446289 242
1756663459408 54.47004318237305 243
1756663459485 53.279258728027344 244
1756663459570 48.64371871948242 245
1756663459648 49.1693115234375 246
1756663459727 46.5867919921875 247
1756663459804 48.561885833740234 248
1756663459882 57.43410110473633 249
1756663459959 54.49016189575195 250
1756663460037 54.133670806884766 251
1756663460115 49.39661407470703 252
1756663460193 49.95552444458008 253
1756663460276 50.22216796875 254
1756663460353 48.12943649291992 255
1756663460431 50.2957763671875 256
1756663460509 45.40381622314453 257
1756663460591 50.381099700927734 258
1756663460668 53.69180679321289 259
1756663460755 46.92178726196289 260
1756663460831 47.88718795776367 261
1756663460914 50.43473434448242 262
1756663460991 44.92781448364258 263
1756663461069 51.171714782714844 264
1756663461146 45.07376480102539 265
1756663461228 47.58378219604492 266
1756663461305 54.060855865478516 267
1756663461382 48.79256820678711 268
1756663461461 49.405853271484375 269
1756663461536 45.36384201049805 270
1756663461614 50.938289642333984 271
1756663461690 50.94120788574219 272
1756663461772 57.91019821166992 273
1756663461847 51.367408752441406 274
1756663461923 55.2724723815918 275
1756663462004 55.12172317504883 276
1756663462082 44.72862243652344 277
1756663462158 50.01993942260742 278
1756663462236 55.56047439575195 279
1756663462317 44.37724304199219 280
1756663462395 55.08088302612305 281
1756663462472 55.250606536865234 282
1756663462548 61.33390426635742 283
1756663462625 56.435035705566406 284
1756663462702 40.911285400390625 285
1756663462779 50.0010871887207 286
1756663462856 47.64202880859375 287
1756663462933 47.6020622253418 288
1756663463009 49.83724594116211 289
1756663463086 45.595970153808594 290
1756663463163 44.400760650634766 291
1756663463240 59.12375259399414 292
1756663463318 51.68217086791992 293
1756663463394 52.4244270324707 294
1756663463470 55.83109664916992 295
1756663463547 55.574954986572266 296
1756663463622 51.386783599853516 297
1756663463699 51.434688568115234 298
1756663463777 55.459495544433594 299
1756663471953 97.4659652709961 0
1756663472032 86.78453063964844 1
1756663472106 69.4261703491211 2
1756663472182 57.490333557128906 3
1756663472258 65.6234130859375 4
1756663472333 56.68878173828125 5
1756663472407 55.123741149902344 6
1756663472483 55.46430587768555 7
1756663472557 49.657249450683594 8
1756663472632 60.195091247558594 9
1756663472707 61.70935821533203 10
1756663472784 54.86565017700195 11
1756663472860 55.0640983581543 12
1756663472936 44.89638137817383 13
1756663473011 58.94157028198242 14
1756663473087 51.35602951049805 15
1756663473163 55.76287841796875 16
1756663473239 49.66081237792969 17
1756663473315 53.71087646484375 18
1756663473391 56.308982849121094 19
1756663473469 54.78356170654297 20
1756663473545 50.749176025390625 21
1756663473621 45.79269790649414 22
1756663473697 51.19617462158203 23
1756663473774 50.366844177246094 24
1756663473851 48.37286376953125 25
1756663473928 45.64069366455078 26
1756663474007 51.516143798828125 27
1756663474085 41.364585876464844 28
1756663474167 49.25970458984375 29
1756663474245 54.87043380737305 30
1756663474322 45.378021240234375 31
1756663474398 50.26012420654297 32
1756663474475 48.984500885009766 33
1756663474553 45.356075286865234 34
1756663474632 42.9245491027832 35
1756663474709 51.42607498168945 36
1756663474788 52.854225158691406 37
1756663474865 54.60589599609375 38
1756663474942 44.199073791503906 39
1756663475019 46.989227294921875 40
1756663475096 60.16553497314453 41
1756663475173 45.73551940917969 42
1756663475252 50.8587646484375 43
1756663475329 50.55504608154297 44
1756663475406 47.888702392578125 45
1756663475483 46.08127975463867 46
1756663475560 48.23200225830078 47
1756663475637 48.39869689941406 48
1756663475715 56.712158203125 49
1756663475792 43.75382614135742 50
1756663475868 49.95415496826172 51
1756663475945 45.979942321777344 52
1756663476022 41.105140686035156 53
1756663476098 47.154579162597656 54
1756663476175 50.95769500732422 55
1756663476253 50.87987518310547 56
1756663476329 49.03800582885742 57
1756663476406 50.82527542114258 58
1756663476483 54.322608947753906 59
1756663476559 47.407875061035156 60
1756663476635 51.76198196411133 61
1756663476714 44.312034606933594 62
1756663476791 54.77702713012695 63
1756663476867 39.35100555419922 64
1756663476944 45.19860076904297 65
1756663477022 44.75273513793945 66
1756663477099 51.466102600097656 67
1756663477176 51.16175079345703 68
1756663477256 43.059486389160156 69
1756663477333 44.628013610839844 70
1756663477411 45.76063537597656 71
1756663477488 41.34044647216797 72
1756663477565 44.556610107421875 73
1756663477643 54.04859161376953 74
1756663477722 44.210968017578125 75
1756663477800 40.344642639160156 76
1756663477876 44.62982940673828 77
1756663477954 55.2608528137207 78
1756663478032 49.37983322143555 79
1756663478109 43.41914749145508 80
1756663478187 41.78997039794922 81
1756663478267 51.6522102355957 82
1756663478344 48.760108947753906 83
1756663478421 44.901329040527344 84
1756663478499 41.24596405029297 85
1756663478576 45.73928451538086 86
1756663478654 43.140541076660156 87
1756663478731 48.127471923828125 88
1756663478810 45.21788787841797 89
1756663478887 44.64937973022461 90
1756663478964 49.416439056396484 91
1756663479041 40.250980377197266 92
1756663479118 46.065406799316406 93
1756663479201 49.582122802734375 94
1756663479278 43.18578338623047 95
1756663479355 49.600860595703125 96
1756663479433 41.311676025390625 97
1756663479511 50.799041748046875 98
1756663479588 38.82554244995117 99
1756663479666 51.7057991027832 100
1756663479744 44.64375686645508 101
1756663479822 47.04364776611328 102
1756663479901 41.00645065307617 103
1756663479978 54.439292907714844 104
1756663480056 38.921199798583984 105
1756663480134 49.19628143310547 106
1756663480213 49.98596954345703 107
1756663480291 50.15690612792969 108
1756663480368 39.57451248168945 109
1756663480446 46.41613006591797 110
1756663480524 47.589500427246094 111
1756663480601 40.5172004699707 112
1756663480679 38.618900299072266 113
1756663480758 45.64259338378906 114
1756663480836 42.066734313964844 115
1756663480917 45.816490173339844 116
1756663480997 44.00769805908203 117
1756663481075 40.956993103027344 118
1756663481152 50.02845001220703 119
1756663481231 50.24369430541992 120
1756663481309 43.559505462646484 121
1756663481386 45.88019561767578 122
1756663481464 50.33098220825195 123
1756663481542 49.88482666015625 124
1756663481619 44.39087677001953 125
1756663481698 48.34886932373047 126
1756663481777 42.27894973754883 127
1756663481854 52.2215690612793 128
1756663481935 50.589866638183594 129
1756663482012 47.975563049316406 130
1756663482088 53.747100830078125 131
1756663482164 54.25422286987305 132
1756663482242 49.43270492553711 133
1756663482319 55.196571350097656 134
1756663482396 52.770790100097656 135
1756663482472 50.49863815307617 136
1756663482549 42.100486755371094 137
1756663482626 51.200904846191406 138
1756663482702 46.88623046875 139
1756663482779 41.68144607543945 140
1756663482856 48.00617218017578 141
1756663482933 51.22185134887695 142
1756663483010 52.087989807128906 143
1756663483087 43.04936599731445 144
1756663483164 47.10266876220703 145
1756663483241 46.208621978759766 146
1756663483319 49.08905029296875 147
1756663483395 42.97175216674805 148
1756663483472 40.70226287841797 149
1756663483549 52.87421798706055 150
1756663483626 44.43955612182617 151
1756663483704 48.48908233642578 152
1756663483781 50.74100875854492 153
1756663483858 42.21847152709961 154
1756663483934 43.53166961669922 155
1756663484012 51.73823165893555 156
1756663484090 53.654258728027344 157
1756663484167 46.7398681640625 158
1756663484245 46.745513916015625 159
1756663484323 51.6340217590332 160
1756663484401 45.811798095703125 161
1756663484478 41.39254379272461 162
1756663484555 42.843135833740234 163
1756663484632 45.95149230957031 164
1756663484710 47.39896774291992 165
1756663484788 49.1129150390625 166
1756663484865 48.61328125 167
1756663484942 43.89479446411133 168
1756663485019 43.2320671081543 169
1756663485096 46.985267639160156 170
1756663485172 42.37910842895508 171
1756663485250 37.324424743652344 172
1756663485326 39.37550354003906 173
1756663485403 47.80785369873047 174
1756663485480 44.547489166259766 175
1756663485557 47.975830078125 176
1756663485634 43.171653747558594 177
1756663485711 45.94200897216797 178
1756663485788 47.83526611328125 179
1756663485865 41.0587158203125 180
1756663485941 50.36063766479492 181
1756663486018 55.598426818847656 182
1756663486094 44.54164505004883 183
1756663486171 45.75532531738281 184
1756663486249 40.729305267333984 185
1756663486326 52.8736457824707 186
1756663486402 48.997188568115234 187
1756663486479 43.10158157348633 188
1756663486556 38.79094314575195 189
1756663486632 42.337738037109375 190
1756663486708 40.518943786621094 191
1756663486786 45.2434196472168 192
1756663486862 46.9963493347168 193
1756663486941 41.20349884033203 194
1756663487017 41.87373352050781 195
1756663487094 42.97637176513672 196
1756663487172 47.29866027832031 197
1756663487249 40.969215393066406 198
1756663487326 46.43259811401367 199
1756663487403 46.172462463378906 200
1756663487480 51.679420471191406 201
1756663487557 44.759620666503906 202
1756663487634 47.20293426513672 203
1756663487710 55.004295349121094 204
1756663487788 40.47554397583008 205
1756663487865 45.300540924072266 206
1756663487942 48.03162384033203 207
1756663488019 45.02183151245117 208
1756663488096 57.983924865722656 209
1756663488172 45.99149703979492 210
1756663488250 46.83416748046875 211
1756663488327 46.7996940612793 212
1756663488406 47.7796630859375 213
1756663488483 39.32648849487305 214
1756663488560 50.92717742919922 215
1756663488638 44.17529296875 216
1756663488714 46.757625579833984 217
1756663488792 41.87791442871094 218
1756663488868 48.8343505859375 219
1756663488947 49.847476959228516 220
1756663489025 47.79179763793945 221
1756663489102 48.33094024658203 222
1756663489178 47.24343490600586 223
1756663489255 51.998451232910156 224
1756663489331 47.51729202270508 225
1756663489408 53.691917419433594 226
1756663489485 47.218753814697266 227
1756663489561 45.452049255371094 228
1756663489637 50.212158203125 229
1756663489713 42.75529098510742 230
1756663489791 42.11779022216797 231
1756663489867 52.76287078857422 232
1756663489943 45.702301025390625 233
1756663490020 47.11299514770508 234
1756663490097 50.601951599121094 235
1756663490174 50.01790237426758 236
1756663490252 47.34074783325195 237
1756663490329 40.55176544189453 238
1756663490407 48.517112731933594 239
1756663490484 50.52230453491211 240
1756663490560 44.2388916015625 241
1756663490637 48.775665283203125 242
1756663490713 53.25261688232422 243
1756663490795 51.862945556640625 244
1756663490871 41.568511962890625 245
1756663490948 47.632102966308594 246
1756663491024 47.44805145263672 247
1756663491100 43.1844596862793 248
1756663491180 54.364715576171875 249
1756663491258 47.73848342895508 250
1756663491334 46.33496856689453 251
1756663491411 42.4880256652832 252
1756663491488 45.829559326171875 253
1756663491566 47.151885986328125 254
1756663491643 46.70716094970703 255
1756663491721 50.204315185546875 256
1756663491802 41.38188552856445 257
1756663491881 51.27532196044922 258
1756663491958 45.14606475830078 259
1756663492036 51.128440856933594 260
1756663492112 49.85380172729492 261
1756663492189 52.78535079956055 262
1756663492267 50.04399871826172 263
1756663492345 40.87888717651367 264
1756663492422 47.13359069824219 265
1756663492499 43.68414306640625 266
1756663492576 48.796749114990234 267
1756663492653 49.884071350097656 268
1756663492732 45.548912048339844 269
1756663492809 48.55327224731445 270
1756663492885 39.767581939697266 271
1756663492963 52.73405838012695 272
1756663493039 40.62127685546875 273
1756663493116 47.172203063964844 274
1756663493192 51.211883544921875 275
1756663493269 41.09635543823242 276
1756663493346 52.42009735107422 277
1756663493423 43.12008285522461 278
1756663493500 39.80769729614258 279
1756663493576 44.64301300048828 280
1756663493652 55.3585319519043 281
1756663493728 47.33781051635742 282
1756663493809 46.180824279785156 283
1756663493892 46.374977111816406 284
1756663493968 43.309993743896484 285
1756663494045 51.168914794921875 286
1756663494122 45.05703353881836 287
1756663494198 53.42060470581055 288
1756663494275 41.292545318603516 289
1756663494353 47.479103088378906 290
1756663494430 49.90660858154297 291
1756663494506 46.639854431152344 292
1756663494584 39.96484375 293
1756663494661 44.20592498779297 294
1756663494739 48.315223693847656 295
1756663494816 39.67131805419922 296
1756663494893 47.9915885925293 297
1756663494970 37.96017837524414 298
1756663495047 38.70356750488281 299
1756663503234 98.6610336303711 0
1756663503315 93.27953338623047 1
1756663503391 81.4947509765625 2
1756663503468 74.8438949584961 3
1756663503548 58.6102294921875 4
1756663503624 65.51402282714844 5
1756663503700 57.289791107177734 6
1756663503777 55.98442459106445 7
1756663503858 55.68814468383789 8
1756663503935 60.52510452270508 9
1756663504010 60.89822006225586 10
1756663504088 59.333377838134766 11
1756663504164 58.0454216003418 12
1756663504241 50.1850700378418 13
1756663504316 51.115806579589844 14
1756663504392 53.16433334350586 15
1756663504469 49.7258186340332 16
1756663504545 46.836952209472656 17
1756663504621 61.202613830566406 18
1756663504699 53.828346252441406 19
1756663504775 49.00935745239258 20
1756663504851 52.6264762878418 21
1756663504927 51.75281524658203 22
1756663505003 51.13508224487305 23
1756663505078 51.5286865234375 24
1756663505154 42.771339416503906 25
1756663505230 53.08648681640625 26
1756663505310 45.712791442871094 27
1756663505395 48.08137512207031 28
1756663505472 51.3285026550293 29
1756663505553 49.041263580322266 30
1756663505629 49.025115966796875 31
1756663505705 49.43514633178711 32
1756663505781 48.36153030395508 33
1756663505859 44.42850875854492 34
1756663505938 40.960479736328125 35
1756663506014 43.9760627746582 36
1756663506091 44.875762939453125 37
1756663506168 44.70575714111328 38
1756663506245 42.54404830932617 39
1756663506321 51.08041763305664 40
1756663506398 48.434513092041016 41
1756663506474 46.13300323486328 42
1756663506552 46.569541931152344 43
1756663506628 55.83495330810547 44
1756663506704 45.977359771728516 45
1756663506781 43.99030303955078 46
1756663506857 43.11460876464844 47
1756663506933 51.25099563598633 48
1756663507009 49.200775146484375 49
1756663507085 46.68099594116211 50
1756663507161 40.23053741455078 51
1756663507238 51.35449981689453 52
1756663507319 37.42276382446289 53
1756663507396 52.968292236328125 54
1756663507474 51.491249084472656 55
1756663507551 46.59519958496094 56
1756663507627 44.5939826965332 57
1756663507704 49.140384674072266 58
1756663507780 44.41253662109375 59
1756663507857 37.51428985595703 60
1756663507934 43.71650695800781 61
1756663508011 41.64848709106445 62
1756663508088 48.28572082519531 63
1756663508164 48.85948181152344 64
1756663508242 48.00883483886719 65
1756663508319 44.33124542236328 66
1756663508395 48.39484405517578 67
1756663508472 46.61855697631836 68
1756663508548 38.65504837036133 69
1756663508625 44.03831100463867 70
1756663508702 45.50914001464844 71
1756663508779 44.604061126708984 72
1756663508856 47.26216506958008 73
1756663508933 42.477394104003906 74
1756663509009 50.09682846069336 75
1756663509086 43.57772445678711 76
1756663509163 49.28232955932617 77
1756663509240 37.63124084472656 78
1756663509317 49.4676399230957 79
1756663509394 44.01581954956055 80
1756663509471 39.657649993896484 81
1756663509547 50.044456481933594 82
1756663509624 51.70463180541992 83
1756663509700 37.78459548950195 84
1756663509778 53.20448303222656 85
1756663509855 49.61688995361328 86
1756663509931 48.72047805786133 87
1756663510008 35.91470718383789 88
1756663510085 47.869022369384766 89
1756663510162 50.12261962890625 90
1756663510239 54.103214263916016 91
1756663510317 37.39002990722656 92
1756663510393 51.211612701416016 93
1756663510470 50.081363677978516 94
1756663510552 49.120033264160156 95
1756663510629 43.7812385559082 96
1756663510709 43.93355941772461 97
1756663510790 39.95703125 98
1756663510867 43.59995651245117 99
1756663510944 47.78312301635742 100
1756663511021 42.930965423583984 101
1756663511098 42.447853088378906 102
1756663511175 49.724300384521484 103
1756663511253 42.87538146972656 104
1756663511329 44.838626861572266 105
1756663511406 41.274742126464844 106
1756663511483 49.933048248291016 107
1756663511560 44.86663055419922 108
1756663511637 40.539306640625 109
1756663511714 41.682743072509766 110
1756663511791 51.65119552612305 111
1756663511868 44.98448181152344 112
1756663511945 45.07807922363281 113
1756663512022 42.610721588134766 114
1756663512099 44.002967834472656 115
1756663512175 48.73617172241211 116
1756663512258 51.15437698364258 117
1756663512336 47.63150405883789 118
1756663512413 41.04928970336914 119
1756663512489 42.36405944824219 120
1756663512565 45.30859375 121
1756663512641 47.101890563964844 122
1756663512719 33.793212890625 123
1756663512798 44.52122497558594 124
1756663512875 53.255558013916016 125
1756663512951 49.752105712890625 126
1756663513027 43.70487976074219 127
1756663513103 55.24639129638672 128
1756663513180 46.4058723449707 129
1756663513259 47.58818054199219 130
1756663513335 39.4575309753418 131
1756663513411 42.13511276245117 132
1756663513488 38.0171012878418 133
1756663513565 41.264949798583984 134
1756663513641 42.957618713378906 135
1756663513717 46.18439865112305 136
1756663513796 45.55176544189453 137
1756663513873 41.20036697387695 138
1756663513950 43.97673797607422 139
1756663514027 46.16455078125 140
1756663514104 49.86775588989258 141
1756663514183 42.43828201293945 142
1756663514264 41.58268737792969 143
1756663514341 43.03256607055664 144
1756663514419 42.9470329284668 145
1756663514496 40.308982849121094 146
1756663514573 49.270965576171875 147
1756663514650 49.52631759643555 148
1756663514728 46.59858322143555 149
1756663514809 43.086727142333984 150
1756663514888 48.51903533935547 151
1756663514965 46.5921745300293 152
1756663515042 44.02313995361328 153
1756663515120 48.376224517822266 154
1756663515197 52.07080841064453 155
1756663515276 42.85324478149414 156
1756663515353 47.17052459716797 157
1756663515431 44.96554946899414 158
1756663515508 49.06753921508789 159
1756663515587 51.75327682495117 160
1756663515663 37.474796295166016 161
1756663515740 45.863101959228516 162
1756663515819 48.52801513671875 163
1756663515896 34.36347198486328 164
1756663515974 45.036651611328125 165
1756663516051 48.395320892333984 166
1756663516128 45.14548873901367 167
1756663516205 39.43463134765625 168
1756663516285 43.353458404541016 169
1756663516361 54.30440902709961 170
1756663516438 46.33159255981445 171
1756663516514 41.46939468383789 172
1756663516590 45.27360916137695 173
1756663516667 48.55494689941406 174
1756663516743 43.46323776245117 175
1756663516821 43.11884689331055 176
1756663516897 50.4473876953125 177
1756663516974 46.57707977294922 178
1756663517050 49.61648178100586 179
1756663517126 43.20535659790039 180
1756663517203 52.5316162109375 181
1756663517280 46.618141174316406 182
1756663517357 44.88431930541992 183
1756663517434 44.11684036254883 184
1756663517510 48.85820388793945 185
1756663517586 49.54869842529297 186
1756663517663 49.38340759277344 187
1756663517740 42.003562927246094 188
1756663517817 41.48560333251953 189
1756663517893 39.92882537841797 190
1756663517969 49.33134841918945 191
1756663518045 37.38842010498047 192
1756663518122 41.71074295043945 193
1756663518198 46.49407196044922 194
1756663518275 37.25440216064453 195
1756663518353 49.89521789550781 196
1756663518429 53.3574104309082 197
1756663518506 46.73305130004883 198
1756663518582 50.75186538696289 199
1756663518659 43.97547912597656 200
1756663518736 53.53090286254883 201
1756663518813 50.289527893066406 202
1756663518889 44.49935531616211 203
1756663518966 45.86361312866211 204
1756663519043 48.06999206542969 205
1756663519119 44.70886993408203 206
1756663519196 43.75885009765625 207
1756663519272 44.719970703125 208
1756663519349 43.103973388671875 209
1756663519426 40.590843200683594 210
1756663519502 40.068336486816406 211
1756663519579 45.515846252441406 212
1756663519655 42.6212158203125 213
1756663519732 50.02606201171875 214
1756663519810 43.40847396850586 215
1756663519886 48.64330291748047 216
1756663519962 42.948265075683594 217
1756663520038 43.851654052734375 218
1756663520115 40.627532958984375 219
1756663520191 38.0739860534668 220
1756663520269 40.424354553222656 221
1756663520347 41.89903259277344 222
1756663520424 44.873878479003906 223
1756663520501 35.391517639160156 224
1756663520578 44.33572006225586 225
1756663520657 51.433624267578125 226
1756663520735 58.030879974365234 227
1756663520813 46.96200942993164 228
1756663520889 44.97282028198242 229
1756663520965 40.88841247558594 230
1756663521042 45.129417419433594 231
1756663521121 45.4187126159668 232
1756663521198 37.61991500854492 233
1756663521276 41.41697311401367 234
1756663521354 46.44697952270508 235
1756663521430 40.54418182373047 236
1756663521507 42.80643081665039 237
1756663521587 46.34540557861328 238
1756663521668 38.56779098510742 239
1756663521744 49.360572814941406 240
1756663521822 51.00239944458008 241
1756663521898 44.3545036315918 242
1756663521975 49.87754440307617 243
1756663522051 41.752685546875 244
1756663522128 38.75110626220703 245
1756663522205 42.48012161254883 246
1756663522282 35.246063232421875 247
1756663522362 37.031036376953125 248
1756663522440 43.60609817504883 249
1756663522518 40.09379959106445 250
1756663522594 37.204898834228516 251
1756663522671 45.41188049316406 252
1756663522748 47.48788070678711 253
1756663522826 48.87865447998047 254
1756663522903 42.94119644165039 255
1756663522980 47.2987174987793 256
1756663523057 41.98136901855469 257
1756663523133 41.06792068481445 258
1756663523212 42.820457458496094 259
1756663523289 41.539180755615234 260
1756663523366 43.639442443847656 261
1756663523443 45.37408447265625 262
1756663523520 40.37938690185547 263
1756663523601 49.031341552734375 264
1756663523678 45.34485626220703 265
1756663523755 49.754676818847656 266
1756663523832 41.02383804321289 267
1756663523909 43.879554748535156 268
1756663523985 45.09593963623047 269
1756663524062 44.47578811645508 270
1756663524141 47.13264465332031 271
1756663524217 46.043426513671875 272
1756663524295 37.52497100830078 273
1756663524371 46.570682525634766 274
1756663524450 51.69874572753906 275
1756663524527 48.31829071044922 276
1756663524605 46.30225372314453 277
1756663524683 47.66654586791992 278
1756663524762 50.4650993347168 279
1756663524839 52.88791275024414 280
1756663524916 50.0205192565918 281
1756663524993 46.76996612548828 282
1756663525070 48.1869010925293 283
1756663525147 47.04961013793945 284
1756663525224 42.06806564331055 285
1756663525302 43.256568908691406 286
1756663525380 40.58087158203125 287
1756663525457 50.622859954833984 288
1756663525534 45.55847930908203 289
1756663525611 39.061920166015625 290
1756663525688 44.07284164428711 291
1756663525765 51.53943634033203 292
1756663525842 42.865509033203125 293
1756663525919 41.9213981628418 294
1756663525995 49.39487838745117 295
1756663526072 57.004615783691406 296
1756663526149 42.775333404541016 297
1756663526225 44.050601959228516 298
1756663526304 35.730106353759766 299
1756663534478 99.67398834228516 0
1756663534557 92.67325592041016 1
1756663534633 82.56962585449219 2
1756663534709 64.1522216796875 3
1756663534789 58.44523239135742 4
1756663534866 62.989356994628906 5
1756663534942 65.67485046386719 6
1756663535019 53.3177490234375 7
1756663535095 48.192222595214844 8
1756663535171 54.69353485107422 9
1756663535247 57.46155548095703 10
1756663535327 62.990196228027344 11
1756663535404 47.17426681518555 12
1756663535481 55.60626220703125 13
1756663535558 47.598175048828125 14
1756663535635 51.77562713623047 15
1756663535711 48.702110290527344 16
1756663535791 52.9991569519043 17
1756663535870 50.488731384277344 18
1756663535957 52.196311950683594 19
1756663536034 61.72368621826172 20
1756663536111 52.07811737060547 21
1756663536188 47.26533508300781 22
1756663536266 54.7041130065918 23
1756663536343 44.713157653808594 24
1756663536421 53.3673210144043 25
1756663536499 48.294612884521484 26
1756663536578 54.21044158935547 27
1756663536656 50.053565979003906 28
1756663536732 51.173377990722656 29
1756663536811 49.621612548828125 30
1756663536889 47.27312469482422 31
1756663536967 46.91462326049805 32
1756663537044 49.193687438964844 33
1756663537121 51.88176345825195 34
1756663537205 48.51365280151367 35
1756663537287 51.16490936279297 36
1756663537365 50.408363342285156 37
1756663537442 41.312164306640625 38
1756663537520 55.0626220703125 39
1756663537597 47.09992218017578 40
1756663537674 50.692176818847656 41
1756663537752 44.473106384277344 42
1756663537830 52.86406707763672 43
1756663537907 55.32105255126953 44
1756663537984 51.78265380859375 45
1756663538062 48.3821907043457 46
1756663538139 51.619117736816406 47
1756663538216 47.153480529785156 48
1756663538294 44.48945617675781 49
1756663538373 46.45988082885742 50
1756663538450 53.602874755859375 51
1756663538527 43.705955505371094 52
1756663538605 41.5163688659668 53
1756663538683 40.041778564453125 54
1756663538761 42.625022888183594 55
1756663538839 42.5854606628418 56
1756663538917 43.139984130859375 57
1756663538994 48.03229522705078 58
1756663539072 50.810611724853516 59
1756663539150 45.30181121826172 60
1756663539229 48.348541259765625 61
1756663539307 45.82386779785156 62
1756663539386 56.23444747924805 63
1756663539463 44.077049255371094 64
1756663539541 52.226593017578125 65
1756663539619 41.89594268798828 66
1756663539700 44.031944274902344 67
1756663539779 45.54136276245117 68
1756663539856 55.77159881591797 69
1756663539934 48.23997497558594 70
1756663540013 37.390968322753906 71
1756663540090 45.200218200683594 72
1756663540168 50.54336929321289 73
1756663540245 43.726383209228516 74
1756663540323 49.165462493896484 75
1756663540401 45.85011672973633 76
1756663540478 41.710960388183594 77
1756663540559 48.56587219238281 78
1756663540640 41.31494903564453 79
1756663540717 46.993812561035156 80
1756663540798 41.18590545654297 81
1756663540875 39.785247802734375 82
1756663540953 48.493858337402344 83
1756663541030 44.027442932128906 84
1756663541108 46.116851806640625 85
1756663541186 52.8404426574707 86
1756663541263 51.57079315185547 87
1756663541341 46.01873779296875 88
1756663541418 55.23797607421875 89
1756663541496 42.38957977294922 90
1756663541574 48.779579162597656 91
1756663541652 48.43500518798828 92
1756663541729 48.998046875 93
1756663541807 49.99134063720703 94
1756663541885 44.4113655090332 95
1756663541963 46.17090606689453 96
1756663542041 50.37146759033203 97
1756663542119 41.46166229248047 98
1756663542196 51.66386032104492 99
1756663542274 48.74380111694336 100
1756663542353 45.505645751953125 101
1756663542431 45.679988861083984 102
1756663542509 41.54296112060547 103
1756663542588 52.73164749145508 104
1756663542666 54.156578063964844 105
1756663542744 46.508941650390625 106
1756663542823 58.50035858154297 107
1756663542902 43.73076629638672 108
1756663542981 41.99376678466797 109
1756663543142 57.388145446777344 110
1756663543224 49.59711456298828 111
1756663543303 43.01334762573242 112
1756663543381 55.74040985107422 113
1756663543459 49.97795486450195 114
1756663543536 44.295494079589844 115
1756663543616 42.047977447509766 116
1756663543695 50.973670959472656 117
1756663543772 49.45460891723633 118
1756663543850 50.78895950317383 119
1756663543928 49.357810974121094 120
1756663544006 50.23255920410156 121
1756663544085 42.23493576049805 122
1756663544163 46.63515853881836 123
1756663544240 47.137508392333984 124
1756663544319 38.325218200683594 125
1756663544397 44.622718811035156 126
1756663544484 45.123313903808594 127
1756663544562 41.958797454833984 128
1756663544640 45.47361373901367 129
1756663544718 50.2266960144043 130
1756663544797 42.676124572753906 131
1756663544875 46.584693908691406 132
1756663544954 44.362159729003906 133
1756663545032 44.68891143798828 134
1756663545110 43.956809997558594 135
1756663545188 45.54185104370117 136
1756663545266 50.388092041015625 137
1756663545345 43.189552307128906 138
1756663545423 42.28750991821289 139
1756663545501 48.213905334472656 140
1756663545579 49.450748443603516 141
1756663545656 52.93275833129883 142
1756663545734 51.119667053222656 143
1756663545813 47.71126174926758 144
1756663545890 46.12755584716797 145
1756663545968 54.90961837768555 146
1756663546046 52.40653610229492 147
1756663546124 43.06016159057617 148
1756663546202 41.41632843017578 149
1756663546280 43.189571380615234 150
1756663546358 48.874717712402344 151
1756663546436 44.83531951904297 152
1756663546514 41.464698791503906 153
1756663546592 51.32838821411133 154
1756663546670 50.01255416870117 155
1756663546748 44.38704299926758 156
1756663546826 40.469234466552734 157
1756663546905 48.27986145019531 158
1756663546983 45.810791015625 159
1756663547061 39.935203552246094 160
1756663547139 45.17748260498047 161
1756663547217 46.87622833251953 162
1756663547296 46.29873275756836 163
1756663547373 38.300174713134766 164
1756663547454 44.8128776550293 165
1756663547532 49.760459899902344 166
1756663547611 45.35432434082031 167
1756663547689 48.1348991394043 168
1756663547767 40.71979522705078 169
1756663547847 47.458892822265625 170
1756663547925 45.9139518737793 171
1756663548004 43.33149337768555 172
1756663548082 49.09292984008789 173
1756663548161 41.42328643798828 174
1756663548239 47.43717575073242 175
1756663548319 42.89369201660156 176
1756663548398 43.74032211303711 177
1756663548476 47.36069107055664 178
1756663548553 48.459373474121094 179
1756663548632 43.98712921142578 180
1756663548709 36.004966735839844 181
1756663548787 47.87160873413086 182
1756663548866 50.01331329345703 183
1756663548943 49.573951721191406 184
1756663549022 44.37044906616211 185
1756663549100 50.74531555175781 186
1756663549178 41.107566833496094 187
1756663549256 44.395774841308594 188
1756663549335 52.15163040161133 189
1756663549413 50.76638412475586 190
1756663549493 46.45702362060547 191
1756663549570 50.1469841003418 192
1756663549651 48.67298126220703 193
1756663549736 46.90200424194336 194
1756663549815 50.07225799560547 195
1756663549893 50.50914001464844 196
1756663549971 48.16594696044922 197
1756663550049 45.18061065673828 198
1756663550127 41.45362091064453 199
1756663550205 39.61655807495117 200
1756663550282 43.33823776245117 201
1756663550361 46.83134841918945 202
1756663550439 47.98335647583008 203
1756663550517 49.23306655883789 204
1756663550595 45.92964553833008 205
1756663550674 45.779197692871094 206
1756663550752 47.16832733154297 207
1756663550830 49.16413879394531 208
1756663550908 40.16445541381836 209
1756663550986 41.34214782714844 210
1756663551063 47.430885314941406 211
1756663551141 50.83216094970703 212
1756663551218 39.282962799072266 213
1756663551297 49.88227844238281 214
1756663551375 46.991180419921875 215
1756663551453 41.735755920410156 216
1756663551531 54.63493728637695 217
1756663551609 54.304779052734375 218
1756663551688 48.00920867919922 219
1756663551769 51.09563064575195 220
1756663551848 49.317832946777344 221
1756663551926 36.289878845214844 222
1756663552004 45.30793762207031 223
1756663552082 41.546531677246094 224
1756663552160 51.991668701171875 225
1756663552238 48.200931549072266 226
1756663552317 51.38470458984375 227
1756663552395 47.05017852783203 228
1756663552474 43.94282531738281 229
1756663552553 42.976531982421875 230
1756663552632 42.892555236816406 231
1756663552716 46.62299346923828 232
1756663552794 47.63981628417969 233
1756663552873 51.977996826171875 234
1756663552954 49.53832244873047 235
1756663553032 46.59989547729492 236
1756663553109 46.68732452392578 237
1756663553187 42.186378479003906 238
1756663553265 55.34325408935547 239
1756663553343 46.36217498779297 240
1756663553421 45.54508972167969 241
1756663553500 43.908477783203125 242
1756663553578 42.74829864501953 243
1756663553656 50.77031326293945 244
1756663553733 45.965084075927734 245
1756663553811 49.210758209228516 246
1756663553889 49.22010803222656 247
1756663553967 46.13563537597656 248
1756663554045 47.12761306762695 249
1756663554123 38.54103469848633 250
1756663554202 49.241668701171875 251
1756663554281 52.486289978027344 252
1756663554359 50.25443649291992 253
1756663554437 46.650123596191406 254
1756663554514 37.54273223876953 255
1756663554592 50.195762634277344 256
1756663554670 50.88643264770508 257
1756663554748 46.15000534057617 258
1756663554826 45.76166915893555 259
1756663554903 45.43450164794922 260
1756663554982 50.68865203857422 261
1756663555059 44.960418701171875 262
1756663555137 45.11506271362305 263
1756663555216 46.780765533447266 264
1756663555295 49.608848571777344 265
1756663555374 47.95209503173828 266
1756663555454 45.67521286010742 267
1756663555532 42.257591247558594 268
1756663555610 43.914058685302734 269
1756663555689 51.33760452270508 270
1756663555765 52.05546951293945 271
1756663555843 46.40620040893555 272
1756663555920 43.85456085205078 273
1756663555997 39.00513458251953 274
1756663556079 46.29506301879883 275
1756663556155 44.289913177490234 276
1756663556231 49.93671798706055 277
1756663556309 48.8498420715332 278
1756663556385 40.96503829956055 279
1756663556462 44.832435607910156 280
1756663556538 44.69263458251953 281
1756663556616 39.68196105957031 282
1756663556699 55.39048385620117 283
1756663556775 46.079811096191406 284
1756663556853 46.07355499267578 285
1756663556930 47.51544952392578 286
1756663557005 45.01984786987305 287
1756663557082 46.192466735839844 288
1756663557159 45.33984375 289
1756663557235 39.59259796142578 290
1756663557314 53.6043586730957 291
1756663557391 52.56157684326172 292
1756663557467 48.443058013916016 293
1756663557543 43.28308868408203 294
1756663557620 46.581146240234375 295
1756663557697 54.14051055908203 296
1756663557773 46.8310661315918 297
1756663557850 53.909767150878906 298
1756663557928 43.895259857177734 299
1756663566077 98.0604476928711 0
1756663566127 91.12857055664062 1
1756663566176 81.2907943725586 2
1756663566226 75.71492004394531 3
1756663566276 62.60931396484375 4
1756663566327 57.231136322021484 5
1756663566379 62.7877197265625 6
1756663566430 65.5240478515625 7
1756663566481 60.7431526184082 8
1756663566532 66.00052642822266 9
1756663566582 57.47690963745117 10
1756663566632 60.81965255737305 11
1756663566683 65.67302703857422 12
1756663566736 64.26707458496094 13
1756663566788 60.59901428222656 14
1756663566839 65.75823211669922 15
1756663566889 59.21875762939453 16
1756663566940 63.120574951171875 17
1756663566993 59.760223388671875 18
1756663567049 57.78846740722656 19
1756663567100 56.99489974975586 20
1756663567151 59.013633728027344 21
1756663567202 60.21514129638672 22
1756663567253 56.463497161865234 23
1756663567304 54.09304428100586 24
1756663567355 69.77849578857422 25
1756663567406 59.18790054321289 26
1756663567456 52.97938537597656 27
1756663567507 61.42131805419922 28
1756663567558 59.063907623291016 29
1756663567610 49.073673248291016 30
1756663567661 49.03467559814453 31
1756663567713 55.494380950927734 32
1756663567764 55.03969955444336 33
1756663567815 50.656288146972656 34
1756663567866 51.4395751953125 35
1756663567917 56.88268280029297 36
1756663567968 55.59872055053711 37
1756663568021 60.48436737060547 38
1756663568073 53.712364196777344 39
1756663568124 55.530372619628906 40
1756663568177 51.462623596191406 41
1756663568228 57.91504669189453 42
1756663568280 56.503578186035156 43
1756663568331 50.06480026245117 44
1756663568383 49.99911117553711 45
1756663568434 59.68882751464844 46
1756663568485 54.021018981933594 47
1756663568537 56.225765228271484 48
1756663568588 58.35923385620117 49
1756663568640 57.05602264404297 50
1756663568692 53.66117477416992 51
1756663568743 58.43842697143555 52
1756663568797 61.96170425415039 53
1756663568853 55.43999099731445 54
1756663568905 56.2491455078125 55
1756663568955 54.97534942626953 56
1756663569007 52.68156814575195 57
1756663569058 51.56372833251953 58
1756663569110 49.109676361083984 59
1756663569167 62.141998291015625 60
1756663569218 60.58740997314453 61
1756663569269 48.46305465698242 62
1756663569321 54.37743377685547 63
1756663569376 56.196311950683594 64
1756663569431 56.824806213378906 65
1756663569484 59.1658935546875 66
1756663569536 43.97896194458008 67
1756663569587 58.364803314208984 68
1756663569640 57.15248107910156 69
1756663569691 56.548397064208984 70
1756663569742 49.85484313964844 71
1756663569794 59.35429382324219 72
1756663569845 62.47297668457031 73
1756663569896 49.84904098510742 74
1756663569949 58.382484436035156 75
1756663570001 60.361061096191406 76
1756663570053 51.905296325683594 77
1756663570105 51.230796813964844 78
1756663570157 57.667152404785156 79
1756663570209 51.176456451416016 80
1756663570261 56.06672668457031 81
1756663570314 52.460899353027344 82
1756663570366 47.272762298583984 83
1756663570418 49.91667556762695 84
1756663570471 53.54629898071289 85
1756663570523 44.91169738769531 86
1756663570576 56.323760986328125 87
1756663570631 52.83969497680664 88
1756663570683 58.621978759765625 89
1756663570737 50.127079010009766 90
1756663570792 53.2205810546875 91
1756663570845 51.4517822265625 92
1756663570897 56.16128921508789 93
1756663570949 59.53859329223633 94
1756663571001 54.47163772583008 95
1756663571053 55.48672866821289 96
1756663571105 57.18312454223633 97
1756663571156 49.908203125 98
1756663571208 53.5079231262207 99
1756663571261 52.837989807128906 100
1756663571313 55.41858673095703 101
1756663571365 52.043766021728516 102
1756663571417 58.022830963134766 103
1756663571468 56.61616134643555 104
1756663571526 56.16567611694336 105
1756663571579 47.62464141845703 106
1756663571630 59.09642791748047 107
1756663571689 55.54662322998047 108
1756663571749 54.420650482177734 109
1756663571808 53.58072280883789 110
1756663571866 55.21601867675781 111
1756663571925 59.432594299316406 112
1756663571984 56.82889175415039 113
1756663572042 56.275638580322266 114
1756663572101 55.9366455078125 115
1756663572159 54.653846740722656 116
1756663572210 52.36589050292969 117
1756663572260 48.34431457519531 118
1756663572312 61.80009460449219 119
1756663572363 48.36178207397461 120
1756663572414 48.56462478637695 121
1756663572465 47.099403381347656 122
1756663572516 49.70383071899414 123
1756663572567 56.150997161865234 124
1756663572619 51.038185119628906 125
1756663572672 56.5975456237793 126
1756663572723 56.05580520629883 127
1756663572774 54.93892288208008 128
1756663572827 49.55705642700195 129
1756663572879 57.70354461669922 130
1756663572931 51.08669662475586 131
1756663572983 50.475807189941406 132
1756663573035 53.26464080810547 133
1756663573087 49.87730407714844 134
1756663573139 50.961238861083984 135
1756663573191 57.973323822021484 136
1756663573243 51.451263427734375 137
1756663573294 51.2398796081543 138
1756663573350 55.904136657714844 139
1756663573402 55.02821350097656 140
1756663573454 49.139408111572266 141
1756663573507 53.35617446899414 142
1756663573560 56.392799377441406 143
1756663573612 55.7652473449707 144
1756663573664 53.29331970214844 145
1756663573722 57.444644927978516 146
1756663573774 62.582191467285156 147
1756663573826 58.46418380737305 148
1756663573879 53.28626251220703 149
1756663573935 44.4552001953125 150
1756663573987 51.34648132324219 151
1756663574039 57.558162689208984 152
1756663574091 60.05574417114258 153
1756663574144 54.50721740722656 154
1756663574197 56.480018615722656 155
1756663574249 51.840431213378906 156
1756663574306 59.452110290527344 157
1756663574359 54.45548629760742 158
1756663574413 53.1005973815918 159
1756663574467 51.09585189819336 160
1756663574521 53.39752197265625 161
1756663574573 61.97768783569336 162
1756663574626 56.73860168457031 163
1756663574680 61.06451416015625 164
1756663574733 49.5275764465332 165
1756663574786 50.63872146606445 166
1756663574839 57.425254821777344 167
1756663574892 59.226383209228516 168
1756663574946 56.951011657714844 169
1756663574998 54.51345443725586 170
1756663575050 60.31391525268555 171
1756663575103 52.030818939208984 172
1756663575156 59.06610870361328 173
1756663575209 55.11188888549805 174
1756663575262 55.35770034790039 175
1756663575317 53.497806549072266 176
1756663575370 49.39411163330078 177
1756663575423 54.111385345458984 178
1756663575475 47.54448699951172 179
1756663575529 58.96023941040039 180
1756663575581 54.40251541137695 181
1756663575635 50.51382827758789 182
1756663575688 60.58648681640625 183
1756663575741 55.897579193115234 184
1756663575794 50.07779312133789 185
1756663575847 53.983856201171875 186
1756663575901 60.15513229370117 187
1756663575954 52.682247161865234 188
1756663576006 62.86354064941406 189
1756663576060 53.17341995239258 190
1756663576113 61.63692855834961 191
1756663576166 56.4715576171875 192
1756663576219 48.63986587524414 193
1756663576273 54.17780685424805 194
1756663576327 54.60923767089844 195
1756663576380 46.97895812988281 196
1756663576434 54.04997253417969 197
1756663576488 61.46495056152344 198
1756663576540 60.894081115722656 199
1756663576595 56.76398849487305 200
1756663576656 55.810855865478516 201
1756663576709 56.024471282958984 202
1756663576763 46.446109771728516 203
1756663576817 56.270259857177734 204
1756663576873 54.22777557373047 205
1756663576927 59.331451416015625 206
1756663576980 54.97160720825195 207
1756663577033 55.27045822143555 208
1756663577086 48.19285583496094 209
1756663577140 47.797481536865234 210
1756663577193 60.81175231933594 211
1756663577247 48.10460662841797 212
1756663577300 54.613094329833984 213
1756663577354 51.54159164428711 214
1756663577407 61.929500579833984 215
1756663577460 52.32952117919922 216
1756663577513 54.671634674072266 217
1756663577566 57.48255157470703 218
1756663577620 52.67432403564453 219
1756663577673 53.744319915771484 220
1756663577727 50.72875213623047 221
1756663577780 59.837013244628906 222
1756663577833 50.25181579589844 223
1756663577887 61.023624420166016 224
1756663577940 52.96143341064453 225
1756663577993 56.179176330566406 226
1756663578046 51.96454620361328 227
1756663578100 48.08153533935547 228
1756663578153 53.980655670166016 229
1756663578207 55.216129302978516 230
1756663578261 56.71686553955078 231
1756663578316 50.038543701171875 232
1756663578370 55.53044509887695 233
1756663578424 51.33502197265625 234
1756663578478 59.71921920776367 235
1756663578532 51.721622467041016 236
1756663578586 59.29247283935547 237
1756663578640 56.8182487487793 238
1756663578694 54.67507553100586 239
1756663578747 55.01833724975586 240
1756663578802 55.41769027709961 241
1756663578856 53.482025146484375 242
1756663578909 60.88472366333008 243
1756663578963 58.226402282714844 244
1756663579017 56.71061706542969 245
1756663579070 56.02181625366211 246
1756663579124 52.16951370239258 247
1756663579178 53.843563079833984 248
1756663579231 52.442344665527344 249
1756663579284 46.85131072998047 250
1756663579341 62.561920166015625 251
1756663579394 58.17821502685547 252
1756663579448 60.05209732055664 253
1756663579500 50.82095718383789 254
1756663579554 54.36635971069336 255
1756663579607 61.10892868041992 256
1756663579659 53.22425842285156 257
1756663579712 58.23204040527344 258
1756663579764 58.71492385864258 259
1756663579817 56.563507080078125 260
1756663579869 56.16327667236328 261
1756663579921 50.758277893066406 262
1756663579973 50.761192321777344 263
1756663580026 57.264896392822266 264
1756663580078 52.402591705322266 265
1756663580131 56.45995330810547 266
1756663580183 51.4898567199707 267
1756663580236 51.941017150878906 268
1756663580288 51.72999572753906 269
1756663580341 52.57470703125 270
1756663580393 56.67682647705078 271
1756663580446 43.964630126953125 272
1756663580498 55.27649688720703 273
1756663580551 46.379112243652344 274
1756663580604 63.87590408325195 275
1756663580657 58.76728057861328 276
1756663580709 56.90709686279297 277
1756663580764 56.637325286865234 278
1756663580816 57.93252944946289 279
1756663580868 54.893882751464844 280
1756663580921 55.36351776123047 281
1756663580973 51.98459243774414 282
1756663581027 53.449520111083984 283
1756663581080 60.78578186035156 284
1756663581133 52.00334930419922 285
1756663581186 54.22050094604492 286
1756663581238 52.42350769042969 287
1756663581292 59.14202117919922 288
1756663581344 56.653968811035156 289
1756663581397 54.81583786010742 290
1756663581450 50.74816131591797 291
1756663581502 56.5468864440918 292
1756663581555 50.31660079956055 293
1756663581607 51.56623077392578 294
1756663581659 53.25556182861328 295
1756663581711 54.881256103515625 296
1756663581764 57.53255844116211 297
1756663581816 51.631046295166016 298
1756663581868 54.587711334228516 299
1756663590004 97.00211334228516 0
1756663590061 86.11614227294922 1
1756663590111 86.01747131347656 2
1756663590167 66.89540100097656 3
1756663590218 65.36060333251953 4
1756663590271 59.66118621826172 5
1756663590323 61.609718322753906 6
1756663590381 65.30284881591797 7
1756663590437 65.15385437011719 8
1756663590492 61.868743896484375 9
1756663590548 57.37672805786133 10
1756663590604 48.009521484375 11
1756663590660 63.26728057861328 12
1756663590714 66.42803955078125 13
1756663590769 63.38395309448242 14
1756663590824 65.52897644042969 15
1756663590879 57.65850830078125 16
1756663590936 60.13454055786133 17
1756663590990 53.214027404785156 18
1756663591046 62.15477752685547 19
1756663591101 60.417137145996094 20
1756663591156 55.27349853515625 21
1756663591209 59.425331115722656 22
1756663591265 55.530784606933594 23
1756663591317 56.85041427612305 24
1756663591370 48.413856506347656 25
1756663591423 56.4302864074707 26
1756663591476 57.115699768066406 27
1756663591528 58.65913772583008 28
1756663591581 52.03981399536133 29
1756663591633 52.12248611450195 30
1756663591685 53.385948181152344 31
1756663591739 56.719482421875 32
1756663591791 55.952110290527344 33
1756663591844 52.82863235473633 34
1756663591895 58.804359436035156 35
1756663591948 55.352684020996094 36
1756663592000 57.568336486816406 37
1756663592051 57.44896697998047 38
1756663592104 59.85258865356445 39
1756663592156 62.25420379638672 40
1756663592216 58.14972686767578 41
1756663592269 60.42151641845703 42
1756663592321 56.31714630126953 43
1756663592374 55.05780792236328 44
1756663592426 58.097084045410156 45
1756663592478 60.101402282714844 46
1756663592530 57.0423469543457 47
1756663592582 57.62781524658203 48
1756663592634 60.144004821777344 49
1756663592685 60.27675247192383 50
1756663592738 58.82558059692383 51
1756663592790 47.728004455566406 52
1756663592845 49.57811737060547 53
1756663592897 50.88471221923828 54
1756663592948 57.440086364746094 55
1756663593000 52.425498962402344 56
1756663593052 51.933197021484375 57
1756663593103 50.318031311035156 58
1756663593155 57.799591064453125 59
1756663593206 56.0068473815918 60
1756663593260 56.58464431762695 61
1756663593315 52.860450744628906 62
1756663593366 54.892974853515625 63
1756663593418 60.65166091918945 64
1756663593470 60.002685546875 65
1756663593522 63.891357421875 66
1756663593574 42.93012237548828 67
1756663593626 54.54344940185547 68
1756663593684 62.38956832885742 69
1756663593741 60.55057907104492 70
1756663593794 56.67920684814453 71
1756663593847 50.61865997314453 72
1756663593899 52.421180725097656 73
1756663593951 53.79059600830078 74
1756663594003 51.23699951171875 75
1756663594056 62.77045822143555 76
1756663594107 57.379920959472656 77
1756663594160 56.834388732910156 78
1756663594212 51.21489334106445 79
1756663594264 57.71589279174805 80
1756663594316 60.738311767578125 81
1756663594369 58.059043884277344 82
1756663594420 53.64208221435547 83
1756663594472 56.6873893737793 84
1756663594523 56.55320358276367 85
1756663594574 60.559974670410156 86
1756663594625 58.01129150390625 87
1756663594678 58.28876495361328 88
1756663594729 53.58881759643555 89
1756663594781 63.23858642578125 90
1756663594832 56.91637420654297 91
1756663594884 60.10749435424805 92
1756663594935 51.279266357421875 93
1756663594986 55.60990524291992 94
1756663595038 57.0222053527832 95
1756663595089 54.9629020690918 96
1756663595140 49.82593536376953 97
1756663595192 57.60774612426758 98
1756663595243 58.51824188232422 99
1756663595294 48.730899810791016 100
1756663595346 51.702415466308594 101
1756663595397 52.699913024902344 102
1756663595449 52.69472122192383 103
1756663595500 51.35953903198242 104
1756663595552 59.150184631347656 105
1756663595604 53.145973205566406 106
1756663595655 55.73572540283203 107
1756663595707 57.021217346191406 108
1756663595758 59.596092224121094 109
1756663595810 54.171630859375 110
1756663595861 61.124656677246094 111
1756663595913 48.720664978027344 112
1756663595964 52.456031799316406 113
1756663596016 59.533111572265625 114
1756663596068 58.7476921081543 115
1756663596119 54.70636749267578 116
1756663596171 51.95432662963867 117
1756663596222 47.51158905029297 118
1756663596273 50.50061798095703 119
1756663596325 53.03155517578125 120
1756663596377 50.038352966308594 121
1756663596428 44.599700927734375 122
1756663596479 54.090492248535156 123
1756663596531 49.27460861206055 124
1756663596583 66.27191162109375 125
1756663596640 60.662635803222656 126
1756663596692 57.010353088378906 127
1756663596743 55.709938049316406 128
1756663596794 57.01648712158203 129
1756663596845 52.35114669799805 130
1756663596897 58.66225051879883 131
1756663596948 54.46550750732422 132
1756663597000 54.44353103637695 133
1756663597052 59.4926643371582 134
1756663597102 52.772216796875 135
1756663597154 57.34051513671875 136
1756663597205 55.40863800048828 137
1756663597256 57.69097900390625 138
1756663597308 61.182884216308594 139
1756663597359 57.2403564453125 140
1756663597410 61.45698165893555 141
1756663597467 56.84238815307617 142
1756663597520 58.55933380126953 143
1756663597572 50.45302963256836 144
1756663597623 50.67414855957031 145
1756663597674 56.36053466796875 146
1756663597725 57.0579948425293 147
1756663597776 52.034828186035156 148
1756663597828 56.33672332763672 149
1756663597880 57.736854553222656 150
1756663597933 51.34458541870117 151
1756663597985 53.02446746826172 152
1756663598038 55.55241775512695 153
1756663598091 64.78562927246094 154
1756663598143 53.7027702331543 155
1756663598195 57.31542205810547 156
1756663598246 44.31618881225586 157
1756663598299 50.263092041015625 158
1756663598351 54.36951446533203 159
1756663598403 49.477134704589844 160
1756663598455 56.982078552246094 161
1756663598507 59.789710998535156 162
1756663598558 56.23790740966797 163
1756663598610 54.61330032348633 164
1756663598662 56.11616134643555 165
1756663598715 56.29181671142578 166
1756663598766 49.838890075683594 167
1756663598818 56.22126007080078 168
1756663598870 52.319915771484375 169
1756663598922 51.176353454589844 170
1756663598974 59.064903259277344 171
1756663599026 60.00322723388672 172
1756663599077 52.551918029785156 173
1756663599128 56.2443733215332 174
1756663599182 52.05299758911133 175
1756663599233 63.29925537109375 176
1756663599285 46.0925178527832 177
1756663599338 53.084571838378906 178
1756663599391 50.018375396728516 179
1756663599442 55.00872039794922 180
1756663599495 45.81542205810547 181
1756663599552 52.28020095825195 182
1756663599604 55.8104248046875 183
1756663599656 52.795936584472656 184
1756663599707 49.78242492675781 185
1756663599759 50.67091369628906 186
1756663599811 57.97606658935547 187
1756663599863 55.4860954284668 188
1756663599915 57.71009063720703 189
1756663599967 57.823341369628906 190
1756663600018 50.46284866333008 191
1756663600071 55.1500244140625 192
1756663600127 57.86023712158203 193
1756663600178 52.372947692871094 194
1756663600230 64.52177429199219 195
1756663600282 60.446197509765625 196
1756663600335 53.14372634887695 197
1756663600388 52.24236297607422 198
1756663600439 56.47954559326172 199
1756663600491 52.194725036621094 200
1756663600544 57.68096923828125 201
1756663600596 48.55411911010742 202
1756663600648 49.299835205078125 203
1756663600700 52.72801971435547 204
1756663600752 51.394805908203125 205
1756663600804 49.14189529418945 206
1756663600857 54.96306228637695 207
1756663600909 57.7069206237793 208
1756663600961 64.34449768066406 209
1756663601013 54.99470901489258 210
1756663601065 56.252174377441406 211
1756663601117 47.59328842163086 212
1756663601169 45.35115051269531 213
1756663601221 57.11713790893555 214
1756663601273 54.814903259277344 215
1756663601326 50.78809356689453 216
1756663601378 50.74021530151367 217
1756663601431 57.903465270996094 218
1756663601485 55.0980224609375 219
1756663601537 52.32782745361328 220
1756663601589 55.56538009643555 221
1756663601640 54.524566650390625 222
1756663601692 54.57985305786133 223
1756663601744 53.166481018066406 224
1756663601796 55.041358947753906 225
1756663601849 61.935096740722656 226
1756663601900 62.567779541015625 227
1756663601952 53.54258346557617 228
1756663602004 49.22321701049805 229
1756663602056 57.932945251464844 230
1756663602112 53.702903747558594 231
1756663602165 47.08516311645508 232
1756663602218 60.031776428222656 233
1756663602270 52.0141487121582 234
1756663602323 51.95362091064453 235
1756663602375 59.258758544921875 236
1756663602427 55.744117736816406 237
1756663602483 56.574562072753906 238
1756663602535 51.45838165283203 239
1756663602591 56.59040069580078 240
1756663602647 53.25519561767578 241
1756663602702 57.2149658203125 242
1756663602756 58.8812141418457 243
1756663602813 56.828269958496094 244
1756663602865 54.746009826660156 245
1756663602919 49.16694641113281 246
1756663602975 51.53643035888672 247
1756663603026 63.35070037841797 248
1756663603081 58.752105712890625 249
1756663603134 57.443603515625 250
1756663603187 60.30036544799805 251
1756663603239 49.541160583496094 252
1756663603292 52.349639892578125 253
1756663603344 54.13898468017578 254
1756663603396 51.48500442504883 255
1756663603448 54.98064041137695 256
1756663603500 56.08771896362305 257
1756663603551 51.22220993041992 258
1756663603603 60.90790939331055 259
1756663603656 58.896507263183594 260
1756663603709 49.981529235839844 261
1756663603760 49.942134857177734 262
1756663603812 55.20058059692383 263
1756663603865 56.757606506347656 264
1756663603917 62.79444122314453 265
1756663603968 50.69425582885742 266
1756663604021 57.6513671875 267
1756663604073 51.402732849121094 268
1756663604126 60.434814453125 269
1756663604177 55.655479431152344 270
1756663604229 53.174522399902344 271
1756663604282 49.69731903076172 272
1756663604334 52.449424743652344 273
1756663604386 52.02668380737305 274
1756663604438 46.7371711730957 275
1756663604491 51.74379348754883 276
1756663604545 51.52077102661133 277
1756663604598 50.2130012512207 278
1756663604649 57.4409294128418 279
1756663604701 50.85825729370117 280
1756663604754 46.04884719848633 281
1756663604808 52.12622833251953 282
1756663604862 55.5794792175293 283
1756663604919 55.202537536621094 284
1756663604976 54.414642333984375 285
1756663605033 55.08695602416992 286
1756663605086 52.825050354003906 287
1756663605138 58.352638244628906 288
1756663605190 56.42809295654297 289
1756663605242 58.135581970214844 290
1756663605294 56.64372634887695 291
1756663605349 62.34429931640625 292
1756663605401 55.203887939453125 293
1756663605454 60.87237548828125 294
1756663605508 60.73963165283203 295
1756663605561 50.261192321777344 296
1756663605613 62.9489860534668 297
1756663605666 52.052513122558594 298
1756663605718 49.22877883911133 299
1756663613877 97.8876953125 0
1756663613933 91.29396057128906 1
1756663613988 88.06755828857422 2
1756663614044 83.37931823730469 3
1756663614100 73.52804565429688 4
1756663614152 69.88152313232422 5
1756663614204 63.12785720825195 6
1756663614261 68.6358413696289 7
1756663614313 60.00629806518555 8
1756663614366 67.44497680664062 9
1756663614418 64.48853302001953 10
1756663614471 62.24979019165039 11
1756663614523 62.917449951171875 12
1756663614576 60.571876525878906 13
1756663614628 66.77143096923828 14
1756663614683 63.060150146484375 15
1756663614736 67.08256530761719 16
1756663614794 56.32101058959961 17
1756663614846 56.12410354614258 18
1756663614899 63.283573150634766 19
1756663614951 50.74378204345703 20
1756663615004 70.98583221435547 21
1756663615063 56.679569244384766 22
1756663615115 52.85649490356445 23
1756663615167 65.06982421875 24
1756663615220 58.293434143066406 25
1756663615273 59.9329948425293 26
1756663615325 61.4286994934082 27
1756663615380 48.40902328491211 28
1756663615433 49.55768966674805 29
1756663615486 58.98222351074219 30
1756663615538 57.407752990722656 31
1756663615591 60.079490661621094 32
1756663615644 55.32149887084961 33
1756663615698 57.071746826171875 34
1756663615752 61.67417526245117 35
1756663615807 62.13998794555664 36
1756663615862 58.600555419921875 37
1756663615917 56.123207092285156 38
1756663615972 50.149192810058594 39
1756663616025 55.6098518371582 40
1756663616077 49.424869537353516 41
1756663616129 47.16332244873047 42
1756663616182 51.61500549316406 43
1756663616234 54.21208572387695 44
1756663616291 52.60768127441406 45
1756663616343 55.6996955871582 46
1756663616396 53.4750862121582 47
1756663616449 53.82888412475586 48
1756663616502 56.57575607299805 49
1756663616556 49.533817291259766 50
1756663616609 52.199317932128906 51
1756663616661 59.06352615356445 52
1756663616713 52.802154541015625 53
1756663616766 58.8385009765625 54
1756663616819 54.779354095458984 55
1756663616877 52.490474700927734 56
1756663616933 51.843650817871094 57
1756663616985 53.72908401489258 58
1756663617038 58.57746887207031 59
1756663617091 54.455955505371094 60
1756663617143 51.26782989501953 61
1756663617196 60.68547439575195 62
1756663617248 52.08949661254883 63
1756663617301 63.17264175415039 64
1756663617355 54.20130157470703 65
1756663617416 57.07710647583008 66
1756663617471 55.320838928222656 67
1756663617523 52.17097854614258 68
1756663617575 55.866329193115234 69
1756663617627 54.96442413330078 70
1756663617679 59.876976013183594 71
1756663617731 54.286441802978516 72
1756663617783 55.43159103393555 73
1756663617835 47.35421371459961 74
1756663617889 56.84446716308594 75
1756663617941 58.18414306640625 76
1756663617994 49.08653259277344 77
1756663618047 56.22035598754883 78
1756663618100 56.92118835449219 79
1756663618154 56.87221908569336 80
1756663618212 62.237483978271484 81
1756663618267 52.879634857177734 82
1756663618322 53.58313751220703 83
1756663618377 60.678104400634766 84
1756663618434 57.997188568115234 85
1756663618490 53.01982879638672 86
1756663618544 58.14467239379883 87
1756663618599 51.527320861816406 88
1756663618657 59.98080062866211 89
1756663618711 58.90415954589844 90
1756663618766 42.48931121826172 91
1756663618820 49.81080627441406 92
1756663618875 61.16184997558594 93
1756663618929 60.47414016723633 94
1756663618984 50.604759216308594 95
1756663619039 55.22692108154297 96
1756663619093 51.524925231933594 97
1756663619148 58.61179733276367 98
1756663619203 61.12772750854492 99
1756663619258 54.25806427001953 100
1756663619313 58.71367645263672 101
1756663619368 60.54810333251953 102
1756663619423 44.57356262207031 103
1756663619478 69.42977905273438 104
1756663619533 53.77180480957031 105
1756663619588 52.70991897583008 106
1756663619642 51.99114990234375 107
1756663619697 55.84089279174805 108
1756663619752 46.38223648071289 109
1756663619807 57.54325485229492 110
1756663619863 51.60682678222656 111
1756663619917 50.317874908447266 112
1756663619972 56.13304138183594 113
1756663620026 47.44431686401367 114
1756663620081 58.07022476196289 115
1756663620136 53.96419906616211 116
1756663620190 46.34214401245117 117
1756663620245 48.319313049316406 118
1756663620302 60.766273498535156 119
1756663620359 50.58291244506836 120
1756663620415 55.88817596435547 121
1756663620471 54.47754669189453 122
1756663620526 50.18020248413086 123
1756663620583 59.57063293457031 124
1756663620640 50.05400085449219 125
1756663620695 58.056095123291016 126
1756663620751 57.34606170654297 127
1756663620807 49.17176055908203 128
1756663620870 51.457496643066406 129
1756663620927 52.274383544921875 130
1756663620984 52.817813873291016 131
1756663621038 63.886966705322266 132
1756663621093 64.3178939819336 133
1756663621150 47.447608947753906 134
1756663621206 56.83921813964844 135
1756663621261 57.393306732177734 136
1756663621316 54.67467498779297 137
1756663621375 46.32040023803711 138
1756663621430 53.555267333984375 139
1756663621485 50.71643829345703 140
1756663621541 55.07428741455078 141
1756663621596 53.11768341064453 142
1756663621652 54.044921875 143
1756663621707 54.080078125 144
1756663621762 51.75029754638672 145
1756663621822 61.951839447021484 146
1756663621877 54.43976974487305 147
1756663621932 55.79553985595703 148
1756663621987 48.447174072265625 149
1756663622042 50.29228973388672 150
1756663622098 53.30350112915039 151
1756663622153 54.04484939575195 152
1756663622208 57.88050842285156 153
1756663622263 52.66731262207031 154
1756663622318 55.954986572265625 155
1756663622374 57.71597671508789 156
1756663622430 54.842735290527344 157
1756663622485 57.13274383544922 158
1756663622547 61.61555480957031 159
1756663622610 45.2216796875 160
1756663622665 45.41643142700195 161
1756663622721 58.9135627746582 162
1756663622785 57.050472259521484 163
1756663622840 56.36738967895508 164
1756663622901 52.64811706542969 165
1756663622957 53.355445861816406 166
1756663623014 63.16145324707031 167
1756663623070 51.198307037353516 168
1756663623126 51.588531494140625 169
1756663623182 50.502540588378906 170
1756663623238 52.00600051879883 171
1756663623294 55.40829086303711 172
1756663623351 58.85404586791992 173
1756663623408 53.333984375 174
1756663623464 57.402950286865234 175
1756663623521 52.41162872314453 176
1756663623577 56.61417007446289 177
1756663623633 54.619380950927734 178
1756663623690 55.30998611450195 179
1756663623746 53.55308151245117 180
1756663623802 59.38322830200195 181
1756663623859 50.84006118774414 182
1756663623915 57.034725189208984 183
1756663623971 53.136619567871094 184
1756663624027 53.44203186035156 185
1756663624083 57.283023834228516 186
1756663624139 59.30817794799805 187
1756663624196 52.55607986450195 188
1756663624252 55.33376693725586 189
1756663624308 54.00238037109375 190
1756663624365 53.65674591064453 191
1756663624430 57.17887878417969 192
1756663624491 55.49484634399414 193
1756663624547 54.30004119873047 194
1756663624603 57.607242584228516 195
1756663624661 66.9796142578125 196
1756663624717 57.98324966430664 197
1756663624774 63.294979095458984 198
1756663624838 48.33882141113281 199
1756663624903 59.514949798583984 200
1756663624968 56.40287399291992 201
1756663625033 53.5992317199707 202
1756663625097 52.3184814453125 203
1756663625161 50.11690902709961 204
1756663625224 57.5379638671875 205
1756663625286 57.72688293457031 206
1756663625347 56.9439697265625 207
1756663625409 52.47885513305664 208
1756663625469 56.30353927612305 209
1756663625524 55.850337982177734 210
1756663625580 50.207279205322266 211
1756663625637 58.053672790527344 212
1756663625693 62.41704177856445 213
1756663625747 52.90454864501953 214
1756663625803 62.26683044433594 215
1756663625858 57.31814193725586 216
1756663625914 61.55208969116211 217
1756663625970 53.119319915771484 218
1756663626026 51.67538070678711 219
1756663626086 53.41148376464844 220
1756663626142 52.38286209106445 221
1756663626199 53.25698471069336 222
1756663626255 57.953800201416016 223
1756663626311 57.794403076171875 224
1756663626369 61.508277893066406 225
1756663626425 59.17660903930664 226
1756663626480 56.29722213745117 227
1756663626536 53.1762809753418 228
1756663626591 49.88797378540039 229
1756663626651 54.6910285949707 230
1756663626708 54.10490798950195 231
1756663626765 50.788516998291016 232
1756663626823 52.25952911376953 233
1756663626879 59.07524490356445 234
1756663626936 57.806060791015625 235
1756663626992 61.17397689819336 236
1756663627049 48.094661712646484 237
1756663627109 51.704872131347656 238
1756663627170 51.77528381347656 239
1756663627230 50.84041213989258 240
1756663627290 47.94804000854492 241
1756663627349 56.83793258666992 242
1756663627404 52.9736442565918 243
1756663627460 63.31005859375 244
1756663627516 54.437957763671875 245
1756663627572 53.766700744628906 246
1756663627628 49.78217697143555 247
1756663627688 48.0393180847168 248
1756663627747 54.780853271484375 249
1756663627800 46.52077865600586 250
1756663627854 48.25901794433594 251
1756663627909 51.13245391845703 252
1756663627963 55.85030746459961 253
1756663628019 55.74919509887695 254
1756663628081 49.0478630065918 255
1756663628135 55.56681442260742 256
1756663628188 57.325355529785156 257
1756663628242 53.720123291015625 258
1756663628296 54.499393463134766 259
1756663628350 52.06078338623047 260
1756663628404 54.91877365112305 261
1756663628459 54.42256164550781 262
1756663628513 48.347415924072266 263
1756663628567 49.995521545410156 264
1756663628622 51.3601188659668 265
1756663628676 61.04072952270508 266
1756663628731 60.559181213378906 267
1756663628785 48.620765686035156 268
1756663628840 63.198917388916016 269
1756663628894 53.20659255981445 270
1756663628948 54.91724395751953 271
1756663629002 51.32441711425781 272
1756663629056 51.289154052734375 273
1756663629110 55.433128356933594 274
1756663629164 54.38132858276367 275
1756663629219 57.791831970214844 276
1756663629273 52.75761413574219 277
1756663629328 52.398399353027344 278
1756663629383 48.981510162353516 279
1756663629437 55.1552734375 280
1756663629492 56.84733581542969 281
1756663629547 57.708404541015625 282
1756663629602 53.837913513183594 283
1756663629657 53.08376693725586 284
1756663629711 47.65668869018555 285
1756663629765 58.15397644042969 286
1756663629820 53.84512710571289 287
1756663629875 53.3418083190918 288
1756663629929 49.87076187133789 289
1756663629983 57.15376663208008 290
1756663630038 58.347679138183594 291
1756663630093 58.68791580200195 292
1756663630147 61.676780700683594 293
1756663630202 58.607154846191406 294
1756663630256 50.1025276184082 295
1756663630310 50.55338668823242 296
1756663630367 58.20779800415039 297
1756663630422 56.94118881225586 298
1756663630477 49.8861083984375 299
1756663638626 97.14138793945312 0
1756663638683 85.37761688232422 1
1756663638737 73.63741302490234 2
1756663638798 63.38030242919922 3
1756663638853 59.23488235473633 4
1756663638908 55.37944412231445 5
1756663638963 59.04085159301758 6
1756663639016 61.19922637939453 7
1756663639069 63.2992057800293 8
1756663639123 57.323974609375 9
1756663639175 48.36825942993164 10
1756663639228 50.73163986206055 11
1756663639281 51.72101974487305 12
1756663639334 47.13253402709961 13
1756663639388 60.45085525512695 14
1756663639441 58.109230041503906 15
1756663639494 50.35640335083008 16
1756663639548 52.28632354736328 17
1756663639602 58.554595947265625 18
1756663639655 53.36165237426758 19
1756663639708 56.05396270751953 20
1756663639762 50.27936553955078 21
1756663639815 52.12992477416992 22
1756663639869 52.9666748046875 23
1756663639923 50.734554290771484 24
1756663639976 54.58209991455078 25
1756663640029 53.396202087402344 26
1756663640082 43.52982711791992 27
1756663640137 51.09010696411133 28
1756663640190 54.02799606323242 29
1756663640243 49.63958740234375 30
1756663640296 52.4747428894043 31
1756663640348 48.10561752319336 32
1756663640402 53.55542755126953 33
1756663640460 50.89147186279297 34
1756663640514 51.700904846191406 35
1756663640567 55.41027069091797 36
1756663640622 51.410888671875 37
1756663640679 48.76649856567383 38
1756663640734 53.319480895996094 39
1756663640792 52.1243896484375 40
1756663640847 50.87158203125 41
1756663640901 53.28409957885742 42
1756663640955 49.7568359375 43
1756663641008 50.903141021728516 44
1756663641061 62.03407669067383 45
1756663641114 48.187355041503906 46
1756663641167 50.544559478759766 47
1756663641221 49.9100456237793 48
1756663641274 47.947486877441406 49
1756663641329 52.195335388183594 50
1756663641382 49.509300231933594 51
1756663641436 47.2069206237793 52
1756663641489 50.5654411315918 53
1756663641543 47.614830017089844 54
1756663641596 54.635284423828125 55
1756663641650 56.1517333984375 56
1756663641703 48.773311614990234 57
1756663641757 50.28907012939453 58
1756663641811 53.84679412841797 59
1756663641864 59.64666748046875 60
1756663641918 47.23643112182617 61
1756663641972 47.31757354736328 62
1756663642026 44.310203552246094 63
1756663642080 53.256752014160156 64
1756663642133 59.47859573364258 65
1756663642187 48.57571029663086 66
1756663642241 48.10490798950195 67
1756663642298 45.52509307861328 68
1756663642351 46.076622009277344 69
1756663642405 52.13268280029297 70
1756663642460 53.54193878173828 71
1756663642515 52.29741668701172 72
1756663642568 55.4267578125 73
1756663642621 52.5867805480957 74
1756663642679 49.11253356933594 75
1756663642732 47.821044921875 76
1756663642785 45.57831954956055 77
1756663642838 47.92912292480469 78
1756663642895 53.71942901611328 79
1756663642950 51.61155319213867 80
1756663643003 46.42386245727539 81
1756663643057 49.976444244384766 82
1756663643110 50.82917404174805 83
1756663643164 43.29064178466797 84
1756663643217 48.04536819458008 85
1756663643270 51.165016174316406 86
1756663643324 53.42974853515625 87
1756663643378 48.6865234375 88
1756663643431 51.4974365234375 89
1756663643485 59.0572509765625 90
1756663643538 48.87560272216797 91
1756663643592 44.88970184326172 92
1756663643645 47.53400421142578 93
1756663643701 41.258338928222656 94
1756663643759 47.015296936035156 95
1756663643818 45.85095977783203 96
1756663643874 52.898780822753906 97
1756663643927 47.50460433959961 98
1756663643982 49.781490325927734 99
1756663644036 47.26321029663086 100
1756663644090 52.17133712768555 101
1756663644144 52.669654846191406 102
1756663644198 54.4195556640625 103
1756663644252 48.29920196533203 104
1756663644305 44.01688003540039 105
1756663644360 47.55396270751953 106
1756663644414 54.59735107421875 107
1756663644468 47.60145950317383 108
1756663644522 49.523189544677734 109
1756663644575 41.70732879638672 110
1756663644629 50.24299240112305 111
1756663644684 49.815696716308594 112
1756663644738 47.750064849853516 113
1756663644793 51.48169708251953 114
1756663644847 47.288169860839844 115
1756663644902 49.6609992980957 116
1756663644956 52.184608459472656 117
1756663645010 53.39164352416992 118
1756663645064 56.192657470703125 119
1756663645118 49.36213302612305 120
1756663645171 52.01314163208008 121
1756663645225 42.3415641784668 122
1756663645279 48.846778869628906 123
1756663645334 41.71678924560547 124
1756663645388 46.54734420776367 125
1756663645442 50.956703186035156 126
1756663645497 52.38098907470703 127
1756663645551 49.04636001586914 128
1756663645605 43.30859375 129
1756663645659 42.88422393798828 130
1756663645713 56.82874298095703 131
1756663645766 46.39037322998047 132
1756663645820 39.517921447753906 133
1756663645874 53.64357376098633 134
1756663645929 49.199188232421875 135
1756663645983 49.37473678588867 136
1756663646037 57.942970275878906 137
1756663646091 46.330543518066406 138
1756663646145 42.45307159423828 139
1756663646199 47.13322448730469 140
1756663646253 52.084632873535156 141
1756663646307 43.57283401489258 142
1756663646361 49.58509063720703 143
1756663646422 47.33108901977539 144
1756663646476 44.5609130859375 145
1756663646530 44.05806350708008 146
1756663646590 52.07575607299805 147
1756663646650 56.2716064453125 148
1756663646709 43.07743835449219 149
1756663646766 43.59991455078125 150
1756663646826 52.063201904296875 151
1756663646886 47.262725830078125 152
1756663646945 50.65977096557617 153
1756663647000 52.392730712890625 154
1756663647054 47.353065490722656 155
1756663647110 55.629180908203125 156
1756663647164 51.5123405456543 157
1756663647218 49.45163345336914 158
1756663647273 53.675682067871094 159
1756663647328 52.178123474121094 160
1756663647383 48.543556213378906 161
1756663647437 54.0135383605957 162
1756663647491 40.7432746887207 163
1756663647546 52.71672439575195 164
1756663647600 49.96767044067383 165
1756663647654 54.5091667175293 166
1756663647708 49.51732635498047 167
1756663647762 50.848663330078125 168
1756663647817 45.00303268432617 169
1756663647872 44.938236236572266 170
1756663647926 43.622093200683594 171
1756663647980 55.1459846496582 172
1756663648035 49.47492218017578 173
1756663648089 43.78571701049805 174
1756663648144 44.895782470703125 175
1756663648198 57.02141189575195 176
1756663648254 48.193885803222656 177
1756663648309 45.147865295410156 178
1756663648363 53.10945510864258 179
1756663648418 49.35247039794922 180
1756663648477 52.884239196777344 181
1756663648532 48.82491683959961 182
1756663648586 49.68790817260742 183
1756663648641 49.16305923461914 184
1756663648695 55.98845672607422 185
1756663648750 53.0784797668457 186
1756663648805 44.97951889038086 187
1756663648860 43.57514572143555 188
1756663648915 45.44826126098633 189
1756663648969 46.128395080566406 190
1756663649024 49.36561965942383 191
1756663649080 47.7669677734375 192
1756663649140 58.36582565307617 193
1756663649203 48.189476013183594 194
1756663649263 47.35475540161133 195
1756663649324 53.4860725402832 196
1756663649385 45.63947677612305 197
1756663649444 52.46113204956055 198
1756663649504 52.146766662597656 199
1756663649564 54.290321350097656 200
1756663649619 50.04269027709961 201
1756663649675 47.743534088134766 202
1756663649729 44.64287567138672 203
1756663649784 44.295318603515625 204
1756663649838 43.571189880371094 205
1756663649893 53.243247985839844 206
1756663649947 54.961448669433594 207
1756663650001 48.69070053100586 208
1756663650056 41.3145637512207 209
1756663650111 44.37439727783203 210
1756663650165 49.97991943359375 211
1756663650220 43.19493865966797 212
1756663650274 46.56652069091797 213
1756663650330 51.45622634887695 214
1756663650384 44.1242561340332 215
1756663650441 51.4830436706543 216
1756663650494 43.027259826660156 217
1756663650548 43.427589416503906 218
1756663650602 46.2022705078125 219
1756663650656 49.63898849487305 220
1756663650710 48.33988952636719 221
1756663650764 46.43614959716797 222
1756663650819 45.499141693115234 223
1756663650873 46.0174560546875 224
1756663650927 41.461158752441406 225
1756663650983 45.37160873413086 226
1756663651043 53.705909729003906 227
1756663651099 43.125816345214844 228
1756663651154 54.474212646484375 229
1756663651210 43.71991729736328 230
1756663651265 44.61292266845703 231
1756663651321 57.94549560546875 232
1756663651377 52.772422790527344 233
1756663651433 46.92241668701172 234
1756663651489 55.01032257080078 235
1756663651546 49.3488883972168 236
1756663651602 52.77915573120117 237
1756663651658 45.70825958251953 238
1756663651714 46.284969329833984 239
1756663651770 40.1754150390625 240
1756663651827 47.74032211303711 241
1756663651883 35.342159271240234 242
1756663651940 44.240848541259766 243
1756663651997 45.02608108520508 244
1756663652053 44.093589782714844 245
1756663652108 50.041221618652344 246
1756663652166 47.646888732910156 247
1756663652219 48.5026741027832 248
1756663652274 45.557518005371094 249
1756663652329 51.90106201171875 250
1756663652386 42.167022705078125 251
1756663652445 46.111061096191406 252
1756663652499 46.452022552490234 253
1756663652553 55.973426818847656 254
1756663652608 44.9814453125 255
1756663652662 43.748600006103516 256
1756663652717 44.41146469116211 257
1756663652772 45.17190933227539 258
1756663652827 47.657649993896484 259
1756663652884 50.512420654296875 260
1756663652939 42.2488899230957 261
1756663652993 51.250144958496094 262
1756663653047 45.85805892944336 263
1756663653104 48.34807586669922 264
1756663653159 56.08917236328125 265
1756663653215 45.19175338745117 266
1756663653271 48.3089714050293 267
1756663653326 42.853797912597656 268
1756663653384 43.10400390625 269
1756663653440 53.42460250854492 270
1756663653495 48.41386032104492 271
1756663653550 45.7921142578125 272
1756663653606 47.88913345336914 273
1756663653661 49.2026481628418 274
1756663653716 54.9211311340332 275
1756663653771 44.22154998779297 276
1756663653828 56.158164978027344 277
1756663653884 51.072574615478516 278
1756663653941 55.22542190551758 279
1756663653996 43.41454315185547 280
1756663654051 41.40754318237305 281
1756663654106 54.88519287109375 282
1756663654161 47.94049072265625 283
1756663654216 41.75678253173828 284
1756663654283 50.460296630859375 285
1756663654645 50.04560089111328 286
1756663654701 44.483375549316406 287
1756663654758 42.96610641479492 288
1756663654814 50.32806396484375 289
1756663654869 43.390037536621094 290
1756663654926 46.887298583984375 291
1756663654982 47.98126983642578 292
1756663655038 45.224613189697266 293
1756663655094 50.3513298034668 294
1756663655149 50.20750045776367 295
1756663655205 51.920257568359375 296
1756663655262 52.88182830810547 297
1756663655318 45.98188781738281 298
1756663655373 47.483665466308594 299
1756663663535 97.4188232421875 0
1756663663599 85.99369812011719 1
1756663663661 77.78861999511719 2
1756663663721 69.47706604003906 3
1756663663779 61.549346923828125 4
1756663663842 52.723934173583984 5
1756663663904 58.81233215332031 6
1756663663965 62.79825973510742 7
1756663664027 56.467586517333984 8
1756663664089 56.92597961425781 9
1756663664150 56.6679801940918 10
1756663664214 52.34341049194336 11
1756663664275 52.71988296508789 12
1756663664333 54.665199279785156 13
1756663664392 48.94881057739258 14
1756663664456 51.994239807128906 15
1756663664519 53.71833419799805 16
1756663664581 49.005699157714844 17
1756663664643 49.06493377685547 18
1756663664704 41.78636932373047 19
1756663664763 52.876644134521484 20
1756663664825 41.63936233520508 21
1756663664888 55.07365798950195 22
1756663664951 53.98897933959961 23
1756663665019 49.86638259887695 24
1756663665077 52.04878616333008 25
1756663665142 53.25872802734375 26
1756663665205 48.60939407348633 27
1756663665267 50.65327072143555 28
1756663665328 48.54024887084961 29
1756663665389 45.28693771362305 30
1756663665453 50.57326126098633 31
1756663665517 46.98656463623047 32
1756663665582 46.49407196044922 33
1756663665643 40.11830139160156 34
1756663665703 42.844139099121094 35
1756663665764 47.192081451416016 36
1756663665830 48.41823959350586 37
1756663665895 40.67874526977539 38
1756663665959 45.540748596191406 39
1756663666021 46.64671325683594 40
1756663666080 45.84754943847656 41
1756663666142 48.57312774658203 42
1756663666207 43.18645477294922 43
1756663666267 41.69661331176758 44
1756663666326 45.73603439331055 45
1756663666385 42.515830993652344 46
1756663666448 39.806884765625 47
1756663666514 40.42355728149414 48
1756663666581 46.93492126464844 49
1756663666644 40.52448654174805 50
1756663666708 49.26471710205078 51
1756663666772 42.89170455932617 52
1756663666832 34.562686920166016 53
1756663666892 42.6270637512207 54
1756663666955 43.50818634033203 55
1756663667016 37.70477294921875 56
1756663667078 42.1613655090332 57
1756663667139 43.99311447143555 58
1756663667198 48.846839904785156 59
1756663667258 48.08872985839844 60
1756663667319 39.44092559814453 61
1756663667379 42.883304595947266 62
1756663667441 45.417808532714844 63
1756663667503 44.890445709228516 64
1756663667564 40.5080451965332 65
1756663667624 39.33677291870117 66
1756663667683 45.017303466796875 67
1756663667744 39.76303482055664 68
1756663667803 47.05775833129883 69
1756663667862 41.39212417602539 70
1756663667920 41.76966857910156 71
1756663667978 37.10147476196289 72
1756663668038 49.97314453125 73
1756663668096 40.386688232421875 74
1756663668156 45.18334197998047 75
1756663668215 40.420902252197266 76
1756663668274 43.21334457397461 77
1756663668337 48.31479263305664 78
1756663668397 44.44877243041992 79
1756663668455 38.87983703613281 80
1756663668516 43.15813446044922 81
1756663668577 36.75615692138672 82
1756663668640 43.97773361206055 83
1756663668700 44.770599365234375 84
1756663668759 34.97299575805664 85
1756663668819 40.47161865234375 86
1756663668878 45.23115158081055 87
1756663668941 40.61360168457031 88
1756663669006 42.04008865356445 89
1756663669069 47.77378845214844 90
1756663669131 42.45966339111328 91
1756663669192 43.2386360168457 92
1756663669253 32.72117233276367 93
1756663669310 44.5707893371582 94
1756663669372 39.29102325439453 95
1756663669433 38.53330993652344 96
1756663669496 41.20549774169922 97
1756663669556 43.80670928955078 98
1756663669621 43.92430877685547 99
1756663669683 43.237701416015625 100
1756663669749 42.63217544555664 101
1756663669810 33.00139236450195 102
1756663669869 49.112674713134766 103
1756663669926 48.76095962524414 104
1756663669988 36.99744415283203 105
1756663670049 42.95361328125 106
1756663670110 38.44003677368164 107
1756663670169 47.73965835571289 108
1756663670230 44.61513900756836 109
1756663670294 42.66437911987305 110
1756663670356 41.2029914855957 111
1756663670421 44.89944076538086 112
1756663670488 41.212703704833984 113
1756663670556 39.13694381713867 114
1756663670620 42.09054946899414 115
1756663670679 44.85268020629883 116
1756663670738 54.80846405029297 117
1756663670796 40.06868362426758 118
1756663670860 46.02091979980469 119
1756663670924 41.950923919677734 120
1756663670988 51.13446807861328 121
1756663671051 47.393638610839844 122
1756663671112 43.732295989990234 123
1756663671176 46.80070114135742 124
1756663671245 49.0792350769043 125
1756663671314 37.7579231262207 126
1756663671374 38.0380744934082 127
1756663671437 45.639076232910156 128
1756663671505 44.21999740600586 129
1756663671572 39.693790435791016 130
1756663671635 36.159088134765625 131
1756663671697 39.63660430908203 132
1756663671760 40.9312744140625 133
1756663671818 45.32400894165039 134
1756663671877 45.168888092041016 135
1756663671937 37.49866485595703 136
1756663671998 48.365177154541016 137
1756663672059 42.484352111816406 138
1756663672121 38.34743881225586 139
1756663672185 41.52876281738281 140
1756663672245 47.34977722167969 141
1756663672307 41.97634506225586 142
1756663672372 45.57079315185547 143
1756663672433 45.934940338134766 144
1756663672496 45.07755661010742 145
1756663672558 42.56187057495117 146
1756663672623 46.033363342285156 147
1756663672687 42.15293884277344 148
1756663672751 41.97238540649414 149
1756663672813 37.043914794921875 150
1756663672879 45.81208419799805 151
1756663672941 36.81907653808594 152
1756663673003 40.19151306152344 153
1756663673070 42.4661750793457 154
1756663673136 41.18170928955078 155
1756663673197 49.8145637512207 156
1756663673260 40.30003356933594 157
1756663673321 34.854026794433594 158
1756663673383 39.645511627197266 159
1756663673444 40.43269348144531 160
1756663673510 40.813228607177734 161
1756663673579 45.99625015258789 162
1756663673647 37.691837310791016 163
1756663673715 45.190696716308594 164
1756663673775 41.62470626831055 165
1756663673839 44.59394836425781 166
1756663673905 39.47870635986328 167
1756663673969 46.648460388183594 168
1756663674031 41.36084747314453 169
1756663674094 42.048851013183594 170
1756663674158 43.05929183959961 171
1756663674218 46.062294006347656 172
1756663674278 41.078163146972656 173
1756663674340 41.904396057128906 174
1756663674402 37.98158645629883 175
1756663674467 43.96225357055664 176
1756663674529 45.886756896972656 177
1756663674590 39.42007827758789 178
1756663674652 41.22536087036133 179
1756663674719 38.20147705078125 180
1756663674787 48.00645446777344 181
1756663674849 41.29108810424805 182
1756663674913 43.17039108276367 183
1756663674978 40.80912399291992 184
1756663675039 50.41829299926758 185
1756663675102 48.809410095214844 186
1756663675169 44.176307678222656 187
1756663675236 47.4890251159668 188
1756663675297 39.33454513549805 189
1756663675363 51.87403106689453 190
1756663675426 41.81229782104492 191
1756663675487 42.73021697998047 192
1756663675553 46.56330871582031 193
1756663675618 41.88946533203125 194
1756663675681 45.4446907043457 195
1756663675744 48.837921142578125 196
1756663675803 52.144588470458984 197
1756663675863 41.19569778442383 198
1756663675924 39.84595489501953 199
1756663675986 47.099388122558594 200
1756663676046 34.57807540893555 201
1756663676107 41.22357177734375 202
1756663676169 38.4476318359375 203
1756663676228 35.3720703125 204
1756663676290 39.896907806396484 205
1756663676350 45.84270477294922 206
1756663676411 42.05045700073242 207
1756663676469 44.00267791748047 208
1756663676528 47.34074401855469 209
1756663676589 41.67595672607422 210
1756663676650 45.6700325012207 211
1756663676719 41.49799728393555 212
1756663676787 39.04654312133789 213
1756663676854 36.23820495605469 214
1756663676919 45.74778366088867 215
1756663676976 40.062740325927734 216
1756663677037 45.721378326416016 217
1756663677099 40.46800994873047 218
1756663677162 43.32492446899414 219
1756663677224 39.10200500488281 220
1756663677289 38.933738708496094 221
1756663677354 45.846580505371094 222
1756663677419 45.2031135559082 223
1756663677485 36.26182174682617 224
1756663677546 44.33577346801758 225
1756663677611 38.53705978393555 226
1756663677669 38.727970123291016 227
1756663677732 45.08087921142578 228
1756663677794 40.94947052001953 229
1756663677857 46.771297454833984 230
1756663677921 42.03894805908203 231
1756663677984 37.885223388671875 232
1756663678048 40.54867172241211 233
1756663678115 43.19229507446289 234
1756663678177 41.24700927734375 235
1756663678237 48.9150276184082 236
1756663678297 40.87221145629883 237
1756663678355 46.97460174560547 238
1756663678415 42.9777946472168 239
1756663678478 41.821998596191406 240
1756663678538 43.388038635253906 241
1756663678599 41.12520980834961 242
1756663678663 41.528038024902344 243
1756663678721 40.51301193237305 244
1756663678784 43.363807678222656 245
1756663678847 47.53524398803711 246
1756663678908 46.866432189941406 247
1756663678971 40.09270477294922 248
1756663679034 42.993194580078125 249
1756663679096 44.5809211730957 250
1756663679159 44.47141647338867 251
1756663679219 41.88513946533203 252
1756663679280 49.851009368896484 253
1756663679341 43.38544464111328 254
1756663679403 40.285865783691406 255
1756663679467 41.93577575683594 256
1756663679531 35.39828109741211 257
1756663679593 47.814964294433594 258
1756663679657 50.908058166503906 259
1756663679721 43.44779586791992 260
1756663679783 48.02619934082031 261
1756663679846 43.52344512939453 262
1756663679909 36.66599655151367 263
1756663679974 36.0335693359375 264
1756663680036 40.19210433959961 265
1756663680106 45.69807052612305 266
1756663680170 41.790245056152344 267
1756663680232 47.71474075317383 268
1756663680295 40.2069091796875 269
1756663680358 37.74898910522461 270
1756663680415 39.67057800292969 271
1756663680474 34.50557327270508 272
1756663680536 47.61296081542969 273
1756663680595 34.58454513549805 274
1756663680658 43.55637741088867 275
1756663680722 43.956729888916016 276
1756663680787 46.587425231933594 277
1756663680851 44.37879943847656 278
1756663680917 42.606849670410156 279
1756663680979 43.50387954711914 280
1756663681043 37.08003616333008 281
1756663681105 48.44155502319336 282
1756663681167 41.848228454589844 283
1756663681231 40.73883819580078 284
1756663681293 34.03208923339844 285
1756663681355 42.24761962890625 286
1756663681417 37.67325973510742 287
1756663681483 45.302513122558594 288
1756663681546 49.7498893737793 289
1756663681610 41.430171966552734 290
1756663681675 39.282737731933594 291
1756663681739 46.4859619140625 292
1756663681807 51.01972961425781 293
1756663681875 38.3968505859375 294
1756663681939 39.61612319946289 295
1756663682004 52.9249267578125 296
1756663682065 48.01649475097656 297
1756663682122 47.559818267822266 298
1756663682185 41.12016296386719 299
1756663690359 98.08406066894531 0
1756663690423 88.29450225830078 1
1756663690484 78.07152557373047 2
1756663690544 67.15127563476562 3
1756663690603 55.315673828125 4
1756663690663 56.1814079284668 5
1756663690723 58.973304748535156 6
1756663690782 60.40150833129883 7
1756663690841 58.02329635620117 8
1756663690899 54.0870475769043 9
1756663690959 59.49871826171875 10
1756663691016 52.66566848754883 11
1756663691073 50.41249465942383 12
1756663691133 51.7081413269043 13
1756663691190 53.240684509277344 14
1756663691249 57.256378173828125 15
1756663691307 55.872314453125 16
1756663691365 50.22990798950195 17
1756663691426 53.320716857910156 18
1756663691486 47.96632766723633 19
1756663691544 47.905921936035156 20
1756663691602 46.08575439453125 21
1756663691663 49.46260070800781 22
1756663691724 53.93449783325195 23
1756663691785 49.41912078857422 24
1756663691849 49.609535217285156 25
1756663691910 49.60325241088867 26
1756663691971 48.5373649597168 27
1756663692035 52.30901336669922 28
1756663692097 45.84421920776367 29
1756663692159 47.40282440185547 30
1756663692225 46.289852142333984 31
1756663692283 46.69329071044922 32
1756663692345 50.41498565673828 33
1756663692407 48.27754592895508 34
1756663692470 54.77647018432617 35
1756663692533 56.950767517089844 36
1756663692594 46.45069122314453 37
1756663692656 49.41239929199219 38
1756663692714 49.27714920043945 39
1756663692777 47.595848083496094 40
1756663692843 52.660743713378906 41
1756663692905 47.50712966918945 42
1756663692968 47.42701721191406 43
1756663693032 45.95713424682617 44
1756663693094 51.88982009887695 45
1756663693157 43.95764923095703 46
1756663693220 44.20954132080078 47
1756663693281 42.17005157470703 48
1756663693340 48.017189025878906 49
1756663693400 46.68225860595703 50
1756663693461 39.52906799316406 51
1756663693523 50.7824821472168 52
1756663693582 42.59059143066406 53
1756663693643 54.08045196533203 54
1756663693703 48.311256408691406 55
1756663693761 49.34370803833008 56
1756663693826 44.68762969970703 57
1756663693889 53.321678161621094 58
1756663693954 57.581390380859375 59
1756663694014 55.6192741394043 60
1756663694074 39.177528381347656 61
1756663694139 45.796321868896484 62
1756663694198 43.79493713378906 63
1756663694261 50.29818344116211 64
1756663694324 50.88216781616211 65
1756663694383 43.31316375732422 66
1756663694445 54.876678466796875 67
1756663694507 41.30167007446289 68
1756663694570 49.6016845703125 69
1756663694633 46.00144958496094 70
1756663694695 50.770992279052734 71
1756663694756 47.06437301635742 72
1756663694821 42.122398376464844 73
1756663694884 51.213768005371094 74
1756663694947 50.18445587158203 75
1756663695012 53.921844482421875 76
1756663695075 48.274227142333984 77
1756663695136 48.02634811401367 78
1756663695200 44.69881057739258 79
1756663695259 41.00862121582031 80
1756663695326 49.18730163574219 81
1756663695391 52.383148193359375 82
1756663695455 44.60527420043945 83
1756663695518 47.43267059326172 84
1756663695576 47.99253463745117 85
1756663695639 44.58396911621094 86
1756663695697 46.231590270996094 87
1756663695758 46.22614288330078 88
1756663695821 44.88719940185547 89
1756663695881 54.71472930908203 90
1756663695947 46.5597038269043 91
1756663696010 41.09900665283203 92
1756663696072 43.81787109375 93
1756663696138 44.98259353637695 94
1756663696204 54.96616744995117 95
1756663696265 44.75029754638672 96
1756663696329 43.407657623291016 97
1756663696391 46.861328125 98
1756663696455 45.40097427368164 99
1756663696516 48.507537841796875 100
1756663696577 50.6149787902832 101
1756663696641 42.485862731933594 102
1756663696704 43.11016082763672 103
1756663696770 43.88817596435547 104
1756663696834 51.14289093017578 105
1756663696900 41.237308502197266 106
1756663696967 54.3115234375 107
1756663697031 50.94468307495117 108
1756663697096 47.474769592285156 109
1756663697160 41.783058166503906 110
1756663697224 45.448448181152344 111
1756663697288 48.35228729248047 112
1756663697350 44.31364059448242 113
1756663697409 47.78790283203125 114
1756663697472 42.69997024536133 115
1756663697531 48.16697311401367 116
1756663697593 50.91889953613281 117
1756663697656 56.84575653076172 118
1756663697716 42.50685501098633 119
1756663697780 46.63067626953125 120
1756663697840 47.235530853271484 121
1756663697904 53.94513702392578 122
1756663697971 43.691524505615234 123
1756663698033 42.770484924316406 124
1756663698093 47.293434143066406 125
1756663698157 46.59034729003906 126
1756663698224 42.42060089111328 127
1756663698291 44.869911193847656 128
1756663698358 38.91327667236328 129
1756663698425 36.481101989746094 130
1756663698493 46.65536117553711 131
1756663698559 45.533241271972656 132
1756663698628 46.03595733642578 133
1756663698691 49.828285217285156 134
1756663698753 43.063072204589844 135
1756663698815 43.97566223144531 136
1756663698881 46.32832336425781 137
1756663698942 54.02503204345703 138
1756663699004 44.23221206665039 139
1756663699068 47.94830322265625 140
1756663699131 44.70383834838867 141
1756663699193 54.5217170715332 142
1756663699256 51.529136657714844 143
1756663699317 46.041404724121094 144
1756663699379 47.285438537597656 145
1756663699438 38.560325622558594 146
1756663699500 43.94550323486328 147
1756663699565 42.295623779296875 148
1756663699628 45.757896423339844 149
1756663699694 47.262046813964844 150
1756663699761 47.26115798950195 151
1756663699823 44.801551818847656 152
1756663699887 47.767822265625 153
1756663699954 40.17738723754883 154
1756663700016 44.612430572509766 155
1756663700074 45.682769775390625 156
1756663700135 53.05204391479492 157
1756663700198 49.97520446777344 158
1756663700259 43.35901641845703 159
1756663700321 54.14459991455078 160
1756663700382 51.88774490356445 161
1756663700445 41.129486083984375 162
1756663700506 47.51494216918945 163
1756663700569 48.50543212890625 164
1756663700632 44.368587493896484 165
1756663700699 41.63331604003906 166
1756663700767 40.504783630371094 167
1756663700833 46.14794158935547 168
1756663700894 47.61071014404297 169
1756663700954 44.85703659057617 170
1756663701019 54.789161682128906 171
1756663701079 46.3770751953125 172
1756663701142 43.067413330078125 173
1756663701208 39.799015045166016 174
1756663701271 46.40365219116211 175
1756663701336 41.68488311767578 176
1756663701402 40.09748077392578 177
1756663701472 46.11942672729492 178
1756663701539 45.719444274902344 179
1756663701605 45.94780731201172 180
1756663701669 48.96052932739258 181
1756663701731 58.41694259643555 182
1756663701792 46.38782501220703 183
1756663701856 41.7882080078125 184
1756663701920 42.79657745361328 185
1756663701988 43.78850173950195 186
1756663702047 46.72872543334961 187
1756663702106 45.039329528808594 188
1756663702164 46.06336212158203 189
1756663702222 42.533966064453125 190
1756663702281 48.79641342163086 191
1756663702345 37.215633392333984 192
1756663702407 51.641998291015625 193
1756663702467 43.52418899536133 194
1756663702528 41.422733306884766 195
1756663702590 50.25341796875 196
1756663702651 47.6213264465332 197
1756663702713 41.24943923950195 198
1756663702775 39.844749450683594 199
1756663702836 47.55731964111328 200
1756663702897 47.2724494934082 201
1756663702958 50.07179641723633 202
1756663703022 42.8773307800293 203
1756663703087 50.41494369506836 204
1756663703150 44.69358825683594 205
1756663703213 41.35599136352539 206
1756663703281 49.17625427246094 207
1756663703351 44.9372673034668 208
1756663703419 46.77938461303711 209
1756663703486 49.610198974609375 210
1756663703550 52.83082962036133 211
1756663703614 47.80551528930664 212
1756663703677 42.979034423828125 213
1756663703742 57.263755798339844 214
1756663703809 40.85130310058594 215
1756663703871 41.333316802978516 216
1756663703934 49.77796173095703 217
1756663703994 48.742095947265625 218
1756663704054 59.62425994873047 219
1756663704120 42.84192657470703 220
1756663704188 45.47843933105469 221
1756663704256 46.360595703125 222
1756663704319 43.354270935058594 223
1756663704381 46.88941192626953 224
1756663704449 43.873233795166016 225
1756663704514 49.48905944824219 226
1756663704574 53.44329071044922 227
1756663704635 42.54743194580078 228
1756663704697 46.19196319580078 229
1756663704756 43.637123107910156 230
1756663704815 50.230838775634766 231
1756663704877 44.84801483154297 232
1756663704938 47.62203598022461 233
1756663704999 48.59404754638672 234
1756663705058 50.656429290771484 235
1756663705117 54.4148063659668 236
1756663705182 42.22422409057617 237
1756663705244 38.93170928955078 238
1756663705306 50.14975357055664 239
1756663705366 48.831275939941406 240
1756663705430 52.11516571044922 241
1756663705490 50.32075500488281 242
1756663705553 44.68014144897461 243
1756663705617 51.53740692138672 244
1756663705683 52.9058723449707 245
1756663705746 49.62812423706055 246
1756663705810 51.94807815551758 247
1756663705874 38.21189498901367 248
1756663705936 47.72052764892578 249
1756663705997 43.010623931884766 250
1756663706061 46.126129150390625 251
1756663706126 47.710243225097656 252
1756663706188 36.34827423095703 253
1756663706248 47.83502197265625 254
1756663706313 49.1138801574707 255
1756663706377 41.90848922729492 256
1756663706437 43.46923065185547 257
1756663706497 47.93274688720703 258
1756663706561 46.21247482299805 259
1756663706627 42.75838088989258 260
1756663706687 50.63152313232422 261
1756663706747 42.221458435058594 262
1756663706808 53.874473571777344 263
1756663706869 47.68916702270508 264
1756663706935 48.254798889160156 265
1756663707003 46.5386848449707 266
1756663707071 43.8181037902832 267
1756663707138 47.46722412109375 268
1756663707206 43.04967498779297 269
1756663707269 47.20868682861328 270
1756663707333 46.23432922363281 271
1756663707398 53.19211959838867 272
1756663707458 51.53766632080078 273
1756663707523 54.737548828125 274
1756663707583 38.63279342651367 275
1756663707644 51.189857482910156 276
1756663707708 42.077293395996094 277
1756663707770 51.09763717651367 278
1756663707836 49.538848876953125 279
1756663707899 45.295040130615234 280
1756663707962 47.272422790527344 281
1756663708022 47.52309036254883 282
1756663708090 41.75519561767578 283
1756663708151 54.83855438232422 284
1756663708212 47.40631866455078 285
1756663708274 43.711936950683594 286
1756663708334 52.17140579223633 287
1756663708398 44.82432556152344 288
1756663708462 47.047691345214844 289
1756663708526 43.158241271972656 290
1756663708590 41.755958557128906 291
1756663708653 38.28120422363281 292
1756663708716 42.99106979370117 293
1756663708781 37.65144729614258 294
1756663708842 50.83430862426758 295
1756663708900 43.94235610961914 296
1756663708962 45.23846435546875 297
1756663709025 36.871856689453125 298
1756663709087 47.363990783691406 299
1756663717282 97.97332000732422 0
1756663717374 87.00564575195312 1
1756663717468 73.67107391357422 2
1756663717562 61.70586395263672 3
1756663717655 67.06375122070312 4
1756663717748 71.56205749511719 5
1756663717840 67.17869567871094 6
1756663717932 58.21442413330078 7
1756663718029 67.07300567626953 8
1756663718123 57.3150520324707 9
1756663718216 58.50634002685547 10
1756663718308 55.086368560791016 11
1756663718402 63.514183044433594 12
1756663718495 54.22028350830078 13
1756663718587 53.136619567871094 14
1756663718681 60.18107223510742 15
1756663718776 53.35218048095703 16
1756663718868 68.21051788330078 17
1756663718963 58.11341857910156 18
1756663719056 64.46990966796875 19
1756663719150 64.03013610839844 20
1756663719242 57.241878509521484 21
1756663719337 61.766868591308594 22
1756663719430 52.52141189575195 23
1756663719524 57.5672721862793 24
1756663719617 57.020904541015625 25
1756663719710 60.10496139526367 26
1756663719803 57.70522689819336 27
1756663719895 62.15582275390625 28
1756663719992 51.35145568847656 29
1756663720085 53.411380767822266 30
1756663720179 55.309261322021484 31
1756663720272 60.636173248291016 32
1756663720369 52.195621490478516 33
1756663720464 55.34688186645508 34
1756663720557 58.95768737792969 35
1756663720651 54.142330169677734 36
1756663720744 50.43869400024414 37
1756663720837 52.87773132324219 38
1756663720932 57.63721466064453 39
1756663721026 48.38315963745117 40
1756663721118 55.35212326049805 41
1756663721212 60.82650375366211 42
1756663721310 55.8641357421875 43
1756663721404 50.98109817504883 44
1756663721497 59.573753356933594 45
1756663721591 57.70545959472656 46
1756663721684 51.349388122558594 47
1756663721778 58.63069152832031 48
1756663721874 47.176326751708984 49
1756663721968 50.340728759765625 50
1756663722061 58.83922576904297 51
1756663722154 52.02552032470703 52
1756663722247 59.356842041015625 53
1756663722340 52.635162353515625 54
1756663722434 58.16078567504883 55
1756663722527 54.95369338989258 56
1756663722620 58.97235870361328 57
1756663722714 55.15871047973633 58
1756663722807 53.6719970703125 59
1756663722900 50.852378845214844 60
1756663722994 53.22102355957031 61
1756663723088 55.49679183959961 62
1756663723181 59.543479919433594 63
1756663723274 61.33404541015625 64
1756663723367 53.0587043762207 65
1756663723464 48.72427749633789 66
1756663723558 57.09016036987305 67
1756663723651 62.76003646850586 68
1756663723744 57.34648895263672 69
1756663723838 60.0228385925293 70
1756663723931 55.460880279541016 71
1756663724025 57.548736572265625 72
1756663724118 54.94584274291992 73
1756663724211 51.3201904296875 74
1756663724304 58.24076461791992 75
1756663724397 48.526275634765625 76
1756663724492 55.65540313720703 77
1756663724586 53.816856384277344 78
1756663724679 60.927486419677734 79
1756663724771 52.3585205078125 80
1756663724865 58.483558654785156 81
1756663724963 47.196998596191406 82
1756663725057 55.041255950927734 83
1756663725152 53.594688415527344 84
1756663725246 52.553340911865234 85
1756663725346 49.54663848876953 86
1756663725441 57.07355880737305 87
1756663725545 60.970924377441406 88
1756663725639 61.31222915649414 89
1756663725733 57.143592834472656 90
1756663725826 63.67416000366211 91
1756663725920 54.235870361328125 92
1756663726016 61.72690200805664 93
1756663726110 55.794898986816406 94
1756663726206 64.55560302734375 95
1756663726302 47.95303726196289 96
1756663726398 44.18000793457031 97
1756663726494 49.87055587768555 98
1756663726590 55.05640411376953 99
1756663726685 51.22816467285156 100
1756663726781 52.64585876464844 101
1756663726877 59.69070053100586 102
1756663726975 55.89478302001953 103
1756663727071 63.534156799316406 104
1756663727176 64.78250885009766 105
1756663727272 54.727935791015625 106
1756663727369 57.43666076660156 107
1756663727464 46.963050842285156 108
1756663727561 56.54869842529297 109
1756663727657 52.539669036865234 110
1756663727754 52.90207290649414 111
1756663727850 51.700801849365234 112
1756663727947 55.6043701171875 113
1756663728043 50.117393493652344 114
1756663728140 60.9736213684082 115
1756663728236 54.58855056762695 116
1756663728333 58.23708724975586 117
1756663728429 48.37847900390625 118
1756663728527 54.94343185424805 119
1756663728624 64.68171691894531 120
1756663728722 56.50749588012695 121
1756663728818 50.1875114440918 122
1756663728914 58.8646354675293 123
1756663729011 51.85231018066406 124
1756663729108 53.602840423583984 125
1756663729204 53.55373001098633 126
1756663729300 49.217227935791016 127
1756663729396 50.17556381225586 128
1756663729493 58.84990692138672 129
1756663729589 46.65052795410156 130
1756663729685 52.43421173095703 131
1756663729781 59.654239654541016 132
1756663729876 53.62429428100586 133
1756663729972 55.60966110229492 134
1756663730068 57.027809143066406 135
1756663730164 62.277164459228516 136
1756663730260 55.54031753540039 137
1756663730357 55.51830291748047 138
1756663730453 60.96418380737305 139
1756663730550 52.436214447021484 140
1756663730646 50.51341247558594 141
1756663730742 47.44139862060547 142
1756663730838 48.557369232177734 143
1756663730933 49.964900970458984 144
1756663731029 48.08348846435547 145
1756663731125 51.523521423339844 146
1756663731222 55.512474060058594 147
1756663731318 55.931541442871094 148
1756663731414 44.22048568725586 149
1756663731509 52.987552642822266 150
1756663731605 53.669921875 151
1756663731701 57.23326110839844 152
1756663731797 54.75375747680664 153
1756663731893 56.47282409667969 154
1756663731989 56.40434646606445 155
1756663732086 54.156368255615234 156
1756663732182 53.879127502441406 157
1756663732279 48.90735626220703 158
1756663732376 50.598899841308594 159
1756663732474 59.31102752685547 160
1756663732570 51.04568862915039 161
1756663732666 54.03911209106445 162
1756663732763 56.916255950927734 163
1756663732859 58.4796028137207 164
1756663732956 55.67941665649414 165
1756663733052 53.352561950683594 166
1756663733148 51.39439392089844 167
1756663733243 60.445343017578125 168
1756663733339 64.34879302978516 169
1756663733435 57.38984680175781 170
1756663733532 56.497337341308594 171
1756663733628 60.05816650390625 172
1756663733724 45.3200569152832 173
1756663733821 57.38664627075195 174
1756663733917 55.421424865722656 175
1756663734013 53.49156188964844 176
1756663734109 53.76304244995117 177
1756663734206 63.87434387207031 178
1756663734302 55.17438888549805 179
1756663734398 53.24889373779297 180
1756663734494 56.5005989074707 181
1756663734590 59.271427154541016 182
1756663734686 52.640655517578125 183
1756663734782 56.7210693359375 184
1756663734878 62.08906936645508 185
1756663734973 53.79388427734375 186
1756663735069 49.58155822753906 187
1756663735164 56.2319450378418 188
1756663735260 53.4145393371582 189
1756663735356 59.96244430541992 190
1756663735452 49.048465728759766 191
1756663735549 49.91011047363281 192
1756663735645 51.14647674560547 193
1756663735740 56.48585891723633 194
1756663735836 59.669132232666016 195
1756663735931 64.14236450195312 196
1756663736027 55.398109436035156 197
1756663736123 43.7130126953125 198
1756663736218 60.87141036987305 199
1756663736313 50.81600570678711 200
1756663736409 55.13796615600586 201
1756663736504 57.27581787109375 202
1756663736599 60.67369842529297 203
1756663736695 55.4019660949707 204
1756663736790 57.81821060180664 205
1756663736886 52.06898498535156 206
1756663736982 57.5468864440918 207
1756663737077 51.76960754394531 208
1756663737172 58.9668083190918 209
1756663737268 61.45248794555664 210
1756663737372 56.78715133666992 211
1756663737466 55.59846115112305 212
1756663737559 48.83637619018555 213
1756663737653 56.209800720214844 214
1756663737747 53.41366195678711 215
1756663737841 53.931480407714844 216
1756663737935 50.39823913574219 217
1756663738030 58.41461944580078 218
1756663738124 52.6573371887207 219
1756663738218 56.70220947265625 220
1756663738312 65.24226379394531 221
1756663738406 52.28140640258789 222
1756663738512 57.012168884277344 223
1756663738604 47.669769287109375 224
1756663738698 49.45569610595703 225
1756663738793 50.80299377441406 226
1756663738891 53.67138671875 227
1756663738989 56.545310974121094 228
1756663739087 47.637351989746094 229
1756663739180 49.58251190185547 230
1756663739273 58.25669479370117 231
1756663739367 52.44561004638672 232
1756663739460 51.18363571166992 233
1756663739553 52.72964859008789 234
1756663739647 56.53326416015625 235
1756663739740 52.8699951171875 236
1756663739835 58.08565139770508 237
1756663739938 60.557350158691406 238
1756663740035 51.56688690185547 239
1756663740130 55.00730514526367 240
1756663740224 52.665008544921875 241
1756663740319 53.16777801513672 242
1756663740414 48.50645065307617 243
1756663740509 55.344058990478516 244
1756663740603 39.85077667236328 245
1756663740698 58.05320358276367 246
1756663740795 64.58224487304688 247
1756663740889 54.61892318725586 248
1756663740984 51.55470657348633 249
1756663741079 54.57061004638672 250
1756663741173 51.720726013183594 251
1756663741267 48.67915725708008 252
1756663741362 58.70295333862305 253
1756663741459 51.161155700683594 254
1756663741557 61.86592483520508 255
1756663741652 55.817771911621094 256
1756663741746 58.4740104675293 257
1756663741840 58.43484115600586 258
1756663741934 60.16873550415039 259
1756663742029 56.741397857666016 260
1756663742123 60.47188186645508 261
1756663742217 48.123016357421875 262
1756663742312 66.94715881347656 263
1756663742406 55.103214263916016 264
1756663742501 51.17372131347656 265
1756663742596 58.310279846191406 266
1756663742690 60.55086898803711 267
1756663742785 57.24574279785156 268
1756663742880 56.945499420166016 269
1756663742977 49.8265495300293 270
1756663743071 50.42888641357422 271
1756663743165 53.32178497314453 272
1756663743260 59.80788803100586 273
1756663743354 59.54842758178711 274
1756663743449 51.37516403198242 275
1756663743545 55.14724349975586 276
1756663743639 50.89494705200195 277
1756663743734 56.32477569580078 278
1756663743830 60.91832733154297 279
1756663743924 54.54798889160156 280
1756663744019 58.71796417236328 281
1756663744112 53.43287658691406 282
1756663744207 58.70004653930664 283
1756663744301 52.062931060791016 284
1756663744395 48.233184814453125 285
1756663744489 53.21074676513672 286
1756663744584 54.889957427978516 287
1756663744678 61.74140167236328 288
1756663744773 57.535064697265625 289
1756663744866 54.49869155883789 290
1756663744960 51.12069320678711 291
1756663745055 57.083763122558594 292
1756663745148 54.01582336425781 293
1756663745241 55.10811233520508 294
1756663745335 53.943748474121094 295
1756663745429 50.286685943603516 296
1756663745522 58.296775817871094 297
1756663745615 58.817264556884766 298
1756663745709 49.442298889160156 299
1756663753902 97.25733947753906 0
1756663753999 84.55907440185547 1
1756663754092 75.83068084716797 2
1756663754186 60.99571990966797 3
1756663754278 69.79598236083984 4
1756663754371 66.06137084960938 5
1756663754463 55.430747985839844 6
1756663754558 68.0216293334961 7
1756663754653 59.375396728515625 8
1756663754747 57.7813606262207 9
1756663754841 60.667503356933594 10
1756663754936 60.11865234375 11
1756663755030 53.015953063964844 12
1756663755123 59.14158248901367 13
1756663755216 55.282257080078125 14
1756663755310 65.53683471679688 15
1756663755404 55.22551345825195 16
1756663755499 50.86936569213867 17
1756663755593 52.311439514160156 18
1756663755688 55.550506591796875 19
1756663755781 56.005767822265625 20
1756663755875 59.21339797973633 21
1756663755971 58.919586181640625 22
1756663756065 53.109336853027344 23
1756663756158 55.95170211791992 24
1756663756254 49.68400192260742 25
1756663756350 54.490455627441406 26
1756663756443 51.198577880859375 27
1756663756537 42.86035919189453 28
1756663756631 52.847328186035156 29
1756663756725 54.97351837158203 30
1756663756824 53.14886474609375 31
1756663756918 50.2684211730957 32
1756663757013 54.5889892578125 33
1756663757107 54.173301696777344 34
1756663757201 55.1217041015625 35
1756663757298 51.71319580078125 36
1756663757391 54.1869010925293 37
1756663757488 49.1376838684082 38
1756663757582 55.13883590698242 39
1756663757678 43.24309539794922 40
1756663757772 47.1495361328125 41
1756663757867 54.876251220703125 42
1756663757961 55.63798141479492 43
1756663758055 50.699073791503906 44
1756663758149 46.846229553222656 45
1756663758244 51.49921798706055 46
1756663758338 53.985206604003906 47
1756663758432 48.67913055419922 48
1756663758529 54.572288513183594 49
1756663758622 53.9035530090332 50
1756663758716 48.24768829345703 51
1756663758809 44.89299011230469 52
1756663758903 52.5176887512207 53
1756663758998 50.78290557861328 54
1756663759098 52.311058044433594 55
1756663759192 56.83845138549805 56
1756663759286 57.3136100769043 57
1756663759380 49.512550354003906 58
1756663759474 50.94279861450195 59
1756663759569 49.311622619628906 60
1756663759670 48.00123977661133 61
1756663759764 49.63883590698242 62
1756663759864 52.27119064331055 63
1756663759957 58.97416305541992 64
1756663760052 57.168968200683594 65
1756663760145 54.07179641723633 66
1756663760240 50.49616241455078 67
1756663760335 53.49092483520508 68
1756663760437 57.73859405517578 69
1756663760532 50.896484375 70
1756663760625 49.018898010253906 71
1756663760719 53.799949645996094 72
1756663760819 52.912147521972656 73
1756663760913 55.135032653808594 74
1756663761008 56.9262580871582 75
1756663761102 47.20720672607422 76
1756663761196 52.24113082885742 77
1756663761290 46.09955978393555 78
1756663761384 53.2235221862793 79
1756663761478 60.915138244628906 80
1756663761573 49.17467498779297 81
1756663761667 56.649009704589844 82
1756663761760 57.60920333862305 83
1756663761854 47.046302795410156 84
1756663761948 50.04213333129883 85
1756663762043 51.800193786621094 86
1756663762137 51.920753479003906 87
1756663762236 47.81317901611328 88
1756663762330 54.29683303833008 89
1756663762424 42.17485809326172 90
1756663762518 51.391563415527344 91
1756663762617 49.86442565917969 92
1756663762710 55.4438591003418 93
1756663762809 48.93807601928711 94
1756663762908 57.030487060546875 95
1756663763002 41.80686950683594 96
1756663763096 49.196128845214844 97
1756663763190 46.989967346191406 98
1756663763285 50.99459457397461 99
1756663763379 50.43853759765625 100
1756663763473 45.07282257080078 101
1756663763567 55.113380432128906 102
1756663763662 54.7523307800293 103
1756663763756 49.30109786987305 104
1756663763855 46.35498046875 105
1756663763949 56.207000732421875 106
1756663764043 59.609230041503906 107
1756663764138 43.10609817504883 108
1756663764232 55.095062255859375 109
1756663764326 54.24729537963867 110
1756663764420 56.47075271606445 111
1756663764515 53.108489990234375 112
1756663764609 52.100791931152344 113
1756663764704 48.692626953125 114
1756663764799 53.006736755371094 115
1756663764892 54.80651092529297 116
1756663764986 48.079124450683594 117
1756663765081 52.889427185058594 118
1756663765175 55.48969268798828 119
1756663765270 48.668006896972656 120
1756663765364 48.278350830078125 121
1756663765459 54.149932861328125 122
1756663765554 52.937095642089844 123
1756663765648 51.84883499145508 124
1756663765743 47.34543991088867 125
1756663765837 47.80295944213867 126
1756663765932 50.718685150146484 127
1756663766027 52.33380889892578 128
1756663766121 52.83489990234375 129
1756663766216 57.37080001831055 130
1756663766310 56.91545486450195 131
1756663766405 62.624847412109375 132
1756663766500 54.85247039794922 133
1756663766594 55.481231689453125 134
1756663766689 53.785987854003906 135
1756663766783 53.869606018066406 136
1756663766877 50.81586837768555 137
1756663766975 48.91963577270508 138
1756663767070 54.17998123168945 139
1756663767165 45.23795700073242 140
1756663767260 48.583763122558594 141
1756663767354 55.049774169921875 142
1756663767448 55.74311447143555 143
1756663767542 60.521278381347656 144
1756663767637 52.22650909423828 145
1756663767731 52.82196044921875 146
1756663767825 49.546356201171875 147
1756663767920 54.66999053955078 148
1756663768016 48.05731964111328 149
1756663768110 48.72149658203125 150
1756663768205 56.86201858520508 151
1756663768300 49.4498291015625 152
1756663768394 59.67156219482422 153
1756663768489 56.003562927246094 154
1756663768586 55.37555694580078 155
1756663768682 50.45039367675781 156
1756663768777 52.74884033203125 157
1756663768872 49.598663330078125 158
1756663768967 55.619468688964844 159
1756663769062 48.327842712402344 160
1756663769156 43.601524353027344 161
1756663769258 56.579689025878906 162
1756663769353 54.239410400390625 163
1756663769449 48.02058029174805 164
1756663769545 45.870330810546875 165
1756663769641 53.151878356933594 166
1756663769737 46.071380615234375 167
1756663769832 41.15785217285156 168
1756663769927 45.1794548034668 169
1756663770022 63.373077392578125 170
1756663770117 48.301204681396484 171
1756663770212 50.008514404296875 172
1756663770307 52.85821533203125 173
1756663770404 57.50068283081055 174
1756663770500 52.425376892089844 175
1756663770595 52.123374938964844 176
1756663770690 53.415245056152344 177
1756663770785 56.238525390625 178
1756663770880 48.4393424987793 179
1756663770975 53.70880126953125 180
1756663771071 50.848594665527344 181
1756663771165 49.305240631103516 182
1756663771261 46.51045608520508 183
1756663771356 55.1584587097168 184
1756663771451 55.968994140625 185
1756663771546 51.67030715942383 186
1756663771641 52.67124557495117 187
1756663771736 44.39632797241211 188
1756663771830 51.568389892578125 189
1756663771925 49.84121322631836 190
1756663772020 52.69492721557617 191
1756663772115 52.8020133972168 192
1756663772210 54.0974006652832 193
1756663772305 53.64484786987305 194
1756663772399 50.693260192871094 195
1756663772494 49.22023391723633 196
1756663772590 51.97662353515625 197
1756663772685 45.66203689575195 198
1756663772781 54.51161575317383 199
1756663772882 51.3786506652832 200
1756663772978 50.3104133605957 201
1756663773074 50.62984848022461 202
1756663773169 48.53617477416992 203
1756663773263 48.748329162597656 204
1756663773357 49.55682373046875 205
1756663773452 51.33417892456055 206
1756663773550 54.87690353393555 207
1756663773645 58.84862518310547 208
1756663773742 52.256439208984375 209
1756663773844 55.766685485839844 210
1756663773940 53.776084899902344 211
1756663774035 51.139610290527344 212
1756663774131 53.782318115234375 213
1756663774226 50.54067611694336 214
1756663774321 49.822052001953125 215
1756663774416 51.348968505859375 216
1756663774512 64.8018569946289 217
1756663774607 52.14988327026367 218
1756663774702 49.86417770385742 219
1756663774797 54.870277404785156 220
1756663774893 55.37565994262695 221
1756663774988 49.11345672607422 222
1756663775083 41.27701187133789 223
1756663775178 51.61418533325195 224
1756663775274 48.5765266418457 225
1756663775370 50.139122009277344 226
1756663775466 53.60050582885742 227
1756663775562 49.333335876464844 228
1756663775658 43.03948211669922 229
1756663775753 51.53166580200195 230
1756663775849 50.476444244384766 231
1756663775944 54.50768280029297 232
1756663776040 51.798118591308594 233
1756663776135 44.72704315185547 234
1756663776231 49.94939422607422 235
1756663776329 54.3100471496582 236
1756663776425 53.0028076171875 237
1756663776523 44.30631637573242 238
1756663776619 56.9523811340332 239
1756663776715 51.847328186035156 240
1756663776811 47.339290618896484 241
1756663776907 51.24146270751953 242
1756663777005 49.403709411621094 243
1756663777100 48.40065002441406 244
1756663777195 42.27152633666992 245
1756663777290 49.72306442260742 246
1756663777386 43.3057746887207 247
1756663777481 51.24951934814453 248
1756663777578 53.35289764404297 249
1756663777673 51.66727828979492 250
1756663777769 50.198997497558594 251
1756663777865 46.29241943359375 252
1756663777960 44.63358688354492 253
1756663778059 52.48089599609375 254
1756663778154 54.474365234375 255
1756663778257 41.883750915527344 256
1756663778353 43.442935943603516 257
1756663778448 47.70362091064453 258
1756663778546 52.194297790527344 259
1756663778643 54.785865783691406 260
1756663778742 57.759002685546875 261
1756663778838 49.27360153198242 262
1756663778934 51.95405197143555 263
1756663779032 44.74073028564453 264
1756663779128 53.42176055908203 265
1756663779229 51.54884719848633 266
1756663779325 46.67995071411133 267
1756663779421 53.50831985473633 268
1756663779516 54.099525451660156 269
1756663779611 46.076778411865234 270
1756663779706 58.1574821472168 271
1756663779802 44.98796463012695 272
1756663779896 48.98950958251953 273
1756663779992 54.95746994018555 274
1756663780088 47.29705047607422 275
1756663780183 51.70556640625 276
1756663780279 49.41895294189453 277
1756663780373 52.6533088684082 278
1756663780468 48.133995056152344 279
1756663780565 46.922576904296875 280
1756663780661 47.95655059814453 281
1756663780757 53.41463088989258 282
1756663780852 45.08858108520508 283
1756663780947 52.3458137512207 284
1756663781045 46.3897590637207 285
1756663781140 45.037601470947266 286
1756663781237 51.5326042175293 287
1756663781331 47.68115234375 288
1756663781426 51.75859451293945 289
1756663781523 62.47214889526367 290
1756663781618 56.179840087890625 291
1756663781719 52.05475997924805 292
1756663781814 57.860572814941406 293
1756663781909 47.06782150268555 294
1756663782005 52.294090270996094 295
1756663782105 55.43254852294922 296
1756663782200 59.627655029296875 297
1756663782296 48.53691101074219 298
1756663782391 50.708351135253906 299
1756663790579 99.96095275878906 0
1756663790675 99.63533782958984 1
1756663790770 99.02928161621094 2
1756663790869 98.23799133300781 3
1756663790968 97.42430877685547 4
1756663791064 94.71725463867188 5
1756663791159 93.83021545410156 6
1756663791254 89.510498046875 7
1756663791351 87.37115478515625 8
1756663791448 78.41140747070312 9
1756663791547 77.8282699584961 10
1756663791642 69.24845123291016 11
1756663791737 66.66873931884766 12
1756663791833 59.714237213134766 13
1756663791929 66.62530517578125 14
1756663792026 73.03895568847656 15
1756663792122 76.12854766845703 16
1756663792222 64.95700073242188 17
1756663792317 67.08306121826172 18
1756663792412 63.86491394042969 19
1756663792509 71.05536651611328 20
1756663792605 62.07298278808594 21
1756663792705 62.96647644042969 22
1756663792802 62.47074508666992 23
1756663792898 66.37316131591797 24
1756663792994 67.28145599365234 25
1756663793091 60.16758728027344 26
1756663793189 66.64228057861328 27
1756663793287 64.22090911865234 28
1756663793383 61.635215759277344 29
1756663793481 68.02385711669922 30
1756663793585 61.24586486816406 31
1756663793681 64.90243530273438 32
1756663793776 60.10826110839844 33
1756663793872 56.778263092041016 34
1756663793967 67.58780670166016 35
1756663794064 51.7359504699707 36
1756663794161 60.409156799316406 37
1756663794257 58.9395751953125 38
1756663794352 64.23930358886719 39
1756663794448 62.198997497558594 40
1756663794544 61.74942398071289 41
1756663794640 61.09525680541992 42
1756663794735 59.755760192871094 43
1756663794831 62.47865295410156 44
1756663794927 58.966915130615234 45
1756663795023 53.756996154785156 46
1756663795119 54.94794464111328 47
1756663795215 55.71365737915039 48
1756663795314 64.1895980834961 49
1756663795418 57.84428024291992 50
1756663795514 59.88755416870117 51
1756663795610 64.02122497558594 52
1756663795706 54.65275955200195 53
1756663795803 59.47100067138672 54
1756663795899 51.87144088745117 55
1756663795995 58.649505615234375 56
1756663796091 60.854244232177734 57
1756663796187 54.374671936035156 58
1756663796284 59.80113983154297 59
1756663796380 64.48374938964844 60
1756663796475 57.901756286621094 61
1756663796571 56.6113395690918 62
1756663796668 52.06102752685547 63
1756663796763 54.99263381958008 64
1756663796859 56.83676528930664 65
1756663796955 60.630428314208984 66
1756663797052 67.90414428710938 67
1756663797148 49.329708099365234 68
1756663797244 53.675872802734375 69
1756663797340 54.95786666870117 70
1756663797438 56.02461242675781 71
1756663797538 53.44306182861328 72
1756663797634 54.902034759521484 73
1756663797730 60.52568054199219 74
1756663797826 57.87538146972656 75
1756663797922 56.725196838378906 76
1756663798021 54.48213577270508 77
1756663798118 59.41480255126953 78
1756663798214 44.92440414428711 79
1756663798310 52.0684814453125 80
1756663798408 58.84813690185547 81
1756663798508 52.11879348754883 82
1756663798604 60.2762565612793 83
1756663798700 52.764461517333984 84
1756663798797 56.22780990600586 85
1756663798893 64.54607391357422 86
1756663798989 53.25971603393555 87
1756663799085 55.665225982666016 88
1756663799181 66.59561920166016 89
1756663799277 60.6845588684082 90
1756663799373 63.38799285888672 91
1756663799469 53.155704498291016 92
1756663799566 56.02713394165039 93
1756663799663 57.00765609741211 94
1756663799759 55.20387268066406 95
1756663799855 57.98762130737305 96
1756663799951 57.59941101074219 97
1756663800052 45.79850769042969 98
1756663800150 62.593502044677734 99
1756663800252 52.863582611083984 100
1756663800348 57.76478576660156 101
1756663800444 53.58064651489258 102
1756663800542 55.75605010986328 103
1756663800638 70.45211791992188 104
1756663800735 58.72284698486328 105
1756663800831 50.01047134399414 106
1756663800928 64.90106964111328 107
1756663801024 55.37321472167969 108
1756663801121 48.934593200683594 109
1756663801218 55.47533416748047 110
1756663801314 49.06598663330078 111
1756663801411 56.97886276245117 112
1756663801507 56.25716781616211 113
1756663801606 50.25977325439453 114
1756663801702 43.972286224365234 115
1756663801799 57.966217041015625 116
1756663801895 57.24971008300781 117
1756663801992 55.34206771850586 118
1756663802093 54.79219055175781 119
1756663802193 53.28333282470703 120
1756663802290 49.631072998046875 121
1756663802385 50.319801330566406 122
1756663802482 56.63393783569336 123
1756663802578 60.743385314941406 124
1756663802675 57.03337478637695 125
1756663802771 60.09086990356445 126
1756663802868 55.06514358520508 127
1756663802965 59.7984504699707 128
1756663803062 51.363224029541016 129
1756663803159 57.483211517333984 130
1756663803255 52.736515045166016 131
1756663803352 61.36848449707031 132
1756663803447 68.21275329589844 133
1756663803544 56.88310241699219 134
1756663803640 61.418487548828125 135
1756663803737 61.24782943725586 136
1756663803834 54.75471115112305 137
1756663803931 43.194297790527344 138
1756663804028 54.81962585449219 139
1756663804124 53.20443344116211 140
1756663804221 51.99281311035156 141
1756663804318 56.30904006958008 142
1756663804414 59.50404357910156 143
1756663804511 57.56912612915039 144
1756663804609 55.53626251220703 145
1756663804706 52.803314208984375 146
1756663804804 55.54283905029297 147
1756663804901 60.192054748535156 148
1756663804998 54.50542068481445 149
1756663805096 47.841583251953125 150
1756663805192 61.60377502441406 151
1756663805289 52.0699348449707 152
1756663805385 54.48494338989258 153
1756663805482 57.1202392578125 154
1756663805580 54.29428482055664 155
1756663805676 59.841766357421875 156
1756663805774 57.69429397583008 157
1756663805870 49.36017990112305 158
1756663805968 51.77305221557617 159
1756663806064 49.17082595825195 160
1756663806160 56.88519287109375 161
1756663806256 53.2817497253418 162
1756663806353 54.56364822387695 163
1756663806450 57.26155090332031 164
1756663806547 48.19413757324219 165
1756663806643 63.23273849487305 166
1756663806739 57.7137565612793 167
1756663806837 54.55147933959961 168
1756663806933 49.89964294433594 169
1756663807029 47.573890686035156 170
1756663807127 52.4091796875 171
1756663807224 55.26415252685547 172
1756663807321 54.75443649291992 173
1756663807420 59.2364387512207 174
1756663807517 56.03307342529297 175
1756663807614 67.02919006347656 176
1756663807710 53.821510314941406 177
1756663807807 51.07337188720703 178
1756663807904 56.7579345703125 179
1756663808001 60.62860870361328 180
1756663808097 56.08723068237305 181
1756663808194 55.45197677612305 182
1756663808291 51.68254852294922 183
1756663808388 68.30648040771484 184
1756663808485 56.3856201171875 185
1756663808581 53.70353317260742 186
1756663808678 53.49342346191406 187
1756663808775 57.92756271362305 188
1756663808872 57.09077835083008 189
1756663808971 56.62297439575195 190
1756663809076 54.07051467895508 191
1756663809172 47.3109130859375 192
1756663809270 55.19505310058594 193
1756663809367 65.21161651611328 194
1756663809465 54.61257553100586 195
1756663809563 51.43618392944336 196
1756663809659 54.95780563354492 197
1756663809756 45.932640075683594 198
1756663809853 55.26921081542969 199
1756663809951 55.13260269165039 200
1756663810049 59.433902740478516 201
1756663810146 54.49985885620117 202
1756663810243 60.87525939941406 203
1756663810340 57.65275192260742 204
1756663810440 65.21927642822266 205
1756663810537 51.96635055541992 206
1756663810634 55.813655853271484 207
1756663810731 50.46558380126953 208
1756663810828 69.6789321899414 209
1756663810929 56.439266204833984 210
1756663811026 62.94416427612305 211
1756663811123 61.624488830566406 212
1756663811221 53.339176177978516 213
1756663811319 57.54290008544922 214
1756663811415 55.94131851196289 215
1756663811514 55.689002990722656 216
1756663811613 53.43290328979492 217
1756663811712 70.15978240966797 218
1756663811810 53.80449676513672 219
1756663811907 56.817848205566406 220
1756663812004 63.3416862487793 221
1756663812102 55.048858642578125 222
1756663812200 47.638710021972656 223
1756663812297 48.3769416809082 224
1756663812395 54.30265426635742 225
1756663812492 56.094398498535156 226
1756663812590 58.113868713378906 227
1756663812687 59.66976547241211 228
1756663812785 56.34905242919922 229
1756663812882 55.19145584106445 230
1756663812979 62.27379608154297 231
1756663813076 47.70293426513672 232
1756663813173 52.076351165771484 233
1756663813269 55.262107849121094 234
1756663813366 52.00098419189453 235
1756663813463 49.54069900512695 236
1756663813560 52.399593353271484 237
1756663813658 49.744728088378906 238
1756663813756 55.47996139526367 239
1756663813853 47.19820022583008 240
1756663813950 57.95451736450195 241
1756663814047 57.89911651611328 242
1756663814144 53.34565353393555 243
1756663814241 55.561485290527344 244
1756663814338 58.240203857421875 245
1756663814435 53.526554107666016 246
1756663814533 48.40445327758789 247
1756663814630 44.60919952392578 248
1756663814729 57.905025482177734 249
1756663814829 58.32960891723633 250
1756663814927 54.514217376708984 251
1756663815024 47.87773132324219 252
1756663815125 53.243202209472656 253
1756663815221 61.334861755371094 254
1756663815318 52.67251205444336 255
1756663815415 59.41195297241211 256
1756663815512 46.81751251220703 257
1756663815610 50.28632736206055 258
1756663815707 54.80355453491211 259
1756663815804 58.965763092041016 260
1756663815901 56.75431442260742 261
1756663815998 66.23149871826172 262
1756663816095 56.40798568725586 263
1756663816193 56.20939254760742 264
1756663816290 48.49844741821289 265
1756663816386 62.84202575683594 266
1756663816485 53.707698822021484 267
1756663816583 58.972267150878906 268
1756663816681 59.006046295166016 269
1756663816779 60.25089645385742 270
1756663816878 57.375267028808594 271
1756663816975 58.89332580566406 272
1756663817073 58.66471862792969 273
1756663817171 54.249122619628906 274
1756663817267 55.99641036987305 275
1756663817365 57.80171585083008 276
1756663817461 56.18170928955078 277
1756663817559 47.95814514160156 278
1756663817656 55.831146240234375 279
1756663817753 49.94357681274414 280
1756663817850 45.507205963134766 281
1756663817947 49.78172302246094 282
1756663818044 58.49491500854492 283
1756663818142 60.70405960083008 284
1756663818239 58.62568664550781 285
1756663818336 62.73656463623047 286
1756663818433 47.49512481689453 287
1756663818529 61.97697067260742 288
1756663818627 53.862823486328125 289
1756663818724 59.01710891723633 290
1756663818822 53.690338134765625 291
1756663818920 51.844215393066406 292
1756663819019 58.35566711425781 293
1756663819116 61.77019119262695 294
1756663819212 53.33161544799805 295
1756663819309 48.21058654785156 296
1756663819406 51.102317810058594 297
1756663819503 57.50032043457031 298
1756663819600 55.46849060058594 299
1756663827801 95.38630676269531 0
1756663827899 75.58891296386719 1
1756663827994 71.146484375 2
1756663828091 57.29199981689453 3
1756663828186 63.802032470703125 4
1756663828282 52.1566047668457 5
1756663828377 52.78339385986328 6
1756663828472 52.578590393066406 7
1756663828573 55.10858154296875 8
1756663828670 58.919837951660156 9
1756663828766 57.99248123168945 10
1756663828863 50.57119369506836 11
1756663828959 48.93933868408203 12
1756663829055 46.99482345581055 13
1756663829152 51.990211486816406 14
1756663829257 59.85547637939453 15
1756663829353 48.252281188964844 16
1756663829449 45.74512481689453 17
1756663829545 51.925201416015625 18
1756663829645 62.01518630981445 19
1756663829742 48.39073944091797 20
1756663829839 47.882572174072266 21
1756663829936 51.11518859863281 22
1756663830034 51.09333038330078 23
1756663830134 47.993011474609375 24
1756663830231 49.16687774658203 25
1756663830328 51.82453536987305 26
1756663830426 49.79553985595703 27
1756663830523 49.94866180419922 28
1756663830621 47.52679443359375 29
1756663830720 53.967918395996094 30
1756663830825 45.09272003173828 31
1756663830923 50.89601516723633 32
1756663831019 52.657264709472656 33
1756663831116 46.544158935546875 34
1756663831212 50.6065788269043 35
1756663831308 50.82825469970703 36
1756663831404 54.94598388671875 37
1756663831502 52.8181037902832 38
1756663831599 54.089447021484375 39
1756663831696 42.17186737060547 40
1756663831792 52.8018913269043 41
1756663831889 46.506919860839844 42
1756663831985 51.9610595703125 43
1756663832082 46.94135665893555 44
1756663832179 50.176109313964844 45
1756663832276 50.32468795776367 46
1756663832372 40.92585372924805 47
1756663832469 40.5244026184082 48
1756663832566 55.04844284057617 49
1756663832663 50.178550720214844 50
1756663832760 51.18024444580078 51
1756663832857 48.30425262451172 52
1756663832953 46.89949417114258 53
1756663833050 43.2293815612793 54
1756663833147 51.48476028442383 55
1756663833243 52.94997024536133 56
1756663833340 48.87255096435547 57
1756663833437 44.7061882019043 58
1756663833534 54.164520263671875 59
1756663833632 44.80857849121094 60
1756663833729 45.29042053222656 61
1756663833826 55.67363357543945 62
1756663833922 47.5588264465332 63
1756663834019 53.3626708984375 64
1756663834116 41.76283645629883 65
1756663834218 44.527828216552734 66
1756663834315 44.584415435791016 67
1756663834412 43.274444580078125 68
1756663834509 44.288246154785156 69
1756663834606 42.269996643066406 70
1756663834703 47.68079376220703 71
1756663834799 50.00116729736328 72
1756663834896 37.826080322265625 73
1756663834992 57.21489715576172 74
1756663835090 48.47315216064453 75
1756663835187 51.940582275390625 76
1756663835283 43.413414001464844 77
1756663835380 54.631378173828125 78
1756663835482 48.82030487060547 79
1756663835580 41.434486389160156 80
1756663835677 41.55634307861328 81
1756663835774 43.35792922973633 82
1756663835872 42.97626876831055 83
1756663835969 48.9046745300293 84
1756663836067 50.07504653930664 85
1756663836165 51.48773956298828 86
1756663836263 44.945594787597656 87
1756663836361 55.10115432739258 88
1756663836459 53.40974807739258 89
1756663836556 48.38782501220703 90
1756663836654 47.82939529418945 91
1756663836751 50.75651931762695 92
1756663836848 43.331031799316406 93
1756663836947 43.21308135986328 94
1756663837045 53.47220993041992 95
1756663837143 49.7592887878418 96
1756663837240 47.389366149902344 97
1756663837337 50.704505920410156 98
1756663837435 57.10331344604492 99
1756663837532 48.27922821044922 100
1756663837631 49.63032531738281 101
1756663837729 34.866737365722656 102
1756663837829 53.10273361206055 103
1756663837927 50.22520065307617 104
1756663838024 47.25676345825195 105
1756663838122 50.229576110839844 106
1756663838219 52.21795654296875 107
1756663838316 47.32189178466797 108
1756663838412 53.708465576171875 109
1756663838509 47.562400817871094 110
1756663838608 51.18402862548828 111
1756663838710 57.97343826293945 112
1756663838808 43.070152282714844 113
1756663838906 50.762393951416016 114
1756663839004 47.52007293701172 115
1756663839103 54.08510208129883 116
1756663839201 45.279273986816406 117
1756663839298 48.985595703125 118
1756663839396 46.003700256347656 119
1756663839493 49.39769744873047 120
1756663839593 44.37248611450195 121
1756663839691 43.84553527832031 122
1756663839788 43.40000534057617 123
1756663839886 50.03916931152344 124
1756663839984 43.50037384033203 125
1756663840083 44.40480422973633 126
1756663840183 42.783103942871094 127
1756663840280 51.041221618652344 128
1756663840377 50.662498474121094 129
1756663840475 46.73408508300781 130
1756663840575 50.18511199951172 131
1756663840673 46.436676025390625 132
1756663840770 48.07198715209961 133
1756663840868 44.675453186035156 134
1756663840965 50.26890182495117 135
1756663841063 50.59417724609375 136
1756663841162 44.62397384643555 137
1756663841259 45.25675964355469 138
1756663841356 53.26488494873047 139
1756663841454 39.716758728027344 140
1756663841550 47.00453567504883 141
1756663841649 42.99418258666992 142
1756663841746 54.67704391479492 143
1756663841846 45.50984573364258 144
1756663841943 46.67310333251953 145
1756663842040 47.30271911621094 146
1756663842142 40.5185432434082 147
1756663842240 40.64482879638672 148
1756663842338 44.68406295776367 149
1756663842437 51.760597229003906 150
1756663842535 51.264259338378906 151
1756663842633 43.535560607910156 152
1756663842731 50.813377380371094 153
1756663842828 42.418800354003906 154
1756663842926 49.03704071044922 155
1756663843024 43.163307189941406 156
1756663843122 43.44337844848633 157
1756663843221 48.655853271484375 158
1756663843318 44.1085090637207 159
1756663843416 41.01654815673828 160
1756663843515 49.25297927856445 161
1756663843612 54.38825225830078 162
1756663843712 43.04176330566406 163
1756663843810 46.04446029663086 164
1756663843907 52.00373458862305 165
1756663844005 50.03081130981445 166
1756663844103 51.13431930541992 167
1756663844202 45.4434700012207 168
1756663844300 48.331825256347656 169
1756663844398 49.43302917480469 170
1756663844496 46.57429885864258 171
1756663844602 49.01564407348633 172
1756663844700 54.64128494262695 173
1756663844798 51.785377502441406 174
1756663844896 40.935691833496094 175
1756663844994 44.03330993652344 176
1756663845092 50.87269973754883 177
1756663845190 44.84495162963867 178
1756663845287 51.72490692138672 179
1756663845386 48.706687927246094 180
1756663845484 53.077362060546875 181
1756663845582 41.90959930419922 182
1756663845679 46.05442428588867 183
1756663845779 40.18861770629883 184
1756663845877 45.199562072753906 185
1756663845975 48.563018798828125 186
1756663846072 48.43499755859375 187
1756663846170 44.467159271240234 188
1756663846268 47.1292724609375 189
1756663846365 47.679073333740234 190
1756663846464 43.02344512939453 191
1756663846564 46.389495849609375 192
1756663846663 49.52147674560547 193
1756663846762 36.186058044433594 194
1756663846860 53.68241500854492 195
1756663846958 49.68089294433594 196
1756663847056 51.12907791137695 197
1756663847154 51.44025802612305 198
1756663847252 42.66675567626953 199
1756663847350 49.046775817871094 200
1756663847448 51.37013626098633 201
1756663847546 51.442909240722656 202
1756663847646 47.50679397583008 203
1756663847744 45.8717155456543 204
1756663847842 47.2640266418457 205
1756663847939 50.585838317871094 206
1756663848038 44.795536041259766 207
1756663848138 46.081302642822266 208
1756663848236 44.358489990234375 209
1756663848335 42.23606491088867 210
1756663848433 45.96429443359375 211
1756663848530 55.61945724487305 212
1756663848631 41.67264938354492 213
1756663848729 49.0993537902832 214
1756663848828 47.14946746826172 215
1756663848926 45.30744552612305 216
1756663849024 53.926246643066406 217
1756663849124 46.08720016479492 218
1756663849221 51.086280822753906 219
1756663849320 48.0480842590332 220
1756663849419 48.43468475341797 221
1756663849518 51.56557083129883 222
1756663849619 44.52277755737305 223
1756663849716 49.28064727783203 224
1756663849814 48.13085174560547 225
1756663849913 42.57948303222656 226
1756663850014 46.12770462036133 227
1756663850113 43.10021209716797 228
1756663850211 50.08472442626953 229
1756663850310 51.95623779296875 230
1756663850407 41.9119987487793 231
1756663850505 49.458106994628906 232
1756663850605 46.93757629394531 233
1756663850702 47.664730072021484 234
1756663850799 45.99393844604492 235
1756663850898 46.30104064941406 236
1756663850995 46.903934478759766 237
1756663851094 43.731300354003906 238
1756663851193 61.15626907348633 239
1756663851290 41.11830139160156 240
1756663851389 46.179161071777344 241
1756663851486 51.96577072143555 242
1756663851584 48.53447723388672 243
1756663851683 43.89868927001953 244
1756663851779 40.835044860839844 245
1756663851877 40.42810821533203 246
1756663851974 52.67417526245117 247
1756663852071 42.57304382324219 248
1756663852168 50.69178771972656 249
1756663852276 43.4369010925293 250
1756663852373 45.0438232421875 251
1756663852471 46.575111389160156 252
1756663852569 51.17467498779297 253
1756663852666 39.632408142089844 254
1756663852764 47.09086990356445 255
1756663852862 45.47502899169922 256
1756663852960 58.391075134277344 257
1756663853057 47.66188430786133 258
1756663853155 40.7531852722168 259
1756663853252 45.63751983642578 260
1756663853350 51.82697677612305 261
1756663853447 56.39308547973633 262
1756663853545 44.85691833496094 263
1756663853643 52.1707649230957 264
1756663853741 41.22704315185547 265
1756663853838 44.70694351196289 266
1756663853935 47.02408981323242 267
1756663854033 55.5644416809082 268
1756663854135 56.6641731262207 269
1756663854233 48.49064254760742 270
1756663854330 43.38899230957031 271
1756663854428 42.85231018066406 272
1756663854527 47.757843017578125 273
1756663854626 51.372764587402344 274
1756663854725 39.91364288330078 275
1756663854828 49.18334197998047 276
1756663854934 43.96270751953125 277
1756663855032 39.36438751220703 278
1756663855132 43.66090774536133 279
1756663855230 43.85797882080078 280
1756663855328 48.54835510253906 281
1756663855427 54.31734085083008 282
1756663855526 44.352745056152344 283
1756663855625 48.60177993774414 284
1756663855722 41.530513763427734 285
1756663855820 40.520225524902344 286
1756663855919 40.853416442871094 287
1756663856017 42.704307556152344 288
1756663856116 46.32378387451172 289
1756663856215 49.630348205566406 290
1756663856314 54.18604278564453 291
1756663856412 48.766265869140625 292
1756663856511 42.760353088378906 293
1756663856611 43.7740364074707 294
1756663856711 41.92058563232422 295
1756663856808 42.396827697753906 296
1756663856907 45.40553665161133 297
1756663857005 50.81765365600586 298
1756663857103 47.52379608154297 299
1756663865319 96.45177459716797 0
1756663865437 82.4288330078125 1
1756663865551 64.68403625488281 2
1756663865660 66.10743713378906 3
1756663865764 63.649681091308594 4
1756663865882 62.83154296875 5
1756663865998 55.55111312866211 6
1756663866108 56.72926330566406 7
1756663866221 62.370574951171875 8
1756663866335 54.33835983276367 9
1756663866447 58.67002868652344 10
1756663866554 50.91643142700195 11
1756663866681 51.48173522949219 12
1756663866792 57.13666915893555 13
1756663866897 53.5975456237793 14
1756663867006 55.63514709472656 15
1756663867116 47.12017822265625 16
1756663867219 52.57353973388672 17
1756663867328 50.47596740722656 18
1756663867442 49.67207717895508 19
1756663867551 49.574729919433594 20
1756663867659 56.32456970214844 21
1756663867776 52.62738037109375 22
1756663867892 44.773460388183594 23
1756663868005 53.827369689941406 24
1756663868116 50.399452209472656 25
1756663868231 44.4163932800293 26
1756663868339 47.797672271728516 27
1756663868449 46.90143585205078 28
1756663868550 44.621334075927734 29
1756663868654 47.76185989379883 30
1756663868766 53.624053955078125 31
1756663868879 54.5042839050293 32
1756663868993 52.98171615600586 33
1756663869102 51.422672271728516 34
1756663869209 45.2205810546875 35
1756663869322 48.22972869873047 36
1756663869430 40.96438980102539 37
1756663869543 44.07097244262695 38
1756663869653 48.606475830078125 39
1756663869759 48.69595718383789 40
1756663869864 46.11650848388672 41
1756663869971 50.43718719482422 42
1756663870075 44.76020812988281 43
1756663870184 43.28419494628906 44
1756663870296 33.586177825927734 45
1756663870406 48.69084930419922 46
1756663870517 44.2885627746582 47
1756663870620 44.79750442504883 48
1756663870731 53.855709075927734 49
1756663870839 40.58213806152344 50
1756663870950 46.68171691894531 51
1756663871059 36.1392822265625 52
1756663871166 51.63428497314453 53
1756663871280 40.18452835083008 54
1756663871386 50.129825592041016 55
1756663871494 45.229549407958984 56
1756663871605 45.57254409790039 57
1756663871714 48.24284362792969 58
1756663871821 43.17803192138672 59
1756663871928 50.932403564453125 60
1756663872041 47.86001205444336 61
1756663872147 45.61278533935547 62
1756663872258 43.95857238769531 63
1756663872368 49.51799774169922 64
1756663872476 40.318721771240234 65
1756663872586 50.57738494873047 66
1756663872697 47.64105224609375 67
1756663872808 50.439720153808594 68
1756663872914 37.44965362548828 69
1756663873018 47.01763916015625 70
1756663873123 43.59012222290039 71
1756663873235 44.7915153503418 72
1756663873347 46.23477554321289 73
1756663873452 51.322044372558594 74
1756663873554 42.97016525268555 75
1756663873664 37.262508392333984 76
1756663873771 42.5268440246582 77
1756663873880 42.37385177612305 78
1756663873986 43.546722412109375 79
1756663874093 49.58794403076172 80
1756663874199 48.20554733276367 81
1756663874313 44.21331024169922 82
1756663874423 51.1876220703125 83
1756663874528 43.42491149902344 84
1756663874632 39.618980407714844 85
1756663874736 42.898460388183594 86
1756663874839 42.892704010009766 87
1756663874943 51.308013916015625 88
1756663875045 47.47738265991211 89
1756663875152 51.71908187866211 90
1756663875256 42.061302185058594 91
1756663875358 44.702369689941406 92
1756663875463 44.78710174560547 93
1756663875569 54.190120697021484 94
1756663875676 46.673728942871094 95
1756663875783 40.728492736816406 96
1756663875897 41.55097579956055 97
1756663876007 45.899600982666016 98
1756663876119 53.15974044799805 99
1756663876229 40.28708267211914 100
1756663876338 43.574737548828125 101
1756663876448 49.31090545654297 102
1756663876558 44.867733001708984 103
1756663876671 43.526126861572266 104
1756663876781 39.336055755615234 105
1756663876893 55.80598068237305 106
1756663877003 48.593746185302734 107
1756663877115 44.20172882080078 108
1756663877225 53.53641128540039 109
1756663877333 49.578338623046875 110
1756663877449 48.98960494995117 111
1756663877555 42.15117263793945 112
1756663877661 40.657676696777344 113
1756663877768 50.404754638671875 114
1756663877879 42.71158218383789 115
1756663877989 49.55530548095703 116
1756663878103 40.6011962890625 117
1756663878214 44.416446685791016 118
1756663878328 39.98911666870117 119
1756663878434 54.25497055053711 120
1756663878539 49.52323532104492 121
1756663878649 53.30258560180664 122
1756663878758 45.15581130981445 123
1756663878866 41.37208938598633 124
1756663878974 47.40282440185547 125
1756663879085 41.415897369384766 126
1756663879197 41.18085479736328 127
1756663879310 41.70947265625 128
1756663879425 43.946773529052734 129
1756663879535 54.72823715209961 130
1756663879646 51.9970817565918 131
1756663879757 43.43344497680664 132
1756663879861 45.69617462158203 133
1756663879967 44.97310256958008 134
1756663880075 43.45745849609375 135
1756663880191 43.51423263549805 136
1756663880302 56.83685302734375 137
1756663880411 46.42714309692383 138
1756663880519 50.43241882324219 139
1756663880627 52.789772033691406 140
1756663880732 56.99393081665039 141
1756663880839 44.804908752441406 142
1756663880945 37.781707763671875 143
1756663881055 44.26593780517578 144
1756663881159 42.943878173828125 145
1756663881265 47.06837844848633 146
1756663881378 39.475013732910156 147
1756663881488 44.17881774902344 148
1756663881596 45.90043258666992 149
1756663881704 49.73137283325195 150
1756663881810 47.814453125 151
1756663881920 46.62249755859375 152
1756663882031 44.64854431152344 153
1756663882136 37.9118766784668 154
1756663882240 47.68656539916992 155
1756663882346 46.52082824707031 156
1756663882461 41.537574768066406 157
1756663882577 47.425270080566406 158
1756663882690 44.85801696777344 159
1756663882803 47.80323791503906 160
1756663882928 42.21963882446289 161
1756663883047 48.677146911621094 162
1756663883156 44.366493225097656 163
1756663883266 44.91504669189453 164
1756663883378 46.63944625854492 165
1756663883489 44.794166564941406 166
1756663883595 46.80814743041992 167
1756663883703 46.7763557434082 168
1756663883810 48.86196517944336 169
1756663883921 48.05973815917969 170
1756663884029 40.81636428833008 171
1756663884138 46.499534606933594 172
1756663884244 48.217926025390625 173
1756663884355 37.076683044433594 174
1756663884464 42.8593864440918 175
1756663884572 48.54819107055664 176
1756663884687 42.471248626708984 177
1756663884805 49.254150390625 178
1756663884918 45.43973922729492 179
1756663885025 45.630428314208984 180
1756663885133 48.611358642578125 181
1756663885240 46.7549934387207 182
1756663885352 37.74479675292969 183
1756663885457 36.95174026489258 184
1756663885564 42.55326461791992 185
1756663885674 43.05570602416992 186
1756663885786 45.793067932128906 187
1756663885891 45.77985763549805 188
1756663885997 44.563323974609375 189
1756663886111 45.61419677734375 190
1756663886217 43.50981140136719 191
1756663886323 50.485511779785156 192
1756663886433 50.008934020996094 193
1756663886544 51.31583023071289 194
1756663886656 42.625648498535156 195
1756663886771 44.66421127319336 196
1756663886886 41.997352600097656 197
1756663886998 37.914085388183594 198
1756663887108 36.46756362915039 199
1756663887216 42.27212905883789 200
1756663887325 50.26278305053711 201
1756663887431 44.781036376953125 202
1756663887540 42.65465545654297 203
1756663887643 45.25606155395508 204
1756663887754 43.371124267578125 205
1756663887867 52.234352111816406 206
1756663887973 45.13693618774414 207
1756663888087 45.8282470703125 208
1756663888193 53.23039627075195 209
1756663888298 44.8640251159668 210
1756663888400 43.545406341552734 211
1756663888509 46.46393966674805 212
1756663888619 45.7261962890625 213
1756663888728 44.50800323486328 214
1756663888840 43.53422927856445 215
1756663888954 44.52239990234375 216
1756663889065 39.49694061279297 217
1756663889189 46.734806060791016 218
1756663889296 44.47636032104492 219
1756663889407 39.45662307739258 220
1756663889515 51.100860595703125 221
1756663889627 42.178009033203125 222
1756663889736 43.347835540771484 223
1756663889845 46.086177825927734 224
1756663889955 39.78600311279297 225
1756663890066 45.2415885925293 226
1756663890176 49.59434127807617 227
1756663890286 41.453800201416016 228
1756663890393 50.77745819091797 229
1756663890501 47.72926330566406 230
1756663890607 49.47914123535156 231
1756663890718 47.94171905517578 232
1756663890821 39.62255096435547 233
1756663890926 40.01174545288086 234
1756663891036 49.13744354248047 235
1756663891149 38.43365478515625 236
1756663891258 44.05337142944336 237
1756663891366 45.50490188598633 238
1756663891477 36.922245025634766 239
1756663891584 52.69344711303711 240
1756663891688 45.895729064941406 241
1756663891799 43.643306732177734 242
1756663891911 44.642635345458984 243
1756663892021 42.86874008178711 244
1756663892128 42.91347122192383 245
1756663892239 47.59847640991211 246
1756663892351 37.8469123840332 247
1756663892459 37.87744140625 248
1756663892569 41.49570846557617 249
1756663892683 46.47532653808594 250
1756663892795 42.57221603393555 251
1756663892916 37.49476623535156 252
1756663893028 40.66161346435547 253
1756663893140 48.91399383544922 254
1756663893252 40.0322265625 255
1756663893359 55.27481460571289 256
1756663893466 43.11436080932617 257
1756663893577 39.882144927978516 258
1756663893686 48.263702392578125 259
1756663893794 48.151607513427734 260
1756663893902 44.030052185058594 261
1756663894017 46.79572677612305 262
1756663894121 45.88520431518555 263
1756663894228 48.42640686035156 264
1756663894336 47.60655212402344 265
1756663894447 49.97562789916992 266
1756663894555 43.75794982910156 267
1756663894664 43.137794494628906 268
1756663894774 49.08977127075195 269
1756663894884 45.157997131347656 270
1756663894996 49.90686798095703 271
1756663895108 49.54600524902344 272
1756663895217 50.82665252685547 273
1756663895322 42.0952033996582 274
1756663895432 40.80557632446289 275
1756663895538 54.793575286865234 276
1756663895648 45.332008361816406 277
1756663895753 52.421695709228516 278
1756663895858 42.682716369628906 279
1756663895966 41.865848541259766 280
1756663896074 45.39093017578125 281
1756663896191 43.44056701660156 282
1756663896304 48.6239013671875 283
1756663896422 48.894691467285156 284
1756663896527 44.96943664550781 285
1756663896636 44.637752532958984 286
1756663896746 47.88460922241211 287
1756663896856 51.97016525268555 288
1756663896965 40.41807556152344 289
1756663897075 41.432884216308594 290
1756663897187 43.033042907714844 291
1756663897298 45.58195495605469 292
1756663897412 40.12372970581055 293
1756663897528 47.02371597290039 294
1756663897634 51.866249084472656 295
1756663897742 42.87639236450195 296
1756663897855 45.65302276611328 297
1756663897962 43.80221176147461 298
1756663898068 51.39815902709961 299
1756663906280 94.50626373291016 0
1756663906401 76.72435760498047 1
1756663906516 60.24772262573242 2
1756663906626 54.04937744140625 3
1756663906745 64.7459487915039 4
1756663906858 62.00434112548828 5
1756663906968 53.38566207885742 6
1756663907075 60.833038330078125 7
1756663907186 65.59052276611328 8
1756663907296 50.428775787353516 9
1756663907409 47.41659927368164 10
1756663907514 51.17777633666992 11
1756663907617 47.47259521484375 12
1756663907729 47.09196472167969 13
1756663907835 56.920166015625 14
1756663907942 47.44005584716797 15
1756663908055 54.26701736450195 16
1756663908163 53.945960998535156 17
1756663908272 57.099273681640625 18
1756663908385 52.31999969482422 19
1756663908493 54.8043098449707 20
1756663908602 48.557533264160156 21
1756663908706 54.98120880126953 22
1756663908814 48.82170867919922 23
1756663908927 48.0130615234375 24
1756663909029 54.443870544433594 25
1756663909135 50.447940826416016 26
1756663909247 45.45677947998047 27
1756663909358 43.64638137817383 28
1756663909464 45.04888153076172 29
1756663909572 47.77704620361328 30
1756663909675 46.85773468017578 31
1756663909777 48.940879821777344 32
1756663909884 46.551795959472656 33
1756663909999 51.08018493652344 34
1756663910112 51.29383087158203 35
1756663910228 48.912269592285156 36
1756663910340 46.15185546875 37
1756663910450 39.494483947753906 38
1756663910568 49.84515380859375 39
1756663910686 46.966270446777344 40
1756663910794 41.609188079833984 41
1756663910902 39.224124908447266 42
1756663911013 47.15146255493164 43
1756663911125 47.89789962768555 44
1756663911237 46.022613525390625 45
1756663911342 39.61566925048828 46
1756663911452 49.61840057373047 47
1756663911558 45.738136291503906 48
1756663911663 44.63348388671875 49
1756663911771 40.033451080322266 50
1756663911873 49.134559631347656 51
1756663911980 45.082069396972656 52
1756663912091 48.8662223815918 53
1756663912205 49.071895599365234 54
1756663912318 54.81084442138672 55
1756663912428 47.334571838378906 56
1756663912534 44.013572692871094 57
1756663912638 41.98074722290039 58
1756663912745 45.43653106689453 59
1756663912849 45.17012405395508 60
1756663912960 47.85805130004883 61
1756663913082 45.36566925048828 62
1756663913203 46.199893951416016 63
1756663913325 47.799400329589844 64
1756663913444 47.34354019165039 65
1756663913553 41.52275466918945 66
1756663913659 43.20675277709961 67
1756663913766 41.98564910888672 68
1756663913882 36.27587127685547 69
1756663913988 49.42781066894531 70
1756663914096 41.984413146972656 71
1756663914210 39.37776565551758 72
1756663914322 40.1179084777832 73
1756663914434 55.56233596801758 74
1756663914545 46.38207244873047 75
1756663914659 40.84098434448242 76
1756663914771 39.597991943359375 77
1756663914881 42.382930755615234 78
1756663914990 50.73814010620117 79
1756663915102 39.84599685668945 80
1756663915220 46.42229461669922 81
1756663915336 49.16317367553711 82
1756663915442 42.21635818481445 83
1756663915551 48.09589385986328 84
1756663915665 38.284812927246094 85
1756663915774 45.3795051574707 86
1756663915879 41.83575439453125 87
1756663915986 44.478675842285156 88
1756663916090 44.19279098510742 89
1756663916196 44.14183807373047 90
1756663916306 47.75194549560547 91
1756663916411 43.461708068847656 92
1756663916515 39.94405746459961 93
1756663916625 50.97515106201172 94
1756663916737 44.19816970825195 95
1756663916850 40.507781982421875 96
1756663916954 43.771575927734375 97
1756663917059 36.73924255371094 98
1756663917163 41.674110412597656 99
1756663917268 41.66441345214844 100
1756663917374 42.7740592956543 101
1756663917480 42.706520080566406 102
1756663917589 49.093223571777344 103
1756663917693 39.287841796875 104
1756663917806 45.45647048950195 105
1756663917919 43.00602722167969 106
1756663918034 46.189697265625 107
1756663918140 50.12751007080078 108
1756663918250 47.27997970581055 109
1756663918361 52.10309982299805 110
1756663918467 51.34882354736328 111
1756663918581 44.784385681152344 112
1756663918692 42.15778732299805 113
1756663918799 49.34004211425781 114
1756663918904 40.536048889160156 115
1756663919013 48.776302337646484 116
1756663919122 57.2710075378418 117
1756663919240 41.757747650146484 118
1756663919348 42.227760314941406 119
1756663919457 38.8934326171875 120
1756663919571 43.91350555419922 121
1756663919680 48.667762756347656 122
1756663919783 39.56508255004883 123
1756663919890 45.59893798828125 124
1756663920000 50.16093063354492 125
1756663920105 43.05504608154297 126
1756663920210 41.305763244628906 127
1756663920324 42.797218322753906 128
1756663920439 52.29534149169922 129
1756663920548 42.71168899536133 130
1756663920661 46.365318298339844 131
1756663920770 48.90653610229492 132
1756663920879 42.83611297607422 133
1756663920995 47.22355651855469 134
1756663921104 43.74774932861328 135
1756663921214 49.88999557495117 136
1756663921317 43.41889190673828 137
1756663921429 48.646846771240234 138
1756663921538 39.65206527709961 139
1756663921642 41.714881896972656 140
1756663921750 46.685028076171875 141
1756663921858 49.84143829345703 142
1756663921968 43.266746520996094 143
1756663922083 46.258262634277344 144
1756663922196 45.60064697265625 145
1756663922309 45.32639694213867 146
1756663922415 42.89399719238281 147
1756663922527 44.14889907836914 148
1756663922647 49.62792205810547 149
1756663922760 39.887691497802734 150
1756663922870 48.06443405151367 151
1756663922982 48.94028854370117 152
1756663923090 46.78821563720703 153
1756663923207 43.19298553466797 154
1756663923320 48.912410736083984 155
1756663923431 35.51321029663086 156
1756663923542 45.910400390625 157
1756663923644 45.486900329589844 158
1756663923752 45.85220718383789 159
1756663923862 45.45415496826172 160
1756663923971 45.696800231933594 161
1756663924082 47.558895111083984 162
1756663924191 49.5630989074707 163
1756663924304 42.74879837036133 164
1756663924428 49.9475212097168 165
1756663924536 51.77788162231445 166
1756663924643 40.4150390625 167
1756663924752 42.926673889160156 168
1756663924864 41.1362190246582 169
1756663924970 48.49993133544922 170
1756663925076 49.48987579345703 171
1756663925184 41.637550354003906 172
1756663925291 48.69438552856445 173
1756663925399 46.754051208496094 174
1756663925506 44.086509704589844 175
1756663925611 44.444480895996094 176
1756663925717 51.61857986450195 177
1756663925827 46.40227127075195 178
1756663925937 48.86549377441406 179
1756663926045 46.20467758178711 180
1756663926159 41.77826690673828 181
1756663926268 47.5146598815918 182
1756663926374 43.00764465332031 183
1756663926484 42.90289306640625 184
1756663926592 45.3128776550293 185
1756663926699 41.02907180786133 186
1756663926808 44.184547424316406 187
1756663926919 44.62303924560547 188
1756663927024 42.264739990234375 189
1756663927134 52.01764678955078 190
1756663927247 48.6374397277832 191
1756663927364 45.587135314941406 192
1756663927479 46.176021575927734 193
1756663927583 50.24989318847656 194
1756663927694 45.693870544433594 195
1756663927801 52.337913513183594 196
1756663927911 37.526329040527344 197
1756663928027 49.18549728393555 198
1756663928140 49.229148864746094 199
1756663928251 49.30732345581055 200
1756663928363 49.30187225341797 201
1756663928472 37.941986083984375 202
1756663928580 43.08403396606445 203
1756663928693 51.434837341308594 204
1756663928804 39.141090393066406 205
1756663928929 38.268184661865234 206
1756663929035 42.75914764404297 207
1756663929147 45.287044525146484 208
1756663929262 43.70601272583008 209
1756663929375 50.3165397644043 210
1756663929485 44.936222076416016 211
1756663929590 37.98706817626953 212
1756663929700 43.23561096191406 213
1756663929812 45.42681884765625 214
1756663929915 44.072242736816406 215
1756663930024 43.405433654785156 216
1756663930135 36.304012298583984 217
1756663930246 38.50432205200195 218
1756663930355 45.24529266357422 219
1756663930469 52.468971252441406 220
1756663930586 43.55970001220703 221
1756663930698 34.26755142211914 222
1756663930814 46.87609100341797 223
1756663930931 44.04746627807617 224
1756663931045 50.238525390625 225
1756663931151 40.05720520019531 226
1756663931259 46.470664978027344 227
1756663931372 40.739105224609375 228
1756663931487 35.03949737548828 229
1756663931601 41.202030181884766 230
1756663931708 38.282222747802734 231
1756663931819 43.17826461791992 232
1756663931924 45.50221252441406 233
1756663932031 54.4005241394043 234
1756663932139 51.144962310791016 235
1756663932249 41.09471893310547 236
1756663932364 46.449485778808594 237
1756663932473 45.01289367675781 238
1756663932582 43.05226135253906 239
1756663932688 40.11998748779297 240
1756663932798 47.603614807128906 241
1756663932908 40.990440368652344 242
1756663933021 45.35728454589844 243
1756663933136 38.05702590942383 244
1756663933246 38.86692428588867 245
1756663933351 39.969322204589844 246
1756663933460 43.78675842285156 247
1756663933570 44.16141891479492 248
1756663933689 42.051822662353516 249
1756663933810 43.227943420410156 250
1756663933931 37.98773956298828 251
1756663934047 38.51042938232422 252
1756663934164 50.26388931274414 253
1756663934282 51.165767669677734 254
1756663934388 49.24330520629883 255
1756663934494 40.535919189453125 256
1756663934600 47.84858703613281 257
1756663934708 43.55563735961914 258
1756663934819 36.15599060058594 259
1756663934926 41.22931671142578 260
1756663935034 41.60966873168945 261
1756663935144 42.357269287109375 262
1756663935254 40.82114791870117 263
1756663935358 48.91778564453125 264
1756663935464 36.85103988647461 265
1756663935586 42.34844207763672 266
1756663935702 51.828758239746094 267
1756663935820 45.1632080078125 268
1756663935930 51.29358673095703 269
1756663936034 42.146522521972656 270
1756663936148 39.3375358581543 271
1756663936261 49.3868408203125 272
1756663936376 43.71795654296875 273
1756663936486 38.823814392089844 274
1756663936609 41.57841873168945 275
1756663936717 40.12336349487305 276
1756663936822 48.857032775878906 277
1756663936931 47.49073028564453 278
1756663937042 48.7989387512207 279
1756663937163 48.34528732299805 280
1756663937277 42.322113037109375 281
1756663937390 49.662109375 282
1756663937498 43.57697296142578 283
1756663937604 39.44676208496094 284
1756663937716 44.94743347167969 285
1756663937830 39.31639862060547 286
1756663937938 50.88469696044922 287
1756663938046 41.72869873046875 288
1756663938154 49.85536575317383 289
1756663938261 39.28316116333008 290
1756663938370 45.65373992919922 291
1756663938473 53.28900909423828 292
1756663938577 36.29222869873047 293
1756663938685 50.3162841796875 294
1756663938790 49.92154312133789 295
1756663938896 44.65410614013672 296
1756663939000 53.150169372558594 297
1756663939110 49.56096267700195 298
1756663939222 49.586585998535156 299
1756663947478 99.98607635498047 0
1756663947611 99.10997772216797 1
1756663947737 95.85753631591797 2
1756663947863 92.7171859741211 3
1756663947988 82.20265197753906 4
1756663948114 75.28551483154297 5
1756663948240 67.80233764648438 6
1756663948366 81.76371765136719 7
1756663948493 75.92115783691406 8
1756663948619 69.26905822753906 9
1756663948746 70.0421142578125 10
1756663948874 70.92261505126953 11
1756663949001 71.07794952392578 12
1756663949127 65.73410034179688 13
1756663949284 74.78956604003906 14
1756663949411 58.77747344970703 15
1756663949539 72.31816101074219 16
1756663949665 51.147499084472656 17
1756663949791 66.04055786132812 18
1756663949917 64.08596801757812 19
1756663950044 67.60663604736328 20
1756663950172 68.55030059814453 21
1756663950300 63.64390563964844 22
1756663950426 57.300559997558594 23
1756663950553 66.88404846191406 24
1756663950680 63.449798583984375 25
1756663950807 61.03396224975586 26
1756663950933 56.97843551635742 27
1756663951061 61.58189392089844 28
1756663951186 57.6514778137207 29
1756663951315 67.66079711914062 30
1756663951443 56.09569549560547 31
1756663951570 60.78471755981445 32
1756663951698 61.660194396972656 33
1756663951825 59.741878509521484 34
1756663951950 67.5816421508789 35
1756663952077 59.95183181762695 36
1756663952204 58.87339401245117 37
1756663952335 60.06224822998047 38
1756663952462 55.502681732177734 39
1756663952588 58.16952133178711 40
1756663952715 63.869361877441406 41
1756663952840 52.755130767822266 42
1756663952965 54.456031799316406 43
1756663953091 61.66392517089844 44
1756663953218 59.72269821166992 45
1756663953345 57.46063995361328 46
1756663953473 63.61361312866211 47
1756663953601 51.23684310913086 48
1756663953728 63.80315399169922 49
1756663953854 62.456016540527344 50
1756663953981 49.391265869140625 51
1756663954109 45.35610580444336 52
1756663954237 57.94406509399414 53
1756663954368 57.46660614013672 54
1756663954495 58.03319549560547 55
1756663954623 54.47618103027344 56
1756663954751 49.43190002441406 57
1756663954879 62.64932632446289 58
1756663955006 61.87425231933594 59
1756663955134 43.9530029296875 60
1756663955261 56.413414001464844 61
1756663955388 50.576229095458984 62
1756663955516 57.48847961425781 63
1756663955644 53.02665710449219 64
1756663955773 51.63567352294922 65
1756663955900 63.389488220214844 66
1756663956027 53.51314163208008 67
1756663956155 59.02217483520508 68
1756663956284 46.16658020019531 69
1756663956412 61.26284408569336 70
1756663956541 59.76926040649414 71
1756663956668 48.551517486572266 72
1756663956798 48.51645278930664 73
1756663956926 56.55184555053711 74
1756663957054 45.722312927246094 75
1756663957181 58.5928955078125 76
1756663957309 48.727996826171875 77
1756663957438 56.32198715209961 78
1756663957566 48.42525100708008 79
1756663957695 56.42217254638672 80
1756663957822 62.747615814208984 81
1756663957951 60.8892707824707 82
1756663958079 64.17133331298828 83
1756663958208 59.689212799072266 84
1756663958336 53.570743560791016 85
1756663958465 53.266441345214844 86
1756663958594 59.780731201171875 87
1756663958723 56.43006896972656 88
1756663958851 51.778324127197266 89
1756663958979 51.51049041748047 90
1756663959110 64.1714096069336 91
1756663959239 52.21092987060547 92
1756663959368 50.99547576904297 93
1756663959495 49.19976043701172 94
1756663959622 60.65911865234375 95
1756663959751 61.072940826416016 96
1756663959879 56.739925384521484 97
1756663960009 58.938289642333984 98
1756663960138 55.21566390991211 99
1756663960267 59.689971923828125 100
1756663960397 60.07084274291992 101
1756663960527 51.817691802978516 102
1756663960654 43.58790969848633 103
1756663960784 43.850608825683594 104
1756663960912 53.093727111816406 105
1756663961040 57.9451904296875 106
1756663961169 51.79507064819336 107
1756663961298 58.541725158691406 108
1756663961426 55.92777633666992 109
1756663961556 57.096649169921875 110
1756663961686 65.27546691894531 111
1756663961814 56.9705810546875 112
1756663961944 61.54756546020508 113
1756663962073 55.00507354736328 114
1756663962216 45.468780517578125 115
1756663962344 60.421566009521484 116
1756663962473 45.58708190917969 117
1756663962602 56.76356506347656 118
1756663962732 60.247398376464844 119
1756663962861 54.16181945800781 120
1756663962990 55.41036605834961 121
1756663963119 61.52544021606445 122
1756663963248 63.34071350097656 123
1756663963378 52.24903106689453 124
1756663963507 51.13703155517578 125
1756663963636 53.92465591430664 126
1756663963766 58.22867202758789 127
1756663963897 56.11556625366211 128
1756663964025 61.32286071777344 129
1756663964154 53.420597076416016 130
1756663964286 53.722896575927734 131
1756663964415 62.591773986816406 132
1756663964543 60.019588470458984 133
1756663964672 54.0811767578125 134
1756663964803 62.957786560058594 135
1756663964932 47.5633544921875 136
1756663965061 56.461585998535156 137
1756663965192 54.59537124633789 138
1756663965320 61.7421760559082 139
1756663965448 50.29835891723633 140
1756663965577 56.88167953491211 141
1756663965706 54.734893798828125 142
1756663965835 67.68401336669922 143
1756663965968 50.18309020996094 144
1756663966098 50.578304290771484 145
1756663966230 56.24781036376953 146
1756663966358 64.93675231933594 147
1756663966486 61.24460983276367 148
1756663966614 61.50405502319336 149
1756663966749 48.88896942138672 150
1756663966876 43.50020217895508 151
1756663967004 57.677513122558594 152
1756663967133 50.22584533691406 153
1756663967263 57.09305953979492 154
1756663967392 53.49763870239258 155
1756663967521 46.90795135498047 156
1756663967650 49.049652099609375 157
1756663967781 41.87828063964844 158
1756663967910 47.66157150268555 159
1756663968038 50.5535888671875 160
1756663968166 55.045589447021484 161
1756663968297 54.48017883300781 162
1756663968424 58.056800842285156 163
1756663968552 57.82583236694336 164
1756663968681 52.69670867919922 165
1756663968811 45.113887786865234 166
1756663968939 63.073421478271484 167
1756663969069 59.74065017700195 168
1756663969198 61.407875061035156 169
1756663969326 56.514339447021484 170
1756663969458 63.646915435791016 171
1756663969585 45.136478424072266 172
1756663969713 56.59077072143555 173
1756663969841 58.308570861816406 174
1756663969969 59.8304443359375 175
1756663970100 56.766021728515625 176
1756663970230 56.36719512939453 177
1756663970358 50.918331146240234 178
1756663970486 53.624454498291016 179
1756663970615 47.4822998046875 180
1756663970745 57.96141815185547 181
1756663970874 49.952117919921875 182
1756663971004 57.88938903808594 183
1756663971132 54.05327224731445 184
1756663971262 52.38550567626953 185
1756663971389 68.17082214355469 186
1756663971518 50.60074234008789 187
1756663971647 52.46684646606445 188
1756663971777 52.4998779296875 189
1756663971906 56.85508728027344 190
1756663972034 59.002471923828125 191
1756663972163 53.553470611572266 192
1756663972293 51.342315673828125 193
1756663972422 45.88117980957031 194
1756663972553 44.52520751953125 195
1756663972684 58.168643951416016 196
1756663972814 50.43709945678711 197
1756663972943 59.17066192626953 198
1756663973071 52.2597541809082 199
1756663973201 50.98115921020508 200
1756663973332 56.841365814208984 201
1756663973462 55.84397888183594 202
1756663973591 63.62302780151367 203
1756663973720 54.653995513916016 204
1756663973851 49.75284194946289 205
1756663973980 60.17030334472656 206
1756663974108 53.283164978027344 207
1756663974238 63.727630615234375 208
1756663974368 60.90094757080078 209
1756663974497 54.81792068481445 210
1756663974628 52.25335693359375 211
1756663974758 45.509578704833984 212
1756663974888 53.02660369873047 213
1756663975018 61.14444351196289 214
1756663975147 51.85128402709961 215
1756663975277 53.0297737121582 216
1756663975408 56.74268341064453 217
1756663975538 53.5654411315918 218
1756663975669 62.084075927734375 219
1756663975800 48.52173614501953 220
1756663975929 56.62557601928711 221
1756663976059 58.62975311279297 222
1756663976188 50.7212028503418 223
1756663976318 49.3419189453125 224
1756663976447 55.55950927734375 225
1756663976577 50.55104064941406 226
1756663976708 59.52393341064453 227
1756663976838 50.601463317871094 228
1756663976968 52.777671813964844 229
1756663977097 66.2728042602539 230
1756663977227 51.643985748291016 231
1756663977356 63.88319396972656 232
1756663977485 49.0274543762207 233
1756663977616 61.36956024169922 234
1756663977745 55.11514663696289 235
1756663977874 53.79816818237305 236
1756663978004 53.50969314575195 237
1756663978133 53.59067916870117 238
1756663978263 55.15764236450195 239
1756663978391 57.36307907104492 240
1756663978521 62.62102127075195 241
1756663978650 64.34525299072266 242
1756663978779 52.98955535888672 243
1756663978909 48.490745544433594 244
1756663979038 55.8646354675293 245
1756663979168 56.480926513671875 246
1756663979298 47.94937515258789 247
1756663979427 58.46219253540039 248
1756663979556 50.55677032470703 249
1756663979685 46.29341506958008 250
1756663979814 48.070556640625 251
1756663979944 57.23991394042969 252
1756663980073 54.45257568359375 253
1756663980203 55.86644744873047 254
1756663980333 56.88602066040039 255
1756663980473 51.25258255004883 256
1756663980603 55.04889678955078 257
1756663980733 55.876583099365234 258
1756663980862 53.366031646728516 259
1756663980992 61.0042724609375 260
1756663981122 53.03565216064453 261
1756663981252 49.87116622924805 262
1756663981381 53.6468620300293 263
1756663981511 52.18960952758789 264
1756663981641 49.615936279296875 265
1756663981771 53.39762878417969 266
1756663981901 58.88425827026367 267
1756663982029 52.962364196777344 268
1756663982160 56.59894943237305 269
1756663982289 52.76560592651367 270
1756663982419 52.31416320800781 271
1756663982549 55.37577438354492 272
1756663982678 58.25745391845703 273
1756663982808 59.37205123901367 274
1756663982937 50.16252517700195 275
1756663983067 49.27819061279297 276
1756663983196 50.7210807800293 277
1756663983327 52.908931732177734 278
1756663983457 54.79694747924805 279
1756663983586 55.0880126953125 280
1756663983716 55.94008255004883 281
1756663983847 59.93666076660156 282
1756663983974 59.49787902832031 283
1756663984103 49.90674591064453 284
1756663984233 57.065731048583984 285
1756663984363 43.2022819519043 286
1756663984492 57.74581527709961 287
1756663984622 59.18241882324219 288
1756663984753 53.97471618652344 289
1756663984883 53.188499450683594 290
1756663985013 64.08641052246094 291
1756663985142 51.829681396484375 292
1756663985272 58.97006607055664 293
1756663985401 61.26255798339844 294
1756663985531 57.80321502685547 295
1756663985660 55.18435287475586 296
1756663985790 59.35698318481445 297
1756663985920 55.08823013305664 298
1756663986049 55.47093200683594 299
1756663994286 98.85783386230469 0
1756663994417 89.15751647949219 1
1756663994545 75.45944213867188 2
1756663994672 68.45405578613281 3
1756663994802 66.00462341308594 4
1756663994929 67.42848205566406 5
1756663995057 67.76782989501953 6
1756663995189 62.234161376953125 7
1756663995318 59.907997131347656 8
1756663995448 61.584503173828125 9
1756663995576 58.40558624267578 10
1756663995709 70.08085632324219 11
1756663995848 59.048377990722656 12
1756663995978 55.24852752685547 13
1756663996109 61.006126403808594 14
1756663996240 54.7077522277832 15
1756663996373 52.20470428466797 16
1756663996504 57.694053649902344 17
1756663996636 49.92374801635742 18
1756663996768 57.391197204589844 19
1756663996899 64.30937194824219 20
1756663997030 59.664764404296875 21
1756663997162 59.00151443481445 22
1756663997293 53.90239715576172 23
1756663997423 57.0412712097168 24
1756663997557 58.83575439453125 25
1756663997688 59.71417236328125 26
1756663997819 52.544769287109375 27
1756663997950 54.22199630737305 28
1756663998082 56.611778259277344 29
1756663998213 61.128990173339844 30
1756663998345 52.570472717285156 31
1756663998476 60.84856033325195 32
1756663998610 50.78632354736328 33
1756663998742 48.33860778808594 34
1756663998874 53.148094177246094 35
1756663999005 55.43999099731445 36
1756663999136 61.527549743652344 37
1756663999269 51.44350051879883 38
1756663999401 51.603065490722656 39
1756663999533 54.9268684387207 40
1756663999665 46.96855926513672 41
1756663999796 54.913795471191406 42
1756663999928 55.201499938964844 43
1756664000059 55.403770446777344 44
1756664000190 58.38664627075195 45
1756664000322 50.30717849731445 46
1756664000452 52.06685256958008 47
1756664000583 57.11769485473633 48
1756664000715 56.94881057739258 49
1756664000846 55.89910888671875 50
1756664000976 57.406471252441406 51
1756664001107 52.939727783203125 52
1756664001239 60.0183219909668 53
1756664001371 59.152488708496094 54
1756664001501 56.032081604003906 55
1756664001632 58.3203239440918 56
1756664001763 55.66107940673828 57
1756664001894 57.69962692260742 58
1756664002025 56.1341552734375 59
1756664002156 58.89281463623047 60
1756664002287 45.547611236572266 61
1756664002418 57.31591033935547 62
1756664002549 58.93408203125 63
1756664002680 59.02129364013672 64
1756664002813 53.942481994628906 65
1756664002945 57.810707092285156 66
1756664003077 53.62549591064453 67
1756664003208 60.92475128173828 68
1756664003340 53.94304656982422 69
1756664003470 59.841819763183594 70
1756664003603 51.599266052246094 71
1756664003735 56.01555252075195 72
1756664003868 61.590309143066406 73
1756664003999 55.24799728393555 74
1756664004129 62.50990676879883 75
1756664004263 55.280670166015625 76
1756664004394 53.96002197265625 77
1756664004525 59.26738739013672 78
1756664004655 53.01652908325195 79
1756664004788 59.54021072387695 80
1756664004918 55.557212829589844 81
1756664005049 52.9902458190918 82
1756664005179 53.59260940551758 83
1756664005310 59.797332763671875 84
1756664005443 60.81847381591797 85
1756664005577 53.028053283691406 86
1756664005708 57.026573181152344 87
1756664005840 65.18696594238281 88
1756664005971 51.7330207824707 89
1756664006103 58.86153030395508 90
1756664006235 64.53052520751953 91
1756664006367 51.89141845703125 92
1756664006498 51.42841720581055 93
1756664006631 57.15900802612305 94
1756664006765 55.86284255981445 95
1756664006902 56.92504119873047 96
1756664007040 51.287315368652344 97
1756664007173 46.30609893798828 98
1756664007305 57.37662887573242 99
1756664007437 60.35565185546875 100
1756664007569 57.296592712402344 101
1756664007701 59.10606002807617 102
1756664007834 61.14796829223633 103
1756664007965 59.461822509765625 104
1756664008097 53.20283126831055 105
1756664008230 52.2613410949707 106
1756664008364 55.39911651611328 107
1756664008499 66.25325012207031 108
1756664008632 57.36500930786133 109
1756664008764 53.66277313232422 110
1756664008896 51.31190872192383 111
1756664009028 50.76498031616211 112
1756664009160 57.92705535888672 113
1756664009298 53.75548553466797 114
1756664009429 50.03567886352539 115
1756664009561 39.39387130737305 116
1756664009692 56.90633010864258 117
1756664009825 55.9957389831543 118
1756664009957 56.31407928466797 119
1756664010088 61.00325393676758 120
1756664010221 50.426605224609375 121
1756664010355 57.296844482421875 122
1756664010486 59.988014221191406 123
1756664010618 54.778175354003906 124
1756664010750 47.56174850463867 125
1756664010885 56.13689041137695 126
1756664011024 55.195838928222656 127
1756664011160 57.468421936035156 128
1756664011295 48.111717224121094 129
1756664011433 57.1879768371582 130
1756664011569 46.498023986816406 131
1756664011706 54.37974166870117 132
1756664011843 55.68156051635742 133
1756664011974 54.94183349609375 134
1756664012115 51.99620819091797 135
1756664012252 48.00893020629883 136
1756664012389 55.45656204223633 137
1756664012526 55.42925262451172 138
1756664012655 54.8802490234375 139
1756664012791 53.90882110595703 140
1756664012919 61.131797790527344 141
1756664013049 58.88623046875 142
1756664013178 61.151580810546875 143
1756664013316 52.594093322753906 144
1756664013449 50.342350006103516 145
1756664013579 55.26813888549805 146
1756664013708 53.245155334472656 147
1756664013838 56.53460693359375 148
1756664013967 54.567840576171875 149
1756664014096 54.265472412109375 150
1756664014225 55.8049430847168 151
1756664014356 56.167724609375 152
1756664014484 52.538543701171875 153
1756664014613 52.240318298339844 154
1756664014742 59.76630783081055 155
1756664014872 59.775733947753906 156
1756664015001 54.224082946777344 157
1756664015130 53.19853591918945 158
1756664015261 53.37354278564453 159
1756664015390 62.85456466674805 160
1756664015522 53.44609451293945 161
1756664015653 57.13521194458008 162
1756664015784 52.53651809692383 163
1756664015912 52.15614700317383 164
1756664016042 53.75286865234375 165
1756664016171 57.83760452270508 166
1756664016304 57.47698974609375 167
1756664016433 46.16737747192383 168
1756664016563 52.160400390625 169
1756664016692 50.10191345214844 170
1756664016825 58.59978103637695 171
1756664016954 52.99043655395508 172
1756664017084 49.663970947265625 173
1756664017213 60.051856994628906 174
1756664017344 53.36469268798828 175
1756664017473 65.668701171875 176
1756664017602 51.2259407043457 177
1756664017732 57.395233154296875 178
1756664017863 61.200538635253906 179
1756664017993 51.48701095581055 180
1756664018121 45.755775451660156 181
1756664018252 52.19673538208008 182
1756664018383 56.8122444152832 183
1756664018513 61.00336837768555 184
1756664018644 59.93756103515625 185
1756664018776 49.48141098022461 186
1756664018907 52.36600875854492 187
1756664019037 49.962039947509766 188
1756664019167 56.87530517578125 189
1756664019303 53.22890090942383 190
1756664019433 51.422767639160156 191
1756664019562 55.067298889160156 192
1756664019691 48.97311019897461 193
1756664019823 54.29351806640625 194
1756664019952 55.480804443359375 195
1756664020082 56.19256591796875 196
1756664020212 55.6826057434082 197
1756664020343 60.782928466796875 198
1756664020472 52.40520095825195 199
1756664020602 56.1073112487793 200
1756664020731 62.76935577392578 201
1756664020861 50.64771270751953 202
1756664020991 54.765533447265625 203
1756664021121 54.73247528076172 204
1756664021251 53.04430389404297 205
1756664021382 60.96449661254883 206
1756664021512 56.97679901123047 207
1756664021645 52.45277786254883 208
1756664021780 55.460289001464844 209
1756664021911 49.83736801147461 210
1756664022041 61.8629150390625 211
1756664022173 50.20737075805664 212
1756664022303 53.700462341308594 213
1756664022441 43.310340881347656 214
1756664022573 52.70970916748047 215
1756664022702 49.95921325683594 216
1756664022832 55.6427116394043 217
1756664022963 46.55229949951172 218
1756664023171 61.76976776123047 219
1756664023306 46.47692108154297 220
1756664023437 56.248504638671875 221
1756664023567 53.82550811767578 222
1756664023697 57.05841064453125 223
1756664023828 56.229835510253906 224
1756664023958 53.87554168701172 225
1756664024087 64.18004608154297 226
1756664024218 53.271514892578125 227
1756664024347 50.780426025390625 228
1756664024477 52.29804611206055 229
1756664024607 57.003448486328125 230
1756664024737 62.22035598754883 231
1756664024867 56.385162353515625 232
1756664024999 57.358421325683594 233
1756664025129 49.620704650878906 234
1756664025259 55.42744064331055 235
1756664025389 58.18425369262695 236
1756664025536 60.94431686401367 237
1756664025667 55.00532913208008 238
1756664025797 55.19816970825195 239
1756664025927 58.46123123168945 240
1756664026058 54.719276428222656 241
1756664026188 52.66594314575195 242
1756664026318 60.767372131347656 243
1756664026448 51.31977462768555 244
1756664026578 52.217689514160156 245
1756664026708 48.12641143798828 246
1756664026838 58.287139892578125 247
1756664026970 46.758113861083984 248
1756664027101 47.294647216796875 249
1756664027231 55.407249450683594 250
1756664027362 51.440399169921875 251
1756664027492 55.833824157714844 252
1756664027622 50.421905517578125 253
1756664027753 52.2678337097168 254
1756664027882 49.207115173339844 255
1756664028012 59.68537139892578 256
1756664028141 57.8980827331543 257
1756664028271 58.21452713012695 258
1756664028400 55.279205322265625 259
1756664028530 53.79771041870117 260
1756664028660 51.94355392456055 261
1756664028791 51.078369140625 262
1756664028920 50.014427185058594 263
1756664029050 58.368125915527344 264
1756664029180 61.820289611816406 265
1756664029311 52.5605583190918 266
1756664029442 50.36101531982422 267
1756664029572 53.539588928222656 268
1756664029703 55.619110107421875 269
1756664029833 58.569175720214844 270
1756664029964 51.15205383300781 271
1756664030095 52.009437561035156 272
1756664030226 55.271942138671875 273
1756664030358 57.27995681762695 274
1756664030488 59.22910690307617 275
1756664030618 53.90117263793945 276
1756664030748 54.37598419189453 277
1756664030879 52.287628173828125 278
1756664031008 57.64292526245117 279
1756664031138 48.115997314453125 280
1756664031268 56.60516357421875 281
1756664031399 53.932167053222656 282
1756664031529 54.39399337768555 283
1756664031661 50.906158447265625 284
1756664031791 55.90254592895508 285
1756664031922 53.572845458984375 286
1756664032053 58.228965759277344 287
1756664032184 59.01026153564453 288
1756664032315 54.04059982299805 289
1756664032446 62.517494201660156 290
1756664032576 52.882896423339844 291
1756664032707 61.72074508666992 292
1756664032838 57.82550048828125 293
1756664032968 56.45684814453125 294
1756664033097 58.170745849609375 295
1756664033228 56.51384735107422 296
1756664033359 59.219154357910156 297
1756664033490 53.7315673828125 298
1756664033620 51.12535858154297 299
1756664041857 96.33132934570312 0
1756664041985 80.23246765136719 1
1756664042116 62.45891571044922 2
1756664042244 65.87981414794922 3
1756664042373 60.41315460205078 4
1756664042500 63.209171295166016 5
1756664042629 59.407108306884766 6
1756664042761 65.55450439453125 7
1756664042905 54.6300048828125 8
1756664043034 51.07517623901367 9
1756664043165 59.9610481262207 10
1756664043300 55.934547424316406 11
1756664043431 55.2075309753418 12
1756664043564 59.36833572387695 13
1756664043694 59.87355422973633 14
1756664043825 57.65958786010742 15
1756664043957 51.4129638671875 16
1756664044090 52.853912353515625 17
1756664044221 46.73411560058594 18
1756664044353 50.771236419677734 19
1756664044486 57.163352966308594 20
1756664044617 49.59907150268555 21
1756664044749 51.45249557495117 22
1756664044880 61.441627502441406 23
1756664045010 55.94123458862305 24
1756664045140 58.68526077270508 25
1756664045269 48.91168212890625 26
1756664045399 48.109901428222656 27
1756664045528 52.54658508300781 28
1756664045658 51.55844497680664 29
1756664045788 50.61646270751953 30
1756664045916 46.919864654541016 31
1756664046045 48.141788482666016 32
1756664046175 53.41022491455078 33
1756664046304 53.4765739440918 34
1756664046435 45.56199264526367 35
1756664046565 50.884639739990234 36
1756664046695 51.82052230834961 37
1756664046827 46.35000991821289 38
1756664046956 44.23099136352539 39
1756664047086 44.82917404174805 40
1756664047217 49.11221694946289 41
1756664047346 52.326698303222656 42
1756664047475 54.53634262084961 43
1756664047603 50.02693176269531 44
1756664047732 54.640602111816406 45
1756664047862 48.2714729309082 46
1756664047991 51.15131759643555 47
1756664048118 56.722694396972656 48
1756664048245 47.195831298828125 49
1756664048374 48.89081573486328 50
1756664048503 52.54294967651367 51
1756664048632 59.4237060546875 52
1756664048762 46.39960479736328 53
1756664048890 43.21906661987305 54
1756664049020 46.86587905883789 55
1756664049147 48.33124542236328 56
1756664049276 49.119998931884766 57
1756664049405 48.167030334472656 58
1756664049534 49.94442367553711 59
1756664049663 51.80541229248047 60
1756664049793 51.90702438354492 61
1756664049923 44.36088180541992 62
1756664050053 50.289085388183594 63
1756664050181 49.04866027832031 64
1756664050309 54.52398681640625 65
1756664050437 53.40964889526367 66
1756664050566 50.66788101196289 67
1756664050693 43.39706039428711 68
1756664050824 49.00541305541992 69
1756664050953 49.49978256225586 70
1756664051084 43.715736389160156 71
1756664051214 41.852447509765625 72
1756664051344 47.839603424072266 73
1756664051473 53.23128890991211 74
1756664051604 51.72703170776367 75
1756664051735 54.97762680053711 76
1756664051870 52.805545806884766 77
1756664052010 56.763572692871094 78
1756664052138 45.46859359741211 79
1756664052267 56.33156204223633 80
1756664052396 48.409549713134766 81
1756664052525 45.42524719238281 82
1756664052655 50.6971321105957 83
1756664052786 46.75764465332031 84
1756664052916 57.746395111083984 85
1756664053045 47.83678436279297 86
1756664053174 49.02442169189453 87
1756664053304 52.2591552734375 88
1756664053433 41.04385757446289 89
1756664053561 58.258121490478516 90
1756664053690 42.381614685058594 91
1756664053820 53.73233413696289 92
1756664053950 42.071998596191406 93
1756664054080 48.6360969543457 94
1756664054208 49.300594329833984 95
1756664054339 45.21102523803711 96
1756664054469 44.13404846191406 97
1756664054600 52.031768798828125 98
1756664054730 51.03580093383789 99
1756664054859 42.91733932495117 100
1756664054989 43.991451263427734 101
1756664055120 60.152095794677734 102
1756664055249 50.58970642089844 103
1756664055379 51.140655517578125 104
1756664055508 50.88350296020508 105
1756664055636 46.25523376464844 106
1756664055765 49.68617248535156 107
1756664055894 51.12422561645508 108
1756664056023 47.39630889892578 109
1756664056153 49.933349609375 110
1756664056284 52.07079315185547 111
1756664056413 46.057437896728516 112
1756664056543 41.09052276611328 113
1756664056673 43.28571701049805 114
1756664056803 52.79897689819336 115
1756664056936 44.21256637573242 116
1756664057065 53.72862243652344 117
1756664057198 48.77530288696289 118
1756664057328 49.342803955078125 119
1756664057458 47.50832748413086 120
1756664057588 55.53163146972656 121
1756664057717 52.41594314575195 122
1756664057846 39.79987716674805 123
1756664057974 41.88956069946289 124
1756664058103 49.87154006958008 125
1756664058232 45.2021484375 126
1756664058361 41.26474380493164 127
1756664058490 45.214481353759766 128
1756664058619 47.68572998046875 129
1756664058748 44.40118408203125 130
1756664058878 52.91020584106445 131
1756664059006 46.92569351196289 132
1756664059136 48.85991287231445 133
1756664059264 45.38046646118164 134
1756664059394 61.01375961303711 135
1756664059524 58.07808303833008 136
1756664059653 50.09440612792969 137
1756664059781 44.533897399902344 138
1756664059911 50.54707336425781 139
1756664060041 46.38142013549805 140
1756664060170 51.452392578125 141
1756664060300 48.880043029785156 142
1756664060430 44.7371940612793 143
1756664060559 54.6578254699707 144
1756664060689 50.457279205322266 145
1756664060819 49.29405212402344 146
1756664060948 49.86970138549805 147
1756664061078 52.11141586303711 148
1756664061208 49.182071685791016 149
1756664061338 52.45051574707031 150
1756664061469 46.97456359863281 151
1756664061599 49.083091735839844 152
1756664061728 43.39589309692383 153
1756664061859 47.2050895690918 154
1756664061992 47.15806198120117 155
1756664062121 49.836124420166016 156
1756664062250 48.876014709472656 157
1756664062380 40.389854431152344 158
1756664062510 43.21282958984375 159
1756664062639 51.51320266723633 160
1756664062769 54.619319915771484 161
1756664062899 55.1708984375 162
1756664063028 43.68452072143555 163
1756664063158 41.559959411621094 164
1756664063288 48.34996032714844 165
1756664063418 44.928871154785156 166
1756664063547 51.86659240722656 167
1756664063677 48.23347091674805 168
1756664063810 49.71908187866211 169
1756664063942 48.669490814208984 170
1756664064073 53.6827392578125 171
1756664064202 43.713890075683594 172
1756664064332 40.29774475097656 173
1756664064462 48.14866638183594 174
1756664064590 48.38264083862305 175
1756664064725 46.74569320678711 176
1756664064859 42.75984191894531 177
1756664064995 53.28050231933594 178
1756664065136 46.1185417175293 179
1756664065280 53.734375 180
1756664065412 50.8992919921875 181
1756664065547 55.303489685058594 182
1756664065683 54.7856330871582 183
1756664065824 40.75059509277344 184
1756664065962 50.35306930541992 185
1756664066105 49.51970291137695 186
1756664066248 49.26810073852539 187
1756664066387 53.147430419921875 188
1756664066518 41.57819747924805 189
1756664066647 45.88471221923828 190
1756664066777 54.31023025512695 191
1756664066906 41.18149948120117 192
1756664067035 57.4288215637207 193
1756664067166 49.4355354309082 194
1756664067296 49.972259521484375 195
1756664067427 47.452083587646484 196
1756664067556 47.263153076171875 197
1756664067686 44.05852508544922 198
1756664067817 46.895713806152344 199
1756664067946 47.17445373535156 200
1756664068076 44.13676071166992 201
1756664068206 50.31454849243164 202
1756664068336 51.41718673706055 203
1756664068467 50.7691650390625 204
1756664068596 48.6346435546875 205
1756664068725 55.52953338623047 206
1756664068855 50.47453689575195 207
1756664068985 46.0599365234375 208
1756664069115 45.43269729614258 209
1756664069249 51.03403091430664 210
1756664069382 44.04600524902344 211
1756664069512 50.873634338378906 212
1756664069642 51.17939376831055 213
1756664069773 46.18210983276367 214
1756664069904 48.396949768066406 215
1756664070035 53.89076232910156 216
1756664070165 51.19932174682617 217
1756664070302 48.585601806640625 218
1756664070440 47.37348556518555 219
1756664070572 44.909793853759766 220
1756664070704 44.503658294677734 221
1756664070834 49.941246032714844 222
1756664070966 51.434776306152344 223
1756664071097 48.329917907714844 224
1756664071227 47.58583068847656 225
1756664071358 56.187469482421875 226
1756664071490 54.059513092041016 227
1756664071620 44.230411529541016 228
1756664071749 46.69889450073242 229
1756664071879 48.32365798950195 230
1756664072007 47.130653381347656 231
1756664072138 39.25807571411133 232
1756664072267 45.7510871887207 233
1756664072397 50.12042236328125 234
1756664072526 47.77082443237305 235
1756664072656 50.01610565185547 236
1756664072786 45.200653076171875 237
1756664072915 50.567535400390625 238
1756664073044 39.978145599365234 239
1756664073174 46.309383392333984 240
1756664073304 48.50996398925781 241
1756664073433 50.817420959472656 242
1756664073564 50.68049621582031 243
1756664073693 42.23939514160156 244
1756664073823 48.92790603637695 245
1756664073952 54.21533203125 246
1756664074081 50.91960525512695 247
1756664074210 50.573219299316406 248
1756664074340 44.32358932495117 249
1756664074470 45.29631423950195 250
1756664074600 46.34318542480469 251
1756664074729 56.096229553222656 252
1756664074862 47.7305908203125 253
1756664074992 50.68464660644531 254
1756664075121 43.30107116699219 255
1756664075250 52.53947067260742 256
1756664075382 50.36031723022461 257
1756664075512 54.04427719116211 258
1756664075644 50.54425811767578 259
1756664075773 53.710689544677734 260
1756664075904 40.52122116088867 261
1756664076035 46.431148529052734 262
1756664076165 50.52881622314453 263
1756664076294 50.32362365722656 264
1756664076424 43.62074279785156 265
1756664076555 50.86494827270508 266
1756664076685 44.55522155761719 267
1756664076817 48.4420280456543 268
1756664076947 45.29166030883789 269
1756664077079 48.435943603515625 270
1756664077208 44.9443473815918 271
1756664077338 59.1494140625 272
1756664077468 44.7103385925293 273
1756664077599 45.316383361816406 274
1756664077729 48.90074157714844 275
1756664077859 56.949764251708984 276
1756664077990 43.98650360107422 277
1756664078121 40.475528717041016 278
1756664078251 49.48183822631836 279
1756664078383 46.406795501708984 280
1756664078513 51.69266891479492 281
1756664078645 43.85078430175781 282
1756664078776 53.750606536865234 283
1756664078908 43.96977615356445 284
1756664079039 43.31916809082031 285
1756664079171 50.13801956176758 286
1756664079301 45.518985748291016 287
1756664079431 40.38139343261719 288
1756664079561 50.48743438720703 289
1756664079693 50.396629333496094 290
1756664079824 53.42028045654297 291
1756664079955 46.19532012939453 292
1756664080085 46.05485534667969 293
1756664080216 44.26189041137695 294
1756664080348 45.53596115112305 295
1756664080478 52.690399169921875 296
1756664080609 49.108036041259766 297
1756664080739 46.46068572998047 298
1756664080870 51.457523345947266 299
1756664089114 93.7326431274414 0
1756664089243 71.53047943115234 1
1756664089375 57.63767623901367 2
1756664089503 67.90339660644531 3
1756664089638 63.31171798706055 4
1756664089796 69.36517333984375 5
1756664089944 64.4458999633789 6
1756664090091 61.22159957885742 7
1756664090233 56.99065017700195 8
1756664090386 60.86063766479492 9
1756664090536 52.0325813293457 10
1756664090674 54.006080627441406 11
1756664090818 58.799583435058594 12
1756664090962 47.03446578979492 13
1756664091098 56.079864501953125 14
1756664091241 50.38895797729492 15
1756664091390 53.68034744262695 16
1756664091533 48.79243087768555 17
1756664091673 51.66298294067383 18
1756664091831 53.14110565185547 19
1756664091991 55.347412109375 20
1756664092125 47.236793518066406 21
1756664092257 39.74000549316406 22
1756664092388 45.77513885498047 23
1756664092520 58.664390563964844 24
1756664092651 54.172630310058594 25
1756664092782 47.069313049316406 26
1756664092915 51.090553283691406 27
1756664093047 48.808433532714844 28
1756664093179 53.349021911621094 29
1756664093311 49.732818603515625 30
1756664093443 49.881195068359375 31
1756664093574 51.07248306274414 32
1756664093704 46.77800369262695 33
1756664093835 44.711578369140625 34
1756664093967 47.02172088623047 35
1756664094097 42.83298110961914 36
1756664094230 45.92890167236328 37
1756664094369 51.70392990112305 38
1756664094505 48.6588134765625 39
1756664094644 43.63263702392578 40
1756664094786 44.815650939941406 41
1756664094927 45.08476638793945 42
1756664095062 49.80699920654297 43
1756664095199 45.847042083740234 44
1756664095342 40.17816925048828 45
1756664095471 46.920345306396484 46
1756664095601 41.29930877685547 47
1756664095731 39.24279022216797 48
1756664095861 45.685882568359375 49
1756664095991 46.90119934082031 50
1756664096121 38.95867156982422 51
1756664096251 42.19513702392578 52
1756664096382 51.110660552978516 53
1756664096512 46.06855392456055 54
1756664096642 46.52745819091797 55
1756664096772 45.36812210083008 56
1756664096903 47.54872512817383 57
1756664097038 47.75103759765625 58
1756664097180 40.437957763671875 59
1756664097310 37.41434860229492 60
1756664097442 45.24331283569336 61
1756664097570 38.68731689453125 62
1756664097701 45.916629791259766 63
1756664097830 48.377159118652344 64
1756664097961 41.92604446411133 65
1756664098091 44.26338577270508 66
1756664098220 43.24161911010742 67
1756664098351 43.5283317565918 68
1756664098481 42.87977600097656 69
1756664098610 48.499786376953125 70
1756664098739 44.81125259399414 71
1756664098870 45.63896942138672 72
1756664098999 49.51220703125 73
1756664099128 44.93818283081055 74
1756664099258 40.036033630371094 75
1756664099388 51.23194122314453 76
1756664099519 41.89653396606445 77
1756664099649 48.392066955566406 78
1756664099780 35.61521530151367 79
1756664099910 48.70162582397461 80
1756664100041 47.364837646484375 81
1756664100170 49.626033782958984 82
1756664100300 37.65038299560547 83
1756664100430 50.934120178222656 84
1756664100561 47.14936065673828 85
1756664100693 40.826499938964844 86
1756664100822 50.29001998901367 87
1756664100951 55.1356086730957 88
1756664101081 52.42448043823242 89
1756664101212 43.28323745727539 90
1756664101343 39.092689514160156 91
1756664101474 45.617069244384766 92
1756664101604 44.13617706298828 93
1756664101735 39.615352630615234 94
1756664101866 38.27486801147461 95
1756664101997 43.5139274597168 96
1756664102128 47.8470344543457 97
1756664102259 49.89265441894531 98
1756664102389 42.73170852661133 99
1756664102519 41.84682846069336 100
1756664102659 48.77763366699219 101
1756664102793 51.253684997558594 102
1756664102924 42.88538360595703 103
1756664103055 53.50640106201172 104
1756664103187 57.25519943237305 105
1756664103319 37.42919158935547 106
1756664103450 50.08574295043945 107
1756664103582 44.994789123535156 108
1756664103712 44.92625427246094 109
1756664103844 44.634193420410156 110
1756664103976 46.0450325012207 111
1756664104107 50.16448211669922 112
1756664104239 46.467063903808594 113
1756664104371 39.681819915771484 114
1756664104503 49.341064453125 115
1756664104635 44.66437530517578 116
1756664104767 50.837158203125 117
1756664104898 43.97151565551758 118
1756664105034 50.81586837768555 119
1756664105166 50.45977020263672 120
1756664105299 46.82402801513672 121
1756664105431 49.75112533569336 122
1756664105561 45.44527816772461 123
1756664105692 45.890159606933594 124
1756664105822 35.67748260498047 125
1756664105953 49.09684371948242 126
1756664106084 42.88792037963867 127
1756664106216 41.51423645019531 128
1756664106346 47.07463455200195 129
1756664106477 47.43225860595703 130
1756664106608 47.67098617553711 131
1756664106739 49.548744201660156 132
1756664106871 43.98821258544922 133
1756664107002 44.34502029418945 134
1756664107133 50.45652389526367 135
1756664107264 43.78306198120117 136
1756664107400 43.86455535888672 137
1756664107535 39.18962860107422 138
1756664107670 44.44890213012695 139
1756664107805 47.95705795288086 140
1756664107940 47.654335021972656 141
1756664108074 40.05819320678711 142
1756664108209 41.1302604675293 143
1756664108343 39.50358963012695 144
1756664108477 50.96666717529297 145
1756664108612 50.778446197509766 146
1756664108746 44.80887222290039 147
1756664108878 46.32634735107422 148
1756664109010 41.230159759521484 149
1756664109141 46.86459732055664 150
1756664109272 51.31231689453125 151
1756664109404 42.15785217285156 152
1756664109537 48.61096954345703 153
1756664109668 43.547149658203125 154
1756664109802 41.585975646972656 155
1756664109933 41.475746154785156 156
1756664110065 47.407371520996094 157
1756664110195 45.18270492553711 158
1756664110327 44.346588134765625 159
1756664110458 50.70008087158203 160
1756664110594 46.20884704589844 161
1756664110726 48.57569122314453 162
1756664110858 34.88976287841797 163
1756664110989 38.023353576660156 164
1756664111120 46.4124870300293 165
1756664111252 45.02330017089844 166
1756664111386 43.74826431274414 167
1756664111519 39.13502883911133 168
1756664111651 45.2824821472168 169
1756664111784 55.08649444580078 170
1756664111916 46.44805145263672 171
1756664112048 39.7758674621582 172
1756664112181 50.088287353515625 173
1756664112313 54.895729064941406 174
1756664112446 39.467681884765625 175
1756664112579 45.47584915161133 176
1756664112712 39.43184280395508 177
1756664112844 51.82086944580078 178
1756664112976 50.293495178222656 179
1756664113109 48.07172393798828 180
1756664113242 45.67099380493164 181
1756664113374 42.83705139160156 182
1756664113506 43.101463317871094 183
1756664113639 40.21834182739258 184
1756664113772 36.726722717285156 185
1756664113904 41.86017608642578 186
1756664114036 47.47486114501953 187
1756664114168 47.70173263549805 188
1756664114301 44.4556884765625 189
1756664114434 43.215087890625 190
1756664114567 49.58898162841797 191
1756664114699 41.81852722167969 192
1756664114831 49.905113220214844 193
1756664114964 51.764549255371094 194
1756664115098 45.37177658081055 195
1756664115230 48.71319580078125 196
1756664115363 49.843345642089844 197
1756664115496 48.08543395996094 198
1756664115634 46.309627532958984 199
1756664115780 40.34785842895508 200
1756664115911 43.3068962097168 201
1756664116045 45.79436492919922 202
1756664116179 41.365501403808594 203
1756664116311 40.36487579345703 204
1756664116444 44.88114547729492 205
1756664116576 44.891624450683594 206
1756664116711 43.73399353027344 207
1756664116845 42.01129913330078 208
1756664116979 40.31266403198242 209
1756664117111 39.13983917236328 210
1756664117244 37.65058135986328 211
1756664117378 43.674808502197266 212
1756664117511 51.72777557373047 213
1756664117644 47.922454833984375 214
1756664117776 41.30597686767578 215
1756664117908 43.9370231628418 216
1756664118041 46.341957092285156 217
1756664118173 49.31792449951172 218
1756664118305 41.013275146484375 219
1756664118437 49.74010467529297 220
1756664118571 45.556129455566406 221
1756664118704 53.140357971191406 222
1756664118836 47.31908416748047 223
1756664118969 42.81175994873047 224
1756664119101 49.43566131591797 225
1756664119234 43.987815856933594 226
1756664119367 47.71562957763672 227
1756664119501 47.8565788269043 228
1756664119635 51.468536376953125 229
1756664119769 46.547752380371094 230
1756664119904 46.64175796508789 231
1756664120036 48.49098587036133 232
1756664120169 39.6654052734375 233
1756664120303 45.34116744995117 234
1756664120436 38.02593231201172 235
1756664120568 46.87910079956055 236
1756664120702 51.576942443847656 237
1756664120838 46.94902801513672 238
1756664120974 41.443580627441406 239
1756664121109 48.73529052734375 240
1756664121244 44.43956756591797 241
1756664121378 46.140602111816406 242
1756664121511 42.54650115966797 243
1756664121645 41.20060348510742 244
1756664121778 47.921607971191406 245
1756664121913 54.60990524291992 246
1756664122047 41.9073486328125 247
1756664122181 47.74186325073242 248
1756664122315 39.870201110839844 249
1756664122449 46.86288070678711 250
1756664122585 38.30033493041992 251
1756664122719 44.727439880371094 252
1756664122852 49.57084274291992 253
1756664122986 47.904422760009766 254
1756664123121 46.23146438598633 255
1756664123255 40.39887237548828 256
1756664123389 37.455230712890625 257
1756664123524 54.99970245361328 258
1756664123657 37.28289031982422 259
1756664123799 43.10166931152344 260
1756664123941 44.51142883300781 261
1756664124084 53.98279571533203 262
1756664124219 46.794708251953125 263
1756664124354 48.25028610229492 264
1756664124489 43.786502838134766 265
1756664124625 46.588199615478516 266
1756664124762 35.98857498168945 267
1756664124897 43.34728240966797 268
1756664125033 42.61418533325195 269
1756664125169 49.147586822509766 270
1756664125305 45.06089401245117 271
1756664125440 45.32254409790039 272
1756664125575 42.125389099121094 273
1756664125711 42.281211853027344 274
1756664125847 40.62333679199219 275
1756664125983 39.18614196777344 276
1756664126118 48.68806838989258 277
1756664126253 47.98272705078125 278
1756664126388 45.14564895629883 279
1756664126524 53.37085723876953 280
1756664126660 43.34400939941406 281
1756664126795 40.301170349121094 282
1756664126930 42.07077407836914 283
1756664127066 44.51043701171875 284
1756664127201 43.16762161254883 285
1756664127337 43.521385192871094 286
1756664127479 39.96137619018555 287
1756664127614 51.6496696472168 288
1756664127750 49.10576629638672 289
1756664127886 40.542259216308594 290
1756664128022 39.58013153076172 291
1756664128158 40.6772346496582 292
1756664128294 42.087806701660156 293
1756664128431 48.575782775878906 294
1756664128567 40.739322662353516 295
1756664128702 48.46355056762695 296
1756664128838 44.93817901611328 297
1756664128974 39.22434997558594 298
1756664129110 36.004638671875 299
1756664137368 99.17816162109375 0
1756664137513 89.9520263671875 1
1756664137658 73.05357360839844 2
1756664137806 61.10441970825195 3
1756664137949 61.57915115356445 4
1756664138096 62.89947509765625 5
1756664138252 64.8126220703125 6
1756664138401 69.61702728271484 7
1756664138550 63.58353805541992 8
1756664138703 64.40248107910156 9
1756664138855 60.880558013916016 10
1756664139009 50.88888931274414 11
1756664139160 59.56661605834961 12
1756664139303 55.4629020690918 13
1756664139447 55.85013961791992 14
1756664139592 55.85682678222656 15
1756664139741 63.58995056152344 16
1756664139887 56.280296325683594 17
1756664140039 57.78481674194336 18
1756664140190 47.20552444458008 19
1756664140346 50.605979919433594 20
1756664140493 57.30572509765625 21
1756664140635 55.453426361083984 22
1756664140785 53.76546859741211 23
1756664140940 49.75373458862305 24
1756664141082 44.25905227661133 25
1756664141225 54.23853302001953 26
1756664141362 54.99946975708008 27
1756664141512 55.081424713134766 28
1756664141661 46.39967346191406 29
1756664141816 44.74385452270508 30
1756664141966 54.985408782958984 31
1756664142111 52.63022994995117 32
1756664142250 55.581424713134766 33
1756664142392 52.66791915893555 34
1756664142543 52.966773986816406 35
1756664142695 44.651126861572266 36
1756664142848 58.46947479248047 37
1756664142993 47.85660171508789 38
1756664143218 45.529457092285156 39
1756664143377 52.65886306762695 40
1756664143528 53.289283752441406 41
1756664143669 44.5932731628418 42
1756664143820 49.29205322265625 43
1756664143971 43.15836715698242 44
1756664144113 41.21133804321289 45
1756664144258 50.54517364501953 46
1756664144402 41.62675094604492 47
1756664144541 44.1718864440918 48
1756664144684 50.47523498535156 49
1756664144822 46.09132766723633 50
1756664144964 49.21785354614258 51
1756664145110 49.33680725097656 52
1756664145251 45.16358184814453 53
1756664145401 48.67521667480469 54
1756664145546 51.310089111328125 55
1756664145687 49.9668083190918 56
1756664145829 51.747581481933594 57
1756664145974 47.18513107299805 58
1756664146123 43.71755599975586 59
1756664146269 47.33230972290039 60
1756664146418 44.87286376953125 61
1756664146562 43.16219711303711 62
1756664146713 55.583587646484375 63
1756664146864 53.805931091308594 64
1756664147006 56.28709030151367 65
1756664147146 53.7950439453125 66
1756664147303 52.158382415771484 67
1756664147454 49.81873321533203 68
1756664147617 42.07014465332031 69
1756664147759 45.1197509765625 70
1756664147903 52.101600646972656 71
1756664148049 36.6876335144043 72
1756664148193 59.74127960205078 73
1756664148334 46.3238410949707 74
1756664148479 47.20512771606445 75
1756664148636 51.29053497314453 76
1756664148778 52.65372085571289 77
1756664148919 43.594051361083984 78
1756664149061 53.4711799621582 79
1756664149204 53.95682907104492 80
1756664149361 42.8924560546875 81
1756664149507 45.93711853027344 82
1756664149655 51.49250411987305 83
1756664149792 47.92759323120117 84
1756664149935 61.001155853271484 85
1756664150084 58.90657043457031 86
1756664150224 52.07456588745117 87
1756664150378 45.97964859008789 88
1756664150529 43.28530502319336 89
1756664150674 48.02402877807617 90
1756664150822 46.452369689941406 91
1756664150972 46.37287521362305 92
1756664151116 51.36093521118164 93
1756664151261 53.630340576171875 94
1756664151414 47.7906494140625 95
1756664151559 49.10869598388672 96
1756664151701 50.1368293762207 97
1756664151855 41.35319900512695 98
1756664151998 47.7120246887207 99
1756664152144 48.63798522949219 100
1756664152292 61.79214859008789 101
1756664152447 46.115570068359375 102
1756664152584 55.85366439819336 103
1756664152723 48.00990295410156 104
1756664152864 46.7877311706543 105
1756664153014 40.79825973510742 106
1756664153158 42.8514289855957 107
1756664153302 49.442115783691406 108
1756664153445 44.65403747558594 109
1756664153589 42.91063690185547 110
1756664153737 46.98508071899414 111
1756664153883 50.81287384033203 112
1756664154035 51.68415832519531 113
1756664154187 46.43550491333008 114
1756664154334 46.89575958251953 115
1756664154472 45.619747161865234 116
1756664154627 40.694419860839844 117
1756664154774 47.535667419433594 118
1756664154924 50.1740837097168 119
1756664155065 48.07667541503906 120
1756664155203 51.68718338012695 121
1756664155348 47.08518981933594 122
1756664155493 53.64333724975586 123
1756664155640 51.4528923034668 124
1756664155789 47.10508728027344 125
1756664155930 45.22608184814453 126
1756664156074 54.96989822387695 127
1756664156222 41.35248947143555 128
1756664156371 51.26638412475586 129
1756664156521 49.86192321777344 130
1756664156666 54.90699768066406 131
1756664156814 44.42253494262695 132
1756664156963 58.880897521972656 133
1756664157106 53.60883712768555 134
1756664157247 48.95570373535156 135
1756664157388 51.82421112060547 136
1756664157533 47.18636703491211 137
1756664157676 49.57893371582031 138
1756664157824 46.26270294189453 139
1756664157973 46.801788330078125 140
1756664158114 49.33601760864258 141
1756664158259 41.07670974731445 142
1756664158408 60.3671875 143
1756664158562 45.2518310546875 144
1756664158718 45.20235061645508 145
1756664158877 51.14411163330078 146
1756664159022 45.07231140136719 147
1756664159175 48.334007263183594 148
1756664159325 52.42641067504883 149
1756664159470 49.88313674926758 150
1756664159612 47.2081298828125 151
1756664159760 46.586177825927734 152
1756664159910 45.271183013916016 153
1756664160051 42.08723068237305 154
1756664160198 49.542049407958984 155
1756664160344 47.1792106628418 156
1756664160488 41.309566497802734 157
1756664160635 53.064144134521484 158
1756664160782 48.12932205200195 159
1756664160930 53.83293533325195 160
1756664161084 47.29841995239258 161
1756664161236 48.21930694580078 162
1756664161397 41.82299041748047 163
1756664161548 53.71463394165039 164
1756664161694 47.09466552734375 165
1756664161862 52.03543472290039 166
1756664162014 51.43294143676758 167
1756664162164 51.51558303833008 168
1756664162310 42.1934700012207 169
1756664162454 47.784549713134766 170
1756664162602 46.71476364135742 171
1756664162744 42.82550811767578 172
1756664162890 54.274505615234375 173
1756664163033 41.993263244628906 174
1756664163178 51.31591796875 175
1756664163318 49.16675567626953 176
1756664163466 49.05589294433594 177
1756664163608 56.60748291015625 178
1756664163757 43.64409637451172 179
1756664163909 46.15305709838867 180
1756664164064 42.09481430053711 181
1756664164207 50.796504974365234 182
1756664164354 46.244869232177734 183
1756664164498 45.59259796142578 184
1756664164644 51.21149444580078 185
1756664164788 46.80391311645508 186
1756664164954 44.355220794677734 187
1756664165104 50.183013916015625 188
1756664165252 43.82471466064453 189
1756664165408 46.14872741699219 190
1756664165562 52.07923889160156 191
1756664165706 55.98165512084961 192
1756664165849 43.82204818725586 193
1756664165996 48.09941101074219 194
1756664166133 48.521427154541016 195
1756664166282 51.604366302490234 196
1756664166429 53.3623046875 197
1756664166574 47.611366271972656 198
1756664166720 45.74724197387695 199
1756664166866 39.21969985961914 200
1756664167011 41.07889175415039 201
1756664167157 52.94533157348633 202
1756664167313 48.73768615722656 203
1756664167460 46.484561920166016 204
1756664167608 51.156063079833984 205
1756664167752 49.35551071166992 206
1756664167894 49.561824798583984 207
1756664168050 50.26802444458008 208
1756664168205 51.938377380371094 209
1756664168360 48.09185791015625 210
1756664168499 43.98423767089844 211
1756664168641 52.72631072998047 212
1756664168782 45.189571380615234 213
1756664168930 50.71153259277344 214
1756664169072 44.32252883911133 215
1756664169223 54.58900451660156 216
1756664169359 44.58121109008789 217
1756664169504 45.87955093383789 218
1756664169649 49.380836486816406 219
1756664169796 61.61159896850586 220
1756664169944 46.80244827270508 221
1756664170095 53.30484390258789 222
1756664170246 49.054603576660156 223
1756664170393 54.9188346862793 224
1756664170547 45.79991149902344 225
1756664170699 34.48548126220703 226
1756664170841 55.3446159362793 227
1756664170985 44.77616882324219 228
1756664171129 48.46395492553711 229
1756664171273 46.17351150512695 230
1756664171420 49.69790267944336 231
1756664171565 43.730411529541016 232
1756664171718 53.282188415527344 233
1756664171870 53.28900146484375 234
1756664172017 50.00184631347656 235
1756664172163 52.861576080322266 236
1756664172308 45.140377044677734 237
1756664172447 52.555782318115234 238
1756664172588 50.869239807128906 239
1756664172727 47.18403625488281 240
1756664172873 54.00072479248047 241
1756664173026 46.560035705566406 242
1756664173172 45.320106506347656 243
1756664173312 49.021820068359375 244
1756664173455 50.806640625 245
1756664173595 50.63510513305664 246
1756664173746 55.371116638183594 247
1756664173886 49.69694900512695 248
1756664174034 46.80536651611328 249
1756664174178 50.73982620239258 250
1756664174328 49.94187927246094 251
1756664174470 46.465152740478516 252
1756664174613 49.28941345214844 253
1756664174762 44.27571487426758 254
1756664174903 45.22481155395508 255
1756664175049 51.648681640625 256
1756664175196 43.35767364501953 257
1756664175337 44.29011535644531 258
1756664175487 44.61547088623047 259
1756664175636 47.396644592285156 260
1756664175777 46.376243591308594 261
1756664175918 38.88058853149414 262
1756664176063 48.1375846862793 263
1756664176212 50.80000686645508 264
1756664176359 53.033180236816406 265
1756664176504 53.16239929199219 266
1756664176645 45.315956115722656 267
1756664176797 52.747779846191406 268
1756664176940 51.437252044677734 269
1756664177089 49.88413619995117 270
1756664177230 46.38810729980469 271
1756664177382 48.49846649169922 272
1756664177527 51.09335708618164 273
1756664177667 39.050148010253906 274
1756664177818 44.46065139770508 275
1756664177957 48.39514923095703 276
1756664178105 46.56504440307617 277
1756664178253 44.607421875 278
1756664178402 48.713375091552734 279
1756664178543 51.0501708984375 280
1756664178695 46.329769134521484 281
1756664178843 39.749671936035156 282
1756664178994 41.79773712158203 283
1756664179144 51.00823211669922 284
1756664179291 56.64162063598633 285
1756664179448 51.5208740234375 286
1756664179590 48.56321334838867 287
1756664179735 58.57061004638672 288
1756664179877 45.192237854003906 289
1756664180024 44.92389678955078 290
1756664180180 46.614986419677734 291
1756664180326 46.210533142089844 292
1756664180471 44.497352600097656 293
1756664180621 54.5694580078125 294
1756664180770 47.57426452636719 295
1756664180910 42.33673095703125 296
1756664181051 43.572425842285156 297
1756664181198 52.3504753112793 298
1756664181337 47.82268142700195 299
1756664189595 93.38587951660156 0
1756664189745 67.72842407226562 1
1756664189898 61.907814025878906 2
1756664190039 48.570770263671875 3
1756664190186 43.49992752075195 4
1756664190331 51.77850341796875 5
1756664190485 43.526634216308594 6
1756664190630 52.6774787902832 7
1756664190789 49.985599517822266 8
1756664190946 51.6220588684082 9
1756664191091 46.790985107421875 10
1756664191236 48.61751174926758 11
1756664191380 47.2111930847168 12
1756664191526 47.72924041748047 13
1756664191672 51.31505584716797 14
1756664191810 47.33746337890625 15
1756664191957 51.0430908203125 16
1756664192099 49.06156539916992 17
1756664192243 39.15271759033203 18
1756664192379 46.10866165161133 19
1756664192529 50.650718688964844 20
1756664192687 47.9823112487793 21
1756664192824 46.009727478027344 22
1756664192968 47.5642204284668 23
1756664193117 50.517513275146484 24
1756664193253 44.55443572998047 25
1756664193399 56.50712203979492 26
1756664193539 49.9279670715332 27
1756664193675 42.54120635986328 28
1756664193813 42.2075309753418 29
1756664193954 47.52774429321289 30
1756664194095 44.25798797607422 31
1756664194234 43.04242706298828 32
1756664194375 37.74258804321289 33
1756664194524 52.0790901184082 34
1756664194667 44.405879974365234 35
1756664194816 42.862937927246094 36
1756664194963 54.93597412109375 37
1756664195105 37.332298278808594 38
1756664195245 46.002197265625 39
1756664195392 49.60689926147461 40
1756664195540 42.16859436035156 41
1756664195680 44.508575439453125 42
1756664195829 40.803916931152344 43
1756664195969 40.74712371826172 44
1756664196115 40.40361404418945 45
1756664196259 43.704620361328125 46
1756664196403 40.36933135986328 47
1756664196542 41.068233489990234 48
1756664196681 39.12635040283203 49
1756664196827 45.97964096069336 50
1756664196969 41.20891189575195 51
1756664197113 43.35559844970703 52
1756664197259 38.87261199951172 53
1756664197406 42.052452087402344 54
1756664197555 45.39527893066406 55
1756664197714 41.255027770996094 56
1756664197867 37.508201599121094 57
1756664198010 47.5987663269043 58
1756664198152 37.52302932739258 59
1756664198302 45.53801345825195 60
1756664198452 48.61265182495117 61
1756664198605 46.075927734375 62
1756664198758 46.70922088623047 63
1756664198903 44.296348571777344 64
1756664199048 46.33591842651367 65
1756664199193 56.1467399597168 66
1756664199343 43.70807647705078 67
1756664199490 43.013397216796875 68
1756664199634 43.32273483276367 69
1756664199780 45.53056716918945 70
1756664199921 33.89992141723633 71
1756664200065 41.79407501220703 72
1756664200207 45.54401779174805 73
1756664200356 54.200050354003906 74
1756664200505 42.898841857910156 75
1756664200664 43.54109573364258 76
1756664200825 44.62367630004883 77
1756664200981 44.031307220458984 78
1756664201128 40.24574661254883 79
1756664201285 46.134944915771484 80
1756664201430 48.99633026123047 81
1756664201582 49.04973602294922 82
1756664201734 47.99068832397461 83
1756664201883 37.83053970336914 84
1756664202029 47.48955535888672 85
1756664202182 31.64004135131836 86
1756664202327 46.03208923339844 87
1756664202475 41.96747970581055 88
1756664202620 36.101219177246094 89
1756664202753 42.83313751220703 90
1756664202898 46.997169494628906 91
1756664203049 39.63877487182617 92
1756664203195 40.077354431152344 93
1756664203336 43.97533416748047 94
1756664203483 40.938392639160156 95
1756664203631 46.65266799926758 96
1756664203777 40.84650802612305 97
1756664203922 40.30817413330078 98
1756664204062 36.393795013427734 99
1756664204202 40.170379638671875 100
1756664204351 45.29204559326172 101
1756664204492 47.577056884765625 102
1756664204639 46.26856231689453 103
1756664204787 44.2880744934082 104
1756664204938 44.2535285949707 105
1756664205080 41.564144134521484 106
1756664205222 46.022918701171875 107
1756664205361 41.0201530456543 108
1756664205501 40.05962371826172 109
1756664205641 43.98341751098633 110
1756664205783 43.7894287109375 111
1756664205924 37.18504333496094 112
1756664206067 46.12117004394531 113
1756664206210 47.89482498168945 114
1756664206353 39.396934509277344 115
1756664206504 35.1596565246582 116
1756664206654 46.36738967895508 117
1756664206807 37.289276123046875 118
1756664206959 50.52013397216797 119
1756664207103 39.002593994140625 120
1756664207256 50.97185134887695 121
1756664207400 49.94574737548828 122
1756664207544 43.09516525268555 123
1756664207694 47.05826187133789 124
1756664207846 41.58363723754883 125
1756664207994 33.08437728881836 126
1756664208135 39.82402801513672 127
1756664208280 37.485328674316406 128
1756664208430 47.158103942871094 129
1756664208578 47.8465690612793 130
1756664208725 41.10804748535156 131
1756664208885 42.302757263183594 132
1756664209037 48.955055236816406 133
1756664209184 35.965309143066406 134
1756664209333 43.90690994262695 135
1756664209475 42.24141311645508 136
1756664209625 46.67506790161133 137
1756664209779 43.03511428833008 138
1756664209945 47.32424545288086 139
1756664210105 33.989952087402344 140
1756664210251 55.128868103027344 141
1756664210392 39.41243362426758 142
1756664210537 41.677650451660156 143
1756664210687 47.842899322509766 144
1756664210829 39.47239303588867 145
1756664210977 43.70069122314453 146
1756664211128 47.219993591308594 147
1756664211274 42.437103271484375 148
1756664211415 49.273651123046875 149
1756664211562 46.67908477783203 150
1756664211709 35.279815673828125 151
1756664211853 39.59352493286133 152
1756664212017 42.81937789916992 153
1756664212167 42.21520233154297 154
1756664212311 36.81147384643555 155
1756664212459 48.697505950927734 156
1756664212603 49.53815460205078 157
1756664212763 39.171417236328125 158
1756664212919 45.31391143798828 159
1756664213071 42.92589569091797 160
1756664213221 48.209102630615234 161
1756664213375 33.064491271972656 162
1756664213528 47.927764892578125 163
1756664213675 49.19914245605469 164
1756664213818 46.598968505859375 165
1756664213965 41.89358901977539 166
1756664214121 45.565711975097656 167
1756664214275 45.687782287597656 168
1756664214420 40.89791488647461 169
1756664214569 51.90900421142578 170
1756664214723 48.78926467895508 171
1756664214872 44.11241912841797 172
1756664215012 39.89252853393555 173
1756664215159 35.04310607910156 174
1756664215305 44.0396614074707 175
1756664215462 46.236976623535156 176
1756664215605 51.20630645751953 177
1756664215755 48.3707389831543 178
1756664215914 36.81378173828125 179
1756664216071 42.002323150634766 180
1756664216224 29.985004425048828 181
1756664216375 44.54595947265625 182
1756664216525 50.05018997192383 183
1756664216672 44.766319274902344 184
1756664216821 44.07866287231445 185
1756664216974 41.27796173095703 186
1756664217125 39.284751892089844 187
1756664217270 37.68396759033203 188
1756664217421 38.93559265136719 189
1756664217572 42.06447982788086 190
1756664217715 38.28980255126953 191
1756664217860 52.5842399597168 192
1756664218004 37.816062927246094 193
1756664218147 39.21192169189453 194
1756664218295 49.30173110961914 195
1756664218436 45.025169372558594 196
1756664218576 38.76795196533203 197
1756664218724 29.772171020507812 198
1756664218877 45.2619743347168 199
1756664219027 38.88692092895508 200
1756664219167 44.24271011352539 201
1756664219314 41.68172836303711 202
1756664219458 37.446258544921875 203
1756664219616 42.36219024658203 204
1756664219773 45.212074279785156 205
1756664219933 33.803531646728516 206
1756664220086 49.95085525512695 207
1756664220250 42.26642990112305 208
1756664220389 39.7623291015625 209
1756664220541 48.147708892822266 210
1756664220687 42.59293746948242 211
1756664220827 46.475318908691406 212
1756664220973 34.90924835205078 213
1756664221115 42.79620361328125 214
1756664221268 43.50430679321289 215
1756664221413 43.089725494384766 216
1756664221563 43.6757926940918 217
1756664221707 54.83740997314453 218
1756664221849 39.9133415222168 219
1756664221998 43.5632438659668 220
1756664222148 42.45142364501953 221
1756664222313 45.83955764770508 222
1756664222457 38.57557678222656 223
1756664222598 43.82858657836914 224
1756664222742 40.63847732543945 225
1756664222882 46.826622009277344 226
1756664223024 49.59560012817383 227
1756664223175 44.298885345458984 228
1756664223323 39.95381546020508 229
1756664223480 43.05194854736328 230
1756664223624 45.587764739990234 231
1756664223766 39.895477294921875 232
1756664223906 39.60066604614258 233
1756664224050 35.953956604003906 234
1756664224194 46.51479721069336 235
1756664224339 49.767723083496094 236
1756664224484 37.37462615966797 237
1756664224625 42.50383377075195 238
1756664224766 45.4255256652832 239
1756664224913 38.9849739074707 240
1756664225057 43.17456817626953 241
1756664225198 44.743839263916016 242
1756664225342 35.82195281982422 243
1756664225487 34.781131744384766 244
1756664225635 40.587913513183594 245
1756664225780 45.492488861083984 246
1756664225925 41.02190017700195 247
1756664226074 47.63722229003906 248
1756664226212 38.78703689575195 249
1756664226355 41.92151641845703 250
1756664226504 36.570411682128906 251
1756664226645 40.986061096191406 252
1756664226793 44.45560073852539 253
1756664226934 40.72289276123047 254
1756664227083 48.46033477783203 255
1756664227227 53.603111267089844 256
1756664227365 45.40850067138672 257
1756664227514 40.85159683227539 258
1756664227661 39.921295166015625 259
1756664227806 38.61107635498047 260
1756664227949 41.836212158203125 261
1756664228090 37.49156188964844 262
1756664228234 49.53715133666992 263
1756664228383 50.17833709716797 264
1756664228530 41.5482292175293 265
1756664228673 36.507530212402344 266
1756664228826 43.437225341796875 267
1756664228978 48.10327911376953 268
1756664229134 40.40065383911133 269
1756664229289 51.545997619628906 270
1756664229430 36.19493103027344 271
1756664229571 36.428409576416016 272
1756664229714 50.26300048828125 273
1756664229859 42.93431091308594 274
1756664230003 43.454368591308594 275
1756664230144 33.141971588134766 276
1756664230299 48.15873336791992 277
1756664230451 41.4401741027832 278
1756664230601 41.448490142822266 279
1756664230746 39.362037658691406 280
1756664230898 40.411888122558594 281
1756664231042 35.935264587402344 282
1756664231184 45.667118072509766 283
1756664231334 36.61686325073242 284
1756664231484 42.023799896240234 285
1756664231632 50.48784637451172 286
1756664231784 39.70135498046875 287
1756664231934 42.73491287231445 288
1756664232071 43.41021728515625 289
1756664232218 43.38457107543945 290
1756664232361 44.34217834472656 291
1756664232508 39.888893127441406 292
1756664232648 44.417640686035156 293
1756664232795 41.83757781982422 294
1756664232940 38.534610748291016 295
1756664233087 46.969600677490234 296
1756664233234 44.41815948486328 297
1756664233372 36.65443420410156 298
1756664233514 43.15437316894531 299
1756664241728 98.9007568359375 0
1756664241819 93.88761901855469 1
1756664241913 90.0015869140625 2
1756664242001 85.07093048095703 3
1756664242087 77.22484588623047 4
1756664242173 66.64106750488281 5
1756664242259 66.22496032714844 6
1756664242344 59.35031509399414 7
1756664242430 62.86532211303711 8
1756664242520 70.29330444335938 9
1756664242613 69.83240509033203 10
1756664242705 63.50320053100586 11
1756664242794 60.83414077758789 12
1756664242880 64.63333892822266 13
1756664242965 61.89137268066406 14
1756664243052 57.97964096069336 15
1756664243138 68.30941009521484 16
1756664243223 65.1085205078125 17
1756664243307 60.216705322265625 18
1756664243393 59.80086135864258 19
1756664243478 57.2080192565918 20
1756664243562 65.16191864013672 21
1756664243647 61.9140510559082 22
1756664243732 58.95692443847656 23
1756664243817 55.12196350097656 24
1756664243905 57.915199279785156 25
1756664244003 62.06640625 26
1756664244091 60.82670211791992 27
1756664244178 57.563453674316406 28
1756664244264 57.52885055541992 29
1756664244350 51.02900695800781 30
1756664244436 60.1591796875 31
1756664244523 51.671260833740234 32
1756664244610 56.582618713378906 33
1756664244697 63.97834396362305 34
1756664244784 62.0853271484375 35
1756664244870 53.53396987915039 36
1756664244957 51.22516632080078 37
1756664245044 64.23580932617188 38
1756664245130 51.00286102294922 39
1756664245217 51.024417877197266 40
1756664245305 62.36213684082031 41
1756664245390 54.290557861328125 42
1756664245476 58.68736267089844 43
1756664245565 56.49077224731445 44
1756664245651 53.196678161621094 45
1756664245738 56.06415557861328 46
1756664245824 52.459163665771484 47
1756664245911 57.944087982177734 48
1756664246000 54.851951599121094 49
1756664246086 56.47244644165039 50
1756664246172 55.761451721191406 51
1756664246259 56.09751892089844 52
1756664246345 60.15415954589844 53
1756664246434 62.97883224487305 54
1756664246521 56.34770584106445 55
1756664246608 48.516868591308594 56
1756664246694 62.68081283569336 57
1756664246780 57.54318618774414 58
1756664246867 51.07089614868164 59
1756664246953 58.70323181152344 60
1756664247041 53.00692367553711 61
1756664247128 65.11399841308594 62
1756664247215 58.731502532958984 63
1756664247307 59.38643264770508 64
1756664247395 55.268985748291016 65
1756664247483 59.164649963378906 66
1756664247573 50.051456451416016 67
1756664247664 57.19307327270508 68
1756664247754 54.88198471069336 69
1756664247844 53.05949783325195 70
1756664247934 47.234764099121094 71
1756664248021 60.446834564208984 72
1756664248108 61.17591857910156 73
1756664248195 52.7188720703125 74
1756664248281 61.424137115478516 75
1756664248367 60.538352966308594 76
1756664248452 52.224082946777344 77
1756664248538 56.556907653808594 78
1756664248623 55.40131759643555 79
1756664248708 57.38776779174805 80
1756664248794 48.654319763183594 81
1756664248880 56.42662048339844 82
1756664248966 56.13422775268555 83
1756664249051 60.6728515625 84
1756664249136 60.86614227294922 85
1756664249227 55.58515930175781 86
1756664249312 56.569305419921875 87
1756664249397 54.327266693115234 88
1756664249482 47.435035705566406 89
1756664249568 50.40424728393555 90
1756664249653 58.141788482666016 91
1756664249738 55.17346954345703 92
1756664249824 48.09984588623047 93
1756664249913 54.95771026611328 94
1756664249999 61.311363220214844 95
1756664250085 55.503440856933594 96
1756664250170 57.57709884643555 97
1756664250256 53.33285140991211 98
1756664250342 49.95518493652344 99
1756664250428 53.84324264526367 100
1756664250514 54.33880615234375 101
1756664250599 53.59481430053711 102
1756664250685 48.27226638793945 103
1756664250772 54.41511154174805 104
1756664250858 54.959651947021484 105
1756664250944 59.520484924316406 106
1756664251029 48.566951751708984 107
1756664251115 55.00224304199219 108
1756664251201 55.67125701904297 109
1756664251286 52.89216232299805 110
1756664251373 51.070045471191406 111
1756664251461 48.15534210205078 112
1756664251548 53.086158752441406 113
1756664251635 51.55135726928711 114
1756664251721 48.58287048339844 115
1756664251806 55.19386672973633 116
1756664251892 55.09725570678711 117
1756664251979 45.388668060302734 118
1756664252064 62.24784469604492 119
1756664252150 53.24857711791992 120
1756664252235 54.398380279541016 121
1756664252321 54.10136413574219 122
1756664252406 62.68310546875 123
1756664252492 47.051361083984375 124
1756664252578 56.33527755737305 125
1756664252663 53.31703567504883 126
1756664252749 64.16065216064453 127
1756664252835 53.757564544677734 128
1756664252920 53.73630905151367 129
1756664253006 57.6796760559082 130
1756664253092 49.32887268066406 131
1756664253177 60.086666107177734 132
1756664253262 65.04695892333984 133
1756664253348 53.68169021606445 134
1756664253433 53.594547271728516 135
1756664253521 51.988807678222656 136
1756664253606 51.83432388305664 137
1756664253692 58.93736267089844 138
1756664253777 56.39838790893555 139
1756664253863 56.2133674621582 140
1756664253949 59.43646240234375 141
1756664254038 52.966190338134766 142
1756664254133 48.4299201965332 143
1756664254220 51.73844909667969 144
1756664254306 53.58394241333008 145
1756664254392 56.72975158691406 146
1756664254478 52.30997085571289 147
1756664254565 54.54553985595703 148
1756664254651 51.44662857055664 149
1756664254736 49.87896728515625 150
1756664254822 47.43047332763672 151
1756664254907 54.659358978271484 152
1756664254993 53.492210388183594 153
1756664255078 55.8651123046875 154
1756664255165 58.2672119140625 155
1756664255251 54.37981033325195 156
1756664255336 53.33234786987305 157
1756664255423 64.78107452392578 158
1756664255511 56.842227935791016 159
1756664255596 54.79924774169922 160
1756664255682 49.58338928222656 161
1756664255767 58.49409103393555 162
1756664255853 56.96586227416992 163
1756664255938 55.80482482910156 164
1756664256024 61.59037399291992 165
1756664256109 59.596561431884766 166
1756664256194 59.94502639770508 167
1756664256280 54.59536361694336 168
1756664256365 54.78861618041992 169
1756664256450 52.041812896728516 170
1756664256535 57.41849899291992 171
1756664256621 56.76353454589844 172
1756664256706 60.18568801879883 173
1756664256791 63.36194610595703 174
1756664256877 59.092796325683594 175
1756664256967 49.51411056518555 176
1756664257052 49.2673225402832 177
1756664257137 55.85855484008789 178
1756664257223 50.658668518066406 179
1756664257308 44.46784591674805 180
1756664257394 55.011009216308594 181
1756664257479 47.9218864440918 182
1756664257565 47.58375549316406 183
1756664257650 52.770904541015625 184
1756664257735 54.368812561035156 185
1756664257820 58.94162368774414 186
1756664257906 57.5811653137207 187
1756664257991 52.96068572998047 188
1756664258078 54.46771240234375 189
1756664258164 48.71613693237305 190
1756664258250 52.830726623535156 191
1756664258335 51.208518981933594 192
1756664258421 52.92845916748047 193
1756664258506 55.04957580566406 194
1756664258592 58.974388122558594 195
1756664258677 49.45721435546875 196
1756664258763 57.93379592895508 197
1756664258848 54.75796890258789 198
1756664258935 50.62300491333008 199
1756664259020 50.595619201660156 200
1756664259106 51.20687484741211 201
1756664259191 59.33433532714844 202
1756664259277 56.540958404541016 203
1756664259362 55.94442367553711 204
1756664259453 53.92740249633789 205
1756664259539 55.62309646606445 206
1756664259625 50.16624450683594 207
1756664259711 55.14958190917969 208
1756664259797 56.458248138427734 209
1756664259883 59.71202087402344 210
1756664259969 65.97805786132812 211
1756664260054 52.370765686035156 212
1756664260141 59.51011657714844 213
1756664260226 61.309608459472656 214
1756664260312 58.158111572265625 215
1756664260398 54.94730758666992 216
1756664260484 57.67216110229492 217
1756664260570 51.11573791503906 218
1756664260655 54.903778076171875 219
1756664260741 49.901058197021484 220
1756664260827 54.093284606933594 221
1756664260912 53.988929748535156 222
1756664260997 54.66401290893555 223
1756664261083 55.02045822143555 224
1756664261169 56.78641891479492 225
1756664261254 58.02656936645508 226
1756664261340 54.57388687133789 227
1756664261426 57.433494567871094 228
1756664261512 51.041038513183594 229
1756664261597 55.283634185791016 230
1756664261684 46.54555892944336 231
1756664261770 48.78078079223633 232
1756664261857 58.47577667236328 233
1756664261944 56.72197723388672 234
1756664262031 59.698822021484375 235
1756664262118 57.96413803100586 236
1756664262205 56.77279281616211 237
1756664262290 51.39741897583008 238
1756664262376 61.444881439208984 239
1756664262462 54.65052032470703 240
1756664262548 49.20286178588867 241
1756664262634 53.17280960083008 242
1756664262719 54.30704879760742 243
1756664262806 50.26179504394531 244
1756664262893 57.13742446899414 245
1756664262978 52.381675720214844 246
1756664263073 58.70357131958008 247
1756664263233 51.293758392333984 248
1756664263321 43.239742279052734 249
1756664263407 57.95865249633789 250
1756664263494 58.50566864013672 251
1756664263580 53.01512908935547 252
1756664263667 52.934837341308594 253
1756664263753 58.2182731628418 254
1756664263839 51.86003494262695 255
1756664263924 53.51966094970703 256
1756664264011 56.434329986572266 257
1756664264100 56.332908630371094 258
1756664264186 55.066795349121094 259
1756664264273 46.23218536376953 260
1756664264359 55.247947692871094 261
1756664264446 60.77928924560547 262
1756664264532 49.60002899169922 263
1756664264618 55.06452560424805 264
1756664264704 57.04051971435547 265
1756664264792 51.07987594604492 266
1756664264878 49.080753326416016 267
1756664264964 58.63100814819336 268
1756664265050 55.16527557373047 269
1756664265137 54.08504867553711 270
1756664265223 55.14077377319336 271
1756664265309 53.790794372558594 272
1756664265395 59.522579193115234 273
1756664265482 49.715946197509766 274
1756664265568 50.77530288696289 275
1756664265655 57.60342788696289 276
1756664265741 48.60257339477539 277
1756664265827 55.42479705810547 278
1756664265914 46.920997619628906 279
1756664266001 56.0897331237793 280
1756664266088 57.6733512878418 281
1756664266174 50.069000244140625 282
1756664266263 59.3726692199707 283
1756664266362 50.5847053527832 284
1756664266449 53.84684753417969 285
1756664266536 50.05971145629883 286
1756664266622 56.46185302734375 287
1756664266709 52.270198822021484 288
1756664266796 53.11307144165039 289
1756664266882 55.19245147705078 290
1756664266969 47.09744644165039 291
1756664267056 50.471092224121094 292
1756664267142 59.05500793457031 293
1756664267228 55.711029052734375 294
1756664267314 52.78634262084961 295
1756664267400 49.268798828125 296
1756664267486 53.79065704345703 297
1756664267574 56.248435974121094 298
1756664267660 59.17668533325195 299
1756664275862 98.12493896484375 0
1756664275951 91.70677185058594 1
1756664276037 84.59588623046875 2
1756664276123 80.54118347167969 3
1756664276209 70.5102767944336 4
1756664276295 68.09333801269531 5
1756664276380 64.90388488769531 6
1756664276466 52.39270782470703 7
1756664276550 68.04833221435547 8
1756664276635 63.501914978027344 9
1756664276720 61.59690475463867 10
1756664276805 57.04424285888672 11
1756664276891 52.38554763793945 12
1756664276976 58.73979568481445 13
1756664277061 60.4085578918457 14
1756664277150 61.13495635986328 15
1756664277234 57.62500762939453 16
1756664277321 54.61450958251953 17
1756664277406 52.8046875 18
1756664277492 61.28425979614258 19
1756664277576 54.38132858276367 20
1756664277660 52.5230712890625 21
1756664277745 51.14627456665039 22
1756664277832 52.713645935058594 23
1756664277917 58.931175231933594 24
1756664278001 62.40946578979492 25
1756664278087 57.89495849609375 26
1756664278171 56.40263748168945 27
1756664278255 55.30391311645508 28
1756664278340 56.49665451049805 29
1756664278424 61.997779846191406 30
1756664278510 50.72909164428711 31
1756664278596 59.471954345703125 32
1756664278681 53.877525329589844 33
1756664278767 54.18605422973633 34
1756664278852 60.477760314941406 35
1756664278937 54.26665496826172 36
1756664279022 51.9056282043457 37
1756664279107 59.408790588378906 38
1756664279191 51.56708908081055 39
1756664279276 53.2135124206543 40
1756664279361 54.820167541503906 41
1756664279446 56.333778381347656 42
1756664279530 51.65214920043945 43
1756664279615 49.683555603027344 44
1756664279700 61.89091873168945 45
1756664279785 59.4218864440918 46
1756664279869 61.71178436279297 47
1756664279953 58.640098571777344 48
1756664280038 55.566009521484375 49
1756664280123 60.80890655517578 50
1756664280208 58.07355880737305 51
1756664280293 55.72710037231445 52
1756664280377 58.586952209472656 53
1756664280462 54.49786376953125 54
1756664280548 59.57828903198242 55
1756664280634 50.66980743408203 56
1756664280719 53.902099609375 57
1756664280805 51.32999801635742 58
1756664280890 52.13362503051758 59
1756664280976 54.08106231689453 60
1756664281060 48.92609786987305 61
1756664281145 55.67525100708008 62
1756664281231 52.523902893066406 63
1756664281317 54.15370559692383 64
1756664281402 51.18062210083008 65
1756664281488 58.26289749145508 66
1756664281573 55.16035079956055 67
1756664281662 51.52509307861328 68
1756664281747 51.404762268066406 69
1756664281832 53.0474853515625 70
1756664281917 47.41115951538086 71
1756664282002 54.60300827026367 72
1756664282088 61.01670455932617 73
1756664282173 61.6140022277832 74
1756664282258 59.635826110839844 75
1756664282343 56.05902099609375 76
1756664282429 50.31055450439453 77
1756664282515 58.023529052734375 78
1756664282601 50.13423156738281 79
1756664282686 64.76055145263672 80
1756664282771 58.011375427246094 81
1756664282857 51.00044250488281 82
1756664282945 59.462745666503906 83
1756664283031 51.339447021484375 84
1756664283116 58.1512451171875 85
1756664283201 59.1292724609375 86
1756664283286 56.28960418701172 87
1756664283371 60.96131134033203 88
1756664283456 58.28009033203125 89
1756664283541 49.26484680175781 90
1756664283627 55.85715866088867 91
1756664283712 48.64771270751953 92
1756664283797 52.605926513671875 93
1756664283883 53.323486328125 94
1756664283968 52.80864334106445 95
1756664284054 54.99541091918945 96
1756664284139 57.2973518371582 97
1756664284226 58.561195373535156 98
1756664284311 53.115516662597656 99
1756664284396 53.94195556640625 100
1756664284481 47.82551574707031 101
1756664284566 55.485877990722656 102
1756664284651 54.957923889160156 103
1756664284736 53.197265625 104
1756664284821 59.33697509765625 105
1756664284906 49.669612884521484 106
1756664284992 54.39643478393555 107
1756664285077 58.27233123779297 108
1756664285163 56.089820861816406 109
1756664285248 54.419044494628906 110
1756664285333 60.29731369018555 111
1756664285418 51.73677444458008 112
1756664285504 56.26995849609375 113
1756664285589 55.1088752746582 114
1756664285674 60.5512580871582 115
1756664285759 54.34089279174805 116
1756664285844 59.975433349609375 117
1756664285929 52.6002197265625 118
1756664286015 51.528717041015625 119
1756664286101 46.480674743652344 120
1756664286186 51.4418830871582 121
1756664286272 57.538177490234375 122
1756664286359 58.6909294128418 123
1756664286458 55.7001838684082 124
1756664286546 56.91205978393555 125
1756664286631 49.445213317871094 126
1756664286716 58.76374435424805 127
1756664286802 51.40684127807617 128
1756664286887 56.38182830810547 129
1756664286972 54.6551513671875 130
1756664287060 50.535491943359375 131
1756664287147 57.022071838378906 132
1756664287233 54.80034637451172 133
1756664287318 54.57342529296875 134
1756664287403 59.20161056518555 135
1756664287488 47.079681396484375 136
1756664287575 56.15459060668945 137
1756664287661 66.6182632446289 138
1756664287746 52.5200309753418 139
1756664287832 60.017799377441406 140
1756664287918 52.85560989379883 141
1756664288003 55.385292053222656 142
1756664288089 50.81471252441406 143
1756664288177 50.42321014404297 144
1756664288262 54.6084098815918 145
1756664288347 62.598121643066406 146
1756664288433 55.104034423828125 147
1756664288518 57.60186767578125 148
1756664288605 55.19922637939453 149
1756664288691 56.39591598510742 150
1756664288778 54.303863525390625 151
1756664288863 52.79033660888672 152
1756664288949 53.19929122924805 153
1756664289034 57.102638244628906 154
1756664289120 65.73008728027344 155
1756664289205 52.384986877441406 156
1756664289292 51.67616653442383 157
1756664289378 51.78911590576172 158
1756664289463 51.95905303955078 159
1756664289549 64.69776916503906 160
1756664289635 55.80327224731445 161
1756664289720 54.499488830566406 162
1756664289806 52.845489501953125 163
1756664289891 54.622222900390625 164
1756664289977 55.527374267578125 165
1756664290062 50.623104095458984 166
1756664290148 57.8375129699707 167
1756664290234 58.427154541015625 168
1756664290320 59.45087432861328 169
1756664290408 59.07322311401367 170
1756664290493 55.878746032714844 171
1756664290579 54.929229736328125 172
1756664290665 58.140045166015625 173
1756664290751 55.684349060058594 174
1756664290837 55.647682189941406 175
1756664290924 57.20021438598633 176
1756664291009 64.64965057373047 177
1756664291095 49.40730667114258 178
1756664291181 53.6234016418457 179
1756664291269 60.6856803894043 180
1756664291355 55.8751335144043 181
1756664291440 52.98603057861328 182
1756664291525 52.033477783203125 183
1756664291612 55.83823776245117 184
1756664291698 57.25777053833008 185
1756664291784 51.7553825378418 186
1756664291871 58.344703674316406 187
1756664291956 52.920494079589844 188
1756664292042 53.8939323425293 189
1756664292128 54.04655838012695 190
1756664292214 53.59612274169922 191
1756664292300 50.80699920654297 192
1756664292386 54.780174255371094 193
1756664292472 53.902626037597656 194
1756664292559 60.23748779296875 195
1756664292647 55.6571044921875 196
1756664292735 60.358428955078125 197
1756664292821 48.79068374633789 198
1756664292907 67.279296875 199
1756664292993 52.12518310546875 200
1756664293080 62.95899200439453 201
1756664293166 55.840782165527344 202
1756664293256 54.06006622314453 203
1756664293342 63.10982131958008 204
1756664293429 53.294097900390625 205
1756664293515 57.40990447998047 206
1756664293601 47.732608795166016 207
1756664293687 50.63707733154297 208
1756664293773 51.663970947265625 209
1756664293859 57.11174774169922 210
1756664293944 55.8037109375 211
1756664294031 54.4173469543457 212
1756664294118 51.987571716308594 213
1756664294204 52.6685791015625 214
1756664294290 58.070579528808594 215
1756664294376 56.58222579956055 216
1756664294462 62.76483917236328 217
1756664294549 55.432098388671875 218
1756664294635 49.16753387451172 219
1756664294722 56.798667907714844 220
1756664294809 63.42802810668945 221
1756664294896 52.00531005859375 222
1756664294982 55.77799606323242 223
1756664295070 58.51848602294922 224
1756664295156 57.45587158203125 225
1756664295242 54.71403121948242 226
1756664295328 56.781280517578125 227
1756664295414 52.013267517089844 228
1756664295500 62.90105438232422 229
1756664295587 55.45235061645508 230
1756664295674 54.9461555480957 231
1756664295760 55.12678146362305 232
1756664295847 49.34654998779297 233
1756664295933 56.861602783203125 234
1756664296019 57.54376983642578 235
1756664296107 59.21788787841797 236
1756664296193 54.5709342956543 237
1756664296279 52.715248107910156 238
1756664296368 48.926239013671875 239
1756664296454 49.323081970214844 240
1756664296544 54.44340133666992 241
1756664296631 53.84942626953125 242
1756664296718 55.82465744018555 243
1756664296807 55.697998046875 244
1756664296895 50.09272003173828 245
1756664296982 62.305564880371094 246
1756664297069 54.580955505371094 247
1756664297156 57.0965690612793 248
1756664297242 58.949981689453125 249
1756664297328 59.56451416015625 250
1756664297415 55.63203811645508 251
1756664297502 55.87396240234375 252
1756664297590 46.052696228027344 253
1756664297677 49.06385040283203 254
1756664297764 59.642051696777344 255
1756664297851 51.42133712768555 256
1756664297938 51.23054122924805 257
1756664298026 52.17390060424805 258
1756664298112 55.66650390625 259
1756664298199 51.293846130371094 260
1756664298285 52.84226608276367 261
1756664298375 50.60291290283203 262
1756664298462 54.224853515625 263
1756664298552 52.862709045410156 264
1756664298648 57.44911575317383 265
1756664298736 57.819725036621094 266
1756664298823 60.41277313232422 267
1756664298910 56.173248291015625 268
1756664298996 56.13969802856445 269
1756664299083 56.927581787109375 270
1756664299169 60.43886184692383 271
1756664299256 55.73273849487305 272
1756664299343 54.97533416748047 273
1756664299429 58.30043411254883 274
1756664299516 56.11601638793945 275
1756664299604 58.3144416809082 276
1756664299690 55.564109802246094 277
1756664299777 49.918975830078125 278
1756664299864 51.89957809448242 279
1756664299952 64.0320053100586 280
1756664300039 44.30060958862305 281
1756664300129 50.04325485229492 282
1756664300216 51.56511688232422 283
1756664300303 54.536033630371094 284
1756664300390 54.99061965942383 285
1756664300480 52.46757125854492 286
1756664300569 65.76380920410156 287
1756664300656 54.42627716064453 288
1756664300744 51.192691802978516 289
1756664300832 44.820255279541016 290
1756664300918 50.386192321777344 291
1756664301005 49.46623611450195 292
1756664301094 57.260398864746094 293
1756664301181 55.66352081298828 294
1756664301268 53.432029724121094 295
1756664301355 54.36298751831055 296
1756664301442 54.54743194580078 297
1756664301530 48.92348098754883 298
1756664301618 52.31962966918945 299
1756664309827 98.15807342529297 0
1756664309923 86.7540512084961 1
1756664310018 78.34014129638672 2
1756664310119 69.67084503173828 3
1756664310218 58.43248748779297 4
1756664310312 60.410057067871094 5
1756664310414 55.220333099365234 6
1756664310512 55.20416259765625 7
1756664310611 58.00874710083008 8
1756664310715 58.99800491333008 9
1756664310810 54.00169372558594 10
1756664310906 61.341487884521484 11
1756664311004 59.358978271484375 12
1756664311102 56.8911247253418 13
1756664311198 49.17741394042969 14
1756664311300 52.48241424560547 15
1756664311398 60.818904876708984 16
1756664311496 54.12096405029297 17
1756664311593 52.31812286376953 18
1756664311691 61.87052536010742 19
1756664311792 57.48158645629883 20
1756664311890 51.25690460205078 21
1756664311986 52.757022857666016 22
1756664312087 50.969154357910156 23
1756664312187 59.09137725830078 24
1756664312285 55.233455657958984 25
1756664312387 44.55364990234375 26
1756664312483 49.96659851074219 27
1756664312578 48.27667999267578 28
1756664312671 54.596702575683594 29
1756664312764 53.418853759765625 30
1756664312862 53.256858825683594 31
1756664312956 46.82695388793945 32
1756664313058 50.33570861816406 33
1756664313162 50.53976821899414 34
1756664313260 57.048431396484375 35
1756664313359 50.99752426147461 36
1756664313459 57.121822357177734 37
1756664313564 50.58823013305664 38
1756664313666 47.130950927734375 39
1756664313763 54.12406539916992 40
1756664313859 49.2159309387207 41
1756664313956 45.478694915771484 42
1756664314053 49.5417366027832 43
1756664314149 47.89907455444336 44
1756664314244 49.4123420715332 45
1756664314339 50.457679748535156 46
1756664314437 41.727359771728516 47
1756664314533 46.63414764404297 48
1756664314632 50.75444793701172 49
1756664314730 50.30665969848633 50
1756664314823 48.38558578491211 51
1756664314917 44.08210372924805 52
1756664315017 45.28120803833008 53
1756664315112 51.53535079956055 54
1756664315216 45.17476272583008 55
1756664315313 47.5410270690918 56
1756664315408 50.239444732666016 57
1756664315507 46.4713134765625 58
1756664315607 55.09276580810547 59
1756664315704 50.999637603759766 60
1756664315798 48.526695251464844 61
1756664315898 49.28079605102539 62
1756664315997 51.636314392089844 63
1756664316094 54.836334228515625 64
1756664316190 49.40023422241211 65
1756664316287 46.445858001708984 66
1756664316384 47.5567626953125 67
1756664316481 53.0350341796875 68
1756664316580 45.66657638549805 69
1756664316680 38.08754348754883 70
1756664316775 57.08438491821289 71
1756664316871 44.004249572753906 72
1756664316969 43.49303436279297 73
1756664317067 42.99632263183594 74
1756664317164 46.271484375 75
1756664317261 57.63860321044922 76
1756664317357 45.66109848022461 77
1756664317458 50.67945861816406 78
1756664317555 51.10965347290039 79
1756664317651 46.85309982299805 80
1756664317742 50.656272888183594 81
1756664317834 46.77683639526367 82
1756664317930 50.61819076538086 83
1756664318026 47.906837463378906 84
1756664318119 52.00229263305664 85
1756664318216 45.95465087890625 86
1756664318314 49.571205139160156 87
1756664318415 45.96650314331055 88
1756664318517 48.5111083984375 89
1756664318613 54.46937942504883 90
1756664318714 51.52226257324219 91
1756664318812 40.75383377075195 92
1756664318909 45.92852020263672 93
1756664319008 49.17333221435547 94
1756664319111 53.1064338684082 95
1756664319208 45.2297477722168 96
1756664319310 54.41529083251953 97
1756664319409 57.040557861328125 98
1756664319508 51.74229049682617 99
1756664319611 54.187679290771484 100
1756664319712 49.35774612426758 101
1756664319811 48.64007568359375 102
1756664319914 47.3304443359375 103
1756664320009 42.438175201416016 104
1756664320115 45.01332473754883 105
1756664320213 51.39048385620117 106
1756664320307 50.92896270751953 107
1756664320401 41.050201416015625 108
1756664320503 46.4793701171875 109
1756664320610 50.928382873535156 110
1756664320713 53.4600830078125 111
1756664320811 51.961124420166016 112
1756664320911 53.440330505371094 113
1756664321013 49.74797821044922 114
1756664321111 48.79819107055664 115
1756664321209 46.500816345214844 116
1756664321303 47.71980667114258 117
1756664321403 45.218299865722656 118
1756664321502 44.25086975097656 119
1756664321601 46.917598724365234 120
1756664321701 46.84126663208008 121
1756664321798 42.89044189453125 122
1756664321894 48.648624420166016 123
1756664321996 47.34584045410156 124
1756664322101 48.294681549072266 125
1756664322201 46.74386215209961 126
1756664322305 51.57032012939453 127
1756664322409 52.931739807128906 128
1756664322507 50.02430725097656 129
1756664322607 46.51584243774414 130
1756664322709 48.89935302734375 131
1756664322805 46.16661071777344 132
1756664322904 47.03434753417969 133
1756664323003 47.28296661376953 134
1756664323103 55.90827560424805 135
1756664323201 56.74588394165039 136
1756664323300 47.70780944824219 137
1756664323396 49.54414367675781 138
1756664323492 45.0633659362793 139
1756664323590 49.24415588378906 140
1756664323688 48.401527404785156 141
1756664323789 48.81097412109375 142
1756664323886 53.13258361816406 143
1756664323983 50.8077278137207 144
1756664324079 50.122047424316406 145
1756664324177 45.96983337402344 146
1756664324275 48.286109924316406 147
1756664324373 46.12339782714844 148
1756664324471 47.50045394897461 149
1756664324569 51.59065628051758 150
1756664324668 48.471900939941406 151
1756664324764 44.039852142333984 152
1756664324859 45.70475387573242 153
1756664324959 48.15519332885742 154
1756664325056 49.33992004394531 155
1756664325158 45.84782791137695 156
1756664325254 53.34198760986328 157
1756664325352 51.916603088378906 158
1756664325448 49.149620056152344 159
1756664325546 45.10512161254883 160
1756664325645 39.87441635131836 161
1756664325740 44.64472579956055 162
1756664325834 46.142234802246094 163
1756664325933 53.62727355957031 164
1756664326030 39.95090103149414 165
1756664326127 50.53840255737305 166
1756664326226 52.283233642578125 167
1756664326321 56.501773834228516 168
1756664326418 44.73966598510742 169
1756664326516 44.17118453979492 170
1756664326615 38.248836517333984 171
1756664326711 48.48766326904297 172
1756664326811 48.08003234863281 173
1756664326907 38.459354400634766 174
1756664327010 48.61729431152344 175
1756664327108 49.98110580444336 176
1756664327209 52.30260467529297 177
1756664327319 41.97329330444336 178
1756664327417 39.426639556884766 179
1756664327513 48.93195724487305 180
1756664327615 51.54328918457031 181
1756664327720 45.7906379699707 182
1756664327815 44.1714973449707 183
1756664327915 49.542030334472656 184
1756664328018 42.217994689941406 185
1756664328115 45.327171325683594 186
1756664328211 49.062992095947266 187
1756664328307 48.39830780029297 188
1756664328405 55.97676086425781 189
1756664328501 53.69089889526367 190
1756664328599 45.53591537475586 191
1756664328696 45.140846252441406 192
1756664328794 46.98392868041992 193
1756664328891 53.93149948120117 194
1756664328988 44.93633270263672 195
1756664329085 45.58177947998047 196
1756664329179 50.778785705566406 197
1756664329271 39.89895248413086 198
1756664329370 45.61442947387695 199
1756664329462 51.18399429321289 200
1756664329555 41.9111328125 201
1756664329649 45.71315383911133 202
1756664329746 51.1523551940918 203
1756664329845 45.28919219970703 204
1756664329937 58.025840759277344 205
1756664330032 46.43151092529297 206
1756664330126 44.45649337768555 207
1756664330225 51.700904846191406 208
1756664330330 41.7366943359375 209
1756664330430 47.779205322265625 210
1756664330529 52.460052490234375 211
1756664330628 40.15876388549805 212
1756664330722 56.90117645263672 213
1756664330816 46.81126022338867 214
1756664330914 47.83279037475586 215
1756664331017 41.95691680908203 216
1756664331117 44.44541931152344 217
1756664331217 48.460567474365234 218
1756664331311 46.30862808227539 219
1756664331405 51.438594818115234 220
1756664331498 49.613487243652344 221
1756664331591 52.475154876708984 222
1756664331686 41.75759506225586 223
1756664331779 51.411014556884766 224
1756664331874 47.69367599487305 225
1756664331968 49.46077346801758 226
1756664332064 48.31452178955078 227
1756664332159 53.954750061035156 228
1756664332259 48.796302795410156 229
1756664332353 55.10506057739258 230
1756664332454 48.978248596191406 231
1756664332550 49.434452056884766 232
1756664332649 45.00313949584961 233
1756664332745 56.41919708251953 234
1756664332845 48.242698669433594 235
1756664332944 50.896907806396484 236
1756664333045 44.36420822143555 237
1756664333145 51.43650817871094 238
1756664333244 47.00835037231445 239
1756664333335 49.326656341552734 240
1756664333433 54.44374084472656 241
1756664333535 48.66226577758789 242
1756664333630 42.265316009521484 243
1756664333730 50.738033294677734 244
1756664333833 46.48107147216797 245
1756664333944 46.484031677246094 246
1756664334041 46.0478401184082 247
1756664334144 48.85541534423828 248
1756664334246 52.01926040649414 249
1756664334344 43.57251739501953 250
1756664334444 53.78528594970703 251
1756664334540 47.230003356933594 252
1756664334636 47.89476776123047 253
1756664334732 43.80493927001953 254
1756664334827 50.517311096191406 255
1756664334923 49.41244125366211 256
1756664335017 52.08933639526367 257
1756664335115 45.89790725708008 258
1756664335210 51.22135925292969 259
1756664335303 43.7520751953125 260
1756664335402 45.39863967895508 261
1756664335501 43.63417053222656 262
1756664335602 59.31517028808594 263
1756664335696 40.5050048828125 264
1756664335799 46.006893157958984 265
1756664335898 52.941776275634766 266
1756664335994 47.25215530395508 267
1756664336093 52.72587585449219 268
1756664336193 46.905452728271484 269
1756664336291 52.08246994018555 270
1756664336390 45.642372131347656 271
1756664336485 47.9166374206543 272
1756664336584 53.36391067504883 273
1756664336683 49.22459411621094 274
1756664336781 51.4515495300293 275
1756664336875 47.58618927001953 276
1756664336968 43.68628692626953 277
1756664337069 46.49886703491211 278
1756664337171 49.62972640991211 279
1756664337267 50.520816802978516 280
1756664337366 47.12362289428711 281
1756664337468 50.88214111328125 282
1756664337569 46.01744842529297 283
1756664337672 50.52774429321289 284
1756664337772 45.797332763671875 285
1756664337872 40.39710998535156 286
1756664337973 48.05080032348633 287
1756664338073 42.252471923828125 288
1756664338169 52.34955978393555 289
1756664338266 48.36119079589844 290
1756664338364 50.40011978149414 291
1756664338459 49.94786071777344 292
1756664338560 45.721187591552734 293
1756664338664 49.20027542114258 294
1756664338761 46.465721130371094 295
1756664338862 42.7675895690918 296
1756664338964 51.05038833618164 297
1756664339062 52.285682678222656 298
1756664339170 43.97651290893555 299
1756664347388 95.91292572021484 0
1756664347485 78.75730895996094 1
1756664347583 66.45219421386719 2
1756664347685 68.13185119628906 3
1756664347780 65.36251068115234 4
1756664347876 55.30347442626953 5
1756664347970 56.12919235229492 6
1756664348065 64.65351104736328 7
1756664348164 56.89448928833008 8
1756664348265 58.33324432373047 9
1756664348360 64.90441131591797 10
1756664348458 62.2291374206543 11
1756664348558 58.04506301879883 12
1756664348657 60.945777893066406 13
1756664348752 57.028106689453125 14
1756664348848 59.505821228027344 15
1756664348943 53.343505859375 16
1756664349038 48.71720504760742 17
1756664349141 55.53789520263672 18
1756664349246 63.1064338684082 19
1756664349346 50.5709114074707 20
1756664349449 51.93712615966797 21
1756664349550 52.035133361816406 22
1756664349650 50.90243148803711 23
1756664349746 54.355323791503906 24
1756664349841 53.6113395690918 25
1756664349939 63.20677947998047 26
1756664350037 58.8068733215332 27
1756664350133 53.46628952026367 28
1756664350224 59.38945770263672 29
1756664350323 51.2367057800293 30
1756664350416 56.97736358642578 31
1756664350516 60.889869689941406 32
1756664350616 49.62633514404297 33
1756664350716 53.34410858154297 34
1756664350815 50.4647331237793 35
1756664350910 55.270843505859375 36
1756664351005 52.582366943359375 37
1756664351106 60.904808044433594 38
1756664351199 53.60703659057617 39
1756664351294 49.50224304199219 40
1756664351395 54.10315704345703 41
1756664351500 49.613563537597656 42
1756664351602 56.423240661621094 43
1756664351702 49.883602142333984 44
1756664351803 55.47370147705078 45
1756664351907 49.063533782958984 46
1756664352007 52.783119201660156 47
1756664352102 45.74633026123047 48
1756664352202 54.215965270996094 49
1756664352303 50.56168746948242 50
1756664352396 57.311988830566406 51
1756664352491 52.03845977783203 52
1756664352586 55.92760467529297 53
1756664352678 51.77655029296875 54
1756664352772 52.51618194580078 55
1756664352869 51.89748001098633 56
1756664352968 56.5421257019043 57
1756664353064 46.75811004638672 58
1756664353158 51.49425506591797 59
1756664353252 52.001441955566406 60
1756664353349 47.820213317871094 61
1756664353448 53.93511962890625 62
1756664353548 49.20182800292969 63
1756664353645 50.781463623046875 64
1756664353746 48.05754852294922 65
1756664353847 53.84694290161133 66
1756664353944 51.3388671875 67
1756664354040 51.71638107299805 68
1756664354135 50.65483856201172 69
1756664354230 42.48004913330078 70
1756664354330 60.41815948486328 71
1756664354427 55.643348693847656 72
1756664354523 48.41925811767578 73
1756664354621 53.968162536621094 74
1756664354716 58.63819122314453 75
1756664354813 49.613426208496094 76
1756664354915 45.87520217895508 77
1756664355016 48.34212112426758 78
1756664355112 47.41303253173828 79
1756664355210 48.09672164916992 80
1756664355311 55.658721923828125 81
1756664355405 55.882469177246094 82
1756664355499 49.942657470703125 83
1756664355593 49.16757583618164 84
1756664355694 50.33810043334961 85
1756664355803 47.43252182006836 86
1756664355900 48.41658020019531 87
1756664355998 50.10784149169922 88
1756664356094 47.55902099609375 89
1756664356188 53.875022888183594 90
1756664356282 57.88279342651367 91
1756664356382 49.79756164550781 92
1756664356476 50.71348190307617 93
1756664356572 48.85053634643555 94
1756664356673 43.968910217285156 95
1756664356770 47.875587463378906 96
1756664356875 52.983154296875 97
1756664356971 48.802303314208984 98
1756664357065 52.2669792175293 99
1756664357160 50.51790237426758 100
1756664357258 62.5407600402832 101
1756664357356 51.217872619628906 102
1756664357451 56.76715087890625 103
1756664357549 51.65814971923828 104
1756664357650 54.05165481567383 105
1756664357746 55.4804801940918 106
1756664357851 52.21235275268555 107
1756664357954 51.19385528564453 108
1756664358058 56.18255615234375 109
1756664358160 41.505558013916016 110
1756664358258 59.65095138549805 111
1756664358359 48.34855651855469 112
1756664358463 50.87226867675781 113
1756664358562 49.852622985839844 114
1756664358663 51.954254150390625 115
1756664358761 57.39530563354492 116
1756664358857 62.5567512512207 117
1756664358959 49.391788482666016 118
1756664359056 52.2228889465332 119
1756664359149 55.68273162841797 120
1756664359246 46.64293670654297 121
1756664359341 51.4963493347168 122
1756664359437 47.59337615966797 123
1756664359530 46.530723571777344 124
1756664359630 49.3824348449707 125
1756664359728 44.783973693847656 126
1756664359822 54.97220993041992 127
1756664359922 54.180084228515625 128
1756664360024 51.32659912109375 129
1756664360125 52.605010986328125 130
1756664360225 54.58635711669922 131
1756664360317 48.138389587402344 132
1756664360418 53.2523307800293 133
1756664360516 50.47005081176758 134
1756664360617 50.87594985961914 135
1756664360717 47.44969940185547 136
1756664360815 45.23537063598633 137
1756664360914 48.113609313964844 138
1756664361010 48.78821563720703 139
1756664361107 53.62598419189453 140
1756664361207 52.64046096801758 141
1756664361302 54.20612716674805 142
1756664361396 52.581298828125 143
1756664361488 50.820709228515625 144
1756664361583 53.891563415527344 145
1756664361680 52.79370880126953 146
1756664361777 48.217674255371094 147
1756664361875 47.5968017578125 148
1756664361975 43.0753288269043 149
1756664362068 51.423973083496094 150
1756664362164 50.75358581542969 151
1756664362263 42.1018180847168 152
1756664362356 52.68585205078125 153
1756664362456 48.255470275878906 154
1756664362554 46.33250427246094 155
1756664362662 51.23986053466797 156
1756664362768 53.856773376464844 157
1756664362874 55.468536376953125 158
1756664362976 54.233726501464844 159
1756664363080 48.87525177001953 160
1756664363189 52.649986267089844 161
1756664363288 53.39837646484375 162
1756664363381 55.1565055847168 163
1756664363478 47.69914245605469 164
1756664363575 51.477508544921875 165
1756664363678 46.608768463134766 166
1756664363784 52.24040985107422 167
1756664363885 53.740882873535156 168
1756664363990 51.681663513183594 169
1756664364093 53.460968017578125 170
1756664364194 42.858516693115234 171
1756664364294 52.61247634887695 172
1756664364388 53.0933723449707 173
1756664364484 54.86455535888672 174
1756664364582 52.957672119140625 175
1756664364677 56.06756591796875 176
1756664364776 51.073760986328125 177
1756664364872 48.664676666259766 178
1756664364966 51.2899284362793 179
1756664365062 47.20348358154297 180
1756664365156 55.64043426513672 181
1756664365250 49.682186126708984 182
1756664365342 47.16592788696289 183
1756664365434 52.072547912597656 184
1756664365526 53.22258758544922 185
1756664365619 52.47064208984375 186
1756664365717 49.36470413208008 187
1756664365809 48.8398323059082 188
1756664365907 50.03593063354492 189
1756664366005 52.7177734375 190
1756664366107 51.33012771606445 191
1756664366209 48.66147232055664 192
1756664366305 54.852264404296875 193
1756664366404 53.975372314453125 194
1756664366499 42.88382339477539 195
1756664366594 48.01289367675781 196
1756664366692 48.7978630065918 197
1756664366790 47.96732711791992 198
1756664366888 43.181034088134766 199
1756664366983 52.22358322143555 200
1756664367081 49.87288284301758 201
1756664367176 47.10762405395508 202
1756664367267 52.0295295715332 203
1756664367362 47.3598518371582 204
1756664367458 47.901954650878906 205
1756664367552 43.66130065917969 206
1756664367647 41.87530517578125 207
1756664367741 47.945838928222656 208
1756664367837 43.46693801879883 209
1756664367933 43.48648452758789 210
1756664368027 46.39972686767578 211
1756664368119 54.493629455566406 212
1756664368210 48.43872833251953 213
1756664368304 49.12377166748047 214
1756664368404 43.53266525268555 215
1756664368505 52.389305114746094 216
1756664368604 49.69095993041992 217
1756664368706 55.779266357421875 218
1756664368806 58.378990173339844 219
1756664368906 55.1788330078125 220
1756664368999 51.573753356933594 221
1756664369098 52.2083854675293 222
1756664369192 46.413597106933594 223
1756664369298 45.63152313232422 224
1756664369401 53.62757110595703 225
1756664369502 55.81983184814453 226
1756664369610 46.43428039550781 227
1756664369711 50.17204284667969 228
1756664369809 56.6811408996582 229
1756664369908 52.612548828125 230
1756664370013 50.924705505371094 231
1756664370108 51.61222457885742 232
1756664370208 50.09870147705078 233
1756664370307 58.408355712890625 234
1756664370402 45.636390686035156 235
1756664370502 53.598426818847656 236
1756664370601 49.459190368652344 237
1756664370696 53.202056884765625 238
1756664370789 57.24604415893555 239
1756664370888 45.51626968383789 240
1756664370985 46.87076950073242 241
1756664371082 51.48084259033203 242
1756664371180 45.330162048339844 243
1756664371278 52.340538024902344 244
1756664371379 46.14655303955078 245
1756664371477 47.552711486816406 246
1756664371582 49.898590087890625 247
1756664371682 56.34169387817383 248
1756664371781 54.51963424682617 249
1756664371883 45.50752258300781 250
1756664371983 43.79051971435547 251
1756664372076 48.15884780883789 252
1756664372178 44.31376266479492 253
1756664372275 52.857643127441406 254
1756664372374 55.6334114074707 255
1756664372471 46.99591827392578 256
1756664372572 43.24121856689453 257
1756664372679 54.5017204284668 258
1756664372779 48.22370529174805 259
1756664372876 46.11600875854492 260
1756664372970 54.353675842285156 261
1756664373066 42.39387130737305 262
1756664373159 51.63074493408203 263
1756664373253 47.22636032104492 264
1756664373346 55.228965759277344 265
1756664373441 49.66974639892578 266
1756664373537 52.337799072265625 267
1756664373631 48.07960510253906 268
1756664373728 46.534156799316406 269
1756664373826 43.63203430175781 270
1756664373924 54.860130310058594 271
1756664374024 51.359474182128906 272
1756664374127 41.132118225097656 273
1756664374232 49.71638107299805 274
1756664374334 50.25517654418945 275
1756664374429 53.37652587890625 276
1756664374531 56.981590270996094 277
1756664374635 53.67887496948242 278
1756664374733 57.96608352661133 279
1756664374830 47.088897705078125 280
1756664374929 52.523094177246094 281
1756664375025 46.78737258911133 282
1756664375117 49.330726623535156 283
1756664375212 50.515811920166016 284
1756664375312 47.62192153930664 285
1756664375415 57.51910400390625 286
1756664375512 48.72716522216797 287
1756664375605 50.42185592651367 288
1756664375699 44.04994201660156 289
1756664375793 54.69763946533203 290
1756664375890 52.70928955078125 291
1756664375985 57.48310470581055 292
1756664376085 53.293663024902344 293
1756664376182 44.26612854003906 294
1756664376279 48.49073028564453 295
1756664376376 51.79888916015625 296
1756664376475 49.78459930419922 297
1756664376569 51.87860870361328 298
1756664376667 50.870025634765625 299
1756664384893 97.20569610595703 0
1756664385001 84.55999755859375 1
1756664385102 67.0718994140625 2
1756664385200 64.03361511230469 3
1756664385295 62.2777099609375 4
1756664385389 56.220603942871094 5
1756664385489 58.43427276611328 6
1756664385587 61.99229431152344 7
1756664385684 53.61626052856445 8
1756664385783 52.38455581665039 9
1756664385881 49.96609115600586 10
1756664385979 67.93116760253906 11
1756664386078 51.824825286865234 12
1756664386184 55.25625991821289 13
1756664386281 49.7642822265625 14
1756664386383 55.76055145263672 15
1756664386482 53.91147994995117 16
1756664386582 50.94416427612305 17
1756664386681 56.374141693115234 18
1756664386782 47.99008560180664 19
1756664386877 55.68482208251953 20
1756664386974 53.63911819458008 21
1756664387071 56.60203170776367 22
1756664387171 51.23959732055664 23
1756664387270 45.24658966064453 24
1756664387367 48.13877868652344 25
1756664387465 45.23506164550781 26
1756664387562 47.35121154785156 27
1756664387661 49.58626174926758 28
1756664387761 49.24480056762695 29
1756664387865 49.25013732910156 30
1756664387965 48.60562515258789 31
1756664388066 42.61750411987305 32
1756664388166 41.6514778137207 33
1756664388266 52.27526092529297 34
1756664388368 42.17625045776367 35
1756664388468 53.35380554199219 36
1756664388567 49.13092041015625 37
1756664388663 47.99523162841797 38
1756664388764 52.34545135498047 39
1756664388869 47.70243835449219 40
1756664388962 45.98386001586914 41
1756664389065 50.240135192871094 42
1756664389164 44.349727630615234 43
1756664389262 52.127681732177734 44
1756664389359 54.641929626464844 45
1756664389454 44.951072692871094 46
1756664389555 41.251670837402344 47
1756664389651 45.33064651489258 48
1756664389749 46.69312286376953 49
1756664389851 48.13877868652344 50
1756664389948 44.08241271972656 51
1756664390046 45.42538070678711 52
1756664390145 44.15355682373047 53
1756664390250 41.362796783447266 54
1756664390352 43.698143005371094 55
1756664390453 32.698184967041016 56
1756664390553 38.99506378173828 57
1756664390653 41.0523681640625 58
1756664390748 49.30266189575195 59
1756664390843 49.1025505065918 60
1756664390942 38.93549728393555 61
1756664391040 41.87089920043945 62
1756664391141 45.231178283691406 63
1756664391241 47.9190788269043 64
1756664391348 39.63752746582031 65
1756664391444 44.955055236816406 66
1756664391558 39.35666275024414 67
1756664391668 46.85633850097656 68
1756664391779 47.86383056640625 69
1756664391876 40.7407112121582 70
1756664391974 38.69729232788086 71
1756664392071 47.78268814086914 72
1756664392168 39.635440826416016 73
1756664392269 39.76299285888672 74
1756664392368 46.596248626708984 75
1756664392465 44.81605911254883 76
1756664392567 45.47671890258789 77
1756664392665 48.88624954223633 78
1756664392764 41.71311569213867 79
1756664392863 47.83827209472656 80
1756664392964 43.53339385986328 81
1756664393063 41.63168716430664 82
1756664393164 39.12220764160156 83
1756664393261 39.89126968383789 84
1756664393362 41.928768157958984 85
1756664393459 44.68614959716797 86
1756664393559 31.61686897277832 87
1756664393661 38.37226486206055 88
1756664393760 41.29958724975586 89
1756664393857 50.05620193481445 90
1756664393954 47.90267562866211 91
1756664394053 51.89335632324219 92
1756664394148 36.66316604614258 93
1756664394248 42.07823944091797 94
1756664394347 35.21431350708008 95
1756664394442 43.445526123046875 96
1756664394539 37.48317337036133 97
1756664394641 38.36857986450195 98
1756664394740 50.9148063659668 99
1756664394839 46.79945755004883 100
1756664394939 36.40837097167969 101
1756664395041 45.73755645751953 102
1756664395137 44.11907196044922 103
1756664395233 38.89997482299805 104
1756664395333 40.42988586425781 105
1756664395430 44.863014221191406 106
1756664395524 48.30297088623047 107
1756664395620 40.95881271362305 108
1756664395720 51.5970458984375 109
1756664395825 44.964271545410156 110
1756664395922 47.592376708984375 111
1756664396019 36.970481872558594 112
1756664396118 50.691551208496094 113
1756664396216 41.782222747802734 114
1756664396317 46.07067108154297 115
1756664396416 39.070274353027344 116
1756664396513 42.8726692199707 117
1756664396613 39.54178237915039 118
1756664396710 37.02098846435547 119
1756664396813 47.358375549316406 120
1756664396909 53.762657165527344 121
1756664397009 47.87670135498047 122
1756664397109 40.35029983520508 123
1756664397208 42.96015548706055 124
1756664397305 39.85517501831055 125
1756664397403 40.989967346191406 126
1756664397497 40.15447998046875 127
1756664397593 48.67087173461914 128
1756664397691 37.36809158325195 129
1756664397789 45.99427032470703 130
1756664397883 41.11567306518555 131
1756664397981 37.3509407043457 132
1756664398077 42.25399398803711 133
1756664398172 47.645286560058594 134
1756664398270 49.0911865234375 135
1756664398375 42.88277053833008 136
1756664398482 33.92074203491211 137
1756664398582 47.20744705200195 138
1756664398683 44.29638671875 139
1756664398784 44.81715393066406 140
1756664398886 43.06768035888672 141
1756664398990 38.49008560180664 142
1756664399092 45.52574920654297 143
1756664399192 48.40826416015625 144
1756664399289 45.74357986450195 145
1756664399389 41.953914642333984 146
1756664399487 43.65876388549805 147
1756664399582 39.60048294067383 148
1756664399680 52.419124603271484 149
1756664399775 44.44630432128906 150
1756664399879 46.5702018737793 151
1756664399982 40.40900802612305 152
1756664400083 44.14852523803711 153
1756664400180 40.31303787231445 154
1756664400277 47.39092254638672 155
1756664400381 45.94733810424805 156
1756664400482 51.10435104370117 157
1756664400584 57.18832778930664 158
1756664400685 43.2165412902832 159
1756664400784 44.84340286254883 160
1756664400884 46.02016830444336 161
1756664400979 42.072872161865234 162
1756664401078 46.4727668762207 163
1756664401179 45.90724563598633 164
1756664401274 47.27534484863281 165
1756664401371 44.406490325927734 166
1756664401468 43.95881652832031 167
1756664401570 51.145591735839844 168
1756664401667 41.65454864501953 169
1756664401765 39.525394439697266 170
1756664401862 41.44656753540039 171
1756664401963 42.051910400390625 172
1756664402061 44.00999450683594 173
1756664402163 42.33113098144531 174
1756664402257 47.300174713134766 175
1756664402353 46.928314208984375 176
1756664402447 44.24738693237305 177
1756664402549 40.354679107666016 178
1756664402647 49.115116119384766 179
1756664402746 44.25202560424805 180
1756664402849 46.85077667236328 181
1756664402949 40.680606842041016 182
1756664403049 51.39307403564453 183
1756664403146 46.45292282104492 184
1756664403243 41.56206130981445 185
1756664403342 39.873958587646484 186
1756664403440 44.15066146850586 187
1756664403539 41.85759353637695 188
1756664403633 53.00407791137695 189
1756664403728 41.37717056274414 190
1756664403824 42.95155334472656 191
1756664403922 40.89237976074219 192
1756664404015 51.21492004394531 193
1756664404113 39.36556625366211 194
1756664404211 38.96624755859375 195
1756664404311 43.01797103881836 196
1756664404410 43.87136459350586 197
1756664404508 44.253719329833984 198
1756664404604 42.32157516479492 199
1756664404704 43.28627014160156 200
1756664404799 40.53816223144531 201
1756664404896 36.95261764526367 202
1756664405000 46.472049713134766 203
1756664405098 45.760353088378906 204
1756664405194 37.1523323059082 205
1756664405302 46.02876663208008 206
1756664405407 42.271812438964844 207
1756664405520 44.758785247802734 208
1756664405630 38.177947998046875 209
1756664405730 41.72832107543945 210
1756664405828 41.97118377685547 211
1756664405930 42.133033752441406 212
1756664406030 31.837495803833008 213
1756664406131 42.961219787597656 214
1756664406236 50.57951736450195 215
1756664406336 43.74042892456055 216
1756664406439 41.20680236816406 217
1756664406538 46.69255447387695 218
1756664406635 49.552581787109375 219
1756664406732 42.265506744384766 220
1756664406830 43.86069107055664 221
1756664406927 49.15966796875 222
1756664407024 38.95465850830078 223
1756664407120 41.695411682128906 224
1756664407215 37.272701263427734 225
1756664407313 44.117061614990234 226
1756664407412 39.392356872558594 227
1756664407514 42.9564208984375 228
1756664407613 34.09828186035156 229
1756664407711 39.59577560424805 230
1756664407811 41.58470916748047 231
1756664407907 40.828147888183594 232
1756664408005 45.35762405395508 233
1756664408104 50.764305114746094 234
1756664408202 43.702537536621094 235
1756664408302 42.74476623535156 236
1756664408404 42.559513092041016 237
1756664408511 39.902442932128906 238
1756664408613 42.94944763183594 239
1756664408714 46.56061935424805 240
1756664408819 44.00463104248047 241
1756664408922 48.8326530456543 242
1756664409029 43.57850646972656 243
1756664409132 40.869388580322266 244
1756664409234 36.96156311035156 245
1756664409335 47.82875061035156 246
1756664409441 46.397701263427734 247
1756664409544 42.41732406616211 248
1756664409642 44.10592269897461 249
1756664409742 41.97065353393555 250
1756664409844 45.11909103393555 251
1756664409948 50.383323669433594 252
1756664410045 39.91602325439453 253
1756664410147 35.514888763427734 254
1756664410250 44.771644592285156 255
1756664410349 45.55706787109375 256
1756664410447 37.7913703918457 257
1756664410543 45.856422424316406 258
1756664410643 43.118858337402344 259
1756664410747 38.159332275390625 260
1756664410844 38.883636474609375 261
1756664410941 43.8516960144043 262
1756664411040 39.78643035888672 263
1756664411140 42.00327682495117 264
1756664411242 42.312686920166016 265
1756664411342 39.847938537597656 266
1756664411441 39.54878616333008 267
1756664411541 43.03251266479492 268
1756664411642 46.385623931884766 269
1756664411742 59.090980529785156 270
1756664411840 33.76466751098633 271
1756664411943 44.858306884765625 272
1756664412043 40.20354080200195 273
1756664412138 48.670814514160156 274
1756664412236 43.56454086303711 275
1756664412333 44.40101623535156 276
1756664412432 40.46255111694336 277
1756664412533 42.74945831298828 278
1756664412633 36.18710708618164 279
1756664412733 39.06565856933594 280
1756664412840 36.52056884765625 281
1756664412942 41.2020149230957 282
1756664413046 39.521217346191406 283
1756664413149 35.0243034362793 284
1756664413248 40.55482864379883 285
1756664413349 39.10309982299805 286
1756664413448 41.49224090576172 287
1756664413545 48.194950103759766 288
1756664413648 39.42919158935547 289
1756664413741 41.112571716308594 290
1756664413836 48.02016067504883 291
1756664413935 39.35129165649414 292
1756664414030 43.0189323425293 293
1756664414132 52.48961639404297 294
1756664414235 43.70313262939453 295
1756664414335 36.88774490356445 296
1756664414429 43.84397888183594 297
1756664414526 42.222496032714844 298
1756664414631 42.39814758300781 299
1756664422840 97.5569839477539 0
1756664422943 80.0960464477539 1
1756664423042 68.57444763183594 2
1756664423147 53.21355438232422 3
1756664423250 54.749427795410156 4
1756664423354 60.79121780395508 5
1756664423448 54.74536895751953 6
1756664423548 53.491844177246094 7
1756664423642 51.479942321777344 8
1756664423740 56.36478805541992 9
1756664423841 65.5171127319336 10
1756664423938 53.54817581176758 11
1756664424034 50.96263885498047 12
1756664424133 43.220489501953125 13
1756664424234 46.15448760986328 14
1756664424331 45.3398323059082 15
1756664424425 53.93568801879883 16
1756664424521 51.23423385620117 17
1756664424621 49.74382019042969 18
1756664424717 47.25409698486328 19
1756664424816 47.95363998413086 20
1756664424913 46.218414306640625 21
1756664425009 55.21624755859375 22
1756664425107 41.9635124206543 23
1756664425207 47.87466812133789 24
1756664425302 41.08934783935547 25
1756664425399 49.10002899169922 26
1756664425500 43.43999481201172 27
1756664425602 48.929771423339844 28
1756664425702 48.098018646240234 29
1756664425795 47.843772888183594 30
1756664425893 44.35021209716797 31
1756664425995 45.964515686035156 32
1756664426096 43.814781188964844 33
1756664426193 48.6331901550293 34
1756664426292 48.749542236328125 35
1756664426394 50.18133544921875 36
1756664426495 51.411048889160156 37
1756664426598 41.752410888671875 38
1756664426707 51.586273193359375 39
1756664426812 47.109283447265625 40
1756664426918 43.849342346191406 41
1756664427020 51.21217727661133 42
1756664427122 46.194610595703125 43
1756664427221 46.00183868408203 44
1756664427319 49.16840744018555 45
1756664427421 41.03398895263672 46
1756664427517 46.313697814941406 47
1756664427624 52.7715950012207 48
1756664427730 50.31201934814453 49
1756664427829 47.66423416137695 50
1756664427928 46.2275390625 51
1756664428028 50.03187942504883 52
1756664428127 49.86860275268555 53
1756664428222 51.54383087158203 54
1756664428316 43.73374557495117 55
1756664428419 47.43849563598633 56
1756664428518 45.005123138427734 57
1756664428616 57.31522750854492 58
1756664428720 48.28376007080078 59
1756664428820 49.765480041503906 60
1756664428919 42.435401916503906 61
1756664429016 39.339393615722656 62
1756664429115 43.1655158996582 63
1756664429219 48.009910583496094 64
1756664429322 48.267173767089844 65
1756664429423 41.858543395996094 66
1756664429525 45.122528076171875 67
1756664429626 40.696083068847656 68
1756664429720 42.17063522338867 69
1756664429818 52.06001663208008 70
1756664429916 53.1993522644043 71
1756664430011 55.045066833496094 72
1756664430111 42.37302017211914 73
1756664430215 43.72901153564453 74
1756664430315 40.789451599121094 75
1756664430423 42.19856643676758 76
1756664430523 52.573822021484375 77
1756664430623 41.04985809326172 78
1756664430726 47.907005310058594 79
1756664430826 48.71472930908203 80
1756664430925 49.39128875732422 81
1756664431023 46.49446487426758 82
1756664431119 44.1367073059082 83
1756664431216 45.225433349609375 84
1756664431316 57.315338134765625 85
1756664431418 47.213314056396484 86
1756664431523 44.6956901550293 87
1756664431622 42.553680419921875 88
1756664431720 46.06976318359375 89
1756664431818 50.80908966064453 90
1756664431914 50.036521911621094 91
1756664432015 42.48019027709961 92
1756664432111 49.01811599731445 93
1756664432209 38.3942756652832 94
1756664432311 46.49565505981445 95
1756664432411 38.8346061706543 96
1756664432510 38.63971710205078 97
1756664432616 45.4547119140625 98
1756664432713 44.9426155090332 99
1756664432813 52.95905303955078 100
1756664432912 41.66450500488281 101
1756664433009 50.237369537353516 102
1756664433108 39.95201873779297 103
1756664433206 53.39353561401367 104
1756664433306 49.013526916503906 105
1756664433409 45.56937026977539 106
1756664433512 45.480560302734375 107
1756664433612 51.4509391784668 108
1756664433718 47.394920349121094 109
1756664433813 43.59489822387695 110
1756664433912 45.75314712524414 111
1756664434010 41.872127532958984 112
1756664434106 47.15632247924805 113
1756664434208 35.55359649658203 114
1756664434310 35.224876403808594 115
1756664434409 46.13913345336914 116
1756664434514 44.442073822021484 117
1756664434615 45.300193786621094 118
1756664434717 45.367515563964844 119
1756664434820 40.306636810302734 120
1756664434924 43.697532653808594 121
1756664435027 46.061767578125 122
1756664435127 44.087257385253906 123
1756664435230 42.81670379638672 124
1756664435334 37.419166564941406 125
1756664435439 45.0654182434082 126
1756664435541 46.03548812866211 127
1756664435647 41.654579162597656 128
1756664435747 44.357666015625 129
1756664435848 46.99713134765625 130
1756664435947 41.48790740966797 131
1756664436049 46.527015686035156 132
1756664436146 48.25938034057617 133
1756664436242 41.97749710083008 134
1756664436343 46.774757385253906 135
1756664436442 45.18647003173828 136
1756664436540 46.30439376831055 137
1756664436639 56.7415885925293 138
1756664436741 42.43354797363281 139
1756664436841 45.44507598876953 140
1756664436941 42.302574157714844 141
1756664437039 43.35777282714844 142
1756664437140 44.50066375732422 143
1756664437238 47.39388656616211 144
1756664437333 45.415504455566406 145
1756664437443 40.452781677246094 146
1756664437552 55.3748893737793 147
1756664437659 44.020225524902344 148
1756664437763 52.35516357421875 149
1756664437862 48.014732360839844 150
1756664437959 43.3443717956543 151
1756664438058 41.881324768066406 152
1756664438150 44.29655075073242 153
1756664438257 49.95155715942383 154
1756664438356 39.30457305908203 155
1756664438455 44.448036193847656 156
1756664438552 45.26494598388672 157
1756664438649 43.467498779296875 158
1756664438748 45.7840576171875 159
1756664438853 43.51224899291992 160
1756664438948 48.60722732543945 161
1756664439040 42.77770233154297 162
1756664439137 49.33905029296875 163
1756664439234 46.56420135498047 164
1756664439339 42.35011672973633 165
1756664439440 48.34748077392578 166
1756664439536 44.329925537109375 167
1756664439633 50.515464782714844 168
1756664439731 47.01028823852539 169
1756664439829 40.704345703125 170
1756664439930 47.55858612060547 171
1756664440026 47.87035369873047 172
1756664440127 49.00884246826172 173
1756664440226 49.61703872680664 174
1756664440323 44.82270431518555 175
1756664440426 43.55872344970703 176
1756664440524 38.4595947265625 177
1756664440621 49.909812927246094 178
1756664440717 53.10790252685547 179
1756664440813 44.2951545715332 180
1756664440911 56.02973556518555 181
1756664441014 52.4658317565918 182
1756664441114 47.3651123046875 183
1756664441214 38.162837982177734 184
1756664441312 44.6435546875 185
1756664441411 47.03178024291992 186
1756664441509 50.76035690307617 187
1756664441607 42.452789306640625 188
1756664441716 42.8043327331543 189
1756664441819 50.98102569580078 190
1756664441920 45.483707427978516 191
1756664442018 50.2620849609375 192
1756664442120 51.052162170410156 193
1756664442224 46.46101379394531 194
1756664442326 44.00614547729492 195
1756664442427 48.305397033691406 196
1756664442526 40.65911865234375 197
1756664442625 43.224220275878906 198
1756664442728 48.65593719482422 199
1756664442826 48.16701126098633 200
1756664442926 48.17900848388672 201
1756664443027 44.60779571533203 202
1756664443127 46.80571365356445 203
1756664443226 44.542057037353516 204
1756664443324 36.579959869384766 205
1756664443421 47.868709564208984 206
1756664443521 46.9950065612793 207
1756664443622 46.365623474121094 208
1756664443723 51.29388427734375 209
1756664443827 50.55508804321289 210
1756664443930 41.42163848876953 211
1756664444026 42.801361083984375 212
1756664444121 42.6772346496582 213
1756664444219 50.9100456237793 214
1756664444315 39.863895416259766 215
1756664444417 42.6075553894043 216
1756664444519 38.8950309753418 217
1756664444621 45.22647476196289 218
1756664444721 50.506996154785156 219
1756664444823 37.25995635986328 220
1756664444921 49.98188400268555 221
1756664445023 44.460140228271484 222
1756664445125 45.166542053222656 223
1756664445225 46.10502243041992 224
1756664445325 47.980873107910156 225
1756664445423 45.86011505126953 226
1756664445526 47.8586311340332 227
1756664445628 50.690696716308594 228
1756664445733 40.53215789794922 229
1756664445831 42.348854064941406 230
1756664445927 42.2384033203125 231
1756664446023 39.166748046875 232
1756664446125 47.4615478515625 233
1756664446227 49.048614501953125 234
1756664446327 43.03071975708008 235
1756664446429 47.213897705078125 236
1756664446526 50.58251953125 237
1756664446624 50.35608673095703 238
1756664446725 45.714599609375 239
1756664446829 41.78649139404297 240
1756664446935 46.227821350097656 241
1756664447033 36.96900177001953 242
1756664447130 43.236358642578125 243
1756664447231 46.51351547241211 244
1756664447331 45.4788818359375 245
1756664447432 46.3147087097168 246
1756664447533 44.24967956542969 247
1756664447635 49.71458053588867 248
1756664447734 38.66935348510742 249
1756664447834 48.25313186645508 250
1756664447933 50.831031799316406 251
1756664448036 52.823097229003906 252
1756664448136 52.87080001831055 253
1756664448236 52.06639862060547 254
1756664448334 39.0251350402832 255
1756664448433 42.243186950683594 256
1756664448530 44.713111877441406 257
1756664448628 56.0415153503418 258
1756664448733 40.6567497253418 259
1756664448835 44.22291946411133 260
1756664448935 42.97460174560547 261
1756664449035 47.68882751464844 262
1756664449136 46.81993865966797 263
1756664449231 51.30992889404297 264
1756664449327 42.3887939453125 265
1756664449424 53.93474578857422 266
1756664449526 46.262794494628906 267
1756664449628 40.73748779296875 268
1756664449724 41.82305145263672 269
1756664449819 39.061668395996094 270
1756664449919 51.528228759765625 271
1756664450020 51.08518600463867 272
1756664450120 42.2603645324707 273
1756664450217 52.02338409423828 274
1756664450314 49.85575485229492 275
1756664450407 39.68762969970703 276
1756664450508 47.24309539794922 277
1756664450611 48.680633544921875 278
1756664450708 41.991310119628906 279
1756664450805 43.69254684448242 280
1756664450908 45.60222625732422 281
1756664451006 46.9083137512207 282
1756664451103 44.286537170410156 283
1756664451204 43.13008499145508 284
1756664451305 50.52197265625 285
1756664451408 46.647762298583984 286
1756664451508 47.215354919433594 287
1756664451615 49.14615249633789 288
1756664451717 46.84083938598633 289
1756664451820 42.710601806640625 290
1756664451922 44.72705841064453 291
1756664452021 42.066856384277344 292
1756664452120 51.66083908081055 293
1756664452218 34.979305267333984 294
1756664452323 56.49341583251953 295
1756664452429 45.798194885253906 296
1756664452532 44.72980499267578 297
1756664452638 41.97258758544922 298
1756664452743 44.84675216674805 299
1756664461071 99.86174774169922 0
1756664461260 98.4593505859375 1
1756664461447 95.55142974853516 2
1756664461635 89.83243560791016 3
1756664462134 88.90680694580078 4
1756664462322 74.9666519165039 5
1756664462509 71.76420593261719 6
1756664462706 67.16545867919922 7
1756664462895 67.4875717163086 8
1756664463083 74.75773620605469 9
1756664463271 69.40132141113281 10
1756664463458 64.83969116210938 11
1756664463645 68.25086212158203 12
1756664463834 65.98583984375 13
1756664464021 55.19808578491211 14
1756664464207 67.50572204589844 15
1756664464395 62.50521469116211 16
1756664464582 55.96253204345703 17
1756664464771 65.99269104003906 18
1756664464958 61.933990478515625 19
1756664465145 56.62896728515625 20
1756664465333 57.0985107421875 21
1756664465520 58.12963104248047 22
1756664465707 64.79003143310547 23
1756664465897 62.04032897949219 24
1756664466084 60.30935287475586 25
1756664466272 60.80998611450195 26
1756664466460 58.99401092529297 27
1756664466664 64.04065704345703 28
1756664466861 57.320823669433594 29
1756664467092 62.6547966003418 30
1756664467280 60.10389709472656 31
1756664467468 66.81951141357422 32
1756664467655 53.18798065185547 33
1756664467843 63.45533752441406 34
1756664468030 67.98316955566406 35
1756664468217 59.174407958984375 36
1756664468403 56.760581970214844 37
1756664468590 56.28702926635742 38
1756664468778 60.69218444824219 39
1756664468964 55.887664794921875 40
1756664469151 58.22830581665039 41
1756664469339 56.765525817871094 42
1756664469525 58.815242767333984 43
1756664469711 47.865074157714844 44
1756664469899 58.0306396484375 45
1756664470085 69.61477661132812 46
1756664470274 55.79802322387695 47
1756664470461 49.20854568481445 48
1756664470648 50.60993957519531 49
1756664470836 62.069427490234375 50
1756664471023 56.18678283691406 51
1756664471210 67.9813003540039 52
1756664471399 52.96590042114258 53
1756664471586 58.099876403808594 54
1756664471774 64.6156997680664 55
1756664471963 56.509666442871094 56
1756664472151 62.35470199584961 57
1756664472340 48.82035446166992 58
1756664472529 59.247928619384766 59
1756664472717 53.19813537597656 60
1756664472905 55.83641815185547 61
1756664473093 55.94995880126953 62
1756664473282 51.617713928222656 63
1756664473471 62.52076721191406 64
1756664473660 56.43234634399414 65
1756664473848 52.78223419189453 66
1756664474036 62.036441802978516 67
1756664474223 66.93746185302734 68
1756664474413 57.42879104614258 69
1756664474602 54.07164764404297 70
1756664474791 47.854103088378906 71
1756664474979 60.16594696044922 72
1756664475169 59.33794021606445 73
1756664475358 52.56269836425781 74
1756664475547 60.02567672729492 75
1756664475737 48.24742889404297 76
1756664475925 56.47154998779297 77
1756664476114 54.811092376708984 78
1756664476305 54.165096282958984 79
1756664476494 55.11027145385742 80
1756664476683 55.036354064941406 81
1756664476873 65.75131225585938 82
1756664477061 53.328025817871094 83
1756664477250 59.15849304199219 84
1756664477438 57.09961700439453 85
1756664477626 56.163543701171875 86
1756664477815 47.52311325073242 87
1756664478003 53.45423889160156 88
1756664478191 52.897857666015625 89
1756664478380 48.90472412109375 90
1756664478568 62.203285217285156 91
1756664478758 49.77579116821289 92
1756664478946 43.84355926513672 93
1756664479135 56.94898223876953 94
1756664479326 64.18517303466797 95
1756664479514 55.06958770751953 96
1756664479702 58.84819412231445 97
1756664479894 63.25166702270508 98
1756664480083 55.52392578125 99
1756664480274 50.54582214355469 100
1756664480463 61.86433792114258 101
1756664480652 49.91848373413086 102
1756664480842 52.58457946777344 103
1756664481031 51.806583404541016 104
1756664481220 55.946041107177734 105
1756664481410 53.4940185546875 106
1756664481599 59.85775375366211 107
1756664481790 60.52668380737305 108
1756664481979 57.00297927856445 109
1756664482168 57.802772521972656 110
1756664482356 58.107749938964844 111
1756664482545 59.542701721191406 112
1756664482734 59.90123748779297 113
1756664482921 57.98597717285156 114
1756664483112 49.82543182373047 115
1756664483302 48.59306335449219 116
1756664483492 58.83271789550781 117
1756664483680 66.87570190429688 118
1756664483869 62.60765075683594 119
1756664484058 59.209510803222656 120
1756664484248 54.812442779541016 121
1756664484436 47.50914764404297 122
1756664484626 51.601341247558594 123
1756664484817 50.989864349365234 124
1756664485005 48.25040817260742 125
1756664485194 56.46107482910156 126
1756664485384 42.183204650878906 127
1756664485573 57.96009826660156 128
1756664485766 50.23290252685547 129
1756664485956 63.535972595214844 130
1756664486145 48.26329040527344 131
1756664486336 59.349098205566406 132
1756664486524 58.26088333129883 133
1756664486713 54.607120513916016 134
1756664486903 48.92641830444336 135
1756664487091 59.3779411315918 136
1756664487282 57.331111907958984 137
1756664487473 50.90135192871094 138
1756664487662 60.45499801635742 139
1756664487852 50.625038146972656 140
1756664488042 49.63389587402344 141
1756664488230 52.285213470458984 142
1756664488420 47.50484085083008 143
1756664488609 50.88631057739258 144
1756664488803 56.163665771484375 145
1756664488997 46.50676727294922 146
1756664489185 54.28089904785156 147
1756664489382 48.87080383300781 148
1756664489570 58.73273849487305 149
1756664489762 59.06876754760742 150
1756664489954 45.466331481933594 151
1756664490144 54.210121154785156 152
1756664490333 49.18963623046875 153
1756664490520 63.140174865722656 154
1756664490712 57.16285705566406 155
1756664490902 48.321537017822266 156
1756664491090 59.64578628540039 157
1756664491279 49.98908615112305 158
1756664491468 56.038108825683594 159
1756664491656 65.05271911621094 160
1756664491844 61.313507080078125 161
1756664492032 38.705108642578125 162
1756664492220 60.549617767333984 163
1756664492408 52.95229721069336 164
1756664492597 52.43770980834961 165
1756664492785 48.52800369262695 166
1756664492972 53.6114501953125 167
1756664493160 51.951290130615234 168
1756664493348 60.39693069458008 169
1756664493552 47.92257308959961 170
1756664493764 61.83873748779297 171
1756664493953 48.56657791137695 172
1756664494141 52.837459564208984 173
1756664494331 48.263553619384766 174
1756664494520 60.03137969970703 175
1756664494709 60.38115692138672 176
1756664494905 58.009727478027344 177
1756664495093 62.48637008666992 178
1756664495283 55.3940315246582 179
1756664495471 59.25352478027344 180
1756664495658 53.86494445800781 181
1756664495847 58.0488166809082 182
1756664496035 64.62340545654297 183
1756664496222 56.73082733154297 184
1756664496411 48.210426330566406 185
1756664496598 54.02105712890625 186
1756664496788 60.181663513183594 187
1756664496976 53.845802307128906 188
1756664497164 53.9722785949707 189
1756664497351 56.47483825683594 190
1756664497539 56.612464904785156 191
1756664497728 46.6572265625 192
1756664497916 51.88986587524414 193
1756664498107 48.999671936035156 194
1756664498295 45.36317443847656 195
1756664498483 56.46681594848633 196
1756664498670 52.003883361816406 197
1756664498860 55.726036071777344 198
1756664499047 53.30101013183594 199
1756664499237 56.96281051635742 200
1756664499427 60.46287155151367 201
1756664499615 55.090293884277344 202
1756664499804 51.43376541137695 203
1756664499992 50.38947677612305 204
1756664500181 54.37857437133789 205
1756664500370 55.38400650024414 206
1756664500558 56.634605407714844 207
1756664500747 55.395606994628906 208
1756664500935 53.77058029174805 209
1756664501123 55.402164459228516 210
1756664501313 62.58839797973633 211
1756664501502 57.36159896850586 212
1756664501690 49.9160041809082 213
1756664501880 55.311153411865234 214
1756664502068 53.87058639526367 215
1756664502256 58.79989242553711 216
1756664502446 53.10239791870117 217
1756664502634 58.79035568237305 218
1756664502824 59.22822570800781 219
1756664503012 51.7562370300293 220
1756664503269 59.16971969604492 221
1756664503467 56.620582580566406 222
1756664503657 62.15198516845703 223
1756664503848 58.78788757324219 224
1756664504036 59.63557052612305 225
1756664504224 55.8709831237793 226
1756664504412 50.64803695678711 227
1756664504602 50.83680725097656 228
1756664504797 39.0929069519043 229
1756664504985 56.87555694580078 230
1756664505173 51.20878219604492 231
1756664505361 52.15869903564453 232
1756664505548 54.8061637878418 233
1756664505736 49.66225051879883 234
1756664505923 59.980010986328125 235
1756664506111 57.90849304199219 236
1756664506299 57.64837646484375 237
1756664506486 46.63441467285156 238
1756664506674 55.2197151184082 239
1756664506862 52.059329986572266 240
1756664507051 61.129493713378906 241
1756664507239 48.529296875 242
1756664507429 62.38163375854492 243
1756664507616 50.90250015258789 244
1756664507805 45.9406623840332 245
1756664507992 52.69410705566406 246
1756664508181 56.430633544921875 247
1756664508370 57.594505310058594 248
1756664508559 60.65498352050781 249
1756664508748 58.97915267944336 250
1756664508937 59.58820724487305 251
1756664509124 59.24037551879883 252
1756664509328 55.36817169189453 253
1756664509518 53.92362976074219 254
1756664509707 57.51953125 255
1756664509896 53.52817916870117 256
1756664510087 54.152774810791016 257
1756664510278 57.689998626708984 258
1756664510467 52.05897521972656 259
1756664510656 50.031009674072266 260
1756664510845 49.8224983215332 261
1756664511034 55.79738235473633 262
1756664511225 49.739559173583984 263
1756664511416 49.63414001464844 264
1756664511605 43.37857437133789 265
1756664511795 54.512718200683594 266
1756664511984 56.11418533325195 267
1756664512174 54.76123046875 268
1756664512363 57.60075378417969 269
1756664512553 52.56615447998047 270
1756664512742 57.698951721191406 271
1756664512931 50.26578903198242 272
1756664513120 56.41685485839844 273
1756664513311 55.29829025268555 274
1756664513500 64.51226043701172 275
1756664513689 49.72700881958008 276
1756664513878 56.14287567138672 277
1756664514067 58.94422912597656 278
1756664514257 58.43563461303711 279
1756664514447 53.542781829833984 280
1756664514638 54.12765121459961 281
1756664514829 59.1829833984375 282
1756664515018 49.70051193237305 283
1756664515208 59.17417526245117 284
1756664515398 55.433902740478516 285
1756664515589 44.10805130004883 286
1756664515778 60.092384338378906 287
1756664515966 46.411502838134766 288
1756664516155 48.46337127685547 289
1756664516345 52.13915252685547 290
1756664516536 50.66667556762695 291
1756664516724 60.11894226074219 292
1756664516913 55.24942398071289 293
1756664517103 61.06683349609375 294
1756664517293 59.74182891845703 295
1756664517482 55.228843688964844 296
1756664517671 52.11341857910156 297
1756664517860 58.58216094970703 298
1756664518049 59.97809600830078 299
1756664526368 99.1212158203125 0
1756664526559 93.54878234863281 1
1756664526749 80.52110290527344 2
1756664526940 70.45097351074219 3
1756664527131 68.1490478515625 4
1756664527321 70.0182876586914 5
1756664527510 72.03456115722656 6
1756664527701 66.56834411621094 7
1756664527891 73.22195434570312 8
1756664528081 59.875389099121094 9
1756664528277 65.33384704589844 10
1756664528492 64.91939544677734 11
1756664528682 65.56368255615234 12
1756664528871 68.34597778320312 13
1756664529061 62.9214973449707 14
1756664529251 56.608619689941406 15
1756664529441 62.93598556518555 16
1756664529632 61.017173767089844 17
1756664529823 67.52012634277344 18
1756664530012 57.10491180419922 19
1756664530203 64.59956359863281 20
1756664530394 55.40361785888672 21
1756664530585 61.96246337890625 22
1756664530774 55.20801544189453 23
1756664530964 63.72734451293945 24
1756664531154 60.186058044433594 25
1756664531345 62.99406814575195 26
1756664531537 61.43907928466797 27
1756664531728 63.474708557128906 28
1756664531919 59.40544891357422 29
1756664532110 53.2038459777832 30
1756664532301 55.11310958862305 31
1756664532490 65.41271209716797 32
1756664532679 55.212432861328125 33
1756664532870 55.03534698486328 34
1756664533061 56.64429473876953 35
1756664533251 59.56482696533203 36
1756664533442 66.33418273925781 37
1756664533631 58.560874938964844 38
1756664533822 46.51410675048828 39
1756664534013 59.106178283691406 40
1756664534202 64.34228515625 41
1756664534393 59.53690719604492 42
1756664534583 55.23358917236328 43
1756664534775 56.60557174682617 44
1756664534965 62.33266067504883 45
1756664535155 54.67085647583008 46
1756664535345 52.272254943847656 47
1756664535536 55.829627990722656 48
1756664535727 58.38969802856445 49
1756664535917 61.010658264160156 50
1756664536106 59.18339920043945 51
1756664536295 59.04951095581055 52
1756664536484 55.9745979309082 53
1756664536673 69.12266540527344 54
1756664536863 51.937461853027344 55
1756664537053 53.9129638671875 56
1756664537241 56.780906677246094 57
1756664537431 62.23442459106445 58
1756664537620 54.956459045410156 59
1756664537810 60.406707763671875 60
1756664537999 63.392303466796875 61
1756664538189 56.813201904296875 62
1756664538379 57.86823272705078 63
1756664538568 58.524444580078125 64
1756664538758 56.17724609375 65
1756664538947 68.13874053955078 66
1756664539136 59.471290588378906 67
1756664539326 63.17333984375 68
1756664539515 63.47972869873047 69
1756664539707 56.54472732543945 70
1756664539899 66.2408447265625 71
1756664540088 55.50046920776367 72
1756664540277 53.369361877441406 73
1756664540466 44.64320755004883 74
1756664540655 50.36425018310547 75
1756664540846 64.34803771972656 76
1756664541036 54.104469299316406 77
1756664541225 56.99506759643555 78
1756664541414 54.13154983520508 79
1756664541604 57.8847541809082 80
1756664541793 54.50493240356445 81
1756664541984 59.16703414916992 82
1756664542174 51.81195831298828 83
1756664542366 54.46027755737305 84
1756664542559 54.686073303222656 85
1756664542753 55.155799865722656 86
1756664542942 63.26227951049805 87
1756664543132 57.938232421875 88
1756664543323 53.14191818237305 89
1756664543511 56.51753616333008 90
1756664543701 45.644161224365234 91
1756664543890 46.50554656982422 92
1756664544079 63.00590896606445 93
1756664544269 60.724700927734375 94
1756664544458 62.62489700317383 95
1756664544649 46.04741668701172 96
1756664544840 52.1569709777832 97
1756664545029 56.83524703979492 98
1756664545220 50.287784576416016 99
1756664545410 61.717079162597656 100
1756664545599 58.712974548339844 101
1756664545788 51.014488220214844 102
1756664545977 45.2784538269043 103
1756664546167 61.638702392578125 104
1756664546357 55.94878005981445 105
1756664546547 60.36919403076172 106
1756664546737 59.53876876831055 107
1756664546927 58.10540008544922 108
1756664547117 52.583168029785156 109
1756664547317 59.86516189575195 110
1756664547507 48.782142639160156 111
1756664547697 61.271018981933594 112
1756664547887 61.662559509277344 113
1756664548076 60.4783821105957 114
1756664548265 65.42434692382812 115
1756664548457 54.95623779296875 116
1756664548647 45.11700439453125 117
1756664548836 57.179710388183594 118
1756664549027 56.784881591796875 119
1756664549223 56.953330993652344 120
1756664549429 53.075477600097656 121
1756664549624 50.51499938964844 122
1756664549818 62.95703887939453 123
1756664550012 42.604461669921875 124
1756664550206 62.141746520996094 125
1756664550400 49.21996307373047 126
1756664550594 53.89801025390625 127
1756664550788 58.830047607421875 128
1756664550983 36.6561164855957 129
1756664551176 57.7215461730957 130
1756664551371 60.53559494018555 131
1756664551567 60.47667694091797 132
1756664551760 48.096466064453125 133
1756664551955 54.308631896972656 134
1756664552149 56.5357551574707 135
1756664552343 59.18886184692383 136
1756664552537 60.989524841308594 137
1756664552730 56.170082092285156 138
1756664552924 64.6727066040039 139
1756664553119 62.662841796875 140
1756664553312 61.3177604675293 141
1756664553506 63.621299743652344 142
1756664553703 55.9091911315918 143
1756664553896 51.53922653198242 144
1756664554092 57.850791931152344 145
1756664554285 51.29681396484375 146
1756664554483 63.51611328125 147
1756664554677 56.97443771362305 148
1756664554873 59.08671951293945 149
1756664555064 61.293724060058594 150
1756664555259 51.87788009643555 151
1756664555518 53.29595184326172 152
1756664555714 51.534690856933594 153
1756664555906 53.27801513671875 154
1756664556098 54.2610969543457 155
1756664556290 63.310035705566406 156
1756664556483 46.97686767578125 157
1756664556675 52.57457733154297 158
1756664556868 61.17182540893555 159
1756664557059 62.744056701660156 160
1756664557251 55.09135055541992 161
1756664557444 60.636878967285156 162
1756664557635 54.503074645996094 163
1756664557826 63.401580810546875 164
1756664558018 49.26665115356445 165
1756664558209 57.01677322387695 166
1756664558400 53.5609130859375 167
1756664558592 55.36051559448242 168
1756664558783 61.48265838623047 169
1756664558976 59.752220153808594 170
1756664559169 49.67109298706055 171
1756664559362 44.84133529663086 172
1756664559553 56.38055419921875 173
1756664559746 59.46950149536133 174
1756664559937 69.98707580566406 175
1756664560128 56.92938995361328 176
1756664560319 59.63109588623047 177
1756664560512 56.1122932434082 178
1756664560705 61.42616653442383 179
1756664560898 53.47291946411133 180
1756664561091 53.300811767578125 181
1756664561283 68.17862701416016 182
1756664561476 46.71445083618164 183
1756664561668 58.645057678222656 184
1756664561860 54.5225944519043 185
1756664562052 60.49163818359375 186
1756664562244 57.065589904785156 187
1756664562437 57.13762283325195 188
1756664562630 47.02803421020508 189
1756664562822 52.55253982543945 190
1756664563014 57.509559631347656 191
1756664563207 52.58867263793945 192
1756664563400 48.684837341308594 193
1756664563592 51.961524963378906 194
1756664563785 67.256103515625 195
1756664563978 52.32490921020508 196
1756664564171 53.98345184326172 197
1756664564363 53.659019470214844 198
1756664564555 61.83979415893555 199
1756664564749 66.91156768798828 200
1756664564941 52.70475387573242 201
1756664565134 62.32368087768555 202
1756664565326 55.868064880371094 203
1756664565518 62.15949630737305 204
1756664565711 56.05733108520508 205
1756664565903 53.10791015625 206
1756664566096 62.12904739379883 207
1756664566288 47.8453483581543 208
1756664566481 51.22249221801758 209
1756664566673 53.2768440246582 210
1756664566865 50.0052490234375 211
1756664567057 51.72601318359375 212
1756664567247 62.42267990112305 213
1756664567438 45.466041564941406 214
1756664567628 53.087867736816406 215
1756664567819 62.643821716308594 216
1756664568010 62.68315505981445 217
1756664568200 54.9254264831543 218
1756664568392 54.777099609375 219
1756664568582 55.92539596557617 220
1756664568773 60.03169631958008 221
1756664568963 59.044097900390625 222
1756664569155 57.552154541015625 223
1756664569346 59.621620178222656 224
1756664569538 53.07563400268555 225
1756664569728 59.116676330566406 226
1756664569918 56.623016357421875 227
1756664570108 55.10227584838867 228
1756664570297 54.44353103637695 229
1756664570487 60.815765380859375 230
1756664570676 51.42274856567383 231
1756664570867 51.79010772705078 232
1756664571057 53.453704833984375 233
1756664571247 57.54248809814453 234
1756664571436 55.2220573425293 235
1756664571627 64.40094757080078 236
1756664571816 50.298805236816406 237
1756664572006 53.95709228515625 238
1756664572196 54.52776336669922 239
1756664572386 52.03270721435547 240
1756664572576 50.47938919067383 241
1756664572767 54.375389099121094 242
1756664572957 41.84314727783203 243
1756664573148 55.35429763793945 244
1756664573338 58.14563751220703 245
1756664573527 59.795677185058594 246
1756664573718 53.556007385253906 247
1756664573909 60.127296447753906 248
1756664574099 65.30226135253906 249
1756664574289 52.20310592651367 250
1756664574480 51.88445281982422 251
1756664574670 52.61140823364258 252
1756664574861 53.59015655517578 253
1756664575051 57.63813018798828 254
1756664575242 56.59476852416992 255
1756664575432 46.34161376953125 256
1756664575622 50.876853942871094 257
1756664575813 51.41144943237305 258
1756664576002 45.87364959716797 259
1756664576193 62.77771759033203 260
1756664576384 58.20029830932617 261
1756664576575 52.47758865356445 262
1756664576765 46.498809814453125 263
1756664576956 58.3858642578125 264
1756664577146 67.09972381591797 265
1756664577338 57.6696662902832 266
1756664577528 48.73170852661133 267
1756664577719 57.437095642089844 268
1756664577910 58.2164306640625 269
1756664578100 47.642478942871094 270
1756664578290 46.39900207519531 271
1756664578481 60.1401252746582 272
1756664578671 52.80817794799805 273
1756664578862 53.08897018432617 274
1756664579051 57.6519889831543 275
1756664579241 49.64290237426758 276
1756664579434 53.42314529418945 277
1756664579626 57.41962814331055 278
1756664579817 58.959449768066406 279
1756664580010 62.16389083862305 280
1756664580202 60.267189025878906 281
1756664580394 57.10273361206055 282
1756664580586 55.89018630981445 283
1756664580779 57.04608154296875 284
1756664580971 57.502906799316406 285
1756664581162 48.959197998046875 286
1756664581353 64.06819915771484 287
1756664581544 41.00322723388672 288
1756664581745 47.46550750732422 289
1756664581938 66.27803802490234 290
1756664582129 54.82737350463867 291
1756664582336 59.9094123840332 292
1756664582553 46.69184112548828 293
1756664582744 57.02642822265625 294
1756664582936 60.00278854370117 295
1756664583128 49.4515266418457 296
1756664583318 52.2639274597168 297
1756664583510 55.22943878173828 298
1756664583701 58.95664596557617 299
1756664592026 99.99903869628906 0
1756664592236 99.80484008789062 1
1756664592441 98.83988189697266 2
1756664592649 97.04993438720703 3
1756664592854 94.13896942138672 4
1756664593054 91.00243377685547 5
1756664593265 76.25841522216797 6
1756664593472 66.8115463256836 7
1756664593672 73.06328582763672 8
1756664593871 70.9933090209961 9
1756664594079 74.61407470703125 10
1756664594286 69.78700256347656 11
1756664594495 64.50846099853516 12
1756664594702 72.57366180419922 13
1756664594904 68.21015930175781 14
1756664595113 65.49748229980469 15
1756664595316 63.91929244995117 16
1756664595522 66.18692779541016 17
1756664595735 68.89593505859375 18
1756664595949 68.95091247558594 19
1756664596157 62.0424690246582 20
1756664596354 66.5062255859375 21
1756664596557 63.377952575683594 22
1756664596768 61.153907775878906 23
1756664596979 65.22399139404297 24
1756664597191 60.512733459472656 25
1756664597390 56.815677642822266 26
1756664597592 69.13526153564453 27
1756664597795 61.752174377441406 28
1756664598010 58.661991119384766 29
1756664598212 58.11857986450195 30
1756664598418 64.68971252441406 31
1756664598618 58.074954986572266 32
1756664598827 58.980838775634766 33
1756664599041 55.520408630371094 34
1756664599259 61.85078430175781 35
1756664599464 62.33815002441406 36
1756664599667 54.25404357910156 37
1756664599866 61.973052978515625 38
1756664600067 49.78306579589844 39
1756664600272 57.617767333984375 40
1756664600469 60.871253967285156 41
1756664600672 55.817440032958984 42
1756664600876 66.9980239868164 43
1756664601083 57.09648132324219 44
1756664601285 58.398250579833984 45
1756664601485 60.63950729370117 46
1756664601692 56.23227310180664 47
1756664601898 49.35009002685547 48
1756664602106 62.799137115478516 49
1756664602310 49.06087875366211 50
1756664602513 47.69021224975586 51
1756664602719 61.36056900024414 52
1756664602924 61.082759857177734 53
1756664603129 60.561302185058594 54
1756664603341 62.988189697265625 55
1756664603548 54.606327056884766 56
1756664603753 61.833595275878906 57
1756664603957 53.19852828979492 58
1756664604176 61.23054122924805 59
1756664604389 61.394779205322266 60
1756664604593 53.315059661865234 61
1756664604798 54.78620147705078 62
1756664605003 58.940677642822266 63
1756664605204 51.422088623046875 64
1756664605418 57.27391815185547 65
1756664605637 64.33228302001953 66
1756664605847 52.29290008544922 67
1756664606048 58.95580291748047 68
1756664606252 56.56664276123047 69
1756664606452 56.682865142822266 70
1756664606654 61.25203323364258 71
1756664606862 55.41267776489258 72
1756664607063 54.69004821777344 73
1756664607276 46.43327713012695 74
1756664607488 54.36122131347656 75
1756664607697 57.94076919555664 76
1756664607903 53.0297966003418 77
1756664608101 58.051998138427734 78
1756664608312 43.9243278503418 79
1756664608518 54.57316207885742 80
1756664608726 64.44937896728516 81
1756664608934 53.990909576416016 82
1756664609138 53.489036560058594 83
1756664609356 50.97997283935547 84
1756664609566 55.6646614074707 85
1756664609783 57.88203430175781 86
1756664609999 51.24751663208008 87
1756664610217 60.1231575012207 88
1756664610437 56.53558349609375 89
1756664610657 57.17718505859375 90
1756664610868 55.3826904296875 91
1756664611077 53.806949615478516 92
1756664611282 54.77930450439453 93
1756664611497 49.44773483276367 94
1756664611707 48.94745635986328 95
1756664611916 50.941036224365234 96
1756664612126 62.92377853393555 97
1756664612341 56.630489349365234 98
1756664612544 58.417728424072266 99
1756664612746 57.07808303833008 100
1756664612949 45.63766860961914 101
1756664613153 53.89247131347656 102
1756664613358 52.89006423950195 103
1756664613562 54.16136932373047 104
1756664613773 56.94391632080078 105
1756664613980 61.88329315185547 106
1756664614183 57.26320266723633 107
1756664614390 61.6087646484375 108
1756664614595 55.51133728027344 109
1756664614799 54.87396240234375 110
1756664615004 62.96839141845703 111
1756664615214 57.22891616821289 112
1756664615422 60.5741081237793 113
1756664615626 51.16436004638672 114
1756664615827 52.818809509277344 115
1756664616037 63.03032302856445 116
1756664616238 53.22398376464844 117
1756664616440 61.508907318115234 118
1756664616656 52.47380065917969 119
1756664616856 58.23626708984375 120
1756664617061 58.44862365722656 121
1756664617268 56.785587310791016 122
1756664617482 61.79307556152344 123
1756664617693 52.22480010986328 124
1756664617901 60.160701751708984 125
1756664618118 57.34584045410156 126
1756664618331 56.79178237915039 127
1756664618534 56.206016540527344 128
1756664618741 45.14805221557617 129
1756664618959 56.62208938598633 130
1756664619180 47.54469680786133 131
1756664619393 66.79415130615234 132
1756664619621 54.248653411865234 133
1756664619831 49.77508544921875 134
1756664620034 50.037269592285156 135
1756664620236 62.82456970214844 136
1756664620436 64.16108703613281 137
1756664620646 54.136558532714844 138
1756664620859 61.18107986450195 139
1756664621064 54.338050842285156 140
1756664621272 51.893653869628906 141
1756664621488 44.864139556884766 142
1756664621693 62.28397750854492 143
1756664621900 56.17983627319336 144
1756664622111 62.480987548828125 145
1756664622309 68.43437957763672 146
1756664622517 56.73311233520508 147
1756664622726 45.36085891723633 148
1756664622941 59.44108963012695 149
1756664623159 52.411102294921875 150
1756664623421 61.60344314575195 151
1756664623628 48.043128967285156 152
1756664623829 49.43017578125 153
1756664624038 61.30215835571289 154
1756664624245 46.8765754699707 155
1756664624450 60.81575012207031 156
1756664624655 59.33845901489258 157
1756664624852 54.27728271484375 158
1756664625059 60.252071380615234 159
1756664625260 56.47021484375 160
1756664625466 57.26268768310547 161
1756664625671 53.81263732910156 162
1756664625880 57.767520904541016 163
1756664626085 49.55073928833008 164
1756664626295 44.21894454956055 165
1756664626509 58.75197219848633 166
1756664626713 45.789459228515625 167
1756664626921 53.440311431884766 168
1756664627130 55.689613342285156 169
1756664627344 53.43568420410156 170
1756664627547 48.15827178955078 171
1756664627756 64.24490356445312 172
1756664627959 59.408958435058594 173
1756664628169 61.17238235473633 174
1756664628368 49.906028747558594 175
1756664628573 62.21339797973633 176
1756664628777 48.60984802246094 177
1756664628985 50.174903869628906 178
1756664629187 52.0591926574707 179
1756664629392 54.85204315185547 180
1756664629603 56.79313659667969 181
1756664629804 51.13934326171875 182
1756664630007 57.17759323120117 183
1756664630214 61.435367584228516 184
1756664630419 49.90357208251953 185
1756664630630 61.37716293334961 186
1756664630834 57.43930435180664 187
1756664631044 47.79134750366211 188
1756664631250 57.8509521484375 189
1756664631460 55.419063568115234 190
1756664631670 53.26436996459961 191
1756664631875 52.350894927978516 192
1756664632075 58.799373626708984 193
1756664632279 68.475341796875 194
1756664632484 60.28535461425781 195
1756664632687 53.342803955078125 196
1756664632893 48.26130676269531 197
1756664633094 58.75503921508789 198
1756664633297 53.50145721435547 199
1756664633505 61.89319610595703 200
1756664633708 53.44688415527344 201
1756664633910 57.899391174316406 202
1756664634112 50.00859069824219 203
1756664634319 60.965423583984375 204
1756664634523 56.88224411010742 205
1756664634727 54.52912521362305 206
1756664634935 53.11405944824219 207
1756664635141 51.66390609741211 208
1756664635343 58.27510452270508 209
1756664635548 60.777313232421875 210
1756664635753 52.56404495239258 211
1756664635961 54.236576080322266 212
1756664636187 54.59790802001953 213
1756664636384 50.76205062866211 214
1756664636585 60.295143127441406 215
1756664636789 57.75650405883789 216
1756664636994 51.974666595458984 217
1756664637202 54.87534713745117 218
1756664637405 56.19877243041992 219
1756664637609 61.11886978149414 220
1756664637819 54.09474563598633 221
1756664638031 53.87862014770508 222
1756664638243 50.89836883544922 223
1756664638461 56.42060089111328 224
1756664638668 54.48894119262695 225
1756664638875 40.53150939941406 226
1756664639085 57.01220703125 227
1756664639294 66.04176330566406 228
1756664639506 56.526145935058594 229
1756664639708 40.99232864379883 230
1756664639913 57.96590805053711 231
1756664640122 53.63408660888672 232
1756664640329 54.841251373291016 233
1756664640535 40.274085998535156 234
1756664640748 59.961483001708984 235
1756664640953 53.18480682373047 236
1756664641157 53.98055648803711 237
1756664641363 54.41217041015625 238
1756664641567 60.37437438964844 239
1756664641777 55.68644332885742 240
1756664641987 54.907936096191406 241
1756664642190 52.66164016723633 242
1756664642401 60.35327911376953 243
1756664642609 53.751487731933594 244
1756664642824 54.833553314208984 245
1756664643040 55.466636657714844 246
1756664643248 55.671363830566406 247
1756664643453 63.61113739013672 248
1756664643666 56.72100067138672 249
1756664643867 56.13697052001953 250
1756664644072 50.28306579589844 251
1756664644273 51.574554443359375 252
1756664644485 56.34014129638672 253
1756664644693 52.562828063964844 254
1756664644893 62.591148376464844 255
1756664645104 60.1951904296875 256
1756664645318 52.21136474609375 257
1756664645525 61.75371551513672 258
1756664645725 59.87759780883789 259
1756664645942 58.58418655395508 260
1756664646145 51.24361038208008 261
1756664646352 60.429161071777344 262
1756664646559 45.597110748291016 263
1756664646760 52.26129150390625 264
1756664646970 50.873023986816406 265
1756664647177 58.05693054199219 266
1756664647389 66.05717468261719 267
1756664647603 55.31534194946289 268
1756664647809 67.74972534179688 269
1756664648008 44.611061096191406 270
1756664648213 51.751441955566406 271
1756664648416 50.687042236328125 272
1756664648628 60.595237731933594 273
1756664648870 56.29291915893555 274
1756664649084 56.6341667175293 275
1756664649286 58.19645690917969 276
1756664649493 50.58748245239258 277
1756664649697 50.06110763549805 278
1756664649906 55.44261932373047 279
1756664650119 60.78969192504883 280
1756664650321 55.76447677612305 281
1756664650526 53.48345947265625 282
1756664650732 49.59147644042969 283
1756664650941 55.267578125 284
1756664651151 52.07280349731445 285
1756664651360 57.837589263916016 286
1756664651570 58.65251541137695 287
1756664651771 57.27195358276367 288
1756664651978 51.49977493286133 289
1756664652188 50.90587615966797 290
1756664652396 57.721641540527344 291
1756664652608 53.359493255615234 292
1756664652829 62.10964584350586 293
1756664653035 51.37303924560547 294
1756664653233 46.09404754638672 295
1756664653435 50.558876037597656 296
1756664653642 59.747291564941406 297
1756664653848 58.45866394042969 298
1756664654053 50.69425964355469 299
1756664662382 99.2779312133789 0
1756664662586 96.77842712402344 1
1756664662797 88.94895935058594 2
1756664663009 79.686767578125 3
1756664663213 61.25679397583008 4
1756664663417 68.00477600097656 5
1756664663624 68.8470230102539 6
1756664663835 69.96512603759766 7
1756664664042 65.66114807128906 8
1756664664258 63.746055603027344 9
1756664664465 67.1073989868164 10
1756664664671 60.43389129638672 11
1756664664877 61.117279052734375 12
1756664665086 60.48161697387695 13
1756664665288 64.96282196044922 14
1756664665493 65.61286926269531 15
1756664665700 59.32361602783203 16
1756664665903 62.8610725402832 17
1756664666115 54.441566467285156 18
1756664666323 59.47554397583008 19
1756664666534 53.39933395385742 20
1756664666737 59.7735595703125 21
1756664666940 61.8680534362793 22
1756664667141 52.149497985839844 23
1756664667344 57.956703186035156 24
1756664667554 58.18153762817383 25
1756664667765 49.001468658447266 26
1756664667987 56.948951721191406 27
1756664668196 55.69146728515625 28
1756664668400 59.19304275512695 29
1756664668607 56.973907470703125 30
1756664668821 60.899452209472656 31
1756664669032 49.20479202270508 32
1756664669243 61.4107666015625 33
1756664669468 56.6898193359375 34
1756664669675 61.21477127075195 35
1756664669884 47.2659797668457 36
1756664670089 56.155616760253906 37
1756664670295 51.43498611450195 38
1756664670501 60.035797119140625 39
1756664670700 52.056640625 40
1756664670907 62.1302490234375 41
1756664671114 58.6036376953125 42
1756664671320 53.71924591064453 43
1756664671530 63.31502151489258 44
1756664671736 63.665367126464844 45
1756664671954 57.40540313720703 46
1756664672163 54.8642463684082 47
1756664672373 52.0482063293457 48
1756664672580 58.40967559814453 49
1756664672786 59.77434158325195 50
1756664672998 55.3311767578125 51
1756664673211 55.738548278808594 52
1756664673413 51.83738327026367 53
1756664673622 55.16518020629883 54
1756664673825 60.515869140625 55
1756664674031 57.9955940246582 56
1756664674235 55.096412658691406 57
1756664674439 53.86225128173828 58
1756664674653 60.660362243652344 59
1756664674866 55.766151428222656 60
1756664675088 60.29875946044922 61
1756664675295 54.6713981628418 62
1756664675502 52.37041091918945 63
1756664675716 57.79761505126953 64
1756664675923 58.338096618652344 65
1756664676127 56.7337646484375 66
1756664676332 56.60906982421875 67
1756664676536 68.37723541259766 68
1756664676744 53.631439208984375 69
1756664676954 49.51686096191406 70
1756664677155 52.096458435058594 71
1756664677362 60.186607360839844 72
1756664677578 51.09124755859375 73
1756664677781 56.41780471801758 74
1756664677988 58.10356521606445 75
1756664678193 57.12237548828125 76
1756664678395 51.54460906982422 77
1756664678601 52.09064865112305 78
1756664678814 48.37919616699219 79
1756664679021 56.327415466308594 80
1756664679230 58.88337326049805 81
1756664679436 49.780052185058594 82
1756664679645 51.50944137573242 83
1756664679851 60.805885314941406 84
1756664680056 50.963523864746094 85
1756664680266 51.656341552734375 86
1756664680475 56.648834228515625 87
1756664680683 51.858558654785156 88
1756664680892 52.52156448364258 89
1756664681099 55.25102615356445 90
1756664681309 52.04911422729492 91
1756664681524 59.49174118041992 92
1756664681729 57.78950119018555 93
1756664681942 58.81352996826172 94
1756664682152 59.0431022644043 95
1756664682361 58.147132873535156 96
1756664682561 53.875343322753906 97
1756664682764 58.404754638671875 98
1756664682965 60.053199768066406 99
1756664683173 54.547691345214844 100
1756664683388 62.777976989746094 101
1756664683603 60.21856689453125 102
1756664683809 50.272056579589844 103
1756664684022 57.32471466064453 104
1756664684234 59.552650451660156 105
1756664684443 50.98307418823242 106
1756664684650 56.6072883605957 107
1756664684854 51.136985778808594 108
1756664685065 55.62641143798828 109
1756664685269 52.23122024536133 110
1756664685476 58.01072311401367 111
1756664685682 60.71710968017578 112
1756664685893 57.56462478637695 113
1756664686117 58.5977783203125 114
1756664686320 51.967140197753906 115
1756664686530 55.04578399658203 116
1756664686735 55.9881591796875 117
1756664686943 52.28099822998047 118
1756664687151 49.47972869873047 119
1756664687359 59.672813415527344 120
1756664687571 53.578826904296875 121
1756664687776 54.71891403198242 122
1756664687979 57.175514221191406 123
1756664688183 58.66644287109375 124
1756664688389 51.74689865112305 125
1756664688605 55.291419982910156 126
1756664688817 50.94725799560547 127
1756664689023 52.700233459472656 128
1756664689234 61.932037353515625 129
1756664689438 66.73835754394531 130
1756664689642 56.88081741333008 131
1756664689849 49.85475540161133 132
1756664690048 50.94618225097656 133
1756664690257 55.1837158203125 134
1756664690465 56.940101623535156 135
1756664690672 51.65179443359375 136
1756664690880 53.584922790527344 137
1756664691091 49.96734619140625 138
1756664691297 56.02312469482422 139
1756664691506 55.7203483581543 140
1756664691710 54.1851692199707 141
1756664691914 53.904136657714844 142
1756664692121 48.978668212890625 143
1756664692329 55.28688430786133 144
1756664692543 58.67573165893555 145
1756664692751 51.4140625 146
1756664692964 51.1755256652832 147
1756664693170 52.38663864135742 148
1756664693376 54.57594680786133 149
1756664693584 51.028873443603516 150
1756664693789 55.167503356933594 151
1756664694002 67.21173858642578 152
1756664694209 59.343467712402344 153
1756664694412 50.947608947753906 154
1756664694623 49.544654846191406 155
1756664694826 57.479408264160156 156
1756664695033 61.32074737548828 157
1756664695242 56.97051239013672 158
1756664695454 62.98701858520508 159
1756664695659 55.9172248840332 160
1756664695871 56.006561279296875 161
1756664696075 55.6974983215332 162
1756664696281 48.799522399902344 163
1756664696480 50.33857727050781 164
1756664696687 53.25017166137695 165
1756664696898 47.7612190246582 166
1756664697115 43.480140686035156 167
1756664697325 43.774024963378906 168
1756664697541 54.196327209472656 169
1756664697753 55.73566818237305 170
1756664697958 60.667762756347656 171
1756664698179 51.97792434692383 172
1756664698385 60.751502990722656 173
1756664698586 57.89337158203125 174
1756664698791 57.44880294799805 175
1756664698994 51.65436553955078 176
1756664699201 56.123779296875 177
1756664699408 57.496978759765625 178
1756664699620 50.88706970214844 179
1756664699831 52.085662841796875 180
1756664700036 54.35405731201172 181
1756664700245 51.25160598754883 182
1756664700449 61.53962326049805 183
1756664700658 49.93373489379883 184
1756664700875 53.499290466308594 185
1756664701081 58.73749923706055 186
1756664701288 52.89582061767578 187
1756664701495 54.41015625 188
1756664701709 55.073143005371094 189
1756664701918 51.47429656982422 190
1756664702130 55.115257263183594 191
1756664702348 51.330055236816406 192
1756664702550 54.151939392089844 193
1756664702758 51.100608825683594 194
1756664702970 54.20722579956055 195
1756664703188 55.96397018432617 196
1756664703390 54.39200973510742 197
1756664703595 49.21508026123047 198
1756664703801 53.74913787841797 199
1756664704001 56.61307907104492 200
1756664704209 58.209625244140625 201
1756664704420 53.70762252807617 202
1756664704632 59.504112243652344 203
1756664704839 51.33429718017578 204
1756664705043 55.243553161621094 205
1756664705258 57.13982009887695 206
1756664705468 58.4791374206543 207
1756664705671 53.374359130859375 208
1756664705883 58.343994140625 209
1756664706094 57.074310302734375 210
1756664706299 55.41133499145508 211
1756664706506 47.76140594482422 212
1756664706711 56.547096252441406 213
1756664706924 55.39592361450195 214
1756664707135 59.7370491027832 215
1756664707348 60.36589431762695 216
1756664707566 53.571075439453125 217
1756664707785 53.776527404785156 218
1756664707993 48.73125457763672 219
1756664708196 50.060699462890625 220
1756664708408 57.544639587402344 221
1756664708617 52.6270751953125 222
1756664708826 55.218284606933594 223
1756664709030 55.44362258911133 224
1756664709231 52.12675857543945 225
1756664709436 51.30992889404297 226
1756664709642 54.684410095214844 227
1756664709846 55.5806884765625 228
1756664710058 54.778533935546875 229
1756664710262 57.758872985839844 230
1756664710466 55.244140625 231
1756664710665 53.155303955078125 232
1756664710878 57.59663772583008 233
1756664711085 53.31412887573242 234
1756664711288 63.27764892578125 235
1756664711495 52.985572814941406 236
1756664711699 51.651451110839844 237
1756664711905 57.040557861328125 238
1756664712116 58.15189743041992 239
1756664712325 58.8504753112793 240
1756664712527 53.8834342956543 241
1756664712736 48.58019256591797 242
1756664712953 56.77580642700195 243
1756664713159 51.22777557373047 244
1756664713363 52.4287109375 245
1756664713571 55.40883255004883 246
1756664713770 60.36677169799805 247
1756664713976 50.41709518432617 248
1756664714179 55.71173095703125 249
1756664714383 51.609092712402344 250
1756664714591 53.9307975769043 251
1756664714796 54.70930862426758 252
1756664715000 45.29254913330078 253
1756664715215 60.09334182739258 254
1756664715434 47.02048110961914 255
1756664715641 52.91322708129883 256
1756664715850 52.68646240234375 257
1756664716059 55.18372344970703 258
1756664716268 53.243675231933594 259
1756664716472 56.718666076660156 260
1756664716681 55.369232177734375 261
1756664716884 58.72650146484375 262
1756664717093 51.5675048828125 263
1756664717298 52.780174255371094 264
1756664717502 53.38274002075195 265
1756664717721 55.99895095825195 266
1756664717933 60.79108810424805 267
1756664718145 53.08270263671875 268
1756664718344 50.72633743286133 269
1756664718559 56.78497314453125 270
1756664718773 52.66539764404297 271
1756664718979 51.813377380371094 272
1756664719185 50.693702697753906 273
1756664719393 57.45159149169922 274
1756664719616 53.28173828125 275
1756664719823 48.880088806152344 276
1756664720031 59.11248016357422 277
1756664720234 56.691680908203125 278
1756664720441 51.108482360839844 279
1756664720642 54.202880859375 280
1756664720849 52.334320068359375 281
1756664721047 59.583038330078125 282
1756664721250 51.00761795043945 283
1756664721454 60.997528076171875 284
1756664721654 51.38188552856445 285
1756664721861 53.93233108520508 286
1756664722066 51.78333282470703 287
1756664722268 56.261924743652344 288
1756664722476 57.6066780090332 289
1756664722681 54.3403434753418 290
1756664722887 56.81928253173828 291
1756664723094 53.610740661621094 292
1756664723299 50.08933639526367 293
1756664723516 48.922096252441406 294
1756664723729 53.84734344482422 295
1756664723940 55.784400939941406 296
1756664724150 47.51222610473633 297
1756664724349 51.597145080566406 298
1756664724554 50.54639434814453 299
1756664732895 98.16886901855469 0
1756664733109 86.56727600097656 1
1756664733311 59.724029541015625 2
1756664733518 61.44076919555664 3
1756664733725 56.00437545776367 4
1756664733929 54.490074157714844 5
1756664734134 56.17292022705078 6
1756664734344 55.38960647583008 7
1756664734552 50.430912017822266 8
1756664734750 58.777435302734375 9
1756664734956 49.97022247314453 10
1756664735165 49.07686233520508 11
1756664735366 45.70002746582031 12
1756664735576 49.54949188232422 13
1756664735781 50.25962448120117 14
1756664735982 45.93645477294922 15
1756664736184 48.8325309753418 16
1756664736390 52.01388168334961 17
1756664736601 51.771461486816406 18
1756664736800 52.211944580078125 19
1756664737008 48.10560607910156 20
1756664737213 47.54534149169922 21
1756664737423 43.993614196777344 22
1756664737626 54.500709533691406 23
1756664737826 39.92031478881836 24
1756664738036 60.37626266479492 25
1756664738240 46.63651657104492 26
1756664738444 51.14418029785156 27
1756664738646 48.74620056152344 28
1756664738859 47.451194763183594 29
1756664739067 40.671207427978516 30
1756664739275 41.97500228881836 31
1756664739480 45.32067108154297 32
1756664739681 49.33909606933594 33
1756664739887 46.25760269165039 34
1756664740097 47.78295135498047 35
1756664740325 40.175941467285156 36
1756664740540 41.61661148071289 37
1756664740754 35.008697509765625 38
1756664740954 57.68729782104492 39
1756664741169 43.637969970703125 40
1756664741379 42.20408248901367 41
1756664741586 43.062191009521484 42
1756664741788 46.08735275268555 43
1756664741995 45.38344955444336 44
1756664742193 46.98773193359375 45
1756664742394 44.940887451171875 46
1756664742601 40.3471794128418 47
1756664742798 42.4992790222168 48
1756664743003 39.233192443847656 49
1756664743269 44.41028594970703 50
1756664743478 44.78630447387695 51
1756664743682 45.5305290222168 52
1756664743882 52.2215690612793 53
1756664744085 47.61739730834961 54
1756664744281 45.78695297241211 55
1756664744481 50.49506759643555 56
1756664744690 43.4515380859375 57
1756664744903 55.47896194458008 58
1756664745123 47.404151916503906 59
1756664745323 51.57513427734375 60
1756664745527 46.00070571899414 61
1756664745730 54.809051513671875 62
1756664745941 44.844818115234375 63
1756664746149 46.199440002441406 64
1756664746363 46.51618576049805 65
1756664746568 46.65864944458008 66
1756664746772 45.140480041503906 67
1756664746971 37.8200798034668 68
1756664747178 46.09804153442383 69
1756664747390 43.592308044433594 70
1756664747604 51.063899993896484 71
1756664747809 38.1695556640625 72
1756664748024 50.705963134765625 73
1756664748229 41.93416213989258 74
1756664748432 45.873634338378906 75
1756664748633 48.40498352050781 76
1756664748839 50.591251373291016 77
1756664749051 53.59186935424805 78
1756664749254 47.75000762939453 79
1756664749470 46.71786117553711 80
1756664749682 52.5457763671875 81
1756664749885 47.87771224975586 82
1756664750092 49.43635940551758 83
1756664750292 46.325462341308594 84
1756664750492 44.998268127441406 85
1756664750697 57.814979553222656 86
1756664750913 44.03984832763672 87
1756664751121 42.785640716552734 88
1756664751328 48.10933303833008 89
1756664751537 43.7869987487793 90
1756664751735 41.61903762817383 91
1756664751933 53.17250061035156 92
1756664752138 50.69004821777344 93
1756664752349 47.96631622314453 94
1756664752571 46.23101806640625 95
1756664752785 42.73924255371094 96
1756664752985 39.98067092895508 97
1756664753192 40.62126541137695 98
1756664753398 48.88221740722656 99
1756664753602 51.71327590942383 100
1756664753801 43.21097946166992 101
1756664754005 43.8905029296875 102
1756664754212 53.12315368652344 103
1756664754419 53.495445251464844 104
1756664754630 48.075439453125 105
1756664754838 43.13667297363281 106
1756664755040 43.33558654785156 107
1756664755244 48.46044921875 108
1756664755451 44.82661437988281 109
1756664755657 60.54133224487305 110
1756664755860 49.06950759887695 111
1756664756070 46.52152633666992 112
1756664756278 47.76881408691406 113
1756664756490 49.78809356689453 114
1756664756695 46.93693923950195 115
1756664756908 50.94095993041992 116
1756664757121 38.81649398803711 117
1756664757328 43.52643966674805 118
1756664757535 38.63176727294922 119
1756664757748 44.346412658691406 120
1756664757961 45.802059173583984 121
1756664758177 45.8449592590332 122
1756664758393 47.32183837890625 123
1756664758602 45.746639251708984 124
1756664758807 55.88862991333008 125
1756664759010 48.36016845703125 126
1756664759217 41.90007400512695 127
1756664759420 41.69197463989258 128
1756664759629 48.6590461730957 129
1756664759838 56.26095199584961 130
1756664760044 40.756797790527344 131
1756664760251 51.077857971191406 132
1756664760451 45.901512145996094 133
1756664760655 40.19218444824219 134
1756664760870 50.186012268066406 135
1756664761071 52.97154235839844 136
1756664761272 42.50935363769531 137
1756664761476 44.02177047729492 138
1756664761688 55.19983673095703 139
1756664761894 41.76106262207031 140
1756664762104 55.80857467651367 141
1756664762314 41.36552429199219 142
1756664762519 39.9220085144043 143
1756664762725 42.699310302734375 144
1756664762929 46.77505111694336 145
1756664763136 41.02019500732422 146
1756664763344 41.73149490356445 147
1756664763551 45.13690948486328 148
1756664763763 43.402706146240234 149
1756664763973 52.03668212890625 150
1756664764177 48.97098159790039 151
1756664764376 43.04057693481445 152
1756664764586 46.00425338745117 153
1756664764803 43.19523239135742 154
1756664765011 49.36550521850586 155
1756664765213 47.87587356567383 156
1756664765422 47.196800231933594 157
1756664765624 42.94881820678711 158
1756664765826 45.85316467285156 159
1756664766028 41.07955551147461 160
1756664766232 45.605648040771484 161
1756664766445 39.3707275390625 162
1756664766647 44.99783706665039 163
1756664766850 46.45780944824219 164
1756664767055 50.05598068237305 165
1756664767262 42.95554733276367 166
1756664767469 45.51624298095703 167
1756664767669 39.66685485839844 168
1756664767876 47.74467086791992 169
1756664768083 41.39818572998047 170
1756664768288 37.40800857543945 171
1756664768491 49.6540412902832 172
1756664768692 48.00083923339844 173
1756664768895 49.24232482910156 174
1756664769105 43.711368560791016 175
1756664769317 48.092018127441406 176
1756664769521 50.5073356628418 177
1756664769730 40.64848709106445 178
1756664769938 41.877811431884766 179
1756664770159 48.1552848815918 180
1756664770364 42.30012512207031 181
1756664770566 47.6419792175293 182
1756664770769 46.50547790527344 183
1756664770979 43.10099411010742 184
1756664771192 41.38969802856445 185
1756664771397 47.85184860229492 186
1756664771607 48.77443313598633 187
1756664771815 55.3231201171875 188
1756664772022 47.01387023925781 189
1756664772243 41.812313079833984 190
1756664772446 43.9945068359375 191
1756664772652 51.044189453125 192
1756664772859 46.83960723876953 193
1756664773066 44.55282211303711 194
1756664773281 48.559173583984375 195
1756664773492 43.21538543701172 196
1756664773693 47.301456451416016 197
1756664773903 39.703121185302734 198
1756664774113 43.96343994140625 199
1756664774317 40.77193069458008 200
1756664774522 44.786865234375 201
1756664774725 39.41478729248047 202
1756664774926 41.94620132446289 203
1756664775129 45.21376419067383 204
1756664775342 46.11809158325195 205
1756664775554 39.126277923583984 206
1756664775764 50.372779846191406 207
1756664775977 45.69147872924805 208
1756664776187 43.71276092529297 209
1756664776400 49.93447494506836 210
1756664776604 42.79786682128906 211
1756664776806 45.16075134277344 212
1756664777009 48.44308090209961 213
1756664777210 40.779083251953125 214
1756664777418 51.09645462036133 215
1756664777628 43.095436096191406 216
1756664777829 47.80711364746094 217
1756664778033 41.673851013183594 218
1756664778249 48.4683837890625 219
1756664778456 51.07737731933594 220
1756664778663 46.88880157470703 221
1756664778864 44.69053649902344 222
1756664779065 41.74715805053711 223
1756664779278 51.92005157470703 224
1756664779484 48.683292388916016 225
1756664779692 42.524654388427734 226
1756664779916 54.75286102294922 227
1756664780121 38.2778205871582 228
1756664780325 46.40306854248047 229
1756664780535 39.90299987792969 230
1756664780749 49.25798416137695 231
1756664780962 47.587100982666016 232
1756664781168 39.092952728271484 233
1756664781375 45.052024841308594 234
1756664781585 47.59962844848633 235
1756664781804 50.381446838378906 236
1756664782009 45.95931625366211 237
1756664782217 45.44804000854492 238
1756664782424 48.154109954833984 239
1756664782632 46.80051040649414 240
1756664782840 48.828285217285156 241
1756664783050 43.03522872924805 242
1756664783253 41.526832580566406 243
1756664783457 40.173519134521484 244
1756664783662 41.45394515991211 245
1756664783872 43.36609649658203 246
1756664784082 45.796112060546875 247
1756664784295 41.12623596191406 248
1756664784504 41.09927749633789 249
1756664784711 45.741973876953125 250
1756664784915 39.65028381347656 251
1756664785138 52.29500198364258 252
1756664785344 42.27081298828125 253
1756664785550 43.0234489440918 254
1756664785766 45.2409782409668 255
1756664785975 48.58247756958008 256
1756664786187 50.9301872253418 257
1756664786392 44.67295837402344 258
1756664786595 48.98575973510742 259
1756664786806 45.909019470214844 260
1756664787018 40.58887481689453 261
1756664787224 51.26911544799805 262
1756664787430 48.87904357910156 263
1756664787632 36.64305877685547 264
1756664787842 52.7491455078125 265
1756664788048 40.04133605957031 266
1756664788251 49.204647064208984 267
1756664788454 45.660484313964844 268
1756664788665 48.752037048339844 269
1756664788890 45.10568618774414 270
1756664789097 52.28725051879883 271
1756664789305 53.59328079223633 272
1756664789510 48.603302001953125 273
1756664789728 48.10425567626953 274
1756664789934 48.84880447387695 275
1756664790131 47.67930603027344 276
1756664790327 46.1381721496582 277
1756664790540 48.49639129638672 278
1756664790746 42.967796325683594 279
1756664790955 44.14786148071289 280
1756664791167 49.04545974731445 281
1756664791369 46.20053482055664 282
1756664791570 41.07876205444336 283
1756664791779 50.5994987487793 284
1756664791983 49.013671875 285
1756664792187 45.120479583740234 286
1756664792391 49.08356857299805 287
1756664792597 52.345436096191406 288
1756664792804 47.45301818847656 289
1756664793020 39.654354095458984 290
1756664793221 42.25308609008789 291
1756664793430 41.15473556518555 292
1756664793640 41.21774673461914 293
1756664793845 49.35490036010742 294
1756664794051 46.16272735595703 295
1756664794252 41.172996520996094 296
1756664794459 42.855716705322266 297
1756664794667 41.44289016723633 298
1756664794878 48.951602935791016 299
1756664803215 95.52510070800781 0
1756664803418 66.55758666992188 1
1756664803625 64.24787902832031 2
1756664803831 55.18537521362305 3
1756664804036 53.573333740234375 4
1756664804243 53.85688400268555 5
1756664804456 56.266258239746094 6
1756664804665 50.89259338378906 7
1756664804868 45.93537521362305 8
1756664805066 57.89516067504883 9
1756664805271 53.97332763671875 10
1756664805482 50.574188232421875 11
1756664805708 55.65514373779297 12
1756664805932 49.0996208190918 13
1756664806144 47.892616271972656 14
1756664806346 47.24753952026367 15
1756664806552 46.27985763549805 16
1756664806774 47.475929260253906 17
1756664806994 48.35540771484375 18
1756664807201 48.523414611816406 19
1756664807412 48.698387145996094 20
1756664807616 48.49432373046875 21
1756664807818 48.012943267822266 22
1756664808028 55.32081985473633 23
1756664808241 45.593666076660156 24
1756664808445 44.772090911865234 25
1756664808653 45.001197814941406 26
1756664808865 42.32706832885742 27
1756664809084 45.0488166809082 28
1756664809289 51.3154296875 29
1756664809495 54.1181526184082 30
1756664809692 44.60917282104492 31
1756664809894 45.59285354614258 32
1756664810102 48.72333908081055 33
1756664810306 47.02337646484375 34
1756664810517 47.85130310058594 35
1756664810733 45.283233642578125 36
1756664810938 47.37290954589844 37
1756664811154 43.190696716308594 38
1756664811356 53.10515213012695 39
1756664811571 38.79620361328125 40
1756664811783 45.82033920288086 41
1756664811994 39.06122970581055 42
1756664812202 48.6025390625 43
1756664812407 45.96786117553711 44
1756664812619 49.780357360839844 45
1756664812824 35.22605895996094 46
1756664813038 40.33372497558594 47
1756664813249 55.29478073120117 48
1756664813454 44.099952697753906 49
1756664813663 50.2850456237793 50
1756664813867 46.13862228393555 51
1756664814085 43.10423278808594 52
1756664814290 55.07756423950195 53
1756664814500 49.81237030029297 54
1756664814707 44.76567840576172 55
1756664814920 55.161956787109375 56
1756664815130 38.63970947265625 57
1756664815339 46.88407516479492 58
1756664815540 47.38982391357422 59
1756664815744 46.16413116455078 60
1756664815953 44.78759002685547 61
1756664816158 44.95767593383789 62
1756664816366 45.44768524169922 63
1756664816583 47.96464920043945 64
1756664816789 46.82025909423828 65
1756664817002 46.1242561340332 66
1756664817210 48.71642303466797 67
1756664817411 43.74416732788086 68
1756664817620 46.67945098876953 69
1756664817827 51.34510040283203 70
1756664818032 44.23834228515625 71
1756664818242 42.37787628173828 72
1756664818464 43.160194396972656 73
1756664818675 52.486602783203125 74
1756664818882 42.93444061279297 75
1756664819109 42.802852630615234 76
1756664819319 41.609188079833984 77
1756664819526 45.619384765625 78
1756664819730 42.948116302490234 79
1756664819936 43.3751106262207 80
1756664820145 40.219886779785156 81
1756664820346 50.77320098876953 82
1756664820558 46.277793884277344 83
1756664820769 44.9802360534668 84
1756664820972 49.992652893066406 85
1756664821177 53.057891845703125 86
1756664821379 47.812530517578125 87
1756664821589 39.2118034362793 88
1756664821794 43.28075408935547 89
1756664821998 44.709285736083984 90
1756664822208 38.44047164916992 91
1756664822415 45.46293640136719 92
1756664822619 48.53863525390625 93
1756664822826 48.34373092651367 94
1756664823031 39.701255798339844 95
1756664823232 47.237117767333984 96
1756664823438 53.51740646362305 97
1756664823646 41.02760696411133 98
1756664823856 44.28907775878906 99
1756664824059 55.779273986816406 100
1756664824262 49.22026443481445 101
1756664824470 41.990509033203125 102
1756664824678 39.213233947753906 103
1756664824884 47.33515167236328 104
1756664825085 43.967124938964844 105
1756664825293 51.49287033081055 106
1756664825513 43.072174072265625 107
1756664825719 43.233238220214844 108
1756664825923 46.993247985839844 109
1756664826128 48.16759490966797 110
1756664826338 48.47228240966797 111
1756664826545 47.19446563720703 112
1756664826753 43.258323669433594 113
1756664826966 44.60426712036133 114
1756664827174 43.23206329345703 115
1756664827377 41.91423797607422 116
1756664827582 52.91253662109375 117
1756664827793 43.91069412231445 118
1756664828008 48.656005859375 119
1756664828216 48.334449768066406 120
1756664828433 47.092041015625 121
1756664828639 44.395606994628906 122
1756664828850 44.30081558227539 123
1756664829056 47.56385040283203 124
1756664829268 52.34809494018555 125
1756664829483 57.81586837768555 126
1756664829685 40.36317443847656 127
1756664829897 47.25849151611328 128
1756664830115 44.279083251953125 129
1756664830320 44.98185348510742 130
1756664830530 46.172096252441406 131
1756664830747 36.997962951660156 132
1756664830961 45.801578521728516 133
1756664831169 43.3695182800293 134
1756664831369 42.276363372802734 135
1756664831583 41.30447006225586 136
1756664831791 43.18842315673828 137
1756664831999 48.44114303588867 138
1756664832209 47.116111755371094 139
1756664832423 42.274147033691406 140
1756664832631 45.91358184814453 141
1756664832843 35.98518753051758 142
1756664833069 45.367733001708984 143
1756664833281 44.802574157714844 144
1756664833488 44.011932373046875 145
1756664833695 46.50005340576172 146
1756664833897 45.346370697021484 147
1756664834110 49.36344528198242 148
1756664834327 43.00931930541992 149
1756664834533 42.71723175048828 150
1756664834736 41.22412109375 151
1756664834943 48.100791931152344 152
1756664835154 39.90288543701172 153
1756664835367 40.94221496582031 154
1756664835582 46.27401351928711 155
1756664835791 43.83952713012695 156
1756664835998 45.950584411621094 157
1756664836204 44.74324417114258 158
1756664836415 42.05735778808594 159
1756664836627 42.69684982299805 160
1756664836833 47.30675506591797 161
1756664837044 49.01174545288086 162
1756664837251 49.50381851196289 163
1756664837459 49.81537628173828 164
1756664837663 49.38057327270508 165
1756664837868 39.076866149902344 166
1756664838074 47.91917419433594 167
1756664838281 40.16907501220703 168
1756664838490 48.42965316772461 169
1756664838697 50.61320877075195 170
1756664838905 45.05683135986328 171
1756664839107 41.059288024902344 172
1756664839318 51.106407165527344 173
1756664839523 50.987403869628906 174
1756664839726 39.4599609375 175
1756664839947 41.71112823486328 176
1756664840162 45.712684631347656 177
1756664840366 41.87158203125 178
1756664840569 46.32237243652344 179
1756664840776 52.38747024536133 180
1756664840984 46.61290740966797 181
1756664841192 42.418907165527344 182
1756664841401 45.513431549072266 183
1756664841615 49.72099685668945 184
1756664841831 42.703285217285156 185
1756664842039 47.6480712890625 186
1756664842243 48.880828857421875 187
1756664842449 38.085350036621094 188
1756664842662 52.37724685668945 189
1756664842868 49.438575744628906 190
1756664843083 51.8759651184082 191
1756664843293 46.976165771484375 192
1756664843502 47.83019256591797 193
1756664843706 48.55570983886719 194
1756664843907 41.88695526123047 195
1756664844115 50.440425872802734 196
1756664844329 46.622581481933594 197
1756664844539 38.529876708984375 198
1756664844752 42.812660217285156 199
1756664844957 45.62397003173828 200
1756664845174 50.76154327392578 201
1756664845387 46.817481994628906 202
1756664845597 40.47426986694336 203
1756664845807 41.75511932373047 204
1756664846024 50.89952850341797 205
1756664846237 42.86825180053711 206
1756664846445 45.037445068359375 207
1756664846649 58.04486846923828 208
1756664846861 36.38916778564453 209
1756664847076 51.42905807495117 210
1756664847284 55.03950119018555 211
1756664847489 43.21710205078125 212
1756664847702 47.711036682128906 213
1756664847912 40.984222412109375 214
1756664848125 38.73309326171875 215
1756664848333 41.09138870239258 216
1756664848552 35.36162567138672 217
1756664848754 35.441802978515625 218
1756664848959 37.403526306152344 219
1756664849173 44.35972213745117 220
1756664849392 48.282466888427734 221
1756664849596 37.273040771484375 222
1756664849815 43.7921257019043 223
1756664850025 54.46721649169922 224
1756664850236 37.58457946777344 225
1756664850444 41.46255874633789 226
1756664850657 42.089317321777344 227
1756664850872 34.71691131591797 228
1756664851084 40.42877960205078 229
1756664851289 52.386253356933594 230
1756664851499 50.98731231689453 231
1756664851702 46.35328674316406 232
1756664851917 47.638465881347656 233
1756664852121 43.81256866455078 234
1756664852331 52.204132080078125 235
1756664852537 46.981746673583984 236
1756664852755 44.482181549072266 237
1756664852963 41.41265106201172 238
1756664853172 33.30536651611328 239
1756664853388 46.81510925292969 240
1756664853590 45.517967224121094 241
1756664853803 44.059776306152344 242
1756664854010 44.11396408081055 243
1756664854217 37.93244552612305 244
1756664854426 37.134098052978516 245
1756664854643 43.09559631347656 246
1756664854855 46.38628005981445 247
1756664855060 46.32843017578125 248
1756664855267 45.307044982910156 249
1756664855472 47.53201675415039 250
1756664855679 47.97976303100586 251
1756664855887 36.28534698486328 252
1756664856096 42.0050163269043 253
1756664856306 45.095481872558594 254
1756664856513 44.639060974121094 255
1756664856722 47.065128326416016 256
1756664856939 45.80635452270508 257
1756664857146 45.001075744628906 258
1756664857350 40.69153594970703 259
1756664857564 46.05522537231445 260
1756664857773 39.11571502685547 261
1756664857983 48.05752944946289 262
1756664858184 45.919559478759766 263
1756664858393 46.9986572265625 264
1756664858600 45.08296585083008 265
1756664858806 49.75924301147461 266
1756664859015 36.26702117919922 267
1756664859222 52.4362678527832 268
1756664859438 43.41632843017578 269
1756664859646 42.381980895996094 270
1756664859865 44.58781814575195 271
1756664860072 39.01609420776367 272
1756664860278 46.58439636230469 273
1756664860486 41.1744499206543 274
1756664860698 46.82562255859375 275
1756664860907 41.31887435913086 276
1756664861121 41.06409454345703 277
1756664861327 39.63001251220703 278
1756664861533 39.12294387817383 279
1756664861742 40.21770477294922 280
1756664861953 39.03075408935547 281
1756664862163 48.45111846923828 282
1756664862367 50.80379867553711 283
1756664862592 45.87373352050781 284
1756664862813 45.64179992675781 285
1756664863039 40.043182373046875 286
1756664863279 49.97562026977539 287
1756664863509 45.455142974853516 288
1756664863710 47.04498291015625 289
1756664863913 43.736610412597656 290
1756664864116 40.116172790527344 291
1756664864324 36.40152359008789 292
1756664864537 42.1386833190918 293
1756664864755 51.29429244995117 294
1756664864962 37.66324996948242 295
1756664865170 41.480316162109375 296
1756664865379 32.0612678527832 297
1756664865586 46.952171325683594 298
1756664865797 42.85413360595703 299
1756664874227 99.72455596923828 0
1756664874493 96.01966857910156 1
1756664874759 84.77848815917969 2
1756664875026 77.26954650878906 3
1756664875293 69.40870666503906 4
1756664875560 70.30099487304688 5
1756664875831 70.94796752929688 6
1756664876098 74.7862548828125 7
1756664876365 63.61251449584961 8
1756664876634 70.95048522949219 9
1756664876900 70.681396484375 10
1756664877166 70.08560180664062 11
1756664877435 73.6326675415039 12
1756664877711 64.88017272949219 13
1756664877992 59.581634521484375 14
1756664878260 67.36308288574219 15
1756664878525 64.42244720458984 16
1756664878791 64.5810546875 17
1756664879057 59.83757019042969 18
1756664879322 60.16401290893555 19
1756664879587 59.56059646606445 20
1756664879854 63.66867446899414 21
1756664880121 58.06753158569336 22
1756664880388 57.97452926635742 23
1756664880658 72.58203125 24
1756664880923 61.65079879760742 25
1756664881188 56.34927749633789 26
1756664881453 60.05855178833008 27
1756664881718 60.36600875854492 28
1756664881983 63.65327072143555 29
1756664882249 58.958805084228516 30
1756664882513 67.70407104492188 31
1756664882780 50.69811248779297 32
1756664883046 58.9566650390625 33
1756664883312 56.92945098876953 34
1756664883578 58.54331588745117 35
1756664883845 62.082576751708984 36
1756664884111 53.358028411865234 37
1756664884378 55.475189208984375 38
1756664884644 49.16047286987305 39
1756664884911 69.57374572753906 40
1756664885177 66.99258422851562 41
1756664885443 55.09714889526367 42
1756664885714 46.238250732421875 43
1756664885982 50.46186065673828 44
1756664886251 54.582889556884766 45
1756664886518 48.22728729248047 46
1756664886786 57.42711639404297 47
1756664887053 48.251625061035156 48
1756664887321 63.80305480957031 49
1756664887588 48.77848434448242 50
1756664887855 51.94679641723633 51
1756664888123 51.03010559082031 52
1756664888393 57.021095275878906 53
1756664888660 48.79015350341797 54
1756664888927 58.51430130004883 55
1756664889194 60.82202911376953 56
1756664889491 60.74225997924805 57
1756664889759 56.31765365600586 58
1756664890025 50.09073257446289 59
1756664890293 45.8861198425293 60
1756664890560 53.00166320800781 61
1756664890827 58.98257064819336 62
1756664891095 60.73680877685547 63
1756664891364 45.903045654296875 64
1756664891631 53.89217758178711 65
1756664891899 48.31453323364258 66
1756664892165 57.063804626464844 67
1756664892437 58.25122833251953 68
1756664892704 52.561424255371094 69
1756664892972 50.28908157348633 70
1756664893238 51.43788146972656 71
1756664893505 51.1929931640625 72
1756664893772 57.000186920166016 73
1756664894038 57.705806732177734 74
1756664894306 64.3330307006836 75
1756664894572 58.462242126464844 76
1756664894839 61.36946105957031 77
1756664895106 49.44762420654297 78
1756664895373 53.81291961669922 79
1756664895641 42.64379119873047 80
1756664895909 58.1561279296875 81
1756664896175 57.13261413574219 82
1756664896444 60.8148193359375 83
1756664896711 64.21827697753906 84
1756664896979 51.960716247558594 85
1756664897245 46.78030776977539 86
1756664897512 51.04520797729492 87
1756664897779 49.37495422363281 88
1756664898047 60.19880294799805 89
1756664898313 52.17206573486328 90
1756664898580 61.0775260925293 91
1756664898848 55.939292907714844 92
1756664899116 58.09321212768555 93
1756664899384 48.013099670410156 94
1756664899654 48.77016830444336 95
1756664899921 55.92654800415039 96
1756664900187 58.34725570678711 97
1756664900456 57.96980667114258 98
1756664900723 49.3697509765625 99
1756664900989 60.36397171020508 100
1756664901256 44.8232307434082 101
1756664901526 61.09138107299805 102
1756664901794 54.18376159667969 103
1756664902061 54.51538848876953 104
1756664902328 41.39741134643555 105
1756664902596 54.64813995361328 106
1756664902866 47.90800094604492 107
1756664903133 53.36430740356445 108
1756664903402 60.38557434082031 109
1756664903669 55.85026931762695 110
1756664903936 52.482261657714844 111
1756664904204 54.70287322998047 112
1756664904472 49.6413688659668 113
1756664904740 57.076393127441406 114
1756664905009 56.71316909790039 115
1756664905277 53.87930679321289 116
1756664905544 61.24363327026367 117
1756664905814 49.77735137939453 118
1756664906081 50.673091888427734 119
1756664906349 49.87591552734375 120
1756664906616 41.88770294189453 121
1756664906884 51.10871505737305 122
1756664907161 48.713600158691406 123
1756664907428 59.08549118041992 124
1756664907695 57.6883544921875 125
1756664907963 53.44512176513672 126
1756664908241 45.91893768310547 127
1756664908507 52.790985107421875 128
1756664908775 61.627044677734375 129
1756664909043 47.456016540527344 130
1756664909318 52.58481979370117 131
1756664909587 54.81948471069336 132
1756664909861 52.44775390625 133
1756664910129 57.961605072021484 134
1756664910397 65.00214385986328 135
1756664910665 47.4227294921875 136
1756664910933 53.7109260559082 137
1756664911201 62.39327621459961 138
1756664911469 44.821266174316406 139
1756664911737 51.064056396484375 140
1756664912005 58.48150634765625 141
1756664912272 53.3837890625 142
1756664912541 53.452823638916016 143
1756664912810 59.307518005371094 144
1756664913078 55.49635314941406 145
1756664913347 46.1993522644043 146
1756664913615 55.462982177734375 147
1756664913883 53.29524230957031 148
1756664914150 44.31034851074219 149
1756664914418 45.2463493347168 150
1756664914686 54.11491775512695 151
1756664914958 56.5825309753418 152
1756664915225 60.81980514526367 153
1756664915493 46.9732551574707 154
1756664915759 55.30670928955078 155
1756664916025 45.98945999145508 156
1756664916291 53.56112289428711 157
1756664916558 49.70919418334961 158
1756664916827 64.64904022216797 159
1756664917093 52.4785041809082 160
1756664917360 57.796993255615234 161
1756664917625 54.440330505371094 162
1756664917891 41.32173156738281 163
1756664918157 52.5839729309082 164
1756664918425 50.8811149597168 165
1756664918691 60.518009185791016 166
1756664918958 58.54068374633789 167
1756664919225 63.584041595458984 168
1756664919492 59.81336975097656 169
1756664919762 54.368324279785156 170
1756664920027 56.34124755859375 171
1756664920294 44.51716232299805 172
1756664920560 57.762603759765625 173
1756664920828 52.00862121582031 174
1756664921094 56.58902359008789 175
1756664921361 57.07211685180664 176
1756664921627 54.131446838378906 177
1756664921895 47.03026580810547 178
1756664922162 56.412784576416016 179
1756664922430 57.256465911865234 180
1756664922702 46.72993850708008 181
1756664922969 47.73374938964844 182
1756664923234 59.306522369384766 183
1756664923501 48.16236877441406 184
1756664923769 59.42927169799805 185
1756664924036 56.65731430053711 186
1756664924303 52.66838455200195 187
1756664924571 45.41279602050781 188
1756664924838 55.99724197387695 189
1756664925106 51.79907989501953 190
1756664925372 58.669193267822266 191
1756664925638 43.516571044921875 192
1756664925905 50.21583938598633 193
1756664926173 50.53204345703125 194
1756664926441 52.813507080078125 195
1756664926709 48.81760025024414 196
1756664926977 50.53575134277344 197
1756664927282 55.2027587890625 198
1756664927548 49.70148849487305 199
1756664927816 51.09306335449219 200
1756664928083 55.03846740722656 201
1756664928351 51.54549789428711 202
1756664928619 45.716087341308594 203
1756664928888 54.4036865234375 204
1756664929155 62.1085090637207 205
1756664929424 57.92085647583008 206
1756664929690 55.378177642822266 207
1756664929958 51.11898422241211 208
1756664930226 51.07347869873047 209
1756664930493 56.195335388183594 210
1756664930760 52.50786209106445 211
1756664931026 57.551246643066406 212
1756664931294 55.45961380004883 213
1756664931561 52.0219841003418 214
1756664931831 51.34315490722656 215
1756664932098 48.80241394042969 216
1756664932363 53.82685852050781 217
1756664932630 57.38665771484375 218
1756664932898 47.53111267089844 219
1756664933174 50.765045166015625 220
1756664933443 52.77391815185547 221
1756664933709 59.82838439941406 222
1756664933976 46.33143997192383 223
1756664934245 52.91111373901367 224
1756664934513 57.98223114013672 225
1756664934782 55.474369049072266 226
1756664935049 59.362064361572266 227
1756664935319 51.80131912231445 228
1756664935591 41.24061584472656 229
1756664935858 61.496639251708984 230
1756664936125 45.809913635253906 231
1756664936393 44.681610107421875 232
1756664936661 50.20527648925781 233
1756664936932 62.705379486083984 234
1756664937199 48.63031768798828 235
1756664937467 53.32167053222656 236
1756664937734 50.227840423583984 237
1756664938004 50.4393424987793 238
1756664938272 57.33125305175781 239
1756664938541 58.477787017822266 240
1756664938810 51.16221618652344 241
1756664939079 50.17627716064453 242
1756664939347 43.001976013183594 243
1756664939615 44.89276123046875 244
1756664939883 60.19151306152344 245
1756664940151 52.14961242675781 246
1756664940418 59.18775939941406 247
1756664940685 49.62010955810547 248
1756664940965 47.36149597167969 249
1756664941235 53.90890884399414 250
1756664941503 58.13169860839844 251
1756664941770 46.468101501464844 252
1756664942055 52.344749450683594 253
1756664942323 59.722190856933594 254
1756664942592 57.71045684814453 255
1756664942860 60.45052719116211 256
1756664943127 54.57422637939453 257
1756664943393 49.36832046508789 258
1756664943660 53.14481735229492 259
1756664943928 58.78662109375 260
1756664944195 49.311195373535156 261
1756664944462 56.50157165527344 262
1756664944730 58.68339157104492 263
1756664944996 55.88744354248047 264
1756664945263 57.66596603393555 265
1756664945530 57.354759216308594 266
1756664945797 66.43212127685547 267
1756664946067 55.85283660888672 268
1756664946339 43.299354553222656 269
1756664946607 55.81481170654297 270
1756664946880 49.627864837646484 271
1756664947147 46.74620056152344 272
1756664947414 59.00265884399414 273
1756664947683 61.27029800415039 274
1756664947951 49.797298431396484 275
1756664948220 46.3790283203125 276
1756664948489 54.26980972290039 277
1756664948757 50.9046630859375 278
1756664949027 59.0556640625 279
1756664949297 47.21818161010742 280
1756664949564 51.797828674316406 281
1756664949832 59.09071350097656 282
1756664950101 55.80650329589844 283
1756664950370 52.22620391845703 284
1756664950639 57.399452209472656 285
1756664950909 49.851837158203125 286
1756664951177 53.518123626708984 287
1756664951446 56.33684539794922 288
1756664951716 58.35464096069336 289
1756664951985 53.46603775024414 290
1756664952252 51.29853057861328 291
1756664952519 60.25084686279297 292
1756664952788 49.60371398925781 293
1756664953057 55.55443572998047 294
1756664953324 61.681121826171875 295
1756664953592 53.32476806640625 296
1756664953861 58.30048370361328 297
1756664954129 59.010963439941406 298
1756664954398 55.06032943725586 299
1756664962820 95.44937896728516 0
1756664963087 67.75460052490234 1
1756664963356 74.6732177734375 2
1756664963628 64.63574981689453 3
1756664963894 65.58772277832031 4
1756664964162 65.42414093017578 5
1756664964430 53.927589416503906 6
1756664964699 58.263397216796875 7
1756664964968 63.78099822998047 8
1756664965235 53.34916305541992 9
1756664965504 56.539878845214844 10
1756664965772 56.379661560058594 11
1756664966040 59.102325439453125 12
1756664966308 56.4351692199707 13
1756664966575 57.875946044921875 14
1756664966842 62.096466064453125 15
1756664967109 56.1465950012207 16
1756664967377 57.742164611816406 17
1756664967643 52.885032653808594 18
1756664967912 51.02208709716797 19
1756664968179 56.86652374267578 20
1756664968447 56.29053497314453 21
1756664968714 56.2197265625 22
1756664968982 52.8585319519043 23
1756664969258 52.63737106323242 24
1756664969557 54.56172561645508 25
1756664969831 52.3018684387207 26
1756664970106 60.67845916748047 27
1756664970383 59.420440673828125 28
1756664970656 54.751495361328125 29
1756664970934 59.737464904785156 30
1756664971212 60.8519401550293 31
1756664971488 52.51219940185547 32
1756664971755 60.5540885925293 33
1756664972025 60.7841911315918 34
1756664972291 53.8853645324707 35
1756664972558 58.93994903564453 36
1756664972826 59.97626495361328 37
1756664973111 56.636085510253906 38
1756664973422 57.14278030395508 39
1756664973691 53.86207962036133 40
1756664973960 56.40252685546875 41
1756664974234 59.20671844482422 42
1756664974507 59.9558219909668 43
1756664974777 54.60277557373047 44
1756664975046 52.794029235839844 45
1756664975316 53.991172790527344 46
1756664975583 53.15446853637695 47
1756664975851 54.96974563598633 48
1756664976120 52.50812911987305 49
1756664976390 51.79996871948242 50
1756664976657 59.92662811279297 51
1756664976927 59.52417755126953 52
1756664977196 48.50579833984375 53
1756664977465 57.57892608642578 54
1756664977734 60.7159309387207 55
1756664978005 51.54199981689453 56
1756664978272 49.4682731628418 57
1756664978540 55.312156677246094 58
1756664978808 53.17761993408203 59
1756664979077 56.72108840942383 60
1756664979347 49.80215072631836 61
1756664979625 62.046348571777344 62
1756664979895 53.91764450073242 63
1756664980163 55.782867431640625 64
1756664980431 55.97417068481445 65
1756664980700 53.984657287597656 66
1756664980968 55.83171844482422 67
1756664981237 54.71553421020508 68
1756664981508 57.85837936401367 69
1756664981776 53.10541534423828 70
1756664982044 56.340126037597656 71
1756664982313 62.163475036621094 72
1756664982582 53.788230895996094 73
1756664982850 53.65651321411133 74
1756664983118 56.17322540283203 75
1756664983476 57.225189208984375 76
1756664983743 56.937400817871094 77
1756664984011 52.398536682128906 78
1756664984279 50.696441650390625 79
1756664984548 56.306427001953125 80
1756664984815 56.4821891784668 81
1756664985082 45.04215621948242 82
1756664985350 53.83403778076172 83
1756664985616 59.0766716003418 84
1756664985885 52.488365173339844 85
1756664986152 51.05206298828125 86
1756664986425 55.92918014526367 87
1756664986694 53.6856689453125 88
1756664986965 59.49634552001953 89
1756664987232 62.278968811035156 90
1756664987502 50.406593322753906 91
1756664987771 59.8563232421875 92
1756664988040 58.56621170043945 93
1756664988308 57.335487365722656 94
1756664988579 53.083824157714844 95
1756664988854 61.376800537109375 96
1756664989122 60.95076370239258 97
1756664989392 51.51108932495117 98
1756664989660 53.216026306152344 99
1756664989933 50.741920471191406 100
1756664990202 56.453025817871094 101
1756664990471 58.36896514892578 102
1756664990739 50.4320068359375 103
1756664991010 52.247833251953125 104
1756664991278 53.25812911987305 105
1756664991553 64.58967590332031 106
1756664991822 50.44547653198242 107
1756664992090 46.576576232910156 108
1756664992361 66.04471588134766 109
1756664992631 57.47404861450195 110
1756664992902 51.950218200683594 111
1756664993170 54.5521354675293 112
1756664993439 54.4801025390625 113
1756664993707 57.91686248779297 114
1756664993978 48.522613525390625 115
1756664994247 54.669097900390625 116
1756664994518 54.128318786621094 117
1756664994787 56.1490592956543 118
1756664995057 58.471031188964844 119
1756664995325 55.19609451293945 120
1756664995610 56.2664794921875 121
1756664995906 60.18157958984375 122
1756664996196 54.01812744140625 123
1756664996481 63.39085006713867 124
1756664996765 63.55466842651367 125
1756664997048 53.7906608581543 126
1756664997329 57.1991081237793 127
1756664997598 58.1945915222168 128
1756664997867 63.22844314575195 129
1756664998142 52.04909133911133 130
1756664998430 50.51182556152344 131
1756664998728 58.7794189453125 132
1756664999036 56.392799377441406 133
1756664999306 57.750099182128906 134
1756664999577 55.702728271484375 135
1756664999852 55.87349319458008 136
1756665000121 56.80693817138672 137
1756665000389 57.914337158203125 138
1756665000658 54.209983825683594 139
1756665000928 57.16339111328125 140
1756665001196 53.24547576904297 141
1756665001466 58.73839569091797 142
1756665001734 45.73467254638672 143
1756665002002 57.3262939453125 144
1756665002269 55.5037727355957 145
1756665002540 55.5301513671875 146
1756665002807 56.31382369995117 147
1756665003075 57.88463592529297 148
1756665003343 53.13515090942383 149
1756665003611 58.67469024658203 150
1756665003881 57.00030517578125 151
1756665004148 60.86220169067383 152
1756665004417 50.53535842895508 153
1756665004685 56.55613327026367 154
1756665004955 53.48643112182617 155
1756665005222 56.35454177856445 156
1756665005489 54.519500732421875 157
1756665005758 56.92974090576172 158
1756665006027 60.046669006347656 159
1756665006294 58.836669921875 160
1756665006572 62.63275909423828 161
1756665006840 59.30065155029297 162
1756665007108 57.95037841796875 163
1756665007375 55.43988800048828 164
1756665007643 59.6649284362793 165
1756665007911 54.786521911621094 166
1756665008179 58.971214294433594 167
1756665008448 51.011085510253906 168
1756665008716 59.035858154296875 169
1756665008984 58.955055236816406 170
1756665009252 56.323875427246094 171
1756665009521 57.67376708984375 172
1756665009789 59.20013427734375 173
1756665010056 50.88121795654297 174
1756665010325 54.334815979003906 175
1756665010596 56.73835372924805 176
1756665010865 53.552223205566406 177
1756665011134 57.881080627441406 178
1756665011440 57.001861572265625 179
1756665011710 57.97947311401367 180
1756665011978 58.707557678222656 181
1756665012249 58.60896682739258 182
1756665012523 57.20296096801758 183
1756665012794 54.97748947143555 184
1756665013065 52.76618576049805 185
1756665013335 55.13444900512695 186
1756665013603 58.89801025390625 187
1756665013872 54.746665954589844 188
1756665014141 53.921173095703125 189
1756665014412 55.550018310546875 190
1756665014681 58.585060119628906 191
1756665014951 51.12689971923828 192
1756665015219 51.96668243408203 193
1756665015488 52.936973571777344 194
1756665015756 51.080806732177734 195
1756665016026 47.48340606689453 196
1756665016294 56.01469039916992 197
1756665016563 59.57341766357422 198
1756665016838 43.34349822998047 199
1756665017107 61.583717346191406 200
1756665017379 54.00664520263672 201
1756665017650 52.11342239379883 202
1756665017920 51.80799102783203 203
1756665018191 60.7446403503418 204
1756665018462 51.044639587402344 205
1756665018733 53.71864700317383 206
1756665019005 61.35289764404297 207
1756665019275 56.869590759277344 208
1756665019547 51.70977783203125 209
1756665019816 53.76994705200195 210
1756665020087 49.71181869506836 211
1756665020358 61.9223518371582 212
1756665020628 58.73832321166992 213
1756665020898 47.552001953125 214
1756665021168 58.686927795410156 215
1756665021439 49.65087890625 216
1756665021710 52.91638946533203 217
1756665021980 52.639869689941406 218
1756665022252 57.23179244995117 219
1756665022522 51.06281280517578 220
1756665022792 50.22698974609375 221
1756665023063 53.2839241027832 222
1756665023333 56.95185470581055 223
1756665023605 47.445579528808594 224
1756665023877 52.08021926879883 225
1756665024147 62.25324630737305 226
1756665024419 53.406333923339844 227
1756665024688 56.94660186767578 228
1756665024959 59.141510009765625 229
1756665025228 50.51358413696289 230
1756665025498 51.86283493041992 231
1756665025775 59.26219940185547 232
1756665026048 59.584877014160156 233
1756665026318 59.99617385864258 234
1756665026589 53.8198127746582 235
1756665026859 60.39882278442383 236
1756665027129 61.03224563598633 237
1756665027399 51.877464294433594 238
1756665027669 55.20085525512695 239
1756665027941 53.100852966308594 240
1756665028214 63.25005340576172 241
1756665028485 38.63338851928711 242
1756665028758 59.8416633605957 243
1756665029029 48.611732482910156 244
1756665029309 52.46516036987305 245
1756665029580 63.755340576171875 246
1756665029850 58.22734451293945 247
1756665030121 55.00365447998047 248
1756665030407 51.22221755981445 249
1756665030680 59.991477966308594 250
1756665030956 46.971229553222656 251
1756665031228 51.91160202026367 252
1756665031503 54.42680740356445 253
1756665031775 47.49834442138672 254
1756665032049 56.234039306640625 255
1756665032322 48.06156539916992 256
1756665032595 53.68949508666992 257
1756665032867 55.3099479675293 258
1756665033141 59.4220085144043 259
1756665033414 58.4290885925293 260
1756665033686 49.93893814086914 261
1756665033959 55.239990234375 262
1756665034232 55.68172073364258 263
1756665034506 51.57335662841797 264
1756665034778 63.25354766845703 265
1756665035052 54.39716339111328 266
1756665035326 56.51719284057617 267
1756665035599 52.1156120300293 268
1756665035871 55.42108154296875 269
1756665036145 59.01148223876953 270
1756665036419 64.53395080566406 271
1756665036692 56.58332061767578 272
1756665036967 45.0219841003418 273
1756665037238 52.54119873046875 274
1756665037516 49.62183380126953 275
1756665037793 56.956092834472656 276
1756665038067 53.96820831298828 277
1756665038339 53.70720291137695 278
1756665038614 48.02264404296875 279
1756665038901 50.15287780761719 280
1756665039174 56.12604904174805 281
1756665039448 56.14007568359375 282
1756665039721 54.60078048706055 283
1756665039995 46.245460510253906 284
1756665040267 53.948158264160156 285
1756665040543 55.57551956176758 286
1756665040816 54.30669021606445 287
1756665041091 61.4055290222168 288
1756665041364 52.9523811340332 289
1756665041638 53.96357345581055 290
1756665041911 60.504913330078125 291
1756665042184 53.943443298339844 292
1756665042458 62.68784713745117 293
1756665042731 65.32911682128906 294
1756665043006 59.82542037963867 295
1756665043277 53.55727005004883 296
1756665043552 49.46570587158203 297
1756665043825 49.6624755859375 298
1756665044099 57.87773513793945 299
1756665052537 97.58605194091797 0
1756665052829 79.39993286132812 1
1756665053108 61.54470443725586 2
1756665053397 62.14478302001953 3
1756665053686 60.72391891479492 4
1756665053985 52.46491622924805 5
1756665054281 61.32120895385742 6
1756665054576 60.185585021972656 7
1756665054867 56.66567611694336 8
1756665055165 48.695491790771484 9
1756665055447 55.75170135498047 10
1756665055737 52.748905181884766 11
1756665056023 55.40968704223633 12
1756665056323 49.07109069824219 13
1756665056614 49.018531799316406 14
1756665056909 52.769493103027344 15
1756665057204 54.53306198120117 16
1756665057487 56.327186584472656 17
1756665057771 49.81117248535156 18
1756665058078 47.84046173095703 19
1756665058407 46.32617950439453 20
1756665058702 57.34110641479492 21
1756665058991 51.20573806762695 22
1756665059277 48.13969802856445 23
1756665059562 47.68918991088867 24
1756665059847 51.18838119506836 25
1756665060135 36.51289749145508 26
1756665060424 49.32002639770508 27
1756665060720 45.29423141479492 28
1756665061015 51.43144989013672 29
1756665061311 47.7484130859375 30
1756665061612 45.055389404296875 31
1756665061899 53.049781799316406 32
1756665062203 48.13976287841797 33
1756665062484 38.416324615478516 34
1756665062769 44.038883209228516 35
1756665063070 50.754478454589844 36
1756665063362 43.66918182373047 37
1756665063656 47.533809661865234 38
1756665063946 47.93854522705078 39
1756665064228 45.581851959228516 40
1756665064522 42.953243255615234 41
1756665064825 45.071632385253906 42
1756665065119 53.91659164428711 43
1756665065409 51.49707794189453 44
1756665065702 44.69412612915039 45
1756665066004 57.01603317260742 46
1756665066288 41.003929138183594 47
1756665066588 43.90494155883789 48
1756665066877 50.59939193725586 49
1756665067161 55.315696716308594 50
1756665067447 60.62757110595703 51
1756665067734 44.140933990478516 52
1756665068036 42.89447784423828 53
1756665068340 50.49990463256836 54
1756665068633 41.002986907958984 55
1756665068922 41.72860336303711 56
1756665069211 51.442710876464844 57
1756665069496 44.828453063964844 58
1756665069782 48.177040100097656 59
1756665070073 49.1088752746582 60
1756665070358 43.59089279174805 61
1756665070668 47.44445037841797 62
1756665070975 51.20017623901367 63
1756665071277 43.36846160888672 64
1756665071576 40.777530670166016 65
1756665071860 49.183197021484375 66
1756665072150 46.50218963623047 67
1756665072441 47.774375915527344 68
1756665072726 52.097145080566406 69
1756665073014 55.40557098388672 70
1756665073302 44.02337646484375 71
1756665073594 43.62455749511719 72
1756665073879 41.65638732910156 73
1756665074181 45.102901458740234 74
1756665074469 47.829322814941406 75
1756665074757 41.774452209472656 76
1756665075045 44.49518585205078 77
1756665075334 46.87404251098633 78
1756665075627 51.52922439575195 79
1756665075916 47.484188079833984 80
1756665076210 50.85013961791992 81
1756665076507 40.91445541381836 82
1756665076804 46.11259078979492 83
1756665077104 50.00688552856445 84
1756665077394 42.72870635986328 85
1756665077683 45.16699981689453 86
1756665077977 51.5080451965332 87
1756665078262 53.99868392944336 88
1756665078546 51.7845344543457 89
1756665078835 47.93661117553711 90
1756665079119 47.06089401245117 91
1756665079401 44.435081481933594 92
1756665079705 48.822757720947266 93
1756665079997 49.87516784667969 94
1756665080305 46.00305938720703 95
1756665080602 49.756996154785156 96
1756665080886 48.532920837402344 97
1756665081177 48.67622756958008 98
1756665081465 43.2310676574707 99
1756665081747 45.5799560546875 100
1756665082037 46.40474319458008 101
1756665082322 55.60441970825195 102
1756665082614 48.894168853759766 103
1756665082919 47.423545837402344 104
1756665083210 47.5149040222168 105
1756665083509 44.2279167175293 106
1756665083814 46.87904739379883 107
1756665084091 47.11069869995117 108
1756665084379 51.336090087890625 109
1756665084670 41.04310607910156 110
1756665084951 49.66561508178711 111
1756665085236 53.788108825683594 112
1756665085535 42.83681106567383 113
1756665085826 49.80891418457031 114
1756665086124 46.73441696166992 115
1756665086412 50.52559280395508 116
1756665086708 45.37528991699219 117
1756665087000 44.093082427978516 118
1756665087290 48.83597183227539 119
1756665087585 51.46965408325195 120
1756665087885 44.00191116333008 121
1756665088174 51.57520294189453 122
1756665088468 41.39390182495117 123
1756665088764 59.192203521728516 124
1756665089053 54.98633575439453 125
1756665089348 53.553749084472656 126
1756665089655 39.66657638549805 127
1756665089953 44.55964279174805 128
1756665090268 45.93494415283203 129
1756665090560 42.78694152832031 130
1756665090874 51.258880615234375 131
1756665091173 44.31737518310547 132
1756665091464 47.31652069091797 133
1756665091754 49.9575309753418 134
1756665092060 53.51676940917969 135
1756665092357 41.854732513427734 136
1756665092644 45.89103698730469 137
1756665092923 47.114097595214844 138
1756665093215 53.199459075927734 139
1756665093508 46.10719680786133 140
1756665093808 42.16325378417969 141
1756665094099 49.16377639770508 142
1756665094403 39.66496658325195 143
1756665094688 48.34892272949219 144
1756665094974 47.52137756347656 145
1756665095265 49.714515686035156 146
1756665095557 40.90760803222656 147
1756665095857 46.06484603881836 148
1756665096162 43.61066436767578 149
1756665096457 44.914981842041016 150
1756665096753 41.164180755615234 151
1756665097055 47.671634674072266 152
1756665097344 53.4248046875 153
1756665097642 50.04414749145508 154
1756665097927 54.740760803222656 155
1756665098230 47.29557800292969 156
1756665098525 44.69258499145508 157
1756665098821 45.43870162963867 158
1756665099105 46.010658264160156 159
1756665099439 50.26346969604492 160
1756665099728 41.56236267089844 161
1756665100011 41.222347259521484 162
1756665100302 50.22432327270508 163
1756665100596 37.834625244140625 164
1756665100878 45.90464782714844 165
1756665101173 49.027862548828125 166
1756665101468 42.99241256713867 167
1756665101770 41.3785400390625 168
1756665102057 53.00643539428711 169
1756665102348 52.05558395385742 170
1756665102657 57.90631103515625 171
1756665102953 41.959537506103516 172
1756665103330 56.2567253112793 173
1756665103624 39.462005615234375 174
1756665103910 42.702693939208984 175
1756665104202 44.068809509277344 176
1756665104486 45.927711486816406 177
1756665104775 48.200496673583984 178
1756665105075 48.22734832763672 179
1756665105365 51.89048767089844 180
1756665105653 45.81145477294922 181
1756665105941 54.38812255859375 182
1756665106234 45.24030685424805 183
1756665106523 48.58183670043945 184
1756665106824 53.716426849365234 185
1756665107127 50.778045654296875 186
1756665107411 47.37773895263672 187
1756665107698 49.36732482910156 188
1756665107983 40.59434509277344 189
1756665108281 47.899452209472656 190
1756665108567 45.283267974853516 191
1756665108861 52.95624542236328 192
1756665109165 42.82630920410156 193
1756665109470 41.85054016113281 194
1756665109778 44.6094856262207 195
1756665110073 49.86458206176758 196
1756665110361 48.86103057861328 197
1756665110663 45.82404708862305 198
1756665110951 52.537071228027344 199
1756665111240 52.9647331237793 200
1756665111529 48.568626403808594 201
1756665111827 49.32600021362305 202
1756665112133 52.99824523925781 203
1756665112430 43.536643981933594 204
1756665112728 52.8912239074707 205
1756665113016 44.548133850097656 206
1756665113322 44.03803634643555 207
1756665113611 46.102317810058594 208
1756665113917 40.62842559814453 209
1756665114210 42.034873962402344 210
1756665114502 44.794166564941406 211
1756665114796 42.0263557434082 212
1756665115092 54.409915924072266 213
1756665115393 56.713436126708984 214
1756665115688 42.096500396728516 215
1756665115984 42.997459411621094 216
1756665116270 55.81313705444336 217
1756665116558 47.71247100830078 218
1756665116844 40.621978759765625 219
1756665117137 54.28978729248047 220
1756665117430 51.9921989440918 221
1756665117719 36.620216369628906 222
1756665118026 52.12870788574219 223
1756665118316 46.08081817626953 224
1756665118614 44.08045959472656 225
1756665118902 42.388267517089844 226
1756665119193 48.652156829833984 227
1756665119486 43.062408447265625 228
1756665119770 51.04689025878906 229
1756665120058 44.93743896484375 230
1756665120345 51.50410461425781 231
1756665120643 45.51015090942383 232
1756665120933 47.76903533935547 233
1756665121239 43.038875579833984 234
1756665121530 50.9757080078125 235
1756665121823 44.84513473510742 236
1756665122112 44.41871643066406 237
1756665122399 42.93532943725586 238
1756665122702 49.36641311645508 239
1756665123005 48.15640640258789 240
1756665123294 50.277400970458984 241
1756665123597 47.602760314941406 242
1756665123900 50.95021438598633 243
1756665124189 42.93400573730469 244
1756665124503 48.47958755493164 245
1756665124801 50.767616271972656 246
1756665125103 48.630271911621094 247
1756665125403 44.58422088623047 248
1756665125706 55.70921325683594 249
1756665126000 49.307594299316406 250
1756665126288 46.824527740478516 251
1756665126593 50.27487564086914 252
1756665126905 47.28466033935547 253
1756665127202 49.91468811035156 254
1756665127496 47.48277282714844 255
1756665127788 40.31151580810547 256
1756665128079 49.66214370727539 257
1756665128372 43.70289611816406 258
1756665128654 46.143123626708984 259
1756665128951 47.133182525634766 260
1756665129254 42.41185760498047 261
1756665129559 51.39004898071289 262
1756665129850 50.95713806152344 263
1756665130151 48.94191360473633 264
1756665130450 46.85719299316406 265
1756665130752 43.24312210083008 266
1756665131049 55.08610534667969 267
1756665131340 49.57616424560547 268
1756665131631 49.545928955078125 269
1756665131912 39.98735809326172 270
1756665132216 53.30598068237305 271
1756665132504 50.6669807434082 272
1756665132805 36.681312561035156 273
1756665133101 47.325172424316406 274
1756665133400 37.55263900756836 275
1756665133708 51.97893524169922 276
1756665133993 40.98373794555664 277
1756665134285 47.5538330078125 278
1756665134576 44.6236457824707 279
1756665134869 48.12074661254883 280
1756665135155 44.96905517578125 281
1756665135455 43.50605010986328 282
1756665135749 44.56748580932617 283
1756665136032 47.438743591308594 284
1756665136327 49.16162872314453 285
1756665136629 45.71009826660156 286
1756665136929 53.269020080566406 287
1756665137225 50.57040023803711 288
1756665137518 48.79094314575195 289
1756665137815 51.57366180419922 290
1756665138114 38.212703704833984 291
1756665138411 51.107147216796875 292
1756665138708 46.598167419433594 293
1756665139006 46.13713455200195 294
1756665139309 47.38673400878906 295
1756665139606 50.42658996582031 296
1756665139892 50.75682067871094 297
1756665140188 56.66328430175781 298
1756665140484 50.66445541381836 299
1756665148943 94.8743667602539 0
1756665149295 60.82236862182617 1
1756665149599 67.10295867919922 2
1756665149895 62.4771728515625 3
1756665150205 69.0299072265625 4
1756665150495 59.21342849731445 5
1756665150786 53.21953201293945 6
1756665151093 63.633811950683594 7
1756665151393 53.1041259765625 8
1756665151696 54.5256233215332 9
1756665151993 62.31053924560547 10
1756665152299 58.694129943847656 11
1756665152592 54.4347038269043 12
1756665152896 56.2296028137207 13
1756665153181 55.5286750793457 14
1756665153470 50.73011016845703 15
1756665153788 56.5059814453125 16
1756665154084 52.9965934753418 17
1756665154371 48.23947525024414 18
1756665154670 57.749549865722656 19
1756665154959 51.76503372192383 20
1756665155252 50.00312805175781 21
1756665155539 52.68476486206055 22
1756665155835 54.12770462036133 23
1756665156127 43.260009765625 24
1756665156431 49.10004806518555 25
1756665156722 52.12229537963867 26
1756665157017 53.45624923706055 27
1756665157312 53.74607467651367 28
1756665157607 49.15874481201172 29
1756665157889 49.22584915161133 30
1756665158190 51.5139274597168 31
1756665158491 51.73604202270508 32
1756665158791 52.87310791015625 33
1756665159080 48.115013122558594 34
1756665159387 42.21018600463867 35
1756665159681 51.18714141845703 36
1756665159980 48.031761169433594 37
1756665160271 44.390663146972656 38
1756665160573 55.219871520996094 39
1756665160858 47.2939567565918 40
1756665161151 50.87653732299805 41
1756665161451 52.84440994262695 42
1756665161748 52.618316650390625 43
1756665162035 47.99358367919922 44
1756665162327 48.25859832763672 45
1756665162620 48.77130889892578 46
1756665162918 47.486366271972656 47
1756665163216 46.10856246948242 48
1756665163510 46.6988410949707 49
1756665163807 51.316871643066406 50
1756665164104 47.711612701416016 51
1756665164401 47.11181640625 52
1756665164694 51.79704666137695 53
1756665164993 46.57146453857422 54
1756665165286 50.92326736450195 55
1756665165582 45.61943435668945 56
1756665165876 38.3553466796875 57
1756665166168 47.706016540527344 58
1756665166462 49.19818878173828 59
1756665166752 46.30131149291992 60
1756665167039 49.90709686279297 61
1756665167353 46.78245544433594 62
1756665167646 50.36684799194336 63
1756665167939 44.052528381347656 64
1756665168238 46.350189208984375 65
1756665168547 48.39219665527344 66
1756665168839 48.845645904541016 67
1756665169142 51.554481506347656 68
1756665169439 49.21001434326172 69
1756665169730 48.91095733642578 70
1756665170017 48.90592575073242 71
1756665170305 47.226341247558594 72
1756665170597 43.239585876464844 73
1756665170892 42.00092315673828 74
1756665171172 50.27867126464844 75
1756665171468 51.3004035949707 76
1756665171787 45.9052734375 77
1756665172086 43.10061264038086 78
1756665172378 50.816612243652344 79
1756665172682 58.29005813598633 80
1756665172978 50.32152557373047 81
1756665173282 50.968055725097656 82
1756665173580 45.04265594482422 83
1756665173886 44.64181900024414 84
1756665174191 45.29823684692383 85
1756665174489 46.790306091308594 86
1756665174785 43.54756546020508 87
1756665175070 46.31612014770508 88
1756665175364 47.79142379760742 89
1756665175676 48.3066520690918 90
1756665175982 44.2625846862793 91
1756665176281 47.33817672729492 92
1756665176575 46.092567443847656 93
1756665176877 46.69497299194336 94
1756665177178 43.258819580078125 95
1756665177487 56.562705993652344 96
1756665177780 48.51414489746094 97
1756665178078 47.385040283203125 98
1756665178375 50.1208610534668 99
1756665178665 46.886199951171875 100
1756665178962 48.15349197387695 101
1756665179258 48.62186813354492 102
1756665179553 53.104331970214844 103
1756665179860 50.72893524169922 104
1756665180155 42.67429733276367 105
1756665180450 39.476768493652344 106
1756665180741 56.5370979309082 107
1756665181036 48.508750915527344 108
1756665181325 50.066043853759766 109
1756665181614 50.623077392578125 110
1756665181901 43.95098876953125 111
1756665182191 50.35913848876953 112
1756665182479 51.9869270324707 113
1756665182776 48.44329833984375 114
1756665183079 45.922393798828125 115
1756665183368 50.15810775756836 116
1756665183660 45.811988830566406 117
1756665183956 46.6486930847168 118
1756665184252 47.6895751953125 119
1756665184539 48.324913024902344 120
1756665184839 47.49383544921875 121
1756665185143 46.17925262451172 122
1756665185443 43.07706832885742 123
1756665185742 51.112796783447266 124
1756665186046 58.29695510864258 125
1756665186337 40.165794372558594 126
1756665186643 49.399635314941406 127
1756665186938 50.35152053833008 128
1756665187230 44.09293746948242 129
1756665187531 46.24607467651367 130
1756665187828 51.9849739074707 131
1756665188120 44.8838005065918 132
1756665188401 43.974952697753906 133
1756665188691 47.203006744384766 134
1756665188981 45.053733825683594 135
1756665189284 45.54304122924805 136
1756665189582 53.46289825439453 137
1756665189873 51.17335891723633 138
1756665190164 46.90309143066406 139
1756665190450 50.18937301635742 140
1756665190764 53.368629455566406 141
1756665191101 42.531883239746094 142
1756665191396 44.951499938964844 143
1756665191685 52.16798782348633 144
1756665191974 47.38469696044922 145
1756665192268 45.77533721923828 146
1756665192566 51.81831741333008 147
1756665192858 48.400760650634766 148
1756665193162 47.17475509643555 149
1756665193449 35.815467834472656 150
1756665193743 46.454795837402344 151
1756665194032 46.28177261352539 152
1756665194327 48.20137405395508 153
1756665194619 46.359336853027344 154
1756665194903 43.21856689453125 155
1756665195193 47.463172912597656 156
1756665195497 46.75349426269531 157
1756665195794 56.22338104248047 158
1756665196094 46.094627380371094 159
1756665196396 50.61521911621094 160
1756665196685 46.124332427978516 161
1756665196992 44.85274887084961 162
1756665197301 52.7786750793457 163
1756665197621 40.93274688720703 164
1756665197917 52.83643341064453 165
1756665198216 44.117130279541016 166
1756665198506 49.747432708740234 167
1756665198810 42.27715301513672 168
1756665199110 49.95563507080078 169
1756665199401 52.23395919799805 170
1756665199695 46.58536911010742 171
1756665199995 44.63698959350586 172
1756665200285 44.918975830078125 173
1756665200582 47.33507537841797 174
1756665200877 42.97130584716797 175
1756665201192 46.210914611816406 176
1756665201492 49.51300811767578 177
1756665201799 52.6381950378418 178
1756665202091 42.20394515991211 179
1756665202383 42.5577392578125 180
1756665202679 43.184326171875 181
1756665202971 48.98737716674805 182
1756665203270 50.97621536254883 183
1756665203555 47.96375274658203 184
1756665203839 52.276206970214844 185
1756665204138 45.215965270996094 186
1756665204428 42.79450225830078 187
1756665204726 45.56206512451172 188
1756665205022 45.021305084228516 189
1756665205317 43.97588348388672 190
1756665205609 40.215511322021484 191
1756665205899 50.966068267822266 192
1756665206184 49.784461975097656 193
1756665206489 46.66303253173828 194
1756665206783 47.113792419433594 195
1756665207075 49.678741455078125 196
1756665207361 56.4981689453125 197
1756665207659 44.47764587402344 198
1756665207950 51.45427703857422 199
1756665208239 37.76566696166992 200
1756665208531 50.01719284057617 201
1756665208828 45.298194885253906 202
1756665209128 49.872520446777344 203
1756665209425 48.56512451171875 204
1756665209717 51.12028884887695 205
1756665210007 40.3116340637207 206
1756665210300 40.04121017456055 207
1756665210586 50.08395767211914 208
1756665210877 52.83979415893555 209
1756665211172 46.003414154052734 210
1756665211459 48.178775787353516 211
1756665211767 45.54478454589844 212
1756665212058 42.89398956298828 213
1756665212351 48.066993713378906 214
1756665212648 51.094242095947266 215
1756665212941 46.32212829589844 216
1756665213233 44.1355094909668 217
1756665213524 43.48869705200195 218
1756665213852 49.59546661376953 219
1756665214149 43.2244758605957 220
1756665214435 49.225921630859375 221
1756665214747 51.513893127441406 222
1756665215042 52.17864227294922 223
1756665215345 51.733604431152344 224
1756665215634 44.84917068481445 225
1756665215937 53.554405212402344 226
1756665216246 44.405513763427734 227
1756665216539 43.735809326171875 228
1756665216839 43.72751998901367 229
1756665217131 46.4853515625 230
1756665217419 50.0882453918457 231
1756665217723 53.9102668762207 232
1756665218017 48.33243942260742 233
1756665218331 47.37809371948242 234
1756665218621 45.4428825378418 235
1756665218910 40.9509162902832 236
1756665219204 45.80301284790039 237
1756665219492 58.27794647216797 238
1756665219785 46.00251007080078 239
1756665220083 44.30583572387695 240
1756665220382 40.79125213623047 241
1756665220683 47.073673248291016 242
1756665220983 46.071590423583984 243
1756665221272 46.05702590942383 244
1756665221561 43.4040412902832 245
1756665221855 48.605857849121094 246
1756665222157 46.48603820800781 247
1756665222454 47.80492401123047 248
1756665222757 46.778202056884766 249
1756665223041 46.598915100097656 250
1756665223396 50.003231048583984 251
1756665223704 44.92450714111328 252
1756665224003 44.02290344238281 253
1756665224297 49.71660232543945 254
1756665224592 50.584747314453125 255
1756665224879 53.804649353027344 256
1756665225167 46.22064208984375 257
1756665225456 50.40770721435547 258
1756665225750 49.15434646606445 259
1756665226041 51.90995407104492 260
1756665226330 52.23759841918945 261
1756665226619 43.374977111816406 262
1756665226912 45.07650375366211 263
1756665227222 48.79917907714844 264
1756665227517 43.86802673339844 265
1756665227814 40.98609161376953 266
1756665228109 50.675865173339844 267
1756665228408 44.953880310058594 268
1756665228693 48.897865295410156 269
1756665228985 51.67133712768555 270
1756665229286 43.87467956542969 271
1756665229579 51.64453887939453 272
1756665229865 52.968994140625 273
1756665230151 46.76787185668945 274
1756665230446 51.395484924316406 275
1756665230739 46.109291076660156 276
1756665231033 49.62848663330078 277
1756665231333 51.21814727783203 278
1756665231637 45.18029022216797 279
1756665231930 47.965553283691406 280
1756665232227 51.5705451965332 281
1756665232565 47.60262680053711 282
1756665232850 56.2777099609375 283
1756665233146 46.36043930053711 284
1756665233445 39.93455505371094 285
1756665233738 47.876251220703125 286
1756665234024 47.82392501831055 287
1756665234338 49.15967559814453 288
1756665234640 43.122642517089844 289
1756665234936 50.92201614379883 290
1756665235225 47.7470817565918 291
1756665235517 41.305809020996094 292
1756665235809 44.731502532958984 293
1756665236110 52.78857421875 294
1756665236398 49.99913787841797 295
1756665236698 37.1872444152832 296
1756665236993 46.97295379638672 297
1756665237281 41.82392501831055 298
1756665237574 45.459129333496094 299
1756665246029 95.3297348022461 0
1756665246310 69.9888687133789 1
1756665246600 63.57819747924805 2
1756665246889 58.638431549072266 3
1756665247171 65.364990234375 4
1756665247460 59.740394592285156 5
1756665247753 54.12234878540039 6
1756665248052 58.64899444580078 7
1756665248347 58.50065612792969 8
1756665248656 50.26771545410156 9
1756665248947 50.52403259277344 10
1756665249238 53.390316009521484 11
1756665249528 49.81172180175781 12
1756665249814 57.10844802856445 13
1756665250094 50.93193054199219 14
1756665250392 49.37229919433594 15
1756665250682 51.00603103637695 16
1756665250967 50.72492218017578 17
1756665251258 49.245975494384766 18
1756665251545 51.18950271606445 19
1756665251835 44.79740905761719 20
1756665252130 45.841575622558594 21
1756665252424 48.84384536743164 22
1756665252715 49.66921615600586 23
1756665253004 52.6982421875 24
1756665253286 46.58283615112305 25
1756665253568 46.10307312011719 26
1756665253861 47.590065002441406 27
1756665254151 50.584991455078125 28
1756665254437 47.29255294799805 29
1756665254732 43.31937789916992 30
1756665255022 50.1727294921875 31
1756665255325 44.20855712890625 32
1756665255609 43.90119934082031 33
1756665255901 41.53425216674805 34
1756665256196 43.55259704589844 35
1756665256490 43.44515609741211 36
1756665256785 43.34244155883789 37
1756665257066 57.71851348876953 38
1756665257358 46.39606857299805 39
1756665257646 44.6203727722168 40
1756665257928 46.93241882324219 41
1756665258216 56.70249938964844 42
1756665258507 45.41539001464844 43
1756665258818 43.265113830566406 44
1756665259106 42.68484878540039 45
1756665259396 48.24232482910156 46
1756665259685 55.24586486816406 47
1756665259998 47.898109436035156 48
1756665260286 42.451393127441406 49
1756665260570 44.796104431152344 50
1756665260860 49.9959602355957 51
1756665261156 38.551536560058594 52
1756665261452 45.09703826904297 53
1756665261744 44.53982925415039 54
1756665262042 45.83559799194336 55
1756665262340 42.66865158081055 56
1756665262649 40.24692916870117 57
1756665262942 47.83195877075195 58
1756665263234 43.31350326538086 59
1756665263535 47.20737075805664 60
1756665263822 45.24934005737305 61
1756665264115 40.07548522949219 62
1756665264406 45.107051849365234 63
1756665264700 45.192344665527344 64
1756665264979 42.45090103149414 65
1756665265274 46.29080581665039 66
1756665265553 49.36677551269531 67
1756665265849 50.16667556762695 68
1756665266151 47.129920959472656 69
1756665266431 49.33788299560547 70
1756665266715 47.10491180419922 71
1756665266995 52.18331527709961 72
1756665267283 46.49217224121094 73
1756665267566 59.3519287109375 74
1756665267860 53.70767593383789 75
1756665268154 46.912235260009766 76
1756665268447 48.70429611206055 77
1756665268743 46.40977478027344 78
1756665269038 37.761348724365234 79
1756665269350 44.0654182434082 80
1756665269641 44.672218322753906 81
1756665269937 50.544883728027344 82
1756665270225 41.27766418457031 83
1756665270526 45.610679626464844 84
1756665270820 42.968910217285156 85
1756665271110 45.57205581665039 86
1756665271403 49.84437561035156 87
1756665271694 47.76043701171875 88
1756665271974 53.08218765258789 89
1756665272284 42.344783782958984 90
1756665272578 47.34934616088867 91
1756665272874 43.09720993041992 92
1756665273157 41.03084182739258 93
1756665273443 44.60197830200195 94
1756665273747 46.5452766418457 95
1756665274042 35.28028106689453 96
1756665274341 47.934669494628906 97
1756665274621 47.6387825012207 98
1756665274916 51.94984817504883 99
1756665275208 47.152706146240234 100
1756665275503 41.15638732910156 101
1756665275790 48.067378997802734 102
1756665276076 38.11453628540039 103
1756665276359 42.84479522705078 104
1756665276635 46.421165466308594 105
1756665276924 40.646881103515625 106
1756665277212 42.76011657714844 107
1756665277502 40.33869552612305 108
1756665277787 41.325565338134766 109
1756665278069 50.25263214111328 110
1756665278356 40.95106506347656 111
1756665278647 53.50690460205078 112
1756665278941 45.065433502197266 113
1756665279228 38.58264923095703 114
1756665279524 40.92850875854492 115
1756665279834 37.84733200073242 116
1756665280118 45.87459945678711 117
1756665280401 41.03303527832031 118
1756665280693 44.27848815917969 119
1756665280981 44.30821228027344 120
1756665281273 45.62820816040039 121
1756665281581 42.99873352050781 122
1756665281922 50.04319763183594 123
1756665282205 40.217342376708984 124
1756665282504 41.89714813232422 125
1756665282792 42.91062927246094 126
1756665283090 46.84747314453125 127
1756665283403 42.619163513183594 128
1756665283696 49.73331832885742 129
1756665283987 46.597496032714844 130
1756665284283 41.85442352294922 131
1756665284573 41.649539947509766 132
1756665284872 41.82362365722656 133
1756665285164 41.79218292236328 134
1756665285449 51.1865348815918 135
1756665285740 41.45931625366211 136
1756665286043 38.18724822998047 137
1756665286342 47.96321105957031 138
1756665286632 49.84545135498047 139
1756665286929 42.72849655151367 140
1756665287225 45.880435943603516 141
1756665287504 47.88492202758789 142
1756665287808 48.5063591003418 143
1756665288099 49.25111389160156 144
1756665288389 44.39499282836914 145
1756665288690 39.17052459716797 146
1756665288983 51.65230178833008 147
1756665289271 43.82674789428711 148
1756665289565 48.08853530883789 149
1756665289862 52.210418701171875 150
1756665290159 40.227970123291016 151
1756665290458 40.64657211303711 152
1756665290743 45.2606315612793 153
1756665291042 44.81712341308594 154
1756665291334 47.184940338134766 155
1756665291639 45.38844299316406 156
1756665291933 49.11476135253906 157
1756665292230 37.71690368652344 158
1756665292530 43.16111373901367 159
1756665292825 49.50535202026367 160
1756665293113 53.8253059387207 161
1756665293417 48.44593048095703 162
1756665293702 43.80533218383789 163
1756665293986 43.749671936035156 164
1756665294276 45.76400375366211 165
1756665294572 42.09892272949219 166
1756665294873 50.167755126953125 167
1756665295159 52.744083404541016 168
1756665295457 51.80732727050781 169
1756665295758 39.47623825073242 170
1756665296053 46.80388641357422 171
1756665296334 53.036563873291016 172
1756665296634 44.895389556884766 173
1756665296930 43.33320236206055 174
1756665297221 51.75544738769531 175
1756665297509 46.850669860839844 176
1756665297817 51.72126388549805 177
1756665298136 49.44380569458008 178
1756665298434 44.46723556518555 179
1756665298726 44.71927261352539 180
1756665299026 46.77287673950195 181
1756665299345 48.99082946777344 182
1756665299641 41.8255500793457 183
1756665299933 45.23170471191406 184
1756665300222 44.528106689453125 185
1756665300508 44.80617904663086 186
1756665300798 42.990840911865234 187
1756665301090 36.5433349609375 188
1756665301382 39.65550231933594 189
1756665301668 40.85074234008789 190
1756665301963 53.57406234741211 191
1756665302269 41.56837844848633 192
1756665302565 39.387046813964844 193
1756665302858 36.11579513549805 194
1756665303151 49.50272750854492 195
1756665303462 43.98161315917969 196
1756665303760 51.254817962646484 197
1756665304052 42.97330093383789 198
1756665304342 44.48410415649414 199
1756665304623 50.26730728149414 200
1756665304925 50.47184753417969 201
1756665305241 47.061344146728516 202
1756665305527 40.94101333618164 203
1756665305817 45.84624099731445 204
1756665306116 43.56399154663086 205
1756665306407 42.79959487915039 206
1756665306705 49.854461669921875 207
1756665306998 47.12866973876953 208
1756665307298 47.92390823364258 209
1756665307585 51.488739013671875 210
1756665307877 41.867279052734375 211
1756665308170 42.167701721191406 212
1756665308465 43.2837028503418 213
1756665308765 54.23424530029297 214
1756665309055 38.159481048583984 215
1756665309347 45.56257247924805 216
1756665309637 49.275001525878906 217
1756665309929 44.4252815246582 218
1756665310218 40.15959548950195 219
1756665310529 42.65180587768555 220
1756665310826 44.14453125 221
1756665311118 47.06553649902344 222
1756665311423 42.93758773803711 223
1756665311711 40.71133041381836 224
1756665312005 50.04935836791992 225
1756665312301 43.13716125488281 226
1756665312581 56.77595901489258 227
1756665312877 40.11321258544922 228
1756665313166 48.93259811401367 229
1756665313464 32.60528564453125 230
1756665313754 47.440338134765625 231
1756665314061 37.70164489746094 232
1756665314350 46.19505310058594 233
1756665314647 49.23407745361328 234
1756665314955 45.66740036010742 235
1756665315247 43.44924545288086 236
1756665315544 49.01877212524414 237
1756665315867 50.4388427734375 238
1756665316156 34.19450759887695 239
1756665316461 47.619476318359375 240
1756665316763 43.474117279052734 241
1756665317055 45.87283706665039 242
1756665317355 42.41703414916992 243
1756665317648 51.76564025878906 244
1756665317941 40.821197509765625 245
1756665318241 49.08751678466797 246
1756665318539 48.343955993652344 247
1756665318834 45.3759880065918 248
1756665319125 45.74085998535156 249
1756665319422 43.47818374633789 250
1756665319724 46.816062927246094 251
1756665320017 46.92470169067383 252
1756665320307 47.38694381713867 253
1756665320599 49.96849060058594 254
1756665320921 41.40681076049805 255
1756665321199 50.39238739013672 256
1756665321482 38.38135528564453 257
1756665321775 42.56846618652344 258
1756665322067 47.53110122680664 259
1756665322361 41.246604919433594 260
1756665322661 32.92698669433594 261
1756665322961 48.15726852416992 262
1756665323269 44.683773040771484 263
1756665323601 44.03534698486328 264
1756665323890 46.57324981689453 265
1756665324179 41.8670654296875 266
1756665324466 47.86132049560547 267
1756665324761 51.2352409362793 268
1756665325073 45.238338470458984 269
1756665325373 39.702003479003906 270
1756665325667 42.784854888916016 271
1756665325964 43.4645881652832 272
1756665326257 43.50804138183594 273
1756665326564 46.812557220458984 274
1756665326850 39.548397064208984 275
1756665327139 40.81031799316406 276
1756665327440 43.57179260253906 277
1756665327749 44.150474548339844 278
1756665328045 49.235191345214844 279
1756665328363 51.37964630126953 280
1756665328655 48.40043258666992 281
1756665328950 41.62765884399414 282
1756665329251 40.46949768066406 283
1756665329567 39.570526123046875 284
1756665329863 46.13071060180664 285
1756665330157 42.562801361083984 286
1756665330460 48.769771575927734 287
1756665330752 39.85857009887695 288
1756665331045 47.270164489746094 289
1756665331342 50.400211334228516 290
1756665331631 52.04889678955078 291
1756665331931 45.468441009521484 292
1756665332233 43.964115142822266 293
1756665332546 51.48610305786133 294
1756665332845 54.131717681884766 295
1756665333130 43.36463928222656 296
1756665333417 49.62063217163086 297
1756665333707 45.10741424560547 298
1756665333998 47.94265365600586 299
1756665342458 93.59954833984375 0
1756665342756 54.82094192504883 1
1756665343058 55.306541442871094 2
1756665343436 52.975189208984375 3
1756665343735 60.59352493286133 4
1756665344037 50.7297477722168 5
1756665344334 52.151817321777344 6
1756665344628 53.98756790161133 7
1756665344915 51.80323028564453 8
1756665345213 54.4456672668457 9
1756665345508 53.2672233581543 10
1756665345791 50.562110900878906 11
1756665346079 44.10249328613281 12
1756665346372 40.60951614379883 13
1756665346668 47.8792610168457 14
1756665346971 45.33098602294922 15
1756665347272 42.61418914794922 16
1756665347570 49.27680206298828 17
1756665347867 39.64067840576172 18
1756665348163 49.31321716308594 19
1756665348464 51.08050537109375 20
1756665348780 43.012962341308594 21
1756665349073 38.238609313964844 22
1756665349364 43.015567779541016 23
1756665349651 48.95228576660156 24
1756665349943 39.92638397216797 25
1756665350231 48.4483528137207 26
1756665350520 45.16843032836914 27
1756665350815 50.835716247558594 28
1756665351117 42.48427200317383 29
1756665351410 40.1375617980957 30
1756665351715 44.05469512939453 31
1756665352005 36.4616584777832 32
1756665352301 44.6818733215332 33
1756665352596 45.01811981201172 34
1756665352896 49.06742477416992 35
1756665353196 41.430076599121094 36
1756665353479 33.56444549560547 37
1756665353773 40.49224090576172 38
1756665354058 44.369075775146484 39
1756665354352 47.9511833190918 40
1756665354640 41.472198486328125 41
1756665354922 43.171043395996094 42
1756665355210 49.6107063293457 43
1756665355497 36.06415939331055 44
1756665355791 56.87445831298828 45
1756665356077 29.774505615234375 46
1756665356371 37.18219757080078 47
1756665356670 49.316158294677734 48
1756665356969 39.26691818237305 49
1756665357259 46.75511932373047 50
1756665357550 46.846397399902344 51
1756665357846 41.788963317871094 52
1756665358129 43.63878631591797 53
1756665358434 53.850746154785156 54
1756665358728 37.57943344116211 55
1756665359027 51.125144958496094 56
1756665359340 54.137779235839844 57
1756665359634 54.31084442138672 58
1756665359931 50.33209228515625 59
1756665360220 41.65584182739258 60
1756665360516 39.246185302734375 61
1756665360820 39.61609649658203 62
1756665361114 41.00264358520508 63
1756665361421 44.99461364746094 64
1756665361711 52.8486213684082 65
1756665362009 48.02012634277344 66
1756665362303 45.70378494262695 67
1756665362599 55.17148971557617 68
1756665362917 44.15496063232422 69
1756665363205 50.26884078979492 70
1756665363498 37.0483283996582 71
1756665363804 44.19081115722656 72
1756665364115 48.47815704345703 73
1756665364421 40.72018051147461 74
1756665364708 52.81170654296875 75
1756665365004 43.51472854614258 76
1756665365295 46.424476623535156 77
1756665365596 34.88788604736328 78
1756665365901 41.28240966796875 79
1756665366191 42.3701171875 80
1756665366485 42.67400360107422 81
1756665366789 45.262672424316406 82
1756665367083 48.98290252685547 83
1756665367378 43.578826904296875 84
1756665367680 40.775115966796875 85
1756665367970 44.755043029785156 86
1756665368265 48.27106475830078 87
1756665368555 44.246116638183594 88
1756665368849 49.426727294921875 89
1756665369138 39.393272399902344 90
1756665369432 46.218326568603516 91
1756665369736 43.440311431884766 92
1756665370040 41.837013244628906 93
1756665370351 45.275901794433594 94
1756665370644 49.20085906982422 95
1756665370944 44.39339065551758 96
1756665371235 40.959190368652344 97
1756665371534 40.390052795410156 98
1756665371822 47.37678146362305 99
1756665372109 46.771759033203125 100
1756665372409 41.83751678466797 101
1756665372710 48.26813507080078 102
1756665373015 35.68746566772461 103
1756665373336 42.929569244384766 104
1756665373638 44.327003479003906 105
1756665373942 48.25519561767578 106
1756665374238 46.49370193481445 107
1756665374529 47.73371124267578 108
1756665374825 42.81770706176758 109
1756665375126 38.92106246948242 110
1756665375452 47.67316818237305 111
1756665375749 50.205421447753906 112
1756665376042 49.92177200317383 113
1756665376344 47.466548919677734 114
1756665376652 43.539817810058594 115
1756665376943 40.86964416503906 116
1756665377241 43.78211212158203 117
1756665377549 38.66313171386719 118
1756665377845 46.717430114746094 119
1756665378138 38.06797409057617 120
1756665378431 37.106224060058594 121
1756665378715 46.87355041503906 122
1756665379014 42.92376708984375 123
1756665379319 48.116966247558594 124
1756665379619 41.37028121948242 125
1756665379916 44.779380798339844 126
1756665380210 39.636085510253906 127
1756665380507 42.35873031616211 128
1756665380806 41.080482482910156 129
1756665381098 43.21841812133789 130
1756665381401 45.973716735839844 131
1756665381706 35.25533676147461 132
1756665382026 43.19843292236328 133
1756665382326 50.765052795410156 134
1756665382619 46.7208137512207 135
1756665382918 48.660194396972656 136
1756665383210 45.40724182128906 137
1756665383507 38.58802795410156 138
1756665383802 39.41967010498047 139
1756665384097 52.61589431762695 140
1756665384407 46.6988525390625 141
1756665384697 48.517024993896484 142
1756665384993 43.04589080810547 143
1756665385292 41.9998893737793 144
1756665385589 46.26982879638672 145
1756665385876 36.15910339355469 146
1756665386163 41.59772491455078 147
1756665386457 53.66636276245117 148
1756665386743 51.33015823364258 149
1756665387026 45.75587463378906 150
1756665387313 52.70063018798828 151
1756665387610 54.09821701049805 152
1756665387915 42.01356887817383 153
1756665388211 53.67082595825195 154
1756665388524 36.8486328125 155
1756665388815 41.11739730834961 156
1756665389109 43.21819305419922 157
1756665389398 37.751487731933594 158
1756665389695 44.5291633605957 159
1756665389988 43.083770751953125 160
1756665390281 47.435951232910156 161
1756665390574 45.53071975708008 162
1756665390866 44.07133483886719 163
1756665391167 48.25855255126953 164
1756665391462 43.040077209472656 165
1756665391751 44.40685272216797 166
1756665392046 46.6508903503418 167
1756665392338 41.21903991699219 168
1756665392636 48.73101043701172 169
1756665392934 37.53459930419922 170
1756665393230 41.737422943115234 171
1756665393535 43.39128494262695 172
1756665393826 34.43248748779297 173
1756665394114 34.50361633300781 174
1756665394422 45.974666595458984 175
1756665394702 52.65357208251953 176
1756665394990 44.075225830078125 177
1756665395285 48.679176330566406 178
1756665395580 45.94744873046875 179
1756665395885 42.009727478027344 180
1756665396197 43.88165283203125 181
1756665396489 40.32653045654297 182
1756665396786 35.31923294067383 183
1756665397083 41.16026306152344 184
1756665397384 40.494895935058594 185
1756665397676 39.377532958984375 186
1756665397972 44.125709533691406 187
1756665398260 38.29645538330078 188
1756665398550 33.642799377441406 189
1756665398842 45.12657928466797 190
1756665399141 50.01165771484375 191
1756665399440 36.57838439941406 192
1756665399729 42.74762725830078 193
1756665400018 45.581748962402344 194
1756665400305 39.79396057128906 195
1756665400605 43.025413513183594 196
1756665400888 41.339324951171875 197
1756665401184 40.239742279052734 198
1756665401490 51.856300354003906 199
1756665401815 41.33753204345703 200
1756665402100 42.872093200683594 201
1756665402388 48.40412902832031 202
1756665402677 42.33586120605469 203
1756665402969 37.49644470214844 204
1756665403270 49.60194396972656 205
1756665403567 43.64583206176758 206
1756665403864 45.73367691040039 207
1756665404142 39.80963897705078 208
1756665404436 36.95629119873047 209
1756665404729 43.00521469116211 210
1756665405023 42.138938903808594 211
1756665405327 42.36484909057617 212
1756665405615 42.48345947265625 213
1756665405918 39.401248931884766 214
1756665406200 39.79405975341797 215
1756665406493 49.98714065551758 216
1756665406784 38.650115966796875 217
1756665407090 46.18990707397461 218
1756665407396 40.85071563720703 219
1756665407692 42.728309631347656 220
1756665407989 44.00336837768555 221
1756665408286 47.29729461669922 222
1756665408574 46.40751266479492 223
1756665408860 44.83895492553711 224
1756665409151 35.68604278564453 225
1756665409445 37.290611267089844 226
1756665409744 43.500057220458984 227
1756665410032 49.597572326660156 228
1756665410323 41.29790496826172 229
1756665410613 44.087100982666016 230
1756665410923 40.43618392944336 231
1756665411225 38.828895568847656 232
1756665411520 45.78340530395508 233
1756665411825 43.98098373413086 234
1756665412126 48.798797607421875 235
1756665412419 54.79290771484375 236
1756665412722 37.47426986694336 237
1756665413010 41.65861129760742 238
1756665413299 43.87690353393555 239
1756665413594 39.81891632080078 240
1756665413889 40.869789123535156 241
1756665414172 42.49953079223633 242
1756665414468 50.03385543823242 243
1756665414775 42.293663024902344 244
1756665415089 42.723121643066406 245
1756665415376 38.61902618408203 246
1756665415673 43.3959846496582 247
1756665415965 38.56674575805664 248
1756665416264 45.865196228027344 249
1756665416566 35.784759521484375 250
1756665416859 43.782501220703125 251
1756665417147 40.70130157470703 252
1756665417444 39.17188262939453 253
1756665417740 46.77159118652344 254
1756665418045 40.30436325073242 255
1756665418341 50.060733795166016 256
1756665418654 46.35122299194336 257
1756665418950 48.139244079589844 258
1756665419241 34.69526672363281 259
1756665419535 46.91489791870117 260
1756665419849 41.36908721923828 261
1756665420136 45.89299774169922 262
1756665420431 37.41889572143555 263
1756665420739 43.843788146972656 264
1756665421039 42.361534118652344 265
1756665421323 43.42526626586914 266
1756665421609 44.48951721191406 267
1756665421903 33.61488723754883 268
1756665422215 45.1109733581543 269
1756665422515 41.98784255981445 270
1756665422807 39.10868453979492 271
1756665423105 47.96632385253906 272
1756665423408 45.550926208496094 273
1756665423691 39.803855895996094 274
1756665423993 49.80255889892578 275
1756665424289 40.31418228149414 276
1756665424583 44.165252685546875 277
1756665424894 43.146697998046875 278
1756665425182 48.28278732299805 279
1756665425479 45.902000427246094 280
1756665425787 37.488712310791016 281
1756665426092 44.05533218383789 282
1756665426410 40.222923278808594 283
1756665426706 44.41229248046875 284
1756665427005 48.481571197509766 285
1756665427300 33.80546188354492 286
1756665427599 37.649559020996094 287
1756665427901 41.964115142822266 288
1756665428201 38.578880310058594 289
1756665428489 42.40155029296875 290
1756665428789 38.471580505371094 291
1756665429080 42.3629264831543 292
1756665429373 46.337730407714844 293
1756665429662 41.63379669189453 294
1756665429952 36.18629837036133 295
1756665430256 43.833282470703125 296
1756665430539 37.2506103515625 297
1756665430834 36.92720031738281 298
1756665431130 37.483551025390625 299
1756665441602 74.03430938720703 0
1756665443554 57.9743766784668 1
1756665445551 56.32176208496094 2
1756665447527 54.23759841918945 3
1756665449495 53.54557418823242 4
1756665451436 46.052223205566406 5
1756665453387 48.765403747558594 6
1756665455340 50.82334899902344 7
1756665457288 49.034339904785156 8
1756665459252 49.098533630371094 9
1756665461216 43.50899887084961 10
1756665463173 42.77080154418945 11
1756665465168 46.57810974121094 12
1756665467158 47.26675796508789 13
1756665469110 47.21200180053711 14
1756665471076 43.18056106567383 15
1756665473049 46.89214324951172 16
1756665475005 44.0404167175293 17
1756665476965 44.6754150390625 18
1756665478976 39.92085266113281 19
1756665480992 45.212501525878906 20
1756665482978 41.941551208496094 21
1756665484998 46.89046096801758 22
1756665486994 40.661502838134766 23
1756665488999 43.02735137939453 24
1756665491053 37.064918518066406 25
1756665493076 42.48690414428711 26
1756665495029 42.73054504394531 27
1756665497040 46.3746337890625 28
1756665499076 44.597293853759766 29
1756665501041 44.05247497558594 30
1756665503005 50.514610290527344 31
1756665504975 43.030574798583984 32
1756665506938 42.98025894165039 33
1756665508895 44.37926483154297 34
1756665510895 48.55756378173828 35
1756665512861 46.03852462768555 36
1756665514841 41.3438720703125 37
1756665516813 48.6617546081543 38
1756665518777 44.86072540283203 39
1756665520827 41.79233169555664 40
1756665522825 45.050331115722656 41
1756665524819 47.207763671875 42
1756665526870 49.27500915527344 43
1756665528896 43.83726119995117 44
1756665530856 40.936668395996094 45
1756665532851 43.387550354003906 46
1756665534848 51.465293884277344 47
1756665536822 50.30176544189453 48
1756665538772 40.79914093017578 49
1756665540755 45.91750717163086 50
1756665542734 46.023868560791016 51
1756665544696 44.96869659423828 52
1756665546655 43.869110107421875 53
1756665548616 42.01953125 54
1756665550626 46.92409133911133 55
1756665552587 44.39632034301758 56
1756665554549 47.32186508178711 57
1756665556520 42.93546676635742 58
1756665558685 45.27878189086914 59
1756665560649 43.138336181640625 60
1756665562662 45.81639862060547 61
1756665564655 42.9501953125 62
1756665566632 42.834075927734375 63
1756665568663 43.67317199707031 64
1756665570638 41.845977783203125 65
1756665572594 42.66645050048828 66
1756665574547 45.76809310913086 67
1756665576504 48.183555603027344 68
1756665578529 49.5794563293457 69
1756665580519 42.08529281616211 70
1756665582496 45.29703903198242 71
1756665584515 53.56474685668945 72
1756665586484 49.431602478027344 73
1756665588452 48.864688873291016 74
1756665590434 48.619022369384766 75
1756665592431 43.430137634277344 76
1756665594412 41.84941864013672 77
1756665596390 47.10729217529297 78
1756665598423 40.471351623535156 79
1756665600392 41.875701904296875 80
1756665602443 43.4601936340332 81
1756665604465 43.81312561035156 82
1756665606494 45.058021545410156 83
1756665608535 47.1839599609375 84
1756665610541 47.747257232666016 85
1756665612510 42.41022872924805 86
1756665614487 44.738128662109375 87
1756665616485 43.197635650634766 88
1756665618492 49.42414855957031 89
1756665620532 44.60646057128906 90
1756665622515 41.47572708129883 91
1756665624526 42.553504943847656 92
1756665626499 54.218719482421875 93
1756665628459 46.114959716796875 94
1756665630477 40.77016830444336 95
1756665632482 41.189720153808594 96
1756665634534 40.9909782409668 97
1756665636557 48.67219543457031 98
1756665638592 46.837345123291016 99
1756665640650 41.35707092285156 100
1756665642726 47.575626373291016 101
1756665644773 45.8416633605957 102
1756665646786 44.74559020996094 103
1756665648762 41.929473876953125 104
1756665650728 46.55916976928711 105
1756665652711 40.45309066772461 106
1756665654682 41.009891510009766 107
1756665656685 40.36220169067383 108
1756665658700 43.34780502319336 109
1756665660682 44.312744140625 110
1756665662664 40.13280487060547 111
1756665664721 44.5749626159668 112
1756665666725 44.08358383178711 113
1756665668725 43.6173095703125 114
1756665670673 40.86601257324219 115
1756665672661 44.27656936645508 116
1756665674662 39.51001739501953 117
1756665676668 47.4659423828125 118
1756665678749 43.36583709716797 119
1756665680721 46.706092834472656 120
1756665682758 45.57429122924805 121
1756665684758 46.212547302246094 122
1756665686784 46.25991439819336 123
1756665688829 41.041175842285156 124
1756665690809 45.17268753051758 125
1756665692770 44.63077163696289 126
1756665694743 41.82341766357422 127
1756665696774 50.16025924682617 128
1756665698802 44.93881607055664 129
1756665700861 43.97434616088867 130
1756665702846 47.543800354003906 131
1756665704856 41.619544982910156 132
1756665706884 50.33870315551758 133
1756665708855 46.12898254394531 134
1756665710843 46.78358840942383 135
1756665712877 43.133392333984375 136
1756665714850 46.817420959472656 137
1756665716825 45.442562103271484 138
1756665718801 43.062232971191406 139
1756665720773 45.82052993774414 140
1756665722760 44.20208740234375 141
1756665724798 45.72850036621094 142
1756665726783 48.34889221191406 143
1756665728754 44.374393463134766 144
1756665730726 45.92753982543945 145
1756665732701 45.81229019165039 146
1756665734682 45.856483459472656 147
1756665736700 42.45519256591797 148
1756665738714 45.567508697509766 149
1756665740749 43.98851013183594 150
1756665742749 40.64080047607422 151
1756665744746 46.51616668701172 152
1756665746756 44.472145080566406 153
1756665748739 46.279823303222656 154
1756665750749 46.52091598510742 155
1756665752740 44.0755500793457 156
1756665754699 43.63468933105469 157
1756665756832 42.54384994506836 158
1756665758803 46.970584869384766 159
1756665760769 41.41713333129883 160
1756665762746 42.02251434326172 161
1756665764728 45.216346740722656 162
1756665766732 45.583831787109375 163
1756665768738 42.142601013183594 164
1756665770713 37.30915832519531 165
1756665772690 44.39927291870117 166
1756665774665 42.44953918457031 167
1756665776702 43.13048553466797 168
1756665778685 44.41167449951172 169
1756665780738 43.26874542236328 170
1756665782751 45.48052215576172 171
1756665784735 43.95091247558594 172
1756665786758 47.016502380371094 173
1756665788762 44.557403564453125 174
1756665790733 41.457149505615234 175
1756665792708 43.558837890625 176
1756665794670 41.4544563293457 177
1756665796675 43.033241271972656 178
1756665798672 43.3892936706543 179
1756665800667 45.09135818481445 180
1756665802654 46.63833999633789 181
1756665804650 43.59803771972656 182
1756665806637 37.72087478637695 183
1756665808637 44.22475051879883 184
1756665810615 42.67095947265625 185
1756665812580 51.56106948852539 186
1756665814555 42.82164764404297 187
1756665816521 38.33384323120117 188
1756665818497 44.234588623046875 189
1756665820466 42.556705474853516 190
1756665822457 43.19215393066406 191
1756665824507 52.201412200927734 192
1756665826487 42.866310119628906 193
1756665828467 40.256168365478516 194
1756665830509 43.029457092285156 195
1756665832477 40.18971633911133 196
1756665834471 45.163089752197266 197
1756665836440 49.26264190673828 198
1756665838402 41.50741958618164 199
1756665840389 41.626155853271484 200
1756665842395 47.86768341064453 201
1756665844446 40.480003356933594 202
1756665846473 43.74235153198242 203
1756665848439 47.409244537353516 204
1756665850408 44.76642990112305 205
1756665852395 49.289337158203125 206
1756665854362 39.757362365722656 207
1756665856387 47.63417053222656 208
1756665858382 42.246089935302734 209
1756665860364 35.339237213134766 210
1756665862332 39.501739501953125 211
1756665864371 50.67995834350586 212
1756665866399 44.13998031616211 213
1756665868378 49.110958099365234 214
1756665870353 46.18872833251953 215
1756665872367 44.166778564453125 216
1756665874340 44.63254165649414 217
1756665876318 46.68863296508789 218
1756665878347 35.201873779296875 219
1756665880324 40.906620025634766 220
1756665882338 45.249454498291016 221
1756665884314 45.80314636230469 222
1756665886313 43.3248176574707 223
1756665888296 44.38764190673828 224
1756665890262 44.590538024902344 225
1756665892243 43.04877471923828 226
1756665894226 50.5450553894043 227
1756665896196 43.075599670410156 228
1756665898168 48.74177551269531 229
1756665900178 41.36970138549805 230
1756665902177 44.82619094848633 231
1756665904153 43.31526565551758 232
1756665906123 45.27390670776367 233
1756665908140 40.9102897644043 234
1756665910137 45.66254425048828 235
1756665912156 43.971160888671875 236
1756665914135 41.90288543701172 237
1756665916139 40.08053207397461 238
1756665918135 40.0107307434082 239
1756665920127 46.39055252075195 240
1756665922129 51.01408767700195 241
1756665924148 41.80656051635742 242
1756665926138 41.574867248535156 243
1756665928107 43.36035919189453 244
1756665930089 42.33989715576172 245
1756665932127 43.445350646972656 246
1756665934178 47.10417175292969 247
1756665936184 40.05997848510742 248
1756665938154 45.72920227050781 249
1756665940241 47.00977325439453 250
1756665942274 39.823734283447266 251
1756665944353 45.580257415771484 252
1756665946401 44.03377914428711 253
1756665948391 43.515254974365234 254
1756665950381 50.94246292114258 255
1756665952358 39.9416618347168 256
1756665954550 42.643585205078125 257
1756665956530 39.243465423583984 258
1756665958506 39.79262924194336 259
1756665960524 38.94642639160156 260
1756665962499 47.00851058959961 261
1756665964472 39.10118865966797 262
1756665966450 44.102455139160156 263
1756665968429 50.713199615478516 264
1756665970400 39.98189926147461 265
1756665972382 44.10285568237305 266
1756665974379 50.38322830200195 267
1756665976364 44.46665573120117 268
1756665978385 41.056236267089844 269
1756665980353 37.9315071105957 270
1756665982374 41.24840545654297 271
1756665984357 41.81533432006836 272
1756665986338 45.153709411621094 273
1756665988316 46.08192825317383 274
1756665990322 42.925750732421875 275
1756665992300 40.733428955078125 276
1756665994286 45.650508880615234 277
1756665996340 44.26066207885742 278
1756665998427 50.40340805053711 279
1756666000481 49.46110153198242 280
1756666002490 41.12240982055664 281
1756666004477 44.21836471557617 282
1756666006473 40.157047271728516 283
1756666008479 44.01034164428711 284
1756666010473 43.087135314941406 285
1756666012434 46.13449478149414 286
1756666014424 43.341896057128906 287
1756666016458 43.12754440307617 288
1756666018433 46.477054595947266 289
1756666020437 44.146995544433594 290
1756666022427 43.34069061279297 291
1756666024445 43.666900634765625 292
1756666026461 44.729644775390625 293
1756666028447 46.116249084472656 294
1756666030419 42.61251449584961 295
1756666032412 42.964393615722656 296
1756666034381 46.74029541015625 297
1756666036373 41.014766693115234 298
1756666038416 43.329471588134766 299
1756666554962 32.91944433365971 0
