Wavenumber (cm⁻¹),Importance,target_variable,Sample Type,Train Percentage,Model,Search Type,RMSE,MAE,MAPE,R²,run_id,run_name
964.23983758545,0.008093691924671052,il_10,CAPILAR,0.8,MLP Regressor,GridSearchCV,0.7346206971967688,0.5795984474069085,22.059918898022993,-0.7376469339776994,f15a5cb452a44e508d37e64811c0b3df,experiment_linear_il_10
960.3828782351084,0.007493907807579699,il_10,CAPILAR,0.8,MLP Regressor,GridSearchCV,0.7346206971967688,0.5795984474069085,22.059918898022993,-0.7376469339776994,f15a5cb452a44e508d37e64811c0b3df,experiment_linear_il_10
962.3113579102792,0.007114135395233942,il_10,CAPILAR,0.8,MLP Regressor,GridSearchCV,0.7346206971967688,0.5795984474069085,22.059918898022993,-0.7376469339776994,f15a5cb452a44e508d37e64811c0b3df,experiment_linear_il_10
966.1683172606208,0.007047626480112212,il_10,CAPILAR,0.8,MLP Regressor,GridSearchCV,0.7346206971967688,0.5795984474069085,22.059918898022993,-0.7376469339776994,f15a5cb452a44e508d37e64811c0b3df,experiment_linear_il_10
958.4543985599371,0.006877355814888199,il_10,CAPILAR,0.8,MLP Regressor,GridSearchCV,0.7346206971967688,0.5795984474069085,22.059918898022993,-0.7376469339776994,f15a5cb452a44e508d37e64811c0b3df,experiment_linear_il_10
1220.72763438318,0.006159213939521155,il_10,CAPILAR,0.8,MLP Regressor,GridSearchCV,0.7346206971967688,0.5795984474069085,22.059918898022993,-0.7376469339776994,f15a5cb452a44e508d37e64811c0b3df,experiment_linear_il_10
1218.799154708009,0.005608727347150534,il_10,CAPILAR,0.8,MLP Regressor,GridSearchCV,0.7346206971967688,0.5795984474069085,22.059918898022993,-0.7376469339776994,f15a5cb452a44e508d37e64811c0b3df,experiment_linear_il_10
1222.656114058351,0.005177923748662191,il_10,CAPILAR,0.8,MLP Regressor,GridSearchCV,0.7346206971967688,0.5795984474069085,22.059918898022993,-0.7376469339776994,f15a5cb452a44e508d37e64811c0b3df,experiment_linear_il_10
968.0967969357921,0.004701689821986314,il_10,CAPILAR,0.8,MLP Regressor,GridSearchCV,0.7346206971967688,0.5795984474069085,22.059918898022993,-0.7376469339776994,f15a5cb452a44e508d37e64811c0b3df,experiment_linear_il_10
948.812000184083,0.004642899695751759,il_10,CAPILAR,0.8,MLP Regressor,GridSearchCV,0.7346206971967688,0.5795984474069085,22.059918898022993,-0.7376469339776994,f15a5cb452a44e508d37e64811c0b3df,experiment_linear_il_10
970.0252766109629,0.004485931685716763,il_10,CAPILAR,0.8,MLP Regressor,GridSearchCV,0.7346206971967688,0.5795984474069085,22.059918898022993,-0.7376469339776994,f15a5cb452a44e508d37e64811c0b3df,experiment_linear_il_10
956.5259188847667,0.004438709710855473,il_10,CAPILAR,0.8,MLP Regressor,GridSearchCV,0.7346206971967688,0.5795984474069085,22.059918898022993,-0.7376469339776994,f15a5cb452a44e508d37e64811c0b3df,experiment_linear_il_10
971.9537562861337,0.00419920613230497,il_10,CAPILAR,0.8,MLP Regressor,GridSearchCV,0.7346206971967688,0.5795984474069085,22.059918898022993,-0.7376469339776994,f15a5cb452a44e508d37e64811c0b3df,experiment_linear_il_10
975.8107156364754,0.0039239233443274625,il_10,CAPILAR,0.8,MLP Regressor,GridSearchCV,0.7346206971967688,0.5795984474069085,22.059918898022993,-0.7376469339776994,f15a5cb452a44e508d37e64811c0b3df,experiment_linear_il_10
973.8822359613046,0.003917960788258206,il_10,CAPILAR,0.8,MLP Regressor,GridSearchCV,0.7346206971967688,0.5795984474069085,22.059918898022993,-0.7376469339776994,f15a5cb452a44e508d37e64811c0b3df,experiment_linear_il_10
1216.870675032838,0.0039047606900108854,il_10,CAPILAR,0.8,MLP Regressor,GridSearchCV,0.7346206971967688,0.5795984474069085,22.059918898022993,-0.7376469339776994,f15a5cb452a44e508d37e64811c0b3df,experiment_linear_il_10
939.1696018082284,0.0038967945475303686,il_10,CAPILAR,0.8,MLP Regressor,GridSearchCV,0.7346206971967688,0.5795984474069085,22.059918898022993,-0.7376469339776994,f15a5cb452a44e508d37e64811c0b3df,experiment_linear_il_10
946.8835205089117,0.0037904265444986115,il_10,CAPILAR,0.8,MLP Regressor,GridSearchCV,0.7346206971967688,0.5795984474069085,22.059918898022993,-0.7376469339776994,f15a5cb452a44e508d37e64811c0b3df,experiment_linear_il_10
2937.074545285281,0.0037102177459962114,il_10,CAPILAR,0.8,MLP Regressor,GridSearchCV,0.7346206971967688,0.5795984474069085,22.059918898022993,-0.7376469339776994,f15a5cb452a44e508d37e64811c0b3df,experiment_linear_il_10
2935.146065610109,0.003704571591581075,il_10,CAPILAR,0.8,MLP Regressor,GridSearchCV,0.7346206971967688,0.5795984474069085,22.059918898022993,-0.7376469339776994,f15a5cb452a44e508d37e64811c0b3df,experiment_linear_il_10
1421.289520600953,0.00611411403540921,il_10,CAPILAR,0.8,MLP Regressor,GridSearchCV,0.6595292020831452,0.5440104662109302,21.03144104823765,-0.4005650274803363,f15a5cb452a44e508d37e64811c0b3df,experiment_linear_il_10
2757.725935494387,0.005374085230958466,il_10,CAPILAR,0.8,MLP Regressor,GridSearchCV,0.6595292020831452,0.5440104662109302,21.03144104823765,-0.4005650274803363,f15a5cb452a44e508d37e64811c0b3df,experiment_linear_il_10
2832.936642826052,0.005320872254581432,il_10,CAPILAR,0.8,MLP Regressor,GridSearchCV,0.6595292020831452,0.5440104662109302,21.03144104823765,-0.4005650274803363,f15a5cb452a44e508d37e64811c0b3df,experiment_linear_il_10
2869.577756654299,0.005152471615317864,il_10,CAPILAR,0.8,MLP Regressor,GridSearchCV,0.6595292020831452,0.5440104662109302,21.03144104823765,-0.4005650274803363,f15a5cb452a44e508d37e64811c0b3df,experiment_linear_il_10
2946.716943661135,0.004914443071882679,il_10,CAPILAR,0.8,MLP Regressor,GridSearchCV,0.6595292020831452,0.5440104662109302,21.03144104823765,-0.4005650274803363,f15a5cb452a44e508d37e64811c0b3df,experiment_linear_il_10
2595.733642780031,0.004790613557415547,il_10,CAPILAR,0.8,MLP Regressor,GridSearchCV,0.6595292020831452,0.5440104662109302,21.03144104823765,-0.4005650274803363,f15a5cb452a44e508d37e64811c0b3df,experiment_linear_il_10
1469.501512480226,0.0046690944156173,il_10,CAPILAR,0.8,MLP Regressor,GridSearchCV,0.6595292020831452,0.5440104662109302,21.03144104823765,-0.4005650274803363,f15a5cb452a44e508d37e64811c0b3df,experiment_linear_il_10
2724.941781016481,0.004565317710177648,il_10,CAPILAR,0.8,MLP Regressor,GridSearchCV,0.6595292020831452,0.5440104662109302,21.03144104823765,-0.4005650274803363,f15a5cb452a44e508d37e64811c0b3df,experiment_linear_il_10
1787.700658883424,0.004430246669058906,il_10,CAPILAR,0.8,MLP Regressor,GridSearchCV,0.6595292020831452,0.5440104662109302,21.03144104823765,-0.4005650274803363,f15a5cb452a44e508d37e64811c0b3df,experiment_linear_il_10
2721.08482166614,0.004374680033965712,il_10,CAPILAR,0.8,MLP Regressor,GridSearchCV,0.6595292020831452,0.5440104662109302,21.03144104823765,-0.4005650274803363,f15a5cb452a44e508d37e64811c0b3df,experiment_linear_il_10
2838.722081851565,0.004361896453205747,il_10,CAPILAR,0.8,MLP Regressor,GridSearchCV,0.6595292020831452,0.5440104662109302,21.03144104823765,-0.4005650274803363,f15a5cb452a44e508d37e64811c0b3df,experiment_linear_il_10
1388.505366123048,0.004328265081177761,il_10,CAPILAR,0.8,MLP Regressor,GridSearchCV,0.6595292020831452,0.5440104662109302,21.03144104823765,-0.4005650274803363,f15a5cb452a44e508d37e64811c0b3df,experiment_linear_il_10
1459.859114104371,0.004263914241187502,il_10,CAPILAR,0.8,MLP Regressor,GridSearchCV,0.6595292020831452,0.5440104662109302,21.03144104823765,-0.4005650274803363,f15a5cb452a44e508d37e64811c0b3df,experiment_linear_il_10
2917.789748533572,0.004231731167886591,il_10,CAPILAR,0.8,MLP Regressor,GridSearchCV,0.6595292020831452,0.5440104662109302,21.03144104823765,-0.4005650274803363,f15a5cb452a44e508d37e64811c0b3df,experiment_linear_il_10
2890.791033081179,0.0042189765322879725,il_10,CAPILAR,0.8,MLP Regressor,GridSearchCV,0.6595292020831452,0.5440104662109302,21.03144104823765,-0.4005650274803363,f15a5cb452a44e508d37e64811c0b3df,experiment_linear_il_10
1766.487382456544,0.004211975694457162,il_10,CAPILAR,0.8,MLP Regressor,GridSearchCV,0.6595292020831452,0.5440104662109302,21.03144104823765,-0.4005650274803363,f15a5cb452a44e508d37e64811c0b3df,experiment_linear_il_10
1565.925496238771,0.004143886311401294,il_10,CAPILAR,0.8,MLP Regressor,GridSearchCV,0.6595292020831452,0.5440104662109302,21.03144104823765,-0.4005650274803363,f15a5cb452a44e508d37e64811c0b3df,experiment_linear_il_10
3023.856130667971,0.004138167330780559,il_10,CAPILAR,0.8,MLP Regressor,GridSearchCV,0.6595292020831452,0.5440104662109302,21.03144104823765,-0.4005650274803363,f15a5cb452a44e508d37e64811c0b3df,experiment_linear_il_10
2939.003024960452,0.004093602208823793,il_10,CAPILAR,0.8,MLP Regressor,GridSearchCV,0.6595292020831452,0.5440104662109302,21.03144104823765,-0.4005650274803363,f15a5cb452a44e508d37e64811c0b3df,experiment_linear_il_10
950.7404798592538,0.00398280850460363,il_10,CAPILAR,0.8,MLP Regressor,GridSearchCV,0.6595292020831452,0.5440104662109302,21.03144104823765,-0.4005650274803363,f15a5cb452a44e508d37e64811c0b3df,experiment_linear_il_10
964.23983758545,0.008093691924671326,il_10,CAPILAR,0.8,MLP Regressor,GridSearchCV,0.734620697196766,0.5795984474069065,22.05991889802291,-0.7376469339776859,f15a5cb452a44e508d37e64811c0b3df,experiment_linear_il_10
960.3828782351084,0.007493907807579963,il_10,CAPILAR,0.8,MLP Regressor,GridSearchCV,0.734620697196766,0.5795984474069065,22.05991889802291,-0.7376469339776859,f15a5cb452a44e508d37e64811c0b3df,experiment_linear_il_10
962.3113579102792,0.007114135395234187,il_10,CAPILAR,0.8,MLP Regressor,GridSearchCV,0.734620697196766,0.5795984474069065,22.05991889802291,-0.7376469339776859,f15a5cb452a44e508d37e64811c0b3df,experiment_linear_il_10
966.1683172606208,0.007047626480112469,il_10,CAPILAR,0.8,MLP Regressor,GridSearchCV,0.734620697196766,0.5795984474069065,22.05991889802291,-0.7376469339776859,f15a5cb452a44e508d37e64811c0b3df,experiment_linear_il_10
958.4543985599371,0.006877355814888448,il_10,CAPILAR,0.8,MLP Regressor,GridSearchCV,0.734620697196766,0.5795984474069065,22.05991889802291,-0.7376469339776859,f15a5cb452a44e508d37e64811c0b3df,experiment_linear_il_10
1220.72763438318,0.0061592139395213845,il_10,CAPILAR,0.8,MLP Regressor,GridSearchCV,0.734620697196766,0.5795984474069065,22.05991889802291,-0.7376469339776859,f15a5cb452a44e508d37e64811c0b3df,experiment_linear_il_10
1218.799154708009,0.005608727347150731,il_10,CAPILAR,0.8,MLP Regressor,GridSearchCV,0.734620697196766,0.5795984474069065,22.05991889802291,-0.7376469339776859,f15a5cb452a44e508d37e64811c0b3df,experiment_linear_il_10
1222.656114058351,0.005177923748662425,il_10,CAPILAR,0.8,MLP Regressor,GridSearchCV,0.734620697196766,0.5795984474069065,22.05991889802291,-0.7376469339776859,f15a5cb452a44e508d37e64811c0b3df,experiment_linear_il_10
968.0967969357921,0.004701689821986533,il_10,CAPILAR,0.8,MLP Regressor,GridSearchCV,0.734620697196766,0.5795984474069065,22.05991889802291,-0.7376469339776859,f15a5cb452a44e508d37e64811c0b3df,experiment_linear_il_10
948.812000184083,0.004642899695751915,il_10,CAPILAR,0.8,MLP Regressor,GridSearchCV,0.734620697196766,0.5795984474069065,22.05991889802291,-0.7376469339776859,f15a5cb452a44e508d37e64811c0b3df,experiment_linear_il_10
970.0252766109629,0.004485931685716977,il_10,CAPILAR,0.8,MLP Regressor,GridSearchCV,0.734620697196766,0.5795984474069065,22.05991889802291,-0.7376469339776859,f15a5cb452a44e508d37e64811c0b3df,experiment_linear_il_10
956.5259188847667,0.004438709710855647,il_10,CAPILAR,0.8,MLP Regressor,GridSearchCV,0.734620697196766,0.5795984474069065,22.05991889802291,-0.7376469339776859,f15a5cb452a44e508d37e64811c0b3df,experiment_linear_il_10
971.9537562861337,0.004199206132305174,il_10,CAPILAR,0.8,MLP Regressor,GridSearchCV,0.734620697196766,0.5795984474069065,22.05991889802291,-0.7376469339776859,f15a5cb452a44e508d37e64811c0b3df,experiment_linear_il_10
975.8107156364754,0.003923923344327635,il_10,CAPILAR,0.8,MLP Regressor,GridSearchCV,0.734620697196766,0.5795984474069065,22.05991889802291,-0.7376469339776859,f15a5cb452a44e508d37e64811c0b3df,experiment_linear_il_10
973.8822359613046,0.003917960788258387,il_10,CAPILAR,0.8,MLP Regressor,GridSearchCV,0.734620697196766,0.5795984474069065,22.05991889802291,-0.7376469339776859,f15a5cb452a44e508d37e64811c0b3df,experiment_linear_il_10
1216.870675032838,0.00390476069001102,il_10,CAPILAR,0.8,MLP Regressor,GridSearchCV,0.734620697196766,0.5795984474069065,22.05991889802291,-0.7376469339776859,f15a5cb452a44e508d37e64811c0b3df,experiment_linear_il_10
939.1696018082284,0.0038967945475304787,il_10,CAPILAR,0.8,MLP Regressor,GridSearchCV,0.734620697196766,0.5795984474069065,22.05991889802291,-0.7376469339776859,f15a5cb452a44e508d37e64811c0b3df,experiment_linear_il_10
946.8835205089117,0.0037904265444987455,il_10,CAPILAR,0.8,MLP Regressor,GridSearchCV,0.734620697196766,0.5795984474069065,22.05991889802291,-0.7376469339776859,f15a5cb452a44e508d37e64811c0b3df,experiment_linear_il_10
2937.074545285281,0.003710217745996269,il_10,CAPILAR,0.8,MLP Regressor,GridSearchCV,0.734620697196766,0.5795984474069065,22.05991889802291,-0.7376469339776859,f15a5cb452a44e508d37e64811c0b3df,experiment_linear_il_10
2935.146065610109,0.003704571591581133,il_10,CAPILAR,0.8,MLP Regressor,GridSearchCV,0.734620697196766,0.5795984474069065,22.05991889802291,-0.7376469339776859,f15a5cb452a44e508d37e64811c0b3df,experiment_linear_il_10
1540.855260461549,0.01817938257728995,il_10,CAPILAR,0.8,MLP Regressor,GridSearchCV,0.6621683664246303,0.5577527910729143,22.412549750290886,-0.41179642358761237,f15a5cb452a44e508d37e64811c0b3df,experiment_linear_il_10
1552.426138512574,0.01351783164803598,il_10,CAPILAR,0.8,MLP Regressor,GridSearchCV,0.6621683664246303,0.5577527910729143,22.412549750290886,-0.41179642358761237,f15a5cb452a44e508d37e64811c0b3df,experiment_linear_il_10
1535.069821436036,0.013492702375550262,il_10,CAPILAR,0.8,MLP Regressor,GridSearchCV,0.6621683664246303,0.5577527910729143,22.412549750290886,-0.41179642358761237,f15a5cb452a44e508d37e64811c0b3df,experiment_linear_il_10
1544.712219811891,0.011653267914097163,il_10,CAPILAR,0.8,MLP Regressor,GridSearchCV,0.6621683664246303,0.5577527910729143,22.412549750290886,-0.41179642358761237,f15a5cb452a44e508d37e64811c0b3df,experiment_linear_il_10
1562.068536888429,0.010146287178812878,il_10,CAPILAR,0.8,MLP Regressor,GridSearchCV,0.6621683664246303,0.5577527910729143,22.412549750290886,-0.41179642358761237,f15a5cb452a44e508d37e64811c0b3df,experiment_linear_il_10
1565.925496238771,0.009835885976992236,il_10,CAPILAR,0.8,MLP Regressor,GridSearchCV,0.6621683664246303,0.5577527910729143,22.412549750290886,-0.41179642358761237,f15a5cb452a44e508d37e64811c0b3df,experiment_linear_il_10
1517.713504359498,0.0094407066810983,il_10,CAPILAR,0.8,MLP Regressor,GridSearchCV,0.6621683664246303,0.5577527910729143,22.412549750290886,-0.41179642358761237,f15a5cb452a44e508d37e64811c0b3df,experiment_linear_il_10
1660.421000322145,0.00924193126564002,il_10,CAPILAR,0.8,MLP Regressor,GridSearchCV,0.6621683664246303,0.5577527910729143,22.412549750290886,-0.41179642358761237,f15a5cb452a44e508d37e64811c0b3df,experiment_linear_il_10
1533.141341760865,0.008718764626093896,il_10,CAPILAR,0.8,MLP Regressor,GridSearchCV,0.6621683664246303,0.5577527910729143,22.412549750290886,-0.41179642358761237,f15a5cb452a44e508d37e64811c0b3df,experiment_linear_il_10
1554.354618187745,0.008288181438790971,il_10,CAPILAR,0.8,MLP Regressor,GridSearchCV,0.6621683664246303,0.5577527910729143,22.412549750290886,-0.41179642358761237,f15a5cb452a44e508d37e64811c0b3df,experiment_linear_il_10
1560.140057213258,0.007966769799914992,il_10,CAPILAR,0.8,MLP Regressor,GridSearchCV,0.6621683664246303,0.5577527910729143,22.412549750290886,-0.41179642358761237,f15a5cb452a44e508d37e64811c0b3df,experiment_linear_il_10
1529.284382410524,0.0076637005603248575,il_10,CAPILAR,0.8,MLP Regressor,GridSearchCV,0.6621683664246303,0.5577527910729143,22.412549750290886,-0.41179642358761237,f15a5cb452a44e508d37e64811c0b3df,experiment_linear_il_10
2888.862553406008,0.00720568992953532,il_10,CAPILAR,0.8,MLP Regressor,GridSearchCV,0.6621683664246303,0.5577527910729143,22.412549750290886,-0.41179642358761237,f15a5cb452a44e508d37e64811c0b3df,experiment_linear_il_10
1531.212862085695,0.007176323044514887,il_10,CAPILAR,0.8,MLP Regressor,GridSearchCV,0.6621683664246303,0.5577527910729143,22.412549750290886,-0.41179642358761237,f15a5cb452a44e508d37e64811c0b3df,experiment_linear_il_10
1536.998301111207,0.007101933749140922,il_10,CAPILAR,0.8,MLP Regressor,GridSearchCV,0.6621683664246303,0.5577527910729143,22.412549750290886,-0.41179642358761237,f15a5cb452a44e508d37e64811c0b3df,experiment_linear_il_10
2900.433431457033,0.007099379203119629,il_10,CAPILAR,0.8,MLP Regressor,GridSearchCV,0.6621683664246303,0.5577527910729143,22.412549750290886,-0.41179642358761237,f15a5cb452a44e508d37e64811c0b3df,experiment_linear_il_10
1567.853975913942,0.007086807722648772,il_10,CAPILAR,0.8,MLP Regressor,GridSearchCV,0.6621683664246303,0.5577527910729143,22.412549750290886,-0.41179642358761237,f15a5cb452a44e508d37e64811c0b3df,experiment_linear_il_10
1569.782455589112,0.0066546502660440356,il_10,CAPILAR,0.8,MLP Regressor,GridSearchCV,0.6621683664246303,0.5577527910729143,22.412549750290886,-0.41179642358761237,f15a5cb452a44e508d37e64811c0b3df,experiment_linear_il_10
2805.937927373659,0.006023397124544767,il_10,CAPILAR,0.8,MLP Regressor,GridSearchCV,0.6621683664246303,0.5577527910729143,22.412549750290886,-0.41179642358761237,f15a5cb452a44e508d37e64811c0b3df,experiment_linear_il_10
1577.496374289796,0.005959890696091079,il_10,CAPILAR,0.8,MLP Regressor,GridSearchCV,0.6621683664246303,0.5577527910729143,22.412549750290886,-0.41179642358761237,f15a5cb452a44e508d37e64811c0b3df,experiment_linear_il_10
1542.78374013672,0.004263911298428242,il_10,PLASMA,0.8,MLP Regressor,GridSearchCV,0.491727728961751,0.43208648882830075,16.166731654394315,-0.013815193651784297,f15a5cb452a44e508d37e64811c0b3df,experiment_linear_il_10
1540.855260461549,0.004261986544170931,il_10,PLASMA,0.8,MLP Regressor,GridSearchCV,0.491727728961751,0.43208648882830075,16.166731654394315,-0.013815193651784297,f15a5cb452a44e508d37e64811c0b3df,experiment_linear_il_10
1538.926780786378,0.004131661516108531,il_10,PLASMA,0.8,MLP Regressor,GridSearchCV,0.491727728961751,0.43208648882830075,16.166731654394315,-0.013815193651784297,f15a5cb452a44e508d37e64811c0b3df,experiment_linear_il_10
1544.712219811891,0.00404855972744283,il_10,PLASMA,0.8,MLP Regressor,GridSearchCV,0.491727728961751,0.43208648882830075,16.166731654394315,-0.013815193651784297,f15a5cb452a44e508d37e64811c0b3df,experiment_linear_il_10
1536.998301111207,0.0037982628234876897,il_10,PLASMA,0.8,MLP Regressor,GridSearchCV,0.491727728961751,0.43208648882830075,16.166731654394315,-0.013815193651784297,f15a5cb452a44e508d37e64811c0b3df,experiment_linear_il_10
1716.346910902101,0.003791252090700163,il_10,PLASMA,0.8,MLP Regressor,GridSearchCV,0.491727728961751,0.43208648882830075,16.166731654394315,-0.013815193651784297,f15a5cb452a44e508d37e64811c0b3df,experiment_linear_il_10
1184.086520554933,0.003723201331424927,il_10,PLASMA,0.8,MLP Regressor,GridSearchCV,0.491727728961751,0.43208648882830075,16.166731654394315,-0.013815193651784297,f15a5cb452a44e508d37e64811c0b3df,experiment_linear_il_10
1186.015000230103,0.0036936347485146052,il_10,PLASMA,0.8,MLP Regressor,GridSearchCV,0.491727728961751,0.43208648882830075,16.166731654394315,-0.013815193651784297,f15a5cb452a44e508d37e64811c0b3df,experiment_linear_il_10
1546.640699487062,0.0035904792853524567,il_10,PLASMA,0.8,MLP Regressor,GridSearchCV,0.491727728961751,0.43208648882830075,16.166731654394315,-0.013815193651784297,f15a5cb452a44e508d37e64811c0b3df,experiment_linear_il_10
1182.158040879762,0.0035754932545483567,il_10,PLASMA,0.8,MLP Regressor,GridSearchCV,0.491727728961751,0.43208648882830075,16.166731654394315,-0.013815193651784297,f15a5cb452a44e508d37e64811c0b3df,experiment_linear_il_10
1187.943479905274,0.0035508549982999566,il_10,PLASMA,0.8,MLP Regressor,GridSearchCV,0.491727728961751,0.43208648882830075,16.166731654394315,-0.013815193651784297,f15a5cb452a44e508d37e64811c0b3df,experiment_linear_il_10
1174.444122179078,0.0033441385905829814,il_10,PLASMA,0.8,MLP Regressor,GridSearchCV,0.491727728961751,0.43208648882830075,16.166731654394315,-0.013815193651784297,f15a5cb452a44e508d37e64811c0b3df,experiment_linear_il_10
3043.14092741968,0.0033172774407337373,il_10,PLASMA,0.8,MLP Regressor,GridSearchCV,0.491727728961751,0.43208648882830075,16.166731654394315,-0.013815193651784297,f15a5cb452a44e508d37e64811c0b3df,experiment_linear_il_10
1535.069821436036,0.003298085209187998,il_10,PLASMA,0.8,MLP Regressor,GridSearchCV,0.491727728961751,0.43208648882830075,16.166731654394315,-0.013815193651784297,f15a5cb452a44e508d37e64811c0b3df,experiment_linear_il_10
1220.72763438318,0.0032949853024250696,il_10,PLASMA,0.8,MLP Regressor,GridSearchCV,0.491727728961751,0.43208648882830075,16.166731654394315,-0.013815193651784297,f15a5cb452a44e508d37e64811c0b3df,experiment_linear_il_10
1180.229561204591,0.0032947864117834477,il_10,PLASMA,0.8,MLP Regressor,GridSearchCV,0.491727728961751,0.43208648882830075,16.166731654394315,-0.013815193651784297,f15a5cb452a44e508d37e64811c0b3df,experiment_linear_il_10
1218.799154708009,0.0032937448289030295,il_10,PLASMA,0.8,MLP Regressor,GridSearchCV,0.491727728961751,0.43208648882830075,16.166731654394315,-0.013815193651784297,f15a5cb452a44e508d37e64811c0b3df,experiment_linear_il_10
1172.515642503907,0.0032867536089531604,il_10,PLASMA,0.8,MLP Regressor,GridSearchCV,0.491727728961751,0.43208648882830075,16.166731654394315,-0.013815193651784297,f15a5cb452a44e508d37e64811c0b3df,experiment_linear_il_10
1222.656114058351,0.0032528261581227765,il_10,PLASMA,0.8,MLP Regressor,GridSearchCV,0.491727728961751,0.43208648882830075,16.166731654394315,-0.013815193651784297,f15a5cb452a44e508d37e64811c0b3df,experiment_linear_il_10
1170.587162828736,0.003248810160462229,il_10,PLASMA,0.8,MLP Regressor,GridSearchCV,0.491727728961751,0.43208648882830075,16.166731654394315,-0.013815193651784297,f15a5cb452a44e508d37e64811c0b3df,experiment_linear_il_10
935.3126424578863,0.007011456663684597,il_10,PLASMA,0.8,MLP Regressor,GridSearchCV,0.8190197289820101,0.684035898589782,26.74442659844557,-1.8125362190718288,f15a5cb452a44e508d37e64811c0b3df,experiment_linear_il_10
2647.802594009645,0.0059186738016373825,il_10,PLASMA,0.8,MLP Regressor,GridSearchCV,0.8190197289820101,0.684035898589782,26.74442659844557,-1.8125362190718288,f15a5cb452a44e508d37e64811c0b3df,experiment_linear_il_10
1517.713504359498,0.005802004936999137,il_10,PLASMA,0.8,MLP Regressor,GridSearchCV,0.8190197289820101,0.684035898589782,26.74442659844557,-1.8125362190718288,f15a5cb452a44e508d37e64811c0b3df,experiment_linear_il_10
1070.306219719849,0.0057031105156715115,il_10,PLASMA,0.8,MLP Regressor,GridSearchCV,0.8190197289820101,0.684035898589782,26.74442659844557,-1.8125362190718288,f15a5cb452a44e508d37e64811c0b3df,experiment_linear_il_10
1085.734057121217,0.005658825669967175,il_10,PLASMA,0.8,MLP Regressor,GridSearchCV,0.8190197289820101,0.684035898589782,26.74442659844557,-1.8125362190718288,f15a5cb452a44e508d37e64811c0b3df,experiment_linear_il_10
1806.985455635133,0.005629917222410997,il_10,PLASMA,0.8,MLP Regressor,GridSearchCV,0.8190197289820101,0.684035898589782,26.74442659844557,-1.8125362190718288,f15a5cb452a44e508d37e64811c0b3df,experiment_linear_il_10
1583.281813315309,0.00538695634356863,il_10,PLASMA,0.8,MLP Regressor,GridSearchCV,0.8190197289820101,0.684035898589782,26.74442659844557,-1.8125362190718288,f15a5cb452a44e508d37e64811c0b3df,experiment_linear_il_10
1781.915219857912,0.005379971483452537,il_10,PLASMA,0.8,MLP Regressor,GridSearchCV,0.8190197289820101,0.684035898589782,26.74442659844557,-1.8125362190718288,f15a5cb452a44e508d37e64811c0b3df,experiment_linear_il_10
1110.804292898438,0.005147660530545105,il_10,PLASMA,0.8,MLP Regressor,GridSearchCV,0.8190197289820101,0.684035898589782,26.74442659844557,-1.8125362190718288,f15a5cb452a44e508d37e64811c0b3df,experiment_linear_il_10
1230.370032759034,0.0049416546241382526,il_10,PLASMA,0.8,MLP Regressor,GridSearchCV,0.8190197289820101,0.684035898589782,26.74442659844557,-1.8125362190718288,f15a5cb452a44e508d37e64811c0b3df,experiment_linear_il_10
1066.449260369508,0.004765034670560286,il_10,PLASMA,0.8,MLP Regressor,GridSearchCV,0.8190197289820101,0.684035898589782,26.74442659844557,-1.8125362190718288,f15a5cb452a44e508d37e64811c0b3df,experiment_linear_il_10
2805.937927373659,0.004737919337887212,il_10,PLASMA,0.8,MLP Regressor,GridSearchCV,0.8190197289820101,0.684035898589782,26.74442659844557,-1.8125362190718288,f15a5cb452a44e508d37e64811c0b3df,experiment_linear_il_10
1052.949902643312,0.004614126526980404,il_10,PLASMA,0.8,MLP Regressor,GridSearchCV,0.8190197289820101,0.684035898589782,26.74442659844557,-1.8125362190718288,f15a5cb452a44e508d37e64811c0b3df,experiment_linear_il_10
1752.988024730348,0.004554855402051918,il_10,PLASMA,0.8,MLP Regressor,GridSearchCV,0.8190197289820101,0.684035898589782,26.74442659844557,-1.8125362190718288,f15a5cb452a44e508d37e64811c0b3df,experiment_linear_il_10
1600.638130391847,0.0044626836977978025,il_10,PLASMA,0.8,MLP Regressor,GridSearchCV,0.8190197289820101,0.684035898589782,26.74442659844557,-1.8125362190718288,f15a5cb452a44e508d37e64811c0b3df,experiment_linear_il_10
1058.735341668824,0.00444857568606227,il_10,PLASMA,0.8,MLP Regressor,GridSearchCV,0.8190197289820101,0.684035898589782,26.74442659844557,-1.8125362190718288,f15a5cb452a44e508d37e64811c0b3df,experiment_linear_il_10
1081.877097770875,0.004428893683978112,il_10,PLASMA,0.8,MLP Regressor,GridSearchCV,0.8190197289820101,0.684035898589782,26.74442659844557,-1.8125362190718288,f15a5cb452a44e508d37e64811c0b3df,experiment_linear_il_10
968.0967969357921,0.004409255695101474,il_10,PLASMA,0.8,MLP Regressor,GridSearchCV,0.8190197289820101,0.684035898589782,26.74442659844557,-1.8125362190718288,f15a5cb452a44e508d37e64811c0b3df,experiment_linear_il_10
1617.994447468385,0.0043822839830144665,il_10,PLASMA,0.8,MLP Regressor,GridSearchCV,0.8190197289820101,0.684035898589782,26.74442659844557,-1.8125362190718288,f15a5cb452a44e508d37e64811c0b3df,experiment_linear_il_10
1664.277959672487,0.004238162101837589,il_10,PLASMA,0.8,MLP Regressor,GridSearchCV,0.8190197289820101,0.684035898589782,26.74442659844557,-1.8125362190718288,f15a5cb452a44e508d37e64811c0b3df,experiment_linear_il_10
1542.78374013672,0.004263911298428161,il_10,PLASMA,0.8,MLP Regressor,GridSearchCV,0.49172772896174965,0.43208648882830003,16.16673165439427,-0.013815193651778968,f15a5cb452a44e508d37e64811c0b3df,experiment_linear_il_10
1540.855260461549,0.0042619865441708435,il_10,PLASMA,0.8,MLP Regressor,GridSearchCV,0.49172772896174965,0.43208648882830003,16.16673165439427,-0.013815193651778968,f15a5cb452a44e508d37e64811c0b3df,experiment_linear_il_10
1538.926780786378,0.0041316615161084225,il_10,PLASMA,0.8,MLP Regressor,GridSearchCV,0.49172772896174965,0.43208648882830003,16.16673165439427,-0.013815193651778968,f15a5cb452a44e508d37e64811c0b3df,experiment_linear_il_10
1544.712219811891,0.004048559727442762,il_10,PLASMA,0.8,MLP Regressor,GridSearchCV,0.49172772896174965,0.43208648882830003,16.16673165439427,-0.013815193651778968,f15a5cb452a44e508d37e64811c0b3df,experiment_linear_il_10
1536.998301111207,0.003798262823487568,il_10,PLASMA,0.8,MLP Regressor,GridSearchCV,0.49172772896174965,0.43208648882830003,16.16673165439427,-0.013815193651778968,f15a5cb452a44e508d37e64811c0b3df,experiment_linear_il_10
1716.346910902101,0.003791252090699735,il_10,PLASMA,0.8,MLP Regressor,GridSearchCV,0.49172772896174965,0.43208648882830003,16.16673165439427,-0.013815193651778968,f15a5cb452a44e508d37e64811c0b3df,experiment_linear_il_10
1184.086520554933,0.0037232013314256254,il_10,PLASMA,0.8,MLP Regressor,GridSearchCV,0.49172772896174965,0.43208648882830003,16.16673165439427,-0.013815193651778968,f15a5cb452a44e508d37e64811c0b3df,experiment_linear_il_10
1186.015000230103,0.003693634748515278,il_10,PLASMA,0.8,MLP Regressor,GridSearchCV,0.49172772896174965,0.43208648882830003,16.16673165439427,-0.013815193651778968,f15a5cb452a44e508d37e64811c0b3df,experiment_linear_il_10
1546.640699487062,0.0035904792853523842,il_10,PLASMA,0.8,MLP Regressor,GridSearchCV,0.49172772896174965,0.43208648882830003,16.16673165439427,-0.013815193651778968,f15a5cb452a44e508d37e64811c0b3df,experiment_linear_il_10
1182.158040879762,0.0035754932545490757,il_10,PLASMA,0.8,MLP Regressor,GridSearchCV,0.49172772896174965,0.43208648882830003,16.16673165439427,-0.013815193651778968,f15a5cb452a44e508d37e64811c0b3df,experiment_linear_il_10
1187.943479905274,0.003550854998300596,il_10,PLASMA,0.8,MLP Regressor,GridSearchCV,0.49172772896174965,0.43208648882830003,16.16673165439427,-0.013815193651778968,f15a5cb452a44e508d37e64811c0b3df,experiment_linear_il_10
1174.444122179078,0.00334413859058367,il_10,PLASMA,0.8,MLP Regressor,GridSearchCV,0.49172772896174965,0.43208648882830003,16.16673165439427,-0.013815193651778968,f15a5cb452a44e508d37e64811c0b3df,experiment_linear_il_10
3043.14092741968,0.003317277440733717,il_10,PLASMA,0.8,MLP Regressor,GridSearchCV,0.49172772896174965,0.43208648882830003,16.16673165439427,-0.013815193651778968,f15a5cb452a44e508d37e64811c0b3df,experiment_linear_il_10
1535.069821436036,0.0032980852091878637,il_10,PLASMA,0.8,MLP Regressor,GridSearchCV,0.49172772896174965,0.43208648882830003,16.16673165439427,-0.013815193651778968,f15a5cb452a44e508d37e64811c0b3df,experiment_linear_il_10
1220.72763438318,0.003294985302425617,il_10,PLASMA,0.8,MLP Regressor,GridSearchCV,0.49172772896174965,0.43208648882830003,16.16673165439427,-0.013815193651778968,f15a5cb452a44e508d37e64811c0b3df,experiment_linear_il_10
1180.229561204591,0.00329478641178417,il_10,PLASMA,0.8,MLP Regressor,GridSearchCV,0.49172772896174965,0.43208648882830003,16.16673165439427,-0.013815193651778968,f15a5cb452a44e508d37e64811c0b3df,experiment_linear_il_10
1218.799154708009,0.0032937448289036193,il_10,PLASMA,0.8,MLP Regressor,GridSearchCV,0.49172772896174965,0.43208648882830003,16.16673165439427,-0.013815193651778968,f15a5cb452a44e508d37e64811c0b3df,experiment_linear_il_10
1172.515642503907,0.003286753608953875,il_10,PLASMA,0.8,MLP Regressor,GridSearchCV,0.49172772896174965,0.43208648882830003,16.16673165439427,-0.013815193651778968,f15a5cb452a44e508d37e64811c0b3df,experiment_linear_il_10
1222.656114058351,0.0032528261581232774,il_10,PLASMA,0.8,MLP Regressor,GridSearchCV,0.49172772896174965,0.43208648882830003,16.16673165439427,-0.013815193651778968,f15a5cb452a44e508d37e64811c0b3df,experiment_linear_il_10
1170.587162828736,0.0032488101604629988,il_10,PLASMA,0.8,MLP Regressor,GridSearchCV,0.49172772896174965,0.43208648882830003,16.16673165439427,-0.013815193651778968,f15a5cb452a44e508d37e64811c0b3df,experiment_linear_il_10
2923.575187559084,0.010170151517717023,il_10,PLASMA,0.8,MLP Regressor,GridSearchCV,0.5203234484483511,0.4352370095898423,17.23663575703916,-0.13515768283582252,f15a5cb452a44e508d37e64811c0b3df,experiment_linear_il_10
2927.432146909426,0.008172695369611415,il_10,PLASMA,0.8,MLP Regressor,GridSearchCV,0.5203234484483511,0.4352370095898423,17.23663575703916,-0.13515768283582252,f15a5cb452a44e508d37e64811c0b3df,experiment_linear_il_10
2933.217585934939,0.008129753470022188,il_10,PLASMA,0.8,MLP Regressor,GridSearchCV,0.5203234484483511,0.4352370095898423,17.23663575703916,-0.13515768283582252,f15a5cb452a44e508d37e64811c0b3df,experiment_linear_il_10
1660.421000322145,0.007754151707098248,il_10,PLASMA,0.8,MLP Regressor,GridSearchCV,0.5203234484483511,0.4352370095898423,17.23663575703916,-0.13515768283582252,f15a5cb452a44e508d37e64811c0b3df,experiment_linear_il_10
1654.635561296632,0.00759571383489932,il_10,PLASMA,0.8,MLP Regressor,GridSearchCV,0.5203234484483511,0.4352370095898423,17.23663575703916,-0.13515768283582252,f15a5cb452a44e508d37e64811c0b3df,experiment_linear_il_10
1589.067252340822,0.007139478930706433,il_10,PLASMA,0.8,MLP Regressor,GridSearchCV,0.5203234484483511,0.4352370095898423,17.23663575703916,-0.13515768283582252,f15a5cb452a44e508d37e64811c0b3df,experiment_linear_il_10
2917.789748533572,0.0069589766459555715,il_10,PLASMA,0.8,MLP Regressor,GridSearchCV,0.5203234484483511,0.4352370095898423,17.23663575703916,-0.13515768283582252,f15a5cb452a44e508d37e64811c0b3df,experiment_linear_il_10
1587.138772665651,0.006921224918195308,il_10,PLASMA,0.8,MLP Regressor,GridSearchCV,0.5203234484483511,0.4352370095898423,17.23663575703916,-0.13515768283582252,f15a5cb452a44e508d37e64811c0b3df,experiment_linear_il_10
2913.93278918323,0.006880020668790332,il_10,PLASMA,0.8,MLP Regressor,GridSearchCV,0.5203234484483511,0.4352370095898423,17.23663575703916,-0.13515768283582252,f15a5cb452a44e508d37e64811c0b3df,experiment_linear_il_10
2912.004309508059,0.006842088923625585,il_10,PLASMA,0.8,MLP Regressor,GridSearchCV,0.5203234484483511,0.4352370095898423,17.23663575703916,-0.13515768283582252,f15a5cb452a44e508d37e64811c0b3df,experiment_linear_il_10
1656.564040971803,0.006704694438616388,il_10,PLASMA,0.8,MLP Regressor,GridSearchCV,0.5203234484483511,0.4352370095898423,17.23663575703916,-0.13515768283582252,f15a5cb452a44e508d37e64811c0b3df,experiment_linear_il_10
2925.503667234255,0.006497078939756055,il_10,PLASMA,0.8,MLP Regressor,GridSearchCV,0.5203234484483511,0.4352370095898423,17.23663575703916,-0.13515768283582252,f15a5cb452a44e508d37e64811c0b3df,experiment_linear_il_10
1658.492520646974,0.006357225709182477,il_10,PLASMA,0.8,MLP Regressor,GridSearchCV,0.5203234484483511,0.4352370095898423,17.23663575703916,-0.13515768283582252,f15a5cb452a44e508d37e64811c0b3df,experiment_linear_il_10
1652.707081621461,0.0062560738896756405,il_10,PLASMA,0.8,MLP Regressor,GridSearchCV,0.5203234484483511,0.4352370095898423,17.23663575703916,-0.13515768283582252,f15a5cb452a44e508d37e64811c0b3df,experiment_linear_il_10
2935.146065610109,0.006208111066842164,il_10,PLASMA,0.8,MLP Regressor,GridSearchCV,0.5203234484483511,0.4352370095898423,17.23663575703916,-0.13515768283582252,f15a5cb452a44e508d37e64811c0b3df,experiment_linear_il_10
2929.360626584597,0.006044139576932044,il_10,PLASMA,0.8,MLP Regressor,GridSearchCV,0.5203234484483511,0.4352370095898423,17.23663575703916,-0.13515768283582252,f15a5cb452a44e508d37e64811c0b3df,experiment_linear_il_10
2931.289106259768,0.005983505470897076,il_10,PLASMA,0.8,MLP Regressor,GridSearchCV,0.5203234484483511,0.4352370095898423,17.23663575703916,-0.13515768283582252,f15a5cb452a44e508d37e64811c0b3df,experiment_linear_il_10
2956.359342036989,0.005878873440103139,il_10,PLASMA,0.8,MLP Regressor,GridSearchCV,0.5203234484483511,0.4352370095898423,17.23663575703916,-0.13515768283582252,f15a5cb452a44e508d37e64811c0b3df,experiment_linear_il_10
2858.006878603273,0.005854053831032125,il_10,PLASMA,0.8,MLP Regressor,GridSearchCV,0.5203234484483511,0.4352370095898423,17.23663575703916,-0.13515768283582252,f15a5cb452a44e508d37e64811c0b3df,experiment_linear_il_10
2921.646707883913,0.005814914037327219,il_10,PLASMA,0.8,MLP Regressor,GridSearchCV,0.5203234484483511,0.4352370095898423,17.23663575703916,-0.13515768283582252,f15a5cb452a44e508d37e64811c0b3df,experiment_linear_il_10
964.23983758545,0.0038369772761508336,il_10,SALIVA,0.8,MLP Regressor,GridSearchCV,0.8562226932693374,0.6112185004191877,19.69869809177934,-0.12186117666106155,f15a5cb452a44e508d37e64811c0b3df,experiment_linear_il_10
962.3113579102792,0.003749833654329433,il_10,SALIVA,0.8,MLP Regressor,GridSearchCV,0.8562226932693374,0.6112185004191877,19.69869809177934,-0.12186117666106155,f15a5cb452a44e508d37e64811c0b3df,experiment_linear_il_10
966.1683172606208,0.003577105432154824,il_10,SALIVA,0.8,MLP Regressor,GridSearchCV,0.8562226932693374,0.6112185004191877,19.69869809177934,-0.12186117666106155,f15a5cb452a44e508d37e64811c0b3df,experiment_linear_il_10
968.0967969357921,0.0035228340265743762,il_10,SALIVA,0.8,MLP Regressor,GridSearchCV,0.8562226932693374,0.6112185004191877,19.69869809177934,-0.12186117666106155,f15a5cb452a44e508d37e64811c0b3df,experiment_linear_il_10
970.0252766109629,0.003433736866016699,il_10,SALIVA,0.8,MLP Regressor,GridSearchCV,0.8562226932693374,0.6112185004191877,19.69869809177934,-0.12186117666106155,f15a5cb452a44e508d37e64811c0b3df,experiment_linear_il_10
1739.488667004152,0.0033320228443093317,il_10,SALIVA,0.8,MLP Regressor,GridSearchCV,0.8562226932693374,0.6112185004191877,19.69869809177934,-0.12186117666106155,f15a5cb452a44e508d37e64811c0b3df,experiment_linear_il_10
971.9537562861337,0.003227771605222909,il_10,SALIVA,0.8,MLP Regressor,GridSearchCV,0.8562226932693374,0.6112185004191877,19.69869809177934,-0.12186117666106155,f15a5cb452a44e508d37e64811c0b3df,experiment_linear_il_10
2501.238138696657,0.003195072337122296,il_10,SALIVA,0.8,MLP Regressor,GridSearchCV,0.8562226932693374,0.6112185004191877,19.69869809177934,-0.12186117666106155,f15a5cb452a44e508d37e64811c0b3df,experiment_linear_il_10
973.8822359613046,0.0031600030341277364,il_10,SALIVA,0.8,MLP Regressor,GridSearchCV,0.8562226932693374,0.6112185004191877,19.69869809177934,-0.12186117666106155,f15a5cb452a44e508d37e64811c0b3df,experiment_linear_il_10
1751.059545055177,0.0031414139468702363,il_10,SALIVA,0.8,MLP Regressor,GridSearchCV,0.8562226932693374,0.6112185004191877,19.69869809177934,-0.12186117666106155,f15a5cb452a44e508d37e64811c0b3df,experiment_linear_il_10
2503.166618371828,0.003102356849381062,il_10,SALIVA,0.8,MLP Regressor,GridSearchCV,0.8562226932693374,0.6112185004191877,19.69869809177934,-0.12186117666106155,f15a5cb452a44e508d37e64811c0b3df,experiment_linear_il_10
960.3828782351084,0.003085409609504405,il_10,SALIVA,0.8,MLP Regressor,GridSearchCV,0.8562226932693374,0.6112185004191877,19.69869809177934,-0.12186117666106155,f15a5cb452a44e508d37e64811c0b3df,experiment_linear_il_10
2520.522935448366,0.003059422293639016,il_10,SALIVA,0.8,MLP Regressor,GridSearchCV,0.8562226932693374,0.6112185004191877,19.69869809177934,-0.12186117666106155,f15a5cb452a44e508d37e64811c0b3df,experiment_linear_il_10
2505.095098046999,0.0030497711222531696,il_10,SALIVA,0.8,MLP Regressor,GridSearchCV,0.8562226932693374,0.6112185004191877,19.69869809177934,-0.12186117666106155,f15a5cb452a44e508d37e64811c0b3df,experiment_linear_il_10
1735.63170765381,0.0030481908665860053,il_10,SALIVA,0.8,MLP Regressor,GridSearchCV,0.8562226932693374,0.6112185004191877,19.69869809177934,-0.12186117666106155,f15a5cb452a44e508d37e64811c0b3df,experiment_linear_il_10
1733.703227978639,0.0030470286530285477,il_10,SALIVA,0.8,MLP Regressor,GridSearchCV,0.8562226932693374,0.6112185004191877,19.69869809177934,-0.12186117666106155,f15a5cb452a44e508d37e64811c0b3df,experiment_linear_il_10
2522.451415123537,0.0030254017430994913,il_10,SALIVA,0.8,MLP Regressor,GridSearchCV,0.8562226932693374,0.6112185004191877,19.69869809177934,-0.12186117666106155,f15a5cb452a44e508d37e64811c0b3df,experiment_linear_il_10
1741.417146679323,0.0030121422970135355,il_10,SALIVA,0.8,MLP Regressor,GridSearchCV,0.8562226932693374,0.6112185004191877,19.69869809177934,-0.12186117666106155,f15a5cb452a44e508d37e64811c0b3df,experiment_linear_il_10
2507.02357772217,0.0029955709762760985,il_10,SALIVA,0.8,MLP Regressor,GridSearchCV,0.8562226932693374,0.6112185004191877,19.69869809177934,-0.12186117666106155,f15a5cb452a44e508d37e64811c0b3df,experiment_linear_il_10
2510.880537072512,0.0029800273693857127,il_10,SALIVA,0.8,MLP Regressor,GridSearchCV,0.8562226932693374,0.6112185004191877,19.69869809177934,-0.12186117666106155,f15a5cb452a44e508d37e64811c0b3df,experiment_linear_il_10
1265.08266691211,0.006946079152264652,il_10,SALIVA,0.8,MLP Regressor,GridSearchCV,0.8764932695289184,0.6256139105646655,19.78430429059801,-0.17560878233220523,f15a5cb452a44e508d37e64811c0b3df,experiment_linear_il_10
1243.86939048523,0.0064206061216297485,il_10,SALIVA,0.8,MLP Regressor,GridSearchCV,0.8764932695289184,0.6256139105646655,19.78430429059801,-0.17560878233220523,f15a5cb452a44e508d37e64811c0b3df,experiment_linear_il_10
3023.856130667971,0.006168806702755393,il_10,SALIVA,0.8,MLP Regressor,GridSearchCV,0.8764932695289184,0.6256139105646655,19.78430429059801,-0.17560878233220523,f15a5cb452a44e508d37e64811c0b3df,experiment_linear_il_10
1590.995732015992,0.0059833370606442214,il_10,SALIVA,0.8,MLP Regressor,GridSearchCV,0.8764932695289184,0.6256139105646655,19.78430429059801,-0.17560878233220523,f15a5cb452a44e508d37e64811c0b3df,experiment_linear_il_10
1733.703227978639,0.005847328955591221,il_10,SALIVA,0.8,MLP Regressor,GridSearchCV,0.8764932695289184,0.6256139105646655,19.78430429059801,-0.17560878233220523,f15a5cb452a44e508d37e64811c0b3df,experiment_linear_il_10
950.7404798592538,0.0058312654680545166,il_10,SALIVA,0.8,MLP Regressor,GridSearchCV,0.8764932695289184,0.6256139105646655,19.78430429059801,-0.17560878233220523,f15a5cb452a44e508d37e64811c0b3df,experiment_linear_il_10
1259.297227886598,0.005729162520074416,il_10,SALIVA,0.8,MLP Regressor,GridSearchCV,0.8764932695289184,0.6256139105646655,19.78430429059801,-0.17560878233220523,f15a5cb452a44e508d37e64811c0b3df,experiment_linear_il_10
1197.585878281129,0.005707434318172137,il_10,SALIVA,0.8,MLP Regressor,GridSearchCV,0.8764932695289184,0.6256139105646655,19.78430429059801,-0.17560878233220523,f15a5cb452a44e508d37e64811c0b3df,experiment_linear_il_10
1735.63170765381,0.005578763209603861,il_10,SALIVA,0.8,MLP Regressor,GridSearchCV,0.8764932695289184,0.6256139105646655,19.78430429059801,-0.17560878233220523,f15a5cb452a44e508d37e64811c0b3df,experiment_linear_il_10
1241.94091081006,0.005319614580623343,il_10,SALIVA,0.8,MLP Regressor,GridSearchCV,0.8764932695289184,0.6256139105646655,19.78430429059801,-0.17560878233220523,f15a5cb452a44e508d37e64811c0b3df,experiment_linear_il_10
1058.735341668824,0.005262327425279672,il_10,SALIVA,0.8,MLP Regressor,GridSearchCV,0.8764932695289184,0.6256139105646655,19.78430429059801,-0.17560878233220523,f15a5cb452a44e508d37e64811c0b3df,experiment_linear_il_10
1253.511788861085,0.005101162139433503,il_10,SALIVA,0.8,MLP Regressor,GridSearchCV,0.8764932695289184,0.6256139105646655,19.78430429059801,-0.17560878233220523,f15a5cb452a44e508d37e64811c0b3df,experiment_linear_il_10
1047.164463617799,0.0050674520791209555,il_10,SALIVA,0.8,MLP Regressor,GridSearchCV,0.8764932695289184,0.6256139105646655,19.78430429059801,-0.17560878233220523,f15a5cb452a44e508d37e64811c0b3df,experiment_linear_il_10
1116.589731923951,0.004967459440028906,il_10,SALIVA,0.8,MLP Regressor,GridSearchCV,0.8764932695289184,0.6256139105646655,19.78430429059801,-0.17560878233220523,f15a5cb452a44e508d37e64811c0b3df,experiment_linear_il_10
998.9524717385261,0.004963871693386695,il_10,SALIVA,0.8,MLP Regressor,GridSearchCV,0.8764932695289184,0.6256139105646655,19.78430429059801,-0.17560878233220523,f15a5cb452a44e508d37e64811c0b3df,experiment_linear_il_10
1729.846268628297,0.004916884971214499,il_10,SALIVA,0.8,MLP Regressor,GridSearchCV,0.8764932695289184,0.6256139105646655,19.78430429059801,-0.17560878233220523,f15a5cb452a44e508d37e64811c0b3df,experiment_linear_il_10
1737.560187328981,0.004911872195200855,il_10,SALIVA,0.8,MLP Regressor,GridSearchCV,0.8764932695289184,0.6256139105646655,19.78430429059801,-0.17560878233220523,f15a5cb452a44e508d37e64811c0b3df,experiment_linear_il_10
1425.146479951295,0.0049009714280501705,il_10,SALIVA,0.8,MLP Regressor,GridSearchCV,0.8764932695289184,0.6256139105646655,19.78430429059801,-0.17560878233220523,f15a5cb452a44e508d37e64811c0b3df,experiment_linear_il_10
1267.011146587281,0.0046902826550252645,il_10,SALIVA,0.8,MLP Regressor,GridSearchCV,0.8764932695289184,0.6256139105646655,19.78430429059801,-0.17560878233220523,f15a5cb452a44e508d37e64811c0b3df,experiment_linear_il_10
2728.798740366823,0.004674328530108038,il_10,SALIVA,0.8,MLP Regressor,GridSearchCV,0.8764932695289184,0.6256139105646655,19.78430429059801,-0.17560878233220523,f15a5cb452a44e508d37e64811c0b3df,experiment_linear_il_10
964.23983758545,0.0038369772761495777,il_10,SALIVA,0.8,MLP Regressor,GridSearchCV,0.8562226932693463,0.6112185004191968,19.69869809177978,-0.12186117666108465,f15a5cb452a44e508d37e64811c0b3df,experiment_linear_il_10
962.3113579102792,0.0037498336543280524,il_10,SALIVA,0.8,MLP Regressor,GridSearchCV,0.8562226932693463,0.6112185004191968,19.69869809177978,-0.12186117666108465,f15a5cb452a44e508d37e64811c0b3df,experiment_linear_il_10
966.1683172606208,0.0035771054321537847,il_10,SALIVA,0.8,MLP Regressor,GridSearchCV,0.8562226932693463,0.6112185004191968,19.69869809177978,-0.12186117666108465,f15a5cb452a44e508d37e64811c0b3df,experiment_linear_il_10
968.0967969357921,0.003522834026573445,il_10,SALIVA,0.8,MLP Regressor,GridSearchCV,0.8562226932693463,0.6112185004191968,19.69869809177978,-0.12186117666108465,f15a5cb452a44e508d37e64811c0b3df,experiment_linear_il_10
970.0252766109629,0.003433736866015848,il_10,SALIVA,0.8,MLP Regressor,GridSearchCV,0.8562226932693463,0.6112185004191968,19.69869809177978,-0.12186117666108465,f15a5cb452a44e508d37e64811c0b3df,experiment_linear_il_10
1739.488667004152,0.003332022844308921,il_10,SALIVA,0.8,MLP Regressor,GridSearchCV,0.8562226932693463,0.6112185004191968,19.69869809177978,-0.12186117666108465,f15a5cb452a44e508d37e64811c0b3df,experiment_linear_il_10
971.9537562861337,0.0032277716052221427,il_10,SALIVA,0.8,MLP Regressor,GridSearchCV,0.8562226932693463,0.6112185004191968,19.69869809177978,-0.12186117666108465,f15a5cb452a44e508d37e64811c0b3df,experiment_linear_il_10
2501.238138696657,0.003195072337122547,il_10,SALIVA,0.8,MLP Regressor,GridSearchCV,0.8562226932693463,0.6112185004191968,19.69869809177978,-0.12186117666108465,f15a5cb452a44e508d37e64811c0b3df,experiment_linear_il_10
973.8822359613046,0.0031600030341270313,il_10,SALIVA,0.8,MLP Regressor,GridSearchCV,0.8562226932693463,0.6112185004191968,19.69869809177978,-0.12186117666108465,f15a5cb452a44e508d37e64811c0b3df,experiment_linear_il_10
1751.059545055177,0.0031414139468696014,il_10,SALIVA,0.8,MLP Regressor,GridSearchCV,0.8562226932693463,0.6112185004191968,19.69869809177978,-0.12186117666108465,f15a5cb452a44e508d37e64811c0b3df,experiment_linear_il_10
2503.166618371828,0.0031023568493813262,il_10,SALIVA,0.8,MLP Regressor,GridSearchCV,0.8562226932693463,0.6112185004191968,19.69869809177978,-0.12186117666108465,f15a5cb452a44e508d37e64811c0b3df,experiment_linear_il_10
960.3828782351084,0.0030854096095030955,il_10,SALIVA,0.8,MLP Regressor,GridSearchCV,0.8562226932693463,0.6112185004191968,19.69869809177978,-0.12186117666108465,f15a5cb452a44e508d37e64811c0b3df,experiment_linear_il_10
2520.522935448366,0.003059422293639269,il_10,SALIVA,0.8,MLP Regressor,GridSearchCV,0.8562226932693463,0.6112185004191968,19.69869809177978,-0.12186117666108465,f15a5cb452a44e508d37e64811c0b3df,experiment_linear_il_10
2505.095098046999,0.0030497711222534285,il_10,SALIVA,0.8,MLP Regressor,GridSearchCV,0.8562226932693463,0.6112185004191968,19.69869809177978,-0.12186117666108465,f15a5cb452a44e508d37e64811c0b3df,experiment_linear_il_10
1735.63170765381,0.003048190866585704,il_10,SALIVA,0.8,MLP Regressor,GridSearchCV,0.8562226932693463,0.6112185004191968,19.69869809177978,-0.12186117666108465,f15a5cb452a44e508d37e64811c0b3df,experiment_linear_il_10
1733.703227978639,0.003047028653028171,il_10,SALIVA,0.8,MLP Regressor,GridSearchCV,0.8562226932693463,0.6112185004191968,19.69869809177978,-0.12186117666108465,f15a5cb452a44e508d37e64811c0b3df,experiment_linear_il_10
2522.451415123537,0.003025401743099745,il_10,SALIVA,0.8,MLP Regressor,GridSearchCV,0.8562226932693463,0.6112185004191968,19.69869809177978,-0.12186117666108465,f15a5cb452a44e508d37e64811c0b3df,experiment_linear_il_10
1741.417146679323,0.0030121422970131144,il_10,SALIVA,0.8,MLP Regressor,GridSearchCV,0.8562226932693463,0.6112185004191968,19.69869809177978,-0.12186117666108465,f15a5cb452a44e508d37e64811c0b3df,experiment_linear_il_10
2507.02357772217,0.0029955709762763583,il_10,SALIVA,0.8,MLP Regressor,GridSearchCV,0.8562226932693463,0.6112185004191968,19.69869809177978,-0.12186117666108465,f15a5cb452a44e508d37e64811c0b3df,experiment_linear_il_10
2510.880537072512,0.0029800273693859846,il_10,SALIVA,0.8,MLP Regressor,GridSearchCV,0.8562226932693463,0.6112185004191968,19.69869809177978,-0.12186117666108465,f15a5cb452a44e508d37e64811c0b3df,experiment_linear_il_10
1635.350764544923,0.03719319524179456,il_10,SALIVA,0.8,MLP Regressor,GridSearchCV,0.8234314357773146,0.5347370783573191,16.932337923817418,-0.03757747831843261,f15a5cb452a44e508d37e64811c0b3df,experiment_linear_il_10
1660.421000322145,0.02895342521513342,il_10,SALIVA,0.8,MLP Regressor,GridSearchCV,0.8234314357773146,0.5347370783573191,16.932337923817418,-0.03757747831843261,f15a5cb452a44e508d37e64811c0b3df,experiment_linear_il_10
1625.708366169069,0.023786494719846906,il_10,SALIVA,0.8,MLP Regressor,GridSearchCV,0.8234314357773146,0.5347370783573191,16.932337923817418,-0.03757747831843261,f15a5cb452a44e508d37e64811c0b3df,experiment_linear_il_10
1644.993162920778,0.021406029111906394,il_10,SALIVA,0.8,MLP Regressor,GridSearchCV,0.8234314357773146,0.5347370783573191,16.932337923817418,-0.03757747831843261,f15a5cb452a44e508d37e64811c0b3df,experiment_linear_il_10
1573.639414939454,0.020289755607660578,il_10,SALIVA,0.8,MLP Regressor,GridSearchCV,0.8234314357773146,0.5347370783573191,16.932337923817418,-0.03757747831843261,f15a5cb452a44e508d37e64811c0b3df,experiment_linear_il_10
1565.925496238771,0.019488265345171837,il_10,SALIVA,0.8,MLP Regressor,GridSearchCV,0.8234314357773146,0.5347370783573191,16.932337923817418,-0.03757747831843261,f15a5cb452a44e508d37e64811c0b3df,experiment_linear_il_10
1643.064683245607,0.01797844469756975,il_10,SALIVA,0.8,MLP Regressor,GridSearchCV,0.8234314357773146,0.5347370783573191,16.932337923817418,-0.03757747831843261,f15a5cb452a44e508d37e64811c0b3df,experiment_linear_il_10
1637.279244220094,0.01657132485731649,il_10,SALIVA,0.8,MLP Regressor,GridSearchCV,0.8234314357773146,0.5347370783573191,16.932337923817418,-0.03757747831843261,f15a5cb452a44e508d37e64811c0b3df,experiment_linear_il_10
1631.493805194581,0.01633922202017111,il_10,SALIVA,0.8,MLP Regressor,GridSearchCV,0.8234314357773146,0.5347370783573191,16.932337923817418,-0.03757747831843261,f15a5cb452a44e508d37e64811c0b3df,experiment_linear_il_10
1641.136203570436,0.015320652712804273,il_10,SALIVA,0.8,MLP Regressor,GridSearchCV,0.8234314357773146,0.5347370783573191,16.932337923817418,-0.03757747831843261,f15a5cb452a44e508d37e64811c0b3df,experiment_linear_il_10
1623.779886493898,0.014889999708657332,il_10,SALIVA,0.8,MLP Regressor,GridSearchCV,0.8234314357773146,0.5347370783573191,16.932337923817418,-0.03757747831843261,f15a5cb452a44e508d37e64811c0b3df,experiment_linear_il_10
1575.567894614625,0.013723597938423262,il_10,SALIVA,0.8,MLP Regressor,GridSearchCV,0.8234314357773146,0.5347370783573191,16.932337923817418,-0.03757747831843261,f15a5cb452a44e508d37e64811c0b3df,experiment_linear_il_10
1579.424853964967,0.013360260556535074,il_10,SALIVA,0.8,MLP Regressor,GridSearchCV,0.8234314357773146,0.5347370783573191,16.932337923817418,-0.03757747831843261,f15a5cb452a44e508d37e64811c0b3df,experiment_linear_il_10
1664.277959672487,0.013319111068494318,il_10,SALIVA,0.8,MLP Regressor,GridSearchCV,0.8234314357773146,0.5347370783573191,16.932337923817418,-0.03757747831843261,f15a5cb452a44e508d37e64811c0b3df,experiment_linear_il_10
1633.422284869752,0.012636633256527996,il_10,SALIVA,0.8,MLP Regressor,GridSearchCV,0.8234314357773146,0.5347370783573191,16.932337923817418,-0.03757747831843261,f15a5cb452a44e508d37e64811c0b3df,experiment_linear_il_10
1544.712219811891,0.01215659521292506,il_10,SALIVA,0.8,MLP Regressor,GridSearchCV,0.8234314357773146,0.5347370783573191,16.932337923817418,-0.03757747831843261,f15a5cb452a44e508d37e64811c0b3df,experiment_linear_il_10
1563.9970165636,0.010416499238076233,il_10,SALIVA,0.8,MLP Regressor,GridSearchCV,0.8234314357773146,0.5347370783573191,16.932337923817418,-0.03757747831843261,f15a5cb452a44e508d37e64811c0b3df,experiment_linear_il_10
1656.564040971803,0.00930649932379014,il_10,SALIVA,0.8,MLP Regressor,GridSearchCV,0.8234314357773146,0.5347370783573191,16.932337923817418,-0.03757747831843261,f15a5cb452a44e508d37e64811c0b3df,experiment_linear_il_10
1675.848837723512,0.008758718045171357,il_10,SALIVA,0.8,MLP Regressor,GridSearchCV,0.8234314357773146,0.5347370783573191,16.932337923817418,-0.03757747831843261,f15a5cb452a44e508d37e64811c0b3df,experiment_linear_il_10
1587.138772665651,0.00875287254072316,il_10,SALIVA,0.8,MLP Regressor,GridSearchCV,0.8234314357773146,0.5347370783573191,16.932337923817418,-0.03757747831843261,f15a5cb452a44e508d37e64811c0b3df,experiment_linear_il_10
2665.158911086184,0.0033806625200729795,il_10,SERUM,0.8,MLP Regressor,GridSearchCV,0.998737701171689,0.5921935168863351,19.360997549810524,-0.029112752366681205,f15a5cb452a44e508d37e64811c0b3df,experiment_linear_il_10
2663.230431411013,0.003369511576884251,il_10,SERUM,0.8,MLP Regressor,GridSearchCV,0.998737701171689,0.5921935168863351,19.360997549810524,-0.029112752366681205,f15a5cb452a44e508d37e64811c0b3df,experiment_linear_il_10
2678.65826881238,0.0033217714264050014,il_10,SERUM,0.8,MLP Regressor,GridSearchCV,0.998737701171689,0.5921935168863351,19.360997549810524,-0.029112752366681205,f15a5cb452a44e508d37e64811c0b3df,experiment_linear_il_10
2667.087390761355,0.003289464547116317,il_10,SERUM,0.8,MLP Regressor,GridSearchCV,0.998737701171689,0.5921935168863351,19.360997549810524,-0.029112752366681205,f15a5cb452a44e508d37e64811c0b3df,experiment_linear_il_10
2661.301951735842,0.0032688066293474686,il_10,SERUM,0.8,MLP Regressor,GridSearchCV,0.998737701171689,0.5921935168863351,19.360997549810524,-0.029112752366681205,f15a5cb452a44e508d37e64811c0b3df,experiment_linear_il_10
2680.586748487551,0.0032508465228498432,il_10,SERUM,0.8,MLP Regressor,GridSearchCV,0.998737701171689,0.5921935168863351,19.360997549810524,-0.029112752366681205,f15a5cb452a44e508d37e64811c0b3df,experiment_linear_il_10
2676.729789137209,0.0032091700894722203,il_10,SERUM,0.8,MLP Regressor,GridSearchCV,0.998737701171689,0.5921935168863351,19.360997549810524,-0.029112752366681205,f15a5cb452a44e508d37e64811c0b3df,experiment_linear_il_10
2659.373472060671,0.003165788978598761,il_10,SERUM,0.8,MLP Regressor,GridSearchCV,0.998737701171689,0.5921935168863351,19.360997549810524,-0.029112752366681205,f15a5cb452a44e508d37e64811c0b3df,experiment_linear_il_10
2669.015870436525,0.0031559217992794915,il_10,SERUM,0.8,MLP Regressor,GridSearchCV,0.998737701171689,0.5921935168863351,19.360997549810524,-0.029112752366681205,f15a5cb452a44e508d37e64811c0b3df,experiment_linear_il_10
2723.013301341311,0.0030628266173618034,il_10,SERUM,0.8,MLP Regressor,GridSearchCV,0.998737701171689,0.5921935168863351,19.360997549810524,-0.029112752366681205,f15a5cb452a44e508d37e64811c0b3df,experiment_linear_il_10
2657.4449923855,0.0030565629672625575,il_10,SERUM,0.8,MLP Regressor,GridSearchCV,0.998737701171689,0.5921935168863351,19.360997549810524,-0.029112752366681205,f15a5cb452a44e508d37e64811c0b3df,experiment_linear_il_10
2674.801309462038,0.0029941733546038326,il_10,SERUM,0.8,MLP Regressor,GridSearchCV,0.998737701171689,0.5921935168863351,19.360997549810524,-0.029112752366681205,f15a5cb452a44e508d37e64811c0b3df,experiment_linear_il_10
2655.516512710329,0.002980825292621429,il_10,SERUM,0.8,MLP Regressor,GridSearchCV,0.998737701171689,0.5921935168863351,19.360997549810524,-0.029112752366681205,f15a5cb452a44e508d37e64811c0b3df,experiment_linear_il_10
2670.944350111697,0.0029619940768250345,il_10,SERUM,0.8,MLP Regressor,GridSearchCV,0.998737701171689,0.5921935168863351,19.360997549810524,-0.029112752366681205,f15a5cb452a44e508d37e64811c0b3df,experiment_linear_il_10
2645.874114334475,0.0029519391924923482,il_10,SERUM,0.8,MLP Regressor,GridSearchCV,0.998737701171689,0.5921935168863351,19.360997549810524,-0.029112752366681205,f15a5cb452a44e508d37e64811c0b3df,experiment_linear_il_10
2724.941781016481,0.0029485579194959686,il_10,SERUM,0.8,MLP Regressor,GridSearchCV,0.998737701171689,0.5921935168863351,19.360997549810524,-0.029112752366681205,f15a5cb452a44e508d37e64811c0b3df,experiment_linear_il_10
2653.588033035158,0.0029421829078599662,il_10,SERUM,0.8,MLP Regressor,GridSearchCV,0.998737701171689,0.5921935168863351,19.360997549810524,-0.029112752366681205,f15a5cb452a44e508d37e64811c0b3df,experiment_linear_il_10
2647.802594009645,0.002941246863879355,il_10,SERUM,0.8,MLP Regressor,GridSearchCV,0.998737701171689,0.5921935168863351,19.360997549810524,-0.029112752366681205,f15a5cb452a44e508d37e64811c0b3df,experiment_linear_il_10
2682.515228162722,0.0029162399296784585,il_10,SERUM,0.8,MLP Regressor,GridSearchCV,0.998737701171689,0.5921935168863351,19.360997549810524,-0.029112752366681205,f15a5cb452a44e508d37e64811c0b3df,experiment_linear_il_10
2649.731073684817,0.0029130831680928334,il_10,SERUM,0.8,MLP Regressor,GridSearchCV,0.998737701171689,0.5921935168863351,19.360997549810524,-0.029112752366681205,f15a5cb452a44e508d37e64811c0b3df,experiment_linear_il_10
935.3126424578863,0.00779159042836716,il_10,SERUM,0.8,MLP Regressor,GridSearchCV,1.0888110705977956,0.7616833410742915,26.110986106598098,-0.223108902308627,f15a5cb452a44e508d37e64811c0b3df,experiment_linear_il_10
1400.076244174074,0.006024602455480039,il_10,SERUM,0.8,MLP Regressor,GridSearchCV,1.0888110705977956,0.7616833410742915,26.110986106598098,-0.223108902308627,f15a5cb452a44e508d37e64811c0b3df,experiment_linear_il_10
1685.491236099367,0.005548221427412653,il_10,SERUM,0.8,MLP Regressor,GridSearchCV,1.0888110705977956,0.7616833410742915,26.110986106598098,-0.223108902308627,f15a5cb452a44e508d37e64811c0b3df,experiment_linear_il_10
1128.160609974977,0.005530400738393395,il_10,SERUM,0.8,MLP Regressor,GridSearchCV,1.0888110705977956,0.7616833410742915,26.110986106598098,-0.223108902308627,f15a5cb452a44e508d37e64811c0b3df,experiment_linear_il_10
1388.505366123048,0.005482452824138745,il_10,SERUM,0.8,MLP Regressor,GridSearchCV,1.0888110705977956,0.7616833410742915,26.110986106598098,-0.223108902308627,f15a5cb452a44e508d37e64811c0b3df,experiment_linear_il_10
1604.495089742189,0.005322524078393027,il_10,SERUM,0.8,MLP Regressor,GridSearchCV,1.0888110705977956,0.7616833410742915,26.110986106598098,-0.223108902308627,f15a5cb452a44e508d37e64811c0b3df,experiment_linear_il_10
1012.451829464723,0.0052001131949577775,il_10,SERUM,0.8,MLP Regressor,GridSearchCV,1.0888110705977956,0.7616833410742915,26.110986106598098,-0.223108902308627,f15a5cb452a44e508d37e64811c0b3df,experiment_linear_il_10
1689.348195449708,0.0051291047858634305,il_10,SERUM,0.8,MLP Regressor,GridSearchCV,1.0888110705977956,0.7616833410742915,26.110986106598098,-0.223108902308627,f15a5cb452a44e508d37e64811c0b3df,experiment_linear_il_10
2952.502382686648,0.005032773672404309,il_10,SERUM,0.8,MLP Regressor,GridSearchCV,1.0888110705977956,0.7616833410742915,26.110986106598098,-0.223108902308627,f15a5cb452a44e508d37e64811c0b3df,experiment_linear_il_10
3043.14092741968,0.005012968088530361,il_10,SERUM,0.8,MLP Regressor,GridSearchCV,1.0888110705977956,0.7616833410742915,26.110986106598098,-0.223108902308627,f15a5cb452a44e508d37e64811c0b3df,experiment_linear_il_10
2888.862553406008,0.004993509684113602,il_10,SERUM,0.8,MLP Regressor,GridSearchCV,1.0888110705977956,0.7616833410742915,26.110986106598098,-0.223108902308627,f15a5cb452a44e508d37e64811c0b3df,experiment_linear_il_10
1110.804292898438,0.004928830928696749,il_10,SERUM,0.8,MLP Regressor,GridSearchCV,1.0888110705977956,0.7616833410742915,26.110986106598098,-0.223108902308627,f15a5cb452a44e508d37e64811c0b3df,experiment_linear_il_10
1411.647122225099,0.0048837151994623055,il_10,SERUM,0.8,MLP Regressor,GridSearchCV,1.0888110705977956,0.7616833410742915,26.110986106598098,-0.223108902308627,f15a5cb452a44e508d37e64811c0b3df,experiment_linear_il_10
933.3841627827155,0.004746092752361048,il_10,SERUM,0.8,MLP Regressor,GridSearchCV,1.0888110705977956,0.7616833410742915,26.110986106598098,-0.223108902308627,f15a5cb452a44e508d37e64811c0b3df,experiment_linear_il_10
1641.136203570436,0.004587215489002539,il_10,SERUM,0.8,MLP Regressor,GridSearchCV,1.0888110705977956,0.7616833410742915,26.110986106598098,-0.223108902308627,f15a5cb452a44e508d37e64811c0b3df,experiment_linear_il_10
1533.141341760865,0.004471028004768077,il_10,SERUM,0.8,MLP Regressor,GridSearchCV,1.0888110705977956,0.7616833410742915,26.110986106598098,-0.223108902308627,f15a5cb452a44e508d37e64811c0b3df,experiment_linear_il_10
993.1670327130137,0.004425255943919678,il_10,SERUM,0.8,MLP Regressor,GridSearchCV,1.0888110705977956,0.7616833410742915,26.110986106598098,-0.223108902308627,f15a5cb452a44e508d37e64811c0b3df,experiment_linear_il_10
1590.995732015992,0.0043627898731464915,il_10,SERUM,0.8,MLP Regressor,GridSearchCV,1.0888110705977956,0.7616833410742915,26.110986106598098,-0.223108902308627,f15a5cb452a44e508d37e64811c0b3df,experiment_linear_il_10
1054.878382318482,0.0043626501508492455,il_10,SERUM,0.8,MLP Regressor,GridSearchCV,1.0888110705977956,0.7616833410742915,26.110986106598098,-0.223108902308627,f15a5cb452a44e508d37e64811c0b3df,experiment_linear_il_10
1660.421000322145,0.004287348768741816,il_10,SERUM,0.8,MLP Regressor,GridSearchCV,1.0888110705977956,0.7616833410742915,26.110986106598098,-0.223108902308627,f15a5cb452a44e508d37e64811c0b3df,experiment_linear_il_10
2665.158911086184,0.003380662520072959,il_10,SERUM,0.8,MLP Regressor,GridSearchCV,0.9987377011716891,0.5921935168863344,19.360997549810453,-0.029112752366681427,f15a5cb452a44e508d37e64811c0b3df,experiment_linear_il_10
2663.230431411013,0.003369511576884233,il_10,SERUM,0.8,MLP Regressor,GridSearchCV,0.9987377011716891,0.5921935168863344,19.360997549810453,-0.029112752366681427,f15a5cb452a44e508d37e64811c0b3df,experiment_linear_il_10
2678.65826881238,0.003321771426404966,il_10,SERUM,0.8,MLP Regressor,GridSearchCV,0.9987377011716891,0.5921935168863344,19.360997549810453,-0.029112752366681427,f15a5cb452a44e508d37e64811c0b3df,experiment_linear_il_10
2667.087390761355,0.003289464547116295,il_10,SERUM,0.8,MLP Regressor,GridSearchCV,0.9987377011716891,0.5921935168863344,19.360997549810453,-0.029112752366681427,f15a5cb452a44e508d37e64811c0b3df,experiment_linear_il_10
2661.301951735842,0.0032688066293474526,il_10,SERUM,0.8,MLP Regressor,GridSearchCV,0.9987377011716891,0.5921935168863344,19.360997549810453,-0.029112752366681427,f15a5cb452a44e508d37e64811c0b3df,experiment_linear_il_10
2680.586748487551,0.003250846522849807,il_10,SERUM,0.8,MLP Regressor,GridSearchCV,0.9987377011716891,0.5921935168863344,19.360997549810453,-0.029112752366681427,f15a5cb452a44e508d37e64811c0b3df,experiment_linear_il_10
2676.729789137209,0.0032091700894722013,il_10,SERUM,0.8,MLP Regressor,GridSearchCV,0.9987377011716891,0.5921935168863344,19.360997549810453,-0.029112752366681427,f15a5cb452a44e508d37e64811c0b3df,experiment_linear_il_10
2659.373472060671,0.0031657889785987495,il_10,SERUM,0.8,MLP Regressor,GridSearchCV,0.9987377011716891,0.5921935168863344,19.360997549810453,-0.029112752366681427,f15a5cb452a44e508d37e64811c0b3df,experiment_linear_il_10
2669.015870436525,0.0031559217992794767,il_10,SERUM,0.8,MLP Regressor,GridSearchCV,0.9987377011716891,0.5921935168863344,19.360997549810453,-0.029112752366681427,f15a5cb452a44e508d37e64811c0b3df,experiment_linear_il_10
2723.013301341311,0.003062826617361764,il_10,SERUM,0.8,MLP Regressor,GridSearchCV,0.9987377011716891,0.5921935168863344,19.360997549810453,-0.029112752366681427,f15a5cb452a44e508d37e64811c0b3df,experiment_linear_il_10
2657.4449923855,0.0030565629672625475,il_10,SERUM,0.8,MLP Regressor,GridSearchCV,0.9987377011716891,0.5921935168863344,19.360997549810453,-0.029112752366681427,f15a5cb452a44e508d37e64811c0b3df,experiment_linear_il_10
2674.801309462038,0.0029941733546038265,il_10,SERUM,0.8,MLP Regressor,GridSearchCV,0.9987377011716891,0.5921935168863344,19.360997549810453,-0.029112752366681427,f15a5cb452a44e508d37e64811c0b3df,experiment_linear_il_10
2655.516512710329,0.0029808252926214187,il_10,SERUM,0.8,MLP Regressor,GridSearchCV,0.9987377011716891,0.5921935168863344,19.360997549810453,-0.029112752366681427,f15a5cb452a44e508d37e64811c0b3df,experiment_linear_il_10
2670.944350111697,0.0029619940768250285,il_10,SERUM,0.8,MLP Regressor,GridSearchCV,0.9987377011716891,0.5921935168863344,19.360997549810453,-0.029112752366681427,f15a5cb452a44e508d37e64811c0b3df,experiment_linear_il_10
2645.874114334475,0.0029519391924923296,il_10,SERUM,0.8,MLP Regressor,GridSearchCV,0.9987377011716891,0.5921935168863344,19.360997549810453,-0.029112752366681427,f15a5cb452a44e508d37e64811c0b3df,experiment_linear_il_10
2724.941781016481,0.002948557919495902,il_10,SERUM,0.8,MLP Regressor,GridSearchCV,0.9987377011716891,0.5921935168863344,19.360997549810453,-0.029112752366681427,f15a5cb452a44e508d37e64811c0b3df,experiment_linear_il_10
2653.588033035158,0.0029421829078599563,il_10,SERUM,0.8,MLP Regressor,GridSearchCV,0.9987377011716891,0.5921935168863344,19.360997549810453,-0.029112752366681427,f15a5cb452a44e508d37e64811c0b3df,experiment_linear_il_10
2647.802594009645,0.002941246863879342,il_10,SERUM,0.8,MLP Regressor,GridSearchCV,0.9987377011716891,0.5921935168863344,19.360997549810453,-0.029112752366681427,f15a5cb452a44e508d37e64811c0b3df,experiment_linear_il_10
2682.515228162722,0.0029162399296784438,il_10,SERUM,0.8,MLP Regressor,GridSearchCV,0.9987377011716891,0.5921935168863344,19.360997549810453,-0.029112752366681427,f15a5cb452a44e508d37e64811c0b3df,experiment_linear_il_10
2649.731073684817,0.002913083168092825,il_10,SERUM,0.8,MLP Regressor,GridSearchCV,0.9987377011716891,0.5921935168863344,19.360997549810453,-0.029112752366681427,f15a5cb452a44e508d37e64811c0b3df,experiment_linear_il_10
1641.136203570436,0.00784925943022176,il_10,SERUM,0.8,MLP Regressor,GridSearchCV,0.9850923883336996,0.6102296347913914,20.514898741666148,-0.0011842246956914604,f15a5cb452a44e508d37e64811c0b3df,experiment_linear_il_10
1683.562756424196,0.0067832888733340155,il_10,SERUM,0.8,MLP Regressor,GridSearchCV,0.9850923883336996,0.6102296347913914,20.514898741666148,-0.0011842246956914604,f15a5cb452a44e508d37e64811c0b3df,experiment_linear_il_10
1643.064683245607,0.006767696155035935,il_10,SERUM,0.8,MLP Regressor,GridSearchCV,0.9850923883336996,0.6102296347913914,20.514898741666148,-0.0011842246956914604,f15a5cb452a44e508d37e64811c0b3df,experiment_linear_il_10
1687.419715774538,0.0066301470838025876,il_10,SERUM,0.8,MLP Regressor,GridSearchCV,0.9850923883336996,0.6102296347913914,20.514898741666148,-0.0011842246956914604,f15a5cb452a44e508d37e64811c0b3df,experiment_linear_il_10
1681.634276749025,0.006397070177154564,il_10,SERUM,0.8,MLP Regressor,GridSearchCV,0.9850923883336996,0.6102296347913914,20.514898741666148,-0.0011842246956914604,f15a5cb452a44e508d37e64811c0b3df,experiment_linear_il_10
1648.85012227112,0.006369809411616773,il_10,SERUM,0.8,MLP Regressor,GridSearchCV,0.9850923883336996,0.6102296347913914,20.514898741666148,-0.0011842246956914604,f15a5cb452a44e508d37e64811c0b3df,experiment_linear_il_10
1425.146479951295,0.005871386231661986,il_10,SERUM,0.8,MLP Regressor,GridSearchCV,0.9850923883336996,0.6102296347913914,20.514898741666148,-0.0011842246956914604,f15a5cb452a44e508d37e64811c0b3df,experiment_linear_il_10
1421.289520600953,0.0056192834108713926,il_10,SERUM,0.8,MLP Regressor,GridSearchCV,0.9850923883336996,0.6102296347913914,20.514898741666148,-0.0011842246956914604,f15a5cb452a44e508d37e64811c0b3df,experiment_linear_il_10
1575.567894614625,0.005522875462115435,il_10,SERUM,0.8,MLP Regressor,GridSearchCV,0.9850923883336996,0.6102296347913914,20.514898741666148,-0.0011842246956914604,f15a5cb452a44e508d37e64811c0b3df,experiment_linear_il_10
1646.921642595948,0.005510273915494644,il_10,SERUM,0.8,MLP Regressor,GridSearchCV,0.9850923883336996,0.6102296347913914,20.514898741666148,-0.0011842246956914604,f15a5cb452a44e508d37e64811c0b3df,experiment_linear_il_10
929.5272034323739,0.005484556356828154,il_10,SERUM,0.8,MLP Regressor,GridSearchCV,0.9850923883336996,0.6102296347913914,20.514898741666148,-0.0011842246956914604,f15a5cb452a44e508d37e64811c0b3df,experiment_linear_il_10
935.3126424578863,0.005416876972372256,il_10,SERUM,0.8,MLP Regressor,GridSearchCV,0.9850923883336996,0.6102296347913914,20.514898741666148,-0.0011842246956914604,f15a5cb452a44e508d37e64811c0b3df,experiment_linear_il_10
1637.279244220094,0.0053542756398657,il_10,SERUM,0.8,MLP Regressor,GridSearchCV,0.9850923883336996,0.6102296347913914,20.514898741666148,-0.0011842246956914604,f15a5cb452a44e508d37e64811c0b3df,experiment_linear_il_10
1583.281813315309,0.0053072570255675005,il_10,SERUM,0.8,MLP Regressor,GridSearchCV,0.9850923883336996,0.6102296347913914,20.514898741666148,-0.0011842246956914604,f15a5cb452a44e508d37e64811c0b3df,experiment_linear_il_10
956.5259188847667,0.0051391571079587705,il_10,SERUM,0.8,MLP Regressor,GridSearchCV,0.9850923883336996,0.6102296347913914,20.514898741666148,-0.0011842246956914604,f15a5cb452a44e508d37e64811c0b3df,experiment_linear_il_10
939.1696018082284,0.005079094255653913,il_10,SERUM,0.8,MLP Regressor,GridSearchCV,0.9850923883336996,0.6102296347913914,20.514898741666148,-0.0011842246956914604,f15a5cb452a44e508d37e64811c0b3df,experiment_linear_il_10
941.0980814833993,0.005078125989652851,il_10,SERUM,0.8,MLP Regressor,GridSearchCV,0.9850923883336996,0.6102296347913914,20.514898741666148,-0.0011842246956914604,f15a5cb452a44e508d37e64811c0b3df,experiment_linear_il_10
1671.99187837317,0.004933236205016099,il_10,SERUM,0.8,MLP Regressor,GridSearchCV,0.9850923883336996,0.6102296347913914,20.514898741666148,-0.0011842246956914604,f15a5cb452a44e508d37e64811c0b3df,experiment_linear_il_10
954.5974392095954,0.004840981426182531,il_10,SERUM,0.8,MLP Regressor,GridSearchCV,0.9850923883336996,0.6102296347913914,20.514898741666148,-0.0011842246956914604,f15a5cb452a44e508d37e64811c0b3df,experiment_linear_il_10
1400.076244174074,0.004839284172537549,il_10,SERUM,0.8,MLP Regressor,GridSearchCV,0.9850923883336996,0.6102296347913914,20.514898741666148,-0.0011842246956914604,f15a5cb452a44e508d37e64811c0b3df,experiment_linear_il_10
1436.71735800232,0.003952824216996195,il_10,URINE,0.8,MLP Regressor,GridSearchCV,0.8947054887034421,0.5893461254567803,19.098854902581945,-0.23233961098833622,f15a5cb452a44e508d37e64811c0b3df,experiment_linear_il_10
1438.645837677491,0.003951703019470051,il_10,URINE,0.8,MLP Regressor,GridSearchCV,0.8947054887034421,0.5893461254567803,19.098854902581945,-0.23233961098833622,f15a5cb452a44e508d37e64811c0b3df,experiment_linear_il_10
1440.574317352662,0.003942943461337533,il_10,URINE,0.8,MLP Regressor,GridSearchCV,0.8947054887034421,0.5893461254567803,19.098854902581945,-0.23233961098833622,f15a5cb452a44e508d37e64811c0b3df,experiment_linear_il_10
1442.502797027833,0.003932502502702045,il_10,URINE,0.8,MLP Regressor,GridSearchCV,0.8947054887034421,0.5893461254567803,19.098854902581945,-0.23233961098833622,f15a5cb452a44e508d37e64811c0b3df,experiment_linear_il_10
1434.78887832715,0.003927522275648906,il_10,URINE,0.8,MLP Regressor,GridSearchCV,0.8947054887034421,0.5893461254567803,19.098854902581945,-0.23233961098833622,f15a5cb452a44e508d37e64811c0b3df,experiment_linear_il_10
1444.431276703004,0.0039270288830217746,il_10,URINE,0.8,MLP Regressor,GridSearchCV,0.8947054887034421,0.5893461254567803,19.098854902581945,-0.23233961098833622,f15a5cb452a44e508d37e64811c0b3df,experiment_linear_il_10
1446.359756378175,0.003925220783049343,il_10,URINE,0.8,MLP Regressor,GridSearchCV,0.8947054887034421,0.5893461254567803,19.098854902581945,-0.23233961098833622,f15a5cb452a44e508d37e64811c0b3df,experiment_linear_il_10
1448.288236053346,0.003921164406355882,il_10,URINE,0.8,MLP Regressor,GridSearchCV,0.8947054887034421,0.5893461254567803,19.098854902581945,-0.23233961098833622,f15a5cb452a44e508d37e64811c0b3df,experiment_linear_il_10
1450.216715728517,0.003912327776330056,il_10,URINE,0.8,MLP Regressor,GridSearchCV,0.8947054887034421,0.5893461254567803,19.098854902581945,-0.23233961098833622,f15a5cb452a44e508d37e64811c0b3df,experiment_linear_il_10
1452.145195403688,0.003895510303895805,il_10,URINE,0.8,MLP Regressor,GridSearchCV,0.8947054887034421,0.5893461254567803,19.098854902581945,-0.23233961098833622,f15a5cb452a44e508d37e64811c0b3df,experiment_linear_il_10
1454.073675078859,0.003876824696293483,il_10,URINE,0.8,MLP Regressor,GridSearchCV,0.8947054887034421,0.5893461254567803,19.098854902581945,-0.23233961098833622,f15a5cb452a44e508d37e64811c0b3df,experiment_linear_il_10
1456.00215475403,0.0038612176559385853,il_10,URINE,0.8,MLP Regressor,GridSearchCV,0.8947054887034421,0.5893461254567803,19.098854902581945,-0.23233961098833622,f15a5cb452a44e508d37e64811c0b3df,experiment_linear_il_10
1457.930634429201,0.0038457420057620875,il_10,URINE,0.8,MLP Regressor,GridSearchCV,0.8947054887034421,0.5893461254567803,19.098854902581945,-0.23233961098833622,f15a5cb452a44e508d37e64811c0b3df,experiment_linear_il_10
1432.860398651979,0.0038398532096939383,il_10,URINE,0.8,MLP Regressor,GridSearchCV,0.8947054887034421,0.5893461254567803,19.098854902581945,-0.23233961098833622,f15a5cb452a44e508d37e64811c0b3df,experiment_linear_il_10
1459.859114104371,0.003831487346813828,il_10,URINE,0.8,MLP Regressor,GridSearchCV,0.8947054887034421,0.5893461254567803,19.098854902581945,-0.23233961098833622,f15a5cb452a44e508d37e64811c0b3df,experiment_linear_il_10
1509.999585658815,0.003829935150966195,il_10,URINE,0.8,MLP Regressor,GridSearchCV,0.8947054887034421,0.5893461254567803,19.098854902581945,-0.23233961098833622,f15a5cb452a44e508d37e64811c0b3df,experiment_linear_il_10
1461.787593779542,0.003818127550887838,il_10,URINE,0.8,MLP Regressor,GridSearchCV,0.8947054887034421,0.5893461254567803,19.098854902581945,-0.23233961098833622,f15a5cb452a44e508d37e64811c0b3df,experiment_linear_il_10
1473.358471830568,0.003810021483509022,il_10,URINE,0.8,MLP Regressor,GridSearchCV,0.8947054887034421,0.5893461254567803,19.098854902581945,-0.23233961098833622,f15a5cb452a44e508d37e64811c0b3df,experiment_linear_il_10
1471.429992155397,0.0038088311154701664,il_10,URINE,0.8,MLP Regressor,GridSearchCV,0.8947054887034421,0.5893461254567803,19.098854902581945,-0.23233961098833622,f15a5cb452a44e508d37e64811c0b3df,experiment_linear_il_10
1463.716073454713,0.003803446498835785,il_10,URINE,0.8,MLP Regressor,GridSearchCV,0.8947054887034421,0.5893461254567803,19.098854902581945,-0.23233961098833622,f15a5cb452a44e508d37e64811c0b3df,experiment_linear_il_10
2653.588033035158,0.009721601466712203,il_10,URINE,0.8,MLP Regressor,GridSearchCV,0.9518319604357606,0.6274269369290272,22.203417836213543,-0.39473202086440473,f15a5cb452a44e508d37e64811c0b3df,experiment_linear_il_10
1033.665105891602,0.00807196736879612,il_10,URINE,0.8,MLP Regressor,GridSearchCV,0.9518319604357606,0.6274269369290272,22.203417836213543,-0.39473202086440473,f15a5cb452a44e508d37e64811c0b3df,experiment_linear_il_10
1590.995732015992,0.007136784769051173,il_10,URINE,0.8,MLP Regressor,GridSearchCV,0.9518319604357606,0.6274269369290272,22.203417836213543,-0.39473202086440473,f15a5cb452a44e508d37e64811c0b3df,experiment_linear_il_10
2811.723366399172,0.00555021228178295,il_10,URINE,0.8,MLP Regressor,GridSearchCV,0.9518319604357606,0.6274269369290272,22.203417836213543,-0.39473202086440473,f15a5cb452a44e508d37e64811c0b3df,experiment_linear_il_10
2805.937927373659,0.005406754369771455,il_10,URINE,0.8,MLP Regressor,GridSearchCV,0.9518319604357606,0.6274269369290272,22.203417836213543,-0.39473202086440473,f15a5cb452a44e508d37e64811c0b3df,experiment_linear_il_10
1022.094227840577,0.005334860977515036,il_10,URINE,0.8,MLP Regressor,GridSearchCV,0.9518319604357606,0.6274269369290272,22.203417836213543,-0.39473202086440473,f15a5cb452a44e508d37e64811c0b3df,experiment_linear_il_10
2777.010732246096,0.005302953381816509,il_10,URINE,0.8,MLP Regressor,GridSearchCV,0.9518319604357606,0.6274269369290272,22.203417836213543,-0.39473202086440473,f15a5cb452a44e508d37e64811c0b3df,experiment_linear_il_10
2744.226577768191,0.004932254774264399,il_10,URINE,0.8,MLP Regressor,GridSearchCV,0.9518319604357606,0.6274269369290272,22.203417836213543,-0.39473202086440473,f15a5cb452a44e508d37e64811c0b3df,experiment_linear_il_10
2647.802594009645,0.0049082057611028965,il_10,URINE,0.8,MLP Regressor,GridSearchCV,0.9518319604357606,0.6274269369290272,22.203417836213543,-0.39473202086440473,f15a5cb452a44e508d37e64811c0b3df,experiment_linear_il_10
1394.290805148561,0.004695460245230163,il_10,URINE,0.8,MLP Regressor,GridSearchCV,0.9518319604357606,0.6274269369290272,22.203417836213543,-0.39473202086440473,f15a5cb452a44e508d37e64811c0b3df,experiment_linear_il_10
2711.442423290285,0.004563393995733153,il_10,URINE,0.8,MLP Regressor,GridSearchCV,0.9518319604357606,0.6274269369290272,22.203417836213543,-0.39473202086440473,f15a5cb452a44e508d37e64811c0b3df,experiment_linear_il_10
1357.649691320314,0.004529896740429059,il_10,URINE,0.8,MLP Regressor,GridSearchCV,0.9518319604357606,0.6274269369290272,22.203417836213543,-0.39473202086440473,f15a5cb452a44e508d37e64811c0b3df,experiment_linear_il_10
2703.728504589601,0.004454996097228721,il_10,URINE,0.8,MLP Regressor,GridSearchCV,0.9518319604357606,0.6274269369290272,22.203417836213543,-0.39473202086440473,f15a5cb452a44e508d37e64811c0b3df,experiment_linear_il_10
2751.940496468874,0.004447831044354809,il_10,URINE,0.8,MLP Regressor,GridSearchCV,0.9518319604357606,0.6274269369290272,22.203417836213543,-0.39473202086440473,f15a5cb452a44e508d37e64811c0b3df,experiment_linear_il_10
2636.23171595862,0.004424668160232888,il_10,URINE,0.8,MLP Regressor,GridSearchCV,0.9518319604357606,0.6274269369290272,22.203417836213543,-0.39473202086440473,f15a5cb452a44e508d37e64811c0b3df,experiment_linear_il_10
1024.022707515748,0.004412376843091103,il_10,URINE,0.8,MLP Regressor,GridSearchCV,0.9518319604357606,0.6274269369290272,22.203417836213543,-0.39473202086440473,f15a5cb452a44e508d37e64811c0b3df,experiment_linear_il_10
1284.367463663819,0.004398685587418036,il_10,URINE,0.8,MLP Regressor,GridSearchCV,0.9518319604357606,0.6274269369290272,22.203417836213543,-0.39473202086440473,f15a5cb452a44e508d37e64811c0b3df,experiment_linear_il_10
1037.522065241944,0.0043301602606488614,il_10,URINE,0.8,MLP Regressor,GridSearchCV,0.9518319604357606,0.6274269369290272,22.203417836213543,-0.39473202086440473,f15a5cb452a44e508d37e64811c0b3df,experiment_linear_il_10
2624.660837907595,0.0043258624614512945,il_10,URINE,0.8,MLP Regressor,GridSearchCV,0.9518319604357606,0.6274269369290272,22.203417836213543,-0.39473202086440473,f15a5cb452a44e508d37e64811c0b3df,experiment_linear_il_10
2692.157626538576,0.00420150711882489,il_10,URINE,0.8,MLP Regressor,GridSearchCV,0.9518319604357606,0.6274269369290272,22.203417836213543,-0.39473202086440473,f15a5cb452a44e508d37e64811c0b3df,experiment_linear_il_10
1436.71735800232,0.003952824216996179,il_10,URINE,0.8,MLP Regressor,GridSearchCV,0.894705488703445,0.5893461254567826,19.098854902582023,-0.232339610988344,f15a5cb452a44e508d37e64811c0b3df,experiment_linear_il_10
1438.645837677491,0.003951703019470037,il_10,URINE,0.8,MLP Regressor,GridSearchCV,0.894705488703445,0.5893461254567826,19.098854902582023,-0.232339610988344,f15a5cb452a44e508d37e64811c0b3df,experiment_linear_il_10
1440.574317352662,0.0039429434613375185,il_10,URINE,0.8,MLP Regressor,GridSearchCV,0.894705488703445,0.5893461254567826,19.098854902582023,-0.232339610988344,f15a5cb452a44e508d37e64811c0b3df,experiment_linear_il_10
1442.502797027833,0.003932502502702032,il_10,URINE,0.8,MLP Regressor,GridSearchCV,0.894705488703445,0.5893461254567826,19.098854902582023,-0.232339610988344,f15a5cb452a44e508d37e64811c0b3df,experiment_linear_il_10
1434.78887832715,0.003927522275648888,il_10,URINE,0.8,MLP Regressor,GridSearchCV,0.894705488703445,0.5893461254567826,19.098854902582023,-0.232339610988344,f15a5cb452a44e508d37e64811c0b3df,experiment_linear_il_10
1444.431276703004,0.003927028883021762,il_10,URINE,0.8,MLP Regressor,GridSearchCV,0.894705488703445,0.5893461254567826,19.098854902582023,-0.232339610988344,f15a5cb452a44e508d37e64811c0b3df,experiment_linear_il_10
1446.359756378175,0.003925220783049332,il_10,URINE,0.8,MLP Regressor,GridSearchCV,0.894705488703445,0.5893461254567826,19.098854902582023,-0.232339610988344,f15a5cb452a44e508d37e64811c0b3df,experiment_linear_il_10
1448.288236053346,0.003921164406355871,il_10,URINE,0.8,MLP Regressor,GridSearchCV,0.894705488703445,0.5893461254567826,19.098854902582023,-0.232339610988344,f15a5cb452a44e508d37e64811c0b3df,experiment_linear_il_10
1450.216715728517,0.003912327776330046,il_10,URINE,0.8,MLP Regressor,GridSearchCV,0.894705488703445,0.5893461254567826,19.098854902582023,-0.232339610988344,f15a5cb452a44e508d37e64811c0b3df,experiment_linear_il_10
1452.145195403688,0.0038955103038957957,il_10,URINE,0.8,MLP Regressor,GridSearchCV,0.894705488703445,0.5893461254567826,19.098854902582023,-0.232339610988344,f15a5cb452a44e508d37e64811c0b3df,experiment_linear_il_10
1454.073675078859,0.003876824696293474,il_10,URINE,0.8,MLP Regressor,GridSearchCV,0.894705488703445,0.5893461254567826,19.098854902582023,-0.232339610988344,f15a5cb452a44e508d37e64811c0b3df,experiment_linear_il_10
1456.00215475403,0.0038612176559385766,il_10,URINE,0.8,MLP Regressor,GridSearchCV,0.894705488703445,0.5893461254567826,19.098854902582023,-0.232339610988344,f15a5cb452a44e508d37e64811c0b3df,experiment_linear_il_10
1457.930634429201,0.0038457420057620797,il_10,URINE,0.8,MLP Regressor,GridSearchCV,0.894705488703445,0.5893461254567826,19.098854902582023,-0.232339610988344,f15a5cb452a44e508d37e64811c0b3df,experiment_linear_il_10
1432.860398651979,0.003839853209693916,il_10,URINE,0.8,MLP Regressor,GridSearchCV,0.894705488703445,0.5893461254567826,19.098854902582023,-0.232339610988344,f15a5cb452a44e508d37e64811c0b3df,experiment_linear_il_10
1459.859114104371,0.0038314873468138218,il_10,URINE,0.8,MLP Regressor,GridSearchCV,0.894705488703445,0.5893461254567826,19.098854902582023,-0.232339610988344,f15a5cb452a44e508d37e64811c0b3df,experiment_linear_il_10
1509.999585658815,0.003829935150966192,il_10,URINE,0.8,MLP Regressor,GridSearchCV,0.894705488703445,0.5893461254567826,19.098854902582023,-0.232339610988344,f15a5cb452a44e508d37e64811c0b3df,experiment_linear_il_10
1461.787593779542,0.003818127550887832,il_10,URINE,0.8,MLP Regressor,GridSearchCV,0.894705488703445,0.5893461254567826,19.098854902582023,-0.232339610988344,f15a5cb452a44e508d37e64811c0b3df,experiment_linear_il_10
1473.358471830568,0.0038100214835090213,il_10,URINE,0.8,MLP Regressor,GridSearchCV,0.894705488703445,0.5893461254567826,19.098854902582023,-0.232339610988344,f15a5cb452a44e508d37e64811c0b3df,experiment_linear_il_10
1471.429992155397,0.0038088311154701672,il_10,URINE,0.8,MLP Regressor,GridSearchCV,0.894705488703445,0.5893461254567826,19.098854902582023,-0.232339610988344,f15a5cb452a44e508d37e64811c0b3df,experiment_linear_il_10
1463.716073454713,0.0038034464988357815,il_10,URINE,0.8,MLP Regressor,GridSearchCV,0.894705488703445,0.5893461254567826,19.098854902582023,-0.232339610988344,f15a5cb452a44e508d37e64811c0b3df,experiment_linear_il_10
1079.948618095704,0.016058202519759524,il_10,URINE,0.8,MLP Regressor,GridSearchCV,0.8123099202854528,0.5341307615846407,18.402342668228723,-0.015812889272714514,f15a5cb452a44e508d37e64811c0b3df,experiment_linear_il_10
1072.23469939502,0.015921591887756856,il_10,URINE,0.8,MLP Regressor,GridSearchCV,0.8123099202854528,0.5341307615846407,18.402342668228723,-0.015812889272714514,f15a5cb452a44e508d37e64811c0b3df,experiment_linear_il_10
1076.091658745362,0.014101290478037782,il_10,URINE,0.8,MLP Regressor,GridSearchCV,0.8123099202854528,0.5341307615846407,18.402342668228723,-0.015812889272714514,f15a5cb452a44e508d37e64811c0b3df,experiment_linear_il_10
1083.805577446046,0.010027375042610026,il_10,URINE,0.8,MLP Regressor,GridSearchCV,0.8123099202854528,0.5341307615846407,18.402342668228723,-0.015812889272714514,f15a5cb452a44e508d37e64811c0b3df,experiment_linear_il_10
1078.020138420533,0.009694962145056519,il_10,URINE,0.8,MLP Regressor,GridSearchCV,0.8123099202854528,0.5341307615846407,18.402342668228723,-0.015812889272714514,f15a5cb452a44e508d37e64811c0b3df,experiment_linear_il_10
1022.094227840577,0.008801775563647099,il_10,URINE,0.8,MLP Regressor,GridSearchCV,0.8123099202854528,0.5341307615846407,18.402342668228723,-0.015812889272714514,f15a5cb452a44e508d37e64811c0b3df,experiment_linear_il_10
1151.302366077027,0.008420243299171078,il_10,URINE,0.8,MLP Regressor,GridSearchCV,0.8123099202854528,0.5341307615846407,18.402342668228723,-0.015812889272714514,f15a5cb452a44e508d37e64811c0b3df,experiment_linear_il_10
1070.306219719849,0.008404370344222721,il_10,URINE,0.8,MLP Regressor,GridSearchCV,0.8123099202854528,0.5341307615846407,18.402342668228723,-0.015812889272714514,f15a5cb452a44e508d37e64811c0b3df,experiment_linear_il_10
1162.873244128053,0.008332581656746753,il_10,URINE,0.8,MLP Regressor,GridSearchCV,0.8123099202854528,0.5341307615846407,18.402342668228723,-0.015812889272714514,f15a5cb452a44e508d37e64811c0b3df,experiment_linear_il_10
1153.230845752198,0.00823816570079512,il_10,URINE,0.8,MLP Regressor,GridSearchCV,0.8123099202854528,0.5341307615846407,18.402342668228723,-0.015812889272714514,f15a5cb452a44e508d37e64811c0b3df,experiment_linear_il_10
997.0239920633553,0.00793532652512211,il_10,URINE,0.8,MLP Regressor,GridSearchCV,0.8123099202854528,0.5341307615846407,18.402342668228723,-0.015812889272714514,f15a5cb452a44e508d37e64811c0b3df,experiment_linear_il_10
1172.515642503907,0.007884263869030288,il_10,URINE,0.8,MLP Regressor,GridSearchCV,0.8123099202854528,0.5341307615846407,18.402342668228723,-0.015812889272714514,f15a5cb452a44e508d37e64811c0b3df,experiment_linear_il_10
1089.591016471559,0.007495223824827344,il_10,URINE,0.8,MLP Regressor,GridSearchCV,0.8123099202854528,0.5341307615846407,18.402342668228723,-0.015812889272714514,f15a5cb452a44e508d37e64811c0b3df,experiment_linear_il_10
1147.445406726686,0.007478890019846488,il_10,URINE,0.8,MLP Regressor,GridSearchCV,0.8123099202854528,0.5341307615846407,18.402342668228723,-0.015812889272714514,f15a5cb452a44e508d37e64811c0b3df,experiment_linear_il_10
995.0955123881845,0.006985645694745887,il_10,URINE,0.8,MLP Regressor,GridSearchCV,0.8123099202854528,0.5341307615846407,18.402342668228723,-0.015812889272714514,f15a5cb452a44e508d37e64811c0b3df,experiment_linear_il_10
1168.658683153565,0.006976939930418669,il_10,URINE,0.8,MLP Regressor,GridSearchCV,0.8123099202854528,0.5341307615846407,18.402342668228723,-0.015812889272714514,f15a5cb452a44e508d37e64811c0b3df,experiment_linear_il_10
1164.801723803224,0.0068993000934766775,il_10,URINE,0.8,MLP Regressor,GridSearchCV,0.8123099202854528,0.5341307615846407,18.402342668228723,-0.015812889272714514,f15a5cb452a44e508d37e64811c0b3df,experiment_linear_il_10
1159.016284777711,0.006868391453803586,il_10,URINE,0.8,MLP Regressor,GridSearchCV,0.8123099202854528,0.5341307615846407,18.402342668228723,-0.015812889272714514,f15a5cb452a44e508d37e64811c0b3df,experiment_linear_il_10
1182.158040879762,0.006847650414759246,il_10,URINE,0.8,MLP Regressor,GridSearchCV,0.8123099202854528,0.5341307615846407,18.402342668228723,-0.015812889272714514,f15a5cb452a44e508d37e64811c0b3df,experiment_linear_il_10
973.8822359613046,0.00644391918045796,il_10,URINE,0.8,MLP Regressor,GridSearchCV,0.8123099202854528,0.5341307615846407,18.402342668228723,-0.015812889272714514,f15a5cb452a44e508d37e64811c0b3df,experiment_linear_il_10
1602.566610067018,0.01885405437741415,il_10,CAPILAR,0.8,Random Forest Regressor,GridSearchCV,0.6165309974781185,0.5121935306424842,19.33073329268355,-0.22389751116178203,f15a5cb452a44e508d37e64811c0b3df,experiment_linear_il_10
1600.638130391847,0.011810932827292548,il_10,CAPILAR,0.8,Random Forest Regressor,GridSearchCV,0.6165309974781185,0.5121935306424842,19.33073329268355,-0.22389751116178203,f15a5cb452a44e508d37e64811c0b3df,experiment_linear_il_10
1604.495089742189,0.010216425025428584,il_10,CAPILAR,0.8,Random Forest Regressor,GridSearchCV,0.6165309974781185,0.5121935306424842,19.33073329268355,-0.22389751116178203,f15a5cb452a44e508d37e64811c0b3df,experiment_linear_il_10
1074.163179070191,0.007602879322115573,il_10,CAPILAR,0.8,Random Forest Regressor,GridSearchCV,0.6165309974781185,0.5121935306424842,19.33073329268355,-0.22389751116178203,f15a5cb452a44e508d37e64811c0b3df,experiment_linear_il_10
1079.948618095704,0.007510699585557416,il_10,CAPILAR,0.8,Random Forest Regressor,GridSearchCV,0.6165309974781185,0.5121935306424842,19.33073329268355,-0.22389751116178203,f15a5cb452a44e508d37e64811c0b3df,experiment_linear_il_10
1076.091658745362,0.007508974911267193,il_10,CAPILAR,0.8,Random Forest Regressor,GridSearchCV,0.6165309974781185,0.5121935306424842,19.33073329268355,-0.22389751116178203,f15a5cb452a44e508d37e64811c0b3df,experiment_linear_il_10
1078.020138420533,0.007498256772718246,il_10,CAPILAR,0.8,Random Forest Regressor,GridSearchCV,0.6165309974781185,0.5121935306424842,19.33073329268355,-0.22389751116178203,f15a5cb452a44e508d37e64811c0b3df,experiment_linear_il_10
1072.23469939502,0.0070709273795221605,il_10,CAPILAR,0.8,Random Forest Regressor,GridSearchCV,0.6165309974781185,0.5121935306424842,19.33073329268355,-0.22389751116178203,f15a5cb452a44e508d37e64811c0b3df,experiment_linear_il_10
1706.704512526246,0.006847235033593035,il_10,CAPILAR,0.8,Random Forest Regressor,GridSearchCV,0.6165309974781185,0.5121935306424842,19.33073329268355,-0.22389751116178203,f15a5cb452a44e508d37e64811c0b3df,experiment_linear_il_10
1070.306219719849,0.006821341756735323,il_10,CAPILAR,0.8,Random Forest Regressor,GridSearchCV,0.6165309974781185,0.5121935306424842,19.33073329268355,-0.22389751116178203,f15a5cb452a44e508d37e64811c0b3df,experiment_linear_il_10
1060.663821343995,0.006744517980629128,il_10,CAPILAR,0.8,Random Forest Regressor,GridSearchCV,0.6165309974781185,0.5121935306424842,19.33073329268355,-0.22389751116178203,f15a5cb452a44e508d37e64811c0b3df,experiment_linear_il_10
1081.877097770875,0.006684130727438403,il_10,CAPILAR,0.8,Random Forest Regressor,GridSearchCV,0.6165309974781185,0.5121935306424842,19.33073329268355,-0.22389751116178203,f15a5cb452a44e508d37e64811c0b3df,experiment_linear_il_10
1062.592301019166,0.006660023833584131,il_10,CAPILAR,0.8,Random Forest Regressor,GridSearchCV,0.6165309974781185,0.5121935306424842,19.33073329268355,-0.22389751116178203,f15a5cb452a44e508d37e64811c0b3df,experiment_linear_il_10
1083.805577446046,0.006466722722702347,il_10,CAPILAR,0.8,Random Forest Regressor,GridSearchCV,0.6165309974781185,0.5121935306424842,19.33073329268355,-0.22389751116178203,f15a5cb452a44e508d37e64811c0b3df,experiment_linear_il_10
1068.377740044679,0.006446575915528321,il_10,CAPILAR,0.8,Random Forest Regressor,GridSearchCV,0.6165309974781185,0.5121935306424842,19.33073329268355,-0.22389751116178203,f15a5cb452a44e508d37e64811c0b3df,experiment_linear_il_10
1704.776032851076,0.006410400084227404,il_10,CAPILAR,0.8,Random Forest Regressor,GridSearchCV,0.6165309974781185,0.5121935306424842,19.33073329268355,-0.22389751116178203,f15a5cb452a44e508d37e64811c0b3df,experiment_linear_il_10
1085.734057121217,0.006318546370123845,il_10,CAPILAR,0.8,Random Forest Regressor,GridSearchCV,0.6165309974781185,0.5121935306424842,19.33073329268355,-0.22389751116178203,f15a5cb452a44e508d37e64811c0b3df,experiment_linear_il_10
1598.709650716676,0.006314370226046537,il_10,CAPILAR,0.8,Random Forest Regressor,GridSearchCV,0.6165309974781185,0.5121935306424842,19.33073329268355,-0.22389751116178203,f15a5cb452a44e508d37e64811c0b3df,experiment_linear_il_10
1606.42356941736,0.006274407057967286,il_10,CAPILAR,0.8,Random Forest Regressor,GridSearchCV,0.6165309974781185,0.5121935306424842,19.33073329268355,-0.22389751116178203,f15a5cb452a44e508d37e64811c0b3df,experiment_linear_il_10
1058.735341668824,0.006218761424197173,il_10,CAPILAR,0.8,Random Forest Regressor,GridSearchCV,0.6165309974781185,0.5121935306424842,19.33073329268355,-0.22389751116178203,f15a5cb452a44e508d37e64811c0b3df,experiment_linear_il_10
1371.14904904651,0.014473839536590276,il_10,CAPILAR,0.8,Random Forest Regressor,GridSearchCV,0.5735605556041263,0.4669474364658863,18.19629991336833,-0.059238534961471245,f15a5cb452a44e508d37e64811c0b3df,experiment_linear_il_10
1373.077528721681,0.013584872445581287,il_10,CAPILAR,0.8,Random Forest Regressor,GridSearchCV,0.5735605556041263,0.4669474364658863,18.19629991336833,-0.059238534961471245,f15a5cb452a44e508d37e64811c0b3df,experiment_linear_il_10
1679.705797073854,0.011417388625145948,il_10,CAPILAR,0.8,Random Forest Regressor,GridSearchCV,0.5735605556041263,0.4669474364658863,18.19629991336833,-0.059238534961471245,f15a5cb452a44e508d37e64811c0b3df,experiment_linear_il_10
1342.221853918946,0.009726929442311544,il_10,CAPILAR,0.8,Random Forest Regressor,GridSearchCV,0.5735605556041263,0.4669474364658863,18.19629991336833,-0.059238534961471245,f15a5cb452a44e508d37e64811c0b3df,experiment_linear_il_10
1334.507935218263,0.009242233722090267,il_10,CAPILAR,0.8,Random Forest Regressor,GridSearchCV,0.5735605556041263,0.4669474364658863,18.19629991336833,-0.059238534961471245,f15a5cb452a44e508d37e64811c0b3df,experiment_linear_il_10
1598.709650716676,0.00908650390766142,il_10,CAPILAR,0.8,Random Forest Regressor,GridSearchCV,0.5735605556041263,0.4669474364658863,18.19629991336833,-0.059238534961471245,f15a5cb452a44e508d37e64811c0b3df,experiment_linear_il_10
1639.207723895265,0.009075307590653819,il_10,CAPILAR,0.8,Random Forest Regressor,GridSearchCV,0.5735605556041263,0.4669474364658863,18.19629991336833,-0.059238534961471245,f15a5cb452a44e508d37e64811c0b3df,experiment_linear_il_10
1272.796585612794,0.00892718433106358,il_10,CAPILAR,0.8,Random Forest Regressor,GridSearchCV,0.5735605556041263,0.4669474364658863,18.19629991336833,-0.059238534961471245,f15a5cb452a44e508d37e64811c0b3df,experiment_linear_il_10
1319.080097816896,0.008146078706240177,il_10,CAPILAR,0.8,Random Forest Regressor,GridSearchCV,0.5735605556041263,0.4669474364658863,18.19629991336833,-0.059238534961471245,f15a5cb452a44e508d37e64811c0b3df,experiment_linear_il_10
1348.007292944459,0.007797839385299727,il_10,CAPILAR,0.8,Random Forest Regressor,GridSearchCV,0.5735605556041263,0.4669474364658863,18.19629991336833,-0.059238534961471245,f15a5cb452a44e508d37e64811c0b3df,experiment_linear_il_10
1704.776032851076,0.0076659119671203205,il_10,CAPILAR,0.8,Random Forest Regressor,GridSearchCV,0.5735605556041263,0.4669474364658863,18.19629991336833,-0.059238534961471245,f15a5cb452a44e508d37e64811c0b3df,experiment_linear_il_10
1321.008577492067,0.007599679614329403,il_10,CAPILAR,0.8,Random Forest Regressor,GridSearchCV,0.5735605556041263,0.4669474364658863,18.19629991336833,-0.059238534961471245,f15a5cb452a44e508d37e64811c0b3df,experiment_linear_il_10
1361.506650670656,0.007550551447534804,il_10,CAPILAR,0.8,Random Forest Regressor,GridSearchCV,0.5735605556041263,0.4669474364658863,18.19629991336833,-0.059238534961471245,f15a5cb452a44e508d37e64811c0b3df,experiment_linear_il_10
1159.016284777711,0.007384263067102646,il_10,CAPILAR,0.8,Random Forest Regressor,GridSearchCV,0.5735605556041263,0.4669474364658863,18.19629991336833,-0.059238534961471245,f15a5cb452a44e508d37e64811c0b3df,experiment_linear_il_10
1606.42356941736,0.007256822158878156,il_10,CAPILAR,0.8,Random Forest Regressor,GridSearchCV,0.5735605556041263,0.4669474364658863,18.19629991336833,-0.059238534961471245,f15a5cb452a44e508d37e64811c0b3df,experiment_linear_il_10
1330.650975867921,0.007222782626840939,il_10,CAPILAR,0.8,Random Forest Regressor,GridSearchCV,0.5735605556041263,0.4669474364658863,18.19629991336833,-0.059238534961471245,f15a5cb452a44e508d37e64811c0b3df,experiment_linear_il_10
1147.445406726686,0.007071264608621722,il_10,CAPILAR,0.8,Random Forest Regressor,GridSearchCV,0.5735605556041263,0.4669474364658863,18.19629991336833,-0.059238534961471245,f15a5cb452a44e508d37e64811c0b3df,experiment_linear_il_10
1267.011146587281,0.007017714169089247,il_10,CAPILAR,0.8,Random Forest Regressor,GridSearchCV,0.5735605556041263,0.4669474364658863,18.19629991336833,-0.059238534961471245,f15a5cb452a44e508d37e64811c0b3df,experiment_linear_il_10
1290.152902689332,0.006566571994427458,il_10,CAPILAR,0.8,Random Forest Regressor,GridSearchCV,0.5735605556041263,0.4669474364658863,18.19629991336833,-0.059238534961471245,f15a5cb452a44e508d37e64811c0b3df,experiment_linear_il_10
1286.29594333899,0.006456179824311212,il_10,CAPILAR,0.8,Random Forest Regressor,GridSearchCV,0.5735605556041263,0.4669474364658863,18.19629991336833,-0.059238534961471245,f15a5cb452a44e508d37e64811c0b3df,experiment_linear_il_10
1602.566610067018,0.018854054377414147,il_10,CAPILAR,0.8,Random Forest Regressor,GridSearchCV,0.6165309974781185,0.5121935306424842,19.33073329268355,-0.22389751116178203,f15a5cb452a44e508d37e64811c0b3df,experiment_linear_il_10
1600.638130391847,0.011810932827292545,il_10,CAPILAR,0.8,Random Forest Regressor,GridSearchCV,0.6165309974781185,0.5121935306424842,19.33073329268355,-0.22389751116178203,f15a5cb452a44e508d37e64811c0b3df,experiment_linear_il_10
1604.495089742189,0.010216425025428586,il_10,CAPILAR,0.8,Random Forest Regressor,GridSearchCV,0.6165309974781185,0.5121935306424842,19.33073329268355,-0.22389751116178203,f15a5cb452a44e508d37e64811c0b3df,experiment_linear_il_10
1074.163179070191,0.00760287932211557,il_10,CAPILAR,0.8,Random Forest Regressor,GridSearchCV,0.6165309974781185,0.5121935306424842,19.33073329268355,-0.22389751116178203,f15a5cb452a44e508d37e64811c0b3df,experiment_linear_il_10
1079.948618095704,0.007510699585557412,il_10,CAPILAR,0.8,Random Forest Regressor,GridSearchCV,0.6165309974781185,0.5121935306424842,19.33073329268355,-0.22389751116178203,f15a5cb452a44e508d37e64811c0b3df,experiment_linear_il_10
1076.091658745362,0.00750897491126719,il_10,CAPILAR,0.8,Random Forest Regressor,GridSearchCV,0.6165309974781185,0.5121935306424842,19.33073329268355,-0.22389751116178203,f15a5cb452a44e508d37e64811c0b3df,experiment_linear_il_10
1078.020138420533,0.007498256772718248,il_10,CAPILAR,0.8,Random Forest Regressor,GridSearchCV,0.6165309974781185,0.5121935306424842,19.33073329268355,-0.22389751116178203,f15a5cb452a44e508d37e64811c0b3df,experiment_linear_il_10
1072.23469939502,0.007070927379522156,il_10,CAPILAR,0.8,Random Forest Regressor,GridSearchCV,0.6165309974781185,0.5121935306424842,19.33073329268355,-0.22389751116178203,f15a5cb452a44e508d37e64811c0b3df,experiment_linear_il_10
1706.704512526246,0.006847235033593033,il_10,CAPILAR,0.8,Random Forest Regressor,GridSearchCV,0.6165309974781185,0.5121935306424842,19.33073329268355,-0.22389751116178203,f15a5cb452a44e508d37e64811c0b3df,experiment_linear_il_10
1070.306219719849,0.0068213417567353175,il_10,CAPILAR,0.8,Random Forest Regressor,GridSearchCV,0.6165309974781185,0.5121935306424842,19.33073329268355,-0.22389751116178203,f15a5cb452a44e508d37e64811c0b3df,experiment_linear_il_10
1060.663821343995,0.006744517980629123,il_10,CAPILAR,0.8,Random Forest Regressor,GridSearchCV,0.6165309974781185,0.5121935306424842,19.33073329268355,-0.22389751116178203,f15a5cb452a44e508d37e64811c0b3df,experiment_linear_il_10
1081.877097770875,0.006684130727438405,il_10,CAPILAR,0.8,Random Forest Regressor,GridSearchCV,0.6165309974781185,0.5121935306424842,19.33073329268355,-0.22389751116178203,f15a5cb452a44e508d37e64811c0b3df,experiment_linear_il_10
1062.592301019166,0.006660023833584128,il_10,CAPILAR,0.8,Random Forest Regressor,GridSearchCV,0.6165309974781185,0.5121935306424842,19.33073329268355,-0.22389751116178203,f15a5cb452a44e508d37e64811c0b3df,experiment_linear_il_10
1083.805577446046,0.006466722722702351,il_10,CAPILAR,0.8,Random Forest Regressor,GridSearchCV,0.6165309974781185,0.5121935306424842,19.33073329268355,-0.22389751116178203,f15a5cb452a44e508d37e64811c0b3df,experiment_linear_il_10
1068.377740044679,0.0064465759155283185,il_10,CAPILAR,0.8,Random Forest Regressor,GridSearchCV,0.6165309974781185,0.5121935306424842,19.33073329268355,-0.22389751116178203,f15a5cb452a44e508d37e64811c0b3df,experiment_linear_il_10
1704.776032851076,0.006410400084227404,il_10,CAPILAR,0.8,Random Forest Regressor,GridSearchCV,0.6165309974781185,0.5121935306424842,19.33073329268355,-0.22389751116178203,f15a5cb452a44e508d37e64811c0b3df,experiment_linear_il_10
1085.734057121217,0.006318546370123843,il_10,CAPILAR,0.8,Random Forest Regressor,GridSearchCV,0.6165309974781185,0.5121935306424842,19.33073329268355,-0.22389751116178203,f15a5cb452a44e508d37e64811c0b3df,experiment_linear_il_10
1598.709650716676,0.006314370226046537,il_10,CAPILAR,0.8,Random Forest Regressor,GridSearchCV,0.6165309974781185,0.5121935306424842,19.33073329268355,-0.22389751116178203,f15a5cb452a44e508d37e64811c0b3df,experiment_linear_il_10
1606.42356941736,0.006274407057967289,il_10,CAPILAR,0.8,Random Forest Regressor,GridSearchCV,0.6165309974781185,0.5121935306424842,19.33073329268355,-0.22389751116178203,f15a5cb452a44e508d37e64811c0b3df,experiment_linear_il_10
1058.735341668824,0.006218761424197171,il_10,CAPILAR,0.8,Random Forest Regressor,GridSearchCV,0.6165309974781185,0.5121935306424842,19.33073329268355,-0.22389751116178203,f15a5cb452a44e508d37e64811c0b3df,experiment_linear_il_10
1371.14904904651,0.014473839536590276,il_10,CAPILAR,0.8,Random Forest Regressor,GridSearchCV,0.5735605556041263,0.4669474364658863,18.19629991336833,-0.059238534961471245,f15a5cb452a44e508d37e64811c0b3df,experiment_linear_il_10
1373.077528721681,0.013584872445581287,il_10,CAPILAR,0.8,Random Forest Regressor,GridSearchCV,0.5735605556041263,0.4669474364658863,18.19629991336833,-0.059238534961471245,f15a5cb452a44e508d37e64811c0b3df,experiment_linear_il_10
1679.705797073854,0.011417388625145948,il_10,CAPILAR,0.8,Random Forest Regressor,GridSearchCV,0.5735605556041263,0.4669474364658863,18.19629991336833,-0.059238534961471245,f15a5cb452a44e508d37e64811c0b3df,experiment_linear_il_10
1342.221853918946,0.009726929442311544,il_10,CAPILAR,0.8,Random Forest Regressor,GridSearchCV,0.5735605556041263,0.4669474364658863,18.19629991336833,-0.059238534961471245,f15a5cb452a44e508d37e64811c0b3df,experiment_linear_il_10
1334.507935218263,0.009242233722090267,il_10,CAPILAR,0.8,Random Forest Regressor,GridSearchCV,0.5735605556041263,0.4669474364658863,18.19629991336833,-0.059238534961471245,f15a5cb452a44e508d37e64811c0b3df,experiment_linear_il_10
1598.709650716676,0.00908650390766142,il_10,CAPILAR,0.8,Random Forest Regressor,GridSearchCV,0.5735605556041263,0.4669474364658863,18.19629991336833,-0.059238534961471245,f15a5cb452a44e508d37e64811c0b3df,experiment_linear_il_10
1639.207723895265,0.009075307590653819,il_10,CAPILAR,0.8,Random Forest Regressor,GridSearchCV,0.5735605556041263,0.4669474364658863,18.19629991336833,-0.059238534961471245,f15a5cb452a44e508d37e64811c0b3df,experiment_linear_il_10
1272.796585612794,0.00892718433106358,il_10,CAPILAR,0.8,Random Forest Regressor,GridSearchCV,0.5735605556041263,0.4669474364658863,18.19629991336833,-0.059238534961471245,f15a5cb452a44e508d37e64811c0b3df,experiment_linear_il_10
1319.080097816896,0.008146078706240177,il_10,CAPILAR,0.8,Random Forest Regressor,GridSearchCV,0.5735605556041263,0.4669474364658863,18.19629991336833,-0.059238534961471245,f15a5cb452a44e508d37e64811c0b3df,experiment_linear_il_10
1348.007292944459,0.007797839385299727,il_10,CAPILAR,0.8,Random Forest Regressor,GridSearchCV,0.5735605556041263,0.4669474364658863,18.19629991336833,-0.059238534961471245,f15a5cb452a44e508d37e64811c0b3df,experiment_linear_il_10
1704.776032851076,0.0076659119671203205,il_10,CAPILAR,0.8,Random Forest Regressor,GridSearchCV,0.5735605556041263,0.4669474364658863,18.19629991336833,-0.059238534961471245,f15a5cb452a44e508d37e64811c0b3df,experiment_linear_il_10
1321.008577492067,0.007599679614329403,il_10,CAPILAR,0.8,Random Forest Regressor,GridSearchCV,0.5735605556041263,0.4669474364658863,18.19629991336833,-0.059238534961471245,f15a5cb452a44e508d37e64811c0b3df,experiment_linear_il_10
1361.506650670656,0.007550551447534804,il_10,CAPILAR,0.8,Random Forest Regressor,GridSearchCV,0.5735605556041263,0.4669474364658863,18.19629991336833,-0.059238534961471245,f15a5cb452a44e508d37e64811c0b3df,experiment_linear_il_10
1159.016284777711,0.007384263067102646,il_10,CAPILAR,0.8,Random Forest Regressor,GridSearchCV,0.5735605556041263,0.4669474364658863,18.19629991336833,-0.059238534961471245,f15a5cb452a44e508d37e64811c0b3df,experiment_linear_il_10
1606.42356941736,0.007256822158878156,il_10,CAPILAR,0.8,Random Forest Regressor,GridSearchCV,0.5735605556041263,0.4669474364658863,18.19629991336833,-0.059238534961471245,f15a5cb452a44e508d37e64811c0b3df,experiment_linear_il_10
1330.650975867921,0.007222782626840939,il_10,CAPILAR,0.8,Random Forest Regressor,GridSearchCV,0.5735605556041263,0.4669474364658863,18.19629991336833,-0.059238534961471245,f15a5cb452a44e508d37e64811c0b3df,experiment_linear_il_10
1147.445406726686,0.007071264608621722,il_10,CAPILAR,0.8,Random Forest Regressor,GridSearchCV,0.5735605556041263,0.4669474364658863,18.19629991336833,-0.059238534961471245,f15a5cb452a44e508d37e64811c0b3df,experiment_linear_il_10
1267.011146587281,0.007017714169089247,il_10,CAPILAR,0.8,Random Forest Regressor,GridSearchCV,0.5735605556041263,0.4669474364658863,18.19629991336833,-0.059238534961471245,f15a5cb452a44e508d37e64811c0b3df,experiment_linear_il_10
1290.152902689332,0.006566571994427458,il_10,CAPILAR,0.8,Random Forest Regressor,GridSearchCV,0.5735605556041263,0.4669474364658863,18.19629991336833,-0.059238534961471245,f15a5cb452a44e508d37e64811c0b3df,experiment_linear_il_10
1286.29594333899,0.006456179824311212,il_10,CAPILAR,0.8,Random Forest Regressor,GridSearchCV,0.5735605556041263,0.4669474364658863,18.19629991336833,-0.059238534961471245,f15a5cb452a44e508d37e64811c0b3df,experiment_linear_il_10
1751.059545055177,0.005826819679040766,il_10,PLASMA,0.8,Random Forest Regressor,GridSearchCV,0.5215294700151212,0.4309899345470916,16.478816150128445,-0.140425987521394,f15a5cb452a44e508d37e64811c0b3df,experiment_linear_il_10
1752.988024730348,0.005811820068208274,il_10,PLASMA,0.8,Random Forest Regressor,GridSearchCV,0.5215294700151212,0.4309899345470916,16.478816150128445,-0.140425987521394,f15a5cb452a44e508d37e64811c0b3df,experiment_linear_il_10
1749.131065380006,0.005717354478018612,il_10,PLASMA,0.8,Random Forest Regressor,GridSearchCV,0.5215294700151212,0.4309899345470916,16.478816150128445,-0.140425987521394,f15a5cb452a44e508d37e64811c0b3df,experiment_linear_il_10
1754.916504405519,0.0056641293595236205,il_10,PLASMA,0.8,Random Forest Regressor,GridSearchCV,0.5215294700151212,0.4309899345470916,16.478816150128445,-0.140425987521394,f15a5cb452a44e508d37e64811c0b3df,experiment_linear_il_10
1105.018853872926,0.005625860769115667,il_10,PLASMA,0.8,Random Forest Regressor,GridSearchCV,0.5215294700151212,0.4309899345470916,16.478816150128445,-0.140425987521394,f15a5cb452a44e508d37e64811c0b3df,experiment_linear_il_10
1103.090374197755,0.005552374250288855,il_10,PLASMA,0.8,Random Forest Regressor,GridSearchCV,0.5215294700151212,0.4309899345470916,16.478816150128445,-0.140425987521394,f15a5cb452a44e508d37e64811c0b3df,experiment_linear_il_10
1106.947333548097,0.005501628521935201,il_10,PLASMA,0.8,Random Forest Regressor,GridSearchCV,0.5215294700151212,0.4309899345470916,16.478816150128445,-0.140425987521394,f15a5cb452a44e508d37e64811c0b3df,experiment_linear_il_10
1747.202585704835,0.005452879632034701,il_10,PLASMA,0.8,Random Forest Regressor,GridSearchCV,0.5215294700151212,0.4309899345470916,16.478816150128445,-0.140425987521394,f15a5cb452a44e508d37e64811c0b3df,experiment_linear_il_10
1756.84498408069,0.005346126239091324,il_10,PLASMA,0.8,Random Forest Regressor,GridSearchCV,0.5215294700151212,0.4309899345470916,16.478816150128445,-0.140425987521394,f15a5cb452a44e508d37e64811c0b3df,experiment_linear_il_10
1259.297227886598,0.005341326126576409,il_10,PLASMA,0.8,Random Forest Regressor,GridSearchCV,0.5215294700151212,0.4309899345470916,16.478816150128445,-0.140425987521394,f15a5cb452a44e508d37e64811c0b3df,experiment_linear_il_10
1101.161894522584,0.005335979092401346,il_10,PLASMA,0.8,Random Forest Regressor,GridSearchCV,0.5215294700151212,0.4309899345470916,16.478816150128445,-0.140425987521394,f15a5cb452a44e508d37e64811c0b3df,experiment_linear_il_10
1108.875813223267,0.005331697847540172,il_10,PLASMA,0.8,Random Forest Regressor,GridSearchCV,0.5215294700151212,0.4309899345470916,16.478816150128445,-0.140425987521394,f15a5cb452a44e508d37e64811c0b3df,experiment_linear_il_10
1155.159325427369,0.005182954678635301,il_10,PLASMA,0.8,Random Forest Regressor,GridSearchCV,0.5215294700151212,0.4309899345470916,16.478816150128445,-0.140425987521394,f15a5cb452a44e508d37e64811c0b3df,experiment_linear_il_10
1157.08780510254,0.005177620592341481,il_10,PLASMA,0.8,Random Forest Regressor,GridSearchCV,0.5215294700151212,0.4309899345470916,16.478816150128445,-0.140425987521394,f15a5cb452a44e508d37e64811c0b3df,experiment_linear_il_10
1153.230845752198,0.005176940002456165,il_10,PLASMA,0.8,Random Forest Regressor,GridSearchCV,0.5215294700151212,0.4309899345470916,16.478816150128445,-0.140425987521394,f15a5cb452a44e508d37e64811c0b3df,experiment_linear_il_10
1257.368748211427,0.005175436816659507,il_10,PLASMA,0.8,Random Forest Regressor,GridSearchCV,0.5215294700151212,0.4309899345470916,16.478816150128445,-0.140425987521394,f15a5cb452a44e508d37e64811c0b3df,experiment_linear_il_10
1159.016284777711,0.00517258374039387,il_10,PLASMA,0.8,Random Forest Regressor,GridSearchCV,0.5215294700151212,0.4309899345470916,16.478816150128445,-0.140425987521394,f15a5cb452a44e508d37e64811c0b3df,experiment_linear_il_10
1261.225707561769,0.00515928002668525,il_10,PLASMA,0.8,Random Forest Regressor,GridSearchCV,0.5215294700151212,0.4309899345470916,16.478816150128445,-0.140425987521394,f15a5cb452a44e508d37e64811c0b3df,experiment_linear_il_10
1110.804292898438,0.005149216827478371,il_10,PLASMA,0.8,Random Forest Regressor,GridSearchCV,0.5215294700151212,0.4309899345470916,16.478816150128445,-0.140425987521394,f15a5cb452a44e508d37e64811c0b3df,experiment_linear_il_10
1099.233414847413,0.005120238849327079,il_10,PLASMA,0.8,Random Forest Regressor,GridSearchCV,0.5215294700151212,0.4309899345470916,16.478816150128445,-0.140425987521394,f15a5cb452a44e508d37e64811c0b3df,experiment_linear_il_10
1691.276675124879,0.013951200831473819,il_10,PLASMA,0.8,Random Forest Regressor,GridSearchCV,0.4979177412853892,0.43582159048310815,16.47188194343368,-0.03950025171983018,f15a5cb452a44e508d37e64811c0b3df,experiment_linear_il_10
1716.346910902101,0.013423201325659932,il_10,PLASMA,0.8,Random Forest Regressor,GridSearchCV,0.4979177412853892,0.43582159048310815,16.47188194343368,-0.03950025171983018,f15a5cb452a44e508d37e64811c0b3df,experiment_linear_il_10
2819.437285099856,0.012431363421085704,il_10,PLASMA,0.8,Random Forest Regressor,GridSearchCV,0.4979177412853892,0.43582159048310815,16.47188194343368,-0.03950025171983018,f15a5cb452a44e508d37e64811c0b3df,experiment_linear_il_10
1133.946049000489,0.011252717939418495,il_10,PLASMA,0.8,Random Forest Regressor,GridSearchCV,0.4979177412853892,0.43582159048310815,16.47188194343368,-0.03950025171983018,f15a5cb452a44e508d37e64811c0b3df,experiment_linear_il_10
1286.29594333899,0.011200292537595882,il_10,PLASMA,0.8,Random Forest Regressor,GridSearchCV,0.4979177412853892,0.43582159048310815,16.47188194343368,-0.03950025171983018,f15a5cb452a44e508d37e64811c0b3df,experiment_linear_il_10
1822.413293036501,0.009728535239743276,il_10,PLASMA,0.8,Random Forest Regressor,GridSearchCV,0.4979177412853892,0.43582159048310815,16.47188194343368,-0.03950025171983018,f15a5cb452a44e508d37e64811c0b3df,experiment_linear_il_10
2809.794886724001,0.008143065953668009,il_10,PLASMA,0.8,Random Forest Regressor,GridSearchCV,0.4979177412853892,0.43582159048310815,16.47188194343368,-0.03950025171983018,f15a5cb452a44e508d37e64811c0b3df,experiment_linear_il_10
1137.803008350831,0.007842814023354079,il_10,PLASMA,0.8,Random Forest Regressor,GridSearchCV,0.4979177412853892,0.43582159048310815,16.47188194343368,-0.03950025171983018,f15a5cb452a44e508d37e64811c0b3df,experiment_linear_il_10
2912.004309508059,0.007226514941596849,il_10,PLASMA,0.8,Random Forest Regressor,GridSearchCV,0.4979177412853892,0.43582159048310815,16.47188194343368,-0.03950025171983018,f15a5cb452a44e508d37e64811c0b3df,experiment_linear_il_10
1118.518211599122,0.006609656883083422,il_10,PLASMA,0.8,Random Forest Regressor,GridSearchCV,0.4979177412853892,0.43582159048310815,16.47188194343368,-0.03950025171983018,f15a5cb452a44e508d37e64811c0b3df,experiment_linear_il_10
2854.149919252932,0.006399963813143509,il_10,PLASMA,0.8,Random Forest Regressor,GridSearchCV,0.4979177412853892,0.43582159048310815,16.47188194343368,-0.03950025171983018,f15a5cb452a44e508d37e64811c0b3df,experiment_linear_il_10
1147.445406726686,0.00597051029876771,il_10,PLASMA,0.8,Random Forest Regressor,GridSearchCV,0.4979177412853892,0.43582159048310815,16.47188194343368,-0.03950025171983018,f15a5cb452a44e508d37e64811c0b3df,experiment_linear_il_10
3019.999171317629,0.00588511843187936,il_10,PLASMA,0.8,Random Forest Regressor,GridSearchCV,0.4979177412853892,0.43582159048310815,16.47188194343368,-0.03950025171983018,f15a5cb452a44e508d37e64811c0b3df,experiment_linear_il_10
1795.414577584108,0.005854434808884203,il_10,PLASMA,0.8,Random Forest Regressor,GridSearchCV,0.4979177412853892,0.43582159048310815,16.47188194343368,-0.03950025171983018,f15a5cb452a44e508d37e64811c0b3df,experiment_linear_il_10
1253.511788861085,0.005687961180691719,il_10,PLASMA,0.8,Random Forest Regressor,GridSearchCV,0.4979177412853892,0.43582159048310815,16.47188194343368,-0.03950025171983018,f15a5cb452a44e508d37e64811c0b3df,experiment_linear_il_10
1153.230845752198,0.0056105658629731275,il_10,PLASMA,0.8,Random Forest Regressor,GridSearchCV,0.4979177412853892,0.43582159048310815,16.47188194343368,-0.03950025171983018,f15a5cb452a44e508d37e64811c0b3df,experiment_linear_il_10
1693.20515480005,0.005160660701282827,il_10,PLASMA,0.8,Random Forest Regressor,GridSearchCV,0.4979177412853892,0.43582159048310815,16.47188194343368,-0.03950025171983018,f15a5cb452a44e508d37e64811c0b3df,experiment_linear_il_10
1112.732772573609,0.005131688175640117,il_10,PLASMA,0.8,Random Forest Regressor,GridSearchCV,0.4979177412853892,0.43582159048310815,16.47188194343368,-0.03950025171983018,f15a5cb452a44e508d37e64811c0b3df,experiment_linear_il_10
1195.657398605958,0.005082871110218329,il_10,PLASMA,0.8,Random Forest Regressor,GridSearchCV,0.4979177412853892,0.43582159048310815,16.47188194343368,-0.03950025171983018,f15a5cb452a44e508d37e64811c0b3df,experiment_linear_il_10
2827.151203800539,0.004980273321917268,il_10,PLASMA,0.8,Random Forest Regressor,GridSearchCV,0.4979177412853892,0.43582159048310815,16.47188194343368,-0.03950025171983018,f15a5cb452a44e508d37e64811c0b3df,experiment_linear_il_10
1751.059545055177,0.005826819679040763,il_10,PLASMA,0.8,Random Forest Regressor,GridSearchCV,0.5215294700151212,0.4309899345470916,16.478816150128445,-0.140425987521394,f15a5cb452a44e508d37e64811c0b3df,experiment_linear_il_10
1752.988024730348,0.005811820068208272,il_10,PLASMA,0.8,Random Forest Regressor,GridSearchCV,0.5215294700151212,0.4309899345470916,16.478816150128445,-0.140425987521394,f15a5cb452a44e508d37e64811c0b3df,experiment_linear_il_10
1749.131065380006,0.005717354478018608,il_10,PLASMA,0.8,Random Forest Regressor,GridSearchCV,0.5215294700151212,0.4309899345470916,16.478816150128445,-0.140425987521394,f15a5cb452a44e508d37e64811c0b3df,experiment_linear_il_10
1754.916504405519,0.005664129359523619,il_10,PLASMA,0.8,Random Forest Regressor,GridSearchCV,0.5215294700151212,0.4309899345470916,16.478816150128445,-0.140425987521394,f15a5cb452a44e508d37e64811c0b3df,experiment_linear_il_10
1105.018853872926,0.00562586076911567,il_10,PLASMA,0.8,Random Forest Regressor,GridSearchCV,0.5215294700151212,0.4309899345470916,16.478816150128445,-0.140425987521394,f15a5cb452a44e508d37e64811c0b3df,experiment_linear_il_10
1103.090374197755,0.0055523742502888605,il_10,PLASMA,0.8,Random Forest Regressor,GridSearchCV,0.5215294700151212,0.4309899345470916,16.478816150128445,-0.140425987521394,f15a5cb452a44e508d37e64811c0b3df,experiment_linear_il_10
1106.947333548097,0.005501628521935203,il_10,PLASMA,0.8,Random Forest Regressor,GridSearchCV,0.5215294700151212,0.4309899345470916,16.478816150128445,-0.140425987521394,f15a5cb452a44e508d37e64811c0b3df,experiment_linear_il_10
1747.202585704835,0.005452879632034698,il_10,PLASMA,0.8,Random Forest Regressor,GridSearchCV,0.5215294700151212,0.4309899345470916,16.478816150128445,-0.140425987521394,f15a5cb452a44e508d37e64811c0b3df,experiment_linear_il_10
1756.84498408069,0.005346126239091322,il_10,PLASMA,0.8,Random Forest Regressor,GridSearchCV,0.5215294700151212,0.4309899345470916,16.478816150128445,-0.140425987521394,f15a5cb452a44e508d37e64811c0b3df,experiment_linear_il_10
1259.297227886598,0.005341326126576408,il_10,PLASMA,0.8,Random Forest Regressor,GridSearchCV,0.5215294700151212,0.4309899345470916,16.478816150128445,-0.140425987521394,f15a5cb452a44e508d37e64811c0b3df,experiment_linear_il_10
1101.161894522584,0.005335979092401348,il_10,PLASMA,0.8,Random Forest Regressor,GridSearchCV,0.5215294700151212,0.4309899345470916,16.478816150128445,-0.140425987521394,f15a5cb452a44e508d37e64811c0b3df,experiment_linear_il_10
1108.875813223267,0.005331697847540176,il_10,PLASMA,0.8,Random Forest Regressor,GridSearchCV,0.5215294700151212,0.4309899345470916,16.478816150128445,-0.140425987521394,f15a5cb452a44e508d37e64811c0b3df,experiment_linear_il_10
1155.159325427369,0.005182954678635297,il_10,PLASMA,0.8,Random Forest Regressor,GridSearchCV,0.5215294700151212,0.4309899345470916,16.478816150128445,-0.140425987521394,f15a5cb452a44e508d37e64811c0b3df,experiment_linear_il_10
1157.08780510254,0.005177620592341479,il_10,PLASMA,0.8,Random Forest Regressor,GridSearchCV,0.5215294700151212,0.4309899345470916,16.478816150128445,-0.140425987521394,f15a5cb452a44e508d37e64811c0b3df,experiment_linear_il_10
1153.230845752198,0.0051769400024561625,il_10,PLASMA,0.8,Random Forest Regressor,GridSearchCV,0.5215294700151212,0.4309899345470916,16.478816150128445,-0.140425987521394,f15a5cb452a44e508d37e64811c0b3df,experiment_linear_il_10
1257.368748211427,0.005175436816659506,il_10,PLASMA,0.8,Random Forest Regressor,GridSearchCV,0.5215294700151212,0.4309899345470916,16.478816150128445,-0.140425987521394,f15a5cb452a44e508d37e64811c0b3df,experiment_linear_il_10
1159.016284777711,0.005172583740393868,il_10,PLASMA,0.8,Random Forest Regressor,GridSearchCV,0.5215294700151212,0.4309899345470916,16.478816150128445,-0.140425987521394,f15a5cb452a44e508d37e64811c0b3df,experiment_linear_il_10
1261.225707561769,0.00515928002668525,il_10,PLASMA,0.8,Random Forest Regressor,GridSearchCV,0.5215294700151212,0.4309899345470916,16.478816150128445,-0.140425987521394,f15a5cb452a44e508d37e64811c0b3df,experiment_linear_il_10
1110.804292898438,0.00514921682747837,il_10,PLASMA,0.8,Random Forest Regressor,GridSearchCV,0.5215294700151212,0.4309899345470916,16.478816150128445,-0.140425987521394,f15a5cb452a44e508d37e64811c0b3df,experiment_linear_il_10
1099.233414847413,0.005120238849327082,il_10,PLASMA,0.8,Random Forest Regressor,GridSearchCV,0.5215294700151212,0.4309899345470916,16.478816150128445,-0.140425987521394,f15a5cb452a44e508d37e64811c0b3df,experiment_linear_il_10
1691.276675124879,0.013951200831473819,il_10,PLASMA,0.8,Random Forest Regressor,GridSearchCV,0.4979177412853892,0.43582159048310815,16.47188194343368,-0.03950025171983018,f15a5cb452a44e508d37e64811c0b3df,experiment_linear_il_10
1716.346910902101,0.013423201325659932,il_10,PLASMA,0.8,Random Forest Regressor,GridSearchCV,0.4979177412853892,0.43582159048310815,16.47188194343368,-0.03950025171983018,f15a5cb452a44e508d37e64811c0b3df,experiment_linear_il_10
2819.437285099856,0.012431363421085704,il_10,PLASMA,0.8,Random Forest Regressor,GridSearchCV,0.4979177412853892,0.43582159048310815,16.47188194343368,-0.03950025171983018,f15a5cb452a44e508d37e64811c0b3df,experiment_linear_il_10
1133.946049000489,0.011252717939418495,il_10,PLASMA,0.8,Random Forest Regressor,GridSearchCV,0.4979177412853892,0.43582159048310815,16.47188194343368,-0.03950025171983018,f15a5cb452a44e508d37e64811c0b3df,experiment_linear_il_10
1286.29594333899,0.011200292537595882,il_10,PLASMA,0.8,Random Forest Regressor,GridSearchCV,0.4979177412853892,0.43582159048310815,16.47188194343368,-0.03950025171983018,f15a5cb452a44e508d37e64811c0b3df,experiment_linear_il_10
1822.413293036501,0.009728535239743276,il_10,PLASMA,0.8,Random Forest Regressor,GridSearchCV,0.4979177412853892,0.43582159048310815,16.47188194343368,-0.03950025171983018,f15a5cb452a44e508d37e64811c0b3df,experiment_linear_il_10
2809.794886724001,0.008143065953668009,il_10,PLASMA,0.8,Random Forest Regressor,GridSearchCV,0.4979177412853892,0.43582159048310815,16.47188194343368,-0.03950025171983018,f15a5cb452a44e508d37e64811c0b3df,experiment_linear_il_10
1137.803008350831,0.007842814023354079,il_10,PLASMA,0.8,Random Forest Regressor,GridSearchCV,0.4979177412853892,0.43582159048310815,16.47188194343368,-0.03950025171983018,f15a5cb452a44e508d37e64811c0b3df,experiment_linear_il_10
2912.004309508059,0.007226514941596849,il_10,PLASMA,0.8,Random Forest Regressor,GridSearchCV,0.4979177412853892,0.43582159048310815,16.47188194343368,-0.03950025171983018,f15a5cb452a44e508d37e64811c0b3df,experiment_linear_il_10
1118.518211599122,0.006609656883083422,il_10,PLASMA,0.8,Random Forest Regressor,GridSearchCV,0.4979177412853892,0.43582159048310815,16.47188194343368,-0.03950025171983018,f15a5cb452a44e508d37e64811c0b3df,experiment_linear_il_10
2854.149919252932,0.006399963813143509,il_10,PLASMA,0.8,Random Forest Regressor,GridSearchCV,0.4979177412853892,0.43582159048310815,16.47188194343368,-0.03950025171983018,f15a5cb452a44e508d37e64811c0b3df,experiment_linear_il_10
1147.445406726686,0.00597051029876771,il_10,PLASMA,0.8,Random Forest Regressor,GridSearchCV,0.4979177412853892,0.43582159048310815,16.47188194343368,-0.03950025171983018,f15a5cb452a44e508d37e64811c0b3df,experiment_linear_il_10
3019.999171317629,0.00588511843187936,il_10,PLASMA,0.8,Random Forest Regressor,GridSearchCV,0.4979177412853892,0.43582159048310815,16.47188194343368,-0.03950025171983018,f15a5cb452a44e508d37e64811c0b3df,experiment_linear_il_10
1795.414577584108,0.005854434808884203,il_10,PLASMA,0.8,Random Forest Regressor,GridSearchCV,0.4979177412853892,0.43582159048310815,16.47188194343368,-0.03950025171983018,f15a5cb452a44e508d37e64811c0b3df,experiment_linear_il_10
1253.511788861085,0.005687961180691719,il_10,PLASMA,0.8,Random Forest Regressor,GridSearchCV,0.4979177412853892,0.43582159048310815,16.47188194343368,-0.03950025171983018,f15a5cb452a44e508d37e64811c0b3df,experiment_linear_il_10
1153.230845752198,0.0056105658629731275,il_10,PLASMA,0.8,Random Forest Regressor,GridSearchCV,0.4979177412853892,0.43582159048310815,16.47188194343368,-0.03950025171983018,f15a5cb452a44e508d37e64811c0b3df,experiment_linear_il_10
1693.20515480005,0.005160660701282827,il_10,PLASMA,0.8,Random Forest Regressor,GridSearchCV,0.4979177412853892,0.43582159048310815,16.47188194343368,-0.03950025171983018,f15a5cb452a44e508d37e64811c0b3df,experiment_linear_il_10
1112.732772573609,0.005131688175640117,il_10,PLASMA,0.8,Random Forest Regressor,GridSearchCV,0.4979177412853892,0.43582159048310815,16.47188194343368,-0.03950025171983018,f15a5cb452a44e508d37e64811c0b3df,experiment_linear_il_10
1195.657398605958,0.005082871110218329,il_10,PLASMA,0.8,Random Forest Regressor,GridSearchCV,0.4979177412853892,0.43582159048310815,16.47188194343368,-0.03950025171983018,f15a5cb452a44e508d37e64811c0b3df,experiment_linear_il_10
2827.151203800539,0.004980273321917268,il_10,PLASMA,0.8,Random Forest Regressor,GridSearchCV,0.4979177412853892,0.43582159048310815,16.47188194343368,-0.03950025171983018,f15a5cb452a44e508d37e64811c0b3df,experiment_linear_il_10
962.3113579102792,0.007339827694341309,il_10,SALIVA,0.8,Random Forest Regressor,GridSearchCV,0.7615466680202087,0.49356023609535493,15.359022511215745,0.1125197535747613,f15a5cb452a44e508d37e64811c0b3df,experiment_linear_il_10
960.3828782351084,0.007120601863404946,il_10,SALIVA,0.8,Random Forest Regressor,GridSearchCV,0.7615466680202087,0.49356023609535493,15.359022511215745,0.1125197535747613,f15a5cb452a44e508d37e64811c0b3df,experiment_linear_il_10
964.23983758545,0.0065752013723605115,il_10,SALIVA,0.8,Random Forest Regressor,GridSearchCV,0.7615466680202087,0.49356023609535493,15.359022511215745,0.1125197535747613,f15a5cb452a44e508d37e64811c0b3df,experiment_linear_il_10
958.4543985599371,0.006433551461596841,il_10,SALIVA,0.8,Random Forest Regressor,GridSearchCV,0.7615466680202087,0.49356023609535493,15.359022511215745,0.1125197535747613,f15a5cb452a44e508d37e64811c0b3df,experiment_linear_il_10
956.5259188847667,0.005795770020691466,il_10,SALIVA,0.8,Random Forest Regressor,GridSearchCV,0.7615466680202087,0.49356023609535493,15.359022511215745,0.1125197535747613,f15a5cb452a44e508d37e64811c0b3df,experiment_linear_il_10
1612.209008442873,0.005502971363826022,il_10,SALIVA,0.8,Random Forest Regressor,GridSearchCV,0.7615466680202087,0.49356023609535493,15.359022511215745,0.1125197535747613,f15a5cb452a44e508d37e64811c0b3df,experiment_linear_il_10
1610.280528767702,0.005480408497186658,il_10,SALIVA,0.8,Random Forest Regressor,GridSearchCV,0.7615466680202087,0.49356023609535493,15.359022511215745,0.1125197535747613,f15a5cb452a44e508d37e64811c0b3df,experiment_linear_il_10
1614.137488118043,0.0054533320005441845,il_10,SALIVA,0.8,Random Forest Regressor,GridSearchCV,0.7615466680202087,0.49356023609535493,15.359022511215745,0.1125197535747613,f15a5cb452a44e508d37e64811c0b3df,experiment_linear_il_10
966.1683172606208,0.00541235022791667,il_10,SALIVA,0.8,Random Forest Regressor,GridSearchCV,0.7615466680202087,0.49356023609535493,15.359022511215745,0.1125197535747613,f15a5cb452a44e508d37e64811c0b3df,experiment_linear_il_10
1608.35204909253,0.005408644965452248,il_10,SALIVA,0.8,Random Forest Regressor,GridSearchCV,0.7615466680202087,0.49356023609535493,15.359022511215745,0.1125197535747613,f15a5cb452a44e508d37e64811c0b3df,experiment_linear_il_10
1616.065967793214,0.005323968910500032,il_10,SALIVA,0.8,Random Forest Regressor,GridSearchCV,0.7615466680202087,0.49356023609535493,15.359022511215745,0.1125197535747613,f15a5cb452a44e508d37e64811c0b3df,experiment_linear_il_10
1606.42356941736,0.005270595405530435,il_10,SALIVA,0.8,Random Forest Regressor,GridSearchCV,0.7615466680202087,0.49356023609535493,15.359022511215745,0.1125197535747613,f15a5cb452a44e508d37e64811c0b3df,experiment_linear_il_10
1617.994447468385,0.0052193933919349065,il_10,SALIVA,0.8,Random Forest Regressor,GridSearchCV,0.7615466680202087,0.49356023609535493,15.359022511215745,0.1125197535747613,f15a5cb452a44e508d37e64811c0b3df,experiment_linear_il_10
954.5974392095954,0.005169139080297777,il_10,SALIVA,0.8,Random Forest Regressor,GridSearchCV,0.7615466680202087,0.49356023609535493,15.359022511215745,0.1125197535747613,f15a5cb452a44e508d37e64811c0b3df,experiment_linear_il_10
1619.922927143556,0.005130787703650572,il_10,SALIVA,0.8,Random Forest Regressor,GridSearchCV,0.7615466680202087,0.49356023609535493,15.359022511215745,0.1125197535747613,f15a5cb452a44e508d37e64811c0b3df,experiment_linear_il_10
1604.495089742189,0.005094608415637032,il_10,SALIVA,0.8,Random Forest Regressor,GridSearchCV,0.7615466680202087,0.49356023609535493,15.359022511215745,0.1125197535747613,f15a5cb452a44e508d37e64811c0b3df,experiment_linear_il_10
1621.851406818727,0.004978113881316982,il_10,SALIVA,0.8,Random Forest Regressor,GridSearchCV,0.7615466680202087,0.49356023609535493,15.359022511215745,0.1125197535747613,f15a5cb452a44e508d37e64811c0b3df,experiment_linear_il_10
1602.566610067018,0.004879139366108504,il_10,SALIVA,0.8,Random Forest Regressor,GridSearchCV,0.7615466680202087,0.49356023609535493,15.359022511215745,0.1125197535747613,f15a5cb452a44e508d37e64811c0b3df,experiment_linear_il_10
968.0967969357921,0.00483306984976595,il_10,SALIVA,0.8,Random Forest Regressor,GridSearchCV,0.7615466680202087,0.49356023609535493,15.359022511215745,0.1125197535747613,f15a5cb452a44e508d37e64811c0b3df,experiment_linear_il_10
1623.779886493898,0.004767006047075391,il_10,SALIVA,0.8,Random Forest Regressor,GridSearchCV,0.7615466680202087,0.49356023609535493,15.359022511215745,0.1125197535747613,f15a5cb452a44e508d37e64811c0b3df,experiment_linear_il_10
1178.30108152942,0.015534145492152575,il_10,SALIVA,0.8,Random Forest Regressor,GridSearchCV,0.8028077751921419,0.5143435504707699,16.033215708282317,0.013745970425207865,f15a5cb452a44e508d37e64811c0b3df,experiment_linear_il_10
1214.942195357667,0.015359264406043058,il_10,SALIVA,0.8,Random Forest Regressor,GridSearchCV,0.8028077751921419,0.5143435504707699,16.033215708282317,0.013745970425207865,f15a5cb452a44e508d37e64811c0b3df,experiment_linear_il_10
1166.730203478395,0.012081378349609196,il_10,SALIVA,0.8,Random Forest Regressor,GridSearchCV,0.8028077751921419,0.5143435504707699,16.033215708282317,0.013745970425207865,f15a5cb452a44e508d37e64811c0b3df,experiment_linear_il_10
1319.080097816896,0.011392887790628992,il_10,SALIVA,0.8,Random Forest Regressor,GridSearchCV,0.8028077751921419,0.5143435504707699,16.033215708282317,0.013745970425207865,f15a5cb452a44e508d37e64811c0b3df,experiment_linear_il_10
1305.580740090699,0.011038487727645875,il_10,SALIVA,0.8,Random Forest Regressor,GridSearchCV,0.8028077751921419,0.5143435504707699,16.033215708282317,0.013745970425207865,f15a5cb452a44e508d37e64811c0b3df,experiment_linear_il_10
1081.877097770875,0.010925433796248394,il_10,SALIVA,0.8,Random Forest Regressor,GridSearchCV,0.8028077751921419,0.5143435504707699,16.033215708282317,0.013745970425207865,f15a5cb452a44e508d37e64811c0b3df,experiment_linear_il_10
1083.805577446046,0.01066417545156346,il_10,SALIVA,0.8,Random Forest Regressor,GridSearchCV,0.8028077751921419,0.5143435504707699,16.033215708282317,0.013745970425207865,f15a5cb452a44e508d37e64811c0b3df,experiment_linear_il_10
1313.294658791383,0.009982028952749876,il_10,SALIVA,0.8,Random Forest Regressor,GridSearchCV,0.8028077751921419,0.5143435504707699,16.033215708282317,0.013745970425207865,f15a5cb452a44e508d37e64811c0b3df,experiment_linear_il_10
1216.870675032838,0.008728941868163304,il_10,SALIVA,0.8,Random Forest Regressor,GridSearchCV,0.8028077751921419,0.5143435504707699,16.033215708282317,0.013745970425207865,f15a5cb452a44e508d37e64811c0b3df,experiment_linear_il_10
1224.584593733522,0.008718378223885988,il_10,SALIVA,0.8,Random Forest Regressor,GridSearchCV,0.8028077751921419,0.5143435504707699,16.033215708282317,0.013745970425207865,f15a5cb452a44e508d37e64811c0b3df,experiment_linear_il_10
2576.448846028322,0.008613635228602657,il_10,SALIVA,0.8,Random Forest Regressor,GridSearchCV,0.8028077751921419,0.5143435504707699,16.033215708282317,0.013745970425207865,f15a5cb452a44e508d37e64811c0b3df,experiment_linear_il_10
1382.719927097535,0.008593254872434538,il_10,SALIVA,0.8,Random Forest Regressor,GridSearchCV,0.8028077751921419,0.5143435504707699,16.033215708282317,0.013745970425207865,f15a5cb452a44e508d37e64811c0b3df,experiment_linear_il_10
1184.086520554933,0.008402914917151696,il_10,SALIVA,0.8,Random Forest Regressor,GridSearchCV,0.8028077751921419,0.5143435504707699,16.033215708282317,0.013745970425207865,f15a5cb452a44e508d37e64811c0b3df,experiment_linear_il_10
1581.353333640138,0.008240078393035128,il_10,SALIVA,0.8,Random Forest Regressor,GridSearchCV,0.8028077751921419,0.5143435504707699,16.033215708282317,0.013745970425207865,f15a5cb452a44e508d37e64811c0b3df,experiment_linear_il_10
1164.801723803224,0.007906779093223395,il_10,SALIVA,0.8,Random Forest Regressor,GridSearchCV,0.8028077751921419,0.5143435504707699,16.033215708282317,0.013745970425207865,f15a5cb452a44e508d37e64811c0b3df,experiment_linear_il_10
1384.648406772706,0.007730413364809646,il_10,SALIVA,0.8,Random Forest Regressor,GridSearchCV,0.8028077751921419,0.5143435504707699,16.033215708282317,0.013745970425207865,f15a5cb452a44e508d37e64811c0b3df,experiment_linear_il_10
1218.799154708009,0.007684670234717888,il_10,SALIVA,0.8,Random Forest Regressor,GridSearchCV,0.8028077751921419,0.5143435504707699,16.033215708282317,0.013745970425207865,f15a5cb452a44e508d37e64811c0b3df,experiment_linear_il_10
1315.223138466554,0.007535012476566882,il_10,SALIVA,0.8,Random Forest Regressor,GridSearchCV,0.8028077751921419,0.5143435504707699,16.033215708282317,0.013745970425207865,f15a5cb452a44e508d37e64811c0b3df,experiment_linear_il_10
1328.72249619275,0.007530743200281846,il_10,SALIVA,0.8,Random Forest Regressor,GridSearchCV,0.8028077751921419,0.5143435504707699,16.033215708282317,0.013745970425207865,f15a5cb452a44e508d37e64811c0b3df,experiment_linear_il_10
1317.151618141725,0.007352756508304833,il_10,SALIVA,0.8,Random Forest Regressor,GridSearchCV,0.8028077751921419,0.5143435504707699,16.033215708282317,0.013745970425207865,f15a5cb452a44e508d37e64811c0b3df,experiment_linear_il_10
962.3113579102792,0.007339827694341303,il_10,SALIVA,0.8,Random Forest Regressor,GridSearchCV,0.7615466680202087,0.49356023609535493,15.359022511215745,0.1125197535747613,f15a5cb452a44e508d37e64811c0b3df,experiment_linear_il_10
960.3828782351084,0.007120601863404937,il_10,SALIVA,0.8,Random Forest Regressor,GridSearchCV,0.7615466680202087,0.49356023609535493,15.359022511215745,0.1125197535747613,f15a5cb452a44e508d37e64811c0b3df,experiment_linear_il_10
964.23983758545,0.0065752013723605115,il_10,SALIVA,0.8,Random Forest Regressor,GridSearchCV,0.7615466680202087,0.49356023609535493,15.359022511215745,0.1125197535747613,f15a5cb452a44e508d37e64811c0b3df,experiment_linear_il_10
958.4543985599371,0.006433551461596835,il_10,SALIVA,0.8,Random Forest Regressor,GridSearchCV,0.7615466680202087,0.49356023609535493,15.359022511215745,0.1125197535747613,f15a5cb452a44e508d37e64811c0b3df,experiment_linear_il_10
956.5259188847667,0.005795770020691461,il_10,SALIVA,0.8,Random Forest Regressor,GridSearchCV,0.7615466680202087,0.49356023609535493,15.359022511215745,0.1125197535747613,f15a5cb452a44e508d37e64811c0b3df,experiment_linear_il_10
1612.209008442873,0.0055029713638260185,il_10,SALIVA,0.8,Random Forest Regressor,GridSearchCV,0.7615466680202087,0.49356023609535493,15.359022511215745,0.1125197535747613,f15a5cb452a44e508d37e64811c0b3df,experiment_linear_il_10
1610.280528767702,0.0054804084971866555,il_10,SALIVA,0.8,Random Forest Regressor,GridSearchCV,0.7615466680202087,0.49356023609535493,15.359022511215745,0.1125197535747613,f15a5cb452a44e508d37e64811c0b3df,experiment_linear_il_10
1614.137488118043,0.0054533320005441845,il_10,SALIVA,0.8,Random Forest Regressor,GridSearchCV,0.7615466680202087,0.49356023609535493,15.359022511215745,0.1125197535747613,f15a5cb452a44e508d37e64811c0b3df,experiment_linear_il_10
966.1683172606208,0.00541235022791667,il_10,SALIVA,0.8,Random Forest Regressor,GridSearchCV,0.7615466680202087,0.49356023609535493,15.359022511215745,0.1125197535747613,f15a5cb452a44e508d37e64811c0b3df,experiment_linear_il_10
1608.35204909253,0.005408644965452248,il_10,SALIVA,0.8,Random Forest Regressor,GridSearchCV,0.7615466680202087,0.49356023609535493,15.359022511215745,0.1125197535747613,f15a5cb452a44e508d37e64811c0b3df,experiment_linear_il_10
1616.065967793214,0.005323968910500032,il_10,SALIVA,0.8,Random Forest Regressor,GridSearchCV,0.7615466680202087,0.49356023609535493,15.359022511215745,0.1125197535747613,f15a5cb452a44e508d37e64811c0b3df,experiment_linear_il_10
1606.42356941736,0.005270595405530433,il_10,SALIVA,0.8,Random Forest Regressor,GridSearchCV,0.7615466680202087,0.49356023609535493,15.359022511215745,0.1125197535747613,f15a5cb452a44e508d37e64811c0b3df,experiment_linear_il_10
1617.994447468385,0.005219393391934905,il_10,SALIVA,0.8,Random Forest Regressor,GridSearchCV,0.7615466680202087,0.49356023609535493,15.359022511215745,0.1125197535747613,f15a5cb452a44e508d37e64811c0b3df,experiment_linear_il_10
954.5974392095954,0.005169139080297774,il_10,SALIVA,0.8,Random Forest Regressor,GridSearchCV,0.7615466680202087,0.49356023609535493,15.359022511215745,0.1125197535747613,f15a5cb452a44e508d37e64811c0b3df,experiment_linear_il_10
1619.922927143556,0.0051307877036505705,il_10,SALIVA,0.8,Random Forest Regressor,GridSearchCV,0.7615466680202087,0.49356023609535493,15.359022511215745,0.1125197535747613,f15a5cb452a44e508d37e64811c0b3df,experiment_linear_il_10
1604.495089742189,0.005094608415637033,il_10,SALIVA,0.8,Random Forest Regressor,GridSearchCV,0.7615466680202087,0.49356023609535493,15.359022511215745,0.1125197535747613,f15a5cb452a44e508d37e64811c0b3df,experiment_linear_il_10
1621.851406818727,0.004978113881316981,il_10,SALIVA,0.8,Random Forest Regressor,GridSearchCV,0.7615466680202087,0.49356023609535493,15.359022511215745,0.1125197535747613,f15a5cb452a44e508d37e64811c0b3df,experiment_linear_il_10
1602.566610067018,0.004879139366108505,il_10,SALIVA,0.8,Random Forest Regressor,GridSearchCV,0.7615466680202087,0.49356023609535493,15.359022511215745,0.1125197535747613,f15a5cb452a44e508d37e64811c0b3df,experiment_linear_il_10
968.0967969357921,0.0048330698497659474,il_10,SALIVA,0.8,Random Forest Regressor,GridSearchCV,0.7615466680202087,0.49356023609535493,15.359022511215745,0.1125197535747613,f15a5cb452a44e508d37e64811c0b3df,experiment_linear_il_10
1623.779886493898,0.0047670060470753894,il_10,SALIVA,0.8,Random Forest Regressor,GridSearchCV,0.7615466680202087,0.49356023609535493,15.359022511215745,0.1125197535747613,f15a5cb452a44e508d37e64811c0b3df,experiment_linear_il_10
1178.30108152942,0.015534145492152575,il_10,SALIVA,0.8,Random Forest Regressor,GridSearchCV,0.8028077751921419,0.5143435504707699,16.033215708282317,0.013745970425207865,f15a5cb452a44e508d37e64811c0b3df,experiment_linear_il_10
1214.942195357667,0.015359264406043058,il_10,SALIVA,0.8,Random Forest Regressor,GridSearchCV,0.8028077751921419,0.5143435504707699,16.033215708282317,0.013745970425207865,f15a5cb452a44e508d37e64811c0b3df,experiment_linear_il_10
1166.730203478395,0.012081378349609196,il_10,SALIVA,0.8,Random Forest Regressor,GridSearchCV,0.8028077751921419,0.5143435504707699,16.033215708282317,0.013745970425207865,f15a5cb452a44e508d37e64811c0b3df,experiment_linear_il_10
1319.080097816896,0.011392887790628992,il_10,SALIVA,0.8,Random Forest Regressor,GridSearchCV,0.8028077751921419,0.5143435504707699,16.033215708282317,0.013745970425207865,f15a5cb452a44e508d37e64811c0b3df,experiment_linear_il_10
1305.580740090699,0.011038487727645875,il_10,SALIVA,0.8,Random Forest Regressor,GridSearchCV,0.8028077751921419,0.5143435504707699,16.033215708282317,0.013745970425207865,f15a5cb452a44e508d37e64811c0b3df,experiment_linear_il_10
1081.877097770875,0.010925433796248394,il_10,SALIVA,0.8,Random Forest Regressor,GridSearchCV,0.8028077751921419,0.5143435504707699,16.033215708282317,0.013745970425207865,f15a5cb452a44e508d37e64811c0b3df,experiment_linear_il_10
1083.805577446046,0.01066417545156346,il_10,SALIVA,0.8,Random Forest Regressor,GridSearchCV,0.8028077751921419,0.5143435504707699,16.033215708282317,0.013745970425207865,f15a5cb452a44e508d37e64811c0b3df,experiment_linear_il_10
1313.294658791383,0.009982028952749876,il_10,SALIVA,0.8,Random Forest Regressor,GridSearchCV,0.8028077751921419,0.5143435504707699,16.033215708282317,0.013745970425207865,f15a5cb452a44e508d37e64811c0b3df,experiment_linear_il_10
1216.870675032838,0.008728941868163304,il_10,SALIVA,0.8,Random Forest Regressor,GridSearchCV,0.8028077751921419,0.5143435504707699,16.033215708282317,0.013745970425207865,f15a5cb452a44e508d37e64811c0b3df,experiment_linear_il_10
1224.584593733522,0.008718378223885988,il_10,SALIVA,0.8,Random Forest Regressor,GridSearchCV,0.8028077751921419,0.5143435504707699,16.033215708282317,0.013745970425207865,f15a5cb452a44e508d37e64811c0b3df,experiment_linear_il_10
2576.448846028322,0.008613635228602657,il_10,SALIVA,0.8,Random Forest Regressor,GridSearchCV,0.8028077751921419,0.5143435504707699,16.033215708282317,0.013745970425207865,f15a5cb452a44e508d37e64811c0b3df,experiment_linear_il_10
1382.719927097535,0.008593254872434538,il_10,SALIVA,0.8,Random Forest Regressor,GridSearchCV,0.8028077751921419,0.5143435504707699,16.033215708282317,0.013745970425207865,f15a5cb452a44e508d37e64811c0b3df,experiment_linear_il_10
1184.086520554933,0.008402914917151696,il_10,SALIVA,0.8,Random Forest Regressor,GridSearchCV,0.8028077751921419,0.5143435504707699,16.033215708282317,0.013745970425207865,f15a5cb452a44e508d37e64811c0b3df,experiment_linear_il_10
1581.353333640138,0.008240078393035128,il_10,SALIVA,0.8,Random Forest Regressor,GridSearchCV,0.8028077751921419,0.5143435504707699,16.033215708282317,0.013745970425207865,f15a5cb452a44e508d37e64811c0b3df,experiment_linear_il_10
1164.801723803224,0.007906779093223395,il_10,SALIVA,0.8,Random Forest Regressor,GridSearchCV,0.8028077751921419,0.5143435504707699,16.033215708282317,0.013745970425207865,f15a5cb452a44e508d37e64811c0b3df,experiment_linear_il_10
1384.648406772706,0.007730413364809646,il_10,SALIVA,0.8,Random Forest Regressor,GridSearchCV,0.8028077751921419,0.5143435504707699,16.033215708282317,0.013745970425207865,f15a5cb452a44e508d37e64811c0b3df,experiment_linear_il_10
1218.799154708009,0.007684670234717888,il_10,SALIVA,0.8,Random Forest Regressor,GridSearchCV,0.8028077751921419,0.5143435504707699,16.033215708282317,0.013745970425207865,f15a5cb452a44e508d37e64811c0b3df,experiment_linear_il_10
1315.223138466554,0.007535012476566882,il_10,SALIVA,0.8,Random Forest Regressor,GridSearchCV,0.8028077751921419,0.5143435504707699,16.033215708282317,0.013745970425207865,f15a5cb452a44e508d37e64811c0b3df,experiment_linear_il_10
1328.72249619275,0.007530743200281846,il_10,SALIVA,0.8,Random Forest Regressor,GridSearchCV,0.8028077751921419,0.5143435504707699,16.033215708282317,0.013745970425207865,f15a5cb452a44e508d37e64811c0b3df,experiment_linear_il_10
1317.151618141725,0.007352756508304833,il_10,SALIVA,0.8,Random Forest Regressor,GridSearchCV,0.8028077751921419,0.5143435504707699,16.033215708282317,0.013745970425207865,f15a5cb452a44e508d37e64811c0b3df,experiment_linear_il_10
2713.370902965456,0.011142874349291622,il_10,SERUM,0.8,Random Forest Regressor,GridSearchCV,0.9879698240171889,0.6045849175261356,19.98499362234006,-0.007041646175173888,f15a5cb452a44e508d37e64811c0b3df,experiment_linear_il_10
2711.442423290285,0.011078118771363867,il_10,SERUM,0.8,Random Forest Regressor,GridSearchCV,0.9879698240171889,0.6045849175261356,19.98499362234006,-0.007041646175173888,f15a5cb452a44e508d37e64811c0b3df,experiment_linear_il_10
2715.299382640627,0.00681434031518956,il_10,SERUM,0.8,Random Forest Regressor,GridSearchCV,0.9879698240171889,0.6045849175261356,19.98499362234006,-0.007041646175173888,f15a5cb452a44e508d37e64811c0b3df,experiment_linear_il_10
2709.513943615114,0.00658459253935226,il_10,SERUM,0.8,Random Forest Regressor,GridSearchCV,0.9879698240171889,0.6045849175261356,19.98499362234006,-0.007041646175173888,f15a5cb452a44e508d37e64811c0b3df,experiment_linear_il_10
929.5272034323739,0.0038086007666996284,il_10,SERUM,0.8,Random Forest Regressor,GridSearchCV,0.9879698240171889,0.6045849175261356,19.98499362234006,-0.007041646175173888,f15a5cb452a44e508d37e64811c0b3df,experiment_linear_il_10
931.4556831075452,0.0036253909457535944,il_10,SERUM,0.8,Random Forest Regressor,GridSearchCV,0.9879698240171889,0.6045849175261356,19.98499362234006,-0.007041646175173888,f15a5cb452a44e508d37e64811c0b3df,experiment_linear_il_10
1195.657398605958,0.0035101116987094993,il_10,SERUM,0.8,Random Forest Regressor,GridSearchCV,0.9879698240171889,0.6045849175261356,19.98499362234006,-0.007041646175173888,f15a5cb452a44e508d37e64811c0b3df,experiment_linear_il_10
933.3841627827155,0.0034910522607005485,il_10,SERUM,0.8,Random Forest Regressor,GridSearchCV,0.9879698240171889,0.6045849175261356,19.98499362234006,-0.007041646175173888,f15a5cb452a44e508d37e64811c0b3df,experiment_linear_il_10
935.3126424578863,0.0033911935308255574,il_10,SERUM,0.8,Random Forest Regressor,GridSearchCV,0.9879698240171889,0.6045849175261356,19.98499362234006,-0.007041646175173888,f15a5cb452a44e508d37e64811c0b3df,experiment_linear_il_10
987.3815936875008,0.003381372236479217,il_10,SERUM,0.8,Random Forest Regressor,GridSearchCV,0.9879698240171889,0.6045849175261356,19.98499362234006,-0.007041646175173888,f15a5cb452a44e508d37e64811c0b3df,experiment_linear_il_10
985.4531140123299,0.0033697785573370384,il_10,SERUM,0.8,Random Forest Regressor,GridSearchCV,0.9879698240171889,0.6045849175261356,19.98499362234006,-0.007041646175173888,f15a5cb452a44e508d37e64811c0b3df,experiment_linear_il_10
983.5246343371587,0.003336455829163794,il_10,SERUM,0.8,Random Forest Regressor,GridSearchCV,0.9879698240171889,0.6045849175261356,19.98499362234006,-0.007041646175173888,f15a5cb452a44e508d37e64811c0b3df,experiment_linear_il_10
989.3100733626716,0.0033347960066407176,il_10,SERUM,0.8,Random Forest Regressor,GridSearchCV,0.9879698240171889,0.6045849175261356,19.98499362234006,-0.007041646175173888,f15a5cb452a44e508d37e64811c0b3df,experiment_linear_il_10
1193.728918930787,0.003332385206986361,il_10,SERUM,0.8,Random Forest Regressor,GridSearchCV,0.9879698240171889,0.6045849175261356,19.98499362234006,-0.007041646175173888,f15a5cb452a44e508d37e64811c0b3df,experiment_linear_il_10
944.9550408337414,0.0032424244897320672,il_10,SERUM,0.8,Random Forest Regressor,GridSearchCV,0.9879698240171889,0.6045849175261356,19.98499362234006,-0.007041646175173888,f15a5cb452a44e508d37e64811c0b3df,experiment_linear_il_10
981.5961546619883,0.0032384428022090347,il_10,SERUM,0.8,Random Forest Regressor,GridSearchCV,0.9879698240171889,0.6045849175261356,19.98499362234006,-0.007041646175173888,f15a5cb452a44e508d37e64811c0b3df,experiment_linear_il_10
1093.447975821901,0.0031748568682602113,il_10,SERUM,0.8,Random Forest Regressor,GridSearchCV,0.9879698240171889,0.6045849175261356,19.98499362234006,-0.007041646175173888,f15a5cb452a44e508d37e64811c0b3df,experiment_linear_il_10
973.8822359613046,0.0031666671894215073,il_10,SERUM,0.8,Random Forest Regressor,GridSearchCV,0.9879698240171889,0.6045849175261356,19.98499362234006,-0.007041646175173888,f15a5cb452a44e508d37e64811c0b3df,experiment_linear_il_10
991.2385530378428,0.00316648076691946,il_10,SERUM,0.8,Random Forest Regressor,GridSearchCV,0.9879698240171889,0.6045849175261356,19.98499362234006,-0.007041646175173888,f15a5cb452a44e508d37e64811c0b3df,experiment_linear_il_10
1091.51949614673,0.0031569512767981914,il_10,SERUM,0.8,Random Forest Regressor,GridSearchCV,0.9879698240171889,0.6045849175261356,19.98499362234006,-0.007041646175173888,f15a5cb452a44e508d37e64811c0b3df,experiment_linear_il_10
1587.138772665651,0.006963704175242886,il_10,SERUM,0.8,Random Forest Regressor,GridSearchCV,0.9534141004252,0.5587761878903038,18.415066262750006,0.0621719622917305,f15a5cb452a44e508d37e64811c0b3df,experiment_linear_il_10
1149.373886401856,0.006028820294462508,il_10,SERUM,0.8,Random Forest Regressor,GridSearchCV,0.9534141004252,0.5587761878903038,18.415066262750006,0.0621719622917305,f15a5cb452a44e508d37e64811c0b3df,experiment_linear_il_10
1577.496374289796,0.005854892695702702,il_10,SERUM,0.8,Random Forest Regressor,GridSearchCV,0.9534141004252,0.5587761878903038,18.415066262750006,0.0621719622917305,f15a5cb452a44e508d37e64811c0b3df,experiment_linear_il_10
1652.707081621461,0.005420017215252807,il_10,SERUM,0.8,Random Forest Regressor,GridSearchCV,0.9534141004252,0.5587761878903038,18.415066262750006,0.0621719622917305,f15a5cb452a44e508d37e64811c0b3df,experiment_linear_il_10
2867.649276979128,0.005378275435061372,il_10,SERUM,0.8,Random Forest Regressor,GridSearchCV,0.9534141004252,0.5587761878903038,18.415066262750006,0.0621719622917305,f15a5cb452a44e508d37e64811c0b3df,experiment_linear_il_10
1770.344341806886,0.005367088211111517,il_10,SERUM,0.8,Random Forest Regressor,GridSearchCV,0.9534141004252,0.5587761878903038,18.415066262750006,0.0621719622917305,f15a5cb452a44e508d37e64811c0b3df,experiment_linear_il_10
2674.801309462038,0.005278721439836404,il_10,SERUM,0.8,Random Forest Regressor,GridSearchCV,0.9534141004252,0.5587761878903038,18.415066262750006,0.0621719622917305,f15a5cb452a44e508d37e64811c0b3df,experiment_linear_il_10
1764.558902781373,0.005243906021314194,il_10,SERUM,0.8,Random Forest Regressor,GridSearchCV,0.9534141004252,0.5587761878903038,18.415066262750006,0.0621719622917305,f15a5cb452a44e508d37e64811c0b3df,experiment_linear_il_10
2782.796171271609,0.0050724013602261135,il_10,SERUM,0.8,Random Forest Regressor,GridSearchCV,0.9534141004252,0.5587761878903038,18.415066262750006,0.0621719622917305,f15a5cb452a44e508d37e64811c0b3df,experiment_linear_il_10
2670.944350111697,0.005060563299785017,il_10,SERUM,0.8,Random Forest Regressor,GridSearchCV,0.9534141004252,0.5587761878903038,18.415066262750006,0.0621719622917305,f15a5cb452a44e508d37e64811c0b3df,experiment_linear_il_10
2819.437285099856,0.005021733209055201,il_10,SERUM,0.8,Random Forest Regressor,GridSearchCV,0.9534141004252,0.5587761878903038,18.415066262750006,0.0621719622917305,f15a5cb452a44e508d37e64811c0b3df,experiment_linear_il_10
2738.441138742678,0.004990631697475281,il_10,SERUM,0.8,Random Forest Regressor,GridSearchCV,0.9534141004252,0.5587761878903038,18.415066262750006,0.0621719622917305,f15a5cb452a44e508d37e64811c0b3df,experiment_linear_il_10
931.4556831075452,0.004900383222202836,il_10,SERUM,0.8,Random Forest Regressor,GridSearchCV,0.9534141004252,0.5587761878903038,18.415066262750006,0.0621719622917305,f15a5cb452a44e508d37e64811c0b3df,experiment_linear_il_10
1795.414577584108,0.004806423124758109,il_10,SERUM,0.8,Random Forest Regressor,GridSearchCV,0.9534141004252,0.5587761878903038,18.415066262750006,0.0621719622917305,f15a5cb452a44e508d37e64811c0b3df,experiment_linear_il_10
933.3841627827155,0.00466932764437315,il_10,SERUM,0.8,Random Forest Regressor,GridSearchCV,0.9534141004252,0.5587761878903038,18.415066262750006,0.0621719622917305,f15a5cb452a44e508d37e64811c0b3df,experiment_linear_il_10
1581.353333640138,0.004659032023635364,il_10,SERUM,0.8,Random Forest Regressor,GridSearchCV,0.9534141004252,0.5587761878903038,18.415066262750006,0.0621719622917305,f15a5cb452a44e508d37e64811c0b3df,experiment_linear_il_10
2777.010732246096,0.004572490169156124,il_10,SERUM,0.8,Random Forest Regressor,GridSearchCV,0.9534141004252,0.5587761878903038,18.415066262750006,0.0621719622917305,f15a5cb452a44e508d37e64811c0b3df,experiment_linear_il_10
2694.086106213747,0.004534855058914105,il_10,SERUM,0.8,Random Forest Regressor,GridSearchCV,0.9534141004252,0.5587761878903038,18.415066262750006,0.0621719622917305,f15a5cb452a44e508d37e64811c0b3df,experiment_linear_il_10
1199.5143579563,0.00450907577945162,il_10,SERUM,0.8,Random Forest Regressor,GridSearchCV,0.9534141004252,0.5587761878903038,18.415066262750006,0.0621719622917305,f15a5cb452a44e508d37e64811c0b3df,experiment_linear_il_10
1147.445406726686,0.004503542885851442,il_10,SERUM,0.8,Random Forest Regressor,GridSearchCV,0.9534141004252,0.5587761878903038,18.415066262750006,0.0621719622917305,f15a5cb452a44e508d37e64811c0b3df,experiment_linear_il_10
2713.370902965456,0.011142874349291624,il_10,SERUM,0.8,Random Forest Regressor,GridSearchCV,0.9879698240171889,0.6045849175261356,19.98499362234006,-0.007041646175173888,f15a5cb452a44e508d37e64811c0b3df,experiment_linear_il_10
2711.442423290285,0.011078118771363868,il_10,SERUM,0.8,Random Forest Regressor,GridSearchCV,0.9879698240171889,0.6045849175261356,19.98499362234006,-0.007041646175173888,f15a5cb452a44e508d37e64811c0b3df,experiment_linear_il_10
2715.299382640627,0.006814340315189564,il_10,SERUM,0.8,Random Forest Regressor,GridSearchCV,0.9879698240171889,0.6045849175261356,19.98499362234006,-0.007041646175173888,f15a5cb452a44e508d37e64811c0b3df,experiment_linear_il_10
2709.513943615114,0.0065845925393522575,il_10,SERUM,0.8,Random Forest Regressor,GridSearchCV,0.9879698240171889,0.6045849175261356,19.98499362234006,-0.007041646175173888,f15a5cb452a44e508d37e64811c0b3df,experiment_linear_il_10
929.5272034323739,0.0038086007666996284,il_10,SERUM,0.8,Random Forest Regressor,GridSearchCV,0.9879698240171889,0.6045849175261356,19.98499362234006,-0.007041646175173888,f15a5cb452a44e508d37e64811c0b3df,experiment_linear_il_10
931.4556831075452,0.003625390945753596,il_10,SERUM,0.8,Random Forest Regressor,GridSearchCV,0.9879698240171889,0.6045849175261356,19.98499362234006,-0.007041646175173888,f15a5cb452a44e508d37e64811c0b3df,experiment_linear_il_10
1195.657398605958,0.003510111698709499,il_10,SERUM,0.8,Random Forest Regressor,GridSearchCV,0.9879698240171889,0.6045849175261356,19.98499362234006,-0.007041646175173888,f15a5cb452a44e508d37e64811c0b3df,experiment_linear_il_10
933.3841627827155,0.0034910522607005494,il_10,SERUM,0.8,Random Forest Regressor,GridSearchCV,0.9879698240171889,0.6045849175261356,19.98499362234006,-0.007041646175173888,f15a5cb452a44e508d37e64811c0b3df,experiment_linear_il_10
935.3126424578863,0.0033911935308255582,il_10,SERUM,0.8,Random Forest Regressor,GridSearchCV,0.9879698240171889,0.6045849175261356,19.98499362234006,-0.007041646175173888,f15a5cb452a44e508d37e64811c0b3df,experiment_linear_il_10
987.3815936875008,0.0033813722364792165,il_10,SERUM,0.8,Random Forest Regressor,GridSearchCV,0.9879698240171889,0.6045849175261356,19.98499362234006,-0.007041646175173888,f15a5cb452a44e508d37e64811c0b3df,experiment_linear_il_10
985.4531140123299,0.003369778557337038,il_10,SERUM,0.8,Random Forest Regressor,GridSearchCV,0.9879698240171889,0.6045849175261356,19.98499362234006,-0.007041646175173888,f15a5cb452a44e508d37e64811c0b3df,experiment_linear_il_10
983.5246343371587,0.003336455829163794,il_10,SERUM,0.8,Random Forest Regressor,GridSearchCV,0.9879698240171889,0.6045849175261356,19.98499362234006,-0.007041646175173888,f15a5cb452a44e508d37e64811c0b3df,experiment_linear_il_10
989.3100733626716,0.0033347960066407185,il_10,SERUM,0.8,Random Forest Regressor,GridSearchCV,0.9879698240171889,0.6045849175261356,19.98499362234006,-0.007041646175173888,f15a5cb452a44e508d37e64811c0b3df,experiment_linear_il_10
1193.728918930787,0.0033323852069863593,il_10,SERUM,0.8,Random Forest Regressor,GridSearchCV,0.9879698240171889,0.6045849175261356,19.98499362234006,-0.007041646175173888,f15a5cb452a44e508d37e64811c0b3df,experiment_linear_il_10
944.9550408337414,0.0032424244897320677,il_10,SERUM,0.8,Random Forest Regressor,GridSearchCV,0.9879698240171889,0.6045849175261356,19.98499362234006,-0.007041646175173888,f15a5cb452a44e508d37e64811c0b3df,experiment_linear_il_10
981.5961546619883,0.003238442802209036,il_10,SERUM,0.8,Random Forest Regressor,GridSearchCV,0.9879698240171889,0.6045849175261356,19.98499362234006,-0.007041646175173888,f15a5cb452a44e508d37e64811c0b3df,experiment_linear_il_10
1093.447975821901,0.0031748568682602083,il_10,SERUM,0.8,Random Forest Regressor,GridSearchCV,0.9879698240171889,0.6045849175261356,19.98499362234006,-0.007041646175173888,f15a5cb452a44e508d37e64811c0b3df,experiment_linear_il_10
973.8822359613046,0.0031666671894215047,il_10,SERUM,0.8,Random Forest Regressor,GridSearchCV,0.9879698240171889,0.6045849175261356,19.98499362234006,-0.007041646175173888,f15a5cb452a44e508d37e64811c0b3df,experiment_linear_il_10
991.2385530378428,0.003166480766919459,il_10,SERUM,0.8,Random Forest Regressor,GridSearchCV,0.9879698240171889,0.6045849175261356,19.98499362234006,-0.007041646175173888,f15a5cb452a44e508d37e64811c0b3df,experiment_linear_il_10
1091.51949614673,0.0031569512767981884,il_10,SERUM,0.8,Random Forest Regressor,GridSearchCV,0.9879698240171889,0.6045849175261356,19.98499362234006,-0.007041646175173888,f15a5cb452a44e508d37e64811c0b3df,experiment_linear_il_10
1587.138772665651,0.006963704175242886,il_10,SERUM,0.8,Random Forest Regressor,GridSearchCV,0.9534141004252,0.5587761878903038,18.415066262750006,0.0621719622917305,f15a5cb452a44e508d37e64811c0b3df,experiment_linear_il_10
1149.373886401856,0.006028820294462508,il_10,SERUM,0.8,Random Forest Regressor,GridSearchCV,0.9534141004252,0.5587761878903038,18.415066262750006,0.0621719622917305,f15a5cb452a44e508d37e64811c0b3df,experiment_linear_il_10
1577.496374289796,0.005854892695702702,il_10,SERUM,0.8,Random Forest Regressor,GridSearchCV,0.9534141004252,0.5587761878903038,18.415066262750006,0.0621719622917305,f15a5cb452a44e508d37e64811c0b3df,experiment_linear_il_10
1652.707081621461,0.005420017215252807,il_10,SERUM,0.8,Random Forest Regressor,GridSearchCV,0.9534141004252,0.5587761878903038,18.415066262750006,0.0621719622917305,f15a5cb452a44e508d37e64811c0b3df,experiment_linear_il_10
2867.649276979128,0.005378275435061372,il_10,SERUM,0.8,Random Forest Regressor,GridSearchCV,0.9534141004252,0.5587761878903038,18.415066262750006,0.0621719622917305,f15a5cb452a44e508d37e64811c0b3df,experiment_linear_il_10
1770.344341806886,0.005367088211111517,il_10,SERUM,0.8,Random Forest Regressor,GridSearchCV,0.9534141004252,0.5587761878903038,18.415066262750006,0.0621719622917305,f15a5cb452a44e508d37e64811c0b3df,experiment_linear_il_10
2674.801309462038,0.005278721439836404,il_10,SERUM,0.8,Random Forest Regressor,GridSearchCV,0.9534141004252,0.5587761878903038,18.415066262750006,0.0621719622917305,f15a5cb452a44e508d37e64811c0b3df,experiment_linear_il_10
1764.558902781373,0.005243906021314194,il_10,SERUM,0.8,Random Forest Regressor,GridSearchCV,0.9534141004252,0.5587761878903038,18.415066262750006,0.0621719622917305,f15a5cb452a44e508d37e64811c0b3df,experiment_linear_il_10
2782.796171271609,0.0050724013602261135,il_10,SERUM,0.8,Random Forest Regressor,GridSearchCV,0.9534141004252,0.5587761878903038,18.415066262750006,0.0621719622917305,f15a5cb452a44e508d37e64811c0b3df,experiment_linear_il_10
2670.944350111697,0.005060563299785017,il_10,SERUM,0.8,Random Forest Regressor,GridSearchCV,0.9534141004252,0.5587761878903038,18.415066262750006,0.0621719622917305,f15a5cb452a44e508d37e64811c0b3df,experiment_linear_il_10
2819.437285099856,0.005021733209055201,il_10,SERUM,0.8,Random Forest Regressor,GridSearchCV,0.9534141004252,0.5587761878903038,18.415066262750006,0.0621719622917305,f15a5cb452a44e508d37e64811c0b3df,experiment_linear_il_10
2738.441138742678,0.004990631697475281,il_10,SERUM,0.8,Random Forest Regressor,GridSearchCV,0.9534141004252,0.5587761878903038,18.415066262750006,0.0621719622917305,f15a5cb452a44e508d37e64811c0b3df,experiment_linear_il_10
931.4556831075452,0.004900383222202836,il_10,SERUM,0.8,Random Forest Regressor,GridSearchCV,0.9534141004252,0.5587761878903038,18.415066262750006,0.0621719622917305,f15a5cb452a44e508d37e64811c0b3df,experiment_linear_il_10
1795.414577584108,0.004806423124758109,il_10,SERUM,0.8,Random Forest Regressor,GridSearchCV,0.9534141004252,0.5587761878903038,18.415066262750006,0.0621719622917305,f15a5cb452a44e508d37e64811c0b3df,experiment_linear_il_10
933.3841627827155,0.00466932764437315,il_10,SERUM,0.8,Random Forest Regressor,GridSearchCV,0.9534141004252,0.5587761878903038,18.415066262750006,0.0621719622917305,f15a5cb452a44e508d37e64811c0b3df,experiment_linear_il_10
1581.353333640138,0.004659032023635364,il_10,SERUM,0.8,Random Forest Regressor,GridSearchCV,0.9534141004252,0.5587761878903038,18.415066262750006,0.0621719622917305,f15a5cb452a44e508d37e64811c0b3df,experiment_linear_il_10
2777.010732246096,0.004572490169156124,il_10,SERUM,0.8,Random Forest Regressor,GridSearchCV,0.9534141004252,0.5587761878903038,18.415066262750006,0.0621719622917305,f15a5cb452a44e508d37e64811c0b3df,experiment_linear_il_10
2694.086106213747,0.004534855058914105,il_10,SERUM,0.8,Random Forest Regressor,GridSearchCV,0.9534141004252,0.5587761878903038,18.415066262750006,0.0621719622917305,f15a5cb452a44e508d37e64811c0b3df,experiment_linear_il_10
1199.5143579563,0.00450907577945162,il_10,SERUM,0.8,Random Forest Regressor,GridSearchCV,0.9534141004252,0.5587761878903038,18.415066262750006,0.0621719622917305,f15a5cb452a44e508d37e64811c0b3df,experiment_linear_il_10
1147.445406726686,0.004503542885851442,il_10,SERUM,0.8,Random Forest Regressor,GridSearchCV,0.9534141004252,0.5587761878903038,18.415066262750006,0.0621719622917305,f15a5cb452a44e508d37e64811c0b3df,experiment_linear_il_10
1396.219284823732,0.0049226120500924725,il_10,URINE,0.8,Random Forest Regressor,GridSearchCV,0.8187643763613655,0.5070203039020257,16.93266692842471,-0.03201992534004683,f15a5cb452a44e508d37e64811c0b3df,experiment_linear_il_10
1398.147764498902,0.004816033476819971,il_10,URINE,0.8,Random Forest Regressor,GridSearchCV,0.8187643763613655,0.5070203039020257,16.93266692842471,-0.03201992534004683,f15a5cb452a44e508d37e64811c0b3df,experiment_linear_il_10
1394.290805148561,0.004784976834273451,il_10,URINE,0.8,Random Forest Regressor,GridSearchCV,0.8187643763613655,0.5070203039020257,16.93266692842471,-0.03201992534004683,f15a5cb452a44e508d37e64811c0b3df,experiment_linear_il_10
1400.076244174074,0.0045260606990816426,il_10,URINE,0.8,Random Forest Regressor,GridSearchCV,0.8187643763613655,0.5070203039020257,16.93266692842471,-0.03201992534004683,f15a5cb452a44e508d37e64811c0b3df,experiment_linear_il_10
1392.36232547339,0.004405585368693714,il_10,URINE,0.8,Random Forest Regressor,GridSearchCV,0.8187643763613655,0.5070203039020257,16.93266692842471,-0.03201992534004683,f15a5cb452a44e508d37e64811c0b3df,experiment_linear_il_10
1747.202585704835,0.004184454009597267,il_10,URINE,0.8,Random Forest Regressor,GridSearchCV,0.8187643763613655,0.5070203039020257,16.93266692842471,-0.03201992534004683,f15a5cb452a44e508d37e64811c0b3df,experiment_linear_il_10
1749.131065380006,0.0041808149112475615,il_10,URINE,0.8,Random Forest Regressor,GridSearchCV,0.8187643763613655,0.5070203039020257,16.93266692842471,-0.03201992534004683,f15a5cb452a44e508d37e64811c0b3df,experiment_linear_il_10
1402.004723849244,0.004156281738787248,il_10,URINE,0.8,Random Forest Regressor,GridSearchCV,0.8187643763613655,0.5070203039020257,16.93266692842471,-0.03201992534004683,f15a5cb452a44e508d37e64811c0b3df,experiment_linear_il_10
1751.059545055177,0.004146314372786052,il_10,URINE,0.8,Random Forest Regressor,GridSearchCV,0.8187643763613655,0.5070203039020257,16.93266692842471,-0.03201992534004683,f15a5cb452a44e508d37e64811c0b3df,experiment_linear_il_10
1752.988024730348,0.00414461170153145,il_10,URINE,0.8,Random Forest Regressor,GridSearchCV,0.8187643763613655,0.5070203039020257,16.93266692842471,-0.03201992534004683,f15a5cb452a44e508d37e64811c0b3df,experiment_linear_il_10
1754.916504405519,0.004109541793337194,il_10,URINE,0.8,Random Forest Regressor,GridSearchCV,0.8187643763613655,0.5070203039020257,16.93266692842471,-0.03201992534004683,f15a5cb452a44e508d37e64811c0b3df,experiment_linear_il_10
1745.274106029664,0.004090921380158686,il_10,URINE,0.8,Random Forest Regressor,GridSearchCV,0.8187643763613655,0.5070203039020257,16.93266692842471,-0.03201992534004683,f15a5cb452a44e508d37e64811c0b3df,experiment_linear_il_10
1756.84498408069,0.004039946155350026,il_10,URINE,0.8,Random Forest Regressor,GridSearchCV,0.8187643763613655,0.5070203039020257,16.93266692842471,-0.03201992534004683,f15a5cb452a44e508d37e64811c0b3df,experiment_linear_il_10
1743.345626354494,0.003953818199518464,il_10,URINE,0.8,Random Forest Regressor,GridSearchCV,0.8187643763613655,0.5070203039020257,16.93266692842471,-0.03201992534004683,f15a5cb452a44e508d37e64811c0b3df,experiment_linear_il_10
1758.773463755861,0.003953652568956338,il_10,URINE,0.8,Random Forest Regressor,GridSearchCV,0.8187643763613655,0.5070203039020257,16.93266692842471,-0.03201992534004683,f15a5cb452a44e508d37e64811c0b3df,experiment_linear_il_10
1760.701943431032,0.003836382387241468,il_10,URINE,0.8,Random Forest Regressor,GridSearchCV,0.8187643763613655,0.5070203039020257,16.93266692842471,-0.03201992534004683,f15a5cb452a44e508d37e64811c0b3df,experiment_linear_il_10
1390.433845798219,0.0038008351862860775,il_10,URINE,0.8,Random Forest Regressor,GridSearchCV,0.8187643763613655,0.5070203039020257,16.93266692842471,-0.03201992534004683,f15a5cb452a44e508d37e64811c0b3df,experiment_linear_il_10
1403.933203524415,0.0037893243496249862,il_10,URINE,0.8,Random Forest Regressor,GridSearchCV,0.8187643763613655,0.5070203039020257,16.93266692842471,-0.03201992534004683,f15a5cb452a44e508d37e64811c0b3df,experiment_linear_il_10
1741.417146679323,0.003785347872360619,il_10,URINE,0.8,Random Forest Regressor,GridSearchCV,0.8187643763613655,0.5070203039020257,16.93266692842471,-0.03201992534004683,f15a5cb452a44e508d37e64811c0b3df,experiment_linear_il_10
1762.630423106202,0.0037497966069178854,il_10,URINE,0.8,Random Forest Regressor,GridSearchCV,0.8187643763613655,0.5070203039020257,16.93266692842471,-0.03201992534004683,f15a5cb452a44e508d37e64811c0b3df,experiment_linear_il_10
1600.638130391847,0.012201596709615516,il_10,URINE,0.8,Random Forest Regressor,GridSearchCV,0.7604658275049953,0.45574709984247935,15.362851315723864,0.10971386164873687,f15a5cb452a44e508d37e64811c0b3df,experiment_linear_il_10
1288.224423014161,0.009551003237361865,il_10,URINE,0.8,Random Forest Regressor,GridSearchCV,0.7604658275049953,0.45574709984247935,15.362851315723864,0.10971386164873687,f15a5cb452a44e508d37e64811c0b3df,experiment_linear_il_10
1290.152902689332,0.008571701528023036,il_10,URINE,0.8,Random Forest Regressor,GridSearchCV,0.7604658275049953,0.45574709984247935,15.362851315723864,0.10971386164873687,f15a5cb452a44e508d37e64811c0b3df,experiment_linear_il_10
1060.663821343995,0.008470692004367645,il_10,URINE,0.8,Random Forest Regressor,GridSearchCV,0.7604658275049953,0.45574709984247935,15.362851315723864,0.10971386164873687,f15a5cb452a44e508d37e64811c0b3df,experiment_linear_il_10
1508.071105983644,0.00798294062131741,il_10,URINE,0.8,Random Forest Regressor,GridSearchCV,0.7604658275049953,0.45574709984247935,15.362851315723864,0.10971386164873687,f15a5cb452a44e508d37e64811c0b3df,experiment_linear_il_10
1691.276675124879,0.007512378492005299,il_10,URINE,0.8,Random Forest Regressor,GridSearchCV,0.7604658275049953,0.45574709984247935,15.362851315723864,0.10971386164873687,f15a5cb452a44e508d37e64811c0b3df,experiment_linear_il_10
1538.926780786378,0.00713163423381221,il_10,URINE,0.8,Random Forest Regressor,GridSearchCV,0.7604658275049953,0.45574709984247935,15.362851315723864,0.10971386164873687,f15a5cb452a44e508d37e64811c0b3df,experiment_linear_il_10
1509.999585658815,0.006829815969461243,il_10,URINE,0.8,Random Forest Regressor,GridSearchCV,0.7604658275049953,0.45574709984247935,15.362851315723864,0.10971386164873687,f15a5cb452a44e508d37e64811c0b3df,experiment_linear_il_10
1521.57046370984,0.0067078081393104625,il_10,URINE,0.8,Random Forest Regressor,GridSearchCV,0.7604658275049953,0.45574709984247935,15.362851315723864,0.10971386164873687,f15a5cb452a44e508d37e64811c0b3df,experiment_linear_il_10
1041.379024592286,0.0066563608278251765,il_10,URINE,0.8,Random Forest Regressor,GridSearchCV,0.7604658275049953,0.45574709984247935,15.362851315723864,0.10971386164873687,f15a5cb452a44e508d37e64811c0b3df,experiment_linear_il_10
1502.285666958131,0.006597437411335775,il_10,URINE,0.8,Random Forest Regressor,GridSearchCV,0.7604658275049953,0.45574709984247935,15.362851315723864,0.10971386164873687,f15a5cb452a44e508d37e64811c0b3df,experiment_linear_il_10
2655.516512710329,0.006236051213076454,il_10,URINE,0.8,Random Forest Regressor,GridSearchCV,0.7604658275049953,0.45574709984247935,15.362851315723864,0.10971386164873687,f15a5cb452a44e508d37e64811c0b3df,experiment_linear_il_10
1758.773463755861,0.006091503994090368,il_10,URINE,0.8,Random Forest Regressor,GridSearchCV,0.7604658275049953,0.45574709984247935,15.362851315723864,0.10971386164873687,f15a5cb452a44e508d37e64811c0b3df,experiment_linear_il_10
2678.65826881238,0.005749147772802868,il_10,URINE,0.8,Random Forest Regressor,GridSearchCV,0.7604658275049953,0.45574709984247935,15.362851315723864,0.10971386164873687,f15a5cb452a44e508d37e64811c0b3df,experiment_linear_il_10
1027.87966686609,0.0057083971530047205,il_10,URINE,0.8,Random Forest Regressor,GridSearchCV,0.7604658275049953,0.45574709984247935,15.362851315723864,0.10971386164873687,f15a5cb452a44e508d37e64811c0b3df,experiment_linear_il_10
2707.585463939944,0.005530003613016219,il_10,URINE,0.8,Random Forest Regressor,GridSearchCV,0.7604658275049953,0.45574709984247935,15.362851315723864,0.10971386164873687,f15a5cb452a44e508d37e64811c0b3df,experiment_linear_il_10
1135.87452867566,0.005445237755058595,il_10,URINE,0.8,Random Forest Regressor,GridSearchCV,0.7604658275049953,0.45574709984247935,15.362851315723864,0.10971386164873687,f15a5cb452a44e508d37e64811c0b3df,experiment_linear_il_10
1064.520780694337,0.005377309189764313,il_10,URINE,0.8,Random Forest Regressor,GridSearchCV,0.7604658275049953,0.45574709984247935,15.362851315723864,0.10971386164873687,f15a5cb452a44e508d37e64811c0b3df,experiment_linear_il_10
1565.925496238771,0.005358693790056904,il_10,URINE,0.8,Random Forest Regressor,GridSearchCV,0.7604658275049953,0.45574709984247935,15.362851315723864,0.10971386164873687,f15a5cb452a44e508d37e64811c0b3df,experiment_linear_il_10
1803.128496284791,0.005344138190286518,il_10,URINE,0.8,Random Forest Regressor,GridSearchCV,0.7604658275049953,0.45574709984247935,15.362851315723864,0.10971386164873687,f15a5cb452a44e508d37e64811c0b3df,experiment_linear_il_10
1396.219284823732,0.004922612050092471,il_10,URINE,0.8,Random Forest Regressor,GridSearchCV,0.8187643763613655,0.5070203039020257,16.93266692842471,-0.03201992534004683,f15a5cb452a44e508d37e64811c0b3df,experiment_linear_il_10
1398.147764498902,0.004816033476819966,il_10,URINE,0.8,Random Forest Regressor,GridSearchCV,0.8187643763613655,0.5070203039020257,16.93266692842471,-0.03201992534004683,f15a5cb452a44e508d37e64811c0b3df,experiment_linear_il_10
1394.290805148561,0.004784976834273451,il_10,URINE,0.8,Random Forest Regressor,GridSearchCV,0.8187643763613655,0.5070203039020257,16.93266692842471,-0.03201992534004683,f15a5cb452a44e508d37e64811c0b3df,experiment_linear_il_10
1400.076244174074,0.00452606069908164,il_10,URINE,0.8,Random Forest Regressor,GridSearchCV,0.8187643763613655,0.5070203039020257,16.93266692842471,-0.03201992534004683,f15a5cb452a44e508d37e64811c0b3df,experiment_linear_il_10
1392.36232547339,0.004405585368693714,il_10,URINE,0.8,Random Forest Regressor,GridSearchCV,0.8187643763613655,0.5070203039020257,16.93266692842471,-0.03201992534004683,f15a5cb452a44e508d37e64811c0b3df,experiment_linear_il_10
1747.202585704835,0.0041844540095972655,il_10,URINE,0.8,Random Forest Regressor,GridSearchCV,0.8187643763613655,0.5070203039020257,16.93266692842471,-0.03201992534004683,f15a5cb452a44e508d37e64811c0b3df,experiment_linear_il_10
1749.131065380006,0.004180814911247561,il_10,URINE,0.8,Random Forest Regressor,GridSearchCV,0.8187643763613655,0.5070203039020257,16.93266692842471,-0.03201992534004683,f15a5cb452a44e508d37e64811c0b3df,experiment_linear_il_10
1402.004723849244,0.004156281738787245,il_10,URINE,0.8,Random Forest Regressor,GridSearchCV,0.8187643763613655,0.5070203039020257,16.93266692842471,-0.03201992534004683,f15a5cb452a44e508d37e64811c0b3df,experiment_linear_il_10
1751.059545055177,0.00414631437278605,il_10,URINE,0.8,Random Forest Regressor,GridSearchCV,0.8187643763613655,0.5070203039020257,16.93266692842471,-0.03201992534004683,f15a5cb452a44e508d37e64811c0b3df,experiment_linear_il_10
1752.988024730348,0.004144611701531451,il_10,URINE,0.8,Random Forest Regressor,GridSearchCV,0.8187643763613655,0.5070203039020257,16.93266692842471,-0.03201992534004683,f15a5cb452a44e508d37e64811c0b3df,experiment_linear_il_10
1754.916504405519,0.004109541793337195,il_10,URINE,0.8,Random Forest Regressor,GridSearchCV,0.8187643763613655,0.5070203039020257,16.93266692842471,-0.03201992534004683,f15a5cb452a44e508d37e64811c0b3df,experiment_linear_il_10
1745.274106029664,0.004090921380158686,il_10,URINE,0.8,Random Forest Regressor,GridSearchCV,0.8187643763613655,0.5070203039020257,16.93266692842471,-0.03201992534004683,f15a5cb452a44e508d37e64811c0b3df,experiment_linear_il_10
1756.84498408069,0.004039946155350027,il_10,URINE,0.8,Random Forest Regressor,GridSearchCV,0.8187643763613655,0.5070203039020257,16.93266692842471,-0.03201992534004683,f15a5cb452a44e508d37e64811c0b3df,experiment_linear_il_10
1743.345626354494,0.003953818199518465,il_10,URINE,0.8,Random Forest Regressor,GridSearchCV,0.8187643763613655,0.5070203039020257,16.93266692842471,-0.03201992534004683,f15a5cb452a44e508d37e64811c0b3df,experiment_linear_il_10
1758.773463755861,0.00395365256895634,il_10,URINE,0.8,Random Forest Regressor,GridSearchCV,0.8187643763613655,0.5070203039020257,16.93266692842471,-0.03201992534004683,f15a5cb452a44e508d37e64811c0b3df,experiment_linear_il_10
1760.701943431032,0.00383638238724147,il_10,URINE,0.8,Random Forest Regressor,GridSearchCV,0.8187643763613655,0.5070203039020257,16.93266692842471,-0.03201992534004683,f15a5cb452a44e508d37e64811c0b3df,experiment_linear_il_10
1390.433845798219,0.0038008351862860797,il_10,URINE,0.8,Random Forest Regressor,GridSearchCV,0.8187643763613655,0.5070203039020257,16.93266692842471,-0.03201992534004683,f15a5cb452a44e508d37e64811c0b3df,experiment_linear_il_10
1403.933203524415,0.003789324349624985,il_10,URINE,0.8,Random Forest Regressor,GridSearchCV,0.8187643763613655,0.5070203039020257,16.93266692842471,-0.03201992534004683,f15a5cb452a44e508d37e64811c0b3df,experiment_linear_il_10
1741.417146679323,0.00378534787236062,il_10,URINE,0.8,Random Forest Regressor,GridSearchCV,0.8187643763613655,0.5070203039020257,16.93266692842471,-0.03201992534004683,f15a5cb452a44e508d37e64811c0b3df,experiment_linear_il_10
1762.630423106202,0.0037497966069178863,il_10,URINE,0.8,Random Forest Regressor,GridSearchCV,0.8187643763613655,0.5070203039020257,16.93266692842471,-0.03201992534004683,f15a5cb452a44e508d37e64811c0b3df,experiment_linear_il_10
1600.638130391847,0.012201596709615516,il_10,URINE,0.8,Random Forest Regressor,GridSearchCV,0.7604658275049953,0.45574709984247935,15.362851315723864,0.10971386164873687,f15a5cb452a44e508d37e64811c0b3df,experiment_linear_il_10
1288.224423014161,0.009551003237361865,il_10,URINE,0.8,Random Forest Regressor,GridSearchCV,0.7604658275049953,0.45574709984247935,15.362851315723864,0.10971386164873687,f15a5cb452a44e508d37e64811c0b3df,experiment_linear_il_10
1290.152902689332,0.008571701528023036,il_10,URINE,0.8,Random Forest Regressor,GridSearchCV,0.7604658275049953,0.45574709984247935,15.362851315723864,0.10971386164873687,f15a5cb452a44e508d37e64811c0b3df,experiment_linear_il_10
1060.663821343995,0.008470692004367645,il_10,URINE,0.8,Random Forest Regressor,GridSearchCV,0.7604658275049953,0.45574709984247935,15.362851315723864,0.10971386164873687,f15a5cb452a44e508d37e64811c0b3df,experiment_linear_il_10
1508.071105983644,0.00798294062131741,il_10,URINE,0.8,Random Forest Regressor,GridSearchCV,0.7604658275049953,0.45574709984247935,15.362851315723864,0.10971386164873687,f15a5cb452a44e508d37e64811c0b3df,experiment_linear_il_10
1691.276675124879,0.007512378492005299,il_10,URINE,0.8,Random Forest Regressor,GridSearchCV,0.7604658275049953,0.45574709984247935,15.362851315723864,0.10971386164873687,f15a5cb452a44e508d37e64811c0b3df,experiment_linear_il_10
1538.926780786378,0.00713163423381221,il_10,URINE,0.8,Random Forest Regressor,GridSearchCV,0.7604658275049953,0.45574709984247935,15.362851315723864,0.10971386164873687,f15a5cb452a44e508d37e64811c0b3df,experiment_linear_il_10
1509.999585658815,0.006829815969461243,il_10,URINE,0.8,Random Forest Regressor,GridSearchCV,0.7604658275049953,0.45574709984247935,15.362851315723864,0.10971386164873687,f15a5cb452a44e508d37e64811c0b3df,experiment_linear_il_10
1521.57046370984,0.0067078081393104625,il_10,URINE,0.8,Random Forest Regressor,GridSearchCV,0.7604658275049953,0.45574709984247935,15.362851315723864,0.10971386164873687,f15a5cb452a44e508d37e64811c0b3df,experiment_linear_il_10
1041.379024592286,0.0066563608278251765,il_10,URINE,0.8,Random Forest Regressor,GridSearchCV,0.7604658275049953,0.45574709984247935,15.362851315723864,0.10971386164873687,f15a5cb452a44e508d37e64811c0b3df,experiment_linear_il_10
1502.285666958131,0.006597437411335775,il_10,URINE,0.8,Random Forest Regressor,GridSearchCV,0.7604658275049953,0.45574709984247935,15.362851315723864,0.10971386164873687,f15a5cb452a44e508d37e64811c0b3df,experiment_linear_il_10
2655.516512710329,0.006236051213076454,il_10,URINE,0.8,Random Forest Regressor,GridSearchCV,0.7604658275049953,0.45574709984247935,15.362851315723864,0.10971386164873687,f15a5cb452a44e508d37e64811c0b3df,experiment_linear_il_10
1758.773463755861,0.006091503994090368,il_10,URINE,0.8,Random Forest Regressor,GridSearchCV,0.7604658275049953,0.45574709984247935,15.362851315723864,0.10971386164873687,f15a5cb452a44e508d37e64811c0b3df,experiment_linear_il_10
2678.65826881238,0.005749147772802868,il_10,URINE,0.8,Random Forest Regressor,GridSearchCV,0.7604658275049953,0.45574709984247935,15.362851315723864,0.10971386164873687,f15a5cb452a44e508d37e64811c0b3df,experiment_linear_il_10
1027.87966686609,0.0057083971530047205,il_10,URINE,0.8,Random Forest Regressor,GridSearchCV,0.7604658275049953,0.45574709984247935,15.362851315723864,0.10971386164873687,f15a5cb452a44e508d37e64811c0b3df,experiment_linear_il_10
2707.585463939944,0.005530003613016219,il_10,URINE,0.8,Random Forest Regressor,GridSearchCV,0.7604658275049953,0.45574709984247935,15.362851315723864,0.10971386164873687,f15a5cb452a44e508d37e64811c0b3df,experiment_linear_il_10
1135.87452867566,0.005445237755058595,il_10,URINE,0.8,Random Forest Regressor,GridSearchCV,0.7604658275049953,0.45574709984247935,15.362851315723864,0.10971386164873687,f15a5cb452a44e508d37e64811c0b3df,experiment_linear_il_10
1064.520780694337,0.005377309189764313,il_10,URINE,0.8,Random Forest Regressor,GridSearchCV,0.7604658275049953,0.45574709984247935,15.362851315723864,0.10971386164873687,f15a5cb452a44e508d37e64811c0b3df,experiment_linear_il_10
1565.925496238771,0.005358693790056904,il_10,URINE,0.8,Random Forest Regressor,GridSearchCV,0.7604658275049953,0.45574709984247935,15.362851315723864,0.10971386164873687,f15a5cb452a44e508d37e64811c0b3df,experiment_linear_il_10
1803.128496284791,0.005344138190286518,il_10,URINE,0.8,Random Forest Regressor,GridSearchCV,0.7604658275049953,0.45574709984247935,15.362851315723864,0.10971386164873687,f15a5cb452a44e508d37e64811c0b3df,experiment_linear_il_10
1602.566610067018,0.01465636314570962,il_10,CAPILAR,0.8,Decision Tree Regressor,GridSearchCV,0.6544923904113417,0.5276660236955334,20.647143185202914,-0.37925453761786243,f15a5cb452a44e508d37e64811c0b3df,experiment_linear_il_10
1600.638130391847,0.009152148216409025,il_10,CAPILAR,0.8,Decision Tree Regressor,GridSearchCV,0.6544923904113417,0.5276660236955334,20.647143185202914,-0.37925453761786243,f15a5cb452a44e508d37e64811c0b3df,experiment_linear_il_10
1079.948618095704,0.008217535602302766,il_10,CAPILAR,0.8,Decision Tree Regressor,GridSearchCV,0.6544923904113417,0.5276660236955334,20.647143185202914,-0.37925453761786243,f15a5cb452a44e508d37e64811c0b3df,experiment_linear_il_10
1085.734057121217,0.008191227727087897,il_10,CAPILAR,0.8,Decision Tree Regressor,GridSearchCV,0.6544923904113417,0.5276660236955334,20.647143185202914,-0.37925453761786243,f15a5cb452a44e508d37e64811c0b3df,experiment_linear_il_10
1074.163179070191,0.008132753269480687,il_10,CAPILAR,0.8,Decision Tree Regressor,GridSearchCV,0.6544923904113417,0.5276660236955334,20.647143185202914,-0.37925453761786243,f15a5cb452a44e508d37e64811c0b3df,experiment_linear_il_10
1078.020138420533,0.007833150863801864,il_10,CAPILAR,0.8,Decision Tree Regressor,GridSearchCV,0.6544923904113417,0.5276660236955334,20.647143185202914,-0.37925453761786243,f15a5cb452a44e508d37e64811c0b3df,experiment_linear_il_10
1076.091658745362,0.00780102625202069,il_10,CAPILAR,0.8,Decision Tree Regressor,GridSearchCV,0.6544923904113417,0.5276660236955334,20.647143185202914,-0.37925453761786243,f15a5cb452a44e508d37e64811c0b3df,experiment_linear_il_10
1604.495089742189,0.007603870582923583,il_10,CAPILAR,0.8,Decision Tree Regressor,GridSearchCV,0.6544923904113417,0.5276660236955334,20.647143185202914,-0.37925453761786243,f15a5cb452a44e508d37e64811c0b3df,experiment_linear_il_10
1083.805577446046,0.007540529587627365,il_10,CAPILAR,0.8,Decision Tree Regressor,GridSearchCV,0.6544923904113417,0.5276660236955334,20.647143185202914,-0.37925453761786243,f15a5cb452a44e508d37e64811c0b3df,experiment_linear_il_10
1072.23469939502,0.007289804015632066,il_10,CAPILAR,0.8,Decision Tree Regressor,GridSearchCV,0.6544923904113417,0.5276660236955334,20.647143185202914,-0.37925453761786243,f15a5cb452a44e508d37e64811c0b3df,experiment_linear_il_10
1081.877097770875,0.007221332693799103,il_10,CAPILAR,0.8,Decision Tree Regressor,GridSearchCV,0.6544923904113417,0.5276660236955334,20.647143185202914,-0.37925453761786243,f15a5cb452a44e508d37e64811c0b3df,experiment_linear_il_10
1060.663821343995,0.007064052347083068,il_10,CAPILAR,0.8,Decision Tree Regressor,GridSearchCV,0.6544923904113417,0.5276660236955334,20.647143185202914,-0.37925453761786243,f15a5cb452a44e508d37e64811c0b3df,experiment_linear_il_10
1062.592301019166,0.006866234767229594,il_10,CAPILAR,0.8,Decision Tree Regressor,GridSearchCV,0.6544923904113417,0.5276660236955334,20.647143185202914,-0.37925453761786243,f15a5cb452a44e508d37e64811c0b3df,experiment_linear_il_10
1095.376455497071,0.0068348657979192505,il_10,CAPILAR,0.8,Decision Tree Regressor,GridSearchCV,0.6544923904113417,0.5276660236955334,20.647143185202914,-0.37925453761786243,f15a5cb452a44e508d37e64811c0b3df,experiment_linear_il_10
1070.306219719849,0.006793731263004668,il_10,CAPILAR,0.8,Decision Tree Regressor,GridSearchCV,0.6544923904113417,0.5276660236955334,20.647143185202914,-0.37925453761786243,f15a5cb452a44e508d37e64811c0b3df,experiment_linear_il_10
1110.804292898438,0.006780530996635057,il_10,CAPILAR,0.8,Decision Tree Regressor,GridSearchCV,0.6544923904113417,0.5276660236955334,20.647143185202914,-0.37925453761786243,f15a5cb452a44e508d37e64811c0b3df,experiment_linear_il_10
1087.662536796388,0.006726051397527769,il_10,CAPILAR,0.8,Decision Tree Regressor,GridSearchCV,0.6544923904113417,0.5276660236955334,20.647143185202914,-0.37925453761786243,f15a5cb452a44e508d37e64811c0b3df,experiment_linear_il_10
1108.875813223267,0.006560618249130023,il_10,CAPILAR,0.8,Decision Tree Regressor,GridSearchCV,0.6544923904113417,0.5276660236955334,20.647143185202914,-0.37925453761786243,f15a5cb452a44e508d37e64811c0b3df,experiment_linear_il_10
1091.51949614673,0.006505865284654056,il_10,CAPILAR,0.8,Decision Tree Regressor,GridSearchCV,0.6544923904113417,0.5276660236955334,20.647143185202914,-0.37925453761786243,f15a5cb452a44e508d37e64811c0b3df,experiment_linear_il_10
1093.447975821901,0.0065020501672536975,il_10,CAPILAR,0.8,Decision Tree Regressor,GridSearchCV,0.6544923904113417,0.5276660236955334,20.647143185202914,-0.37925453761786243,f15a5cb452a44e508d37e64811c0b3df,experiment_linear_il_10
1353.792731969972,0.363408894626356,il_10,CAPILAR,0.8,Decision Tree Regressor,GridSearchCV,0.7915699073504641,0.5858921427676768,22.515122204445152,-1.01750105023882,f15a5cb452a44e508d37e64811c0b3df,experiment_linear_il_10
1598.709650716676,0.0805856355965492,il_10,CAPILAR,0.8,Decision Tree Regressor,GridSearchCV,0.7915699073504641,0.5858921427676768,22.515122204445152,-1.01750105023882,f15a5cb452a44e508d37e64811c0b3df,experiment_linear_il_10
1097.304935172242,0.06398708462522179,il_10,CAPILAR,0.8,Decision Tree Regressor,GridSearchCV,0.7915699073504641,0.5858921427676768,22.515122204445152,-1.01750105023882,f15a5cb452a44e508d37e64811c0b3df,experiment_linear_il_10
1172.515642503907,0.0545280946762909,il_10,CAPILAR,0.8,Decision Tree Regressor,GridSearchCV,0.7915699073504641,0.5858921427676768,22.515122204445152,-1.01750105023882,f15a5cb452a44e508d37e64811c0b3df,experiment_linear_il_10
1070.306219719849,0.05376237159821424,il_10,CAPILAR,0.8,Decision Tree Regressor,GridSearchCV,0.7915699073504641,0.5858921427676768,22.515122204445152,-1.01750105023882,f15a5cb452a44e508d37e64811c0b3df,experiment_linear_il_10
1758.773463755861,0.03967562879657808,il_10,CAPILAR,0.8,Decision Tree Regressor,GridSearchCV,0.7915699073504641,0.5858921427676768,22.515122204445152,-1.01750105023882,f15a5cb452a44e508d37e64811c0b3df,experiment_linear_il_10
987.3815936875008,0.029738549163877432,il_10,CAPILAR,0.8,Decision Tree Regressor,GridSearchCV,0.7915699073504641,0.5858921427676768,22.515122204445152,-1.01750105023882,f15a5cb452a44e508d37e64811c0b3df,experiment_linear_il_10
2885.005594055666,0.028546769196138414,il_10,CAPILAR,0.8,Decision Tree Regressor,GridSearchCV,0.7915699073504641,0.5858921427676768,22.515122204445152,-1.01750105023882,f15a5cb452a44e508d37e64811c0b3df,experiment_linear_il_10
964.23983758545,0.027060026399386518,il_10,CAPILAR,0.8,Decision Tree Regressor,GridSearchCV,0.7915699073504641,0.5858921427676768,22.515122204445152,-1.01750105023882,f15a5cb452a44e508d37e64811c0b3df,experiment_linear_il_10
1673.920358048341,0.024499477616289258,il_10,CAPILAR,0.8,Decision Tree Regressor,GridSearchCV,0.7915699073504641,0.5858921427676768,22.515122204445152,-1.01750105023882,f15a5cb452a44e508d37e64811c0b3df,experiment_linear_il_10
1706.704512526246,0.022390139561248235,il_10,CAPILAR,0.8,Decision Tree Regressor,GridSearchCV,0.7915699073504641,0.5858921427676768,22.515122204445152,-1.01750105023882,f15a5cb452a44e508d37e64811c0b3df,experiment_linear_il_10
1062.592301019166,0.021846279948086713,il_10,CAPILAR,0.8,Decision Tree Regressor,GridSearchCV,0.7915699073504641,0.5858921427676768,22.515122204445152,-1.01750105023882,f15a5cb452a44e508d37e64811c0b3df,experiment_linear_il_10
1132.017569325318,0.02139502616832512,il_10,CAPILAR,0.8,Decision Tree Regressor,GridSearchCV,0.7915699073504641,0.5858921427676768,22.515122204445152,-1.01750105023882,f15a5cb452a44e508d37e64811c0b3df,experiment_linear_il_10
2927.432146909426,0.021008858153891856,il_10,CAPILAR,0.8,Decision Tree Regressor,GridSearchCV,0.7915699073504641,0.5858921427676768,22.515122204445152,-1.01750105023882,f15a5cb452a44e508d37e64811c0b3df,experiment_linear_il_10
954.5974392095954,0.018916251832360825,il_10,CAPILAR,0.8,Decision Tree Regressor,GridSearchCV,0.7915699073504641,0.5858921427676768,22.515122204445152,-1.01750105023882,f15a5cb452a44e508d37e64811c0b3df,experiment_linear_il_10
1058.735341668824,0.01784028559670253,il_10,CAPILAR,0.8,Decision Tree Regressor,GridSearchCV,0.7915699073504641,0.5858921427676768,22.515122204445152,-1.01750105023882,f15a5cb452a44e508d37e64811c0b3df,experiment_linear_il_10
975.8107156364754,0.01685811217201849,il_10,CAPILAR,0.8,Decision Tree Regressor,GridSearchCV,0.7915699073504641,0.5858921427676768,22.515122204445152,-1.01750105023882,f15a5cb452a44e508d37e64811c0b3df,experiment_linear_il_10
939.1696018082284,0.01588617957384533,il_10,CAPILAR,0.8,Decision Tree Regressor,GridSearchCV,0.7915699073504641,0.5858921427676768,22.515122204445152,-1.01750105023882,f15a5cb452a44e508d37e64811c0b3df,experiment_linear_il_10
952.6689595344246,0.014170670641218866,il_10,CAPILAR,0.8,Decision Tree Regressor,GridSearchCV,0.7915699073504641,0.5858921427676768,22.515122204445152,-1.01750105023882,f15a5cb452a44e508d37e64811c0b3df,experiment_linear_il_10
960.3828782351084,0.013505683603116677,il_10,CAPILAR,0.8,Decision Tree Regressor,GridSearchCV,0.7915699073504641,0.5858921427676768,22.515122204445152,-1.01750105023882,f15a5cb452a44e508d37e64811c0b3df,experiment_linear_il_10
1602.566610067018,0.014656363145709613,il_10,CAPILAR,0.8,Decision Tree Regressor,GridSearchCV,0.6544923904113417,0.5276660236955334,20.647143185202914,-0.37925453761786243,f15a5cb452a44e508d37e64811c0b3df,experiment_linear_il_10
1600.638130391847,0.009152148216409023,il_10,CAPILAR,0.8,Decision Tree Regressor,GridSearchCV,0.6544923904113417,0.5276660236955334,20.647143185202914,-0.37925453761786243,f15a5cb452a44e508d37e64811c0b3df,experiment_linear_il_10
1079.948618095704,0.008217535602302756,il_10,CAPILAR,0.8,Decision Tree Regressor,GridSearchCV,0.6544923904113417,0.5276660236955334,20.647143185202914,-0.37925453761786243,f15a5cb452a44e508d37e64811c0b3df,experiment_linear_il_10
1085.734057121217,0.008191227727087887,il_10,CAPILAR,0.8,Decision Tree Regressor,GridSearchCV,0.6544923904113417,0.5276660236955334,20.647143185202914,-0.37925453761786243,f15a5cb452a44e508d37e64811c0b3df,experiment_linear_il_10
1074.163179070191,0.00813275326948068,il_10,CAPILAR,0.8,Decision Tree Regressor,GridSearchCV,0.6544923904113417,0.5276660236955334,20.647143185202914,-0.37925453761786243,f15a5cb452a44e508d37e64811c0b3df,experiment_linear_il_10
1078.020138420533,0.007833150863801862,il_10,CAPILAR,0.8,Decision Tree Regressor,GridSearchCV,0.6544923904113417,0.5276660236955334,20.647143185202914,-0.37925453761786243,f15a5cb452a44e508d37e64811c0b3df,experiment_linear_il_10
1076.091658745362,0.007801026252020683,il_10,CAPILAR,0.8,Decision Tree Regressor,GridSearchCV,0.6544923904113417,0.5276660236955334,20.647143185202914,-0.37925453761786243,f15a5cb452a44e508d37e64811c0b3df,experiment_linear_il_10
1604.495089742189,0.007603870582923585,il_10,CAPILAR,0.8,Decision Tree Regressor,GridSearchCV,0.6544923904113417,0.5276660236955334,20.647143185202914,-0.37925453761786243,f15a5cb452a44e508d37e64811c0b3df,experiment_linear_il_10
1083.805577446046,0.0075405295876273684,il_10,CAPILAR,0.8,Decision Tree Regressor,GridSearchCV,0.6544923904113417,0.5276660236955334,20.647143185202914,-0.37925453761786243,f15a5cb452a44e508d37e64811c0b3df,experiment_linear_il_10
1072.23469939502,0.007289804015632056,il_10,CAPILAR,0.8,Decision Tree Regressor,GridSearchCV,0.6544923904113417,0.5276660236955334,20.647143185202914,-0.37925453761786243,f15a5cb452a44e508d37e64811c0b3df,experiment_linear_il_10
1081.877097770875,0.007221332693799102,il_10,CAPILAR,0.8,Decision Tree Regressor,GridSearchCV,0.6544923904113417,0.5276660236955334,20.647143185202914,-0.37925453761786243,f15a5cb452a44e508d37e64811c0b3df,experiment_linear_il_10
1060.663821343995,0.0070640523470830606,il_10,CAPILAR,0.8,Decision Tree Regressor,GridSearchCV,0.6544923904113417,0.5276660236955334,20.647143185202914,-0.37925453761786243,f15a5cb452a44e508d37e64811c0b3df,experiment_linear_il_10
1062.592301019166,0.006866234767229585,il_10,CAPILAR,0.8,Decision Tree Regressor,GridSearchCV,0.6544923904113417,0.5276660236955334,20.647143185202914,-0.37925453761786243,f15a5cb452a44e508d37e64811c0b3df,experiment_linear_il_10
1095.376455497071,0.0068348657979192505,il_10,CAPILAR,0.8,Decision Tree Regressor,GridSearchCV,0.6544923904113417,0.5276660236955334,20.647143185202914,-0.37925453761786243,f15a5cb452a44e508d37e64811c0b3df,experiment_linear_il_10
1070.306219719849,0.006793731263004659,il_10,CAPILAR,0.8,Decision Tree Regressor,GridSearchCV,0.6544923904113417,0.5276660236955334,20.647143185202914,-0.37925453761786243,f15a5cb452a44e508d37e64811c0b3df,experiment_linear_il_10
1110.804292898438,0.006780530996635057,il_10,CAPILAR,0.8,Decision Tree Regressor,GridSearchCV,0.6544923904113417,0.5276660236955334,20.647143185202914,-0.37925453761786243,f15a5cb452a44e508d37e64811c0b3df,experiment_linear_il_10
1087.662536796388,0.006726051397527771,il_10,CAPILAR,0.8,Decision Tree Regressor,GridSearchCV,0.6544923904113417,0.5276660236955334,20.647143185202914,-0.37925453761786243,f15a5cb452a44e508d37e64811c0b3df,experiment_linear_il_10
1108.875813223267,0.00656061824913002,il_10,CAPILAR,0.8,Decision Tree Regressor,GridSearchCV,0.6544923904113417,0.5276660236955334,20.647143185202914,-0.37925453761786243,f15a5cb452a44e508d37e64811c0b3df,experiment_linear_il_10
1091.51949614673,0.006505865284654051,il_10,CAPILAR,0.8,Decision Tree Regressor,GridSearchCV,0.6544923904113417,0.5276660236955334,20.647143185202914,-0.37925453761786243,f15a5cb452a44e508d37e64811c0b3df,experiment_linear_il_10
1093.447975821901,0.006502050167253696,il_10,CAPILAR,0.8,Decision Tree Regressor,GridSearchCV,0.6544923904113417,0.5276660236955334,20.647143185202914,-0.37925453761786243,f15a5cb452a44e508d37e64811c0b3df,experiment_linear_il_10
1353.792731969972,0.363408894626356,il_10,CAPILAR,0.8,Decision Tree Regressor,GridSearchCV,0.7915699073504641,0.5858921427676768,22.515122204445152,-1.01750105023882,f15a5cb452a44e508d37e64811c0b3df,experiment_linear_il_10
1598.709650716676,0.0805856355965492,il_10,CAPILAR,0.8,Decision Tree Regressor,GridSearchCV,0.7915699073504641,0.5858921427676768,22.515122204445152,-1.01750105023882,f15a5cb452a44e508d37e64811c0b3df,experiment_linear_il_10
1097.304935172242,0.06398708462522179,il_10,CAPILAR,0.8,Decision Tree Regressor,GridSearchCV,0.7915699073504641,0.5858921427676768,22.515122204445152,-1.01750105023882,f15a5cb452a44e508d37e64811c0b3df,experiment_linear_il_10
1172.515642503907,0.0545280946762909,il_10,CAPILAR,0.8,Decision Tree Regressor,GridSearchCV,0.7915699073504641,0.5858921427676768,22.515122204445152,-1.01750105023882,f15a5cb452a44e508d37e64811c0b3df,experiment_linear_il_10
1070.306219719849,0.05376237159821424,il_10,CAPILAR,0.8,Decision Tree Regressor,GridSearchCV,0.7915699073504641,0.5858921427676768,22.515122204445152,-1.01750105023882,f15a5cb452a44e508d37e64811c0b3df,experiment_linear_il_10
1758.773463755861,0.03967562879657808,il_10,CAPILAR,0.8,Decision Tree Regressor,GridSearchCV,0.7915699073504641,0.5858921427676768,22.515122204445152,-1.01750105023882,f15a5cb452a44e508d37e64811c0b3df,experiment_linear_il_10
987.3815936875008,0.029738549163877432,il_10,CAPILAR,0.8,Decision Tree Regressor,GridSearchCV,0.7915699073504641,0.5858921427676768,22.515122204445152,-1.01750105023882,f15a5cb452a44e508d37e64811c0b3df,experiment_linear_il_10
2885.005594055666,0.028546769196138414,il_10,CAPILAR,0.8,Decision Tree Regressor,GridSearchCV,0.7915699073504641,0.5858921427676768,22.515122204445152,-1.01750105023882,f15a5cb452a44e508d37e64811c0b3df,experiment_linear_il_10
964.23983758545,0.027060026399386518,il_10,CAPILAR,0.8,Decision Tree Regressor,GridSearchCV,0.7915699073504641,0.5858921427676768,22.515122204445152,-1.01750105023882,f15a5cb452a44e508d37e64811c0b3df,experiment_linear_il_10
1673.920358048341,0.024499477616289258,il_10,CAPILAR,0.8,Decision Tree Regressor,GridSearchCV,0.7915699073504641,0.5858921427676768,22.515122204445152,-1.01750105023882,f15a5cb452a44e508d37e64811c0b3df,experiment_linear_il_10
1706.704512526246,0.022390139561248235,il_10,CAPILAR,0.8,Decision Tree Regressor,GridSearchCV,0.7915699073504641,0.5858921427676768,22.515122204445152,-1.01750105023882,f15a5cb452a44e508d37e64811c0b3df,experiment_linear_il_10
1062.592301019166,0.021846279948086713,il_10,CAPILAR,0.8,Decision Tree Regressor,GridSearchCV,0.7915699073504641,0.5858921427676768,22.515122204445152,-1.01750105023882,f15a5cb452a44e508d37e64811c0b3df,experiment_linear_il_10
1132.017569325318,0.02139502616832512,il_10,CAPILAR,0.8,Decision Tree Regressor,GridSearchCV,0.7915699073504641,0.5858921427676768,22.515122204445152,-1.01750105023882,f15a5cb452a44e508d37e64811c0b3df,experiment_linear_il_10
2927.432146909426,0.021008858153891856,il_10,CAPILAR,0.8,Decision Tree Regressor,GridSearchCV,0.7915699073504641,0.5858921427676768,22.515122204445152,-1.01750105023882,f15a5cb452a44e508d37e64811c0b3df,experiment_linear_il_10
954.5974392095954,0.018916251832360825,il_10,CAPILAR,0.8,Decision Tree Regressor,GridSearchCV,0.7915699073504641,0.5858921427676768,22.515122204445152,-1.01750105023882,f15a5cb452a44e508d37e64811c0b3df,experiment_linear_il_10
1058.735341668824,0.01784028559670253,il_10,CAPILAR,0.8,Decision Tree Regressor,GridSearchCV,0.7915699073504641,0.5858921427676768,22.515122204445152,-1.01750105023882,f15a5cb452a44e508d37e64811c0b3df,experiment_linear_il_10
975.8107156364754,0.01685811217201849,il_10,CAPILAR,0.8,Decision Tree Regressor,GridSearchCV,0.7915699073504641,0.5858921427676768,22.515122204445152,-1.01750105023882,f15a5cb452a44e508d37e64811c0b3df,experiment_linear_il_10
939.1696018082284,0.01588617957384533,il_10,CAPILAR,0.8,Decision Tree Regressor,GridSearchCV,0.7915699073504641,0.5858921427676768,22.515122204445152,-1.01750105023882,f15a5cb452a44e508d37e64811c0b3df,experiment_linear_il_10
952.6689595344246,0.014170670641218866,il_10,CAPILAR,0.8,Decision Tree Regressor,GridSearchCV,0.7915699073504641,0.5858921427676768,22.515122204445152,-1.01750105023882,f15a5cb452a44e508d37e64811c0b3df,experiment_linear_il_10
960.3828782351084,0.013505683603116677,il_10,CAPILAR,0.8,Decision Tree Regressor,GridSearchCV,0.7915699073504641,0.5858921427676768,22.515122204445152,-1.01750105023882,f15a5cb452a44e508d37e64811c0b3df,experiment_linear_il_10
1126.232130299806,0.004809020001114296,il_10,PLASMA,0.8,Decision Tree Regressor,GridSearchCV,0.5745739034843779,0.46596575073531954,16.53755955789698,-0.3842074773522537,f15a5cb452a44e508d37e64811c0b3df,experiment_linear_il_10
1128.160609974977,0.004793769583956509,il_10,PLASMA,0.8,Decision Tree Regressor,GridSearchCV,0.5745739034843779,0.46596575073531954,16.53755955789698,-0.3842074773522537,f15a5cb452a44e508d37e64811c0b3df,experiment_linear_il_10
1124.303650624635,0.004791626278661467,il_10,PLASMA,0.8,Decision Tree Regressor,GridSearchCV,0.5745739034843779,0.46596575073531954,16.53755955789698,-0.3842074773522537,f15a5cb452a44e508d37e64811c0b3df,experiment_linear_il_10
1122.375170949464,0.00476940034401222,il_10,PLASMA,0.8,Decision Tree Regressor,GridSearchCV,0.5745739034843779,0.46596575073531954,16.53755955789698,-0.3842074773522537,f15a5cb452a44e508d37e64811c0b3df,experiment_linear_il_10
1120.446691274293,0.004718788238853287,il_10,PLASMA,0.8,Decision Tree Regressor,GridSearchCV,0.5745739034843779,0.46596575073531954,16.53755955789698,-0.3842074773522537,f15a5cb452a44e508d37e64811c0b3df,experiment_linear_il_10
1130.089089650148,0.004704355468250919,il_10,PLASMA,0.8,Decision Tree Regressor,GridSearchCV,0.5745739034843779,0.46596575073531954,16.53755955789698,-0.3842074773522537,f15a5cb452a44e508d37e64811c0b3df,experiment_linear_il_10
1118.518211599122,0.004657114120018372,il_10,PLASMA,0.8,Decision Tree Regressor,GridSearchCV,0.5745739034843779,0.46596575073531954,16.53755955789698,-0.3842074773522537,f15a5cb452a44e508d37e64811c0b3df,experiment_linear_il_10
1116.589731923951,0.004636804761615579,il_10,PLASMA,0.8,Decision Tree Regressor,GridSearchCV,0.5745739034843779,0.46596575073531954,16.53755955789698,-0.3842074773522537,f15a5cb452a44e508d37e64811c0b3df,experiment_linear_il_10
1114.66125224878,0.0046259494647185135,il_10,PLASMA,0.8,Decision Tree Regressor,GridSearchCV,0.5745739034843779,0.46596575073531954,16.53755955789698,-0.3842074773522537,f15a5cb452a44e508d37e64811c0b3df,experiment_linear_il_10
1112.732772573609,0.004595921994436014,il_10,PLASMA,0.8,Decision Tree Regressor,GridSearchCV,0.5745739034843779,0.46596575073531954,16.53755955789698,-0.3842074773522537,f15a5cb452a44e508d37e64811c0b3df,experiment_linear_il_10
1110.804292898438,0.004576419737200622,il_10,PLASMA,0.8,Decision Tree Regressor,GridSearchCV,0.5745739034843779,0.46596575073531954,16.53755955789698,-0.3842074773522537,f15a5cb452a44e508d37e64811c0b3df,experiment_linear_il_10
1108.875813223267,0.004565409472699068,il_10,PLASMA,0.8,Decision Tree Regressor,GridSearchCV,0.5745739034843779,0.46596575073531954,16.53755955789698,-0.3842074773522537,f15a5cb452a44e508d37e64811c0b3df,experiment_linear_il_10
1106.947333548097,0.004531650185625683,il_10,PLASMA,0.8,Decision Tree Regressor,GridSearchCV,0.5745739034843779,0.46596575073531954,16.53755955789698,-0.3842074773522537,f15a5cb452a44e508d37e64811c0b3df,experiment_linear_il_10
1132.017569325318,0.004511162022641513,il_10,PLASMA,0.8,Decision Tree Regressor,GridSearchCV,0.5745739034843779,0.46596575073531954,16.53755955789698,-0.3842074773522537,f15a5cb452a44e508d37e64811c0b3df,experiment_linear_il_10
1105.018853872926,0.004436670526660878,il_10,PLASMA,0.8,Decision Tree Regressor,GridSearchCV,0.5745739034843779,0.46596575073531954,16.53755955789698,-0.3842074773522537,f15a5cb452a44e508d37e64811c0b3df,experiment_linear_il_10
1103.090374197755,0.0042122728863394,il_10,PLASMA,0.8,Decision Tree Regressor,GridSearchCV,0.5745739034843779,0.46596575073531954,16.53755955789698,-0.3842074773522537,f15a5cb452a44e508d37e64811c0b3df,experiment_linear_il_10
1133.946049000489,0.004185983520046174,il_10,PLASMA,0.8,Decision Tree Regressor,GridSearchCV,0.5745739034843779,0.46596575073531954,16.53755955789698,-0.3842074773522537,f15a5cb452a44e508d37e64811c0b3df,experiment_linear_il_10
1542.78374013672,0.003975733744256075,il_10,PLASMA,0.8,Decision Tree Regressor,GridSearchCV,0.5745739034843779,0.46596575073531954,16.53755955789698,-0.3842074773522537,f15a5cb452a44e508d37e64811c0b3df,experiment_linear_il_10
1544.712219811891,0.003965576078793813,il_10,PLASMA,0.8,Decision Tree Regressor,GridSearchCV,0.5745739034843779,0.46596575073531954,16.53755955789698,-0.3842074773522537,f15a5cb452a44e508d37e64811c0b3df,experiment_linear_il_10
1540.855260461549,0.0038599815680710674,il_10,PLASMA,0.8,Decision Tree Regressor,GridSearchCV,0.5745739034843779,0.46596575073531954,16.53755955789698,-0.3842074773522537,f15a5cb452a44e508d37e64811c0b3df,experiment_linear_il_10
2815.580325749514,0.15125137673677375,il_10,PLASMA,0.8,Decision Tree Regressor,GridSearchCV,0.5906039918898401,0.48790076536048826,18.090496003280293,-0.4625211428200011,f15a5cb452a44e508d37e64811c0b3df,experiment_linear_il_10
1839.769610113039,0.07791787904721867,il_10,PLASMA,0.8,Decision Tree Regressor,GridSearchCV,0.5906039918898401,0.48790076536048826,18.090496003280293,-0.4625211428200011,f15a5cb452a44e508d37e64811c0b3df,experiment_linear_il_10
962.3113579102792,0.07489783475974382,il_10,PLASMA,0.8,Decision Tree Regressor,GridSearchCV,0.5906039918898401,0.48790076536048826,18.090496003280293,-0.4625211428200011,f15a5cb452a44e508d37e64811c0b3df,experiment_linear_il_10
2555.235569601442,0.06809890116233383,il_10,PLASMA,0.8,Decision Tree Regressor,GridSearchCV,0.5906039918898401,0.48790076536048826,18.090496003280293,-0.4625211428200011,f15a5cb452a44e508d37e64811c0b3df,experiment_linear_il_10
1209.156756332154,0.05718735525271864,il_10,PLASMA,0.8,Decision Tree Regressor,GridSearchCV,0.5906039918898401,0.48790076536048826,18.090496003280293,-0.4625211428200011,f15a5cb452a44e508d37e64811c0b3df,experiment_linear_il_10
1718.275390577272,0.0500999777131483,il_10,PLASMA,0.8,Decision Tree Regressor,GridSearchCV,0.5906039918898401,0.48790076536048826,18.090496003280293,-0.4625211428200011,f15a5cb452a44e508d37e64811c0b3df,experiment_linear_il_10
1691.276675124879,0.04951593878139478,il_10,PLASMA,0.8,Decision Tree Regressor,GridSearchCV,0.5906039918898401,0.48790076536048826,18.090496003280293,-0.4625211428200011,f15a5cb452a44e508d37e64811c0b3df,experiment_linear_il_10
1806.985455635133,0.048640811788881064,il_10,PLASMA,0.8,Decision Tree Regressor,GridSearchCV,0.5906039918898401,0.48790076536048826,18.090496003280293,-0.4625211428200011,f15a5cb452a44e508d37e64811c0b3df,experiment_linear_il_10
2670.944350111697,0.04126128448574763,il_10,PLASMA,0.8,Decision Tree Regressor,GridSearchCV,0.5906039918898401,0.48790076536048826,18.090496003280293,-0.4625211428200011,f15a5cb452a44e508d37e64811c0b3df,experiment_linear_il_10
1417.432561250612,0.03927133171005567,il_10,PLASMA,0.8,Decision Tree Regressor,GridSearchCV,0.5906039918898401,0.48790076536048826,18.090496003280293,-0.4625211428200011,f15a5cb452a44e508d37e64811c0b3df,experiment_linear_il_10
2946.716943661135,0.036523642917474376,il_10,PLASMA,0.8,Decision Tree Regressor,GridSearchCV,0.5906039918898401,0.48790076536048826,18.090496003280293,-0.4625211428200011,f15a5cb452a44e508d37e64811c0b3df,experiment_linear_il_10
2748.083537118532,0.036309872436005745,il_10,PLASMA,0.8,Decision Tree Regressor,GridSearchCV,0.5906039918898401,0.48790076536048826,18.090496003280293,-0.4625211428200011,f15a5cb452a44e508d37e64811c0b3df,experiment_linear_il_10
1448.288236053346,0.03089106607738368,il_10,PLASMA,0.8,Decision Tree Regressor,GridSearchCV,0.5906039918898401,0.48790076536048826,18.090496003280293,-0.4625211428200011,f15a5cb452a44e508d37e64811c0b3df,experiment_linear_il_10
1481.072390531251,0.030254557472845275,il_10,PLASMA,0.8,Decision Tree Regressor,GridSearchCV,0.5906039918898401,0.48790076536048826,18.090496003280293,-0.4625211428200011,f15a5cb452a44e508d37e64811c0b3df,experiment_linear_il_10
1702.847553175905,0.0288852215918407,il_10,PLASMA,0.8,Decision Tree Regressor,GridSearchCV,0.5906039918898401,0.48790076536048826,18.090496003280293,-0.4625211428200011,f15a5cb452a44e508d37e64811c0b3df,experiment_linear_il_10
2603.447561480715,0.028849552476625805,il_10,PLASMA,0.8,Decision Tree Regressor,GridSearchCV,0.5906039918898401,0.48790076536048826,18.090496003280293,-0.4625211428200011,f15a5cb452a44e508d37e64811c0b3df,experiment_linear_il_10
1542.78374013672,0.02846827192750125,il_10,PLASMA,0.8,Decision Tree Regressor,GridSearchCV,0.5906039918898401,0.48790076536048826,18.090496003280293,-0.4625211428200011,f15a5cb452a44e508d37e64811c0b3df,experiment_linear_il_10
1049.092943292969,0.023524525640304435,il_10,PLASMA,0.8,Decision Tree Regressor,GridSearchCV,0.5906039918898401,0.48790076536048826,18.090496003280293,-0.4625211428200011,f15a5cb452a44e508d37e64811c0b3df,experiment_linear_il_10
2723.013301341311,0.02223291447439639,il_10,PLASMA,0.8,Decision Tree Regressor,GridSearchCV,0.5906039918898401,0.48790076536048826,18.090496003280293,-0.4625211428200011,f15a5cb452a44e508d37e64811c0b3df,experiment_linear_il_10
2593.80516310486,0.01951105570539106,il_10,PLASMA,0.8,Decision Tree Regressor,GridSearchCV,0.5906039918898401,0.48790076536048826,18.090496003280293,-0.4625211428200011,f15a5cb452a44e508d37e64811c0b3df,experiment_linear_il_10
1126.232130299806,0.004809020001114296,il_10,PLASMA,0.8,Decision Tree Regressor,GridSearchCV,0.5745739034843779,0.46596575073531954,16.53755955789698,-0.3842074773522537,f15a5cb452a44e508d37e64811c0b3df,experiment_linear_il_10
1128.160609974977,0.004793769583956509,il_10,PLASMA,0.8,Decision Tree Regressor,GridSearchCV,0.5745739034843779,0.46596575073531954,16.53755955789698,-0.3842074773522537,f15a5cb452a44e508d37e64811c0b3df,experiment_linear_il_10
1124.303650624635,0.004791626278661468,il_10,PLASMA,0.8,Decision Tree Regressor,GridSearchCV,0.5745739034843779,0.46596575073531954,16.53755955789698,-0.3842074773522537,f15a5cb452a44e508d37e64811c0b3df,experiment_linear_il_10
1122.375170949464,0.0047694003440122215,il_10,PLASMA,0.8,Decision Tree Regressor,GridSearchCV,0.5745739034843779,0.46596575073531954,16.53755955789698,-0.3842074773522537,f15a5cb452a44e508d37e64811c0b3df,experiment_linear_il_10
1120.446691274293,0.004718788238853288,il_10,PLASMA,0.8,Decision Tree Regressor,GridSearchCV,0.5745739034843779,0.46596575073531954,16.53755955789698,-0.3842074773522537,f15a5cb452a44e508d37e64811c0b3df,experiment_linear_il_10
1130.089089650148,0.004704355468250922,il_10,PLASMA,0.8,Decision Tree Regressor,GridSearchCV,0.5745739034843779,0.46596575073531954,16.53755955789698,-0.3842074773522537,f15a5cb452a44e508d37e64811c0b3df,experiment_linear_il_10
1118.518211599122,0.004657114120018372,il_10,PLASMA,0.8,Decision Tree Regressor,GridSearchCV,0.5745739034843779,0.46596575073531954,16.53755955789698,-0.3842074773522537,f15a5cb452a44e508d37e64811c0b3df,experiment_linear_il_10
1116.589731923951,0.00463680476161558,il_10,PLASMA,0.8,Decision Tree Regressor,GridSearchCV,0.5745739034843779,0.46596575073531954,16.53755955789698,-0.3842074773522537,f15a5cb452a44e508d37e64811c0b3df,experiment_linear_il_10
1114.66125224878,0.004625949464718514,il_10,PLASMA,0.8,Decision Tree Regressor,GridSearchCV,0.5745739034843779,0.46596575073531954,16.53755955789698,-0.3842074773522537,f15a5cb452a44e508d37e64811c0b3df,experiment_linear_il_10
1112.732772573609,0.0045959219944360155,il_10,PLASMA,0.8,Decision Tree Regressor,GridSearchCV,0.5745739034843779,0.46596575073531954,16.53755955789698,-0.3842074773522537,f15a5cb452a44e508d37e64811c0b3df,experiment_linear_il_10
1110.804292898438,0.004576419737200621,il_10,PLASMA,0.8,Decision Tree Regressor,GridSearchCV,0.5745739034843779,0.46596575073531954,16.53755955789698,-0.3842074773522537,f15a5cb452a44e508d37e64811c0b3df,experiment_linear_il_10
1108.875813223267,0.0045654094726990686,il_10,PLASMA,0.8,Decision Tree Regressor,GridSearchCV,0.5745739034843779,0.46596575073531954,16.53755955789698,-0.3842074773522537,f15a5cb452a44e508d37e64811c0b3df,experiment_linear_il_10
1106.947333548097,0.004531650185625684,il_10,PLASMA,0.8,Decision Tree Regressor,GridSearchCV,0.5745739034843779,0.46596575073531954,16.53755955789698,-0.3842074773522537,f15a5cb452a44e508d37e64811c0b3df,experiment_linear_il_10
1132.017569325318,0.004511162022641514,il_10,PLASMA,0.8,Decision Tree Regressor,GridSearchCV,0.5745739034843779,0.46596575073531954,16.53755955789698,-0.3842074773522537,f15a5cb452a44e508d37e64811c0b3df,experiment_linear_il_10
1105.018853872926,0.004436670526660879,il_10,PLASMA,0.8,Decision Tree Regressor,GridSearchCV,0.5745739034843779,0.46596575073531954,16.53755955789698,-0.3842074773522537,f15a5cb452a44e508d37e64811c0b3df,experiment_linear_il_10
1103.090374197755,0.004212272886339401,il_10,PLASMA,0.8,Decision Tree Regressor,GridSearchCV,0.5745739034843779,0.46596575073531954,16.53755955789698,-0.3842074773522537,f15a5cb452a44e508d37e64811c0b3df,experiment_linear_il_10
1133.946049000489,0.004185983520046175,il_10,PLASMA,0.8,Decision Tree Regressor,GridSearchCV,0.5745739034843779,0.46596575073531954,16.53755955789698,-0.3842074773522537,f15a5cb452a44e508d37e64811c0b3df,experiment_linear_il_10
1542.78374013672,0.003975733744256072,il_10,PLASMA,0.8,Decision Tree Regressor,GridSearchCV,0.5745739034843779,0.46596575073531954,16.53755955789698,-0.3842074773522537,f15a5cb452a44e508d37e64811c0b3df,experiment_linear_il_10
1544.712219811891,0.003965576078793814,il_10,PLASMA,0.8,Decision Tree Regressor,GridSearchCV,0.5745739034843779,0.46596575073531954,16.53755955789698,-0.3842074773522537,f15a5cb452a44e508d37e64811c0b3df,experiment_linear_il_10
1540.855260461549,0.003859981568071066,il_10,PLASMA,0.8,Decision Tree Regressor,GridSearchCV,0.5745739034843779,0.46596575073531954,16.53755955789698,-0.3842074773522537,f15a5cb452a44e508d37e64811c0b3df,experiment_linear_il_10
2815.580325749514,0.15125137673677375,il_10,PLASMA,0.8,Decision Tree Regressor,GridSearchCV,0.5906039918898401,0.48790076536048826,18.090496003280293,-0.4625211428200011,f15a5cb452a44e508d37e64811c0b3df,experiment_linear_il_10
1839.769610113039,0.07791787904721867,il_10,PLASMA,0.8,Decision Tree Regressor,GridSearchCV,0.5906039918898401,0.48790076536048826,18.090496003280293,-0.4625211428200011,f15a5cb452a44e508d37e64811c0b3df,experiment_linear_il_10
962.3113579102792,0.07489783475974382,il_10,PLASMA,0.8,Decision Tree Regressor,GridSearchCV,0.5906039918898401,0.48790076536048826,18.090496003280293,-0.4625211428200011,f15a5cb452a44e508d37e64811c0b3df,experiment_linear_il_10
2555.235569601442,0.06809890116233383,il_10,PLASMA,0.8,Decision Tree Regressor,GridSearchCV,0.5906039918898401,0.48790076536048826,18.090496003280293,-0.4625211428200011,f15a5cb452a44e508d37e64811c0b3df,experiment_linear_il_10
1209.156756332154,0.05718735525271864,il_10,PLASMA,0.8,Decision Tree Regressor,GridSearchCV,0.5906039918898401,0.48790076536048826,18.090496003280293,-0.4625211428200011,f15a5cb452a44e508d37e64811c0b3df,experiment_linear_il_10
1718.275390577272,0.0500999777131483,il_10,PLASMA,0.8,Decision Tree Regressor,GridSearchCV,0.5906039918898401,0.48790076536048826,18.090496003280293,-0.4625211428200011,f15a5cb452a44e508d37e64811c0b3df,experiment_linear_il_10
1691.276675124879,0.04951593878139478,il_10,PLASMA,0.8,Decision Tree Regressor,GridSearchCV,0.5906039918898401,0.48790076536048826,18.090496003280293,-0.4625211428200011,f15a5cb452a44e508d37e64811c0b3df,experiment_linear_il_10
1806.985455635133,0.048640811788881064,il_10,PLASMA,0.8,Decision Tree Regressor,GridSearchCV,0.5906039918898401,0.48790076536048826,18.090496003280293,-0.4625211428200011,f15a5cb452a44e508d37e64811c0b3df,experiment_linear_il_10
2670.944350111697,0.04126128448574763,il_10,PLASMA,0.8,Decision Tree Regressor,GridSearchCV,0.5906039918898401,0.48790076536048826,18.090496003280293,-0.4625211428200011,f15a5cb452a44e508d37e64811c0b3df,experiment_linear_il_10
1417.432561250612,0.03927133171005567,il_10,PLASMA,0.8,Decision Tree Regressor,GridSearchCV,0.5906039918898401,0.48790076536048826,18.090496003280293,-0.4625211428200011,f15a5cb452a44e508d37e64811c0b3df,experiment_linear_il_10
2946.716943661135,0.036523642917474376,il_10,PLASMA,0.8,Decision Tree Regressor,GridSearchCV,0.5906039918898401,0.48790076536048826,18.090496003280293,-0.4625211428200011,f15a5cb452a44e508d37e64811c0b3df,experiment_linear_il_10
2748.083537118532,0.036309872436005745,il_10,PLASMA,0.8,Decision Tree Regressor,GridSearchCV,0.5906039918898401,0.48790076536048826,18.090496003280293,-0.4625211428200011,f15a5cb452a44e508d37e64811c0b3df,experiment_linear_il_10
1448.288236053346,0.03089106607738368,il_10,PLASMA,0.8,Decision Tree Regressor,GridSearchCV,0.5906039918898401,0.48790076536048826,18.090496003280293,-0.4625211428200011,f15a5cb452a44e508d37e64811c0b3df,experiment_linear_il_10
1481.072390531251,0.030254557472845275,il_10,PLASMA,0.8,Decision Tree Regressor,GridSearchCV,0.5906039918898401,0.48790076536048826,18.090496003280293,-0.4625211428200011,f15a5cb452a44e508d37e64811c0b3df,experiment_linear_il_10
1702.847553175905,0.0288852215918407,il_10,PLASMA,0.8,Decision Tree Regressor,GridSearchCV,0.5906039918898401,0.48790076536048826,18.090496003280293,-0.4625211428200011,f15a5cb452a44e508d37e64811c0b3df,experiment_linear_il_10
2603.447561480715,0.028849552476625805,il_10,PLASMA,0.8,Decision Tree Regressor,GridSearchCV,0.5906039918898401,0.48790076536048826,18.090496003280293,-0.4625211428200011,f15a5cb452a44e508d37e64811c0b3df,experiment_linear_il_10
1542.78374013672,0.02846827192750125,il_10,PLASMA,0.8,Decision Tree Regressor,GridSearchCV,0.5906039918898401,0.48790076536048826,18.090496003280293,-0.4625211428200011,f15a5cb452a44e508d37e64811c0b3df,experiment_linear_il_10
1049.092943292969,0.023524525640304435,il_10,PLASMA,0.8,Decision Tree Regressor,GridSearchCV,0.5906039918898401,0.48790076536048826,18.090496003280293,-0.4625211428200011,f15a5cb452a44e508d37e64811c0b3df,experiment_linear_il_10
2723.013301341311,0.02223291447439639,il_10,PLASMA,0.8,Decision Tree Regressor,GridSearchCV,0.5906039918898401,0.48790076536048826,18.090496003280293,-0.4625211428200011,f15a5cb452a44e508d37e64811c0b3df,experiment_linear_il_10
2593.80516310486,0.01951105570539106,il_10,PLASMA,0.8,Decision Tree Regressor,GridSearchCV,0.5906039918898401,0.48790076536048826,18.090496003280293,-0.4625211428200011,f15a5cb452a44e508d37e64811c0b3df,experiment_linear_il_10
962.3113579102792,0.006188965867768419,il_10,SALIVA,0.8,Decision Tree Regressor,GridSearchCV,0.9241268440588812,0.5993900547286363,18.472198679520847,-0.30685926854447887,f15a5cb452a44e508d37e64811c0b3df,experiment_linear_il_10
1725.989309277955,0.006161120789917435,il_10,SALIVA,0.8,Decision Tree Regressor,GridSearchCV,0.9241268440588812,0.5993900547286363,18.472198679520847,-0.30685926854447887,f15a5cb452a44e508d37e64811c0b3df,experiment_linear_il_10
1727.917788953126,0.005719239741959886,il_10,SALIVA,0.8,Decision Tree Regressor,GridSearchCV,0.9241268440588812,0.5993900547286363,18.472198679520847,-0.30685926854447887,f15a5cb452a44e508d37e64811c0b3df,experiment_linear_il_10
960.3828782351084,0.005653984726067407,il_10,SALIVA,0.8,Decision Tree Regressor,GridSearchCV,0.9241268440588812,0.5993900547286363,18.472198679520847,-0.30685926854447887,f15a5cb452a44e508d37e64811c0b3df,experiment_linear_il_10
964.23983758545,0.005651767946494171,il_10,SALIVA,0.8,Decision Tree Regressor,GridSearchCV,0.9241268440588812,0.5993900547286363,18.472198679520847,-0.30685926854447887,f15a5cb452a44e508d37e64811c0b3df,experiment_linear_il_10
1581.353333640138,0.005245870847521212,il_10,SALIVA,0.8,Decision Tree Regressor,GridSearchCV,0.9241268440588812,0.5993900547286363,18.472198679520847,-0.30685926854447887,f15a5cb452a44e508d37e64811c0b3df,experiment_linear_il_10
1579.424853964967,0.005221308457824194,il_10,SALIVA,0.8,Decision Tree Regressor,GridSearchCV,0.9241268440588812,0.5993900547286363,18.472198679520847,-0.30685926854447887,f15a5cb452a44e508d37e64811c0b3df,experiment_linear_il_10
1583.281813315309,0.005165843928787863,il_10,SALIVA,0.8,Decision Tree Regressor,GridSearchCV,0.9241268440588812,0.5993900547286363,18.472198679520847,-0.30685926854447887,f15a5cb452a44e508d37e64811c0b3df,experiment_linear_il_10
1577.496374289796,0.00514205889047714,il_10,SALIVA,0.8,Decision Tree Regressor,GridSearchCV,0.9241268440588812,0.5993900547286363,18.472198679520847,-0.30685926854447887,f15a5cb452a44e508d37e64811c0b3df,experiment_linear_il_10
958.4543985599371,0.005049144535377967,il_10,SALIVA,0.8,Decision Tree Regressor,GridSearchCV,0.9241268440588812,0.5993900547286363,18.472198679520847,-0.30685926854447887,f15a5cb452a44e508d37e64811c0b3df,experiment_linear_il_10
1575.567894614625,0.004997724307377257,il_10,SALIVA,0.8,Decision Tree Regressor,GridSearchCV,0.9241268440588812,0.5993900547286363,18.472198679520847,-0.30685926854447887,f15a5cb452a44e508d37e64811c0b3df,experiment_linear_il_10
1631.493805194581,0.004994535887322713,il_10,SALIVA,0.8,Decision Tree Regressor,GridSearchCV,0.9241268440588812,0.5993900547286363,18.472198679520847,-0.30685926854447887,f15a5cb452a44e508d37e64811c0b3df,experiment_linear_il_10
1629.56532551941,0.004987013721034477,il_10,SALIVA,0.8,Decision Tree Regressor,GridSearchCV,0.9241268440588812,0.5993900547286363,18.472198679520847,-0.30685926854447887,f15a5cb452a44e508d37e64811c0b3df,experiment_linear_il_10
1585.21029299048,0.004982522574153786,il_10,SALIVA,0.8,Decision Tree Regressor,GridSearchCV,0.9241268440588812,0.5993900547286363,18.472198679520847,-0.30685926854447887,f15a5cb452a44e508d37e64811c0b3df,experiment_linear_il_10
1633.422284869752,0.004978243973919459,il_10,SALIVA,0.8,Decision Tree Regressor,GridSearchCV,0.9241268440588812,0.5993900547286363,18.472198679520847,-0.30685926854447887,f15a5cb452a44e508d37e64811c0b3df,experiment_linear_il_10
1627.63684584424,0.004948967540673161,il_10,SALIVA,0.8,Decision Tree Regressor,GridSearchCV,0.9241268440588812,0.5993900547286363,18.472198679520847,-0.30685926854447887,f15a5cb452a44e508d37e64811c0b3df,experiment_linear_il_10
1635.350764544923,0.004945769631476398,il_10,SALIVA,0.8,Decision Tree Regressor,GridSearchCV,0.9241268440588812,0.5993900547286363,18.472198679520847,-0.30685926854447887,f15a5cb452a44e508d37e64811c0b3df,experiment_linear_il_10
1637.279244220094,0.004938374808341642,il_10,SALIVA,0.8,Decision Tree Regressor,GridSearchCV,0.9241268440588812,0.5993900547286363,18.472198679520847,-0.30685926854447887,f15a5cb452a44e508d37e64811c0b3df,experiment_linear_il_10
1639.207723895265,0.0049354386609130356,il_10,SALIVA,0.8,Decision Tree Regressor,GridSearchCV,0.9241268440588812,0.5993900547286363,18.472198679520847,-0.30685926854447887,f15a5cb452a44e508d37e64811c0b3df,experiment_linear_il_10
1625.708366169069,0.004918004823317746,il_10,SALIVA,0.8,Decision Tree Regressor,GridSearchCV,0.9241268440588812,0.5993900547286363,18.472198679520847,-0.30685926854447887,f15a5cb452a44e508d37e64811c0b3df,experiment_linear_il_10
2969.858699763186,0.1276366015698894,il_10,SALIVA,0.8,Decision Tree Regressor,GridSearchCV,0.9300462428727984,0.5912170660310603,17.83053149055455,-0.32365479126939967,f15a5cb452a44e508d37e64811c0b3df,experiment_linear_il_10
1211.085236007325,0.09969070227928263,il_10,SALIVA,0.8,Decision Tree Regressor,GridSearchCV,0.9300462428727984,0.5912170660310603,17.83053149055455,-0.32365479126939967,f15a5cb452a44e508d37e64811c0b3df,experiment_linear_il_10
2607.304520831057,0.06850573671126042,il_10,SALIVA,0.8,Decision Tree Regressor,GridSearchCV,0.9300462428727984,0.5912170660310603,17.83053149055455,-0.32365479126939967,f15a5cb452a44e508d37e64811c0b3df,experiment_linear_il_10
2979.501098139041,0.06624110384712739,il_10,SALIVA,0.8,Decision Tree Regressor,GridSearchCV,0.9300462428727984,0.5912170660310603,17.83053149055455,-0.32365479126939967,f15a5cb452a44e508d37e64811c0b3df,experiment_linear_il_10
2896.576472106692,0.055455357538421415,il_10,SALIVA,0.8,Decision Tree Regressor,GridSearchCV,0.9300462428727984,0.5912170660310603,17.83053149055455,-0.32365479126939967,f15a5cb452a44e508d37e64811c0b3df,experiment_linear_il_10
3025.784610343142,0.053189189644768445,il_10,SALIVA,0.8,Decision Tree Regressor,GridSearchCV,0.9300462428727984,0.5912170660310603,17.83053149055455,-0.32365479126939967,f15a5cb452a44e508d37e64811c0b3df,experiment_linear_il_10
2717.227862315798,0.05159858898576475,il_10,SALIVA,0.8,Decision Tree Regressor,GridSearchCV,0.9300462428727984,0.5912170660310603,17.83053149055455,-0.32365479126939967,f15a5cb452a44e508d37e64811c0b3df,experiment_linear_il_10
1583.281813315309,0.04284915347331433,il_10,SALIVA,0.8,Decision Tree Regressor,GridSearchCV,0.9300462428727984,0.5912170660310603,17.83053149055455,-0.32365479126939967,f15a5cb452a44e508d37e64811c0b3df,experiment_linear_il_10
3014.213732292117,0.041951687806986514,il_10,SALIVA,0.8,Decision Tree Regressor,GridSearchCV,0.9300462428727984,0.5912170660310603,17.83053149055455,-0.32365479126939967,f15a5cb452a44e508d37e64811c0b3df,experiment_linear_il_10
1328.72249619275,0.0412680833638298,il_10,SALIVA,0.8,Decision Tree Regressor,GridSearchCV,0.9300462428727984,0.5912170660310603,17.83053149055455,-0.32365479126939967,f15a5cb452a44e508d37e64811c0b3df,experiment_linear_il_10
1255.440268536256,0.03779031709490644,il_10,SALIVA,0.8,Decision Tree Regressor,GridSearchCV,0.9300462428727984,0.5912170660310603,17.83053149055455,-0.32365479126939967,f15a5cb452a44e508d37e64811c0b3df,experiment_linear_il_10
964.23983758545,0.028748487289266073,il_10,SALIVA,0.8,Decision Tree Regressor,GridSearchCV,0.9300462428727984,0.5912170660310603,17.83053149055455,-0.32365479126939967,f15a5cb452a44e508d37e64811c0b3df,experiment_linear_il_10
1128.160609974977,0.027388806399894567,il_10,SALIVA,0.8,Decision Tree Regressor,GridSearchCV,0.9300462428727984,0.5912170660310603,17.83053149055455,-0.32365479126939967,f15a5cb452a44e508d37e64811c0b3df,experiment_linear_il_10
2728.798740366823,0.024585817533948683,il_10,SALIVA,0.8,Decision Tree Regressor,GridSearchCV,0.9300462428727984,0.5912170660310603,17.83053149055455,-0.32365479126939967,f15a5cb452a44e508d37e64811c0b3df,experiment_linear_il_10
1448.288236053346,0.024554583236044907,il_10,SALIVA,0.8,Decision Tree Regressor,GridSearchCV,0.9300462428727984,0.5912170660310603,17.83053149055455,-0.32365479126939967,f15a5cb452a44e508d37e64811c0b3df,experiment_linear_il_10
1371.14904904651,0.023019134787656544,il_10,SALIVA,0.8,Decision Tree Regressor,GridSearchCV,0.9300462428727984,0.5912170660310603,17.83053149055455,-0.32365479126939967,f15a5cb452a44e508d37e64811c0b3df,experiment_linear_il_10
1779.986740182741,0.02256011071741615,il_10,SALIVA,0.8,Decision Tree Regressor,GridSearchCV,0.9300462428727984,0.5912170660310603,17.83053149055455,-0.32365479126939967,f15a5cb452a44e508d37e64811c0b3df,experiment_linear_il_10
2730.727220041994,0.022228961005461897,il_10,SALIVA,0.8,Decision Tree Regressor,GridSearchCV,0.9300462428727984,0.5912170660310603,17.83053149055455,-0.32365479126939967,f15a5cb452a44e508d37e64811c0b3df,experiment_linear_il_10
1749.131065380006,0.02018714632177449,il_10,SALIVA,0.8,Decision Tree Regressor,GridSearchCV,0.9300462428727984,0.5912170660310603,17.83053149055455,-0.32365479126939967,f15a5cb452a44e508d37e64811c0b3df,experiment_linear_il_10
1143.588447376344,0.017829404962588252,il_10,SALIVA,0.8,Decision Tree Regressor,GridSearchCV,0.9300462428727984,0.5912170660310603,17.83053149055455,-0.32365479126939967,f15a5cb452a44e508d37e64811c0b3df,experiment_linear_il_10
962.3113579102792,0.006188965867768414,il_10,SALIVA,0.8,Decision Tree Regressor,GridSearchCV,0.9241268440588812,0.5993900547286363,18.472198679520847,-0.30685926854447887,f15a5cb452a44e508d37e64811c0b3df,experiment_linear_il_10
1725.989309277955,0.006161120789917431,il_10,SALIVA,0.8,Decision Tree Regressor,GridSearchCV,0.9241268440588812,0.5993900547286363,18.472198679520847,-0.30685926854447887,f15a5cb452a44e508d37e64811c0b3df,experiment_linear_il_10
1727.917788953126,0.0057192397419598825,il_10,SALIVA,0.8,Decision Tree Regressor,GridSearchCV,0.9241268440588812,0.5993900547286363,18.472198679520847,-0.30685926854447887,f15a5cb452a44e508d37e64811c0b3df,experiment_linear_il_10
960.3828782351084,0.005653984726067398,il_10,SALIVA,0.8,Decision Tree Regressor,GridSearchCV,0.9241268440588812,0.5993900547286363,18.472198679520847,-0.30685926854447887,f15a5cb452a44e508d37e64811c0b3df,experiment_linear_il_10
964.23983758545,0.005651767946494169,il_10,SALIVA,0.8,Decision Tree Regressor,GridSearchCV,0.9241268440588812,0.5993900547286363,18.472198679520847,-0.30685926854447887,f15a5cb452a44e508d37e64811c0b3df,experiment_linear_il_10
1581.353333640138,0.005245870847521207,il_10,SALIVA,0.8,Decision Tree Regressor,GridSearchCV,0.9241268440588812,0.5993900547286363,18.472198679520847,-0.30685926854447887,f15a5cb452a44e508d37e64811c0b3df,experiment_linear_il_10
1579.424853964967,0.005221308457824192,il_10,SALIVA,0.8,Decision Tree Regressor,GridSearchCV,0.9241268440588812,0.5993900547286363,18.472198679520847,-0.30685926854447887,f15a5cb452a44e508d37e64811c0b3df,experiment_linear_il_10
1583.281813315309,0.005165843928787861,il_10,SALIVA,0.8,Decision Tree Regressor,GridSearchCV,0.9241268440588812,0.5993900547286363,18.472198679520847,-0.30685926854447887,f15a5cb452a44e508d37e64811c0b3df,experiment_linear_il_10
1577.496374289796,0.005142058890477137,il_10,SALIVA,0.8,Decision Tree Regressor,GridSearchCV,0.9241268440588812,0.5993900547286363,18.472198679520847,-0.30685926854447887,f15a5cb452a44e508d37e64811c0b3df,experiment_linear_il_10
958.4543985599371,0.00504914453537796,il_10,SALIVA,0.8,Decision Tree Regressor,GridSearchCV,0.9241268440588812,0.5993900547286363,18.472198679520847,-0.30685926854447887,f15a5cb452a44e508d37e64811c0b3df,experiment_linear_il_10
1575.567894614625,0.004997724307377252,il_10,SALIVA,0.8,Decision Tree Regressor,GridSearchCV,0.9241268440588812,0.5993900547286363,18.472198679520847,-0.30685926854447887,f15a5cb452a44e508d37e64811c0b3df,experiment_linear_il_10
1631.493805194581,0.0049945358873227114,il_10,SALIVA,0.8,Decision Tree Regressor,GridSearchCV,0.9241268440588812,0.5993900547286363,18.472198679520847,-0.30685926854447887,f15a5cb452a44e508d37e64811c0b3df,experiment_linear_il_10
1629.56532551941,0.004987013721034477,il_10,SALIVA,0.8,Decision Tree Regressor,GridSearchCV,0.9241268440588812,0.5993900547286363,18.472198679520847,-0.30685926854447887,f15a5cb452a44e508d37e64811c0b3df,experiment_linear_il_10
1585.21029299048,0.004982522574153785,il_10,SALIVA,0.8,Decision Tree Regressor,GridSearchCV,0.9241268440588812,0.5993900547286363,18.472198679520847,-0.30685926854447887,f15a5cb452a44e508d37e64811c0b3df,experiment_linear_il_10
1633.422284869752,0.004978243973919459,il_10,SALIVA,0.8,Decision Tree Regressor,GridSearchCV,0.9241268440588812,0.5993900547286363,18.472198679520847,-0.30685926854447887,f15a5cb452a44e508d37e64811c0b3df,experiment_linear_il_10
1627.63684584424,0.004948967540673161,il_10,SALIVA,0.8,Decision Tree Regressor,GridSearchCV,0.9241268440588812,0.5993900547286363,18.472198679520847,-0.30685926854447887,f15a5cb452a44e508d37e64811c0b3df,experiment_linear_il_10
1635.350764544923,0.004945769631476398,il_10,SALIVA,0.8,Decision Tree Regressor,GridSearchCV,0.9241268440588812,0.5993900547286363,18.472198679520847,-0.30685926854447887,f15a5cb452a44e508d37e64811c0b3df,experiment_linear_il_10
1637.279244220094,0.004938374808341641,il_10,SALIVA,0.8,Decision Tree Regressor,GridSearchCV,0.9241268440588812,0.5993900547286363,18.472198679520847,-0.30685926854447887,f15a5cb452a44e508d37e64811c0b3df,experiment_linear_il_10
1639.207723895265,0.004935438660913037,il_10,SALIVA,0.8,Decision Tree Regressor,GridSearchCV,0.9241268440588812,0.5993900547286363,18.472198679520847,-0.30685926854447887,f15a5cb452a44e508d37e64811c0b3df,experiment_linear_il_10
1625.708366169069,0.004918004823317747,il_10,SALIVA,0.8,Decision Tree Regressor,GridSearchCV,0.9241268440588812,0.5993900547286363,18.472198679520847,-0.30685926854447887,f15a5cb452a44e508d37e64811c0b3df,experiment_linear_il_10
2969.858699763186,0.1276366015698894,il_10,SALIVA,0.8,Decision Tree Regressor,GridSearchCV,0.9300462428727984,0.5912170660310603,17.83053149055455,-0.32365479126939967,f15a5cb452a44e508d37e64811c0b3df,experiment_linear_il_10
1211.085236007325,0.09969070227928263,il_10,SALIVA,0.8,Decision Tree Regressor,GridSearchCV,0.9300462428727984,0.5912170660310603,17.83053149055455,-0.32365479126939967,f15a5cb452a44e508d37e64811c0b3df,experiment_linear_il_10
2607.304520831057,0.06850573671126042,il_10,SALIVA,0.8,Decision Tree Regressor,GridSearchCV,0.9300462428727984,0.5912170660310603,17.83053149055455,-0.32365479126939967,f15a5cb452a44e508d37e64811c0b3df,experiment_linear_il_10
2979.501098139041,0.06624110384712739,il_10,SALIVA,0.8,Decision Tree Regressor,GridSearchCV,0.9300462428727984,0.5912170660310603,17.83053149055455,-0.32365479126939967,f15a5cb452a44e508d37e64811c0b3df,experiment_linear_il_10
2896.576472106692,0.055455357538421415,il_10,SALIVA,0.8,Decision Tree Regressor,GridSearchCV,0.9300462428727984,0.5912170660310603,17.83053149055455,-0.32365479126939967,f15a5cb452a44e508d37e64811c0b3df,experiment_linear_il_10
3025.784610343142,0.053189189644768445,il_10,SALIVA,0.8,Decision Tree Regressor,GridSearchCV,0.9300462428727984,0.5912170660310603,17.83053149055455,-0.32365479126939967,f15a5cb452a44e508d37e64811c0b3df,experiment_linear_il_10
2717.227862315798,0.05159858898576475,il_10,SALIVA,0.8,Decision Tree Regressor,GridSearchCV,0.9300462428727984,0.5912170660310603,17.83053149055455,-0.32365479126939967,f15a5cb452a44e508d37e64811c0b3df,experiment_linear_il_10
1583.281813315309,0.04284915347331433,il_10,SALIVA,0.8,Decision Tree Regressor,GridSearchCV,0.9300462428727984,0.5912170660310603,17.83053149055455,-0.32365479126939967,f15a5cb452a44e508d37e64811c0b3df,experiment_linear_il_10
3014.213732292117,0.041951687806986514,il_10,SALIVA,0.8,Decision Tree Regressor,GridSearchCV,0.9300462428727984,0.5912170660310603,17.83053149055455,-0.32365479126939967,f15a5cb452a44e508d37e64811c0b3df,experiment_linear_il_10
1328.72249619275,0.0412680833638298,il_10,SALIVA,0.8,Decision Tree Regressor,GridSearchCV,0.9300462428727984,0.5912170660310603,17.83053149055455,-0.32365479126939967,f15a5cb452a44e508d37e64811c0b3df,experiment_linear_il_10
1255.440268536256,0.03779031709490644,il_10,SALIVA,0.8,Decision Tree Regressor,GridSearchCV,0.9300462428727984,0.5912170660310603,17.83053149055455,-0.32365479126939967,f15a5cb452a44e508d37e64811c0b3df,experiment_linear_il_10
964.23983758545,0.028748487289266073,il_10,SALIVA,0.8,Decision Tree Regressor,GridSearchCV,0.9300462428727984,0.5912170660310603,17.83053149055455,-0.32365479126939967,f15a5cb452a44e508d37e64811c0b3df,experiment_linear_il_10
1128.160609974977,0.027388806399894567,il_10,SALIVA,0.8,Decision Tree Regressor,GridSearchCV,0.9300462428727984,0.5912170660310603,17.83053149055455,-0.32365479126939967,f15a5cb452a44e508d37e64811c0b3df,experiment_linear_il_10
2728.798740366823,0.024585817533948683,il_10,SALIVA,0.8,Decision Tree Regressor,GridSearchCV,0.9300462428727984,0.5912170660310603,17.83053149055455,-0.32365479126939967,f15a5cb452a44e508d37e64811c0b3df,experiment_linear_il_10
1448.288236053346,0.024554583236044907,il_10,SALIVA,0.8,Decision Tree Regressor,GridSearchCV,0.9300462428727984,0.5912170660310603,17.83053149055455,-0.32365479126939967,f15a5cb452a44e508d37e64811c0b3df,experiment_linear_il_10
1371.14904904651,0.023019134787656544,il_10,SALIVA,0.8,Decision Tree Regressor,GridSearchCV,0.9300462428727984,0.5912170660310603,17.83053149055455,-0.32365479126939967,f15a5cb452a44e508d37e64811c0b3df,experiment_linear_il_10
1779.986740182741,0.02256011071741615,il_10,SALIVA,0.8,Decision Tree Regressor,GridSearchCV,0.9300462428727984,0.5912170660310603,17.83053149055455,-0.32365479126939967,f15a5cb452a44e508d37e64811c0b3df,experiment_linear_il_10
2730.727220041994,0.022228961005461897,il_10,SALIVA,0.8,Decision Tree Regressor,GridSearchCV,0.9300462428727984,0.5912170660310603,17.83053149055455,-0.32365479126939967,f15a5cb452a44e508d37e64811c0b3df,experiment_linear_il_10
1749.131065380006,0.02018714632177449,il_10,SALIVA,0.8,Decision Tree Regressor,GridSearchCV,0.9300462428727984,0.5912170660310603,17.83053149055455,-0.32365479126939967,f15a5cb452a44e508d37e64811c0b3df,experiment_linear_il_10
1143.588447376344,0.017829404962588252,il_10,SALIVA,0.8,Decision Tree Regressor,GridSearchCV,0.9300462428727984,0.5912170660310603,17.83053149055455,-0.32365479126939967,f15a5cb452a44e508d37e64811c0b3df,experiment_linear_il_10
2713.370902965456,0.010960968073440897,il_10,SERUM,0.8,Decision Tree Regressor,GridSearchCV,1.1032356532862193,0.7336647516568338,24.114042285668173,-0.2557310940379547,f15a5cb452a44e508d37e64811c0b3df,experiment_linear_il_10
2711.442423290285,0.010259573885424306,il_10,SERUM,0.8,Decision Tree Regressor,GridSearchCV,1.1032356532862193,0.7336647516568338,24.114042285668173,-0.2557310940379547,f15a5cb452a44e508d37e64811c0b3df,experiment_linear_il_10
2715.299382640627,0.0070614112785831904,il_10,SERUM,0.8,Decision Tree Regressor,GridSearchCV,1.1032356532862193,0.7336647516568338,24.114042285668173,-0.2557310940379547,f15a5cb452a44e508d37e64811c0b3df,experiment_linear_il_10
1590.995732015992,0.005559736701144123,il_10,SERUM,0.8,Decision Tree Regressor,GridSearchCV,1.1032356532862193,0.7336647516568338,24.114042285668173,-0.2557310940379547,f15a5cb452a44e508d37e64811c0b3df,experiment_linear_il_10
1592.924211691163,0.005475357987345786,il_10,SERUM,0.8,Decision Tree Regressor,GridSearchCV,1.1032356532862193,0.7336647516568338,24.114042285668173,-0.2557310940379547,f15a5cb452a44e508d37e64811c0b3df,experiment_linear_il_10
1589.067252340822,0.005439037625231833,il_10,SERUM,0.8,Decision Tree Regressor,GridSearchCV,1.1032356532862193,0.7336647516568338,24.114042285668173,-0.2557310940379547,f15a5cb452a44e508d37e64811c0b3df,experiment_linear_il_10
1594.852691366334,0.005250235618415658,il_10,SERUM,0.8,Decision Tree Regressor,GridSearchCV,1.1032356532862193,0.7336647516568338,24.114042285668173,-0.2557310940379547,f15a5cb452a44e508d37e64811c0b3df,experiment_linear_il_10
1587.138772665651,0.005233693797020401,il_10,SERUM,0.8,Decision Tree Regressor,GridSearchCV,1.1032356532862193,0.7336647516568338,24.114042285668173,-0.2557310940379547,f15a5cb452a44e508d37e64811c0b3df,experiment_linear_il_10
1596.781171041505,0.00491703847252492,il_10,SERUM,0.8,Decision Tree Regressor,GridSearchCV,1.1032356532862193,0.7336647516568338,24.114042285668173,-0.2557310940379547,f15a5cb452a44e508d37e64811c0b3df,experiment_linear_il_10
1585.21029299048,0.004771204249825322,il_10,SERUM,0.8,Decision Tree Regressor,GridSearchCV,1.1032356532862193,0.7336647516568338,24.114042285668173,-0.2557310940379547,f15a5cb452a44e508d37e64811c0b3df,experiment_linear_il_10
2709.513943615114,0.004719599537132872,il_10,SERUM,0.8,Decision Tree Regressor,GridSearchCV,1.1032356532862193,0.7336647516568338,24.114042285668173,-0.2557310940379547,f15a5cb452a44e508d37e64811c0b3df,experiment_linear_il_10
1598.709650716676,0.004612036985099132,il_10,SERUM,0.8,Decision Tree Regressor,GridSearchCV,1.1032356532862193,0.7336647516568338,24.114042285668173,-0.2557310940379547,f15a5cb452a44e508d37e64811c0b3df,experiment_linear_il_10
1600.638130391847,0.0042966341079495145,il_10,SERUM,0.8,Decision Tree Regressor,GridSearchCV,1.1032356532862193,0.7336647516568338,24.114042285668173,-0.2557310940379547,f15a5cb452a44e508d37e64811c0b3df,experiment_linear_il_10
1583.281813315309,0.004028481609509739,il_10,SERUM,0.8,Decision Tree Regressor,GridSearchCV,1.1032356532862193,0.7336647516568338,24.114042285668173,-0.2557310940379547,f15a5cb452a44e508d37e64811c0b3df,experiment_linear_il_10
2726.870260691652,0.003983266300696494,il_10,SERUM,0.8,Decision Tree Regressor,GridSearchCV,1.1032356532862193,0.7336647516568338,24.114042285668173,-0.2557310940379547,f15a5cb452a44e508d37e64811c0b3df,experiment_linear_il_10
1602.566610067018,0.003933060799054879,il_10,SERUM,0.8,Decision Tree Regressor,GridSearchCV,1.1032356532862193,0.7336647516568338,24.114042285668173,-0.2557310940379547,f15a5cb452a44e508d37e64811c0b3df,experiment_linear_il_10
2703.728504589601,0.0037986497426215488,il_10,SERUM,0.8,Decision Tree Regressor,GridSearchCV,1.1032356532862193,0.7336647516568338,24.114042285668173,-0.2557310940379547,f15a5cb452a44e508d37e64811c0b3df,experiment_linear_il_10
2728.798740366823,0.0037770897596498083,il_10,SERUM,0.8,Decision Tree Regressor,GridSearchCV,1.1032356532862193,0.7336647516568338,24.114042285668173,-0.2557310940379547,f15a5cb452a44e508d37e64811c0b3df,experiment_linear_il_10
1581.353333640138,0.0035702710739887833,il_10,SERUM,0.8,Decision Tree Regressor,GridSearchCV,1.1032356532862193,0.7336647516568338,24.114042285668173,-0.2557310940379547,f15a5cb452a44e508d37e64811c0b3df,experiment_linear_il_10
1604.495089742189,0.0035365261314977657,il_10,SERUM,0.8,Decision Tree Regressor,GridSearchCV,1.1032356532862193,0.7336647516568338,24.114042285668173,-0.2557310940379547,f15a5cb452a44e508d37e64811c0b3df,experiment_linear_il_10
2690.229146863405,0.1556175095238328,il_10,SERUM,0.8,Decision Tree Regressor,GridSearchCV,1.050178124938728,0.7823091924699839,27.06733873635342,-0.13785260145174805,f15a5cb452a44e508d37e64811c0b3df,experiment_linear_il_10
2674.801309462038,0.08176897410726247,il_10,SERUM,0.8,Decision Tree Regressor,GridSearchCV,1.050178124938728,0.7823091924699839,27.06733873635342,-0.13785260145174805,f15a5cb452a44e508d37e64811c0b3df,experiment_linear_il_10
2744.226577768191,0.06875405042172883,il_10,SERUM,0.8,Decision Tree Regressor,GridSearchCV,1.050178124938728,0.7823091924699839,27.06733873635342,-0.13785260145174805,f15a5cb452a44e508d37e64811c0b3df,experiment_linear_il_10
1133.946049000489,0.05946267602840307,il_10,SERUM,0.8,Decision Tree Regressor,GridSearchCV,1.050178124938728,0.7823091924699839,27.06733873635342,-0.13785260145174805,f15a5cb452a44e508d37e64811c0b3df,experiment_linear_il_10
2645.874114334475,0.05582326232624274,il_10,SERUM,0.8,Decision Tree Regressor,GridSearchCV,1.050178124938728,0.7823091924699839,27.06733873635342,-0.13785260145174805,f15a5cb452a44e508d37e64811c0b3df,experiment_linear_il_10
2709.513943615114,0.05579524693097022,il_10,SERUM,0.8,Decision Tree Regressor,GridSearchCV,1.050178124938728,0.7823091924699839,27.06733873635342,-0.13785260145174805,f15a5cb452a44e508d37e64811c0b3df,experiment_linear_il_10
1243.86939048523,0.04453321940388859,il_10,SERUM,0.8,Decision Tree Regressor,GridSearchCV,1.050178124938728,0.7823091924699839,27.06733873635342,-0.13785260145174805,f15a5cb452a44e508d37e64811c0b3df,experiment_linear_il_10
1477.215431180909,0.04227942602900127,il_10,SERUM,0.8,Decision Tree Regressor,GridSearchCV,1.050178124938728,0.7823091924699839,27.06733873635342,-0.13785260145174805,f15a5cb452a44e508d37e64811c0b3df,experiment_linear_il_10
1143.588447376344,0.03749132731233937,il_10,SERUM,0.8,Decision Tree Regressor,GridSearchCV,1.050178124938728,0.7823091924699839,27.06733873635342,-0.13785260145174805,f15a5cb452a44e508d37e64811c0b3df,experiment_linear_il_10
1029.808146541261,0.03728569649544731,il_10,SERUM,0.8,Decision Tree Regressor,GridSearchCV,1.050178124938728,0.7823091924699839,27.06733873635342,-0.13785260145174805,f15a5cb452a44e508d37e64811c0b3df,experiment_linear_il_10
1184.086520554933,0.03407429905386904,il_10,SERUM,0.8,Decision Tree Regressor,GridSearchCV,1.050178124938728,0.7823091924699839,27.06733873635342,-0.13785260145174805,f15a5cb452a44e508d37e64811c0b3df,experiment_linear_il_10
1600.638130391847,0.03316032125231039,il_10,SERUM,0.8,Decision Tree Regressor,GridSearchCV,1.050178124938728,0.7823091924699839,27.06733873635342,-0.13785260145174805,f15a5cb452a44e508d37e64811c0b3df,experiment_linear_il_10
1668.134919022829,0.03303120538882437,il_10,SERUM,0.8,Decision Tree Regressor,GridSearchCV,1.050178124938728,0.7823091924699839,27.06733873635342,-0.13785260145174805,f15a5cb452a44e508d37e64811c0b3df,experiment_linear_il_10
1513.856545009157,0.03161196523167485,il_10,SERUM,0.8,Decision Tree Regressor,GridSearchCV,1.050178124938728,0.7823091924699839,27.06733873635342,-0.13785260145174805,f15a5cb452a44e508d37e64811c0b3df,experiment_linear_il_10
1608.35204909253,0.031600138783030564,il_10,SERUM,0.8,Decision Tree Regressor,GridSearchCV,1.050178124938728,0.7823091924699839,27.06733873635342,-0.13785260145174805,f15a5cb452a44e508d37e64811c0b3df,experiment_linear_il_10
2514.737496422853,0.03156981477241524,il_10,SERUM,0.8,Decision Tree Regressor,GridSearchCV,1.050178124938728,0.7823091924699839,27.06733873635342,-0.13785260145174805,f15a5cb452a44e508d37e64811c0b3df,experiment_linear_il_10
3008.428293266604,0.03034663357384901,il_10,SERUM,0.8,Decision Tree Regressor,GridSearchCV,1.050178124938728,0.7823091924699839,27.06733873635342,-0.13785260145174805,f15a5cb452a44e508d37e64811c0b3df,experiment_linear_il_10
2971.787179438357,0.024622721064371533,il_10,SERUM,0.8,Decision Tree Regressor,GridSearchCV,1.050178124938728,0.7823091924699839,27.06733873635342,-0.13785260145174805,f15a5cb452a44e508d37e64811c0b3df,experiment_linear_il_10
2686.372187513064,0.019432144055325465,il_10,SERUM,0.8,Decision Tree Regressor,GridSearchCV,1.050178124938728,0.7823091924699839,27.06733873635342,-0.13785260145174805,f15a5cb452a44e508d37e64811c0b3df,experiment_linear_il_10
1612.209008442873,0.01595204787159037,il_10,SERUM,0.8,Decision Tree Regressor,GridSearchCV,1.050178124938728,0.7823091924699839,27.06733873635342,-0.13785260145174805,f15a5cb452a44e508d37e64811c0b3df,experiment_linear_il_10
2713.370902965456,0.010960968073440899,il_10,SERUM,0.8,Decision Tree Regressor,GridSearchCV,1.1032356532862193,0.7336647516568338,24.114042285668173,-0.2557310940379547,f15a5cb452a44e508d37e64811c0b3df,experiment_linear_il_10
2711.442423290285,0.010259573885424303,il_10,SERUM,0.8,Decision Tree Regressor,GridSearchCV,1.1032356532862193,0.7336647516568338,24.114042285668173,-0.2557310940379547,f15a5cb452a44e508d37e64811c0b3df,experiment_linear_il_10
2715.299382640627,0.0070614112785831904,il_10,SERUM,0.8,Decision Tree Regressor,GridSearchCV,1.1032356532862193,0.7336647516568338,24.114042285668173,-0.2557310940379547,f15a5cb452a44e508d37e64811c0b3df,experiment_linear_il_10
1590.995732015992,0.005559736701144119,il_10,SERUM,0.8,Decision Tree Regressor,GridSearchCV,1.1032356532862193,0.7336647516568338,24.114042285668173,-0.2557310940379547,f15a5cb452a44e508d37e64811c0b3df,experiment_linear_il_10
1592.924211691163,0.005475357987345784,il_10,SERUM,0.8,Decision Tree Regressor,GridSearchCV,1.1032356532862193,0.7336647516568338,24.114042285668173,-0.2557310940379547,f15a5cb452a44e508d37e64811c0b3df,experiment_linear_il_10
1589.067252340822,0.00543903762523183,il_10,SERUM,0.8,Decision Tree Regressor,GridSearchCV,1.1032356532862193,0.7336647516568338,24.114042285668173,-0.2557310940379547,f15a5cb452a44e508d37e64811c0b3df,experiment_linear_il_10
1594.852691366334,0.005250235618415656,il_10,SERUM,0.8,Decision Tree Regressor,GridSearchCV,1.1032356532862193,0.7336647516568338,24.114042285668173,-0.2557310940379547,f15a5cb452a44e508d37e64811c0b3df,experiment_linear_il_10
1587.138772665651,0.005233693797020397,il_10,SERUM,0.8,Decision Tree Regressor,GridSearchCV,1.1032356532862193,0.7336647516568338,24.114042285668173,-0.2557310940379547,f15a5cb452a44e508d37e64811c0b3df,experiment_linear_il_10
1596.781171041505,0.004917038472524919,il_10,SERUM,0.8,Decision Tree Regressor,GridSearchCV,1.1032356532862193,0.7336647516568338,24.114042285668173,-0.2557310940379547,f15a5cb452a44e508d37e64811c0b3df,experiment_linear_il_10
1585.21029299048,0.0047712042498253195,il_10,SERUM,0.8,Decision Tree Regressor,GridSearchCV,1.1032356532862193,0.7336647516568338,24.114042285668173,-0.2557310940379547,f15a5cb452a44e508d37e64811c0b3df,experiment_linear_il_10
2709.513943615114,0.00471959953713287,il_10,SERUM,0.8,Decision Tree Regressor,GridSearchCV,1.1032356532862193,0.7336647516568338,24.114042285668173,-0.2557310940379547,f15a5cb452a44e508d37e64811c0b3df,experiment_linear_il_10
1598.709650716676,0.00461203698509913,il_10,SERUM,0.8,Decision Tree Regressor,GridSearchCV,1.1032356532862193,0.7336647516568338,24.114042285668173,-0.2557310940379547,f15a5cb452a44e508d37e64811c0b3df,experiment_linear_il_10
1600.638130391847,0.00429663410794951,il_10,SERUM,0.8,Decision Tree Regressor,GridSearchCV,1.1032356532862193,0.7336647516568338,24.114042285668173,-0.2557310940379547,f15a5cb452a44e508d37e64811c0b3df,experiment_linear_il_10
1583.281813315309,0.004028481609509736,il_10,SERUM,0.8,Decision Tree Regressor,GridSearchCV,1.1032356532862193,0.7336647516568338,24.114042285668173,-0.2557310940379547,f15a5cb452a44e508d37e64811c0b3df,experiment_linear_il_10
2726.870260691652,0.003983266300696494,il_10,SERUM,0.8,Decision Tree Regressor,GridSearchCV,1.1032356532862193,0.7336647516568338,24.114042285668173,-0.2557310940379547,f15a5cb452a44e508d37e64811c0b3df,experiment_linear_il_10
1602.566610067018,0.0039330607990548765,il_10,SERUM,0.8,Decision Tree Regressor,GridSearchCV,1.1032356532862193,0.7336647516568338,24.114042285668173,-0.2557310940379547,f15a5cb452a44e508d37e64811c0b3df,experiment_linear_il_10
2703.728504589601,0.0037986497426215488,il_10,SERUM,0.8,Decision Tree Regressor,GridSearchCV,1.1032356532862193,0.7336647516568338,24.114042285668173,-0.2557310940379547,f15a5cb452a44e508d37e64811c0b3df,experiment_linear_il_10
2728.798740366823,0.0037770897596498057,il_10,SERUM,0.8,Decision Tree Regressor,GridSearchCV,1.1032356532862193,0.7336647516568338,24.114042285668173,-0.2557310940379547,f15a5cb452a44e508d37e64811c0b3df,experiment_linear_il_10
1581.353333640138,0.003570271073988783,il_10,SERUM,0.8,Decision Tree Regressor,GridSearchCV,1.1032356532862193,0.7336647516568338,24.114042285668173,-0.2557310940379547,f15a5cb452a44e508d37e64811c0b3df,experiment_linear_il_10
1604.495089742189,0.0035365261314977635,il_10,SERUM,0.8,Decision Tree Regressor,GridSearchCV,1.1032356532862193,0.7336647516568338,24.114042285668173,-0.2557310940379547,f15a5cb452a44e508d37e64811c0b3df,experiment_linear_il_10
2690.229146863405,0.1556175095238328,il_10,SERUM,0.8,Decision Tree Regressor,GridSearchCV,1.050178124938728,0.7823091924699839,27.06733873635342,-0.13785260145174805,f15a5cb452a44e508d37e64811c0b3df,experiment_linear_il_10
2674.801309462038,0.08176897410726247,il_10,SERUM,0.8,Decision Tree Regressor,GridSearchCV,1.050178124938728,0.7823091924699839,27.06733873635342,-0.13785260145174805,f15a5cb452a44e508d37e64811c0b3df,experiment_linear_il_10
2744.226577768191,0.06875405042172883,il_10,SERUM,0.8,Decision Tree Regressor,GridSearchCV,1.050178124938728,0.7823091924699839,27.06733873635342,-0.13785260145174805,f15a5cb452a44e508d37e64811c0b3df,experiment_linear_il_10
1133.946049000489,0.05946267602840307,il_10,SERUM,0.8,Decision Tree Regressor,GridSearchCV,1.050178124938728,0.7823091924699839,27.06733873635342,-0.13785260145174805,f15a5cb452a44e508d37e64811c0b3df,experiment_linear_il_10
2645.874114334475,0.05582326232624274,il_10,SERUM,0.8,Decision Tree Regressor,GridSearchCV,1.050178124938728,0.7823091924699839,27.06733873635342,-0.13785260145174805,f15a5cb452a44e508d37e64811c0b3df,experiment_linear_il_10
2709.513943615114,0.05579524693097022,il_10,SERUM,0.8,Decision Tree Regressor,GridSearchCV,1.050178124938728,0.7823091924699839,27.06733873635342,-0.13785260145174805,f15a5cb452a44e508d37e64811c0b3df,experiment_linear_il_10
1243.86939048523,0.04453321940388859,il_10,SERUM,0.8,Decision Tree Regressor,GridSearchCV,1.050178124938728,0.7823091924699839,27.06733873635342,-0.13785260145174805,f15a5cb452a44e508d37e64811c0b3df,experiment_linear_il_10
1477.215431180909,0.04227942602900127,il_10,SERUM,0.8,Decision Tree Regressor,GridSearchCV,1.050178124938728,0.7823091924699839,27.06733873635342,-0.13785260145174805,f15a5cb452a44e508d37e64811c0b3df,experiment_linear_il_10
1143.588447376344,0.03749132731233937,il_10,SERUM,0.8,Decision Tree Regressor,GridSearchCV,1.050178124938728,0.7823091924699839,27.06733873635342,-0.13785260145174805,f15a5cb452a44e508d37e64811c0b3df,experiment_linear_il_10
1029.808146541261,0.03728569649544731,il_10,SERUM,0.8,Decision Tree Regressor,GridSearchCV,1.050178124938728,0.7823091924699839,27.06733873635342,-0.13785260145174805,f15a5cb452a44e508d37e64811c0b3df,experiment_linear_il_10
1184.086520554933,0.03407429905386904,il_10,SERUM,0.8,Decision Tree Regressor,GridSearchCV,1.050178124938728,0.7823091924699839,27.06733873635342,-0.13785260145174805,f15a5cb452a44e508d37e64811c0b3df,experiment_linear_il_10
1600.638130391847,0.03316032125231039,il_10,SERUM,0.8,Decision Tree Regressor,GridSearchCV,1.050178124938728,0.7823091924699839,27.06733873635342,-0.13785260145174805,f15a5cb452a44e508d37e64811c0b3df,experiment_linear_il_10
1668.134919022829,0.03303120538882437,il_10,SERUM,0.8,Decision Tree Regressor,GridSearchCV,1.050178124938728,0.7823091924699839,27.06733873635342,-0.13785260145174805,f15a5cb452a44e508d37e64811c0b3df,experiment_linear_il_10
1513.856545009157,0.03161196523167485,il_10,SERUM,0.8,Decision Tree Regressor,GridSearchCV,1.050178124938728,0.7823091924699839,27.06733873635342,-0.13785260145174805,f15a5cb452a44e508d37e64811c0b3df,experiment_linear_il_10
1608.35204909253,0.031600138783030564,il_10,SERUM,0.8,Decision Tree Regressor,GridSearchCV,1.050178124938728,0.7823091924699839,27.06733873635342,-0.13785260145174805,f15a5cb452a44e508d37e64811c0b3df,experiment_linear_il_10
2514.737496422853,0.03156981477241524,il_10,SERUM,0.8,Decision Tree Regressor,GridSearchCV,1.050178124938728,0.7823091924699839,27.06733873635342,-0.13785260145174805,f15a5cb452a44e508d37e64811c0b3df,experiment_linear_il_10
3008.428293266604,0.03034663357384901,il_10,SERUM,0.8,Decision Tree Regressor,GridSearchCV,1.050178124938728,0.7823091924699839,27.06733873635342,-0.13785260145174805,f15a5cb452a44e508d37e64811c0b3df,experiment_linear_il_10
2971.787179438357,0.024622721064371533,il_10,SERUM,0.8,Decision Tree Regressor,GridSearchCV,1.050178124938728,0.7823091924699839,27.06733873635342,-0.13785260145174805,f15a5cb452a44e508d37e64811c0b3df,experiment_linear_il_10
2686.372187513064,0.019432144055325465,il_10,SERUM,0.8,Decision Tree Regressor,GridSearchCV,1.050178124938728,0.7823091924699839,27.06733873635342,-0.13785260145174805,f15a5cb452a44e508d37e64811c0b3df,experiment_linear_il_10
1612.209008442873,0.01595204787159037,il_10,SERUM,0.8,Decision Tree Regressor,GridSearchCV,1.050178124938728,0.7823091924699839,27.06733873635342,-0.13785260145174805,f15a5cb452a44e508d37e64811c0b3df,experiment_linear_il_10
1583.281813315309,0.004744102694982119,il_10,URINE,0.8,Decision Tree Regressor,GridSearchCV,0.7710707606128053,0.5323217461610577,18.69592960943718,0.08471009051875833,f15a5cb452a44e508d37e64811c0b3df,experiment_linear_il_10
1585.21029299048,0.004711846826240322,il_10,URINE,0.8,Decision Tree Regressor,GridSearchCV,0.7710707606128053,0.5323217461610577,18.69592960943718,0.08471009051875833,f15a5cb452a44e508d37e64811c0b3df,experiment_linear_il_10
1581.353333640138,0.004698737355793449,il_10,URINE,0.8,Decision Tree Regressor,GridSearchCV,0.7710707606128053,0.5323217461610577,18.69592960943718,0.08471009051875833,f15a5cb452a44e508d37e64811c0b3df,experiment_linear_il_10
1579.424853964967,0.0046024502491452055,il_10,URINE,0.8,Decision Tree Regressor,GridSearchCV,0.7710707606128053,0.5323217461610577,18.69592960943718,0.08471009051875833,f15a5cb452a44e508d37e64811c0b3df,experiment_linear_il_10
1587.138772665651,0.004567637989894031,il_10,URINE,0.8,Decision Tree Regressor,GridSearchCV,0.7710707606128053,0.5323217461610577,18.69592960943718,0.08471009051875833,f15a5cb452a44e508d37e64811c0b3df,experiment_linear_il_10
1563.9970165636,0.004564942577980832,il_10,URINE,0.8,Decision Tree Regressor,GridSearchCV,0.7710707606128053,0.5323217461610577,18.69592960943718,0.08471009051875833,f15a5cb452a44e508d37e64811c0b3df,experiment_linear_il_10
1565.925496238771,0.004562545214960839,il_10,URINE,0.8,Decision Tree Regressor,GridSearchCV,0.7710707606128053,0.5323217461610577,18.69592960943718,0.08471009051875833,f15a5cb452a44e508d37e64811c0b3df,experiment_linear_il_10
1567.853975913942,0.004549859809299285,il_10,URINE,0.8,Decision Tree Regressor,GridSearchCV,0.7710707606128053,0.5323217461610577,18.69592960943718,0.08471009051875833,f15a5cb452a44e508d37e64811c0b3df,experiment_linear_il_10
1562.068536888429,0.004536667625197495,il_10,URINE,0.8,Decision Tree Regressor,GridSearchCV,0.7710707606128053,0.5323217461610577,18.69592960943718,0.08471009051875833,f15a5cb452a44e508d37e64811c0b3df,experiment_linear_il_10
1569.782455589112,0.004532124082265175,il_10,URINE,0.8,Decision Tree Regressor,GridSearchCV,0.7710707606128053,0.5323217461610577,18.69592960943718,0.08471009051875833,f15a5cb452a44e508d37e64811c0b3df,experiment_linear_il_10
1577.496374289796,0.00451322712393234,il_10,URINE,0.8,Decision Tree Regressor,GridSearchCV,0.7710707606128053,0.5323217461610577,18.69592960943718,0.08471009051875833,f15a5cb452a44e508d37e64811c0b3df,experiment_linear_il_10
1571.710935264284,0.004493923372468441,il_10,URINE,0.8,Decision Tree Regressor,GridSearchCV,0.7710707606128053,0.5323217461610577,18.69592960943718,0.08471009051875833,f15a5cb452a44e508d37e64811c0b3df,experiment_linear_il_10
1560.140057213258,0.004493790840448178,il_10,URINE,0.8,Decision Tree Regressor,GridSearchCV,0.7710707606128053,0.5323217461610577,18.69592960943718,0.08471009051875833,f15a5cb452a44e508d37e64811c0b3df,experiment_linear_il_10
1575.567894614625,0.004474006091669258,il_10,URINE,0.8,Decision Tree Regressor,GridSearchCV,0.7710707606128053,0.5323217461610577,18.69592960943718,0.08471009051875833,f15a5cb452a44e508d37e64811c0b3df,experiment_linear_il_10
1573.639414939454,0.004470068656144953,il_10,URINE,0.8,Decision Tree Regressor,GridSearchCV,0.7710707606128053,0.5323217461610577,18.69592960943718,0.08471009051875833,f15a5cb452a44e508d37e64811c0b3df,experiment_linear_il_10
1558.211577538087,0.004440732638451949,il_10,URINE,0.8,Decision Tree Regressor,GridSearchCV,0.7710707606128053,0.5323217461610577,18.69592960943718,0.08471009051875833,f15a5cb452a44e508d37e64811c0b3df,experiment_linear_il_10
1396.219284823732,0.004429893620170483,il_10,URINE,0.8,Decision Tree Regressor,GridSearchCV,0.7710707606128053,0.5323217461610577,18.69592960943718,0.08471009051875833,f15a5cb452a44e508d37e64811c0b3df,experiment_linear_il_10
1556.283097862916,0.004388315052565903,il_10,URINE,0.8,Decision Tree Regressor,GridSearchCV,0.7710707606128053,0.5323217461610577,18.69592960943718,0.08471009051875833,f15a5cb452a44e508d37e64811c0b3df,experiment_linear_il_10
1398.147764498902,0.004371171500519721,il_10,URINE,0.8,Decision Tree Regressor,GridSearchCV,0.7710707606128053,0.5323217461610577,18.69592960943718,0.08471009051875833,f15a5cb452a44e508d37e64811c0b3df,experiment_linear_il_10
1554.354618187745,0.004347493164744624,il_10,URINE,0.8,Decision Tree Regressor,GridSearchCV,0.7710707606128053,0.5323217461610577,18.69592960943718,0.08471009051875833,f15a5cb452a44e508d37e64811c0b3df,experiment_linear_il_10
2724.941781016481,0.11192039194573178,il_10,URINE,0.8,Decision Tree Regressor,GridSearchCV,0.7237903883655403,0.4396558956068476,14.141611001027337,0.19351586560240797,f15a5cb452a44e508d37e64811c0b3df,experiment_linear_il_10
1509.999585658815,0.10080964540236195,il_10,URINE,0.8,Decision Tree Regressor,GridSearchCV,0.7237903883655403,0.4396558956068476,14.141611001027337,0.19351586560240797,f15a5cb452a44e508d37e64811c0b3df,experiment_linear_il_10
1681.634276749025,0.08224409501977169,il_10,URINE,0.8,Decision Tree Regressor,GridSearchCV,0.7237903883655403,0.4396558956068476,14.141611001027337,0.19351586560240797,f15a5cb452a44e508d37e64811c0b3df,experiment_linear_il_10
2715.299382640627,0.07776719187629692,il_10,URINE,0.8,Decision Tree Regressor,GridSearchCV,0.7237903883655403,0.4396558956068476,14.141611001027337,0.19351586560240797,f15a5cb452a44e508d37e64811c0b3df,experiment_linear_il_10
1546.640699487062,0.061827286009847486,il_10,URINE,0.8,Decision Tree Regressor,GridSearchCV,0.7237903883655403,0.4396558956068476,14.141611001027337,0.19351586560240797,f15a5cb452a44e508d37e64811c0b3df,experiment_linear_il_10
2524.379894798708,0.06113376104169456,il_10,URINE,0.8,Decision Tree Regressor,GridSearchCV,0.7237903883655403,0.4396558956068476,14.141611001027337,0.19351586560240797,f15a5cb452a44e508d37e64811c0b3df,experiment_linear_il_10
1629.56532551941,0.05447112569602298,il_10,URINE,0.8,Decision Tree Regressor,GridSearchCV,0.7237903883655403,0.4396558956068476,14.141611001027337,0.19351586560240797,f15a5cb452a44e508d37e64811c0b3df,experiment_linear_il_10
1353.792731969972,0.04825196003300989,il_10,URINE,0.8,Decision Tree Regressor,GridSearchCV,0.7237903883655403,0.4396558956068476,14.141611001027337,0.19351586560240797,f15a5cb452a44e508d37e64811c0b3df,experiment_linear_il_10
1587.138772665651,0.04433440492467203,il_10,URINE,0.8,Decision Tree Regressor,GridSearchCV,0.7237903883655403,0.4396558956068476,14.141611001027337,0.19351586560240797,f15a5cb452a44e508d37e64811c0b3df,experiment_linear_il_10
1706.704512526246,0.03959793285822286,il_10,URINE,0.8,Decision Tree Regressor,GridSearchCV,0.7237903883655403,0.4396558956068476,14.141611001027337,0.19351586560240797,f15a5cb452a44e508d37e64811c0b3df,experiment_linear_il_10
2798.224008672976,0.03672938194024374,il_10,URINE,0.8,Decision Tree Regressor,GridSearchCV,0.7237903883655403,0.4396558956068476,14.141611001027337,0.19351586560240797,f15a5cb452a44e508d37e64811c0b3df,experiment_linear_il_10
2642.017154984133,0.035995900520518286,il_10,URINE,0.8,Decision Tree Regressor,GridSearchCV,0.7237903883655403,0.4396558956068476,14.141611001027337,0.19351586560240797,f15a5cb452a44e508d37e64811c0b3df,experiment_linear_il_10
1093.447975821901,0.03271830872028925,il_10,URINE,0.8,Decision Tree Regressor,GridSearchCV,0.7237903883655403,0.4396558956068476,14.141611001027337,0.19351586560240797,f15a5cb452a44e508d37e64811c0b3df,experiment_linear_il_10
2582.234285053835,0.02795521528385122,il_10,URINE,0.8,Decision Tree Regressor,GridSearchCV,0.7237903883655403,0.4396558956068476,14.141611001027337,0.19351586560240797,f15a5cb452a44e508d37e64811c0b3df,experiment_linear_il_10
1571.710935264284,0.027908967674621442,il_10,URINE,0.8,Decision Tree Regressor,GridSearchCV,0.7237903883655403,0.4396558956068476,14.141611001027337,0.19351586560240797,f15a5cb452a44e508d37e64811c0b3df,experiment_linear_il_10
935.3126424578863,0.027194469598817817,il_10,URINE,0.8,Decision Tree Regressor,GridSearchCV,0.7237903883655403,0.4396558956068476,14.141611001027337,0.19351586560240797,f15a5cb452a44e508d37e64811c0b3df,experiment_linear_il_10
1762.630423106202,0.02523820616531212,il_10,URINE,0.8,Decision Tree Regressor,GridSearchCV,0.7237903883655403,0.4396558956068476,14.141611001027337,0.19351586560240797,f15a5cb452a44e508d37e64811c0b3df,experiment_linear_il_10
1791.557618233766,0.023269123603115092,il_10,URINE,0.8,Decision Tree Regressor,GridSearchCV,0.7237903883655403,0.4396558956068476,14.141611001027337,0.19351586560240797,f15a5cb452a44e508d37e64811c0b3df,experiment_linear_il_10
2507.02357772217,0.022266618498673778,il_10,URINE,0.8,Decision Tree Regressor,GridSearchCV,0.7237903883655403,0.4396558956068476,14.141611001027337,0.19351586560240797,f15a5cb452a44e508d37e64811c0b3df,experiment_linear_il_10
2827.151203800539,0.02203476239305615,il_10,URINE,0.8,Decision Tree Regressor,GridSearchCV,0.7237903883655403,0.4396558956068476,14.141611001027337,0.19351586560240797,f15a5cb452a44e508d37e64811c0b3df,experiment_linear_il_10
1583.281813315309,0.004744102694982118,il_10,URINE,0.8,Decision Tree Regressor,GridSearchCV,0.7710707606128053,0.5323217461610577,18.69592960943718,0.08471009051875833,f15a5cb452a44e508d37e64811c0b3df,experiment_linear_il_10
1585.21029299048,0.004711846826240325,il_10,URINE,0.8,Decision Tree Regressor,GridSearchCV,0.7710707606128053,0.5323217461610577,18.69592960943718,0.08471009051875833,f15a5cb452a44e508d37e64811c0b3df,experiment_linear_il_10
1581.353333640138,0.004698737355793448,il_10,URINE,0.8,Decision Tree Regressor,GridSearchCV,0.7710707606128053,0.5323217461610577,18.69592960943718,0.08471009051875833,f15a5cb452a44e508d37e64811c0b3df,experiment_linear_il_10
1579.424853964967,0.004602450249145206,il_10,URINE,0.8,Decision Tree Regressor,GridSearchCV,0.7710707606128053,0.5323217461610577,18.69592960943718,0.08471009051875833,f15a5cb452a44e508d37e64811c0b3df,experiment_linear_il_10
1587.138772665651,0.004567637989894032,il_10,URINE,0.8,Decision Tree Regressor,GridSearchCV,0.7710707606128053,0.5323217461610577,18.69592960943718,0.08471009051875833,f15a5cb452a44e508d37e64811c0b3df,experiment_linear_il_10
1563.9970165636,0.004564942577980832,il_10,URINE,0.8,Decision Tree Regressor,GridSearchCV,0.7710707606128053,0.5323217461610577,18.69592960943718,0.08471009051875833,f15a5cb452a44e508d37e64811c0b3df,experiment_linear_il_10
1565.925496238771,0.004562545214960839,il_10,URINE,0.8,Decision Tree Regressor,GridSearchCV,0.7710707606128053,0.5323217461610577,18.69592960943718,0.08471009051875833,f15a5cb452a44e508d37e64811c0b3df,experiment_linear_il_10
1567.853975913942,0.004549859809299287,il_10,URINE,0.8,Decision Tree Regressor,GridSearchCV,0.7710707606128053,0.5323217461610577,18.69592960943718,0.08471009051875833,f15a5cb452a44e508d37e64811c0b3df,experiment_linear_il_10
1562.068536888429,0.004536667625197494,il_10,URINE,0.8,Decision Tree Regressor,GridSearchCV,0.7710707606128053,0.5323217461610577,18.69592960943718,0.08471009051875833,f15a5cb452a44e508d37e64811c0b3df,experiment_linear_il_10
1569.782455589112,0.004532124082265176,il_10,URINE,0.8,Decision Tree Regressor,GridSearchCV,0.7710707606128053,0.5323217461610577,18.69592960943718,0.08471009051875833,f15a5cb452a44e508d37e64811c0b3df,experiment_linear_il_10
1577.496374289796,0.004513227123932341,il_10,URINE,0.8,Decision Tree Regressor,GridSearchCV,0.7710707606128053,0.5323217461610577,18.69592960943718,0.08471009051875833,f15a5cb452a44e508d37e64811c0b3df,experiment_linear_il_10
1571.710935264284,0.00449392337246844,il_10,URINE,0.8,Decision Tree Regressor,GridSearchCV,0.7710707606128053,0.5323217461610577,18.69592960943718,0.08471009051875833,f15a5cb452a44e508d37e64811c0b3df,experiment_linear_il_10
1560.140057213258,0.004493790840448181,il_10,URINE,0.8,Decision Tree Regressor,GridSearchCV,0.7710707606128053,0.5323217461610577,18.69592960943718,0.08471009051875833,f15a5cb452a44e508d37e64811c0b3df,experiment_linear_il_10
1575.567894614625,0.004474006091669257,il_10,URINE,0.8,Decision Tree Regressor,GridSearchCV,0.7710707606128053,0.5323217461610577,18.69592960943718,0.08471009051875833,f15a5cb452a44e508d37e64811c0b3df,experiment_linear_il_10
1573.639414939454,0.004470068656144953,il_10,URINE,0.8,Decision Tree Regressor,GridSearchCV,0.7710707606128053,0.5323217461610577,18.69592960943718,0.08471009051875833,f15a5cb452a44e508d37e64811c0b3df,experiment_linear_il_10
1558.211577538087,0.004440732638451948,il_10,URINE,0.8,Decision Tree Regressor,GridSearchCV,0.7710707606128053,0.5323217461610577,18.69592960943718,0.08471009051875833,f15a5cb452a44e508d37e64811c0b3df,experiment_linear_il_10
1396.219284823732,0.004429893620170483,il_10,URINE,0.8,Decision Tree Regressor,GridSearchCV,0.7710707606128053,0.5323217461610577,18.69592960943718,0.08471009051875833,f15a5cb452a44e508d37e64811c0b3df,experiment_linear_il_10
1556.283097862916,0.004388315052565903,il_10,URINE,0.8,Decision Tree Regressor,GridSearchCV,0.7710707606128053,0.5323217461610577,18.69592960943718,0.08471009051875833,f15a5cb452a44e508d37e64811c0b3df,experiment_linear_il_10
1398.147764498902,0.004371171500519721,il_10,URINE,0.8,Decision Tree Regressor,GridSearchCV,0.7710707606128053,0.5323217461610577,18.69592960943718,0.08471009051875833,f15a5cb452a44e508d37e64811c0b3df,experiment_linear_il_10
1554.354618187745,0.004347493164744626,il_10,URINE,0.8,Decision Tree Regressor,GridSearchCV,0.7710707606128053,0.5323217461610577,18.69592960943718,0.08471009051875833,f15a5cb452a44e508d37e64811c0b3df,experiment_linear_il_10
2724.941781016481,0.11192039194573178,il_10,URINE,0.8,Decision Tree Regressor,GridSearchCV,0.7237903883655403,0.4396558956068476,14.141611001027337,0.19351586560240797,f15a5cb452a44e508d37e64811c0b3df,experiment_linear_il_10
1509.999585658815,0.10080964540236195,il_10,URINE,0.8,Decision Tree Regressor,GridSearchCV,0.7237903883655403,0.4396558956068476,14.141611001027337,0.19351586560240797,f15a5cb452a44e508d37e64811c0b3df,experiment_linear_il_10
1681.634276749025,0.08224409501977169,il_10,URINE,0.8,Decision Tree Regressor,GridSearchCV,0.7237903883655403,0.4396558956068476,14.141611001027337,0.19351586560240797,f15a5cb452a44e508d37e64811c0b3df,experiment_linear_il_10
2715.299382640627,0.07776719187629692,il_10,URINE,0.8,Decision Tree Regressor,GridSearchCV,0.7237903883655403,0.4396558956068476,14.141611001027337,0.19351586560240797,f15a5cb452a44e508d37e64811c0b3df,experiment_linear_il_10
1546.640699487062,0.061827286009847486,il_10,URINE,0.8,Decision Tree Regressor,GridSearchCV,0.7237903883655403,0.4396558956068476,14.141611001027337,0.19351586560240797,f15a5cb452a44e508d37e64811c0b3df,experiment_linear_il_10
2524.379894798708,0.06113376104169456,il_10,URINE,0.8,Decision Tree Regressor,GridSearchCV,0.7237903883655403,0.4396558956068476,14.141611001027337,0.19351586560240797,f15a5cb452a44e508d37e64811c0b3df,experiment_linear_il_10
1629.56532551941,0.05447112569602298,il_10,URINE,0.8,Decision Tree Regressor,GridSearchCV,0.7237903883655403,0.4396558956068476,14.141611001027337,0.19351586560240797,f15a5cb452a44e508d37e64811c0b3df,experiment_linear_il_10
1353.792731969972,0.04825196003300989,il_10,URINE,0.8,Decision Tree Regressor,GridSearchCV,0.7237903883655403,0.4396558956068476,14.141611001027337,0.19351586560240797,f15a5cb452a44e508d37e64811c0b3df,experiment_linear_il_10
1587.138772665651,0.04433440492467203,il_10,URINE,0.8,Decision Tree Regressor,GridSearchCV,0.7237903883655403,0.4396558956068476,14.141611001027337,0.19351586560240797,f15a5cb452a44e508d37e64811c0b3df,experiment_linear_il_10
1706.704512526246,0.03959793285822286,il_10,URINE,0.8,Decision Tree Regressor,GridSearchCV,0.7237903883655403,0.4396558956068476,14.141611001027337,0.19351586560240797,f15a5cb452a44e508d37e64811c0b3df,experiment_linear_il_10
2798.224008672976,0.03672938194024374,il_10,URINE,0.8,Decision Tree Regressor,GridSearchCV,0.7237903883655403,0.4396558956068476,14.141611001027337,0.19351586560240797,f15a5cb452a44e508d37e64811c0b3df,experiment_linear_il_10
2642.017154984133,0.035995900520518286,il_10,URINE,0.8,Decision Tree Regressor,GridSearchCV,0.7237903883655403,0.4396558956068476,14.141611001027337,0.19351586560240797,f15a5cb452a44e508d37e64811c0b3df,experiment_linear_il_10
1093.447975821901,0.03271830872028925,il_10,URINE,0.8,Decision Tree Regressor,GridSearchCV,0.7237903883655403,0.4396558956068476,14.141611001027337,0.19351586560240797,f15a5cb452a44e508d37e64811c0b3df,experiment_linear_il_10
2582.234285053835,0.02795521528385122,il_10,URINE,0.8,Decision Tree Regressor,GridSearchCV,0.7237903883655403,0.4396558956068476,14.141611001027337,0.19351586560240797,f15a5cb452a44e508d37e64811c0b3df,experiment_linear_il_10
1571.710935264284,0.027908967674621442,il_10,URINE,0.8,Decision Tree Regressor,GridSearchCV,0.7237903883655403,0.4396558956068476,14.141611001027337,0.19351586560240797,f15a5cb452a44e508d37e64811c0b3df,experiment_linear_il_10
935.3126424578863,0.027194469598817817,il_10,URINE,0.8,Decision Tree Regressor,GridSearchCV,0.7237903883655403,0.4396558956068476,14.141611001027337,0.19351586560240797,f15a5cb452a44e508d37e64811c0b3df,experiment_linear_il_10
1762.630423106202,0.02523820616531212,il_10,URINE,0.8,Decision Tree Regressor,GridSearchCV,0.7237903883655403,0.4396558956068476,14.141611001027337,0.19351586560240797,f15a5cb452a44e508d37e64811c0b3df,experiment_linear_il_10
1791.557618233766,0.023269123603115092,il_10,URINE,0.8,Decision Tree Regressor,GridSearchCV,0.7237903883655403,0.4396558956068476,14.141611001027337,0.19351586560240797,f15a5cb452a44e508d37e64811c0b3df,experiment_linear_il_10
2507.02357772217,0.022266618498673778,il_10,URINE,0.8,Decision Tree Regressor,GridSearchCV,0.7237903883655403,0.4396558956068476,14.141611001027337,0.19351586560240797,f15a5cb452a44e508d37e64811c0b3df,experiment_linear_il_10
2827.151203800539,0.02203476239305615,il_10,URINE,0.8,Decision Tree Regressor,GridSearchCV,0.7237903883655403,0.4396558956068476,14.141611001027337,0.19351586560240797,f15a5cb452a44e508d37e64811c0b3df,experiment_linear_il_10
1602.566610067018,0.015892204590133737,il_10,CAPILAR,0.8,XGBoost Regressor,GridSearchCV,0.6336756369415157,0.49404462709133384,18.689799903176116,-0.29291281024240057,f15a5cb452a44e508d37e64811c0b3df,experiment_linear_il_10
1600.638130391847,0.009632282141601122,il_10,CAPILAR,0.8,XGBoost Regressor,GridSearchCV,0.6336756369415157,0.49404462709133384,18.689799903176116,-0.29291281024240057,f15a5cb452a44e508d37e64811c0b3df,experiment_linear_il_10
1706.704512526246,0.009316471888904396,il_10,CAPILAR,0.8,XGBoost Regressor,GridSearchCV,0.6336756369415157,0.49404462709133384,18.689799903176116,-0.29291281024240057,f15a5cb452a44e508d37e64811c0b3df,experiment_linear_il_10
1604.495089742189,0.008664244219235449,il_10,CAPILAR,0.8,XGBoost Regressor,GridSearchCV,0.6336756369415157,0.49404462709133384,18.689799903176116,-0.29291281024240057,f15a5cb452a44e508d37e64811c0b3df,experiment_linear_il_10
1704.776032851076,0.008603456953528547,il_10,CAPILAR,0.8,XGBoost Regressor,GridSearchCV,0.6336756369415157,0.49404462709133384,18.689799903176116,-0.29291281024240057,f15a5cb452a44e508d37e64811c0b3df,experiment_linear_il_10
1708.632992201417,0.007330285313861851,il_10,CAPILAR,0.8,XGBoost Regressor,GridSearchCV,0.6336756369415157,0.49404462709133384,18.689799903176116,-0.29291281024240057,f15a5cb452a44e508d37e64811c0b3df,experiment_linear_il_10
1702.847553175905,0.007140487965247795,il_10,CAPILAR,0.8,XGBoost Regressor,GridSearchCV,0.6336756369415157,0.49404462709133384,18.689799903176116,-0.29291281024240057,f15a5cb452a44e508d37e64811c0b3df,experiment_linear_il_10
1733.703227978639,0.006369137552402742,il_10,CAPILAR,0.8,XGBoost Regressor,GridSearchCV,0.6336756369415157,0.49404462709133384,18.689799903176116,-0.29291281024240057,f15a5cb452a44e508d37e64811c0b3df,experiment_linear_il_10
1700.919073500734,0.006216643897450551,il_10,CAPILAR,0.8,XGBoost Regressor,GridSearchCV,0.6336756369415157,0.49404462709133384,18.689799903176116,-0.29291281024240057,f15a5cb452a44e508d37e64811c0b3df,experiment_linear_il_10
1731.774748303468,0.006166130530867595,il_10,CAPILAR,0.8,XGBoost Regressor,GridSearchCV,0.6336756369415157,0.49404462709133384,18.689799903176116,-0.29291281024240057,f15a5cb452a44e508d37e64811c0b3df,experiment_linear_il_10
1735.63170765381,0.005985701253879736,il_10,CAPILAR,0.8,XGBoost Regressor,GridSearchCV,0.6336756369415157,0.49404462709133384,18.689799903176116,-0.29291281024240057,f15a5cb452a44e508d37e64811c0b3df,experiment_linear_il_10
1729.846268628297,0.005681916430361126,il_10,CAPILAR,0.8,XGBoost Regressor,GridSearchCV,0.6336756369415157,0.49404462709133384,18.689799903176116,-0.29291281024240057,f15a5cb452a44e508d37e64811c0b3df,experiment_linear_il_10
1698.990593825563,0.005305352649051233,il_10,CAPILAR,0.8,XGBoost Regressor,GridSearchCV,0.6336756369415157,0.49404462709133384,18.689799903176116,-0.29291281024240057,f15a5cb452a44e508d37e64811c0b3df,experiment_linear_il_10
1606.42356941736,0.005296224284985885,il_10,CAPILAR,0.8,XGBoost Regressor,GridSearchCV,0.6336756369415157,0.49404462709133384,18.689799903176116,-0.29291281024240057,f15a5cb452a44e508d37e64811c0b3df,experiment_linear_il_10
1737.560187328981,0.005257075282087759,il_10,CAPILAR,0.8,XGBoost Regressor,GridSearchCV,0.6336756369415157,0.49404462709133384,18.689799903176116,-0.29291281024240057,f15a5cb452a44e508d37e64811c0b3df,experiment_linear_il_10
1031.736626216432,0.005153111400503289,il_10,CAPILAR,0.8,XGBoost Regressor,GridSearchCV,0.6336756369415157,0.49404462709133384,18.689799903176116,-0.29291281024240057,f15a5cb452a44e508d37e64811c0b3df,experiment_linear_il_10
1033.665105891602,0.005145793821251434,il_10,CAPILAR,0.8,XGBoost Regressor,GridSearchCV,0.6336756369415157,0.49404462709133384,18.689799903176116,-0.29291281024240057,f15a5cb452a44e508d37e64811c0b3df,experiment_linear_il_10
1722.132349927614,0.0050646585298703,il_10,CAPILAR,0.8,XGBoost Regressor,GridSearchCV,0.6336756369415157,0.49404462709133384,18.689799903176116,-0.29291281024240057,f15a5cb452a44e508d37e64811c0b3df,experiment_linear_il_10
1727.917788953126,0.004992804624877029,il_10,CAPILAR,0.8,XGBoost Regressor,GridSearchCV,0.6336756369415157,0.49404462709133384,18.689799903176116,-0.29291281024240057,f15a5cb452a44e508d37e64811c0b3df,experiment_linear_il_10
1598.709650716676,0.004913975766739669,il_10,CAPILAR,0.8,XGBoost Regressor,GridSearchCV,0.6336756369415157,0.49404462709133384,18.689799903176116,-0.29291281024240057,f15a5cb452a44e508d37e64811c0b3df,experiment_linear_il_10
1201.442837631471,0.03391093388199806,il_10,CAPILAR,0.8,XGBoost Regressor,GridSearchCV,0.5462559108763839,0.45059403167733053,17.566610898948635,0.039212117317601436,f15a5cb452a44e508d37e64811c0b3df,experiment_linear_il_10
1207.228276656984,0.03229175880551338,il_10,CAPILAR,0.8,XGBoost Regressor,GridSearchCV,0.5462559108763839,0.45059403167733053,17.566610898948635,0.039212117317601436,f15a5cb452a44e508d37e64811c0b3df,experiment_linear_il_10
1197.585878281129,0.026763563975691795,il_10,CAPILAR,0.8,XGBoost Regressor,GridSearchCV,0.5462559108763839,0.45059403167733053,17.566610898948635,0.039212117317601436,f15a5cb452a44e508d37e64811c0b3df,experiment_linear_il_10
1199.5143579563,0.026657864451408386,il_10,CAPILAR,0.8,XGBoost Regressor,GridSearchCV,0.5462559108763839,0.45059403167733053,17.566610898948635,0.039212117317601436,f15a5cb452a44e508d37e64811c0b3df,experiment_linear_il_10
1720.203870252443,0.02147001400589943,il_10,CAPILAR,0.8,XGBoost Regressor,GridSearchCV,0.5462559108763839,0.45059403167733053,17.566610898948635,0.039212117317601436,f15a5cb452a44e508d37e64811c0b3df,experiment_linear_il_10
1756.84498408069,0.019750768318772316,il_10,CAPILAR,0.8,XGBoost Regressor,GridSearchCV,0.5462559108763839,0.45059403167733053,17.566610898948635,0.039212117317601436,f15a5cb452a44e508d37e64811c0b3df,experiment_linear_il_10
1600.638130391847,0.018467672169208527,il_10,CAPILAR,0.8,XGBoost Regressor,GridSearchCV,0.5462559108763839,0.45059403167733053,17.566610898948635,0.039212117317601436,f15a5cb452a44e508d37e64811c0b3df,experiment_linear_il_10
1361.506650670656,0.016684861853718758,il_10,CAPILAR,0.8,XGBoost Regressor,GridSearchCV,0.5462559108763839,0.45059403167733053,17.566610898948635,0.039212117317601436,f15a5cb452a44e508d37e64811c0b3df,experiment_linear_il_10
954.5974392095954,0.015286468900740147,il_10,CAPILAR,0.8,XGBoost Regressor,GridSearchCV,0.5462559108763839,0.45059403167733053,17.566610898948635,0.039212117317601436,f15a5cb452a44e508d37e64811c0b3df,experiment_linear_il_10
1160.944764452882,0.014608871191740036,il_10,CAPILAR,0.8,XGBoost Regressor,GridSearchCV,0.5462559108763839,0.45059403167733053,17.566610898948635,0.039212117317601436,f15a5cb452a44e508d37e64811c0b3df,experiment_linear_il_10
1340.293374243775,0.013982310891151428,il_10,CAPILAR,0.8,XGBoost Regressor,GridSearchCV,0.5462559108763839,0.45059403167733053,17.566610898948635,0.039212117317601436,f15a5cb452a44e508d37e64811c0b3df,experiment_linear_il_10
1112.732772573609,0.012918361462652683,il_10,CAPILAR,0.8,XGBoost Regressor,GridSearchCV,0.5462559108763839,0.45059403167733053,17.566610898948635,0.039212117317601436,f15a5cb452a44e508d37e64811c0b3df,experiment_linear_il_10
1346.078813269288,0.01180365402251482,il_10,CAPILAR,0.8,XGBoost Regressor,GridSearchCV,0.5462559108763839,0.45059403167733053,17.566610898948635,0.039212117317601436,f15a5cb452a44e508d37e64811c0b3df,experiment_linear_il_10
1351.864252294801,0.01166702713817358,il_10,CAPILAR,0.8,XGBoost Regressor,GridSearchCV,0.5462559108763839,0.45059403167733053,17.566610898948635,0.039212117317601436,f15a5cb452a44e508d37e64811c0b3df,experiment_linear_il_10
1284.367463663819,0.01136892382055521,il_10,CAPILAR,0.8,XGBoost Regressor,GridSearchCV,0.5462559108763839,0.45059403167733053,17.566610898948635,0.039212117317601436,f15a5cb452a44e508d37e64811c0b3df,experiment_linear_il_10
1349.93577261963,0.010784144513309002,il_10,CAPILAR,0.8,XGBoost Regressor,GridSearchCV,0.5462559108763839,0.45059403167733053,17.566610898948635,0.039212117317601436,f15a5cb452a44e508d37e64811c0b3df,experiment_linear_il_10
2638.160195633791,0.01064813882112503,il_10,CAPILAR,0.8,XGBoost Regressor,GridSearchCV,0.5462559108763839,0.45059403167733053,17.566610898948635,0.039212117317601436,f15a5cb452a44e508d37e64811c0b3df,experiment_linear_il_10
1751.059545055177,0.01042899489402771,il_10,CAPILAR,0.8,XGBoost Regressor,GridSearchCV,0.5462559108763839,0.45059403167733053,17.566610898948635,0.039212117317601436,f15a5cb452a44e508d37e64811c0b3df,experiment_linear_il_10
944.9550408337414,0.009019337594509125,il_10,CAPILAR,0.8,XGBoost Regressor,GridSearchCV,0.5462559108763839,0.45059403167733053,17.566610898948635,0.039212117317601436,f15a5cb452a44e508d37e64811c0b3df,experiment_linear_il_10
975.8107156364754,0.0089295394718647,il_10,CAPILAR,0.8,XGBoost Regressor,GridSearchCV,0.5462559108763839,0.45059403167733053,17.566610898948635,0.039212117317601436,f15a5cb452a44e508d37e64811c0b3df,experiment_linear_il_10
1602.566610067018,0.015892204590133737,il_10,CAPILAR,0.8,XGBoost Regressor,GridSearchCV,0.6336756369415157,0.49404462709133384,18.689799903176116,-0.29291281024240057,f15a5cb452a44e508d37e64811c0b3df,experiment_linear_il_10
1600.638130391847,0.009632282141601122,il_10,CAPILAR,0.8,XGBoost Regressor,GridSearchCV,0.6336756369415157,0.49404462709133384,18.689799903176116,-0.29291281024240057,f15a5cb452a44e508d37e64811c0b3df,experiment_linear_il_10
1706.704512526246,0.009316471888904394,il_10,CAPILAR,0.8,XGBoost Regressor,GridSearchCV,0.6336756369415157,0.49404462709133384,18.689799903176116,-0.29291281024240057,f15a5cb452a44e508d37e64811c0b3df,experiment_linear_il_10
1604.495089742189,0.008664244219235454,il_10,CAPILAR,0.8,XGBoost Regressor,GridSearchCV,0.6336756369415157,0.49404462709133384,18.689799903176116,-0.29291281024240057,f15a5cb452a44e508d37e64811c0b3df,experiment_linear_il_10
1704.776032851076,0.008603456953528545,il_10,CAPILAR,0.8,XGBoost Regressor,GridSearchCV,0.6336756369415157,0.49404462709133384,18.689799903176116,-0.29291281024240057,f15a5cb452a44e508d37e64811c0b3df,experiment_linear_il_10
1708.632992201417,0.007330285313861847,il_10,CAPILAR,0.8,XGBoost Regressor,GridSearchCV,0.6336756369415157,0.49404462709133384,18.689799903176116,-0.29291281024240057,f15a5cb452a44e508d37e64811c0b3df,experiment_linear_il_10
1702.847553175905,0.007140487965247796,il_10,CAPILAR,0.8,XGBoost Regressor,GridSearchCV,0.6336756369415157,0.49404462709133384,18.689799903176116,-0.29291281024240057,f15a5cb452a44e508d37e64811c0b3df,experiment_linear_il_10
1733.703227978639,0.006369137552402745,il_10,CAPILAR,0.8,XGBoost Regressor,GridSearchCV,0.6336756369415157,0.49404462709133384,18.689799903176116,-0.29291281024240057,f15a5cb452a44e508d37e64811c0b3df,experiment_linear_il_10
1700.919073500734,0.00621664389745055,il_10,CAPILAR,0.8,XGBoost Regressor,GridSearchCV,0.6336756369415157,0.49404462709133384,18.689799903176116,-0.29291281024240057,f15a5cb452a44e508d37e64811c0b3df,experiment_linear_il_10
1731.774748303468,0.006166130530867597,il_10,CAPILAR,0.8,XGBoost Regressor,GridSearchCV,0.6336756369415157,0.49404462709133384,18.689799903176116,-0.29291281024240057,f15a5cb452a44e508d37e64811c0b3df,experiment_linear_il_10
1735.63170765381,0.005985701253879737,il_10,CAPILAR,0.8,XGBoost Regressor,GridSearchCV,0.6336756369415157,0.49404462709133384,18.689799903176116,-0.29291281024240057,f15a5cb452a44e508d37e64811c0b3df,experiment_linear_il_10
1729.846268628297,0.005681916430361122,il_10,CAPILAR,0.8,XGBoost Regressor,GridSearchCV,0.6336756369415157,0.49404462709133384,18.689799903176116,-0.29291281024240057,f15a5cb452a44e508d37e64811c0b3df,experiment_linear_il_10
1698.990593825563,0.005305352649051235,il_10,CAPILAR,0.8,XGBoost Regressor,GridSearchCV,0.6336756369415157,0.49404462709133384,18.689799903176116,-0.29291281024240057,f15a5cb452a44e508d37e64811c0b3df,experiment_linear_il_10
1606.42356941736,0.0052962242849858895,il_10,CAPILAR,0.8,XGBoost Regressor,GridSearchCV,0.6336756369415157,0.49404462709133384,18.689799903176116,-0.29291281024240057,f15a5cb452a44e508d37e64811c0b3df,experiment_linear_il_10
1737.560187328981,0.005257075282087756,il_10,CAPILAR,0.8,XGBoost Regressor,GridSearchCV,0.6336756369415157,0.49404462709133384,18.689799903176116,-0.29291281024240057,f15a5cb452a44e508d37e64811c0b3df,experiment_linear_il_10
1031.736626216432,0.005153111400503287,il_10,CAPILAR,0.8,XGBoost Regressor,GridSearchCV,0.6336756369415157,0.49404462709133384,18.689799903176116,-0.29291281024240057,f15a5cb452a44e508d37e64811c0b3df,experiment_linear_il_10
1033.665105891602,0.005145793821251433,il_10,CAPILAR,0.8,XGBoost Regressor,GridSearchCV,0.6336756369415157,0.49404462709133384,18.689799903176116,-0.29291281024240057,f15a5cb452a44e508d37e64811c0b3df,experiment_linear_il_10
1722.132349927614,0.0050646585298703,il_10,CAPILAR,0.8,XGBoost Regressor,GridSearchCV,0.6336756369415157,0.49404462709133384,18.689799903176116,-0.29291281024240057,f15a5cb452a44e508d37e64811c0b3df,experiment_linear_il_10
1727.917788953126,0.004992804624877027,il_10,CAPILAR,0.8,XGBoost Regressor,GridSearchCV,0.6336756369415157,0.49404462709133384,18.689799903176116,-0.29291281024240057,f15a5cb452a44e508d37e64811c0b3df,experiment_linear_il_10
1598.709650716676,0.00491397576673967,il_10,CAPILAR,0.8,XGBoost Regressor,GridSearchCV,0.6336756369415157,0.49404462709133384,18.689799903176116,-0.29291281024240057,f15a5cb452a44e508d37e64811c0b3df,experiment_linear_il_10
1201.442837631471,0.03391093388199806,il_10,CAPILAR,0.8,XGBoost Regressor,GridSearchCV,0.5462559108763839,0.45059403167733053,17.566610898948635,0.039212117317601436,f15a5cb452a44e508d37e64811c0b3df,experiment_linear_il_10
1207.228276656984,0.03229175880551338,il_10,CAPILAR,0.8,XGBoost Regressor,GridSearchCV,0.5462559108763839,0.45059403167733053,17.566610898948635,0.039212117317601436,f15a5cb452a44e508d37e64811c0b3df,experiment_linear_il_10
1197.585878281129,0.026763563975691795,il_10,CAPILAR,0.8,XGBoost Regressor,GridSearchCV,0.5462559108763839,0.45059403167733053,17.566610898948635,0.039212117317601436,f15a5cb452a44e508d37e64811c0b3df,experiment_linear_il_10
1199.5143579563,0.026657864451408386,il_10,CAPILAR,0.8,XGBoost Regressor,GridSearchCV,0.5462559108763839,0.45059403167733053,17.566610898948635,0.039212117317601436,f15a5cb452a44e508d37e64811c0b3df,experiment_linear_il_10
1720.203870252443,0.02147001400589943,il_10,CAPILAR,0.8,XGBoost Regressor,GridSearchCV,0.5462559108763839,0.45059403167733053,17.566610898948635,0.039212117317601436,f15a5cb452a44e508d37e64811c0b3df,experiment_linear_il_10
1756.84498408069,0.019750768318772316,il_10,CAPILAR,0.8,XGBoost Regressor,GridSearchCV,0.5462559108763839,0.45059403167733053,17.566610898948635,0.039212117317601436,f15a5cb452a44e508d37e64811c0b3df,experiment_linear_il_10
1600.638130391847,0.018467672169208527,il_10,CAPILAR,0.8,XGBoost Regressor,GridSearchCV,0.5462559108763839,0.45059403167733053,17.566610898948635,0.039212117317601436,f15a5cb452a44e508d37e64811c0b3df,experiment_linear_il_10
1361.506650670656,0.016684861853718758,il_10,CAPILAR,0.8,XGBoost Regressor,GridSearchCV,0.5462559108763839,0.45059403167733053,17.566610898948635,0.039212117317601436,f15a5cb452a44e508d37e64811c0b3df,experiment_linear_il_10
954.5974392095954,0.015286468900740147,il_10,CAPILAR,0.8,XGBoost Regressor,GridSearchCV,0.5462559108763839,0.45059403167733053,17.566610898948635,0.039212117317601436,f15a5cb452a44e508d37e64811c0b3df,experiment_linear_il_10
1160.944764452882,0.014608871191740036,il_10,CAPILAR,0.8,XGBoost Regressor,GridSearchCV,0.5462559108763839,0.45059403167733053,17.566610898948635,0.039212117317601436,f15a5cb452a44e508d37e64811c0b3df,experiment_linear_il_10
1340.293374243775,0.013982310891151428,il_10,CAPILAR,0.8,XGBoost Regressor,GridSearchCV,0.5462559108763839,0.45059403167733053,17.566610898948635,0.039212117317601436,f15a5cb452a44e508d37e64811c0b3df,experiment_linear_il_10
1112.732772573609,0.012918361462652683,il_10,CAPILAR,0.8,XGBoost Regressor,GridSearchCV,0.5462559108763839,0.45059403167733053,17.566610898948635,0.039212117317601436,f15a5cb452a44e508d37e64811c0b3df,experiment_linear_il_10
1346.078813269288,0.01180365402251482,il_10,CAPILAR,0.8,XGBoost Regressor,GridSearchCV,0.5462559108763839,0.45059403167733053,17.566610898948635,0.039212117317601436,f15a5cb452a44e508d37e64811c0b3df,experiment_linear_il_10
1351.864252294801,0.01166702713817358,il_10,CAPILAR,0.8,XGBoost Regressor,GridSearchCV,0.5462559108763839,0.45059403167733053,17.566610898948635,0.039212117317601436,f15a5cb452a44e508d37e64811c0b3df,experiment_linear_il_10
1284.367463663819,0.01136892382055521,il_10,CAPILAR,0.8,XGBoost Regressor,GridSearchCV,0.5462559108763839,0.45059403167733053,17.566610898948635,0.039212117317601436,f15a5cb452a44e508d37e64811c0b3df,experiment_linear_il_10
1349.93577261963,0.010784144513309002,il_10,CAPILAR,0.8,XGBoost Regressor,GridSearchCV,0.5462559108763839,0.45059403167733053,17.566610898948635,0.039212117317601436,f15a5cb452a44e508d37e64811c0b3df,experiment_linear_il_10
2638.160195633791,0.01064813882112503,il_10,CAPILAR,0.8,XGBoost Regressor,GridSearchCV,0.5462559108763839,0.45059403167733053,17.566610898948635,0.039212117317601436,f15a5cb452a44e508d37e64811c0b3df,experiment_linear_il_10
1751.059545055177,0.01042899489402771,il_10,CAPILAR,0.8,XGBoost Regressor,GridSearchCV,0.5462559108763839,0.45059403167733053,17.566610898948635,0.039212117317601436,f15a5cb452a44e508d37e64811c0b3df,experiment_linear_il_10
944.9550408337414,0.009019337594509125,il_10,CAPILAR,0.8,XGBoost Regressor,GridSearchCV,0.5462559108763839,0.45059403167733053,17.566610898948635,0.039212117317601436,f15a5cb452a44e508d37e64811c0b3df,experiment_linear_il_10
975.8107156364754,0.0089295394718647,il_10,CAPILAR,0.8,XGBoost Regressor,GridSearchCV,0.5462559108763839,0.45059403167733053,17.566610898948635,0.039212117317601436,f15a5cb452a44e508d37e64811c0b3df,experiment_linear_il_10
1751.059545055177,0.005825944720035353,il_10,PLASMA,0.8,XGBoost Regressor,GridSearchCV,0.5162274538966677,0.43015832193694736,16.659617970587018,-0.11735606795079634,f15a5cb452a44e508d37e64811c0b3df,experiment_linear_il_10
1752.988024730348,0.005794258323992217,il_10,PLASMA,0.8,XGBoost Regressor,GridSearchCV,0.5162274538966677,0.43015832193694736,16.659617970587018,-0.11735606795079634,f15a5cb452a44e508d37e64811c0b3df,experiment_linear_il_10
1749.131065380006,0.005727535109838755,il_10,PLASMA,0.8,XGBoost Regressor,GridSearchCV,0.5162274538966677,0.43015832193694736,16.659617970587018,-0.11735606795079634,f15a5cb452a44e508d37e64811c0b3df,experiment_linear_il_10
1754.916504405519,0.005625928700565515,il_10,PLASMA,0.8,XGBoost Regressor,GridSearchCV,0.5162274538966677,0.43015832193694736,16.659617970587018,-0.11735606795079634,f15a5cb452a44e508d37e64811c0b3df,experiment_linear_il_10
1747.202585704835,0.005468609383527591,il_10,PLASMA,0.8,XGBoost Regressor,GridSearchCV,0.5162274538966677,0.43015832193694736,16.659617970587018,-0.11735606795079634,f15a5cb452a44e508d37e64811c0b3df,experiment_linear_il_10
1756.84498408069,0.005285101091776106,il_10,PLASMA,0.8,XGBoost Regressor,GridSearchCV,0.5162274538966677,0.43015832193694736,16.659617970587018,-0.11735606795079634,f15a5cb452a44e508d37e64811c0b3df,experiment_linear_il_10
1259.297227886598,0.005150924725685914,il_10,PLASMA,0.8,XGBoost Regressor,GridSearchCV,0.5162274538966677,0.43015832193694736,16.659617970587018,-0.11735606795079634,f15a5cb452a44e508d37e64811c0b3df,experiment_linear_il_10
1257.368748211427,0.005032627100679926,il_10,PLASMA,0.8,XGBoost Regressor,GridSearchCV,0.5162274538966677,0.43015832193694736,16.659617970587018,-0.11735606795079634,f15a5cb452a44e508d37e64811c0b3df,experiment_linear_il_10
1745.274106029664,0.004984060444654208,il_10,PLASMA,0.8,XGBoost Regressor,GridSearchCV,0.5162274538966677,0.43015832193694736,16.659617970587018,-0.11735606795079634,f15a5cb452a44e508d37e64811c0b3df,experiment_linear_il_10
1261.225707561769,0.004937885235180736,il_10,PLASMA,0.8,XGBoost Regressor,GridSearchCV,0.5162274538966677,0.43015832193694736,16.659617970587018,-0.11735606795079634,f15a5cb452a44e508d37e64811c0b3df,experiment_linear_il_10
1103.090374197755,0.004886300333958601,il_10,PLASMA,0.8,XGBoost Regressor,GridSearchCV,0.5162274538966677,0.43015832193694736,16.659617970587018,-0.11735606795079634,f15a5cb452a44e508d37e64811c0b3df,experiment_linear_il_10
1105.018853872926,0.00486803543385752,il_10,PLASMA,0.8,XGBoost Regressor,GridSearchCV,0.5162274538966677,0.43015832193694736,16.659617970587018,-0.11735606795079634,f15a5cb452a44e508d37e64811c0b3df,experiment_linear_il_10
1160.944764452882,0.00484935243858442,il_10,PLASMA,0.8,XGBoost Regressor,GridSearchCV,0.5162274538966677,0.43015832193694736,16.659617970587018,-0.11735606795079634,f15a5cb452a44e508d37e64811c0b3df,experiment_linear_il_10
1159.016284777711,0.00482811652713369,il_10,PLASMA,0.8,XGBoost Regressor,GridSearchCV,0.5162274538966677,0.43015832193694736,16.659617970587018,-0.11735606795079634,f15a5cb452a44e508d37e64811c0b3df,experiment_linear_il_10
1101.161894522584,0.004754795975010892,il_10,PLASMA,0.8,XGBoost Regressor,GridSearchCV,0.5162274538966677,0.43015832193694736,16.659617970587018,-0.11735606795079634,f15a5cb452a44e508d37e64811c0b3df,experiment_linear_il_10
1162.873244128053,0.004752606725978633,il_10,PLASMA,0.8,XGBoost Regressor,GridSearchCV,0.5162274538966677,0.43015832193694736,16.659617970587018,-0.11735606795079634,f15a5cb452a44e508d37e64811c0b3df,experiment_linear_il_10
1758.773463755861,0.0047485225338364375,il_10,PLASMA,0.8,XGBoost Regressor,GridSearchCV,0.5162274538966677,0.43015832193694736,16.659617970587018,-0.11735606795079634,f15a5cb452a44e508d37e64811c0b3df,experiment_linear_il_10
1157.08780510254,0.004742489974530948,il_10,PLASMA,0.8,XGBoost Regressor,GridSearchCV,0.5162274538966677,0.43015832193694736,16.659617970587018,-0.11735606795079634,f15a5cb452a44e508d37e64811c0b3df,experiment_linear_il_10
1106.947333548097,0.004645364598538208,il_10,PLASMA,0.8,XGBoost Regressor,GridSearchCV,0.5162274538966677,0.43015832193694736,16.659617970587018,-0.11735606795079634,f15a5cb452a44e508d37e64811c0b3df,experiment_linear_il_10
1155.159325427369,0.0046384652946532875,il_10,PLASMA,0.8,XGBoost Regressor,GridSearchCV,0.5162274538966677,0.43015832193694736,16.659617970587018,-0.11735606795079634,f15a5cb452a44e508d37e64811c0b3df,experiment_linear_il_10
1153.230845752198,0.1300317496061325,il_10,PLASMA,0.8,XGBoost Regressor,GridSearchCV,0.5127251660800769,0.43640476982719034,16.547933736679216,-0.10224634129469745,f15a5cb452a44e508d37e64811c0b3df,experiment_linear_il_10
2825.222724125369,0.06019379571080208,il_10,PLASMA,0.8,XGBoost Regressor,GridSearchCV,0.5127251660800769,0.43640476982719034,16.547933736679216,-0.10224634129469745,f15a5cb452a44e508d37e64811c0b3df,experiment_linear_il_10
2798.224008672976,0.032888125628232956,il_10,PLASMA,0.8,XGBoost Regressor,GridSearchCV,0.5127251660800769,0.43640476982719034,16.547933736679216,-0.10224634129469745,f15a5cb452a44e508d37e64811c0b3df,experiment_linear_il_10
3050.854846120364,0.02873304858803749,il_10,PLASMA,0.8,XGBoost Regressor,GridSearchCV,0.5127251660800769,0.43640476982719034,16.547933736679216,-0.10224634129469745,f15a5cb452a44e508d37e64811c0b3df,experiment_linear_il_10
2782.796171271609,0.026250556111335754,il_10,PLASMA,0.8,XGBoost Regressor,GridSearchCV,0.5127251660800769,0.43640476982719034,16.547933736679216,-0.10224634129469745,f15a5cb452a44e508d37e64811c0b3df,experiment_linear_il_10
2682.515228162722,0.026126202195882797,il_10,PLASMA,0.8,XGBoost Regressor,GridSearchCV,0.5127251660800769,0.43640476982719034,16.547933736679216,-0.10224634129469745,f15a5cb452a44e508d37e64811c0b3df,experiment_linear_il_10
3048.926366445193,0.026016205549240112,il_10,PLASMA,0.8,XGBoost Regressor,GridSearchCV,0.5127251660800769,0.43640476982719034,16.547933736679216,-0.10224634129469745,f15a5cb452a44e508d37e64811c0b3df,experiment_linear_il_10
1668.134919022829,0.024789001792669296,il_10,PLASMA,0.8,XGBoost Regressor,GridSearchCV,0.5127251660800769,0.43640476982719034,16.547933736679216,-0.10224634129469745,f15a5cb452a44e508d37e64811c0b3df,experiment_linear_il_10
1683.562756424196,0.024593858048319817,il_10,PLASMA,0.8,XGBoost Regressor,GridSearchCV,0.5127251660800769,0.43640476982719034,16.547933736679216,-0.10224634129469745,f15a5cb452a44e508d37e64811c0b3df,experiment_linear_il_10
1243.86939048523,0.024168692529201508,il_10,PLASMA,0.8,XGBoost Regressor,GridSearchCV,0.5127251660800769,0.43640476982719034,16.547933736679216,-0.10224634129469745,f15a5cb452a44e508d37e64811c0b3df,experiment_linear_il_10
1245.797870160402,0.024059271439909935,il_10,PLASMA,0.8,XGBoost Regressor,GridSearchCV,0.5127251660800769,0.43640476982719034,16.547933736679216,-0.10224634129469745,f15a5cb452a44e508d37e64811c0b3df,experiment_linear_il_10
2697.943065564089,0.023307617753744125,il_10,PLASMA,0.8,XGBoost Regressor,GridSearchCV,0.5127251660800769,0.43640476982719034,16.547933736679216,-0.10224634129469745,f15a5cb452a44e508d37e64811c0b3df,experiment_linear_il_10
1307.50921976587,0.023185864090919495,il_10,PLASMA,0.8,XGBoost Regressor,GridSearchCV,0.5127251660800769,0.43640476982719034,16.547933736679216,-0.10224634129469745,f15a5cb452a44e508d37e64811c0b3df,experiment_linear_il_10
1693.20515480005,0.02251131646335125,il_10,PLASMA,0.8,XGBoost Regressor,GridSearchCV,0.5127251660800769,0.43640476982719034,16.547933736679216,-0.10224634129469745,f15a5cb452a44e508d37e64811c0b3df,experiment_linear_il_10
1199.5143579563,0.022457752376794815,il_10,PLASMA,0.8,XGBoost Regressor,GridSearchCV,0.5127251660800769,0.43640476982719034,16.547933736679216,-0.10224634129469745,f15a5cb452a44e508d37e64811c0b3df,experiment_linear_il_10
2601.519081805544,0.020774276927113533,il_10,PLASMA,0.8,XGBoost Regressor,GridSearchCV,0.5127251660800769,0.43640476982719034,16.547933736679216,-0.10224634129469745,f15a5cb452a44e508d37e64811c0b3df,experiment_linear_il_10
1552.426138512574,0.020558640360832214,il_10,PLASMA,0.8,XGBoost Regressor,GridSearchCV,0.5127251660800769,0.43640476982719034,16.547933736679216,-0.10224634129469745,f15a5cb452a44e508d37e64811c0b3df,experiment_linear_il_10
1527.355902735353,0.020505495369434357,il_10,PLASMA,0.8,XGBoost Regressor,GridSearchCV,0.5127251660800769,0.43640476982719034,16.547933736679216,-0.10224634129469745,f15a5cb452a44e508d37e64811c0b3df,experiment_linear_il_10
2707.585463939944,0.020307274535298347,il_10,PLASMA,0.8,XGBoost Regressor,GridSearchCV,0.5127251660800769,0.43640476982719034,16.547933736679216,-0.10224634129469745,f15a5cb452a44e508d37e64811c0b3df,experiment_linear_il_10
1540.855260461549,0.020046204328536987,il_10,PLASMA,0.8,XGBoost Regressor,GridSearchCV,0.5127251660800769,0.43640476982719034,16.547933736679216,-0.10224634129469745,f15a5cb452a44e508d37e64811c0b3df,experiment_linear_il_10
1751.059545055177,0.00582594472003535,il_10,PLASMA,0.8,XGBoost Regressor,GridSearchCV,0.5162274538966677,0.43015832193694736,16.659617970587018,-0.11735606795079634,f15a5cb452a44e508d37e64811c0b3df,experiment_linear_il_10
1752.988024730348,0.0057942583239922185,il_10,PLASMA,0.8,XGBoost Regressor,GridSearchCV,0.5162274538966677,0.43015832193694736,16.659617970587018,-0.11735606795079634,f15a5cb452a44e508d37e64811c0b3df,experiment_linear_il_10
1749.131065380006,0.005727535109838755,il_10,PLASMA,0.8,XGBoost Regressor,GridSearchCV,0.5162274538966677,0.43015832193694736,16.659617970587018,-0.11735606795079634,f15a5cb452a44e508d37e64811c0b3df,experiment_linear_il_10
1754.916504405519,0.005625928700565513,il_10,PLASMA,0.8,XGBoost Regressor,GridSearchCV,0.5162274538966677,0.43015832193694736,16.659617970587018,-0.11735606795079634,f15a5cb452a44e508d37e64811c0b3df,experiment_linear_il_10
1747.202585704835,0.005468609383527588,il_10,PLASMA,0.8,XGBoost Regressor,GridSearchCV,0.5162274538966677,0.43015832193694736,16.659617970587018,-0.11735606795079634,f15a5cb452a44e508d37e64811c0b3df,experiment_linear_il_10
1756.84498408069,0.0052851010917761045,il_10,PLASMA,0.8,XGBoost Regressor,GridSearchCV,0.5162274538966677,0.43015832193694736,16.659617970587018,-0.11735606795079634,f15a5cb452a44e508d37e64811c0b3df,experiment_linear_il_10
1259.297227886598,0.005150924725685914,il_10,PLASMA,0.8,XGBoost Regressor,GridSearchCV,0.5162274538966677,0.43015832193694736,16.659617970587018,-0.11735606795079634,f15a5cb452a44e508d37e64811c0b3df,experiment_linear_il_10
1257.368748211427,0.0050326271006799275,il_10,PLASMA,0.8,XGBoost Regressor,GridSearchCV,0.5162274538966677,0.43015832193694736,16.659617970587018,-0.11735606795079634,f15a5cb452a44e508d37e64811c0b3df,experiment_linear_il_10
1745.274106029664,0.004984060444654205,il_10,PLASMA,0.8,XGBoost Regressor,GridSearchCV,0.5162274538966677,0.43015832193694736,16.659617970587018,-0.11735606795079634,f15a5cb452a44e508d37e64811c0b3df,experiment_linear_il_10
1261.225707561769,0.004937885235180737,il_10,PLASMA,0.8,XGBoost Regressor,GridSearchCV,0.5162274538966677,0.43015832193694736,16.659617970587018,-0.11735606795079634,f15a5cb452a44e508d37e64811c0b3df,experiment_linear_il_10
1103.090374197755,0.004886300333958606,il_10,PLASMA,0.8,XGBoost Regressor,GridSearchCV,0.5162274538966677,0.43015832193694736,16.659617970587018,-0.11735606795079634,f15a5cb452a44e508d37e64811c0b3df,experiment_linear_il_10
1105.018853872926,0.004868035433857524,il_10,PLASMA,0.8,XGBoost Regressor,GridSearchCV,0.5162274538966677,0.43015832193694736,16.659617970587018,-0.11735606795079634,f15a5cb452a44e508d37e64811c0b3df,experiment_linear_il_10
1160.944764452882,0.004849352438584417,il_10,PLASMA,0.8,XGBoost Regressor,GridSearchCV,0.5162274538966677,0.43015832193694736,16.659617970587018,-0.11735606795079634,f15a5cb452a44e508d37e64811c0b3df,experiment_linear_il_10
1159.016284777711,0.004828116527133688,il_10,PLASMA,0.8,XGBoost Regressor,GridSearchCV,0.5162274538966677,0.43015832193694736,16.659617970587018,-0.11735606795079634,f15a5cb452a44e508d37e64811c0b3df,experiment_linear_il_10
1101.161894522584,0.004754795975010898,il_10,PLASMA,0.8,XGBoost Regressor,GridSearchCV,0.5162274538966677,0.43015832193694736,16.659617970587018,-0.11735606795079634,f15a5cb452a44e508d37e64811c0b3df,experiment_linear_il_10
1162.873244128053,0.00475260672597863,il_10,PLASMA,0.8,XGBoost Regressor,GridSearchCV,0.5162274538966677,0.43015832193694736,16.659617970587018,-0.11735606795079634,f15a5cb452a44e508d37e64811c0b3df,experiment_linear_il_10
1758.773463755861,0.004748522533836437,il_10,PLASMA,0.8,XGBoost Regressor,GridSearchCV,0.5162274538966677,0.43015832193694736,16.659617970587018,-0.11735606795079634,f15a5cb452a44e508d37e64811c0b3df,experiment_linear_il_10
1157.08780510254,0.0047424899745309446,il_10,PLASMA,0.8,XGBoost Regressor,GridSearchCV,0.5162274538966677,0.43015832193694736,16.659617970587018,-0.11735606795079634,f15a5cb452a44e508d37e64811c0b3df,experiment_linear_il_10
1106.947333548097,0.004645364598538211,il_10,PLASMA,0.8,XGBoost Regressor,GridSearchCV,0.5162274538966677,0.43015832193694736,16.659617970587018,-0.11735606795079634,f15a5cb452a44e508d37e64811c0b3df,experiment_linear_il_10
1155.159325427369,0.004638465294653284,il_10,PLASMA,0.8,XGBoost Regressor,GridSearchCV,0.5162274538966677,0.43015832193694736,16.659617970587018,-0.11735606795079634,f15a5cb452a44e508d37e64811c0b3df,experiment_linear_il_10
1153.230845752198,0.1300317496061325,il_10,PLASMA,0.8,XGBoost Regressor,GridSearchCV,0.5127251660800769,0.43640476982719034,16.547933736679216,-0.10224634129469745,f15a5cb452a44e508d37e64811c0b3df,experiment_linear_il_10
2825.222724125369,0.06019379571080208,il_10,PLASMA,0.8,XGBoost Regressor,GridSearchCV,0.5127251660800769,0.43640476982719034,16.547933736679216,-0.10224634129469745,f15a5cb452a44e508d37e64811c0b3df,experiment_linear_il_10
2798.224008672976,0.032888125628232956,il_10,PLASMA,0.8,XGBoost Regressor,GridSearchCV,0.5127251660800769,0.43640476982719034,16.547933736679216,-0.10224634129469745,f15a5cb452a44e508d37e64811c0b3df,experiment_linear_il_10
3050.854846120364,0.02873304858803749,il_10,PLASMA,0.8,XGBoost Regressor,GridSearchCV,0.5127251660800769,0.43640476982719034,16.547933736679216,-0.10224634129469745,f15a5cb452a44e508d37e64811c0b3df,experiment_linear_il_10
2782.796171271609,0.026250556111335754,il_10,PLASMA,0.8,XGBoost Regressor,GridSearchCV,0.5127251660800769,0.43640476982719034,16.547933736679216,-0.10224634129469745,f15a5cb452a44e508d37e64811c0b3df,experiment_linear_il_10
2682.515228162722,0.026126202195882797,il_10,PLASMA,0.8,XGBoost Regressor,GridSearchCV,0.5127251660800769,0.43640476982719034,16.547933736679216,-0.10224634129469745,f15a5cb452a44e508d37e64811c0b3df,experiment_linear_il_10
3048.926366445193,0.026016205549240112,il_10,PLASMA,0.8,XGBoost Regressor,GridSearchCV,0.5127251660800769,0.43640476982719034,16.547933736679216,-0.10224634129469745,f15a5cb452a44e508d37e64811c0b3df,experiment_linear_il_10
1668.134919022829,0.024789001792669296,il_10,PLASMA,0.8,XGBoost Regressor,GridSearchCV,0.5127251660800769,0.43640476982719034,16.547933736679216,-0.10224634129469745,f15a5cb452a44e508d37e64811c0b3df,experiment_linear_il_10
1683.562756424196,0.024593858048319817,il_10,PLASMA,0.8,XGBoost Regressor,GridSearchCV,0.5127251660800769,0.43640476982719034,16.547933736679216,-0.10224634129469745,f15a5cb452a44e508d37e64811c0b3df,experiment_linear_il_10
1243.86939048523,0.024168692529201508,il_10,PLASMA,0.8,XGBoost Regressor,GridSearchCV,0.5127251660800769,0.43640476982719034,16.547933736679216,-0.10224634129469745,f15a5cb452a44e508d37e64811c0b3df,experiment_linear_il_10
1245.797870160402,0.024059271439909935,il_10,PLASMA,0.8,XGBoost Regressor,GridSearchCV,0.5127251660800769,0.43640476982719034,16.547933736679216,-0.10224634129469745,f15a5cb452a44e508d37e64811c0b3df,experiment_linear_il_10
2697.943065564089,0.023307617753744125,il_10,PLASMA,0.8,XGBoost Regressor,GridSearchCV,0.5127251660800769,0.43640476982719034,16.547933736679216,-0.10224634129469745,f15a5cb452a44e508d37e64811c0b3df,experiment_linear_il_10
1307.50921976587,0.023185864090919495,il_10,PLASMA,0.8,XGBoost Regressor,GridSearchCV,0.5127251660800769,0.43640476982719034,16.547933736679216,-0.10224634129469745,f15a5cb452a44e508d37e64811c0b3df,experiment_linear_il_10
1693.20515480005,0.02251131646335125,il_10,PLASMA,0.8,XGBoost Regressor,GridSearchCV,0.5127251660800769,0.43640476982719034,16.547933736679216,-0.10224634129469745,f15a5cb452a44e508d37e64811c0b3df,experiment_linear_il_10
1199.5143579563,0.022457752376794815,il_10,PLASMA,0.8,XGBoost Regressor,GridSearchCV,0.5127251660800769,0.43640476982719034,16.547933736679216,-0.10224634129469745,f15a5cb452a44e508d37e64811c0b3df,experiment_linear_il_10
2601.519081805544,0.020774276927113533,il_10,PLASMA,0.8,XGBoost Regressor,GridSearchCV,0.5127251660800769,0.43640476982719034,16.547933736679216,-0.10224634129469745,f15a5cb452a44e508d37e64811c0b3df,experiment_linear_il_10
1552.426138512574,0.020558640360832214,il_10,PLASMA,0.8,XGBoost Regressor,GridSearchCV,0.5127251660800769,0.43640476982719034,16.547933736679216,-0.10224634129469745,f15a5cb452a44e508d37e64811c0b3df,experiment_linear_il_10
1527.355902735353,0.020505495369434357,il_10,PLASMA,0.8,XGBoost Regressor,GridSearchCV,0.5127251660800769,0.43640476982719034,16.547933736679216,-0.10224634129469745,f15a5cb452a44e508d37e64811c0b3df,experiment_linear_il_10
2707.585463939944,0.020307274535298347,il_10,PLASMA,0.8,XGBoost Regressor,GridSearchCV,0.5127251660800769,0.43640476982719034,16.547933736679216,-0.10224634129469745,f15a5cb452a44e508d37e64811c0b3df,experiment_linear_il_10
1540.855260461549,0.020046204328536987,il_10,PLASMA,0.8,XGBoost Regressor,GridSearchCV,0.5127251660800769,0.43640476982719034,16.547933736679216,-0.10224634129469745,f15a5cb452a44e508d37e64811c0b3df,experiment_linear_il_10
962.3113579102792,0.007852451643899689,il_10,SALIVA,0.8,XGBoost Regressor,GridSearchCV,0.7908853538883984,0.5065577587686546,15.8009799421712,0.04282198081760458,f15a5cb452a44e508d37e64811c0b3df,experiment_linear_il_10
960.3828782351084,0.007550281120060151,il_10,SALIVA,0.8,XGBoost Regressor,GridSearchCV,0.7908853538883984,0.5065577587686546,15.8009799421712,0.04282198081760458,f15a5cb452a44e508d37e64811c0b3df,experiment_linear_il_10
964.23983758545,0.006798598891270148,il_10,SALIVA,0.8,XGBoost Regressor,GridSearchCV,0.7908853538883984,0.5065577587686546,15.8009799421712,0.04282198081760458,f15a5cb452a44e508d37e64811c0b3df,experiment_linear_il_10
958.4543985599371,0.006276410293630851,il_10,SALIVA,0.8,XGBoost Regressor,GridSearchCV,0.7908853538883984,0.5065577587686546,15.8009799421712,0.04282198081760458,f15a5cb452a44e508d37e64811c0b3df,experiment_linear_il_10
1612.209008442873,0.005736834621680096,il_10,SALIVA,0.8,XGBoost Regressor,GridSearchCV,0.7908853538883984,0.5065577587686546,15.8009799421712,0.04282198081760458,f15a5cb452a44e508d37e64811c0b3df,experiment_linear_il_10
1610.280528767702,0.00569378577876316,il_10,SALIVA,0.8,XGBoost Regressor,GridSearchCV,0.7908853538883984,0.5065577587686546,15.8009799421712,0.04282198081760458,f15a5cb452a44e508d37e64811c0b3df,experiment_linear_il_10
1614.137488118043,0.005660642487748947,il_10,SALIVA,0.8,XGBoost Regressor,GridSearchCV,0.7908853538883984,0.5065577587686546,15.8009799421712,0.04282198081760458,f15a5cb452a44e508d37e64811c0b3df,experiment_linear_il_10
1608.35204909253,0.00561376377320309,il_10,SALIVA,0.8,XGBoost Regressor,GridSearchCV,0.7908853538883984,0.5065577587686546,15.8009799421712,0.04282198081760458,f15a5cb452a44e508d37e64811c0b3df,experiment_linear_il_10
1606.42356941736,0.005468997859286865,il_10,SALIVA,0.8,XGBoost Regressor,GridSearchCV,0.7908853538883984,0.5065577587686546,15.8009799421712,0.04282198081760458,f15a5cb452a44e508d37e64811c0b3df,experiment_linear_il_10
1616.065967793214,0.0054603119311481645,il_10,SALIVA,0.8,XGBoost Regressor,GridSearchCV,0.7908853538883984,0.5065577587686546,15.8009799421712,0.04282198081760458,f15a5cb452a44e508d37e64811c0b3df,experiment_linear_il_10
1617.994447468385,0.005320998097445945,il_10,SALIVA,0.8,XGBoost Regressor,GridSearchCV,0.7908853538883984,0.5065577587686546,15.8009799421712,0.04282198081760458,f15a5cb452a44e508d37e64811c0b3df,experiment_linear_il_10
1604.495089742189,0.005249590931748605,il_10,SALIVA,0.8,XGBoost Regressor,GridSearchCV,0.7908853538883984,0.5065577587686546,15.8009799421712,0.04282198081760458,f15a5cb452a44e508d37e64811c0b3df,experiment_linear_il_10
1619.922927143556,0.0052062448983085695,il_10,SALIVA,0.8,XGBoost Regressor,GridSearchCV,0.7908853538883984,0.5065577587686546,15.8009799421712,0.04282198081760458,f15a5cb452a44e508d37e64811c0b3df,experiment_linear_il_10
966.1683172606208,0.005112830402983516,il_10,SALIVA,0.8,XGBoost Regressor,GridSearchCV,0.7908853538883984,0.5065577587686546,15.8009799421712,0.04282198081760458,f15a5cb452a44e508d37e64811c0b3df,experiment_linear_il_10
956.5259188847667,0.00510146297857048,il_10,SALIVA,0.8,XGBoost Regressor,GridSearchCV,0.7908853538883984,0.5065577587686546,15.8009799421712,0.04282198081760458,f15a5cb452a44e508d37e64811c0b3df,experiment_linear_il_10
1621.851406818727,0.004965238849112845,il_10,SALIVA,0.8,XGBoost Regressor,GridSearchCV,0.7908853538883984,0.5065577587686546,15.8009799421712,0.04282198081760458,f15a5cb452a44e508d37e64811c0b3df,experiment_linear_il_10
1602.566610067018,0.004944451772871447,il_10,SALIVA,0.8,XGBoost Regressor,GridSearchCV,0.7908853538883984,0.5065577587686546,15.8009799421712,0.04282198081760458,f15a5cb452a44e508d37e64811c0b3df,experiment_linear_il_10
1600.638130391847,0.004640542068086953,il_10,SALIVA,0.8,XGBoost Regressor,GridSearchCV,0.7908853538883984,0.5065577587686546,15.8009799421712,0.04282198081760458,f15a5cb452a44e508d37e64811c0b3df,experiment_linear_il_10
954.5974392095954,0.004619795786623725,il_10,SALIVA,0.8,XGBoost Regressor,GridSearchCV,0.7908853538883984,0.5065577587686546,15.8009799421712,0.04282198081760458,f15a5cb452a44e508d37e64811c0b3df,experiment_linear_il_10
1623.779886493898,0.004599421796654751,il_10,SALIVA,0.8,XGBoost Regressor,GridSearchCV,0.7908853538883984,0.5065577587686546,15.8009799421712,0.04282198081760458,f15a5cb452a44e508d37e64811c0b3df,experiment_linear_il_10
2694.086106213747,0.02557663433253765,il_10,SALIVA,0.8,XGBoost Regressor,GridSearchCV,0.8298779522165138,0.5561908019216,17.670614179138,-0.05388713716862581,f15a5cb452a44e508d37e64811c0b3df,experiment_linear_il_10
1031.736626216432,0.012252617627382278,il_10,SALIVA,0.8,XGBoost Regressor,GridSearchCV,0.8298779522165138,0.5561908019216,17.670614179138,-0.05388713716862581,f15a5cb452a44e508d37e64811c0b3df,experiment_linear_il_10
1328.72249619275,0.011059779673814774,il_10,SALIVA,0.8,XGBoost Regressor,GridSearchCV,0.8298779522165138,0.5561908019216,17.670614179138,-0.05388713716862581,f15a5cb452a44e508d37e64811c0b3df,experiment_linear_il_10
1617.994447468385,0.010016411542892456,il_10,SALIVA,0.8,XGBoost Regressor,GridSearchCV,0.8298779522165138,0.5561908019216,17.670614179138,-0.05388713716862581,f15a5cb452a44e508d37e64811c0b3df,experiment_linear_il_10
1411.647122225099,0.009849653579294682,il_10,SALIVA,0.8,XGBoost Regressor,GridSearchCV,0.8298779522165138,0.5561908019216,17.670614179138,-0.05388713716862581,f15a5cb452a44e508d37e64811c0b3df,experiment_linear_il_10
1560.140057213258,0.009707321412861347,il_10,SALIVA,0.8,XGBoost Regressor,GridSearchCV,0.8298779522165138,0.5561908019216,17.670614179138,-0.05388713716862581,f15a5cb452a44e508d37e64811c0b3df,experiment_linear_il_10
941.0980814833993,0.009485456161201,il_10,SALIVA,0.8,XGBoost Regressor,GridSearchCV,0.8298779522165138,0.5561908019216,17.670614179138,-0.05388713716862581,f15a5cb452a44e508d37e64811c0b3df,experiment_linear_il_10
1290.152902689332,0.008840427733957767,il_10,SALIVA,0.8,XGBoost Regressor,GridSearchCV,0.8298779522165138,0.5561908019216,17.670614179138,-0.05388713716862581,f15a5cb452a44e508d37e64811c0b3df,experiment_linear_il_10
2942.859984310793,0.008777252398431301,il_10,SALIVA,0.8,XGBoost Regressor,GridSearchCV,0.8298779522165138,0.5561908019216,17.670614179138,-0.05388713716862581,f15a5cb452a44e508d37e64811c0b3df,experiment_linear_il_10
1168.658683153565,0.008744347840547562,il_10,SALIVA,0.8,XGBoost Regressor,GridSearchCV,0.8298779522165138,0.5561908019216,17.670614179138,-0.05388713716862581,f15a5cb452a44e508d37e64811c0b3df,experiment_linear_il_10
1548.569179162233,0.00855564046651125,il_10,SALIVA,0.8,XGBoost Regressor,GridSearchCV,0.8298779522165138,0.5561908019216,17.670614179138,-0.05388713716862581,f15a5cb452a44e508d37e64811c0b3df,experiment_linear_il_10
1793.486097908937,0.008543185889720917,il_10,SALIVA,0.8,XGBoost Regressor,GridSearchCV,0.8298779522165138,0.5561908019216,17.670614179138,-0.05388713716862581,f15a5cb452a44e508d37e64811c0b3df,experiment_linear_il_10
1193.728918930787,0.008431575261056423,il_10,SALIVA,0.8,XGBoost Regressor,GridSearchCV,0.8298779522165138,0.5561908019216,17.670614179138,-0.05388713716862581,f15a5cb452a44e508d37e64811c0b3df,experiment_linear_il_10
2678.65826881238,0.008251363411545753,il_10,SALIVA,0.8,XGBoost Regressor,GridSearchCV,0.8298779522165138,0.5561908019216,17.670614179138,-0.05388713716862581,f15a5cb452a44e508d37e64811c0b3df,experiment_linear_il_10
1143.588447376344,0.00800366047769785,il_10,SALIVA,0.8,XGBoost Regressor,GridSearchCV,0.8298779522165138,0.5561908019216,17.670614179138,-0.05388713716862581,f15a5cb452a44e508d37e64811c0b3df,experiment_linear_il_10
1423.218000276124,0.007987620308995247,il_10,SALIVA,0.8,XGBoost Regressor,GridSearchCV,0.8298779522165138,0.5561908019216,17.670614179138,-0.05388713716862581,f15a5cb452a44e508d37e64811c0b3df,experiment_linear_il_10
1562.068536888429,0.007438883651047945,il_10,SALIVA,0.8,XGBoost Regressor,GridSearchCV,0.8298779522165138,0.5561908019216,17.670614179138,-0.05388713716862581,f15a5cb452a44e508d37e64811c0b3df,experiment_linear_il_10
1785.772179208253,0.007314072456210852,il_10,SALIVA,0.8,XGBoost Regressor,GridSearchCV,0.8298779522165138,0.5561908019216,17.670614179138,-0.05388713716862581,f15a5cb452a44e508d37e64811c0b3df,experiment_linear_il_10
2989.143496514895,0.007184937130659819,il_10,SALIVA,0.8,XGBoost Regressor,GridSearchCV,0.8298779522165138,0.5561908019216,17.670614179138,-0.05388713716862581,f15a5cb452a44e508d37e64811c0b3df,experiment_linear_il_10
1284.367463663819,0.007116679567843676,il_10,SALIVA,0.8,XGBoost Regressor,GridSearchCV,0.8298779522165138,0.5561908019216,17.670614179138,-0.05388713716862581,f15a5cb452a44e508d37e64811c0b3df,experiment_linear_il_10
962.3113579102792,0.007852451643899683,il_10,SALIVA,0.8,XGBoost Regressor,GridSearchCV,0.7908853538883984,0.5065577587686546,15.8009799421712,0.04282198081760458,f15a5cb452a44e508d37e64811c0b3df,experiment_linear_il_10
960.3828782351084,0.007550281120060141,il_10,SALIVA,0.8,XGBoost Regressor,GridSearchCV,0.7908853538883984,0.5065577587686546,15.8009799421712,0.04282198081760458,f15a5cb452a44e508d37e64811c0b3df,experiment_linear_il_10
964.23983758545,0.006798598891270147,il_10,SALIVA,0.8,XGBoost Regressor,GridSearchCV,0.7908853538883984,0.5065577587686546,15.8009799421712,0.04282198081760458,f15a5cb452a44e508d37e64811c0b3df,experiment_linear_il_10
958.4543985599371,0.006276410293630845,il_10,SALIVA,0.8,XGBoost Regressor,GridSearchCV,0.7908853538883984,0.5065577587686546,15.8009799421712,0.04282198081760458,f15a5cb452a44e508d37e64811c0b3df,experiment_linear_il_10
1612.209008442873,0.005736834621680093,il_10,SALIVA,0.8,XGBoost Regressor,GridSearchCV,0.7908853538883984,0.5065577587686546,15.8009799421712,0.04282198081760458,f15a5cb452a44e508d37e64811c0b3df,experiment_linear_il_10
1610.280528767702,0.005693785778763161,il_10,SALIVA,0.8,XGBoost Regressor,GridSearchCV,0.7908853538883984,0.5065577587686546,15.8009799421712,0.04282198081760458,f15a5cb452a44e508d37e64811c0b3df,experiment_linear_il_10
1614.137488118043,0.005660642487748948,il_10,SALIVA,0.8,XGBoost Regressor,GridSearchCV,0.7908853538883984,0.5065577587686546,15.8009799421712,0.04282198081760458,f15a5cb452a44e508d37e64811c0b3df,experiment_linear_il_10
1608.35204909253,0.005613763773203093,il_10,SALIVA,0.8,XGBoost Regressor,GridSearchCV,0.7908853538883984,0.5065577587686546,15.8009799421712,0.04282198081760458,f15a5cb452a44e508d37e64811c0b3df,experiment_linear_il_10
1606.42356941736,0.005468997859286865,il_10,SALIVA,0.8,XGBoost Regressor,GridSearchCV,0.7908853538883984,0.5065577587686546,15.8009799421712,0.04282198081760458,f15a5cb452a44e508d37e64811c0b3df,experiment_linear_il_10
1616.065967793214,0.005460311931148166,il_10,SALIVA,0.8,XGBoost Regressor,GridSearchCV,0.7908853538883984,0.5065577587686546,15.8009799421712,0.04282198081760458,f15a5cb452a44e508d37e64811c0b3df,experiment_linear_il_10
1617.994447468385,0.005320998097445945,il_10,SALIVA,0.8,XGBoost Regressor,GridSearchCV,0.7908853538883984,0.5065577587686546,15.8009799421712,0.04282198081760458,f15a5cb452a44e508d37e64811c0b3df,experiment_linear_il_10
1604.495089742189,0.0052495909317486055,il_10,SALIVA,0.8,XGBoost Regressor,GridSearchCV,0.7908853538883984,0.5065577587686546,15.8009799421712,0.04282198081760458,f15a5cb452a44e508d37e64811c0b3df,experiment_linear_il_10
1619.922927143556,0.005206244898308569,il_10,SALIVA,0.8,XGBoost Regressor,GridSearchCV,0.7908853538883984,0.5065577587686546,15.8009799421712,0.04282198081760458,f15a5cb452a44e508d37e64811c0b3df,experiment_linear_il_10
966.1683172606208,0.005112830402983516,il_10,SALIVA,0.8,XGBoost Regressor,GridSearchCV,0.7908853538883984,0.5065577587686546,15.8009799421712,0.04282198081760458,f15a5cb452a44e508d37e64811c0b3df,experiment_linear_il_10
956.5259188847667,0.005101462978570475,il_10,SALIVA,0.8,XGBoost Regressor,GridSearchCV,0.7908853538883984,0.5065577587686546,15.8009799421712,0.04282198081760458,f15a5cb452a44e508d37e64811c0b3df,experiment_linear_il_10
1621.851406818727,0.004965238849112847,il_10,SALIVA,0.8,XGBoost Regressor,GridSearchCV,0.7908853538883984,0.5065577587686546,15.8009799421712,0.04282198081760458,f15a5cb452a44e508d37e64811c0b3df,experiment_linear_il_10
1602.566610067018,0.004944451772871448,il_10,SALIVA,0.8,XGBoost Regressor,GridSearchCV,0.7908853538883984,0.5065577587686546,15.8009799421712,0.04282198081760458,f15a5cb452a44e508d37e64811c0b3df,experiment_linear_il_10
1600.638130391847,0.004640542068086956,il_10,SALIVA,0.8,XGBoost Regressor,GridSearchCV,0.7908853538883984,0.5065577587686546,15.8009799421712,0.04282198081760458,f15a5cb452a44e508d37e64811c0b3df,experiment_linear_il_10
954.5974392095954,0.004619795786623724,il_10,SALIVA,0.8,XGBoost Regressor,GridSearchCV,0.7908853538883984,0.5065577587686546,15.8009799421712,0.04282198081760458,f15a5cb452a44e508d37e64811c0b3df,experiment_linear_il_10
1623.779886493898,0.004599421796654752,il_10,SALIVA,0.8,XGBoost Regressor,GridSearchCV,0.7908853538883984,0.5065577587686546,15.8009799421712,0.04282198081760458,f15a5cb452a44e508d37e64811c0b3df,experiment_linear_il_10
2694.086106213747,0.02557663433253765,il_10,SALIVA,0.8,XGBoost Regressor,GridSearchCV,0.8298779522165138,0.5561908019216,17.670614179138,-0.05388713716862581,f15a5cb452a44e508d37e64811c0b3df,experiment_linear_il_10
1031.736626216432,0.012252617627382278,il_10,SALIVA,0.8,XGBoost Regressor,GridSearchCV,0.8298779522165138,0.5561908019216,17.670614179138,-0.05388713716862581,f15a5cb452a44e508d37e64811c0b3df,experiment_linear_il_10
1328.72249619275,0.011059779673814774,il_10,SALIVA,0.8,XGBoost Regressor,GridSearchCV,0.8298779522165138,0.5561908019216,17.670614179138,-0.05388713716862581,f15a5cb452a44e508d37e64811c0b3df,experiment_linear_il_10
1617.994447468385,0.010016411542892456,il_10,SALIVA,0.8,XGBoost Regressor,GridSearchCV,0.8298779522165138,0.5561908019216,17.670614179138,-0.05388713716862581,f15a5cb452a44e508d37e64811c0b3df,experiment_linear_il_10
1411.647122225099,0.009849653579294682,il_10,SALIVA,0.8,XGBoost Regressor,GridSearchCV,0.8298779522165138,0.5561908019216,17.670614179138,-0.05388713716862581,f15a5cb452a44e508d37e64811c0b3df,experiment_linear_il_10
1560.140057213258,0.009707321412861347,il_10,SALIVA,0.8,XGBoost Regressor,GridSearchCV,0.8298779522165138,0.5561908019216,17.670614179138,-0.05388713716862581,f15a5cb452a44e508d37e64811c0b3df,experiment_linear_il_10
941.0980814833993,0.009485456161201,il_10,SALIVA,0.8,XGBoost Regressor,GridSearchCV,0.8298779522165138,0.5561908019216,17.670614179138,-0.05388713716862581,f15a5cb452a44e508d37e64811c0b3df,experiment_linear_il_10
1290.152902689332,0.008840427733957767,il_10,SALIVA,0.8,XGBoost Regressor,GridSearchCV,0.8298779522165138,0.5561908019216,17.670614179138,-0.05388713716862581,f15a5cb452a44e508d37e64811c0b3df,experiment_linear_il_10
2942.859984310793,0.008777252398431301,il_10,SALIVA,0.8,XGBoost Regressor,GridSearchCV,0.8298779522165138,0.5561908019216,17.670614179138,-0.05388713716862581,f15a5cb452a44e508d37e64811c0b3df,experiment_linear_il_10
1168.658683153565,0.008744347840547562,il_10,SALIVA,0.8,XGBoost Regressor,GridSearchCV,0.8298779522165138,0.5561908019216,17.670614179138,-0.05388713716862581,f15a5cb452a44e508d37e64811c0b3df,experiment_linear_il_10
1548.569179162233,0.00855564046651125,il_10,SALIVA,0.8,XGBoost Regressor,GridSearchCV,0.8298779522165138,0.5561908019216,17.670614179138,-0.05388713716862581,f15a5cb452a44e508d37e64811c0b3df,experiment_linear_il_10
1793.486097908937,0.008543185889720917,il_10,SALIVA,0.8,XGBoost Regressor,GridSearchCV,0.8298779522165138,0.5561908019216,17.670614179138,-0.05388713716862581,f15a5cb452a44e508d37e64811c0b3df,experiment_linear_il_10
1193.728918930787,0.008431575261056423,il_10,SALIVA,0.8,XGBoost Regressor,GridSearchCV,0.8298779522165138,0.5561908019216,17.670614179138,-0.05388713716862581,f15a5cb452a44e508d37e64811c0b3df,experiment_linear_il_10
2678.65826881238,0.008251363411545753,il_10,SALIVA,0.8,XGBoost Regressor,GridSearchCV,0.8298779522165138,0.5561908019216,17.670614179138,-0.05388713716862581,f15a5cb452a44e508d37e64811c0b3df,experiment_linear_il_10
1143.588447376344,0.00800366047769785,il_10,SALIVA,0.8,XGBoost Regressor,GridSearchCV,0.8298779522165138,0.5561908019216,17.670614179138,-0.05388713716862581,f15a5cb452a44e508d37e64811c0b3df,experiment_linear_il_10
1423.218000276124,0.007987620308995247,il_10,SALIVA,0.8,XGBoost Regressor,GridSearchCV,0.8298779522165138,0.5561908019216,17.670614179138,-0.05388713716862581,f15a5cb452a44e508d37e64811c0b3df,experiment_linear_il_10
1562.068536888429,0.007438883651047945,il_10,SALIVA,0.8,XGBoost Regressor,GridSearchCV,0.8298779522165138,0.5561908019216,17.670614179138,-0.05388713716862581,f15a5cb452a44e508d37e64811c0b3df,experiment_linear_il_10
1785.772179208253,0.007314072456210852,il_10,SALIVA,0.8,XGBoost Regressor,GridSearchCV,0.8298779522165138,0.5561908019216,17.670614179138,-0.05388713716862581,f15a5cb452a44e508d37e64811c0b3df,experiment_linear_il_10
2989.143496514895,0.007184937130659819,il_10,SALIVA,0.8,XGBoost Regressor,GridSearchCV,0.8298779522165138,0.5561908019216,17.670614179138,-0.05388713716862581,f15a5cb452a44e508d37e64811c0b3df,experiment_linear_il_10
1284.367463663819,0.007116679567843676,il_10,SALIVA,0.8,XGBoost Regressor,GridSearchCV,0.8298779522165138,0.5561908019216,17.670614179138,-0.05388713716862581,f15a5cb452a44e508d37e64811c0b3df,experiment_linear_il_10
2713.370902965456,0.014283378147857479,il_10,SERUM,0.8,XGBoost Regressor,GridSearchCV,0.9783533193931373,0.6006472140870756,19.83670753591678,0.012467227962810301,f15a5cb452a44e508d37e64811c0b3df,experiment_linear_il_10
2711.442423290285,0.013631202954140682,il_10,SERUM,0.8,XGBoost Regressor,GridSearchCV,0.9783533193931373,0.6006472140870756,19.83670753591678,0.012467227962810301,f15a5cb452a44e508d37e64811c0b3df,experiment_linear_il_10
2715.299382640627,0.009072026083109593,il_10,SERUM,0.8,XGBoost Regressor,GridSearchCV,0.9783533193931373,0.6006472140870756,19.83670753591678,0.012467227962810301,f15a5cb452a44e508d37e64811c0b3df,experiment_linear_il_10
2709.513943615114,0.006190446795189223,il_10,SERUM,0.8,XGBoost Regressor,GridSearchCV,0.9783533193931373,0.6006472140870756,19.83670753591678,0.012467227962810301,f15a5cb452a44e508d37e64811c0b3df,experiment_linear_il_10
1089.591016471559,0.0051221999993852785,il_10,SERUM,0.8,XGBoost Regressor,GridSearchCV,0.9783533193931373,0.6006472140870756,19.83670753591678,0.012467227962810301,f15a5cb452a44e508d37e64811c0b3df,experiment_linear_il_10
1091.51949614673,0.0050959807545938735,il_10,SERUM,0.8,XGBoost Regressor,GridSearchCV,0.9783533193931373,0.6006472140870756,19.83670753591678,0.012467227962810301,f15a5cb452a44e508d37e64811c0b3df,experiment_linear_il_10
1093.447975821901,0.0049247425700372095,il_10,SERUM,0.8,XGBoost Regressor,GridSearchCV,0.9783533193931373,0.6006472140870756,19.83670753591678,0.012467227962810301,f15a5cb452a44e508d37e64811c0b3df,experiment_linear_il_10
1087.662536796388,0.00491585363914308,il_10,SERUM,0.8,XGBoost Regressor,GridSearchCV,0.9783533193931373,0.6006472140870756,19.83670753591678,0.012467227962810301,f15a5cb452a44e508d37e64811c0b3df,experiment_linear_il_10
2726.870260691652,0.0048899204066238195,il_10,SERUM,0.8,XGBoost Regressor,GridSearchCV,0.9783533193931373,0.6006472140870756,19.83670753591678,0.012467227962810301,f15a5cb452a44e508d37e64811c0b3df,experiment_linear_il_10
2724.941781016481,0.004801174999204114,il_10,SERUM,0.8,XGBoost Regressor,GridSearchCV,0.9783533193931373,0.6006472140870756,19.83670753591678,0.012467227962810301,f15a5cb452a44e508d37e64811c0b3df,experiment_linear_il_10
1095.376455497071,0.004532257593276939,il_10,SERUM,0.8,XGBoost Regressor,GridSearchCV,0.9783533193931373,0.6006472140870756,19.83670753591678,0.012467227962810301,f15a5cb452a44e508d37e64811c0b3df,experiment_linear_il_10
1085.734057121217,0.004422384691558179,il_10,SERUM,0.8,XGBoost Regressor,GridSearchCV,0.9783533193931373,0.6006472140870756,19.83670753591678,0.012467227962810301,f15a5cb452a44e508d37e64811c0b3df,experiment_linear_il_10
2703.728504589601,0.0042409266039566025,il_10,SERUM,0.8,XGBoost Regressor,GridSearchCV,0.9783533193931373,0.6006472140870756,19.83670753591678,0.012467227962810301,f15a5cb452a44e508d37e64811c0b3df,experiment_linear_il_10
2728.798740366823,0.0042372725154657745,il_10,SERUM,0.8,XGBoost Regressor,GridSearchCV,0.9783533193931373,0.6006472140870756,19.83670753591678,0.012467227962810301,f15a5cb452a44e508d37e64811c0b3df,experiment_linear_il_10
1097.304935172242,0.004014545968901819,il_10,SERUM,0.8,XGBoost Regressor,GridSearchCV,0.9783533193931373,0.6006472140870756,19.83670753591678,0.012467227962810301,f15a5cb452a44e508d37e64811c0b3df,experiment_linear_il_10
2699.87154523926,0.003910572741213405,il_10,SERUM,0.8,XGBoost Regressor,GridSearchCV,0.9783533193931373,0.6006472140870756,19.83670753591678,0.012467227962810301,f15a5cb452a44e508d37e64811c0b3df,experiment_linear_il_10
1083.805577446046,0.0038651942960190905,il_10,SERUM,0.8,XGBoost Regressor,GridSearchCV,0.9783533193931373,0.6006472140870756,19.83670753591678,0.012467227962810301,f15a5cb452a44e508d37e64811c0b3df,experiment_linear_il_10
2730.727220041994,0.003842540651759356,il_10,SERUM,0.8,XGBoost Regressor,GridSearchCV,0.9783533193931373,0.6006472140870756,19.83670753591678,0.012467227962810301,f15a5cb452a44e508d37e64811c0b3df,experiment_linear_il_10
989.3100733626716,0.0038358717747024058,il_10,SERUM,0.8,XGBoost Regressor,GridSearchCV,0.9783533193931373,0.6006472140870756,19.83670753591678,0.012467227962810301,f15a5cb452a44e508d37e64811c0b3df,experiment_linear_il_10
2701.800024914431,0.003794749027717587,il_10,SERUM,0.8,XGBoost Regressor,GridSearchCV,0.9783533193931373,0.6006472140870756,19.83670753591678,0.012467227962810301,f15a5cb452a44e508d37e64811c0b3df,experiment_linear_il_10
2815.580325749514,0.01595425233244896,il_10,SERUM,0.8,XGBoost Regressor,GridSearchCV,0.9738741032628137,0.5956309440749464,19.53179971000379,0.021489013493299347,f15a5cb452a44e508d37e64811c0b3df,experiment_linear_il_10
1581.353333640138,0.01515290793031454,il_10,SERUM,0.8,XGBoost Regressor,GridSearchCV,0.9738741032628137,0.5956309440749464,19.53179971000379,0.021489013493299347,f15a5cb452a44e508d37e64811c0b3df,experiment_linear_il_10
1159.016284777711,0.014728938229382038,il_10,SERUM,0.8,XGBoost Regressor,GridSearchCV,0.9738741032628137,0.5956309440749464,19.53179971000379,0.021489013493299347,f15a5cb452a44e508d37e64811c0b3df,experiment_linear_il_10
948.812000184083,0.014542256481945515,il_10,SERUM,0.8,XGBoost Regressor,GridSearchCV,0.9738741032628137,0.5956309440749464,19.53179971000379,0.021489013493299347,f15a5cb452a44e508d37e64811c0b3df,experiment_linear_il_10
1577.496374289796,0.014505542814731598,il_10,SERUM,0.8,XGBoost Regressor,GridSearchCV,0.9738741032628137,0.5956309440749464,19.53179971000379,0.021489013493299347,f15a5cb452a44e508d37e64811c0b3df,experiment_linear_il_10
2649.731073684817,0.014402967877686024,il_10,SERUM,0.8,XGBoost Regressor,GridSearchCV,0.9738741032628137,0.5956309440749464,19.53179971000379,0.021489013493299347,f15a5cb452a44e508d37e64811c0b3df,experiment_linear_il_10
1139.731488026002,0.013152947649359703,il_10,SERUM,0.8,XGBoost Regressor,GridSearchCV,0.9738741032628137,0.5956309440749464,19.53179971000379,0.021489013493299347,f15a5cb452a44e508d37e64811c0b3df,experiment_linear_il_10
1592.924211691163,0.012988901697099209,il_10,SERUM,0.8,XGBoost Regressor,GridSearchCV,0.9738741032628137,0.5956309440749464,19.53179971000379,0.021489013493299347,f15a5cb452a44e508d37e64811c0b3df,experiment_linear_il_10
1758.773463755861,0.012693489901721478,il_10,SERUM,0.8,XGBoost Regressor,GridSearchCV,0.9738741032628137,0.5956309440749464,19.53179971000379,0.021489013493299347,f15a5cb452a44e508d37e64811c0b3df,experiment_linear_il_10
2805.937927373659,0.012050272896885872,il_10,SERUM,0.8,XGBoost Regressor,GridSearchCV,0.9738741032628137,0.5956309440749464,19.53179971000379,0.021489013493299347,f15a5cb452a44e508d37e64811c0b3df,experiment_linear_il_10
2800.152488348147,0.012048797681927681,il_10,SERUM,0.8,XGBoost Regressor,GridSearchCV,0.9738741032628137,0.5956309440749464,19.53179971000379,0.021489013493299347,f15a5cb452a44e508d37e64811c0b3df,experiment_linear_il_10
2692.157626538576,0.011532874777913094,il_10,SERUM,0.8,XGBoost Regressor,GridSearchCV,0.9738741032628137,0.5956309440749464,19.53179971000379,0.021489013493299347,f15a5cb452a44e508d37e64811c0b3df,experiment_linear_il_10
1589.067252340822,0.011299333535134792,il_10,SERUM,0.8,XGBoost Regressor,GridSearchCV,0.9738741032628137,0.5956309440749464,19.53179971000379,0.021489013493299347,f15a5cb452a44e508d37e64811c0b3df,experiment_linear_il_10
1785.772179208253,0.010628732852637768,il_10,SERUM,0.8,XGBoost Regressor,GridSearchCV,0.9738741032628137,0.5956309440749464,19.53179971000379,0.021489013493299347,f15a5cb452a44e508d37e64811c0b3df,experiment_linear_il_10
1579.424853964967,0.010604886338114738,il_10,SERUM,0.8,XGBoost Regressor,GridSearchCV,0.9738741032628137,0.5956309440749464,19.53179971000379,0.021489013493299347,f15a5cb452a44e508d37e64811c0b3df,experiment_linear_il_10
1135.87452867566,0.01055197510868311,il_10,SERUM,0.8,XGBoost Regressor,GridSearchCV,0.9738741032628137,0.5956309440749464,19.53179971000379,0.021489013493299347,f15a5cb452a44e508d37e64811c0b3df,experiment_linear_il_10
1112.732772573609,0.010494789108633995,il_10,SERUM,0.8,XGBoost Regressor,GridSearchCV,0.9738741032628137,0.5956309440749464,19.53179971000379,0.021489013493299347,f15a5cb452a44e508d37e64811c0b3df,experiment_linear_il_10
1116.589731923951,0.010394338518381119,il_10,SERUM,0.8,XGBoost Regressor,GridSearchCV,0.9738741032628137,0.5956309440749464,19.53179971000379,0.021489013493299347,f15a5cb452a44e508d37e64811c0b3df,experiment_linear_il_10
1141.659967701173,0.010351675562560558,il_10,SERUM,0.8,XGBoost Regressor,GridSearchCV,0.9738741032628137,0.5956309440749464,19.53179971000379,0.021489013493299347,f15a5cb452a44e508d37e64811c0b3df,experiment_linear_il_10
1596.781171041505,0.010332202538847923,il_10,SERUM,0.8,XGBoost Regressor,GridSearchCV,0.9738741032628137,0.5956309440749464,19.53179971000379,0.021489013493299347,f15a5cb452a44e508d37e64811c0b3df,experiment_linear_il_10
2713.370902965456,0.014283378147857479,il_10,SERUM,0.8,XGBoost Regressor,GridSearchCV,0.9783533193931373,0.6006472140870756,19.83670753591678,0.012467227962810301,f15a5cb452a44e508d37e64811c0b3df,experiment_linear_il_10
2711.442423290285,0.01363120295414068,il_10,SERUM,0.8,XGBoost Regressor,GridSearchCV,0.9783533193931373,0.6006472140870756,19.83670753591678,0.012467227962810301,f15a5cb452a44e508d37e64811c0b3df,experiment_linear_il_10
2715.299382640627,0.009072026083109594,il_10,SERUM,0.8,XGBoost Regressor,GridSearchCV,0.9783533193931373,0.6006472140870756,19.83670753591678,0.012467227962810301,f15a5cb452a44e508d37e64811c0b3df,experiment_linear_il_10
2709.513943615114,0.006190446795189224,il_10,SERUM,0.8,XGBoost Regressor,GridSearchCV,0.9783533193931373,0.6006472140870756,19.83670753591678,0.012467227962810301,f15a5cb452a44e508d37e64811c0b3df,experiment_linear_il_10
1089.591016471559,0.005122199999385275,il_10,SERUM,0.8,XGBoost Regressor,GridSearchCV,0.9783533193931373,0.6006472140870756,19.83670753591678,0.012467227962810301,f15a5cb452a44e508d37e64811c0b3df,experiment_linear_il_10
1091.51949614673,0.005095980754593868,il_10,SERUM,0.8,XGBoost Regressor,GridSearchCV,0.9783533193931373,0.6006472140870756,19.83670753591678,0.012467227962810301,f15a5cb452a44e508d37e64811c0b3df,experiment_linear_il_10
1093.447975821901,0.004924742570037203,il_10,SERUM,0.8,XGBoost Regressor,GridSearchCV,0.9783533193931373,0.6006472140870756,19.83670753591678,0.012467227962810301,f15a5cb452a44e508d37e64811c0b3df,experiment_linear_il_10
1087.662536796388,0.004915853639143077,il_10,SERUM,0.8,XGBoost Regressor,GridSearchCV,0.9783533193931373,0.6006472140870756,19.83670753591678,0.012467227962810301,f15a5cb452a44e508d37e64811c0b3df,experiment_linear_il_10
2726.870260691652,0.0048899204066238195,il_10,SERUM,0.8,XGBoost Regressor,GridSearchCV,0.9783533193931373,0.6006472140870756,19.83670753591678,0.012467227962810301,f15a5cb452a44e508d37e64811c0b3df,experiment_linear_il_10
2724.941781016481,0.004801174999204113,il_10,SERUM,0.8,XGBoost Regressor,GridSearchCV,0.9783533193931373,0.6006472140870756,19.83670753591678,0.012467227962810301,f15a5cb452a44e508d37e64811c0b3df,experiment_linear_il_10
1095.376455497071,0.004532257593276935,il_10,SERUM,0.8,XGBoost Regressor,GridSearchCV,0.9783533193931373,0.6006472140870756,19.83670753591678,0.012467227962810301,f15a5cb452a44e508d37e64811c0b3df,experiment_linear_il_10
1085.734057121217,0.004422384691558176,il_10,SERUM,0.8,XGBoost Regressor,GridSearchCV,0.9783533193931373,0.6006472140870756,19.83670753591678,0.012467227962810301,f15a5cb452a44e508d37e64811c0b3df,experiment_linear_il_10
2703.728504589601,0.004240926603956602,il_10,SERUM,0.8,XGBoost Regressor,GridSearchCV,0.9783533193931373,0.6006472140870756,19.83670753591678,0.012467227962810301,f15a5cb452a44e508d37e64811c0b3df,experiment_linear_il_10
2728.798740366823,0.004237272515465774,il_10,SERUM,0.8,XGBoost Regressor,GridSearchCV,0.9783533193931373,0.6006472140870756,19.83670753591678,0.012467227962810301,f15a5cb452a44e508d37e64811c0b3df,experiment_linear_il_10
1097.304935172242,0.004014545968901815,il_10,SERUM,0.8,XGBoost Regressor,GridSearchCV,0.9783533193931373,0.6006472140870756,19.83670753591678,0.012467227962810301,f15a5cb452a44e508d37e64811c0b3df,experiment_linear_il_10
2699.87154523926,0.003910572741213407,il_10,SERUM,0.8,XGBoost Regressor,GridSearchCV,0.9783533193931373,0.6006472140870756,19.83670753591678,0.012467227962810301,f15a5cb452a44e508d37e64811c0b3df,experiment_linear_il_10
1083.805577446046,0.0038651942960190857,il_10,SERUM,0.8,XGBoost Regressor,GridSearchCV,0.9783533193931373,0.6006472140870756,19.83670753591678,0.012467227962810301,f15a5cb452a44e508d37e64811c0b3df,experiment_linear_il_10
2730.727220041994,0.003842540651759355,il_10,SERUM,0.8,XGBoost Regressor,GridSearchCV,0.9783533193931373,0.6006472140870756,19.83670753591678,0.012467227962810301,f15a5cb452a44e508d37e64811c0b3df,experiment_linear_il_10
989.3100733626716,0.0038358717747024053,il_10,SERUM,0.8,XGBoost Regressor,GridSearchCV,0.9783533193931373,0.6006472140870756,19.83670753591678,0.012467227962810301,f15a5cb452a44e508d37e64811c0b3df,experiment_linear_il_10
2701.800024914431,0.003794749027717585,il_10,SERUM,0.8,XGBoost Regressor,GridSearchCV,0.9783533193931373,0.6006472140870756,19.83670753591678,0.012467227962810301,f15a5cb452a44e508d37e64811c0b3df,experiment_linear_il_10
2815.580325749514,0.01595425233244896,il_10,SERUM,0.8,XGBoost Regressor,GridSearchCV,0.9738741032628137,0.5956309440749464,19.53179971000379,0.021489013493299347,f15a5cb452a44e508d37e64811c0b3df,experiment_linear_il_10
1581.353333640138,0.01515290793031454,il_10,SERUM,0.8,XGBoost Regressor,GridSearchCV,0.9738741032628137,0.5956309440749464,19.53179971000379,0.021489013493299347,f15a5cb452a44e508d37e64811c0b3df,experiment_linear_il_10
1159.016284777711,0.014728938229382038,il_10,SERUM,0.8,XGBoost Regressor,GridSearchCV,0.9738741032628137,0.5956309440749464,19.53179971000379,0.021489013493299347,f15a5cb452a44e508d37e64811c0b3df,experiment_linear_il_10
948.812000184083,0.014542256481945515,il_10,SERUM,0.8,XGBoost Regressor,GridSearchCV,0.9738741032628137,0.5956309440749464,19.53179971000379,0.021489013493299347,f15a5cb452a44e508d37e64811c0b3df,experiment_linear_il_10
1577.496374289796,0.014505542814731598,il_10,SERUM,0.8,XGBoost Regressor,GridSearchCV,0.9738741032628137,0.5956309440749464,19.53179971000379,0.021489013493299347,f15a5cb452a44e508d37e64811c0b3df,experiment_linear_il_10
2649.731073684817,0.014402967877686024,il_10,SERUM,0.8,XGBoost Regressor,GridSearchCV,0.9738741032628137,0.5956309440749464,19.53179971000379,0.021489013493299347,f15a5cb452a44e508d37e64811c0b3df,experiment_linear_il_10
1139.731488026002,0.013152947649359703,il_10,SERUM,0.8,XGBoost Regressor,GridSearchCV,0.9738741032628137,0.5956309440749464,19.53179971000379,0.021489013493299347,f15a5cb452a44e508d37e64811c0b3df,experiment_linear_il_10
1592.924211691163,0.012988901697099209,il_10,SERUM,0.8,XGBoost Regressor,GridSearchCV,0.9738741032628137,0.5956309440749464,19.53179971000379,0.021489013493299347,f15a5cb452a44e508d37e64811c0b3df,experiment_linear_il_10
1758.773463755861,0.012693489901721478,il_10,SERUM,0.8,XGBoost Regressor,GridSearchCV,0.9738741032628137,0.5956309440749464,19.53179971000379,0.021489013493299347,f15a5cb452a44e508d37e64811c0b3df,experiment_linear_il_10
2805.937927373659,0.012050272896885872,il_10,SERUM,0.8,XGBoost Regressor,GridSearchCV,0.9738741032628137,0.5956309440749464,19.53179971000379,0.021489013493299347,f15a5cb452a44e508d37e64811c0b3df,experiment_linear_il_10
2800.152488348147,0.012048797681927681,il_10,SERUM,0.8,XGBoost Regressor,GridSearchCV,0.9738741032628137,0.5956309440749464,19.53179971000379,0.021489013493299347,f15a5cb452a44e508d37e64811c0b3df,experiment_linear_il_10
2692.157626538576,0.011532874777913094,il_10,SERUM,0.8,XGBoost Regressor,GridSearchCV,0.9738741032628137,0.5956309440749464,19.53179971000379,0.021489013493299347,f15a5cb452a44e508d37e64811c0b3df,experiment_linear_il_10
1589.067252340822,0.011299333535134792,il_10,SERUM,0.8,XGBoost Regressor,GridSearchCV,0.9738741032628137,0.5956309440749464,19.53179971000379,0.021489013493299347,f15a5cb452a44e508d37e64811c0b3df,experiment_linear_il_10
1785.772179208253,0.010628732852637768,il_10,SERUM,0.8,XGBoost Regressor,GridSearchCV,0.9738741032628137,0.5956309440749464,19.53179971000379,0.021489013493299347,f15a5cb452a44e508d37e64811c0b3df,experiment_linear_il_10
1579.424853964967,0.010604886338114738,il_10,SERUM,0.8,XGBoost Regressor,GridSearchCV,0.9738741032628137,0.5956309440749464,19.53179971000379,0.021489013493299347,f15a5cb452a44e508d37e64811c0b3df,experiment_linear_il_10
1135.87452867566,0.01055197510868311,il_10,SERUM,0.8,XGBoost Regressor,GridSearchCV,0.9738741032628137,0.5956309440749464,19.53179971000379,0.021489013493299347,f15a5cb452a44e508d37e64811c0b3df,experiment_linear_il_10
1112.732772573609,0.010494789108633995,il_10,SERUM,0.8,XGBoost Regressor,GridSearchCV,0.9738741032628137,0.5956309440749464,19.53179971000379,0.021489013493299347,f15a5cb452a44e508d37e64811c0b3df,experiment_linear_il_10
1116.589731923951,0.010394338518381119,il_10,SERUM,0.8,XGBoost Regressor,GridSearchCV,0.9738741032628137,0.5956309440749464,19.53179971000379,0.021489013493299347,f15a5cb452a44e508d37e64811c0b3df,experiment_linear_il_10
1141.659967701173,0.010351675562560558,il_10,SERUM,0.8,XGBoost Regressor,GridSearchCV,0.9738741032628137,0.5956309440749464,19.53179971000379,0.021489013493299347,f15a5cb452a44e508d37e64811c0b3df,experiment_linear_il_10
1596.781171041505,0.010332202538847923,il_10,SERUM,0.8,XGBoost Regressor,GridSearchCV,0.9738741032628137,0.5956309440749464,19.53179971000379,0.021489013493299347,f15a5cb452a44e508d37e64811c0b3df,experiment_linear_il_10
1396.219284823732,0.005663129431090337,il_10,URINE,0.8,XGBoost Regressor,GridSearchCV,0.794076630343853,0.5077367929732549,17.2375198670256,0.029277636820267072,f15a5cb452a44e508d37e64811c0b3df,experiment_linear_il_10
1394.290805148561,0.0055733403123612605,il_10,URINE,0.8,XGBoost Regressor,GridSearchCV,0.794076630343853,0.5077367929732549,17.2375198670256,0.029277636820267072,f15a5cb452a44e508d37e64811c0b3df,experiment_linear_il_10
1747.202585704835,0.0053839016952811165,il_10,URINE,0.8,XGBoost Regressor,GridSearchCV,0.794076630343853,0.5077367929732549,17.2375198670256,0.029277636820267072,f15a5cb452a44e508d37e64811c0b3df,experiment_linear_il_10
1749.131065380006,0.005357575931856822,il_10,URINE,0.8,XGBoost Regressor,GridSearchCV,0.794076630343853,0.5077367929732549,17.2375198670256,0.029277636820267072,f15a5cb452a44e508d37e64811c0b3df,experiment_linear_il_10
1398.147764498902,0.005306533928895187,il_10,URINE,0.8,XGBoost Regressor,GridSearchCV,0.794076630343853,0.5077367929732549,17.2375198670256,0.029277636820267072,f15a5cb452a44e508d37e64811c0b3df,experiment_linear_il_10
1751.059545055177,0.005275723639788603,il_10,URINE,0.8,XGBoost Regressor,GridSearchCV,0.794076630343853,0.5077367929732549,17.2375198670256,0.029277636820267072,f15a5cb452a44e508d37e64811c0b3df,experiment_linear_il_10
1745.274106029664,0.005262451329836388,il_10,URINE,0.8,XGBoost Regressor,GridSearchCV,0.794076630343853,0.5077367929732549,17.2375198670256,0.029277636820267072,f15a5cb452a44e508d37e64811c0b3df,experiment_linear_il_10
1752.988024730348,0.005254315391866658,il_10,URINE,0.8,XGBoost Regressor,GridSearchCV,0.794076630343853,0.5077367929732549,17.2375198670256,0.029277636820267072,f15a5cb452a44e508d37e64811c0b3df,experiment_linear_il_10
1754.916504405519,0.005186053936906071,il_10,URINE,0.8,XGBoost Regressor,GridSearchCV,0.794076630343853,0.5077367929732549,17.2375198670256,0.029277636820267072,f15a5cb452a44e508d37e64811c0b3df,experiment_linear_il_10
1743.345626354494,0.005069448089532432,il_10,URINE,0.8,XGBoost Regressor,GridSearchCV,0.794076630343853,0.5077367929732549,17.2375198670256,0.029277636820267072,f15a5cb452a44e508d37e64811c0b3df,experiment_linear_il_10
1756.84498408069,0.005061861686183455,il_10,URINE,0.8,XGBoost Regressor,GridSearchCV,0.794076630343853,0.5077367929732549,17.2375198670256,0.029277636820267072,f15a5cb452a44e508d37e64811c0b3df,experiment_linear_il_10
1392.36232547339,0.005042212903741378,il_10,URINE,0.8,XGBoost Regressor,GridSearchCV,0.794076630343853,0.5077367929732549,17.2375198670256,0.029277636820267072,f15a5cb452a44e508d37e64811c0b3df,experiment_linear_il_10
1758.773463755861,0.004917304468247705,il_10,URINE,0.8,XGBoost Regressor,GridSearchCV,0.794076630343853,0.5077367929732549,17.2375198670256,0.029277636820267072,f15a5cb452a44e508d37e64811c0b3df,experiment_linear_il_10
1741.417146679323,0.0048000836752332,il_10,URINE,0.8,XGBoost Regressor,GridSearchCV,0.794076630343853,0.5077367929732549,17.2375198670256,0.029277636820267072,f15a5cb452a44e508d37e64811c0b3df,experiment_linear_il_10
1760.701943431032,0.004725943309757733,il_10,URINE,0.8,XGBoost Regressor,GridSearchCV,0.794076630343853,0.5077367929732549,17.2375198670256,0.029277636820267072,f15a5cb452a44e508d37e64811c0b3df,experiment_linear_il_10
1400.076244174074,0.004642422723606665,il_10,URINE,0.8,XGBoost Regressor,GridSearchCV,0.794076630343853,0.5077367929732549,17.2375198670256,0.029277636820267072,f15a5cb452a44e508d37e64811c0b3df,experiment_linear_il_10
1762.630423106202,0.004584099558415455,il_10,URINE,0.8,XGBoost Regressor,GridSearchCV,0.794076630343853,0.5077367929732549,17.2375198670256,0.029277636820267072,f15a5cb452a44e508d37e64811c0b3df,experiment_linear_il_10
1739.488667004152,0.004528022546373433,il_10,URINE,0.8,XGBoost Regressor,GridSearchCV,0.794076630343853,0.5077367929732549,17.2375198670256,0.029277636820267072,f15a5cb452a44e508d37e64811c0b3df,experiment_linear_il_10
1764.558902781373,0.00449924069973039,il_10,URINE,0.8,XGBoost Regressor,GridSearchCV,0.794076630343853,0.5077367929732549,17.2375198670256,0.029277636820267072,f15a5cb452a44e508d37e64811c0b3df,experiment_linear_il_10
1766.487382456544,0.004379614243846449,il_10,URINE,0.8,XGBoost Regressor,GridSearchCV,0.794076630343853,0.5077367929732549,17.2375198670256,0.029277636820267072,f15a5cb452a44e508d37e64811c0b3df,experiment_linear_il_10
1519.641984034669,0.032441575080156326,il_10,URINE,0.8,XGBoost Regressor,GridSearchCV,0.7611724852931315,0.4872396889672688,16.69176484908674,0.10805850800391847,f15a5cb452a44e508d37e64811c0b3df,experiment_linear_il_10
1290.152902689332,0.024099621921777725,il_10,URINE,0.8,XGBoost Regressor,GridSearchCV,0.7611724852931315,0.4872396889672688,16.69176484908674,0.10805850800391847,f15a5cb452a44e508d37e64811c0b3df,experiment_linear_il_10
1513.856545009157,0.023684466257691383,il_10,URINE,0.8,XGBoost Regressor,GridSearchCV,0.7611724852931315,0.4872396889672688,16.69176484908674,0.10805850800391847,f15a5cb452a44e508d37e64811c0b3df,experiment_linear_il_10
1511.928065333986,0.02291332744061947,il_10,URINE,0.8,XGBoost Regressor,GridSearchCV,0.7611724852931315,0.4872396889672688,16.69176484908674,0.10805850800391847,f15a5cb452a44e508d37e64811c0b3df,experiment_linear_il_10
1565.925496238771,0.021232765167951584,il_10,URINE,0.8,XGBoost Regressor,GridSearchCV,0.7611724852931315,0.4872396889672688,16.69176484908674,0.10805850800391847,f15a5cb452a44e508d37e64811c0b3df,experiment_linear_il_10
1509.999585658815,0.01977313496172428,il_10,URINE,0.8,XGBoost Regressor,GridSearchCV,0.7611724852931315,0.4872396889672688,16.69176484908674,0.10805850800391847,f15a5cb452a44e508d37e64811c0b3df,experiment_linear_il_10
1538.926780786378,0.017811713740229607,il_10,URINE,0.8,XGBoost Regressor,GridSearchCV,0.7611724852931315,0.4872396889672688,16.69176484908674,0.10805850800391847,f15a5cb452a44e508d37e64811c0b3df,experiment_linear_il_10
1288.224423014161,0.016699956730008125,il_10,URINE,0.8,XGBoost Regressor,GridSearchCV,0.7611724852931315,0.4872396889672688,16.69176484908674,0.10805850800391847,f15a5cb452a44e508d37e64811c0b3df,experiment_linear_il_10
1583.281813315309,0.010389372706413269,il_10,URINE,0.8,XGBoost Regressor,GridSearchCV,0.7611724852931315,0.4872396889672688,16.69176484908674,0.10805850800391847,f15a5cb452a44e508d37e64811c0b3df,experiment_linear_il_10
1546.640699487062,0.008333457633852959,il_10,URINE,0.8,XGBoost Regressor,GridSearchCV,0.7611724852931315,0.4872396889672688,16.69176484908674,0.10805850800391847,f15a5cb452a44e508d37e64811c0b3df,experiment_linear_il_10
1604.495089742189,0.007864831946790218,il_10,URINE,0.8,XGBoost Regressor,GridSearchCV,0.7611724852931315,0.4872396889672688,16.69176484908674,0.10805850800391847,f15a5cb452a44e508d37e64811c0b3df,experiment_linear_il_10
1430.931918976808,0.007685954682528973,il_10,URINE,0.8,XGBoost Regressor,GridSearchCV,0.7611724852931315,0.4872396889672688,16.69176484908674,0.10805850800391847,f15a5cb452a44e508d37e64811c0b3df,experiment_linear_il_10
2732.655699717165,0.007637634873390198,il_10,URINE,0.8,XGBoost Regressor,GridSearchCV,0.7611724852931315,0.4872396889672688,16.69176484908674,0.10805850800391847,f15a5cb452a44e508d37e64811c0b3df,experiment_linear_il_10
1552.426138512574,0.006764124147593975,il_10,URINE,0.8,XGBoost Regressor,GridSearchCV,0.7611724852931315,0.4872396889672688,16.69176484908674,0.10805850800391847,f15a5cb452a44e508d37e64811c0b3df,experiment_linear_il_10
1758.773463755861,0.006565965712070465,il_10,URINE,0.8,XGBoost Regressor,GridSearchCV,0.7611724852931315,0.4872396889672688,16.69176484908674,0.10805850800391847,f15a5cb452a44e508d37e64811c0b3df,experiment_linear_il_10
1349.93577261963,0.006439833901822567,il_10,URINE,0.8,XGBoost Regressor,GridSearchCV,0.7611724852931315,0.4872396889672688,16.69176484908674,0.10805850800391847,f15a5cb452a44e508d37e64811c0b3df,experiment_linear_il_10
1355.721211645143,0.0063145337626338005,il_10,URINE,0.8,XGBoost Regressor,GridSearchCV,0.7611724852931315,0.4872396889672688,16.69176484908674,0.10805850800391847,f15a5cb452a44e508d37e64811c0b3df,experiment_linear_il_10
2566.806447652468,0.006300869397819042,il_10,URINE,0.8,XGBoost Regressor,GridSearchCV,0.7611724852931315,0.4872396889672688,16.69176484908674,0.10805850800391847,f15a5cb452a44e508d37e64811c0b3df,experiment_linear_il_10
2813.651846074343,0.006265645381063223,il_10,URINE,0.8,XGBoost Regressor,GridSearchCV,0.7611724852931315,0.4872396889672688,16.69176484908674,0.10805850800391847,f15a5cb452a44e508d37e64811c0b3df,experiment_linear_il_10
2881.148634705325,0.006046473514288664,il_10,URINE,0.8,XGBoost Regressor,GridSearchCV,0.7611724852931315,0.4872396889672688,16.69176484908674,0.10805850800391847,f15a5cb452a44e508d37e64811c0b3df,experiment_linear_il_10
1396.219284823732,0.005663129431090335,il_10,URINE,0.8,XGBoost Regressor,GridSearchCV,0.794076630343853,0.5077367929732549,17.2375198670256,0.029277636820267072,f15a5cb452a44e508d37e64811c0b3df,experiment_linear_il_10
1394.290805148561,0.005573340312361258,il_10,URINE,0.8,XGBoost Regressor,GridSearchCV,0.794076630343853,0.5077367929732549,17.2375198670256,0.029277636820267072,f15a5cb452a44e508d37e64811c0b3df,experiment_linear_il_10
1747.202585704835,0.005383901695281113,il_10,URINE,0.8,XGBoost Regressor,GridSearchCV,0.794076630343853,0.5077367929732549,17.2375198670256,0.029277636820267072,f15a5cb452a44e508d37e64811c0b3df,experiment_linear_il_10
1749.131065380006,0.005357575931856822,il_10,URINE,0.8,XGBoost Regressor,GridSearchCV,0.794076630343853,0.5077367929732549,17.2375198670256,0.029277636820267072,f15a5cb452a44e508d37e64811c0b3df,experiment_linear_il_10
1398.147764498902,0.005306533928895183,il_10,URINE,0.8,XGBoost Regressor,GridSearchCV,0.794076630343853,0.5077367929732549,17.2375198670256,0.029277636820267072,f15a5cb452a44e508d37e64811c0b3df,experiment_linear_il_10
1751.059545055177,0.005275723639788602,il_10,URINE,0.8,XGBoost Regressor,GridSearchCV,0.794076630343853,0.5077367929732549,17.2375198670256,0.029277636820267072,f15a5cb452a44e508d37e64811c0b3df,experiment_linear_il_10
1745.274106029664,0.005262451329836389,il_10,URINE,0.8,XGBoost Regressor,GridSearchCV,0.794076630343853,0.5077367929732549,17.2375198670256,0.029277636820267072,f15a5cb452a44e508d37e64811c0b3df,experiment_linear_il_10
1752.988024730348,0.005254315391866657,il_10,URINE,0.8,XGBoost Regressor,GridSearchCV,0.794076630343853,0.5077367929732549,17.2375198670256,0.029277636820267072,f15a5cb452a44e508d37e64811c0b3df,experiment_linear_il_10
1754.916504405519,0.005186053936906073,il_10,URINE,0.8,XGBoost Regressor,GridSearchCV,0.794076630343853,0.5077367929732549,17.2375198670256,0.029277636820267072,f15a5cb452a44e508d37e64811c0b3df,experiment_linear_il_10
1743.345626354494,0.005069448089532434,il_10,URINE,0.8,XGBoost Regressor,GridSearchCV,0.794076630343853,0.5077367929732549,17.2375198670256,0.029277636820267072,f15a5cb452a44e508d37e64811c0b3df,experiment_linear_il_10
1756.84498408069,0.005061861686183456,il_10,URINE,0.8,XGBoost Regressor,GridSearchCV,0.794076630343853,0.5077367929732549,17.2375198670256,0.029277636820267072,f15a5cb452a44e508d37e64811c0b3df,experiment_linear_il_10
1392.36232547339,0.005042212903741377,il_10,URINE,0.8,XGBoost Regressor,GridSearchCV,0.794076630343853,0.5077367929732549,17.2375198670256,0.029277636820267072,f15a5cb452a44e508d37e64811c0b3df,experiment_linear_il_10
1758.773463755861,0.004917304468247707,il_10,URINE,0.8,XGBoost Regressor,GridSearchCV,0.794076630343853,0.5077367929732549,17.2375198670256,0.029277636820267072,f15a5cb452a44e508d37e64811c0b3df,experiment_linear_il_10
1741.417146679323,0.004800083675233202,il_10,URINE,0.8,XGBoost Regressor,GridSearchCV,0.794076630343853,0.5077367929732549,17.2375198670256,0.029277636820267072,f15a5cb452a44e508d37e64811c0b3df,experiment_linear_il_10
1760.701943431032,0.004725943309757735,il_10,URINE,0.8,XGBoost Regressor,GridSearchCV,0.794076630343853,0.5077367929732549,17.2375198670256,0.029277636820267072,f15a5cb452a44e508d37e64811c0b3df,experiment_linear_il_10
1400.076244174074,0.004642422723606665,il_10,URINE,0.8,XGBoost Regressor,GridSearchCV,0.794076630343853,0.5077367929732549,17.2375198670256,0.029277636820267072,f15a5cb452a44e508d37e64811c0b3df,experiment_linear_il_10
1762.630423106202,0.004584099558415456,il_10,URINE,0.8,XGBoost Regressor,GridSearchCV,0.794076630343853,0.5077367929732549,17.2375198670256,0.029277636820267072,f15a5cb452a44e508d37e64811c0b3df,experiment_linear_il_10
1739.488667004152,0.0045280225463734305,il_10,URINE,0.8,XGBoost Regressor,GridSearchCV,0.794076630343853,0.5077367929732549,17.2375198670256,0.029277636820267072,f15a5cb452a44e508d37e64811c0b3df,experiment_linear_il_10
1764.558902781373,0.0044992406997303915,il_10,URINE,0.8,XGBoost Regressor,GridSearchCV,0.794076630343853,0.5077367929732549,17.2375198670256,0.029277636820267072,f15a5cb452a44e508d37e64811c0b3df,experiment_linear_il_10
1766.487382456544,0.00437961424384645,il_10,URINE,0.8,XGBoost Regressor,GridSearchCV,0.794076630343853,0.5077367929732549,17.2375198670256,0.029277636820267072,f15a5cb452a44e508d37e64811c0b3df,experiment_linear_il_10
1519.641984034669,0.032441575080156326,il_10,URINE,0.8,XGBoost Regressor,GridSearchCV,0.7611724852931315,0.4872396889672688,16.69176484908674,0.10805850800391847,f15a5cb452a44e508d37e64811c0b3df,experiment_linear_il_10
1290.152902689332,0.024099621921777725,il_10,URINE,0.8,XGBoost Regressor,GridSearchCV,0.7611724852931315,0.4872396889672688,16.69176484908674,0.10805850800391847,f15a5cb452a44e508d37e64811c0b3df,experiment_linear_il_10
1513.856545009157,0.023684466257691383,il_10,URINE,0.8,XGBoost Regressor,GridSearchCV,0.7611724852931315,0.4872396889672688,16.69176484908674,0.10805850800391847,f15a5cb452a44e508d37e64811c0b3df,experiment_linear_il_10
1511.928065333986,0.02291332744061947,il_10,URINE,0.8,XGBoost Regressor,GridSearchCV,0.7611724852931315,0.4872396889672688,16.69176484908674,0.10805850800391847,f15a5cb452a44e508d37e64811c0b3df,experiment_linear_il_10
1565.925496238771,0.021232765167951584,il_10,URINE,0.8,XGBoost Regressor,GridSearchCV,0.7611724852931315,0.4872396889672688,16.69176484908674,0.10805850800391847,f15a5cb452a44e508d37e64811c0b3df,experiment_linear_il_10
1509.999585658815,0.01977313496172428,il_10,URINE,0.8,XGBoost Regressor,GridSearchCV,0.7611724852931315,0.4872396889672688,16.69176484908674,0.10805850800391847,f15a5cb452a44e508d37e64811c0b3df,experiment_linear_il_10
1538.926780786378,0.017811713740229607,il_10,URINE,0.8,XGBoost Regressor,GridSearchCV,0.7611724852931315,0.4872396889672688,16.69176484908674,0.10805850800391847,f15a5cb452a44e508d37e64811c0b3df,experiment_linear_il_10
1288.224423014161,0.016699956730008125,il_10,URINE,0.8,XGBoost Regressor,GridSearchCV,0.7611724852931315,0.4872396889672688,16.69176484908674,0.10805850800391847,f15a5cb452a44e508d37e64811c0b3df,experiment_linear_il_10
1583.281813315309,0.010389372706413269,il_10,URINE,0.8,XGBoost Regressor,GridSearchCV,0.7611724852931315,0.4872396889672688,16.69176484908674,0.10805850800391847,f15a5cb452a44e508d37e64811c0b3df,experiment_linear_il_10
1546.640699487062,0.008333457633852959,il_10,URINE,0.8,XGBoost Regressor,GridSearchCV,0.7611724852931315,0.4872396889672688,16.69176484908674,0.10805850800391847,f15a5cb452a44e508d37e64811c0b3df,experiment_linear_il_10
1604.495089742189,0.007864831946790218,il_10,URINE,0.8,XGBoost Regressor,GridSearchCV,0.7611724852931315,0.4872396889672688,16.69176484908674,0.10805850800391847,f15a5cb452a44e508d37e64811c0b3df,experiment_linear_il_10
1430.931918976808,0.007685954682528973,il_10,URINE,0.8,XGBoost Regressor,GridSearchCV,0.7611724852931315,0.4872396889672688,16.69176484908674,0.10805850800391847,f15a5cb452a44e508d37e64811c0b3df,experiment_linear_il_10
2732.655699717165,0.007637634873390198,il_10,URINE,0.8,XGBoost Regressor,GridSearchCV,0.7611724852931315,0.4872396889672688,16.69176484908674,0.10805850800391847,f15a5cb452a44e508d37e64811c0b3df,experiment_linear_il_10
1552.426138512574,0.006764124147593975,il_10,URINE,0.8,XGBoost Regressor,GridSearchCV,0.7611724852931315,0.4872396889672688,16.69176484908674,0.10805850800391847,f15a5cb452a44e508d37e64811c0b3df,experiment_linear_il_10
1758.773463755861,0.006565965712070465,il_10,URINE,0.8,XGBoost Regressor,GridSearchCV,0.7611724852931315,0.4872396889672688,16.69176484908674,0.10805850800391847,f15a5cb452a44e508d37e64811c0b3df,experiment_linear_il_10
1349.93577261963,0.006439833901822567,il_10,URINE,0.8,XGBoost Regressor,GridSearchCV,0.7611724852931315,0.4872396889672688,16.69176484908674,0.10805850800391847,f15a5cb452a44e508d37e64811c0b3df,experiment_linear_il_10
1355.721211645143,0.0063145337626338005,il_10,URINE,0.8,XGBoost Regressor,GridSearchCV,0.7611724852931315,0.4872396889672688,16.69176484908674,0.10805850800391847,f15a5cb452a44e508d37e64811c0b3df,experiment_linear_il_10
2566.806447652468,0.006300869397819042,il_10,URINE,0.8,XGBoost Regressor,GridSearchCV,0.7611724852931315,0.4872396889672688,16.69176484908674,0.10805850800391847,f15a5cb452a44e508d37e64811c0b3df,experiment_linear_il_10
2813.651846074343,0.006265645381063223,il_10,URINE,0.8,XGBoost Regressor,GridSearchCV,0.7611724852931315,0.4872396889672688,16.69176484908674,0.10805850800391847,f15a5cb452a44e508d37e64811c0b3df,experiment_linear_il_10
2881.148634705325,0.006046473514288664,il_10,URINE,0.8,XGBoost Regressor,GridSearchCV,0.7611724852931315,0.4872396889672688,16.69176484908674,0.10805850800391847,f15a5cb452a44e508d37e64811c0b3df,experiment_linear_il_10
1224.584593733522,0.006908867339033446,il_10,CAPILAR,0.8,MLP Regressor,BayesSearchCV,0.6430807060315096,0.49038395443522437,18.988293455175764,-0.331576672308338,f15a5cb452a44e508d37e64811c0b3df,experiment_linear_il_10
1641.136203570436,0.006838891377712317,il_10,CAPILAR,0.8,MLP Regressor,BayesSearchCV,0.6430807060315096,0.49038395443522437,18.988293455175764,-0.331576672308338,f15a5cb452a44e508d37e64811c0b3df,experiment_linear_il_10
1222.656114058351,0.00670451410332999,il_10,CAPILAR,0.8,MLP Regressor,BayesSearchCV,0.6430807060315096,0.49038395443522437,18.988293455175764,-0.331576672308338,f15a5cb452a44e508d37e64811c0b3df,experiment_linear_il_10
1226.513073408692,0.0064742333998177104,il_10,CAPILAR,0.8,MLP Regressor,BayesSearchCV,0.6430807060315096,0.49038395443522437,18.988293455175764,-0.331576672308338,f15a5cb452a44e508d37e64811c0b3df,experiment_linear_il_10
1043.307504267457,0.0063610221182931045,il_10,CAPILAR,0.8,MLP Regressor,BayesSearchCV,0.6430807060315096,0.49038395443522437,18.988293455175764,-0.331576672308338,f15a5cb452a44e508d37e64811c0b3df,experiment_linear_il_10
1045.235983942628,0.006325906421210447,il_10,CAPILAR,0.8,MLP Regressor,BayesSearchCV,0.6430807060315096,0.49038395443522437,18.988293455175764,-0.331576672308338,f15a5cb452a44e508d37e64811c0b3df,experiment_linear_il_10
1047.164463617799,0.006132110468976407,il_10,CAPILAR,0.8,MLP Regressor,BayesSearchCV,0.6430807060315096,0.49038395443522437,18.988293455175764,-0.331576672308338,f15a5cb452a44e508d37e64811c0b3df,experiment_linear_il_10
1041.379024592286,0.006100451628099395,il_10,CAPILAR,0.8,MLP Regressor,BayesSearchCV,0.6430807060315096,0.49038395443522437,18.988293455175764,-0.331576672308338,f15a5cb452a44e508d37e64811c0b3df,experiment_linear_il_10
1220.72763438318,0.006012686512201789,il_10,CAPILAR,0.8,MLP Regressor,BayesSearchCV,0.6430807060315096,0.49038395443522437,18.988293455175764,-0.331576672308338,f15a5cb452a44e508d37e64811c0b3df,experiment_linear_il_10
1639.207723895265,0.005996361946199579,il_10,CAPILAR,0.8,MLP Regressor,BayesSearchCV,0.6430807060315096,0.49038395443522437,18.988293455175764,-0.331576672308338,f15a5cb452a44e508d37e64811c0b3df,experiment_linear_il_10
1049.092943292969,0.005862621134197003,il_10,CAPILAR,0.8,MLP Regressor,BayesSearchCV,0.6430807060315096,0.49038395443522437,18.988293455175764,-0.331576672308338,f15a5cb452a44e508d37e64811c0b3df,experiment_linear_il_10
1228.441553083863,0.005859346756653235,il_10,CAPILAR,0.8,MLP Regressor,BayesSearchCV,0.6430807060315096,0.49038395443522437,18.988293455175764,-0.331576672308338,f15a5cb452a44e508d37e64811c0b3df,experiment_linear_il_10
1643.064683245607,0.005813987235321491,il_10,CAPILAR,0.8,MLP Regressor,BayesSearchCV,0.6430807060315096,0.49038395443522437,18.988293455175764,-0.331576672308338,f15a5cb452a44e508d37e64811c0b3df,experiment_linear_il_10
1039.450544917115,0.005538483231771067,il_10,CAPILAR,0.8,MLP Regressor,BayesSearchCV,0.6430807060315096,0.49038395443522437,18.988293455175764,-0.331576672308338,f15a5cb452a44e508d37e64811c0b3df,experiment_linear_il_10
1051.021422968141,0.005498014157373381,il_10,CAPILAR,0.8,MLP Regressor,BayesSearchCV,0.6430807060315096,0.49038395443522437,18.988293455175764,-0.331576672308338,f15a5cb452a44e508d37e64811c0b3df,experiment_linear_il_10
1218.799154708009,0.005359074973499478,il_10,CAPILAR,0.8,MLP Regressor,BayesSearchCV,0.6430807060315096,0.49038395443522437,18.988293455175764,-0.331576672308338,f15a5cb452a44e508d37e64811c0b3df,experiment_linear_il_10
1230.370032759034,0.005265212273354439,il_10,CAPILAR,0.8,MLP Regressor,BayesSearchCV,0.6430807060315096,0.49038395443522437,18.988293455175764,-0.331576672308338,f15a5cb452a44e508d37e64811c0b3df,experiment_linear_il_10
1052.949902643312,0.00506693211164393,il_10,CAPILAR,0.8,MLP Regressor,BayesSearchCV,0.6430807060315096,0.49038395443522437,18.988293455175764,-0.331576672308338,f15a5cb452a44e508d37e64811c0b3df,experiment_linear_il_10
1083.805577446046,0.0049149989757954204,il_10,CAPILAR,0.8,MLP Regressor,BayesSearchCV,0.6430807060315096,0.49038395443522437,18.988293455175764,-0.331576672308338,f15a5cb452a44e508d37e64811c0b3df,experiment_linear_il_10
1081.877097770875,0.004895581423028686,il_10,CAPILAR,0.8,MLP Regressor,BayesSearchCV,0.6430807060315096,0.49038395443522437,18.988293455175764,-0.331576672308338,f15a5cb452a44e508d37e64811c0b3df,experiment_linear_il_10
1363.435130345826,0.008626413903047175,il_10,CAPILAR,0.8,MLP Regressor,BayesSearchCV,0.5883754056438778,0.49152682245945595,18.97532693105729,-0.11466467966624916,f15a5cb452a44e508d37e64811c0b3df,experiment_linear_il_10
1008.594870114381,0.008577427878343112,il_10,CAPILAR,0.8,MLP Regressor,BayesSearchCV,0.5883754056438778,0.49152682245945595,18.97532693105729,-0.11466467966624916,f15a5cb452a44e508d37e64811c0b3df,experiment_linear_il_10
1018.237268490235,0.00830784061606491,il_10,CAPILAR,0.8,MLP Regressor,BayesSearchCV,0.5883754056438778,0.49152682245945595,18.97532693105729,-0.11466467966624916,f15a5cb452a44e508d37e64811c0b3df,experiment_linear_il_10
1089.591016471559,0.007891807161341158,il_10,CAPILAR,0.8,MLP Regressor,BayesSearchCV,0.5883754056438778,0.49152682245945595,18.97532693105729,-0.11466467966624916,f15a5cb452a44e508d37e64811c0b3df,experiment_linear_il_10
1056.806861993653,0.007831335970666585,il_10,CAPILAR,0.8,MLP Regressor,BayesSearchCV,0.5883754056438778,0.49152682245945595,18.97532693105729,-0.11466467966624916,f15a5cb452a44e508d37e64811c0b3df,experiment_linear_il_10
1359.578170995484,0.0075290362383842605,il_10,CAPILAR,0.8,MLP Regressor,BayesSearchCV,0.5883754056438778,0.49152682245945595,18.97532693105729,-0.11466467966624916,f15a5cb452a44e508d37e64811c0b3df,experiment_linear_il_10
1076.091658745362,0.007065304868777551,il_10,CAPILAR,0.8,MLP Regressor,BayesSearchCV,0.5883754056438778,0.49152682245945595,18.97532693105729,-0.11466467966624916,f15a5cb452a44e508d37e64811c0b3df,experiment_linear_il_10
3050.854846120364,0.006987909390756381,il_10,CAPILAR,0.8,MLP Regressor,BayesSearchCV,0.5883754056438778,0.49152682245945595,18.97532693105729,-0.11466467966624916,f15a5cb452a44e508d37e64811c0b3df,experiment_linear_il_10
1049.092943292969,0.005959126447214322,il_10,CAPILAR,0.8,MLP Regressor,BayesSearchCV,0.5883754056438778,0.49152682245945595,18.97532693105729,-0.11466467966624916,f15a5cb452a44e508d37e64811c0b3df,experiment_linear_il_10
1101.161894522584,0.005918074106053007,il_10,CAPILAR,0.8,MLP Regressor,BayesSearchCV,0.5883754056438778,0.49152682245945595,18.97532693105729,-0.11466467966624916,f15a5cb452a44e508d37e64811c0b3df,experiment_linear_il_10
1043.307504267457,0.005770198711590547,il_10,CAPILAR,0.8,MLP Regressor,BayesSearchCV,0.5883754056438778,0.49152682245945595,18.97532693105729,-0.11466467966624916,f15a5cb452a44e508d37e64811c0b3df,experiment_linear_il_10
1041.379024592286,0.005706045297030259,il_10,CAPILAR,0.8,MLP Regressor,BayesSearchCV,0.5883754056438778,0.49152682245945595,18.97532693105729,-0.11466467966624916,f15a5cb452a44e508d37e64811c0b3df,experiment_linear_il_10
1351.864252294801,0.005640599957129725,il_10,CAPILAR,0.8,MLP Regressor,BayesSearchCV,0.5883754056438778,0.49152682245945595,18.97532693105729,-0.11466467966624916,f15a5cb452a44e508d37e64811c0b3df,experiment_linear_il_10
2802.080968023317,0.005545986241966239,il_10,CAPILAR,0.8,MLP Regressor,BayesSearchCV,0.5883754056438778,0.49152682245945595,18.97532693105729,-0.11466467966624916,f15a5cb452a44e508d37e64811c0b3df,experiment_linear_il_10
1039.450544917115,0.005459584574372811,il_10,CAPILAR,0.8,MLP Regressor,BayesSearchCV,0.5883754056438778,0.49152682245945595,18.97532693105729,-0.11466467966624916,f15a5cb452a44e508d37e64811c0b3df,experiment_linear_il_10
1066.449260369508,0.005347591575755888,il_10,CAPILAR,0.8,MLP Regressor,BayesSearchCV,0.5883754056438778,0.49152682245945595,18.97532693105729,-0.11466467966624916,f15a5cb452a44e508d37e64811c0b3df,experiment_linear_il_10
2777.010732246096,0.005315410824637466,il_10,CAPILAR,0.8,MLP Regressor,BayesSearchCV,0.5883754056438778,0.49152682245945595,18.97532693105729,-0.11466467966624916,f15a5cb452a44e508d37e64811c0b3df,experiment_linear_il_10
1031.736626216432,0.0052976763891666645,il_10,CAPILAR,0.8,MLP Regressor,BayesSearchCV,0.5883754056438778,0.49152682245945595,18.97532693105729,-0.11466467966624916,f15a5cb452a44e508d37e64811c0b3df,experiment_linear_il_10
1052.949902643312,0.005190228726257639,il_10,CAPILAR,0.8,MLP Regressor,BayesSearchCV,0.5883754056438778,0.49152682245945595,18.97532693105729,-0.11466467966624916,f15a5cb452a44e508d37e64811c0b3df,experiment_linear_il_10
1122.375170949464,0.00518852289266562,il_10,CAPILAR,0.8,MLP Regressor,BayesSearchCV,0.5883754056438778,0.49152682245945595,18.97532693105729,-0.11466467966624916,f15a5cb452a44e508d37e64811c0b3df,experiment_linear_il_10
1641.136203570436,0.007488656952768401,il_10,CAPILAR,0.8,MLP Regressor,BayesSearchCV,0.6314937966301873,0.4827016475515603,18.606058543186542,-0.2840247524323243,f15a5cb452a44e508d37e64811c0b3df,experiment_linear_il_10
1045.235983942628,0.006911073459763681,il_10,CAPILAR,0.8,MLP Regressor,BayesSearchCV,0.6314937966301873,0.4827016475515603,18.606058543186542,-0.2840247524323243,f15a5cb452a44e508d37e64811c0b3df,experiment_linear_il_10
1043.307504267457,0.006907316980581487,il_10,CAPILAR,0.8,MLP Regressor,BayesSearchCV,0.6314937966301873,0.4827016475515603,18.606058543186542,-0.2840247524323243,f15a5cb452a44e508d37e64811c0b3df,experiment_linear_il_10
1047.164463617799,0.0067204742878099796,il_10,CAPILAR,0.8,MLP Regressor,BayesSearchCV,0.6314937966301873,0.4827016475515603,18.606058543186542,-0.2840247524323243,f15a5cb452a44e508d37e64811c0b3df,experiment_linear_il_10
1224.584593733522,0.0066604525430895845,il_10,CAPILAR,0.8,MLP Regressor,BayesSearchCV,0.6314937966301873,0.4827016475515603,18.606058543186542,-0.2840247524323243,f15a5cb452a44e508d37e64811c0b3df,experiment_linear_il_10
1041.379024592286,0.006624244577780305,il_10,CAPILAR,0.8,MLP Regressor,BayesSearchCV,0.6314937966301873,0.4827016475515603,18.606058543186542,-0.2840247524323243,f15a5cb452a44e508d37e64811c0b3df,experiment_linear_il_10
1639.207723895265,0.006557483958909534,il_10,CAPILAR,0.8,MLP Regressor,BayesSearchCV,0.6314937966301873,0.4827016475515603,18.606058543186542,-0.2840247524323243,f15a5cb452a44e508d37e64811c0b3df,experiment_linear_il_10
1222.656114058351,0.006505662762744638,il_10,CAPILAR,0.8,MLP Regressor,BayesSearchCV,0.6314937966301873,0.4827016475515603,18.606058543186542,-0.2840247524323243,f15a5cb452a44e508d37e64811c0b3df,experiment_linear_il_10
1049.092943292969,0.006416159497999065,il_10,CAPILAR,0.8,MLP Regressor,BayesSearchCV,0.6314937966301873,0.4827016475515603,18.606058543186542,-0.2840247524323243,f15a5cb452a44e508d37e64811c0b3df,experiment_linear_il_10
1643.064683245607,0.0063985498789437475,il_10,CAPILAR,0.8,MLP Regressor,BayesSearchCV,0.6314937966301873,0.4827016475515603,18.606058543186542,-0.2840247524323243,f15a5cb452a44e508d37e64811c0b3df,experiment_linear_il_10
1226.513073408692,0.0062384790951044424,il_10,CAPILAR,0.8,MLP Regressor,BayesSearchCV,0.6314937966301873,0.4827016475515603,18.606058543186542,-0.2840247524323243,f15a5cb452a44e508d37e64811c0b3df,experiment_linear_il_10
1039.450544917115,0.006038534521852494,il_10,CAPILAR,0.8,MLP Regressor,BayesSearchCV,0.6314937966301873,0.4827016475515603,18.606058543186542,-0.2840247524323243,f15a5cb452a44e508d37e64811c0b3df,experiment_linear_il_10
1051.021422968141,0.0060025640571145416,il_10,CAPILAR,0.8,MLP Regressor,BayesSearchCV,0.6314937966301873,0.4827016475515603,18.606058543186542,-0.2840247524323243,f15a5cb452a44e508d37e64811c0b3df,experiment_linear_il_10
1220.72763438318,0.005916958234808966,il_10,CAPILAR,0.8,MLP Regressor,BayesSearchCV,0.6314937966301873,0.4827016475515603,18.606058543186542,-0.2840247524323243,f15a5cb452a44e508d37e64811c0b3df,experiment_linear_il_10
1228.441553083863,0.005683443412797549,il_10,CAPILAR,0.8,MLP Regressor,BayesSearchCV,0.6314937966301873,0.4827016475515603,18.606058543186542,-0.2840247524323243,f15a5cb452a44e508d37e64811c0b3df,experiment_linear_il_10
1052.949902643312,0.005455441664490149,il_10,CAPILAR,0.8,MLP Regressor,BayesSearchCV,0.6314937966301873,0.4827016475515603,18.606058543186542,-0.2840247524323243,f15a5cb452a44e508d37e64811c0b3df,experiment_linear_il_10
1037.522065241944,0.005342140736012521,il_10,CAPILAR,0.8,MLP Regressor,BayesSearchCV,0.6314937966301873,0.4827016475515603,18.606058543186542,-0.2840247524323243,f15a5cb452a44e508d37e64811c0b3df,experiment_linear_il_10
1218.799154708009,0.0053276669540346855,il_10,CAPILAR,0.8,MLP Regressor,BayesSearchCV,0.6314937966301873,0.4827016475515603,18.606058543186542,-0.2840247524323243,f15a5cb452a44e508d37e64811c0b3df,experiment_linear_il_10
1230.370032759034,0.005141799782949365,il_10,CAPILAR,0.8,MLP Regressor,BayesSearchCV,0.6314937966301873,0.4827016475515603,18.606058543186542,-0.2840247524323243,f15a5cb452a44e508d37e64811c0b3df,experiment_linear_il_10
1637.279244220094,0.005005503630292285,il_10,CAPILAR,0.8,MLP Regressor,BayesSearchCV,0.6314937966301873,0.4827016475515603,18.606058543186542,-0.2840247524323243,f15a5cb452a44e508d37e64811c0b3df,experiment_linear_il_10
1577.496374289796,0.008326122779812976,il_10,CAPILAR,0.8,MLP Regressor,BayesSearchCV,0.5987619407960251,0.5011407199766934,19.629117255920576,-0.15436617654848694,f15a5cb452a44e508d37e64811c0b3df,experiment_linear_il_10
1355.721211645143,0.007934462421167176,il_10,CAPILAR,0.8,MLP Regressor,BayesSearchCV,0.5987619407960251,0.5011407199766934,19.629117255920576,-0.15436617654848694,f15a5cb452a44e508d37e64811c0b3df,experiment_linear_il_10
1569.782455589112,0.006627328247358013,il_10,CAPILAR,0.8,MLP Regressor,BayesSearchCV,0.5987619407960251,0.5011407199766934,19.629117255920576,-0.15436617654848694,f15a5cb452a44e508d37e64811c0b3df,experiment_linear_il_10
1565.925496238771,0.00629138604863607,il_10,CAPILAR,0.8,MLP Regressor,BayesSearchCV,0.5987619407960251,0.5011407199766934,19.629117255920576,-0.15436617654848694,f15a5cb452a44e508d37e64811c0b3df,experiment_linear_il_10
1583.281813315309,0.006216341693077212,il_10,CAPILAR,0.8,MLP Regressor,BayesSearchCV,0.5987619407960251,0.5011407199766934,19.629117255920576,-0.15436617654848694,f15a5cb452a44e508d37e64811c0b3df,experiment_linear_il_10
1045.235983942628,0.006147960664041542,il_10,CAPILAR,0.8,MLP Regressor,BayesSearchCV,0.5987619407960251,0.5011407199766934,19.629117255920576,-0.15436617654848694,f15a5cb452a44e508d37e64811c0b3df,experiment_linear_il_10
1573.639414939454,0.006142814698106424,il_10,CAPILAR,0.8,MLP Regressor,BayesSearchCV,0.5987619407960251,0.5011407199766934,19.629117255920576,-0.15436617654848694,f15a5cb452a44e508d37e64811c0b3df,experiment_linear_il_10
1575.567894614625,0.006037493241573394,il_10,CAPILAR,0.8,MLP Regressor,BayesSearchCV,0.5987619407960251,0.5011407199766934,19.629117255920576,-0.15436617654848694,f15a5cb452a44e508d37e64811c0b3df,experiment_linear_il_10
1571.710935264284,0.005935984938117381,il_10,CAPILAR,0.8,MLP Regressor,BayesSearchCV,0.5987619407960251,0.5011407199766934,19.629117255920576,-0.15436617654848694,f15a5cb452a44e508d37e64811c0b3df,experiment_linear_il_10
1654.635561296632,0.005730205913801044,il_10,CAPILAR,0.8,MLP Regressor,BayesSearchCV,0.5987619407960251,0.5011407199766934,19.629117255920576,-0.15436617654848694,f15a5cb452a44e508d37e64811c0b3df,experiment_linear_il_10
1579.424853964967,0.005595995457196755,il_10,CAPILAR,0.8,MLP Regressor,BayesSearchCV,0.5987619407960251,0.5011407199766934,19.629117255920576,-0.15436617654848694,f15a5cb452a44e508d37e64811c0b3df,experiment_linear_il_10
1581.353333640138,0.005421516706304271,il_10,CAPILAR,0.8,MLP Regressor,BayesSearchCV,0.5987619407960251,0.5011407199766934,19.629117255920576,-0.15436617654848694,f15a5cb452a44e508d37e64811c0b3df,experiment_linear_il_10
1346.078813269288,0.0054172994368653915,il_10,CAPILAR,0.8,MLP Regressor,BayesSearchCV,0.5987619407960251,0.5011407199766934,19.629117255920576,-0.15436617654848694,f15a5cb452a44e508d37e64811c0b3df,experiment_linear_il_10
1656.564040971803,0.005298340157963394,il_10,CAPILAR,0.8,MLP Regressor,BayesSearchCV,0.5987619407960251,0.5011407199766934,19.629117255920576,-0.15436617654848694,f15a5cb452a44e508d37e64811c0b3df,experiment_linear_il_10
1344.150333594117,0.00520291664280195,il_10,CAPILAR,0.8,MLP Regressor,BayesSearchCV,0.5987619407960251,0.5011407199766934,19.629117255920576,-0.15436617654848694,f15a5cb452a44e508d37e64811c0b3df,experiment_linear_il_10
1533.141341760865,0.0051625274992816925,il_10,CAPILAR,0.8,MLP Regressor,BayesSearchCV,0.5987619407960251,0.5011407199766934,19.629117255920576,-0.15436617654848694,f15a5cb452a44e508d37e64811c0b3df,experiment_linear_il_10
1658.492520646974,0.00511821843640303,il_10,CAPILAR,0.8,MLP Regressor,BayesSearchCV,0.5987619407960251,0.5011407199766934,19.629117255920576,-0.15436617654848694,f15a5cb452a44e508d37e64811c0b3df,experiment_linear_il_10
1018.237268490235,0.0050600044143848544,il_10,CAPILAR,0.8,MLP Regressor,BayesSearchCV,0.5987619407960251,0.5011407199766934,19.629117255920576,-0.15436617654848694,f15a5cb452a44e508d37e64811c0b3df,experiment_linear_il_10
1299.795301065187,0.005028252739766817,il_10,CAPILAR,0.8,MLP Regressor,BayesSearchCV,0.5987619407960251,0.5011407199766934,19.629117255920576,-0.15436617654848694,f15a5cb452a44e508d37e64811c0b3df,experiment_linear_il_10
1562.068536888429,0.004760371752357486,il_10,CAPILAR,0.8,MLP Regressor,BayesSearchCV,0.5987619407960251,0.5011407199766934,19.629117255920576,-0.15436617654848694,f15a5cb452a44e508d37e64811c0b3df,experiment_linear_il_10
1035.593585566773,0.006112274759015379,il_10,PLASMA,0.8,MLP Regressor,BayesSearchCV,0.5174354078687362,0.4260467316152597,15.613979324890618,-0.12259133326887017,f15a5cb452a44e508d37e64811c0b3df,experiment_linear_il_10
1033.665105891602,0.006096491224557493,il_10,PLASMA,0.8,MLP Regressor,BayesSearchCV,0.5174354078687362,0.4260467316152597,15.613979324890618,-0.12259133326887017,f15a5cb452a44e508d37e64811c0b3df,experiment_linear_il_10
1031.736626216432,0.006068609780665888,il_10,PLASMA,0.8,MLP Regressor,BayesSearchCV,0.5174354078687362,0.4260467316152597,15.613979324890618,-0.12259133326887017,f15a5cb452a44e508d37e64811c0b3df,experiment_linear_il_10
1029.808146541261,0.006061451548375496,il_10,PLASMA,0.8,MLP Regressor,BayesSearchCV,0.5174354078687362,0.4260467316152597,15.613979324890618,-0.12259133326887017,f15a5cb452a44e508d37e64811c0b3df,experiment_linear_il_10
1037.522065241944,0.006038984420530574,il_10,PLASMA,0.8,MLP Regressor,BayesSearchCV,0.5174354078687362,0.4260467316152597,15.613979324890618,-0.12259133326887017,f15a5cb452a44e508d37e64811c0b3df,experiment_linear_il_10
1027.87966686609,0.0059104330787448384,il_10,PLASMA,0.8,MLP Regressor,BayesSearchCV,0.5174354078687362,0.4260467316152597,15.613979324890618,-0.12259133326887017,f15a5cb452a44e508d37e64811c0b3df,experiment_linear_il_10
1039.450544917115,0.005818355643186879,il_10,PLASMA,0.8,MLP Regressor,BayesSearchCV,0.5174354078687362,0.4260467316152597,15.613979324890618,-0.12259133326887017,f15a5cb452a44e508d37e64811c0b3df,experiment_linear_il_10
1025.951187190919,0.005530540420436441,il_10,PLASMA,0.8,MLP Regressor,BayesSearchCV,0.5174354078687362,0.4260467316152597,15.613979324890618,-0.12259133326887017,f15a5cb452a44e508d37e64811c0b3df,experiment_linear_il_10
1041.379024592286,0.005400459587565352,il_10,PLASMA,0.8,MLP Regressor,BayesSearchCV,0.5174354078687362,0.4260467316152597,15.613979324890618,-0.12259133326887017,f15a5cb452a44e508d37e64811c0b3df,experiment_linear_il_10
1716.346910902101,0.005134278511391117,il_10,PLASMA,0.8,MLP Regressor,BayesSearchCV,0.5174354078687362,0.4260467316152597,15.613979324890618,-0.12259133326887017,f15a5cb452a44e508d37e64811c0b3df,experiment_linear_il_10
1718.275390577272,0.005095604195816954,il_10,PLASMA,0.8,MLP Regressor,BayesSearchCV,0.5174354078687362,0.4260467316152597,15.613979324890618,-0.12259133326887017,f15a5cb452a44e508d37e64811c0b3df,experiment_linear_il_10
1024.022707515748,0.005033802075671939,il_10,PLASMA,0.8,MLP Regressor,BayesSearchCV,0.5174354078687362,0.4260467316152597,15.613979324890618,-0.12259133326887017,f15a5cb452a44e508d37e64811c0b3df,experiment_linear_il_10
1151.302366077027,0.0049984470599010195,il_10,PLASMA,0.8,MLP Regressor,BayesSearchCV,0.5174354078687362,0.4260467316152597,15.613979324890618,-0.12259133326887017,f15a5cb452a44e508d37e64811c0b3df,experiment_linear_il_10
1149.373886401856,0.004922947723129618,il_10,PLASMA,0.8,MLP Regressor,BayesSearchCV,0.5174354078687362,0.4260467316152597,15.613979324890618,-0.12259133326887017,f15a5cb452a44e508d37e64811c0b3df,experiment_linear_il_10
1043.307504267457,0.0048766454542426485,il_10,PLASMA,0.8,MLP Regressor,BayesSearchCV,0.5174354078687362,0.4260467316152597,15.613979324890618,-0.12259133326887017,f15a5cb452a44e508d37e64811c0b3df,experiment_linear_il_10
1153.230845752198,0.004855808624559805,il_10,PLASMA,0.8,MLP Regressor,BayesSearchCV,0.5174354078687362,0.4260467316152597,15.613979324890618,-0.12259133326887017,f15a5cb452a44e508d37e64811c0b3df,experiment_linear_il_10
2719.156341990969,0.0047600961973581594,il_10,PLASMA,0.8,MLP Regressor,BayesSearchCV,0.5174354078687362,0.4260467316152597,15.613979324890618,-0.12259133326887017,f15a5cb452a44e508d37e64811c0b3df,experiment_linear_il_10
1691.276675124879,0.004734578865890933,il_10,PLASMA,0.8,MLP Regressor,BayesSearchCV,0.5174354078687362,0.4260467316152597,15.613979324890618,-0.12259133326887017,f15a5cb452a44e508d37e64811c0b3df,experiment_linear_il_10
1147.445406726686,0.004685463347109721,il_10,PLASMA,0.8,MLP Regressor,BayesSearchCV,0.5174354078687362,0.4260467316152597,15.613979324890618,-0.12259133326887017,f15a5cb452a44e508d37e64811c0b3df,experiment_linear_il_10
1689.348195449708,0.004587595532634819,il_10,PLASMA,0.8,MLP Regressor,BayesSearchCV,0.5174354078687362,0.4260467316152597,15.613979324890618,-0.12259133326887017,f15a5cb452a44e508d37e64811c0b3df,experiment_linear_il_10
1211.085236007325,0.006528452803879926,il_10,PLASMA,0.8,MLP Regressor,BayesSearchCV,0.6097087576737318,0.5055458395377411,18.909792004180737,-0.5586703115880252,f15a5cb452a44e508d37e64811c0b3df,experiment_linear_il_10
1207.228276656984,0.006512900594613821,il_10,PLASMA,0.8,MLP Regressor,BayesSearchCV,0.6097087576737318,0.5055458395377411,18.909792004180737,-0.5586703115880252,f15a5cb452a44e508d37e64811c0b3df,experiment_linear_il_10
1581.353333640138,0.0063525462506719855,il_10,PLASMA,0.8,MLP Regressor,BayesSearchCV,0.6097087576737318,0.5055458395377411,18.909792004180737,-0.5586703115880252,f15a5cb452a44e508d37e64811c0b3df,experiment_linear_il_10
1583.281813315309,0.005823060095234891,il_10,PLASMA,0.8,MLP Regressor,BayesSearchCV,0.6097087576737318,0.5055458395377411,18.909792004180737,-0.5586703115880252,f15a5cb452a44e508d37e64811c0b3df,experiment_linear_il_10
1087.662536796388,0.005645356756783906,il_10,PLASMA,0.8,MLP Regressor,BayesSearchCV,0.6097087576737318,0.5055458395377411,18.909792004180737,-0.5586703115880252,f15a5cb452a44e508d37e64811c0b3df,experiment_linear_il_10
1585.21029299048,0.005529438580394257,il_10,PLASMA,0.8,MLP Regressor,BayesSearchCV,0.6097087576737318,0.5055458395377411,18.909792004180737,-0.5586703115880252,f15a5cb452a44e508d37e64811c0b3df,experiment_linear_il_10
1363.435130345826,0.00532215514199015,il_10,PLASMA,0.8,MLP Regressor,BayesSearchCV,0.6097087576737318,0.5055458395377411,18.909792004180737,-0.5586703115880252,f15a5cb452a44e508d37e64811c0b3df,experiment_linear_il_10
1589.067252340822,0.005317983612089115,il_10,PLASMA,0.8,MLP Regressor,BayesSearchCV,0.6097087576737318,0.5055458395377411,18.909792004180737,-0.5586703115880252,f15a5cb452a44e508d37e64811c0b3df,experiment_linear_il_10
1573.639414939454,0.005287323381549293,il_10,PLASMA,0.8,MLP Regressor,BayesSearchCV,0.6097087576737318,0.5055458395377411,18.909792004180737,-0.5586703115880252,f15a5cb452a44e508d37e64811c0b3df,experiment_linear_il_10
1417.432561250612,0.00503267401779916,il_10,PLASMA,0.8,MLP Regressor,BayesSearchCV,0.6097087576737318,0.5055458395377411,18.909792004180737,-0.5586703115880252,f15a5cb452a44e508d37e64811c0b3df,experiment_linear_il_10
1687.419715774538,0.004976348606068719,il_10,PLASMA,0.8,MLP Regressor,BayesSearchCV,0.6097087576737318,0.5055458395377411,18.909792004180737,-0.5586703115880252,f15a5cb452a44e508d37e64811c0b3df,experiment_linear_il_10
1579.424853964967,0.004943847201245873,il_10,PLASMA,0.8,MLP Regressor,BayesSearchCV,0.6097087576737318,0.5055458395377411,18.909792004180737,-0.5586703115880252,f15a5cb452a44e508d37e64811c0b3df,experiment_linear_il_10
1066.449260369508,0.004937976114905612,il_10,PLASMA,0.8,MLP Regressor,BayesSearchCV,0.6097087576737318,0.5055458395377411,18.909792004180737,-0.5586703115880252,f15a5cb452a44e508d37e64811c0b3df,experiment_linear_il_10
1600.638130391847,0.004806003906487274,il_10,PLASMA,0.8,MLP Regressor,BayesSearchCV,0.6097087576737318,0.5055458395377411,18.909792004180737,-0.5586703115880252,f15a5cb452a44e508d37e64811c0b3df,experiment_linear_il_10
1571.710935264284,0.004766463773985478,il_10,PLASMA,0.8,MLP Regressor,BayesSearchCV,0.6097087576737318,0.5055458395377411,18.909792004180737,-0.5586703115880252,f15a5cb452a44e508d37e64811c0b3df,experiment_linear_il_10
1392.36232547339,0.004748441886050012,il_10,PLASMA,0.8,MLP Regressor,BayesSearchCV,0.6097087576737318,0.5055458395377411,18.909792004180737,-0.5586703115880252,f15a5cb452a44e508d37e64811c0b3df,experiment_linear_il_10
1575.567894614625,0.004745767105607801,il_10,PLASMA,0.8,MLP Regressor,BayesSearchCV,0.6097087576737318,0.5055458395377411,18.909792004180737,-0.5586703115880252,f15a5cb452a44e508d37e64811c0b3df,experiment_linear_il_10
1112.732772573609,0.004739596431980188,il_10,PLASMA,0.8,MLP Regressor,BayesSearchCV,0.6097087576737318,0.5055458395377411,18.909792004180737,-0.5586703115880252,f15a5cb452a44e508d37e64811c0b3df,experiment_linear_il_10
1413.57560190027,0.004582302616318723,il_10,PLASMA,0.8,MLP Regressor,BayesSearchCV,0.6097087576737318,0.5055458395377411,18.909792004180737,-0.5586703115880252,f15a5cb452a44e508d37e64811c0b3df,experiment_linear_il_10
1209.156756332154,0.004561409776623394,il_10,PLASMA,0.8,MLP Regressor,BayesSearchCV,0.6097087576737318,0.5055458395377411,18.909792004180737,-0.5586703115880252,f15a5cb452a44e508d37e64811c0b3df,experiment_linear_il_10
1035.593585566773,0.005832544207374232,il_10,PLASMA,0.8,MLP Regressor,BayesSearchCV,0.5202653382419348,0.4238369633229532,15.550707718721727,-0.13490414606369683,f15a5cb452a44e508d37e64811c0b3df,experiment_linear_il_10
1033.665105891602,0.005819916797434806,il_10,PLASMA,0.8,MLP Regressor,BayesSearchCV,0.5202653382419348,0.4238369633229532,15.550707718721727,-0.13490414606369683,f15a5cb452a44e508d37e64811c0b3df,experiment_linear_il_10
1029.808146541261,0.005810883392071866,il_10,PLASMA,0.8,MLP Regressor,BayesSearchCV,0.5202653382419348,0.4238369633229532,15.550707718721727,-0.13490414606369683,f15a5cb452a44e508d37e64811c0b3df,experiment_linear_il_10
1031.736626216432,0.005800980095131447,il_10,PLASMA,0.8,MLP Regressor,BayesSearchCV,0.5202653382419348,0.4238369633229532,15.550707718721727,-0.13490414606369683,f15a5cb452a44e508d37e64811c0b3df,experiment_linear_il_10
1037.522065241944,0.005760628477068743,il_10,PLASMA,0.8,MLP Regressor,BayesSearchCV,0.5202653382419348,0.4238369633229532,15.550707718721727,-0.13490414606369683,f15a5cb452a44e508d37e64811c0b3df,experiment_linear_il_10
1027.87966686609,0.005687403183595418,il_10,PLASMA,0.8,MLP Regressor,BayesSearchCV,0.5202653382419348,0.4238369633229532,15.550707718721727,-0.13490414606369683,f15a5cb452a44e508d37e64811c0b3df,experiment_linear_il_10
1039.450544917115,0.005545509050127142,il_10,PLASMA,0.8,MLP Regressor,BayesSearchCV,0.5202653382419348,0.4238369633229532,15.550707718721727,-0.13490414606369683,f15a5cb452a44e508d37e64811c0b3df,experiment_linear_il_10
1025.951187190919,0.0053432020198059,il_10,PLASMA,0.8,MLP Regressor,BayesSearchCV,0.5202653382419348,0.4238369633229532,15.550707718721727,-0.13490414606369683,f15a5cb452a44e508d37e64811c0b3df,experiment_linear_il_10
1041.379024592286,0.005140631091155244,il_10,PLASMA,0.8,MLP Regressor,BayesSearchCV,0.5202653382419348,0.4238369633229532,15.550707718721727,-0.13490414606369683,f15a5cb452a44e508d37e64811c0b3df,experiment_linear_il_10
1716.346910902101,0.005076038668162163,il_10,PLASMA,0.8,MLP Regressor,BayesSearchCV,0.5202653382419348,0.4238369633229532,15.550707718721727,-0.13490414606369683,f15a5cb452a44e508d37e64811c0b3df,experiment_linear_il_10
1718.275390577272,0.0050585163312543684,il_10,PLASMA,0.8,MLP Regressor,BayesSearchCV,0.5202653382419348,0.4238369633229532,15.550707718721727,-0.13490414606369683,f15a5cb452a44e508d37e64811c0b3df,experiment_linear_il_10
1691.276675124879,0.004920388792370842,il_10,PLASMA,0.8,MLP Regressor,BayesSearchCV,0.5202653382419348,0.4238369633229532,15.550707718721727,-0.13490414606369683,f15a5cb452a44e508d37e64811c0b3df,experiment_linear_il_10
1024.022707515748,0.004886386969102125,il_10,PLASMA,0.8,MLP Regressor,BayesSearchCV,0.5202653382419348,0.4238369633229532,15.550707718721727,-0.13490414606369683,f15a5cb452a44e508d37e64811c0b3df,experiment_linear_il_10
1151.302366077027,0.004789318541747223,il_10,PLASMA,0.8,MLP Regressor,BayesSearchCV,0.5202653382419348,0.4238369633229532,15.550707718721727,-0.13490414606369683,f15a5cb452a44e508d37e64811c0b3df,experiment_linear_il_10
1689.348195449708,0.004767616108073675,il_10,PLASMA,0.8,MLP Regressor,BayesSearchCV,0.5202653382419348,0.4238369633229532,15.550707718721727,-0.13490414606369683,f15a5cb452a44e508d37e64811c0b3df,experiment_linear_il_10
1687.419715774538,0.004759405139615646,il_10,PLASMA,0.8,MLP Regressor,BayesSearchCV,0.5202653382419348,0.4238369633229532,15.550707718721727,-0.13490414606369683,f15a5cb452a44e508d37e64811c0b3df,experiment_linear_il_10
1685.491236099367,0.004721222747570364,il_10,PLASMA,0.8,MLP Regressor,BayesSearchCV,0.5202653382419348,0.4238369633229532,15.550707718721727,-0.13490414606369683,f15a5cb452a44e508d37e64811c0b3df,experiment_linear_il_10
1149.373886401856,0.004714241740849327,il_10,PLASMA,0.8,MLP Regressor,BayesSearchCV,0.5202653382419348,0.4238369633229532,15.550707718721727,-0.13490414606369683,f15a5cb452a44e508d37e64811c0b3df,experiment_linear_il_10
1153.230845752198,0.004655590466317715,il_10,PLASMA,0.8,MLP Regressor,BayesSearchCV,0.5202653382419348,0.4238369633229532,15.550707718721727,-0.13490414606369683,f15a5cb452a44e508d37e64811c0b3df,experiment_linear_il_10
1043.307504267457,0.00463689321760975,il_10,PLASMA,0.8,MLP Regressor,BayesSearchCV,0.5202653382419348,0.4238369633229532,15.550707718721727,-0.13490414606369683,f15a5cb452a44e508d37e64811c0b3df,experiment_linear_il_10
2921.646707883913,0.009236315580532638,il_10,PLASMA,0.8,MLP Regressor,BayesSearchCV,0.6073977387717031,0.49562824598973954,20.275410652551916,-0.5468768451563373,f15a5cb452a44e508d37e64811c0b3df,experiment_linear_il_10
2935.146065610109,0.008879441763899095,il_10,PLASMA,0.8,MLP Regressor,BayesSearchCV,0.6073977387717031,0.49562824598973954,20.275410652551916,-0.5468768451563373,f15a5cb452a44e508d37e64811c0b3df,experiment_linear_il_10
2925.503667234255,0.008634042893973822,il_10,PLASMA,0.8,MLP Regressor,BayesSearchCV,0.6073977387717031,0.49562824598973954,20.275410652551916,-0.5468768451563373,f15a5cb452a44e508d37e64811c0b3df,experiment_linear_il_10
2923.575187559084,0.007929680618183901,il_10,PLASMA,0.8,MLP Regressor,BayesSearchCV,0.6073977387717031,0.49562824598973954,20.275410652551916,-0.5468768451563373,f15a5cb452a44e508d37e64811c0b3df,experiment_linear_il_10
2919.718228208742,0.007803523259301816,il_10,PLASMA,0.8,MLP Regressor,BayesSearchCV,0.6073977387717031,0.49562824598973954,20.275410652551916,-0.5468768451563373,f15a5cb452a44e508d37e64811c0b3df,experiment_linear_il_10
2917.789748533572,0.007273129955309203,il_10,PLASMA,0.8,MLP Regressor,BayesSearchCV,0.6073977387717031,0.49562824598973954,20.275410652551916,-0.5468768451563373,f15a5cb452a44e508d37e64811c0b3df,experiment_linear_il_10
1654.635561296632,0.0071631766058866085,il_10,PLASMA,0.8,MLP Regressor,BayesSearchCV,0.6073977387717031,0.49562824598973954,20.275410652551916,-0.5468768451563373,f15a5cb452a44e508d37e64811c0b3df,experiment_linear_il_10
2937.074545285281,0.006705634955223501,il_10,PLASMA,0.8,MLP Regressor,BayesSearchCV,0.6073977387717031,0.49562824598973954,20.275410652551916,-0.5468768451563373,f15a5cb452a44e508d37e64811c0b3df,experiment_linear_il_10
2948.645423336306,0.006439637870080517,il_10,PLASMA,0.8,MLP Regressor,BayesSearchCV,0.6073977387717031,0.49562824598973954,20.275410652551916,-0.5468768451563373,f15a5cb452a44e508d37e64811c0b3df,experiment_linear_il_10
2929.360626584597,0.006365902639985824,il_10,PLASMA,0.8,MLP Regressor,BayesSearchCV,0.6073977387717031,0.49562824598973954,20.275410652551916,-0.5468768451563373,f15a5cb452a44e508d37e64811c0b3df,experiment_linear_il_10
2939.003024960452,0.0063094814341502,il_10,PLASMA,0.8,MLP Regressor,BayesSearchCV,0.6073977387717031,0.49562824598973954,20.275410652551916,-0.5468768451563373,f15a5cb452a44e508d37e64811c0b3df,experiment_linear_il_10
1583.281813315309,0.006277896240767508,il_10,PLASMA,0.8,MLP Regressor,BayesSearchCV,0.6073977387717031,0.49562824598973954,20.275410652551916,-0.5468768451563373,f15a5cb452a44e508d37e64811c0b3df,experiment_linear_il_10
1652.707081621461,0.005996817941826409,il_10,PLASMA,0.8,MLP Regressor,BayesSearchCV,0.6073977387717031,0.49562824598973954,20.275410652551916,-0.5468768451563373,f15a5cb452a44e508d37e64811c0b3df,experiment_linear_il_10
2958.287821712161,0.00596756510230914,il_10,PLASMA,0.8,MLP Regressor,BayesSearchCV,0.6073977387717031,0.49562824598973954,20.275410652551916,-0.5468768451563373,f15a5cb452a44e508d37e64811c0b3df,experiment_linear_il_10
2933.217585934939,0.005868748858179503,il_10,PLASMA,0.8,MLP Regressor,BayesSearchCV,0.6073977387717031,0.49562824598973954,20.275410652551916,-0.5468768451563373,f15a5cb452a44e508d37e64811c0b3df,experiment_linear_il_10
2927.432146909426,0.005866562734674997,il_10,PLASMA,0.8,MLP Regressor,BayesSearchCV,0.6073977387717031,0.49562824598973954,20.275410652551916,-0.5468768451563373,f15a5cb452a44e508d37e64811c0b3df,experiment_linear_il_10
2942.859984310793,0.005865552230406626,il_10,PLASMA,0.8,MLP Regressor,BayesSearchCV,0.6073977387717031,0.49562824598973954,20.275410652551916,-0.5468768451563373,f15a5cb452a44e508d37e64811c0b3df,experiment_linear_il_10
1589.067252340822,0.005639720968447067,il_10,PLASMA,0.8,MLP Regressor,BayesSearchCV,0.6073977387717031,0.49562824598973954,20.275410652551916,-0.5468768451563373,f15a5cb452a44e508d37e64811c0b3df,experiment_linear_il_10
2913.93278918323,0.00562523504651556,il_10,PLASMA,0.8,MLP Regressor,BayesSearchCV,0.6073977387717031,0.49562824598973954,20.275410652551916,-0.5468768451563373,f15a5cb452a44e508d37e64811c0b3df,experiment_linear_il_10
2910.075829832888,0.0055291697305933545,il_10,PLASMA,0.8,MLP Regressor,BayesSearchCV,0.6073977387717031,0.49562824598973954,20.275410652551916,-0.5468768451563373,f15a5cb452a44e508d37e64811c0b3df,experiment_linear_il_10
962.3113579102792,0.007351042163478355,il_10,SALIVA,0.8,MLP Regressor,BayesSearchCV,0.7588447621751204,0.4920648410588897,14.967562993615296,0.11880599815961779,f15a5cb452a44e508d37e64811c0b3df,experiment_linear_il_10
964.23983758545,0.007123313220314612,il_10,SALIVA,0.8,MLP Regressor,BayesSearchCV,0.7588447621751204,0.4920648410588897,14.967562993615296,0.11880599815961779,f15a5cb452a44e508d37e64811c0b3df,experiment_linear_il_10
960.3828782351084,0.006892972486819994,il_10,SALIVA,0.8,MLP Regressor,BayesSearchCV,0.7588447621751204,0.4920648410588897,14.967562993615296,0.11880599815961779,f15a5cb452a44e508d37e64811c0b3df,experiment_linear_il_10
966.1683172606208,0.00663100925086104,il_10,SALIVA,0.8,MLP Regressor,BayesSearchCV,0.7588447621751204,0.4920648410588897,14.967562993615296,0.11880599815961779,f15a5cb452a44e508d37e64811c0b3df,experiment_linear_il_10
958.4543985599371,0.006348716822371511,il_10,SALIVA,0.8,MLP Regressor,BayesSearchCV,0.7588447621751204,0.4920648410588897,14.967562993615296,0.11880599815961779,f15a5cb452a44e508d37e64811c0b3df,experiment_linear_il_10
968.0967969357921,0.006305647852196739,il_10,SALIVA,0.8,MLP Regressor,BayesSearchCV,0.7588447621751204,0.4920648410588897,14.967562993615296,0.11880599815961779,f15a5cb452a44e508d37e64811c0b3df,experiment_linear_il_10
956.5259188847667,0.005919972214623066,il_10,SALIVA,0.8,MLP Regressor,BayesSearchCV,0.7588447621751204,0.4920648410588897,14.967562993615296,0.11880599815961779,f15a5cb452a44e508d37e64811c0b3df,experiment_linear_il_10
970.0252766109629,0.005907768244436382,il_10,SALIVA,0.8,MLP Regressor,BayesSearchCV,0.7588447621751204,0.4920648410588897,14.967562993615296,0.11880599815961779,f15a5cb452a44e508d37e64811c0b3df,experiment_linear_il_10
971.9537562861337,0.005440666790662542,il_10,SALIVA,0.8,MLP Regressor,BayesSearchCV,0.7588447621751204,0.4920648410588897,14.967562993615296,0.11880599815961779,f15a5cb452a44e508d37e64811c0b3df,experiment_linear_il_10
954.5974392095954,0.005044287790496979,il_10,SALIVA,0.8,MLP Regressor,BayesSearchCV,0.7588447621751204,0.4920648410588897,14.967562993615296,0.11880599815961779,f15a5cb452a44e508d37e64811c0b3df,experiment_linear_il_10
1608.35204909253,0.004888145287334278,il_10,SALIVA,0.8,MLP Regressor,BayesSearchCV,0.7588447621751204,0.4920648410588897,14.967562993615296,0.11880599815961779,f15a5cb452a44e508d37e64811c0b3df,experiment_linear_il_10
1606.42356941736,0.00488066110810264,il_10,SALIVA,0.8,MLP Regressor,BayesSearchCV,0.7588447621751204,0.4920648410588897,14.967562993615296,0.11880599815961779,f15a5cb452a44e508d37e64811c0b3df,experiment_linear_il_10
1600.638130391847,0.004879889991148585,il_10,SALIVA,0.8,MLP Regressor,BayesSearchCV,0.7588447621751204,0.4920648410588897,14.967562993615296,0.11880599815961779,f15a5cb452a44e508d37e64811c0b3df,experiment_linear_il_10
1602.566610067018,0.004874115950806863,il_10,SALIVA,0.8,MLP Regressor,BayesSearchCV,0.7588447621751204,0.4920648410588897,14.967562993615296,0.11880599815961779,f15a5cb452a44e508d37e64811c0b3df,experiment_linear_il_10
1604.495089742189,0.004870879315936585,il_10,SALIVA,0.8,MLP Regressor,BayesSearchCV,0.7588447621751204,0.4920648410588897,14.967562993615296,0.11880599815961779,f15a5cb452a44e508d37e64811c0b3df,experiment_linear_il_10
1598.709650716676,0.0048700212417910095,il_10,SALIVA,0.8,MLP Regressor,BayesSearchCV,0.7588447621751204,0.4920648410588897,14.967562993615296,0.11880599815961779,f15a5cb452a44e508d37e64811c0b3df,experiment_linear_il_10
973.8822359613046,0.0048557403343411085,il_10,SALIVA,0.8,MLP Regressor,BayesSearchCV,0.7588447621751204,0.4920648410588897,14.967562993615296,0.11880599815961779,f15a5cb452a44e508d37e64811c0b3df,experiment_linear_il_10
1610.280528767702,0.004844839136967402,il_10,SALIVA,0.8,MLP Regressor,BayesSearchCV,0.7588447621751204,0.4920648410588897,14.967562993615296,0.11880599815961779,f15a5cb452a44e508d37e64811c0b3df,experiment_linear_il_10
1596.781171041505,0.004828475024568892,il_10,SALIVA,0.8,MLP Regressor,BayesSearchCV,0.7588447621751204,0.4920648410588897,14.967562993615296,0.11880599815961779,f15a5cb452a44e508d37e64811c0b3df,experiment_linear_il_10
1612.209008442873,0.004754096606450167,il_10,SALIVA,0.8,MLP Regressor,BayesSearchCV,0.7588447621751204,0.4920648410588897,14.967562993615296,0.11880599815961779,f15a5cb452a44e508d37e64811c0b3df,experiment_linear_il_10
1122.375170949464,0.01575998579320528,il_10,SALIVA,0.8,MLP Regressor,BayesSearchCV,0.7841600414990358,0.5250333429959118,17.59919902129179,0.059031539391180665,f15a5cb452a44e508d37e64811c0b3df,experiment_linear_il_10
1589.067252340822,0.012821739138169214,il_10,SALIVA,0.8,MLP Regressor,BayesSearchCV,0.7841600414990358,0.5250333429959118,17.59919902129179,0.059031539391180665,f15a5cb452a44e508d37e64811c0b3df,experiment_linear_il_10
1583.281813315309,0.012397122321787146,il_10,SALIVA,0.8,MLP Regressor,BayesSearchCV,0.7841600414990358,0.5250333429959118,17.59919902129179,0.059031539391180665,f15a5cb452a44e508d37e64811c0b3df,experiment_linear_il_10
1114.66125224878,0.009597619698349758,il_10,SALIVA,0.8,MLP Regressor,BayesSearchCV,0.7841600414990358,0.5250333429959118,17.59919902129179,0.059031539391180665,f15a5cb452a44e508d37e64811c0b3df,experiment_linear_il_10
1124.303650624635,0.0093764410782023,il_10,SALIVA,0.8,MLP Regressor,BayesSearchCV,0.7841600414990358,0.5250333429959118,17.59919902129179,0.059031539391180665,f15a5cb452a44e508d37e64811c0b3df,experiment_linear_il_10
1118.518211599122,0.008544362552836852,il_10,SALIVA,0.8,MLP Regressor,BayesSearchCV,0.7841600414990358,0.5250333429959118,17.59919902129179,0.059031539391180665,f15a5cb452a44e508d37e64811c0b3df,experiment_linear_il_10
1577.496374289796,0.00844255094004263,il_10,SALIVA,0.8,MLP Regressor,BayesSearchCV,0.7841600414990358,0.5250333429959118,17.59919902129179,0.059031539391180665,f15a5cb452a44e508d37e64811c0b3df,experiment_linear_il_10
1735.63170765381,0.00817184412324107,il_10,SALIVA,0.8,MLP Regressor,BayesSearchCV,0.7841600414990358,0.5250333429959118,17.59919902129179,0.059031539391180665,f15a5cb452a44e508d37e64811c0b3df,experiment_linear_il_10
1575.567894614625,0.0076045964763128745,il_10,SALIVA,0.8,MLP Regressor,BayesSearchCV,0.7841600414990358,0.5250333429959118,17.59919902129179,0.059031539391180665,f15a5cb452a44e508d37e64811c0b3df,experiment_linear_il_10
1089.591016471559,0.007187495410287264,il_10,SALIVA,0.8,MLP Regressor,BayesSearchCV,0.7841600414990358,0.5250333429959118,17.59919902129179,0.059031539391180665,f15a5cb452a44e508d37e64811c0b3df,experiment_linear_il_10
1056.806861993653,0.007145925853122536,il_10,SALIVA,0.8,MLP Regressor,BayesSearchCV,0.7841600414990358,0.5250333429959118,17.59919902129179,0.059031539391180665,f15a5cb452a44e508d37e64811c0b3df,experiment_linear_il_10
2694.086106213747,0.007085154440047845,il_10,SALIVA,0.8,MLP Regressor,BayesSearchCV,0.7841600414990358,0.5250333429959118,17.59919902129179,0.059031539391180665,f15a5cb452a44e508d37e64811c0b3df,experiment_linear_il_10
1729.846268628297,0.006810592789462201,il_10,SALIVA,0.8,MLP Regressor,BayesSearchCV,0.7841600414990358,0.5250333429959118,17.59919902129179,0.059031539391180665,f15a5cb452a44e508d37e64811c0b3df,experiment_linear_il_10
1587.138772665651,0.006752998143140852,il_10,SALIVA,0.8,MLP Regressor,BayesSearchCV,0.7841600414990358,0.5250333429959118,17.59919902129179,0.059031539391180665,f15a5cb452a44e508d37e64811c0b3df,experiment_linear_il_10
1675.848837723512,0.006669777911577049,il_10,SALIVA,0.8,MLP Regressor,BayesSearchCV,0.7841600414990358,0.5250333429959118,17.59919902129179,0.059031539391180665,f15a5cb452a44e508d37e64811c0b3df,experiment_linear_il_10
2715.299382640627,0.006667117191508768,il_10,SALIVA,0.8,MLP Regressor,BayesSearchCV,0.7841600414990358,0.5250333429959118,17.59919902129179,0.059031539391180665,f15a5cb452a44e508d37e64811c0b3df,experiment_linear_il_10
1571.710935264284,0.00651993882982582,il_10,SALIVA,0.8,MLP Regressor,BayesSearchCV,0.7841600414990358,0.5250333429959118,17.59919902129179,0.059031539391180665,f15a5cb452a44e508d37e64811c0b3df,experiment_linear_il_10
1590.995732015992,0.00612143459024774,il_10,SALIVA,0.8,MLP Regressor,BayesSearchCV,0.7841600414990358,0.5250333429959118,17.59919902129179,0.059031539391180665,f15a5cb452a44e508d37e64811c0b3df,experiment_linear_il_10
1644.993162920778,0.0060656457894169,il_10,SALIVA,0.8,MLP Regressor,BayesSearchCV,0.7841600414990358,0.5250333429959118,17.59919902129179,0.059031539391180665,f15a5cb452a44e508d37e64811c0b3df,experiment_linear_il_10
1126.232130299806,0.005908459690319603,il_10,SALIVA,0.8,MLP Regressor,BayesSearchCV,0.7841600414990358,0.5250333429959118,17.59919902129179,0.059031539391180665,f15a5cb452a44e508d37e64811c0b3df,experiment_linear_il_10
962.3113579102792,0.006965987355775397,il_10,SALIVA,0.8,MLP Regressor,BayesSearchCV,0.7649138144623311,0.4974175636161984,15.087574751767258,0.10465449108210922,f15a5cb452a44e508d37e64811c0b3df,experiment_linear_il_10
964.23983758545,0.006801885433262973,il_10,SALIVA,0.8,MLP Regressor,BayesSearchCV,0.7649138144623311,0.4974175636161984,15.087574751767258,0.10465449108210922,f15a5cb452a44e508d37e64811c0b3df,experiment_linear_il_10
960.3828782351084,0.006617584280734647,il_10,SALIVA,0.8,MLP Regressor,BayesSearchCV,0.7649138144623311,0.4974175636161984,15.087574751767258,0.10465449108210922,f15a5cb452a44e508d37e64811c0b3df,experiment_linear_il_10
966.1683172606208,0.006433721207444992,il_10,SALIVA,0.8,MLP Regressor,BayesSearchCV,0.7649138144623311,0.4974175636161984,15.087574751767258,0.10465449108210922,f15a5cb452a44e508d37e64811c0b3df,experiment_linear_il_10
958.4543985599371,0.006304384674358943,il_10,SALIVA,0.8,MLP Regressor,BayesSearchCV,0.7649138144623311,0.4974175636161984,15.087574751767258,0.10465449108210922,f15a5cb452a44e508d37e64811c0b3df,experiment_linear_il_10
968.0967969357921,0.0061167435933693216,il_10,SALIVA,0.8,MLP Regressor,BayesSearchCV,0.7649138144623311,0.4974175636161984,15.087574751767258,0.10465449108210922,f15a5cb452a44e508d37e64811c0b3df,experiment_linear_il_10
956.5259188847667,0.0060777508759500345,il_10,SALIVA,0.8,MLP Regressor,BayesSearchCV,0.7649138144623311,0.4974175636161984,15.087574751767258,0.10465449108210922,f15a5cb452a44e508d37e64811c0b3df,experiment_linear_il_10
970.0252766109629,0.005697684073146735,il_10,SALIVA,0.8,MLP Regressor,BayesSearchCV,0.7649138144623311,0.4974175636161984,15.087574751767258,0.10465449108210922,f15a5cb452a44e508d37e64811c0b3df,experiment_linear_il_10
954.5974392095954,0.005238433422894117,il_10,SALIVA,0.8,MLP Regressor,BayesSearchCV,0.7649138144623311,0.4974175636161984,15.087574751767258,0.10465449108210922,f15a5cb452a44e508d37e64811c0b3df,experiment_linear_il_10
971.9537562861337,0.00521547777977277,il_10,SALIVA,0.8,MLP Regressor,BayesSearchCV,0.7649138144623311,0.4974175636161984,15.087574751767258,0.10465449108210922,f15a5cb452a44e508d37e64811c0b3df,experiment_linear_il_10
3046.997886770022,0.004898608219024923,il_10,SALIVA,0.8,MLP Regressor,BayesSearchCV,0.7649138144623311,0.4974175636161984,15.087574751767258,0.10465449108210922,f15a5cb452a44e508d37e64811c0b3df,experiment_linear_il_10
3045.069407094851,0.00484068350631558,il_10,SALIVA,0.8,MLP Regressor,BayesSearchCV,0.7649138144623311,0.4974175636161984,15.087574751767258,0.10465449108210922,f15a5cb452a44e508d37e64811c0b3df,experiment_linear_il_10
1600.638130391847,0.004667746257716795,il_10,SALIVA,0.8,MLP Regressor,BayesSearchCV,0.7649138144623311,0.4974175636161984,15.087574751767258,0.10465449108210922,f15a5cb452a44e508d37e64811c0b3df,experiment_linear_il_10
1598.709650716676,0.0046653739102449415,il_10,SALIVA,0.8,MLP Regressor,BayesSearchCV,0.7649138144623311,0.4974175636161984,15.087574751767258,0.10465449108210922,f15a5cb452a44e508d37e64811c0b3df,experiment_linear_il_10
1602.566610067018,0.004652921711424418,il_10,SALIVA,0.8,MLP Regressor,BayesSearchCV,0.7649138144623311,0.4974175636161984,15.087574751767258,0.10465449108210922,f15a5cb452a44e508d37e64811c0b3df,experiment_linear_il_10
1606.42356941736,0.004640235229483717,il_10,SALIVA,0.8,MLP Regressor,BayesSearchCV,0.7649138144623311,0.4974175636161984,15.087574751767258,0.10465449108210922,f15a5cb452a44e508d37e64811c0b3df,experiment_linear_il_10
1608.35204909253,0.004639430928700373,il_10,SALIVA,0.8,MLP Regressor,BayesSearchCV,0.7649138144623311,0.4974175636161984,15.087574751767258,0.10465449108210922,f15a5cb452a44e508d37e64811c0b3df,experiment_linear_il_10
1604.495089742189,0.004638984799025677,il_10,SALIVA,0.8,MLP Regressor,BayesSearchCV,0.7649138144623311,0.4974175636161984,15.087574751767258,0.10465449108210922,f15a5cb452a44e508d37e64811c0b3df,experiment_linear_il_10
1596.781171041505,0.004635990155489188,il_10,SALIVA,0.8,MLP Regressor,BayesSearchCV,0.7649138144623311,0.4974175636161984,15.087574751767258,0.10465449108210922,f15a5cb452a44e508d37e64811c0b3df,experiment_linear_il_10
1610.280528767702,0.004589177704609269,il_10,SALIVA,0.8,MLP Regressor,BayesSearchCV,0.7649138144623311,0.4974175636161984,15.087574751767258,0.10465449108210922,f15a5cb452a44e508d37e64811c0b3df,experiment_linear_il_10
1648.85012227112,0.021091820487537258,il_10,SALIVA,0.8,MLP Regressor,BayesSearchCV,0.8084055196871093,0.5220434152531522,17.53477303228166,-5.570338346427839e-05,f15a5cb452a44e508d37e64811c0b3df,experiment_linear_il_10
1644.993162920778,0.019123224274111793,il_10,SALIVA,0.8,MLP Regressor,BayesSearchCV,0.8084055196871093,0.5220434152531522,17.53477303228166,-5.570338346427839e-05,f15a5cb452a44e508d37e64811c0b3df,experiment_linear_il_10
1668.134919022829,0.01807728040414206,il_10,SALIVA,0.8,MLP Regressor,BayesSearchCV,0.8084055196871093,0.5220434152531522,17.53477303228166,-5.570338346427839e-05,f15a5cb452a44e508d37e64811c0b3df,experiment_linear_il_10
1641.136203570436,0.017480308427102017,il_10,SALIVA,0.8,MLP Regressor,BayesSearchCV,0.8084055196871093,0.5220434152531522,17.53477303228166,-5.570338346427839e-05,f15a5cb452a44e508d37e64811c0b3df,experiment_linear_il_10
1675.848837723512,0.01642649138120615,il_10,SALIVA,0.8,MLP Regressor,BayesSearchCV,0.8084055196871093,0.5220434152531522,17.53477303228166,-5.570338346427839e-05,f15a5cb452a44e508d37e64811c0b3df,experiment_linear_il_10
1664.277959672487,0.015442414333840443,il_10,SALIVA,0.8,MLP Regressor,BayesSearchCV,0.8084055196871093,0.5220434152531522,17.53477303228166,-5.570338346427839e-05,f15a5cb452a44e508d37e64811c0b3df,experiment_linear_il_10
1415.504081575441,0.01539424550108523,il_10,SALIVA,0.8,MLP Regressor,BayesSearchCV,0.8084055196871093,0.5220434152531522,17.53477303228166,-5.570338346427839e-05,f15a5cb452a44e508d37e64811c0b3df,experiment_linear_il_10
1556.283097862916,0.014632935382336251,il_10,SALIVA,0.8,MLP Regressor,BayesSearchCV,0.8084055196871093,0.5220434152531522,17.53477303228166,-5.570338346427839e-05,f15a5cb452a44e508d37e64811c0b3df,experiment_linear_il_10
1425.146479951295,0.014088983691157584,il_10,SALIVA,0.8,MLP Regressor,BayesSearchCV,0.8084055196871093,0.5220434152531522,17.53477303228166,-5.570338346427839e-05,f15a5cb452a44e508d37e64811c0b3df,experiment_linear_il_10
1427.074959626466,0.011977705989662342,il_10,SALIVA,0.8,MLP Regressor,BayesSearchCV,0.8084055196871093,0.5220434152531522,17.53477303228166,-5.570338346427839e-05,f15a5cb452a44e508d37e64811c0b3df,experiment_linear_il_10
1423.218000276124,0.01197608731287027,il_10,SALIVA,0.8,MLP Regressor,BayesSearchCV,0.8084055196871093,0.5220434152531522,17.53477303228166,-5.570338346427839e-05,f15a5cb452a44e508d37e64811c0b3df,experiment_linear_il_10
1583.281813315309,0.011872381376654285,il_10,SALIVA,0.8,MLP Regressor,BayesSearchCV,0.8084055196871093,0.5220434152531522,17.53477303228166,-5.570338346427839e-05,f15a5cb452a44e508d37e64811c0b3df,experiment_linear_il_10
1658.492520646974,0.01178135182300452,il_10,SALIVA,0.8,MLP Regressor,BayesSearchCV,0.8084055196871093,0.5220434152531522,17.53477303228166,-5.570338346427839e-05,f15a5cb452a44e508d37e64811c0b3df,experiment_linear_il_10
1577.496374289796,0.011192291238516703,il_10,SALIVA,0.8,MLP Regressor,BayesSearchCV,0.8084055196871093,0.5220434152531522,17.53477303228166,-5.570338346427839e-05,f15a5cb452a44e508d37e64811c0b3df,experiment_linear_il_10
1575.567894614625,0.01107109158818521,il_10,SALIVA,0.8,MLP Regressor,BayesSearchCV,0.8084055196871093,0.5220434152531522,17.53477303228166,-5.570338346427839e-05,f15a5cb452a44e508d37e64811c0b3df,experiment_linear_il_10
1571.710935264284,0.011020614550984714,il_10,SALIVA,0.8,MLP Regressor,BayesSearchCV,0.8084055196871093,0.5220434152531522,17.53477303228166,-5.570338346427839e-05,f15a5cb452a44e508d37e64811c0b3df,experiment_linear_il_10
1671.99187837317,0.010499831857264656,il_10,SALIVA,0.8,MLP Regressor,BayesSearchCV,0.8084055196871093,0.5220434152531522,17.53477303228166,-5.570338346427839e-05,f15a5cb452a44e508d37e64811c0b3df,experiment_linear_il_10
1546.640699487062,0.010382139955690428,il_10,SALIVA,0.8,MLP Regressor,BayesSearchCV,0.8084055196871093,0.5220434152531522,17.53477303228166,-5.570338346427839e-05,f15a5cb452a44e508d37e64811c0b3df,experiment_linear_il_10
1550.497658837404,0.010289468433672328,il_10,SALIVA,0.8,MLP Regressor,BayesSearchCV,0.8084055196871093,0.5220434152531522,17.53477303228166,-5.570338346427839e-05,f15a5cb452a44e508d37e64811c0b3df,experiment_linear_il_10
1563.9970165636,0.010094663696075368,il_10,SALIVA,0.8,MLP Regressor,BayesSearchCV,0.8084055196871093,0.5220434152531522,17.53477303228166,-5.570338346427839e-05,f15a5cb452a44e508d37e64811c0b3df,experiment_linear_il_10
2711.442423290285,0.005515725156615464,il_10,SERUM,0.8,MLP Regressor,BayesSearchCV,0.9682152027897288,0.5772821959643871,18.135547746659736,0.03282766281798166,f15a5cb452a44e508d37e64811c0b3df,experiment_linear_il_10
2713.370902965456,0.005080398285101478,il_10,SERUM,0.8,MLP Regressor,BayesSearchCV,0.9682152027897288,0.5772821959643871,18.135547746659736,0.03282766281798166,f15a5cb452a44e508d37e64811c0b3df,experiment_linear_il_10
2719.156341990969,0.0038544274561823134,il_10,SERUM,0.8,MLP Regressor,BayesSearchCV,0.9682152027897288,0.5772821959643871,18.135547746659736,0.03282766281798166,f15a5cb452a44e508d37e64811c0b3df,experiment_linear_il_10
2721.08482166614,0.00354214860495707,il_10,SERUM,0.8,MLP Regressor,BayesSearchCV,0.9682152027897288,0.5772821959643871,18.135547746659736,0.03282766281798166,f15a5cb452a44e508d37e64811c0b3df,experiment_linear_il_10
1808.913935310304,0.003210078118581421,il_10,SERUM,0.8,MLP Regressor,BayesSearchCV,0.9682152027897288,0.5772821959643871,18.135547746659736,0.03282766281798166,f15a5cb452a44e508d37e64811c0b3df,experiment_linear_il_10
1806.985455635133,0.0032090748229237783,il_10,SERUM,0.8,MLP Regressor,BayesSearchCV,0.9682152027897288,0.5772821959643871,18.135547746659736,0.03282766281798166,f15a5cb452a44e508d37e64811c0b3df,experiment_linear_il_10
1818.556333686158,0.0031935452409438208,il_10,SERUM,0.8,MLP Regressor,BayesSearchCV,0.9682152027897288,0.5772821959643871,18.135547746659736,0.03282766281798166,f15a5cb452a44e508d37e64811c0b3df,experiment_linear_il_10
1820.48481336133,0.0031898589940376957,il_10,SERUM,0.8,MLP Regressor,BayesSearchCV,0.9682152027897288,0.5772821959643871,18.135547746659736,0.03282766281798166,f15a5cb452a44e508d37e64811c0b3df,experiment_linear_il_10
1810.842414985475,0.0031855575802649375,il_10,SERUM,0.8,MLP Regressor,BayesSearchCV,0.9682152027897288,0.5772821959643871,18.135547746659736,0.03282766281798166,f15a5cb452a44e508d37e64811c0b3df,experiment_linear_il_10
1805.056975959963,0.003178422917504465,il_10,SERUM,0.8,MLP Regressor,BayesSearchCV,0.9682152027897288,0.5772821959643871,18.135547746659736,0.03282766281798166,f15a5cb452a44e508d37e64811c0b3df,experiment_linear_il_10
1816.627854010988,0.003178246880989237,il_10,SERUM,0.8,MLP Regressor,BayesSearchCV,0.9682152027897288,0.5772821959643871,18.135547746659736,0.03282766281798166,f15a5cb452a44e508d37e64811c0b3df,experiment_linear_il_10
1812.770894660646,0.0031714770381457303,il_10,SERUM,0.8,MLP Regressor,BayesSearchCV,0.9682152027897288,0.5772821959643871,18.135547746659736,0.03282766281798166,f15a5cb452a44e508d37e64811c0b3df,experiment_linear_il_10
1814.699374335817,0.003170123178351745,il_10,SERUM,0.8,MLP Regressor,BayesSearchCV,0.9682152027897288,0.5772821959643871,18.135547746659736,0.03282766281798166,f15a5cb452a44e508d37e64811c0b3df,experiment_linear_il_10
1803.128496284791,0.0031572869425119244,il_10,SERUM,0.8,MLP Regressor,BayesSearchCV,0.9682152027897288,0.5772821959643871,18.135547746659736,0.03282766281798166,f15a5cb452a44e508d37e64811c0b3df,experiment_linear_il_10
1822.413293036501,0.0031556844926263466,il_10,SERUM,0.8,MLP Regressor,BayesSearchCV,0.9682152027897288,0.5772821959643871,18.135547746659736,0.03282766281798166,f15a5cb452a44e508d37e64811c0b3df,experiment_linear_il_10
1801.20001660962,0.0031469805583347714,il_10,SERUM,0.8,MLP Regressor,BayesSearchCV,0.9682152027897288,0.5772821959643871,18.135547746659736,0.03282766281798166,f15a5cb452a44e508d37e64811c0b3df,experiment_linear_il_10
1799.27153693445,0.0031328823958398262,il_10,SERUM,0.8,MLP Regressor,BayesSearchCV,0.9682152027897288,0.5772821959643871,18.135547746659736,0.03282766281798166,f15a5cb452a44e508d37e64811c0b3df,experiment_linear_il_10
1824.341772711671,0.0031276974495144313,il_10,SERUM,0.8,MLP Regressor,BayesSearchCV,0.9682152027897288,0.5772821959643871,18.135547746659736,0.03282766281798166,f15a5cb452a44e508d37e64811c0b3df,experiment_linear_il_10
1826.270252386842,0.0031248514717726566,il_10,SERUM,0.8,MLP Regressor,BayesSearchCV,0.9682152027897288,0.5772821959643871,18.135547746659736,0.03282766281798166,f15a5cb452a44e508d37e64811c0b3df,experiment_linear_il_10
1828.198732062013,0.0031113000564846807,il_10,SERUM,0.8,MLP Regressor,BayesSearchCV,0.9682152027897288,0.5772821959643871,18.135547746659736,0.03282766281798166,f15a5cb452a44e508d37e64811c0b3df,experiment_linear_il_10
1122.375170949464,0.01416503681612538,il_10,SERUM,0.8,MLP Regressor,BayesSearchCV,0.9880009576791713,0.5800391244411941,18.85769080510615,-0.007105116510927489,f15a5cb452a44e508d37e64811c0b3df,experiment_linear_il_10
1114.66125224878,0.010800118296649487,il_10,SERUM,0.8,MLP Regressor,BayesSearchCV,0.9880009576791713,0.5800391244411941,18.85769080510615,-0.007105116510927489,f15a5cb452a44e508d37e64811c0b3df,experiment_linear_il_10
1056.806861993653,0.00930693187141978,il_10,SERUM,0.8,MLP Regressor,BayesSearchCV,0.9880009576791713,0.5800391244411941,18.85769080510615,-0.007105116510927489,f15a5cb452a44e508d37e64811c0b3df,experiment_linear_il_10
1118.518211599122,0.009219526049028204,il_10,SERUM,0.8,MLP Regressor,BayesSearchCV,0.9880009576791713,0.5800391244411941,18.85769080510615,-0.007105116510927489,f15a5cb452a44e508d37e64811c0b3df,experiment_linear_il_10
1089.591016471559,0.009049118548035018,il_10,SERUM,0.8,MLP Regressor,BayesSearchCV,0.9880009576791713,0.5800391244411941,18.85769080510615,-0.007105116510927489,f15a5cb452a44e508d37e64811c0b3df,experiment_linear_il_10
1105.018853872926,0.008882818921638311,il_10,SERUM,0.8,MLP Regressor,BayesSearchCV,0.9880009576791713,0.5800391244411941,18.85769080510615,-0.007105116510927489,f15a5cb452a44e508d37e64811c0b3df,experiment_linear_il_10
1031.736626216432,0.008386366695003198,il_10,SERUM,0.8,MLP Regressor,BayesSearchCV,0.9880009576791713,0.5800391244411941,18.85769080510615,-0.007105116510927489,f15a5cb452a44e508d37e64811c0b3df,experiment_linear_il_10
962.3113579102792,0.00820827916592928,il_10,SERUM,0.8,MLP Regressor,BayesSearchCV,0.9880009576791713,0.5800391244411941,18.85769080510615,-0.007105116510927489,f15a5cb452a44e508d37e64811c0b3df,experiment_linear_il_10
1124.303650624635,0.00805714428889429,il_10,SERUM,0.8,MLP Regressor,BayesSearchCV,0.9880009576791713,0.5800391244411941,18.85769080510615,-0.007105116510927489,f15a5cb452a44e508d37e64811c0b3df,experiment_linear_il_10
1101.161894522584,0.007626012717272281,il_10,SERUM,0.8,MLP Regressor,BayesSearchCV,0.9880009576791713,0.5800391244411941,18.85769080510615,-0.007105116510927489,f15a5cb452a44e508d37e64811c0b3df,experiment_linear_il_10
1076.091658745362,0.007446739320879186,il_10,SERUM,0.8,MLP Regressor,BayesSearchCV,0.9880009576791713,0.5800391244411941,18.85769080510615,-0.007105116510927489,f15a5cb452a44e508d37e64811c0b3df,experiment_linear_il_10
1589.067252340822,0.007367567310609791,il_10,SERUM,0.8,MLP Regressor,BayesSearchCV,0.9880009576791713,0.5800391244411941,18.85769080510615,-0.007105116510927489,f15a5cb452a44e508d37e64811c0b3df,experiment_linear_il_10
1392.36232547339,0.006987480656734008,il_10,SERUM,0.8,MLP Regressor,BayesSearchCV,0.9880009576791713,0.5800391244411941,18.85769080510615,-0.007105116510927489,f15a5cb452a44e508d37e64811c0b3df,experiment_linear_il_10
1043.307504267457,0.00692756760196023,il_10,SERUM,0.8,MLP Regressor,BayesSearchCV,0.9880009576791713,0.5800391244411941,18.85769080510615,-0.007105116510927489,f15a5cb452a44e508d37e64811c0b3df,experiment_linear_il_10
1049.092943292969,0.006877654033476917,il_10,SERUM,0.8,MLP Regressor,BayesSearchCV,0.9880009576791713,0.5800391244411941,18.85769080510615,-0.007105116510927489,f15a5cb452a44e508d37e64811c0b3df,experiment_linear_il_10
1041.379024592286,0.006863463280085446,il_10,SERUM,0.8,MLP Regressor,BayesSearchCV,0.9880009576791713,0.5800391244411941,18.85769080510615,-0.007105116510927489,f15a5cb452a44e508d37e64811c0b3df,experiment_linear_il_10
1415.504081575441,0.006859699260367387,il_10,SERUM,0.8,MLP Regressor,BayesSearchCV,0.9880009576791713,0.5800391244411941,18.85769080510615,-0.007105116510927489,f15a5cb452a44e508d37e64811c0b3df,experiment_linear_il_10
1583.281813315309,0.0068541854566639285,il_10,SERUM,0.8,MLP Regressor,BayesSearchCV,0.9880009576791713,0.5800391244411941,18.85769080510615,-0.007105116510927489,f15a5cb452a44e508d37e64811c0b3df,experiment_linear_il_10
1039.450544917115,0.00676777953173815,il_10,SERUM,0.8,MLP Regressor,BayesSearchCV,0.9880009576791713,0.5800391244411941,18.85769080510615,-0.007105116510927489,f15a5cb452a44e508d37e64811c0b3df,experiment_linear_il_10
1425.146479951295,0.006707871909506562,il_10,SERUM,0.8,MLP Regressor,BayesSearchCV,0.9880009576791713,0.5800391244411941,18.85769080510615,-0.007105116510927489,f15a5cb452a44e508d37e64811c0b3df,experiment_linear_il_10
2711.442423290285,0.005627127996188112,il_10,SERUM,0.8,MLP Regressor,BayesSearchCV,0.9729912402485626,0.5756498148368727,18.02518344764424,0.02326234246261849,f15a5cb452a44e508d37e64811c0b3df,experiment_linear_il_10
2713.370902965456,0.005186843471305207,il_10,SERUM,0.8,MLP Regressor,BayesSearchCV,0.9729912402485626,0.5756498148368727,18.02518344764424,0.02326234246261849,f15a5cb452a44e508d37e64811c0b3df,experiment_linear_il_10
2719.156341990969,0.0038225976289974063,il_10,SERUM,0.8,MLP Regressor,BayesSearchCV,0.9729912402485626,0.5756498148368727,18.02518344764424,0.02326234246261849,f15a5cb452a44e508d37e64811c0b3df,experiment_linear_il_10
2721.08482166614,0.0037079760877567988,il_10,SERUM,0.8,MLP Regressor,BayesSearchCV,0.9729912402485626,0.5756498148368727,18.02518344764424,0.02326234246261849,f15a5cb452a44e508d37e64811c0b3df,experiment_linear_il_10
1808.913935310304,0.0032056594422581815,il_10,SERUM,0.8,MLP Regressor,BayesSearchCV,0.9729912402485626,0.5756498148368727,18.02518344764424,0.02326234246261849,f15a5cb452a44e508d37e64811c0b3df,experiment_linear_il_10
1810.842414985475,0.0032022526645269695,il_10,SERUM,0.8,MLP Regressor,BayesSearchCV,0.9729912402485626,0.5756498148368727,18.02518344764424,0.02326234246261849,f15a5cb452a44e508d37e64811c0b3df,experiment_linear_il_10
1818.556333686158,0.003195347590197442,il_10,SERUM,0.8,MLP Regressor,BayesSearchCV,0.9729912402485626,0.5756498148368727,18.02518344764424,0.02326234246261849,f15a5cb452a44e508d37e64811c0b3df,experiment_linear_il_10
1812.770894660646,0.0031947523143702325,il_10,SERUM,0.8,MLP Regressor,BayesSearchCV,0.9729912402485626,0.5756498148368727,18.02518344764424,0.02326234246261849,f15a5cb452a44e508d37e64811c0b3df,experiment_linear_il_10
1820.48481336133,0.0031934166053343605,il_10,SERUM,0.8,MLP Regressor,BayesSearchCV,0.9729912402485626,0.5756498148368727,18.02518344764424,0.02326234246261849,f15a5cb452a44e508d37e64811c0b3df,experiment_linear_il_10
1806.985455635133,0.0031911181923869156,il_10,SERUM,0.8,MLP Regressor,BayesSearchCV,0.9729912402485626,0.5756498148368727,18.02518344764424,0.02326234246261849,f15a5cb452a44e508d37e64811c0b3df,experiment_linear_il_10
1816.627854010988,0.00318763508437935,il_10,SERUM,0.8,MLP Regressor,BayesSearchCV,0.9729912402485626,0.5756498148368727,18.02518344764424,0.02326234246261849,f15a5cb452a44e508d37e64811c0b3df,experiment_linear_il_10
1814.699374335817,0.0031874463620162074,il_10,SERUM,0.8,MLP Regressor,BayesSearchCV,0.9729912402485626,0.5756498148368727,18.02518344764424,0.02326234246261849,f15a5cb452a44e508d37e64811c0b3df,experiment_linear_il_10
1822.413293036501,0.0031774140290738084,il_10,SERUM,0.8,MLP Regressor,BayesSearchCV,0.9729912402485626,0.5756498148368727,18.02518344764424,0.02326234246261849,f15a5cb452a44e508d37e64811c0b3df,experiment_linear_il_10
1824.341772711671,0.003165134563085532,il_10,SERUM,0.8,MLP Regressor,BayesSearchCV,0.9729912402485626,0.5756498148368727,18.02518344764424,0.02326234246261849,f15a5cb452a44e508d37e64811c0b3df,experiment_linear_il_10
1826.270252386842,0.003159586365915193,il_10,SERUM,0.8,MLP Regressor,BayesSearchCV,0.9729912402485626,0.5756498148368727,18.02518344764424,0.02326234246261849,f15a5cb452a44e508d37e64811c0b3df,experiment_linear_il_10
1805.056975959963,0.0031562519008263294,il_10,SERUM,0.8,MLP Regressor,BayesSearchCV,0.9729912402485626,0.5756498148368727,18.02518344764424,0.02326234246261849,f15a5cb452a44e508d37e64811c0b3df,experiment_linear_il_10
1828.198732062013,0.0031399832656339006,il_10,SERUM,0.8,MLP Regressor,BayesSearchCV,0.9729912402485626,0.5756498148368727,18.02518344764424,0.02326234246261849,f15a5cb452a44e508d37e64811c0b3df,experiment_linear_il_10
1803.128496284791,0.0031312243340509043,il_10,SERUM,0.8,MLP Regressor,BayesSearchCV,0.9729912402485626,0.5756498148368727,18.02518344764424,0.02326234246261849,f15a5cb452a44e508d37e64811c0b3df,experiment_linear_il_10
1801.20001660962,0.0031287579352371037,il_10,SERUM,0.8,MLP Regressor,BayesSearchCV,0.9729912402485626,0.5756498148368727,18.02518344764424,0.02326234246261849,f15a5cb452a44e508d37e64811c0b3df,experiment_linear_il_10
1799.27153693445,0.0031232521742665105,il_10,SERUM,0.8,MLP Regressor,BayesSearchCV,0.9729912402485626,0.5756498148368727,18.02518344764424,0.02326234246261849,f15a5cb452a44e508d37e64811c0b3df,experiment_linear_il_10
1577.496374289796,0.007540944253888242,il_10,SERUM,0.8,MLP Regressor,BayesSearchCV,0.9826393097734518,0.5983351948598633,19.82655546136062,0.003795867808360942,f15a5cb452a44e508d37e64811c0b3df,experiment_linear_il_10
1687.419715774538,0.0070926287184336296,il_10,SERUM,0.8,MLP Regressor,BayesSearchCV,0.9826393097734518,0.5983351948598633,19.82655546136062,0.003795867808360942,f15a5cb452a44e508d37e64811c0b3df,experiment_linear_il_10
1425.146479951295,0.006614060980842082,il_10,SERUM,0.8,MLP Regressor,BayesSearchCV,0.9826393097734518,0.5983351948598633,19.82655546136062,0.003795867808360942,f15a5cb452a44e508d37e64811c0b3df,experiment_linear_il_10
956.5259188847667,0.00648392017904085,il_10,SERUM,0.8,MLP Regressor,BayesSearchCV,0.9826393097734518,0.5983351948598633,19.82655546136062,0.003795867808360942,f15a5cb452a44e508d37e64811c0b3df,experiment_linear_il_10
1398.147764498902,0.0061088625450420545,il_10,SERUM,0.8,MLP Regressor,BayesSearchCV,0.9826393097734518,0.5983351948598633,19.82655546136062,0.003795867808360942,f15a5cb452a44e508d37e64811c0b3df,experiment_linear_il_10
1415.504081575441,0.006089563928674195,il_10,SERUM,0.8,MLP Regressor,BayesSearchCV,0.9826393097734518,0.5983351948598633,19.82655546136062,0.003795867808360942,f15a5cb452a44e508d37e64811c0b3df,experiment_linear_il_10
1679.705797073854,0.005977180074203665,il_10,SERUM,0.8,MLP Regressor,BayesSearchCV,0.9826393097734518,0.5983351948598633,19.82655546136062,0.003795867808360942,f15a5cb452a44e508d37e64811c0b3df,experiment_linear_il_10
1641.136203570436,0.005967692467203389,il_10,SERUM,0.8,MLP Regressor,BayesSearchCV,0.9826393097734518,0.5983351948598633,19.82655546136062,0.003795867808360942,f15a5cb452a44e508d37e64811c0b3df,experiment_linear_il_10
1681.634276749025,0.005687444515622689,il_10,SERUM,0.8,MLP Regressor,BayesSearchCV,0.9826393097734518,0.5983351948598633,19.82655546136062,0.003795867808360942,f15a5cb452a44e508d37e64811c0b3df,experiment_linear_il_10
1648.85012227112,0.005615277963262321,il_10,SERUM,0.8,MLP Regressor,BayesSearchCV,0.9826393097734518,0.5983351948598633,19.82655546136062,0.003795867808360942,f15a5cb452a44e508d37e64811c0b3df,experiment_linear_il_10
1430.931918976808,0.0056150007729540655,il_10,SERUM,0.8,MLP Regressor,BayesSearchCV,0.9826393097734518,0.5983351948598633,19.82655546136062,0.003795867808360942,f15a5cb452a44e508d37e64811c0b3df,experiment_linear_il_10
1583.281813315309,0.005455060181130282,il_10,SERUM,0.8,MLP Regressor,BayesSearchCV,0.9826393097734518,0.5983351948598633,19.82655546136062,0.003795867808360942,f15a5cb452a44e508d37e64811c0b3df,experiment_linear_il_10
1565.925496238771,0.005445440528019762,il_10,SERUM,0.8,MLP Regressor,BayesSearchCV,0.9826393097734518,0.5983351948598633,19.82655546136062,0.003795867808360942,f15a5cb452a44e508d37e64811c0b3df,experiment_linear_il_10
941.0980814833993,0.005353144818753274,il_10,SERUM,0.8,MLP Regressor,BayesSearchCV,0.9826393097734518,0.5983351948598633,19.82655546136062,0.003795867808360942,f15a5cb452a44e508d37e64811c0b3df,experiment_linear_il_10
939.1696018082284,0.005266225384047621,il_10,SERUM,0.8,MLP Regressor,BayesSearchCV,0.9826393097734518,0.5983351948598633,19.82655546136062,0.003795867808360942,f15a5cb452a44e508d37e64811c0b3df,experiment_linear_il_10
1413.57560190027,0.005263032014122315,il_10,SERUM,0.8,MLP Regressor,BayesSearchCV,0.9826393097734518,0.5983351948598633,19.82655546136062,0.003795867808360942,f15a5cb452a44e508d37e64811c0b3df,experiment_linear_il_10
1355.721211645143,0.005142363933764649,il_10,SERUM,0.8,MLP Regressor,BayesSearchCV,0.9826393097734518,0.5983351948598633,19.82655546136062,0.003795867808360942,f15a5cb452a44e508d37e64811c0b3df,experiment_linear_il_10
1569.782455589112,0.005109878221170404,il_10,SERUM,0.8,MLP Regressor,BayesSearchCV,0.9826393097734518,0.5983351948598633,19.82655546136062,0.003795867808360942,f15a5cb452a44e508d37e64811c0b3df,experiment_linear_il_10
1575.567894614625,0.005065088503964417,il_10,SERUM,0.8,MLP Regressor,BayesSearchCV,0.9826393097734518,0.5983351948598633,19.82655546136062,0.003795867808360942,f15a5cb452a44e508d37e64811c0b3df,experiment_linear_il_10
950.7404798592538,0.005057283064818955,il_10,SERUM,0.8,MLP Regressor,BayesSearchCV,0.9826393097734518,0.5983351948598633,19.82655546136062,0.003795867808360942,f15a5cb452a44e508d37e64811c0b3df,experiment_linear_il_10
1585.21029299048,0.005465044650181922,il_10,URINE,0.8,MLP Regressor,BayesSearchCV,0.7941670595525522,0.479608325186741,15.503803352545631,0.029056533087733927,f15a5cb452a44e508d37e64811c0b3df,experiment_linear_il_10
1587.138772665651,0.0054019704181358895,il_10,URINE,0.8,MLP Regressor,BayesSearchCV,0.7941670595525522,0.479608325186741,15.503803352545631,0.029056533087733927,f15a5cb452a44e508d37e64811c0b3df,experiment_linear_il_10
1583.281813315309,0.005381273374800368,il_10,URINE,0.8,MLP Regressor,BayesSearchCV,0.7941670595525522,0.479608325186741,15.503803352545631,0.029056533087733927,f15a5cb452a44e508d37e64811c0b3df,experiment_linear_il_10
1581.353333640138,0.005223370563730843,il_10,URINE,0.8,MLP Regressor,BayesSearchCV,0.7941670595525522,0.479608325186741,15.503803352545631,0.029056533087733927,f15a5cb452a44e508d37e64811c0b3df,experiment_linear_il_10
1589.067252340822,0.005196517365559688,il_10,URINE,0.8,MLP Regressor,BayesSearchCV,0.7941670595525522,0.479608325186741,15.503803352545631,0.029056533087733927,f15a5cb452a44e508d37e64811c0b3df,experiment_linear_il_10
1579.424853964967,0.0049702427030386374,il_10,URINE,0.8,MLP Regressor,BayesSearchCV,0.7941670595525522,0.479608325186741,15.503803352545631,0.029056533087733927,f15a5cb452a44e508d37e64811c0b3df,experiment_linear_il_10
1590.995732015992,0.004921803729949126,il_10,URINE,0.8,MLP Regressor,BayesSearchCV,0.7941670595525522,0.479608325186741,15.503803352545631,0.029056533087733927,f15a5cb452a44e508d37e64811c0b3df,experiment_linear_il_10
1533.141341760865,0.004829792937356319,il_10,URINE,0.8,MLP Regressor,BayesSearchCV,0.7941670595525522,0.479608325186741,15.503803352545631,0.029056533087733927,f15a5cb452a44e508d37e64811c0b3df,experiment_linear_il_10
1535.069821436036,0.004808573473655292,il_10,URINE,0.8,MLP Regressor,BayesSearchCV,0.7941670595525522,0.479608325186741,15.503803352545631,0.029056533087733927,f15a5cb452a44e508d37e64811c0b3df,experiment_linear_il_10
1531.212862085695,0.004780324598015633,il_10,URINE,0.8,MLP Regressor,BayesSearchCV,0.7941670595525522,0.479608325186741,15.503803352545631,0.029056533087733927,f15a5cb452a44e508d37e64811c0b3df,experiment_linear_il_10
1536.998301111207,0.004736704600556472,il_10,URINE,0.8,MLP Regressor,BayesSearchCV,0.7941670595525522,0.479608325186741,15.503803352545631,0.029056533087733927,f15a5cb452a44e508d37e64811c0b3df,experiment_linear_il_10
1529.284382410524,0.004719285377220405,il_10,URINE,0.8,MLP Regressor,BayesSearchCV,0.7941670595525522,0.479608325186741,15.503803352545631,0.029056533087733927,f15a5cb452a44e508d37e64811c0b3df,experiment_linear_il_10
1577.496374289796,0.004696856946514567,il_10,URINE,0.8,MLP Regressor,BayesSearchCV,0.7941670595525522,0.479608325186741,15.503803352545631,0.029056533087733927,f15a5cb452a44e508d37e64811c0b3df,experiment_linear_il_10
1538.926780786378,0.004638664032080751,il_10,URINE,0.8,MLP Regressor,BayesSearchCV,0.7941670595525522,0.479608325186741,15.503803352545631,0.029056533087733927,f15a5cb452a44e508d37e64811c0b3df,experiment_linear_il_10
1527.355902735353,0.004626022944731187,il_10,URINE,0.8,MLP Regressor,BayesSearchCV,0.7941670595525522,0.479608325186741,15.503803352545631,0.029056533087733927,f15a5cb452a44e508d37e64811c0b3df,experiment_linear_il_10
1592.924211691163,0.00455959657237974,il_10,URINE,0.8,MLP Regressor,BayesSearchCV,0.7941670595525522,0.479608325186741,15.503803352545631,0.029056533087733927,f15a5cb452a44e508d37e64811c0b3df,experiment_linear_il_10
1575.567894614625,0.004539868814309264,il_10,URINE,0.8,MLP Regressor,BayesSearchCV,0.7941670595525522,0.479608325186741,15.503803352545631,0.029056533087733927,f15a5cb452a44e508d37e64811c0b3df,experiment_linear_il_10
1540.855260461549,0.004514140997560594,il_10,URINE,0.8,MLP Regressor,BayesSearchCV,0.7941670595525522,0.479608325186741,15.503803352545631,0.029056533087733927,f15a5cb452a44e508d37e64811c0b3df,experiment_linear_il_10
1525.427423060182,0.004463988131229297,il_10,URINE,0.8,MLP Regressor,BayesSearchCV,0.7941670595525522,0.479608325186741,15.503803352545631,0.029056533087733927,f15a5cb452a44e508d37e64811c0b3df,experiment_linear_il_10
1573.639414939454,0.004426535324801677,il_10,URINE,0.8,MLP Regressor,BayesSearchCV,0.7941670595525522,0.479608325186741,15.503803352545631,0.029056533087733927,f15a5cb452a44e508d37e64811c0b3df,experiment_linear_il_10
1018.237268490235,0.012439238122915867,il_10,URINE,0.8,MLP Regressor,BayesSearchCV,0.7483257471136908,0.4756397301328654,16.35070924950592,0.1379120377126114,f15a5cb452a44e508d37e64811c0b3df,experiment_linear_il_10
1008.594870114381,0.010080696193401932,il_10,URINE,0.8,MLP Regressor,BayesSearchCV,0.7483257471136908,0.4756397301328654,16.35070924950592,0.1379120377126114,f15a5cb452a44e508d37e64811c0b3df,experiment_linear_il_10
962.3113579102792,0.008004842173368646,il_10,URINE,0.8,MLP Regressor,BayesSearchCV,0.7483257471136908,0.4756397301328654,16.35070924950592,0.1379120377126114,f15a5cb452a44e508d37e64811c0b3df,experiment_linear_il_10
2678.65826881238,0.007131602996721174,il_10,URINE,0.8,MLP Regressor,BayesSearchCV,0.7483257471136908,0.4756397301328654,16.35070924950592,0.1379120377126114,f15a5cb452a44e508d37e64811c0b3df,experiment_linear_il_10
1076.091658745362,0.007005521886210822,il_10,URINE,0.8,MLP Regressor,BayesSearchCV,0.7483257471136908,0.4756397301328654,16.35070924950592,0.1379120377126114,f15a5cb452a44e508d37e64811c0b3df,experiment_linear_il_10
1016.308788815064,0.006939065909731355,il_10,URINE,0.8,MLP Regressor,BayesSearchCV,0.7483257471136908,0.4756397301328654,16.35070924950592,0.1379120377126114,f15a5cb452a44e508d37e64811c0b3df,experiment_linear_il_10
1498.428707607789,0.006787257394248525,il_10,URINE,0.8,MLP Regressor,BayesSearchCV,0.7483257471136908,0.4756397301328654,16.35070924950592,0.1379120377126114,f15a5cb452a44e508d37e64811c0b3df,experiment_linear_il_10
2777.010732246096,0.006725489425582616,il_10,URINE,0.8,MLP Regressor,BayesSearchCV,0.7483257471136908,0.4756397301328654,16.35070924950592,0.1379120377126114,f15a5cb452a44e508d37e64811c0b3df,experiment_linear_il_10
1506.142626308473,0.006674935944958754,il_10,URINE,0.8,MLP Regressor,BayesSearchCV,0.7483257471136908,0.4756397301328654,16.35070924950592,0.1379120377126114,f15a5cb452a44e508d37e64811c0b3df,experiment_linear_il_10
2802.080968023317,0.0066295455053874495,il_10,URINE,0.8,MLP Regressor,BayesSearchCV,0.7483257471136908,0.4756397301328654,16.35070924950592,0.1379120377126114,f15a5cb452a44e508d37e64811c0b3df,experiment_linear_il_10
1145.516927051515,0.005958912824102508,il_10,URINE,0.8,MLP Regressor,BayesSearchCV,0.7483257471136908,0.4756397301328654,16.35070924950592,0.1379120377126114,f15a5cb452a44e508d37e64811c0b3df,experiment_linear_il_10
1031.736626216432,0.005954774310314441,il_10,URINE,0.8,MLP Regressor,BayesSearchCV,0.7483257471136908,0.4756397301328654,16.35070924950592,0.1379120377126114,f15a5cb452a44e508d37e64811c0b3df,experiment_linear_il_10
1195.657398605958,0.005866977145779251,il_10,URINE,0.8,MLP Regressor,BayesSearchCV,0.7483257471136908,0.4756397301328654,16.35070924950592,0.1379120377126114,f15a5cb452a44e508d37e64811c0b3df,experiment_linear_il_10
1589.067252340822,0.005639885429002207,il_10,URINE,0.8,MLP Regressor,BayesSearchCV,0.7483257471136908,0.4756397301328654,16.35070924950592,0.1379120377126114,f15a5cb452a44e508d37e64811c0b3df,experiment_linear_il_10
1211.085236007325,0.005590854266247215,il_10,URINE,0.8,MLP Regressor,BayesSearchCV,0.7483257471136908,0.4756397301328654,16.35070924950592,0.1379120377126114,f15a5cb452a44e508d37e64811c0b3df,experiment_linear_il_10
1147.445406726686,0.00549980310076683,il_10,URINE,0.8,MLP Regressor,BayesSearchCV,0.7483257471136908,0.4756397301328654,16.35070924950592,0.1379120377126114,f15a5cb452a44e508d37e64811c0b3df,experiment_linear_il_10
1022.094227840577,0.005481683095765121,il_10,URINE,0.8,MLP Regressor,BayesSearchCV,0.7483257471136908,0.4756397301328654,16.35070924950592,0.1379120377126114,f15a5cb452a44e508d37e64811c0b3df,experiment_linear_il_10
956.5259188847667,0.005460279104936023,il_10,URINE,0.8,MLP Regressor,BayesSearchCV,0.7483257471136908,0.4756397301328654,16.35070924950592,0.1379120377126114,f15a5cb452a44e508d37e64811c0b3df,experiment_linear_il_10
2638.160195633791,0.005331582489962005,il_10,URINE,0.8,MLP Regressor,BayesSearchCV,0.7483257471136908,0.4756397301328654,16.35070924950592,0.1379120377126114,f15a5cb452a44e508d37e64811c0b3df,experiment_linear_il_10
1174.444122179078,0.005326912924047571,il_10,URINE,0.8,MLP Regressor,BayesSearchCV,0.7483257471136908,0.4756397301328654,16.35070924950592,0.1379120377126114,f15a5cb452a44e508d37e64811c0b3df,experiment_linear_il_10
1585.21029299048,0.005429540636972583,il_10,URINE,0.8,MLP Regressor,BayesSearchCV,0.7892023795151205,0.47765933131906135,15.417552590670436,0.04115815910854037,f15a5cb452a44e508d37e64811c0b3df,experiment_linear_il_10
1587.138772665651,0.005368593218280273,il_10,URINE,0.8,MLP Regressor,BayesSearchCV,0.7892023795151205,0.47765933131906135,15.417552590670436,0.04115815910854037,f15a5cb452a44e508d37e64811c0b3df,experiment_linear_il_10
1583.281813315309,0.005356632897648469,il_10,URINE,0.8,MLP Regressor,BayesSearchCV,0.7892023795151205,0.47765933131906135,15.417552590670436,0.04115815910854037,f15a5cb452a44e508d37e64811c0b3df,experiment_linear_il_10
1581.353333640138,0.005217499189220469,il_10,URINE,0.8,MLP Regressor,BayesSearchCV,0.7892023795151205,0.47765933131906135,15.417552590670436,0.04115815910854037,f15a5cb452a44e508d37e64811c0b3df,experiment_linear_il_10
1589.067252340822,0.0051732280685597145,il_10,URINE,0.8,MLP Regressor,BayesSearchCV,0.7892023795151205,0.47765933131906135,15.417552590670436,0.04115815910854037,f15a5cb452a44e508d37e64811c0b3df,experiment_linear_il_10
1579.424853964967,0.004993213233482685,il_10,URINE,0.8,MLP Regressor,BayesSearchCV,0.7892023795151205,0.47765933131906135,15.417552590670436,0.04115815910854037,f15a5cb452a44e508d37e64811c0b3df,experiment_linear_il_10
1590.995732015992,0.004907354014459484,il_10,URINE,0.8,MLP Regressor,BayesSearchCV,0.7892023795151205,0.47765933131906135,15.417552590670436,0.04115815910854037,f15a5cb452a44e508d37e64811c0b3df,experiment_linear_il_10
1533.141341760865,0.0048163868101321426,il_10,URINE,0.8,MLP Regressor,BayesSearchCV,0.7892023795151205,0.47765933131906135,15.417552590670436,0.04115815910854037,f15a5cb452a44e508d37e64811c0b3df,experiment_linear_il_10
1535.069821436036,0.004807177789303939,il_10,URINE,0.8,MLP Regressor,BayesSearchCV,0.7892023795151205,0.47765933131906135,15.417552590670436,0.04115815910854037,f15a5cb452a44e508d37e64811c0b3df,experiment_linear_il_10
1531.212862085695,0.00476089974335018,il_10,URINE,0.8,MLP Regressor,BayesSearchCV,0.7892023795151205,0.47765933131906135,15.417552590670436,0.04115815910854037,f15a5cb452a44e508d37e64811c0b3df,experiment_linear_il_10
1536.998301111207,0.004753789156159154,il_10,URINE,0.8,MLP Regressor,BayesSearchCV,0.7892023795151205,0.47765933131906135,15.417552590670436,0.04115815910854037,f15a5cb452a44e508d37e64811c0b3df,experiment_linear_il_10
1577.496374289796,0.004750874371615617,il_10,URINE,0.8,MLP Regressor,BayesSearchCV,0.7892023795151205,0.47765933131906135,15.417552590670436,0.04115815910854037,f15a5cb452a44e508d37e64811c0b3df,experiment_linear_il_10
1529.284382410524,0.004695238522325752,il_10,URINE,0.8,MLP Regressor,BayesSearchCV,0.7892023795151205,0.47765933131906135,15.417552590670436,0.04115815910854037,f15a5cb452a44e508d37e64811c0b3df,experiment_linear_il_10
1538.926780786378,0.0046774805724302555,il_10,URINE,0.8,MLP Regressor,BayesSearchCV,0.7892023795151205,0.47765933131906135,15.417552590670436,0.04115815910854037,f15a5cb452a44e508d37e64811c0b3df,experiment_linear_il_10
1575.567894614625,0.004611855234686136,il_10,URINE,0.8,MLP Regressor,BayesSearchCV,0.7892023795151205,0.47765933131906135,15.417552590670436,0.04115815910854037,f15a5cb452a44e508d37e64811c0b3df,experiment_linear_il_10
1527.355902735353,0.004601510107383407,il_10,URINE,0.8,MLP Regressor,BayesSearchCV,0.7892023795151205,0.47765933131906135,15.417552590670436,0.04115815910854037,f15a5cb452a44e508d37e64811c0b3df,experiment_linear_il_10
1540.855260461549,0.00457594526149775,il_10,URINE,0.8,MLP Regressor,BayesSearchCV,0.7892023795151205,0.47765933131906135,15.417552590670436,0.04115815910854037,f15a5cb452a44e508d37e64811c0b3df,experiment_linear_il_10
1592.924211691163,0.004556265720113585,il_10,URINE,0.8,MLP Regressor,BayesSearchCV,0.7892023795151205,0.47765933131906135,15.417552590670436,0.04115815910854037,f15a5cb452a44e508d37e64811c0b3df,experiment_linear_il_10
1573.639414939454,0.00451120706769788,il_10,URINE,0.8,MLP Regressor,BayesSearchCV,0.7892023795151205,0.47765933131906135,15.417552590670436,0.04115815910854037,f15a5cb452a44e508d37e64811c0b3df,experiment_linear_il_10
1542.78374013672,0.00447341704556786,il_10,URINE,0.8,MLP Regressor,BayesSearchCV,0.7892023795151205,0.47765933131906135,15.417552590670436,0.04115815910854037,f15a5cb452a44e508d37e64811c0b3df,experiment_linear_il_10
1076.091658745362,0.026761095219378472,il_10,URINE,0.8,MLP Regressor,BayesSearchCV,0.8099646841431284,0.5320811857182868,18.43203912381095,-0.009955809310954633,f15a5cb452a44e508d37e64811c0b3df,experiment_linear_il_10
1089.591016471559,0.016121400730469727,il_10,URINE,0.8,MLP Regressor,BayesSearchCV,0.8099646841431284,0.5320811857182868,18.43203912381095,-0.009955809310954633,f15a5cb452a44e508d37e64811c0b3df,experiment_linear_il_10
1174.444122179078,0.01223930647501851,il_10,URINE,0.8,MLP Regressor,BayesSearchCV,0.8099646841431284,0.5320811857182868,18.43203912381095,-0.009955809310954633,f15a5cb452a44e508d37e64811c0b3df,experiment_linear_il_10
1147.445406726686,0.011932962004512288,il_10,URINE,0.8,MLP Regressor,BayesSearchCV,0.8099646841431284,0.5320811857182868,18.43203912381095,-0.009955809310954633,f15a5cb452a44e508d37e64811c0b3df,experiment_linear_il_10
1145.516927051515,0.011518248919684478,il_10,URINE,0.8,MLP Regressor,BayesSearchCV,0.8099646841431284,0.5320811857182868,18.43203912381095,-0.009955809310954633,f15a5cb452a44e508d37e64811c0b3df,experiment_linear_il_10
1018.237268490235,0.011342979431202941,il_10,URINE,0.8,MLP Regressor,BayesSearchCV,0.8099646841431284,0.5320811857182868,18.43203912381095,-0.009955809310954633,f15a5cb452a44e508d37e64811c0b3df,experiment_linear_il_10
1008.594870114381,0.011114918292596499,il_10,URINE,0.8,MLP Regressor,BayesSearchCV,0.8099646841431284,0.5320811857182868,18.43203912381095,-0.009955809310954633,f15a5cb452a44e508d37e64811c0b3df,experiment_linear_il_10
1081.877097770875,0.011100224946096757,il_10,URINE,0.8,MLP Regressor,BayesSearchCV,0.8099646841431284,0.5320811857182868,18.43203912381095,-0.009955809310954633,f15a5cb452a44e508d37e64811c0b3df,experiment_linear_il_10
1079.948618095704,0.011026082596132691,il_10,URINE,0.8,MLP Regressor,BayesSearchCV,0.8099646841431284,0.5320811857182868,18.43203912381095,-0.009955809310954633,f15a5cb452a44e508d37e64811c0b3df,experiment_linear_il_10
1166.730203478395,0.010027662926139921,il_10,URINE,0.8,MLP Regressor,BayesSearchCV,0.8099646841431284,0.5320811857182868,18.43203912381095,-0.009955809310954633,f15a5cb452a44e508d37e64811c0b3df,experiment_linear_il_10
1078.020138420533,0.009821556533610328,il_10,URINE,0.8,MLP Regressor,BayesSearchCV,0.8099646841431284,0.5320811857182868,18.43203912381095,-0.009955809310954633,f15a5cb452a44e508d37e64811c0b3df,experiment_linear_il_10
962.3113579102792,0.009450037904354317,il_10,URINE,0.8,MLP Regressor,BayesSearchCV,0.8099646841431284,0.5320811857182868,18.43203912381095,-0.009955809310954633,f15a5cb452a44e508d37e64811c0b3df,experiment_linear_il_10
1091.51949614673,0.009415731467189168,il_10,URINE,0.8,MLP Regressor,BayesSearchCV,0.8099646841431284,0.5320811857182868,18.43203912381095,-0.009955809310954633,f15a5cb452a44e508d37e64811c0b3df,experiment_linear_il_10
1498.428707607789,0.00876412061663155,il_10,URINE,0.8,MLP Regressor,BayesSearchCV,0.8099646841431284,0.5320811857182868,18.43203912381095,-0.009955809310954633,f15a5cb452a44e508d37e64811c0b3df,experiment_linear_il_10
1143.588447376344,0.007746690742971544,il_10,URINE,0.8,MLP Regressor,BayesSearchCV,0.8099646841431284,0.5320811857182868,18.43203912381095,-0.009955809310954633,f15a5cb452a44e508d37e64811c0b3df,experiment_linear_il_10
1160.944764452882,0.00763111212293475,il_10,URINE,0.8,MLP Regressor,BayesSearchCV,0.8099646841431284,0.5320811857182868,18.43203912381095,-0.009955809310954633,f15a5cb452a44e508d37e64811c0b3df,experiment_linear_il_10
1101.161894522584,0.00737651387496326,il_10,URINE,0.8,MLP Regressor,BayesSearchCV,0.8099646841431284,0.5320811857182868,18.43203912381095,-0.009955809310954633,f15a5cb452a44e508d37e64811c0b3df,experiment_linear_il_10
1072.23469939502,0.0072859010367609025,il_10,URINE,0.8,MLP Regressor,BayesSearchCV,0.8099646841431284,0.5320811857182868,18.43203912381095,-0.009955809310954633,f15a5cb452a44e508d37e64811c0b3df,experiment_linear_il_10
1139.731488026002,0.00694053166154797,il_10,URINE,0.8,MLP Regressor,BayesSearchCV,0.8099646841431284,0.5320811857182868,18.43203912381095,-0.009955809310954633,f15a5cb452a44e508d37e64811c0b3df,experiment_linear_il_10
1157.08780510254,0.00691938790767992,il_10,URINE,0.8,MLP Regressor,BayesSearchCV,0.8099646841431284,0.5320811857182868,18.43203912381095,-0.009955809310954633,f15a5cb452a44e508d37e64811c0b3df,experiment_linear_il_10
1602.566610067018,0.01984960605078473,il_10,CAPILAR,0.8,Random Forest Regressor,BayesSearchCV,0.6651217813301261,0.5343903923675215,20.73866424023798,-0.4244183473161771,f15a5cb452a44e508d37e64811c0b3df,experiment_linear_il_10
1600.638130391847,0.012721706316654422,il_10,CAPILAR,0.8,Random Forest Regressor,BayesSearchCV,0.6651217813301261,0.5343903923675215,20.73866424023798,-0.4244183473161771,f15a5cb452a44e508d37e64811c0b3df,experiment_linear_il_10
1604.495089742189,0.010713841168285053,il_10,CAPILAR,0.8,Random Forest Regressor,BayesSearchCV,0.6651217813301261,0.5343903923675215,20.73866424023798,-0.4244183473161771,f15a5cb452a44e508d37e64811c0b3df,experiment_linear_il_10
1598.709650716676,0.007096410092538415,il_10,CAPILAR,0.8,Random Forest Regressor,BayesSearchCV,0.6651217813301261,0.5343903923675215,20.73866424023798,-0.4244183473161771,f15a5cb452a44e508d37e64811c0b3df,experiment_linear_il_10
1706.704512526246,0.006936901943499349,il_10,CAPILAR,0.8,Random Forest Regressor,BayesSearchCV,0.6651217813301261,0.5343903923675215,20.73866424023798,-0.4244183473161771,f15a5cb452a44e508d37e64811c0b3df,experiment_linear_il_10
1076.091658745362,0.006685117621058409,il_10,CAPILAR,0.8,Random Forest Regressor,BayesSearchCV,0.6651217813301261,0.5343903923675215,20.73866424023798,-0.4244183473161771,f15a5cb452a44e508d37e64811c0b3df,experiment_linear_il_10
1074.163179070191,0.006659166619735632,il_10,CAPILAR,0.8,Random Forest Regressor,BayesSearchCV,0.6651217813301261,0.5343903923675215,20.73866424023798,-0.4244183473161771,f15a5cb452a44e508d37e64811c0b3df,experiment_linear_il_10
1078.020138420533,0.006540063295074476,il_10,CAPILAR,0.8,Random Forest Regressor,BayesSearchCV,0.6651217813301261,0.5343903923675215,20.73866424023798,-0.4244183473161771,f15a5cb452a44e508d37e64811c0b3df,experiment_linear_il_10
1735.63170765381,0.006537468473186964,il_10,CAPILAR,0.8,Random Forest Regressor,BayesSearchCV,0.6651217813301261,0.5343903923675215,20.73866424023798,-0.4244183473161771,f15a5cb452a44e508d37e64811c0b3df,experiment_linear_il_10
1606.42356941736,0.0065224988492031555,il_10,CAPILAR,0.8,Random Forest Regressor,BayesSearchCV,0.6651217813301261,0.5343903923675215,20.73866424023798,-0.4244183473161771,f15a5cb452a44e508d37e64811c0b3df,experiment_linear_il_10
1733.703227978639,0.006500103645763984,il_10,CAPILAR,0.8,Random Forest Regressor,BayesSearchCV,0.6651217813301261,0.5343903923675215,20.73866424023798,-0.4244183473161771,f15a5cb452a44e508d37e64811c0b3df,experiment_linear_il_10
1072.23469939502,0.006338041127185432,il_10,CAPILAR,0.8,Random Forest Regressor,BayesSearchCV,0.6651217813301261,0.5343903923675215,20.73866424023798,-0.4244183473161771,f15a5cb452a44e508d37e64811c0b3df,experiment_linear_il_10
1737.560187328981,0.006320173365705648,il_10,CAPILAR,0.8,Random Forest Regressor,BayesSearchCV,0.6651217813301261,0.5343903923675215,20.73866424023798,-0.4244183473161771,f15a5cb452a44e508d37e64811c0b3df,experiment_linear_il_10
1079.948618095704,0.006292956187681322,il_10,CAPILAR,0.8,Random Forest Regressor,BayesSearchCV,0.6651217813301261,0.5343903923675215,20.73866424023798,-0.4244183473161771,f15a5cb452a44e508d37e64811c0b3df,experiment_linear_il_10
1731.774748303468,0.006230664996667161,il_10,CAPILAR,0.8,Random Forest Regressor,BayesSearchCV,0.6651217813301261,0.5343903923675215,20.73866424023798,-0.4244183473161771,f15a5cb452a44e508d37e64811c0b3df,experiment_linear_il_10
1070.306219719849,0.006091295199205166,il_10,CAPILAR,0.8,Random Forest Regressor,BayesSearchCV,0.6651217813301261,0.5343903923675215,20.73866424023798,-0.4244183473161771,f15a5cb452a44e508d37e64811c0b3df,experiment_linear_il_10
1704.776032851076,0.006036558726959633,il_10,CAPILAR,0.8,Random Forest Regressor,BayesSearchCV,0.6651217813301261,0.5343903923675215,20.73866424023798,-0.4244183473161771,f15a5cb452a44e508d37e64811c0b3df,experiment_linear_il_10
1641.136203570436,0.005921936343413989,il_10,CAPILAR,0.8,Random Forest Regressor,BayesSearchCV,0.6651217813301261,0.5343903923675215,20.73866424023798,-0.4244183473161771,f15a5cb452a44e508d37e64811c0b3df,experiment_linear_il_10
1739.488667004152,0.005911361610941504,il_10,CAPILAR,0.8,Random Forest Regressor,BayesSearchCV,0.6651217813301261,0.5343903923675215,20.73866424023798,-0.4244183473161771,f15a5cb452a44e508d37e64811c0b3df,experiment_linear_il_10
1729.846268628297,0.005887040165200999,il_10,CAPILAR,0.8,Random Forest Regressor,BayesSearchCV,0.6651217813301261,0.5343903923675215,20.73866424023798,-0.4244183473161771,f15a5cb452a44e508d37e64811c0b3df,experiment_linear_il_10
3046.997886770022,0.05913937260623776,il_10,CAPILAR,0.8,Random Forest Regressor,BayesSearchCV,0.619774604018422,0.4903247186895726,19.35564401562818,-0.2368093834811127,f15a5cb452a44e508d37e64811c0b3df,experiment_linear_il_10
1702.847553175905,0.05850673281895646,il_10,CAPILAR,0.8,Random Forest Regressor,BayesSearchCV,0.619774604018422,0.4903247186895726,19.35564401562818,-0.2368093834811127,f15a5cb452a44e508d37e64811c0b3df,experiment_linear_il_10
944.9550408337414,0.05181920204146958,il_10,CAPILAR,0.8,Random Forest Regressor,BayesSearchCV,0.619774604018422,0.4903247186895726,19.35564401562818,-0.2368093834811127,f15a5cb452a44e508d37e64811c0b3df,experiment_linear_il_10
3045.069407094851,0.05017278652104433,il_10,CAPILAR,0.8,Random Forest Regressor,BayesSearchCV,0.619774604018422,0.4903247186895726,19.35564401562818,-0.2368093834811127,f15a5cb452a44e508d37e64811c0b3df,experiment_linear_il_10
1346.078813269288,0.023690320972956667,il_10,CAPILAR,0.8,Random Forest Regressor,BayesSearchCV,0.619774604018422,0.4903247186895726,19.35564401562818,-0.2368093834811127,f15a5cb452a44e508d37e64811c0b3df,experiment_linear_il_10
1265.08266691211,0.02091915566896405,il_10,CAPILAR,0.8,Random Forest Regressor,BayesSearchCV,0.619774604018422,0.4903247186895726,19.35564401562818,-0.2368093834811127,f15a5cb452a44e508d37e64811c0b3df,experiment_linear_il_10
1704.776032851076,0.020917350469197564,il_10,CAPILAR,0.8,Random Forest Regressor,BayesSearchCV,0.619774604018422,0.4903247186895726,19.35564401562818,-0.2368093834811127,f15a5cb452a44e508d37e64811c0b3df,experiment_linear_il_10
1670.063398697999,0.02029192606392687,il_10,CAPILAR,0.8,Random Forest Regressor,BayesSearchCV,0.619774604018422,0.4903247186895726,19.35564401562818,-0.2368093834811127,f15a5cb452a44e508d37e64811c0b3df,experiment_linear_il_10
1348.007292944459,0.019262881775172012,il_10,CAPILAR,0.8,Random Forest Regressor,BayesSearchCV,0.619774604018422,0.4903247186895726,19.35564401562818,-0.2368093834811127,f15a5cb452a44e508d37e64811c0b3df,experiment_linear_il_10
1700.919073500734,0.018685517381619436,il_10,CAPILAR,0.8,Random Forest Regressor,BayesSearchCV,0.619774604018422,0.4903247186895726,19.35564401562818,-0.2368093834811127,f15a5cb452a44e508d37e64811c0b3df,experiment_linear_il_10
946.8835205089117,0.017457575561946857,il_10,CAPILAR,0.8,Random Forest Regressor,BayesSearchCV,0.619774604018422,0.4903247186895726,19.35564401562818,-0.2368093834811127,f15a5cb452a44e508d37e64811c0b3df,experiment_linear_il_10
1698.990593825563,0.015012761662210168,il_10,CAPILAR,0.8,Random Forest Regressor,BayesSearchCV,0.619774604018422,0.4903247186895726,19.35564401562818,-0.2368093834811127,f15a5cb452a44e508d37e64811c0b3df,experiment_linear_il_10
1351.864252294801,0.014493980311276926,il_10,CAPILAR,0.8,Random Forest Regressor,BayesSearchCV,0.619774604018422,0.4903247186895726,19.35564401562818,-0.2368093834811127,f15a5cb452a44e508d37e64811c0b3df,experiment_linear_il_10
1349.93577261963,0.013854428192507606,il_10,CAPILAR,0.8,Random Forest Regressor,BayesSearchCV,0.619774604018422,0.4903247186895726,19.35564401562818,-0.2368093834811127,f15a5cb452a44e508d37e64811c0b3df,experiment_linear_il_10
1145.516927051515,0.01333694286109148,il_10,CAPILAR,0.8,Random Forest Regressor,BayesSearchCV,0.619774604018422,0.4903247186895726,19.35564401562818,-0.2368093834811127,f15a5cb452a44e508d37e64811c0b3df,experiment_linear_il_10
1355.721211645143,0.01296255926378484,il_10,CAPILAR,0.8,Random Forest Regressor,BayesSearchCV,0.619774604018422,0.4903247186895726,19.35564401562818,-0.2368093834811127,f15a5cb452a44e508d37e64811c0b3df,experiment_linear_il_10
1232.298512434205,0.01239470230546217,il_10,CAPILAR,0.8,Random Forest Regressor,BayesSearchCV,0.619774604018422,0.4903247186895726,19.35564401562818,-0.2368093834811127,f15a5cb452a44e508d37e64811c0b3df,experiment_linear_il_10
1149.373886401856,0.012279757244734879,il_10,CAPILAR,0.8,Random Forest Regressor,BayesSearchCV,0.619774604018422,0.4903247186895726,19.35564401562818,-0.2368093834811127,f15a5cb452a44e508d37e64811c0b3df,experiment_linear_il_10
1353.792731969972,0.01186976684082739,il_10,CAPILAR,0.8,Random Forest Regressor,BayesSearchCV,0.619774604018422,0.4903247186895726,19.35564401562818,-0.2368093834811127,f15a5cb452a44e508d37e64811c0b3df,experiment_linear_il_10
1274.725065287965,0.011043784132006343,il_10,CAPILAR,0.8,Random Forest Regressor,BayesSearchCV,0.619774604018422,0.4903247186895726,19.35564401562818,-0.2368093834811127,f15a5cb452a44e508d37e64811c0b3df,experiment_linear_il_10
1602.566610067018,0.019886419842158814,il_10,CAPILAR,0.8,Random Forest Regressor,BayesSearchCV,0.6661463589493987,0.5341210250170467,20.73180200021553,-0.42881017833809665,f15a5cb452a44e508d37e64811c0b3df,experiment_linear_il_10
1600.638130391847,0.012750554904229952,il_10,CAPILAR,0.8,Random Forest Regressor,BayesSearchCV,0.6661463589493987,0.5341210250170467,20.73180200021553,-0.42881017833809665,f15a5cb452a44e508d37e64811c0b3df,experiment_linear_il_10
1604.495089742189,0.01072443005163881,il_10,CAPILAR,0.8,Random Forest Regressor,BayesSearchCV,0.6661463589493987,0.5341210250170467,20.73180200021553,-0.42881017833809665,f15a5cb452a44e508d37e64811c0b3df,experiment_linear_il_10
1598.709650716676,0.007110809863621005,il_10,CAPILAR,0.8,Random Forest Regressor,BayesSearchCV,0.6661463589493987,0.5341210250170467,20.73180200021553,-0.42881017833809665,f15a5cb452a44e508d37e64811c0b3df,experiment_linear_il_10
1706.704512526246,0.006912989822784215,il_10,CAPILAR,0.8,Random Forest Regressor,BayesSearchCV,0.6661463589493987,0.5341210250170467,20.73180200021553,-0.42881017833809665,f15a5cb452a44e508d37e64811c0b3df,experiment_linear_il_10
1076.091658745362,0.006780147655108193,il_10,CAPILAR,0.8,Random Forest Regressor,BayesSearchCV,0.6661463589493987,0.5341210250170467,20.73180200021553,-0.42881017833809665,f15a5cb452a44e508d37e64811c0b3df,experiment_linear_il_10
1074.163179070191,0.006765253716964626,il_10,CAPILAR,0.8,Random Forest Regressor,BayesSearchCV,0.6661463589493987,0.5341210250170467,20.73180200021553,-0.42881017833809665,f15a5cb452a44e508d37e64811c0b3df,experiment_linear_il_10
1078.020138420533,0.0066316113598744765,il_10,CAPILAR,0.8,Random Forest Regressor,BayesSearchCV,0.6661463589493987,0.5341210250170467,20.73180200021553,-0.42881017833809665,f15a5cb452a44e508d37e64811c0b3df,experiment_linear_il_10
1606.42356941736,0.006525797554762447,il_10,CAPILAR,0.8,Random Forest Regressor,BayesSearchCV,0.6661463589493987,0.5341210250170467,20.73180200021553,-0.42881017833809665,f15a5cb452a44e508d37e64811c0b3df,experiment_linear_il_10
1735.63170765381,0.0064531998340660295,il_10,CAPILAR,0.8,Random Forest Regressor,BayesSearchCV,0.6661463589493987,0.5341210250170467,20.73180200021553,-0.42881017833809665,f15a5cb452a44e508d37e64811c0b3df,experiment_linear_il_10
1072.23469939502,0.00643213687885016,il_10,CAPILAR,0.8,Random Forest Regressor,BayesSearchCV,0.6661463589493987,0.5341210250170467,20.73180200021553,-0.42881017833809665,f15a5cb452a44e508d37e64811c0b3df,experiment_linear_il_10
1733.703227978639,0.006429382364081677,il_10,CAPILAR,0.8,Random Forest Regressor,BayesSearchCV,0.6661463589493987,0.5341210250170467,20.73180200021553,-0.42881017833809665,f15a5cb452a44e508d37e64811c0b3df,experiment_linear_il_10
1079.948618095704,0.0063839794321768105,il_10,CAPILAR,0.8,Random Forest Regressor,BayesSearchCV,0.6661463589493987,0.5341210250170467,20.73180200021553,-0.42881017833809665,f15a5cb452a44e508d37e64811c0b3df,experiment_linear_il_10
1737.560187328981,0.006222704682122311,il_10,CAPILAR,0.8,Random Forest Regressor,BayesSearchCV,0.6661463589493987,0.5341210250170467,20.73180200021553,-0.42881017833809665,f15a5cb452a44e508d37e64811c0b3df,experiment_linear_il_10
1070.306219719849,0.006182868904824851,il_10,CAPILAR,0.8,Random Forest Regressor,BayesSearchCV,0.6661463589493987,0.5341210250170467,20.73180200021553,-0.42881017833809665,f15a5cb452a44e508d37e64811c0b3df,experiment_linear_il_10
1731.774748303468,0.006166798027148763,il_10,CAPILAR,0.8,Random Forest Regressor,BayesSearchCV,0.6661463589493987,0.5341210250170467,20.73180200021553,-0.42881017833809665,f15a5cb452a44e508d37e64811c0b3df,experiment_linear_il_10
1704.776032851076,0.006050755866725264,il_10,CAPILAR,0.8,Random Forest Regressor,BayesSearchCV,0.6661463589493987,0.5341210250170467,20.73180200021553,-0.42881017833809665,f15a5cb452a44e508d37e64811c0b3df,experiment_linear_il_10
1641.136203570436,0.006041978181628753,il_10,CAPILAR,0.8,Random Forest Regressor,BayesSearchCV,0.6661463589493987,0.5341210250170467,20.73180200021553,-0.42881017833809665,f15a5cb452a44e508d37e64811c0b3df,experiment_linear_il_10
1639.207723895265,0.005945400135914706,il_10,CAPILAR,0.8,Random Forest Regressor,BayesSearchCV,0.6661463589493987,0.5341210250170467,20.73180200021553,-0.42881017833809665,f15a5cb452a44e508d37e64811c0b3df,experiment_linear_il_10
1068.377740044679,0.005832866992871995,il_10,CAPILAR,0.8,Random Forest Regressor,BayesSearchCV,0.6661463589493987,0.5341210250170467,20.73180200021553,-0.42881017833809665,f15a5cb452a44e508d37e64811c0b3df,experiment_linear_il_10
1702.847553175905,0.061401937657876965,il_10,CAPILAR,0.8,Random Forest Regressor,BayesSearchCV,0.6209909118089826,0.4907026709316652,19.373269381904574,-0.24166862428723213,f15a5cb452a44e508d37e64811c0b3df,experiment_linear_il_10
3046.997886770022,0.05993658557231312,il_10,CAPILAR,0.8,Random Forest Regressor,BayesSearchCV,0.6209909118089826,0.4907026709316652,19.373269381904574,-0.24166862428723213,f15a5cb452a44e508d37e64811c0b3df,experiment_linear_il_10
944.9550408337414,0.04815235884299119,il_10,CAPILAR,0.8,Random Forest Regressor,BayesSearchCV,0.6209909118089826,0.4907026709316652,19.373269381904574,-0.24166862428723213,f15a5cb452a44e508d37e64811c0b3df,experiment_linear_il_10
3045.069407094851,0.04768354110179029,il_10,CAPILAR,0.8,Random Forest Regressor,BayesSearchCV,0.6209909118089826,0.4907026709316652,19.373269381904574,-0.24166862428723213,f15a5cb452a44e508d37e64811c0b3df,experiment_linear_il_10
1700.919073500734,0.02202656051113033,il_10,CAPILAR,0.8,Random Forest Regressor,BayesSearchCV,0.6209909118089826,0.4907026709316652,19.373269381904574,-0.24166862428723213,f15a5cb452a44e508d37e64811c0b3df,experiment_linear_il_10
1346.078813269288,0.02029464134490001,il_10,CAPILAR,0.8,Random Forest Regressor,BayesSearchCV,0.6209909118089826,0.4907026709316652,19.373269381904574,-0.24166862428723213,f15a5cb452a44e508d37e64811c0b3df,experiment_linear_il_10
1704.776032851076,0.020002310937290376,il_10,CAPILAR,0.8,Random Forest Regressor,BayesSearchCV,0.6209909118089826,0.4907026709316652,19.373269381904574,-0.24166862428723213,f15a5cb452a44e508d37e64811c0b3df,experiment_linear_il_10
1351.864252294801,0.019972354033263164,il_10,CAPILAR,0.8,Random Forest Regressor,BayesSearchCV,0.6209909118089826,0.4907026709316652,19.373269381904574,-0.24166862428723213,f15a5cb452a44e508d37e64811c0b3df,experiment_linear_il_10
1348.007292944459,0.01771931331429166,il_10,CAPILAR,0.8,Random Forest Regressor,BayesSearchCV,0.6209909118089826,0.4907026709316652,19.373269381904574,-0.24166862428723213,f15a5cb452a44e508d37e64811c0b3df,experiment_linear_il_10
1265.08266691211,0.017412340183828125,il_10,CAPILAR,0.8,Random Forest Regressor,BayesSearchCV,0.6209909118089826,0.4907026709316652,19.373269381904574,-0.24166862428723213,f15a5cb452a44e508d37e64811c0b3df,experiment_linear_il_10
1670.063398697999,0.017142122029974543,il_10,CAPILAR,0.8,Random Forest Regressor,BayesSearchCV,0.6209909118089826,0.4907026709316652,19.373269381904574,-0.24166862428723213,f15a5cb452a44e508d37e64811c0b3df,experiment_linear_il_10
1349.93577261963,0.014984960341102081,il_10,CAPILAR,0.8,Random Forest Regressor,BayesSearchCV,0.6209909118089826,0.4907026709316652,19.373269381904574,-0.24166862428723213,f15a5cb452a44e508d37e64811c0b3df,experiment_linear_il_10
946.8835205089117,0.014060985541186125,il_10,CAPILAR,0.8,Random Forest Regressor,BayesSearchCV,0.6209909118089826,0.4907026709316652,19.373269381904574,-0.24166862428723213,f15a5cb452a44e508d37e64811c0b3df,experiment_linear_il_10
1698.990593825563,0.013673705424100631,il_10,CAPILAR,0.8,Random Forest Regressor,BayesSearchCV,0.6209909118089826,0.4907026709316652,19.373269381904574,-0.24166862428723213,f15a5cb452a44e508d37e64811c0b3df,experiment_linear_il_10
1145.516927051515,0.013378634605075204,il_10,CAPILAR,0.8,Random Forest Regressor,BayesSearchCV,0.6209909118089826,0.4907026709316652,19.373269381904574,-0.24166862428723213,f15a5cb452a44e508d37e64811c0b3df,experiment_linear_il_10
1232.298512434205,0.012410363324219112,il_10,CAPILAR,0.8,Random Forest Regressor,BayesSearchCV,0.6209909118089826,0.4907026709316652,19.373269381904574,-0.24166862428723213,f15a5cb452a44e508d37e64811c0b3df,experiment_linear_il_10
2501.238138696657,0.011258937352484932,il_10,CAPILAR,0.8,Random Forest Regressor,BayesSearchCV,0.6209909118089826,0.4907026709316652,19.373269381904574,-0.24166862428723213,f15a5cb452a44e508d37e64811c0b3df,experiment_linear_il_10
948.812000184083,0.010637362918913715,il_10,CAPILAR,0.8,Random Forest Regressor,BayesSearchCV,0.6209909118089826,0.4907026709316652,19.373269381904574,-0.24166862428723213,f15a5cb452a44e508d37e64811c0b3df,experiment_linear_il_10
1353.792731969972,0.010440350981486974,il_10,CAPILAR,0.8,Random Forest Regressor,BayesSearchCV,0.6209909118089826,0.4907026709316652,19.373269381904574,-0.24166862428723213,f15a5cb452a44e508d37e64811c0b3df,experiment_linear_il_10
1355.721211645143,0.010359441543715901,il_10,CAPILAR,0.8,Random Forest Regressor,BayesSearchCV,0.6209909118089826,0.4907026709316652,19.373269381904574,-0.24166862428723213,f15a5cb452a44e508d37e64811c0b3df,experiment_linear_il_10
1103.090374197755,0.00553875700493361,il_10,PLASMA,0.8,Random Forest Regressor,BayesSearchCV,0.5692027545600998,0.4799008556936189,18.337392806379864,-0.35844914037314957,f15a5cb452a44e508d37e64811c0b3df,experiment_linear_il_10
1105.018853872926,0.0054957177267927855,il_10,PLASMA,0.8,Random Forest Regressor,BayesSearchCV,0.5692027545600998,0.4799008556936189,18.337392806379864,-0.35844914037314957,f15a5cb452a44e508d37e64811c0b3df,experiment_linear_il_10
1101.161894522584,0.005361832491301262,il_10,PLASMA,0.8,Random Forest Regressor,BayesSearchCV,0.5692027545600998,0.4799008556936189,18.337392806379864,-0.35844914037314957,f15a5cb452a44e508d37e64811c0b3df,experiment_linear_il_10
1106.947333548097,0.00521551621816479,il_10,PLASMA,0.8,Random Forest Regressor,BayesSearchCV,0.5692027545600998,0.4799008556936189,18.337392806379864,-0.35844914037314957,f15a5cb452a44e508d37e64811c0b3df,experiment_linear_il_10
1099.233414847413,0.005120096508794804,il_10,PLASMA,0.8,Random Forest Regressor,BayesSearchCV,0.5692027545600998,0.4799008556936189,18.337392806379864,-0.35844914037314957,f15a5cb452a44e508d37e64811c0b3df,experiment_linear_il_10
1097.304935172242,0.004863678035965254,il_10,PLASMA,0.8,Random Forest Regressor,BayesSearchCV,0.5692027545600998,0.4799008556936189,18.337392806379864,-0.35844914037314957,f15a5cb452a44e508d37e64811c0b3df,experiment_linear_il_10
1108.875813223267,0.004836919388578833,il_10,PLASMA,0.8,Random Forest Regressor,BayesSearchCV,0.5692027545600998,0.4799008556936189,18.337392806379864,-0.35844914037314957,f15a5cb452a44e508d37e64811c0b3df,experiment_linear_il_10
1095.376455497071,0.004610740900908407,il_10,PLASMA,0.8,Random Forest Regressor,BayesSearchCV,0.5692027545600998,0.4799008556936189,18.337392806379864,-0.35844914037314957,f15a5cb452a44e508d37e64811c0b3df,experiment_linear_il_10
1110.804292898438,0.0044544700969550155,il_10,PLASMA,0.8,Random Forest Regressor,BayesSearchCV,0.5692027545600998,0.4799008556936189,18.337392806379864,-0.35844914037314957,f15a5cb452a44e508d37e64811c0b3df,experiment_linear_il_10
1093.447975821901,0.00442497874686145,il_10,PLASMA,0.8,Random Forest Regressor,BayesSearchCV,0.5692027545600998,0.4799008556936189,18.337392806379864,-0.35844914037314957,f15a5cb452a44e508d37e64811c0b3df,experiment_linear_il_10
1540.855260461549,0.004325311094339322,il_10,PLASMA,0.8,Random Forest Regressor,BayesSearchCV,0.5692027545600998,0.4799008556936189,18.337392806379864,-0.35844914037314957,f15a5cb452a44e508d37e64811c0b3df,experiment_linear_il_10
1538.926780786378,0.004321607675626327,il_10,PLASMA,0.8,Random Forest Regressor,BayesSearchCV,0.5692027545600998,0.4799008556936189,18.337392806379864,-0.35844914037314957,f15a5cb452a44e508d37e64811c0b3df,experiment_linear_il_10
1091.51949614673,0.004259804897262894,il_10,PLASMA,0.8,Random Forest Regressor,BayesSearchCV,0.5692027545600998,0.4799008556936189,18.337392806379864,-0.35844914037314957,f15a5cb452a44e508d37e64811c0b3df,experiment_linear_il_10
1536.998301111207,0.004220513986730072,il_10,PLASMA,0.8,Random Forest Regressor,BayesSearchCV,0.5692027545600998,0.4799008556936189,18.337392806379864,-0.35844914037314957,f15a5cb452a44e508d37e64811c0b3df,experiment_linear_il_10
1112.732772573609,0.004127271225696727,il_10,PLASMA,0.8,Random Forest Regressor,BayesSearchCV,0.5692027545600998,0.4799008556936189,18.337392806379864,-0.35844914037314957,f15a5cb452a44e508d37e64811c0b3df,experiment_linear_il_10
1259.297227886598,0.004106254639594643,il_10,PLASMA,0.8,Random Forest Regressor,BayesSearchCV,0.5692027545600998,0.4799008556936189,18.337392806379864,-0.35844914037314957,f15a5cb452a44e508d37e64811c0b3df,experiment_linear_il_10
1542.78374013672,0.004093205226970448,il_10,PLASMA,0.8,Random Forest Regressor,BayesSearchCV,0.5692027545600998,0.4799008556936189,18.337392806379864,-0.35844914037314957,f15a5cb452a44e508d37e64811c0b3df,experiment_linear_il_10
1089.591016471559,0.004084332646685776,il_10,PLASMA,0.8,Random Forest Regressor,BayesSearchCV,0.5692027545600998,0.4799008556936189,18.337392806379864,-0.35844914037314957,f15a5cb452a44e508d37e64811c0b3df,experiment_linear_il_10
1535.069821436036,0.0040156359284600025,il_10,PLASMA,0.8,Random Forest Regressor,BayesSearchCV,0.5692027545600998,0.4799008556936189,18.337392806379864,-0.35844914037314957,f15a5cb452a44e508d37e64811c0b3df,experiment_linear_il_10
1261.225707561769,0.003980898467044065,il_10,PLASMA,0.8,Random Forest Regressor,BayesSearchCV,0.5692027545600998,0.4799008556936189,18.337392806379864,-0.35844914037314957,f15a5cb452a44e508d37e64811c0b3df,experiment_linear_il_10
1716.346910902101,0.034702558614840874,il_10,PLASMA,0.8,Random Forest Regressor,BayesSearchCV,0.4687032735855942,0.4102394412083107,15.829800587707984,0.07890299395999811,f15a5cb452a44e508d37e64811c0b3df,experiment_linear_il_10
1162.873244128053,0.02673916300806859,il_10,PLASMA,0.8,Random Forest Regressor,BayesSearchCV,0.4687032735855942,0.4102394412083107,15.829800587707984,0.07890299395999811,f15a5cb452a44e508d37e64811c0b3df,experiment_linear_il_10
1714.41843122693,0.026341935123024143,il_10,PLASMA,0.8,Random Forest Regressor,BayesSearchCV,0.4687032735855942,0.4102394412083107,15.829800587707984,0.07890299395999811,f15a5cb452a44e508d37e64811c0b3df,experiment_linear_il_10
1644.993162920778,0.025805621563427476,il_10,PLASMA,0.8,Random Forest Regressor,BayesSearchCV,0.4687032735855942,0.4102394412083107,15.829800587707984,0.07890299395999811,f15a5cb452a44e508d37e64811c0b3df,experiment_linear_il_10
1139.731488026002,0.024817922320021425,il_10,PLASMA,0.8,Random Forest Regressor,BayesSearchCV,0.4687032735855942,0.4102394412083107,15.829800587707984,0.07890299395999811,f15a5cb452a44e508d37e64811c0b3df,experiment_linear_il_10
2796.295528997805,0.01806751057600342,il_10,PLASMA,0.8,Random Forest Regressor,BayesSearchCV,0.4687032735855942,0.4102394412083107,15.829800587707984,0.07890299395999811,f15a5cb452a44e508d37e64811c0b3df,experiment_linear_il_10
2709.513943615114,0.017512671899540543,il_10,PLASMA,0.8,Random Forest Regressor,BayesSearchCV,0.4687032735855942,0.4102394412083107,15.829800587707984,0.07890299395999811,f15a5cb452a44e508d37e64811c0b3df,experiment_linear_il_10
1159.016284777711,0.01740748563010684,il_10,PLASMA,0.8,Random Forest Regressor,BayesSearchCV,0.4687032735855942,0.4102394412083107,15.829800587707984,0.07890299395999811,f15a5cb452a44e508d37e64811c0b3df,experiment_linear_il_10
1569.782455589112,0.016623487462715754,il_10,PLASMA,0.8,Random Forest Regressor,BayesSearchCV,0.4687032735855942,0.4102394412083107,15.829800587707984,0.07890299395999811,f15a5cb452a44e508d37e64811c0b3df,experiment_linear_il_10
1567.853975913942,0.015276246871684808,il_10,PLASMA,0.8,Random Forest Regressor,BayesSearchCV,0.4687032735855942,0.4102394412083107,15.829800587707984,0.07890299395999811,f15a5cb452a44e508d37e64811c0b3df,experiment_linear_il_10
1027.87966686609,0.014945220720421456,il_10,PLASMA,0.8,Random Forest Regressor,BayesSearchCV,0.4687032735855942,0.4102394412083107,15.829800587707984,0.07890299395999811,f15a5cb452a44e508d37e64811c0b3df,experiment_linear_il_10
1571.710935264284,0.014246688803743222,il_10,PLASMA,0.8,Random Forest Regressor,BayesSearchCV,0.4687032735855942,0.4102394412083107,15.829800587707984,0.07890299395999811,f15a5cb452a44e508d37e64811c0b3df,experiment_linear_il_10
1105.018853872926,0.012648503564666064,il_10,PLASMA,0.8,Random Forest Regressor,BayesSearchCV,0.4687032735855942,0.4102394412083107,15.829800587707984,0.07890299395999811,f15a5cb452a44e508d37e64811c0b3df,experiment_linear_il_10
1643.064683245607,0.012575564148444402,il_10,PLASMA,0.8,Random Forest Regressor,BayesSearchCV,0.4687032735855942,0.4102394412083107,15.829800587707984,0.07890299395999811,f15a5cb452a44e508d37e64811c0b3df,experiment_linear_il_10
2798.224008672976,0.012550954129530995,il_10,PLASMA,0.8,Random Forest Regressor,BayesSearchCV,0.4687032735855942,0.4102394412083107,15.829800587707984,0.07890299395999811,f15a5cb452a44e508d37e64811c0b3df,experiment_linear_il_10
1243.86939048523,0.012530599990822913,il_10,PLASMA,0.8,Random Forest Regressor,BayesSearchCV,0.4687032735855942,0.4102394412083107,15.829800587707984,0.07890299395999811,f15a5cb452a44e508d37e64811c0b3df,experiment_linear_il_10
1731.774748303468,0.011442630464941537,il_10,PLASMA,0.8,Random Forest Regressor,BayesSearchCV,0.4687032735855942,0.4102394412083107,15.829800587707984,0.07890299395999811,f15a5cb452a44e508d37e64811c0b3df,experiment_linear_il_10
1160.944764452882,0.010840852542363964,il_10,PLASMA,0.8,Random Forest Regressor,BayesSearchCV,0.4687032735855942,0.4102394412083107,15.829800587707984,0.07890299395999811,f15a5cb452a44e508d37e64811c0b3df,experiment_linear_il_10
1116.589731923951,0.009427547703456217,il_10,PLASMA,0.8,Random Forest Regressor,BayesSearchCV,0.4687032735855942,0.4102394412083107,15.829800587707984,0.07890299395999811,f15a5cb452a44e508d37e64811c0b3df,experiment_linear_il_10
1029.808146541261,0.009084903027305167,il_10,PLASMA,0.8,Random Forest Regressor,BayesSearchCV,0.4687032735855942,0.4102394412083107,15.829800587707984,0.07890299395999811,f15a5cb452a44e508d37e64811c0b3df,experiment_linear_il_10
1103.090374197755,0.005538757004933613,il_10,PLASMA,0.8,Random Forest Regressor,BayesSearchCV,0.5692027545600998,0.4799008556936189,18.337392806379864,-0.35844914037314957,f15a5cb452a44e508d37e64811c0b3df,experiment_linear_il_10
1105.018853872926,0.005495717726792786,il_10,PLASMA,0.8,Random Forest Regressor,BayesSearchCV,0.5692027545600998,0.4799008556936189,18.337392806379864,-0.35844914037314957,f15a5cb452a44e508d37e64811c0b3df,experiment_linear_il_10
1101.161894522584,0.005361832491301263,il_10,PLASMA,0.8,Random Forest Regressor,BayesSearchCV,0.5692027545600998,0.4799008556936189,18.337392806379864,-0.35844914037314957,f15a5cb452a44e508d37e64811c0b3df,experiment_linear_il_10
1106.947333548097,0.005215516218164791,il_10,PLASMA,0.8,Random Forest Regressor,BayesSearchCV,0.5692027545600998,0.4799008556936189,18.337392806379864,-0.35844914037314957,f15a5cb452a44e508d37e64811c0b3df,experiment_linear_il_10
1099.233414847413,0.005120096508794806,il_10,PLASMA,0.8,Random Forest Regressor,BayesSearchCV,0.5692027545600998,0.4799008556936189,18.337392806379864,-0.35844914037314957,f15a5cb452a44e508d37e64811c0b3df,experiment_linear_il_10
1097.304935172242,0.0048636780359652566,il_10,PLASMA,0.8,Random Forest Regressor,BayesSearchCV,0.5692027545600998,0.4799008556936189,18.337392806379864,-0.35844914037314957,f15a5cb452a44e508d37e64811c0b3df,experiment_linear_il_10
1108.875813223267,0.004836919388578834,il_10,PLASMA,0.8,Random Forest Regressor,BayesSearchCV,0.5692027545600998,0.4799008556936189,18.337392806379864,-0.35844914037314957,f15a5cb452a44e508d37e64811c0b3df,experiment_linear_il_10
1095.376455497071,0.004610740900908408,il_10,PLASMA,0.8,Random Forest Regressor,BayesSearchCV,0.5692027545600998,0.4799008556936189,18.337392806379864,-0.35844914037314957,f15a5cb452a44e508d37e64811c0b3df,experiment_linear_il_10
1110.804292898438,0.0044544700969550155,il_10,PLASMA,0.8,Random Forest Regressor,BayesSearchCV,0.5692027545600998,0.4799008556936189,18.337392806379864,-0.35844914037314957,f15a5cb452a44e508d37e64811c0b3df,experiment_linear_il_10
1093.447975821901,0.004424978746861452,il_10,PLASMA,0.8,Random Forest Regressor,BayesSearchCV,0.5692027545600998,0.4799008556936189,18.337392806379864,-0.35844914037314957,f15a5cb452a44e508d37e64811c0b3df,experiment_linear_il_10
1540.855260461549,0.004325311094339322,il_10,PLASMA,0.8,Random Forest Regressor,BayesSearchCV,0.5692027545600998,0.4799008556936189,18.337392806379864,-0.35844914037314957,f15a5cb452a44e508d37e64811c0b3df,experiment_linear_il_10
1538.926780786378,0.0043216076756263265,il_10,PLASMA,0.8,Random Forest Regressor,BayesSearchCV,0.5692027545600998,0.4799008556936189,18.337392806379864,-0.35844914037314957,f15a5cb452a44e508d37e64811c0b3df,experiment_linear_il_10
1091.51949614673,0.0042598048972628975,il_10,PLASMA,0.8,Random Forest Regressor,BayesSearchCV,0.5692027545600998,0.4799008556936189,18.337392806379864,-0.35844914037314957,f15a5cb452a44e508d37e64811c0b3df,experiment_linear_il_10
1536.998301111207,0.004220513986730073,il_10,PLASMA,0.8,Random Forest Regressor,BayesSearchCV,0.5692027545600998,0.4799008556936189,18.337392806379864,-0.35844914037314957,f15a5cb452a44e508d37e64811c0b3df,experiment_linear_il_10
1112.732772573609,0.004127271225696726,il_10,PLASMA,0.8,Random Forest Regressor,BayesSearchCV,0.5692027545600998,0.4799008556936189,18.337392806379864,-0.35844914037314957,f15a5cb452a44e508d37e64811c0b3df,experiment_linear_il_10
1259.297227886598,0.004106254639594643,il_10,PLASMA,0.8,Random Forest Regressor,BayesSearchCV,0.5692027545600998,0.4799008556936189,18.337392806379864,-0.35844914037314957,f15a5cb452a44e508d37e64811c0b3df,experiment_linear_il_10
1542.78374013672,0.004093205226970445,il_10,PLASMA,0.8,Random Forest Regressor,BayesSearchCV,0.5692027545600998,0.4799008556936189,18.337392806379864,-0.35844914037314957,f15a5cb452a44e508d37e64811c0b3df,experiment_linear_il_10
1089.591016471559,0.004084332646685778,il_10,PLASMA,0.8,Random Forest Regressor,BayesSearchCV,0.5692027545600998,0.4799008556936189,18.337392806379864,-0.35844914037314957,f15a5cb452a44e508d37e64811c0b3df,experiment_linear_il_10
1535.069821436036,0.004015635928460002,il_10,PLASMA,0.8,Random Forest Regressor,BayesSearchCV,0.5692027545600998,0.4799008556936189,18.337392806379864,-0.35844914037314957,f15a5cb452a44e508d37e64811c0b3df,experiment_linear_il_10
1261.225707561769,0.003980898467044064,il_10,PLASMA,0.8,Random Forest Regressor,BayesSearchCV,0.5692027545600998,0.4799008556936189,18.337392806379864,-0.35844914037314957,f15a5cb452a44e508d37e64811c0b3df,experiment_linear_il_10
1716.346910902101,0.034702558614840874,il_10,PLASMA,0.8,Random Forest Regressor,BayesSearchCV,0.4687032735855942,0.4102394412083107,15.829800587707984,0.07890299395999811,f15a5cb452a44e508d37e64811c0b3df,experiment_linear_il_10
1162.873244128053,0.02673916300806859,il_10,PLASMA,0.8,Random Forest Regressor,BayesSearchCV,0.4687032735855942,0.4102394412083107,15.829800587707984,0.07890299395999811,f15a5cb452a44e508d37e64811c0b3df,experiment_linear_il_10
1714.41843122693,0.026341935123024143,il_10,PLASMA,0.8,Random Forest Regressor,BayesSearchCV,0.4687032735855942,0.4102394412083107,15.829800587707984,0.07890299395999811,f15a5cb452a44e508d37e64811c0b3df,experiment_linear_il_10
1644.993162920778,0.025805621563427476,il_10,PLASMA,0.8,Random Forest Regressor,BayesSearchCV,0.4687032735855942,0.4102394412083107,15.829800587707984,0.07890299395999811,f15a5cb452a44e508d37e64811c0b3df,experiment_linear_il_10
1139.731488026002,0.024817922320021425,il_10,PLASMA,0.8,Random Forest Regressor,BayesSearchCV,0.4687032735855942,0.4102394412083107,15.829800587707984,0.07890299395999811,f15a5cb452a44e508d37e64811c0b3df,experiment_linear_il_10
2796.295528997805,0.01806751057600342,il_10,PLASMA,0.8,Random Forest Regressor,BayesSearchCV,0.4687032735855942,0.4102394412083107,15.829800587707984,0.07890299395999811,f15a5cb452a44e508d37e64811c0b3df,experiment_linear_il_10
2709.513943615114,0.017512671899540543,il_10,PLASMA,0.8,Random Forest Regressor,BayesSearchCV,0.4687032735855942,0.4102394412083107,15.829800587707984,0.07890299395999811,f15a5cb452a44e508d37e64811c0b3df,experiment_linear_il_10
1159.016284777711,0.01740748563010684,il_10,PLASMA,0.8,Random Forest Regressor,BayesSearchCV,0.4687032735855942,0.4102394412083107,15.829800587707984,0.07890299395999811,f15a5cb452a44e508d37e64811c0b3df,experiment_linear_il_10
1569.782455589112,0.016623487462715754,il_10,PLASMA,0.8,Random Forest Regressor,BayesSearchCV,0.4687032735855942,0.4102394412083107,15.829800587707984,0.07890299395999811,f15a5cb452a44e508d37e64811c0b3df,experiment_linear_il_10
1567.853975913942,0.015276246871684808,il_10,PLASMA,0.8,Random Forest Regressor,BayesSearchCV,0.4687032735855942,0.4102394412083107,15.829800587707984,0.07890299395999811,f15a5cb452a44e508d37e64811c0b3df,experiment_linear_il_10
1027.87966686609,0.014945220720421456,il_10,PLASMA,0.8,Random Forest Regressor,BayesSearchCV,0.4687032735855942,0.4102394412083107,15.829800587707984,0.07890299395999811,f15a5cb452a44e508d37e64811c0b3df,experiment_linear_il_10
1571.710935264284,0.014246688803743222,il_10,PLASMA,0.8,Random Forest Regressor,BayesSearchCV,0.4687032735855942,0.4102394412083107,15.829800587707984,0.07890299395999811,f15a5cb452a44e508d37e64811c0b3df,experiment_linear_il_10
1105.018853872926,0.012648503564666064,il_10,PLASMA,0.8,Random Forest Regressor,BayesSearchCV,0.4687032735855942,0.4102394412083107,15.829800587707984,0.07890299395999811,f15a5cb452a44e508d37e64811c0b3df,experiment_linear_il_10
1643.064683245607,0.012575564148444402,il_10,PLASMA,0.8,Random Forest Regressor,BayesSearchCV,0.4687032735855942,0.4102394412083107,15.829800587707984,0.07890299395999811,f15a5cb452a44e508d37e64811c0b3df,experiment_linear_il_10
2798.224008672976,0.012550954129530995,il_10,PLASMA,0.8,Random Forest Regressor,BayesSearchCV,0.4687032735855942,0.4102394412083107,15.829800587707984,0.07890299395999811,f15a5cb452a44e508d37e64811c0b3df,experiment_linear_il_10
1243.86939048523,0.012530599990822913,il_10,PLASMA,0.8,Random Forest Regressor,BayesSearchCV,0.4687032735855942,0.4102394412083107,15.829800587707984,0.07890299395999811,f15a5cb452a44e508d37e64811c0b3df,experiment_linear_il_10
1731.774748303468,0.011442630464941537,il_10,PLASMA,0.8,Random Forest Regressor,BayesSearchCV,0.4687032735855942,0.4102394412083107,15.829800587707984,0.07890299395999811,f15a5cb452a44e508d37e64811c0b3df,experiment_linear_il_10
1160.944764452882,0.010840852542363964,il_10,PLASMA,0.8,Random Forest Regressor,BayesSearchCV,0.4687032735855942,0.4102394412083107,15.829800587707984,0.07890299395999811,f15a5cb452a44e508d37e64811c0b3df,experiment_linear_il_10
1116.589731923951,0.009427547703456217,il_10,PLASMA,0.8,Random Forest Regressor,BayesSearchCV,0.4687032735855942,0.4102394412083107,15.829800587707984,0.07890299395999811,f15a5cb452a44e508d37e64811c0b3df,experiment_linear_il_10
1029.808146541261,0.009084903027305167,il_10,PLASMA,0.8,Random Forest Regressor,BayesSearchCV,0.4687032735855942,0.4102394412083107,15.829800587707984,0.07890299395999811,f15a5cb452a44e508d37e64811c0b3df,experiment_linear_il_10
962.3113579102792,0.006122167962388841,il_10,SALIVA,0.8,Random Forest Regressor,BayesSearchCV,0.7704908705041372,0.4749777941880894,14.439274856310893,0.09155080378380831,f15a5cb452a44e508d37e64811c0b3df,experiment_linear_il_10
960.3828782351084,0.005880745887615795,il_10,SALIVA,0.8,Random Forest Regressor,BayesSearchCV,0.7704908705041372,0.4749777941880894,14.439274856310893,0.09155080378380831,f15a5cb452a44e508d37e64811c0b3df,experiment_linear_il_10
1612.209008442873,0.005602680001138218,il_10,SALIVA,0.8,Random Forest Regressor,BayesSearchCV,0.7704908705041372,0.4749777941880894,14.439274856310893,0.09155080378380831,f15a5cb452a44e508d37e64811c0b3df,experiment_linear_il_10
1610.280528767702,0.005572129467248324,il_10,SALIVA,0.8,Random Forest Regressor,BayesSearchCV,0.7704908705041372,0.4749777941880894,14.439274856310893,0.09155080378380831,f15a5cb452a44e508d37e64811c0b3df,experiment_linear_il_10
1614.137488118043,0.005535625240126452,il_10,SALIVA,0.8,Random Forest Regressor,BayesSearchCV,0.7704908705041372,0.4749777941880894,14.439274856310893,0.09155080378380831,f15a5cb452a44e508d37e64811c0b3df,experiment_linear_il_10
1608.35204909253,0.005510075126862969,il_10,SALIVA,0.8,Random Forest Regressor,BayesSearchCV,0.7704908705041372,0.4749777941880894,14.439274856310893,0.09155080378380831,f15a5cb452a44e508d37e64811c0b3df,experiment_linear_il_10
1606.42356941736,0.0053933987987320195,il_10,SALIVA,0.8,Random Forest Regressor,BayesSearchCV,0.7704908705041372,0.4749777941880894,14.439274856310893,0.09155080378380831,f15a5cb452a44e508d37e64811c0b3df,experiment_linear_il_10
964.23983758545,0.005371836635733366,il_10,SALIVA,0.8,Random Forest Regressor,BayesSearchCV,0.7704908705041372,0.4749777941880894,14.439274856310893,0.09155080378380831,f15a5cb452a44e508d37e64811c0b3df,experiment_linear_il_10
1616.065967793214,0.005368590753412766,il_10,SALIVA,0.8,Random Forest Regressor,BayesSearchCV,0.7704908705041372,0.4749777941880894,14.439274856310893,0.09155080378380831,f15a5cb452a44e508d37e64811c0b3df,experiment_linear_il_10
1617.994447468385,0.005243311821879098,il_10,SALIVA,0.8,Random Forest Regressor,BayesSearchCV,0.7704908705041372,0.4749777941880894,14.439274856310893,0.09155080378380831,f15a5cb452a44e508d37e64811c0b3df,experiment_linear_il_10
1604.495089742189,0.005201928061222104,il_10,SALIVA,0.8,Random Forest Regressor,BayesSearchCV,0.7704908705041372,0.4749777941880894,14.439274856310893,0.09155080378380831,f15a5cb452a44e508d37e64811c0b3df,experiment_linear_il_10
1619.922927143556,0.005133548550528011,il_10,SALIVA,0.8,Random Forest Regressor,BayesSearchCV,0.7704908705041372,0.4749777941880894,14.439274856310893,0.09155080378380831,f15a5cb452a44e508d37e64811c0b3df,experiment_linear_il_10
1621.851406818727,0.004926825200314214,il_10,SALIVA,0.8,Random Forest Regressor,BayesSearchCV,0.7704908705041372,0.4749777941880894,14.439274856310893,0.09155080378380831,f15a5cb452a44e508d37e64811c0b3df,experiment_linear_il_10
1602.566610067018,0.004925715841496968,il_10,SALIVA,0.8,Random Forest Regressor,BayesSearchCV,0.7704908705041372,0.4749777941880894,14.439274856310893,0.09155080378380831,f15a5cb452a44e508d37e64811c0b3df,experiment_linear_il_10
958.4543985599371,0.004872192486718684,il_10,SALIVA,0.8,Random Forest Regressor,BayesSearchCV,0.7704908705041372,0.4749777941880894,14.439274856310893,0.09155080378380831,f15a5cb452a44e508d37e64811c0b3df,experiment_linear_il_10
1600.638130391847,0.004640659484888189,il_10,SALIVA,0.8,Random Forest Regressor,BayesSearchCV,0.7704908705041372,0.4749777941880894,14.439274856310893,0.09155080378380831,f15a5cb452a44e508d37e64811c0b3df,experiment_linear_il_10
1623.779886493898,0.004617813793491464,il_10,SALIVA,0.8,Random Forest Regressor,BayesSearchCV,0.7704908705041372,0.4749777941880894,14.439274856310893,0.09155080378380831,f15a5cb452a44e508d37e64811c0b3df,experiment_linear_il_10
1681.634276749025,0.0044786510248061,il_10,SALIVA,0.8,Random Forest Regressor,BayesSearchCV,0.7704908705041372,0.4749777941880894,14.439274856310893,0.09155080378380831,f15a5cb452a44e508d37e64811c0b3df,experiment_linear_il_10
1679.705797073854,0.004454258065398464,il_10,SALIVA,0.8,Random Forest Regressor,BayesSearchCV,0.7704908705041372,0.4749777941880894,14.439274856310893,0.09155080378380831,f15a5cb452a44e508d37e64811c0b3df,experiment_linear_il_10
1677.777317398683,0.004432388082196394,il_10,SALIVA,0.8,Random Forest Regressor,BayesSearchCV,0.7704908705041372,0.4749777941880894,14.439274856310893,0.09155080378380831,f15a5cb452a44e508d37e64811c0b3df,experiment_linear_il_10
2732.655699717165,0.030542182852066318,il_10,SALIVA,0.8,Random Forest Regressor,BayesSearchCV,0.8071391739203108,0.5274113403199671,16.668036892267573,0.0030749640154538183,f15a5cb452a44e508d37e64811c0b3df,experiment_linear_il_10
2680.586748487551,0.018065794444271116,il_10,SALIVA,0.8,Random Forest Regressor,BayesSearchCV,0.8071391739203108,0.5274113403199671,16.668036892267573,0.0030749640154538183,f15a5cb452a44e508d37e64811c0b3df,experiment_linear_il_10
1330.650975867921,0.017767345419763304,il_10,SALIVA,0.8,Random Forest Regressor,BayesSearchCV,0.8071391739203108,0.5274113403199671,16.668036892267573,0.0030749640154538183,f15a5cb452a44e508d37e64811c0b3df,experiment_linear_il_10
2682.515228162722,0.017682304095826367,il_10,SALIVA,0.8,Random Forest Regressor,BayesSearchCV,0.8071391739203108,0.5274113403199671,16.668036892267573,0.0030749640154538183,f15a5cb452a44e508d37e64811c0b3df,experiment_linear_il_10
946.8835205089117,0.017495226197057713,il_10,SALIVA,0.8,Random Forest Regressor,BayesSearchCV,0.8071391739203108,0.5274113403199671,16.668036892267573,0.0030749640154538183,f15a5cb452a44e508d37e64811c0b3df,experiment_linear_il_10
1004.737910764039,0.016718659101964496,il_10,SALIVA,0.8,Random Forest Regressor,BayesSearchCV,0.8071391739203108,0.5274113403199671,16.668036892267573,0.0030749640154538183,f15a5cb452a44e508d37e64811c0b3df,experiment_linear_il_10
1253.511788861085,0.01658841411338542,il_10,SALIVA,0.8,Random Forest Regressor,BayesSearchCV,0.8071391739203108,0.5274113403199671,16.668036892267573,0.0030749640154538183,f15a5cb452a44e508d37e64811c0b3df,experiment_linear_il_10
1290.152902689332,0.01607733303373987,il_10,SALIVA,0.8,Random Forest Regressor,BayesSearchCV,0.8071391739203108,0.5274113403199671,16.668036892267573,0.0030749640154538183,f15a5cb452a44e508d37e64811c0b3df,experiment_linear_il_10
2989.143496514895,0.015825690251808622,il_10,SALIVA,0.8,Random Forest Regressor,BayesSearchCV,0.8071391739203108,0.5274113403199671,16.668036892267573,0.0030749640154538183,f15a5cb452a44e508d37e64811c0b3df,experiment_linear_il_10
2996.857415215578,0.01433324067698256,il_10,SALIVA,0.8,Random Forest Regressor,BayesSearchCV,0.8071391739203108,0.5274113403199671,16.668036892267573,0.0030749640154538183,f15a5cb452a44e508d37e64811c0b3df,experiment_linear_il_10
3012.285252616945,0.014311267719851419,il_10,SALIVA,0.8,Random Forest Regressor,BayesSearchCV,0.8071391739203108,0.5274113403199671,16.668036892267573,0.0030749640154538183,f15a5cb452a44e508d37e64811c0b3df,experiment_linear_il_10
3002.642854241091,0.014070786235964312,il_10,SALIVA,0.8,Random Forest Regressor,BayesSearchCV,0.8071391739203108,0.5274113403199671,16.668036892267573,0.0030749640154538183,f15a5cb452a44e508d37e64811c0b3df,experiment_linear_il_10
2699.87154523926,0.012818903671522218,il_10,SALIVA,0.8,Random Forest Regressor,BayesSearchCV,0.8071391739203108,0.5274113403199671,16.668036892267573,0.0030749640154538183,f15a5cb452a44e508d37e64811c0b3df,experiment_linear_il_10
995.0955123881845,0.012504696967727142,il_10,SALIVA,0.8,Random Forest Regressor,BayesSearchCV,0.8071391739203108,0.5274113403199671,16.668036892267573,0.0030749640154538183,f15a5cb452a44e508d37e64811c0b3df,experiment_linear_il_10
2983.358057489382,0.012498645682569453,il_10,SALIVA,0.8,Random Forest Regressor,BayesSearchCV,0.8071391739203108,0.5274113403199671,16.668036892267573,0.0030749640154538183,f15a5cb452a44e508d37e64811c0b3df,experiment_linear_il_10
1579.424853964967,0.012354594470959435,il_10,SALIVA,0.8,Random Forest Regressor,BayesSearchCV,0.8071391739203108,0.5274113403199671,16.668036892267573,0.0030749640154538183,f15a5cb452a44e508d37e64811c0b3df,experiment_linear_il_10
2777.010732246096,0.010971352158131052,il_10,SALIVA,0.8,Random Forest Regressor,BayesSearchCV,0.8071391739203108,0.5274113403199671,16.668036892267573,0.0030749640154538183,f15a5cb452a44e508d37e64811c0b3df,experiment_linear_il_10
2958.287821712161,0.010225928392925118,il_10,SALIVA,0.8,Random Forest Regressor,BayesSearchCV,0.8071391739203108,0.5274113403199671,16.668036892267573,0.0030749640154538183,f15a5cb452a44e508d37e64811c0b3df,experiment_linear_il_10
2715.299382640627,0.010142555303796059,il_10,SALIVA,0.8,Random Forest Regressor,BayesSearchCV,0.8071391739203108,0.5274113403199671,16.668036892267573,0.0030749640154538183,f15a5cb452a44e508d37e64811c0b3df,experiment_linear_il_10
2740.369618417849,0.010072548872171596,il_10,SALIVA,0.8,Random Forest Regressor,BayesSearchCV,0.8071391739203108,0.5274113403199671,16.668036892267573,0.0030749640154538183,f15a5cb452a44e508d37e64811c0b3df,experiment_linear_il_10
962.3113579102792,0.006000143439023866,il_10,SALIVA,0.8,Random Forest Regressor,BayesSearchCV,0.7641770144324324,0.4725520621484679,14.427818871962264,0.10637853596970337,f15a5cb452a44e508d37e64811c0b3df,experiment_linear_il_10
960.3828782351084,0.005791065676612708,il_10,SALIVA,0.8,Random Forest Regressor,BayesSearchCV,0.7641770144324324,0.4725520621484679,14.427818871962264,0.10637853596970337,f15a5cb452a44e508d37e64811c0b3df,experiment_linear_il_10
1612.209008442873,0.005565531811629509,il_10,SALIVA,0.8,Random Forest Regressor,BayesSearchCV,0.7641770144324324,0.4725520621484679,14.427818871962264,0.10637853596970337,f15a5cb452a44e508d37e64811c0b3df,experiment_linear_il_10
1610.280528767702,0.005543843100832172,il_10,SALIVA,0.8,Random Forest Regressor,BayesSearchCV,0.7641770144324324,0.4725520621484679,14.427818871962264,0.10637853596970337,f15a5cb452a44e508d37e64811c0b3df,experiment_linear_il_10
1608.35204909253,0.005492112019552786,il_10,SALIVA,0.8,Random Forest Regressor,BayesSearchCV,0.7641770144324324,0.4725520621484679,14.427818871962264,0.10637853596970337,f15a5cb452a44e508d37e64811c0b3df,experiment_linear_il_10
1614.137488118043,0.005491160650725267,il_10,SALIVA,0.8,Random Forest Regressor,BayesSearchCV,0.7641770144324324,0.4725520621484679,14.427818871962264,0.10637853596970337,f15a5cb452a44e508d37e64811c0b3df,experiment_linear_il_10
1606.42356941736,0.005387633402370244,il_10,SALIVA,0.8,Random Forest Regressor,BayesSearchCV,0.7641770144324324,0.4725520621484679,14.427818871962264,0.10637853596970337,f15a5cb452a44e508d37e64811c0b3df,experiment_linear_il_10
1616.065967793214,0.005318188640377934,il_10,SALIVA,0.8,Random Forest Regressor,BayesSearchCV,0.7641770144324324,0.4725520621484679,14.427818871962264,0.10637853596970337,f15a5cb452a44e508d37e64811c0b3df,experiment_linear_il_10
964.23983758545,0.005248354368431529,il_10,SALIVA,0.8,Random Forest Regressor,BayesSearchCV,0.7641770144324324,0.4725520621484679,14.427818871962264,0.10637853596970337,f15a5cb452a44e508d37e64811c0b3df,experiment_linear_il_10
1604.495089742189,0.005208661933441668,il_10,SALIVA,0.8,Random Forest Regressor,BayesSearchCV,0.7641770144324324,0.4725520621484679,14.427818871962264,0.10637853596970337,f15a5cb452a44e508d37e64811c0b3df,experiment_linear_il_10
1617.994447468385,0.0051860347737868896,il_10,SALIVA,0.8,Random Forest Regressor,BayesSearchCV,0.7641770144324324,0.4725520621484679,14.427818871962264,0.10637853596970337,f15a5cb452a44e508d37e64811c0b3df,experiment_linear_il_10
1619.922927143556,0.005069332295996765,il_10,SALIVA,0.8,Random Forest Regressor,BayesSearchCV,0.7641770144324324,0.4725520621484679,14.427818871962264,0.10637853596970337,f15a5cb452a44e508d37e64811c0b3df,experiment_linear_il_10
1602.566610067018,0.004945207397749381,il_10,SALIVA,0.8,Random Forest Regressor,BayesSearchCV,0.7641770144324324,0.4725520621484679,14.427818871962264,0.10637853596970337,f15a5cb452a44e508d37e64811c0b3df,experiment_linear_il_10
1621.851406818727,0.00485773889373513,il_10,SALIVA,0.8,Random Forest Regressor,BayesSearchCV,0.7641770144324324,0.4725520621484679,14.427818871962264,0.10637853596970337,f15a5cb452a44e508d37e64811c0b3df,experiment_linear_il_10
958.4543985599371,0.004826149612701146,il_10,SALIVA,0.8,Random Forest Regressor,BayesSearchCV,0.7641770144324324,0.4725520621484679,14.427818871962264,0.10637853596970337,f15a5cb452a44e508d37e64811c0b3df,experiment_linear_il_10
1600.638130391847,0.004673833169221421,il_10,SALIVA,0.8,Random Forest Regressor,BayesSearchCV,0.7641770144324324,0.4725520621484679,14.427818871962264,0.10637853596970337,f15a5cb452a44e508d37e64811c0b3df,experiment_linear_il_10
1623.779886493898,0.004545181059393067,il_10,SALIVA,0.8,Random Forest Regressor,BayesSearchCV,0.7641770144324324,0.4725520621484679,14.427818871962264,0.10637853596970337,f15a5cb452a44e508d37e64811c0b3df,experiment_linear_il_10
1681.634276749025,0.004419859179393257,il_10,SALIVA,0.8,Random Forest Regressor,BayesSearchCV,0.7641770144324324,0.4725520621484679,14.427818871962264,0.10637853596970337,f15a5cb452a44e508d37e64811c0b3df,experiment_linear_il_10
1598.709650716676,0.004409817253050897,il_10,SALIVA,0.8,Random Forest Regressor,BayesSearchCV,0.7641770144324324,0.4725520621484679,14.427818871962264,0.10637853596970337,f15a5cb452a44e508d37e64811c0b3df,experiment_linear_il_10
1679.705797073854,0.004391252331827092,il_10,SALIVA,0.8,Random Forest Regressor,BayesSearchCV,0.7641770144324324,0.4725520621484679,14.427818871962264,0.10637853596970337,f15a5cb452a44e508d37e64811c0b3df,experiment_linear_il_10
2732.655699717165,0.030542182852066318,il_10,SALIVA,0.8,Random Forest Regressor,BayesSearchCV,0.8071391739203108,0.5274113403199671,16.668036892267573,0.0030749640154538183,f15a5cb452a44e508d37e64811c0b3df,experiment_linear_il_10
2680.586748487551,0.018065794444271116,il_10,SALIVA,0.8,Random Forest Regressor,BayesSearchCV,0.8071391739203108,0.5274113403199671,16.668036892267573,0.0030749640154538183,f15a5cb452a44e508d37e64811c0b3df,experiment_linear_il_10
1330.650975867921,0.017767345419763304,il_10,SALIVA,0.8,Random Forest Regressor,BayesSearchCV,0.8071391739203108,0.5274113403199671,16.668036892267573,0.0030749640154538183,f15a5cb452a44e508d37e64811c0b3df,experiment_linear_il_10
2682.515228162722,0.017682304095826367,il_10,SALIVA,0.8,Random Forest Regressor,BayesSearchCV,0.8071391739203108,0.5274113403199671,16.668036892267573,0.0030749640154538183,f15a5cb452a44e508d37e64811c0b3df,experiment_linear_il_10
946.8835205089117,0.017495226197057713,il_10,SALIVA,0.8,Random Forest Regressor,BayesSearchCV,0.8071391739203108,0.5274113403199671,16.668036892267573,0.0030749640154538183,f15a5cb452a44e508d37e64811c0b3df,experiment_linear_il_10
1004.737910764039,0.016718659101964496,il_10,SALIVA,0.8,Random Forest Regressor,BayesSearchCV,0.8071391739203108,0.5274113403199671,16.668036892267573,0.0030749640154538183,f15a5cb452a44e508d37e64811c0b3df,experiment_linear_il_10
1253.511788861085,0.01658841411338542,il_10,SALIVA,0.8,Random Forest Regressor,BayesSearchCV,0.8071391739203108,0.5274113403199671,16.668036892267573,0.0030749640154538183,f15a5cb452a44e508d37e64811c0b3df,experiment_linear_il_10
1290.152902689332,0.01607733303373987,il_10,SALIVA,0.8,Random Forest Regressor,BayesSearchCV,0.8071391739203108,0.5274113403199671,16.668036892267573,0.0030749640154538183,f15a5cb452a44e508d37e64811c0b3df,experiment_linear_il_10
2989.143496514895,0.015825690251808622,il_10,SALIVA,0.8,Random Forest Regressor,BayesSearchCV,0.8071391739203108,0.5274113403199671,16.668036892267573,0.0030749640154538183,f15a5cb452a44e508d37e64811c0b3df,experiment_linear_il_10
2996.857415215578,0.01433324067698256,il_10,SALIVA,0.8,Random Forest Regressor,BayesSearchCV,0.8071391739203108,0.5274113403199671,16.668036892267573,0.0030749640154538183,f15a5cb452a44e508d37e64811c0b3df,experiment_linear_il_10
3012.285252616945,0.014311267719851419,il_10,SALIVA,0.8,Random Forest Regressor,BayesSearchCV,0.8071391739203108,0.5274113403199671,16.668036892267573,0.0030749640154538183,f15a5cb452a44e508d37e64811c0b3df,experiment_linear_il_10
3002.642854241091,0.014070786235964312,il_10,SALIVA,0.8,Random Forest Regressor,BayesSearchCV,0.8071391739203108,0.5274113403199671,16.668036892267573,0.0030749640154538183,f15a5cb452a44e508d37e64811c0b3df,experiment_linear_il_10
2699.87154523926,0.012818903671522218,il_10,SALIVA,0.8,Random Forest Regressor,BayesSearchCV,0.8071391739203108,0.5274113403199671,16.668036892267573,0.0030749640154538183,f15a5cb452a44e508d37e64811c0b3df,experiment_linear_il_10
995.0955123881845,0.012504696967727142,il_10,SALIVA,0.8,Random Forest Regressor,BayesSearchCV,0.8071391739203108,0.5274113403199671,16.668036892267573,0.0030749640154538183,f15a5cb452a44e508d37e64811c0b3df,experiment_linear_il_10
2983.358057489382,0.012498645682569453,il_10,SALIVA,0.8,Random Forest Regressor,BayesSearchCV,0.8071391739203108,0.5274113403199671,16.668036892267573,0.0030749640154538183,f15a5cb452a44e508d37e64811c0b3df,experiment_linear_il_10
1579.424853964967,0.012354594470959435,il_10,SALIVA,0.8,Random Forest Regressor,BayesSearchCV,0.8071391739203108,0.5274113403199671,16.668036892267573,0.0030749640154538183,f15a5cb452a44e508d37e64811c0b3df,experiment_linear_il_10
2777.010732246096,0.010971352158131052,il_10,SALIVA,0.8,Random Forest Regressor,BayesSearchCV,0.8071391739203108,0.5274113403199671,16.668036892267573,0.0030749640154538183,f15a5cb452a44e508d37e64811c0b3df,experiment_linear_il_10
2958.287821712161,0.010225928392925118,il_10,SALIVA,0.8,Random Forest Regressor,BayesSearchCV,0.8071391739203108,0.5274113403199671,16.668036892267573,0.0030749640154538183,f15a5cb452a44e508d37e64811c0b3df,experiment_linear_il_10
2715.299382640627,0.010142555303796059,il_10,SALIVA,0.8,Random Forest Regressor,BayesSearchCV,0.8071391739203108,0.5274113403199671,16.668036892267573,0.0030749640154538183,f15a5cb452a44e508d37e64811c0b3df,experiment_linear_il_10
2740.369618417849,0.010072548872171596,il_10,SALIVA,0.8,Random Forest Regressor,BayesSearchCV,0.8071391739203108,0.5274113403199671,16.668036892267573,0.0030749640154538183,f15a5cb452a44e508d37e64811c0b3df,experiment_linear_il_10
2713.370902965456,0.011993646421417817,il_10,SERUM,0.8,Random Forest Regressor,BayesSearchCV,0.947568626183008,0.6097175817042679,20.419460711419003,0.07363653817077809,f15a5cb452a44e508d37e64811c0b3df,experiment_linear_il_10
2711.442423290285,0.011864002521347124,il_10,SERUM,0.8,Random Forest Regressor,BayesSearchCV,0.947568626183008,0.6097175817042679,20.419460711419003,0.07363653817077809,f15a5cb452a44e508d37e64811c0b3df,experiment_linear_il_10
2715.299382640627,0.007538312072241879,il_10,SERUM,0.8,Random Forest Regressor,BayesSearchCV,0.947568626183008,0.6097175817042679,20.419460711419003,0.07363653817077809,f15a5cb452a44e508d37e64811c0b3df,experiment_linear_il_10
2709.513943615114,0.006612100491648002,il_10,SERUM,0.8,Random Forest Regressor,BayesSearchCV,0.947568626183008,0.6097175817042679,20.419460711419003,0.07363653817077809,f15a5cb452a44e508d37e64811c0b3df,experiment_linear_il_10
929.5272034323739,0.0035940294167106047,il_10,SERUM,0.8,Random Forest Regressor,BayesSearchCV,0.947568626183008,0.6097175817042679,20.419460711419003,0.07363653817077809,f15a5cb452a44e508d37e64811c0b3df,experiment_linear_il_10
931.4556831075452,0.0035803798636992977,il_10,SERUM,0.8,Random Forest Regressor,BayesSearchCV,0.947568626183008,0.6097175817042679,20.419460711419003,0.07363653817077809,f15a5cb452a44e508d37e64811c0b3df,experiment_linear_il_10
933.3841627827155,0.003574473067944565,il_10,SERUM,0.8,Random Forest Regressor,BayesSearchCV,0.947568626183008,0.6097175817042679,20.419460711419003,0.07363653817077809,f15a5cb452a44e508d37e64811c0b3df,experiment_linear_il_10
987.3815936875008,0.0035214190159016004,il_10,SERUM,0.8,Random Forest Regressor,BayesSearchCV,0.947568626183008,0.6097175817042679,20.419460711419003,0.07363653817077809,f15a5cb452a44e508d37e64811c0b3df,experiment_linear_il_10
935.3126424578863,0.0035070836224088335,il_10,SERUM,0.8,Random Forest Regressor,BayesSearchCV,0.947568626183008,0.6097175817042679,20.419460711419003,0.07363653817077809,f15a5cb452a44e508d37e64811c0b3df,experiment_linear_il_10
989.3100733626716,0.003499619529372302,il_10,SERUM,0.8,Random Forest Regressor,BayesSearchCV,0.947568626183008,0.6097175817042679,20.419460711419003,0.07363653817077809,f15a5cb452a44e508d37e64811c0b3df,experiment_linear_il_10
985.4531140123299,0.0034280004105129084,il_10,SERUM,0.8,Random Forest Regressor,BayesSearchCV,0.947568626183008,0.6097175817042679,20.419460711419003,0.07363653817077809,f15a5cb452a44e508d37e64811c0b3df,experiment_linear_il_10
991.2385530378428,0.0033202332057304567,il_10,SERUM,0.8,Random Forest Regressor,BayesSearchCV,0.947568626183008,0.6097175817042679,20.419460711419003,0.07363653817077809,f15a5cb452a44e508d37e64811c0b3df,experiment_linear_il_10
937.2411221330576,0.0033141599668691573,il_10,SERUM,0.8,Random Forest Regressor,BayesSearchCV,0.947568626183008,0.6097175817042679,20.419460711419003,0.07363653817077809,f15a5cb452a44e508d37e64811c0b3df,experiment_linear_il_10
983.5246343371587,0.0032746380435131903,il_10,SERUM,0.8,Random Forest Regressor,BayesSearchCV,0.947568626183008,0.6097175817042679,20.419460711419003,0.07363653817077809,f15a5cb452a44e508d37e64811c0b3df,experiment_linear_il_10
3037.355488394167,0.0032055306952590403,il_10,SERUM,0.8,Random Forest Regressor,BayesSearchCV,0.947568626183008,0.6097175817042679,20.419460711419003,0.07363653817077809,f15a5cb452a44e508d37e64811c0b3df,experiment_linear_il_10
1195.657398605958,0.003179121900660336,il_10,SERUM,0.8,Random Forest Regressor,BayesSearchCV,0.947568626183008,0.6097175817042679,20.419460711419003,0.07363653817077809,f15a5cb452a44e508d37e64811c0b3df,experiment_linear_il_10
981.5961546619883,0.0031390325343160132,il_10,SERUM,0.8,Random Forest Regressor,BayesSearchCV,0.947568626183008,0.6097175817042679,20.419460711419003,0.07363653817077809,f15a5cb452a44e508d37e64811c0b3df,experiment_linear_il_10
939.1696018082284,0.003111742003540971,il_10,SERUM,0.8,Random Forest Regressor,BayesSearchCV,0.947568626183008,0.6097175817042679,20.419460711419003,0.07363653817077809,f15a5cb452a44e508d37e64811c0b3df,experiment_linear_il_10
1193.728918930787,0.003088014816940927,il_10,SERUM,0.8,Random Forest Regressor,BayesSearchCV,0.947568626183008,0.6097175817042679,20.419460711419003,0.07363653817077809,f15a5cb452a44e508d37e64811c0b3df,experiment_linear_il_10
979.6676749868175,0.0030543804944818433,il_10,SERUM,0.8,Random Forest Regressor,BayesSearchCV,0.947568626183008,0.6097175817042679,20.419460711419003,0.07363653817077809,f15a5cb452a44e508d37e64811c0b3df,experiment_linear_il_10
2707.585463939944,0.04647326971877771,il_10,SERUM,0.8,Random Forest Regressor,BayesSearchCV,0.9320436331082291,0.5825126368444152,19.52919299920182,0.10374300249230961,f15a5cb452a44e508d37e64811c0b3df,experiment_linear_il_10
1141.659967701173,0.04530154439134245,il_10,SERUM,0.8,Random Forest Regressor,BayesSearchCV,0.9320436331082291,0.5825126368444152,19.52919299920182,0.10374300249230961,f15a5cb452a44e508d37e64811c0b3df,experiment_linear_il_10
2746.155057443361,0.03909450832422777,il_10,SERUM,0.8,Random Forest Regressor,BayesSearchCV,0.9320436331082291,0.5825126368444152,19.52919299920182,0.10374300249230961,f15a5cb452a44e508d37e64811c0b3df,experiment_linear_il_10
2684.443707837893,0.033259768344686205,il_10,SERUM,0.8,Random Forest Regressor,BayesSearchCV,0.9320436331082291,0.5825126368444152,19.52919299920182,0.10374300249230961,f15a5cb452a44e508d37e64811c0b3df,experiment_linear_il_10
2649.731073684817,0.02749437586245957,il_10,SERUM,0.8,Random Forest Regressor,BayesSearchCV,0.9320436331082291,0.5825126368444152,19.52919299920182,0.10374300249230961,f15a5cb452a44e508d37e64811c0b3df,experiment_linear_il_10
1386.576886447877,0.026098693394791712,il_10,SERUM,0.8,Random Forest Regressor,BayesSearchCV,0.9320436331082291,0.5825126368444152,19.52919299920182,0.10374300249230961,f15a5cb452a44e508d37e64811c0b3df,experiment_linear_il_10
1159.016284777711,0.017934004100847733,il_10,SERUM,0.8,Random Forest Regressor,BayesSearchCV,0.9320436331082291,0.5825126368444152,19.52919299920182,0.10374300249230961,f15a5cb452a44e508d37e64811c0b3df,experiment_linear_il_10
1149.373886401856,0.01641369714675091,il_10,SERUM,0.8,Random Forest Regressor,BayesSearchCV,0.9320436331082291,0.5825126368444152,19.52919299920182,0.10374300249230961,f15a5cb452a44e508d37e64811c0b3df,experiment_linear_il_10
935.3126424578863,0.014542791711872598,il_10,SERUM,0.8,Random Forest Regressor,BayesSearchCV,0.9320436331082291,0.5825126368444152,19.52919299920182,0.10374300249230961,f15a5cb452a44e508d37e64811c0b3df,experiment_linear_il_10
2717.227862315798,0.014235019314751041,il_10,SERUM,0.8,Random Forest Regressor,BayesSearchCV,0.9320436331082291,0.5825126368444152,19.52919299920182,0.10374300249230961,f15a5cb452a44e508d37e64811c0b3df,experiment_linear_il_10
1133.946049000489,0.013992901352466329,il_10,SERUM,0.8,Random Forest Regressor,BayesSearchCV,0.9320436331082291,0.5825126368444152,19.52919299920182,0.10374300249230961,f15a5cb452a44e508d37e64811c0b3df,experiment_linear_il_10
1116.589731923951,0.013728037455147307,il_10,SERUM,0.8,Random Forest Regressor,BayesSearchCV,0.9320436331082291,0.5825126368444152,19.52919299920182,0.10374300249230961,f15a5cb452a44e508d37e64811c0b3df,experiment_linear_il_10
1139.731488026002,0.01299044554650353,il_10,SERUM,0.8,Random Forest Regressor,BayesSearchCV,0.9320436331082291,0.5825126368444152,19.52919299920182,0.10374300249230961,f15a5cb452a44e508d37e64811c0b3df,experiment_linear_il_10
2674.801309462038,0.01281877423909376,il_10,SERUM,0.8,Random Forest Regressor,BayesSearchCV,0.9320436331082291,0.5825126368444152,19.52919299920182,0.10374300249230961,f15a5cb452a44e508d37e64811c0b3df,experiment_linear_il_10
1157.08780510254,0.012246538287458503,il_10,SERUM,0.8,Random Forest Regressor,BayesSearchCV,0.9320436331082291,0.5825126368444152,19.52919299920182,0.10374300249230961,f15a5cb452a44e508d37e64811c0b3df,experiment_linear_il_10
2651.659553359988,0.01121900916236959,il_10,SERUM,0.8,Random Forest Regressor,BayesSearchCV,0.9320436331082291,0.5825126368444152,19.52919299920182,0.10374300249230961,f15a5cb452a44e508d37e64811c0b3df,experiment_linear_il_10
1114.66125224878,0.011044277037864963,il_10,SERUM,0.8,Random Forest Regressor,BayesSearchCV,0.9320436331082291,0.5825126368444152,19.52919299920182,0.10374300249230961,f15a5cb452a44e508d37e64811c0b3df,experiment_linear_il_10
1160.944764452882,0.010999169046003668,il_10,SERUM,0.8,Random Forest Regressor,BayesSearchCV,0.9320436331082291,0.5825126368444152,19.52919299920182,0.10374300249230961,f15a5cb452a44e508d37e64811c0b3df,experiment_linear_il_10
1110.804292898438,0.010807158108739756,il_10,SERUM,0.8,Random Forest Regressor,BayesSearchCV,0.9320436331082291,0.5825126368444152,19.52919299920182,0.10374300249230961,f15a5cb452a44e508d37e64811c0b3df,experiment_linear_il_10
2705.656984264772,0.00980911788508297,il_10,SERUM,0.8,Random Forest Regressor,BayesSearchCV,0.9320436331082291,0.5825126368444152,19.52919299920182,0.10374300249230961,f15a5cb452a44e508d37e64811c0b3df,experiment_linear_il_10
2713.370902965456,0.010189668312240331,il_10,SERUM,0.8,Random Forest Regressor,BayesSearchCV,0.9483494181835298,0.5863785425155553,19.48039946883805,0.07210927110582765,f15a5cb452a44e508d37e64811c0b3df,experiment_linear_il_10
2711.442423290285,0.010037071548455706,il_10,SERUM,0.8,Random Forest Regressor,BayesSearchCV,0.9483494181835298,0.5863785425155553,19.48039946883805,0.07210927110582765,f15a5cb452a44e508d37e64811c0b3df,experiment_linear_il_10
2715.299382640627,0.006532063169563131,il_10,SERUM,0.8,Random Forest Regressor,BayesSearchCV,0.9483494181835298,0.5863785425155553,19.48039946883805,0.07210927110582765,f15a5cb452a44e508d37e64811c0b3df,experiment_linear_il_10
2709.513943615114,0.005362955100104018,il_10,SERUM,0.8,Random Forest Regressor,BayesSearchCV,0.9483494181835298,0.5863785425155553,19.48039946883805,0.07210927110582765,f15a5cb452a44e508d37e64811c0b3df,experiment_linear_il_10
933.3841627827155,0.003467407188042842,il_10,SERUM,0.8,Random Forest Regressor,BayesSearchCV,0.9483494181835298,0.5863785425155553,19.48039946883805,0.07210927110582765,f15a5cb452a44e508d37e64811c0b3df,experiment_linear_il_10
935.3126424578863,0.0034330894367770384,il_10,SERUM,0.8,Random Forest Regressor,BayesSearchCV,0.9483494181835298,0.5863785425155553,19.48039946883805,0.07210927110582765,f15a5cb452a44e508d37e64811c0b3df,experiment_linear_il_10
931.4556831075452,0.0033761907248565435,il_10,SERUM,0.8,Random Forest Regressor,BayesSearchCV,0.9483494181835298,0.5863785425155553,19.48039946883805,0.07210927110582765,f15a5cb452a44e508d37e64811c0b3df,experiment_linear_il_10
937.2411221330576,0.0033527433923014865,il_10,SERUM,0.8,Random Forest Regressor,BayesSearchCV,0.9483494181835298,0.5863785425155553,19.48039946883805,0.07210927110582765,f15a5cb452a44e508d37e64811c0b3df,experiment_linear_il_10
987.3815936875008,0.0033487000841030787,il_10,SERUM,0.8,Random Forest Regressor,BayesSearchCV,0.9483494181835298,0.5863785425155553,19.48039946883805,0.07210927110582765,f15a5cb452a44e508d37e64811c0b3df,experiment_linear_il_10
989.3100733626716,0.0033239248213417297,il_10,SERUM,0.8,Random Forest Regressor,BayesSearchCV,0.9483494181835298,0.5863785425155553,19.48039946883805,0.07210927110582765,f15a5cb452a44e508d37e64811c0b3df,experiment_linear_il_10
929.5272034323739,0.00325807489647948,il_10,SERUM,0.8,Random Forest Regressor,BayesSearchCV,0.9483494181835298,0.5863785425155553,19.48039946883805,0.07210927110582765,f15a5cb452a44e508d37e64811c0b3df,experiment_linear_il_10
985.4531140123299,0.0032430215615293022,il_10,SERUM,0.8,Random Forest Regressor,BayesSearchCV,0.9483494181835298,0.5863785425155553,19.48039946883805,0.07210927110582765,f15a5cb452a44e508d37e64811c0b3df,experiment_linear_il_10
939.1696018082284,0.003223082989878816,il_10,SERUM,0.8,Random Forest Regressor,BayesSearchCV,0.9483494181835298,0.5863785425155553,19.48039946883805,0.07210927110582765,f15a5cb452a44e508d37e64811c0b3df,experiment_linear_il_10
991.2385530378428,0.0031560675502248225,il_10,SERUM,0.8,Random Forest Regressor,BayesSearchCV,0.9483494181835298,0.5863785425155553,19.48039946883805,0.07210927110582765,f15a5cb452a44e508d37e64811c0b3df,experiment_linear_il_10
2726.870260691652,0.0031320259233021115,il_10,SERUM,0.8,Random Forest Regressor,BayesSearchCV,0.9483494181835298,0.5863785425155553,19.48039946883805,0.07210927110582765,f15a5cb452a44e508d37e64811c0b3df,experiment_linear_il_10
2724.941781016481,0.003108768167897388,il_10,SERUM,0.8,Random Forest Regressor,BayesSearchCV,0.9483494181835298,0.5863785425155553,19.48039946883805,0.07210927110582765,f15a5cb452a44e508d37e64811c0b3df,experiment_linear_il_10
941.0980814833993,0.003065158135977621,il_10,SERUM,0.8,Random Forest Regressor,BayesSearchCV,0.9483494181835298,0.5863785425155553,19.48039946883805,0.07210927110582765,f15a5cb452a44e508d37e64811c0b3df,experiment_linear_il_10
983.5246343371587,0.0030573782215416196,il_10,SERUM,0.8,Random Forest Regressor,BayesSearchCV,0.9483494181835298,0.5863785425155553,19.48039946883805,0.07210927110582765,f15a5cb452a44e508d37e64811c0b3df,experiment_linear_il_10
3037.355488394167,0.002994916940529547,il_10,SERUM,0.8,Random Forest Regressor,BayesSearchCV,0.9483494181835298,0.5863785425155553,19.48039946883805,0.07210927110582765,f15a5cb452a44e508d37e64811c0b3df,experiment_linear_il_10
3039.283968069338,0.002994598597886444,il_10,SERUM,0.8,Random Forest Regressor,BayesSearchCV,0.9483494181835298,0.5863785425155553,19.48039946883805,0.07210927110582765,f15a5cb452a44e508d37e64811c0b3df,experiment_linear_il_10
1141.659967701173,0.05036316502603432,il_10,SERUM,0.8,Random Forest Regressor,BayesSearchCV,0.9346408928676265,0.5844608810480988,19.612837809891825,0.0987409714170101,f15a5cb452a44e508d37e64811c0b3df,experiment_linear_il_10
2707.585463939944,0.048221026206737135,il_10,SERUM,0.8,Random Forest Regressor,BayesSearchCV,0.9346408928676265,0.5844608810480988,19.612837809891825,0.0987409714170101,f15a5cb452a44e508d37e64811c0b3df,experiment_linear_il_10
2684.443707837893,0.042375947469025135,il_10,SERUM,0.8,Random Forest Regressor,BayesSearchCV,0.9346408928676265,0.5844608810480988,19.612837809891825,0.0987409714170101,f15a5cb452a44e508d37e64811c0b3df,experiment_linear_il_10
2746.155057443361,0.04006248498603749,il_10,SERUM,0.8,Random Forest Regressor,BayesSearchCV,0.9346408928676265,0.5844608810480988,19.612837809891825,0.0987409714170101,f15a5cb452a44e508d37e64811c0b3df,experiment_linear_il_10
2649.731073684817,0.026714068064648235,il_10,SERUM,0.8,Random Forest Regressor,BayesSearchCV,0.9346408928676265,0.5844608810480988,19.612837809891825,0.0987409714170101,f15a5cb452a44e508d37e64811c0b3df,experiment_linear_il_10
1386.576886447877,0.021667244404603825,il_10,SERUM,0.8,Random Forest Regressor,BayesSearchCV,0.9346408928676265,0.5844608810480988,19.612837809891825,0.0987409714170101,f15a5cb452a44e508d37e64811c0b3df,experiment_linear_il_10
1149.373886401856,0.019498362812390514,il_10,SERUM,0.8,Random Forest Regressor,BayesSearchCV,0.9346408928676265,0.5844608810480988,19.612837809891825,0.0987409714170101,f15a5cb452a44e508d37e64811c0b3df,experiment_linear_il_10
935.3126424578863,0.018605298745457962,il_10,SERUM,0.8,Random Forest Regressor,BayesSearchCV,0.9346408928676265,0.5844608810480988,19.612837809891825,0.0987409714170101,f15a5cb452a44e508d37e64811c0b3df,experiment_linear_il_10
1159.016284777711,0.016609761690739532,il_10,SERUM,0.8,Random Forest Regressor,BayesSearchCV,0.9346408928676265,0.5844608810480988,19.612837809891825,0.0987409714170101,f15a5cb452a44e508d37e64811c0b3df,experiment_linear_il_10
1116.589731923951,0.015556371856548967,il_10,SERUM,0.8,Random Forest Regressor,BayesSearchCV,0.9346408928676265,0.5844608810480988,19.612837809891825,0.0987409714170101,f15a5cb452a44e508d37e64811c0b3df,experiment_linear_il_10
1160.944764452882,0.014687984596140981,il_10,SERUM,0.8,Random Forest Regressor,BayesSearchCV,0.9346408928676265,0.5844608810480988,19.612837809891825,0.0987409714170101,f15a5cb452a44e508d37e64811c0b3df,experiment_linear_il_10
1139.731488026002,0.013902796640565287,il_10,SERUM,0.8,Random Forest Regressor,BayesSearchCV,0.9346408928676265,0.5844608810480988,19.612837809891825,0.0987409714170101,f15a5cb452a44e508d37e64811c0b3df,experiment_linear_il_10
1157.08780510254,0.01387419061689025,il_10,SERUM,0.8,Random Forest Regressor,BayesSearchCV,0.9346408928676265,0.5844608810480988,19.612837809891825,0.0987409714170101,f15a5cb452a44e508d37e64811c0b3df,experiment_linear_il_10
2651.659553359988,0.013870413101725963,il_10,SERUM,0.8,Random Forest Regressor,BayesSearchCV,0.9346408928676265,0.5844608810480988,19.612837809891825,0.0987409714170101,f15a5cb452a44e508d37e64811c0b3df,experiment_linear_il_10
2717.227862315798,0.013024814934955305,il_10,SERUM,0.8,Random Forest Regressor,BayesSearchCV,0.9346408928676265,0.5844608810480988,19.612837809891825,0.0987409714170101,f15a5cb452a44e508d37e64811c0b3df,experiment_linear_il_10
2653.588033035158,0.01189763830678286,il_10,SERUM,0.8,Random Forest Regressor,BayesSearchCV,0.9346408928676265,0.5844608810480988,19.612837809891825,0.0987409714170101,f15a5cb452a44e508d37e64811c0b3df,experiment_linear_il_10
2736.512659067507,0.011607215020478678,il_10,SERUM,0.8,Random Forest Regressor,BayesSearchCV,0.9346408928676265,0.5844608810480988,19.612837809891825,0.0987409714170101,f15a5cb452a44e508d37e64811c0b3df,experiment_linear_il_10
1201.442837631471,0.011142133172252927,il_10,SERUM,0.8,Random Forest Regressor,BayesSearchCV,0.9346408928676265,0.5844608810480988,19.612837809891825,0.0987409714170101,f15a5cb452a44e508d37e64811c0b3df,experiment_linear_il_10
2692.157626538576,0.011121199127430518,il_10,SERUM,0.8,Random Forest Regressor,BayesSearchCV,0.9346408928676265,0.5844608810480988,19.612837809891825,0.0987409714170101,f15a5cb452a44e508d37e64811c0b3df,experiment_linear_il_10
2705.656984264772,0.01106873580923282,il_10,SERUM,0.8,Random Forest Regressor,BayesSearchCV,0.9346408928676265,0.5844608810480988,19.612837809891825,0.0987409714170101,f15a5cb452a44e508d37e64811c0b3df,experiment_linear_il_10
1396.219284823732,0.004559531404741418,il_10,URINE,0.8,Random Forest Regressor,BayesSearchCV,0.8905589852529289,0.5479090986119309,18.39352557001502,-0.22094354910470804,f15a5cb452a44e508d37e64811c0b3df,experiment_linear_il_10
1394.290805148561,0.004498420983331192,il_10,URINE,0.8,Random Forest Regressor,BayesSearchCV,0.8905589852529289,0.5479090986119309,18.39352557001502,-0.22094354910470804,f15a5cb452a44e508d37e64811c0b3df,experiment_linear_il_10
1398.147764498902,0.00440385332904272,il_10,URINE,0.8,Random Forest Regressor,BayesSearchCV,0.8905589852529289,0.5479090986119309,18.39352557001502,-0.22094354910470804,f15a5cb452a44e508d37e64811c0b3df,experiment_linear_il_10
1756.84498408069,0.004366910326221528,il_10,URINE,0.8,Random Forest Regressor,BayesSearchCV,0.8905589852529289,0.5479090986119309,18.39352557001502,-0.22094354910470804,f15a5cb452a44e508d37e64811c0b3df,experiment_linear_il_10
1758.773463755861,0.004355367223489132,il_10,URINE,0.8,Random Forest Regressor,BayesSearchCV,0.8905589852529289,0.5479090986119309,18.39352557001502,-0.22094354910470804,f15a5cb452a44e508d37e64811c0b3df,experiment_linear_il_10
1754.916504405519,0.004347252919464959,il_10,URINE,0.8,Random Forest Regressor,BayesSearchCV,0.8905589852529289,0.5479090986119309,18.39352557001502,-0.22094354910470804,f15a5cb452a44e508d37e64811c0b3df,experiment_linear_il_10
1760.701943431032,0.004310470956814679,il_10,URINE,0.8,Random Forest Regressor,BayesSearchCV,0.8905589852529289,0.5479090986119309,18.39352557001502,-0.22094354910470804,f15a5cb452a44e508d37e64811c0b3df,experiment_linear_il_10
1752.988024730348,0.004287259444344612,il_10,URINE,0.8,Random Forest Regressor,BayesSearchCV,0.8905589852529289,0.5479090986119309,18.39352557001502,-0.22094354910470804,f15a5cb452a44e508d37e64811c0b3df,experiment_linear_il_10
1762.630423106202,0.004279615980211483,il_10,URINE,0.8,Random Forest Regressor,BayesSearchCV,0.8905589852529289,0.5479090986119309,18.39352557001502,-0.22094354910470804,f15a5cb452a44e508d37e64811c0b3df,experiment_linear_il_10
1764.558902781373,0.004264933345858616,il_10,URINE,0.8,Random Forest Regressor,BayesSearchCV,0.8905589852529289,0.5479090986119309,18.39352557001502,-0.22094354910470804,f15a5cb452a44e508d37e64811c0b3df,experiment_linear_il_10
1766.487382456544,0.0042325036321825054,il_10,URINE,0.8,Random Forest Regressor,BayesSearchCV,0.8905589852529289,0.5479090986119309,18.39352557001502,-0.22094354910470804,f15a5cb452a44e508d37e64811c0b3df,experiment_linear_il_10
1392.36232547339,0.004218966643248517,il_10,URINE,0.8,Random Forest Regressor,BayesSearchCV,0.8905589852529289,0.5479090986119309,18.39352557001502,-0.22094354910470804,f15a5cb452a44e508d37e64811c0b3df,experiment_linear_il_10
1768.415862131715,0.004215282945487515,il_10,URINE,0.8,Random Forest Regressor,BayesSearchCV,0.8905589852529289,0.5479090986119309,18.39352557001502,-0.22094354910470804,f15a5cb452a44e508d37e64811c0b3df,experiment_linear_il_10
1770.344341806886,0.004208891764715039,il_10,URINE,0.8,Random Forest Regressor,BayesSearchCV,0.8905589852529289,0.5479090986119309,18.39352557001502,-0.22094354910470804,f15a5cb452a44e508d37e64811c0b3df,experiment_linear_il_10
1751.059545055177,0.004194992361142506,il_10,URINE,0.8,Random Forest Regressor,BayesSearchCV,0.8905589852529289,0.5479090986119309,18.39352557001502,-0.22094354910470804,f15a5cb452a44e508d37e64811c0b3df,experiment_linear_il_10
1772.272821482057,0.004184130240948674,il_10,URINE,0.8,Random Forest Regressor,BayesSearchCV,0.8905589852529289,0.5479090986119309,18.39352557001502,-0.22094354910470804,f15a5cb452a44e508d37e64811c0b3df,experiment_linear_il_10
1774.201301157228,0.004159050724007965,il_10,URINE,0.8,Random Forest Regressor,BayesSearchCV,0.8905589852529289,0.5479090986119309,18.39352557001502,-0.22094354910470804,f15a5cb452a44e508d37e64811c0b3df,experiment_linear_il_10
1749.131065380006,0.00412769304157488,il_10,URINE,0.8,Random Forest Regressor,BayesSearchCV,0.8905589852529289,0.5479090986119309,18.39352557001502,-0.22094354910470804,f15a5cb452a44e508d37e64811c0b3df,experiment_linear_il_10
1776.129780832399,0.004123817353525915,il_10,URINE,0.8,Random Forest Regressor,BayesSearchCV,0.8905589852529289,0.5479090986119309,18.39352557001502,-0.22094354910470804,f15a5cb452a44e508d37e64811c0b3df,experiment_linear_il_10
1400.076244174074,0.004085134811669325,il_10,URINE,0.8,Random Forest Regressor,BayesSearchCV,0.8905589852529289,0.5479090986119309,18.39352557001502,-0.22094354910470804,f15a5cb452a44e508d37e64811c0b3df,experiment_linear_il_10
1288.224423014161,0.09410631332447818,il_10,URINE,0.8,Random Forest Regressor,BayesSearchCV,0.793875592349653,0.5150173275713137,17.44420291940037,0.029769094107482186,f15a5cb452a44e508d37e64811c0b3df,experiment_linear_il_10
1508.071105983644,0.0780690759238685,il_10,URINE,0.8,Random Forest Regressor,BayesSearchCV,0.793875592349653,0.5150173275713137,17.44420291940037,0.029769094107482186,f15a5cb452a44e508d37e64811c0b3df,experiment_linear_il_10
1509.999585658815,0.07020554998937187,il_10,URINE,0.8,Random Forest Regressor,BayesSearchCV,0.793875592349653,0.5150173275713137,17.44420291940037,0.029769094107482186,f15a5cb452a44e508d37e64811c0b3df,experiment_linear_il_10
1511.928065333986,0.05549821380593802,il_10,URINE,0.8,Random Forest Regressor,BayesSearchCV,0.793875592349653,0.5150173275713137,17.44420291940037,0.029769094107482186,f15a5cb452a44e508d37e64811c0b3df,experiment_linear_il_10
1290.152902689332,0.049638868619444186,il_10,URINE,0.8,Random Forest Regressor,BayesSearchCV,0.793875592349653,0.5150173275713137,17.44420291940037,0.029769094107482186,f15a5cb452a44e508d37e64811c0b3df,experiment_linear_il_10
1691.276675124879,0.022002492242174772,il_10,URINE,0.8,Random Forest Regressor,BayesSearchCV,0.793875592349653,0.5150173275713137,17.44420291940037,0.029769094107482186,f15a5cb452a44e508d37e64811c0b3df,experiment_linear_il_10
1565.925496238771,0.012830880584474907,il_10,URINE,0.8,Random Forest Regressor,BayesSearchCV,0.793875592349653,0.5150173275713137,17.44420291940037,0.029769094107482186,f15a5cb452a44e508d37e64811c0b3df,experiment_linear_il_10
1035.593585566773,0.012308100503750578,il_10,URINE,0.8,Random Forest Regressor,BayesSearchCV,0.793875592349653,0.5150173275713137,17.44420291940037,0.029769094107482186,f15a5cb452a44e508d37e64811c0b3df,experiment_linear_il_10
1700.919073500734,0.012252247732032689,il_10,URINE,0.8,Random Forest Regressor,BayesSearchCV,0.793875592349653,0.5150173275713137,17.44420291940037,0.029769094107482186,f15a5cb452a44e508d37e64811c0b3df,experiment_linear_il_10
1546.640699487062,0.011956457404288143,il_10,URINE,0.8,Random Forest Regressor,BayesSearchCV,0.793875592349653,0.5150173275713137,17.44420291940037,0.029769094107482186,f15a5cb452a44e508d37e64811c0b3df,experiment_linear_il_10
1544.712219811891,0.011242927878189684,il_10,URINE,0.8,Random Forest Regressor,BayesSearchCV,0.793875592349653,0.5150173275713137,17.44420291940037,0.029769094107482186,f15a5cb452a44e508d37e64811c0b3df,experiment_linear_il_10
1031.736626216432,0.011140539963517423,il_10,URINE,0.8,Random Forest Regressor,BayesSearchCV,0.793875592349653,0.5150173275713137,17.44420291940037,0.029769094107482186,f15a5cb452a44e508d37e64811c0b3df,experiment_linear_il_10
1286.29594333899,0.009631554193759129,il_10,URINE,0.8,Random Forest Regressor,BayesSearchCV,0.793875592349653,0.5150173275713137,17.44420291940037,0.029769094107482186,f15a5cb452a44e508d37e64811c0b3df,experiment_linear_il_10
1577.496374289796,0.009410612519263062,il_10,URINE,0.8,Random Forest Regressor,BayesSearchCV,0.793875592349653,0.5150173275713137,17.44420291940037,0.029769094107482186,f15a5cb452a44e508d37e64811c0b3df,experiment_linear_il_10
1589.067252340822,0.008898153020120455,il_10,URINE,0.8,Random Forest Regressor,BayesSearchCV,0.793875592349653,0.5150173275713137,17.44420291940037,0.029769094107482186,f15a5cb452a44e508d37e64811c0b3df,experiment_linear_il_10
1704.776032851076,0.008431718821351467,il_10,URINE,0.8,Random Forest Regressor,BayesSearchCV,0.793875592349653,0.5150173275713137,17.44420291940037,0.029769094107482186,f15a5cb452a44e508d37e64811c0b3df,experiment_linear_il_10
1552.426138512574,0.00816682622037201,il_10,URINE,0.8,Random Forest Regressor,BayesSearchCV,0.793875592349653,0.5150173275713137,17.44420291940037,0.029769094107482186,f15a5cb452a44e508d37e64811c0b3df,experiment_linear_il_10
1533.141341760865,0.00786402201882542,il_10,URINE,0.8,Random Forest Regressor,BayesSearchCV,0.793875592349653,0.5150173275713137,17.44420291940037,0.029769094107482186,f15a5cb452a44e508d37e64811c0b3df,experiment_linear_il_10
1527.355902735353,0.006921865622148327,il_10,URINE,0.8,Random Forest Regressor,BayesSearchCV,0.793875592349653,0.5150173275713137,17.44420291940037,0.029769094107482186,f15a5cb452a44e508d37e64811c0b3df,experiment_linear_il_10
1548.569179162233,0.00688783866460814,il_10,URINE,0.8,Random Forest Regressor,BayesSearchCV,0.793875592349653,0.5150173275713137,17.44420291940037,0.029769094107482186,f15a5cb452a44e508d37e64811c0b3df,experiment_linear_il_10
1396.219284823732,0.004559531404741414,il_10,URINE,0.8,Random Forest Regressor,BayesSearchCV,0.8905589852529289,0.5479090986119309,18.39352557001502,-0.22094354910470804,f15a5cb452a44e508d37e64811c0b3df,experiment_linear_il_10
1394.290805148561,0.00449842098333119,il_10,URINE,0.8,Random Forest Regressor,BayesSearchCV,0.8905589852529289,0.5479090986119309,18.39352557001502,-0.22094354910470804,f15a5cb452a44e508d37e64811c0b3df,experiment_linear_il_10
1398.147764498902,0.004403853329042716,il_10,URINE,0.8,Random Forest Regressor,BayesSearchCV,0.8905589852529289,0.5479090986119309,18.39352557001502,-0.22094354910470804,f15a5cb452a44e508d37e64811c0b3df,experiment_linear_il_10
1756.84498408069,0.004366910326221526,il_10,URINE,0.8,Random Forest Regressor,BayesSearchCV,0.8905589852529289,0.5479090986119309,18.39352557001502,-0.22094354910470804,f15a5cb452a44e508d37e64811c0b3df,experiment_linear_il_10
1758.773463755861,0.0043553672234891315,il_10,URINE,0.8,Random Forest Regressor,BayesSearchCV,0.8905589852529289,0.5479090986119309,18.39352557001502,-0.22094354910470804,f15a5cb452a44e508d37e64811c0b3df,experiment_linear_il_10
1754.916504405519,0.004347252919464959,il_10,URINE,0.8,Random Forest Regressor,BayesSearchCV,0.8905589852529289,0.5479090986119309,18.39352557001502,-0.22094354910470804,f15a5cb452a44e508d37e64811c0b3df,experiment_linear_il_10
1760.701943431032,0.004310470956814679,il_10,URINE,0.8,Random Forest Regressor,BayesSearchCV,0.8905589852529289,0.5479090986119309,18.39352557001502,-0.22094354910470804,f15a5cb452a44e508d37e64811c0b3df,experiment_linear_il_10
1752.988024730348,0.004287259444344611,il_10,URINE,0.8,Random Forest Regressor,BayesSearchCV,0.8905589852529289,0.5479090986119309,18.39352557001502,-0.22094354910470804,f15a5cb452a44e508d37e64811c0b3df,experiment_linear_il_10
1762.630423106202,0.004279615980211481,il_10,URINE,0.8,Random Forest Regressor,BayesSearchCV,0.8905589852529289,0.5479090986119309,18.39352557001502,-0.22094354910470804,f15a5cb452a44e508d37e64811c0b3df,experiment_linear_il_10
1764.558902781373,0.004264933345858616,il_10,URINE,0.8,Random Forest Regressor,BayesSearchCV,0.8905589852529289,0.5479090986119309,18.39352557001502,-0.22094354910470804,f15a5cb452a44e508d37e64811c0b3df,experiment_linear_il_10
1766.487382456544,0.004232503632182506,il_10,URINE,0.8,Random Forest Regressor,BayesSearchCV,0.8905589852529289,0.5479090986119309,18.39352557001502,-0.22094354910470804,f15a5cb452a44e508d37e64811c0b3df,experiment_linear_il_10
1392.36232547339,0.004218966643248515,il_10,URINE,0.8,Random Forest Regressor,BayesSearchCV,0.8905589852529289,0.5479090986119309,18.39352557001502,-0.22094354910470804,f15a5cb452a44e508d37e64811c0b3df,experiment_linear_il_10
1768.415862131715,0.004215282945487515,il_10,URINE,0.8,Random Forest Regressor,BayesSearchCV,0.8905589852529289,0.5479090986119309,18.39352557001502,-0.22094354910470804,f15a5cb452a44e508d37e64811c0b3df,experiment_linear_il_10
1770.344341806886,0.004208891764715038,il_10,URINE,0.8,Random Forest Regressor,BayesSearchCV,0.8905589852529289,0.5479090986119309,18.39352557001502,-0.22094354910470804,f15a5cb452a44e508d37e64811c0b3df,experiment_linear_il_10
1751.059545055177,0.004194992361142505,il_10,URINE,0.8,Random Forest Regressor,BayesSearchCV,0.8905589852529289,0.5479090986119309,18.39352557001502,-0.22094354910470804,f15a5cb452a44e508d37e64811c0b3df,experiment_linear_il_10
1772.272821482057,0.004184130240948674,il_10,URINE,0.8,Random Forest Regressor,BayesSearchCV,0.8905589852529289,0.5479090986119309,18.39352557001502,-0.22094354910470804,f15a5cb452a44e508d37e64811c0b3df,experiment_linear_il_10
1774.201301157228,0.004159050724007965,il_10,URINE,0.8,Random Forest Regressor,BayesSearchCV,0.8905589852529289,0.5479090986119309,18.39352557001502,-0.22094354910470804,f15a5cb452a44e508d37e64811c0b3df,experiment_linear_il_10
1749.131065380006,0.004127693041574879,il_10,URINE,0.8,Random Forest Regressor,BayesSearchCV,0.8905589852529289,0.5479090986119309,18.39352557001502,-0.22094354910470804,f15a5cb452a44e508d37e64811c0b3df,experiment_linear_il_10
1776.129780832399,0.004123817353525916,il_10,URINE,0.8,Random Forest Regressor,BayesSearchCV,0.8905589852529289,0.5479090986119309,18.39352557001502,-0.22094354910470804,f15a5cb452a44e508d37e64811c0b3df,experiment_linear_il_10
1400.076244174074,0.004085134811669323,il_10,URINE,0.8,Random Forest Regressor,BayesSearchCV,0.8905589852529289,0.5479090986119309,18.39352557001502,-0.22094354910470804,f15a5cb452a44e508d37e64811c0b3df,experiment_linear_il_10
1288.224423014161,0.08374699960121666,il_10,URINE,0.8,Random Forest Regressor,BayesSearchCV,0.788739267462839,0.5099135360819073,17.23670540744783,0.042283145391825316,f15a5cb452a44e508d37e64811c0b3df,experiment_linear_il_10
1508.071105983644,0.07349771339936495,il_10,URINE,0.8,Random Forest Regressor,BayesSearchCV,0.788739267462839,0.5099135360819073,17.23670540744783,0.042283145391825316,f15a5cb452a44e508d37e64811c0b3df,experiment_linear_il_10
1509.999585658815,0.05919631126263269,il_10,URINE,0.8,Random Forest Regressor,BayesSearchCV,0.788739267462839,0.5099135360819073,17.23670540744783,0.042283145391825316,f15a5cb452a44e508d37e64811c0b3df,experiment_linear_il_10
1290.152902689332,0.048779764763980465,il_10,URINE,0.8,Random Forest Regressor,BayesSearchCV,0.788739267462839,0.5099135360819073,17.23670540744783,0.042283145391825316,f15a5cb452a44e508d37e64811c0b3df,experiment_linear_il_10
1511.928065333986,0.04457388840188349,il_10,URINE,0.8,Random Forest Regressor,BayesSearchCV,0.788739267462839,0.5099135360819073,17.23670540744783,0.042283145391825316,f15a5cb452a44e508d37e64811c0b3df,experiment_linear_il_10
1691.276675124879,0.022233733517171637,il_10,URINE,0.8,Random Forest Regressor,BayesSearchCV,0.788739267462839,0.5099135360819073,17.23670540744783,0.042283145391825316,f15a5cb452a44e508d37e64811c0b3df,experiment_linear_il_10
1589.067252340822,0.015776546229155086,il_10,URINE,0.8,Random Forest Regressor,BayesSearchCV,0.788739267462839,0.5099135360819073,17.23670540744783,0.042283145391825316,f15a5cb452a44e508d37e64811c0b3df,experiment_linear_il_10
1035.593585566773,0.012517901082667315,il_10,URINE,0.8,Random Forest Regressor,BayesSearchCV,0.788739267462839,0.5099135360819073,17.23670540744783,0.042283145391825316,f15a5cb452a44e508d37e64811c0b3df,experiment_linear_il_10
1544.712219811891,0.011919686922351158,il_10,URINE,0.8,Random Forest Regressor,BayesSearchCV,0.788739267462839,0.5099135360819073,17.23670540744783,0.042283145391825316,f15a5cb452a44e508d37e64811c0b3df,experiment_linear_il_10
1546.640699487062,0.011868660547286771,il_10,URINE,0.8,Random Forest Regressor,BayesSearchCV,0.788739267462839,0.5099135360819073,17.23670540744783,0.042283145391825316,f15a5cb452a44e508d37e64811c0b3df,experiment_linear_il_10
1700.919073500734,0.010755175389098896,il_10,URINE,0.8,Random Forest Regressor,BayesSearchCV,0.788739267462839,0.5099135360819073,17.23670540744783,0.042283145391825316,f15a5cb452a44e508d37e64811c0b3df,experiment_linear_il_10
1565.925496238771,0.009460811458035545,il_10,URINE,0.8,Random Forest Regressor,BayesSearchCV,0.788739267462839,0.5099135360819073,17.23670540744783,0.042283145391825316,f15a5cb452a44e508d37e64811c0b3df,experiment_linear_il_10
1540.855260461549,0.009206158036917635,il_10,URINE,0.8,Random Forest Regressor,BayesSearchCV,0.788739267462839,0.5099135360819073,17.23670540744783,0.042283145391825316,f15a5cb452a44e508d37e64811c0b3df,experiment_linear_il_10
1538.926780786378,0.009065570229641723,il_10,URINE,0.8,Random Forest Regressor,BayesSearchCV,0.788739267462839,0.5099135360819073,17.23670540744783,0.042283145391825316,f15a5cb452a44e508d37e64811c0b3df,experiment_linear_il_10
1031.736626216432,0.009012082113511512,il_10,URINE,0.8,Random Forest Regressor,BayesSearchCV,0.788739267462839,0.5099135360819073,17.23670540744783,0.042283145391825316,f15a5cb452a44e508d37e64811c0b3df,experiment_linear_il_10
1513.856545009157,0.008427703481776436,il_10,URINE,0.8,Random Forest Regressor,BayesSearchCV,0.788739267462839,0.5099135360819073,17.23670540744783,0.042283145391825316,f15a5cb452a44e508d37e64811c0b3df,experiment_linear_il_10
1542.78374013672,0.008282559367444276,il_10,URINE,0.8,Random Forest Regressor,BayesSearchCV,0.788739267462839,0.5099135360819073,17.23670540744783,0.042283145391825316,f15a5cb452a44e508d37e64811c0b3df,experiment_linear_il_10
1286.29594333899,0.008003271515236858,il_10,URINE,0.8,Random Forest Regressor,BayesSearchCV,0.788739267462839,0.5099135360819073,17.23670540744783,0.042283145391825316,f15a5cb452a44e508d37e64811c0b3df,experiment_linear_il_10
1587.138772665651,0.007584414801008013,il_10,URINE,0.8,Random Forest Regressor,BayesSearchCV,0.788739267462839,0.5099135360819073,17.23670540744783,0.042283145391825316,f15a5cb452a44e508d37e64811c0b3df,experiment_linear_il_10
1533.141341760865,0.00683297542990713,il_10,URINE,0.8,Random Forest Regressor,BayesSearchCV,0.788739267462839,0.5099135360819073,17.23670540744783,0.042283145391825316,f15a5cb452a44e508d37e64811c0b3df,experiment_linear_il_10
1602.566610067018,0.01701491854047872,il_10,CAPILAR,0.8,Decision Tree Regressor,BayesSearchCV,0.9033657506818035,0.7034891832610156,26.99828154912925,-1.6276194061257465,f15a5cb452a44e508d37e64811c0b3df,experiment_linear_il_10
1600.638130391847,0.010075740051753886,il_10,CAPILAR,0.8,Decision Tree Regressor,BayesSearchCV,0.9033657506818035,0.7034891832610156,26.99828154912925,-1.6276194061257465,f15a5cb452a44e508d37e64811c0b3df,experiment_linear_il_10
1604.495089742189,0.00993042873282739,il_10,CAPILAR,0.8,Decision Tree Regressor,BayesSearchCV,0.9033657506818035,0.7034891832610156,26.99828154912925,-1.6276194061257465,f15a5cb452a44e508d37e64811c0b3df,experiment_linear_il_10
1641.136203570436,0.00910081829918415,il_10,CAPILAR,0.8,Decision Tree Regressor,BayesSearchCV,0.9033657506818035,0.7034891832610156,26.99828154912925,-1.6276194061257465,f15a5cb452a44e508d37e64811c0b3df,experiment_linear_il_10
1639.207723895265,0.008918054526688916,il_10,CAPILAR,0.8,Decision Tree Regressor,BayesSearchCV,0.9033657506818035,0.7034891832610156,26.99828154912925,-1.6276194061257465,f15a5cb452a44e508d37e64811c0b3df,experiment_linear_il_10
1637.279244220094,0.007925248054547467,il_10,CAPILAR,0.8,Decision Tree Regressor,BayesSearchCV,0.9033657506818035,0.7034891832610156,26.99828154912925,-1.6276194061257465,f15a5cb452a44e508d37e64811c0b3df,experiment_linear_il_10
1706.704512526246,0.007026125838727409,il_10,CAPILAR,0.8,Decision Tree Regressor,BayesSearchCV,0.9033657506818035,0.7034891832610156,26.99828154912925,-1.6276194061257465,f15a5cb452a44e508d37e64811c0b3df,experiment_linear_il_10
1704.776032851076,0.007021728647248361,il_10,CAPILAR,0.8,Decision Tree Regressor,BayesSearchCV,0.9033657506818035,0.7034891832610156,26.99828154912925,-1.6276194061257465,f15a5cb452a44e508d37e64811c0b3df,experiment_linear_il_10
1635.350764544923,0.006905187965377045,il_10,CAPILAR,0.8,Decision Tree Regressor,BayesSearchCV,0.9033657506818035,0.7034891832610156,26.99828154912925,-1.6276194061257465,f15a5cb452a44e508d37e64811c0b3df,experiment_linear_il_10
1643.064683245607,0.006693562578976441,il_10,CAPILAR,0.8,Decision Tree Regressor,BayesSearchCV,0.9033657506818035,0.7034891832610156,26.99828154912925,-1.6276194061257465,f15a5cb452a44e508d37e64811c0b3df,experiment_linear_il_10
1606.42356941736,0.0064076128418698594,il_10,CAPILAR,0.8,Decision Tree Regressor,BayesSearchCV,0.9033657506818035,0.7034891832610156,26.99828154912925,-1.6276194061257465,f15a5cb452a44e508d37e64811c0b3df,experiment_linear_il_10
1702.847553175905,0.006169068033497464,il_10,CAPILAR,0.8,Decision Tree Regressor,BayesSearchCV,0.9033657506818035,0.7034891832610156,26.99828154912925,-1.6276194061257465,f15a5cb452a44e508d37e64811c0b3df,experiment_linear_il_10
1733.703227978639,0.005959982876588869,il_10,CAPILAR,0.8,Decision Tree Regressor,BayesSearchCV,0.9033657506818035,0.7034891832610156,26.99828154912925,-1.6276194061257465,f15a5cb452a44e508d37e64811c0b3df,experiment_linear_il_10
1735.63170765381,0.005827758238505788,il_10,CAPILAR,0.8,Decision Tree Regressor,BayesSearchCV,0.9033657506818035,0.7034891832610156,26.99828154912925,-1.6276194061257465,f15a5cb452a44e508d37e64811c0b3df,experiment_linear_il_10
1633.422284869752,0.005822456996680121,il_10,CAPILAR,0.8,Decision Tree Regressor,BayesSearchCV,0.9033657506818035,0.7034891832610156,26.99828154912925,-1.6276194061257465,f15a5cb452a44e508d37e64811c0b3df,experiment_linear_il_10
1731.774748303468,0.005683859220832511,il_10,CAPILAR,0.8,Decision Tree Regressor,BayesSearchCV,0.9033657506818035,0.7034891832610156,26.99828154912925,-1.6276194061257465,f15a5cb452a44e508d37e64811c0b3df,experiment_linear_il_10
1222.656114058351,0.005604281325890497,il_10,CAPILAR,0.8,Decision Tree Regressor,BayesSearchCV,0.9033657506818035,0.7034891832610156,26.99828154912925,-1.6276194061257465,f15a5cb452a44e508d37e64811c0b3df,experiment_linear_il_10
1224.584593733522,0.005460468103106431,il_10,CAPILAR,0.8,Decision Tree Regressor,BayesSearchCV,0.9033657506818035,0.7034891832610156,26.99828154912925,-1.6276194061257465,f15a5cb452a44e508d37e64811c0b3df,experiment_linear_il_10
1708.632992201417,0.005451617874710536,il_10,CAPILAR,0.8,Decision Tree Regressor,BayesSearchCV,0.9033657506818035,0.7034891832610156,26.99828154912925,-1.6276194061257465,f15a5cb452a44e508d37e64811c0b3df,experiment_linear_il_10
1737.560187328981,0.0053953850105885005,il_10,CAPILAR,0.8,Decision Tree Regressor,BayesSearchCV,0.9033657506818035,0.7034891832610156,26.99828154912925,-1.6276194061257465,f15a5cb452a44e508d37e64811c0b3df,experiment_linear_il_10
1058.735341668824,0.42404512618377305,il_10,CAPILAR,0.8,Decision Tree Regressor,BayesSearchCV,0.5789849512341674,0.45355096651772503,16.954886745539437,-0.07936857588621482,f15a5cb452a44e508d37e64811c0b3df,experiment_linear_il_10
2925.503667234255,0.3049360260194616,il_10,CAPILAR,0.8,Decision Tree Regressor,BayesSearchCV,0.5789849512341674,0.45355096651772503,16.954886745539437,-0.07936857588621482,f15a5cb452a44e508d37e64811c0b3df,experiment_linear_il_10
1716.346910902101,0.18367168581341767,il_10,CAPILAR,0.8,Decision Tree Regressor,BayesSearchCV,0.5789849512341674,0.45355096651772503,16.954886745539437,-0.07936857588621482,f15a5cb452a44e508d37e64811c0b3df,experiment_linear_il_10
1452.145195403688,0.08734716198334759,il_10,CAPILAR,0.8,Decision Tree Regressor,BayesSearchCV,0.5789849512341674,0.45355096651772503,16.954886745539437,-0.07936857588621482,f15a5cb452a44e508d37e64811c0b3df,experiment_linear_il_10
929.5272034323739,0.0,il_10,CAPILAR,0.8,Decision Tree Regressor,BayesSearchCV,0.5789849512341674,0.45355096651772503,16.954886745539437,-0.07936857588621482,f15a5cb452a44e508d37e64811c0b3df,experiment_linear_il_10
2564.877967977297,0.0,il_10,CAPILAR,0.8,Decision Tree Regressor,BayesSearchCV,0.5789849512341674,0.45355096651772503,16.954886745539437,-0.07936857588621482,f15a5cb452a44e508d37e64811c0b3df,experiment_linear_il_10
2551.378610251101,0.0,il_10,CAPILAR,0.8,Decision Tree Regressor,BayesSearchCV,0.5789849512341674,0.45355096651772503,16.954886745539437,-0.07936857588621482,f15a5cb452a44e508d37e64811c0b3df,experiment_linear_il_10
2553.307089926272,0.0,il_10,CAPILAR,0.8,Decision Tree Regressor,BayesSearchCV,0.5789849512341674,0.45355096651772503,16.954886745539437,-0.07936857588621482,f15a5cb452a44e508d37e64811c0b3df,experiment_linear_il_10
2555.235569601442,0.0,il_10,CAPILAR,0.8,Decision Tree Regressor,BayesSearchCV,0.5789849512341674,0.45355096651772503,16.954886745539437,-0.07936857588621482,f15a5cb452a44e508d37e64811c0b3df,experiment_linear_il_10
2557.164049276613,0.0,il_10,CAPILAR,0.8,Decision Tree Regressor,BayesSearchCV,0.5789849512341674,0.45355096651772503,16.954886745539437,-0.07936857588621482,f15a5cb452a44e508d37e64811c0b3df,experiment_linear_il_10
2559.092528951784,0.0,il_10,CAPILAR,0.8,Decision Tree Regressor,BayesSearchCV,0.5789849512341674,0.45355096651772503,16.954886745539437,-0.07936857588621482,f15a5cb452a44e508d37e64811c0b3df,experiment_linear_il_10
2561.021008626955,0.0,il_10,CAPILAR,0.8,Decision Tree Regressor,BayesSearchCV,0.5789849512341674,0.45355096651772503,16.954886745539437,-0.07936857588621482,f15a5cb452a44e508d37e64811c0b3df,experiment_linear_il_10
2562.949488302126,0.0,il_10,CAPILAR,0.8,Decision Tree Regressor,BayesSearchCV,0.5789849512341674,0.45355096651772503,16.954886745539437,-0.07936857588621482,f15a5cb452a44e508d37e64811c0b3df,experiment_linear_il_10
2566.806447652468,0.0,il_10,CAPILAR,0.8,Decision Tree Regressor,BayesSearchCV,0.5789849512341674,0.45355096651772503,16.954886745539437,-0.07936857588621482,f15a5cb452a44e508d37e64811c0b3df,experiment_linear_il_10
2568.734927327639,0.0,il_10,CAPILAR,0.8,Decision Tree Regressor,BayesSearchCV,0.5789849512341674,0.45355096651772503,16.954886745539437,-0.07936857588621482,f15a5cb452a44e508d37e64811c0b3df,experiment_linear_il_10
2570.663407002809,0.0,il_10,CAPILAR,0.8,Decision Tree Regressor,BayesSearchCV,0.5789849512341674,0.45355096651772503,16.954886745539437,-0.07936857588621482,f15a5cb452a44e508d37e64811c0b3df,experiment_linear_il_10
2572.59188667798,0.0,il_10,CAPILAR,0.8,Decision Tree Regressor,BayesSearchCV,0.5789849512341674,0.45355096651772503,16.954886745539437,-0.07936857588621482,f15a5cb452a44e508d37e64811c0b3df,experiment_linear_il_10
2574.520366353152,0.0,il_10,CAPILAR,0.8,Decision Tree Regressor,BayesSearchCV,0.5789849512341674,0.45355096651772503,16.954886745539437,-0.07936857588621482,f15a5cb452a44e508d37e64811c0b3df,experiment_linear_il_10
2576.448846028322,0.0,il_10,CAPILAR,0.8,Decision Tree Regressor,BayesSearchCV,0.5789849512341674,0.45355096651772503,16.954886745539437,-0.07936857588621482,f15a5cb452a44e508d37e64811c0b3df,experiment_linear_il_10
2578.377325703493,0.0,il_10,CAPILAR,0.8,Decision Tree Regressor,BayesSearchCV,0.5789849512341674,0.45355096651772503,16.954886745539437,-0.07936857588621482,f15a5cb452a44e508d37e64811c0b3df,experiment_linear_il_10
1602.566610067018,0.01697657946192354,il_10,CAPILAR,0.8,Decision Tree Regressor,BayesSearchCV,0.8236341478836399,0.6480927481050517,25.172897810555572,-1.1842578578793885,f15a5cb452a44e508d37e64811c0b3df,experiment_linear_il_10
1600.638130391847,0.010310760322312226,il_10,CAPILAR,0.8,Decision Tree Regressor,BayesSearchCV,0.8236341478836399,0.6480927481050517,25.172897810555572,-1.1842578578793885,f15a5cb452a44e508d37e64811c0b3df,experiment_linear_il_10
1604.495089742189,0.009816272890874764,il_10,CAPILAR,0.8,Decision Tree Regressor,BayesSearchCV,0.8236341478836399,0.6480927481050517,25.172897810555572,-1.1842578578793885,f15a5cb452a44e508d37e64811c0b3df,experiment_linear_il_10
1641.136203570436,0.008294945602084965,il_10,CAPILAR,0.8,Decision Tree Regressor,BayesSearchCV,0.8236341478836399,0.6480927481050517,25.172897810555572,-1.1842578578793885,f15a5cb452a44e508d37e64811c0b3df,experiment_linear_il_10
1639.207723895265,0.007779679309832305,il_10,CAPILAR,0.8,Decision Tree Regressor,BayesSearchCV,0.8236341478836399,0.6480927481050517,25.172897810555572,-1.1842578578793885,f15a5cb452a44e508d37e64811c0b3df,experiment_linear_il_10
1706.704512526246,0.0076025467803642445,il_10,CAPILAR,0.8,Decision Tree Regressor,BayesSearchCV,0.8236341478836399,0.6480927481050517,25.172897810555572,-1.1842578578793885,f15a5cb452a44e508d37e64811c0b3df,experiment_linear_il_10
1735.63170765381,0.00724844584209448,il_10,CAPILAR,0.8,Decision Tree Regressor,BayesSearchCV,0.8236341478836399,0.6480927481050517,25.172897810555572,-1.1842578578793885,f15a5cb452a44e508d37e64811c0b3df,experiment_linear_il_10
1733.703227978639,0.007125099798546031,il_10,CAPILAR,0.8,Decision Tree Regressor,BayesSearchCV,0.8236341478836399,0.6480927481050517,25.172897810555572,-1.1842578578793885,f15a5cb452a44e508d37e64811c0b3df,experiment_linear_il_10
1737.560187328981,0.007095169989976772,il_10,CAPILAR,0.8,Decision Tree Regressor,BayesSearchCV,0.8236341478836399,0.6480927481050517,25.172897810555572,-1.1842578578793885,f15a5cb452a44e508d37e64811c0b3df,experiment_linear_il_10
1704.776032851076,0.007036581469877191,il_10,CAPILAR,0.8,Decision Tree Regressor,BayesSearchCV,0.8236341478836399,0.6480927481050517,25.172897810555572,-1.1842578578793885,f15a5cb452a44e508d37e64811c0b3df,experiment_linear_il_10
1637.279244220094,0.006823662253496115,il_10,CAPILAR,0.8,Decision Tree Regressor,BayesSearchCV,0.8236341478836399,0.6480927481050517,25.172897810555572,-1.1842578578793885,f15a5cb452a44e508d37e64811c0b3df,experiment_linear_il_10
1731.774748303468,0.006766009281478439,il_10,CAPILAR,0.8,Decision Tree Regressor,BayesSearchCV,0.8236341478836399,0.6480927481050517,25.172897810555572,-1.1842578578793885,f15a5cb452a44e508d37e64811c0b3df,experiment_linear_il_10
1739.488667004152,0.0066454664930799216,il_10,CAPILAR,0.8,Decision Tree Regressor,BayesSearchCV,0.8236341478836399,0.6480927481050517,25.172897810555572,-1.1842578578793885,f15a5cb452a44e508d37e64811c0b3df,experiment_linear_il_10
1643.064683245607,0.00653565622541888,il_10,CAPILAR,0.8,Decision Tree Regressor,BayesSearchCV,0.8236341478836399,0.6480927481050517,25.172897810555572,-1.1842578578793885,f15a5cb452a44e508d37e64811c0b3df,experiment_linear_il_10
1708.632992201417,0.0064326050091380975,il_10,CAPILAR,0.8,Decision Tree Regressor,BayesSearchCV,0.8236341478836399,0.6480927481050517,25.172897810555572,-1.1842578578793885,f15a5cb452a44e508d37e64811c0b3df,experiment_linear_il_10
1729.846268628297,0.006273126898418301,il_10,CAPILAR,0.8,Decision Tree Regressor,BayesSearchCV,0.8236341478836399,0.6480927481050517,25.172897810555572,-1.1842578578793885,f15a5cb452a44e508d37e64811c0b3df,experiment_linear_il_10
1606.42356941736,0.006264661380170005,il_10,CAPILAR,0.8,Decision Tree Regressor,BayesSearchCV,0.8236341478836399,0.6480927481050517,25.172897810555572,-1.1842578578793885,f15a5cb452a44e508d37e64811c0b3df,experiment_linear_il_10
1741.417146679323,0.0060996298252845565,il_10,CAPILAR,0.8,Decision Tree Regressor,BayesSearchCV,0.8236341478836399,0.6480927481050517,25.172897810555572,-1.1842578578793885,f15a5cb452a44e508d37e64811c0b3df,experiment_linear_il_10
1635.350764544923,0.005986073343823982,il_10,CAPILAR,0.8,Decision Tree Regressor,BayesSearchCV,0.8236341478836399,0.6480927481050517,25.172897810555572,-1.1842578578793885,f15a5cb452a44e508d37e64811c0b3df,experiment_linear_il_10
3048.926366445193,0.005952259777694417,il_10,CAPILAR,0.8,Decision Tree Regressor,BayesSearchCV,0.8236341478836399,0.6480927481050517,25.172897810555572,-1.1842578578793885,f15a5cb452a44e508d37e64811c0b3df,experiment_linear_il_10
1359.578170995484,0.30948268469338513,il_10,CAPILAR,0.8,Decision Tree Regressor,BayesSearchCV,0.6075579792595671,0.45301810509609514,17.754231753567222,-0.188531445008413,f15a5cb452a44e508d37e64811c0b3df,experiment_linear_il_10
2709.513943615114,0.23306485627370735,il_10,CAPILAR,0.8,Decision Tree Regressor,BayesSearchCV,0.6075579792595671,0.45301810509609514,17.754231753567222,-0.188531445008413,f15a5cb452a44e508d37e64811c0b3df,experiment_linear_il_10
1292.081382364503,0.2296534644709215,il_10,CAPILAR,0.8,Decision Tree Regressor,BayesSearchCV,0.6075579792595671,0.45301810509609514,17.754231753567222,-0.188531445008413,f15a5cb452a44e508d37e64811c0b3df,experiment_linear_il_10
1149.373886401856,0.1377372810655412,il_10,CAPILAR,0.8,Decision Tree Regressor,BayesSearchCV,0.6075579792595671,0.45301810509609514,17.754231753567222,-0.188531445008413,f15a5cb452a44e508d37e64811c0b3df,experiment_linear_il_10
1633.422284869752,0.046280160861883614,il_10,CAPILAR,0.8,Decision Tree Regressor,BayesSearchCV,0.6075579792595671,0.45301810509609514,17.754231753567222,-0.188531445008413,f15a5cb452a44e508d37e64811c0b3df,experiment_linear_il_10
2815.580325749514,0.043781552634561106,il_10,CAPILAR,0.8,Decision Tree Regressor,BayesSearchCV,0.6075579792595671,0.45301810509609514,17.754231753567222,-0.188531445008413,f15a5cb452a44e508d37e64811c0b3df,experiment_linear_il_10
929.5272034323739,0.0,il_10,CAPILAR,0.8,Decision Tree Regressor,BayesSearchCV,0.6075579792595671,0.45301810509609514,17.754231753567222,-0.188531445008413,f15a5cb452a44e508d37e64811c0b3df,experiment_linear_il_10
2566.806447652468,0.0,il_10,CAPILAR,0.8,Decision Tree Regressor,BayesSearchCV,0.6075579792595671,0.45301810509609514,17.754231753567222,-0.188531445008413,f15a5cb452a44e508d37e64811c0b3df,experiment_linear_il_10
2555.235569601442,0.0,il_10,CAPILAR,0.8,Decision Tree Regressor,BayesSearchCV,0.6075579792595671,0.45301810509609514,17.754231753567222,-0.188531445008413,f15a5cb452a44e508d37e64811c0b3df,experiment_linear_il_10
2557.164049276613,0.0,il_10,CAPILAR,0.8,Decision Tree Regressor,BayesSearchCV,0.6075579792595671,0.45301810509609514,17.754231753567222,-0.188531445008413,f15a5cb452a44e508d37e64811c0b3df,experiment_linear_il_10
2559.092528951784,0.0,il_10,CAPILAR,0.8,Decision Tree Regressor,BayesSearchCV,0.6075579792595671,0.45301810509609514,17.754231753567222,-0.188531445008413,f15a5cb452a44e508d37e64811c0b3df,experiment_linear_il_10
2561.021008626955,0.0,il_10,CAPILAR,0.8,Decision Tree Regressor,BayesSearchCV,0.6075579792595671,0.45301810509609514,17.754231753567222,-0.188531445008413,f15a5cb452a44e508d37e64811c0b3df,experiment_linear_il_10
2562.949488302126,0.0,il_10,CAPILAR,0.8,Decision Tree Regressor,BayesSearchCV,0.6075579792595671,0.45301810509609514,17.754231753567222,-0.188531445008413,f15a5cb452a44e508d37e64811c0b3df,experiment_linear_il_10
2564.877967977297,0.0,il_10,CAPILAR,0.8,Decision Tree Regressor,BayesSearchCV,0.6075579792595671,0.45301810509609514,17.754231753567222,-0.188531445008413,f15a5cb452a44e508d37e64811c0b3df,experiment_linear_il_10
2568.734927327639,0.0,il_10,CAPILAR,0.8,Decision Tree Regressor,BayesSearchCV,0.6075579792595671,0.45301810509609514,17.754231753567222,-0.188531445008413,f15a5cb452a44e508d37e64811c0b3df,experiment_linear_il_10
2551.378610251101,0.0,il_10,CAPILAR,0.8,Decision Tree Regressor,BayesSearchCV,0.6075579792595671,0.45301810509609514,17.754231753567222,-0.188531445008413,f15a5cb452a44e508d37e64811c0b3df,experiment_linear_il_10
2570.663407002809,0.0,il_10,CAPILAR,0.8,Decision Tree Regressor,BayesSearchCV,0.6075579792595671,0.45301810509609514,17.754231753567222,-0.188531445008413,f15a5cb452a44e508d37e64811c0b3df,experiment_linear_il_10
2572.59188667798,0.0,il_10,CAPILAR,0.8,Decision Tree Regressor,BayesSearchCV,0.6075579792595671,0.45301810509609514,17.754231753567222,-0.188531445008413,f15a5cb452a44e508d37e64811c0b3df,experiment_linear_il_10
2574.520366353152,0.0,il_10,CAPILAR,0.8,Decision Tree Regressor,BayesSearchCV,0.6075579792595671,0.45301810509609514,17.754231753567222,-0.188531445008413,f15a5cb452a44e508d37e64811c0b3df,experiment_linear_il_10
2576.448846028322,0.0,il_10,CAPILAR,0.8,Decision Tree Regressor,BayesSearchCV,0.6075579792595671,0.45301810509609514,17.754231753567222,-0.188531445008413,f15a5cb452a44e508d37e64811c0b3df,experiment_linear_il_10
1128.160609974977,0.006137050853207201,il_10,PLASMA,0.8,Decision Tree Regressor,BayesSearchCV,0.5674480513583926,0.4615185750229839,16.656338369853085,-0.35008656337027655,f15a5cb452a44e508d37e64811c0b3df,experiment_linear_il_10
1126.232130299806,0.006127972297247593,il_10,PLASMA,0.8,Decision Tree Regressor,BayesSearchCV,0.5674480513583926,0.4615185750229839,16.656338369853085,-0.35008656337027655,f15a5cb452a44e508d37e64811c0b3df,experiment_linear_il_10
1124.303650624635,0.0061177190400494635,il_10,PLASMA,0.8,Decision Tree Regressor,BayesSearchCV,0.5674480513583926,0.4615185750229839,16.656338369853085,-0.35008656337027655,f15a5cb452a44e508d37e64811c0b3df,experiment_linear_il_10
1122.375170949464,0.006104824634010784,il_10,PLASMA,0.8,Decision Tree Regressor,BayesSearchCV,0.5674480513583926,0.4615185750229839,16.656338369853085,-0.35008656337027655,f15a5cb452a44e508d37e64811c0b3df,experiment_linear_il_10
1130.089089650148,0.0060892368182276545,il_10,PLASMA,0.8,Decision Tree Regressor,BayesSearchCV,0.5674480513583926,0.4615185750229839,16.656338369853085,-0.35008656337027655,f15a5cb452a44e508d37e64811c0b3df,experiment_linear_il_10
1120.446691274293,0.006031276922077287,il_10,PLASMA,0.8,Decision Tree Regressor,BayesSearchCV,0.5674480513583926,0.4615185750229839,16.656338369853085,-0.35008656337027655,f15a5cb452a44e508d37e64811c0b3df,experiment_linear_il_10
1132.017569325318,0.005900528644426511,il_10,PLASMA,0.8,Decision Tree Regressor,BayesSearchCV,0.5674480513583926,0.4615185750229839,16.656338369853085,-0.35008656337027655,f15a5cb452a44e508d37e64811c0b3df,experiment_linear_il_10
1118.518211599122,0.00587421919126328,il_10,PLASMA,0.8,Decision Tree Regressor,BayesSearchCV,0.5674480513583926,0.4615185750229839,16.656338369853085,-0.35008656337027655,f15a5cb452a44e508d37e64811c0b3df,experiment_linear_il_10
1116.589731923951,0.005741495216866661,il_10,PLASMA,0.8,Decision Tree Regressor,BayesSearchCV,0.5674480513583926,0.4615185750229839,16.656338369853085,-0.35008656337027655,f15a5cb452a44e508d37e64811c0b3df,experiment_linear_il_10
1114.66125224878,0.005676287748412631,il_10,PLASMA,0.8,Decision Tree Regressor,BayesSearchCV,0.5674480513583926,0.4615185750229839,16.656338369853085,-0.35008656337027655,f15a5cb452a44e508d37e64811c0b3df,experiment_linear_il_10
1133.946049000489,0.005595182121340884,il_10,PLASMA,0.8,Decision Tree Regressor,BayesSearchCV,0.5674480513583926,0.4615185750229839,16.656338369853085,-0.35008656337027655,f15a5cb452a44e508d37e64811c0b3df,experiment_linear_il_10
1112.732772573609,0.005578947446614537,il_10,PLASMA,0.8,Decision Tree Regressor,BayesSearchCV,0.5674480513583926,0.4615185750229839,16.656338369853085,-0.35008656337027655,f15a5cb452a44e508d37e64811c0b3df,experiment_linear_il_10
1110.804292898438,0.005396712763410101,il_10,PLASMA,0.8,Decision Tree Regressor,BayesSearchCV,0.5674480513583926,0.4615185750229839,16.656338369853085,-0.35008656337027655,f15a5cb452a44e508d37e64811c0b3df,experiment_linear_il_10
1135.87452867566,0.005209893942664643,il_10,PLASMA,0.8,Decision Tree Regressor,BayesSearchCV,0.5674480513583926,0.4615185750229839,16.656338369853085,-0.35008656337027655,f15a5cb452a44e508d37e64811c0b3df,experiment_linear_il_10
1108.875813223267,0.005189914124820267,il_10,PLASMA,0.8,Decision Tree Regressor,BayesSearchCV,0.5674480513583926,0.4615185750229839,16.656338369853085,-0.35008656337027655,f15a5cb452a44e508d37e64811c0b3df,experiment_linear_il_10
1106.947333548097,0.005006240215882439,il_10,PLASMA,0.8,Decision Tree Regressor,BayesSearchCV,0.5674480513583926,0.4615185750229839,16.656338369853085,-0.35008656337027655,f15a5cb452a44e508d37e64811c0b3df,experiment_linear_il_10
1105.018853872926,0.004820992999711379,il_10,PLASMA,0.8,Decision Tree Regressor,BayesSearchCV,0.5674480513583926,0.4615185750229839,16.656338369853085,-0.35008656337027655,f15a5cb452a44e508d37e64811c0b3df,experiment_linear_il_10
1137.803008350831,0.004756019178781249,il_10,PLASMA,0.8,Decision Tree Regressor,BayesSearchCV,0.5674480513583926,0.4615185750229839,16.656338369853085,-0.35008656337027655,f15a5cb452a44e508d37e64811c0b3df,experiment_linear_il_10
1103.090374197755,0.004573043037744388,il_10,PLASMA,0.8,Decision Tree Regressor,BayesSearchCV,0.5674480513583926,0.4615185750229839,16.656338369853085,-0.35008656337027655,f15a5cb452a44e508d37e64811c0b3df,experiment_linear_il_10
1139.731488026002,0.004356114022529484,il_10,PLASMA,0.8,Decision Tree Regressor,BayesSearchCV,0.5674480513583926,0.4615185750229839,16.656338369853085,-0.35008656337027655,f15a5cb452a44e508d37e64811c0b3df,experiment_linear_il_10
2823.294244450197,0.519443713937378,il_10,PLASMA,0.8,Decision Tree Regressor,BayesSearchCV,0.5207885228604753,0.4379668411053162,16.51959589732393,-0.13718783823811287,f15a5cb452a44e508d37e64811c0b3df,experiment_linear_il_10
2815.580325749514,0.18399729179774074,il_10,PLASMA,0.8,Decision Tree Regressor,BayesSearchCV,0.5207885228604753,0.4379668411053162,16.51959589732393,-0.13718783823811287,f15a5cb452a44e508d37e64811c0b3df,experiment_linear_il_10
1255.440268536256,0.12845563886861705,il_10,PLASMA,0.8,Decision Tree Regressor,BayesSearchCV,0.5207885228604753,0.4379668411053162,16.51959589732393,-0.13718783823811287,f15a5cb452a44e508d37e64811c0b3df,experiment_linear_il_10
1716.346910902101,0.11167941675092326,il_10,PLASMA,0.8,Decision Tree Regressor,BayesSearchCV,0.5207885228604753,0.4379668411053162,16.51959589732393,-0.13718783823811287,f15a5cb452a44e508d37e64811c0b3df,experiment_linear_il_10
2840.650561526736,0.05642393864534099,il_10,PLASMA,0.8,Decision Tree Regressor,BayesSearchCV,0.5207885228604753,0.4379668411053162,16.51959589732393,-0.13718783823811287,f15a5cb452a44e508d37e64811c0b3df,experiment_linear_il_10
2580.305805378664,0.0,il_10,PLASMA,0.8,Decision Tree Regressor,BayesSearchCV,0.5207885228604753,0.4379668411053162,16.51959589732393,-0.13718783823811287,f15a5cb452a44e508d37e64811c0b3df,experiment_linear_il_10
2549.45013057593,0.0,il_10,PLASMA,0.8,Decision Tree Regressor,BayesSearchCV,0.5207885228604753,0.4379668411053162,16.51959589732393,-0.13718783823811287,f15a5cb452a44e508d37e64811c0b3df,experiment_linear_il_10
2586.091244404177,0.0,il_10,PLASMA,0.8,Decision Tree Regressor,BayesSearchCV,0.5207885228604753,0.4379668411053162,16.51959589732393,-0.13718783823811287,f15a5cb452a44e508d37e64811c0b3df,experiment_linear_il_10
2584.162764729006,0.0,il_10,PLASMA,0.8,Decision Tree Regressor,BayesSearchCV,0.5207885228604753,0.4379668411053162,16.51959589732393,-0.13718783823811287,f15a5cb452a44e508d37e64811c0b3df,experiment_linear_il_10
2551.378610251101,0.0,il_10,PLASMA,0.8,Decision Tree Regressor,BayesSearchCV,0.5207885228604753,0.4379668411053162,16.51959589732393,-0.13718783823811287,f15a5cb452a44e508d37e64811c0b3df,experiment_linear_il_10
2553.307089926272,0.0,il_10,PLASMA,0.8,Decision Tree Regressor,BayesSearchCV,0.5207885228604753,0.4379668411053162,16.51959589732393,-0.13718783823811287,f15a5cb452a44e508d37e64811c0b3df,experiment_linear_il_10
2555.235569601442,0.0,il_10,PLASMA,0.8,Decision Tree Regressor,BayesSearchCV,0.5207885228604753,0.4379668411053162,16.51959589732393,-0.13718783823811287,f15a5cb452a44e508d37e64811c0b3df,experiment_linear_il_10
2557.164049276613,0.0,il_10,PLASMA,0.8,Decision Tree Regressor,BayesSearchCV,0.5207885228604753,0.4379668411053162,16.51959589732393,-0.13718783823811287,f15a5cb452a44e508d37e64811c0b3df,experiment_linear_il_10
2559.092528951784,0.0,il_10,PLASMA,0.8,Decision Tree Regressor,BayesSearchCV,0.5207885228604753,0.4379668411053162,16.51959589732393,-0.13718783823811287,f15a5cb452a44e508d37e64811c0b3df,experiment_linear_il_10
2561.021008626955,0.0,il_10,PLASMA,0.8,Decision Tree Regressor,BayesSearchCV,0.5207885228604753,0.4379668411053162,16.51959589732393,-0.13718783823811287,f15a5cb452a44e508d37e64811c0b3df,experiment_linear_il_10
2582.234285053835,0.0,il_10,PLASMA,0.8,Decision Tree Regressor,BayesSearchCV,0.5207885228604753,0.4379668411053162,16.51959589732393,-0.13718783823811287,f15a5cb452a44e508d37e64811c0b3df,experiment_linear_il_10
2564.877967977297,0.0,il_10,PLASMA,0.8,Decision Tree Regressor,BayesSearchCV,0.5207885228604753,0.4379668411053162,16.51959589732393,-0.13718783823811287,f15a5cb452a44e508d37e64811c0b3df,experiment_linear_il_10
2547.521650900759,0.0,il_10,PLASMA,0.8,Decision Tree Regressor,BayesSearchCV,0.5207885228604753,0.4379668411053162,16.51959589732393,-0.13718783823811287,f15a5cb452a44e508d37e64811c0b3df,experiment_linear_il_10
2566.806447652468,0.0,il_10,PLASMA,0.8,Decision Tree Regressor,BayesSearchCV,0.5207885228604753,0.4379668411053162,16.51959589732393,-0.13718783823811287,f15a5cb452a44e508d37e64811c0b3df,experiment_linear_il_10
2568.734927327639,0.0,il_10,PLASMA,0.8,Decision Tree Regressor,BayesSearchCV,0.5207885228604753,0.4379668411053162,16.51959589732393,-0.13718783823811287,f15a5cb452a44e508d37e64811c0b3df,experiment_linear_il_10
1128.160609974977,0.006137050853207199,il_10,PLASMA,0.8,Decision Tree Regressor,BayesSearchCV,0.5674480513583926,0.4615185750229839,16.656338369853085,-0.35008656337027655,f15a5cb452a44e508d37e64811c0b3df,experiment_linear_il_10
1126.232130299806,0.006127972297247592,il_10,PLASMA,0.8,Decision Tree Regressor,BayesSearchCV,0.5674480513583926,0.4615185750229839,16.656338369853085,-0.35008656337027655,f15a5cb452a44e508d37e64811c0b3df,experiment_linear_il_10
1124.303650624635,0.006117719040049463,il_10,PLASMA,0.8,Decision Tree Regressor,BayesSearchCV,0.5674480513583926,0.4615185750229839,16.656338369853085,-0.35008656337027655,f15a5cb452a44e508d37e64811c0b3df,experiment_linear_il_10
1122.375170949464,0.006104824634010784,il_10,PLASMA,0.8,Decision Tree Regressor,BayesSearchCV,0.5674480513583926,0.4615185750229839,16.656338369853085,-0.35008656337027655,f15a5cb452a44e508d37e64811c0b3df,experiment_linear_il_10
1130.089089650148,0.006089236818227655,il_10,PLASMA,0.8,Decision Tree Regressor,BayesSearchCV,0.5674480513583926,0.4615185750229839,16.656338369853085,-0.35008656337027655,f15a5cb452a44e508d37e64811c0b3df,experiment_linear_il_10
1120.446691274293,0.006031276922077288,il_10,PLASMA,0.8,Decision Tree Regressor,BayesSearchCV,0.5674480513583926,0.4615185750229839,16.656338369853085,-0.35008656337027655,f15a5cb452a44e508d37e64811c0b3df,experiment_linear_il_10
1132.017569325318,0.005900528644426509,il_10,PLASMA,0.8,Decision Tree Regressor,BayesSearchCV,0.5674480513583926,0.4615185750229839,16.656338369853085,-0.35008656337027655,f15a5cb452a44e508d37e64811c0b3df,experiment_linear_il_10
1118.518211599122,0.005874219191263281,il_10,PLASMA,0.8,Decision Tree Regressor,BayesSearchCV,0.5674480513583926,0.4615185750229839,16.656338369853085,-0.35008656337027655,f15a5cb452a44e508d37e64811c0b3df,experiment_linear_il_10
1116.589731923951,0.005741495216866661,il_10,PLASMA,0.8,Decision Tree Regressor,BayesSearchCV,0.5674480513583926,0.4615185750229839,16.656338369853085,-0.35008656337027655,f15a5cb452a44e508d37e64811c0b3df,experiment_linear_il_10
1114.66125224878,0.005676287748412633,il_10,PLASMA,0.8,Decision Tree Regressor,BayesSearchCV,0.5674480513583926,0.4615185750229839,16.656338369853085,-0.35008656337027655,f15a5cb452a44e508d37e64811c0b3df,experiment_linear_il_10
1133.946049000489,0.005595182121340885,il_10,PLASMA,0.8,Decision Tree Regressor,BayesSearchCV,0.5674480513583926,0.4615185750229839,16.656338369853085,-0.35008656337027655,f15a5cb452a44e508d37e64811c0b3df,experiment_linear_il_10
1112.732772573609,0.005578947446614539,il_10,PLASMA,0.8,Decision Tree Regressor,BayesSearchCV,0.5674480513583926,0.4615185750229839,16.656338369853085,-0.35008656337027655,f15a5cb452a44e508d37e64811c0b3df,experiment_linear_il_10
1110.804292898438,0.005396712763410101,il_10,PLASMA,0.8,Decision Tree Regressor,BayesSearchCV,0.5674480513583926,0.4615185750229839,16.656338369853085,-0.35008656337027655,f15a5cb452a44e508d37e64811c0b3df,experiment_linear_il_10
1135.87452867566,0.005209893942664644,il_10,PLASMA,0.8,Decision Tree Regressor,BayesSearchCV,0.5674480513583926,0.4615185750229839,16.656338369853085,-0.35008656337027655,f15a5cb452a44e508d37e64811c0b3df,experiment_linear_il_10
1108.875813223267,0.005189914124820268,il_10,PLASMA,0.8,Decision Tree Regressor,BayesSearchCV,0.5674480513583926,0.4615185750229839,16.656338369853085,-0.35008656337027655,f15a5cb452a44e508d37e64811c0b3df,experiment_linear_il_10
1106.947333548097,0.005006240215882438,il_10,PLASMA,0.8,Decision Tree Regressor,BayesSearchCV,0.5674480513583926,0.4615185750229839,16.656338369853085,-0.35008656337027655,f15a5cb452a44e508d37e64811c0b3df,experiment_linear_il_10
1105.018853872926,0.004820992999711378,il_10,PLASMA,0.8,Decision Tree Regressor,BayesSearchCV,0.5674480513583926,0.4615185750229839,16.656338369853085,-0.35008656337027655,f15a5cb452a44e508d37e64811c0b3df,experiment_linear_il_10
1137.803008350831,0.004756019178781252,il_10,PLASMA,0.8,Decision Tree Regressor,BayesSearchCV,0.5674480513583926,0.4615185750229839,16.656338369853085,-0.35008656337027655,f15a5cb452a44e508d37e64811c0b3df,experiment_linear_il_10
1103.090374197755,0.004573043037744388,il_10,PLASMA,0.8,Decision Tree Regressor,BayesSearchCV,0.5674480513583926,0.4615185750229839,16.656338369853085,-0.35008656337027655,f15a5cb452a44e508d37e64811c0b3df,experiment_linear_il_10
1139.731488026002,0.0043561140225294856,il_10,PLASMA,0.8,Decision Tree Regressor,BayesSearchCV,0.5674480513583926,0.4615185750229839,16.656338369853085,-0.35008656337027655,f15a5cb452a44e508d37e64811c0b3df,experiment_linear_il_10
2823.294244450197,1.0,il_10,PLASMA,0.8,Decision Tree Regressor,BayesSearchCV,0.4927232494594306,0.41938991007988247,15.337591285687724,-0.017924359770433496,f15a5cb452a44e508d37e64811c0b3df,experiment_linear_il_10
2566.806447652468,0.0,il_10,PLASMA,0.8,Decision Tree Regressor,BayesSearchCV,0.4927232494594306,0.41938991007988247,15.337591285687724,-0.017924359770433496,f15a5cb452a44e508d37e64811c0b3df,experiment_linear_il_10
2549.45013057593,0.0,il_10,PLASMA,0.8,Decision Tree Regressor,BayesSearchCV,0.4927232494594306,0.41938991007988247,15.337591285687724,-0.017924359770433496,f15a5cb452a44e508d37e64811c0b3df,experiment_linear_il_10
2551.378610251101,0.0,il_10,PLASMA,0.8,Decision Tree Regressor,BayesSearchCV,0.4927232494594306,0.41938991007988247,15.337591285687724,-0.017924359770433496,f15a5cb452a44e508d37e64811c0b3df,experiment_linear_il_10
2553.307089926272,0.0,il_10,PLASMA,0.8,Decision Tree Regressor,BayesSearchCV,0.4927232494594306,0.41938991007988247,15.337591285687724,-0.017924359770433496,f15a5cb452a44e508d37e64811c0b3df,experiment_linear_il_10
2555.235569601442,0.0,il_10,PLASMA,0.8,Decision Tree Regressor,BayesSearchCV,0.4927232494594306,0.41938991007988247,15.337591285687724,-0.017924359770433496,f15a5cb452a44e508d37e64811c0b3df,experiment_linear_il_10
2557.164049276613,0.0,il_10,PLASMA,0.8,Decision Tree Regressor,BayesSearchCV,0.4927232494594306,0.41938991007988247,15.337591285687724,-0.017924359770433496,f15a5cb452a44e508d37e64811c0b3df,experiment_linear_il_10
2559.092528951784,0.0,il_10,PLASMA,0.8,Decision Tree Regressor,BayesSearchCV,0.4927232494594306,0.41938991007988247,15.337591285687724,-0.017924359770433496,f15a5cb452a44e508d37e64811c0b3df,experiment_linear_il_10
2561.021008626955,0.0,il_10,PLASMA,0.8,Decision Tree Regressor,BayesSearchCV,0.4927232494594306,0.41938991007988247,15.337591285687724,-0.017924359770433496,f15a5cb452a44e508d37e64811c0b3df,experiment_linear_il_10
2562.949488302126,0.0,il_10,PLASMA,0.8,Decision Tree Regressor,BayesSearchCV,0.4927232494594306,0.41938991007988247,15.337591285687724,-0.017924359770433496,f15a5cb452a44e508d37e64811c0b3df,experiment_linear_il_10
2564.877967977297,0.0,il_10,PLASMA,0.8,Decision Tree Regressor,BayesSearchCV,0.4927232494594306,0.41938991007988247,15.337591285687724,-0.017924359770433496,f15a5cb452a44e508d37e64811c0b3df,experiment_linear_il_10
2568.734927327639,0.0,il_10,PLASMA,0.8,Decision Tree Regressor,BayesSearchCV,0.4927232494594306,0.41938991007988247,15.337591285687724,-0.017924359770433496,f15a5cb452a44e508d37e64811c0b3df,experiment_linear_il_10
2545.593171225588,0.0,il_10,PLASMA,0.8,Decision Tree Regressor,BayesSearchCV,0.4927232494594306,0.41938991007988247,15.337591285687724,-0.017924359770433496,f15a5cb452a44e508d37e64811c0b3df,experiment_linear_il_10
2570.663407002809,0.0,il_10,PLASMA,0.8,Decision Tree Regressor,BayesSearchCV,0.4927232494594306,0.41938991007988247,15.337591285687724,-0.017924359770433496,f15a5cb452a44e508d37e64811c0b3df,experiment_linear_il_10
2572.59188667798,0.0,il_10,PLASMA,0.8,Decision Tree Regressor,BayesSearchCV,0.4927232494594306,0.41938991007988247,15.337591285687724,-0.017924359770433496,f15a5cb452a44e508d37e64811c0b3df,experiment_linear_il_10
2574.520366353152,0.0,il_10,PLASMA,0.8,Decision Tree Regressor,BayesSearchCV,0.4927232494594306,0.41938991007988247,15.337591285687724,-0.017924359770433496,f15a5cb452a44e508d37e64811c0b3df,experiment_linear_il_10
2576.448846028322,0.0,il_10,PLASMA,0.8,Decision Tree Regressor,BayesSearchCV,0.4927232494594306,0.41938991007988247,15.337591285687724,-0.017924359770433496,f15a5cb452a44e508d37e64811c0b3df,experiment_linear_il_10
2578.377325703493,0.0,il_10,PLASMA,0.8,Decision Tree Regressor,BayesSearchCV,0.4927232494594306,0.41938991007988247,15.337591285687724,-0.017924359770433496,f15a5cb452a44e508d37e64811c0b3df,experiment_linear_il_10
2580.305805378664,0.0,il_10,PLASMA,0.8,Decision Tree Regressor,BayesSearchCV,0.4927232494594306,0.41938991007988247,15.337591285687724,-0.017924359770433496,f15a5cb452a44e508d37e64811c0b3df,experiment_linear_il_10
2582.234285053835,0.0,il_10,PLASMA,0.8,Decision Tree Regressor,BayesSearchCV,0.4927232494594306,0.41938991007988247,15.337591285687724,-0.017924359770433496,f15a5cb452a44e508d37e64811c0b3df,experiment_linear_il_10
1259.297227886598,0.0054186569562937595,il_10,SALIVA,0.8,Decision Tree Regressor,BayesSearchCV,0.8630578512877821,0.5881342111372112,19.196261975812153,-0.13984412756682119,f15a5cb452a44e508d37e64811c0b3df,experiment_linear_il_10
1257.368748211427,0.005374183461603107,il_10,SALIVA,0.8,Decision Tree Regressor,BayesSearchCV,0.8630578512877821,0.5881342111372112,19.196261975812153,-0.13984412756682119,f15a5cb452a44e508d37e64811c0b3df,experiment_linear_il_10
1261.225707561769,0.005293870024897699,il_10,SALIVA,0.8,Decision Tree Regressor,BayesSearchCV,0.8630578512877821,0.5881342111372112,19.196261975812153,-0.13984412756682119,f15a5cb452a44e508d37e64811c0b3df,experiment_linear_il_10
1255.440268536256,0.005255388450553568,il_10,SALIVA,0.8,Decision Tree Regressor,BayesSearchCV,0.8630578512877821,0.5881342111372112,19.196261975812153,-0.13984412756682119,f15a5cb452a44e508d37e64811c0b3df,experiment_linear_il_10
1253.511788861085,0.005103835856328761,il_10,SALIVA,0.8,Decision Tree Regressor,BayesSearchCV,0.8630578512877821,0.5881342111372112,19.196261975812153,-0.13984412756682119,f15a5cb452a44e508d37e64811c0b3df,experiment_linear_il_10
1263.15418723694,0.005029026434657632,il_10,SALIVA,0.8,Decision Tree Regressor,BayesSearchCV,0.8630578512877821,0.5881342111372112,19.196261975812153,-0.13984412756682119,f15a5cb452a44e508d37e64811c0b3df,experiment_linear_il_10
1251.583309185914,0.0049482316882143865,il_10,SALIVA,0.8,Decision Tree Regressor,BayesSearchCV,0.8630578512877821,0.5881342111372112,19.196261975812153,-0.13984412756682119,f15a5cb452a44e508d37e64811c0b3df,experiment_linear_il_10
1249.654829510743,0.004803410461840975,il_10,SALIVA,0.8,Decision Tree Regressor,BayesSearchCV,0.8630578512877821,0.5881342111372112,19.196261975812153,-0.13984412756682119,f15a5cb452a44e508d37e64811c0b3df,experiment_linear_il_10
1265.08266691211,0.004745361311512117,il_10,SALIVA,0.8,Decision Tree Regressor,BayesSearchCV,0.8630578512877821,0.5881342111372112,19.196261975812153,-0.13984412756682119,f15a5cb452a44e508d37e64811c0b3df,experiment_linear_il_10
1247.726349835572,0.00464251365852465,il_10,SALIVA,0.8,Decision Tree Regressor,BayesSearchCV,0.8630578512877821,0.5881342111372112,19.196261975812153,-0.13984412756682119,f15a5cb452a44e508d37e64811c0b3df,experiment_linear_il_10
1245.797870160402,0.0044065753710925675,il_10,SALIVA,0.8,Decision Tree Regressor,BayesSearchCV,0.8630578512877821,0.5881342111372112,19.196261975812153,-0.13984412756682119,f15a5cb452a44e508d37e64811c0b3df,experiment_linear_il_10
1267.011146587281,0.00429651294683968,il_10,SALIVA,0.8,Decision Tree Regressor,BayesSearchCV,0.8630578512877821,0.5881342111372112,19.196261975812153,-0.13984412756682119,f15a5cb452a44e508d37e64811c0b3df,experiment_linear_il_10
1243.86939048523,0.004129285394815004,il_10,SALIVA,0.8,Decision Tree Regressor,BayesSearchCV,0.8630578512877821,0.5881342111372112,19.196261975812153,-0.13984412756682119,f15a5cb452a44e508d37e64811c0b3df,experiment_linear_il_10
1241.94091081006,0.003940304091901045,il_10,SALIVA,0.8,Decision Tree Regressor,BayesSearchCV,0.8630578512877821,0.5881342111372112,19.196261975812153,-0.13984412756682119,f15a5cb452a44e508d37e64811c0b3df,experiment_linear_il_10
1240.012431134889,0.003847930785890359,il_10,SALIVA,0.8,Decision Tree Regressor,BayesSearchCV,0.8630578512877821,0.5881342111372112,19.196261975812153,-0.13984412756682119,f15a5cb452a44e508d37e64811c0b3df,experiment_linear_il_10
1268.939626262452,0.0037534625767095147,il_10,SALIVA,0.8,Decision Tree Regressor,BayesSearchCV,0.8630578512877821,0.5881342111372112,19.196261975812153,-0.13984412756682119,f15a5cb452a44e508d37e64811c0b3df,experiment_linear_il_10
1238.083951459718,0.0037209982338832813,il_10,SALIVA,0.8,Decision Tree Regressor,BayesSearchCV,0.8630578512877821,0.5881342111372112,19.196261975812153,-0.13984412756682119,f15a5cb452a44e508d37e64811c0b3df,experiment_linear_il_10
3027.713090018313,0.0037055613531858703,il_10,SALIVA,0.8,Decision Tree Regressor,BayesSearchCV,0.8630578512877821,0.5881342111372112,19.196261975812153,-0.13984412756682119,f15a5cb452a44e508d37e64811c0b3df,experiment_linear_il_10
944.9550408337414,0.0036921407962778536,il_10,SALIVA,0.8,Decision Tree Regressor,BayesSearchCV,0.8630578512877821,0.5881342111372112,19.196261975812153,-0.13984412756682119,f15a5cb452a44e508d37e64811c0b3df,experiment_linear_il_10
2696.014585888918,0.0036697092405544155,il_10,SALIVA,0.8,Decision Tree Regressor,BayesSearchCV,0.8630578512877821,0.5881342111372112,19.196261975812153,-0.13984412756682119,f15a5cb452a44e508d37e64811c0b3df,experiment_linear_il_10
1191.800439255616,1.0,il_10,SALIVA,0.8,Decision Tree Regressor,BayesSearchCV,0.8604121634146662,0.5498295747439399,16.413714997967556,-0.13286649672081308,f15a5cb452a44e508d37e64811c0b3df,experiment_linear_il_10
929.5272034323739,0.0,il_10,SALIVA,0.8,Decision Tree Regressor,BayesSearchCV,0.8604121634146662,0.5498295747439399,16.413714997967556,-0.13286649672081308,f15a5cb452a44e508d37e64811c0b3df,experiment_linear_il_10
2570.663407002809,0.0,il_10,SALIVA,0.8,Decision Tree Regressor,BayesSearchCV,0.8604121634146662,0.5498295747439399,16.413714997967556,-0.13286649672081308,f15a5cb452a44e508d37e64811c0b3df,experiment_linear_il_10
2553.307089926272,0.0,il_10,SALIVA,0.8,Decision Tree Regressor,BayesSearchCV,0.8604121634146662,0.5498295747439399,16.413714997967556,-0.13286649672081308,f15a5cb452a44e508d37e64811c0b3df,experiment_linear_il_10
2555.235569601442,0.0,il_10,SALIVA,0.8,Decision Tree Regressor,BayesSearchCV,0.8604121634146662,0.5498295747439399,16.413714997967556,-0.13286649672081308,f15a5cb452a44e508d37e64811c0b3df,experiment_linear_il_10
2557.164049276613,0.0,il_10,SALIVA,0.8,Decision Tree Regressor,BayesSearchCV,0.8604121634146662,0.5498295747439399,16.413714997967556,-0.13286649672081308,f15a5cb452a44e508d37e64811c0b3df,experiment_linear_il_10
2559.092528951784,0.0,il_10,SALIVA,0.8,Decision Tree Regressor,BayesSearchCV,0.8604121634146662,0.5498295747439399,16.413714997967556,-0.13286649672081308,f15a5cb452a44e508d37e64811c0b3df,experiment_linear_il_10
2561.021008626955,0.0,il_10,SALIVA,0.8,Decision Tree Regressor,BayesSearchCV,0.8604121634146662,0.5498295747439399,16.413714997967556,-0.13286649672081308,f15a5cb452a44e508d37e64811c0b3df,experiment_linear_il_10
2562.949488302126,0.0,il_10,SALIVA,0.8,Decision Tree Regressor,BayesSearchCV,0.8604121634146662,0.5498295747439399,16.413714997967556,-0.13286649672081308,f15a5cb452a44e508d37e64811c0b3df,experiment_linear_il_10
2564.877967977297,0.0,il_10,SALIVA,0.8,Decision Tree Regressor,BayesSearchCV,0.8604121634146662,0.5498295747439399,16.413714997967556,-0.13286649672081308,f15a5cb452a44e508d37e64811c0b3df,experiment_linear_il_10
2566.806447652468,0.0,il_10,SALIVA,0.8,Decision Tree Regressor,BayesSearchCV,0.8604121634146662,0.5498295747439399,16.413714997967556,-0.13286649672081308,f15a5cb452a44e508d37e64811c0b3df,experiment_linear_il_10
2568.734927327639,0.0,il_10,SALIVA,0.8,Decision Tree Regressor,BayesSearchCV,0.8604121634146662,0.5498295747439399,16.413714997967556,-0.13286649672081308,f15a5cb452a44e508d37e64811c0b3df,experiment_linear_il_10
2572.59188667798,0.0,il_10,SALIVA,0.8,Decision Tree Regressor,BayesSearchCV,0.8604121634146662,0.5498295747439399,16.413714997967556,-0.13286649672081308,f15a5cb452a44e508d37e64811c0b3df,experiment_linear_il_10
2549.45013057593,0.0,il_10,SALIVA,0.8,Decision Tree Regressor,BayesSearchCV,0.8604121634146662,0.5498295747439399,16.413714997967556,-0.13286649672081308,f15a5cb452a44e508d37e64811c0b3df,experiment_linear_il_10
2574.520366353152,0.0,il_10,SALIVA,0.8,Decision Tree Regressor,BayesSearchCV,0.8604121634146662,0.5498295747439399,16.413714997967556,-0.13286649672081308,f15a5cb452a44e508d37e64811c0b3df,experiment_linear_il_10
2576.448846028322,0.0,il_10,SALIVA,0.8,Decision Tree Regressor,BayesSearchCV,0.8604121634146662,0.5498295747439399,16.413714997967556,-0.13286649672081308,f15a5cb452a44e508d37e64811c0b3df,experiment_linear_il_10
2578.377325703493,0.0,il_10,SALIVA,0.8,Decision Tree Regressor,BayesSearchCV,0.8604121634146662,0.5498295747439399,16.413714997967556,-0.13286649672081308,f15a5cb452a44e508d37e64811c0b3df,experiment_linear_il_10
2580.305805378664,0.0,il_10,SALIVA,0.8,Decision Tree Regressor,BayesSearchCV,0.8604121634146662,0.5498295747439399,16.413714997967556,-0.13286649672081308,f15a5cb452a44e508d37e64811c0b3df,experiment_linear_il_10
2582.234285053835,0.0,il_10,SALIVA,0.8,Decision Tree Regressor,BayesSearchCV,0.8604121634146662,0.5498295747439399,16.413714997967556,-0.13286649672081308,f15a5cb452a44e508d37e64811c0b3df,experiment_linear_il_10
2584.162764729006,0.0,il_10,SALIVA,0.8,Decision Tree Regressor,BayesSearchCV,0.8604121634146662,0.5498295747439399,16.413714997967556,-0.13286649672081308,f15a5cb452a44e508d37e64811c0b3df,experiment_linear_il_10
1259.297227886598,0.0054186569562937595,il_10,SALIVA,0.8,Decision Tree Regressor,BayesSearchCV,0.8630578512877821,0.5881342111372112,19.196261975812153,-0.13984412756682119,f15a5cb452a44e508d37e64811c0b3df,experiment_linear_il_10
1257.368748211427,0.005374183461603107,il_10,SALIVA,0.8,Decision Tree Regressor,BayesSearchCV,0.8630578512877821,0.5881342111372112,19.196261975812153,-0.13984412756682119,f15a5cb452a44e508d37e64811c0b3df,experiment_linear_il_10
1261.225707561769,0.005293870024897699,il_10,SALIVA,0.8,Decision Tree Regressor,BayesSearchCV,0.8630578512877821,0.5881342111372112,19.196261975812153,-0.13984412756682119,f15a5cb452a44e508d37e64811c0b3df,experiment_linear_il_10
1255.440268536256,0.005255388450553566,il_10,SALIVA,0.8,Decision Tree Regressor,BayesSearchCV,0.8630578512877821,0.5881342111372112,19.196261975812153,-0.13984412756682119,f15a5cb452a44e508d37e64811c0b3df,experiment_linear_il_10
1253.511788861085,0.00510383585632876,il_10,SALIVA,0.8,Decision Tree Regressor,BayesSearchCV,0.8630578512877821,0.5881342111372112,19.196261975812153,-0.13984412756682119,f15a5cb452a44e508d37e64811c0b3df,experiment_linear_il_10
1263.15418723694,0.005029026434657632,il_10,SALIVA,0.8,Decision Tree Regressor,BayesSearchCV,0.8630578512877821,0.5881342111372112,19.196261975812153,-0.13984412756682119,f15a5cb452a44e508d37e64811c0b3df,experiment_linear_il_10
1251.583309185914,0.004948231688214386,il_10,SALIVA,0.8,Decision Tree Regressor,BayesSearchCV,0.8630578512877821,0.5881342111372112,19.196261975812153,-0.13984412756682119,f15a5cb452a44e508d37e64811c0b3df,experiment_linear_il_10
1249.654829510743,0.004803410461840974,il_10,SALIVA,0.8,Decision Tree Regressor,BayesSearchCV,0.8630578512877821,0.5881342111372112,19.196261975812153,-0.13984412756682119,f15a5cb452a44e508d37e64811c0b3df,experiment_linear_il_10
1265.08266691211,0.0047453613115121165,il_10,SALIVA,0.8,Decision Tree Regressor,BayesSearchCV,0.8630578512877821,0.5881342111372112,19.196261975812153,-0.13984412756682119,f15a5cb452a44e508d37e64811c0b3df,experiment_linear_il_10
1247.726349835572,0.004642513658524651,il_10,SALIVA,0.8,Decision Tree Regressor,BayesSearchCV,0.8630578512877821,0.5881342111372112,19.196261975812153,-0.13984412756682119,f15a5cb452a44e508d37e64811c0b3df,experiment_linear_il_10
1245.797870160402,0.004406575371092566,il_10,SALIVA,0.8,Decision Tree Regressor,BayesSearchCV,0.8630578512877821,0.5881342111372112,19.196261975812153,-0.13984412756682119,f15a5cb452a44e508d37e64811c0b3df,experiment_linear_il_10
1267.011146587281,0.00429651294683968,il_10,SALIVA,0.8,Decision Tree Regressor,BayesSearchCV,0.8630578512877821,0.5881342111372112,19.196261975812153,-0.13984412756682119,f15a5cb452a44e508d37e64811c0b3df,experiment_linear_il_10
1243.86939048523,0.004129285394815003,il_10,SALIVA,0.8,Decision Tree Regressor,BayesSearchCV,0.8630578512877821,0.5881342111372112,19.196261975812153,-0.13984412756682119,f15a5cb452a44e508d37e64811c0b3df,experiment_linear_il_10
1241.94091081006,0.0039403040919010444,il_10,SALIVA,0.8,Decision Tree Regressor,BayesSearchCV,0.8630578512877821,0.5881342111372112,19.196261975812153,-0.13984412756682119,f15a5cb452a44e508d37e64811c0b3df,experiment_linear_il_10
1240.012431134889,0.0038479307858903574,il_10,SALIVA,0.8,Decision Tree Regressor,BayesSearchCV,0.8630578512877821,0.5881342111372112,19.196261975812153,-0.13984412756682119,f15a5cb452a44e508d37e64811c0b3df,experiment_linear_il_10
1268.939626262452,0.003753462576709515,il_10,SALIVA,0.8,Decision Tree Regressor,BayesSearchCV,0.8630578512877821,0.5881342111372112,19.196261975812153,-0.13984412756682119,f15a5cb452a44e508d37e64811c0b3df,experiment_linear_il_10
1238.083951459718,0.0037209982338832787,il_10,SALIVA,0.8,Decision Tree Regressor,BayesSearchCV,0.8630578512877821,0.5881342111372112,19.196261975812153,-0.13984412756682119,f15a5cb452a44e508d37e64811c0b3df,experiment_linear_il_10
3027.713090018313,0.0037055613531858703,il_10,SALIVA,0.8,Decision Tree Regressor,BayesSearchCV,0.8630578512877821,0.5881342111372112,19.196261975812153,-0.13984412756682119,f15a5cb452a44e508d37e64811c0b3df,experiment_linear_il_10
944.9550408337414,0.0036921407962778536,il_10,SALIVA,0.8,Decision Tree Regressor,BayesSearchCV,0.8630578512877821,0.5881342111372112,19.196261975812153,-0.13984412756682119,f15a5cb452a44e508d37e64811c0b3df,experiment_linear_il_10
2696.014585888918,0.0036697092405544164,il_10,SALIVA,0.8,Decision Tree Regressor,BayesSearchCV,0.8630578512877821,0.5881342111372112,19.196261975812153,-0.13984412756682119,f15a5cb452a44e508d37e64811c0b3df,experiment_linear_il_10
1191.800439255616,1.0,il_10,SALIVA,0.8,Decision Tree Regressor,BayesSearchCV,0.8604121634146662,0.5498295747439399,16.413714997967556,-0.13286649672081308,f15a5cb452a44e508d37e64811c0b3df,experiment_linear_il_10
929.5272034323739,0.0,il_10,SALIVA,0.8,Decision Tree Regressor,BayesSearchCV,0.8604121634146662,0.5498295747439399,16.413714997967556,-0.13286649672081308,f15a5cb452a44e508d37e64811c0b3df,experiment_linear_il_10
2570.663407002809,0.0,il_10,SALIVA,0.8,Decision Tree Regressor,BayesSearchCV,0.8604121634146662,0.5498295747439399,16.413714997967556,-0.13286649672081308,f15a5cb452a44e508d37e64811c0b3df,experiment_linear_il_10
2553.307089926272,0.0,il_10,SALIVA,0.8,Decision Tree Regressor,BayesSearchCV,0.8604121634146662,0.5498295747439399,16.413714997967556,-0.13286649672081308,f15a5cb452a44e508d37e64811c0b3df,experiment_linear_il_10
2555.235569601442,0.0,il_10,SALIVA,0.8,Decision Tree Regressor,BayesSearchCV,0.8604121634146662,0.5498295747439399,16.413714997967556,-0.13286649672081308,f15a5cb452a44e508d37e64811c0b3df,experiment_linear_il_10
2557.164049276613,0.0,il_10,SALIVA,0.8,Decision Tree Regressor,BayesSearchCV,0.8604121634146662,0.5498295747439399,16.413714997967556,-0.13286649672081308,f15a5cb452a44e508d37e64811c0b3df,experiment_linear_il_10
2559.092528951784,0.0,il_10,SALIVA,0.8,Decision Tree Regressor,BayesSearchCV,0.8604121634146662,0.5498295747439399,16.413714997967556,-0.13286649672081308,f15a5cb452a44e508d37e64811c0b3df,experiment_linear_il_10
2561.021008626955,0.0,il_10,SALIVA,0.8,Decision Tree Regressor,BayesSearchCV,0.8604121634146662,0.5498295747439399,16.413714997967556,-0.13286649672081308,f15a5cb452a44e508d37e64811c0b3df,experiment_linear_il_10
2562.949488302126,0.0,il_10,SALIVA,0.8,Decision Tree Regressor,BayesSearchCV,0.8604121634146662,0.5498295747439399,16.413714997967556,-0.13286649672081308,f15a5cb452a44e508d37e64811c0b3df,experiment_linear_il_10
2564.877967977297,0.0,il_10,SALIVA,0.8,Decision Tree Regressor,BayesSearchCV,0.8604121634146662,0.5498295747439399,16.413714997967556,-0.13286649672081308,f15a5cb452a44e508d37e64811c0b3df,experiment_linear_il_10
2566.806447652468,0.0,il_10,SALIVA,0.8,Decision Tree Regressor,BayesSearchCV,0.8604121634146662,0.5498295747439399,16.413714997967556,-0.13286649672081308,f15a5cb452a44e508d37e64811c0b3df,experiment_linear_il_10
2568.734927327639,0.0,il_10,SALIVA,0.8,Decision Tree Regressor,BayesSearchCV,0.8604121634146662,0.5498295747439399,16.413714997967556,-0.13286649672081308,f15a5cb452a44e508d37e64811c0b3df,experiment_linear_il_10
2572.59188667798,0.0,il_10,SALIVA,0.8,Decision Tree Regressor,BayesSearchCV,0.8604121634146662,0.5498295747439399,16.413714997967556,-0.13286649672081308,f15a5cb452a44e508d37e64811c0b3df,experiment_linear_il_10
2549.45013057593,0.0,il_10,SALIVA,0.8,Decision Tree Regressor,BayesSearchCV,0.8604121634146662,0.5498295747439399,16.413714997967556,-0.13286649672081308,f15a5cb452a44e508d37e64811c0b3df,experiment_linear_il_10
2574.520366353152,0.0,il_10,SALIVA,0.8,Decision Tree Regressor,BayesSearchCV,0.8604121634146662,0.5498295747439399,16.413714997967556,-0.13286649672081308,f15a5cb452a44e508d37e64811c0b3df,experiment_linear_il_10
2576.448846028322,0.0,il_10,SALIVA,0.8,Decision Tree Regressor,BayesSearchCV,0.8604121634146662,0.5498295747439399,16.413714997967556,-0.13286649672081308,f15a5cb452a44e508d37e64811c0b3df,experiment_linear_il_10
2578.377325703493,0.0,il_10,SALIVA,0.8,Decision Tree Regressor,BayesSearchCV,0.8604121634146662,0.5498295747439399,16.413714997967556,-0.13286649672081308,f15a5cb452a44e508d37e64811c0b3df,experiment_linear_il_10
2580.305805378664,0.0,il_10,SALIVA,0.8,Decision Tree Regressor,BayesSearchCV,0.8604121634146662,0.5498295747439399,16.413714997967556,-0.13286649672081308,f15a5cb452a44e508d37e64811c0b3df,experiment_linear_il_10
2582.234285053835,0.0,il_10,SALIVA,0.8,Decision Tree Regressor,BayesSearchCV,0.8604121634146662,0.5498295747439399,16.413714997967556,-0.13286649672081308,f15a5cb452a44e508d37e64811c0b3df,experiment_linear_il_10
2584.162764729006,0.0,il_10,SALIVA,0.8,Decision Tree Regressor,BayesSearchCV,0.8604121634146662,0.5498295747439399,16.413714997967556,-0.13286649672081308,f15a5cb452a44e508d37e64811c0b3df,experiment_linear_il_10
2672.872829786867,0.0024609817544098567,il_10,SERUM,0.8,Decision Tree Regressor,BayesSearchCV,0.9781356988491434,0.606005523406202,20.10471553743452,0.012906503862998187,f15a5cb452a44e508d37e64811c0b3df,experiment_linear_il_10
2684.443707837893,0.0024470914562434655,il_10,SERUM,0.8,Decision Tree Regressor,BayesSearchCV,0.9781356988491434,0.606005523406202,20.10471553743452,0.012906503862998187,f15a5cb452a44e508d37e64811c0b3df,experiment_linear_il_10
2670.944350111697,0.0024393294904051467,il_10,SERUM,0.8,Decision Tree Regressor,BayesSearchCV,0.9781356988491434,0.606005523406202,20.10471553743452,0.012906503862998187,f15a5cb452a44e508d37e64811c0b3df,experiment_linear_il_10
2674.801309462038,0.0024302118543789975,il_10,SERUM,0.8,Decision Tree Regressor,BayesSearchCV,0.9781356988491434,0.606005523406202,20.10471553743452,0.012906503862998187,f15a5cb452a44e508d37e64811c0b3df,experiment_linear_il_10
2686.372187513064,0.002407525380401099,il_10,SERUM,0.8,Decision Tree Regressor,BayesSearchCV,0.9781356988491434,0.606005523406202,20.10471553743452,0.012906503862998187,f15a5cb452a44e508d37e64811c0b3df,experiment_linear_il_10
2669.015870436525,0.0023949063759949457,il_10,SERUM,0.8,Decision Tree Regressor,BayesSearchCV,0.9781356988491434,0.606005523406202,20.10471553743452,0.012906503862998187,f15a5cb452a44e508d37e64811c0b3df,experiment_linear_il_10
2659.373472060671,0.002388673549074794,il_10,SERUM,0.8,Decision Tree Regressor,BayesSearchCV,0.9781356988491434,0.606005523406202,20.10471553743452,0.012906503862998187,f15a5cb452a44e508d37e64811c0b3df,experiment_linear_il_10
2657.4449923855,0.0023871995685057408,il_10,SERUM,0.8,Decision Tree Regressor,BayesSearchCV,0.9781356988491434,0.606005523406202,20.10471553743452,0.012906503862998187,f15a5cb452a44e508d37e64811c0b3df,experiment_linear_il_10
2665.158911086184,0.0023689317499944237,il_10,SERUM,0.8,Decision Tree Regressor,BayesSearchCV,0.9781356988491434,0.606005523406202,20.10471553743452,0.012906503862998187,f15a5cb452a44e508d37e64811c0b3df,experiment_linear_il_10
2661.301951735842,0.002368720938564379,il_10,SERUM,0.8,Decision Tree Regressor,BayesSearchCV,0.9781356988491434,0.606005523406202,20.10471553743452,0.012906503862998187,f15a5cb452a44e508d37e64811c0b3df,experiment_linear_il_10
2667.087390761355,0.0023683458729492858,il_10,SERUM,0.8,Decision Tree Regressor,BayesSearchCV,0.9781356988491434,0.606005523406202,20.10471553743452,0.012906503862998187,f15a5cb452a44e508d37e64811c0b3df,experiment_linear_il_10
2663.230431411013,0.002365011316943776,il_10,SERUM,0.8,Decision Tree Regressor,BayesSearchCV,0.9781356988491434,0.606005523406202,20.10471553743452,0.012906503862998187,f15a5cb452a44e508d37e64811c0b3df,experiment_linear_il_10
2655.516512710329,0.0023572863789647837,il_10,SERUM,0.8,Decision Tree Regressor,BayesSearchCV,0.9781356988491434,0.606005523406202,20.10471553743452,0.012906503862998187,f15a5cb452a44e508d37e64811c0b3df,experiment_linear_il_10
2653.588033035158,0.0023354407356909776,il_10,SERUM,0.8,Decision Tree Regressor,BayesSearchCV,0.9781356988491434,0.606005523406202,20.10471553743452,0.012906503862998187,f15a5cb452a44e508d37e64811c0b3df,experiment_linear_il_10
2676.729789137209,0.0023221297444444263,il_10,SERUM,0.8,Decision Tree Regressor,BayesSearchCV,0.9781356988491434,0.606005523406202,20.10471553743452,0.012906503862998187,f15a5cb452a44e508d37e64811c0b3df,experiment_linear_il_10
2651.659553359988,0.002309689038068796,il_10,SERUM,0.8,Decision Tree Regressor,BayesSearchCV,0.9781356988491434,0.606005523406202,20.10471553743452,0.012906503862998187,f15a5cb452a44e508d37e64811c0b3df,experiment_linear_il_10
2682.515228162722,0.0022996876985666038,il_10,SERUM,0.8,Decision Tree Regressor,BayesSearchCV,0.9781356988491434,0.606005523406202,20.10471553743452,0.012906503862998187,f15a5cb452a44e508d37e64811c0b3df,experiment_linear_il_10
1803.128496284791,0.0022744833080249036,il_10,SERUM,0.8,Decision Tree Regressor,BayesSearchCV,0.9781356988491434,0.606005523406202,20.10471553743452,0.012906503862998187,f15a5cb452a44e508d37e64811c0b3df,experiment_linear_il_10
1805.056975959963,0.0022738860890814407,il_10,SERUM,0.8,Decision Tree Regressor,BayesSearchCV,0.9781356988491434,0.606005523406202,20.10471553743452,0.012906503862998187,f15a5cb452a44e508d37e64811c0b3df,experiment_linear_il_10
1806.985455635133,0.0022729457062711025,il_10,SERUM,0.8,Decision Tree Regressor,BayesSearchCV,0.9781356988491434,0.606005523406202,20.10471553743452,0.012906503862998187,f15a5cb452a44e508d37e64811c0b3df,experiment_linear_il_10
2624.660837907595,0.4226493804201312,il_10,SERUM,0.8,Decision Tree Regressor,BayesSearchCV,0.9998973732045279,0.6204340421857364,20.506052118168903,-0.0315040231605308,f15a5cb452a44e508d37e64811c0b3df,experiment_linear_il_10
1255.440268536256,0.26932415328787224,il_10,SERUM,0.8,Decision Tree Regressor,BayesSearchCV,0.9998973732045279,0.6204340421857364,20.506052118168903,-0.0315040231605308,f15a5cb452a44e508d37e64811c0b3df,experiment_linear_il_10
2672.872829786867,0.17860440913435857,il_10,SERUM,0.8,Decision Tree Regressor,BayesSearchCV,0.9998973732045279,0.6204340421857364,20.506052118168903,-0.0315040231605308,f15a5cb452a44e508d37e64811c0b3df,experiment_linear_il_10
1606.42356941736,0.12942205715763808,il_10,SERUM,0.8,Decision Tree Regressor,BayesSearchCV,0.9998973732045279,0.6204340421857364,20.506052118168903,-0.0315040231605308,f15a5cb452a44e508d37e64811c0b3df,experiment_linear_il_10
929.5272034323739,0.0,il_10,SERUM,0.8,Decision Tree Regressor,BayesSearchCV,0.9998973732045279,0.6204340421857364,20.506052118168903,-0.0315040231605308,f15a5cb452a44e508d37e64811c0b3df,experiment_linear_il_10
2566.806447652468,0.0,il_10,SERUM,0.8,Decision Tree Regressor,BayesSearchCV,0.9998973732045279,0.6204340421857364,20.506052118168903,-0.0315040231605308,f15a5cb452a44e508d37e64811c0b3df,experiment_linear_il_10
2553.307089926272,0.0,il_10,SERUM,0.8,Decision Tree Regressor,BayesSearchCV,0.9998973732045279,0.6204340421857364,20.506052118168903,-0.0315040231605308,f15a5cb452a44e508d37e64811c0b3df,experiment_linear_il_10
2555.235569601442,0.0,il_10,SERUM,0.8,Decision Tree Regressor,BayesSearchCV,0.9998973732045279,0.6204340421857364,20.506052118168903,-0.0315040231605308,f15a5cb452a44e508d37e64811c0b3df,experiment_linear_il_10
2557.164049276613,0.0,il_10,SERUM,0.8,Decision Tree Regressor,BayesSearchCV,0.9998973732045279,0.6204340421857364,20.506052118168903,-0.0315040231605308,f15a5cb452a44e508d37e64811c0b3df,experiment_linear_il_10
2559.092528951784,0.0,il_10,SERUM,0.8,Decision Tree Regressor,BayesSearchCV,0.9998973732045279,0.6204340421857364,20.506052118168903,-0.0315040231605308,f15a5cb452a44e508d37e64811c0b3df,experiment_linear_il_10
2561.021008626955,0.0,il_10,SERUM,0.8,Decision Tree Regressor,BayesSearchCV,0.9998973732045279,0.6204340421857364,20.506052118168903,-0.0315040231605308,f15a5cb452a44e508d37e64811c0b3df,experiment_linear_il_10
2562.949488302126,0.0,il_10,SERUM,0.8,Decision Tree Regressor,BayesSearchCV,0.9998973732045279,0.6204340421857364,20.506052118168903,-0.0315040231605308,f15a5cb452a44e508d37e64811c0b3df,experiment_linear_il_10
2564.877967977297,0.0,il_10,SERUM,0.8,Decision Tree Regressor,BayesSearchCV,0.9998973732045279,0.6204340421857364,20.506052118168903,-0.0315040231605308,f15a5cb452a44e508d37e64811c0b3df,experiment_linear_il_10
2568.734927327639,0.0,il_10,SERUM,0.8,Decision Tree Regressor,BayesSearchCV,0.9998973732045279,0.6204340421857364,20.506052118168903,-0.0315040231605308,f15a5cb452a44e508d37e64811c0b3df,experiment_linear_il_10
2549.45013057593,0.0,il_10,SERUM,0.8,Decision Tree Regressor,BayesSearchCV,0.9998973732045279,0.6204340421857364,20.506052118168903,-0.0315040231605308,f15a5cb452a44e508d37e64811c0b3df,experiment_linear_il_10
2570.663407002809,0.0,il_10,SERUM,0.8,Decision Tree Regressor,BayesSearchCV,0.9998973732045279,0.6204340421857364,20.506052118168903,-0.0315040231605308,f15a5cb452a44e508d37e64811c0b3df,experiment_linear_il_10
2572.59188667798,0.0,il_10,SERUM,0.8,Decision Tree Regressor,BayesSearchCV,0.9998973732045279,0.6204340421857364,20.506052118168903,-0.0315040231605308,f15a5cb452a44e508d37e64811c0b3df,experiment_linear_il_10
2574.520366353152,0.0,il_10,SERUM,0.8,Decision Tree Regressor,BayesSearchCV,0.9998973732045279,0.6204340421857364,20.506052118168903,-0.0315040231605308,f15a5cb452a44e508d37e64811c0b3df,experiment_linear_il_10
2576.448846028322,0.0,il_10,SERUM,0.8,Decision Tree Regressor,BayesSearchCV,0.9998973732045279,0.6204340421857364,20.506052118168903,-0.0315040231605308,f15a5cb452a44e508d37e64811c0b3df,experiment_linear_il_10
2578.377325703493,0.0,il_10,SERUM,0.8,Decision Tree Regressor,BayesSearchCV,0.9998973732045279,0.6204340421857364,20.506052118168903,-0.0315040231605308,f15a5cb452a44e508d37e64811c0b3df,experiment_linear_il_10
2672.872829786867,0.0024609817544098567,il_10,SERUM,0.8,Decision Tree Regressor,BayesSearchCV,0.9781356988491434,0.606005523406202,20.10471553743452,0.012906503862998187,f15a5cb452a44e508d37e64811c0b3df,experiment_linear_il_10
2684.443707837893,0.0024470914562434655,il_10,SERUM,0.8,Decision Tree Regressor,BayesSearchCV,0.9781356988491434,0.606005523406202,20.10471553743452,0.012906503862998187,f15a5cb452a44e508d37e64811c0b3df,experiment_linear_il_10
2670.944350111697,0.0024393294904051467,il_10,SERUM,0.8,Decision Tree Regressor,BayesSearchCV,0.9781356988491434,0.606005523406202,20.10471553743452,0.012906503862998187,f15a5cb452a44e508d37e64811c0b3df,experiment_linear_il_10
2674.801309462038,0.002430211854378997,il_10,SERUM,0.8,Decision Tree Regressor,BayesSearchCV,0.9781356988491434,0.606005523406202,20.10471553743452,0.012906503862998187,f15a5cb452a44e508d37e64811c0b3df,experiment_linear_il_10
2686.372187513064,0.0024075253804010997,il_10,SERUM,0.8,Decision Tree Regressor,BayesSearchCV,0.9781356988491434,0.606005523406202,20.10471553743452,0.012906503862998187,f15a5cb452a44e508d37e64811c0b3df,experiment_linear_il_10
2669.015870436525,0.002394906375994946,il_10,SERUM,0.8,Decision Tree Regressor,BayesSearchCV,0.9781356988491434,0.606005523406202,20.10471553743452,0.012906503862998187,f15a5cb452a44e508d37e64811c0b3df,experiment_linear_il_10
2659.373472060671,0.002388673549074794,il_10,SERUM,0.8,Decision Tree Regressor,BayesSearchCV,0.9781356988491434,0.606005523406202,20.10471553743452,0.012906503862998187,f15a5cb452a44e508d37e64811c0b3df,experiment_linear_il_10
2657.4449923855,0.0023871995685057403,il_10,SERUM,0.8,Decision Tree Regressor,BayesSearchCV,0.9781356988491434,0.606005523406202,20.10471553743452,0.012906503862998187,f15a5cb452a44e508d37e64811c0b3df,experiment_linear_il_10
2665.158911086184,0.0023689317499944237,il_10,SERUM,0.8,Decision Tree Regressor,BayesSearchCV,0.9781356988491434,0.606005523406202,20.10471553743452,0.012906503862998187,f15a5cb452a44e508d37e64811c0b3df,experiment_linear_il_10
2661.301951735842,0.002368720938564379,il_10,SERUM,0.8,Decision Tree Regressor,BayesSearchCV,0.9781356988491434,0.606005523406202,20.10471553743452,0.012906503862998187,f15a5cb452a44e508d37e64811c0b3df,experiment_linear_il_10
2667.087390761355,0.0023683458729492858,il_10,SERUM,0.8,Decision Tree Regressor,BayesSearchCV,0.9781356988491434,0.606005523406202,20.10471553743452,0.012906503862998187,f15a5cb452a44e508d37e64811c0b3df,experiment_linear_il_10
2663.230431411013,0.0023650113169437757,il_10,SERUM,0.8,Decision Tree Regressor,BayesSearchCV,0.9781356988491434,0.606005523406202,20.10471553743452,0.012906503862998187,f15a5cb452a44e508d37e64811c0b3df,experiment_linear_il_10
2655.516512710329,0.0023572863789647837,il_10,SERUM,0.8,Decision Tree Regressor,BayesSearchCV,0.9781356988491434,0.606005523406202,20.10471553743452,0.012906503862998187,f15a5cb452a44e508d37e64811c0b3df,experiment_linear_il_10
2653.588033035158,0.0023354407356909776,il_10,SERUM,0.8,Decision Tree Regressor,BayesSearchCV,0.9781356988491434,0.606005523406202,20.10471553743452,0.012906503862998187,f15a5cb452a44e508d37e64811c0b3df,experiment_linear_il_10
2676.729789137209,0.0023221297444444254,il_10,SERUM,0.8,Decision Tree Regressor,BayesSearchCV,0.9781356988491434,0.606005523406202,20.10471553743452,0.012906503862998187,f15a5cb452a44e508d37e64811c0b3df,experiment_linear_il_10
2651.659553359988,0.002309689038068796,il_10,SERUM,0.8,Decision Tree Regressor,BayesSearchCV,0.9781356988491434,0.606005523406202,20.10471553743452,0.012906503862998187,f15a5cb452a44e508d37e64811c0b3df,experiment_linear_il_10
2682.515228162722,0.0022996876985666038,il_10,SERUM,0.8,Decision Tree Regressor,BayesSearchCV,0.9781356988491434,0.606005523406202,20.10471553743452,0.012906503862998187,f15a5cb452a44e508d37e64811c0b3df,experiment_linear_il_10
1803.128496284791,0.0022744833080249023,il_10,SERUM,0.8,Decision Tree Regressor,BayesSearchCV,0.9781356988491434,0.606005523406202,20.10471553743452,0.012906503862998187,f15a5cb452a44e508d37e64811c0b3df,experiment_linear_il_10
1805.056975959963,0.0022738860890814407,il_10,SERUM,0.8,Decision Tree Regressor,BayesSearchCV,0.9781356988491434,0.606005523406202,20.10471553743452,0.012906503862998187,f15a5cb452a44e508d37e64811c0b3df,experiment_linear_il_10
1806.985455635133,0.002272945706271102,il_10,SERUM,0.8,Decision Tree Regressor,BayesSearchCV,0.9781356988491434,0.606005523406202,20.10471553743452,0.012906503862998187,f15a5cb452a44e508d37e64811c0b3df,experiment_linear_il_10
2684.443707837893,1.0,il_10,SERUM,0.8,Decision Tree Regressor,BayesSearchCV,0.9529433859594598,0.5670536537887528,18.410986479660856,0.06309777249018389,f15a5cb452a44e508d37e64811c0b3df,experiment_linear_il_10
2568.734927327639,0.0,il_10,SERUM,0.8,Decision Tree Regressor,BayesSearchCV,0.9529433859594598,0.5670536537887528,18.410986479660856,0.06309777249018389,f15a5cb452a44e508d37e64811c0b3df,experiment_linear_il_10
2551.378610251101,0.0,il_10,SERUM,0.8,Decision Tree Regressor,BayesSearchCV,0.9529433859594598,0.5670536537887528,18.410986479660856,0.06309777249018389,f15a5cb452a44e508d37e64811c0b3df,experiment_linear_il_10
2553.307089926272,0.0,il_10,SERUM,0.8,Decision Tree Regressor,BayesSearchCV,0.9529433859594598,0.5670536537887528,18.410986479660856,0.06309777249018389,f15a5cb452a44e508d37e64811c0b3df,experiment_linear_il_10
2555.235569601442,0.0,il_10,SERUM,0.8,Decision Tree Regressor,BayesSearchCV,0.9529433859594598,0.5670536537887528,18.410986479660856,0.06309777249018389,f15a5cb452a44e508d37e64811c0b3df,experiment_linear_il_10
2557.164049276613,0.0,il_10,SERUM,0.8,Decision Tree Regressor,BayesSearchCV,0.9529433859594598,0.5670536537887528,18.410986479660856,0.06309777249018389,f15a5cb452a44e508d37e64811c0b3df,experiment_linear_il_10
2559.092528951784,0.0,il_10,SERUM,0.8,Decision Tree Regressor,BayesSearchCV,0.9529433859594598,0.5670536537887528,18.410986479660856,0.06309777249018389,f15a5cb452a44e508d37e64811c0b3df,experiment_linear_il_10
2561.021008626955,0.0,il_10,SERUM,0.8,Decision Tree Regressor,BayesSearchCV,0.9529433859594598,0.5670536537887528,18.410986479660856,0.06309777249018389,f15a5cb452a44e508d37e64811c0b3df,experiment_linear_il_10
2562.949488302126,0.0,il_10,SERUM,0.8,Decision Tree Regressor,BayesSearchCV,0.9529433859594598,0.5670536537887528,18.410986479660856,0.06309777249018389,f15a5cb452a44e508d37e64811c0b3df,experiment_linear_il_10
2564.877967977297,0.0,il_10,SERUM,0.8,Decision Tree Regressor,BayesSearchCV,0.9529433859594598,0.5670536537887528,18.410986479660856,0.06309777249018389,f15a5cb452a44e508d37e64811c0b3df,experiment_linear_il_10
2566.806447652468,0.0,il_10,SERUM,0.8,Decision Tree Regressor,BayesSearchCV,0.9529433859594598,0.5670536537887528,18.410986479660856,0.06309777249018389,f15a5cb452a44e508d37e64811c0b3df,experiment_linear_il_10
2570.663407002809,0.0,il_10,SERUM,0.8,Decision Tree Regressor,BayesSearchCV,0.9529433859594598,0.5670536537887528,18.410986479660856,0.06309777249018389,f15a5cb452a44e508d37e64811c0b3df,experiment_linear_il_10
2547.521650900759,0.0,il_10,SERUM,0.8,Decision Tree Regressor,BayesSearchCV,0.9529433859594598,0.5670536537887528,18.410986479660856,0.06309777249018389,f15a5cb452a44e508d37e64811c0b3df,experiment_linear_il_10
2572.59188667798,0.0,il_10,SERUM,0.8,Decision Tree Regressor,BayesSearchCV,0.9529433859594598,0.5670536537887528,18.410986479660856,0.06309777249018389,f15a5cb452a44e508d37e64811c0b3df,experiment_linear_il_10
2574.520366353152,0.0,il_10,SERUM,0.8,Decision Tree Regressor,BayesSearchCV,0.9529433859594598,0.5670536537887528,18.410986479660856,0.06309777249018389,f15a5cb452a44e508d37e64811c0b3df,experiment_linear_il_10
2576.448846028322,0.0,il_10,SERUM,0.8,Decision Tree Regressor,BayesSearchCV,0.9529433859594598,0.5670536537887528,18.410986479660856,0.06309777249018389,f15a5cb452a44e508d37e64811c0b3df,experiment_linear_il_10
2578.377325703493,0.0,il_10,SERUM,0.8,Decision Tree Regressor,BayesSearchCV,0.9529433859594598,0.5670536537887528,18.410986479660856,0.06309777249018389,f15a5cb452a44e508d37e64811c0b3df,experiment_linear_il_10
2580.305805378664,0.0,il_10,SERUM,0.8,Decision Tree Regressor,BayesSearchCV,0.9529433859594598,0.5670536537887528,18.410986479660856,0.06309777249018389,f15a5cb452a44e508d37e64811c0b3df,experiment_linear_il_10
2582.234285053835,0.0,il_10,SERUM,0.8,Decision Tree Regressor,BayesSearchCV,0.9529433859594598,0.5670536537887528,18.410986479660856,0.06309777249018389,f15a5cb452a44e508d37e64811c0b3df,experiment_linear_il_10
2584.162764729006,0.0,il_10,SERUM,0.8,Decision Tree Regressor,BayesSearchCV,0.9529433859594598,0.5670536537887528,18.410986479660856,0.06309777249018389,f15a5cb452a44e508d37e64811c0b3df,experiment_linear_il_10
929.5272034323739,0.005824958164424929,il_10,URINE,0.8,Decision Tree Regressor,BayesSearchCV,0.8872222388875041,0.5111072939195619,16.80106190243651,-0.2118114268643445,f15a5cb452a44e508d37e64811c0b3df,experiment_linear_il_10
931.4556831075452,0.00572083785735916,il_10,URINE,0.8,Decision Tree Regressor,BayesSearchCV,0.8872222388875041,0.5111072939195619,16.80106190243651,-0.2118114268643445,f15a5cb452a44e508d37e64811c0b3df,experiment_linear_il_10
950.7404798592538,0.0055326389543875415,il_10,URINE,0.8,Decision Tree Regressor,BayesSearchCV,0.8872222388875041,0.5111072939195619,16.80106190243651,-0.2118114268643445,f15a5cb452a44e508d37e64811c0b3df,experiment_linear_il_10
952.6689595344246,0.005500224845141774,il_10,URINE,0.8,Decision Tree Regressor,BayesSearchCV,0.8872222388875041,0.5111072939195619,16.80106190243651,-0.2118114268643445,f15a5cb452a44e508d37e64811c0b3df,experiment_linear_il_10
948.812000184083,0.005437933121660899,il_10,URINE,0.8,Decision Tree Regressor,BayesSearchCV,0.8872222388875041,0.5111072939195619,16.80106190243651,-0.2118114268643445,f15a5cb452a44e508d37e64811c0b3df,experiment_linear_il_10
933.3841627827155,0.005422709447307541,il_10,URINE,0.8,Decision Tree Regressor,BayesSearchCV,0.8872222388875041,0.5111072939195619,16.80106190243651,-0.2118114268643445,f15a5cb452a44e508d37e64811c0b3df,experiment_linear_il_10
954.5974392095954,0.005239390719740724,il_10,URINE,0.8,Decision Tree Regressor,BayesSearchCV,0.8872222388875041,0.5111072939195619,16.80106190243651,-0.2118114268643445,f15a5cb452a44e508d37e64811c0b3df,experiment_linear_il_10
946.8835205089117,0.005229771493876495,il_10,URINE,0.8,Decision Tree Regressor,BayesSearchCV,0.8872222388875041,0.5111072939195619,16.80106190243651,-0.2118114268643445,f15a5cb452a44e508d37e64811c0b3df,experiment_linear_il_10
935.3126424578863,0.005218905950875508,il_10,URINE,0.8,Decision Tree Regressor,BayesSearchCV,0.8872222388875041,0.5111072939195619,16.80106190243651,-0.2118114268643445,f15a5cb452a44e508d37e64811c0b3df,experiment_linear_il_10
937.2411221330576,0.004995070028087246,il_10,URINE,0.8,Decision Tree Regressor,BayesSearchCV,0.8872222388875041,0.5111072939195619,16.80106190243651,-0.2118114268643445,f15a5cb452a44e508d37e64811c0b3df,experiment_linear_il_10
944.9550408337414,0.004974307046553815,il_10,URINE,0.8,Decision Tree Regressor,BayesSearchCV,0.8872222388875041,0.5111072939195619,16.80106190243651,-0.2118114268643445,f15a5cb452a44e508d37e64811c0b3df,experiment_linear_il_10
943.0265611585701,0.004827032234786352,il_10,URINE,0.8,Decision Tree Regressor,BayesSearchCV,0.8872222388875041,0.5111072939195619,16.80106190243651,-0.2118114268643445,f15a5cb452a44e508d37e64811c0b3df,experiment_linear_il_10
939.1696018082284,0.004815885449306604,il_10,URINE,0.8,Decision Tree Regressor,BayesSearchCV,0.8872222388875041,0.5111072939195619,16.80106190243651,-0.2118114268643445,f15a5cb452a44e508d37e64811c0b3df,experiment_linear_il_10
956.5259188847667,0.004814777646901969,il_10,URINE,0.8,Decision Tree Regressor,BayesSearchCV,0.8872222388875041,0.5111072939195619,16.80106190243651,-0.2118114268643445,f15a5cb452a44e508d37e64811c0b3df,experiment_linear_il_10
941.0980814833993,0.004783194728435571,il_10,URINE,0.8,Decision Tree Regressor,BayesSearchCV,0.8872222388875041,0.5111072939195619,16.80106190243651,-0.2118114268643445,f15a5cb452a44e508d37e64811c0b3df,experiment_linear_il_10
958.4543985599371,0.00440375451876671,il_10,URINE,0.8,Decision Tree Regressor,BayesSearchCV,0.8872222388875041,0.5111072939195619,16.80106190243651,-0.2118114268643445,f15a5cb452a44e508d37e64811c0b3df,experiment_linear_il_10
1396.219284823732,0.00433710432475522,il_10,URINE,0.8,Decision Tree Regressor,BayesSearchCV,0.8872222388875041,0.5111072939195619,16.80106190243651,-0.2118114268643445,f15a5cb452a44e508d37e64811c0b3df,experiment_linear_il_10
1398.147764498902,0.004331339354215825,il_10,URINE,0.8,Decision Tree Regressor,BayesSearchCV,0.8872222388875041,0.5111072939195619,16.80106190243651,-0.2118114268643445,f15a5cb452a44e508d37e64811c0b3df,experiment_linear_il_10
1394.290805148561,0.004236278494428343,il_10,URINE,0.8,Decision Tree Regressor,BayesSearchCV,0.8872222388875041,0.5111072939195619,16.80106190243651,-0.2118114268643445,f15a5cb452a44e508d37e64811c0b3df,experiment_linear_il_10
1400.076244174074,0.004229090211986336,il_10,URINE,0.8,Decision Tree Regressor,BayesSearchCV,0.8872222388875041,0.5111072939195619,16.80106190243651,-0.2118114268643445,f15a5cb452a44e508d37e64811c0b3df,experiment_linear_il_10
1085.734057121217,0.49748823060118624,il_10,URINE,0.8,Decision Tree Regressor,BayesSearchCV,0.7620037909909244,0.45652442957017286,15.58790411237119,0.10610919702393018,f15a5cb452a44e508d37e64811c0b3df,experiment_linear_il_10
2607.304520831057,0.2064813969559326,il_10,URINE,0.8,Decision Tree Regressor,BayesSearchCV,0.7620037909909244,0.45652442957017286,15.58790411237119,0.10610919702393018,f15a5cb452a44e508d37e64811c0b3df,experiment_linear_il_10
1035.593585566773,0.16898622637475205,il_10,URINE,0.8,Decision Tree Regressor,BayesSearchCV,0.7620037909909244,0.45652442957017286,15.58790411237119,0.10610919702393018,f15a5cb452a44e508d37e64811c0b3df,experiment_linear_il_10
2977.572618463869,0.1270441460681291,il_10,URINE,0.8,Decision Tree Regressor,BayesSearchCV,0.7620037909909244,0.45652442957017286,15.58790411237119,0.10610919702393018,f15a5cb452a44e508d37e64811c0b3df,experiment_linear_il_10
929.5272034323739,0.0,il_10,URINE,0.8,Decision Tree Regressor,BayesSearchCV,0.7620037909909244,0.45652442957017286,15.58790411237119,0.10610919702393018,f15a5cb452a44e508d37e64811c0b3df,experiment_linear_il_10
2568.734927327639,0.0,il_10,URINE,0.8,Decision Tree Regressor,BayesSearchCV,0.7620037909909244,0.45652442957017286,15.58790411237119,0.10610919702393018,f15a5cb452a44e508d37e64811c0b3df,experiment_linear_il_10
2553.307089926272,0.0,il_10,URINE,0.8,Decision Tree Regressor,BayesSearchCV,0.7620037909909244,0.45652442957017286,15.58790411237119,0.10610919702393018,f15a5cb452a44e508d37e64811c0b3df,experiment_linear_il_10
2555.235569601442,0.0,il_10,URINE,0.8,Decision Tree Regressor,BayesSearchCV,0.7620037909909244,0.45652442957017286,15.58790411237119,0.10610919702393018,f15a5cb452a44e508d37e64811c0b3df,experiment_linear_il_10
2557.164049276613,0.0,il_10,URINE,0.8,Decision Tree Regressor,BayesSearchCV,0.7620037909909244,0.45652442957017286,15.58790411237119,0.10610919702393018,f15a5cb452a44e508d37e64811c0b3df,experiment_linear_il_10
2559.092528951784,0.0,il_10,URINE,0.8,Decision Tree Regressor,BayesSearchCV,0.7620037909909244,0.45652442957017286,15.58790411237119,0.10610919702393018,f15a5cb452a44e508d37e64811c0b3df,experiment_linear_il_10
2561.021008626955,0.0,il_10,URINE,0.8,Decision Tree Regressor,BayesSearchCV,0.7620037909909244,0.45652442957017286,15.58790411237119,0.10610919702393018,f15a5cb452a44e508d37e64811c0b3df,experiment_linear_il_10
2562.949488302126,0.0,il_10,URINE,0.8,Decision Tree Regressor,BayesSearchCV,0.7620037909909244,0.45652442957017286,15.58790411237119,0.10610919702393018,f15a5cb452a44e508d37e64811c0b3df,experiment_linear_il_10
2564.877967977297,0.0,il_10,URINE,0.8,Decision Tree Regressor,BayesSearchCV,0.7620037909909244,0.45652442957017286,15.58790411237119,0.10610919702393018,f15a5cb452a44e508d37e64811c0b3df,experiment_linear_il_10
2566.806447652468,0.0,il_10,URINE,0.8,Decision Tree Regressor,BayesSearchCV,0.7620037909909244,0.45652442957017286,15.58790411237119,0.10610919702393018,f15a5cb452a44e508d37e64811c0b3df,experiment_linear_il_10
2572.59188667798,0.0,il_10,URINE,0.8,Decision Tree Regressor,BayesSearchCV,0.7620037909909244,0.45652442957017286,15.58790411237119,0.10610919702393018,f15a5cb452a44e508d37e64811c0b3df,experiment_linear_il_10
2570.663407002809,0.0,il_10,URINE,0.8,Decision Tree Regressor,BayesSearchCV,0.7620037909909244,0.45652442957017286,15.58790411237119,0.10610919702393018,f15a5cb452a44e508d37e64811c0b3df,experiment_linear_il_10
2549.45013057593,0.0,il_10,URINE,0.8,Decision Tree Regressor,BayesSearchCV,0.7620037909909244,0.45652442957017286,15.58790411237119,0.10610919702393018,f15a5cb452a44e508d37e64811c0b3df,experiment_linear_il_10
2574.520366353152,0.0,il_10,URINE,0.8,Decision Tree Regressor,BayesSearchCV,0.7620037909909244,0.45652442957017286,15.58790411237119,0.10610919702393018,f15a5cb452a44e508d37e64811c0b3df,experiment_linear_il_10
2576.448846028322,0.0,il_10,URINE,0.8,Decision Tree Regressor,BayesSearchCV,0.7620037909909244,0.45652442957017286,15.58790411237119,0.10610919702393018,f15a5cb452a44e508d37e64811c0b3df,experiment_linear_il_10
2578.377325703493,0.0,il_10,URINE,0.8,Decision Tree Regressor,BayesSearchCV,0.7620037909909244,0.45652442957017286,15.58790411237119,0.10610919702393018,f15a5cb452a44e508d37e64811c0b3df,experiment_linear_il_10
1577.496374289796,0.0048044191300770905,il_10,URINE,0.8,Decision Tree Regressor,BayesSearchCV,0.7657164294924389,0.46873401121334407,15.893873538818331,0.097377539445485,f15a5cb452a44e508d37e64811c0b3df,experiment_linear_il_10
1575.567894614625,0.004791557197777618,il_10,URINE,0.8,Decision Tree Regressor,BayesSearchCV,0.7657164294924389,0.46873401121334407,15.893873538818331,0.097377539445485,f15a5cb452a44e508d37e64811c0b3df,experiment_linear_il_10
1579.424853964967,0.004790912266669998,il_10,URINE,0.8,Decision Tree Regressor,BayesSearchCV,0.7657164294924389,0.46873401121334407,15.893873538818331,0.097377539445485,f15a5cb452a44e508d37e64811c0b3df,experiment_linear_il_10
1581.353333640138,0.004766298097743656,il_10,URINE,0.8,Decision Tree Regressor,BayesSearchCV,0.7657164294924389,0.46873401121334407,15.893873538818331,0.097377539445485,f15a5cb452a44e508d37e64811c0b3df,experiment_linear_il_10
1573.639414939454,0.004749053859293089,il_10,URINE,0.8,Decision Tree Regressor,BayesSearchCV,0.7657164294924389,0.46873401121334407,15.893873538818331,0.097377539445485,f15a5cb452a44e508d37e64811c0b3df,experiment_linear_il_10
1583.281813315309,0.004734624716653208,il_10,URINE,0.8,Decision Tree Regressor,BayesSearchCV,0.7657164294924389,0.46873401121334407,15.893873538818331,0.097377539445485,f15a5cb452a44e508d37e64811c0b3df,experiment_linear_il_10
1585.21029299048,0.004708057515322662,il_10,URINE,0.8,Decision Tree Regressor,BayesSearchCV,0.7657164294924389,0.46873401121334407,15.893873538818331,0.097377539445485,f15a5cb452a44e508d37e64811c0b3df,experiment_linear_il_10
1571.710935264284,0.004704584805604514,il_10,URINE,0.8,Decision Tree Regressor,BayesSearchCV,0.7657164294924389,0.46873401121334407,15.893873538818331,0.097377539445485,f15a5cb452a44e508d37e64811c0b3df,experiment_linear_il_10
1587.138772665651,0.004661367827263505,il_10,URINE,0.8,Decision Tree Regressor,BayesSearchCV,0.7657164294924389,0.46873401121334407,15.893873538818331,0.097377539445485,f15a5cb452a44e508d37e64811c0b3df,experiment_linear_il_10
1569.782455589112,0.004657673067072721,il_10,URINE,0.8,Decision Tree Regressor,BayesSearchCV,0.7657164294924389,0.46873401121334407,15.893873538818331,0.097377539445485,f15a5cb452a44e508d37e64811c0b3df,experiment_linear_il_10
1567.853975913942,0.004614458526399245,il_10,URINE,0.8,Decision Tree Regressor,BayesSearchCV,0.7657164294924389,0.46873401121334407,15.893873538818331,0.097377539445485,f15a5cb452a44e508d37e64811c0b3df,experiment_linear_il_10
1565.925496238771,0.004587291059856068,il_10,URINE,0.8,Decision Tree Regressor,BayesSearchCV,0.7657164294924389,0.46873401121334407,15.893873538818331,0.097377539445485,f15a5cb452a44e508d37e64811c0b3df,experiment_linear_il_10
1589.067252340822,0.004546817498751436,il_10,URINE,0.8,Decision Tree Regressor,BayesSearchCV,0.7657164294924389,0.46873401121334407,15.893873538818331,0.097377539445485,f15a5cb452a44e508d37e64811c0b3df,experiment_linear_il_10
1563.9970165636,0.004543624582158406,il_10,URINE,0.8,Decision Tree Regressor,BayesSearchCV,0.7657164294924389,0.46873401121334407,15.893873538818331,0.097377539445485,f15a5cb452a44e508d37e64811c0b3df,experiment_linear_il_10
1562.068536888429,0.004479928028598702,il_10,URINE,0.8,Decision Tree Regressor,BayesSearchCV,0.7657164294924389,0.46873401121334407,15.893873538818331,0.097377539445485,f15a5cb452a44e508d37e64811c0b3df,experiment_linear_il_10
1560.140057213258,0.00441578049268646,il_10,URINE,0.8,Decision Tree Regressor,BayesSearchCV,0.7657164294924389,0.46873401121334407,15.893873538818331,0.097377539445485,f15a5cb452a44e508d37e64811c0b3df,experiment_linear_il_10
1550.497658837404,0.004370250103610546,il_10,URINE,0.8,Decision Tree Regressor,BayesSearchCV,0.7657164294924389,0.46873401121334407,15.893873538818331,0.097377539445485,f15a5cb452a44e508d37e64811c0b3df,experiment_linear_il_10
1548.569179162233,0.00436767689447177,il_10,URINE,0.8,Decision Tree Regressor,BayesSearchCV,0.7657164294924389,0.46873401121334407,15.893873538818331,0.097377539445485,f15a5cb452a44e508d37e64811c0b3df,experiment_linear_il_10
1590.995732015992,0.004358700232597663,il_10,URINE,0.8,Decision Tree Regressor,BayesSearchCV,0.7657164294924389,0.46873401121334407,15.893873538818331,0.097377539445485,f15a5cb452a44e508d37e64811c0b3df,experiment_linear_il_10
1558.211577538087,0.004349279630940852,il_10,URINE,0.8,Decision Tree Regressor,BayesSearchCV,0.7657164294924389,0.46873401121334407,15.893873538818331,0.097377539445485,f15a5cb452a44e508d37e64811c0b3df,experiment_linear_il_10
1085.734057121217,0.49748823060118624,il_10,URINE,0.8,Decision Tree Regressor,BayesSearchCV,0.7620037909909244,0.45652442957017286,15.58790411237119,0.10610919702393018,f15a5cb452a44e508d37e64811c0b3df,experiment_linear_il_10
2607.304520831057,0.2064813969559326,il_10,URINE,0.8,Decision Tree Regressor,BayesSearchCV,0.7620037909909244,0.45652442957017286,15.58790411237119,0.10610919702393018,f15a5cb452a44e508d37e64811c0b3df,experiment_linear_il_10
1035.593585566773,0.16898622637475205,il_10,URINE,0.8,Decision Tree Regressor,BayesSearchCV,0.7620037909909244,0.45652442957017286,15.58790411237119,0.10610919702393018,f15a5cb452a44e508d37e64811c0b3df,experiment_linear_il_10
2977.572618463869,0.1270441460681291,il_10,URINE,0.8,Decision Tree Regressor,BayesSearchCV,0.7620037909909244,0.45652442957017286,15.58790411237119,0.10610919702393018,f15a5cb452a44e508d37e64811c0b3df,experiment_linear_il_10
929.5272034323739,0.0,il_10,URINE,0.8,Decision Tree Regressor,BayesSearchCV,0.7620037909909244,0.45652442957017286,15.58790411237119,0.10610919702393018,f15a5cb452a44e508d37e64811c0b3df,experiment_linear_il_10
2568.734927327639,0.0,il_10,URINE,0.8,Decision Tree Regressor,BayesSearchCV,0.7620037909909244,0.45652442957017286,15.58790411237119,0.10610919702393018,f15a5cb452a44e508d37e64811c0b3df,experiment_linear_il_10
2553.307089926272,0.0,il_10,URINE,0.8,Decision Tree Regressor,BayesSearchCV,0.7620037909909244,0.45652442957017286,15.58790411237119,0.10610919702393018,f15a5cb452a44e508d37e64811c0b3df,experiment_linear_il_10
2555.235569601442,0.0,il_10,URINE,0.8,Decision Tree Regressor,BayesSearchCV,0.7620037909909244,0.45652442957017286,15.58790411237119,0.10610919702393018,f15a5cb452a44e508d37e64811c0b3df,experiment_linear_il_10
2557.164049276613,0.0,il_10,URINE,0.8,Decision Tree Regressor,BayesSearchCV,0.7620037909909244,0.45652442957017286,15.58790411237119,0.10610919702393018,f15a5cb452a44e508d37e64811c0b3df,experiment_linear_il_10
2559.092528951784,0.0,il_10,URINE,0.8,Decision Tree Regressor,BayesSearchCV,0.7620037909909244,0.45652442957017286,15.58790411237119,0.10610919702393018,f15a5cb452a44e508d37e64811c0b3df,experiment_linear_il_10
2561.021008626955,0.0,il_10,URINE,0.8,Decision Tree Regressor,BayesSearchCV,0.7620037909909244,0.45652442957017286,15.58790411237119,0.10610919702393018,f15a5cb452a44e508d37e64811c0b3df,experiment_linear_il_10
2562.949488302126,0.0,il_10,URINE,0.8,Decision Tree Regressor,BayesSearchCV,0.7620037909909244,0.45652442957017286,15.58790411237119,0.10610919702393018,f15a5cb452a44e508d37e64811c0b3df,experiment_linear_il_10
2564.877967977297,0.0,il_10,URINE,0.8,Decision Tree Regressor,BayesSearchCV,0.7620037909909244,0.45652442957017286,15.58790411237119,0.10610919702393018,f15a5cb452a44e508d37e64811c0b3df,experiment_linear_il_10
2566.806447652468,0.0,il_10,URINE,0.8,Decision Tree Regressor,BayesSearchCV,0.7620037909909244,0.45652442957017286,15.58790411237119,0.10610919702393018,f15a5cb452a44e508d37e64811c0b3df,experiment_linear_il_10
2572.59188667798,0.0,il_10,URINE,0.8,Decision Tree Regressor,BayesSearchCV,0.7620037909909244,0.45652442957017286,15.58790411237119,0.10610919702393018,f15a5cb452a44e508d37e64811c0b3df,experiment_linear_il_10
2570.663407002809,0.0,il_10,URINE,0.8,Decision Tree Regressor,BayesSearchCV,0.7620037909909244,0.45652442957017286,15.58790411237119,0.10610919702393018,f15a5cb452a44e508d37e64811c0b3df,experiment_linear_il_10
2549.45013057593,0.0,il_10,URINE,0.8,Decision Tree Regressor,BayesSearchCV,0.7620037909909244,0.45652442957017286,15.58790411237119,0.10610919702393018,f15a5cb452a44e508d37e64811c0b3df,experiment_linear_il_10
2574.520366353152,0.0,il_10,URINE,0.8,Decision Tree Regressor,BayesSearchCV,0.7620037909909244,0.45652442957017286,15.58790411237119,0.10610919702393018,f15a5cb452a44e508d37e64811c0b3df,experiment_linear_il_10
2576.448846028322,0.0,il_10,URINE,0.8,Decision Tree Regressor,BayesSearchCV,0.7620037909909244,0.45652442957017286,15.58790411237119,0.10610919702393018,f15a5cb452a44e508d37e64811c0b3df,experiment_linear_il_10
2578.377325703493,0.0,il_10,URINE,0.8,Decision Tree Regressor,BayesSearchCV,0.7620037909909244,0.45652442957017286,15.58790411237119,0.10610919702393018,f15a5cb452a44e508d37e64811c0b3df,experiment_linear_il_10
1602.566610067018,0.01721752698313441,il_10,CAPILAR,0.8,XGBoost Regressor,BayesSearchCV,0.6598220230174829,0.5203911238096247,19.828975040056626,-0.401808962702642,f15a5cb452a44e508d37e64811c0b3df,experiment_linear_il_10
1600.638130391847,0.011130703657320225,il_10,CAPILAR,0.8,XGBoost Regressor,BayesSearchCV,0.6598220230174829,0.5203911238096247,19.828975040056626,-0.401808962702642,f15a5cb452a44e508d37e64811c0b3df,experiment_linear_il_10
1604.495089742189,0.009146153614131533,il_10,CAPILAR,0.8,XGBoost Regressor,BayesSearchCV,0.6598220230174829,0.5203911238096247,19.828975040056626,-0.401808962702642,f15a5cb452a44e508d37e64811c0b3df,experiment_linear_il_10
1078.020138420533,0.008056143958345497,il_10,CAPILAR,0.8,XGBoost Regressor,BayesSearchCV,0.6598220230174829,0.5203911238096247,19.828975040056626,-0.401808962702642,f15a5cb452a44e508d37e64811c0b3df,experiment_linear_il_10
1076.091658745362,0.00804159821147003,il_10,CAPILAR,0.8,XGBoost Regressor,BayesSearchCV,0.6598220230174829,0.5203911238096247,19.828975040056626,-0.401808962702642,f15a5cb452a44e508d37e64811c0b3df,experiment_linear_il_10
1079.948618095704,0.007997525870256973,il_10,CAPILAR,0.8,XGBoost Regressor,BayesSearchCV,0.6598220230174829,0.5203911238096247,19.828975040056626,-0.401808962702642,f15a5cb452a44e508d37e64811c0b3df,experiment_linear_il_10
1074.163179070191,0.007989285621592842,il_10,CAPILAR,0.8,XGBoost Regressor,BayesSearchCV,0.6598220230174829,0.5203911238096247,19.828975040056626,-0.401808962702642,f15a5cb452a44e508d37e64811c0b3df,experiment_linear_il_10
1072.23469939502,0.007584542243108387,il_10,CAPILAR,0.8,XGBoost Regressor,BayesSearchCV,0.6598220230174829,0.5203911238096247,19.828975040056626,-0.401808962702642,f15a5cb452a44e508d37e64811c0b3df,experiment_linear_il_10
1081.877097770875,0.007426975733439819,il_10,CAPILAR,0.8,XGBoost Regressor,BayesSearchCV,0.6598220230174829,0.5203911238096247,19.828975040056626,-0.401808962702642,f15a5cb452a44e508d37e64811c0b3df,experiment_linear_il_10
1070.306219719849,0.007397336769846615,il_10,CAPILAR,0.8,XGBoost Regressor,BayesSearchCV,0.6598220230174829,0.5203911238096247,19.828975040056626,-0.401808962702642,f15a5cb452a44e508d37e64811c0b3df,experiment_linear_il_10
1083.805577446046,0.007148264977302937,il_10,CAPILAR,0.8,XGBoost Regressor,BayesSearchCV,0.6598220230174829,0.5203911238096247,19.828975040056626,-0.401808962702642,f15a5cb452a44e508d37e64811c0b3df,experiment_linear_il_10
1068.377740044679,0.007137327699622664,il_10,CAPILAR,0.8,XGBoost Regressor,BayesSearchCV,0.6598220230174829,0.5203911238096247,19.828975040056626,-0.401808962702642,f15a5cb452a44e508d37e64811c0b3df,experiment_linear_il_10
1062.592301019166,0.0068634050085254845,il_10,CAPILAR,0.8,XGBoost Regressor,BayesSearchCV,0.6598220230174829,0.5203911238096247,19.828975040056626,-0.401808962702642,f15a5cb452a44e508d37e64811c0b3df,experiment_linear_il_10
1060.663821343995,0.0068464339624809915,il_10,CAPILAR,0.8,XGBoost Regressor,BayesSearchCV,0.6598220230174829,0.5203911238096247,19.828975040056626,-0.401808962702642,f15a5cb452a44e508d37e64811c0b3df,experiment_linear_il_10
1085.734057121217,0.006805590635579599,il_10,CAPILAR,0.8,XGBoost Regressor,BayesSearchCV,0.6598220230174829,0.5203911238096247,19.828975040056626,-0.401808962702642,f15a5cb452a44e508d37e64811c0b3df,experiment_linear_il_10
1064.520780694337,0.006741410227650817,il_10,CAPILAR,0.8,XGBoost Regressor,BayesSearchCV,0.6598220230174829,0.5203911238096247,19.828975040056626,-0.401808962702642,f15a5cb452a44e508d37e64811c0b3df,experiment_linear_il_10
1066.449260369508,0.006737832146060789,il_10,CAPILAR,0.8,XGBoost Regressor,BayesSearchCV,0.6598220230174829,0.5203911238096247,19.828975040056626,-0.401808962702642,f15a5cb452a44e508d37e64811c0b3df,experiment_linear_il_10
1058.735341668824,0.006579396913673893,il_10,CAPILAR,0.8,XGBoost Regressor,BayesSearchCV,0.6598220230174829,0.5203911238096247,19.828975040056626,-0.401808962702642,f15a5cb452a44e508d37e64811c0b3df,experiment_linear_il_10
1598.709650716676,0.006234372462424239,il_10,CAPILAR,0.8,XGBoost Regressor,BayesSearchCV,0.6598220230174829,0.5203911238096247,19.828975040056626,-0.401808962702642,f15a5cb452a44e508d37e64811c0b3df,experiment_linear_il_10
1706.704512526246,0.006118570833536252,il_10,CAPILAR,0.8,XGBoost Regressor,BayesSearchCV,0.6598220230174829,0.5203911238096247,19.828975040056626,-0.401808962702642,f15a5cb452a44e508d37e64811c0b3df,experiment_linear_il_10
1698.990593825563,0.03048156015574932,il_10,CAPILAR,0.8,XGBoost Regressor,BayesSearchCV,0.5881028189453268,0.4743149835296954,18.670480267048646,-0.11363209951792697,f15a5cb452a44e508d37e64811c0b3df,experiment_linear_il_10
977.7391953116462,0.025717001408338547,il_10,CAPILAR,0.8,XGBoost Regressor,BayesSearchCV,0.5881028189453268,0.4743149835296954,18.670480267048646,-0.11363209951792697,f15a5cb452a44e508d37e64811c0b3df,experiment_linear_il_10
1384.648406772706,0.024971121922135353,il_10,CAPILAR,0.8,XGBoost Regressor,BayesSearchCV,0.5881028189453268,0.4743149835296954,18.670480267048646,-0.11363209951792697,f15a5cb452a44e508d37e64811c0b3df,experiment_linear_il_10
1267.011146587281,0.02305828593671322,il_10,CAPILAR,0.8,XGBoost Regressor,BayesSearchCV,0.5881028189453268,0.4743149835296954,18.670480267048646,-0.11363209951792697,f15a5cb452a44e508d37e64811c0b3df,experiment_linear_il_10
3045.069407094851,0.02115585468709469,il_10,CAPILAR,0.8,XGBoost Regressor,BayesSearchCV,0.5881028189453268,0.4743149835296954,18.670480267048646,-0.11363209951792697,f15a5cb452a44e508d37e64811c0b3df,experiment_linear_il_10
1043.307504267457,0.020496098324656487,il_10,CAPILAR,0.8,XGBoost Regressor,BayesSearchCV,0.5881028189453268,0.4743149835296954,18.670480267048646,-0.11363209951792697,f15a5cb452a44e508d37e64811c0b3df,experiment_linear_il_10
1729.846268628297,0.020093508064746857,il_10,CAPILAR,0.8,XGBoost Regressor,BayesSearchCV,0.5881028189453268,0.4743149835296954,18.670480267048646,-0.11363209951792697,f15a5cb452a44e508d37e64811c0b3df,experiment_linear_il_10
3046.997886770022,0.017311736941337585,il_10,CAPILAR,0.8,XGBoost Regressor,BayesSearchCV,0.5881028189453268,0.4743149835296954,18.670480267048646,-0.11363209951792697,f15a5cb452a44e508d37e64811c0b3df,experiment_linear_il_10
1157.08780510254,0.01625376008450985,il_10,CAPILAR,0.8,XGBoost Regressor,BayesSearchCV,0.5881028189453268,0.4743149835296954,18.670480267048646,-0.11363209951792697,f15a5cb452a44e508d37e64811c0b3df,experiment_linear_il_10
1070.306219719849,0.01579190231859684,il_10,CAPILAR,0.8,XGBoost Regressor,BayesSearchCV,0.5881028189453268,0.4743149835296954,18.670480267048646,-0.11363209951792697,f15a5cb452a44e508d37e64811c0b3df,experiment_linear_il_10
1361.506650670656,0.015290931798517704,il_10,CAPILAR,0.8,XGBoost Regressor,BayesSearchCV,0.5881028189453268,0.4743149835296954,18.670480267048646,-0.11363209951792697,f15a5cb452a44e508d37e64811c0b3df,experiment_linear_il_10
1284.367463663819,0.014456594362854958,il_10,CAPILAR,0.8,XGBoost Regressor,BayesSearchCV,0.5881028189453268,0.4743149835296954,18.670480267048646,-0.11363209951792697,f15a5cb452a44e508d37e64811c0b3df,experiment_linear_il_10
1342.221853918946,0.0137846814468503,il_10,CAPILAR,0.8,XGBoost Regressor,BayesSearchCV,0.5881028189453268,0.4743149835296954,18.670480267048646,-0.11363209951792697,f15a5cb452a44e508d37e64811c0b3df,experiment_linear_il_10
1261.225707561769,0.013124090619385242,il_10,CAPILAR,0.8,XGBoost Regressor,BayesSearchCV,0.5881028189453268,0.4743149835296954,18.670480267048646,-0.11363209951792697,f15a5cb452a44e508d37e64811c0b3df,experiment_linear_il_10
1357.649691320314,0.01301166508346796,il_10,CAPILAR,0.8,XGBoost Regressor,BayesSearchCV,0.5881028189453268,0.4743149835296954,18.670480267048646,-0.11363209951792697,f15a5cb452a44e508d37e64811c0b3df,experiment_linear_il_10
943.0265611585701,0.012955795973539352,il_10,CAPILAR,0.8,XGBoost Regressor,BayesSearchCV,0.5881028189453268,0.4743149835296954,18.670480267048646,-0.11363209951792697,f15a5cb452a44e508d37e64811c0b3df,experiment_linear_il_10
1294.009862039674,0.012800360098481178,il_10,CAPILAR,0.8,XGBoost Regressor,BayesSearchCV,0.5881028189453268,0.4743149835296954,18.670480267048646,-0.11363209951792697,f15a5cb452a44e508d37e64811c0b3df,experiment_linear_il_10
1816.627854010988,0.012613533064723015,il_10,CAPILAR,0.8,XGBoost Regressor,BayesSearchCV,0.5881028189453268,0.4743149835296954,18.670480267048646,-0.11363209951792697,f15a5cb452a44e508d37e64811c0b3df,experiment_linear_il_10
1317.151618141725,0.012473616749048233,il_10,CAPILAR,0.8,XGBoost Regressor,BayesSearchCV,0.5881028189453268,0.4743149835296954,18.670480267048646,-0.11363209951792697,f15a5cb452a44e508d37e64811c0b3df,experiment_linear_il_10
1666.206439347658,0.0123754208907485,il_10,CAPILAR,0.8,XGBoost Regressor,BayesSearchCV,0.5881028189453268,0.4743149835296954,18.670480267048646,-0.11363209951792697,f15a5cb452a44e508d37e64811c0b3df,experiment_linear_il_10
1602.566610067018,0.018295655420133505,il_10,CAPILAR,0.8,XGBoost Regressor,BayesSearchCV,0.6493561541491574,0.5130018395870232,19.623557320508283,-0.3576916282432565,f15a5cb452a44e508d37e64811c0b3df,experiment_linear_il_10
1600.638130391847,0.011840751275260575,il_10,CAPILAR,0.8,XGBoost Regressor,BayesSearchCV,0.6493561541491574,0.5130018395870232,19.623557320508283,-0.3576916282432565,f15a5cb452a44e508d37e64811c0b3df,experiment_linear_il_10
1604.495089742189,0.009770884710850908,il_10,CAPILAR,0.8,XGBoost Regressor,BayesSearchCV,0.6493561541491574,0.5130018395870232,19.623557320508283,-0.3576916282432565,f15a5cb452a44e508d37e64811c0b3df,experiment_linear_il_10
1076.091658745362,0.007521286589443028,il_10,CAPILAR,0.8,XGBoost Regressor,BayesSearchCV,0.6493561541491574,0.5130018395870232,19.623557320508283,-0.3576916282432565,f15a5cb452a44e508d37e64811c0b3df,experiment_linear_il_10
1074.163179070191,0.00749200098591882,il_10,CAPILAR,0.8,XGBoost Regressor,BayesSearchCV,0.6493561541491574,0.5130018395870232,19.623557320508283,-0.3576916282432565,f15a5cb452a44e508d37e64811c0b3df,experiment_linear_il_10
1078.020138420533,0.007460645219393686,il_10,CAPILAR,0.8,XGBoost Regressor,BayesSearchCV,0.6493561541491574,0.5130018395870232,19.623557320508283,-0.3576916282432565,f15a5cb452a44e508d37e64811c0b3df,experiment_linear_il_10
1079.948618095704,0.007316557424439089,il_10,CAPILAR,0.8,XGBoost Regressor,BayesSearchCV,0.6493561541491574,0.5130018395870232,19.623557320508283,-0.3576916282432565,f15a5cb452a44e508d37e64811c0b3df,experiment_linear_il_10
1072.23469939502,0.007148441069262055,il_10,CAPILAR,0.8,XGBoost Regressor,BayesSearchCV,0.6493561541491574,0.5130018395870232,19.623557320508283,-0.3576916282432565,f15a5cb452a44e508d37e64811c0b3df,experiment_linear_il_10
1070.306219719849,0.006969677866644234,il_10,CAPILAR,0.8,XGBoost Regressor,BayesSearchCV,0.6493561541491574,0.5130018395870232,19.623557320508283,-0.3576916282432565,f15a5cb452a44e508d37e64811c0b3df,experiment_linear_il_10
1081.877097770875,0.006741861011742018,il_10,CAPILAR,0.8,XGBoost Regressor,BayesSearchCV,0.6493561541491574,0.5130018395870232,19.623557320508283,-0.3576916282432565,f15a5cb452a44e508d37e64811c0b3df,experiment_linear_il_10
1068.377740044679,0.006709974618261661,il_10,CAPILAR,0.8,XGBoost Regressor,BayesSearchCV,0.6493561541491574,0.5130018395870232,19.623557320508283,-0.3576916282432565,f15a5cb452a44e508d37e64811c0b3df,experiment_linear_il_10
1598.709650716676,0.0066581979052964865,il_10,CAPILAR,0.8,XGBoost Regressor,BayesSearchCV,0.6493561541491574,0.5130018395870232,19.623557320508283,-0.3576916282432565,f15a5cb452a44e508d37e64811c0b3df,experiment_linear_il_10
1083.805577446046,0.006418632701514204,il_10,CAPILAR,0.8,XGBoost Regressor,BayesSearchCV,0.6493561541491574,0.5130018395870232,19.623557320508283,-0.3576916282432565,f15a5cb452a44e508d37e64811c0b3df,experiment_linear_il_10
1066.449260369508,0.006325389646322901,il_10,CAPILAR,0.8,XGBoost Regressor,BayesSearchCV,0.6493561541491574,0.5130018395870232,19.623557320508283,-0.3576916282432565,f15a5cb452a44e508d37e64811c0b3df,experiment_linear_il_10
1706.704512526246,0.006227000695442308,il_10,CAPILAR,0.8,XGBoost Regressor,BayesSearchCV,0.6493561541491574,0.5130018395870232,19.623557320508283,-0.3576916282432565,f15a5cb452a44e508d37e64811c0b3df,experiment_linear_il_10
1064.520780694337,0.006220194001539198,il_10,CAPILAR,0.8,XGBoost Regressor,BayesSearchCV,0.6493561541491574,0.5130018395870232,19.623557320508283,-0.3576916282432565,f15a5cb452a44e508d37e64811c0b3df,experiment_linear_il_10
1062.592301019166,0.006203247892092988,il_10,CAPILAR,0.8,XGBoost Regressor,BayesSearchCV,0.6493561541491574,0.5130018395870232,19.623557320508283,-0.3576916282432565,f15a5cb452a44e508d37e64811c0b3df,experiment_linear_il_10
1060.663821343995,0.006124500626628555,il_10,CAPILAR,0.8,XGBoost Regressor,BayesSearchCV,0.6493561541491574,0.5130018395870232,19.623557320508283,-0.3576916282432565,f15a5cb452a44e508d37e64811c0b3df,experiment_linear_il_10
1085.734057121217,0.006095418527312129,il_10,CAPILAR,0.8,XGBoost Regressor,BayesSearchCV,0.6493561541491574,0.5130018395870232,19.623557320508283,-0.3576916282432565,f15a5cb452a44e508d37e64811c0b3df,experiment_linear_il_10
1704.776032851076,0.005915933137783903,il_10,CAPILAR,0.8,XGBoost Regressor,BayesSearchCV,0.6493561541491574,0.5130018395870232,19.623557320508283,-0.3576916282432565,f15a5cb452a44e508d37e64811c0b3df,experiment_linear_il_10
1124.303650624635,0.05713801458477974,il_10,CAPILAR,0.8,XGBoost Regressor,BayesSearchCV,0.5940264654606626,0.48065888297666487,18.96835702333441,-0.13617912881959437,f15a5cb452a44e508d37e64811c0b3df,experiment_linear_il_10
1363.435130345826,0.050172895193099976,il_10,CAPILAR,0.8,XGBoost Regressor,BayesSearchCV,0.5940264654606626,0.48065888297666487,18.96835702333441,-0.13617912881959437,f15a5cb452a44e508d37e64811c0b3df,experiment_linear_il_10
1700.919073500734,0.04998789355158806,il_10,CAPILAR,0.8,XGBoost Regressor,BayesSearchCV,0.5940264654606626,0.48065888297666487,18.96835702333441,-0.13617912881959437,f15a5cb452a44e508d37e64811c0b3df,experiment_linear_il_10
1646.921642595948,0.04971466585993767,il_10,CAPILAR,0.8,XGBoost Regressor,BayesSearchCV,0.5940264654606626,0.48065888297666487,18.96835702333441,-0.13617912881959437,f15a5cb452a44e508d37e64811c0b3df,experiment_linear_il_10
1122.375170949464,0.048378147184848785,il_10,CAPILAR,0.8,XGBoost Regressor,BayesSearchCV,0.5940264654606626,0.48065888297666487,18.96835702333441,-0.13617912881959437,f15a5cb452a44e508d37e64811c0b3df,experiment_linear_il_10
3046.997886770022,0.04584960639476776,il_10,CAPILAR,0.8,XGBoost Regressor,BayesSearchCV,0.5940264654606626,0.48065888297666487,18.96835702333441,-0.13617912881959437,f15a5cb452a44e508d37e64811c0b3df,experiment_linear_il_10
1702.847553175905,0.04563482850790024,il_10,CAPILAR,0.8,XGBoost Regressor,BayesSearchCV,0.5940264654606626,0.48065888297666487,18.96835702333441,-0.13617912881959437,f15a5cb452a44e508d37e64811c0b3df,experiment_linear_il_10
1120.446691274293,0.044526539742946625,il_10,CAPILAR,0.8,XGBoost Regressor,BayesSearchCV,0.5940264654606626,0.48065888297666487,18.96835702333441,-0.13617912881959437,f15a5cb452a44e508d37e64811c0b3df,experiment_linear_il_10
983.5246343371587,0.04315683990716934,il_10,CAPILAR,0.8,XGBoost Regressor,BayesSearchCV,0.5940264654606626,0.48065888297666487,18.96835702333441,-0.13617912881959437,f15a5cb452a44e508d37e64811c0b3df,experiment_linear_il_10
1357.649691320314,0.04168247431516647,il_10,CAPILAR,0.8,XGBoost Regressor,BayesSearchCV,0.5940264654606626,0.48065888297666487,18.96835702333441,-0.13617912881959437,f15a5cb452a44e508d37e64811c0b3df,experiment_linear_il_10
1380.791447422364,0.041309379041194916,il_10,CAPILAR,0.8,XGBoost Regressor,BayesSearchCV,0.5940264654606626,0.48065888297666487,18.96835702333441,-0.13617912881959437,f15a5cb452a44e508d37e64811c0b3df,experiment_linear_il_10
981.5961546619883,0.040831513702869415,il_10,CAPILAR,0.8,XGBoost Regressor,BayesSearchCV,0.5940264654606626,0.48065888297666487,18.96835702333441,-0.13617912881959437,f15a5cb452a44e508d37e64811c0b3df,experiment_linear_il_10
1349.93577261963,0.04004760459065437,il_10,CAPILAR,0.8,XGBoost Regressor,BayesSearchCV,0.5940264654606626,0.48065888297666487,18.96835702333441,-0.13617912881959437,f15a5cb452a44e508d37e64811c0b3df,experiment_linear_il_10
1351.864252294801,0.03995441645383835,il_10,CAPILAR,0.8,XGBoost Regressor,BayesSearchCV,0.5940264654606626,0.48065888297666487,18.96835702333441,-0.13617912881959437,f15a5cb452a44e508d37e64811c0b3df,experiment_linear_il_10
1330.650975867921,0.03936107084155083,il_10,CAPILAR,0.8,XGBoost Regressor,BayesSearchCV,0.5940264654606626,0.48065888297666487,18.96835702333441,-0.13617912881959437,f15a5cb452a44e508d37e64811c0b3df,experiment_linear_il_10
1361.506650670656,0.03858380764722824,il_10,CAPILAR,0.8,XGBoost Regressor,BayesSearchCV,0.5940264654606626,0.48065888297666487,18.96835702333441,-0.13617912881959437,f15a5cb452a44e508d37e64811c0b3df,experiment_linear_il_10
1348.007292944459,0.037610772997140884,il_10,CAPILAR,0.8,XGBoost Regressor,BayesSearchCV,0.5940264654606626,0.48065888297666487,18.96835702333441,-0.13617912881959437,f15a5cb452a44e508d37e64811c0b3df,experiment_linear_il_10
3045.069407094851,0.03734791651368141,il_10,CAPILAR,0.8,XGBoost Regressor,BayesSearchCV,0.5940264654606626,0.48065888297666487,18.96835702333441,-0.13617912881959437,f15a5cb452a44e508d37e64811c0b3df,experiment_linear_il_10
944.9550408337414,0.034408021718263626,il_10,CAPILAR,0.8,XGBoost Regressor,BayesSearchCV,0.5940264654606626,0.48065888297666487,18.96835702333441,-0.13617912881959437,f15a5cb452a44e508d37e64811c0b3df,experiment_linear_il_10
1230.370032759034,0.031961891800165176,il_10,CAPILAR,0.8,XGBoost Regressor,BayesSearchCV,0.5940264654606626,0.48065888297666487,18.96835702333441,-0.13617912881959437,f15a5cb452a44e508d37e64811c0b3df,experiment_linear_il_10
1105.018853872926,0.0057947371582663856,il_10,PLASMA,0.8,XGBoost Regressor,BayesSearchCV,0.5482867848799469,0.45607943919631433,17.473260829338802,-0.2604480591536342,f15a5cb452a44e508d37e64811c0b3df,experiment_linear_il_10
1106.947333548097,0.005732838910970193,il_10,PLASMA,0.8,XGBoost Regressor,BayesSearchCV,0.5482867848799469,0.45607943919631433,17.473260829338802,-0.2604480591536342,f15a5cb452a44e508d37e64811c0b3df,experiment_linear_il_10
1103.090374197755,0.005658035925684042,il_10,PLASMA,0.8,XGBoost Regressor,BayesSearchCV,0.5482867848799469,0.45607943919631433,17.473260829338802,-0.2604480591536342,f15a5cb452a44e508d37e64811c0b3df,experiment_linear_il_10
1752.988024730348,0.005638968589585734,il_10,PLASMA,0.8,XGBoost Regressor,BayesSearchCV,0.5482867848799469,0.45607943919631433,17.473260829338802,-0.2604480591536342,f15a5cb452a44e508d37e64811c0b3df,experiment_linear_il_10
1751.059545055177,0.00563306007654144,il_10,PLASMA,0.8,XGBoost Regressor,BayesSearchCV,0.5482867848799469,0.45607943919631433,17.473260829338802,-0.2604480591536342,f15a5cb452a44e508d37e64811c0b3df,experiment_linear_il_10
1108.875813223267,0.0056221648668126675,il_10,PLASMA,0.8,XGBoost Regressor,BayesSearchCV,0.5482867848799469,0.45607943919631433,17.473260829338802,-0.2604480591536342,f15a5cb452a44e508d37e64811c0b3df,experiment_linear_il_10
1754.916504405519,0.00552930258128024,il_10,PLASMA,0.8,XGBoost Regressor,BayesSearchCV,0.5482867848799469,0.45607943919631433,17.473260829338802,-0.2604480591536342,f15a5cb452a44e508d37e64811c0b3df,experiment_linear_il_10
1749.131065380006,0.005522131590330522,il_10,PLASMA,0.8,XGBoost Regressor,BayesSearchCV,0.5482867848799469,0.45607943919631433,17.473260829338802,-0.2604480591536342,f15a5cb452a44e508d37e64811c0b3df,experiment_linear_il_10
1110.804292898438,0.005486562900103282,il_10,PLASMA,0.8,XGBoost Regressor,BayesSearchCV,0.5482867848799469,0.45607943919631433,17.473260829338802,-0.2604480591536342,f15a5cb452a44e508d37e64811c0b3df,experiment_linear_il_10
1259.297227886598,0.00541900846110125,il_10,PLASMA,0.8,XGBoost Regressor,BayesSearchCV,0.5482867848799469,0.45607943919631433,17.473260829338802,-0.2604480591536342,f15a5cb452a44e508d37e64811c0b3df,experiment_linear_il_10
1101.161894522584,0.005379120120453533,il_10,PLASMA,0.8,XGBoost Regressor,BayesSearchCV,0.5482867848799469,0.45607943919631433,17.473260829338802,-0.2604480591536342,f15a5cb452a44e508d37e64811c0b3df,experiment_linear_il_10
1112.732772573609,0.00532028808275914,il_10,PLASMA,0.8,XGBoost Regressor,BayesSearchCV,0.5482867848799469,0.45607943919631433,17.473260829338802,-0.2604480591536342,f15a5cb452a44e508d37e64811c0b3df,experiment_linear_il_10
1747.202585704835,0.005274768532576616,il_10,PLASMA,0.8,XGBoost Regressor,BayesSearchCV,0.5482867848799469,0.45607943919631433,17.473260829338802,-0.2604480591536342,f15a5cb452a44e508d37e64811c0b3df,experiment_linear_il_10
1756.84498408069,0.005264883394910278,il_10,PLASMA,0.8,XGBoost Regressor,BayesSearchCV,0.5482867848799469,0.45607943919631433,17.473260829338802,-0.2604480591536342,f15a5cb452a44e508d37e64811c0b3df,experiment_linear_il_10
1257.368748211427,0.0052488076701661494,il_10,PLASMA,0.8,XGBoost Regressor,BayesSearchCV,0.5482867848799469,0.45607943919631433,17.473260829338802,-0.2604480591536342,f15a5cb452a44e508d37e64811c0b3df,experiment_linear_il_10
1261.225707561769,0.005238770015080596,il_10,PLASMA,0.8,XGBoost Regressor,BayesSearchCV,0.5482867848799469,0.45607943919631433,17.473260829338802,-0.2604480591536342,f15a5cb452a44e508d37e64811c0b3df,experiment_linear_il_10
1114.66125224878,0.005215471689194252,il_10,PLASMA,0.8,XGBoost Regressor,BayesSearchCV,0.5482867848799469,0.45607943919631433,17.473260829338802,-0.2604480591536342,f15a5cb452a44e508d37e64811c0b3df,experiment_linear_il_10
1099.233414847413,0.0050955504276090574,il_10,PLASMA,0.8,XGBoost Regressor,BayesSearchCV,0.5482867848799469,0.45607943919631433,17.473260829338802,-0.2604480591536342,f15a5cb452a44e508d37e64811c0b3df,experiment_linear_il_10
1116.589731923951,0.0050931358880961395,il_10,PLASMA,0.8,XGBoost Regressor,BayesSearchCV,0.5482867848799469,0.45607943919631433,17.473260829338802,-0.2604480591536342,f15a5cb452a44e508d37e64811c0b3df,experiment_linear_il_10
1153.230845752198,0.005073528254984626,il_10,PLASMA,0.8,XGBoost Regressor,BayesSearchCV,0.5482867848799469,0.45607943919631433,17.473260829338802,-0.2604480591536342,f15a5cb452a44e508d37e64811c0b3df,experiment_linear_il_10
1143.588447376344,0.0308590866625309,il_10,PLASMA,0.8,XGBoost Regressor,BayesSearchCV,0.5030556126188335,0.42801406730653796,16.539376645311787,-0.06106354738845643,f15a5cb452a44e508d37e64811c0b3df,experiment_linear_il_10
1153.230845752198,0.030858971178531647,il_10,PLASMA,0.8,XGBoost Regressor,BayesSearchCV,0.5030556126188335,0.42801406730653796,16.539376645311787,-0.06106354738845643,f15a5cb452a44e508d37e64811c0b3df,experiment_linear_il_10
1141.659967701173,0.0234401635825634,il_10,PLASMA,0.8,XGBoost Regressor,BayesSearchCV,0.5030556126188335,0.42801406730653796,16.539376645311787,-0.06106354738845643,f15a5cb452a44e508d37e64811c0b3df,experiment_linear_il_10
1579.424853964967,0.01898610219359398,il_10,PLASMA,0.8,XGBoost Regressor,BayesSearchCV,0.5030556126188335,0.42801406730653796,16.539376645311787,-0.06106354738845643,f15a5cb452a44e508d37e64811c0b3df,experiment_linear_il_10
1461.787593779542,0.017375273630023003,il_10,PLASMA,0.8,XGBoost Regressor,BayesSearchCV,0.5030556126188335,0.42801406730653796,16.539376645311787,-0.06106354738845643,f15a5cb452a44e508d37e64811c0b3df,experiment_linear_il_10
1159.016284777711,0.015638237819075584,il_10,PLASMA,0.8,XGBoost Regressor,BayesSearchCV,0.5030556126188335,0.42801406730653796,16.539376645311787,-0.06106354738845643,f15a5cb452a44e508d37e64811c0b3df,experiment_linear_il_10
1427.074959626466,0.014832486398518085,il_10,PLASMA,0.8,XGBoost Regressor,BayesSearchCV,0.5030556126188335,0.42801406730653796,16.539376645311787,-0.06106354738845643,f15a5cb452a44e508d37e64811c0b3df,experiment_linear_il_10
1617.994447468385,0.014789758250117302,il_10,PLASMA,0.8,XGBoost Regressor,BayesSearchCV,0.5030556126188335,0.42801406730653796,16.539376645311787,-0.06106354738845643,f15a5cb452a44e508d37e64811c0b3df,experiment_linear_il_10
1664.277959672487,0.014521953649818897,il_10,PLASMA,0.8,XGBoost Regressor,BayesSearchCV,0.5030556126188335,0.42801406730653796,16.539376645311787,-0.06106354738845643,f15a5cb452a44e508d37e64811c0b3df,experiment_linear_il_10
2825.222724125369,0.012311062775552273,il_10,PLASMA,0.8,XGBoost Regressor,BayesSearchCV,0.5030556126188335,0.42801406730653796,16.539376645311787,-0.06106354738845643,f15a5cb452a44e508d37e64811c0b3df,experiment_linear_il_10
1147.445406726686,0.012185611762106419,il_10,PLASMA,0.8,XGBoost Regressor,BayesSearchCV,0.5030556126188335,0.42801406730653796,16.539376645311787,-0.06106354738845643,f15a5cb452a44e508d37e64811c0b3df,experiment_linear_il_10
1843.62656946338,0.011643478646874428,il_10,PLASMA,0.8,XGBoost Regressor,BayesSearchCV,0.5030556126188335,0.42801406730653796,16.539376645311787,-0.06106354738845643,f15a5cb452a44e508d37e64811c0b3df,experiment_linear_il_10
1691.276675124879,0.011012746021151543,il_10,PLASMA,0.8,XGBoost Regressor,BayesSearchCV,0.5030556126188335,0.42801406730653796,16.539376645311787,-0.06106354738845643,f15a5cb452a44e508d37e64811c0b3df,experiment_linear_il_10
1128.160609974977,0.010969221591949463,il_10,PLASMA,0.8,XGBoost Regressor,BayesSearchCV,0.5030556126188335,0.42801406730653796,16.539376645311787,-0.06106354738845643,f15a5cb452a44e508d37e64811c0b3df,experiment_linear_il_10
1432.860398651979,0.010219458490610123,il_10,PLASMA,0.8,XGBoost Regressor,BayesSearchCV,0.5030556126188335,0.42801406730653796,16.539376645311787,-0.06106354738845643,f15a5cb452a44e508d37e64811c0b3df,experiment_linear_il_10
1590.995732015992,0.010094299912452698,il_10,PLASMA,0.8,XGBoost Regressor,BayesSearchCV,0.5030556126188335,0.42801406730653796,16.539376645311787,-0.06106354738845643,f15a5cb452a44e508d37e64811c0b3df,experiment_linear_il_10
1155.159325427369,0.010003951378166676,il_10,PLASMA,0.8,XGBoost Regressor,BayesSearchCV,0.5030556126188335,0.42801406730653796,16.539376645311787,-0.06106354738845643,f15a5cb452a44e508d37e64811c0b3df,experiment_linear_il_10
2699.87154523926,0.009257500059902668,il_10,PLASMA,0.8,XGBoost Regressor,BayesSearchCV,0.5030556126188335,0.42801406730653796,16.539376645311787,-0.06106354738845643,f15a5cb452a44e508d37e64811c0b3df,experiment_linear_il_10
1430.931918976808,0.009118499234318733,il_10,PLASMA,0.8,XGBoost Regressor,BayesSearchCV,0.5030556126188335,0.42801406730653796,16.539376645311787,-0.06106354738845643,f15a5cb452a44e508d37e64811c0b3df,experiment_linear_il_10
1139.731488026002,0.009092163294553757,il_10,PLASMA,0.8,XGBoost Regressor,BayesSearchCV,0.5030556126188335,0.42801406730653796,16.539376645311787,-0.06106354738845643,f15a5cb452a44e508d37e64811c0b3df,experiment_linear_il_10
1106.947333548097,0.005712379689965385,il_10,PLASMA,0.8,XGBoost Regressor,BayesSearchCV,0.5841514811074141,0.5064314091827588,19.093517058348112,-0.4307388215763386,f15a5cb452a44e508d37e64811c0b3df,experiment_linear_il_10
1105.018853872926,0.005701263436465661,il_10,PLASMA,0.8,XGBoost Regressor,BayesSearchCV,0.5841514811074141,0.5064314091827588,19.093517058348112,-0.4307388215763386,f15a5cb452a44e508d37e64811c0b3df,experiment_linear_il_10
1108.875813223267,0.005680099587889573,il_10,PLASMA,0.8,XGBoost Regressor,BayesSearchCV,0.5841514811074141,0.5064314091827588,19.093517058348112,-0.4307388215763386,f15a5cb452a44e508d37e64811c0b3df,experiment_linear_il_10
1110.804292898438,0.005622532339901081,il_10,PLASMA,0.8,XGBoost Regressor,BayesSearchCV,0.5841514811074141,0.5064314091827588,19.093517058348112,-0.4307388215763386,f15a5cb452a44e508d37e64811c0b3df,experiment_linear_il_10
1752.988024730348,0.005514761443661651,il_10,PLASMA,0.8,XGBoost Regressor,BayesSearchCV,0.5841514811074141,0.5064314091827588,19.093517058348112,-0.4307388215763386,f15a5cb452a44e508d37e64811c0b3df,experiment_linear_il_10
1112.732772573609,0.005514010453458355,il_10,PLASMA,0.8,XGBoost Regressor,BayesSearchCV,0.5841514811074141,0.5064314091827588,19.093517058348112,-0.4307388215763386,f15a5cb452a44e508d37e64811c0b3df,experiment_linear_il_10
1751.059545055177,0.0055085773731327415,il_10,PLASMA,0.8,XGBoost Regressor,BayesSearchCV,0.5841514811074141,0.5064314091827588,19.093517058348112,-0.4307388215763386,f15a5cb452a44e508d37e64811c0b3df,experiment_linear_il_10
1103.090374197755,0.0055009920446879995,il_10,PLASMA,0.8,XGBoost Regressor,BayesSearchCV,0.5841514811074141,0.5064314091827588,19.093517058348112,-0.4307388215763386,f15a5cb452a44e508d37e64811c0b3df,experiment_linear_il_10
1114.66125224878,0.0054353201159757294,il_10,PLASMA,0.8,XGBoost Regressor,BayesSearchCV,0.5841514811074141,0.5064314091827588,19.093517058348112,-0.4307388215763386,f15a5cb452a44e508d37e64811c0b3df,experiment_linear_il_10
1754.916504405519,0.00540731596183669,il_10,PLASMA,0.8,XGBoost Regressor,BayesSearchCV,0.5841514811074141,0.5064314091827588,19.093517058348112,-0.4307388215763386,f15a5cb452a44e508d37e64811c0b3df,experiment_linear_il_10
1749.131065380006,0.005400273325400919,il_10,PLASMA,0.8,XGBoost Regressor,BayesSearchCV,0.5841514811074141,0.5064314091827588,19.093517058348112,-0.4307388215763386,f15a5cb452a44e508d37e64811c0b3df,experiment_linear_il_10
1116.589731923951,0.005333797247127466,il_10,PLASMA,0.8,XGBoost Regressor,BayesSearchCV,0.5841514811074141,0.5064314091827588,19.093517058348112,-0.4307388215763386,f15a5cb452a44e508d37e64811c0b3df,experiment_linear_il_10
1259.297227886598,0.005173979760206218,il_10,PLASMA,0.8,XGBoost Regressor,BayesSearchCV,0.5841514811074141,0.5064314091827588,19.093517058348112,-0.4307388215763386,f15a5cb452a44e508d37e64811c0b3df,experiment_linear_il_10
1747.202585704835,0.00515721421240477,il_10,PLASMA,0.8,XGBoost Regressor,BayesSearchCV,0.5841514811074141,0.5064314091827588,19.093517058348112,-0.4307388215763386,f15a5cb452a44e508d37e64811c0b3df,experiment_linear_il_10
1101.161894522584,0.005152334411511374,il_10,PLASMA,0.8,XGBoost Regressor,BayesSearchCV,0.5841514811074141,0.5064314091827588,19.093517058348112,-0.4307388215763386,f15a5cb452a44e508d37e64811c0b3df,experiment_linear_il_10
1756.84498408069,0.005145213013602685,il_10,PLASMA,0.8,XGBoost Regressor,BayesSearchCV,0.5841514811074141,0.5064314091827588,19.093517058348112,-0.4307388215763386,f15a5cb452a44e508d37e64811c0b3df,experiment_linear_il_10
1153.230845752198,0.005100730379797631,il_10,PLASMA,0.8,XGBoost Regressor,BayesSearchCV,0.5841514811074141,0.5064314091827588,19.093517058348112,-0.4307388215763386,f15a5cb452a44e508d37e64811c0b3df,experiment_linear_il_10
1155.159325427369,0.00507441853030001,il_10,PLASMA,0.8,XGBoost Regressor,BayesSearchCV,0.5841514811074141,0.5064314091827588,19.093517058348112,-0.4307388215763386,f15a5cb452a44e508d37e64811c0b3df,experiment_linear_il_10
1118.518211599122,0.005068989135237772,il_10,PLASMA,0.8,XGBoost Regressor,BayesSearchCV,0.5841514811074141,0.5064314091827588,19.093517058348112,-0.4307388215763386,f15a5cb452a44e508d37e64811c0b3df,experiment_linear_il_10
1261.225707561769,0.005055562726429941,il_10,PLASMA,0.8,XGBoost Regressor,BayesSearchCV,0.5841514811074141,0.5064314091827588,19.093517058348112,-0.4307388215763386,f15a5cb452a44e508d37e64811c0b3df,experiment_linear_il_10
1155.159325427369,0.032290611416101456,il_10,PLASMA,0.8,XGBoost Regressor,BayesSearchCV,0.5081808017173814,0.4323597454543535,16.630053726805208,-0.08279416105414739,f15a5cb452a44e508d37e64811c0b3df,experiment_linear_il_10
1153.230845752198,0.02840861864387989,il_10,PLASMA,0.8,XGBoost Regressor,BayesSearchCV,0.5081808017173814,0.4323597454543535,16.630053726805208,-0.08279416105414739,f15a5cb452a44e508d37e64811c0b3df,experiment_linear_il_10
1143.588447376344,0.02409958280622959,il_10,PLASMA,0.8,XGBoost Regressor,BayesSearchCV,0.5081808017173814,0.4323597454543535,16.630053726805208,-0.08279416105414739,f15a5cb452a44e508d37e64811c0b3df,experiment_linear_il_10
1137.803008350831,0.01851191371679306,il_10,PLASMA,0.8,XGBoost Regressor,BayesSearchCV,0.5081808017173814,0.4323597454543535,16.630053726805208,-0.08279416105414739,f15a5cb452a44e508d37e64811c0b3df,experiment_linear_il_10
1141.659967701173,0.01822863519191742,il_10,PLASMA,0.8,XGBoost Regressor,BayesSearchCV,0.5081808017173814,0.4323597454543535,16.630053726805208,-0.08279416105414739,f15a5cb452a44e508d37e64811c0b3df,experiment_linear_il_10
1128.160609974977,0.016633793711662292,il_10,PLASMA,0.8,XGBoost Regressor,BayesSearchCV,0.5081808017173814,0.4323597454543535,16.630053726805208,-0.08279416105414739,f15a5cb452a44e508d37e64811c0b3df,experiment_linear_il_10
1579.424853964967,0.015530026517808437,il_10,PLASMA,0.8,XGBoost Regressor,BayesSearchCV,0.5081808017173814,0.4323597454543535,16.630053726805208,-0.08279416105414739,f15a5cb452a44e508d37e64811c0b3df,experiment_linear_il_10
1461.787593779542,0.013834219425916672,il_10,PLASMA,0.8,XGBoost Regressor,BayesSearchCV,0.5081808017173814,0.4323597454543535,16.630053726805208,-0.08279416105414739,f15a5cb452a44e508d37e64811c0b3df,experiment_linear_il_10
1430.931918976808,0.01380740012973547,il_10,PLASMA,0.8,XGBoost Regressor,BayesSearchCV,0.5081808017173814,0.4323597454543535,16.630053726805208,-0.08279416105414739,f15a5cb452a44e508d37e64811c0b3df,experiment_linear_il_10
1617.994447468385,0.01279271300882101,il_10,PLASMA,0.8,XGBoost Regressor,BayesSearchCV,0.5081808017173814,0.4323597454543535,16.630053726805208,-0.08279416105414739,f15a5cb452a44e508d37e64811c0b3df,experiment_linear_il_10
1664.277959672487,0.011746452189981937,il_10,PLASMA,0.8,XGBoost Regressor,BayesSearchCV,0.5081808017173814,0.4323597454543535,16.630053726805208,-0.08279416105414739,f15a5cb452a44e508d37e64811c0b3df,experiment_linear_il_10
1432.860398651979,0.011598579585552216,il_10,PLASMA,0.8,XGBoost Regressor,BayesSearchCV,0.5081808017173814,0.4323597454543535,16.630053726805208,-0.08279416105414739,f15a5cb452a44e508d37e64811c0b3df,experiment_linear_il_10
1427.074959626466,0.011273318901658058,il_10,PLASMA,0.8,XGBoost Regressor,BayesSearchCV,0.5081808017173814,0.4323597454543535,16.630053726805208,-0.08279416105414739,f15a5cb452a44e508d37e64811c0b3df,experiment_linear_il_10
3043.14092741968,0.010563471354544163,il_10,PLASMA,0.8,XGBoost Regressor,BayesSearchCV,0.5081808017173814,0.4323597454543535,16.630053726805208,-0.08279416105414739,f15a5cb452a44e508d37e64811c0b3df,experiment_linear_il_10
1843.62656946338,0.010065245442092419,il_10,PLASMA,0.8,XGBoost Regressor,BayesSearchCV,0.5081808017173814,0.4323597454543535,16.630053726805208,-0.08279416105414739,f15a5cb452a44e508d37e64811c0b3df,experiment_linear_il_10
2825.222724125369,0.009832075797021389,il_10,PLASMA,0.8,XGBoost Regressor,BayesSearchCV,0.5081808017173814,0.4323597454543535,16.630053726805208,-0.08279416105414739,f15a5cb452a44e508d37e64811c0b3df,experiment_linear_il_10
1286.29594333899,0.009520214982330799,il_10,PLASMA,0.8,XGBoost Regressor,BayesSearchCV,0.5081808017173814,0.4323597454543535,16.630053726805208,-0.08279416105414739,f15a5cb452a44e508d37e64811c0b3df,experiment_linear_il_10
2823.294244450197,0.009256402961909771,il_10,PLASMA,0.8,XGBoost Regressor,BayesSearchCV,0.5081808017173814,0.4323597454543535,16.630053726805208,-0.08279416105414739,f15a5cb452a44e508d37e64811c0b3df,experiment_linear_il_10
1147.445406726686,0.009065471589565277,il_10,PLASMA,0.8,XGBoost Regressor,BayesSearchCV,0.5081808017173814,0.4323597454543535,16.630053726805208,-0.08279416105414739,f15a5cb452a44e508d37e64811c0b3df,experiment_linear_il_10
1159.016284777711,0.008877260610461235,il_10,PLASMA,0.8,XGBoost Regressor,BayesSearchCV,0.5081808017173814,0.4323597454543535,16.630053726805208,-0.08279416105414739,f15a5cb452a44e508d37e64811c0b3df,experiment_linear_il_10
962.3113579102792,0.007636101930506166,il_10,SALIVA,0.8,XGBoost Regressor,BayesSearchCV,0.7695431148979682,0.5261391649574284,16.71249746124613,0.0937843364967923,f15a5cb452a44e508d37e64811c0b3df,experiment_linear_il_10
960.3828782351084,0.007365569343126711,il_10,SALIVA,0.8,XGBoost Regressor,BayesSearchCV,0.7695431148979682,0.5261391649574284,16.71249746124613,0.0937843364967923,f15a5cb452a44e508d37e64811c0b3df,experiment_linear_il_10
964.23983758545,0.006794384835708944,il_10,SALIVA,0.8,XGBoost Regressor,BayesSearchCV,0.7695431148979682,0.5261391649574284,16.71249746124613,0.0937843364967923,f15a5cb452a44e508d37e64811c0b3df,experiment_linear_il_10
958.4543985599371,0.006512369593987729,il_10,SALIVA,0.8,XGBoost Regressor,BayesSearchCV,0.7695431148979682,0.5261391649574284,16.71249746124613,0.0937843364967923,f15a5cb452a44e508d37e64811c0b3df,experiment_linear_il_10
956.5259188847667,0.005691842140883424,il_10,SALIVA,0.8,XGBoost Regressor,BayesSearchCV,0.7695431148979682,0.5261391649574284,16.71249746124613,0.0937843364967923,f15a5cb452a44e508d37e64811c0b3df,experiment_linear_il_10
966.1683172606208,0.005512357222221192,il_10,SALIVA,0.8,XGBoost Regressor,BayesSearchCV,0.7695431148979682,0.5261391649574284,16.71249746124613,0.0937843364967923,f15a5cb452a44e508d37e64811c0b3df,experiment_linear_il_10
954.5974392095954,0.005030326794031422,il_10,SALIVA,0.8,XGBoost Regressor,BayesSearchCV,0.7695431148979682,0.5261391649574284,16.71249746124613,0.0937843364967923,f15a5cb452a44e508d37e64811c0b3df,experiment_linear_il_10
968.0967969357921,0.004898642080784319,il_10,SALIVA,0.8,XGBoost Regressor,BayesSearchCV,0.7695431148979682,0.5261391649574284,16.71249746124613,0.0937843364967923,f15a5cb452a44e508d37e64811c0b3df,experiment_linear_il_10
1612.209008442873,0.004635222667260719,il_10,SALIVA,0.8,XGBoost Regressor,BayesSearchCV,0.7695431148979682,0.5261391649574284,16.71249746124613,0.0937843364967923,f15a5cb452a44e508d37e64811c0b3df,experiment_linear_il_10
1610.280528767702,0.004617553896335094,il_10,SALIVA,0.8,XGBoost Regressor,BayesSearchCV,0.7695431148979682,0.5261391649574284,16.71249746124613,0.0937843364967923,f15a5cb452a44e508d37e64811c0b3df,experiment_linear_il_10
1614.137488118043,0.004580745720023146,il_10,SALIVA,0.8,XGBoost Regressor,BayesSearchCV,0.7695431148979682,0.5261391649574284,16.71249746124613,0.0937843364967923,f15a5cb452a44e508d37e64811c0b3df,experiment_linear_il_10
1608.35204909253,0.00456006906132402,il_10,SALIVA,0.8,XGBoost Regressor,BayesSearchCV,0.7695431148979682,0.5261391649574284,16.71249746124613,0.0937843364967923,f15a5cb452a44e508d37e64811c0b3df,experiment_linear_il_10
970.0252766109629,0.0044742357908198445,il_10,SALIVA,0.8,XGBoost Regressor,BayesSearchCV,0.7695431148979682,0.5261391649574284,16.71249746124613,0.0937843364967923,f15a5cb452a44e508d37e64811c0b3df,experiment_linear_il_10
1616.065967793214,0.00444553030859433,il_10,SALIVA,0.8,XGBoost Regressor,BayesSearchCV,0.7695431148979682,0.5261391649574284,16.71249746124613,0.0937843364967923,f15a5cb452a44e508d37e64811c0b3df,experiment_linear_il_10
1606.42356941736,0.004443693372876369,il_10,SALIVA,0.8,XGBoost Regressor,BayesSearchCV,0.7695431148979682,0.5261391649574284,16.71249746124613,0.0937843364967923,f15a5cb452a44e508d37e64811c0b3df,experiment_linear_il_10
1617.994447468385,0.004349603376496888,il_10,SALIVA,0.8,XGBoost Regressor,BayesSearchCV,0.7695431148979682,0.5261391649574284,16.71249746124613,0.0937843364967923,f15a5cb452a44e508d37e64811c0b3df,experiment_linear_il_10
1604.495089742189,0.004296938964469288,il_10,SALIVA,0.8,XGBoost Regressor,BayesSearchCV,0.7695431148979682,0.5261391649574284,16.71249746124613,0.0937843364967923,f15a5cb452a44e508d37e64811c0b3df,experiment_linear_il_10
1619.922927143556,0.004278166106692307,il_10,SALIVA,0.8,XGBoost Regressor,BayesSearchCV,0.7695431148979682,0.5261391649574284,16.71249746124613,0.0937843364967923,f15a5cb452a44e508d37e64811c0b3df,experiment_linear_il_10
952.6689595344246,0.004155421182343477,il_10,SALIVA,0.8,XGBoost Regressor,BayesSearchCV,0.7695431148979682,0.5261391649574284,16.71249746124613,0.0937843364967923,f15a5cb452a44e508d37e64811c0b3df,experiment_linear_il_10
1621.851406818727,0.00413579404711735,il_10,SALIVA,0.8,XGBoost Regressor,BayesSearchCV,0.7695431148979682,0.5261391649574284,16.71249746124613,0.0937843364967923,f15a5cb452a44e508d37e64811c0b3df,experiment_linear_il_10
929.5272034323739,,il_10,SALIVA,0.8,XGBoost Regressor,BayesSearchCV,0.8200687033163521,0.5309096167260404,16.858136647423017,-0.02912025668447482,f15a5cb452a44e508d37e64811c0b3df,experiment_linear_il_10
2568.734927327639,,il_10,SALIVA,0.8,XGBoost Regressor,BayesSearchCV,0.8200687033163521,0.5309096167260404,16.858136647423017,-0.02912025668447482,f15a5cb452a44e508d37e64811c0b3df,experiment_linear_il_10
2551.378610251101,,il_10,SALIVA,0.8,XGBoost Regressor,BayesSearchCV,0.8200687033163521,0.5309096167260404,16.858136647423017,-0.02912025668447482,f15a5cb452a44e508d37e64811c0b3df,experiment_linear_il_10
2553.307089926272,,il_10,SALIVA,0.8,XGBoost Regressor,BayesSearchCV,0.8200687033163521,0.5309096167260404,16.858136647423017,-0.02912025668447482,f15a5cb452a44e508d37e64811c0b3df,experiment_linear_il_10
2555.235569601442,,il_10,SALIVA,0.8,XGBoost Regressor,BayesSearchCV,0.8200687033163521,0.5309096167260404,16.858136647423017,-0.02912025668447482,f15a5cb452a44e508d37e64811c0b3df,experiment_linear_il_10
2557.164049276613,,il_10,SALIVA,0.8,XGBoost Regressor,BayesSearchCV,0.8200687033163521,0.5309096167260404,16.858136647423017,-0.02912025668447482,f15a5cb452a44e508d37e64811c0b3df,experiment_linear_il_10
2559.092528951784,,il_10,SALIVA,0.8,XGBoost Regressor,BayesSearchCV,0.8200687033163521,0.5309096167260404,16.858136647423017,-0.02912025668447482,f15a5cb452a44e508d37e64811c0b3df,experiment_linear_il_10
2561.021008626955,,il_10,SALIVA,0.8,XGBoost Regressor,BayesSearchCV,0.8200687033163521,0.5309096167260404,16.858136647423017,-0.02912025668447482,f15a5cb452a44e508d37e64811c0b3df,experiment_linear_il_10
2562.949488302126,,il_10,SALIVA,0.8,XGBoost Regressor,BayesSearchCV,0.8200687033163521,0.5309096167260404,16.858136647423017,-0.02912025668447482,f15a5cb452a44e508d37e64811c0b3df,experiment_linear_il_10
2564.877967977297,,il_10,SALIVA,0.8,XGBoost Regressor,BayesSearchCV,0.8200687033163521,0.5309096167260404,16.858136647423017,-0.02912025668447482,f15a5cb452a44e508d37e64811c0b3df,experiment_linear_il_10
2566.806447652468,,il_10,SALIVA,0.8,XGBoost Regressor,BayesSearchCV,0.8200687033163521,0.5309096167260404,16.858136647423017,-0.02912025668447482,f15a5cb452a44e508d37e64811c0b3df,experiment_linear_il_10
2570.663407002809,,il_10,SALIVA,0.8,XGBoost Regressor,BayesSearchCV,0.8200687033163521,0.5309096167260404,16.858136647423017,-0.02912025668447482,f15a5cb452a44e508d37e64811c0b3df,experiment_linear_il_10
2547.521650900759,,il_10,SALIVA,0.8,XGBoost Regressor,BayesSearchCV,0.8200687033163521,0.5309096167260404,16.858136647423017,-0.02912025668447482,f15a5cb452a44e508d37e64811c0b3df,experiment_linear_il_10
2572.59188667798,,il_10,SALIVA,0.8,XGBoost Regressor,BayesSearchCV,0.8200687033163521,0.5309096167260404,16.858136647423017,-0.02912025668447482,f15a5cb452a44e508d37e64811c0b3df,experiment_linear_il_10
2574.520366353152,,il_10,SALIVA,0.8,XGBoost Regressor,BayesSearchCV,0.8200687033163521,0.5309096167260404,16.858136647423017,-0.02912025668447482,f15a5cb452a44e508d37e64811c0b3df,experiment_linear_il_10
2576.448846028322,,il_10,SALIVA,0.8,XGBoost Regressor,BayesSearchCV,0.8200687033163521,0.5309096167260404,16.858136647423017,-0.02912025668447482,f15a5cb452a44e508d37e64811c0b3df,experiment_linear_il_10
2578.377325703493,,il_10,SALIVA,0.8,XGBoost Regressor,BayesSearchCV,0.8200687033163521,0.5309096167260404,16.858136647423017,-0.02912025668447482,f15a5cb452a44e508d37e64811c0b3df,experiment_linear_il_10
2580.305805378664,,il_10,SALIVA,0.8,XGBoost Regressor,BayesSearchCV,0.8200687033163521,0.5309096167260404,16.858136647423017,-0.02912025668447482,f15a5cb452a44e508d37e64811c0b3df,experiment_linear_il_10
2582.234285053835,,il_10,SALIVA,0.8,XGBoost Regressor,BayesSearchCV,0.8200687033163521,0.5309096167260404,16.858136647423017,-0.02912025668447482,f15a5cb452a44e508d37e64811c0b3df,experiment_linear_il_10
2584.162764729006,,il_10,SALIVA,0.8,XGBoost Regressor,BayesSearchCV,0.8200687033163521,0.5309096167260404,16.858136647423017,-0.02912025668447482,f15a5cb452a44e508d37e64811c0b3df,experiment_linear_il_10
962.3113579102792,0.007821034030262158,il_10,SALIVA,0.8,XGBoost Regressor,BayesSearchCV,0.7674174769182542,0.514846623496851,16.381787699898574,0.09878373417374664,f15a5cb452a44e508d37e64811c0b3df,experiment_linear_il_10
960.3828782351084,0.007591317074725377,il_10,SALIVA,0.8,XGBoost Regressor,BayesSearchCV,0.7674174769182542,0.514846623496851,16.381787699898574,0.09878373417374664,f15a5cb452a44e508d37e64811c0b3df,experiment_linear_il_10
964.23983758545,0.006843404382996965,il_10,SALIVA,0.8,XGBoost Regressor,BayesSearchCV,0.7674174769182542,0.514846623496851,16.381787699898574,0.09878373417374664,f15a5cb452a44e508d37e64811c0b3df,experiment_linear_il_10
958.4543985599371,0.006643862118282054,il_10,SALIVA,0.8,XGBoost Regressor,BayesSearchCV,0.7674174769182542,0.514846623496851,16.381787699898574,0.09878373417374664,f15a5cb452a44e508d37e64811c0b3df,experiment_linear_il_10
956.5259188847667,0.0057133686042237135,il_10,SALIVA,0.8,XGBoost Regressor,BayesSearchCV,0.7674174769182542,0.514846623496851,16.381787699898574,0.09878373417374664,f15a5cb452a44e508d37e64811c0b3df,experiment_linear_il_10
966.1683172606208,0.005392722662110793,il_10,SALIVA,0.8,XGBoost Regressor,BayesSearchCV,0.7674174769182542,0.514846623496851,16.381787699898574,0.09878373417374664,f15a5cb452a44e508d37e64811c0b3df,experiment_linear_il_10
954.5974392095954,0.0050936423425137645,il_10,SALIVA,0.8,XGBoost Regressor,BayesSearchCV,0.7674174769182542,0.514846623496851,16.381787699898574,0.09878373417374664,f15a5cb452a44e508d37e64811c0b3df,experiment_linear_il_10
968.0967969357921,0.0047177959151279295,il_10,SALIVA,0.8,XGBoost Regressor,BayesSearchCV,0.7674174769182542,0.514846623496851,16.381787699898574,0.09878373417374664,f15a5cb452a44e508d37e64811c0b3df,experiment_linear_il_10
1612.209008442873,0.0046860711877364835,il_10,SALIVA,0.8,XGBoost Regressor,BayesSearchCV,0.7674174769182542,0.514846623496851,16.381787699898574,0.09878373417374664,f15a5cb452a44e508d37e64811c0b3df,experiment_linear_il_10
1610.280528767702,0.0046523898741836,il_10,SALIVA,0.8,XGBoost Regressor,BayesSearchCV,0.7674174769182542,0.514846623496851,16.381787699898574,0.09878373417374664,f15a5cb452a44e508d37e64811c0b3df,experiment_linear_il_10
1614.137488118043,0.004639258026766086,il_10,SALIVA,0.8,XGBoost Regressor,BayesSearchCV,0.7674174769182542,0.514846623496851,16.381787699898574,0.09878373417374664,f15a5cb452a44e508d37e64811c0b3df,experiment_linear_il_10
1608.35204909253,0.00458293843420369,il_10,SALIVA,0.8,XGBoost Regressor,BayesSearchCV,0.7674174769182542,0.514846623496851,16.381787699898574,0.09878373417374664,f15a5cb452a44e508d37e64811c0b3df,experiment_linear_il_10
1616.065967793214,0.004502905299750017,il_10,SALIVA,0.8,XGBoost Regressor,BayesSearchCV,0.7674174769182542,0.514846623496851,16.381787699898574,0.09878373417374664,f15a5cb452a44e508d37e64811c0b3df,experiment_linear_il_10
1606.42356941736,0.004455023729097857,il_10,SALIVA,0.8,XGBoost Regressor,BayesSearchCV,0.7674174769182542,0.514846623496851,16.381787699898574,0.09878373417374664,f15a5cb452a44e508d37e64811c0b3df,experiment_linear_il_10
1617.994447468385,0.004415039400797708,il_10,SALIVA,0.8,XGBoost Regressor,BayesSearchCV,0.7674174769182542,0.514846623496851,16.381787699898574,0.09878373417374664,f15a5cb452a44e508d37e64811c0b3df,experiment_linear_il_10
1619.922927143556,0.004354611050630791,il_10,SALIVA,0.8,XGBoost Regressor,BayesSearchCV,0.7674174769182542,0.514846623496851,16.381787699898574,0.09878373417374664,f15a5cb452a44e508d37e64811c0b3df,experiment_linear_il_10
970.0252766109629,0.004300945732173807,il_10,SALIVA,0.8,XGBoost Regressor,BayesSearchCV,0.7674174769182542,0.514846623496851,16.381787699898574,0.09878373417374664,f15a5cb452a44e508d37e64811c0b3df,experiment_linear_il_10
1604.495089742189,0.004291068507216458,il_10,SALIVA,0.8,XGBoost Regressor,BayesSearchCV,0.7674174769182542,0.514846623496851,16.381787699898574,0.09878373417374664,f15a5cb452a44e508d37e64811c0b3df,experiment_linear_il_10
952.6689595344246,0.004267563069237437,il_10,SALIVA,0.8,XGBoost Regressor,BayesSearchCV,0.7674174769182542,0.514846623496851,16.381787699898574,0.09878373417374664,f15a5cb452a44e508d37e64811c0b3df,experiment_linear_il_10
1621.851406818727,0.004210185718979892,il_10,SALIVA,0.8,XGBoost Regressor,BayesSearchCV,0.7674174769182542,0.514846623496851,16.381787699898574,0.09878373417374664,f15a5cb452a44e508d37e64811c0b3df,experiment_linear_il_10
1141.659967701173,0.53976970911026,il_10,SALIVA,0.8,XGBoost Regressor,BayesSearchCV,0.8239991018893569,0.5315755247041428,16.886351458894577,-0.039008564313534055,f15a5cb452a44e508d37e64811c0b3df,experiment_linear_il_10
2996.857415215578,0.4602302610874176,il_10,SALIVA,0.8,XGBoost Regressor,BayesSearchCV,0.8239991018893569,0.5315755247041428,16.886351458894577,-0.039008564313534055,f15a5cb452a44e508d37e64811c0b3df,experiment_linear_il_10
929.5272034323739,0.0,il_10,SALIVA,0.8,XGBoost Regressor,BayesSearchCV,0.8239991018893569,0.5315755247041428,16.886351458894577,-0.039008564313534055,f15a5cb452a44e508d37e64811c0b3df,experiment_linear_il_10
2549.45013057593,0.0,il_10,SALIVA,0.8,XGBoost Regressor,BayesSearchCV,0.8239991018893569,0.5315755247041428,16.886351458894577,-0.039008564313534055,f15a5cb452a44e508d37e64811c0b3df,experiment_linear_il_10
2553.307089926272,0.0,il_10,SALIVA,0.8,XGBoost Regressor,BayesSearchCV,0.8239991018893569,0.5315755247041428,16.886351458894577,-0.039008564313534055,f15a5cb452a44e508d37e64811c0b3df,experiment_linear_il_10
2555.235569601442,0.0,il_10,SALIVA,0.8,XGBoost Regressor,BayesSearchCV,0.8239991018893569,0.5315755247041428,16.886351458894577,-0.039008564313534055,f15a5cb452a44e508d37e64811c0b3df,experiment_linear_il_10
2557.164049276613,0.0,il_10,SALIVA,0.8,XGBoost Regressor,BayesSearchCV,0.8239991018893569,0.5315755247041428,16.886351458894577,-0.039008564313534055,f15a5cb452a44e508d37e64811c0b3df,experiment_linear_il_10
2559.092528951784,0.0,il_10,SALIVA,0.8,XGBoost Regressor,BayesSearchCV,0.8239991018893569,0.5315755247041428,16.886351458894577,-0.039008564313534055,f15a5cb452a44e508d37e64811c0b3df,experiment_linear_il_10
2561.021008626955,0.0,il_10,SALIVA,0.8,XGBoost Regressor,BayesSearchCV,0.8239991018893569,0.5315755247041428,16.886351458894577,-0.039008564313534055,f15a5cb452a44e508d37e64811c0b3df,experiment_linear_il_10
2562.949488302126,0.0,il_10,SALIVA,0.8,XGBoost Regressor,BayesSearchCV,0.8239991018893569,0.5315755247041428,16.886351458894577,-0.039008564313534055,f15a5cb452a44e508d37e64811c0b3df,experiment_linear_il_10
2564.877967977297,0.0,il_10,SALIVA,0.8,XGBoost Regressor,BayesSearchCV,0.8239991018893569,0.5315755247041428,16.886351458894577,-0.039008564313534055,f15a5cb452a44e508d37e64811c0b3df,experiment_linear_il_10
2566.806447652468,0.0,il_10,SALIVA,0.8,XGBoost Regressor,BayesSearchCV,0.8239991018893569,0.5315755247041428,16.886351458894577,-0.039008564313534055,f15a5cb452a44e508d37e64811c0b3df,experiment_linear_il_10
2568.734927327639,0.0,il_10,SALIVA,0.8,XGBoost Regressor,BayesSearchCV,0.8239991018893569,0.5315755247041428,16.886351458894577,-0.039008564313534055,f15a5cb452a44e508d37e64811c0b3df,experiment_linear_il_10
2570.663407002809,0.0,il_10,SALIVA,0.8,XGBoost Regressor,BayesSearchCV,0.8239991018893569,0.5315755247041428,16.886351458894577,-0.039008564313534055,f15a5cb452a44e508d37e64811c0b3df,experiment_linear_il_10
2572.59188667798,0.0,il_10,SALIVA,0.8,XGBoost Regressor,BayesSearchCV,0.8239991018893569,0.5315755247041428,16.886351458894577,-0.039008564313534055,f15a5cb452a44e508d37e64811c0b3df,experiment_linear_il_10
2574.520366353152,0.0,il_10,SALIVA,0.8,XGBoost Regressor,BayesSearchCV,0.8239991018893569,0.5315755247041428,16.886351458894577,-0.039008564313534055,f15a5cb452a44e508d37e64811c0b3df,experiment_linear_il_10
2576.448846028322,0.0,il_10,SALIVA,0.8,XGBoost Regressor,BayesSearchCV,0.8239991018893569,0.5315755247041428,16.886351458894577,-0.039008564313534055,f15a5cb452a44e508d37e64811c0b3df,experiment_linear_il_10
2578.377325703493,0.0,il_10,SALIVA,0.8,XGBoost Regressor,BayesSearchCV,0.8239991018893569,0.5315755247041428,16.886351458894577,-0.039008564313534055,f15a5cb452a44e508d37e64811c0b3df,experiment_linear_il_10
2580.305805378664,0.0,il_10,SALIVA,0.8,XGBoost Regressor,BayesSearchCV,0.8239991018893569,0.5315755247041428,16.886351458894577,-0.039008564313534055,f15a5cb452a44e508d37e64811c0b3df,experiment_linear_il_10
2582.234285053835,0.0,il_10,SALIVA,0.8,XGBoost Regressor,BayesSearchCV,0.8239991018893569,0.5315755247041428,16.886351458894577,-0.039008564313534055,f15a5cb452a44e508d37e64811c0b3df,experiment_linear_il_10
2711.442423290285,0.012567810102738426,il_10,SERUM,0.8,XGBoost Regressor,BayesSearchCV,0.9171162909067788,0.5624534888193012,18.483672229918895,0.13222149738174627,f15a5cb452a44e508d37e64811c0b3df,experiment_linear_il_10
2713.370902965456,0.012508316368417836,il_10,SERUM,0.8,XGBoost Regressor,BayesSearchCV,0.9171162909067788,0.5624534888193012,18.483672229918895,0.13222149738174627,f15a5cb452a44e508d37e64811c0b3df,experiment_linear_il_10
2715.299382640627,0.007253099530407646,il_10,SERUM,0.8,XGBoost Regressor,BayesSearchCV,0.9171162909067788,0.5624534888193012,18.483672229918895,0.13222149738174627,f15a5cb452a44e508d37e64811c0b3df,experiment_linear_il_10
2709.513943615114,0.006665381669641353,il_10,SERUM,0.8,XGBoost Regressor,BayesSearchCV,0.9171162909067788,0.5624534888193012,18.483672229918895,0.13222149738174627,f15a5cb452a44e508d37e64811c0b3df,experiment_linear_il_10
931.4556831075452,0.003836651887518602,il_10,SERUM,0.8,XGBoost Regressor,BayesSearchCV,0.9171162909067788,0.5624534888193012,18.483672229918895,0.13222149738174627,f15a5cb452a44e508d37e64811c0b3df,experiment_linear_il_10
933.3841627827155,0.0038270534141871516,il_10,SERUM,0.8,XGBoost Regressor,BayesSearchCV,0.9171162909067788,0.5624534888193012,18.483672229918895,0.13222149738174627,f15a5cb452a44e508d37e64811c0b3df,experiment_linear_il_10
929.5272034323739,0.0038176257005556455,il_10,SERUM,0.8,XGBoost Regressor,BayesSearchCV,0.9171162909067788,0.5624534888193012,18.483672229918895,0.13222149738174627,f15a5cb452a44e508d37e64811c0b3df,experiment_linear_il_10
935.3126424578863,0.0037485267257498945,il_10,SERUM,0.8,XGBoost Regressor,BayesSearchCV,0.9171162909067788,0.5624534888193012,18.483672229918895,0.13222149738174627,f15a5cb452a44e508d37e64811c0b3df,experiment_linear_il_10
1093.447975821901,0.0037371311270678904,il_10,SERUM,0.8,XGBoost Regressor,BayesSearchCV,0.9171162909067788,0.5624534888193012,18.483672229918895,0.13222149738174627,f15a5cb452a44e508d37e64811c0b3df,experiment_linear_il_10
1091.51949614673,0.003710859608441016,il_10,SERUM,0.8,XGBoost Regressor,BayesSearchCV,0.9171162909067788,0.5624534888193012,18.483672229918895,0.13222149738174627,f15a5cb452a44e508d37e64811c0b3df,experiment_linear_il_10
1590.995732015992,0.003656333319880988,il_10,SERUM,0.8,XGBoost Regressor,BayesSearchCV,0.9171162909067788,0.5624534888193012,18.483672229918895,0.13222149738174627,f15a5cb452a44e508d37e64811c0b3df,experiment_linear_il_10
1592.924211691163,0.0036403334005967176,il_10,SERUM,0.8,XGBoost Regressor,BayesSearchCV,0.9171162909067788,0.5624534888193012,18.483672229918895,0.13222149738174627,f15a5cb452a44e508d37e64811c0b3df,experiment_linear_il_10
987.3815936875008,0.0036240321926895446,il_10,SERUM,0.8,XGBoost Regressor,BayesSearchCV,0.9171162909067788,0.5624534888193012,18.483672229918895,0.13222149738174627,f15a5cb452a44e508d37e64811c0b3df,experiment_linear_il_10
989.3100733626716,0.003588634170991609,il_10,SERUM,0.8,XGBoost Regressor,BayesSearchCV,0.9171162909067788,0.5624534888193012,18.483672229918895,0.13222149738174627,f15a5cb452a44e508d37e64811c0b3df,experiment_linear_il_10
937.2411221330576,0.0035700175680819066,il_10,SERUM,0.8,XGBoost Regressor,BayesSearchCV,0.9171162909067788,0.5624534888193012,18.483672229918895,0.13222149738174627,f15a5cb452a44e508d37e64811c0b3df,experiment_linear_il_10
1095.376455497071,0.003553997781990979,il_10,SERUM,0.8,XGBoost Regressor,BayesSearchCV,0.9171162909067788,0.5624534888193012,18.483672229918895,0.13222149738174627,f15a5cb452a44e508d37e64811c0b3df,experiment_linear_il_10
1594.852691366334,0.0035452301454963414,il_10,SERUM,0.8,XGBoost Regressor,BayesSearchCV,0.9171162909067788,0.5624534888193012,18.483672229918895,0.13222149738174627,f15a5cb452a44e508d37e64811c0b3df,experiment_linear_il_10
1589.067252340822,0.0035374750203638217,il_10,SERUM,0.8,XGBoost Regressor,BayesSearchCV,0.9171162909067788,0.5624534888193012,18.483672229918895,0.13222149738174627,f15a5cb452a44e508d37e64811c0b3df,experiment_linear_il_10
1089.591016471559,0.0035323836440065625,il_10,SERUM,0.8,XGBoost Regressor,BayesSearchCV,0.9171162909067788,0.5624534888193012,18.483672229918895,0.13222149738174627,f15a5cb452a44e508d37e64811c0b3df,experiment_linear_il_10
985.4531140123299,0.003519109790531055,il_10,SERUM,0.8,XGBoost Regressor,BayesSearchCV,0.9171162909067788,0.5624534888193012,18.483672229918895,0.13222149738174627,f15a5cb452a44e508d37e64811c0b3df,experiment_linear_il_10
1116.589731923951,0.0184214785695076,il_10,SERUM,0.8,XGBoost Regressor,BayesSearchCV,0.9566303613083618,0.5701576114312047,18.689414029563718,0.05583392461047987,f15a5cb452a44e508d37e64811c0b3df,experiment_linear_il_10
2653.588033035158,0.01795387640595436,il_10,SERUM,0.8,XGBoost Regressor,BayesSearchCV,0.9566303613083618,0.5701576114312047,18.689414029563718,0.05583392461047987,f15a5cb452a44e508d37e64811c0b3df,experiment_linear_il_10
2649.731073684817,0.0166865736246109,il_10,SERUM,0.8,XGBoost Regressor,BayesSearchCV,0.9566303613083618,0.5701576114312047,18.689414029563718,0.05583392461047987,f15a5cb452a44e508d37e64811c0b3df,experiment_linear_il_10
1837.841130437868,0.015760308131575584,il_10,SERUM,0.8,XGBoost Regressor,BayesSearchCV,0.9566303613083618,0.5701576114312047,18.689414029563718,0.05583392461047987,f15a5cb452a44e508d37e64811c0b3df,experiment_linear_il_10
1261.225707561769,0.014959932304918766,il_10,SERUM,0.8,XGBoost Regressor,BayesSearchCV,0.9566303613083618,0.5701576114312047,18.689414029563718,0.05583392461047987,f15a5cb452a44e508d37e64811c0b3df,experiment_linear_il_10
935.3126424578863,0.014689184725284576,il_10,SERUM,0.8,XGBoost Regressor,BayesSearchCV,0.9566303613083618,0.5701576114312047,18.689414029563718,0.05583392461047987,f15a5cb452a44e508d37e64811c0b3df,experiment_linear_il_10
1467.573032805055,0.014184278436005116,il_10,SERUM,0.8,XGBoost Regressor,BayesSearchCV,0.9566303613083618,0.5701576114312047,18.689414029563718,0.05583392461047987,f15a5cb452a44e508d37e64811c0b3df,experiment_linear_il_10
1110.804292898438,0.013753623701632023,il_10,SERUM,0.8,XGBoost Regressor,BayesSearchCV,0.9566303613083618,0.5701576114312047,18.689414029563718,0.05583392461047987,f15a5cb452a44e508d37e64811c0b3df,experiment_linear_il_10
1214.942195357667,0.013473414815962315,il_10,SERUM,0.8,XGBoost Regressor,BayesSearchCV,0.9566303613083618,0.5701576114312047,18.689414029563718,0.05583392461047987,f15a5cb452a44e508d37e64811c0b3df,experiment_linear_il_10
2659.373472060671,0.013067944906651974,il_10,SERUM,0.8,XGBoost Regressor,BayesSearchCV,0.9566303613083618,0.5701576114312047,18.689414029563718,0.05583392461047987,f15a5cb452a44e508d37e64811c0b3df,experiment_linear_il_10
1571.710935264284,0.013064468279480934,il_10,SERUM,0.8,XGBoost Regressor,BayesSearchCV,0.9566303613083618,0.5701576114312047,18.689414029563718,0.05583392461047987,f15a5cb452a44e508d37e64811c0b3df,experiment_linear_il_10
1218.799154708009,0.01291196420788765,il_10,SERUM,0.8,XGBoost Regressor,BayesSearchCV,0.9566303613083618,0.5701576114312047,18.689414029563718,0.05583392461047987,f15a5cb452a44e508d37e64811c0b3df,experiment_linear_il_10
1139.731488026002,0.011782808229327202,il_10,SERUM,0.8,XGBoost Regressor,BayesSearchCV,0.9566303613083618,0.5701576114312047,18.689414029563718,0.05583392461047987,f15a5cb452a44e508d37e64811c0b3df,experiment_linear_il_10
1159.016284777711,0.011750604957342148,il_10,SERUM,0.8,XGBoost Regressor,BayesSearchCV,0.9566303613083618,0.5701576114312047,18.689414029563718,0.05583392461047987,f15a5cb452a44e508d37e64811c0b3df,experiment_linear_il_10
1157.08780510254,0.011714684776961803,il_10,SERUM,0.8,XGBoost Regressor,BayesSearchCV,0.9566303613083618,0.5701576114312047,18.689414029563718,0.05583392461047987,f15a5cb452a44e508d37e64811c0b3df,experiment_linear_il_10
1754.916504405519,0.011325536295771599,il_10,SERUM,0.8,XGBoost Regressor,BayesSearchCV,0.9566303613083618,0.5701576114312047,18.689414029563718,0.05583392461047987,f15a5cb452a44e508d37e64811c0b3df,experiment_linear_il_10
941.0980814833993,0.010123511776328087,il_10,SERUM,0.8,XGBoost Regressor,BayesSearchCV,0.9566303613083618,0.5701576114312047,18.689414029563718,0.05583392461047987,f15a5cb452a44e508d37e64811c0b3df,experiment_linear_il_10
1133.946049000489,0.010057889856398106,il_10,SERUM,0.8,XGBoost Regressor,BayesSearchCV,0.9566303613083618,0.5701576114312047,18.689414029563718,0.05583392461047987,f15a5cb452a44e508d37e64811c0b3df,experiment_linear_il_10
2784.72465094678,0.009877381846308708,il_10,SERUM,0.8,XGBoost Regressor,BayesSearchCV,0.9566303613083618,0.5701576114312047,18.689414029563718,0.05583392461047987,f15a5cb452a44e508d37e64811c0b3df,experiment_linear_il_10
1141.659967701173,0.009553723968565464,il_10,SERUM,0.8,XGBoost Regressor,BayesSearchCV,0.9566303613083618,0.5701576114312047,18.689414029563718,0.05583392461047987,f15a5cb452a44e508d37e64811c0b3df,experiment_linear_il_10
2713.370902965456,0.01211354354821182,il_10,SERUM,0.8,XGBoost Regressor,BayesSearchCV,0.9353693200587367,0.5801943183556432,19.180100433613923,0.09733560296989563,f15a5cb452a44e508d37e64811c0b3df,experiment_linear_il_10
2711.442423290285,0.01189774460578759,il_10,SERUM,0.8,XGBoost Regressor,BayesSearchCV,0.9353693200587367,0.5801943183556432,19.180100433613923,0.09733560296989563,f15a5cb452a44e508d37e64811c0b3df,experiment_linear_il_10
2715.299382640627,0.007429819144553945,il_10,SERUM,0.8,XGBoost Regressor,BayesSearchCV,0.9353693200587367,0.5801943183556432,19.180100433613923,0.09733560296989563,f15a5cb452a44e508d37e64811c0b3df,experiment_linear_il_10
2709.513943615114,0.00645075351470025,il_10,SERUM,0.8,XGBoost Regressor,BayesSearchCV,0.9353693200587367,0.5801943183556432,19.180100433613923,0.09733560296989563,f15a5cb452a44e508d37e64811c0b3df,experiment_linear_il_10
1093.447975821901,0.004035123371746391,il_10,SERUM,0.8,XGBoost Regressor,BayesSearchCV,0.9353693200587367,0.5801943183556432,19.180100433613923,0.09733560296989563,f15a5cb452a44e508d37e64811c0b3df,experiment_linear_il_10
1091.51949614673,0.004031044143675978,il_10,SERUM,0.8,XGBoost Regressor,BayesSearchCV,0.9353693200587367,0.5801943183556432,19.180100433613923,0.09733560296989563,f15a5cb452a44e508d37e64811c0b3df,experiment_linear_il_10
1590.995732015992,0.003970620720170417,il_10,SERUM,0.8,XGBoost Regressor,BayesSearchCV,0.9353693200587367,0.5801943183556432,19.180100433613923,0.09733560296989563,f15a5cb452a44e508d37e64811c0b3df,experiment_linear_il_10
1592.924211691163,0.0039572823045150194,il_10,SERUM,0.8,XGBoost Regressor,BayesSearchCV,0.9353693200587367,0.5801943183556432,19.180100433613923,0.09733560296989563,f15a5cb452a44e508d37e64811c0b3df,experiment_linear_il_10
929.5272034323739,0.0038660314737889393,il_10,SERUM,0.8,XGBoost Regressor,BayesSearchCV,0.9353693200587367,0.5801943183556432,19.180100433613923,0.09733560296989563,f15a5cb452a44e508d37e64811c0b3df,experiment_linear_il_10
1594.852691366334,0.003855336939882603,il_10,SERUM,0.8,XGBoost Regressor,BayesSearchCV,0.9353693200587367,0.5801943183556432,19.180100433613923,0.09733560296989563,f15a5cb452a44e508d37e64811c0b3df,experiment_linear_il_10
1089.591016471559,0.003852027112994114,il_10,SERUM,0.8,XGBoost Regressor,BayesSearchCV,0.9353693200587367,0.5801943183556432,19.180100433613923,0.09733560296989563,f15a5cb452a44e508d37e64811c0b3df,experiment_linear_il_10
1589.067252340822,0.0038372685700231376,il_10,SERUM,0.8,XGBoost Regressor,BayesSearchCV,0.9353693200587367,0.5801943183556432,19.180100433613923,0.09733560296989563,f15a5cb452a44e508d37e64811c0b3df,experiment_linear_il_10
1095.376455497071,0.003825426306740133,il_10,SERUM,0.8,XGBoost Regressor,BayesSearchCV,0.9353693200587367,0.5801943183556432,19.180100433613923,0.09733560296989563,f15a5cb452a44e508d37e64811c0b3df,experiment_linear_il_10
931.4556831075452,0.003788751942446799,il_10,SERUM,0.8,XGBoost Regressor,BayesSearchCV,0.9353693200587367,0.5801943183556432,19.180100433613923,0.09733560296989563,f15a5cb452a44e508d37e64811c0b3df,experiment_linear_il_10
933.3841627827155,0.0037066317351005813,il_10,SERUM,0.8,XGBoost Regressor,BayesSearchCV,0.9353693200587367,0.5801943183556432,19.180100433613923,0.09733560296989563,f15a5cb452a44e508d37e64811c0b3df,experiment_linear_il_10
1596.781171041505,0.0037010030435269746,il_10,SERUM,0.8,XGBoost Regressor,BayesSearchCV,0.9353693200587367,0.5801943183556432,19.180100433613923,0.09733560296989563,f15a5cb452a44e508d37e64811c0b3df,experiment_linear_il_10
935.3126424578863,0.0036027834100072305,il_10,SERUM,0.8,XGBoost Regressor,BayesSearchCV,0.9353693200587367,0.5801943183556432,19.180100433613923,0.09733560296989563,f15a5cb452a44e508d37e64811c0b3df,experiment_linear_il_10
1587.138772665651,0.0035885985385407577,il_10,SERUM,0.8,XGBoost Regressor,BayesSearchCV,0.9353693200587367,0.5801943183556432,19.180100433613923,0.09733560296989563,f15a5cb452a44e508d37e64811c0b3df,experiment_linear_il_10
987.3815936875008,0.003571670412667555,il_10,SERUM,0.8,XGBoost Regressor,BayesSearchCV,0.9353693200587367,0.5801943183556432,19.180100433613923,0.09733560296989563,f15a5cb452a44e508d37e64811c0b3df,experiment_linear_il_10
1598.709650716676,0.0035636115426398063,il_10,SERUM,0.8,XGBoost Regressor,BayesSearchCV,0.9353693200587367,0.5801943183556432,19.180100433613923,0.09733560296989563,f15a5cb452a44e508d37e64811c0b3df,experiment_linear_il_10
2653.588033035158,0.03724506124854088,il_10,SERUM,0.8,XGBoost Regressor,BayesSearchCV,0.9369955800045229,0.5885166869935347,19.468644790099006,0.09419407791319723,f15a5cb452a44e508d37e64811c0b3df,experiment_linear_il_10
2649.731073684817,0.03374074026942253,il_10,SERUM,0.8,XGBoost Regressor,BayesSearchCV,0.9369955800045229,0.5885166869935347,19.468644790099006,0.09419407791319723,f15a5cb452a44e508d37e64811c0b3df,experiment_linear_il_10
1137.803008350831,0.03272223472595215,il_10,SERUM,0.8,XGBoost Regressor,BayesSearchCV,0.9369955800045229,0.5885166869935347,19.468644790099006,0.09419407791319723,f15a5cb452a44e508d37e64811c0b3df,experiment_linear_il_10
1785.772179208253,0.0318276472389698,il_10,SERUM,0.8,XGBoost Regressor,BayesSearchCV,0.9369955800045229,0.5885166869935347,19.468644790099006,0.09419407791319723,f15a5cb452a44e508d37e64811c0b3df,experiment_linear_il_10
1762.630423106202,0.03099704347550869,il_10,SERUM,0.8,XGBoost Regressor,BayesSearchCV,0.9369955800045229,0.5885166869935347,19.468644790099006,0.09419407791319723,f15a5cb452a44e508d37e64811c0b3df,experiment_linear_il_10
2651.659553359988,0.03082316555082798,il_10,SERUM,0.8,XGBoost Regressor,BayesSearchCV,0.9369955800045229,0.5885166869935347,19.468644790099006,0.09419407791319723,f15a5cb452a44e508d37e64811c0b3df,experiment_linear_il_10
1116.589731923951,0.03012654185295105,il_10,SERUM,0.8,XGBoost Regressor,BayesSearchCV,0.9369955800045229,0.5885166869935347,19.468644790099006,0.09419407791319723,f15a5cb452a44e508d37e64811c0b3df,experiment_linear_il_10
1118.518211599122,0.02941204607486725,il_10,SERUM,0.8,XGBoost Regressor,BayesSearchCV,0.9369955800045229,0.5885166869935347,19.468644790099006,0.09419407791319723,f15a5cb452a44e508d37e64811c0b3df,experiment_linear_il_10
1141.659967701173,0.027424108237028122,il_10,SERUM,0.8,XGBoost Regressor,BayesSearchCV,0.9369955800045229,0.5885166869935347,19.468644790099006,0.09419407791319723,f15a5cb452a44e508d37e64811c0b3df,experiment_linear_il_10
1114.66125224878,0.025460945442318916,il_10,SERUM,0.8,XGBoost Regressor,BayesSearchCV,0.9369955800045229,0.5885166869935347,19.468644790099006,0.09419407791319723,f15a5cb452a44e508d37e64811c0b3df,experiment_linear_il_10
2703.728504589601,0.02542506344616413,il_10,SERUM,0.8,XGBoost Regressor,BayesSearchCV,0.9369955800045229,0.5885166869935347,19.468644790099006,0.09419407791319723,f15a5cb452a44e508d37e64811c0b3df,experiment_linear_il_10
2738.441138742678,0.023277387022972107,il_10,SERUM,0.8,XGBoost Regressor,BayesSearchCV,0.9369955800045229,0.5885166869935347,19.468644790099006,0.09419407791319723,f15a5cb452a44e508d37e64811c0b3df,experiment_linear_il_10
1159.016284777711,0.02326245792210102,il_10,SERUM,0.8,XGBoost Regressor,BayesSearchCV,0.9369955800045229,0.5885166869935347,19.468644790099006,0.09419407791319723,f15a5cb452a44e508d37e64811c0b3df,experiment_linear_il_10
2684.443707837893,0.023033274337649345,il_10,SERUM,0.8,XGBoost Regressor,BayesSearchCV,0.9369955800045229,0.5885166869935347,19.468644790099006,0.09419407791319723,f15a5cb452a44e508d37e64811c0b3df,experiment_linear_il_10
1201.442837631471,0.02125304751098156,il_10,SERUM,0.8,XGBoost Regressor,BayesSearchCV,0.9369955800045229,0.5885166869935347,19.468644790099006,0.09419407791319723,f15a5cb452a44e508d37e64811c0b3df,experiment_linear_il_10
1793.486097908937,0.021214498206973076,il_10,SERUM,0.8,XGBoost Regressor,BayesSearchCV,0.9369955800045229,0.5885166869935347,19.468644790099006,0.09419407791319723,f15a5cb452a44e508d37e64811c0b3df,experiment_linear_il_10
1160.944764452882,0.021056782454252243,il_10,SERUM,0.8,XGBoost Regressor,BayesSearchCV,0.9369955800045229,0.5885166869935347,19.468644790099006,0.09419407791319723,f15a5cb452a44e508d37e64811c0b3df,experiment_linear_il_10
1783.843699533082,0.019920852035284042,il_10,SERUM,0.8,XGBoost Regressor,BayesSearchCV,0.9369955800045229,0.5885166869935347,19.468644790099006,0.09419407791319723,f15a5cb452a44e508d37e64811c0b3df,experiment_linear_il_10
1752.988024730348,0.01940741203725338,il_10,SERUM,0.8,XGBoost Regressor,BayesSearchCV,0.9369955800045229,0.5885166869935347,19.468644790099006,0.09419407791319723,f15a5cb452a44e508d37e64811c0b3df,experiment_linear_il_10
2746.155057443361,0.01939089223742485,il_10,SERUM,0.8,XGBoost Regressor,BayesSearchCV,0.9369955800045229,0.5885166869935347,19.468644790099006,0.09419407791319723,f15a5cb452a44e508d37e64811c0b3df,experiment_linear_il_10
1396.219284823732,0.006113285691366516,il_10,URINE,0.8,XGBoost Regressor,BayesSearchCV,0.7689284919231546,0.5101532947630499,17.386472319807364,0.08978893197006665,f15a5cb452a44e508d37e64811c0b3df,experiment_linear_il_10
1398.147764498902,0.005965884651920921,il_10,URINE,0.8,XGBoost Regressor,BayesSearchCV,0.7689284919231546,0.5101532947630499,17.386472319807364,0.08978893197006665,f15a5cb452a44e508d37e64811c0b3df,experiment_linear_il_10
1394.290805148561,0.005856185147501041,il_10,URINE,0.8,XGBoost Regressor,BayesSearchCV,0.7689284919231546,0.5101532947630499,17.386472319807364,0.08978893197006665,f15a5cb452a44e508d37e64811c0b3df,experiment_linear_il_10
1400.076244174074,0.005528969009912959,il_10,URINE,0.8,XGBoost Regressor,BayesSearchCV,0.7689284919231546,0.5101532947630499,17.386472319807364,0.08978893197006665,f15a5cb452a44e508d37e64811c0b3df,experiment_linear_il_10
1392.36232547339,0.005201774101551724,il_10,URINE,0.8,XGBoost Regressor,BayesSearchCV,0.7689284919231546,0.5101532947630499,17.386472319807364,0.08978893197006665,f15a5cb452a44e508d37e64811c0b3df,experiment_linear_il_10
1402.004723849244,0.004988127437159162,il_10,URINE,0.8,XGBoost Regressor,BayesSearchCV,0.7689284919231546,0.5101532947630499,17.386472319807364,0.08978893197006665,f15a5cb452a44e508d37e64811c0b3df,experiment_linear_il_10
1403.933203524415,0.004475306197585853,il_10,URINE,0.8,XGBoost Regressor,BayesSearchCV,0.7689284919231546,0.5101532947630499,17.386472319807364,0.08978893197006665,f15a5cb452a44e508d37e64811c0b3df,experiment_linear_il_10
1390.433845798219,0.0042017508955280464,il_10,URINE,0.8,XGBoost Regressor,BayesSearchCV,0.7689284919231546,0.5101532947630499,17.386472319807364,0.08978893197006665,f15a5cb452a44e508d37e64811c0b3df,experiment_linear_il_10
1405.861683199586,0.004071676223713148,il_10,URINE,0.8,XGBoost Regressor,BayesSearchCV,0.7689284919231546,0.5101532947630499,17.386472319807364,0.08978893197006665,f15a5cb452a44e508d37e64811c0b3df,experiment_linear_il_10
1747.202585704835,0.0037928204437381163,il_10,URINE,0.8,XGBoost Regressor,BayesSearchCV,0.7689284919231546,0.5101532947630499,17.386472319807364,0.08978893197006665,f15a5cb452a44e508d37e64811c0b3df,experiment_linear_il_10
1407.790162874757,0.0037700642691334343,il_10,URINE,0.8,XGBoost Regressor,BayesSearchCV,0.7689284919231546,0.5101532947630499,17.386472319807364,0.08978893197006665,f15a5cb452a44e508d37e64811c0b3df,experiment_linear_il_10
1745.274106029664,0.0037649659344158423,il_10,URINE,0.8,XGBoost Regressor,BayesSearchCV,0.7689284919231546,0.5101532947630499,17.386472319807364,0.08978893197006665,f15a5cb452a44e508d37e64811c0b3df,experiment_linear_il_10
1749.131065380006,0.003702827401878344,il_10,URINE,0.8,XGBoost Regressor,BayesSearchCV,0.7689284919231546,0.5101532947630499,17.386472319807364,0.08978893197006665,f15a5cb452a44e508d37e64811c0b3df,experiment_linear_il_10
1743.345626354494,0.003696268483582915,il_10,URINE,0.8,XGBoost Regressor,BayesSearchCV,0.7689284919231546,0.5101532947630499,17.386472319807364,0.08978893197006665,f15a5cb452a44e508d37e64811c0b3df,experiment_linear_il_10
1751.059545055177,0.0035924432436762947,il_10,URINE,0.8,XGBoost Regressor,BayesSearchCV,0.7689284919231546,0.5101532947630499,17.386472319807364,0.08978893197006665,f15a5cb452a44e508d37e64811c0b3df,experiment_linear_il_10
1752.988024730348,0.0035824087731484676,il_10,URINE,0.8,XGBoost Regressor,BayesSearchCV,0.7689284919231546,0.5101532947630499,17.386472319807364,0.08978893197006665,f15a5cb452a44e508d37e64811c0b3df,experiment_linear_il_10
1741.417146679323,0.003563380478772623,il_10,URINE,0.8,XGBoost Regressor,BayesSearchCV,0.7689284919231546,0.5101532947630499,17.386472319807364,0.08978893197006665,f15a5cb452a44e508d37e64811c0b3df,experiment_linear_il_10
1409.718642549928,0.00355244817734649,il_10,URINE,0.8,XGBoost Regressor,BayesSearchCV,0.7689284919231546,0.5101532947630499,17.386472319807364,0.08978893197006665,f15a5cb452a44e508d37e64811c0b3df,experiment_linear_il_10
1754.916504405519,0.0035494922039695127,il_10,URINE,0.8,XGBoost Regressor,BayesSearchCV,0.7689284919231546,0.5101532947630499,17.386472319807364,0.08978893197006665,f15a5cb452a44e508d37e64811c0b3df,experiment_linear_il_10
1660.421000322145,0.003531121830267582,il_10,URINE,0.8,XGBoost Regressor,BayesSearchCV,0.7689284919231546,0.5101532947630499,17.386472319807364,0.08978893197006665,f15a5cb452a44e508d37e64811c0b3df,experiment_linear_il_10
1535.069821436036,0.058806873857975006,il_10,URINE,0.8,XGBoost Regressor,BayesSearchCV,0.8011118817131879,0.511145961806362,17.502657078572728,0.012000895221233154,f15a5cb452a44e508d37e64811c0b3df,experiment_linear_il_10
1519.641984034669,0.05705316364765167,il_10,URINE,0.8,XGBoost Regressor,BayesSearchCV,0.8011118817131879,0.511145961806362,17.502657078572728,0.012000895221233154,f15a5cb452a44e508d37e64811c0b3df,experiment_linear_il_10
1544.712219811891,0.05627097561955452,il_10,URINE,0.8,XGBoost Regressor,BayesSearchCV,0.8011118817131879,0.511145961806362,17.502657078572728,0.012000895221233154,f15a5cb452a44e508d37e64811c0b3df,experiment_linear_il_10
1567.853975913942,0.05133865773677826,il_10,URINE,0.8,XGBoost Regressor,BayesSearchCV,0.8011118817131879,0.511145961806362,17.502657078572728,0.012000895221233154,f15a5cb452a44e508d37e64811c0b3df,experiment_linear_il_10
1538.926780786378,0.051329605281353,il_10,URINE,0.8,XGBoost Regressor,BayesSearchCV,0.8011118817131879,0.511145961806362,17.502657078572728,0.012000895221233154,f15a5cb452a44e508d37e64811c0b3df,experiment_linear_il_10
1536.998301111207,0.05078380927443504,il_10,URINE,0.8,XGBoost Regressor,BayesSearchCV,0.8011118817131879,0.511145961806362,17.502657078572728,0.012000895221233154,f15a5cb452a44e508d37e64811c0b3df,experiment_linear_il_10
1548.569179162233,0.05029864236712456,il_10,URINE,0.8,XGBoost Regressor,BayesSearchCV,0.8011118817131879,0.511145961806362,17.502657078572728,0.012000895221233154,f15a5cb452a44e508d37e64811c0b3df,experiment_linear_il_10
1590.995732015992,0.04930375888943672,il_10,URINE,0.8,XGBoost Regressor,BayesSearchCV,0.8011118817131879,0.511145961806362,17.502657078572728,0.012000895221233154,f15a5cb452a44e508d37e64811c0b3df,experiment_linear_il_10
1290.152902689332,0.04924093186855316,il_10,URINE,0.8,XGBoost Regressor,BayesSearchCV,0.8011118817131879,0.511145961806362,17.502657078572728,0.012000895221233154,f15a5cb452a44e508d37e64811c0b3df,experiment_linear_il_10
1517.713504359498,0.047702956944704056,il_10,URINE,0.8,XGBoost Regressor,BayesSearchCV,0.8011118817131879,0.511145961806362,17.502657078572728,0.012000895221233154,f15a5cb452a44e508d37e64811c0b3df,experiment_linear_il_10
1764.558902781373,0.04737655445933342,il_10,URINE,0.8,XGBoost Regressor,BayesSearchCV,0.8011118817131879,0.511145961806362,17.502657078572728,0.012000895221233154,f15a5cb452a44e508d37e64811c0b3df,experiment_linear_il_10
1509.999585658815,0.04537350311875343,il_10,URINE,0.8,XGBoost Regressor,BayesSearchCV,0.8011118817131879,0.511145961806362,17.502657078572728,0.012000895221233154,f15a5cb452a44e508d37e64811c0b3df,experiment_linear_il_10
1552.426138512574,0.0453723669052124,il_10,URINE,0.8,XGBoost Regressor,BayesSearchCV,0.8011118817131879,0.511145961806362,17.502657078572728,0.012000895221233154,f15a5cb452a44e508d37e64811c0b3df,experiment_linear_il_10
1581.353333640138,0.045263808220624924,il_10,URINE,0.8,XGBoost Regressor,BayesSearchCV,0.8011118817131879,0.511145961806362,17.502657078572728,0.012000895221233154,f15a5cb452a44e508d37e64811c0b3df,experiment_linear_il_10
1569.782455589112,0.04525119066238403,il_10,URINE,0.8,XGBoost Regressor,BayesSearchCV,0.8011118817131879,0.511145961806362,17.502657078572728,0.012000895221233154,f15a5cb452a44e508d37e64811c0b3df,experiment_linear_il_10
1515.785024684327,0.04369896650314331,il_10,URINE,0.8,XGBoost Regressor,BayesSearchCV,0.8011118817131879,0.511145961806362,17.502657078572728,0.012000895221233154,f15a5cb452a44e508d37e64811c0b3df,experiment_linear_il_10
1546.640699487062,0.0423087403178215,il_10,URINE,0.8,XGBoost Regressor,BayesSearchCV,0.8011118817131879,0.511145961806362,17.502657078572728,0.012000895221233154,f15a5cb452a44e508d37e64811c0b3df,experiment_linear_il_10
1513.856545009157,0.04066293314099312,il_10,URINE,0.8,XGBoost Regressor,BayesSearchCV,0.8011118817131879,0.511145961806362,17.502657078572728,0.012000895221233154,f15a5cb452a44e508d37e64811c0b3df,experiment_linear_il_10
1598.709650716676,0.03956404700875282,il_10,URINE,0.8,XGBoost Regressor,BayesSearchCV,0.8011118817131879,0.511145961806362,17.502657078572728,0.012000895221233154,f15a5cb452a44e508d37e64811c0b3df,experiment_linear_il_10
1589.067252340822,0.022193117067217827,il_10,URINE,0.8,XGBoost Regressor,BayesSearchCV,0.8011118817131879,0.511145961806362,17.502657078572728,0.012000895221233154,f15a5cb452a44e508d37e64811c0b3df,experiment_linear_il_10
1396.219284823732,0.005875542847529004,il_10,URINE,0.8,XGBoost Regressor,BayesSearchCV,0.8764991786412446,0.5349144638212716,17.780006755669334,-0.18269628304150842,f15a5cb452a44e508d37e64811c0b3df,experiment_linear_il_10
1394.290805148561,0.005756305500314696,il_10,URINE,0.8,XGBoost Regressor,BayesSearchCV,0.8764991786412446,0.5349144638212716,17.780006755669334,-0.18269628304150842,f15a5cb452a44e508d37e64811c0b3df,experiment_linear_il_10
1398.147764498902,0.005563614985989355,il_10,URINE,0.8,XGBoost Regressor,BayesSearchCV,0.8764991786412446,0.5349144638212716,17.780006755669334,-0.18269628304150842,f15a5cb452a44e508d37e64811c0b3df,experiment_linear_il_10
1747.202585704835,0.005308203014408386,il_10,URINE,0.8,XGBoost Regressor,BayesSearchCV,0.8764991786412446,0.5349144638212716,17.780006755669334,-0.18269628304150842,f15a5cb452a44e508d37e64811c0b3df,experiment_linear_il_10
1749.131065380006,0.0052643752135111445,il_10,URINE,0.8,XGBoost Regressor,BayesSearchCV,0.8764991786412446,0.5349144638212716,17.780006755669334,-0.18269628304150842,f15a5cb452a44e508d37e64811c0b3df,experiment_linear_il_10
1392.36232547339,0.005210712279045431,il_10,URINE,0.8,XGBoost Regressor,BayesSearchCV,0.8764991786412446,0.5349144638212716,17.780006755669334,-0.18269628304150842,f15a5cb452a44e508d37e64811c0b3df,experiment_linear_il_10
1745.274106029664,0.005205639773504484,il_10,URINE,0.8,XGBoost Regressor,BayesSearchCV,0.8764991786412446,0.5349144638212716,17.780006755669334,-0.18269628304150842,f15a5cb452a44e508d37e64811c0b3df,experiment_linear_il_10
1751.059545055177,0.005166526817620252,il_10,URINE,0.8,XGBoost Regressor,BayesSearchCV,0.8764991786412446,0.5349144638212716,17.780006755669334,-0.18269628304150842,f15a5cb452a44e508d37e64811c0b3df,experiment_linear_il_10
1752.988024730348,0.005128872468789297,il_10,URINE,0.8,XGBoost Regressor,BayesSearchCV,0.8764991786412446,0.5349144638212716,17.780006755669334,-0.18269628304150842,f15a5cb452a44e508d37e64811c0b3df,experiment_linear_il_10
1754.916504405519,0.005048177564399082,il_10,URINE,0.8,XGBoost Regressor,BayesSearchCV,0.8764991786412446,0.5349144638212716,17.780006755669334,-0.18269628304150842,f15a5cb452a44e508d37e64811c0b3df,experiment_linear_il_10
1743.345626354494,0.005031248641895883,il_10,URINE,0.8,XGBoost Regressor,BayesSearchCV,0.8764991786412446,0.5349144638212716,17.780006755669334,-0.18269628304150842,f15a5cb452a44e508d37e64811c0b3df,experiment_linear_il_10
1400.076244174074,0.004950645632280816,il_10,URINE,0.8,XGBoost Regressor,BayesSearchCV,0.8764991786412446,0.5349144638212716,17.780006755669334,-0.18269628304150842,f15a5cb452a44e508d37e64811c0b3df,experiment_linear_il_10
1756.84498408069,0.004915132814598772,il_10,URINE,0.8,XGBoost Regressor,BayesSearchCV,0.8764991786412446,0.5349144638212716,17.780006755669334,-0.18269628304150842,f15a5cb452a44e508d37e64811c0b3df,experiment_linear_il_10
1741.417146679323,0.0047809696641736045,il_10,URINE,0.8,XGBoost Regressor,BayesSearchCV,0.8764991786412446,0.5349144638212716,17.780006755669334,-0.18269628304150842,f15a5cb452a44e508d37e64811c0b3df,experiment_linear_il_10
1758.773463755861,0.004763891525980287,il_10,URINE,0.8,XGBoost Regressor,BayesSearchCV,0.8764991786412446,0.5349144638212716,17.780006755669334,-0.18269628304150842,f15a5cb452a44e508d37e64811c0b3df,experiment_linear_il_10
1760.701943431032,0.004568789313504764,il_10,URINE,0.8,XGBoost Regressor,BayesSearchCV,0.8764991786412446,0.5349144638212716,17.780006755669334,-0.18269628304150842,f15a5cb452a44e508d37e64811c0b3df,experiment_linear_il_10
1739.488667004152,0.004525638853303394,il_10,URINE,0.8,XGBoost Regressor,BayesSearchCV,0.8764991786412446,0.5349144638212716,17.780006755669334,-0.18269628304150842,f15a5cb452a44e508d37e64811c0b3df,experiment_linear_il_10
1762.630423106202,0.004423297208106885,il_10,URINE,0.8,XGBoost Regressor,BayesSearchCV,0.8764991786412446,0.5349144638212716,17.780006755669334,-0.18269628304150842,f15a5cb452a44e508d37e64811c0b3df,experiment_linear_il_10
1737.560187328981,0.004343693161285713,il_10,URINE,0.8,XGBoost Regressor,BayesSearchCV,0.8764991786412446,0.5349144638212716,17.780006755669334,-0.18269628304150842,f15a5cb452a44e508d37e64811c0b3df,experiment_linear_il_10
1764.558902781373,0.004334754967871619,il_10,URINE,0.8,XGBoost Regressor,BayesSearchCV,0.8764991786412446,0.5349144638212716,17.780006755669334,-0.18269628304150842,f15a5cb452a44e508d37e64811c0b3df,experiment_linear_il_10
1583.281813315309,0.02804522216320038,il_10,URINE,0.8,XGBoost Regressor,BayesSearchCV,0.7817912924419206,0.49317000674445327,16.864346025650153,0.05908181330965989,f15a5cb452a44e508d37e64811c0b3df,experiment_linear_il_10
1589.067252340822,0.027242209762334824,il_10,URINE,0.8,XGBoost Regressor,BayesSearchCV,0.7817912924419206,0.49317000674445327,16.864346025650153,0.05908181330965989,f15a5cb452a44e508d37e64811c0b3df,experiment_linear_il_10
1577.496374289796,0.023434655740857124,il_10,URINE,0.8,XGBoost Regressor,BayesSearchCV,0.7817912924419206,0.49317000674445327,16.864346025650153,0.05908181330965989,f15a5cb452a44e508d37e64811c0b3df,experiment_linear_il_10
1515.785024684327,0.020593194290995598,il_10,URINE,0.8,XGBoost Regressor,BayesSearchCV,0.7817912924419206,0.49317000674445327,16.864346025650153,0.05908181330965989,f15a5cb452a44e508d37e64811c0b3df,experiment_linear_il_10
1052.949902643312,0.01929066702723503,il_10,URINE,0.8,XGBoost Regressor,BayesSearchCV,0.7817912924419206,0.49317000674445327,16.864346025650153,0.05908181330965989,f15a5cb452a44e508d37e64811c0b3df,experiment_linear_il_10
1573.639414939454,0.016742659732699394,il_10,URINE,0.8,XGBoost Regressor,BayesSearchCV,0.7817912924419206,0.49317000674445327,16.864346025650153,0.05908181330965989,f15a5cb452a44e508d37e64811c0b3df,experiment_linear_il_10
1760.701943431032,0.016260365024209023,il_10,URINE,0.8,XGBoost Regressor,BayesSearchCV,0.7817912924419206,0.49317000674445327,16.864346025650153,0.05908181330965989,f15a5cb452a44e508d37e64811c0b3df,experiment_linear_il_10
1587.138772665651,0.015950100496411324,il_10,URINE,0.8,XGBoost Regressor,BayesSearchCV,0.7817912924419206,0.49317000674445327,16.864346025650153,0.05908181330965989,f15a5cb452a44e508d37e64811c0b3df,experiment_linear_il_10
1290.152902689332,0.015646079555153847,il_10,URINE,0.8,XGBoost Regressor,BayesSearchCV,0.7817912924419206,0.49317000674445327,16.864346025650153,0.05908181330965989,f15a5cb452a44e508d37e64811c0b3df,experiment_linear_il_10
1590.995732015992,0.015430864877998829,il_10,URINE,0.8,XGBoost Regressor,BayesSearchCV,0.7817912924419206,0.49317000674445327,16.864346025650153,0.05908181330965989,f15a5cb452a44e508d37e64811c0b3df,experiment_linear_il_10
968.0967969357921,0.013980185613036156,il_10,URINE,0.8,XGBoost Regressor,BayesSearchCV,0.7817912924419206,0.49317000674445327,16.864346025650153,0.05908181330965989,f15a5cb452a44e508d37e64811c0b3df,experiment_linear_il_10
1089.591016471559,0.012663399800658226,il_10,URINE,0.8,XGBoost Regressor,BayesSearchCV,0.7817912924419206,0.49317000674445327,16.864346025650153,0.05908181330965989,f15a5cb452a44e508d37e64811c0b3df,experiment_linear_il_10
1592.924211691163,0.011748923920094967,il_10,URINE,0.8,XGBoost Regressor,BayesSearchCV,0.7817912924419206,0.49317000674445327,16.864346025650153,0.05908181330965989,f15a5cb452a44e508d37e64811c0b3df,experiment_linear_il_10
1407.790162874757,0.011444046162068844,il_10,URINE,0.8,XGBoost Regressor,BayesSearchCV,0.7817912924419206,0.49317000674445327,16.864346025650153,0.05908181330965989,f15a5cb452a44e508d37e64811c0b3df,experiment_linear_il_10
1405.861683199586,0.011425287462770939,il_10,URINE,0.8,XGBoost Regressor,BayesSearchCV,0.7817912924419206,0.49317000674445327,16.864346025650153,0.05908181330965989,f15a5cb452a44e508d37e64811c0b3df,experiment_linear_il_10
1058.735341668824,0.011396880261600018,il_10,URINE,0.8,XGBoost Regressor,BayesSearchCV,0.7817912924419206,0.49317000674445327,16.864346025650153,0.05908181330965989,f15a5cb452a44e508d37e64811c0b3df,experiment_linear_il_10
1614.137488118043,0.01092713326215744,il_10,URINE,0.8,XGBoost Regressor,BayesSearchCV,0.7817912924419206,0.49317000674445327,16.864346025650153,0.05908181330965989,f15a5cb452a44e508d37e64811c0b3df,experiment_linear_il_10
2825.222724125369,0.010851118713617325,il_10,URINE,0.8,XGBoost Regressor,BayesSearchCV,0.7817912924419206,0.49317000674445327,16.864346025650153,0.05908181330965989,f15a5cb452a44e508d37e64811c0b3df,experiment_linear_il_10
2750.012016793703,0.010383491404354572,il_10,URINE,0.8,XGBoost Regressor,BayesSearchCV,0.7817912924419206,0.49317000674445327,16.864346025650153,0.05908181330965989,f15a5cb452a44e508d37e64811c0b3df,experiment_linear_il_10
1033.665105891602,0.010082520544528961,il_10,URINE,0.8,XGBoost Regressor,BayesSearchCV,0.7817912924419206,0.49317000674445327,16.864346025650153,0.05908181330965989,f15a5cb452a44e508d37e64811c0b3df,experiment_linear_il_10
