Wavenumber (cm⁻¹),Importance,target_variable,Sample Type,Train Percentage,Model,Search Type,RMSE,MAE,MAPE,R²,run_id,run_name
1641.136203570436,0.011702186181541497,mchc,CAPILAR,0.8,MLP Regressor,GridSearchCV,1.0440195453092027,0.8164806652611132,2.4583060819265614,-0.9783092336669557,8b0158f363824c1785621af95d671715,experiment_linear_mchc
1639.207723895265,0.010272670749676494,mchc,CAPILAR,0.8,MLP Regressor,GridSearchCV,1.0440195453092027,0.8164806652611132,2.4583060819265614,-0.9783092336669557,8b0158f363824c1785621af95d671715,experiment_linear_mchc
1643.064683245607,0.009975841640858261,mchc,CAPILAR,0.8,MLP Regressor,GridSearchCV,1.0440195453092027,0.8164806652611132,2.4583060819265614,-0.9783092336669557,8b0158f363824c1785621af95d671715,experiment_linear_mchc
1637.279244220094,0.008212844362664038,mchc,CAPILAR,0.8,MLP Regressor,GridSearchCV,1.0440195453092027,0.8164806652611132,2.4583060819265614,-0.9783092336669557,8b0158f363824c1785621af95d671715,experiment_linear_mchc
3048.926366445193,0.007875738368005038,mchc,CAPILAR,0.8,MLP Regressor,GridSearchCV,1.0440195453092027,0.8164806652611132,2.4583060819265614,-0.9783092336669557,8b0158f363824c1785621af95d671715,experiment_linear_mchc
1602.566610067018,0.006780081815188337,mchc,CAPILAR,0.8,MLP Regressor,GridSearchCV,1.0440195453092027,0.8164806652611132,2.4583060819265614,-0.9783092336669557,8b0158f363824c1785621af95d671715,experiment_linear_mchc
3046.997886770022,0.00638189534187017,mchc,CAPILAR,0.8,MLP Regressor,GridSearchCV,1.0440195453092027,0.8164806652611132,2.4583060819265614,-0.9783092336669557,8b0158f363824c1785621af95d671715,experiment_linear_mchc
1635.350764544923,0.006334895141392904,mchc,CAPILAR,0.8,MLP Regressor,GridSearchCV,1.0440195453092027,0.8164806652611132,2.4583060819265614,-0.9783092336669557,8b0158f363824c1785621af95d671715,experiment_linear_mchc
1644.993162920778,0.005875336561422285,mchc,CAPILAR,0.8,MLP Regressor,GridSearchCV,1.0440195453092027,0.8164806652611132,2.4583060819265614,-0.9783092336669557,8b0158f363824c1785621af95d671715,experiment_linear_mchc
1172.515642503907,0.0056537595891299796,mchc,CAPILAR,0.8,MLP Regressor,GridSearchCV,1.0440195453092027,0.8164806652611132,2.4583060819265614,-0.9783092336669557,8b0158f363824c1785621af95d671715,experiment_linear_mchc
1089.591016471559,0.005627410395488572,mchc,CAPILAR,0.8,MLP Regressor,GridSearchCV,1.0440195453092027,0.8164806652611132,2.4583060819265614,-0.9783092336669557,8b0158f363824c1785621af95d671715,experiment_linear_mchc
1087.662536796388,0.005564641937102742,mchc,CAPILAR,0.8,MLP Regressor,GridSearchCV,1.0440195453092027,0.8164806652611132,2.4583060819265614,-0.9783092336669557,8b0158f363824c1785621af95d671715,experiment_linear_mchc
1091.51949614673,0.0055586625763762425,mchc,CAPILAR,0.8,MLP Regressor,GridSearchCV,1.0440195453092027,0.8164806652611132,2.4583060819265614,-0.9783092336669557,8b0158f363824c1785621af95d671715,experiment_linear_mchc
1081.877097770875,0.0054983798109627755,mchc,CAPILAR,0.8,MLP Regressor,GridSearchCV,1.0440195453092027,0.8164806652611132,2.4583060819265614,-0.9783092336669557,8b0158f363824c1785621af95d671715,experiment_linear_mchc
1085.734057121217,0.005471892360928644,mchc,CAPILAR,0.8,MLP Regressor,GridSearchCV,1.0440195453092027,0.8164806652611132,2.4583060819265614,-0.9783092336669557,8b0158f363824c1785621af95d671715,experiment_linear_mchc
1083.805577446046,0.005457495160266496,mchc,CAPILAR,0.8,MLP Regressor,GridSearchCV,1.0440195453092027,0.8164806652611132,2.4583060819265614,-0.9783092336669557,8b0158f363824c1785621af95d671715,experiment_linear_mchc
1170.587162828736,0.005444479622090976,mchc,CAPILAR,0.8,MLP Regressor,GridSearchCV,1.0440195453092027,0.8164806652611132,2.4583060819265614,-0.9783092336669557,8b0158f363824c1785621af95d671715,experiment_linear_mchc
1079.948618095704,0.005396486440372966,mchc,CAPILAR,0.8,MLP Regressor,GridSearchCV,1.0440195453092027,0.8164806652611132,2.4583060819265614,-0.9783092336669557,8b0158f363824c1785621af95d671715,experiment_linear_mchc
1174.444122179078,0.005213898255145753,mchc,CAPILAR,0.8,MLP Regressor,GridSearchCV,1.0440195453092027,0.8164806652611132,2.4583060819265614,-0.9783092336669557,8b0158f363824c1785621af95d671715,experiment_linear_mchc
1078.020138420533,0.005202863405667444,mchc,CAPILAR,0.8,MLP Regressor,GridSearchCV,1.0440195453092027,0.8164806652611132,2.4583060819265614,-0.9783092336669557,8b0158f363824c1785621af95d671715,experiment_linear_mchc
1155.159325427369,0.0057227225581316385,mchc,CAPILAR,0.8,MLP Regressor,GridSearchCV,0.8529528689191842,0.7086717209294521,2.151796924109987,-0.32046528503793903,8b0158f363824c1785621af95d671715,experiment_linear_mchc
1157.08780510254,0.005451403911178511,mchc,CAPILAR,0.8,MLP Regressor,GridSearchCV,0.8529528689191842,0.7086717209294521,2.151796924109987,-0.32046528503793903,8b0158f363824c1785621af95d671715,experiment_linear_mchc
1033.665105891602,0.005400097784133314,mchc,CAPILAR,0.8,MLP Regressor,GridSearchCV,0.8529528689191842,0.7086717209294521,2.151796924109987,-0.32046528503793903,8b0158f363824c1785621af95d671715,experiment_linear_mchc
1180.229561204591,0.005334334196359672,mchc,CAPILAR,0.8,MLP Regressor,GridSearchCV,0.8529528689191842,0.7086717209294521,2.151796924109987,-0.32046528503793903,8b0158f363824c1785621af95d671715,experiment_linear_mchc
1216.870675032838,0.005288238183320192,mchc,CAPILAR,0.8,MLP Regressor,GridSearchCV,0.8529528689191842,0.7086717209294521,2.151796924109987,-0.32046528503793903,8b0158f363824c1785621af95d671715,experiment_linear_mchc
1151.302366077027,0.005241642435130031,mchc,CAPILAR,0.8,MLP Regressor,GridSearchCV,0.8529528689191842,0.7086717209294521,2.151796924109987,-0.32046528503793903,8b0158f363824c1785621af95d671715,experiment_linear_mchc
1132.017569325318,0.005119530250433975,mchc,CAPILAR,0.8,MLP Regressor,GridSearchCV,0.8529528689191842,0.7086717209294521,2.151796924109987,-0.32046528503793903,8b0158f363824c1785621af95d671715,experiment_linear_mchc
971.9537562861337,0.005004470997699142,mchc,CAPILAR,0.8,MLP Regressor,GridSearchCV,0.8529528689191842,0.7086717209294521,2.151796924109987,-0.32046528503793903,8b0158f363824c1785621af95d671715,experiment_linear_mchc
1218.799154708009,0.004991539518774724,mchc,CAPILAR,0.8,MLP Regressor,GridSearchCV,0.8529528689191842,0.7086717209294521,2.151796924109987,-0.32046528503793903,8b0158f363824c1785621af95d671715,experiment_linear_mchc
1110.804292898438,0.004936256100806392,mchc,CAPILAR,0.8,MLP Regressor,GridSearchCV,0.8529528689191842,0.7086717209294521,2.151796924109987,-0.32046528503793903,8b0158f363824c1785621af95d671715,experiment_linear_mchc
1024.022707515748,0.004836153316431905,mchc,CAPILAR,0.8,MLP Regressor,GridSearchCV,0.8529528689191842,0.7086717209294521,2.151796924109987,-0.32046528503793903,8b0158f363824c1785621af95d671715,experiment_linear_mchc
1187.943479905274,0.004594705965156759,mchc,CAPILAR,0.8,MLP Regressor,GridSearchCV,0.8529528689191842,0.7086717209294521,2.151796924109987,-0.32046528503793903,8b0158f363824c1785621af95d671715,experiment_linear_mchc
1159.016284777711,0.004391739945391437,mchc,CAPILAR,0.8,MLP Regressor,GridSearchCV,0.8529528689191842,0.7086717209294521,2.151796924109987,-0.32046528503793903,8b0158f363824c1785621af95d671715,experiment_linear_mchc
1166.730203478395,0.00422112318952152,mchc,CAPILAR,0.8,MLP Regressor,GridSearchCV,0.8529528689191842,0.7086717209294521,2.151796924109987,-0.32046528503793903,8b0158f363824c1785621af95d671715,experiment_linear_mchc
1149.373886401856,0.00393122092373164,mchc,CAPILAR,0.8,MLP Regressor,GridSearchCV,0.8529528689191842,0.7086717209294521,2.151796924109987,-0.32046528503793903,8b0158f363824c1785621af95d671715,experiment_linear_mchc
1199.5143579563,0.003865089479946123,mchc,CAPILAR,0.8,MLP Regressor,GridSearchCV,0.8529528689191842,0.7086717209294521,2.151796924109987,-0.32046528503793903,8b0158f363824c1785621af95d671715,experiment_linear_mchc
1214.942195357667,0.003861527400334593,mchc,CAPILAR,0.8,MLP Regressor,GridSearchCV,0.8529528689191842,0.7086717209294521,2.151796924109987,-0.32046528503793903,8b0158f363824c1785621af95d671715,experiment_linear_mchc
1054.878382318482,0.0038140829375806783,mchc,CAPILAR,0.8,MLP Regressor,GridSearchCV,0.8529528689191842,0.7086717209294521,2.151796924109987,-0.32046528503793903,8b0158f363824c1785621af95d671715,experiment_linear_mchc
1031.736626216432,0.0038077240594481206,mchc,CAPILAR,0.8,MLP Regressor,GridSearchCV,0.8529528689191842,0.7086717209294521,2.151796924109987,-0.32046528503793903,8b0158f363824c1785621af95d671715,experiment_linear_mchc
979.6676749868175,0.0037970678085670942,mchc,CAPILAR,0.8,MLP Regressor,GridSearchCV,0.8529528689191842,0.7086717209294521,2.151796924109987,-0.32046528503793903,8b0158f363824c1785621af95d671715,experiment_linear_mchc
1641.136203570436,0.011702186199108521,mchc,CAPILAR,0.8,MLP Regressor,GridSearchCV,1.0440195469015128,0.8164806659043332,2.458306083799916,-0.9783092397014821,8b0158f363824c1785621af95d671715,experiment_linear_mchc
1639.207723895265,0.010272670764859151,mchc,CAPILAR,0.8,MLP Regressor,GridSearchCV,1.0440195469015128,0.8164806659043332,2.458306083799916,-0.9783092397014821,8b0158f363824c1785621af95d671715,experiment_linear_mchc
1643.064683245607,0.009975841654755228,mchc,CAPILAR,0.8,MLP Regressor,GridSearchCV,1.0440195469015128,0.8164806659043332,2.458306083799916,-0.9783092397014821,8b0158f363824c1785621af95d671715,experiment_linear_mchc
1637.279244220094,0.008212844374592953,mchc,CAPILAR,0.8,MLP Regressor,GridSearchCV,1.0440195469015128,0.8164806659043332,2.458306083799916,-0.9783092397014821,8b0158f363824c1785621af95d671715,experiment_linear_mchc
3048.926366445193,0.007875738308242475,mchc,CAPILAR,0.8,MLP Regressor,GridSearchCV,1.0440195469015128,0.8164806659043332,2.458306083799916,-0.9783092397014821,8b0158f363824c1785621af95d671715,experiment_linear_mchc
1602.566610067018,0.006780081809097111,mchc,CAPILAR,0.8,MLP Regressor,GridSearchCV,1.0440195469015128,0.8164806659043332,2.458306083799916,-0.9783092397014821,8b0158f363824c1785621af95d671715,experiment_linear_mchc
3046.997886770022,0.00638189531659932,mchc,CAPILAR,0.8,MLP Regressor,GridSearchCV,1.0440195469015128,0.8164806659043332,2.458306083799916,-0.9783092397014821,8b0158f363824c1785621af95d671715,experiment_linear_mchc
1635.350764544923,0.006334895150778111,mchc,CAPILAR,0.8,MLP Regressor,GridSearchCV,1.0440195469015128,0.8164806659043332,2.458306083799916,-0.9783092397014821,8b0158f363824c1785621af95d671715,experiment_linear_mchc
1644.993162920778,0.0058753365669750625,mchc,CAPILAR,0.8,MLP Regressor,GridSearchCV,1.0440195469015128,0.8164806659043332,2.458306083799916,-0.9783092397014821,8b0158f363824c1785621af95d671715,experiment_linear_mchc
1172.515642503907,0.005653759601121243,mchc,CAPILAR,0.8,MLP Regressor,GridSearchCV,1.0440195469015128,0.8164806659043332,2.458306083799916,-0.9783092397014821,8b0158f363824c1785621af95d671715,experiment_linear_mchc
1089.591016471559,0.005627410394767466,mchc,CAPILAR,0.8,MLP Regressor,GridSearchCV,1.0440195469015128,0.8164806659043332,2.458306083799916,-0.9783092397014821,8b0158f363824c1785621af95d671715,experiment_linear_mchc
1087.662536796388,0.005564641937109985,mchc,CAPILAR,0.8,MLP Regressor,GridSearchCV,1.0440195469015128,0.8164806659043332,2.458306083799916,-0.9783092397014821,8b0158f363824c1785621af95d671715,experiment_linear_mchc
1091.51949614673,0.005558662576927395,mchc,CAPILAR,0.8,MLP Regressor,GridSearchCV,1.0440195469015128,0.8164806659043332,2.458306083799916,-0.9783092397014821,8b0158f363824c1785621af95d671715,experiment_linear_mchc
1081.877097770875,0.005498379814830806,mchc,CAPILAR,0.8,MLP Regressor,GridSearchCV,1.0440195469015128,0.8164806659043332,2.458306083799916,-0.9783092397014821,8b0158f363824c1785621af95d671715,experiment_linear_mchc
1085.734057121217,0.005471892360918068,mchc,CAPILAR,0.8,MLP Regressor,GridSearchCV,1.0440195469015128,0.8164806659043332,2.458306083799916,-0.9783092397014821,8b0158f363824c1785621af95d671715,experiment_linear_mchc
1083.805577446046,0.005457495161888211,mchc,CAPILAR,0.8,MLP Regressor,GridSearchCV,1.0440195469015128,0.8164806659043332,2.458306083799916,-0.9783092397014821,8b0158f363824c1785621af95d671715,experiment_linear_mchc
1170.587162828736,0.005444479632540166,mchc,CAPILAR,0.8,MLP Regressor,GridSearchCV,1.0440195469015128,0.8164806659043332,2.458306083799916,-0.9783092397014821,8b0158f363824c1785621af95d671715,experiment_linear_mchc
1079.948618095704,0.005396486443726293,mchc,CAPILAR,0.8,MLP Regressor,GridSearchCV,1.0440195469015128,0.8164806659043332,2.458306083799916,-0.9783092397014821,8b0158f363824c1785621af95d671715,experiment_linear_mchc
1174.444122179078,0.0052138982674751954,mchc,CAPILAR,0.8,MLP Regressor,GridSearchCV,1.0440195469015128,0.8164806659043332,2.458306083799916,-0.9783092397014821,8b0158f363824c1785621af95d671715,experiment_linear_mchc
1078.020138420533,0.005202863408727927,mchc,CAPILAR,0.8,MLP Regressor,GridSearchCV,1.0440195469015128,0.8164806659043332,2.458306083799916,-0.9783092397014821,8b0158f363824c1785621af95d671715,experiment_linear_mchc
1544.712219811891,0.010858998304695026,mchc,CAPILAR,0.8,MLP Regressor,GridSearchCV,1.218899852142967,1.0351657786010213,3.106021743152196,-1.69657788354627,8b0158f363824c1785621af95d671715,experiment_linear_mchc
1548.569179162233,0.010805660323364996,mchc,CAPILAR,0.8,MLP Regressor,GridSearchCV,1.218899852142967,1.0351657786010213,3.106021743152196,-1.69657788354627,8b0158f363824c1785621af95d671715,experiment_linear_mchc
1546.640699487062,0.010167933386569883,mchc,CAPILAR,0.8,MLP Regressor,GridSearchCV,1.218899852142967,1.0351657786010213,3.106021743152196,-1.69657788354627,8b0158f363824c1785621af95d671715,experiment_linear_mchc
1540.855260461549,0.00996198107738691,mchc,CAPILAR,0.8,MLP Regressor,GridSearchCV,1.218899852142967,1.0351657786010213,3.106021743152196,-1.69657788354627,8b0158f363824c1785621af95d671715,experiment_linear_mchc
1550.497658837404,0.009955873045706384,mchc,CAPILAR,0.8,MLP Regressor,GridSearchCV,1.218899852142967,1.0351657786010213,3.106021743152196,-1.69657788354627,8b0158f363824c1785621af95d671715,experiment_linear_mchc
1542.78374013672,0.009909833002360681,mchc,CAPILAR,0.8,MLP Regressor,GridSearchCV,1.218899852142967,1.0351657786010213,3.106021743152196,-1.69657788354627,8b0158f363824c1785621af95d671715,experiment_linear_mchc
1552.426138512574,0.00890109411416514,mchc,CAPILAR,0.8,MLP Regressor,GridSearchCV,1.218899852142967,1.0351657786010213,3.106021743152196,-1.69657788354627,8b0158f363824c1785621af95d671715,experiment_linear_mchc
1556.283097862916,0.008752194055577533,mchc,CAPILAR,0.8,MLP Regressor,GridSearchCV,1.218899852142967,1.0351657786010213,3.106021743152196,-1.69657788354627,8b0158f363824c1785621af95d671715,experiment_linear_mchc
1554.354618187745,0.008327634303635862,mchc,CAPILAR,0.8,MLP Regressor,GridSearchCV,1.218899852142967,1.0351657786010213,3.106021743152196,-1.69657788354627,8b0158f363824c1785621af95d671715,experiment_linear_mchc
1538.926780786378,0.008284232687491604,mchc,CAPILAR,0.8,MLP Regressor,GridSearchCV,1.218899852142967,1.0351657786010213,3.106021743152196,-1.69657788354627,8b0158f363824c1785621af95d671715,experiment_linear_mchc
1536.998301111207,0.008091208538613281,mchc,CAPILAR,0.8,MLP Regressor,GridSearchCV,1.218899852142967,1.0351657786010213,3.106021743152196,-1.69657788354627,8b0158f363824c1785621af95d671715,experiment_linear_mchc
1558.211577538087,0.007896234522312787,mchc,CAPILAR,0.8,MLP Regressor,GridSearchCV,1.218899852142967,1.0351657786010213,3.106021743152196,-1.69657788354627,8b0158f363824c1785621af95d671715,experiment_linear_mchc
1533.141341760865,0.007404491639215711,mchc,CAPILAR,0.8,MLP Regressor,GridSearchCV,1.218899852142967,1.0351657786010213,3.106021743152196,-1.69657788354627,8b0158f363824c1785621af95d671715,experiment_linear_mchc
1535.069821436036,0.007327779987838729,mchc,CAPILAR,0.8,MLP Regressor,GridSearchCV,1.218899852142967,1.0351657786010213,3.106021743152196,-1.69657788354627,8b0158f363824c1785621af95d671715,experiment_linear_mchc
1560.140057213258,0.006793123776892451,mchc,CAPILAR,0.8,MLP Regressor,GridSearchCV,1.218899852142967,1.0351657786010213,3.106021743152196,-1.69657788354627,8b0158f363824c1785621af95d671715,experiment_linear_mchc
1562.068536888429,0.006560260094212492,mchc,CAPILAR,0.8,MLP Regressor,GridSearchCV,1.218899852142967,1.0351657786010213,3.106021743152196,-1.69657788354627,8b0158f363824c1785621af95d671715,experiment_linear_mchc
1531.212862085695,0.006136442210208224,mchc,CAPILAR,0.8,MLP Regressor,GridSearchCV,1.218899852142967,1.0351657786010213,3.106021743152196,-1.69657788354627,8b0158f363824c1785621af95d671715,experiment_linear_mchc
1529.284382410524,0.005917067242664425,mchc,CAPILAR,0.8,MLP Regressor,GridSearchCV,1.218899852142967,1.0351657786010213,3.106021743152196,-1.69657788354627,8b0158f363824c1785621af95d671715,experiment_linear_mchc
1563.9970165636,0.005703450240274801,mchc,CAPILAR,0.8,MLP Regressor,GridSearchCV,1.218899852142967,1.0351657786010213,3.106021743152196,-1.69657788354627,8b0158f363824c1785621af95d671715,experiment_linear_mchc
1527.355902735353,0.0054547149869131634,mchc,CAPILAR,0.8,MLP Regressor,GridSearchCV,1.218899852142967,1.0351657786010213,3.106021743152196,-1.69657788354627,8b0158f363824c1785621af95d671715,experiment_linear_mchc
1126.232130299806,0.006155043898934503,mchc,PLASMA,0.8,MLP Regressor,GridSearchCV,3.614151145544741,1.7430460713582978,7.434249389142467,-0.42350466621626115,8b0158f363824c1785621af95d671715,experiment_linear_mchc
1124.303650624635,0.006143349776438661,mchc,PLASMA,0.8,MLP Regressor,GridSearchCV,3.614151145544741,1.7430460713582978,7.434249389142467,-0.42350466621626115,8b0158f363824c1785621af95d671715,experiment_linear_mchc
1122.375170949464,0.006115081784585592,mchc,PLASMA,0.8,MLP Regressor,GridSearchCV,3.614151145544741,1.7430460713582978,7.434249389142467,-0.42350466621626115,8b0158f363824c1785621af95d671715,experiment_linear_mchc
1128.160609974977,0.006103514363981873,mchc,PLASMA,0.8,MLP Regressor,GridSearchCV,3.614151145544741,1.7430460713582978,7.434249389142467,-0.42350466621626115,8b0158f363824c1785621af95d671715,experiment_linear_mchc
1120.446691274293,0.006069965047815184,mchc,PLASMA,0.8,MLP Regressor,GridSearchCV,3.614151145544741,1.7430460713582978,7.434249389142467,-0.42350466621626115,8b0158f363824c1785621af95d671715,experiment_linear_mchc
1118.518211599122,0.005944743915477566,mchc,PLASMA,0.8,MLP Regressor,GridSearchCV,3.614151145544741,1.7430460713582978,7.434249389142467,-0.42350466621626115,8b0158f363824c1785621af95d671715,experiment_linear_mchc
1130.089089650148,0.005916840135931331,mchc,PLASMA,0.8,MLP Regressor,GridSearchCV,3.614151145544741,1.7430460713582978,7.434249389142467,-0.42350466621626115,8b0158f363824c1785621af95d671715,experiment_linear_mchc
1116.589731923951,0.0057156901582902505,mchc,PLASMA,0.8,MLP Regressor,GridSearchCV,3.614151145544741,1.7430460713582978,7.434249389142467,-0.42350466621626115,8b0158f363824c1785621af95d671715,experiment_linear_mchc
1132.017569325318,0.005503475411136866,mchc,PLASMA,0.8,MLP Regressor,GridSearchCV,3.614151145544741,1.7430460713582978,7.434249389142467,-0.42350466621626115,8b0158f363824c1785621af95d671715,experiment_linear_mchc
1114.66125224878,0.005410215586748814,mchc,PLASMA,0.8,MLP Regressor,GridSearchCV,3.614151145544741,1.7430460713582978,7.434249389142467,-0.42350466621626115,8b0158f363824c1785621af95d671715,experiment_linear_mchc
1112.732772573609,0.005021239896286379,mchc,PLASMA,0.8,MLP Regressor,GridSearchCV,3.614151145544741,1.7430460713582978,7.434249389142467,-0.42350466621626115,8b0158f363824c1785621af95d671715,experiment_linear_mchc
1133.946049000489,0.004828214577762266,mchc,PLASMA,0.8,MLP Regressor,GridSearchCV,3.614151145544741,1.7430460713582978,7.434249389142467,-0.42350466621626115,8b0158f363824c1785621af95d671715,experiment_linear_mchc
1110.804292898438,0.004572937674436495,mchc,PLASMA,0.8,MLP Regressor,GridSearchCV,3.614151145544741,1.7430460713582978,7.434249389142467,-0.42350466621626115,8b0158f363824c1785621af95d671715,experiment_linear_mchc
1554.354618187745,0.00419330949471175,mchc,PLASMA,0.8,MLP Regressor,GridSearchCV,3.614151145544741,1.7430460713582978,7.434249389142467,-0.42350466621626115,8b0158f363824c1785621af95d671715,experiment_linear_mchc
1108.875813223267,0.004129807447340771,mchc,PLASMA,0.8,MLP Regressor,GridSearchCV,3.614151145544741,1.7430460713582978,7.434249389142467,-0.42350466621626115,8b0158f363824c1785621af95d671715,experiment_linear_mchc
1556.283097862916,0.004077643217012888,mchc,PLASMA,0.8,MLP Regressor,GridSearchCV,3.614151145544741,1.7430460713582978,7.434249389142467,-0.42350466621626115,8b0158f363824c1785621af95d671715,experiment_linear_mchc
1552.426138512574,0.004018371089552615,mchc,PLASMA,0.8,MLP Regressor,GridSearchCV,3.614151145544741,1.7430460713582978,7.434249389142467,-0.42350466621626115,8b0158f363824c1785621af95d671715,experiment_linear_mchc
1135.87452867566,0.003932539609241565,mchc,PLASMA,0.8,MLP Regressor,GridSearchCV,3.614151145544741,1.7430460713582978,7.434249389142467,-0.42350466621626115,8b0158f363824c1785621af95d671715,experiment_linear_mchc
1550.497658837404,0.003782006787531957,mchc,PLASMA,0.8,MLP Regressor,GridSearchCV,3.614151145544741,1.7430460713582978,7.434249389142467,-0.42350466621626115,8b0158f363824c1785621af95d671715,experiment_linear_mchc
1106.947333548097,0.0036787526807151995,mchc,PLASMA,0.8,MLP Regressor,GridSearchCV,3.614151145544741,1.7430460713582978,7.434249389142467,-0.42350466621626115,8b0158f363824c1785621af95d671715,experiment_linear_mchc
2777.010732246096,0.004723930981399897,mchc,PLASMA,0.8,MLP Regressor,GridSearchCV,5.280839736208503,3.418569860617308,12.628710363612875,-2.039150789111665,8b0158f363824c1785621af95d671715,experiment_linear_mchc
2632.374756608278,0.004098851596276638,mchc,PLASMA,0.8,MLP Regressor,GridSearchCV,5.280839736208503,3.418569860617308,12.628710363612875,-2.039150789111665,8b0158f363824c1785621af95d671715,experiment_linear_mchc
2790.510089972292,0.00408781222337928,mchc,PLASMA,0.8,MLP Regressor,GridSearchCV,5.280839736208503,3.418569860617308,12.628710363612875,-2.039150789111665,8b0158f363824c1785621af95d671715,experiment_linear_mchc
2794.367049322634,0.00390099558863674,mchc,PLASMA,0.8,MLP Regressor,GridSearchCV,5.280839736208503,3.418569860617308,12.628710363612875,-2.039150789111665,8b0158f363824c1785621af95d671715,experiment_linear_mchc
2804.009447698489,0.0038707828016624948,mchc,PLASMA,0.8,MLP Regressor,GridSearchCV,5.280839736208503,3.418569860617308,12.628710363612875,-2.039150789111665,8b0158f363824c1785621af95d671715,experiment_linear_mchc
2786.65313062195,0.003862394236193674,mchc,PLASMA,0.8,MLP Regressor,GridSearchCV,5.280839736208503,3.418569860617308,12.628710363612875,-2.039150789111665,8b0158f363824c1785621af95d671715,experiment_linear_mchc
1297.866821390016,0.0038341194192297113,mchc,PLASMA,0.8,MLP Regressor,GridSearchCV,5.280839736208503,3.418569860617308,12.628710363612875,-2.039150789111665,8b0158f363824c1785621af95d671715,experiment_linear_mchc
2775.082252570925,0.003832259384423938,mchc,PLASMA,0.8,MLP Regressor,GridSearchCV,5.280839736208503,3.418569860617308,12.628710363612875,-2.039150789111665,8b0158f363824c1785621af95d671715,experiment_linear_mchc
2784.72465094678,0.0038122546423827314,mchc,PLASMA,0.8,MLP Regressor,GridSearchCV,5.280839736208503,3.418569860617308,12.628710363612875,-2.039150789111665,8b0158f363824c1785621af95d671715,experiment_linear_mchc
1594.852691366334,0.003692882740245874,mchc,PLASMA,0.8,MLP Regressor,GridSearchCV,5.280839736208503,3.418569860617308,12.628710363612875,-2.039150789111665,8b0158f363824c1785621af95d671715,experiment_linear_mchc
2744.226577768191,0.003662388900296813,mchc,PLASMA,0.8,MLP Regressor,GridSearchCV,5.280839736208503,3.418569860617308,12.628710363612875,-2.039150789111665,8b0158f363824c1785621af95d671715,experiment_linear_mchc
1425.146479951295,0.0036100864707257108,mchc,PLASMA,0.8,MLP Regressor,GridSearchCV,5.280839736208503,3.418569860617308,12.628710363612875,-2.039150789111665,8b0158f363824c1785621af95d671715,experiment_linear_mchc
1596.781171041505,0.0035770134903246,mchc,PLASMA,0.8,MLP Regressor,GridSearchCV,5.280839736208503,3.418569860617308,12.628710363612875,-2.039150789111665,8b0158f363824c1785621af95d671715,experiment_linear_mchc
2792.438569647463,0.003497413147379153,mchc,PLASMA,0.8,MLP Regressor,GridSearchCV,5.280839736208503,3.418569860617308,12.628710363612875,-2.039150789111665,8b0158f363824c1785621af95d671715,experiment_linear_mchc
2809.794886724001,0.0034639546167344257,mchc,PLASMA,0.8,MLP Regressor,GridSearchCV,5.280839736208503,3.418569860617308,12.628710363612875,-2.039150789111665,8b0158f363824c1785621af95d671715,experiment_linear_mchc
1569.782455589112,0.0033977064542538974,mchc,PLASMA,0.8,MLP Regressor,GridSearchCV,5.280839736208503,3.418569860617308,12.628710363612875,-2.039150789111665,8b0158f363824c1785621af95d671715,experiment_linear_mchc
2564.877967977297,0.0033908265702941582,mchc,PLASMA,0.8,MLP Regressor,GridSearchCV,5.280839736208503,3.418569860617308,12.628710363612875,-2.039150789111665,8b0158f363824c1785621af95d671715,experiment_linear_mchc
1313.294658791383,0.003381466321671555,mchc,PLASMA,0.8,MLP Regressor,GridSearchCV,5.280839736208503,3.418569860617308,12.628710363612875,-2.039150789111665,8b0158f363824c1785621af95d671715,experiment_linear_mchc
2748.083537118532,0.0033605292650589623,mchc,PLASMA,0.8,MLP Regressor,GridSearchCV,5.280839736208503,3.418569860617308,12.628710363612875,-2.039150789111665,8b0158f363824c1785621af95d671715,experiment_linear_mchc
1261.225707561769,0.0033584516547774165,mchc,PLASMA,0.8,MLP Regressor,GridSearchCV,5.280839736208503,3.418569860617308,12.628710363612875,-2.039150789111665,8b0158f363824c1785621af95d671715,experiment_linear_mchc
1126.232130299806,0.006155043899004591,mchc,PLASMA,0.8,MLP Regressor,GridSearchCV,3.61415114554722,1.7430460713747002,7.434249389196156,-0.42350466621821403,8b0158f363824c1785621af95d671715,experiment_linear_mchc
1124.303650624635,0.0061433497765140295,mchc,PLASMA,0.8,MLP Regressor,GridSearchCV,3.61415114554722,1.7430460713747002,7.434249389196156,-0.42350466621821403,8b0158f363824c1785621af95d671715,experiment_linear_mchc
1122.375170949464,0.006115081784658924,mchc,PLASMA,0.8,MLP Regressor,GridSearchCV,3.61415114554722,1.7430460713747002,7.434249389196156,-0.42350466621821403,8b0158f363824c1785621af95d671715,experiment_linear_mchc
1128.160609974977,0.0061035143640403725,mchc,PLASMA,0.8,MLP Regressor,GridSearchCV,3.61415114554722,1.7430460713747002,7.434249389196156,-0.42350466621821403,8b0158f363824c1785621af95d671715,experiment_linear_mchc
1120.446691274293,0.006069965047880665,mchc,PLASMA,0.8,MLP Regressor,GridSearchCV,3.61415114554722,1.7430460713747002,7.434249389196156,-0.42350466621821403,8b0158f363824c1785621af95d671715,experiment_linear_mchc
1118.518211599122,0.005944743915536222,mchc,PLASMA,0.8,MLP Regressor,GridSearchCV,3.61415114554722,1.7430460713747002,7.434249389196156,-0.42350466621821403,8b0158f363824c1785621af95d671715,experiment_linear_mchc
1130.089089650148,0.00591684013597338,mchc,PLASMA,0.8,MLP Regressor,GridSearchCV,3.61415114554722,1.7430460713747002,7.434249389196156,-0.42350466621821403,8b0158f363824c1785621af95d671715,experiment_linear_mchc
1116.589731923951,0.005715690158346403,mchc,PLASMA,0.8,MLP Regressor,GridSearchCV,3.61415114554722,1.7430460713747002,7.434249389196156,-0.42350466621821403,8b0158f363824c1785621af95d671715,experiment_linear_mchc
1132.017569325318,0.005503475411162987,mchc,PLASMA,0.8,MLP Regressor,GridSearchCV,3.61415114554722,1.7430460713747002,7.434249389196156,-0.42350466621821403,8b0158f363824c1785621af95d671715,experiment_linear_mchc
1114.66125224878,0.005410215586804289,mchc,PLASMA,0.8,MLP Regressor,GridSearchCV,3.61415114554722,1.7430460713747002,7.434249389196156,-0.42350466621821403,8b0158f363824c1785621af95d671715,experiment_linear_mchc
1112.732772573609,0.005021239896343026,mchc,PLASMA,0.8,MLP Regressor,GridSearchCV,3.61415114554722,1.7430460713747002,7.434249389196156,-0.42350466621821403,8b0158f363824c1785621af95d671715,experiment_linear_mchc
1133.946049000489,0.004828214577776863,mchc,PLASMA,0.8,MLP Regressor,GridSearchCV,3.61415114554722,1.7430460713747002,7.434249389196156,-0.42350466621821403,8b0158f363824c1785621af95d671715,experiment_linear_mchc
1110.804292898438,0.004572937674494876,mchc,PLASMA,0.8,MLP Regressor,GridSearchCV,3.61415114554722,1.7430460713747002,7.434249389196156,-0.42350466621821403,8b0158f363824c1785621af95d671715,experiment_linear_mchc
1554.354618187745,0.004193309494653072,mchc,PLASMA,0.8,MLP Regressor,GridSearchCV,3.61415114554722,1.7430460713747002,7.434249389196156,-0.42350466621821403,8b0158f363824c1785621af95d671715,experiment_linear_mchc
1108.875813223267,0.0041298074473970015,mchc,PLASMA,0.8,MLP Regressor,GridSearchCV,3.61415114554722,1.7430460713747002,7.434249389196156,-0.42350466621821403,8b0158f363824c1785621af95d671715,experiment_linear_mchc
1556.283097862916,0.00407764321694913,mchc,PLASMA,0.8,MLP Regressor,GridSearchCV,3.61415114554722,1.7430460713747002,7.434249389196156,-0.42350466621821403,8b0158f363824c1785621af95d671715,experiment_linear_mchc
1552.426138512574,0.0040183710894909335,mchc,PLASMA,0.8,MLP Regressor,GridSearchCV,3.61415114554722,1.7430460713747002,7.434249389196156,-0.42350466621821403,8b0158f363824c1785621af95d671715,experiment_linear_mchc
1135.87452867566,0.003932539609248216,mchc,PLASMA,0.8,MLP Regressor,GridSearchCV,3.61415114554722,1.7430460713747002,7.434249389196156,-0.42350466621821403,8b0158f363824c1785621af95d671715,experiment_linear_mchc
1550.497658837404,0.003782006787492438,mchc,PLASMA,0.8,MLP Regressor,GridSearchCV,3.61415114554722,1.7430460713747002,7.434249389196156,-0.42350466621821403,8b0158f363824c1785621af95d671715,experiment_linear_mchc
1106.947333548097,0.003678752680769102,mchc,PLASMA,0.8,MLP Regressor,GridSearchCV,3.61415114554722,1.7430460713747002,7.434249389196156,-0.42350466621821403,8b0158f363824c1785621af95d671715,experiment_linear_mchc
1658.492520646974,0.014163089298784511,mchc,PLASMA,0.8,MLP Regressor,GridSearchCV,3.0490182167245687,0.9063676623031087,4.832551168594584,-0.013132649572909827,8b0158f363824c1785621af95d671715,experiment_linear_mchc
1660.421000322145,0.013811756030962349,mchc,PLASMA,0.8,MLP Regressor,GridSearchCV,3.0490182167245687,0.9063676623031087,4.832551168594584,-0.013132649572909827,8b0158f363824c1785621af95d671715,experiment_linear_mchc
1656.564040971803,0.013474285590501544,mchc,PLASMA,0.8,MLP Regressor,GridSearchCV,3.0490182167245687,0.9063676623031087,4.832551168594584,-0.013132649572909827,8b0158f363824c1785621af95d671715,experiment_linear_mchc
1662.349479997316,0.013408778202836254,mchc,PLASMA,0.8,MLP Regressor,GridSearchCV,3.0490182167245687,0.9063676623031087,4.832551168594584,-0.013132649572909827,8b0158f363824c1785621af95d671715,experiment_linear_mchc
1654.635561296632,0.013251292762663179,mchc,PLASMA,0.8,MLP Regressor,GridSearchCV,3.0490182167245687,0.9063676623031087,4.832551168594584,-0.013132649572909827,8b0158f363824c1785621af95d671715,experiment_linear_mchc
1635.350764544923,0.013084096705406126,mchc,PLASMA,0.8,MLP Regressor,GridSearchCV,3.0490182167245687,0.9063676623031087,4.832551168594584,-0.013132649572909827,8b0158f363824c1785621af95d671715,experiment_linear_mchc
1637.279244220094,0.012969056309644855,mchc,PLASMA,0.8,MLP Regressor,GridSearchCV,3.0490182167245687,0.9063676623031087,4.832551168594584,-0.013132649572909827,8b0158f363824c1785621af95d671715,experiment_linear_mchc
1633.422284869752,0.012533114080968676,mchc,PLASMA,0.8,MLP Regressor,GridSearchCV,3.0490182167245687,0.9063676623031087,4.832551168594584,-0.013132649572909827,8b0158f363824c1785621af95d671715,experiment_linear_mchc
1631.493805194581,0.01197762254620337,mchc,PLASMA,0.8,MLP Regressor,GridSearchCV,3.0490182167245687,0.9063676623031087,4.832551168594584,-0.013132649572909827,8b0158f363824c1785621af95d671715,experiment_linear_mchc
1639.207723895265,0.011406690881760632,mchc,PLASMA,0.8,MLP Regressor,GridSearchCV,3.0490182167245687,0.9063676623031087,4.832551168594584,-0.013132649572909827,8b0158f363824c1785621af95d671715,experiment_linear_mchc
1652.707081621461,0.011071645248690556,mchc,PLASMA,0.8,MLP Regressor,GridSearchCV,3.0490182167245687,0.9063676623031087,4.832551168594584,-0.013132649572909827,8b0158f363824c1785621af95d671715,experiment_linear_mchc
1664.277959672487,0.010857742454605832,mchc,PLASMA,0.8,MLP Regressor,GridSearchCV,3.0490182167245687,0.9063676623031087,4.832551168594584,-0.013132649572909827,8b0158f363824c1785621af95d671715,experiment_linear_mchc
1629.56532551941,0.010795963232499836,mchc,PLASMA,0.8,MLP Regressor,GridSearchCV,3.0490182167245687,0.9063676623031087,4.832551168594584,-0.013132649572909827,8b0158f363824c1785621af95d671715,experiment_linear_mchc
1641.136203570436,0.010671895942735262,mchc,PLASMA,0.8,MLP Regressor,GridSearchCV,3.0490182167245687,0.9063676623031087,4.832551168594584,-0.013132649572909827,8b0158f363824c1785621af95d671715,experiment_linear_mchc
1627.63684584424,0.009903015884931178,mchc,PLASMA,0.8,MLP Regressor,GridSearchCV,3.0490182167245687,0.9063676623031087,4.832551168594584,-0.013132649572909827,8b0158f363824c1785621af95d671715,experiment_linear_mchc
1625.708366169069,0.008824383044395574,mchc,PLASMA,0.8,MLP Regressor,GridSearchCV,3.0490182167245687,0.9063676623031087,4.832551168594584,-0.013132649572909827,8b0158f363824c1785621af95d671715,experiment_linear_mchc
1666.206439347658,0.008636428671589912,mchc,PLASMA,0.8,MLP Regressor,GridSearchCV,3.0490182167245687,0.9063676623031087,4.832551168594584,-0.013132649572909827,8b0158f363824c1785621af95d671715,experiment_linear_mchc
1623.779886493898,0.008222361988138657,mchc,PLASMA,0.8,MLP Regressor,GridSearchCV,3.0490182167245687,0.9063676623031087,4.832551168594584,-0.013132649572909827,8b0158f363824c1785621af95d671715,experiment_linear_mchc
1619.922927143556,0.007763503228514251,mchc,PLASMA,0.8,MLP Regressor,GridSearchCV,3.0490182167245687,0.9063676623031087,4.832551168594584,-0.013132649572909827,8b0158f363824c1785621af95d671715,experiment_linear_mchc
1616.065967793214,0.0076627948332767355,mchc,PLASMA,0.8,MLP Regressor,GridSearchCV,3.0490182167245687,0.9063676623031087,4.832551168594584,-0.013132649572909827,8b0158f363824c1785621af95d671715,experiment_linear_mchc
2501.238138696657,0.004527720039986232,mchc,SALIVA,0.8,MLP Regressor,GridSearchCV,2.4771317626100124,1.4116622824643075,5.53012812888315,0.36242696569167565,8b0158f363824c1785621af95d671715,experiment_linear_mchc
2503.166618371828,0.0043236446941103245,mchc,SALIVA,0.8,MLP Regressor,GridSearchCV,2.4771317626100124,1.4116622824643075,5.53012812888315,0.36242696569167565,8b0158f363824c1785621af95d671715,experiment_linear_mchc
2775.082252570925,0.004303049958088324,mchc,SALIVA,0.8,MLP Regressor,GridSearchCV,2.4771317626100124,1.4116622824643075,5.53012812888315,0.36242696569167565,8b0158f363824c1785621af95d671715,experiment_linear_mchc
2728.798740366823,0.004139439167990255,mchc,SALIVA,0.8,MLP Regressor,GridSearchCV,2.4771317626100124,1.4116622824643075,5.53012812888315,0.36242696569167565,8b0158f363824c1785621af95d671715,experiment_linear_mchc
2726.870260691652,0.004089347710510896,mchc,SALIVA,0.8,MLP Regressor,GridSearchCV,2.4771317626100124,1.4116622824643075,5.53012812888315,0.36242696569167565,8b0158f363824c1785621af95d671715,experiment_linear_mchc
2505.095098046999,0.004085153255629032,mchc,SALIVA,0.8,MLP Regressor,GridSearchCV,2.4771317626100124,1.4116622824643075,5.53012812888315,0.36242696569167565,8b0158f363824c1785621af95d671715,experiment_linear_mchc
2507.02357772217,0.004007089079022402,mchc,SALIVA,0.8,MLP Regressor,GridSearchCV,2.4771317626100124,1.4116622824643075,5.53012812888315,0.36242696569167565,8b0158f363824c1785621af95d671715,experiment_linear_mchc
2508.952057397341,0.0039848222002300685,mchc,SALIVA,0.8,MLP Regressor,GridSearchCV,2.4771317626100124,1.4116622824643075,5.53012812888315,0.36242696569167565,8b0158f363824c1785621af95d671715,experiment_linear_mchc
3000.71437456592,0.0039302702992397385,mchc,SALIVA,0.8,MLP Regressor,GridSearchCV,2.4771317626100124,1.4116622824643075,5.53012812888315,0.36242696569167565,8b0158f363824c1785621af95d671715,experiment_linear_mchc
2518.594455773195,0.003924828680427309,mchc,SALIVA,0.8,MLP Regressor,GridSearchCV,2.4771317626100124,1.4116622824643075,5.53012812888315,0.36242696569167565,8b0158f363824c1785621af95d671715,experiment_linear_mchc
2520.522935448366,0.003911187355432616,mchc,SALIVA,0.8,MLP Regressor,GridSearchCV,2.4771317626100124,1.4116622824643075,5.53012812888315,0.36242696569167565,8b0158f363824c1785621af95d671715,experiment_linear_mchc
2545.593171225588,0.0038614178197061183,mchc,SALIVA,0.8,MLP Regressor,GridSearchCV,2.4771317626100124,1.4116622824643075,5.53012812888315,0.36242696569167565,8b0158f363824c1785621af95d671715,experiment_linear_mchc
2773.153772895754,0.0038542841238744523,mchc,SALIVA,0.8,MLP Regressor,GridSearchCV,2.4771317626100124,1.4116622824643075,5.53012812888315,0.36242696569167565,8b0158f363824c1785621af95d671715,experiment_linear_mchc
2543.664691550417,0.0038240564464122424,mchc,SALIVA,0.8,MLP Regressor,GridSearchCV,2.4771317626100124,1.4116622824643075,5.53012812888315,0.36242696569167565,8b0158f363824c1785621af95d671715,experiment_linear_mchc
2510.880537072512,0.00382164264018943,mchc,SALIVA,0.8,MLP Regressor,GridSearchCV,2.4771317626100124,1.4116622824643075,5.53012812888315,0.36242696569167565,8b0158f363824c1785621af95d671715,experiment_linear_mchc
2815.580325749514,0.0037989222250970804,mchc,SALIVA,0.8,MLP Regressor,GridSearchCV,2.4771317626100124,1.4116622824643075,5.53012812888315,0.36242696569167565,8b0158f363824c1785621af95d671715,experiment_linear_mchc
3002.642854241091,0.003798049731570876,mchc,SALIVA,0.8,MLP Regressor,GridSearchCV,2.4771317626100124,1.4116622824643075,5.53012812888315,0.36242696569167565,8b0158f363824c1785621af95d671715,experiment_linear_mchc
2777.010732246096,0.0037796155879255113,mchc,SALIVA,0.8,MLP Regressor,GridSearchCV,2.4771317626100124,1.4116622824643075,5.53012812888315,0.36242696569167565,8b0158f363824c1785621af95d671715,experiment_linear_mchc
2817.508805424685,0.0037648870111496864,mchc,SALIVA,0.8,MLP Regressor,GridSearchCV,2.4771317626100124,1.4116622824643075,5.53012812888315,0.36242696569167565,8b0158f363824c1785621af95d671715,experiment_linear_mchc
2829.07968347571,0.003758341655069289,mchc,SALIVA,0.8,MLP Regressor,GridSearchCV,2.4771317626100124,1.4116622824643075,5.53012812888315,0.36242696569167565,8b0158f363824c1785621af95d671715,experiment_linear_mchc
2960.216301387331,0.005265343613850429,mchc,SALIVA,0.8,MLP Regressor,GridSearchCV,4.042819182007777,1.5902053965743514,7.418259243743792,-0.698245059544071,8b0158f363824c1785621af95d671715,experiment_linear_mchc
2954.430862361819,0.004791798280492687,mchc,SALIVA,0.8,MLP Regressor,GridSearchCV,4.042819182007777,1.5902053965743514,7.418259243743792,-0.698245059544071,8b0158f363824c1785621af95d671715,experiment_linear_mchc
2962.144781062502,0.004669044283681945,mchc,SALIVA,0.8,MLP Regressor,GridSearchCV,4.042819182007777,1.5902053965743514,7.418259243743792,-0.698245059544071,8b0158f363824c1785621af95d671715,experiment_linear_mchc
2956.359342036989,0.004627851549103204,mchc,SALIVA,0.8,MLP Regressor,GridSearchCV,4.042819182007777,1.5902053965743514,7.418259243743792,-0.698245059544071,8b0158f363824c1785621af95d671715,experiment_linear_mchc
1473.358471830568,0.004532365641175268,mchc,SALIVA,0.8,MLP Regressor,GridSearchCV,4.042819182007777,1.5902053965743514,7.418259243743792,-0.698245059544071,8b0158f363824c1785621af95d671715,experiment_linear_mchc
1465.644553129884,0.00432096697139861,mchc,SALIVA,0.8,MLP Regressor,GridSearchCV,4.042819182007777,1.5902053965743514,7.418259243743792,-0.698245059544071,8b0158f363824c1785621af95d671715,experiment_linear_mchc
2549.45013057593,0.004277369052447539,mchc,SALIVA,0.8,MLP Regressor,GridSearchCV,4.042819182007777,1.5902053965743514,7.418259243743792,-0.698245059544071,8b0158f363824c1785621af95d671715,experiment_linear_mchc
2532.093813499392,0.0042341966414941815,mchc,SALIVA,0.8,MLP Regressor,GridSearchCV,4.042819182007777,1.5902053965743514,7.418259243743792,-0.698245059544071,8b0158f363824c1785621af95d671715,experiment_linear_mchc
2518.594455773195,0.004225106132033031,mchc,SALIVA,0.8,MLP Regressor,GridSearchCV,4.042819182007777,1.5902053965743514,7.418259243743792,-0.698245059544071,8b0158f363824c1785621af95d671715,experiment_linear_mchc
2975.644138788698,0.004210840067053815,mchc,SALIVA,0.8,MLP Regressor,GridSearchCV,4.042819182007777,1.5902053965743514,7.418259243743792,-0.698245059544071,8b0158f363824c1785621af95d671715,experiment_linear_mchc
2964.073260737673,0.004197940043490078,mchc,SALIVA,0.8,MLP Regressor,GridSearchCV,4.042819182007777,1.5902053965743514,7.418259243743792,-0.698245059544071,8b0158f363824c1785621af95d671715,experiment_linear_mchc
2561.021008626955,0.004188758087639833,mchc,SALIVA,0.8,MLP Regressor,GridSearchCV,4.042819182007777,1.5902053965743514,7.418259243743792,-0.698245059544071,8b0158f363824c1785621af95d671715,experiment_linear_mchc
2551.378610251101,0.004124111047016397,mchc,SALIVA,0.8,MLP Regressor,GridSearchCV,4.042819182007777,1.5902053965743514,7.418259243743792,-0.698245059544071,8b0158f363824c1785621af95d671715,experiment_linear_mchc
2559.092528951784,0.0041115454901314245,mchc,SALIVA,0.8,MLP Regressor,GridSearchCV,4.042819182007777,1.5902053965743514,7.418259243743792,-0.698245059544071,8b0158f363824c1785621af95d671715,experiment_linear_mchc
1471.429992155397,0.0041074777590877,mchc,SALIVA,0.8,MLP Regressor,GridSearchCV,4.042819182007777,1.5902053965743514,7.418259243743792,-0.698245059544071,8b0158f363824c1785621af95d671715,experiment_linear_mchc
2958.287821712161,0.0040197726670645915,mchc,SALIVA,0.8,MLP Regressor,GridSearchCV,4.042819182007777,1.5902053965743514,7.418259243743792,-0.698245059544071,8b0158f363824c1785621af95d671715,experiment_linear_mchc
2524.379894798708,0.004003807394162255,mchc,SALIVA,0.8,MLP Regressor,GridSearchCV,4.042819182007777,1.5902053965743514,7.418259243743792,-0.698245059544071,8b0158f363824c1785621af95d671715,experiment_linear_mchc
2545.593171225588,0.004000652467321074,mchc,SALIVA,0.8,MLP Regressor,GridSearchCV,4.042819182007777,1.5902053965743514,7.418259243743792,-0.698245059544071,8b0158f363824c1785621af95d671715,experiment_linear_mchc
1475.286951505739,0.003989817887674927,mchc,SALIVA,0.8,MLP Regressor,GridSearchCV,4.042819182007777,1.5902053965743514,7.418259243743792,-0.698245059544071,8b0158f363824c1785621af95d671715,experiment_linear_mchc
2923.575187559084,0.003972507579540562,mchc,SALIVA,0.8,MLP Regressor,GridSearchCV,4.042819182007777,1.5902053965743514,7.418259243743792,-0.698245059544071,8b0158f363824c1785621af95d671715,experiment_linear_mchc
2501.238138696657,0.004527720040209581,mchc,SALIVA,0.8,MLP Regressor,GridSearchCV,2.4771317625674456,1.411662282417175,5.530128128709631,0.36242696571358757,8b0158f363824c1785621af95d671715,experiment_linear_mchc
2503.166618371828,0.004323644694302425,mchc,SALIVA,0.8,MLP Regressor,GridSearchCV,2.4771317625674456,1.411662282417175,5.530128128709631,0.36242696571358757,8b0158f363824c1785621af95d671715,experiment_linear_mchc
2775.082252570925,0.004303049958302665,mchc,SALIVA,0.8,MLP Regressor,GridSearchCV,2.4771317625674456,1.411662282417175,5.530128128709631,0.36242696571358757,8b0158f363824c1785621af95d671715,experiment_linear_mchc
2728.798740366823,0.004139439168426999,mchc,SALIVA,0.8,MLP Regressor,GridSearchCV,2.4771317625674456,1.411662282417175,5.530128128709631,0.36242696571358757,8b0158f363824c1785621af95d671715,experiment_linear_mchc
2726.870260691652,0.004089347710949674,mchc,SALIVA,0.8,MLP Regressor,GridSearchCV,2.4771317625674456,1.411662282417175,5.530128128709631,0.36242696571358757,8b0158f363824c1785621af95d671715,experiment_linear_mchc
2505.095098046999,0.0040851532557847105,mchc,SALIVA,0.8,MLP Regressor,GridSearchCV,2.4771317625674456,1.411662282417175,5.530128128709631,0.36242696571358757,8b0158f363824c1785621af95d671715,experiment_linear_mchc
2507.02357772217,0.0040070890791628335,mchc,SALIVA,0.8,MLP Regressor,GridSearchCV,2.4771317625674456,1.411662282417175,5.530128128709631,0.36242696571358757,8b0158f363824c1785621af95d671715,experiment_linear_mchc
2508.952057397341,0.003984822200366194,mchc,SALIVA,0.8,MLP Regressor,GridSearchCV,2.4771317625674456,1.411662282417175,5.530128128709631,0.36242696571358757,8b0158f363824c1785621af95d671715,experiment_linear_mchc
3000.71437456592,0.003930270299189199,mchc,SALIVA,0.8,MLP Regressor,GridSearchCV,2.4771317625674456,1.411662282417175,5.530128128709631,0.36242696571358757,8b0158f363824c1785621af95d671715,experiment_linear_mchc
2518.594455773195,0.003924828680536119,mchc,SALIVA,0.8,MLP Regressor,GridSearchCV,2.4771317625674456,1.411662282417175,5.530128128709631,0.36242696571358757,8b0158f363824c1785621af95d671715,experiment_linear_mchc
2520.522935448366,0.0039111873555512855,mchc,SALIVA,0.8,MLP Regressor,GridSearchCV,2.4771317625674456,1.411662282417175,5.530128128709631,0.36242696571358757,8b0158f363824c1785621af95d671715,experiment_linear_mchc
2545.593171225588,0.0038614178197885606,mchc,SALIVA,0.8,MLP Regressor,GridSearchCV,2.4771317625674456,1.411662282417175,5.530128128709631,0.36242696571358757,8b0158f363824c1785621af95d671715,experiment_linear_mchc
2773.153772895754,0.0038542841240025,mchc,SALIVA,0.8,MLP Regressor,GridSearchCV,2.4771317625674456,1.411662282417175,5.530128128709631,0.36242696571358757,8b0158f363824c1785621af95d671715,experiment_linear_mchc
2543.664691550417,0.0038240564464796325,mchc,SALIVA,0.8,MLP Regressor,GridSearchCV,2.4771317625674456,1.411662282417175,5.530128128709631,0.36242696571358757,8b0158f363824c1785621af95d671715,experiment_linear_mchc
2510.880537072512,0.00382164264029917,mchc,SALIVA,0.8,MLP Regressor,GridSearchCV,2.4771317625674456,1.411662282417175,5.530128128709631,0.36242696571358757,8b0158f363824c1785621af95d671715,experiment_linear_mchc
2815.580325749514,0.0037989222253017882,mchc,SALIVA,0.8,MLP Regressor,GridSearchCV,2.4771317625674456,1.411662282417175,5.530128128709631,0.36242696571358757,8b0158f363824c1785621af95d671715,experiment_linear_mchc
3002.642854241091,0.0037980497314685506,mchc,SALIVA,0.8,MLP Regressor,GridSearchCV,2.4771317625674456,1.411662282417175,5.530128128709631,0.36242696571358757,8b0158f363824c1785621af95d671715,experiment_linear_mchc
2777.010732246096,0.003779615588072398,mchc,SALIVA,0.8,MLP Regressor,GridSearchCV,2.4771317625674456,1.411662282417175,5.530128128709631,0.36242696571358757,8b0158f363824c1785621af95d671715,experiment_linear_mchc
2817.508805424685,0.0037648870113578654,mchc,SALIVA,0.8,MLP Regressor,GridSearchCV,2.4771317625674456,1.411662282417175,5.530128128709631,0.36242696571358757,8b0158f363824c1785621af95d671715,experiment_linear_mchc
2829.07968347571,0.0037583416552899253,mchc,SALIVA,0.8,MLP Regressor,GridSearchCV,2.4771317625674456,1.411662282417175,5.530128128709631,0.36242696571358757,8b0158f363824c1785621af95d671715,experiment_linear_mchc
1621.851406818727,0.0073468788339410025,mchc,SALIVA,0.8,MLP Regressor,GridSearchCV,3.1237792116811147,0.9655583377826049,5.015029592142147,-0.013893608684787173,8b0158f363824c1785621af95d671715,experiment_linear_mchc
1627.63684584424,0.007340160017005545,mchc,SALIVA,0.8,MLP Regressor,GridSearchCV,3.1237792116811147,0.9655583377826049,5.015029592142147,-0.013893608684787173,8b0158f363824c1785621af95d671715,experiment_linear_mchc
1625.708366169069,0.007335888160967574,mchc,SALIVA,0.8,MLP Regressor,GridSearchCV,3.1237792116811147,0.9655583377826049,5.015029592142147,-0.013893608684787173,8b0158f363824c1785621af95d671715,experiment_linear_mchc
1623.779886493898,0.00716705926885083,mchc,SALIVA,0.8,MLP Regressor,GridSearchCV,3.1237792116811147,0.9655583377826049,5.015029592142147,-0.013893608684787173,8b0158f363824c1785621af95d671715,experiment_linear_mchc
1616.065967793214,0.007003491918924978,mchc,SALIVA,0.8,MLP Regressor,GridSearchCV,3.1237792116811147,0.9655583377826049,5.015029592142147,-0.013893608684787173,8b0158f363824c1785621af95d671715,experiment_linear_mchc
1629.56532551941,0.0069965347327119185,mchc,SALIVA,0.8,MLP Regressor,GridSearchCV,3.1237792116811147,0.9655583377826049,5.015029592142147,-0.013893608684787173,8b0158f363824c1785621af95d671715,experiment_linear_mchc
1617.994447468385,0.006955813937583373,mchc,SALIVA,0.8,MLP Regressor,GridSearchCV,3.1237792116811147,0.9655583377826049,5.015029592142147,-0.013893608684787173,8b0158f363824c1785621af95d671715,experiment_linear_mchc
1619.922927143556,0.006905635808154294,mchc,SALIVA,0.8,MLP Regressor,GridSearchCV,3.1237792116811147,0.9655583377826049,5.015029592142147,-0.013893608684787173,8b0158f363824c1785621af95d671715,experiment_linear_mchc
1631.493805194581,0.006758349347587224,mchc,SALIVA,0.8,MLP Regressor,GridSearchCV,3.1237792116811147,0.9655583377826049,5.015029592142147,-0.013893608684787173,8b0158f363824c1785621af95d671715,experiment_linear_mchc
1614.137488118043,0.006600626118615596,mchc,SALIVA,0.8,MLP Regressor,GridSearchCV,3.1237792116811147,0.9655583377826049,5.015029592142147,-0.013893608684787173,8b0158f363824c1785621af95d671715,experiment_linear_mchc
1612.209008442873,0.0064533208093784265,mchc,SALIVA,0.8,MLP Regressor,GridSearchCV,3.1237792116811147,0.9655583377826049,5.015029592142147,-0.013893608684787173,8b0158f363824c1785621af95d671715,experiment_linear_mchc
1610.280528767702,0.006409707231973588,mchc,SALIVA,0.8,MLP Regressor,GridSearchCV,3.1237792116811147,0.9655583377826049,5.015029592142147,-0.013893608684787173,8b0158f363824c1785621af95d671715,experiment_linear_mchc
1604.495089742189,0.006301078937771425,mchc,SALIVA,0.8,MLP Regressor,GridSearchCV,3.1237792116811147,0.9655583377826049,5.015029592142147,-0.013893608684787173,8b0158f363824c1785621af95d671715,experiment_linear_mchc
1606.42356941736,0.006290779405318449,mchc,SALIVA,0.8,MLP Regressor,GridSearchCV,3.1237792116811147,0.9655583377826049,5.015029592142147,-0.013893608684787173,8b0158f363824c1785621af95d671715,experiment_linear_mchc
1633.422284869752,0.006258052261352122,mchc,SALIVA,0.8,MLP Regressor,GridSearchCV,3.1237792116811147,0.9655583377826049,5.015029592142147,-0.013893608684787173,8b0158f363824c1785621af95d671715,experiment_linear_mchc
1602.566610067018,0.006253832119015928,mchc,SALIVA,0.8,MLP Regressor,GridSearchCV,3.1237792116811147,0.9655583377826049,5.015029592142147,-0.013893608684787173,8b0158f363824c1785621af95d671715,experiment_linear_mchc
1668.134919022829,0.006121842605264636,mchc,SALIVA,0.8,MLP Regressor,GridSearchCV,3.1237792116811147,0.9655583377826049,5.015029592142147,-0.013893608684787173,8b0158f363824c1785621af95d671715,experiment_linear_mchc
1670.063398697999,0.0059994188633362994,mchc,SALIVA,0.8,MLP Regressor,GridSearchCV,3.1237792116811147,0.9655583377826049,5.015029592142147,-0.013893608684787173,8b0158f363824c1785621af95d671715,experiment_linear_mchc
1608.35204909253,0.005959516969352214,mchc,SALIVA,0.8,MLP Regressor,GridSearchCV,3.1237792116811147,0.9655583377826049,5.015029592142147,-0.013893608684787173,8b0158f363824c1785621af95d671715,experiment_linear_mchc
1666.206439347658,0.005935687640328828,mchc,SALIVA,0.8,MLP Regressor,GridSearchCV,3.1237792116811147,0.9655583377826049,5.015029592142147,-0.013893608684787173,8b0158f363824c1785621af95d671715,experiment_linear_mchc
2717.227862315798,0.006144732471334722,mchc,SERUM,0.8,MLP Regressor,GridSearchCV,2.591280128262279,1.9047278721126575,5.779010957395919,-7.791781540733883,8b0158f363824c1785621af95d671715,experiment_linear_mchc
2715.299382640627,0.005904047338068234,mchc,SERUM,0.8,MLP Regressor,GridSearchCV,2.591280128262279,1.9047278721126575,5.779010957395919,-7.791781540733883,8b0158f363824c1785621af95d671715,experiment_linear_mchc
2713.370902965456,0.005330692239132099,mchc,SERUM,0.8,MLP Regressor,GridSearchCV,2.591280128262279,1.9047278721126575,5.779010957395919,-7.791781540733883,8b0158f363824c1785621af95d671715,experiment_linear_mchc
3045.069407094851,0.0040656149822119025,mchc,SERUM,0.8,MLP Regressor,GridSearchCV,2.591280128262279,1.9047278721126575,5.779010957395919,-7.791781540733883,8b0158f363824c1785621af95d671715,experiment_linear_mchc
2719.156341990969,0.004001533564781178,mchc,SERUM,0.8,MLP Regressor,GridSearchCV,2.591280128262279,1.9047278721126575,5.779010957395919,-7.791781540733883,8b0158f363824c1785621af95d671715,experiment_linear_mchc
1716.346910902101,0.003977678932116538,mchc,SERUM,0.8,MLP Regressor,GridSearchCV,2.591280128262279,1.9047278721126575,5.779010957395919,-7.791781540733883,8b0158f363824c1785621af95d671715,experiment_linear_mchc
1103.090374197755,0.003939874122957145,mchc,SERUM,0.8,MLP Regressor,GridSearchCV,2.591280128262279,1.9047278721126575,5.779010957395919,-7.791781540733883,8b0158f363824c1785621af95d671715,experiment_linear_mchc
2616.946919206911,0.003918242976779186,mchc,SERUM,0.8,MLP Regressor,GridSearchCV,2.591280128262279,1.9047278721126575,5.779010957395919,-7.791781540733883,8b0158f363824c1785621af95d671715,experiment_linear_mchc
1105.018853872926,0.0039010617848442668,mchc,SERUM,0.8,MLP Regressor,GridSearchCV,2.591280128262279,1.9047278721126575,5.779010957395919,-7.791781540733883,8b0158f363824c1785621af95d671715,experiment_linear_mchc
2615.01843953174,0.003882313678818507,mchc,SERUM,0.8,MLP Regressor,GridSearchCV,2.591280128262279,1.9047278721126575,5.779010957395919,-7.791781540733883,8b0158f363824c1785621af95d671715,experiment_linear_mchc
1243.86939048523,0.0038649730169801636,mchc,SERUM,0.8,MLP Regressor,GridSearchCV,2.591280128262279,1.9047278721126575,5.779010957395919,-7.791781540733883,8b0158f363824c1785621af95d671715,experiment_linear_mchc
1241.94091081006,0.0038327003382316906,mchc,SERUM,0.8,MLP Regressor,GridSearchCV,2.591280128262279,1.9047278721126575,5.779010957395919,-7.791781540733883,8b0158f363824c1785621af95d671715,experiment_linear_mchc
2624.660837907595,0.003810515854753277,mchc,SERUM,0.8,MLP Regressor,GridSearchCV,2.591280128262279,1.9047278721126575,5.779010957395919,-7.791781540733883,8b0158f363824c1785621af95d671715,experiment_linear_mchc
2626.589317582765,0.0038018722213109075,mchc,SERUM,0.8,MLP Regressor,GridSearchCV,2.591280128262279,1.9047278721126575,5.779010957395919,-7.791781540733883,8b0158f363824c1785621af95d671715,experiment_linear_mchc
1240.012431134889,0.003781231528380978,mchc,SERUM,0.8,MLP Regressor,GridSearchCV,2.591280128262279,1.9047278721126575,5.779010957395919,-7.791781540733883,8b0158f363824c1785621af95d671715,experiment_linear_mchc
1101.161894522584,0.003768350518587334,mchc,SERUM,0.8,MLP Regressor,GridSearchCV,2.591280128262279,1.9047278721126575,5.779010957395919,-7.791781540733883,8b0158f363824c1785621af95d671715,experiment_linear_mchc
2618.875398882082,0.0037557524400571285,mchc,SERUM,0.8,MLP Regressor,GridSearchCV,2.591280128262279,1.9047278721126575,5.779010957395919,-7.791781540733883,8b0158f363824c1785621af95d671715,experiment_linear_mchc
1245.797870160402,0.003742924414092759,mchc,SERUM,0.8,MLP Regressor,GridSearchCV,2.591280128262279,1.9047278721126575,5.779010957395919,-7.791781540733883,8b0158f363824c1785621af95d671715,experiment_linear_mchc
3046.997886770022,0.0037386811817282715,mchc,SERUM,0.8,MLP Regressor,GridSearchCV,2.591280128262279,1.9047278721126575,5.779010957395919,-7.791781540733883,8b0158f363824c1785621af95d671715,experiment_linear_mchc
1238.083951459718,0.003730820271304747,mchc,SERUM,0.8,MLP Regressor,GridSearchCV,2.591280128262279,1.9047278721126575,5.779010957395919,-7.791781540733883,8b0158f363824c1785621af95d671715,experiment_linear_mchc
1263.15418723694,0.006832608345783262,mchc,SERUM,0.8,MLP Regressor,GridSearchCV,6.780603464202269,5.019276442933355,15.194693044473079,-59.19838682713497,8b0158f363824c1785621af95d671715,experiment_linear_mchc
1153.230845752198,0.006089088475464295,mchc,SERUM,0.8,MLP Regressor,GridSearchCV,6.780603464202269,5.019276442933355,15.194693044473079,-59.19838682713497,8b0158f363824c1785621af95d671715,experiment_linear_mchc
1151.302366077027,0.005827311665244465,mchc,SERUM,0.8,MLP Regressor,GridSearchCV,6.780603464202269,5.019276442933355,15.194693044473079,-59.19838682713497,8b0158f363824c1785621af95d671715,experiment_linear_mchc
1143.588447376344,0.005535896617667404,mchc,SERUM,0.8,MLP Regressor,GridSearchCV,6.780603464202269,5.019276442933355,15.194693044473079,-59.19838682713497,8b0158f363824c1785621af95d671715,experiment_linear_mchc
1257.368748211427,0.005283541868996068,mchc,SERUM,0.8,MLP Regressor,GridSearchCV,6.780603464202269,5.019276442933355,15.194693044473079,-59.19838682713497,8b0158f363824c1785621af95d671715,experiment_linear_mchc
1772.272821482057,0.004732995981603111,mchc,SERUM,0.8,MLP Regressor,GridSearchCV,6.780603464202269,5.019276442933355,15.194693044473079,-59.19838682713497,8b0158f363824c1785621af95d671715,experiment_linear_mchc
2580.305805378664,0.004538031187055573,mchc,SERUM,0.8,MLP Regressor,GridSearchCV,6.780603464202269,5.019276442933355,15.194693044473079,-59.19838682713497,8b0158f363824c1785621af95d671715,experiment_linear_mchc
1388.505366123048,0.004474421621098048,mchc,SERUM,0.8,MLP Regressor,GridSearchCV,6.780603464202269,5.019276442933355,15.194693044473079,-59.19838682713497,8b0158f363824c1785621af95d671715,experiment_linear_mchc
1268.939626262452,0.0043886552338940985,mchc,SERUM,0.8,MLP Regressor,GridSearchCV,6.780603464202269,5.019276442933355,15.194693044473079,-59.19838682713497,8b0158f363824c1785621af95d671715,experiment_linear_mchc
1135.87452867566,0.004115158374003421,mchc,SERUM,0.8,MLP Regressor,GridSearchCV,6.780603464202269,5.019276442933355,15.194693044473079,-59.19838682713497,8b0158f363824c1785621af95d671715,experiment_linear_mchc
1390.433845798219,0.004085744764274827,mchc,SERUM,0.8,MLP Regressor,GridSearchCV,6.780603464202269,5.019276442933355,15.194693044473079,-59.19838682713497,8b0158f363824c1785621af95d671715,experiment_linear_mchc
1118.518211599122,0.004022816957162887,mchc,SERUM,0.8,MLP Regressor,GridSearchCV,6.780603464202269,5.019276442933355,15.194693044473079,-59.19838682713497,8b0158f363824c1785621af95d671715,experiment_linear_mchc
1272.796585612794,0.004022082386071239,mchc,SERUM,0.8,MLP Regressor,GridSearchCV,6.780603464202269,5.019276442933355,15.194693044473079,-59.19838682713497,8b0158f363824c1785621af95d671715,experiment_linear_mchc
2514.737496422853,0.00400476838480855,mchc,SERUM,0.8,MLP Regressor,GridSearchCV,6.780603464202269,5.019276442933355,15.194693044473079,-59.19838682713497,8b0158f363824c1785621af95d671715,experiment_linear_mchc
1155.159325427369,0.003945610422629582,mchc,SERUM,0.8,MLP Regressor,GridSearchCV,6.780603464202269,5.019276442933355,15.194693044473079,-59.19838682713497,8b0158f363824c1785621af95d671715,experiment_linear_mchc
2865.720797303957,0.0038941463793591524,mchc,SERUM,0.8,MLP Regressor,GridSearchCV,6.780603464202269,5.019276442933355,15.194693044473079,-59.19838682713497,8b0158f363824c1785621af95d671715,experiment_linear_mchc
1282.438983988648,0.0038543336513225564,mchc,SERUM,0.8,MLP Regressor,GridSearchCV,6.780603464202269,5.019276442933355,15.194693044473079,-59.19838682713497,8b0158f363824c1785621af95d671715,experiment_linear_mchc
1662.349479997316,0.003836062779332036,mchc,SERUM,0.8,MLP Regressor,GridSearchCV,6.780603464202269,5.019276442933355,15.194693044473079,-59.19838682713497,8b0158f363824c1785621af95d671715,experiment_linear_mchc
2921.646707883913,0.0037747317940439013,mchc,SERUM,0.8,MLP Regressor,GridSearchCV,6.780603464202269,5.019276442933355,15.194693044473079,-59.19838682713497,8b0158f363824c1785621af95d671715,experiment_linear_mchc
1247.726349835572,0.0036797368437753906,mchc,SERUM,0.8,MLP Regressor,GridSearchCV,6.780603464202269,5.019276442933355,15.194693044473079,-59.19838682713497,8b0158f363824c1785621af95d671715,experiment_linear_mchc
2717.227862315798,0.006144732471333235,mchc,SERUM,0.8,MLP Regressor,GridSearchCV,2.5912801282625866,1.9047278721127128,5.779010957396072,-7.79178154073597,8b0158f363824c1785621af95d671715,experiment_linear_mchc
2715.299382640627,0.005904047338067257,mchc,SERUM,0.8,MLP Regressor,GridSearchCV,2.5912801282625866,1.9047278721127128,5.779010957396072,-7.79178154073597,8b0158f363824c1785621af95d671715,experiment_linear_mchc
2713.370902965456,0.005330692239130241,mchc,SERUM,0.8,MLP Regressor,GridSearchCV,2.5912801282625866,1.9047278721127128,5.779010957396072,-7.79178154073597,8b0158f363824c1785621af95d671715,experiment_linear_mchc
3045.069407094851,0.004065614982209195,mchc,SERUM,0.8,MLP Regressor,GridSearchCV,2.5912801282625866,1.9047278721127128,5.779010957396072,-7.79178154073597,8b0158f363824c1785621af95d671715,experiment_linear_mchc
2719.156341990969,0.004001533564782353,mchc,SERUM,0.8,MLP Regressor,GridSearchCV,2.5912801282625866,1.9047278721127128,5.779010957396072,-7.79178154073597,8b0158f363824c1785621af95d671715,experiment_linear_mchc
1716.346910902101,0.003977678932110159,mchc,SERUM,0.8,MLP Regressor,GridSearchCV,2.5912801282625866,1.9047278721127128,5.779010957396072,-7.79178154073597,8b0158f363824c1785621af95d671715,experiment_linear_mchc
1103.090374197755,0.003939874122960547,mchc,SERUM,0.8,MLP Regressor,GridSearchCV,2.5912801282625866,1.9047278721127128,5.779010957396072,-7.79178154073597,8b0158f363824c1785621af95d671715,experiment_linear_mchc
2616.946919206911,0.003918242976780297,mchc,SERUM,0.8,MLP Regressor,GridSearchCV,2.5912801282625866,1.9047278721127128,5.779010957396072,-7.79178154073597,8b0158f363824c1785621af95d671715,experiment_linear_mchc
1105.018853872926,0.0039010617848473897,mchc,SERUM,0.8,MLP Regressor,GridSearchCV,2.5912801282625866,1.9047278721127128,5.779010957396072,-7.79178154073597,8b0158f363824c1785621af95d671715,experiment_linear_mchc
2615.01843953174,0.003882313678819711,mchc,SERUM,0.8,MLP Regressor,GridSearchCV,2.5912801282625866,1.9047278721127128,5.779010957396072,-7.79178154073597,8b0158f363824c1785621af95d671715,experiment_linear_mchc
1243.86939048523,0.003864973016978725,mchc,SERUM,0.8,MLP Regressor,GridSearchCV,2.5912801282625866,1.9047278721127128,5.779010957396072,-7.79178154073597,8b0158f363824c1785621af95d671715,experiment_linear_mchc
1241.94091081006,0.0038327003382298617,mchc,SERUM,0.8,MLP Regressor,GridSearchCV,2.5912801282625866,1.9047278721127128,5.779010957396072,-7.79178154073597,8b0158f363824c1785621af95d671715,experiment_linear_mchc
2624.660837907595,0.003810515854754472,mchc,SERUM,0.8,MLP Regressor,GridSearchCV,2.5912801282625866,1.9047278721127128,5.779010957396072,-7.79178154073597,8b0158f363824c1785621af95d671715,experiment_linear_mchc
2626.589317582765,0.003801872221312147,mchc,SERUM,0.8,MLP Regressor,GridSearchCV,2.5912801282625866,1.9047278721127128,5.779010957396072,-7.79178154073597,8b0158f363824c1785621af95d671715,experiment_linear_mchc
1240.012431134889,0.0037812315283787135,mchc,SERUM,0.8,MLP Regressor,GridSearchCV,2.5912801282625866,1.9047278721127128,5.779010957396072,-7.79178154073597,8b0158f363824c1785621af95d671715,experiment_linear_mchc
1101.161894522584,0.003768350518591288,mchc,SERUM,0.8,MLP Regressor,GridSearchCV,2.5912801282625866,1.9047278721127128,5.779010957396072,-7.79178154073597,8b0158f363824c1785621af95d671715,experiment_linear_mchc
2618.875398882082,0.0037557524400584426,mchc,SERUM,0.8,MLP Regressor,GridSearchCV,2.5912801282625866,1.9047278721127128,5.779010957396072,-7.79178154073597,8b0158f363824c1785621af95d671715,experiment_linear_mchc
1245.797870160402,0.003742924414091858,mchc,SERUM,0.8,MLP Regressor,GridSearchCV,2.5912801282625866,1.9047278721127128,5.779010957396072,-7.79178154073597,8b0158f363824c1785621af95d671715,experiment_linear_mchc
3046.997886770022,0.0037386811817263542,mchc,SERUM,0.8,MLP Regressor,GridSearchCV,2.5912801282625866,1.9047278721127128,5.779010957396072,-7.79178154073597,8b0158f363824c1785621af95d671715,experiment_linear_mchc
1238.083951459718,0.0037308202713020574,mchc,SERUM,0.8,MLP Regressor,GridSearchCV,2.5912801282625866,1.9047278721127128,5.779010957396072,-7.79178154073597,8b0158f363824c1785621af95d671715,experiment_linear_mchc
2925.503667234255,0.01075090341160355,mchc,SERUM,0.8,MLP Regressor,GridSearchCV,0.8896149882314607,0.6762975804390708,2.061959749018703,-0.036220885807778824,8b0158f363824c1785621af95d671715,experiment_linear_mchc
2927.432146909426,0.01072338618306173,mchc,SERUM,0.8,MLP Regressor,GridSearchCV,0.8896149882314607,0.6762975804390708,2.061959749018703,-0.036220885807778824,8b0158f363824c1785621af95d671715,experiment_linear_mchc
2923.575187559084,0.010652710565624904,mchc,SERUM,0.8,MLP Regressor,GridSearchCV,0.8896149882314607,0.6762975804390708,2.061959749018703,-0.036220885807778824,8b0158f363824c1785621af95d671715,experiment_linear_mchc
2921.646707883913,0.010639977254775071,mchc,SERUM,0.8,MLP Regressor,GridSearchCV,0.8896149882314607,0.6762975804390708,2.061959749018703,-0.036220885807778824,8b0158f363824c1785621af95d671715,experiment_linear_mchc
2929.360626584597,0.010269036387371297,mchc,SERUM,0.8,MLP Regressor,GridSearchCV,0.8896149882314607,0.6762975804390708,2.061959749018703,-0.036220885807778824,8b0158f363824c1785621af95d671715,experiment_linear_mchc
2931.289106259768,0.009770208733746105,mchc,SERUM,0.8,MLP Regressor,GridSearchCV,0.8896149882314607,0.6762975804390708,2.061959749018703,-0.036220885807778824,8b0158f363824c1785621af95d671715,experiment_linear_mchc
2919.718228208742,0.009695879725952997,mchc,SERUM,0.8,MLP Regressor,GridSearchCV,0.8896149882314607,0.6762975804390708,2.061959749018703,-0.036220885807778824,8b0158f363824c1785621af95d671715,experiment_linear_mchc
2933.217585934939,0.008882291848410103,mchc,SERUM,0.8,MLP Regressor,GridSearchCV,0.8896149882314607,0.6762975804390708,2.061959749018703,-0.036220885807778824,8b0158f363824c1785621af95d671715,experiment_linear_mchc
2917.789748533572,0.008567808289782467,mchc,SERUM,0.8,MLP Regressor,GridSearchCV,0.8896149882314607,0.6762975804390708,2.061959749018703,-0.036220885807778824,8b0158f363824c1785621af95d671715,experiment_linear_mchc
2935.146065610109,0.008311360298224768,mchc,SERUM,0.8,MLP Regressor,GridSearchCV,0.8896149882314607,0.6762975804390708,2.061959749018703,-0.036220885807778824,8b0158f363824c1785621af95d671715,experiment_linear_mchc
2915.861268858401,0.0072838340202678094,mchc,SERUM,0.8,MLP Regressor,GridSearchCV,0.8896149882314607,0.6762975804390708,2.061959749018703,-0.036220885807778824,8b0158f363824c1785621af95d671715,experiment_linear_mchc
2937.074545285281,0.006997146989199633,mchc,SERUM,0.8,MLP Regressor,GridSearchCV,0.8896149882314607,0.6762975804390708,2.061959749018703,-0.036220885807778824,8b0158f363824c1785621af95d671715,experiment_linear_mchc
2913.93278918323,0.006476926760763705,mchc,SERUM,0.8,MLP Regressor,GridSearchCV,0.8896149882314607,0.6762975804390708,2.061959749018703,-0.036220885807778824,8b0158f363824c1785621af95d671715,experiment_linear_mchc
2939.003024960452,0.006409477453989235,mchc,SERUM,0.8,MLP Regressor,GridSearchCV,0.8896149882314607,0.6762975804390708,2.061959749018703,-0.036220885807778824,8b0158f363824c1785621af95d671715,experiment_linear_mchc
2854.149919252932,0.006235113402363939,mchc,SERUM,0.8,MLP Regressor,GridSearchCV,0.8896149882314607,0.6762975804390708,2.061959749018703,-0.036220885807778824,8b0158f363824c1785621af95d671715,experiment_linear_mchc
1745.274106029664,0.0060162734486415076,mchc,SERUM,0.8,MLP Regressor,GridSearchCV,0.8896149882314607,0.6762975804390708,2.061959749018703,-0.036220885807778824,8b0158f363824c1785621af95d671715,experiment_linear_mchc
1654.635561296632,0.005979781815883813,mchc,SERUM,0.8,MLP Regressor,GridSearchCV,0.8896149882314607,0.6762975804390708,2.061959749018703,-0.036220885807778824,8b0158f363824c1785621af95d671715,experiment_linear_mchc
1652.707081621461,0.005964836165741901,mchc,SERUM,0.8,MLP Regressor,GridSearchCV,0.8896149882314607,0.6762975804390708,2.061959749018703,-0.036220885807778824,8b0158f363824c1785621af95d671715,experiment_linear_mchc
2852.221439577761,0.005955723854869721,mchc,SERUM,0.8,MLP Regressor,GridSearchCV,0.8896149882314607,0.6762975804390708,2.061959749018703,-0.036220885807778824,8b0158f363824c1785621af95d671715,experiment_linear_mchc
1656.564040971803,0.005880441322909315,mchc,SERUM,0.8,MLP Regressor,GridSearchCV,0.8896149882314607,0.6762975804390708,2.061959749018703,-0.036220885807778824,8b0158f363824c1785621af95d671715,experiment_linear_mchc
1494.571748257448,0.00652248898817627,mchc,URINE,0.8,MLP Regressor,GridSearchCV,1.26254273819534,1.04706643983509,3.2016043541634716,-1.75288316742306,8b0158f363824c1785621af95d671715,experiment_linear_mchc
1496.500227932618,0.0064965168667906635,mchc,URINE,0.8,MLP Regressor,GridSearchCV,1.26254273819534,1.04706643983509,3.2016043541634716,-1.75288316742306,8b0158f363824c1785621af95d671715,experiment_linear_mchc
1492.643268582277,0.006487783515017268,mchc,URINE,0.8,MLP Regressor,GridSearchCV,1.26254273819534,1.04706643983509,3.2016043541634716,-1.75288316742306,8b0158f363824c1785621af95d671715,experiment_linear_mchc
1498.428707607789,0.006402623425162335,mchc,URINE,0.8,MLP Regressor,GridSearchCV,1.26254273819534,1.04706643983509,3.2016043541634716,-1.75288316742306,8b0158f363824c1785621af95d671715,experiment_linear_mchc
1490.714788907106,0.00636253165714687,mchc,URINE,0.8,MLP Regressor,GridSearchCV,1.26254273819534,1.04706643983509,3.2016043541634716,-1.75288316742306,8b0158f363824c1785621af95d671715,experiment_linear_mchc
1500.35718728296,0.006260732876315669,mchc,URINE,0.8,MLP Regressor,GridSearchCV,1.26254273819534,1.04706643983509,3.2016043541634716,-1.75288316742306,8b0158f363824c1785621af95d671715,experiment_linear_mchc
1488.786309231935,0.006109280234814831,mchc,URINE,0.8,MLP Regressor,GridSearchCV,1.26254273819534,1.04706643983509,3.2016043541634716,-1.75288316742306,8b0158f363824c1785621af95d671715,experiment_linear_mchc
1502.285666958131,0.006098238328595218,mchc,URINE,0.8,MLP Regressor,GridSearchCV,1.26254273819534,1.04706643983509,3.2016043541634716,-1.75288316742306,8b0158f363824c1785621af95d671715,experiment_linear_mchc
1504.214146633302,0.00586788274639383,mchc,URINE,0.8,MLP Regressor,GridSearchCV,1.26254273819534,1.04706643983509,3.2016043541634716,-1.75288316742306,8b0158f363824c1785621af95d671715,experiment_linear_mchc
1486.857829556764,0.005693956657041212,mchc,URINE,0.8,MLP Regressor,GridSearchCV,1.26254273819534,1.04706643983509,3.2016043541634716,-1.75288316742306,8b0158f363824c1785621af95d671715,experiment_linear_mchc
1506.142626308473,0.005562360463342183,mchc,URINE,0.8,MLP Regressor,GridSearchCV,1.26254273819534,1.04706643983509,3.2016043541634716,-1.75288316742306,8b0158f363824c1785621af95d671715,experiment_linear_mchc
1508.071105983644,0.005207966145185043,mchc,URINE,0.8,MLP Regressor,GridSearchCV,1.26254273819534,1.04706643983509,3.2016043541634716,-1.75288316742306,8b0158f363824c1785621af95d671715,experiment_linear_mchc
1484.929349881593,0.0051037898271756215,mchc,URINE,0.8,MLP Regressor,GridSearchCV,1.26254273819534,1.04706643983509,3.2016043541634716,-1.75288316742306,8b0158f363824c1785621af95d671715,experiment_linear_mchc
1509.999585658815,0.004862343545122756,mchc,URINE,0.8,MLP Regressor,GridSearchCV,1.26254273819534,1.04706643983509,3.2016043541634716,-1.75288316742306,8b0158f363824c1785621af95d671715,experiment_linear_mchc
1511.928065333986,0.004658025746581158,mchc,URINE,0.8,MLP Regressor,GridSearchCV,1.26254273819534,1.04706643983509,3.2016043541634716,-1.75288316742306,8b0158f363824c1785621af95d671715,experiment_linear_mchc
1513.856545009157,0.004560318601274412,mchc,URINE,0.8,MLP Regressor,GridSearchCV,1.26254273819534,1.04706643983509,3.2016043541634716,-1.75288316742306,8b0158f363824c1785621af95d671715,experiment_linear_mchc
1515.785024684327,0.00446625934451158,mchc,URINE,0.8,MLP Regressor,GridSearchCV,1.26254273819534,1.04706643983509,3.2016043541634716,-1.75288316742306,8b0158f363824c1785621af95d671715,experiment_linear_mchc
1483.000870206422,0.004409335439059479,mchc,URINE,0.8,MLP Regressor,GridSearchCV,1.26254273819534,1.04706643983509,3.2016043541634716,-1.75288316742306,8b0158f363824c1785621af95d671715,experiment_linear_mchc
1517.713504359498,0.004380282079227701,mchc,URINE,0.8,MLP Regressor,GridSearchCV,1.26254273819534,1.04706643983509,3.2016043541634716,-1.75288316742306,8b0158f363824c1785621af95d671715,experiment_linear_mchc
1519.641984034669,0.004296870324857586,mchc,URINE,0.8,MLP Regressor,GridSearchCV,1.26254273819534,1.04706643983509,3.2016043541634716,-1.75288316742306,8b0158f363824c1785621af95d671715,experiment_linear_mchc
1781.915219857912,0.007159733827025318,mchc,URINE,0.8,MLP Regressor,GridSearchCV,3.4452356907261867,1.6571860024088307,5.059254721220008,-19.499037925572893,8b0158f363824c1785621af95d671715,experiment_linear_mchc
1789.629138558595,0.006078278949354349,mchc,URINE,0.8,MLP Regressor,GridSearchCV,3.4452356907261867,1.6571860024088307,5.059254721220008,-19.499037925572893,8b0158f363824c1785621af95d671715,experiment_linear_mchc
1795.414577584108,0.00598339508454613,mchc,URINE,0.8,MLP Regressor,GridSearchCV,3.4452356907261867,1.6571860024088307,5.059254721220008,-19.499037925572893,8b0158f363824c1785621af95d671715,experiment_linear_mchc
1779.986740182741,0.005701919127387232,mchc,URINE,0.8,MLP Regressor,GridSearchCV,3.4452356907261867,1.6571860024088307,5.059254721220008,-19.499037925572893,8b0158f363824c1785621af95d671715,experiment_linear_mchc
1785.772179208253,0.00539699907507103,mchc,URINE,0.8,MLP Regressor,GridSearchCV,3.4452356907261867,1.6571860024088307,5.059254721220008,-19.499037925572893,8b0158f363824c1785621af95d671715,experiment_linear_mchc
1793.486097908937,0.005209985273372967,mchc,URINE,0.8,MLP Regressor,GridSearchCV,3.4452356907261867,1.6571860024088307,5.059254721220008,-19.499037925572893,8b0158f363824c1785621af95d671715,experiment_linear_mchc
2634.303236283449,0.004784552551955441,mchc,URINE,0.8,MLP Regressor,GridSearchCV,3.4452356907261867,1.6571860024088307,5.059254721220008,-19.499037925572893,8b0158f363824c1785621af95d671715,experiment_linear_mchc
1778.05826050757,0.004727269390581799,mchc,URINE,0.8,MLP Regressor,GridSearchCV,3.4452356907261867,1.6571860024088307,5.059254721220008,-19.499037925572893,8b0158f363824c1785621af95d671715,experiment_linear_mchc
1787.700658883424,0.0047189002254555456,mchc,URINE,0.8,MLP Regressor,GridSearchCV,3.4452356907261867,1.6571860024088307,5.059254721220008,-19.499037925572893,8b0158f363824c1785621af95d671715,experiment_linear_mchc
2615.01843953174,0.0045001945410758255,mchc,URINE,0.8,MLP Regressor,GridSearchCV,3.4452356907261867,1.6571860024088307,5.059254721220008,-19.499037925572893,8b0158f363824c1785621af95d671715,experiment_linear_mchc
1783.843699533082,0.004434012947799889,mchc,URINE,0.8,MLP Regressor,GridSearchCV,3.4452356907261867,1.6571860024088307,5.059254721220008,-19.499037925572893,8b0158f363824c1785621af95d671715,experiment_linear_mchc
2630.446276933108,0.0043967174593721485,mchc,URINE,0.8,MLP Regressor,GridSearchCV,3.4452356907261867,1.6571860024088307,5.059254721220008,-19.499037925572893,8b0158f363824c1785621af95d671715,experiment_linear_mchc
987.3815936875008,0.0043443257122271865,mchc,URINE,0.8,MLP Regressor,GridSearchCV,3.4452356907261867,1.6571860024088307,5.059254721220008,-19.499037925572893,8b0158f363824c1785621af95d671715,experiment_linear_mchc
2649.731073684817,0.0038959122202080836,mchc,URINE,0.8,MLP Regressor,GridSearchCV,3.4452356907261867,1.6571860024088307,5.059254721220008,-19.499037925572893,8b0158f363824c1785621af95d671715,experiment_linear_mchc
1803.128496284791,0.003848006181614451,mchc,URINE,0.8,MLP Regressor,GridSearchCV,3.4452356907261867,1.6571860024088307,5.059254721220008,-19.499037925572893,8b0158f363824c1785621af95d671715,experiment_linear_mchc
2618.875398882082,0.0037808398357062414,mchc,URINE,0.8,MLP Regressor,GridSearchCV,3.4452356907261867,1.6571860024088307,5.059254721220008,-19.499037925572893,8b0158f363824c1785621af95d671715,experiment_linear_mchc
1801.20001660962,0.003666400633713726,mchc,URINE,0.8,MLP Regressor,GridSearchCV,3.4452356907261867,1.6571860024088307,5.059254721220008,-19.499037925572893,8b0158f363824c1785621af95d671715,experiment_linear_mchc
995.0955123881845,0.003645018127894471,mchc,URINE,0.8,MLP Regressor,GridSearchCV,3.4452356907261867,1.6571860024088307,5.059254721220008,-19.499037925572893,8b0158f363824c1785621af95d671715,experiment_linear_mchc
1758.773463755861,0.003609081966797815,mchc,URINE,0.8,MLP Regressor,GridSearchCV,3.4452356907261867,1.6571860024088307,5.059254721220008,-19.499037925572893,8b0158f363824c1785621af95d671715,experiment_linear_mchc
2651.659553359988,0.003599410491693453,mchc,URINE,0.8,MLP Regressor,GridSearchCV,3.4452356907261867,1.6571860024088307,5.059254721220008,-19.499037925572893,8b0158f363824c1785621af95d671715,experiment_linear_mchc
1494.571748257448,0.00652248898817942,mchc,URINE,0.8,MLP Regressor,GridSearchCV,1.2625427381912284,1.047066439832296,3.2016043541549974,-1.75288316740513,8b0158f363824c1785621af95d671715,experiment_linear_mchc
1496.500227932618,0.006496516866793465,mchc,URINE,0.8,MLP Regressor,GridSearchCV,1.2625427381912284,1.047066439832296,3.2016043541549974,-1.75288316740513,8b0158f363824c1785621af95d671715,experiment_linear_mchc
1492.643268582277,0.00648778351502005,mchc,URINE,0.8,MLP Regressor,GridSearchCV,1.2625427381912284,1.047066439832296,3.2016043541549974,-1.75288316740513,8b0158f363824c1785621af95d671715,experiment_linear_mchc
1498.428707607789,0.0064026234251641405,mchc,URINE,0.8,MLP Regressor,GridSearchCV,1.2625427381912284,1.047066439832296,3.2016043541549974,-1.75288316740513,8b0158f363824c1785621af95d671715,experiment_linear_mchc
1490.714788907106,0.006362531657148505,mchc,URINE,0.8,MLP Regressor,GridSearchCV,1.2625427381912284,1.047066439832296,3.2016043541549974,-1.75288316740513,8b0158f363824c1785621af95d671715,experiment_linear_mchc
1500.35718728296,0.006260732876316077,mchc,URINE,0.8,MLP Regressor,GridSearchCV,1.2625427381912284,1.047066439832296,3.2016043541549974,-1.75288316740513,8b0158f363824c1785621af95d671715,experiment_linear_mchc
1488.786309231935,0.0061092802348145184,mchc,URINE,0.8,MLP Regressor,GridSearchCV,1.2625427381912284,1.047066439832296,3.2016043541549974,-1.75288316740513,8b0158f363824c1785621af95d671715,experiment_linear_mchc
1502.285666958131,0.006098238328594012,mchc,URINE,0.8,MLP Regressor,GridSearchCV,1.2625427381912284,1.047066439832296,3.2016043541549974,-1.75288316740513,8b0158f363824c1785621af95d671715,experiment_linear_mchc
1504.214146633302,0.005867882746390739,mchc,URINE,0.8,MLP Regressor,GridSearchCV,1.2625427381912284,1.047066439832296,3.2016043541549974,-1.75288316740513,8b0158f363824c1785621af95d671715,experiment_linear_mchc
1486.857829556764,0.005693956657038347,mchc,URINE,0.8,MLP Regressor,GridSearchCV,1.2625427381912284,1.047066439832296,3.2016043541549974,-1.75288316740513,8b0158f363824c1785621af95d671715,experiment_linear_mchc
1506.142626308473,0.005562360463337122,mchc,URINE,0.8,MLP Regressor,GridSearchCV,1.2625427381912284,1.047066439832296,3.2016043541549974,-1.75288316740513,8b0158f363824c1785621af95d671715,experiment_linear_mchc
1508.071105983644,0.005207966145178157,mchc,URINE,0.8,MLP Regressor,GridSearchCV,1.2625427381912284,1.047066439832296,3.2016043541549974,-1.75288316740513,8b0158f363824c1785621af95d671715,experiment_linear_mchc
1484.929349881593,0.0051037898271698795,mchc,URINE,0.8,MLP Regressor,GridSearchCV,1.2625427381912284,1.047066439832296,3.2016043541549974,-1.75288316740513,8b0158f363824c1785621af95d671715,experiment_linear_mchc
1509.999585658815,0.004862343545114256,mchc,URINE,0.8,MLP Regressor,GridSearchCV,1.2625427381912284,1.047066439832296,3.2016043541549974,-1.75288316740513,8b0158f363824c1785621af95d671715,experiment_linear_mchc
1511.928065333986,0.004658025746571508,mchc,URINE,0.8,MLP Regressor,GridSearchCV,1.2625427381912284,1.047066439832296,3.2016043541549974,-1.75288316740513,8b0158f363824c1785621af95d671715,experiment_linear_mchc
1513.856545009157,0.0045603186012639855,mchc,URINE,0.8,MLP Regressor,GridSearchCV,1.2625427381912284,1.047066439832296,3.2016043541549974,-1.75288316740513,8b0158f363824c1785621af95d671715,experiment_linear_mchc
1515.785024684327,0.004466259344500645,mchc,URINE,0.8,MLP Regressor,GridSearchCV,1.2625427381912284,1.047066439832296,3.2016043541549974,-1.75288316740513,8b0158f363824c1785621af95d671715,experiment_linear_mchc
1483.000870206422,0.004409335439050895,mchc,URINE,0.8,MLP Regressor,GridSearchCV,1.2625427381912284,1.047066439832296,3.2016043541549974,-1.75288316740513,8b0158f363824c1785621af95d671715,experiment_linear_mchc
1517.713504359498,0.0043802820792166524,mchc,URINE,0.8,MLP Regressor,GridSearchCV,1.2625427381912284,1.047066439832296,3.2016043541549974,-1.75288316740513,8b0158f363824c1785621af95d671715,experiment_linear_mchc
1519.641984034669,0.004296870324846698,mchc,URINE,0.8,MLP Regressor,GridSearchCV,1.2625427381912284,1.047066439832296,3.2016043541549974,-1.75288316740513,8b0158f363824c1785621af95d671715,experiment_linear_mchc
1461.787593779542,0.020413126659987877,mchc,URINE,0.8,MLP Regressor,GridSearchCV,0.7619777040509681,0.6500005418615453,1.9803797769749412,-0.0027210480731099107,8b0158f363824c1785621af95d671715,experiment_linear_mchc
1646.921642595948,0.014329104417849355,mchc,URINE,0.8,MLP Regressor,GridSearchCV,0.7619777040509681,0.6500005418615453,1.9803797769749412,-0.0027210480731099107,8b0158f363824c1785621af95d671715,experiment_linear_mchc
1648.85012227112,0.014229642360203264,mchc,URINE,0.8,MLP Regressor,GridSearchCV,0.7619777040509681,0.6500005418615453,1.9803797769749412,-0.0027210480731099107,8b0158f363824c1785621af95d671715,experiment_linear_mchc
1459.859114104371,0.013231764822222018,mchc,URINE,0.8,MLP Regressor,GridSearchCV,0.7619777040509681,0.6500005418615453,1.9803797769749412,-0.0027210480731099107,8b0158f363824c1785621af95d671715,experiment_linear_mchc
1463.716073454713,0.01287620095897223,mchc,URINE,0.8,MLP Regressor,GridSearchCV,0.7619777040509681,0.6500005418615453,1.9803797769749412,-0.0027210480731099107,8b0158f363824c1785621af95d671715,experiment_linear_mchc
1641.136203570436,0.012666142854503156,mchc,URINE,0.8,MLP Regressor,GridSearchCV,0.7619777040509681,0.6500005418615453,1.9803797769749412,-0.0027210480731099107,8b0158f363824c1785621af95d671715,experiment_linear_mchc
1469.501512480226,0.012058648817524152,mchc,URINE,0.8,MLP Regressor,GridSearchCV,0.7619777040509681,0.6500005418615453,1.9803797769749412,-0.0027210480731099107,8b0158f363824c1785621af95d671715,experiment_linear_mchc
1467.573032805055,0.010981385302469972,mchc,URINE,0.8,MLP Regressor,GridSearchCV,0.7619777040509681,0.6500005418615453,1.9803797769749412,-0.0027210480731099107,8b0158f363824c1785621af95d671715,experiment_linear_mchc
1650.77860194629,0.010254065599586793,mchc,URINE,0.8,MLP Regressor,GridSearchCV,0.7619777040509681,0.6500005418615453,1.9803797769749412,-0.0027210480731099107,8b0158f363824c1785621af95d671715,experiment_linear_mchc
1159.016284777711,0.008928806655949275,mchc,URINE,0.8,MLP Regressor,GridSearchCV,0.7619777040509681,0.6500005418615453,1.9803797769749412,-0.0027210480731099107,8b0158f363824c1785621af95d671715,experiment_linear_mchc
1631.493805194581,0.00879781897570432,mchc,URINE,0.8,MLP Regressor,GridSearchCV,0.7619777040509681,0.6500005418615453,1.9803797769749412,-0.0027210480731099107,8b0158f363824c1785621af95d671715,experiment_linear_mchc
1660.421000322145,0.008466201989110257,mchc,URINE,0.8,MLP Regressor,GridSearchCV,0.7619777040509681,0.6500005418615453,1.9803797769749412,-0.0027210480731099107,8b0158f363824c1785621af95d671715,experiment_linear_mchc
1644.993162920778,0.008419398006553993,mchc,URINE,0.8,MLP Regressor,GridSearchCV,0.7619777040509681,0.6500005418615453,1.9803797769749412,-0.0027210480731099107,8b0158f363824c1785621af95d671715,experiment_linear_mchc
1479.14391085608,0.008295947365296045,mchc,URINE,0.8,MLP Regressor,GridSearchCV,0.7619777040509681,0.6500005418615453,1.9803797769749412,-0.0027210480731099107,8b0158f363824c1785621af95d671715,experiment_linear_mchc
1654.635561296632,0.008100752786970769,mchc,URINE,0.8,MLP Regressor,GridSearchCV,0.7619777040509681,0.6500005418615453,1.9803797769749412,-0.0027210480731099107,8b0158f363824c1785621af95d671715,experiment_linear_mchc
1637.279244220094,0.008074567587602544,mchc,URINE,0.8,MLP Regressor,GridSearchCV,0.7619777040509681,0.6500005418615453,1.9803797769749412,-0.0027210480731099107,8b0158f363824c1785621af95d671715,experiment_linear_mchc
1625.708366169069,0.007947968824534283,mchc,URINE,0.8,MLP Regressor,GridSearchCV,0.7619777040509681,0.6500005418615453,1.9803797769749412,-0.0027210480731099107,8b0158f363824c1785621af95d671715,experiment_linear_mchc
1473.358471830568,0.00794196276618847,mchc,URINE,0.8,MLP Regressor,GridSearchCV,0.7619777040509681,0.6500005418615453,1.9803797769749412,-0.0027210480731099107,8b0158f363824c1785621af95d671715,experiment_linear_mchc
1629.56532551941,0.007778325003518702,mchc,URINE,0.8,MLP Regressor,GridSearchCV,0.7619777040509681,0.6500005418615453,1.9803797769749412,-0.0027210480731099107,8b0158f363824c1785621af95d671715,experiment_linear_mchc
1639.207723895265,0.007713655746146281,mchc,URINE,0.8,MLP Regressor,GridSearchCV,0.7619777040509681,0.6500005418615453,1.9803797769749412,-0.0027210480731099107,8b0158f363824c1785621af95d671715,experiment_linear_mchc
1602.566610067018,0.009372053911442723,mchc,CAPILAR,0.8,Random Forest Regressor,GridSearchCV,0.8881121816308206,0.6866235512820514,2.090583743355484,-0.43156995004077814,8b0158f363824c1785621af95d671715,experiment_linear_mchc
1641.136203570436,0.008914104074335046,mchc,CAPILAR,0.8,Random Forest Regressor,GridSearchCV,0.8881121816308206,0.6866235512820514,2.090583743355484,-0.43156995004077814,8b0158f363824c1785621af95d671715,experiment_linear_mchc
1045.235983942628,0.00874600834396666,mchc,CAPILAR,0.8,Random Forest Regressor,GridSearchCV,0.8881121816308206,0.6866235512820514,2.090583743355484,-0.43156995004077814,8b0158f363824c1785621af95d671715,experiment_linear_mchc
1043.307504267457,0.008576782116150875,mchc,CAPILAR,0.8,Random Forest Regressor,GridSearchCV,0.8881121816308206,0.6866235512820514,2.090583743355484,-0.43156995004077814,8b0158f363824c1785621af95d671715,experiment_linear_mchc
1047.164463617799,0.008479093371704905,mchc,CAPILAR,0.8,Random Forest Regressor,GridSearchCV,0.8881121816308206,0.6866235512820514,2.090583743355484,-0.43156995004077814,8b0158f363824c1785621af95d671715,experiment_linear_mchc
1041.379024592286,0.00810369896228167,mchc,CAPILAR,0.8,Random Forest Regressor,GridSearchCV,0.8881121816308206,0.6866235512820514,2.090583743355484,-0.43156995004077814,8b0158f363824c1785621af95d671715,experiment_linear_mchc
1049.092943292969,0.008023780863806368,mchc,CAPILAR,0.8,Random Forest Regressor,GridSearchCV,0.8881121816308206,0.6866235512820514,2.090583743355484,-0.43156995004077814,8b0158f363824c1785621af95d671715,experiment_linear_mchc
1639.207723895265,0.007967186280741084,mchc,CAPILAR,0.8,Random Forest Regressor,GridSearchCV,0.8881121816308206,0.6866235512820514,2.090583743355484,-0.43156995004077814,8b0158f363824c1785621af95d671715,experiment_linear_mchc
1051.021422968141,0.007512372195835286,mchc,CAPILAR,0.8,Random Forest Regressor,GridSearchCV,0.8881121816308206,0.6866235512820514,2.090583743355484,-0.43156995004077814,8b0158f363824c1785621af95d671715,experiment_linear_mchc
1643.064683245607,0.007288437236689092,mchc,CAPILAR,0.8,Random Forest Regressor,GridSearchCV,0.8881121816308206,0.6866235512820514,2.090583743355484,-0.43156995004077814,8b0158f363824c1785621af95d671715,experiment_linear_mchc
1039.450544917115,0.007016110934425858,mchc,CAPILAR,0.8,Random Forest Regressor,GridSearchCV,0.8881121816308206,0.6866235512820514,2.090583743355484,-0.43156995004077814,8b0158f363824c1785621af95d671715,experiment_linear_mchc
1172.515642503907,0.006842794236000348,mchc,CAPILAR,0.8,Random Forest Regressor,GridSearchCV,0.8881121816308206,0.6866235512820514,2.090583743355484,-0.43156995004077814,8b0158f363824c1785621af95d671715,experiment_linear_mchc
1068.377740044679,0.006732323949521308,mchc,CAPILAR,0.8,Random Forest Regressor,GridSearchCV,0.8881121816308206,0.6866235512820514,2.090583743355484,-0.43156995004077814,8b0158f363824c1785621af95d671715,experiment_linear_mchc
1174.444122179078,0.006695352477458298,mchc,CAPILAR,0.8,Random Forest Regressor,GridSearchCV,0.8881121816308206,0.6866235512820514,2.090583743355484,-0.43156995004077814,8b0158f363824c1785621af95d671715,experiment_linear_mchc
1070.306219719849,0.00656399568680746,mchc,CAPILAR,0.8,Random Forest Regressor,GridSearchCV,0.8881121816308206,0.6866235512820514,2.090583743355484,-0.43156995004077814,8b0158f363824c1785621af95d671715,experiment_linear_mchc
1637.279244220094,0.006469305829630454,mchc,CAPILAR,0.8,Random Forest Regressor,GridSearchCV,0.8881121816308206,0.6866235512820514,2.090583743355484,-0.43156995004077814,8b0158f363824c1785621af95d671715,experiment_linear_mchc
1170.587162828736,0.0062281477986138156,mchc,CAPILAR,0.8,Random Forest Regressor,GridSearchCV,0.8881121816308206,0.6866235512820514,2.090583743355484,-0.43156995004077814,8b0158f363824c1785621af95d671715,experiment_linear_mchc
1052.949902643312,0.006212846183685189,mchc,CAPILAR,0.8,Random Forest Regressor,GridSearchCV,0.8881121816308206,0.6866235512820514,2.090583743355484,-0.43156995004077814,8b0158f363824c1785621af95d671715,experiment_linear_mchc
1604.495089742189,0.0061316401349284805,mchc,CAPILAR,0.8,Random Forest Regressor,GridSearchCV,0.8881121816308206,0.6866235512820514,2.090583743355484,-0.43156995004077814,8b0158f363824c1785621af95d671715,experiment_linear_mchc
1176.372601854249,0.0058805920778748815,mchc,CAPILAR,0.8,Random Forest Regressor,GridSearchCV,0.8881121816308206,0.6866235512820514,2.090583743355484,-0.43156995004077814,8b0158f363824c1785621af95d671715,experiment_linear_mchc
1643.064683245607,0.017135809723361706,mchc,CAPILAR,0.8,Random Forest Regressor,GridSearchCV,0.8385456469631801,0.6850893205128171,2.0876556216513387,-0.27623407836654,8b0158f363824c1785621af95d671715,experiment_linear_mchc
1639.207723895265,0.016483819939370065,mchc,CAPILAR,0.8,Random Forest Regressor,GridSearchCV,0.8385456469631801,0.6850893205128171,2.0876556216513387,-0.27623407836654,8b0158f363824c1785621af95d671715,experiment_linear_mchc
1182.158040879762,0.015879965289788585,mchc,CAPILAR,0.8,Random Forest Regressor,GridSearchCV,0.8385456469631801,0.6850893205128171,2.0876556216513387,-0.27623407836654,8b0158f363824c1785621af95d671715,experiment_linear_mchc
1644.993162920778,0.011539643707464915,mchc,CAPILAR,0.8,Random Forest Regressor,GridSearchCV,0.8385456469631801,0.6850893205128171,2.0876556216513387,-0.27623407836654,8b0158f363824c1785621af95d671715,experiment_linear_mchc
1178.30108152942,0.011070100823291254,mchc,CAPILAR,0.8,Random Forest Regressor,GridSearchCV,0.8385456469631801,0.6850893205128171,2.0876556216513387,-0.27623407836654,8b0158f363824c1785621af95d671715,experiment_linear_mchc
1187.943479905274,0.009717603793996703,mchc,CAPILAR,0.8,Random Forest Regressor,GridSearchCV,0.8385456469631801,0.6850893205128171,2.0876556216513387,-0.27623407836654,8b0158f363824c1785621af95d671715,experiment_linear_mchc
1752.988024730348,0.008629554716606067,mchc,CAPILAR,0.8,Random Forest Regressor,GridSearchCV,0.8385456469631801,0.6850893205128171,2.0876556216513387,-0.27623407836654,8b0158f363824c1785621af95d671715,experiment_linear_mchc
977.7391953116462,0.007354330248557238,mchc,CAPILAR,0.8,Random Forest Regressor,GridSearchCV,0.8385456469631801,0.6850893205128171,2.0876556216513387,-0.27623407836654,8b0158f363824c1785621af95d671715,experiment_linear_mchc
944.9550408337414,0.007210950769750899,mchc,CAPILAR,0.8,Random Forest Regressor,GridSearchCV,0.8385456469631801,0.6850893205128171,2.0876556216513387,-0.27623407836654,8b0158f363824c1785621af95d671715,experiment_linear_mchc
1054.878382318482,0.006723687024841638,mchc,CAPILAR,0.8,Random Forest Regressor,GridSearchCV,0.8385456469631801,0.6850893205128171,2.0876556216513387,-0.27623407836654,8b0158f363824c1785621af95d671715,experiment_linear_mchc
1135.87452867566,0.006387003582925148,mchc,CAPILAR,0.8,Random Forest Regressor,GridSearchCV,0.8385456469631801,0.6850893205128171,2.0876556216513387,-0.27623407836654,8b0158f363824c1785621af95d671715,experiment_linear_mchc
1137.803008350831,0.0061585807383763465,mchc,CAPILAR,0.8,Random Forest Regressor,GridSearchCV,0.8385456469631801,0.6850893205128171,2.0876556216513387,-0.27623407836654,8b0158f363824c1785621af95d671715,experiment_linear_mchc
2921.646707883913,0.006047414210907265,mchc,CAPILAR,0.8,Random Forest Regressor,GridSearchCV,0.8385456469631801,0.6850893205128171,2.0876556216513387,-0.27623407836654,8b0158f363824c1785621af95d671715,experiment_linear_mchc
2755.797455819216,0.00597616687939821,mchc,CAPILAR,0.8,Random Forest Regressor,GridSearchCV,0.8385456469631801,0.6850893205128171,2.0876556216513387,-0.27623407836654,8b0158f363824c1785621af95d671715,experiment_linear_mchc
1745.274106029664,0.005912904054181231,mchc,CAPILAR,0.8,Random Forest Regressor,GridSearchCV,0.8385456469631801,0.6850893205128171,2.0876556216513387,-0.27623407836654,8b0158f363824c1785621af95d671715,experiment_linear_mchc
1635.350764544923,0.005901412337228359,mchc,CAPILAR,0.8,Random Forest Regressor,GridSearchCV,0.8385456469631801,0.6850893205128171,2.0876556216513387,-0.27623407836654,8b0158f363824c1785621af95d671715,experiment_linear_mchc
1133.946049000489,0.0057301329769152655,mchc,CAPILAR,0.8,Random Forest Regressor,GridSearchCV,0.8385456469631801,0.6850893205128171,2.0876556216513387,-0.27623407836654,8b0158f363824c1785621af95d671715,experiment_linear_mchc
1648.85012227112,0.005648810155627618,mchc,CAPILAR,0.8,Random Forest Regressor,GridSearchCV,0.8385456469631801,0.6850893205128171,2.0876556216513387,-0.27623407836654,8b0158f363824c1785621af95d671715,experiment_linear_mchc
1646.921642595948,0.0055109648579666805,mchc,CAPILAR,0.8,Random Forest Regressor,GridSearchCV,0.8385456469631801,0.6850893205128171,2.0876556216513387,-0.27623407836654,8b0158f363824c1785621af95d671715,experiment_linear_mchc
2732.655699717165,0.005496590393230959,mchc,CAPILAR,0.8,Random Forest Regressor,GridSearchCV,0.8385456469631801,0.6850893205128171,2.0876556216513387,-0.27623407836654,8b0158f363824c1785621af95d671715,experiment_linear_mchc
1602.566610067018,0.00937205391144272,mchc,CAPILAR,0.8,Random Forest Regressor,GridSearchCV,0.8881121816308206,0.6866235512820514,2.090583743355484,-0.43156995004077814,8b0158f363824c1785621af95d671715,experiment_linear_mchc
1641.136203570436,0.008914104074335039,mchc,CAPILAR,0.8,Random Forest Regressor,GridSearchCV,0.8881121816308206,0.6866235512820514,2.090583743355484,-0.43156995004077814,8b0158f363824c1785621af95d671715,experiment_linear_mchc
1045.235983942628,0.008746008343966657,mchc,CAPILAR,0.8,Random Forest Regressor,GridSearchCV,0.8881121816308206,0.6866235512820514,2.090583743355484,-0.43156995004077814,8b0158f363824c1785621af95d671715,experiment_linear_mchc
1043.307504267457,0.008576782116150875,mchc,CAPILAR,0.8,Random Forest Regressor,GridSearchCV,0.8881121816308206,0.6866235512820514,2.090583743355484,-0.43156995004077814,8b0158f363824c1785621af95d671715,experiment_linear_mchc
1047.164463617799,0.008479093371704905,mchc,CAPILAR,0.8,Random Forest Regressor,GridSearchCV,0.8881121816308206,0.6866235512820514,2.090583743355484,-0.43156995004077814,8b0158f363824c1785621af95d671715,experiment_linear_mchc
1041.379024592286,0.00810369896228167,mchc,CAPILAR,0.8,Random Forest Regressor,GridSearchCV,0.8881121816308206,0.6866235512820514,2.090583743355484,-0.43156995004077814,8b0158f363824c1785621af95d671715,experiment_linear_mchc
1049.092943292969,0.00802378086380637,mchc,CAPILAR,0.8,Random Forest Regressor,GridSearchCV,0.8881121816308206,0.6866235512820514,2.090583743355484,-0.43156995004077814,8b0158f363824c1785621af95d671715,experiment_linear_mchc
1639.207723895265,0.007967186280741079,mchc,CAPILAR,0.8,Random Forest Regressor,GridSearchCV,0.8881121816308206,0.6866235512820514,2.090583743355484,-0.43156995004077814,8b0158f363824c1785621af95d671715,experiment_linear_mchc
1051.021422968141,0.007512372195835287,mchc,CAPILAR,0.8,Random Forest Regressor,GridSearchCV,0.8881121816308206,0.6866235512820514,2.090583743355484,-0.43156995004077814,8b0158f363824c1785621af95d671715,experiment_linear_mchc
1643.064683245607,0.007288437236689095,mchc,CAPILAR,0.8,Random Forest Regressor,GridSearchCV,0.8881121816308206,0.6866235512820514,2.090583743355484,-0.43156995004077814,8b0158f363824c1785621af95d671715,experiment_linear_mchc
1039.450544917115,0.007016110934425859,mchc,CAPILAR,0.8,Random Forest Regressor,GridSearchCV,0.8881121816308206,0.6866235512820514,2.090583743355484,-0.43156995004077814,8b0158f363824c1785621af95d671715,experiment_linear_mchc
1172.515642503907,0.006842794236000348,mchc,CAPILAR,0.8,Random Forest Regressor,GridSearchCV,0.8881121816308206,0.6866235512820514,2.090583743355484,-0.43156995004077814,8b0158f363824c1785621af95d671715,experiment_linear_mchc
1068.377740044679,0.006732323949521309,mchc,CAPILAR,0.8,Random Forest Regressor,GridSearchCV,0.8881121816308206,0.6866235512820514,2.090583743355484,-0.43156995004077814,8b0158f363824c1785621af95d671715,experiment_linear_mchc
1174.444122179078,0.006695352477458291,mchc,CAPILAR,0.8,Random Forest Regressor,GridSearchCV,0.8881121816308206,0.6866235512820514,2.090583743355484,-0.43156995004077814,8b0158f363824c1785621af95d671715,experiment_linear_mchc
1070.306219719849,0.00656399568680746,mchc,CAPILAR,0.8,Random Forest Regressor,GridSearchCV,0.8881121816308206,0.6866235512820514,2.090583743355484,-0.43156995004077814,8b0158f363824c1785621af95d671715,experiment_linear_mchc
1637.279244220094,0.006469305829630446,mchc,CAPILAR,0.8,Random Forest Regressor,GridSearchCV,0.8881121816308206,0.6866235512820514,2.090583743355484,-0.43156995004077814,8b0158f363824c1785621af95d671715,experiment_linear_mchc
1170.587162828736,0.0062281477986138156,mchc,CAPILAR,0.8,Random Forest Regressor,GridSearchCV,0.8881121816308206,0.6866235512820514,2.090583743355484,-0.43156995004077814,8b0158f363824c1785621af95d671715,experiment_linear_mchc
1052.949902643312,0.006212846183685185,mchc,CAPILAR,0.8,Random Forest Regressor,GridSearchCV,0.8881121816308206,0.6866235512820514,2.090583743355484,-0.43156995004077814,8b0158f363824c1785621af95d671715,experiment_linear_mchc
1604.495089742189,0.006131640134928484,mchc,CAPILAR,0.8,Random Forest Regressor,GridSearchCV,0.8881121816308206,0.6866235512820514,2.090583743355484,-0.43156995004077814,8b0158f363824c1785621af95d671715,experiment_linear_mchc
1176.372601854249,0.005880592077874881,mchc,CAPILAR,0.8,Random Forest Regressor,GridSearchCV,0.8881121816308206,0.6866235512820514,2.090583743355484,-0.43156995004077814,8b0158f363824c1785621af95d671715,experiment_linear_mchc
1643.064683245607,0.017135809723361706,mchc,CAPILAR,0.8,Random Forest Regressor,GridSearchCV,0.8385456469631801,0.6850893205128171,2.0876556216513387,-0.27623407836654,8b0158f363824c1785621af95d671715,experiment_linear_mchc
1639.207723895265,0.016483819939370065,mchc,CAPILAR,0.8,Random Forest Regressor,GridSearchCV,0.8385456469631801,0.6850893205128171,2.0876556216513387,-0.27623407836654,8b0158f363824c1785621af95d671715,experiment_linear_mchc
1182.158040879762,0.015879965289788585,mchc,CAPILAR,0.8,Random Forest Regressor,GridSearchCV,0.8385456469631801,0.6850893205128171,2.0876556216513387,-0.27623407836654,8b0158f363824c1785621af95d671715,experiment_linear_mchc
1644.993162920778,0.011539643707464915,mchc,CAPILAR,0.8,Random Forest Regressor,GridSearchCV,0.8385456469631801,0.6850893205128171,2.0876556216513387,-0.27623407836654,8b0158f363824c1785621af95d671715,experiment_linear_mchc
1178.30108152942,0.011070100823291254,mchc,CAPILAR,0.8,Random Forest Regressor,GridSearchCV,0.8385456469631801,0.6850893205128171,2.0876556216513387,-0.27623407836654,8b0158f363824c1785621af95d671715,experiment_linear_mchc
1187.943479905274,0.009717603793996703,mchc,CAPILAR,0.8,Random Forest Regressor,GridSearchCV,0.8385456469631801,0.6850893205128171,2.0876556216513387,-0.27623407836654,8b0158f363824c1785621af95d671715,experiment_linear_mchc
1752.988024730348,0.008629554716606067,mchc,CAPILAR,0.8,Random Forest Regressor,GridSearchCV,0.8385456469631801,0.6850893205128171,2.0876556216513387,-0.27623407836654,8b0158f363824c1785621af95d671715,experiment_linear_mchc
977.7391953116462,0.007354330248557238,mchc,CAPILAR,0.8,Random Forest Regressor,GridSearchCV,0.8385456469631801,0.6850893205128171,2.0876556216513387,-0.27623407836654,8b0158f363824c1785621af95d671715,experiment_linear_mchc
944.9550408337414,0.007210950769750899,mchc,CAPILAR,0.8,Random Forest Regressor,GridSearchCV,0.8385456469631801,0.6850893205128171,2.0876556216513387,-0.27623407836654,8b0158f363824c1785621af95d671715,experiment_linear_mchc
1054.878382318482,0.006723687024841638,mchc,CAPILAR,0.8,Random Forest Regressor,GridSearchCV,0.8385456469631801,0.6850893205128171,2.0876556216513387,-0.27623407836654,8b0158f363824c1785621af95d671715,experiment_linear_mchc
1135.87452867566,0.006387003582925148,mchc,CAPILAR,0.8,Random Forest Regressor,GridSearchCV,0.8385456469631801,0.6850893205128171,2.0876556216513387,-0.27623407836654,8b0158f363824c1785621af95d671715,experiment_linear_mchc
1137.803008350831,0.0061585807383763465,mchc,CAPILAR,0.8,Random Forest Regressor,GridSearchCV,0.8385456469631801,0.6850893205128171,2.0876556216513387,-0.27623407836654,8b0158f363824c1785621af95d671715,experiment_linear_mchc
2921.646707883913,0.006047414210907265,mchc,CAPILAR,0.8,Random Forest Regressor,GridSearchCV,0.8385456469631801,0.6850893205128171,2.0876556216513387,-0.27623407836654,8b0158f363824c1785621af95d671715,experiment_linear_mchc
2755.797455819216,0.00597616687939821,mchc,CAPILAR,0.8,Random Forest Regressor,GridSearchCV,0.8385456469631801,0.6850893205128171,2.0876556216513387,-0.27623407836654,8b0158f363824c1785621af95d671715,experiment_linear_mchc
1745.274106029664,0.005912904054181231,mchc,CAPILAR,0.8,Random Forest Regressor,GridSearchCV,0.8385456469631801,0.6850893205128171,2.0876556216513387,-0.27623407836654,8b0158f363824c1785621af95d671715,experiment_linear_mchc
1635.350764544923,0.005901412337228359,mchc,CAPILAR,0.8,Random Forest Regressor,GridSearchCV,0.8385456469631801,0.6850893205128171,2.0876556216513387,-0.27623407836654,8b0158f363824c1785621af95d671715,experiment_linear_mchc
1133.946049000489,0.0057301329769152655,mchc,CAPILAR,0.8,Random Forest Regressor,GridSearchCV,0.8385456469631801,0.6850893205128171,2.0876556216513387,-0.27623407836654,8b0158f363824c1785621af95d671715,experiment_linear_mchc
1648.85012227112,0.005648810155627618,mchc,CAPILAR,0.8,Random Forest Regressor,GridSearchCV,0.8385456469631801,0.6850893205128171,2.0876556216513387,-0.27623407836654,8b0158f363824c1785621af95d671715,experiment_linear_mchc
1646.921642595948,0.0055109648579666805,mchc,CAPILAR,0.8,Random Forest Regressor,GridSearchCV,0.8385456469631801,0.6850893205128171,2.0876556216513387,-0.27623407836654,8b0158f363824c1785621af95d671715,experiment_linear_mchc
2732.655699717165,0.005496590393230959,mchc,CAPILAR,0.8,Random Forest Regressor,GridSearchCV,0.8385456469631801,0.6850893205128171,2.0876556216513387,-0.27623407836654,8b0158f363824c1785621af95d671715,experiment_linear_mchc
1118.518211599122,0.007510834465520883,mchc,PLASMA,0.8,Random Forest Regressor,GridSearchCV,3.096238463273726,0.9566001211151536,5.025456336639624,-0.04475648570697799,8b0158f363824c1785621af95d671715,experiment_linear_mchc
1120.446691274293,0.007438963908804821,mchc,PLASMA,0.8,Random Forest Regressor,GridSearchCV,3.096238463273726,0.9566001211151536,5.025456336639624,-0.04475648570697799,8b0158f363824c1785621af95d671715,experiment_linear_mchc
1116.589731923951,0.007130907962412277,mchc,PLASMA,0.8,Random Forest Regressor,GridSearchCV,3.096238463273726,0.9566001211151536,5.025456336639624,-0.04475648570697799,8b0158f363824c1785621af95d671715,experiment_linear_mchc
1122.375170949464,0.0071178073401418265,mchc,PLASMA,0.8,Random Forest Regressor,GridSearchCV,3.096238463273726,0.9566001211151536,5.025456336639624,-0.04475648570697799,8b0158f363824c1785621af95d671715,experiment_linear_mchc
1124.303650624635,0.006860114905837702,mchc,PLASMA,0.8,Random Forest Regressor,GridSearchCV,3.096238463273726,0.9566001211151536,5.025456336639624,-0.04475648570697799,8b0158f363824c1785621af95d671715,experiment_linear_mchc
1130.089089650148,0.006847555912094501,mchc,PLASMA,0.8,Random Forest Regressor,GridSearchCV,3.096238463273726,0.9566001211151536,5.025456336639624,-0.04475648570697799,8b0158f363824c1785621af95d671715,experiment_linear_mchc
1128.160609974977,0.0067865988985804674,mchc,PLASMA,0.8,Random Forest Regressor,GridSearchCV,3.096238463273726,0.9566001211151536,5.025456336639624,-0.04475648570697799,8b0158f363824c1785621af95d671715,experiment_linear_mchc
1126.232130299806,0.0067488817593625815,mchc,PLASMA,0.8,Random Forest Regressor,GridSearchCV,3.096238463273726,0.9566001211151536,5.025456336639624,-0.04475648570697799,8b0158f363824c1785621af95d671715,experiment_linear_mchc
1132.017569325318,0.00664299937182974,mchc,PLASMA,0.8,Random Forest Regressor,GridSearchCV,3.096238463273726,0.9566001211151536,5.025456336639624,-0.04475648570697799,8b0158f363824c1785621af95d671715,experiment_linear_mchc
1114.66125224878,0.006499850721160526,mchc,PLASMA,0.8,Random Forest Regressor,GridSearchCV,3.096238463273726,0.9566001211151536,5.025456336639624,-0.04475648570697799,8b0158f363824c1785621af95d671715,experiment_linear_mchc
1133.946049000489,0.006075084388138779,mchc,PLASMA,0.8,Random Forest Regressor,GridSearchCV,3.096238463273726,0.9566001211151536,5.025456336639624,-0.04475648570697799,8b0158f363824c1785621af95d671715,experiment_linear_mchc
1112.732772573609,0.005728056222442293,mchc,PLASMA,0.8,Random Forest Regressor,GridSearchCV,3.096238463273726,0.9566001211151536,5.025456336639624,-0.04475648570697799,8b0158f363824c1785621af95d671715,experiment_linear_mchc
1646.921642595948,0.005383524045106761,mchc,PLASMA,0.8,Random Forest Regressor,GridSearchCV,3.096238463273726,0.9566001211151536,5.025456336639624,-0.04475648570697799,8b0158f363824c1785621af95d671715,experiment_linear_mchc
1644.993162920778,0.005291773937960343,mchc,PLASMA,0.8,Random Forest Regressor,GridSearchCV,3.096238463273726,0.9566001211151536,5.025456336639624,-0.04475648570697799,8b0158f363824c1785621af95d671715,experiment_linear_mchc
1135.87452867566,0.005230652889361293,mchc,PLASMA,0.8,Random Forest Regressor,GridSearchCV,3.096238463273726,0.9566001211151536,5.025456336639624,-0.04475648570697799,8b0158f363824c1785621af95d671715,experiment_linear_mchc
1110.804292898438,0.004839013764703831,mchc,PLASMA,0.8,Random Forest Regressor,GridSearchCV,3.096238463273726,0.9566001211151536,5.025456336639624,-0.04475648570697799,8b0158f363824c1785621af95d671715,experiment_linear_mchc
1558.211577538087,0.004713160732100238,mchc,PLASMA,0.8,Random Forest Regressor,GridSearchCV,3.096238463273726,0.9566001211151536,5.025456336639624,-0.04475648570697799,8b0158f363824c1785621af95d671715,experiment_linear_mchc
1560.140057213258,0.00450564227685974,mchc,PLASMA,0.8,Random Forest Regressor,GridSearchCV,3.096238463273726,0.9566001211151536,5.025456336639624,-0.04475648570697799,8b0158f363824c1785621af95d671715,experiment_linear_mchc
1562.068536888429,0.004469209696119374,mchc,PLASMA,0.8,Random Forest Regressor,GridSearchCV,3.096238463273726,0.9566001211151536,5.025456336639624,-0.04475648570697799,8b0158f363824c1785621af95d671715,experiment_linear_mchc
1556.283097862916,0.004406037658129692,mchc,PLASMA,0.8,Random Forest Regressor,GridSearchCV,3.096238463273726,0.9566001211151536,5.025456336639624,-0.04475648570697799,8b0158f363824c1785621af95d671715,experiment_linear_mchc
1126.232130299806,0.007508764952381821,mchc,PLASMA,0.8,Random Forest Regressor,GridSearchCV,3.1202610322052102,0.9730017619047605,5.089535358055105,-0.06103113445465058,8b0158f363824c1785621af95d671715,experiment_linear_mchc
1122.375170949464,0.0069888413657096075,mchc,PLASMA,0.8,Random Forest Regressor,GridSearchCV,3.1202610322052102,0.9730017619047605,5.089535358055105,-0.06103113445465058,8b0158f363824c1785621af95d671715,experiment_linear_mchc
2674.801309462038,0.005549107299808338,mchc,PLASMA,0.8,Random Forest Regressor,GridSearchCV,3.1202610322052102,0.9730017619047605,5.089535358055105,-0.06103113445465058,8b0158f363824c1785621af95d671715,experiment_linear_mchc
1124.303650624635,0.004958518534020713,mchc,PLASMA,0.8,Random Forest Regressor,GridSearchCV,3.1202610322052102,0.9730017619047605,5.089535358055105,-0.06103113445465058,8b0158f363824c1785621af95d671715,experiment_linear_mchc
2699.87154523926,0.004879238734969911,mchc,PLASMA,0.8,Random Forest Regressor,GridSearchCV,3.1202610322052102,0.9730017619047605,5.089535358055105,-0.06103113445465058,8b0158f363824c1785621af95d671715,experiment_linear_mchc
1517.713504359498,0.004553270902162725,mchc,PLASMA,0.8,Random Forest Regressor,GridSearchCV,3.1202610322052102,0.9730017619047605,5.089535358055105,-0.06103113445465058,8b0158f363824c1785621af95d671715,experiment_linear_mchc
1365.363610020997,0.004309658968017561,mchc,PLASMA,0.8,Random Forest Regressor,GridSearchCV,3.1202610322052102,0.9730017619047605,5.089535358055105,-0.06103113445465058,8b0158f363824c1785621af95d671715,experiment_linear_mchc
2572.59188667798,0.004221912558840501,mchc,PLASMA,0.8,Random Forest Regressor,GridSearchCV,3.1202610322052102,0.9730017619047605,5.089535358055105,-0.06103113445465058,8b0158f363824c1785621af95d671715,experiment_linear_mchc
1504.214146633302,0.0038266623310369337,mchc,PLASMA,0.8,Random Forest Regressor,GridSearchCV,3.1202610322052102,0.9730017619047605,5.089535358055105,-0.06103113445465058,8b0158f363824c1785621af95d671715,experiment_linear_mchc
1039.450544917115,0.0038147284910867124,mchc,PLASMA,0.8,Random Forest Regressor,GridSearchCV,3.1202610322052102,0.9730017619047605,5.089535358055105,-0.06103113445465058,8b0158f363824c1785621af95d671715,experiment_linear_mchc
1716.346910902101,0.0037189413520663604,mchc,PLASMA,0.8,Random Forest Regressor,GridSearchCV,3.1202610322052102,0.9730017619047605,5.089535358055105,-0.06103113445465058,8b0158f363824c1785621af95d671715,experiment_linear_mchc
3039.283968069338,0.003706465224784778,mchc,PLASMA,0.8,Random Forest Regressor,GridSearchCV,3.1202610322052102,0.9730017619047605,5.089535358055105,-0.06103113445465058,8b0158f363824c1785621af95d671715,experiment_linear_mchc
1837.841130437868,0.0036820571743993863,mchc,PLASMA,0.8,Random Forest Regressor,GridSearchCV,3.1202610322052102,0.9730017619047605,5.089535358055105,-0.06103113445465058,8b0158f363824c1785621af95d671715,experiment_linear_mchc
971.9537562861337,0.0036719917714040664,mchc,PLASMA,0.8,Random Forest Regressor,GridSearchCV,3.1202610322052102,0.9730017619047605,5.089535358055105,-0.06103113445465058,8b0158f363824c1785621af95d671715,experiment_linear_mchc
2728.798740366823,0.0035990195285984217,mchc,PLASMA,0.8,Random Forest Regressor,GridSearchCV,3.1202610322052102,0.9730017619047605,5.089535358055105,-0.06103113445465058,8b0158f363824c1785621af95d671715,experiment_linear_mchc
1162.873244128053,0.003595575224522947,mchc,PLASMA,0.8,Random Forest Regressor,GridSearchCV,3.1202610322052102,0.9730017619047605,5.089535358055105,-0.06103113445465058,8b0158f363824c1785621af95d671715,experiment_linear_mchc
929.5272034323739,0.003593244978051217,mchc,PLASMA,0.8,Random Forest Regressor,GridSearchCV,3.1202610322052102,0.9730017619047605,5.089535358055105,-0.06103113445465058,8b0158f363824c1785621af95d671715,experiment_linear_mchc
2713.370902965456,0.003591853086804352,mchc,PLASMA,0.8,Random Forest Regressor,GridSearchCV,3.1202610322052102,0.9730017619047605,5.089535358055105,-0.06103113445465058,8b0158f363824c1785621af95d671715,experiment_linear_mchc
1130.089089650148,0.0035697591098230847,mchc,PLASMA,0.8,Random Forest Regressor,GridSearchCV,3.1202610322052102,0.9730017619047605,5.089535358055105,-0.06103113445465058,8b0158f363824c1785621af95d671715,experiment_linear_mchc
1321.008577492067,0.003552417985850447,mchc,PLASMA,0.8,Random Forest Regressor,GridSearchCV,3.1202610322052102,0.9730017619047605,5.089535358055105,-0.06103113445465058,8b0158f363824c1785621af95d671715,experiment_linear_mchc
1118.518211599122,0.007510834465520885,mchc,PLASMA,0.8,Random Forest Regressor,GridSearchCV,3.096238463273726,0.9566001211151536,5.025456336639624,-0.04475648570697799,8b0158f363824c1785621af95d671715,experiment_linear_mchc
1120.446691274293,0.007438963908804826,mchc,PLASMA,0.8,Random Forest Regressor,GridSearchCV,3.096238463273726,0.9566001211151536,5.025456336639624,-0.04475648570697799,8b0158f363824c1785621af95d671715,experiment_linear_mchc
1116.589731923951,0.007130907962412283,mchc,PLASMA,0.8,Random Forest Regressor,GridSearchCV,3.096238463273726,0.9566001211151536,5.025456336639624,-0.04475648570697799,8b0158f363824c1785621af95d671715,experiment_linear_mchc
1122.375170949464,0.0071178073401418325,mchc,PLASMA,0.8,Random Forest Regressor,GridSearchCV,3.096238463273726,0.9566001211151536,5.025456336639624,-0.04475648570697799,8b0158f363824c1785621af95d671715,experiment_linear_mchc
1124.303650624635,0.00686011490583771,mchc,PLASMA,0.8,Random Forest Regressor,GridSearchCV,3.096238463273726,0.9566001211151536,5.025456336639624,-0.04475648570697799,8b0158f363824c1785621af95d671715,experiment_linear_mchc
1130.089089650148,0.006847555912094505,mchc,PLASMA,0.8,Random Forest Regressor,GridSearchCV,3.096238463273726,0.9566001211151536,5.025456336639624,-0.04475648570697799,8b0158f363824c1785621af95d671715,experiment_linear_mchc
1128.160609974977,0.006786598898580474,mchc,PLASMA,0.8,Random Forest Regressor,GridSearchCV,3.096238463273726,0.9566001211151536,5.025456336639624,-0.04475648570697799,8b0158f363824c1785621af95d671715,experiment_linear_mchc
1126.232130299806,0.006748881759362588,mchc,PLASMA,0.8,Random Forest Regressor,GridSearchCV,3.096238463273726,0.9566001211151536,5.025456336639624,-0.04475648570697799,8b0158f363824c1785621af95d671715,experiment_linear_mchc
1132.017569325318,0.006642999371829744,mchc,PLASMA,0.8,Random Forest Regressor,GridSearchCV,3.096238463273726,0.9566001211151536,5.025456336639624,-0.04475648570697799,8b0158f363824c1785621af95d671715,experiment_linear_mchc
1114.66125224878,0.006499850721160526,mchc,PLASMA,0.8,Random Forest Regressor,GridSearchCV,3.096238463273726,0.9566001211151536,5.025456336639624,-0.04475648570697799,8b0158f363824c1785621af95d671715,experiment_linear_mchc
1133.946049000489,0.006075084388138779,mchc,PLASMA,0.8,Random Forest Regressor,GridSearchCV,3.096238463273726,0.9566001211151536,5.025456336639624,-0.04475648570697799,8b0158f363824c1785621af95d671715,experiment_linear_mchc
1112.732772573609,0.0057280562224422986,mchc,PLASMA,0.8,Random Forest Regressor,GridSearchCV,3.096238463273726,0.9566001211151536,5.025456336639624,-0.04475648570697799,8b0158f363824c1785621af95d671715,experiment_linear_mchc
1646.921642595948,0.005383524045106758,mchc,PLASMA,0.8,Random Forest Regressor,GridSearchCV,3.096238463273726,0.9566001211151536,5.025456336639624,-0.04475648570697799,8b0158f363824c1785621af95d671715,experiment_linear_mchc
1644.993162920778,0.0052917739379603436,mchc,PLASMA,0.8,Random Forest Regressor,GridSearchCV,3.096238463273726,0.9566001211151536,5.025456336639624,-0.04475648570697799,8b0158f363824c1785621af95d671715,experiment_linear_mchc
1135.87452867566,0.00523065288936129,mchc,PLASMA,0.8,Random Forest Regressor,GridSearchCV,3.096238463273726,0.9566001211151536,5.025456336639624,-0.04475648570697799,8b0158f363824c1785621af95d671715,experiment_linear_mchc
1110.804292898438,0.004839013764703834,mchc,PLASMA,0.8,Random Forest Regressor,GridSearchCV,3.096238463273726,0.9566001211151536,5.025456336639624,-0.04475648570697799,8b0158f363824c1785621af95d671715,experiment_linear_mchc
1558.211577538087,0.0047131607321002356,mchc,PLASMA,0.8,Random Forest Regressor,GridSearchCV,3.096238463273726,0.9566001211151536,5.025456336639624,-0.04475648570697799,8b0158f363824c1785621af95d671715,experiment_linear_mchc
1560.140057213258,0.004505642276859739,mchc,PLASMA,0.8,Random Forest Regressor,GridSearchCV,3.096238463273726,0.9566001211151536,5.025456336639624,-0.04475648570697799,8b0158f363824c1785621af95d671715,experiment_linear_mchc
1562.068536888429,0.004469209696119371,mchc,PLASMA,0.8,Random Forest Regressor,GridSearchCV,3.096238463273726,0.9566001211151536,5.025456336639624,-0.04475648570697799,8b0158f363824c1785621af95d671715,experiment_linear_mchc
1556.283097862916,0.004406037658129691,mchc,PLASMA,0.8,Random Forest Regressor,GridSearchCV,3.096238463273726,0.9566001211151536,5.025456336639624,-0.04475648570697799,8b0158f363824c1785621af95d671715,experiment_linear_mchc
1126.232130299806,0.007508764952381821,mchc,PLASMA,0.8,Random Forest Regressor,GridSearchCV,3.1202610322052102,0.9730017619047605,5.089535358055105,-0.06103113445465058,8b0158f363824c1785621af95d671715,experiment_linear_mchc
1122.375170949464,0.0069888413657096075,mchc,PLASMA,0.8,Random Forest Regressor,GridSearchCV,3.1202610322052102,0.9730017619047605,5.089535358055105,-0.06103113445465058,8b0158f363824c1785621af95d671715,experiment_linear_mchc
2674.801309462038,0.005549107299808338,mchc,PLASMA,0.8,Random Forest Regressor,GridSearchCV,3.1202610322052102,0.9730017619047605,5.089535358055105,-0.06103113445465058,8b0158f363824c1785621af95d671715,experiment_linear_mchc
1124.303650624635,0.004958518534020713,mchc,PLASMA,0.8,Random Forest Regressor,GridSearchCV,3.1202610322052102,0.9730017619047605,5.089535358055105,-0.06103113445465058,8b0158f363824c1785621af95d671715,experiment_linear_mchc
2699.87154523926,0.004879238734969911,mchc,PLASMA,0.8,Random Forest Regressor,GridSearchCV,3.1202610322052102,0.9730017619047605,5.089535358055105,-0.06103113445465058,8b0158f363824c1785621af95d671715,experiment_linear_mchc
1517.713504359498,0.004553270902162725,mchc,PLASMA,0.8,Random Forest Regressor,GridSearchCV,3.1202610322052102,0.9730017619047605,5.089535358055105,-0.06103113445465058,8b0158f363824c1785621af95d671715,experiment_linear_mchc
1365.363610020997,0.004309658968017561,mchc,PLASMA,0.8,Random Forest Regressor,GridSearchCV,3.1202610322052102,0.9730017619047605,5.089535358055105,-0.06103113445465058,8b0158f363824c1785621af95d671715,experiment_linear_mchc
2572.59188667798,0.004221912558840501,mchc,PLASMA,0.8,Random Forest Regressor,GridSearchCV,3.1202610322052102,0.9730017619047605,5.089535358055105,-0.06103113445465058,8b0158f363824c1785621af95d671715,experiment_linear_mchc
1504.214146633302,0.0038266623310369337,mchc,PLASMA,0.8,Random Forest Regressor,GridSearchCV,3.1202610322052102,0.9730017619047605,5.089535358055105,-0.06103113445465058,8b0158f363824c1785621af95d671715,experiment_linear_mchc
1039.450544917115,0.0038147284910867124,mchc,PLASMA,0.8,Random Forest Regressor,GridSearchCV,3.1202610322052102,0.9730017619047605,5.089535358055105,-0.06103113445465058,8b0158f363824c1785621af95d671715,experiment_linear_mchc
1716.346910902101,0.0037189413520663604,mchc,PLASMA,0.8,Random Forest Regressor,GridSearchCV,3.1202610322052102,0.9730017619047605,5.089535358055105,-0.06103113445465058,8b0158f363824c1785621af95d671715,experiment_linear_mchc
3039.283968069338,0.003706465224784778,mchc,PLASMA,0.8,Random Forest Regressor,GridSearchCV,3.1202610322052102,0.9730017619047605,5.089535358055105,-0.06103113445465058,8b0158f363824c1785621af95d671715,experiment_linear_mchc
1837.841130437868,0.0036820571743993863,mchc,PLASMA,0.8,Random Forest Regressor,GridSearchCV,3.1202610322052102,0.9730017619047605,5.089535358055105,-0.06103113445465058,8b0158f363824c1785621af95d671715,experiment_linear_mchc
971.9537562861337,0.0036719917714040664,mchc,PLASMA,0.8,Random Forest Regressor,GridSearchCV,3.1202610322052102,0.9730017619047605,5.089535358055105,-0.06103113445465058,8b0158f363824c1785621af95d671715,experiment_linear_mchc
2728.798740366823,0.0035990195285984217,mchc,PLASMA,0.8,Random Forest Regressor,GridSearchCV,3.1202610322052102,0.9730017619047605,5.089535358055105,-0.06103113445465058,8b0158f363824c1785621af95d671715,experiment_linear_mchc
1162.873244128053,0.003595575224522947,mchc,PLASMA,0.8,Random Forest Regressor,GridSearchCV,3.1202610322052102,0.9730017619047605,5.089535358055105,-0.06103113445465058,8b0158f363824c1785621af95d671715,experiment_linear_mchc
929.5272034323739,0.003593244978051217,mchc,PLASMA,0.8,Random Forest Regressor,GridSearchCV,3.1202610322052102,0.9730017619047605,5.089535358055105,-0.06103113445465058,8b0158f363824c1785621af95d671715,experiment_linear_mchc
2713.370902965456,0.003591853086804352,mchc,PLASMA,0.8,Random Forest Regressor,GridSearchCV,3.1202610322052102,0.9730017619047605,5.089535358055105,-0.06103113445465058,8b0158f363824c1785621af95d671715,experiment_linear_mchc
1130.089089650148,0.0035697591098230847,mchc,PLASMA,0.8,Random Forest Regressor,GridSearchCV,3.1202610322052102,0.9730017619047605,5.089535358055105,-0.06103113445465058,8b0158f363824c1785621af95d671715,experiment_linear_mchc
1321.008577492067,0.003552417985850447,mchc,PLASMA,0.8,Random Forest Regressor,GridSearchCV,3.1202610322052102,0.9730017619047605,5.089535358055105,-0.06103113445465058,8b0158f363824c1785621af95d671715,experiment_linear_mchc
1727.917788953126,0.004977819088491924,mchc,SALIVA,0.8,Random Forest Regressor,GridSearchCV,3.1603183666982755,0.9685996522711112,5.058699508973962,-0.03775155980814704,8b0158f363824c1785621af95d671715,experiment_linear_mchc
929.5272034323739,0.004963851398251526,mchc,SALIVA,0.8,Random Forest Regressor,GridSearchCV,3.1603183666982755,0.9685996522711112,5.058699508973962,-0.03775155980814704,8b0158f363824c1785621af95d671715,experiment_linear_mchc
931.4556831075452,0.0046999781016571224,mchc,SALIVA,0.8,Random Forest Regressor,GridSearchCV,3.1603183666982755,0.9685996522711112,5.058699508973962,-0.03775155980814704,8b0158f363824c1785621af95d671715,experiment_linear_mchc
1729.846268628297,0.004697236106185887,mchc,SALIVA,0.8,Random Forest Regressor,GridSearchCV,3.1603183666982755,0.9685996522711112,5.058699508973962,-0.03775155980814704,8b0158f363824c1785621af95d671715,experiment_linear_mchc
1022.094227840577,0.004640535648295421,mchc,SALIVA,0.8,Random Forest Regressor,GridSearchCV,3.1603183666982755,0.9685996522711112,5.058699508973962,-0.03775155980814704,8b0158f363824c1785621af95d671715,experiment_linear_mchc
1024.022707515748,0.004624567003232381,mchc,SALIVA,0.8,Random Forest Regressor,GridSearchCV,3.1603183666982755,0.9685996522711112,5.058699508973962,-0.03775155980814704,8b0158f363824c1785621af95d671715,experiment_linear_mchc
1027.87966686609,0.004619341757155075,mchc,SALIVA,0.8,Random Forest Regressor,GridSearchCV,3.1603183666982755,0.9685996522711112,5.058699508973962,-0.03775155980814704,8b0158f363824c1785621af95d671715,experiment_linear_mchc
1025.951187190919,0.004615832518343545,mchc,SALIVA,0.8,Random Forest Regressor,GridSearchCV,3.1603183666982755,0.9685996522711112,5.058699508973962,-0.03775155980814704,8b0158f363824c1785621af95d671715,experiment_linear_mchc
1029.808146541261,0.0046005788679918036,mchc,SALIVA,0.8,Random Forest Regressor,GridSearchCV,3.1603183666982755,0.9685996522711112,5.058699508973962,-0.03775155980814704,8b0158f363824c1785621af95d671715,experiment_linear_mchc
1031.736626216432,0.004548360334399522,mchc,SALIVA,0.8,Random Forest Regressor,GridSearchCV,3.1603183666982755,0.9685996522711112,5.058699508973962,-0.03775155980814704,8b0158f363824c1785621af95d671715,experiment_linear_mchc
1020.165748165406,0.004544646709735762,mchc,SALIVA,0.8,Random Forest Regressor,GridSearchCV,3.1603183666982755,0.9685996522711112,5.058699508973962,-0.03775155980814704,8b0158f363824c1785621af95d671715,experiment_linear_mchc
1033.665105891602,0.004462940300754789,mchc,SALIVA,0.8,Random Forest Regressor,GridSearchCV,3.1603183666982755,0.9685996522711112,5.058699508973962,-0.03775155980814704,8b0158f363824c1785621af95d671715,experiment_linear_mchc
1725.989309277955,0.004407166926371122,mchc,SALIVA,0.8,Random Forest Regressor,GridSearchCV,3.1603183666982755,0.9685996522711112,5.058699508973962,-0.03775155980814704,8b0158f363824c1785621af95d671715,experiment_linear_mchc
1035.593585566773,0.004385603770146704,mchc,SALIVA,0.8,Random Forest Regressor,GridSearchCV,3.1603183666982755,0.9685996522711112,5.058699508973962,-0.03775155980814704,8b0158f363824c1785621af95d671715,experiment_linear_mchc
1018.237268490235,0.004375114542252936,mchc,SALIVA,0.8,Random Forest Regressor,GridSearchCV,3.1603183666982755,0.9685996522711112,5.058699508973962,-0.03775155980814704,8b0158f363824c1785621af95d671715,experiment_linear_mchc
1037.522065241944,0.0043106894598905834,mchc,SALIVA,0.8,Random Forest Regressor,GridSearchCV,3.1603183666982755,0.9685996522711112,5.058699508973962,-0.03775155980814704,8b0158f363824c1785621af95d671715,experiment_linear_mchc
1016.308788815064,0.004211267177245429,mchc,SALIVA,0.8,Random Forest Regressor,GridSearchCV,3.1603183666982755,0.9685996522711112,5.058699508973962,-0.03775155980814704,8b0158f363824c1785621af95d671715,experiment_linear_mchc
933.3841627827155,0.004208426837769423,mchc,SALIVA,0.8,Random Forest Regressor,GridSearchCV,3.1603183666982755,0.9685996522711112,5.058699508973962,-0.03775155980814704,8b0158f363824c1785621af95d671715,experiment_linear_mchc
950.7404798592538,0.004200528217318546,mchc,SALIVA,0.8,Random Forest Regressor,GridSearchCV,3.1603183666982755,0.9685996522711112,5.058699508973962,-0.03775155980814704,8b0158f363824c1785621af95d671715,experiment_linear_mchc
1039.450544917115,0.004186876248209148,mchc,SALIVA,0.8,Random Forest Regressor,GridSearchCV,3.1603183666982755,0.9685996522711112,5.058699508973962,-0.03775155980814704,8b0158f363824c1785621af95d671715,experiment_linear_mchc
1222.656114058351,0.006665811417605013,mchc,SALIVA,0.8,Random Forest Regressor,GridSearchCV,3.134114315083693,0.9540673988095297,4.996931935292797,-0.020613692973316056,8b0158f363824c1785621af95d671715,experiment_linear_mchc
3019.999171317629,0.005803543627201271,mchc,SALIVA,0.8,Random Forest Regressor,GridSearchCV,3.134114315083693,0.9540673988095297,4.996931935292797,-0.020613692973316056,8b0158f363824c1785621af95d671715,experiment_linear_mchc
2906.218870482546,0.004684910537203419,mchc,SALIVA,0.8,Random Forest Regressor,GridSearchCV,3.134114315083693,0.9540673988095297,4.996931935292797,-0.020613692973316056,8b0158f363824c1785621af95d671715,experiment_linear_mchc
2825.222724125369,0.00459338709858437,mchc,SALIVA,0.8,Random Forest Regressor,GridSearchCV,3.134114315083693,0.9540673988095297,4.996931935292797,-0.020613692973316056,8b0158f363824c1785621af95d671715,experiment_linear_mchc
2831.008163150881,0.0045165741593799534,mchc,SALIVA,0.8,Random Forest Regressor,GridSearchCV,3.134114315083693,0.9540673988095297,4.996931935292797,-0.020613692973316056,8b0158f363824c1785621af95d671715,experiment_linear_mchc
1135.87452867566,0.004459933006877308,mchc,SALIVA,0.8,Random Forest Regressor,GridSearchCV,3.134114315083693,0.9540673988095297,4.996931935292797,-0.020613692973316056,8b0158f363824c1785621af95d671715,experiment_linear_mchc
1577.496374289796,0.00421960144567094,mchc,SALIVA,0.8,Random Forest Regressor,GridSearchCV,3.134114315083693,0.9540673988095297,4.996931935292797,-0.020613692973316056,8b0158f363824c1785621af95d671715,experiment_linear_mchc
1581.353333640138,0.004198587297198735,mchc,SALIVA,0.8,Random Forest Regressor,GridSearchCV,3.134114315083693,0.9540673988095297,4.996931935292797,-0.020613692973316056,8b0158f363824c1785621af95d671715,experiment_linear_mchc
1228.441553083863,0.004129978871488769,mchc,SALIVA,0.8,Random Forest Regressor,GridSearchCV,3.134114315083693,0.9540673988095297,4.996931935292797,-0.020613692973316056,8b0158f363824c1785621af95d671715,experiment_linear_mchc
1027.87966686609,0.004016551915721489,mchc,SALIVA,0.8,Random Forest Regressor,GridSearchCV,3.134114315083693,0.9540673988095297,4.996931935292797,-0.020613692973316056,8b0158f363824c1785621af95d671715,experiment_linear_mchc
1579.424853964967,0.0037253305313123077,mchc,SALIVA,0.8,Random Forest Regressor,GridSearchCV,3.134114315083693,0.9540673988095297,4.996931935292797,-0.020613692973316056,8b0158f363824c1785621af95d671715,experiment_linear_mchc
2670.944350111697,0.0037239876212692606,mchc,SALIVA,0.8,Random Forest Regressor,GridSearchCV,3.134114315083693,0.9540673988095297,4.996931935292797,-0.020613692973316056,8b0158f363824c1785621af95d671715,experiment_linear_mchc
2910.075829832888,0.003663408964021678,mchc,SALIVA,0.8,Random Forest Regressor,GridSearchCV,3.134114315083693,0.9540673988095297,4.996931935292797,-0.020613692973316056,8b0158f363824c1785621af95d671715,experiment_linear_mchc
1008.594870114381,0.0036436920989535754,mchc,SALIVA,0.8,Random Forest Regressor,GridSearchCV,3.134114315083693,0.9540673988095297,4.996931935292797,-0.020613692973316056,8b0158f363824c1785621af95d671715,experiment_linear_mchc
3039.283968069338,0.003605566364925881,mchc,SALIVA,0.8,Random Forest Regressor,GridSearchCV,3.134114315083693,0.9540673988095297,4.996931935292797,-0.020613692973316056,8b0158f363824c1785621af95d671715,experiment_linear_mchc
2665.158911086184,0.003573145887975635,mchc,SALIVA,0.8,Random Forest Regressor,GridSearchCV,3.134114315083693,0.9540673988095297,4.996931935292797,-0.020613692973316056,8b0158f363824c1785621af95d671715,experiment_linear_mchc
3050.854846120364,0.0035694051687607995,mchc,SALIVA,0.8,Random Forest Regressor,GridSearchCV,3.134114315083693,0.9540673988095297,4.996931935292797,-0.020613692973316056,8b0158f363824c1785621af95d671715,experiment_linear_mchc
2584.162764729006,0.003554895376704074,mchc,SALIVA,0.8,Random Forest Regressor,GridSearchCV,3.134114315083693,0.9540673988095297,4.996931935292797,-0.020613692973316056,8b0158f363824c1785621af95d671715,experiment_linear_mchc
1729.846268628297,0.003550429741945345,mchc,SALIVA,0.8,Random Forest Regressor,GridSearchCV,3.134114315083693,0.9540673988095297,4.996931935292797,-0.020613692973316056,8b0158f363824c1785621af95d671715,experiment_linear_mchc
1704.776032851076,0.0035391415367446374,mchc,SALIVA,0.8,Random Forest Regressor,GridSearchCV,3.134114315083693,0.9540673988095297,4.996931935292797,-0.020613692973316056,8b0158f363824c1785621af95d671715,experiment_linear_mchc
1727.917788953126,0.004977819088491925,mchc,SALIVA,0.8,Random Forest Regressor,GridSearchCV,3.1603183666982755,0.9685996522711112,5.058699508973962,-0.03775155980814704,8b0158f363824c1785621af95d671715,experiment_linear_mchc
929.5272034323739,0.004963851398251525,mchc,SALIVA,0.8,Random Forest Regressor,GridSearchCV,3.1603183666982755,0.9685996522711112,5.058699508973962,-0.03775155980814704,8b0158f363824c1785621af95d671715,experiment_linear_mchc
931.4556831075452,0.0046999781016571224,mchc,SALIVA,0.8,Random Forest Regressor,GridSearchCV,3.1603183666982755,0.9685996522711112,5.058699508973962,-0.03775155980814704,8b0158f363824c1785621af95d671715,experiment_linear_mchc
1729.846268628297,0.004697236106185887,mchc,SALIVA,0.8,Random Forest Regressor,GridSearchCV,3.1603183666982755,0.9685996522711112,5.058699508973962,-0.03775155980814704,8b0158f363824c1785621af95d671715,experiment_linear_mchc
1022.094227840577,0.004640535648295421,mchc,SALIVA,0.8,Random Forest Regressor,GridSearchCV,3.1603183666982755,0.9685996522711112,5.058699508973962,-0.03775155980814704,8b0158f363824c1785621af95d671715,experiment_linear_mchc
1024.022707515748,0.004624567003232381,mchc,SALIVA,0.8,Random Forest Regressor,GridSearchCV,3.1603183666982755,0.9685996522711112,5.058699508973962,-0.03775155980814704,8b0158f363824c1785621af95d671715,experiment_linear_mchc
1027.87966686609,0.004619341757155076,mchc,SALIVA,0.8,Random Forest Regressor,GridSearchCV,3.1603183666982755,0.9685996522711112,5.058699508973962,-0.03775155980814704,8b0158f363824c1785621af95d671715,experiment_linear_mchc
1025.951187190919,0.004615832518343546,mchc,SALIVA,0.8,Random Forest Regressor,GridSearchCV,3.1603183666982755,0.9685996522711112,5.058699508973962,-0.03775155980814704,8b0158f363824c1785621af95d671715,experiment_linear_mchc
1029.808146541261,0.004600578867991805,mchc,SALIVA,0.8,Random Forest Regressor,GridSearchCV,3.1603183666982755,0.9685996522711112,5.058699508973962,-0.03775155980814704,8b0158f363824c1785621af95d671715,experiment_linear_mchc
1031.736626216432,0.004548360334399523,mchc,SALIVA,0.8,Random Forest Regressor,GridSearchCV,3.1603183666982755,0.9685996522711112,5.058699508973962,-0.03775155980814704,8b0158f363824c1785621af95d671715,experiment_linear_mchc
1020.165748165406,0.004544646709735763,mchc,SALIVA,0.8,Random Forest Regressor,GridSearchCV,3.1603183666982755,0.9685996522711112,5.058699508973962,-0.03775155980814704,8b0158f363824c1785621af95d671715,experiment_linear_mchc
1033.665105891602,0.004462940300754791,mchc,SALIVA,0.8,Random Forest Regressor,GridSearchCV,3.1603183666982755,0.9685996522711112,5.058699508973962,-0.03775155980814704,8b0158f363824c1785621af95d671715,experiment_linear_mchc
1725.989309277955,0.004407166926371119,mchc,SALIVA,0.8,Random Forest Regressor,GridSearchCV,3.1603183666982755,0.9685996522711112,5.058699508973962,-0.03775155980814704,8b0158f363824c1785621af95d671715,experiment_linear_mchc
1035.593585566773,0.004385603770146706,mchc,SALIVA,0.8,Random Forest Regressor,GridSearchCV,3.1603183666982755,0.9685996522711112,5.058699508973962,-0.03775155980814704,8b0158f363824c1785621af95d671715,experiment_linear_mchc
1018.237268490235,0.004375114542252936,mchc,SALIVA,0.8,Random Forest Regressor,GridSearchCV,3.1603183666982755,0.9685996522711112,5.058699508973962,-0.03775155980814704,8b0158f363824c1785621af95d671715,experiment_linear_mchc
1037.522065241944,0.004310689459890586,mchc,SALIVA,0.8,Random Forest Regressor,GridSearchCV,3.1603183666982755,0.9685996522711112,5.058699508973962,-0.03775155980814704,8b0158f363824c1785621af95d671715,experiment_linear_mchc
1016.308788815064,0.0042112671772454304,mchc,SALIVA,0.8,Random Forest Regressor,GridSearchCV,3.1603183666982755,0.9685996522711112,5.058699508973962,-0.03775155980814704,8b0158f363824c1785621af95d671715,experiment_linear_mchc
933.3841627827155,0.004208426837769421,mchc,SALIVA,0.8,Random Forest Regressor,GridSearchCV,3.1603183666982755,0.9685996522711112,5.058699508973962,-0.03775155980814704,8b0158f363824c1785621af95d671715,experiment_linear_mchc
950.7404798592538,0.0042005282173185445,mchc,SALIVA,0.8,Random Forest Regressor,GridSearchCV,3.1603183666982755,0.9685996522711112,5.058699508973962,-0.03775155980814704,8b0158f363824c1785621af95d671715,experiment_linear_mchc
1039.450544917115,0.0041868762482091485,mchc,SALIVA,0.8,Random Forest Regressor,GridSearchCV,3.1603183666982755,0.9685996522711112,5.058699508973962,-0.03775155980814704,8b0158f363824c1785621af95d671715,experiment_linear_mchc
1222.656114058351,0.006665811417605013,mchc,SALIVA,0.8,Random Forest Regressor,GridSearchCV,3.134114315083693,0.9540673988095297,4.996931935292797,-0.020613692973316056,8b0158f363824c1785621af95d671715,experiment_linear_mchc
3019.999171317629,0.005803543627201271,mchc,SALIVA,0.8,Random Forest Regressor,GridSearchCV,3.134114315083693,0.9540673988095297,4.996931935292797,-0.020613692973316056,8b0158f363824c1785621af95d671715,experiment_linear_mchc
2906.218870482546,0.004684910537203419,mchc,SALIVA,0.8,Random Forest Regressor,GridSearchCV,3.134114315083693,0.9540673988095297,4.996931935292797,-0.020613692973316056,8b0158f363824c1785621af95d671715,experiment_linear_mchc
2825.222724125369,0.00459338709858437,mchc,SALIVA,0.8,Random Forest Regressor,GridSearchCV,3.134114315083693,0.9540673988095297,4.996931935292797,-0.020613692973316056,8b0158f363824c1785621af95d671715,experiment_linear_mchc
2831.008163150881,0.0045165741593799534,mchc,SALIVA,0.8,Random Forest Regressor,GridSearchCV,3.134114315083693,0.9540673988095297,4.996931935292797,-0.020613692973316056,8b0158f363824c1785621af95d671715,experiment_linear_mchc
1135.87452867566,0.004459933006877308,mchc,SALIVA,0.8,Random Forest Regressor,GridSearchCV,3.134114315083693,0.9540673988095297,4.996931935292797,-0.020613692973316056,8b0158f363824c1785621af95d671715,experiment_linear_mchc
1577.496374289796,0.00421960144567094,mchc,SALIVA,0.8,Random Forest Regressor,GridSearchCV,3.134114315083693,0.9540673988095297,4.996931935292797,-0.020613692973316056,8b0158f363824c1785621af95d671715,experiment_linear_mchc
1581.353333640138,0.004198587297198735,mchc,SALIVA,0.8,Random Forest Regressor,GridSearchCV,3.134114315083693,0.9540673988095297,4.996931935292797,-0.020613692973316056,8b0158f363824c1785621af95d671715,experiment_linear_mchc
1228.441553083863,0.004129978871488769,mchc,SALIVA,0.8,Random Forest Regressor,GridSearchCV,3.134114315083693,0.9540673988095297,4.996931935292797,-0.020613692973316056,8b0158f363824c1785621af95d671715,experiment_linear_mchc
1027.87966686609,0.004016551915721489,mchc,SALIVA,0.8,Random Forest Regressor,GridSearchCV,3.134114315083693,0.9540673988095297,4.996931935292797,-0.020613692973316056,8b0158f363824c1785621af95d671715,experiment_linear_mchc
1579.424853964967,0.0037253305313123077,mchc,SALIVA,0.8,Random Forest Regressor,GridSearchCV,3.134114315083693,0.9540673988095297,4.996931935292797,-0.020613692973316056,8b0158f363824c1785621af95d671715,experiment_linear_mchc
2670.944350111697,0.0037239876212692606,mchc,SALIVA,0.8,Random Forest Regressor,GridSearchCV,3.134114315083693,0.9540673988095297,4.996931935292797,-0.020613692973316056,8b0158f363824c1785621af95d671715,experiment_linear_mchc
2910.075829832888,0.003663408964021678,mchc,SALIVA,0.8,Random Forest Regressor,GridSearchCV,3.134114315083693,0.9540673988095297,4.996931935292797,-0.020613692973316056,8b0158f363824c1785621af95d671715,experiment_linear_mchc
1008.594870114381,0.0036436920989535754,mchc,SALIVA,0.8,Random Forest Regressor,GridSearchCV,3.134114315083693,0.9540673988095297,4.996931935292797,-0.020613692973316056,8b0158f363824c1785621af95d671715,experiment_linear_mchc
3039.283968069338,0.003605566364925881,mchc,SALIVA,0.8,Random Forest Regressor,GridSearchCV,3.134114315083693,0.9540673988095297,4.996931935292797,-0.020613692973316056,8b0158f363824c1785621af95d671715,experiment_linear_mchc
2665.158911086184,0.003573145887975635,mchc,SALIVA,0.8,Random Forest Regressor,GridSearchCV,3.134114315083693,0.9540673988095297,4.996931935292797,-0.020613692973316056,8b0158f363824c1785621af95d671715,experiment_linear_mchc
3050.854846120364,0.0035694051687607995,mchc,SALIVA,0.8,Random Forest Regressor,GridSearchCV,3.134114315083693,0.9540673988095297,4.996931935292797,-0.020613692973316056,8b0158f363824c1785621af95d671715,experiment_linear_mchc
2584.162764729006,0.003554895376704074,mchc,SALIVA,0.8,Random Forest Regressor,GridSearchCV,3.134114315083693,0.9540673988095297,4.996931935292797,-0.020613692973316056,8b0158f363824c1785621af95d671715,experiment_linear_mchc
1729.846268628297,0.003550429741945345,mchc,SALIVA,0.8,Random Forest Regressor,GridSearchCV,3.134114315083693,0.9540673988095297,4.996931935292797,-0.020613692973316056,8b0158f363824c1785621af95d671715,experiment_linear_mchc
1704.776032851076,0.0035391415367446374,mchc,SALIVA,0.8,Random Forest Regressor,GridSearchCV,3.134114315083693,0.9540673988095297,4.996931935292797,-0.020613692973316056,8b0158f363824c1785621af95d671715,experiment_linear_mchc
2717.227862315798,0.01109341892940703,mchc,SERUM,0.8,Random Forest Regressor,GridSearchCV,0.9830332897680835,0.7474701875000024,2.276031720954523,-0.26527407423699634,8b0158f363824c1785621af95d671715,experiment_linear_mchc
2715.299382640627,0.010936262160394753,mchc,SERUM,0.8,Random Forest Regressor,GridSearchCV,0.9830332897680835,0.7474701875000024,2.276031720954523,-0.26527407423699634,8b0158f363824c1785621af95d671715,experiment_linear_mchc
2713.370902965456,0.009840748520737764,mchc,SERUM,0.8,Random Forest Regressor,GridSearchCV,0.9830332897680835,0.7474701875000024,2.276031720954523,-0.26527407423699634,8b0158f363824c1785621af95d671715,experiment_linear_mchc
1716.346910902101,0.007711669876198088,mchc,SERUM,0.8,Random Forest Regressor,GridSearchCV,0.9830332897680835,0.7474701875000024,2.276031720954523,-0.26527407423699634,8b0158f363824c1785621af95d671715,experiment_linear_mchc
2703.728504589601,0.006027180893644691,mchc,SERUM,0.8,Random Forest Regressor,GridSearchCV,0.9830332897680835,0.7474701875000024,2.276031720954523,-0.26527407423699634,8b0158f363824c1785621af95d671715,experiment_linear_mchc
3045.069407094851,0.005984760317481966,mchc,SERUM,0.8,Random Forest Regressor,GridSearchCV,0.9830332897680835,0.7474701875000024,2.276031720954523,-0.26527407423699634,8b0158f363824c1785621af95d671715,experiment_linear_mchc
2711.442423290285,0.00595676144531393,mchc,SERUM,0.8,Random Forest Regressor,GridSearchCV,0.9830332897680835,0.7474701875000024,2.276031720954523,-0.26527407423699634,8b0158f363824c1785621af95d671715,experiment_linear_mchc
2701.800024914431,0.0058172690260831095,mchc,SERUM,0.8,Random Forest Regressor,GridSearchCV,0.9830332897680835,0.7474701875000024,2.276031720954523,-0.26527407423699634,8b0158f363824c1785621af95d671715,experiment_linear_mchc
2719.156341990969,0.005437863109843292,mchc,SERUM,0.8,Random Forest Regressor,GridSearchCV,0.9830332897680835,0.7474701875000024,2.276031720954523,-0.26527407423699634,8b0158f363824c1785621af95d671715,experiment_linear_mchc
1587.138772665651,0.005410162997947352,mchc,SERUM,0.8,Random Forest Regressor,GridSearchCV,0.9830332897680835,0.7474701875000024,2.276031720954523,-0.26527407423699634,8b0158f363824c1785621af95d671715,experiment_linear_mchc
1589.067252340822,0.005347247435472061,mchc,SERUM,0.8,Random Forest Regressor,GridSearchCV,0.9830332897680835,0.7474701875000024,2.276031720954523,-0.26527407423699634,8b0158f363824c1785621af95d671715,experiment_linear_mchc
1585.21029299048,0.005297369284027359,mchc,SERUM,0.8,Random Forest Regressor,GridSearchCV,0.9830332897680835,0.7474701875000024,2.276031720954523,-0.26527407423699634,8b0158f363824c1785621af95d671715,experiment_linear_mchc
1590.995732015992,0.0052587575922338385,mchc,SERUM,0.8,Random Forest Regressor,GridSearchCV,0.9830332897680835,0.7474701875000024,2.276031720954523,-0.26527407423699634,8b0158f363824c1785621af95d671715,experiment_linear_mchc
2707.585463939944,0.0052515545159827,mchc,SERUM,0.8,Random Forest Regressor,GridSearchCV,0.9830332897680835,0.7474701875000024,2.276031720954523,-0.26527407423699634,8b0158f363824c1785621af95d671715,experiment_linear_mchc
2680.586748487551,0.0051645465358804,mchc,SERUM,0.8,Random Forest Regressor,GridSearchCV,0.9830332897680835,0.7474701875000024,2.276031720954523,-0.26527407423699634,8b0158f363824c1785621af95d671715,experiment_linear_mchc
3043.14092741968,0.0051329713686592586,mchc,SERUM,0.8,Random Forest Regressor,GridSearchCV,0.9830332897680835,0.7474701875000024,2.276031720954523,-0.26527407423699634,8b0158f363824c1785621af95d671715,experiment_linear_mchc
1644.993162920778,0.005076967466098335,mchc,SERUM,0.8,Random Forest Regressor,GridSearchCV,0.9830332897680835,0.7474701875000024,2.276031720954523,-0.26527407423699634,8b0158f363824c1785621af95d671715,experiment_linear_mchc
1592.924211691163,0.004922622182294282,mchc,SERUM,0.8,Random Forest Regressor,GridSearchCV,0.9830332897680835,0.7474701875000024,2.276031720954523,-0.26527407423699634,8b0158f363824c1785621af95d671715,experiment_linear_mchc
1583.281813315309,0.004858474056490803,mchc,SERUM,0.8,Random Forest Regressor,GridSearchCV,0.9830332897680835,0.7474701875000024,2.276031720954523,-0.26527407423699634,8b0158f363824c1785621af95d671715,experiment_linear_mchc
2678.65826881238,0.004811332733645594,mchc,SERUM,0.8,Random Forest Regressor,GridSearchCV,0.9830332897680835,0.7474701875000024,2.276031720954523,-0.26527407423699634,8b0158f363824c1785621af95d671715,experiment_linear_mchc
2518.594455773195,0.017910786648177607,mchc,SERUM,0.8,Random Forest Regressor,GridSearchCV,1.1012519290303957,0.8527087068096822,2.5916905386627365,-0.5878940570933726,8b0158f363824c1785621af95d671715,experiment_linear_mchc
2615.01843953174,0.015663589355332092,mchc,SERUM,0.8,Random Forest Regressor,GridSearchCV,1.1012519290303957,0.8527087068096822,2.5916905386627365,-0.5878940570933726,8b0158f363824c1785621af95d671715,experiment_linear_mchc
1691.276675124879,0.015229101701264075,mchc,SERUM,0.8,Random Forest Regressor,GridSearchCV,1.1012519290303957,0.8527087068096822,2.5916905386627365,-0.5878940570933726,8b0158f363824c1785621af95d671715,experiment_linear_mchc
2520.522935448366,0.014413024140414642,mchc,SERUM,0.8,Random Forest Regressor,GridSearchCV,1.1012519290303957,0.8527087068096822,2.5916905386627365,-0.5878940570933726,8b0158f363824c1785621af95d671715,experiment_linear_mchc
2514.737496422853,0.013679905361593768,mchc,SERUM,0.8,Random Forest Regressor,GridSearchCV,1.1012519290303957,0.8527087068096822,2.5916905386627365,-0.5878940570933726,8b0158f363824c1785621af95d671715,experiment_linear_mchc
2537.879252524904,0.01124068239040697,mchc,SERUM,0.8,Random Forest Regressor,GridSearchCV,1.1012519290303957,0.8527087068096822,2.5916905386627365,-0.5878940570933726,8b0158f363824c1785621af95d671715,experiment_linear_mchc
2561.021008626955,0.010558200694471944,mchc,SERUM,0.8,Random Forest Regressor,GridSearchCV,1.1012519290303957,0.8527087068096822,2.5916905386627365,-0.5878940570933726,8b0158f363824c1785621af95d671715,experiment_linear_mchc
2620.803878557253,0.009877711748301614,mchc,SERUM,0.8,Random Forest Regressor,GridSearchCV,1.1012519290303957,0.8527087068096822,2.5916905386627365,-0.5878940570933726,8b0158f363824c1785621af95d671715,experiment_linear_mchc
2586.091244404177,0.00980937119105149,mchc,SERUM,0.8,Random Forest Regressor,GridSearchCV,1.1012519290303957,0.8527087068096822,2.5916905386627365,-0.5878940570933726,8b0158f363824c1785621af95d671715,experiment_linear_mchc
2551.378610251101,0.009750171339404864,mchc,SERUM,0.8,Random Forest Regressor,GridSearchCV,1.1012519290303957,0.8527087068096822,2.5916905386627365,-0.5878940570933726,8b0158f363824c1785621af95d671715,experiment_linear_mchc
3010.356772941775,0.009495849593690976,mchc,SERUM,0.8,Random Forest Regressor,GridSearchCV,1.1012519290303957,0.8527087068096822,2.5916905386627365,-0.5878940570933726,8b0158f363824c1785621af95d671715,experiment_linear_mchc
2601.519081805544,0.009456510851613292,mchc,SERUM,0.8,Random Forest Regressor,GridSearchCV,1.1012519290303957,0.8527087068096822,2.5916905386627365,-0.5878940570933726,8b0158f363824c1785621af95d671715,experiment_linear_mchc
2562.949488302126,0.00944793285999851,mchc,SERUM,0.8,Random Forest Regressor,GridSearchCV,1.1012519290303957,0.8527087068096822,2.5916905386627365,-0.5878940570933726,8b0158f363824c1785621af95d671715,experiment_linear_mchc
2539.807732200075,0.009263151960231829,mchc,SERUM,0.8,Random Forest Regressor,GridSearchCV,1.1012519290303957,0.8527087068096822,2.5916905386627365,-0.5878940570933726,8b0158f363824c1785621af95d671715,experiment_linear_mchc
2526.308374473879,0.008066540625664033,mchc,SERUM,0.8,Random Forest Regressor,GridSearchCV,1.1012519290303957,0.8527087068096822,2.5916905386627365,-0.5878940570933726,8b0158f363824c1785621af95d671715,experiment_linear_mchc
2867.649276979128,0.00774635979750898,mchc,SERUM,0.8,Random Forest Regressor,GridSearchCV,1.1012519290303957,0.8527087068096822,2.5916905386627365,-0.5878940570933726,8b0158f363824c1785621af95d671715,experiment_linear_mchc
2501.238138696657,0.007492341552824374,mchc,SERUM,0.8,Random Forest Regressor,GridSearchCV,1.1012519290303957,0.8527087068096822,2.5916905386627365,-0.5878940570933726,8b0158f363824c1785621af95d671715,experiment_linear_mchc
2503.166618371828,0.007177058022532838,mchc,SERUM,0.8,Random Forest Regressor,GridSearchCV,1.1012519290303957,0.8527087068096822,2.5916905386627365,-0.5878940570933726,8b0158f363824c1785621af95d671715,experiment_linear_mchc
1631.493805194581,0.007118844895362762,mchc,SERUM,0.8,Random Forest Regressor,GridSearchCV,1.1012519290303957,0.8527087068096822,2.5916905386627365,-0.5878940570933726,8b0158f363824c1785621af95d671715,experiment_linear_mchc
1644.993162920778,0.007089791391553208,mchc,SERUM,0.8,Random Forest Regressor,GridSearchCV,1.1012519290303957,0.8527087068096822,2.5916905386627365,-0.5878940570933726,8b0158f363824c1785621af95d671715,experiment_linear_mchc
2717.227862315798,0.011093418929407019,mchc,SERUM,0.8,Random Forest Regressor,GridSearchCV,0.9830332897680835,0.7474701875000024,2.276031720954523,-0.26527407423699634,8b0158f363824c1785621af95d671715,experiment_linear_mchc
2715.299382640627,0.010936262160394745,mchc,SERUM,0.8,Random Forest Regressor,GridSearchCV,0.9830332897680835,0.7474701875000024,2.276031720954523,-0.26527407423699634,8b0158f363824c1785621af95d671715,experiment_linear_mchc
2713.370902965456,0.009840748520737755,mchc,SERUM,0.8,Random Forest Regressor,GridSearchCV,0.9830332897680835,0.7474701875000024,2.276031720954523,-0.26527407423699634,8b0158f363824c1785621af95d671715,experiment_linear_mchc
1716.346910902101,0.0077116698761980846,mchc,SERUM,0.8,Random Forest Regressor,GridSearchCV,0.9830332897680835,0.7474701875000024,2.276031720954523,-0.26527407423699634,8b0158f363824c1785621af95d671715,experiment_linear_mchc
2703.728504589601,0.0060271808936446835,mchc,SERUM,0.8,Random Forest Regressor,GridSearchCV,0.9830332897680835,0.7474701875000024,2.276031720954523,-0.26527407423699634,8b0158f363824c1785621af95d671715,experiment_linear_mchc
3045.069407094851,0.005984760317481965,mchc,SERUM,0.8,Random Forest Regressor,GridSearchCV,0.9830332897680835,0.7474701875000024,2.276031720954523,-0.26527407423699634,8b0158f363824c1785621af95d671715,experiment_linear_mchc
2711.442423290285,0.0059567614453139295,mchc,SERUM,0.8,Random Forest Regressor,GridSearchCV,0.9830332897680835,0.7474701875000024,2.276031720954523,-0.26527407423699634,8b0158f363824c1785621af95d671715,experiment_linear_mchc
2701.800024914431,0.005817269026083105,mchc,SERUM,0.8,Random Forest Regressor,GridSearchCV,0.9830332897680835,0.7474701875000024,2.276031720954523,-0.26527407423699634,8b0158f363824c1785621af95d671715,experiment_linear_mchc
2719.156341990969,0.005437863109843286,mchc,SERUM,0.8,Random Forest Regressor,GridSearchCV,0.9830332897680835,0.7474701875000024,2.276031720954523,-0.26527407423699634,8b0158f363824c1785621af95d671715,experiment_linear_mchc
1587.138772665651,0.005410162997947353,mchc,SERUM,0.8,Random Forest Regressor,GridSearchCV,0.9830332897680835,0.7474701875000024,2.276031720954523,-0.26527407423699634,8b0158f363824c1785621af95d671715,experiment_linear_mchc
1589.067252340822,0.00534724743547206,mchc,SERUM,0.8,Random Forest Regressor,GridSearchCV,0.9830332897680835,0.7474701875000024,2.276031720954523,-0.26527407423699634,8b0158f363824c1785621af95d671715,experiment_linear_mchc
1585.21029299048,0.005297369284027359,mchc,SERUM,0.8,Random Forest Regressor,GridSearchCV,0.9830332897680835,0.7474701875000024,2.276031720954523,-0.26527407423699634,8b0158f363824c1785621af95d671715,experiment_linear_mchc
1590.995732015992,0.005258757592233838,mchc,SERUM,0.8,Random Forest Regressor,GridSearchCV,0.9830332897680835,0.7474701875000024,2.276031720954523,-0.26527407423699634,8b0158f363824c1785621af95d671715,experiment_linear_mchc
2707.585463939944,0.005251554515982695,mchc,SERUM,0.8,Random Forest Regressor,GridSearchCV,0.9830332897680835,0.7474701875000024,2.276031720954523,-0.26527407423699634,8b0158f363824c1785621af95d671715,experiment_linear_mchc
2680.586748487551,0.0051645465358803955,mchc,SERUM,0.8,Random Forest Regressor,GridSearchCV,0.9830332897680835,0.7474701875000024,2.276031720954523,-0.26527407423699634,8b0158f363824c1785621af95d671715,experiment_linear_mchc
3043.14092741968,0.005132971368659262,mchc,SERUM,0.8,Random Forest Regressor,GridSearchCV,0.9830332897680835,0.7474701875000024,2.276031720954523,-0.26527407423699634,8b0158f363824c1785621af95d671715,experiment_linear_mchc
1644.993162920778,0.0050769674660983335,mchc,SERUM,0.8,Random Forest Regressor,GridSearchCV,0.9830332897680835,0.7474701875000024,2.276031720954523,-0.26527407423699634,8b0158f363824c1785621af95d671715,experiment_linear_mchc
1592.924211691163,0.004922622182294281,mchc,SERUM,0.8,Random Forest Regressor,GridSearchCV,0.9830332897680835,0.7474701875000024,2.276031720954523,-0.26527407423699634,8b0158f363824c1785621af95d671715,experiment_linear_mchc
1583.281813315309,0.004858474056490801,mchc,SERUM,0.8,Random Forest Regressor,GridSearchCV,0.9830332897680835,0.7474701875000024,2.276031720954523,-0.26527407423699634,8b0158f363824c1785621af95d671715,experiment_linear_mchc
2678.65826881238,0.004811332733645593,mchc,SERUM,0.8,Random Forest Regressor,GridSearchCV,0.9830332897680835,0.7474701875000024,2.276031720954523,-0.26527407423699634,8b0158f363824c1785621af95d671715,experiment_linear_mchc
2518.594455773195,0.017910786648177607,mchc,SERUM,0.8,Random Forest Regressor,GridSearchCV,1.1012519290303957,0.8527087068096822,2.5916905386627365,-0.5878940570933726,8b0158f363824c1785621af95d671715,experiment_linear_mchc
2615.01843953174,0.015663589355332092,mchc,SERUM,0.8,Random Forest Regressor,GridSearchCV,1.1012519290303957,0.8527087068096822,2.5916905386627365,-0.5878940570933726,8b0158f363824c1785621af95d671715,experiment_linear_mchc
1691.276675124879,0.015229101701264075,mchc,SERUM,0.8,Random Forest Regressor,GridSearchCV,1.1012519290303957,0.8527087068096822,2.5916905386627365,-0.5878940570933726,8b0158f363824c1785621af95d671715,experiment_linear_mchc
2520.522935448366,0.014413024140414642,mchc,SERUM,0.8,Random Forest Regressor,GridSearchCV,1.1012519290303957,0.8527087068096822,2.5916905386627365,-0.5878940570933726,8b0158f363824c1785621af95d671715,experiment_linear_mchc
2514.737496422853,0.013679905361593768,mchc,SERUM,0.8,Random Forest Regressor,GridSearchCV,1.1012519290303957,0.8527087068096822,2.5916905386627365,-0.5878940570933726,8b0158f363824c1785621af95d671715,experiment_linear_mchc
2537.879252524904,0.01124068239040697,mchc,SERUM,0.8,Random Forest Regressor,GridSearchCV,1.1012519290303957,0.8527087068096822,2.5916905386627365,-0.5878940570933726,8b0158f363824c1785621af95d671715,experiment_linear_mchc
2561.021008626955,0.010558200694471944,mchc,SERUM,0.8,Random Forest Regressor,GridSearchCV,1.1012519290303957,0.8527087068096822,2.5916905386627365,-0.5878940570933726,8b0158f363824c1785621af95d671715,experiment_linear_mchc
2620.803878557253,0.009877711748301614,mchc,SERUM,0.8,Random Forest Regressor,GridSearchCV,1.1012519290303957,0.8527087068096822,2.5916905386627365,-0.5878940570933726,8b0158f363824c1785621af95d671715,experiment_linear_mchc
2586.091244404177,0.00980937119105149,mchc,SERUM,0.8,Random Forest Regressor,GridSearchCV,1.1012519290303957,0.8527087068096822,2.5916905386627365,-0.5878940570933726,8b0158f363824c1785621af95d671715,experiment_linear_mchc
2551.378610251101,0.009750171339404864,mchc,SERUM,0.8,Random Forest Regressor,GridSearchCV,1.1012519290303957,0.8527087068096822,2.5916905386627365,-0.5878940570933726,8b0158f363824c1785621af95d671715,experiment_linear_mchc
3010.356772941775,0.009495849593690976,mchc,SERUM,0.8,Random Forest Regressor,GridSearchCV,1.1012519290303957,0.8527087068096822,2.5916905386627365,-0.5878940570933726,8b0158f363824c1785621af95d671715,experiment_linear_mchc
2601.519081805544,0.009456510851613292,mchc,SERUM,0.8,Random Forest Regressor,GridSearchCV,1.1012519290303957,0.8527087068096822,2.5916905386627365,-0.5878940570933726,8b0158f363824c1785621af95d671715,experiment_linear_mchc
2562.949488302126,0.00944793285999851,mchc,SERUM,0.8,Random Forest Regressor,GridSearchCV,1.1012519290303957,0.8527087068096822,2.5916905386627365,-0.5878940570933726,8b0158f363824c1785621af95d671715,experiment_linear_mchc
2539.807732200075,0.009263151960231829,mchc,SERUM,0.8,Random Forest Regressor,GridSearchCV,1.1012519290303957,0.8527087068096822,2.5916905386627365,-0.5878940570933726,8b0158f363824c1785621af95d671715,experiment_linear_mchc
2526.308374473879,0.008066540625664033,mchc,SERUM,0.8,Random Forest Regressor,GridSearchCV,1.1012519290303957,0.8527087068096822,2.5916905386627365,-0.5878940570933726,8b0158f363824c1785621af95d671715,experiment_linear_mchc
2867.649276979128,0.00774635979750898,mchc,SERUM,0.8,Random Forest Regressor,GridSearchCV,1.1012519290303957,0.8527087068096822,2.5916905386627365,-0.5878940570933726,8b0158f363824c1785621af95d671715,experiment_linear_mchc
2501.238138696657,0.007492341552824374,mchc,SERUM,0.8,Random Forest Regressor,GridSearchCV,1.1012519290303957,0.8527087068096822,2.5916905386627365,-0.5878940570933726,8b0158f363824c1785621af95d671715,experiment_linear_mchc
2503.166618371828,0.007177058022532838,mchc,SERUM,0.8,Random Forest Regressor,GridSearchCV,1.1012519290303957,0.8527087068096822,2.5916905386627365,-0.5878940570933726,8b0158f363824c1785621af95d671715,experiment_linear_mchc
1631.493805194581,0.007118844895362762,mchc,SERUM,0.8,Random Forest Regressor,GridSearchCV,1.1012519290303957,0.8527087068096822,2.5916905386627365,-0.5878940570933726,8b0158f363824c1785621af95d671715,experiment_linear_mchc
1644.993162920778,0.007089791391553208,mchc,SERUM,0.8,Random Forest Regressor,GridSearchCV,1.1012519290303957,0.8527087068096822,2.5916905386627365,-0.5878940570933726,8b0158f363824c1785621af95d671715,experiment_linear_mchc
1772.272821482057,0.0054814872722440166,mchc,URINE,0.8,Random Forest Regressor,GridSearchCV,1.2108978139925775,0.8134887808429422,2.474234085631033,-1.532273406051023,8b0158f363824c1785621af95d671715,experiment_linear_mchc
1770.344341806886,0.005475080189813149,mchc,URINE,0.8,Random Forest Regressor,GridSearchCV,1.2108978139925775,0.8134887808429422,2.474234085631033,-1.532273406051023,8b0158f363824c1785621af95d671715,experiment_linear_mchc
1774.201301157228,0.005451348046644907,mchc,URINE,0.8,Random Forest Regressor,GridSearchCV,1.2108978139925775,0.8134887808429422,2.474234085631033,-1.532273406051023,8b0158f363824c1785621af95d671715,experiment_linear_mchc
1768.415862131715,0.0054198285316812075,mchc,URINE,0.8,Random Forest Regressor,GridSearchCV,1.2108978139925775,0.8134887808429422,2.474234085631033,-1.532273406051023,8b0158f363824c1785621af95d671715,experiment_linear_mchc
1776.129780832399,0.005354450455862873,mchc,URINE,0.8,Random Forest Regressor,GridSearchCV,1.2108978139925775,0.8134887808429422,2.474234085631033,-1.532273406051023,8b0158f363824c1785621af95d671715,experiment_linear_mchc
1766.487382456544,0.005348530376694161,mchc,URINE,0.8,Random Forest Regressor,GridSearchCV,1.2108978139925775,0.8134887808429422,2.474234085631033,-1.532273406051023,8b0158f363824c1785621af95d671715,experiment_linear_mchc
1764.558902781373,0.0052369291660259295,mchc,URINE,0.8,Random Forest Regressor,GridSearchCV,1.2108978139925775,0.8134887808429422,2.474234085631033,-1.532273406051023,8b0158f363824c1785621af95d671715,experiment_linear_mchc
1778.05826050757,0.005111881231611738,mchc,URINE,0.8,Random Forest Regressor,GridSearchCV,1.2108978139925775,0.8134887808429422,2.474234085631033,-1.532273406051023,8b0158f363824c1785621af95d671715,experiment_linear_mchc
1762.630423106202,0.005059701085049616,mchc,URINE,0.8,Random Forest Regressor,GridSearchCV,1.2108978139925775,0.8134887808429422,2.474234085631033,-1.532273406051023,8b0158f363824c1785621af95d671715,experiment_linear_mchc
1718.275390577272,0.005054551814380395,mchc,URINE,0.8,Random Forest Regressor,GridSearchCV,1.2108978139925775,0.8134887808429422,2.474234085631033,-1.532273406051023,8b0158f363824c1785621af95d671715,experiment_linear_mchc
1720.203870252443,0.005041580780741573,mchc,URINE,0.8,Random Forest Regressor,GridSearchCV,1.2108978139925775,0.8134887808429422,2.474234085631033,-1.532273406051023,8b0158f363824c1785621af95d671715,experiment_linear_mchc
1716.346910902101,0.004963057919664027,mchc,URINE,0.8,Random Forest Regressor,GridSearchCV,1.2108978139925775,0.8134887808429422,2.474234085631033,-1.532273406051023,8b0158f363824c1785621af95d671715,experiment_linear_mchc
1722.132349927614,0.004919539811288442,mchc,URINE,0.8,Random Forest Regressor,GridSearchCV,1.2108978139925775,0.8134887808429422,2.474234085631033,-1.532273406051023,8b0158f363824c1785621af95d671715,experiment_linear_mchc
1760.701943431032,0.004889102491214823,mchc,URINE,0.8,Random Forest Regressor,GridSearchCV,1.2108978139925775,0.8134887808429422,2.474234085631033,-1.532273406051023,8b0158f363824c1785621af95d671715,experiment_linear_mchc
1714.41843122693,0.004735141210508426,mchc,URINE,0.8,Random Forest Regressor,GridSearchCV,1.2108978139925775,0.8134887808429422,2.474234085631033,-1.532273406051023,8b0158f363824c1785621af95d671715,experiment_linear_mchc
1779.986740182741,0.004701998763743306,mchc,URINE,0.8,Random Forest Regressor,GridSearchCV,1.2108978139925775,0.8134887808429422,2.474234085631033,-1.532273406051023,8b0158f363824c1785621af95d671715,experiment_linear_mchc
1758.773463755861,0.0046942210201902845,mchc,URINE,0.8,Random Forest Regressor,GridSearchCV,1.2108978139925775,0.8134887808429422,2.474234085631033,-1.532273406051023,8b0158f363824c1785621af95d671715,experiment_linear_mchc
1724.060829602785,0.0046360333572498325,mchc,URINE,0.8,Random Forest Regressor,GridSearchCV,1.2108978139925775,0.8134887808429422,2.474234085631033,-1.532273406051023,8b0158f363824c1785621af95d671715,experiment_linear_mchc
931.4556831075452,0.004577950042940552,mchc,URINE,0.8,Random Forest Regressor,GridSearchCV,1.2108978139925775,0.8134887808429422,2.474234085631033,-1.532273406051023,8b0158f363824c1785621af95d671715,experiment_linear_mchc
1280.510504313478,0.004481228962144734,mchc,URINE,0.8,Random Forest Regressor,GridSearchCV,1.2108978139925775,0.8134887808429422,2.474234085631033,-1.532273406051023,8b0158f363824c1785621af95d671715,experiment_linear_mchc
2944.788463985964,0.035444381358695855,mchc,URINE,0.8,Random Forest Regressor,GridSearchCV,1.3551032387431496,0.8054187812252621,2.471876537090413,-2.171322218297102,8b0158f363824c1785621af95d671715,experiment_linear_mchc
2923.575187559084,0.018655088011529018,mchc,URINE,0.8,Random Forest Regressor,GridSearchCV,1.3551032387431496,0.8054187812252621,2.471876537090413,-2.171322218297102,8b0158f363824c1785621af95d671715,experiment_linear_mchc
2994.928935540408,0.0177944140921147,mchc,URINE,0.8,Random Forest Regressor,GridSearchCV,1.3551032387431496,0.8054187812252621,2.471876537090413,-2.171322218297102,8b0158f363824c1785621af95d671715,experiment_linear_mchc
1033.665105891602,0.017301222035636526,mchc,URINE,0.8,Random Forest Regressor,GridSearchCV,1.3551032387431496,0.8054187812252621,2.471876537090413,-2.171322218297102,8b0158f363824c1785621af95d671715,experiment_linear_mchc
2940.931504635622,0.017256824087958356,mchc,URINE,0.8,Random Forest Regressor,GridSearchCV,1.3551032387431496,0.8054187812252621,2.471876537090413,-2.171322218297102,8b0158f363824c1785621af95d671715,experiment_linear_mchc
2991.071976190066,0.0170404189460001,mchc,URINE,0.8,Random Forest Regressor,GridSearchCV,1.3551032387431496,0.8054187812252621,2.471876537090413,-2.171322218297102,8b0158f363824c1785621af95d671715,experiment_linear_mchc
3025.784610343142,0.016173113767798848,mchc,URINE,0.8,Random Forest Regressor,GridSearchCV,1.3551032387431496,0.8054187812252621,2.471876537090413,-2.171322218297102,8b0158f363824c1785621af95d671715,experiment_linear_mchc
2672.872829786867,0.014185535239688813,mchc,URINE,0.8,Random Forest Regressor,GridSearchCV,1.3551032387431496,0.8054187812252621,2.471876537090413,-2.171322218297102,8b0158f363824c1785621af95d671715,experiment_linear_mchc
3019.999171317629,0.012341486479442991,mchc,URINE,0.8,Random Forest Regressor,GridSearchCV,1.3551032387431496,0.8054187812252621,2.471876537090413,-2.171322218297102,8b0158f363824c1785621af95d671715,experiment_linear_mchc
2917.789748533572,0.01217585665136123,mchc,URINE,0.8,Random Forest Regressor,GridSearchCV,1.3551032387431496,0.8054187812252621,2.471876537090413,-2.171322218297102,8b0158f363824c1785621af95d671715,experiment_linear_mchc
3039.283968069338,0.011612627233960051,mchc,URINE,0.8,Random Forest Regressor,GridSearchCV,1.3551032387431496,0.8054187812252621,2.471876537090413,-2.171322218297102,8b0158f363824c1785621af95d671715,experiment_linear_mchc
1664.277959672487,0.01069910599107065,mchc,URINE,0.8,Random Forest Regressor,GridSearchCV,1.3551032387431496,0.8054187812252621,2.471876537090413,-2.171322218297102,8b0158f363824c1785621af95d671715,experiment_linear_mchc
2960.216301387331,0.010374422546111086,mchc,URINE,0.8,Random Forest Regressor,GridSearchCV,1.3551032387431496,0.8054187812252621,2.471876537090413,-2.171322218297102,8b0158f363824c1785621af95d671715,experiment_linear_mchc
3035.427008718997,0.010028696481376682,mchc,URINE,0.8,Random Forest Regressor,GridSearchCV,1.3551032387431496,0.8054187812252621,2.471876537090413,-2.171322218297102,8b0158f363824c1785621af95d671715,experiment_linear_mchc
2979.501098139041,0.00995723155604899,mchc,URINE,0.8,Random Forest Regressor,GridSearchCV,1.3551032387431496,0.8054187812252621,2.471876537090413,-2.171322218297102,8b0158f363824c1785621af95d671715,experiment_linear_mchc
2948.645423336306,0.009668127024567888,mchc,URINE,0.8,Random Forest Regressor,GridSearchCV,1.3551032387431496,0.8054187812252621,2.471876537090413,-2.171322218297102,8b0158f363824c1785621af95d671715,experiment_linear_mchc
3050.854846120364,0.00963995059207769,mchc,URINE,0.8,Random Forest Regressor,GridSearchCV,1.3551032387431496,0.8054187812252621,2.471876537090413,-2.171322218297102,8b0158f363824c1785621af95d671715,experiment_linear_mchc
2856.078398928103,0.00942953205354846,mchc,URINE,0.8,Random Forest Regressor,GridSearchCV,1.3551032387431496,0.8054187812252621,2.471876537090413,-2.171322218297102,8b0158f363824c1785621af95d671715,experiment_linear_mchc
2996.857415215578,0.009217754176894464,mchc,URINE,0.8,Random Forest Regressor,GridSearchCV,1.3551032387431496,0.8054187812252621,2.471876537090413,-2.171322218297102,8b0158f363824c1785621af95d671715,experiment_linear_mchc
1031.736626216432,0.009073922677591616,mchc,URINE,0.8,Random Forest Regressor,GridSearchCV,1.3551032387431496,0.8054187812252621,2.471876537090413,-2.171322218297102,8b0158f363824c1785621af95d671715,experiment_linear_mchc
1772.272821482057,0.0054814872722440166,mchc,URINE,0.8,Random Forest Regressor,GridSearchCV,1.2108978139925775,0.8134887808429422,2.474234085631033,-1.532273406051023,8b0158f363824c1785621af95d671715,experiment_linear_mchc
1770.344341806886,0.005475080189813153,mchc,URINE,0.8,Random Forest Regressor,GridSearchCV,1.2108978139925775,0.8134887808429422,2.474234085631033,-1.532273406051023,8b0158f363824c1785621af95d671715,experiment_linear_mchc
1774.201301157228,0.005451348046644905,mchc,URINE,0.8,Random Forest Regressor,GridSearchCV,1.2108978139925775,0.8134887808429422,2.474234085631033,-1.532273406051023,8b0158f363824c1785621af95d671715,experiment_linear_mchc
1768.415862131715,0.0054198285316812075,mchc,URINE,0.8,Random Forest Regressor,GridSearchCV,1.2108978139925775,0.8134887808429422,2.474234085631033,-1.532273406051023,8b0158f363824c1785621af95d671715,experiment_linear_mchc
1776.129780832399,0.005354450455862874,mchc,URINE,0.8,Random Forest Regressor,GridSearchCV,1.2108978139925775,0.8134887808429422,2.474234085631033,-1.532273406051023,8b0158f363824c1785621af95d671715,experiment_linear_mchc
1766.487382456544,0.005348530376694162,mchc,URINE,0.8,Random Forest Regressor,GridSearchCV,1.2108978139925775,0.8134887808429422,2.474234085631033,-1.532273406051023,8b0158f363824c1785621af95d671715,experiment_linear_mchc
1764.558902781373,0.0052369291660259295,mchc,URINE,0.8,Random Forest Regressor,GridSearchCV,1.2108978139925775,0.8134887808429422,2.474234085631033,-1.532273406051023,8b0158f363824c1785621af95d671715,experiment_linear_mchc
1778.05826050757,0.0051118812316117415,mchc,URINE,0.8,Random Forest Regressor,GridSearchCV,1.2108978139925775,0.8134887808429422,2.474234085631033,-1.532273406051023,8b0158f363824c1785621af95d671715,experiment_linear_mchc
1762.630423106202,0.005059701085049613,mchc,URINE,0.8,Random Forest Regressor,GridSearchCV,1.2108978139925775,0.8134887808429422,2.474234085631033,-1.532273406051023,8b0158f363824c1785621af95d671715,experiment_linear_mchc
1718.275390577272,0.005054551814380397,mchc,URINE,0.8,Random Forest Regressor,GridSearchCV,1.2108978139925775,0.8134887808429422,2.474234085631033,-1.532273406051023,8b0158f363824c1785621af95d671715,experiment_linear_mchc
1720.203870252443,0.005041580780741573,mchc,URINE,0.8,Random Forest Regressor,GridSearchCV,1.2108978139925775,0.8134887808429422,2.474234085631033,-1.532273406051023,8b0158f363824c1785621af95d671715,experiment_linear_mchc
1716.346910902101,0.004963057919664027,mchc,URINE,0.8,Random Forest Regressor,GridSearchCV,1.2108978139925775,0.8134887808429422,2.474234085631033,-1.532273406051023,8b0158f363824c1785621af95d671715,experiment_linear_mchc
1722.132349927614,0.004919539811288443,mchc,URINE,0.8,Random Forest Regressor,GridSearchCV,1.2108978139925775,0.8134887808429422,2.474234085631033,-1.532273406051023,8b0158f363824c1785621af95d671715,experiment_linear_mchc
1760.701943431032,0.004889102491214823,mchc,URINE,0.8,Random Forest Regressor,GridSearchCV,1.2108978139925775,0.8134887808429422,2.474234085631033,-1.532273406051023,8b0158f363824c1785621af95d671715,experiment_linear_mchc
1714.41843122693,0.004735141210508424,mchc,URINE,0.8,Random Forest Regressor,GridSearchCV,1.2108978139925775,0.8134887808429422,2.474234085631033,-1.532273406051023,8b0158f363824c1785621af95d671715,experiment_linear_mchc
1779.986740182741,0.004701998763743307,mchc,URINE,0.8,Random Forest Regressor,GridSearchCV,1.2108978139925775,0.8134887808429422,2.474234085631033,-1.532273406051023,8b0158f363824c1785621af95d671715,experiment_linear_mchc
1758.773463755861,0.0046942210201902845,mchc,URINE,0.8,Random Forest Regressor,GridSearchCV,1.2108978139925775,0.8134887808429422,2.474234085631033,-1.532273406051023,8b0158f363824c1785621af95d671715,experiment_linear_mchc
1724.060829602785,0.004636033357249834,mchc,URINE,0.8,Random Forest Regressor,GridSearchCV,1.2108978139925775,0.8134887808429422,2.474234085631033,-1.532273406051023,8b0158f363824c1785621af95d671715,experiment_linear_mchc
931.4556831075452,0.00457795004294055,mchc,URINE,0.8,Random Forest Regressor,GridSearchCV,1.2108978139925775,0.8134887808429422,2.474234085631033,-1.532273406051023,8b0158f363824c1785621af95d671715,experiment_linear_mchc
1280.510504313478,0.004481228962144739,mchc,URINE,0.8,Random Forest Regressor,GridSearchCV,1.2108978139925775,0.8134887808429422,2.474234085631033,-1.532273406051023,8b0158f363824c1785621af95d671715,experiment_linear_mchc
2944.788463985964,0.035444381358695855,mchc,URINE,0.8,Random Forest Regressor,GridSearchCV,1.3551032387431496,0.8054187812252621,2.471876537090413,-2.171322218297102,8b0158f363824c1785621af95d671715,experiment_linear_mchc
2923.575187559084,0.018655088011529018,mchc,URINE,0.8,Random Forest Regressor,GridSearchCV,1.3551032387431496,0.8054187812252621,2.471876537090413,-2.171322218297102,8b0158f363824c1785621af95d671715,experiment_linear_mchc
2994.928935540408,0.0177944140921147,mchc,URINE,0.8,Random Forest Regressor,GridSearchCV,1.3551032387431496,0.8054187812252621,2.471876537090413,-2.171322218297102,8b0158f363824c1785621af95d671715,experiment_linear_mchc
1033.665105891602,0.017301222035636526,mchc,URINE,0.8,Random Forest Regressor,GridSearchCV,1.3551032387431496,0.8054187812252621,2.471876537090413,-2.171322218297102,8b0158f363824c1785621af95d671715,experiment_linear_mchc
2940.931504635622,0.017256824087958356,mchc,URINE,0.8,Random Forest Regressor,GridSearchCV,1.3551032387431496,0.8054187812252621,2.471876537090413,-2.171322218297102,8b0158f363824c1785621af95d671715,experiment_linear_mchc
2991.071976190066,0.0170404189460001,mchc,URINE,0.8,Random Forest Regressor,GridSearchCV,1.3551032387431496,0.8054187812252621,2.471876537090413,-2.171322218297102,8b0158f363824c1785621af95d671715,experiment_linear_mchc
3025.784610343142,0.016173113767798848,mchc,URINE,0.8,Random Forest Regressor,GridSearchCV,1.3551032387431496,0.8054187812252621,2.471876537090413,-2.171322218297102,8b0158f363824c1785621af95d671715,experiment_linear_mchc
2672.872829786867,0.014185535239688813,mchc,URINE,0.8,Random Forest Regressor,GridSearchCV,1.3551032387431496,0.8054187812252621,2.471876537090413,-2.171322218297102,8b0158f363824c1785621af95d671715,experiment_linear_mchc
3019.999171317629,0.012341486479442991,mchc,URINE,0.8,Random Forest Regressor,GridSearchCV,1.3551032387431496,0.8054187812252621,2.471876537090413,-2.171322218297102,8b0158f363824c1785621af95d671715,experiment_linear_mchc
2917.789748533572,0.01217585665136123,mchc,URINE,0.8,Random Forest Regressor,GridSearchCV,1.3551032387431496,0.8054187812252621,2.471876537090413,-2.171322218297102,8b0158f363824c1785621af95d671715,experiment_linear_mchc
3039.283968069338,0.011612627233960051,mchc,URINE,0.8,Random Forest Regressor,GridSearchCV,1.3551032387431496,0.8054187812252621,2.471876537090413,-2.171322218297102,8b0158f363824c1785621af95d671715,experiment_linear_mchc
1664.277959672487,0.01069910599107065,mchc,URINE,0.8,Random Forest Regressor,GridSearchCV,1.3551032387431496,0.8054187812252621,2.471876537090413,-2.171322218297102,8b0158f363824c1785621af95d671715,experiment_linear_mchc
2960.216301387331,0.010374422546111086,mchc,URINE,0.8,Random Forest Regressor,GridSearchCV,1.3551032387431496,0.8054187812252621,2.471876537090413,-2.171322218297102,8b0158f363824c1785621af95d671715,experiment_linear_mchc
3035.427008718997,0.010028696481376682,mchc,URINE,0.8,Random Forest Regressor,GridSearchCV,1.3551032387431496,0.8054187812252621,2.471876537090413,-2.171322218297102,8b0158f363824c1785621af95d671715,experiment_linear_mchc
2979.501098139041,0.00995723155604899,mchc,URINE,0.8,Random Forest Regressor,GridSearchCV,1.3551032387431496,0.8054187812252621,2.471876537090413,-2.171322218297102,8b0158f363824c1785621af95d671715,experiment_linear_mchc
2948.645423336306,0.009668127024567888,mchc,URINE,0.8,Random Forest Regressor,GridSearchCV,1.3551032387431496,0.8054187812252621,2.471876537090413,-2.171322218297102,8b0158f363824c1785621af95d671715,experiment_linear_mchc
3050.854846120364,0.00963995059207769,mchc,URINE,0.8,Random Forest Regressor,GridSearchCV,1.3551032387431496,0.8054187812252621,2.471876537090413,-2.171322218297102,8b0158f363824c1785621af95d671715,experiment_linear_mchc
2856.078398928103,0.00942953205354846,mchc,URINE,0.8,Random Forest Regressor,GridSearchCV,1.3551032387431496,0.8054187812252621,2.471876537090413,-2.171322218297102,8b0158f363824c1785621af95d671715,experiment_linear_mchc
2996.857415215578,0.009217754176894464,mchc,URINE,0.8,Random Forest Regressor,GridSearchCV,1.3551032387431496,0.8054187812252621,2.471876537090413,-2.171322218297102,8b0158f363824c1785621af95d671715,experiment_linear_mchc
1031.736626216432,0.009073922677591616,mchc,URINE,0.8,Random Forest Regressor,GridSearchCV,1.3551032387431496,0.8054187812252621,2.471876537090413,-2.171322218297102,8b0158f363824c1785621af95d671715,experiment_linear_mchc
1045.235983942628,0.010407912025807554,mchc,CAPILAR,0.8,Decision Tree Regressor,GridSearchCV,1.0036948008898585,0.8199948717948713,2.495345928998552,-0.8284381263942988,8b0158f363824c1785621af95d671715,experiment_linear_mchc
1043.307504267457,0.01011787598438305,mchc,CAPILAR,0.8,Decision Tree Regressor,GridSearchCV,1.0036948008898585,0.8199948717948713,2.495345928998552,-0.8284381263942988,8b0158f363824c1785621af95d671715,experiment_linear_mchc
1047.164463617799,0.010099564204474791,mchc,CAPILAR,0.8,Decision Tree Regressor,GridSearchCV,1.0036948008898585,0.8199948717948713,2.495345928998552,-0.8284381263942988,8b0158f363824c1785621af95d671715,experiment_linear_mchc
1049.092943292969,0.009424083537024118,mchc,CAPILAR,0.8,Decision Tree Regressor,GridSearchCV,1.0036948008898585,0.8199948717948713,2.495345928998552,-0.8284381263942988,8b0158f363824c1785621af95d671715,experiment_linear_mchc
1041.379024592286,0.009385959457817375,mchc,CAPILAR,0.8,Decision Tree Regressor,GridSearchCV,1.0036948008898585,0.8199948717948713,2.495345928998552,-0.8284381263942988,8b0158f363824c1785621af95d671715,experiment_linear_mchc
1051.021422968141,0.008558456345018669,mchc,CAPILAR,0.8,Decision Tree Regressor,GridSearchCV,1.0036948008898585,0.8199948717948713,2.495345928998552,-0.8284381263942988,8b0158f363824c1785621af95d671715,experiment_linear_mchc
1039.450544917115,0.007975843464609354,mchc,CAPILAR,0.8,Decision Tree Regressor,GridSearchCV,1.0036948008898585,0.8199948717948713,2.495345928998552,-0.8284381263942988,8b0158f363824c1785621af95d671715,experiment_linear_mchc
960.3828782351084,0.007928372534322563,mchc,CAPILAR,0.8,Decision Tree Regressor,GridSearchCV,1.0036948008898585,0.8199948717948713,2.495345928998552,-0.8284381263942988,8b0158f363824c1785621af95d671715,experiment_linear_mchc
1172.515642503907,0.007575753688453721,mchc,CAPILAR,0.8,Decision Tree Regressor,GridSearchCV,1.0036948008898585,0.8199948717948713,2.495345928998552,-0.8284381263942988,8b0158f363824c1785621af95d671715,experiment_linear_mchc
1068.377740044679,0.007394851353268172,mchc,CAPILAR,0.8,Decision Tree Regressor,GridSearchCV,1.0036948008898585,0.8199948717948713,2.495345928998552,-0.8284381263942988,8b0158f363824c1785621af95d671715,experiment_linear_mchc
1174.444122179078,0.007350597795100211,mchc,CAPILAR,0.8,Decision Tree Regressor,GridSearchCV,1.0036948008898585,0.8199948717948713,2.495345928998552,-0.8284381263942988,8b0158f363824c1785621af95d671715,experiment_linear_mchc
1070.306219719849,0.007339128314123527,mchc,CAPILAR,0.8,Decision Tree Regressor,GridSearchCV,1.0036948008898585,0.8199948717948713,2.495345928998552,-0.8284381263942988,8b0158f363824c1785621af95d671715,experiment_linear_mchc
1170.587162828736,0.00701865808987527,mchc,CAPILAR,0.8,Decision Tree Regressor,GridSearchCV,1.0036948008898585,0.8199948717948713,2.495345928998552,-0.8284381263942988,8b0158f363824c1785621af95d671715,experiment_linear_mchc
1052.949902643312,0.006873257600285759,mchc,CAPILAR,0.8,Decision Tree Regressor,GridSearchCV,1.0036948008898585,0.8199948717948713,2.495345928998552,-0.8284381263942988,8b0158f363824c1785621af95d671715,experiment_linear_mchc
1176.372601854249,0.006504535872170788,mchc,CAPILAR,0.8,Decision Tree Regressor,GridSearchCV,1.0036948008898585,0.8199948717948713,2.495345928998552,-0.8284381263942988,8b0158f363824c1785621af95d671715,experiment_linear_mchc
1641.136203570436,0.006503588349279459,mchc,CAPILAR,0.8,Decision Tree Regressor,GridSearchCV,1.0036948008898585,0.8199948717948713,2.495345928998552,-0.8284381263942988,8b0158f363824c1785621af95d671715,experiment_linear_mchc
1083.805577446046,0.006410822566127589,mchc,CAPILAR,0.8,Decision Tree Regressor,GridSearchCV,1.0036948008898585,0.8199948717948713,2.495345928998552,-0.8284381263942988,8b0158f363824c1785621af95d671715,experiment_linear_mchc
1085.734057121217,0.006264001107781493,mchc,CAPILAR,0.8,Decision Tree Regressor,GridSearchCV,1.0036948008898585,0.8199948717948713,2.495345928998552,-0.8284381263942988,8b0158f363824c1785621af95d671715,experiment_linear_mchc
962.3113579102792,0.006251933903893189,mchc,CAPILAR,0.8,Decision Tree Regressor,GridSearchCV,1.0036948008898585,0.8199948717948713,2.495345928998552,-0.8284381263942988,8b0158f363824c1785621af95d671715,experiment_linear_mchc
1037.522065241944,0.0062352748975249735,mchc,CAPILAR,0.8,Decision Tree Regressor,GridSearchCV,1.0036948008898585,0.8199948717948713,2.495345928998552,-0.8284381263942988,8b0158f363824c1785621af95d671715,experiment_linear_mchc
1743.345626354494,0.11387273729936788,mchc,CAPILAR,0.8,Decision Tree Regressor,GridSearchCV,0.9075130237816604,0.6739461538461533,2.0578919455704408,-0.49479849601196335,8b0158f363824c1785621af95d671715,experiment_linear_mchc
3039.283968069338,0.09287835837501619,mchc,CAPILAR,0.8,Decision Tree Regressor,GridSearchCV,0.9075130237816604,0.6739461538461533,2.0578919455704408,-0.49479849601196335,8b0158f363824c1785621af95d671715,experiment_linear_mchc
1213.013715682496,0.07739863197917851,mchc,CAPILAR,0.8,Decision Tree Regressor,GridSearchCV,0.9075130237816604,0.6739461538461533,2.0578919455704408,-0.49479849601196335,8b0158f363824c1785621af95d671715,experiment_linear_mchc
948.812000184083,0.07598997687715854,mchc,CAPILAR,0.8,Decision Tree Regressor,GridSearchCV,0.9075130237816604,0.6739461538461533,2.0578919455704408,-0.49479849601196335,8b0158f363824c1785621af95d671715,experiment_linear_mchc
1695.133634475221,0.07493735548224213,mchc,CAPILAR,0.8,Decision Tree Regressor,GridSearchCV,0.9075130237816604,0.6739461538461533,2.0578919455704408,-0.49479849601196335,8b0158f363824c1785621af95d671715,experiment_linear_mchc
1159.016284777711,0.06075405617205678,mchc,CAPILAR,0.8,Decision Tree Regressor,GridSearchCV,0.9075130237816604,0.6739461538461533,2.0578919455704408,-0.49479849601196335,8b0158f363824c1785621af95d671715,experiment_linear_mchc
1216.870675032838,0.05655905031878541,mchc,CAPILAR,0.8,Decision Tree Regressor,GridSearchCV,0.9075130237816604,0.6739461538461533,2.0578919455704408,-0.49479849601196335,8b0158f363824c1785621af95d671715,experiment_linear_mchc
1168.658683153565,0.05650293631060186,mchc,CAPILAR,0.8,Decision Tree Regressor,GridSearchCV,0.9075130237816604,0.6739461538461533,2.0578919455704408,-0.49479849601196335,8b0158f363824c1785621af95d671715,experiment_linear_mchc
1639.207723895265,0.04837414498698751,mchc,CAPILAR,0.8,Decision Tree Regressor,GridSearchCV,0.9075130237816604,0.6739461538461533,2.0578919455704408,-0.49479849601196335,8b0158f363824c1785621af95d671715,experiment_linear_mchc
2510.880537072512,0.04450421338802859,mchc,CAPILAR,0.8,Decision Tree Regressor,GridSearchCV,0.9075130237816604,0.6739461538461533,2.0578919455704408,-0.49479849601196335,8b0158f363824c1785621af95d671715,experiment_linear_mchc
973.8822359613046,0.03869931598958991,mchc,CAPILAR,0.8,Decision Tree Regressor,GridSearchCV,0.9075130237816604,0.6739461538461533,2.0578919455704408,-0.49479849601196335,8b0158f363824c1785621af95d671715,experiment_linear_mchc
1012.451829464723,0.03717069300800123,mchc,CAPILAR,0.8,Decision Tree Regressor,GridSearchCV,0.9075130237816604,0.6739461538461533,2.0578919455704408,-0.49479849601196335,8b0158f363824c1785621af95d671715,experiment_linear_mchc
1261.225707561769,0.03676435019011024,mchc,CAPILAR,0.8,Decision Tree Regressor,GridSearchCV,0.9075130237816604,0.6739461538461533,2.0578919455704408,-0.49479849601196335,8b0158f363824c1785621af95d671715,experiment_linear_mchc
997.0239920633553,0.03482938439063059,mchc,CAPILAR,0.8,Decision Tree Regressor,GridSearchCV,0.9075130237816604,0.6739461538461533,2.0578919455704408,-0.49479849601196335,8b0158f363824c1785621af95d671715,experiment_linear_mchc
1353.792731969972,0.034303073693172974,mchc,CAPILAR,0.8,Decision Tree Regressor,GridSearchCV,0.9075130237816604,0.6739461538461533,2.0578919455704408,-0.49479849601196335,8b0158f363824c1785621af95d671715,experiment_linear_mchc
958.4543985599371,0.032894418591151345,mchc,CAPILAR,0.8,Decision Tree Regressor,GridSearchCV,0.9075130237816604,0.6739461538461533,2.0578919455704408,-0.49479849601196335,8b0158f363824c1785621af95d671715,experiment_linear_mchc
1631.493805194581,0.025649906637900215,mchc,CAPILAR,0.8,Decision Tree Regressor,GridSearchCV,0.9075130237816604,0.6739461538461533,2.0578919455704408,-0.49479849601196335,8b0158f363824c1785621af95d671715,experiment_linear_mchc
1143.588447376344,0.023219589593753993,mchc,CAPILAR,0.8,Decision Tree Regressor,GridSearchCV,0.9075130237816604,0.6739461538461533,2.0578919455704408,-0.49479849601196335,8b0158f363824c1785621af95d671715,experiment_linear_mchc
3048.926366445193,0.016969650061435214,mchc,CAPILAR,0.8,Decision Tree Regressor,GridSearchCV,0.9075130237816604,0.6739461538461533,2.0578919455704408,-0.49479849601196335,8b0158f363824c1785621af95d671715,experiment_linear_mchc
2501.238138696657,0.007739863197917816,mchc,CAPILAR,0.8,Decision Tree Regressor,GridSearchCV,0.9075130237816604,0.6739461538461533,2.0578919455704408,-0.49479849601196335,8b0158f363824c1785621af95d671715,experiment_linear_mchc
1045.235983942628,0.010407912025807552,mchc,CAPILAR,0.8,Decision Tree Regressor,GridSearchCV,1.0036948008898585,0.8199948717948713,2.495345928998552,-0.8284381263942988,8b0158f363824c1785621af95d671715,experiment_linear_mchc
1043.307504267457,0.01011787598438305,mchc,CAPILAR,0.8,Decision Tree Regressor,GridSearchCV,1.0036948008898585,0.8199948717948713,2.495345928998552,-0.8284381263942988,8b0158f363824c1785621af95d671715,experiment_linear_mchc
1047.164463617799,0.010099564204474793,mchc,CAPILAR,0.8,Decision Tree Regressor,GridSearchCV,1.0036948008898585,0.8199948717948713,2.495345928998552,-0.8284381263942988,8b0158f363824c1785621af95d671715,experiment_linear_mchc
1049.092943292969,0.009424083537024121,mchc,CAPILAR,0.8,Decision Tree Regressor,GridSearchCV,1.0036948008898585,0.8199948717948713,2.495345928998552,-0.8284381263942988,8b0158f363824c1785621af95d671715,experiment_linear_mchc
1041.379024592286,0.009385959457817375,mchc,CAPILAR,0.8,Decision Tree Regressor,GridSearchCV,1.0036948008898585,0.8199948717948713,2.495345928998552,-0.8284381263942988,8b0158f363824c1785621af95d671715,experiment_linear_mchc
1051.021422968141,0.008558456345018674,mchc,CAPILAR,0.8,Decision Tree Regressor,GridSearchCV,1.0036948008898585,0.8199948717948713,2.495345928998552,-0.8284381263942988,8b0158f363824c1785621af95d671715,experiment_linear_mchc
1039.450544917115,0.007975843464609354,mchc,CAPILAR,0.8,Decision Tree Regressor,GridSearchCV,1.0036948008898585,0.8199948717948713,2.495345928998552,-0.8284381263942988,8b0158f363824c1785621af95d671715,experiment_linear_mchc
960.3828782351084,0.007928372534322565,mchc,CAPILAR,0.8,Decision Tree Regressor,GridSearchCV,1.0036948008898585,0.8199948717948713,2.495345928998552,-0.8284381263942988,8b0158f363824c1785621af95d671715,experiment_linear_mchc
1172.515642503907,0.0075757536884537196,mchc,CAPILAR,0.8,Decision Tree Regressor,GridSearchCV,1.0036948008898585,0.8199948717948713,2.495345928998552,-0.8284381263942988,8b0158f363824c1785621af95d671715,experiment_linear_mchc
1068.377740044679,0.0073948513532681726,mchc,CAPILAR,0.8,Decision Tree Regressor,GridSearchCV,1.0036948008898585,0.8199948717948713,2.495345928998552,-0.8284381263942988,8b0158f363824c1785621af95d671715,experiment_linear_mchc
1174.444122179078,0.007350597795100203,mchc,CAPILAR,0.8,Decision Tree Regressor,GridSearchCV,1.0036948008898585,0.8199948717948713,2.495345928998552,-0.8284381263942988,8b0158f363824c1785621af95d671715,experiment_linear_mchc
1070.306219719849,0.007339128314123526,mchc,CAPILAR,0.8,Decision Tree Regressor,GridSearchCV,1.0036948008898585,0.8199948717948713,2.495345928998552,-0.8284381263942988,8b0158f363824c1785621af95d671715,experiment_linear_mchc
1170.587162828736,0.007018658089875269,mchc,CAPILAR,0.8,Decision Tree Regressor,GridSearchCV,1.0036948008898585,0.8199948717948713,2.495345928998552,-0.8284381263942988,8b0158f363824c1785621af95d671715,experiment_linear_mchc
1052.949902643312,0.006873257600285755,mchc,CAPILAR,0.8,Decision Tree Regressor,GridSearchCV,1.0036948008898585,0.8199948717948713,2.495345928998552,-0.8284381263942988,8b0158f363824c1785621af95d671715,experiment_linear_mchc
1176.372601854249,0.006504535872170786,mchc,CAPILAR,0.8,Decision Tree Regressor,GridSearchCV,1.0036948008898585,0.8199948717948713,2.495345928998552,-0.8284381263942988,8b0158f363824c1785621af95d671715,experiment_linear_mchc
1641.136203570436,0.006503588349279451,mchc,CAPILAR,0.8,Decision Tree Regressor,GridSearchCV,1.0036948008898585,0.8199948717948713,2.495345928998552,-0.8284381263942988,8b0158f363824c1785621af95d671715,experiment_linear_mchc
1083.805577446046,0.006410822566127594,mchc,CAPILAR,0.8,Decision Tree Regressor,GridSearchCV,1.0036948008898585,0.8199948717948713,2.495345928998552,-0.8284381263942988,8b0158f363824c1785621af95d671715,experiment_linear_mchc
1085.734057121217,0.006264001107781492,mchc,CAPILAR,0.8,Decision Tree Regressor,GridSearchCV,1.0036948008898585,0.8199948717948713,2.495345928998552,-0.8284381263942988,8b0158f363824c1785621af95d671715,experiment_linear_mchc
962.3113579102792,0.006251933903893195,mchc,CAPILAR,0.8,Decision Tree Regressor,GridSearchCV,1.0036948008898585,0.8199948717948713,2.495345928998552,-0.8284381263942988,8b0158f363824c1785621af95d671715,experiment_linear_mchc
1037.522065241944,0.006235274897524974,mchc,CAPILAR,0.8,Decision Tree Regressor,GridSearchCV,1.0036948008898585,0.8199948717948713,2.495345928998552,-0.8284381263942988,8b0158f363824c1785621af95d671715,experiment_linear_mchc
1743.345626354494,0.11387273729936788,mchc,CAPILAR,0.8,Decision Tree Regressor,GridSearchCV,0.9075130237816604,0.6739461538461533,2.0578919455704408,-0.49479849601196335,8b0158f363824c1785621af95d671715,experiment_linear_mchc
3039.283968069338,0.09287835837501619,mchc,CAPILAR,0.8,Decision Tree Regressor,GridSearchCV,0.9075130237816604,0.6739461538461533,2.0578919455704408,-0.49479849601196335,8b0158f363824c1785621af95d671715,experiment_linear_mchc
1213.013715682496,0.07739863197917851,mchc,CAPILAR,0.8,Decision Tree Regressor,GridSearchCV,0.9075130237816604,0.6739461538461533,2.0578919455704408,-0.49479849601196335,8b0158f363824c1785621af95d671715,experiment_linear_mchc
948.812000184083,0.07598997687715854,mchc,CAPILAR,0.8,Decision Tree Regressor,GridSearchCV,0.9075130237816604,0.6739461538461533,2.0578919455704408,-0.49479849601196335,8b0158f363824c1785621af95d671715,experiment_linear_mchc
1695.133634475221,0.07493735548224213,mchc,CAPILAR,0.8,Decision Tree Regressor,GridSearchCV,0.9075130237816604,0.6739461538461533,2.0578919455704408,-0.49479849601196335,8b0158f363824c1785621af95d671715,experiment_linear_mchc
1159.016284777711,0.06075405617205678,mchc,CAPILAR,0.8,Decision Tree Regressor,GridSearchCV,0.9075130237816604,0.6739461538461533,2.0578919455704408,-0.49479849601196335,8b0158f363824c1785621af95d671715,experiment_linear_mchc
1216.870675032838,0.05655905031878541,mchc,CAPILAR,0.8,Decision Tree Regressor,GridSearchCV,0.9075130237816604,0.6739461538461533,2.0578919455704408,-0.49479849601196335,8b0158f363824c1785621af95d671715,experiment_linear_mchc
1168.658683153565,0.05650293631060186,mchc,CAPILAR,0.8,Decision Tree Regressor,GridSearchCV,0.9075130237816604,0.6739461538461533,2.0578919455704408,-0.49479849601196335,8b0158f363824c1785621af95d671715,experiment_linear_mchc
1639.207723895265,0.04837414498698751,mchc,CAPILAR,0.8,Decision Tree Regressor,GridSearchCV,0.9075130237816604,0.6739461538461533,2.0578919455704408,-0.49479849601196335,8b0158f363824c1785621af95d671715,experiment_linear_mchc
2510.880537072512,0.04450421338802859,mchc,CAPILAR,0.8,Decision Tree Regressor,GridSearchCV,0.9075130237816604,0.6739461538461533,2.0578919455704408,-0.49479849601196335,8b0158f363824c1785621af95d671715,experiment_linear_mchc
973.8822359613046,0.03869931598958991,mchc,CAPILAR,0.8,Decision Tree Regressor,GridSearchCV,0.9075130237816604,0.6739461538461533,2.0578919455704408,-0.49479849601196335,8b0158f363824c1785621af95d671715,experiment_linear_mchc
1012.451829464723,0.03717069300800123,mchc,CAPILAR,0.8,Decision Tree Regressor,GridSearchCV,0.9075130237816604,0.6739461538461533,2.0578919455704408,-0.49479849601196335,8b0158f363824c1785621af95d671715,experiment_linear_mchc
1261.225707561769,0.03676435019011024,mchc,CAPILAR,0.8,Decision Tree Regressor,GridSearchCV,0.9075130237816604,0.6739461538461533,2.0578919455704408,-0.49479849601196335,8b0158f363824c1785621af95d671715,experiment_linear_mchc
997.0239920633553,0.03482938439063059,mchc,CAPILAR,0.8,Decision Tree Regressor,GridSearchCV,0.9075130237816604,0.6739461538461533,2.0578919455704408,-0.49479849601196335,8b0158f363824c1785621af95d671715,experiment_linear_mchc
1353.792731969972,0.034303073693172974,mchc,CAPILAR,0.8,Decision Tree Regressor,GridSearchCV,0.9075130237816604,0.6739461538461533,2.0578919455704408,-0.49479849601196335,8b0158f363824c1785621af95d671715,experiment_linear_mchc
958.4543985599371,0.032894418591151345,mchc,CAPILAR,0.8,Decision Tree Regressor,GridSearchCV,0.9075130237816604,0.6739461538461533,2.0578919455704408,-0.49479849601196335,8b0158f363824c1785621af95d671715,experiment_linear_mchc
1631.493805194581,0.025649906637900215,mchc,CAPILAR,0.8,Decision Tree Regressor,GridSearchCV,0.9075130237816604,0.6739461538461533,2.0578919455704408,-0.49479849601196335,8b0158f363824c1785621af95d671715,experiment_linear_mchc
1143.588447376344,0.023219589593753993,mchc,CAPILAR,0.8,Decision Tree Regressor,GridSearchCV,0.9075130237816604,0.6739461538461533,2.0578919455704408,-0.49479849601196335,8b0158f363824c1785621af95d671715,experiment_linear_mchc
3048.926366445193,0.016969650061435214,mchc,CAPILAR,0.8,Decision Tree Regressor,GridSearchCV,0.9075130237816604,0.6739461538461533,2.0578919455704408,-0.49479849601196335,8b0158f363824c1785621af95d671715,experiment_linear_mchc
2501.238138696657,0.007739863197917816,mchc,CAPILAR,0.8,Decision Tree Regressor,GridSearchCV,0.9075130237816604,0.6739461538461533,2.0578919455704408,-0.49479849601196335,8b0158f363824c1785621af95d671715,experiment_linear_mchc
1120.446691274293,0.006061371224669039,mchc,PLASMA,0.8,Decision Tree Regressor,GridSearchCV,3.127323033885845,0.9894228628117914,5.13975663521034,-0.06583937513239468,8b0158f363824c1785621af95d671715,experiment_linear_mchc
1122.375170949464,0.0060025401469954,mchc,PLASMA,0.8,Decision Tree Regressor,GridSearchCV,3.127323033885845,0.9894228628117914,5.13975663521034,-0.06583937513239468,8b0158f363824c1785621af95d671715,experiment_linear_mchc
1118.518211599122,0.005980100243284405,mchc,PLASMA,0.8,Decision Tree Regressor,GridSearchCV,3.127323033885845,0.9894228628117914,5.13975663521034,-0.06583937513239468,8b0158f363824c1785621af95d671715,experiment_linear_mchc
1128.160609974977,0.005959241124908333,mchc,PLASMA,0.8,Decision Tree Regressor,GridSearchCV,3.127323033885845,0.9894228628117914,5.13975663521034,-0.06583937513239468,8b0158f363824c1785621af95d671715,experiment_linear_mchc
1124.303650624635,0.005956172976632088,mchc,PLASMA,0.8,Decision Tree Regressor,GridSearchCV,3.127323033885845,0.9894228628117914,5.13975663521034,-0.06583937513239468,8b0158f363824c1785621af95d671715,experiment_linear_mchc
1126.232130299806,0.005944422634906081,mchc,PLASMA,0.8,Decision Tree Regressor,GridSearchCV,3.127323033885845,0.9894228628117914,5.13975663521034,-0.06583937513239468,8b0158f363824c1785621af95d671715,experiment_linear_mchc
1130.089089650148,0.005932962529629757,mchc,PLASMA,0.8,Decision Tree Regressor,GridSearchCV,3.127323033885845,0.9894228628117914,5.13975663521034,-0.06583937513239468,8b0158f363824c1785621af95d671715,experiment_linear_mchc
1132.017569325318,0.0056846056976249055,mchc,PLASMA,0.8,Decision Tree Regressor,GridSearchCV,3.127323033885845,0.9894228628117914,5.13975663521034,-0.06583937513239468,8b0158f363824c1785621af95d671715,experiment_linear_mchc
1116.589731923951,0.005671887053901138,mchc,PLASMA,0.8,Decision Tree Regressor,GridSearchCV,3.127323033885845,0.9894228628117914,5.13975663521034,-0.06583937513239468,8b0158f363824c1785621af95d671715,experiment_linear_mchc
1114.66125224878,0.005241997170536999,mchc,PLASMA,0.8,Decision Tree Regressor,GridSearchCV,3.127323033885845,0.9894228628117914,5.13975663521034,-0.06583937513239468,8b0158f363824c1785621af95d671715,experiment_linear_mchc
1133.946049000489,0.005137637917420435,mchc,PLASMA,0.8,Decision Tree Regressor,GridSearchCV,3.127323033885845,0.9894228628117914,5.13975663521034,-0.06583937513239468,8b0158f363824c1785621af95d671715,experiment_linear_mchc
1112.732772573609,0.004719677044488486,mchc,PLASMA,0.8,Decision Tree Regressor,GridSearchCV,3.127323033885845,0.9894228628117914,5.13975663521034,-0.06583937513239468,8b0158f363824c1785621af95d671715,experiment_linear_mchc
1135.87452867566,0.004356500958948166,mchc,PLASMA,0.8,Decision Tree Regressor,GridSearchCV,3.127323033885845,0.9894228628117914,5.13975663521034,-0.06583937513239468,8b0158f363824c1785621af95d671715,experiment_linear_mchc
1110.804292898438,0.004130878353078641,mchc,PLASMA,0.8,Decision Tree Regressor,GridSearchCV,3.127323033885845,0.9894228628117914,5.13975663521034,-0.06583937513239468,8b0158f363824c1785621af95d671715,experiment_linear_mchc
1108.875813223267,0.0036091990082856257,mchc,PLASMA,0.8,Decision Tree Regressor,GridSearchCV,3.127323033885845,0.9894228628117914,5.13975663521034,-0.06583937513239468,8b0158f363824c1785621af95d671715,experiment_linear_mchc
1137.803008350831,0.003441231610761205,mchc,PLASMA,0.8,Decision Tree Regressor,GridSearchCV,3.127323033885845,0.9894228628117914,5.13975663521034,-0.06583937513239468,8b0158f363824c1785621af95d671715,experiment_linear_mchc
2717.227862315798,0.0033316462325446833,mchc,PLASMA,0.8,Decision Tree Regressor,GridSearchCV,3.127323033885845,0.9894228628117914,5.13975663521034,-0.06583937513239468,8b0158f363824c1785621af95d671715,experiment_linear_mchc
2711.442423290285,0.003310553296830838,mchc,PLASMA,0.8,Decision Tree Regressor,GridSearchCV,3.127323033885845,0.9894228628117914,5.13975663521034,-0.06583937513239468,8b0158f363824c1785621af95d671715,experiment_linear_mchc
1502.285666958131,0.003309660255705082,mchc,PLASMA,0.8,Decision Tree Regressor,GridSearchCV,3.127323033885845,0.9894228628117914,5.13975663521034,-0.06583937513239468,8b0158f363824c1785621af95d671715,experiment_linear_mchc
1500.35718728296,0.003274026134502136,mchc,PLASMA,0.8,Decision Tree Regressor,GridSearchCV,3.127323033885845,0.9894228628117914,5.13975663521034,-0.06583937513239468,8b0158f363824c1785621af95d671715,experiment_linear_mchc
1124.303650624635,0.1855443372088628,mchc,PLASMA,0.8,Decision Tree Regressor,GridSearchCV,3.19081319130455,1.1063371938775501,5.512903894490963,-0.10955550046827911,8b0158f363824c1785621af95d671715,experiment_linear_mchc
2844.507520877077,0.0819205104732391,mchc,PLASMA,0.8,Decision Tree Regressor,GridSearchCV,3.19081319130455,1.1063371938775501,5.512903894490963,-0.10955550046827911,8b0158f363824c1785621af95d671715,experiment_linear_mchc
3027.713090018313,0.05532872980584284,mchc,PLASMA,0.8,Decision Tree Regressor,GridSearchCV,3.19081319130455,1.1063371938775501,5.512903894490963,-0.10955550046827911,8b0158f363824c1785621af95d671715,experiment_linear_mchc
1259.297227886598,0.05349471105141161,mchc,PLASMA,0.8,Decision Tree Regressor,GridSearchCV,3.19081319130455,1.1063371938775501,5.512903894490963,-0.10955550046827911,8b0158f363824c1785621af95d671715,experiment_linear_mchc
2518.594455773195,0.04684238114262072,mchc,PLASMA,0.8,Decision Tree Regressor,GridSearchCV,3.19081319130455,1.1063371938775501,5.512903894490963,-0.10955550046827911,8b0158f363824c1785621af95d671715,experiment_linear_mchc
2705.656984264772,0.04538767923048588,mchc,PLASMA,0.8,Decision Tree Regressor,GridSearchCV,3.19081319130455,1.1063371938775501,5.512903894490963,-0.10955550046827911,8b0158f363824c1785621af95d671715,experiment_linear_mchc
2694.086106213747,0.039707869483604476,mchc,PLASMA,0.8,Decision Tree Regressor,GridSearchCV,3.19081319130455,1.1063371938775501,5.512903894490963,-0.10955550046827911,8b0158f363824c1785621af95d671715,experiment_linear_mchc
1155.159325427369,0.038608785243846866,mchc,PLASMA,0.8,Decision Tree Regressor,GridSearchCV,3.19081319130455,1.1063371938775501,5.512903894490963,-0.10955550046827911,8b0158f363824c1785621af95d671715,experiment_linear_mchc
2969.858699763186,0.03852925353336149,mchc,PLASMA,0.8,Decision Tree Regressor,GridSearchCV,3.19081319130455,1.1063371938775501,5.512903894490963,-0.10955550046827911,8b0158f363824c1785621af95d671715,experiment_linear_mchc
1685.491236099367,0.0382019355166616,mchc,PLASMA,0.8,Decision Tree Regressor,GridSearchCV,3.19081319130455,1.1063371938775501,5.512903894490963,-0.10955550046827911,8b0158f363824c1785621af95d671715,experiment_linear_mchc
1025.951187190919,0.037368858265064316,mchc,PLASMA,0.8,Decision Tree Regressor,GridSearchCV,3.19081319130455,1.1063371938775501,5.512903894490963,-0.10955550046827911,8b0158f363824c1785621af95d671715,experiment_linear_mchc
1357.649691320314,0.03725077526640323,mchc,PLASMA,0.8,Decision Tree Regressor,GridSearchCV,3.19081319130455,1.1063371938775501,5.512903894490963,-0.10955550046827911,8b0158f363824c1785621af95d671715,experiment_linear_mchc
2813.651846074343,0.03385101419514024,mchc,PLASMA,0.8,Decision Tree Regressor,GridSearchCV,3.19081319130455,1.1063371938775501,5.512903894490963,-0.10955550046827911,8b0158f363824c1785621af95d671715,experiment_linear_mchc
3023.856130667971,0.03329402022344453,mchc,PLASMA,0.8,Decision Tree Regressor,GridSearchCV,3.19081319130455,1.1063371938775501,5.512903894490963,-0.10955550046827911,8b0158f363824c1785621af95d671715,experiment_linear_mchc
1560.140057213258,0.03247986690988425,mchc,PLASMA,0.8,Decision Tree Regressor,GridSearchCV,3.19081319130455,1.1063371938775501,5.512903894490963,-0.10955550046827911,8b0158f363824c1785621af95d671715,experiment_linear_mchc
1589.067252340822,0.032333614939739,mchc,PLASMA,0.8,Decision Tree Regressor,GridSearchCV,3.19081319130455,1.1063371938775501,5.512903894490963,-0.10955550046827911,8b0158f363824c1785621af95d671715,experiment_linear_mchc
1157.08780510254,0.028332176682159614,mchc,PLASMA,0.8,Decision Tree Regressor,GridSearchCV,3.19081319130455,1.1063371938775501,5.512903894490963,-0.10955550046827911,8b0158f363824c1785621af95d671715,experiment_linear_mchc
2709.513943615114,0.025892241598812774,mchc,PLASMA,0.8,Decision Tree Regressor,GridSearchCV,3.19081319130455,1.1063371938775501,5.512903894490963,-0.10955550046827911,8b0158f363824c1785621af95d671715,experiment_linear_mchc
2869.577756654299,0.025844615200088242,mchc,PLASMA,0.8,Decision Tree Regressor,GridSearchCV,3.19081319130455,1.1063371938775501,5.512903894490963,-0.10955550046827911,8b0158f363824c1785621af95d671715,experiment_linear_mchc
2778.939211921267,0.02435129649425272,mchc,PLASMA,0.8,Decision Tree Regressor,GridSearchCV,3.19081319130455,1.1063371938775501,5.512903894490963,-0.10955550046827911,8b0158f363824c1785621af95d671715,experiment_linear_mchc
1120.446691274293,0.006061371224669041,mchc,PLASMA,0.8,Decision Tree Regressor,GridSearchCV,3.127323033885845,0.9894228628117914,5.13975663521034,-0.06583937513239468,8b0158f363824c1785621af95d671715,experiment_linear_mchc
1122.375170949464,0.006002540146995402,mchc,PLASMA,0.8,Decision Tree Regressor,GridSearchCV,3.127323033885845,0.9894228628117914,5.13975663521034,-0.06583937513239468,8b0158f363824c1785621af95d671715,experiment_linear_mchc
1118.518211599122,0.005980100243284408,mchc,PLASMA,0.8,Decision Tree Regressor,GridSearchCV,3.127323033885845,0.9894228628117914,5.13975663521034,-0.06583937513239468,8b0158f363824c1785621af95d671715,experiment_linear_mchc
1128.160609974977,0.005959241124908338,mchc,PLASMA,0.8,Decision Tree Regressor,GridSearchCV,3.127323033885845,0.9894228628117914,5.13975663521034,-0.06583937513239468,8b0158f363824c1785621af95d671715,experiment_linear_mchc
1124.303650624635,0.005956172976632093,mchc,PLASMA,0.8,Decision Tree Regressor,GridSearchCV,3.127323033885845,0.9894228628117914,5.13975663521034,-0.06583937513239468,8b0158f363824c1785621af95d671715,experiment_linear_mchc
1126.232130299806,0.005944422634906086,mchc,PLASMA,0.8,Decision Tree Regressor,GridSearchCV,3.127323033885845,0.9894228628117914,5.13975663521034,-0.06583937513239468,8b0158f363824c1785621af95d671715,experiment_linear_mchc
1130.089089650148,0.005932962529629757,mchc,PLASMA,0.8,Decision Tree Regressor,GridSearchCV,3.127323033885845,0.9894228628117914,5.13975663521034,-0.06583937513239468,8b0158f363824c1785621af95d671715,experiment_linear_mchc
1132.017569325318,0.005684605697624908,mchc,PLASMA,0.8,Decision Tree Regressor,GridSearchCV,3.127323033885845,0.9894228628117914,5.13975663521034,-0.06583937513239468,8b0158f363824c1785621af95d671715,experiment_linear_mchc
1116.589731923951,0.005671887053901141,mchc,PLASMA,0.8,Decision Tree Regressor,GridSearchCV,3.127323033885845,0.9894228628117914,5.13975663521034,-0.06583937513239468,8b0158f363824c1785621af95d671715,experiment_linear_mchc
1114.66125224878,0.005241997170536999,mchc,PLASMA,0.8,Decision Tree Regressor,GridSearchCV,3.127323033885845,0.9894228628117914,5.13975663521034,-0.06583937513239468,8b0158f363824c1785621af95d671715,experiment_linear_mchc
1133.946049000489,0.005137637917420436,mchc,PLASMA,0.8,Decision Tree Regressor,GridSearchCV,3.127323033885845,0.9894228628117914,5.13975663521034,-0.06583937513239468,8b0158f363824c1785621af95d671715,experiment_linear_mchc
1112.732772573609,0.004719677044488489,mchc,PLASMA,0.8,Decision Tree Regressor,GridSearchCV,3.127323033885845,0.9894228628117914,5.13975663521034,-0.06583937513239468,8b0158f363824c1785621af95d671715,experiment_linear_mchc
1135.87452867566,0.004356500958948163,mchc,PLASMA,0.8,Decision Tree Regressor,GridSearchCV,3.127323033885845,0.9894228628117914,5.13975663521034,-0.06583937513239468,8b0158f363824c1785621af95d671715,experiment_linear_mchc
1110.804292898438,0.004130878353078642,mchc,PLASMA,0.8,Decision Tree Regressor,GridSearchCV,3.127323033885845,0.9894228628117914,5.13975663521034,-0.06583937513239468,8b0158f363824c1785621af95d671715,experiment_linear_mchc
1108.875813223267,0.003609199008285628,mchc,PLASMA,0.8,Decision Tree Regressor,GridSearchCV,3.127323033885845,0.9894228628117914,5.13975663521034,-0.06583937513239468,8b0158f363824c1785621af95d671715,experiment_linear_mchc
1137.803008350831,0.003441231610761203,mchc,PLASMA,0.8,Decision Tree Regressor,GridSearchCV,3.127323033885845,0.9894228628117914,5.13975663521034,-0.06583937513239468,8b0158f363824c1785621af95d671715,experiment_linear_mchc
2717.227862315798,0.0033316462325446803,mchc,PLASMA,0.8,Decision Tree Regressor,GridSearchCV,3.127323033885845,0.9894228628117914,5.13975663521034,-0.06583937513239468,8b0158f363824c1785621af95d671715,experiment_linear_mchc
2711.442423290285,0.0033105532968308346,mchc,PLASMA,0.8,Decision Tree Regressor,GridSearchCV,3.127323033885845,0.9894228628117914,5.13975663521034,-0.06583937513239468,8b0158f363824c1785621af95d671715,experiment_linear_mchc
1502.285666958131,0.003309660255705081,mchc,PLASMA,0.8,Decision Tree Regressor,GridSearchCV,3.127323033885845,0.9894228628117914,5.13975663521034,-0.06583937513239468,8b0158f363824c1785621af95d671715,experiment_linear_mchc
1500.35718728296,0.003274026134502138,mchc,PLASMA,0.8,Decision Tree Regressor,GridSearchCV,3.127323033885845,0.9894228628117914,5.13975663521034,-0.06583937513239468,8b0158f363824c1785621af95d671715,experiment_linear_mchc
1124.303650624635,0.1855443372088628,mchc,PLASMA,0.8,Decision Tree Regressor,GridSearchCV,3.19081319130455,1.1063371938775501,5.512903894490963,-0.10955550046827911,8b0158f363824c1785621af95d671715,experiment_linear_mchc
2844.507520877077,0.0819205104732391,mchc,PLASMA,0.8,Decision Tree Regressor,GridSearchCV,3.19081319130455,1.1063371938775501,5.512903894490963,-0.10955550046827911,8b0158f363824c1785621af95d671715,experiment_linear_mchc
3027.713090018313,0.05532872980584284,mchc,PLASMA,0.8,Decision Tree Regressor,GridSearchCV,3.19081319130455,1.1063371938775501,5.512903894490963,-0.10955550046827911,8b0158f363824c1785621af95d671715,experiment_linear_mchc
1259.297227886598,0.05349471105141161,mchc,PLASMA,0.8,Decision Tree Regressor,GridSearchCV,3.19081319130455,1.1063371938775501,5.512903894490963,-0.10955550046827911,8b0158f363824c1785621af95d671715,experiment_linear_mchc
2518.594455773195,0.04684238114262072,mchc,PLASMA,0.8,Decision Tree Regressor,GridSearchCV,3.19081319130455,1.1063371938775501,5.512903894490963,-0.10955550046827911,8b0158f363824c1785621af95d671715,experiment_linear_mchc
2705.656984264772,0.04538767923048588,mchc,PLASMA,0.8,Decision Tree Regressor,GridSearchCV,3.19081319130455,1.1063371938775501,5.512903894490963,-0.10955550046827911,8b0158f363824c1785621af95d671715,experiment_linear_mchc
2694.086106213747,0.039707869483604476,mchc,PLASMA,0.8,Decision Tree Regressor,GridSearchCV,3.19081319130455,1.1063371938775501,5.512903894490963,-0.10955550046827911,8b0158f363824c1785621af95d671715,experiment_linear_mchc
1155.159325427369,0.038608785243846866,mchc,PLASMA,0.8,Decision Tree Regressor,GridSearchCV,3.19081319130455,1.1063371938775501,5.512903894490963,-0.10955550046827911,8b0158f363824c1785621af95d671715,experiment_linear_mchc
2969.858699763186,0.03852925353336149,mchc,PLASMA,0.8,Decision Tree Regressor,GridSearchCV,3.19081319130455,1.1063371938775501,5.512903894490963,-0.10955550046827911,8b0158f363824c1785621af95d671715,experiment_linear_mchc
1685.491236099367,0.0382019355166616,mchc,PLASMA,0.8,Decision Tree Regressor,GridSearchCV,3.19081319130455,1.1063371938775501,5.512903894490963,-0.10955550046827911,8b0158f363824c1785621af95d671715,experiment_linear_mchc
1025.951187190919,0.037368858265064316,mchc,PLASMA,0.8,Decision Tree Regressor,GridSearchCV,3.19081319130455,1.1063371938775501,5.512903894490963,-0.10955550046827911,8b0158f363824c1785621af95d671715,experiment_linear_mchc
1357.649691320314,0.03725077526640323,mchc,PLASMA,0.8,Decision Tree Regressor,GridSearchCV,3.19081319130455,1.1063371938775501,5.512903894490963,-0.10955550046827911,8b0158f363824c1785621af95d671715,experiment_linear_mchc
2813.651846074343,0.03385101419514024,mchc,PLASMA,0.8,Decision Tree Regressor,GridSearchCV,3.19081319130455,1.1063371938775501,5.512903894490963,-0.10955550046827911,8b0158f363824c1785621af95d671715,experiment_linear_mchc
3023.856130667971,0.03329402022344453,mchc,PLASMA,0.8,Decision Tree Regressor,GridSearchCV,3.19081319130455,1.1063371938775501,5.512903894490963,-0.10955550046827911,8b0158f363824c1785621af95d671715,experiment_linear_mchc
1560.140057213258,0.03247986690988425,mchc,PLASMA,0.8,Decision Tree Regressor,GridSearchCV,3.19081319130455,1.1063371938775501,5.512903894490963,-0.10955550046827911,8b0158f363824c1785621af95d671715,experiment_linear_mchc
1589.067252340822,0.032333614939739,mchc,PLASMA,0.8,Decision Tree Regressor,GridSearchCV,3.19081319130455,1.1063371938775501,5.512903894490963,-0.10955550046827911,8b0158f363824c1785621af95d671715,experiment_linear_mchc
1157.08780510254,0.028332176682159614,mchc,PLASMA,0.8,Decision Tree Regressor,GridSearchCV,3.19081319130455,1.1063371938775501,5.512903894490963,-0.10955550046827911,8b0158f363824c1785621af95d671715,experiment_linear_mchc
2709.513943615114,0.025892241598812774,mchc,PLASMA,0.8,Decision Tree Regressor,GridSearchCV,3.19081319130455,1.1063371938775501,5.512903894490963,-0.10955550046827911,8b0158f363824c1785621af95d671715,experiment_linear_mchc
2869.577756654299,0.025844615200088242,mchc,PLASMA,0.8,Decision Tree Regressor,GridSearchCV,3.19081319130455,1.1063371938775501,5.512903894490963,-0.10955550046827911,8b0158f363824c1785621af95d671715,experiment_linear_mchc
2778.939211921267,0.02435129649425272,mchc,PLASMA,0.8,Decision Tree Regressor,GridSearchCV,3.19081319130455,1.1063371938775501,5.512903894490963,-0.10955550046827911,8b0158f363824c1785621af95d671715,experiment_linear_mchc
1727.917788953126,0.005158383392050233,mchc,SALIVA,0.8,Decision Tree Regressor,GridSearchCV,3.2523671155532305,1.1493573848770273,5.64409707809232,-0.09908390260848643,8b0158f363824c1785621af95d671715,experiment_linear_mchc
1729.846268628297,0.004974717723707648,mchc,SALIVA,0.8,Decision Tree Regressor,GridSearchCV,3.2523671155532305,1.1493573848770273,5.64409707809232,-0.09908390260848643,8b0158f363824c1785621af95d671715,experiment_linear_mchc
929.5272034323739,0.0044605859376776235,mchc,SALIVA,0.8,Decision Tree Regressor,GridSearchCV,3.2523671155532305,1.1493573848770273,5.64409707809232,-0.09908390260848643,8b0158f363824c1785621af95d671715,experiment_linear_mchc
931.4556831075452,0.004401359449988101,mchc,SALIVA,0.8,Decision Tree Regressor,GridSearchCV,3.2523671155532305,1.1493573848770273,5.64409707809232,-0.09908390260848643,8b0158f363824c1785621af95d671715,experiment_linear_mchc
1725.989309277955,0.004395493993311063,mchc,SALIVA,0.8,Decision Tree Regressor,GridSearchCV,3.2523671155532305,1.1493573848770273,5.64409707809232,-0.09908390260848643,8b0158f363824c1785621af95d671715,experiment_linear_mchc
1731.774748303468,0.00436971565740969,mchc,SALIVA,0.8,Decision Tree Regressor,GridSearchCV,3.2523671155532305,1.1493573848770273,5.64409707809232,-0.09908390260848643,8b0158f363824c1785621af95d671715,experiment_linear_mchc
933.3841627827155,0.0039546044448355985,mchc,SALIVA,0.8,Decision Tree Regressor,GridSearchCV,3.2523671155532305,1.1493573848770273,5.64409707809232,-0.09908390260848643,8b0158f363824c1785621af95d671715,experiment_linear_mchc
1022.094227840577,0.003717809704508168,mchc,SALIVA,0.8,Decision Tree Regressor,GridSearchCV,3.2523671155532305,1.1493573848770273,5.64409707809232,-0.09908390260848643,8b0158f363824c1785621af95d671715,experiment_linear_mchc
1024.022707515748,0.00367864538578456,mchc,SALIVA,0.8,Decision Tree Regressor,GridSearchCV,3.2523671155532305,1.1493573848770273,5.64409707809232,-0.09908390260848643,8b0158f363824c1785621af95d671715,experiment_linear_mchc
1025.951187190919,0.0036468509662505423,mchc,SALIVA,0.8,Decision Tree Regressor,GridSearchCV,3.2523671155532305,1.1493573848770273,5.64409707809232,-0.09908390260848643,8b0158f363824c1785621af95d671715,experiment_linear_mchc
1020.165748165406,0.003631933200955228,mchc,SALIVA,0.8,Decision Tree Regressor,GridSearchCV,3.2523671155532305,1.1493573848770273,5.64409707809232,-0.09908390260848643,8b0158f363824c1785621af95d671715,experiment_linear_mchc
1027.87966686609,0.0036301004320207267,mchc,SALIVA,0.8,Decision Tree Regressor,GridSearchCV,3.2523671155532305,1.1493573848770273,5.64409707809232,-0.09908390260848643,8b0158f363824c1785621af95d671715,experiment_linear_mchc
3039.283968069338,0.003625227977652503,mchc,SALIVA,0.8,Decision Tree Regressor,GridSearchCV,3.2523671155532305,1.1493573848770273,5.64409707809232,-0.09908390260848643,8b0158f363824c1785621af95d671715,experiment_linear_mchc
1029.808146541261,0.003588195687919579,mchc,SALIVA,0.8,Decision Tree Regressor,GridSearchCV,3.2523671155532305,1.1493573848770273,5.64409707809232,-0.09908390260848643,8b0158f363824c1785621af95d671715,experiment_linear_mchc
1724.060829602785,0.003562398959339341,mchc,SALIVA,0.8,Decision Tree Regressor,GridSearchCV,3.2523671155532305,1.1493573848770273,5.64409707809232,-0.09908390260848643,8b0158f363824c1785621af95d671715,experiment_linear_mchc
3041.212447744509,0.003529578068568693,mchc,SALIVA,0.8,Decision Tree Regressor,GridSearchCV,3.2523671155532305,1.1493573848770273,5.64409707809232,-0.09908390260848643,8b0158f363824c1785621af95d671715,experiment_linear_mchc
1031.736626216432,0.00351148134891853,mchc,SALIVA,0.8,Decision Tree Regressor,GridSearchCV,3.2523671155532305,1.1493573848770273,5.64409707809232,-0.09908390260848643,8b0158f363824c1785621af95d671715,experiment_linear_mchc
935.3126424578863,0.003501870223161828,mchc,SALIVA,0.8,Decision Tree Regressor,GridSearchCV,3.2523671155532305,1.1493573848770273,5.64409707809232,-0.09908390260848643,8b0158f363824c1785621af95d671715,experiment_linear_mchc
1733.703227978639,0.003484044644765483,mchc,SALIVA,0.8,Decision Tree Regressor,GridSearchCV,3.2523671155532305,1.1493573848770273,5.64409707809232,-0.09908390260848643,8b0158f363824c1785621af95d671715,experiment_linear_mchc
950.7404798592538,0.0034775182450145293,mchc,SALIVA,0.8,Decision Tree Regressor,GridSearchCV,3.2523671155532305,1.1493573848770273,5.64409707809232,-0.09908390260848643,8b0158f363824c1785621af95d671715,experiment_linear_mchc
2736.512659067507,0.11153141582926615,mchc,SALIVA,0.8,Decision Tree Regressor,GridSearchCV,3.058960875585739,1.108978809523809,5.395614900525408,0.027746379035611946,8b0158f363824c1785621af95d671715,experiment_linear_mchc
1004.737910764039,0.06103774814413132,mchc,SALIVA,0.8,Decision Tree Regressor,GridSearchCV,3.058960875585739,1.108978809523809,5.395614900525408,0.027746379035611946,8b0158f363824c1785621af95d671715,experiment_linear_mchc
3031.570049368655,0.06005063399003312,mchc,SALIVA,0.8,Decision Tree Regressor,GridSearchCV,3.058960875585739,1.108978809523809,5.395614900525408,0.027746379035611946,8b0158f363824c1785621af95d671715,experiment_linear_mchc
1569.782455589112,0.05955112342683634,mchc,SALIVA,0.8,Decision Tree Regressor,GridSearchCV,3.058960875585739,1.108978809523809,5.395614900525408,0.027746379035611946,8b0158f363824c1785621af95d671715,experiment_linear_mchc
1641.136203570436,0.054504742416433494,mchc,SALIVA,0.8,Decision Tree Regressor,GridSearchCV,3.058960875585739,1.108978809523809,5.395614900525408,0.027746379035611946,8b0158f363824c1785621af95d671715,experiment_linear_mchc
964.23983758545,0.05131012749388572,mchc,SALIVA,0.8,Decision Tree Regressor,GridSearchCV,3.058960875585739,1.108978809523809,5.395614900525408,0.027746379035611946,8b0158f363824c1785621af95d671715,experiment_linear_mchc
1047.164463617799,0.05056628868295383,mchc,SALIVA,0.8,Decision Tree Regressor,GridSearchCV,3.058960875585739,1.108978809523809,5.395614900525408,0.027746379035611946,8b0158f363824c1785621af95d671715,experiment_linear_mchc
1754.916504405519,0.048562133236398755,mchc,SALIVA,0.8,Decision Tree Regressor,GridSearchCV,3.058960875585739,1.108978809523809,5.395614900525408,0.027746379035611946,8b0158f363824c1785621af95d671715,experiment_linear_mchc
2682.515228162722,0.04289457454446048,mchc,SALIVA,0.8,Decision Tree Regressor,GridSearchCV,3.058960875585739,1.108978809523809,5.395614900525408,0.027746379035611946,8b0158f363824c1785621af95d671715,experiment_linear_mchc
1483.000870206422,0.04218152912225825,mchc,SALIVA,0.8,Decision Tree Regressor,GridSearchCV,3.058960875585739,1.108978809523809,5.395614900525408,0.027746379035611946,8b0158f363824c1785621af95d671715,experiment_linear_mchc
2979.501098139041,0.03609272742122864,mchc,SALIVA,0.8,Decision Tree Regressor,GridSearchCV,3.058960875585739,1.108978809523809,5.395614900525408,0.027746379035611946,8b0158f363824c1785621af95d671715,experiment_linear_mchc
3000.71437456592,0.03377268805070107,mchc,SALIVA,0.8,Decision Tree Regressor,GridSearchCV,3.058960875585739,1.108978809523809,5.395614900525408,0.027746379035611946,8b0158f363824c1785621af95d671715,experiment_linear_mchc
1779.986740182741,0.032605988459993226,mchc,SALIVA,0.8,Decision Tree Regressor,GridSearchCV,3.058960875585739,1.108978809523809,5.395614900525408,0.027746379035611946,8b0158f363824c1785621af95d671715,experiment_linear_mchc
2655.516512710329,0.03098585112587209,mchc,SALIVA,0.8,Decision Tree Regressor,GridSearchCV,3.058960875585739,1.108978809523809,5.395614900525408,0.027746379035611946,8b0158f363824c1785621af95d671715,experiment_linear_mchc
1805.056975959963,0.029535653606079012,mchc,SALIVA,0.8,Decision Tree Regressor,GridSearchCV,3.058960875585739,1.108978809523809,5.395614900525408,0.027746379035611946,8b0158f363824c1785621af95d671715,experiment_linear_mchc
970.0252766109629,0.026880434974159005,mchc,SALIVA,0.8,Decision Tree Regressor,GridSearchCV,3.058960875585739,1.108978809523809,5.395614900525408,0.027746379035611946,8b0158f363824c1785621af95d671715,experiment_linear_mchc
2707.585463939944,0.023069591770211863,mchc,SALIVA,0.8,Decision Tree Regressor,GridSearchCV,3.058960875585739,1.108978809523809,5.395614900525408,0.027746379035611946,8b0158f363824c1785621af95d671715,experiment_linear_mchc
1731.774748303468,0.022862058046361277,mchc,SALIVA,0.8,Decision Tree Regressor,GridSearchCV,3.058960875585739,1.108978809523809,5.395614900525408,0.027746379035611946,8b0158f363824c1785621af95d671715,experiment_linear_mchc
1739.488667004152,0.02210272511253025,mchc,SALIVA,0.8,Decision Tree Regressor,GridSearchCV,3.058960875585739,1.108978809523809,5.395614900525408,0.027746379035611946,8b0158f363824c1785621af95d671715,experiment_linear_mchc
1282.438983988648,0.02179251976288319,mchc,SALIVA,0.8,Decision Tree Regressor,GridSearchCV,3.058960875585739,1.108978809523809,5.395614900525408,0.027746379035611946,8b0158f363824c1785621af95d671715,experiment_linear_mchc
1727.917788953126,0.005158383392050232,mchc,SALIVA,0.8,Decision Tree Regressor,GridSearchCV,3.2523671155532305,1.1493573848770273,5.64409707809232,-0.09908390260848643,8b0158f363824c1785621af95d671715,experiment_linear_mchc
1729.846268628297,0.004974717723707647,mchc,SALIVA,0.8,Decision Tree Regressor,GridSearchCV,3.2523671155532305,1.1493573848770273,5.64409707809232,-0.09908390260848643,8b0158f363824c1785621af95d671715,experiment_linear_mchc
929.5272034323739,0.004460585937677622,mchc,SALIVA,0.8,Decision Tree Regressor,GridSearchCV,3.2523671155532305,1.1493573848770273,5.64409707809232,-0.09908390260848643,8b0158f363824c1785621af95d671715,experiment_linear_mchc
931.4556831075452,0.004401359449988101,mchc,SALIVA,0.8,Decision Tree Regressor,GridSearchCV,3.2523671155532305,1.1493573848770273,5.64409707809232,-0.09908390260848643,8b0158f363824c1785621af95d671715,experiment_linear_mchc
1725.989309277955,0.004395493993311061,mchc,SALIVA,0.8,Decision Tree Regressor,GridSearchCV,3.2523671155532305,1.1493573848770273,5.64409707809232,-0.09908390260848643,8b0158f363824c1785621af95d671715,experiment_linear_mchc
1731.774748303468,0.00436971565740969,mchc,SALIVA,0.8,Decision Tree Regressor,GridSearchCV,3.2523671155532305,1.1493573848770273,5.64409707809232,-0.09908390260848643,8b0158f363824c1785621af95d671715,experiment_linear_mchc
933.3841627827155,0.003954604444835596,mchc,SALIVA,0.8,Decision Tree Regressor,GridSearchCV,3.2523671155532305,1.1493573848770273,5.64409707809232,-0.09908390260848643,8b0158f363824c1785621af95d671715,experiment_linear_mchc
1022.094227840577,0.0037178097045081674,mchc,SALIVA,0.8,Decision Tree Regressor,GridSearchCV,3.2523671155532305,1.1493573848770273,5.64409707809232,-0.09908390260848643,8b0158f363824c1785621af95d671715,experiment_linear_mchc
1024.022707515748,0.0036786453857845613,mchc,SALIVA,0.8,Decision Tree Regressor,GridSearchCV,3.2523671155532305,1.1493573848770273,5.64409707809232,-0.09908390260848643,8b0158f363824c1785621af95d671715,experiment_linear_mchc
1025.951187190919,0.0036468509662505428,mchc,SALIVA,0.8,Decision Tree Regressor,GridSearchCV,3.2523671155532305,1.1493573848770273,5.64409707809232,-0.09908390260848643,8b0158f363824c1785621af95d671715,experiment_linear_mchc
1020.165748165406,0.0036319332009552294,mchc,SALIVA,0.8,Decision Tree Regressor,GridSearchCV,3.2523671155532305,1.1493573848770273,5.64409707809232,-0.09908390260848643,8b0158f363824c1785621af95d671715,experiment_linear_mchc
1027.87966686609,0.0036301004320207285,mchc,SALIVA,0.8,Decision Tree Regressor,GridSearchCV,3.2523671155532305,1.1493573848770273,5.64409707809232,-0.09908390260848643,8b0158f363824c1785621af95d671715,experiment_linear_mchc
3039.283968069338,0.0036252279776525036,mchc,SALIVA,0.8,Decision Tree Regressor,GridSearchCV,3.2523671155532305,1.1493573848770273,5.64409707809232,-0.09908390260848643,8b0158f363824c1785621af95d671715,experiment_linear_mchc
1029.808146541261,0.003588195687919581,mchc,SALIVA,0.8,Decision Tree Regressor,GridSearchCV,3.2523671155532305,1.1493573848770273,5.64409707809232,-0.09908390260848643,8b0158f363824c1785621af95d671715,experiment_linear_mchc
1724.060829602785,0.003562398959339339,mchc,SALIVA,0.8,Decision Tree Regressor,GridSearchCV,3.2523671155532305,1.1493573848770273,5.64409707809232,-0.09908390260848643,8b0158f363824c1785621af95d671715,experiment_linear_mchc
3041.212447744509,0.003529578068568695,mchc,SALIVA,0.8,Decision Tree Regressor,GridSearchCV,3.2523671155532305,1.1493573848770273,5.64409707809232,-0.09908390260848643,8b0158f363824c1785621af95d671715,experiment_linear_mchc
1031.736626216432,0.003511481348918531,mchc,SALIVA,0.8,Decision Tree Regressor,GridSearchCV,3.2523671155532305,1.1493573848770273,5.64409707809232,-0.09908390260848643,8b0158f363824c1785621af95d671715,experiment_linear_mchc
935.3126424578863,0.0035018702231618256,mchc,SALIVA,0.8,Decision Tree Regressor,GridSearchCV,3.2523671155532305,1.1493573848770273,5.64409707809232,-0.09908390260848643,8b0158f363824c1785621af95d671715,experiment_linear_mchc
1733.703227978639,0.003484044644765485,mchc,SALIVA,0.8,Decision Tree Regressor,GridSearchCV,3.2523671155532305,1.1493573848770273,5.64409707809232,-0.09908390260848643,8b0158f363824c1785621af95d671715,experiment_linear_mchc
950.7404798592538,0.0034775182450145262,mchc,SALIVA,0.8,Decision Tree Regressor,GridSearchCV,3.2523671155532305,1.1493573848770273,5.64409707809232,-0.09908390260848643,8b0158f363824c1785621af95d671715,experiment_linear_mchc
2736.512659067507,0.11153141582926615,mchc,SALIVA,0.8,Decision Tree Regressor,GridSearchCV,3.058960875585739,1.108978809523809,5.395614900525408,0.027746379035611946,8b0158f363824c1785621af95d671715,experiment_linear_mchc
1004.737910764039,0.06103774814413132,mchc,SALIVA,0.8,Decision Tree Regressor,GridSearchCV,3.058960875585739,1.108978809523809,5.395614900525408,0.027746379035611946,8b0158f363824c1785621af95d671715,experiment_linear_mchc
3031.570049368655,0.06005063399003312,mchc,SALIVA,0.8,Decision Tree Regressor,GridSearchCV,3.058960875585739,1.108978809523809,5.395614900525408,0.027746379035611946,8b0158f363824c1785621af95d671715,experiment_linear_mchc
1569.782455589112,0.05955112342683634,mchc,SALIVA,0.8,Decision Tree Regressor,GridSearchCV,3.058960875585739,1.108978809523809,5.395614900525408,0.027746379035611946,8b0158f363824c1785621af95d671715,experiment_linear_mchc
1641.136203570436,0.054504742416433494,mchc,SALIVA,0.8,Decision Tree Regressor,GridSearchCV,3.058960875585739,1.108978809523809,5.395614900525408,0.027746379035611946,8b0158f363824c1785621af95d671715,experiment_linear_mchc
964.23983758545,0.05131012749388572,mchc,SALIVA,0.8,Decision Tree Regressor,GridSearchCV,3.058960875585739,1.108978809523809,5.395614900525408,0.027746379035611946,8b0158f363824c1785621af95d671715,experiment_linear_mchc
1047.164463617799,0.05056628868295383,mchc,SALIVA,0.8,Decision Tree Regressor,GridSearchCV,3.058960875585739,1.108978809523809,5.395614900525408,0.027746379035611946,8b0158f363824c1785621af95d671715,experiment_linear_mchc
1754.916504405519,0.048562133236398755,mchc,SALIVA,0.8,Decision Tree Regressor,GridSearchCV,3.058960875585739,1.108978809523809,5.395614900525408,0.027746379035611946,8b0158f363824c1785621af95d671715,experiment_linear_mchc
2682.515228162722,0.04289457454446048,mchc,SALIVA,0.8,Decision Tree Regressor,GridSearchCV,3.058960875585739,1.108978809523809,5.395614900525408,0.027746379035611946,8b0158f363824c1785621af95d671715,experiment_linear_mchc
1483.000870206422,0.04218152912225825,mchc,SALIVA,0.8,Decision Tree Regressor,GridSearchCV,3.058960875585739,1.108978809523809,5.395614900525408,0.027746379035611946,8b0158f363824c1785621af95d671715,experiment_linear_mchc
2979.501098139041,0.03609272742122864,mchc,SALIVA,0.8,Decision Tree Regressor,GridSearchCV,3.058960875585739,1.108978809523809,5.395614900525408,0.027746379035611946,8b0158f363824c1785621af95d671715,experiment_linear_mchc
3000.71437456592,0.03377268805070107,mchc,SALIVA,0.8,Decision Tree Regressor,GridSearchCV,3.058960875585739,1.108978809523809,5.395614900525408,0.027746379035611946,8b0158f363824c1785621af95d671715,experiment_linear_mchc
1779.986740182741,0.032605988459993226,mchc,SALIVA,0.8,Decision Tree Regressor,GridSearchCV,3.058960875585739,1.108978809523809,5.395614900525408,0.027746379035611946,8b0158f363824c1785621af95d671715,experiment_linear_mchc
2655.516512710329,0.03098585112587209,mchc,SALIVA,0.8,Decision Tree Regressor,GridSearchCV,3.058960875585739,1.108978809523809,5.395614900525408,0.027746379035611946,8b0158f363824c1785621af95d671715,experiment_linear_mchc
1805.056975959963,0.029535653606079012,mchc,SALIVA,0.8,Decision Tree Regressor,GridSearchCV,3.058960875585739,1.108978809523809,5.395614900525408,0.027746379035611946,8b0158f363824c1785621af95d671715,experiment_linear_mchc
970.0252766109629,0.026880434974159005,mchc,SALIVA,0.8,Decision Tree Regressor,GridSearchCV,3.058960875585739,1.108978809523809,5.395614900525408,0.027746379035611946,8b0158f363824c1785621af95d671715,experiment_linear_mchc
2707.585463939944,0.023069591770211863,mchc,SALIVA,0.8,Decision Tree Regressor,GridSearchCV,3.058960875585739,1.108978809523809,5.395614900525408,0.027746379035611946,8b0158f363824c1785621af95d671715,experiment_linear_mchc
1731.774748303468,0.022862058046361277,mchc,SALIVA,0.8,Decision Tree Regressor,GridSearchCV,3.058960875585739,1.108978809523809,5.395614900525408,0.027746379035611946,8b0158f363824c1785621af95d671715,experiment_linear_mchc
1739.488667004152,0.02210272511253025,mchc,SALIVA,0.8,Decision Tree Regressor,GridSearchCV,3.058960875585739,1.108978809523809,5.395614900525408,0.027746379035611946,8b0158f363824c1785621af95d671715,experiment_linear_mchc
1282.438983988648,0.02179251976288319,mchc,SALIVA,0.8,Decision Tree Regressor,GridSearchCV,3.058960875585739,1.108978809523809,5.395614900525408,0.027746379035611946,8b0158f363824c1785621af95d671715,experiment_linear_mchc
2717.227862315798,0.008479185411928299,mchc,SERUM,0.8,Decision Tree Regressor,GridSearchCV,0.9164560074343442,0.7405787499999996,2.2585855855602444,-0.09969285611283696,8b0158f363824c1785621af95d671715,experiment_linear_mchc
1716.346910902101,0.007385624435654556,mchc,SERUM,0.8,Decision Tree Regressor,GridSearchCV,0.9164560074343442,0.7405787499999996,2.2585855855602444,-0.09969285611283696,8b0158f363824c1785621af95d671715,experiment_linear_mchc
2715.299382640627,0.006187176401050702,mchc,SERUM,0.8,Decision Tree Regressor,GridSearchCV,0.9164560074343442,0.7405787499999996,2.2585855855602444,-0.09969285611283696,8b0158f363824c1785621af95d671715,experiment_linear_mchc
3045.069407094851,0.005527318492576385,mchc,SERUM,0.8,Decision Tree Regressor,GridSearchCV,0.9164560074343442,0.7405787499999996,2.2585855855602444,-0.09969285611283696,8b0158f363824c1785621af95d671715,experiment_linear_mchc
2713.370902965456,0.005468093737193212,mchc,SERUM,0.8,Decision Tree Regressor,GridSearchCV,0.9164560074343442,0.7405787499999996,2.2585855855602444,-0.09969285611283696,8b0158f363824c1785621af95d671715,experiment_linear_mchc
2728.798740366823,0.005273990374592851,mchc,SERUM,0.8,Decision Tree Regressor,GridSearchCV,0.9164560074343442,0.7405787499999996,2.2585855855602444,-0.09969285611283696,8b0158f363824c1785621af95d671715,experiment_linear_mchc
2680.586748487551,0.005238553561443256,mchc,SERUM,0.8,Decision Tree Regressor,GridSearchCV,0.9164560074343442,0.7405787499999996,2.2585855855602444,-0.09969285611283696,8b0158f363824c1785621af95d671715,experiment_linear_mchc
2719.156341990969,0.005228437834457509,mchc,SERUM,0.8,Decision Tree Regressor,GridSearchCV,0.9164560074343442,0.7405787499999996,2.2585855855602444,-0.09969285611283696,8b0158f363824c1785621af95d671715,experiment_linear_mchc
2734.584179392336,0.005003352587652876,mchc,SERUM,0.8,Decision Tree Regressor,GridSearchCV,0.9164560074343442,0.7405787499999996,2.2585855855602444,-0.09969285611283696,8b0158f363824c1785621af95d671715,experiment_linear_mchc
2669.015870436525,0.00489610208258771,mchc,SERUM,0.8,Decision Tree Regressor,GridSearchCV,0.9164560074343442,0.7405787499999996,2.2585855855602444,-0.09969285611283696,8b0158f363824c1785621af95d671715,experiment_linear_mchc
2667.087390761355,0.004842943236953981,mchc,SERUM,0.8,Decision Tree Regressor,GridSearchCV,0.9164560074343442,0.7405787499999996,2.2585855855602444,-0.09969285611283696,8b0158f363824c1785621af95d671715,experiment_linear_mchc
2678.65826881238,0.00483166111841641,mchc,SERUM,0.8,Decision Tree Regressor,GridSearchCV,0.9164560074343442,0.7405787499999996,2.2585855855602444,-0.09969285611283696,8b0158f363824c1785621af95d671715,experiment_linear_mchc
2732.655699717165,0.004777691912708999,mchc,SERUM,0.8,Decision Tree Regressor,GridSearchCV,0.9164560074343442,0.7405787499999996,2.2585855855602444,-0.09969285611283696,8b0158f363824c1785621af95d671715,experiment_linear_mchc
2730.727220041994,0.004764071979447628,mchc,SERUM,0.8,Decision Tree Regressor,GridSearchCV,0.9164560074343442,0.7405787499999996,2.2585855855602444,-0.09969285611283696,8b0158f363824c1785621af95d671715,experiment_linear_mchc
2701.800024914431,0.004716052498808317,mchc,SERUM,0.8,Decision Tree Regressor,GridSearchCV,0.9164560074343442,0.7405787499999996,2.2585855855602444,-0.09969285611283696,8b0158f363824c1785621af95d671715,experiment_linear_mchc
2736.512659067507,0.004649932091023417,mchc,SERUM,0.8,Decision Tree Regressor,GridSearchCV,0.9164560074343442,0.7405787499999996,2.2585855855602444,-0.09969285611283696,8b0158f363824c1785621af95d671715,experiment_linear_mchc
2665.158911086184,0.004594076186063707,mchc,SERUM,0.8,Decision Tree Regressor,GridSearchCV,0.9164560074343442,0.7405787499999996,2.2585855855602444,-0.09969285611283696,8b0158f363824c1785621af95d671715,experiment_linear_mchc
1644.993162920778,0.004510590398435163,mchc,SERUM,0.8,Decision Tree Regressor,GridSearchCV,0.9164560074343442,0.7405787499999996,2.2585855855602444,-0.09969285611283696,8b0158f363824c1785621af95d671715,experiment_linear_mchc
1587.138772665651,0.0044927248589371575,mchc,SERUM,0.8,Decision Tree Regressor,GridSearchCV,0.9164560074343442,0.7405787499999996,2.2585855855602444,-0.09969285611283696,8b0158f363824c1785621af95d671715,experiment_linear_mchc
1585.21029299048,0.004436900152835288,mchc,SERUM,0.8,Decision Tree Regressor,GridSearchCV,0.9164560074343442,0.7405787499999996,2.2585855855602444,-0.09969285611283696,8b0158f363824c1785621af95d671715,experiment_linear_mchc
2534.022293174562,0.8474049447424559,mchc,SERUM,0.8,Decision Tree Regressor,GridSearchCV,3.031169094794185,1.1774366061507942,3.630880026150322,-11.030079229796819,8b0158f363824c1785621af95d671715,experiment_linear_mchc
1511.928065333986,0.017888716908843853,mchc,SERUM,0.8,Decision Tree Regressor,GridSearchCV,3.031169094794185,1.1774366061507942,3.630880026150322,-11.030079229796819,8b0158f363824c1785621af95d671715,experiment_linear_mchc
3035.427008718997,0.01726370132055626,mchc,SERUM,0.8,Decision Tree Regressor,GridSearchCV,3.031169094794185,1.1774366061507942,3.630880026150322,-11.030079229796819,8b0158f363824c1785621af95d671715,experiment_linear_mchc
2692.157626538576,0.012236752438507581,mchc,SERUM,0.8,Decision Tree Regressor,GridSearchCV,3.031169094794185,1.1774366061507942,3.630880026150322,-11.030079229796819,8b0158f363824c1785621af95d671715,experiment_linear_mchc
1544.712219811891,0.010775904037976989,mchc,SERUM,0.8,Decision Tree Regressor,GridSearchCV,3.031169094794185,1.1774366061507942,3.630880026150322,-11.030079229796819,8b0158f363824c1785621af95d671715,experiment_linear_mchc
2684.443707837893,0.009839465458127966,mchc,SERUM,0.8,Decision Tree Regressor,GridSearchCV,3.031169094794185,1.1774366061507942,3.630880026150322,-11.030079229796819,8b0158f363824c1785621af95d671715,experiment_linear_mchc
1317.151618141725,0.009018066478393138,mchc,SERUM,0.8,Decision Tree Regressor,GridSearchCV,3.031169094794185,1.1774366061507942,3.630880026150322,-11.030079229796819,8b0158f363824c1785621af95d671715,experiment_linear_mchc
2578.377325703493,0.008163905328016682,mchc,SERUM,0.8,Decision Tree Regressor,GridSearchCV,3.031169094794185,1.1774366061507942,3.630880026150322,-11.030079229796819,8b0158f363824c1785621af95d671715,experiment_linear_mchc
1114.66125224878,0.007693242758980684,mchc,SERUM,0.8,Decision Tree Regressor,GridSearchCV,3.031169094794185,1.1774366061507942,3.630880026150322,-11.030079229796819,8b0158f363824c1785621af95d671715,experiment_linear_mchc
1089.591016471559,0.0070437004527134795,mchc,SERUM,0.8,Decision Tree Regressor,GridSearchCV,3.031169094794185,1.1774366061507942,3.630880026150322,-11.030079229796819,8b0158f363824c1785621af95d671715,experiment_linear_mchc
1477.215431180909,0.006587691338755709,mchc,SERUM,0.8,Decision Tree Regressor,GridSearchCV,3.031169094794185,1.1774366061507942,3.630880026150322,-11.030079229796819,8b0158f363824c1785621af95d671715,experiment_linear_mchc
1259.297227886598,0.006084974386805052,mchc,SERUM,0.8,Decision Tree Regressor,GridSearchCV,3.031169094794185,1.1774366061507942,3.630880026150322,-11.030079229796819,8b0158f363824c1785621af95d671715,experiment_linear_mchc
1670.063398697999,0.005951921027803493,mchc,SERUM,0.8,Decision Tree Regressor,GridSearchCV,3.031169094794185,1.1774366061507942,3.630880026150322,-11.030079229796819,8b0158f363824c1785621af95d671715,experiment_linear_mchc
1673.920358048341,0.004864751743482235,mchc,SERUM,0.8,Decision Tree Regressor,GridSearchCV,3.031169094794185,1.1774366061507942,3.630880026150322,-11.030079229796819,8b0158f363824c1785621af95d671715,experiment_linear_mchc
1054.878382318482,0.00471538634903694,mchc,SERUM,0.8,Decision Tree Regressor,GridSearchCV,3.031169094794185,1.1774366061507942,3.630880026150322,-11.030079229796819,8b0158f363824c1785621af95d671715,experiment_linear_mchc
1589.067252340822,0.004617836758509102,mchc,SERUM,0.8,Decision Tree Regressor,GridSearchCV,3.031169094794185,1.1774366061507942,3.630880026150322,-11.030079229796819,8b0158f363824c1785621af95d671715,experiment_linear_mchc
1691.276675124879,0.004609457223241987,mchc,SERUM,0.8,Decision Tree Regressor,GridSearchCV,3.031169094794185,1.1774366061507942,3.630880026150322,-11.030079229796819,8b0158f363824c1785621af95d671715,experiment_linear_mchc
2711.442423290285,0.004585469776624381,mchc,SERUM,0.8,Decision Tree Regressor,GridSearchCV,3.031169094794185,1.1774366061507942,3.630880026150322,-11.030079229796819,8b0158f363824c1785621af95d671715,experiment_linear_mchc
1461.787593779542,0.0035147555900725464,mchc,SERUM,0.8,Decision Tree Regressor,GridSearchCV,3.031169094794185,1.1774366061507942,3.630880026150322,-11.030079229796819,8b0158f363824c1785621af95d671715,experiment_linear_mchc
1120.446691274293,0.0025975175474643327,mchc,SERUM,0.8,Decision Tree Regressor,GridSearchCV,3.031169094794185,1.1774366061507942,3.630880026150322,-11.030079229796819,8b0158f363824c1785621af95d671715,experiment_linear_mchc
2717.227862315798,0.008479185411928289,mchc,SERUM,0.8,Decision Tree Regressor,GridSearchCV,0.9164560074343442,0.7405787499999996,2.2585855855602444,-0.09969285611283696,8b0158f363824c1785621af95d671715,experiment_linear_mchc
1716.346910902101,0.00738562443565455,mchc,SERUM,0.8,Decision Tree Regressor,GridSearchCV,0.9164560074343442,0.7405787499999996,2.2585855855602444,-0.09969285611283696,8b0158f363824c1785621af95d671715,experiment_linear_mchc
2715.299382640627,0.006187176401050686,mchc,SERUM,0.8,Decision Tree Regressor,GridSearchCV,0.9164560074343442,0.7405787499999996,2.2585855855602444,-0.09969285611283696,8b0158f363824c1785621af95d671715,experiment_linear_mchc
3045.069407094851,0.005527318492576386,mchc,SERUM,0.8,Decision Tree Regressor,GridSearchCV,0.9164560074343442,0.7405787499999996,2.2585855855602444,-0.09969285611283696,8b0158f363824c1785621af95d671715,experiment_linear_mchc
2713.370902965456,0.005468093737193198,mchc,SERUM,0.8,Decision Tree Regressor,GridSearchCV,0.9164560074343442,0.7405787499999996,2.2585855855602444,-0.09969285611283696,8b0158f363824c1785621af95d671715,experiment_linear_mchc
2728.798740366823,0.005273990374592851,mchc,SERUM,0.8,Decision Tree Regressor,GridSearchCV,0.9164560074343442,0.7405787499999996,2.2585855855602444,-0.09969285611283696,8b0158f363824c1785621af95d671715,experiment_linear_mchc
2680.586748487551,0.005238553561443254,mchc,SERUM,0.8,Decision Tree Regressor,GridSearchCV,0.9164560074343442,0.7405787499999996,2.2585855855602444,-0.09969285611283696,8b0158f363824c1785621af95d671715,experiment_linear_mchc
2719.156341990969,0.0052284378344575,mchc,SERUM,0.8,Decision Tree Regressor,GridSearchCV,0.9164560074343442,0.7405787499999996,2.2585855855602444,-0.09969285611283696,8b0158f363824c1785621af95d671715,experiment_linear_mchc
2734.584179392336,0.005003352587652875,mchc,SERUM,0.8,Decision Tree Regressor,GridSearchCV,0.9164560074343442,0.7405787499999996,2.2585855855602444,-0.09969285611283696,8b0158f363824c1785621af95d671715,experiment_linear_mchc
2669.015870436525,0.00489610208258771,mchc,SERUM,0.8,Decision Tree Regressor,GridSearchCV,0.9164560074343442,0.7405787499999996,2.2585855855602444,-0.09969285611283696,8b0158f363824c1785621af95d671715,experiment_linear_mchc
2667.087390761355,0.0048429432369539805,mchc,SERUM,0.8,Decision Tree Regressor,GridSearchCV,0.9164560074343442,0.7405787499999996,2.2585855855602444,-0.09969285611283696,8b0158f363824c1785621af95d671715,experiment_linear_mchc
2678.65826881238,0.004831661118416407,mchc,SERUM,0.8,Decision Tree Regressor,GridSearchCV,0.9164560074343442,0.7405787499999996,2.2585855855602444,-0.09969285611283696,8b0158f363824c1785621af95d671715,experiment_linear_mchc
2732.655699717165,0.004777691912708998,mchc,SERUM,0.8,Decision Tree Regressor,GridSearchCV,0.9164560074343442,0.7405787499999996,2.2585855855602444,-0.09969285611283696,8b0158f363824c1785621af95d671715,experiment_linear_mchc
2730.727220041994,0.004764071979447629,mchc,SERUM,0.8,Decision Tree Regressor,GridSearchCV,0.9164560074343442,0.7405787499999996,2.2585855855602444,-0.09969285611283696,8b0158f363824c1785621af95d671715,experiment_linear_mchc
2701.800024914431,0.004716052498808312,mchc,SERUM,0.8,Decision Tree Regressor,GridSearchCV,0.9164560074343442,0.7405787499999996,2.2585855855602444,-0.09969285611283696,8b0158f363824c1785621af95d671715,experiment_linear_mchc
2736.512659067507,0.004649932091023417,mchc,SERUM,0.8,Decision Tree Regressor,GridSearchCV,0.9164560074343442,0.7405787499999996,2.2585855855602444,-0.09969285611283696,8b0158f363824c1785621af95d671715,experiment_linear_mchc
2665.158911086184,0.004594076186063704,mchc,SERUM,0.8,Decision Tree Regressor,GridSearchCV,0.9164560074343442,0.7405787499999996,2.2585855855602444,-0.09969285611283696,8b0158f363824c1785621af95d671715,experiment_linear_mchc
1644.993162920778,0.004510590398435162,mchc,SERUM,0.8,Decision Tree Regressor,GridSearchCV,0.9164560074343442,0.7405787499999996,2.2585855855602444,-0.09969285611283696,8b0158f363824c1785621af95d671715,experiment_linear_mchc
1587.138772665651,0.004492724858937158,mchc,SERUM,0.8,Decision Tree Regressor,GridSearchCV,0.9164560074343442,0.7405787499999996,2.2585855855602444,-0.09969285611283696,8b0158f363824c1785621af95d671715,experiment_linear_mchc
1585.21029299048,0.00443690015283529,mchc,SERUM,0.8,Decision Tree Regressor,GridSearchCV,0.9164560074343442,0.7405787499999996,2.2585855855602444,-0.09969285611283696,8b0158f363824c1785621af95d671715,experiment_linear_mchc
2534.022293174562,0.8474049447424559,mchc,SERUM,0.8,Decision Tree Regressor,GridSearchCV,3.031169094794185,1.1774366061507942,3.630880026150322,-11.030079229796819,8b0158f363824c1785621af95d671715,experiment_linear_mchc
1511.928065333986,0.017888716908843853,mchc,SERUM,0.8,Decision Tree Regressor,GridSearchCV,3.031169094794185,1.1774366061507942,3.630880026150322,-11.030079229796819,8b0158f363824c1785621af95d671715,experiment_linear_mchc
3035.427008718997,0.01726370132055626,mchc,SERUM,0.8,Decision Tree Regressor,GridSearchCV,3.031169094794185,1.1774366061507942,3.630880026150322,-11.030079229796819,8b0158f363824c1785621af95d671715,experiment_linear_mchc
2692.157626538576,0.012236752438507581,mchc,SERUM,0.8,Decision Tree Regressor,GridSearchCV,3.031169094794185,1.1774366061507942,3.630880026150322,-11.030079229796819,8b0158f363824c1785621af95d671715,experiment_linear_mchc
1544.712219811891,0.010775904037976989,mchc,SERUM,0.8,Decision Tree Regressor,GridSearchCV,3.031169094794185,1.1774366061507942,3.630880026150322,-11.030079229796819,8b0158f363824c1785621af95d671715,experiment_linear_mchc
2684.443707837893,0.009839465458127966,mchc,SERUM,0.8,Decision Tree Regressor,GridSearchCV,3.031169094794185,1.1774366061507942,3.630880026150322,-11.030079229796819,8b0158f363824c1785621af95d671715,experiment_linear_mchc
1317.151618141725,0.009018066478393138,mchc,SERUM,0.8,Decision Tree Regressor,GridSearchCV,3.031169094794185,1.1774366061507942,3.630880026150322,-11.030079229796819,8b0158f363824c1785621af95d671715,experiment_linear_mchc
2578.377325703493,0.008163905328016682,mchc,SERUM,0.8,Decision Tree Regressor,GridSearchCV,3.031169094794185,1.1774366061507942,3.630880026150322,-11.030079229796819,8b0158f363824c1785621af95d671715,experiment_linear_mchc
1114.66125224878,0.007693242758980684,mchc,SERUM,0.8,Decision Tree Regressor,GridSearchCV,3.031169094794185,1.1774366061507942,3.630880026150322,-11.030079229796819,8b0158f363824c1785621af95d671715,experiment_linear_mchc
1089.591016471559,0.0070437004527134795,mchc,SERUM,0.8,Decision Tree Regressor,GridSearchCV,3.031169094794185,1.1774366061507942,3.630880026150322,-11.030079229796819,8b0158f363824c1785621af95d671715,experiment_linear_mchc
1477.215431180909,0.006587691338755709,mchc,SERUM,0.8,Decision Tree Regressor,GridSearchCV,3.031169094794185,1.1774366061507942,3.630880026150322,-11.030079229796819,8b0158f363824c1785621af95d671715,experiment_linear_mchc
1259.297227886598,0.006084974386805052,mchc,SERUM,0.8,Decision Tree Regressor,GridSearchCV,3.031169094794185,1.1774366061507942,3.630880026150322,-11.030079229796819,8b0158f363824c1785621af95d671715,experiment_linear_mchc
1670.063398697999,0.005951921027803493,mchc,SERUM,0.8,Decision Tree Regressor,GridSearchCV,3.031169094794185,1.1774366061507942,3.630880026150322,-11.030079229796819,8b0158f363824c1785621af95d671715,experiment_linear_mchc
1673.920358048341,0.004864751743482235,mchc,SERUM,0.8,Decision Tree Regressor,GridSearchCV,3.031169094794185,1.1774366061507942,3.630880026150322,-11.030079229796819,8b0158f363824c1785621af95d671715,experiment_linear_mchc
1054.878382318482,0.00471538634903694,mchc,SERUM,0.8,Decision Tree Regressor,GridSearchCV,3.031169094794185,1.1774366061507942,3.630880026150322,-11.030079229796819,8b0158f363824c1785621af95d671715,experiment_linear_mchc
1589.067252340822,0.004617836758509102,mchc,SERUM,0.8,Decision Tree Regressor,GridSearchCV,3.031169094794185,1.1774366061507942,3.630880026150322,-11.030079229796819,8b0158f363824c1785621af95d671715,experiment_linear_mchc
1691.276675124879,0.004609457223241987,mchc,SERUM,0.8,Decision Tree Regressor,GridSearchCV,3.031169094794185,1.1774366061507942,3.630880026150322,-11.030079229796819,8b0158f363824c1785621af95d671715,experiment_linear_mchc
2711.442423290285,0.004585469776624381,mchc,SERUM,0.8,Decision Tree Regressor,GridSearchCV,3.031169094794185,1.1774366061507942,3.630880026150322,-11.030079229796819,8b0158f363824c1785621af95d671715,experiment_linear_mchc
1461.787593779542,0.0035147555900725464,mchc,SERUM,0.8,Decision Tree Regressor,GridSearchCV,3.031169094794185,1.1774366061507942,3.630880026150322,-11.030079229796819,8b0158f363824c1785621af95d671715,experiment_linear_mchc
1120.446691274293,0.0025975175474643327,mchc,SERUM,0.8,Decision Tree Regressor,GridSearchCV,3.031169094794185,1.1774366061507942,3.630880026150322,-11.030079229796819,8b0158f363824c1785621af95d671715,experiment_linear_mchc
1278.582024638307,0.004238534932961563,mchc,URINE,0.8,Decision Tree Regressor,GridSearchCV,1.0488427274105991,0.8406315789473681,2.5826843606162297,-0.8998370202163715,8b0158f363824c1785621af95d671715,experiment_linear_mchc
1280.510504313478,0.0042299284983445965,mchc,URINE,0.8,Decision Tree Regressor,GridSearchCV,1.0488427274105991,0.8406315789473681,2.5826843606162297,-0.8998370202163715,8b0158f363824c1785621af95d671715,experiment_linear_mchc
1768.415862131715,0.004081060941104441,mchc,URINE,0.8,Decision Tree Regressor,GridSearchCV,1.0488427274105991,0.8406315789473681,2.5826843606162297,-0.8998370202163715,8b0158f363824c1785621af95d671715,experiment_linear_mchc
1766.487382456544,0.0040752235244305435,mchc,URINE,0.8,Decision Tree Regressor,GridSearchCV,1.0488427274105991,0.8406315789473681,2.5826843606162297,-0.8998370202163715,8b0158f363824c1785621af95d671715,experiment_linear_mchc
1770.344341806886,0.004064475435657123,mchc,URINE,0.8,Decision Tree Regressor,GridSearchCV,1.0488427274105991,0.8406315789473681,2.5826843606162297,-0.8998370202163715,8b0158f363824c1785621af95d671715,experiment_linear_mchc
1276.653544963136,0.004051058412526941,mchc,URINE,0.8,Decision Tree Regressor,GridSearchCV,1.0488427274105991,0.8406315789473681,2.5826843606162297,-0.8998370202163715,8b0158f363824c1785621af95d671715,experiment_linear_mchc
1772.272821482057,0.004038809377175884,mchc,URINE,0.8,Decision Tree Regressor,GridSearchCV,1.0488427274105991,0.8406315789473681,2.5826843606162297,-0.8998370202163715,8b0158f363824c1785621af95d671715,experiment_linear_mchc
1282.438983988648,0.00403035779677935,mchc,URINE,0.8,Decision Tree Regressor,GridSearchCV,1.0488427274105991,0.8406315789473681,2.5826843606162297,-0.8998370202163715,8b0158f363824c1785621af95d671715,experiment_linear_mchc
1764.558902781373,0.004029773560830606,mchc,URINE,0.8,Decision Tree Regressor,GridSearchCV,1.0488427274105991,0.8406315789473681,2.5826843606162297,-0.8998370202163715,8b0158f363824c1785621af95d671715,experiment_linear_mchc
1762.630423106202,0.003975460055512523,mchc,URINE,0.8,Decision Tree Regressor,GridSearchCV,1.0488427274105991,0.8406315789473681,2.5826843606162297,-0.8998370202163715,8b0158f363824c1785621af95d671715,experiment_linear_mchc
1774.201301157228,0.003968796543836713,mchc,URINE,0.8,Decision Tree Regressor,GridSearchCV,1.0488427274105991,0.8406315789473681,2.5826843606162297,-0.8998370202163715,8b0158f363824c1785621af95d671715,experiment_linear_mchc
1760.701943431032,0.003903572350505865,mchc,URINE,0.8,Decision Tree Regressor,GridSearchCV,1.0488427274105991,0.8406315789473681,2.5826843606162297,-0.8998370202163715,8b0158f363824c1785621af95d671715,experiment_linear_mchc
935.3126424578863,0.0038827437119567246,mchc,URINE,0.8,Decision Tree Regressor,GridSearchCV,1.0488427274105991,0.8406315789473681,2.5826843606162297,-0.8998370202163715,8b0158f363824c1785621af95d671715,experiment_linear_mchc
937.2411221330576,0.003869199806072054,mchc,URINE,0.8,Decision Tree Regressor,GridSearchCV,1.0488427274105991,0.8406315789473681,2.5826843606162297,-0.8998370202163715,8b0158f363824c1785621af95d671715,experiment_linear_mchc
931.4556831075452,0.003860622361490283,mchc,URINE,0.8,Decision Tree Regressor,GridSearchCV,1.0488427274105991,0.8406315789473681,2.5826843606162297,-0.8998370202163715,8b0158f363824c1785621af95d671715,experiment_linear_mchc
1776.129780832399,0.003850126464385139,mchc,URINE,0.8,Decision Tree Regressor,GridSearchCV,1.0488427274105991,0.8406315789473681,2.5826843606162297,-0.8998370202163715,8b0158f363824c1785621af95d671715,experiment_linear_mchc
933.3841627827155,0.003849307314472596,mchc,URINE,0.8,Decision Tree Regressor,GridSearchCV,1.0488427274105991,0.8406315789473681,2.5826843606162297,-0.8998370202163715,8b0158f363824c1785621af95d671715,experiment_linear_mchc
1722.132349927614,0.0038357921781308623,mchc,URINE,0.8,Decision Tree Regressor,GridSearchCV,1.0488427274105991,0.8406315789473681,2.5826843606162297,-0.8998370202163715,8b0158f363824c1785621af95d671715,experiment_linear_mchc
1720.203870252443,0.0038353707940029093,mchc,URINE,0.8,Decision Tree Regressor,GridSearchCV,1.0488427274105991,0.8406315789473681,2.5826843606162297,-0.8998370202163715,8b0158f363824c1785621af95d671715,experiment_linear_mchc
1758.773463755861,0.0038071067455453292,mchc,URINE,0.8,Decision Tree Regressor,GridSearchCV,1.0488427274105991,0.8406315789473681,2.5826843606162297,-0.8998370202163715,8b0158f363824c1785621af95d671715,experiment_linear_mchc
1745.274106029664,0.11142445554562219,mchc,URINE,0.8,Decision Tree Regressor,GridSearchCV,0.9610275760050302,0.7477394736842103,2.3005777897416135,-0.5950242966083388,8b0158f363824c1785621af95d671715,experiment_linear_mchc
1402.004723849244,0.07481621597243011,mchc,URINE,0.8,Decision Tree Regressor,GridSearchCV,0.9610275760050302,0.7477394736842103,2.3005777897416135,-0.5950242966083388,8b0158f363824c1785621af95d671715,experiment_linear_mchc
1504.214146633302,0.057298699782722305,mchc,URINE,0.8,Decision Tree Regressor,GridSearchCV,0.9610275760050302,0.7477394736842103,2.3005777897416135,-0.5950242966083388,8b0158f363824c1785621af95d671715,experiment_linear_mchc
1448.288236053346,0.0530592645455346,mchc,URINE,0.8,Decision Tree Regressor,GridSearchCV,0.9610275760050302,0.7477394736842103,2.3005777897416135,-0.5950242966083388,8b0158f363824c1785621af95d671715,experiment_linear_mchc
1729.846268628297,0.05305926454553411,mchc,URINE,0.8,Decision Tree Regressor,GridSearchCV,0.9610275760050302,0.7477394736842103,2.3005777897416135,-0.5950242966083388,8b0158f363824c1785621af95d671715,experiment_linear_mchc
3010.356772941775,0.05305926454553281,mchc,URINE,0.8,Decision Tree Regressor,GridSearchCV,0.9610275760050302,0.7477394736842103,2.3005777897416135,-0.5950242966083388,8b0158f363824c1785621af95d671715,experiment_linear_mchc
1060.663821343995,0.04969530717334695,mchc,URINE,0.8,Decision Tree Regressor,GridSearchCV,0.9610275760050302,0.7477394736842103,2.3005777897416135,-0.5950242966083388,8b0158f363824c1785621af95d671715,experiment_linear_mchc
1725.989309277955,0.04615625422816021,mchc,URINE,0.8,Decision Tree Regressor,GridSearchCV,0.9610275760050302,0.7477394736842103,2.3005777897416135,-0.5950242966083388,8b0158f363824c1785621af95d671715,experiment_linear_mchc
1679.705797073854,0.045100374863704794,mchc,URINE,0.8,Decision Tree Regressor,GridSearchCV,0.9610275760050302,0.7477394736842103,2.3005777897416135,-0.5950242966083388,8b0158f363824c1785621af95d671715,experiment_linear_mchc
2913.93278918323,0.04510037486370427,mchc,URINE,0.8,Decision Tree Regressor,GridSearchCV,0.9610275760050302,0.7477394736842103,2.3005777897416135,-0.5950242966083388,8b0158f363824c1785621af95d671715,experiment_linear_mchc
1008.594870114381,0.045100374863703906,mchc,URINE,0.8,Decision Tree Regressor,GridSearchCV,0.9610275760050302,0.7477394736842103,2.3005777897416135,-0.5950242966083388,8b0158f363824c1785621af95d671715,experiment_linear_mchc
1571.710935264284,0.042447411636427144,mchc,URINE,0.8,Decision Tree Regressor,GridSearchCV,0.9610275760050302,0.7477394736842103,2.3005777897416135,-0.5950242966083388,8b0158f363824c1785621af95d671715,experiment_linear_mchc
2852.221439577761,0.03979444840915026,mchc,URINE,0.8,Decision Tree Regressor,GridSearchCV,0.9610275760050302,0.7477394736842103,2.3005777897416135,-0.5950242966083388,8b0158f363824c1785621af95d671715,experiment_linear_mchc
2578.377325703493,0.03448852195459748,mchc,URINE,0.8,Decision Tree Regressor,GridSearchCV,0.9610275760050302,0.7477394736842103,2.3005777897416135,-0.5950242966083388,8b0158f363824c1785621af95d671715,experiment_linear_mchc
2798.224008672976,0.0344885219545973,mchc,URINE,0.8,Decision Tree Regressor,GridSearchCV,0.9610275760050302,0.7477394736842103,2.3005777897416135,-0.5950242966083388,8b0158f363824c1785621af95d671715,experiment_linear_mchc
1766.487382456544,0.03448852195459712,mchc,URINE,0.8,Decision Tree Regressor,GridSearchCV,0.9610275760050302,0.7477394736842103,2.3005777897416135,-0.5950242966083388,8b0158f363824c1785621af95d671715,experiment_linear_mchc
1407.790162874757,0.03448852195459655,mchc,URINE,0.8,Decision Tree Regressor,GridSearchCV,0.9610275760050302,0.7477394736842103,2.3005777897416135,-0.5950242966083388,8b0158f363824c1785621af95d671715,experiment_linear_mchc
1405.861683199586,0.03183555872732093,mchc,URINE,0.8,Decision Tree Regressor,GridSearchCV,0.9610275760050302,0.7477394736842103,2.3005777897416135,-0.5950242966083388,8b0158f363824c1785621af95d671715,experiment_linear_mchc
1837.841130437868,0.03084335048031894,mchc,URINE,0.8,Decision Tree Regressor,GridSearchCV,0.9610275760050302,0.7477394736842103,2.3005777897416135,-0.5950242966083388,8b0158f363824c1785621af95d671715,experiment_linear_mchc
1511.928065333986,0.026529632272766872,mchc,URINE,0.8,Decision Tree Regressor,GridSearchCV,0.9610275760050302,0.7477394736842103,2.3005777897416135,-0.5950242966083388,8b0158f363824c1785621af95d671715,experiment_linear_mchc
1278.582024638307,0.0042385349329615634,mchc,URINE,0.8,Decision Tree Regressor,GridSearchCV,1.0488427274105991,0.8406315789473681,2.5826843606162297,-0.8998370202163715,8b0158f363824c1785621af95d671715,experiment_linear_mchc
1280.510504313478,0.004229928498344599,mchc,URINE,0.8,Decision Tree Regressor,GridSearchCV,1.0488427274105991,0.8406315789473681,2.5826843606162297,-0.8998370202163715,8b0158f363824c1785621af95d671715,experiment_linear_mchc
1768.415862131715,0.004081060941104443,mchc,URINE,0.8,Decision Tree Regressor,GridSearchCV,1.0488427274105991,0.8406315789473681,2.5826843606162297,-0.8998370202163715,8b0158f363824c1785621af95d671715,experiment_linear_mchc
1766.487382456544,0.004075223524430545,mchc,URINE,0.8,Decision Tree Regressor,GridSearchCV,1.0488427274105991,0.8406315789473681,2.5826843606162297,-0.8998370202163715,8b0158f363824c1785621af95d671715,experiment_linear_mchc
1770.344341806886,0.004064475435657125,mchc,URINE,0.8,Decision Tree Regressor,GridSearchCV,1.0488427274105991,0.8406315789473681,2.5826843606162297,-0.8998370202163715,8b0158f363824c1785621af95d671715,experiment_linear_mchc
1276.653544963136,0.004051058412526943,mchc,URINE,0.8,Decision Tree Regressor,GridSearchCV,1.0488427274105991,0.8406315789473681,2.5826843606162297,-0.8998370202163715,8b0158f363824c1785621af95d671715,experiment_linear_mchc
1772.272821482057,0.004038809377175886,mchc,URINE,0.8,Decision Tree Regressor,GridSearchCV,1.0488427274105991,0.8406315789473681,2.5826843606162297,-0.8998370202163715,8b0158f363824c1785621af95d671715,experiment_linear_mchc
1282.438983988648,0.00403035779677935,mchc,URINE,0.8,Decision Tree Regressor,GridSearchCV,1.0488427274105991,0.8406315789473681,2.5826843606162297,-0.8998370202163715,8b0158f363824c1785621af95d671715,experiment_linear_mchc
1764.558902781373,0.004029773560830608,mchc,URINE,0.8,Decision Tree Regressor,GridSearchCV,1.0488427274105991,0.8406315789473681,2.5826843606162297,-0.8998370202163715,8b0158f363824c1785621af95d671715,experiment_linear_mchc
1762.630423106202,0.003975460055512523,mchc,URINE,0.8,Decision Tree Regressor,GridSearchCV,1.0488427274105991,0.8406315789473681,2.5826843606162297,-0.8998370202163715,8b0158f363824c1785621af95d671715,experiment_linear_mchc
1774.201301157228,0.003968796543836713,mchc,URINE,0.8,Decision Tree Regressor,GridSearchCV,1.0488427274105991,0.8406315789473681,2.5826843606162297,-0.8998370202163715,8b0158f363824c1785621af95d671715,experiment_linear_mchc
1760.701943431032,0.003903572350505865,mchc,URINE,0.8,Decision Tree Regressor,GridSearchCV,1.0488427274105991,0.8406315789473681,2.5826843606162297,-0.8998370202163715,8b0158f363824c1785621af95d671715,experiment_linear_mchc
935.3126424578863,0.0038827437119567233,mchc,URINE,0.8,Decision Tree Regressor,GridSearchCV,1.0488427274105991,0.8406315789473681,2.5826843606162297,-0.8998370202163715,8b0158f363824c1785621af95d671715,experiment_linear_mchc
937.2411221330576,0.0038691998060720522,mchc,URINE,0.8,Decision Tree Regressor,GridSearchCV,1.0488427274105991,0.8406315789473681,2.5826843606162297,-0.8998370202163715,8b0158f363824c1785621af95d671715,experiment_linear_mchc
931.4556831075452,0.003860622361490284,mchc,URINE,0.8,Decision Tree Regressor,GridSearchCV,1.0488427274105991,0.8406315789473681,2.5826843606162297,-0.8998370202163715,8b0158f363824c1785621af95d671715,experiment_linear_mchc
1776.129780832399,0.0038501264643851403,mchc,URINE,0.8,Decision Tree Regressor,GridSearchCV,1.0488427274105991,0.8406315789473681,2.5826843606162297,-0.8998370202163715,8b0158f363824c1785621af95d671715,experiment_linear_mchc
933.3841627827155,0.003849307314472597,mchc,URINE,0.8,Decision Tree Regressor,GridSearchCV,1.0488427274105991,0.8406315789473681,2.5826843606162297,-0.8998370202163715,8b0158f363824c1785621af95d671715,experiment_linear_mchc
1722.132349927614,0.003835792178130863,mchc,URINE,0.8,Decision Tree Regressor,GridSearchCV,1.0488427274105991,0.8406315789473681,2.5826843606162297,-0.8998370202163715,8b0158f363824c1785621af95d671715,experiment_linear_mchc
1720.203870252443,0.00383537079400291,mchc,URINE,0.8,Decision Tree Regressor,GridSearchCV,1.0488427274105991,0.8406315789473681,2.5826843606162297,-0.8998370202163715,8b0158f363824c1785621af95d671715,experiment_linear_mchc
1758.773463755861,0.0038071067455453297,mchc,URINE,0.8,Decision Tree Regressor,GridSearchCV,1.0488427274105991,0.8406315789473681,2.5826843606162297,-0.8998370202163715,8b0158f363824c1785621af95d671715,experiment_linear_mchc
1745.274106029664,0.11142445554562219,mchc,URINE,0.8,Decision Tree Regressor,GridSearchCV,0.9610275760050302,0.7477394736842103,2.3005777897416135,-0.5950242966083388,8b0158f363824c1785621af95d671715,experiment_linear_mchc
1402.004723849244,0.07481621597243011,mchc,URINE,0.8,Decision Tree Regressor,GridSearchCV,0.9610275760050302,0.7477394736842103,2.3005777897416135,-0.5950242966083388,8b0158f363824c1785621af95d671715,experiment_linear_mchc
1504.214146633302,0.057298699782722305,mchc,URINE,0.8,Decision Tree Regressor,GridSearchCV,0.9610275760050302,0.7477394736842103,2.3005777897416135,-0.5950242966083388,8b0158f363824c1785621af95d671715,experiment_linear_mchc
1448.288236053346,0.0530592645455346,mchc,URINE,0.8,Decision Tree Regressor,GridSearchCV,0.9610275760050302,0.7477394736842103,2.3005777897416135,-0.5950242966083388,8b0158f363824c1785621af95d671715,experiment_linear_mchc
1729.846268628297,0.05305926454553411,mchc,URINE,0.8,Decision Tree Regressor,GridSearchCV,0.9610275760050302,0.7477394736842103,2.3005777897416135,-0.5950242966083388,8b0158f363824c1785621af95d671715,experiment_linear_mchc
3010.356772941775,0.05305926454553281,mchc,URINE,0.8,Decision Tree Regressor,GridSearchCV,0.9610275760050302,0.7477394736842103,2.3005777897416135,-0.5950242966083388,8b0158f363824c1785621af95d671715,experiment_linear_mchc
1060.663821343995,0.04969530717334695,mchc,URINE,0.8,Decision Tree Regressor,GridSearchCV,0.9610275760050302,0.7477394736842103,2.3005777897416135,-0.5950242966083388,8b0158f363824c1785621af95d671715,experiment_linear_mchc
1725.989309277955,0.04615625422816021,mchc,URINE,0.8,Decision Tree Regressor,GridSearchCV,0.9610275760050302,0.7477394736842103,2.3005777897416135,-0.5950242966083388,8b0158f363824c1785621af95d671715,experiment_linear_mchc
1679.705797073854,0.045100374863704794,mchc,URINE,0.8,Decision Tree Regressor,GridSearchCV,0.9610275760050302,0.7477394736842103,2.3005777897416135,-0.5950242966083388,8b0158f363824c1785621af95d671715,experiment_linear_mchc
2913.93278918323,0.04510037486370427,mchc,URINE,0.8,Decision Tree Regressor,GridSearchCV,0.9610275760050302,0.7477394736842103,2.3005777897416135,-0.5950242966083388,8b0158f363824c1785621af95d671715,experiment_linear_mchc
1008.594870114381,0.045100374863703906,mchc,URINE,0.8,Decision Tree Regressor,GridSearchCV,0.9610275760050302,0.7477394736842103,2.3005777897416135,-0.5950242966083388,8b0158f363824c1785621af95d671715,experiment_linear_mchc
1571.710935264284,0.042447411636427144,mchc,URINE,0.8,Decision Tree Regressor,GridSearchCV,0.9610275760050302,0.7477394736842103,2.3005777897416135,-0.5950242966083388,8b0158f363824c1785621af95d671715,experiment_linear_mchc
2852.221439577761,0.03979444840915026,mchc,URINE,0.8,Decision Tree Regressor,GridSearchCV,0.9610275760050302,0.7477394736842103,2.3005777897416135,-0.5950242966083388,8b0158f363824c1785621af95d671715,experiment_linear_mchc
2578.377325703493,0.03448852195459748,mchc,URINE,0.8,Decision Tree Regressor,GridSearchCV,0.9610275760050302,0.7477394736842103,2.3005777897416135,-0.5950242966083388,8b0158f363824c1785621af95d671715,experiment_linear_mchc
2798.224008672976,0.0344885219545973,mchc,URINE,0.8,Decision Tree Regressor,GridSearchCV,0.9610275760050302,0.7477394736842103,2.3005777897416135,-0.5950242966083388,8b0158f363824c1785621af95d671715,experiment_linear_mchc
1766.487382456544,0.03448852195459712,mchc,URINE,0.8,Decision Tree Regressor,GridSearchCV,0.9610275760050302,0.7477394736842103,2.3005777897416135,-0.5950242966083388,8b0158f363824c1785621af95d671715,experiment_linear_mchc
1407.790162874757,0.03448852195459655,mchc,URINE,0.8,Decision Tree Regressor,GridSearchCV,0.9610275760050302,0.7477394736842103,2.3005777897416135,-0.5950242966083388,8b0158f363824c1785621af95d671715,experiment_linear_mchc
1405.861683199586,0.03183555872732093,mchc,URINE,0.8,Decision Tree Regressor,GridSearchCV,0.9610275760050302,0.7477394736842103,2.3005777897416135,-0.5950242966083388,8b0158f363824c1785621af95d671715,experiment_linear_mchc
1837.841130437868,0.03084335048031894,mchc,URINE,0.8,Decision Tree Regressor,GridSearchCV,0.9610275760050302,0.7477394736842103,2.3005777897416135,-0.5950242966083388,8b0158f363824c1785621af95d671715,experiment_linear_mchc
1511.928065333986,0.026529632272766872,mchc,URINE,0.8,Decision Tree Regressor,GridSearchCV,0.9610275760050302,0.7477394736842103,2.3005777897416135,-0.5950242966083388,8b0158f363824c1785621af95d671715,experiment_linear_mchc
1045.235983942628,0.010341373222189048,mchc,CAPILAR,0.8,XGBoost Regressor,GridSearchCV,0.7589216383965535,0.6100026418832629,1.852177498358969,-0.04537182502748505,8b0158f363824c1785621af95d671715,experiment_linear_mchc
1043.307504267457,0.010151384551009347,mchc,CAPILAR,0.8,XGBoost Regressor,GridSearchCV,0.7589216383965535,0.6100026418832629,1.852177498358969,-0.04537182502748505,8b0158f363824c1785621af95d671715,experiment_linear_mchc
1047.164463617799,0.01005323233402884,mchc,CAPILAR,0.8,XGBoost Regressor,GridSearchCV,0.7589216383965535,0.6100026418832629,1.852177498358969,-0.04537182502748505,8b0158f363824c1785621af95d671715,experiment_linear_mchc
1049.092943292969,0.009395513846668011,mchc,CAPILAR,0.8,XGBoost Regressor,GridSearchCV,0.7589216383965535,0.6100026418832629,1.852177498358969,-0.04537182502748505,8b0158f363824c1785621af95d671715,experiment_linear_mchc
1041.379024592286,0.009392438315116635,mchc,CAPILAR,0.8,XGBoost Regressor,GridSearchCV,0.7589216383965535,0.6100026418832629,1.852177498358969,-0.04537182502748505,8b0158f363824c1785621af95d671715,experiment_linear_mchc
1222.656114058351,0.00874127136368037,mchc,CAPILAR,0.8,XGBoost Regressor,GridSearchCV,0.7589216383965535,0.6100026418832629,1.852177498358969,-0.04537182502748505,8b0158f363824c1785621af95d671715,experiment_linear_mchc
1220.72763438318,0.008623237490170813,mchc,CAPILAR,0.8,XGBoost Regressor,GridSearchCV,0.7589216383965535,0.6100026418832629,1.852177498358969,-0.04537182502748505,8b0158f363824c1785621af95d671715,experiment_linear_mchc
1051.021422968141,0.008402006476367435,mchc,CAPILAR,0.8,XGBoost Regressor,GridSearchCV,0.7589216383965535,0.6100026418832629,1.852177498358969,-0.04537182502748505,8b0158f363824c1785621af95d671715,experiment_linear_mchc
956.5259188847667,0.008034045120421116,mchc,CAPILAR,0.8,XGBoost Regressor,GridSearchCV,0.7589216383965535,0.6100026418832629,1.852177498358969,-0.04537182502748505,8b0158f363824c1785621af95d671715,experiment_linear_mchc
1039.450544917115,0.007931921271137246,mchc,CAPILAR,0.8,XGBoost Regressor,GridSearchCV,0.7589216383965535,0.6100026418832629,1.852177498358969,-0.04537182502748505,8b0158f363824c1785621af95d671715,experiment_linear_mchc
1218.799154708009,0.007662493355429713,mchc,CAPILAR,0.8,XGBoost Regressor,GridSearchCV,0.7589216383965535,0.6100026418832629,1.852177498358969,-0.04537182502748505,8b0158f363824c1785621af95d671715,experiment_linear_mchc
954.5974392095954,0.007526460800962928,mchc,CAPILAR,0.8,XGBoost Regressor,GridSearchCV,0.7589216383965535,0.6100026418832629,1.852177498358969,-0.04537182502748505,8b0158f363824c1785621af95d671715,experiment_linear_mchc
1224.584593733522,0.007468979161676537,mchc,CAPILAR,0.8,XGBoost Regressor,GridSearchCV,0.7589216383965535,0.6100026418832629,1.852177498358969,-0.04537182502748505,8b0158f363824c1785621af95d671715,experiment_linear_mchc
964.23983758545,0.00683822451797318,mchc,CAPILAR,0.8,XGBoost Regressor,GridSearchCV,0.7589216383965535,0.6100026418832629,1.852177498358969,-0.04537182502748505,8b0158f363824c1785621af95d671715,experiment_linear_mchc
1052.949902643312,0.006758713505576872,mchc,CAPILAR,0.8,XGBoost Regressor,GridSearchCV,0.7589216383965535,0.6100026418832629,1.852177498358969,-0.04537182502748505,8b0158f363824c1785621af95d671715,experiment_linear_mchc
1216.870675032838,0.00653604237764594,mchc,CAPILAR,0.8,XGBoost Regressor,GridSearchCV,0.7589216383965535,0.6100026418832629,1.852177498358969,-0.04537182502748505,8b0158f363824c1785621af95d671715,experiment_linear_mchc
1037.522065241944,0.006217478648492318,mchc,CAPILAR,0.8,XGBoost Regressor,GridSearchCV,0.7589216383965535,0.6100026418832629,1.852177498358969,-0.04537182502748505,8b0158f363824c1785621af95d671715,experiment_linear_mchc
1083.805577446046,0.006208463055476741,mchc,CAPILAR,0.8,XGBoost Regressor,GridSearchCV,0.7589216383965535,0.6100026418832629,1.852177498358969,-0.04537182502748505,8b0158f363824c1785621af95d671715,experiment_linear_mchc
966.1683172606208,0.006136853004091783,mchc,CAPILAR,0.8,XGBoost Regressor,GridSearchCV,0.7589216383965535,0.6100026418832629,1.852177498358969,-0.04537182502748505,8b0158f363824c1785621af95d671715,experiment_linear_mchc
1085.734057121217,0.006006892936369821,mchc,CAPILAR,0.8,XGBoost Regressor,GridSearchCV,0.7589216383965535,0.6100026418832629,1.852177498358969,-0.04537182502748505,8b0158f363824c1785621af95d671715,experiment_linear_mchc
1644.993162920778,0.2535594403743744,mchc,CAPILAR,0.8,XGBoost Regressor,GridSearchCV,0.7452808358619267,0.6092245610163759,1.8571350380298552,-0.008130670150293895,8b0158f363824c1785621af95d671715,experiment_linear_mchc
1643.064683245607,0.22643360495567322,mchc,CAPILAR,0.8,XGBoost Regressor,GridSearchCV,0.7452808358619267,0.6092245610163759,1.8571350380298552,-0.008130670150293895,8b0158f363824c1785621af95d671715,experiment_linear_mchc
1639.207723895265,0.18596066534519196,mchc,CAPILAR,0.8,XGBoost Regressor,GridSearchCV,0.7452808358619267,0.6092245610163759,1.8571350380298552,-0.008130670150293895,8b0158f363824c1785621af95d671715,experiment_linear_mchc
1641.136203570436,0.044915858656167984,mchc,CAPILAR,0.8,XGBoost Regressor,GridSearchCV,0.7452808358619267,0.6092245610163759,1.8571350380298552,-0.008130670150293895,8b0158f363824c1785621af95d671715,experiment_linear_mchc
1274.725065287965,0.013545610010623932,mchc,CAPILAR,0.8,XGBoost Regressor,GridSearchCV,0.7452808358619267,0.6092245610163759,1.8571350380298552,-0.008130670150293895,8b0158f363824c1785621af95d671715,experiment_linear_mchc
1743.345626354494,0.012463493272662163,mchc,CAPILAR,0.8,XGBoost Regressor,GridSearchCV,0.7452808358619267,0.6092245610163759,1.8571350380298552,-0.008130670150293895,8b0158f363824c1785621af95d671715,experiment_linear_mchc
1745.274106029664,0.012239809148013592,mchc,CAPILAR,0.8,XGBoost Regressor,GridSearchCV,0.7452808358619267,0.6092245610163759,1.8571350380298552,-0.008130670150293895,8b0158f363824c1785621af95d671715,experiment_linear_mchc
2724.941781016481,0.011514782905578613,mchc,CAPILAR,0.8,XGBoost Regressor,GridSearchCV,0.7452808358619267,0.6092245610163759,1.8571350380298552,-0.008130670150293895,8b0158f363824c1785621af95d671715,experiment_linear_mchc
1130.089089650148,0.009991188533604145,mchc,CAPILAR,0.8,XGBoost Regressor,GridSearchCV,0.7452808358619267,0.6092245610163759,1.8571350380298552,-0.008130670150293895,8b0158f363824c1785621af95d671715,experiment_linear_mchc
1132.017569325318,0.009893982671201229,mchc,CAPILAR,0.8,XGBoost Regressor,GridSearchCV,0.7452808358619267,0.6092245610163759,1.8571350380298552,-0.008130670150293895,8b0158f363824c1785621af95d671715,experiment_linear_mchc
2510.880537072512,0.009834717027842999,mchc,CAPILAR,0.8,XGBoost Regressor,GridSearchCV,0.7452808358619267,0.6092245610163759,1.8571350380298552,-0.008130670150293895,8b0158f363824c1785621af95d671715,experiment_linear_mchc
1085.734057121217,0.009560597129166126,mchc,CAPILAR,0.8,XGBoost Regressor,GridSearchCV,0.7452808358619267,0.6092245610163759,1.8571350380298552,-0.008130670150293895,8b0158f363824c1785621af95d671715,experiment_linear_mchc
1218.799154708009,0.00927109457552433,mchc,CAPILAR,0.8,XGBoost Regressor,GridSearchCV,0.7452808358619267,0.6092245610163759,1.8571350380298552,-0.008130670150293895,8b0158f363824c1785621af95d671715,experiment_linear_mchc
933.3841627827155,0.009167876094579697,mchc,CAPILAR,0.8,XGBoost Regressor,GridSearchCV,0.7452808358619267,0.6092245610163759,1.8571350380298552,-0.008130670150293895,8b0158f363824c1785621af95d671715,experiment_linear_mchc
1135.87452867566,0.009122206829488277,mchc,CAPILAR,0.8,XGBoost Regressor,GridSearchCV,0.7452808358619267,0.6092245610163759,1.8571350380298552,-0.008130670150293895,8b0158f363824c1785621af95d671715,experiment_linear_mchc
1247.726349835572,0.008968486450612545,mchc,CAPILAR,0.8,XGBoost Regressor,GridSearchCV,0.7452808358619267,0.6092245610163759,1.8571350380298552,-0.008130670150293895,8b0158f363824c1785621af95d671715,experiment_linear_mchc
2927.432146909426,0.008779289200901985,mchc,CAPILAR,0.8,XGBoost Regressor,GridSearchCV,0.7452808358619267,0.6092245610163759,1.8571350380298552,-0.008130670150293895,8b0158f363824c1785621af95d671715,experiment_linear_mchc
1047.164463617799,0.0087124053388834,mchc,CAPILAR,0.8,XGBoost Regressor,GridSearchCV,0.7452808358619267,0.6092245610163759,1.8571350380298552,-0.008130670150293895,8b0158f363824c1785621af95d671715,experiment_linear_mchc
3046.997886770022,0.008591783232986927,mchc,CAPILAR,0.8,XGBoost Regressor,GridSearchCV,0.7452808358619267,0.6092245610163759,1.8571350380298552,-0.008130670150293895,8b0158f363824c1785621af95d671715,experiment_linear_mchc
2929.360626584597,0.008568302728235722,mchc,CAPILAR,0.8,XGBoost Regressor,GridSearchCV,0.7452808358619267,0.6092245610163759,1.8571350380298552,-0.008130670150293895,8b0158f363824c1785621af95d671715,experiment_linear_mchc
1045.235983942628,0.010341373222189048,mchc,CAPILAR,0.8,XGBoost Regressor,GridSearchCV,0.7589216383965535,0.6100026418832629,1.852177498358969,-0.04537182502748505,8b0158f363824c1785621af95d671715,experiment_linear_mchc
1043.307504267457,0.010151384551009356,mchc,CAPILAR,0.8,XGBoost Regressor,GridSearchCV,0.7589216383965535,0.6100026418832629,1.852177498358969,-0.04537182502748505,8b0158f363824c1785621af95d671715,experiment_linear_mchc
1047.164463617799,0.010053232334028842,mchc,CAPILAR,0.8,XGBoost Regressor,GridSearchCV,0.7589216383965535,0.6100026418832629,1.852177498358969,-0.04537182502748505,8b0158f363824c1785621af95d671715,experiment_linear_mchc
1049.092943292969,0.009395513846668015,mchc,CAPILAR,0.8,XGBoost Regressor,GridSearchCV,0.7589216383965535,0.6100026418832629,1.852177498358969,-0.04537182502748505,8b0158f363824c1785621af95d671715,experiment_linear_mchc
1041.379024592286,0.009392438315116637,mchc,CAPILAR,0.8,XGBoost Regressor,GridSearchCV,0.7589216383965535,0.6100026418832629,1.852177498358969,-0.04537182502748505,8b0158f363824c1785621af95d671715,experiment_linear_mchc
1222.656114058351,0.00874127136368037,mchc,CAPILAR,0.8,XGBoost Regressor,GridSearchCV,0.7589216383965535,0.6100026418832629,1.852177498358969,-0.04537182502748505,8b0158f363824c1785621af95d671715,experiment_linear_mchc
1220.72763438318,0.008623237490170813,mchc,CAPILAR,0.8,XGBoost Regressor,GridSearchCV,0.7589216383965535,0.6100026418832629,1.852177498358969,-0.04537182502748505,8b0158f363824c1785621af95d671715,experiment_linear_mchc
1051.021422968141,0.008402006476367442,mchc,CAPILAR,0.8,XGBoost Regressor,GridSearchCV,0.7589216383965535,0.6100026418832629,1.852177498358969,-0.04537182502748505,8b0158f363824c1785621af95d671715,experiment_linear_mchc
956.5259188847667,0.008034045120421109,mchc,CAPILAR,0.8,XGBoost Regressor,GridSearchCV,0.7589216383965535,0.6100026418832629,1.852177498358969,-0.04537182502748505,8b0158f363824c1785621af95d671715,experiment_linear_mchc
1039.450544917115,0.00793192127113725,mchc,CAPILAR,0.8,XGBoost Regressor,GridSearchCV,0.7589216383965535,0.6100026418832629,1.852177498358969,-0.04537182502748505,8b0158f363824c1785621af95d671715,experiment_linear_mchc
1218.799154708009,0.007662493355429713,mchc,CAPILAR,0.8,XGBoost Regressor,GridSearchCV,0.7589216383965535,0.6100026418832629,1.852177498358969,-0.04537182502748505,8b0158f363824c1785621af95d671715,experiment_linear_mchc
954.5974392095954,0.007526460800962927,mchc,CAPILAR,0.8,XGBoost Regressor,GridSearchCV,0.7589216383965535,0.6100026418832629,1.852177498358969,-0.04537182502748505,8b0158f363824c1785621af95d671715,experiment_linear_mchc
1224.584593733522,0.007468979161676543,mchc,CAPILAR,0.8,XGBoost Regressor,GridSearchCV,0.7589216383965535,0.6100026418832629,1.852177498358969,-0.04537182502748505,8b0158f363824c1785621af95d671715,experiment_linear_mchc
964.23983758545,0.006838224517973175,mchc,CAPILAR,0.8,XGBoost Regressor,GridSearchCV,0.7589216383965535,0.6100026418832629,1.852177498358969,-0.04537182502748505,8b0158f363824c1785621af95d671715,experiment_linear_mchc
1052.949902643312,0.006758713505576871,mchc,CAPILAR,0.8,XGBoost Regressor,GridSearchCV,0.7589216383965535,0.6100026418832629,1.852177498358969,-0.04537182502748505,8b0158f363824c1785621af95d671715,experiment_linear_mchc
1216.870675032838,0.006536042377645939,mchc,CAPILAR,0.8,XGBoost Regressor,GridSearchCV,0.7589216383965535,0.6100026418832629,1.852177498358969,-0.04537182502748505,8b0158f363824c1785621af95d671715,experiment_linear_mchc
1037.522065241944,0.0062174786484923234,mchc,CAPILAR,0.8,XGBoost Regressor,GridSearchCV,0.7589216383965535,0.6100026418832629,1.852177498358969,-0.04537182502748505,8b0158f363824c1785621af95d671715,experiment_linear_mchc
1083.805577446046,0.006208463055476746,mchc,CAPILAR,0.8,XGBoost Regressor,GridSearchCV,0.7589216383965535,0.6100026418832629,1.852177498358969,-0.04537182502748505,8b0158f363824c1785621af95d671715,experiment_linear_mchc
966.1683172606208,0.006136853004091776,mchc,CAPILAR,0.8,XGBoost Regressor,GridSearchCV,0.7589216383965535,0.6100026418832629,1.852177498358969,-0.04537182502748505,8b0158f363824c1785621af95d671715,experiment_linear_mchc
1085.734057121217,0.006006892936369819,mchc,CAPILAR,0.8,XGBoost Regressor,GridSearchCV,0.7589216383965535,0.6100026418832629,1.852177498358969,-0.04537182502748505,8b0158f363824c1785621af95d671715,experiment_linear_mchc
1644.993162920778,0.2535594403743744,mchc,CAPILAR,0.8,XGBoost Regressor,GridSearchCV,0.7452808358619267,0.6092245610163759,1.8571350380298552,-0.008130670150293895,8b0158f363824c1785621af95d671715,experiment_linear_mchc
1643.064683245607,0.22643360495567322,mchc,CAPILAR,0.8,XGBoost Regressor,GridSearchCV,0.7452808358619267,0.6092245610163759,1.8571350380298552,-0.008130670150293895,8b0158f363824c1785621af95d671715,experiment_linear_mchc
1639.207723895265,0.18596066534519196,mchc,CAPILAR,0.8,XGBoost Regressor,GridSearchCV,0.7452808358619267,0.6092245610163759,1.8571350380298552,-0.008130670150293895,8b0158f363824c1785621af95d671715,experiment_linear_mchc
1641.136203570436,0.044915858656167984,mchc,CAPILAR,0.8,XGBoost Regressor,GridSearchCV,0.7452808358619267,0.6092245610163759,1.8571350380298552,-0.008130670150293895,8b0158f363824c1785621af95d671715,experiment_linear_mchc
1274.725065287965,0.013545610010623932,mchc,CAPILAR,0.8,XGBoost Regressor,GridSearchCV,0.7452808358619267,0.6092245610163759,1.8571350380298552,-0.008130670150293895,8b0158f363824c1785621af95d671715,experiment_linear_mchc
1743.345626354494,0.012463493272662163,mchc,CAPILAR,0.8,XGBoost Regressor,GridSearchCV,0.7452808358619267,0.6092245610163759,1.8571350380298552,-0.008130670150293895,8b0158f363824c1785621af95d671715,experiment_linear_mchc
1745.274106029664,0.012239809148013592,mchc,CAPILAR,0.8,XGBoost Regressor,GridSearchCV,0.7452808358619267,0.6092245610163759,1.8571350380298552,-0.008130670150293895,8b0158f363824c1785621af95d671715,experiment_linear_mchc
2724.941781016481,0.011514782905578613,mchc,CAPILAR,0.8,XGBoost Regressor,GridSearchCV,0.7452808358619267,0.6092245610163759,1.8571350380298552,-0.008130670150293895,8b0158f363824c1785621af95d671715,experiment_linear_mchc
1130.089089650148,0.009991188533604145,mchc,CAPILAR,0.8,XGBoost Regressor,GridSearchCV,0.7452808358619267,0.6092245610163759,1.8571350380298552,-0.008130670150293895,8b0158f363824c1785621af95d671715,experiment_linear_mchc
1132.017569325318,0.009893982671201229,mchc,CAPILAR,0.8,XGBoost Regressor,GridSearchCV,0.7452808358619267,0.6092245610163759,1.8571350380298552,-0.008130670150293895,8b0158f363824c1785621af95d671715,experiment_linear_mchc
2510.880537072512,0.009834717027842999,mchc,CAPILAR,0.8,XGBoost Regressor,GridSearchCV,0.7452808358619267,0.6092245610163759,1.8571350380298552,-0.008130670150293895,8b0158f363824c1785621af95d671715,experiment_linear_mchc
1085.734057121217,0.009560597129166126,mchc,CAPILAR,0.8,XGBoost Regressor,GridSearchCV,0.7452808358619267,0.6092245610163759,1.8571350380298552,-0.008130670150293895,8b0158f363824c1785621af95d671715,experiment_linear_mchc
1218.799154708009,0.00927109457552433,mchc,CAPILAR,0.8,XGBoost Regressor,GridSearchCV,0.7452808358619267,0.6092245610163759,1.8571350380298552,-0.008130670150293895,8b0158f363824c1785621af95d671715,experiment_linear_mchc
933.3841627827155,0.009167876094579697,mchc,CAPILAR,0.8,XGBoost Regressor,GridSearchCV,0.7452808358619267,0.6092245610163759,1.8571350380298552,-0.008130670150293895,8b0158f363824c1785621af95d671715,experiment_linear_mchc
1135.87452867566,0.009122206829488277,mchc,CAPILAR,0.8,XGBoost Regressor,GridSearchCV,0.7452808358619267,0.6092245610163759,1.8571350380298552,-0.008130670150293895,8b0158f363824c1785621af95d671715,experiment_linear_mchc
1247.726349835572,0.008968486450612545,mchc,CAPILAR,0.8,XGBoost Regressor,GridSearchCV,0.7452808358619267,0.6092245610163759,1.8571350380298552,-0.008130670150293895,8b0158f363824c1785621af95d671715,experiment_linear_mchc
2927.432146909426,0.008779289200901985,mchc,CAPILAR,0.8,XGBoost Regressor,GridSearchCV,0.7452808358619267,0.6092245610163759,1.8571350380298552,-0.008130670150293895,8b0158f363824c1785621af95d671715,experiment_linear_mchc
1047.164463617799,0.0087124053388834,mchc,CAPILAR,0.8,XGBoost Regressor,GridSearchCV,0.7452808358619267,0.6092245610163759,1.8571350380298552,-0.008130670150293895,8b0158f363824c1785621af95d671715,experiment_linear_mchc
3046.997886770022,0.008591783232986927,mchc,CAPILAR,0.8,XGBoost Regressor,GridSearchCV,0.7452808358619267,0.6092245610163759,1.8571350380298552,-0.008130670150293895,8b0158f363824c1785621af95d671715,experiment_linear_mchc
2929.360626584597,0.008568302728235722,mchc,CAPILAR,0.8,XGBoost Regressor,GridSearchCV,0.7452808358619267,0.6092245610163759,1.8571350380298552,-0.008130670150293895,8b0158f363824c1785621af95d671715,experiment_linear_mchc
1118.518211599122,0.008054631411779489,mchc,PLASMA,0.8,XGBoost Regressor,GridSearchCV,3.096368968969016,0.9414155671619232,4.979829771963471,-0.044844560024691615,8b0158f363824c1785621af95d671715,experiment_linear_mchc
1120.446691274293,0.007844405763034863,mchc,PLASMA,0.8,XGBoost Regressor,GridSearchCV,3.096368968969016,0.9414155671619232,4.979829771963471,-0.044844560024691615,8b0158f363824c1785621af95d671715,experiment_linear_mchc
1116.589731923951,0.007674078017422573,mchc,PLASMA,0.8,XGBoost Regressor,GridSearchCV,3.096368968969016,0.9414155671619232,4.979829771963471,-0.044844560024691615,8b0158f363824c1785621af95d671715,experiment_linear_mchc
1130.089089650148,0.00733303409176036,mchc,PLASMA,0.8,XGBoost Regressor,GridSearchCV,3.096368968969016,0.9414155671619232,4.979829771963471,-0.044844560024691615,8b0158f363824c1785621af95d671715,experiment_linear_mchc
1122.375170949464,0.007324713527050619,mchc,PLASMA,0.8,XGBoost Regressor,GridSearchCV,3.096368968969016,0.9414155671619232,4.979829771963471,-0.044844560024691615,8b0158f363824c1785621af95d671715,experiment_linear_mchc
1132.017569325318,0.0073152679688332015,mchc,PLASMA,0.8,XGBoost Regressor,GridSearchCV,3.096368968969016,0.9414155671619232,4.979829771963471,-0.044844560024691615,8b0158f363824c1785621af95d671715,experiment_linear_mchc
1128.160609974977,0.007042028815114573,mchc,PLASMA,0.8,XGBoost Regressor,GridSearchCV,3.096368968969016,0.9414155671619232,4.979829771963471,-0.044844560024691615,8b0158f363824c1785621af95d671715,experiment_linear_mchc
1114.66125224878,0.0069831140862573245,mchc,PLASMA,0.8,XGBoost Regressor,GridSearchCV,3.096368968969016,0.9414155671619232,4.979829771963471,-0.044844560024691615,8b0158f363824c1785621af95d671715,experiment_linear_mchc
1124.303650624635,0.006954361838784353,mchc,PLASMA,0.8,XGBoost Regressor,GridSearchCV,3.096368968969016,0.9414155671619232,4.979829771963471,-0.044844560024691615,8b0158f363824c1785621af95d671715,experiment_linear_mchc
1126.232130299806,0.00685904672683027,mchc,PLASMA,0.8,XGBoost Regressor,GridSearchCV,3.096368968969016,0.9414155671619232,4.979829771963471,-0.044844560024691615,8b0158f363824c1785621af95d671715,experiment_linear_mchc
1133.946049000489,0.006831425220530862,mchc,PLASMA,0.8,XGBoost Regressor,GridSearchCV,3.096368968969016,0.9414155671619232,4.979829771963471,-0.044844560024691615,8b0158f363824c1785621af95d671715,experiment_linear_mchc
1644.993162920778,0.006577740296952595,mchc,PLASMA,0.8,XGBoost Regressor,GridSearchCV,3.096368968969016,0.9414155671619232,4.979829771963471,-0.044844560024691615,8b0158f363824c1785621af95d671715,experiment_linear_mchc
1646.921642595948,0.006304970719041026,mchc,PLASMA,0.8,XGBoost Regressor,GridSearchCV,3.096368968969016,0.9414155671619232,4.979829771963471,-0.044844560024691615,8b0158f363824c1785621af95d671715,experiment_linear_mchc
1112.732772573609,0.006118780547512202,mchc,PLASMA,0.8,XGBoost Regressor,GridSearchCV,3.096368968969016,0.9414155671619232,4.979829771963471,-0.044844560024691615,8b0158f363824c1785621af95d671715,experiment_linear_mchc
1135.87452867566,0.005993776399855378,mchc,PLASMA,0.8,XGBoost Regressor,GridSearchCV,3.096368968969016,0.9414155671619232,4.979829771963471,-0.044844560024691615,8b0158f363824c1785621af95d671715,experiment_linear_mchc
1643.064683245607,0.0055192615719787345,mchc,PLASMA,0.8,XGBoost Regressor,GridSearchCV,3.096368968969016,0.9414155671619232,4.979829771963471,-0.044844560024691615,8b0158f363824c1785621af95d671715,experiment_linear_mchc
1110.804292898438,0.005110900149112116,mchc,PLASMA,0.8,XGBoost Regressor,GridSearchCV,3.096368968969016,0.9414155671619232,4.979829771963471,-0.044844560024691615,8b0158f363824c1785621af95d671715,experiment_linear_mchc
1137.803008350831,0.004895535863534489,mchc,PLASMA,0.8,XGBoost Regressor,GridSearchCV,3.096368968969016,0.9414155671619232,4.979829771963471,-0.044844560024691615,8b0158f363824c1785621af95d671715,experiment_linear_mchc
1558.211577538087,0.004857209803315628,mchc,PLASMA,0.8,XGBoost Regressor,GridSearchCV,3.096368968969016,0.9414155671619232,4.979829771963471,-0.044844560024691615,8b0158f363824c1785621af95d671715,experiment_linear_mchc
2717.227862315798,0.004820971713087433,mchc,PLASMA,0.8,XGBoost Regressor,GridSearchCV,3.096368968969016,0.9414155671619232,4.979829771963471,-0.044844560024691615,8b0158f363824c1785621af95d671715,experiment_linear_mchc
1124.303650624635,0.05386045202612877,mchc,PLASMA,0.8,XGBoost Regressor,GridSearchCV,3.1178623280183326,0.931236203293573,4.963148636595418,-0.0594004237389858,8b0158f363824c1785621af95d671715,experiment_linear_mchc
1126.232130299806,0.043094974011182785,mchc,PLASMA,0.8,XGBoost Regressor,GridSearchCV,3.1178623280183326,0.931236203293573,4.963148636595418,-0.0594004237389858,8b0158f363824c1785621af95d671715,experiment_linear_mchc
1128.160609974977,0.029718361794948578,mchc,PLASMA,0.8,XGBoost Regressor,GridSearchCV,3.1178623280183326,0.931236203293573,4.963148636595418,-0.0594004237389858,8b0158f363824c1785621af95d671715,experiment_linear_mchc
1423.218000276124,0.028557466343045235,mchc,PLASMA,0.8,XGBoost Regressor,GridSearchCV,3.1178623280183326,0.931236203293573,4.963148636595418,-0.0594004237389858,8b0158f363824c1785621af95d671715,experiment_linear_mchc
1421.289520600953,0.027608191594481468,mchc,PLASMA,0.8,XGBoost Regressor,GridSearchCV,3.1178623280183326,0.931236203293573,4.963148636595418,-0.0594004237389858,8b0158f363824c1785621af95d671715,experiment_linear_mchc
1646.921642595948,0.025195490568876266,mchc,PLASMA,0.8,XGBoost Regressor,GridSearchCV,3.1178623280183326,0.931236203293573,4.963148636595418,-0.0594004237389858,8b0158f363824c1785621af95d671715,experiment_linear_mchc
1425.146479951295,0.024525903165340424,mchc,PLASMA,0.8,XGBoost Regressor,GridSearchCV,3.1178623280183326,0.931236203293573,4.963148636595418,-0.0594004237389858,8b0158f363824c1785621af95d671715,experiment_linear_mchc
977.7391953116462,0.02445681206882,mchc,PLASMA,0.8,XGBoost Regressor,GridSearchCV,3.1178623280183326,0.931236203293573,4.963148636595418,-0.0594004237389858,8b0158f363824c1785621af95d671715,experiment_linear_mchc
1263.15418723694,0.02421785332262516,mchc,PLASMA,0.8,XGBoost Regressor,GridSearchCV,3.1178623280183326,0.931236203293573,4.963148636595418,-0.0594004237389858,8b0158f363824c1785621af95d671715,experiment_linear_mchc
1380.791447422364,0.02402806468307972,mchc,PLASMA,0.8,XGBoost Regressor,GridSearchCV,3.1178623280183326,0.931236203293573,4.963148636595418,-0.0594004237389858,8b0158f363824c1785621af95d671715,experiment_linear_mchc
2530.165333824221,0.023563086986541748,mchc,PLASMA,0.8,XGBoost Regressor,GridSearchCV,3.1178623280183326,0.931236203293573,4.963148636595418,-0.0594004237389858,8b0158f363824c1785621af95d671715,experiment_linear_mchc
1157.08780510254,0.023020870983600616,mchc,PLASMA,0.8,XGBoost Regressor,GridSearchCV,3.1178623280183326,0.931236203293573,4.963148636595418,-0.0594004237389858,8b0158f363824c1785621af95d671715,experiment_linear_mchc
2699.87154523926,0.022282011806964874,mchc,PLASMA,0.8,XGBoost Regressor,GridSearchCV,3.1178623280183326,0.931236203293573,4.963148636595418,-0.0594004237389858,8b0158f363824c1785621af95d671715,experiment_linear_mchc
1309.437699441041,0.021027792245149612,mchc,PLASMA,0.8,XGBoost Regressor,GridSearchCV,3.1178623280183326,0.931236203293573,4.963148636595418,-0.0594004237389858,8b0158f363824c1785621af95d671715,experiment_linear_mchc
1429.003439301637,0.020792661234736443,mchc,PLASMA,0.8,XGBoost Regressor,GridSearchCV,3.1178623280183326,0.931236203293573,4.963148636595418,-0.0594004237389858,8b0158f363824c1785621af95d671715,experiment_linear_mchc
1369.220569371339,0.02023942582309246,mchc,PLASMA,0.8,XGBoost Regressor,GridSearchCV,3.1178623280183326,0.931236203293573,4.963148636595418,-0.0594004237389858,8b0158f363824c1785621af95d671715,experiment_linear_mchc
1644.993162920778,0.020080219954252243,mchc,PLASMA,0.8,XGBoost Regressor,GridSearchCV,3.1178623280183326,0.931236203293573,4.963148636595418,-0.0594004237389858,8b0158f363824c1785621af95d671715,experiment_linear_mchc
993.1670327130137,0.019483093172311783,mchc,PLASMA,0.8,XGBoost Regressor,GridSearchCV,3.1178623280183326,0.931236203293573,4.963148636595418,-0.0594004237389858,8b0158f363824c1785621af95d671715,experiment_linear_mchc
1305.580740090699,0.019022174179553986,mchc,PLASMA,0.8,XGBoost Regressor,GridSearchCV,3.1178623280183326,0.931236203293573,4.963148636595418,-0.0594004237389858,8b0158f363824c1785621af95d671715,experiment_linear_mchc
1531.212862085695,0.01830166019499302,mchc,PLASMA,0.8,XGBoost Regressor,GridSearchCV,3.1178623280183326,0.931236203293573,4.963148636595418,-0.0594004237389858,8b0158f363824c1785621af95d671715,experiment_linear_mchc
1118.518211599122,0.008054631411779499,mchc,PLASMA,0.8,XGBoost Regressor,GridSearchCV,3.096368968969016,0.9414155671619232,4.979829771963471,-0.044844560024691615,8b0158f363824c1785621af95d671715,experiment_linear_mchc
1120.446691274293,0.007844405763034874,mchc,PLASMA,0.8,XGBoost Regressor,GridSearchCV,3.096368968969016,0.9414155671619232,4.979829771963471,-0.044844560024691615,8b0158f363824c1785621af95d671715,experiment_linear_mchc
1116.589731923951,0.007674078017422584,mchc,PLASMA,0.8,XGBoost Regressor,GridSearchCV,3.096368968969016,0.9414155671619232,4.979829771963471,-0.044844560024691615,8b0158f363824c1785621af95d671715,experiment_linear_mchc
1130.089089650148,0.0073330340917603706,mchc,PLASMA,0.8,XGBoost Regressor,GridSearchCV,3.096368968969016,0.9414155671619232,4.979829771963471,-0.044844560024691615,8b0158f363824c1785621af95d671715,experiment_linear_mchc
1122.375170949464,0.007324713527050632,mchc,PLASMA,0.8,XGBoost Regressor,GridSearchCV,3.096368968969016,0.9414155671619232,4.979829771963471,-0.044844560024691615,8b0158f363824c1785621af95d671715,experiment_linear_mchc
1132.017569325318,0.007315267968833213,mchc,PLASMA,0.8,XGBoost Regressor,GridSearchCV,3.096368968969016,0.9414155671619232,4.979829771963471,-0.044844560024691615,8b0158f363824c1785621af95d671715,experiment_linear_mchc
1128.160609974977,0.0070420288151145875,mchc,PLASMA,0.8,XGBoost Regressor,GridSearchCV,3.096368968969016,0.9414155671619232,4.979829771963471,-0.044844560024691615,8b0158f363824c1785621af95d671715,experiment_linear_mchc
1114.66125224878,0.0069831140862573315,mchc,PLASMA,0.8,XGBoost Regressor,GridSearchCV,3.096368968969016,0.9414155671619232,4.979829771963471,-0.044844560024691615,8b0158f363824c1785621af95d671715,experiment_linear_mchc
1124.303650624635,0.006954361838784368,mchc,PLASMA,0.8,XGBoost Regressor,GridSearchCV,3.096368968969016,0.9414155671619232,4.979829771963471,-0.044844560024691615,8b0158f363824c1785621af95d671715,experiment_linear_mchc
1126.232130299806,0.006859046726830286,mchc,PLASMA,0.8,XGBoost Regressor,GridSearchCV,3.096368968969016,0.9414155671619232,4.979829771963471,-0.044844560024691615,8b0158f363824c1785621af95d671715,experiment_linear_mchc
1133.946049000489,0.006831425220530868,mchc,PLASMA,0.8,XGBoost Regressor,GridSearchCV,3.096368968969016,0.9414155671619232,4.979829771963471,-0.044844560024691615,8b0158f363824c1785621af95d671715,experiment_linear_mchc
1644.993162920778,0.006577740296952599,mchc,PLASMA,0.8,XGBoost Regressor,GridSearchCV,3.096368968969016,0.9414155671619232,4.979829771963471,-0.044844560024691615,8b0158f363824c1785621af95d671715,experiment_linear_mchc
1646.921642595948,0.006304970719041028,mchc,PLASMA,0.8,XGBoost Regressor,GridSearchCV,3.096368968969016,0.9414155671619232,4.979829771963471,-0.044844560024691615,8b0158f363824c1785621af95d671715,experiment_linear_mchc
1112.732772573609,0.006118780547512214,mchc,PLASMA,0.8,XGBoost Regressor,GridSearchCV,3.096368968969016,0.9414155671619232,4.979829771963471,-0.044844560024691615,8b0158f363824c1785621af95d671715,experiment_linear_mchc
1135.87452867566,0.005993776399855379,mchc,PLASMA,0.8,XGBoost Regressor,GridSearchCV,3.096368968969016,0.9414155671619232,4.979829771963471,-0.044844560024691615,8b0158f363824c1785621af95d671715,experiment_linear_mchc
1643.064683245607,0.005519261571978741,mchc,PLASMA,0.8,XGBoost Regressor,GridSearchCV,3.096368968969016,0.9414155671619232,4.979829771963471,-0.044844560024691615,8b0158f363824c1785621af95d671715,experiment_linear_mchc
1110.804292898438,0.005110900149112122,mchc,PLASMA,0.8,XGBoost Regressor,GridSearchCV,3.096368968969016,0.9414155671619232,4.979829771963471,-0.044844560024691615,8b0158f363824c1785621af95d671715,experiment_linear_mchc
1137.803008350831,0.0048955358635344864,mchc,PLASMA,0.8,XGBoost Regressor,GridSearchCV,3.096368968969016,0.9414155671619232,4.979829771963471,-0.044844560024691615,8b0158f363824c1785621af95d671715,experiment_linear_mchc
1558.211577538087,0.004857209803315627,mchc,PLASMA,0.8,XGBoost Regressor,GridSearchCV,3.096368968969016,0.9414155671619232,4.979829771963471,-0.044844560024691615,8b0158f363824c1785621af95d671715,experiment_linear_mchc
2717.227862315798,0.00482097171308743,mchc,PLASMA,0.8,XGBoost Regressor,GridSearchCV,3.096368968969016,0.9414155671619232,4.979829771963471,-0.044844560024691615,8b0158f363824c1785621af95d671715,experiment_linear_mchc
1124.303650624635,0.05386045202612877,mchc,PLASMA,0.8,XGBoost Regressor,GridSearchCV,3.1178623280183326,0.931236203293573,4.963148636595418,-0.0594004237389858,8b0158f363824c1785621af95d671715,experiment_linear_mchc
1126.232130299806,0.043094974011182785,mchc,PLASMA,0.8,XGBoost Regressor,GridSearchCV,3.1178623280183326,0.931236203293573,4.963148636595418,-0.0594004237389858,8b0158f363824c1785621af95d671715,experiment_linear_mchc
1128.160609974977,0.029718361794948578,mchc,PLASMA,0.8,XGBoost Regressor,GridSearchCV,3.1178623280183326,0.931236203293573,4.963148636595418,-0.0594004237389858,8b0158f363824c1785621af95d671715,experiment_linear_mchc
1423.218000276124,0.028557466343045235,mchc,PLASMA,0.8,XGBoost Regressor,GridSearchCV,3.1178623280183326,0.931236203293573,4.963148636595418,-0.0594004237389858,8b0158f363824c1785621af95d671715,experiment_linear_mchc
1421.289520600953,0.027608191594481468,mchc,PLASMA,0.8,XGBoost Regressor,GridSearchCV,3.1178623280183326,0.931236203293573,4.963148636595418,-0.0594004237389858,8b0158f363824c1785621af95d671715,experiment_linear_mchc
1646.921642595948,0.025195490568876266,mchc,PLASMA,0.8,XGBoost Regressor,GridSearchCV,3.1178623280183326,0.931236203293573,4.963148636595418,-0.0594004237389858,8b0158f363824c1785621af95d671715,experiment_linear_mchc
1425.146479951295,0.024525903165340424,mchc,PLASMA,0.8,XGBoost Regressor,GridSearchCV,3.1178623280183326,0.931236203293573,4.963148636595418,-0.0594004237389858,8b0158f363824c1785621af95d671715,experiment_linear_mchc
977.7391953116462,0.02445681206882,mchc,PLASMA,0.8,XGBoost Regressor,GridSearchCV,3.1178623280183326,0.931236203293573,4.963148636595418,-0.0594004237389858,8b0158f363824c1785621af95d671715,experiment_linear_mchc
1263.15418723694,0.02421785332262516,mchc,PLASMA,0.8,XGBoost Regressor,GridSearchCV,3.1178623280183326,0.931236203293573,4.963148636595418,-0.0594004237389858,8b0158f363824c1785621af95d671715,experiment_linear_mchc
1380.791447422364,0.02402806468307972,mchc,PLASMA,0.8,XGBoost Regressor,GridSearchCV,3.1178623280183326,0.931236203293573,4.963148636595418,-0.0594004237389858,8b0158f363824c1785621af95d671715,experiment_linear_mchc
2530.165333824221,0.023563086986541748,mchc,PLASMA,0.8,XGBoost Regressor,GridSearchCV,3.1178623280183326,0.931236203293573,4.963148636595418,-0.0594004237389858,8b0158f363824c1785621af95d671715,experiment_linear_mchc
1157.08780510254,0.023020870983600616,mchc,PLASMA,0.8,XGBoost Regressor,GridSearchCV,3.1178623280183326,0.931236203293573,4.963148636595418,-0.0594004237389858,8b0158f363824c1785621af95d671715,experiment_linear_mchc
2699.87154523926,0.022282011806964874,mchc,PLASMA,0.8,XGBoost Regressor,GridSearchCV,3.1178623280183326,0.931236203293573,4.963148636595418,-0.0594004237389858,8b0158f363824c1785621af95d671715,experiment_linear_mchc
1309.437699441041,0.021027792245149612,mchc,PLASMA,0.8,XGBoost Regressor,GridSearchCV,3.1178623280183326,0.931236203293573,4.963148636595418,-0.0594004237389858,8b0158f363824c1785621af95d671715,experiment_linear_mchc
1429.003439301637,0.020792661234736443,mchc,PLASMA,0.8,XGBoost Regressor,GridSearchCV,3.1178623280183326,0.931236203293573,4.963148636595418,-0.0594004237389858,8b0158f363824c1785621af95d671715,experiment_linear_mchc
1369.220569371339,0.02023942582309246,mchc,PLASMA,0.8,XGBoost Regressor,GridSearchCV,3.1178623280183326,0.931236203293573,4.963148636595418,-0.0594004237389858,8b0158f363824c1785621af95d671715,experiment_linear_mchc
1644.993162920778,0.020080219954252243,mchc,PLASMA,0.8,XGBoost Regressor,GridSearchCV,3.1178623280183326,0.931236203293573,4.963148636595418,-0.0594004237389858,8b0158f363824c1785621af95d671715,experiment_linear_mchc
993.1670327130137,0.019483093172311783,mchc,PLASMA,0.8,XGBoost Regressor,GridSearchCV,3.1178623280183326,0.931236203293573,4.963148636595418,-0.0594004237389858,8b0158f363824c1785621af95d671715,experiment_linear_mchc
1305.580740090699,0.019022174179553986,mchc,PLASMA,0.8,XGBoost Regressor,GridSearchCV,3.1178623280183326,0.931236203293573,4.963148636595418,-0.0594004237389858,8b0158f363824c1785621af95d671715,experiment_linear_mchc
1531.212862085695,0.01830166019499302,mchc,PLASMA,0.8,XGBoost Regressor,GridSearchCV,3.1178623280183326,0.931236203293573,4.963148636595418,-0.0594004237389858,8b0158f363824c1785621af95d671715,experiment_linear_mchc
1725.989309277955,0.005632220510204488,mchc,SALIVA,0.8,XGBoost Regressor,GridSearchCV,3.1967329841823955,1.030190102422805,5.261588723448051,-0.061804224468298585,8b0158f363824c1785621af95d671715,experiment_linear_mchc
1727.917788953126,0.005518343164848194,mchc,SALIVA,0.8,XGBoost Regressor,GridSearchCV,3.1967329841823955,1.030190102422805,5.261588723448051,-0.061804224468298585,8b0158f363824c1785621af95d671715,experiment_linear_mchc
1027.87966686609,0.004974923201636069,mchc,SALIVA,0.8,XGBoost Regressor,GridSearchCV,3.1967329841823955,1.030190102422805,5.261588723448051,-0.061804224468298585,8b0158f363824c1785621af95d671715,experiment_linear_mchc
1029.808146541261,0.004956488182764384,mchc,SALIVA,0.8,XGBoost Regressor,GridSearchCV,3.1967329841823955,1.030190102422805,5.261588723448051,-0.061804224468298585,8b0158f363824c1785621af95d671715,experiment_linear_mchc
1025.951187190919,0.004935442703422535,mchc,SALIVA,0.8,XGBoost Regressor,GridSearchCV,3.1967329841823955,1.030190102422805,5.261588723448051,-0.061804224468298585,8b0158f363824c1785621af95d671715,experiment_linear_mchc
1024.022707515748,0.00488766542258704,mchc,SALIVA,0.8,XGBoost Regressor,GridSearchCV,3.1967329841823955,1.030190102422805,5.261588723448051,-0.061804224468298585,8b0158f363824c1785621af95d671715,experiment_linear_mchc
1031.736626216432,0.004881858470888166,mchc,SALIVA,0.8,XGBoost Regressor,GridSearchCV,3.1967329841823955,1.030190102422805,5.261588723448051,-0.061804224468298585,8b0158f363824c1785621af95d671715,experiment_linear_mchc
1022.094227840577,0.004864895620414737,mchc,SALIVA,0.8,XGBoost Regressor,GridSearchCV,3.1967329841823955,1.030190102422805,5.261588723448051,-0.061804224468298585,8b0158f363824c1785621af95d671715,experiment_linear_mchc
1020.165748165406,0.004800407937736128,mchc,SALIVA,0.8,XGBoost Regressor,GridSearchCV,3.1967329841823955,1.030190102422805,5.261588723448051,-0.061804224468298585,8b0158f363824c1785621af95d671715,experiment_linear_mchc
1033.665105891602,0.004783824468890646,mchc,SALIVA,0.8,XGBoost Regressor,GridSearchCV,3.1967329841823955,1.030190102422805,5.261588723448051,-0.061804224468298585,8b0158f363824c1785621af95d671715,experiment_linear_mchc
1035.593585566773,0.004708376129836228,mchc,SALIVA,0.8,XGBoost Regressor,GridSearchCV,3.1967329841823955,1.030190102422805,5.261588723448051,-0.061804224468298585,8b0158f363824c1785621af95d671715,experiment_linear_mchc
1018.237268490235,0.004686327727937097,mchc,SALIVA,0.8,XGBoost Regressor,GridSearchCV,3.1967329841823955,1.030190102422805,5.261588723448051,-0.061804224468298585,8b0158f363824c1785621af95d671715,experiment_linear_mchc
1037.522065241944,0.004603590552753034,mchc,SALIVA,0.8,XGBoost Regressor,GridSearchCV,3.1967329841823955,1.030190102422805,5.261588723448051,-0.061804224468298585,8b0158f363824c1785621af95d671715,experiment_linear_mchc
1729.846268628297,0.004572402156719309,mchc,SALIVA,0.8,XGBoost Regressor,GridSearchCV,3.1967329841823955,1.030190102422805,5.261588723448051,-0.061804224468298585,8b0158f363824c1785621af95d671715,experiment_linear_mchc
1016.308788815064,0.004497441268984653,mchc,SALIVA,0.8,XGBoost Regressor,GridSearchCV,3.1967329841823955,1.030190102422805,5.261588723448051,-0.061804224468298585,8b0158f363824c1785621af95d671715,experiment_linear_mchc
1039.450544917115,0.004406748288442232,mchc,SALIVA,0.8,XGBoost Regressor,GridSearchCV,3.1967329841823955,1.030190102422805,5.261588723448051,-0.061804224468298585,8b0158f363824c1785621af95d671715,experiment_linear_mchc
1014.380309139893,0.004158407142731984,mchc,SALIVA,0.8,XGBoost Regressor,GridSearchCV,3.1967329841823955,1.030190102422805,5.261588723448051,-0.061804224468298585,8b0158f363824c1785621af95d671715,experiment_linear_mchc
1041.379024592286,0.004124612535382806,mchc,SALIVA,0.8,XGBoost Regressor,GridSearchCV,3.1967329841823955,1.030190102422805,5.261588723448051,-0.061804224468298585,8b0158f363824c1785621af95d671715,experiment_linear_mchc
1724.060829602785,0.004115783792764832,mchc,SALIVA,0.8,XGBoost Regressor,GridSearchCV,3.1967329841823955,1.030190102422805,5.261588723448051,-0.061804224468298585,8b0158f363824c1785621af95d671715,experiment_linear_mchc
933.3841627827155,0.003826018251835367,mchc,SALIVA,0.8,XGBoost Regressor,GridSearchCV,3.1967329841823955,1.030190102422805,5.261588723448051,-0.061804224468298585,8b0158f363824c1785621af95d671715,experiment_linear_mchc
2591.876683429689,0.01088024489581585,mchc,SALIVA,0.8,XGBoost Regressor,GridSearchCV,3.1364138018674743,0.9432151513962521,4.963946151487096,-0.022111882517944492,8b0158f363824c1785621af95d671715,experiment_linear_mchc
2528.23685414905,0.009951628744602203,mchc,SALIVA,0.8,XGBoost Regressor,GridSearchCV,3.1364138018674743,0.9432151513962521,4.963946151487096,-0.022111882517944492,8b0158f363824c1785621af95d671715,experiment_linear_mchc
2616.946919206911,0.00953767355531454,mchc,SALIVA,0.8,XGBoost Regressor,GridSearchCV,3.1364138018674743,0.9432151513962521,4.963946151487096,-0.022111882517944492,8b0158f363824c1785621af95d671715,experiment_linear_mchc
2636.23171595862,0.009422571398317814,mchc,SALIVA,0.8,XGBoost Regressor,GridSearchCV,3.1364138018674743,0.9432151513962521,4.963946151487096,-0.022111882517944492,8b0158f363824c1785621af95d671715,experiment_linear_mchc
1477.215431180909,0.009396682493388653,mchc,SALIVA,0.8,XGBoost Regressor,GridSearchCV,3.1364138018674743,0.9432151513962521,4.963946151487096,-0.022111882517944492,8b0158f363824c1785621af95d671715,experiment_linear_mchc
2603.447561480715,0.009029324166476727,mchc,SALIVA,0.8,XGBoost Regressor,GridSearchCV,3.1364138018674743,0.9432151513962521,4.963946151487096,-0.022111882517944492,8b0158f363824c1785621af95d671715,experiment_linear_mchc
2599.590602130373,0.008435347117483616,mchc,SALIVA,0.8,XGBoost Regressor,GridSearchCV,3.1364138018674743,0.9432151513962521,4.963946151487096,-0.022111882517944492,8b0158f363824c1785621af95d671715,experiment_linear_mchc
2674.801309462038,0.0080506457015872,mchc,SALIVA,0.8,XGBoost Regressor,GridSearchCV,3.1364138018674743,0.9432151513962521,4.963946151487096,-0.022111882517944492,8b0158f363824c1785621af95d671715,experiment_linear_mchc
2593.80516310486,0.00801095087081194,mchc,SALIVA,0.8,XGBoost Regressor,GridSearchCV,3.1364138018674743,0.9432151513962521,4.963946151487096,-0.022111882517944492,8b0158f363824c1785621af95d671715,experiment_linear_mchc
1259.297227886598,0.007297066040337086,mchc,SALIVA,0.8,XGBoost Regressor,GridSearchCV,3.1364138018674743,0.9432151513962521,4.963946151487096,-0.022111882517944492,8b0158f363824c1785621af95d671715,experiment_linear_mchc
1211.085236007325,0.007121218368411064,mchc,SALIVA,0.8,XGBoost Regressor,GridSearchCV,3.1364138018674743,0.9432151513962521,4.963946151487096,-0.022111882517944492,8b0158f363824c1785621af95d671715,experiment_linear_mchc
1515.785024684327,0.00710510928183794,mchc,SALIVA,0.8,XGBoost Regressor,GridSearchCV,3.1364138018674743,0.9432151513962521,4.963946151487096,-0.022111882517944492,8b0158f363824c1785621af95d671715,experiment_linear_mchc
1106.947333548097,0.006996869575232267,mchc,SALIVA,0.8,XGBoost Regressor,GridSearchCV,3.1364138018674743,0.9432151513962521,4.963946151487096,-0.022111882517944492,8b0158f363824c1785621af95d671715,experiment_linear_mchc
1405.861683199586,0.006975648924708366,mchc,SALIVA,0.8,XGBoost Regressor,GridSearchCV,3.1364138018674743,0.9432151513962521,4.963946151487096,-0.022111882517944492,8b0158f363824c1785621af95d671715,experiment_linear_mchc
1209.156756332154,0.006819900590926409,mchc,SALIVA,0.8,XGBoost Regressor,GridSearchCV,3.1364138018674743,0.9432151513962521,4.963946151487096,-0.022111882517944492,8b0158f363824c1785621af95d671715,experiment_linear_mchc
2584.162764729006,0.006768282502889633,mchc,SALIVA,0.8,XGBoost Regressor,GridSearchCV,3.1364138018674743,0.9432151513962521,4.963946151487096,-0.022111882517944492,8b0158f363824c1785621af95d671715,experiment_linear_mchc
2622.732358232424,0.006724151782691479,mchc,SALIVA,0.8,XGBoost Regressor,GridSearchCV,3.1364138018674743,0.9432151513962521,4.963946151487096,-0.022111882517944492,8b0158f363824c1785621af95d671715,experiment_linear_mchc
933.3841627827155,0.006708445027470589,mchc,SALIVA,0.8,XGBoost Regressor,GridSearchCV,3.1364138018674743,0.9432151513962521,4.963946151487096,-0.022111882517944492,8b0158f363824c1785621af95d671715,experiment_linear_mchc
2665.158911086184,0.0064658960327506065,mchc,SALIVA,0.8,XGBoost Regressor,GridSearchCV,3.1364138018674743,0.9432151513962521,4.963946151487096,-0.022111882517944492,8b0158f363824c1785621af95d671715,experiment_linear_mchc
2524.379894798708,0.006408028304576874,mchc,SALIVA,0.8,XGBoost Regressor,GridSearchCV,3.1364138018674743,0.9432151513962521,4.963946151487096,-0.022111882517944492,8b0158f363824c1785621af95d671715,experiment_linear_mchc
1725.989309277955,0.005632220510204484,mchc,SALIVA,0.8,XGBoost Regressor,GridSearchCV,3.1967329841823955,1.030190102422805,5.261588723448051,-0.061804224468298585,8b0158f363824c1785621af95d671715,experiment_linear_mchc
1727.917788953126,0.005518343164848193,mchc,SALIVA,0.8,XGBoost Regressor,GridSearchCV,3.1967329841823955,1.030190102422805,5.261588723448051,-0.061804224468298585,8b0158f363824c1785621af95d671715,experiment_linear_mchc
1027.87966686609,0.00497492320163607,mchc,SALIVA,0.8,XGBoost Regressor,GridSearchCV,3.1967329841823955,1.030190102422805,5.261588723448051,-0.061804224468298585,8b0158f363824c1785621af95d671715,experiment_linear_mchc
1029.808146541261,0.004956488182764385,mchc,SALIVA,0.8,XGBoost Regressor,GridSearchCV,3.1967329841823955,1.030190102422805,5.261588723448051,-0.061804224468298585,8b0158f363824c1785621af95d671715,experiment_linear_mchc
1025.951187190919,0.0049354427034225355,mchc,SALIVA,0.8,XGBoost Regressor,GridSearchCV,3.1967329841823955,1.030190102422805,5.261588723448051,-0.061804224468298585,8b0158f363824c1785621af95d671715,experiment_linear_mchc
1024.022707515748,0.004887665422587039,mchc,SALIVA,0.8,XGBoost Regressor,GridSearchCV,3.1967329841823955,1.030190102422805,5.261588723448051,-0.061804224468298585,8b0158f363824c1785621af95d671715,experiment_linear_mchc
1031.736626216432,0.004881858470888167,mchc,SALIVA,0.8,XGBoost Regressor,GridSearchCV,3.1967329841823955,1.030190102422805,5.261588723448051,-0.061804224468298585,8b0158f363824c1785621af95d671715,experiment_linear_mchc
1022.094227840577,0.004864895620414736,mchc,SALIVA,0.8,XGBoost Regressor,GridSearchCV,3.1967329841823955,1.030190102422805,5.261588723448051,-0.061804224468298585,8b0158f363824c1785621af95d671715,experiment_linear_mchc
1020.165748165406,0.00480040793773613,mchc,SALIVA,0.8,XGBoost Regressor,GridSearchCV,3.1967329841823955,1.030190102422805,5.261588723448051,-0.061804224468298585,8b0158f363824c1785621af95d671715,experiment_linear_mchc
1033.665105891602,0.0047838244688906476,mchc,SALIVA,0.8,XGBoost Regressor,GridSearchCV,3.1967329841823955,1.030190102422805,5.261588723448051,-0.061804224468298585,8b0158f363824c1785621af95d671715,experiment_linear_mchc
1035.593585566773,0.00470837612983623,mchc,SALIVA,0.8,XGBoost Regressor,GridSearchCV,3.1967329841823955,1.030190102422805,5.261588723448051,-0.061804224468298585,8b0158f363824c1785621af95d671715,experiment_linear_mchc
1018.237268490235,0.004686327727937097,mchc,SALIVA,0.8,XGBoost Regressor,GridSearchCV,3.1967329841823955,1.030190102422805,5.261588723448051,-0.061804224468298585,8b0158f363824c1785621af95d671715,experiment_linear_mchc
1037.522065241944,0.0046035905527530355,mchc,SALIVA,0.8,XGBoost Regressor,GridSearchCV,3.1967329841823955,1.030190102422805,5.261588723448051,-0.061804224468298585,8b0158f363824c1785621af95d671715,experiment_linear_mchc
1729.846268628297,0.004572402156719307,mchc,SALIVA,0.8,XGBoost Regressor,GridSearchCV,3.1967329841823955,1.030190102422805,5.261588723448051,-0.061804224468298585,8b0158f363824c1785621af95d671715,experiment_linear_mchc
1016.308788815064,0.004497441268984654,mchc,SALIVA,0.8,XGBoost Regressor,GridSearchCV,3.1967329841823955,1.030190102422805,5.261588723448051,-0.061804224468298585,8b0158f363824c1785621af95d671715,experiment_linear_mchc
1039.450544917115,0.004406748288442232,mchc,SALIVA,0.8,XGBoost Regressor,GridSearchCV,3.1967329841823955,1.030190102422805,5.261588723448051,-0.061804224468298585,8b0158f363824c1785621af95d671715,experiment_linear_mchc
1014.380309139893,0.004158407142731985,mchc,SALIVA,0.8,XGBoost Regressor,GridSearchCV,3.1967329841823955,1.030190102422805,5.261588723448051,-0.061804224468298585,8b0158f363824c1785621af95d671715,experiment_linear_mchc
1041.379024592286,0.004124612535382807,mchc,SALIVA,0.8,XGBoost Regressor,GridSearchCV,3.1967329841823955,1.030190102422805,5.261588723448051,-0.061804224468298585,8b0158f363824c1785621af95d671715,experiment_linear_mchc
1724.060829602785,0.004115783792764828,mchc,SALIVA,0.8,XGBoost Regressor,GridSearchCV,3.1967329841823955,1.030190102422805,5.261588723448051,-0.061804224468298585,8b0158f363824c1785621af95d671715,experiment_linear_mchc
933.3841627827155,0.0038260182518353634,mchc,SALIVA,0.8,XGBoost Regressor,GridSearchCV,3.1967329841823955,1.030190102422805,5.261588723448051,-0.061804224468298585,8b0158f363824c1785621af95d671715,experiment_linear_mchc
2591.876683429689,0.01088024489581585,mchc,SALIVA,0.8,XGBoost Regressor,GridSearchCV,3.1364138018674743,0.9432151513962521,4.963946151487096,-0.022111882517944492,8b0158f363824c1785621af95d671715,experiment_linear_mchc
2528.23685414905,0.009951628744602203,mchc,SALIVA,0.8,XGBoost Regressor,GridSearchCV,3.1364138018674743,0.9432151513962521,4.963946151487096,-0.022111882517944492,8b0158f363824c1785621af95d671715,experiment_linear_mchc
2616.946919206911,0.00953767355531454,mchc,SALIVA,0.8,XGBoost Regressor,GridSearchCV,3.1364138018674743,0.9432151513962521,4.963946151487096,-0.022111882517944492,8b0158f363824c1785621af95d671715,experiment_linear_mchc
2636.23171595862,0.009422571398317814,mchc,SALIVA,0.8,XGBoost Regressor,GridSearchCV,3.1364138018674743,0.9432151513962521,4.963946151487096,-0.022111882517944492,8b0158f363824c1785621af95d671715,experiment_linear_mchc
1477.215431180909,0.009396682493388653,mchc,SALIVA,0.8,XGBoost Regressor,GridSearchCV,3.1364138018674743,0.9432151513962521,4.963946151487096,-0.022111882517944492,8b0158f363824c1785621af95d671715,experiment_linear_mchc
2603.447561480715,0.009029324166476727,mchc,SALIVA,0.8,XGBoost Regressor,GridSearchCV,3.1364138018674743,0.9432151513962521,4.963946151487096,-0.022111882517944492,8b0158f363824c1785621af95d671715,experiment_linear_mchc
2599.590602130373,0.008435347117483616,mchc,SALIVA,0.8,XGBoost Regressor,GridSearchCV,3.1364138018674743,0.9432151513962521,4.963946151487096,-0.022111882517944492,8b0158f363824c1785621af95d671715,experiment_linear_mchc
2674.801309462038,0.0080506457015872,mchc,SALIVA,0.8,XGBoost Regressor,GridSearchCV,3.1364138018674743,0.9432151513962521,4.963946151487096,-0.022111882517944492,8b0158f363824c1785621af95d671715,experiment_linear_mchc
2593.80516310486,0.00801095087081194,mchc,SALIVA,0.8,XGBoost Regressor,GridSearchCV,3.1364138018674743,0.9432151513962521,4.963946151487096,-0.022111882517944492,8b0158f363824c1785621af95d671715,experiment_linear_mchc
1259.297227886598,0.007297066040337086,mchc,SALIVA,0.8,XGBoost Regressor,GridSearchCV,3.1364138018674743,0.9432151513962521,4.963946151487096,-0.022111882517944492,8b0158f363824c1785621af95d671715,experiment_linear_mchc
1211.085236007325,0.007121218368411064,mchc,SALIVA,0.8,XGBoost Regressor,GridSearchCV,3.1364138018674743,0.9432151513962521,4.963946151487096,-0.022111882517944492,8b0158f363824c1785621af95d671715,experiment_linear_mchc
1515.785024684327,0.00710510928183794,mchc,SALIVA,0.8,XGBoost Regressor,GridSearchCV,3.1364138018674743,0.9432151513962521,4.963946151487096,-0.022111882517944492,8b0158f363824c1785621af95d671715,experiment_linear_mchc
1106.947333548097,0.006996869575232267,mchc,SALIVA,0.8,XGBoost Regressor,GridSearchCV,3.1364138018674743,0.9432151513962521,4.963946151487096,-0.022111882517944492,8b0158f363824c1785621af95d671715,experiment_linear_mchc
1405.861683199586,0.006975648924708366,mchc,SALIVA,0.8,XGBoost Regressor,GridSearchCV,3.1364138018674743,0.9432151513962521,4.963946151487096,-0.022111882517944492,8b0158f363824c1785621af95d671715,experiment_linear_mchc
1209.156756332154,0.006819900590926409,mchc,SALIVA,0.8,XGBoost Regressor,GridSearchCV,3.1364138018674743,0.9432151513962521,4.963946151487096,-0.022111882517944492,8b0158f363824c1785621af95d671715,experiment_linear_mchc
2584.162764729006,0.006768282502889633,mchc,SALIVA,0.8,XGBoost Regressor,GridSearchCV,3.1364138018674743,0.9432151513962521,4.963946151487096,-0.022111882517944492,8b0158f363824c1785621af95d671715,experiment_linear_mchc
2622.732358232424,0.006724151782691479,mchc,SALIVA,0.8,XGBoost Regressor,GridSearchCV,3.1364138018674743,0.9432151513962521,4.963946151487096,-0.022111882517944492,8b0158f363824c1785621af95d671715,experiment_linear_mchc
933.3841627827155,0.006708445027470589,mchc,SALIVA,0.8,XGBoost Regressor,GridSearchCV,3.1364138018674743,0.9432151513962521,4.963946151487096,-0.022111882517944492,8b0158f363824c1785621af95d671715,experiment_linear_mchc
2665.158911086184,0.0064658960327506065,mchc,SALIVA,0.8,XGBoost Regressor,GridSearchCV,3.1364138018674743,0.9432151513962521,4.963946151487096,-0.022111882517944492,8b0158f363824c1785621af95d671715,experiment_linear_mchc
2524.379894798708,0.006408028304576874,mchc,SALIVA,0.8,XGBoost Regressor,GridSearchCV,3.1364138018674743,0.9432151513962521,4.963946151487096,-0.022111882517944492,8b0158f363824c1785621af95d671715,experiment_linear_mchc
2717.227862315798,0.0064764948650278395,mchc,SERUM,0.8,XGBoost Regressor,GridSearchCV,2.569849037317705,1.1313594824218753,3.4345891206917942,-7.64695866520044,8b0158f363824c1785621af95d671715,experiment_linear_mchc
2715.299382640627,0.006434647286688762,mchc,SERUM,0.8,XGBoost Regressor,GridSearchCV,2.569849037317705,1.1313594824218753,3.4345891206917942,-7.64695866520044,8b0158f363824c1785621af95d671715,experiment_linear_mchc
2713.370902965456,0.005574846515551823,mchc,SERUM,0.8,XGBoost Regressor,GridSearchCV,2.569849037317705,1.1313594824218753,3.4345891206917942,-7.64695866520044,8b0158f363824c1785621af95d671715,experiment_linear_mchc
1716.346910902101,0.004440142683723985,mchc,SERUM,0.8,XGBoost Regressor,GridSearchCV,2.569849037317705,1.1313594824218753,3.4345891206917942,-7.64695866520044,8b0158f363824c1785621af95d671715,experiment_linear_mchc
2719.156341990969,0.003818283238615119,mchc,SERUM,0.8,XGBoost Regressor,GridSearchCV,2.569849037317705,1.1313594824218753,3.4345891206917942,-7.64695866520044,8b0158f363824c1785621af95d671715,experiment_linear_mchc
2711.442423290285,0.003175451304369342,mchc,SERUM,0.8,XGBoost Regressor,GridSearchCV,2.569849037317705,1.1313594824218753,3.4345891206917942,-7.64695866520044,8b0158f363824c1785621af95d671715,experiment_linear_mchc
1394.290805148561,0.0031634038320028936,mchc,SERUM,0.8,XGBoost Regressor,GridSearchCV,2.569849037317705,1.1313594824218753,3.4345891206917942,-7.64695866520044,8b0158f363824c1785621af95d671715,experiment_linear_mchc
2640.088675308962,0.003141539519942028,mchc,SERUM,0.8,XGBoost Regressor,GridSearchCV,2.569849037317705,1.1313594824218753,3.4345891206917942,-7.64695866520044,8b0158f363824c1785621af95d671715,experiment_linear_mchc
1392.36232547339,0.0031310294238630593,mchc,SERUM,0.8,XGBoost Regressor,GridSearchCV,2.569849037317705,1.1313594824218753,3.4345891206917942,-7.64695866520044,8b0158f363824c1785621af95d671715,experiment_linear_mchc
1396.219284823732,0.0031242177054686474,mchc,SERUM,0.8,XGBoost Regressor,GridSearchCV,2.569849037317705,1.1313594824218753,3.4345891206917942,-7.64695866520044,8b0158f363824c1785621af95d671715,experiment_linear_mchc
2642.017154984133,0.0030637598286405365,mchc,SERUM,0.8,XGBoost Regressor,GridSearchCV,2.569849037317705,1.1313594824218753,3.4345891206917942,-7.64695866520044,8b0158f363824c1785621af95d671715,experiment_linear_mchc
2638.160195633791,0.0030575265238227903,mchc,SERUM,0.8,XGBoost Regressor,GridSearchCV,2.569849037317705,1.1313594824218753,3.4345891206917942,-7.64695866520044,8b0158f363824c1785621af95d671715,experiment_linear_mchc
1398.147764498902,0.0030157122228826115,mchc,SERUM,0.8,XGBoost Regressor,GridSearchCV,2.569849037317705,1.1313594824218753,3.4345891206917942,-7.64695866520044,8b0158f363824c1785621af95d671715,experiment_linear_mchc
1390.433845798219,0.0030143077104158385,mchc,SERUM,0.8,XGBoost Regressor,GridSearchCV,2.569849037317705,1.1313594824218753,3.4345891206917942,-7.64695866520044,8b0158f363824c1785621af95d671715,experiment_linear_mchc
1400.076244174074,0.002909541614775178,mchc,SERUM,0.8,XGBoost Regressor,GridSearchCV,2.569849037317705,1.1313594824218753,3.4345891206917942,-7.64695866520044,8b0158f363824c1785621af95d671715,experiment_linear_mchc
1427.074959626466,0.002863688509745158,mchc,SERUM,0.8,XGBoost Regressor,GridSearchCV,2.569849037317705,1.1313594824218753,3.4345891206917942,-7.64695866520044,8b0158f363824c1785621af95d671715,experiment_linear_mchc
2643.945634659304,0.002860521597734872,mchc,SERUM,0.8,XGBoost Regressor,GridSearchCV,2.569849037317705,1.1313594824218753,3.4345891206917942,-7.64695866520044,8b0158f363824c1785621af95d671715,experiment_linear_mchc
1425.146479951295,0.002845625852781507,mchc,SERUM,0.8,XGBoost Regressor,GridSearchCV,2.569849037317705,1.1313594824218753,3.4345891206917942,-7.64695866520044,8b0158f363824c1785621af95d671715,experiment_linear_mchc
2626.589317582765,0.002845461019453662,mchc,SERUM,0.8,XGBoost Regressor,GridSearchCV,2.569849037317705,1.1313594824218753,3.4345891206917942,-7.64695866520044,8b0158f363824c1785621af95d671715,experiment_linear_mchc
2636.23171595862,0.0028321721624204412,mchc,SERUM,0.8,XGBoost Regressor,GridSearchCV,2.569849037317705,1.1313594824218753,3.4345891206917942,-7.64695866520044,8b0158f363824c1785621af95d671715,experiment_linear_mchc
2620.803878557253,0.09109944105148315,mchc,SERUM,0.8,XGBoost Regressor,GridSearchCV,0.9326694129433383,0.6965343767547609,2.1149976351157416,-0.13894729491028412,8b0158f363824c1785621af95d671715,experiment_linear_mchc
2626.589317582765,0.08949790149927139,mchc,SERUM,0.8,XGBoost Regressor,GridSearchCV,0.9326694129433383,0.6965343767547609,2.1149976351157416,-0.13894729491028412,8b0158f363824c1785621af95d671715,experiment_linear_mchc
2643.945634659304,0.08770696073770523,mchc,SERUM,0.8,XGBoost Regressor,GridSearchCV,0.9326694129433383,0.6965343767547609,2.1149976351157416,-0.13894729491028412,8b0158f363824c1785621af95d671715,experiment_linear_mchc
2642.017154984133,0.08429132401943207,mchc,SERUM,0.8,XGBoost Regressor,GridSearchCV,0.9326694129433383,0.6965343767547609,2.1149976351157416,-0.13894729491028412,8b0158f363824c1785621af95d671715,experiment_linear_mchc
2628.517797257937,0.07957077771425247,mchc,SERUM,0.8,XGBoost Regressor,GridSearchCV,0.9326694129433383,0.6965343767547609,2.1149976351157416,-0.13894729491028412,8b0158f363824c1785621af95d671715,experiment_linear_mchc
3018.070691642458,0.07923362404108047,mchc,SERUM,0.8,XGBoost Regressor,GridSearchCV,0.9326694129433383,0.6965343767547609,2.1149976351157416,-0.13894729491028412,8b0158f363824c1785621af95d671715,experiment_linear_mchc
3016.142211967287,0.07798437029123306,mchc,SERUM,0.8,XGBoost Regressor,GridSearchCV,0.9326694129433383,0.6965343767547609,2.1149976351157416,-0.13894729491028412,8b0158f363824c1785621af95d671715,experiment_linear_mchc
3019.999171317629,0.07231686264276505,mchc,SERUM,0.8,XGBoost Regressor,GridSearchCV,0.9326694129433383,0.6965343767547609,2.1149976351157416,-0.13894729491028412,8b0158f363824c1785621af95d671715,experiment_linear_mchc
3025.784610343142,0.0540139377117157,mchc,SERUM,0.8,XGBoost Regressor,GridSearchCV,0.9326694129433383,0.6965343767547609,2.1149976351157416,-0.13894729491028412,8b0158f363824c1785621af95d671715,experiment_linear_mchc
2717.227862315798,0.04967861622571945,mchc,SERUM,0.8,XGBoost Regressor,GridSearchCV,0.9326694129433383,0.6965343767547609,2.1149976351157416,-0.13894729491028412,8b0158f363824c1785621af95d671715,experiment_linear_mchc
1783.843699533082,0.004441364668309689,mchc,SERUM,0.8,XGBoost Regressor,GridSearchCV,0.9326694129433383,0.6965343767547609,2.1149976351157416,-0.13894729491028412,8b0158f363824c1785621af95d671715,experiment_linear_mchc
1182.158040879762,0.003978114575147629,mchc,SERUM,0.8,XGBoost Regressor,GridSearchCV,0.9326694129433383,0.6965343767547609,2.1149976351157416,-0.13894729491028412,8b0158f363824c1785621af95d671715,experiment_linear_mchc
1565.925496238771,0.003969432786107063,mchc,SERUM,0.8,XGBoost Regressor,GridSearchCV,0.9326694129433383,0.6965343767547609,2.1149976351157416,-0.13894729491028412,8b0158f363824c1785621af95d671715,experiment_linear_mchc
1496.500227932618,0.0038125948049128056,mchc,SERUM,0.8,XGBoost Regressor,GridSearchCV,0.9326694129433383,0.6965343767547609,2.1149976351157416,-0.13894729491028412,8b0158f363824c1785621af95d671715,experiment_linear_mchc
2736.512659067507,0.003642464056611061,mchc,SERUM,0.8,XGBoost Regressor,GridSearchCV,0.9326694129433383,0.6965343767547609,2.1149976351157416,-0.13894729491028412,8b0158f363824c1785621af95d671715,experiment_linear_mchc
1513.856545009157,0.0034831464290618896,mchc,SERUM,0.8,XGBoost Regressor,GridSearchCV,0.9326694129433383,0.6965343767547609,2.1149976351157416,-0.13894729491028412,8b0158f363824c1785621af95d671715,experiment_linear_mchc
1660.421000322145,0.003445772221311927,mchc,SERUM,0.8,XGBoost Regressor,GridSearchCV,0.9326694129433383,0.6965343767547609,2.1149976351157416,-0.13894729491028412,8b0158f363824c1785621af95d671715,experiment_linear_mchc
1479.14391085608,0.0034286102745682,mchc,SERUM,0.8,XGBoost Regressor,GridSearchCV,0.9326694129433383,0.6965343767547609,2.1149976351157416,-0.13894729491028412,8b0158f363824c1785621af95d671715,experiment_linear_mchc
1508.071105983644,0.0033635275904089212,mchc,SERUM,0.8,XGBoost Regressor,GridSearchCV,0.9326694129433383,0.6965343767547609,2.1149976351157416,-0.13894729491028412,8b0158f363824c1785621af95d671715,experiment_linear_mchc
1781.915219857912,0.0033580667804926634,mchc,SERUM,0.8,XGBoost Regressor,GridSearchCV,0.9326694129433383,0.6965343767547609,2.1149976351157416,-0.13894729491028412,8b0158f363824c1785621af95d671715,experiment_linear_mchc
2717.227862315798,0.006476494865027839,mchc,SERUM,0.8,XGBoost Regressor,GridSearchCV,2.569849037317705,1.1313594824218753,3.4345891206917942,-7.64695866520044,8b0158f363824c1785621af95d671715,experiment_linear_mchc
2715.299382640627,0.006434647286688759,mchc,SERUM,0.8,XGBoost Regressor,GridSearchCV,2.569849037317705,1.1313594824218753,3.4345891206917942,-7.64695866520044,8b0158f363824c1785621af95d671715,experiment_linear_mchc
2713.370902965456,0.0055748465155518205,mchc,SERUM,0.8,XGBoost Regressor,GridSearchCV,2.569849037317705,1.1313594824218753,3.4345891206917942,-7.64695866520044,8b0158f363824c1785621af95d671715,experiment_linear_mchc
1716.346910902101,0.004440142683723987,mchc,SERUM,0.8,XGBoost Regressor,GridSearchCV,2.569849037317705,1.1313594824218753,3.4345891206917942,-7.64695866520044,8b0158f363824c1785621af95d671715,experiment_linear_mchc
2719.156341990969,0.0038182832386151173,mchc,SERUM,0.8,XGBoost Regressor,GridSearchCV,2.569849037317705,1.1313594824218753,3.4345891206917942,-7.64695866520044,8b0158f363824c1785621af95d671715,experiment_linear_mchc
2711.442423290285,0.0031754513043693424,mchc,SERUM,0.8,XGBoost Regressor,GridSearchCV,2.569849037317705,1.1313594824218753,3.4345891206917942,-7.64695866520044,8b0158f363824c1785621af95d671715,experiment_linear_mchc
1394.290805148561,0.003163403832002894,mchc,SERUM,0.8,XGBoost Regressor,GridSearchCV,2.569849037317705,1.1313594824218753,3.4345891206917942,-7.64695866520044,8b0158f363824c1785621af95d671715,experiment_linear_mchc
2640.088675308962,0.0031415395199420252,mchc,SERUM,0.8,XGBoost Regressor,GridSearchCV,2.569849037317705,1.1313594824218753,3.4345891206917942,-7.64695866520044,8b0158f363824c1785621af95d671715,experiment_linear_mchc
1392.36232547339,0.0031310294238630597,mchc,SERUM,0.8,XGBoost Regressor,GridSearchCV,2.569849037317705,1.1313594824218753,3.4345891206917942,-7.64695866520044,8b0158f363824c1785621af95d671715,experiment_linear_mchc
1396.219284823732,0.0031242177054686474,mchc,SERUM,0.8,XGBoost Regressor,GridSearchCV,2.569849037317705,1.1313594824218753,3.4345891206917942,-7.64695866520044,8b0158f363824c1785621af95d671715,experiment_linear_mchc
2642.017154984133,0.003063759828640535,mchc,SERUM,0.8,XGBoost Regressor,GridSearchCV,2.569849037317705,1.1313594824218753,3.4345891206917942,-7.64695866520044,8b0158f363824c1785621af95d671715,experiment_linear_mchc
2638.160195633791,0.00305752652382279,mchc,SERUM,0.8,XGBoost Regressor,GridSearchCV,2.569849037317705,1.1313594824218753,3.4345891206917942,-7.64695866520044,8b0158f363824c1785621af95d671715,experiment_linear_mchc
1398.147764498902,0.00301571222288261,mchc,SERUM,0.8,XGBoost Regressor,GridSearchCV,2.569849037317705,1.1313594824218753,3.4345891206917942,-7.64695866520044,8b0158f363824c1785621af95d671715,experiment_linear_mchc
1390.433845798219,0.003014307710415837,mchc,SERUM,0.8,XGBoost Regressor,GridSearchCV,2.569849037317705,1.1313594824218753,3.4345891206917942,-7.64695866520044,8b0158f363824c1785621af95d671715,experiment_linear_mchc
1400.076244174074,0.0029095416147751785,mchc,SERUM,0.8,XGBoost Regressor,GridSearchCV,2.569849037317705,1.1313594824218753,3.4345891206917942,-7.64695866520044,8b0158f363824c1785621af95d671715,experiment_linear_mchc
1427.074959626466,0.00286368850974516,mchc,SERUM,0.8,XGBoost Regressor,GridSearchCV,2.569849037317705,1.1313594824218753,3.4345891206917942,-7.64695866520044,8b0158f363824c1785621af95d671715,experiment_linear_mchc
2643.945634659304,0.002860521597734871,mchc,SERUM,0.8,XGBoost Regressor,GridSearchCV,2.569849037317705,1.1313594824218753,3.4345891206917942,-7.64695866520044,8b0158f363824c1785621af95d671715,experiment_linear_mchc
1425.146479951295,0.0028456258527815065,mchc,SERUM,0.8,XGBoost Regressor,GridSearchCV,2.569849037317705,1.1313594824218753,3.4345891206917942,-7.64695866520044,8b0158f363824c1785621af95d671715,experiment_linear_mchc
2626.589317582765,0.002845461019453662,mchc,SERUM,0.8,XGBoost Regressor,GridSearchCV,2.569849037317705,1.1313594824218753,3.4345891206917942,-7.64695866520044,8b0158f363824c1785621af95d671715,experiment_linear_mchc
2636.23171595862,0.00283217216242044,mchc,SERUM,0.8,XGBoost Regressor,GridSearchCV,2.569849037317705,1.1313594824218753,3.4345891206917942,-7.64695866520044,8b0158f363824c1785621af95d671715,experiment_linear_mchc
2620.803878557253,0.09109944105148315,mchc,SERUM,0.8,XGBoost Regressor,GridSearchCV,0.9326694129433383,0.6965343767547609,2.1149976351157416,-0.13894729491028412,8b0158f363824c1785621af95d671715,experiment_linear_mchc
2626.589317582765,0.08949790149927139,mchc,SERUM,0.8,XGBoost Regressor,GridSearchCV,0.9326694129433383,0.6965343767547609,2.1149976351157416,-0.13894729491028412,8b0158f363824c1785621af95d671715,experiment_linear_mchc
2643.945634659304,0.08770696073770523,mchc,SERUM,0.8,XGBoost Regressor,GridSearchCV,0.9326694129433383,0.6965343767547609,2.1149976351157416,-0.13894729491028412,8b0158f363824c1785621af95d671715,experiment_linear_mchc
2642.017154984133,0.08429132401943207,mchc,SERUM,0.8,XGBoost Regressor,GridSearchCV,0.9326694129433383,0.6965343767547609,2.1149976351157416,-0.13894729491028412,8b0158f363824c1785621af95d671715,experiment_linear_mchc
2628.517797257937,0.07957077771425247,mchc,SERUM,0.8,XGBoost Regressor,GridSearchCV,0.9326694129433383,0.6965343767547609,2.1149976351157416,-0.13894729491028412,8b0158f363824c1785621af95d671715,experiment_linear_mchc
3018.070691642458,0.07923362404108047,mchc,SERUM,0.8,XGBoost Regressor,GridSearchCV,0.9326694129433383,0.6965343767547609,2.1149976351157416,-0.13894729491028412,8b0158f363824c1785621af95d671715,experiment_linear_mchc
3016.142211967287,0.07798437029123306,mchc,SERUM,0.8,XGBoost Regressor,GridSearchCV,0.9326694129433383,0.6965343767547609,2.1149976351157416,-0.13894729491028412,8b0158f363824c1785621af95d671715,experiment_linear_mchc
3019.999171317629,0.07231686264276505,mchc,SERUM,0.8,XGBoost Regressor,GridSearchCV,0.9326694129433383,0.6965343767547609,2.1149976351157416,-0.13894729491028412,8b0158f363824c1785621af95d671715,experiment_linear_mchc
3025.784610343142,0.0540139377117157,mchc,SERUM,0.8,XGBoost Regressor,GridSearchCV,0.9326694129433383,0.6965343767547609,2.1149976351157416,-0.13894729491028412,8b0158f363824c1785621af95d671715,experiment_linear_mchc
2717.227862315798,0.04967861622571945,mchc,SERUM,0.8,XGBoost Regressor,GridSearchCV,0.9326694129433383,0.6965343767547609,2.1149976351157416,-0.13894729491028412,8b0158f363824c1785621af95d671715,experiment_linear_mchc
1783.843699533082,0.004441364668309689,mchc,SERUM,0.8,XGBoost Regressor,GridSearchCV,0.9326694129433383,0.6965343767547609,2.1149976351157416,-0.13894729491028412,8b0158f363824c1785621af95d671715,experiment_linear_mchc
1182.158040879762,0.003978114575147629,mchc,SERUM,0.8,XGBoost Regressor,GridSearchCV,0.9326694129433383,0.6965343767547609,2.1149976351157416,-0.13894729491028412,8b0158f363824c1785621af95d671715,experiment_linear_mchc
1565.925496238771,0.003969432786107063,mchc,SERUM,0.8,XGBoost Regressor,GridSearchCV,0.9326694129433383,0.6965343767547609,2.1149976351157416,-0.13894729491028412,8b0158f363824c1785621af95d671715,experiment_linear_mchc
1496.500227932618,0.0038125948049128056,mchc,SERUM,0.8,XGBoost Regressor,GridSearchCV,0.9326694129433383,0.6965343767547609,2.1149976351157416,-0.13894729491028412,8b0158f363824c1785621af95d671715,experiment_linear_mchc
2736.512659067507,0.003642464056611061,mchc,SERUM,0.8,XGBoost Regressor,GridSearchCV,0.9326694129433383,0.6965343767547609,2.1149976351157416,-0.13894729491028412,8b0158f363824c1785621af95d671715,experiment_linear_mchc
1513.856545009157,0.0034831464290618896,mchc,SERUM,0.8,XGBoost Regressor,GridSearchCV,0.9326694129433383,0.6965343767547609,2.1149976351157416,-0.13894729491028412,8b0158f363824c1785621af95d671715,experiment_linear_mchc
1660.421000322145,0.003445772221311927,mchc,SERUM,0.8,XGBoost Regressor,GridSearchCV,0.9326694129433383,0.6965343767547609,2.1149976351157416,-0.13894729491028412,8b0158f363824c1785621af95d671715,experiment_linear_mchc
1479.14391085608,0.0034286102745682,mchc,SERUM,0.8,XGBoost Regressor,GridSearchCV,0.9326694129433383,0.6965343767547609,2.1149976351157416,-0.13894729491028412,8b0158f363824c1785621af95d671715,experiment_linear_mchc
1508.071105983644,0.0033635275904089212,mchc,SERUM,0.8,XGBoost Regressor,GridSearchCV,0.9326694129433383,0.6965343767547609,2.1149976351157416,-0.13894729491028412,8b0158f363824c1785621af95d671715,experiment_linear_mchc
1781.915219857912,0.0033580667804926634,mchc,SERUM,0.8,XGBoost Regressor,GridSearchCV,0.9326694129433383,0.6965343767547609,2.1149976351157416,-0.13894729491028412,8b0158f363824c1785621af95d671715,experiment_linear_mchc
3048.926366445193,0.0054188694027988895,mchc,URINE,0.8,XGBoost Regressor,GridSearchCV,0.8676639553264367,0.6741544765271635,2.0541026525895347,-0.300165734831241,8b0158f363824c1785621af95d671715,experiment_linear_mchc
1770.344341806886,0.005264485257770548,mchc,URINE,0.8,XGBoost Regressor,GridSearchCV,0.8676639553264367,0.6741544765271635,2.0541026525895347,-0.300165734831241,8b0158f363824c1785621af95d671715,experiment_linear_mchc
1772.272821482057,0.005255846666638332,mchc,URINE,0.8,XGBoost Regressor,GridSearchCV,0.8676639553264367,0.6741544765271635,2.0541026525895347,-0.300165734831241,8b0158f363824c1785621af95d671715,experiment_linear_mchc
1774.201301157228,0.005225845877746042,mchc,URINE,0.8,XGBoost Regressor,GridSearchCV,0.8676639553264367,0.6741544765271635,2.0541026525895347,-0.300165734831241,8b0158f363824c1785621af95d671715,experiment_linear_mchc
1768.415862131715,0.005207936731791864,mchc,URINE,0.8,XGBoost Regressor,GridSearchCV,0.8676639553264367,0.6741544765271635,2.0541026525895347,-0.300165734831241,8b0158f363824c1785621af95d671715,experiment_linear_mchc
1716.346910902101,0.00519707554463488,mchc,URINE,0.8,XGBoost Regressor,GridSearchCV,0.8676639553264367,0.6741544765271635,2.0541026525895347,-0.300165734831241,8b0158f363824c1785621af95d671715,experiment_linear_mchc
1718.275390577272,0.005184080976272436,mchc,URINE,0.8,XGBoost Regressor,GridSearchCV,0.8676639553264367,0.6741544765271635,2.0541026525895347,-0.300165734831241,8b0158f363824c1785621af95d671715,experiment_linear_mchc
1766.487382456544,0.0051437819346429195,mchc,URINE,0.8,XGBoost Regressor,GridSearchCV,0.8676639553264367,0.6741544765271635,2.0541026525895347,-0.300165734831241,8b0158f363824c1785621af95d671715,experiment_linear_mchc
1776.129780832399,0.005132215898185064,mchc,URINE,0.8,XGBoost Regressor,GridSearchCV,0.8676639553264367,0.6741544765271635,2.0541026525895347,-0.300165734831241,8b0158f363824c1785621af95d671715,experiment_linear_mchc
1714.41843122693,0.005115681135096107,mchc,URINE,0.8,XGBoost Regressor,GridSearchCV,0.8676639553264367,0.6741544765271635,2.0541026525895347,-0.300165734831241,8b0158f363824c1785621af95d671715,experiment_linear_mchc
1720.203870252443,0.0051049219151526725,mchc,URINE,0.8,XGBoost Regressor,GridSearchCV,0.8676639553264367,0.6741544765271635,2.0541026525895347,-0.300165734831241,8b0158f363824c1785621af95d671715,experiment_linear_mchc
1764.558902781373,0.005058839624135955,mchc,URINE,0.8,XGBoost Regressor,GridSearchCV,0.8676639553264367,0.6741544765271635,2.0541026525895347,-0.300165734831241,8b0158f363824c1785621af95d671715,experiment_linear_mchc
1722.132349927614,0.004937597844601265,mchc,URINE,0.8,XGBoost Regressor,GridSearchCV,0.8676639553264367,0.6741544765271635,2.0541026525895347,-0.300165734831241,8b0158f363824c1785621af95d671715,experiment_linear_mchc
1712.489951551759,0.004920604802012735,mchc,URINE,0.8,XGBoost Regressor,GridSearchCV,0.8676639553264367,0.6741544765271635,2.0541026525895347,-0.300165734831241,8b0158f363824c1785621af95d671715,experiment_linear_mchc
1762.630423106202,0.0048902164804282494,mchc,URINE,0.8,XGBoost Regressor,GridSearchCV,0.8676639553264367,0.6741544765271635,2.0541026525895347,-0.300165734831241,8b0158f363824c1785621af95d671715,experiment_linear_mchc
1778.05826050757,0.004886596709377241,mchc,URINE,0.8,XGBoost Regressor,GridSearchCV,0.8676639553264367,0.6741544765271635,2.0541026525895347,-0.300165734831241,8b0158f363824c1785621af95d671715,experiment_linear_mchc
1760.701943431032,0.004739782487954657,mchc,URINE,0.8,XGBoost Regressor,GridSearchCV,0.8676639553264367,0.6741544765271635,2.0541026525895347,-0.300165734831241,8b0158f363824c1785621af95d671715,experiment_linear_mchc
1710.561471876588,0.004698185001842839,mchc,URINE,0.8,XGBoost Regressor,GridSearchCV,0.8676639553264367,0.6741544765271635,2.0541026525895347,-0.300165734831241,8b0158f363824c1785621af95d671715,experiment_linear_mchc
1724.060829602785,0.004631522461219245,mchc,URINE,0.8,XGBoost Regressor,GridSearchCV,0.8676639553264367,0.6741544765271635,2.0541026525895347,-0.300165734831241,8b0158f363824c1785621af95d671715,experiment_linear_mchc
1758.773463755861,0.004572999618378203,mchc,URINE,0.8,XGBoost Regressor,GridSearchCV,0.8676639553264367,0.6741544765271635,2.0541026525895347,-0.300165734831241,8b0158f363824c1785621af95d671715,experiment_linear_mchc
2996.857415215578,0.12054819613695145,mchc,URINE,0.8,XGBoost Regressor,GridSearchCV,0.8508399175679603,0.6858807555349247,2.0991663943886056,-0.2502340347415648,8b0158f363824c1785621af95d671715,experiment_linear_mchc
3000.71437456592,0.11737794429063797,mchc,URINE,0.8,XGBoost Regressor,GridSearchCV,0.8508399175679603,0.6858807555349247,2.0991663943886056,-0.2502340347415648,8b0158f363824c1785621af95d671715,experiment_linear_mchc
2998.785894890749,0.1107054203748703,mchc,URINE,0.8,XGBoost Regressor,GridSearchCV,0.8508399175679603,0.6858807555349247,2.0991663943886056,-0.2502340347415648,8b0158f363824c1785621af95d671715,experiment_linear_mchc
2994.928935540408,0.10447371751070023,mchc,URINE,0.8,XGBoost Regressor,GridSearchCV,0.8508399175679603,0.6858807555349247,2.0991663943886056,-0.2502340347415648,8b0158f363824c1785621af95d671715,experiment_linear_mchc
2993.000455865237,0.04117774963378906,mchc,URINE,0.8,XGBoost Regressor,GridSearchCV,0.8508399175679603,0.6858807555349247,2.0991663943886056,-0.2502340347415648,8b0158f363824c1785621af95d671715,experiment_linear_mchc
3041.212447744509,0.0330507792532444,mchc,URINE,0.8,XGBoost Regressor,GridSearchCV,0.8508399175679603,0.6858807555349247,2.0991663943886056,-0.2502340347415648,8b0158f363824c1785621af95d671715,experiment_linear_mchc
1662.349479997316,0.0056355781853199005,mchc,URINE,0.8,XGBoost Regressor,GridSearchCV,0.8508399175679603,0.6858807555349247,2.0991663943886056,-0.2502340347415648,8b0158f363824c1785621af95d671715,experiment_linear_mchc
1432.860398651979,0.005616033915430307,mchc,URINE,0.8,XGBoost Regressor,GridSearchCV,0.8508399175679603,0.6858807555349247,2.0991663943886056,-0.2502340347415648,8b0158f363824c1785621af95d671715,experiment_linear_mchc
1754.916504405519,0.0051472908817231655,mchc,URINE,0.8,XGBoost Regressor,GridSearchCV,0.8508399175679603,0.6858807555349247,2.0991663943886056,-0.2502340347415648,8b0158f363824c1785621af95d671715,experiment_linear_mchc
1367.292089696168,0.0046386090107262135,mchc,URINE,0.8,XGBoost Regressor,GridSearchCV,0.8508399175679603,0.6858807555349247,2.0991663943886056,-0.2502340347415648,8b0158f363824c1785621af95d671715,experiment_linear_mchc
1430.931918976808,0.004337661899626255,mchc,URINE,0.8,XGBoost Regressor,GridSearchCV,0.8508399175679603,0.6858807555349247,2.0991663943886056,-0.2502340347415648,8b0158f363824c1785621af95d671715,experiment_linear_mchc
1614.137488118043,0.004096828866750002,mchc,URINE,0.8,XGBoost Regressor,GridSearchCV,0.8508399175679603,0.6858807555349247,2.0991663943886056,-0.2502340347415648,8b0158f363824c1785621af95d671715,experiment_linear_mchc
1421.289520600953,0.00401969812810421,mchc,URINE,0.8,XGBoost Regressor,GridSearchCV,0.8508399175679603,0.6858807555349247,2.0991663943886056,-0.2502340347415648,8b0158f363824c1785621af95d671715,experiment_linear_mchc
1132.017569325318,0.004019494168460369,mchc,URINE,0.8,XGBoost Regressor,GridSearchCV,0.8508399175679603,0.6858807555349247,2.0991663943886056,-0.2502340347415648,8b0158f363824c1785621af95d671715,experiment_linear_mchc
1633.422284869752,0.0039329794235527515,mchc,URINE,0.8,XGBoost Regressor,GridSearchCV,0.8508399175679603,0.6858807555349247,2.0991663943886056,-0.2502340347415648,8b0158f363824c1785621af95d671715,experiment_linear_mchc
1616.065967793214,0.003922548610717058,mchc,URINE,0.8,XGBoost Regressor,GridSearchCV,0.8508399175679603,0.6858807555349247,2.0991663943886056,-0.2502340347415648,8b0158f363824c1785621af95d671715,experiment_linear_mchc
944.9550408337414,0.003918485250324011,mchc,URINE,0.8,XGBoost Regressor,GridSearchCV,0.8508399175679603,0.6858807555349247,2.0991663943886056,-0.2502340347415648,8b0158f363824c1785621af95d671715,experiment_linear_mchc
1785.772179208253,0.003618374466896057,mchc,URINE,0.8,XGBoost Regressor,GridSearchCV,0.8508399175679603,0.6858807555349247,2.0991663943886056,-0.2502340347415648,8b0158f363824c1785621af95d671715,experiment_linear_mchc
2759.654415169558,0.0035573546774685383,mchc,URINE,0.8,XGBoost Regressor,GridSearchCV,0.8508399175679603,0.6858807555349247,2.0991663943886056,-0.2502340347415648,8b0158f363824c1785621af95d671715,experiment_linear_mchc
1319.080097816896,0.0035488619469106197,mchc,URINE,0.8,XGBoost Regressor,GridSearchCV,0.8508399175679603,0.6858807555349247,2.0991663943886056,-0.2502340347415648,8b0158f363824c1785621af95d671715,experiment_linear_mchc
3048.926366445193,0.005418869402798886,mchc,URINE,0.8,XGBoost Regressor,GridSearchCV,0.8676639553264367,0.6741544765271635,2.0541026525895347,-0.300165734831241,8b0158f363824c1785621af95d671715,experiment_linear_mchc
1770.344341806886,0.005264485257770552,mchc,URINE,0.8,XGBoost Regressor,GridSearchCV,0.8676639553264367,0.6741544765271635,2.0541026525895347,-0.300165734831241,8b0158f363824c1785621af95d671715,experiment_linear_mchc
1772.272821482057,0.005255846666638333,mchc,URINE,0.8,XGBoost Regressor,GridSearchCV,0.8676639553264367,0.6741544765271635,2.0541026525895347,-0.300165734831241,8b0158f363824c1785621af95d671715,experiment_linear_mchc
1774.201301157228,0.0052258458777460414,mchc,URINE,0.8,XGBoost Regressor,GridSearchCV,0.8676639553264367,0.6741544765271635,2.0541026525895347,-0.300165734831241,8b0158f363824c1785621af95d671715,experiment_linear_mchc
1768.415862131715,0.005207936731791866,mchc,URINE,0.8,XGBoost Regressor,GridSearchCV,0.8676639553264367,0.6741544765271635,2.0541026525895347,-0.300165734831241,8b0158f363824c1785621af95d671715,experiment_linear_mchc
1716.346910902101,0.0051970755446348795,mchc,URINE,0.8,XGBoost Regressor,GridSearchCV,0.8676639553264367,0.6741544765271635,2.0541026525895347,-0.300165734831241,8b0158f363824c1785621af95d671715,experiment_linear_mchc
1718.275390577272,0.0051840809762724385,mchc,URINE,0.8,XGBoost Regressor,GridSearchCV,0.8676639553264367,0.6741544765271635,2.0541026525895347,-0.300165734831241,8b0158f363824c1785621af95d671715,experiment_linear_mchc
1766.487382456544,0.005143781934642921,mchc,URINE,0.8,XGBoost Regressor,GridSearchCV,0.8676639553264367,0.6741544765271635,2.0541026525895347,-0.300165734831241,8b0158f363824c1785621af95d671715,experiment_linear_mchc
1776.129780832399,0.005132215898185065,mchc,URINE,0.8,XGBoost Regressor,GridSearchCV,0.8676639553264367,0.6741544765271635,2.0541026525895347,-0.300165734831241,8b0158f363824c1785621af95d671715,experiment_linear_mchc
1714.41843122693,0.005115681135096104,mchc,URINE,0.8,XGBoost Regressor,GridSearchCV,0.8676639553264367,0.6741544765271635,2.0541026525895347,-0.300165734831241,8b0158f363824c1785621af95d671715,experiment_linear_mchc
1720.203870252443,0.00510492191515267,mchc,URINE,0.8,XGBoost Regressor,GridSearchCV,0.8676639553264367,0.6741544765271635,2.0541026525895347,-0.300165734831241,8b0158f363824c1785621af95d671715,experiment_linear_mchc
1764.558902781373,0.0050588396241359555,mchc,URINE,0.8,XGBoost Regressor,GridSearchCV,0.8676639553264367,0.6741544765271635,2.0541026525895347,-0.300165734831241,8b0158f363824c1785621af95d671715,experiment_linear_mchc
1722.132349927614,0.004937597844601266,mchc,URINE,0.8,XGBoost Regressor,GridSearchCV,0.8676639553264367,0.6741544765271635,2.0541026525895347,-0.300165734831241,8b0158f363824c1785621af95d671715,experiment_linear_mchc
1712.489951551759,0.004920604802012734,mchc,URINE,0.8,XGBoost Regressor,GridSearchCV,0.8676639553264367,0.6741544765271635,2.0541026525895347,-0.300165734831241,8b0158f363824c1785621af95d671715,experiment_linear_mchc
1762.630423106202,0.004890216480428248,mchc,URINE,0.8,XGBoost Regressor,GridSearchCV,0.8676639553264367,0.6741544765271635,2.0541026525895347,-0.300165734831241,8b0158f363824c1785621af95d671715,experiment_linear_mchc
1778.05826050757,0.004886596709377246,mchc,URINE,0.8,XGBoost Regressor,GridSearchCV,0.8676639553264367,0.6741544765271635,2.0541026525895347,-0.300165734831241,8b0158f363824c1785621af95d671715,experiment_linear_mchc
1760.701943431032,0.004739782487954659,mchc,URINE,0.8,XGBoost Regressor,GridSearchCV,0.8676639553264367,0.6741544765271635,2.0541026525895347,-0.300165734831241,8b0158f363824c1785621af95d671715,experiment_linear_mchc
1710.561471876588,0.00469818500184284,mchc,URINE,0.8,XGBoost Regressor,GridSearchCV,0.8676639553264367,0.6741544765271635,2.0541026525895347,-0.300165734831241,8b0158f363824c1785621af95d671715,experiment_linear_mchc
1724.060829602785,0.004631522461219247,mchc,URINE,0.8,XGBoost Regressor,GridSearchCV,0.8676639553264367,0.6741544765271635,2.0541026525895347,-0.300165734831241,8b0158f363824c1785621af95d671715,experiment_linear_mchc
1758.773463755861,0.004572999618378203,mchc,URINE,0.8,XGBoost Regressor,GridSearchCV,0.8676639553264367,0.6741544765271635,2.0541026525895347,-0.300165734831241,8b0158f363824c1785621af95d671715,experiment_linear_mchc
2996.857415215578,0.12054819613695145,mchc,URINE,0.8,XGBoost Regressor,GridSearchCV,0.8508399175679603,0.6858807555349247,2.0991663943886056,-0.2502340347415648,8b0158f363824c1785621af95d671715,experiment_linear_mchc
3000.71437456592,0.11737794429063797,mchc,URINE,0.8,XGBoost Regressor,GridSearchCV,0.8508399175679603,0.6858807555349247,2.0991663943886056,-0.2502340347415648,8b0158f363824c1785621af95d671715,experiment_linear_mchc
2998.785894890749,0.1107054203748703,mchc,URINE,0.8,XGBoost Regressor,GridSearchCV,0.8508399175679603,0.6858807555349247,2.0991663943886056,-0.2502340347415648,8b0158f363824c1785621af95d671715,experiment_linear_mchc
2994.928935540408,0.10447371751070023,mchc,URINE,0.8,XGBoost Regressor,GridSearchCV,0.8508399175679603,0.6858807555349247,2.0991663943886056,-0.2502340347415648,8b0158f363824c1785621af95d671715,experiment_linear_mchc
2993.000455865237,0.04117774963378906,mchc,URINE,0.8,XGBoost Regressor,GridSearchCV,0.8508399175679603,0.6858807555349247,2.0991663943886056,-0.2502340347415648,8b0158f363824c1785621af95d671715,experiment_linear_mchc
3041.212447744509,0.0330507792532444,mchc,URINE,0.8,XGBoost Regressor,GridSearchCV,0.8508399175679603,0.6858807555349247,2.0991663943886056,-0.2502340347415648,8b0158f363824c1785621af95d671715,experiment_linear_mchc
1662.349479997316,0.0056355781853199005,mchc,URINE,0.8,XGBoost Regressor,GridSearchCV,0.8508399175679603,0.6858807555349247,2.0991663943886056,-0.2502340347415648,8b0158f363824c1785621af95d671715,experiment_linear_mchc
1432.860398651979,0.005616033915430307,mchc,URINE,0.8,XGBoost Regressor,GridSearchCV,0.8508399175679603,0.6858807555349247,2.0991663943886056,-0.2502340347415648,8b0158f363824c1785621af95d671715,experiment_linear_mchc
1754.916504405519,0.0051472908817231655,mchc,URINE,0.8,XGBoost Regressor,GridSearchCV,0.8508399175679603,0.6858807555349247,2.0991663943886056,-0.2502340347415648,8b0158f363824c1785621af95d671715,experiment_linear_mchc
1367.292089696168,0.0046386090107262135,mchc,URINE,0.8,XGBoost Regressor,GridSearchCV,0.8508399175679603,0.6858807555349247,2.0991663943886056,-0.2502340347415648,8b0158f363824c1785621af95d671715,experiment_linear_mchc
1430.931918976808,0.004337661899626255,mchc,URINE,0.8,XGBoost Regressor,GridSearchCV,0.8508399175679603,0.6858807555349247,2.0991663943886056,-0.2502340347415648,8b0158f363824c1785621af95d671715,experiment_linear_mchc
1614.137488118043,0.004096828866750002,mchc,URINE,0.8,XGBoost Regressor,GridSearchCV,0.8508399175679603,0.6858807555349247,2.0991663943886056,-0.2502340347415648,8b0158f363824c1785621af95d671715,experiment_linear_mchc
1421.289520600953,0.00401969812810421,mchc,URINE,0.8,XGBoost Regressor,GridSearchCV,0.8508399175679603,0.6858807555349247,2.0991663943886056,-0.2502340347415648,8b0158f363824c1785621af95d671715,experiment_linear_mchc
1132.017569325318,0.004019494168460369,mchc,URINE,0.8,XGBoost Regressor,GridSearchCV,0.8508399175679603,0.6858807555349247,2.0991663943886056,-0.2502340347415648,8b0158f363824c1785621af95d671715,experiment_linear_mchc
1633.422284869752,0.0039329794235527515,mchc,URINE,0.8,XGBoost Regressor,GridSearchCV,0.8508399175679603,0.6858807555349247,2.0991663943886056,-0.2502340347415648,8b0158f363824c1785621af95d671715,experiment_linear_mchc
1616.065967793214,0.003922548610717058,mchc,URINE,0.8,XGBoost Regressor,GridSearchCV,0.8508399175679603,0.6858807555349247,2.0991663943886056,-0.2502340347415648,8b0158f363824c1785621af95d671715,experiment_linear_mchc
944.9550408337414,0.003918485250324011,mchc,URINE,0.8,XGBoost Regressor,GridSearchCV,0.8508399175679603,0.6858807555349247,2.0991663943886056,-0.2502340347415648,8b0158f363824c1785621af95d671715,experiment_linear_mchc
1785.772179208253,0.003618374466896057,mchc,URINE,0.8,XGBoost Regressor,GridSearchCV,0.8508399175679603,0.6858807555349247,2.0991663943886056,-0.2502340347415648,8b0158f363824c1785621af95d671715,experiment_linear_mchc
2759.654415169558,0.0035573546774685383,mchc,URINE,0.8,XGBoost Regressor,GridSearchCV,0.8508399175679603,0.6858807555349247,2.0991663943886056,-0.2502340347415648,8b0158f363824c1785621af95d671715,experiment_linear_mchc
1319.080097816896,0.0035488619469106197,mchc,URINE,0.8,XGBoost Regressor,GridSearchCV,0.8508399175679603,0.6858807555349247,2.0991663943886056,-0.2502340347415648,8b0158f363824c1785621af95d671715,experiment_linear_mchc
3048.926366445193,0.006827176449499827,mchc,CAPILAR,0.8,MLP Regressor,BayesSearchCV,1.6407759267618058,1.1840436952189914,3.6140999601367594,-3.8862476044830725,8b0158f363824c1785621af95d671715,experiment_linear_mchc
3046.997886770022,0.006156486758430959,mchc,CAPILAR,0.8,MLP Regressor,BayesSearchCV,1.6407759267618058,1.1840436952189914,3.6140999601367594,-3.8862476044830725,8b0158f363824c1785621af95d671715,experiment_linear_mchc
1641.136203570436,0.005976999177869808,mchc,CAPILAR,0.8,MLP Regressor,BayesSearchCV,1.6407759267618058,1.1840436952189914,3.6140999601367594,-3.8862476044830725,8b0158f363824c1785621af95d671715,experiment_linear_mchc
1639.207723895265,0.005179642487760325,mchc,CAPILAR,0.8,MLP Regressor,BayesSearchCV,1.6407759267618058,1.1840436952189914,3.6140999601367594,-3.8862476044830725,8b0158f363824c1785621af95d671715,experiment_linear_mchc
1643.064683245607,0.005075412868972093,mchc,CAPILAR,0.8,MLP Regressor,BayesSearchCV,1.6407759267618058,1.1840436952189914,3.6140999601367594,-3.8862476044830725,8b0158f363824c1785621af95d671715,experiment_linear_mchc
3045.069407094851,0.0040863655397395315,mchc,CAPILAR,0.8,MLP Regressor,BayesSearchCV,1.6407759267618058,1.1840436952189914,3.6140999601367594,-3.8862476044830725,8b0158f363824c1785621af95d671715,experiment_linear_mchc
1602.566610067018,0.004004504621224223,mchc,CAPILAR,0.8,MLP Regressor,BayesSearchCV,1.6407759267618058,1.1840436952189914,3.6140999601367594,-3.8862476044830725,8b0158f363824c1785621af95d671715,experiment_linear_mchc
1637.279244220094,0.003953489571377822,mchc,CAPILAR,0.8,MLP Regressor,BayesSearchCV,1.6407759267618058,1.1840436952189914,3.6140999601367594,-3.8862476044830725,8b0158f363824c1785621af95d671715,experiment_linear_mchc
956.5259188847667,0.0038611563428138738,mchc,CAPILAR,0.8,MLP Regressor,BayesSearchCV,1.6407759267618058,1.1840436952189914,3.6140999601367594,-3.8862476044830725,8b0158f363824c1785621af95d671715,experiment_linear_mchc
954.5974392095954,0.0038066909997721957,mchc,CAPILAR,0.8,MLP Regressor,BayesSearchCV,1.6407759267618058,1.1840436952189914,3.6140999601367594,-3.8862476044830725,8b0158f363824c1785621af95d671715,experiment_linear_mchc
1228.441553083863,0.0036170196685770526,mchc,CAPILAR,0.8,MLP Regressor,BayesSearchCV,1.6407759267618058,1.1840436952189914,3.6140999601367594,-3.8862476044830725,8b0158f363824c1785621af95d671715,experiment_linear_mchc
1230.370032759034,0.0035158291558610804,mchc,CAPILAR,0.8,MLP Regressor,BayesSearchCV,1.6407759267618058,1.1840436952189914,3.6140999601367594,-3.8862476044830725,8b0158f363824c1785621af95d671715,experiment_linear_mchc
1226.513073408692,0.003482672779738112,mchc,CAPILAR,0.8,MLP Regressor,BayesSearchCV,1.6407759267618058,1.1840436952189914,3.6140999601367594,-3.8862476044830725,8b0158f363824c1785621af95d671715,experiment_linear_mchc
1600.638130391847,0.003419685585706973,mchc,CAPILAR,0.8,MLP Regressor,BayesSearchCV,1.6407759267618058,1.1840436952189914,3.6140999601367594,-3.8862476044830725,8b0158f363824c1785621af95d671715,experiment_linear_mchc
1706.704512526246,0.0034084178465109377,mchc,CAPILAR,0.8,MLP Regressor,BayesSearchCV,1.6407759267618058,1.1840436952189914,3.6140999601367594,-3.8862476044830725,8b0158f363824c1785621af95d671715,experiment_linear_mchc
1232.298512434205,0.0032446914861518545,mchc,CAPILAR,0.8,MLP Regressor,BayesSearchCV,1.6407759267618058,1.1840436952189914,3.6140999601367594,-3.8862476044830725,8b0158f363824c1785621af95d671715,experiment_linear_mchc
3050.854846120364,0.0030708609290958514,mchc,CAPILAR,0.8,MLP Regressor,BayesSearchCV,1.6407759267618058,1.1840436952189914,3.6140999601367594,-3.8862476044830725,8b0158f363824c1785621af95d671715,experiment_linear_mchc
1224.584593733522,0.0030404012701717546,mchc,CAPILAR,0.8,MLP Regressor,BayesSearchCV,1.6407759267618058,1.1840436952189914,3.6140999601367594,-3.8862476044830725,8b0158f363824c1785621af95d671715,experiment_linear_mchc
1644.993162920778,0.0030151023283266796,mchc,CAPILAR,0.8,MLP Regressor,BayesSearchCV,1.6407759267618058,1.1840436952189914,3.6140999601367594,-3.8862476044830725,8b0158f363824c1785621af95d671715,experiment_linear_mchc
1234.226992109376,0.0029278881021853995,mchc,CAPILAR,0.8,MLP Regressor,BayesSearchCV,1.6407759267618058,1.1840436952189914,3.6140999601367594,-3.8862476044830725,8b0158f363824c1785621af95d671715,experiment_linear_mchc
1070.306219719849,0.011368396193715262,mchc,CAPILAR,0.8,MLP Regressor,BayesSearchCV,1.3431179851121329,1.026060650445301,3.0955298860490252,-2.2742003358257166,8b0158f363824c1785621af95d671715,experiment_linear_mchc
1483.000870206422,0.01106349014394619,mchc,CAPILAR,0.8,MLP Regressor,BayesSearchCV,1.3431179851121329,1.026060650445301,3.0955298860490252,-2.2742003358257166,8b0158f363824c1785621af95d671715,experiment_linear_mchc
968.0967969357921,0.00935079185558648,mchc,CAPILAR,0.8,MLP Regressor,BayesSearchCV,1.3431179851121329,1.026060650445301,3.0955298860490252,-2.2742003358257166,8b0158f363824c1785621af95d671715,experiment_linear_mchc
1068.377740044679,0.008916059221946722,mchc,CAPILAR,0.8,MLP Regressor,BayesSearchCV,1.3431179851121329,1.026060650445301,3.0955298860490252,-2.2742003358257166,8b0158f363824c1785621af95d671715,experiment_linear_mchc
1043.307504267457,0.00829375400941841,mchc,CAPILAR,0.8,MLP Regressor,BayesSearchCV,1.3431179851121329,1.026060650445301,3.0955298860490252,-2.2742003358257166,8b0158f363824c1785621af95d671715,experiment_linear_mchc
1446.359756378175,0.008046927557575917,mchc,CAPILAR,0.8,MLP Regressor,BayesSearchCV,1.3431179851121329,1.026060650445301,3.0955298860490252,-2.2742003358257166,8b0158f363824c1785621af95d671715,experiment_linear_mchc
1008.594870114381,0.007890578768159932,mchc,CAPILAR,0.8,MLP Regressor,BayesSearchCV,1.3431179851121329,1.026060650445301,3.0955298860490252,-2.2742003358257166,8b0158f363824c1785621af95d671715,experiment_linear_mchc
981.5961546619883,0.007856218573782972,mchc,CAPILAR,0.8,MLP Regressor,BayesSearchCV,1.3431179851121329,1.026060650445301,3.0955298860490252,-2.2742003358257166,8b0158f363824c1785621af95d671715,experiment_linear_mchc
1643.064683245607,0.007736651134999778,mchc,CAPILAR,0.8,MLP Regressor,BayesSearchCV,1.3431179851121329,1.026060650445301,3.0955298860490252,-2.2742003358257166,8b0158f363824c1785621af95d671715,experiment_linear_mchc
1307.50921976587,0.007597504036799382,mchc,CAPILAR,0.8,MLP Regressor,BayesSearchCV,1.3431179851121329,1.026060650445301,3.0955298860490252,-2.2742003358257166,8b0158f363824c1785621af95d671715,experiment_linear_mchc
1429.003439301637,0.00741749555713483,mchc,CAPILAR,0.8,MLP Regressor,BayesSearchCV,1.3431179851121329,1.026060650445301,3.0955298860490252,-2.2742003358257166,8b0158f363824c1785621af95d671715,experiment_linear_mchc
1101.161894522584,0.006748687481276582,mchc,CAPILAR,0.8,MLP Regressor,BayesSearchCV,1.3431179851121329,1.026060650445301,3.0955298860490252,-2.2742003358257166,8b0158f363824c1785621af95d671715,experiment_linear_mchc
3043.14092741968,0.006648684866691547,mchc,CAPILAR,0.8,MLP Regressor,BayesSearchCV,1.3431179851121329,1.026060650445301,3.0955298860490252,-2.2742003358257166,8b0158f363824c1785621af95d671715,experiment_linear_mchc
1641.136203570436,0.006545683028721726,mchc,CAPILAR,0.8,MLP Regressor,BayesSearchCV,1.3431179851121329,1.026060650445301,3.0955298860490252,-2.2742003358257166,8b0158f363824c1785621af95d671715,experiment_linear_mchc
991.2385530378428,0.005880485252990494,mchc,CAPILAR,0.8,MLP Regressor,BayesSearchCV,1.3431179851121329,1.026060650445301,3.0955298860490252,-2.2742003358257166,8b0158f363824c1785621af95d671715,experiment_linear_mchc
3045.069407094851,0.005870584506073087,mchc,CAPILAR,0.8,MLP Regressor,BayesSearchCV,1.3431179851121329,1.026060650445301,3.0955298860490252,-2.2742003358257166,8b0158f363824c1785621af95d671715,experiment_linear_mchc
983.5246343371587,0.005763559413975669,mchc,CAPILAR,0.8,MLP Regressor,BayesSearchCV,1.3431179851121329,1.026060650445301,3.0955298860490252,-2.2742003358257166,8b0158f363824c1785621af95d671715,experiment_linear_mchc
2913.93278918323,0.005695140987088936,mchc,CAPILAR,0.8,MLP Regressor,BayesSearchCV,1.3431179851121329,1.026060650445301,3.0955298860490252,-2.2742003358257166,8b0158f363824c1785621af95d671715,experiment_linear_mchc
1494.571748257448,0.005663533524200238,mchc,CAPILAR,0.8,MLP Regressor,BayesSearchCV,1.3431179851121329,1.026060650445301,3.0955298860490252,-2.2742003358257166,8b0158f363824c1785621af95d671715,experiment_linear_mchc
1041.379024592286,0.005382713434533132,mchc,CAPILAR,0.8,MLP Regressor,BayesSearchCV,1.3431179851121329,1.026060650445301,3.0955298860490252,-2.2742003358257166,8b0158f363824c1785621af95d671715,experiment_linear_mchc
1226.513073408692,0.006334177788149192,mchc,CAPILAR,0.8,MLP Regressor,BayesSearchCV,0.9680942112011462,0.7699885388566149,2.340478805257328,-0.7010307556689284,8b0158f363824c1785621af95d671715,experiment_linear_mchc
1224.584593733522,0.00624340656433002,mchc,CAPILAR,0.8,MLP Regressor,BayesSearchCV,0.9680942112011462,0.7699885388566149,2.340478805257328,-0.7010307556689284,8b0158f363824c1785621af95d671715,experiment_linear_mchc
1228.441553083863,0.006072070818518168,mchc,CAPILAR,0.8,MLP Regressor,BayesSearchCV,0.9680942112011462,0.7699885388566149,2.340478805257328,-0.7010307556689284,8b0158f363824c1785621af95d671715,experiment_linear_mchc
1641.136203570436,0.0058853653981921095,mchc,CAPILAR,0.8,MLP Regressor,BayesSearchCV,0.9680942112011462,0.7699885388566149,2.340478805257328,-0.7010307556689284,8b0158f363824c1785621af95d671715,experiment_linear_mchc
1222.656114058351,0.0057569155261598315,mchc,CAPILAR,0.8,MLP Regressor,BayesSearchCV,0.9680942112011462,0.7699885388566149,2.340478805257328,-0.7010307556689284,8b0158f363824c1785621af95d671715,experiment_linear_mchc
3046.997886770022,0.005677065970829862,mchc,CAPILAR,0.8,MLP Regressor,BayesSearchCV,0.9680942112011462,0.7699885388566149,2.340478805257328,-0.7010307556689284,8b0158f363824c1785621af95d671715,experiment_linear_mchc
956.5259188847667,0.005622574343599252,mchc,CAPILAR,0.8,MLP Regressor,BayesSearchCV,0.9680942112011462,0.7699885388566149,2.340478805257328,-0.7010307556689284,8b0158f363824c1785621af95d671715,experiment_linear_mchc
1230.370032759034,0.0055557419293317456,mchc,CAPILAR,0.8,MLP Regressor,BayesSearchCV,0.9680942112011462,0.7699885388566149,2.340478805257328,-0.7010307556689284,8b0158f363824c1785621af95d671715,experiment_linear_mchc
3048.926366445193,0.005535891279317962,mchc,CAPILAR,0.8,MLP Regressor,BayesSearchCV,0.9680942112011462,0.7699885388566149,2.340478805257328,-0.7010307556689284,8b0158f363824c1785621af95d671715,experiment_linear_mchc
954.5974392095954,0.0055201587315193285,mchc,CAPILAR,0.8,MLP Regressor,BayesSearchCV,0.9680942112011462,0.7699885388566149,2.340478805257328,-0.7010307556689284,8b0158f363824c1785621af95d671715,experiment_linear_mchc
1639.207723895265,0.005434261272744169,mchc,CAPILAR,0.8,MLP Regressor,BayesSearchCV,0.9680942112011462,0.7699885388566149,2.340478805257328,-0.7010307556689284,8b0158f363824c1785621af95d671715,experiment_linear_mchc
1220.72763438318,0.005138808145252419,mchc,CAPILAR,0.8,MLP Regressor,BayesSearchCV,0.9680942112011462,0.7699885388566149,2.340478805257328,-0.7010307556689284,8b0158f363824c1785621af95d671715,experiment_linear_mchc
1232.298512434205,0.004878971595008596,mchc,CAPILAR,0.8,MLP Regressor,BayesSearchCV,0.9680942112011462,0.7699885388566149,2.340478805257328,-0.7010307556689284,8b0158f363824c1785621af95d671715,experiment_linear_mchc
1218.799154708009,0.00453571978980034,mchc,CAPILAR,0.8,MLP Regressor,BayesSearchCV,0.9680942112011462,0.7699885388566149,2.340478805257328,-0.7010307556689284,8b0158f363824c1785621af95d671715,experiment_linear_mchc
1643.064683245607,0.004404071491903036,mchc,CAPILAR,0.8,MLP Regressor,BayesSearchCV,0.9680942112011462,0.7699885388566149,2.340478805257328,-0.7010307556689284,8b0158f363824c1785621af95d671715,experiment_linear_mchc
1637.279244220094,0.004330335370959598,mchc,CAPILAR,0.8,MLP Regressor,BayesSearchCV,0.9680942112011462,0.7699885388566149,2.340478805257328,-0.7010307556689284,8b0158f363824c1785621af95d671715,experiment_linear_mchc
958.4543985599371,0.00425270293580566,mchc,CAPILAR,0.8,MLP Regressor,BayesSearchCV,0.9680942112011462,0.7699885388566149,2.340478805257328,-0.7010307556689284,8b0158f363824c1785621af95d671715,experiment_linear_mchc
1234.226992109376,0.004249396708457013,mchc,CAPILAR,0.8,MLP Regressor,BayesSearchCV,0.9680942112011462,0.7699885388566149,2.340478805257328,-0.7010307556689284,8b0158f363824c1785621af95d671715,experiment_linear_mchc
964.23983758545,0.004191041607411335,mchc,CAPILAR,0.8,MLP Regressor,BayesSearchCV,0.9680942112011462,0.7699885388566149,2.340478805257328,-0.7010307556689284,8b0158f363824c1785621af95d671715,experiment_linear_mchc
1216.870675032838,0.004017467335335346,mchc,CAPILAR,0.8,MLP Regressor,BayesSearchCV,0.9680942112011462,0.7699885388566149,2.340478805257328,-0.7010307556689284,8b0158f363824c1785621af95d671715,experiment_linear_mchc
1548.569179162233,0.012405160734610688,mchc,CAPILAR,0.8,MLP Regressor,BayesSearchCV,1.3351532184437174,1.144959216831741,3.436195986685886,-2.235483083500336,8b0158f363824c1785621af95d671715,experiment_linear_mchc
1544.712219811891,0.012219502525194026,mchc,CAPILAR,0.8,MLP Regressor,BayesSearchCV,1.3351532184437174,1.144959216831741,3.436195986685886,-2.235483083500336,8b0158f363824c1785621af95d671715,experiment_linear_mchc
1550.497658837404,0.012211773491467409,mchc,CAPILAR,0.8,MLP Regressor,BayesSearchCV,1.3351532184437174,1.144959216831741,3.436195986685886,-2.235483083500336,8b0158f363824c1785621af95d671715,experiment_linear_mchc
1542.78374013672,0.011385380653946765,mchc,CAPILAR,0.8,MLP Regressor,BayesSearchCV,1.3351532184437174,1.144959216831741,3.436195986685886,-2.235483083500336,8b0158f363824c1785621af95d671715,experiment_linear_mchc
1552.426138512574,0.01094764713853873,mchc,CAPILAR,0.8,MLP Regressor,BayesSearchCV,1.3351532184437174,1.144959216831741,3.436195986685886,-2.235483083500336,8b0158f363824c1785621af95d671715,experiment_linear_mchc
1556.283097862916,0.010939085484053626,mchc,CAPILAR,0.8,MLP Regressor,BayesSearchCV,1.3351532184437174,1.144959216831741,3.436195986685886,-2.235483083500336,8b0158f363824c1785621af95d671715,experiment_linear_mchc
1554.354618187745,0.010865468305377424,mchc,CAPILAR,0.8,MLP Regressor,BayesSearchCV,1.3351532184437174,1.144959216831741,3.436195986685886,-2.235483083500336,8b0158f363824c1785621af95d671715,experiment_linear_mchc
1546.640699487062,0.010558934288497634,mchc,CAPILAR,0.8,MLP Regressor,BayesSearchCV,1.3351532184437174,1.144959216831741,3.436195986685886,-2.235483083500336,8b0158f363824c1785621af95d671715,experiment_linear_mchc
1540.855260461549,0.010311054877646365,mchc,CAPILAR,0.8,MLP Regressor,BayesSearchCV,1.3351532184437174,1.144959216831741,3.436195986685886,-2.235483083500336,8b0158f363824c1785621af95d671715,experiment_linear_mchc
1538.926780786378,0.010070153892915951,mchc,CAPILAR,0.8,MLP Regressor,BayesSearchCV,1.3351532184437174,1.144959216831741,3.436195986685886,-2.235483083500336,8b0158f363824c1785621af95d671715,experiment_linear_mchc
1558.211577538087,0.009116328775884891,mchc,CAPILAR,0.8,MLP Regressor,BayesSearchCV,1.3351532184437174,1.144959216831741,3.436195986685886,-2.235483083500336,8b0158f363824c1785621af95d671715,experiment_linear_mchc
1533.141341760865,0.008719667437254849,mchc,CAPILAR,0.8,MLP Regressor,BayesSearchCV,1.3351532184437174,1.144959216831741,3.436195986685886,-2.235483083500336,8b0158f363824c1785621af95d671715,experiment_linear_mchc
1536.998301111207,0.008614924136466938,mchc,CAPILAR,0.8,MLP Regressor,BayesSearchCV,1.3351532184437174,1.144959216831741,3.436195986685886,-2.235483083500336,8b0158f363824c1785621af95d671715,experiment_linear_mchc
1560.140057213258,0.008509611451186515,mchc,CAPILAR,0.8,MLP Regressor,BayesSearchCV,1.3351532184437174,1.144959216831741,3.436195986685886,-2.235483083500336,8b0158f363824c1785621af95d671715,experiment_linear_mchc
1531.212862085695,0.007888513954826374,mchc,CAPILAR,0.8,MLP Regressor,BayesSearchCV,1.3351532184437174,1.144959216831741,3.436195986685886,-2.235483083500336,8b0158f363824c1785621af95d671715,experiment_linear_mchc
1562.068536888429,0.00786410563795221,mchc,CAPILAR,0.8,MLP Regressor,BayesSearchCV,1.3351532184437174,1.144959216831741,3.436195986685886,-2.235483083500336,8b0158f363824c1785621af95d671715,experiment_linear_mchc
1535.069821436036,0.007799545824090521,mchc,CAPILAR,0.8,MLP Regressor,BayesSearchCV,1.3351532184437174,1.144959216831741,3.436195986685886,-2.235483083500336,8b0158f363824c1785621af95d671715,experiment_linear_mchc
1563.9970165636,0.006708244132101072,mchc,CAPILAR,0.8,MLP Regressor,BayesSearchCV,1.3351532184437174,1.144959216831741,3.436195986685886,-2.235483083500336,8b0158f363824c1785621af95d671715,experiment_linear_mchc
1565.925496238771,0.006631245942482505,mchc,CAPILAR,0.8,MLP Regressor,BayesSearchCV,1.3351532184437174,1.144959216831741,3.436195986685886,-2.235483083500336,8b0158f363824c1785621af95d671715,experiment_linear_mchc
1529.284382410524,0.006597944045154287,mchc,CAPILAR,0.8,MLP Regressor,BayesSearchCV,1.3351532184437174,1.144959216831741,3.436195986685886,-2.235483083500336,8b0158f363824c1785621af95d671715,experiment_linear_mchc
929.5272034323739,0.0037738505059742335,mchc,PLASMA,0.8,MLP Regressor,BayesSearchCV,3.1403808266002735,1.0674204032287458,5.372243614153679,-0.07475854657080783,8b0158f363824c1785621af95d671715,experiment_linear_mchc
954.5974392095954,0.003372563911395873,mchc,PLASMA,0.8,MLP Regressor,BayesSearchCV,3.1403808266002735,1.0674204032287458,5.372243614153679,-0.07475854657080783,8b0158f363824c1785621af95d671715,experiment_linear_mchc
1116.589731923951,0.0033298800656191754,mchc,PLASMA,0.8,MLP Regressor,BayesSearchCV,3.1403808266002735,1.0674204032287458,5.372243614153679,-0.07475854657080783,8b0158f363824c1785621af95d671715,experiment_linear_mchc
1135.87452867566,0.003319185739025573,mchc,PLASMA,0.8,MLP Regressor,BayesSearchCV,3.1403808266002735,1.0674204032287458,5.372243614153679,-0.07475854657080783,8b0158f363824c1785621af95d671715,experiment_linear_mchc
1118.518211599122,0.003314337895237113,mchc,PLASMA,0.8,MLP Regressor,BayesSearchCV,3.1403808266002735,1.0674204032287458,5.372243614153679,-0.07475854657080783,8b0158f363824c1785621af95d671715,experiment_linear_mchc
1133.946049000489,0.0032973629340974932,mchc,PLASMA,0.8,MLP Regressor,BayesSearchCV,3.1403808266002735,1.0674204032287458,5.372243614153679,-0.07475854657080783,8b0158f363824c1785621af95d671715,experiment_linear_mchc
1114.66125224878,0.0032956859671498264,mchc,PLASMA,0.8,MLP Regressor,BayesSearchCV,3.1403808266002735,1.0674204032287458,5.372243614153679,-0.07475854657080783,8b0158f363824c1785621af95d671715,experiment_linear_mchc
956.5259188847667,0.003287152028166846,mchc,PLASMA,0.8,MLP Regressor,BayesSearchCV,3.1403808266002735,1.0674204032287458,5.372243614153679,-0.07475854657080783,8b0158f363824c1785621af95d671715,experiment_linear_mchc
1064.520780694337,0.003286871612808187,mchc,PLASMA,0.8,MLP Regressor,BayesSearchCV,3.1403808266002735,1.0674204032287458,5.372243614153679,-0.07475854657080783,8b0158f363824c1785621af95d671715,experiment_linear_mchc
1066.449260369508,0.0032649740430161483,mchc,PLASMA,0.8,MLP Regressor,BayesSearchCV,3.1403808266002735,1.0674204032287458,5.372243614153679,-0.07475854657080783,8b0158f363824c1785621af95d671715,experiment_linear_mchc
1137.803008350831,0.003216803890916277,mchc,PLASMA,0.8,MLP Regressor,BayesSearchCV,3.1403808266002735,1.0674204032287458,5.372243614153679,-0.07475854657080783,8b0158f363824c1785621af95d671715,experiment_linear_mchc
952.6689595344246,0.003202226407211532,mchc,PLASMA,0.8,MLP Regressor,BayesSearchCV,3.1403808266002735,1.0674204032287458,5.372243614153679,-0.07475854657080783,8b0158f363824c1785621af95d671715,experiment_linear_mchc
1112.732772573609,0.0031989016884502036,mchc,PLASMA,0.8,MLP Regressor,BayesSearchCV,3.1403808266002735,1.0674204032287458,5.372243614153679,-0.07475854657080783,8b0158f363824c1785621af95d671715,experiment_linear_mchc
958.4543985599371,0.003187377952242848,mchc,PLASMA,0.8,MLP Regressor,BayesSearchCV,3.1403808266002735,1.0674204032287458,5.372243614153679,-0.07475854657080783,8b0158f363824c1785621af95d671715,experiment_linear_mchc
1068.377740044679,0.0031768380152931504,mchc,PLASMA,0.8,MLP Regressor,BayesSearchCV,3.1403808266002735,1.0674204032287458,5.372243614153679,-0.07475854657080783,8b0158f363824c1785621af95d671715,experiment_linear_mchc
1132.017569325318,0.003173089797984316,mchc,PLASMA,0.8,MLP Regressor,BayesSearchCV,3.1403808266002735,1.0674204032287458,5.372243614153679,-0.07475854657080783,8b0158f363824c1785621af95d671715,experiment_linear_mchc
960.3828782351084,0.003158646289841752,mchc,PLASMA,0.8,MLP Regressor,BayesSearchCV,3.1403808266002735,1.0674204032287458,5.372243614153679,-0.07475854657080783,8b0158f363824c1785621af95d671715,experiment_linear_mchc
1062.592301019166,0.0031487877090886694,mchc,PLASMA,0.8,MLP Regressor,BayesSearchCV,3.1403808266002735,1.0674204032287458,5.372243614153679,-0.07475854657080783,8b0158f363824c1785621af95d671715,experiment_linear_mchc
1120.446691274293,0.0031480438775518204,mchc,PLASMA,0.8,MLP Regressor,BayesSearchCV,3.1403808266002735,1.0674204032287458,5.372243614153679,-0.07475854657080783,8b0158f363824c1785621af95d671715,experiment_linear_mchc
1070.306219719849,0.003103404031800258,mchc,PLASMA,0.8,MLP Regressor,BayesSearchCV,3.1403808266002735,1.0674204032287458,5.372243614153679,-0.07475854657080783,8b0158f363824c1785621af95d671715,experiment_linear_mchc
1108.875813223267,0.006199364847155587,mchc,PLASMA,0.8,MLP Regressor,BayesSearchCV,3.2992113942156798,1.1961001988180606,5.818159549025031,-0.18622359988670056,8b0158f363824c1785621af95d671715,experiment_linear_mchc
1114.66125224878,0.0051873571291326795,mchc,PLASMA,0.8,MLP Regressor,BayesSearchCV,3.2992113942156798,1.1961001988180606,5.818159549025031,-0.18622359988670056,8b0158f363824c1785621af95d671715,experiment_linear_mchc
1101.161894522584,0.00511312822243221,mchc,PLASMA,0.8,MLP Regressor,BayesSearchCV,3.2992113942156798,1.1961001988180606,5.818159549025031,-0.18622359988670056,8b0158f363824c1785621af95d671715,experiment_linear_mchc
2516.665976098025,0.005016402681885917,mchc,PLASMA,0.8,MLP Regressor,BayesSearchCV,3.2992113942156798,1.1961001988180606,5.818159549025031,-0.18622359988670056,8b0158f363824c1785621af95d671715,experiment_linear_mchc
2586.091244404177,0.004974098739358164,mchc,PLASMA,0.8,MLP Regressor,BayesSearchCV,3.2992113942156798,1.1961001988180606,5.818159549025031,-0.18622359988670056,8b0158f363824c1785621af95d671715,experiment_linear_mchc
2561.021008626955,0.004970784488078105,mchc,PLASMA,0.8,MLP Regressor,BayesSearchCV,3.2992113942156798,1.1961001988180606,5.818159549025031,-0.18622359988670056,8b0158f363824c1785621af95d671715,experiment_linear_mchc
1076.091658745362,0.00495722655821763,mchc,PLASMA,0.8,MLP Regressor,BayesSearchCV,3.2992113942156798,1.1961001988180606,5.818159549025031,-0.18622359988670056,8b0158f363824c1785621af95d671715,experiment_linear_mchc
1106.947333548097,0.004643892008588376,mchc,PLASMA,0.8,MLP Regressor,BayesSearchCV,3.2992113942156798,1.1961001988180606,5.818159549025031,-0.18622359988670056,8b0158f363824c1785621af95d671715,experiment_linear_mchc
1081.877097770875,0.004621395375679645,mchc,PLASMA,0.8,MLP Regressor,BayesSearchCV,3.2992113942156798,1.1961001988180606,5.818159549025031,-0.18622359988670056,8b0158f363824c1785621af95d671715,experiment_linear_mchc
2526.308374473879,0.004574149304766741,mchc,PLASMA,0.8,MLP Regressor,BayesSearchCV,3.2992113942156798,1.1961001988180606,5.818159549025031,-0.18622359988670056,8b0158f363824c1785621af95d671715,experiment_linear_mchc
1126.232130299806,0.004563105877499484,mchc,PLASMA,0.8,MLP Regressor,BayesSearchCV,3.2992113942156798,1.1961001988180606,5.818159549025031,-0.18622359988670056,8b0158f363824c1785621af95d671715,experiment_linear_mchc
1722.132349927614,0.0044886657764918615,mchc,PLASMA,0.8,MLP Regressor,BayesSearchCV,3.2992113942156798,1.1961001988180606,5.818159549025031,-0.18622359988670056,8b0158f363824c1785621af95d671715,experiment_linear_mchc
2562.949488302126,0.004442238786582837,mchc,PLASMA,0.8,MLP Regressor,BayesSearchCV,3.2992113942156798,1.1961001988180606,5.818159549025031,-0.18622359988670056,8b0158f363824c1785621af95d671715,experiment_linear_mchc
2595.733642780031,0.004389293132603147,mchc,PLASMA,0.8,MLP Regressor,BayesSearchCV,3.2992113942156798,1.1961001988180606,5.818159549025031,-0.18622359988670056,8b0158f363824c1785621af95d671715,experiment_linear_mchc
1724.060829602785,0.004319972290986941,mchc,PLASMA,0.8,MLP Regressor,BayesSearchCV,3.2992113942156798,1.1961001988180606,5.818159549025031,-0.18622359988670056,8b0158f363824c1785621af95d671715,experiment_linear_mchc
1112.732772573609,0.004292445192733697,mchc,PLASMA,0.8,MLP Regressor,BayesSearchCV,3.2992113942156798,1.1961001988180606,5.818159549025031,-0.18622359988670056,8b0158f363824c1785621af95d671715,experiment_linear_mchc
2609.233000506228,0.004241585874344356,mchc,PLASMA,0.8,MLP Regressor,BayesSearchCV,3.2992113942156798,1.1961001988180606,5.818159549025031,-0.18622359988670056,8b0158f363824c1785621af95d671715,experiment_linear_mchc
2570.663407002809,0.004229253115853436,mchc,PLASMA,0.8,MLP Regressor,BayesSearchCV,3.2992113942156798,1.1961001988180606,5.818159549025031,-0.18622359988670056,8b0158f363824c1785621af95d671715,experiment_linear_mchc
1078.020138420533,0.004208280925886218,mchc,PLASMA,0.8,MLP Regressor,BayesSearchCV,3.2992113942156798,1.1961001988180606,5.818159549025031,-0.18622359988670056,8b0158f363824c1785621af95d671715,experiment_linear_mchc
1116.589731923951,0.00418300218545126,mchc,PLASMA,0.8,MLP Regressor,BayesSearchCV,3.2992113942156798,1.1961001988180606,5.818159549025031,-0.18622359988670056,8b0158f363824c1785621af95d671715,experiment_linear_mchc
1124.303650624635,0.004726597862852039,mchc,PLASMA,0.8,MLP Regressor,BayesSearchCV,3.149452459639313,1.2420127946263633,5.836985699863286,-0.08097683527392019,8b0158f363824c1785621af95d671715,experiment_linear_mchc
1122.375170949464,0.004631177303369391,mchc,PLASMA,0.8,MLP Regressor,BayesSearchCV,3.149452459639313,1.2420127946263633,5.836985699863286,-0.08097683527392019,8b0158f363824c1785621af95d671715,experiment_linear_mchc
1126.232130299806,0.004536794601072243,mchc,PLASMA,0.8,MLP Regressor,BayesSearchCV,3.149452459639313,1.2420127946263633,5.836985699863286,-0.08097683527392019,8b0158f363824c1785621af95d671715,experiment_linear_mchc
1120.446691274293,0.004331479531697752,mchc,PLASMA,0.8,MLP Regressor,BayesSearchCV,3.149452459639313,1.2420127946263633,5.836985699863286,-0.08097683527392019,8b0158f363824c1785621af95d671715,experiment_linear_mchc
1128.160609974977,0.004066093783891389,mchc,PLASMA,0.8,MLP Regressor,BayesSearchCV,3.149452459639313,1.2420127946263633,5.836985699863286,-0.08097683527392019,8b0158f363824c1785621af95d671715,experiment_linear_mchc
1118.518211599122,0.004037879739448496,mchc,PLASMA,0.8,MLP Regressor,BayesSearchCV,3.149452459639313,1.2420127946263633,5.836985699863286,-0.08097683527392019,8b0158f363824c1785621af95d671715,experiment_linear_mchc
1116.589731923951,0.0037964547722379146,mchc,PLASMA,0.8,MLP Regressor,BayesSearchCV,3.149452459639313,1.2420127946263633,5.836985699863286,-0.08097683527392019,8b0158f363824c1785621af95d671715,experiment_linear_mchc
1114.66125224878,0.003554644873671982,mchc,PLASMA,0.8,MLP Regressor,BayesSearchCV,3.149452459639313,1.2420127946263633,5.836985699863286,-0.08097683527392019,8b0158f363824c1785621af95d671715,experiment_linear_mchc
3046.997886770022,0.003427322236195136,mchc,PLASMA,0.8,MLP Regressor,BayesSearchCV,3.149452459639313,1.2420127946263633,5.836985699863286,-0.08097683527392019,8b0158f363824c1785621af95d671715,experiment_linear_mchc
1112.732772573609,0.0033724118845485035,mchc,PLASMA,0.8,MLP Regressor,BayesSearchCV,3.149452459639313,1.2420127946263633,5.836985699863286,-0.08097683527392019,8b0158f363824c1785621af95d671715,experiment_linear_mchc
1130.089089650148,0.0032967700232942824,mchc,PLASMA,0.8,MLP Regressor,BayesSearchCV,3.149452459639313,1.2420127946263633,5.836985699863286,-0.08097683527392019,8b0158f363824c1785621af95d671715,experiment_linear_mchc
2813.651846074343,0.0032028749549303168,mchc,PLASMA,0.8,MLP Regressor,BayesSearchCV,3.149452459639313,1.2420127946263633,5.836985699863286,-0.08097683527392019,8b0158f363824c1785621af95d671715,experiment_linear_mchc
2815.580325749514,0.0031803050561633856,mchc,PLASMA,0.8,MLP Regressor,BayesSearchCV,3.149452459639313,1.2420127946263633,5.836985699863286,-0.08097683527392019,8b0158f363824c1785621af95d671715,experiment_linear_mchc
2817.508805424685,0.0031750547875078654,mchc,PLASMA,0.8,MLP Regressor,BayesSearchCV,3.149452459639313,1.2420127946263633,5.836985699863286,-0.08097683527392019,8b0158f363824c1785621af95d671715,experiment_linear_mchc
1110.804292898438,0.0031747329144048014,mchc,PLASMA,0.8,MLP Regressor,BayesSearchCV,3.149452459639313,1.2420127946263633,5.836985699863286,-0.08097683527392019,8b0158f363824c1785621af95d671715,experiment_linear_mchc
2811.723366399172,0.0031556777924537306,mchc,PLASMA,0.8,MLP Regressor,BayesSearchCV,3.149452459639313,1.2420127946263633,5.836985699863286,-0.08097683527392019,8b0158f363824c1785621af95d671715,experiment_linear_mchc
2775.082252570925,0.0030923316769927143,mchc,PLASMA,0.8,MLP Regressor,BayesSearchCV,3.149452459639313,1.2420127946263633,5.836985699863286,-0.08097683527392019,8b0158f363824c1785621af95d671715,experiment_linear_mchc
2809.794886724001,0.003027984934243208,mchc,PLASMA,0.8,MLP Regressor,BayesSearchCV,3.149452459639313,1.2420127946263633,5.836985699863286,-0.08097683527392019,8b0158f363824c1785621af95d671715,experiment_linear_mchc
3048.926366445193,0.0030271847010203065,mchc,PLASMA,0.8,MLP Regressor,BayesSearchCV,3.149452459639313,1.2420127946263633,5.836985699863286,-0.08097683527392019,8b0158f363824c1785621af95d671715,experiment_linear_mchc
2819.437285099856,0.0030077667188486996,mchc,PLASMA,0.8,MLP Regressor,BayesSearchCV,3.149452459639313,1.2420127946263633,5.836985699863286,-0.08097683527392019,8b0158f363824c1785621af95d671715,experiment_linear_mchc
1660.421000322145,0.038354707409024004,mchc,PLASMA,0.8,MLP Regressor,BayesSearchCV,3.1610378613137424,1.0168373609401518,5.245704594218525,-0.08894430594954339,8b0158f363824c1785621af95d671715,experiment_linear_mchc
1658.492520646974,0.037964835923823326,mchc,PLASMA,0.8,MLP Regressor,BayesSearchCV,3.1610378613137424,1.0168373609401518,5.245704594218525,-0.08894430594954339,8b0158f363824c1785621af95d671715,experiment_linear_mchc
1656.564040971803,0.03638951425624309,mchc,PLASMA,0.8,MLP Regressor,BayesSearchCV,3.1610378613137424,1.0168373609401518,5.245704594218525,-0.08894430594954339,8b0158f363824c1785621af95d671715,experiment_linear_mchc
1654.635561296632,0.03464017422693704,mchc,PLASMA,0.8,MLP Regressor,BayesSearchCV,3.1610378613137424,1.0168373609401518,5.245704594218525,-0.08894430594954339,8b0158f363824c1785621af95d671715,experiment_linear_mchc
1662.349479997316,0.03058698795891204,mchc,PLASMA,0.8,MLP Regressor,BayesSearchCV,3.1610378613137424,1.0168373609401518,5.245704594218525,-0.08894430594954339,8b0158f363824c1785621af95d671715,experiment_linear_mchc
1641.136203570436,0.02923934866624697,mchc,PLASMA,0.8,MLP Regressor,BayesSearchCV,3.1610378613137424,1.0168373609401518,5.245704594218525,-0.08894430594954339,8b0158f363824c1785621af95d671715,experiment_linear_mchc
1635.350764544923,0.028928120509170405,mchc,PLASMA,0.8,MLP Regressor,BayesSearchCV,3.1610378613137424,1.0168373609401518,5.245704594218525,-0.08894430594954339,8b0158f363824c1785621af95d671715,experiment_linear_mchc
1652.707081621461,0.028690503210104613,mchc,PLASMA,0.8,MLP Regressor,BayesSearchCV,3.1610378613137424,1.0168373609401518,5.245704594218525,-0.08894430594954339,8b0158f363824c1785621af95d671715,experiment_linear_mchc
1664.277959672487,0.028293421592938472,mchc,PLASMA,0.8,MLP Regressor,BayesSearchCV,3.1610378613137424,1.0168373609401518,5.245704594218525,-0.08894430594954339,8b0158f363824c1785621af95d671715,experiment_linear_mchc
1637.279244220094,0.02783702270959452,mchc,PLASMA,0.8,MLP Regressor,BayesSearchCV,3.1610378613137424,1.0168373609401518,5.245704594218525,-0.08894430594954339,8b0158f363824c1785621af95d671715,experiment_linear_mchc
1631.493805194581,0.02711916414207451,mchc,PLASMA,0.8,MLP Regressor,BayesSearchCV,3.1610378613137424,1.0168373609401518,5.245704594218525,-0.08894430594954339,8b0158f363824c1785621af95d671715,experiment_linear_mchc
1633.422284869752,0.026566538275625905,mchc,PLASMA,0.8,MLP Regressor,BayesSearchCV,3.1610378613137424,1.0168373609401518,5.245704594218525,-0.08894430594954339,8b0158f363824c1785621af95d671715,experiment_linear_mchc
1639.207723895265,0.025017313251376686,mchc,PLASMA,0.8,MLP Regressor,BayesSearchCV,3.1610378613137424,1.0168373609401518,5.245704594218525,-0.08894430594954339,8b0158f363824c1785621af95d671715,experiment_linear_mchc
1629.56532551941,0.02042912073926596,mchc,PLASMA,0.8,MLP Regressor,BayesSearchCV,3.1610378613137424,1.0168373609401518,5.245704594218525,-0.08894430594954339,8b0158f363824c1785621af95d671715,experiment_linear_mchc
1643.064683245607,0.019543378289025724,mchc,PLASMA,0.8,MLP Regressor,BayesSearchCV,3.1610378613137424,1.0168373609401518,5.245704594218525,-0.08894430594954339,8b0158f363824c1785621af95d671715,experiment_linear_mchc
1650.77860194629,0.017668338125830765,mchc,PLASMA,0.8,MLP Regressor,BayesSearchCV,3.1610378613137424,1.0168373609401518,5.245704594218525,-0.08894430594954339,8b0158f363824c1785621af95d671715,experiment_linear_mchc
1666.206439347658,0.015750772244717832,mchc,PLASMA,0.8,MLP Regressor,BayesSearchCV,3.1610378613137424,1.0168373609401518,5.245704594218525,-0.08894430594954339,8b0158f363824c1785621af95d671715,experiment_linear_mchc
1627.63684584424,0.013769309655897363,mchc,PLASMA,0.8,MLP Regressor,BayesSearchCV,3.1610378613137424,1.0168373609401518,5.245704594218525,-0.08894430594954339,8b0158f363824c1785621af95d671715,experiment_linear_mchc
1625.708366169069,0.013002009747137555,mchc,PLASMA,0.8,MLP Regressor,BayesSearchCV,3.1610378613137424,1.0168373609401518,5.245704594218525,-0.08894430594954339,8b0158f363824c1785621af95d671715,experiment_linear_mchc
1668.134919022829,0.01284024202409787,mchc,PLASMA,0.8,MLP Regressor,BayesSearchCV,3.1610378613137424,1.0168373609401518,5.245704594218525,-0.08894430594954339,8b0158f363824c1785621af95d671715,experiment_linear_mchc
1725.989309277955,0.007724942653667432,mchc,SALIVA,0.8,MLP Regressor,BayesSearchCV,3.1269764529587936,1.0983081999191204,5.403296237136189,-0.015970145613612763,8b0158f363824c1785621af95d671715,experiment_linear_mchc
1727.917788953126,0.006267078323622216,mchc,SALIVA,0.8,MLP Regressor,BayesSearchCV,3.1269764529587936,1.0983081999191204,5.403296237136189,-0.015970145613612763,8b0158f363824c1785621af95d671715,experiment_linear_mchc
1724.060829602785,0.005782564670406902,mchc,SALIVA,0.8,MLP Regressor,BayesSearchCV,3.1269764529587936,1.0983081999191204,5.403296237136189,-0.015970145613612763,8b0158f363824c1785621af95d671715,experiment_linear_mchc
1722.132349927614,0.005405682121614918,mchc,SALIVA,0.8,MLP Regressor,BayesSearchCV,3.1269764529587936,1.0983081999191204,5.403296237136189,-0.015970145613612763,8b0158f363824c1785621af95d671715,experiment_linear_mchc
2715.299382640627,0.004714243341359822,mchc,SALIVA,0.8,MLP Regressor,BayesSearchCV,3.1269764529587936,1.0983081999191204,5.403296237136189,-0.015970145613612763,8b0158f363824c1785621af95d671715,experiment_linear_mchc
2721.08482166614,0.004570308859959192,mchc,SALIVA,0.8,MLP Regressor,BayesSearchCV,3.1269764529587936,1.0983081999191204,5.403296237136189,-0.015970145613612763,8b0158f363824c1785621af95d671715,experiment_linear_mchc
2734.584179392336,0.0044817931927412106,mchc,SALIVA,0.8,MLP Regressor,BayesSearchCV,3.1269764529587936,1.0983081999191204,5.403296237136189,-0.015970145613612763,8b0158f363824c1785621af95d671715,experiment_linear_mchc
1729.846268628297,0.00446282384061302,mchc,SALIVA,0.8,MLP Regressor,BayesSearchCV,3.1269764529587936,1.0983081999191204,5.403296237136189,-0.015970145613612763,8b0158f363824c1785621af95d671715,experiment_linear_mchc
1066.449260369508,0.004360528474682922,mchc,SALIVA,0.8,MLP Regressor,BayesSearchCV,3.1269764529587936,1.0983081999191204,5.403296237136189,-0.015970145613612763,8b0158f363824c1785621af95d671715,experiment_linear_mchc
1064.520780694337,0.0043561177955030355,mchc,SALIVA,0.8,MLP Regressor,BayesSearchCV,3.1269764529587936,1.0983081999191204,5.403296237136189,-0.015970145613612763,8b0158f363824c1785621af95d671715,experiment_linear_mchc
1720.203870252443,0.004323424033129166,mchc,SALIVA,0.8,MLP Regressor,BayesSearchCV,3.1269764529587936,1.0983081999191204,5.403296237136189,-0.015970145613612763,8b0158f363824c1785621af95d671715,experiment_linear_mchc
1068.377740044679,0.0043054374279551414,mchc,SALIVA,0.8,MLP Regressor,BayesSearchCV,3.1269764529587936,1.0983081999191204,5.403296237136189,-0.015970145613612763,8b0158f363824c1785621af95d671715,experiment_linear_mchc
1062.592301019166,0.0042432785201676855,mchc,SALIVA,0.8,MLP Regressor,BayesSearchCV,3.1269764529587936,1.0983081999191204,5.403296237136189,-0.015970145613612763,8b0158f363824c1785621af95d671715,experiment_linear_mchc
1070.306219719849,0.004204351039409492,mchc,SALIVA,0.8,MLP Regressor,BayesSearchCV,3.1269764529587936,1.0983081999191204,5.403296237136189,-0.015970145613612763,8b0158f363824c1785621af95d671715,experiment_linear_mchc
2501.238138696657,0.0041945526663362525,mchc,SALIVA,0.8,MLP Regressor,BayesSearchCV,3.1269764529587936,1.0983081999191204,5.403296237136189,-0.015970145613612763,8b0158f363824c1785621af95d671715,experiment_linear_mchc
1072.23469939502,0.004121026336387157,mchc,SALIVA,0.8,MLP Regressor,BayesSearchCV,3.1269764529587936,1.0983081999191204,5.403296237136189,-0.015970145613612763,8b0158f363824c1785621af95d671715,experiment_linear_mchc
2723.013301341311,0.004086949844619877,mchc,SALIVA,0.8,MLP Regressor,BayesSearchCV,3.1269764529587936,1.0983081999191204,5.403296237136189,-0.015970145613612763,8b0158f363824c1785621af95d671715,experiment_linear_mchc
2503.166618371828,0.0040263294318901195,mchc,SALIVA,0.8,MLP Regressor,BayesSearchCV,3.1269764529587936,1.0983081999191204,5.403296237136189,-0.015970145613612763,8b0158f363824c1785621af95d671715,experiment_linear_mchc
1074.163179070191,0.004019242369646066,mchc,SALIVA,0.8,MLP Regressor,BayesSearchCV,3.1269764529587936,1.0983081999191204,5.403296237136189,-0.015970145613612763,8b0158f363824c1785621af95d671715,experiment_linear_mchc
1085.734057121217,0.00396418889396548,mchc,SALIVA,0.8,MLP Regressor,BayesSearchCV,3.1269764529587936,1.0983081999191204,5.403296237136189,-0.015970145613612763,8b0158f363824c1785621af95d671715,experiment_linear_mchc
1301.723780740358,0.009662432817780432,mchc,SALIVA,0.8,MLP Regressor,BayesSearchCV,3.1374770070167672,0.9666146122355821,5.034419007697241,-0.022804966324263765,8b0158f363824c1785621af95d671715,experiment_linear_mchc
2913.93278918323,0.008689015306458426,mchc,SALIVA,0.8,MLP Regressor,BayesSearchCV,3.1374770070167672,0.9666146122355821,5.034419007697241,-0.022804966324263765,8b0158f363824c1785621af95d671715,experiment_linear_mchc
931.4556831075452,0.00861623509466616,mchc,SALIVA,0.8,MLP Regressor,BayesSearchCV,3.1374770070167672,0.9666146122355821,5.034419007697241,-0.022804966324263765,8b0158f363824c1785621af95d671715,experiment_linear_mchc
2971.787179438357,0.007076421820136406,mchc,SALIVA,0.8,MLP Regressor,BayesSearchCV,3.1374770070167672,0.9666146122355821,5.034419007697241,-0.022804966324263765,8b0158f363824c1785621af95d671715,experiment_linear_mchc
1675.848837723512,0.007049631008731873,mchc,SALIVA,0.8,MLP Regressor,BayesSearchCV,3.1374770070167672,0.9666146122355821,5.034419007697241,-0.022804966324263765,8b0158f363824c1785621af95d671715,experiment_linear_mchc
1315.223138466554,0.006973529880376568,mchc,SALIVA,0.8,MLP Regressor,BayesSearchCV,3.1374770070167672,0.9666146122355821,5.034419007697241,-0.022804966324263765,8b0158f363824c1785621af95d671715,experiment_linear_mchc
1016.308788815064,0.006671847965862103,mchc,SALIVA,0.8,MLP Regressor,BayesSearchCV,3.1374770070167672,0.9666146122355821,5.034419007697241,-0.022804966324263765,8b0158f363824c1785621af95d671715,experiment_linear_mchc
3037.355488394167,0.006220841170475896,mchc,SALIVA,0.8,MLP Regressor,BayesSearchCV,3.1374770070167672,0.9666146122355821,5.034419007697241,-0.022804966324263765,8b0158f363824c1785621af95d671715,experiment_linear_mchc
1018.237268490235,0.0061196287361617325,mchc,SALIVA,0.8,MLP Regressor,BayesSearchCV,3.1374770070167672,0.9666146122355821,5.034419007697241,-0.022804966324263765,8b0158f363824c1785621af95d671715,experiment_linear_mchc
937.2411221330576,0.00564004925131095,mchc,SALIVA,0.8,MLP Regressor,BayesSearchCV,3.1374770070167672,0.9666146122355821,5.034419007697241,-0.022804966324263765,8b0158f363824c1785621af95d671715,experiment_linear_mchc
1145.516927051515,0.005631331724741027,mchc,SALIVA,0.8,MLP Regressor,BayesSearchCV,3.1374770070167672,0.9666146122355821,5.034419007697241,-0.022804966324263765,8b0158f363824c1785621af95d671715,experiment_linear_mchc
1000.880951413697,0.005522814456740636,mchc,SALIVA,0.8,MLP Regressor,BayesSearchCV,3.1374770070167672,0.9666146122355821,5.034419007697241,-0.022804966324263765,8b0158f363824c1785621af95d671715,experiment_linear_mchc
1702.847553175905,0.00542446694413889,mchc,SALIVA,0.8,MLP Regressor,BayesSearchCV,3.1374770070167672,0.9666146122355821,5.034419007697241,-0.022804966324263765,8b0158f363824c1785621af95d671715,experiment_linear_mchc
2503.166618371828,0.005424171170493515,mchc,SALIVA,0.8,MLP Regressor,BayesSearchCV,3.1374770070167672,0.9666146122355821,5.034419007697241,-0.022804966324263765,8b0158f363824c1785621af95d671715,experiment_linear_mchc
1400.076244174074,0.005380794088464416,mchc,SALIVA,0.8,MLP Regressor,BayesSearchCV,3.1374770070167672,0.9666146122355821,5.034419007697241,-0.022804966324263765,8b0158f363824c1785621af95d671715,experiment_linear_mchc
968.0967969357921,0.0053290997038503395,mchc,SALIVA,0.8,MLP Regressor,BayesSearchCV,3.1374770070167672,0.9666146122355821,5.034419007697241,-0.022804966324263765,8b0158f363824c1785621af95d671715,experiment_linear_mchc
1608.35204909253,0.005180796518866679,mchc,SALIVA,0.8,MLP Regressor,BayesSearchCV,3.1374770070167672,0.9666146122355821,5.034419007697241,-0.022804966324263765,8b0158f363824c1785621af95d671715,experiment_linear_mchc
1833.984171087526,0.004897878562148274,mchc,SALIVA,0.8,MLP Regressor,BayesSearchCV,3.1374770070167672,0.9666146122355821,5.034419007697241,-0.022804966324263765,8b0158f363824c1785621af95d671715,experiment_linear_mchc
1199.5143579563,0.0048629157761076475,mchc,SALIVA,0.8,MLP Regressor,BayesSearchCV,3.1374770070167672,0.9666146122355821,5.034419007697241,-0.022804966324263765,8b0158f363824c1785621af95d671715,experiment_linear_mchc
1195.657398605958,0.004840617299405712,mchc,SALIVA,0.8,MLP Regressor,BayesSearchCV,3.1374770070167672,0.9666146122355821,5.034419007697241,-0.022804966324263765,8b0158f363824c1785621af95d671715,experiment_linear_mchc
1725.989309277955,0.007762859214651367,mchc,SALIVA,0.8,MLP Regressor,BayesSearchCV,3.1268640203006837,1.097478634925895,5.40066613483324,-0.015897087071489624,8b0158f363824c1785621af95d671715,experiment_linear_mchc
1727.917788953126,0.006283368711782896,mchc,SALIVA,0.8,MLP Regressor,BayesSearchCV,3.1268640203006837,1.097478634925895,5.40066613483324,-0.015897087071489624,8b0158f363824c1785621af95d671715,experiment_linear_mchc
1724.060829602785,0.005781251101102651,mchc,SALIVA,0.8,MLP Regressor,BayesSearchCV,3.1268640203006837,1.097478634925895,5.40066613483324,-0.015897087071489624,8b0158f363824c1785621af95d671715,experiment_linear_mchc
1722.132349927614,0.00539652285587168,mchc,SALIVA,0.8,MLP Regressor,BayesSearchCV,3.1268640203006837,1.097478634925895,5.40066613483324,-0.015897087071489624,8b0158f363824c1785621af95d671715,experiment_linear_mchc
2715.299382640627,0.004693136836346005,mchc,SALIVA,0.8,MLP Regressor,BayesSearchCV,3.1268640203006837,1.097478634925895,5.40066613483324,-0.015897087071489624,8b0158f363824c1785621af95d671715,experiment_linear_mchc
2721.08482166614,0.00458812249260273,mchc,SALIVA,0.8,MLP Regressor,BayesSearchCV,3.1268640203006837,1.097478634925895,5.40066613483324,-0.015897087071489624,8b0158f363824c1785621af95d671715,experiment_linear_mchc
2734.584179392336,0.00449745781004603,mchc,SALIVA,0.8,MLP Regressor,BayesSearchCV,3.1268640203006837,1.097478634925895,5.40066613483324,-0.015897087071489624,8b0158f363824c1785621af95d671715,experiment_linear_mchc
1729.846268628297,0.004459372188348559,mchc,SALIVA,0.8,MLP Regressor,BayesSearchCV,3.1268640203006837,1.097478634925895,5.40066613483324,-0.015897087071489624,8b0158f363824c1785621af95d671715,experiment_linear_mchc
1066.449260369508,0.004353709463335367,mchc,SALIVA,0.8,MLP Regressor,BayesSearchCV,3.1268640203006837,1.097478634925895,5.40066613483324,-0.015897087071489624,8b0158f363824c1785621af95d671715,experiment_linear_mchc
1064.520780694337,0.004348224848327464,mchc,SALIVA,0.8,MLP Regressor,BayesSearchCV,3.1268640203006837,1.097478634925895,5.40066613483324,-0.015897087071489624,8b0158f363824c1785621af95d671715,experiment_linear_mchc
1720.203870252443,0.00430632406633789,mchc,SALIVA,0.8,MLP Regressor,BayesSearchCV,3.1268640203006837,1.097478634925895,5.40066613483324,-0.015897087071489624,8b0158f363824c1785621af95d671715,experiment_linear_mchc
1068.377740044679,0.004300193907908047,mchc,SALIVA,0.8,MLP Regressor,BayesSearchCV,3.1268640203006837,1.097478634925895,5.40066613483324,-0.015897087071489624,8b0158f363824c1785621af95d671715,experiment_linear_mchc
1062.592301019166,0.004234356358978137,mchc,SALIVA,0.8,MLP Regressor,BayesSearchCV,3.1268640203006837,1.097478634925895,5.40066613483324,-0.015897087071489624,8b0158f363824c1785621af95d671715,experiment_linear_mchc
2501.238138696657,0.004228982089423301,mchc,SALIVA,0.8,MLP Regressor,BayesSearchCV,3.1268640203006837,1.097478634925895,5.40066613483324,-0.015897087071489624,8b0158f363824c1785621af95d671715,experiment_linear_mchc
1070.306219719849,0.004200470848781885,mchc,SALIVA,0.8,MLP Regressor,BayesSearchCV,3.1268640203006837,1.097478634925895,5.40066613483324,-0.015897087071489624,8b0158f363824c1785621af95d671715,experiment_linear_mchc
1072.23469939502,0.00411881396872174,mchc,SALIVA,0.8,MLP Regressor,BayesSearchCV,3.1268640203006837,1.097478634925895,5.40066613483324,-0.015897087071489624,8b0158f363824c1785621af95d671715,experiment_linear_mchc
2723.013301341311,0.004102778868786774,mchc,SALIVA,0.8,MLP Regressor,BayesSearchCV,3.1268640203006837,1.097478634925895,5.40066613483324,-0.015897087071489624,8b0158f363824c1785621af95d671715,experiment_linear_mchc
2503.166618371828,0.004057648483985169,mchc,SALIVA,0.8,MLP Regressor,BayesSearchCV,3.1268640203006837,1.097478634925895,5.40066613483324,-0.015897087071489624,8b0158f363824c1785621af95d671715,experiment_linear_mchc
1074.163179070191,0.004018398075642016,mchc,SALIVA,0.8,MLP Regressor,BayesSearchCV,3.1268640203006837,1.097478634925895,5.40066613483324,-0.015897087071489624,8b0158f363824c1785621af95d671715,experiment_linear_mchc
1085.734057121217,0.0039570841306720336,mchc,SALIVA,0.8,MLP Regressor,BayesSearchCV,3.1268640203006837,1.097478634925895,5.40066613483324,-0.015897087071489624,8b0158f363824c1785621af95d671715,experiment_linear_mchc
1671.99187837317,0.018106455435088,mchc,SALIVA,0.8,MLP Regressor,BayesSearchCV,3.158151795207876,0.9840934133257709,5.105021057725507,-0.03632917636776045,8b0158f363824c1785621af95d671715,experiment_linear_mchc
1627.63684584424,0.016618164798334792,mchc,SALIVA,0.8,MLP Regressor,BayesSearchCV,3.158151795207876,0.9840934133257709,5.105021057725507,-0.03632917636776045,8b0158f363824c1785621af95d671715,experiment_linear_mchc
1668.134919022829,0.015193015622436348,mchc,SALIVA,0.8,MLP Regressor,BayesSearchCV,3.158151795207876,0.9840934133257709,5.105021057725507,-0.03632917636776045,8b0158f363824c1785621af95d671715,experiment_linear_mchc
1552.426138512574,0.01413489853298931,mchc,SALIVA,0.8,MLP Regressor,BayesSearchCV,3.158151795207876,0.9840934133257709,5.105021057725507,-0.03632917636776045,8b0158f363824c1785621af95d671715,experiment_linear_mchc
1637.279244220094,0.014058627958607513,mchc,SALIVA,0.8,MLP Regressor,BayesSearchCV,3.158151795207876,0.9840934133257709,5.105021057725507,-0.03632917636776045,8b0158f363824c1785621af95d671715,experiment_linear_mchc
1604.495089742189,0.011717993559669201,mchc,SALIVA,0.8,MLP Regressor,BayesSearchCV,3.158151795207876,0.9840934133257709,5.105021057725507,-0.03632917636776045,8b0158f363824c1785621af95d671715,experiment_linear_mchc
1542.78374013672,0.01165733129816743,mchc,SALIVA,0.8,MLP Regressor,BayesSearchCV,3.158151795207876,0.9840934133257709,5.105021057725507,-0.03632917636776045,8b0158f363824c1785621af95d671715,experiment_linear_mchc
1550.497658837404,0.011012381257614895,mchc,SALIVA,0.8,MLP Regressor,BayesSearchCV,3.158151795207876,0.9840934133257709,5.105021057725507,-0.03632917636776045,8b0158f363824c1785621af95d671715,experiment_linear_mchc
1641.136203570436,0.010925985504421044,mchc,SALIVA,0.8,MLP Regressor,BayesSearchCV,3.158151795207876,0.9840934133257709,5.105021057725507,-0.03632917636776045,8b0158f363824c1785621af95d671715,experiment_linear_mchc
1548.569179162233,0.010780604481457548,mchc,SALIVA,0.8,MLP Regressor,BayesSearchCV,3.158151795207876,0.9840934133257709,5.105021057725507,-0.03632917636776045,8b0158f363824c1785621af95d671715,experiment_linear_mchc
1660.421000322145,0.01046124290709834,mchc,SALIVA,0.8,MLP Regressor,BayesSearchCV,3.158151795207876,0.9840934133257709,5.105021057725507,-0.03632917636776045,8b0158f363824c1785621af95d671715,experiment_linear_mchc
1554.354618187745,0.010457371385612287,mchc,SALIVA,0.8,MLP Regressor,BayesSearchCV,3.158151795207876,0.9840934133257709,5.105021057725507,-0.03632917636776045,8b0158f363824c1785621af95d671715,experiment_linear_mchc
1633.422284869752,0.010156959999756222,mchc,SALIVA,0.8,MLP Regressor,BayesSearchCV,3.158151795207876,0.9840934133257709,5.105021057725507,-0.03632917636776045,8b0158f363824c1785621af95d671715,experiment_linear_mchc
1619.922927143556,0.01007001732891219,mchc,SALIVA,0.8,MLP Regressor,BayesSearchCV,3.158151795207876,0.9840934133257709,5.105021057725507,-0.03632917636776045,8b0158f363824c1785621af95d671715,experiment_linear_mchc
1666.206439347658,0.009817784306872794,mchc,SALIVA,0.8,MLP Regressor,BayesSearchCV,3.158151795207876,0.9840934133257709,5.105021057725507,-0.03632917636776045,8b0158f363824c1785621af95d671715,experiment_linear_mchc
1544.712219811891,0.009653997450138098,mchc,SALIVA,0.8,MLP Regressor,BayesSearchCV,3.158151795207876,0.9840934133257709,5.105021057725507,-0.03632917636776045,8b0158f363824c1785621af95d671715,experiment_linear_mchc
937.2411221330576,0.008792662169887269,mchc,SALIVA,0.8,MLP Regressor,BayesSearchCV,3.158151795207876,0.9840934133257709,5.105021057725507,-0.03632917636776045,8b0158f363824c1785621af95d671715,experiment_linear_mchc
1646.921642595948,0.008753128253487487,mchc,SALIVA,0.8,MLP Regressor,BayesSearchCV,3.158151795207876,0.9840934133257709,5.105021057725507,-0.03632917636776045,8b0158f363824c1785621af95d671715,experiment_linear_mchc
1648.85012227112,0.008629245693026437,mchc,SALIVA,0.8,MLP Regressor,BayesSearchCV,3.158151795207876,0.9840934133257709,5.105021057725507,-0.03632917636776045,8b0158f363824c1785621af95d671715,experiment_linear_mchc
1556.283097862916,0.008575539609658591,mchc,SALIVA,0.8,MLP Regressor,BayesSearchCV,3.158151795207876,0.9840934133257709,5.105021057725507,-0.03632917636776045,8b0158f363824c1785621af95d671715,experiment_linear_mchc
1039.450544917115,0.004508012193117869,mchc,SERUM,0.8,MLP Regressor,BayesSearchCV,1.3365414472690218,1.0110479580172207,3.058742416136769,-1.3389073640314373,8b0158f363824c1785621af95d671715,experiment_linear_mchc
1041.379024592286,0.004492730925195513,mchc,SERUM,0.8,MLP Regressor,BayesSearchCV,1.3365414472690218,1.0110479580172207,3.058742416136769,-1.3389073640314373,8b0158f363824c1785621af95d671715,experiment_linear_mchc
1037.522065241944,0.004444294872263026,mchc,SERUM,0.8,MLP Regressor,BayesSearchCV,1.3365414472690218,1.0110479580172207,3.058742416136769,-1.3389073640314373,8b0158f363824c1785621af95d671715,experiment_linear_mchc
1043.307504267457,0.0043798826157961665,mchc,SERUM,0.8,MLP Regressor,BayesSearchCV,1.3365414472690218,1.0110479580172207,3.058742416136769,-1.3389073640314373,8b0158f363824c1785621af95d671715,experiment_linear_mchc
1035.593585566773,0.004322908057589366,mchc,SERUM,0.8,MLP Regressor,BayesSearchCV,1.3365414472690218,1.0110479580172207,3.058742416136769,-1.3389073640314373,8b0158f363824c1785621af95d671715,experiment_linear_mchc
1033.665105891602,0.004125978596649415,mchc,SERUM,0.8,MLP Regressor,BayesSearchCV,1.3365414472690218,1.0110479580172207,3.058742416136769,-1.3389073640314373,8b0158f363824c1785621af95d671715,experiment_linear_mchc
1045.235983942628,0.004106683514784393,mchc,SERUM,0.8,MLP Regressor,BayesSearchCV,1.3365414472690218,1.0110479580172207,3.058742416136769,-1.3389073640314373,8b0158f363824c1785621af95d671715,experiment_linear_mchc
1031.736626216432,0.0038334365503644627,mchc,SERUM,0.8,MLP Regressor,BayesSearchCV,1.3365414472690218,1.0110479580172207,3.058742416136769,-1.3389073640314373,8b0158f363824c1785621af95d671715,experiment_linear_mchc
2757.725935494387,0.0038208720424666347,mchc,SERUM,0.8,MLP Regressor,BayesSearchCV,1.3365414472690218,1.0110479580172207,3.058742416136769,-1.3389073640314373,8b0158f363824c1785621af95d671715,experiment_linear_mchc
2759.654415169558,0.0038153652870690823,mchc,SERUM,0.8,MLP Regressor,BayesSearchCV,1.3365414472690218,1.0110479580172207,3.058742416136769,-1.3389073640314373,8b0158f363824c1785621af95d671715,experiment_linear_mchc
2715.299382640627,0.00380040899600541,mchc,SERUM,0.8,MLP Regressor,BayesSearchCV,1.3365414472690218,1.0110479580172207,3.058742416136769,-1.3389073640314373,8b0158f363824c1785621af95d671715,experiment_linear_mchc
2755.797455819216,0.003771833612518811,mchc,SERUM,0.8,MLP Regressor,BayesSearchCV,1.3365414472690218,1.0110479580172207,3.058742416136769,-1.3389073640314373,8b0158f363824c1785621af95d671715,experiment_linear_mchc
2761.582894844729,0.0037126571027092424,mchc,SERUM,0.8,MLP Regressor,BayesSearchCV,1.3365414472690218,1.0110479580172207,3.058742416136769,-1.3389073640314373,8b0158f363824c1785621af95d671715,experiment_linear_mchc
2771.225293220583,0.003679752866445982,mchc,SERUM,0.8,MLP Regressor,BayesSearchCV,1.3365414472690218,1.0110479580172207,3.058742416136769,-1.3389073640314373,8b0158f363824c1785621af95d671715,experiment_linear_mchc
2753.868976144045,0.003663034004994229,mchc,SERUM,0.8,MLP Regressor,BayesSearchCV,1.3365414472690218,1.0110479580172207,3.058742416136769,-1.3389073640314373,8b0158f363824c1785621af95d671715,experiment_linear_mchc
2769.296813545412,0.0036500262194242637,mchc,SERUM,0.8,MLP Regressor,BayesSearchCV,1.3365414472690218,1.0110479580172207,3.058742416136769,-1.3389073640314373,8b0158f363824c1785621af95d671715,experiment_linear_mchc
2773.153772895754,0.0036299541573486744,mchc,SERUM,0.8,MLP Regressor,BayesSearchCV,1.3365414472690218,1.0110479580172207,3.058742416136769,-1.3389073640314373,8b0158f363824c1785621af95d671715,experiment_linear_mchc
2802.080968023317,0.0036237666999053655,mchc,SERUM,0.8,MLP Regressor,BayesSearchCV,1.3365414472690218,1.0110479580172207,3.058742416136769,-1.3389073640314373,8b0158f363824c1785621af95d671715,experiment_linear_mchc
2800.152488348147,0.0036200013505658588,mchc,SERUM,0.8,MLP Regressor,BayesSearchCV,1.3365414472690218,1.0110479580172207,3.058742416136769,-1.3389073640314373,8b0158f363824c1785621af95d671715,experiment_linear_mchc
1047.164463617799,0.0036187941022144537,mchc,SERUM,0.8,MLP Regressor,BayesSearchCV,1.3365414472690218,1.0110479580172207,3.058742416136769,-1.3389073640314373,8b0158f363824c1785621af95d671715,experiment_linear_mchc
3050.854846120364,0.010174618968891639,mchc,SERUM,0.8,MLP Regressor,BayesSearchCV,1.1981432098630076,0.9027354693369375,2.7296237703994235,-0.8796007978298181,8b0158f363824c1785621af95d671715,experiment_linear_mchc
1222.656114058351,0.007904706292239537,mchc,SERUM,0.8,MLP Regressor,BayesSearchCV,1.1981432098630076,0.9027354693369375,2.7296237703994235,-0.8796007978298181,8b0158f363824c1785621af95d671715,experiment_linear_mchc
1070.306219719849,0.007068184231326432,mchc,SERUM,0.8,MLP Regressor,BayesSearchCV,1.1981432098630076,0.9027354693369375,2.7296237703994235,-0.8796007978298181,8b0158f363824c1785621af95d671715,experiment_linear_mchc
2562.949488302126,0.0070458682682680695,mchc,SERUM,0.8,MLP Regressor,BayesSearchCV,1.1981432098630076,0.9027354693369375,2.7296237703994235,-0.8796007978298181,8b0158f363824c1785621af95d671715,experiment_linear_mchc
1216.870675032838,0.006990641806664642,mchc,SERUM,0.8,MLP Regressor,BayesSearchCV,1.1981432098630076,0.9027354693369375,2.7296237703994235,-0.8796007978298181,8b0158f363824c1785621af95d671715,experiment_linear_mchc
1656.564040971803,0.0068603499486466196,mchc,SERUM,0.8,MLP Regressor,BayesSearchCV,1.1981432098630076,0.9027354693369375,2.7296237703994235,-0.8796007978298181,8b0158f363824c1785621af95d671715,experiment_linear_mchc
1143.588447376344,0.006553738999920309,mchc,SERUM,0.8,MLP Regressor,BayesSearchCV,1.1981432098630076,0.9027354693369375,2.7296237703994235,-0.8796007978298181,8b0158f363824c1785621af95d671715,experiment_linear_mchc
1218.799154708009,0.0063269848507666445,mchc,SERUM,0.8,MLP Regressor,BayesSearchCV,1.1981432098630076,0.9027354693369375,2.7296237703994235,-0.8796007978298181,8b0158f363824c1785621af95d671715,experiment_linear_mchc
2709.513943615114,0.006227988749795885,mchc,SERUM,0.8,MLP Regressor,BayesSearchCV,1.1981432098630076,0.9027354693369375,2.7296237703994235,-0.8796007978298181,8b0158f363824c1785621af95d671715,experiment_linear_mchc
1648.85012227112,0.006147455085071581,mchc,SERUM,0.8,MLP Regressor,BayesSearchCV,1.1981432098630076,0.9027354693369375,2.7296237703994235,-0.8796007978298181,8b0158f363824c1785621af95d671715,experiment_linear_mchc
1519.641984034669,0.006056427809824538,mchc,SERUM,0.8,MLP Regressor,BayesSearchCV,1.1981432098630076,0.9027354693369375,2.7296237703994235,-0.8796007978298181,8b0158f363824c1785621af95d671715,experiment_linear_mchc
3048.926366445193,0.005556035691253268,mchc,SERUM,0.8,MLP Regressor,BayesSearchCV,1.1981432098630076,0.9027354693369375,2.7296237703994235,-0.8796007978298181,8b0158f363824c1785621af95d671715,experiment_linear_mchc
1660.421000322145,0.005462879997778509,mchc,SERUM,0.8,MLP Regressor,BayesSearchCV,1.1981432098630076,0.9027354693369375,2.7296237703994235,-0.8796007978298181,8b0158f363824c1785621af95d671715,experiment_linear_mchc
1506.142626308473,0.00541527257203238,mchc,SERUM,0.8,MLP Regressor,BayesSearchCV,1.1981432098630076,0.9027354693369375,2.7296237703994235,-0.8796007978298181,8b0158f363824c1785621af95d671715,experiment_linear_mchc
1668.134919022829,0.005404720712521964,mchc,SERUM,0.8,MLP Regressor,BayesSearchCV,1.1981432098630076,0.9027354693369375,2.7296237703994235,-0.8796007978298181,8b0158f363824c1785621af95d671715,experiment_linear_mchc
1257.368748211427,0.005341365554123584,mchc,SERUM,0.8,MLP Regressor,BayesSearchCV,1.1981432098630076,0.9027354693369375,2.7296237703994235,-0.8796007978298181,8b0158f363824c1785621af95d671715,experiment_linear_mchc
2532.093813499392,0.005207943685099318,mchc,SERUM,0.8,MLP Regressor,BayesSearchCV,1.1981432098630076,0.9027354693369375,2.7296237703994235,-0.8796007978298181,8b0158f363824c1785621af95d671715,experiment_linear_mchc
1563.9970165636,0.0050998448064634785,mchc,SERUM,0.8,MLP Regressor,BayesSearchCV,1.1981432098630076,0.9027354693369375,2.7296237703994235,-0.8796007978298181,8b0158f363824c1785621af95d671715,experiment_linear_mchc
1259.297227886598,0.005080347925661726,mchc,SERUM,0.8,MLP Regressor,BayesSearchCV,1.1981432098630076,0.9027354693369375,2.7296237703994235,-0.8796007978298181,8b0158f363824c1785621af95d671715,experiment_linear_mchc
1448.288236053346,0.005023793740639371,mchc,SERUM,0.8,MLP Regressor,BayesSearchCV,1.1981432098630076,0.9027354693369375,2.7296237703994235,-0.8796007978298181,8b0158f363824c1785621af95d671715,experiment_linear_mchc
2717.227862315798,0.006686272810046733,mchc,SERUM,0.8,MLP Regressor,BayesSearchCV,1.0917960805214955,0.874277551663204,2.66865375349882,-0.5607423710004418,8b0158f363824c1785621af95d671715,experiment_linear_mchc
2715.299382640627,0.006410386750883796,mchc,SERUM,0.8,MLP Regressor,BayesSearchCV,1.0917960805214955,0.874277551663204,2.66865375349882,-0.5607423710004418,8b0158f363824c1785621af95d671715,experiment_linear_mchc
2713.370902965456,0.005849248257300153,mchc,SERUM,0.8,MLP Regressor,BayesSearchCV,1.0917960805214955,0.874277551663204,2.66865375349882,-0.5607423710004418,8b0158f363824c1785621af95d671715,experiment_linear_mchc
1716.346910902101,0.004822363708475129,mchc,SERUM,0.8,MLP Regressor,BayesSearchCV,1.0917960805214955,0.874277551663204,2.66865375349882,-0.5607423710004418,8b0158f363824c1785621af95d671715,experiment_linear_mchc
2701.800024914431,0.004049345556063352,mchc,SERUM,0.8,MLP Regressor,BayesSearchCV,1.0917960805214955,0.874277551663204,2.66865375349882,-0.5607423710004418,8b0158f363824c1785621af95d671715,experiment_linear_mchc
2703.728504589601,0.004029858709149718,mchc,SERUM,0.8,MLP Regressor,BayesSearchCV,1.0917960805214955,0.874277551663204,2.66865375349882,-0.5607423710004418,8b0158f363824c1785621af95d671715,experiment_linear_mchc
1643.064683245607,0.003965855431088212,mchc,SERUM,0.8,MLP Regressor,BayesSearchCV,1.0917960805214955,0.874277551663204,2.66865375349882,-0.5607423710004418,8b0158f363824c1785621af95d671715,experiment_linear_mchc
1641.136203570436,0.003906863818236035,mchc,SERUM,0.8,MLP Regressor,BayesSearchCV,1.0917960805214955,0.874277551663204,2.66865375349882,-0.5607423710004418,8b0158f363824c1785621af95d671715,experiment_linear_mchc
1644.993162920778,0.00383351641634893,mchc,SERUM,0.8,MLP Regressor,BayesSearchCV,1.0917960805214955,0.874277551663204,2.66865375349882,-0.5607423710004418,8b0158f363824c1785621af95d671715,experiment_linear_mchc
2707.585463939944,0.003712707110222059,mchc,SERUM,0.8,MLP Regressor,BayesSearchCV,1.0917960805214955,0.874277551663204,2.66865375349882,-0.5607423710004418,8b0158f363824c1785621af95d671715,experiment_linear_mchc
1639.207723895265,0.003708814162567153,mchc,SERUM,0.8,MLP Regressor,BayesSearchCV,1.0917960805214955,0.874277551663204,2.66865375349882,-0.5607423710004418,8b0158f363824c1785621af95d671715,experiment_linear_mchc
2728.798740366823,0.003688391040640052,mchc,SERUM,0.8,MLP Regressor,BayesSearchCV,1.0917960805214955,0.874277551663204,2.66865375349882,-0.5607423710004418,8b0158f363824c1785621af95d671715,experiment_linear_mchc
2719.156341990969,0.0036485962964215284,mchc,SERUM,0.8,MLP Regressor,BayesSearchCV,1.0917960805214955,0.874277551663204,2.66865375349882,-0.5607423710004418,8b0158f363824c1785621af95d671715,experiment_linear_mchc
2699.87154523926,0.00357344550816388,mchc,SERUM,0.8,MLP Regressor,BayesSearchCV,1.0917960805214955,0.874277551663204,2.66865375349882,-0.5607423710004418,8b0158f363824c1785621af95d671715,experiment_linear_mchc
2734.584179392336,0.0035164453768096377,mchc,SERUM,0.8,MLP Regressor,BayesSearchCV,1.0917960805214955,0.874277551663204,2.66865375349882,-0.5607423710004418,8b0158f363824c1785621af95d671715,experiment_linear_mchc
2680.586748487551,0.0035127093775321853,mchc,SERUM,0.8,MLP Regressor,BayesSearchCV,1.0917960805214955,0.874277551663204,2.66865375349882,-0.5607423710004418,8b0158f363824c1785621af95d671715,experiment_linear_mchc
2732.655699717165,0.003395593030389904,mchc,SERUM,0.8,MLP Regressor,BayesSearchCV,1.0917960805214955,0.874277551663204,2.66865375349882,-0.5607423710004418,8b0158f363824c1785621af95d671715,experiment_linear_mchc
2711.442423290285,0.003384203271670438,mchc,SERUM,0.8,MLP Regressor,BayesSearchCV,1.0917960805214955,0.874277551663204,2.66865375349882,-0.5607423710004418,8b0158f363824c1785621af95d671715,experiment_linear_mchc
2730.727220041994,0.0033841939972566555,mchc,SERUM,0.8,MLP Regressor,BayesSearchCV,1.0917960805214955,0.874277551663204,2.66865375349882,-0.5607423710004418,8b0158f363824c1785621af95d671715,experiment_linear_mchc
1637.279244220094,0.003369001992886323,mchc,SERUM,0.8,MLP Regressor,BayesSearchCV,1.0917960805214955,0.874277551663204,2.66865375349882,-0.5607423710004418,8b0158f363824c1785621af95d671715,experiment_linear_mchc
2921.646707883913,0.010744596762064093,mchc,SERUM,0.8,MLP Regressor,BayesSearchCV,0.8709779981947263,0.6611318049635411,2.011449431658919,0.006740956775557971,8b0158f363824c1785621af95d671715,experiment_linear_mchc
2927.432146909426,0.010713041498983361,mchc,SERUM,0.8,MLP Regressor,BayesSearchCV,0.8709779981947263,0.6611318049635411,2.011449431658919,0.006740956775557971,8b0158f363824c1785621af95d671715,experiment_linear_mchc
2925.503667234255,0.010687218067001446,mchc,SERUM,0.8,MLP Regressor,BayesSearchCV,0.8709779981947263,0.6611318049635411,2.011449431658919,0.006740956775557971,8b0158f363824c1785621af95d671715,experiment_linear_mchc
2923.575187559084,0.010623661790627017,mchc,SERUM,0.8,MLP Regressor,BayesSearchCV,0.8709779981947263,0.6611318049635411,2.011449431658919,0.006740956775557971,8b0158f363824c1785621af95d671715,experiment_linear_mchc
2929.360626584597,0.01022850896722769,mchc,SERUM,0.8,MLP Regressor,BayesSearchCV,0.8709779981947263,0.6611318049635411,2.011449431658919,0.006740956775557971,8b0158f363824c1785621af95d671715,experiment_linear_mchc
2931.289106259768,0.00976377818939212,mchc,SERUM,0.8,MLP Regressor,BayesSearchCV,0.8709779981947263,0.6611318049635411,2.011449431658919,0.006740956775557971,8b0158f363824c1785621af95d671715,experiment_linear_mchc
2919.718228208742,0.009738370531072816,mchc,SERUM,0.8,MLP Regressor,BayesSearchCV,0.8709779981947263,0.6611318049635411,2.011449431658919,0.006740956775557971,8b0158f363824c1785621af95d671715,experiment_linear_mchc
2933.217585934939,0.008823810812154097,mchc,SERUM,0.8,MLP Regressor,BayesSearchCV,0.8709779981947263,0.6611318049635411,2.011449431658919,0.006740956775557971,8b0158f363824c1785621af95d671715,experiment_linear_mchc
2917.789748533572,0.008541702088480986,mchc,SERUM,0.8,MLP Regressor,BayesSearchCV,0.8709779981947263,0.6611318049635411,2.011449431658919,0.006740956775557971,8b0158f363824c1785621af95d671715,experiment_linear_mchc
2935.146065610109,0.008308363427558777,mchc,SERUM,0.8,MLP Regressor,BayesSearchCV,0.8709779981947263,0.6611318049635411,2.011449431658919,0.006740956775557971,8b0158f363824c1785621af95d671715,experiment_linear_mchc
2915.861268858401,0.0071343673739117375,mchc,SERUM,0.8,MLP Regressor,BayesSearchCV,0.8709779981947263,0.6611318049635411,2.011449431658919,0.006740956775557971,8b0158f363824c1785621af95d671715,experiment_linear_mchc
2937.074545285281,0.006849433504255339,mchc,SERUM,0.8,MLP Regressor,BayesSearchCV,0.8709779981947263,0.6611318049635411,2.011449431658919,0.006740956775557971,8b0158f363824c1785621af95d671715,experiment_linear_mchc
2913.93278918323,0.006349853496115723,mchc,SERUM,0.8,MLP Regressor,BayesSearchCV,0.8709779981947263,0.6611318049635411,2.011449431658919,0.006740956775557971,8b0158f363824c1785621af95d671715,experiment_linear_mchc
2939.003024960452,0.00630907793977578,mchc,SERUM,0.8,MLP Regressor,BayesSearchCV,0.8709779981947263,0.6611318049635411,2.011449431658919,0.006740956775557971,8b0158f363824c1785621af95d671715,experiment_linear_mchc
1745.274106029664,0.006269544753729206,mchc,SERUM,0.8,MLP Regressor,BayesSearchCV,0.8709779981947263,0.6611318049635411,2.011449431658919,0.006740956775557971,8b0158f363824c1785621af95d671715,experiment_linear_mchc
2854.149919252932,0.006253919720531691,mchc,SERUM,0.8,MLP Regressor,BayesSearchCV,0.8709779981947263,0.6611318049635411,2.011449431658919,0.006740956775557971,8b0158f363824c1785621af95d671715,experiment_linear_mchc
2852.221439577761,0.005951539020133279,mchc,SERUM,0.8,MLP Regressor,BayesSearchCV,0.8709779981947263,0.6611318049635411,2.011449431658919,0.006740956775557971,8b0158f363824c1785621af95d671715,experiment_linear_mchc
1652.707081621461,0.005796717334432587,mchc,SERUM,0.8,MLP Regressor,BayesSearchCV,0.8709779981947263,0.6611318049635411,2.011449431658919,0.006740956775557971,8b0158f363824c1785621af95d671715,experiment_linear_mchc
1654.635561296632,0.005759771531929253,mchc,SERUM,0.8,MLP Regressor,BayesSearchCV,0.8709779981947263,0.6611318049635411,2.011449431658919,0.006740956775557971,8b0158f363824c1785621af95d671715,experiment_linear_mchc
2912.004309508059,0.005729000425901876,mchc,SERUM,0.8,MLP Regressor,BayesSearchCV,0.8709779981947263,0.6611318049635411,2.011449431658919,0.006740956775557971,8b0158f363824c1785621af95d671715,experiment_linear_mchc
1714.41843122693,0.0036778635056573853,mchc,URINE,0.8,MLP Regressor,BayesSearchCV,1.1808960947963472,0.944521278146338,2.887472031125516,-1.4083465302807388,8b0158f363824c1785621af95d671715,experiment_linear_mchc
1716.346910902101,0.0036762317513762315,mchc,URINE,0.8,MLP Regressor,BayesSearchCV,1.1808960947963472,0.944521278146338,2.887472031125516,-1.4083465302807388,8b0158f363824c1785621af95d671715,experiment_linear_mchc
1718.275390577272,0.0036361006668994616,mchc,URINE,0.8,MLP Regressor,BayesSearchCV,1.1808960947963472,0.944521278146338,2.887472031125516,-1.4083465302807388,8b0158f363824c1785621af95d671715,experiment_linear_mchc
1712.489951551759,0.0036206026800746018,mchc,URINE,0.8,MLP Regressor,BayesSearchCV,1.1808960947963472,0.944521278146338,2.887472031125516,-1.4083465302807388,8b0158f363824c1785621af95d671715,experiment_linear_mchc
1720.203870252443,0.003578228062196027,mchc,URINE,0.8,MLP Regressor,BayesSearchCV,1.1808960947963472,0.944521278146338,2.887472031125516,-1.4083465302807388,8b0158f363824c1785621af95d671715,experiment_linear_mchc
1710.561471876588,0.003530508146733563,mchc,URINE,0.8,MLP Regressor,BayesSearchCV,1.1808960947963472,0.944521278146338,2.887472031125516,-1.4083465302807388,8b0158f363824c1785621af95d671715,experiment_linear_mchc
1722.132349927614,0.0034944469525389414,mchc,URINE,0.8,MLP Regressor,BayesSearchCV,1.1808960947963472,0.944521278146338,2.887472031125516,-1.4083465302807388,8b0158f363824c1785621af95d671715,experiment_linear_mchc
1724.060829602785,0.0033556170098454235,mchc,URINE,0.8,MLP Regressor,BayesSearchCV,1.1808960947963472,0.944521278146338,2.887472031125516,-1.4083465302807388,8b0158f363824c1785621af95d671715,experiment_linear_mchc
1708.632992201417,0.0032908630431028136,mchc,URINE,0.8,MLP Regressor,BayesSearchCV,1.1808960947963472,0.944521278146338,2.887472031125516,-1.4083465302807388,8b0158f363824c1785621af95d671715,experiment_linear_mchc
1725.989309277955,0.003164817756998,mchc,URINE,0.8,MLP Regressor,BayesSearchCV,1.1808960947963472,0.944521278146338,2.887472031125516,-1.4083465302807388,8b0158f363824c1785621af95d671715,experiment_linear_mchc
1706.704512526246,0.0030584447029661645,mchc,URINE,0.8,MLP Regressor,BayesSearchCV,1.1808960947963472,0.944521278146338,2.887472031125516,-1.4083465302807388,8b0158f363824c1785621af95d671715,experiment_linear_mchc
1704.776032851076,0.0029513144028041607,mchc,URINE,0.8,MLP Regressor,BayesSearchCV,1.1808960947963472,0.944521278146338,2.887472031125516,-1.4083465302807388,8b0158f363824c1785621af95d671715,experiment_linear_mchc
1727.917788953126,0.002913299881782359,mchc,URINE,0.8,MLP Regressor,BayesSearchCV,1.1808960947963472,0.944521278146338,2.887472031125516,-1.4083465302807388,8b0158f363824c1785621af95d671715,experiment_linear_mchc
1509.999585658815,0.002824286871490312,mchc,URINE,0.8,MLP Regressor,BayesSearchCV,1.1808960947963472,0.944521278146338,2.887472031125516,-1.4083465302807388,8b0158f363824c1785621af95d671715,experiment_linear_mchc
1621.851406818727,0.0027991498114027635,mchc,URINE,0.8,MLP Regressor,BayesSearchCV,1.1808960947963472,0.944521278146338,2.887472031125516,-1.4083465302807388,8b0158f363824c1785621af95d671715,experiment_linear_mchc
1619.922927143556,0.0027761271982706458,mchc,URINE,0.8,MLP Regressor,BayesSearchCV,1.1808960947963472,0.944521278146338,2.887472031125516,-1.4083465302807388,8b0158f363824c1785621af95d671715,experiment_linear_mchc
1764.558902781373,0.002747922988123799,mchc,URINE,0.8,MLP Regressor,BayesSearchCV,1.1808960947963472,0.944521278146338,2.887472031125516,-1.4083465302807388,8b0158f363824c1785621af95d671715,experiment_linear_mchc
1623.779886493898,0.002745886658313876,mchc,URINE,0.8,MLP Regressor,BayesSearchCV,1.1808960947963472,0.944521278146338,2.887472031125516,-1.4083465302807388,8b0158f363824c1785621af95d671715,experiment_linear_mchc
1758.773463755861,0.0027376468848327143,mchc,URINE,0.8,MLP Regressor,BayesSearchCV,1.1808960947963472,0.944521278146338,2.887472031125516,-1.4083465302807388,8b0158f363824c1785621af95d671715,experiment_linear_mchc
1760.701943431032,0.002735990140139017,mchc,URINE,0.8,MLP Regressor,BayesSearchCV,1.1808960947963472,0.944521278146338,2.887472031125516,-1.4083465302807388,8b0158f363824c1785621af95d671715,experiment_linear_mchc
2913.93278918323,0.009011288808831919,mchc,URINE,0.8,MLP Regressor,BayesSearchCV,1.1696359984932396,0.9269863513915774,2.8324658134857237,-1.3626373014965485,8b0158f363824c1785621af95d671715,experiment_linear_mchc
3043.14092741968,0.008127357462721554,mchc,URINE,0.8,MLP Regressor,BayesSearchCV,1.1696359984932396,0.9269863513915774,2.8324658134857237,-1.3626373014965485,8b0158f363824c1785621af95d671715,experiment_linear_mchc
1805.056975959963,0.007936786350310098,mchc,URINE,0.8,MLP Regressor,BayesSearchCV,1.1696359984932396,0.9269863513915774,2.8324658134857237,-1.3626373014965485,8b0158f363824c1785621af95d671715,experiment_linear_mchc
1702.847553175905,0.0077706550687691965,mchc,URINE,0.8,MLP Regressor,BayesSearchCV,1.1696359984932396,0.9269863513915774,2.8324658134857237,-1.3626373014965485,8b0158f363824c1785621af95d671715,experiment_linear_mchc
2802.080968023317,0.007377531459401104,mchc,URINE,0.8,MLP Regressor,BayesSearchCV,1.1696359984932396,0.9269863513915774,2.8324658134857237,-1.3626373014965485,8b0158f363824c1785621af95d671715,experiment_linear_mchc
2981.429577814211,0.006425351340751322,mchc,URINE,0.8,MLP Regressor,BayesSearchCV,1.1696359984932396,0.9269863513915774,2.8324658134857237,-1.3626373014965485,8b0158f363824c1785621af95d671715,experiment_linear_mchc
1841.698089788209,0.006414367800901012,mchc,URINE,0.8,MLP Regressor,BayesSearchCV,1.1696359984932396,0.9269863513915774,2.8324658134857237,-1.3626373014965485,8b0158f363824c1785621af95d671715,experiment_linear_mchc
1830.127211737184,0.006373794847554892,mchc,URINE,0.8,MLP Regressor,BayesSearchCV,1.1696359984932396,0.9269863513915774,2.8324658134857237,-1.3626373014965485,8b0158f363824c1785621af95d671715,experiment_linear_mchc
1789.629138558595,0.006009047546730935,mchc,URINE,0.8,MLP Regressor,BayesSearchCV,1.1696359984932396,0.9269863513915774,2.8324658134857237,-1.3626373014965485,8b0158f363824c1785621af95d671715,experiment_linear_mchc
2854.149919252932,0.005698532604549852,mchc,URINE,0.8,MLP Regressor,BayesSearchCV,1.1696359984932396,0.9269863513915774,2.8324658134857237,-1.3626373014965485,8b0158f363824c1785621af95d671715,experiment_linear_mchc
2967.930220088015,0.005593684822324004,mchc,URINE,0.8,MLP Regressor,BayesSearchCV,1.1696359984932396,0.9269863513915774,2.8324658134857237,-1.3626373014965485,8b0158f363824c1785621af95d671715,experiment_linear_mchc
1675.848837723512,0.005518550358863175,mchc,URINE,0.8,MLP Regressor,BayesSearchCV,1.1696359984932396,0.9269863513915774,2.8324658134857237,-1.3626373014965485,8b0158f363824c1785621af95d671715,experiment_linear_mchc
2931.289106259768,0.005492948151778188,mchc,URINE,0.8,MLP Regressor,BayesSearchCV,1.1696359984932396,0.9269863513915774,2.8324658134857237,-1.3626373014965485,8b0158f363824c1785621af95d671715,experiment_linear_mchc
2503.166618371828,0.005464483283859203,mchc,URINE,0.8,MLP Regressor,BayesSearchCV,1.1696359984932396,0.9269863513915774,2.8324658134857237,-1.3626373014965485,8b0158f363824c1785621af95d671715,experiment_linear_mchc
2946.716943661135,0.005447991357577767,mchc,URINE,0.8,MLP Regressor,BayesSearchCV,1.1696359984932396,0.9269863513915774,2.8324658134857237,-1.3626373014965485,8b0158f363824c1785621af95d671715,experiment_linear_mchc
3041.212447744509,0.005356002133752574,mchc,URINE,0.8,MLP Regressor,BayesSearchCV,1.1696359984932396,0.9269863513915774,2.8324658134857237,-1.3626373014965485,8b0158f363824c1785621af95d671715,experiment_linear_mchc
1847.483528813722,0.005350463738261958,mchc,URINE,0.8,MLP Regressor,BayesSearchCV,1.1696359984932396,0.9269863513915774,2.8324658134857237,-1.3626373014965485,8b0158f363824c1785621af95d671715,experiment_linear_mchc
2915.861268858401,0.00534714935890807,mchc,URINE,0.8,MLP Regressor,BayesSearchCV,1.1696359984932396,0.9269863513915774,2.8324658134857237,-1.3626373014965485,8b0158f363824c1785621af95d671715,experiment_linear_mchc
2767.368333870241,0.005317467882629733,mchc,URINE,0.8,MLP Regressor,BayesSearchCV,1.1696359984932396,0.9269863513915774,2.8324658134857237,-1.3626373014965485,8b0158f363824c1785621af95d671715,experiment_linear_mchc
2501.238138696657,0.005251715560563245,mchc,URINE,0.8,MLP Regressor,BayesSearchCV,1.1696359984932396,0.9269863513915774,2.8324658134857237,-1.3626373014965485,8b0158f363824c1785621af95d671715,experiment_linear_mchc
1716.346910902101,0.0034229879418767144,mchc,URINE,0.8,MLP Regressor,BayesSearchCV,1.1881635988407506,0.9474390902922124,2.896697065148726,-1.4380807735108196,8b0158f363824c1785621af95d671715,experiment_linear_mchc
1718.275390577272,0.0034027021030906433,mchc,URINE,0.8,MLP Regressor,BayesSearchCV,1.1881635988407506,0.9474390902922124,2.896697065148726,-1.4380807735108196,8b0158f363824c1785621af95d671715,experiment_linear_mchc
1714.41843122693,0.003400078735439427,mchc,URINE,0.8,MLP Regressor,BayesSearchCV,1.1881635988407506,0.9474390902922124,2.896697065148726,-1.4380807735108196,8b0158f363824c1785621af95d671715,experiment_linear_mchc
1720.203870252443,0.0033607250620203703,mchc,URINE,0.8,MLP Regressor,BayesSearchCV,1.1881635988407506,0.9474390902922124,2.896697065148726,-1.4380807735108196,8b0158f363824c1785621af95d671715,experiment_linear_mchc
1712.489951551759,0.003316106844591947,mchc,URINE,0.8,MLP Regressor,BayesSearchCV,1.1881635988407506,0.9474390902922124,2.896697065148726,-1.4380807735108196,8b0158f363824c1785621af95d671715,experiment_linear_mchc
1722.132349927614,0.0032914776626513965,mchc,URINE,0.8,MLP Regressor,BayesSearchCV,1.1881635988407506,0.9474390902922124,2.896697065148726,-1.4380807735108196,8b0158f363824c1785621af95d671715,experiment_linear_mchc
1710.561471876588,0.003200545606160553,mchc,URINE,0.8,MLP Regressor,BayesSearchCV,1.1881635988407506,0.9474390902922124,2.896697065148726,-1.4380807735108196,8b0158f363824c1785621af95d671715,experiment_linear_mchc
1724.060829602785,0.003166833279294556,mchc,URINE,0.8,MLP Regressor,BayesSearchCV,1.1881635988407506,0.9474390902922124,2.896697065148726,-1.4380807735108196,8b0158f363824c1785621af95d671715,experiment_linear_mchc
1725.989309277955,0.0029919401340467674,mchc,URINE,0.8,MLP Regressor,BayesSearchCV,1.1881635988407506,0.9474390902922124,2.896697065148726,-1.4380807735108196,8b0158f363824c1785621af95d671715,experiment_linear_mchc
1708.632992201417,0.002936123797787129,mchc,URINE,0.8,MLP Regressor,BayesSearchCV,1.1881635988407506,0.9474390902922124,2.896697065148726,-1.4380807735108196,8b0158f363824c1785621af95d671715,experiment_linear_mchc
1621.851406818727,0.0029321999949393,mchc,URINE,0.8,MLP Regressor,BayesSearchCV,1.1881635988407506,0.9474390902922124,2.896697065148726,-1.4380807735108196,8b0158f363824c1785621af95d671715,experiment_linear_mchc
1619.922927143556,0.0029229630032452636,mchc,URINE,0.8,MLP Regressor,BayesSearchCV,1.1881635988407506,0.9474390902922124,2.896697065148726,-1.4380807735108196,8b0158f363824c1785621af95d671715,experiment_linear_mchc
1617.994447468385,0.0028925447678481396,mchc,URINE,0.8,MLP Regressor,BayesSearchCV,1.1881635988407506,0.9474390902922124,2.896697065148726,-1.4380807735108196,8b0158f363824c1785621af95d671715,experiment_linear_mchc
1623.779886493898,0.0028634293511402595,mchc,URINE,0.8,MLP Regressor,BayesSearchCV,1.1881635988407506,0.9474390902922124,2.896697065148726,-1.4380807735108196,8b0158f363824c1785621af95d671715,experiment_linear_mchc
1616.065967793214,0.0028382866026913627,mchc,URINE,0.8,MLP Regressor,BayesSearchCV,1.1881635988407506,0.9474390902922124,2.896697065148726,-1.4380807735108196,8b0158f363824c1785621af95d671715,experiment_linear_mchc
1625.708366169069,0.0028278975146950698,mchc,URINE,0.8,MLP Regressor,BayesSearchCV,1.1881635988407506,0.9474390902922124,2.896697065148726,-1.4380807735108196,8b0158f363824c1785621af95d671715,experiment_linear_mchc
1727.917788953126,0.002759912733228614,mchc,URINE,0.8,MLP Regressor,BayesSearchCV,1.1881635988407506,0.9474390902922124,2.896697065148726,-1.4380807735108196,8b0158f363824c1785621af95d671715,experiment_linear_mchc
1706.704512526246,0.0026833290978887326,mchc,URINE,0.8,MLP Regressor,BayesSearchCV,1.1881635988407506,0.9474390902922124,2.896697065148726,-1.4380807735108196,8b0158f363824c1785621af95d671715,experiment_linear_mchc
1627.63684584424,0.00266571640109326,mchc,URINE,0.8,MLP Regressor,BayesSearchCV,1.1881635988407506,0.9474390902922124,2.896697065148726,-1.4380807735108196,8b0158f363824c1785621af95d671715,experiment_linear_mchc
1614.137488118043,0.002639207018332131,mchc,URINE,0.8,MLP Regressor,BayesSearchCV,1.1881635988407506,0.9474390902922124,2.896697065148726,-1.4380807735108196,8b0158f363824c1785621af95d671715,experiment_linear_mchc
1644.993162920778,0.01885162574140871,mchc,URINE,0.8,MLP Regressor,BayesSearchCV,0.7954238321440653,0.6664017302158719,2.0437867299324592,-0.09267951615509307,8b0158f363824c1785621af95d671715,experiment_linear_mchc
1650.77860194629,0.014417227995354333,mchc,URINE,0.8,MLP Regressor,BayesSearchCV,0.7954238321440653,0.6664017302158719,2.0437867299324592,-0.09267951615509307,8b0158f363824c1785621af95d671715,experiment_linear_mchc
1656.564040971803,0.014235979073553751,mchc,URINE,0.8,MLP Regressor,BayesSearchCV,0.7954238321440653,0.6664017302158719,2.0437867299324592,-0.09267951615509307,8b0158f363824c1785621af95d671715,experiment_linear_mchc
1454.073675078859,0.01358634393834066,mchc,URINE,0.8,MLP Regressor,BayesSearchCV,0.7954238321440653,0.6664017302158719,2.0437867299324592,-0.09267951615509307,8b0158f363824c1785621af95d671715,experiment_linear_mchc
1461.787593779542,0.013486393109322155,mchc,URINE,0.8,MLP Regressor,BayesSearchCV,0.7954238321440653,0.6664017302158719,2.0437867299324592,-0.09267951615509307,8b0158f363824c1785621af95d671715,experiment_linear_mchc
1446.359756378175,0.013117928237701134,mchc,URINE,0.8,MLP Regressor,BayesSearchCV,0.7954238321440653,0.6664017302158719,2.0437867299324592,-0.09267951615509307,8b0158f363824c1785621af95d671715,experiment_linear_mchc
1639.207723895265,0.01304429501817968,mchc,URINE,0.8,MLP Regressor,BayesSearchCV,0.7954238321440653,0.6664017302158719,2.0437867299324592,-0.09267951615509307,8b0158f363824c1785621af95d671715,experiment_linear_mchc
1654.635561296632,0.013019558900282682,mchc,URINE,0.8,MLP Regressor,BayesSearchCV,0.7954238321440653,0.6664017302158719,2.0437867299324592,-0.09267951615509307,8b0158f363824c1785621af95d671715,experiment_linear_mchc
1467.573032805055,0.012358155188000543,mchc,URINE,0.8,MLP Regressor,BayesSearchCV,0.7954238321440653,0.6664017302158719,2.0437867299324592,-0.09267951615509307,8b0158f363824c1785621af95d671715,experiment_linear_mchc
1652.707081621461,0.012078065828718851,mchc,URINE,0.8,MLP Regressor,BayesSearchCV,0.7954238321440653,0.6664017302158719,2.0437867299324592,-0.09267951615509307,8b0158f363824c1785621af95d671715,experiment_linear_mchc
1457.930634429201,0.011802221247302097,mchc,URINE,0.8,MLP Regressor,BayesSearchCV,0.7954238321440653,0.6664017302158719,2.0437867299324592,-0.09267951615509307,8b0158f363824c1785621af95d671715,experiment_linear_mchc
1643.064683245607,0.011294656367542592,mchc,URINE,0.8,MLP Regressor,BayesSearchCV,0.7954238321440653,0.6664017302158719,2.0437867299324592,-0.09267951615509307,8b0158f363824c1785621af95d671715,experiment_linear_mchc
1465.644553129884,0.011163894289369482,mchc,URINE,0.8,MLP Regressor,BayesSearchCV,0.7954238321440653,0.6664017302158719,2.0437867299324592,-0.09267951615509307,8b0158f363824c1785621af95d671715,experiment_linear_mchc
1646.921642595948,0.01026624117253195,mchc,URINE,0.8,MLP Regressor,BayesSearchCV,0.7954238321440653,0.6664017302158719,2.0437867299324592,-0.09267951615509307,8b0158f363824c1785621af95d671715,experiment_linear_mchc
1635.350764544923,0.010264448637533495,mchc,URINE,0.8,MLP Regressor,BayesSearchCV,0.7954238321440653,0.6664017302158719,2.0437867299324592,-0.09267951615509307,8b0158f363824c1785621af95d671715,experiment_linear_mchc
1648.85012227112,0.009584154945008397,mchc,URINE,0.8,MLP Regressor,BayesSearchCV,0.7954238321440653,0.6664017302158719,2.0437867299324592,-0.09267951615509307,8b0158f363824c1785621af95d671715,experiment_linear_mchc
1631.493805194581,0.009541125020370262,mchc,URINE,0.8,MLP Regressor,BayesSearchCV,0.7954238321440653,0.6664017302158719,2.0437867299324592,-0.09267951615509307,8b0158f363824c1785621af95d671715,experiment_linear_mchc
1641.136203570436,0.009536750915077608,mchc,URINE,0.8,MLP Regressor,BayesSearchCV,0.7954238321440653,0.6664017302158719,2.0437867299324592,-0.09267951615509307,8b0158f363824c1785621af95d671715,experiment_linear_mchc
1629.56532551941,0.009371109586943762,mchc,URINE,0.8,MLP Regressor,BayesSearchCV,0.7954238321440653,0.6664017302158719,2.0437867299324592,-0.09267951615509307,8b0158f363824c1785621af95d671715,experiment_linear_mchc
1633.422284869752,0.009181739972812528,mchc,URINE,0.8,MLP Regressor,BayesSearchCV,0.7954238321440653,0.6664017302158719,2.0437867299324592,-0.09267951615509307,8b0158f363824c1785621af95d671715,experiment_linear_mchc
1045.235983942628,0.007803145821816781,mchc,CAPILAR,0.8,Random Forest Regressor,BayesSearchCV,0.8427627739568815,0.639966890483355,1.9458294574313668,-0.2891029653591253,8b0158f363824c1785621af95d671715,experiment_linear_mchc
1047.164463617799,0.007645805472370033,mchc,CAPILAR,0.8,Random Forest Regressor,BayesSearchCV,0.8427627739568815,0.639966890483355,1.9458294574313668,-0.2891029653591253,8b0158f363824c1785621af95d671715,experiment_linear_mchc
1043.307504267457,0.007479010271045117,mchc,CAPILAR,0.8,Random Forest Regressor,BayesSearchCV,0.8427627739568815,0.639966890483355,1.9458294574313668,-0.2891029653591253,8b0158f363824c1785621af95d671715,experiment_linear_mchc
1049.092943292969,0.007282756068543387,mchc,CAPILAR,0.8,Random Forest Regressor,BayesSearchCV,0.8427627739568815,0.639966890483355,1.9458294574313668,-0.2891029653591253,8b0158f363824c1785621af95d671715,experiment_linear_mchc
1359.578170995484,0.007101492122102542,mchc,CAPILAR,0.8,Random Forest Regressor,BayesSearchCV,0.8427627739568815,0.639966890483355,1.9458294574313668,-0.2891029653591253,8b0158f363824c1785621af95d671715,experiment_linear_mchc
1361.506650670656,0.007095081127054485,mchc,CAPILAR,0.8,Random Forest Regressor,BayesSearchCV,0.8427627739568815,0.639966890483355,1.9458294574313668,-0.2891029653591253,8b0158f363824c1785621af95d671715,experiment_linear_mchc
1357.649691320314,0.006986977305482916,mchc,CAPILAR,0.8,Random Forest Regressor,BayesSearchCV,0.8427627739568815,0.639966890483355,1.9458294574313668,-0.2891029653591253,8b0158f363824c1785621af95d671715,experiment_linear_mchc
1041.379024592286,0.006981052748708457,mchc,CAPILAR,0.8,Random Forest Regressor,BayesSearchCV,0.8427627739568815,0.639966890483355,1.9458294574313668,-0.2891029653591253,8b0158f363824c1785621af95d671715,experiment_linear_mchc
1363.435130345826,0.0069125382243920555,mchc,CAPILAR,0.8,Random Forest Regressor,BayesSearchCV,0.8427627739568815,0.639966890483355,1.9458294574313668,-0.2891029653591253,8b0158f363824c1785621af95d671715,experiment_linear_mchc
1355.721211645143,0.006882736250516671,mchc,CAPILAR,0.8,Random Forest Regressor,BayesSearchCV,0.8427627739568815,0.639966890483355,1.9458294574313668,-0.2891029653591253,8b0158f363824c1785621af95d671715,experiment_linear_mchc
1051.021422968141,0.006822344469765771,mchc,CAPILAR,0.8,Random Forest Regressor,BayesSearchCV,0.8427627739568815,0.639966890483355,1.9458294574313668,-0.2891029653591253,8b0158f363824c1785621af95d671715,experiment_linear_mchc
1353.792731969972,0.006724291607151257,mchc,CAPILAR,0.8,Random Forest Regressor,BayesSearchCV,0.8427627739568815,0.639966890483355,1.9458294574313668,-0.2891029653591253,8b0158f363824c1785621af95d671715,experiment_linear_mchc
3048.926366445193,0.006646506359541923,mchc,CAPILAR,0.8,Random Forest Regressor,BayesSearchCV,0.8427627739568815,0.639966890483355,1.9458294574313668,-0.2891029653591253,8b0158f363824c1785621af95d671715,experiment_linear_mchc
1365.363610020997,0.006578598139427035,mchc,CAPILAR,0.8,Random Forest Regressor,BayesSearchCV,0.8427627739568815,0.639966890483355,1.9458294574313668,-0.2891029653591253,8b0158f363824c1785621af95d671715,experiment_linear_mchc
1351.864252294801,0.0064526018176519805,mchc,CAPILAR,0.8,Random Forest Regressor,BayesSearchCV,0.8427627739568815,0.639966890483355,1.9458294574313668,-0.2891029653591253,8b0158f363824c1785621af95d671715,experiment_linear_mchc
1068.377740044679,0.006237551794708077,mchc,CAPILAR,0.8,Random Forest Regressor,BayesSearchCV,0.8427627739568815,0.639966890483355,1.9458294574313668,-0.2891029653591253,8b0158f363824c1785621af95d671715,experiment_linear_mchc
1367.292089696168,0.006191399285439703,mchc,CAPILAR,0.8,Random Forest Regressor,BayesSearchCV,0.8427627739568815,0.639966890483355,1.9458294574313668,-0.2891029653591253,8b0158f363824c1785621af95d671715,experiment_linear_mchc
1039.450544917115,0.00609949968338232,mchc,CAPILAR,0.8,Random Forest Regressor,BayesSearchCV,0.8427627739568815,0.639966890483355,1.9458294574313668,-0.2891029653591253,8b0158f363824c1785621af95d671715,experiment_linear_mchc
960.3828782351084,0.006094602753439288,mchc,CAPILAR,0.8,Random Forest Regressor,BayesSearchCV,0.8427627739568815,0.639966890483355,1.9458294574313668,-0.2891029653591253,8b0158f363824c1785621af95d671715,experiment_linear_mchc
1349.93577261963,0.006061401949968742,mchc,CAPILAR,0.8,Random Forest Regressor,BayesSearchCV,0.8427627739568815,0.639966890483355,1.9458294574313668,-0.2891029653591253,8b0158f363824c1785621af95d671715,experiment_linear_mchc
3046.997886770022,0.04240109039413608,mchc,CAPILAR,0.8,Random Forest Regressor,BayesSearchCV,0.8451637123434168,0.7100429140862649,2.160170759803587,-0.29645845287609984,8b0158f363824c1785621af95d671715,experiment_linear_mchc
1178.30108152942,0.040454693565160224,mchc,CAPILAR,0.8,Random Forest Regressor,BayesSearchCV,0.8451637123434168,0.7100429140862649,2.160170759803587,-0.29645845287609984,8b0158f363824c1785621af95d671715,experiment_linear_mchc
1189.871959580445,0.03828836636747221,mchc,CAPILAR,0.8,Random Forest Regressor,BayesSearchCV,0.8451637123434168,0.7100429140862649,2.160170759803587,-0.29645845287609984,8b0158f363824c1785621af95d671715,experiment_linear_mchc
3050.854846120364,0.03780327492320532,mchc,CAPILAR,0.8,Random Forest Regressor,BayesSearchCV,0.8451637123434168,0.7100429140862649,2.160170759803587,-0.29645845287609984,8b0158f363824c1785621af95d671715,experiment_linear_mchc
1187.943479905274,0.03772403098175069,mchc,CAPILAR,0.8,Random Forest Regressor,BayesSearchCV,0.8451637123434168,0.7100429140862649,2.160170759803587,-0.29645845287609984,8b0158f363824c1785621af95d671715,experiment_linear_mchc
1646.921642595948,0.030196722998302165,mchc,CAPILAR,0.8,Random Forest Regressor,BayesSearchCV,0.8451637123434168,0.7100429140862649,2.160170759803587,-0.29645845287609984,8b0158f363824c1785621af95d671715,experiment_linear_mchc
1641.136203570436,0.021793791662117572,mchc,CAPILAR,0.8,Random Forest Regressor,BayesSearchCV,0.8451637123434168,0.7100429140862649,2.160170759803587,-0.29645845287609984,8b0158f363824c1785621af95d671715,experiment_linear_mchc
1191.800439255616,0.0215148394393678,mchc,CAPILAR,0.8,Random Forest Regressor,BayesSearchCV,0.8451637123434168,0.7100429140862649,2.160170759803587,-0.29645845287609984,8b0158f363824c1785621af95d671715,experiment_linear_mchc
2510.880537072512,0.0204811876290917,mchc,CAPILAR,0.8,Random Forest Regressor,BayesSearchCV,0.8451637123434168,0.7100429140862649,2.160170759803587,-0.29645845287609984,8b0158f363824c1785621af95d671715,experiment_linear_mchc
1174.444122179078,0.01821556680670949,mchc,CAPILAR,0.8,Random Forest Regressor,BayesSearchCV,0.8451637123434168,0.7100429140862649,2.160170759803587,-0.29645845287609984,8b0158f363824c1785621af95d671715,experiment_linear_mchc
1274.725065287965,0.01819016360506645,mchc,CAPILAR,0.8,Random Forest Regressor,BayesSearchCV,0.8451637123434168,0.7100429140862649,2.160170759803587,-0.29645845287609984,8b0158f363824c1785621af95d671715,experiment_linear_mchc
1170.587162828736,0.016832387093376533,mchc,CAPILAR,0.8,Random Forest Regressor,BayesSearchCV,0.8451637123434168,0.7100429140862649,2.160170759803587,-0.29645845287609984,8b0158f363824c1785621af95d671715,experiment_linear_mchc
1639.207723895265,0.016241153433497444,mchc,CAPILAR,0.8,Random Forest Regressor,BayesSearchCV,0.8451637123434168,0.7100429140862649,2.160170759803587,-0.29645845287609984,8b0158f363824c1785621af95d671715,experiment_linear_mchc
1594.852691366334,0.016164432952717973,mchc,CAPILAR,0.8,Random Forest Regressor,BayesSearchCV,0.8451637123434168,0.7100429140862649,2.160170759803587,-0.29645845287609984,8b0158f363824c1785621af95d671715,experiment_linear_mchc
3048.926366445193,0.014812824059942284,mchc,CAPILAR,0.8,Random Forest Regressor,BayesSearchCV,0.8451637123434168,0.7100429140862649,2.160170759803587,-0.29645845287609984,8b0158f363824c1785621af95d671715,experiment_linear_mchc
933.3841627827155,0.013386518534064182,mchc,CAPILAR,0.8,Random Forest Regressor,BayesSearchCV,0.8451637123434168,0.7100429140862649,2.160170759803587,-0.29645845287609984,8b0158f363824c1785621af95d671715,experiment_linear_mchc
1643.064683245607,0.013318448943542114,mchc,CAPILAR,0.8,Random Forest Regressor,BayesSearchCV,0.8451637123434168,0.7100429140862649,2.160170759803587,-0.29645845287609984,8b0158f363824c1785621af95d671715,experiment_linear_mchc
1706.704512526246,0.012899028258183978,mchc,CAPILAR,0.8,Random Forest Regressor,BayesSearchCV,0.8451637123434168,0.7100429140862649,2.160170759803587,-0.29645845287609984,8b0158f363824c1785621af95d671715,experiment_linear_mchc
1172.515642503907,0.012684618520980646,mchc,CAPILAR,0.8,Random Forest Regressor,BayesSearchCV,0.8451637123434168,0.7100429140862649,2.160170759803587,-0.29645845287609984,8b0158f363824c1785621af95d671715,experiment_linear_mchc
1159.016284777711,0.011802292957690929,mchc,CAPILAR,0.8,Random Forest Regressor,BayesSearchCV,0.8451637123434168,0.7100429140862649,2.160170759803587,-0.29645845287609984,8b0158f363824c1785621af95d671715,experiment_linear_mchc
1045.235983942628,0.007803145821816773,mchc,CAPILAR,0.8,Random Forest Regressor,BayesSearchCV,0.8427627739568815,0.639966890483355,1.9458294574313668,-0.2891029653591253,8b0158f363824c1785621af95d671715,experiment_linear_mchc
1047.164463617799,0.007645805472370029,mchc,CAPILAR,0.8,Random Forest Regressor,BayesSearchCV,0.8427627739568815,0.639966890483355,1.9458294574313668,-0.2891029653591253,8b0158f363824c1785621af95d671715,experiment_linear_mchc
1043.307504267457,0.007479010271045113,mchc,CAPILAR,0.8,Random Forest Regressor,BayesSearchCV,0.8427627739568815,0.639966890483355,1.9458294574313668,-0.2891029653591253,8b0158f363824c1785621af95d671715,experiment_linear_mchc
1049.092943292969,0.007282756068543382,mchc,CAPILAR,0.8,Random Forest Regressor,BayesSearchCV,0.8427627739568815,0.639966890483355,1.9458294574313668,-0.2891029653591253,8b0158f363824c1785621af95d671715,experiment_linear_mchc
1359.578170995484,0.007101492122102547,mchc,CAPILAR,0.8,Random Forest Regressor,BayesSearchCV,0.8427627739568815,0.639966890483355,1.9458294574313668,-0.2891029653591253,8b0158f363824c1785621af95d671715,experiment_linear_mchc
1361.506650670656,0.007095081127054489,mchc,CAPILAR,0.8,Random Forest Regressor,BayesSearchCV,0.8427627739568815,0.639966890483355,1.9458294574313668,-0.2891029653591253,8b0158f363824c1785621af95d671715,experiment_linear_mchc
1357.649691320314,0.00698697730548292,mchc,CAPILAR,0.8,Random Forest Regressor,BayesSearchCV,0.8427627739568815,0.639966890483355,1.9458294574313668,-0.2891029653591253,8b0158f363824c1785621af95d671715,experiment_linear_mchc
1041.379024592286,0.006981052748708453,mchc,CAPILAR,0.8,Random Forest Regressor,BayesSearchCV,0.8427627739568815,0.639966890483355,1.9458294574313668,-0.2891029653591253,8b0158f363824c1785621af95d671715,experiment_linear_mchc
1363.435130345826,0.00691253822439206,mchc,CAPILAR,0.8,Random Forest Regressor,BayesSearchCV,0.8427627739568815,0.639966890483355,1.9458294574313668,-0.2891029653591253,8b0158f363824c1785621af95d671715,experiment_linear_mchc
1355.721211645143,0.006882736250516672,mchc,CAPILAR,0.8,Random Forest Regressor,BayesSearchCV,0.8427627739568815,0.639966890483355,1.9458294574313668,-0.2891029653591253,8b0158f363824c1785621af95d671715,experiment_linear_mchc
1051.021422968141,0.00682234446976577,mchc,CAPILAR,0.8,Random Forest Regressor,BayesSearchCV,0.8427627739568815,0.639966890483355,1.9458294574313668,-0.2891029653591253,8b0158f363824c1785621af95d671715,experiment_linear_mchc
1353.792731969972,0.006724291607151259,mchc,CAPILAR,0.8,Random Forest Regressor,BayesSearchCV,0.8427627739568815,0.639966890483355,1.9458294574313668,-0.2891029653591253,8b0158f363824c1785621af95d671715,experiment_linear_mchc
3048.926366445193,0.006646506359541925,mchc,CAPILAR,0.8,Random Forest Regressor,BayesSearchCV,0.8427627739568815,0.639966890483355,1.9458294574313668,-0.2891029653591253,8b0158f363824c1785621af95d671715,experiment_linear_mchc
1365.363610020997,0.006578598139427038,mchc,CAPILAR,0.8,Random Forest Regressor,BayesSearchCV,0.8427627739568815,0.639966890483355,1.9458294574313668,-0.2891029653591253,8b0158f363824c1785621af95d671715,experiment_linear_mchc
1351.864252294801,0.006452601817651985,mchc,CAPILAR,0.8,Random Forest Regressor,BayesSearchCV,0.8427627739568815,0.639966890483355,1.9458294574313668,-0.2891029653591253,8b0158f363824c1785621af95d671715,experiment_linear_mchc
1068.377740044679,0.006237551794708076,mchc,CAPILAR,0.8,Random Forest Regressor,BayesSearchCV,0.8427627739568815,0.639966890483355,1.9458294574313668,-0.2891029653591253,8b0158f363824c1785621af95d671715,experiment_linear_mchc
1367.292089696168,0.006191399285439703,mchc,CAPILAR,0.8,Random Forest Regressor,BayesSearchCV,0.8427627739568815,0.639966890483355,1.9458294574313668,-0.2891029653591253,8b0158f363824c1785621af95d671715,experiment_linear_mchc
1039.450544917115,0.006099499683382316,mchc,CAPILAR,0.8,Random Forest Regressor,BayesSearchCV,0.8427627739568815,0.639966890483355,1.9458294574313668,-0.2891029653591253,8b0158f363824c1785621af95d671715,experiment_linear_mchc
960.3828782351084,0.006094602753439287,mchc,CAPILAR,0.8,Random Forest Regressor,BayesSearchCV,0.8427627739568815,0.639966890483355,1.9458294574313668,-0.2891029653591253,8b0158f363824c1785621af95d671715,experiment_linear_mchc
1349.93577261963,0.00606140194996874,mchc,CAPILAR,0.8,Random Forest Regressor,BayesSearchCV,0.8427627739568815,0.639966890483355,1.9458294574313668,-0.2891029653591253,8b0158f363824c1785621af95d671715,experiment_linear_mchc
3046.997886770022,0.04240109039413608,mchc,CAPILAR,0.8,Random Forest Regressor,BayesSearchCV,0.8451637123434168,0.7100429140862649,2.160170759803587,-0.29645845287609984,8b0158f363824c1785621af95d671715,experiment_linear_mchc
1178.30108152942,0.040454693565160224,mchc,CAPILAR,0.8,Random Forest Regressor,BayesSearchCV,0.8451637123434168,0.7100429140862649,2.160170759803587,-0.29645845287609984,8b0158f363824c1785621af95d671715,experiment_linear_mchc
1189.871959580445,0.03828836636747221,mchc,CAPILAR,0.8,Random Forest Regressor,BayesSearchCV,0.8451637123434168,0.7100429140862649,2.160170759803587,-0.29645845287609984,8b0158f363824c1785621af95d671715,experiment_linear_mchc
3050.854846120364,0.03780327492320532,mchc,CAPILAR,0.8,Random Forest Regressor,BayesSearchCV,0.8451637123434168,0.7100429140862649,2.160170759803587,-0.29645845287609984,8b0158f363824c1785621af95d671715,experiment_linear_mchc
1187.943479905274,0.03772403098175069,mchc,CAPILAR,0.8,Random Forest Regressor,BayesSearchCV,0.8451637123434168,0.7100429140862649,2.160170759803587,-0.29645845287609984,8b0158f363824c1785621af95d671715,experiment_linear_mchc
1646.921642595948,0.030196722998302165,mchc,CAPILAR,0.8,Random Forest Regressor,BayesSearchCV,0.8451637123434168,0.7100429140862649,2.160170759803587,-0.29645845287609984,8b0158f363824c1785621af95d671715,experiment_linear_mchc
1641.136203570436,0.021793791662117572,mchc,CAPILAR,0.8,Random Forest Regressor,BayesSearchCV,0.8451637123434168,0.7100429140862649,2.160170759803587,-0.29645845287609984,8b0158f363824c1785621af95d671715,experiment_linear_mchc
1191.800439255616,0.0215148394393678,mchc,CAPILAR,0.8,Random Forest Regressor,BayesSearchCV,0.8451637123434168,0.7100429140862649,2.160170759803587,-0.29645845287609984,8b0158f363824c1785621af95d671715,experiment_linear_mchc
2510.880537072512,0.0204811876290917,mchc,CAPILAR,0.8,Random Forest Regressor,BayesSearchCV,0.8451637123434168,0.7100429140862649,2.160170759803587,-0.29645845287609984,8b0158f363824c1785621af95d671715,experiment_linear_mchc
1174.444122179078,0.01821556680670949,mchc,CAPILAR,0.8,Random Forest Regressor,BayesSearchCV,0.8451637123434168,0.7100429140862649,2.160170759803587,-0.29645845287609984,8b0158f363824c1785621af95d671715,experiment_linear_mchc
1274.725065287965,0.01819016360506645,mchc,CAPILAR,0.8,Random Forest Regressor,BayesSearchCV,0.8451637123434168,0.7100429140862649,2.160170759803587,-0.29645845287609984,8b0158f363824c1785621af95d671715,experiment_linear_mchc
1170.587162828736,0.016832387093376533,mchc,CAPILAR,0.8,Random Forest Regressor,BayesSearchCV,0.8451637123434168,0.7100429140862649,2.160170759803587,-0.29645845287609984,8b0158f363824c1785621af95d671715,experiment_linear_mchc
1639.207723895265,0.016241153433497444,mchc,CAPILAR,0.8,Random Forest Regressor,BayesSearchCV,0.8451637123434168,0.7100429140862649,2.160170759803587,-0.29645845287609984,8b0158f363824c1785621af95d671715,experiment_linear_mchc
1594.852691366334,0.016164432952717973,mchc,CAPILAR,0.8,Random Forest Regressor,BayesSearchCV,0.8451637123434168,0.7100429140862649,2.160170759803587,-0.29645845287609984,8b0158f363824c1785621af95d671715,experiment_linear_mchc
3048.926366445193,0.014812824059942284,mchc,CAPILAR,0.8,Random Forest Regressor,BayesSearchCV,0.8451637123434168,0.7100429140862649,2.160170759803587,-0.29645845287609984,8b0158f363824c1785621af95d671715,experiment_linear_mchc
933.3841627827155,0.013386518534064182,mchc,CAPILAR,0.8,Random Forest Regressor,BayesSearchCV,0.8451637123434168,0.7100429140862649,2.160170759803587,-0.29645845287609984,8b0158f363824c1785621af95d671715,experiment_linear_mchc
1643.064683245607,0.013318448943542114,mchc,CAPILAR,0.8,Random Forest Regressor,BayesSearchCV,0.8451637123434168,0.7100429140862649,2.160170759803587,-0.29645845287609984,8b0158f363824c1785621af95d671715,experiment_linear_mchc
1706.704512526246,0.012899028258183978,mchc,CAPILAR,0.8,Random Forest Regressor,BayesSearchCV,0.8451637123434168,0.7100429140862649,2.160170759803587,-0.29645845287609984,8b0158f363824c1785621af95d671715,experiment_linear_mchc
1172.515642503907,0.012684618520980646,mchc,CAPILAR,0.8,Random Forest Regressor,BayesSearchCV,0.8451637123434168,0.7100429140862649,2.160170759803587,-0.29645845287609984,8b0158f363824c1785621af95d671715,experiment_linear_mchc
1159.016284777711,0.011802292957690929,mchc,CAPILAR,0.8,Random Forest Regressor,BayesSearchCV,0.8451637123434168,0.7100429140862649,2.160170759803587,-0.29645845287609984,8b0158f363824c1785621af95d671715,experiment_linear_mchc
1118.518211599122,0.006821399786374207,mchc,PLASMA,0.8,Random Forest Regressor,BayesSearchCV,3.100503351850655,0.9423540358837786,4.986919663520158,-0.04763665067914746,8b0158f363824c1785621af95d671715,experiment_linear_mchc
1120.446691274293,0.0068072330966263165,mchc,PLASMA,0.8,Random Forest Regressor,BayesSearchCV,3.100503351850655,0.9423540358837786,4.986919663520158,-0.04763665067914746,8b0158f363824c1785621af95d671715,experiment_linear_mchc
1122.375170949464,0.006609960465010389,mchc,PLASMA,0.8,Random Forest Regressor,BayesSearchCV,3.100503351850655,0.9423540358837786,4.986919663520158,-0.04763665067914746,8b0158f363824c1785621af95d671715,experiment_linear_mchc
1116.589731923951,0.006507883702598344,mchc,PLASMA,0.8,Random Forest Regressor,BayesSearchCV,3.100503351850655,0.9423540358837786,4.986919663520158,-0.04763665067914746,8b0158f363824c1785621af95d671715,experiment_linear_mchc
1124.303650624635,0.0064481519798691095,mchc,PLASMA,0.8,Random Forest Regressor,BayesSearchCV,3.100503351850655,0.9423540358837786,4.986919663520158,-0.04763665067914746,8b0158f363824c1785621af95d671715,experiment_linear_mchc
1130.089089650148,0.006420888702064978,mchc,PLASMA,0.8,Random Forest Regressor,BayesSearchCV,3.100503351850655,0.9423540358837786,4.986919663520158,-0.04763665067914746,8b0158f363824c1785621af95d671715,experiment_linear_mchc
1128.160609974977,0.0063961972844833355,mchc,PLASMA,0.8,Random Forest Regressor,BayesSearchCV,3.100503351850655,0.9423540358837786,4.986919663520158,-0.04763665067914746,8b0158f363824c1785621af95d671715,experiment_linear_mchc
1126.232130299806,0.006374596764259237,mchc,PLASMA,0.8,Random Forest Regressor,BayesSearchCV,3.100503351850655,0.9423540358837786,4.986919663520158,-0.04763665067914746,8b0158f363824c1785621af95d671715,experiment_linear_mchc
1132.017569325318,0.006224407286999211,mchc,PLASMA,0.8,Random Forest Regressor,BayesSearchCV,3.100503351850655,0.9423540358837786,4.986919663520158,-0.04763665067914746,8b0158f363824c1785621af95d671715,experiment_linear_mchc
1114.66125224878,0.006011794319265332,mchc,PLASMA,0.8,Random Forest Regressor,BayesSearchCV,3.100503351850655,0.9423540358837786,4.986919663520158,-0.04763665067914746,8b0158f363824c1785621af95d671715,experiment_linear_mchc
1133.946049000489,0.005725755466840076,mchc,PLASMA,0.8,Random Forest Regressor,BayesSearchCV,3.100503351850655,0.9423540358837786,4.986919663520158,-0.04763665067914746,8b0158f363824c1785621af95d671715,experiment_linear_mchc
1112.732772573609,0.00540485511548987,mchc,PLASMA,0.8,Random Forest Regressor,BayesSearchCV,3.100503351850655,0.9423540358837786,4.986919663520158,-0.04763665067914746,8b0158f363824c1785621af95d671715,experiment_linear_mchc
1135.87452867566,0.004984736225259547,mchc,PLASMA,0.8,Random Forest Regressor,BayesSearchCV,3.100503351850655,0.9423540358837786,4.986919663520158,-0.04763665067914746,8b0158f363824c1785621af95d671715,experiment_linear_mchc
1110.804292898438,0.004700523599383197,mchc,PLASMA,0.8,Random Forest Regressor,BayesSearchCV,3.100503351850655,0.9423540358837786,4.986919663520158,-0.04763665067914746,8b0158f363824c1785621af95d671715,experiment_linear_mchc
1646.921642595948,0.004223764744648647,mchc,PLASMA,0.8,Random Forest Regressor,BayesSearchCV,3.100503351850655,0.9423540358837786,4.986919663520158,-0.04763665067914746,8b0158f363824c1785621af95d671715,experiment_linear_mchc
1558.211577538087,0.00411981549404948,mchc,PLASMA,0.8,Random Forest Regressor,BayesSearchCV,3.100503351850655,0.9423540358837786,4.986919663520158,-0.04763665067914746,8b0158f363824c1785621af95d671715,experiment_linear_mchc
1137.803008350831,0.004070568801429034,mchc,PLASMA,0.8,Random Forest Regressor,BayesSearchCV,3.100503351850655,0.9423540358837786,4.986919663520158,-0.04763665067914746,8b0158f363824c1785621af95d671715,experiment_linear_mchc
1108.875813223267,0.004066650091156487,mchc,PLASMA,0.8,Random Forest Regressor,BayesSearchCV,3.100503351850655,0.9423540358837786,4.986919663520158,-0.04763665067914746,8b0158f363824c1785621af95d671715,experiment_linear_mchc
1560.140057213258,0.0040239742836291085,mchc,PLASMA,0.8,Random Forest Regressor,BayesSearchCV,3.100503351850655,0.9423540358837786,4.986919663520158,-0.04763665067914746,8b0158f363824c1785621af95d671715,experiment_linear_mchc
1562.068536888429,0.003971939148214898,mchc,PLASMA,0.8,Random Forest Regressor,BayesSearchCV,3.100503351850655,0.9423540358837786,4.986919663520158,-0.04763665067914746,8b0158f363824c1785621af95d671715,experiment_linear_mchc
1124.303650624635,0.1302267752106897,mchc,PLASMA,0.8,Random Forest Regressor,BayesSearchCV,3.156794243281498,1.0001347589238585,5.194312728862299,-0.0860225049073049,8b0158f363824c1785621af95d671715,experiment_linear_mchc
1126.232130299806,0.06887725074790955,mchc,PLASMA,0.8,Random Forest Regressor,BayesSearchCV,3.156794243281498,1.0001347589238585,5.194312728862299,-0.0860225049073049,8b0158f363824c1785621af95d671715,experiment_linear_mchc
1716.346910902101,0.03823586302195119,mchc,PLASMA,0.8,Random Forest Regressor,BayesSearchCV,3.156794243281498,1.0001347589238585,5.194312728862299,-0.0860225049073049,8b0158f363824c1785621af95d671715,experiment_linear_mchc
1128.160609974977,0.037849731902979064,mchc,PLASMA,0.8,Random Forest Regressor,BayesSearchCV,3.156794243281498,1.0001347589238585,5.194312728862299,-0.0860225049073049,8b0158f363824c1785621af95d671715,experiment_linear_mchc
1122.375170949464,0.028869712504103296,mchc,PLASMA,0.8,Random Forest Regressor,BayesSearchCV,3.156794243281498,1.0001347589238585,5.194312728862299,-0.0860225049073049,8b0158f363824c1785621af95d671715,experiment_linear_mchc
1045.235983942628,0.019119270807734064,mchc,PLASMA,0.8,Random Forest Regressor,BayesSearchCV,3.156794243281498,1.0001347589238585,5.194312728862299,-0.0860225049073049,8b0158f363824c1785621af95d671715,experiment_linear_mchc
2699.87154523926,0.018237110068099284,mchc,PLASMA,0.8,Random Forest Regressor,BayesSearchCV,3.156794243281498,1.0001347589238585,5.194312728862299,-0.0860225049073049,8b0158f363824c1785621af95d671715,experiment_linear_mchc
1380.791447422364,0.016983588955759618,mchc,PLASMA,0.8,Random Forest Regressor,BayesSearchCV,3.156794243281498,1.0001347589238585,5.194312728862299,-0.0860225049073049,8b0158f363824c1785621af95d671715,experiment_linear_mchc
3035.427008718997,0.013809900769454729,mchc,PLASMA,0.8,Random Forest Regressor,BayesSearchCV,3.156794243281498,1.0001347589238585,5.194312728862299,-0.0860225049073049,8b0158f363824c1785621af95d671715,experiment_linear_mchc
1261.225707561769,0.013083760480403136,mchc,PLASMA,0.8,Random Forest Regressor,BayesSearchCV,3.156794243281498,1.0001347589238585,5.194312728862299,-0.0860225049073049,8b0158f363824c1785621af95d671715,experiment_linear_mchc
3037.355488394167,0.01269701340669195,mchc,PLASMA,0.8,Random Forest Regressor,BayesSearchCV,3.156794243281498,1.0001347589238585,5.194312728862299,-0.0860225049073049,8b0158f363824c1785621af95d671715,experiment_linear_mchc
2609.233000506228,0.010819768326182238,mchc,PLASMA,0.8,Random Forest Regressor,BayesSearchCV,3.156794243281498,1.0001347589238585,5.194312728862299,-0.0860225049073049,8b0158f363824c1785621af95d671715,experiment_linear_mchc
3033.498529043825,0.010596435461119462,mchc,PLASMA,0.8,Random Forest Regressor,BayesSearchCV,3.156794243281498,1.0001347589238585,5.194312728862299,-0.0860225049073049,8b0158f363824c1785621af95d671715,experiment_linear_mchc
1157.08780510254,0.010090085463064929,mchc,PLASMA,0.8,Random Forest Regressor,BayesSearchCV,3.156794243281498,1.0001347589238585,5.194312728862299,-0.0860225049073049,8b0158f363824c1785621af95d671715,experiment_linear_mchc
1159.016284777711,0.009602523412773413,mchc,PLASMA,0.8,Random Forest Regressor,BayesSearchCV,3.156794243281498,1.0001347589238585,5.194312728862299,-0.0860225049073049,8b0158f363824c1785621af95d671715,experiment_linear_mchc
3046.997886770022,0.00949954101768587,mchc,PLASMA,0.8,Random Forest Regressor,BayesSearchCV,3.156794243281498,1.0001347589238585,5.194312728862299,-0.0860225049073049,8b0158f363824c1785621af95d671715,experiment_linear_mchc
1646.921642595948,0.008989406129453757,mchc,PLASMA,0.8,Random Forest Regressor,BayesSearchCV,3.156794243281498,1.0001347589238585,5.194312728862299,-0.0860225049073049,8b0158f363824c1785621af95d671715,experiment_linear_mchc
1143.588447376344,0.00884502649374267,mchc,PLASMA,0.8,Random Forest Regressor,BayesSearchCV,3.156794243281498,1.0001347589238585,5.194312728862299,-0.0860225049073049,8b0158f363824c1785621af95d671715,experiment_linear_mchc
2674.801309462038,0.008837014129768393,mchc,PLASMA,0.8,Random Forest Regressor,BayesSearchCV,3.156794243281498,1.0001347589238585,5.194312728862299,-0.0860225049073049,8b0158f363824c1785621af95d671715,experiment_linear_mchc
1130.089089650148,0.008823126515102427,mchc,PLASMA,0.8,Random Forest Regressor,BayesSearchCV,3.156794243281498,1.0001347589238585,5.194312728862299,-0.0860225049073049,8b0158f363824c1785621af95d671715,experiment_linear_mchc
1120.446691274293,0.006452200327855625,mchc,PLASMA,0.8,Random Forest Regressor,BayesSearchCV,3.102480289320247,0.9266101096744938,4.942301071217401,-0.048973061063896095,8b0158f363824c1785621af95d671715,experiment_linear_mchc
1118.518211599122,0.006428027486014979,mchc,PLASMA,0.8,Random Forest Regressor,BayesSearchCV,3.102480289320247,0.9266101096744938,4.942301071217401,-0.048973061063896095,8b0158f363824c1785621af95d671715,experiment_linear_mchc
1122.375170949464,0.006331017011638817,mchc,PLASMA,0.8,Random Forest Regressor,BayesSearchCV,3.102480289320247,0.9266101096744938,4.942301071217401,-0.048973061063896095,8b0158f363824c1785621af95d671715,experiment_linear_mchc
1124.303650624635,0.006221050283281094,mchc,PLASMA,0.8,Random Forest Regressor,BayesSearchCV,3.102480289320247,0.9266101096744938,4.942301071217401,-0.048973061063896095,8b0158f363824c1785621af95d671715,experiment_linear_mchc
1126.232130299806,0.006156112744441494,mchc,PLASMA,0.8,Random Forest Regressor,BayesSearchCV,3.102480289320247,0.9266101096744938,4.942301071217401,-0.048973061063896095,8b0158f363824c1785621af95d671715,experiment_linear_mchc
1116.589731923951,0.0061515724774239096,mchc,PLASMA,0.8,Random Forest Regressor,BayesSearchCV,3.102480289320247,0.9266101096744938,4.942301071217401,-0.048973061063896095,8b0158f363824c1785621af95d671715,experiment_linear_mchc
1128.160609974977,0.006144014329235046,mchc,PLASMA,0.8,Random Forest Regressor,BayesSearchCV,3.102480289320247,0.9266101096744938,4.942301071217401,-0.048973061063896095,8b0158f363824c1785621af95d671715,experiment_linear_mchc
1130.089089650148,0.006112908674401506,mchc,PLASMA,0.8,Random Forest Regressor,BayesSearchCV,3.102480289320247,0.9266101096744938,4.942301071217401,-0.048973061063896095,8b0158f363824c1785621af95d671715,experiment_linear_mchc
1132.017569325318,0.005887142704746305,mchc,PLASMA,0.8,Random Forest Regressor,BayesSearchCV,3.102480289320247,0.9266101096744938,4.942301071217401,-0.048973061063896095,8b0158f363824c1785621af95d671715,experiment_linear_mchc
1114.66125224878,0.005732607490524105,mchc,PLASMA,0.8,Random Forest Regressor,BayesSearchCV,3.102480289320247,0.9266101096744938,4.942301071217401,-0.048973061063896095,8b0158f363824c1785621af95d671715,experiment_linear_mchc
1133.946049000489,0.0054050136158638,mchc,PLASMA,0.8,Random Forest Regressor,BayesSearchCV,3.102480289320247,0.9266101096744938,4.942301071217401,-0.048973061063896095,8b0158f363824c1785621af95d671715,experiment_linear_mchc
1112.732772573609,0.005221902906011268,mchc,PLASMA,0.8,Random Forest Regressor,BayesSearchCV,3.102480289320247,0.9266101096744938,4.942301071217401,-0.048973061063896095,8b0158f363824c1785621af95d671715,experiment_linear_mchc
1135.87452867566,0.004710713148993418,mchc,PLASMA,0.8,Random Forest Regressor,BayesSearchCV,3.102480289320247,0.9266101096744938,4.942301071217401,-0.048973061063896095,8b0158f363824c1785621af95d671715,experiment_linear_mchc
1110.804292898438,0.004625863128578203,mchc,PLASMA,0.8,Random Forest Regressor,BayesSearchCV,3.102480289320247,0.9266101096744938,4.942301071217401,-0.048973061063896095,8b0158f363824c1785621af95d671715,experiment_linear_mchc
1108.875813223267,0.004073769142370904,mchc,PLASMA,0.8,Random Forest Regressor,BayesSearchCV,3.102480289320247,0.9266101096744938,4.942301071217401,-0.048973061063896095,8b0158f363824c1785621af95d671715,experiment_linear_mchc
1137.803008350831,0.0038644658762280316,mchc,PLASMA,0.8,Random Forest Regressor,BayesSearchCV,3.102480289320247,0.9266101096744938,4.942301071217401,-0.048973061063896095,8b0158f363824c1785621af95d671715,experiment_linear_mchc
1558.211577538087,0.0037412737782007164,mchc,PLASMA,0.8,Random Forest Regressor,BayesSearchCV,3.102480289320247,0.9266101096744938,4.942301071217401,-0.048973061063896095,8b0158f363824c1785621af95d671715,experiment_linear_mchc
1560.140057213258,0.003686516880637743,mchc,PLASMA,0.8,Random Forest Regressor,BayesSearchCV,3.102480289320247,0.9266101096744938,4.942301071217401,-0.048973061063896095,8b0158f363824c1785621af95d671715,experiment_linear_mchc
1562.068536888429,0.003600972450270236,mchc,PLASMA,0.8,Random Forest Regressor,BayesSearchCV,3.102480289320247,0.9266101096744938,4.942301071217401,-0.048973061063896095,8b0158f363824c1785621af95d671715,experiment_linear_mchc
1106.947333548097,0.003537337988239164,mchc,PLASMA,0.8,Random Forest Regressor,BayesSearchCV,3.102480289320247,0.9266101096744938,4.942301071217401,-0.048973061063896095,8b0158f363824c1785621af95d671715,experiment_linear_mchc
1124.303650624635,0.13720473702215533,mchc,PLASMA,0.8,Random Forest Regressor,BayesSearchCV,3.1583682413144274,0.9866491523485132,5.1558985797483805,-0.08710577059581359,8b0158f363824c1785621af95d671715,experiment_linear_mchc
1126.232130299806,0.09039218190050247,mchc,PLASMA,0.8,Random Forest Regressor,BayesSearchCV,3.1583682413144274,0.9866491523485132,5.1558985797483805,-0.08710577059581359,8b0158f363824c1785621af95d671715,experiment_linear_mchc
1716.346910902101,0.028943944095038903,mchc,PLASMA,0.8,Random Forest Regressor,BayesSearchCV,3.1583682413144274,0.9866491523485132,5.1558985797483805,-0.08710577059581359,8b0158f363824c1785621af95d671715,experiment_linear_mchc
1380.791447422364,0.02136143928926184,mchc,PLASMA,0.8,Random Forest Regressor,BayesSearchCV,3.1583682413144274,0.9866491523485132,5.1558985797483805,-0.08710577059581359,8b0158f363824c1785621af95d671715,experiment_linear_mchc
1128.160609974977,0.019552976489780056,mchc,PLASMA,0.8,Random Forest Regressor,BayesSearchCV,3.1583682413144274,0.9866491523485132,5.1558985797483805,-0.08710577059581359,8b0158f363824c1785621af95d671715,experiment_linear_mchc
1122.375170949464,0.019083306446987688,mchc,PLASMA,0.8,Random Forest Regressor,BayesSearchCV,3.1583682413144274,0.9866491523485132,5.1558985797483805,-0.08710577059581359,8b0158f363824c1785621af95d671715,experiment_linear_mchc
2699.87154523926,0.01819670407798208,mchc,PLASMA,0.8,Random Forest Regressor,BayesSearchCV,3.1583682413144274,0.9866491523485132,5.1558985797483805,-0.08710577059581359,8b0158f363824c1785621af95d671715,experiment_linear_mchc
1382.719927097535,0.010957278714328045,mchc,PLASMA,0.8,Random Forest Regressor,BayesSearchCV,3.1583682413144274,0.9866491523485132,5.1558985797483805,-0.08710577059581359,8b0158f363824c1785621af95d671715,experiment_linear_mchc
1157.08780510254,0.010725948074678054,mchc,PLASMA,0.8,Random Forest Regressor,BayesSearchCV,3.1583682413144274,0.9866491523485132,5.1558985797483805,-0.08710577059581359,8b0158f363824c1785621af95d671715,experiment_linear_mchc
1263.15418723694,0.010332741714817824,mchc,PLASMA,0.8,Random Forest Regressor,BayesSearchCV,3.1583682413144274,0.9866491523485132,5.1558985797483805,-0.08710577059581359,8b0158f363824c1785621af95d671715,experiment_linear_mchc
1045.235983942628,0.009676504819534516,mchc,PLASMA,0.8,Random Forest Regressor,BayesSearchCV,3.1583682413144274,0.9866491523485132,5.1558985797483805,-0.08710577059581359,8b0158f363824c1785621af95d671715,experiment_linear_mchc
1159.016284777711,0.009633509365101179,mchc,PLASMA,0.8,Random Forest Regressor,BayesSearchCV,3.1583682413144274,0.9866491523485132,5.1558985797483805,-0.08710577059581359,8b0158f363824c1785621af95d671715,experiment_linear_mchc
1384.648406772706,0.009616730477788871,mchc,PLASMA,0.8,Random Forest Regressor,BayesSearchCV,3.1583682413144274,0.9866491523485132,5.1558985797483805,-0.08710577059581359,8b0158f363824c1785621af95d671715,experiment_linear_mchc
3035.427008718997,0.009436530013629115,mchc,PLASMA,0.8,Random Forest Regressor,BayesSearchCV,3.1583682413144274,0.9866491523485132,5.1558985797483805,-0.08710577059581359,8b0158f363824c1785621af95d671715,experiment_linear_mchc
3046.997886770022,0.009060335320409733,mchc,PLASMA,0.8,Random Forest Regressor,BayesSearchCV,3.1583682413144274,0.9866491523485132,5.1558985797483805,-0.08710577059581359,8b0158f363824c1785621af95d671715,experiment_linear_mchc
1259.297227886598,0.008364213122769224,mchc,PLASMA,0.8,Random Forest Regressor,BayesSearchCV,3.1583682413144274,0.9866491523485132,5.1558985797483805,-0.08710577059581359,8b0158f363824c1785621af95d671715,experiment_linear_mchc
1130.089089650148,0.007969912034732097,mchc,PLASMA,0.8,Random Forest Regressor,BayesSearchCV,3.1583682413144274,0.9866491523485132,5.1558985797483805,-0.08710577059581359,8b0158f363824c1785621af95d671715,experiment_linear_mchc
1261.225707561769,0.007898907553400681,mchc,PLASMA,0.8,Random Forest Regressor,BayesSearchCV,3.1583682413144274,0.9866491523485132,5.1558985797483805,-0.08710577059581359,8b0158f363824c1785621af95d671715,experiment_linear_mchc
1143.588447376344,0.007866014958430444,mchc,PLASMA,0.8,Random Forest Regressor,BayesSearchCV,3.1583682413144274,0.9866491523485132,5.1558985797483805,-0.08710577059581359,8b0158f363824c1785621af95d671715,experiment_linear_mchc
3037.355488394167,0.007834197348178416,mchc,PLASMA,0.8,Random Forest Regressor,BayesSearchCV,3.1583682413144274,0.9866491523485132,5.1558985797483805,-0.08710577059581359,8b0158f363824c1785621af95d671715,experiment_linear_mchc
929.5272034323739,0.0051216931002602975,mchc,SALIVA,0.8,Random Forest Regressor,BayesSearchCV,3.149174770762866,0.9925506888182175,5.121125038782251,-0.03044603275787927,8b0158f363824c1785621af95d671715,experiment_linear_mchc
931.4556831075452,0.0048294112127085466,mchc,SALIVA,0.8,Random Forest Regressor,BayesSearchCV,3.149174770762866,0.9925506888182175,5.121125038782251,-0.03044603275787927,8b0158f363824c1785621af95d671715,experiment_linear_mchc
1727.917788953126,0.004737354915500078,mchc,SALIVA,0.8,Random Forest Regressor,BayesSearchCV,3.149174770762866,0.9925506888182175,5.121125038782251,-0.03044603275787927,8b0158f363824c1785621af95d671715,experiment_linear_mchc
1022.094227840577,0.004521650712798057,mchc,SALIVA,0.8,Random Forest Regressor,BayesSearchCV,3.149174770762866,0.9925506888182175,5.121125038782251,-0.03044603275787927,8b0158f363824c1785621af95d671715,experiment_linear_mchc
950.7404798592538,0.004514974580720362,mchc,SALIVA,0.8,Random Forest Regressor,BayesSearchCV,3.149174770762866,0.9925506888182175,5.121125038782251,-0.03044603275787927,8b0158f363824c1785621af95d671715,experiment_linear_mchc
1024.022707515748,0.004508079358768666,mchc,SALIVA,0.8,Random Forest Regressor,BayesSearchCV,3.149174770762866,0.9925506888182175,5.121125038782251,-0.03044603275787927,8b0158f363824c1785621af95d671715,experiment_linear_mchc
1027.87966686609,0.004506845217361482,mchc,SALIVA,0.8,Random Forest Regressor,BayesSearchCV,3.149174770762866,0.9925506888182175,5.121125038782251,-0.03044603275787927,8b0158f363824c1785621af95d671715,experiment_linear_mchc
1025.951187190919,0.0045015285257626846,mchc,SALIVA,0.8,Random Forest Regressor,BayesSearchCV,3.149174770762866,0.9925506888182175,5.121125038782251,-0.03044603275787927,8b0158f363824c1785621af95d671715,experiment_linear_mchc
1029.808146541261,0.004492867709766648,mchc,SALIVA,0.8,Random Forest Regressor,BayesSearchCV,3.149174770762866,0.9925506888182175,5.121125038782251,-0.03044603275787927,8b0158f363824c1785621af95d671715,experiment_linear_mchc
1031.736626216432,0.004447649553899824,mchc,SALIVA,0.8,Random Forest Regressor,BayesSearchCV,3.149174770762866,0.9925506888182175,5.121125038782251,-0.03044603275787927,8b0158f363824c1785621af95d671715,experiment_linear_mchc
1729.846268628297,0.0044311814475316,mchc,SALIVA,0.8,Random Forest Regressor,BayesSearchCV,3.149174770762866,0.9925506888182175,5.121125038782251,-0.03044603275787927,8b0158f363824c1785621af95d671715,experiment_linear_mchc
1020.165748165406,0.00442585355491451,mchc,SALIVA,0.8,Random Forest Regressor,BayesSearchCV,3.149174770762866,0.9925506888182175,5.121125038782251,-0.03044603275787927,8b0158f363824c1785621af95d671715,experiment_linear_mchc
1033.665105891602,0.004371210869890522,mchc,SALIVA,0.8,Random Forest Regressor,BayesSearchCV,3.149174770762866,0.9925506888182175,5.121125038782251,-0.03044603275787927,8b0158f363824c1785621af95d671715,experiment_linear_mchc
933.3841627827155,0.0043400448237473875,mchc,SALIVA,0.8,Random Forest Regressor,BayesSearchCV,3.149174770762866,0.9925506888182175,5.121125038782251,-0.03044603275787927,8b0158f363824c1785621af95d671715,experiment_linear_mchc
1035.593585566773,0.0043042151164302,mchc,SALIVA,0.8,Random Forest Regressor,BayesSearchCV,3.149174770762866,0.9925506888182175,5.121125038782251,-0.03044603275787927,8b0158f363824c1785621af95d671715,experiment_linear_mchc
1018.237268490235,0.004259930109017135,mchc,SALIVA,0.8,Random Forest Regressor,BayesSearchCV,3.149174770762866,0.9925506888182175,5.121125038782251,-0.03044603275787927,8b0158f363824c1785621af95d671715,experiment_linear_mchc
1037.522065241944,0.004240539724649951,mchc,SALIVA,0.8,Random Forest Regressor,BayesSearchCV,3.149174770762866,0.9925506888182175,5.121125038782251,-0.03044603275787927,8b0158f363824c1785621af95d671715,experiment_linear_mchc
1725.989309277955,0.00422920068269966,mchc,SALIVA,0.8,Random Forest Regressor,BayesSearchCV,3.149174770762866,0.9925506888182175,5.121125038782251,-0.03044603275787927,8b0158f363824c1785621af95d671715,experiment_linear_mchc
1039.450544917115,0.004131146920894802,mchc,SALIVA,0.8,Random Forest Regressor,BayesSearchCV,3.149174770762866,0.9925506888182175,5.121125038782251,-0.03044603275787927,8b0158f363824c1785621af95d671715,experiment_linear_mchc
1016.308788815064,0.004108550477731626,mchc,SALIVA,0.8,Random Forest Regressor,BayesSearchCV,3.149174770762866,0.9925506888182175,5.121125038782251,-0.03044603275787927,8b0158f363824c1785621af95d671715,experiment_linear_mchc
933.3841627827155,0.040138269141511425,mchc,SALIVA,0.8,Random Forest Regressor,BayesSearchCV,3.113166302070936,0.9314563812099012,4.914762312535156,-0.00701598926542113,8b0158f363824c1785621af95d671715,experiment_linear_mchc
929.5272034323739,0.02140417358166199,mchc,SALIVA,0.8,Random Forest Regressor,BayesSearchCV,3.113166302070936,0.9314563812099012,4.914762312535156,-0.00701598926542113,8b0158f363824c1785621af95d671715,experiment_linear_mchc
2734.584179392336,0.018763663732833575,mchc,SALIVA,0.8,Random Forest Regressor,BayesSearchCV,3.113166302070936,0.9314563812099012,4.914762312535156,-0.00701598926542113,8b0158f363824c1785621af95d671715,experiment_linear_mchc
3033.498529043825,0.017523710925145555,mchc,SALIVA,0.8,Random Forest Regressor,BayesSearchCV,3.113166302070936,0.9314563812099012,4.914762312535156,-0.00701598926542113,8b0158f363824c1785621af95d671715,experiment_linear_mchc
2711.442423290285,0.012236195288733603,mchc,SALIVA,0.8,Random Forest Regressor,BayesSearchCV,3.113166302070936,0.9314563812099012,4.914762312535156,-0.00701598926542113,8b0158f363824c1785621af95d671715,experiment_linear_mchc
3050.854846120364,0.01028187551889694,mchc,SALIVA,0.8,Random Forest Regressor,BayesSearchCV,3.113166302070936,0.9314563812099012,4.914762312535156,-0.00701598926542113,8b0158f363824c1785621af95d671715,experiment_linear_mchc
2665.158911086184,0.009941530020093065,mchc,SALIVA,0.8,Random Forest Regressor,BayesSearchCV,3.113166302070936,0.9314563812099012,4.914762312535156,-0.00701598926542113,8b0158f363824c1785621af95d671715,experiment_linear_mchc
3016.142211967287,0.009551049105463545,mchc,SALIVA,0.8,Random Forest Regressor,BayesSearchCV,3.113166302070936,0.9314563812099012,4.914762312535156,-0.00701598926542113,8b0158f363824c1785621af95d671715,experiment_linear_mchc
3031.570049368655,0.009095229250341457,mchc,SALIVA,0.8,Random Forest Regressor,BayesSearchCV,3.113166302070936,0.9314563812099012,4.914762312535156,-0.00701598926542113,8b0158f363824c1785621af95d671715,experiment_linear_mchc
962.3113579102792,0.00906606108834372,mchc,SALIVA,0.8,Random Forest Regressor,BayesSearchCV,3.113166302070936,0.9314563812099012,4.914762312535156,-0.00701598926542113,8b0158f363824c1785621af95d671715,experiment_linear_mchc
2809.794886724001,0.008842226204505404,mchc,SALIVA,0.8,Random Forest Regressor,BayesSearchCV,3.113166302070936,0.9314563812099012,4.914762312535156,-0.00701598926542113,8b0158f363824c1785621af95d671715,experiment_linear_mchc
1133.946049000489,0.008577744774966414,mchc,SALIVA,0.8,Random Forest Regressor,BayesSearchCV,3.113166302070936,0.9314563812099012,4.914762312535156,-0.00701598926542113,8b0158f363824c1785621af95d671715,experiment_linear_mchc
1209.156756332154,0.008281094276831248,mchc,SALIVA,0.8,Random Forest Regressor,BayesSearchCV,3.113166302070936,0.9314563812099012,4.914762312535156,-0.00701598926542113,8b0158f363824c1785621af95d671715,experiment_linear_mchc
1731.774748303468,0.00827925941138673,mchc,SALIVA,0.8,Random Forest Regressor,BayesSearchCV,3.113166302070936,0.9314563812099012,4.914762312535156,-0.00701598926542113,8b0158f363824c1785621af95d671715,experiment_linear_mchc
2709.513943615114,0.008136812170697198,mchc,SALIVA,0.8,Random Forest Regressor,BayesSearchCV,3.113166302070936,0.9314563812099012,4.914762312535156,-0.00701598926542113,8b0158f363824c1785621af95d671715,experiment_linear_mchc
2697.943065564089,0.008073324472714454,mchc,SALIVA,0.8,Random Forest Regressor,BayesSearchCV,3.113166302070936,0.9314563812099012,4.914762312535156,-0.00701598926542113,8b0158f363824c1785621af95d671715,experiment_linear_mchc
3014.213732292117,0.007823229008858847,mchc,SALIVA,0.8,Random Forest Regressor,BayesSearchCV,3.113166302070936,0.9314563812099012,4.914762312535156,-0.00701598926542113,8b0158f363824c1785621af95d671715,experiment_linear_mchc
3039.283968069338,0.007644860266003819,mchc,SALIVA,0.8,Random Forest Regressor,BayesSearchCV,3.113166302070936,0.9314563812099012,4.914762312535156,-0.00701598926542113,8b0158f363824c1785621af95d671715,experiment_linear_mchc
2705.656984264772,0.007535919128557074,mchc,SALIVA,0.8,Random Forest Regressor,BayesSearchCV,3.113166302070936,0.9314563812099012,4.914762312535156,-0.00701598926542113,8b0158f363824c1785621af95d671715,experiment_linear_mchc
2723.013301341311,0.0075081215431998995,mchc,SALIVA,0.8,Random Forest Regressor,BayesSearchCV,3.113166302070936,0.9314563812099012,4.914762312535156,-0.00701598926542113,8b0158f363824c1785621af95d671715,experiment_linear_mchc
929.5272034323739,0.005108116655943973,mchc,SALIVA,0.8,Random Forest Regressor,BayesSearchCV,3.1490204672973348,0.9921591669565383,5.120014860963518,-0.030345055511399766,8b0158f363824c1785621af95d671715,experiment_linear_mchc
931.4556831075452,0.004813857685560541,mchc,SALIVA,0.8,Random Forest Regressor,BayesSearchCV,3.1490204672973348,0.9921591669565383,5.120014860963518,-0.030345055511399766,8b0158f363824c1785621af95d671715,experiment_linear_mchc
1727.917788953126,0.004738598764982399,mchc,SALIVA,0.8,Random Forest Regressor,BayesSearchCV,3.1490204672973348,0.9921591669565383,5.120014860963518,-0.030345055511399766,8b0158f363824c1785621af95d671715,experiment_linear_mchc
1022.094227840577,0.004533119325850538,mchc,SALIVA,0.8,Random Forest Regressor,BayesSearchCV,3.1490204672973348,0.9921591669565383,5.120014860963518,-0.030345055511399766,8b0158f363824c1785621af95d671715,experiment_linear_mchc
1024.022707515748,0.004519965604485741,mchc,SALIVA,0.8,Random Forest Regressor,BayesSearchCV,3.1490204672973348,0.9921591669565383,5.120014860963518,-0.030345055511399766,8b0158f363824c1785621af95d671715,experiment_linear_mchc
1027.87966686609,0.004519880788648114,mchc,SALIVA,0.8,Random Forest Regressor,BayesSearchCV,3.1490204672973348,0.9921591669565383,5.120014860963518,-0.030345055511399766,8b0158f363824c1785621af95d671715,experiment_linear_mchc
1025.951187190919,0.004513978577033343,mchc,SALIVA,0.8,Random Forest Regressor,BayesSearchCV,3.1490204672973348,0.9921591669565383,5.120014860963518,-0.030345055511399766,8b0158f363824c1785621af95d671715,experiment_linear_mchc
1029.808146541261,0.004506260579479511,mchc,SALIVA,0.8,Random Forest Regressor,BayesSearchCV,3.1490204672973348,0.9921591669565383,5.120014860963518,-0.030345055511399766,8b0158f363824c1785621af95d671715,experiment_linear_mchc
950.7404798592538,0.004501260811631446,mchc,SALIVA,0.8,Random Forest Regressor,BayesSearchCV,3.1490204672973348,0.9921591669565383,5.120014860963518,-0.030345055511399766,8b0158f363824c1785621af95d671715,experiment_linear_mchc
1031.736626216432,0.004461084632638939,mchc,SALIVA,0.8,Random Forest Regressor,BayesSearchCV,3.1490204672973348,0.9921591669565383,5.120014860963518,-0.030345055511399766,8b0158f363824c1785621af95d671715,experiment_linear_mchc
1020.165748165406,0.004437006885203761,mchc,SALIVA,0.8,Random Forest Regressor,BayesSearchCV,3.1490204672973348,0.9921591669565383,5.120014860963518,-0.030345055511399766,8b0158f363824c1785621af95d671715,experiment_linear_mchc
1729.846268628297,0.004433500948238996,mchc,SALIVA,0.8,Random Forest Regressor,BayesSearchCV,3.1490204672973348,0.9921591669565383,5.120014860963518,-0.030345055511399766,8b0158f363824c1785621af95d671715,experiment_linear_mchc
1033.665105891602,0.004384400917173455,mchc,SALIVA,0.8,Random Forest Regressor,BayesSearchCV,3.1490204672973348,0.9921591669565383,5.120014860963518,-0.030345055511399766,8b0158f363824c1785621af95d671715,experiment_linear_mchc
933.3841627827155,0.004324346980611066,mchc,SALIVA,0.8,Random Forest Regressor,BayesSearchCV,3.1490204672973348,0.9921591669565383,5.120014860963518,-0.030345055511399766,8b0158f363824c1785621af95d671715,experiment_linear_mchc
1035.593585566773,0.004316946856797266,mchc,SALIVA,0.8,Random Forest Regressor,BayesSearchCV,3.1490204672973348,0.9921591669565383,5.120014860963518,-0.030345055511399766,8b0158f363824c1785621af95d671715,experiment_linear_mchc
1018.237268490235,0.004270935817535686,mchc,SALIVA,0.8,Random Forest Regressor,BayesSearchCV,3.1490204672973348,0.9921591669565383,5.120014860963518,-0.030345055511399766,8b0158f363824c1785621af95d671715,experiment_linear_mchc
1037.522065241944,0.004252589420665977,mchc,SALIVA,0.8,Random Forest Regressor,BayesSearchCV,3.1490204672973348,0.9921591669565383,5.120014860963518,-0.030345055511399766,8b0158f363824c1785621af95d671715,experiment_linear_mchc
1725.989309277955,0.004229673700163815,mchc,SALIVA,0.8,Random Forest Regressor,BayesSearchCV,3.1490204672973348,0.9921591669565383,5.120014860963518,-0.030345055511399766,8b0158f363824c1785621af95d671715,experiment_linear_mchc
1039.450544917115,0.004142295254546423,mchc,SALIVA,0.8,Random Forest Regressor,BayesSearchCV,3.1490204672973348,0.9921591669565383,5.120014860963518,-0.030345055511399766,8b0158f363824c1785621af95d671715,experiment_linear_mchc
1016.308788815064,0.00411946320842928,mchc,SALIVA,0.8,Random Forest Regressor,BayesSearchCV,3.1490204672973348,0.9921591669565383,5.120014860963518,-0.030345055511399766,8b0158f363824c1785621af95d671715,experiment_linear_mchc
933.3841627827155,0.040765117062893555,mchc,SALIVA,0.8,Random Forest Regressor,BayesSearchCV,3.1184005014331397,0.9336603713044935,4.924953372785012,-0.010405049126441801,8b0158f363824c1785621af95d671715,experiment_linear_mchc
929.5272034323739,0.025445482237327028,mchc,SALIVA,0.8,Random Forest Regressor,BayesSearchCV,3.1184005014331397,0.9336603713044935,4.924953372785012,-0.010405049126441801,8b0158f363824c1785621af95d671715,experiment_linear_mchc
2734.584179392336,0.023445119769473652,mchc,SALIVA,0.8,Random Forest Regressor,BayesSearchCV,3.1184005014331397,0.9336603713044935,4.924953372785012,-0.010405049126441801,8b0158f363824c1785621af95d671715,experiment_linear_mchc
3033.498529043825,0.019829171565834466,mchc,SALIVA,0.8,Random Forest Regressor,BayesSearchCV,3.1184005014331397,0.9336603713044935,4.924953372785012,-0.010405049126441801,8b0158f363824c1785621af95d671715,experiment_linear_mchc
2711.442423290285,0.012836423975769427,mchc,SALIVA,0.8,Random Forest Regressor,BayesSearchCV,3.1184005014331397,0.9336603713044935,4.924953372785012,-0.010405049126441801,8b0158f363824c1785621af95d671715,experiment_linear_mchc
2665.158911086184,0.011753843512813804,mchc,SALIVA,0.8,Random Forest Regressor,BayesSearchCV,3.1184005014331397,0.9336603713044935,4.924953372785012,-0.010405049126441801,8b0158f363824c1785621af95d671715,experiment_linear_mchc
3016.142211967287,0.011347871826468339,mchc,SALIVA,0.8,Random Forest Regressor,BayesSearchCV,3.1184005014331397,0.9336603713044935,4.924953372785012,-0.010405049126441801,8b0158f363824c1785621af95d671715,experiment_linear_mchc
2809.794886724001,0.010581980152195579,mchc,SALIVA,0.8,Random Forest Regressor,BayesSearchCV,3.1184005014331397,0.9336603713044935,4.924953372785012,-0.010405049126441801,8b0158f363824c1785621af95d671715,experiment_linear_mchc
3050.854846120364,0.010511154864358907,mchc,SALIVA,0.8,Random Forest Regressor,BayesSearchCV,3.1184005014331397,0.9336603713044935,4.924953372785012,-0.010405049126441801,8b0158f363824c1785621af95d671715,experiment_linear_mchc
1133.946049000489,0.01027883357761827,mchc,SALIVA,0.8,Random Forest Regressor,BayesSearchCV,3.1184005014331397,0.9336603713044935,4.924953372785012,-0.010405049126441801,8b0158f363824c1785621af95d671715,experiment_linear_mchc
1209.156756332154,0.01001940005133518,mchc,SALIVA,0.8,Random Forest Regressor,BayesSearchCV,3.1184005014331397,0.9336603713044935,4.924953372785012,-0.010405049126441801,8b0158f363824c1785621af95d671715,experiment_linear_mchc
3014.213732292117,0.009847726039745892,mchc,SALIVA,0.8,Random Forest Regressor,BayesSearchCV,3.1184005014331397,0.9336603713044935,4.924953372785012,-0.010405049126441801,8b0158f363824c1785621af95d671715,experiment_linear_mchc
3021.9276509928,0.009522789809938988,mchc,SALIVA,0.8,Random Forest Regressor,BayesSearchCV,3.1184005014331397,0.9336603713044935,4.924953372785012,-0.010405049126441801,8b0158f363824c1785621af95d671715,experiment_linear_mchc
2717.227862315798,0.009057313599682369,mchc,SALIVA,0.8,Random Forest Regressor,BayesSearchCV,3.1184005014331397,0.9336603713044935,4.924953372785012,-0.010405049126441801,8b0158f363824c1785621af95d671715,experiment_linear_mchc
2697.943065564089,0.008914146928660808,mchc,SALIVA,0.8,Random Forest Regressor,BayesSearchCV,3.1184005014331397,0.9336603713044935,4.924953372785012,-0.010405049126441801,8b0158f363824c1785621af95d671715,experiment_linear_mchc
3039.283968069338,0.008182983051770419,mchc,SALIVA,0.8,Random Forest Regressor,BayesSearchCV,3.1184005014331397,0.9336603713044935,4.924953372785012,-0.010405049126441801,8b0158f363824c1785621af95d671715,experiment_linear_mchc
1589.067252340822,0.007802968937892005,mchc,SALIVA,0.8,Random Forest Regressor,BayesSearchCV,3.1184005014331397,0.9336603713044935,4.924953372785012,-0.010405049126441801,8b0158f363824c1785621af95d671715,experiment_linear_mchc
3029.641569693484,0.007710564256981696,mchc,SALIVA,0.8,Random Forest Regressor,BayesSearchCV,3.1184005014331397,0.9336603713044935,4.924953372785012,-0.010405049126441801,8b0158f363824c1785621af95d671715,experiment_linear_mchc
2696.014585888918,0.007705087144093792,mchc,SALIVA,0.8,Random Forest Regressor,BayesSearchCV,3.1184005014331397,0.9336603713044935,4.924953372785012,-0.010405049126441801,8b0158f363824c1785621af95d671715,experiment_linear_mchc
1585.21029299048,0.007695282045175382,mchc,SALIVA,0.8,Random Forest Regressor,BayesSearchCV,3.1184005014331397,0.9336603713044935,4.924953372785012,-0.010405049126441801,8b0158f363824c1785621af95d671715,experiment_linear_mchc
2717.227862315798,0.009243516118771306,mchc,SERUM,0.8,Random Forest Regressor,BayesSearchCV,0.8883984460384092,0.7257310068871724,2.2005015825397995,-0.03338877414061625,8b0158f363824c1785621af95d671715,experiment_linear_mchc
2715.299382640627,0.00806100505156564,mchc,SERUM,0.8,Random Forest Regressor,BayesSearchCV,0.8883984460384092,0.7257310068871724,2.2005015825397995,-0.03338877414061625,8b0158f363824c1785621af95d671715,experiment_linear_mchc
2713.370902965456,0.00726213902615454,mchc,SERUM,0.8,Random Forest Regressor,BayesSearchCV,0.8883984460384092,0.7257310068871724,2.2005015825397995,-0.03338877414061625,8b0158f363824c1785621af95d671715,experiment_linear_mchc
1716.346910902101,0.006413212512186754,mchc,SERUM,0.8,Random Forest Regressor,BayesSearchCV,0.8883984460384092,0.7257310068871724,2.2005015825397995,-0.03338877414061625,8b0158f363824c1785621af95d671715,experiment_linear_mchc
3045.069407094851,0.00597976936065897,mchc,SERUM,0.8,Random Forest Regressor,BayesSearchCV,0.8883984460384092,0.7257310068871724,2.2005015825397995,-0.03338877414061625,8b0158f363824c1785621af95d671715,experiment_linear_mchc
2719.156341990969,0.0054410509841461155,mchc,SERUM,0.8,Random Forest Regressor,BayesSearchCV,0.8883984460384092,0.7257310068871724,2.2005015825397995,-0.03338877414061625,8b0158f363824c1785621af95d671715,experiment_linear_mchc
2680.586748487551,0.005429145772954708,mchc,SERUM,0.8,Random Forest Regressor,BayesSearchCV,0.8883984460384092,0.7257310068871724,2.2005015825397995,-0.03338877414061625,8b0158f363824c1785621af95d671715,experiment_linear_mchc
2728.798740366823,0.0053305991075020456,mchc,SERUM,0.8,Random Forest Regressor,BayesSearchCV,0.8883984460384092,0.7257310068871724,2.2005015825397995,-0.03338877414061625,8b0158f363824c1785621af95d671715,experiment_linear_mchc
2701.800024914431,0.005321064290148682,mchc,SERUM,0.8,Random Forest Regressor,BayesSearchCV,0.8883984460384092,0.7257310068871724,2.2005015825397995,-0.03338877414061625,8b0158f363824c1785621af95d671715,experiment_linear_mchc
2734.584179392336,0.005182232315199184,mchc,SERUM,0.8,Random Forest Regressor,BayesSearchCV,0.8883984460384092,0.7257310068871724,2.2005015825397995,-0.03338877414061625,8b0158f363824c1785621af95d671715,experiment_linear_mchc
2703.728504589601,0.005153731416314967,mchc,SERUM,0.8,Random Forest Regressor,BayesSearchCV,0.8883984460384092,0.7257310068871724,2.2005015825397995,-0.03338877414061625,8b0158f363824c1785621af95d671715,experiment_linear_mchc
2678.65826881238,0.005107037954728598,mchc,SERUM,0.8,Random Forest Regressor,BayesSearchCV,0.8883984460384092,0.7257310068871724,2.2005015825397995,-0.03338877414061625,8b0158f363824c1785621af95d671715,experiment_linear_mchc
2669.015870436525,0.004963729632414413,mchc,SERUM,0.8,Random Forest Regressor,BayesSearchCV,0.8883984460384092,0.7257310068871724,2.2005015825397995,-0.03338877414061625,8b0158f363824c1785621af95d671715,experiment_linear_mchc
2667.087390761355,0.004942084766820913,mchc,SERUM,0.8,Random Forest Regressor,BayesSearchCV,0.8883984460384092,0.7257310068871724,2.2005015825397995,-0.03338877414061625,8b0158f363824c1785621af95d671715,experiment_linear_mchc
2732.655699717165,0.004931942868012856,mchc,SERUM,0.8,Random Forest Regressor,BayesSearchCV,0.8883984460384092,0.7257310068871724,2.2005015825397995,-0.03338877414061625,8b0158f363824c1785621af95d671715,experiment_linear_mchc
3043.14092741968,0.00488298533941785,mchc,SERUM,0.8,Random Forest Regressor,BayesSearchCV,0.8883984460384092,0.7257310068871724,2.2005015825397995,-0.03338877414061625,8b0158f363824c1785621af95d671715,experiment_linear_mchc
2730.727220041994,0.004878591413220767,mchc,SERUM,0.8,Random Forest Regressor,BayesSearchCV,0.8883984460384092,0.7257310068871724,2.2005015825397995,-0.03338877414061625,8b0158f363824c1785621af95d671715,experiment_linear_mchc
2736.512659067507,0.004855005483202636,mchc,SERUM,0.8,Random Forest Regressor,BayesSearchCV,0.8883984460384092,0.7257310068871724,2.2005015825397995,-0.03338877414061625,8b0158f363824c1785621af95d671715,experiment_linear_mchc
3046.997886770022,0.004805992247672877,mchc,SERUM,0.8,Random Forest Regressor,BayesSearchCV,0.8883984460384092,0.7257310068871724,2.2005015825397995,-0.03338877414061625,8b0158f363824c1785621af95d671715,experiment_linear_mchc
2665.158911086184,0.0048019658279585785,mchc,SERUM,0.8,Random Forest Regressor,BayesSearchCV,0.8883984460384092,0.7257310068871724,2.2005015825397995,-0.03338877414061625,8b0158f363824c1785621af95d671715,experiment_linear_mchc
2715.299382640627,0.10613410966010964,mchc,SERUM,0.8,Random Forest Regressor,BayesSearchCV,0.9339790996516595,0.7651328039285002,2.323789371318021,-0.14214823928808729,8b0158f363824c1785621af95d671715,experiment_linear_mchc
2713.370902965456,0.04540737697792679,mchc,SERUM,0.8,Random Forest Regressor,BayesSearchCV,0.9339790996516595,0.7651328039285002,2.323789371318021,-0.14214823928808729,8b0158f363824c1785621af95d671715,experiment_linear_mchc
1633.422284869752,0.03350787240255161,mchc,SERUM,0.8,Random Forest Regressor,BayesSearchCV,0.9339790996516595,0.7651328039285002,2.323789371318021,-0.14214823928808729,8b0158f363824c1785621af95d671715,experiment_linear_mchc
1621.851406818727,0.03229033409309629,mchc,SERUM,0.8,Random Forest Regressor,BayesSearchCV,0.9339790996516595,0.7651328039285002,2.323789371318021,-0.14214823928808729,8b0158f363824c1785621af95d671715,experiment_linear_mchc
2717.227862315798,0.02567578523371022,mchc,SERUM,0.8,Random Forest Regressor,BayesSearchCV,0.9339790996516595,0.7651328039285002,2.323789371318021,-0.14214823928808729,8b0158f363824c1785621af95d671715,experiment_linear_mchc
2719.156341990969,0.022684062487841078,mchc,SERUM,0.8,Random Forest Regressor,BayesSearchCV,0.9339790996516595,0.7651328039285002,2.323789371318021,-0.14214823928808729,8b0158f363824c1785621af95d671715,experiment_linear_mchc
2738.441138742678,0.02146600558699022,mchc,SERUM,0.8,Random Forest Regressor,BayesSearchCV,0.9339790996516595,0.7651328039285002,2.323789371318021,-0.14214823928808729,8b0158f363824c1785621af95d671715,experiment_linear_mchc
1041.379024592286,0.018697779779062448,mchc,SERUM,0.8,Random Forest Regressor,BayesSearchCV,0.9339790996516595,0.7651328039285002,2.323789371318021,-0.14214823928808729,8b0158f363824c1785621af95d671715,experiment_linear_mchc
1637.279244220094,0.017921218633417682,mchc,SERUM,0.8,Random Forest Regressor,BayesSearchCV,0.9339790996516595,0.7651328039285002,2.323789371318021,-0.14214823928808729,8b0158f363824c1785621af95d671715,experiment_linear_mchc
3008.428293266604,0.017387350510266502,mchc,SERUM,0.8,Random Forest Regressor,BayesSearchCV,0.9339790996516595,0.7651328039285002,2.323789371318021,-0.14214823928808729,8b0158f363824c1785621af95d671715,experiment_linear_mchc
3027.713090018313,0.01709786207052117,mchc,SERUM,0.8,Random Forest Regressor,BayesSearchCV,0.9339790996516595,0.7651328039285002,2.323789371318021,-0.14214823928808729,8b0158f363824c1785621af95d671715,experiment_linear_mchc
3014.213732292117,0.0170359609133202,mchc,SERUM,0.8,Random Forest Regressor,BayesSearchCV,0.9339790996516595,0.7651328039285002,2.323789371318021,-0.14214823928808729,8b0158f363824c1785621af95d671715,experiment_linear_mchc
2649.731073684817,0.016412921585134202,mchc,SERUM,0.8,Random Forest Regressor,BayesSearchCV,0.9339790996516595,0.7651328039285002,2.323789371318021,-0.14214823928808729,8b0158f363824c1785621af95d671715,experiment_linear_mchc
2707.585463939944,0.016019316301096532,mchc,SERUM,0.8,Random Forest Regressor,BayesSearchCV,0.9339790996516595,0.7651328039285002,2.323789371318021,-0.14214823928808729,8b0158f363824c1785621af95d671715,experiment_linear_mchc
1230.370032759034,0.014622084583158801,mchc,SERUM,0.8,Random Forest Regressor,BayesSearchCV,0.9339790996516595,0.7651328039285002,2.323789371318021,-0.14214823928808729,8b0158f363824c1785621af95d671715,experiment_linear_mchc
3006.499813591433,0.014044393924340825,mchc,SERUM,0.8,Random Forest Regressor,BayesSearchCV,0.9339790996516595,0.7651328039285002,2.323789371318021,-0.14214823928808729,8b0158f363824c1785621af95d671715,experiment_linear_mchc
1639.207723895265,0.013540300468788749,mchc,SERUM,0.8,Random Forest Regressor,BayesSearchCV,0.9339790996516595,0.7651328039285002,2.323789371318021,-0.14214823928808729,8b0158f363824c1785621af95d671715,experiment_linear_mchc
2651.659553359988,0.01301186980105003,mchc,SERUM,0.8,Random Forest Regressor,BayesSearchCV,0.9339790996516595,0.7651328039285002,2.323789371318021,-0.14214823928808729,8b0158f363824c1785621af95d671715,experiment_linear_mchc
1174.444122179078,0.012901016691129561,mchc,SERUM,0.8,Random Forest Regressor,BayesSearchCV,0.9339790996516595,0.7651328039285002,2.323789371318021,-0.14214823928808729,8b0158f363824c1785621af95d671715,experiment_linear_mchc
1479.14391085608,0.012211120728193072,mchc,SERUM,0.8,Random Forest Regressor,BayesSearchCV,0.9339790996516595,0.7651328039285002,2.323789371318021,-0.14214823928808729,8b0158f363824c1785621af95d671715,experiment_linear_mchc
2717.227862315798,0.0089484350258122,mchc,SERUM,0.8,Random Forest Regressor,BayesSearchCV,0.8407552547077755,0.6740059041325581,2.0421995844032073,0.0744767360651234,8b0158f363824c1785621af95d671715,experiment_linear_mchc
2715.299382640627,0.007705461142911186,mchc,SERUM,0.8,Random Forest Regressor,BayesSearchCV,0.8407552547077755,0.6740059041325581,2.0421995844032073,0.0744767360651234,8b0158f363824c1785621af95d671715,experiment_linear_mchc
2713.370902965456,0.007046922751528849,mchc,SERUM,0.8,Random Forest Regressor,BayesSearchCV,0.8407552547077755,0.6740059041325581,2.0421995844032073,0.0744767360651234,8b0158f363824c1785621af95d671715,experiment_linear_mchc
1716.346910902101,0.006202889002695163,mchc,SERUM,0.8,Random Forest Regressor,BayesSearchCV,0.8407552547077755,0.6740059041325581,2.0421995844032073,0.0744767360651234,8b0158f363824c1785621af95d671715,experiment_linear_mchc
3045.069407094851,0.006003752674122741,mchc,SERUM,0.8,Random Forest Regressor,BayesSearchCV,0.8407552547077755,0.6740059041325581,2.0421995844032073,0.0744767360651234,8b0158f363824c1785621af95d671715,experiment_linear_mchc
2719.156341990969,0.005813811913876898,mchc,SERUM,0.8,Random Forest Regressor,BayesSearchCV,0.8407552547077755,0.6740059041325581,2.0421995844032073,0.0744767360651234,8b0158f363824c1785621af95d671715,experiment_linear_mchc
2728.798740366823,0.005752183595383044,mchc,SERUM,0.8,Random Forest Regressor,BayesSearchCV,0.8407552547077755,0.6740059041325581,2.0421995844032073,0.0744767360651234,8b0158f363824c1785621af95d671715,experiment_linear_mchc
2734.584179392336,0.005628935542650648,mchc,SERUM,0.8,Random Forest Regressor,BayesSearchCV,0.8407552547077755,0.6740059041325581,2.0421995844032073,0.0744767360651234,8b0158f363824c1785621af95d671715,experiment_linear_mchc
2680.586748487551,0.005504820161823666,mchc,SERUM,0.8,Random Forest Regressor,BayesSearchCV,0.8407552547077755,0.6740059041325581,2.0421995844032073,0.0744767360651234,8b0158f363824c1785621af95d671715,experiment_linear_mchc
2732.655699717165,0.005417790297210155,mchc,SERUM,0.8,Random Forest Regressor,BayesSearchCV,0.8407552547077755,0.6740059041325581,2.0421995844032073,0.0744767360651234,8b0158f363824c1785621af95d671715,experiment_linear_mchc
2730.727220041994,0.005354538330031434,mchc,SERUM,0.8,Random Forest Regressor,BayesSearchCV,0.8407552547077755,0.6740059041325581,2.0421995844032073,0.0744767360651234,8b0158f363824c1785621af95d671715,experiment_linear_mchc
2736.512659067507,0.005321689856823068,mchc,SERUM,0.8,Random Forest Regressor,BayesSearchCV,0.8407552547077755,0.6740059041325581,2.0421995844032073,0.0744767360651234,8b0158f363824c1785621af95d671715,experiment_linear_mchc
2678.65826881238,0.005196884228252827,mchc,SERUM,0.8,Random Forest Regressor,BayesSearchCV,0.8407552547077755,0.6740059041325581,2.0421995844032073,0.0744767360651234,8b0158f363824c1785621af95d671715,experiment_linear_mchc
3043.14092741968,0.005194137225355831,mchc,SERUM,0.8,Random Forest Regressor,BayesSearchCV,0.8407552547077755,0.6740059041325581,2.0421995844032073,0.0744767360651234,8b0158f363824c1785621af95d671715,experiment_linear_mchc
2711.442423290285,0.005094035134510857,mchc,SERUM,0.8,Random Forest Regressor,BayesSearchCV,0.8407552547077755,0.6740059041325581,2.0421995844032073,0.0744767360651234,8b0158f363824c1785621af95d671715,experiment_linear_mchc
2669.015870436525,0.004998555218710476,mchc,SERUM,0.8,Random Forest Regressor,BayesSearchCV,0.8407552547077755,0.6740059041325581,2.0421995844032073,0.0744767360651234,8b0158f363824c1785621af95d671715,experiment_linear_mchc
2667.087390761355,0.004963041203641133,mchc,SERUM,0.8,Random Forest Regressor,BayesSearchCV,0.8407552547077755,0.6740059041325581,2.0421995844032073,0.0744767360651234,8b0158f363824c1785621af95d671715,experiment_linear_mchc
2665.158911086184,0.004803581533427417,mchc,SERUM,0.8,Random Forest Regressor,BayesSearchCV,0.8407552547077755,0.6740059041325581,2.0421995844032073,0.0744767360651234,8b0158f363824c1785621af95d671715,experiment_linear_mchc
3046.997886770022,0.0047909803165368725,mchc,SERUM,0.8,Random Forest Regressor,BayesSearchCV,0.8407552547077755,0.6740059041325581,2.0421995844032073,0.0744767360651234,8b0158f363824c1785621af95d671715,experiment_linear_mchc
2726.870260691652,0.004789774247994551,mchc,SERUM,0.8,Random Forest Regressor,BayesSearchCV,0.8407552547077755,0.6740059041325581,2.0421995844032073,0.0744767360651234,8b0158f363824c1785621af95d671715,experiment_linear_mchc
2715.299382640627,0.10218909388147018,mchc,SERUM,0.8,Random Forest Regressor,BayesSearchCV,0.9364426892244017,0.7648118593637745,2.3223168133636714,-0.14818155524371468,8b0158f363824c1785621af95d671715,experiment_linear_mchc
2713.370902965456,0.04501686189176084,mchc,SERUM,0.8,Random Forest Regressor,BayesSearchCV,0.9364426892244017,0.7648118593637745,2.3223168133636714,-0.14818155524371468,8b0158f363824c1785621af95d671715,experiment_linear_mchc
1633.422284869752,0.03242180312737315,mchc,SERUM,0.8,Random Forest Regressor,BayesSearchCV,0.9364426892244017,0.7648118593637745,2.3223168133636714,-0.14818155524371468,8b0158f363824c1785621af95d671715,experiment_linear_mchc
1621.851406818727,0.0314531103722937,mchc,SERUM,0.8,Random Forest Regressor,BayesSearchCV,0.9364426892244017,0.7648118593637745,2.3223168133636714,-0.14818155524371468,8b0158f363824c1785621af95d671715,experiment_linear_mchc
2717.227862315798,0.026604237571623904,mchc,SERUM,0.8,Random Forest Regressor,BayesSearchCV,0.9364426892244017,0.7648118593637745,2.3223168133636714,-0.14818155524371468,8b0158f363824c1785621af95d671715,experiment_linear_mchc
2719.156341990969,0.022264224780938972,mchc,SERUM,0.8,Random Forest Regressor,BayesSearchCV,0.9364426892244017,0.7648118593637745,2.3223168133636714,-0.14818155524371468,8b0158f363824c1785621af95d671715,experiment_linear_mchc
2738.441138742678,0.0197285163167438,mchc,SERUM,0.8,Random Forest Regressor,BayesSearchCV,0.9364426892244017,0.7648118593637745,2.3223168133636714,-0.14818155524371468,8b0158f363824c1785621af95d671715,experiment_linear_mchc
1041.379024592286,0.01734533363858954,mchc,SERUM,0.8,Random Forest Regressor,BayesSearchCV,0.9364426892244017,0.7648118593637745,2.3223168133636714,-0.14818155524371468,8b0158f363824c1785621af95d671715,experiment_linear_mchc
1637.279244220094,0.01703814152510218,mchc,SERUM,0.8,Random Forest Regressor,BayesSearchCV,0.9364426892244017,0.7648118593637745,2.3223168133636714,-0.14818155524371468,8b0158f363824c1785621af95d671715,experiment_linear_mchc
3027.713090018313,0.01698133723635427,mchc,SERUM,0.8,Random Forest Regressor,BayesSearchCV,0.9364426892244017,0.7648118593637745,2.3223168133636714,-0.14818155524371468,8b0158f363824c1785621af95d671715,experiment_linear_mchc
3008.428293266604,0.016754930595076566,mchc,SERUM,0.8,Random Forest Regressor,BayesSearchCV,0.9364426892244017,0.7648118593637745,2.3223168133636714,-0.14818155524371468,8b0158f363824c1785621af95d671715,experiment_linear_mchc
3014.213732292117,0.016455993439209216,mchc,SERUM,0.8,Random Forest Regressor,BayesSearchCV,0.9364426892244017,0.7648118593637745,2.3223168133636714,-0.14818155524371468,8b0158f363824c1785621af95d671715,experiment_linear_mchc
2649.731073684817,0.01621108291002715,mchc,SERUM,0.8,Random Forest Regressor,BayesSearchCV,0.9364426892244017,0.7648118593637745,2.3223168133636714,-0.14818155524371468,8b0158f363824c1785621af95d671715,experiment_linear_mchc
2707.585463939944,0.01556993989092983,mchc,SERUM,0.8,Random Forest Regressor,BayesSearchCV,0.9364426892244017,0.7648118593637745,2.3223168133636714,-0.14818155524371468,8b0158f363824c1785621af95d671715,experiment_linear_mchc
1230.370032759034,0.01333714024459225,mchc,SERUM,0.8,Random Forest Regressor,BayesSearchCV,0.9364426892244017,0.7648118593637745,2.3223168133636714,-0.14818155524371468,8b0158f363824c1785621af95d671715,experiment_linear_mchc
1174.444122179078,0.013187942949520184,mchc,SERUM,0.8,Random Forest Regressor,BayesSearchCV,0.9364426892244017,0.7648118593637745,2.3223168133636714,-0.14818155524371468,8b0158f363824c1785621af95d671715,experiment_linear_mchc
1639.207723895265,0.013122129700863638,mchc,SERUM,0.8,Random Forest Regressor,BayesSearchCV,0.9364426892244017,0.7648118593637745,2.3223168133636714,-0.14818155524371468,8b0158f363824c1785621af95d671715,experiment_linear_mchc
2651.659553359988,0.01301186980105003,mchc,SERUM,0.8,Random Forest Regressor,BayesSearchCV,0.9364426892244017,0.7648118593637745,2.3223168133636714,-0.14818155524371468,8b0158f363824c1785621af95d671715,experiment_linear_mchc
3006.499813591433,0.012665449861191613,mchc,SERUM,0.8,Random Forest Regressor,BayesSearchCV,0.9364426892244017,0.7648118593637745,2.3223168133636714,-0.14818155524371468,8b0158f363824c1785621af95d671715,experiment_linear_mchc
2692.157626538576,0.01176298371394876,mchc,SERUM,0.8,Random Forest Regressor,BayesSearchCV,0.9364426892244017,0.7648118593637745,2.3223168133636714,-0.14818155524371468,8b0158f363824c1785621af95d671715,experiment_linear_mchc
1772.272821482057,0.00474609649980209,mchc,URINE,0.8,Random Forest Regressor,BayesSearchCV,1.0135055414475,0.7931538785305476,2.4130039668075676,-0.7739764855970659,8b0158f363824c1785621af95d671715,experiment_linear_mchc
1770.344341806886,0.004736775358139874,mchc,URINE,0.8,Random Forest Regressor,BayesSearchCV,1.0135055414475,0.7931538785305476,2.4130039668075676,-0.7739764855970659,8b0158f363824c1785621af95d671715,experiment_linear_mchc
1774.201301157228,0.004717878273005598,mchc,URINE,0.8,Random Forest Regressor,BayesSearchCV,1.0135055414475,0.7931538785305476,2.4130039668075676,-0.7739764855970659,8b0158f363824c1785621af95d671715,experiment_linear_mchc
1768.415862131715,0.004708583421297894,mchc,URINE,0.8,Random Forest Regressor,BayesSearchCV,1.0135055414475,0.7931538785305476,2.4130039668075676,-0.7739764855970659,8b0158f363824c1785621af95d671715,experiment_linear_mchc
1766.487382456544,0.004659316997516093,mchc,URINE,0.8,Random Forest Regressor,BayesSearchCV,1.0135055414475,0.7931538785305476,2.4130039668075676,-0.7739764855970659,8b0158f363824c1785621af95d671715,experiment_linear_mchc
1776.129780832399,0.004642120875061857,mchc,URINE,0.8,Random Forest Regressor,BayesSearchCV,1.0135055414475,0.7931538785305476,2.4130039668075676,-0.7739764855970659,8b0158f363824c1785621af95d671715,experiment_linear_mchc
1764.558902781373,0.004574107627400862,mchc,URINE,0.8,Random Forest Regressor,BayesSearchCV,1.0135055414475,0.7931538785305476,2.4130039668075676,-0.7739764855970659,8b0158f363824c1785621af95d671715,experiment_linear_mchc
1778.05826050757,0.0044865095517775105,mchc,URINE,0.8,Random Forest Regressor,BayesSearchCV,1.0135055414475,0.7931538785305476,2.4130039668075676,-0.7739764855970659,8b0158f363824c1785621af95d671715,experiment_linear_mchc
1762.630423106202,0.004464688142626771,mchc,URINE,0.8,Random Forest Regressor,BayesSearchCV,1.0135055414475,0.7931538785305476,2.4130039668075676,-0.7739764855970659,8b0158f363824c1785621af95d671715,experiment_linear_mchc
1760.701943431032,0.004339608147680707,mchc,URINE,0.8,Random Forest Regressor,BayesSearchCV,1.0135055414475,0.7931538785305476,2.4130039668075676,-0.7739764855970659,8b0158f363824c1785621af95d671715,experiment_linear_mchc
1720.203870252443,0.0043330108197141394,mchc,URINE,0.8,Random Forest Regressor,BayesSearchCV,1.0135055414475,0.7931538785305476,2.4130039668075676,-0.7739764855970659,8b0158f363824c1785621af95d671715,experiment_linear_mchc
1718.275390577272,0.0042960131547420816,mchc,URINE,0.8,Random Forest Regressor,BayesSearchCV,1.0135055414475,0.7931538785305476,2.4130039668075676,-0.7739764855970659,8b0158f363824c1785621af95d671715,experiment_linear_mchc
1722.132349927614,0.004295503171316982,mchc,URINE,0.8,Random Forest Regressor,BayesSearchCV,1.0135055414475,0.7931538785305476,2.4130039668075676,-0.7739764855970659,8b0158f363824c1785621af95d671715,experiment_linear_mchc
1779.986740182741,0.0042067011500424014,mchc,URINE,0.8,Random Forest Regressor,BayesSearchCV,1.0135055414475,0.7931538785305476,2.4130039668075676,-0.7739764855970659,8b0158f363824c1785621af95d671715,experiment_linear_mchc
1758.773463755861,0.004185359086507407,mchc,URINE,0.8,Random Forest Regressor,BayesSearchCV,1.0135055414475,0.7931538785305476,2.4130039668075676,-0.7739764855970659,8b0158f363824c1785621af95d671715,experiment_linear_mchc
1716.346910902101,0.00416986947136535,mchc,URINE,0.8,Random Forest Regressor,BayesSearchCV,1.0135055414475,0.7931538785305476,2.4130039668075676,-0.7739764855970659,8b0158f363824c1785621af95d671715,experiment_linear_mchc
1724.060829602785,0.00416114758766325,mchc,URINE,0.8,Random Forest Regressor,BayesSearchCV,1.0135055414475,0.7931538785305476,2.4130039668075676,-0.7739764855970659,8b0158f363824c1785621af95d671715,experiment_linear_mchc
931.4556831075452,0.004116147476168346,mchc,URINE,0.8,Random Forest Regressor,BayesSearchCV,1.0135055414475,0.7931538785305476,2.4130039668075676,-0.7739764855970659,8b0158f363824c1785621af95d671715,experiment_linear_mchc
933.3841627827155,0.00403199626851825,mchc,URINE,0.8,Random Forest Regressor,BayesSearchCV,1.0135055414475,0.7931538785305476,2.4130039668075676,-0.7739764855970659,8b0158f363824c1785621af95d671715,experiment_linear_mchc
929.5272034323739,0.004000071244748937,mchc,URINE,0.8,Random Forest Regressor,BayesSearchCV,1.0135055414475,0.7931538785305476,2.4130039668075676,-0.7739764855970659,8b0158f363824c1785621af95d671715,experiment_linear_mchc
1745.274106029664,0.12123592847754937,mchc,URINE,0.8,Random Forest Regressor,BayesSearchCV,0.9149402192489371,0.7638562474131699,2.3385481532999353,-0.4457095219892604,8b0158f363824c1785621af95d671715,experiment_linear_mchc
1685.491236099367,0.06168730482798022,mchc,URINE,0.8,Random Forest Regressor,BayesSearchCV,0.9149402192489371,0.7638562474131699,2.3385481532999353,-0.4457095219892604,8b0158f363824c1785621af95d671715,experiment_linear_mchc
1041.379024592286,0.0536497276509169,mchc,URINE,0.8,Random Forest Regressor,BayesSearchCV,0.9149402192489371,0.7638562474131699,2.3385481532999353,-0.4457095219892604,8b0158f363824c1785621af95d671715,experiment_linear_mchc
1747.202585704835,0.03939265261797446,mchc,URINE,0.8,Random Forest Regressor,BayesSearchCV,0.9149402192489371,0.7638562474131699,2.3385481532999353,-0.4457095219892604,8b0158f363824c1785621af95d671715,experiment_linear_mchc
1683.562756424196,0.03836327201009391,mchc,URINE,0.8,Random Forest Regressor,BayesSearchCV,0.9149402192489371,0.7638562474131699,2.3385481532999353,-0.4457095219892604,8b0158f363824c1785621af95d671715,experiment_linear_mchc
1278.582024638307,0.032883981048847204,mchc,URINE,0.8,Random Forest Regressor,BayesSearchCV,0.9149402192489371,0.7638562474131699,2.3385481532999353,-0.4457095219892604,8b0158f363824c1785621af95d671715,experiment_linear_mchc
1679.705797073854,0.02367473958125265,mchc,URINE,0.8,Random Forest Regressor,BayesSearchCV,0.9149402192489371,0.7638562474131699,2.3385481532999353,-0.4457095219892604,8b0158f363824c1785621af95d671715,experiment_linear_mchc
1432.860398651979,0.018491664608940462,mchc,URINE,0.8,Random Forest Regressor,BayesSearchCV,0.9149402192489371,0.7638562474131699,2.3385481532999353,-0.4457095219892604,8b0158f363824c1785621af95d671715,experiment_linear_mchc
1666.206439347658,0.018292422068986198,mchc,URINE,0.8,Random Forest Regressor,BayesSearchCV,0.9149402192489371,0.7638562474131699,2.3385481532999353,-0.4457095219892604,8b0158f363824c1785621af95d671715,experiment_linear_mchc
1039.450544917115,0.01782246971860749,mchc,URINE,0.8,Random Forest Regressor,BayesSearchCV,0.9149402192489371,0.7638562474131699,2.3385481532999353,-0.4457095219892604,8b0158f363824c1785621af95d671715,experiment_linear_mchc
1027.87966686609,0.017746524004495424,mchc,URINE,0.8,Random Forest Regressor,BayesSearchCV,0.9149402192489371,0.7638562474131699,2.3385481532999353,-0.4457095219892604,8b0158f363824c1785621af95d671715,experiment_linear_mchc
1031.736626216432,0.017267735607103447,mchc,URINE,0.8,Random Forest Regressor,BayesSearchCV,0.9149402192489371,0.7638562474131699,2.3385481532999353,-0.4457095219892604,8b0158f363824c1785621af95d671715,experiment_linear_mchc
1276.653544963136,0.01681757087144134,mchc,URINE,0.8,Random Forest Regressor,BayesSearchCV,0.9149402192489371,0.7638562474131699,2.3385481532999353,-0.4457095219892604,8b0158f363824c1785621af95d671715,experiment_linear_mchc
1681.634276749025,0.016748497063912626,mchc,URINE,0.8,Random Forest Regressor,BayesSearchCV,0.9149402192489371,0.7638562474131699,2.3385481532999353,-0.4457095219892604,8b0158f363824c1785621af95d671715,experiment_linear_mchc
1033.665105891602,0.01673966506759075,mchc,URINE,0.8,Random Forest Regressor,BayesSearchCV,0.9149402192489371,0.7638562474131699,2.3385481532999353,-0.4457095219892604,8b0158f363824c1785621af95d671715,experiment_linear_mchc
2501.238138696657,0.01670470111053627,mchc,URINE,0.8,Random Forest Regressor,BayesSearchCV,0.9149402192489371,0.7638562474131699,2.3385481532999353,-0.4457095219892604,8b0158f363824c1785621af95d671715,experiment_linear_mchc
1810.842414985475,0.016652464470536216,mchc,URINE,0.8,Random Forest Regressor,BayesSearchCV,0.9149402192489371,0.7638562474131699,2.3385481532999353,-0.4457095219892604,8b0158f363824c1785621af95d671715,experiment_linear_mchc
3050.854846120364,0.01577492026601245,mchc,URINE,0.8,Random Forest Regressor,BayesSearchCV,0.9149402192489371,0.7638562474131699,2.3385481532999353,-0.4457095219892604,8b0158f363824c1785621af95d671715,experiment_linear_mchc
1828.198732062013,0.012231510807126264,mchc,URINE,0.8,Random Forest Regressor,BayesSearchCV,0.9149402192489371,0.7638562474131699,2.3385481532999353,-0.4457095219892604,8b0158f363824c1785621af95d671715,experiment_linear_mchc
1035.593585566773,0.012083760145416733,mchc,URINE,0.8,Random Forest Regressor,BayesSearchCV,0.9149402192489371,0.7638562474131699,2.3385481532999353,-0.4457095219892604,8b0158f363824c1785621af95d671715,experiment_linear_mchc
1770.344341806886,0.005424011637525254,mchc,URINE,0.8,Random Forest Regressor,BayesSearchCV,1.196009027648434,0.8073601727400174,2.4547092766058767,-1.4703843038096314,8b0158f363824c1785621af95d671715,experiment_linear_mchc
1772.272821482057,0.005419442060323883,mchc,URINE,0.8,Random Forest Regressor,BayesSearchCV,1.196009027648434,0.8073601727400174,2.4547092766058767,-1.4703843038096314,8b0158f363824c1785621af95d671715,experiment_linear_mchc
1774.201301157228,0.0053863921035630265,mchc,URINE,0.8,Random Forest Regressor,BayesSearchCV,1.196009027648434,0.8073601727400174,2.4547092766058767,-1.4703843038096314,8b0158f363824c1785621af95d671715,experiment_linear_mchc
1768.415862131715,0.005373984167438225,mchc,URINE,0.8,Random Forest Regressor,BayesSearchCV,1.196009027648434,0.8073601727400174,2.4547092766058767,-1.4703843038096314,8b0158f363824c1785621af95d671715,experiment_linear_mchc
1766.487382456544,0.005311631075661825,mchc,URINE,0.8,Random Forest Regressor,BayesSearchCV,1.196009027648434,0.8073601727400174,2.4547092766058767,-1.4703843038096314,8b0158f363824c1785621af95d671715,experiment_linear_mchc
1776.129780832399,0.005288582096403011,mchc,URINE,0.8,Random Forest Regressor,BayesSearchCV,1.196009027648434,0.8073601727400174,2.4547092766058767,-1.4703843038096314,8b0158f363824c1785621af95d671715,experiment_linear_mchc
1764.558902781373,0.005219076759032579,mchc,URINE,0.8,Random Forest Regressor,BayesSearchCV,1.196009027648434,0.8073601727400174,2.4547092766058767,-1.4703843038096314,8b0158f363824c1785621af95d671715,experiment_linear_mchc
1718.275390577272,0.005206916575008496,mchc,URINE,0.8,Random Forest Regressor,BayesSearchCV,1.196009027648434,0.8073601727400174,2.4547092766058767,-1.4703843038096314,8b0158f363824c1785621af95d671715,experiment_linear_mchc
1716.346910902101,0.005181103506159899,mchc,URINE,0.8,Random Forest Regressor,BayesSearchCV,1.196009027648434,0.8073601727400174,2.4547092766058767,-1.4703843038096314,8b0158f363824c1785621af95d671715,experiment_linear_mchc
1720.203870252443,0.005152208332165976,mchc,URINE,0.8,Random Forest Regressor,BayesSearchCV,1.196009027648434,0.8073601727400174,2.4547092766058767,-1.4703843038096314,8b0158f363824c1785621af95d671715,experiment_linear_mchc
1762.630423106202,0.005054733129878935,mchc,URINE,0.8,Random Forest Regressor,BayesSearchCV,1.196009027648434,0.8073601727400174,2.4547092766058767,-1.4703843038096314,8b0158f363824c1785621af95d671715,experiment_linear_mchc
1714.41843122693,0.00504533195586993,mchc,URINE,0.8,Random Forest Regressor,BayesSearchCV,1.196009027648434,0.8073601727400174,2.4547092766058767,-1.4703843038096314,8b0158f363824c1785621af95d671715,experiment_linear_mchc
1778.05826050757,0.005044072282696946,mchc,URINE,0.8,Random Forest Regressor,BayesSearchCV,1.196009027648434,0.8073601727400174,2.4547092766058767,-1.4703843038096314,8b0158f363824c1785621af95d671715,experiment_linear_mchc
1722.132349927614,0.005003475591287177,mchc,URINE,0.8,Random Forest Regressor,BayesSearchCV,1.196009027648434,0.8073601727400174,2.4547092766058767,-1.4703843038096314,8b0158f363824c1785621af95d671715,experiment_linear_mchc
1760.701943431032,0.004903274823589628,mchc,URINE,0.8,Random Forest Regressor,BayesSearchCV,1.196009027648434,0.8073601727400174,2.4547092766058767,-1.4703843038096314,8b0158f363824c1785621af95d671715,experiment_linear_mchc
1712.489951551759,0.004784441319267195,mchc,URINE,0.8,Random Forest Regressor,BayesSearchCV,1.196009027648434,0.8073601727400174,2.4547092766058767,-1.4703843038096314,8b0158f363824c1785621af95d671715,experiment_linear_mchc
1758.773463755861,0.004732728386618251,mchc,URINE,0.8,Random Forest Regressor,BayesSearchCV,1.196009027648434,0.8073601727400174,2.4547092766058767,-1.4703843038096314,8b0158f363824c1785621af95d671715,experiment_linear_mchc
1724.060829602785,0.0047097762061283,mchc,URINE,0.8,Random Forest Regressor,BayesSearchCV,1.196009027648434,0.8073601727400174,2.4547092766058767,-1.4703843038096314,8b0158f363824c1785621af95d671715,experiment_linear_mchc
1779.986740182741,0.004646688618494911,mchc,URINE,0.8,Random Forest Regressor,BayesSearchCV,1.196009027648434,0.8073601727400174,2.4547092766058767,-1.4703843038096314,8b0158f363824c1785621af95d671715,experiment_linear_mchc
1710.561471876588,0.004481538659783141,mchc,URINE,0.8,Random Forest Regressor,BayesSearchCV,1.196009027648434,0.8073601727400174,2.4547092766058767,-1.4703843038096314,8b0158f363824c1785621af95d671715,experiment_linear_mchc
1745.274106029664,0.12123592847754937,mchc,URINE,0.8,Random Forest Regressor,BayesSearchCV,0.9149402192489371,0.7638562474131699,2.3385481532999353,-0.4457095219892604,8b0158f363824c1785621af95d671715,experiment_linear_mchc
1685.491236099367,0.06168730482798022,mchc,URINE,0.8,Random Forest Regressor,BayesSearchCV,0.9149402192489371,0.7638562474131699,2.3385481532999353,-0.4457095219892604,8b0158f363824c1785621af95d671715,experiment_linear_mchc
1041.379024592286,0.0536497276509169,mchc,URINE,0.8,Random Forest Regressor,BayesSearchCV,0.9149402192489371,0.7638562474131699,2.3385481532999353,-0.4457095219892604,8b0158f363824c1785621af95d671715,experiment_linear_mchc
1747.202585704835,0.03939265261797446,mchc,URINE,0.8,Random Forest Regressor,BayesSearchCV,0.9149402192489371,0.7638562474131699,2.3385481532999353,-0.4457095219892604,8b0158f363824c1785621af95d671715,experiment_linear_mchc
1683.562756424196,0.03836327201009391,mchc,URINE,0.8,Random Forest Regressor,BayesSearchCV,0.9149402192489371,0.7638562474131699,2.3385481532999353,-0.4457095219892604,8b0158f363824c1785621af95d671715,experiment_linear_mchc
1278.582024638307,0.032883981048847204,mchc,URINE,0.8,Random Forest Regressor,BayesSearchCV,0.9149402192489371,0.7638562474131699,2.3385481532999353,-0.4457095219892604,8b0158f363824c1785621af95d671715,experiment_linear_mchc
1679.705797073854,0.02367473958125265,mchc,URINE,0.8,Random Forest Regressor,BayesSearchCV,0.9149402192489371,0.7638562474131699,2.3385481532999353,-0.4457095219892604,8b0158f363824c1785621af95d671715,experiment_linear_mchc
1432.860398651979,0.018491664608940462,mchc,URINE,0.8,Random Forest Regressor,BayesSearchCV,0.9149402192489371,0.7638562474131699,2.3385481532999353,-0.4457095219892604,8b0158f363824c1785621af95d671715,experiment_linear_mchc
1666.206439347658,0.018292422068986198,mchc,URINE,0.8,Random Forest Regressor,BayesSearchCV,0.9149402192489371,0.7638562474131699,2.3385481532999353,-0.4457095219892604,8b0158f363824c1785621af95d671715,experiment_linear_mchc
1039.450544917115,0.01782246971860749,mchc,URINE,0.8,Random Forest Regressor,BayesSearchCV,0.9149402192489371,0.7638562474131699,2.3385481532999353,-0.4457095219892604,8b0158f363824c1785621af95d671715,experiment_linear_mchc
1027.87966686609,0.017746524004495424,mchc,URINE,0.8,Random Forest Regressor,BayesSearchCV,0.9149402192489371,0.7638562474131699,2.3385481532999353,-0.4457095219892604,8b0158f363824c1785621af95d671715,experiment_linear_mchc
1031.736626216432,0.017267735607103447,mchc,URINE,0.8,Random Forest Regressor,BayesSearchCV,0.9149402192489371,0.7638562474131699,2.3385481532999353,-0.4457095219892604,8b0158f363824c1785621af95d671715,experiment_linear_mchc
1276.653544963136,0.01681757087144134,mchc,URINE,0.8,Random Forest Regressor,BayesSearchCV,0.9149402192489371,0.7638562474131699,2.3385481532999353,-0.4457095219892604,8b0158f363824c1785621af95d671715,experiment_linear_mchc
1681.634276749025,0.016748497063912626,mchc,URINE,0.8,Random Forest Regressor,BayesSearchCV,0.9149402192489371,0.7638562474131699,2.3385481532999353,-0.4457095219892604,8b0158f363824c1785621af95d671715,experiment_linear_mchc
1033.665105891602,0.01673966506759075,mchc,URINE,0.8,Random Forest Regressor,BayesSearchCV,0.9149402192489371,0.7638562474131699,2.3385481532999353,-0.4457095219892604,8b0158f363824c1785621af95d671715,experiment_linear_mchc
2501.238138696657,0.01670470111053627,mchc,URINE,0.8,Random Forest Regressor,BayesSearchCV,0.9149402192489371,0.7638562474131699,2.3385481532999353,-0.4457095219892604,8b0158f363824c1785621af95d671715,experiment_linear_mchc
1810.842414985475,0.016652464470536216,mchc,URINE,0.8,Random Forest Regressor,BayesSearchCV,0.9149402192489371,0.7638562474131699,2.3385481532999353,-0.4457095219892604,8b0158f363824c1785621af95d671715,experiment_linear_mchc
3050.854846120364,0.01577492026601245,mchc,URINE,0.8,Random Forest Regressor,BayesSearchCV,0.9149402192489371,0.7638562474131699,2.3385481532999353,-0.4457095219892604,8b0158f363824c1785621af95d671715,experiment_linear_mchc
1828.198732062013,0.012231510807126264,mchc,URINE,0.8,Random Forest Regressor,BayesSearchCV,0.9149402192489371,0.7638562474131699,2.3385481532999353,-0.4457095219892604,8b0158f363824c1785621af95d671715,experiment_linear_mchc
1035.593585566773,0.012083760145416733,mchc,URINE,0.8,Random Forest Regressor,BayesSearchCV,0.9149402192489371,0.7638562474131699,2.3385481532999353,-0.4457095219892604,8b0158f363824c1785621af95d671715,experiment_linear_mchc
1602.566610067018,0.010358062171046256,mchc,CAPILAR,0.8,Decision Tree Regressor,BayesSearchCV,0.803935054224069,0.6339897435897435,1.9366540742025147,-0.17305628583800803,8b0158f363824c1785621af95d671715,experiment_linear_mchc
1641.136203570436,0.00816115883499449,mchc,CAPILAR,0.8,Decision Tree Regressor,BayesSearchCV,0.803935054224069,0.6339897435897435,1.9366540742025147,-0.17305628583800803,8b0158f363824c1785621af95d671715,experiment_linear_mchc
1639.207723895265,0.007381973456261394,mchc,CAPILAR,0.8,Decision Tree Regressor,BayesSearchCV,0.803935054224069,0.6339897435897435,1.9366540742025147,-0.17305628583800803,8b0158f363824c1785621af95d671715,experiment_linear_mchc
3048.926366445193,0.007163907317001187,mchc,CAPILAR,0.8,Decision Tree Regressor,BayesSearchCV,0.803935054224069,0.6339897435897435,1.9366540742025147,-0.17305628583800803,8b0158f363824c1785621af95d671715,experiment_linear_mchc
1604.495089742189,0.006843179350409832,mchc,CAPILAR,0.8,Decision Tree Regressor,BayesSearchCV,0.803935054224069,0.6339897435897435,1.9366540742025147,-0.17305628583800803,8b0158f363824c1785621af95d671715,experiment_linear_mchc
960.3828782351084,0.0067815210849436714,mchc,CAPILAR,0.8,Decision Tree Regressor,BayesSearchCV,0.803935054224069,0.6339897435897435,1.9366540742025147,-0.17305628583800803,8b0158f363824c1785621af95d671715,experiment_linear_mchc
1172.515642503907,0.006755653316295347,mchc,CAPILAR,0.8,Decision Tree Regressor,BayesSearchCV,0.803935054224069,0.6339897435897435,1.9366540742025147,-0.17305628583800803,8b0158f363824c1785621af95d671715,experiment_linear_mchc
1643.064683245607,0.006721016136751791,mchc,CAPILAR,0.8,Decision Tree Regressor,BayesSearchCV,0.803935054224069,0.6339897435897435,1.9366540742025147,-0.17305628583800803,8b0158f363824c1785621af95d671715,experiment_linear_mchc
1174.444122179078,0.006559700190045163,mchc,CAPILAR,0.8,Decision Tree Regressor,BayesSearchCV,0.803935054224069,0.6339897435897435,1.9366540742025147,-0.17305628583800803,8b0158f363824c1785621af95d671715,experiment_linear_mchc
1170.587162828736,0.006300660533327775,mchc,CAPILAR,0.8,Decision Tree Regressor,BayesSearchCV,0.803935054224069,0.6339897435897435,1.9366540742025147,-0.17305628583800803,8b0158f363824c1785621af95d671715,experiment_linear_mchc
1068.377740044679,0.006280016785774843,mchc,CAPILAR,0.8,Decision Tree Regressor,BayesSearchCV,0.803935054224069,0.6339897435897435,1.9366540742025147,-0.17305628583800803,8b0158f363824c1785621af95d671715,experiment_linear_mchc
962.3113579102792,0.006223891233741082,mchc,CAPILAR,0.8,Decision Tree Regressor,BayesSearchCV,0.803935054224069,0.6339897435897435,1.9366540742025147,-0.17305628583800803,8b0158f363824c1785621af95d671715,experiment_linear_mchc
1359.578170995484,0.0062077756677691494,mchc,CAPILAR,0.8,Decision Tree Regressor,BayesSearchCV,0.803935054224069,0.6339897435897435,1.9366540742025147,-0.17305628583800803,8b0158f363824c1785621af95d671715,experiment_linear_mchc
1355.721211645143,0.006193860825253071,mchc,CAPILAR,0.8,Decision Tree Regressor,BayesSearchCV,0.803935054224069,0.6339897435897435,1.9366540742025147,-0.17305628583800803,8b0158f363824c1785621af95d671715,experiment_linear_mchc
1357.649691320314,0.0061935822794685624,mchc,CAPILAR,0.8,Decision Tree Regressor,BayesSearchCV,0.803935054224069,0.6339897435897435,1.9366540742025147,-0.17305628583800803,8b0158f363824c1785621af95d671715,experiment_linear_mchc
1353.792731969972,0.0061553626577603915,mchc,CAPILAR,0.8,Decision Tree Regressor,BayesSearchCV,0.803935054224069,0.6339897435897435,1.9366540742025147,-0.17305628583800803,8b0158f363824c1785621af95d671715,experiment_linear_mchc
1637.279244220094,0.006132561919031199,mchc,CAPILAR,0.8,Decision Tree Regressor,BayesSearchCV,0.803935054224069,0.6339897435897435,1.9366540742025147,-0.17305628583800803,8b0158f363824c1785621af95d671715,experiment_linear_mchc
1361.506650670656,0.006124131630700531,mchc,CAPILAR,0.8,Decision Tree Regressor,BayesSearchCV,0.803935054224069,0.6339897435897435,1.9366540742025147,-0.17305628583800803,8b0158f363824c1785621af95d671715,experiment_linear_mchc
1070.306219719849,0.0061029246164593055,mchc,CAPILAR,0.8,Decision Tree Regressor,BayesSearchCV,0.803935054224069,0.6339897435897435,1.9366540742025147,-0.17305628583800803,8b0158f363824c1785621af95d671715,experiment_linear_mchc
1351.864252294801,0.0059924139786519,mchc,CAPILAR,0.8,Decision Tree Regressor,BayesSearchCV,0.803935054224069,0.6339897435897435,1.9366540742025147,-0.17305628583800803,8b0158f363824c1785621af95d671715,experiment_linear_mchc
2724.941781016481,0.21877242417347673,mchc,CAPILAR,0.8,Decision Tree Regressor,BayesSearchCV,0.8616892598337412,0.682302564102565,2.0861620881513194,-0.3476536110090467,8b0158f363824c1785621af95d671715,experiment_linear_mchc
2925.503667234255,0.14686630379614093,mchc,CAPILAR,0.8,Decision Tree Regressor,BayesSearchCV,0.8616892598337412,0.682302564102565,2.0861620881513194,-0.3476536110090467,8b0158f363824c1785621af95d671715,experiment_linear_mchc
1160.944764452882,0.1445385652029329,mchc,CAPILAR,0.8,Decision Tree Regressor,BayesSearchCV,0.8616892598337412,0.682302564102565,2.0861620881513194,-0.3476536110090467,8b0158f363824c1785621af95d671715,experiment_linear_mchc
1168.658683153565,0.11097887533472113,mchc,CAPILAR,0.8,Decision Tree Regressor,BayesSearchCV,0.8616892598337412,0.682302564102565,2.0861620881513194,-0.3476536110090467,8b0158f363824c1785621af95d671715,experiment_linear_mchc
1706.704512526246,0.1081960900992357,mchc,CAPILAR,0.8,Decision Tree Regressor,BayesSearchCV,0.8616892598337412,0.682302564102565,2.0861620881513194,-0.3476536110090467,8b0158f363824c1785621af95d671715,experiment_linear_mchc
1128.160609974977,0.10601711675446664,mchc,CAPILAR,0.8,Decision Tree Regressor,BayesSearchCV,0.8616892598337412,0.682302564102565,2.0861620881513194,-0.3476536110090467,8b0158f363824c1785621af95d671715,experiment_linear_mchc
1085.734057121217,0.09071179795929184,mchc,CAPILAR,0.8,Decision Tree Regressor,BayesSearchCV,0.8616892598337412,0.682302564102565,2.0861620881513194,-0.3476536110090467,8b0158f363824c1785621af95d671715,experiment_linear_mchc
1081.877097770875,0.07391882667973414,mchc,CAPILAR,0.8,Decision Tree Regressor,BayesSearchCV,0.8616892598337412,0.682302564102565,2.0861620881513194,-0.3476536110090467,8b0158f363824c1785621af95d671715,experiment_linear_mchc
929.5272034323739,0.0,mchc,CAPILAR,0.8,Decision Tree Regressor,BayesSearchCV,0.8616892598337412,0.682302564102565,2.0861620881513194,-0.3476536110090467,8b0158f363824c1785621af95d671715,experiment_linear_mchc
2562.949488302126,0.0,mchc,CAPILAR,0.8,Decision Tree Regressor,BayesSearchCV,0.8616892598337412,0.682302564102565,2.0861620881513194,-0.3476536110090467,8b0158f363824c1785621af95d671715,experiment_linear_mchc
2553.307089926272,0.0,mchc,CAPILAR,0.8,Decision Tree Regressor,BayesSearchCV,0.8616892598337412,0.682302564102565,2.0861620881513194,-0.3476536110090467,8b0158f363824c1785621af95d671715,experiment_linear_mchc
2555.235569601442,0.0,mchc,CAPILAR,0.8,Decision Tree Regressor,BayesSearchCV,0.8616892598337412,0.682302564102565,2.0861620881513194,-0.3476536110090467,8b0158f363824c1785621af95d671715,experiment_linear_mchc
2557.164049276613,0.0,mchc,CAPILAR,0.8,Decision Tree Regressor,BayesSearchCV,0.8616892598337412,0.682302564102565,2.0861620881513194,-0.3476536110090467,8b0158f363824c1785621af95d671715,experiment_linear_mchc
2559.092528951784,0.0,mchc,CAPILAR,0.8,Decision Tree Regressor,BayesSearchCV,0.8616892598337412,0.682302564102565,2.0861620881513194,-0.3476536110090467,8b0158f363824c1785621af95d671715,experiment_linear_mchc
2561.021008626955,0.0,mchc,CAPILAR,0.8,Decision Tree Regressor,BayesSearchCV,0.8616892598337412,0.682302564102565,2.0861620881513194,-0.3476536110090467,8b0158f363824c1785621af95d671715,experiment_linear_mchc
2564.877967977297,0.0,mchc,CAPILAR,0.8,Decision Tree Regressor,BayesSearchCV,0.8616892598337412,0.682302564102565,2.0861620881513194,-0.3476536110090467,8b0158f363824c1785621af95d671715,experiment_linear_mchc
2566.806447652468,0.0,mchc,CAPILAR,0.8,Decision Tree Regressor,BayesSearchCV,0.8616892598337412,0.682302564102565,2.0861620881513194,-0.3476536110090467,8b0158f363824c1785621af95d671715,experiment_linear_mchc
2568.734927327639,0.0,mchc,CAPILAR,0.8,Decision Tree Regressor,BayesSearchCV,0.8616892598337412,0.682302564102565,2.0861620881513194,-0.3476536110090467,8b0158f363824c1785621af95d671715,experiment_linear_mchc
2570.663407002809,0.0,mchc,CAPILAR,0.8,Decision Tree Regressor,BayesSearchCV,0.8616892598337412,0.682302564102565,2.0861620881513194,-0.3476536110090467,8b0158f363824c1785621af95d671715,experiment_linear_mchc
2572.59188667798,0.0,mchc,CAPILAR,0.8,Decision Tree Regressor,BayesSearchCV,0.8616892598337412,0.682302564102565,2.0861620881513194,-0.3476536110090467,8b0158f363824c1785621af95d671715,experiment_linear_mchc
3048.926366445193,0.013718278566342565,mchc,CAPILAR,0.8,Decision Tree Regressor,BayesSearchCV,0.7559931750811176,0.5692743589743586,1.7412092691569852,-0.03731980363790188,8b0158f363824c1785621af95d671715,experiment_linear_mchc
960.3828782351084,0.008936294470564342,mchc,CAPILAR,0.8,Decision Tree Regressor,BayesSearchCV,0.7559931750811176,0.5692743589743586,1.7412092691569852,-0.03731980363790188,8b0158f363824c1785621af95d671715,experiment_linear_mchc
1068.377740044679,0.008105848430842085,mchc,CAPILAR,0.8,Decision Tree Regressor,BayesSearchCV,0.7559931750811176,0.5692743589743586,1.7412092691569852,-0.03731980363790188,8b0158f363824c1785621af95d671715,experiment_linear_mchc
1226.513073408692,0.007796790192911422,mchc,CAPILAR,0.8,Decision Tree Regressor,BayesSearchCV,0.7559931750811176,0.5692743589743586,1.7412092691569852,-0.03731980363790188,8b0158f363824c1785621af95d671715,experiment_linear_mchc
1070.306219719849,0.007782216884422914,mchc,CAPILAR,0.8,Decision Tree Regressor,BayesSearchCV,0.7559931750811176,0.5692743589743586,1.7412092691569852,-0.03731980363790188,8b0158f363824c1785621af95d671715,experiment_linear_mchc
1228.441553083863,0.0076353505607379725,mchc,CAPILAR,0.8,Decision Tree Regressor,BayesSearchCV,0.7559931750811176,0.5692743589743586,1.7412092691569852,-0.03731980363790188,8b0158f363824c1785621af95d671715,experiment_linear_mchc
3046.997886770022,0.0075585988038061784,mchc,CAPILAR,0.8,Decision Tree Regressor,BayesSearchCV,0.7559931750811176,0.5692743589743586,1.7412092691569852,-0.03731980363790188,8b0158f363824c1785621af95d671715,experiment_linear_mchc
929.5272034323739,0.00749434712814362,mchc,CAPILAR,0.8,Decision Tree Regressor,BayesSearchCV,0.7559931750811176,0.5692743589743586,1.7412092691569852,-0.03731980363790188,8b0158f363824c1785621af95d671715,experiment_linear_mchc
1224.584593733522,0.007406862595265339,mchc,CAPILAR,0.8,Decision Tree Regressor,BayesSearchCV,0.7559931750811176,0.5692743589743586,1.7412092691569852,-0.03731980363790188,8b0158f363824c1785621af95d671715,experiment_linear_mchc
962.3113579102792,0.006964436180951274,mchc,CAPILAR,0.8,Decision Tree Regressor,BayesSearchCV,0.7559931750811176,0.5692743589743586,1.7412092691569852,-0.03731980363790188,8b0158f363824c1785621af95d671715,experiment_linear_mchc
1222.656114058351,0.006926169317620935,mchc,CAPILAR,0.8,Decision Tree Regressor,BayesSearchCV,0.7559931750811176,0.5692743589743586,1.7412092691569852,-0.03731980363790188,8b0158f363824c1785621af95d671715,experiment_linear_mchc
931.4556831075452,0.006645069577045176,mchc,CAPILAR,0.8,Decision Tree Regressor,BayesSearchCV,0.7559931750811176,0.5692743589743586,1.7412092691569852,-0.03731980363790188,8b0158f363824c1785621af95d671715,experiment_linear_mchc
1230.370032759034,0.006611164632103336,mchc,CAPILAR,0.8,Decision Tree Regressor,BayesSearchCV,0.7559931750811176,0.5692743589743586,1.7412092691569852,-0.03731980363790188,8b0158f363824c1785621af95d671715,experiment_linear_mchc
1220.72763438318,0.006440269818085047,mchc,CAPILAR,0.8,Decision Tree Regressor,BayesSearchCV,0.7559931750811176,0.5692743589743586,1.7412092691569852,-0.03731980363790188,8b0158f363824c1785621af95d671715,experiment_linear_mchc
1714.41843122693,0.006327019116383841,mchc,CAPILAR,0.8,Decision Tree Regressor,BayesSearchCV,0.7559931750811176,0.5692743589743586,1.7412092691569852,-0.03731980363790188,8b0158f363824c1785621af95d671715,experiment_linear_mchc
950.7404798592538,0.006222249388396132,mchc,CAPILAR,0.8,Decision Tree Regressor,BayesSearchCV,0.7559931750811176,0.5692743589743586,1.7412092691569852,-0.03731980363790188,8b0158f363824c1785621af95d671715,experiment_linear_mchc
1716.346910902101,0.006037818734864055,mchc,CAPILAR,0.8,Decision Tree Regressor,BayesSearchCV,0.7559931750811176,0.5692743589743586,1.7412092691569852,-0.03731980363790188,8b0158f363824c1785621af95d671715,experiment_linear_mchc
1066.449260369508,0.0060367196339519685,mchc,CAPILAR,0.8,Decision Tree Regressor,BayesSearchCV,0.7559931750811176,0.5692743589743586,1.7412092691569852,-0.03731980363790188,8b0158f363824c1785621af95d671715,experiment_linear_mchc
1103.090374197755,0.005934173278596252,mchc,CAPILAR,0.8,Decision Tree Regressor,BayesSearchCV,0.7559931750811176,0.5692743589743586,1.7412092691569852,-0.03731980363790188,8b0158f363824c1785621af95d671715,experiment_linear_mchc
3050.854846120364,0.005933435968833262,mchc,CAPILAR,0.8,Decision Tree Regressor,BayesSearchCV,0.7559931750811176,0.5692743589743586,1.7412092691569852,-0.03731980363790188,8b0158f363824c1785621af95d671715,experiment_linear_mchc
2925.503667234255,0.25857155320324243,mchc,CAPILAR,0.8,Decision Tree Regressor,BayesSearchCV,0.8150136889679397,0.6486538461538466,1.9868123496350993,-0.20560967894488713,8b0158f363824c1785621af95d671715,experiment_linear_mchc
2977.572618463869,0.2181056794718954,mchc,CAPILAR,0.8,Decision Tree Regressor,BayesSearchCV,0.8150136889679397,0.6486538461538466,1.9868123496350993,-0.20560967894488713,8b0158f363824c1785621af95d671715,experiment_linear_mchc
1826.270252386842,0.170107889609444,mchc,CAPILAR,0.8,Decision Tree Regressor,BayesSearchCV,0.8150136889679397,0.6486538461538466,1.9868123496350993,-0.20560967894488713,8b0158f363824c1785621af95d671715,experiment_linear_mchc
1052.949902643312,0.11072498327856468,mchc,CAPILAR,0.8,Decision Tree Regressor,BayesSearchCV,0.8150136889679397,0.6486538461538466,1.9868123496350993,-0.20560967894488713,8b0158f363824c1785621af95d671715,experiment_linear_mchc
1143.588447376344,0.08526478029488069,mchc,CAPILAR,0.8,Decision Tree Regressor,BayesSearchCV,0.8150136889679397,0.6486538461538466,1.9868123496350993,-0.20560967894488713,8b0158f363824c1785621af95d671715,experiment_linear_mchc
1845.555049138551,0.08452322098467438,mchc,CAPILAR,0.8,Decision Tree Regressor,BayesSearchCV,0.8150136889679397,0.6486538461538466,1.9868123496350993,-0.20560967894488713,8b0158f363824c1785621af95d671715,experiment_linear_mchc
1477.215431180909,0.07270189315729836,mchc,CAPILAR,0.8,Decision Tree Regressor,BayesSearchCV,0.8150136889679397,0.6486538461538466,1.9868123496350993,-0.20560967894488713,8b0158f363824c1785621af95d671715,experiment_linear_mchc
2553.307089926272,0.0,mchc,CAPILAR,0.8,Decision Tree Regressor,BayesSearchCV,0.8150136889679397,0.6486538461538466,1.9868123496350993,-0.20560967894488713,8b0158f363824c1785621af95d671715,experiment_linear_mchc
2555.235569601442,0.0,mchc,CAPILAR,0.8,Decision Tree Regressor,BayesSearchCV,0.8150136889679397,0.6486538461538466,1.9868123496350993,-0.20560967894488713,8b0158f363824c1785621af95d671715,experiment_linear_mchc
2557.164049276613,0.0,mchc,CAPILAR,0.8,Decision Tree Regressor,BayesSearchCV,0.8150136889679397,0.6486538461538466,1.9868123496350993,-0.20560967894488713,8b0158f363824c1785621af95d671715,experiment_linear_mchc
2559.092528951784,0.0,mchc,CAPILAR,0.8,Decision Tree Regressor,BayesSearchCV,0.8150136889679397,0.6486538461538466,1.9868123496350993,-0.20560967894488713,8b0158f363824c1785621af95d671715,experiment_linear_mchc
2561.021008626955,0.0,mchc,CAPILAR,0.8,Decision Tree Regressor,BayesSearchCV,0.8150136889679397,0.6486538461538466,1.9868123496350993,-0.20560967894488713,8b0158f363824c1785621af95d671715,experiment_linear_mchc
2562.949488302126,0.0,mchc,CAPILAR,0.8,Decision Tree Regressor,BayesSearchCV,0.8150136889679397,0.6486538461538466,1.9868123496350993,-0.20560967894488713,8b0158f363824c1785621af95d671715,experiment_linear_mchc
2564.877967977297,0.0,mchc,CAPILAR,0.8,Decision Tree Regressor,BayesSearchCV,0.8150136889679397,0.6486538461538466,1.9868123496350993,-0.20560967894488713,8b0158f363824c1785621af95d671715,experiment_linear_mchc
2566.806447652468,0.0,mchc,CAPILAR,0.8,Decision Tree Regressor,BayesSearchCV,0.8150136889679397,0.6486538461538466,1.9868123496350993,-0.20560967894488713,8b0158f363824c1785621af95d671715,experiment_linear_mchc
929.5272034323739,0.0,mchc,CAPILAR,0.8,Decision Tree Regressor,BayesSearchCV,0.8150136889679397,0.6486538461538466,1.9868123496350993,-0.20560967894488713,8b0158f363824c1785621af95d671715,experiment_linear_mchc
2549.45013057593,0.0,mchc,CAPILAR,0.8,Decision Tree Regressor,BayesSearchCV,0.8150136889679397,0.6486538461538466,1.9868123496350993,-0.20560967894488713,8b0158f363824c1785621af95d671715,experiment_linear_mchc
2568.734927327639,0.0,mchc,CAPILAR,0.8,Decision Tree Regressor,BayesSearchCV,0.8150136889679397,0.6486538461538466,1.9868123496350993,-0.20560967894488713,8b0158f363824c1785621af95d671715,experiment_linear_mchc
2570.663407002809,0.0,mchc,CAPILAR,0.8,Decision Tree Regressor,BayesSearchCV,0.8150136889679397,0.6486538461538466,1.9868123496350993,-0.20560967894488713,8b0158f363824c1785621af95d671715,experiment_linear_mchc
2572.59188667798,0.0,mchc,CAPILAR,0.8,Decision Tree Regressor,BayesSearchCV,0.8150136889679397,0.6486538461538466,1.9868123496350993,-0.20560967894488713,8b0158f363824c1785621af95d671715,experiment_linear_mchc
1120.446691274293,0.006613129180448668,mchc,PLASMA,0.8,Decision Tree Regressor,BayesSearchCV,3.0203823710894726,0.9698564963763273,5.00222307432875,0.005808314840160977,8b0158f363824c1785621af95d671715,experiment_linear_mchc
1122.375170949464,0.006578924410019004,mchc,PLASMA,0.8,Decision Tree Regressor,BayesSearchCV,3.0203823710894726,0.9698564963763273,5.00222307432875,0.005808314840160977,8b0158f363824c1785621af95d671715,experiment_linear_mchc
1124.303650624635,0.006507801160689178,mchc,PLASMA,0.8,Decision Tree Regressor,BayesSearchCV,3.0203823710894726,0.9698564963763273,5.00222307432875,0.005808314840160977,8b0158f363824c1785621af95d671715,experiment_linear_mchc
1126.232130299806,0.006438684657508884,mchc,PLASMA,0.8,Decision Tree Regressor,BayesSearchCV,3.0203823710894726,0.9698564963763273,5.00222307432875,0.005808314840160977,8b0158f363824c1785621af95d671715,experiment_linear_mchc
1118.518211599122,0.006405030404404488,mchc,PLASMA,0.8,Decision Tree Regressor,BayesSearchCV,3.0203823710894726,0.9698564963763273,5.00222307432875,0.005808314840160977,8b0158f363824c1785621af95d671715,experiment_linear_mchc
1128.160609974977,0.006358548145973632,mchc,PLASMA,0.8,Decision Tree Regressor,BayesSearchCV,3.0203823710894726,0.9698564963763273,5.00222307432875,0.005808314840160977,8b0158f363824c1785621af95d671715,experiment_linear_mchc
1130.089089650148,0.006188361618956425,mchc,PLASMA,0.8,Decision Tree Regressor,BayesSearchCV,3.0203823710894726,0.9698564963763273,5.00222307432875,0.005808314840160977,8b0158f363824c1785621af95d671715,experiment_linear_mchc
1116.589731923951,0.005824066610376424,mchc,PLASMA,0.8,Decision Tree Regressor,BayesSearchCV,3.0203823710894726,0.9698564963763273,5.00222307432875,0.005808314840160977,8b0158f363824c1785621af95d671715,experiment_linear_mchc
1132.017569325318,0.005740543861969606,mchc,PLASMA,0.8,Decision Tree Regressor,BayesSearchCV,3.0203823710894726,0.9698564963763273,5.00222307432875,0.005808314840160977,8b0158f363824c1785621af95d671715,experiment_linear_mchc
1114.66125224878,0.0050152941246736785,mchc,PLASMA,0.8,Decision Tree Regressor,BayesSearchCV,3.0203823710894726,0.9698564963763273,5.00222307432875,0.005808314840160977,8b0158f363824c1785621af95d671715,experiment_linear_mchc
1133.946049000489,0.004953372180432726,mchc,PLASMA,0.8,Decision Tree Regressor,BayesSearchCV,3.0203823710894726,0.9698564963763273,5.00222307432875,0.005808314840160977,8b0158f363824c1785621af95d671715,experiment_linear_mchc
2717.227862315798,0.00458855827439674,mchc,PLASMA,0.8,Decision Tree Regressor,BayesSearchCV,3.0203823710894726,0.9698564963763273,5.00222307432875,0.005808314840160977,8b0158f363824c1785621af95d671715,experiment_linear_mchc
1562.068536888429,0.004177509204424023,mchc,PLASMA,0.8,Decision Tree Regressor,BayesSearchCV,3.0203823710894726,0.9698564963763273,5.00222307432875,0.005808314840160977,8b0158f363824c1785621af95d671715,experiment_linear_mchc
1563.9970165636,0.004145441701975162,mchc,PLASMA,0.8,Decision Tree Regressor,BayesSearchCV,3.0203823710894726,0.9698564963763273,5.00222307432875,0.005808314840160977,8b0158f363824c1785621af95d671715,experiment_linear_mchc
1560.140057213258,0.004131241069329502,mchc,PLASMA,0.8,Decision Tree Regressor,BayesSearchCV,3.0203823710894726,0.9698564963763273,5.00222307432875,0.005808314840160977,8b0158f363824c1785621af95d671715,experiment_linear_mchc
1558.211577538087,0.004086903985581574,mchc,PLASMA,0.8,Decision Tree Regressor,BayesSearchCV,3.0203823710894726,0.9698564963763273,5.00222307432875,0.005808314840160977,8b0158f363824c1785621af95d671715,experiment_linear_mchc
1112.732772573609,0.00405943229888476,mchc,PLASMA,0.8,Decision Tree Regressor,BayesSearchCV,3.0203823710894726,0.9698564963763273,5.00222307432875,0.005808314840160977,8b0158f363824c1785621af95d671715,experiment_linear_mchc
2719.156341990969,0.004047492611050279,mchc,PLASMA,0.8,Decision Tree Regressor,BayesSearchCV,3.0203823710894726,0.9698564963763273,5.00222307432875,0.005808314840160977,8b0158f363824c1785621af95d671715,experiment_linear_mchc
2711.442423290285,0.004035093283890474,mchc,PLASMA,0.8,Decision Tree Regressor,BayesSearchCV,3.0203823710894726,0.9698564963763273,5.00222307432875,0.005808314840160977,8b0158f363824c1785621af95d671715,experiment_linear_mchc
1567.853975913942,0.003989287137702031,mchc,PLASMA,0.8,Decision Tree Regressor,BayesSearchCV,3.0203823710894726,0.9698564963763273,5.00222307432875,0.005808314840160977,8b0158f363824c1785621af95d671715,experiment_linear_mchc
1124.303650624635,1.0,mchc,PLASMA,0.8,Decision Tree Regressor,BayesSearchCV,3.2037365978762096,1.0441619047619048,5.353286930356839,-0.11856152765774719,8b0158f363824c1785621af95d671715,experiment_linear_mchc
929.5272034323739,0.0,mchc,PLASMA,0.8,Decision Tree Regressor,BayesSearchCV,3.2037365978762096,1.0441619047619048,5.353286930356839,-0.11856152765774719,8b0158f363824c1785621af95d671715,experiment_linear_mchc
2568.734927327639,0.0,mchc,PLASMA,0.8,Decision Tree Regressor,BayesSearchCV,3.2037365978762096,1.0441619047619048,5.353286930356839,-0.11856152765774719,8b0158f363824c1785621af95d671715,experiment_linear_mchc
2551.378610251101,0.0,mchc,PLASMA,0.8,Decision Tree Regressor,BayesSearchCV,3.2037365978762096,1.0441619047619048,5.353286930356839,-0.11856152765774719,8b0158f363824c1785621af95d671715,experiment_linear_mchc
2553.307089926272,0.0,mchc,PLASMA,0.8,Decision Tree Regressor,BayesSearchCV,3.2037365978762096,1.0441619047619048,5.353286930356839,-0.11856152765774719,8b0158f363824c1785621af95d671715,experiment_linear_mchc
2555.235569601442,0.0,mchc,PLASMA,0.8,Decision Tree Regressor,BayesSearchCV,3.2037365978762096,1.0441619047619048,5.353286930356839,-0.11856152765774719,8b0158f363824c1785621af95d671715,experiment_linear_mchc
2557.164049276613,0.0,mchc,PLASMA,0.8,Decision Tree Regressor,BayesSearchCV,3.2037365978762096,1.0441619047619048,5.353286930356839,-0.11856152765774719,8b0158f363824c1785621af95d671715,experiment_linear_mchc
2559.092528951784,0.0,mchc,PLASMA,0.8,Decision Tree Regressor,BayesSearchCV,3.2037365978762096,1.0441619047619048,5.353286930356839,-0.11856152765774719,8b0158f363824c1785621af95d671715,experiment_linear_mchc
2561.021008626955,0.0,mchc,PLASMA,0.8,Decision Tree Regressor,BayesSearchCV,3.2037365978762096,1.0441619047619048,5.353286930356839,-0.11856152765774719,8b0158f363824c1785621af95d671715,experiment_linear_mchc
2562.949488302126,0.0,mchc,PLASMA,0.8,Decision Tree Regressor,BayesSearchCV,3.2037365978762096,1.0441619047619048,5.353286930356839,-0.11856152765774719,8b0158f363824c1785621af95d671715,experiment_linear_mchc
2564.877967977297,0.0,mchc,PLASMA,0.8,Decision Tree Regressor,BayesSearchCV,3.2037365978762096,1.0441619047619048,5.353286930356839,-0.11856152765774719,8b0158f363824c1785621af95d671715,experiment_linear_mchc
2566.806447652468,0.0,mchc,PLASMA,0.8,Decision Tree Regressor,BayesSearchCV,3.2037365978762096,1.0441619047619048,5.353286930356839,-0.11856152765774719,8b0158f363824c1785621af95d671715,experiment_linear_mchc
2570.663407002809,0.0,mchc,PLASMA,0.8,Decision Tree Regressor,BayesSearchCV,3.2037365978762096,1.0441619047619048,5.353286930356839,-0.11856152765774719,8b0158f363824c1785621af95d671715,experiment_linear_mchc
2547.521650900759,0.0,mchc,PLASMA,0.8,Decision Tree Regressor,BayesSearchCV,3.2037365978762096,1.0441619047619048,5.353286930356839,-0.11856152765774719,8b0158f363824c1785621af95d671715,experiment_linear_mchc
2572.59188667798,0.0,mchc,PLASMA,0.8,Decision Tree Regressor,BayesSearchCV,3.2037365978762096,1.0441619047619048,5.353286930356839,-0.11856152765774719,8b0158f363824c1785621af95d671715,experiment_linear_mchc
2574.520366353152,0.0,mchc,PLASMA,0.8,Decision Tree Regressor,BayesSearchCV,3.2037365978762096,1.0441619047619048,5.353286930356839,-0.11856152765774719,8b0158f363824c1785621af95d671715,experiment_linear_mchc
2576.448846028322,0.0,mchc,PLASMA,0.8,Decision Tree Regressor,BayesSearchCV,3.2037365978762096,1.0441619047619048,5.353286930356839,-0.11856152765774719,8b0158f363824c1785621af95d671715,experiment_linear_mchc
2578.377325703493,0.0,mchc,PLASMA,0.8,Decision Tree Regressor,BayesSearchCV,3.2037365978762096,1.0441619047619048,5.353286930356839,-0.11856152765774719,8b0158f363824c1785621af95d671715,experiment_linear_mchc
2580.305805378664,0.0,mchc,PLASMA,0.8,Decision Tree Regressor,BayesSearchCV,3.2037365978762096,1.0441619047619048,5.353286930356839,-0.11856152765774719,8b0158f363824c1785621af95d671715,experiment_linear_mchc
2582.234285053835,0.0,mchc,PLASMA,0.8,Decision Tree Regressor,BayesSearchCV,3.2037365978762096,1.0441619047619048,5.353286930356839,-0.11856152765774719,8b0158f363824c1785621af95d671715,experiment_linear_mchc
2717.227862315798,0.0070571741083701725,mchc,PLASMA,0.8,Decision Tree Regressor,BayesSearchCV,3.1017083768849214,0.915590476190476,4.906362990169113,-0.0484511466315285,8b0158f363824c1785621af95d671715,experiment_linear_mchc
2719.156341990969,0.006837327055358679,mchc,PLASMA,0.8,Decision Tree Regressor,BayesSearchCV,3.1017083768849214,0.915590476190476,4.906362990169113,-0.0484511466315285,8b0158f363824c1785621af95d671715,experiment_linear_mchc
2711.442423290285,0.006204466156642197,mchc,PLASMA,0.8,Decision Tree Regressor,BayesSearchCV,3.1017083768849214,0.915590476190476,4.906362990169113,-0.0484511466315285,8b0158f363824c1785621af95d671715,experiment_linear_mchc
2721.08482166614,0.005102620032915798,mchc,PLASMA,0.8,Decision Tree Regressor,BayesSearchCV,3.1017083768849214,0.915590476190476,4.906362990169113,-0.0484511466315285,8b0158f363824c1785621af95d671715,experiment_linear_mchc
943.0265611585701,0.004343714720191596,mchc,PLASMA,0.8,Decision Tree Regressor,BayesSearchCV,3.1017083768849214,0.915590476190476,4.906362990169113,-0.0484511466315285,8b0158f363824c1785621af95d671715,experiment_linear_mchc
944.9550408337414,0.0038994354885805013,mchc,PLASMA,0.8,Decision Tree Regressor,BayesSearchCV,3.1017083768849214,0.915590476190476,4.906362990169113,-0.0484511466315285,8b0158f363824c1785621af95d671715,experiment_linear_mchc
1047.164463617799,0.0038886338124019914,mchc,PLASMA,0.8,Decision Tree Regressor,BayesSearchCV,3.1017083768849214,0.915590476190476,4.906362990169113,-0.0484511466315285,8b0158f363824c1785621af95d671715,experiment_linear_mchc
1045.235983942628,0.003837638563861362,mchc,PLASMA,0.8,Decision Tree Regressor,BayesSearchCV,3.1017083768849214,0.915590476190476,4.906362990169113,-0.0484511466315285,8b0158f363824c1785621af95d671715,experiment_linear_mchc
2723.013301341311,0.003720859487820899,mchc,PLASMA,0.8,Decision Tree Regressor,BayesSearchCV,3.1017083768849214,0.915590476190476,4.906362990169113,-0.0484511466315285,8b0158f363824c1785621af95d671715,experiment_linear_mchc
941.0980814833993,0.0037055573056536616,mchc,PLASMA,0.8,Decision Tree Regressor,BayesSearchCV,3.1017083768849214,0.915590476190476,4.906362990169113,-0.0484511466315285,8b0158f363824c1785621af95d671715,experiment_linear_mchc
2713.370902965456,0.0036954020685292847,mchc,PLASMA,0.8,Decision Tree Regressor,BayesSearchCV,3.1017083768849214,0.915590476190476,4.906362990169113,-0.0484511466315285,8b0158f363824c1785621af95d671715,experiment_linear_mchc
1049.092943292969,0.0036758424405407995,mchc,PLASMA,0.8,Decision Tree Regressor,BayesSearchCV,3.1017083768849214,0.915590476190476,4.906362990169113,-0.0484511466315285,8b0158f363824c1785621af95d671715,experiment_linear_mchc
1619.922927143556,0.003672798195112001,mchc,PLASMA,0.8,Decision Tree Regressor,BayesSearchCV,3.1017083768849214,0.915590476190476,4.906362990169113,-0.0484511466315285,8b0158f363824c1785621af95d671715,experiment_linear_mchc
1617.994447468385,0.003665431515833903,mchc,PLASMA,0.8,Decision Tree Regressor,BayesSearchCV,3.1017083768849214,0.915590476190476,4.906362990169113,-0.0484511466315285,8b0158f363824c1785621af95d671715,experiment_linear_mchc
1043.307504267457,0.0035437879582125636,mchc,PLASMA,0.8,Decision Tree Regressor,BayesSearchCV,3.1017083768849214,0.915590476190476,4.906362990169113,-0.0484511466315285,8b0158f363824c1785621af95d671715,experiment_linear_mchc
1621.851406818727,0.0035067205647306503,mchc,PLASMA,0.8,Decision Tree Regressor,BayesSearchCV,3.1017083768849214,0.915590476190476,4.906362990169113,-0.0484511466315285,8b0158f363824c1785621af95d671715,experiment_linear_mchc
2736.512659067507,0.0034805078146133562,mchc,PLASMA,0.8,Decision Tree Regressor,BayesSearchCV,3.1017083768849214,0.915590476190476,4.906362990169113,-0.0484511466315285,8b0158f363824c1785621af95d671715,experiment_linear_mchc
2734.584179392336,0.0034676256385765877,mchc,PLASMA,0.8,Decision Tree Regressor,BayesSearchCV,3.1017083768849214,0.915590476190476,4.906362990169113,-0.0484511466315285,8b0158f363824c1785621af95d671715,experiment_linear_mchc
1616.065967793214,0.00342398604938247,mchc,PLASMA,0.8,Decision Tree Regressor,BayesSearchCV,3.1017083768849214,0.915590476190476,4.906362990169113,-0.0484511466315285,8b0158f363824c1785621af95d671715,experiment_linear_mchc
1238.083951459718,0.003319960748552151,mchc,PLASMA,0.8,Decision Tree Regressor,BayesSearchCV,3.1017083768849214,0.915590476190476,4.906362990169113,-0.0484511466315285,8b0158f363824c1785621af95d671715,experiment_linear_mchc
1124.303650624635,1.0,mchc,PLASMA,0.8,Decision Tree Regressor,BayesSearchCV,3.2037365978762096,1.0441619047619048,5.353286930356839,-0.11856152765774719,8b0158f363824c1785621af95d671715,experiment_linear_mchc
929.5272034323739,0.0,mchc,PLASMA,0.8,Decision Tree Regressor,BayesSearchCV,3.2037365978762096,1.0441619047619048,5.353286930356839,-0.11856152765774719,8b0158f363824c1785621af95d671715,experiment_linear_mchc
2568.734927327639,0.0,mchc,PLASMA,0.8,Decision Tree Regressor,BayesSearchCV,3.2037365978762096,1.0441619047619048,5.353286930356839,-0.11856152765774719,8b0158f363824c1785621af95d671715,experiment_linear_mchc
2551.378610251101,0.0,mchc,PLASMA,0.8,Decision Tree Regressor,BayesSearchCV,3.2037365978762096,1.0441619047619048,5.353286930356839,-0.11856152765774719,8b0158f363824c1785621af95d671715,experiment_linear_mchc
2553.307089926272,0.0,mchc,PLASMA,0.8,Decision Tree Regressor,BayesSearchCV,3.2037365978762096,1.0441619047619048,5.353286930356839,-0.11856152765774719,8b0158f363824c1785621af95d671715,experiment_linear_mchc
2555.235569601442,0.0,mchc,PLASMA,0.8,Decision Tree Regressor,BayesSearchCV,3.2037365978762096,1.0441619047619048,5.353286930356839,-0.11856152765774719,8b0158f363824c1785621af95d671715,experiment_linear_mchc
2557.164049276613,0.0,mchc,PLASMA,0.8,Decision Tree Regressor,BayesSearchCV,3.2037365978762096,1.0441619047619048,5.353286930356839,-0.11856152765774719,8b0158f363824c1785621af95d671715,experiment_linear_mchc
2559.092528951784,0.0,mchc,PLASMA,0.8,Decision Tree Regressor,BayesSearchCV,3.2037365978762096,1.0441619047619048,5.353286930356839,-0.11856152765774719,8b0158f363824c1785621af95d671715,experiment_linear_mchc
2561.021008626955,0.0,mchc,PLASMA,0.8,Decision Tree Regressor,BayesSearchCV,3.2037365978762096,1.0441619047619048,5.353286930356839,-0.11856152765774719,8b0158f363824c1785621af95d671715,experiment_linear_mchc
2562.949488302126,0.0,mchc,PLASMA,0.8,Decision Tree Regressor,BayesSearchCV,3.2037365978762096,1.0441619047619048,5.353286930356839,-0.11856152765774719,8b0158f363824c1785621af95d671715,experiment_linear_mchc
2564.877967977297,0.0,mchc,PLASMA,0.8,Decision Tree Regressor,BayesSearchCV,3.2037365978762096,1.0441619047619048,5.353286930356839,-0.11856152765774719,8b0158f363824c1785621af95d671715,experiment_linear_mchc
2566.806447652468,0.0,mchc,PLASMA,0.8,Decision Tree Regressor,BayesSearchCV,3.2037365978762096,1.0441619047619048,5.353286930356839,-0.11856152765774719,8b0158f363824c1785621af95d671715,experiment_linear_mchc
2570.663407002809,0.0,mchc,PLASMA,0.8,Decision Tree Regressor,BayesSearchCV,3.2037365978762096,1.0441619047619048,5.353286930356839,-0.11856152765774719,8b0158f363824c1785621af95d671715,experiment_linear_mchc
2547.521650900759,0.0,mchc,PLASMA,0.8,Decision Tree Regressor,BayesSearchCV,3.2037365978762096,1.0441619047619048,5.353286930356839,-0.11856152765774719,8b0158f363824c1785621af95d671715,experiment_linear_mchc
2572.59188667798,0.0,mchc,PLASMA,0.8,Decision Tree Regressor,BayesSearchCV,3.2037365978762096,1.0441619047619048,5.353286930356839,-0.11856152765774719,8b0158f363824c1785621af95d671715,experiment_linear_mchc
2574.520366353152,0.0,mchc,PLASMA,0.8,Decision Tree Regressor,BayesSearchCV,3.2037365978762096,1.0441619047619048,5.353286930356839,-0.11856152765774719,8b0158f363824c1785621af95d671715,experiment_linear_mchc
2576.448846028322,0.0,mchc,PLASMA,0.8,Decision Tree Regressor,BayesSearchCV,3.2037365978762096,1.0441619047619048,5.353286930356839,-0.11856152765774719,8b0158f363824c1785621af95d671715,experiment_linear_mchc
2578.377325703493,0.0,mchc,PLASMA,0.8,Decision Tree Regressor,BayesSearchCV,3.2037365978762096,1.0441619047619048,5.353286930356839,-0.11856152765774719,8b0158f363824c1785621af95d671715,experiment_linear_mchc
2580.305805378664,0.0,mchc,PLASMA,0.8,Decision Tree Regressor,BayesSearchCV,3.2037365978762096,1.0441619047619048,5.353286930356839,-0.11856152765774719,8b0158f363824c1785621af95d671715,experiment_linear_mchc
2582.234285053835,0.0,mchc,PLASMA,0.8,Decision Tree Regressor,BayesSearchCV,3.2037365978762096,1.0441619047619048,5.353286930356839,-0.11856152765774719,8b0158f363824c1785621af95d671715,experiment_linear_mchc
3039.283968069338,0.005098651314267099,mchc,SALIVA,0.8,Decision Tree Regressor,BayesSearchCV,3.180694532757631,1.0733261904761906,5.381306243867477,-0.051176514620611124,8b0158f363824c1785621af95d671715,experiment_linear_mchc
3037.355488394167,0.004955979106258384,mchc,SALIVA,0.8,Decision Tree Regressor,BayesSearchCV,3.180694532757631,1.0733261904761906,5.381306243867477,-0.051176514620611124,8b0158f363824c1785621af95d671715,experiment_linear_mchc
1585.21029299048,0.004757389458312987,mchc,SALIVA,0.8,Decision Tree Regressor,BayesSearchCV,3.180694532757631,1.0733261904761906,5.381306243867477,-0.051176514620611124,8b0158f363824c1785621af95d671715,experiment_linear_mchc
929.5272034323739,0.004723415976063909,mchc,SALIVA,0.8,Decision Tree Regressor,BayesSearchCV,3.180694532757631,1.0733261904761906,5.381306243867477,-0.051176514620611124,8b0158f363824c1785621af95d671715,experiment_linear_mchc
1583.281813315309,0.004720438041179559,mchc,SALIVA,0.8,Decision Tree Regressor,BayesSearchCV,3.180694532757631,1.0733261904761906,5.381306243867477,-0.051176514620611124,8b0158f363824c1785621af95d671715,experiment_linear_mchc
3041.212447744509,0.004712210958167987,mchc,SALIVA,0.8,Decision Tree Regressor,BayesSearchCV,3.180694532757631,1.0733261904761906,5.381306243867477,-0.051176514620611124,8b0158f363824c1785621af95d671715,experiment_linear_mchc
1587.138772665651,0.004703360559417483,mchc,SALIVA,0.8,Decision Tree Regressor,BayesSearchCV,3.180694532757631,1.0733261904761906,5.381306243867477,-0.051176514620611124,8b0158f363824c1785621af95d671715,experiment_linear_mchc
1581.353333640138,0.004616373390983463,mchc,SALIVA,0.8,Decision Tree Regressor,BayesSearchCV,3.180694532757631,1.0733261904761906,5.381306243867477,-0.051176514620611124,8b0158f363824c1785621af95d671715,experiment_linear_mchc
1589.067252340822,0.004494009450857274,mchc,SALIVA,0.8,Decision Tree Regressor,BayesSearchCV,3.180694532757631,1.0733261904761906,5.381306243867477,-0.051176514620611124,8b0158f363824c1785621af95d671715,experiment_linear_mchc
950.7404798592538,0.00442051615160689,mchc,SALIVA,0.8,Decision Tree Regressor,BayesSearchCV,3.180694532757631,1.0733261904761906,5.381306243867477,-0.051176514620611124,8b0158f363824c1785621af95d671715,experiment_linear_mchc
1579.424853964967,0.004401081056724227,mchc,SALIVA,0.8,Decision Tree Regressor,BayesSearchCV,3.180694532757631,1.0733261904761906,5.381306243867477,-0.051176514620611124,8b0158f363824c1785621af95d671715,experiment_linear_mchc
952.6689595344246,0.004294351551902443,mchc,SALIVA,0.8,Decision Tree Regressor,BayesSearchCV,3.180694532757631,1.0733261904761906,5.381306243867477,-0.051176514620611124,8b0158f363824c1785621af95d671715,experiment_linear_mchc
1714.41843122693,0.00429194493495817,mchc,SALIVA,0.8,Decision Tree Regressor,BayesSearchCV,3.180694532757631,1.0733261904761906,5.381306243867477,-0.051176514620611124,8b0158f363824c1785621af95d671715,experiment_linear_mchc
1712.489951551759,0.0042707308207630655,mchc,SALIVA,0.8,Decision Tree Regressor,BayesSearchCV,3.180694532757631,1.0733261904761906,5.381306243867477,-0.051176514620611124,8b0158f363824c1785621af95d671715,experiment_linear_mchc
1716.346910902101,0.0042605470524400765,mchc,SALIVA,0.8,Decision Tree Regressor,BayesSearchCV,3.180694532757631,1.0733261904761906,5.381306243867477,-0.051176514620611124,8b0158f363824c1785621af95d671715,experiment_linear_mchc
1590.995732015992,0.004141603024368917,mchc,SALIVA,0.8,Decision Tree Regressor,BayesSearchCV,3.180694532757631,1.0733261904761906,5.381306243867477,-0.051176514620611124,8b0158f363824c1785621af95d671715,experiment_linear_mchc
1577.496374289796,0.004114878339377161,mchc,SALIVA,0.8,Decision Tree Regressor,BayesSearchCV,3.180694532757631,1.0733261904761906,5.381306243867477,-0.051176514620611124,8b0158f363824c1785621af95d671715,experiment_linear_mchc
1718.275390577272,0.0040525374668530295,mchc,SALIVA,0.8,Decision Tree Regressor,BayesSearchCV,3.180694532757631,1.0733261904761906,5.381306243867477,-0.051176514620611124,8b0158f363824c1785621af95d671715,experiment_linear_mchc
3035.427008718997,0.004039355700022081,mchc,SALIVA,0.8,Decision Tree Regressor,BayesSearchCV,3.180694532757631,1.0733261904761906,5.381306243867477,-0.051176514620611124,8b0158f363824c1785621af95d671715,experiment_linear_mchc
931.4556831075452,0.004017372446519689,mchc,SALIVA,0.8,Decision Tree Regressor,BayesSearchCV,3.180694532757631,1.0733261904761906,5.381306243867477,-0.051176514620611124,8b0158f363824c1785621af95d671715,experiment_linear_mchc
2589.948203754519,1.0,mchc,SALIVA,0.8,Decision Tree Regressor,BayesSearchCV,3.169815859640053,1.0009346784486983,5.157430314508828,-0.04399830258187731,8b0158f363824c1785621af95d671715,experiment_linear_mchc
2568.734927327639,0.0,mchc,SALIVA,0.8,Decision Tree Regressor,BayesSearchCV,3.169815859640053,1.0009346784486983,5.157430314508828,-0.04399830258187731,8b0158f363824c1785621af95d671715,experiment_linear_mchc
2551.378610251101,0.0,mchc,SALIVA,0.8,Decision Tree Regressor,BayesSearchCV,3.169815859640053,1.0009346784486983,5.157430314508828,-0.04399830258187731,8b0158f363824c1785621af95d671715,experiment_linear_mchc
2553.307089926272,0.0,mchc,SALIVA,0.8,Decision Tree Regressor,BayesSearchCV,3.169815859640053,1.0009346784486983,5.157430314508828,-0.04399830258187731,8b0158f363824c1785621af95d671715,experiment_linear_mchc
2555.235569601442,0.0,mchc,SALIVA,0.8,Decision Tree Regressor,BayesSearchCV,3.169815859640053,1.0009346784486983,5.157430314508828,-0.04399830258187731,8b0158f363824c1785621af95d671715,experiment_linear_mchc
2557.164049276613,0.0,mchc,SALIVA,0.8,Decision Tree Regressor,BayesSearchCV,3.169815859640053,1.0009346784486983,5.157430314508828,-0.04399830258187731,8b0158f363824c1785621af95d671715,experiment_linear_mchc
2559.092528951784,0.0,mchc,SALIVA,0.8,Decision Tree Regressor,BayesSearchCV,3.169815859640053,1.0009346784486983,5.157430314508828,-0.04399830258187731,8b0158f363824c1785621af95d671715,experiment_linear_mchc
2561.021008626955,0.0,mchc,SALIVA,0.8,Decision Tree Regressor,BayesSearchCV,3.169815859640053,1.0009346784486983,5.157430314508828,-0.04399830258187731,8b0158f363824c1785621af95d671715,experiment_linear_mchc
2562.949488302126,0.0,mchc,SALIVA,0.8,Decision Tree Regressor,BayesSearchCV,3.169815859640053,1.0009346784486983,5.157430314508828,-0.04399830258187731,8b0158f363824c1785621af95d671715,experiment_linear_mchc
2564.877967977297,0.0,mchc,SALIVA,0.8,Decision Tree Regressor,BayesSearchCV,3.169815859640053,1.0009346784486983,5.157430314508828,-0.04399830258187731,8b0158f363824c1785621af95d671715,experiment_linear_mchc
2566.806447652468,0.0,mchc,SALIVA,0.8,Decision Tree Regressor,BayesSearchCV,3.169815859640053,1.0009346784486983,5.157430314508828,-0.04399830258187731,8b0158f363824c1785621af95d671715,experiment_linear_mchc
2570.663407002809,0.0,mchc,SALIVA,0.8,Decision Tree Regressor,BayesSearchCV,3.169815859640053,1.0009346784486983,5.157430314508828,-0.04399830258187731,8b0158f363824c1785621af95d671715,experiment_linear_mchc
2547.521650900759,0.0,mchc,SALIVA,0.8,Decision Tree Regressor,BayesSearchCV,3.169815859640053,1.0009346784486983,5.157430314508828,-0.04399830258187731,8b0158f363824c1785621af95d671715,experiment_linear_mchc
2572.59188667798,0.0,mchc,SALIVA,0.8,Decision Tree Regressor,BayesSearchCV,3.169815859640053,1.0009346784486983,5.157430314508828,-0.04399830258187731,8b0158f363824c1785621af95d671715,experiment_linear_mchc
2574.520366353152,0.0,mchc,SALIVA,0.8,Decision Tree Regressor,BayesSearchCV,3.169815859640053,1.0009346784486983,5.157430314508828,-0.04399830258187731,8b0158f363824c1785621af95d671715,experiment_linear_mchc
2576.448846028322,0.0,mchc,SALIVA,0.8,Decision Tree Regressor,BayesSearchCV,3.169815859640053,1.0009346784486983,5.157430314508828,-0.04399830258187731,8b0158f363824c1785621af95d671715,experiment_linear_mchc
2578.377325703493,0.0,mchc,SALIVA,0.8,Decision Tree Regressor,BayesSearchCV,3.169815859640053,1.0009346784486983,5.157430314508828,-0.04399830258187731,8b0158f363824c1785621af95d671715,experiment_linear_mchc
2580.305805378664,0.0,mchc,SALIVA,0.8,Decision Tree Regressor,BayesSearchCV,3.169815859640053,1.0009346784486983,5.157430314508828,-0.04399830258187731,8b0158f363824c1785621af95d671715,experiment_linear_mchc
2582.234285053835,0.0,mchc,SALIVA,0.8,Decision Tree Regressor,BayesSearchCV,3.169815859640053,1.0009346784486983,5.157430314508828,-0.04399830258187731,8b0158f363824c1785621af95d671715,experiment_linear_mchc
2584.162764729006,0.0,mchc,SALIVA,0.8,Decision Tree Regressor,BayesSearchCV,3.169815859640053,1.0009346784486983,5.157430314508828,-0.04399830258187731,8b0158f363824c1785621af95d671715,experiment_linear_mchc
3039.283968069338,0.004900334932080545,mchc,SALIVA,0.8,Decision Tree Regressor,BayesSearchCV,3.171320042490944,1.0277904761904761,5.245377751661262,-0.04498936137371912,8b0158f363824c1785621af95d671715,experiment_linear_mchc
929.5272034323739,0.004870068258098113,mchc,SALIVA,0.8,Decision Tree Regressor,BayesSearchCV,3.171320042490944,1.0277904761904761,5.245377751661262,-0.04498936137371912,8b0158f363824c1785621af95d671715,experiment_linear_mchc
1585.21029299048,0.004864641893577993,mchc,SALIVA,0.8,Decision Tree Regressor,BayesSearchCV,3.171320042490944,1.0277904761904761,5.245377751661262,-0.04498936137371912,8b0158f363824c1785621af95d671715,experiment_linear_mchc
1583.281813315309,0.0048214832667056035,mchc,SALIVA,0.8,Decision Tree Regressor,BayesSearchCV,3.171320042490944,1.0277904761904761,5.245377751661262,-0.04498936137371912,8b0158f363824c1785621af95d671715,experiment_linear_mchc
1587.138772665651,0.004814409469494365,mchc,SALIVA,0.8,Decision Tree Regressor,BayesSearchCV,3.171320042490944,1.0277904761904761,5.245377751661262,-0.04498936137371912,8b0158f363824c1785621af95d671715,experiment_linear_mchc
3037.355488394167,0.004762703011408799,mchc,SALIVA,0.8,Decision Tree Regressor,BayesSearchCV,3.171320042490944,1.0277904761904761,5.245377751661262,-0.04498936137371912,8b0158f363824c1785621af95d671715,experiment_linear_mchc
1581.353333640138,0.004710859369923496,mchc,SALIVA,0.8,Decision Tree Regressor,BayesSearchCV,3.171320042490944,1.0277904761904761,5.245377751661262,-0.04498936137371912,8b0158f363824c1785621af95d671715,experiment_linear_mchc
950.7404798592538,0.004641806786372827,mchc,SALIVA,0.8,Decision Tree Regressor,BayesSearchCV,3.171320042490944,1.0277904761904761,5.245377751661262,-0.04498936137371912,8b0158f363824c1785621af95d671715,experiment_linear_mchc
1589.067252340822,0.004607206821244845,mchc,SALIVA,0.8,Decision Tree Regressor,BayesSearchCV,3.171320042490944,1.0277904761904761,5.245377751661262,-0.04498936137371912,8b0158f363824c1785621af95d671715,experiment_linear_mchc
3041.212447744509,0.004524037600540226,mchc,SALIVA,0.8,Decision Tree Regressor,BayesSearchCV,3.171320042490944,1.0277904761904761,5.245377751661262,-0.04498936137371912,8b0158f363824c1785621af95d671715,experiment_linear_mchc
952.6689595344246,0.004513956824926031,mchc,SALIVA,0.8,Decision Tree Regressor,BayesSearchCV,3.171320042490944,1.0277904761904761,5.245377751661262,-0.04498936137371912,8b0158f363824c1785621af95d671715,experiment_linear_mchc
1579.424853964967,0.004492580811601842,mchc,SALIVA,0.8,Decision Tree Regressor,BayesSearchCV,3.171320042490944,1.0277904761904761,5.245377751661262,-0.04498936137371912,8b0158f363824c1785621af95d671715,experiment_linear_mchc
1714.41843122693,0.004322693146586177,mchc,SALIVA,0.8,Decision Tree Regressor,BayesSearchCV,3.171320042490944,1.0277904761904761,5.245377751661262,-0.04498936137371912,8b0158f363824c1785621af95d671715,experiment_linear_mchc
1712.489951551759,0.004300620624756461,mchc,SALIVA,0.8,Decision Tree Regressor,BayesSearchCV,3.171320042490944,1.0277904761904761,5.245377751661262,-0.04498936137371912,8b0158f363824c1785621af95d671715,experiment_linear_mchc
1716.346910902101,0.004282359667878684,mchc,SALIVA,0.8,Decision Tree Regressor,BayesSearchCV,3.171320042490944,1.0277904761904761,5.245377751661262,-0.04498936137371912,8b0158f363824c1785621af95d671715,experiment_linear_mchc
1590.995732015992,0.00425104555726063,mchc,SALIVA,0.8,Decision Tree Regressor,BayesSearchCV,3.171320042490944,1.0277904761904761,5.245377751661262,-0.04498936137371912,8b0158f363824c1785621af95d671715,experiment_linear_mchc
1577.496374289796,0.00420136868130461,mchc,SALIVA,0.8,Decision Tree Regressor,BayesSearchCV,3.171320042490944,1.0277904761904761,5.245377751661262,-0.04498936137371912,8b0158f363824c1785621af95d671715,experiment_linear_mchc
931.4556831075452,0.0041886181469187765,mchc,SALIVA,0.8,Decision Tree Regressor,BayesSearchCV,3.171320042490944,1.0277904761904761,5.245377751661262,-0.04498936137371912,8b0158f363824c1785621af95d671715,experiment_linear_mchc
948.812000184083,0.004147567858956717,mchc,SALIVA,0.8,Decision Tree Regressor,BayesSearchCV,3.171320042490944,1.0277904761904761,5.245377751661262,-0.04498936137371912,8b0158f363824c1785621af95d671715,experiment_linear_mchc
954.5974392095954,0.004146363623510526,mchc,SALIVA,0.8,Decision Tree Regressor,BayesSearchCV,3.171320042490944,1.0277904761904761,5.245377751661262,-0.04498936137371912,8b0158f363824c1785621af95d671715,experiment_linear_mchc
2589.948203754519,1.0,mchc,SALIVA,0.8,Decision Tree Regressor,BayesSearchCV,3.169815859640053,1.0009346784486983,5.157430314508828,-0.04399830258187731,8b0158f363824c1785621af95d671715,experiment_linear_mchc
2568.734927327639,0.0,mchc,SALIVA,0.8,Decision Tree Regressor,BayesSearchCV,3.169815859640053,1.0009346784486983,5.157430314508828,-0.04399830258187731,8b0158f363824c1785621af95d671715,experiment_linear_mchc
2551.378610251101,0.0,mchc,SALIVA,0.8,Decision Tree Regressor,BayesSearchCV,3.169815859640053,1.0009346784486983,5.157430314508828,-0.04399830258187731,8b0158f363824c1785621af95d671715,experiment_linear_mchc
2553.307089926272,0.0,mchc,SALIVA,0.8,Decision Tree Regressor,BayesSearchCV,3.169815859640053,1.0009346784486983,5.157430314508828,-0.04399830258187731,8b0158f363824c1785621af95d671715,experiment_linear_mchc
2555.235569601442,0.0,mchc,SALIVA,0.8,Decision Tree Regressor,BayesSearchCV,3.169815859640053,1.0009346784486983,5.157430314508828,-0.04399830258187731,8b0158f363824c1785621af95d671715,experiment_linear_mchc
2557.164049276613,0.0,mchc,SALIVA,0.8,Decision Tree Regressor,BayesSearchCV,3.169815859640053,1.0009346784486983,5.157430314508828,-0.04399830258187731,8b0158f363824c1785621af95d671715,experiment_linear_mchc
2559.092528951784,0.0,mchc,SALIVA,0.8,Decision Tree Regressor,BayesSearchCV,3.169815859640053,1.0009346784486983,5.157430314508828,-0.04399830258187731,8b0158f363824c1785621af95d671715,experiment_linear_mchc
2561.021008626955,0.0,mchc,SALIVA,0.8,Decision Tree Regressor,BayesSearchCV,3.169815859640053,1.0009346784486983,5.157430314508828,-0.04399830258187731,8b0158f363824c1785621af95d671715,experiment_linear_mchc
2562.949488302126,0.0,mchc,SALIVA,0.8,Decision Tree Regressor,BayesSearchCV,3.169815859640053,1.0009346784486983,5.157430314508828,-0.04399830258187731,8b0158f363824c1785621af95d671715,experiment_linear_mchc
2564.877967977297,0.0,mchc,SALIVA,0.8,Decision Tree Regressor,BayesSearchCV,3.169815859640053,1.0009346784486983,5.157430314508828,-0.04399830258187731,8b0158f363824c1785621af95d671715,experiment_linear_mchc
2566.806447652468,0.0,mchc,SALIVA,0.8,Decision Tree Regressor,BayesSearchCV,3.169815859640053,1.0009346784486983,5.157430314508828,-0.04399830258187731,8b0158f363824c1785621af95d671715,experiment_linear_mchc
2570.663407002809,0.0,mchc,SALIVA,0.8,Decision Tree Regressor,BayesSearchCV,3.169815859640053,1.0009346784486983,5.157430314508828,-0.04399830258187731,8b0158f363824c1785621af95d671715,experiment_linear_mchc
2547.521650900759,0.0,mchc,SALIVA,0.8,Decision Tree Regressor,BayesSearchCV,3.169815859640053,1.0009346784486983,5.157430314508828,-0.04399830258187731,8b0158f363824c1785621af95d671715,experiment_linear_mchc
2572.59188667798,0.0,mchc,SALIVA,0.8,Decision Tree Regressor,BayesSearchCV,3.169815859640053,1.0009346784486983,5.157430314508828,-0.04399830258187731,8b0158f363824c1785621af95d671715,experiment_linear_mchc
2574.520366353152,0.0,mchc,SALIVA,0.8,Decision Tree Regressor,BayesSearchCV,3.169815859640053,1.0009346784486983,5.157430314508828,-0.04399830258187731,8b0158f363824c1785621af95d671715,experiment_linear_mchc
2576.448846028322,0.0,mchc,SALIVA,0.8,Decision Tree Regressor,BayesSearchCV,3.169815859640053,1.0009346784486983,5.157430314508828,-0.04399830258187731,8b0158f363824c1785621af95d671715,experiment_linear_mchc
2578.377325703493,0.0,mchc,SALIVA,0.8,Decision Tree Regressor,BayesSearchCV,3.169815859640053,1.0009346784486983,5.157430314508828,-0.04399830258187731,8b0158f363824c1785621af95d671715,experiment_linear_mchc
2580.305805378664,0.0,mchc,SALIVA,0.8,Decision Tree Regressor,BayesSearchCV,3.169815859640053,1.0009346784486983,5.157430314508828,-0.04399830258187731,8b0158f363824c1785621af95d671715,experiment_linear_mchc
2582.234285053835,0.0,mchc,SALIVA,0.8,Decision Tree Regressor,BayesSearchCV,3.169815859640053,1.0009346784486983,5.157430314508828,-0.04399830258187731,8b0158f363824c1785621af95d671715,experiment_linear_mchc
2584.162764729006,0.0,mchc,SALIVA,0.8,Decision Tree Regressor,BayesSearchCV,3.169815859640053,1.0009346784486983,5.157430314508828,-0.04399830258187731,8b0158f363824c1785621af95d671715,experiment_linear_mchc
1716.346910902101,0.008009550717443841,mchc,SERUM,0.8,Decision Tree Regressor,BayesSearchCV,0.9016041324009679,0.7397537500000009,2.2602087412505742,-0.06433892669681418,8b0158f363824c1785621af95d671715,experiment_linear_mchc
2694.086106213747,0.006953583146498682,mchc,SERUM,0.8,Decision Tree Regressor,BayesSearchCV,0.9016041324009679,0.7397537500000009,2.2602087412505742,-0.06433892669681418,8b0158f363824c1785621af95d671715,experiment_linear_mchc
1095.376455497071,0.00546989265528597,mchc,SERUM,0.8,Decision Tree Regressor,BayesSearchCV,0.9016041324009679,0.7397537500000009,2.2602087412505742,-0.06433892669681418,8b0158f363824c1785621af95d671715,experiment_linear_mchc
2696.014585888918,0.005380968112169069,mchc,SERUM,0.8,Decision Tree Regressor,BayesSearchCV,0.9016041324009679,0.7397537500000009,2.2602087412505742,-0.06433892669681418,8b0158f363824c1785621af95d671715,experiment_linear_mchc
1093.447975821901,0.005228360363960264,mchc,SERUM,0.8,Decision Tree Regressor,BayesSearchCV,0.9016041324009679,0.7397537500000009,2.2602087412505742,-0.06433892669681418,8b0158f363824c1785621af95d671715,experiment_linear_mchc
1097.304935172242,0.00514385063106508,mchc,SERUM,0.8,Decision Tree Regressor,BayesSearchCV,0.9016041324009679,0.7397537500000009,2.2602087412505742,-0.06433892669681418,8b0158f363824c1785621af95d671715,experiment_linear_mchc
1106.947333548097,0.00501768186777251,mchc,SERUM,0.8,Decision Tree Regressor,BayesSearchCV,0.9016041324009679,0.7397537500000009,2.2602087412505742,-0.06433892669681418,8b0158f363824c1785621af95d671715,experiment_linear_mchc
1091.51949614673,0.004929188155607548,mchc,SERUM,0.8,Decision Tree Regressor,BayesSearchCV,0.9016041324009679,0.7397537500000009,2.2602087412505742,-0.06433892669681418,8b0158f363824c1785621af95d671715,experiment_linear_mchc
1105.018853872926,0.0048402339987298395,mchc,SERUM,0.8,Decision Tree Regressor,BayesSearchCV,0.9016041324009679,0.7397537500000009,2.2602087412505742,-0.06433892669681418,8b0158f363824c1785621af95d671715,experiment_linear_mchc
1099.233414847413,0.0047842459392026335,mchc,SERUM,0.8,Decision Tree Regressor,BayesSearchCV,0.9016041324009679,0.7397537500000009,2.2602087412505742,-0.06433892669681418,8b0158f363824c1785621af95d671715,experiment_linear_mchc
1108.875813223267,0.004750262450040356,mchc,SERUM,0.8,Decision Tree Regressor,BayesSearchCV,0.9016041324009679,0.7397537500000009,2.2602087412505742,-0.06433892669681418,8b0158f363824c1785621af95d671715,experiment_linear_mchc
1101.161894522584,0.004663219539718631,mchc,SERUM,0.8,Decision Tree Regressor,BayesSearchCV,0.9016041324009679,0.7397537500000009,2.2602087412505742,-0.06433892669681418,8b0158f363824c1785621af95d671715,experiment_linear_mchc
1103.090374197755,0.004587841089721667,mchc,SERUM,0.8,Decision Tree Regressor,BayesSearchCV,0.9016041324009679,0.7397537500000009,2.2602087412505742,-0.06433892669681418,8b0158f363824c1785621af95d671715,experiment_linear_mchc
3045.069407094851,0.004569236596197188,mchc,SERUM,0.8,Decision Tree Regressor,BayesSearchCV,0.9016041324009679,0.7397537500000009,2.2602087412505742,-0.06433892669681418,8b0158f363824c1785621af95d671715,experiment_linear_mchc
1089.591016471559,0.004542417127957143,mchc,SERUM,0.8,Decision Tree Regressor,BayesSearchCV,0.9016041324009679,0.7397537500000009,2.2602087412505742,-0.06433892669681418,8b0158f363824c1785621af95d671715,experiment_linear_mchc
1386.576886447877,0.004406734551874138,mchc,SERUM,0.8,Decision Tree Regressor,BayesSearchCV,0.9016041324009679,0.7397537500000009,2.2602087412505742,-0.06433892669681418,8b0158f363824c1785621af95d671715,experiment_linear_mchc
1110.804292898438,0.004309355622375544,mchc,SERUM,0.8,Decision Tree Regressor,BayesSearchCV,0.9016041324009679,0.7397537500000009,2.2602087412505742,-0.06433892669681418,8b0158f363824c1785621af95d671715,experiment_linear_mchc
2692.157626538576,0.004304884340419752,mchc,SERUM,0.8,Decision Tree Regressor,BayesSearchCV,0.9016041324009679,0.7397537500000009,2.2602087412505742,-0.06433892669681418,8b0158f363824c1785621af95d671715,experiment_linear_mchc
1384.648406772706,0.004294564894329197,mchc,SERUM,0.8,Decision Tree Regressor,BayesSearchCV,0.9016041324009679,0.7397537500000009,2.2602087412505742,-0.06433892669681418,8b0158f363824c1785621af95d671715,experiment_linear_mchc
1644.993162920778,0.004103696000351325,mchc,SERUM,0.8,Decision Tree Regressor,BayesSearchCV,0.9016041324009679,0.7397537500000009,2.2602087412505742,-0.06433892669681418,8b0158f363824c1785621af95d671715,experiment_linear_mchc
2615.01843953174,1.0,mchc,SERUM,0.8,Decision Tree Regressor,BayesSearchCV,3.1499083489047743,1.1470150000000006,3.516293570856395,-11.99104221673549,8b0158f363824c1785621af95d671715,experiment_linear_mchc
2591.876683429689,0.0,mchc,SERUM,0.8,Decision Tree Regressor,BayesSearchCV,3.1499083489047743,1.1470150000000006,3.516293570856395,-11.99104221673549,8b0158f363824c1785621af95d671715,experiment_linear_mchc
2551.378610251101,0.0,mchc,SERUM,0.8,Decision Tree Regressor,BayesSearchCV,3.1499083489047743,1.1470150000000006,3.516293570856395,-11.99104221673549,8b0158f363824c1785621af95d671715,experiment_linear_mchc
2553.307089926272,0.0,mchc,SERUM,0.8,Decision Tree Regressor,BayesSearchCV,3.1499083489047743,1.1470150000000006,3.516293570856395,-11.99104221673549,8b0158f363824c1785621af95d671715,experiment_linear_mchc
2555.235569601442,0.0,mchc,SERUM,0.8,Decision Tree Regressor,BayesSearchCV,3.1499083489047743,1.1470150000000006,3.516293570856395,-11.99104221673549,8b0158f363824c1785621af95d671715,experiment_linear_mchc
2557.164049276613,0.0,mchc,SERUM,0.8,Decision Tree Regressor,BayesSearchCV,3.1499083489047743,1.1470150000000006,3.516293570856395,-11.99104221673549,8b0158f363824c1785621af95d671715,experiment_linear_mchc
2559.092528951784,0.0,mchc,SERUM,0.8,Decision Tree Regressor,BayesSearchCV,3.1499083489047743,1.1470150000000006,3.516293570856395,-11.99104221673549,8b0158f363824c1785621af95d671715,experiment_linear_mchc
2561.021008626955,0.0,mchc,SERUM,0.8,Decision Tree Regressor,BayesSearchCV,3.1499083489047743,1.1470150000000006,3.516293570856395,-11.99104221673549,8b0158f363824c1785621af95d671715,experiment_linear_mchc
2562.949488302126,0.0,mchc,SERUM,0.8,Decision Tree Regressor,BayesSearchCV,3.1499083489047743,1.1470150000000006,3.516293570856395,-11.99104221673549,8b0158f363824c1785621af95d671715,experiment_linear_mchc
2564.877967977297,0.0,mchc,SERUM,0.8,Decision Tree Regressor,BayesSearchCV,3.1499083489047743,1.1470150000000006,3.516293570856395,-11.99104221673549,8b0158f363824c1785621af95d671715,experiment_linear_mchc
2566.806447652468,0.0,mchc,SERUM,0.8,Decision Tree Regressor,BayesSearchCV,3.1499083489047743,1.1470150000000006,3.516293570856395,-11.99104221673549,8b0158f363824c1785621af95d671715,experiment_linear_mchc
2568.734927327639,0.0,mchc,SERUM,0.8,Decision Tree Regressor,BayesSearchCV,3.1499083489047743,1.1470150000000006,3.516293570856395,-11.99104221673549,8b0158f363824c1785621af95d671715,experiment_linear_mchc
929.5272034323739,0.0,mchc,SERUM,0.8,Decision Tree Regressor,BayesSearchCV,3.1499083489047743,1.1470150000000006,3.516293570856395,-11.99104221673549,8b0158f363824c1785621af95d671715,experiment_linear_mchc
2570.663407002809,0.0,mchc,SERUM,0.8,Decision Tree Regressor,BayesSearchCV,3.1499083489047743,1.1470150000000006,3.516293570856395,-11.99104221673549,8b0158f363824c1785621af95d671715,experiment_linear_mchc
2572.59188667798,0.0,mchc,SERUM,0.8,Decision Tree Regressor,BayesSearchCV,3.1499083489047743,1.1470150000000006,3.516293570856395,-11.99104221673549,8b0158f363824c1785621af95d671715,experiment_linear_mchc
2574.520366353152,0.0,mchc,SERUM,0.8,Decision Tree Regressor,BayesSearchCV,3.1499083489047743,1.1470150000000006,3.516293570856395,-11.99104221673549,8b0158f363824c1785621af95d671715,experiment_linear_mchc
2576.448846028322,0.0,mchc,SERUM,0.8,Decision Tree Regressor,BayesSearchCV,3.1499083489047743,1.1470150000000006,3.516293570856395,-11.99104221673549,8b0158f363824c1785621af95d671715,experiment_linear_mchc
2578.377325703493,0.0,mchc,SERUM,0.8,Decision Tree Regressor,BayesSearchCV,3.1499083489047743,1.1470150000000006,3.516293570856395,-11.99104221673549,8b0158f363824c1785621af95d671715,experiment_linear_mchc
2580.305805378664,0.0,mchc,SERUM,0.8,Decision Tree Regressor,BayesSearchCV,3.1499083489047743,1.1470150000000006,3.516293570856395,-11.99104221673549,8b0158f363824c1785621af95d671715,experiment_linear_mchc
2582.234285053835,0.0,mchc,SERUM,0.8,Decision Tree Regressor,BayesSearchCV,3.1499083489047743,1.1470150000000006,3.516293570856395,-11.99104221673549,8b0158f363824c1785621af95d671715,experiment_linear_mchc
1716.346910902101,0.008548170737065354,mchc,SERUM,0.8,Decision Tree Regressor,BayesSearchCV,0.9005186530897065,0.7263237499999993,2.216702874680829,-0.06177766421897757,8b0158f363824c1785621af95d671715,experiment_linear_mchc
2717.227862315798,0.00729268767126558,mchc,SERUM,0.8,Decision Tree Regressor,BayesSearchCV,0.9005186530897065,0.7263237499999993,2.216702874680829,-0.06177766421897757,8b0158f363824c1785621af95d671715,experiment_linear_mchc
2694.086106213747,0.006254859635044429,mchc,SERUM,0.8,Decision Tree Regressor,BayesSearchCV,0.9005186530897065,0.7263237499999993,2.216702874680829,-0.06177766421897757,8b0158f363824c1785621af95d671715,experiment_linear_mchc
3045.069407094851,0.005489036355358363,mchc,SERUM,0.8,Decision Tree Regressor,BayesSearchCV,0.9005186530897065,0.7263237499999993,2.216702874680829,-0.06177766421897757,8b0158f363824c1785621af95d671715,experiment_linear_mchc
2728.798740366823,0.004907442189450309,mchc,SERUM,0.8,Decision Tree Regressor,BayesSearchCV,0.9005186530897065,0.7263237499999993,2.216702874680829,-0.06177766421897757,8b0158f363824c1785621af95d671715,experiment_linear_mchc
2680.586748487551,0.00481785149655516,mchc,SERUM,0.8,Decision Tree Regressor,BayesSearchCV,0.9005186530897065,0.7263237499999993,2.216702874680829,-0.06177766421897757,8b0158f363824c1785621af95d671715,experiment_linear_mchc
2734.584179392336,0.004708012565962991,mchc,SERUM,0.8,Decision Tree Regressor,BayesSearchCV,0.9005186530897065,0.7263237499999993,2.216702874680829,-0.06177766421897757,8b0158f363824c1785621af95d671715,experiment_linear_mchc
1644.993162920778,0.00463134357208147,mchc,SERUM,0.8,Decision Tree Regressor,BayesSearchCV,0.9005186530897065,0.7263237499999993,2.216702874680829,-0.06177766421897757,8b0158f363824c1785621af95d671715,experiment_linear_mchc
2669.015870436525,0.004631059592463421,mchc,SERUM,0.8,Decision Tree Regressor,BayesSearchCV,0.9005186530897065,0.7263237499999993,2.216702874680829,-0.06177766421897757,8b0158f363824c1785621af95d671715,experiment_linear_mchc
2696.014585888918,0.00462779418406634,mchc,SERUM,0.8,Decision Tree Regressor,BayesSearchCV,0.9005186530897065,0.7263237499999993,2.216702874680829,-0.06177766421897757,8b0158f363824c1785621af95d671715,experiment_linear_mchc
2667.087390761355,0.004587520850033291,mchc,SERUM,0.8,Decision Tree Regressor,BayesSearchCV,0.9005186530897065,0.7263237499999993,2.216702874680829,-0.06177766421897757,8b0158f363824c1785621af95d671715,experiment_linear_mchc
2701.800024914431,0.004411784784665232,mchc,SERUM,0.8,Decision Tree Regressor,BayesSearchCV,0.9005186530897065,0.7263237499999993,2.216702874680829,-0.06177766421897757,8b0158f363824c1785621af95d671715,experiment_linear_mchc
2678.65826881238,0.00438714460027931,mchc,SERUM,0.8,Decision Tree Regressor,BayesSearchCV,0.9005186530897065,0.7263237499999993,2.216702874680829,-0.06177766421897757,8b0158f363824c1785621af95d671715,experiment_linear_mchc
2732.655699717165,0.004385534337020232,mchc,SERUM,0.8,Decision Tree Regressor,BayesSearchCV,0.9005186530897065,0.7263237499999993,2.216702874680829,-0.06177766421897757,8b0158f363824c1785621af95d671715,experiment_linear_mchc
3043.14092741968,0.004349841839108997,mchc,SERUM,0.8,Decision Tree Regressor,BayesSearchCV,0.9005186530897065,0.7263237499999993,2.216702874680829,-0.06177766421897757,8b0158f363824c1785621af95d671715,experiment_linear_mchc
2730.727220041994,0.004308686438143629,mchc,SERUM,0.8,Decision Tree Regressor,BayesSearchCV,0.9005186530897065,0.7263237499999993,2.216702874680829,-0.06177766421897757,8b0158f363824c1785621af95d671715,experiment_linear_mchc
2736.512659067507,0.0042831124645666685,mchc,SERUM,0.8,Decision Tree Regressor,BayesSearchCV,0.9005186530897065,0.7263237499999993,2.216702874680829,-0.06177766421897757,8b0158f363824c1785621af95d671715,experiment_linear_mchc
2665.158911086184,0.00425603291282745,mchc,SERUM,0.8,Decision Tree Regressor,BayesSearchCV,0.9005186530897065,0.7263237499999993,2.216702874680829,-0.06177766421897757,8b0158f363824c1785621af95d671715,experiment_linear_mchc
2715.299382640627,0.004209748284509883,mchc,SERUM,0.8,Decision Tree Regressor,BayesSearchCV,0.9005186530897065,0.7263237499999993,2.216702874680829,-0.06177766421897757,8b0158f363824c1785621af95d671715,experiment_linear_mchc
2709.513943615114,0.00417122175977552,mchc,SERUM,0.8,Decision Tree Regressor,BayesSearchCV,0.9005186530897065,0.7263237499999993,2.216702874680829,-0.06177766421897757,8b0158f363824c1785621af95d671715,experiment_linear_mchc
2624.660837907595,1.0,mchc,SERUM,0.8,Decision Tree Regressor,BayesSearchCV,3.1499083489047743,1.1470150000000006,3.516293570856395,-11.99104221673549,8b0158f363824c1785621af95d671715,experiment_linear_mchc
929.5272034323739,0.0,mchc,SERUM,0.8,Decision Tree Regressor,BayesSearchCV,3.1499083489047743,1.1470150000000006,3.516293570856395,-11.99104221673549,8b0158f363824c1785621af95d671715,experiment_linear_mchc
2591.876683429689,0.0,mchc,SERUM,0.8,Decision Tree Regressor,BayesSearchCV,3.1499083489047743,1.1470150000000006,3.516293570856395,-11.99104221673549,8b0158f363824c1785621af95d671715,experiment_linear_mchc
2551.378610251101,0.0,mchc,SERUM,0.8,Decision Tree Regressor,BayesSearchCV,3.1499083489047743,1.1470150000000006,3.516293570856395,-11.99104221673549,8b0158f363824c1785621af95d671715,experiment_linear_mchc
2553.307089926272,0.0,mchc,SERUM,0.8,Decision Tree Regressor,BayesSearchCV,3.1499083489047743,1.1470150000000006,3.516293570856395,-11.99104221673549,8b0158f363824c1785621af95d671715,experiment_linear_mchc
2555.235569601442,0.0,mchc,SERUM,0.8,Decision Tree Regressor,BayesSearchCV,3.1499083489047743,1.1470150000000006,3.516293570856395,-11.99104221673549,8b0158f363824c1785621af95d671715,experiment_linear_mchc
2557.164049276613,0.0,mchc,SERUM,0.8,Decision Tree Regressor,BayesSearchCV,3.1499083489047743,1.1470150000000006,3.516293570856395,-11.99104221673549,8b0158f363824c1785621af95d671715,experiment_linear_mchc
2559.092528951784,0.0,mchc,SERUM,0.8,Decision Tree Regressor,BayesSearchCV,3.1499083489047743,1.1470150000000006,3.516293570856395,-11.99104221673549,8b0158f363824c1785621af95d671715,experiment_linear_mchc
2561.021008626955,0.0,mchc,SERUM,0.8,Decision Tree Regressor,BayesSearchCV,3.1499083489047743,1.1470150000000006,3.516293570856395,-11.99104221673549,8b0158f363824c1785621af95d671715,experiment_linear_mchc
2562.949488302126,0.0,mchc,SERUM,0.8,Decision Tree Regressor,BayesSearchCV,3.1499083489047743,1.1470150000000006,3.516293570856395,-11.99104221673549,8b0158f363824c1785621af95d671715,experiment_linear_mchc
2564.877967977297,0.0,mchc,SERUM,0.8,Decision Tree Regressor,BayesSearchCV,3.1499083489047743,1.1470150000000006,3.516293570856395,-11.99104221673549,8b0158f363824c1785621af95d671715,experiment_linear_mchc
2566.806447652468,0.0,mchc,SERUM,0.8,Decision Tree Regressor,BayesSearchCV,3.1499083489047743,1.1470150000000006,3.516293570856395,-11.99104221673549,8b0158f363824c1785621af95d671715,experiment_linear_mchc
2568.734927327639,0.0,mchc,SERUM,0.8,Decision Tree Regressor,BayesSearchCV,3.1499083489047743,1.1470150000000006,3.516293570856395,-11.99104221673549,8b0158f363824c1785621af95d671715,experiment_linear_mchc
2570.663407002809,0.0,mchc,SERUM,0.8,Decision Tree Regressor,BayesSearchCV,3.1499083489047743,1.1470150000000006,3.516293570856395,-11.99104221673549,8b0158f363824c1785621af95d671715,experiment_linear_mchc
2572.59188667798,0.0,mchc,SERUM,0.8,Decision Tree Regressor,BayesSearchCV,3.1499083489047743,1.1470150000000006,3.516293570856395,-11.99104221673549,8b0158f363824c1785621af95d671715,experiment_linear_mchc
2574.520366353152,0.0,mchc,SERUM,0.8,Decision Tree Regressor,BayesSearchCV,3.1499083489047743,1.1470150000000006,3.516293570856395,-11.99104221673549,8b0158f363824c1785621af95d671715,experiment_linear_mchc
2576.448846028322,0.0,mchc,SERUM,0.8,Decision Tree Regressor,BayesSearchCV,3.1499083489047743,1.1470150000000006,3.516293570856395,-11.99104221673549,8b0158f363824c1785621af95d671715,experiment_linear_mchc
2578.377325703493,0.0,mchc,SERUM,0.8,Decision Tree Regressor,BayesSearchCV,3.1499083489047743,1.1470150000000006,3.516293570856395,-11.99104221673549,8b0158f363824c1785621af95d671715,experiment_linear_mchc
2580.305805378664,0.0,mchc,SERUM,0.8,Decision Tree Regressor,BayesSearchCV,3.1499083489047743,1.1470150000000006,3.516293570856395,-11.99104221673549,8b0158f363824c1785621af95d671715,experiment_linear_mchc
2582.234285053835,0.0,mchc,SERUM,0.8,Decision Tree Regressor,BayesSearchCV,3.1499083489047743,1.1470150000000006,3.516293570856395,-11.99104221673549,8b0158f363824c1785621af95d671715,experiment_linear_mchc
1720.203870252443,0.003577268420135837,mchc,URINE,0.8,Decision Tree Regressor,BayesSearchCV,0.939197718800466,0.7522973684210522,2.2992729268085803,-0.5233849537462436,8b0158f363824c1785621af95d671715,experiment_linear_mchc
1718.275390577272,0.0035694368255699735,mchc,URINE,0.8,Decision Tree Regressor,BayesSearchCV,0.939197718800466,0.7522973684210522,2.2992729268085803,-0.5233849537462436,8b0158f363824c1785621af95d671715,experiment_linear_mchc
1722.132349927614,0.0035580378511236316,mchc,URINE,0.8,Decision Tree Regressor,BayesSearchCV,0.939197718800466,0.7522973684210522,2.2992729268085803,-0.5233849537462436,8b0158f363824c1785621af95d671715,experiment_linear_mchc
1716.346910902101,0.00352230396146243,mchc,URINE,0.8,Decision Tree Regressor,BayesSearchCV,0.939197718800466,0.7522973684210522,2.2992729268085803,-0.5233849537462436,8b0158f363824c1785621af95d671715,experiment_linear_mchc
1724.060829602785,0.0035051259339991076,mchc,URINE,0.8,Decision Tree Regressor,BayesSearchCV,0.939197718800466,0.7522973684210522,2.2992729268085803,-0.5233849537462436,8b0158f363824c1785621af95d671715,experiment_linear_mchc
1041.379024592286,0.0034577313567512244,mchc,URINE,0.8,Decision Tree Regressor,BayesSearchCV,0.939197718800466,0.7522973684210522,2.2992729268085803,-0.5233849537462436,8b0158f363824c1785621af95d671715,experiment_linear_mchc
1043.307504267457,0.003428031222116511,mchc,URINE,0.8,Decision Tree Regressor,BayesSearchCV,0.939197718800466,0.7522973684210522,2.2992729268085803,-0.5233849537462436,8b0158f363824c1785621af95d671715,experiment_linear_mchc
1714.41843122693,0.003416680230721665,mchc,URINE,0.8,Decision Tree Regressor,BayesSearchCV,0.939197718800466,0.7522973684210522,2.2992729268085803,-0.5233849537462436,8b0158f363824c1785621af95d671715,experiment_linear_mchc
1725.989309277955,0.0034129995482497363,mchc,URINE,0.8,Decision Tree Regressor,BayesSearchCV,0.939197718800466,0.7522973684210522,2.2992729268085803,-0.5233849537462436,8b0158f363824c1785621af95d671715,experiment_linear_mchc
1039.450544917115,0.003377602451411654,mchc,URINE,0.8,Decision Tree Regressor,BayesSearchCV,0.939197718800466,0.7522973684210522,2.2992729268085803,-0.5233849537462436,8b0158f363824c1785621af95d671715,experiment_linear_mchc
1045.235983942628,0.003306632902329989,mchc,URINE,0.8,Decision Tree Regressor,BayesSearchCV,0.939197718800466,0.7522973684210522,2.2992729268085803,-0.5233849537462436,8b0158f363824c1785621af95d671715,experiment_linear_mchc
931.4556831075452,0.003306510136011093,mchc,URINE,0.8,Decision Tree Regressor,BayesSearchCV,0.939197718800466,0.7522973684210522,2.2992729268085803,-0.5233849537462436,8b0158f363824c1785621af95d671715,experiment_linear_mchc
1727.917788953126,0.0032866914257402876,mchc,URINE,0.8,Decision Tree Regressor,BayesSearchCV,0.939197718800466,0.7522973684210522,2.2992729268085803,-0.5233849537462436,8b0158f363824c1785621af95d671715,experiment_linear_mchc
929.5272034323739,0.0032655583222501268,mchc,URINE,0.8,Decision Tree Regressor,BayesSearchCV,0.939197718800466,0.7522973684210522,2.2992729268085803,-0.5233849537462436,8b0158f363824c1785621af95d671715,experiment_linear_mchc
933.3841627827155,0.003253883820711539,mchc,URINE,0.8,Decision Tree Regressor,BayesSearchCV,0.939197718800466,0.7522973684210522,2.2992729268085803,-0.5233849537462436,8b0158f363824c1785621af95d671715,experiment_linear_mchc
1556.283097862916,0.003250554215249437,mchc,URINE,0.8,Decision Tree Regressor,BayesSearchCV,0.939197718800466,0.7522973684210522,2.2992729268085803,-0.5233849537462436,8b0158f363824c1785621af95d671715,experiment_linear_mchc
1712.489951551759,0.0032323529600477886,mchc,URINE,0.8,Decision Tree Regressor,BayesSearchCV,0.939197718800466,0.7522973684210522,2.2992729268085803,-0.5233849537462436,8b0158f363824c1785621af95d671715,experiment_linear_mchc
935.3126424578863,0.003220890327591476,mchc,URINE,0.8,Decision Tree Regressor,BayesSearchCV,0.939197718800466,0.7522973684210522,2.2992729268085803,-0.5233849537462436,8b0158f363824c1785621af95d671715,experiment_linear_mchc
1558.211577538087,0.003210883238910047,mchc,URINE,0.8,Decision Tree Regressor,BayesSearchCV,0.939197718800466,0.7522973684210522,2.2992729268085803,-0.5233849537462436,8b0158f363824c1785621af95d671715,experiment_linear_mchc
1554.354618187745,0.003206325440640959,mchc,URINE,0.8,Decision Tree Regressor,BayesSearchCV,0.939197718800466,0.7522973684210522,2.2992729268085803,-0.5233849537462436,8b0158f363824c1785621af95d671715,experiment_linear_mchc
2985.286537164553,1.0,mchc,URINE,0.8,Decision Tree Regressor,BayesSearchCV,3.1659899260487405,1.14405,3.528250219696626,-16.310701235487908,8b0158f363824c1785621af95d671715,experiment_linear_mchc
929.5272034323739,0.0,mchc,URINE,0.8,Decision Tree Regressor,BayesSearchCV,3.1659899260487405,1.14405,3.528250219696626,-16.310701235487908,8b0158f363824c1785621af95d671715,experiment_linear_mchc
2589.948203754519,0.0,mchc,URINE,0.8,Decision Tree Regressor,BayesSearchCV,3.1659899260487405,1.14405,3.528250219696626,-16.310701235487908,8b0158f363824c1785621af95d671715,experiment_linear_mchc
2549.45013057593,0.0,mchc,URINE,0.8,Decision Tree Regressor,BayesSearchCV,3.1659899260487405,1.14405,3.528250219696626,-16.310701235487908,8b0158f363824c1785621af95d671715,experiment_linear_mchc
2551.378610251101,0.0,mchc,URINE,0.8,Decision Tree Regressor,BayesSearchCV,3.1659899260487405,1.14405,3.528250219696626,-16.310701235487908,8b0158f363824c1785621af95d671715,experiment_linear_mchc
2553.307089926272,0.0,mchc,URINE,0.8,Decision Tree Regressor,BayesSearchCV,3.1659899260487405,1.14405,3.528250219696626,-16.310701235487908,8b0158f363824c1785621af95d671715,experiment_linear_mchc
2555.235569601442,0.0,mchc,URINE,0.8,Decision Tree Regressor,BayesSearchCV,3.1659899260487405,1.14405,3.528250219696626,-16.310701235487908,8b0158f363824c1785621af95d671715,experiment_linear_mchc
2557.164049276613,0.0,mchc,URINE,0.8,Decision Tree Regressor,BayesSearchCV,3.1659899260487405,1.14405,3.528250219696626,-16.310701235487908,8b0158f363824c1785621af95d671715,experiment_linear_mchc
2559.092528951784,0.0,mchc,URINE,0.8,Decision Tree Regressor,BayesSearchCV,3.1659899260487405,1.14405,3.528250219696626,-16.310701235487908,8b0158f363824c1785621af95d671715,experiment_linear_mchc
2561.021008626955,0.0,mchc,URINE,0.8,Decision Tree Regressor,BayesSearchCV,3.1659899260487405,1.14405,3.528250219696626,-16.310701235487908,8b0158f363824c1785621af95d671715,experiment_linear_mchc
2562.949488302126,0.0,mchc,URINE,0.8,Decision Tree Regressor,BayesSearchCV,3.1659899260487405,1.14405,3.528250219696626,-16.310701235487908,8b0158f363824c1785621af95d671715,experiment_linear_mchc
2564.877967977297,0.0,mchc,URINE,0.8,Decision Tree Regressor,BayesSearchCV,3.1659899260487405,1.14405,3.528250219696626,-16.310701235487908,8b0158f363824c1785621af95d671715,experiment_linear_mchc
2566.806447652468,0.0,mchc,URINE,0.8,Decision Tree Regressor,BayesSearchCV,3.1659899260487405,1.14405,3.528250219696626,-16.310701235487908,8b0158f363824c1785621af95d671715,experiment_linear_mchc
2568.734927327639,0.0,mchc,URINE,0.8,Decision Tree Regressor,BayesSearchCV,3.1659899260487405,1.14405,3.528250219696626,-16.310701235487908,8b0158f363824c1785621af95d671715,experiment_linear_mchc
2570.663407002809,0.0,mchc,URINE,0.8,Decision Tree Regressor,BayesSearchCV,3.1659899260487405,1.14405,3.528250219696626,-16.310701235487908,8b0158f363824c1785621af95d671715,experiment_linear_mchc
2572.59188667798,0.0,mchc,URINE,0.8,Decision Tree Regressor,BayesSearchCV,3.1659899260487405,1.14405,3.528250219696626,-16.310701235487908,8b0158f363824c1785621af95d671715,experiment_linear_mchc
2574.520366353152,0.0,mchc,URINE,0.8,Decision Tree Regressor,BayesSearchCV,3.1659899260487405,1.14405,3.528250219696626,-16.310701235487908,8b0158f363824c1785621af95d671715,experiment_linear_mchc
2576.448846028322,0.0,mchc,URINE,0.8,Decision Tree Regressor,BayesSearchCV,3.1659899260487405,1.14405,3.528250219696626,-16.310701235487908,8b0158f363824c1785621af95d671715,experiment_linear_mchc
2578.377325703493,0.0,mchc,URINE,0.8,Decision Tree Regressor,BayesSearchCV,3.1659899260487405,1.14405,3.528250219696626,-16.310701235487908,8b0158f363824c1785621af95d671715,experiment_linear_mchc
2580.305805378664,0.0,mchc,URINE,0.8,Decision Tree Regressor,BayesSearchCV,3.1659899260487405,1.14405,3.528250219696626,-16.310701235487908,8b0158f363824c1785621af95d671715,experiment_linear_mchc
1494.571748257448,0.005988185450589915,mchc,URINE,0.8,Decision Tree Regressor,BayesSearchCV,0.8408661582277112,0.6835236842105256,2.092067334795778,-0.2210947157615324,8b0158f363824c1785621af95d671715,experiment_linear_mchc
1492.643268582277,0.005988068681707966,mchc,URINE,0.8,Decision Tree Regressor,BayesSearchCV,0.8408661582277112,0.6835236842105256,2.092067334795778,-0.2210947157615324,8b0158f363824c1785621af95d671715,experiment_linear_mchc
1496.500227932618,0.005882080275338844,mchc,URINE,0.8,Decision Tree Regressor,BayesSearchCV,0.8408661582277112,0.6835236842105256,2.092067334795778,-0.2210947157615324,8b0158f363824c1785621af95d671715,experiment_linear_mchc
1490.714788907106,0.0058419653374069,mchc,URINE,0.8,Decision Tree Regressor,BayesSearchCV,0.8408661582277112,0.6835236842105256,2.092067334795778,-0.2210947157615324,8b0158f363824c1785621af95d671715,experiment_linear_mchc
3048.926366445193,0.005653741161644693,mchc,URINE,0.8,Decision Tree Regressor,BayesSearchCV,0.8408661582277112,0.6835236842105256,2.092067334795778,-0.2210947157615324,8b0158f363824c1785621af95d671715,experiment_linear_mchc
1498.428707607789,0.005636121258442436,mchc,URINE,0.8,Decision Tree Regressor,BayesSearchCV,0.8408661582277112,0.6835236842105256,2.092067334795778,-0.2210947157615324,8b0158f363824c1785621af95d671715,experiment_linear_mchc
1488.786309231935,0.005522905150428639,mchc,URINE,0.8,Decision Tree Regressor,BayesSearchCV,0.8408661582277112,0.6835236842105256,2.092067334795778,-0.2210947157615324,8b0158f363824c1785621af95d671715,experiment_linear_mchc
1500.35718728296,0.005288193654091103,mchc,URINE,0.8,Decision Tree Regressor,BayesSearchCV,0.8408661582277112,0.6835236842105256,2.092067334795778,-0.2210947157615324,8b0158f363824c1785621af95d671715,experiment_linear_mchc
1039.450544917115,0.005108866739847991,mchc,URINE,0.8,Decision Tree Regressor,BayesSearchCV,0.8408661582277112,0.6835236842105256,2.092067334795778,-0.2210947157615324,8b0158f363824c1785621af95d671715,experiment_linear_mchc
1037.522065241944,0.005079836664819408,mchc,URINE,0.8,Decision Tree Regressor,BayesSearchCV,0.8408661582277112,0.6835236842105256,2.092067334795778,-0.2210947157615324,8b0158f363824c1785621af95d671715,experiment_linear_mchc
1486.857829556764,0.005019002127186972,mchc,URINE,0.8,Decision Tree Regressor,BayesSearchCV,0.8408661582277112,0.6835236842105256,2.092067334795778,-0.2210947157615324,8b0158f363824c1785621af95d671715,experiment_linear_mchc
1041.379024592286,0.004922258303321261,mchc,URINE,0.8,Decision Tree Regressor,BayesSearchCV,0.8408661582277112,0.6835236842105256,2.092067334795778,-0.2210947157615324,8b0158f363824c1785621af95d671715,experiment_linear_mchc
1035.593585566773,0.004883218203415907,mchc,URINE,0.8,Decision Tree Regressor,BayesSearchCV,0.8408661582277112,0.6835236842105256,2.092067334795778,-0.2210947157615324,8b0158f363824c1785621af95d671715,experiment_linear_mchc
1502.285666958131,0.004881047352874789,mchc,URINE,0.8,Decision Tree Regressor,BayesSearchCV,0.8408661582277112,0.6835236842105256,2.092067334795778,-0.2210947157615324,8b0158f363824c1785621af95d671715,experiment_linear_mchc
1033.665105891602,0.00459738955070687,mchc,URINE,0.8,Decision Tree Regressor,BayesSearchCV,0.8408661582277112,0.6835236842105256,2.092067334795778,-0.2210947157615324,8b0158f363824c1785621af95d671715,experiment_linear_mchc
1043.307504267457,0.004533655627282951,mchc,URINE,0.8,Decision Tree Regressor,BayesSearchCV,0.8408661582277112,0.6835236842105256,2.092067334795778,-0.2210947157615324,8b0158f363824c1785621af95d671715,experiment_linear_mchc
1666.206439347658,0.004352551251480435,mchc,URINE,0.8,Decision Tree Regressor,BayesSearchCV,0.8408661582277112,0.6835236842105256,2.092067334795778,-0.2210947157615324,8b0158f363824c1785621af95d671715,experiment_linear_mchc
1668.134919022829,0.004340423379204313,mchc,URINE,0.8,Decision Tree Regressor,BayesSearchCV,0.8408661582277112,0.6835236842105256,2.092067334795778,-0.2210947157615324,8b0158f363824c1785621af95d671715,experiment_linear_mchc
1664.277959672487,0.004329271764806738,mchc,URINE,0.8,Decision Tree Regressor,BayesSearchCV,0.8408661582277112,0.6835236842105256,2.092067334795778,-0.2210947157615324,8b0158f363824c1785621af95d671715,experiment_linear_mchc
1484.929349881593,0.004323943508200319,mchc,URINE,0.8,Decision Tree Regressor,BayesSearchCV,0.8408661582277112,0.6835236842105256,2.092067334795778,-0.2210947157615324,8b0158f363824c1785621af95d671715,experiment_linear_mchc
2985.286537164553,1.0,mchc,URINE,0.8,Decision Tree Regressor,BayesSearchCV,3.1659899260487405,1.14405,3.528250219696626,-16.310701235487908,8b0158f363824c1785621af95d671715,experiment_linear_mchc
929.5272034323739,0.0,mchc,URINE,0.8,Decision Tree Regressor,BayesSearchCV,3.1659899260487405,1.14405,3.528250219696626,-16.310701235487908,8b0158f363824c1785621af95d671715,experiment_linear_mchc
2589.948203754519,0.0,mchc,URINE,0.8,Decision Tree Regressor,BayesSearchCV,3.1659899260487405,1.14405,3.528250219696626,-16.310701235487908,8b0158f363824c1785621af95d671715,experiment_linear_mchc
2549.45013057593,0.0,mchc,URINE,0.8,Decision Tree Regressor,BayesSearchCV,3.1659899260487405,1.14405,3.528250219696626,-16.310701235487908,8b0158f363824c1785621af95d671715,experiment_linear_mchc
2551.378610251101,0.0,mchc,URINE,0.8,Decision Tree Regressor,BayesSearchCV,3.1659899260487405,1.14405,3.528250219696626,-16.310701235487908,8b0158f363824c1785621af95d671715,experiment_linear_mchc
2553.307089926272,0.0,mchc,URINE,0.8,Decision Tree Regressor,BayesSearchCV,3.1659899260487405,1.14405,3.528250219696626,-16.310701235487908,8b0158f363824c1785621af95d671715,experiment_linear_mchc
2555.235569601442,0.0,mchc,URINE,0.8,Decision Tree Regressor,BayesSearchCV,3.1659899260487405,1.14405,3.528250219696626,-16.310701235487908,8b0158f363824c1785621af95d671715,experiment_linear_mchc
2557.164049276613,0.0,mchc,URINE,0.8,Decision Tree Regressor,BayesSearchCV,3.1659899260487405,1.14405,3.528250219696626,-16.310701235487908,8b0158f363824c1785621af95d671715,experiment_linear_mchc
2559.092528951784,0.0,mchc,URINE,0.8,Decision Tree Regressor,BayesSearchCV,3.1659899260487405,1.14405,3.528250219696626,-16.310701235487908,8b0158f363824c1785621af95d671715,experiment_linear_mchc
2561.021008626955,0.0,mchc,URINE,0.8,Decision Tree Regressor,BayesSearchCV,3.1659899260487405,1.14405,3.528250219696626,-16.310701235487908,8b0158f363824c1785621af95d671715,experiment_linear_mchc
2562.949488302126,0.0,mchc,URINE,0.8,Decision Tree Regressor,BayesSearchCV,3.1659899260487405,1.14405,3.528250219696626,-16.310701235487908,8b0158f363824c1785621af95d671715,experiment_linear_mchc
2564.877967977297,0.0,mchc,URINE,0.8,Decision Tree Regressor,BayesSearchCV,3.1659899260487405,1.14405,3.528250219696626,-16.310701235487908,8b0158f363824c1785621af95d671715,experiment_linear_mchc
2566.806447652468,0.0,mchc,URINE,0.8,Decision Tree Regressor,BayesSearchCV,3.1659899260487405,1.14405,3.528250219696626,-16.310701235487908,8b0158f363824c1785621af95d671715,experiment_linear_mchc
2568.734927327639,0.0,mchc,URINE,0.8,Decision Tree Regressor,BayesSearchCV,3.1659899260487405,1.14405,3.528250219696626,-16.310701235487908,8b0158f363824c1785621af95d671715,experiment_linear_mchc
2570.663407002809,0.0,mchc,URINE,0.8,Decision Tree Regressor,BayesSearchCV,3.1659899260487405,1.14405,3.528250219696626,-16.310701235487908,8b0158f363824c1785621af95d671715,experiment_linear_mchc
2572.59188667798,0.0,mchc,URINE,0.8,Decision Tree Regressor,BayesSearchCV,3.1659899260487405,1.14405,3.528250219696626,-16.310701235487908,8b0158f363824c1785621af95d671715,experiment_linear_mchc
2574.520366353152,0.0,mchc,URINE,0.8,Decision Tree Regressor,BayesSearchCV,3.1659899260487405,1.14405,3.528250219696626,-16.310701235487908,8b0158f363824c1785621af95d671715,experiment_linear_mchc
2576.448846028322,0.0,mchc,URINE,0.8,Decision Tree Regressor,BayesSearchCV,3.1659899260487405,1.14405,3.528250219696626,-16.310701235487908,8b0158f363824c1785621af95d671715,experiment_linear_mchc
2578.377325703493,0.0,mchc,URINE,0.8,Decision Tree Regressor,BayesSearchCV,3.1659899260487405,1.14405,3.528250219696626,-16.310701235487908,8b0158f363824c1785621af95d671715,experiment_linear_mchc
2580.305805378664,0.0,mchc,URINE,0.8,Decision Tree Regressor,BayesSearchCV,3.1659899260487405,1.14405,3.528250219696626,-16.310701235487908,8b0158f363824c1785621af95d671715,experiment_linear_mchc
1641.136203570436,0.012169435530319227,mchc,CAPILAR,0.8,XGBoost Regressor,BayesSearchCV,0.7619232931252258,0.6257614106007107,1.9048493061116019,-0.05365739881835152,8b0158f363824c1785621af95d671715,experiment_linear_mchc
1639.207723895265,0.011444864192869927,mchc,CAPILAR,0.8,XGBoost Regressor,BayesSearchCV,0.7619232931252258,0.6257614106007107,1.9048493061116019,-0.05365739881835152,8b0158f363824c1785621af95d671715,experiment_linear_mchc
1045.235983942628,0.009962679102777794,mchc,CAPILAR,0.8,XGBoost Regressor,BayesSearchCV,0.7619232931252258,0.6257614106007107,1.9048493061116019,-0.05365739881835152,8b0158f363824c1785621af95d671715,experiment_linear_mchc
1602.566610067018,0.009853103149671446,mchc,CAPILAR,0.8,XGBoost Regressor,BayesSearchCV,0.7619232931252258,0.6257614106007107,1.9048493061116019,-0.05365739881835152,8b0158f363824c1785621af95d671715,experiment_linear_mchc
1047.164463617799,0.009761829954626839,mchc,CAPILAR,0.8,XGBoost Regressor,BayesSearchCV,0.7619232931252258,0.6257614106007107,1.9048493061116019,-0.05365739881835152,8b0158f363824c1785621af95d671715,experiment_linear_mchc
1043.307504267457,0.009614835560544847,mchc,CAPILAR,0.8,XGBoost Regressor,BayesSearchCV,0.7619232931252258,0.6257614106007107,1.9048493061116019,-0.05365739881835152,8b0158f363824c1785621af95d671715,experiment_linear_mchc
1637.279244220094,0.009601070651793714,mchc,CAPILAR,0.8,XGBoost Regressor,BayesSearchCV,0.7619232931252258,0.6257614106007107,1.9048493061116019,-0.05365739881835152,8b0158f363824c1785621af95d671715,experiment_linear_mchc
1643.064683245607,0.009384178955571875,mchc,CAPILAR,0.8,XGBoost Regressor,BayesSearchCV,0.7619232931252258,0.6257614106007107,1.9048493061116019,-0.05365739881835152,8b0158f363824c1785621af95d671715,experiment_linear_mchc
1049.092943292969,0.00934684327031391,mchc,CAPILAR,0.8,XGBoost Regressor,BayesSearchCV,0.7619232931252258,0.6257614106007107,1.9048493061116019,-0.05365739881835152,8b0158f363824c1785621af95d671715,experiment_linear_mchc
1041.379024592286,0.008981197192397438,mchc,CAPILAR,0.8,XGBoost Regressor,BayesSearchCV,0.7619232931252258,0.6257614106007107,1.9048493061116019,-0.05365739881835152,8b0158f363824c1785621af95d671715,experiment_linear_mchc
1051.021422968141,0.008880863429402096,mchc,CAPILAR,0.8,XGBoost Regressor,BayesSearchCV,0.7619232931252258,0.6257614106007107,1.9048493061116019,-0.05365739881835152,8b0158f363824c1785621af95d671715,experiment_linear_mchc
1635.350764544923,0.007893021703200281,mchc,CAPILAR,0.8,XGBoost Regressor,BayesSearchCV,0.7619232931252258,0.6257614106007107,1.9048493061116019,-0.05365739881835152,8b0158f363824c1785621af95d671715,experiment_linear_mchc
1039.450544917115,0.007760465156183911,mchc,CAPILAR,0.8,XGBoost Regressor,BayesSearchCV,0.7619232931252258,0.6257614106007107,1.9048493061116019,-0.05365739881835152,8b0158f363824c1785621af95d671715,experiment_linear_mchc
1068.377740044679,0.007603904903887802,mchc,CAPILAR,0.8,XGBoost Regressor,BayesSearchCV,0.7619232931252258,0.6257614106007107,1.9048493061116019,-0.05365739881835152,8b0158f363824c1785621af95d671715,experiment_linear_mchc
1052.949902643312,0.007415838290434228,mchc,CAPILAR,0.8,XGBoost Regressor,BayesSearchCV,0.7619232931252258,0.6257614106007107,1.9048493061116019,-0.05365739881835152,8b0158f363824c1785621af95d671715,experiment_linear_mchc
1070.306219719849,0.007185558490235345,mchc,CAPILAR,0.8,XGBoost Regressor,BayesSearchCV,0.7619232931252258,0.6257614106007107,1.9048493061116019,-0.05365739881835152,8b0158f363824c1785621af95d671715,experiment_linear_mchc
1604.495089742189,0.007054491857915558,mchc,CAPILAR,0.8,XGBoost Regressor,BayesSearchCV,0.7619232931252258,0.6257614106007107,1.9048493061116019,-0.05365739881835152,8b0158f363824c1785621af95d671715,experiment_linear_mchc
1633.422284869752,0.006640999516460447,mchc,CAPILAR,0.8,XGBoost Regressor,BayesSearchCV,0.7619232931252258,0.6257614106007107,1.9048493061116019,-0.05365739881835152,8b0158f363824c1785621af95d671715,experiment_linear_mchc
1066.449260369508,0.006569150737861828,mchc,CAPILAR,0.8,XGBoost Regressor,BayesSearchCV,0.7619232931252258,0.6257614106007107,1.9048493061116019,-0.05365739881835152,8b0158f363824c1785621af95d671715,experiment_linear_mchc
960.3828782351084,0.006398946322527465,mchc,CAPILAR,0.8,XGBoost Regressor,BayesSearchCV,0.7619232931252258,0.6257614106007107,1.9048493061116019,-0.05365739881835152,8b0158f363824c1785621af95d671715,experiment_linear_mchc
1186.015000230103,0.04936613887548447,mchc,CAPILAR,0.8,XGBoost Regressor,BayesSearchCV,0.7843485631378105,0.6309230285644529,1.9194650956395123,-0.11659358932607944,8b0158f363824c1785621af95d671715,experiment_linear_mchc
1191.800439255616,0.04858196899294853,mchc,CAPILAR,0.8,XGBoost Regressor,BayesSearchCV,0.7843485631378105,0.6309230285644529,1.9194650956395123,-0.11659358932607944,8b0158f363824c1785621af95d671715,experiment_linear_mchc
1635.350764544923,0.0457058846950531,mchc,CAPILAR,0.8,XGBoost Regressor,BayesSearchCV,0.7843485631378105,0.6309230285644529,1.9194650956395123,-0.11659358932607944,8b0158f363824c1785621af95d671715,experiment_linear_mchc
1168.658683153565,0.044646017253398895,mchc,CAPILAR,0.8,XGBoost Regressor,BayesSearchCV,0.7843485631378105,0.6309230285644529,1.9194650956395123,-0.11659358932607944,8b0158f363824c1785621af95d671715,experiment_linear_mchc
1133.946049000489,0.04377952963113785,mchc,CAPILAR,0.8,XGBoost Regressor,BayesSearchCV,0.7843485631378105,0.6309230285644529,1.9194650956395123,-0.11659358932607944,8b0158f363824c1785621af95d671715,experiment_linear_mchc
1172.515642503907,0.042437389492988586,mchc,CAPILAR,0.8,XGBoost Regressor,BayesSearchCV,0.7843485631378105,0.6309230285644529,1.9194650956395123,-0.11659358932607944,8b0158f363824c1785621af95d671715,experiment_linear_mchc
1189.871959580445,0.036862630397081375,mchc,CAPILAR,0.8,XGBoost Regressor,BayesSearchCV,0.7843485631378105,0.6309230285644529,1.9194650956395123,-0.11659358932607944,8b0158f363824c1785621af95d671715,experiment_linear_mchc
1174.444122179078,0.03174116462469101,mchc,CAPILAR,0.8,XGBoost Regressor,BayesSearchCV,0.7843485631378105,0.6309230285644529,1.9194650956395123,-0.11659358932607944,8b0158f363824c1785621af95d671715,experiment_linear_mchc
1187.943479905274,0.02855289913713932,mchc,CAPILAR,0.8,XGBoost Regressor,BayesSearchCV,0.7843485631378105,0.6309230285644529,1.9194650956395123,-0.11659358932607944,8b0158f363824c1785621af95d671715,experiment_linear_mchc
3050.854846120364,0.023887746036052704,mchc,CAPILAR,0.8,XGBoost Regressor,BayesSearchCV,0.7843485631378105,0.6309230285644529,1.9194650956395123,-0.11659358932607944,8b0158f363824c1785621af95d671715,experiment_linear_mchc
1124.303650624635,0.023815711960196495,mchc,CAPILAR,0.8,XGBoost Regressor,BayesSearchCV,0.7843485631378105,0.6309230285644529,1.9194650956395123,-0.11659358932607944,8b0158f363824c1785621af95d671715,experiment_linear_mchc
1178.30108152942,0.02173532359302044,mchc,CAPILAR,0.8,XGBoost Regressor,BayesSearchCV,0.7843485631378105,0.6309230285644529,1.9194650956395123,-0.11659358932607944,8b0158f363824c1785621af95d671715,experiment_linear_mchc
1646.921642595948,0.01701076328754425,mchc,CAPILAR,0.8,XGBoost Regressor,BayesSearchCV,0.7843485631378105,0.6309230285644529,1.9194650956395123,-0.11659358932607944,8b0158f363824c1785621af95d671715,experiment_linear_mchc
1643.064683245607,0.015896476805210114,mchc,CAPILAR,0.8,XGBoost Regressor,BayesSearchCV,0.7843485631378105,0.6309230285644529,1.9194650956395123,-0.11659358932607944,8b0158f363824c1785621af95d671715,experiment_linear_mchc
1641.136203570436,0.013966862112283707,mchc,CAPILAR,0.8,XGBoost Regressor,BayesSearchCV,0.7843485631378105,0.6309230285644529,1.9194650956395123,-0.11659358932607944,8b0158f363824c1785621af95d671715,experiment_linear_mchc
1159.016284777711,0.013349785469472408,mchc,CAPILAR,0.8,XGBoost Regressor,BayesSearchCV,0.7843485631378105,0.6309230285644529,1.9194650956395123,-0.11659358932607944,8b0158f363824c1785621af95d671715,experiment_linear_mchc
1137.803008350831,0.009486016817390919,mchc,CAPILAR,0.8,XGBoost Regressor,BayesSearchCV,0.7843485631378105,0.6309230285644529,1.9194650956395123,-0.11659358932607944,8b0158f363824c1785621af95d671715,experiment_linear_mchc
1295.938341714845,0.007405806332826614,mchc,CAPILAR,0.8,XGBoost Regressor,BayesSearchCV,0.7843485631378105,0.6309230285644529,1.9194650956395123,-0.11659358932607944,8b0158f363824c1785621af95d671715,experiment_linear_mchc
2989.143496514895,0.007263503968715668,mchc,CAPILAR,0.8,XGBoost Regressor,BayesSearchCV,0.7843485631378105,0.6309230285644529,1.9194650956395123,-0.11659358932607944,8b0158f363824c1785621af95d671715,experiment_linear_mchc
1729.846268628297,0.00708851357921958,mchc,CAPILAR,0.8,XGBoost Regressor,BayesSearchCV,0.7843485631378105,0.6309230285644529,1.9194650956395123,-0.11659358932607944,8b0158f363824c1785621af95d671715,experiment_linear_mchc
1641.136203570436,0.010203324230957685,mchc,CAPILAR,0.8,XGBoost Regressor,BayesSearchCV,0.7534726869899085,0.6243694275684843,1.8998837989282726,-0.030414466850462674,8b0158f363824c1785621af95d671715,experiment_linear_mchc
1639.207723895265,0.009625120525548187,mchc,CAPILAR,0.8,XGBoost Regressor,BayesSearchCV,0.7534726869899085,0.6243694275684843,1.8998837989282726,-0.030414466850462674,8b0158f363824c1785621af95d671715,experiment_linear_mchc
1045.235983942628,0.009010393806865588,mchc,CAPILAR,0.8,XGBoost Regressor,BayesSearchCV,0.7534726869899085,0.6243694275684843,1.8998837989282726,-0.030414466850462674,8b0158f363824c1785621af95d671715,experiment_linear_mchc
1047.164463617799,0.008774606381994123,mchc,CAPILAR,0.8,XGBoost Regressor,BayesSearchCV,0.7534726869899085,0.6243694275684843,1.8998837989282726,-0.030414466850462674,8b0158f363824c1785621af95d671715,experiment_linear_mchc
1043.307504267457,0.0087706334296658,mchc,CAPILAR,0.8,XGBoost Regressor,BayesSearchCV,0.7534726869899085,0.6243694275684843,1.8998837989282726,-0.030414466850462674,8b0158f363824c1785621af95d671715,experiment_linear_mchc
1049.092943292969,0.008458942135404874,mchc,CAPILAR,0.8,XGBoost Regressor,BayesSearchCV,0.7534726869899085,0.6243694275684843,1.8998837989282726,-0.030414466850462674,8b0158f363824c1785621af95d671715,experiment_linear_mchc
1041.379024592286,0.00831267081348263,mchc,CAPILAR,0.8,XGBoost Regressor,BayesSearchCV,0.7534726869899085,0.6243694275684843,1.8998837989282726,-0.030414466850462674,8b0158f363824c1785621af95d671715,experiment_linear_mchc
1051.021422968141,0.00822915560835087,mchc,CAPILAR,0.8,XGBoost Regressor,BayesSearchCV,0.7534726869899085,0.6243694275684843,1.8998837989282726,-0.030414466850462674,8b0158f363824c1785621af95d671715,experiment_linear_mchc
1637.279244220094,0.00810526550521752,mchc,CAPILAR,0.8,XGBoost Regressor,BayesSearchCV,0.7534726869899085,0.6243694275684843,1.8998837989282726,-0.030414466850462674,8b0158f363824c1785621af95d671715,experiment_linear_mchc
1068.377740044679,0.007810553953351987,mchc,CAPILAR,0.8,XGBoost Regressor,BayesSearchCV,0.7534726869899085,0.6243694275684843,1.8998837989282726,-0.030414466850462674,8b0158f363824c1785621af95d671715,experiment_linear_mchc
1643.064683245607,0.007760770571281136,mchc,CAPILAR,0.8,XGBoost Regressor,BayesSearchCV,0.7534726869899085,0.6243694275684843,1.8998837989282726,-0.030414466850462674,8b0158f363824c1785621af95d671715,experiment_linear_mchc
1070.306219719849,0.007217419930581277,mchc,CAPILAR,0.8,XGBoost Regressor,BayesSearchCV,0.7534726869899085,0.6243694275684843,1.8998837989282726,-0.030414466850462674,8b0158f363824c1785621af95d671715,experiment_linear_mchc
1039.450544917115,0.007185064175596163,mchc,CAPILAR,0.8,XGBoost Regressor,BayesSearchCV,0.7534726869899085,0.6243694275684843,1.8998837989282726,-0.030414466850462674,8b0158f363824c1785621af95d671715,experiment_linear_mchc
1602.566610067018,0.007039646739851223,mchc,CAPILAR,0.8,XGBoost Regressor,BayesSearchCV,0.7534726869899085,0.6243694275684843,1.8998837989282726,-0.030414466850462674,8b0158f363824c1785621af95d671715,experiment_linear_mchc
1052.949902643312,0.006846918362359436,mchc,CAPILAR,0.8,XGBoost Regressor,BayesSearchCV,0.7534726869899085,0.6243694275684843,1.8998837989282726,-0.030414466850462674,8b0158f363824c1785621af95d671715,experiment_linear_mchc
1635.350764544923,0.006726489719792274,mchc,CAPILAR,0.8,XGBoost Regressor,BayesSearchCV,0.7534726869899085,0.6243694275684843,1.8998837989282726,-0.030414466850462674,8b0158f363824c1785621af95d671715,experiment_linear_mchc
946.8835205089117,0.006707384419814774,mchc,CAPILAR,0.8,XGBoost Regressor,BayesSearchCV,0.7534726869899085,0.6243694275684843,1.8998837989282726,-0.030414466850462674,8b0158f363824c1785621af95d671715,experiment_linear_mchc
1066.449260369508,0.006533336350962726,mchc,CAPILAR,0.8,XGBoost Regressor,BayesSearchCV,0.7534726869899085,0.6243694275684843,1.8998837989282726,-0.030414466850462674,8b0158f363824c1785621af95d671715,experiment_linear_mchc
1361.506650670656,0.006020766728375399,mchc,CAPILAR,0.8,XGBoost Regressor,BayesSearchCV,0.7534726869899085,0.6243694275684843,1.8998837989282726,-0.030414466850462674,8b0158f363824c1785621af95d671715,experiment_linear_mchc
1359.578170995484,0.006018979494410545,mchc,CAPILAR,0.8,XGBoost Regressor,BayesSearchCV,0.7534726869899085,0.6243694275684843,1.8998837989282726,-0.030414466850462674,8b0158f363824c1785621af95d671715,experiment_linear_mchc
1644.993162920778,0.6216152310371399,mchc,CAPILAR,0.8,XGBoost Regressor,BayesSearchCV,0.7468406176406454,0.5984277548765523,1.8222861085342559,-0.01235487466899654,8b0158f363824c1785621af95d671715,experiment_linear_mchc
3048.926366445193,0.03374534100294113,mchc,CAPILAR,0.8,XGBoost Regressor,BayesSearchCV,0.7468406176406454,0.5984277548765523,1.8222861085342559,-0.01235487466899654,8b0158f363824c1785621af95d671715,experiment_linear_mchc
1274.725065287965,0.03174934908747673,mchc,CAPILAR,0.8,XGBoost Regressor,BayesSearchCV,0.7468406176406454,0.5984277548765523,1.8222861085342559,-0.01235487466899654,8b0158f363824c1785621af95d671715,experiment_linear_mchc
2510.880537072512,0.028417715802788734,mchc,CAPILAR,0.8,XGBoost Regressor,BayesSearchCV,0.7468406176406454,0.5984277548765523,1.8222861085342559,-0.01235487466899654,8b0158f363824c1785621af95d671715,experiment_linear_mchc
2724.941781016481,0.026364248245954514,mchc,CAPILAR,0.8,XGBoost Regressor,BayesSearchCV,0.7468406176406454,0.5984277548765523,1.8222861085342559,-0.01235487466899654,8b0158f363824c1785621af95d671715,experiment_linear_mchc
1745.274106029664,0.02293275110423565,mchc,CAPILAR,0.8,XGBoost Regressor,BayesSearchCV,0.7468406176406454,0.5984277548765523,1.8222861085342559,-0.01235487466899654,8b0158f363824c1785621af95d671715,experiment_linear_mchc
1130.089089650148,0.022578198462724686,mchc,CAPILAR,0.8,XGBoost Regressor,BayesSearchCV,0.7468406176406454,0.5984277548765523,1.8222861085342559,-0.01235487466899654,8b0158f363824c1785621af95d671715,experiment_linear_mchc
1085.734057121217,0.02234766073524952,mchc,CAPILAR,0.8,XGBoost Regressor,BayesSearchCV,0.7468406176406454,0.5984277548765523,1.8222861085342559,-0.01235487466899654,8b0158f363824c1785621af95d671715,experiment_linear_mchc
3046.997886770022,0.02227362059056759,mchc,CAPILAR,0.8,XGBoost Regressor,BayesSearchCV,0.7468406176406454,0.5984277548765523,1.8222861085342559,-0.01235487466899654,8b0158f363824c1785621af95d671715,experiment_linear_mchc
1751.059545055177,0.021811438724398613,mchc,CAPILAR,0.8,XGBoost Regressor,BayesSearchCV,0.7468406176406454,0.5984277548765523,1.8222861085342559,-0.01235487466899654,8b0158f363824c1785621af95d671715,experiment_linear_mchc
1641.136203570436,0.02158239297568798,mchc,CAPILAR,0.8,XGBoost Regressor,BayesSearchCV,0.7468406176406454,0.5984277548765523,1.8222861085342559,-0.01235487466899654,8b0158f363824c1785621af95d671715,experiment_linear_mchc
2929.360626584597,0.02137135900557041,mchc,CAPILAR,0.8,XGBoost Regressor,BayesSearchCV,0.7468406176406454,0.5984277548765523,1.8222861085342559,-0.01235487466899654,8b0158f363824c1785621af95d671715,experiment_linear_mchc
1133.946049000489,0.021310029551386833,mchc,CAPILAR,0.8,XGBoost Regressor,BayesSearchCV,0.7468406176406454,0.5984277548765523,1.8222861085342559,-0.01235487466899654,8b0158f363824c1785621af95d671715,experiment_linear_mchc
3045.069407094851,0.020646268501877785,mchc,CAPILAR,0.8,XGBoost Regressor,BayesSearchCV,0.7468406176406454,0.5984277548765523,1.8222861085342559,-0.01235487466899654,8b0158f363824c1785621af95d671715,experiment_linear_mchc
1351.864252294801,0.020474599674344063,mchc,CAPILAR,0.8,XGBoost Regressor,BayesSearchCV,0.7468406176406454,0.5984277548765523,1.8222861085342559,-0.01235487466899654,8b0158f363824c1785621af95d671715,experiment_linear_mchc
1218.799154708009,0.0204123817384243,mchc,CAPILAR,0.8,XGBoost Regressor,BayesSearchCV,0.7468406176406454,0.5984277548765523,1.8222861085342559,-0.01235487466899654,8b0158f363824c1785621af95d671715,experiment_linear_mchc
1195.657398605958,0.020367473363876343,mchc,CAPILAR,0.8,XGBoost Regressor,BayesSearchCV,0.7468406176406454,0.5984277548765523,1.8222861085342559,-0.01235487466899654,8b0158f363824c1785621af95d671715,experiment_linear_mchc
2564.877967977297,0.0,mchc,CAPILAR,0.8,XGBoost Regressor,BayesSearchCV,0.7468406176406454,0.5984277548765523,1.8222861085342559,-0.01235487466899654,8b0158f363824c1785621af95d671715,experiment_linear_mchc
2566.806447652468,0.0,mchc,CAPILAR,0.8,XGBoost Regressor,BayesSearchCV,0.7468406176406454,0.5984277548765523,1.8222861085342559,-0.01235487466899654,8b0158f363824c1785621af95d671715,experiment_linear_mchc
2559.092528951784,0.0,mchc,CAPILAR,0.8,XGBoost Regressor,BayesSearchCV,0.7468406176406454,0.5984277548765523,1.8222861085342559,-0.01235487466899654,8b0158f363824c1785621af95d671715,experiment_linear_mchc
1118.518211599122,0.007262584561248203,mchc,PLASMA,0.8,XGBoost Regressor,BayesSearchCV,3.1224603559947717,0.9873280860537573,5.132054031913537,-0.06252740248864574,8b0158f363824c1785621af95d671715,experiment_linear_mchc
1120.446691274293,0.007018129012819146,mchc,PLASMA,0.8,XGBoost Regressor,BayesSearchCV,3.1224603559947717,0.9873280860537573,5.132054031913537,-0.06252740248864574,8b0158f363824c1785621af95d671715,experiment_linear_mchc
1116.589731923951,0.006940134654519178,mchc,PLASMA,0.8,XGBoost Regressor,BayesSearchCV,3.1224603559947717,0.9873280860537573,5.132054031913537,-0.06252740248864574,8b0158f363824c1785621af95d671715,experiment_linear_mchc
1644.993162920778,0.006758403307454995,mchc,PLASMA,0.8,XGBoost Regressor,BayesSearchCV,3.1224603559947717,0.9873280860537573,5.132054031913537,-0.06252740248864574,8b0158f363824c1785621af95d671715,experiment_linear_mchc
1132.017569325318,0.0066375888564827535,mchc,PLASMA,0.8,XGBoost Regressor,BayesSearchCV,3.1224603559947717,0.9873280860537573,5.132054031913537,-0.06252740248864574,8b0158f363824c1785621af95d671715,experiment_linear_mchc
1130.089089650148,0.0065713236193455414,mchc,PLASMA,0.8,XGBoost Regressor,BayesSearchCV,3.1224603559947717,0.9873280860537573,5.132054031913537,-0.06252740248864574,8b0158f363824c1785621af95d671715,experiment_linear_mchc
1122.375170949464,0.00648011717013553,mchc,PLASMA,0.8,XGBoost Regressor,BayesSearchCV,3.1224603559947717,0.9873280860537573,5.132054031913537,-0.06252740248864574,8b0158f363824c1785621af95d671715,experiment_linear_mchc
1646.921642595948,0.006392768954216081,mchc,PLASMA,0.8,XGBoost Regressor,BayesSearchCV,3.1224603559947717,0.9873280860537573,5.132054031913537,-0.06252740248864574,8b0158f363824c1785621af95d671715,experiment_linear_mchc
1114.66125224878,0.0063187838069024135,mchc,PLASMA,0.8,XGBoost Regressor,BayesSearchCV,3.1224603559947717,0.9873280860537573,5.132054031913537,-0.06252740248864574,8b0158f363824c1785621af95d671715,experiment_linear_mchc
1133.946049000489,0.006265851806847513,mchc,PLASMA,0.8,XGBoost Regressor,BayesSearchCV,3.1224603559947717,0.9873280860537573,5.132054031913537,-0.06252740248864574,8b0158f363824c1785621af95d671715,experiment_linear_mchc
1128.160609974977,0.0062309740698645675,mchc,PLASMA,0.8,XGBoost Regressor,BayesSearchCV,3.1224603559947717,0.9873280860537573,5.132054031913537,-0.06252740248864574,8b0158f363824c1785621af95d671715,experiment_linear_mchc
1124.303650624635,0.006103653949702043,mchc,PLASMA,0.8,XGBoost Regressor,BayesSearchCV,3.1224603559947717,0.9873280860537573,5.132054031913537,-0.06252740248864574,8b0158f363824c1785621af95d671715,experiment_linear_mchc
1126.232130299806,0.006020313981996959,mchc,PLASMA,0.8,XGBoost Regressor,BayesSearchCV,3.1224603559947717,0.9873280860537573,5.132054031913537,-0.06252740248864574,8b0158f363824c1785621af95d671715,experiment_linear_mchc
1643.064683245607,0.005718746093056626,mchc,PLASMA,0.8,XGBoost Regressor,BayesSearchCV,3.1224603559947717,0.9873280860537573,5.132054031913537,-0.06252740248864574,8b0158f363824c1785621af95d671715,experiment_linear_mchc
1135.87452867566,0.005557576998680994,mchc,PLASMA,0.8,XGBoost Regressor,BayesSearchCV,3.1224603559947717,0.9873280860537573,5.132054031913537,-0.06252740248864574,8b0158f363824c1785621af95d671715,experiment_linear_mchc
1112.732772573609,0.005529970310219965,mchc,PLASMA,0.8,XGBoost Regressor,BayesSearchCV,3.1224603559947717,0.9873280860537573,5.132054031913537,-0.06252740248864574,8b0158f363824c1785621af95d671715,experiment_linear_mchc
1641.136203570436,0.004775246560191435,mchc,PLASMA,0.8,XGBoost Regressor,BayesSearchCV,3.1224603559947717,0.9873280860537573,5.132054031913537,-0.06252740248864574,8b0158f363824c1785621af95d671715,experiment_linear_mchc
2719.156341990969,0.004740284329271818,mchc,PLASMA,0.8,XGBoost Regressor,BayesSearchCV,3.1224603559947717,0.9873280860537573,5.132054031913537,-0.06252740248864574,8b0158f363824c1785621af95d671715,experiment_linear_mchc
1558.211577538087,0.004727986511482645,mchc,PLASMA,0.8,XGBoost Regressor,BayesSearchCV,3.1224603559947717,0.9873280860537573,5.132054031913537,-0.06252740248864574,8b0158f363824c1785621af95d671715,experiment_linear_mchc
2717.227862315798,0.004656539997393504,mchc,PLASMA,0.8,XGBoost Regressor,BayesSearchCV,3.1224603559947717,0.9873280860537573,5.132054031913537,-0.06252740248864574,8b0158f363824c1785621af95d671715,experiment_linear_mchc
1124.303650624635,0.07528025656938553,mchc,PLASMA,0.8,XGBoost Regressor,BayesSearchCV,3.1336970385715355,0.965062885974702,5.073189638532965,-0.07018851873386778,8b0158f363824c1785621af95d671715,experiment_linear_mchc
1126.232130299806,0.05424763634800911,mchc,PLASMA,0.8,XGBoost Regressor,BayesSearchCV,3.1336970385715355,0.965062885974702,5.073189638532965,-0.07018851873386778,8b0158f363824c1785621af95d671715,experiment_linear_mchc
1380.791447422364,0.04523058608174324,mchc,PLASMA,0.8,XGBoost Regressor,BayesSearchCV,3.1336970385715355,0.965062885974702,5.073189638532965,-0.07018851873386778,8b0158f363824c1785621af95d671715,experiment_linear_mchc
1311.366179116212,0.04341112822294235,mchc,PLASMA,0.8,XGBoost Regressor,BayesSearchCV,3.1336970385715355,0.965062885974702,5.073189638532965,-0.07018851873386778,8b0158f363824c1785621af95d671715,experiment_linear_mchc
1263.15418723694,0.043345946818590164,mchc,PLASMA,0.8,XGBoost Regressor,BayesSearchCV,3.1336970385715355,0.965062885974702,5.073189638532965,-0.07018851873386778,8b0158f363824c1785621af95d671715,experiment_linear_mchc
1425.146479951295,0.043015025556087494,mchc,PLASMA,0.8,XGBoost Regressor,BayesSearchCV,3.1336970385715355,0.965062885974702,5.073189638532965,-0.07018851873386778,8b0158f363824c1785621af95d671715,experiment_linear_mchc
1646.921642595948,0.04156129062175751,mchc,PLASMA,0.8,XGBoost Regressor,BayesSearchCV,3.1336970385715355,0.965062885974702,5.073189638532965,-0.07018851873386778,8b0158f363824c1785621af95d671715,experiment_linear_mchc
1619.922927143556,0.03926093131303787,mchc,PLASMA,0.8,XGBoost Regressor,BayesSearchCV,3.1336970385715355,0.965062885974702,5.073189638532965,-0.07018851873386778,8b0158f363824c1785621af95d671715,experiment_linear_mchc
1307.50921976587,0.03786702826619148,mchc,PLASMA,0.8,XGBoost Regressor,BayesSearchCV,3.1336970385715355,0.965062885974702,5.073189638532965,-0.07018851873386778,8b0158f363824c1785621af95d671715,experiment_linear_mchc
1313.294658791383,0.037378717213869095,mchc,PLASMA,0.8,XGBoost Regressor,BayesSearchCV,3.1336970385715355,0.965062885974702,5.073189638532965,-0.07018851873386778,8b0158f363824c1785621af95d671715,experiment_linear_mchc
2699.87154523926,0.037133511155843735,mchc,PLASMA,0.8,XGBoost Regressor,BayesSearchCV,3.1336970385715355,0.965062885974702,5.073189638532965,-0.07018851873386778,8b0158f363824c1785621af95d671715,experiment_linear_mchc
1423.218000276124,0.03695041313767433,mchc,PLASMA,0.8,XGBoost Regressor,BayesSearchCV,3.1336970385715355,0.965062885974702,5.073189638532965,-0.07018851873386778,8b0158f363824c1785621af95d671715,experiment_linear_mchc
1644.993162920778,0.036452602595090866,mchc,PLASMA,0.8,XGBoost Regressor,BayesSearchCV,3.1336970385715355,0.965062885974702,5.073189638532965,-0.07018851873386778,8b0158f363824c1785621af95d671715,experiment_linear_mchc
1309.437699441041,0.035877764225006104,mchc,PLASMA,0.8,XGBoost Regressor,BayesSearchCV,3.1336970385715355,0.965062885974702,5.073189638532965,-0.07018851873386778,8b0158f363824c1785621af95d671715,experiment_linear_mchc
1157.08780510254,0.03529001772403717,mchc,PLASMA,0.8,XGBoost Regressor,BayesSearchCV,3.1336970385715355,0.965062885974702,5.073189638532965,-0.07018851873386778,8b0158f363824c1785621af95d671715,experiment_linear_mchc
1751.059545055177,0.03499278053641319,mchc,PLASMA,0.8,XGBoost Regressor,BayesSearchCV,3.1336970385715355,0.965062885974702,5.073189638532965,-0.07018851873386778,8b0158f363824c1785621af95d671715,experiment_linear_mchc
1305.580740090699,0.03440340235829353,mchc,PLASMA,0.8,XGBoost Regressor,BayesSearchCV,3.1336970385715355,0.965062885974702,5.073189638532965,-0.07018851873386778,8b0158f363824c1785621af95d671715,experiment_linear_mchc
1427.074959626466,0.03424232825636864,mchc,PLASMA,0.8,XGBoost Regressor,BayesSearchCV,3.1336970385715355,0.965062885974702,5.073189638532965,-0.07018851873386778,8b0158f363824c1785621af95d671715,experiment_linear_mchc
1429.003439301637,0.03375457599759102,mchc,PLASMA,0.8,XGBoost Regressor,BayesSearchCV,3.1336970385715355,0.965062885974702,5.073189638532965,-0.07018851873386778,8b0158f363824c1785621af95d671715,experiment_linear_mchc
1259.297227886598,0.03370755538344383,mchc,PLASMA,0.8,XGBoost Regressor,BayesSearchCV,3.1336970385715355,0.965062885974702,5.073189638532965,-0.07018851873386778,8b0158f363824c1785621af95d671715,experiment_linear_mchc
1118.518211599122,0.007252014030365798,mchc,PLASMA,0.8,XGBoost Regressor,BayesSearchCV,3.1027605601607102,0.9504633855910525,5.011681379195896,-0.04916259318884886,8b0158f363824c1785621af95d671715,experiment_linear_mchc
1120.446691274293,0.00714476693662544,mchc,PLASMA,0.8,XGBoost Regressor,BayesSearchCV,3.1027605601607102,0.9504633855910525,5.011681379195896,-0.04916259318884886,8b0158f363824c1785621af95d671715,experiment_linear_mchc
1116.589731923951,0.006863700255925565,mchc,PLASMA,0.8,XGBoost Regressor,BayesSearchCV,3.1027605601607102,0.9504633855910525,5.011681379195896,-0.04916259318884886,8b0158f363824c1785621af95d671715,experiment_linear_mchc
1122.375170949464,0.006764195498962168,mchc,PLASMA,0.8,XGBoost Regressor,BayesSearchCV,3.1027605601607102,0.9504633855910525,5.011681379195896,-0.04916259318884886,8b0158f363824c1785621af95d671715,experiment_linear_mchc
1130.089089650148,0.006582837606355898,mchc,PLASMA,0.8,XGBoost Regressor,BayesSearchCV,3.1027605601607102,0.9504633855910525,5.011681379195896,-0.04916259318884886,8b0158f363824c1785621af95d671715,experiment_linear_mchc
1124.303650624635,0.006471850673779719,mchc,PLASMA,0.8,XGBoost Regressor,BayesSearchCV,3.1027605601607102,0.9504633855910525,5.011681379195896,-0.04916259318884886,8b0158f363824c1785621af95d671715,experiment_linear_mchc
1128.160609974977,0.006449310152198104,mchc,PLASMA,0.8,XGBoost Regressor,BayesSearchCV,3.1027605601607102,0.9504633855910525,5.011681379195896,-0.04916259318884886,8b0158f363824c1785621af95d671715,experiment_linear_mchc
1132.017569325318,0.006448789085996406,mchc,PLASMA,0.8,XGBoost Regressor,BayesSearchCV,3.1027605601607102,0.9504633855910525,5.011681379195896,-0.04916259318884886,8b0158f363824c1785621af95d671715,experiment_linear_mchc
1126.232130299806,0.006367420673628854,mchc,PLASMA,0.8,XGBoost Regressor,BayesSearchCV,3.1027605601607102,0.9504633855910525,5.011681379195896,-0.04916259318884886,8b0158f363824c1785621af95d671715,experiment_linear_mchc
1114.66125224878,0.0062040676119165545,mchc,PLASMA,0.8,XGBoost Regressor,BayesSearchCV,3.1027605601607102,0.9504633855910525,5.011681379195896,-0.04916259318884886,8b0158f363824c1785621af95d671715,experiment_linear_mchc
1133.946049000489,0.005929595276767293,mchc,PLASMA,0.8,XGBoost Regressor,BayesSearchCV,3.1027605601607102,0.9504633855910525,5.011681379195896,-0.04916259318884886,8b0158f363824c1785621af95d671715,experiment_linear_mchc
1644.993162920778,0.005812613685519409,mchc,PLASMA,0.8,XGBoost Regressor,BayesSearchCV,3.1027605601607102,0.9504633855910525,5.011681379195896,-0.04916259318884886,8b0158f363824c1785621af95d671715,experiment_linear_mchc
1646.921642595948,0.005743229775547827,mchc,PLASMA,0.8,XGBoost Regressor,BayesSearchCV,3.1027605601607102,0.9504633855910525,5.011681379195896,-0.04916259318884886,8b0158f363824c1785621af95d671715,experiment_linear_mchc
1112.732772573609,0.005391893485259845,mchc,PLASMA,0.8,XGBoost Regressor,BayesSearchCV,3.1027605601607102,0.9504633855910525,5.011681379195896,-0.04916259318884886,8b0158f363824c1785621af95d671715,experiment_linear_mchc
1135.87452867566,0.005122430987532123,mchc,PLASMA,0.8,XGBoost Regressor,BayesSearchCV,3.1027605601607102,0.9504633855910525,5.011681379195896,-0.04916259318884886,8b0158f363824c1785621af95d671715,experiment_linear_mchc
1558.211577538087,0.004938840017324088,mchc,PLASMA,0.8,XGBoost Regressor,BayesSearchCV,3.1027605601607102,0.9504633855910525,5.011681379195896,-0.04916259318884886,8b0158f363824c1785621af95d671715,experiment_linear_mchc
1643.064683245607,0.00480202234040938,mchc,PLASMA,0.8,XGBoost Regressor,BayesSearchCV,3.1027605601607102,0.9504633855910525,5.011681379195896,-0.04916259318884886,8b0158f363824c1785621af95d671715,experiment_linear_mchc
1556.283097862916,0.004682618254219457,mchc,PLASMA,0.8,XGBoost Regressor,BayesSearchCV,3.1027605601607102,0.9504633855910525,5.011681379195896,-0.04916259318884886,8b0158f363824c1785621af95d671715,experiment_linear_mchc
1560.140057213258,0.004620777910563121,mchc,PLASMA,0.8,XGBoost Regressor,BayesSearchCV,3.1027605601607102,0.9504633855910525,5.011681379195896,-0.04916259318884886,8b0158f363824c1785621af95d671715,experiment_linear_mchc
1562.068536888429,0.004555377672087182,mchc,PLASMA,0.8,XGBoost Regressor,BayesSearchCV,3.1027605601607102,0.9504633855910525,5.011681379195896,-0.04916259318884886,8b0158f363824c1785621af95d671715,experiment_linear_mchc
1124.303650624635,0.23267780244350433,mchc,PLASMA,0.8,XGBoost Regressor,BayesSearchCV,3.1370865816382856,0.9653457911900108,5.076663372768743,-0.07250489573715369,8b0158f363824c1785621af95d671715,experiment_linear_mchc
1126.232130299806,0.15818990767002106,mchc,PLASMA,0.8,XGBoost Regressor,BayesSearchCV,3.1370865816382856,0.9653457911900108,5.076663372768743,-0.07250489573715369,8b0158f363824c1785621af95d671715,experiment_linear_mchc
1508.071105983644,0.13176611065864563,mchc,PLASMA,0.8,XGBoost Regressor,BayesSearchCV,3.1370865816382856,0.9653457911900108,5.076663372768743,-0.07250489573715369,8b0158f363824c1785621af95d671715,experiment_linear_mchc
1646.921642595948,0.12905192375183105,mchc,PLASMA,0.8,XGBoost Regressor,BayesSearchCV,3.1370865816382856,0.9653457911900108,5.076663372768743,-0.07250489573715369,8b0158f363824c1785621af95d671715,experiment_linear_mchc
1380.791447422364,0.12642879784107208,mchc,PLASMA,0.8,XGBoost Regressor,BayesSearchCV,3.1370865816382856,0.9653457911900108,5.076663372768743,-0.07250489573715369,8b0158f363824c1785621af95d671715,experiment_linear_mchc
1425.146479951295,0.12326370179653168,mchc,PLASMA,0.8,XGBoost Regressor,BayesSearchCV,3.1370865816382856,0.9653457911900108,5.076663372768743,-0.07250489573715369,8b0158f363824c1785621af95d671715,experiment_linear_mchc
1313.294658791383,0.09862179309129715,mchc,PLASMA,0.8,XGBoost Regressor,BayesSearchCV,3.1370865816382856,0.9653457911900108,5.076663372768743,-0.07250489573715369,8b0158f363824c1785621af95d671715,experiment_linear_mchc
2572.59188667798,0.0,mchc,PLASMA,0.8,XGBoost Regressor,BayesSearchCV,3.1370865816382856,0.9653457911900108,5.076663372768743,-0.07250489573715369,8b0158f363824c1785621af95d671715,experiment_linear_mchc
2557.164049276613,0.0,mchc,PLASMA,0.8,XGBoost Regressor,BayesSearchCV,3.1370865816382856,0.9653457911900108,5.076663372768743,-0.07250489573715369,8b0158f363824c1785621af95d671715,experiment_linear_mchc
2559.092528951784,0.0,mchc,PLASMA,0.8,XGBoost Regressor,BayesSearchCV,3.1370865816382856,0.9653457911900108,5.076663372768743,-0.07250489573715369,8b0158f363824c1785621af95d671715,experiment_linear_mchc
2561.021008626955,0.0,mchc,PLASMA,0.8,XGBoost Regressor,BayesSearchCV,3.1370865816382856,0.9653457911900108,5.076663372768743,-0.07250489573715369,8b0158f363824c1785621af95d671715,experiment_linear_mchc
2562.949488302126,0.0,mchc,PLASMA,0.8,XGBoost Regressor,BayesSearchCV,3.1370865816382856,0.9653457911900108,5.076663372768743,-0.07250489573715369,8b0158f363824c1785621af95d671715,experiment_linear_mchc
2564.877967977297,0.0,mchc,PLASMA,0.8,XGBoost Regressor,BayesSearchCV,3.1370865816382856,0.9653457911900108,5.076663372768743,-0.07250489573715369,8b0158f363824c1785621af95d671715,experiment_linear_mchc
2566.806447652468,0.0,mchc,PLASMA,0.8,XGBoost Regressor,BayesSearchCV,3.1370865816382856,0.9653457911900108,5.076663372768743,-0.07250489573715369,8b0158f363824c1785621af95d671715,experiment_linear_mchc
2568.734927327639,0.0,mchc,PLASMA,0.8,XGBoost Regressor,BayesSearchCV,3.1370865816382856,0.9653457911900108,5.076663372768743,-0.07250489573715369,8b0158f363824c1785621af95d671715,experiment_linear_mchc
2570.663407002809,0.0,mchc,PLASMA,0.8,XGBoost Regressor,BayesSearchCV,3.1370865816382856,0.9653457911900108,5.076663372768743,-0.07250489573715369,8b0158f363824c1785621af95d671715,experiment_linear_mchc
929.5272034323739,0.0,mchc,PLASMA,0.8,XGBoost Regressor,BayesSearchCV,3.1370865816382856,0.9653457911900108,5.076663372768743,-0.07250489573715369,8b0158f363824c1785621af95d671715,experiment_linear_mchc
2574.520366353152,0.0,mchc,PLASMA,0.8,XGBoost Regressor,BayesSearchCV,3.1370865816382856,0.9653457911900108,5.076663372768743,-0.07250489573715369,8b0158f363824c1785621af95d671715,experiment_linear_mchc
2553.307089926272,0.0,mchc,PLASMA,0.8,XGBoost Regressor,BayesSearchCV,3.1370865816382856,0.9653457911900108,5.076663372768743,-0.07250489573715369,8b0158f363824c1785621af95d671715,experiment_linear_mchc
2576.448846028322,0.0,mchc,PLASMA,0.8,XGBoost Regressor,BayesSearchCV,3.1370865816382856,0.9653457911900108,5.076663372768743,-0.07250489573715369,8b0158f363824c1785621af95d671715,experiment_linear_mchc
1727.917788953126,0.005141101287897334,mchc,SALIVA,0.8,XGBoost Regressor,BayesSearchCV,3.156386777492864,1.0196788857596262,5.206554202341325,-0.03517113942609784,8b0158f363824c1785621af95d671715,experiment_linear_mchc
929.5272034323739,0.004988145442726577,mchc,SALIVA,0.8,XGBoost Regressor,BayesSearchCV,3.156386777492864,1.0196788857596262,5.206554202341325,-0.03517113942609784,8b0158f363824c1785621af95d671715,experiment_linear_mchc
931.4556831075452,0.004804192000666103,mchc,SALIVA,0.8,XGBoost Regressor,BayesSearchCV,3.156386777492864,1.0196788857596262,5.206554202341325,-0.03517113942609784,8b0158f363824c1785621af95d671715,experiment_linear_mchc
1725.989309277955,0.00474185410464608,mchc,SALIVA,0.8,XGBoost Regressor,BayesSearchCV,3.156386777492864,1.0196788857596262,5.206554202341325,-0.03517113942609784,8b0158f363824c1785621af95d671715,experiment_linear_mchc
1729.846268628297,0.004701142592781594,mchc,SALIVA,0.8,XGBoost Regressor,BayesSearchCV,3.156386777492864,1.0196788857596262,5.206554202341325,-0.03517113942609784,8b0158f363824c1785621af95d671715,experiment_linear_mchc
1022.094227840577,0.0044969240335095756,mchc,SALIVA,0.8,XGBoost Regressor,BayesSearchCV,3.156386777492864,1.0196788857596262,5.206554202341325,-0.03517113942609784,8b0158f363824c1785621af95d671715,experiment_linear_mchc
1024.022707515748,0.0044798632639871895,mchc,SALIVA,0.8,XGBoost Regressor,BayesSearchCV,3.156386777492864,1.0196788857596262,5.206554202341325,-0.03517113942609784,8b0158f363824c1785621af95d671715,experiment_linear_mchc
1027.87966686609,0.004476336805608771,mchc,SALIVA,0.8,XGBoost Regressor,BayesSearchCV,3.156386777492864,1.0196788857596262,5.206554202341325,-0.03517113942609784,8b0158f363824c1785621af95d671715,experiment_linear_mchc
1025.951187190919,0.004473534219731302,mchc,SALIVA,0.8,XGBoost Regressor,BayesSearchCV,3.156386777492864,1.0196788857596262,5.206554202341325,-0.03517113942609784,8b0158f363824c1785621af95d671715,experiment_linear_mchc
1029.808146541261,0.004451516094713712,mchc,SALIVA,0.8,XGBoost Regressor,BayesSearchCV,3.156386777492864,1.0196788857596262,5.206554202341325,-0.03517113942609784,8b0158f363824c1785621af95d671715,experiment_linear_mchc
1020.165748165406,0.004414274335699148,mchc,SALIVA,0.8,XGBoost Regressor,BayesSearchCV,3.156386777492864,1.0196788857596262,5.206554202341325,-0.03517113942609784,8b0158f363824c1785621af95d671715,experiment_linear_mchc
933.3841627827155,0.004404194353978872,mchc,SALIVA,0.8,XGBoost Regressor,BayesSearchCV,3.156386777492864,1.0196788857596262,5.206554202341325,-0.03517113942609784,8b0158f363824c1785621af95d671715,experiment_linear_mchc
1031.736626216432,0.004391132559196156,mchc,SALIVA,0.8,XGBoost Regressor,BayesSearchCV,3.156386777492864,1.0196788857596262,5.206554202341325,-0.03517113942609784,8b0158f363824c1785621af95d671715,experiment_linear_mchc
1033.665105891602,0.004300803931590059,mchc,SALIVA,0.8,XGBoost Regressor,BayesSearchCV,3.156386777492864,1.0196788857596262,5.206554202341325,-0.03517113942609784,8b0158f363824c1785621af95d671715,experiment_linear_mchc
950.7404798592538,0.004260190032025846,mchc,SALIVA,0.8,XGBoost Regressor,BayesSearchCV,3.156386777492864,1.0196788857596262,5.206554202341325,-0.03517113942609784,8b0158f363824c1785621af95d671715,experiment_linear_mchc
1018.237268490235,0.00425941111642873,mchc,SALIVA,0.8,XGBoost Regressor,BayesSearchCV,3.156386777492864,1.0196788857596262,5.206554202341325,-0.03517113942609784,8b0158f363824c1785621af95d671715,experiment_linear_mchc
1035.593585566773,0.004223232088581023,mchc,SALIVA,0.8,XGBoost Regressor,BayesSearchCV,3.156386777492864,1.0196788857596262,5.206554202341325,-0.03517113942609784,8b0158f363824c1785621af95d671715,experiment_linear_mchc
1037.522065241944,0.004144178820924603,mchc,SALIVA,0.8,XGBoost Regressor,BayesSearchCV,3.156386777492864,1.0196788857596262,5.206554202341325,-0.03517113942609784,8b0158f363824c1785621af95d671715,experiment_linear_mchc
1016.308788815064,0.004089430650326089,mchc,SALIVA,0.8,XGBoost Regressor,BayesSearchCV,3.156386777492864,1.0196788857596262,5.206554202341325,-0.03517113942609784,8b0158f363824c1785621af95d671715,experiment_linear_mchc
935.3126424578863,0.004020592279804535,mchc,SALIVA,0.8,XGBoost Regressor,BayesSearchCV,3.156386777492864,1.0196788857596262,5.206554202341325,-0.03517113942609784,8b0158f363824c1785621af95d671715,experiment_linear_mchc
2589.948203754519,0.01116179209202528,mchc,SALIVA,0.8,XGBoost Regressor,BayesSearchCV,3.1348999089132144,0.9416527785528276,4.9590684623314205,-0.021125409028671882,8b0158f363824c1785621af95d671715,experiment_linear_mchc
1303.652260415528,0.009711145423352718,mchc,SALIVA,0.8,XGBoost Regressor,BayesSearchCV,3.1348999089132144,0.9416527785528276,4.9590684623314205,-0.021125409028671882,8b0158f363824c1785621af95d671715,experiment_linear_mchc
2543.664691550417,0.009234988130629063,mchc,SALIVA,0.8,XGBoost Regressor,BayesSearchCV,3.1348999089132144,0.9416527785528276,4.9590684623314205,-0.021125409028671882,8b0158f363824c1785621af95d671715,experiment_linear_mchc
2591.876683429689,0.008329056203365326,mchc,SALIVA,0.8,XGBoost Regressor,BayesSearchCV,3.1348999089132144,0.9416527785528276,4.9590684623314205,-0.021125409028671882,8b0158f363824c1785621af95d671715,experiment_linear_mchc
2593.80516310486,0.007706575561314821,mchc,SALIVA,0.8,XGBoost Regressor,BayesSearchCV,3.1348999089132144,0.9416527785528276,4.9590684623314205,-0.021125409028671882,8b0158f363824c1785621af95d671715,experiment_linear_mchc
931.4556831075452,0.007101780269294977,mchc,SALIVA,0.8,XGBoost Regressor,BayesSearchCV,3.1348999089132144,0.9416527785528276,4.9590684623314205,-0.021125409028671882,8b0158f363824c1785621af95d671715,experiment_linear_mchc
1006.66639043921,0.007048352621495724,mchc,SALIVA,0.8,XGBoost Regressor,BayesSearchCV,3.1348999089132144,0.9416527785528276,4.9590684623314205,-0.021125409028671882,8b0158f363824c1785621af95d671715,experiment_linear_mchc
1039.450544917115,0.0068602729588747025,mchc,SALIVA,0.8,XGBoost Regressor,BayesSearchCV,3.1348999089132144,0.9416527785528276,4.9590684623314205,-0.021125409028671882,8b0158f363824c1785621af95d671715,experiment_linear_mchc
2786.65313062195,0.006848369725048542,mchc,SALIVA,0.8,XGBoost Regressor,BayesSearchCV,3.1348999089132144,0.9416527785528276,4.9590684623314205,-0.021125409028671882,8b0158f363824c1785621af95d671715,experiment_linear_mchc
1157.08780510254,0.006834525614976883,mchc,SALIVA,0.8,XGBoost Regressor,BayesSearchCV,3.1348999089132144,0.9416527785528276,4.9590684623314205,-0.021125409028671882,8b0158f363824c1785621af95d671715,experiment_linear_mchc
2744.226577768191,0.0067802001722157,mchc,SALIVA,0.8,XGBoost Regressor,BayesSearchCV,3.1348999089132144,0.9416527785528276,4.9590684623314205,-0.021125409028671882,8b0158f363824c1785621af95d671715,experiment_linear_mchc
1295.938341714845,0.006688795518130064,mchc,SALIVA,0.8,XGBoost Regressor,BayesSearchCV,3.1348999089132144,0.9416527785528276,4.9590684623314205,-0.021125409028671882,8b0158f363824c1785621af95d671715,experiment_linear_mchc
2622.732358232424,0.006312525365501642,mchc,SALIVA,0.8,XGBoost Regressor,BayesSearchCV,3.1348999089132144,0.9416527785528276,4.9590684623314205,-0.021125409028671882,8b0158f363824c1785621af95d671715,experiment_linear_mchc
1403.933203524415,0.006306029390543699,mchc,SALIVA,0.8,XGBoost Regressor,BayesSearchCV,3.1348999089132144,0.9416527785528276,4.9590684623314205,-0.021125409028671882,8b0158f363824c1785621af95d671715,experiment_linear_mchc
989.3100733626716,0.0062825120985507965,mchc,SALIVA,0.8,XGBoost Regressor,BayesSearchCV,3.1348999089132144,0.9416527785528276,4.9590684623314205,-0.021125409028671882,8b0158f363824c1785621af95d671715,experiment_linear_mchc
2584.162764729006,0.0062598250806331635,mchc,SALIVA,0.8,XGBoost Regressor,BayesSearchCV,3.1348999089132144,0.9416527785528276,4.9590684623314205,-0.021125409028671882,8b0158f363824c1785621af95d671715,experiment_linear_mchc
1563.9970165636,0.0060758814215660095,mchc,SALIVA,0.8,XGBoost Regressor,BayesSearchCV,3.1348999089132144,0.9416527785528276,4.9590684623314205,-0.021125409028671882,8b0158f363824c1785621af95d671715,experiment_linear_mchc
1486.857829556764,0.006066983565688133,mchc,SALIVA,0.8,XGBoost Regressor,BayesSearchCV,3.1348999089132144,0.9416527785528276,4.9590684623314205,-0.021125409028671882,8b0158f363824c1785621af95d671715,experiment_linear_mchc
1008.594870114381,0.006008333060890436,mchc,SALIVA,0.8,XGBoost Regressor,BayesSearchCV,3.1348999089132144,0.9416527785528276,4.9590684623314205,-0.021125409028671882,8b0158f363824c1785621af95d671715,experiment_linear_mchc
1133.946049000489,0.00598660483956337,mchc,SALIVA,0.8,XGBoost Regressor,BayesSearchCV,3.1348999089132144,0.9416527785528276,4.9590684623314205,-0.021125409028671882,8b0158f363824c1785621af95d671715,experiment_linear_mchc
1727.917788953126,0.004882058910871566,mchc,SALIVA,0.8,XGBoost Regressor,BayesSearchCV,3.1502629151762407,1.0021571819487072,5.1533130342091935,-0.031158262401626224,8b0158f363824c1785621af95d671715,experiment_linear_mchc
1725.989309277955,0.004700210069563913,mchc,SALIVA,0.8,XGBoost Regressor,BayesSearchCV,3.1502629151762407,1.0021571819487072,5.1533130342091935,-0.031158262401626224,8b0158f363824c1785621af95d671715,experiment_linear_mchc
929.5272034323739,0.004586662171597394,mchc,SALIVA,0.8,XGBoost Regressor,BayesSearchCV,3.1502629151762407,1.0021571819487072,5.1533130342091935,-0.031158262401626224,8b0158f363824c1785621af95d671715,experiment_linear_mchc
931.4556831075452,0.004427898922655226,mchc,SALIVA,0.8,XGBoost Regressor,BayesSearchCV,3.1502629151762407,1.0021571819487072,5.1533130342091935,-0.031158262401626224,8b0158f363824c1785621af95d671715,experiment_linear_mchc
1027.87966686609,0.004394162912420263,mchc,SALIVA,0.8,XGBoost Regressor,BayesSearchCV,3.1502629151762407,1.0021571819487072,5.1533130342091935,-0.031158262401626224,8b0158f363824c1785621af95d671715,experiment_linear_mchc
1022.094227840577,0.004391025282756804,mchc,SALIVA,0.8,XGBoost Regressor,BayesSearchCV,3.1502629151762407,1.0021571819487072,5.1533130342091935,-0.031158262401626224,8b0158f363824c1785621af95d671715,experiment_linear_mchc
1025.951187190919,0.004386990598154334,mchc,SALIVA,0.8,XGBoost Regressor,BayesSearchCV,3.1502629151762407,1.0021571819487072,5.1533130342091935,-0.031158262401626224,8b0158f363824c1785621af95d671715,experiment_linear_mchc
1024.022707515748,0.004383198727748905,mchc,SALIVA,0.8,XGBoost Regressor,BayesSearchCV,3.1502629151762407,1.0021571819487072,5.1533130342091935,-0.031158262401626224,8b0158f363824c1785621af95d671715,experiment_linear_mchc
1029.808146541261,0.004368267209834853,mchc,SALIVA,0.8,XGBoost Regressor,BayesSearchCV,3.1502629151762407,1.0021571819487072,5.1533130342091935,-0.031158262401626224,8b0158f363824c1785621af95d671715,experiment_linear_mchc
1020.165748165406,0.004318834603313059,mchc,SALIVA,0.8,XGBoost Regressor,BayesSearchCV,3.1502629151762407,1.0021571819487072,5.1533130342091935,-0.031158262401626224,8b0158f363824c1785621af95d671715,experiment_linear_mchc
1031.736626216432,0.004304562359243465,mchc,SALIVA,0.8,XGBoost Regressor,BayesSearchCV,3.1502629151762407,1.0021571819487072,5.1533130342091935,-0.031158262401626224,8b0158f363824c1785621af95d671715,experiment_linear_mchc
1729.846268628297,0.004287044965663567,mchc,SALIVA,0.8,XGBoost Regressor,BayesSearchCV,3.1502629151762407,1.0021571819487072,5.1533130342091935,-0.031158262401626224,8b0158f363824c1785621af95d671715,experiment_linear_mchc
1033.665105891602,0.004218349643158868,mchc,SALIVA,0.8,XGBoost Regressor,BayesSearchCV,3.1502629151762407,1.0021571819487072,5.1533130342091935,-0.031158262401626224,8b0158f363824c1785621af95d671715,experiment_linear_mchc
1018.237268490235,0.0041822773928605565,mchc,SALIVA,0.8,XGBoost Regressor,BayesSearchCV,3.1502629151762407,1.0021571819487072,5.1533130342091935,-0.031158262401626224,8b0158f363824c1785621af95d671715,experiment_linear_mchc
933.3841627827155,0.0041647303621439565,mchc,SALIVA,0.8,XGBoost Regressor,BayesSearchCV,3.1502629151762407,1.0021571819487072,5.1533130342091935,-0.031158262401626224,8b0158f363824c1785621af95d671715,experiment_linear_mchc
950.7404798592538,0.00415201760511905,mchc,SALIVA,0.8,XGBoost Regressor,BayesSearchCV,3.1502629151762407,1.0021571819487072,5.1533130342091935,-0.031158262401626224,8b0158f363824c1785621af95d671715,experiment_linear_mchc
1035.593585566773,0.004149817349025157,mchc,SALIVA,0.8,XGBoost Regressor,BayesSearchCV,3.1502629151762407,1.0021571819487072,5.1533130342091935,-0.031158262401626224,8b0158f363824c1785621af95d671715,experiment_linear_mchc
1037.522065241944,0.004070533311617878,mchc,SALIVA,0.8,XGBoost Regressor,BayesSearchCV,3.1502629151762407,1.0021571819487072,5.1533130342091935,-0.031158262401626224,8b0158f363824c1785621af95d671715,experiment_linear_mchc
1016.308788815064,0.004012204783220983,mchc,SALIVA,0.8,XGBoost Regressor,BayesSearchCV,3.1502629151762407,1.0021571819487072,5.1533130342091935,-0.031158262401626224,8b0158f363824c1785621af95d671715,experiment_linear_mchc
1039.450544917115,0.003924397673512374,mchc,SALIVA,0.8,XGBoost Regressor,BayesSearchCV,3.1502629151762407,1.0021571819487072,5.1533130342091935,-0.031158262401626224,8b0158f363824c1785621af95d671715,experiment_linear_mchc
2591.876683429689,0.014079471118748188,mchc,SALIVA,0.8,XGBoost Regressor,BayesSearchCV,3.1225656498537715,0.9472934260777068,4.9681459347090975,-0.013105983508526764,8b0158f363824c1785621af95d671715,experiment_linear_mchc
1209.156756332154,0.013181316666305065,mchc,SALIVA,0.8,XGBoost Regressor,BayesSearchCV,3.1225656498537715,0.9472934260777068,4.9681459347090975,-0.013105983508526764,8b0158f363824c1785621af95d671715,experiment_linear_mchc
2929.360626584597,0.012952172197401524,mchc,SALIVA,0.8,XGBoost Regressor,BayesSearchCV,3.1225656498537715,0.9472934260777068,4.9681459347090975,-0.013105983508526764,8b0158f363824c1785621af95d671715,experiment_linear_mchc
2609.233000506228,0.012843197211623192,mchc,SALIVA,0.8,XGBoost Regressor,BayesSearchCV,3.1225656498537715,0.9472934260777068,4.9681459347090975,-0.013105983508526764,8b0158f363824c1785621af95d671715,experiment_linear_mchc
1452.145195403688,0.012273648753762245,mchc,SALIVA,0.8,XGBoost Regressor,BayesSearchCV,3.1225656498537715,0.9472934260777068,4.9681459347090975,-0.013105983508526764,8b0158f363824c1785621af95d671715,experiment_linear_mchc
2674.801309462038,0.011790364980697632,mchc,SALIVA,0.8,XGBoost Regressor,BayesSearchCV,3.1225656498537715,0.9472934260777068,4.9681459347090975,-0.013105983508526764,8b0158f363824c1785621af95d671715,experiment_linear_mchc
966.1683172606208,0.011388408951461315,mchc,SALIVA,0.8,XGBoost Regressor,BayesSearchCV,3.1225656498537715,0.9472934260777068,4.9681459347090975,-0.013105983508526764,8b0158f363824c1785621af95d671715,experiment_linear_mchc
1014.380309139893,0.011200391687452793,mchc,SALIVA,0.8,XGBoost Regressor,BayesSearchCV,3.1225656498537715,0.9472934260777068,4.9681459347090975,-0.013105983508526764,8b0158f363824c1785621af95d671715,experiment_linear_mchc
1133.946049000489,0.01119388546794653,mchc,SALIVA,0.8,XGBoost Regressor,BayesSearchCV,3.1225656498537715,0.9472934260777068,4.9681459347090975,-0.013105983508526764,8b0158f363824c1785621af95d671715,experiment_linear_mchc
1305.580740090699,0.010924356989562511,mchc,SALIVA,0.8,XGBoost Regressor,BayesSearchCV,3.1225656498537715,0.9472934260777068,4.9681459347090975,-0.013105983508526764,8b0158f363824c1785621af95d671715,experiment_linear_mchc
970.0252766109629,0.010818647220730782,mchc,SALIVA,0.8,XGBoost Regressor,BayesSearchCV,3.1225656498537715,0.9472934260777068,4.9681459347090975,-0.013105983508526764,8b0158f363824c1785621af95d671715,experiment_linear_mchc
2921.646707883913,0.010722021572291851,mchc,SALIVA,0.8,XGBoost Regressor,BayesSearchCV,3.1225656498537715,0.9472934260777068,4.9681459347090975,-0.013105983508526764,8b0158f363824c1785621af95d671715,experiment_linear_mchc
2584.162764729006,0.010680308565497398,mchc,SALIVA,0.8,XGBoost Regressor,BayesSearchCV,3.1225656498537715,0.9472934260777068,4.9681459347090975,-0.013105983508526764,8b0158f363824c1785621af95d671715,experiment_linear_mchc
1403.933203524415,0.010415063239634037,mchc,SALIVA,0.8,XGBoost Regressor,BayesSearchCV,3.1225656498537715,0.9472934260777068,4.9681459347090975,-0.013105983508526764,8b0158f363824c1785621af95d671715,experiment_linear_mchc
1392.36232547339,0.009836594574153423,mchc,SALIVA,0.8,XGBoost Regressor,BayesSearchCV,3.1225656498537715,0.9472934260777068,4.9681459347090975,-0.013105983508526764,8b0158f363824c1785621af95d671715,experiment_linear_mchc
3041.212447744509,0.00977159384638071,mchc,SALIVA,0.8,XGBoost Regressor,BayesSearchCV,3.1225656498537715,0.9472934260777068,4.9681459347090975,-0.013105983508526764,8b0158f363824c1785621af95d671715,experiment_linear_mchc
3014.213732292117,0.00975713785737753,mchc,SALIVA,0.8,XGBoost Regressor,BayesSearchCV,3.1225656498537715,0.9472934260777068,4.9681459347090975,-0.013105983508526764,8b0158f363824c1785621af95d671715,experiment_linear_mchc
1700.919073500734,0.009645001031458378,mchc,SALIVA,0.8,XGBoost Regressor,BayesSearchCV,3.1225656498537715,0.9472934260777068,4.9681459347090975,-0.013105983508526764,8b0158f363824c1785621af95d671715,experiment_linear_mchc
2807.86640704883,0.009394507855176926,mchc,SALIVA,0.8,XGBoost Regressor,BayesSearchCV,3.1225656498537715,0.9472934260777068,4.9681459347090975,-0.013105983508526764,8b0158f363824c1785621af95d671715,experiment_linear_mchc
3012.285252616945,0.009282187558710575,mchc,SALIVA,0.8,XGBoost Regressor,BayesSearchCV,3.1225656498537715,0.9472934260777068,4.9681459347090975,-0.013105983508526764,8b0158f363824c1785621af95d671715,experiment_linear_mchc
2717.227862315798,0.007067083785103309,mchc,SERUM,0.8,XGBoost Regressor,BayesSearchCV,1.418527022294675,0.8504253107452395,2.5836137126730248,-1.634652766865376,8b0158f363824c1785621af95d671715,experiment_linear_mchc
1716.346910902101,0.0059424914689578815,mchc,SERUM,0.8,XGBoost Regressor,BayesSearchCV,1.418527022294675,0.8504253107452395,2.5836137126730248,-1.634652766865376,8b0158f363824c1785621af95d671715,experiment_linear_mchc
2715.299382640627,0.00542986154643078,mchc,SERUM,0.8,XGBoost Regressor,BayesSearchCV,1.418527022294675,0.8504253107452395,2.5836137126730248,-1.634652766865376,8b0158f363824c1785621af95d671715,experiment_linear_mchc
2713.370902965456,0.004756105132747409,mchc,SERUM,0.8,XGBoost Regressor,BayesSearchCV,1.418527022294675,0.8504253107452395,2.5836137126730248,-1.634652766865376,8b0158f363824c1785621af95d671715,experiment_linear_mchc
1644.993162920778,0.004486042286626454,mchc,SERUM,0.8,XGBoost Regressor,BayesSearchCV,1.418527022294675,0.8504253107452395,2.5836137126730248,-1.634652766865376,8b0158f363824c1785621af95d671715,experiment_linear_mchc
1643.064683245607,0.004388181404774087,mchc,SERUM,0.8,XGBoost Regressor,BayesSearchCV,1.418527022294675,0.8504253107452395,2.5836137126730248,-1.634652766865376,8b0158f363824c1785621af95d671715,experiment_linear_mchc
2719.156341990969,0.004352786770446159,mchc,SERUM,0.8,XGBoost Regressor,BayesSearchCV,1.418527022294675,0.8504253107452395,2.5836137126730248,-1.634652766865376,8b0158f363824c1785621af95d671715,experiment_linear_mchc
3045.069407094851,0.004142295517315935,mchc,SERUM,0.8,XGBoost Regressor,BayesSearchCV,1.418527022294675,0.8504253107452395,2.5836137126730248,-1.634652766865376,8b0158f363824c1785621af95d671715,experiment_linear_mchc
933.3841627827155,0.003988849427559823,mchc,SERUM,0.8,XGBoost Regressor,BayesSearchCV,1.418527022294675,0.8504253107452395,2.5836137126730248,-1.634652766865376,8b0158f363824c1785621af95d671715,experiment_linear_mchc
1641.136203570436,0.003976785452621082,mchc,SERUM,0.8,XGBoost Regressor,BayesSearchCV,1.418527022294675,0.8504253107452395,2.5836137126730248,-1.634652766865376,8b0158f363824c1785621af95d671715,experiment_linear_mchc
935.3126424578863,0.003883617653114302,mchc,SERUM,0.8,XGBoost Regressor,BayesSearchCV,1.418527022294675,0.8504253107452395,2.5836137126730248,-1.634652766865376,8b0158f363824c1785621af95d671715,experiment_linear_mchc
937.2411221330576,0.0038182579914500503,mchc,SERUM,0.8,XGBoost Regressor,BayesSearchCV,1.418527022294675,0.8504253107452395,2.5836137126730248,-1.634652766865376,8b0158f363824c1785621af95d671715,experiment_linear_mchc
1130.089089650148,0.0037511794602090092,mchc,SERUM,0.8,XGBoost Regressor,BayesSearchCV,1.418527022294675,0.8504253107452395,2.5836137126730248,-1.634652766865376,8b0158f363824c1785621af95d671715,experiment_linear_mchc
2640.088675308962,0.003729927068528714,mchc,SERUM,0.8,XGBoost Regressor,BayesSearchCV,1.418527022294675,0.8504253107452395,2.5836137126730248,-1.634652766865376,8b0158f363824c1785621af95d671715,experiment_linear_mchc
1128.160609974977,0.0037175870413477764,mchc,SERUM,0.8,XGBoost Regressor,BayesSearchCV,1.418527022294675,0.8504253107452395,2.5836137126730248,-1.634652766865376,8b0158f363824c1785621af95d671715,experiment_linear_mchc
1132.017569325318,0.003709609283874711,mchc,SERUM,0.8,XGBoost Regressor,BayesSearchCV,1.418527022294675,0.8504253107452395,2.5836137126730248,-1.634652766865376,8b0158f363824c1785621af95d671715,experiment_linear_mchc
1133.946049000489,0.0036881532873818046,mchc,SERUM,0.8,XGBoost Regressor,BayesSearchCV,1.418527022294675,0.8504253107452395,2.5836137126730248,-1.634652766865376,8b0158f363824c1785621af95d671715,experiment_linear_mchc
2669.015870436525,0.0036864377157870267,mchc,SERUM,0.8,XGBoost Regressor,BayesSearchCV,1.418527022294675,0.8504253107452395,2.5836137126730248,-1.634652766865376,8b0158f363824c1785621af95d671715,experiment_linear_mchc
2680.586748487551,0.0036816888670152276,mchc,SERUM,0.8,XGBoost Regressor,BayesSearchCV,1.418527022294675,0.8504253107452395,2.5836137126730248,-1.634652766865376,8b0158f363824c1785621af95d671715,experiment_linear_mchc
2667.087390761355,0.003679482720290037,mchc,SERUM,0.8,XGBoost Regressor,BayesSearchCV,1.418527022294675,0.8504253107452395,2.5836137126730248,-1.634652766865376,8b0158f363824c1785621af95d671715,experiment_linear_mchc
1519.641984034669,0.07937993109226227,mchc,SERUM,0.8,XGBoost Regressor,BayesSearchCV,0.9200388441450559,0.7186207395935061,2.18006120321688,-0.10830804670364369,8b0158f363824c1785621af95d671715,experiment_linear_mchc
3008.428293266604,0.07832248508930206,mchc,SERUM,0.8,XGBoost Regressor,BayesSearchCV,0.9200388441450559,0.7186207395935061,2.18006120321688,-0.10830804670364369,8b0158f363824c1785621af95d671715,experiment_linear_mchc
1662.349479997316,0.07827737927436829,mchc,SERUM,0.8,XGBoost Regressor,BayesSearchCV,0.9200388441450559,0.7186207395935061,2.18006120321688,-0.10830804670364369,8b0158f363824c1785621af95d671715,experiment_linear_mchc
2719.156341990969,0.07184047251939774,mchc,SERUM,0.8,XGBoost Regressor,BayesSearchCV,0.9200388441450559,0.7186207395935061,2.18006120321688,-0.10830804670364369,8b0158f363824c1785621af95d671715,experiment_linear_mchc
1650.77860194629,0.0709088072180748,mchc,SERUM,0.8,XGBoost Regressor,BayesSearchCV,0.9200388441450559,0.7186207395935061,2.18006120321688,-0.10830804670364369,8b0158f363824c1785621af95d671715,experiment_linear_mchc
2715.299382640627,0.07036680728197098,mchc,SERUM,0.8,XGBoost Regressor,BayesSearchCV,0.9200388441450559,0.7186207395935061,2.18006120321688,-0.10830804670364369,8b0158f363824c1785621af95d671715,experiment_linear_mchc
1646.921642595948,0.06469149887561798,mchc,SERUM,0.8,XGBoost Regressor,BayesSearchCV,0.9200388441450559,0.7186207395935061,2.18006120321688,-0.10830804670364369,8b0158f363824c1785621af95d671715,experiment_linear_mchc
1664.277959672487,0.06394123286008835,mchc,SERUM,0.8,XGBoost Regressor,BayesSearchCV,0.9200388441450559,0.7186207395935061,2.18006120321688,-0.10830804670364369,8b0158f363824c1785621af95d671715,experiment_linear_mchc
1631.493805194581,0.06357801705598831,mchc,SERUM,0.8,XGBoost Regressor,BayesSearchCV,0.9200388441450559,0.7186207395935061,2.18006120321688,-0.10830804670364369,8b0158f363824c1785621af95d671715,experiment_linear_mchc
2670.944350111697,0.06171787902712822,mchc,SERUM,0.8,XGBoost Regressor,BayesSearchCV,0.9200388441450559,0.7186207395935061,2.18006120321688,-0.10830804670364369,8b0158f363824c1785621af95d671715,experiment_linear_mchc
1189.871959580445,0.05835559964179993,mchc,SERUM,0.8,XGBoost Regressor,BayesSearchCV,0.9200388441450559,0.7186207395935061,2.18006120321688,-0.10830804670364369,8b0158f363824c1785621af95d671715,experiment_linear_mchc
1521.57046370984,0.04672136530280113,mchc,SERUM,0.8,XGBoost Regressor,BayesSearchCV,0.9200388441450559,0.7186207395935061,2.18006120321688,-0.10830804670364369,8b0158f363824c1785621af95d671715,experiment_linear_mchc
1261.225707561769,0.034258924424648285,mchc,SERUM,0.8,XGBoost Regressor,BayesSearchCV,0.9200388441450559,0.7186207395935061,2.18006120321688,-0.10830804670364369,8b0158f363824c1785621af95d671715,experiment_linear_mchc
1043.307504267457,0.012425371445715427,mchc,SERUM,0.8,XGBoost Regressor,BayesSearchCV,0.9200388441450559,0.7186207395935061,2.18006120321688,-0.10830804670364369,8b0158f363824c1785621af95d671715,experiment_linear_mchc
1419.361040925782,0.011195647530257702,mchc,SERUM,0.8,XGBoost Regressor,BayesSearchCV,0.9200388441450559,0.7186207395935061,2.18006120321688,-0.10830804670364369,8b0158f363824c1785621af95d671715,experiment_linear_mchc
1390.433845798219,0.010102967731654644,mchc,SERUM,0.8,XGBoost Regressor,BayesSearchCV,0.9200388441450559,0.7186207395935061,2.18006120321688,-0.10830804670364369,8b0158f363824c1785621af95d671715,experiment_linear_mchc
2672.872829786867,0.010082796216011047,mchc,SERUM,0.8,XGBoost Regressor,BayesSearchCV,0.9200388441450559,0.7186207395935061,2.18006120321688,-0.10830804670364369,8b0158f363824c1785621af95d671715,experiment_linear_mchc
1575.567894614625,0.009412669576704502,mchc,SERUM,0.8,XGBoost Regressor,BayesSearchCV,0.9200388441450559,0.7186207395935061,2.18006120321688,-0.10830804670364369,8b0158f363824c1785621af95d671715,experiment_linear_mchc
2728.798740366823,0.009386279620230198,mchc,SERUM,0.8,XGBoost Regressor,BayesSearchCV,0.9200388441450559,0.7186207395935061,2.18006120321688,-0.10830804670364369,8b0158f363824c1785621af95d671715,experiment_linear_mchc
2643.945634659304,0.009051471017301083,mchc,SERUM,0.8,XGBoost Regressor,BayesSearchCV,0.9200388441450559,0.7186207395935061,2.18006120321688,-0.10830804670364369,8b0158f363824c1785621af95d671715,experiment_linear_mchc
2717.227862315798,0.007568116116698446,mchc,SERUM,0.8,XGBoost Regressor,BayesSearchCV,1.3486395073206021,0.8337766367340091,2.532554393982336,-1.3814414841347653,8b0158f363824c1785621af95d671715,experiment_linear_mchc
2715.299382640627,0.00743484008856605,mchc,SERUM,0.8,XGBoost Regressor,BayesSearchCV,1.3486395073206021,0.8337766367340091,2.532554393982336,-1.3814414841347653,8b0158f363824c1785621af95d671715,experiment_linear_mchc
2713.370902965456,0.006372625902501691,mchc,SERUM,0.8,XGBoost Regressor,BayesSearchCV,1.3486395073206021,0.8337766367340091,2.532554393982336,-1.3814414841347653,8b0158f363824c1785621af95d671715,experiment_linear_mchc
1716.346910902101,0.004789493541760773,mchc,SERUM,0.8,XGBoost Regressor,BayesSearchCV,1.3486395073206021,0.8337766367340091,2.532554393982336,-1.3814414841347653,8b0158f363824c1785621af95d671715,experiment_linear_mchc
2707.585463939944,0.004514732111518747,mchc,SERUM,0.8,XGBoost Regressor,BayesSearchCV,1.3486395073206021,0.8337766367340091,2.532554393982336,-1.3814414841347653,8b0158f363824c1785621af95d671715,experiment_linear_mchc
2719.156341990969,0.004302691307464234,mchc,SERUM,0.8,XGBoost Regressor,BayesSearchCV,1.3486395073206021,0.8337766367340091,2.532554393982336,-1.3814414841347653,8b0158f363824c1785621af95d671715,experiment_linear_mchc
1689.348195449708,0.003958366121020683,mchc,SERUM,0.8,XGBoost Regressor,BayesSearchCV,1.3486395073206021,0.8337766367340091,2.532554393982336,-1.3814414841347653,8b0158f363824c1785621af95d671715,experiment_linear_mchc
2640.088675308962,0.003917578497668623,mchc,SERUM,0.8,XGBoost Regressor,BayesSearchCV,1.3486395073206021,0.8337766367340091,2.532554393982336,-1.3814414841347653,8b0158f363824c1785621af95d671715,experiment_linear_mchc
1687.419715774538,0.0039052328306140973,mchc,SERUM,0.8,XGBoost Regressor,BayesSearchCV,1.3486395073206021,0.8337766367340091,2.532554393982336,-1.3814414841347653,8b0158f363824c1785621af95d671715,experiment_linear_mchc
1685.491236099367,0.0038700896745852862,mchc,SERUM,0.8,XGBoost Regressor,BayesSearchCV,1.3486395073206021,0.8337766367340091,2.532554393982336,-1.3814414841347653,8b0158f363824c1785621af95d671715,experiment_linear_mchc
1691.276675124879,0.003868855736498771,mchc,SERUM,0.8,XGBoost Regressor,BayesSearchCV,1.3486395073206021,0.8337766367340091,2.532554393982336,-1.3814414841347653,8b0158f363824c1785621af95d671715,experiment_linear_mchc
2638.160195633791,0.0038201035120262704,mchc,SERUM,0.8,XGBoost Regressor,BayesSearchCV,1.3486395073206021,0.8337766367340091,2.532554393982336,-1.3814414841347653,8b0158f363824c1785621af95d671715,experiment_linear_mchc
2642.017154984133,0.003813323924012279,mchc,SERUM,0.8,XGBoost Regressor,BayesSearchCV,1.3486395073206021,0.8337766367340091,2.532554393982336,-1.3814414841347653,8b0158f363824c1785621af95d671715,experiment_linear_mchc
2703.728504589601,0.00377762799173546,mchc,SERUM,0.8,XGBoost Regressor,BayesSearchCV,1.3486395073206021,0.8337766367340091,2.532554393982336,-1.3814414841347653,8b0158f363824c1785621af95d671715,experiment_linear_mchc
1683.562756424196,0.003685278524302132,mchc,SERUM,0.8,XGBoost Regressor,BayesSearchCV,1.3486395073206021,0.8337766367340091,2.532554393982336,-1.3814414841347653,8b0158f363824c1785621af95d671715,experiment_linear_mchc
2626.589317582765,0.0036736019088180927,mchc,SERUM,0.8,XGBoost Regressor,BayesSearchCV,1.3486395073206021,0.8337766367340091,2.532554393982336,-1.3814414841347653,8b0158f363824c1785621af95d671715,experiment_linear_mchc
2624.660837907595,0.003664696056692328,mchc,SERUM,0.8,XGBoost Regressor,BayesSearchCV,1.3486395073206021,0.8337766367340091,2.532554393982336,-1.3814414841347653,8b0158f363824c1785621af95d671715,experiment_linear_mchc
2709.513943615114,0.0036631593049027598,mchc,SERUM,0.8,XGBoost Regressor,BayesSearchCV,1.3486395073206021,0.8337766367340091,2.532554393982336,-1.3814414841347653,8b0158f363824c1785621af95d671715,experiment_linear_mchc
2616.946919206911,0.0036081340542090234,mchc,SERUM,0.8,XGBoost Regressor,BayesSearchCV,1.3486395073206021,0.8337766367340091,2.532554393982336,-1.3814414841347653,8b0158f363824c1785621af95d671715,experiment_linear_mchc
1718.275390577272,0.0035522471015396544,mchc,SERUM,0.8,XGBoost Regressor,BayesSearchCV,1.3486395073206021,0.8337766367340091,2.532554393982336,-1.3814414841347653,8b0158f363824c1785621af95d671715,experiment_linear_mchc
1519.641984034669,0.07736895978450775,mchc,SERUM,0.8,XGBoost Regressor,BayesSearchCV,0.9196280573184222,0.7182920080566408,2.178828107630706,-0.10731857390030242,8b0158f363824c1785621af95d671715,experiment_linear_mchc
3008.428293266604,0.07629141956567764,mchc,SERUM,0.8,XGBoost Regressor,BayesSearchCV,0.9196280573184222,0.7182920080566408,2.178828107630706,-0.10731857390030242,8b0158f363824c1785621af95d671715,experiment_linear_mchc
1662.349479997316,0.0761730968952179,mchc,SERUM,0.8,XGBoost Regressor,BayesSearchCV,0.9196280573184222,0.7182920080566408,2.178828107630706,-0.10731857390030242,8b0158f363824c1785621af95d671715,experiment_linear_mchc
2719.156341990969,0.0699862465262413,mchc,SERUM,0.8,XGBoost Regressor,BayesSearchCV,0.9196280573184222,0.7182920080566408,2.178828107630706,-0.10731857390030242,8b0158f363824c1785621af95d671715,experiment_linear_mchc
1650.77860194629,0.06907491385936737,mchc,SERUM,0.8,XGBoost Regressor,BayesSearchCV,0.9196280573184222,0.7182920080566408,2.178828107630706,-0.10731857390030242,8b0158f363824c1785621af95d671715,experiment_linear_mchc
2715.299382640627,0.06856832653284073,mchc,SERUM,0.8,XGBoost Regressor,BayesSearchCV,0.9196280573184222,0.7182920080566408,2.178828107630706,-0.10731857390030242,8b0158f363824c1785621af95d671715,experiment_linear_mchc
1646.921642595948,0.06302808970212936,mchc,SERUM,0.8,XGBoost Regressor,BayesSearchCV,0.9196280573184222,0.7182920080566408,2.178828107630706,-0.10731857390030242,8b0158f363824c1785621af95d671715,experiment_linear_mchc
1261.225707561769,0.06240937486290932,mchc,SERUM,0.8,XGBoost Regressor,BayesSearchCV,0.9196280573184222,0.7182920080566408,2.178828107630706,-0.10731857390030242,8b0158f363824c1785621af95d671715,experiment_linear_mchc
1664.277959672487,0.062323540449142456,mchc,SERUM,0.8,XGBoost Regressor,BayesSearchCV,0.9196280573184222,0.7182920080566408,2.178828107630706,-0.10731857390030242,8b0158f363824c1785621af95d671715,experiment_linear_mchc
1631.493805194581,0.061955008655786514,mchc,SERUM,0.8,XGBoost Regressor,BayesSearchCV,0.9196280573184222,0.7182920080566408,2.178828107630706,-0.10731857390030242,8b0158f363824c1785621af95d671715,experiment_linear_mchc
2670.944350111697,0.0601431205868721,mchc,SERUM,0.8,XGBoost Regressor,BayesSearchCV,0.9196280573184222,0.7182920080566408,2.178828107630706,-0.10731857390030242,8b0158f363824c1785621af95d671715,experiment_linear_mchc
1189.871959580445,0.05682486295700073,mchc,SERUM,0.8,XGBoost Regressor,BayesSearchCV,0.9196280573184222,0.7182920080566408,2.178828107630706,-0.10731857390030242,8b0158f363824c1785621af95d671715,experiment_linear_mchc
1521.57046370984,0.04550496116280556,mchc,SERUM,0.8,XGBoost Regressor,BayesSearchCV,0.9196280573184222,0.7182920080566408,2.178828107630706,-0.10731857390030242,8b0158f363824c1785621af95d671715,experiment_linear_mchc
1043.307504267457,0.01209990493953228,mchc,SERUM,0.8,XGBoost Regressor,BayesSearchCV,0.9196280573184222,0.7182920080566408,2.178828107630706,-0.10731857390030242,8b0158f363824c1785621af95d671715,experiment_linear_mchc
1419.361040925782,0.010897153057157993,mchc,SERUM,0.8,XGBoost Regressor,BayesSearchCV,0.9196280573184222,0.7182920080566408,2.178828107630706,-0.10731857390030242,8b0158f363824c1785621af95d671715,experiment_linear_mchc
1390.433845798219,0.009841240011155605,mchc,SERUM,0.8,XGBoost Regressor,BayesSearchCV,0.9196280573184222,0.7182920080566408,2.178828107630706,-0.10731857390030242,8b0158f363824c1785621af95d671715,experiment_linear_mchc
2672.872829786867,0.009814836084842682,mchc,SERUM,0.8,XGBoost Regressor,BayesSearchCV,0.9196280573184222,0.7182920080566408,2.178828107630706,-0.10731857390030242,8b0158f363824c1785621af95d671715,experiment_linear_mchc
2728.798740366823,0.009139768779277802,mchc,SERUM,0.8,XGBoost Regressor,BayesSearchCV,0.9196280573184222,0.7182920080566408,2.178828107630706,-0.10731857390030242,8b0158f363824c1785621af95d671715,experiment_linear_mchc
2643.945634659304,0.008968702517449856,mchc,SERUM,0.8,XGBoost Regressor,BayesSearchCV,0.9196280573184222,0.7182920080566408,2.178828107630706,-0.10731857390030242,8b0158f363824c1785621af95d671715,experiment_linear_mchc
1251.583309185914,0.008722228929400444,mchc,SERUM,0.8,XGBoost Regressor,BayesSearchCV,0.9196280573184222,0.7182920080566408,2.178828107630706,-0.10731857390030242,8b0158f363824c1785621af95d671715,experiment_linear_mchc
1770.344341806886,0.0051508862834787105,mchc,URINE,0.8,XGBoost Regressor,BayesSearchCV,0.8620527875556417,0.6727376678466793,2.052090150129687,-0.28340381161156913,8b0158f363824c1785621af95d671715,experiment_linear_mchc
1772.272821482057,0.005149501154792655,mchc,URINE,0.8,XGBoost Regressor,BayesSearchCV,0.8620527875556417,0.6727376678466793,2.052090150129687,-0.28340381161156913,8b0158f363824c1785621af95d671715,experiment_linear_mchc
1774.201301157228,0.005123593761588309,mchc,URINE,0.8,XGBoost Regressor,BayesSearchCV,0.8620527875556417,0.6727376678466793,2.052090150129687,-0.28340381161156913,8b0158f363824c1785621af95d671715,experiment_linear_mchc
1768.415862131715,0.005092258774841768,mchc,URINE,0.8,XGBoost Regressor,BayesSearchCV,0.8620527875556417,0.6727376678466793,2.052090150129687,-0.28340381161156913,8b0158f363824c1785621af95d671715,experiment_linear_mchc
1776.129780832399,0.005034846522072448,mchc,URINE,0.8,XGBoost Regressor,BayesSearchCV,0.8620527875556417,0.6727376678466793,2.052090150129687,-0.28340381161156913,8b0158f363824c1785621af95d671715,experiment_linear_mchc
1766.487382456544,0.005023726287868252,mchc,URINE,0.8,XGBoost Regressor,BayesSearchCV,0.8620527875556417,0.6727376678466793,2.052090150129687,-0.28340381161156913,8b0158f363824c1785621af95d671715,experiment_linear_mchc
1718.275390577272,0.0050115352927612355,mchc,URINE,0.8,XGBoost Regressor,BayesSearchCV,0.8620527875556417,0.6727376678466793,2.052090150129687,-0.28340381161156913,8b0158f363824c1785621af95d671715,experiment_linear_mchc
1716.346910902101,0.0049997122920711085,mchc,URINE,0.8,XGBoost Regressor,BayesSearchCV,0.8620527875556417,0.6727376678466793,2.052090150129687,-0.28340381161156913,8b0158f363824c1785621af95d671715,experiment_linear_mchc
1720.203870252443,0.0049508799722708784,mchc,URINE,0.8,XGBoost Regressor,BayesSearchCV,0.8620527875556417,0.6727376678466793,2.052090150129687,-0.28340381161156913,8b0158f363824c1785621af95d671715,experiment_linear_mchc
1764.558902781373,0.0049315039267517485,mchc,URINE,0.8,XGBoost Regressor,BayesSearchCV,0.8620527875556417,0.6727376678466793,2.052090150129687,-0.28340381161156913,8b0158f363824c1785621af95d671715,experiment_linear_mchc
1714.41843122693,0.00488729231842302,mchc,URINE,0.8,XGBoost Regressor,BayesSearchCV,0.8620527875556417,0.6727376678466793,2.052090150129687,-0.28340381161156913,8b0158f363824c1785621af95d671715,experiment_linear_mchc
1778.05826050757,0.0048022284832039954,mchc,URINE,0.8,XGBoost Regressor,BayesSearchCV,0.8620527875556417,0.6727376678466793,2.052090150129687,-0.28340381161156913,8b0158f363824c1785621af95d671715,experiment_linear_mchc
1722.132349927614,0.004800530992184041,mchc,URINE,0.8,XGBoost Regressor,BayesSearchCV,0.8620527875556417,0.6727376678466793,2.052090150129687,-0.28340381161156913,8b0158f363824c1785621af95d671715,experiment_linear_mchc
1762.630423106202,0.004762307398579097,mchc,URINE,0.8,XGBoost Regressor,BayesSearchCV,0.8620527875556417,0.6727376678466793,2.052090150129687,-0.28340381161156913,8b0158f363824c1785621af95d671715,experiment_linear_mchc
3048.926366445193,0.00467982068050781,mchc,URINE,0.8,XGBoost Regressor,BayesSearchCV,0.8620527875556417,0.6727376678466793,2.052090150129687,-0.28340381161156913,8b0158f363824c1785621af95d671715,experiment_linear_mchc
1712.489951551759,0.004657099347093371,mchc,URINE,0.8,XGBoost Regressor,BayesSearchCV,0.8620527875556417,0.6727376678466793,2.052090150129687,-0.28340381161156913,8b0158f363824c1785621af95d671715,experiment_linear_mchc
1760.701943431032,0.0046060699328154585,mchc,URINE,0.8,XGBoost Regressor,BayesSearchCV,0.8620527875556417,0.6727376678466793,2.052090150129687,-0.28340381161156913,8b0158f363824c1785621af95d671715,experiment_linear_mchc
1724.060829602785,0.004513794272308738,mchc,URINE,0.8,XGBoost Regressor,BayesSearchCV,0.8620527875556417,0.6727376678466793,2.052090150129687,-0.28340381161156913,8b0158f363824c1785621af95d671715,experiment_linear_mchc
1779.986740182741,0.00443451856013556,mchc,URINE,0.8,XGBoost Regressor,BayesSearchCV,0.8620527875556417,0.6727376678466793,2.052090150129687,-0.28340381161156913,8b0158f363824c1785621af95d671715,experiment_linear_mchc
1758.773463755861,0.004430578621738928,mchc,URINE,0.8,XGBoost Regressor,BayesSearchCV,0.8620527875556417,0.6727376678466793,2.052090150129687,-0.28340381161156913,8b0158f363824c1785621af95d671715,experiment_linear_mchc
1747.202585704835,0.16691045463085175,mchc,URINE,0.8,XGBoost Regressor,BayesSearchCV,0.7819863344877521,0.6571547098260174,2.0085281423478305,-0.05607297961912616,8b0158f363824c1785621af95d671715,experiment_linear_mchc
1037.522065241944,0.14029087126255035,mchc,URINE,0.8,XGBoost Regressor,BayesSearchCV,0.7819863344877521,0.6571547098260174,2.0085281423478305,-0.05607297961912616,8b0158f363824c1785621af95d671715,experiment_linear_mchc
1280.510504313478,0.053106941282749176,mchc,URINE,0.8,XGBoost Regressor,BayesSearchCV,0.7819863344877521,0.6571547098260174,2.0085281423478305,-0.05607297961912616,8b0158f363824c1785621af95d671715,experiment_linear_mchc
1033.665105891602,0.03927673399448395,mchc,URINE,0.8,XGBoost Regressor,BayesSearchCV,0.7819863344877521,0.6571547098260174,2.0085281423478305,-0.05607297961912616,8b0158f363824c1785621af95d671715,experiment_linear_mchc
1043.307504267457,0.03206111490726471,mchc,URINE,0.8,XGBoost Regressor,BayesSearchCV,0.7819863344877521,0.6571547098260174,2.0085281423478305,-0.05607297961912616,8b0158f363824c1785621af95d671715,experiment_linear_mchc
1432.860398651979,0.020429087802767754,mchc,URINE,0.8,XGBoost Regressor,BayesSearchCV,0.7819863344877521,0.6571547098260174,2.0085281423478305,-0.05607297961912616,8b0158f363824c1785621af95d671715,experiment_linear_mchc
1035.593585566773,0.018580010160803795,mchc,URINE,0.8,XGBoost Regressor,BayesSearchCV,0.7819863344877521,0.6571547098260174,2.0085281423478305,-0.05607297961912616,8b0158f363824c1785621af95d671715,experiment_linear_mchc
1436.71735800232,0.013689173385500908,mchc,URINE,0.8,XGBoost Regressor,BayesSearchCV,0.7819863344877521,0.6571547098260174,2.0085281423478305,-0.05607297961912616,8b0158f363824c1785621af95d671715,experiment_linear_mchc
1616.065967793214,0.011922010220587254,mchc,URINE,0.8,XGBoost Regressor,BayesSearchCV,0.7819863344877521,0.6571547098260174,2.0085281423478305,-0.05607297961912616,8b0158f363824c1785621af95d671715,experiment_linear_mchc
1737.560187328981,0.009909127838909626,mchc,URINE,0.8,XGBoost Regressor,BayesSearchCV,0.7819863344877521,0.6571547098260174,2.0085281423478305,-0.05607297961912616,8b0158f363824c1785621af95d671715,experiment_linear_mchc
1307.50921976587,0.009179085493087769,mchc,URINE,0.8,XGBoost Regressor,BayesSearchCV,0.7819863344877521,0.6571547098260174,2.0085281423478305,-0.05607297961912616,8b0158f363824c1785621af95d671715,experiment_linear_mchc
1319.080097816896,0.007991600781679153,mchc,URINE,0.8,XGBoost Regressor,BayesSearchCV,0.7819863344877521,0.6571547098260174,2.0085281423478305,-0.05607297961912616,8b0158f363824c1785621af95d671715,experiment_linear_mchc
1286.29594333899,0.0077159348875284195,mchc,URINE,0.8,XGBoost Regressor,BayesSearchCV,0.7819863344877521,0.6571547098260174,2.0085281423478305,-0.05607297961912616,8b0158f363824c1785621af95d671715,experiment_linear_mchc
1205.299796981813,0.00757070304825902,mchc,URINE,0.8,XGBoost Regressor,BayesSearchCV,0.7819863344877521,0.6571547098260174,2.0085281423478305,-0.05607297961912616,8b0158f363824c1785621af95d671715,experiment_linear_mchc
3045.069407094851,0.007275789510458708,mchc,URINE,0.8,XGBoost Regressor,BayesSearchCV,0.7819863344877521,0.6571547098260174,2.0085281423478305,-0.05607297961912616,8b0158f363824c1785621af95d671715,experiment_linear_mchc
1739.488667004152,0.007046280894428492,mchc,URINE,0.8,XGBoost Regressor,BayesSearchCV,0.7819863344877521,0.6571547098260174,2.0085281423478305,-0.05607297961912616,8b0158f363824c1785621af95d671715,experiment_linear_mchc
1562.068536888429,0.006683600600808859,mchc,URINE,0.8,XGBoost Regressor,BayesSearchCV,0.7819863344877521,0.6571547098260174,2.0085281423478305,-0.05607297961912616,8b0158f363824c1785621af95d671715,experiment_linear_mchc
985.4531140123299,0.00662200665101409,mchc,URINE,0.8,XGBoost Regressor,BayesSearchCV,0.7819863344877521,0.6571547098260174,2.0085281423478305,-0.05607297961912616,8b0158f363824c1785621af95d671715,experiment_linear_mchc
1361.506650670656,0.00650856364518404,mchc,URINE,0.8,XGBoost Regressor,BayesSearchCV,0.7819863344877521,0.6571547098260174,2.0085281423478305,-0.05607297961912616,8b0158f363824c1785621af95d671715,experiment_linear_mchc
1770.344341806886,0.00624921265989542,mchc,URINE,0.8,XGBoost Regressor,BayesSearchCV,0.7819863344877521,0.6571547098260174,2.0085281423478305,-0.05607297961912616,8b0158f363824c1785621af95d671715,experiment_linear_mchc
1556.283097862916,0.0050989095506463016,mchc,URINE,0.8,XGBoost Regressor,BayesSearchCV,0.7745953370733581,0.6349386558131164,1.9392692592591958,-0.03620422864897499,8b0158f363824c1785621af95d671715,experiment_linear_mchc
1558.211577538087,0.005066935910222253,mchc,URINE,0.8,XGBoost Regressor,BayesSearchCV,0.7745953370733581,0.6349386558131164,1.9392692592591958,-0.03620422864897499,8b0158f363824c1785621af95d671715,experiment_linear_mchc
1554.354618187745,0.005017869849274614,mchc,URINE,0.8,XGBoost Regressor,BayesSearchCV,0.7745953370733581,0.6349386558131164,1.9392692592591958,-0.03620422864897499,8b0158f363824c1785621af95d671715,experiment_linear_mchc
1560.140057213258,0.004998233183156996,mchc,URINE,0.8,XGBoost Regressor,BayesSearchCV,0.7745953370733581,0.6349386558131164,1.9392692592591958,-0.03620422864897499,8b0158f363824c1785621af95d671715,experiment_linear_mchc
1552.426138512574,0.0047911205173192745,mchc,URINE,0.8,XGBoost Regressor,BayesSearchCV,0.7745953370733581,0.6349386558131164,1.9392692592591958,-0.03620422864897499,8b0158f363824c1785621af95d671715,experiment_linear_mchc
1562.068536888429,0.0047608304590806075,mchc,URINE,0.8,XGBoost Regressor,BayesSearchCV,0.7745953370733581,0.6349386558131164,1.9392692592591958,-0.03620422864897499,8b0158f363824c1785621af95d671715,experiment_linear_mchc
1550.497658837404,0.0045707439229784284,mchc,URINE,0.8,XGBoost Regressor,BayesSearchCV,0.7745953370733581,0.6349386558131164,1.9392692592591958,-0.03620422864897499,8b0158f363824c1785621af95d671715,experiment_linear_mchc
1563.9970165636,0.004469407302540212,mchc,URINE,0.8,XGBoost Regressor,BayesSearchCV,0.7745953370733581,0.6349386558131164,1.9392692592591958,-0.03620422864897499,8b0158f363824c1785621af95d671715,experiment_linear_mchc
1548.569179162233,0.004278673375699203,mchc,URINE,0.8,XGBoost Regressor,BayesSearchCV,0.7745953370733581,0.6349386558131164,1.9392692592591958,-0.03620422864897499,8b0158f363824c1785621af95d671715,experiment_linear_mchc
1565.925496238771,0.004260122727687986,mchc,URINE,0.8,XGBoost Regressor,BayesSearchCV,0.7745953370733581,0.6349386558131164,1.9392692592591958,-0.03620422864897499,8b0158f363824c1785621af95d671715,experiment_linear_mchc
931.4556831075452,0.004227247615761306,mchc,URINE,0.8,XGBoost Regressor,BayesSearchCV,0.7745953370733581,0.6349386558131164,1.9392692592591958,-0.03620422864897499,8b0158f363824c1785621af95d671715,experiment_linear_mchc
929.5272034323739,0.0041249350454699695,mchc,URINE,0.8,XGBoost Regressor,BayesSearchCV,0.7745953370733581,0.6349386558131164,1.9392692592591958,-0.03620422864897499,8b0158f363824c1785621af95d671715,experiment_linear_mchc
933.3841627827155,0.004115987337224068,mchc,URINE,0.8,XGBoost Regressor,BayesSearchCV,0.7745953370733581,0.6349386558131164,1.9392692592591958,-0.03620422864897499,8b0158f363824c1785621af95d671715,experiment_linear_mchc
935.3126424578863,0.004104229633988736,mchc,URINE,0.8,XGBoost Regressor,BayesSearchCV,0.7745953370733581,0.6349386558131164,1.9392692592591958,-0.03620422864897499,8b0158f363824c1785621af95d671715,experiment_linear_mchc
937.2411221330576,0.004027789187803727,mchc,URINE,0.8,XGBoost Regressor,BayesSearchCV,0.7745953370733581,0.6349386558131164,1.9392692592591958,-0.03620422864897499,8b0158f363824c1785621af95d671715,experiment_linear_mchc
1546.640699487062,0.0039454012452487044,mchc,URINE,0.8,XGBoost Regressor,BayesSearchCV,0.7745953370733581,0.6349386558131164,1.9392692592591958,-0.03620422864897499,8b0158f363824c1785621af95d671715,experiment_linear_mchc
1567.853975913942,0.003942748204727348,mchc,URINE,0.8,XGBoost Regressor,BayesSearchCV,0.7745953370733581,0.6349386558131164,1.9392692592591958,-0.03620422864897499,8b0158f363824c1785621af95d671715,experiment_linear_mchc
1396.219284823732,0.0038343573723012094,mchc,URINE,0.8,XGBoost Regressor,BayesSearchCV,0.7745953370733581,0.6349386558131164,1.9392692592591958,-0.03620422864897499,8b0158f363824c1785621af95d671715,experiment_linear_mchc
1394.290805148561,0.0038068385888632493,mchc,URINE,0.8,XGBoost Regressor,BayesSearchCV,0.7745953370733581,0.6349386558131164,1.9392692592591958,-0.03620422864897499,8b0158f363824c1785621af95d671715,experiment_linear_mchc
1398.147764498902,0.003752730343892206,mchc,URINE,0.8,XGBoost Regressor,BayesSearchCV,0.7745953370733581,0.6349386558131164,1.9392692592591958,-0.03620422864897499,8b0158f363824c1785621af95d671715,experiment_linear_mchc
1685.491236099367,0.08034718781709671,mchc,URINE,0.8,XGBoost Regressor,BayesSearchCV,0.7586946415242468,0.6117539297003495,1.8688490015512993,0.005900999322271283,8b0158f363824c1785621af95d671715,experiment_linear_mchc
1035.593585566773,0.07158920168876648,mchc,URINE,0.8,XGBoost Regressor,BayesSearchCV,0.7586946415242468,0.6117539297003495,1.8688490015512993,0.005900999322271283,8b0158f363824c1785621af95d671715,experiment_linear_mchc
1745.274106029664,0.071113720536232,mchc,URINE,0.8,XGBoost Regressor,BayesSearchCV,0.7586946415242468,0.6117539297003495,1.8688490015512993,0.005900999322271283,8b0158f363824c1785621af95d671715,experiment_linear_mchc
2507.02357772217,0.06949405372142792,mchc,URINE,0.8,XGBoost Regressor,BayesSearchCV,0.7586946415242468,0.6117539297003495,1.8688490015512993,0.005900999322271283,8b0158f363824c1785621af95d671715,experiment_linear_mchc
1747.202585704835,0.06764133274555206,mchc,URINE,0.8,XGBoost Regressor,BayesSearchCV,0.7586946415242468,0.6117539297003495,1.8688490015512993,0.005900999322271283,8b0158f363824c1785621af95d671715,experiment_linear_mchc
1033.665105891602,0.06534265726804733,mchc,URINE,0.8,XGBoost Regressor,BayesSearchCV,0.7586946415242468,0.6117539297003495,1.8688490015512993,0.005900999322271283,8b0158f363824c1785621af95d671715,experiment_linear_mchc
1280.510504313478,0.06528442353010178,mchc,URINE,0.8,XGBoost Regressor,BayesSearchCV,0.7586946415242468,0.6117539297003495,1.8688490015512993,0.005900999322271283,8b0158f363824c1785621af95d671715,experiment_linear_mchc
1043.307504267457,0.06385548412799835,mchc,URINE,0.8,XGBoost Regressor,BayesSearchCV,0.7586946415242468,0.6117539297003495,1.8688490015512993,0.005900999322271283,8b0158f363824c1785621af95d671715,experiment_linear_mchc
1278.582024638307,0.06197581812739372,mchc,URINE,0.8,XGBoost Regressor,BayesSearchCV,0.7586946415242468,0.6117539297003495,1.8688490015512993,0.005900999322271283,8b0158f363824c1785621af95d671715,experiment_linear_mchc
1037.522065241944,0.06188281625509262,mchc,URINE,0.8,XGBoost Regressor,BayesSearchCV,0.7586946415242468,0.6117539297003495,1.8688490015512993,0.005900999322271283,8b0158f363824c1785621af95d671715,experiment_linear_mchc
3050.854846120364,0.05915152281522751,mchc,URINE,0.8,XGBoost Regressor,BayesSearchCV,0.7586946415242468,0.6117539297003495,1.8688490015512993,0.005900999322271283,8b0158f363824c1785621af95d671715,experiment_linear_mchc
1849.412008488893,0.058113764971494675,mchc,URINE,0.8,XGBoost Regressor,BayesSearchCV,0.7586946415242468,0.6117539297003495,1.8688490015512993,0.005900999322271283,8b0158f363824c1785621af95d671715,experiment_linear_mchc
1484.929349881593,0.007377108559012413,mchc,URINE,0.8,XGBoost Regressor,BayesSearchCV,0.7586946415242468,0.6117539297003495,1.8688490015512993,0.005900999322271283,8b0158f363824c1785621af95d671715,experiment_linear_mchc
1213.013715682496,0.006381142418831587,mchc,URINE,0.8,XGBoost Regressor,BayesSearchCV,0.7586946415242468,0.6117539297003495,1.8688490015512993,0.005900999322271283,8b0158f363824c1785621af95d671715,experiment_linear_mchc
1762.630423106202,0.00625419057905674,mchc,URINE,0.8,XGBoost Regressor,BayesSearchCV,0.7586946415242468,0.6117539297003495,1.8688490015512993,0.005900999322271283,8b0158f363824c1785621af95d671715,experiment_linear_mchc
1176.372601854249,0.006189087871462107,mchc,URINE,0.8,XGBoost Regressor,BayesSearchCV,0.7586946415242468,0.6117539297003495,1.8688490015512993,0.005900999322271283,8b0158f363824c1785621af95d671715,experiment_linear_mchc
1760.701943431032,0.006081812083721161,mchc,URINE,0.8,XGBoost Regressor,BayesSearchCV,0.7586946415242468,0.6117539297003495,1.8688490015512993,0.005900999322271283,8b0158f363824c1785621af95d671715,experiment_linear_mchc
1444.431276703004,0.005455862730741501,mchc,URINE,0.8,XGBoost Regressor,BayesSearchCV,0.7586946415242468,0.6117539297003495,1.8688490015512993,0.005900999322271283,8b0158f363824c1785621af95d671715,experiment_linear_mchc
1616.065967793214,0.00544319674372673,mchc,URINE,0.8,XGBoost Regressor,BayesSearchCV,0.7586946415242468,0.6117539297003495,1.8688490015512993,0.005900999322271283,8b0158f363824c1785621af95d671715,experiment_linear_mchc
1045.235983942628,0.005385261494666338,mchc,URINE,0.8,XGBoost Regressor,BayesSearchCV,0.7586946415242468,0.6117539297003495,1.8688490015512993,0.005900999322271283,8b0158f363824c1785621af95d671715,experiment_linear_mchc
