Wavenumber (cm⁻¹),Importance,target_variable,Sample Type,Train Percentage,Model,Search Type,RMSE,MAE,MAPE,R²
1047.164463617799,0.007456508788545213,leukocytes,CAPILAR,0.8,MLP Regressor,GridSearchCV,1.3341638528260769,1.1179576208514503,18.551980795730273,0.21010202087323848
1045.235983942628,0.007426568315738599,leukocytes,CAPILAR,0.8,MLP Regressor,GridSearchCV,1.3341638528260769,1.1179576208514503,18.551980795730273,0.21010202087323848
1049.092943292969,0.007171710461058746,leukocytes,CAPILAR,0.8,MLP Regressor,GridSearchCV,1.3341638528260769,1.1179576208514503,18.551980795730273,0.21010202087323848
1043.307504267457,0.0070990026194999705,leukocytes,CAPILAR,0.8,MLP Regressor,GridSearchCV,1.3341638528260769,1.1179576208514503,18.551980795730273,0.21010202087323848
1076.091658745362,0.006828697603830796,leukocytes,CAPILAR,0.8,MLP Regressor,GridSearchCV,1.3341638528260769,1.1179576208514503,18.551980795730273,0.21010202087323848
1078.020138420533,0.006822301997426089,leukocytes,CAPILAR,0.8,MLP Regressor,GridSearchCV,1.3341638528260769,1.1179576208514503,18.551980795730273,0.21010202087323848
1079.948618095704,0.006740689781796022,leukocytes,CAPILAR,0.8,MLP Regressor,GridSearchCV,1.3341638528260769,1.1179576208514503,18.551980795730273,0.21010202087323848
1074.163179070191,0.006685199893350648,leukocytes,CAPILAR,0.8,MLP Regressor,GridSearchCV,1.3341638528260769,1.1179576208514503,18.551980795730273,0.21010202087323848
1051.021422968141,0.006651091387044636,leukocytes,CAPILAR,0.8,MLP Regressor,GridSearchCV,1.3341638528260769,1.1179576208514503,18.551980795730273,0.21010202087323848
1081.877097770875,0.0066178397911801105,leukocytes,CAPILAR,0.8,MLP Regressor,GridSearchCV,1.3341638528260769,1.1179576208514503,18.551980795730273,0.21010202087323848
1041.379024592286,0.006571290508519056,leukocytes,CAPILAR,0.8,MLP Regressor,GridSearchCV,1.3341638528260769,1.1179576208514503,18.551980795730273,0.21010202087323848
1072.23469939502,0.006523695249662033,leukocytes,CAPILAR,0.8,MLP Regressor,GridSearchCV,1.3341638528260769,1.1179576208514503,18.551980795730273,0.21010202087323848
3048.926366445193,0.006349048042000404,leukocytes,CAPILAR,0.8,MLP Regressor,GridSearchCV,1.3341638528260769,1.1179576208514503,18.551980795730273,0.21010202087323848
1083.805577446046,0.006349019902349807,leukocytes,CAPILAR,0.8,MLP Regressor,GridSearchCV,1.3341638528260769,1.1179576208514503,18.551980795730273,0.21010202087323848
1070.306219719849,0.0062857308848730115,leukocytes,CAPILAR,0.8,MLP Regressor,GridSearchCV,1.3341638528260769,1.1179576208514503,18.551980795730273,0.21010202087323848
1353.792731969972,0.006224213171983439,leukocytes,CAPILAR,0.8,MLP Regressor,GridSearchCV,1.3341638528260769,1.1179576208514503,18.551980795730273,0.21010202087323848
1355.721211645143,0.0062235546964358995,leukocytes,CAPILAR,0.8,MLP Regressor,GridSearchCV,1.3341638528260769,1.1179576208514503,18.551980795730273,0.21010202087323848
1357.649691320314,0.006205994562433659,leukocytes,CAPILAR,0.8,MLP Regressor,GridSearchCV,1.3341638528260769,1.1179576208514503,18.551980795730273,0.21010202087323848
1359.578170995484,0.0061714873761206344,leukocytes,CAPILAR,0.8,MLP Regressor,GridSearchCV,1.3341638528260769,1.1179576208514503,18.551980795730273,0.21010202087323848
1351.864252294801,0.00614320691473922,leukocytes,CAPILAR,0.8,MLP Regressor,GridSearchCV,1.3341638528260769,1.1179576208514503,18.551980795730273,0.21010202087323848
1078.020138420533,0.01578818415426524,leukocytes,CAPILAR,0.8,MLP Regressor,GridSearchCV,1.519490082825823,1.3071798596257094,22.289657059409436,-0.0245859655947247
1039.450544917115,0.009863629040697893,leukocytes,CAPILAR,0.8,MLP Regressor,GridSearchCV,1.519490082825823,1.3071798596257094,22.289657059409436,-0.0245859655947247
1070.306219719849,0.008939641763398877,leukocytes,CAPILAR,0.8,MLP Regressor,GridSearchCV,1.519490082825823,1.3071798596257094,22.289657059409436,-0.0245859655947247
1105.018853872926,0.007685926086849171,leukocytes,CAPILAR,0.8,MLP Regressor,GridSearchCV,1.519490082825823,1.3071798596257094,22.289657059409436,-0.0245859655947247
1085.734057121217,0.007636507131643186,leukocytes,CAPILAR,0.8,MLP Regressor,GridSearchCV,1.519490082825823,1.3071798596257094,22.289657059409436,-0.0245859655947247
1112.732772573609,0.0073367069658513764,leukocytes,CAPILAR,0.8,MLP Regressor,GridSearchCV,1.519490082825823,1.3071798596257094,22.289657059409436,-0.0245859655947247
1106.947333548097,0.00697049856935814,leukocytes,CAPILAR,0.8,MLP Regressor,GridSearchCV,1.519490082825823,1.3071798596257094,22.289657059409436,-0.0245859655947247
1024.022707515748,0.00683637848181569,leukocytes,CAPILAR,0.8,MLP Regressor,GridSearchCV,1.519490082825823,1.3071798596257094,22.289657059409436,-0.0245859655947247
1060.663821343995,0.006555421429279675,leukocytes,CAPILAR,0.8,MLP Regressor,GridSearchCV,1.519490082825823,1.3071798596257094,22.289657059409436,-0.0245859655947247
1056.806861993653,0.006537744083846034,leukocytes,CAPILAR,0.8,MLP Regressor,GridSearchCV,1.519490082825823,1.3071798596257094,22.289657059409436,-0.0245859655947247
1037.522065241944,0.006504899320068726,leukocytes,CAPILAR,0.8,MLP Regressor,GridSearchCV,1.519490082825823,1.3071798596257094,22.289657059409436,-0.0245859655947247
1079.948618095704,0.006499750386419663,leukocytes,CAPILAR,0.8,MLP Regressor,GridSearchCV,1.519490082825823,1.3071798596257094,22.289657059409436,-0.0245859655947247
975.8107156364754,0.006403951174444175,leukocytes,CAPILAR,0.8,MLP Regressor,GridSearchCV,1.519490082825823,1.3071798596257094,22.289657059409436,-0.0245859655947247
970.0252766109629,0.006213313532953398,leukocytes,CAPILAR,0.8,MLP Regressor,GridSearchCV,1.519490082825823,1.3071798596257094,22.289657059409436,-0.0245859655947247
1126.232130299806,0.006023914988621308,leukocytes,CAPILAR,0.8,MLP Regressor,GridSearchCV,1.519490082825823,1.3071798596257094,22.289657059409436,-0.0245859655947247
1058.735341668824,0.0058878664164203785,leukocytes,CAPILAR,0.8,MLP Regressor,GridSearchCV,1.519490082825823,1.3071798596257094,22.289657059409436,-0.0245859655947247
1122.375170949464,0.005886978765272959,leukocytes,CAPILAR,0.8,MLP Regressor,GridSearchCV,1.519490082825823,1.3071798596257094,22.289657059409436,-0.0245859655947247
958.4543985599371,0.005775153833663634,leukocytes,CAPILAR,0.8,MLP Regressor,GridSearchCV,1.519490082825823,1.3071798596257094,22.289657059409436,-0.0245859655947247
948.812000184083,0.005768439572045332,leukocytes,CAPILAR,0.8,MLP Regressor,GridSearchCV,1.519490082825823,1.3071798596257094,22.289657059409436,-0.0245859655947247
1367.292089696168,0.005716131593608306,leukocytes,CAPILAR,0.8,MLP Regressor,GridSearchCV,1.519490082825823,1.3071798596257094,22.289657059409436,-0.0245859655947247
1047.164463617799,0.007456508788545524,leukocytes,CAPILAR,0.8,MLP Regressor,GridSearchCV,1.3341638528260698,1.1179576208514466,18.55198079573018,0.21010202087324714
1045.235983942628,0.007426568315738908,leukocytes,CAPILAR,0.8,MLP Regressor,GridSearchCV,1.3341638528260698,1.1179576208514466,18.55198079573018,0.21010202087324714
1049.092943292969,0.00717171046105905,leukocytes,CAPILAR,0.8,MLP Regressor,GridSearchCV,1.3341638528260698,1.1179576208514466,18.55198079573018,0.21010202087324714
1043.307504267457,0.007099002619500278,leukocytes,CAPILAR,0.8,MLP Regressor,GridSearchCV,1.3341638528260698,1.1179576208514466,18.55198079573018,0.21010202087324714
1076.091658745362,0.0068286976038309955,leukocytes,CAPILAR,0.8,MLP Regressor,GridSearchCV,1.3341638528260698,1.1179576208514466,18.55198079573018,0.21010202087324714
1078.020138420533,0.006822301997426271,leukocytes,CAPILAR,0.8,MLP Regressor,GridSearchCV,1.3341638528260698,1.1179576208514466,18.55198079573018,0.21010202087324714
1079.948618095704,0.006740689781796194,leukocytes,CAPILAR,0.8,MLP Regressor,GridSearchCV,1.3341638528260698,1.1179576208514466,18.55198079573018,0.21010202087324714
1074.163179070191,0.00668519989335086,leukocytes,CAPILAR,0.8,MLP Regressor,GridSearchCV,1.3341638528260698,1.1179576208514466,18.55198079573018,0.21010202087324714
1051.021422968141,0.006651091387044927,leukocytes,CAPILAR,0.8,MLP Regressor,GridSearchCV,1.3341638528260698,1.1179576208514466,18.55198079573018,0.21010202087324714
1081.877097770875,0.006617839791180286,leukocytes,CAPILAR,0.8,MLP Regressor,GridSearchCV,1.3341638528260698,1.1179576208514466,18.55198079573018,0.21010202087324714
1041.379024592286,0.006571290508519367,leukocytes,CAPILAR,0.8,MLP Regressor,GridSearchCV,1.3341638528260698,1.1179576208514466,18.55198079573018,0.21010202087324714
1072.23469939502,0.0065236952496622565,leukocytes,CAPILAR,0.8,MLP Regressor,GridSearchCV,1.3341638528260698,1.1179576208514466,18.55198079573018,0.21010202087324714
3048.926366445193,0.006349048042000083,leukocytes,CAPILAR,0.8,MLP Regressor,GridSearchCV,1.3341638528260698,1.1179576208514466,18.55198079573018,0.21010202087324714
1083.805577446046,0.006349019902349987,leukocytes,CAPILAR,0.8,MLP Regressor,GridSearchCV,1.3341638528260698,1.1179576208514466,18.55198079573018,0.21010202087324714
1070.306219719849,0.006285730884873242,leukocytes,CAPILAR,0.8,MLP Regressor,GridSearchCV,1.3341638528260698,1.1179576208514466,18.55198079573018,0.21010202087324714
1353.792731969972,0.006224213171983122,leukocytes,CAPILAR,0.8,MLP Regressor,GridSearchCV,1.3341638528260698,1.1179576208514466,18.55198079573018,0.21010202087324714
1355.721211645143,0.0062235546964355855,leukocytes,CAPILAR,0.8,MLP Regressor,GridSearchCV,1.3341638528260698,1.1179576208514466,18.55198079573018,0.21010202087324714
1357.649691320314,0.006205994562433343,leukocytes,CAPILAR,0.8,MLP Regressor,GridSearchCV,1.3341638528260698,1.1179576208514466,18.55198079573018,0.21010202087324714
1359.578170995484,0.006171487376120316,leukocytes,CAPILAR,0.8,MLP Regressor,GridSearchCV,1.3341638528260698,1.1179576208514466,18.55198079573018,0.21010202087324714
1351.864252294801,0.006143206914738906,leukocytes,CAPILAR,0.8,MLP Regressor,GridSearchCV,1.3341638528260698,1.1179576208514466,18.55198079573018,0.21010202087324714
1546.640699487062,0.02192331669708364,leukocytes,CAPILAR,0.8,MLP Regressor,GridSearchCV,1.6043916623447878,1.3315500059020555,23.158359186229134,-0.14228232194461166
1556.283097862916,0.020090563017722832,leukocytes,CAPILAR,0.8,MLP Regressor,GridSearchCV,1.6043916623447878,1.3315500059020555,23.158359186229134,-0.14228232194461166
1544.712219811891,0.016580835325358128,leukocytes,CAPILAR,0.8,MLP Regressor,GridSearchCV,1.6043916623447878,1.3315500059020555,23.158359186229134,-0.14228232194461166
1563.9970165636,0.016541370568132163,leukocytes,CAPILAR,0.8,MLP Regressor,GridSearchCV,1.6043916623447878,1.3315500059020555,23.158359186229134,-0.14228232194461166
1548.569179162233,0.01552806559756296,leukocytes,CAPILAR,0.8,MLP Regressor,GridSearchCV,1.6043916623447878,1.3315500059020555,23.158359186229134,-0.14228232194461166
1550.497658837404,0.01503435576751544,leukocytes,CAPILAR,0.8,MLP Regressor,GridSearchCV,1.6043916623447878,1.3315500059020555,23.158359186229134,-0.14228232194461166
1540.855260461549,0.014465285015209748,leukocytes,CAPILAR,0.8,MLP Regressor,GridSearchCV,1.6043916623447878,1.3315500059020555,23.158359186229134,-0.14228232194461166
1660.421000322145,0.013680668127145447,leukocytes,CAPILAR,0.8,MLP Regressor,GridSearchCV,1.6043916623447878,1.3315500059020555,23.158359186229134,-0.14228232194461166
1542.78374013672,0.01271309700154785,leukocytes,CAPILAR,0.8,MLP Regressor,GridSearchCV,1.6043916623447878,1.3315500059020555,23.158359186229134,-0.14228232194461166
1533.141341760865,0.012346837379080395,leukocytes,CAPILAR,0.8,MLP Regressor,GridSearchCV,1.6043916623447878,1.3315500059020555,23.158359186229134,-0.14228232194461166
1567.853975913942,0.010906283576752199,leukocytes,CAPILAR,0.8,MLP Regressor,GridSearchCV,1.6043916623447878,1.3315500059020555,23.158359186229134,-0.14228232194461166
1658.492520646974,0.010831822257899356,leukocytes,CAPILAR,0.8,MLP Regressor,GridSearchCV,1.6043916623447878,1.3315500059020555,23.158359186229134,-0.14228232194461166
1573.639414939454,0.010739564387496809,leukocytes,CAPILAR,0.8,MLP Regressor,GridSearchCV,1.6043916623447878,1.3315500059020555,23.158359186229134,-0.14228232194461166
1654.635561296632,0.010715422359240272,leukocytes,CAPILAR,0.8,MLP Regressor,GridSearchCV,1.6043916623447878,1.3315500059020555,23.158359186229134,-0.14228232194461166
1656.564040971803,0.01065666083374214,leukocytes,CAPILAR,0.8,MLP Regressor,GridSearchCV,1.6043916623447878,1.3315500059020555,23.158359186229134,-0.14228232194461166
1535.069821436036,0.010215522202490033,leukocytes,CAPILAR,0.8,MLP Regressor,GridSearchCV,1.6043916623447878,1.3315500059020555,23.158359186229134,-0.14228232194461166
1536.998301111207,0.010110821710059675,leukocytes,CAPILAR,0.8,MLP Regressor,GridSearchCV,1.6043916623447878,1.3315500059020555,23.158359186229134,-0.14228232194461166
1652.707081621461,0.009824221720034044,leukocytes,CAPILAR,0.8,MLP Regressor,GridSearchCV,1.6043916623447878,1.3315500059020555,23.158359186229134,-0.14228232194461166
1664.277959672487,0.008777329406737781,leukocytes,CAPILAR,0.8,MLP Regressor,GridSearchCV,1.6043916623447878,1.3315500059020555,23.158359186229134,-0.14228232194461166
1625.708366169069,0.008500310532110054,leukocytes,CAPILAR,0.8,MLP Regressor,GridSearchCV,1.6043916623447878,1.3315500059020555,23.158359186229134,-0.14228232194461166
1160.944764452882,0.004154735011579424,leukocytes,PLASMA,0.8,MLP Regressor,GridSearchCV,2.134823566002341,1.6003958188296739,25.857727045684758,-0.7027803622511648
1162.873244128053,0.004149035497375365,leukocytes,PLASMA,0.8,MLP Regressor,GridSearchCV,2.134823566002341,1.6003958188296739,25.857727045684758,-0.7027803622511648
1159.016284777711,0.004033656559943086,leukocytes,PLASMA,0.8,MLP Regressor,GridSearchCV,2.134823566002341,1.6003958188296739,25.857727045684758,-0.7027803622511648
1157.08780510254,0.003953985453207574,leukocytes,PLASMA,0.8,MLP Regressor,GridSearchCV,2.134823566002341,1.6003958188296739,25.857727045684758,-0.7027803622511648
1151.302366077027,0.003940832045435051,leukocytes,PLASMA,0.8,MLP Regressor,GridSearchCV,2.134823566002341,1.6003958188296739,25.857727045684758,-0.7027803622511648
1164.801723803224,0.0039206557143971945,leukocytes,PLASMA,0.8,MLP Regressor,GridSearchCV,2.134823566002341,1.6003958188296739,25.857727045684758,-0.7027803622511648
1153.230845752198,0.003916944067378723,leukocytes,PLASMA,0.8,MLP Regressor,GridSearchCV,2.134823566002341,1.6003958188296739,25.857727045684758,-0.7027803622511648
1155.159325427369,0.0038950654378601224,leukocytes,PLASMA,0.8,MLP Regressor,GridSearchCV,2.134823566002341,1.6003958188296739,25.857727045684758,-0.7027803622511648
1149.373886401856,0.003742243989051727,leukocytes,PLASMA,0.8,MLP Regressor,GridSearchCV,2.134823566002341,1.6003958188296739,25.857727045684758,-0.7027803622511648
1166.730203478395,0.003620571430195458,leukocytes,PLASMA,0.8,MLP Regressor,GridSearchCV,2.134823566002341,1.6003958188296739,25.857727045684758,-0.7027803622511648
1147.445406726686,0.003493271192999581,leukocytes,PLASMA,0.8,MLP Regressor,GridSearchCV,2.134823566002341,1.6003958188296739,25.857727045684758,-0.7027803622511648
1145.516927051515,0.0033366527756365787,leukocytes,PLASMA,0.8,MLP Regressor,GridSearchCV,2.134823566002341,1.6003958188296739,25.857727045684758,-0.7027803622511648
1168.658683153565,0.0032124611344719707,leukocytes,PLASMA,0.8,MLP Regressor,GridSearchCV,2.134823566002341,1.6003958188296739,25.857727045684758,-0.7027803622511648
2645.874114334475,0.0031792144759187862,leukocytes,PLASMA,0.8,MLP Regressor,GridSearchCV,2.134823566002341,1.6003958188296739,25.857727045684758,-0.7027803622511648
1143.588447376344,0.0031629841566572885,leukocytes,PLASMA,0.8,MLP Regressor,GridSearchCV,2.134823566002341,1.6003958188296739,25.857727045684758,-0.7027803622511648
2647.802594009645,0.003146813655129563,leukocytes,PLASMA,0.8,MLP Regressor,GridSearchCV,2.134823566002341,1.6003958188296739,25.857727045684758,-0.7027803622511648
2674.801309462038,0.0031174363869955093,leukocytes,PLASMA,0.8,MLP Regressor,GridSearchCV,2.134823566002341,1.6003958188296739,25.857727045684758,-0.7027803622511648
2634.303236283449,0.0031158502067479632,leukocytes,PLASMA,0.8,MLP Regressor,GridSearchCV,2.134823566002341,1.6003958188296739,25.857727045684758,-0.7027803622511648
2643.945634659304,0.0031154488032426623,leukocytes,PLASMA,0.8,MLP Regressor,GridSearchCV,2.134823566002341,1.6003958188296739,25.857727045684758,-0.7027803622511648
2676.729789137209,0.003091850643215581,leukocytes,PLASMA,0.8,MLP Regressor,GridSearchCV,2.134823566002341,1.6003958188296739,25.857727045684758,-0.7027803622511648
2950.573903011477,0.008274121969571582,leukocytes,PLASMA,0.8,MLP Regressor,GridSearchCV,1.9837190364462294,1.4470936272216965,21.952011446580848,-0.4702628315499362
2811.723366399172,0.008140099318363573,leukocytes,PLASMA,0.8,MLP Regressor,GridSearchCV,1.9837190364462294,1.4470936272216965,21.952011446580848,-0.4702628315499362
2859.935358278445,0.007300744798331156,leukocytes,PLASMA,0.8,MLP Regressor,GridSearchCV,1.9837190364462294,1.4470936272216965,21.952011446580848,-0.4702628315499362
2701.800024914431,0.007092736438443782,leukocytes,PLASMA,0.8,MLP Regressor,GridSearchCV,1.9837190364462294,1.4470936272216965,21.952011446580848,-0.4702628315499362
2829.07968347571,0.007054889003988061,leukocytes,PLASMA,0.8,MLP Regressor,GridSearchCV,1.9837190364462294,1.4470936272216965,21.952011446580848,-0.4702628315499362
3008.428293266604,0.007051609465404375,leukocytes,PLASMA,0.8,MLP Regressor,GridSearchCV,1.9837190364462294,1.4470936272216965,21.952011446580848,-0.4702628315499362
2792.438569647463,0.006735877308936818,leukocytes,PLASMA,0.8,MLP Regressor,GridSearchCV,1.9837190364462294,1.4470936272216965,21.952011446580848,-0.4702628315499362
2804.009447698489,0.0064980151276646594,leukocytes,PLASMA,0.8,MLP Regressor,GridSearchCV,1.9837190364462294,1.4470936272216965,21.952011446580848,-0.4702628315499362
2819.437285099856,0.006236388742048644,leukocytes,PLASMA,0.8,MLP Regressor,GridSearchCV,1.9837190364462294,1.4470936272216965,21.952011446580848,-0.4702628315499362
2838.722081851565,0.006040806995673691,leukocytes,PLASMA,0.8,MLP Regressor,GridSearchCV,1.9837190364462294,1.4470936272216965,21.952011446580848,-0.4702628315499362
2778.939211921267,0.00593332344596567,leukocytes,PLASMA,0.8,MLP Regressor,GridSearchCV,1.9837190364462294,1.4470936272216965,21.952011446580848,-0.4702628315499362
2751.940496468874,0.005872169279082051,leukocytes,PLASMA,0.8,MLP Regressor,GridSearchCV,1.9837190364462294,1.4470936272216965,21.952011446580848,-0.4702628315499362
2848.364480227419,0.005834982787148933,leukocytes,PLASMA,0.8,MLP Regressor,GridSearchCV,1.9837190364462294,1.4470936272216965,21.952011446580848,-0.4702628315499362
2813.651846074343,0.00573353633079654,leukocytes,PLASMA,0.8,MLP Regressor,GridSearchCV,1.9837190364462294,1.4470936272216965,21.952011446580848,-0.4702628315499362
2900.433431457033,0.005570099879511574,leukocytes,PLASMA,0.8,MLP Regressor,GridSearchCV,1.9837190364462294,1.4470936272216965,21.952011446580848,-0.4702628315499362
2846.436000552248,0.0055368638132601835,leukocytes,PLASMA,0.8,MLP Regressor,GridSearchCV,1.9837190364462294,1.4470936272216965,21.952011446580848,-0.4702628315499362
2759.654415169558,0.005429637914033772,leukocytes,PLASMA,0.8,MLP Regressor,GridSearchCV,1.9837190364462294,1.4470936272216965,21.952011446580848,-0.4702628315499362
2825.222724125369,0.005363193078678854,leukocytes,PLASMA,0.8,MLP Regressor,GridSearchCV,1.9837190364462294,1.4470936272216965,21.952011446580848,-0.4702628315499362
2879.220155030153,0.00530213182187774,leukocytes,PLASMA,0.8,MLP Regressor,GridSearchCV,1.9837190364462294,1.4470936272216965,21.952011446580848,-0.4702628315499362
2757.725935494387,0.005269226491729332,leukocytes,PLASMA,0.8,MLP Regressor,GridSearchCV,1.9837190364462294,1.4470936272216965,21.952011446580848,-0.4702628315499362
1160.944764452882,0.004154735011579636,leukocytes,PLASMA,0.8,MLP Regressor,GridSearchCV,2.134823566002315,1.600395818829657,25.857727045684477,-0.702780362251124
1162.873244128053,0.004149035497375591,leukocytes,PLASMA,0.8,MLP Regressor,GridSearchCV,2.134823566002315,1.600395818829657,25.857727045684477,-0.702780362251124
1159.016284777711,0.004033656559943276,leukocytes,PLASMA,0.8,MLP Regressor,GridSearchCV,2.134823566002315,1.600395818829657,25.857727045684477,-0.702780362251124
1157.08780510254,0.003953985453207739,leukocytes,PLASMA,0.8,MLP Regressor,GridSearchCV,2.134823566002315,1.600395818829657,25.857727045684477,-0.702780362251124
1151.302366077027,0.003940832045435146,leukocytes,PLASMA,0.8,MLP Regressor,GridSearchCV,2.134823566002315,1.600395818829657,25.857727045684477,-0.702780362251124
1164.801723803224,0.003920655714397415,leukocytes,PLASMA,0.8,MLP Regressor,GridSearchCV,2.134823566002315,1.600395818829657,25.857727045684477,-0.702780362251124
1153.230845752198,0.003916944067378838,leukocytes,PLASMA,0.8,MLP Regressor,GridSearchCV,2.134823566002315,1.600395818829657,25.857727045684477,-0.702780362251124
1155.159325427369,0.003895065437860262,leukocytes,PLASMA,0.8,MLP Regressor,GridSearchCV,2.134823566002315,1.600395818829657,25.857727045684477,-0.702780362251124
1149.373886401856,0.003742243989051797,leukocytes,PLASMA,0.8,MLP Regressor,GridSearchCV,2.134823566002315,1.600395818829657,25.857727045684477,-0.702780362251124
1166.730203478395,0.0036205714301956607,leukocytes,PLASMA,0.8,MLP Regressor,GridSearchCV,2.134823566002315,1.600395818829657,25.857727045684477,-0.702780362251124
1147.445406726686,0.0034932711929996237,leukocytes,PLASMA,0.8,MLP Regressor,GridSearchCV,2.134823566002315,1.600395818829657,25.857727045684477,-0.702780362251124
1145.516927051515,0.0033366527756365934,leukocytes,PLASMA,0.8,MLP Regressor,GridSearchCV,2.134823566002315,1.600395818829657,25.857727045684477,-0.702780362251124
1168.658683153565,0.003212461134472157,leukocytes,PLASMA,0.8,MLP Regressor,GridSearchCV,2.134823566002315,1.600395818829657,25.857727045684477,-0.702780362251124
2645.874114334475,0.0031792144759187043,leukocytes,PLASMA,0.8,MLP Regressor,GridSearchCV,2.134823566002315,1.600395818829657,25.857727045684477,-0.702780362251124
1143.588447376344,0.003162984156657267,leukocytes,PLASMA,0.8,MLP Regressor,GridSearchCV,2.134823566002315,1.600395818829657,25.857727045684477,-0.702780362251124
2647.802594009645,0.003146813655129475,leukocytes,PLASMA,0.8,MLP Regressor,GridSearchCV,2.134823566002315,1.600395818829657,25.857727045684477,-0.702780362251124
2674.801309462038,0.003117436386995382,leukocytes,PLASMA,0.8,MLP Regressor,GridSearchCV,2.134823566002315,1.600395818829657,25.857727045684477,-0.702780362251124
2634.303236283449,0.0031158502067478943,leukocytes,PLASMA,0.8,MLP Regressor,GridSearchCV,2.134823566002315,1.600395818829657,25.857727045684477,-0.702780362251124
2643.945634659304,0.0031154488032425834,leukocytes,PLASMA,0.8,MLP Regressor,GridSearchCV,2.134823566002315,1.600395818829657,25.857727045684477,-0.702780362251124
2676.729789137209,0.0030918506432154433,leukocytes,PLASMA,0.8,MLP Regressor,GridSearchCV,2.134823566002315,1.600395818829657,25.857727045684477,-0.702780362251124
1535.069821436036,0.017206360447043014,leukocytes,PLASMA,0.8,MLP Regressor,GridSearchCV,1.7357097667487098,1.37933256602429,24.830124394982224,-0.125612405418966
1610.280528767702,0.016454554179333628,leukocytes,PLASMA,0.8,MLP Regressor,GridSearchCV,1.7357097667487098,1.37933256602429,24.830124394982224,-0.125612405418966
1536.998301111207,0.015313031569210322,leukocytes,PLASMA,0.8,MLP Regressor,GridSearchCV,1.7357097667487098,1.37933256602429,24.830124394982224,-0.125612405418966
1519.641984034669,0.014808802794630843,leukocytes,PLASMA,0.8,MLP Regressor,GridSearchCV,1.7357097667487098,1.37933256602429,24.830124394982224,-0.125612405418966
1548.569179162233,0.012760118744726228,leukocytes,PLASMA,0.8,MLP Regressor,GridSearchCV,1.7357097667487098,1.37933256602429,24.830124394982224,-0.125612405418966
1604.495089742189,0.012572565030902367,leukocytes,PLASMA,0.8,MLP Regressor,GridSearchCV,1.7357097667487098,1.37933256602429,24.830124394982224,-0.125612405418966
1600.638130391847,0.012479544837702741,leukocytes,PLASMA,0.8,MLP Regressor,GridSearchCV,1.7357097667487098,1.37933256602429,24.830124394982224,-0.125612405418966
1544.712219811891,0.011959624607983107,leukocytes,PLASMA,0.8,MLP Regressor,GridSearchCV,1.7357097667487098,1.37933256602429,24.830124394982224,-0.125612405418966
1602.566610067018,0.01191977711140669,leukocytes,PLASMA,0.8,MLP Regressor,GridSearchCV,1.7357097667487098,1.37933256602429,24.830124394982224,-0.125612405418966
1596.781171041505,0.011222731520215502,leukocytes,PLASMA,0.8,MLP Regressor,GridSearchCV,1.7357097667487098,1.37933256602429,24.830124394982224,-0.125612405418966
1540.855260461549,0.010586046941859887,leukocytes,PLASMA,0.8,MLP Regressor,GridSearchCV,1.7357097667487098,1.37933256602429,24.830124394982224,-0.125612405418966
1635.350764544923,0.010396631512354431,leukocytes,PLASMA,0.8,MLP Regressor,GridSearchCV,1.7357097667487098,1.37933256602429,24.830124394982224,-0.125612405418966
1509.999585658815,0.010247745726218067,leukocytes,PLASMA,0.8,MLP Regressor,GridSearchCV,1.7357097667487098,1.37933256602429,24.830124394982224,-0.125612405418966
1371.14904904651,0.009678274600574712,leukocytes,PLASMA,0.8,MLP Regressor,GridSearchCV,1.7357097667487098,1.37933256602429,24.830124394982224,-0.125612405418966
1361.506650670656,0.00967475021452168,leukocytes,PLASMA,0.8,MLP Regressor,GridSearchCV,1.7357097667487098,1.37933256602429,24.830124394982224,-0.125612405418966
1619.922927143556,0.009608314359918038,leukocytes,PLASMA,0.8,MLP Regressor,GridSearchCV,1.7357097667487098,1.37933256602429,24.830124394982224,-0.125612405418966
1322.937057167237,0.009517556448115257,leukocytes,PLASMA,0.8,MLP Regressor,GridSearchCV,1.7357097667487098,1.37933256602429,24.830124394982224,-0.125612405418966
931.4556831075452,0.008812270407108165,leukocytes,PLASMA,0.8,MLP Regressor,GridSearchCV,1.7357097667487098,1.37933256602429,24.830124394982224,-0.125612405418966
1525.427423060182,0.008781403214681346,leukocytes,PLASMA,0.8,MLP Regressor,GridSearchCV,1.7357097667487098,1.37933256602429,24.830124394982224,-0.125612405418966
1521.57046370984,0.008693887703763057,leukocytes,PLASMA,0.8,MLP Regressor,GridSearchCV,1.7357097667487098,1.37933256602429,24.830124394982224,-0.125612405418966
3021.9276509928,0.0036903875429160227,leukocytes,SALIVA,0.8,MLP Regressor,GridSearchCV,2.069382471357988,1.7208270123309632,31.070970204796648,-0.2820835723585853
3019.999171317629,0.0036591146934203825,leukocytes,SALIVA,0.8,MLP Regressor,GridSearchCV,2.069382471357988,1.7208270123309632,31.070970204796648,-0.2820835723585853
3023.856130667971,0.003614995805877111,leukocytes,SALIVA,0.8,MLP Regressor,GridSearchCV,2.069382471357988,1.7208270123309632,31.070970204796648,-0.2820835723585853
3018.070691642458,0.003595820641816235,leukocytes,SALIVA,0.8,MLP Regressor,GridSearchCV,2.069382471357988,1.7208270123309632,31.070970204796648,-0.2820835723585853
3016.142211967287,0.0035214904774364822,leukocytes,SALIVA,0.8,MLP Regressor,GridSearchCV,2.069382471357988,1.7208270123309632,31.070970204796648,-0.2820835723585853
3014.213732292117,0.0034643991516301645,leukocytes,SALIVA,0.8,MLP Regressor,GridSearchCV,2.069382471357988,1.7208270123309632,31.070970204796648,-0.2820835723585853
3025.784610343142,0.00345944142224503,leukocytes,SALIVA,0.8,MLP Regressor,GridSearchCV,2.069382471357988,1.7208270123309632,31.070970204796648,-0.2820835723585853
3012.285252616945,0.0034285193948507117,leukocytes,SALIVA,0.8,MLP Regressor,GridSearchCV,2.069382471357988,1.7208270123309632,31.070970204796648,-0.2820835723585853
3006.499813591433,0.0034118036644612167,leukocytes,SALIVA,0.8,MLP Regressor,GridSearchCV,2.069382471357988,1.7208270123309632,31.070970204796648,-0.2820835723585853
3008.428293266604,0.0033987170825209145,leukocytes,SALIVA,0.8,MLP Regressor,GridSearchCV,2.069382471357988,1.7208270123309632,31.070970204796648,-0.2820835723585853
3010.356772941775,0.0033882819858413243,leukocytes,SALIVA,0.8,MLP Regressor,GridSearchCV,2.069382471357988,1.7208270123309632,31.070970204796648,-0.2820835723585853
3004.571333916262,0.003299005351918285,leukocytes,SALIVA,0.8,MLP Regressor,GridSearchCV,2.069382471357988,1.7208270123309632,31.070970204796648,-0.2820835723585853
3027.713090018313,0.003221364263302047,leukocytes,SALIVA,0.8,MLP Regressor,GridSearchCV,2.069382471357988,1.7208270123309632,31.070970204796648,-0.2820835723585853
3002.642854241091,0.0031192439291668245,leukocytes,SALIVA,0.8,MLP Regressor,GridSearchCV,2.069382471357988,1.7208270123309632,31.070970204796648,-0.2820835723585853
3000.71437456592,0.0029414268055471147,leukocytes,SALIVA,0.8,MLP Regressor,GridSearchCV,2.069382471357988,1.7208270123309632,31.070970204796648,-0.2820835723585853
3029.641569693484,0.0029190588196221215,leukocytes,SALIVA,0.8,MLP Regressor,GridSearchCV,2.069382471357988,1.7208270123309632,31.070970204796648,-0.2820835723585853
2998.785894890749,0.0027571098514420195,leukocytes,SALIVA,0.8,MLP Regressor,GridSearchCV,2.069382471357988,1.7208270123309632,31.070970204796648,-0.2820835723585853
2809.794886724001,0.002750741748964453,leukocytes,SALIVA,0.8,MLP Regressor,GridSearchCV,2.069382471357988,1.7208270123309632,31.070970204796648,-0.2820835723585853
2807.86640704883,0.0027344545906469717,leukocytes,SALIVA,0.8,MLP Regressor,GridSearchCV,2.069382471357988,1.7208270123309632,31.070970204796648,-0.2820835723585853
2811.723366399172,0.0027055257003305486,leukocytes,SALIVA,0.8,MLP Regressor,GridSearchCV,2.069382471357988,1.7208270123309632,31.070970204796648,-0.2820835723585853
1600.638130391847,0.006185943555118583,leukocytes,SALIVA,0.8,MLP Regressor,GridSearchCV,1.9332598651212551,1.6141249457645954,28.410177463692705,-0.11896183302419217
1423.218000276124,0.0056135874168376865,leukocytes,SALIVA,0.8,MLP Regressor,GridSearchCV,1.9332598651212551,1.6141249457645954,28.410177463692705,-0.11896183302419217
1695.133634475221,0.005215973948892933,leukocytes,SALIVA,0.8,MLP Regressor,GridSearchCV,1.9332598651212551,1.6141249457645954,28.410177463692705,-0.11896183302419217
1411.647122225099,0.00475931225936676,leukocytes,SALIVA,0.8,MLP Regressor,GridSearchCV,1.9332598651212551,1.6141249457645954,28.410177463692705,-0.11896183302419217
1550.497658837404,0.0047092344500032765,leukocytes,SALIVA,0.8,MLP Regressor,GridSearchCV,1.9332598651212551,1.6141249457645954,28.410177463692705,-0.11896183302419217
1787.700658883424,0.004335286254051163,leukocytes,SALIVA,0.8,MLP Regressor,GridSearchCV,1.9332598651212551,1.6141249457645954,28.410177463692705,-0.11896183302419217
1126.232130299806,0.004302609855057124,leukocytes,SALIVA,0.8,MLP Regressor,GridSearchCV,1.9332598651212551,1.6141249457645954,28.410177463692705,-0.11896183302419217
1097.304935172242,0.004092839180855804,leukocytes,SALIVA,0.8,MLP Regressor,GridSearchCV,1.9332598651212551,1.6141249457645954,28.410177463692705,-0.11896183302419217
2748.083537118532,0.003906284654651155,leukocytes,SALIVA,0.8,MLP Regressor,GridSearchCV,1.9332598651212551,1.6141249457645954,28.410177463692705,-0.11896183302419217
1284.367463663819,0.003877117773632664,leukocytes,SALIVA,0.8,MLP Regressor,GridSearchCV,1.9332598651212551,1.6141249457645954,28.410177463692705,-0.11896183302419217
1469.501512480226,0.0038548268820857144,leukocytes,SALIVA,0.8,MLP Regressor,GridSearchCV,1.9332598651212551,1.6141249457645954,28.410177463692705,-0.11896183302419217
1517.713504359498,0.003819079186441963,leukocytes,SALIVA,0.8,MLP Regressor,GridSearchCV,1.9332598651212551,1.6141249457645954,28.410177463692705,-0.11896183302419217
1079.948618095704,0.003788930278273642,leukocytes,SALIVA,0.8,MLP Regressor,GridSearchCV,1.9332598651212551,1.6141249457645954,28.410177463692705,-0.11896183302419217
2703.728504589601,0.00378591905496709,leukocytes,SALIVA,0.8,MLP Regressor,GridSearchCV,1.9332598651212551,1.6141249457645954,28.410177463692705,-0.11896183302419217
1064.520780694337,0.003778996939315136,leukocytes,SALIVA,0.8,MLP Regressor,GridSearchCV,1.9332598651212551,1.6141249457645954,28.410177463692705,-0.11896183302419217
1745.274106029664,0.0037739163538381727,leukocytes,SALIVA,0.8,MLP Regressor,GridSearchCV,1.9332598651212551,1.6141249457645954,28.410177463692705,-0.11896183302419217
1357.649691320314,0.0036872490165739914,leukocytes,SALIVA,0.8,MLP Regressor,GridSearchCV,1.9332598651212551,1.6141249457645954,28.410177463692705,-0.11896183302419217
1737.560187328981,0.0036552710555266404,leukocytes,SALIVA,0.8,MLP Regressor,GridSearchCV,1.9332598651212551,1.6141249457645954,28.410177463692705,-0.11896183302419217
3043.14092741968,0.0036395474944132277,leukocytes,SALIVA,0.8,MLP Regressor,GridSearchCV,1.9332598651212551,1.6141249457645954,28.410177463692705,-0.11896183302419217
2624.660837907595,0.0036377838181027994,leukocytes,SALIVA,0.8,MLP Regressor,GridSearchCV,1.9332598651212551,1.6141249457645954,28.410177463692705,-0.11896183302419217
3021.9276509928,0.0036903875429445897,leukocytes,SALIVA,0.8,MLP Regressor,GridSearchCV,2.069382471358015,1.7208270123309937,31.070970204797305,-0.28208357235861925
3019.999171317629,0.00365911469344739,leukocytes,SALIVA,0.8,MLP Regressor,GridSearchCV,2.069382471358015,1.7208270123309937,31.070970204797305,-0.28208357235861925
3023.856130667971,0.0036149958059056844,leukocytes,SALIVA,0.8,MLP Regressor,GridSearchCV,2.069382471358015,1.7208270123309937,31.070970204797305,-0.28208357235861925
3018.070691642458,0.003595820641841633,leukocytes,SALIVA,0.8,MLP Regressor,GridSearchCV,2.069382471358015,1.7208270123309937,31.070970204797305,-0.28208357235861925
3016.142211967287,0.003521490477459946,leukocytes,SALIVA,0.8,MLP Regressor,GridSearchCV,2.069382471358015,1.7208270123309937,31.070970204797305,-0.28208357235861925
3014.213732292117,0.0034643991516524505,leukocytes,SALIVA,0.8,MLP Regressor,GridSearchCV,2.069382471358015,1.7208270123309937,31.070970204797305,-0.28208357235861925
3025.784610343142,0.0034594414222714584,leukocytes,SALIVA,0.8,MLP Regressor,GridSearchCV,2.069382471358015,1.7208270123309937,31.070970204797305,-0.28208357235861925
3012.285252616945,0.003428519394872682,leukocytes,SALIVA,0.8,MLP Regressor,GridSearchCV,2.069382471358015,1.7208270123309937,31.070970204797305,-0.28208357235861925
3006.499813591433,0.0034118036644793124,leukocytes,SALIVA,0.8,MLP Regressor,GridSearchCV,2.069382471358015,1.7208270123309937,31.070970204797305,-0.28208357235861925
3008.428293266604,0.0033987170825405524,leukocytes,SALIVA,0.8,MLP Regressor,GridSearchCV,2.069382471358015,1.7208270123309937,31.070970204797305,-0.28208357235861925
3010.356772941775,0.003388281985862227,leukocytes,SALIVA,0.8,MLP Regressor,GridSearchCV,2.069382471358015,1.7208270123309937,31.070970204797305,-0.28208357235861925
3004.571333916262,0.0032990053519332675,leukocytes,SALIVA,0.8,MLP Regressor,GridSearchCV,2.069382471358015,1.7208270123309937,31.070970204797305,-0.28208357235861925
3027.713090018313,0.00322136426332578,leukocytes,SALIVA,0.8,MLP Regressor,GridSearchCV,2.069382471358015,1.7208270123309937,31.070970204797305,-0.28208357235861925
3002.642854241091,0.003119243929178371,leukocytes,SALIVA,0.8,MLP Regressor,GridSearchCV,2.069382471358015,1.7208270123309937,31.070970204797305,-0.28208357235861925
3000.71437456592,0.0029414268055558343,leukocytes,SALIVA,0.8,MLP Regressor,GridSearchCV,2.069382471358015,1.7208270123309937,31.070970204797305,-0.28208357235861925
3029.641569693484,0.0029190588196429863,leukocytes,SALIVA,0.8,MLP Regressor,GridSearchCV,2.069382471358015,1.7208270123309937,31.070970204797305,-0.28208357235861925
2998.785894890749,0.0027571098514480937,leukocytes,SALIVA,0.8,MLP Regressor,GridSearchCV,2.069382471358015,1.7208270123309937,31.070970204797305,-0.28208357235861925
2809.794886724001,0.002750741748968635,leukocytes,SALIVA,0.8,MLP Regressor,GridSearchCV,2.069382471358015,1.7208270123309937,31.070970204797305,-0.28208357235861925
2807.86640704883,0.0027344545906506745,leukocytes,SALIVA,0.8,MLP Regressor,GridSearchCV,2.069382471358015,1.7208270123309937,31.070970204797305,-0.28208357235861925
2811.723366399172,0.002705525700334384,leukocytes,SALIVA,0.8,MLP Regressor,GridSearchCV,2.069382471358015,1.7208270123309937,31.070970204797305,-0.28208357235861925
1550.497658837404,0.01115677917428726,leukocytes,SALIVA,0.8,MLP Regressor,GridSearchCV,1.8689473958700378,1.449050107977587,24.88067107304579,-0.04575261387881846
1548.569179162233,0.011001224782955902,leukocytes,SALIVA,0.8,MLP Regressor,GridSearchCV,1.8689473958700378,1.449050107977587,24.88067107304579,-0.04575261387881846
1554.354618187745,0.01030989476630797,leukocytes,SALIVA,0.8,MLP Regressor,GridSearchCV,1.8689473958700378,1.449050107977587,24.88067107304579,-0.04575261387881846
1552.426138512574,0.009547156451831162,leukocytes,SALIVA,0.8,MLP Regressor,GridSearchCV,1.8689473958700378,1.449050107977587,24.88067107304579,-0.04575261387881846
1542.78374013672,0.0093325734020635,leukocytes,SALIVA,0.8,MLP Regressor,GridSearchCV,1.8689473958700378,1.449050107977587,24.88067107304579,-0.04575261387881846
1544.712219811891,0.009319964129505753,leukocytes,SALIVA,0.8,MLP Regressor,GridSearchCV,1.8689473958700378,1.449050107977587,24.88067107304579,-0.04575261387881846
1533.141341760865,0.008910144914202757,leukocytes,SALIVA,0.8,MLP Regressor,GridSearchCV,1.8689473958700378,1.449050107977587,24.88067107304579,-0.04575261387881846
1546.640699487062,0.008678419709982406,leukocytes,SALIVA,0.8,MLP Regressor,GridSearchCV,1.8689473958700378,1.449050107977587,24.88067107304579,-0.04575261387881846
1556.283097862916,0.00829393149508114,leukocytes,SALIVA,0.8,MLP Regressor,GridSearchCV,1.8689473958700378,1.449050107977587,24.88067107304579,-0.04575261387881846
1538.926780786378,0.008234716132257534,leukocytes,SALIVA,0.8,MLP Regressor,GridSearchCV,1.8689473958700378,1.449050107977587,24.88067107304579,-0.04575261387881846
1531.212862085695,0.00817193032658263,leukocytes,SALIVA,0.8,MLP Regressor,GridSearchCV,1.8689473958700378,1.449050107977587,24.88067107304579,-0.04575261387881846
1648.85012227112,0.007891861697911288,leukocytes,SALIVA,0.8,MLP Regressor,GridSearchCV,1.8689473958700378,1.449050107977587,24.88067107304579,-0.04575261387881846
1668.134919022829,0.007816155188566152,leukocytes,SALIVA,0.8,MLP Regressor,GridSearchCV,1.8689473958700378,1.449050107977587,24.88067107304579,-0.04575261387881846
1413.57560190027,0.007762669006915802,leukocytes,SALIVA,0.8,MLP Regressor,GridSearchCV,1.8689473958700378,1.449050107977587,24.88067107304579,-0.04575261387881846
1641.136203570436,0.007761628759077845,leukocytes,SALIVA,0.8,MLP Regressor,GridSearchCV,1.8689473958700378,1.449050107977587,24.88067107304579,-0.04575261387881846
1616.065967793214,0.007716486635444757,leukocytes,SALIVA,0.8,MLP Regressor,GridSearchCV,1.8689473958700378,1.449050107977587,24.88067107304579,-0.04575261387881846
1415.504081575441,0.007598496683167801,leukocytes,SALIVA,0.8,MLP Regressor,GridSearchCV,1.8689473958700378,1.449050107977587,24.88067107304579,-0.04575261387881846
1671.99187837317,0.007397954728141355,leukocytes,SALIVA,0.8,MLP Regressor,GridSearchCV,1.8689473958700378,1.449050107977587,24.88067107304579,-0.04575261387881846
1633.422284869752,0.007370343099477195,leukocytes,SALIVA,0.8,MLP Regressor,GridSearchCV,1.8689473958700378,1.449050107977587,24.88067107304579,-0.04575261387881846
1619.922927143556,0.007340998468822069,leukocytes,SALIVA,0.8,MLP Regressor,GridSearchCV,1.8689473958700378,1.449050107977587,24.88067107304579,-0.04575261387881846
929.5272034323739,,leukocytes,SERUM,0.8,MLP Regressor,GridSearchCV,1.6784365079545427,1.3326920695475035,19.963768923146425,-0.027930601201853422
2568.734927327639,,leukocytes,SERUM,0.8,MLP Regressor,GridSearchCV,1.6784365079545427,1.3326920695475035,19.963768923146425,-0.027930601201853422
2551.378610251101,,leukocytes,SERUM,0.8,MLP Regressor,GridSearchCV,1.6784365079545427,1.3326920695475035,19.963768923146425,-0.027930601201853422
2553.307089926272,,leukocytes,SERUM,0.8,MLP Regressor,GridSearchCV,1.6784365079545427,1.3326920695475035,19.963768923146425,-0.027930601201853422
2555.235569601442,,leukocytes,SERUM,0.8,MLP Regressor,GridSearchCV,1.6784365079545427,1.3326920695475035,19.963768923146425,-0.027930601201853422
2557.164049276613,,leukocytes,SERUM,0.8,MLP Regressor,GridSearchCV,1.6784365079545427,1.3326920695475035,19.963768923146425,-0.027930601201853422
2559.092528951784,,leukocytes,SERUM,0.8,MLP Regressor,GridSearchCV,1.6784365079545427,1.3326920695475035,19.963768923146425,-0.027930601201853422
2561.021008626955,,leukocytes,SERUM,0.8,MLP Regressor,GridSearchCV,1.6784365079545427,1.3326920695475035,19.963768923146425,-0.027930601201853422
2562.949488302126,,leukocytes,SERUM,0.8,MLP Regressor,GridSearchCV,1.6784365079545427,1.3326920695475035,19.963768923146425,-0.027930601201853422
2564.877967977297,,leukocytes,SERUM,0.8,MLP Regressor,GridSearchCV,1.6784365079545427,1.3326920695475035,19.963768923146425,-0.027930601201853422
2566.806447652468,,leukocytes,SERUM,0.8,MLP Regressor,GridSearchCV,1.6784365079545427,1.3326920695475035,19.963768923146425,-0.027930601201853422
2570.663407002809,,leukocytes,SERUM,0.8,MLP Regressor,GridSearchCV,1.6784365079545427,1.3326920695475035,19.963768923146425,-0.027930601201853422
2547.521650900759,,leukocytes,SERUM,0.8,MLP Regressor,GridSearchCV,1.6784365079545427,1.3326920695475035,19.963768923146425,-0.027930601201853422
2572.59188667798,,leukocytes,SERUM,0.8,MLP Regressor,GridSearchCV,1.6784365079545427,1.3326920695475035,19.963768923146425,-0.027930601201853422
2574.520366353152,,leukocytes,SERUM,0.8,MLP Regressor,GridSearchCV,1.6784365079545427,1.3326920695475035,19.963768923146425,-0.027930601201853422
2576.448846028322,,leukocytes,SERUM,0.8,MLP Regressor,GridSearchCV,1.6784365079545427,1.3326920695475035,19.963768923146425,-0.027930601201853422
2578.377325703493,,leukocytes,SERUM,0.8,MLP Regressor,GridSearchCV,1.6784365079545427,1.3326920695475035,19.963768923146425,-0.027930601201853422
2580.305805378664,,leukocytes,SERUM,0.8,MLP Regressor,GridSearchCV,1.6784365079545427,1.3326920695475035,19.963768923146425,-0.027930601201853422
2582.234285053835,,leukocytes,SERUM,0.8,MLP Regressor,GridSearchCV,1.6784365079545427,1.3326920695475035,19.963768923146425,-0.027930601201853422
2584.162764729006,,leukocytes,SERUM,0.8,MLP Regressor,GridSearchCV,1.6784365079545427,1.3326920695475035,19.963768923146425,-0.027930601201853422
1211.085236007325,0.007024159359466067,leukocytes,SERUM,0.8,MLP Regressor,GridSearchCV,1.9086861615380424,1.5017726100538353,25.65863105451591,-0.32930001571846956
1197.585878281129,0.006544039299443988,leukocytes,SERUM,0.8,MLP Regressor,GridSearchCV,1.9086861615380424,1.5017726100538353,25.65863105451591,-0.32930001571846956
1255.440268536256,0.006130630467418563,leukocytes,SERUM,0.8,MLP Regressor,GridSearchCV,1.9086861615380424,1.5017726100538353,25.65863105451591,-0.32930001571846956
1779.986740182741,0.005881535156394566,leukocytes,SERUM,0.8,MLP Regressor,GridSearchCV,1.9086861615380424,1.5017726100538353,25.65863105451591,-0.32930001571846956
2805.937927373659,0.005690840707267219,leukocytes,SERUM,0.8,MLP Regressor,GridSearchCV,1.9086861615380424,1.5017726100538353,25.65863105451591,-0.32930001571846956
2750.012016793703,0.005252902185474,leukocytes,SERUM,0.8,MLP Regressor,GridSearchCV,1.9086861615380424,1.5017726100538353,25.65863105451591,-0.32930001571846956
2890.791033081179,0.0051852795314558916,leukocytes,SERUM,0.8,MLP Regressor,GridSearchCV,1.9086861615380424,1.5017726100538353,25.65863105451591,-0.32930001571846956
2906.218870482546,0.005082090323003123,leukocytes,SERUM,0.8,MLP Regressor,GridSearchCV,1.9086861615380424,1.5017726100538353,25.65863105451591,-0.32930001571846956
1213.013715682496,0.005032783096255624,leukocytes,SERUM,0.8,MLP Regressor,GridSearchCV,1.9086861615380424,1.5017726100538353,25.65863105451591,-0.32930001571846956
1216.870675032838,0.005025971571994742,leukocytes,SERUM,0.8,MLP Regressor,GridSearchCV,1.9086861615380424,1.5017726100538353,25.65863105451591,-0.32930001571846956
2782.796171271609,0.004967953431401666,leukocytes,SERUM,0.8,MLP Regressor,GridSearchCV,1.9086861615380424,1.5017726100538353,25.65863105451591,-0.32930001571846956
1240.012431134889,0.0048044716414019075,leukocytes,SERUM,0.8,MLP Regressor,GridSearchCV,1.9086861615380424,1.5017726100538353,25.65863105451591,-0.32930001571846956
2746.155057443361,0.004755033550417394,leukocytes,SERUM,0.8,MLP Regressor,GridSearchCV,1.9086861615380424,1.5017726100538353,25.65863105451591,-0.32930001571846956
1776.129780832399,0.004621824578689369,leukocytes,SERUM,0.8,MLP Regressor,GridSearchCV,1.9086861615380424,1.5017726100538353,25.65863105451591,-0.32930001571846956
1072.23469939502,0.004515626728250082,leukocytes,SERUM,0.8,MLP Regressor,GridSearchCV,1.9086861615380424,1.5017726100538353,25.65863105451591,-0.32930001571846956
2541.736211875246,0.004412501171902772,leukocytes,SERUM,0.8,MLP Regressor,GridSearchCV,1.9086861615380424,1.5017726100538353,25.65863105451591,-0.32930001571846956
1785.772179208253,0.004348069264517274,leukocytes,SERUM,0.8,MLP Regressor,GridSearchCV,1.9086861615380424,1.5017726100538353,25.65863105451591,-0.32930001571846956
1238.083951459718,0.004156618511381492,leukocytes,SERUM,0.8,MLP Regressor,GridSearchCV,1.9086861615380424,1.5017726100538353,25.65863105451591,-0.32930001571846956
2771.225293220583,0.004133386815508352,leukocytes,SERUM,0.8,MLP Regressor,GridSearchCV,1.9086861615380424,1.5017726100538353,25.65863105451591,-0.32930001571846956
2711.442423290285,0.0040617820656622455,leukocytes,SERUM,0.8,MLP Regressor,GridSearchCV,1.9086861615380424,1.5017726100538353,25.65863105451591,-0.32930001571846956
929.5272034323739,,leukocytes,SERUM,0.8,MLP Regressor,GridSearchCV,1.678436507954544,1.3326920695475042,19.963768923146414,-0.027930601201854977
2568.734927327639,,leukocytes,SERUM,0.8,MLP Regressor,GridSearchCV,1.678436507954544,1.3326920695475042,19.963768923146414,-0.027930601201854977
2551.378610251101,,leukocytes,SERUM,0.8,MLP Regressor,GridSearchCV,1.678436507954544,1.3326920695475042,19.963768923146414,-0.027930601201854977
2553.307089926272,,leukocytes,SERUM,0.8,MLP Regressor,GridSearchCV,1.678436507954544,1.3326920695475042,19.963768923146414,-0.027930601201854977
2555.235569601442,,leukocytes,SERUM,0.8,MLP Regressor,GridSearchCV,1.678436507954544,1.3326920695475042,19.963768923146414,-0.027930601201854977
2557.164049276613,,leukocytes,SERUM,0.8,MLP Regressor,GridSearchCV,1.678436507954544,1.3326920695475042,19.963768923146414,-0.027930601201854977
2559.092528951784,,leukocytes,SERUM,0.8,MLP Regressor,GridSearchCV,1.678436507954544,1.3326920695475042,19.963768923146414,-0.027930601201854977
2561.021008626955,,leukocytes,SERUM,0.8,MLP Regressor,GridSearchCV,1.678436507954544,1.3326920695475042,19.963768923146414,-0.027930601201854977
2562.949488302126,,leukocytes,SERUM,0.8,MLP Regressor,GridSearchCV,1.678436507954544,1.3326920695475042,19.963768923146414,-0.027930601201854977
2564.877967977297,,leukocytes,SERUM,0.8,MLP Regressor,GridSearchCV,1.678436507954544,1.3326920695475042,19.963768923146414,-0.027930601201854977
2566.806447652468,,leukocytes,SERUM,0.8,MLP Regressor,GridSearchCV,1.678436507954544,1.3326920695475042,19.963768923146414,-0.027930601201854977
2570.663407002809,,leukocytes,SERUM,0.8,MLP Regressor,GridSearchCV,1.678436507954544,1.3326920695475042,19.963768923146414,-0.027930601201854977
2547.521650900759,,leukocytes,SERUM,0.8,MLP Regressor,GridSearchCV,1.678436507954544,1.3326920695475042,19.963768923146414,-0.027930601201854977
2572.59188667798,,leukocytes,SERUM,0.8,MLP Regressor,GridSearchCV,1.678436507954544,1.3326920695475042,19.963768923146414,-0.027930601201854977
2574.520366353152,,leukocytes,SERUM,0.8,MLP Regressor,GridSearchCV,1.678436507954544,1.3326920695475042,19.963768923146414,-0.027930601201854977
2576.448846028322,,leukocytes,SERUM,0.8,MLP Regressor,GridSearchCV,1.678436507954544,1.3326920695475042,19.963768923146414,-0.027930601201854977
2578.377325703493,,leukocytes,SERUM,0.8,MLP Regressor,GridSearchCV,1.678436507954544,1.3326920695475042,19.963768923146414,-0.027930601201854977
2580.305805378664,,leukocytes,SERUM,0.8,MLP Regressor,GridSearchCV,1.678436507954544,1.3326920695475042,19.963768923146414,-0.027930601201854977
2582.234285053835,,leukocytes,SERUM,0.8,MLP Regressor,GridSearchCV,1.678436507954544,1.3326920695475042,19.963768923146414,-0.027930601201854977
2584.162764729006,,leukocytes,SERUM,0.8,MLP Regressor,GridSearchCV,1.678436507954544,1.3326920695475042,19.963768923146414,-0.027930601201854977
1654.635561296632,0.01639403784969428,leukocytes,SERUM,0.8,MLP Regressor,GridSearchCV,1.6434334450914794,1.3031911803025262,20.278521116008683,0.01449642914679461
1662.349479997316,0.014890417234120807,leukocytes,SERUM,0.8,MLP Regressor,GridSearchCV,1.6434334450914794,1.3031911803025262,20.278521116008683,0.01449642914679461
1658.492520646974,0.014764835613224305,leukocytes,SERUM,0.8,MLP Regressor,GridSearchCV,1.6434334450914794,1.3031911803025262,20.278521116008683,0.01449642914679461
1652.707081621461,0.014553663325850414,leukocytes,SERUM,0.8,MLP Regressor,GridSearchCV,1.6434334450914794,1.3031911803025262,20.278521116008683,0.01449642914679461
1656.564040971803,0.01438198003522091,leukocytes,SERUM,0.8,MLP Regressor,GridSearchCV,1.6434334450914794,1.3031911803025262,20.278521116008683,0.01449642914679461
1660.421000322145,0.014377094151781364,leukocytes,SERUM,0.8,MLP Regressor,GridSearchCV,1.6434334450914794,1.3031911803025262,20.278521116008683,0.01449642914679461
1664.277959672487,0.010828535931758433,leukocytes,SERUM,0.8,MLP Regressor,GridSearchCV,1.6434334450914794,1.3031911803025262,20.278521116008683,0.01449642914679461
1637.279244220094,0.01071188585595788,leukocytes,SERUM,0.8,MLP Regressor,GridSearchCV,1.6434334450914794,1.3031911803025262,20.278521116008683,0.01449642914679461
1635.350764544923,0.010622706475049376,leukocytes,SERUM,0.8,MLP Regressor,GridSearchCV,1.6434334450914794,1.3031911803025262,20.278521116008683,0.01449642914679461
1666.206439347658,0.009609152839015738,leukocytes,SERUM,0.8,MLP Regressor,GridSearchCV,1.6434334450914794,1.3031911803025262,20.278521116008683,0.01449642914679461
1668.134919022829,0.009499047874296633,leukocytes,SERUM,0.8,MLP Regressor,GridSearchCV,1.6434334450914794,1.3031911803025262,20.278521116008683,0.01449642914679461
1633.422284869752,0.009464558375132317,leukocytes,SERUM,0.8,MLP Regressor,GridSearchCV,1.6434334450914794,1.3031911803025262,20.278521116008683,0.01449642914679461
1631.493805194581,0.008734682086379189,leukocytes,SERUM,0.8,MLP Regressor,GridSearchCV,1.6434334450914794,1.3031911803025262,20.278521116008683,0.01449642914679461
1641.136203570436,0.008213458355805933,leukocytes,SERUM,0.8,MLP Regressor,GridSearchCV,1.6434334450914794,1.3031911803025262,20.278521116008683,0.01449642914679461
1639.207723895265,0.008135655990969643,leukocytes,SERUM,0.8,MLP Regressor,GridSearchCV,1.6434334450914794,1.3031911803025262,20.278521116008683,0.01449642914679461
1650.77860194629,0.008079382670492435,leukocytes,SERUM,0.8,MLP Regressor,GridSearchCV,1.6434334450914794,1.3031911803025262,20.278521116008683,0.01449642914679461
1648.85012227112,0.008044164834294728,leukocytes,SERUM,0.8,MLP Regressor,GridSearchCV,1.6434334450914794,1.3031911803025262,20.278521116008683,0.01449642914679461
1629.56532551941,0.007045187191246257,leukocytes,SERUM,0.8,MLP Regressor,GridSearchCV,1.6434334450914794,1.3031911803025262,20.278521116008683,0.01449642914679461
1670.063398697999,0.006027913947586377,leukocytes,SERUM,0.8,MLP Regressor,GridSearchCV,1.6434334450914794,1.3031911803025262,20.278521116008683,0.01449642914679461
1671.99187837317,0.005813604149548547,leukocytes,SERUM,0.8,MLP Regressor,GridSearchCV,1.6434334450914794,1.3031911803025262,20.278521116008683,0.01449642914679461
1697.062114150392,0.005409760798757674,leukocytes,URINE,0.8,MLP Regressor,GridSearchCV,2.2259475556344457,1.7128675057790759,23.542315356288103,-0.8502915811770337
1695.133634475221,0.0052978587656055415,leukocytes,URINE,0.8,MLP Regressor,GridSearchCV,2.2259475556344457,1.7128675057790759,23.542315356288103,-0.8502915811770337
1693.20515480005,0.005277792509386826,leukocytes,URINE,0.8,MLP Regressor,GridSearchCV,2.2259475556344457,1.7128675057790759,23.542315356288103,-0.8502915811770337
1698.990593825563,0.005274476660777914,leukocytes,URINE,0.8,MLP Regressor,GridSearchCV,2.2259475556344457,1.7128675057790759,23.542315356288103,-0.8502915811770337
1691.276675124879,0.005254503668099825,leukocytes,URINE,0.8,MLP Regressor,GridSearchCV,2.2259475556344457,1.7128675057790759,23.542315356288103,-0.8502915811770337
1700.919073500734,0.005209562461657309,leukocytes,URINE,0.8,MLP Regressor,GridSearchCV,2.2259475556344457,1.7128675057790759,23.542315356288103,-0.8502915811770337
1702.847553175905,0.005131439591275389,leukocytes,URINE,0.8,MLP Regressor,GridSearchCV,2.2259475556344457,1.7128675057790759,23.542315356288103,-0.8502915811770337
1704.776032851076,0.004888434067513679,leukocytes,URINE,0.8,MLP Regressor,GridSearchCV,2.2259475556344457,1.7128675057790759,23.542315356288103,-0.8502915811770337
1706.704512526246,0.004743890312242746,leukocytes,URINE,0.8,MLP Regressor,GridSearchCV,2.2259475556344457,1.7128675057790759,23.542315356288103,-0.8502915811770337
1689.348195449708,0.004646792534922029,leukocytes,URINE,0.8,MLP Regressor,GridSearchCV,2.2259475556344457,1.7128675057790759,23.542315356288103,-0.8502915811770337
1708.632992201417,0.004476668894563322,leukocytes,URINE,0.8,MLP Regressor,GridSearchCV,2.2259475556344457,1.7128675057790759,23.542315356288103,-0.8502915811770337
1687.419715774538,0.0041713685490532525,leukocytes,URINE,0.8,MLP Regressor,GridSearchCV,2.2259475556344457,1.7128675057790759,23.542315356288103,-0.8502915811770337
1710.561471876588,0.004060158161578675,leukocytes,URINE,0.8,MLP Regressor,GridSearchCV,2.2259475556344457,1.7128675057790759,23.542315356288103,-0.8502915811770337
1047.164463617799,0.003996630667398074,leukocytes,URINE,0.8,MLP Regressor,GridSearchCV,2.2259475556344457,1.7128675057790759,23.542315356288103,-0.8502915811770337
1045.235983942628,0.003987610424009164,leukocytes,URINE,0.8,MLP Regressor,GridSearchCV,2.2259475556344457,1.7128675057790759,23.542315356288103,-0.8502915811770337
1043.307504267457,0.003948934913179224,leukocytes,URINE,0.8,MLP Regressor,GridSearchCV,2.2259475556344457,1.7128675057790759,23.542315356288103,-0.8502915811770337
1049.092943292969,0.003939186877841209,leukocytes,URINE,0.8,MLP Regressor,GridSearchCV,2.2259475556344457,1.7128675057790759,23.542315356288103,-0.8502915811770337
1041.379024592286,0.003882214066592094,leukocytes,URINE,0.8,MLP Regressor,GridSearchCV,2.2259475556344457,1.7128675057790759,23.542315356288103,-0.8502915811770337
1051.021422968141,0.0037631548917539514,leukocytes,URINE,0.8,MLP Regressor,GridSearchCV,2.2259475556344457,1.7128675057790759,23.542315356288103,-0.8502915811770337
1039.450544917115,0.0037358967748469473,leukocytes,URINE,0.8,MLP Regressor,GridSearchCV,2.2259475556344457,1.7128675057790759,23.542315356288103,-0.8502915811770337
1411.647122225099,0.007967592853007474,leukocytes,URINE,0.8,MLP Regressor,GridSearchCV,2.7281346158111535,2.101915737225883,27.567447841275776,-1.7793414808837307
2805.937927373659,0.007227985418820752,leukocytes,URINE,0.8,MLP Regressor,GridSearchCV,2.7281346158111535,2.101915737225883,27.567447841275776,-1.7793414808837307
1781.915219857912,0.005573504263106499,leukocytes,URINE,0.8,MLP Regressor,GridSearchCV,2.7281346158111535,2.101915737225883,27.567447841275776,-1.7793414808837307
1035.593585566773,0.005480635997540274,leukocytes,URINE,0.8,MLP Regressor,GridSearchCV,2.7281346158111535,2.101915737225883,27.567447841275776,-1.7793414808837307
2952.502382686648,0.0054559906495460385,leukocytes,URINE,0.8,MLP Regressor,GridSearchCV,2.7281346158111535,2.101915737225883,27.567447841275776,-1.7793414808837307
2751.940496468874,0.005412421466851981,leukocytes,URINE,0.8,MLP Regressor,GridSearchCV,2.7281346158111535,2.101915737225883,27.567447841275776,-1.7793414808837307
2694.086106213747,0.005284982860435345,leukocytes,URINE,0.8,MLP Regressor,GridSearchCV,2.7281346158111535,2.101915737225883,27.567447841275776,-1.7793414808837307
1660.421000322145,0.0049339304374912095,leukocytes,URINE,0.8,MLP Regressor,GridSearchCV,2.7281346158111535,2.101915737225883,27.567447841275776,-1.7793414808837307
1552.426138512574,0.004917039454639709,leukocytes,URINE,0.8,MLP Regressor,GridSearchCV,2.7281346158111535,2.101915737225883,27.567447841275776,-1.7793414808837307
1733.703227978639,0.00480006843003335,leukocytes,URINE,0.8,MLP Regressor,GridSearchCV,2.7281346158111535,2.101915737225883,27.567447841275776,-1.7793414808837307
2763.5113745199,0.004662678282638878,leukocytes,URINE,0.8,MLP Regressor,GridSearchCV,2.7281346158111535,2.101915737225883,27.567447841275776,-1.7793414808837307
1506.142626308473,0.0046505345614494325,leukocytes,URINE,0.8,MLP Regressor,GridSearchCV,2.7281346158111535,2.101915737225883,27.567447841275776,-1.7793414808837307
2728.798740366823,0.004608029465482128,leukocytes,URINE,0.8,MLP Regressor,GridSearchCV,2.7281346158111535,2.101915737225883,27.567447841275776,-1.7793414808837307
2809.794886724001,0.004552622037437253,leukocytes,URINE,0.8,MLP Regressor,GridSearchCV,2.7281346158111535,2.101915737225883,27.567447841275776,-1.7793414808837307
1785.772179208253,0.004496975974072592,leukocytes,URINE,0.8,MLP Regressor,GridSearchCV,2.7281346158111535,2.101915737225883,27.567447841275776,-1.7793414808837307
1039.450544917115,0.0044177830732362615,leukocytes,URINE,0.8,MLP Regressor,GridSearchCV,2.7281346158111535,2.101915737225883,27.567447841275776,-1.7793414808837307
2744.226577768191,0.00431280077517176,leukocytes,URINE,0.8,MLP Regressor,GridSearchCV,2.7281346158111535,2.101915737225883,27.567447841275776,-1.7793414808837307
2913.93278918323,0.004284998449575071,leukocytes,URINE,0.8,MLP Regressor,GridSearchCV,2.7281346158111535,2.101915737225883,27.567447841275776,-1.7793414808837307
950.7404798592538,0.004277691700776357,leukocytes,URINE,0.8,MLP Regressor,GridSearchCV,2.7281346158111535,2.101915737225883,27.567447841275776,-1.7793414808837307
1722.132349927614,0.004203918799641826,leukocytes,URINE,0.8,MLP Regressor,GridSearchCV,2.7281346158111535,2.101915737225883,27.567447841275776,-1.7793414808837307
1697.062114150392,0.005409760798757715,leukocytes,URINE,0.8,MLP Regressor,GridSearchCV,2.2259475556344634,1.7128675057790865,23.542315356288242,-0.8502915811770637
1695.133634475221,0.005297858765605577,leukocytes,URINE,0.8,MLP Regressor,GridSearchCV,2.2259475556344634,1.7128675057790865,23.542315356288242,-0.8502915811770637
1693.20515480005,0.005277792509386858,leukocytes,URINE,0.8,MLP Regressor,GridSearchCV,2.2259475556344634,1.7128675057790865,23.542315356288242,-0.8502915811770637
1698.990593825563,0.005274476660777956,leukocytes,URINE,0.8,MLP Regressor,GridSearchCV,2.2259475556344634,1.7128675057790865,23.542315356288242,-0.8502915811770637
1691.276675124879,0.005254503668099855,leukocytes,URINE,0.8,MLP Regressor,GridSearchCV,2.2259475556344634,1.7128675057790865,23.542315356288242,-0.8502915811770637
1700.919073500734,0.005209562461657352,leukocytes,URINE,0.8,MLP Regressor,GridSearchCV,2.2259475556344634,1.7128675057790865,23.542315356288242,-0.8502915811770637
1702.847553175905,0.005131439591275434,leukocytes,URINE,0.8,MLP Regressor,GridSearchCV,2.2259475556344634,1.7128675057790865,23.542315356288242,-0.8502915811770637
1704.776032851076,0.004888434067513726,leukocytes,URINE,0.8,MLP Regressor,GridSearchCV,2.2259475556344634,1.7128675057790865,23.542315356288242,-0.8502915811770637
1706.704512526246,0.004743890312242795,leukocytes,URINE,0.8,MLP Regressor,GridSearchCV,2.2259475556344634,1.7128675057790865,23.542315356288242,-0.8502915811770637
1689.348195449708,0.004646792534922053,leukocytes,URINE,0.8,MLP Regressor,GridSearchCV,2.2259475556344634,1.7128675057790865,23.542315356288242,-0.8502915811770637
1708.632992201417,0.004476668894563373,leukocytes,URINE,0.8,MLP Regressor,GridSearchCV,2.2259475556344634,1.7128675057790865,23.542315356288242,-0.8502915811770637
1687.419715774538,0.0041713685490532715,leukocytes,URINE,0.8,MLP Regressor,GridSearchCV,2.2259475556344634,1.7128675057790865,23.542315356288242,-0.8502915811770637
1710.561471876588,0.004060158161578727,leukocytes,URINE,0.8,MLP Regressor,GridSearchCV,2.2259475556344634,1.7128675057790865,23.542315356288242,-0.8502915811770637
1047.164463617799,0.003996630667398112,leukocytes,URINE,0.8,MLP Regressor,GridSearchCV,2.2259475556344634,1.7128675057790865,23.542315356288242,-0.8502915811770637
1045.235983942628,0.003987610424009202,leukocytes,URINE,0.8,MLP Regressor,GridSearchCV,2.2259475556344634,1.7128675057790865,23.542315356288242,-0.8502915811770637
1043.307504267457,0.003948934913179262,leukocytes,URINE,0.8,MLP Regressor,GridSearchCV,2.2259475556344634,1.7128675057790865,23.542315356288242,-0.8502915811770637
1049.092943292969,0.003939186877841244,leukocytes,URINE,0.8,MLP Regressor,GridSearchCV,2.2259475556344634,1.7128675057790865,23.542315356288242,-0.8502915811770637
1041.379024592286,0.0038822140665921282,leukocytes,URINE,0.8,MLP Regressor,GridSearchCV,2.2259475556344634,1.7128675057790865,23.542315356288242,-0.8502915811770637
1051.021422968141,0.0037631548917539813,leukocytes,URINE,0.8,MLP Regressor,GridSearchCV,2.2259475556344634,1.7128675057790865,23.542315356288242,-0.8502915811770637
1039.450544917115,0.0037358967748469807,leukocytes,URINE,0.8,MLP Regressor,GridSearchCV,2.2259475556344634,1.7128675057790865,23.542315356288242,-0.8502915811770637
1079.948618095704,0.007871250396455969,leukocytes,URINE,0.8,MLP Regressor,GridSearchCV,1.6962384827716703,1.354218653530647,18.916001716383736,-0.07444487993287474
1490.714788907106,0.006964282162589882,leukocytes,URINE,0.8,MLP Regressor,GridSearchCV,1.6962384827716703,1.354218653530647,18.916001716383736,-0.07444487993287474
1074.163179070191,0.006516180639991923,leukocytes,URINE,0.8,MLP Regressor,GridSearchCV,1.6962384827716703,1.354218653530647,18.916001716383736,-0.07444487993287474
1078.020138420533,0.006140396215633373,leukocytes,URINE,0.8,MLP Regressor,GridSearchCV,1.6962384827716703,1.354218653530647,18.916001716383736,-0.07444487993287474
1498.428707607789,0.006007814052400998,leukocytes,URINE,0.8,MLP Regressor,GridSearchCV,1.6962384827716703,1.354218653530647,18.916001716383736,-0.07444487993287474
1085.734057121217,0.005913812927926676,leukocytes,URINE,0.8,MLP Regressor,GridSearchCV,1.6962384827716703,1.354218653530647,18.916001716383736,-0.07444487993287474
1083.805577446046,0.005826436009979528,leukocytes,URINE,0.8,MLP Regressor,GridSearchCV,1.6962384827716703,1.354218653530647,18.916001716383736,-0.07444487993287474
1089.591016471559,0.005730707301753769,leukocytes,URINE,0.8,MLP Regressor,GridSearchCV,1.6962384827716703,1.354218653530647,18.916001716383736,-0.07444487993287474
1087.662536796388,0.005714218501719634,leukocytes,URINE,0.8,MLP Regressor,GridSearchCV,1.6962384827716703,1.354218653530647,18.916001716383736,-0.07444487993287474
1081.877097770875,0.005622447531513072,leukocytes,URINE,0.8,MLP Regressor,GridSearchCV,1.6962384827716703,1.354218653530647,18.916001716383736,-0.07444487993287474
1492.643268582277,0.0055731584728159825,leukocytes,URINE,0.8,MLP Regressor,GridSearchCV,1.6962384827716703,1.354218653530647,18.916001716383736,-0.07444487993287474
1072.23469939502,0.005418792660176351,leukocytes,URINE,0.8,MLP Regressor,GridSearchCV,1.6962384827716703,1.354218653530647,18.916001716383736,-0.07444487993287474
1494.571748257448,0.005338503428950388,leukocytes,URINE,0.8,MLP Regressor,GridSearchCV,1.6962384827716703,1.354218653530647,18.916001716383736,-0.07444487993287474
1076.091658745362,0.005310553903405469,leukocytes,URINE,0.8,MLP Regressor,GridSearchCV,1.6962384827716703,1.354218653530647,18.916001716383736,-0.07444487993287474
1070.306219719849,0.005218410990695531,leukocytes,URINE,0.8,MLP Regressor,GridSearchCV,1.6962384827716703,1.354218653530647,18.916001716383736,-0.07444487993287474
1091.51949614673,0.005141425633830356,leukocytes,URINE,0.8,MLP Regressor,GridSearchCV,1.6962384827716703,1.354218653530647,18.916001716383736,-0.07444487993287474
1488.786309231935,0.004995738122620933,leukocytes,URINE,0.8,MLP Regressor,GridSearchCV,1.6962384827716703,1.354218653530647,18.916001716383736,-0.07444487993287474
1496.500227932618,0.004867208595323297,leukocytes,URINE,0.8,MLP Regressor,GridSearchCV,1.6962384827716703,1.354218653530647,18.916001716383736,-0.07444487993287474
1421.289520600953,0.00466667119102972,leukocytes,URINE,0.8,MLP Regressor,GridSearchCV,1.6962384827716703,1.354218653530647,18.916001716383736,-0.07444487993287474
1425.146479951295,0.0046024869784652145,leukocytes,URINE,0.8,MLP Regressor,GridSearchCV,1.6962384827716703,1.354218653530647,18.916001716383736,-0.07444487993287474
3048.926366445193,0.01608125930524166,leukocytes,CAPILAR,0.8,Random Forest Regressor,GridSearchCV,1.438833917560186,1.158779238029022,19.34631698346704,0.08129940714357109
1641.136203570436,0.013229840432650882,leukocytes,CAPILAR,0.8,Random Forest Regressor,GridSearchCV,1.438833917560186,1.158779238029022,19.34631698346704,0.08129940714357109
1639.207723895265,0.011649559036528192,leukocytes,CAPILAR,0.8,Random Forest Regressor,GridSearchCV,1.438833917560186,1.158779238029022,19.34631698346704,0.08129940714357109
1643.064683245607,0.010915070125628356,leukocytes,CAPILAR,0.8,Random Forest Regressor,GridSearchCV,1.438833917560186,1.158779238029022,19.34631698346704,0.08129940714357109
1637.279244220094,0.009512845607856297,leukocytes,CAPILAR,0.8,Random Forest Regressor,GridSearchCV,1.438833917560186,1.158779238029022,19.34631698346704,0.08129940714357109
3046.997886770022,0.008887136587709562,leukocytes,CAPILAR,0.8,Random Forest Regressor,GridSearchCV,1.438833917560186,1.158779238029022,19.34631698346704,0.08129940714357109
1602.566610067018,0.007779295642968561,leukocytes,CAPILAR,0.8,Random Forest Regressor,GridSearchCV,1.438833917560186,1.158779238029022,19.34631698346704,0.08129940714357109
1635.350764544923,0.007631258246075779,leukocytes,CAPILAR,0.8,Random Forest Regressor,GridSearchCV,1.438833917560186,1.158779238029022,19.34631698346704,0.08129940714357109
958.4543985599371,0.0071459027038823595,leukocytes,CAPILAR,0.8,Random Forest Regressor,GridSearchCV,1.438833917560186,1.158779238029022,19.34631698346704,0.08129940714357109
956.5259188847667,0.007053063633602675,leukocytes,CAPILAR,0.8,Random Forest Regressor,GridSearchCV,1.438833917560186,1.158779238029022,19.34631698346704,0.08129940714357109
1702.847553175905,0.007021317841579782,leukocytes,CAPILAR,0.8,Random Forest Regressor,GridSearchCV,1.438833917560186,1.158779238029022,19.34631698346704,0.08129940714357109
1700.919073500734,0.0064735974763782695,leukocytes,CAPILAR,0.8,Random Forest Regressor,GridSearchCV,1.438833917560186,1.158779238029022,19.34631698346704,0.08129940714357109
1633.422284869752,0.005896927814838087,leukocytes,CAPILAR,0.8,Random Forest Regressor,GridSearchCV,1.438833917560186,1.158779238029022,19.34631698346704,0.08129940714357109
960.3828782351084,0.005755516259956395,leukocytes,CAPILAR,0.8,Random Forest Regressor,GridSearchCV,1.438833917560186,1.158779238029022,19.34631698346704,0.08129940714357109
1644.993162920778,0.0056284284727695704,leukocytes,CAPILAR,0.8,Random Forest Regressor,GridSearchCV,1.438833917560186,1.158779238029022,19.34631698346704,0.08129940714357109
1704.776032851076,0.005405197597713768,leukocytes,CAPILAR,0.8,Random Forest Regressor,GridSearchCV,1.438833917560186,1.158779238029022,19.34631698346704,0.08129940714357109
1698.990593825563,0.005378275155173455,leukocytes,CAPILAR,0.8,Random Forest Regressor,GridSearchCV,1.438833917560186,1.158779238029022,19.34631698346704,0.08129940714357109
1033.665105891602,0.0052042389431783105,leukocytes,CAPILAR,0.8,Random Forest Regressor,GridSearchCV,1.438833917560186,1.158779238029022,19.34631698346704,0.08129940714357109
1604.495089742189,0.005058663707160069,leukocytes,CAPILAR,0.8,Random Forest Regressor,GridSearchCV,1.438833917560186,1.158779238029022,19.34631698346704,0.08129940714357109
1031.736626216432,0.005015203146317856,leukocytes,CAPILAR,0.8,Random Forest Regressor,GridSearchCV,1.438833917560186,1.158779238029022,19.34631698346704,0.08129940714357109
1369.220569371339,0.006637176462063878,leukocytes,CAPILAR,0.8,Random Forest Regressor,GridSearchCV,1.3423123557445988,1.05870641025641,17.41241509248975,0.20042383685094867
1382.719927097535,0.006302284750789744,leukocytes,CAPILAR,0.8,Random Forest Regressor,GridSearchCV,1.3423123557445988,1.05870641025641,17.41241509248975,0.20042383685094867
1691.276675124879,0.006097681727949242,leukocytes,CAPILAR,0.8,Random Forest Regressor,GridSearchCV,1.3423123557445988,1.05870641025641,17.41241509248975,0.20042383685094867
2512.809016747683,0.006095425963074701,leukocytes,CAPILAR,0.8,Random Forest Regressor,GridSearchCV,1.3423123557445988,1.05870641025641,17.41241509248975,0.20042383685094867
1373.077528721681,0.0059065619620237075,leukocytes,CAPILAR,0.8,Random Forest Regressor,GridSearchCV,1.3423123557445988,1.05870641025641,17.41241509248975,0.20042383685094867
1238.083951459718,0.005480819962698693,leukocytes,CAPILAR,0.8,Random Forest Regressor,GridSearchCV,1.3423123557445988,1.05870641025641,17.41241509248975,0.20042383685094867
1349.93577261963,0.005459320063501392,leukocytes,CAPILAR,0.8,Random Forest Regressor,GridSearchCV,1.3423123557445988,1.05870641025641,17.41241509248975,0.20042383685094867
1274.725065287965,0.005414426949012172,leukocytes,CAPILAR,0.8,Random Forest Regressor,GridSearchCV,1.3423123557445988,1.05870641025641,17.41241509248975,0.20042383685094867
1282.438983988648,0.005030404336225892,leukocytes,CAPILAR,0.8,Random Forest Regressor,GridSearchCV,1.3423123557445988,1.05870641025641,17.41241509248975,0.20042383685094867
1041.379024592286,0.00453738163589353,leukocytes,CAPILAR,0.8,Random Forest Regressor,GridSearchCV,1.3423123557445988,1.05870641025641,17.41241509248975,0.20042383685094867
2508.952057397341,0.004489337630111765,leukocytes,CAPILAR,0.8,Random Forest Regressor,GridSearchCV,1.3423123557445988,1.05870641025641,17.41241509248975,0.20042383685094867
1249.654829510743,0.004465622189729906,leukocytes,CAPILAR,0.8,Random Forest Regressor,GridSearchCV,1.3423123557445988,1.05870641025641,17.41241509248975,0.20042383685094867
1328.72249619275,0.004444252021206019,leukocytes,CAPILAR,0.8,Random Forest Regressor,GridSearchCV,1.3423123557445988,1.05870641025641,17.41241509248975,0.20042383685094867
2514.737496422853,0.004355525632740356,leukocytes,CAPILAR,0.8,Random Forest Regressor,GridSearchCV,1.3423123557445988,1.05870641025641,17.41241509248975,0.20042383685094867
1344.150333594117,0.0042310145323876565,leukocytes,CAPILAR,0.8,Random Forest Regressor,GridSearchCV,1.3423123557445988,1.05870641025641,17.41241509248975,0.20042383685094867
1359.578170995484,0.004177701544069392,leukocytes,CAPILAR,0.8,Random Forest Regressor,GridSearchCV,1.3423123557445988,1.05870641025641,17.41241509248975,0.20042383685094867
1704.776032851076,0.0041522737490134135,leukocytes,CAPILAR,0.8,Random Forest Regressor,GridSearchCV,1.3423123557445988,1.05870641025641,17.41241509248975,0.20042383685094867
966.1683172606208,0.004072233322647734,leukocytes,CAPILAR,0.8,Random Forest Regressor,GridSearchCV,1.3423123557445988,1.05870641025641,17.41241509248975,0.20042383685094867
1224.584593733522,0.004065091073052918,leukocytes,CAPILAR,0.8,Random Forest Regressor,GridSearchCV,1.3423123557445988,1.05870641025641,17.41241509248975,0.20042383685094867
1245.797870160402,0.004047725002039517,leukocytes,CAPILAR,0.8,Random Forest Regressor,GridSearchCV,1.3423123557445988,1.05870641025641,17.41241509248975,0.20042383685094867
3048.926366445193,0.01608125930524165,leukocytes,CAPILAR,0.8,Random Forest Regressor,GridSearchCV,1.438833917560186,1.158779238029022,19.34631698346704,0.08129940714357109
1641.136203570436,0.013229840432650884,leukocytes,CAPILAR,0.8,Random Forest Regressor,GridSearchCV,1.438833917560186,1.158779238029022,19.34631698346704,0.08129940714357109
1639.207723895265,0.011649559036528194,leukocytes,CAPILAR,0.8,Random Forest Regressor,GridSearchCV,1.438833917560186,1.158779238029022,19.34631698346704,0.08129940714357109
1643.064683245607,0.010915070125628354,leukocytes,CAPILAR,0.8,Random Forest Regressor,GridSearchCV,1.438833917560186,1.158779238029022,19.34631698346704,0.08129940714357109
1637.279244220094,0.009512845607856297,leukocytes,CAPILAR,0.8,Random Forest Regressor,GridSearchCV,1.438833917560186,1.158779238029022,19.34631698346704,0.08129940714357109
3046.997886770022,0.008887136587709565,leukocytes,CAPILAR,0.8,Random Forest Regressor,GridSearchCV,1.438833917560186,1.158779238029022,19.34631698346704,0.08129940714357109
1602.566610067018,0.007779295642968561,leukocytes,CAPILAR,0.8,Random Forest Regressor,GridSearchCV,1.438833917560186,1.158779238029022,19.34631698346704,0.08129940714357109
1635.350764544923,0.007631258246075784,leukocytes,CAPILAR,0.8,Random Forest Regressor,GridSearchCV,1.438833917560186,1.158779238029022,19.34631698346704,0.08129940714357109
958.4543985599371,0.007145902703882358,leukocytes,CAPILAR,0.8,Random Forest Regressor,GridSearchCV,1.438833917560186,1.158779238029022,19.34631698346704,0.08129940714357109
956.5259188847667,0.007053063633602676,leukocytes,CAPILAR,0.8,Random Forest Regressor,GridSearchCV,1.438833917560186,1.158779238029022,19.34631698346704,0.08129940714357109
1702.847553175905,0.007021317841579786,leukocytes,CAPILAR,0.8,Random Forest Regressor,GridSearchCV,1.438833917560186,1.158779238029022,19.34631698346704,0.08129940714357109
1700.919073500734,0.006473597476378269,leukocytes,CAPILAR,0.8,Random Forest Regressor,GridSearchCV,1.438833917560186,1.158779238029022,19.34631698346704,0.08129940714357109
1633.422284869752,0.005896927814838089,leukocytes,CAPILAR,0.8,Random Forest Regressor,GridSearchCV,1.438833917560186,1.158779238029022,19.34631698346704,0.08129940714357109
960.3828782351084,0.005755516259956395,leukocytes,CAPILAR,0.8,Random Forest Regressor,GridSearchCV,1.438833917560186,1.158779238029022,19.34631698346704,0.08129940714357109
1644.993162920778,0.005628428472769564,leukocytes,CAPILAR,0.8,Random Forest Regressor,GridSearchCV,1.438833917560186,1.158779238029022,19.34631698346704,0.08129940714357109
1704.776032851076,0.005405197597713771,leukocytes,CAPILAR,0.8,Random Forest Regressor,GridSearchCV,1.438833917560186,1.158779238029022,19.34631698346704,0.08129940714357109
1698.990593825563,0.005378275155173454,leukocytes,CAPILAR,0.8,Random Forest Regressor,GridSearchCV,1.438833917560186,1.158779238029022,19.34631698346704,0.08129940714357109
1033.665105891602,0.005204238943178312,leukocytes,CAPILAR,0.8,Random Forest Regressor,GridSearchCV,1.438833917560186,1.158779238029022,19.34631698346704,0.08129940714357109
1604.495089742189,0.005058663707160068,leukocytes,CAPILAR,0.8,Random Forest Regressor,GridSearchCV,1.438833917560186,1.158779238029022,19.34631698346704,0.08129940714357109
1031.736626216432,0.005015203146317858,leukocytes,CAPILAR,0.8,Random Forest Regressor,GridSearchCV,1.438833917560186,1.158779238029022,19.34631698346704,0.08129940714357109
1369.220569371339,0.006637176462063878,leukocytes,CAPILAR,0.8,Random Forest Regressor,GridSearchCV,1.3423123557445988,1.05870641025641,17.41241509248975,0.20042383685094867
1382.719927097535,0.006302284750789744,leukocytes,CAPILAR,0.8,Random Forest Regressor,GridSearchCV,1.3423123557445988,1.05870641025641,17.41241509248975,0.20042383685094867
1691.276675124879,0.006097681727949242,leukocytes,CAPILAR,0.8,Random Forest Regressor,GridSearchCV,1.3423123557445988,1.05870641025641,17.41241509248975,0.20042383685094867
2512.809016747683,0.006095425963074701,leukocytes,CAPILAR,0.8,Random Forest Regressor,GridSearchCV,1.3423123557445988,1.05870641025641,17.41241509248975,0.20042383685094867
1373.077528721681,0.0059065619620237075,leukocytes,CAPILAR,0.8,Random Forest Regressor,GridSearchCV,1.3423123557445988,1.05870641025641,17.41241509248975,0.20042383685094867
1238.083951459718,0.005480819962698693,leukocytes,CAPILAR,0.8,Random Forest Regressor,GridSearchCV,1.3423123557445988,1.05870641025641,17.41241509248975,0.20042383685094867
1349.93577261963,0.005459320063501392,leukocytes,CAPILAR,0.8,Random Forest Regressor,GridSearchCV,1.3423123557445988,1.05870641025641,17.41241509248975,0.20042383685094867
1274.725065287965,0.005414426949012172,leukocytes,CAPILAR,0.8,Random Forest Regressor,GridSearchCV,1.3423123557445988,1.05870641025641,17.41241509248975,0.20042383685094867
1282.438983988648,0.005030404336225892,leukocytes,CAPILAR,0.8,Random Forest Regressor,GridSearchCV,1.3423123557445988,1.05870641025641,17.41241509248975,0.20042383685094867
1041.379024592286,0.00453738163589353,leukocytes,CAPILAR,0.8,Random Forest Regressor,GridSearchCV,1.3423123557445988,1.05870641025641,17.41241509248975,0.20042383685094867
2508.952057397341,0.004489337630111765,leukocytes,CAPILAR,0.8,Random Forest Regressor,GridSearchCV,1.3423123557445988,1.05870641025641,17.41241509248975,0.20042383685094867
1249.654829510743,0.004465622189729906,leukocytes,CAPILAR,0.8,Random Forest Regressor,GridSearchCV,1.3423123557445988,1.05870641025641,17.41241509248975,0.20042383685094867
1328.72249619275,0.004444252021206019,leukocytes,CAPILAR,0.8,Random Forest Regressor,GridSearchCV,1.3423123557445988,1.05870641025641,17.41241509248975,0.20042383685094867
2514.737496422853,0.004355525632740356,leukocytes,CAPILAR,0.8,Random Forest Regressor,GridSearchCV,1.3423123557445988,1.05870641025641,17.41241509248975,0.20042383685094867
1344.150333594117,0.0042310145323876565,leukocytes,CAPILAR,0.8,Random Forest Regressor,GridSearchCV,1.3423123557445988,1.05870641025641,17.41241509248975,0.20042383685094867
1359.578170995484,0.004177701544069392,leukocytes,CAPILAR,0.8,Random Forest Regressor,GridSearchCV,1.3423123557445988,1.05870641025641,17.41241509248975,0.20042383685094867
1704.776032851076,0.0041522737490134135,leukocytes,CAPILAR,0.8,Random Forest Regressor,GridSearchCV,1.3423123557445988,1.05870641025641,17.41241509248975,0.20042383685094867
966.1683172606208,0.004072233322647734,leukocytes,CAPILAR,0.8,Random Forest Regressor,GridSearchCV,1.3423123557445988,1.05870641025641,17.41241509248975,0.20042383685094867
1224.584593733522,0.004065091073052918,leukocytes,CAPILAR,0.8,Random Forest Regressor,GridSearchCV,1.3423123557445988,1.05870641025641,17.41241509248975,0.20042383685094867
1245.797870160402,0.004047725002039517,leukocytes,CAPILAR,0.8,Random Forest Regressor,GridSearchCV,1.3423123557445988,1.05870641025641,17.41241509248975,0.20042383685094867
1151.302366077027,0.004681364207819015,leukocytes,PLASMA,0.8,Random Forest Regressor,GridSearchCV,1.763252897649164,1.3951738738169381,24.600756352340248,-0.16161943295969383
1149.373886401856,0.004622102870118547,leukocytes,PLASMA,0.8,Random Forest Regressor,GridSearchCV,1.763252897649164,1.3951738738169381,24.600756352340248,-0.16161943295969383
1153.230845752198,0.004590707419792554,leukocytes,PLASMA,0.8,Random Forest Regressor,GridSearchCV,1.763252897649164,1.3951738738169381,24.600756352340248,-0.16161943295969383
1110.804292898438,0.004559078925771419,leukocytes,PLASMA,0.8,Random Forest Regressor,GridSearchCV,1.763252897649164,1.3951738738169381,24.600756352340248,-0.16161943295969383
1108.875813223267,0.00454885613204912,leukocytes,PLASMA,0.8,Random Forest Regressor,GridSearchCV,1.763252897649164,1.3951738738169381,24.600756352340248,-0.16161943295969383
1112.732772573609,0.004520936367477481,leukocytes,PLASMA,0.8,Random Forest Regressor,GridSearchCV,1.763252897649164,1.3951738738169381,24.600756352340248,-0.16161943295969383
1147.445406726686,0.004470795783543989,leukocytes,PLASMA,0.8,Random Forest Regressor,GridSearchCV,1.763252897649164,1.3951738738169381,24.600756352340248,-0.16161943295969383
1114.66125224878,0.004452743835846461,leukocytes,PLASMA,0.8,Random Forest Regressor,GridSearchCV,1.763252897649164,1.3951738738169381,24.600756352340248,-0.16161943295969383
1155.159325427369,0.004429294247242983,leukocytes,PLASMA,0.8,Random Forest Regressor,GridSearchCV,1.763252897649164,1.3951738738169381,24.600756352340248,-0.16161943295969383
1106.947333548097,0.004418376551588332,leukocytes,PLASMA,0.8,Random Forest Regressor,GridSearchCV,1.763252897649164,1.3951738738169381,24.600756352340248,-0.16161943295969383
1116.589731923951,0.004338797408775512,leukocytes,PLASMA,0.8,Random Forest Regressor,GridSearchCV,1.763252897649164,1.3951738738169381,24.600756352340248,-0.16161943295969383
1145.516927051515,0.004318560639594951,leukocytes,PLASMA,0.8,Random Forest Regressor,GridSearchCV,1.763252897649164,1.3951738738169381,24.600756352340248,-0.16161943295969383
1157.08780510254,0.0042511345449291115,leukocytes,PLASMA,0.8,Random Forest Regressor,GridSearchCV,1.763252897649164,1.3951738738169381,24.600756352340248,-0.16161943295969383
1118.518211599122,0.004205756770665658,leukocytes,PLASMA,0.8,Random Forest Regressor,GridSearchCV,1.763252897649164,1.3951738738169381,24.600756352340248,-0.16161943295969383
1143.588447376344,0.004199869391130742,leukocytes,PLASMA,0.8,Random Forest Regressor,GridSearchCV,1.763252897649164,1.3951738738169381,24.600756352340248,-0.16161943295969383
1137.803008350831,0.004152005082124748,leukocytes,PLASMA,0.8,Random Forest Regressor,GridSearchCV,1.763252897649164,1.3951738738169381,24.600756352340248,-0.16161943295969383
1105.018853872926,0.004149190809654582,leukocytes,PLASMA,0.8,Random Forest Regressor,GridSearchCV,1.763252897649164,1.3951738738169381,24.600756352340248,-0.16161943295969383
1135.87452867566,0.004148231665336538,leukocytes,PLASMA,0.8,Random Forest Regressor,GridSearchCV,1.763252897649164,1.3951738738169381,24.600756352340248,-0.16161943295969383
1139.731488026002,0.004146617614844247,leukocytes,PLASMA,0.8,Random Forest Regressor,GridSearchCV,1.763252897649164,1.3951738738169381,24.600756352340248,-0.16161943295969383
1141.659967701173,0.004146127061219907,leukocytes,PLASMA,0.8,Random Forest Regressor,GridSearchCV,1.763252897649164,1.3951738738169381,24.600756352340248,-0.16161943295969383
1513.856545009157,0.007911424948274506,leukocytes,PLASMA,0.8,Random Forest Regressor,GridSearchCV,1.8312336868280392,1.4307416666666672,25.271081483106105,-0.2529166890968104
1509.999585658815,0.006842830651379475,leukocytes,PLASMA,0.8,Random Forest Regressor,GridSearchCV,1.8312336868280392,1.4307416666666672,25.271081483106105,-0.2529166890968104
1041.379024592286,0.006406393925173429,leukocytes,PLASMA,0.8,Random Forest Regressor,GridSearchCV,1.8312336868280392,1.4307416666666672,25.271081483106105,-0.2529166890968104
1511.928065333986,0.006248723021245374,leukocytes,PLASMA,0.8,Random Forest Regressor,GridSearchCV,1.8312336868280392,1.4307416666666672,25.271081483106105,-0.2529166890968104
1122.375170949464,0.005815440587925383,leukocytes,PLASMA,0.8,Random Forest Regressor,GridSearchCV,1.8312336868280392,1.4307416666666672,25.271081483106105,-0.2529166890968104
1249.654829510743,0.005785458137760564,leukocytes,PLASMA,0.8,Random Forest Regressor,GridSearchCV,1.8312336868280392,1.4307416666666672,25.271081483106105,-0.2529166890968104
1132.017569325318,0.005360515540651156,leukocytes,PLASMA,0.8,Random Forest Regressor,GridSearchCV,1.8312336868280392,1.4307416666666672,25.271081483106105,-0.2529166890968104
1133.946049000489,0.005225115251900926,leukocytes,PLASMA,0.8,Random Forest Regressor,GridSearchCV,1.8312336868280392,1.4307416666666672,25.271081483106105,-0.2529166890968104
1043.307504267457,0.005077673010567991,leukocytes,PLASMA,0.8,Random Forest Regressor,GridSearchCV,1.8312336868280392,1.4307416666666672,25.271081483106105,-0.2529166890968104
1297.866821390016,0.004804003643634834,leukocytes,PLASMA,0.8,Random Forest Regressor,GridSearchCV,1.8312336868280392,1.4307416666666672,25.271081483106105,-0.2529166890968104
1527.355902735353,0.0047317054752816666,leukocytes,PLASMA,0.8,Random Forest Regressor,GridSearchCV,1.8312336868280392,1.4307416666666672,25.271081483106105,-0.2529166890968104
1660.421000322145,0.004694377650435003,leukocytes,PLASMA,0.8,Random Forest Regressor,GridSearchCV,1.8312336868280392,1.4307416666666672,25.271081483106105,-0.2529166890968104
1529.284382410524,0.004599690401355366,leukocytes,PLASMA,0.8,Random Forest Regressor,GridSearchCV,1.8312336868280392,1.4307416666666672,25.271081483106105,-0.2529166890968104
1531.212862085695,0.004531617299618928,leukocytes,PLASMA,0.8,Random Forest Regressor,GridSearchCV,1.8312336868280392,1.4307416666666672,25.271081483106105,-0.2529166890968104
1141.659967701173,0.004487983681375695,leukocytes,PLASMA,0.8,Random Forest Regressor,GridSearchCV,1.8312336868280392,1.4307416666666672,25.271081483106105,-0.2529166890968104
1128.160609974977,0.0043613622922535535,leukocytes,PLASMA,0.8,Random Forest Regressor,GridSearchCV,1.8312336868280392,1.4307416666666672,25.271081483106105,-0.2529166890968104
1112.732772573609,0.00430332144926163,leukocytes,PLASMA,0.8,Random Forest Regressor,GridSearchCV,1.8312336868280392,1.4307416666666672,25.271081483106105,-0.2529166890968104
1639.207723895265,0.004299798787023154,leukocytes,PLASMA,0.8,Random Forest Regressor,GridSearchCV,1.8312336868280392,1.4307416666666672,25.271081483106105,-0.2529166890968104
1151.302366077027,0.004298484187347453,leukocytes,PLASMA,0.8,Random Forest Regressor,GridSearchCV,1.8312336868280392,1.4307416666666672,25.271081483106105,-0.2529166890968104
1130.089089650148,0.00425378274388634,leukocytes,PLASMA,0.8,Random Forest Regressor,GridSearchCV,1.8312336868280392,1.4307416666666672,25.271081483106105,-0.2529166890968104
1151.302366077027,0.0046813642078190314,leukocytes,PLASMA,0.8,Random Forest Regressor,GridSearchCV,1.763252897649164,1.3951738738169381,24.600756352340248,-0.16161943295969383
1149.373886401856,0.0046221028701185635,leukocytes,PLASMA,0.8,Random Forest Regressor,GridSearchCV,1.763252897649164,1.3951738738169381,24.600756352340248,-0.16161943295969383
1153.230845752198,0.00459070741979257,leukocytes,PLASMA,0.8,Random Forest Regressor,GridSearchCV,1.763252897649164,1.3951738738169381,24.600756352340248,-0.16161943295969383
1110.804292898438,0.004559078925771435,leukocytes,PLASMA,0.8,Random Forest Regressor,GridSearchCV,1.763252897649164,1.3951738738169381,24.600756352340248,-0.16161943295969383
1108.875813223267,0.004548856132049138,leukocytes,PLASMA,0.8,Random Forest Regressor,GridSearchCV,1.763252897649164,1.3951738738169381,24.600756352340248,-0.16161943295969383
1112.732772573609,0.004520936367477496,leukocytes,PLASMA,0.8,Random Forest Regressor,GridSearchCV,1.763252897649164,1.3951738738169381,24.600756352340248,-0.16161943295969383
1147.445406726686,0.004470795783544005,leukocytes,PLASMA,0.8,Random Forest Regressor,GridSearchCV,1.763252897649164,1.3951738738169381,24.600756352340248,-0.16161943295969383
1114.66125224878,0.004452743835846473,leukocytes,PLASMA,0.8,Random Forest Regressor,GridSearchCV,1.763252897649164,1.3951738738169381,24.600756352340248,-0.16161943295969383
1155.159325427369,0.004429294247242998,leukocytes,PLASMA,0.8,Random Forest Regressor,GridSearchCV,1.763252897649164,1.3951738738169381,24.600756352340248,-0.16161943295969383
1106.947333548097,0.0044183765515883495,leukocytes,PLASMA,0.8,Random Forest Regressor,GridSearchCV,1.763252897649164,1.3951738738169381,24.600756352340248,-0.16161943295969383
1116.589731923951,0.004338797408775527,leukocytes,PLASMA,0.8,Random Forest Regressor,GridSearchCV,1.763252897649164,1.3951738738169381,24.600756352340248,-0.16161943295969383
1145.516927051515,0.004318560639594968,leukocytes,PLASMA,0.8,Random Forest Regressor,GridSearchCV,1.763252897649164,1.3951738738169381,24.600756352340248,-0.16161943295969383
1157.08780510254,0.004251134544929126,leukocytes,PLASMA,0.8,Random Forest Regressor,GridSearchCV,1.763252897649164,1.3951738738169381,24.600756352340248,-0.16161943295969383
1118.518211599122,0.004205756770665671,leukocytes,PLASMA,0.8,Random Forest Regressor,GridSearchCV,1.763252897649164,1.3951738738169381,24.600756352340248,-0.16161943295969383
1143.588447376344,0.004199869391130757,leukocytes,PLASMA,0.8,Random Forest Regressor,GridSearchCV,1.763252897649164,1.3951738738169381,24.600756352340248,-0.16161943295969383
1137.803008350831,0.004152005082124766,leukocytes,PLASMA,0.8,Random Forest Regressor,GridSearchCV,1.763252897649164,1.3951738738169381,24.600756352340248,-0.16161943295969383
1105.018853872926,0.004149190809654599,leukocytes,PLASMA,0.8,Random Forest Regressor,GridSearchCV,1.763252897649164,1.3951738738169381,24.600756352340248,-0.16161943295969383
1135.87452867566,0.004148231665336556,leukocytes,PLASMA,0.8,Random Forest Regressor,GridSearchCV,1.763252897649164,1.3951738738169381,24.600756352340248,-0.16161943295969383
1139.731488026002,0.004146617614844266,leukocytes,PLASMA,0.8,Random Forest Regressor,GridSearchCV,1.763252897649164,1.3951738738169381,24.600756352340248,-0.16161943295969383
1141.659967701173,0.004146127061219923,leukocytes,PLASMA,0.8,Random Forest Regressor,GridSearchCV,1.763252897649164,1.3951738738169381,24.600756352340248,-0.16161943295969383
1513.856545009157,0.007911424948274506,leukocytes,PLASMA,0.8,Random Forest Regressor,GridSearchCV,1.8312336868280392,1.4307416666666672,25.271081483106105,-0.2529166890968104
1509.999585658815,0.006842830651379475,leukocytes,PLASMA,0.8,Random Forest Regressor,GridSearchCV,1.8312336868280392,1.4307416666666672,25.271081483106105,-0.2529166890968104
1041.379024592286,0.006406393925173429,leukocytes,PLASMA,0.8,Random Forest Regressor,GridSearchCV,1.8312336868280392,1.4307416666666672,25.271081483106105,-0.2529166890968104
1511.928065333986,0.006248723021245374,leukocytes,PLASMA,0.8,Random Forest Regressor,GridSearchCV,1.8312336868280392,1.4307416666666672,25.271081483106105,-0.2529166890968104
1122.375170949464,0.005815440587925383,leukocytes,PLASMA,0.8,Random Forest Regressor,GridSearchCV,1.8312336868280392,1.4307416666666672,25.271081483106105,-0.2529166890968104
1249.654829510743,0.005785458137760564,leukocytes,PLASMA,0.8,Random Forest Regressor,GridSearchCV,1.8312336868280392,1.4307416666666672,25.271081483106105,-0.2529166890968104
1132.017569325318,0.005360515540651156,leukocytes,PLASMA,0.8,Random Forest Regressor,GridSearchCV,1.8312336868280392,1.4307416666666672,25.271081483106105,-0.2529166890968104
1133.946049000489,0.005225115251900926,leukocytes,PLASMA,0.8,Random Forest Regressor,GridSearchCV,1.8312336868280392,1.4307416666666672,25.271081483106105,-0.2529166890968104
1043.307504267457,0.005077673010567991,leukocytes,PLASMA,0.8,Random Forest Regressor,GridSearchCV,1.8312336868280392,1.4307416666666672,25.271081483106105,-0.2529166890968104
1297.866821390016,0.004804003643634834,leukocytes,PLASMA,0.8,Random Forest Regressor,GridSearchCV,1.8312336868280392,1.4307416666666672,25.271081483106105,-0.2529166890968104
1527.355902735353,0.0047317054752816666,leukocytes,PLASMA,0.8,Random Forest Regressor,GridSearchCV,1.8312336868280392,1.4307416666666672,25.271081483106105,-0.2529166890968104
1660.421000322145,0.004694377650435003,leukocytes,PLASMA,0.8,Random Forest Regressor,GridSearchCV,1.8312336868280392,1.4307416666666672,25.271081483106105,-0.2529166890968104
1529.284382410524,0.004599690401355366,leukocytes,PLASMA,0.8,Random Forest Regressor,GridSearchCV,1.8312336868280392,1.4307416666666672,25.271081483106105,-0.2529166890968104
1531.212862085695,0.004531617299618928,leukocytes,PLASMA,0.8,Random Forest Regressor,GridSearchCV,1.8312336868280392,1.4307416666666672,25.271081483106105,-0.2529166890968104
1141.659967701173,0.004487983681375695,leukocytes,PLASMA,0.8,Random Forest Regressor,GridSearchCV,1.8312336868280392,1.4307416666666672,25.271081483106105,-0.2529166890968104
1128.160609974977,0.0043613622922535535,leukocytes,PLASMA,0.8,Random Forest Regressor,GridSearchCV,1.8312336868280392,1.4307416666666672,25.271081483106105,-0.2529166890968104
1112.732772573609,0.00430332144926163,leukocytes,PLASMA,0.8,Random Forest Regressor,GridSearchCV,1.8312336868280392,1.4307416666666672,25.271081483106105,-0.2529166890968104
1639.207723895265,0.004299798787023154,leukocytes,PLASMA,0.8,Random Forest Regressor,GridSearchCV,1.8312336868280392,1.4307416666666672,25.271081483106105,-0.2529166890968104
1151.302366077027,0.004298484187347453,leukocytes,PLASMA,0.8,Random Forest Regressor,GridSearchCV,1.8312336868280392,1.4307416666666672,25.271081483106105,-0.2529166890968104
1130.089089650148,0.00425378274388634,leukocytes,PLASMA,0.8,Random Forest Regressor,GridSearchCV,1.8312336868280392,1.4307416666666672,25.271081483106105,-0.2529166890968104
3045.069407094851,0.00864283558240929,leukocytes,SALIVA,0.8,Random Forest Regressor,GridSearchCV,1.7702740525161367,1.447091666666667,24.629870281869167,0.06175596730751187
3043.14092741968,0.00846343761380474,leukocytes,SALIVA,0.8,Random Forest Regressor,GridSearchCV,1.7702740525161367,1.447091666666667,24.629870281869167,0.06175596730751187
3046.997886770022,0.00501284705290652,leukocytes,SALIVA,0.8,Random Forest Regressor,GridSearchCV,1.7702740525161367,1.447091666666667,24.629870281869167,0.06175596730751187
2692.157626538576,0.004840142584464605,leukocytes,SALIVA,0.8,Random Forest Regressor,GridSearchCV,1.7702740525161367,1.447091666666667,24.629870281869167,0.06175596730751187
2690.229146863405,0.00476940246886425,leukocytes,SALIVA,0.8,Random Forest Regressor,GridSearchCV,1.7702740525161367,1.447091666666667,24.629870281869167,0.06175596730751187
954.5974392095954,0.004725823922683906,leukocytes,SALIVA,0.8,Random Forest Regressor,GridSearchCV,1.7702740525161367,1.447091666666667,24.629870281869167,0.06175596730751187
1747.202585704835,0.004665802007532421,leukocytes,SALIVA,0.8,Random Forest Regressor,GridSearchCV,1.7702740525161367,1.447091666666667,24.629870281869167,0.06175596730751187
1745.274106029664,0.004535075802639018,leukocytes,SALIVA,0.8,Random Forest Regressor,GridSearchCV,1.7702740525161367,1.447091666666667,24.629870281869167,0.06175596730751187
1749.131065380006,0.004510430263708657,leukocytes,SALIVA,0.8,Random Forest Regressor,GridSearchCV,1.7702740525161367,1.447091666666667,24.629870281869167,0.06175596730751187
2985.286537164553,0.004409460087660217,leukocytes,SALIVA,0.8,Random Forest Regressor,GridSearchCV,1.7702740525161367,1.447091666666667,24.629870281869167,0.06175596730751187
2998.785894890749,0.004376803593617324,leukocytes,SALIVA,0.8,Random Forest Regressor,GridSearchCV,1.7702740525161367,1.447091666666667,24.629870281869167,0.06175596730751187
1743.345626354494,0.00430251077432144,leukocytes,SALIVA,0.8,Random Forest Regressor,GridSearchCV,1.7702740525161367,1.447091666666667,24.629870281869167,0.06175596730751187
2987.215016839724,0.004267207073358267,leukocytes,SALIVA,0.8,Random Forest Regressor,GridSearchCV,1.7702740525161367,1.447091666666667,24.629870281869167,0.06175596730751187
2983.358057489382,0.004264209189796953,leukocytes,SALIVA,0.8,Random Forest Regressor,GridSearchCV,1.7702740525161367,1.447091666666667,24.629870281869167,0.06175596730751187
2996.857415215578,0.0042268571255481245,leukocytes,SALIVA,0.8,Random Forest Regressor,GridSearchCV,1.7702740525161367,1.447091666666667,24.629870281869167,0.06175596730751187
956.5259188847667,0.004133147868558746,leukocytes,SALIVA,0.8,Random Forest Regressor,GridSearchCV,1.7702740525161367,1.447091666666667,24.629870281869167,0.06175596730751187
1751.059545055177,0.0040787703396441026,leukocytes,SALIVA,0.8,Random Forest Regressor,GridSearchCV,1.7702740525161367,1.447091666666667,24.629870281869167,0.06175596730751187
2977.572618463869,0.004036464885188329,leukocytes,SALIVA,0.8,Random Forest Regressor,GridSearchCV,1.7702740525161367,1.447091666666667,24.629870281869167,0.06175596730751187
3000.71437456592,0.004031142283272535,leukocytes,SALIVA,0.8,Random Forest Regressor,GridSearchCV,1.7702740525161367,1.447091666666667,24.629870281869167,0.06175596730751187
2981.429577814211,0.004023112057694491,leukocytes,SALIVA,0.8,Random Forest Regressor,GridSearchCV,1.7702740525161367,1.447091666666667,24.629870281869167,0.06175596730751187
3023.856130667971,0.013973899634817322,leukocytes,SALIVA,0.8,Random Forest Regressor,GridSearchCV,1.8243029921758902,1.4605714285714289,25.283184499817246,0.003611413216067616
3012.285252616945,0.011775661384813074,leukocytes,SALIVA,0.8,Random Forest Regressor,GridSearchCV,1.8243029921758902,1.4605714285714289,25.283184499817246,0.003611413216067616
2686.372187513064,0.01029289509727606,leukocytes,SALIVA,0.8,Random Forest Regressor,GridSearchCV,1.8243029921758902,1.4605714285714289,25.283184499817246,0.003611413216067616
2676.729789137209,0.0095854168689854,leukocytes,SALIVA,0.8,Random Forest Regressor,GridSearchCV,1.8243029921758902,1.4605714285714289,25.283184499817246,0.003611413216067616
2724.941781016481,0.008756602280294646,leukocytes,SALIVA,0.8,Random Forest Regressor,GridSearchCV,1.8243029921758902,1.4605714285714289,25.283184499817246,0.003611413216067616
2991.071976190066,0.00840588619248377,leukocytes,SALIVA,0.8,Random Forest Regressor,GridSearchCV,1.8243029921758902,1.4605714285714289,25.283184499817246,0.003611413216067616
1029.808146541261,0.008166995637526691,leukocytes,SALIVA,0.8,Random Forest Regressor,GridSearchCV,1.8243029921758902,1.4605714285714289,25.283184499817246,0.003611413216067616
1083.805577446046,0.008058962578558218,leukocytes,SALIVA,0.8,Random Forest Regressor,GridSearchCV,1.8243029921758902,1.4605714285714289,25.283184499817246,0.003611413216067616
3019.999171317629,0.007414213630686967,leukocytes,SALIVA,0.8,Random Forest Regressor,GridSearchCV,1.8243029921758902,1.4605714285714289,25.283184499817246,0.003611413216067616
3010.356772941775,0.007354887399266046,leukocytes,SALIVA,0.8,Random Forest Regressor,GridSearchCV,1.8243029921758902,1.4605714285714289,25.283184499817246,0.003611413216067616
1039.450544917115,0.007304493684526781,leukocytes,SALIVA,0.8,Random Forest Regressor,GridSearchCV,1.8243029921758902,1.4605714285714289,25.283184499817246,0.003611413216067616
3004.571333916262,0.006978586053141274,leukocytes,SALIVA,0.8,Random Forest Regressor,GridSearchCV,1.8243029921758902,1.4605714285714289,25.283184499817246,0.003611413216067616
3021.9276509928,0.006823170604722452,leukocytes,SALIVA,0.8,Random Forest Regressor,GridSearchCV,1.8243029921758902,1.4605714285714289,25.283184499817246,0.003611413216067616
3016.142211967287,0.006572988413840659,leukocytes,SALIVA,0.8,Random Forest Regressor,GridSearchCV,1.8243029921758902,1.4605714285714289,25.283184499817246,0.003611413216067616
1020.165748165406,0.00648627039496385,leukocytes,SALIVA,0.8,Random Forest Regressor,GridSearchCV,1.8243029921758902,1.4605714285714289,25.283184499817246,0.003611413216067616
3039.283968069338,0.006395063733830846,leukocytes,SALIVA,0.8,Random Forest Regressor,GridSearchCV,1.8243029921758902,1.4605714285714289,25.283184499817246,0.003611413216067616
1085.734057121217,0.006051952634852325,leukocytes,SALIVA,0.8,Random Forest Regressor,GridSearchCV,1.8243029921758902,1.4605714285714289,25.283184499817246,0.003611413216067616
2996.857415215578,0.005782624766019101,leukocytes,SALIVA,0.8,Random Forest Regressor,GridSearchCV,1.8243029921758902,1.4605714285714289,25.283184499817246,0.003611413216067616
3035.427008718997,0.005774380958085789,leukocytes,SALIVA,0.8,Random Forest Regressor,GridSearchCV,1.8243029921758902,1.4605714285714289,25.283184499817246,0.003611413216067616
2994.928935540408,0.005597131311751494,leukocytes,SALIVA,0.8,Random Forest Regressor,GridSearchCV,1.8243029921758902,1.4605714285714289,25.283184499817246,0.003611413216067616
3045.069407094851,0.00864283558240929,leukocytes,SALIVA,0.8,Random Forest Regressor,GridSearchCV,1.7702740525161367,1.447091666666667,24.629870281869167,0.06175596730751187
3043.14092741968,0.008463437613804735,leukocytes,SALIVA,0.8,Random Forest Regressor,GridSearchCV,1.7702740525161367,1.447091666666667,24.629870281869167,0.06175596730751187
3046.997886770022,0.005012847052906519,leukocytes,SALIVA,0.8,Random Forest Regressor,GridSearchCV,1.7702740525161367,1.447091666666667,24.629870281869167,0.06175596730751187
2692.157626538576,0.0048401425844646,leukocytes,SALIVA,0.8,Random Forest Regressor,GridSearchCV,1.7702740525161367,1.447091666666667,24.629870281869167,0.06175596730751187
2690.229146863405,0.0047694024688642485,leukocytes,SALIVA,0.8,Random Forest Regressor,GridSearchCV,1.7702740525161367,1.447091666666667,24.629870281869167,0.06175596730751187
954.5974392095954,0.004725823922683912,leukocytes,SALIVA,0.8,Random Forest Regressor,GridSearchCV,1.7702740525161367,1.447091666666667,24.629870281869167,0.06175596730751187
1747.202585704835,0.004665802007532419,leukocytes,SALIVA,0.8,Random Forest Regressor,GridSearchCV,1.7702740525161367,1.447091666666667,24.629870281869167,0.06175596730751187
1745.274106029664,0.004535075802639016,leukocytes,SALIVA,0.8,Random Forest Regressor,GridSearchCV,1.7702740525161367,1.447091666666667,24.629870281869167,0.06175596730751187
1749.131065380006,0.004510430263708657,leukocytes,SALIVA,0.8,Random Forest Regressor,GridSearchCV,1.7702740525161367,1.447091666666667,24.629870281869167,0.06175596730751187
2985.286537164553,0.004409460087660217,leukocytes,SALIVA,0.8,Random Forest Regressor,GridSearchCV,1.7702740525161367,1.447091666666667,24.629870281869167,0.06175596730751187
2998.785894890749,0.004376803593617324,leukocytes,SALIVA,0.8,Random Forest Regressor,GridSearchCV,1.7702740525161367,1.447091666666667,24.629870281869167,0.06175596730751187
1743.345626354494,0.004302510774321437,leukocytes,SALIVA,0.8,Random Forest Regressor,GridSearchCV,1.7702740525161367,1.447091666666667,24.629870281869167,0.06175596730751187
2987.215016839724,0.004267207073358266,leukocytes,SALIVA,0.8,Random Forest Regressor,GridSearchCV,1.7702740525161367,1.447091666666667,24.629870281869167,0.06175596730751187
2983.358057489382,0.004264209189796953,leukocytes,SALIVA,0.8,Random Forest Regressor,GridSearchCV,1.7702740525161367,1.447091666666667,24.629870281869167,0.06175596730751187
2996.857415215578,0.004226857125548125,leukocytes,SALIVA,0.8,Random Forest Regressor,GridSearchCV,1.7702740525161367,1.447091666666667,24.629870281869167,0.06175596730751187
956.5259188847667,0.004133147868558746,leukocytes,SALIVA,0.8,Random Forest Regressor,GridSearchCV,1.7702740525161367,1.447091666666667,24.629870281869167,0.06175596730751187
1751.059545055177,0.004078770339644102,leukocytes,SALIVA,0.8,Random Forest Regressor,GridSearchCV,1.7702740525161367,1.447091666666667,24.629870281869167,0.06175596730751187
2977.572618463869,0.004036464885188328,leukocytes,SALIVA,0.8,Random Forest Regressor,GridSearchCV,1.7702740525161367,1.447091666666667,24.629870281869167,0.06175596730751187
3000.71437456592,0.004031142283272534,leukocytes,SALIVA,0.8,Random Forest Regressor,GridSearchCV,1.7702740525161367,1.447091666666667,24.629870281869167,0.06175596730751187
2981.429577814211,0.004023112057694491,leukocytes,SALIVA,0.8,Random Forest Regressor,GridSearchCV,1.7702740525161367,1.447091666666667,24.629870281869167,0.06175596730751187
3023.856130667971,0.013973899634817322,leukocytes,SALIVA,0.8,Random Forest Regressor,GridSearchCV,1.8243029921758902,1.4605714285714289,25.283184499817246,0.003611413216067616
3012.285252616945,0.011775661384813074,leukocytes,SALIVA,0.8,Random Forest Regressor,GridSearchCV,1.8243029921758902,1.4605714285714289,25.283184499817246,0.003611413216067616
2686.372187513064,0.01029289509727606,leukocytes,SALIVA,0.8,Random Forest Regressor,GridSearchCV,1.8243029921758902,1.4605714285714289,25.283184499817246,0.003611413216067616
2676.729789137209,0.0095854168689854,leukocytes,SALIVA,0.8,Random Forest Regressor,GridSearchCV,1.8243029921758902,1.4605714285714289,25.283184499817246,0.003611413216067616
2724.941781016481,0.008756602280294646,leukocytes,SALIVA,0.8,Random Forest Regressor,GridSearchCV,1.8243029921758902,1.4605714285714289,25.283184499817246,0.003611413216067616
2991.071976190066,0.00840588619248377,leukocytes,SALIVA,0.8,Random Forest Regressor,GridSearchCV,1.8243029921758902,1.4605714285714289,25.283184499817246,0.003611413216067616
1029.808146541261,0.008166995637526691,leukocytes,SALIVA,0.8,Random Forest Regressor,GridSearchCV,1.8243029921758902,1.4605714285714289,25.283184499817246,0.003611413216067616
1083.805577446046,0.008058962578558218,leukocytes,SALIVA,0.8,Random Forest Regressor,GridSearchCV,1.8243029921758902,1.4605714285714289,25.283184499817246,0.003611413216067616
3019.999171317629,0.007414213630686967,leukocytes,SALIVA,0.8,Random Forest Regressor,GridSearchCV,1.8243029921758902,1.4605714285714289,25.283184499817246,0.003611413216067616
3010.356772941775,0.007354887399266046,leukocytes,SALIVA,0.8,Random Forest Regressor,GridSearchCV,1.8243029921758902,1.4605714285714289,25.283184499817246,0.003611413216067616
1039.450544917115,0.007304493684526781,leukocytes,SALIVA,0.8,Random Forest Regressor,GridSearchCV,1.8243029921758902,1.4605714285714289,25.283184499817246,0.003611413216067616
3004.571333916262,0.006978586053141274,leukocytes,SALIVA,0.8,Random Forest Regressor,GridSearchCV,1.8243029921758902,1.4605714285714289,25.283184499817246,0.003611413216067616
3021.9276509928,0.006823170604722452,leukocytes,SALIVA,0.8,Random Forest Regressor,GridSearchCV,1.8243029921758902,1.4605714285714289,25.283184499817246,0.003611413216067616
3016.142211967287,0.006572988413840659,leukocytes,SALIVA,0.8,Random Forest Regressor,GridSearchCV,1.8243029921758902,1.4605714285714289,25.283184499817246,0.003611413216067616
1020.165748165406,0.00648627039496385,leukocytes,SALIVA,0.8,Random Forest Regressor,GridSearchCV,1.8243029921758902,1.4605714285714289,25.283184499817246,0.003611413216067616
3039.283968069338,0.006395063733830846,leukocytes,SALIVA,0.8,Random Forest Regressor,GridSearchCV,1.8243029921758902,1.4605714285714289,25.283184499817246,0.003611413216067616
1085.734057121217,0.006051952634852325,leukocytes,SALIVA,0.8,Random Forest Regressor,GridSearchCV,1.8243029921758902,1.4605714285714289,25.283184499817246,0.003611413216067616
2996.857415215578,0.005782624766019101,leukocytes,SALIVA,0.8,Random Forest Regressor,GridSearchCV,1.8243029921758902,1.4605714285714289,25.283184499817246,0.003611413216067616
3035.427008718997,0.005774380958085789,leukocytes,SALIVA,0.8,Random Forest Regressor,GridSearchCV,1.8243029921758902,1.4605714285714289,25.283184499817246,0.003611413216067616
2994.928935540408,0.005597131311751494,leukocytes,SALIVA,0.8,Random Forest Regressor,GridSearchCV,1.8243029921758902,1.4605714285714289,25.283184499817246,0.003611413216067616
1388.505366123048,0.007015272693816435,leukocytes,SERUM,0.8,Random Forest Regressor,GridSearchCV,1.4735948026516348,1.1938311972853533,18.117181319977156,0.20766266106704834
1390.433845798219,0.006510682066777853,leukocytes,SERUM,0.8,Random Forest Regressor,GridSearchCV,1.4735948026516348,1.1938311972853533,18.117181319977156,0.20766266106704834
1386.576886447877,0.006477745592741013,leukocytes,SERUM,0.8,Random Forest Regressor,GridSearchCV,1.4735948026516348,1.1938311972853533,18.117181319977156,0.20766266106704834
1392.36232547339,0.005806871302292598,leukocytes,SERUM,0.8,Random Forest Regressor,GridSearchCV,1.4735948026516348,1.1938311972853533,18.117181319977156,0.20766266106704834
1394.290805148561,0.005375348420268174,leukocytes,SERUM,0.8,Random Forest Regressor,GridSearchCV,1.4735948026516348,1.1938311972853533,18.117181319977156,0.20766266106704834
1396.219284823732,0.0050029579374629065,leukocytes,SERUM,0.8,Random Forest Regressor,GridSearchCV,1.4735948026516348,1.1938311972853533,18.117181319977156,0.20766266106704834
2719.156341990969,0.004832210976787497,leukocytes,SERUM,0.8,Random Forest Regressor,GridSearchCV,1.4735948026516348,1.1938311972853533,18.117181319977156,0.20766266106704834
1475.286951505739,0.004823898472362555,leukocytes,SERUM,0.8,Random Forest Regressor,GridSearchCV,1.4735948026516348,1.1938311972853533,18.117181319977156,0.20766266106704834
1384.648406772706,0.004792558808375461,leukocytes,SERUM,0.8,Random Forest Regressor,GridSearchCV,1.4735948026516348,1.1938311972853533,18.117181319977156,0.20766266106704834
1477.215431180909,0.004736163107841022,leukocytes,SERUM,0.8,Random Forest Regressor,GridSearchCV,1.4735948026516348,1.1938311972853533,18.117181319977156,0.20766266106704834
1473.358471830568,0.0047243891745576885,leukocytes,SERUM,0.8,Random Forest Regressor,GridSearchCV,1.4735948026516348,1.1938311972853533,18.117181319977156,0.20766266106704834
1398.147764498902,0.004655765358299423,leukocytes,SERUM,0.8,Random Forest Regressor,GridSearchCV,1.4735948026516348,1.1938311972853533,18.117181319977156,0.20766266106704834
1479.14391085608,0.004529026333345597,leukocytes,SERUM,0.8,Random Forest Regressor,GridSearchCV,1.4735948026516348,1.1938311972853533,18.117181319977156,0.20766266106704834
1481.072390531251,0.004528351894378034,leukocytes,SERUM,0.8,Random Forest Regressor,GridSearchCV,1.4735948026516348,1.1938311972853533,18.117181319977156,0.20766266106704834
1471.429992155397,0.004429780235855982,leukocytes,SERUM,0.8,Random Forest Regressor,GridSearchCV,1.4735948026516348,1.1938311972853533,18.117181319977156,0.20766266106704834
1400.076244174074,0.004410386080731171,leukocytes,SERUM,0.8,Random Forest Regressor,GridSearchCV,1.4735948026516348,1.1938311972853533,18.117181319977156,0.20766266106704834
1427.074959626466,0.004401563241495292,leukocytes,SERUM,0.8,Random Forest Regressor,GridSearchCV,1.4735948026516348,1.1938311972853533,18.117181319977156,0.20766266106704834
1483.000870206422,0.004396062685459402,leukocytes,SERUM,0.8,Random Forest Regressor,GridSearchCV,1.4735948026516348,1.1938311972853533,18.117181319977156,0.20766266106704834
1429.003439301637,0.004374685644062108,leukocytes,SERUM,0.8,Random Forest Regressor,GridSearchCV,1.4735948026516348,1.1938311972853533,18.117181319977156,0.20766266106704834
1484.929349881593,0.0043574782319761455,leukocytes,SERUM,0.8,Random Forest Regressor,GridSearchCV,1.4735948026516348,1.1938311972853533,18.117181319977156,0.20766266106704834
1130.089089650148,0.006296757424810728,leukocytes,SERUM,0.8,Random Forest Regressor,GridSearchCV,1.4956973299633096,1.1806031249999993,18.158456557254624,0.18371578735802196
1498.428707607789,0.0058903785524397284,leukocytes,SERUM,0.8,Random Forest Regressor,GridSearchCV,1.4956973299633096,1.1806031249999993,18.158456557254624,0.18371578735802196
1133.946049000489,0.005523993318122796,leukocytes,SERUM,0.8,Random Forest Regressor,GridSearchCV,1.4956973299633096,1.1806031249999993,18.158456557254624,0.18371578735802196
1533.141341760865,0.0052519253179721045,leukocytes,SERUM,0.8,Random Forest Regressor,GridSearchCV,1.4956973299633096,1.1806031249999993,18.158456557254624,0.18371578735802196
1525.427423060182,0.004710029536199228,leukocytes,SERUM,0.8,Random Forest Regressor,GridSearchCV,1.4956973299633096,1.1806031249999993,18.158456557254624,0.18371578735802196
1141.659967701173,0.0046616485699576184,leukocytes,SERUM,0.8,Random Forest Regressor,GridSearchCV,1.4956973299633096,1.1806031249999993,18.158456557254624,0.18371578735802196
1099.233414847413,0.004656467127664401,leukocytes,SERUM,0.8,Random Forest Regressor,GridSearchCV,1.4956973299633096,1.1806031249999993,18.158456557254624,0.18371578735802196
1135.87452867566,0.004508843544609294,leukocytes,SERUM,0.8,Random Forest Regressor,GridSearchCV,1.4956973299633096,1.1806031249999993,18.158456557254624,0.18371578735802196
1569.782455589112,0.004482880736381985,leukocytes,SERUM,0.8,Random Forest Regressor,GridSearchCV,1.4956973299633096,1.1806031249999993,18.158456557254624,0.18371578735802196
1436.71735800232,0.004359503142644776,leukocytes,SERUM,0.8,Random Forest Regressor,GridSearchCV,1.4956973299633096,1.1806031249999993,18.158456557254624,0.18371578735802196
1139.731488026002,0.0041835561967440505,leukocytes,SERUM,0.8,Random Forest Regressor,GridSearchCV,1.4956973299633096,1.1806031249999993,18.158456557254624,0.18371578735802196
1128.160609974977,0.004176017236998598,leukocytes,SERUM,0.8,Random Forest Regressor,GridSearchCV,1.4956973299633096,1.1806031249999993,18.158456557254624,0.18371578735802196
1583.281813315309,0.0040872945244015075,leukocytes,SERUM,0.8,Random Forest Regressor,GridSearchCV,1.4956973299633096,1.1806031249999993,18.158456557254624,0.18371578735802196
1536.998301111207,0.003990111546179083,leukocytes,SERUM,0.8,Random Forest Regressor,GridSearchCV,1.4956973299633096,1.1806031249999993,18.158456557254624,0.18371578735802196
1675.848837723512,0.0039029313972260837,leukocytes,SERUM,0.8,Random Forest Regressor,GridSearchCV,1.4956973299633096,1.1806031249999993,18.158456557254624,0.18371578735802196
1677.777317398683,0.003878524845641336,leukocytes,SERUM,0.8,Random Forest Regressor,GridSearchCV,1.4956973299633096,1.1806031249999993,18.158456557254624,0.18371578735802196
2715.299382640627,0.0038670178475834573,leukocytes,SERUM,0.8,Random Forest Regressor,GridSearchCV,1.4956973299633096,1.1806031249999993,18.158456557254624,0.18371578735802196
1043.307504267457,0.003854019377357346,leukocytes,SERUM,0.8,Random Forest Regressor,GridSearchCV,1.4956973299633096,1.1806031249999993,18.158456557254624,0.18371578735802196
1540.855260461549,0.0037727923627972892,leukocytes,SERUM,0.8,Random Forest Regressor,GridSearchCV,1.4956973299633096,1.1806031249999993,18.158456557254624,0.18371578735802196
1228.441553083863,0.0037217734754623655,leukocytes,SERUM,0.8,Random Forest Regressor,GridSearchCV,1.4956973299633096,1.1806031249999993,18.158456557254624,0.18371578735802196
1388.505366123048,0.007015272693816437,leukocytes,SERUM,0.8,Random Forest Regressor,GridSearchCV,1.4735948026516348,1.1938311972853533,18.117181319977156,0.20766266106704834
1390.433845798219,0.0065106820667778535,leukocytes,SERUM,0.8,Random Forest Regressor,GridSearchCV,1.4735948026516348,1.1938311972853533,18.117181319977156,0.20766266106704834
1386.576886447877,0.006477745592741011,leukocytes,SERUM,0.8,Random Forest Regressor,GridSearchCV,1.4735948026516348,1.1938311972853533,18.117181319977156,0.20766266106704834
1392.36232547339,0.005806871302292599,leukocytes,SERUM,0.8,Random Forest Regressor,GridSearchCV,1.4735948026516348,1.1938311972853533,18.117181319977156,0.20766266106704834
1394.290805148561,0.005375348420268173,leukocytes,SERUM,0.8,Random Forest Regressor,GridSearchCV,1.4735948026516348,1.1938311972853533,18.117181319977156,0.20766266106704834
1396.219284823732,0.0050029579374629065,leukocytes,SERUM,0.8,Random Forest Regressor,GridSearchCV,1.4735948026516348,1.1938311972853533,18.117181319977156,0.20766266106704834
2719.156341990969,0.004832210976787497,leukocytes,SERUM,0.8,Random Forest Regressor,GridSearchCV,1.4735948026516348,1.1938311972853533,18.117181319977156,0.20766266106704834
1475.286951505739,0.0048238984723625545,leukocytes,SERUM,0.8,Random Forest Regressor,GridSearchCV,1.4735948026516348,1.1938311972853533,18.117181319977156,0.20766266106704834
1384.648406772706,0.004792558808375458,leukocytes,SERUM,0.8,Random Forest Regressor,GridSearchCV,1.4735948026516348,1.1938311972853533,18.117181319977156,0.20766266106704834
1477.215431180909,0.0047361631078410215,leukocytes,SERUM,0.8,Random Forest Regressor,GridSearchCV,1.4735948026516348,1.1938311972853533,18.117181319977156,0.20766266106704834
1473.358471830568,0.004724389174557687,leukocytes,SERUM,0.8,Random Forest Regressor,GridSearchCV,1.4735948026516348,1.1938311972853533,18.117181319977156,0.20766266106704834
1398.147764498902,0.0046557653582994215,leukocytes,SERUM,0.8,Random Forest Regressor,GridSearchCV,1.4735948026516348,1.1938311972853533,18.117181319977156,0.20766266106704834
1479.14391085608,0.004529026333345598,leukocytes,SERUM,0.8,Random Forest Regressor,GridSearchCV,1.4735948026516348,1.1938311972853533,18.117181319977156,0.20766266106704834
1481.072390531251,0.0045283518943780325,leukocytes,SERUM,0.8,Random Forest Regressor,GridSearchCV,1.4735948026516348,1.1938311972853533,18.117181319977156,0.20766266106704834
1471.429992155397,0.004429780235855981,leukocytes,SERUM,0.8,Random Forest Regressor,GridSearchCV,1.4735948026516348,1.1938311972853533,18.117181319977156,0.20766266106704834
1400.076244174074,0.004410386080731172,leukocytes,SERUM,0.8,Random Forest Regressor,GridSearchCV,1.4735948026516348,1.1938311972853533,18.117181319977156,0.20766266106704834
1427.074959626466,0.0044015632414952915,leukocytes,SERUM,0.8,Random Forest Regressor,GridSearchCV,1.4735948026516348,1.1938311972853533,18.117181319977156,0.20766266106704834
1483.000870206422,0.004396062685459401,leukocytes,SERUM,0.8,Random Forest Regressor,GridSearchCV,1.4735948026516348,1.1938311972853533,18.117181319977156,0.20766266106704834
1429.003439301637,0.00437468564406211,leukocytes,SERUM,0.8,Random Forest Regressor,GridSearchCV,1.4735948026516348,1.1938311972853533,18.117181319977156,0.20766266106704834
1484.929349881593,0.0043574782319761455,leukocytes,SERUM,0.8,Random Forest Regressor,GridSearchCV,1.4735948026516348,1.1938311972853533,18.117181319977156,0.20766266106704834
1130.089089650148,0.006296757424810728,leukocytes,SERUM,0.8,Random Forest Regressor,GridSearchCV,1.4956973299633096,1.1806031249999993,18.158456557254624,0.18371578735802196
1498.428707607789,0.0058903785524397284,leukocytes,SERUM,0.8,Random Forest Regressor,GridSearchCV,1.4956973299633096,1.1806031249999993,18.158456557254624,0.18371578735802196
1133.946049000489,0.005523993318122796,leukocytes,SERUM,0.8,Random Forest Regressor,GridSearchCV,1.4956973299633096,1.1806031249999993,18.158456557254624,0.18371578735802196
1533.141341760865,0.0052519253179721045,leukocytes,SERUM,0.8,Random Forest Regressor,GridSearchCV,1.4956973299633096,1.1806031249999993,18.158456557254624,0.18371578735802196
1525.427423060182,0.004710029536199228,leukocytes,SERUM,0.8,Random Forest Regressor,GridSearchCV,1.4956973299633096,1.1806031249999993,18.158456557254624,0.18371578735802196
1141.659967701173,0.0046616485699576184,leukocytes,SERUM,0.8,Random Forest Regressor,GridSearchCV,1.4956973299633096,1.1806031249999993,18.158456557254624,0.18371578735802196
1099.233414847413,0.004656467127664401,leukocytes,SERUM,0.8,Random Forest Regressor,GridSearchCV,1.4956973299633096,1.1806031249999993,18.158456557254624,0.18371578735802196
1135.87452867566,0.004508843544609294,leukocytes,SERUM,0.8,Random Forest Regressor,GridSearchCV,1.4956973299633096,1.1806031249999993,18.158456557254624,0.18371578735802196
1569.782455589112,0.004482880736381985,leukocytes,SERUM,0.8,Random Forest Regressor,GridSearchCV,1.4956973299633096,1.1806031249999993,18.158456557254624,0.18371578735802196
1436.71735800232,0.004359503142644776,leukocytes,SERUM,0.8,Random Forest Regressor,GridSearchCV,1.4956973299633096,1.1806031249999993,18.158456557254624,0.18371578735802196
1139.731488026002,0.0041835561967440505,leukocytes,SERUM,0.8,Random Forest Regressor,GridSearchCV,1.4956973299633096,1.1806031249999993,18.158456557254624,0.18371578735802196
1128.160609974977,0.004176017236998598,leukocytes,SERUM,0.8,Random Forest Regressor,GridSearchCV,1.4956973299633096,1.1806031249999993,18.158456557254624,0.18371578735802196
1583.281813315309,0.0040872945244015075,leukocytes,SERUM,0.8,Random Forest Regressor,GridSearchCV,1.4956973299633096,1.1806031249999993,18.158456557254624,0.18371578735802196
1536.998301111207,0.003990111546179083,leukocytes,SERUM,0.8,Random Forest Regressor,GridSearchCV,1.4956973299633096,1.1806031249999993,18.158456557254624,0.18371578735802196
1675.848837723512,0.0039029313972260837,leukocytes,SERUM,0.8,Random Forest Regressor,GridSearchCV,1.4956973299633096,1.1806031249999993,18.158456557254624,0.18371578735802196
1677.777317398683,0.003878524845641336,leukocytes,SERUM,0.8,Random Forest Regressor,GridSearchCV,1.4956973299633096,1.1806031249999993,18.158456557254624,0.18371578735802196
2715.299382640627,0.0038670178475834573,leukocytes,SERUM,0.8,Random Forest Regressor,GridSearchCV,1.4956973299633096,1.1806031249999993,18.158456557254624,0.18371578735802196
1043.307504267457,0.003854019377357346,leukocytes,SERUM,0.8,Random Forest Regressor,GridSearchCV,1.4956973299633096,1.1806031249999993,18.158456557254624,0.18371578735802196
1540.855260461549,0.0037727923627972892,leukocytes,SERUM,0.8,Random Forest Regressor,GridSearchCV,1.4956973299633096,1.1806031249999993,18.158456557254624,0.18371578735802196
1228.441553083863,0.0037217734754623655,leukocytes,SERUM,0.8,Random Forest Regressor,GridSearchCV,1.4956973299633096,1.1806031249999993,18.158456557254624,0.18371578735802196
3050.854846120364,0.007413513411001609,leukocytes,URINE,0.8,Random Forest Regressor,GridSearchCV,1.7350942110526437,1.3552707850410446,19.921794647059592,-0.12423328321164173
1689.348195449708,0.007092985971122541,leukocytes,URINE,0.8,Random Forest Regressor,GridSearchCV,1.7350942110526437,1.3552707850410446,19.921794647059592,-0.12423328321164173
1693.20515480005,0.00673455050508791,leukocytes,URINE,0.8,Random Forest Regressor,GridSearchCV,1.7350942110526437,1.3552707850410446,19.921794647059592,-0.12423328321164173
1687.419715774538,0.0066967282635924125,leukocytes,URINE,0.8,Random Forest Regressor,GridSearchCV,1.7350942110526437,1.3552707850410446,19.921794647059592,-0.12423328321164173
1691.276675124879,0.00662134491065565,leukocytes,URINE,0.8,Random Forest Regressor,GridSearchCV,1.7350942110526437,1.3552707850410446,19.921794647059592,-0.12423328321164173
1695.133634475221,0.006415769238724599,leukocytes,URINE,0.8,Random Forest Regressor,GridSearchCV,1.7350942110526437,1.3552707850410446,19.921794647059592,-0.12423328321164173
1685.491236099367,0.0059545092482484185,leukocytes,URINE,0.8,Random Forest Regressor,GridSearchCV,1.7350942110526437,1.3552707850410446,19.921794647059592,-0.12423328321164173
1697.062114150392,0.005709603384045015,leukocytes,URINE,0.8,Random Forest Regressor,GridSearchCV,1.7350942110526437,1.3552707850410446,19.921794647059592,-0.12423328321164173
1683.562756424196,0.005531779736087183,leukocytes,URINE,0.8,Random Forest Regressor,GridSearchCV,1.7350942110526437,1.3552707850410446,19.921794647059592,-0.12423328321164173
1698.990593825563,0.005448851842351225,leukocytes,URINE,0.8,Random Forest Regressor,GridSearchCV,1.7350942110526437,1.3552707850410446,19.921794647059592,-0.12423328321164173
1700.919073500734,0.005027122487770364,leukocytes,URINE,0.8,Random Forest Regressor,GridSearchCV,1.7350942110526437,1.3552707850410446,19.921794647059592,-0.12423328321164173
1681.634276749025,0.00478769616396215,leukocytes,URINE,0.8,Random Forest Regressor,GridSearchCV,1.7350942110526437,1.3552707850410446,19.921794647059592,-0.12423328321164173
1702.847553175905,0.004661299975977944,leukocytes,URINE,0.8,Random Forest Regressor,GridSearchCV,1.7350942110526437,1.3552707850410446,19.921794647059592,-0.12423328321164173
1704.776032851076,0.004547017880820413,leukocytes,URINE,0.8,Random Forest Regressor,GridSearchCV,1.7350942110526437,1.3552707850410446,19.921794647059592,-0.12423328321164173
1679.705797073854,0.0042740868847089535,leukocytes,URINE,0.8,Random Forest Regressor,GridSearchCV,1.7350942110526437,1.3552707850410446,19.921794647059592,-0.12423328321164173
1706.704512526246,0.00406212807586111,leukocytes,URINE,0.8,Random Forest Regressor,GridSearchCV,1.7350942110526437,1.3552707850410446,19.921794647059592,-0.12423328321164173
1677.777317398683,0.003775995551855747,leukocytes,URINE,0.8,Random Forest Regressor,GridSearchCV,1.7350942110526437,1.3552707850410446,19.921794647059592,-0.12423328321164173
1745.274106029664,0.003600177342032306,leukocytes,URINE,0.8,Random Forest Regressor,GridSearchCV,1.7350942110526437,1.3552707850410446,19.921794647059592,-0.12423328321164173
1708.632992201417,0.003583185714565651,leukocytes,URINE,0.8,Random Forest Regressor,GridSearchCV,1.7350942110526437,1.3552707850410446,19.921794647059592,-0.12423328321164173
1747.202585704835,0.0035368460847607186,leukocytes,URINE,0.8,Random Forest Regressor,GridSearchCV,1.7350942110526437,1.3552707850410446,19.921794647059592,-0.12423328321164173
2597.662122455202,0.0074221043495386226,leukocytes,URINE,0.8,Random Forest Regressor,GridSearchCV,1.826910700958401,1.4017934210526313,19.76527519721566,-0.2463641717810845
1822.413293036501,0.006741864528950831,leukocytes,URINE,0.8,Random Forest Regressor,GridSearchCV,1.826910700958401,1.4017934210526313,19.76527519721566,-0.2463641717810845
1290.152902689332,0.006409157301159501,leukocytes,URINE,0.8,Random Forest Regressor,GridSearchCV,1.826910700958401,1.4017934210526313,19.76527519721566,-0.2463641717810845
1081.877097770875,0.006345723211889251,leukocytes,URINE,0.8,Random Forest Regressor,GridSearchCV,1.826910700958401,1.4017934210526313,19.76527519721566,-0.2463641717810845
3037.355488394167,0.006244559605991782,leukocytes,URINE,0.8,Random Forest Regressor,GridSearchCV,1.826910700958401,1.4017934210526313,19.76527519721566,-0.2463641717810845
1629.56532551941,0.006164317120731375,leukocytes,URINE,0.8,Random Forest Regressor,GridSearchCV,1.826910700958401,1.4017934210526313,19.76527519721566,-0.2463641717810845
1118.518211599122,0.006125862093055613,leukocytes,URINE,0.8,Random Forest Regressor,GridSearchCV,1.826910700958401,1.4017934210526313,19.76527519721566,-0.2463641717810845
2588.019724079348,0.00591339361101782,leukocytes,URINE,0.8,Random Forest Regressor,GridSearchCV,1.826910700958401,1.4017934210526313,19.76527519721566,-0.2463641717810845
933.3841627827155,0.0058109120219760994,leukocytes,URINE,0.8,Random Forest Regressor,GridSearchCV,1.826910700958401,1.4017934210526313,19.76527519721566,-0.2463641717810845
975.8107156364754,0.005802364372441122,leukocytes,URINE,0.8,Random Forest Regressor,GridSearchCV,1.826910700958401,1.4017934210526313,19.76527519721566,-0.2463641717810845
1812.770894660646,0.005796629411775321,leukocytes,URINE,0.8,Random Forest Regressor,GridSearchCV,1.826910700958401,1.4017934210526313,19.76527519721566,-0.2463641717810845
991.2385530378428,0.005702344428007406,leukocytes,URINE,0.8,Random Forest Regressor,GridSearchCV,1.826910700958401,1.4017934210526313,19.76527519721566,-0.2463641717810845
1267.011146587281,0.005669422956903695,leukocytes,URINE,0.8,Random Forest Regressor,GridSearchCV,1.826910700958401,1.4017934210526313,19.76527519721566,-0.2463641717810845
1824.341772711671,0.005639798349234122,leukocytes,URINE,0.8,Random Forest Regressor,GridSearchCV,1.826910700958401,1.4017934210526313,19.76527519721566,-0.2463641717810845
1255.440268536256,0.005622391231800541,leukocytes,URINE,0.8,Random Forest Regressor,GridSearchCV,1.826910700958401,1.4017934210526313,19.76527519721566,-0.2463641717810845
1617.994447468385,0.005418839148881538,leukocytes,URINE,0.8,Random Forest Regressor,GridSearchCV,1.826910700958401,1.4017934210526313,19.76527519721566,-0.2463641717810845
1546.640699487062,0.005366120091377958,leukocytes,URINE,0.8,Random Forest Regressor,GridSearchCV,1.826910700958401,1.4017934210526313,19.76527519721566,-0.2463641717810845
1265.08266691211,0.005337643974984856,leukocytes,URINE,0.8,Random Forest Regressor,GridSearchCV,1.826910700958401,1.4017934210526313,19.76527519721566,-0.2463641717810845
1627.63684584424,0.0052503657441787125,leukocytes,URINE,0.8,Random Forest Regressor,GridSearchCV,1.826910700958401,1.4017934210526313,19.76527519721566,-0.2463641717810845
1835.912650762697,0.005247212716563704,leukocytes,URINE,0.8,Random Forest Regressor,GridSearchCV,1.826910700958401,1.4017934210526313,19.76527519721566,-0.2463641717810845
3050.854846120364,0.00741351341100162,leukocytes,URINE,0.8,Random Forest Regressor,GridSearchCV,1.7350942110526437,1.3552707850410446,19.921794647059592,-0.12423328321164173
1689.348195449708,0.007092985971122541,leukocytes,URINE,0.8,Random Forest Regressor,GridSearchCV,1.7350942110526437,1.3552707850410446,19.921794647059592,-0.12423328321164173
1693.20515480005,0.006734550505087906,leukocytes,URINE,0.8,Random Forest Regressor,GridSearchCV,1.7350942110526437,1.3552707850410446,19.921794647059592,-0.12423328321164173
1687.419715774538,0.006696728263592408,leukocytes,URINE,0.8,Random Forest Regressor,GridSearchCV,1.7350942110526437,1.3552707850410446,19.921794647059592,-0.12423328321164173
1691.276675124879,0.0066213449106556485,leukocytes,URINE,0.8,Random Forest Regressor,GridSearchCV,1.7350942110526437,1.3552707850410446,19.921794647059592,-0.12423328321164173
1695.133634475221,0.006415769238724595,leukocytes,URINE,0.8,Random Forest Regressor,GridSearchCV,1.7350942110526437,1.3552707850410446,19.921794647059592,-0.12423328321164173
1685.491236099367,0.005954509248248415,leukocytes,URINE,0.8,Random Forest Regressor,GridSearchCV,1.7350942110526437,1.3552707850410446,19.921794647059592,-0.12423328321164173
1697.062114150392,0.005709603384045012,leukocytes,URINE,0.8,Random Forest Regressor,GridSearchCV,1.7350942110526437,1.3552707850410446,19.921794647059592,-0.12423328321164173
1683.562756424196,0.005531779736087182,leukocytes,URINE,0.8,Random Forest Regressor,GridSearchCV,1.7350942110526437,1.3552707850410446,19.921794647059592,-0.12423328321164173
1698.990593825563,0.005448851842351225,leukocytes,URINE,0.8,Random Forest Regressor,GridSearchCV,1.7350942110526437,1.3552707850410446,19.921794647059592,-0.12423328321164173
1700.919073500734,0.005027122487770365,leukocytes,URINE,0.8,Random Forest Regressor,GridSearchCV,1.7350942110526437,1.3552707850410446,19.921794647059592,-0.12423328321164173
1681.634276749025,0.0047876961639621496,leukocytes,URINE,0.8,Random Forest Regressor,GridSearchCV,1.7350942110526437,1.3552707850410446,19.921794647059592,-0.12423328321164173
1702.847553175905,0.004661299975977942,leukocytes,URINE,0.8,Random Forest Regressor,GridSearchCV,1.7350942110526437,1.3552707850410446,19.921794647059592,-0.12423328321164173
1704.776032851076,0.004547017880820412,leukocytes,URINE,0.8,Random Forest Regressor,GridSearchCV,1.7350942110526437,1.3552707850410446,19.921794647059592,-0.12423328321164173
1679.705797073854,0.004274086884708949,leukocytes,URINE,0.8,Random Forest Regressor,GridSearchCV,1.7350942110526437,1.3552707850410446,19.921794647059592,-0.12423328321164173
1706.704512526246,0.004062128075861105,leukocytes,URINE,0.8,Random Forest Regressor,GridSearchCV,1.7350942110526437,1.3552707850410446,19.921794647059592,-0.12423328321164173
1677.777317398683,0.003775995551855747,leukocytes,URINE,0.8,Random Forest Regressor,GridSearchCV,1.7350942110526437,1.3552707850410446,19.921794647059592,-0.12423328321164173
1745.274106029664,0.003600177342032303,leukocytes,URINE,0.8,Random Forest Regressor,GridSearchCV,1.7350942110526437,1.3552707850410446,19.921794647059592,-0.12423328321164173
1708.632992201417,0.0035831857145656497,leukocytes,URINE,0.8,Random Forest Regressor,GridSearchCV,1.7350942110526437,1.3552707850410446,19.921794647059592,-0.12423328321164173
1747.202585704835,0.0035368460847607147,leukocytes,URINE,0.8,Random Forest Regressor,GridSearchCV,1.7350942110526437,1.3552707850410446,19.921794647059592,-0.12423328321164173
2597.662122455202,0.0074221043495386226,leukocytes,URINE,0.8,Random Forest Regressor,GridSearchCV,1.826910700958401,1.4017934210526313,19.76527519721566,-0.2463641717810845
1822.413293036501,0.006741864528950831,leukocytes,URINE,0.8,Random Forest Regressor,GridSearchCV,1.826910700958401,1.4017934210526313,19.76527519721566,-0.2463641717810845
1290.152902689332,0.006409157301159501,leukocytes,URINE,0.8,Random Forest Regressor,GridSearchCV,1.826910700958401,1.4017934210526313,19.76527519721566,-0.2463641717810845
1081.877097770875,0.006345723211889251,leukocytes,URINE,0.8,Random Forest Regressor,GridSearchCV,1.826910700958401,1.4017934210526313,19.76527519721566,-0.2463641717810845
3037.355488394167,0.006244559605991782,leukocytes,URINE,0.8,Random Forest Regressor,GridSearchCV,1.826910700958401,1.4017934210526313,19.76527519721566,-0.2463641717810845
1629.56532551941,0.006164317120731375,leukocytes,URINE,0.8,Random Forest Regressor,GridSearchCV,1.826910700958401,1.4017934210526313,19.76527519721566,-0.2463641717810845
1118.518211599122,0.006125862093055613,leukocytes,URINE,0.8,Random Forest Regressor,GridSearchCV,1.826910700958401,1.4017934210526313,19.76527519721566,-0.2463641717810845
2588.019724079348,0.00591339361101782,leukocytes,URINE,0.8,Random Forest Regressor,GridSearchCV,1.826910700958401,1.4017934210526313,19.76527519721566,-0.2463641717810845
933.3841627827155,0.0058109120219760994,leukocytes,URINE,0.8,Random Forest Regressor,GridSearchCV,1.826910700958401,1.4017934210526313,19.76527519721566,-0.2463641717810845
975.8107156364754,0.005802364372441122,leukocytes,URINE,0.8,Random Forest Regressor,GridSearchCV,1.826910700958401,1.4017934210526313,19.76527519721566,-0.2463641717810845
1812.770894660646,0.005796629411775321,leukocytes,URINE,0.8,Random Forest Regressor,GridSearchCV,1.826910700958401,1.4017934210526313,19.76527519721566,-0.2463641717810845
991.2385530378428,0.005702344428007406,leukocytes,URINE,0.8,Random Forest Regressor,GridSearchCV,1.826910700958401,1.4017934210526313,19.76527519721566,-0.2463641717810845
1267.011146587281,0.005669422956903695,leukocytes,URINE,0.8,Random Forest Regressor,GridSearchCV,1.826910700958401,1.4017934210526313,19.76527519721566,-0.2463641717810845
1824.341772711671,0.005639798349234122,leukocytes,URINE,0.8,Random Forest Regressor,GridSearchCV,1.826910700958401,1.4017934210526313,19.76527519721566,-0.2463641717810845
1255.440268536256,0.005622391231800541,leukocytes,URINE,0.8,Random Forest Regressor,GridSearchCV,1.826910700958401,1.4017934210526313,19.76527519721566,-0.2463641717810845
1617.994447468385,0.005418839148881538,leukocytes,URINE,0.8,Random Forest Regressor,GridSearchCV,1.826910700958401,1.4017934210526313,19.76527519721566,-0.2463641717810845
1546.640699487062,0.005366120091377958,leukocytes,URINE,0.8,Random Forest Regressor,GridSearchCV,1.826910700958401,1.4017934210526313,19.76527519721566,-0.2463641717810845
1265.08266691211,0.005337643974984856,leukocytes,URINE,0.8,Random Forest Regressor,GridSearchCV,1.826910700958401,1.4017934210526313,19.76527519721566,-0.2463641717810845
1627.63684584424,0.0052503657441787125,leukocytes,URINE,0.8,Random Forest Regressor,GridSearchCV,1.826910700958401,1.4017934210526313,19.76527519721566,-0.2463641717810845
1835.912650762697,0.005247212716563704,leukocytes,URINE,0.8,Random Forest Regressor,GridSearchCV,1.826910700958401,1.4017934210526313,19.76527519721566,-0.2463641717810845
3048.926366445193,0.016081557927634143,leukocytes,CAPILAR,0.8,Decision Tree Regressor,GridSearchCV,1.6667208883165037,1.3673510378510376,22.022834283699446,-0.23275967442919065
1641.136203570436,0.012292599570463887,leukocytes,CAPILAR,0.8,Decision Tree Regressor,GridSearchCV,1.6667208883165037,1.3673510378510376,22.022834283699446,-0.23275967442919065
1639.207723895265,0.011067651771774652,leukocytes,CAPILAR,0.8,Decision Tree Regressor,GridSearchCV,1.6667208883165037,1.3673510378510376,22.022834283699446,-0.23275967442919065
1602.566610067018,0.010083762739147122,leukocytes,CAPILAR,0.8,Decision Tree Regressor,GridSearchCV,1.6667208883165037,1.3673510378510376,22.022834283699446,-0.23275967442919065
1643.064683245607,0.009786205672696563,leukocytes,CAPILAR,0.8,Decision Tree Regressor,GridSearchCV,1.6667208883165037,1.3673510378510376,22.022834283699446,-0.23275967442919065
1637.279244220094,0.00908049677795348,leukocytes,CAPILAR,0.8,Decision Tree Regressor,GridSearchCV,1.6667208883165037,1.3673510378510376,22.022834283699446,-0.23275967442919065
3046.997886770022,0.008127310359725014,leukocytes,CAPILAR,0.8,Decision Tree Regressor,GridSearchCV,1.6667208883165037,1.3673510378510376,22.022834283699446,-0.23275967442919065
1635.350764544923,0.007365986288216551,leukocytes,CAPILAR,0.8,Decision Tree Regressor,GridSearchCV,1.6667208883165037,1.3673510378510376,22.022834283699446,-0.23275967442919065
1604.495089742189,0.006405992987638837,leukocytes,CAPILAR,0.8,Decision Tree Regressor,GridSearchCV,1.6667208883165037,1.3673510378510376,22.022834283699446,-0.23275967442919065
1033.665105891602,0.0063336164196429205,leukocytes,CAPILAR,0.8,Decision Tree Regressor,GridSearchCV,1.6667208883165037,1.3673510378510376,22.022834283699446,-0.23275967442919065
1035.593585566773,0.006210338808573839,leukocytes,CAPILAR,0.8,Decision Tree Regressor,GridSearchCV,1.6667208883165037,1.3673510378510376,22.022834283699446,-0.23275967442919065
1031.736626216432,0.006124941704326286,leukocytes,CAPILAR,0.8,Decision Tree Regressor,GridSearchCV,1.6667208883165037,1.3673510378510376,22.022834283699446,-0.23275967442919065
1039.450544917115,0.006021592931710279,leukocytes,CAPILAR,0.8,Decision Tree Regressor,GridSearchCV,1.6667208883165037,1.3673510378510376,22.022834283699446,-0.23275967442919065
1037.522065241944,0.0059928706694255835,leukocytes,CAPILAR,0.8,Decision Tree Regressor,GridSearchCV,1.6667208883165037,1.3673510378510376,22.022834283699446,-0.23275967442919065
1041.379024592286,0.00597046615124315,leukocytes,CAPILAR,0.8,Decision Tree Regressor,GridSearchCV,1.6667208883165037,1.3673510378510376,22.022834283699446,-0.23275967442919065
1633.422284869752,0.005848607930026181,leukocytes,CAPILAR,0.8,Decision Tree Regressor,GridSearchCV,1.6667208883165037,1.3673510378510376,22.022834283699446,-0.23275967442919065
1702.847553175905,0.005760997924470169,leukocytes,CAPILAR,0.8,Decision Tree Regressor,GridSearchCV,1.6667208883165037,1.3673510378510376,22.022834283699446,-0.23275967442919065
1600.638130391847,0.0056931713295744766,leukocytes,CAPILAR,0.8,Decision Tree Regressor,GridSearchCV,1.6667208883165037,1.3673510378510376,22.022834283699446,-0.23275967442919065
1029.808146541261,0.005583981274125046,leukocytes,CAPILAR,0.8,Decision Tree Regressor,GridSearchCV,1.6667208883165037,1.3673510378510376,22.022834283699446,-0.23275967442919065
1043.307504267457,0.005559879229535976,leukocytes,CAPILAR,0.8,Decision Tree Regressor,GridSearchCV,1.6667208883165037,1.3673510378510376,22.022834283699446,-0.23275967442919065
1238.083951459718,0.15015590644288435,leukocytes,CAPILAR,0.8,Decision Tree Regressor,GridSearchCV,1.7792348192066822,1.4542195767195767,22.48326373934614,-0.40481521075568105
3048.926366445193,0.07268474810079445,leukocytes,CAPILAR,0.8,Decision Tree Regressor,GridSearchCV,1.7792348192066822,1.4542195767195767,22.48326373934614,-0.40481521075568105
1041.379024592286,0.06745842343524155,leukocytes,CAPILAR,0.8,Decision Tree Regressor,GridSearchCV,1.7792348192066822,1.4542195767195767,22.48326373934614,-0.40481521075568105
1598.709650716676,0.06515607472752534,leukocytes,CAPILAR,0.8,Decision Tree Regressor,GridSearchCV,1.7792348192066822,1.4542195767195767,22.48326373934614,-0.40481521075568105
1211.085236007325,0.06497146124644602,leukocytes,CAPILAR,0.8,Decision Tree Regressor,GridSearchCV,1.7792348192066822,1.4542195767195767,22.48326373934614,-0.40481521075568105
970.0252766109629,0.06436860242229121,leukocytes,CAPILAR,0.8,Decision Tree Regressor,GridSearchCV,1.7792348192066822,1.4542195767195767,22.48326373934614,-0.40481521075568105
1324.865536842408,0.04859181160161338,leukocytes,CAPILAR,0.8,Decision Tree Regressor,GridSearchCV,1.7792348192066822,1.4542195767195767,22.48326373934614,-0.40481521075568105
1151.302366077027,0.047138555332899255,leukocytes,CAPILAR,0.8,Decision Tree Regressor,GridSearchCV,1.7792348192066822,1.4542195767195767,22.48326373934614,-0.40481521075568105
1685.491236099367,0.04614275828089603,leukocytes,CAPILAR,0.8,Decision Tree Regressor,GridSearchCV,1.7792348192066822,1.4542195767195767,22.48326373934614,-0.40481521075568105
1162.873244128053,0.04092580333630075,leukocytes,CAPILAR,0.8,Decision Tree Regressor,GridSearchCV,1.7792348192066822,1.4542195767195767,22.48326373934614,-0.40481521075568105
981.5961546619883,0.036634403307111846,leukocytes,CAPILAR,0.8,Decision Tree Regressor,GridSearchCV,1.7792348192066822,1.4542195767195767,22.48326373934614,-0.40481521075568105
1174.444122179078,0.034960213794740326,leukocytes,CAPILAR,0.8,Decision Tree Regressor,GridSearchCV,1.7792348192066822,1.4542195767195767,22.48326373934614,-0.40481521075568105
2755.797455819216,0.0338330476374161,leukocytes,CAPILAR,0.8,Decision Tree Regressor,GridSearchCV,1.7792348192066822,1.4542195767195767,22.48326373934614,-0.40481521075568105
1078.020138420533,0.03120311560689434,leukocytes,CAPILAR,0.8,Decision Tree Regressor,GridSearchCV,1.7792348192066822,1.4542195767195767,22.48326373934614,-0.40481521075568105
1209.156756332154,0.03019914650188718,leukocytes,CAPILAR,0.8,Decision Tree Regressor,GridSearchCV,1.7792348192066822,1.4542195767195767,22.48326373934614,-0.40481521075568105
1369.220569371339,0.02884240227981371,leukocytes,CAPILAR,0.8,Decision Tree Regressor,GridSearchCV,1.7792348192066822,1.4542195767195767,22.48326373934614,-0.40481521075568105
1301.723780740358,0.024051670196943317,leukocytes,CAPILAR,0.8,Decision Tree Regressor,GridSearchCV,1.7792348192066822,1.4542195767195767,22.48326373934614,-0.40481521075568105
950.7404798592538,0.02391758569623794,leukocytes,CAPILAR,0.8,Decision Tree Regressor,GridSearchCV,1.7792348192066822,1.4542195767195767,22.48326373934614,-0.40481521075568105
958.4543985599371,0.022528205222215266,leukocytes,CAPILAR,0.8,Decision Tree Regressor,GridSearchCV,1.7792348192066822,1.4542195767195767,22.48326373934614,-0.40481521075568105
1639.207723895265,0.02101501566462826,leukocytes,CAPILAR,0.8,Decision Tree Regressor,GridSearchCV,1.7792348192066822,1.4542195767195767,22.48326373934614,-0.40481521075568105
3048.926366445193,0.016081557927634132,leukocytes,CAPILAR,0.8,Decision Tree Regressor,GridSearchCV,1.6667208883165037,1.3673510378510376,22.022834283699446,-0.23275967442919065
1641.136203570436,0.012292599570463884,leukocytes,CAPILAR,0.8,Decision Tree Regressor,GridSearchCV,1.6667208883165037,1.3673510378510376,22.022834283699446,-0.23275967442919065
1639.207723895265,0.011067651771774645,leukocytes,CAPILAR,0.8,Decision Tree Regressor,GridSearchCV,1.6667208883165037,1.3673510378510376,22.022834283699446,-0.23275967442919065
1602.566610067018,0.01008376273914712,leukocytes,CAPILAR,0.8,Decision Tree Regressor,GridSearchCV,1.6667208883165037,1.3673510378510376,22.022834283699446,-0.23275967442919065
1643.064683245607,0.009786205672696557,leukocytes,CAPILAR,0.8,Decision Tree Regressor,GridSearchCV,1.6667208883165037,1.3673510378510376,22.022834283699446,-0.23275967442919065
1637.279244220094,0.009080496777953478,leukocytes,CAPILAR,0.8,Decision Tree Regressor,GridSearchCV,1.6667208883165037,1.3673510378510376,22.022834283699446,-0.23275967442919065
3046.997886770022,0.008127310359725016,leukocytes,CAPILAR,0.8,Decision Tree Regressor,GridSearchCV,1.6667208883165037,1.3673510378510376,22.022834283699446,-0.23275967442919065
1635.350764544923,0.007365986288216551,leukocytes,CAPILAR,0.8,Decision Tree Regressor,GridSearchCV,1.6667208883165037,1.3673510378510376,22.022834283699446,-0.23275967442919065
1604.495089742189,0.006405992987638834,leukocytes,CAPILAR,0.8,Decision Tree Regressor,GridSearchCV,1.6667208883165037,1.3673510378510376,22.022834283699446,-0.23275967442919065
1033.665105891602,0.0063336164196429205,leukocytes,CAPILAR,0.8,Decision Tree Regressor,GridSearchCV,1.6667208883165037,1.3673510378510376,22.022834283699446,-0.23275967442919065
1035.593585566773,0.006210338808573842,leukocytes,CAPILAR,0.8,Decision Tree Regressor,GridSearchCV,1.6667208883165037,1.3673510378510376,22.022834283699446,-0.23275967442919065
1031.736626216432,0.006124941704326287,leukocytes,CAPILAR,0.8,Decision Tree Regressor,GridSearchCV,1.6667208883165037,1.3673510378510376,22.022834283699446,-0.23275967442919065
1039.450544917115,0.00602159293171028,leukocytes,CAPILAR,0.8,Decision Tree Regressor,GridSearchCV,1.6667208883165037,1.3673510378510376,22.022834283699446,-0.23275967442919065
1037.522065241944,0.005992870669425587,leukocytes,CAPILAR,0.8,Decision Tree Regressor,GridSearchCV,1.6667208883165037,1.3673510378510376,22.022834283699446,-0.23275967442919065
1041.379024592286,0.005970466151243155,leukocytes,CAPILAR,0.8,Decision Tree Regressor,GridSearchCV,1.6667208883165037,1.3673510378510376,22.022834283699446,-0.23275967442919065
1633.422284869752,0.0058486079300261815,leukocytes,CAPILAR,0.8,Decision Tree Regressor,GridSearchCV,1.6667208883165037,1.3673510378510376,22.022834283699446,-0.23275967442919065
1702.847553175905,0.00576099792447017,leukocytes,CAPILAR,0.8,Decision Tree Regressor,GridSearchCV,1.6667208883165037,1.3673510378510376,22.022834283699446,-0.23275967442919065
1600.638130391847,0.005693171329574474,leukocytes,CAPILAR,0.8,Decision Tree Regressor,GridSearchCV,1.6667208883165037,1.3673510378510376,22.022834283699446,-0.23275967442919065
1029.808146541261,0.005583981274125045,leukocytes,CAPILAR,0.8,Decision Tree Regressor,GridSearchCV,1.6667208883165037,1.3673510378510376,22.022834283699446,-0.23275967442919065
1043.307504267457,0.00555987922953598,leukocytes,CAPILAR,0.8,Decision Tree Regressor,GridSearchCV,1.6667208883165037,1.3673510378510376,22.022834283699446,-0.23275967442919065
1238.083951459718,0.15015590644288435,leukocytes,CAPILAR,0.8,Decision Tree Regressor,GridSearchCV,1.7792348192066822,1.4542195767195767,22.48326373934614,-0.40481521075568105
3048.926366445193,0.07268474810079445,leukocytes,CAPILAR,0.8,Decision Tree Regressor,GridSearchCV,1.7792348192066822,1.4542195767195767,22.48326373934614,-0.40481521075568105
1041.379024592286,0.06745842343524155,leukocytes,CAPILAR,0.8,Decision Tree Regressor,GridSearchCV,1.7792348192066822,1.4542195767195767,22.48326373934614,-0.40481521075568105
1598.709650716676,0.06515607472752534,leukocytes,CAPILAR,0.8,Decision Tree Regressor,GridSearchCV,1.7792348192066822,1.4542195767195767,22.48326373934614,-0.40481521075568105
1211.085236007325,0.06497146124644602,leukocytes,CAPILAR,0.8,Decision Tree Regressor,GridSearchCV,1.7792348192066822,1.4542195767195767,22.48326373934614,-0.40481521075568105
970.0252766109629,0.06436860242229121,leukocytes,CAPILAR,0.8,Decision Tree Regressor,GridSearchCV,1.7792348192066822,1.4542195767195767,22.48326373934614,-0.40481521075568105
1324.865536842408,0.04859181160161338,leukocytes,CAPILAR,0.8,Decision Tree Regressor,GridSearchCV,1.7792348192066822,1.4542195767195767,22.48326373934614,-0.40481521075568105
1151.302366077027,0.047138555332899255,leukocytes,CAPILAR,0.8,Decision Tree Regressor,GridSearchCV,1.7792348192066822,1.4542195767195767,22.48326373934614,-0.40481521075568105
1685.491236099367,0.04614275828089603,leukocytes,CAPILAR,0.8,Decision Tree Regressor,GridSearchCV,1.7792348192066822,1.4542195767195767,22.48326373934614,-0.40481521075568105
1162.873244128053,0.04092580333630075,leukocytes,CAPILAR,0.8,Decision Tree Regressor,GridSearchCV,1.7792348192066822,1.4542195767195767,22.48326373934614,-0.40481521075568105
981.5961546619883,0.036634403307111846,leukocytes,CAPILAR,0.8,Decision Tree Regressor,GridSearchCV,1.7792348192066822,1.4542195767195767,22.48326373934614,-0.40481521075568105
1174.444122179078,0.034960213794740326,leukocytes,CAPILAR,0.8,Decision Tree Regressor,GridSearchCV,1.7792348192066822,1.4542195767195767,22.48326373934614,-0.40481521075568105
2755.797455819216,0.0338330476374161,leukocytes,CAPILAR,0.8,Decision Tree Regressor,GridSearchCV,1.7792348192066822,1.4542195767195767,22.48326373934614,-0.40481521075568105
1078.020138420533,0.03120311560689434,leukocytes,CAPILAR,0.8,Decision Tree Regressor,GridSearchCV,1.7792348192066822,1.4542195767195767,22.48326373934614,-0.40481521075568105
1209.156756332154,0.03019914650188718,leukocytes,CAPILAR,0.8,Decision Tree Regressor,GridSearchCV,1.7792348192066822,1.4542195767195767,22.48326373934614,-0.40481521075568105
1369.220569371339,0.02884240227981371,leukocytes,CAPILAR,0.8,Decision Tree Regressor,GridSearchCV,1.7792348192066822,1.4542195767195767,22.48326373934614,-0.40481521075568105
1301.723780740358,0.024051670196943317,leukocytes,CAPILAR,0.8,Decision Tree Regressor,GridSearchCV,1.7792348192066822,1.4542195767195767,22.48326373934614,-0.40481521075568105
950.7404798592538,0.02391758569623794,leukocytes,CAPILAR,0.8,Decision Tree Regressor,GridSearchCV,1.7792348192066822,1.4542195767195767,22.48326373934614,-0.40481521075568105
958.4543985599371,0.022528205222215266,leukocytes,CAPILAR,0.8,Decision Tree Regressor,GridSearchCV,1.7792348192066822,1.4542195767195767,22.48326373934614,-0.40481521075568105
1639.207723895265,0.02101501566462826,leukocytes,CAPILAR,0.8,Decision Tree Regressor,GridSearchCV,1.7792348192066822,1.4542195767195767,22.48326373934614,-0.40481521075568105
1132.017569325318,0.004655929963821214,leukocytes,PLASMA,0.8,Decision Tree Regressor,GridSearchCV,1.8681632499788203,1.4651190476190477,25.295156300528255,-0.30396010840430754
1120.446691274293,0.0046365900706837266,leukocytes,PLASMA,0.8,Decision Tree Regressor,GridSearchCV,1.8681632499788203,1.4651190476190477,25.295156300528255,-0.30396010840430754
1118.518211599122,0.004634409217754371,leukocytes,PLASMA,0.8,Decision Tree Regressor,GridSearchCV,1.8681632499788203,1.4651190476190477,25.295156300528255,-0.30396010840430754
1116.589731923951,0.004629253072643581,leukocytes,PLASMA,0.8,Decision Tree Regressor,GridSearchCV,1.8681632499788203,1.4651190476190477,25.295156300528255,-0.30396010840430754
1114.66125224878,0.004627957622084616,leukocytes,PLASMA,0.8,Decision Tree Regressor,GridSearchCV,1.8681632499788203,1.4651190476190477,25.295156300528255,-0.30396010840430754
1130.089089650148,0.004620979400210926,leukocytes,PLASMA,0.8,Decision Tree Regressor,GridSearchCV,1.8681632499788203,1.4651190476190477,25.295156300528255,-0.30396010840430754
1112.732772573609,0.004613499692477671,leukocytes,PLASMA,0.8,Decision Tree Regressor,GridSearchCV,1.8681632499788203,1.4651190476190477,25.295156300528255,-0.30396010840430754
1122.375170949464,0.004608340288757772,leukocytes,PLASMA,0.8,Decision Tree Regressor,GridSearchCV,1.8681632499788203,1.4651190476190477,25.295156300528255,-0.30396010840430754
1110.804292898438,0.0045702553322213004,leukocytes,PLASMA,0.8,Decision Tree Regressor,GridSearchCV,1.8681632499788203,1.4651190476190477,25.295156300528255,-0.30396010840430754
1133.946049000489,0.004569883914389883,leukocytes,PLASMA,0.8,Decision Tree Regressor,GridSearchCV,1.8681632499788203,1.4651190476190477,25.295156300528255,-0.30396010840430754
1124.303650624635,0.0045648169746311884,leukocytes,PLASMA,0.8,Decision Tree Regressor,GridSearchCV,1.8681632499788203,1.4651190476190477,25.295156300528255,-0.30396010840430754
1128.160609974977,0.004548716863199735,leukocytes,PLASMA,0.8,Decision Tree Regressor,GridSearchCV,1.8681632499788203,1.4651190476190477,25.295156300528255,-0.30396010840430754
1126.232130299806,0.004532905507477338,leukocytes,PLASMA,0.8,Decision Tree Regressor,GridSearchCV,1.8681632499788203,1.4651190476190477,25.295156300528255,-0.30396010840430754
1108.875813223267,0.004463195257288139,leukocytes,PLASMA,0.8,Decision Tree Regressor,GridSearchCV,1.8681632499788203,1.4651190476190477,25.295156300528255,-0.30396010840430754
1135.87452867566,0.004364355984000585,leukocytes,PLASMA,0.8,Decision Tree Regressor,GridSearchCV,1.8681632499788203,1.4651190476190477,25.295156300528255,-0.30396010840430754
1106.947333548097,0.004268828709774026,leukocytes,PLASMA,0.8,Decision Tree Regressor,GridSearchCV,1.8681632499788203,1.4651190476190477,25.295156300528255,-0.30396010840430754
1137.803008350831,0.004111097354113972,leukocytes,PLASMA,0.8,Decision Tree Regressor,GridSearchCV,1.8681632499788203,1.4651190476190477,25.295156300528255,-0.30396010840430754
1105.018853872926,0.003985167925809031,leukocytes,PLASMA,0.8,Decision Tree Regressor,GridSearchCV,1.8681632499788203,1.4651190476190477,25.295156300528255,-0.30396010840430754
1139.731488026002,0.0038640002835841313,leukocytes,PLASMA,0.8,Decision Tree Regressor,GridSearchCV,1.8681632499788203,1.4651190476190477,25.295156300528255,-0.30396010840430754
1151.302366077027,0.003777449049960132,leukocytes,PLASMA,0.8,Decision Tree Regressor,GridSearchCV,1.8681632499788203,1.4651190476190477,25.295156300528255,-0.30396010840430754
1124.303650624635,0.08837588900547838,leukocytes,PLASMA,0.8,Decision Tree Regressor,GridSearchCV,2.0705554810243556,1.6228571428571428,26.001514996421676,-0.6018004097281753
1515.785024684327,0.06272589483502415,leukocytes,PLASMA,0.8,Decision Tree Regressor,GridSearchCV,2.0705554810243556,1.6228571428571428,26.001514996421676,-0.6018004097281753
1151.302366077027,0.054098169523143384,leukocytes,PLASMA,0.8,Decision Tree Regressor,GridSearchCV,2.0705554810243556,1.6228571428571428,26.001514996421676,-0.6018004097281753
1068.377740044679,0.04966771598460991,leukocytes,PLASMA,0.8,Decision Tree Regressor,GridSearchCV,2.0705554810243556,1.6228571428571428,26.001514996421676,-0.6018004097281753
2875.363195679812,0.04651976215459971,leukocytes,PLASMA,0.8,Decision Tree Regressor,GridSearchCV,2.0705554810243556,1.6228571428571428,26.001514996421676,-0.6018004097281753
1419.361040925782,0.038824763903462914,leukocytes,PLASMA,0.8,Decision Tree Regressor,GridSearchCV,2.0705554810243556,1.6228571428571428,26.001514996421676,-0.6018004097281753
2804.009447698489,0.037950332284015405,leukocytes,PLASMA,0.8,Decision Tree Regressor,GridSearchCV,2.0705554810243556,1.6228571428571428,26.001514996421676,-0.6018004097281753
2850.29295990259,0.034977264777894486,leukocytes,PLASMA,0.8,Decision Tree Regressor,GridSearchCV,2.0705554810243556,1.6228571428571428,26.001514996421676,-0.6018004097281753
2597.662122455202,0.03381135595196457,leukocytes,PLASMA,0.8,Decision Tree Regressor,GridSearchCV,2.0705554810243556,1.6228571428571428,26.001514996421676,-0.6018004097281753
1043.307504267457,0.03322840153899968,leukocytes,PLASMA,0.8,Decision Tree Regressor,GridSearchCV,2.0705554810243556,1.6228571428571428,26.001514996421676,-0.6018004097281753
2981.429577814211,0.026932493878978715,leukocytes,PLASMA,0.8,Decision Tree Regressor,GridSearchCV,2.0705554810243556,1.6228571428571428,26.001514996421676,-0.6018004097281753
1556.283097862916,0.02366794916637523,leukocytes,PLASMA,0.8,Decision Tree Regressor,GridSearchCV,2.0705554810243556,1.6228571428571428,26.001514996421676,-0.6018004097281753
1074.163179070191,0.023084994753410328,leukocytes,PLASMA,0.8,Decision Tree Regressor,GridSearchCV,2.0705554810243556,1.6228571428571428,26.001514996421676,-0.6018004097281753
1502.285666958131,0.02215226769266647,leukocytes,PLASMA,0.8,Decision Tree Regressor,GridSearchCV,2.0705554810243556,1.6228571428571428,26.001514996421676,-0.6018004097281753
1270.868105937623,0.020403404453771732,leukocytes,PLASMA,0.8,Decision Tree Regressor,GridSearchCV,2.0705554810243556,1.6228571428571428,26.001514996421676,-0.6018004097281753
1675.848837723512,0.019237495627841928,leukocytes,PLASMA,0.8,Decision Tree Regressor,GridSearchCV,2.0705554810243556,1.6228571428571428,26.001514996421676,-0.6018004097281753
1820.48481336133,0.018654541214876995,leukocytes,PLASMA,0.8,Decision Tree Regressor,GridSearchCV,2.0705554810243556,1.6228571428571428,26.001514996421676,-0.6018004097281753
2715.299382640627,0.017488632388947208,leukocytes,PLASMA,0.8,Decision Tree Regressor,GridSearchCV,2.0705554810243556,1.6228571428571428,26.001514996421676,-0.6018004097281753
1646.921642595948,0.017488632388947208,leukocytes,PLASMA,0.8,Decision Tree Regressor,GridSearchCV,2.0705554810243556,1.6228571428571428,26.001514996421676,-0.6018004097281753
2699.87154523926,0.01673079165209283,leukocytes,PLASMA,0.8,Decision Tree Regressor,GridSearchCV,2.0705554810243556,1.6228571428571428,26.001514996421676,-0.6018004097281753
1132.017569325318,0.004655929963821225,leukocytes,PLASMA,0.8,Decision Tree Regressor,GridSearchCV,1.8681632499788203,1.4651190476190477,25.295156300528255,-0.30396010840430754
1120.446691274293,0.004636590070683735,leukocytes,PLASMA,0.8,Decision Tree Regressor,GridSearchCV,1.8681632499788203,1.4651190476190477,25.295156300528255,-0.30396010840430754
1118.518211599122,0.00463440921775438,leukocytes,PLASMA,0.8,Decision Tree Regressor,GridSearchCV,1.8681632499788203,1.4651190476190477,25.295156300528255,-0.30396010840430754
1116.589731923951,0.0046292530726435915,leukocytes,PLASMA,0.8,Decision Tree Regressor,GridSearchCV,1.8681632499788203,1.4651190476190477,25.295156300528255,-0.30396010840430754
1114.66125224878,0.004627957622084625,leukocytes,PLASMA,0.8,Decision Tree Regressor,GridSearchCV,1.8681632499788203,1.4651190476190477,25.295156300528255,-0.30396010840430754
1130.089089650148,0.004620979400210937,leukocytes,PLASMA,0.8,Decision Tree Regressor,GridSearchCV,1.8681632499788203,1.4651190476190477,25.295156300528255,-0.30396010840430754
1112.732772573609,0.004613499692477682,leukocytes,PLASMA,0.8,Decision Tree Regressor,GridSearchCV,1.8681632499788203,1.4651190476190477,25.295156300528255,-0.30396010840430754
1122.375170949464,0.004608340288757781,leukocytes,PLASMA,0.8,Decision Tree Regressor,GridSearchCV,1.8681632499788203,1.4651190476190477,25.295156300528255,-0.30396010840430754
1110.804292898438,0.004570255332221313,leukocytes,PLASMA,0.8,Decision Tree Regressor,GridSearchCV,1.8681632499788203,1.4651190476190477,25.295156300528255,-0.30396010840430754
1133.946049000489,0.0045698839143898965,leukocytes,PLASMA,0.8,Decision Tree Regressor,GridSearchCV,1.8681632499788203,1.4651190476190477,25.295156300528255,-0.30396010840430754
1124.303650624635,0.004564816974631198,leukocytes,PLASMA,0.8,Decision Tree Regressor,GridSearchCV,1.8681632499788203,1.4651190476190477,25.295156300528255,-0.30396010840430754
1128.160609974977,0.004548716863199745,leukocytes,PLASMA,0.8,Decision Tree Regressor,GridSearchCV,1.8681632499788203,1.4651190476190477,25.295156300528255,-0.30396010840430754
1126.232130299806,0.004532905507477346,leukocytes,PLASMA,0.8,Decision Tree Regressor,GridSearchCV,1.8681632499788203,1.4651190476190477,25.295156300528255,-0.30396010840430754
1108.875813223267,0.004463195257288152,leukocytes,PLASMA,0.8,Decision Tree Regressor,GridSearchCV,1.8681632499788203,1.4651190476190477,25.295156300528255,-0.30396010840430754
1135.87452867566,0.004364355984000601,leukocytes,PLASMA,0.8,Decision Tree Regressor,GridSearchCV,1.8681632499788203,1.4651190476190477,25.295156300528255,-0.30396010840430754
1106.947333548097,0.004268828709774039,leukocytes,PLASMA,0.8,Decision Tree Regressor,GridSearchCV,1.8681632499788203,1.4651190476190477,25.295156300528255,-0.30396010840430754
1137.803008350831,0.004111097354113987,leukocytes,PLASMA,0.8,Decision Tree Regressor,GridSearchCV,1.8681632499788203,1.4651190476190477,25.295156300528255,-0.30396010840430754
1105.018853872926,0.0039851679258090435,leukocytes,PLASMA,0.8,Decision Tree Regressor,GridSearchCV,1.8681632499788203,1.4651190476190477,25.295156300528255,-0.30396010840430754
1139.731488026002,0.0038640002835841477,leukocytes,PLASMA,0.8,Decision Tree Regressor,GridSearchCV,1.8681632499788203,1.4651190476190477,25.295156300528255,-0.30396010840430754
1151.302366077027,0.003777449049960148,leukocytes,PLASMA,0.8,Decision Tree Regressor,GridSearchCV,1.8681632499788203,1.4651190476190477,25.295156300528255,-0.30396010840430754
1124.303650624635,0.08837588900547838,leukocytes,PLASMA,0.8,Decision Tree Regressor,GridSearchCV,2.0705554810243556,1.6228571428571428,26.001514996421676,-0.6018004097281753
1515.785024684327,0.06272589483502415,leukocytes,PLASMA,0.8,Decision Tree Regressor,GridSearchCV,2.0705554810243556,1.6228571428571428,26.001514996421676,-0.6018004097281753
1151.302366077027,0.054098169523143384,leukocytes,PLASMA,0.8,Decision Tree Regressor,GridSearchCV,2.0705554810243556,1.6228571428571428,26.001514996421676,-0.6018004097281753
1068.377740044679,0.04966771598460991,leukocytes,PLASMA,0.8,Decision Tree Regressor,GridSearchCV,2.0705554810243556,1.6228571428571428,26.001514996421676,-0.6018004097281753
2875.363195679812,0.04651976215459971,leukocytes,PLASMA,0.8,Decision Tree Regressor,GridSearchCV,2.0705554810243556,1.6228571428571428,26.001514996421676,-0.6018004097281753
1419.361040925782,0.038824763903462914,leukocytes,PLASMA,0.8,Decision Tree Regressor,GridSearchCV,2.0705554810243556,1.6228571428571428,26.001514996421676,-0.6018004097281753
2804.009447698489,0.037950332284015405,leukocytes,PLASMA,0.8,Decision Tree Regressor,GridSearchCV,2.0705554810243556,1.6228571428571428,26.001514996421676,-0.6018004097281753
2850.29295990259,0.034977264777894486,leukocytes,PLASMA,0.8,Decision Tree Regressor,GridSearchCV,2.0705554810243556,1.6228571428571428,26.001514996421676,-0.6018004097281753
2597.662122455202,0.03381135595196457,leukocytes,PLASMA,0.8,Decision Tree Regressor,GridSearchCV,2.0705554810243556,1.6228571428571428,26.001514996421676,-0.6018004097281753
1043.307504267457,0.03322840153899968,leukocytes,PLASMA,0.8,Decision Tree Regressor,GridSearchCV,2.0705554810243556,1.6228571428571428,26.001514996421676,-0.6018004097281753
2981.429577814211,0.026932493878978715,leukocytes,PLASMA,0.8,Decision Tree Regressor,GridSearchCV,2.0705554810243556,1.6228571428571428,26.001514996421676,-0.6018004097281753
1556.283097862916,0.02366794916637523,leukocytes,PLASMA,0.8,Decision Tree Regressor,GridSearchCV,2.0705554810243556,1.6228571428571428,26.001514996421676,-0.6018004097281753
1074.163179070191,0.023084994753410328,leukocytes,PLASMA,0.8,Decision Tree Regressor,GridSearchCV,2.0705554810243556,1.6228571428571428,26.001514996421676,-0.6018004097281753
1502.285666958131,0.02215226769266647,leukocytes,PLASMA,0.8,Decision Tree Regressor,GridSearchCV,2.0705554810243556,1.6228571428571428,26.001514996421676,-0.6018004097281753
1270.868105937623,0.020403404453771732,leukocytes,PLASMA,0.8,Decision Tree Regressor,GridSearchCV,2.0705554810243556,1.6228571428571428,26.001514996421676,-0.6018004097281753
1675.848837723512,0.019237495627841928,leukocytes,PLASMA,0.8,Decision Tree Regressor,GridSearchCV,2.0705554810243556,1.6228571428571428,26.001514996421676,-0.6018004097281753
1820.48481336133,0.018654541214876995,leukocytes,PLASMA,0.8,Decision Tree Regressor,GridSearchCV,2.0705554810243556,1.6228571428571428,26.001514996421676,-0.6018004097281753
2715.299382640627,0.017488632388947208,leukocytes,PLASMA,0.8,Decision Tree Regressor,GridSearchCV,2.0705554810243556,1.6228571428571428,26.001514996421676,-0.6018004097281753
1646.921642595948,0.017488632388947208,leukocytes,PLASMA,0.8,Decision Tree Regressor,GridSearchCV,2.0705554810243556,1.6228571428571428,26.001514996421676,-0.6018004097281753
2699.87154523926,0.01673079165209283,leukocytes,PLASMA,0.8,Decision Tree Regressor,GridSearchCV,2.0705554810243556,1.6228571428571428,26.001514996421676,-0.6018004097281753
3045.069407094851,0.0067174643174535975,leukocytes,SALIVA,0.8,Decision Tree Regressor,GridSearchCV,1.8266180042179956,1.4964285714285712,23.595764683238276,0.0010810055597116897
3043.14092741968,0.00639271562992027,leukocytes,SALIVA,0.8,Decision Tree Regressor,GridSearchCV,1.8266180042179956,1.4964285714285712,23.595764683238276,0.0010810055597116897
3046.997886770022,0.005314830221849871,leukocytes,SALIVA,0.8,Decision Tree Regressor,GridSearchCV,1.8266180042179956,1.4964285714285712,23.595764683238276,0.0010810055597116897
2690.229146863405,0.004916393770246816,leukocytes,SALIVA,0.8,Decision Tree Regressor,GridSearchCV,1.8266180042179956,1.4964285714285712,23.595764683238276,0.0010810055597116897
2692.157626538576,0.004909580910517393,leukocytes,SALIVA,0.8,Decision Tree Regressor,GridSearchCV,1.8266180042179956,1.4964285714285712,23.595764683238276,0.0010810055597116897
3048.926366445193,0.004792863460339785,leukocytes,SALIVA,0.8,Decision Tree Regressor,GridSearchCV,1.8266180042179956,1.4964285714285712,23.595764683238276,0.0010810055597116897
2699.87154523926,0.0047242643134536,leukocytes,SALIVA,0.8,Decision Tree Regressor,GridSearchCV,1.8266180042179956,1.4964285714285712,23.595764683238276,0.0010810055597116897
2697.943065564089,0.004705627541878389,leukocytes,SALIVA,0.8,Decision Tree Regressor,GridSearchCV,1.8266180042179956,1.4964285714285712,23.595764683238276,0.0010810055597116897
3050.854846120364,0.004603458211430939,leukocytes,SALIVA,0.8,Decision Tree Regressor,GridSearchCV,1.8266180042179956,1.4964285714285712,23.595764683238276,0.0010810055597116897
2701.800024914431,0.004095436618273639,leukocytes,SALIVA,0.8,Decision Tree Regressor,GridSearchCV,1.8266180042179956,1.4964285714285712,23.595764683238276,0.0010810055597116897
2696.014585888918,0.0039551263080757106,leukocytes,SALIVA,0.8,Decision Tree Regressor,GridSearchCV,1.8266180042179956,1.4964285714285712,23.595764683238276,0.0010810055597116897
2694.086106213747,0.003841086715433964,leukocytes,SALIVA,0.8,Decision Tree Regressor,GridSearchCV,1.8266180042179956,1.4964285714285712,23.595764683238276,0.0010810055597116897
3041.212447744509,0.003839525225225956,leukocytes,SALIVA,0.8,Decision Tree Regressor,GridSearchCV,1.8266180042179956,1.4964285714285712,23.595764683238276,0.0010810055597116897
1747.202585704835,0.0037922230412930007,leukocytes,SALIVA,0.8,Decision Tree Regressor,GridSearchCV,1.8266180042179956,1.4964285714285712,23.595764683238276,0.0010810055597116897
1749.131065380006,0.0037887584296264713,leukocytes,SALIVA,0.8,Decision Tree Regressor,GridSearchCV,1.8266180042179956,1.4964285714285712,23.595764683238276,0.0010810055597116897
2688.300667188234,0.0036886260355708236,leukocytes,SALIVA,0.8,Decision Tree Regressor,GridSearchCV,1.8266180042179956,1.4964285714285712,23.595764683238276,0.0010810055597116897
1772.272821482057,0.003630495170320017,leukocytes,SALIVA,0.8,Decision Tree Regressor,GridSearchCV,1.8266180042179956,1.4964285714285712,23.595764683238276,0.0010810055597116897
1745.274106029664,0.0036296398743100615,leukocytes,SALIVA,0.8,Decision Tree Regressor,GridSearchCV,1.8266180042179956,1.4964285714285712,23.595764683238276,0.0010810055597116897
1751.059545055177,0.003589131879929085,leukocytes,SALIVA,0.8,Decision Tree Regressor,GridSearchCV,1.8266180042179956,1.4964285714285712,23.595764683238276,0.0010810055597116897
1774.201301157228,0.0035142136036912697,leukocytes,SALIVA,0.8,Decision Tree Regressor,GridSearchCV,1.8266180042179956,1.4964285714285712,23.595764683238276,0.0010810055597116897
3002.642854241091,0.11482236200939057,leukocytes,SALIVA,0.8,Decision Tree Regressor,GridSearchCV,2.334564938565846,1.7913095238095234,31.122753979407413,-0.6317240737764018
2618.875398882082,0.0784087888721539,leukocytes,SALIVA,0.8,Decision Tree Regressor,GridSearchCV,2.334564938565846,1.7913095238095234,31.122753979407413,-0.6317240737764018
935.3126424578863,0.07309293877912625,leukocytes,SALIVA,0.8,Decision Tree Regressor,GridSearchCV,2.334564938565846,1.7913095238095234,31.122753979407413,-0.6317240737764018
2686.372187513064,0.07034641623106286,leukocytes,SALIVA,0.8,Decision Tree Regressor,GridSearchCV,2.334564938565846,1.7913095238095234,31.122753979407413,-0.6317240737764018
1415.504081575441,0.06379020111632848,leukocytes,SALIVA,0.8,Decision Tree Regressor,GridSearchCV,2.334564938565846,1.7913095238095234,31.122753979407413,-0.6317240737764018
3012.285252616945,0.06095508106671392,leukocytes,SALIVA,0.8,Decision Tree Regressor,GridSearchCV,2.334564938565846,1.7913095238095234,31.122753979407413,-0.6317240737764018
2561.021008626955,0.05767697350934731,leukocytes,SALIVA,0.8,Decision Tree Regressor,GridSearchCV,2.334564938565846,1.7913095238095234,31.122753979407413,-0.6317240737764018
3006.499813591433,0.0549304509612829,leukocytes,SALIVA,0.8,Decision Tree Regressor,GridSearchCV,2.334564938565846,1.7913095238095234,31.122753979407413,-0.6317240737764018
1577.496374289796,0.04341277575972365,leukocytes,SALIVA,0.8,Decision Tree Regressor,GridSearchCV,2.334564938565846,1.7913095238095234,31.122753979407413,-0.6317240737764018
2713.370902965456,0.04252680074421879,leukocytes,SALIVA,0.8,Decision Tree Regressor,GridSearchCV,2.334564938565846,1.7913095238095234,31.122753979407413,-0.6317240737764018
1236.155471784547,0.038805705679099856,leukocytes,SALIVA,0.8,Decision Tree Regressor,GridSearchCV,2.334564938565846,1.7913095238095234,31.122753979407413,-0.6317240737764018
1076.091658745362,0.033489855586072564,leukocytes,SALIVA,0.8,Decision Tree Regressor,GridSearchCV,2.334564938565846,1.7913095238095234,31.122753979407413,-0.6317240737764018
1151.302366077027,0.03313546557987063,leukocytes,SALIVA,0.8,Decision Tree Regressor,GridSearchCV,2.334564938565846,1.7913095238095234,31.122753979407413,-0.6317240737764018
1253.511788861085,0.031009125542659704,leukocytes,SALIVA,0.8,Decision Tree Regressor,GridSearchCV,2.334564938565846,1.7913095238095234,31.122753979407413,-0.6317240737764018
941.0980814833993,0.030123150527155147,leukocytes,SALIVA,0.8,Decision Tree Regressor,GridSearchCV,2.334564938565846,1.7913095238095234,31.122753979407413,-0.6317240737764018
1180.229561204591,0.02790821298839381,leukocytes,SALIVA,0.8,Decision Tree Regressor,GridSearchCV,2.334564938565846,1.7913095238095234,31.122753979407413,-0.6317240737764018
2875.363195679812,0.026579250465136862,leukocytes,SALIVA,0.8,Decision Tree Regressor,GridSearchCV,2.334564938565846,1.7913095238095234,31.122753979407413,-0.6317240737764018
2657.4449923855,0.024098520421724137,leukocytes,SALIVA,0.8,Decision Tree Regressor,GridSearchCV,2.334564938565846,1.7913095238095234,31.122753979407413,-0.6317240737764018
2555.235569601442,0.020200230353503924,leukocytes,SALIVA,0.8,Decision Tree Regressor,GridSearchCV,2.334564938565846,1.7913095238095234,31.122753979407413,-0.6317240737764018
1292.081382364503,0.01993443784885266,leukocytes,SALIVA,0.8,Decision Tree Regressor,GridSearchCV,2.334564938565846,1.7913095238095234,31.122753979407413,-0.6317240737764018
3045.069407094851,0.006717464317453596,leukocytes,SALIVA,0.8,Decision Tree Regressor,GridSearchCV,1.8266180042179956,1.4964285714285712,23.595764683238276,0.0010810055597116897
3043.14092741968,0.0063927156299202655,leukocytes,SALIVA,0.8,Decision Tree Regressor,GridSearchCV,1.8266180042179956,1.4964285714285712,23.595764683238276,0.0010810055597116897
3046.997886770022,0.0053148302218498705,leukocytes,SALIVA,0.8,Decision Tree Regressor,GridSearchCV,1.8266180042179956,1.4964285714285712,23.595764683238276,0.0010810055597116897
2690.229146863405,0.004916393770246813,leukocytes,SALIVA,0.8,Decision Tree Regressor,GridSearchCV,1.8266180042179956,1.4964285714285712,23.595764683238276,0.0010810055597116897
2692.157626538576,0.00490958091051739,leukocytes,SALIVA,0.8,Decision Tree Regressor,GridSearchCV,1.8266180042179956,1.4964285714285712,23.595764683238276,0.0010810055597116897
3048.926366445193,0.004792863460339784,leukocytes,SALIVA,0.8,Decision Tree Regressor,GridSearchCV,1.8266180042179956,1.4964285714285712,23.595764683238276,0.0010810055597116897
2699.87154523926,0.004724264313453598,leukocytes,SALIVA,0.8,Decision Tree Regressor,GridSearchCV,1.8266180042179956,1.4964285714285712,23.595764683238276,0.0010810055597116897
2697.943065564089,0.0047056275418783855,leukocytes,SALIVA,0.8,Decision Tree Regressor,GridSearchCV,1.8266180042179956,1.4964285714285712,23.595764683238276,0.0010810055597116897
3050.854846120364,0.00460345821143094,leukocytes,SALIVA,0.8,Decision Tree Regressor,GridSearchCV,1.8266180042179956,1.4964285714285712,23.595764683238276,0.0010810055597116897
2701.800024914431,0.004095436618273639,leukocytes,SALIVA,0.8,Decision Tree Regressor,GridSearchCV,1.8266180042179956,1.4964285714285712,23.595764683238276,0.0010810055597116897
2696.014585888918,0.00395512630807571,leukocytes,SALIVA,0.8,Decision Tree Regressor,GridSearchCV,1.8266180042179956,1.4964285714285712,23.595764683238276,0.0010810055597116897
2694.086106213747,0.003841086715433962,leukocytes,SALIVA,0.8,Decision Tree Regressor,GridSearchCV,1.8266180042179956,1.4964285714285712,23.595764683238276,0.0010810055597116897
3041.212447744509,0.003839525225225955,leukocytes,SALIVA,0.8,Decision Tree Regressor,GridSearchCV,1.8266180042179956,1.4964285714285712,23.595764683238276,0.0010810055597116897
1747.202585704835,0.003792223041292999,leukocytes,SALIVA,0.8,Decision Tree Regressor,GridSearchCV,1.8266180042179956,1.4964285714285712,23.595764683238276,0.0010810055597116897
1749.131065380006,0.0037887584296264695,leukocytes,SALIVA,0.8,Decision Tree Regressor,GridSearchCV,1.8266180042179956,1.4964285714285712,23.595764683238276,0.0010810055597116897
2688.300667188234,0.0036886260355708223,leukocytes,SALIVA,0.8,Decision Tree Regressor,GridSearchCV,1.8266180042179956,1.4964285714285712,23.595764683238276,0.0010810055597116897
1772.272821482057,0.0036304951703200147,leukocytes,SALIVA,0.8,Decision Tree Regressor,GridSearchCV,1.8266180042179956,1.4964285714285712,23.595764683238276,0.0010810055597116897
1745.274106029664,0.0036296398743100597,leukocytes,SALIVA,0.8,Decision Tree Regressor,GridSearchCV,1.8266180042179956,1.4964285714285712,23.595764683238276,0.0010810055597116897
1751.059545055177,0.0035891318799290838,leukocytes,SALIVA,0.8,Decision Tree Regressor,GridSearchCV,1.8266180042179956,1.4964285714285712,23.595764683238276,0.0010810055597116897
1774.201301157228,0.003514213603691269,leukocytes,SALIVA,0.8,Decision Tree Regressor,GridSearchCV,1.8266180042179956,1.4964285714285712,23.595764683238276,0.0010810055597116897
3002.642854241091,0.11482236200939057,leukocytes,SALIVA,0.8,Decision Tree Regressor,GridSearchCV,2.334564938565846,1.7913095238095234,31.122753979407413,-0.6317240737764018
2618.875398882082,0.0784087888721539,leukocytes,SALIVA,0.8,Decision Tree Regressor,GridSearchCV,2.334564938565846,1.7913095238095234,31.122753979407413,-0.6317240737764018
935.3126424578863,0.07309293877912625,leukocytes,SALIVA,0.8,Decision Tree Regressor,GridSearchCV,2.334564938565846,1.7913095238095234,31.122753979407413,-0.6317240737764018
2686.372187513064,0.07034641623106286,leukocytes,SALIVA,0.8,Decision Tree Regressor,GridSearchCV,2.334564938565846,1.7913095238095234,31.122753979407413,-0.6317240737764018
1415.504081575441,0.06379020111632848,leukocytes,SALIVA,0.8,Decision Tree Regressor,GridSearchCV,2.334564938565846,1.7913095238095234,31.122753979407413,-0.6317240737764018
3012.285252616945,0.06095508106671392,leukocytes,SALIVA,0.8,Decision Tree Regressor,GridSearchCV,2.334564938565846,1.7913095238095234,31.122753979407413,-0.6317240737764018
2561.021008626955,0.05767697350934731,leukocytes,SALIVA,0.8,Decision Tree Regressor,GridSearchCV,2.334564938565846,1.7913095238095234,31.122753979407413,-0.6317240737764018
3006.499813591433,0.0549304509612829,leukocytes,SALIVA,0.8,Decision Tree Regressor,GridSearchCV,2.334564938565846,1.7913095238095234,31.122753979407413,-0.6317240737764018
1577.496374289796,0.04341277575972365,leukocytes,SALIVA,0.8,Decision Tree Regressor,GridSearchCV,2.334564938565846,1.7913095238095234,31.122753979407413,-0.6317240737764018
2713.370902965456,0.04252680074421879,leukocytes,SALIVA,0.8,Decision Tree Regressor,GridSearchCV,2.334564938565846,1.7913095238095234,31.122753979407413,-0.6317240737764018
1236.155471784547,0.038805705679099856,leukocytes,SALIVA,0.8,Decision Tree Regressor,GridSearchCV,2.334564938565846,1.7913095238095234,31.122753979407413,-0.6317240737764018
1076.091658745362,0.033489855586072564,leukocytes,SALIVA,0.8,Decision Tree Regressor,GridSearchCV,2.334564938565846,1.7913095238095234,31.122753979407413,-0.6317240737764018
1151.302366077027,0.03313546557987063,leukocytes,SALIVA,0.8,Decision Tree Regressor,GridSearchCV,2.334564938565846,1.7913095238095234,31.122753979407413,-0.6317240737764018
1253.511788861085,0.031009125542659704,leukocytes,SALIVA,0.8,Decision Tree Regressor,GridSearchCV,2.334564938565846,1.7913095238095234,31.122753979407413,-0.6317240737764018
941.0980814833993,0.030123150527155147,leukocytes,SALIVA,0.8,Decision Tree Regressor,GridSearchCV,2.334564938565846,1.7913095238095234,31.122753979407413,-0.6317240737764018
1180.229561204591,0.02790821298839381,leukocytes,SALIVA,0.8,Decision Tree Regressor,GridSearchCV,2.334564938565846,1.7913095238095234,31.122753979407413,-0.6317240737764018
2875.363195679812,0.026579250465136862,leukocytes,SALIVA,0.8,Decision Tree Regressor,GridSearchCV,2.334564938565846,1.7913095238095234,31.122753979407413,-0.6317240737764018
2657.4449923855,0.024098520421724137,leukocytes,SALIVA,0.8,Decision Tree Regressor,GridSearchCV,2.334564938565846,1.7913095238095234,31.122753979407413,-0.6317240737764018
2555.235569601442,0.020200230353503924,leukocytes,SALIVA,0.8,Decision Tree Regressor,GridSearchCV,2.334564938565846,1.7913095238095234,31.122753979407413,-0.6317240737764018
1292.081382364503,0.01993443784885266,leukocytes,SALIVA,0.8,Decision Tree Regressor,GridSearchCV,2.334564938565846,1.7913095238095234,31.122753979407413,-0.6317240737764018
1388.505366123048,0.008132131128742979,leukocytes,SERUM,0.8,Decision Tree Regressor,GridSearchCV,1.9176145663297408,1.476375,21.479985684207445,-0.341765436198916
1390.433845798219,0.007694848945230193,leukocytes,SERUM,0.8,Decision Tree Regressor,GridSearchCV,1.9176145663297408,1.476375,21.479985684207445,-0.341765436198916
1386.576886447877,0.007345322010285021,leukocytes,SERUM,0.8,Decision Tree Regressor,GridSearchCV,1.9176145663297408,1.476375,21.479985684207445,-0.341765436198916
1392.36232547339,0.006977846404864404,leukocytes,SERUM,0.8,Decision Tree Regressor,GridSearchCV,1.9176145663297408,1.476375,21.479985684207445,-0.341765436198916
1394.290805148561,0.006472787158917005,leukocytes,SERUM,0.8,Decision Tree Regressor,GridSearchCV,1.9176145663297408,1.476375,21.479985684207445,-0.341765436198916
1396.219284823732,0.006020111090643036,leukocytes,SERUM,0.8,Decision Tree Regressor,GridSearchCV,1.9176145663297408,1.476375,21.479985684207445,-0.341765436198916
1398.147764498902,0.005589532868609982,leukocytes,SERUM,0.8,Decision Tree Regressor,GridSearchCV,1.9176145663297408,1.476375,21.479985684207445,-0.341765436198916
1400.076244174074,0.005261235680398349,leukocytes,SERUM,0.8,Decision Tree Regressor,GridSearchCV,1.9176145663297408,1.476375,21.479985684207445,-0.341765436198916
1384.648406772706,0.0052297980015345875,leukocytes,SERUM,0.8,Decision Tree Regressor,GridSearchCV,1.9176145663297408,1.476375,21.479985684207445,-0.341765436198916
2721.08482166614,0.0050548927005373495,leukocytes,SERUM,0.8,Decision Tree Regressor,GridSearchCV,1.9176145663297408,1.476375,21.479985684207445,-0.341765436198916
1402.004723849244,0.005042619494383748,leukocytes,SERUM,0.8,Decision Tree Regressor,GridSearchCV,1.9176145663297408,1.476375,21.479985684207445,-0.341765436198916
1403.933203524415,0.004711509139301148,leukocytes,SERUM,0.8,Decision Tree Regressor,GridSearchCV,1.9176145663297408,1.476375,21.479985684207445,-0.341765436198916
1427.074959626466,0.004696321837658039,leukocytes,SERUM,0.8,Decision Tree Regressor,GridSearchCV,1.9176145663297408,1.476375,21.479985684207445,-0.341765436198916
1432.860398651979,0.004686223214413465,leukocytes,SERUM,0.8,Decision Tree Regressor,GridSearchCV,1.9176145663297408,1.476375,21.479985684207445,-0.341765436198916
1429.003439301637,0.004676809965665957,leukocytes,SERUM,0.8,Decision Tree Regressor,GridSearchCV,1.9176145663297408,1.476375,21.479985684207445,-0.341765436198916
1430.931918976808,0.004645030960101538,leukocytes,SERUM,0.8,Decision Tree Regressor,GridSearchCV,1.9176145663297408,1.476375,21.479985684207445,-0.341765436198916
1425.146479951295,0.004612874552451231,leukocytes,SERUM,0.8,Decision Tree Regressor,GridSearchCV,1.9176145663297408,1.476375,21.479985684207445,-0.341765436198916
1434.78887832715,0.004597984723393797,leukocytes,SERUM,0.8,Decision Tree Regressor,GridSearchCV,1.9176145663297408,1.476375,21.479985684207445,-0.341765436198916
1436.71735800232,0.004503693723550873,leukocytes,SERUM,0.8,Decision Tree Regressor,GridSearchCV,1.9176145663297408,1.476375,21.479985684207445,-0.341765436198916
1423.218000276124,0.0044963172324161,leukocytes,SERUM,0.8,Decision Tree Regressor,GridSearchCV,1.9176145663297408,1.476375,21.479985684207445,-0.341765436198916
1122.375170949464,0.17259240104580031,leukocytes,SERUM,0.8,Decision Tree Regressor,GridSearchCV,1.741440992466803,1.4440583333333332,21.912341616274016,-0.10655113224307788
1388.505366123048,0.15676044287618593,leukocytes,SERUM,0.8,Decision Tree Regressor,GridSearchCV,1.741440992466803,1.4440583333333332,21.912341616274016,-0.10655113224307788
1531.212862085695,0.10109367191807121,leukocytes,SERUM,0.8,Decision Tree Regressor,GridSearchCV,1.741440992466803,1.4440583333333332,21.912341616274016,-0.10655113224307788
1145.516927051515,0.09668140378922324,leukocytes,SERUM,0.8,Decision Tree Regressor,GridSearchCV,1.741440992466803,1.4440583333333332,21.912341616274016,-0.10655113224307788
1517.713504359498,0.05080668666701106,leukocytes,SERUM,0.8,Decision Tree Regressor,GridSearchCV,1.741440992466803,1.4440583333333332,21.912341616274016,-0.10655113224307788
1051.021422968141,0.049535937060875085,leukocytes,SERUM,0.8,Decision Tree Regressor,GridSearchCV,1.741440992466803,1.4440583333333332,21.912341616274016,-0.10655113224307788
2719.156341990969,0.04369664160044169,leukocytes,SERUM,0.8,Decision Tree Regressor,GridSearchCV,1.741440992466803,1.4440583333333332,21.912341616274016,-0.10655113224307788
1575.567894614625,0.03828112723417991,leukocytes,SERUM,0.8,Decision Tree Regressor,GridSearchCV,1.741440992466803,1.4440583333333332,21.912341616274016,-0.10655113224307788
2711.442423290285,0.03680303550286665,leukocytes,SERUM,0.8,Decision Tree Regressor,GridSearchCV,1.741440992466803,1.4440583333333332,21.912341616274016,-0.10655113224307788
1294.009862039674,0.03372938527473519,leukocytes,SERUM,0.8,Decision Tree Regressor,GridSearchCV,1.741440992466803,1.4440583333333332,21.912341616274016,-0.10655113224307788
1160.944764452882,0.03329827331211245,leukocytes,SERUM,0.8,Decision Tree Regressor,GridSearchCV,1.741440992466803,1.4440583333333332,21.912341616274016,-0.10655113224307788
2721.08482166614,0.030365836941181806,leukocytes,SERUM,0.8,Decision Tree Regressor,GridSearchCV,1.741440992466803,1.4440583333333332,21.912341616274016,-0.10655113224307788
1027.87966686609,0.02552625635498927,leukocytes,SERUM,0.8,Decision Tree Regressor,GridSearchCV,1.741440992466803,1.4440583333333332,21.912341616274016,-0.10655113224307788
1540.855260461549,0.01686593309666542,leukocytes,SERUM,0.8,Decision Tree Regressor,GridSearchCV,1.741440992466803,1.4440583333333332,21.912341616274016,-0.10655113224307788
1006.66639043921,0.016851596191898327,leukocytes,SERUM,0.8,Decision Tree Regressor,GridSearchCV,1.741440992466803,1.4440583333333332,21.912341616274016,-0.10655113224307788
2977.572618463869,0.015132898456773037,leukocytes,SERUM,0.8,Decision Tree Regressor,GridSearchCV,1.741440992466803,1.4440583333333332,21.912341616274016,-0.10655113224307788
1533.141341760865,0.013782441119809804,leukocytes,SERUM,0.8,Decision Tree Regressor,GridSearchCV,1.741440992466803,1.4440583333333332,21.912341616274016,-0.10655113224307788
1484.929349881593,0.013106375230021677,leukocytes,SERUM,0.8,Decision Tree Regressor,GridSearchCV,1.741440992466803,1.4440583333333332,21.912341616274016,-0.10655113224307788
1141.659967701173,0.011497461935576896,leukocytes,SERUM,0.8,Decision Tree Regressor,GridSearchCV,1.741440992466803,1.4440583333333332,21.912341616274016,-0.10655113224307788
1120.446691274293,0.010351364624798734,leukocytes,SERUM,0.8,Decision Tree Regressor,GridSearchCV,1.741440992466803,1.4440583333333332,21.912341616274016,-0.10655113224307788
1388.505366123048,0.00813213112874298,leukocytes,SERUM,0.8,Decision Tree Regressor,GridSearchCV,1.9176145663297408,1.476375,21.479985684207445,-0.341765436198916
1390.433845798219,0.007694848945230193,leukocytes,SERUM,0.8,Decision Tree Regressor,GridSearchCV,1.9176145663297408,1.476375,21.479985684207445,-0.341765436198916
1386.576886447877,0.007345322010285019,leukocytes,SERUM,0.8,Decision Tree Regressor,GridSearchCV,1.9176145663297408,1.476375,21.479985684207445,-0.341765436198916
1392.36232547339,0.006977846404864407,leukocytes,SERUM,0.8,Decision Tree Regressor,GridSearchCV,1.9176145663297408,1.476375,21.479985684207445,-0.341765436198916
1394.290805148561,0.006472787158917006,leukocytes,SERUM,0.8,Decision Tree Regressor,GridSearchCV,1.9176145663297408,1.476375,21.479985684207445,-0.341765436198916
1396.219284823732,0.0060201110906430355,leukocytes,SERUM,0.8,Decision Tree Regressor,GridSearchCV,1.9176145663297408,1.476375,21.479985684207445,-0.341765436198916
1398.147764498902,0.005589532868609981,leukocytes,SERUM,0.8,Decision Tree Regressor,GridSearchCV,1.9176145663297408,1.476375,21.479985684207445,-0.341765436198916
1400.076244174074,0.00526123568039835,leukocytes,SERUM,0.8,Decision Tree Regressor,GridSearchCV,1.9176145663297408,1.476375,21.479985684207445,-0.341765436198916
1384.648406772706,0.005229798001534585,leukocytes,SERUM,0.8,Decision Tree Regressor,GridSearchCV,1.9176145663297408,1.476375,21.479985684207445,-0.341765436198916
2721.08482166614,0.005054892700537349,leukocytes,SERUM,0.8,Decision Tree Regressor,GridSearchCV,1.9176145663297408,1.476375,21.479985684207445,-0.341765436198916
1402.004723849244,0.00504261949438375,leukocytes,SERUM,0.8,Decision Tree Regressor,GridSearchCV,1.9176145663297408,1.476375,21.479985684207445,-0.341765436198916
1403.933203524415,0.00471150913930115,leukocytes,SERUM,0.8,Decision Tree Regressor,GridSearchCV,1.9176145663297408,1.476375,21.479985684207445,-0.341765436198916
1427.074959626466,0.004696321837658038,leukocytes,SERUM,0.8,Decision Tree Regressor,GridSearchCV,1.9176145663297408,1.476375,21.479985684207445,-0.341765436198916
1432.860398651979,0.004686223214413468,leukocytes,SERUM,0.8,Decision Tree Regressor,GridSearchCV,1.9176145663297408,1.476375,21.479985684207445,-0.341765436198916
1429.003439301637,0.004676809965665959,leukocytes,SERUM,0.8,Decision Tree Regressor,GridSearchCV,1.9176145663297408,1.476375,21.479985684207445,-0.341765436198916
1430.931918976808,0.004645030960101537,leukocytes,SERUM,0.8,Decision Tree Regressor,GridSearchCV,1.9176145663297408,1.476375,21.479985684207445,-0.341765436198916
1425.146479951295,0.004612874552451233,leukocytes,SERUM,0.8,Decision Tree Regressor,GridSearchCV,1.9176145663297408,1.476375,21.479985684207445,-0.341765436198916
1434.78887832715,0.004597984723393796,leukocytes,SERUM,0.8,Decision Tree Regressor,GridSearchCV,1.9176145663297408,1.476375,21.479985684207445,-0.341765436198916
1436.71735800232,0.004503693723550874,leukocytes,SERUM,0.8,Decision Tree Regressor,GridSearchCV,1.9176145663297408,1.476375,21.479985684207445,-0.341765436198916
1423.218000276124,0.0044963172324161025,leukocytes,SERUM,0.8,Decision Tree Regressor,GridSearchCV,1.9176145663297408,1.476375,21.479985684207445,-0.341765436198916
1122.375170949464,0.17259240104580031,leukocytes,SERUM,0.8,Decision Tree Regressor,GridSearchCV,1.741440992466803,1.4440583333333332,21.912341616274016,-0.10655113224307788
1388.505366123048,0.15676044287618593,leukocytes,SERUM,0.8,Decision Tree Regressor,GridSearchCV,1.741440992466803,1.4440583333333332,21.912341616274016,-0.10655113224307788
1531.212862085695,0.10109367191807121,leukocytes,SERUM,0.8,Decision Tree Regressor,GridSearchCV,1.741440992466803,1.4440583333333332,21.912341616274016,-0.10655113224307788
1145.516927051515,0.09668140378922324,leukocytes,SERUM,0.8,Decision Tree Regressor,GridSearchCV,1.741440992466803,1.4440583333333332,21.912341616274016,-0.10655113224307788
1517.713504359498,0.05080668666701106,leukocytes,SERUM,0.8,Decision Tree Regressor,GridSearchCV,1.741440992466803,1.4440583333333332,21.912341616274016,-0.10655113224307788
1051.021422968141,0.049535937060875085,leukocytes,SERUM,0.8,Decision Tree Regressor,GridSearchCV,1.741440992466803,1.4440583333333332,21.912341616274016,-0.10655113224307788
2719.156341990969,0.04369664160044169,leukocytes,SERUM,0.8,Decision Tree Regressor,GridSearchCV,1.741440992466803,1.4440583333333332,21.912341616274016,-0.10655113224307788
1575.567894614625,0.03828112723417991,leukocytes,SERUM,0.8,Decision Tree Regressor,GridSearchCV,1.741440992466803,1.4440583333333332,21.912341616274016,-0.10655113224307788
2711.442423290285,0.03680303550286665,leukocytes,SERUM,0.8,Decision Tree Regressor,GridSearchCV,1.741440992466803,1.4440583333333332,21.912341616274016,-0.10655113224307788
1294.009862039674,0.03372938527473519,leukocytes,SERUM,0.8,Decision Tree Regressor,GridSearchCV,1.741440992466803,1.4440583333333332,21.912341616274016,-0.10655113224307788
1160.944764452882,0.03329827331211245,leukocytes,SERUM,0.8,Decision Tree Regressor,GridSearchCV,1.741440992466803,1.4440583333333332,21.912341616274016,-0.10655113224307788
2721.08482166614,0.030365836941181806,leukocytes,SERUM,0.8,Decision Tree Regressor,GridSearchCV,1.741440992466803,1.4440583333333332,21.912341616274016,-0.10655113224307788
1027.87966686609,0.02552625635498927,leukocytes,SERUM,0.8,Decision Tree Regressor,GridSearchCV,1.741440992466803,1.4440583333333332,21.912341616274016,-0.10655113224307788
1540.855260461549,0.01686593309666542,leukocytes,SERUM,0.8,Decision Tree Regressor,GridSearchCV,1.741440992466803,1.4440583333333332,21.912341616274016,-0.10655113224307788
1006.66639043921,0.016851596191898327,leukocytes,SERUM,0.8,Decision Tree Regressor,GridSearchCV,1.741440992466803,1.4440583333333332,21.912341616274016,-0.10655113224307788
2977.572618463869,0.015132898456773037,leukocytes,SERUM,0.8,Decision Tree Regressor,GridSearchCV,1.741440992466803,1.4440583333333332,21.912341616274016,-0.10655113224307788
1533.141341760865,0.013782441119809804,leukocytes,SERUM,0.8,Decision Tree Regressor,GridSearchCV,1.741440992466803,1.4440583333333332,21.912341616274016,-0.10655113224307788
1484.929349881593,0.013106375230021677,leukocytes,SERUM,0.8,Decision Tree Regressor,GridSearchCV,1.741440992466803,1.4440583333333332,21.912341616274016,-0.10655113224307788
1141.659967701173,0.011497461935576896,leukocytes,SERUM,0.8,Decision Tree Regressor,GridSearchCV,1.741440992466803,1.4440583333333332,21.912341616274016,-0.10655113224307788
1120.446691274293,0.010351364624798734,leukocytes,SERUM,0.8,Decision Tree Regressor,GridSearchCV,1.741440992466803,1.4440583333333332,21.912341616274016,-0.10655113224307788
3050.854846120364,0.00889262328373884,leukocytes,URINE,0.8,Decision Tree Regressor,GridSearchCV,1.8062612228753507,1.3180263157894736,19.407626138073812,-0.2183482222979658
1689.348195449708,0.006501828915643149,leukocytes,URINE,0.8,Decision Tree Regressor,GridSearchCV,1.8062612228753507,1.3180263157894736,19.407626138073812,-0.2183482222979658
1687.419715774538,0.006107035435164902,leukocytes,URINE,0.8,Decision Tree Regressor,GridSearchCV,1.8062612228753507,1.3180263157894736,19.407626138073812,-0.2183482222979658
1693.20515480005,0.006088198888058192,leukocytes,URINE,0.8,Decision Tree Regressor,GridSearchCV,1.8062612228753507,1.3180263157894736,19.407626138073812,-0.2183482222979658
1691.276675124879,0.005888989052472794,leukocytes,URINE,0.8,Decision Tree Regressor,GridSearchCV,1.8062612228753507,1.3180263157894736,19.407626138073812,-0.2183482222979658
1695.133634475221,0.00578373169246457,leukocytes,URINE,0.8,Decision Tree Regressor,GridSearchCV,1.8062612228753507,1.3180263157894736,19.407626138073812,-0.2183482222979658
1685.491236099367,0.005355889042397816,leukocytes,URINE,0.8,Decision Tree Regressor,GridSearchCV,1.8062612228753507,1.3180263157894736,19.407626138073812,-0.2183482222979658
1683.562756424196,0.0050694815391874445,leukocytes,URINE,0.8,Decision Tree Regressor,GridSearchCV,1.8062612228753507,1.3180263157894736,19.407626138073812,-0.2183482222979658
1697.062114150392,0.00498985526364395,leukocytes,URINE,0.8,Decision Tree Regressor,GridSearchCV,1.8062612228753507,1.3180263157894736,19.407626138073812,-0.2183482222979658
1698.990593825563,0.004741747079361038,leukocytes,URINE,0.8,Decision Tree Regressor,GridSearchCV,1.8062612228753507,1.3180263157894736,19.407626138073812,-0.2183482222979658
1681.634276749025,0.0043787514391788775,leukocytes,URINE,0.8,Decision Tree Regressor,GridSearchCV,1.8062612228753507,1.3180263157894736,19.407626138073812,-0.2183482222979658
1700.919073500734,0.0042689954078618765,leukocytes,URINE,0.8,Decision Tree Regressor,GridSearchCV,1.8062612228753507,1.3180263157894736,19.407626138073812,-0.2183482222979658
1679.705797073854,0.003988055241399242,leukocytes,URINE,0.8,Decision Tree Regressor,GridSearchCV,1.8062612228753507,1.3180263157894736,19.407626138073812,-0.2183482222979658
1702.847553175905,0.003841368101464911,leukocytes,URINE,0.8,Decision Tree Regressor,GridSearchCV,1.8062612228753507,1.3180263157894736,19.407626138073812,-0.2183482222979658
1704.776032851076,0.0037234675020093094,leukocytes,URINE,0.8,Decision Tree Regressor,GridSearchCV,1.8062612228753507,1.3180263157894736,19.407626138073812,-0.2183482222979658
3037.355488394167,0.0036660267718574176,leukocytes,URINE,0.8,Decision Tree Regressor,GridSearchCV,1.8062612228753507,1.3180263157894736,19.407626138073812,-0.2183482222979658
1677.777317398683,0.0035982773671881284,leukocytes,URINE,0.8,Decision Tree Regressor,GridSearchCV,1.8062612228753507,1.3180263157894736,19.407626138073812,-0.2183482222979658
2865.720797303957,0.003576022873284735,leukocytes,URINE,0.8,Decision Tree Regressor,GridSearchCV,1.8062612228753507,1.3180263157894736,19.407626138073812,-0.2183482222979658
2867.649276979128,0.0035759080774788125,leukocytes,URINE,0.8,Decision Tree Regressor,GridSearchCV,1.8062612228753507,1.3180263157894736,19.407626138073812,-0.2183482222979658
2863.792317628786,0.003560873001725742,leukocytes,URINE,0.8,Decision Tree Regressor,GridSearchCV,1.8062612228753507,1.3180263157894736,19.407626138073812,-0.2183482222979658
1627.63684584424,0.1622763143269972,leukocytes,URINE,0.8,Decision Tree Regressor,GridSearchCV,2.320475223560445,1.731315789473684,24.88275409853915,-1.0107782932136429
1629.56532551941,0.079137490274536,leukocytes,URINE,0.8,Decision Tree Regressor,GridSearchCV,2.320475223560445,1.731315789473684,24.88275409853915,-1.0107782932136429
2759.654415169558,0.07891519395354016,leukocytes,URINE,0.8,Decision Tree Regressor,GridSearchCV,2.320475223560445,1.731315789473684,24.88275409853915,-1.0107782932136429
1583.281813315309,0.06468822940980329,leukocytes,URINE,0.8,Decision Tree Regressor,GridSearchCV,2.320475223560445,1.731315789473684,24.88275409853915,-1.0107782932136429
1693.20515480005,0.06002000666888946,leukocytes,URINE,0.8,Decision Tree Regressor,GridSearchCV,2.320475223560445,1.731315789473684,24.88275409853915,-1.0107782932136429
1002.809431088868,0.05223963543403366,leukocytes,URINE,0.8,Decision Tree Regressor,GridSearchCV,2.320475223560445,1.731315789473684,24.88275409853915,-1.0107782932136429
1658.492520646974,0.04401467155718584,leukocytes,URINE,0.8,Decision Tree Regressor,GridSearchCV,2.320475223560445,1.731315789473684,24.88275409853915,-1.0107782932136429
1820.48481336133,0.04245859731021458,leukocytes,URINE,0.8,Decision Tree Regressor,GridSearchCV,2.320475223560445,1.731315789473684,24.88275409853915,-1.0107782932136429
1741.417146679323,0.042236300989218795,leukocytes,URINE,0.8,Decision Tree Regressor,GridSearchCV,2.320475223560445,1.731315789473684,24.88275409853915,-1.0107782932136429
1238.083951459718,0.04223630098921876,leukocytes,URINE,0.8,Decision Tree Regressor,GridSearchCV,2.320475223560445,1.731315789473684,24.88275409853915,-1.0107782932136429
1650.77860194629,0.04056907858174949,leukocytes,URINE,0.8,Decision Tree Regressor,GridSearchCV,2.320475223560445,1.731315789473684,24.88275409853915,-1.0107782932136429
1137.803008350831,0.037234633766811194,leukocytes,URINE,0.8,Decision Tree Regressor,GridSearchCV,2.320475223560445,1.731315789473684,24.88275409853915,-1.0107782932136429
1585.21029299048,0.03612315216183166,leukocytes,URINE,0.8,Decision Tree Regressor,GridSearchCV,2.320475223560445,1.731315789473684,24.88275409853915,-1.0107782932136429
1035.593585566773,0.03556741135934205,leukocytes,URINE,0.8,Decision Tree Regressor,GridSearchCV,2.320475223560445,1.731315789473684,24.88275409853915,-1.0107782932136429
1344.150333594117,0.03534511503834616,leukocytes,URINE,0.8,Decision Tree Regressor,GridSearchCV,2.320475223560445,1.731315789473684,24.88275409853915,-1.0107782932136429
1280.510504313478,0.026675558519506547,leukocytes,URINE,0.8,Decision Tree Regressor,GridSearchCV,2.320475223560445,1.731315789473684,24.88275409853915,-1.0107782932136429
1575.567894614625,0.02511948427253526,leukocytes,URINE,0.8,Decision Tree Regressor,GridSearchCV,2.320475223560445,1.731315789473684,24.88275409853915,-1.0107782932136429
1727.917788953126,0.022229632099588788,leukocytes,URINE,0.8,Decision Tree Regressor,GridSearchCV,2.320475223560445,1.731315789473684,24.88275409853915,-1.0107782932136429
2994.928935540408,0.016449927753695692,leukocytes,URINE,0.8,Decision Tree Regressor,GridSearchCV,2.320475223560445,1.731315789473684,24.88275409853915,-1.0107782932136429
2672.872829786867,0.014893853506724479,leukocytes,URINE,0.8,Decision Tree Regressor,GridSearchCV,2.320475223560445,1.731315789473684,24.88275409853915,-1.0107782932136429
3050.854846120364,0.008892623283738847,leukocytes,URINE,0.8,Decision Tree Regressor,GridSearchCV,1.8062612228753507,1.3180263157894736,19.407626138073812,-0.2183482222979658
1689.348195449708,0.006501828915643144,leukocytes,URINE,0.8,Decision Tree Regressor,GridSearchCV,1.8062612228753507,1.3180263157894736,19.407626138073812,-0.2183482222979658
1687.419715774538,0.006107035435164892,leukocytes,URINE,0.8,Decision Tree Regressor,GridSearchCV,1.8062612228753507,1.3180263157894736,19.407626138073812,-0.2183482222979658
1693.20515480005,0.006088198888058186,leukocytes,URINE,0.8,Decision Tree Regressor,GridSearchCV,1.8062612228753507,1.3180263157894736,19.407626138073812,-0.2183482222979658
1691.276675124879,0.005888989052472788,leukocytes,URINE,0.8,Decision Tree Regressor,GridSearchCV,1.8062612228753507,1.3180263157894736,19.407626138073812,-0.2183482222979658
1695.133634475221,0.005783731692464564,leukocytes,URINE,0.8,Decision Tree Regressor,GridSearchCV,1.8062612228753507,1.3180263157894736,19.407626138073812,-0.2183482222979658
1685.491236099367,0.00535588904239781,leukocytes,URINE,0.8,Decision Tree Regressor,GridSearchCV,1.8062612228753507,1.3180263157894736,19.407626138073812,-0.2183482222979658
1683.562756424196,0.005069481539187442,leukocytes,URINE,0.8,Decision Tree Regressor,GridSearchCV,1.8062612228753507,1.3180263157894736,19.407626138073812,-0.2183482222979658
1697.062114150392,0.004989855263643944,leukocytes,URINE,0.8,Decision Tree Regressor,GridSearchCV,1.8062612228753507,1.3180263157894736,19.407626138073812,-0.2183482222979658
1698.990593825563,0.004741747079361034,leukocytes,URINE,0.8,Decision Tree Regressor,GridSearchCV,1.8062612228753507,1.3180263157894736,19.407626138073812,-0.2183482222979658
1681.634276749025,0.004378751439178874,leukocytes,URINE,0.8,Decision Tree Regressor,GridSearchCV,1.8062612228753507,1.3180263157894736,19.407626138073812,-0.2183482222979658
1700.919073500734,0.004268995407861873,leukocytes,URINE,0.8,Decision Tree Regressor,GridSearchCV,1.8062612228753507,1.3180263157894736,19.407626138073812,-0.2183482222979658
1679.705797073854,0.003988055241399235,leukocytes,URINE,0.8,Decision Tree Regressor,GridSearchCV,1.8062612228753507,1.3180263157894736,19.407626138073812,-0.2183482222979658
1702.847553175905,0.0038413681014649054,leukocytes,URINE,0.8,Decision Tree Regressor,GridSearchCV,1.8062612228753507,1.3180263157894736,19.407626138073812,-0.2183482222979658
1704.776032851076,0.0037234675020093046,leukocytes,URINE,0.8,Decision Tree Regressor,GridSearchCV,1.8062612228753507,1.3180263157894736,19.407626138073812,-0.2183482222979658
3037.355488394167,0.0036660267718574154,leukocytes,URINE,0.8,Decision Tree Regressor,GridSearchCV,1.8062612228753507,1.3180263157894736,19.407626138073812,-0.2183482222979658
1677.777317398683,0.003598277367188126,leukocytes,URINE,0.8,Decision Tree Regressor,GridSearchCV,1.8062612228753507,1.3180263157894736,19.407626138073812,-0.2183482222979658
2865.720797303957,0.003576022873284739,leukocytes,URINE,0.8,Decision Tree Regressor,GridSearchCV,1.8062612228753507,1.3180263157894736,19.407626138073812,-0.2183482222979658
2867.649276979128,0.0035759080774788116,leukocytes,URINE,0.8,Decision Tree Regressor,GridSearchCV,1.8062612228753507,1.3180263157894736,19.407626138073812,-0.2183482222979658
2863.792317628786,0.003560873001725741,leukocytes,URINE,0.8,Decision Tree Regressor,GridSearchCV,1.8062612228753507,1.3180263157894736,19.407626138073812,-0.2183482222979658
1627.63684584424,0.1622763143269972,leukocytes,URINE,0.8,Decision Tree Regressor,GridSearchCV,2.320475223560445,1.731315789473684,24.88275409853915,-1.0107782932136429
1629.56532551941,0.079137490274536,leukocytes,URINE,0.8,Decision Tree Regressor,GridSearchCV,2.320475223560445,1.731315789473684,24.88275409853915,-1.0107782932136429
2759.654415169558,0.07891519395354016,leukocytes,URINE,0.8,Decision Tree Regressor,GridSearchCV,2.320475223560445,1.731315789473684,24.88275409853915,-1.0107782932136429
1583.281813315309,0.06468822940980329,leukocytes,URINE,0.8,Decision Tree Regressor,GridSearchCV,2.320475223560445,1.731315789473684,24.88275409853915,-1.0107782932136429
1693.20515480005,0.06002000666888946,leukocytes,URINE,0.8,Decision Tree Regressor,GridSearchCV,2.320475223560445,1.731315789473684,24.88275409853915,-1.0107782932136429
1002.809431088868,0.05223963543403366,leukocytes,URINE,0.8,Decision Tree Regressor,GridSearchCV,2.320475223560445,1.731315789473684,24.88275409853915,-1.0107782932136429
1658.492520646974,0.04401467155718584,leukocytes,URINE,0.8,Decision Tree Regressor,GridSearchCV,2.320475223560445,1.731315789473684,24.88275409853915,-1.0107782932136429
1820.48481336133,0.04245859731021458,leukocytes,URINE,0.8,Decision Tree Regressor,GridSearchCV,2.320475223560445,1.731315789473684,24.88275409853915,-1.0107782932136429
1741.417146679323,0.042236300989218795,leukocytes,URINE,0.8,Decision Tree Regressor,GridSearchCV,2.320475223560445,1.731315789473684,24.88275409853915,-1.0107782932136429
1238.083951459718,0.04223630098921876,leukocytes,URINE,0.8,Decision Tree Regressor,GridSearchCV,2.320475223560445,1.731315789473684,24.88275409853915,-1.0107782932136429
1650.77860194629,0.04056907858174949,leukocytes,URINE,0.8,Decision Tree Regressor,GridSearchCV,2.320475223560445,1.731315789473684,24.88275409853915,-1.0107782932136429
1137.803008350831,0.037234633766811194,leukocytes,URINE,0.8,Decision Tree Regressor,GridSearchCV,2.320475223560445,1.731315789473684,24.88275409853915,-1.0107782932136429
1585.21029299048,0.03612315216183166,leukocytes,URINE,0.8,Decision Tree Regressor,GridSearchCV,2.320475223560445,1.731315789473684,24.88275409853915,-1.0107782932136429
1035.593585566773,0.03556741135934205,leukocytes,URINE,0.8,Decision Tree Regressor,GridSearchCV,2.320475223560445,1.731315789473684,24.88275409853915,-1.0107782932136429
1344.150333594117,0.03534511503834616,leukocytes,URINE,0.8,Decision Tree Regressor,GridSearchCV,2.320475223560445,1.731315789473684,24.88275409853915,-1.0107782932136429
1280.510504313478,0.026675558519506547,leukocytes,URINE,0.8,Decision Tree Regressor,GridSearchCV,2.320475223560445,1.731315789473684,24.88275409853915,-1.0107782932136429
1575.567894614625,0.02511948427253526,leukocytes,URINE,0.8,Decision Tree Regressor,GridSearchCV,2.320475223560445,1.731315789473684,24.88275409853915,-1.0107782932136429
1727.917788953126,0.022229632099588788,leukocytes,URINE,0.8,Decision Tree Regressor,GridSearchCV,2.320475223560445,1.731315789473684,24.88275409853915,-1.0107782932136429
2994.928935540408,0.016449927753695692,leukocytes,URINE,0.8,Decision Tree Regressor,GridSearchCV,2.320475223560445,1.731315789473684,24.88275409853915,-1.0107782932136429
2672.872829786867,0.014893853506724479,leukocytes,URINE,0.8,Decision Tree Regressor,GridSearchCV,2.320475223560445,1.731315789473684,24.88275409853915,-1.0107782932136429
3048.926366445193,0.017355190543698405,leukocytes,CAPILAR,0.8,XGBoost Regressor,GridSearchCV,1.440226171842099,1.200041416852902,19.685600315817886,0.07952062830426376
1641.136203570436,0.012034554257161796,leukocytes,CAPILAR,0.8,XGBoost Regressor,GridSearchCV,1.440226171842099,1.200041416852902,19.685600315817886,0.07952062830426376
1639.207723895265,0.010426882264562244,leukocytes,CAPILAR,0.8,XGBoost Regressor,GridSearchCV,1.440226171842099,1.200041416852902,19.685600315817886,0.07952062830426376
1643.064683245607,0.010082300439435006,leukocytes,CAPILAR,0.8,XGBoost Regressor,GridSearchCV,1.440226171842099,1.200041416852902,19.685600315817886,0.07952062830426376
3046.997886770022,0.009776102129463915,leukocytes,CAPILAR,0.8,XGBoost Regressor,GridSearchCV,1.440226171842099,1.200041416852902,19.685600315817886,0.07952062830426376
1637.279244220094,0.008473340681295042,leukocytes,CAPILAR,0.8,XGBoost Regressor,GridSearchCV,1.440226171842099,1.200041416852902,19.685600315817886,0.07952062830426376
958.4543985599371,0.007179455720934535,leukocytes,CAPILAR,0.8,XGBoost Regressor,GridSearchCV,1.440226171842099,1.200041416852902,19.685600315817886,0.07952062830426376
956.5259188847667,0.0070016148262878625,leukocytes,CAPILAR,0.8,XGBoost Regressor,GridSearchCV,1.440226171842099,1.200041416852902,19.685600315817886,0.07952062830426376
1635.350764544923,0.006753355463301735,leukocytes,CAPILAR,0.8,XGBoost Regressor,GridSearchCV,1.440226171842099,1.200041416852902,19.685600315817886,0.07952062830426376
1602.566610067018,0.006694321285166163,leukocytes,CAPILAR,0.8,XGBoost Regressor,GridSearchCV,1.440226171842099,1.200041416852902,19.685600315817886,0.07952062830426376
1702.847553175905,0.006662793369875595,leukocytes,CAPILAR,0.8,XGBoost Regressor,GridSearchCV,1.440226171842099,1.200041416852902,19.685600315817886,0.07952062830426376
1700.919073500734,0.0061890124694295254,leukocytes,CAPILAR,0.8,XGBoost Regressor,GridSearchCV,1.440226171842099,1.200041416852902,19.685600315817886,0.07952062830426376
960.3828782351084,0.005692175311225486,leukocytes,CAPILAR,0.8,XGBoost Regressor,GridSearchCV,1.440226171842099,1.200041416852902,19.685600315817886,0.07952062830426376
1033.665105891602,0.005554189423059552,leukocytes,CAPILAR,0.8,XGBoost Regressor,GridSearchCV,1.440226171842099,1.200041416852902,19.685600315817886,0.07952062830426376
1644.993162920778,0.005276613952705107,leukocytes,CAPILAR,0.8,XGBoost Regressor,GridSearchCV,1.440226171842099,1.200041416852902,19.685600315817886,0.07952062830426376
1035.593585566773,0.005264285726273053,leukocytes,CAPILAR,0.8,XGBoost Regressor,GridSearchCV,1.440226171842099,1.200041416852902,19.685600315817886,0.07952062830426376
1031.736626216432,0.005217070833278898,leukocytes,CAPILAR,0.8,XGBoost Regressor,GridSearchCV,1.440226171842099,1.200041416852902,19.685600315817886,0.07952062830426376
973.8822359613046,0.005156069834893377,leukocytes,CAPILAR,0.8,XGBoost Regressor,GridSearchCV,1.440226171842099,1.200041416852902,19.685600315817886,0.07952062830426376
1698.990593825563,0.0050976476853634685,leukocytes,CAPILAR,0.8,XGBoost Regressor,GridSearchCV,1.440226171842099,1.200041416852902,19.685600315817886,0.07952062830426376
1633.422284869752,0.005075937936390056,leukocytes,CAPILAR,0.8,XGBoost Regressor,GridSearchCV,1.440226171842099,1.200041416852902,19.685600315817886,0.07952062830426376
1683.562756424196,0.016301538795232773,leukocytes,CAPILAR,0.8,XGBoost Regressor,GridSearchCV,1.3814434887132794,1.1153738344632664,18.54542604238111,0.1531257842102105
1263.15418723694,0.01480663288384676,leukocytes,CAPILAR,0.8,XGBoost Regressor,GridSearchCV,1.3814434887132794,1.1153738344632664,18.54542604238111,0.1531257842102105
1380.791447422364,0.013872089795768261,leukocytes,CAPILAR,0.8,XGBoost Regressor,GridSearchCV,1.3814434887132794,1.1153738344632664,18.54542604238111,0.1531257842102105
1076.091658745362,0.01340686809271574,leukocytes,CAPILAR,0.8,XGBoost Regressor,GridSearchCV,1.3814434887132794,1.1153738344632664,18.54542604238111,0.1531257842102105
1226.513073408692,0.012447628192603588,leukocytes,CAPILAR,0.8,XGBoost Regressor,GridSearchCV,1.3814434887132794,1.1153738344632664,18.54542604238111,0.1531257842102105
1382.719927097535,0.01072505209594965,leukocytes,CAPILAR,0.8,XGBoost Regressor,GridSearchCV,1.3814434887132794,1.1153738344632664,18.54542604238111,0.1531257842102105
1321.008577492067,0.009547199122607708,leukocytes,CAPILAR,0.8,XGBoost Regressor,GridSearchCV,1.3814434887132794,1.1153738344632664,18.54542604238111,0.1531257842102105
1141.659967701173,0.00906921736896038,leukocytes,CAPILAR,0.8,XGBoost Regressor,GridSearchCV,1.3814434887132794,1.1153738344632664,18.54542604238111,0.1531257842102105
1824.341772711671,0.00892204511910677,leukocytes,CAPILAR,0.8,XGBoost Regressor,GridSearchCV,1.3814434887132794,1.1153738344632664,18.54542604238111,0.1531257842102105
1020.165748165406,0.008817891590297222,leukocytes,CAPILAR,0.8,XGBoost Regressor,GridSearchCV,1.3814434887132794,1.1153738344632664,18.54542604238111,0.1531257842102105
1139.731488026002,0.008634037338197231,leukocytes,CAPILAR,0.8,XGBoost Regressor,GridSearchCV,1.3814434887132794,1.1153738344632664,18.54542604238111,0.1531257842102105
1224.584593733522,0.008581949397921562,leukocytes,CAPILAR,0.8,XGBoost Regressor,GridSearchCV,1.3814434887132794,1.1153738344632664,18.54542604238111,0.1531257842102105
1373.077528721681,0.008544051088392735,leukocytes,CAPILAR,0.8,XGBoost Regressor,GridSearchCV,1.3814434887132794,1.1153738344632664,18.54542604238111,0.1531257842102105
952.6689595344246,0.008357787504792213,leukocytes,CAPILAR,0.8,XGBoost Regressor,GridSearchCV,1.3814434887132794,1.1153738344632664,18.54542604238111,0.1531257842102105
1232.298512434205,0.008230437524616718,leukocytes,CAPILAR,0.8,XGBoost Regressor,GridSearchCV,1.3814434887132794,1.1153738344632664,18.54542604238111,0.1531257842102105
1268.939626262452,0.008092773146927357,leukocytes,CAPILAR,0.8,XGBoost Regressor,GridSearchCV,1.3814434887132794,1.1153738344632664,18.54542604238111,0.1531257842102105
1170.587162828736,0.007792668417096138,leukocytes,CAPILAR,0.8,XGBoost Regressor,GridSearchCV,1.3814434887132794,1.1153738344632664,18.54542604238111,0.1531257842102105
1228.441553083863,0.00766940088942647,leukocytes,CAPILAR,0.8,XGBoost Regressor,GridSearchCV,1.3814434887132794,1.1153738344632664,18.54542604238111,0.1531257842102105
1598.709650716676,0.007660359609872103,leukocytes,CAPILAR,0.8,XGBoost Regressor,GridSearchCV,1.3814434887132794,1.1153738344632664,18.54542604238111,0.1531257842102105
2956.359342036989,0.007646320853382349,leukocytes,CAPILAR,0.8,XGBoost Regressor,GridSearchCV,1.3814434887132794,1.1153738344632664,18.54542604238111,0.1531257842102105
3048.926366445193,0.0173551905436984,leukocytes,CAPILAR,0.8,XGBoost Regressor,GridSearchCV,1.440226171842099,1.200041416852902,19.685600315817886,0.07952062830426376
1641.136203570436,0.0120345542571618,leukocytes,CAPILAR,0.8,XGBoost Regressor,GridSearchCV,1.440226171842099,1.200041416852902,19.685600315817886,0.07952062830426376
1639.207723895265,0.010426882264562244,leukocytes,CAPILAR,0.8,XGBoost Regressor,GridSearchCV,1.440226171842099,1.200041416852902,19.685600315817886,0.07952062830426376
1643.064683245607,0.010082300439435006,leukocytes,CAPILAR,0.8,XGBoost Regressor,GridSearchCV,1.440226171842099,1.200041416852902,19.685600315817886,0.07952062830426376
3046.997886770022,0.00977610212946392,leukocytes,CAPILAR,0.8,XGBoost Regressor,GridSearchCV,1.440226171842099,1.200041416852902,19.685600315817886,0.07952062830426376
1637.279244220094,0.008473340681295044,leukocytes,CAPILAR,0.8,XGBoost Regressor,GridSearchCV,1.440226171842099,1.200041416852902,19.685600315817886,0.07952062830426376
958.4543985599371,0.007179455720934534,leukocytes,CAPILAR,0.8,XGBoost Regressor,GridSearchCV,1.440226171842099,1.200041416852902,19.685600315817886,0.07952062830426376
956.5259188847667,0.007001614826287863,leukocytes,CAPILAR,0.8,XGBoost Regressor,GridSearchCV,1.440226171842099,1.200041416852902,19.685600315817886,0.07952062830426376
1635.350764544923,0.006753355463301739,leukocytes,CAPILAR,0.8,XGBoost Regressor,GridSearchCV,1.440226171842099,1.200041416852902,19.685600315817886,0.07952062830426376
1602.566610067018,0.006694321285166162,leukocytes,CAPILAR,0.8,XGBoost Regressor,GridSearchCV,1.440226171842099,1.200041416852902,19.685600315817886,0.07952062830426376
1702.847553175905,0.006662793369875598,leukocytes,CAPILAR,0.8,XGBoost Regressor,GridSearchCV,1.440226171842099,1.200041416852902,19.685600315817886,0.07952062830426376
1700.919073500734,0.006189012469429526,leukocytes,CAPILAR,0.8,XGBoost Regressor,GridSearchCV,1.440226171842099,1.200041416852902,19.685600315817886,0.07952062830426376
960.3828782351084,0.005692175311225487,leukocytes,CAPILAR,0.8,XGBoost Regressor,GridSearchCV,1.440226171842099,1.200041416852902,19.685600315817886,0.07952062830426376
1033.665105891602,0.005554189423059555,leukocytes,CAPILAR,0.8,XGBoost Regressor,GridSearchCV,1.440226171842099,1.200041416852902,19.685600315817886,0.07952062830426376
1644.993162920778,0.005276613952705101,leukocytes,CAPILAR,0.8,XGBoost Regressor,GridSearchCV,1.440226171842099,1.200041416852902,19.685600315817886,0.07952062830426376
1035.593585566773,0.005264285726273057,leukocytes,CAPILAR,0.8,XGBoost Regressor,GridSearchCV,1.440226171842099,1.200041416852902,19.685600315817886,0.07952062830426376
1031.736626216432,0.0052170708332789015,leukocytes,CAPILAR,0.8,XGBoost Regressor,GridSearchCV,1.440226171842099,1.200041416852902,19.685600315817886,0.07952062830426376
973.8822359613046,0.005156069834893377,leukocytes,CAPILAR,0.8,XGBoost Regressor,GridSearchCV,1.440226171842099,1.200041416852902,19.685600315817886,0.07952062830426376
1698.990593825563,0.0050976476853634685,leukocytes,CAPILAR,0.8,XGBoost Regressor,GridSearchCV,1.440226171842099,1.200041416852902,19.685600315817886,0.07952062830426376
1633.422284869752,0.005075937936390059,leukocytes,CAPILAR,0.8,XGBoost Regressor,GridSearchCV,1.440226171842099,1.200041416852902,19.685600315817886,0.07952062830426376
1683.562756424196,0.016301538795232773,leukocytes,CAPILAR,0.8,XGBoost Regressor,GridSearchCV,1.3814434887132794,1.1153738344632664,18.54542604238111,0.1531257842102105
1263.15418723694,0.01480663288384676,leukocytes,CAPILAR,0.8,XGBoost Regressor,GridSearchCV,1.3814434887132794,1.1153738344632664,18.54542604238111,0.1531257842102105
1380.791447422364,0.013872089795768261,leukocytes,CAPILAR,0.8,XGBoost Regressor,GridSearchCV,1.3814434887132794,1.1153738344632664,18.54542604238111,0.1531257842102105
1076.091658745362,0.01340686809271574,leukocytes,CAPILAR,0.8,XGBoost Regressor,GridSearchCV,1.3814434887132794,1.1153738344632664,18.54542604238111,0.1531257842102105
1226.513073408692,0.012447628192603588,leukocytes,CAPILAR,0.8,XGBoost Regressor,GridSearchCV,1.3814434887132794,1.1153738344632664,18.54542604238111,0.1531257842102105
1382.719927097535,0.01072505209594965,leukocytes,CAPILAR,0.8,XGBoost Regressor,GridSearchCV,1.3814434887132794,1.1153738344632664,18.54542604238111,0.1531257842102105
1321.008577492067,0.009547199122607708,leukocytes,CAPILAR,0.8,XGBoost Regressor,GridSearchCV,1.3814434887132794,1.1153738344632664,18.54542604238111,0.1531257842102105
1141.659967701173,0.00906921736896038,leukocytes,CAPILAR,0.8,XGBoost Regressor,GridSearchCV,1.3814434887132794,1.1153738344632664,18.54542604238111,0.1531257842102105
1824.341772711671,0.00892204511910677,leukocytes,CAPILAR,0.8,XGBoost Regressor,GridSearchCV,1.3814434887132794,1.1153738344632664,18.54542604238111,0.1531257842102105
1020.165748165406,0.008817891590297222,leukocytes,CAPILAR,0.8,XGBoost Regressor,GridSearchCV,1.3814434887132794,1.1153738344632664,18.54542604238111,0.1531257842102105
1139.731488026002,0.008634037338197231,leukocytes,CAPILAR,0.8,XGBoost Regressor,GridSearchCV,1.3814434887132794,1.1153738344632664,18.54542604238111,0.1531257842102105
1224.584593733522,0.008581949397921562,leukocytes,CAPILAR,0.8,XGBoost Regressor,GridSearchCV,1.3814434887132794,1.1153738344632664,18.54542604238111,0.1531257842102105
1373.077528721681,0.008544051088392735,leukocytes,CAPILAR,0.8,XGBoost Regressor,GridSearchCV,1.3814434887132794,1.1153738344632664,18.54542604238111,0.1531257842102105
952.6689595344246,0.008357787504792213,leukocytes,CAPILAR,0.8,XGBoost Regressor,GridSearchCV,1.3814434887132794,1.1153738344632664,18.54542604238111,0.1531257842102105
1232.298512434205,0.008230437524616718,leukocytes,CAPILAR,0.8,XGBoost Regressor,GridSearchCV,1.3814434887132794,1.1153738344632664,18.54542604238111,0.1531257842102105
1268.939626262452,0.008092773146927357,leukocytes,CAPILAR,0.8,XGBoost Regressor,GridSearchCV,1.3814434887132794,1.1153738344632664,18.54542604238111,0.1531257842102105
1170.587162828736,0.007792668417096138,leukocytes,CAPILAR,0.8,XGBoost Regressor,GridSearchCV,1.3814434887132794,1.1153738344632664,18.54542604238111,0.1531257842102105
1228.441553083863,0.00766940088942647,leukocytes,CAPILAR,0.8,XGBoost Regressor,GridSearchCV,1.3814434887132794,1.1153738344632664,18.54542604238111,0.1531257842102105
1598.709650716676,0.007660359609872103,leukocytes,CAPILAR,0.8,XGBoost Regressor,GridSearchCV,1.3814434887132794,1.1153738344632664,18.54542604238111,0.1531257842102105
2956.359342036989,0.007646320853382349,leukocytes,CAPILAR,0.8,XGBoost Regressor,GridSearchCV,1.3814434887132794,1.1153738344632664,18.54542604238111,0.1531257842102105
1151.302366077027,0.005285452859136828,leukocytes,PLASMA,0.8,XGBoost Regressor,GridSearchCV,1.7237429403269893,1.3899400665646509,24.246327305695907,-0.1101448726087706
1149.373886401856,0.0052174096591886205,leukocytes,PLASMA,0.8,XGBoost Regressor,GridSearchCV,1.7237429403269893,1.3899400665646509,24.246327305695907,-0.1101448726087706
1153.230845752198,0.005214043808709683,leukocytes,PLASMA,0.8,XGBoost Regressor,GridSearchCV,1.7237429403269893,1.3899400665646509,24.246327305695907,-0.1101448726087706
1147.445406726686,0.005059549977614214,leukocytes,PLASMA,0.8,XGBoost Regressor,GridSearchCV,1.7237429403269893,1.3899400665646509,24.246327305695907,-0.1101448726087706
1155.159325427369,0.005058295907238961,leukocytes,PLASMA,0.8,XGBoost Regressor,GridSearchCV,1.7237429403269893,1.3899400665646509,24.246327305695907,-0.1101448726087706
1110.804292898438,0.004981700990195066,leukocytes,PLASMA,0.8,XGBoost Regressor,GridSearchCV,1.7237429403269893,1.3899400665646509,24.246327305695907,-0.1101448726087706
1108.875813223267,0.0049487199380110125,leukocytes,PLASMA,0.8,XGBoost Regressor,GridSearchCV,1.7237429403269893,1.3899400665646509,24.246327305695907,-0.1101448726087706
1112.732772573609,0.004948005212945953,leukocytes,PLASMA,0.8,XGBoost Regressor,GridSearchCV,1.7237429403269893,1.3899400665646509,24.246327305695907,-0.1101448726087706
1145.516927051515,0.004887676534668923,leukocytes,PLASMA,0.8,XGBoost Regressor,GridSearchCV,1.7237429403269893,1.3899400665646509,24.246327305695907,-0.1101448726087706
1157.08780510254,0.004864557679140497,leukocytes,PLASMA,0.8,XGBoost Regressor,GridSearchCV,1.7237429403269893,1.3899400665646509,24.246327305695907,-0.1101448726087706
1114.66125224878,0.004854852739412985,leukocytes,PLASMA,0.8,XGBoost Regressor,GridSearchCV,1.7237429403269893,1.3899400665646509,24.246327305695907,-0.1101448726087706
1106.947333548097,0.004786388706355166,leukocytes,PLASMA,0.8,XGBoost Regressor,GridSearchCV,1.7237429403269893,1.3899400665646509,24.246327305695907,-0.1101448726087706
1143.588447376344,0.004738437893543971,leukocytes,PLASMA,0.8,XGBoost Regressor,GridSearchCV,1.7237429403269893,1.3899400665646509,24.246327305695907,-0.1101448726087706
1116.589731923951,0.004693901385392502,leukocytes,PLASMA,0.8,XGBoost Regressor,GridSearchCV,1.7237429403269893,1.3899400665646509,24.246327305695907,-0.1101448726087706
1141.659967701173,0.004633896995468043,leukocytes,PLASMA,0.8,XGBoost Regressor,GridSearchCV,1.7237429403269893,1.3899400665646509,24.246327305695907,-0.1101448726087706
1159.016284777711,0.00463135914870523,leukocytes,PLASMA,0.8,XGBoost Regressor,GridSearchCV,1.7237429403269893,1.3899400665646509,24.246327305695907,-0.1101448726087706
1139.731488026002,0.00456639887897041,leukocytes,PLASMA,0.8,XGBoost Regressor,GridSearchCV,1.7237429403269893,1.3899400665646509,24.246327305695907,-0.1101448726087706
1118.518211599122,0.00450046849120751,leukocytes,PLASMA,0.8,XGBoost Regressor,GridSearchCV,1.7237429403269893,1.3899400665646509,24.246327305695907,-0.1101448726087706
1137.803008350831,0.004496283427143868,leukocytes,PLASMA,0.8,XGBoost Regressor,GridSearchCV,1.7237429403269893,1.3899400665646509,24.246327305695907,-0.1101448726087706
1105.018853872926,0.004485592797193664,leukocytes,PLASMA,0.8,XGBoost Regressor,GridSearchCV,1.7237429403269893,1.3899400665646509,24.246327305695907,-0.1101448726087706
1513.856545009157,0.04211152344942093,leukocytes,PLASMA,0.8,XGBoost Regressor,GridSearchCV,1.719901448465558,1.3857538132440477,24.512573170327624,-0.10520230212763404
1500.35718728296,0.03449775651097298,leukocytes,PLASMA,0.8,XGBoost Regressor,GridSearchCV,1.719901448465558,1.3857538132440477,24.512573170327624,-0.10520230212763404
1519.641984034669,0.033423375338315964,leukocytes,PLASMA,0.8,XGBoost Regressor,GridSearchCV,1.719901448465558,1.3857538132440477,24.512573170327624,-0.10520230212763404
1199.5143579563,0.026419002562761307,leukocytes,PLASMA,0.8,XGBoost Regressor,GridSearchCV,1.719901448465558,1.3857538132440477,24.512573170327624,-0.10520230212763404
1492.643268582277,0.0259951651096344,leukocytes,PLASMA,0.8,XGBoost Regressor,GridSearchCV,1.719901448465558,1.3857538132440477,24.512573170327624,-0.10520230212763404
1045.235983942628,0.025568976998329163,leukocytes,PLASMA,0.8,XGBoost Regressor,GridSearchCV,1.719901448465558,1.3857538132440477,24.512573170327624,-0.10520230212763404
993.1670327130137,0.02297462709248066,leukocytes,PLASMA,0.8,XGBoost Regressor,GridSearchCV,1.719901448465558,1.3857538132440477,24.512573170327624,-0.10520230212763404
1147.445406726686,0.022090941667556763,leukocytes,PLASMA,0.8,XGBoost Regressor,GridSearchCV,1.719901448465558,1.3857538132440477,24.512573170327624,-0.10520230212763404
1725.989309277955,0.02115865796804428,leukocytes,PLASMA,0.8,XGBoost Regressor,GridSearchCV,1.719901448465558,1.3857538132440477,24.512573170327624,-0.10520230212763404
1490.714788907106,0.02099478989839554,leukocytes,PLASMA,0.8,XGBoost Regressor,GridSearchCV,1.719901448465558,1.3857538132440477,24.512573170327624,-0.10520230212763404
1049.092943292969,0.02098689042031765,leukocytes,PLASMA,0.8,XGBoost Regressor,GridSearchCV,1.719901448465558,1.3857538132440477,24.512573170327624,-0.10520230212763404
1039.450544917115,0.020898979157209396,leukocytes,PLASMA,0.8,XGBoost Regressor,GridSearchCV,1.719901448465558,1.3857538132440477,24.512573170327624,-0.10520230212763404
1012.451829464723,0.02066720649600029,leukocytes,PLASMA,0.8,XGBoost Regressor,GridSearchCV,1.719901448465558,1.3857538132440477,24.512573170327624,-0.10520230212763404
1727.917788953126,0.02037343941628933,leukocytes,PLASMA,0.8,XGBoost Regressor,GridSearchCV,1.719901448465558,1.3857538132440477,24.512573170327624,-0.10520230212763404
1741.417146679323,0.019016986712813377,leukocytes,PLASMA,0.8,XGBoost Regressor,GridSearchCV,1.719901448465558,1.3857538132440477,24.512573170327624,-0.10520230212763404
1554.354618187745,0.018845370039343834,leukocytes,PLASMA,0.8,XGBoost Regressor,GridSearchCV,1.719901448465558,1.3857538132440477,24.512573170327624,-0.10520230212763404
1722.132349927614,0.018303969874978065,leukocytes,PLASMA,0.8,XGBoost Regressor,GridSearchCV,1.719901448465558,1.3857538132440477,24.512573170327624,-0.10520230212763404
2967.930220088015,0.018217897042632103,leukocytes,PLASMA,0.8,XGBoost Regressor,GridSearchCV,1.719901448465558,1.3857538132440477,24.512573170327624,-0.10520230212763404
2736.512659067507,0.01785355620086193,leukocytes,PLASMA,0.8,XGBoost Regressor,GridSearchCV,1.719901448465558,1.3857538132440477,24.512573170327624,-0.10520230212763404
998.9524717385261,0.016074534505605698,leukocytes,PLASMA,0.8,XGBoost Regressor,GridSearchCV,1.719901448465558,1.3857538132440477,24.512573170327624,-0.10520230212763404
1151.302366077027,0.005285452859136845,leukocytes,PLASMA,0.8,XGBoost Regressor,GridSearchCV,1.7237429403269893,1.3899400665646509,24.246327305695907,-0.1101448726087706
1149.373886401856,0.005217409659188638,leukocytes,PLASMA,0.8,XGBoost Regressor,GridSearchCV,1.7237429403269893,1.3899400665646509,24.246327305695907,-0.1101448726087706
1153.230845752198,0.005214043808709701,leukocytes,PLASMA,0.8,XGBoost Regressor,GridSearchCV,1.7237429403269893,1.3899400665646509,24.246327305695907,-0.1101448726087706
1147.445406726686,0.005059549977614233,leukocytes,PLASMA,0.8,XGBoost Regressor,GridSearchCV,1.7237429403269893,1.3899400665646509,24.246327305695907,-0.1101448726087706
1155.159325427369,0.005058295907238978,leukocytes,PLASMA,0.8,XGBoost Regressor,GridSearchCV,1.7237429403269893,1.3899400665646509,24.246327305695907,-0.1101448726087706
1110.804292898438,0.004981700990195084,leukocytes,PLASMA,0.8,XGBoost Regressor,GridSearchCV,1.7237429403269893,1.3899400665646509,24.246327305695907,-0.1101448726087706
1108.875813223267,0.004948719938011031,leukocytes,PLASMA,0.8,XGBoost Regressor,GridSearchCV,1.7237429403269893,1.3899400665646509,24.246327305695907,-0.1101448726087706
1112.732772573609,0.004948005212945969,leukocytes,PLASMA,0.8,XGBoost Regressor,GridSearchCV,1.7237429403269893,1.3899400665646509,24.246327305695907,-0.1101448726087706
1145.516927051515,0.0048876765346689425,leukocytes,PLASMA,0.8,XGBoost Regressor,GridSearchCV,1.7237429403269893,1.3899400665646509,24.246327305695907,-0.1101448726087706
1157.08780510254,0.004864557679140512,leukocytes,PLASMA,0.8,XGBoost Regressor,GridSearchCV,1.7237429403269893,1.3899400665646509,24.246327305695907,-0.1101448726087706
1114.66125224878,0.004854852739413,leukocytes,PLASMA,0.8,XGBoost Regressor,GridSearchCV,1.7237429403269893,1.3899400665646509,24.246327305695907,-0.1101448726087706
1106.947333548097,0.004786388706355185,leukocytes,PLASMA,0.8,XGBoost Regressor,GridSearchCV,1.7237429403269893,1.3899400665646509,24.246327305695907,-0.1101448726087706
1143.588447376344,0.004738437893543988,leukocytes,PLASMA,0.8,XGBoost Regressor,GridSearchCV,1.7237429403269893,1.3899400665646509,24.246327305695907,-0.1101448726087706
1116.589731923951,0.0046939013853925194,leukocytes,PLASMA,0.8,XGBoost Regressor,GridSearchCV,1.7237429403269893,1.3899400665646509,24.246327305695907,-0.1101448726087706
1141.659967701173,0.00463389699546806,leukocytes,PLASMA,0.8,XGBoost Regressor,GridSearchCV,1.7237429403269893,1.3899400665646509,24.246327305695907,-0.1101448726087706
1159.016284777711,0.004631359148705246,leukocytes,PLASMA,0.8,XGBoost Regressor,GridSearchCV,1.7237429403269893,1.3899400665646509,24.246327305695907,-0.1101448726087706
1139.731488026002,0.00456639887897043,leukocytes,PLASMA,0.8,XGBoost Regressor,GridSearchCV,1.7237429403269893,1.3899400665646509,24.246327305695907,-0.1101448726087706
1118.518211599122,0.004500468491207526,leukocytes,PLASMA,0.8,XGBoost Regressor,GridSearchCV,1.7237429403269893,1.3899400665646509,24.246327305695907,-0.1101448726087706
1137.803008350831,0.004496283427143887,leukocytes,PLASMA,0.8,XGBoost Regressor,GridSearchCV,1.7237429403269893,1.3899400665646509,24.246327305695907,-0.1101448726087706
1105.018853872926,0.004485592797193685,leukocytes,PLASMA,0.8,XGBoost Regressor,GridSearchCV,1.7237429403269893,1.3899400665646509,24.246327305695907,-0.1101448726087706
1513.856545009157,0.04211152344942093,leukocytes,PLASMA,0.8,XGBoost Regressor,GridSearchCV,1.719901448465558,1.3857538132440477,24.512573170327624,-0.10520230212763404
1500.35718728296,0.03449775651097298,leukocytes,PLASMA,0.8,XGBoost Regressor,GridSearchCV,1.719901448465558,1.3857538132440477,24.512573170327624,-0.10520230212763404
1519.641984034669,0.033423375338315964,leukocytes,PLASMA,0.8,XGBoost Regressor,GridSearchCV,1.719901448465558,1.3857538132440477,24.512573170327624,-0.10520230212763404
1199.5143579563,0.026419002562761307,leukocytes,PLASMA,0.8,XGBoost Regressor,GridSearchCV,1.719901448465558,1.3857538132440477,24.512573170327624,-0.10520230212763404
1492.643268582277,0.0259951651096344,leukocytes,PLASMA,0.8,XGBoost Regressor,GridSearchCV,1.719901448465558,1.3857538132440477,24.512573170327624,-0.10520230212763404
1045.235983942628,0.025568976998329163,leukocytes,PLASMA,0.8,XGBoost Regressor,GridSearchCV,1.719901448465558,1.3857538132440477,24.512573170327624,-0.10520230212763404
993.1670327130137,0.02297462709248066,leukocytes,PLASMA,0.8,XGBoost Regressor,GridSearchCV,1.719901448465558,1.3857538132440477,24.512573170327624,-0.10520230212763404
1147.445406726686,0.022090941667556763,leukocytes,PLASMA,0.8,XGBoost Regressor,GridSearchCV,1.719901448465558,1.3857538132440477,24.512573170327624,-0.10520230212763404
1725.989309277955,0.02115865796804428,leukocytes,PLASMA,0.8,XGBoost Regressor,GridSearchCV,1.719901448465558,1.3857538132440477,24.512573170327624,-0.10520230212763404
1490.714788907106,0.02099478989839554,leukocytes,PLASMA,0.8,XGBoost Regressor,GridSearchCV,1.719901448465558,1.3857538132440477,24.512573170327624,-0.10520230212763404
1049.092943292969,0.02098689042031765,leukocytes,PLASMA,0.8,XGBoost Regressor,GridSearchCV,1.719901448465558,1.3857538132440477,24.512573170327624,-0.10520230212763404
1039.450544917115,0.020898979157209396,leukocytes,PLASMA,0.8,XGBoost Regressor,GridSearchCV,1.719901448465558,1.3857538132440477,24.512573170327624,-0.10520230212763404
1012.451829464723,0.02066720649600029,leukocytes,PLASMA,0.8,XGBoost Regressor,GridSearchCV,1.719901448465558,1.3857538132440477,24.512573170327624,-0.10520230212763404
1727.917788953126,0.02037343941628933,leukocytes,PLASMA,0.8,XGBoost Regressor,GridSearchCV,1.719901448465558,1.3857538132440477,24.512573170327624,-0.10520230212763404
1741.417146679323,0.019016986712813377,leukocytes,PLASMA,0.8,XGBoost Regressor,GridSearchCV,1.719901448465558,1.3857538132440477,24.512573170327624,-0.10520230212763404
1554.354618187745,0.018845370039343834,leukocytes,PLASMA,0.8,XGBoost Regressor,GridSearchCV,1.719901448465558,1.3857538132440477,24.512573170327624,-0.10520230212763404
1722.132349927614,0.018303969874978065,leukocytes,PLASMA,0.8,XGBoost Regressor,GridSearchCV,1.719901448465558,1.3857538132440477,24.512573170327624,-0.10520230212763404
2967.930220088015,0.018217897042632103,leukocytes,PLASMA,0.8,XGBoost Regressor,GridSearchCV,1.719901448465558,1.3857538132440477,24.512573170327624,-0.10520230212763404
2736.512659067507,0.01785355620086193,leukocytes,PLASMA,0.8,XGBoost Regressor,GridSearchCV,1.719901448465558,1.3857538132440477,24.512573170327624,-0.10520230212763404
998.9524717385261,0.016074534505605698,leukocytes,PLASMA,0.8,XGBoost Regressor,GridSearchCV,1.719901448465558,1.3857538132440477,24.512573170327624,-0.10520230212763404
3045.069407094851,0.008536191127120587,leukocytes,SALIVA,0.8,XGBoost Regressor,GridSearchCV,1.8456944921459066,1.5353612904321579,26.415280004102414,-0.019892588394818667
3043.14092741968,0.00827427165041743,leukocytes,SALIVA,0.8,XGBoost Regressor,GridSearchCV,1.8456944921459066,1.5353612904321579,26.415280004102414,-0.019892588394818667
3046.997886770022,0.005390115129116524,leukocytes,SALIVA,0.8,XGBoost Regressor,GridSearchCV,1.8456944921459066,1.5353612904321579,26.415280004102414,-0.019892588394818667
1747.202585704835,0.004752640232852427,leukocytes,SALIVA,0.8,XGBoost Regressor,GridSearchCV,1.8456944921459066,1.5353612904321579,26.415280004102414,-0.019892588394818667
1745.274106029664,0.004642818818226037,leukocytes,SALIVA,0.8,XGBoost Regressor,GridSearchCV,1.8456944921459066,1.5353612904321579,26.415280004102414,-0.019892588394818667
1749.131065380006,0.004615344095679308,leukocytes,SALIVA,0.8,XGBoost Regressor,GridSearchCV,1.8456944921459066,1.5353612904321579,26.415280004102414,-0.019892588394818667
1743.345626354494,0.004472022458248248,leukocytes,SALIVA,0.8,XGBoost Regressor,GridSearchCV,1.8456944921459066,1.5353612904321579,26.415280004102414,-0.019892588394818667
954.5974392095954,0.0044715105871248675,leukocytes,SALIVA,0.8,XGBoost Regressor,GridSearchCV,1.8456944921459066,1.5353612904321579,26.415280004102414,-0.019892588394818667
1751.059545055177,0.004239945023233581,leukocytes,SALIVA,0.8,XGBoost Regressor,GridSearchCV,1.8456944921459066,1.5353612904321579,26.415280004102414,-0.019892588394818667
2692.157626538576,0.004157822938970907,leukocytes,SALIVA,0.8,XGBoost Regressor,GridSearchCV,1.8456944921459066,1.5353612904321579,26.415280004102414,-0.019892588394818667
1741.417146679323,0.004039259976676513,leukocytes,SALIVA,0.8,XGBoost Regressor,GridSearchCV,1.8456944921459066,1.5353612904321579,26.415280004102414,-0.019892588394818667
2690.229146863405,0.004021740729954259,leukocytes,SALIVA,0.8,XGBoost Regressor,GridSearchCV,1.8456944921459066,1.5353612904321579,26.415280004102414,-0.019892588394818667
2998.785894890749,0.0039995187978777704,leukocytes,SALIVA,0.8,XGBoost Regressor,GridSearchCV,1.8456944921459066,1.5353612904321579,26.415280004102414,-0.019892588394818667
956.5259188847667,0.003943583790868405,leukocytes,SALIVA,0.8,XGBoost Regressor,GridSearchCV,1.8456944921459066,1.5353612904321579,26.415280004102414,-0.019892588394818667
2985.286537164553,0.003943512745515007,leukocytes,SALIVA,0.8,XGBoost Regressor,GridSearchCV,1.8456944921459066,1.5353612904321579,26.415280004102414,-0.019892588394818667
3041.212447744509,0.003922401733637202,leukocytes,SALIVA,0.8,XGBoost Regressor,GridSearchCV,1.8456944921459066,1.5353612904321579,26.415280004102414,-0.019892588394818667
2996.857415215578,0.0038862661511017108,leukocytes,SALIVA,0.8,XGBoost Regressor,GridSearchCV,1.8456944921459066,1.5353612904321579,26.415280004102414,-0.019892588394818667
3033.498529043825,0.003838401343902763,leukocytes,SALIVA,0.8,XGBoost Regressor,GridSearchCV,1.8456944921459066,1.5353612904321579,26.415280004102414,-0.019892588394818667
2987.215016839724,0.0038326269369388004,leukocytes,SALIVA,0.8,XGBoost Regressor,GridSearchCV,1.8456944921459066,1.5353612904321579,26.415280004102414,-0.019892588394818667
2983.358057489382,0.003814655433623786,leukocytes,SALIVA,0.8,XGBoost Regressor,GridSearchCV,1.8456944921459066,1.5353612904321579,26.415280004102414,-0.019892588394818667
3018.070691642458,0.021532049402594566,leukocytes,SALIVA,0.8,XGBoost Regressor,GridSearchCV,1.8325848143811816,1.4785569272722516,25.440193392268682,-0.005455768979320874
3019.999171317629,0.014026208780705929,leukocytes,SALIVA,0.8,XGBoost Regressor,GridSearchCV,1.8325848143811816,1.4785569272722516,25.440193392268682,-0.005455768979320874
3014.213732292117,0.014015771448612213,leukocytes,SALIVA,0.8,XGBoost Regressor,GridSearchCV,1.8325848143811816,1.4785569272722516,25.440193392268682,-0.005455768979320874
3006.499813591433,0.013679073192179203,leukocytes,SALIVA,0.8,XGBoost Regressor,GridSearchCV,1.8325848143811816,1.4785569272722516,25.440193392268682,-0.005455768979320874
3021.9276509928,0.01343564037233591,leukocytes,SALIVA,0.8,XGBoost Regressor,GridSearchCV,1.8325848143811816,1.4785569272722516,25.440193392268682,-0.005455768979320874
2989.143496514895,0.013247924856841564,leukocytes,SALIVA,0.8,XGBoost Regressor,GridSearchCV,1.8325848143811816,1.4785569272722516,25.440193392268682,-0.005455768979320874
1286.29594333899,0.010747923515737057,leukocytes,SALIVA,0.8,XGBoost Regressor,GridSearchCV,1.8325848143811816,1.4785569272722516,25.440193392268682,-0.005455768979320874
931.4556831075452,0.010539808310568333,leukocytes,SALIVA,0.8,XGBoost Regressor,GridSearchCV,1.8325848143811816,1.4785569272722516,25.440193392268682,-0.005455768979320874
2805.937927373659,0.010528932325541973,leukocytes,SALIVA,0.8,XGBoost Regressor,GridSearchCV,1.8325848143811816,1.4785569272722516,25.440193392268682,-0.005455768979320874
3012.285252616945,0.010276607237756252,leukocytes,SALIVA,0.8,XGBoost Regressor,GridSearchCV,1.8325848143811816,1.4785569272722516,25.440193392268682,-0.005455768979320874
1284.367463663819,0.01012511271983385,leukocytes,SALIVA,0.8,XGBoost Regressor,GridSearchCV,1.8325848143811816,1.4785569272722516,25.440193392268682,-0.005455768979320874
2674.801309462038,0.00981613527983427,leukocytes,SALIVA,0.8,XGBoost Regressor,GridSearchCV,1.8325848143811816,1.4785569272722516,25.440193392268682,-0.005455768979320874
1280.510504313478,0.009704146534204483,leukocytes,SALIVA,0.8,XGBoost Regressor,GridSearchCV,1.8325848143811816,1.4785569272722516,25.440193392268682,-0.005455768979320874
2979.501098139041,0.009313086047768593,leukocytes,SALIVA,0.8,XGBoost Regressor,GridSearchCV,1.8325848143811816,1.4785569272722516,25.440193392268682,-0.005455768979320874
1108.875813223267,0.009273434989154339,leukocytes,SALIVA,0.8,XGBoost Regressor,GridSearchCV,1.8325848143811816,1.4785569272722516,25.440193392268682,-0.005455768979320874
2975.644138788698,0.009230345487594604,leukocytes,SALIVA,0.8,XGBoost Regressor,GridSearchCV,1.8325848143811816,1.4785569272722516,25.440193392268682,-0.005455768979320874
2933.217585934939,0.009198115207254887,leukocytes,SALIVA,0.8,XGBoost Regressor,GridSearchCV,1.8325848143811816,1.4785569272722516,25.440193392268682,-0.005455768979320874
1085.734057121217,0.009177125990390778,leukocytes,SALIVA,0.8,XGBoost Regressor,GridSearchCV,1.8325848143811816,1.4785569272722516,25.440193392268682,-0.005455768979320874
1581.353333640138,0.00917179137468338,leukocytes,SALIVA,0.8,XGBoost Regressor,GridSearchCV,1.8325848143811816,1.4785569272722516,25.440193392268682,-0.005455768979320874
1365.363610020997,0.009150737896561623,leukocytes,SALIVA,0.8,XGBoost Regressor,GridSearchCV,1.8325848143811816,1.4785569272722516,25.440193392268682,-0.005455768979320874
3045.069407094851,0.008536191127120587,leukocytes,SALIVA,0.8,XGBoost Regressor,GridSearchCV,1.8456944921459066,1.5353612904321579,26.415280004102414,-0.019892588394818667
3043.14092741968,0.008274271650417426,leukocytes,SALIVA,0.8,XGBoost Regressor,GridSearchCV,1.8456944921459066,1.5353612904321579,26.415280004102414,-0.019892588394818667
3046.997886770022,0.005390115129116523,leukocytes,SALIVA,0.8,XGBoost Regressor,GridSearchCV,1.8456944921459066,1.5353612904321579,26.415280004102414,-0.019892588394818667
1747.202585704835,0.0047526402328524255,leukocytes,SALIVA,0.8,XGBoost Regressor,GridSearchCV,1.8456944921459066,1.5353612904321579,26.415280004102414,-0.019892588394818667
1745.274106029664,0.004642818818226036,leukocytes,SALIVA,0.8,XGBoost Regressor,GridSearchCV,1.8456944921459066,1.5353612904321579,26.415280004102414,-0.019892588394818667
1749.131065380006,0.004615344095679307,leukocytes,SALIVA,0.8,XGBoost Regressor,GridSearchCV,1.8456944921459066,1.5353612904321579,26.415280004102414,-0.019892588394818667
1743.345626354494,0.004472022458248246,leukocytes,SALIVA,0.8,XGBoost Regressor,GridSearchCV,1.8456944921459066,1.5353612904321579,26.415280004102414,-0.019892588394818667
954.5974392095954,0.004471510587124873,leukocytes,SALIVA,0.8,XGBoost Regressor,GridSearchCV,1.8456944921459066,1.5353612904321579,26.415280004102414,-0.019892588394818667
1751.059545055177,0.00423994502323358,leukocytes,SALIVA,0.8,XGBoost Regressor,GridSearchCV,1.8456944921459066,1.5353612904321579,26.415280004102414,-0.019892588394818667
2692.157626538576,0.004157822938970905,leukocytes,SALIVA,0.8,XGBoost Regressor,GridSearchCV,1.8456944921459066,1.5353612904321579,26.415280004102414,-0.019892588394818667
1741.417146679323,0.00403925997667651,leukocytes,SALIVA,0.8,XGBoost Regressor,GridSearchCV,1.8456944921459066,1.5353612904321579,26.415280004102414,-0.019892588394818667
2690.229146863405,0.004021740729954259,leukocytes,SALIVA,0.8,XGBoost Regressor,GridSearchCV,1.8456944921459066,1.5353612904321579,26.415280004102414,-0.019892588394818667
2998.785894890749,0.003999518797877771,leukocytes,SALIVA,0.8,XGBoost Regressor,GridSearchCV,1.8456944921459066,1.5353612904321579,26.415280004102414,-0.019892588394818667
956.5259188847667,0.003943583790868406,leukocytes,SALIVA,0.8,XGBoost Regressor,GridSearchCV,1.8456944921459066,1.5353612904321579,26.415280004102414,-0.019892588394818667
2985.286537164553,0.003943512745515007,leukocytes,SALIVA,0.8,XGBoost Regressor,GridSearchCV,1.8456944921459066,1.5353612904321579,26.415280004102414,-0.019892588394818667
3041.212447744509,0.003922401733637201,leukocytes,SALIVA,0.8,XGBoost Regressor,GridSearchCV,1.8456944921459066,1.5353612904321579,26.415280004102414,-0.019892588394818667
2996.857415215578,0.003886266151101711,leukocytes,SALIVA,0.8,XGBoost Regressor,GridSearchCV,1.8456944921459066,1.5353612904321579,26.415280004102414,-0.019892588394818667
3033.498529043825,0.003838401343902763,leukocytes,SALIVA,0.8,XGBoost Regressor,GridSearchCV,1.8456944921459066,1.5353612904321579,26.415280004102414,-0.019892588394818667
2987.215016839724,0.0038326269369388,leukocytes,SALIVA,0.8,XGBoost Regressor,GridSearchCV,1.8456944921459066,1.5353612904321579,26.415280004102414,-0.019892588394818667
2983.358057489382,0.0038146554336237854,leukocytes,SALIVA,0.8,XGBoost Regressor,GridSearchCV,1.8456944921459066,1.5353612904321579,26.415280004102414,-0.019892588394818667
3018.070691642458,0.021532049402594566,leukocytes,SALIVA,0.8,XGBoost Regressor,GridSearchCV,1.8325848143811816,1.4785569272722516,25.440193392268682,-0.005455768979320874
3019.999171317629,0.014026208780705929,leukocytes,SALIVA,0.8,XGBoost Regressor,GridSearchCV,1.8325848143811816,1.4785569272722516,25.440193392268682,-0.005455768979320874
3014.213732292117,0.014015771448612213,leukocytes,SALIVA,0.8,XGBoost Regressor,GridSearchCV,1.8325848143811816,1.4785569272722516,25.440193392268682,-0.005455768979320874
3006.499813591433,0.013679073192179203,leukocytes,SALIVA,0.8,XGBoost Regressor,GridSearchCV,1.8325848143811816,1.4785569272722516,25.440193392268682,-0.005455768979320874
3021.9276509928,0.01343564037233591,leukocytes,SALIVA,0.8,XGBoost Regressor,GridSearchCV,1.8325848143811816,1.4785569272722516,25.440193392268682,-0.005455768979320874
2989.143496514895,0.013247924856841564,leukocytes,SALIVA,0.8,XGBoost Regressor,GridSearchCV,1.8325848143811816,1.4785569272722516,25.440193392268682,-0.005455768979320874
1286.29594333899,0.010747923515737057,leukocytes,SALIVA,0.8,XGBoost Regressor,GridSearchCV,1.8325848143811816,1.4785569272722516,25.440193392268682,-0.005455768979320874
931.4556831075452,0.010539808310568333,leukocytes,SALIVA,0.8,XGBoost Regressor,GridSearchCV,1.8325848143811816,1.4785569272722516,25.440193392268682,-0.005455768979320874
2805.937927373659,0.010528932325541973,leukocytes,SALIVA,0.8,XGBoost Regressor,GridSearchCV,1.8325848143811816,1.4785569272722516,25.440193392268682,-0.005455768979320874
3012.285252616945,0.010276607237756252,leukocytes,SALIVA,0.8,XGBoost Regressor,GridSearchCV,1.8325848143811816,1.4785569272722516,25.440193392268682,-0.005455768979320874
1284.367463663819,0.01012511271983385,leukocytes,SALIVA,0.8,XGBoost Regressor,GridSearchCV,1.8325848143811816,1.4785569272722516,25.440193392268682,-0.005455768979320874
2674.801309462038,0.00981613527983427,leukocytes,SALIVA,0.8,XGBoost Regressor,GridSearchCV,1.8325848143811816,1.4785569272722516,25.440193392268682,-0.005455768979320874
1280.510504313478,0.009704146534204483,leukocytes,SALIVA,0.8,XGBoost Regressor,GridSearchCV,1.8325848143811816,1.4785569272722516,25.440193392268682,-0.005455768979320874
2979.501098139041,0.009313086047768593,leukocytes,SALIVA,0.8,XGBoost Regressor,GridSearchCV,1.8325848143811816,1.4785569272722516,25.440193392268682,-0.005455768979320874
1108.875813223267,0.009273434989154339,leukocytes,SALIVA,0.8,XGBoost Regressor,GridSearchCV,1.8325848143811816,1.4785569272722516,25.440193392268682,-0.005455768979320874
2975.644138788698,0.009230345487594604,leukocytes,SALIVA,0.8,XGBoost Regressor,GridSearchCV,1.8325848143811816,1.4785569272722516,25.440193392268682,-0.005455768979320874
2933.217585934939,0.009198115207254887,leukocytes,SALIVA,0.8,XGBoost Regressor,GridSearchCV,1.8325848143811816,1.4785569272722516,25.440193392268682,-0.005455768979320874
1085.734057121217,0.009177125990390778,leukocytes,SALIVA,0.8,XGBoost Regressor,GridSearchCV,1.8325848143811816,1.4785569272722516,25.440193392268682,-0.005455768979320874
1581.353333640138,0.00917179137468338,leukocytes,SALIVA,0.8,XGBoost Regressor,GridSearchCV,1.8325848143811816,1.4785569272722516,25.440193392268682,-0.005455768979320874
1365.363610020997,0.009150737896561623,leukocytes,SALIVA,0.8,XGBoost Regressor,GridSearchCV,1.8325848143811816,1.4785569272722516,25.440193392268682,-0.005455768979320874
1388.505366123048,0.007345161484065667,leukocytes,SERUM,0.8,XGBoost Regressor,GridSearchCV,1.5171503123858678,1.2180995507240298,18.096378772969697,0.16013171451740826
1386.576886447877,0.006949868891998072,leukocytes,SERUM,0.8,XGBoost Regressor,GridSearchCV,1.5171503123858678,1.2180995507240298,18.096378772969697,0.16013171451740826
1390.433845798219,0.00668920006206955,leukocytes,SERUM,0.8,XGBoost Regressor,GridSearchCV,1.5171503123858678,1.2180995507240298,18.096378772969697,0.16013171451740826
1392.36232547339,0.005874232762292867,leukocytes,SERUM,0.8,XGBoost Regressor,GridSearchCV,1.5171503123858678,1.2180995507240298,18.096378772969697,0.16013171451740826
1394.290805148561,0.005382991666910852,leukocytes,SERUM,0.8,XGBoost Regressor,GridSearchCV,1.5171503123858678,1.2180995507240298,18.096378772969697,0.16013171451740826
1384.648406772706,0.005331527244083898,leukocytes,SERUM,0.8,XGBoost Regressor,GridSearchCV,1.5171503123858678,1.2180995507240298,18.096378772969697,0.16013171451740826
1475.286951505739,0.005105347794227129,leukocytes,SERUM,0.8,XGBoost Regressor,GridSearchCV,1.5171503123858678,1.2180995507240298,18.096378772969697,0.16013171451740826
1477.215431180909,0.005026077966833594,leukocytes,SERUM,0.8,XGBoost Regressor,GridSearchCV,1.5171503123858678,1.2180995507240298,18.096378772969697,0.16013171451740826
1473.358471830568,0.004975738505509574,leukocytes,SERUM,0.8,XGBoost Regressor,GridSearchCV,1.5171503123858678,1.2180995507240298,18.096378772969697,0.16013171451740826
1396.219284823732,0.00496801329874105,leukocytes,SERUM,0.8,XGBoost Regressor,GridSearchCV,1.5171503123858678,1.2180995507240298,18.096378772969697,0.16013171451740826
2719.156341990969,0.00484713600742144,leukocytes,SERUM,0.8,XGBoost Regressor,GridSearchCV,1.5171503123858678,1.2180995507240298,18.096378772969697,0.16013171451740826
1479.14391085608,0.004797358354695904,leukocytes,SERUM,0.8,XGBoost Regressor,GridSearchCV,1.5171503123858678,1.2180995507240298,18.096378772969697,0.16013171451740826
1481.072390531251,0.004782079393621728,leukocytes,SERUM,0.8,XGBoost Regressor,GridSearchCV,1.5171503123858678,1.2180995507240298,18.096378772969697,0.16013171451740826
1471.429992155397,0.004645376005344715,leukocytes,SERUM,0.8,XGBoost Regressor,GridSearchCV,1.5171503123858678,1.2180995507240298,18.096378772969697,0.16013171451740826
1483.000870206422,0.004613148157824985,leukocytes,SERUM,0.8,XGBoost Regressor,GridSearchCV,1.5171503123858678,1.2180995507240298,18.096378772969697,0.16013171451740826
1398.147764498902,0.004589014691317106,leukocytes,SERUM,0.8,XGBoost Regressor,GridSearchCV,1.5171503123858678,1.2180995507240298,18.096378772969697,0.16013171451740826
1484.929349881593,0.004541729842816235,leukocytes,SERUM,0.8,XGBoost Regressor,GridSearchCV,1.5171503123858678,1.2180995507240298,18.096378772969697,0.16013171451740826
1486.857829556764,0.004421981689317715,leukocytes,SERUM,0.8,XGBoost Regressor,GridSearchCV,1.5171503123858678,1.2180995507240298,18.096378772969697,0.16013171451740826
1429.003439301637,0.004346542317243437,leukocytes,SERUM,0.8,XGBoost Regressor,GridSearchCV,1.5171503123858678,1.2180995507240298,18.096378772969697,0.16013171451740826
1427.074959626466,0.004339496158330408,leukocytes,SERUM,0.8,XGBoost Regressor,GridSearchCV,1.5171503123858678,1.2180995507240298,18.096378772969697,0.16013171451740826
1515.785024684327,0.020816845819354057,leukocytes,SERUM,0.8,XGBoost Regressor,GridSearchCV,1.5638480361033236,1.2508695001602175,19.011829180366284,0.1076339105006644
1567.853975913942,0.017684295773506165,leukocytes,SERUM,0.8,XGBoost Regressor,GridSearchCV,1.5638480361033236,1.2508695001602175,19.011829180366284,0.1076339105006644
1573.639414939454,0.017669573426246643,leukocytes,SERUM,0.8,XGBoost Regressor,GridSearchCV,1.5638480361033236,1.2508695001602175,19.011829180366284,0.1076339105006644
1569.782455589112,0.017472906038165092,leukocytes,SERUM,0.8,XGBoost Regressor,GridSearchCV,1.5638480361033236,1.2508695001602175,19.011829180366284,0.1076339105006644
1571.710935264284,0.016214564442634583,leukocytes,SERUM,0.8,XGBoost Regressor,GridSearchCV,1.5638480361033236,1.2508695001602175,19.011829180366284,0.1076339105006644
1164.801723803224,0.016008645296096802,leukocytes,SERUM,0.8,XGBoost Regressor,GridSearchCV,1.5638480361033236,1.2508695001602175,19.011829180366284,0.1076339105006644
1565.925496238771,0.015224269591271877,leukocytes,SERUM,0.8,XGBoost Regressor,GridSearchCV,1.5638480361033236,1.2508695001602175,19.011829180366284,0.1076339105006644
1137.803008350831,0.015093001537024975,leukocytes,SERUM,0.8,XGBoost Regressor,GridSearchCV,1.5638480361033236,1.2508695001602175,19.011829180366284,0.1076339105006644
1120.446691274293,0.01447642594575882,leukocytes,SERUM,0.8,XGBoost Regressor,GridSearchCV,1.5638480361033236,1.2508695001602175,19.011829180366284,0.1076339105006644
1143.588447376344,0.013859834522008896,leukocytes,SERUM,0.8,XGBoost Regressor,GridSearchCV,1.5638480361033236,1.2508695001602175,19.011829180366284,0.1076339105006644
1157.08780510254,0.013589576818048954,leukocytes,SERUM,0.8,XGBoost Regressor,GridSearchCV,1.5638480361033236,1.2508695001602175,19.011829180366284,0.1076339105006644
1149.373886401856,0.013387114740908146,leukocytes,SERUM,0.8,XGBoost Regressor,GridSearchCV,1.5638480361033236,1.2508695001602175,19.011829180366284,0.1076339105006644
1122.375170949464,0.013041134923696518,leukocytes,SERUM,0.8,XGBoost Regressor,GridSearchCV,1.5638480361033236,1.2508695001602175,19.011829180366284,0.1076339105006644
1677.777317398683,0.013009495101869106,leukocytes,SERUM,0.8,XGBoost Regressor,GridSearchCV,1.5638480361033236,1.2508695001602175,19.011829180366284,0.1076339105006644
1128.160609974977,0.0122532332316041,leukocytes,SERUM,0.8,XGBoost Regressor,GridSearchCV,1.5638480361033236,1.2508695001602175,19.011829180366284,0.1076339105006644
2750.012016793703,0.012232121080160141,leukocytes,SERUM,0.8,XGBoost Regressor,GridSearchCV,1.5638480361033236,1.2508695001602175,19.011829180366284,0.1076339105006644
1556.283097862916,0.011843656189739704,leukocytes,SERUM,0.8,XGBoost Regressor,GridSearchCV,1.5638480361033236,1.2508695001602175,19.011829180366284,0.1076339105006644
993.1670327130137,0.011395198293030262,leukocytes,SERUM,0.8,XGBoost Regressor,GridSearchCV,1.5638480361033236,1.2508695001602175,19.011829180366284,0.1076339105006644
1382.719927097535,0.0112407635897398,leukocytes,SERUM,0.8,XGBoost Regressor,GridSearchCV,1.5638480361033236,1.2508695001602175,19.011829180366284,0.1076339105006644
1147.445406726686,0.011084936559200287,leukocytes,SERUM,0.8,XGBoost Regressor,GridSearchCV,1.5638480361033236,1.2508695001602175,19.011829180366284,0.1076339105006644
1388.505366123048,0.007345161484065669,leukocytes,SERUM,0.8,XGBoost Regressor,GridSearchCV,1.5171503123858678,1.2180995507240298,18.096378772969697,0.16013171451740826
1386.576886447877,0.006949868891998069,leukocytes,SERUM,0.8,XGBoost Regressor,GridSearchCV,1.5171503123858678,1.2180995507240298,18.096378772969697,0.16013171451740826
1390.433845798219,0.00668920006206955,leukocytes,SERUM,0.8,XGBoost Regressor,GridSearchCV,1.5171503123858678,1.2180995507240298,18.096378772969697,0.16013171451740826
1392.36232547339,0.005874232762292867,leukocytes,SERUM,0.8,XGBoost Regressor,GridSearchCV,1.5171503123858678,1.2180995507240298,18.096378772969697,0.16013171451740826
1394.290805148561,0.005382991666910851,leukocytes,SERUM,0.8,XGBoost Regressor,GridSearchCV,1.5171503123858678,1.2180995507240298,18.096378772969697,0.16013171451740826
1384.648406772706,0.005331527244083896,leukocytes,SERUM,0.8,XGBoost Regressor,GridSearchCV,1.5171503123858678,1.2180995507240298,18.096378772969697,0.16013171451740826
1475.286951505739,0.005105347794227127,leukocytes,SERUM,0.8,XGBoost Regressor,GridSearchCV,1.5171503123858678,1.2180995507240298,18.096378772969697,0.16013171451740826
1477.215431180909,0.005026077966833593,leukocytes,SERUM,0.8,XGBoost Regressor,GridSearchCV,1.5171503123858678,1.2180995507240298,18.096378772969697,0.16013171451740826
1473.358471830568,0.004975738505509573,leukocytes,SERUM,0.8,XGBoost Regressor,GridSearchCV,1.5171503123858678,1.2180995507240298,18.096378772969697,0.16013171451740826
1396.219284823732,0.0049680132987410495,leukocytes,SERUM,0.8,XGBoost Regressor,GridSearchCV,1.5171503123858678,1.2180995507240298,18.096378772969697,0.16013171451740826
2719.156341990969,0.00484713600742144,leukocytes,SERUM,0.8,XGBoost Regressor,GridSearchCV,1.5171503123858678,1.2180995507240298,18.096378772969697,0.16013171451740826
1479.14391085608,0.004797358354695902,leukocytes,SERUM,0.8,XGBoost Regressor,GridSearchCV,1.5171503123858678,1.2180995507240298,18.096378772969697,0.16013171451740826
1481.072390531251,0.004782079393621726,leukocytes,SERUM,0.8,XGBoost Regressor,GridSearchCV,1.5171503123858678,1.2180995507240298,18.096378772969697,0.16013171451740826
1471.429992155397,0.004645376005344712,leukocytes,SERUM,0.8,XGBoost Regressor,GridSearchCV,1.5171503123858678,1.2180995507240298,18.096378772969697,0.16013171451740826
1483.000870206422,0.004613148157824984,leukocytes,SERUM,0.8,XGBoost Regressor,GridSearchCV,1.5171503123858678,1.2180995507240298,18.096378772969697,0.16013171451740826
1398.147764498902,0.004589014691317105,leukocytes,SERUM,0.8,XGBoost Regressor,GridSearchCV,1.5171503123858678,1.2180995507240298,18.096378772969697,0.16013171451740826
1484.929349881593,0.004541729842816234,leukocytes,SERUM,0.8,XGBoost Regressor,GridSearchCV,1.5171503123858678,1.2180995507240298,18.096378772969697,0.16013171451740826
1486.857829556764,0.004421981689317715,leukocytes,SERUM,0.8,XGBoost Regressor,GridSearchCV,1.5171503123858678,1.2180995507240298,18.096378772969697,0.16013171451740826
1429.003439301637,0.004346542317243438,leukocytes,SERUM,0.8,XGBoost Regressor,GridSearchCV,1.5171503123858678,1.2180995507240298,18.096378772969697,0.16013171451740826
1427.074959626466,0.004339496158330407,leukocytes,SERUM,0.8,XGBoost Regressor,GridSearchCV,1.5171503123858678,1.2180995507240298,18.096378772969697,0.16013171451740826
1515.785024684327,0.020816845819354057,leukocytes,SERUM,0.8,XGBoost Regressor,GridSearchCV,1.5638480361033236,1.2508695001602175,19.011829180366284,0.1076339105006644
1567.853975913942,0.017684295773506165,leukocytes,SERUM,0.8,XGBoost Regressor,GridSearchCV,1.5638480361033236,1.2508695001602175,19.011829180366284,0.1076339105006644
1573.639414939454,0.017669573426246643,leukocytes,SERUM,0.8,XGBoost Regressor,GridSearchCV,1.5638480361033236,1.2508695001602175,19.011829180366284,0.1076339105006644
1569.782455589112,0.017472906038165092,leukocytes,SERUM,0.8,XGBoost Regressor,GridSearchCV,1.5638480361033236,1.2508695001602175,19.011829180366284,0.1076339105006644
1571.710935264284,0.016214564442634583,leukocytes,SERUM,0.8,XGBoost Regressor,GridSearchCV,1.5638480361033236,1.2508695001602175,19.011829180366284,0.1076339105006644
1164.801723803224,0.016008645296096802,leukocytes,SERUM,0.8,XGBoost Regressor,GridSearchCV,1.5638480361033236,1.2508695001602175,19.011829180366284,0.1076339105006644
1565.925496238771,0.015224269591271877,leukocytes,SERUM,0.8,XGBoost Regressor,GridSearchCV,1.5638480361033236,1.2508695001602175,19.011829180366284,0.1076339105006644
1137.803008350831,0.015093001537024975,leukocytes,SERUM,0.8,XGBoost Regressor,GridSearchCV,1.5638480361033236,1.2508695001602175,19.011829180366284,0.1076339105006644
1120.446691274293,0.01447642594575882,leukocytes,SERUM,0.8,XGBoost Regressor,GridSearchCV,1.5638480361033236,1.2508695001602175,19.011829180366284,0.1076339105006644
1143.588447376344,0.013859834522008896,leukocytes,SERUM,0.8,XGBoost Regressor,GridSearchCV,1.5638480361033236,1.2508695001602175,19.011829180366284,0.1076339105006644
1157.08780510254,0.013589576818048954,leukocytes,SERUM,0.8,XGBoost Regressor,GridSearchCV,1.5638480361033236,1.2508695001602175,19.011829180366284,0.1076339105006644
1149.373886401856,0.013387114740908146,leukocytes,SERUM,0.8,XGBoost Regressor,GridSearchCV,1.5638480361033236,1.2508695001602175,19.011829180366284,0.1076339105006644
1122.375170949464,0.013041134923696518,leukocytes,SERUM,0.8,XGBoost Regressor,GridSearchCV,1.5638480361033236,1.2508695001602175,19.011829180366284,0.1076339105006644
1677.777317398683,0.013009495101869106,leukocytes,SERUM,0.8,XGBoost Regressor,GridSearchCV,1.5638480361033236,1.2508695001602175,19.011829180366284,0.1076339105006644
1128.160609974977,0.0122532332316041,leukocytes,SERUM,0.8,XGBoost Regressor,GridSearchCV,1.5638480361033236,1.2508695001602175,19.011829180366284,0.1076339105006644
2750.012016793703,0.012232121080160141,leukocytes,SERUM,0.8,XGBoost Regressor,GridSearchCV,1.5638480361033236,1.2508695001602175,19.011829180366284,0.1076339105006644
1556.283097862916,0.011843656189739704,leukocytes,SERUM,0.8,XGBoost Regressor,GridSearchCV,1.5638480361033236,1.2508695001602175,19.011829180366284,0.1076339105006644
993.1670327130137,0.011395198293030262,leukocytes,SERUM,0.8,XGBoost Regressor,GridSearchCV,1.5638480361033236,1.2508695001602175,19.011829180366284,0.1076339105006644
1382.719927097535,0.0112407635897398,leukocytes,SERUM,0.8,XGBoost Regressor,GridSearchCV,1.5638480361033236,1.2508695001602175,19.011829180366284,0.1076339105006644
1147.445406726686,0.011084936559200287,leukocytes,SERUM,0.8,XGBoost Regressor,GridSearchCV,1.5638480361033236,1.2508695001602175,19.011829180366284,0.1076339105006644
1689.348195449708,0.007464814048364395,leukocytes,URINE,0.8,XGBoost Regressor,GridSearchCV,1.734889289593678,1.343836478183144,19.129582158635632,-0.12396774613730721
3050.854846120364,0.007332714565110289,leukocytes,URINE,0.8,XGBoost Regressor,GridSearchCV,1.734889289593678,1.343836478183144,19.129582158635632,-0.12396774613730721
1687.419715774538,0.00711259621737048,leukocytes,URINE,0.8,XGBoost Regressor,GridSearchCV,1.734889289593678,1.343836478183144,19.129582158635632,-0.12396774613730721
1693.20515480005,0.007062465283399774,leukocytes,URINE,0.8,XGBoost Regressor,GridSearchCV,1.734889289593678,1.343836478183144,19.129582158635632,-0.12396774613730721
1691.276675124879,0.007011712871795027,leukocytes,URINE,0.8,XGBoost Regressor,GridSearchCV,1.734889289593678,1.343836478183144,19.129582158635632,-0.12396774613730721
1695.133634475221,0.006710309297440881,leukocytes,URINE,0.8,XGBoost Regressor,GridSearchCV,1.734889289593678,1.343836478183144,19.129582158635632,-0.12396774613730721
1685.491236099367,0.006421348280435271,leukocytes,URINE,0.8,XGBoost Regressor,GridSearchCV,1.734889289593678,1.343836478183144,19.129582158635632,-0.12396774613730721
1697.062114150392,0.00601121592894262,leukocytes,URINE,0.8,XGBoost Regressor,GridSearchCV,1.734889289593678,1.343836478183144,19.129582158635632,-0.12396774613730721
1683.562756424196,0.006001853246035345,leukocytes,URINE,0.8,XGBoost Regressor,GridSearchCV,1.734889289593678,1.343836478183144,19.129582158635632,-0.12396774613730721
1698.990593825563,0.005711129362184897,leukocytes,URINE,0.8,XGBoost Regressor,GridSearchCV,1.734889289593678,1.343836478183144,19.129582158635632,-0.12396774613730721
1681.634276749025,0.005294721185710696,leukocytes,URINE,0.8,XGBoost Regressor,GridSearchCV,1.734889289593678,1.343836478183144,19.129582158635632,-0.12396774613730721
1700.919073500734,0.00525817132639403,leukocytes,URINE,0.8,XGBoost Regressor,GridSearchCV,1.734889289593678,1.343836478183144,19.129582158635632,-0.12396774613730721
1702.847553175905,0.004840988797609448,leukocytes,URINE,0.8,XGBoost Regressor,GridSearchCV,1.734889289593678,1.343836478183144,19.129582158635632,-0.12396774613730721
1679.705797073854,0.0047917895255624,leukocytes,URINE,0.8,XGBoost Regressor,GridSearchCV,1.734889289593678,1.343836478183144,19.129582158635632,-0.12396774613730721
1704.776032851076,0.004615874740729934,leukocytes,URINE,0.8,XGBoost Regressor,GridSearchCV,1.734889289593678,1.343836478183144,19.129582158635632,-0.12396774613730721
1677.777317398683,0.004313646134007444,leukocytes,URINE,0.8,XGBoost Regressor,GridSearchCV,1.734889289593678,1.343836478183144,19.129582158635632,-0.12396774613730721
1396.219284823732,0.004172366893985312,leukocytes,URINE,0.8,XGBoost Regressor,GridSearchCV,1.734889289593678,1.343836478183144,19.129582158635632,-0.12396774613730721
1398.147764498902,0.004154440630990446,leukocytes,URINE,0.8,XGBoost Regressor,GridSearchCV,1.734889289593678,1.343836478183144,19.129582158635632,-0.12396774613730721
1394.290805148561,0.004107393540763946,leukocytes,URINE,0.8,XGBoost Regressor,GridSearchCV,1.734889289593678,1.343836478183144,19.129582158635632,-0.12396774613730721
1400.076244174074,0.004062119488353685,leukocytes,URINE,0.8,XGBoost Regressor,GridSearchCV,1.734889289593678,1.343836478183144,19.129582158635632,-0.12396774613730721
1629.56532551941,0.13790486752986908,leukocytes,URINE,0.8,XGBoost Regressor,GridSearchCV,1.697229334557051,1.2807392582140469,18.022966309996814,-0.075700513010583
1087.662536796388,0.0983705073595047,leukocytes,URINE,0.8,XGBoost Regressor,GridSearchCV,1.697229334557051,1.2807392582140469,18.022966309996814,-0.075700513010583
1022.094227840577,0.06883479654788971,leukocytes,URINE,0.8,XGBoost Regressor,GridSearchCV,1.697229334557051,1.2807392582140469,18.022966309996814,-0.075700513010583
2676.729789137209,0.06079581007361412,leukocytes,URINE,0.8,XGBoost Regressor,GridSearchCV,1.697229334557051,1.2807392582140469,18.022966309996814,-0.075700513010583
3035.427008718997,0.060693658888339996,leukocytes,URINE,0.8,XGBoost Regressor,GridSearchCV,1.697229334557051,1.2807392582140469,18.022966309996814,-0.075700513010583
1585.21029299048,0.05923858657479286,leukocytes,URINE,0.8,XGBoost Regressor,GridSearchCV,1.697229334557051,1.2807392582140469,18.022966309996814,-0.075700513010583
1064.520780694337,0.05671113356947899,leukocytes,URINE,0.8,XGBoost Regressor,GridSearchCV,1.697229334557051,1.2807392582140469,18.022966309996814,-0.075700513010583
958.4543985599371,0.05643650144338608,leukocytes,URINE,0.8,XGBoost Regressor,GridSearchCV,1.697229334557051,1.2807392582140469,18.022966309996814,-0.075700513010583
960.3828782351084,0.047608476132154465,leukocytes,URINE,0.8,XGBoost Regressor,GridSearchCV,1.697229334557051,1.2807392582140469,18.022966309996814,-0.075700513010583
1290.152902689332,0.04757111892104149,leukocytes,URINE,0.8,XGBoost Regressor,GridSearchCV,1.697229334557051,1.2807392582140469,18.022966309996814,-0.075700513010583
1581.353333640138,0.046841803938150406,leukocytes,URINE,0.8,XGBoost Regressor,GridSearchCV,1.697229334557051,1.2807392582140469,18.022966309996814,-0.075700513010583
1583.281813315309,0.04311935976147652,leukocytes,URINE,0.8,XGBoost Regressor,GridSearchCV,1.697229334557051,1.2807392582140469,18.022966309996814,-0.075700513010583
2520.522935448366,0.04201763868331909,leukocytes,URINE,0.8,XGBoost Regressor,GridSearchCV,1.697229334557051,1.2807392582140469,18.022966309996814,-0.075700513010583
1284.367463663819,0.03930600732564926,leukocytes,URINE,0.8,XGBoost Regressor,GridSearchCV,1.697229334557051,1.2807392582140469,18.022966309996814,-0.075700513010583
964.23983758545,0.03385503590106964,leukocytes,URINE,0.8,XGBoost Regressor,GridSearchCV,1.697229334557051,1.2807392582140469,18.022966309996814,-0.075700513010583
1546.640699487062,0.033809930086135864,leukocytes,URINE,0.8,XGBoost Regressor,GridSearchCV,1.697229334557051,1.2807392582140469,18.022966309996814,-0.075700513010583
1587.138772665651,0.03338000550866127,leukocytes,URINE,0.8,XGBoost Regressor,GridSearchCV,1.697229334557051,1.2807392582140469,18.022966309996814,-0.075700513010583
1806.985455635133,0.02950972132384777,leukocytes,URINE,0.8,XGBoost Regressor,GridSearchCV,1.697229334557051,1.2807392582140469,18.022966309996814,-0.075700513010583
3050.854846120364,0.003995037171989679,leukocytes,URINE,0.8,XGBoost Regressor,GridSearchCV,1.697229334557051,1.2807392582140469,18.022966309996814,-0.075700513010583
2659.373472060671,0.0,leukocytes,URINE,0.8,XGBoost Regressor,GridSearchCV,1.697229334557051,1.2807392582140469,18.022966309996814,-0.075700513010583
1689.348195449708,0.007464814048364393,leukocytes,URINE,0.8,XGBoost Regressor,GridSearchCV,1.734889289593678,1.343836478183144,19.129582158635632,-0.12396774613730721
3050.854846120364,0.007332714565110298,leukocytes,URINE,0.8,XGBoost Regressor,GridSearchCV,1.734889289593678,1.343836478183144,19.129582158635632,-0.12396774613730721
1687.419715774538,0.007112596217370474,leukocytes,URINE,0.8,XGBoost Regressor,GridSearchCV,1.734889289593678,1.343836478183144,19.129582158635632,-0.12396774613730721
1693.20515480005,0.007062465283399769,leukocytes,URINE,0.8,XGBoost Regressor,GridSearchCV,1.734889289593678,1.343836478183144,19.129582158635632,-0.12396774613730721
1691.276675124879,0.007011712871795024,leukocytes,URINE,0.8,XGBoost Regressor,GridSearchCV,1.734889289593678,1.343836478183144,19.129582158635632,-0.12396774613730721
1695.133634475221,0.006710309297440877,leukocytes,URINE,0.8,XGBoost Regressor,GridSearchCV,1.734889289593678,1.343836478183144,19.129582158635632,-0.12396774613730721
1685.491236099367,0.006421348280435267,leukocytes,URINE,0.8,XGBoost Regressor,GridSearchCV,1.734889289593678,1.343836478183144,19.129582158635632,-0.12396774613730721
1697.062114150392,0.006011215928942616,leukocytes,URINE,0.8,XGBoost Regressor,GridSearchCV,1.734889289593678,1.343836478183144,19.129582158635632,-0.12396774613730721
1683.562756424196,0.0060018532460353454,leukocytes,URINE,0.8,XGBoost Regressor,GridSearchCV,1.734889289593678,1.343836478183144,19.129582158635632,-0.12396774613730721
1698.990593825563,0.005711129362184895,leukocytes,URINE,0.8,XGBoost Regressor,GridSearchCV,1.734889289593678,1.343836478183144,19.129582158635632,-0.12396774613730721
1681.634276749025,0.005294721185710693,leukocytes,URINE,0.8,XGBoost Regressor,GridSearchCV,1.734889289593678,1.343836478183144,19.129582158635632,-0.12396774613730721
1700.919073500734,0.005258171326394029,leukocytes,URINE,0.8,XGBoost Regressor,GridSearchCV,1.734889289593678,1.343836478183144,19.129582158635632,-0.12396774613730721
1702.847553175905,0.004840988797609445,leukocytes,URINE,0.8,XGBoost Regressor,GridSearchCV,1.734889289593678,1.343836478183144,19.129582158635632,-0.12396774613730721
1679.705797073854,0.004791789525562394,leukocytes,URINE,0.8,XGBoost Regressor,GridSearchCV,1.734889289593678,1.343836478183144,19.129582158635632,-0.12396774613730721
1704.776032851076,0.00461587474072993,leukocytes,URINE,0.8,XGBoost Regressor,GridSearchCV,1.734889289593678,1.343836478183144,19.129582158635632,-0.12396774613730721
1677.777317398683,0.004313646134007442,leukocytes,URINE,0.8,XGBoost Regressor,GridSearchCV,1.734889289593678,1.343836478183144,19.129582158635632,-0.12396774613730721
1396.219284823732,0.004172366893985318,leukocytes,URINE,0.8,XGBoost Regressor,GridSearchCV,1.734889289593678,1.343836478183144,19.129582158635632,-0.12396774613730721
1398.147764498902,0.004154440630990451,leukocytes,URINE,0.8,XGBoost Regressor,GridSearchCV,1.734889289593678,1.343836478183144,19.129582158635632,-0.12396774613730721
1394.290805148561,0.004107393540763949,leukocytes,URINE,0.8,XGBoost Regressor,GridSearchCV,1.734889289593678,1.343836478183144,19.129582158635632,-0.12396774613730721
1400.076244174074,0.004062119488353691,leukocytes,URINE,0.8,XGBoost Regressor,GridSearchCV,1.734889289593678,1.343836478183144,19.129582158635632,-0.12396774613730721
1629.56532551941,0.13790486752986908,leukocytes,URINE,0.8,XGBoost Regressor,GridSearchCV,1.697229334557051,1.2807392582140469,18.022966309996814,-0.075700513010583
1087.662536796388,0.0983705073595047,leukocytes,URINE,0.8,XGBoost Regressor,GridSearchCV,1.697229334557051,1.2807392582140469,18.022966309996814,-0.075700513010583
1022.094227840577,0.06883479654788971,leukocytes,URINE,0.8,XGBoost Regressor,GridSearchCV,1.697229334557051,1.2807392582140469,18.022966309996814,-0.075700513010583
2676.729789137209,0.06079581007361412,leukocytes,URINE,0.8,XGBoost Regressor,GridSearchCV,1.697229334557051,1.2807392582140469,18.022966309996814,-0.075700513010583
3035.427008718997,0.060693658888339996,leukocytes,URINE,0.8,XGBoost Regressor,GridSearchCV,1.697229334557051,1.2807392582140469,18.022966309996814,-0.075700513010583
1585.21029299048,0.05923858657479286,leukocytes,URINE,0.8,XGBoost Regressor,GridSearchCV,1.697229334557051,1.2807392582140469,18.022966309996814,-0.075700513010583
1064.520780694337,0.05671113356947899,leukocytes,URINE,0.8,XGBoost Regressor,GridSearchCV,1.697229334557051,1.2807392582140469,18.022966309996814,-0.075700513010583
958.4543985599371,0.05643650144338608,leukocytes,URINE,0.8,XGBoost Regressor,GridSearchCV,1.697229334557051,1.2807392582140469,18.022966309996814,-0.075700513010583
960.3828782351084,0.047608476132154465,leukocytes,URINE,0.8,XGBoost Regressor,GridSearchCV,1.697229334557051,1.2807392582140469,18.022966309996814,-0.075700513010583
1290.152902689332,0.04757111892104149,leukocytes,URINE,0.8,XGBoost Regressor,GridSearchCV,1.697229334557051,1.2807392582140469,18.022966309996814,-0.075700513010583
1581.353333640138,0.046841803938150406,leukocytes,URINE,0.8,XGBoost Regressor,GridSearchCV,1.697229334557051,1.2807392582140469,18.022966309996814,-0.075700513010583
1583.281813315309,0.04311935976147652,leukocytes,URINE,0.8,XGBoost Regressor,GridSearchCV,1.697229334557051,1.2807392582140469,18.022966309996814,-0.075700513010583
2520.522935448366,0.04201763868331909,leukocytes,URINE,0.8,XGBoost Regressor,GridSearchCV,1.697229334557051,1.2807392582140469,18.022966309996814,-0.075700513010583
1284.367463663819,0.03930600732564926,leukocytes,URINE,0.8,XGBoost Regressor,GridSearchCV,1.697229334557051,1.2807392582140469,18.022966309996814,-0.075700513010583
964.23983758545,0.03385503590106964,leukocytes,URINE,0.8,XGBoost Regressor,GridSearchCV,1.697229334557051,1.2807392582140469,18.022966309996814,-0.075700513010583
1546.640699487062,0.033809930086135864,leukocytes,URINE,0.8,XGBoost Regressor,GridSearchCV,1.697229334557051,1.2807392582140469,18.022966309996814,-0.075700513010583
1587.138772665651,0.03338000550866127,leukocytes,URINE,0.8,XGBoost Regressor,GridSearchCV,1.697229334557051,1.2807392582140469,18.022966309996814,-0.075700513010583
1806.985455635133,0.02950972132384777,leukocytes,URINE,0.8,XGBoost Regressor,GridSearchCV,1.697229334557051,1.2807392582140469,18.022966309996814,-0.075700513010583
3050.854846120364,0.003995037171989679,leukocytes,URINE,0.8,XGBoost Regressor,GridSearchCV,1.697229334557051,1.2807392582140469,18.022966309996814,-0.075700513010583
2659.373472060671,0.0,leukocytes,URINE,0.8,XGBoost Regressor,GridSearchCV,1.697229334557051,1.2807392582140469,18.022966309996814,-0.075700513010583
1220.72763438318,0.006776834708204408,leukocytes,CAPILAR,0.8,MLP Regressor,BayesSearchCV,1.3613798910149748,1.2011250851008917,19.52179579720271,0.17754655214716242
1702.847553175905,0.0067028071743248175,leukocytes,CAPILAR,0.8,MLP Regressor,BayesSearchCV,1.3613798910149748,1.2011250851008917,19.52179579720271,0.17754655214716242
931.4556831075452,0.006666827481168792,leukocytes,CAPILAR,0.8,MLP Regressor,BayesSearchCV,1.3613798910149748,1.2011250851008917,19.52179579720271,0.17754655214716242
1222.656114058351,0.006335005217383855,leukocytes,CAPILAR,0.8,MLP Regressor,BayesSearchCV,1.3613798910149748,1.2011250851008917,19.52179579720271,0.17754655214716242
1704.776032851076,0.00623427067181629,leukocytes,CAPILAR,0.8,MLP Regressor,BayesSearchCV,1.3613798910149748,1.2011250851008917,19.52179579720271,0.17754655214716242
933.3841627827155,0.006218199565308765,leukocytes,CAPILAR,0.8,MLP Regressor,BayesSearchCV,1.3613798910149748,1.2011250851008917,19.52179579720271,0.17754655214716242
1218.799154708009,0.006019256745605959,leukocytes,CAPILAR,0.8,MLP Regressor,BayesSearchCV,1.3613798910149748,1.2011250851008917,19.52179579720271,0.17754655214716242
1700.919073500734,0.005751270258935448,leukocytes,CAPILAR,0.8,MLP Regressor,BayesSearchCV,1.3613798910149748,1.2011250851008917,19.52179579720271,0.17754655214716242
1224.584593733522,0.005588632510300324,leukocytes,CAPILAR,0.8,MLP Regressor,BayesSearchCV,1.3613798910149748,1.2011250851008917,19.52179579720271,0.17754655214716242
1708.632992201417,0.005582019034239959,leukocytes,CAPILAR,0.8,MLP Regressor,BayesSearchCV,1.3613798910149748,1.2011250851008917,19.52179579720271,0.17754655214716242
1706.704512526246,0.005487408146531505,leukocytes,CAPILAR,0.8,MLP Regressor,BayesSearchCV,1.3613798910149748,1.2011250851008917,19.52179579720271,0.17754655214716242
929.5272034323739,0.00511275408062569,leukocytes,CAPILAR,0.8,MLP Regressor,BayesSearchCV,1.3613798910149748,1.2011250851008917,19.52179579720271,0.17754655214716242
1226.513073408692,0.005073141020771703,leukocytes,CAPILAR,0.8,MLP Regressor,BayesSearchCV,1.3613798910149748,1.2011250851008917,19.52179579720271,0.17754655214716242
1216.870675032838,0.004849941610647211,leukocytes,CAPILAR,0.8,MLP Regressor,BayesSearchCV,1.3613798910149748,1.2011250851008917,19.52179579720271,0.17754655214716242
1710.561471876588,0.004602728034210739,leukocytes,CAPILAR,0.8,MLP Regressor,BayesSearchCV,1.3613798910149748,1.2011250851008917,19.52179579720271,0.17754655214716242
1698.990593825563,0.004578663573176539,leukocytes,CAPILAR,0.8,MLP Regressor,BayesSearchCV,1.3613798910149748,1.2011250851008917,19.52179579720271,0.17754655214716242
1353.792731969972,0.004486462057936095,leukocytes,CAPILAR,0.8,MLP Regressor,BayesSearchCV,1.3613798910149748,1.2011250851008917,19.52179579720271,0.17754655214716242
1355.721211645143,0.004464791950321174,leukocytes,CAPILAR,0.8,MLP Regressor,BayesSearchCV,1.3613798910149748,1.2011250851008917,19.52179579720271,0.17754655214716242
958.4543985599371,0.004458647025163617,leukocytes,CAPILAR,0.8,MLP Regressor,BayesSearchCV,1.3613798910149748,1.2011250851008917,19.52179579720271,0.17754655214716242
1228.441553083863,0.00439717523595911,leukocytes,CAPILAR,0.8,MLP Regressor,BayesSearchCV,1.3613798910149748,1.2011250851008917,19.52179579720271,0.17754655214716242
1363.435130345826,0.008620389142746031,leukocytes,CAPILAR,0.8,MLP Regressor,BayesSearchCV,1.433577621178966,1.2004099728240039,19.808740449591497,0.08799947453352419
1359.578170995484,0.006114061581369998,leukocytes,CAPILAR,0.8,MLP Regressor,BayesSearchCV,1.433577621178966,1.2004099728240039,19.808740449591497,0.08799947453352419
1076.091658745362,0.006090571728025521,leukocytes,CAPILAR,0.8,MLP Regressor,BayesSearchCV,1.433577621178966,1.2004099728240039,19.808740449591497,0.08799947453352419
1365.363610020997,0.005410342344536058,leukocytes,CAPILAR,0.8,MLP Regressor,BayesSearchCV,1.433577621178966,1.2004099728240039,19.808740449591497,0.08799947453352419
1602.566610067018,0.00524859500077249,leukocytes,CAPILAR,0.8,MLP Regressor,BayesSearchCV,1.433577621178966,1.2004099728240039,19.808740449591497,0.08799947453352419
1687.419715774538,0.005184573724293961,leukocytes,CAPILAR,0.8,MLP Regressor,BayesSearchCV,1.433577621178966,1.2004099728240039,19.808740449591497,0.08799947453352419
1056.806861993653,0.005057727261746942,leukocytes,CAPILAR,0.8,MLP Regressor,BayesSearchCV,1.433577621178966,1.2004099728240039,19.808740449591497,0.08799947453352419
1301.723780740358,0.005005801691274068,leukocytes,CAPILAR,0.8,MLP Regressor,BayesSearchCV,1.433577621178966,1.2004099728240039,19.808740449591497,0.08799947453352419
1344.150333594117,0.004977784400692102,leukocytes,CAPILAR,0.8,MLP Regressor,BayesSearchCV,1.433577621178966,1.2004099728240039,19.808740449591497,0.08799947453352419
1334.507935218263,0.00467184223588987,leukocytes,CAPILAR,0.8,MLP Regressor,BayesSearchCV,1.433577621178966,1.2004099728240039,19.808740449591497,0.08799947453352419
1070.306219719849,0.004634509367619497,leukocytes,CAPILAR,0.8,MLP Regressor,BayesSearchCV,1.433577621178966,1.2004099728240039,19.808740449591497,0.08799947453352419
1745.274106029664,0.004540345604734048,leukocytes,CAPILAR,0.8,MLP Regressor,BayesSearchCV,1.433577621178966,1.2004099728240039,19.808740449591497,0.08799947453352419
1315.223138466554,0.00435900537102462,leukocytes,CAPILAR,0.8,MLP Regressor,BayesSearchCV,1.433577621178966,1.2004099728240039,19.808740449591497,0.08799947453352419
1702.847553175905,0.004324844751691031,leukocytes,CAPILAR,0.8,MLP Regressor,BayesSearchCV,1.433577621178966,1.2004099728240039,19.808740449591497,0.08799947453352419
1675.848837723512,0.004307330924764772,leukocytes,CAPILAR,0.8,MLP Regressor,BayesSearchCV,1.433577621178966,1.2004099728240039,19.808740449591497,0.08799947453352419
929.5272034323739,0.004305625479192159,leukocytes,CAPILAR,0.8,MLP Regressor,BayesSearchCV,1.433577621178966,1.2004099728240039,19.808740449591497,0.08799947453352419
1089.591016471559,0.004260990619139729,leukocytes,CAPILAR,0.8,MLP Regressor,BayesSearchCV,1.433577621178966,1.2004099728240039,19.808740449591497,0.08799947453352419
2802.080968023317,0.004237017487112911,leukocytes,CAPILAR,0.8,MLP Regressor,BayesSearchCV,1.433577621178966,1.2004099728240039,19.808740449591497,0.08799947453352419
1336.436414893434,0.004168981830934036,leukocytes,CAPILAR,0.8,MLP Regressor,BayesSearchCV,1.433577621178966,1.2004099728240039,19.808740449591497,0.08799947453352419
1324.865536842408,0.004168812645952526,leukocytes,CAPILAR,0.8,MLP Regressor,BayesSearchCV,1.433577621178966,1.2004099728240039,19.808740449591497,0.08799947453352419
1220.72763438318,0.0067427896651165425,leukocytes,CAPILAR,0.8,MLP Regressor,BayesSearchCV,1.3806547520068893,1.207546436336937,19.714530730821817,0.15409255570490743
1702.847553175905,0.006648107654513375,leukocytes,CAPILAR,0.8,MLP Regressor,BayesSearchCV,1.3806547520068893,1.207546436336937,19.714530730821817,0.15409255570490743
931.4556831075452,0.006555462451741223,leukocytes,CAPILAR,0.8,MLP Regressor,BayesSearchCV,1.3806547520068893,1.207546436336937,19.714530730821817,0.15409255570490743
1222.656114058351,0.006174927167412132,leukocytes,CAPILAR,0.8,MLP Regressor,BayesSearchCV,1.3806547520068893,1.207546436336937,19.714530730821817,0.15409255570490743
1704.776032851076,0.006082072314012199,leukocytes,CAPILAR,0.8,MLP Regressor,BayesSearchCV,1.3806547520068893,1.207546436336937,19.714530730821817,0.15409255570490743
933.3841627827155,0.006081459128115363,leukocytes,CAPILAR,0.8,MLP Regressor,BayesSearchCV,1.3806547520068893,1.207546436336937,19.714530730821817,0.15409255570490743
1218.799154708009,0.006028472076346854,leukocytes,CAPILAR,0.8,MLP Regressor,BayesSearchCV,1.3806547520068893,1.207546436336937,19.714530730821817,0.15409255570490743
1700.919073500734,0.005676990208215932,leukocytes,CAPILAR,0.8,MLP Regressor,BayesSearchCV,1.3806547520068893,1.207546436336937,19.714530730821817,0.15409255570490743
1708.632992201417,0.005663892964120179,leukocytes,CAPILAR,0.8,MLP Regressor,BayesSearchCV,1.3806547520068893,1.207546436336937,19.714530730821817,0.15409255570490743
1224.584593733522,0.005372546591060918,leukocytes,CAPILAR,0.8,MLP Regressor,BayesSearchCV,1.3806547520068893,1.207546436336937,19.714530730821817,0.15409255570490743
1706.704512526246,0.005309853183896035,leukocytes,CAPILAR,0.8,MLP Regressor,BayesSearchCV,1.3806547520068893,1.207546436336937,19.714530730821817,0.15409255570490743
929.5272034323739,0.004884846796305542,leukocytes,CAPILAR,0.8,MLP Regressor,BayesSearchCV,1.3806547520068893,1.207546436336937,19.714530730821817,0.15409255570490743
1710.561471876588,0.00486727643669549,leukocytes,CAPILAR,0.8,MLP Regressor,BayesSearchCV,1.3806547520068893,1.207546436336937,19.714530730821817,0.15409255570490743
1216.870675032838,0.0048426639251624055,leukocytes,CAPILAR,0.8,MLP Regressor,BayesSearchCV,1.3806547520068893,1.207546436336937,19.714530730821817,0.15409255570490743
1226.513073408692,0.004839433973549236,leukocytes,CAPILAR,0.8,MLP Regressor,BayesSearchCV,1.3806547520068893,1.207546436336937,19.714530730821817,0.15409255570490743
1353.792731969972,0.004559259072796206,leukocytes,CAPILAR,0.8,MLP Regressor,BayesSearchCV,1.3806547520068893,1.207546436336937,19.714530730821817,0.15409255570490743
1355.721211645143,0.0045478946066150345,leukocytes,CAPILAR,0.8,MLP Regressor,BayesSearchCV,1.3806547520068893,1.207546436336937,19.714530730821817,0.15409255570490743
958.4543985599371,0.004524331355505906,leukocytes,CAPILAR,0.8,MLP Regressor,BayesSearchCV,1.3806547520068893,1.207546436336937,19.714530730821817,0.15409255570490743
1698.990593825563,0.0044599684970748794,leukocytes,CAPILAR,0.8,MLP Regressor,BayesSearchCV,1.3806547520068893,1.207546436336937,19.714530730821817,0.15409255570490743
1357.649691320314,0.004444539276292529,leukocytes,CAPILAR,0.8,MLP Regressor,BayesSearchCV,1.3806547520068893,1.207546436336937,19.714530730821817,0.15409255570490743
1552.426138512574,0.013356495131103749,leukocytes,CAPILAR,0.8,MLP Regressor,BayesSearchCV,1.5111878331821378,1.2619704560119755,20.875681443122566,-0.013420206964956938
1550.497658837404,0.013353812987554285,leukocytes,CAPILAR,0.8,MLP Regressor,BayesSearchCV,1.5111878331821378,1.2619704560119755,20.875681443122566,-0.013420206964956938
1556.283097862916,0.013312978474000122,leukocytes,CAPILAR,0.8,MLP Regressor,BayesSearchCV,1.5111878331821378,1.2619704560119755,20.875681443122566,-0.013420206964956938
1533.141341760865,0.012638130227452317,leukocytes,CAPILAR,0.8,MLP Regressor,BayesSearchCV,1.5111878331821378,1.2619704560119755,20.875681443122566,-0.013420206964956938
1548.569179162233,0.011903561760225608,leukocytes,CAPILAR,0.8,MLP Regressor,BayesSearchCV,1.5111878331821378,1.2619704560119755,20.875681443122566,-0.013420206964956938
1546.640699487062,0.011444210866760672,leukocytes,CAPILAR,0.8,MLP Regressor,BayesSearchCV,1.5111878331821378,1.2619704560119755,20.875681443122566,-0.013420206964956938
1531.212862085695,0.010821613815632992,leukocytes,CAPILAR,0.8,MLP Regressor,BayesSearchCV,1.5111878331821378,1.2619704560119755,20.875681443122566,-0.013420206964956938
1519.641984034669,0.010575715189980257,leukocytes,CAPILAR,0.8,MLP Regressor,BayesSearchCV,1.5111878331821378,1.2619704560119755,20.875681443122566,-0.013420206964956938
1542.78374013672,0.010567222297648818,leukocytes,CAPILAR,0.8,MLP Regressor,BayesSearchCV,1.5111878331821378,1.2619704560119755,20.875681443122566,-0.013420206964956938
1558.211577538087,0.010261119906809831,leukocytes,CAPILAR,0.8,MLP Regressor,BayesSearchCV,1.5111878331821378,1.2619704560119755,20.875681443122566,-0.013420206964956938
1554.354618187745,0.010162952714639418,leukocytes,CAPILAR,0.8,MLP Regressor,BayesSearchCV,1.5111878331821378,1.2619704560119755,20.875681443122566,-0.013420206964956938
1544.712219811891,0.009991259287983894,leukocytes,CAPILAR,0.8,MLP Regressor,BayesSearchCV,1.5111878331821378,1.2619704560119755,20.875681443122566,-0.013420206964956938
1563.9970165636,0.009352917751238178,leukocytes,CAPILAR,0.8,MLP Regressor,BayesSearchCV,1.5111878331821378,1.2619704560119755,20.875681443122566,-0.013420206964956938
1571.710935264284,0.009245874253083179,leukocytes,CAPILAR,0.8,MLP Regressor,BayesSearchCV,1.5111878331821378,1.2619704560119755,20.875681443122566,-0.013420206964956938
2802.080968023317,0.00731634940807983,leukocytes,CAPILAR,0.8,MLP Regressor,BayesSearchCV,1.5111878331821378,1.2619704560119755,20.875681443122566,-0.013420206964956938
1506.142626308473,0.007232772908889757,leukocytes,CAPILAR,0.8,MLP Regressor,BayesSearchCV,1.5111878331821378,1.2619704560119755,20.875681443122566,-0.013420206964956938
1575.567894614625,0.007188981604264815,leukocytes,CAPILAR,0.8,MLP Regressor,BayesSearchCV,1.5111878331821378,1.2619704560119755,20.875681443122566,-0.013420206964956938
1535.069821436036,0.0070462329251515365,leukocytes,CAPILAR,0.8,MLP Regressor,BayesSearchCV,1.5111878331821378,1.2619704560119755,20.875681443122566,-0.013420206964956938
1540.855260461549,0.006996699888892944,leukocytes,CAPILAR,0.8,MLP Regressor,BayesSearchCV,1.5111878331821378,1.2619704560119755,20.875681443122566,-0.013420206964956938
1525.427423060182,0.006669956425679698,leukocytes,CAPILAR,0.8,MLP Regressor,BayesSearchCV,1.5111878331821378,1.2619704560119755,20.875681443122566,-0.013420206964956938
1130.089089650148,0.005183273658234585,leukocytes,PLASMA,0.8,MLP Regressor,BayesSearchCV,1.6126888164513975,1.2014335991431855,21.25667218292874,0.028291940443106345
1128.160609974977,0.005160212072410636,leukocytes,PLASMA,0.8,MLP Regressor,BayesSearchCV,1.6126888164513975,1.2014335991431855,21.25667218292874,0.028291940443106345
1126.232130299806,0.005138494258245296,leukocytes,PLASMA,0.8,MLP Regressor,BayesSearchCV,1.6126888164513975,1.2014335991431855,21.25667218292874,0.028291940443106345
1132.017569325318,0.005124164089007684,leukocytes,PLASMA,0.8,MLP Regressor,BayesSearchCV,1.6126888164513975,1.2014335991431855,21.25667218292874,0.028291940443106345
1124.303650624635,0.00507602619773171,leukocytes,PLASMA,0.8,MLP Regressor,BayesSearchCV,1.6126888164513975,1.2014335991431855,21.25667218292874,0.028291940443106345
1133.946049000489,0.004924910620856908,leukocytes,PLASMA,0.8,MLP Regressor,BayesSearchCV,1.6126888164513975,1.2014335991431855,21.25667218292874,0.028291940443106345
1122.375170949464,0.004910212779245819,leukocytes,PLASMA,0.8,MLP Regressor,BayesSearchCV,1.6126888164513975,1.2014335991431855,21.25667218292874,0.028291940443106345
1120.446691274293,0.004648564715529861,leukocytes,PLASMA,0.8,MLP Regressor,BayesSearchCV,1.6126888164513975,1.2014335991431855,21.25667218292874,0.028291940443106345
1135.87452867566,0.00458232043512825,leukocytes,PLASMA,0.8,MLP Regressor,BayesSearchCV,1.6126888164513975,1.2014335991431855,21.25667218292874,0.028291940443106345
1118.518211599122,0.004302622981380379,leukocytes,PLASMA,0.8,MLP Regressor,BayesSearchCV,1.6126888164513975,1.2014335991431855,21.25667218292874,0.028291940443106345
1137.803008350831,0.004146610594651436,leukocytes,PLASMA,0.8,MLP Regressor,BayesSearchCV,1.6126888164513975,1.2014335991431855,21.25667218292874,0.028291940443106345
1511.928065333986,0.004078707024025161,leukocytes,PLASMA,0.8,MLP Regressor,BayesSearchCV,1.6126888164513975,1.2014335991431855,21.25667218292874,0.028291940443106345
1513.856545009157,0.004074812563353309,leukocytes,PLASMA,0.8,MLP Regressor,BayesSearchCV,1.6126888164513975,1.2014335991431855,21.25667218292874,0.028291940443106345
1509.999585658815,0.004050784723370951,leukocytes,PLASMA,0.8,MLP Regressor,BayesSearchCV,1.6126888164513975,1.2014335991431855,21.25667218292874,0.028291940443106345
1515.785024684327,0.004015724817946829,leukocytes,PLASMA,0.8,MLP Regressor,BayesSearchCV,1.6126888164513975,1.2014335991431855,21.25667218292874,0.028291940443106345
1508.071105983644,0.003958956302066272,leukocytes,PLASMA,0.8,MLP Regressor,BayesSearchCV,1.6126888164513975,1.2014335991431855,21.25667218292874,0.028291940443106345
1517.713504359498,0.003936177074817832,leukocytes,PLASMA,0.8,MLP Regressor,BayesSearchCV,1.6126888164513975,1.2014335991431855,21.25667218292874,0.028291940443106345
1116.589731923951,0.003906364562076632,leukocytes,PLASMA,0.8,MLP Regressor,BayesSearchCV,1.6126888164513975,1.2014335991431855,21.25667218292874,0.028291940443106345
1519.641984034669,0.003847556383941595,leukocytes,PLASMA,0.8,MLP Regressor,BayesSearchCV,1.6126888164513975,1.2014335991431855,21.25667218292874,0.028291940443106345
1506.142626308473,0.00382642145197165,leukocytes,PLASMA,0.8,MLP Regressor,BayesSearchCV,1.6126888164513975,1.2014335991431855,21.25667218292874,0.028291940443106345
1037.522065241944,0.010338890885252142,leukocytes,PLASMA,0.8,MLP Regressor,BayesSearchCV,1.7478331960910665,1.3505233845321254,23.503631709568655,-0.14139147216044545
1056.806861993653,0.009453085426600637,leukocytes,PLASMA,0.8,MLP Regressor,BayesSearchCV,1.7478331960910665,1.3505233845321254,23.503631709568655,-0.14139147216044545
1052.949902643312,0.009451792218065127,leukocytes,PLASMA,0.8,MLP Regressor,BayesSearchCV,1.7478331960910665,1.3505233845321254,23.503631709568655,-0.14139147216044545
1068.377740044679,0.008534750974657121,leukocytes,PLASMA,0.8,MLP Regressor,BayesSearchCV,1.7478331960910665,1.3505233845321254,23.503631709568655,-0.14139147216044545
1058.735341668824,0.007620274438004594,leukocytes,PLASMA,0.8,MLP Regressor,BayesSearchCV,1.7478331960910665,1.3505233845321254,23.503631709568655,-0.14139147216044545
1483.000870206422,0.007506109077028335,leukocytes,PLASMA,0.8,MLP Regressor,BayesSearchCV,1.7478331960910665,1.3505233845321254,23.503631709568655,-0.14139147216044545
1051.021422968141,0.007490426197920427,leukocytes,PLASMA,0.8,MLP Regressor,BayesSearchCV,1.7478331960910665,1.3505233845321254,23.503631709568655,-0.14139147216044545
1070.306219719849,0.007325955950603035,leukocytes,PLASMA,0.8,MLP Regressor,BayesSearchCV,1.7478331960910665,1.3505233845321254,23.503631709568655,-0.14139147216044545
1301.723780740358,0.006855906138301506,leukocytes,PLASMA,0.8,MLP Regressor,BayesSearchCV,1.7478331960910665,1.3505233845321254,23.503631709568655,-0.14139147216044545
1033.665105891602,0.006786787067436443,leukocytes,PLASMA,0.8,MLP Regressor,BayesSearchCV,1.7478331960910665,1.3505233845321254,23.503631709568655,-0.14139147216044545
1045.235983942628,0.006042047983290569,leukocytes,PLASMA,0.8,MLP Regressor,BayesSearchCV,1.7478331960910665,1.3505233845321254,23.503631709568655,-0.14139147216044545
1189.871959580445,0.005949552924609193,leukocytes,PLASMA,0.8,MLP Regressor,BayesSearchCV,1.7478331960910665,1.3505233845321254,23.503631709568655,-0.14139147216044545
1691.276675124879,0.005940761669170756,leukocytes,PLASMA,0.8,MLP Regressor,BayesSearchCV,1.7478331960910665,1.3505233845321254,23.503631709568655,-0.14139147216044545
1143.588447376344,0.005834010458725021,leukocytes,PLASMA,0.8,MLP Regressor,BayesSearchCV,1.7478331960910665,1.3505233845321254,23.503631709568655,-0.14139147216044545
1060.663821343995,0.005792460148663826,leukocytes,PLASMA,0.8,MLP Regressor,BayesSearchCV,1.7478331960910665,1.3505233845321254,23.503631709568655,-0.14139147216044545
1137.803008350831,0.005743525396501549,leukocytes,PLASMA,0.8,MLP Regressor,BayesSearchCV,1.7478331960910665,1.3505233845321254,23.503631709568655,-0.14139147216044545
1644.993162920778,0.005685421975396563,leukocytes,PLASMA,0.8,MLP Regressor,BayesSearchCV,1.7478331960910665,1.3505233845321254,23.503631709568655,-0.14139147216044545
1066.449260369508,0.005484653571996873,leukocytes,PLASMA,0.8,MLP Regressor,BayesSearchCV,1.7478331960910665,1.3505233845321254,23.503631709568655,-0.14139147216044545
1637.279244220094,0.00547380073758688,leukocytes,PLASMA,0.8,MLP Regressor,BayesSearchCV,1.7478331960910665,1.3505233845321254,23.503631709568655,-0.14139147216044545
1135.87452867566,0.005356029410541763,leukocytes,PLASMA,0.8,MLP Regressor,BayesSearchCV,1.7478331960910665,1.3505233845321254,23.503631709568655,-0.14139147216044545
1130.089089650148,0.0051088505340582055,leukocytes,PLASMA,0.8,MLP Regressor,BayesSearchCV,1.619305875521494,1.2170281442142594,21.480841821197938,0.02030150758067162
1128.160609974977,0.005084577837117698,leukocytes,PLASMA,0.8,MLP Regressor,BayesSearchCV,1.619305875521494,1.2170281442142594,21.480841821197938,0.02030150758067162
1126.232130299806,0.0050667718818459785,leukocytes,PLASMA,0.8,MLP Regressor,BayesSearchCV,1.619305875521494,1.2170281442142594,21.480841821197938,0.02030150758067162
1132.017569325318,0.005059201160443498,leukocytes,PLASMA,0.8,MLP Regressor,BayesSearchCV,1.619305875521494,1.2170281442142594,21.480841821197938,0.02030150758067162
1124.303650624635,0.005013924097560435,leukocytes,PLASMA,0.8,MLP Regressor,BayesSearchCV,1.619305875521494,1.2170281442142594,21.480841821197938,0.02030150758067162
1133.946049000489,0.004878570219287088,leukocytes,PLASMA,0.8,MLP Regressor,BayesSearchCV,1.619305875521494,1.2170281442142594,21.480841821197938,0.02030150758067162
1122.375170949464,0.00486424840941487,leukocytes,PLASMA,0.8,MLP Regressor,BayesSearchCV,1.619305875521494,1.2170281442142594,21.480841821197938,0.02030150758067162
1120.446691274293,0.004624665710681458,leukocytes,PLASMA,0.8,MLP Regressor,BayesSearchCV,1.619305875521494,1.2170281442142594,21.480841821197938,0.02030150758067162
1135.87452867566,0.004559919025787979,leukocytes,PLASMA,0.8,MLP Regressor,BayesSearchCV,1.619305875521494,1.2170281442142594,21.480841821197938,0.02030150758067162
1118.518211599122,0.004306272618442863,leukocytes,PLASMA,0.8,MLP Regressor,BayesSearchCV,1.619305875521494,1.2170281442142594,21.480841821197938,0.02030150758067162
1137.803008350831,0.004146162778852793,leukocytes,PLASMA,0.8,MLP Regressor,BayesSearchCV,1.619305875521494,1.2170281442142594,21.480841821197938,0.02030150758067162
1511.928065333986,0.004032253009876008,leukocytes,PLASMA,0.8,MLP Regressor,BayesSearchCV,1.619305875521494,1.2170281442142594,21.480841821197938,0.02030150758067162
1513.856545009157,0.0040283192294154795,leukocytes,PLASMA,0.8,MLP Regressor,BayesSearchCV,1.619305875521494,1.2170281442142594,21.480841821197938,0.02030150758067162
1509.999585658815,0.004004921744148811,leukocytes,PLASMA,0.8,MLP Regressor,BayesSearchCV,1.619305875521494,1.2170281442142594,21.480841821197938,0.02030150758067162
1515.785024684327,0.003971210613652516,leukocytes,PLASMA,0.8,MLP Regressor,BayesSearchCV,1.619305875521494,1.2170281442142594,21.480841821197938,0.02030150758067162
1116.589731923951,0.003940154808471028,leukocytes,PLASMA,0.8,MLP Regressor,BayesSearchCV,1.619305875521494,1.2170281442142594,21.480841821197938,0.02030150758067162
1508.071105983644,0.003918166977860198,leukocytes,PLASMA,0.8,MLP Regressor,BayesSearchCV,1.619305875521494,1.2170281442142594,21.480841821197938,0.02030150758067162
1517.713504359498,0.0038947524349963797,leukocytes,PLASMA,0.8,MLP Regressor,BayesSearchCV,1.619305875521494,1.2170281442142594,21.480841821197938,0.02030150758067162
1519.641984034669,0.0038092071891388927,leukocytes,PLASMA,0.8,MLP Regressor,BayesSearchCV,1.619305875521494,1.2170281442142594,21.480841821197938,0.02030150758067162
1506.142626308473,0.0037913795840557947,leukocytes,PLASMA,0.8,MLP Regressor,BayesSearchCV,1.619305875521494,1.2170281442142594,21.480841821197938,0.02030150758067162
1616.065967793214,0.008225660044723561,leukocytes,PLASMA,0.8,MLP Regressor,BayesSearchCV,1.6500406467818445,1.2920061235572016,22.232699825717546,-0.017241200465658357
1542.78374013672,0.008108514508555459,leukocytes,PLASMA,0.8,MLP Regressor,BayesSearchCV,1.6500406467818445,1.2920061235572016,22.232699825717546,-0.017241200465658357
1544.712219811891,0.008050367778624699,leukocytes,PLASMA,0.8,MLP Regressor,BayesSearchCV,1.6500406467818445,1.2920061235572016,22.232699825717546,-0.017241200465658357
1612.209008442873,0.007969495635256348,leukocytes,PLASMA,0.8,MLP Regressor,BayesSearchCV,1.6500406467818445,1.2920061235572016,22.232699825717546,-0.017241200465658357
1604.495089742189,0.00790277465669876,leukocytes,PLASMA,0.8,MLP Regressor,BayesSearchCV,1.6500406467818445,1.2920061235572016,22.232699825717546,-0.017241200465658357
1610.280528767702,0.007821293642211081,leukocytes,PLASMA,0.8,MLP Regressor,BayesSearchCV,1.6500406467818445,1.2920061235572016,22.232699825717546,-0.017241200465658357
1538.926780786378,0.007748938091308564,leukocytes,PLASMA,0.8,MLP Regressor,BayesSearchCV,1.6500406467818445,1.2920061235572016,22.232699825717546,-0.017241200465658357
1619.922927143556,0.007736653710588461,leukocytes,PLASMA,0.8,MLP Regressor,BayesSearchCV,1.6500406467818445,1.2920061235572016,22.232699825717546,-0.017241200465658357
1533.141341760865,0.0076449524980284535,leukocytes,PLASMA,0.8,MLP Regressor,BayesSearchCV,1.6500406467818445,1.2920061235572016,22.232699825717546,-0.017241200465658357
1617.994447468385,0.0076448169439697474,leukocytes,PLASMA,0.8,MLP Regressor,BayesSearchCV,1.6500406467818445,1.2920061235572016,22.232699825717546,-0.017241200465658357
1614.137488118043,0.007622090495019038,leukocytes,PLASMA,0.8,MLP Regressor,BayesSearchCV,1.6500406467818445,1.2920061235572016,22.232699825717546,-0.017241200465658357
1606.42356941736,0.007546299935263916,leukocytes,PLASMA,0.8,MLP Regressor,BayesSearchCV,1.6500406467818445,1.2920061235572016,22.232699825717546,-0.017241200465658357
1540.855260461549,0.00753288472639263,leukocytes,PLASMA,0.8,MLP Regressor,BayesSearchCV,1.6500406467818445,1.2920061235572016,22.232699825717546,-0.017241200465658357
1536.998301111207,0.007403369108606317,leukocytes,PLASMA,0.8,MLP Regressor,BayesSearchCV,1.6500406467818445,1.2920061235572016,22.232699825717546,-0.017241200465658357
1608.35204909253,0.007344117383328108,leukocytes,PLASMA,0.8,MLP Regressor,BayesSearchCV,1.6500406467818445,1.2920061235572016,22.232699825717546,-0.017241200465658357
1548.569179162233,0.00727927652882266,leukocytes,PLASMA,0.8,MLP Regressor,BayesSearchCV,1.6500406467818445,1.2920061235572016,22.232699825717546,-0.017241200465658357
1600.638130391847,0.007143609954440634,leukocytes,PLASMA,0.8,MLP Regressor,BayesSearchCV,1.6500406467818445,1.2920061235572016,22.232699825717546,-0.017241200465658357
1531.212862085695,0.0070934199956743105,leukocytes,PLASMA,0.8,MLP Regressor,BayesSearchCV,1.6500406467818445,1.2920061235572016,22.232699825717546,-0.017241200465658357
1621.851406818727,0.006852384451087341,leukocytes,PLASMA,0.8,MLP Regressor,BayesSearchCV,1.6500406467818445,1.2920061235572016,22.232699825717546,-0.017241200465658357
1598.709650716676,0.006848838301646754,leukocytes,PLASMA,0.8,MLP Regressor,BayesSearchCV,1.6500406467818445,1.2920061235572016,22.232699825717546,-0.017241200465658357
1741.417146679323,0.00411950488668579,leukocytes,SALIVA,0.8,MLP Regressor,BayesSearchCV,1.7822187419069797,1.4405794828260865,24.906806761418025,0.04905189754655648
1743.345626354494,0.0041152622303217284,leukocytes,SALIVA,0.8,MLP Regressor,BayesSearchCV,1.7822187419069797,1.4405794828260865,24.906806761418025,0.04905189754655648
1747.202585704835,0.0040582357045846305,leukocytes,SALIVA,0.8,MLP Regressor,BayesSearchCV,1.7822187419069797,1.4405794828260865,24.906806761418025,0.04905189754655648
1745.274106029664,0.004057246085608175,leukocytes,SALIVA,0.8,MLP Regressor,BayesSearchCV,1.7822187419069797,1.4405794828260865,24.906806761418025,0.04905189754655648
1739.488667004152,0.004050972502989239,leukocytes,SALIVA,0.8,MLP Regressor,BayesSearchCV,1.7822187419069797,1.4405794828260865,24.906806761418025,0.04905189754655648
1749.131065380006,0.004022139673895652,leukocytes,SALIVA,0.8,MLP Regressor,BayesSearchCV,1.7822187419069797,1.4405794828260865,24.906806761418025,0.04905189754655648
1751.059545055177,0.003936968163961511,leukocytes,SALIVA,0.8,MLP Regressor,BayesSearchCV,1.7822187419069797,1.4405794828260865,24.906806761418025,0.04905189754655648
1737.560187328981,0.0039054832709614824,leukocytes,SALIVA,0.8,MLP Regressor,BayesSearchCV,1.7822187419069797,1.4405794828260865,24.906806761418025,0.04905189754655648
1752.988024730348,0.0038717324946940016,leukocytes,SALIVA,0.8,MLP Regressor,BayesSearchCV,1.7822187419069797,1.4405794828260865,24.906806761418025,0.04905189754655648
1758.773463755861,0.003844252555118013,leukocytes,SALIVA,0.8,MLP Regressor,BayesSearchCV,1.7822187419069797,1.4405794828260865,24.906806761418025,0.04905189754655648
1756.84498408069,0.003821784711166997,leukocytes,SALIVA,0.8,MLP Regressor,BayesSearchCV,1.7822187419069797,1.4405794828260865,24.906806761418025,0.04905189754655648
1754.916504405519,0.003820085707656305,leukocytes,SALIVA,0.8,MLP Regressor,BayesSearchCV,1.7822187419069797,1.4405794828260865,24.906806761418025,0.04905189754655648
1760.701943431032,0.003791019717627098,leukocytes,SALIVA,0.8,MLP Regressor,BayesSearchCV,1.7822187419069797,1.4405794828260865,24.906806761418025,0.04905189754655648
1770.344341806886,0.003755142316079802,leukocytes,SALIVA,0.8,MLP Regressor,BayesSearchCV,1.7822187419069797,1.4405794828260865,24.906806761418025,0.04905189754655648
1768.415862131715,0.0037537383936071746,leukocytes,SALIVA,0.8,MLP Regressor,BayesSearchCV,1.7822187419069797,1.4405794828260865,24.906806761418025,0.04905189754655648
1766.487382456544,0.0037463302619775356,leukocytes,SALIVA,0.8,MLP Regressor,BayesSearchCV,1.7822187419069797,1.4405794828260865,24.906806761418025,0.04905189754655648
1764.558902781373,0.003743274115804359,leukocytes,SALIVA,0.8,MLP Regressor,BayesSearchCV,1.7822187419069797,1.4405794828260865,24.906806761418025,0.04905189754655648
1762.630423106202,0.0037375271819476675,leukocytes,SALIVA,0.8,MLP Regressor,BayesSearchCV,1.7822187419069797,1.4405794828260865,24.906806761418025,0.04905189754655648
1772.272821482057,0.0037217054710398977,leukocytes,SALIVA,0.8,MLP Regressor,BayesSearchCV,1.7822187419069797,1.4405794828260865,24.906806761418025,0.04905189754655648
1774.201301157228,0.0036967671691040013,leukocytes,SALIVA,0.8,MLP Regressor,BayesSearchCV,1.7822187419069797,1.4405794828260865,24.906806761418025,0.04905189754655648
1506.142626308473,0.010454419353618901,leukocytes,SALIVA,0.8,MLP Regressor,BayesSearchCV,1.839245339769242,1.4788866131249445,25.934770384611898,-0.012777704085621844
1415.504081575441,0.008494228515372257,leukocytes,SALIVA,0.8,MLP Regressor,BayesSearchCV,1.839245339769242,1.4788866131249445,25.934770384611898,-0.012777704085621844
1498.428707607789,0.008476810469182288,leukocytes,SALIVA,0.8,MLP Regressor,BayesSearchCV,1.839245339769242,1.4788866131249445,25.934770384611898,-0.012777704085621844
1400.076244174074,0.00844495934626679,leukocytes,SALIVA,0.8,MLP Regressor,BayesSearchCV,1.839245339769242,1.4788866131249445,25.934770384611898,-0.012777704085621844
1519.641984034669,0.007830084962848455,leukocytes,SALIVA,0.8,MLP Regressor,BayesSearchCV,1.839245339769242,1.4788866131249445,25.934770384611898,-0.012777704085621844
1675.848837723512,0.007568396284035214,leukocytes,SALIVA,0.8,MLP Regressor,BayesSearchCV,1.839245339769242,1.4788866131249445,25.934770384611898,-0.012777704085621844
1504.214146633302,0.007313690784606356,leukocytes,SALIVA,0.8,MLP Regressor,BayesSearchCV,1.839245339769242,1.4788866131249445,25.934770384611898,-0.012777704085621844
1608.35204909253,0.00724662831371986,leukocytes,SALIVA,0.8,MLP Regressor,BayesSearchCV,1.839245339769242,1.4788866131249445,25.934770384611898,-0.012777704085621844
1429.003439301637,0.0069883568955794026,leukocytes,SALIVA,0.8,MLP Regressor,BayesSearchCV,1.839245339769242,1.4788866131249445,25.934770384611898,-0.012777704085621844
1531.212862085695,0.006922382376790659,leukocytes,SALIVA,0.8,MLP Regressor,BayesSearchCV,1.839245339769242,1.4788866131249445,25.934770384611898,-0.012777704085621844
1533.141341760865,0.0068556910600536805,leukocytes,SALIVA,0.8,MLP Regressor,BayesSearchCV,1.839245339769242,1.4788866131249445,25.934770384611898,-0.012777704085621844
1483.000870206422,0.006775467671144601,leukocytes,SALIVA,0.8,MLP Regressor,BayesSearchCV,1.839245339769242,1.4788866131249445,25.934770384611898,-0.012777704085621844
1392.36232547339,0.0066159614221463015,leukocytes,SALIVA,0.8,MLP Regressor,BayesSearchCV,1.839245339769242,1.4788866131249445,25.934770384611898,-0.012777704085621844
1425.146479951295,0.006611554762335621,leukocytes,SALIVA,0.8,MLP Regressor,BayesSearchCV,1.839245339769242,1.4788866131249445,25.934770384611898,-0.012777704085621844
1423.218000276124,0.006463255188088343,leukocytes,SALIVA,0.8,MLP Regressor,BayesSearchCV,1.839245339769242,1.4788866131249445,25.934770384611898,-0.012777704085621844
1446.359756378175,0.006350834083616891,leukocytes,SALIVA,0.8,MLP Regressor,BayesSearchCV,1.839245339769242,1.4788866131249445,25.934770384611898,-0.012777704085621844
1427.074959626466,0.006284954575035734,leukocytes,SALIVA,0.8,MLP Regressor,BayesSearchCV,1.839245339769242,1.4788866131249445,25.934770384611898,-0.012777704085621844
1602.566610067018,0.006206612351416341,leukocytes,SALIVA,0.8,MLP Regressor,BayesSearchCV,1.839245339769242,1.4788866131249445,25.934770384611898,-0.012777704085621844
1122.375170949464,0.006202824833181734,leukocytes,SALIVA,0.8,MLP Regressor,BayesSearchCV,1.839245339769242,1.4788866131249445,25.934770384611898,-0.012777704085621844
1556.283097862916,0.005956328158718744,leukocytes,SALIVA,0.8,MLP Regressor,BayesSearchCV,1.839245339769242,1.4788866131249445,25.934770384611898,-0.012777704085621844
1741.417146679323,0.004065456522870216,leukocytes,SALIVA,0.8,MLP Regressor,BayesSearchCV,1.7911721504251683,1.448720192186545,25.132296308908764,0.03947326021891473
1743.345626354494,0.004052332949648981,leukocytes,SALIVA,0.8,MLP Regressor,BayesSearchCV,1.7911721504251683,1.448720192186545,25.132296308908764,0.03947326021891473
1739.488667004152,0.004026422900061687,leukocytes,SALIVA,0.8,MLP Regressor,BayesSearchCV,1.7911721504251683,1.448720192186545,25.132296308908764,0.03947326021891473
1747.202585704835,0.003991291004916911,leukocytes,SALIVA,0.8,MLP Regressor,BayesSearchCV,1.7911721504251683,1.448720192186545,25.132296308908764,0.03947326021891473
1745.274106029664,0.003989325864858491,leukocytes,SALIVA,0.8,MLP Regressor,BayesSearchCV,1.7911721504251683,1.448720192186545,25.132296308908764,0.03947326021891473
1749.131065380006,0.00396023949918924,leukocytes,SALIVA,0.8,MLP Regressor,BayesSearchCV,1.7911721504251683,1.448720192186545,25.132296308908764,0.03947326021891473
1737.560187328981,0.003918268435388261,leukocytes,SALIVA,0.8,MLP Regressor,BayesSearchCV,1.7911721504251683,1.448720192186545,25.132296308908764,0.03947326021891473
1751.059545055177,0.003881578585980562,leukocytes,SALIVA,0.8,MLP Regressor,BayesSearchCV,1.7911721504251683,1.448720192186545,25.132296308908764,0.03947326021891473
1752.988024730348,0.0038316091465176306,leukocytes,SALIVA,0.8,MLP Regressor,BayesSearchCV,1.7911721504251683,1.448720192186545,25.132296308908764,0.03947326021891473
1758.773463755861,0.0038038561713675477,leukocytes,SALIVA,0.8,MLP Regressor,BayesSearchCV,1.7911721504251683,1.448720192186545,25.132296308908764,0.03947326021891473
1754.916504405519,0.0037887926262793544,leukocytes,SALIVA,0.8,MLP Regressor,BayesSearchCV,1.7911721504251683,1.448720192186545,25.132296308908764,0.03947326021891473
1756.84498408069,0.0037859142962000133,leukocytes,SALIVA,0.8,MLP Regressor,BayesSearchCV,1.7911721504251683,1.448720192186545,25.132296308908764,0.03947326021891473
1760.701943431032,0.003748439726371308,leukocytes,SALIVA,0.8,MLP Regressor,BayesSearchCV,1.7911721504251683,1.448720192186545,25.132296308908764,0.03947326021891473
1768.415862131715,0.0037244587242470273,leukocytes,SALIVA,0.8,MLP Regressor,BayesSearchCV,1.7911721504251683,1.448720192186545,25.132296308908764,0.03947326021891473
1770.344341806886,0.003721161533576461,leukocytes,SALIVA,0.8,MLP Regressor,BayesSearchCV,1.7911721504251683,1.448720192186545,25.132296308908764,0.03947326021891473
1766.487382456544,0.0037169477913489373,leukocytes,SALIVA,0.8,MLP Regressor,BayesSearchCV,1.7911721504251683,1.448720192186545,25.132296308908764,0.03947326021891473
1764.558902781373,0.0037120556581529585,leukocytes,SALIVA,0.8,MLP Regressor,BayesSearchCV,1.7911721504251683,1.448720192186545,25.132296308908764,0.03947326021891473
1735.63170765381,0.0037031158225189547,leukocytes,SALIVA,0.8,MLP Regressor,BayesSearchCV,1.7911721504251683,1.448720192186545,25.132296308908764,0.03947326021891473
1762.630423106202,0.0036993035402620314,leukocytes,SALIVA,0.8,MLP Regressor,BayesSearchCV,1.7911721504251683,1.448720192186545,25.132296308908764,0.03947326021891473
1772.272821482057,0.0036835066638798834,leukocytes,SALIVA,0.8,MLP Regressor,BayesSearchCV,1.7911721504251683,1.448720192186545,25.132296308908764,0.03947326021891473
1556.283097862916,0.024289188351211927,leukocytes,SALIVA,0.8,MLP Regressor,BayesSearchCV,1.8244542065235334,1.4097234021543383,23.769930733583802,0.0034462273942457156
1550.497658837404,0.02110630368755163,leukocytes,SALIVA,0.8,MLP Regressor,BayesSearchCV,1.8244542065235334,1.4097234021543383,23.769930733583802,0.0034462273942457156
1548.569179162233,0.01946253903103578,leukocytes,SALIVA,0.8,MLP Regressor,BayesSearchCV,1.8244542065235334,1.4097234021543383,23.769930733583802,0.0034462273942457156
1554.354618187745,0.01857687053844619,leukocytes,SALIVA,0.8,MLP Regressor,BayesSearchCV,1.8244542065235334,1.4097234021543383,23.769930733583802,0.0034462273942457156
1544.712219811891,0.018007915760799992,leukocytes,SALIVA,0.8,MLP Regressor,BayesSearchCV,1.8244542065235334,1.4097234021543383,23.769930733583802,0.0034462273942457156
1533.141341760865,0.01600286144598005,leukocytes,SALIVA,0.8,MLP Regressor,BayesSearchCV,1.8244542065235334,1.4097234021543383,23.769930733583802,0.0034462273942457156
1542.78374013672,0.015753398896399828,leukocytes,SALIVA,0.8,MLP Regressor,BayesSearchCV,1.8244542065235334,1.4097234021543383,23.769930733583802,0.0034462273942457156
1648.85012227112,0.014991977207398808,leukocytes,SALIVA,0.8,MLP Regressor,BayesSearchCV,1.8244542065235334,1.4097234021543383,23.769930733583802,0.0034462273942457156
1668.134919022829,0.013304356344992661,leukocytes,SALIVA,0.8,MLP Regressor,BayesSearchCV,1.8244542065235334,1.4097234021543383,23.769930733583802,0.0034462273942457156
1415.504081575441,0.012992929604928694,leukocytes,SALIVA,0.8,MLP Regressor,BayesSearchCV,1.8244542065235334,1.4097234021543383,23.769930733583802,0.0034462273942457156
1654.635561296632,0.01266964816289911,leukocytes,SALIVA,0.8,MLP Regressor,BayesSearchCV,1.8244542065235334,1.4097234021543383,23.769930733583802,0.0034462273942457156
1552.426138512574,0.012616977030924322,leukocytes,SALIVA,0.8,MLP Regressor,BayesSearchCV,1.8244542065235334,1.4097234021543383,23.769930733583802,0.0034462273942457156
1641.136203570436,0.012483426802807595,leukocytes,SALIVA,0.8,MLP Regressor,BayesSearchCV,1.8244542065235334,1.4097234021543383,23.769930733583802,0.0034462273942457156
1531.212862085695,0.012315031206485489,leukocytes,SALIVA,0.8,MLP Regressor,BayesSearchCV,1.8244542065235334,1.4097234021543383,23.769930733583802,0.0034462273942457156
1538.926780786378,0.01221864429340543,leukocytes,SALIVA,0.8,MLP Regressor,BayesSearchCV,1.8244542065235334,1.4097234021543383,23.769930733583802,0.0034462273942457156
1560.140057213258,0.012107983264764614,leukocytes,SALIVA,0.8,MLP Regressor,BayesSearchCV,1.8244542065235334,1.4097234021543383,23.769930733583802,0.0034462273942457156
1658.492520646974,0.011801832122644547,leukocytes,SALIVA,0.8,MLP Regressor,BayesSearchCV,1.8244542065235334,1.4097234021543383,23.769930733583802,0.0034462273942457156
1652.707081621461,0.011785621564249556,leukocytes,SALIVA,0.8,MLP Regressor,BayesSearchCV,1.8244542065235334,1.4097234021543383,23.769930733583802,0.0034462273942457156
1635.350764544923,0.011577163459411208,leukocytes,SALIVA,0.8,MLP Regressor,BayesSearchCV,1.8244542065235334,1.4097234021543383,23.769930733583802,0.0034462273942457156
1656.564040971803,0.01092124793768262,leukocytes,SALIVA,0.8,MLP Regressor,BayesSearchCV,1.8244542065235334,1.4097234021543383,23.769930733583802,0.0034462273942457156
1432.860398651979,0.003594466526251294,leukocytes,SERUM,0.8,MLP Regressor,BayesSearchCV,1.5886723263773321,1.2310278004833737,17.689775119400256,0.07907848067906242
1430.931918976808,0.0035912779140628683,leukocytes,SERUM,0.8,MLP Regressor,BayesSearchCV,1.5886723263773321,1.2310278004833737,17.689775119400256,0.07907848067906242
1394.290805148561,0.003574445729759552,leukocytes,SERUM,0.8,MLP Regressor,BayesSearchCV,1.5886723263773321,1.2310278004833737,17.689775119400256,0.07907848067906242
1483.000870206422,0.003571463378266568,leukocytes,SERUM,0.8,MLP Regressor,BayesSearchCV,1.5886723263773321,1.2310278004833737,17.689775119400256,0.07907848067906242
1429.003439301637,0.0035643178565864285,leukocytes,SERUM,0.8,MLP Regressor,BayesSearchCV,1.5886723263773321,1.2310278004833737,17.689775119400256,0.07907848067906242
1434.78887832715,0.003561547606273264,leukocytes,SERUM,0.8,MLP Regressor,BayesSearchCV,1.5886723263773321,1.2310278004833737,17.689775119400256,0.07907848067906242
1481.072390531251,0.0035609968421695297,leukocytes,SERUM,0.8,MLP Regressor,BayesSearchCV,1.5886723263773321,1.2310278004833737,17.689775119400256,0.07907848067906242
1392.36232547339,0.0035590772174132796,leukocytes,SERUM,0.8,MLP Regressor,BayesSearchCV,1.5886723263773321,1.2310278004833737,17.689775119400256,0.07907848067906242
1396.219284823732,0.0035556008424681746,leukocytes,SERUM,0.8,MLP Regressor,BayesSearchCV,1.5886723263773321,1.2310278004833737,17.689775119400256,0.07907848067906242
1484.929349881593,0.003555505242041738,leukocytes,SERUM,0.8,MLP Regressor,BayesSearchCV,1.5886723263773321,1.2310278004833737,17.689775119400256,0.07907848067906242
1398.147764498902,0.00353567772349928,leukocytes,SERUM,0.8,MLP Regressor,BayesSearchCV,1.5886723263773321,1.2310278004833737,17.689775119400256,0.07907848067906242
1486.857829556764,0.0035268404529725235,leukocytes,SERUM,0.8,MLP Regressor,BayesSearchCV,1.5886723263773321,1.2310278004833737,17.689775119400256,0.07907848067906242
1427.074959626466,0.00352274520249178,leukocytes,SERUM,0.8,MLP Regressor,BayesSearchCV,1.5886723263773321,1.2310278004833737,17.689775119400256,0.07907848067906242
1400.076244174074,0.003505770696856718,leukocytes,SERUM,0.8,MLP Regressor,BayesSearchCV,1.5886723263773321,1.2310278004833737,17.689775119400256,0.07907848067906242
1479.14391085608,0.0035051174030920713,leukocytes,SERUM,0.8,MLP Regressor,BayesSearchCV,1.5886723263773321,1.2310278004833737,17.689775119400256,0.07907848067906242
1436.71735800232,0.003498168064194939,leukocytes,SERUM,0.8,MLP Regressor,BayesSearchCV,1.5886723263773321,1.2310278004833737,17.689775119400256,0.07907848067906242
1425.146479951295,0.0034737419529058595,leukocytes,SERUM,0.8,MLP Regressor,BayesSearchCV,1.5886723263773321,1.2310278004833737,17.689775119400256,0.07907848067906242
1488.786309231935,0.0034730114873046214,leukocytes,SERUM,0.8,MLP Regressor,BayesSearchCV,1.5886723263773321,1.2310278004833737,17.689775119400256,0.07907848067906242
1402.004723849244,0.0034667151907607874,leukocytes,SERUM,0.8,MLP Regressor,BayesSearchCV,1.5886723263773321,1.2310278004833737,17.689775119400256,0.07907848067906242
1403.933203524415,0.0034430193046054176,leukocytes,SERUM,0.8,MLP Regressor,BayesSearchCV,1.5886723263773321,1.2310278004833737,17.689775119400256,0.07907848067906242
1056.806861993653,0.011450064892428884,leukocytes,SERUM,0.8,MLP Regressor,BayesSearchCV,1.6173851823575027,1.298212422681504,19.67810995966163,0.04548912592521448
1076.091658745362,0.009704993606177582,leukocytes,SERUM,0.8,MLP Regressor,BayesSearchCV,1.6173851823575027,1.298212422681504,19.67810995966163,0.04548912592521448
1143.588447376344,0.007573452815505796,leukocytes,SERUM,0.8,MLP Regressor,BayesSearchCV,1.6173851823575027,1.298212422681504,19.67810995966163,0.04548912592521448
1052.949902643312,0.007393269831736336,leukocytes,SERUM,0.8,MLP Regressor,BayesSearchCV,1.6173851823575027,1.298212422681504,19.67810995966163,0.04548912592521448
1664.277959672487,0.007160718573996028,leukocytes,SERUM,0.8,MLP Regressor,BayesSearchCV,1.6173851823575027,1.298212422681504,19.67810995966163,0.04548912592521448
1145.516927051515,0.007112390996655947,leukocytes,SERUM,0.8,MLP Regressor,BayesSearchCV,1.6173851823575027,1.298212422681504,19.67810995966163,0.04548912592521448
1101.161894522584,0.0070762786428189796,leukocytes,SERUM,0.8,MLP Regressor,BayesSearchCV,1.6173851823575027,1.298212422681504,19.67810995966163,0.04548912592521448
1745.274106029664,0.006846313301734622,leukocytes,SERUM,0.8,MLP Regressor,BayesSearchCV,1.6173851823575027,1.298212422681504,19.67810995966163,0.04548912592521448
1070.306219719849,0.006823062767972737,leukocytes,SERUM,0.8,MLP Regressor,BayesSearchCV,1.6173851823575027,1.298212422681504,19.67810995966163,0.04548912592521448
1668.134919022829,0.006579947925411304,leukocytes,SERUM,0.8,MLP Regressor,BayesSearchCV,1.6173851823575027,1.298212422681504,19.67810995966163,0.04548912592521448
1089.591016471559,0.00635325277489179,leukocytes,SERUM,0.8,MLP Regressor,BayesSearchCV,1.6173851823575027,1.298212422681504,19.67810995966163,0.04548912592521448
1147.445406726686,0.006315013300795219,leukocytes,SERUM,0.8,MLP Regressor,BayesSearchCV,1.6173851823575027,1.298212422681504,19.67810995966163,0.04548912592521448
1519.641984034669,0.006290782315740948,leukocytes,SERUM,0.8,MLP Regressor,BayesSearchCV,1.6173851823575027,1.298212422681504,19.67810995966163,0.04548912592521448
1648.85012227112,0.006262050409578954,leukocytes,SERUM,0.8,MLP Regressor,BayesSearchCV,1.6173851823575027,1.298212422681504,19.67810995966163,0.04548912592521448
1043.307504267457,0.006159708366551088,leukocytes,SERUM,0.8,MLP Regressor,BayesSearchCV,1.6173851823575027,1.298212422681504,19.67810995966163,0.04548912592521448
1656.564040971803,0.0061108521860623695,leukocytes,SERUM,0.8,MLP Regressor,BayesSearchCV,1.6173851823575027,1.298212422681504,19.67810995966163,0.04548912592521448
1216.870675032838,0.005995710151060611,leukocytes,SERUM,0.8,MLP Regressor,BayesSearchCV,1.6173851823575027,1.298212422681504,19.67810995966163,0.04548912592521448
1051.021422968141,0.005867885695167146,leukocytes,SERUM,0.8,MLP Regressor,BayesSearchCV,1.6173851823575027,1.298212422681504,19.67810995966163,0.04548912592521448
1058.735341668824,0.005780387055950069,leukocytes,SERUM,0.8,MLP Regressor,BayesSearchCV,1.6173851823575027,1.298212422681504,19.67810995966163,0.04548912592521448
1506.142626308473,0.005404669204805707,leukocytes,SERUM,0.8,MLP Regressor,BayesSearchCV,1.6173851823575027,1.298212422681504,19.67810995966163,0.04548912592521448
1432.860398651979,0.003594490076936142,leukocytes,SERUM,0.8,MLP Regressor,BayesSearchCV,1.5887095379233376,1.2310670165962825,17.690060280972446,0.07903533859840084
1430.931918976808,0.0035912975270731133,leukocytes,SERUM,0.8,MLP Regressor,BayesSearchCV,1.5887095379233376,1.2310670165962825,17.690060280972446,0.07903533859840084
1394.290805148561,0.003574490192544506,leukocytes,SERUM,0.8,MLP Regressor,BayesSearchCV,1.5887095379233376,1.2310670165962825,17.690060280972446,0.07903533859840084
1483.000870206422,0.0035714561062961427,leukocytes,SERUM,0.8,MLP Regressor,BayesSearchCV,1.5887095379233376,1.2310670165962825,17.690060280972446,0.07903533859840084
1429.003439301637,0.003564334265583034,leukocytes,SERUM,0.8,MLP Regressor,BayesSearchCV,1.5887095379233376,1.2310670165962825,17.690060280972446,0.07903533859840084
1434.78887832715,0.0035615728146515284,leukocytes,SERUM,0.8,MLP Regressor,BayesSearchCV,1.5887095379233376,1.2310670165962825,17.690060280972446,0.07903533859840084
1481.072390531251,0.0035609928135024106,leukocytes,SERUM,0.8,MLP Regressor,BayesSearchCV,1.5887095379233376,1.2310670165962825,17.690060280972446,0.07903533859840084
1392.36232547339,0.003559139062157763,leukocytes,SERUM,0.8,MLP Regressor,BayesSearchCV,1.5887095379233376,1.2310670165962825,17.690060280972446,0.07903533859840084
1396.219284823732,0.003555634445619451,leukocytes,SERUM,0.8,MLP Regressor,BayesSearchCV,1.5887095379233376,1.2310670165962825,17.690060280972446,0.07903533859840084
1484.929349881593,0.0035554963781647252,leukocytes,SERUM,0.8,MLP Regressor,BayesSearchCV,1.5887095379233376,1.2310670165962825,17.690060280972446,0.07903533859840084
1398.147764498902,0.0035357041157124177,leukocytes,SERUM,0.8,MLP Regressor,BayesSearchCV,1.5887095379233376,1.2310670165962825,17.690060280972446,0.07903533859840084
1486.857829556764,0.003526830913076771,leukocytes,SERUM,0.8,MLP Regressor,BayesSearchCV,1.5887095379233376,1.2310670165962825,17.690060280972446,0.07903533859840084
1427.074959626466,0.0035227586241966904,leukocytes,SERUM,0.8,MLP Regressor,BayesSearchCV,1.5887095379233376,1.2310670165962825,17.690060280972446,0.07903533859840084
1400.076244174074,0.0035057924811373884,leukocytes,SERUM,0.8,MLP Regressor,BayesSearchCV,1.5887095379233376,1.2310670165962825,17.690060280972446,0.07903533859840084
1479.14391085608,0.0035051159678416545,leukocytes,SERUM,0.8,MLP Regressor,BayesSearchCV,1.5887095379233376,1.2310670165962825,17.690060280972446,0.07903533859840084
1436.71735800232,0.003498194873389495,leukocytes,SERUM,0.8,MLP Regressor,BayesSearchCV,1.5887095379233376,1.2310670165962825,17.690060280972446,0.07903533859840084
1425.146479951295,0.0034737525566251887,leukocytes,SERUM,0.8,MLP Regressor,BayesSearchCV,1.5887095379233376,1.2310670165962825,17.690060280972446,0.07903533859840084
1488.786309231935,0.0034729997362684772,leukocytes,SERUM,0.8,MLP Regressor,BayesSearchCV,1.5887095379233376,1.2310670165962825,17.690060280972446,0.07903533859840084
1402.004723849244,0.0034667341668274815,leukocytes,SERUM,0.8,MLP Regressor,BayesSearchCV,1.5887095379233376,1.2310670165962825,17.690060280972446,0.07903533859840084
1403.933203524415,0.003443035388275702,leukocytes,SERUM,0.8,MLP Regressor,BayesSearchCV,1.5887095379233376,1.2310670165962825,17.690060280972446,0.07903533859840084
1658.492520646974,0.01766874985798722,leukocytes,SERUM,0.8,MLP Regressor,BayesSearchCV,1.6713568775599763,1.3290611571881163,19.866259197150377,-0.01927728514874527
1656.564040971803,0.01723655711020879,leukocytes,SERUM,0.8,MLP Regressor,BayesSearchCV,1.6713568775599763,1.3290611571881163,19.866259197150377,-0.01927728514874527
1654.635561296632,0.016019077006421016,leukocytes,SERUM,0.8,MLP Regressor,BayesSearchCV,1.6713568775599763,1.3290611571881163,19.866259197150377,-0.01927728514874527
1662.349479997316,0.013680958455586617,leukocytes,SERUM,0.8,MLP Regressor,BayesSearchCV,1.6713568775599763,1.3290611571881163,19.866259197150377,-0.01927728514874527
1652.707081621461,0.013430922167975706,leukocytes,SERUM,0.8,MLP Regressor,BayesSearchCV,1.6713568775599763,1.3290611571881163,19.866259197150377,-0.01927728514874527
1660.421000322145,0.012577756764323574,leukocytes,SERUM,0.8,MLP Regressor,BayesSearchCV,1.6713568775599763,1.3290611571881163,19.866259197150377,-0.01927728514874527
1664.277959672487,0.010935590480902492,leukocytes,SERUM,0.8,MLP Regressor,BayesSearchCV,1.6713568775599763,1.3290611571881163,19.866259197150377,-0.01927728514874527
1666.206439347658,0.010089197116883258,leukocytes,SERUM,0.8,MLP Regressor,BayesSearchCV,1.6713568775599763,1.3290611571881163,19.866259197150377,-0.01927728514874527
1635.350764544923,0.009920411591959017,leukocytes,SERUM,0.8,MLP Regressor,BayesSearchCV,1.6713568775599763,1.3290611571881163,19.866259197150377,-0.01927728514874527
1650.77860194629,0.009741011452334547,leukocytes,SERUM,0.8,MLP Regressor,BayesSearchCV,1.6713568775599763,1.3290611571881163,19.866259197150377,-0.01927728514874527
1668.134919022829,0.009086413851105332,leukocytes,SERUM,0.8,MLP Regressor,BayesSearchCV,1.6713568775599763,1.3290611571881163,19.866259197150377,-0.01927728514874527
1633.422284869752,0.008374282151768747,leukocytes,SERUM,0.8,MLP Regressor,BayesSearchCV,1.6713568775599763,1.3290611571881163,19.866259197150377,-0.01927728514874527
1631.493805194581,0.008187279395062171,leukocytes,SERUM,0.8,MLP Regressor,BayesSearchCV,1.6713568775599763,1.3290611571881163,19.866259197150377,-0.01927728514874527
1639.207723895265,0.007995279975159083,leukocytes,SERUM,0.8,MLP Regressor,BayesSearchCV,1.6713568775599763,1.3290611571881163,19.866259197150377,-0.01927728514874527
1637.279244220094,0.007509369160377002,leukocytes,SERUM,0.8,MLP Regressor,BayesSearchCV,1.6713568775599763,1.3290611571881163,19.866259197150377,-0.01927728514874527
1648.85012227112,0.007251279767183375,leukocytes,SERUM,0.8,MLP Regressor,BayesSearchCV,1.6713568775599763,1.3290611571881163,19.866259197150377,-0.01927728514874527
1629.56532551941,0.007189817519002201,leukocytes,SERUM,0.8,MLP Regressor,BayesSearchCV,1.6713568775599763,1.3290611571881163,19.866259197150377,-0.01927728514874527
1641.136203570436,0.006878028989831844,leukocytes,SERUM,0.8,MLP Regressor,BayesSearchCV,1.6713568775599763,1.3290611571881163,19.866259197150377,-0.01927728514874527
1670.063398697999,0.006047822833142597,leukocytes,SERUM,0.8,MLP Regressor,BayesSearchCV,1.6713568775599763,1.3290611571881163,19.866259197150377,-0.01927728514874527
1565.925496238771,0.005681281063524984,leukocytes,SERUM,0.8,MLP Regressor,BayesSearchCV,1.6713568775599763,1.3290611571881163,19.866259197150377,-0.01927728514874527
1691.276675124879,0.0034796246731437983,leukocytes,URINE,0.8,MLP Regressor,BayesSearchCV,2.062844726512433,1.5727108541609842,21.699104523830297,-0.5890713413647775
1693.20515480005,0.0034075438772223857,leukocytes,URINE,0.8,MLP Regressor,BayesSearchCV,2.062844726512433,1.5727108541609842,21.699104523830297,-0.5890713413647775
1697.062114150392,0.0033509842899800382,leukocytes,URINE,0.8,MLP Regressor,BayesSearchCV,2.062844726512433,1.5727108541609842,21.699104523830297,-0.5890713413647775
1695.133634475221,0.003340037059719771,leukocytes,URINE,0.8,MLP Regressor,BayesSearchCV,2.062844726512433,1.5727108541609842,21.699104523830297,-0.5890713413647775
1698.990593825563,0.0031914747132963015,leukocytes,URINE,0.8,MLP Regressor,BayesSearchCV,2.062844726512433,1.5727108541609842,21.699104523830297,-0.5890713413647775
1689.348195449708,0.003171974796649821,leukocytes,URINE,0.8,MLP Regressor,BayesSearchCV,2.062844726512433,1.5727108541609842,21.699104523830297,-0.5890713413647775
1700.919073500734,0.0030686633910398473,leukocytes,URINE,0.8,MLP Regressor,BayesSearchCV,2.062844726512433,1.5727108541609842,21.699104523830297,-0.5890713413647775
1687.419715774538,0.0029681402761416687,leukocytes,URINE,0.8,MLP Regressor,BayesSearchCV,2.062844726512433,1.5727108541609842,21.699104523830297,-0.5890713413647775
1702.847553175905,0.0029222991389294918,leukocytes,URINE,0.8,MLP Regressor,BayesSearchCV,2.062844726512433,1.5727108541609842,21.699104523830297,-0.5890713413647775
1685.491236099367,0.0027189648454863107,leukocytes,URINE,0.8,MLP Regressor,BayesSearchCV,2.062844726512433,1.5727108541609842,21.699104523830297,-0.5890713413647775
1704.776032851076,0.002631642123477918,leukocytes,URINE,0.8,MLP Regressor,BayesSearchCV,2.062844726512433,1.5727108541609842,21.699104523830297,-0.5890713413647775
2821.365764775026,0.0025628985190917697,leukocytes,URINE,0.8,MLP Regressor,BayesSearchCV,2.062844726512433,1.5727108541609842,21.699104523830297,-0.5890713413647775
2823.294244450197,0.002562697079883162,leukocytes,URINE,0.8,MLP Regressor,BayesSearchCV,2.062844726512433,1.5727108541609842,21.699104523830297,-0.5890713413647775
2832.936642826052,0.0025593622772369473,leukocytes,URINE,0.8,MLP Regressor,BayesSearchCV,2.062844726512433,1.5727108541609842,21.699104523830297,-0.5890713413647775
2834.865122501223,0.0025589791171372017,leukocytes,URINE,0.8,MLP Regressor,BayesSearchCV,2.062844726512433,1.5727108541609842,21.699104523830297,-0.5890713413647775
2819.437285099856,0.0025503482088653257,leukocytes,URINE,0.8,MLP Regressor,BayesSearchCV,2.062844726512433,1.5727108541609842,21.699104523830297,-0.5890713413647775
2825.222724125369,0.0025502930083625935,leukocytes,URINE,0.8,MLP Regressor,BayesSearchCV,2.062844726512433,1.5727108541609842,21.699104523830297,-0.5890713413647775
2836.793602176394,0.00254963942461946,leukocytes,URINE,0.8,MLP Regressor,BayesSearchCV,2.062844726512433,1.5727108541609842,21.699104523830297,-0.5890713413647775
2811.723366399172,0.002547595016938972,leukocytes,URINE,0.8,MLP Regressor,BayesSearchCV,2.062844726512433,1.5727108541609842,21.699104523830297,-0.5890713413647775
2813.651846074343,0.0025472987967940677,leukocytes,URINE,0.8,MLP Regressor,BayesSearchCV,2.062844726512433,1.5727108541609842,21.699104523830297,-0.5890713413647775
2802.080968023317,0.00914062360785773,leukocytes,URINE,0.8,MLP Regressor,BayesSearchCV,1.9866676408363322,1.5676348007154552,21.12288029748466,-0.47387534105860696
1687.419715774538,0.007116380014362746,leukocytes,URINE,0.8,MLP Regressor,BayesSearchCV,1.9866676408363322,1.5676348007154552,21.12288029748466,-0.47387534105860696
2913.93278918323,0.006929942532301964,leukocytes,URINE,0.8,MLP Regressor,BayesSearchCV,1.9866676408363322,1.5676348007154552,21.12288029748466,-0.47387534105860696
2871.50623632947,0.006438953211604183,leukocytes,URINE,0.8,MLP Regressor,BayesSearchCV,1.9866676408363322,1.5676348007154552,21.12288029748466,-0.47387534105860696
1037.522065241944,0.006196402646896183,leukocytes,URINE,0.8,MLP Regressor,BayesSearchCV,1.9866676408363322,1.5676348007154552,21.12288029748466,-0.47387534105860696
2819.437285099856,0.005856639012788556,leukocytes,URINE,0.8,MLP Regressor,BayesSearchCV,1.9866676408363322,1.5676348007154552,21.12288029748466,-0.47387534105860696
2873.434716004641,0.005845077907378023,leukocytes,URINE,0.8,MLP Regressor,BayesSearchCV,1.9866676408363322,1.5676348007154552,21.12288029748466,-0.47387534105860696
2777.010732246096,0.005814916419986249,leukocytes,URINE,0.8,MLP Regressor,BayesSearchCV,1.9866676408363322,1.5676348007154552,21.12288029748466,-0.47387534105860696
2854.149919252932,0.005796369398117475,leukocytes,URINE,0.8,MLP Regressor,BayesSearchCV,1.9866676408363322,1.5676348007154552,21.12288029748466,-0.47387534105860696
2827.151203800539,0.005732331667151095,leukocytes,URINE,0.8,MLP Regressor,BayesSearchCV,1.9866676408363322,1.5676348007154552,21.12288029748466,-0.47387534105860696
1691.276675124879,0.005716169646496892,leukocytes,URINE,0.8,MLP Regressor,BayesSearchCV,1.9866676408363322,1.5676348007154552,21.12288029748466,-0.47387534105860696
2883.077114380495,0.005714094361515801,leukocytes,URINE,0.8,MLP Regressor,BayesSearchCV,1.9866676408363322,1.5676348007154552,21.12288029748466,-0.47387534105860696
2892.71951275635,0.005613501976927199,leukocytes,URINE,0.8,MLP Regressor,BayesSearchCV,1.9866676408363322,1.5676348007154552,21.12288029748466,-0.47387534105860696
2775.082252570925,0.005513780787009369,leukocytes,URINE,0.8,MLP Regressor,BayesSearchCV,1.9866676408363322,1.5676348007154552,21.12288029748466,-0.47387534105860696
2805.937927373659,0.005436777000892747,leukocytes,URINE,0.8,MLP Regressor,BayesSearchCV,1.9866676408363322,1.5676348007154552,21.12288029748466,-0.47387534105860696
2915.861268858401,0.005414890775695871,leukocytes,URINE,0.8,MLP Regressor,BayesSearchCV,1.9866676408363322,1.5676348007154552,21.12288029748466,-0.47387534105860696
2730.727220041994,0.005309428396405304,leukocytes,URINE,0.8,MLP Regressor,BayesSearchCV,1.9866676408363322,1.5676348007154552,21.12288029748466,-0.47387534105860696
1018.237268490235,0.005297521581293071,leukocytes,URINE,0.8,MLP Regressor,BayesSearchCV,1.9866676408363322,1.5676348007154552,21.12288029748466,-0.47387534105860696
2971.787179438357,0.005201382535273361,leukocytes,URINE,0.8,MLP Regressor,BayesSearchCV,1.9866676408363322,1.5676348007154552,21.12288029748466,-0.47387534105860696
2948.645423336306,0.0051272992747363804,leukocytes,URINE,0.8,MLP Regressor,BayesSearchCV,1.9866676408363322,1.5676348007154552,21.12288029748466,-0.47387534105860696
1691.276675124879,0.0034655312056463086,leukocytes,URINE,0.8,MLP Regressor,BayesSearchCV,2.0604868792418056,1.5706670452067302,21.682682684470798,-0.585440776084154
1693.20515480005,0.003392743901722607,leukocytes,URINE,0.8,MLP Regressor,BayesSearchCV,2.0604868792418056,1.5706670452067302,21.682682684470798,-0.585440776084154
1697.062114150392,0.0033366087889847144,leukocytes,URINE,0.8,MLP Regressor,BayesSearchCV,2.0604868792418056,1.5706670452067302,21.682682684470798,-0.585440776084154
1695.133634475221,0.003325121330666649,leukocytes,URINE,0.8,MLP Regressor,BayesSearchCV,2.0604868792418056,1.5706670452067302,21.682682684470798,-0.585440776084154
1698.990593825563,0.003177185864922796,leukocytes,URINE,0.8,MLP Regressor,BayesSearchCV,2.0604868792418056,1.5706670452067302,21.682682684470798,-0.585440776084154
1689.348195449708,0.003158201948572679,leukocytes,URINE,0.8,MLP Regressor,BayesSearchCV,2.0604868792418056,1.5706670452067302,21.682682684470798,-0.585440776084154
1700.919073500734,0.003054647465621213,leukocytes,URINE,0.8,MLP Regressor,BayesSearchCV,2.0604868792418056,1.5706670452067302,21.682682684470798,-0.585440776084154
1687.419715774538,0.0029558546536263054,leukocytes,URINE,0.8,MLP Regressor,BayesSearchCV,2.0604868792418056,1.5706670452067302,21.682682684470798,-0.585440776084154
1702.847553175905,0.0029086208890259143,leukocytes,URINE,0.8,MLP Regressor,BayesSearchCV,2.0604868792418056,1.5706670452067302,21.682682684470798,-0.585440776084154
1685.491236099367,0.002708516475677571,leukocytes,URINE,0.8,MLP Regressor,BayesSearchCV,2.0604868792418056,1.5706670452067302,21.682682684470798,-0.585440776084154
1704.776032851076,0.0026180294433688963,leukocytes,URINE,0.8,MLP Regressor,BayesSearchCV,2.0604868792418056,1.5706670452067302,21.682682684470798,-0.585440776084154
2821.365764775026,0.002568233968384691,leukocytes,URINE,0.8,MLP Regressor,BayesSearchCV,2.0604868792418056,1.5706670452067302,21.682682684470798,-0.585440776084154
2823.294244450197,0.002567890958444631,leukocytes,URINE,0.8,MLP Regressor,BayesSearchCV,2.0604868792418056,1.5706670452067302,21.682682684470798,-0.585440776084154
2832.936642826052,0.00256376548704724,leukocytes,URINE,0.8,MLP Regressor,BayesSearchCV,2.0604868792418056,1.5706670452067302,21.682682684470798,-0.585440776084154
2834.865122501223,0.002563215373588966,leukocytes,URINE,0.8,MLP Regressor,BayesSearchCV,2.0604868792418056,1.5706670452067302,21.682682684470798,-0.585440776084154
2819.437285099856,0.002555756565107425,leukocytes,URINE,0.8,MLP Regressor,BayesSearchCV,2.0604868792418056,1.5706670452067302,21.682682684470798,-0.585440776084154
2825.222724125369,0.002555291863626616,leukocytes,URINE,0.8,MLP Regressor,BayesSearchCV,2.0604868792418056,1.5706670452067302,21.682682684470798,-0.585440776084154
2836.793602176394,0.002553678297217015,leukocytes,URINE,0.8,MLP Regressor,BayesSearchCV,2.0604868792418056,1.5706670452067302,21.682682684470798,-0.585440776084154
2811.723366399172,0.0025535454343002108,leukocytes,URINE,0.8,MLP Regressor,BayesSearchCV,2.0604868792418056,1.5706670452067302,21.682682684470798,-0.585440776084154
2813.651846074343,0.0025531437396461975,leukocytes,URINE,0.8,MLP Regressor,BayesSearchCV,2.0604868792418056,1.5706670452067302,21.682682684470798,-0.585440776084154
1079.948618095704,0.007880183291663522,leukocytes,URINE,0.8,MLP Regressor,BayesSearchCV,1.8323207146986296,1.4572160460435564,19.578680116239532,-0.25375679481049374
1490.714788907106,0.007116069466637501,leukocytes,URINE,0.8,MLP Regressor,BayesSearchCV,1.8323207146986296,1.4572160460435564,19.578680116239532,-0.25375679481049374
1074.163179070191,0.006501636770325337,leukocytes,URINE,0.8,MLP Regressor,BayesSearchCV,1.8323207146986296,1.4572160460435564,19.578680116239532,-0.25375679481049374
1498.428707607789,0.006208867128278126,leukocytes,URINE,0.8,MLP Regressor,BayesSearchCV,1.8323207146986296,1.4572160460435564,19.578680116239532,-0.25375679481049374
1078.020138420533,0.006017167968127384,leukocytes,URINE,0.8,MLP Regressor,BayesSearchCV,1.8323207146986296,1.4572160460435564,19.578680116239532,-0.25375679481049374
1085.734057121217,0.005830900541057607,leukocytes,URINE,0.8,MLP Regressor,BayesSearchCV,1.8323207146986296,1.4572160460435564,19.578680116239532,-0.25375679481049374
1083.805577446046,0.005765132445093594,leukocytes,URINE,0.8,MLP Regressor,BayesSearchCV,1.8323207146986296,1.4572160460435564,19.578680116239532,-0.25375679481049374
1089.591016471559,0.005703812810210027,leukocytes,URINE,0.8,MLP Regressor,BayesSearchCV,1.8323207146986296,1.4572160460435564,19.578680116239532,-0.25375679481049374
1087.662536796388,0.005636206251458847,leukocytes,URINE,0.8,MLP Regressor,BayesSearchCV,1.8323207146986296,1.4572160460435564,19.578680116239532,-0.25375679481049374
1492.643268582277,0.005618675242049977,leukocytes,URINE,0.8,MLP Regressor,BayesSearchCV,1.8323207146986296,1.4572160460435564,19.578680116239532,-0.25375679481049374
1081.877097770875,0.005477893365991933,leukocytes,URINE,0.8,MLP Regressor,BayesSearchCV,1.8323207146986296,1.4572160460435564,19.578680116239532,-0.25375679481049374
1494.571748257448,0.005335969643192367,leukocytes,URINE,0.8,MLP Regressor,BayesSearchCV,1.8323207146986296,1.4572160460435564,19.578680116239532,-0.25375679481049374
1072.23469939502,0.005299089887189306,leukocytes,URINE,0.8,MLP Regressor,BayesSearchCV,1.8323207146986296,1.4572160460435564,19.578680116239532,-0.25375679481049374
1070.306219719849,0.005196573208264376,leukocytes,URINE,0.8,MLP Regressor,BayesSearchCV,1.8323207146986296,1.4572160460435564,19.578680116239532,-0.25375679481049374
1091.51949614673,0.005178266881838034,leukocytes,URINE,0.8,MLP Regressor,BayesSearchCV,1.8323207146986296,1.4572160460435564,19.578680116239532,-0.25375679481049374
1076.091658745362,0.005086559555623273,leukocytes,URINE,0.8,MLP Regressor,BayesSearchCV,1.8323207146986296,1.4572160460435564,19.578680116239532,-0.25375679481049374
1488.786309231935,0.004997710874120794,leukocytes,URINE,0.8,MLP Regressor,BayesSearchCV,1.8323207146986296,1.4572160460435564,19.578680116239532,-0.25375679481049374
1496.500227932618,0.004925495669161915,leukocytes,URINE,0.8,MLP Regressor,BayesSearchCV,1.8323207146986296,1.4572160460435564,19.578680116239532,-0.25375679481049374
1421.289520600953,0.0047851917896212515,leukocytes,URINE,0.8,MLP Regressor,BayesSearchCV,1.8323207146986296,1.4572160460435564,19.578680116239532,-0.25375679481049374
1448.288236053346,0.0047163231226998665,leukocytes,URINE,0.8,MLP Regressor,BayesSearchCV,1.8323207146986296,1.4572160460435564,19.578680116239532,-0.25375679481049374
3048.926366445193,0.018139822392309397,leukocytes,CAPILAR,0.8,Random Forest Regressor,BayesSearchCV,1.5069216989466263,1.2022929994786336,19.864358021324215,-0.007706444569675064
1641.136203570436,0.013818922947472754,leukocytes,CAPILAR,0.8,Random Forest Regressor,BayesSearchCV,1.5069216989466263,1.2022929994786336,19.864358021324215,-0.007706444569675064
1639.207723895265,0.012259052099716184,leukocytes,CAPILAR,0.8,Random Forest Regressor,BayesSearchCV,1.5069216989466263,1.2022929994786336,19.864358021324215,-0.007706444569675064
1643.064683245607,0.01126920315266061,leukocytes,CAPILAR,0.8,Random Forest Regressor,BayesSearchCV,1.5069216989466263,1.2022929994786336,19.864358021324215,-0.007706444569675064
1637.279244220094,0.009877900310903116,leukocytes,CAPILAR,0.8,Random Forest Regressor,BayesSearchCV,1.5069216989466263,1.2022929994786336,19.864358021324215,-0.007706444569675064
3046.997886770022,0.008704530816847137,leukocytes,CAPILAR,0.8,Random Forest Regressor,BayesSearchCV,1.5069216989466263,1.2022929994786336,19.864358021324215,-0.007706444569675064
1635.350764544923,0.007878060138283145,leukocytes,CAPILAR,0.8,Random Forest Regressor,BayesSearchCV,1.5069216989466263,1.2022929994786336,19.864358021324215,-0.007706444569675064
1602.566610067018,0.007721426587795896,leukocytes,CAPILAR,0.8,Random Forest Regressor,BayesSearchCV,1.5069216989466263,1.2022929994786336,19.864358021324215,-0.007706444569675064
956.5259188847667,0.006469377680790409,leukocytes,CAPILAR,0.8,Random Forest Regressor,BayesSearchCV,1.5069216989466263,1.2022929994786336,19.864358021324215,-0.007706444569675064
1702.847553175905,0.006325774843469487,leukocytes,CAPILAR,0.8,Random Forest Regressor,BayesSearchCV,1.5069216989466263,1.2022929994786336,19.864358021324215,-0.007706444569675064
1633.422284869752,0.0062221845713919055,leukocytes,CAPILAR,0.8,Random Forest Regressor,BayesSearchCV,1.5069216989466263,1.2022929994786336,19.864358021324215,-0.007706444569675064
958.4543985599371,0.006012941795493751,leukocytes,CAPILAR,0.8,Random Forest Regressor,BayesSearchCV,1.5069216989466263,1.2022929994786336,19.864358021324215,-0.007706444569675064
1700.919073500734,0.005940634175722343,leukocytes,CAPILAR,0.8,Random Forest Regressor,BayesSearchCV,1.5069216989466263,1.2022929994786336,19.864358021324215,-0.007706444569675064
1644.993162920778,0.005847560037365837,leukocytes,CAPILAR,0.8,Random Forest Regressor,BayesSearchCV,1.5069216989466263,1.2022929994786336,19.864358021324215,-0.007706444569675064
1604.495089742189,0.005080759176623223,leukocytes,CAPILAR,0.8,Random Forest Regressor,BayesSearchCV,1.5069216989466263,1.2022929994786336,19.864358021324215,-0.007706444569675064
1698.990593825563,0.005042061525202759,leukocytes,CAPILAR,0.8,Random Forest Regressor,BayesSearchCV,1.5069216989466263,1.2022929994786336,19.864358021324215,-0.007706444569675064
1631.493805194581,0.005015445228323803,leukocytes,CAPILAR,0.8,Random Forest Regressor,BayesSearchCV,1.5069216989466263,1.2022929994786336,19.864358021324215,-0.007706444569675064
1704.776032851076,0.004905078774230903,leukocytes,CAPILAR,0.8,Random Forest Regressor,BayesSearchCV,1.5069216989466263,1.2022929994786336,19.864358021324215,-0.007706444569675064
1031.736626216432,0.0047399704799382485,leukocytes,CAPILAR,0.8,Random Forest Regressor,BayesSearchCV,1.5069216989466263,1.2022929994786336,19.864358021324215,-0.007706444569675064
954.5974392095954,0.004712431964210338,leukocytes,CAPILAR,0.8,Random Forest Regressor,BayesSearchCV,1.5069216989466263,1.2022929994786336,19.864358021324215,-0.007706444569675064
1380.791447422364,0.04433683952087198,leukocytes,CAPILAR,0.8,Random Forest Regressor,BayesSearchCV,1.3124930279162215,1.0473015010389055,17.57259913392584,0.2355542455383307
3045.069407094851,0.03750086984526607,leukocytes,CAPILAR,0.8,Random Forest Regressor,BayesSearchCV,1.3124930279162215,1.0473015010389055,17.57259913392584,0.2355542455383307
1710.561471876588,0.03724815778246744,leukocytes,CAPILAR,0.8,Random Forest Regressor,BayesSearchCV,1.3124930279162215,1.0473015010389055,17.57259913392584,0.2355542455383307
1382.719927097535,0.0294778703662088,leukocytes,CAPILAR,0.8,Random Forest Regressor,BayesSearchCV,1.3124930279162215,1.0473015010389055,17.57259913392584,0.2355542455383307
1373.077528721681,0.027370894084048226,leukocytes,CAPILAR,0.8,Random Forest Regressor,BayesSearchCV,1.3124930279162215,1.0473015010389055,17.57259913392584,0.2355542455383307
1697.062114150392,0.02619129011024044,leukocytes,CAPILAR,0.8,Random Forest Regressor,BayesSearchCV,1.3124930279162215,1.0473015010389055,17.57259913392584,0.2355542455383307
933.3841627827155,0.024009871211027163,leukocytes,CAPILAR,0.8,Random Forest Regressor,BayesSearchCV,1.3124930279162215,1.0473015010389055,17.57259913392584,0.2355542455383307
3048.926366445193,0.02259986760920173,leukocytes,CAPILAR,0.8,Random Forest Regressor,BayesSearchCV,1.3124930279162215,1.0473015010389055,17.57259913392584,0.2355542455383307
1683.562756424196,0.021127847499542732,leukocytes,CAPILAR,0.8,Random Forest Regressor,BayesSearchCV,1.3124930279162215,1.0473015010389055,17.57259913392584,0.2355542455383307
1226.513073408692,0.020396774303052555,leukocytes,CAPILAR,0.8,Random Forest Regressor,BayesSearchCV,1.3124930279162215,1.0473015010389055,17.57259913392584,0.2355542455383307
1228.441553083863,0.018717414577494325,leukocytes,CAPILAR,0.8,Random Forest Regressor,BayesSearchCV,1.3124930279162215,1.0473015010389055,17.57259913392584,0.2355542455383307
1384.648406772706,0.017301889345532458,leukocytes,CAPILAR,0.8,Random Forest Regressor,BayesSearchCV,1.3124930279162215,1.0473015010389055,17.57259913392584,0.2355542455383307
1211.085236007325,0.016875832073911332,leukocytes,CAPILAR,0.8,Random Forest Regressor,BayesSearchCV,1.3124930279162215,1.0473015010389055,17.57259913392584,0.2355542455383307
1245.797870160402,0.01671963956095841,leukocytes,CAPILAR,0.8,Random Forest Regressor,BayesSearchCV,1.3124930279162215,1.0473015010389055,17.57259913392584,0.2355542455383307
1201.442837631471,0.01386901954692916,leukocytes,CAPILAR,0.8,Random Forest Regressor,BayesSearchCV,1.3124930279162215,1.0473015010389055,17.57259913392584,0.2355542455383307
1704.776032851076,0.013380177000669173,leukocytes,CAPILAR,0.8,Random Forest Regressor,BayesSearchCV,1.3124930279162215,1.0473015010389055,17.57259913392584,0.2355542455383307
1263.15418723694,0.012500044836184056,leukocytes,CAPILAR,0.8,Random Forest Regressor,BayesSearchCV,1.3124930279162215,1.0473015010389055,17.57259913392584,0.2355542455383307
1247.726349835572,0.012164147775188799,leukocytes,CAPILAR,0.8,Random Forest Regressor,BayesSearchCV,1.3124930279162215,1.0473015010389055,17.57259913392584,0.2355542455383307
1066.449260369508,0.011946368832352967,leukocytes,CAPILAR,0.8,Random Forest Regressor,BayesSearchCV,1.3124930279162215,1.0473015010389055,17.57259913392584,0.2355542455383307
1189.871959580445,0.011733370338895151,leukocytes,CAPILAR,0.8,Random Forest Regressor,BayesSearchCV,1.3124930279162215,1.0473015010389055,17.57259913392584,0.2355542455383307
3048.926366445193,0.018230667572923992,leukocytes,CAPILAR,0.8,Random Forest Regressor,BayesSearchCV,1.4922848750425253,1.1858093776473133,19.797512245988013,0.011774315168533
1641.136203570436,0.0139073956669244,leukocytes,CAPILAR,0.8,Random Forest Regressor,BayesSearchCV,1.4922848750425253,1.1858093776473133,19.797512245988013,0.011774315168533
1639.207723895265,0.012323439537101995,leukocytes,CAPILAR,0.8,Random Forest Regressor,BayesSearchCV,1.4922848750425253,1.1858093776473133,19.797512245988013,0.011774315168533
1643.064683245607,0.011360346454259469,leukocytes,CAPILAR,0.8,Random Forest Regressor,BayesSearchCV,1.4922848750425253,1.1858093776473133,19.797512245988013,0.011774315168533
1637.279244220094,0.009956554714250158,leukocytes,CAPILAR,0.8,Random Forest Regressor,BayesSearchCV,1.4922848750425253,1.1858093776473133,19.797512245988013,0.011774315168533
3046.997886770022,0.009000505081501794,leukocytes,CAPILAR,0.8,Random Forest Regressor,BayesSearchCV,1.4922848750425253,1.1858093776473133,19.797512245988013,0.011774315168533
1635.350764544923,0.007958759025361715,leukocytes,CAPILAR,0.8,Random Forest Regressor,BayesSearchCV,1.4922848750425253,1.1858093776473133,19.797512245988013,0.011774315168533
1602.566610067018,0.007836312877390275,leukocytes,CAPILAR,0.8,Random Forest Regressor,BayesSearchCV,1.4922848750425253,1.1858093776473133,19.797512245988013,0.011774315168533
956.5259188847667,0.0065820955645686996,leukocytes,CAPILAR,0.8,Random Forest Regressor,BayesSearchCV,1.4922848750425253,1.1858093776473133,19.797512245988013,0.011774315168533
1702.847553175905,0.00651101464142617,leukocytes,CAPILAR,0.8,Random Forest Regressor,BayesSearchCV,1.4922848750425253,1.1858093776473133,19.797512245988013,0.011774315168533
1633.422284869752,0.006275591247995505,leukocytes,CAPILAR,0.8,Random Forest Regressor,BayesSearchCV,1.4922848750425253,1.1858093776473133,19.797512245988013,0.011774315168533
958.4543985599371,0.0061960366178690045,leukocytes,CAPILAR,0.8,Random Forest Regressor,BayesSearchCV,1.4922848750425253,1.1858093776473133,19.797512245988013,0.011774315168533
1700.919073500734,0.006087759589682726,leukocytes,CAPILAR,0.8,Random Forest Regressor,BayesSearchCV,1.4922848750425253,1.1858093776473133,19.797512245988013,0.011774315168533
1644.993162920778,0.005887850670944146,leukocytes,CAPILAR,0.8,Random Forest Regressor,BayesSearchCV,1.4922848750425253,1.1858093776473133,19.797512245988013,0.011774315168533
1604.495089742189,0.005180720597509155,leukocytes,CAPILAR,0.8,Random Forest Regressor,BayesSearchCV,1.4922848750425253,1.1858093776473133,19.797512245988013,0.011774315168533
1698.990593825563,0.005133494798798057,leukocytes,CAPILAR,0.8,Random Forest Regressor,BayesSearchCV,1.4922848750425253,1.1858093776473133,19.797512245988013,0.011774315168533
1631.493805194581,0.005038866383763108,leukocytes,CAPILAR,0.8,Random Forest Regressor,BayesSearchCV,1.4922848750425253,1.1858093776473133,19.797512245988013,0.011774315168533
1704.776032851076,0.005026747117049236,leukocytes,CAPILAR,0.8,Random Forest Regressor,BayesSearchCV,1.4922848750425253,1.1858093776473133,19.797512245988013,0.011774315168533
1031.736626216432,0.004826342563150113,leukocytes,CAPILAR,0.8,Random Forest Regressor,BayesSearchCV,1.4922848750425253,1.1858093776473133,19.797512245988013,0.011774315168533
1033.665105891602,0.004776230328376176,leukocytes,CAPILAR,0.8,Random Forest Regressor,BayesSearchCV,1.4922848750425253,1.1858093776473133,19.797512245988013,0.011774315168533
1380.791447422364,0.06075842350812292,leukocytes,CAPILAR,0.8,Random Forest Regressor,BayesSearchCV,1.3224335751283145,1.0588961590339299,17.761309732105875,0.22393089120037157
3045.069407094851,0.038991652300952376,leukocytes,CAPILAR,0.8,Random Forest Regressor,BayesSearchCV,1.3224335751283145,1.0588961590339299,17.761309732105875,0.22393089120037157
1710.561471876588,0.036533821574434175,leukocytes,CAPILAR,0.8,Random Forest Regressor,BayesSearchCV,1.3224335751283145,1.0588961590339299,17.761309732105875,0.22393089120037157
1382.719927097535,0.03106443369952723,leukocytes,CAPILAR,0.8,Random Forest Regressor,BayesSearchCV,1.3224335751283145,1.0588961590339299,17.761309732105875,0.22393089120037157
1211.085236007325,0.023081378415567507,leukocytes,CAPILAR,0.8,Random Forest Regressor,BayesSearchCV,1.3224335751283145,1.0588961590339299,17.761309732105875,0.22393089120037157
1697.062114150392,0.02277308650640151,leukocytes,CAPILAR,0.8,Random Forest Regressor,BayesSearchCV,1.3224335751283145,1.0588961590339299,17.761309732105875,0.22393089120037157
1683.562756424196,0.020843381625011273,leukocytes,CAPILAR,0.8,Random Forest Regressor,BayesSearchCV,1.3224335751283145,1.0588961590339299,17.761309732105875,0.22393089120037157
1373.077528721681,0.019767867949590383,leukocytes,CAPILAR,0.8,Random Forest Regressor,BayesSearchCV,1.3224335751283145,1.0588961590339299,17.761309732105875,0.22393089120037157
1228.441553083863,0.0195615654084358,leukocytes,CAPILAR,0.8,Random Forest Regressor,BayesSearchCV,1.3224335751283145,1.0588961590339299,17.761309732105875,0.22393089120037157
933.3841627827155,0.017340462541297397,leukocytes,CAPILAR,0.8,Random Forest Regressor,BayesSearchCV,1.3224335751283145,1.0588961590339299,17.761309732105875,0.22393089120037157
1226.513073408692,0.017151489987735177,leukocytes,CAPILAR,0.8,Random Forest Regressor,BayesSearchCV,1.3224335751283145,1.0588961590339299,17.761309732105875,0.22393089120037157
3048.926366445193,0.016982453825497817,leukocytes,CAPILAR,0.8,Random Forest Regressor,BayesSearchCV,1.3224335751283145,1.0588961590339299,17.761309732105875,0.22393089120037157
1681.634276749025,0.01669054031884121,leukocytes,CAPILAR,0.8,Random Forest Regressor,BayesSearchCV,1.3224335751283145,1.0588961590339299,17.761309732105875,0.22393089120037157
1066.449260369508,0.01645795906840203,leukocytes,CAPILAR,0.8,Random Forest Regressor,BayesSearchCV,1.3224335751283145,1.0588961590339299,17.761309732105875,0.22393089120037157
1384.648406772706,0.015720937632955064,leukocytes,CAPILAR,0.8,Random Forest Regressor,BayesSearchCV,1.3224335751283145,1.0588961590339299,17.761309732105875,0.22393089120037157
3046.997886770022,0.012782255995842139,leukocytes,CAPILAR,0.8,Random Forest Regressor,BayesSearchCV,1.3224335751283145,1.0588961590339299,17.761309732105875,0.22393089120037157
1245.797870160402,0.012075295238469962,leukocytes,CAPILAR,0.8,Random Forest Regressor,BayesSearchCV,1.3224335751283145,1.0588961590339299,17.761309732105875,0.22393089120037157
1330.650975867921,0.011672376486838982,leukocytes,CAPILAR,0.8,Random Forest Regressor,BayesSearchCV,1.3224335751283145,1.0588961590339299,17.761309732105875,0.22393089120037157
1224.584593733522,0.011250745746931969,leukocytes,CAPILAR,0.8,Random Forest Regressor,BayesSearchCV,1.3224335751283145,1.0588961590339299,17.761309732105875,0.22393089120037157
1201.442837631471,0.011167296444328387,leukocytes,CAPILAR,0.8,Random Forest Regressor,BayesSearchCV,1.3224335751283145,1.0588961590339299,17.761309732105875,0.22393089120037157
1112.732772573609,0.004282886334088783,leukocytes,PLASMA,0.8,Random Forest Regressor,BayesSearchCV,1.6697825364425605,1.3639870694142706,23.821216099600996,-0.04172835545372866
1151.302366077027,0.004281796069043872,leukocytes,PLASMA,0.8,Random Forest Regressor,BayesSearchCV,1.6697825364425605,1.3639870694142706,23.821216099600996,-0.04172835545372866
1114.66125224878,0.004263565120446856,leukocytes,PLASMA,0.8,Random Forest Regressor,BayesSearchCV,1.6697825364425605,1.3639870694142706,23.821216099600996,-0.04172835545372866
1149.373886401856,0.004261469841273016,leukocytes,PLASMA,0.8,Random Forest Regressor,BayesSearchCV,1.6697825364425605,1.3639870694142706,23.821216099600996,-0.04172835545372866
1110.804292898438,0.004251510987100173,leukocytes,PLASMA,0.8,Random Forest Regressor,BayesSearchCV,1.6697825364425605,1.3639870694142706,23.821216099600996,-0.04172835545372866
1153.230845752198,0.004200013046136079,leukocytes,PLASMA,0.8,Random Forest Regressor,BayesSearchCV,1.6697825364425605,1.3639870694142706,23.821216099600996,-0.04172835545372866
1116.589731923951,0.004191640282251779,leukocytes,PLASMA,0.8,Random Forest Regressor,BayesSearchCV,1.6697825364425605,1.3639870694142706,23.821216099600996,-0.04172835545372866
1147.445406726686,0.004190706155753452,leukocytes,PLASMA,0.8,Random Forest Regressor,BayesSearchCV,1.6697825364425605,1.3639870694142706,23.821216099600996,-0.04172835545372866
1137.803008350831,0.004189886204771824,leukocytes,PLASMA,0.8,Random Forest Regressor,BayesSearchCV,1.6697825364425605,1.3639870694142706,23.821216099600996,-0.04172835545372866
1135.87452867566,0.004175723328372367,leukocytes,PLASMA,0.8,Random Forest Regressor,BayesSearchCV,1.6697825364425605,1.3639870694142706,23.821216099600996,-0.04172835545372866
1108.875813223267,0.0041706976462151215,leukocytes,PLASMA,0.8,Random Forest Regressor,BayesSearchCV,1.6697825364425605,1.3639870694142706,23.821216099600996,-0.04172835545372866
1139.731488026002,0.004161857665531057,leukocytes,PLASMA,0.8,Random Forest Regressor,BayesSearchCV,1.6697825364425605,1.3639870694142706,23.821216099600996,-0.04172835545372866
1145.516927051515,0.0041331817036874075,leukocytes,PLASMA,0.8,Random Forest Regressor,BayesSearchCV,1.6697825364425605,1.3639870694142706,23.821216099600996,-0.04172835545372866
1141.659967701173,0.004119207855587545,leukocytes,PLASMA,0.8,Random Forest Regressor,BayesSearchCV,1.6697825364425605,1.3639870694142706,23.821216099600996,-0.04172835545372866
1143.588447376344,0.0041051744614000974,leukocytes,PLASMA,0.8,Random Forest Regressor,BayesSearchCV,1.6697825364425605,1.3639870694142706,23.821216099600996,-0.04172835545372866
1133.946049000489,0.004104769423277861,leukocytes,PLASMA,0.8,Random Forest Regressor,BayesSearchCV,1.6697825364425605,1.3639870694142706,23.821216099600996,-0.04172835545372866
1118.518211599122,0.004101943752627819,leukocytes,PLASMA,0.8,Random Forest Regressor,BayesSearchCV,1.6697825364425605,1.3639870694142706,23.821216099600996,-0.04172835545372866
1155.159325427369,0.00405194617644984,leukocytes,PLASMA,0.8,Random Forest Regressor,BayesSearchCV,1.6697825364425605,1.3639870694142706,23.821216099600996,-0.04172835545372866
1106.947333548097,0.004009006648173021,leukocytes,PLASMA,0.8,Random Forest Regressor,BayesSearchCV,1.6697825364425605,1.3639870694142706,23.821216099600996,-0.04172835545372866
1120.446691274293,0.00400748822888623,leukocytes,PLASMA,0.8,Random Forest Regressor,BayesSearchCV,1.6697825364425605,1.3639870694142706,23.821216099600996,-0.04172835545372866
1519.641984034669,0.022826008390148138,leukocytes,PLASMA,0.8,Random Forest Regressor,BayesSearchCV,1.8677094658552398,1.4323526260333674,25.52949049593974,-0.3033267113712854
1137.803008350831,0.019937232783272845,leukocytes,PLASMA,0.8,Random Forest Regressor,BayesSearchCV,1.8677094658552398,1.4323526260333674,25.52949049593974,-0.3033267113712854
1513.856545009157,0.018799173252477295,leukocytes,PLASMA,0.8,Random Forest Regressor,BayesSearchCV,1.8677094658552398,1.4323526260333674,25.52949049593974,-0.3033267113712854
1139.731488026002,0.017958667631870318,leukocytes,PLASMA,0.8,Random Forest Regressor,BayesSearchCV,1.8677094658552398,1.4323526260333674,25.52949049593974,-0.3033267113712854
1135.87452867566,0.017467780280629362,leukocytes,PLASMA,0.8,Random Forest Regressor,BayesSearchCV,1.8677094658552398,1.4323526260333674,25.52949049593974,-0.3033267113712854
1045.235983942628,0.017318328954625203,leukocytes,PLASMA,0.8,Random Forest Regressor,BayesSearchCV,1.8677094658552398,1.4323526260333674,25.52949049593974,-0.3033267113712854
1133.946049000489,0.01656014646929624,leukocytes,PLASMA,0.8,Random Forest Regressor,BayesSearchCV,1.8677094658552398,1.4323526260333674,25.52949049593974,-0.3033267113712854
1515.785024684327,0.013562003605298738,leukocytes,PLASMA,0.8,Random Forest Regressor,BayesSearchCV,1.8677094658552398,1.4323526260333674,25.52949049593974,-0.3033267113712854
1511.928065333986,0.01107647688568283,leukocytes,PLASMA,0.8,Random Forest Regressor,BayesSearchCV,1.8677094658552398,1.4323526260333674,25.52949049593974,-0.3033267113712854
1490.714788907106,0.008954715911472037,leukocytes,PLASMA,0.8,Random Forest Regressor,BayesSearchCV,1.8677094658552398,1.4323526260333674,25.52949049593974,-0.3033267113712854
1047.164463617799,0.00888081615437566,leukocytes,PLASMA,0.8,Random Forest Regressor,BayesSearchCV,1.8677094658552398,1.4323526260333674,25.52949049593974,-0.3033267113712854
1517.713504359498,0.008863987359289146,leukocytes,PLASMA,0.8,Random Forest Regressor,BayesSearchCV,1.8677094658552398,1.4323526260333674,25.52949049593974,-0.3033267113712854
1496.500227932618,0.008298153134240331,leukocytes,PLASMA,0.8,Random Forest Regressor,BayesSearchCV,1.8677094658552398,1.4323526260333674,25.52949049593974,-0.3033267113712854
1043.307504267457,0.008179437351805017,leukocytes,PLASMA,0.8,Random Forest Regressor,BayesSearchCV,1.8677094658552398,1.4323526260333674,25.52949049593974,-0.3033267113712854
1508.071105983644,0.00803315039322823,leukocytes,PLASMA,0.8,Random Forest Regressor,BayesSearchCV,1.8677094658552398,1.4323526260333674,25.52949049593974,-0.3033267113712854
1149.373886401856,0.007622524162663904,leukocytes,PLASMA,0.8,Random Forest Regressor,BayesSearchCV,1.8677094658552398,1.4323526260333674,25.52949049593974,-0.3033267113712854
1132.017569325318,0.006888679455761588,leukocytes,PLASMA,0.8,Random Forest Regressor,BayesSearchCV,1.8677094658552398,1.4323526260333674,25.52949049593974,-0.3033267113712854
1147.445406726686,0.006839781771654954,leukocytes,PLASMA,0.8,Random Forest Regressor,BayesSearchCV,1.8677094658552398,1.4323526260333674,25.52949049593974,-0.3033267113712854
1191.800439255616,0.005961443896097043,leukocytes,PLASMA,0.8,Random Forest Regressor,BayesSearchCV,1.8677094658552398,1.4323526260333674,25.52949049593974,-0.3033267113712854
1388.505366123048,0.005758582435948801,leukocytes,PLASMA,0.8,Random Forest Regressor,BayesSearchCV,1.8677094658552398,1.4323526260333674,25.52949049593974,-0.3033267113712854
1110.804292898438,0.00451298425182833,leukocytes,PLASMA,0.8,Random Forest Regressor,BayesSearchCV,1.6775470077629473,1.3646050781492058,23.870972109515343,-0.051438932026309114
1112.732772573609,0.004492227824180819,leukocytes,PLASMA,0.8,Random Forest Regressor,BayesSearchCV,1.6775470077629473,1.3646050781492058,23.870972109515343,-0.051438932026309114
1108.875813223267,0.004481994016292777,leukocytes,PLASMA,0.8,Random Forest Regressor,BayesSearchCV,1.6775470077629473,1.3646050781492058,23.870972109515343,-0.051438932026309114
1151.302366077027,0.004459834517349989,leukocytes,PLASMA,0.8,Random Forest Regressor,BayesSearchCV,1.6775470077629473,1.3646050781492058,23.870972109515343,-0.051438932026309114
1114.66125224878,0.004433671044471076,leukocytes,PLASMA,0.8,Random Forest Regressor,BayesSearchCV,1.6775470077629473,1.3646050781492058,23.870972109515343,-0.051438932026309114
1149.373886401856,0.00443024225528593,leukocytes,PLASMA,0.8,Random Forest Regressor,BayesSearchCV,1.6775470077629473,1.3646050781492058,23.870972109515343,-0.051438932026309114
1153.230845752198,0.004359026345977801,leukocytes,PLASMA,0.8,Random Forest Regressor,BayesSearchCV,1.6775470077629473,1.3646050781492058,23.870972109515343,-0.051438932026309114
1106.947333548097,0.004354698407726283,leukocytes,PLASMA,0.8,Random Forest Regressor,BayesSearchCV,1.6775470077629473,1.3646050781492058,23.870972109515343,-0.051438932026309114
1147.445406726686,0.004334955500993998,leukocytes,PLASMA,0.8,Random Forest Regressor,BayesSearchCV,1.6775470077629473,1.3646050781492058,23.870972109515343,-0.051438932026309114
1116.589731923951,0.004332966187626631,leukocytes,PLASMA,0.8,Random Forest Regressor,BayesSearchCV,1.6775470077629473,1.3646050781492058,23.870972109515343,-0.051438932026309114
1135.87452867566,0.004312873350832816,leukocytes,PLASMA,0.8,Random Forest Regressor,BayesSearchCV,1.6775470077629473,1.3646050781492058,23.870972109515343,-0.051438932026309114
1137.803008350831,0.004312305805740831,leukocytes,PLASMA,0.8,Random Forest Regressor,BayesSearchCV,1.6775470077629473,1.3646050781492058,23.870972109515343,-0.051438932026309114
1139.731488026002,0.004275006278418792,leukocytes,PLASMA,0.8,Random Forest Regressor,BayesSearchCV,1.6775470077629473,1.3646050781492058,23.870972109515343,-0.051438932026309114
1133.946049000489,0.004257918088959919,leukocytes,PLASMA,0.8,Random Forest Regressor,BayesSearchCV,1.6775470077629473,1.3646050781492058,23.870972109515343,-0.051438932026309114
1145.516927051515,0.0042539306605971884,leukocytes,PLASMA,0.8,Random Forest Regressor,BayesSearchCV,1.6775470077629473,1.3646050781492058,23.870972109515343,-0.051438932026309114
1118.518211599122,0.0042222102006278725,leukocytes,PLASMA,0.8,Random Forest Regressor,BayesSearchCV,1.6775470077629473,1.3646050781492058,23.870972109515343,-0.051438932026309114
1141.659967701173,0.004220967908350984,leukocytes,PLASMA,0.8,Random Forest Regressor,BayesSearchCV,1.6775470077629473,1.3646050781492058,23.870972109515343,-0.051438932026309114
1143.588447376344,0.004207491098311436,leukocytes,PLASMA,0.8,Random Forest Regressor,BayesSearchCV,1.6775470077629473,1.3646050781492058,23.870972109515343,-0.051438932026309114
1155.159325427369,0.004187134818277427,leukocytes,PLASMA,0.8,Random Forest Regressor,BayesSearchCV,1.6775470077629473,1.3646050781492058,23.870972109515343,-0.051438932026309114
1105.018853872926,0.004134579923320006,leukocytes,PLASMA,0.8,Random Forest Regressor,BayesSearchCV,1.6775470077629473,1.3646050781492058,23.870972109515343,-0.051438932026309114
1519.641984034669,0.023230642535961785,leukocytes,PLASMA,0.8,Random Forest Regressor,BayesSearchCV,1.8584330760018493,1.4261447071750228,25.416121183211903,-0.2904123446932696
1137.803008350831,0.021457762423483514,leukocytes,PLASMA,0.8,Random Forest Regressor,BayesSearchCV,1.8584330760018493,1.4261447071750228,25.416121183211903,-0.2904123446932696
1513.856545009157,0.019327349366534442,leukocytes,PLASMA,0.8,Random Forest Regressor,BayesSearchCV,1.8584330760018493,1.4261447071750228,25.416121183211903,-0.2904123446932696
1139.731488026002,0.01906101787132387,leukocytes,PLASMA,0.8,Random Forest Regressor,BayesSearchCV,1.8584330760018493,1.4261447071750228,25.416121183211903,-0.2904123446932696
1135.87452867566,0.01759057559413045,leukocytes,PLASMA,0.8,Random Forest Regressor,BayesSearchCV,1.8584330760018493,1.4261447071750228,25.416121183211903,-0.2904123446932696
1045.235983942628,0.01732147973858317,leukocytes,PLASMA,0.8,Random Forest Regressor,BayesSearchCV,1.8584330760018493,1.4261447071750228,25.416121183211903,-0.2904123446932696
1133.946049000489,0.015850839644310073,leukocytes,PLASMA,0.8,Random Forest Regressor,BayesSearchCV,1.8584330760018493,1.4261447071750228,25.416121183211903,-0.2904123446932696
1515.785024684327,0.014245210967034962,leukocytes,PLASMA,0.8,Random Forest Regressor,BayesSearchCV,1.8584330760018493,1.4261447071750228,25.416121183211903,-0.2904123446932696
1511.928065333986,0.01122088389493301,leukocytes,PLASMA,0.8,Random Forest Regressor,BayesSearchCV,1.8584330760018493,1.4261447071750228,25.416121183211903,-0.2904123446932696
1043.307504267457,0.009576068033186952,leukocytes,PLASMA,0.8,Random Forest Regressor,BayesSearchCV,1.8584330760018493,1.4261447071750228,25.416121183211903,-0.2904123446932696
1517.713504359498,0.009553488398998389,leukocytes,PLASMA,0.8,Random Forest Regressor,BayesSearchCV,1.8584330760018493,1.4261447071750228,25.416121183211903,-0.2904123446932696
1047.164463617799,0.009517619696837286,leukocytes,PLASMA,0.8,Random Forest Regressor,BayesSearchCV,1.8584330760018493,1.4261447071750228,25.416121183211903,-0.2904123446932696
1149.373886401856,0.009049718332917735,leukocytes,PLASMA,0.8,Random Forest Regressor,BayesSearchCV,1.8584330760018493,1.4261447071750228,25.416121183211903,-0.2904123446932696
1490.714788907106,0.008920453019073404,leukocytes,PLASMA,0.8,Random Forest Regressor,BayesSearchCV,1.8584330760018493,1.4261447071750228,25.416121183211903,-0.2904123446932696
1496.500227932618,0.008558221008743557,leukocytes,PLASMA,0.8,Random Forest Regressor,BayesSearchCV,1.8584330760018493,1.4261447071750228,25.416121183211903,-0.2904123446932696
1508.071105983644,0.0084275391314926,leukocytes,PLASMA,0.8,Random Forest Regressor,BayesSearchCV,1.8584330760018493,1.4261447071750228,25.416121183211903,-0.2904123446932696
1388.505366123048,0.0070372088302287274,leukocytes,PLASMA,0.8,Random Forest Regressor,BayesSearchCV,1.8584330760018493,1.4261447071750228,25.416121183211903,-0.2904123446932696
1132.017569325318,0.0070224995418442775,leukocytes,PLASMA,0.8,Random Forest Regressor,BayesSearchCV,1.8584330760018493,1.4261447071750228,25.416121183211903,-0.2904123446932696
1147.445406726686,0.00686776914707161,leukocytes,PLASMA,0.8,Random Forest Regressor,BayesSearchCV,1.8584330760018493,1.4261447071750228,25.416121183211903,-0.2904123446932696
1141.659967701173,0.006049607688157697,leukocytes,PLASMA,0.8,Random Forest Regressor,BayesSearchCV,1.8584330760018493,1.4261447071750228,25.416121183211903,-0.2904123446932696
3045.069407094851,0.007744244125205079,leukocytes,SALIVA,0.8,Random Forest Regressor,BayesSearchCV,1.7851290451912234,1.4545698941793777,25.245145218647313,0.04594362921057482
3043.14092741968,0.007551195297627377,leukocytes,SALIVA,0.8,Random Forest Regressor,BayesSearchCV,1.7851290451912234,1.4545698941793777,25.245145218647313,0.04594362921057482
1747.202585704835,0.00477492571090283,leukocytes,SALIVA,0.8,Random Forest Regressor,BayesSearchCV,1.7851290451912234,1.4545698941793777,25.245145218647313,0.04594362921057482
1745.274106029664,0.004652807139854385,leukocytes,SALIVA,0.8,Random Forest Regressor,BayesSearchCV,1.7851290451912234,1.4545698941793777,25.245145218647313,0.04594362921057482
1749.131065380006,0.004626683435374558,leukocytes,SALIVA,0.8,Random Forest Regressor,BayesSearchCV,1.7851290451912234,1.4545698941793777,25.245145218647313,0.04594362921057482
1743.345626354494,0.004436457969391797,leukocytes,SALIVA,0.8,Random Forest Regressor,BayesSearchCV,1.7851290451912234,1.4545698941793777,25.245145218647313,0.04594362921057482
3046.997886770022,0.004374848898476776,leukocytes,SALIVA,0.8,Random Forest Regressor,BayesSearchCV,1.7851290451912234,1.4545698941793777,25.245145218647313,0.04594362921057482
2692.157626538576,0.004309468961142234,leukocytes,SALIVA,0.8,Random Forest Regressor,BayesSearchCV,1.7851290451912234,1.4545698941793777,25.245145218647313,0.04594362921057482
2690.229146863405,0.004290862410283247,leukocytes,SALIVA,0.8,Random Forest Regressor,BayesSearchCV,1.7851290451912234,1.4545698941793777,25.245145218647313,0.04594362921057482
1751.059545055177,0.004231724537699994,leukocytes,SALIVA,0.8,Random Forest Regressor,BayesSearchCV,1.7851290451912234,1.4545698941793777,25.245145218647313,0.04594362921057482
2985.286537164553,0.004207418536497819,leukocytes,SALIVA,0.8,Random Forest Regressor,BayesSearchCV,1.7851290451912234,1.4545698941793777,25.245145218647313,0.04594362921057482
2998.785894890749,0.004131064306512417,leukocytes,SALIVA,0.8,Random Forest Regressor,BayesSearchCV,1.7851290451912234,1.4545698941793777,25.245145218647313,0.04594362921057482
2987.215016839724,0.004081570429026832,leukocytes,SALIVA,0.8,Random Forest Regressor,BayesSearchCV,1.7851290451912234,1.4545698941793777,25.245145218647313,0.04594362921057482
2983.358057489382,0.004075074060313303,leukocytes,SALIVA,0.8,Random Forest Regressor,BayesSearchCV,1.7851290451912234,1.4545698941793777,25.245145218647313,0.04594362921057482
2996.857415215578,0.004007485297858607,leukocytes,SALIVA,0.8,Random Forest Regressor,BayesSearchCV,1.7851290451912234,1.4545698941793777,25.245145218647313,0.04594362921057482
1741.417146679323,0.003967198785428434,leukocytes,SALIVA,0.8,Random Forest Regressor,BayesSearchCV,1.7851290451912234,1.4545698941793777,25.245145218647313,0.04594362921057482
2977.572618463869,0.00386441043541685,leukocytes,SALIVA,0.8,Random Forest Regressor,BayesSearchCV,1.7851290451912234,1.4545698941793777,25.245145218647313,0.04594362921057482
2981.429577814211,0.00385967372572962,leukocytes,SALIVA,0.8,Random Forest Regressor,BayesSearchCV,1.7851290451912234,1.4545698941793777,25.245145218647313,0.04594362921057482
2979.501098139041,0.003805408420908601,leukocytes,SALIVA,0.8,Random Forest Regressor,BayesSearchCV,1.7851290451912234,1.4545698941793777,25.245145218647313,0.04594362921057482
3000.71437456592,0.0037884014477149093,leukocytes,SALIVA,0.8,Random Forest Regressor,BayesSearchCV,1.7851290451912234,1.4545698941793777,25.245145218647313,0.04594362921057482
3021.9276509928,0.09807791429363186,leukocytes,SALIVA,0.8,Random Forest Regressor,BayesSearchCV,1.7911937708540786,1.4431325488111624,24.95194149801913,0.039450071911276585
3010.356772941775,0.029622878086438542,leukocytes,SALIVA,0.8,Random Forest Regressor,BayesSearchCV,1.7911937708540786,1.4431325488111624,24.95194149801913,0.039450071911276585
2686.372187513064,0.028305235773708484,leukocytes,SALIVA,0.8,Random Forest Regressor,BayesSearchCV,1.7911937708540786,1.4431325488111624,24.95194149801913,0.039450071911276585
3023.856130667971,0.02472485890212169,leukocytes,SALIVA,0.8,Random Forest Regressor,BayesSearchCV,1.7911937708540786,1.4431325488111624,24.95194149801913,0.039450071911276585
2998.785894890749,0.023827589555627686,leukocytes,SALIVA,0.8,Random Forest Regressor,BayesSearchCV,1.7911937708540786,1.4431325488111624,24.95194149801913,0.039450071911276585
3012.285252616945,0.02290454081192332,leukocytes,SALIVA,0.8,Random Forest Regressor,BayesSearchCV,1.7911937708540786,1.4431325488111624,24.95194149801913,0.039450071911276585
3006.499813591433,0.017387380749905233,leukocytes,SALIVA,0.8,Random Forest Regressor,BayesSearchCV,1.7911937708540786,1.4431325488111624,24.95194149801913,0.039450071911276585
2721.08482166614,0.016128235273967104,leukocytes,SALIVA,0.8,Random Forest Regressor,BayesSearchCV,1.7911937708540786,1.4431325488111624,24.95194149801913,0.039450071911276585
2989.143496514895,0.013954473985301788,leukocytes,SALIVA,0.8,Random Forest Regressor,BayesSearchCV,1.7911937708540786,1.4431325488111624,24.95194149801913,0.039450071911276585
2676.729789137209,0.012593577936234498,leukocytes,SALIVA,0.8,Random Forest Regressor,BayesSearchCV,1.7911937708540786,1.4431325488111624,24.95194149801913,0.039450071911276585
2688.300667188234,0.012055456577813074,leukocytes,SALIVA,0.8,Random Forest Regressor,BayesSearchCV,1.7911937708540786,1.4431325488111624,24.95194149801913,0.039450071911276585
3018.070691642458,0.011201939091946472,leukocytes,SALIVA,0.8,Random Forest Regressor,BayesSearchCV,1.7911937708540786,1.4431325488111624,24.95194149801913,0.039450071911276585
1284.367463663819,0.01097261819602958,leukocytes,SALIVA,0.8,Random Forest Regressor,BayesSearchCV,1.7911937708540786,1.4431325488111624,24.95194149801913,0.039450071911276585
2711.442423290285,0.010922244404048135,leukocytes,SALIVA,0.8,Random Forest Regressor,BayesSearchCV,1.7911937708540786,1.4431325488111624,24.95194149801913,0.039450071911276585
929.5272034323739,0.010551535966540019,leukocytes,SALIVA,0.8,Random Forest Regressor,BayesSearchCV,1.7911937708540786,1.4431325488111624,24.95194149801913,0.039450071911276585
975.8107156364754,0.010173536226295073,leukocytes,SALIVA,0.8,Random Forest Regressor,BayesSearchCV,1.7911937708540786,1.4431325488111624,24.95194149801913,0.039450071911276585
1278.582024638307,0.00984533240236712,leukocytes,SALIVA,0.8,Random Forest Regressor,BayesSearchCV,1.7911937708540786,1.4431325488111624,24.95194149801913,0.039450071911276585
3014.213732292117,0.00983339709792879,leukocytes,SALIVA,0.8,Random Forest Regressor,BayesSearchCV,1.7911937708540786,1.4431325488111624,24.95194149801913,0.039450071911276585
2802.080968023317,0.009696708737909307,leukocytes,SALIVA,0.8,Random Forest Regressor,BayesSearchCV,1.7911937708540786,1.4431325488111624,24.95194149801913,0.039450071911276585
2724.941781016481,0.009676799200361299,leukocytes,SALIVA,0.8,Random Forest Regressor,BayesSearchCV,1.7911937708540786,1.4431325488111624,24.95194149801913,0.039450071911276585
3045.069407094851,0.007857236484382177,leukocytes,SALIVA,0.8,Random Forest Regressor,BayesSearchCV,1.76530522773602,1.4461989927356598,24.945642755783673,0.06701552308993597
3043.14092741968,0.0077036188473830125,leukocytes,SALIVA,0.8,Random Forest Regressor,BayesSearchCV,1.76530522773602,1.4461989927356598,24.945642755783673,0.06701552308993597
1747.202585704835,0.0046570828690628814,leukocytes,SALIVA,0.8,Random Forest Regressor,BayesSearchCV,1.76530522773602,1.4461989927356598,24.945642755783673,0.06701552308993597
1745.274106029664,0.004530568898207894,leukocytes,SALIVA,0.8,Random Forest Regressor,BayesSearchCV,1.76530522773602,1.4461989927356598,24.945642755783673,0.06701552308993597
1749.131065380006,0.004506939024375703,leukocytes,SALIVA,0.8,Random Forest Regressor,BayesSearchCV,1.76530522773602,1.4461989927356598,24.945642755783673,0.06701552308993597
2692.157626538576,0.004501423506564049,leukocytes,SALIVA,0.8,Random Forest Regressor,BayesSearchCV,1.76530522773602,1.4461989927356598,24.945642755783673,0.06701552308993597
2690.229146863405,0.004485869129150226,leukocytes,SALIVA,0.8,Random Forest Regressor,BayesSearchCV,1.76530522773602,1.4461989927356598,24.945642755783673,0.06701552308993597
3046.997886770022,0.004361143151645564,leukocytes,SALIVA,0.8,Random Forest Regressor,BayesSearchCV,1.76530522773602,1.4461989927356598,24.945642755783673,0.06701552308993597
1743.345626354494,0.0043017222668694614,leukocytes,SALIVA,0.8,Random Forest Regressor,BayesSearchCV,1.76530522773602,1.4461989927356598,24.945642755783673,0.06701552308993597
2985.286537164553,0.004289330527441624,leukocytes,SALIVA,0.8,Random Forest Regressor,BayesSearchCV,1.76530522773602,1.4461989927356598,24.945642755783673,0.06701552308993597
2998.785894890749,0.004255729888858688,leukocytes,SALIVA,0.8,Random Forest Regressor,BayesSearchCV,1.76530522773602,1.4461989927356598,24.945642755783673,0.06701552308993597
2987.215016839724,0.004161894597250893,leukocytes,SALIVA,0.8,Random Forest Regressor,BayesSearchCV,1.76530522773602,1.4461989927356598,24.945642755783673,0.06701552308993597
2983.358057489382,0.004148314204521078,leukocytes,SALIVA,0.8,Random Forest Regressor,BayesSearchCV,1.76530522773602,1.4461989927356598,24.945642755783673,0.06701552308993597
2996.857415215578,0.004110772807092397,leukocytes,SALIVA,0.8,Random Forest Regressor,BayesSearchCV,1.76530522773602,1.4461989927356598,24.945642755783673,0.06701552308993597
1751.059545055177,0.004101190981717333,leukocytes,SALIVA,0.8,Random Forest Regressor,BayesSearchCV,1.76530522773602,1.4461989927356598,24.945642755783673,0.06701552308993597
2981.429577814211,0.003921368903494848,leukocytes,SALIVA,0.8,Random Forest Regressor,BayesSearchCV,1.76530522773602,1.4461989927356598,24.945642755783673,0.06701552308993597
3000.71437456592,0.003921172633831686,leukocytes,SALIVA,0.8,Random Forest Regressor,BayesSearchCV,1.76530522773602,1.4461989927356598,24.945642755783673,0.06701552308993597
2977.572618463869,0.00392091249619507,leukocytes,SALIVA,0.8,Random Forest Regressor,BayesSearchCV,1.76530522773602,1.4461989927356598,24.945642755783673,0.06701552308993597
2979.501098139041,0.0038616840380197933,leukocytes,SALIVA,0.8,Random Forest Regressor,BayesSearchCV,1.76530522773602,1.4461989927356598,24.945642755783673,0.06701552308993597
2989.143496514895,0.003827386577780657,leukocytes,SALIVA,0.8,Random Forest Regressor,BayesSearchCV,1.76530522773602,1.4461989927356598,24.945642755783673,0.06701552308993597
3021.9276509928,0.09505679908027626,leukocytes,SALIVA,0.8,Random Forest Regressor,BayesSearchCV,1.792160376648853,1.4416529468294124,24.840352872439265,0.038413083435832274
2686.372187513064,0.03849139132755578,leukocytes,SALIVA,0.8,Random Forest Regressor,BayesSearchCV,1.792160376648853,1.4416529468294124,24.840352872439265,0.038413083435832274
3023.856130667971,0.029443012996744997,leukocytes,SALIVA,0.8,Random Forest Regressor,BayesSearchCV,1.792160376648853,1.4416529468294124,24.840352872439265,0.038413083435832274
2998.785894890749,0.025490663327922557,leukocytes,SALIVA,0.8,Random Forest Regressor,BayesSearchCV,1.792160376648853,1.4416529468294124,24.840352872439265,0.038413083435832274
3012.285252616945,0.020563486313885253,leukocytes,SALIVA,0.8,Random Forest Regressor,BayesSearchCV,1.792160376648853,1.4416529468294124,24.840352872439265,0.038413083435832274
3010.356772941775,0.019024482870640822,leukocytes,SALIVA,0.8,Random Forest Regressor,BayesSearchCV,1.792160376648853,1.4416529468294124,24.840352872439265,0.038413083435832274
2721.08482166614,0.018264762334989564,leukocytes,SALIVA,0.8,Random Forest Regressor,BayesSearchCV,1.792160376648853,1.4416529468294124,24.840352872439265,0.038413083435832274
3014.213732292117,0.017837324968335944,leukocytes,SALIVA,0.8,Random Forest Regressor,BayesSearchCV,1.792160376648853,1.4416529468294124,24.840352872439265,0.038413083435832274
3018.070691642458,0.015919593154371622,leukocytes,SALIVA,0.8,Random Forest Regressor,BayesSearchCV,1.792160376648853,1.4416529468294124,24.840352872439265,0.038413083435832274
1284.367463663819,0.014840483501954401,leukocytes,SALIVA,0.8,Random Forest Regressor,BayesSearchCV,1.792160376648853,1.4416529468294124,24.840352872439265,0.038413083435832274
1280.510504313478,0.014067331304769655,leukocytes,SALIVA,0.8,Random Forest Regressor,BayesSearchCV,1.792160376648853,1.4416529468294124,24.840352872439265,0.038413083435832274
2676.729789137209,0.01360712246794074,leukocytes,SALIVA,0.8,Random Forest Regressor,BayesSearchCV,1.792160376648853,1.4416529468294124,24.840352872439265,0.038413083435832274
929.5272034323739,0.013186685341814787,leukocytes,SALIVA,0.8,Random Forest Regressor,BayesSearchCV,1.792160376648853,1.4416529468294124,24.840352872439265,0.038413083435832274
3046.997886770022,0.0119320983719135,leukocytes,SALIVA,0.8,Random Forest Regressor,BayesSearchCV,1.792160376648853,1.4416529468294124,24.840352872439265,0.038413083435832274
954.5974392095954,0.011794370590401627,leukocytes,SALIVA,0.8,Random Forest Regressor,BayesSearchCV,1.792160376648853,1.4416529468294124,24.840352872439265,0.038413083435832274
3025.784610343142,0.011572980796589588,leukocytes,SALIVA,0.8,Random Forest Regressor,BayesSearchCV,1.792160376648853,1.4416529468294124,24.840352872439265,0.038413083435832274
2715.299382640627,0.010922485499697298,leukocytes,SALIVA,0.8,Random Forest Regressor,BayesSearchCV,1.792160376648853,1.4416529468294124,24.840352872439265,0.038413083435832274
975.8107156364754,0.010166870329261004,leukocytes,SALIVA,0.8,Random Forest Regressor,BayesSearchCV,1.792160376648853,1.4416529468294124,24.840352872439265,0.038413083435832274
1286.29594333899,0.00963847408761664,leukocytes,SALIVA,0.8,Random Forest Regressor,BayesSearchCV,1.792160376648853,1.4416529468294124,24.840352872439265,0.038413083435832274
2981.429577814211,0.009274621352107043,leukocytes,SALIVA,0.8,Random Forest Regressor,BayesSearchCV,1.792160376648853,1.4416529468294124,24.840352872439265,0.038413083435832274
1388.505366123048,0.008377060612989637,leukocytes,SERUM,0.8,Random Forest Regressor,BayesSearchCV,1.4415363860847756,1.159192764631141,17.961681696873658,0.24176264168328299
1386.576886447877,0.007775045122451197,leukocytes,SERUM,0.8,Random Forest Regressor,BayesSearchCV,1.4415363860847756,1.159192764631141,17.961681696873658,0.24176264168328299
1390.433845798219,0.007757134779995819,leukocytes,SERUM,0.8,Random Forest Regressor,BayesSearchCV,1.4415363860847756,1.159192764631141,17.961681696873658,0.24176264168328299
1392.36232547339,0.006922718285730997,leukocytes,SERUM,0.8,Random Forest Regressor,BayesSearchCV,1.4415363860847756,1.159192764631141,17.961681696873658,0.24176264168328299
1394.290805148561,0.006386548560397018,leukocytes,SERUM,0.8,Random Forest Regressor,BayesSearchCV,1.4415363860847756,1.159192764631141,17.961681696873658,0.24176264168328299
1396.219284823732,0.005935272086509033,leukocytes,SERUM,0.8,Random Forest Regressor,BayesSearchCV,1.4415363860847756,1.159192764631141,17.961681696873658,0.24176264168328299
1384.648406772706,0.005800756084850652,leukocytes,SERUM,0.8,Random Forest Regressor,BayesSearchCV,1.4415363860847756,1.159192764631141,17.961681696873658,0.24176264168328299
1398.147764498902,0.0055324728826120165,leukocytes,SERUM,0.8,Random Forest Regressor,BayesSearchCV,1.4415363860847756,1.159192764631141,17.961681696873658,0.24176264168328299
1400.076244174074,0.005234843118178708,leukocytes,SERUM,0.8,Random Forest Regressor,BayesSearchCV,1.4415363860847756,1.159192764631141,17.961681696873658,0.24176264168328299
1402.004723849244,0.005056331423517605,leukocytes,SERUM,0.8,Random Forest Regressor,BayesSearchCV,1.4415363860847756,1.159192764631141,17.961681696873658,0.24176264168328299
1432.860398651979,0.005003093269734858,leukocytes,SERUM,0.8,Random Forest Regressor,BayesSearchCV,1.4415363860847756,1.159192764631141,17.961681696873658,0.24176264168328299
1429.003439301637,0.004995639852304773,leukocytes,SERUM,0.8,Random Forest Regressor,BayesSearchCV,1.4415363860847756,1.159192764631141,17.961681696873658,0.24176264168328299
1427.074959626466,0.004983685068806744,leukocytes,SERUM,0.8,Random Forest Regressor,BayesSearchCV,1.4415363860847756,1.159192764631141,17.961681696873658,0.24176264168328299
1430.931918976808,0.004972145565122076,leukocytes,SERUM,0.8,Random Forest Regressor,BayesSearchCV,1.4415363860847756,1.159192764631141,17.961681696873658,0.24176264168328299
1475.286951505739,0.004965335396698123,leukocytes,SERUM,0.8,Random Forest Regressor,BayesSearchCV,1.4415363860847756,1.159192764631141,17.961681696873658,0.24176264168328299
1477.215431180909,0.00492923903845916,leukocytes,SERUM,0.8,Random Forest Regressor,BayesSearchCV,1.4415363860847756,1.159192764631141,17.961681696873658,0.24176264168328299
1434.78887832715,0.004872959355804309,leukocytes,SERUM,0.8,Random Forest Regressor,BayesSearchCV,1.4415363860847756,1.159192764631141,17.961681696873658,0.24176264168328299
1425.146479951295,0.00486362843322781,leukocytes,SERUM,0.8,Random Forest Regressor,BayesSearchCV,1.4415363860847756,1.159192764631141,17.961681696873658,0.24176264168328299
1473.358471830568,0.004851529061542375,leukocytes,SERUM,0.8,Random Forest Regressor,BayesSearchCV,1.4415363860847756,1.159192764631141,17.961681696873658,0.24176264168328299
2719.156341990969,0.00482797366279047,leukocytes,SERUM,0.8,Random Forest Regressor,BayesSearchCV,1.4415363860847756,1.159192764631141,17.961681696873658,0.24176264168328299
1579.424853964967,0.04931561849812645,leukocytes,SERUM,0.8,Random Forest Regressor,BayesSearchCV,1.4369206327688213,1.1509122308795647,17.773424176863,0.2466105712289216
1141.659967701173,0.03704083533725842,leukocytes,SERUM,0.8,Random Forest Regressor,BayesSearchCV,1.4369206327688213,1.1509122308795647,17.773424176863,0.2466105712289216
1571.710935264284,0.0323861621270276,leukocytes,SERUM,0.8,Random Forest Regressor,BayesSearchCV,1.4369206327688213,1.1509122308795647,17.773424176863,0.2466105712289216
1139.731488026002,0.029172480631530683,leukocytes,SERUM,0.8,Random Forest Regressor,BayesSearchCV,1.4369206327688213,1.1509122308795647,17.773424176863,0.2466105712289216
983.5246343371587,0.026845740911051567,leukocytes,SERUM,0.8,Random Forest Regressor,BayesSearchCV,1.4369206327688213,1.1509122308795647,17.773424176863,0.2466105712289216
1126.232130299806,0.021136747102367473,leukocytes,SERUM,0.8,Random Forest Regressor,BayesSearchCV,1.4369206327688213,1.1509122308795647,17.773424176863,0.2466105712289216
968.0967969357921,0.01986645644052514,leukocytes,SERUM,0.8,Random Forest Regressor,BayesSearchCV,1.4369206327688213,1.1509122308795647,17.773424176863,0.2466105712289216
1654.635561296632,0.01982274261505304,leukocytes,SERUM,0.8,Random Forest Regressor,BayesSearchCV,1.4369206327688213,1.1509122308795647,17.773424176863,0.2466105712289216
1386.576886447877,0.019458049427458365,leukocytes,SERUM,0.8,Random Forest Regressor,BayesSearchCV,1.4369206327688213,1.1509122308795647,17.773424176863,0.2466105712289216
2711.442423290285,0.01732288529941561,leukocytes,SERUM,0.8,Random Forest Regressor,BayesSearchCV,1.4369206327688213,1.1509122308795647,17.773424176863,0.2466105712289216
1122.375170949464,0.01673045742860075,leukocytes,SERUM,0.8,Random Forest Regressor,BayesSearchCV,1.4369206327688213,1.1509122308795647,17.773424176863,0.2466105712289216
3025.784610343142,0.015159626368452863,leukocytes,SERUM,0.8,Random Forest Regressor,BayesSearchCV,1.4369206327688213,1.1509122308795647,17.773424176863,0.2466105712289216
1137.803008350831,0.014562710464911666,leukocytes,SERUM,0.8,Random Forest Regressor,BayesSearchCV,1.4369206327688213,1.1509122308795647,17.773424176863,0.2466105712289216
1585.21029299048,0.01361116511286821,leukocytes,SERUM,0.8,Random Forest Regressor,BayesSearchCV,1.4369206327688213,1.1509122308795647,17.773424176863,0.2466105712289216
1587.138772665651,0.013326382585035402,leukocytes,SERUM,0.8,Random Forest Regressor,BayesSearchCV,1.4369206327688213,1.1509122308795647,17.773424176863,0.2466105712289216
1290.152902689332,0.013076000443730198,leukocytes,SERUM,0.8,Random Forest Regressor,BayesSearchCV,1.4369206327688213,1.1509122308795647,17.773424176863,0.2466105712289216
1128.160609974977,0.011842913738794062,leukocytes,SERUM,0.8,Random Forest Regressor,BayesSearchCV,1.4369206327688213,1.1509122308795647,17.773424176863,0.2466105712289216
1644.993162920778,0.011374367311781064,leukocytes,SERUM,0.8,Random Forest Regressor,BayesSearchCV,1.4369206327688213,1.1509122308795647,17.773424176863,0.2466105712289216
2719.156341990969,0.01130556939688459,leukocytes,SERUM,0.8,Random Forest Regressor,BayesSearchCV,1.4369206327688213,1.1509122308795647,17.773424176863,0.2466105712289216
985.4531140123299,0.010882085215052129,leukocytes,SERUM,0.8,Random Forest Regressor,BayesSearchCV,1.4369206327688213,1.1509122308795647,17.773424176863,0.2466105712289216
1388.505366123048,0.008362089727544196,leukocytes,SERUM,0.8,Random Forest Regressor,BayesSearchCV,1.4410662676955772,1.161512587012205,17.995975921884046,0.24225711855367893
1386.576886447877,0.007764760368978686,leukocytes,SERUM,0.8,Random Forest Regressor,BayesSearchCV,1.4410662676955772,1.161512587012205,17.995975921884046,0.24225711855367893
1390.433845798219,0.00774009506584192,leukocytes,SERUM,0.8,Random Forest Regressor,BayesSearchCV,1.4410662676955772,1.161512587012205,17.995975921884046,0.24225711855367893
1392.36232547339,0.006906289482823915,leukocytes,SERUM,0.8,Random Forest Regressor,BayesSearchCV,1.4410662676955772,1.161512587012205,17.995975921884046,0.24225711855367893
1394.290805148561,0.006372449437728661,leukocytes,SERUM,0.8,Random Forest Regressor,BayesSearchCV,1.4410662676955772,1.161512587012205,17.995975921884046,0.24225711855367893
1396.219284823732,0.005923456239818292,leukocytes,SERUM,0.8,Random Forest Regressor,BayesSearchCV,1.4410662676955772,1.161512587012205,17.995975921884046,0.24225711855367893
1384.648406772706,0.005799067161145727,leukocytes,SERUM,0.8,Random Forest Regressor,BayesSearchCV,1.4410662676955772,1.161512587012205,17.995975921884046,0.24225711855367893
1398.147764498902,0.005523418458920502,leukocytes,SERUM,0.8,Random Forest Regressor,BayesSearchCV,1.4410662676955772,1.161512587012205,17.995975921884046,0.24225711855367893
1400.076244174074,0.005227317917056803,leukocytes,SERUM,0.8,Random Forest Regressor,BayesSearchCV,1.4410662676955772,1.161512587012205,17.995975921884046,0.24225711855367893
1402.004723849244,0.0050493848934691065,leukocytes,SERUM,0.8,Random Forest Regressor,BayesSearchCV,1.4410662676955772,1.161512587012205,17.995975921884046,0.24225711855367893
1432.860398651979,0.0050226722553561864,leukocytes,SERUM,0.8,Random Forest Regressor,BayesSearchCV,1.4410662676955772,1.161512587012205,17.995975921884046,0.24225711855367893
1475.286951505739,0.005018304150936896,leukocytes,SERUM,0.8,Random Forest Regressor,BayesSearchCV,1.4410662676955772,1.161512587012205,17.995975921884046,0.24225711855367893
1429.003439301637,0.005006877099587542,leukocytes,SERUM,0.8,Random Forest Regressor,BayesSearchCV,1.4410662676955772,1.161512587012205,17.995975921884046,0.24225711855367893
1427.074959626466,0.0049900358296563925,leukocytes,SERUM,0.8,Random Forest Regressor,BayesSearchCV,1.4410662676955772,1.161512587012205,17.995975921884046,0.24225711855367893
1430.931918976808,0.004988112059869546,leukocytes,SERUM,0.8,Random Forest Regressor,BayesSearchCV,1.4410662676955772,1.161512587012205,17.995975921884046,0.24225711855367893
1477.215431180909,0.004985677042931617,leukocytes,SERUM,0.8,Random Forest Regressor,BayesSearchCV,1.4410662676955772,1.161512587012205,17.995975921884046,0.24225711855367893
1473.358471830568,0.0049003855054053505,leukocytes,SERUM,0.8,Random Forest Regressor,BayesSearchCV,1.4410662676955772,1.161512587012205,17.995975921884046,0.24225711855367893
1434.78887832715,0.004894391878106009,leukocytes,SERUM,0.8,Random Forest Regressor,BayesSearchCV,1.4410662676955772,1.161512587012205,17.995975921884046,0.24225711855367893
1481.072390531251,0.004877058526041631,leukocytes,SERUM,0.8,Random Forest Regressor,BayesSearchCV,1.4410662676955772,1.161512587012205,17.995975921884046,0.24225711855367893
1425.146479951295,0.004866211927826617,leukocytes,SERUM,0.8,Random Forest Regressor,BayesSearchCV,1.4410662676955772,1.161512587012205,17.995975921884046,0.24225711855367893
1579.424853964967,0.04931561849812645,leukocytes,SERUM,0.8,Random Forest Regressor,BayesSearchCV,1.4369206327688213,1.1509122308795647,17.773424176863,0.2466105712289216
1141.659967701173,0.03704083533725842,leukocytes,SERUM,0.8,Random Forest Regressor,BayesSearchCV,1.4369206327688213,1.1509122308795647,17.773424176863,0.2466105712289216
1571.710935264284,0.0323861621270276,leukocytes,SERUM,0.8,Random Forest Regressor,BayesSearchCV,1.4369206327688213,1.1509122308795647,17.773424176863,0.2466105712289216
1139.731488026002,0.029172480631530683,leukocytes,SERUM,0.8,Random Forest Regressor,BayesSearchCV,1.4369206327688213,1.1509122308795647,17.773424176863,0.2466105712289216
983.5246343371587,0.026845740911051567,leukocytes,SERUM,0.8,Random Forest Regressor,BayesSearchCV,1.4369206327688213,1.1509122308795647,17.773424176863,0.2466105712289216
1126.232130299806,0.021136747102367473,leukocytes,SERUM,0.8,Random Forest Regressor,BayesSearchCV,1.4369206327688213,1.1509122308795647,17.773424176863,0.2466105712289216
968.0967969357921,0.01986645644052514,leukocytes,SERUM,0.8,Random Forest Regressor,BayesSearchCV,1.4369206327688213,1.1509122308795647,17.773424176863,0.2466105712289216
1654.635561296632,0.01982274261505304,leukocytes,SERUM,0.8,Random Forest Regressor,BayesSearchCV,1.4369206327688213,1.1509122308795647,17.773424176863,0.2466105712289216
1386.576886447877,0.019458049427458365,leukocytes,SERUM,0.8,Random Forest Regressor,BayesSearchCV,1.4369206327688213,1.1509122308795647,17.773424176863,0.2466105712289216
2711.442423290285,0.01732288529941561,leukocytes,SERUM,0.8,Random Forest Regressor,BayesSearchCV,1.4369206327688213,1.1509122308795647,17.773424176863,0.2466105712289216
1122.375170949464,0.01673045742860075,leukocytes,SERUM,0.8,Random Forest Regressor,BayesSearchCV,1.4369206327688213,1.1509122308795647,17.773424176863,0.2466105712289216
3025.784610343142,0.015159626368452863,leukocytes,SERUM,0.8,Random Forest Regressor,BayesSearchCV,1.4369206327688213,1.1509122308795647,17.773424176863,0.2466105712289216
1137.803008350831,0.014562710464911666,leukocytes,SERUM,0.8,Random Forest Regressor,BayesSearchCV,1.4369206327688213,1.1509122308795647,17.773424176863,0.2466105712289216
1585.21029299048,0.01361116511286821,leukocytes,SERUM,0.8,Random Forest Regressor,BayesSearchCV,1.4369206327688213,1.1509122308795647,17.773424176863,0.2466105712289216
1587.138772665651,0.013326382585035402,leukocytes,SERUM,0.8,Random Forest Regressor,BayesSearchCV,1.4369206327688213,1.1509122308795647,17.773424176863,0.2466105712289216
1290.152902689332,0.013076000443730198,leukocytes,SERUM,0.8,Random Forest Regressor,BayesSearchCV,1.4369206327688213,1.1509122308795647,17.773424176863,0.2466105712289216
1128.160609974977,0.011842913738794062,leukocytes,SERUM,0.8,Random Forest Regressor,BayesSearchCV,1.4369206327688213,1.1509122308795647,17.773424176863,0.2466105712289216
1644.993162920778,0.011374367311781064,leukocytes,SERUM,0.8,Random Forest Regressor,BayesSearchCV,1.4369206327688213,1.1509122308795647,17.773424176863,0.2466105712289216
2719.156341990969,0.01130556939688459,leukocytes,SERUM,0.8,Random Forest Regressor,BayesSearchCV,1.4369206327688213,1.1509122308795647,17.773424176863,0.2466105712289216
985.4531140123299,0.010882085215052129,leukocytes,SERUM,0.8,Random Forest Regressor,BayesSearchCV,1.4369206327688213,1.1509122308795647,17.773424176863,0.2466105712289216
3050.854846120364,0.007939938289014997,leukocytes,URINE,0.8,Random Forest Regressor,BayesSearchCV,1.7118939242369038,1.3275248588414723,19.3701344840605,-0.09436959385500288
1689.348195449708,0.006472770921474372,leukocytes,URINE,0.8,Random Forest Regressor,BayesSearchCV,1.7118939242369038,1.3275248588414723,19.3701344840605,-0.09436959385500288
1693.20515480005,0.00644345092391707,leukocytes,URINE,0.8,Random Forest Regressor,BayesSearchCV,1.7118939242369038,1.3275248588414723,19.3701344840605,-0.09436959385500288
1695.133634475221,0.006311081578943074,leukocytes,URINE,0.8,Random Forest Regressor,BayesSearchCV,1.7118939242369038,1.3275248588414723,19.3701344840605,-0.09436959385500288
1691.276675124879,0.0060068206509249185,leukocytes,URINE,0.8,Random Forest Regressor,BayesSearchCV,1.7118939242369038,1.3275248588414723,19.3701344840605,-0.09436959385500288
1687.419715774538,0.005838300990475961,leukocytes,URINE,0.8,Random Forest Regressor,BayesSearchCV,1.7118939242369038,1.3275248588414723,19.3701344840605,-0.09436959385500288
1697.062114150392,0.005594145972859029,leukocytes,URINE,0.8,Random Forest Regressor,BayesSearchCV,1.7118939242369038,1.3275248588414723,19.3701344840605,-0.09436959385500288
1698.990593825563,0.005472418692556767,leukocytes,URINE,0.8,Random Forest Regressor,BayesSearchCV,1.7118939242369038,1.3275248588414723,19.3701344840605,-0.09436959385500288
1700.919073500734,0.005085951818805988,leukocytes,URINE,0.8,Random Forest Regressor,BayesSearchCV,1.7118939242369038,1.3275248588414723,19.3701344840605,-0.09436959385500288
1685.491236099367,0.00486548209449937,leukocytes,URINE,0.8,Random Forest Regressor,BayesSearchCV,1.7118939242369038,1.3275248588414723,19.3701344840605,-0.09436959385500288
1702.847553175905,0.004727355818531842,leukocytes,URINE,0.8,Random Forest Regressor,BayesSearchCV,1.7118939242369038,1.3275248588414723,19.3701344840605,-0.09436959385500288
1704.776032851076,0.004723882850400892,leukocytes,URINE,0.8,Random Forest Regressor,BayesSearchCV,1.7118939242369038,1.3275248588414723,19.3701344840605,-0.09436959385500288
1683.562756424196,0.004455381775701852,leukocytes,URINE,0.8,Random Forest Regressor,BayesSearchCV,1.7118939242369038,1.3275248588414723,19.3701344840605,-0.09436959385500288
1706.704512526246,0.004206650046237085,leukocytes,URINE,0.8,Random Forest Regressor,BayesSearchCV,1.7118939242369038,1.3275248588414723,19.3701344840605,-0.09436959385500288
1708.632992201417,0.003710885972261358,leukocytes,URINE,0.8,Random Forest Regressor,BayesSearchCV,1.7118939242369038,1.3275248588414723,19.3701344840605,-0.09436959385500288
1681.634276749025,0.00362995034636181,leukocytes,URINE,0.8,Random Forest Regressor,BayesSearchCV,1.7118939242369038,1.3275248588414723,19.3701344840605,-0.09436959385500288
1396.219284823732,0.0034702922249530664,leukocytes,URINE,0.8,Random Forest Regressor,BayesSearchCV,1.7118939242369038,1.3275248588414723,19.3701344840605,-0.09436959385500288
1394.290805148561,0.0034597577728885448,leukocytes,URINE,0.8,Random Forest Regressor,BayesSearchCV,1.7118939242369038,1.3275248588414723,19.3701344840605,-0.09436959385500288
1114.66125224878,0.003440588982437539,leukocytes,URINE,0.8,Random Forest Regressor,BayesSearchCV,1.7118939242369038,1.3275248588414723,19.3701344840605,-0.09436959385500288
1112.732772573609,0.003436842844385342,leukocytes,URINE,0.8,Random Forest Regressor,BayesSearchCV,1.7118939242369038,1.3275248588414723,19.3701344840605,-0.09436959385500288
1629.56532551941,0.09681201686539305,leukocytes,URINE,0.8,Random Forest Regressor,BayesSearchCV,1.7765825432072655,1.32100058551727,18.69609582385039,-0.1786397879317616
3048.926366445193,0.06244687915118599,leukocytes,URINE,0.8,Random Forest Regressor,BayesSearchCV,1.7765825432072655,1.32100058551727,18.69609582385039,-0.1786397879317616
1288.224423014161,0.026403808990015917,leukocytes,URINE,0.8,Random Forest Regressor,BayesSearchCV,1.7765825432072655,1.32100058551727,18.69609582385039,-0.1786397879317616
1631.493805194581,0.023245189988798685,leukocytes,URINE,0.8,Random Forest Regressor,BayesSearchCV,1.7765825432072655,1.32100058551727,18.69609582385039,-0.1786397879317616
1627.63684584424,0.02122464599734466,leukocytes,URINE,0.8,Random Forest Regressor,BayesSearchCV,1.7765825432072655,1.32100058551727,18.69609582385039,-0.1786397879317616
956.5259188847667,0.016490752399782368,leukocytes,URINE,0.8,Random Forest Regressor,BayesSearchCV,1.7765825432072655,1.32100058551727,18.69609582385039,-0.1786397879317616
1656.564040971803,0.016308979688910562,leukocytes,URINE,0.8,Random Forest Regressor,BayesSearchCV,1.7765825432072655,1.32100058551727,18.69609582385039,-0.1786397879317616
1419.361040925782,0.014551425302259573,leukocytes,URINE,0.8,Random Forest Regressor,BayesSearchCV,1.7765825432072655,1.32100058551727,18.69609582385039,-0.1786397879317616
1604.495089742189,0.014022837396780537,leukocytes,URINE,0.8,Random Forest Regressor,BayesSearchCV,1.7765825432072655,1.32100058551727,18.69609582385039,-0.1786397879317616
1290.152902689332,0.013947392090723609,leukocytes,URINE,0.8,Random Forest Regressor,BayesSearchCV,1.7765825432072655,1.32100058551727,18.69609582385039,-0.1786397879317616
1621.851406818727,0.013891772028655165,leukocytes,URINE,0.8,Random Forest Regressor,BayesSearchCV,1.7765825432072655,1.32100058551727,18.69609582385039,-0.1786397879317616
1315.223138466554,0.012955186389888502,leukocytes,URINE,0.8,Random Forest Regressor,BayesSearchCV,1.7765825432072655,1.32100058551727,18.69609582385039,-0.1786397879317616
1625.708366169069,0.01279785903547949,leukocytes,URINE,0.8,Random Forest Regressor,BayesSearchCV,1.7765825432072655,1.32100058551727,18.69609582385039,-0.1786397879317616
960.3828782351084,0.012680362310688658,leukocytes,URINE,0.8,Random Forest Regressor,BayesSearchCV,1.7765825432072655,1.32100058551727,18.69609582385039,-0.1786397879317616
2507.02357772217,0.012055430256028817,leukocytes,URINE,0.8,Random Forest Regressor,BayesSearchCV,1.7765825432072655,1.32100058551727,18.69609582385039,-0.1786397879317616
1685.491236099367,0.011702428963489353,leukocytes,URINE,0.8,Random Forest Regressor,BayesSearchCV,1.7765825432072655,1.32100058551727,18.69609582385039,-0.1786397879317616
1492.643268582277,0.011490990393827496,leukocytes,URINE,0.8,Random Forest Regressor,BayesSearchCV,1.7765825432072655,1.32100058551727,18.69609582385039,-0.1786397879317616
1608.35204909253,0.01144395860587634,leukocytes,URINE,0.8,Random Forest Regressor,BayesSearchCV,1.7765825432072655,1.32100058551727,18.69609582385039,-0.1786397879317616
1336.436414893434,0.011284216853316155,leukocytes,URINE,0.8,Random Forest Regressor,BayesSearchCV,1.7765825432072655,1.32100058551727,18.69609582385039,-0.1786397879317616
958.4543985599371,0.011144721957611696,leukocytes,URINE,0.8,Random Forest Regressor,BayesSearchCV,1.7765825432072655,1.32100058551727,18.69609582385039,-0.1786397879317616
3050.854846120364,0.007939710815124077,leukocytes,URINE,0.8,Random Forest Regressor,BayesSearchCV,1.7118288649722764,1.3274795525259753,19.36914231717368,-0.09428641401883642
1689.348195449708,0.006472049528688741,leukocytes,URINE,0.8,Random Forest Regressor,BayesSearchCV,1.7118288649722764,1.3274795525259753,19.36914231717368,-0.09428641401883642
1693.20515480005,0.006442889476037619,leukocytes,URINE,0.8,Random Forest Regressor,BayesSearchCV,1.7118288649722764,1.3274795525259753,19.36914231717368,-0.09428641401883642
1695.133634475221,0.0063105998104092745,leukocytes,URINE,0.8,Random Forest Regressor,BayesSearchCV,1.7118288649722764,1.3274795525259753,19.36914231717368,-0.09428641401883642
1691.276675124879,0.006006172006797577,leukocytes,URINE,0.8,Random Forest Regressor,BayesSearchCV,1.7118288649722764,1.3274795525259753,19.36914231717368,-0.09428641401883642
1687.419715774538,0.005837529783029867,leukocytes,URINE,0.8,Random Forest Regressor,BayesSearchCV,1.7118288649722764,1.3274795525259753,19.36914231717368,-0.09428641401883642
1697.062114150392,0.0055937201547354145,leukocytes,URINE,0.8,Random Forest Regressor,BayesSearchCV,1.7118288649722764,1.3274795525259753,19.36914231717368,-0.09428641401883642
1698.990593825563,0.005472032088211313,leukocytes,URINE,0.8,Random Forest Regressor,BayesSearchCV,1.7118288649722764,1.3274795525259753,19.36914231717368,-0.09428641401883642
1700.919073500734,0.00508558416257425,leukocytes,URINE,0.8,Random Forest Regressor,BayesSearchCV,1.7118288649722764,1.3274795525259753,19.36914231717368,-0.09428641401883642
1685.491236099367,0.004864696909773841,leukocytes,URINE,0.8,Random Forest Regressor,BayesSearchCV,1.7118288649722764,1.3274795525259753,19.36914231717368,-0.09428641401883642
1702.847553175905,0.0047269905955289624,leukocytes,URINE,0.8,Random Forest Regressor,BayesSearchCV,1.7118288649722764,1.3274795525259753,19.36914231717368,-0.09428641401883642
1704.776032851076,0.004723515507327524,leukocytes,URINE,0.8,Random Forest Regressor,BayesSearchCV,1.7118288649722764,1.3274795525259753,19.36914231717368,-0.09428641401883642
1683.562756424196,0.004454621418501641,leukocytes,URINE,0.8,Random Forest Regressor,BayesSearchCV,1.7118288649722764,1.3274795525259753,19.36914231717368,-0.09428641401883642
1706.704512526246,0.004206279870154274,leukocytes,URINE,0.8,Random Forest Regressor,BayesSearchCV,1.7118288649722764,1.3274795525259753,19.36914231717368,-0.09428641401883642
1708.632992201417,0.0037105214333434766,leukocytes,URINE,0.8,Random Forest Regressor,BayesSearchCV,1.7118288649722764,1.3274795525259753,19.36914231717368,-0.09428641401883642
1681.634276749025,0.003629232181440104,leukocytes,URINE,0.8,Random Forest Regressor,BayesSearchCV,1.7118288649722764,1.3274795525259753,19.36914231717368,-0.09428641401883642
1396.219284823732,0.0034708816392324516,leukocytes,URINE,0.8,Random Forest Regressor,BayesSearchCV,1.7118288649722764,1.3274795525259753,19.36914231717368,-0.09428641401883642
1394.290805148561,0.0034603931554989444,leukocytes,URINE,0.8,Random Forest Regressor,BayesSearchCV,1.7118288649722764,1.3274795525259753,19.36914231717368,-0.09428641401883642
1114.66125224878,0.0034410220810452536,leukocytes,URINE,0.8,Random Forest Regressor,BayesSearchCV,1.7118288649722764,1.3274795525259753,19.36914231717368,-0.09428641401883642
1112.732772573609,0.0034372902546054305,leukocytes,URINE,0.8,Random Forest Regressor,BayesSearchCV,1.7118288649722764,1.3274795525259753,19.36914231717368,-0.09428641401883642
1629.56532551941,0.09681201686539305,leukocytes,URINE,0.8,Random Forest Regressor,BayesSearchCV,1.7765825432072655,1.32100058551727,18.69609582385039,-0.1786397879317616
3048.926366445193,0.06244687915118599,leukocytes,URINE,0.8,Random Forest Regressor,BayesSearchCV,1.7765825432072655,1.32100058551727,18.69609582385039,-0.1786397879317616
1288.224423014161,0.026403808990015917,leukocytes,URINE,0.8,Random Forest Regressor,BayesSearchCV,1.7765825432072655,1.32100058551727,18.69609582385039,-0.1786397879317616
1631.493805194581,0.023245189988798685,leukocytes,URINE,0.8,Random Forest Regressor,BayesSearchCV,1.7765825432072655,1.32100058551727,18.69609582385039,-0.1786397879317616
1627.63684584424,0.02122464599734466,leukocytes,URINE,0.8,Random Forest Regressor,BayesSearchCV,1.7765825432072655,1.32100058551727,18.69609582385039,-0.1786397879317616
956.5259188847667,0.016490752399782368,leukocytes,URINE,0.8,Random Forest Regressor,BayesSearchCV,1.7765825432072655,1.32100058551727,18.69609582385039,-0.1786397879317616
1656.564040971803,0.016308979688910562,leukocytes,URINE,0.8,Random Forest Regressor,BayesSearchCV,1.7765825432072655,1.32100058551727,18.69609582385039,-0.1786397879317616
1419.361040925782,0.014551425302259573,leukocytes,URINE,0.8,Random Forest Regressor,BayesSearchCV,1.7765825432072655,1.32100058551727,18.69609582385039,-0.1786397879317616
1604.495089742189,0.014022837396780537,leukocytes,URINE,0.8,Random Forest Regressor,BayesSearchCV,1.7765825432072655,1.32100058551727,18.69609582385039,-0.1786397879317616
1290.152902689332,0.013947392090723609,leukocytes,URINE,0.8,Random Forest Regressor,BayesSearchCV,1.7765825432072655,1.32100058551727,18.69609582385039,-0.1786397879317616
1621.851406818727,0.013891772028655165,leukocytes,URINE,0.8,Random Forest Regressor,BayesSearchCV,1.7765825432072655,1.32100058551727,18.69609582385039,-0.1786397879317616
1315.223138466554,0.012955186389888502,leukocytes,URINE,0.8,Random Forest Regressor,BayesSearchCV,1.7765825432072655,1.32100058551727,18.69609582385039,-0.1786397879317616
1625.708366169069,0.01279785903547949,leukocytes,URINE,0.8,Random Forest Regressor,BayesSearchCV,1.7765825432072655,1.32100058551727,18.69609582385039,-0.1786397879317616
960.3828782351084,0.012680362310688658,leukocytes,URINE,0.8,Random Forest Regressor,BayesSearchCV,1.7765825432072655,1.32100058551727,18.69609582385039,-0.1786397879317616
2507.02357772217,0.012055430256028817,leukocytes,URINE,0.8,Random Forest Regressor,BayesSearchCV,1.7765825432072655,1.32100058551727,18.69609582385039,-0.1786397879317616
1685.491236099367,0.011702428963489353,leukocytes,URINE,0.8,Random Forest Regressor,BayesSearchCV,1.7765825432072655,1.32100058551727,18.69609582385039,-0.1786397879317616
1492.643268582277,0.011490990393827496,leukocytes,URINE,0.8,Random Forest Regressor,BayesSearchCV,1.7765825432072655,1.32100058551727,18.69609582385039,-0.1786397879317616
1608.35204909253,0.01144395860587634,leukocytes,URINE,0.8,Random Forest Regressor,BayesSearchCV,1.7765825432072655,1.32100058551727,18.69609582385039,-0.1786397879317616
1336.436414893434,0.011284216853316155,leukocytes,URINE,0.8,Random Forest Regressor,BayesSearchCV,1.7765825432072655,1.32100058551727,18.69609582385039,-0.1786397879317616
958.4543985599371,0.011144721957611696,leukocytes,URINE,0.8,Random Forest Regressor,BayesSearchCV,1.7765825432072655,1.32100058551727,18.69609582385039,-0.1786397879317616
3048.926366445193,0.021428307717848958,leukocytes,CAPILAR,0.8,Decision Tree Regressor,BayesSearchCV,1.5864850641169608,1.2690459550544346,21.17095651973409,-0.11692661178786024
1710.561471876588,0.011463027051075991,leukocytes,CAPILAR,0.8,Decision Tree Regressor,BayesSearchCV,1.5864850641169608,1.2690459550544346,21.17095651973409,-0.11692661178786024
1708.632992201417,0.009786567863785997,leukocytes,CAPILAR,0.8,Decision Tree Regressor,BayesSearchCV,1.5864850641169608,1.2690459550544346,21.17095651973409,-0.11692661178786024
1641.136203570436,0.00783932774416696,leukocytes,CAPILAR,0.8,Decision Tree Regressor,BayesSearchCV,1.5864850641169608,1.2690459550544346,21.17095651973409,-0.11692661178786024
3050.854846120364,0.007835150143773825,leukocytes,CAPILAR,0.8,Decision Tree Regressor,BayesSearchCV,1.5864850641169608,1.2690459550544346,21.17095651973409,-0.11692661178786024
948.812000184083,0.007171747061616197,leukocytes,CAPILAR,0.8,Decision Tree Regressor,BayesSearchCV,1.5864850641169608,1.2690459550544346,21.17095651973409,-0.11692661178786024
1639.207723895265,0.0069935661510405235,leukocytes,CAPILAR,0.8,Decision Tree Regressor,BayesSearchCV,1.5864850641169608,1.2690459550544346,21.17095651973409,-0.11692661178786024
3046.997886770022,0.006805184507421959,leukocytes,CAPILAR,0.8,Decision Tree Regressor,BayesSearchCV,1.5864850641169608,1.2690459550544346,21.17095651973409,-0.11692661178786024
1712.489951551759,0.006292424844910044,leukocytes,CAPILAR,0.8,Decision Tree Regressor,BayesSearchCV,1.5864850641169608,1.2690459550544346,21.17095651973409,-0.11692661178786024
1643.064683245607,0.006283138276119285,leukocytes,CAPILAR,0.8,Decision Tree Regressor,BayesSearchCV,1.5864850641169608,1.2690459550544346,21.17095651973409,-0.11692661178786024
946.8835205089117,0.006238146711091077,leukocytes,CAPILAR,0.8,Decision Tree Regressor,BayesSearchCV,1.5864850641169608,1.2690459550544346,21.17095651973409,-0.11692661178786024
989.3100733626716,0.005313655503214545,leukocytes,CAPILAR,0.8,Decision Tree Regressor,BayesSearchCV,1.5864850641169608,1.2690459550544346,21.17095651973409,-0.11692661178786024
1637.279244220094,0.005016711723214479,leukocytes,CAPILAR,0.8,Decision Tree Regressor,BayesSearchCV,1.5864850641169608,1.2690459550544346,21.17095651973409,-0.11692661178786024
1070.306219719849,0.004793030746817443,leukocytes,CAPILAR,0.8,Decision Tree Regressor,BayesSearchCV,1.5864850641169608,1.2690459550544346,21.17095651973409,-0.11692661178786024
981.5961546619883,0.004608623416645363,leukocytes,CAPILAR,0.8,Decision Tree Regressor,BayesSearchCV,1.5864850641169608,1.2690459550544346,21.17095651973409,-0.11692661178786024
987.3815936875008,0.004550450369109907,leukocytes,CAPILAR,0.8,Decision Tree Regressor,BayesSearchCV,1.5864850641169608,1.2690459550544346,21.17095651973409,-0.11692661178786024
991.2385530378428,0.0045105996918301606,leukocytes,CAPILAR,0.8,Decision Tree Regressor,BayesSearchCV,1.5864850641169608,1.2690459550544346,21.17095651973409,-0.11692661178786024
950.7404798592538,0.00450974835520273,leukocytes,CAPILAR,0.8,Decision Tree Regressor,BayesSearchCV,1.5864850641169608,1.2690459550544346,21.17095651973409,-0.11692661178786024
1068.377740044679,0.004495926958504617,leukocytes,CAPILAR,0.8,Decision Tree Regressor,BayesSearchCV,1.5864850641169608,1.2690459550544346,21.17095651973409,-0.11692661178786024
1066.449260369508,0.00425429453729399,leukocytes,CAPILAR,0.8,Decision Tree Regressor,BayesSearchCV,1.5864850641169608,1.2690459550544346,21.17095651973409,-0.11692661178786024
1232.298512434205,1.0,leukocytes,CAPILAR,0.8,Decision Tree Regressor,BayesSearchCV,1.4581080350239133,1.1545438282647582,19.31574320650629,0.056521366702863896
929.5272034323739,0.0,leukocytes,CAPILAR,0.8,Decision Tree Regressor,BayesSearchCV,1.4581080350239133,1.1545438282647582,19.31574320650629,0.056521366702863896
2593.80516310486,0.0,leukocytes,CAPILAR,0.8,Decision Tree Regressor,BayesSearchCV,1.4581080350239133,1.1545438282647582,19.31574320650629,0.056521366702863896
2553.307089926272,0.0,leukocytes,CAPILAR,0.8,Decision Tree Regressor,BayesSearchCV,1.4581080350239133,1.1545438282647582,19.31574320650629,0.056521366702863896
2555.235569601442,0.0,leukocytes,CAPILAR,0.8,Decision Tree Regressor,BayesSearchCV,1.4581080350239133,1.1545438282647582,19.31574320650629,0.056521366702863896
2557.164049276613,0.0,leukocytes,CAPILAR,0.8,Decision Tree Regressor,BayesSearchCV,1.4581080350239133,1.1545438282647582,19.31574320650629,0.056521366702863896
2559.092528951784,0.0,leukocytes,CAPILAR,0.8,Decision Tree Regressor,BayesSearchCV,1.4581080350239133,1.1545438282647582,19.31574320650629,0.056521366702863896
2561.021008626955,0.0,leukocytes,CAPILAR,0.8,Decision Tree Regressor,BayesSearchCV,1.4581080350239133,1.1545438282647582,19.31574320650629,0.056521366702863896
2562.949488302126,0.0,leukocytes,CAPILAR,0.8,Decision Tree Regressor,BayesSearchCV,1.4581080350239133,1.1545438282647582,19.31574320650629,0.056521366702863896
2564.877967977297,0.0,leukocytes,CAPILAR,0.8,Decision Tree Regressor,BayesSearchCV,1.4581080350239133,1.1545438282647582,19.31574320650629,0.056521366702863896
2566.806447652468,0.0,leukocytes,CAPILAR,0.8,Decision Tree Regressor,BayesSearchCV,1.4581080350239133,1.1545438282647582,19.31574320650629,0.056521366702863896
2568.734927327639,0.0,leukocytes,CAPILAR,0.8,Decision Tree Regressor,BayesSearchCV,1.4581080350239133,1.1545438282647582,19.31574320650629,0.056521366702863896
2570.663407002809,0.0,leukocytes,CAPILAR,0.8,Decision Tree Regressor,BayesSearchCV,1.4581080350239133,1.1545438282647582,19.31574320650629,0.056521366702863896
2572.59188667798,0.0,leukocytes,CAPILAR,0.8,Decision Tree Regressor,BayesSearchCV,1.4581080350239133,1.1545438282647582,19.31574320650629,0.056521366702863896
2574.520366353152,0.0,leukocytes,CAPILAR,0.8,Decision Tree Regressor,BayesSearchCV,1.4581080350239133,1.1545438282647582,19.31574320650629,0.056521366702863896
2576.448846028322,0.0,leukocytes,CAPILAR,0.8,Decision Tree Regressor,BayesSearchCV,1.4581080350239133,1.1545438282647582,19.31574320650629,0.056521366702863896
2578.377325703493,0.0,leukocytes,CAPILAR,0.8,Decision Tree Regressor,BayesSearchCV,1.4581080350239133,1.1545438282647582,19.31574320650629,0.056521366702863896
2580.305805378664,0.0,leukocytes,CAPILAR,0.8,Decision Tree Regressor,BayesSearchCV,1.4581080350239133,1.1545438282647582,19.31574320650629,0.056521366702863896
2582.234285053835,0.0,leukocytes,CAPILAR,0.8,Decision Tree Regressor,BayesSearchCV,1.4581080350239133,1.1545438282647582,19.31574320650629,0.056521366702863896
2584.162764729006,0.0,leukocytes,CAPILAR,0.8,Decision Tree Regressor,BayesSearchCV,1.4581080350239133,1.1545438282647582,19.31574320650629,0.056521366702863896
3048.926366445193,0.015430697358750195,leukocytes,CAPILAR,0.8,Decision Tree Regressor,BayesSearchCV,1.50730103504788,1.1505128205128206,19.4669630983301,-0.008213846576133
1641.136203570436,0.010621712058418262,leukocytes,CAPILAR,0.8,Decision Tree Regressor,BayesSearchCV,1.50730103504788,1.1505128205128206,19.4669630983301,-0.008213846576133
1639.207723895265,0.009468782474774952,leukocytes,CAPILAR,0.8,Decision Tree Regressor,BayesSearchCV,1.50730103504788,1.1505128205128206,19.4669630983301,-0.008213846576133
1643.064683245607,0.008675325413884716,leukocytes,CAPILAR,0.8,Decision Tree Regressor,BayesSearchCV,1.50730103504788,1.1505128205128206,19.4669630983301,-0.008213846576133
1637.279244220094,0.007273832999559389,leukocytes,CAPILAR,0.8,Decision Tree Regressor,BayesSearchCV,1.50730103504788,1.1505128205128206,19.4669630983301,-0.008213846576133
1710.561471876588,0.00665286727551129,leukocytes,CAPILAR,0.8,Decision Tree Regressor,BayesSearchCV,1.50730103504788,1.1505128205128206,19.4669630983301,-0.008213846576133
1222.656114058351,0.0065031849602088165,leukocytes,CAPILAR,0.8,Decision Tree Regressor,BayesSearchCV,1.50730103504788,1.1505128205128206,19.4669630983301,-0.008213846576133
1224.584593733522,0.006202521527833482,leukocytes,CAPILAR,0.8,Decision Tree Regressor,BayesSearchCV,1.50730103504788,1.1505128205128206,19.4669630983301,-0.008213846576133
1220.72763438318,0.0058996019421910725,leukocytes,CAPILAR,0.8,Decision Tree Regressor,BayesSearchCV,1.50730103504788,1.1505128205128206,19.4669630983301,-0.008213846576133
1635.350764544923,0.005616212089986125,leukocytes,CAPILAR,0.8,Decision Tree Regressor,BayesSearchCV,1.50730103504788,1.1505128205128206,19.4669630983301,-0.008213846576133
3050.854846120364,0.0056134315004778635,leukocytes,CAPILAR,0.8,Decision Tree Regressor,BayesSearchCV,1.50730103504788,1.1505128205128206,19.4669630983301,-0.008213846576133
1226.513073408692,0.0055944097756802525,leukocytes,CAPILAR,0.8,Decision Tree Regressor,BayesSearchCV,1.50730103504788,1.1505128205128206,19.4669630983301,-0.008213846576133
1228.441553083863,0.005397978210600193,leukocytes,CAPILAR,0.8,Decision Tree Regressor,BayesSearchCV,1.50730103504788,1.1505128205128206,19.4669630983301,-0.008213846576133
1708.632992201417,0.00519509354622558,leukocytes,CAPILAR,0.8,Decision Tree Regressor,BayesSearchCV,1.50730103504788,1.1505128205128206,19.4669630983301,-0.008213846576133
1218.799154708009,0.005181646751673674,leukocytes,CAPILAR,0.8,Decision Tree Regressor,BayesSearchCV,1.50730103504788,1.1505128205128206,19.4669630983301,-0.008213846576133
1230.370032759034,0.005135696086506698,leukocytes,CAPILAR,0.8,Decision Tree Regressor,BayesSearchCV,1.50730103504788,1.1505128205128206,19.4669630983301,-0.008213846576133
1644.993162920778,0.004889182881489441,leukocytes,CAPILAR,0.8,Decision Tree Regressor,BayesSearchCV,1.50730103504788,1.1505128205128206,19.4669630983301,-0.008213846576133
3046.997886770022,0.004838770994747999,leukocytes,CAPILAR,0.8,Decision Tree Regressor,BayesSearchCV,1.50730103504788,1.1505128205128206,19.4669630983301,-0.008213846576133
1633.422284869752,0.004642250398464368,leukocytes,CAPILAR,0.8,Decision Tree Regressor,BayesSearchCV,1.50730103504788,1.1505128205128206,19.4669630983301,-0.008213846576133
1602.566610067018,0.004601972228838644,leukocytes,CAPILAR,0.8,Decision Tree Regressor,BayesSearchCV,1.50730103504788,1.1505128205128206,19.4669630983301,-0.008213846576133
1232.298512434205,1.0,leukocytes,CAPILAR,0.8,Decision Tree Regressor,BayesSearchCV,1.4489810743574791,1.1233333333333335,18.226364688837375,0.0682957233345608
929.5272034323739,0.0,leukocytes,CAPILAR,0.8,Decision Tree Regressor,BayesSearchCV,1.4489810743574791,1.1233333333333335,18.226364688837375,0.0682957233345608
2593.80516310486,0.0,leukocytes,CAPILAR,0.8,Decision Tree Regressor,BayesSearchCV,1.4489810743574791,1.1233333333333335,18.226364688837375,0.0682957233345608
2553.307089926272,0.0,leukocytes,CAPILAR,0.8,Decision Tree Regressor,BayesSearchCV,1.4489810743574791,1.1233333333333335,18.226364688837375,0.0682957233345608
2555.235569601442,0.0,leukocytes,CAPILAR,0.8,Decision Tree Regressor,BayesSearchCV,1.4489810743574791,1.1233333333333335,18.226364688837375,0.0682957233345608
2557.164049276613,0.0,leukocytes,CAPILAR,0.8,Decision Tree Regressor,BayesSearchCV,1.4489810743574791,1.1233333333333335,18.226364688837375,0.0682957233345608
2559.092528951784,0.0,leukocytes,CAPILAR,0.8,Decision Tree Regressor,BayesSearchCV,1.4489810743574791,1.1233333333333335,18.226364688837375,0.0682957233345608
2561.021008626955,0.0,leukocytes,CAPILAR,0.8,Decision Tree Regressor,BayesSearchCV,1.4489810743574791,1.1233333333333335,18.226364688837375,0.0682957233345608
2562.949488302126,0.0,leukocytes,CAPILAR,0.8,Decision Tree Regressor,BayesSearchCV,1.4489810743574791,1.1233333333333335,18.226364688837375,0.0682957233345608
2564.877967977297,0.0,leukocytes,CAPILAR,0.8,Decision Tree Regressor,BayesSearchCV,1.4489810743574791,1.1233333333333335,18.226364688837375,0.0682957233345608
2566.806447652468,0.0,leukocytes,CAPILAR,0.8,Decision Tree Regressor,BayesSearchCV,1.4489810743574791,1.1233333333333335,18.226364688837375,0.0682957233345608
2568.734927327639,0.0,leukocytes,CAPILAR,0.8,Decision Tree Regressor,BayesSearchCV,1.4489810743574791,1.1233333333333335,18.226364688837375,0.0682957233345608
2570.663407002809,0.0,leukocytes,CAPILAR,0.8,Decision Tree Regressor,BayesSearchCV,1.4489810743574791,1.1233333333333335,18.226364688837375,0.0682957233345608
2572.59188667798,0.0,leukocytes,CAPILAR,0.8,Decision Tree Regressor,BayesSearchCV,1.4489810743574791,1.1233333333333335,18.226364688837375,0.0682957233345608
2574.520366353152,0.0,leukocytes,CAPILAR,0.8,Decision Tree Regressor,BayesSearchCV,1.4489810743574791,1.1233333333333335,18.226364688837375,0.0682957233345608
2576.448846028322,0.0,leukocytes,CAPILAR,0.8,Decision Tree Regressor,BayesSearchCV,1.4489810743574791,1.1233333333333335,18.226364688837375,0.0682957233345608
2578.377325703493,0.0,leukocytes,CAPILAR,0.8,Decision Tree Regressor,BayesSearchCV,1.4489810743574791,1.1233333333333335,18.226364688837375,0.0682957233345608
2580.305805378664,0.0,leukocytes,CAPILAR,0.8,Decision Tree Regressor,BayesSearchCV,1.4489810743574791,1.1233333333333335,18.226364688837375,0.0682957233345608
2582.234285053835,0.0,leukocytes,CAPILAR,0.8,Decision Tree Regressor,BayesSearchCV,1.4489810743574791,1.1233333333333335,18.226364688837375,0.0682957233345608
2584.162764729006,0.0,leukocytes,CAPILAR,0.8,Decision Tree Regressor,BayesSearchCV,1.4489810743574791,1.1233333333333335,18.226364688837375,0.0682957233345608
1849.412008488893,0.0023404059714304667,leukocytes,PLASMA,0.8,Decision Tree Regressor,BayesSearchCV,1.9765199223804952,1.6117360394235392,28.514613754771013,-0.4596107347850369
1847.483528813722,0.002316973581199691,leukocytes,PLASMA,0.8,Decision Tree Regressor,BayesSearchCV,1.9765199223804952,1.6117360394235392,28.514613754771013,-0.4596107347850369
1845.555049138551,0.002292380644948837,leukocytes,PLASMA,0.8,Decision Tree Regressor,BayesSearchCV,1.9765199223804952,1.6117360394235392,28.514613754771013,-0.4596107347850369
1843.62656946338,0.0022625485860528986,leukocytes,PLASMA,0.8,Decision Tree Regressor,BayesSearchCV,1.9765199223804952,1.6117360394235392,28.514613754771013,-0.4596107347850369
1841.698089788209,0.0022248160792578873,leukocytes,PLASMA,0.8,Decision Tree Regressor,BayesSearchCV,1.9765199223804952,1.6117360394235392,28.514613754771013,-0.4596107347850369
1839.769610113039,0.002196471569213999,leukocytes,PLASMA,0.8,Decision Tree Regressor,BayesSearchCV,1.9765199223804952,1.6117360394235392,28.514613754771013,-0.4596107347850369
3029.641569693484,0.002179636472844402,leukocytes,PLASMA,0.8,Decision Tree Regressor,BayesSearchCV,1.9765199223804952,1.6117360394235392,28.514613754771013,-0.4596107347850369
1837.841130437868,0.002178761146331135,leukocytes,PLASMA,0.8,Decision Tree Regressor,BayesSearchCV,1.9765199223804952,1.6117360394235392,28.514613754771013,-0.4596107347850369
1193.728918930787,0.0021770017563144577,leukocytes,PLASMA,0.8,Decision Tree Regressor,BayesSearchCV,1.9765199223804952,1.6117360394235392,28.514613754771013,-0.4596107347850369
1835.912650762697,0.0021704645776342325,leukocytes,PLASMA,0.8,Decision Tree Regressor,BayesSearchCV,1.9765199223804952,1.6117360394235392,28.514613754771013,-0.4596107347850369
1160.944764452882,0.0021624609823467952,leukocytes,PLASMA,0.8,Decision Tree Regressor,BayesSearchCV,1.9765199223804952,1.6117360394235392,28.514613754771013,-0.4596107347850369
1162.873244128053,0.0021578203058505224,leukocytes,PLASMA,0.8,Decision Tree Regressor,BayesSearchCV,1.9765199223804952,1.6117360394235392,28.514613754771013,-0.4596107347850369
1833.984171087526,0.002150460786221205,leukocytes,PLASMA,0.8,Decision Tree Regressor,BayesSearchCV,1.9765199223804952,1.6117360394235392,28.514613754771013,-0.4596107347850369
1159.016284777711,0.0021494545128120106,leukocytes,PLASMA,0.8,Decision Tree Regressor,BayesSearchCV,1.9765199223804952,1.6117360394235392,28.514613754771013,-0.4596107347850369
3031.570049368655,0.002127416658663254,leukocytes,PLASMA,0.8,Decision Tree Regressor,BayesSearchCV,1.9765199223804952,1.6117360394235392,28.514613754771013,-0.4596107347850369
1164.801723803224,0.002121864620548952,leukocytes,PLASMA,0.8,Decision Tree Regressor,BayesSearchCV,1.9765199223804952,1.6117360394235392,28.514613754771013,-0.4596107347850369
1751.059545055177,0.002113329419366968,leukocytes,PLASMA,0.8,Decision Tree Regressor,BayesSearchCV,1.9765199223804952,1.6117360394235392,28.514613754771013,-0.4596107347850369
1157.08780510254,0.0021131492698548532,leukocytes,PLASMA,0.8,Decision Tree Regressor,BayesSearchCV,1.9765199223804952,1.6117360394235392,28.514613754771013,-0.4596107347850369
1832.055691412355,0.0021126094971183913,leukocytes,PLASMA,0.8,Decision Tree Regressor,BayesSearchCV,1.9765199223804952,1.6117360394235392,28.514613754771013,-0.4596107347850369
1752.988024730348,0.0021086183076938565,leukocytes,PLASMA,0.8,Decision Tree Regressor,BayesSearchCV,1.9765199223804952,1.6117360394235392,28.514613754771013,-0.4596107347850369
1521.57046370984,0.3576871356453935,leukocytes,PLASMA,0.8,Decision Tree Regressor,BayesSearchCV,1.9638913369775846,1.5981998150137249,26.346953406485508,-0.4410185291862192
2861.863837953616,0.24265797846354056,leukocytes,PLASMA,0.8,Decision Tree Regressor,BayesSearchCV,1.9638913369775846,1.5981998150137249,26.346953406485508,-0.4410185291862192
1070.306219719849,0.17783183140024567,leukocytes,PLASMA,0.8,Decision Tree Regressor,BayesSearchCV,1.9638913369775846,1.5981998150137249,26.346953406485508,-0.4410185291862192
1400.076244174074,0.07282691684116306,leukocytes,PLASMA,0.8,Decision Tree Regressor,BayesSearchCV,1.9638913369775846,1.5981998150137249,26.346953406485508,-0.4410185291862192
1508.071105983644,0.05413321090072094,leukocytes,PLASMA,0.8,Decision Tree Regressor,BayesSearchCV,1.9638913369775846,1.5981998150137249,26.346953406485508,-0.4410185291862192
1679.705797073854,0.047669197687131994,leukocytes,PLASMA,0.8,Decision Tree Regressor,BayesSearchCV,1.9638913369775846,1.5981998150137249,26.346953406485508,-0.4410185291862192
3000.71437456592,0.04719372906180431,leukocytes,PLASMA,0.8,Decision Tree Regressor,BayesSearchCV,1.9638913369775846,1.5981998150137249,26.346953406485508,-0.4410185291862192
2582.234285053835,0.0,leukocytes,PLASMA,0.8,Decision Tree Regressor,BayesSearchCV,1.9638913369775846,1.5981998150137249,26.346953406485508,-0.4410185291862192
2562.949488302126,0.0,leukocytes,PLASMA,0.8,Decision Tree Regressor,BayesSearchCV,1.9638913369775846,1.5981998150137249,26.346953406485508,-0.4410185291862192
2547.521650900759,0.0,leukocytes,PLASMA,0.8,Decision Tree Regressor,BayesSearchCV,1.9638913369775846,1.5981998150137249,26.346953406485508,-0.4410185291862192
2549.45013057593,0.0,leukocytes,PLASMA,0.8,Decision Tree Regressor,BayesSearchCV,1.9638913369775846,1.5981998150137249,26.346953406485508,-0.4410185291862192
2551.378610251101,0.0,leukocytes,PLASMA,0.8,Decision Tree Regressor,BayesSearchCV,1.9638913369775846,1.5981998150137249,26.346953406485508,-0.4410185291862192
2553.307089926272,0.0,leukocytes,PLASMA,0.8,Decision Tree Regressor,BayesSearchCV,1.9638913369775846,1.5981998150137249,26.346953406485508,-0.4410185291862192
2555.235569601442,0.0,leukocytes,PLASMA,0.8,Decision Tree Regressor,BayesSearchCV,1.9638913369775846,1.5981998150137249,26.346953406485508,-0.4410185291862192
2557.164049276613,0.0,leukocytes,PLASMA,0.8,Decision Tree Regressor,BayesSearchCV,1.9638913369775846,1.5981998150137249,26.346953406485508,-0.4410185291862192
2559.092528951784,0.0,leukocytes,PLASMA,0.8,Decision Tree Regressor,BayesSearchCV,1.9638913369775846,1.5981998150137249,26.346953406485508,-0.4410185291862192
2561.021008626955,0.0,leukocytes,PLASMA,0.8,Decision Tree Regressor,BayesSearchCV,1.9638913369775846,1.5981998150137249,26.346953406485508,-0.4410185291862192
2564.877967977297,0.0,leukocytes,PLASMA,0.8,Decision Tree Regressor,BayesSearchCV,1.9638913369775846,1.5981998150137249,26.346953406485508,-0.4410185291862192
2580.305805378664,0.0,leukocytes,PLASMA,0.8,Decision Tree Regressor,BayesSearchCV,1.9638913369775846,1.5981998150137249,26.346953406485508,-0.4410185291862192
2505.095098046999,0.0,leukocytes,PLASMA,0.8,Decision Tree Regressor,BayesSearchCV,1.9638913369775846,1.5981998150137249,26.346953406485508,-0.4410185291862192
1849.412008488893,0.0023354135993360167,leukocytes,PLASMA,0.8,Decision Tree Regressor,BayesSearchCV,1.9562629949901011,1.5966356520463658,28.256518436202928,-0.42984557607613194
1847.483528813722,0.002312120217499533,leukocytes,PLASMA,0.8,Decision Tree Regressor,BayesSearchCV,1.9562629949901011,1.5966356520463658,28.256518436202928,-0.42984557607613194
1845.555049138551,0.002287706872824679,leukocytes,PLASMA,0.8,Decision Tree Regressor,BayesSearchCV,1.9562629949901011,1.5966356520463658,28.256518436202928,-0.42984557607613194
1843.62656946338,0.002258365595975951,leukocytes,PLASMA,0.8,Decision Tree Regressor,BayesSearchCV,1.9562629949901011,1.5966356520463658,28.256518436202928,-0.42984557607613194
1841.698089788209,0.0022213633964598594,leukocytes,PLASMA,0.8,Decision Tree Regressor,BayesSearchCV,1.9562629949901011,1.5966356520463658,28.256518436202928,-0.42984557607613194
1839.769610113039,0.0021933386539150753,leukocytes,PLASMA,0.8,Decision Tree Regressor,BayesSearchCV,1.9562629949901011,1.5966356520463658,28.256518436202928,-0.42984557607613194
1193.728918930787,0.0021848278274232496,leukocytes,PLASMA,0.8,Decision Tree Regressor,BayesSearchCV,1.9562629949901011,1.5966356520463658,28.256518436202928,-0.42984557607613194
3029.641569693484,0.0021771231463685765,leukocytes,PLASMA,0.8,Decision Tree Regressor,BayesSearchCV,1.9562629949901011,1.5966356520463658,28.256518436202928,-0.42984557607613194
1837.841130437868,0.0021755318762147653,leukocytes,PLASMA,0.8,Decision Tree Regressor,BayesSearchCV,1.9562629949901011,1.5966356520463658,28.256518436202928,-0.42984557607613194
1160.944764452882,0.0021673959826238043,leukocytes,PLASMA,0.8,Decision Tree Regressor,BayesSearchCV,1.9562629949901011,1.5966356520463658,28.256518436202928,-0.42984557607613194
1162.873244128053,0.002167283845502524,leukocytes,PLASMA,0.8,Decision Tree Regressor,BayesSearchCV,1.9562629949901011,1.5966356520463658,28.256518436202928,-0.42984557607613194
1835.912650762697,0.0021664347454692606,leukocytes,PLASMA,0.8,Decision Tree Regressor,BayesSearchCV,1.9562629949901011,1.5966356520463658,28.256518436202928,-0.42984557607613194
1159.016284777711,0.0021515332282611797,leukocytes,PLASMA,0.8,Decision Tree Regressor,BayesSearchCV,1.9562629949901011,1.5966356520463658,28.256518436202928,-0.42984557607613194
1833.984171087526,0.00214598416413785,leukocytes,PLASMA,0.8,Decision Tree Regressor,BayesSearchCV,1.9562629949901011,1.5966356520463658,28.256518436202928,-0.42984557607613194
1164.801723803224,0.0021368292064602988,leukocytes,PLASMA,0.8,Decision Tree Regressor,BayesSearchCV,1.9562629949901011,1.5966356520463658,28.256518436202928,-0.42984557607613194
3031.570049368655,0.002131448449591566,leukocytes,PLASMA,0.8,Decision Tree Regressor,BayesSearchCV,1.9562629949901011,1.5966356520463658,28.256518436202928,-0.42984557607613194
1751.059545055177,0.002118350011884127,leukocytes,PLASMA,0.8,Decision Tree Regressor,BayesSearchCV,1.9562629949901011,1.5966356520463658,28.256518436202928,-0.42984557607613194
1157.08780510254,0.002115154917943467,leukocytes,PLASMA,0.8,Decision Tree Regressor,BayesSearchCV,1.9562629949901011,1.5966356520463658,28.256518436202928,-0.42984557607613194
1752.988024730348,0.0021144815178765672,leukocytes,PLASMA,0.8,Decision Tree Regressor,BayesSearchCV,1.9562629949901011,1.5966356520463658,28.256518436202928,-0.42984557607613194
1832.055691412355,0.0021085328998155938,leukocytes,PLASMA,0.8,Decision Tree Regressor,BayesSearchCV,1.9562629949901011,1.5966356520463658,28.256518436202928,-0.42984557607613194
1521.57046370984,1.0,leukocytes,PLASMA,0.8,Decision Tree Regressor,BayesSearchCV,1.5574452524200377,1.2226190476190477,21.20142717625859,0.09372450993791925
929.5272034323739,0.0,leukocytes,PLASMA,0.8,Decision Tree Regressor,BayesSearchCV,1.5574452524200377,1.2226190476190477,21.20142717625859,0.09372450993791925
2547.521650900759,0.0,leukocytes,PLASMA,0.8,Decision Tree Regressor,BayesSearchCV,1.5574452524200377,1.2226190476190477,21.20142717625859,0.09372450993791925
2551.378610251101,0.0,leukocytes,PLASMA,0.8,Decision Tree Regressor,BayesSearchCV,1.5574452524200377,1.2226190476190477,21.20142717625859,0.09372450993791925
2553.307089926272,0.0,leukocytes,PLASMA,0.8,Decision Tree Regressor,BayesSearchCV,1.5574452524200377,1.2226190476190477,21.20142717625859,0.09372450993791925
2555.235569601442,0.0,leukocytes,PLASMA,0.8,Decision Tree Regressor,BayesSearchCV,1.5574452524200377,1.2226190476190477,21.20142717625859,0.09372450993791925
2557.164049276613,0.0,leukocytes,PLASMA,0.8,Decision Tree Regressor,BayesSearchCV,1.5574452524200377,1.2226190476190477,21.20142717625859,0.09372450993791925
2559.092528951784,0.0,leukocytes,PLASMA,0.8,Decision Tree Regressor,BayesSearchCV,1.5574452524200377,1.2226190476190477,21.20142717625859,0.09372450993791925
2561.021008626955,0.0,leukocytes,PLASMA,0.8,Decision Tree Regressor,BayesSearchCV,1.5574452524200377,1.2226190476190477,21.20142717625859,0.09372450993791925
2562.949488302126,0.0,leukocytes,PLASMA,0.8,Decision Tree Regressor,BayesSearchCV,1.5574452524200377,1.2226190476190477,21.20142717625859,0.09372450993791925
2564.877967977297,0.0,leukocytes,PLASMA,0.8,Decision Tree Regressor,BayesSearchCV,1.5574452524200377,1.2226190476190477,21.20142717625859,0.09372450993791925
2566.806447652468,0.0,leukocytes,PLASMA,0.8,Decision Tree Regressor,BayesSearchCV,1.5574452524200377,1.2226190476190477,21.20142717625859,0.09372450993791925
2568.734927327639,0.0,leukocytes,PLASMA,0.8,Decision Tree Regressor,BayesSearchCV,1.5574452524200377,1.2226190476190477,21.20142717625859,0.09372450993791925
2570.663407002809,0.0,leukocytes,PLASMA,0.8,Decision Tree Regressor,BayesSearchCV,1.5574452524200377,1.2226190476190477,21.20142717625859,0.09372450993791925
2572.59188667798,0.0,leukocytes,PLASMA,0.8,Decision Tree Regressor,BayesSearchCV,1.5574452524200377,1.2226190476190477,21.20142717625859,0.09372450993791925
2574.520366353152,0.0,leukocytes,PLASMA,0.8,Decision Tree Regressor,BayesSearchCV,1.5574452524200377,1.2226190476190477,21.20142717625859,0.09372450993791925
2576.448846028322,0.0,leukocytes,PLASMA,0.8,Decision Tree Regressor,BayesSearchCV,1.5574452524200377,1.2226190476190477,21.20142717625859,0.09372450993791925
2578.377325703493,0.0,leukocytes,PLASMA,0.8,Decision Tree Regressor,BayesSearchCV,1.5574452524200377,1.2226190476190477,21.20142717625859,0.09372450993791925
2580.305805378664,0.0,leukocytes,PLASMA,0.8,Decision Tree Regressor,BayesSearchCV,1.5574452524200377,1.2226190476190477,21.20142717625859,0.09372450993791925
2582.234285053835,0.0,leukocytes,PLASMA,0.8,Decision Tree Regressor,BayesSearchCV,1.5574452524200377,1.2226190476190477,21.20142717625859,0.09372450993791925
1743.345626354494,0.004545699336328393,leukocytes,SALIVA,0.8,Decision Tree Regressor,BayesSearchCV,1.802050404468024,1.4886020081650673,25.160429788578764,0.027770774569378154
1747.202585704835,0.004527974995869046,leukocytes,SALIVA,0.8,Decision Tree Regressor,BayesSearchCV,1.802050404468024,1.4886020081650673,25.160429788578764,0.027770774569378154
1745.274106029664,0.004526674247624361,leukocytes,SALIVA,0.8,Decision Tree Regressor,BayesSearchCV,1.802050404468024,1.4886020081650673,25.160429788578764,0.027770774569378154
1741.417146679323,0.004467445120277769,leukocytes,SALIVA,0.8,Decision Tree Regressor,BayesSearchCV,1.802050404468024,1.4886020081650673,25.160429788578764,0.027770774569378154
1749.131065380006,0.0044051213197631315,leukocytes,SALIVA,0.8,Decision Tree Regressor,BayesSearchCV,1.802050404468024,1.4886020081650673,25.160429788578764,0.027770774569378154
1751.059545055177,0.0042603169398251145,leukocytes,SALIVA,0.8,Decision Tree Regressor,BayesSearchCV,1.802050404468024,1.4886020081650673,25.160429788578764,0.027770774569378154
1752.988024730348,0.004082567959908345,leukocytes,SALIVA,0.8,Decision Tree Regressor,BayesSearchCV,1.802050404468024,1.4886020081650673,25.160429788578764,0.027770774569378154
3021.9276509928,0.0040423834544481,leukocytes,SALIVA,0.8,Decision Tree Regressor,BayesSearchCV,1.802050404468024,1.4886020081650673,25.160429788578764,0.027770774569378154
3023.856130667971,0.0040306468222549305,leukocytes,SALIVA,0.8,Decision Tree Regressor,BayesSearchCV,1.802050404468024,1.4886020081650673,25.160429788578764,0.027770774569378154
1739.488667004152,0.003997554553341212,leukocytes,SALIVA,0.8,Decision Tree Regressor,BayesSearchCV,1.802050404468024,1.4886020081650673,25.160429788578764,0.027770774569378154
1754.916504405519,0.00391592495022266,leukocytes,SALIVA,0.8,Decision Tree Regressor,BayesSearchCV,1.802050404468024,1.4886020081650673,25.160429788578764,0.027770774569378154
1758.773463755861,0.003896864599055501,leukocytes,SALIVA,0.8,Decision Tree Regressor,BayesSearchCV,1.802050404468024,1.4886020081650673,25.160429788578764,0.027770774569378154
1756.84498408069,0.003890499213722759,leukocytes,SALIVA,0.8,Decision Tree Regressor,BayesSearchCV,1.802050404468024,1.4886020081650673,25.160429788578764,0.027770774569378154
1760.701943431032,0.0038235902606638915,leukocytes,SALIVA,0.8,Decision Tree Regressor,BayesSearchCV,1.802050404468024,1.4886020081650673,25.160429788578764,0.027770774569378154
2705.656984264772,0.0037237432032285072,leukocytes,SALIVA,0.8,Decision Tree Regressor,BayesSearchCV,1.802050404468024,1.4886020081650673,25.160429788578764,0.027770774569378154
3019.999171317629,0.003721736878036697,leukocytes,SALIVA,0.8,Decision Tree Regressor,BayesSearchCV,1.802050404468024,1.4886020081650673,25.160429788578764,0.027770774569378154
1762.630423106202,0.003707199949464084,leukocytes,SALIVA,0.8,Decision Tree Regressor,BayesSearchCV,1.802050404468024,1.4886020081650673,25.160429788578764,0.027770774569378154
1764.558902781373,0.0036163554593713083,leukocytes,SALIVA,0.8,Decision Tree Regressor,BayesSearchCV,1.802050404468024,1.4886020081650673,25.160429788578764,0.027770774569378154
3025.784610343142,0.0035465604900682865,leukocytes,SALIVA,0.8,Decision Tree Regressor,BayesSearchCV,1.802050404468024,1.4886020081650673,25.160429788578764,0.027770774569378154
1766.487382456544,0.003539870912826744,leukocytes,SALIVA,0.8,Decision Tree Regressor,BayesSearchCV,1.802050404468024,1.4886020081650673,25.160429788578764,0.027770774569378154
3021.9276509928,1.0,leukocytes,SALIVA,0.8,Decision Tree Regressor,BayesSearchCV,1.7934276154873163,1.467568335208099,24.789081437130505,0.03705272403288917
929.5272034323739,0.0,leukocytes,SALIVA,0.8,Decision Tree Regressor,BayesSearchCV,1.7934276154873163,1.467568335208099,24.789081437130505,0.03705272403288917
2545.593171225588,0.0,leukocytes,SALIVA,0.8,Decision Tree Regressor,BayesSearchCV,1.7934276154873163,1.467568335208099,24.789081437130505,0.03705272403288917
2549.45013057593,0.0,leukocytes,SALIVA,0.8,Decision Tree Regressor,BayesSearchCV,1.7934276154873163,1.467568335208099,24.789081437130505,0.03705272403288917
2551.378610251101,0.0,leukocytes,SALIVA,0.8,Decision Tree Regressor,BayesSearchCV,1.7934276154873163,1.467568335208099,24.789081437130505,0.03705272403288917
2553.307089926272,0.0,leukocytes,SALIVA,0.8,Decision Tree Regressor,BayesSearchCV,1.7934276154873163,1.467568335208099,24.789081437130505,0.03705272403288917
2555.235569601442,0.0,leukocytes,SALIVA,0.8,Decision Tree Regressor,BayesSearchCV,1.7934276154873163,1.467568335208099,24.789081437130505,0.03705272403288917
2557.164049276613,0.0,leukocytes,SALIVA,0.8,Decision Tree Regressor,BayesSearchCV,1.7934276154873163,1.467568335208099,24.789081437130505,0.03705272403288917
2559.092528951784,0.0,leukocytes,SALIVA,0.8,Decision Tree Regressor,BayesSearchCV,1.7934276154873163,1.467568335208099,24.789081437130505,0.03705272403288917
2561.021008626955,0.0,leukocytes,SALIVA,0.8,Decision Tree Regressor,BayesSearchCV,1.7934276154873163,1.467568335208099,24.789081437130505,0.03705272403288917
2562.949488302126,0.0,leukocytes,SALIVA,0.8,Decision Tree Regressor,BayesSearchCV,1.7934276154873163,1.467568335208099,24.789081437130505,0.03705272403288917
2564.877967977297,0.0,leukocytes,SALIVA,0.8,Decision Tree Regressor,BayesSearchCV,1.7934276154873163,1.467568335208099,24.789081437130505,0.03705272403288917
2566.806447652468,0.0,leukocytes,SALIVA,0.8,Decision Tree Regressor,BayesSearchCV,1.7934276154873163,1.467568335208099,24.789081437130505,0.03705272403288917
2568.734927327639,0.0,leukocytes,SALIVA,0.8,Decision Tree Regressor,BayesSearchCV,1.7934276154873163,1.467568335208099,24.789081437130505,0.03705272403288917
2570.663407002809,0.0,leukocytes,SALIVA,0.8,Decision Tree Regressor,BayesSearchCV,1.7934276154873163,1.467568335208099,24.789081437130505,0.03705272403288917
2572.59188667798,0.0,leukocytes,SALIVA,0.8,Decision Tree Regressor,BayesSearchCV,1.7934276154873163,1.467568335208099,24.789081437130505,0.03705272403288917
2574.520366353152,0.0,leukocytes,SALIVA,0.8,Decision Tree Regressor,BayesSearchCV,1.7934276154873163,1.467568335208099,24.789081437130505,0.03705272403288917
2576.448846028322,0.0,leukocytes,SALIVA,0.8,Decision Tree Regressor,BayesSearchCV,1.7934276154873163,1.467568335208099,24.789081437130505,0.03705272403288917
2578.377325703493,0.0,leukocytes,SALIVA,0.8,Decision Tree Regressor,BayesSearchCV,1.7934276154873163,1.467568335208099,24.789081437130505,0.03705272403288917
2580.305805378664,0.0,leukocytes,SALIVA,0.8,Decision Tree Regressor,BayesSearchCV,1.7934276154873163,1.467568335208099,24.789081437130505,0.03705272403288917
1743.345626354494,0.0045456993363283925,leukocytes,SALIVA,0.8,Decision Tree Regressor,BayesSearchCV,1.802050404468024,1.4886020081650673,25.160429788578764,0.027770774569378154
1747.202585704835,0.004527974995869046,leukocytes,SALIVA,0.8,Decision Tree Regressor,BayesSearchCV,1.802050404468024,1.4886020081650673,25.160429788578764,0.027770774569378154
1745.274106029664,0.004526674247624361,leukocytes,SALIVA,0.8,Decision Tree Regressor,BayesSearchCV,1.802050404468024,1.4886020081650673,25.160429788578764,0.027770774569378154
1741.417146679323,0.004467445120277769,leukocytes,SALIVA,0.8,Decision Tree Regressor,BayesSearchCV,1.802050404468024,1.4886020081650673,25.160429788578764,0.027770774569378154
1749.131065380006,0.004405121319763132,leukocytes,SALIVA,0.8,Decision Tree Regressor,BayesSearchCV,1.802050404468024,1.4886020081650673,25.160429788578764,0.027770774569378154
1751.059545055177,0.004260316939825114,leukocytes,SALIVA,0.8,Decision Tree Regressor,BayesSearchCV,1.802050404468024,1.4886020081650673,25.160429788578764,0.027770774569378154
1752.988024730348,0.004082567959908345,leukocytes,SALIVA,0.8,Decision Tree Regressor,BayesSearchCV,1.802050404468024,1.4886020081650673,25.160429788578764,0.027770774569378154
3021.9276509928,0.0040423834544481,leukocytes,SALIVA,0.8,Decision Tree Regressor,BayesSearchCV,1.802050404468024,1.4886020081650673,25.160429788578764,0.027770774569378154
3023.856130667971,0.00403064682225493,leukocytes,SALIVA,0.8,Decision Tree Regressor,BayesSearchCV,1.802050404468024,1.4886020081650673,25.160429788578764,0.027770774569378154
1739.488667004152,0.003997554553341211,leukocytes,SALIVA,0.8,Decision Tree Regressor,BayesSearchCV,1.802050404468024,1.4886020081650673,25.160429788578764,0.027770774569378154
1754.916504405519,0.00391592495022266,leukocytes,SALIVA,0.8,Decision Tree Regressor,BayesSearchCV,1.802050404468024,1.4886020081650673,25.160429788578764,0.027770774569378154
1758.773463755861,0.003896864599055501,leukocytes,SALIVA,0.8,Decision Tree Regressor,BayesSearchCV,1.802050404468024,1.4886020081650673,25.160429788578764,0.027770774569378154
1756.84498408069,0.003890499213722759,leukocytes,SALIVA,0.8,Decision Tree Regressor,BayesSearchCV,1.802050404468024,1.4886020081650673,25.160429788578764,0.027770774569378154
1760.701943431032,0.0038235902606638915,leukocytes,SALIVA,0.8,Decision Tree Regressor,BayesSearchCV,1.802050404468024,1.4886020081650673,25.160429788578764,0.027770774569378154
2705.656984264772,0.003723743203228506,leukocytes,SALIVA,0.8,Decision Tree Regressor,BayesSearchCV,1.802050404468024,1.4886020081650673,25.160429788578764,0.027770774569378154
3019.999171317629,0.0037217368780366957,leukocytes,SALIVA,0.8,Decision Tree Regressor,BayesSearchCV,1.802050404468024,1.4886020081650673,25.160429788578764,0.027770774569378154
1762.630423106202,0.0037071999494640837,leukocytes,SALIVA,0.8,Decision Tree Regressor,BayesSearchCV,1.802050404468024,1.4886020081650673,25.160429788578764,0.027770774569378154
1764.558902781373,0.003616355459371307,leukocytes,SALIVA,0.8,Decision Tree Regressor,BayesSearchCV,1.802050404468024,1.4886020081650673,25.160429788578764,0.027770774569378154
3025.784610343142,0.003546560490068286,leukocytes,SALIVA,0.8,Decision Tree Regressor,BayesSearchCV,1.802050404468024,1.4886020081650673,25.160429788578764,0.027770774569378154
1766.487382456544,0.0035398709128267427,leukocytes,SALIVA,0.8,Decision Tree Regressor,BayesSearchCV,1.802050404468024,1.4886020081650673,25.160429788578764,0.027770774569378154
3021.9276509928,1.0,leukocytes,SALIVA,0.8,Decision Tree Regressor,BayesSearchCV,1.7934276154873163,1.467568335208099,24.789081437130505,0.03705272403288917
929.5272034323739,0.0,leukocytes,SALIVA,0.8,Decision Tree Regressor,BayesSearchCV,1.7934276154873163,1.467568335208099,24.789081437130505,0.03705272403288917
2545.593171225588,0.0,leukocytes,SALIVA,0.8,Decision Tree Regressor,BayesSearchCV,1.7934276154873163,1.467568335208099,24.789081437130505,0.03705272403288917
2549.45013057593,0.0,leukocytes,SALIVA,0.8,Decision Tree Regressor,BayesSearchCV,1.7934276154873163,1.467568335208099,24.789081437130505,0.03705272403288917
2551.378610251101,0.0,leukocytes,SALIVA,0.8,Decision Tree Regressor,BayesSearchCV,1.7934276154873163,1.467568335208099,24.789081437130505,0.03705272403288917
2553.307089926272,0.0,leukocytes,SALIVA,0.8,Decision Tree Regressor,BayesSearchCV,1.7934276154873163,1.467568335208099,24.789081437130505,0.03705272403288917
2555.235569601442,0.0,leukocytes,SALIVA,0.8,Decision Tree Regressor,BayesSearchCV,1.7934276154873163,1.467568335208099,24.789081437130505,0.03705272403288917
2557.164049276613,0.0,leukocytes,SALIVA,0.8,Decision Tree Regressor,BayesSearchCV,1.7934276154873163,1.467568335208099,24.789081437130505,0.03705272403288917
2559.092528951784,0.0,leukocytes,SALIVA,0.8,Decision Tree Regressor,BayesSearchCV,1.7934276154873163,1.467568335208099,24.789081437130505,0.03705272403288917
2561.021008626955,0.0,leukocytes,SALIVA,0.8,Decision Tree Regressor,BayesSearchCV,1.7934276154873163,1.467568335208099,24.789081437130505,0.03705272403288917
2562.949488302126,0.0,leukocytes,SALIVA,0.8,Decision Tree Regressor,BayesSearchCV,1.7934276154873163,1.467568335208099,24.789081437130505,0.03705272403288917
2564.877967977297,0.0,leukocytes,SALIVA,0.8,Decision Tree Regressor,BayesSearchCV,1.7934276154873163,1.467568335208099,24.789081437130505,0.03705272403288917
2566.806447652468,0.0,leukocytes,SALIVA,0.8,Decision Tree Regressor,BayesSearchCV,1.7934276154873163,1.467568335208099,24.789081437130505,0.03705272403288917
2568.734927327639,0.0,leukocytes,SALIVA,0.8,Decision Tree Regressor,BayesSearchCV,1.7934276154873163,1.467568335208099,24.789081437130505,0.03705272403288917
2570.663407002809,0.0,leukocytes,SALIVA,0.8,Decision Tree Regressor,BayesSearchCV,1.7934276154873163,1.467568335208099,24.789081437130505,0.03705272403288917
2572.59188667798,0.0,leukocytes,SALIVA,0.8,Decision Tree Regressor,BayesSearchCV,1.7934276154873163,1.467568335208099,24.789081437130505,0.03705272403288917
2574.520366353152,0.0,leukocytes,SALIVA,0.8,Decision Tree Regressor,BayesSearchCV,1.7934276154873163,1.467568335208099,24.789081437130505,0.03705272403288917
2576.448846028322,0.0,leukocytes,SALIVA,0.8,Decision Tree Regressor,BayesSearchCV,1.7934276154873163,1.467568335208099,24.789081437130505,0.03705272403288917
2578.377325703493,0.0,leukocytes,SALIVA,0.8,Decision Tree Regressor,BayesSearchCV,1.7934276154873163,1.467568335208099,24.789081437130505,0.03705272403288917
2580.305805378664,0.0,leukocytes,SALIVA,0.8,Decision Tree Regressor,BayesSearchCV,1.7934276154873163,1.467568335208099,24.789081437130505,0.03705272403288917
1388.505366123048,0.008499298753673612,leukocytes,SERUM,0.8,Decision Tree Regressor,BayesSearchCV,1.7861127845573346,1.4627525812422872,21.89830533083818,-0.16405022323094842
1390.433845798219,0.008021161231575381,leukocytes,SERUM,0.8,Decision Tree Regressor,BayesSearchCV,1.7861127845573346,1.4627525812422872,21.89830533083818,-0.16405022323094842
1386.576886447877,0.007624925075159524,leukocytes,SERUM,0.8,Decision Tree Regressor,BayesSearchCV,1.7861127845573346,1.4627525812422872,21.89830533083818,-0.16405022323094842
1392.36232547339,0.007272529824083297,leukocytes,SERUM,0.8,Decision Tree Regressor,BayesSearchCV,1.7861127845573346,1.4627525812422872,21.89830533083818,-0.16405022323094842
1394.290805148561,0.006767834400240604,leukocytes,SERUM,0.8,Decision Tree Regressor,BayesSearchCV,1.7861127845573346,1.4627525812422872,21.89830533083818,-0.16405022323094842
1396.219284823732,0.006313327270597787,leukocytes,SERUM,0.8,Decision Tree Regressor,BayesSearchCV,1.7861127845573346,1.4627525812422872,21.89830533083818,-0.16405022323094842
1398.147764498902,0.005912279908743661,leukocytes,SERUM,0.8,Decision Tree Regressor,BayesSearchCV,1.7861127845573346,1.4627525812422872,21.89830533083818,-0.16405022323094842
1400.076244174074,0.0055820970068437975,leukocytes,SERUM,0.8,Decision Tree Regressor,BayesSearchCV,1.7861127845573346,1.4627525812422872,21.89830533083818,-0.16405022323094842
1384.648406772706,0.005393449766115776,leukocytes,SERUM,0.8,Decision Tree Regressor,BayesSearchCV,1.7861127845573346,1.4627525812422872,21.89830533083818,-0.16405022323094842
1402.004723849244,0.005333809130820224,leukocytes,SERUM,0.8,Decision Tree Regressor,BayesSearchCV,1.7861127845573346,1.4627525812422872,21.89830533083818,-0.16405022323094842
1403.933203524415,0.005098322735650389,leukocytes,SERUM,0.8,Decision Tree Regressor,BayesSearchCV,1.7861127845573346,1.4627525812422872,21.89830533083818,-0.16405022323094842
1405.861683199586,0.004904944319619841,leukocytes,SERUM,0.8,Decision Tree Regressor,BayesSearchCV,1.7861127845573346,1.4627525812422872,21.89830533083818,-0.16405022323094842
1427.074959626466,0.004815779969977634,leukocytes,SERUM,0.8,Decision Tree Regressor,BayesSearchCV,1.7861127845573346,1.4627525812422872,21.89830533083818,-0.16405022323094842
1429.003439301637,0.004784067192448425,leukocytes,SERUM,0.8,Decision Tree Regressor,BayesSearchCV,1.7861127845573346,1.4627525812422872,21.89830533083818,-0.16405022323094842
1425.146479951295,0.0047692009620429856,leukocytes,SERUM,0.8,Decision Tree Regressor,BayesSearchCV,1.7861127845573346,1.4627525812422872,21.89830533083818,-0.16405022323094842
1430.931918976808,0.004719261007965512,leukocytes,SERUM,0.8,Decision Tree Regressor,BayesSearchCV,1.7861127845573346,1.4627525812422872,21.89830533083818,-0.16405022323094842
1407.790162874757,0.0047123061823979955,leukocytes,SERUM,0.8,Decision Tree Regressor,BayesSearchCV,1.7861127845573346,1.4627525812422872,21.89830533083818,-0.16405022323094842
1423.218000276124,0.004676842400688941,leukocytes,SERUM,0.8,Decision Tree Regressor,BayesSearchCV,1.7861127845573346,1.4627525812422872,21.89830533083818,-0.16405022323094842
1432.860398651979,0.00465845979995309,leukocytes,SERUM,0.8,Decision Tree Regressor,BayesSearchCV,1.7861127845573346,1.4627525812422872,21.89830533083818,-0.16405022323094842
1409.718642549928,0.004499377276170955,leukocytes,SERUM,0.8,Decision Tree Regressor,BayesSearchCV,1.7861127845573346,1.4627525812422872,21.89830533083818,-0.16405022323094842
1521.57046370984,1.0,leukocytes,SERUM,0.8,Decision Tree Regressor,BayesSearchCV,1.5867424316025835,1.226992951907131,18.642021945217678,0.08131456434637285
929.5272034323739,0.0,leukocytes,SERUM,0.8,Decision Tree Regressor,BayesSearchCV,1.5867424316025835,1.226992951907131,18.642021945217678,0.08131456434637285
2547.521650900759,0.0,leukocytes,SERUM,0.8,Decision Tree Regressor,BayesSearchCV,1.5867424316025835,1.226992951907131,18.642021945217678,0.08131456434637285
2551.378610251101,0.0,leukocytes,SERUM,0.8,Decision Tree Regressor,BayesSearchCV,1.5867424316025835,1.226992951907131,18.642021945217678,0.08131456434637285
2553.307089926272,0.0,leukocytes,SERUM,0.8,Decision Tree Regressor,BayesSearchCV,1.5867424316025835,1.226992951907131,18.642021945217678,0.08131456434637285
2555.235569601442,0.0,leukocytes,SERUM,0.8,Decision Tree Regressor,BayesSearchCV,1.5867424316025835,1.226992951907131,18.642021945217678,0.08131456434637285
2557.164049276613,0.0,leukocytes,SERUM,0.8,Decision Tree Regressor,BayesSearchCV,1.5867424316025835,1.226992951907131,18.642021945217678,0.08131456434637285
2559.092528951784,0.0,leukocytes,SERUM,0.8,Decision Tree Regressor,BayesSearchCV,1.5867424316025835,1.226992951907131,18.642021945217678,0.08131456434637285
2561.021008626955,0.0,leukocytes,SERUM,0.8,Decision Tree Regressor,BayesSearchCV,1.5867424316025835,1.226992951907131,18.642021945217678,0.08131456434637285
2562.949488302126,0.0,leukocytes,SERUM,0.8,Decision Tree Regressor,BayesSearchCV,1.5867424316025835,1.226992951907131,18.642021945217678,0.08131456434637285
2564.877967977297,0.0,leukocytes,SERUM,0.8,Decision Tree Regressor,BayesSearchCV,1.5867424316025835,1.226992951907131,18.642021945217678,0.08131456434637285
2566.806447652468,0.0,leukocytes,SERUM,0.8,Decision Tree Regressor,BayesSearchCV,1.5867424316025835,1.226992951907131,18.642021945217678,0.08131456434637285
2568.734927327639,0.0,leukocytes,SERUM,0.8,Decision Tree Regressor,BayesSearchCV,1.5867424316025835,1.226992951907131,18.642021945217678,0.08131456434637285
2570.663407002809,0.0,leukocytes,SERUM,0.8,Decision Tree Regressor,BayesSearchCV,1.5867424316025835,1.226992951907131,18.642021945217678,0.08131456434637285
2572.59188667798,0.0,leukocytes,SERUM,0.8,Decision Tree Regressor,BayesSearchCV,1.5867424316025835,1.226992951907131,18.642021945217678,0.08131456434637285
2574.520366353152,0.0,leukocytes,SERUM,0.8,Decision Tree Regressor,BayesSearchCV,1.5867424316025835,1.226992951907131,18.642021945217678,0.08131456434637285
2576.448846028322,0.0,leukocytes,SERUM,0.8,Decision Tree Regressor,BayesSearchCV,1.5867424316025835,1.226992951907131,18.642021945217678,0.08131456434637285
2578.377325703493,0.0,leukocytes,SERUM,0.8,Decision Tree Regressor,BayesSearchCV,1.5867424316025835,1.226992951907131,18.642021945217678,0.08131456434637285
2580.305805378664,0.0,leukocytes,SERUM,0.8,Decision Tree Regressor,BayesSearchCV,1.5867424316025835,1.226992951907131,18.642021945217678,0.08131456434637285
2582.234285053835,0.0,leukocytes,SERUM,0.8,Decision Tree Regressor,BayesSearchCV,1.5867424316025835,1.226992951907131,18.642021945217678,0.08131456434637285
1388.505366123048,0.008499298753673612,leukocytes,SERUM,0.8,Decision Tree Regressor,BayesSearchCV,1.7861127845573346,1.4627525812422872,21.89830533083818,-0.16405022323094842
1390.433845798219,0.008021161231575383,leukocytes,SERUM,0.8,Decision Tree Regressor,BayesSearchCV,1.7861127845573346,1.4627525812422872,21.89830533083818,-0.16405022323094842
1386.576886447877,0.007624925075159521,leukocytes,SERUM,0.8,Decision Tree Regressor,BayesSearchCV,1.7861127845573346,1.4627525812422872,21.89830533083818,-0.16405022323094842
1392.36232547339,0.007272529824083299,leukocytes,SERUM,0.8,Decision Tree Regressor,BayesSearchCV,1.7861127845573346,1.4627525812422872,21.89830533083818,-0.16405022323094842
1394.290805148561,0.006767834400240605,leukocytes,SERUM,0.8,Decision Tree Regressor,BayesSearchCV,1.7861127845573346,1.4627525812422872,21.89830533083818,-0.16405022323094842
1396.219284823732,0.006313327270597786,leukocytes,SERUM,0.8,Decision Tree Regressor,BayesSearchCV,1.7861127845573346,1.4627525812422872,21.89830533083818,-0.16405022323094842
1398.147764498902,0.005912279908743661,leukocytes,SERUM,0.8,Decision Tree Regressor,BayesSearchCV,1.7861127845573346,1.4627525812422872,21.89830533083818,-0.16405022323094842
1400.076244174074,0.0055820970068437975,leukocytes,SERUM,0.8,Decision Tree Regressor,BayesSearchCV,1.7861127845573346,1.4627525812422872,21.89830533083818,-0.16405022323094842
1384.648406772706,0.005393449766115773,leukocytes,SERUM,0.8,Decision Tree Regressor,BayesSearchCV,1.7861127845573346,1.4627525812422872,21.89830533083818,-0.16405022323094842
1402.004723849244,0.005333809130820223,leukocytes,SERUM,0.8,Decision Tree Regressor,BayesSearchCV,1.7861127845573346,1.4627525812422872,21.89830533083818,-0.16405022323094842
1403.933203524415,0.005098322735650391,leukocytes,SERUM,0.8,Decision Tree Regressor,BayesSearchCV,1.7861127845573346,1.4627525812422872,21.89830533083818,-0.16405022323094842
1405.861683199586,0.00490494431961984,leukocytes,SERUM,0.8,Decision Tree Regressor,BayesSearchCV,1.7861127845573346,1.4627525812422872,21.89830533083818,-0.16405022323094842
1427.074959626466,0.004815779969977632,leukocytes,SERUM,0.8,Decision Tree Regressor,BayesSearchCV,1.7861127845573346,1.4627525812422872,21.89830533083818,-0.16405022323094842
1429.003439301637,0.004784067192448424,leukocytes,SERUM,0.8,Decision Tree Regressor,BayesSearchCV,1.7861127845573346,1.4627525812422872,21.89830533083818,-0.16405022323094842
1425.146479951295,0.0047692009620429856,leukocytes,SERUM,0.8,Decision Tree Regressor,BayesSearchCV,1.7861127845573346,1.4627525812422872,21.89830533083818,-0.16405022323094842
1430.931918976808,0.004719261007965511,leukocytes,SERUM,0.8,Decision Tree Regressor,BayesSearchCV,1.7861127845573346,1.4627525812422872,21.89830533083818,-0.16405022323094842
1407.790162874757,0.0047123061823979955,leukocytes,SERUM,0.8,Decision Tree Regressor,BayesSearchCV,1.7861127845573346,1.4627525812422872,21.89830533083818,-0.16405022323094842
1423.218000276124,0.004676842400688941,leukocytes,SERUM,0.8,Decision Tree Regressor,BayesSearchCV,1.7861127845573346,1.4627525812422872,21.89830533083818,-0.16405022323094842
1432.860398651979,0.004658459799953091,leukocytes,SERUM,0.8,Decision Tree Regressor,BayesSearchCV,1.7861127845573346,1.4627525812422872,21.89830533083818,-0.16405022323094842
1409.718642549928,0.004499377276170954,leukocytes,SERUM,0.8,Decision Tree Regressor,BayesSearchCV,1.7861127845573346,1.4627525812422872,21.89830533083818,-0.16405022323094842
1521.57046370984,1.0,leukocytes,SERUM,0.8,Decision Tree Regressor,BayesSearchCV,1.5867424316025835,1.226992951907131,18.642021945217678,0.08131456434637285
929.5272034323739,0.0,leukocytes,SERUM,0.8,Decision Tree Regressor,BayesSearchCV,1.5867424316025835,1.226992951907131,18.642021945217678,0.08131456434637285
2547.521650900759,0.0,leukocytes,SERUM,0.8,Decision Tree Regressor,BayesSearchCV,1.5867424316025835,1.226992951907131,18.642021945217678,0.08131456434637285
2551.378610251101,0.0,leukocytes,SERUM,0.8,Decision Tree Regressor,BayesSearchCV,1.5867424316025835,1.226992951907131,18.642021945217678,0.08131456434637285
2553.307089926272,0.0,leukocytes,SERUM,0.8,Decision Tree Regressor,BayesSearchCV,1.5867424316025835,1.226992951907131,18.642021945217678,0.08131456434637285
2555.235569601442,0.0,leukocytes,SERUM,0.8,Decision Tree Regressor,BayesSearchCV,1.5867424316025835,1.226992951907131,18.642021945217678,0.08131456434637285
2557.164049276613,0.0,leukocytes,SERUM,0.8,Decision Tree Regressor,BayesSearchCV,1.5867424316025835,1.226992951907131,18.642021945217678,0.08131456434637285
2559.092528951784,0.0,leukocytes,SERUM,0.8,Decision Tree Regressor,BayesSearchCV,1.5867424316025835,1.226992951907131,18.642021945217678,0.08131456434637285
2561.021008626955,0.0,leukocytes,SERUM,0.8,Decision Tree Regressor,BayesSearchCV,1.5867424316025835,1.226992951907131,18.642021945217678,0.08131456434637285
2562.949488302126,0.0,leukocytes,SERUM,0.8,Decision Tree Regressor,BayesSearchCV,1.5867424316025835,1.226992951907131,18.642021945217678,0.08131456434637285
2564.877967977297,0.0,leukocytes,SERUM,0.8,Decision Tree Regressor,BayesSearchCV,1.5867424316025835,1.226992951907131,18.642021945217678,0.08131456434637285
2566.806447652468,0.0,leukocytes,SERUM,0.8,Decision Tree Regressor,BayesSearchCV,1.5867424316025835,1.226992951907131,18.642021945217678,0.08131456434637285
2568.734927327639,0.0,leukocytes,SERUM,0.8,Decision Tree Regressor,BayesSearchCV,1.5867424316025835,1.226992951907131,18.642021945217678,0.08131456434637285
2570.663407002809,0.0,leukocytes,SERUM,0.8,Decision Tree Regressor,BayesSearchCV,1.5867424316025835,1.226992951907131,18.642021945217678,0.08131456434637285
2572.59188667798,0.0,leukocytes,SERUM,0.8,Decision Tree Regressor,BayesSearchCV,1.5867424316025835,1.226992951907131,18.642021945217678,0.08131456434637285
2574.520366353152,0.0,leukocytes,SERUM,0.8,Decision Tree Regressor,BayesSearchCV,1.5867424316025835,1.226992951907131,18.642021945217678,0.08131456434637285
2576.448846028322,0.0,leukocytes,SERUM,0.8,Decision Tree Regressor,BayesSearchCV,1.5867424316025835,1.226992951907131,18.642021945217678,0.08131456434637285
2578.377325703493,0.0,leukocytes,SERUM,0.8,Decision Tree Regressor,BayesSearchCV,1.5867424316025835,1.226992951907131,18.642021945217678,0.08131456434637285
2580.305805378664,0.0,leukocytes,SERUM,0.8,Decision Tree Regressor,BayesSearchCV,1.5867424316025835,1.226992951907131,18.642021945217678,0.08131456434637285
2582.234285053835,0.0,leukocytes,SERUM,0.8,Decision Tree Regressor,BayesSearchCV,1.5867424316025835,1.226992951907131,18.642021945217678,0.08131456434637285
1691.276675124879,0.003944413947278173,leukocytes,URINE,0.8,Decision Tree Regressor,BayesSearchCV,1.754000119160836,1.3443765496029882,19.167397844678373,-0.14886646833502848
1687.419715774538,0.0038279992742544476,leukocytes,URINE,0.8,Decision Tree Regressor,BayesSearchCV,1.754000119160836,1.3443765496029882,19.167397844678373,-0.14886646833502848
1689.348195449708,0.0038137379810161535,leukocytes,URINE,0.8,Decision Tree Regressor,BayesSearchCV,1.754000119160836,1.3443765496029882,19.167397844678373,-0.14886646833502848
1685.491236099367,0.0037642354046263367,leukocytes,URINE,0.8,Decision Tree Regressor,BayesSearchCV,1.754000119160836,1.3443765496029882,19.167397844678373,-0.14886646833502848
1693.20515480005,0.003631048433818638,leukocytes,URINE,0.8,Decision Tree Regressor,BayesSearchCV,1.754000119160836,1.3443765496029882,19.167397844678373,-0.14886646833502848
1683.562756424196,0.003405078101523487,leukocytes,URINE,0.8,Decision Tree Regressor,BayesSearchCV,1.754000119160836,1.3443765496029882,19.167397844678373,-0.14886646833502848
2886.934073730837,0.003404735711034944,leukocytes,URINE,0.8,Decision Tree Regressor,BayesSearchCV,1.754000119160836,1.3443765496029882,19.167397844678373,-0.14886646833502848
2883.077114380495,0.0034046851797663014,leukocytes,URINE,0.8,Decision Tree Regressor,BayesSearchCV,1.754000119160836,1.3443765496029882,19.167397844678373,-0.14886646833502848
2881.148634705325,0.0034045783443910067,leukocytes,URINE,0.8,Decision Tree Regressor,BayesSearchCV,1.754000119160836,1.3443765496029882,19.167397844678373,-0.14886646833502848
2885.005594055666,0.00340361219408748,leukocytes,URINE,0.8,Decision Tree Regressor,BayesSearchCV,1.754000119160836,1.3443765496029882,19.167397844678373,-0.14886646833502848
2888.862553406008,0.0033962611367408446,leukocytes,URINE,0.8,Decision Tree Regressor,BayesSearchCV,1.754000119160836,1.3443765496029882,19.167397844678373,-0.14886646833502848
2879.220155030153,0.003392519740052861,leukocytes,URINE,0.8,Decision Tree Regressor,BayesSearchCV,1.754000119160836,1.3443765496029882,19.167397844678373,-0.14886646833502848
2877.291675354983,0.0033827126552580166,leukocytes,URINE,0.8,Decision Tree Regressor,BayesSearchCV,1.754000119160836,1.3443765496029882,19.167397844678373,-0.14886646833502848
2890.791033081179,0.0033807577093473225,leukocytes,URINE,0.8,Decision Tree Regressor,BayesSearchCV,1.754000119160836,1.3443765496029882,19.167397844678373,-0.14886646833502848
2875.363195679812,0.0033755278705576747,leukocytes,URINE,0.8,Decision Tree Regressor,BayesSearchCV,1.754000119160836,1.3443765496029882,19.167397844678373,-0.14886646833502848
1695.133634475221,0.003373298402716808,leukocytes,URINE,0.8,Decision Tree Regressor,BayesSearchCV,1.754000119160836,1.3443765496029882,19.167397844678373,-0.14886646833502848
2873.434716004641,0.003364734144030733,leukocytes,URINE,0.8,Decision Tree Regressor,BayesSearchCV,1.754000119160836,1.3443765496029882,19.167397844678373,-0.14886646833502848
2871.50623632947,0.003363672525892081,leukocytes,URINE,0.8,Decision Tree Regressor,BayesSearchCV,1.754000119160836,1.3443765496029882,19.167397844678373,-0.14886646833502848
2844.507520877077,0.003361610197344939,leukocytes,URINE,0.8,Decision Tree Regressor,BayesSearchCV,1.754000119160836,1.3443765496029882,19.167397844678373,-0.14886646833502848
2869.577756654299,0.0033608402587729934,leukocytes,URINE,0.8,Decision Tree Regressor,BayesSearchCV,1.754000119160836,1.3443765496029882,19.167397844678373,-0.14886646833502848
1629.56532551941,1.0,leukocytes,URINE,0.8,Decision Tree Regressor,BayesSearchCV,1.9643198903383703,1.4236842105263159,19.42201801539036,-0.4409029994988163
929.5272034323739,0.0,leukocytes,URINE,0.8,Decision Tree Regressor,BayesSearchCV,1.9643198903383703,1.4236842105263159,19.42201801539036,-0.4409029994988163
2547.521650900759,0.0,leukocytes,URINE,0.8,Decision Tree Regressor,BayesSearchCV,1.9643198903383703,1.4236842105263159,19.42201801539036,-0.4409029994988163
2551.378610251101,0.0,leukocytes,URINE,0.8,Decision Tree Regressor,BayesSearchCV,1.9643198903383703,1.4236842105263159,19.42201801539036,-0.4409029994988163
2553.307089926272,0.0,leukocytes,URINE,0.8,Decision Tree Regressor,BayesSearchCV,1.9643198903383703,1.4236842105263159,19.42201801539036,-0.4409029994988163
2555.235569601442,0.0,leukocytes,URINE,0.8,Decision Tree Regressor,BayesSearchCV,1.9643198903383703,1.4236842105263159,19.42201801539036,-0.4409029994988163
2557.164049276613,0.0,leukocytes,URINE,0.8,Decision Tree Regressor,BayesSearchCV,1.9643198903383703,1.4236842105263159,19.42201801539036,-0.4409029994988163
2559.092528951784,0.0,leukocytes,URINE,0.8,Decision Tree Regressor,BayesSearchCV,1.9643198903383703,1.4236842105263159,19.42201801539036,-0.4409029994988163
2561.021008626955,0.0,leukocytes,URINE,0.8,Decision Tree Regressor,BayesSearchCV,1.9643198903383703,1.4236842105263159,19.42201801539036,-0.4409029994988163
2562.949488302126,0.0,leukocytes,URINE,0.8,Decision Tree Regressor,BayesSearchCV,1.9643198903383703,1.4236842105263159,19.42201801539036,-0.4409029994988163
2564.877967977297,0.0,leukocytes,URINE,0.8,Decision Tree Regressor,BayesSearchCV,1.9643198903383703,1.4236842105263159,19.42201801539036,-0.4409029994988163
2566.806447652468,0.0,leukocytes,URINE,0.8,Decision Tree Regressor,BayesSearchCV,1.9643198903383703,1.4236842105263159,19.42201801539036,-0.4409029994988163
2568.734927327639,0.0,leukocytes,URINE,0.8,Decision Tree Regressor,BayesSearchCV,1.9643198903383703,1.4236842105263159,19.42201801539036,-0.4409029994988163
2570.663407002809,0.0,leukocytes,URINE,0.8,Decision Tree Regressor,BayesSearchCV,1.9643198903383703,1.4236842105263159,19.42201801539036,-0.4409029994988163
2572.59188667798,0.0,leukocytes,URINE,0.8,Decision Tree Regressor,BayesSearchCV,1.9643198903383703,1.4236842105263159,19.42201801539036,-0.4409029994988163
2574.520366353152,0.0,leukocytes,URINE,0.8,Decision Tree Regressor,BayesSearchCV,1.9643198903383703,1.4236842105263159,19.42201801539036,-0.4409029994988163
2576.448846028322,0.0,leukocytes,URINE,0.8,Decision Tree Regressor,BayesSearchCV,1.9643198903383703,1.4236842105263159,19.42201801539036,-0.4409029994988163
2578.377325703493,0.0,leukocytes,URINE,0.8,Decision Tree Regressor,BayesSearchCV,1.9643198903383703,1.4236842105263159,19.42201801539036,-0.4409029994988163
2580.305805378664,0.0,leukocytes,URINE,0.8,Decision Tree Regressor,BayesSearchCV,1.9643198903383703,1.4236842105263159,19.42201801539036,-0.4409029994988163
2582.234285053835,0.0,leukocytes,URINE,0.8,Decision Tree Regressor,BayesSearchCV,1.9643198903383703,1.4236842105263159,19.42201801539036,-0.4409029994988163
3050.854846120364,0.010377802556139522,leukocytes,URINE,0.8,Decision Tree Regressor,BayesSearchCV,1.6411645416080556,1.2915789473684207,18.819468918517792,-0.005806799650154293
3048.926366445193,0.005677681727855619,leukocytes,URINE,0.8,Decision Tree Regressor,BayesSearchCV,1.6411645416080556,1.2915789473684207,18.819468918517792,-0.005806799650154293
1695.133634475221,0.005575882678951325,leukocytes,URINE,0.8,Decision Tree Regressor,BayesSearchCV,1.6411645416080556,1.2915789473684207,18.819468918517792,-0.005806799650154293
1693.20515480005,0.005478307481384351,leukocytes,URINE,0.8,Decision Tree Regressor,BayesSearchCV,1.6411645416080556,1.2915789473684207,18.819468918517792,-0.005806799650154293
1689.348195449708,0.005239392060652751,leukocytes,URINE,0.8,Decision Tree Regressor,BayesSearchCV,1.6411645416080556,1.2915789473684207,18.819468918517792,-0.005806799650154293
1698.990593825563,0.00480009688054837,leukocytes,URINE,0.8,Decision Tree Regressor,BayesSearchCV,1.6411645416080556,1.2915789473684207,18.819468918517792,-0.005806799650154293
1697.062114150392,0.004700362626773993,leukocytes,URINE,0.8,Decision Tree Regressor,BayesSearchCV,1.6411645416080556,1.2915789473684207,18.819468918517792,-0.005806799650154293
1691.276675124879,0.004525892253739517,leukocytes,URINE,0.8,Decision Tree Regressor,BayesSearchCV,1.6411645416080556,1.2915789473684207,18.819468918517792,-0.005806799650154293
1700.919073500734,0.004433297873758707,leukocytes,URINE,0.8,Decision Tree Regressor,BayesSearchCV,1.6411645416080556,1.2915789473684207,18.819468918517792,-0.005806799650154293
1704.776032851076,0.004355266339688034,leukocytes,URINE,0.8,Decision Tree Regressor,BayesSearchCV,1.6411645416080556,1.2915789473684207,18.819468918517792,-0.005806799650154293
1687.419715774538,0.004309444617135863,leukocytes,URINE,0.8,Decision Tree Regressor,BayesSearchCV,1.6411645416080556,1.2915789473684207,18.819468918517792,-0.005806799650154293
1702.847553175905,0.004085031862259907,leukocytes,URINE,0.8,Decision Tree Regressor,BayesSearchCV,1.6411645416080556,1.2915789473684207,18.819468918517792,-0.005806799650154293
3018.070691642458,0.004012940215212363,leukocytes,URINE,0.8,Decision Tree Regressor,BayesSearchCV,1.6411645416080556,1.2915789473684207,18.819468918517792,-0.005806799650154293
1511.928065333986,0.0039007063602444513,leukocytes,URINE,0.8,Decision Tree Regressor,BayesSearchCV,1.6411645416080556,1.2915789473684207,18.819468918517792,-0.005806799650154293
3037.355488394167,0.003873244172704468,leukocytes,URINE,0.8,Decision Tree Regressor,BayesSearchCV,1.6411645416080556,1.2915789473684207,18.819468918517792,-0.005806799650154293
3019.999171317629,0.0038437100251017733,leukocytes,URINE,0.8,Decision Tree Regressor,BayesSearchCV,1.6411645416080556,1.2915789473684207,18.819468918517792,-0.005806799650154293
1509.999585658815,0.00382124145508833,leukocytes,URINE,0.8,Decision Tree Regressor,BayesSearchCV,1.6411645416080556,1.2915789473684207,18.819468918517792,-0.005806799650154293
1706.704512526246,0.003809264173339828,leukocytes,URINE,0.8,Decision Tree Regressor,BayesSearchCV,1.6411645416080556,1.2915789473684207,18.819468918517792,-0.005806799650154293
3035.427008718997,0.003641202526880574,leukocytes,URINE,0.8,Decision Tree Regressor,BayesSearchCV,1.6411645416080556,1.2915789473684207,18.819468918517792,-0.005806799650154293
3016.142211967287,0.003638961617888659,leukocytes,URINE,0.8,Decision Tree Regressor,BayesSearchCV,1.6411645416080556,1.2915789473684207,18.819468918517792,-0.005806799650154293
1629.56532551941,1.0,leukocytes,URINE,0.8,Decision Tree Regressor,BayesSearchCV,1.9643198903383703,1.4236842105263159,19.42201801539036,-0.4409029994988163
929.5272034323739,0.0,leukocytes,URINE,0.8,Decision Tree Regressor,BayesSearchCV,1.9643198903383703,1.4236842105263159,19.42201801539036,-0.4409029994988163
2547.521650900759,0.0,leukocytes,URINE,0.8,Decision Tree Regressor,BayesSearchCV,1.9643198903383703,1.4236842105263159,19.42201801539036,-0.4409029994988163
2551.378610251101,0.0,leukocytes,URINE,0.8,Decision Tree Regressor,BayesSearchCV,1.9643198903383703,1.4236842105263159,19.42201801539036,-0.4409029994988163
2553.307089926272,0.0,leukocytes,URINE,0.8,Decision Tree Regressor,BayesSearchCV,1.9643198903383703,1.4236842105263159,19.42201801539036,-0.4409029994988163
2555.235569601442,0.0,leukocytes,URINE,0.8,Decision Tree Regressor,BayesSearchCV,1.9643198903383703,1.4236842105263159,19.42201801539036,-0.4409029994988163
2557.164049276613,0.0,leukocytes,URINE,0.8,Decision Tree Regressor,BayesSearchCV,1.9643198903383703,1.4236842105263159,19.42201801539036,-0.4409029994988163
2559.092528951784,0.0,leukocytes,URINE,0.8,Decision Tree Regressor,BayesSearchCV,1.9643198903383703,1.4236842105263159,19.42201801539036,-0.4409029994988163
2561.021008626955,0.0,leukocytes,URINE,0.8,Decision Tree Regressor,BayesSearchCV,1.9643198903383703,1.4236842105263159,19.42201801539036,-0.4409029994988163
2562.949488302126,0.0,leukocytes,URINE,0.8,Decision Tree Regressor,BayesSearchCV,1.9643198903383703,1.4236842105263159,19.42201801539036,-0.4409029994988163
2564.877967977297,0.0,leukocytes,URINE,0.8,Decision Tree Regressor,BayesSearchCV,1.9643198903383703,1.4236842105263159,19.42201801539036,-0.4409029994988163
2566.806447652468,0.0,leukocytes,URINE,0.8,Decision Tree Regressor,BayesSearchCV,1.9643198903383703,1.4236842105263159,19.42201801539036,-0.4409029994988163
2568.734927327639,0.0,leukocytes,URINE,0.8,Decision Tree Regressor,BayesSearchCV,1.9643198903383703,1.4236842105263159,19.42201801539036,-0.4409029994988163
2570.663407002809,0.0,leukocytes,URINE,0.8,Decision Tree Regressor,BayesSearchCV,1.9643198903383703,1.4236842105263159,19.42201801539036,-0.4409029994988163
2572.59188667798,0.0,leukocytes,URINE,0.8,Decision Tree Regressor,BayesSearchCV,1.9643198903383703,1.4236842105263159,19.42201801539036,-0.4409029994988163
2574.520366353152,0.0,leukocytes,URINE,0.8,Decision Tree Regressor,BayesSearchCV,1.9643198903383703,1.4236842105263159,19.42201801539036,-0.4409029994988163
2576.448846028322,0.0,leukocytes,URINE,0.8,Decision Tree Regressor,BayesSearchCV,1.9643198903383703,1.4236842105263159,19.42201801539036,-0.4409029994988163
2578.377325703493,0.0,leukocytes,URINE,0.8,Decision Tree Regressor,BayesSearchCV,1.9643198903383703,1.4236842105263159,19.42201801539036,-0.4409029994988163
2580.305805378664,0.0,leukocytes,URINE,0.8,Decision Tree Regressor,BayesSearchCV,1.9643198903383703,1.4236842105263159,19.42201801539036,-0.4409029994988163
2582.234285053835,0.0,leukocytes,URINE,0.8,Decision Tree Regressor,BayesSearchCV,1.9643198903383703,1.4236842105263159,19.42201801539036,-0.4409029994988163
3048.926366445193,0.014134654839158791,leukocytes,CAPILAR,0.8,XGBoost Regressor,BayesSearchCV,1.4244861799439466,1.166149117885492,19.363885878681693,0.09953021821349295
1641.136203570436,0.011188434392359281,leukocytes,CAPILAR,0.8,XGBoost Regressor,BayesSearchCV,1.4244861799439466,1.166149117885492,19.363885878681693,0.09953021821349295
1639.207723895265,0.009770091590229785,leukocytes,CAPILAR,0.8,XGBoost Regressor,BayesSearchCV,1.4244861799439466,1.166149117885492,19.363885878681693,0.09953021821349295
1643.064683245607,0.009262495203583725,leukocytes,CAPILAR,0.8,XGBoost Regressor,BayesSearchCV,1.4244861799439466,1.166149117885492,19.363885878681693,0.09953021821349295
3046.997886770022,0.008897398849643339,leukocytes,CAPILAR,0.8,XGBoost Regressor,BayesSearchCV,1.4244861799439466,1.166149117885492,19.363885878681693,0.09953021821349295
1637.279244220094,0.008083656159977358,leukocytes,CAPILAR,0.8,XGBoost Regressor,BayesSearchCV,1.4244861799439466,1.166149117885492,19.363885878681693,0.09953021821349295
958.4543985599371,0.007986748126485397,leukocytes,CAPILAR,0.8,XGBoost Regressor,BayesSearchCV,1.4244861799439466,1.166149117885492,19.363885878681693,0.09953021821349295
956.5259188847667,0.0075126276666640885,leukocytes,CAPILAR,0.8,XGBoost Regressor,BayesSearchCV,1.4244861799439466,1.166149117885492,19.363885878681693,0.09953021821349295
1702.847553175905,0.0073742252748730695,leukocytes,CAPILAR,0.8,XGBoost Regressor,BayesSearchCV,1.4244861799439466,1.166149117885492,19.363885878681693,0.09953021821349295
1700.919073500734,0.00671492093543673,leukocytes,CAPILAR,0.8,XGBoost Regressor,BayesSearchCV,1.4244861799439466,1.166149117885492,19.363885878681693,0.09953021821349295
960.3828782351084,0.00661152194445296,leukocytes,CAPILAR,0.8,XGBoost Regressor,BayesSearchCV,1.4244861799439466,1.166149117885492,19.363885878681693,0.09953021821349295
1635.350764544923,0.006499020592584933,leukocytes,CAPILAR,0.8,XGBoost Regressor,BayesSearchCV,1.4244861799439466,1.166149117885492,19.363885878681693,0.09953021821349295
1602.566610067018,0.005965629108815981,leukocytes,CAPILAR,0.8,XGBoost Regressor,BayesSearchCV,1.4244861799439466,1.166149117885492,19.363885878681693,0.09953021821349295
973.8822359613046,0.005829520358819547,leukocytes,CAPILAR,0.8,XGBoost Regressor,BayesSearchCV,1.4244861799439466,1.166149117885492,19.363885878681693,0.09953021821349295
931.4556831075452,0.0057563272618648235,leukocytes,CAPILAR,0.8,XGBoost Regressor,BayesSearchCV,1.4244861799439466,1.166149117885492,19.363885878681693,0.09953021821349295
998.9524717385261,0.0056659201785402655,leukocytes,CAPILAR,0.8,XGBoost Regressor,BayesSearchCV,1.4244861799439466,1.166149117885492,19.363885878681693,0.09953021821349295
933.3841627827155,0.005642458737821107,leukocytes,CAPILAR,0.8,XGBoost Regressor,BayesSearchCV,1.4244861799439466,1.166149117885492,19.363885878681693,0.09953021821349295
1704.776032851076,0.005502990457883234,leukocytes,CAPILAR,0.8,XGBoost Regressor,BayesSearchCV,1.4244861799439466,1.166149117885492,19.363885878681693,0.09953021821349295
1033.665105891602,0.0054838368827137135,leukocytes,CAPILAR,0.8,XGBoost Regressor,BayesSearchCV,1.4244861799439466,1.166149117885492,19.363885878681693,0.09953021821349295
1698.990593825563,0.005464346082964266,leukocytes,CAPILAR,0.8,XGBoost Regressor,BayesSearchCV,1.4244861799439466,1.166149117885492,19.363885878681693,0.09953021821349295
1380.791447422364,0.35550162196159363,leukocytes,CAPILAR,0.8,XGBoost Regressor,BayesSearchCV,1.4725104644476426,1.2155260017590648,20.25157558192703,0.03779093852865789
3045.069407094851,0.3269328773021698,leukocytes,CAPILAR,0.8,XGBoost Regressor,BayesSearchCV,1.4725104644476426,1.2155260017590648,20.25157558192703,0.03779093852865789
1228.441553083863,0.3175655007362366,leukocytes,CAPILAR,0.8,XGBoost Regressor,BayesSearchCV,1.4725104644476426,1.2155260017590648,20.25157558192703,0.03779093852865789
2570.663407002809,0.0,leukocytes,CAPILAR,0.8,XGBoost Regressor,BayesSearchCV,1.4725104644476426,1.2155260017590648,20.25157558192703,0.03779093852865789
2553.307089926272,0.0,leukocytes,CAPILAR,0.8,XGBoost Regressor,BayesSearchCV,1.4725104644476426,1.2155260017590648,20.25157558192703,0.03779093852865789
2555.235569601442,0.0,leukocytes,CAPILAR,0.8,XGBoost Regressor,BayesSearchCV,1.4725104644476426,1.2155260017590648,20.25157558192703,0.03779093852865789
2557.164049276613,0.0,leukocytes,CAPILAR,0.8,XGBoost Regressor,BayesSearchCV,1.4725104644476426,1.2155260017590648,20.25157558192703,0.03779093852865789
2559.092528951784,0.0,leukocytes,CAPILAR,0.8,XGBoost Regressor,BayesSearchCV,1.4725104644476426,1.2155260017590648,20.25157558192703,0.03779093852865789
2561.021008626955,0.0,leukocytes,CAPILAR,0.8,XGBoost Regressor,BayesSearchCV,1.4725104644476426,1.2155260017590648,20.25157558192703,0.03779093852865789
2562.949488302126,0.0,leukocytes,CAPILAR,0.8,XGBoost Regressor,BayesSearchCV,1.4725104644476426,1.2155260017590648,20.25157558192703,0.03779093852865789
2564.877967977297,0.0,leukocytes,CAPILAR,0.8,XGBoost Regressor,BayesSearchCV,1.4725104644476426,1.2155260017590648,20.25157558192703,0.03779093852865789
2566.806447652468,0.0,leukocytes,CAPILAR,0.8,XGBoost Regressor,BayesSearchCV,1.4725104644476426,1.2155260017590648,20.25157558192703,0.03779093852865789
2568.734927327639,0.0,leukocytes,CAPILAR,0.8,XGBoost Regressor,BayesSearchCV,1.4725104644476426,1.2155260017590648,20.25157558192703,0.03779093852865789
929.5272034323739,0.0,leukocytes,CAPILAR,0.8,XGBoost Regressor,BayesSearchCV,1.4725104644476426,1.2155260017590648,20.25157558192703,0.03779093852865789
2572.59188667798,0.0,leukocytes,CAPILAR,0.8,XGBoost Regressor,BayesSearchCV,1.4725104644476426,1.2155260017590648,20.25157558192703,0.03779093852865789
2549.45013057593,0.0,leukocytes,CAPILAR,0.8,XGBoost Regressor,BayesSearchCV,1.4725104644476426,1.2155260017590648,20.25157558192703,0.03779093852865789
2574.520366353152,0.0,leukocytes,CAPILAR,0.8,XGBoost Regressor,BayesSearchCV,1.4725104644476426,1.2155260017590648,20.25157558192703,0.03779093852865789
2576.448846028322,0.0,leukocytes,CAPILAR,0.8,XGBoost Regressor,BayesSearchCV,1.4725104644476426,1.2155260017590648,20.25157558192703,0.03779093852865789
2578.377325703493,0.0,leukocytes,CAPILAR,0.8,XGBoost Regressor,BayesSearchCV,1.4725104644476426,1.2155260017590648,20.25157558192703,0.03779093852865789
2580.305805378664,0.0,leukocytes,CAPILAR,0.8,XGBoost Regressor,BayesSearchCV,1.4725104644476426,1.2155260017590648,20.25157558192703,0.03779093852865789
3048.926366445193,0.013166677859026291,leukocytes,CAPILAR,0.8,XGBoost Regressor,BayesSearchCV,1.480867215399649,1.2212902367420686,20.154657052356054,0.026838543214205535
1641.136203570436,0.010996619488288858,leukocytes,CAPILAR,0.8,XGBoost Regressor,BayesSearchCV,1.480867215399649,1.2212902367420686,20.154657052356054,0.026838543214205535
1639.207723895265,0.009635624070323022,leukocytes,CAPILAR,0.8,XGBoost Regressor,BayesSearchCV,1.480867215399649,1.2212902367420686,20.154657052356054,0.026838543214205535
1643.064683245607,0.009093167991556612,leukocytes,CAPILAR,0.8,XGBoost Regressor,BayesSearchCV,1.480867215399649,1.2212902367420686,20.154657052356054,0.026838543214205535
1637.279244220094,0.007876165496645509,leukocytes,CAPILAR,0.8,XGBoost Regressor,BayesSearchCV,1.480867215399649,1.2212902367420686,20.154657052356054,0.026838543214205535
3046.997886770022,0.007479911761272539,leukocytes,CAPILAR,0.8,XGBoost Regressor,BayesSearchCV,1.480867215399649,1.2212902367420686,20.154657052356054,0.026838543214205535
958.4543985599371,0.007205185279370395,leukocytes,CAPILAR,0.8,XGBoost Regressor,BayesSearchCV,1.480867215399649,1.2212902367420686,20.154657052356054,0.026838543214205535
956.5259188847667,0.006988925285260818,leukocytes,CAPILAR,0.8,XGBoost Regressor,BayesSearchCV,1.480867215399649,1.2212902367420686,20.154657052356054,0.026838543214205535
1602.566610067018,0.00683221446176669,leukocytes,CAPILAR,0.8,XGBoost Regressor,BayesSearchCV,1.480867215399649,1.2212902367420686,20.154657052356054,0.026838543214205535
1702.847553175905,0.00682014163370139,leukocytes,CAPILAR,0.8,XGBoost Regressor,BayesSearchCV,1.480867215399649,1.2212902367420686,20.154657052356054,0.026838543214205535
1635.350764544923,0.006284074968108943,leukocytes,CAPILAR,0.8,XGBoost Regressor,BayesSearchCV,1.480867215399649,1.2212902367420686,20.154657052356054,0.026838543214205535
1700.919073500734,0.006247379610654657,leukocytes,CAPILAR,0.8,XGBoost Regressor,BayesSearchCV,1.480867215399649,1.2212902367420686,20.154657052356054,0.026838543214205535
960.3828782351084,0.005942994635371217,leukocytes,CAPILAR,0.8,XGBoost Regressor,BayesSearchCV,1.480867215399649,1.2212902367420686,20.154657052356054,0.026838543214205535
1704.776032851076,0.005350543585973813,leukocytes,CAPILAR,0.8,XGBoost Regressor,BayesSearchCV,1.480867215399649,1.2212902367420686,20.154657052356054,0.026838543214205535
1698.990593825563,0.005188717968612868,leukocytes,CAPILAR,0.8,XGBoost Regressor,BayesSearchCV,1.480867215399649,1.2212902367420686,20.154657052356054,0.026838543214205535
1033.665105891602,0.005099414944014435,leukocytes,CAPILAR,0.8,XGBoost Regressor,BayesSearchCV,1.480867215399649,1.2212902367420686,20.154657052356054,0.026838543214205535
973.8822359613046,0.005024017373127897,leukocytes,CAPILAR,0.8,XGBoost Regressor,BayesSearchCV,1.480867215399649,1.2212902367420686,20.154657052356054,0.026838543214205535
933.3841627827155,0.004968825921121751,leukocytes,CAPILAR,0.8,XGBoost Regressor,BayesSearchCV,1.480867215399649,1.2212902367420686,20.154657052356054,0.026838543214205535
931.4556831075452,0.004916672625916763,leukocytes,CAPILAR,0.8,XGBoost Regressor,BayesSearchCV,1.480867215399649,1.2212902367420686,20.154657052356054,0.026838543214205535
1035.593585566773,0.004868391275781278,leukocytes,CAPILAR,0.8,XGBoost Regressor,BayesSearchCV,1.480867215399649,1.2212902367420686,20.154657052356054,0.026838543214205535
3045.069407094851,0.06033189594745636,leukocytes,CAPILAR,0.8,XGBoost Regressor,BayesSearchCV,1.4536833390255748,1.1687422121488134,19.40607362180463,0.06223873745433173
1716.346910902101,0.05688798427581787,leukocytes,CAPILAR,0.8,XGBoost Regressor,BayesSearchCV,1.4536833390255748,1.1687422121488134,19.40607362180463,0.06223873745433173
1380.791447422364,0.05645909160375595,leukocytes,CAPILAR,0.8,XGBoost Regressor,BayesSearchCV,1.4536833390255748,1.1687422121488134,19.40607362180463,0.06223873745433173
1228.441553083863,0.05438297614455223,leukocytes,CAPILAR,0.8,XGBoost Regressor,BayesSearchCV,1.4536833390255748,1.1687422121488134,19.40607362180463,0.06223873745433173
1263.15418723694,0.05320054292678833,leukocytes,CAPILAR,0.8,XGBoost Regressor,BayesSearchCV,1.4536833390255748,1.1687422121488134,19.40607362180463,0.06223873745433173
1683.562756424196,0.050882838666439056,leukocytes,CAPILAR,0.8,XGBoost Regressor,BayesSearchCV,1.4536833390255748,1.1687422121488134,19.40607362180463,0.06223873745433173
1072.23469939502,0.044743940234184265,leukocytes,CAPILAR,0.8,XGBoost Regressor,BayesSearchCV,1.4536833390255748,1.1687422121488134,19.40607362180463,0.06223873745433173
997.0239920633553,0.03892318531870842,leukocytes,CAPILAR,0.8,XGBoost Regressor,BayesSearchCV,1.4536833390255748,1.1687422121488134,19.40607362180463,0.06223873745433173
1747.202585704835,0.03800809755921364,leukocytes,CAPILAR,0.8,XGBoost Regressor,BayesSearchCV,1.4536833390255748,1.1687422121488134,19.40607362180463,0.06223873745433173
2935.146065610109,0.0368330255150795,leukocytes,CAPILAR,0.8,XGBoost Regressor,BayesSearchCV,1.4536833390255748,1.1687422121488134,19.40607362180463,0.06223873745433173
1382.719927097535,0.03565957024693489,leukocytes,CAPILAR,0.8,XGBoost Regressor,BayesSearchCV,1.4536833390255748,1.1687422121488134,19.40607362180463,0.06223873745433173
950.7404798592538,0.035103049129247665,leukocytes,CAPILAR,0.8,XGBoost Regressor,BayesSearchCV,1.4536833390255748,1.1687422121488134,19.40607362180463,0.06223873745433173
1043.307504267457,0.03432808443903923,leukocytes,CAPILAR,0.8,XGBoost Regressor,BayesSearchCV,1.4536833390255748,1.1687422121488134,19.40607362180463,0.06223873745433173
1066.449260369508,0.03305885195732117,leukocytes,CAPILAR,0.8,XGBoost Regressor,BayesSearchCV,1.4536833390255748,1.1687422121488134,19.40607362180463,0.06223873745433173
1646.921642595948,0.03265124931931496,leukocytes,CAPILAR,0.8,XGBoost Regressor,BayesSearchCV,1.4536833390255748,1.1687422121488134,19.40607362180463,0.06223873745433173
1658.492520646974,0.03202536702156067,leukocytes,CAPILAR,0.8,XGBoost Regressor,BayesSearchCV,1.4536833390255748,1.1687422121488134,19.40607362180463,0.06223873745433173
1064.520780694337,0.03065798245370388,leukocytes,CAPILAR,0.8,XGBoost Regressor,BayesSearchCV,1.4536833390255748,1.1687422121488134,19.40607362180463,0.06223873745433173
1211.085236007325,0.02736915647983551,leukocytes,CAPILAR,0.8,XGBoost Regressor,BayesSearchCV,1.4536833390255748,1.1687422121488134,19.40607362180463,0.06223873745433173
1160.944764452882,0.02735554613173008,leukocytes,CAPILAR,0.8,XGBoost Regressor,BayesSearchCV,1.4536833390255748,1.1687422121488134,19.40607362180463,0.06223873745433173
937.2411221330576,0.027234293520450592,leukocytes,CAPILAR,0.8,XGBoost Regressor,BayesSearchCV,1.4536833390255748,1.1687422121488134,19.40607362180463,0.06223873745433173
1151.302366077027,0.004593620263544856,leukocytes,PLASMA,0.8,XGBoost Regressor,BayesSearchCV,1.7688538374114833,1.4461317970639183,25.40819046170369,-0.16901087842709805
1108.875813223267,0.004572459374435406,leukocytes,PLASMA,0.8,XGBoost Regressor,BayesSearchCV,1.7688538374114833,1.4461317970639183,25.40819046170369,-0.16901087842709805
1110.804292898438,0.004564874595215756,leukocytes,PLASMA,0.8,XGBoost Regressor,BayesSearchCV,1.7688538374114833,1.4461317970639183,25.40819046170369,-0.16901087842709805
1153.230845752198,0.004556975483464549,leukocytes,PLASMA,0.8,XGBoost Regressor,BayesSearchCV,1.7688538374114833,1.4461317970639183,25.40819046170369,-0.16901087842709805
1149.373886401856,0.004514600367658757,leukocytes,PLASMA,0.8,XGBoost Regressor,BayesSearchCV,1.7688538374114833,1.4461317970639183,25.40819046170369,-0.16901087842709805
1112.732772573609,0.0044926375476453135,leukocytes,PLASMA,0.8,XGBoost Regressor,BayesSearchCV,1.7688538374114833,1.4461317970639183,25.40819046170369,-0.16901087842709805
1106.947333548097,0.004457112042865468,leukocytes,PLASMA,0.8,XGBoost Regressor,BayesSearchCV,1.7688538374114833,1.4461317970639183,25.40819046170369,-0.16901087842709805
1155.159325427369,0.00444215383933969,leukocytes,PLASMA,0.8,XGBoost Regressor,BayesSearchCV,1.7688538374114833,1.4461317970639183,25.40819046170369,-0.16901087842709805
1147.445406726686,0.00437195727799927,leukocytes,PLASMA,0.8,XGBoost Regressor,BayesSearchCV,1.7688538374114833,1.4461317970639183,25.40819046170369,-0.16901087842709805
1114.66125224878,0.004369133108453161,leukocytes,PLASMA,0.8,XGBoost Regressor,BayesSearchCV,1.7688538374114833,1.4461317970639183,25.40819046170369,-0.16901087842709805
1157.08780510254,0.004274104652672405,leukocytes,PLASMA,0.8,XGBoost Regressor,BayesSearchCV,1.7688538374114833,1.4461317970639183,25.40819046170369,-0.16901087842709805
1145.516927051515,0.004234394282410896,leukocytes,PLASMA,0.8,XGBoost Regressor,BayesSearchCV,1.7688538374114833,1.4461317970639183,25.40819046170369,-0.16901087842709805
1105.018853872926,0.0042093618199728604,leukocytes,PLASMA,0.8,XGBoost Regressor,BayesSearchCV,1.7688538374114833,1.4461317970639183,25.40819046170369,-0.16901087842709805
1116.589731923951,0.0041947173416715154,leukocytes,PLASMA,0.8,XGBoost Regressor,BayesSearchCV,1.7688538374114833,1.4461317970639183,25.40819046170369,-0.16901087842709805
1143.588447376344,0.00412637133511927,leukocytes,PLASMA,0.8,XGBoost Regressor,BayesSearchCV,1.7688538374114833,1.4461317970639183,25.40819046170369,-0.16901087842709805
1141.659967701173,0.004058053964612913,leukocytes,PLASMA,0.8,XGBoost Regressor,BayesSearchCV,1.7688538374114833,1.4461317970639183,25.40819046170369,-0.16901087842709805
1159.016284777711,0.004043929081147939,leukocytes,PLASMA,0.8,XGBoost Regressor,BayesSearchCV,1.7688538374114833,1.4461317970639183,25.40819046170369,-0.16901087842709805
1139.731488026002,0.0040139511023265925,leukocytes,PLASMA,0.8,XGBoost Regressor,BayesSearchCV,1.7688538374114833,1.4461317970639183,25.40819046170369,-0.16901087842709805
1118.518211599122,0.004007415477892747,leukocytes,PLASMA,0.8,XGBoost Regressor,BayesSearchCV,1.7688538374114833,1.4461317970639183,25.40819046170369,-0.16901087842709805
1137.803008350831,0.003956152362095897,leukocytes,PLASMA,0.8,XGBoost Regressor,BayesSearchCV,1.7688538374114833,1.4461317970639183,25.40819046170369,-0.16901087842709805
1344.150333594117,0.009448806755244732,leukocytes,PLASMA,0.8,XGBoost Regressor,BayesSearchCV,1.979476043278826,1.529702291034517,26.910265323754945,-0.4639800430683523
1083.805577446046,0.00803796574473381,leukocytes,PLASMA,0.8,XGBoost Regressor,BayesSearchCV,1.979476043278826,1.529702291034517,26.910265323754945,-0.4639800430683523
1299.795301065187,0.007953888736665249,leukocytes,PLASMA,0.8,XGBoost Regressor,BayesSearchCV,1.979476043278826,1.529702291034517,26.910265323754945,-0.4639800430683523
1729.846268628297,0.007573562674224377,leukocytes,PLASMA,0.8,XGBoost Regressor,BayesSearchCV,1.979476043278826,1.529702291034517,26.910265323754945,-0.4639800430683523
1517.713504359498,0.007381914183497429,leukocytes,PLASMA,0.8,XGBoost Regressor,BayesSearchCV,1.979476043278826,1.529702291034517,26.910265323754945,-0.4639800430683523
1521.57046370984,0.007272255606949329,leukocytes,PLASMA,0.8,XGBoost Regressor,BayesSearchCV,1.979476043278826,1.529702291034517,26.910265323754945,-0.4639800430683523
1515.785024684327,0.007131880149245262,leukocytes,PLASMA,0.8,XGBoost Regressor,BayesSearchCV,1.979476043278826,1.529702291034517,26.910265323754945,-0.4639800430683523
1513.856545009157,0.0067337919026613235,leukocytes,PLASMA,0.8,XGBoost Regressor,BayesSearchCV,1.979476043278826,1.529702291034517,26.910265323754945,-0.4639800430683523
1064.520780694337,0.0065705375745892525,leukocytes,PLASMA,0.8,XGBoost Regressor,BayesSearchCV,1.979476043278826,1.529702291034517,26.910265323754945,-0.4639800430683523
948.812000184083,0.006275826599448919,leukocytes,PLASMA,0.8,XGBoost Regressor,BayesSearchCV,1.979476043278826,1.529702291034517,26.910265323754945,-0.4639800430683523
1502.285666958131,0.006075026001781225,leukocytes,PLASMA,0.8,XGBoost Regressor,BayesSearchCV,1.979476043278826,1.529702291034517,26.910265323754945,-0.4639800430683523
1070.306219719849,0.006006977055221796,leukocytes,PLASMA,0.8,XGBoost Regressor,BayesSearchCV,1.979476043278826,1.529702291034517,26.910265323754945,-0.4639800430683523
1664.277959672487,0.005758513696491718,leukocytes,PLASMA,0.8,XGBoost Regressor,BayesSearchCV,1.979476043278826,1.529702291034517,26.910265323754945,-0.4639800430683523
1008.594870114381,0.00573527067899704,leukocytes,PLASMA,0.8,XGBoost Regressor,BayesSearchCV,1.979476043278826,1.529702291034517,26.910265323754945,-0.4639800430683523
1006.66639043921,0.005718298256397247,leukocytes,PLASMA,0.8,XGBoost Regressor,BayesSearchCV,1.979476043278826,1.529702291034517,26.910265323754945,-0.4639800430683523
1635.350764544923,0.0056806704960763454,leukocytes,PLASMA,0.8,XGBoost Regressor,BayesSearchCV,1.979476043278826,1.529702291034517,26.910265323754945,-0.4639800430683523
1145.516927051515,0.00562396552413702,leukocytes,PLASMA,0.8,XGBoost Regressor,BayesSearchCV,1.979476043278826,1.529702291034517,26.910265323754945,-0.4639800430683523
1492.643268582277,0.005544787738472223,leukocytes,PLASMA,0.8,XGBoost Regressor,BayesSearchCV,1.979476043278826,1.529702291034517,26.910265323754945,-0.4639800430683523
1031.736626216432,0.0054692113772034645,leukocytes,PLASMA,0.8,XGBoost Regressor,BayesSearchCV,1.979476043278826,1.529702291034517,26.910265323754945,-0.4639800430683523
1523.498943385011,0.005455887410789728,leukocytes,PLASMA,0.8,XGBoost Regressor,BayesSearchCV,1.979476043278826,1.529702291034517,26.910265323754945,-0.4639800430683523
1151.302366077027,0.005100165153523538,leukocytes,PLASMA,0.8,XGBoost Regressor,BayesSearchCV,1.853304149115553,1.5461443469637914,26.806360647210454,-0.28329958089170915
1153.230845752198,0.005045494384645995,leukocytes,PLASMA,0.8,XGBoost Regressor,BayesSearchCV,1.853304149115553,1.5461443469637914,26.806360647210454,-0.28329958089170915
1149.373886401856,0.005007436804025244,leukocytes,PLASMA,0.8,XGBoost Regressor,BayesSearchCV,1.853304149115553,1.5461443469637914,26.806360647210454,-0.28329958089170915
1108.875813223267,0.004965146261827819,leukocytes,PLASMA,0.8,XGBoost Regressor,BayesSearchCV,1.853304149115553,1.5461443469637914,26.806360647210454,-0.28329958089170915
1110.804292898438,0.00496039519139231,leukocytes,PLASMA,0.8,XGBoost Regressor,BayesSearchCV,1.853304149115553,1.5461443469637914,26.806360647210454,-0.28329958089170915
1155.159325427369,0.004905254433374162,leukocytes,PLASMA,0.8,XGBoost Regressor,BayesSearchCV,1.853304149115553,1.5461443469637914,26.806360647210454,-0.28329958089170915
1112.732772573609,0.004885895790536833,leukocytes,PLASMA,0.8,XGBoost Regressor,BayesSearchCV,1.853304149115553,1.5461443469637914,26.806360647210454,-0.28329958089170915
1106.947333548097,0.004829500443848804,leukocytes,PLASMA,0.8,XGBoost Regressor,BayesSearchCV,1.853304149115553,1.5461443469637914,26.806360647210454,-0.28329958089170915
1147.445406726686,0.004821426012926983,leukocytes,PLASMA,0.8,XGBoost Regressor,BayesSearchCV,1.853304149115553,1.5461443469637914,26.806360647210454,-0.28329958089170915
1114.66125224878,0.004759332821327963,leukocytes,PLASMA,0.8,XGBoost Regressor,BayesSearchCV,1.853304149115553,1.5461443469637914,26.806360647210454,-0.28329958089170915
1157.08780510254,0.004728253546245262,leukocytes,PLASMA,0.8,XGBoost Regressor,BayesSearchCV,1.853304149115553,1.5461443469637914,26.806360647210454,-0.28329958089170915
1145.516927051515,0.004626385894551273,leukocytes,PLASMA,0.8,XGBoost Regressor,BayesSearchCV,1.853304149115553,1.5461443469637914,26.806360647210454,-0.28329958089170915
1116.589731923951,0.0045752343921821315,leukocytes,PLASMA,0.8,XGBoost Regressor,BayesSearchCV,1.853304149115553,1.5461443469637914,26.806360647210454,-0.28329958089170915
1105.018853872926,0.0045363161710011155,leukocytes,PLASMA,0.8,XGBoost Regressor,BayesSearchCV,1.853304149115553,1.5461443469637914,26.806360647210454,-0.28329958089170915
1159.016284777711,0.0045134016155464664,leukocytes,PLASMA,0.8,XGBoost Regressor,BayesSearchCV,1.853304149115553,1.5461443469637914,26.806360647210454,-0.28329958089170915
1143.588447376344,0.004461886216795909,leukocytes,PLASMA,0.8,XGBoost Regressor,BayesSearchCV,1.853304149115553,1.5461443469637914,26.806360647210454,-0.28329958089170915
1118.518211599122,0.004367670716393429,leukocytes,PLASMA,0.8,XGBoost Regressor,BayesSearchCV,1.853304149115553,1.5461443469637914,26.806360647210454,-0.28329958089170915
1141.659967701173,0.00435190514797948,leukocytes,PLASMA,0.8,XGBoost Regressor,BayesSearchCV,1.853304149115553,1.5461443469637914,26.806360647210454,-0.28329958089170915
1139.731488026002,0.004285780964813956,leukocytes,PLASMA,0.8,XGBoost Regressor,BayesSearchCV,1.853304149115553,1.5461443469637914,26.806360647210454,-0.28329958089170915
1160.944764452882,0.004250176427503812,leukocytes,PLASMA,0.8,XGBoost Regressor,BayesSearchCV,1.853304149115553,1.5461443469637914,26.806360647210454,-0.28329958089170915
1513.856545009157,0.008572855032980442,leukocytes,PLASMA,0.8,XGBoost Regressor,BayesSearchCV,1.8693565012153865,1.4799755028315953,25.829576326568,-0.3056263963244201
1078.020138420533,0.007797064259648323,leukocytes,PLASMA,0.8,XGBoost Regressor,BayesSearchCV,1.8693565012153865,1.4799755028315953,25.829576326568,-0.3056263963244201
1081.877097770875,0.007587714120745659,leukocytes,PLASMA,0.8,XGBoost Regressor,BayesSearchCV,1.8693565012153865,1.4799755028315953,25.829576326568,-0.3056263963244201
1500.35718728296,0.0073457881808280945,leukocytes,PLASMA,0.8,XGBoost Regressor,BayesSearchCV,1.8693565012153865,1.4799755028315953,25.829576326568,-0.3056263963244201
989.3100733626716,0.007328351028263569,leukocytes,PLASMA,0.8,XGBoost Regressor,BayesSearchCV,1.8693565012153865,1.4799755028315953,25.829576326568,-0.3056263963244201
1450.216715728517,0.007225015200674534,leukocytes,PLASMA,0.8,XGBoost Regressor,BayesSearchCV,1.8693565012153865,1.4799755028315953,25.829576326568,-0.3056263963244201
1521.57046370984,0.007201021537184715,leukocytes,PLASMA,0.8,XGBoost Regressor,BayesSearchCV,1.8693565012153865,1.4799755028315953,25.829576326568,-0.3056263963244201
1066.449260369508,0.006727200001478195,leukocytes,PLASMA,0.8,XGBoost Regressor,BayesSearchCV,1.8693565012153865,1.4799755028315953,25.829576326568,-0.3056263963244201
1006.66639043921,0.006528909783810377,leukocytes,PLASMA,0.8,XGBoost Regressor,BayesSearchCV,1.8693565012153865,1.4799755028315953,25.829576326568,-0.3056263963244201
1664.277959672487,0.005947565659880638,leukocytes,PLASMA,0.8,XGBoost Regressor,BayesSearchCV,1.8693565012153865,1.4799755028315953,25.829576326568,-0.3056263963244201
3050.854846120364,0.005920154508203268,leukocytes,PLASMA,0.8,XGBoost Regressor,BayesSearchCV,1.8693565012153865,1.4799755028315953,25.829576326568,-0.3056263963244201
977.7391953116462,0.005683389492332935,leukocytes,PLASMA,0.8,XGBoost Regressor,BayesSearchCV,1.8693565012153865,1.4799755028315953,25.829576326568,-0.3056263963244201
1442.502797027833,0.005665315315127373,leukocytes,PLASMA,0.8,XGBoost Regressor,BayesSearchCV,1.8693565012153865,1.4799755028315953,25.829576326568,-0.3056263963244201
1535.069821436036,0.005379384849220514,leukocytes,PLASMA,0.8,XGBoost Regressor,BayesSearchCV,1.8693565012153865,1.4799755028315953,25.829576326568,-0.3056263963244201
1145.516927051515,0.005374167580157518,leukocytes,PLASMA,0.8,XGBoost Regressor,BayesSearchCV,1.8693565012153865,1.4799755028315953,25.829576326568,-0.3056263963244201
1519.641984034669,0.005365686025470495,leukocytes,PLASMA,0.8,XGBoost Regressor,BayesSearchCV,1.8693565012153865,1.4799755028315953,25.829576326568,-0.3056263963244201
1515.785024684327,0.005358594469726086,leukocytes,PLASMA,0.8,XGBoost Regressor,BayesSearchCV,1.8693565012153865,1.4799755028315953,25.829576326568,-0.3056263963244201
1517.713504359498,0.00517473416402936,leukocytes,PLASMA,0.8,XGBoost Regressor,BayesSearchCV,1.8693565012153865,1.4799755028315953,25.829576326568,-0.3056263963244201
1070.306219719849,0.005097999237477779,leukocytes,PLASMA,0.8,XGBoost Regressor,BayesSearchCV,1.8693565012153865,1.4799755028315953,25.829576326568,-0.3056263963244201
973.8822359613046,0.005088463891297579,leukocytes,PLASMA,0.8,XGBoost Regressor,BayesSearchCV,1.8693565012153865,1.4799755028315953,25.829576326568,-0.3056263963244201
3045.069407094851,0.00880676800034161,leukocytes,SALIVA,0.8,XGBoost Regressor,BayesSearchCV,1.7933064821056746,1.4890512434641519,25.546956454514312,0.037182800228435564
3043.14092741968,0.00856523049374499,leukocytes,SALIVA,0.8,XGBoost Regressor,BayesSearchCV,1.7933064821056746,1.4890512434641519,25.546956454514312,0.037182800228435564
3046.997886770022,0.005338254957498894,leukocytes,SALIVA,0.8,XGBoost Regressor,BayesSearchCV,1.7933064821056746,1.4890512434641519,25.546956454514312,0.037182800228435564
1747.202585704835,0.004792569127217879,leukocytes,SALIVA,0.8,XGBoost Regressor,BayesSearchCV,1.7933064821056746,1.4890512434641519,25.546956454514312,0.037182800228435564
954.5974392095954,0.00469139692092836,leukocytes,SALIVA,0.8,XGBoost Regressor,BayesSearchCV,1.7933064821056746,1.4890512434641519,25.546956454514312,0.037182800228435564
1745.274106029664,0.004690300534566715,leukocytes,SALIVA,0.8,XGBoost Regressor,BayesSearchCV,1.7933064821056746,1.4890512434641519,25.546956454514312,0.037182800228435564
2692.157626538576,0.0046716030010681316,leukocytes,SALIVA,0.8,XGBoost Regressor,BayesSearchCV,1.7933064821056746,1.4890512434641519,25.546956454514312,0.037182800228435564
1749.131065380006,0.0046335749047141305,leukocytes,SALIVA,0.8,XGBoost Regressor,BayesSearchCV,1.7933064821056746,1.4890512434641519,25.546956454514312,0.037182800228435564
2690.229146863405,0.0045241396756163605,leukocytes,SALIVA,0.8,XGBoost Regressor,BayesSearchCV,1.7933064821056746,1.4890512434641519,25.546956454514312,0.037182800228435564
2985.286537164553,0.004508212821707585,leukocytes,SALIVA,0.8,XGBoost Regressor,BayesSearchCV,1.7933064821056746,1.4890512434641519,25.546956454514312,0.037182800228435564
2998.785894890749,0.0045035322442932265,leukocytes,SALIVA,0.8,XGBoost Regressor,BayesSearchCV,1.7933064821056746,1.4890512434641519,25.546956454514312,0.037182800228435564
1743.345626354494,0.004489425020414904,leukocytes,SALIVA,0.8,XGBoost Regressor,BayesSearchCV,1.7933064821056746,1.4890512434641519,25.546956454514312,0.037182800228435564
2996.857415215578,0.004399408226087822,leukocytes,SALIVA,0.8,XGBoost Regressor,BayesSearchCV,1.7933064821056746,1.4890512434641519,25.546956454514312,0.037182800228435564
2987.215016839724,0.004386355389181337,leukocytes,SALIVA,0.8,XGBoost Regressor,BayesSearchCV,1.7933064821056746,1.4890512434641519,25.546956454514312,0.037182800228435564
2983.358057489382,0.004361291922731665,leukocytes,SALIVA,0.8,XGBoost Regressor,BayesSearchCV,1.7933064821056746,1.4890512434641519,25.546956454514312,0.037182800228435564
1751.059545055177,0.004225131301813817,leukocytes,SALIVA,0.8,XGBoost Regressor,BayesSearchCV,1.7933064821056746,1.4890512434641519,25.546956454514312,0.037182800228435564
2977.572618463869,0.004141549335538973,leukocytes,SALIVA,0.8,XGBoost Regressor,BayesSearchCV,1.7933064821056746,1.4890512434641519,25.546956454514312,0.037182800228435564
3000.71437456592,0.004138625134704725,leukocytes,SALIVA,0.8,XGBoost Regressor,BayesSearchCV,1.7933064821056746,1.4890512434641519,25.546956454514312,0.037182800228435564
2981.429577814211,0.004125838813635879,leukocytes,SALIVA,0.8,XGBoost Regressor,BayesSearchCV,1.7933064821056746,1.4890512434641519,25.546956454514312,0.037182800228435564
2989.143496514895,0.004067603364831664,leukocytes,SALIVA,0.8,XGBoost Regressor,BayesSearchCV,1.7933064821056746,1.4890512434641519,25.546956454514312,0.037182800228435564
1280.510504313478,0.039830282330513,leukocytes,SALIVA,0.8,XGBoost Regressor,BayesSearchCV,1.8358338123245874,1.4748006879715692,25.554642520926365,-0.009024083520190462
2721.08482166614,0.039409883320331573,leukocytes,SALIVA,0.8,XGBoost Regressor,BayesSearchCV,1.8358338123245874,1.4748006879715692,25.554642520926365,-0.009024083520190462
1286.29594333899,0.037914637476205826,leukocytes,SALIVA,0.8,XGBoost Regressor,BayesSearchCV,1.8358338123245874,1.4748006879715692,25.554642520926365,-0.009024083520190462
3008.428293266604,0.03789601847529411,leukocytes,SALIVA,0.8,XGBoost Regressor,BayesSearchCV,1.8358338123245874,1.4748006879715692,25.554642520926365,-0.009024083520190462
3021.9276509928,0.037583205848932266,leukocytes,SALIVA,0.8,XGBoost Regressor,BayesSearchCV,1.8358338123245874,1.4748006879715692,25.554642520926365,-0.009024083520190462
3010.356772941775,0.036281876266002655,leukocytes,SALIVA,0.8,XGBoost Regressor,BayesSearchCV,1.8358338123245874,1.4748006879715692,25.554642520926365,-0.009024083520190462
3006.499813591433,0.03559352084994316,leukocytes,SALIVA,0.8,XGBoost Regressor,BayesSearchCV,1.8358338123245874,1.4748006879715692,25.554642520926365,-0.009024083520190462
931.4556831075452,0.0355011522769928,leukocytes,SALIVA,0.8,XGBoost Regressor,BayesSearchCV,1.8358338123245874,1.4748006879715692,25.554642520926365,-0.009024083520190462
1288.224423014161,0.035234808921813965,leukocytes,SALIVA,0.8,XGBoost Regressor,BayesSearchCV,1.8358338123245874,1.4748006879715692,25.554642520926365,-0.009024083520190462
3012.285252616945,0.035030826926231384,leukocytes,SALIVA,0.8,XGBoost Regressor,BayesSearchCV,1.8358338123245874,1.4748006879715692,25.554642520926365,-0.009024083520190462
1700.919073500734,0.034770216792821884,leukocytes,SALIVA,0.8,XGBoost Regressor,BayesSearchCV,1.8358338123245874,1.4748006879715692,25.554642520926365,-0.009024083520190462
2676.729789137209,0.03360067307949066,leukocytes,SALIVA,0.8,XGBoost Regressor,BayesSearchCV,1.8358338123245874,1.4748006879715692,25.554642520926365,-0.009024083520190462
3023.856130667971,0.033540990203619,leukocytes,SALIVA,0.8,XGBoost Regressor,BayesSearchCV,1.8358338123245874,1.4748006879715692,25.554642520926365,-0.009024083520190462
2989.143496514895,0.0328393392264843,leukocytes,SALIVA,0.8,XGBoost Regressor,BayesSearchCV,1.8358338123245874,1.4748006879715692,25.554642520926365,-0.009024083520190462
3018.070691642458,0.030759986490011215,leukocytes,SALIVA,0.8,XGBoost Regressor,BayesSearchCV,1.8358338123245874,1.4748006879715692,25.554642520926365,-0.009024083520190462
970.0252766109629,0.03033585101366043,leukocytes,SALIVA,0.8,XGBoost Regressor,BayesSearchCV,1.8358338123245874,1.4748006879715692,25.554642520926365,-0.009024083520190462
2994.928935540408,0.02993648499250412,leukocytes,SALIVA,0.8,XGBoost Regressor,BayesSearchCV,1.8358338123245874,1.4748006879715692,25.554642520926365,-0.009024083520190462
1047.164463617799,0.02946798875927925,leukocytes,SALIVA,0.8,XGBoost Regressor,BayesSearchCV,1.8358338123245874,1.4748006879715692,25.554642520926365,-0.009024083520190462
1274.725065287965,0.02910260111093521,leukocytes,SALIVA,0.8,XGBoost Regressor,BayesSearchCV,1.8358338123245874,1.4748006879715692,25.554642520926365,-0.009024083520190462
2723.013301341311,0.028847623616456985,leukocytes,SALIVA,0.8,XGBoost Regressor,BayesSearchCV,1.8358338123245874,1.4748006879715692,25.554642520926365,-0.009024083520190462
3045.069407094851,0.009044208978313335,leukocytes,SALIVA,0.8,XGBoost Regressor,BayesSearchCV,1.8008961607181129,1.478353069396246,25.453393900226708,0.029015834211968627
3043.14092741968,0.008782010447373008,leukocytes,SALIVA,0.8,XGBoost Regressor,BayesSearchCV,1.8008961607181129,1.478353069396246,25.453393900226708,0.029015834211968627
3046.997886770022,0.0055181921545403275,leukocytes,SALIVA,0.8,XGBoost Regressor,BayesSearchCV,1.8008961607181129,1.478353069396246,25.453393900226708,0.029015834211968627
2692.157626538576,0.00480568323165058,leukocytes,SALIVA,0.8,XGBoost Regressor,BayesSearchCV,1.8008961607181129,1.478353069396246,25.453393900226708,0.029015834211968627
954.5974392095954,0.004803119257667071,leukocytes,SALIVA,0.8,XGBoost Regressor,BayesSearchCV,1.8008961607181129,1.478353069396246,25.453393900226708,0.029015834211968627
1747.202585704835,0.004793297661753732,leukocytes,SALIVA,0.8,XGBoost Regressor,BayesSearchCV,1.8008961607181129,1.478353069396246,25.453393900226708,0.029015834211968627
1745.274106029664,0.0046893002063240225,leukocytes,SALIVA,0.8,XGBoost Regressor,BayesSearchCV,1.8008961607181129,1.478353069396246,25.453393900226708,0.029015834211968627
2690.229146863405,0.004655160606012579,leukocytes,SALIVA,0.8,XGBoost Regressor,BayesSearchCV,1.8008961607181129,1.478353069396246,25.453393900226708,0.029015834211968627
1749.131065380006,0.004631614762370193,leukocytes,SALIVA,0.8,XGBoost Regressor,BayesSearchCV,1.8008961607181129,1.478353069396246,25.453393900226708,0.029015834211968627
2998.785894890749,0.004521529512195996,leukocytes,SALIVA,0.8,XGBoost Regressor,BayesSearchCV,1.8008961607181129,1.478353069396246,25.453393900226708,0.029015834211968627
2985.286537164553,0.004509477097945752,leukocytes,SALIVA,0.8,XGBoost Regressor,BayesSearchCV,1.8008961607181129,1.478353069396246,25.453393900226708,0.029015834211968627
1743.345626354494,0.004481430447473862,leukocytes,SALIVA,0.8,XGBoost Regressor,BayesSearchCV,1.8008961607181129,1.478353069396246,25.453393900226708,0.029015834211968627
2996.857415215578,0.004406551931474367,leukocytes,SALIVA,0.8,XGBoost Regressor,BayesSearchCV,1.8008961607181129,1.478353069396246,25.453393900226708,0.029015834211968627
2987.215016839724,0.004385912073905972,leukocytes,SALIVA,0.8,XGBoost Regressor,BayesSearchCV,1.8008961607181129,1.478353069396246,25.453393900226708,0.029015834211968627
2983.358057489382,0.004359266777629084,leukocytes,SALIVA,0.8,XGBoost Regressor,BayesSearchCV,1.8008961607181129,1.478353069396246,25.453393900226708,0.029015834211968627
1751.059545055177,0.004216997574672866,leukocytes,SALIVA,0.8,XGBoost Regressor,BayesSearchCV,1.8008961607181129,1.478353069396246,25.453393900226708,0.029015834211968627
956.5259188847667,0.004161696358030119,leukocytes,SALIVA,0.8,XGBoost Regressor,BayesSearchCV,1.8008961607181129,1.478353069396246,25.453393900226708,0.029015834211968627
3000.71437456592,0.004159812407064682,leukocytes,SALIVA,0.8,XGBoost Regressor,BayesSearchCV,1.8008961607181129,1.478353069396246,25.453393900226708,0.029015834211968627
2977.572618463869,0.00414244858960368,leukocytes,SALIVA,0.8,XGBoost Regressor,BayesSearchCV,1.8008961607181129,1.478353069396246,25.453393900226708,0.029015834211968627
2981.429577814211,0.004119215073086909,leukocytes,SALIVA,0.8,XGBoost Regressor,BayesSearchCV,1.8008961607181129,1.478353069396246,25.453393900226708,0.029015834211968627
3021.9276509928,0.1639678031206131,leukocytes,SALIVA,0.8,XGBoost Regressor,BayesSearchCV,1.8036331875049056,1.467663446153913,25.13203966749366,0.026062161184932764
3014.213732292117,0.1300140619277954,leukocytes,SALIVA,0.8,XGBoost Regressor,BayesSearchCV,1.8036331875049056,1.467663446153913,25.13203966749366,0.026062161184932764
2674.801309462038,0.11021679639816284,leukocytes,SALIVA,0.8,XGBoost Regressor,BayesSearchCV,1.8036331875049056,1.467663446153913,25.13203966749366,0.026062161184932764
1280.510504313478,0.10736726969480515,leukocytes,SALIVA,0.8,XGBoost Regressor,BayesSearchCV,1.8036331875049056,1.467663446153913,25.13203966749366,0.026062161184932764
1727.917788953126,0.10305153578519821,leukocytes,SALIVA,0.8,XGBoost Regressor,BayesSearchCV,1.8036331875049056,1.467663446153913,25.13203966749366,0.026062161184932764
1286.29594333899,0.10256145894527435,leukocytes,SALIVA,0.8,XGBoost Regressor,BayesSearchCV,1.8036331875049056,1.467663446153913,25.13203966749366,0.026062161184932764
2989.143496514895,0.10051781684160233,leukocytes,SALIVA,0.8,XGBoost Regressor,BayesSearchCV,1.8036331875049056,1.467663446153913,25.13203966749366,0.026062161184932764
3006.499813591433,0.09306035935878754,leukocytes,SALIVA,0.8,XGBoost Regressor,BayesSearchCV,1.8036331875049056,1.467663446153913,25.13203966749366,0.026062161184932764
2686.372187513064,0.0892428383231163,leukocytes,SALIVA,0.8,XGBoost Regressor,BayesSearchCV,1.8036331875049056,1.467663446153913,25.13203966749366,0.026062161184932764
2564.877967977297,0.0,leukocytes,SALIVA,0.8,XGBoost Regressor,BayesSearchCV,1.8036331875049056,1.467663446153913,25.13203966749366,0.026062161184932764
2557.164049276613,0.0,leukocytes,SALIVA,0.8,XGBoost Regressor,BayesSearchCV,1.8036331875049056,1.467663446153913,25.13203966749366,0.026062161184932764
2555.235569601442,0.0,leukocytes,SALIVA,0.8,XGBoost Regressor,BayesSearchCV,1.8036331875049056,1.467663446153913,25.13203966749366,0.026062161184932764
2559.092528951784,0.0,leukocytes,SALIVA,0.8,XGBoost Regressor,BayesSearchCV,1.8036331875049056,1.467663446153913,25.13203966749366,0.026062161184932764
2561.021008626955,0.0,leukocytes,SALIVA,0.8,XGBoost Regressor,BayesSearchCV,1.8036331875049056,1.467663446153913,25.13203966749366,0.026062161184932764
2553.307089926272,0.0,leukocytes,SALIVA,0.8,XGBoost Regressor,BayesSearchCV,1.8036331875049056,1.467663446153913,25.13203966749366,0.026062161184932764
2562.949488302126,0.0,leukocytes,SALIVA,0.8,XGBoost Regressor,BayesSearchCV,1.8036331875049056,1.467663446153913,25.13203966749366,0.026062161184932764
929.5272034323739,0.0,leukocytes,SALIVA,0.8,XGBoost Regressor,BayesSearchCV,1.8036331875049056,1.467663446153913,25.13203966749366,0.026062161184932764
2568.734927327639,0.0,leukocytes,SALIVA,0.8,XGBoost Regressor,BayesSearchCV,1.8036331875049056,1.467663446153913,25.13203966749366,0.026062161184932764
2566.806447652468,0.0,leukocytes,SALIVA,0.8,XGBoost Regressor,BayesSearchCV,1.8036331875049056,1.467663446153913,25.13203966749366,0.026062161184932764
2549.45013057593,0.0,leukocytes,SALIVA,0.8,XGBoost Regressor,BayesSearchCV,1.8036331875049056,1.467663446153913,25.13203966749366,0.026062161184932764
1388.505366123048,0.007169775258192648,leukocytes,SERUM,0.8,XGBoost Regressor,BayesSearchCV,1.4538497014528315,1.1498283429145815,17.418019689374766,0.2287538953141257
1386.576886447877,0.006657415110402691,leukocytes,SERUM,0.8,XGBoost Regressor,BayesSearchCV,1.4538497014528315,1.1498283429145815,17.418019689374766,0.2287538953141257
1390.433845798219,0.006624720653706668,leukocytes,SERUM,0.8,XGBoost Regressor,BayesSearchCV,1.4538497014528315,1.1498283429145815,17.418019689374766,0.2287538953141257
1392.36232547339,0.005889196187530462,leukocytes,SERUM,0.8,XGBoost Regressor,BayesSearchCV,1.4538497014528315,1.1498283429145815,17.418019689374766,0.2287538953141257
1394.290805148561,0.005439665580914217,leukocytes,SERUM,0.8,XGBoost Regressor,BayesSearchCV,1.4538497014528315,1.1498283429145815,17.418019689374766,0.2287538953141257
2719.156341990969,0.00507182501563267,leukocytes,SERUM,0.8,XGBoost Regressor,BayesSearchCV,1.4538497014528315,1.1498283429145815,17.418019689374766,0.2287538953141257
1396.219284823732,0.005052562170988552,leukocytes,SERUM,0.8,XGBoost Regressor,BayesSearchCV,1.4538497014528315,1.1498283429145815,17.418019689374766,0.2287538953141257
1384.648406772706,0.0049778577074519196,leukocytes,SERUM,0.8,XGBoost Regressor,BayesSearchCV,1.4538497014528315,1.1498283429145815,17.418019689374766,0.2287538953141257
1475.286951505739,0.004860291191197244,leukocytes,SERUM,0.8,XGBoost Regressor,BayesSearchCV,1.4538497014528315,1.1498283429145815,17.418019689374766,0.2287538953141257
1477.215431180909,0.004796993790818609,leukocytes,SERUM,0.8,XGBoost Regressor,BayesSearchCV,1.4538497014528315,1.1498283429145815,17.418019689374766,0.2287538953141257
1473.358471830568,0.004740844612289286,leukocytes,SERUM,0.8,XGBoost Regressor,BayesSearchCV,1.4538497014528315,1.1498283429145815,17.418019689374766,0.2287538953141257
1398.147764498902,0.0046948444138211415,leukocytes,SERUM,0.8,XGBoost Regressor,BayesSearchCV,1.4538497014528315,1.1498283429145815,17.418019689374766,0.2287538953141257
1481.072390531251,0.004600999622094523,leukocytes,SERUM,0.8,XGBoost Regressor,BayesSearchCV,1.4538497014528315,1.1498283429145815,17.418019689374766,0.2287538953141257
1479.14391085608,0.004599716548377985,leukocytes,SERUM,0.8,XGBoost Regressor,BayesSearchCV,1.4538497014528315,1.1498283429145815,17.418019689374766,0.2287538953141257
1483.000870206422,0.004458200633926848,leukocytes,SERUM,0.8,XGBoost Regressor,BayesSearchCV,1.4538497014528315,1.1498283429145815,17.418019689374766,0.2287538953141257
1471.429992155397,0.004443255583804543,leukocytes,SERUM,0.8,XGBoost Regressor,BayesSearchCV,1.4538497014528315,1.1498283429145815,17.418019689374766,0.2287538953141257
1400.076244174074,0.004435308834522262,leukocytes,SERUM,0.8,XGBoost Regressor,BayesSearchCV,1.4538497014528315,1.1498283429145815,17.418019689374766,0.2287538953141257
1427.074959626466,0.004408197868132247,leukocytes,SERUM,0.8,XGBoost Regressor,BayesSearchCV,1.4538497014528315,1.1498283429145815,17.418019689374766,0.2287538953141257
1429.003439301637,0.004407876804741192,leukocytes,SERUM,0.8,XGBoost Regressor,BayesSearchCV,1.4538497014528315,1.1498283429145815,17.418019689374766,0.2287538953141257
1484.929349881593,0.004402099263045182,leukocytes,SERUM,0.8,XGBoost Regressor,BayesSearchCV,1.4538497014528315,1.1498283429145815,17.418019689374766,0.2287538953141257
1139.731488026002,0.04122956469655037,leukocytes,SERUM,0.8,XGBoost Regressor,BayesSearchCV,1.533854608935017,1.241353404045105,18.8549682543026,0.1415354780544692
1122.375170949464,0.04102998226881027,leukocytes,SERUM,0.8,XGBoost Regressor,BayesSearchCV,1.533854608935017,1.241353404045105,18.8549682543026,0.1415354780544692
1120.446691274293,0.04099508747458458,leukocytes,SERUM,0.8,XGBoost Regressor,BayesSearchCV,1.533854608935017,1.241353404045105,18.8549682543026,0.1415354780544692
1521.57046370984,0.03902878984808922,leukocytes,SERUM,0.8,XGBoost Regressor,BayesSearchCV,1.533854608935017,1.241353404045105,18.8549682543026,0.1415354780544692
1573.639414939454,0.03781263902783394,leukocytes,SERUM,0.8,XGBoost Regressor,BayesSearchCV,1.533854608935017,1.241353404045105,18.8549682543026,0.1415354780544692
1535.069821436036,0.03720075637102127,leukocytes,SERUM,0.8,XGBoost Regressor,BayesSearchCV,1.533854608935017,1.241353404045105,18.8549682543026,0.1415354780544692
1141.659967701173,0.036942481994628906,leukocytes,SERUM,0.8,XGBoost Regressor,BayesSearchCV,1.533854608935017,1.241353404045105,18.8549682543026,0.1415354780544692
1155.159325427369,0.03659103810787201,leukocytes,SERUM,0.8,XGBoost Regressor,BayesSearchCV,1.533854608935017,1.241353404045105,18.8549682543026,0.1415354780544692
1558.211577538087,0.03440362587571144,leukocytes,SERUM,0.8,XGBoost Regressor,BayesSearchCV,1.533854608935017,1.241353404045105,18.8549682543026,0.1415354780544692
1160.944764452882,0.03217640519142151,leukocytes,SERUM,0.8,XGBoost Regressor,BayesSearchCV,1.533854608935017,1.241353404045105,18.8549682543026,0.1415354780544692
1571.710935264284,0.03165367245674133,leukocytes,SERUM,0.8,XGBoost Regressor,BayesSearchCV,1.533854608935017,1.241353404045105,18.8549682543026,0.1415354780544692
1137.803008350831,0.03144511952996254,leukocytes,SERUM,0.8,XGBoost Regressor,BayesSearchCV,1.533854608935017,1.241353404045105,18.8549682543026,0.1415354780544692
1529.284382410524,0.030545156449079514,leukocytes,SERUM,0.8,XGBoost Regressor,BayesSearchCV,1.533854608935017,1.241353404045105,18.8549682543026,0.1415354780544692
997.0239920633553,0.029826896265149117,leukocytes,SERUM,0.8,XGBoost Regressor,BayesSearchCV,1.533854608935017,1.241353404045105,18.8549682543026,0.1415354780544692
1361.506650670656,0.028343528509140015,leukocytes,SERUM,0.8,XGBoost Regressor,BayesSearchCV,1.533854608935017,1.241353404045105,18.8549682543026,0.1415354780544692
1145.516927051515,0.02797108143568039,leukocytes,SERUM,0.8,XGBoost Regressor,BayesSearchCV,1.533854608935017,1.241353404045105,18.8549682543026,0.1415354780544692
3045.069407094851,0.02756240777671337,leukocytes,SERUM,0.8,XGBoost Regressor,BayesSearchCV,1.533854608935017,1.241353404045105,18.8549682543026,0.1415354780544692
1159.016284777711,0.02616039291024208,leukocytes,SERUM,0.8,XGBoost Regressor,BayesSearchCV,1.533854608935017,1.241353404045105,18.8549682543026,0.1415354780544692
1126.232130299806,0.025237390771508217,leukocytes,SERUM,0.8,XGBoost Regressor,BayesSearchCV,1.533854608935017,1.241353404045105,18.8549682543026,0.1415354780544692
1531.212862085695,0.024933908134698868,leukocytes,SERUM,0.8,XGBoost Regressor,BayesSearchCV,1.533854608935017,1.241353404045105,18.8549682543026,0.1415354780544692
1388.505366123048,0.00697059408899201,leukocytes,SERUM,0.8,XGBoost Regressor,BayesSearchCV,1.4434914499783817,1.1282522411346434,17.32909305094313,0.2397045490255677
1390.433845798219,0.006512885002372741,leukocytes,SERUM,0.8,XGBoost Regressor,BayesSearchCV,1.4434914499783817,1.1282522411346434,17.32909305094313,0.2397045490255677
1386.576886447877,0.006373498405305407,leukocytes,SERUM,0.8,XGBoost Regressor,BayesSearchCV,1.4434914499783817,1.1282522411346434,17.32909305094313,0.2397045490255677
1392.36232547339,0.005839148947066803,leukocytes,SERUM,0.8,XGBoost Regressor,BayesSearchCV,1.4434914499783817,1.1282522411346434,17.32909305094313,0.2397045490255677
1394.290805148561,0.005425286654767894,leukocytes,SERUM,0.8,XGBoost Regressor,BayesSearchCV,1.4434914499783817,1.1282522411346434,17.32909305094313,0.2397045490255677
1475.286951505739,0.0050753582705646266,leukocytes,SERUM,0.8,XGBoost Regressor,BayesSearchCV,1.4434914499783817,1.1282522411346434,17.32909305094313,0.2397045490255677
1396.219284823732,0.005065834360312795,leukocytes,SERUM,0.8,XGBoost Regressor,BayesSearchCV,1.4434914499783817,1.1282522411346434,17.32909305094313,0.2397045490255677
1477.215431180909,0.005021854199306895,leukocytes,SERUM,0.8,XGBoost Regressor,BayesSearchCV,1.4434914499783817,1.1282522411346434,17.32909305094313,0.2397045490255677
1473.358471830568,0.004941876666481609,leukocytes,SERUM,0.8,XGBoost Regressor,BayesSearchCV,1.4434914499783817,1.1282522411346434,17.32909305094313,0.2397045490255677
1479.14391085608,0.004829598634519471,leukocytes,SERUM,0.8,XGBoost Regressor,BayesSearchCV,1.4434914499783817,1.1282522411346434,17.32909305094313,0.2397045490255677
1481.072390531251,0.0048259381678132035,leukocytes,SERUM,0.8,XGBoost Regressor,BayesSearchCV,1.4434914499783817,1.1282522411346434,17.32909305094313,0.2397045490255677
2719.156341990969,0.004787590302650983,leukocytes,SERUM,0.8,XGBoost Regressor,BayesSearchCV,1.4434914499783817,1.1282522411346434,17.32909305094313,0.2397045490255677
1398.147764498902,0.004732884278883131,leukocytes,SERUM,0.8,XGBoost Regressor,BayesSearchCV,1.4434914499783817,1.1282522411346434,17.32909305094313,0.2397045490255677
1483.000870206422,0.004678201590654891,leukocytes,SERUM,0.8,XGBoost Regressor,BayesSearchCV,1.4434914499783817,1.1282522411346434,17.32909305094313,0.2397045490255677
1384.648406772706,0.004666660305805092,leukocytes,SERUM,0.8,XGBoost Regressor,BayesSearchCV,1.4434914499783817,1.1282522411346434,17.32909305094313,0.2397045490255677
1471.429992155397,0.004626238320847397,leukocytes,SERUM,0.8,XGBoost Regressor,BayesSearchCV,1.4434914499783817,1.1282522411346434,17.32909305094313,0.2397045490255677
1484.929349881593,0.004614313563951936,leukocytes,SERUM,0.8,XGBoost Regressor,BayesSearchCV,1.4434914499783817,1.1282522411346434,17.32909305094313,0.2397045490255677
1429.003439301637,0.004524648248264456,leukocytes,SERUM,0.8,XGBoost Regressor,BayesSearchCV,1.4434914499783817,1.1282522411346434,17.32909305094313,0.2397045490255677
1432.860398651979,0.004516695117181582,leukocytes,SERUM,0.8,XGBoost Regressor,BayesSearchCV,1.4434914499783817,1.1282522411346434,17.32909305094313,0.2397045490255677
1427.074959626466,0.004515976942798037,leukocytes,SERUM,0.8,XGBoost Regressor,BayesSearchCV,1.4434914499783817,1.1282522411346434,17.32909305094313,0.2397045490255677
1137.803008350831,0.04659862071275711,leukocytes,SERUM,0.8,XGBoost Regressor,BayesSearchCV,1.5484238524979337,1.2288995022773743,18.637128592395804,0.12514985968863535
1668.134919022829,0.042275410145521164,leukocytes,SERUM,0.8,XGBoost Regressor,BayesSearchCV,1.5484238524979337,1.2288995022773743,18.637128592395804,0.12514985968863535
1533.141341760865,0.04163280874490738,leukocytes,SERUM,0.8,XGBoost Regressor,BayesSearchCV,1.5484238524979337,1.2288995022773743,18.637128592395804,0.12514985968863535
1120.446691274293,0.0412256084382534,leukocytes,SERUM,0.8,XGBoost Regressor,BayesSearchCV,1.5484238524979337,1.2288995022773743,18.637128592395804,0.12514985968863535
1122.375170949464,0.03949496150016785,leukocytes,SERUM,0.8,XGBoost Regressor,BayesSearchCV,1.5484238524979337,1.2288995022773743,18.637128592395804,0.12514985968863535
1571.710935264284,0.0377531424164772,leukocytes,SERUM,0.8,XGBoost Regressor,BayesSearchCV,1.5484238524979337,1.2288995022773743,18.637128592395804,0.12514985968863535
1558.211577538087,0.037018660455942154,leukocytes,SERUM,0.8,XGBoost Regressor,BayesSearchCV,1.5484238524979337,1.2288995022773743,18.637128592395804,0.12514985968863535
1160.944764452882,0.03572852164506912,leukocytes,SERUM,0.8,XGBoost Regressor,BayesSearchCV,1.5484238524979337,1.2288995022773743,18.637128592395804,0.12514985968863535
1157.08780510254,0.03529680147767067,leukocytes,SERUM,0.8,XGBoost Regressor,BayesSearchCV,1.5484238524979337,1.2288995022773743,18.637128592395804,0.12514985968863535
997.0239920633553,0.0350949726998806,leukocytes,SERUM,0.8,XGBoost Regressor,BayesSearchCV,1.5484238524979337,1.2288995022773743,18.637128592395804,0.12514985968863535
1535.069821436036,0.03295217081904411,leukocytes,SERUM,0.8,XGBoost Regressor,BayesSearchCV,1.5484238524979337,1.2288995022773743,18.637128592395804,0.12514985968863535
1361.506650670656,0.03191577270627022,leukocytes,SERUM,0.8,XGBoost Regressor,BayesSearchCV,1.5484238524979337,1.2288995022773743,18.637128592395804,0.12514985968863535
1587.138772665651,0.031451012939214706,leukocytes,SERUM,0.8,XGBoost Regressor,BayesSearchCV,1.5484238524979337,1.2288995022773743,18.637128592395804,0.12514985968863535
1126.232130299806,0.031329505145549774,leukocytes,SERUM,0.8,XGBoost Regressor,BayesSearchCV,1.5484238524979337,1.2288995022773743,18.637128592395804,0.12514985968863535
929.5272034323739,0.03057464025914669,leukocytes,SERUM,0.8,XGBoost Regressor,BayesSearchCV,1.5484238524979337,1.2288995022773743,18.637128592395804,0.12514985968863535
1529.284382410524,0.030542664229869843,leukocytes,SERUM,0.8,XGBoost Regressor,BayesSearchCV,1.5484238524979337,1.2288995022773743,18.637128592395804,0.12514985968863535
1677.777317398683,0.030138486996293068,leukocytes,SERUM,0.8,XGBoost Regressor,BayesSearchCV,1.5484238524979337,1.2288995022773743,18.637128592395804,0.12514985968863535
3045.069407094851,0.02962908335030079,leukocytes,SERUM,0.8,XGBoost Regressor,BayesSearchCV,1.5484238524979337,1.2288995022773743,18.637128592395804,0.12514985968863535
1145.516927051515,0.028944367542862892,leukocytes,SERUM,0.8,XGBoost Regressor,BayesSearchCV,1.5484238524979337,1.2288995022773743,18.637128592395804,0.12514985968863535
1143.588447376344,0.02737073041498661,leukocytes,SERUM,0.8,XGBoost Regressor,BayesSearchCV,1.5484238524979337,1.2288995022773743,18.637128592395804,0.12514985968863535
1689.348195449708,0.006413756777773507,leukocytes,URINE,0.8,XGBoost Regressor,BayesSearchCV,1.7414464737162103,1.3742535089191634,19.417106761059987,-0.13248009495648216
1687.419715774538,0.0062711316869125755,leukocytes,URINE,0.8,XGBoost Regressor,BayesSearchCV,1.7414464737162103,1.3742535089191634,19.417106761059987,-0.13248009495648216
1691.276675124879,0.006095992400309478,leukocytes,URINE,0.8,XGBoost Regressor,BayesSearchCV,1.7414464737162103,1.3742535089191634,19.417106761059987,-0.13248009495648216
1693.20515480005,0.005918061379679744,leukocytes,URINE,0.8,XGBoost Regressor,BayesSearchCV,1.7414464737162103,1.3742535089191634,19.417106761059987,-0.13248009495648216
3050.854846120364,0.005873181683476752,leukocytes,URINE,0.8,XGBoost Regressor,BayesSearchCV,1.7414464737162103,1.3742535089191634,19.417106761059987,-0.13248009495648216
1685.491236099367,0.00586052923911778,leukocytes,URINE,0.8,XGBoost Regressor,BayesSearchCV,1.7414464737162103,1.3742535089191634,19.417106761059987,-0.13248009495648216
1695.133634475221,0.005516231341195574,leukocytes,URINE,0.8,XGBoost Regressor,BayesSearchCV,1.7414464737162103,1.3742535089191634,19.417106761059987,-0.13248009495648216
1683.562756424196,0.005478066488223095,leukocytes,URINE,0.8,XGBoost Regressor,BayesSearchCV,1.7414464737162103,1.3742535089191634,19.417106761059987,-0.13248009495648216
1697.062114150392,0.0049755507956465335,leukocytes,URINE,0.8,XGBoost Regressor,BayesSearchCV,1.7414464737162103,1.3742535089191634,19.417106761059987,-0.13248009495648216
1681.634276749025,0.004946376976859649,leukocytes,URINE,0.8,XGBoost Regressor,BayesSearchCV,1.7414464737162103,1.3742535089191634,19.417106761059987,-0.13248009495648216
1698.990593825563,0.004621991786892121,leukocytes,URINE,0.8,XGBoost Regressor,BayesSearchCV,1.7414464737162103,1.3742535089191634,19.417106761059987,-0.13248009495648216
1679.705797073854,0.004474358900233295,leukocytes,URINE,0.8,XGBoost Regressor,BayesSearchCV,1.7414464737162103,1.3742535089191634,19.417106761059987,-0.13248009495648216
1700.919073500734,0.00421783748410001,leukocytes,URINE,0.8,XGBoost Regressor,BayesSearchCV,1.7414464737162103,1.3742535089191634,19.417106761059987,-0.13248009495648216
1677.777317398683,0.004025613137488102,leukocytes,URINE,0.8,XGBoost Regressor,BayesSearchCV,1.7414464737162103,1.3742535089191634,19.417106761059987,-0.13248009495648216
1702.847553175905,0.0038518143914750697,leukocytes,URINE,0.8,XGBoost Regressor,BayesSearchCV,1.7414464737162103,1.3742535089191634,19.417106761059987,-0.13248009495648216
1675.848837723512,0.0035515069614466374,leukocytes,URINE,0.8,XGBoost Regressor,BayesSearchCV,1.7414464737162103,1.3742535089191634,19.417106761059987,-0.13248009495648216
1704.776032851076,0.0035508035994722908,leukocytes,URINE,0.8,XGBoost Regressor,BayesSearchCV,1.7414464737162103,1.3742535089191634,19.417106761059987,-0.13248009495648216
2867.649276979128,0.0035469230910958635,leukocytes,URINE,0.8,XGBoost Regressor,BayesSearchCV,1.7414464737162103,1.3742535089191634,19.417106761059987,-0.13248009495648216
2865.720797303957,0.0035453362689557215,leukocytes,URINE,0.8,XGBoost Regressor,BayesSearchCV,1.7414464737162103,1.3742535089191634,19.417106761059987,-0.13248009495648216
2863.792317628786,0.003531554288714212,leukocytes,URINE,0.8,XGBoost Regressor,BayesSearchCV,1.7414464737162103,1.3742535089191634,19.417106761059987,-0.13248009495648216
1625.708366169069,0.023920424282550812,leukocytes,URINE,0.8,XGBoost Regressor,BayesSearchCV,1.7320042141265053,1.3243224269465395,18.631796329597368,-0.12023259657970597
1629.56532551941,0.02213345281779766,leukocytes,URINE,0.8,XGBoost Regressor,BayesSearchCV,1.7320042141265053,1.3243224269465395,18.631796329597368,-0.12023259657970597
1633.422284869752,0.021587559953331947,leukocytes,URINE,0.8,XGBoost Regressor,BayesSearchCV,1.7320042141265053,1.3243224269465395,18.631796329597368,-0.12023259657970597
1631.493805194581,0.019378960132598877,leukocytes,URINE,0.8,XGBoost Regressor,BayesSearchCV,1.7320042141265053,1.3243224269465395,18.631796329597368,-0.12023259657970597
1627.63684584424,0.017866861075162888,leukocytes,URINE,0.8,XGBoost Regressor,BayesSearchCV,1.7320042141265053,1.3243224269465395,18.631796329597368,-0.12023259657970597
981.5961546619883,0.01603788323700428,leukocytes,URINE,0.8,XGBoost Regressor,BayesSearchCV,1.7320042141265053,1.3243224269465395,18.631796329597368,-0.12023259657970597
1708.632992201417,0.015951555222272873,leukocytes,URINE,0.8,XGBoost Regressor,BayesSearchCV,1.7320042141265053,1.3243224269465395,18.631796329597368,-0.12023259657970597
1623.779886493898,0.014645206741988659,leukocytes,URINE,0.8,XGBoost Regressor,BayesSearchCV,1.7320042141265053,1.3243224269465395,18.631796329597368,-0.12023259657970597
1843.62656946338,0.013487354852259159,leukocytes,URINE,0.8,XGBoost Regressor,BayesSearchCV,1.7320042141265053,1.3243224269465395,18.631796329597368,-0.12023259657970597
1133.946049000489,0.013329053297638893,leukocytes,URINE,0.8,XGBoost Regressor,BayesSearchCV,1.7320042141265053,1.3243224269465395,18.631796329597368,-0.12023259657970597
3048.926366445193,0.012093844823539257,leukocytes,URINE,0.8,XGBoost Regressor,BayesSearchCV,1.7320042141265053,1.3243224269465395,18.631796329597368,-0.12023259657970597
1376.934488072023,0.011676142923533916,leukocytes,URINE,0.8,XGBoost Regressor,BayesSearchCV,1.7320042141265053,1.3243224269465395,18.631796329597368,-0.12023259657970597
1130.089089650148,0.011478165164589882,leukocytes,URINE,0.8,XGBoost Regressor,BayesSearchCV,1.7320042141265053,1.3243224269465395,18.631796329597368,-0.12023259657970597
3037.355488394167,0.011421597562730312,leukocytes,URINE,0.8,XGBoost Regressor,BayesSearchCV,1.7320042141265053,1.3243224269465395,18.631796329597368,-0.12023259657970597
1137.803008350831,0.010994801297783852,leukocytes,URINE,0.8,XGBoost Regressor,BayesSearchCV,1.7320042141265053,1.3243224269465395,18.631796329597368,-0.12023259657970597
3041.212447744509,0.010170303285121918,leukocytes,URINE,0.8,XGBoost Regressor,BayesSearchCV,1.7320042141265053,1.3243224269465395,18.631796329597368,-0.12023259657970597
1006.66639043921,0.010008196346461773,leukocytes,URINE,0.8,XGBoost Regressor,BayesSearchCV,1.7320042141265053,1.3243224269465395,18.631796329597368,-0.12023259657970597
1025.951187190919,0.00991568062454462,leukocytes,URINE,0.8,XGBoost Regressor,BayesSearchCV,1.7320042141265053,1.3243224269465395,18.631796329597368,-0.12023259657970597
3043.14092741968,0.009758265689015388,leukocytes,URINE,0.8,XGBoost Regressor,BayesSearchCV,1.7320042141265053,1.3243224269465395,18.631796329597368,-0.12023259657970597
1132.017569325318,0.009726091288030148,leukocytes,URINE,0.8,XGBoost Regressor,BayesSearchCV,1.7320042141265053,1.3243224269465395,18.631796329597368,-0.12023259657970597
1689.348195449708,0.007334627486432858,leukocytes,URINE,0.8,XGBoost Regressor,BayesSearchCV,1.7693374932043933,1.3612521121376435,19.457466757654384,-0.16904620925066993
1687.419715774538,0.00700645356462915,leukocytes,URINE,0.8,XGBoost Regressor,BayesSearchCV,1.7693374932043933,1.3612521121376435,19.457466757654384,-0.16904620925066993
3050.854846120364,0.00699639992716152,leukocytes,URINE,0.8,XGBoost Regressor,BayesSearchCV,1.7693374932043933,1.3612521121376435,19.457466757654384,-0.16904620925066993
1693.20515480005,0.006933078352199031,leukocytes,URINE,0.8,XGBoost Regressor,BayesSearchCV,1.7693374932043933,1.3612521121376435,19.457466757654384,-0.16904620925066993
1691.276675124879,0.006927699041972526,leukocytes,URINE,0.8,XGBoost Regressor,BayesSearchCV,1.7693374932043933,1.3612521121376435,19.457466757654384,-0.16904620925066993
1695.133634475221,0.0065747318809395204,leukocytes,URINE,0.8,XGBoost Regressor,BayesSearchCV,1.7693374932043933,1.3612521121376435,19.457466757654384,-0.16904620925066993
1685.491236099367,0.006351561507236678,leukocytes,URINE,0.8,XGBoost Regressor,BayesSearchCV,1.7693374932043933,1.3612521121376435,19.457466757654384,-0.16904620925066993
1697.062114150392,0.005913479660113576,leukocytes,URINE,0.8,XGBoost Regressor,BayesSearchCV,1.7693374932043933,1.3612521121376435,19.457466757654384,-0.16904620925066993
1683.562756424196,0.00590288496052929,leukocytes,URINE,0.8,XGBoost Regressor,BayesSearchCV,1.7693374932043933,1.3612521121376435,19.457466757654384,-0.16904620925066993
1698.990593825563,0.005603960085806931,leukocytes,URINE,0.8,XGBoost Regressor,BayesSearchCV,1.7693374932043933,1.3612521121376435,19.457466757654384,-0.16904620925066993
1681.634276749025,0.005195718882553148,leukocytes,URINE,0.8,XGBoost Regressor,BayesSearchCV,1.7693374932043933,1.3612521121376435,19.457466757654384,-0.16904620925066993
1700.919073500734,0.00517041801649997,leukocytes,URINE,0.8,XGBoost Regressor,BayesSearchCV,1.7693374932043933,1.3612521121376435,19.457466757654384,-0.16904620925066993
1702.847553175905,0.004778224187013265,leukocytes,URINE,0.8,XGBoost Regressor,BayesSearchCV,1.7693374932043933,1.3612521121376435,19.457466757654384,-0.16904620925066993
1679.705797073854,0.004657385058329613,leukocytes,URINE,0.8,XGBoost Regressor,BayesSearchCV,1.7693374932043933,1.3612521121376435,19.457466757654384,-0.16904620925066993
1704.776032851076,0.004559005306713591,leukocytes,URINE,0.8,XGBoost Regressor,BayesSearchCV,1.7693374932043933,1.3612521121376435,19.457466757654384,-0.16904620925066993
1677.777317398683,0.004141522575730282,leukocytes,URINE,0.8,XGBoost Regressor,BayesSearchCV,1.7693374932043933,1.3612521121376435,19.457466757654384,-0.16904620925066993
1706.704512526246,0.004019599945632011,leukocytes,URINE,0.8,XGBoost Regressor,BayesSearchCV,1.7693374932043933,1.3612521121376435,19.457466757654384,-0.16904620925066993
1675.848837723512,0.003536165987973447,leukocytes,URINE,0.8,XGBoost Regressor,BayesSearchCV,1.7693374932043933,1.3612521121376435,19.457466757654384,-0.16904620925066993
1708.632992201417,0.003445517590601158,leukocytes,URINE,0.8,XGBoost Regressor,BayesSearchCV,1.7693374932043933,1.3612521121376435,19.457466757654384,-0.16904620925066993
1396.219284823732,0.0033329153993575185,leukocytes,URINE,0.8,XGBoost Regressor,BayesSearchCV,1.7693374932043933,1.3612521121376435,19.457466757654384,-0.16904620925066993
1629.56532551941,0.3130585551261902,leukocytes,URINE,0.8,XGBoost Regressor,BayesSearchCV,1.7654226138312892,1.3204309463500976,18.574563417873165,-0.163878612139311
1290.152902689332,0.18388348817825317,leukocytes,URINE,0.8,XGBoost Regressor,BayesSearchCV,1.7654226138312892,1.3204309463500976,18.574563417873165,-0.163878612139311
1708.632992201417,0.17562861740589142,leukocytes,URINE,0.8,XGBoost Regressor,BayesSearchCV,1.7654226138312892,1.3204309463500976,18.574563417873165,-0.163878612139311
3048.926366445193,0.17343415319919586,leukocytes,URINE,0.8,XGBoost Regressor,BayesSearchCV,1.7654226138312892,1.3204309463500976,18.574563417873165,-0.163878612139311
3045.069407094851,0.15399521589279175,leukocytes,URINE,0.8,XGBoost Regressor,BayesSearchCV,1.7654226138312892,1.3204309463500976,18.574563417873165,-0.163878612139311
929.5272034323739,0.0,leukocytes,URINE,0.8,XGBoost Regressor,BayesSearchCV,1.7654226138312892,1.3204309463500976,18.574563417873165,-0.163878612139311
2566.806447652468,0.0,leukocytes,URINE,0.8,XGBoost Regressor,BayesSearchCV,1.7654226138312892,1.3204309463500976,18.574563417873165,-0.163878612139311
2551.378610251101,0.0,leukocytes,URINE,0.8,XGBoost Regressor,BayesSearchCV,1.7654226138312892,1.3204309463500976,18.574563417873165,-0.163878612139311
2553.307089926272,0.0,leukocytes,URINE,0.8,XGBoost Regressor,BayesSearchCV,1.7654226138312892,1.3204309463500976,18.574563417873165,-0.163878612139311
2555.235569601442,0.0,leukocytes,URINE,0.8,XGBoost Regressor,BayesSearchCV,1.7654226138312892,1.3204309463500976,18.574563417873165,-0.163878612139311
2557.164049276613,0.0,leukocytes,URINE,0.8,XGBoost Regressor,BayesSearchCV,1.7654226138312892,1.3204309463500976,18.574563417873165,-0.163878612139311
2559.092528951784,0.0,leukocytes,URINE,0.8,XGBoost Regressor,BayesSearchCV,1.7654226138312892,1.3204309463500976,18.574563417873165,-0.163878612139311
2561.021008626955,0.0,leukocytes,URINE,0.8,XGBoost Regressor,BayesSearchCV,1.7654226138312892,1.3204309463500976,18.574563417873165,-0.163878612139311
2562.949488302126,0.0,leukocytes,URINE,0.8,XGBoost Regressor,BayesSearchCV,1.7654226138312892,1.3204309463500976,18.574563417873165,-0.163878612139311
2564.877967977297,0.0,leukocytes,URINE,0.8,XGBoost Regressor,BayesSearchCV,1.7654226138312892,1.3204309463500976,18.574563417873165,-0.163878612139311
2570.663407002809,0.0,leukocytes,URINE,0.8,XGBoost Regressor,BayesSearchCV,1.7654226138312892,1.3204309463500976,18.574563417873165,-0.163878612139311
2568.734927327639,0.0,leukocytes,URINE,0.8,XGBoost Regressor,BayesSearchCV,1.7654226138312892,1.3204309463500976,18.574563417873165,-0.163878612139311
2547.521650900759,0.0,leukocytes,URINE,0.8,XGBoost Regressor,BayesSearchCV,1.7654226138312892,1.3204309463500976,18.574563417873165,-0.163878612139311
2572.59188667798,0.0,leukocytes,URINE,0.8,XGBoost Regressor,BayesSearchCV,1.7654226138312892,1.3204309463500976,18.574563417873165,-0.163878612139311
2574.520366353152,0.0,leukocytes,URINE,0.8,XGBoost Regressor,BayesSearchCV,1.7654226138312892,1.3204309463500976,18.574563417873165,-0.163878612139311
