Wavenumber (cm⁻¹),Importance,target_variable,Sample Type,Train Percentage,Model,Search Type,RMSE,MAE,MAPE,R²,run_id,run_name
1222.656114058351,0.005780356127102295,erythrocytes,CAPILAR,0.8,MLP Regressor,GridSearchCV,0.906737998551746,0.43342248955704576,92.57457764529553,0.002736657220728911,078e2a857d394e3a859226522fd402dd,experiment_linear_erythrocytes
1224.584593733522,0.005719071216342272,erythrocytes,CAPILAR,0.8,MLP Regressor,GridSearchCV,0.906737998551746,0.43342248955704576,92.57457764529553,0.002736657220728911,078e2a857d394e3a859226522fd402dd,experiment_linear_erythrocytes
1220.72763438318,0.005419775270810347,erythrocytes,CAPILAR,0.8,MLP Regressor,GridSearchCV,0.906737998551746,0.43342248955704576,92.57457764529553,0.002736657220728911,078e2a857d394e3a859226522fd402dd,experiment_linear_erythrocytes
1226.513073408692,0.005338304557488088,erythrocytes,CAPILAR,0.8,MLP Regressor,GridSearchCV,0.906737998551746,0.43342248955704576,92.57457764529553,0.002736657220728911,078e2a857d394e3a859226522fd402dd,experiment_linear_erythrocytes
1228.441553083863,0.004775217390317578,erythrocytes,CAPILAR,0.8,MLP Regressor,GridSearchCV,0.906737998551746,0.43342248955704576,92.57457764529553,0.002736657220728911,078e2a857d394e3a859226522fd402dd,experiment_linear_erythrocytes
1218.799154708009,0.004681485085795831,erythrocytes,CAPILAR,0.8,MLP Regressor,GridSearchCV,0.906737998551746,0.43342248955704576,92.57457764529553,0.002736657220728911,078e2a857d394e3a859226522fd402dd,experiment_linear_erythrocytes
1230.370032759034,0.004199514582383708,erythrocytes,CAPILAR,0.8,MLP Regressor,GridSearchCV,0.906737998551746,0.43342248955704576,92.57457764529553,0.002736657220728911,078e2a857d394e3a859226522fd402dd,experiment_linear_erythrocytes
1216.870675032838,0.003790266621578265,erythrocytes,CAPILAR,0.8,MLP Regressor,GridSearchCV,0.906737998551746,0.43342248955704576,92.57457764529553,0.002736657220728911,078e2a857d394e3a859226522fd402dd,experiment_linear_erythrocytes
1232.298512434205,0.0037592517669112484,erythrocytes,CAPILAR,0.8,MLP Regressor,GridSearchCV,0.906737998551746,0.43342248955704576,92.57457764529553,0.002736657220728911,078e2a857d394e3a859226522fd402dd,experiment_linear_erythrocytes
1234.226992109376,0.0034642162501585076,erythrocytes,CAPILAR,0.8,MLP Regressor,GridSearchCV,0.906737998551746,0.43342248955704576,92.57457764529553,0.002736657220728911,078e2a857d394e3a859226522fd402dd,experiment_linear_erythrocytes
1238.083951459718,0.0034254279865200926,erythrocytes,CAPILAR,0.8,MLP Regressor,GridSearchCV,0.906737998551746,0.43342248955704576,92.57457764529553,0.002736657220728911,078e2a857d394e3a859226522fd402dd,experiment_linear_erythrocytes
1236.155471784547,0.0033858542784616,erythrocytes,CAPILAR,0.8,MLP Regressor,GridSearchCV,0.906737998551746,0.43342248955704576,92.57457764529553,0.002736657220728911,078e2a857d394e3a859226522fd402dd,experiment_linear_erythrocytes
1253.511788861085,0.003368532439256407,erythrocytes,CAPILAR,0.8,MLP Regressor,GridSearchCV,0.906737998551746,0.43342248955704576,92.57457764529553,0.002736657220728911,078e2a857d394e3a859226522fd402dd,experiment_linear_erythrocytes
1240.012431134889,0.0033481655390325176,erythrocytes,CAPILAR,0.8,MLP Regressor,GridSearchCV,0.906737998551746,0.43342248955704576,92.57457764529553,0.002736657220728911,078e2a857d394e3a859226522fd402dd,experiment_linear_erythrocytes
1255.440268536256,0.0032953498260112042,erythrocytes,CAPILAR,0.8,MLP Regressor,GridSearchCV,0.906737998551746,0.43342248955704576,92.57457764529553,0.002736657220728911,078e2a857d394e3a859226522fd402dd,experiment_linear_erythrocytes
1349.93577261963,0.00329144380301404,erythrocytes,CAPILAR,0.8,MLP Regressor,GridSearchCV,0.906737998551746,0.43342248955704576,92.57457764529553,0.002736657220728911,078e2a857d394e3a859226522fd402dd,experiment_linear_erythrocytes
1251.583309185914,0.0032688748242470844,erythrocytes,CAPILAR,0.8,MLP Regressor,GridSearchCV,0.906737998551746,0.43342248955704576,92.57457764529553,0.002736657220728911,078e2a857d394e3a859226522fd402dd,experiment_linear_erythrocytes
1708.632992201417,0.003268297178377655,erythrocytes,CAPILAR,0.8,MLP Regressor,GridSearchCV,0.906737998551746,0.43342248955704576,92.57457764529553,0.002736657220728911,078e2a857d394e3a859226522fd402dd,experiment_linear_erythrocytes
1072.23469939502,0.0032449560802934414,erythrocytes,CAPILAR,0.8,MLP Regressor,GridSearchCV,0.906737998551746,0.43342248955704576,92.57457764529553,0.002736657220728911,078e2a857d394e3a859226522fd402dd,experiment_linear_erythrocytes
1700.919073500734,0.0032436377919519014,erythrocytes,CAPILAR,0.8,MLP Regressor,GridSearchCV,0.906737998551746,0.43342248955704576,92.57457764529553,0.002736657220728911,078e2a857d394e3a859226522fd402dd,experiment_linear_erythrocytes
1078.020138420533,0.005890977175505991,erythrocytes,CAPILAR,0.8,MLP Regressor,GridSearchCV,0.8988617581319168,0.42241694942713426,92.76378771916725,0.01998656094313145,078e2a857d394e3a859226522fd402dd,experiment_linear_erythrocytes
1070.306219719849,0.005540271853986618,erythrocytes,CAPILAR,0.8,MLP Regressor,GridSearchCV,0.8988617581319168,0.42241694942713426,92.76378771916725,0.01998656094313145,078e2a857d394e3a859226522fd402dd,experiment_linear_erythrocytes
950.7404798592538,0.00551431157871231,erythrocytes,CAPILAR,0.8,MLP Regressor,GridSearchCV,0.8988617581319168,0.42241694942713426,92.76378771916725,0.01998656094313145,078e2a857d394e3a859226522fd402dd,experiment_linear_erythrocytes
948.812000184083,0.00541639943615391,erythrocytes,CAPILAR,0.8,MLP Regressor,GridSearchCV,0.8988617581319168,0.42241694942713426,92.76378771916725,0.01998656094313145,078e2a857d394e3a859226522fd402dd,experiment_linear_erythrocytes
1074.163179070191,0.005343956516055518,erythrocytes,CAPILAR,0.8,MLP Regressor,GridSearchCV,0.8988617581319168,0.42241694942713426,92.76378771916725,0.01998656094313145,078e2a857d394e3a859226522fd402dd,experiment_linear_erythrocytes
1093.447975821901,0.005256058047673085,erythrocytes,CAPILAR,0.8,MLP Regressor,GridSearchCV,0.8988617581319168,0.42241694942713426,92.76378771916725,0.01998656094313145,078e2a857d394e3a859226522fd402dd,experiment_linear_erythrocytes
1076.091658745362,0.005098568071810689,erythrocytes,CAPILAR,0.8,MLP Regressor,GridSearchCV,0.8988617581319168,0.42241694942713426,92.76378771916725,0.01998656094313145,078e2a857d394e3a859226522fd402dd,experiment_linear_erythrocytes
1110.804292898438,0.00501625818149536,erythrocytes,CAPILAR,0.8,MLP Regressor,GridSearchCV,0.8988617581319168,0.42241694942713426,92.76378771916725,0.01998656094313145,078e2a857d394e3a859226522fd402dd,experiment_linear_erythrocytes
1099.233414847413,0.00460436468289346,erythrocytes,CAPILAR,0.8,MLP Regressor,GridSearchCV,0.8988617581319168,0.42241694942713426,92.76378771916725,0.01998656094313145,078e2a857d394e3a859226522fd402dd,experiment_linear_erythrocytes
1022.094227840577,0.004358176594152245,erythrocytes,CAPILAR,0.8,MLP Regressor,GridSearchCV,0.8988617581319168,0.42241694942713426,92.76378771916725,0.01998656094313145,078e2a857d394e3a859226522fd402dd,experiment_linear_erythrocytes
1357.649691320314,0.004001645294206458,erythrocytes,CAPILAR,0.8,MLP Regressor,GridSearchCV,0.8988617581319168,0.42241694942713426,92.76378771916725,0.01998656094313145,078e2a857d394e3a859226522fd402dd,experiment_linear_erythrocytes
1328.72249619275,0.003951263289810238,erythrocytes,CAPILAR,0.8,MLP Regressor,GridSearchCV,0.8988617581319168,0.42241694942713426,92.76378771916725,0.01998656094313145,078e2a857d394e3a859226522fd402dd,experiment_linear_erythrocytes
1126.232130299806,0.003866179708625264,erythrocytes,CAPILAR,0.8,MLP Regressor,GridSearchCV,0.8988617581319168,0.42241694942713426,92.76378771916725,0.01998656094313145,078e2a857d394e3a859226522fd402dd,experiment_linear_erythrocytes
1079.948618095704,0.0038463315641352937,erythrocytes,CAPILAR,0.8,MLP Regressor,GridSearchCV,0.8988617581319168,0.42241694942713426,92.76378771916725,0.01998656094313145,078e2a857d394e3a859226522fd402dd,experiment_linear_erythrocytes
1600.638130391847,0.003734268632349768,erythrocytes,CAPILAR,0.8,MLP Regressor,GridSearchCV,0.8988617581319168,0.42241694942713426,92.76378771916725,0.01998656094313145,078e2a857d394e3a859226522fd402dd,experiment_linear_erythrocytes
2659.373472060671,0.003694731020450015,erythrocytes,CAPILAR,0.8,MLP Regressor,GridSearchCV,0.8988617581319168,0.42241694942713426,92.76378771916725,0.01998656094313145,078e2a857d394e3a859226522fd402dd,experiment_linear_erythrocytes
1583.281813315309,0.00369207498961304,erythrocytes,CAPILAR,0.8,MLP Regressor,GridSearchCV,0.8988617581319168,0.42241694942713426,92.76378771916725,0.01998656094313145,078e2a857d394e3a859226522fd402dd,experiment_linear_erythrocytes
1376.934488072023,0.0036647777800036946,erythrocytes,CAPILAR,0.8,MLP Regressor,GridSearchCV,0.8988617581319168,0.42241694942713426,92.76378771916725,0.01998656094313145,078e2a857d394e3a859226522fd402dd,experiment_linear_erythrocytes
1081.877097770875,0.0035691744261394896,erythrocytes,CAPILAR,0.8,MLP Regressor,GridSearchCV,0.8988617581319168,0.42241694942713426,92.76378771916725,0.01998656094313145,078e2a857d394e3a859226522fd402dd,experiment_linear_erythrocytes
1598.709650716676,0.003422642342696243,erythrocytes,CAPILAR,0.8,MLP Regressor,GridSearchCV,0.8988617581319168,0.42241694942713426,92.76378771916725,0.01998656094313145,078e2a857d394e3a859226522fd402dd,experiment_linear_erythrocytes
1222.656114058351,0.0057803561270970095,erythrocytes,CAPILAR,0.8,MLP Regressor,GridSearchCV,0.9067379985517483,0.43342248955704177,92.57457764529488,0.0027366572207236928,078e2a857d394e3a859226522fd402dd,experiment_linear_erythrocytes
1224.584593733522,0.005719071216337394,erythrocytes,CAPILAR,0.8,MLP Regressor,GridSearchCV,0.9067379985517483,0.43342248955704177,92.57457764529488,0.0027366572207236928,078e2a857d394e3a859226522fd402dd,experiment_linear_erythrocytes
1220.72763438318,0.0054197752708050086,erythrocytes,CAPILAR,0.8,MLP Regressor,GridSearchCV,0.9067379985517483,0.43342248955704177,92.57457764529488,0.0027366572207236928,078e2a857d394e3a859226522fd402dd,experiment_linear_erythrocytes
1226.513073408692,0.005338304557483822,erythrocytes,CAPILAR,0.8,MLP Regressor,GridSearchCV,0.9067379985517483,0.43342248955704177,92.57457764529488,0.0027366572207236928,078e2a857d394e3a859226522fd402dd,experiment_linear_erythrocytes
1228.441553083863,0.004775217390313991,erythrocytes,CAPILAR,0.8,MLP Regressor,GridSearchCV,0.9067379985517483,0.43342248955704177,92.57457764529488,0.0027366572207236928,078e2a857d394e3a859226522fd402dd,experiment_linear_erythrocytes
1218.799154708009,0.004681485085790874,erythrocytes,CAPILAR,0.8,MLP Regressor,GridSearchCV,0.9067379985517483,0.43342248955704177,92.57457764529488,0.0027366572207236928,078e2a857d394e3a859226522fd402dd,experiment_linear_erythrocytes
1230.370032759034,0.004199514582380745,erythrocytes,CAPILAR,0.8,MLP Regressor,GridSearchCV,0.9067379985517483,0.43342248955704177,92.57457764529488,0.0027366572207236928,078e2a857d394e3a859226522fd402dd,experiment_linear_erythrocytes
1216.870675032838,0.0037902666215739486,erythrocytes,CAPILAR,0.8,MLP Regressor,GridSearchCV,0.9067379985517483,0.43342248955704177,92.57457764529488,0.0027366572207236928,078e2a857d394e3a859226522fd402dd,experiment_linear_erythrocytes
1232.298512434205,0.0037592517669087742,erythrocytes,CAPILAR,0.8,MLP Regressor,GridSearchCV,0.9067379985517483,0.43342248955704177,92.57457764529488,0.0027366572207236928,078e2a857d394e3a859226522fd402dd,experiment_linear_erythrocytes
1234.226992109376,0.0034642162501563843,erythrocytes,CAPILAR,0.8,MLP Regressor,GridSearchCV,0.9067379985517483,0.43342248955704177,92.57457764529488,0.0027366572207236928,078e2a857d394e3a859226522fd402dd,experiment_linear_erythrocytes
1238.083951459718,0.0034254279865180964,erythrocytes,CAPILAR,0.8,MLP Regressor,GridSearchCV,0.9067379985517483,0.43342248955704177,92.57457764529488,0.0027366572207236928,078e2a857d394e3a859226522fd402dd,experiment_linear_erythrocytes
1236.155471784547,0.003385854278459603,erythrocytes,CAPILAR,0.8,MLP Regressor,GridSearchCV,0.9067379985517483,0.43342248955704177,92.57457764529488,0.0027366572207236928,078e2a857d394e3a859226522fd402dd,experiment_linear_erythrocytes
1253.511788861085,0.0033685324392547437,erythrocytes,CAPILAR,0.8,MLP Regressor,GridSearchCV,0.9067379985517483,0.43342248955704177,92.57457764529488,0.0027366572207236928,078e2a857d394e3a859226522fd402dd,experiment_linear_erythrocytes
1240.012431134889,0.003348165539030642,erythrocytes,CAPILAR,0.8,MLP Regressor,GridSearchCV,0.9067379985517483,0.43342248955704177,92.57457764529488,0.0027366572207236928,078e2a857d394e3a859226522fd402dd,experiment_linear_erythrocytes
1255.440268536256,0.0032953498260096556,erythrocytes,CAPILAR,0.8,MLP Regressor,GridSearchCV,0.9067379985517483,0.43342248955704177,92.57457764529488,0.0027366572207236928,078e2a857d394e3a859226522fd402dd,experiment_linear_erythrocytes
1349.93577261963,0.0032914438030131454,erythrocytes,CAPILAR,0.8,MLP Regressor,GridSearchCV,0.9067379985517483,0.43342248955704177,92.57457764529488,0.0027366572207236928,078e2a857d394e3a859226522fd402dd,experiment_linear_erythrocytes
1251.583309185914,0.003268874824245492,erythrocytes,CAPILAR,0.8,MLP Regressor,GridSearchCV,0.9067379985517483,0.43342248955704177,92.57457764529488,0.0027366572207236928,078e2a857d394e3a859226522fd402dd,experiment_linear_erythrocytes
1708.632992201417,0.0032682971783758842,erythrocytes,CAPILAR,0.8,MLP Regressor,GridSearchCV,0.9067379985517483,0.43342248955704177,92.57457764529488,0.0027366572207236928,078e2a857d394e3a859226522fd402dd,experiment_linear_erythrocytes
1072.23469939502,0.0032449560802903323,erythrocytes,CAPILAR,0.8,MLP Regressor,GridSearchCV,0.9067379985517483,0.43342248955704177,92.57457764529488,0.0027366572207236928,078e2a857d394e3a859226522fd402dd,experiment_linear_erythrocytes
1700.919073500734,0.0032436377919505873,erythrocytes,CAPILAR,0.8,MLP Regressor,GridSearchCV,0.9067379985517483,0.43342248955704177,92.57457764529488,0.0027366572207236928,078e2a857d394e3a859226522fd402dd,experiment_linear_erythrocytes
1546.640699487062,0.02179669809858739,erythrocytes,CAPILAR,0.8,MLP Regressor,GridSearchCV,0.9085754767638174,0.4417539846091141,92.1642613055198,-0.0013092885099865725,078e2a857d394e3a859226522fd402dd,experiment_linear_erythrocytes
1556.283097862916,0.0201184368209832,erythrocytes,CAPILAR,0.8,MLP Regressor,GridSearchCV,0.9085754767638174,0.4417539846091141,92.1642613055198,-0.0013092885099865725,078e2a857d394e3a859226522fd402dd,experiment_linear_erythrocytes
1563.9970165636,0.016934455317778343,erythrocytes,CAPILAR,0.8,MLP Regressor,GridSearchCV,0.9085754767638174,0.4417539846091141,92.1642613055198,-0.0013092885099865725,078e2a857d394e3a859226522fd402dd,experiment_linear_erythrocytes
1660.421000322145,0.016044622207264072,erythrocytes,CAPILAR,0.8,MLP Regressor,GridSearchCV,0.9085754767638174,0.4417539846091141,92.1642613055198,-0.0013092885099865725,078e2a857d394e3a859226522fd402dd,experiment_linear_erythrocytes
1544.712219811891,0.015163424493783752,erythrocytes,CAPILAR,0.8,MLP Regressor,GridSearchCV,0.9085754767638174,0.4417539846091141,92.1642613055198,-0.0013092885099865725,078e2a857d394e3a859226522fd402dd,experiment_linear_erythrocytes
1548.569179162233,0.014991513926447287,erythrocytes,CAPILAR,0.8,MLP Regressor,GridSearchCV,0.9085754767638174,0.4417539846091141,92.1642613055198,-0.0013092885099865725,078e2a857d394e3a859226522fd402dd,experiment_linear_erythrocytes
1550.497658837404,0.013811207521215339,erythrocytes,CAPILAR,0.8,MLP Regressor,GridSearchCV,0.9085754767638174,0.4417539846091141,92.1642613055198,-0.0013092885099865725,078e2a857d394e3a859226522fd402dd,experiment_linear_erythrocytes
1540.855260461549,0.013154191452704848,erythrocytes,CAPILAR,0.8,MLP Regressor,GridSearchCV,0.9085754767638174,0.4417539846091141,92.1642613055198,-0.0013092885099865725,078e2a857d394e3a859226522fd402dd,experiment_linear_erythrocytes
1654.635561296632,0.012781082718732004,erythrocytes,CAPILAR,0.8,MLP Regressor,GridSearchCV,0.9085754767638174,0.4417539846091141,92.1642613055198,-0.0013092885099865725,078e2a857d394e3a859226522fd402dd,experiment_linear_erythrocytes
1656.564040971803,0.01256508537432454,erythrocytes,CAPILAR,0.8,MLP Regressor,GridSearchCV,0.9085754767638174,0.4417539846091141,92.1642613055198,-0.0013092885099865725,078e2a857d394e3a859226522fd402dd,experiment_linear_erythrocytes
1533.141341760865,0.011562018982485834,erythrocytes,CAPILAR,0.8,MLP Regressor,GridSearchCV,0.9085754767638174,0.4417539846091141,92.1642613055198,-0.0013092885099865725,078e2a857d394e3a859226522fd402dd,experiment_linear_erythrocytes
1658.492520646974,0.01144568183649775,erythrocytes,CAPILAR,0.8,MLP Regressor,GridSearchCV,0.9085754767638174,0.4417539846091141,92.1642613055198,-0.0013092885099865725,078e2a857d394e3a859226522fd402dd,experiment_linear_erythrocytes
1542.78374013672,0.011321308605246128,erythrocytes,CAPILAR,0.8,MLP Regressor,GridSearchCV,0.9085754767638174,0.4417539846091141,92.1642613055198,-0.0013092885099865725,078e2a857d394e3a859226522fd402dd,experiment_linear_erythrocytes
1573.639414939454,0.011297332362497988,erythrocytes,CAPILAR,0.8,MLP Regressor,GridSearchCV,0.9085754767638174,0.4417539846091141,92.1642613055198,-0.0013092885099865725,078e2a857d394e3a859226522fd402dd,experiment_linear_erythrocytes
1567.853975913942,0.011058198983254634,erythrocytes,CAPILAR,0.8,MLP Regressor,GridSearchCV,0.9085754767638174,0.4417539846091141,92.1642613055198,-0.0013092885099865725,078e2a857d394e3a859226522fd402dd,experiment_linear_erythrocytes
1652.707081621461,0.011045061649995086,erythrocytes,CAPILAR,0.8,MLP Regressor,GridSearchCV,0.9085754767638174,0.4417539846091141,92.1642613055198,-0.0013092885099865725,078e2a857d394e3a859226522fd402dd,experiment_linear_erythrocytes
1535.069821436036,0.010370486015555055,erythrocytes,CAPILAR,0.8,MLP Regressor,GridSearchCV,0.9085754767638174,0.4417539846091141,92.1642613055198,-0.0013092885099865725,078e2a857d394e3a859226522fd402dd,experiment_linear_erythrocytes
1536.998301111207,0.00981490225027686,erythrocytes,CAPILAR,0.8,MLP Regressor,GridSearchCV,0.9085754767638174,0.4417539846091141,92.1642613055198,-0.0013092885099865725,078e2a857d394e3a859226522fd402dd,experiment_linear_erythrocytes
1664.277959672487,0.009291565937082897,erythrocytes,CAPILAR,0.8,MLP Regressor,GridSearchCV,0.9085754767638174,0.4417539846091141,92.1642613055198,-0.0013092885099865725,078e2a857d394e3a859226522fd402dd,experiment_linear_erythrocytes
1625.708366169069,0.00909766541822893,erythrocytes,CAPILAR,0.8,MLP Regressor,GridSearchCV,0.9085754767638174,0.4417539846091141,92.1642613055198,-0.0013092885099865725,078e2a857d394e3a859226522fd402dd,experiment_linear_erythrocytes
1675.848837723512,0.00393155762290345,erythrocytes,PLASMA,0.8,MLP Regressor,GridSearchCV,0.9093733020085005,0.48418779598528594,87.78206414389551,-0.055734851531586305,078e2a857d394e3a859226522fd402dd,experiment_linear_erythrocytes
1382.719927097535,0.003930522631846508,erythrocytes,PLASMA,0.8,MLP Regressor,GridSearchCV,0.9093733020085005,0.48418779598528594,87.78206414389551,-0.055734851531586305,078e2a857d394e3a859226522fd402dd,experiment_linear_erythrocytes
1380.791447422364,0.0038451748617337163,erythrocytes,PLASMA,0.8,MLP Regressor,GridSearchCV,0.9093733020085005,0.48418779598528594,87.78206414389551,-0.055734851531586305,078e2a857d394e3a859226522fd402dd,experiment_linear_erythrocytes
1673.920358048341,0.0038306765166368057,erythrocytes,PLASMA,0.8,MLP Regressor,GridSearchCV,0.9093733020085005,0.48418779598528594,87.78206414389551,-0.055734851531586305,078e2a857d394e3a859226522fd402dd,experiment_linear_erythrocytes
1677.777317398683,0.003811847271444388,erythrocytes,PLASMA,0.8,MLP Regressor,GridSearchCV,0.9093733020085005,0.48418779598528594,87.78206414389551,-0.055734851531586305,078e2a857d394e3a859226522fd402dd,experiment_linear_erythrocytes
1384.648406772706,0.003796046446243253,erythrocytes,PLASMA,0.8,MLP Regressor,GridSearchCV,0.9093733020085005,0.48418779598528594,87.78206414389551,-0.055734851531586305,078e2a857d394e3a859226522fd402dd,experiment_linear_erythrocytes
2605.376041155886,0.003788148590508244,erythrocytes,PLASMA,0.8,MLP Regressor,GridSearchCV,0.9093733020085005,0.48418779598528594,87.78206414389551,-0.055734851531586305,078e2a857d394e3a859226522fd402dd,experiment_linear_erythrocytes
2603.447561480715,0.0037483977097418557,erythrocytes,PLASMA,0.8,MLP Regressor,GridSearchCV,0.9093733020085005,0.48418779598528594,87.78206414389551,-0.055734851531586305,078e2a857d394e3a859226522fd402dd,experiment_linear_erythrocytes
2607.304520831057,0.0037320329094518707,erythrocytes,PLASMA,0.8,MLP Regressor,GridSearchCV,0.9093733020085005,0.48418779598528594,87.78206414389551,-0.055734851531586305,078e2a857d394e3a859226522fd402dd,experiment_linear_erythrocytes
2591.876683429689,0.003720593418155583,erythrocytes,PLASMA,0.8,MLP Regressor,GridSearchCV,0.9093733020085005,0.48418779598528594,87.78206414389551,-0.055734851531586305,078e2a857d394e3a859226522fd402dd,experiment_linear_erythrocytes
2593.80516310486,0.0037202584134140254,erythrocytes,PLASMA,0.8,MLP Regressor,GridSearchCV,0.9093733020085005,0.48418779598528594,87.78206414389551,-0.055734851531586305,078e2a857d394e3a859226522fd402dd,experiment_linear_erythrocytes
2584.162764729006,0.003693242476196779,erythrocytes,PLASMA,0.8,MLP Regressor,GridSearchCV,0.9093733020085005,0.48418779598528594,87.78206414389551,-0.055734851531586305,078e2a857d394e3a859226522fd402dd,experiment_linear_erythrocytes
2589.948203754519,0.003681677578573691,erythrocytes,PLASMA,0.8,MLP Regressor,GridSearchCV,0.9093733020085005,0.48418779598528594,87.78206414389551,-0.055734851531586305,078e2a857d394e3a859226522fd402dd,experiment_linear_erythrocytes
2582.234285053835,0.003667530222781977,erythrocytes,PLASMA,0.8,MLP Regressor,GridSearchCV,0.9093733020085005,0.48418779598528594,87.78206414389551,-0.055734851531586305,078e2a857d394e3a859226522fd402dd,experiment_linear_erythrocytes
2586.091244404177,0.0036672288038905247,erythrocytes,PLASMA,0.8,MLP Regressor,GridSearchCV,0.9093733020085005,0.48418779598528594,87.78206414389551,-0.055734851531586305,078e2a857d394e3a859226522fd402dd,experiment_linear_erythrocytes
1679.705797073854,0.003660092107464366,erythrocytes,PLASMA,0.8,MLP Regressor,GridSearchCV,0.9093733020085005,0.48418779598528594,87.78206414389551,-0.055734851531586305,078e2a857d394e3a859226522fd402dd,experiment_linear_erythrocytes
2595.733642780031,0.003659905413092906,erythrocytes,PLASMA,0.8,MLP Regressor,GridSearchCV,0.9093733020085005,0.48418779598528594,87.78206414389551,-0.055734851531586305,078e2a857d394e3a859226522fd402dd,experiment_linear_erythrocytes
1671.99187837317,0.0036544038949468307,erythrocytes,PLASMA,0.8,MLP Regressor,GridSearchCV,0.9093733020085005,0.48418779598528594,87.78206414389551,-0.055734851531586305,078e2a857d394e3a859226522fd402dd,experiment_linear_erythrocytes
2580.305805378664,0.0036479567180846125,erythrocytes,PLASMA,0.8,MLP Regressor,GridSearchCV,0.9093733020085005,0.48418779598528594,87.78206414389551,-0.055734851531586305,078e2a857d394e3a859226522fd402dd,experiment_linear_erythrocytes
2578.377325703493,0.003647579967881689,erythrocytes,PLASMA,0.8,MLP Regressor,GridSearchCV,0.9093733020085005,0.48418779598528594,87.78206414389551,-0.055734851531586305,078e2a857d394e3a859226522fd402dd,experiment_linear_erythrocytes
1157.08780510254,0.005587464820414097,erythrocytes,PLASMA,0.8,MLP Regressor,GridSearchCV,0.939879511962716,0.5321748277857359,89.78709115248206,-0.12775516415273103,078e2a857d394e3a859226522fd402dd,experiment_linear_erythrocytes
1139.731488026002,0.00535965070333311,erythrocytes,PLASMA,0.8,MLP Regressor,GridSearchCV,0.939879511962716,0.5321748277857359,89.78709115248206,-0.12775516415273103,078e2a857d394e3a859226522fd402dd,experiment_linear_erythrocytes
2613.089959856569,0.005051332089122272,erythrocytes,PLASMA,0.8,MLP Regressor,GridSearchCV,0.939879511962716,0.5321748277857359,89.78709115248206,-0.12775516415273103,078e2a857d394e3a859226522fd402dd,experiment_linear_erythrocytes
1153.230845752198,0.004458059079191987,erythrocytes,PLASMA,0.8,MLP Regressor,GridSearchCV,0.939879511962716,0.5321748277857359,89.78709115248206,-0.12775516415273103,078e2a857d394e3a859226522fd402dd,experiment_linear_erythrocytes
2931.289106259768,0.004391610596065448,erythrocytes,PLASMA,0.8,MLP Regressor,GridSearchCV,0.939879511962716,0.5321748277857359,89.78709115248206,-0.12775516415273103,078e2a857d394e3a859226522fd402dd,experiment_linear_erythrocytes
1421.289520600953,0.004386704212239053,erythrocytes,PLASMA,0.8,MLP Regressor,GridSearchCV,0.939879511962716,0.5321748277857359,89.78709115248206,-0.12775516415273103,078e2a857d394e3a859226522fd402dd,experiment_linear_erythrocytes
1469.501512480226,0.004353062043829861,erythrocytes,PLASMA,0.8,MLP Regressor,GridSearchCV,0.939879511962716,0.5321748277857359,89.78709115248206,-0.12775516415273103,078e2a857d394e3a859226522fd402dd,experiment_linear_erythrocytes
1658.492520646974,0.003978747996860125,erythrocytes,PLASMA,0.8,MLP Regressor,GridSearchCV,0.939879511962716,0.5321748277857359,89.78709115248206,-0.12775516415273103,078e2a857d394e3a859226522fd402dd,experiment_linear_erythrocytes
2858.006878603273,0.003944207585011236,erythrocytes,PLASMA,0.8,MLP Regressor,GridSearchCV,0.939879511962716,0.5321748277857359,89.78709115248206,-0.12775516415273103,078e2a857d394e3a859226522fd402dd,experiment_linear_erythrocytes
1668.134919022829,0.0039308052859617195,erythrocytes,PLASMA,0.8,MLP Regressor,GridSearchCV,0.939879511962716,0.5321748277857359,89.78709115248206,-0.12775516415273103,078e2a857d394e3a859226522fd402dd,experiment_linear_erythrocytes
1446.359756378175,0.003881321504549958,erythrocytes,PLASMA,0.8,MLP Regressor,GridSearchCV,0.939879511962716,0.5321748277857359,89.78709115248206,-0.12775516415273103,078e2a857d394e3a859226522fd402dd,experiment_linear_erythrocytes
1563.9970165636,0.0038412830214684837,erythrocytes,PLASMA,0.8,MLP Regressor,GridSearchCV,0.939879511962716,0.5321748277857359,89.78709115248206,-0.12775516415273103,078e2a857d394e3a859226522fd402dd,experiment_linear_erythrocytes
1463.716073454713,0.0037705613316145743,erythrocytes,PLASMA,0.8,MLP Regressor,GridSearchCV,0.939879511962716,0.5321748277857359,89.78709115248206,-0.12775516415273103,078e2a857d394e3a859226522fd402dd,experiment_linear_erythrocytes
2545.593171225588,0.0037492700778446833,erythrocytes,PLASMA,0.8,MLP Regressor,GridSearchCV,0.939879511962716,0.5321748277857359,89.78709115248206,-0.12775516415273103,078e2a857d394e3a859226522fd402dd,experiment_linear_erythrocytes
931.4556831075452,0.003726267629491018,erythrocytes,PLASMA,0.8,MLP Regressor,GridSearchCV,0.939879511962716,0.5321748277857359,89.78709115248206,-0.12775516415273103,078e2a857d394e3a859226522fd402dd,experiment_linear_erythrocytes
2933.217585934939,0.0037080707838626965,erythrocytes,PLASMA,0.8,MLP Regressor,GridSearchCV,0.939879511962716,0.5321748277857359,89.78709115248206,-0.12775516415273103,078e2a857d394e3a859226522fd402dd,experiment_linear_erythrocytes
1149.373886401856,0.0036704585475476614,erythrocytes,PLASMA,0.8,MLP Regressor,GridSearchCV,0.939879511962716,0.5321748277857359,89.78709115248206,-0.12775516415273103,078e2a857d394e3a859226522fd402dd,experiment_linear_erythrocytes
1232.298512434205,0.0036613415490643923,erythrocytes,PLASMA,0.8,MLP Regressor,GridSearchCV,0.939879511962716,0.5321748277857359,89.78709115248206,-0.12775516415273103,078e2a857d394e3a859226522fd402dd,experiment_linear_erythrocytes
2570.663407002809,0.0036239327478516264,erythrocytes,PLASMA,0.8,MLP Regressor,GridSearchCV,0.939879511962716,0.5321748277857359,89.78709115248206,-0.12775516415273103,078e2a857d394e3a859226522fd402dd,experiment_linear_erythrocytes
2599.590602130373,0.0035892328960632955,erythrocytes,PLASMA,0.8,MLP Regressor,GridSearchCV,0.939879511962716,0.5321748277857359,89.78709115248206,-0.12775516415273103,078e2a857d394e3a859226522fd402dd,experiment_linear_erythrocytes
1675.848837723512,0.003931557622904333,erythrocytes,PLASMA,0.8,MLP Regressor,GridSearchCV,0.9093733020084982,0.48418779598529665,87.78206414389543,-0.055734851531580976,078e2a857d394e3a859226522fd402dd,experiment_linear_erythrocytes
1382.719927097535,0.003930522631846999,erythrocytes,PLASMA,0.8,MLP Regressor,GridSearchCV,0.9093733020084982,0.48418779598529665,87.78206414389543,-0.055734851531580976,078e2a857d394e3a859226522fd402dd,experiment_linear_erythrocytes
1380.791447422364,0.0038451748617340875,erythrocytes,PLASMA,0.8,MLP Regressor,GridSearchCV,0.9093733020084982,0.48418779598529665,87.78206414389543,-0.055734851531580976,078e2a857d394e3a859226522fd402dd,experiment_linear_erythrocytes
1673.920358048341,0.0038306765166375226,erythrocytes,PLASMA,0.8,MLP Regressor,GridSearchCV,0.9093733020084982,0.48418779598529665,87.78206414389543,-0.055734851531580976,078e2a857d394e3a859226522fd402dd,experiment_linear_erythrocytes
1677.777317398683,0.0038118472714452623,erythrocytes,PLASMA,0.8,MLP Regressor,GridSearchCV,0.9093733020084982,0.48418779598529665,87.78206414389543,-0.055734851531580976,078e2a857d394e3a859226522fd402dd,experiment_linear_erythrocytes
1384.648406772706,0.003796046446243818,erythrocytes,PLASMA,0.8,MLP Regressor,GridSearchCV,0.9093733020084982,0.48418779598529665,87.78206414389543,-0.055734851531580976,078e2a857d394e3a859226522fd402dd,experiment_linear_erythrocytes
2605.376041155886,0.0037881485905079913,erythrocytes,PLASMA,0.8,MLP Regressor,GridSearchCV,0.9093733020084982,0.48418779598529665,87.78206414389543,-0.055734851531580976,078e2a857d394e3a859226522fd402dd,experiment_linear_erythrocytes
2603.447561480715,0.003748397709741574,erythrocytes,PLASMA,0.8,MLP Regressor,GridSearchCV,0.9093733020084982,0.48418779598529665,87.78206414389543,-0.055734851531580976,078e2a857d394e3a859226522fd402dd,experiment_linear_erythrocytes
2607.304520831057,0.003732032909451618,erythrocytes,PLASMA,0.8,MLP Regressor,GridSearchCV,0.9093733020084982,0.48418779598529665,87.78206414389543,-0.055734851531580976,078e2a857d394e3a859226522fd402dd,experiment_linear_erythrocytes
2591.876683429689,0.0037205934181552425,erythrocytes,PLASMA,0.8,MLP Regressor,GridSearchCV,0.9093733020084982,0.48418779598529665,87.78206414389543,-0.055734851531580976,078e2a857d394e3a859226522fd402dd,experiment_linear_erythrocytes
2593.80516310486,0.0037202584134136915,erythrocytes,PLASMA,0.8,MLP Regressor,GridSearchCV,0.9093733020084982,0.48418779598529665,87.78206414389543,-0.055734851531580976,078e2a857d394e3a859226522fd402dd,experiment_linear_erythrocytes
2584.162764729006,0.0036932424761963994,erythrocytes,PLASMA,0.8,MLP Regressor,GridSearchCV,0.9093733020084982,0.48418779598529665,87.78206414389543,-0.055734851531580976,078e2a857d394e3a859226522fd402dd,experiment_linear_erythrocytes
2589.948203754519,0.003681677578573335,erythrocytes,PLASMA,0.8,MLP Regressor,GridSearchCV,0.9093733020084982,0.48418779598529665,87.78206414389543,-0.055734851531580976,078e2a857d394e3a859226522fd402dd,experiment_linear_erythrocytes
2582.234285053835,0.003667530222781585,erythrocytes,PLASMA,0.8,MLP Regressor,GridSearchCV,0.9093733020084982,0.48418779598529665,87.78206414389543,-0.055734851531580976,078e2a857d394e3a859226522fd402dd,experiment_linear_erythrocytes
2586.091244404177,0.003667228803890146,erythrocytes,PLASMA,0.8,MLP Regressor,GridSearchCV,0.9093733020084982,0.48418779598529665,87.78206414389543,-0.055734851531580976,078e2a857d394e3a859226522fd402dd,experiment_linear_erythrocytes
1679.705797073854,0.003660092107465251,erythrocytes,PLASMA,0.8,MLP Regressor,GridSearchCV,0.9093733020084982,0.48418779598529665,87.78206414389543,-0.055734851531580976,078e2a857d394e3a859226522fd402dd,experiment_linear_erythrocytes
2595.733642780031,0.0036599054130925577,erythrocytes,PLASMA,0.8,MLP Regressor,GridSearchCV,0.9093733020084982,0.48418779598529665,87.78206414389543,-0.055734851531580976,078e2a857d394e3a859226522fd402dd,experiment_linear_erythrocytes
1671.99187837317,0.0036544038949474114,erythrocytes,PLASMA,0.8,MLP Regressor,GridSearchCV,0.9093733020084982,0.48418779598529665,87.78206414389543,-0.055734851531580976,078e2a857d394e3a859226522fd402dd,experiment_linear_erythrocytes
2580.305805378664,0.0036479567180842114,erythrocytes,PLASMA,0.8,MLP Regressor,GridSearchCV,0.9093733020084982,0.48418779598529665,87.78206414389543,-0.055734851531580976,078e2a857d394e3a859226522fd402dd,experiment_linear_erythrocytes
2578.377325703493,0.003647579967881284,erythrocytes,PLASMA,0.8,MLP Regressor,GridSearchCV,0.9093733020084982,0.48418779598529665,87.78206414389543,-0.055734851531580976,078e2a857d394e3a859226522fd402dd,experiment_linear_erythrocytes
1361.506650670656,0.009710240887184538,erythrocytes,PLASMA,0.8,MLP Regressor,GridSearchCV,0.8888194944926712,0.45293285674751615,87.69295042917685,-0.008550390600764013,078e2a857d394e3a859226522fd402dd,experiment_linear_erythrocytes
1367.292089696168,0.00892261735361728,erythrocytes,PLASMA,0.8,MLP Regressor,GridSearchCV,0.8888194944926712,0.45293285674751615,87.69295042917685,-0.008550390600764013,078e2a857d394e3a859226522fd402dd,experiment_linear_erythrocytes
1538.926780786378,0.008442268973486192,erythrocytes,PLASMA,0.8,MLP Regressor,GridSearchCV,0.8888194944926712,0.45293285674751615,87.69295042917685,-0.008550390600764013,078e2a857d394e3a859226522fd402dd,experiment_linear_erythrocytes
1621.851406818727,0.0077725063376114486,erythrocytes,PLASMA,0.8,MLP Regressor,GridSearchCV,0.8888194944926712,0.45293285674751615,87.69295042917685,-0.008550390600764013,078e2a857d394e3a859226522fd402dd,experiment_linear_erythrocytes
1625.708366169069,0.007625638138035379,erythrocytes,PLASMA,0.8,MLP Regressor,GridSearchCV,0.8888194944926712,0.45293285674751615,87.69295042917685,-0.008550390600764013,078e2a857d394e3a859226522fd402dd,experiment_linear_erythrocytes
1610.280528767702,0.007546947684732174,erythrocytes,PLASMA,0.8,MLP Regressor,GridSearchCV,0.8888194944926712,0.45293285674751615,87.69295042917685,-0.008550390600764013,078e2a857d394e3a859226522fd402dd,experiment_linear_erythrocytes
1353.792731969972,0.007446116939665147,erythrocytes,PLASMA,0.8,MLP Regressor,GridSearchCV,0.8888194944926712,0.45293285674751615,87.69295042917685,-0.008550390600764013,078e2a857d394e3a859226522fd402dd,experiment_linear_erythrocytes
1363.435130345826,0.0074386743600268045,erythrocytes,PLASMA,0.8,MLP Regressor,GridSearchCV,0.8888194944926712,0.45293285674751615,87.69295042917685,-0.008550390600764013,078e2a857d394e3a859226522fd402dd,experiment_linear_erythrocytes
1616.065967793214,0.0073717900597381775,erythrocytes,PLASMA,0.8,MLP Regressor,GridSearchCV,0.8888194944926712,0.45293285674751615,87.69295042917685,-0.008550390600764013,078e2a857d394e3a859226522fd402dd,experiment_linear_erythrocytes
1623.779886493898,0.0071129449082272984,erythrocytes,PLASMA,0.8,MLP Regressor,GridSearchCV,0.8888194944926712,0.45293285674751615,87.69295042917685,-0.008550390600764013,078e2a857d394e3a859226522fd402dd,experiment_linear_erythrocytes
1619.922927143556,0.007050136121387773,erythrocytes,PLASMA,0.8,MLP Regressor,GridSearchCV,0.8888194944926712,0.45293285674751615,87.69295042917685,-0.008550390600764013,078e2a857d394e3a859226522fd402dd,experiment_linear_erythrocytes
1535.069821436036,0.0070144967508279,erythrocytes,PLASMA,0.8,MLP Regressor,GridSearchCV,0.8888194944926712,0.45293285674751615,87.69295042917685,-0.008550390600764013,078e2a857d394e3a859226522fd402dd,experiment_linear_erythrocytes
1365.363610020997,0.006885623627083013,erythrocytes,PLASMA,0.8,MLP Regressor,GridSearchCV,0.8888194944926712,0.45293285674751615,87.69295042917685,-0.008550390600764013,078e2a857d394e3a859226522fd402dd,experiment_linear_erythrocytes
1529.284382410524,0.006793623457433212,erythrocytes,PLASMA,0.8,MLP Regressor,GridSearchCV,0.8888194944926712,0.45293285674751615,87.69295042917685,-0.008550390600764013,078e2a857d394e3a859226522fd402dd,experiment_linear_erythrocytes
1357.649691320314,0.006739704576481155,erythrocytes,PLASMA,0.8,MLP Regressor,GridSearchCV,0.8888194944926712,0.45293285674751615,87.69295042917685,-0.008550390600764013,078e2a857d394e3a859226522fd402dd,experiment_linear_erythrocytes
1544.712219811891,0.006605109198184923,erythrocytes,PLASMA,0.8,MLP Regressor,GridSearchCV,0.8888194944926712,0.45293285674751615,87.69295042917685,-0.008550390600764013,078e2a857d394e3a859226522fd402dd,experiment_linear_erythrocytes
1614.137488118043,0.00654580370886079,erythrocytes,PLASMA,0.8,MLP Regressor,GridSearchCV,0.8888194944926712,0.45293285674751615,87.69295042917685,-0.008550390600764013,078e2a857d394e3a859226522fd402dd,experiment_linear_erythrocytes
1375.006008396852,0.006242069684378056,erythrocytes,PLASMA,0.8,MLP Regressor,GridSearchCV,0.8888194944926712,0.45293285674751615,87.69295042917685,-0.008550390600764013,078e2a857d394e3a859226522fd402dd,experiment_linear_erythrocytes
1355.721211645143,0.005965966566865189,erythrocytes,PLASMA,0.8,MLP Regressor,GridSearchCV,0.8888194944926712,0.45293285674751615,87.69295042917685,-0.008550390600764013,078e2a857d394e3a859226522fd402dd,experiment_linear_erythrocytes
1351.864252294801,0.005805256664832375,erythrocytes,PLASMA,0.8,MLP Regressor,GridSearchCV,0.8888194944926712,0.45293285674751615,87.69295042917685,-0.008550390600764013,078e2a857d394e3a859226522fd402dd,experiment_linear_erythrocytes
2721.08482166614,0.0027128299012968695,erythrocytes,SALIVA,0.8,MLP Regressor,GridSearchCV,0.8816485304110602,0.4423248143285441,86.88573416177321,-0.0013299713771059984,078e2a857d394e3a859226522fd402dd,experiment_linear_erythrocytes
2719.156341990969,0.002591982331081442,erythrocytes,SALIVA,0.8,MLP Regressor,GridSearchCV,0.8816485304110602,0.4423248143285441,86.88573416177321,-0.0013299713771059984,078e2a857d394e3a859226522fd402dd,experiment_linear_erythrocytes
1745.274106029664,0.0025679559928064315,erythrocytes,SALIVA,0.8,MLP Regressor,GridSearchCV,0.8816485304110602,0.4423248143285441,86.88573416177321,-0.0013299713771059984,078e2a857d394e3a859226522fd402dd,experiment_linear_erythrocytes
1743.345626354494,0.002556003053135243,erythrocytes,SALIVA,0.8,MLP Regressor,GridSearchCV,0.8816485304110602,0.4423248143285441,86.88573416177321,-0.0013299713771059984,078e2a857d394e3a859226522fd402dd,experiment_linear_erythrocytes
1747.202585704835,0.002552464094524391,erythrocytes,SALIVA,0.8,MLP Regressor,GridSearchCV,0.8816485304110602,0.4423248143285441,86.88573416177321,-0.0013299713771059984,078e2a857d394e3a859226522fd402dd,experiment_linear_erythrocytes
1718.275390577272,0.0025152582630296894,erythrocytes,SALIVA,0.8,MLP Regressor,GridSearchCV,0.8816485304110602,0.4423248143285441,86.88573416177321,-0.0013299713771059984,078e2a857d394e3a859226522fd402dd,experiment_linear_erythrocytes
1749.131065380006,0.002467365516628902,erythrocytes,SALIVA,0.8,MLP Regressor,GridSearchCV,0.8816485304110602,0.4423248143285441,86.88573416177321,-0.0013299713771059984,078e2a857d394e3a859226522fd402dd,experiment_linear_erythrocytes
1758.773463755861,0.002417291794401553,erythrocytes,SALIVA,0.8,MLP Regressor,GridSearchCV,0.8816485304110602,0.4423248143285441,86.88573416177321,-0.0013299713771059984,078e2a857d394e3a859226522fd402dd,experiment_linear_erythrocytes
1751.059545055177,0.0023950063749955002,erythrocytes,SALIVA,0.8,MLP Regressor,GridSearchCV,0.8816485304110602,0.4423248143285441,86.88573416177321,-0.0013299713771059984,078e2a857d394e3a859226522fd402dd,experiment_linear_erythrocytes
1752.988024730348,0.002393651587479672,erythrocytes,SALIVA,0.8,MLP Regressor,GridSearchCV,0.8816485304110602,0.4423248143285441,86.88573416177321,-0.0013299713771059984,078e2a857d394e3a859226522fd402dd,experiment_linear_erythrocytes
1760.701943431032,0.0023924365395201143,erythrocytes,SALIVA,0.8,MLP Regressor,GridSearchCV,0.8816485304110602,0.4423248143285441,86.88573416177321,-0.0013299713771059984,078e2a857d394e3a859226522fd402dd,experiment_linear_erythrocytes
1741.417146679323,0.0023690896508285395,erythrocytes,SALIVA,0.8,MLP Regressor,GridSearchCV,0.8816485304110602,0.4423248143285441,86.88573416177321,-0.0013299713771059984,078e2a857d394e3a859226522fd402dd,experiment_linear_erythrocytes
1756.84498408069,0.002363984380520304,erythrocytes,SALIVA,0.8,MLP Regressor,GridSearchCV,0.8816485304110602,0.4423248143285441,86.88573416177321,-0.0013299713771059984,078e2a857d394e3a859226522fd402dd,experiment_linear_erythrocytes
1754.916504405519,0.002363913485782232,erythrocytes,SALIVA,0.8,MLP Regressor,GridSearchCV,0.8816485304110602,0.4423248143285441,86.88573416177321,-0.0013299713771059984,078e2a857d394e3a859226522fd402dd,experiment_linear_erythrocytes
1716.346910902101,0.0023630560677626966,erythrocytes,SALIVA,0.8,MLP Regressor,GridSearchCV,0.8816485304110602,0.4423248143285441,86.88573416177321,-0.0013299713771059984,078e2a857d394e3a859226522fd402dd,experiment_linear_erythrocytes
1762.630423106202,0.0023012746921487193,erythrocytes,SALIVA,0.8,MLP Regressor,GridSearchCV,0.8816485304110602,0.4423248143285441,86.88573416177321,-0.0013299713771059984,078e2a857d394e3a859226522fd402dd,experiment_linear_erythrocytes
2723.013301341311,0.002286077279744655,erythrocytes,SALIVA,0.8,MLP Regressor,GridSearchCV,0.8816485304110602,0.4423248143285441,86.88573416177321,-0.0013299713771059984,078e2a857d394e3a859226522fd402dd,experiment_linear_erythrocytes
1720.203870252443,0.0022420397828466585,erythrocytes,SALIVA,0.8,MLP Regressor,GridSearchCV,0.8816485304110602,0.4423248143285441,86.88573416177321,-0.0013299713771059984,078e2a857d394e3a859226522fd402dd,experiment_linear_erythrocytes
2736.512659067507,0.002229740001103513,erythrocytes,SALIVA,0.8,MLP Regressor,GridSearchCV,0.8816485304110602,0.4423248143285441,86.88573416177321,-0.0013299713771059984,078e2a857d394e3a859226522fd402dd,experiment_linear_erythrocytes
1803.128496284791,0.0022032579718338986,erythrocytes,SALIVA,0.8,MLP Regressor,GridSearchCV,0.8816485304110602,0.4423248143285441,86.88573416177321,-0.0013299713771059984,078e2a857d394e3a859226522fd402dd,experiment_linear_erythrocytes
1263.15418723694,0.00785404455394756,erythrocytes,SALIVA,0.8,MLP Regressor,GridSearchCV,0.9932292869280562,0.5478142019085253,94.68817010696368,-0.27082360614032175,078e2a857d394e3a859226522fd402dd,experiment_linear_erythrocytes
1099.233414847413,0.0067481391871014595,erythrocytes,SALIVA,0.8,MLP Regressor,GridSearchCV,0.9932292869280562,0.5478142019085253,94.68817010696368,-0.27082360614032175,078e2a857d394e3a859226522fd402dd,experiment_linear_erythrocytes
1600.638130391847,0.006519539480840576,erythrocytes,SALIVA,0.8,MLP Regressor,GridSearchCV,0.9932292869280562,0.5478142019085253,94.68817010696368,-0.27082360614032175,078e2a857d394e3a859226522fd402dd,experiment_linear_erythrocytes
1521.57046370984,0.0062535106829315025,erythrocytes,SALIVA,0.8,MLP Regressor,GridSearchCV,0.9932292869280562,0.5478142019085253,94.68817010696368,-0.27082360614032175,078e2a857d394e3a859226522fd402dd,experiment_linear_erythrocytes
1548.569179162233,0.006088217519708912,erythrocytes,SALIVA,0.8,MLP Regressor,GridSearchCV,0.9932292869280562,0.5478142019085253,94.68817010696368,-0.27082360614032175,078e2a857d394e3a859226522fd402dd,experiment_linear_erythrocytes
2723.013301341311,0.005676198433424521,erythrocytes,SALIVA,0.8,MLP Regressor,GridSearchCV,0.9932292869280562,0.5478142019085253,94.68817010696368,-0.27082360614032175,078e2a857d394e3a859226522fd402dd,experiment_linear_erythrocytes
962.3113579102792,0.005540282605833828,erythrocytes,SALIVA,0.8,MLP Regressor,GridSearchCV,0.9932292869280562,0.5478142019085253,94.68817010696368,-0.27082360614032175,078e2a857d394e3a859226522fd402dd,experiment_linear_erythrocytes
1062.592301019166,0.0054529442595472885,erythrocytes,SALIVA,0.8,MLP Regressor,GridSearchCV,0.9932292869280562,0.5478142019085253,94.68817010696368,-0.27082360614032175,078e2a857d394e3a859226522fd402dd,experiment_linear_erythrocytes
1097.304935172242,0.005431216627442937,erythrocytes,SALIVA,0.8,MLP Regressor,GridSearchCV,0.9932292869280562,0.5478142019085253,94.68817010696368,-0.27082360614032175,078e2a857d394e3a859226522fd402dd,experiment_linear_erythrocytes
1432.860398651979,0.005309767371504082,erythrocytes,SALIVA,0.8,MLP Regressor,GridSearchCV,0.9932292869280562,0.5478142019085253,94.68817010696368,-0.27082360614032175,078e2a857d394e3a859226522fd402dd,experiment_linear_erythrocytes
987.3815936875008,0.005126070793163905,erythrocytes,SALIVA,0.8,MLP Regressor,GridSearchCV,0.9932292869280562,0.5478142019085253,94.68817010696368,-0.27082360614032175,078e2a857d394e3a859226522fd402dd,experiment_linear_erythrocytes
1265.08266691211,0.004975433103655415,erythrocytes,SALIVA,0.8,MLP Regressor,GridSearchCV,0.9932292869280562,0.5478142019085253,94.68817010696368,-0.27082360614032175,078e2a857d394e3a859226522fd402dd,experiment_linear_erythrocytes
973.8822359613046,0.004881298995510991,erythrocytes,SALIVA,0.8,MLP Regressor,GridSearchCV,0.9932292869280562,0.5478142019085253,94.68817010696368,-0.27082360614032175,078e2a857d394e3a859226522fd402dd,experiment_linear_erythrocytes
989.3100733626716,0.004840609561882431,erythrocytes,SALIVA,0.8,MLP Regressor,GridSearchCV,0.9932292869280562,0.5478142019085253,94.68817010696368,-0.27082360614032175,078e2a857d394e3a859226522fd402dd,experiment_linear_erythrocytes
1124.303650624635,0.004751481495299405,erythrocytes,SALIVA,0.8,MLP Regressor,GridSearchCV,0.9932292869280562,0.5478142019085253,94.68817010696368,-0.27082360614032175,078e2a857d394e3a859226522fd402dd,experiment_linear_erythrocytes
1500.35718728296,0.004694902998488068,erythrocytes,SALIVA,0.8,MLP Regressor,GridSearchCV,0.9932292869280562,0.5478142019085253,94.68817010696368,-0.27082360614032175,078e2a857d394e3a859226522fd402dd,experiment_linear_erythrocytes
979.6676749868175,0.004682590768211372,erythrocytes,SALIVA,0.8,MLP Regressor,GridSearchCV,0.9932292869280562,0.5478142019085253,94.68817010696368,-0.27082360614032175,078e2a857d394e3a859226522fd402dd,experiment_linear_erythrocytes
2726.870260691652,0.004530393718491936,erythrocytes,SALIVA,0.8,MLP Regressor,GridSearchCV,0.9932292869280562,0.5478142019085253,94.68817010696368,-0.27082360614032175,078e2a857d394e3a859226522fd402dd,experiment_linear_erythrocytes
1567.853975913942,0.0045058364866818095,erythrocytes,SALIVA,0.8,MLP Regressor,GridSearchCV,0.9932292869280562,0.5478142019085253,94.68817010696368,-0.27082360614032175,078e2a857d394e3a859226522fd402dd,experiment_linear_erythrocytes
1324.865536842408,0.0044579412508146685,erythrocytes,SALIVA,0.8,MLP Regressor,GridSearchCV,0.9932292869280562,0.5478142019085253,94.68817010696368,-0.27082360614032175,078e2a857d394e3a859226522fd402dd,experiment_linear_erythrocytes
2721.08482166614,0.0027128299012969233,erythrocytes,SALIVA,0.8,MLP Regressor,GridSearchCV,0.8816485304110602,0.4423248143285439,86.88573416177329,-0.0013299713771062205,078e2a857d394e3a859226522fd402dd,experiment_linear_erythrocytes
2719.156341990969,0.00259198233108149,erythrocytes,SALIVA,0.8,MLP Regressor,GridSearchCV,0.8816485304110602,0.4423248143285439,86.88573416177329,-0.0013299713771062205,078e2a857d394e3a859226522fd402dd,experiment_linear_erythrocytes
1745.274106029664,0.0025679559928064744,erythrocytes,SALIVA,0.8,MLP Regressor,GridSearchCV,0.8816485304110602,0.4423248143285439,86.88573416177329,-0.0013299713771062205,078e2a857d394e3a859226522fd402dd,experiment_linear_erythrocytes
1743.345626354494,0.002556003053135289,erythrocytes,SALIVA,0.8,MLP Regressor,GridSearchCV,0.8816485304110602,0.4423248143285439,86.88573416177329,-0.0013299713771062205,078e2a857d394e3a859226522fd402dd,experiment_linear_erythrocytes
1747.202585704835,0.0025524640945244334,erythrocytes,SALIVA,0.8,MLP Regressor,GridSearchCV,0.8816485304110602,0.4423248143285439,86.88573416177329,-0.0013299713771062205,078e2a857d394e3a859226522fd402dd,experiment_linear_erythrocytes
1718.275390577272,0.002515258263029731,erythrocytes,SALIVA,0.8,MLP Regressor,GridSearchCV,0.8816485304110602,0.4423248143285439,86.88573416177329,-0.0013299713771062205,078e2a857d394e3a859226522fd402dd,experiment_linear_erythrocytes
1749.131065380006,0.0024673655166289384,erythrocytes,SALIVA,0.8,MLP Regressor,GridSearchCV,0.8816485304110602,0.4423248143285439,86.88573416177329,-0.0013299713771062205,078e2a857d394e3a859226522fd402dd,experiment_linear_erythrocytes
1758.773463755861,0.002417291794401581,erythrocytes,SALIVA,0.8,MLP Regressor,GridSearchCV,0.8816485304110602,0.4423248143285439,86.88573416177329,-0.0013299713771062205,078e2a857d394e3a859226522fd402dd,experiment_linear_erythrocytes
1751.059545055177,0.002395006374995532,erythrocytes,SALIVA,0.8,MLP Regressor,GridSearchCV,0.8816485304110602,0.4423248143285439,86.88573416177329,-0.0013299713771062205,078e2a857d394e3a859226522fd402dd,experiment_linear_erythrocytes
1752.988024730348,0.002393651587479703,erythrocytes,SALIVA,0.8,MLP Regressor,GridSearchCV,0.8816485304110602,0.4423248143285439,86.88573416177329,-0.0013299713771062205,078e2a857d394e3a859226522fd402dd,experiment_linear_erythrocytes
1760.701943431032,0.0023924365395201395,erythrocytes,SALIVA,0.8,MLP Regressor,GridSearchCV,0.8816485304110602,0.4423248143285439,86.88573416177329,-0.0013299713771062205,078e2a857d394e3a859226522fd402dd,experiment_linear_erythrocytes
1741.417146679323,0.002369089650828577,erythrocytes,SALIVA,0.8,MLP Regressor,GridSearchCV,0.8816485304110602,0.4423248143285439,86.88573416177329,-0.0013299713771062205,078e2a857d394e3a859226522fd402dd,experiment_linear_erythrocytes
1756.84498408069,0.002363984380520331,erythrocytes,SALIVA,0.8,MLP Regressor,GridSearchCV,0.8816485304110602,0.4423248143285439,86.88573416177329,-0.0013299713771062205,078e2a857d394e3a859226522fd402dd,experiment_linear_erythrocytes
1754.916504405519,0.0023639134857822617,erythrocytes,SALIVA,0.8,MLP Regressor,GridSearchCV,0.8816485304110602,0.4423248143285439,86.88573416177329,-0.0013299713771062205,078e2a857d394e3a859226522fd402dd,experiment_linear_erythrocytes
1716.346910902101,0.0023630560677627374,erythrocytes,SALIVA,0.8,MLP Regressor,GridSearchCV,0.8816485304110602,0.4423248143285439,86.88573416177329,-0.0013299713771062205,078e2a857d394e3a859226522fd402dd,experiment_linear_erythrocytes
1762.630423106202,0.0023012746921487392,erythrocytes,SALIVA,0.8,MLP Regressor,GridSearchCV,0.8816485304110602,0.4423248143285439,86.88573416177329,-0.0013299713771062205,078e2a857d394e3a859226522fd402dd,experiment_linear_erythrocytes
2723.013301341311,0.002286077279744683,erythrocytes,SALIVA,0.8,MLP Regressor,GridSearchCV,0.8816485304110602,0.4423248143285439,86.88573416177329,-0.0013299713771062205,078e2a857d394e3a859226522fd402dd,experiment_linear_erythrocytes
1720.203870252443,0.0022420397828466798,erythrocytes,SALIVA,0.8,MLP Regressor,GridSearchCV,0.8816485304110602,0.4423248143285439,86.88573416177329,-0.0013299713771062205,078e2a857d394e3a859226522fd402dd,experiment_linear_erythrocytes
2736.512659067507,0.0022297400011035136,erythrocytes,SALIVA,0.8,MLP Regressor,GridSearchCV,0.8816485304110602,0.4423248143285439,86.88573416177329,-0.0013299713771062205,078e2a857d394e3a859226522fd402dd,experiment_linear_erythrocytes
1803.128496284791,0.0022032579718339112,erythrocytes,SALIVA,0.8,MLP Regressor,GridSearchCV,0.8816485304110602,0.4423248143285439,86.88573416177329,-0.0013299713771062205,078e2a857d394e3a859226522fd402dd,experiment_linear_erythrocytes
1070.306219719849,0.03279283802535552,erythrocytes,SALIVA,0.8,MLP Regressor,GridSearchCV,0.9099724059208493,0.47684322115741895,90.69879835111416,-0.0667009588493519,078e2a857d394e3a859226522fd402dd,experiment_linear_erythrocytes
1078.020138420533,0.022615391339466124,erythrocytes,SALIVA,0.8,MLP Regressor,GridSearchCV,0.9099724059208493,0.47684322115741895,90.69879835111416,-0.0667009588493519,078e2a857d394e3a859226522fd402dd,experiment_linear_erythrocytes
1079.948618095704,0.02141867374135278,erythrocytes,SALIVA,0.8,MLP Regressor,GridSearchCV,0.9099724059208493,0.47684322115741895,90.69879835111416,-0.0667009588493519,078e2a857d394e3a859226522fd402dd,experiment_linear_erythrocytes
1089.591016471559,0.01980452461872505,erythrocytes,SALIVA,0.8,MLP Regressor,GridSearchCV,0.9099724059208493,0.47684322115741895,90.69879835111416,-0.0667009588493519,078e2a857d394e3a859226522fd402dd,experiment_linear_erythrocytes
1093.447975821901,0.01862339600732967,erythrocytes,SALIVA,0.8,MLP Regressor,GridSearchCV,0.9099724059208493,0.47684322115741895,90.69879835111416,-0.0667009588493519,078e2a857d394e3a859226522fd402dd,experiment_linear_erythrocytes
1081.877097770875,0.017173749794062318,erythrocytes,SALIVA,0.8,MLP Regressor,GridSearchCV,0.9099724059208493,0.47684322115741895,90.69879835111416,-0.0667009588493519,078e2a857d394e3a859226522fd402dd,experiment_linear_erythrocytes
1072.23469939502,0.016684931418152513,erythrocytes,SALIVA,0.8,MLP Regressor,GridSearchCV,0.9099724059208493,0.47684322115741895,90.69879835111416,-0.0667009588493519,078e2a857d394e3a859226522fd402dd,experiment_linear_erythrocytes
1083.805577446046,0.016598005671194856,erythrocytes,SALIVA,0.8,MLP Regressor,GridSearchCV,0.9099724059208493,0.47684322115741895,90.69879835111416,-0.0667009588493519,078e2a857d394e3a859226522fd402dd,experiment_linear_erythrocytes
1076.091658745362,0.016381082052084113,erythrocytes,SALIVA,0.8,MLP Regressor,GridSearchCV,0.9099724059208493,0.47684322115741895,90.69879835111416,-0.0667009588493519,078e2a857d394e3a859226522fd402dd,experiment_linear_erythrocytes
1062.592301019166,0.015413855219011185,erythrocytes,SALIVA,0.8,MLP Regressor,GridSearchCV,0.9099724059208493,0.47684322115741895,90.69879835111416,-0.0667009588493519,078e2a857d394e3a859226522fd402dd,experiment_linear_erythrocytes
1066.449260369508,0.013430288181177119,erythrocytes,SALIVA,0.8,MLP Regressor,GridSearchCV,0.9099724059208493,0.47684322115741895,90.69879835111416,-0.0667009588493519,078e2a857d394e3a859226522fd402dd,experiment_linear_erythrocytes
1095.376455497071,0.01342183886428735,erythrocytes,SALIVA,0.8,MLP Regressor,GridSearchCV,0.9099724059208493,0.47684322115741895,90.69879835111416,-0.0667009588493519,078e2a857d394e3a859226522fd402dd,experiment_linear_erythrocytes
1087.662536796388,0.013333679642882665,erythrocytes,SALIVA,0.8,MLP Regressor,GridSearchCV,0.9099724059208493,0.47684322115741895,90.69879835111416,-0.0667009588493519,078e2a857d394e3a859226522fd402dd,experiment_linear_erythrocytes
1097.304935172242,0.01303208157386621,erythrocytes,SALIVA,0.8,MLP Regressor,GridSearchCV,0.9099724059208493,0.47684322115741895,90.69879835111416,-0.0667009588493519,078e2a857d394e3a859226522fd402dd,experiment_linear_erythrocytes
1091.51949614673,0.012271737236378255,erythrocytes,SALIVA,0.8,MLP Regressor,GridSearchCV,0.9099724059208493,0.47684322115741895,90.69879835111416,-0.0667009588493519,078e2a857d394e3a859226522fd402dd,experiment_linear_erythrocytes
1064.520780694337,0.01150035226379554,erythrocytes,SALIVA,0.8,MLP Regressor,GridSearchCV,0.9099724059208493,0.47684322115741895,90.69879835111416,-0.0667009588493519,078e2a857d394e3a859226522fd402dd,experiment_linear_erythrocytes
995.0955123881845,0.011331593871285534,erythrocytes,SALIVA,0.8,MLP Regressor,GridSearchCV,0.9099724059208493,0.47684322115741895,90.69879835111416,-0.0667009588493519,078e2a857d394e3a859226522fd402dd,experiment_linear_erythrocytes
1058.735341668824,0.010763050902021462,erythrocytes,SALIVA,0.8,MLP Regressor,GridSearchCV,0.9099724059208493,0.47684322115741895,90.69879835111416,-0.0667009588493519,078e2a857d394e3a859226522fd402dd,experiment_linear_erythrocytes
985.4531140123299,0.00988942311884004,erythrocytes,SALIVA,0.8,MLP Regressor,GridSearchCV,0.9099724059208493,0.47684322115741895,90.69879835111416,-0.0667009588493519,078e2a857d394e3a859226522fd402dd,experiment_linear_erythrocytes
1103.090374197755,0.0095889373517697,erythrocytes,SALIVA,0.8,MLP Regressor,GridSearchCV,0.9099724059208493,0.47684322115741895,90.69879835111416,-0.0667009588493519,078e2a857d394e3a859226522fd402dd,experiment_linear_erythrocytes
2711.442423290285,0.006289896872165968,erythrocytes,SERUM,0.8,MLP Regressor,GridSearchCV,0.8795664476951509,0.4163483155925592,91.23164064315591,-0.020206259637601143,078e2a857d394e3a859226522fd402dd,experiment_linear_erythrocytes
2713.370902965456,0.00560418148176409,erythrocytes,SERUM,0.8,MLP Regressor,GridSearchCV,0.8795664476951509,0.4163483155925592,91.23164064315591,-0.020206259637601143,078e2a857d394e3a859226522fd402dd,experiment_linear_erythrocytes
2709.513943615114,0.004570274853434667,erythrocytes,SERUM,0.8,MLP Regressor,GridSearchCV,0.8795664476951509,0.4163483155925592,91.23164064315591,-0.020206259637601143,078e2a857d394e3a859226522fd402dd,experiment_linear_erythrocytes
2715.299382640627,0.0045366827705355375,erythrocytes,SERUM,0.8,MLP Regressor,GridSearchCV,0.8795664476951509,0.4163483155925592,91.23164064315591,-0.020206259637601143,078e2a857d394e3a859226522fd402dd,experiment_linear_erythrocytes
3043.14092741968,0.004197988300371558,erythrocytes,SERUM,0.8,MLP Regressor,GridSearchCV,0.8795664476951509,0.4163483155925592,91.23164064315591,-0.020206259637601143,078e2a857d394e3a859226522fd402dd,experiment_linear_erythrocytes
3041.212447744509,0.0041155553574172025,erythrocytes,SERUM,0.8,MLP Regressor,GridSearchCV,0.8795664476951509,0.4163483155925592,91.23164064315591,-0.020206259637601143,078e2a857d394e3a859226522fd402dd,experiment_linear_erythrocytes
3045.069407094851,0.0038640822699823425,erythrocytes,SERUM,0.8,MLP Regressor,GridSearchCV,0.8795664476951509,0.4163483155925592,91.23164064315591,-0.020206259637601143,078e2a857d394e3a859226522fd402dd,experiment_linear_erythrocytes
3039.283968069338,0.0037798489920230047,erythrocytes,SERUM,0.8,MLP Regressor,GridSearchCV,0.8795664476951509,0.4163483155925592,91.23164064315591,-0.020206259637601143,078e2a857d394e3a859226522fd402dd,experiment_linear_erythrocytes
1716.346910902101,0.0037092067466189347,erythrocytes,SERUM,0.8,MLP Regressor,GridSearchCV,0.8795664476951509,0.4163483155925592,91.23164064315591,-0.020206259637601143,078e2a857d394e3a859226522fd402dd,experiment_linear_erythrocytes
2717.227862315798,0.00358035840623213,erythrocytes,SERUM,0.8,MLP Regressor,GridSearchCV,0.8795664476951509,0.4163483155925592,91.23164064315591,-0.020206259637601143,078e2a857d394e3a859226522fd402dd,experiment_linear_erythrocytes
1193.728918930787,0.003554893944022736,erythrocytes,SERUM,0.8,MLP Regressor,GridSearchCV,0.8795664476951509,0.4163483155925592,91.23164064315591,-0.020206259637601143,078e2a857d394e3a859226522fd402dd,experiment_linear_erythrocytes
1191.800439255616,0.0035244108231286065,erythrocytes,SERUM,0.8,MLP Regressor,GridSearchCV,0.8795664476951509,0.4163483155925592,91.23164064315591,-0.020206259637601143,078e2a857d394e3a859226522fd402dd,experiment_linear_erythrocytes
1646.921642595948,0.0034641150816655925,erythrocytes,SERUM,0.8,MLP Regressor,GridSearchCV,0.8795664476951509,0.4163483155925592,91.23164064315591,-0.020206259637601143,078e2a857d394e3a859226522fd402dd,experiment_linear_erythrocytes
3037.355488394167,0.0034018044725337726,erythrocytes,SERUM,0.8,MLP Regressor,GridSearchCV,0.8795664476951509,0.4163483155925592,91.23164064315591,-0.020206259637601143,078e2a857d394e3a859226522fd402dd,experiment_linear_erythrocytes
3046.997886770022,0.003318963195705859,erythrocytes,SERUM,0.8,MLP Regressor,GridSearchCV,0.8795664476951509,0.4163483155925592,91.23164064315591,-0.020206259637601143,078e2a857d394e3a859226522fd402dd,experiment_linear_erythrocytes
1195.657398605958,0.003201673779360331,erythrocytes,SERUM,0.8,MLP Regressor,GridSearchCV,0.8795664476951509,0.4163483155925592,91.23164064315591,-0.020206259637601143,078e2a857d394e3a859226522fd402dd,experiment_linear_erythrocytes
1598.709650716676,0.003198645534459272,erythrocytes,SERUM,0.8,MLP Regressor,GridSearchCV,0.8795664476951509,0.4163483155925592,91.23164064315591,-0.020206259637601143,078e2a857d394e3a859226522fd402dd,experiment_linear_erythrocytes
1596.781171041505,0.003188289563178525,erythrocytes,SERUM,0.8,MLP Regressor,GridSearchCV,0.8795664476951509,0.4163483155925592,91.23164064315591,-0.020206259637601143,078e2a857d394e3a859226522fd402dd,experiment_linear_erythrocytes
1644.993162920778,0.0031678637120220094,erythrocytes,SERUM,0.8,MLP Regressor,GridSearchCV,0.8795664476951509,0.4163483155925592,91.23164064315591,-0.020206259637601143,078e2a857d394e3a859226522fd402dd,experiment_linear_erythrocytes
1600.638130391847,0.0031385433102260785,erythrocytes,SERUM,0.8,MLP Regressor,GridSearchCV,0.8795664476951509,0.4163483155925592,91.23164064315591,-0.020206259637601143,078e2a857d394e3a859226522fd402dd,experiment_linear_erythrocytes
1066.449260369508,0.006857307003057218,erythrocytes,SERUM,0.8,MLP Regressor,GridSearchCV,0.8941379324191818,0.44221504742859546,91.99815315689314,-0.05428909520247571,078e2a857d394e3a859226522fd402dd,experiment_linear_erythrocytes
1265.08266691211,0.0063471779972822575,erythrocytes,SERUM,0.8,MLP Regressor,GridSearchCV,0.8941379324191818,0.44221504742859546,91.99815315689314,-0.05428909520247571,078e2a857d394e3a859226522fd402dd,experiment_linear_erythrocytes
2750.012016793703,0.006074200054342144,erythrocytes,SERUM,0.8,MLP Regressor,GridSearchCV,0.8941379324191818,0.44221504742859546,91.99815315689314,-0.05428909520247571,078e2a857d394e3a859226522fd402dd,experiment_linear_erythrocytes
1550.497658837404,0.005042044646427919,erythrocytes,SERUM,0.8,MLP Regressor,GridSearchCV,0.8941379324191818,0.44221504742859546,91.99815315689314,-0.05428909520247571,078e2a857d394e3a859226522fd402dd,experiment_linear_erythrocytes
1328.72249619275,0.0049940140886132875,erythrocytes,SERUM,0.8,MLP Regressor,GridSearchCV,0.8941379324191818,0.44221504742859546,91.99815315689314,-0.05428909520247571,078e2a857d394e3a859226522fd402dd,experiment_linear_erythrocytes
2507.02357772217,0.004923760315953424,erythrocytes,SERUM,0.8,MLP Regressor,GridSearchCV,0.8941379324191818,0.44221504742859546,91.99815315689314,-0.05428909520247571,078e2a857d394e3a859226522fd402dd,experiment_linear_erythrocytes
2751.940496468874,0.004886952651561875,erythrocytes,SERUM,0.8,MLP Regressor,GridSearchCV,0.8941379324191818,0.44221504742859546,91.99815315689314,-0.05428909520247571,078e2a857d394e3a859226522fd402dd,experiment_linear_erythrocytes
2580.305805378664,0.00486389722134052,erythrocytes,SERUM,0.8,MLP Regressor,GridSearchCV,0.8941379324191818,0.44221504742859546,91.99815315689314,-0.05428909520247571,078e2a857d394e3a859226522fd402dd,experiment_linear_erythrocytes
2740.369618417849,0.004842997579075704,erythrocytes,SERUM,0.8,MLP Regressor,GridSearchCV,0.8941379324191818,0.44221504742859546,91.99815315689314,-0.05428909520247571,078e2a857d394e3a859226522fd402dd,experiment_linear_erythrocytes
1051.021422968141,0.004659033763134655,erythrocytes,SERUM,0.8,MLP Regressor,GridSearchCV,0.8941379324191818,0.44221504742859546,91.99815315689314,-0.05428909520247571,078e2a857d394e3a859226522fd402dd,experiment_linear_erythrocytes
1085.734057121217,0.004584357303788944,erythrocytes,SERUM,0.8,MLP Regressor,GridSearchCV,0.8941379324191818,0.44221504742859546,91.99815315689314,-0.05428909520247571,078e2a857d394e3a859226522fd402dd,experiment_linear_erythrocytes
1644.993162920778,0.004469196044238096,erythrocytes,SERUM,0.8,MLP Regressor,GridSearchCV,0.8941379324191818,0.44221504742859546,91.99815315689314,-0.05428909520247571,078e2a857d394e3a859226522fd402dd,experiment_linear_erythrocytes
2595.733642780031,0.0044627667442544245,erythrocytes,SERUM,0.8,MLP Regressor,GridSearchCV,0.8941379324191818,0.44221504742859546,91.99815315689314,-0.05428909520247571,078e2a857d394e3a859226522fd402dd,experiment_linear_erythrocytes
3035.427008718997,0.004411005647038018,erythrocytes,SERUM,0.8,MLP Regressor,GridSearchCV,0.8941379324191818,0.44221504742859546,91.99815315689314,-0.05428909520247571,078e2a857d394e3a859226522fd402dd,experiment_linear_erythrocytes
1619.922927143556,0.0042043759186385305,erythrocytes,SERUM,0.8,MLP Regressor,GridSearchCV,0.8941379324191818,0.44221504742859546,91.99815315689314,-0.05428909520247571,078e2a857d394e3a859226522fd402dd,experiment_linear_erythrocytes
1197.585878281129,0.004196815238118912,erythrocytes,SERUM,0.8,MLP Regressor,GridSearchCV,0.8941379324191818,0.44221504742859546,91.99815315689314,-0.05428909520247571,078e2a857d394e3a859226522fd402dd,experiment_linear_erythrocytes
2537.879252524904,0.004183689743098093,erythrocytes,SERUM,0.8,MLP Regressor,GridSearchCV,0.8941379324191818,0.44221504742859546,91.99815315689314,-0.05428909520247571,078e2a857d394e3a859226522fd402dd,experiment_linear_erythrocytes
1268.939626262452,0.004183535967137867,erythrocytes,SERUM,0.8,MLP Regressor,GridSearchCV,0.8941379324191818,0.44221504742859546,91.99815315689314,-0.05428909520247571,078e2a857d394e3a859226522fd402dd,experiment_linear_erythrocytes
1772.272821482057,0.004128384927331499,erythrocytes,SERUM,0.8,MLP Regressor,GridSearchCV,0.8941379324191818,0.44221504742859546,91.99815315689314,-0.05428909520247571,078e2a857d394e3a859226522fd402dd,experiment_linear_erythrocytes
1024.022707515748,0.004055554316109006,erythrocytes,SERUM,0.8,MLP Regressor,GridSearchCV,0.8941379324191818,0.44221504742859546,91.99815315689314,-0.05428909520247571,078e2a857d394e3a859226522fd402dd,experiment_linear_erythrocytes
2711.442423290285,0.00628989687212426,erythrocytes,SERUM,0.8,MLP Regressor,GridSearchCV,0.8795664476952391,0.41634831559270935,91.2316406431605,-0.020206259637805646,078e2a857d394e3a859226522fd402dd,experiment_linear_erythrocytes
2713.370902965456,0.0056041814817354195,erythrocytes,SERUM,0.8,MLP Regressor,GridSearchCV,0.8795664476952391,0.41634831559270935,91.2316406431605,-0.020206259637805646,078e2a857d394e3a859226522fd402dd,experiment_linear_erythrocytes
2709.513943615114,0.004570274853398184,erythrocytes,SERUM,0.8,MLP Regressor,GridSearchCV,0.8795664476952391,0.41634831559270935,91.2316406431605,-0.020206259637805646,078e2a857d394e3a859226522fd402dd,experiment_linear_erythrocytes
2715.299382640627,0.0045366827705194636,erythrocytes,SERUM,0.8,MLP Regressor,GridSearchCV,0.8795664476952391,0.41634831559270935,91.2316406431605,-0.020206259637805646,078e2a857d394e3a859226522fd402dd,experiment_linear_erythrocytes
3043.14092741968,0.0041979883003722684,erythrocytes,SERUM,0.8,MLP Regressor,GridSearchCV,0.8795664476952391,0.41634831559270935,91.2316406431605,-0.020206259637805646,078e2a857d394e3a859226522fd402dd,experiment_linear_erythrocytes
3041.212447744509,0.004115555357412251,erythrocytes,SERUM,0.8,MLP Regressor,GridSearchCV,0.8795664476952391,0.41634831559270935,91.2316406431605,-0.020206259637805646,078e2a857d394e3a859226522fd402dd,experiment_linear_erythrocytes
3045.069407094851,0.0038640822699877353,erythrocytes,SERUM,0.8,MLP Regressor,GridSearchCV,0.8795664476952391,0.41634831559270935,91.2316406431605,-0.020206259637805646,078e2a857d394e3a859226522fd402dd,experiment_linear_erythrocytes
3039.283968069338,0.0037798489920123283,erythrocytes,SERUM,0.8,MLP Regressor,GridSearchCV,0.8795664476952391,0.41634831559270935,91.2316406431605,-0.020206259637805646,078e2a857d394e3a859226522fd402dd,experiment_linear_erythrocytes
1716.346910902101,0.003709206746570496,erythrocytes,SERUM,0.8,MLP Regressor,GridSearchCV,0.8795664476952391,0.41634831559270935,91.2316406431605,-0.020206259637805646,078e2a857d394e3a859226522fd402dd,experiment_linear_erythrocytes
2717.227862315798,0.0035803584062259106,erythrocytes,SERUM,0.8,MLP Regressor,GridSearchCV,0.8795664476952391,0.41634831559270935,91.2316406431605,-0.020206259637805646,078e2a857d394e3a859226522fd402dd,experiment_linear_erythrocytes
1193.728918930787,0.0035548939439986054,erythrocytes,SERUM,0.8,MLP Regressor,GridSearchCV,0.8795664476952391,0.41634831559270935,91.2316406431605,-0.020206259637805646,078e2a857d394e3a859226522fd402dd,experiment_linear_erythrocytes
1191.800439255616,0.0035244108231043537,erythrocytes,SERUM,0.8,MLP Regressor,GridSearchCV,0.8795664476952391,0.41634831559270935,91.2316406431605,-0.020206259637805646,078e2a857d394e3a859226522fd402dd,experiment_linear_erythrocytes
1646.921642595948,0.003464115081666895,erythrocytes,SERUM,0.8,MLP Regressor,GridSearchCV,0.8795664476952391,0.41634831559270935,91.2316406431605,-0.020206259637805646,078e2a857d394e3a859226522fd402dd,experiment_linear_erythrocytes
3037.355488394167,0.0034018044725189103,erythrocytes,SERUM,0.8,MLP Regressor,GridSearchCV,0.8795664476952391,0.41634831559270935,91.2316406431605,-0.020206259637805646,078e2a857d394e3a859226522fd402dd,experiment_linear_erythrocytes
3046.997886770022,0.003318963195715166,erythrocytes,SERUM,0.8,MLP Regressor,GridSearchCV,0.8795664476952391,0.41634831559270935,91.2316406431605,-0.020206259637805646,078e2a857d394e3a859226522fd402dd,experiment_linear_erythrocytes
1195.657398605958,0.0032016737793387506,erythrocytes,SERUM,0.8,MLP Regressor,GridSearchCV,0.8795664476952391,0.41634831559270935,91.2316406431605,-0.020206259637805646,078e2a857d394e3a859226522fd402dd,experiment_linear_erythrocytes
1598.709650716676,0.0031986455344391947,erythrocytes,SERUM,0.8,MLP Regressor,GridSearchCV,0.8795664476952391,0.41634831559270935,91.2316406431605,-0.020206259637805646,078e2a857d394e3a859226522fd402dd,experiment_linear_erythrocytes
1596.781171041505,0.003188289563154144,erythrocytes,SERUM,0.8,MLP Regressor,GridSearchCV,0.8795664476952391,0.41634831559270935,91.2316406431605,-0.020206259637805646,078e2a857d394e3a859226522fd402dd,experiment_linear_erythrocytes
1644.993162920778,0.0031678637120117095,erythrocytes,SERUM,0.8,MLP Regressor,GridSearchCV,0.8795664476952391,0.41634831559270935,91.2316406431605,-0.020206259637805646,078e2a857d394e3a859226522fd402dd,experiment_linear_erythrocytes
1600.638130391847,0.0031385433102103628,erythrocytes,SERUM,0.8,MLP Regressor,GridSearchCV,0.8795664476952391,0.41634831559270935,91.2316406431605,-0.020206259637805646,078e2a857d394e3a859226522fd402dd,experiment_linear_erythrocytes
931.4556831075452,0.010122971725806921,erythrocytes,SERUM,0.8,MLP Regressor,GridSearchCV,0.8737447240412827,0.3877979387668943,91.19538606292485,-0.006745757481344317,078e2a857d394e3a859226522fd402dd,experiment_linear_erythrocytes
1644.993162920778,0.007671638028698349,erythrocytes,SERUM,0.8,MLP Regressor,GridSearchCV,0.8737447240412827,0.3877979387668943,91.19538606292485,-0.006745757481344317,078e2a857d394e3a859226522fd402dd,experiment_linear_erythrocytes
1637.279244220094,0.007175285588896614,erythrocytes,SERUM,0.8,MLP Regressor,GridSearchCV,0.8737447240412827,0.3877979387668943,91.19538606292485,-0.006745757481344317,078e2a857d394e3a859226522fd402dd,experiment_linear_erythrocytes
1639.207723895265,0.0064080773337350655,erythrocytes,SERUM,0.8,MLP Regressor,GridSearchCV,0.8737447240412827,0.3877979387668943,91.19538606292485,-0.006745757481344317,078e2a857d394e3a859226522fd402dd,experiment_linear_erythrocytes
1635.350764544923,0.0064010159618855455,erythrocytes,SERUM,0.8,MLP Regressor,GridSearchCV,0.8737447240412827,0.3877979387668943,91.19538606292485,-0.006745757481344317,078e2a857d394e3a859226522fd402dd,experiment_linear_erythrocytes
1641.136203570436,0.006113156452220056,erythrocytes,SERUM,0.8,MLP Regressor,GridSearchCV,0.8737447240412827,0.3877979387668943,91.19538606292485,-0.006745757481344317,078e2a857d394e3a859226522fd402dd,experiment_linear_erythrocytes
933.3841627827155,0.0060597879577567295,erythrocytes,SERUM,0.8,MLP Regressor,GridSearchCV,0.8737447240412827,0.3877979387668943,91.19538606292485,-0.006745757481344317,078e2a857d394e3a859226522fd402dd,experiment_linear_erythrocytes
1654.635561296632,0.005901059593661746,erythrocytes,SERUM,0.8,MLP Regressor,GridSearchCV,0.8737447240412827,0.3877979387668943,91.19538606292485,-0.006745757481344317,078e2a857d394e3a859226522fd402dd,experiment_linear_erythrocytes
1648.85012227112,0.005791406366420428,erythrocytes,SERUM,0.8,MLP Regressor,GridSearchCV,0.8737447240412827,0.3877979387668943,91.19538606292485,-0.006745757481344317,078e2a857d394e3a859226522fd402dd,experiment_linear_erythrocytes
935.3126424578863,0.005715044316240728,erythrocytes,SERUM,0.8,MLP Regressor,GridSearchCV,0.8737447240412827,0.3877979387668943,91.19538606292485,-0.006745757481344317,078e2a857d394e3a859226522fd402dd,experiment_linear_erythrocytes
1573.639414939454,0.005680272464738496,erythrocytes,SERUM,0.8,MLP Regressor,GridSearchCV,0.8737447240412827,0.3877979387668943,91.19538606292485,-0.006745757481344317,078e2a857d394e3a859226522fd402dd,experiment_linear_erythrocytes
1650.77860194629,0.00560933600850641,erythrocytes,SERUM,0.8,MLP Regressor,GridSearchCV,0.8737447240412827,0.3877979387668943,91.19538606292485,-0.006745757481344317,078e2a857d394e3a859226522fd402dd,experiment_linear_erythrocytes
929.5272034323739,0.005402144009693897,erythrocytes,SERUM,0.8,MLP Regressor,GridSearchCV,0.8737447240412827,0.3877979387668943,91.19538606292485,-0.006745757481344317,078e2a857d394e3a859226522fd402dd,experiment_linear_erythrocytes
937.2411221330576,0.005389066231868484,erythrocytes,SERUM,0.8,MLP Regressor,GridSearchCV,0.8737447240412827,0.3877979387668943,91.19538606292485,-0.006745757481344317,078e2a857d394e3a859226522fd402dd,experiment_linear_erythrocytes
1656.564040971803,0.005100182725539476,erythrocytes,SERUM,0.8,MLP Regressor,GridSearchCV,0.8737447240412827,0.3877979387668943,91.19538606292485,-0.006745757481344317,078e2a857d394e3a859226522fd402dd,experiment_linear_erythrocytes
1660.421000322145,0.005087603785895735,erythrocytes,SERUM,0.8,MLP Regressor,GridSearchCV,0.8737447240412827,0.3877979387668943,91.19538606292485,-0.006745757481344317,078e2a857d394e3a859226522fd402dd,experiment_linear_erythrocytes
1579.424853964967,0.004896472335331111,erythrocytes,SERUM,0.8,MLP Regressor,GridSearchCV,0.8737447240412827,0.3877979387668943,91.19538606292485,-0.006745757481344317,078e2a857d394e3a859226522fd402dd,experiment_linear_erythrocytes
1083.805577446046,0.0048891508781437045,erythrocytes,SERUM,0.8,MLP Regressor,GridSearchCV,0.8737447240412827,0.3877979387668943,91.19538606292485,-0.006745757481344317,078e2a857d394e3a859226522fd402dd,experiment_linear_erythrocytes
1081.877097770875,0.004781893434725663,erythrocytes,SERUM,0.8,MLP Regressor,GridSearchCV,0.8737447240412827,0.3877979387668943,91.19538606292485,-0.006745757481344317,078e2a857d394e3a859226522fd402dd,experiment_linear_erythrocytes
1079.948618095704,0.004708130676330746,erythrocytes,SERUM,0.8,MLP Regressor,GridSearchCV,0.8737447240412827,0.3877979387668943,91.19538606292485,-0.006745757481344317,078e2a857d394e3a859226522fd402dd,experiment_linear_erythrocytes
1405.861683199586,0.0039802607913256615,erythrocytes,URINE,0.8,MLP Regressor,GridSearchCV,1.0015210036441318,0.6402148667555844,93.2431206422302,-0.17184777550902863,078e2a857d394e3a859226522fd402dd,experiment_linear_erythrocytes
1403.933203524415,0.003967625836918103,erythrocytes,URINE,0.8,MLP Regressor,GridSearchCV,1.0015210036441318,0.6402148667555844,93.2431206422302,-0.17184777550902863,078e2a857d394e3a859226522fd402dd,experiment_linear_erythrocytes
1407.790162874757,0.00394012830620707,erythrocytes,URINE,0.8,MLP Regressor,GridSearchCV,1.0015210036441318,0.6402148667555844,93.2431206422302,-0.17184777550902863,078e2a857d394e3a859226522fd402dd,experiment_linear_erythrocytes
1409.718642549928,0.0038667970235585027,erythrocytes,URINE,0.8,MLP Regressor,GridSearchCV,1.0015210036441318,0.6402148667555844,93.2431206422302,-0.17184777550902863,078e2a857d394e3a859226522fd402dd,experiment_linear_erythrocytes
1402.004723849244,0.0038622933229931623,erythrocytes,URINE,0.8,MLP Regressor,GridSearchCV,1.0015210036441318,0.6402148667555844,93.2431206422302,-0.17184777550902863,078e2a857d394e3a859226522fd402dd,experiment_linear_erythrocytes
1411.647122225099,0.003777695573723065,erythrocytes,URINE,0.8,MLP Regressor,GridSearchCV,1.0015210036441318,0.6402148667555844,93.2431206422302,-0.17184777550902863,078e2a857d394e3a859226522fd402dd,experiment_linear_erythrocytes
1413.57560190027,0.003687553314961148,erythrocytes,URINE,0.8,MLP Regressor,GridSearchCV,1.0015210036441318,0.6402148667555844,93.2431206422302,-0.17184777550902863,078e2a857d394e3a859226522fd402dd,experiment_linear_erythrocytes
1400.076244174074,0.003654974677975392,erythrocytes,URINE,0.8,MLP Regressor,GridSearchCV,1.0015210036441318,0.6402148667555844,93.2431206422302,-0.17184777550902863,078e2a857d394e3a859226522fd402dd,experiment_linear_erythrocytes
1668.134919022829,0.003634306880987602,erythrocytes,URINE,0.8,MLP Regressor,GridSearchCV,1.0015210036441318,0.6402148667555844,93.2431206422302,-0.17184777550902863,078e2a857d394e3a859226522fd402dd,experiment_linear_erythrocytes
1415.504081575441,0.0036064113111024688,erythrocytes,URINE,0.8,MLP Regressor,GridSearchCV,1.0015210036441318,0.6402148667555844,93.2431206422302,-0.17184777550902863,078e2a857d394e3a859226522fd402dd,experiment_linear_erythrocytes
1666.206439347658,0.0036060714462376473,erythrocytes,URINE,0.8,MLP Regressor,GridSearchCV,1.0015210036441318,0.6402148667555844,93.2431206422302,-0.17184777550902863,078e2a857d394e3a859226522fd402dd,experiment_linear_erythrocytes
1670.063398697999,0.0035738506495727037,erythrocytes,URINE,0.8,MLP Regressor,GridSearchCV,1.0015210036441318,0.6402148667555844,93.2431206422302,-0.17184777550902863,078e2a857d394e3a859226522fd402dd,experiment_linear_erythrocytes
1558.211577538087,0.0035599400616637238,erythrocytes,URINE,0.8,MLP Regressor,GridSearchCV,1.0015210036441318,0.6402148667555844,93.2431206422302,-0.17184777550902863,078e2a857d394e3a859226522fd402dd,experiment_linear_erythrocytes
1664.277959672487,0.0035569247833191673,erythrocytes,URINE,0.8,MLP Regressor,GridSearchCV,1.0015210036441318,0.6402148667555844,93.2431206422302,-0.17184777550902863,078e2a857d394e3a859226522fd402dd,experiment_linear_erythrocytes
1556.283097862916,0.0035430665355356793,erythrocytes,URINE,0.8,MLP Regressor,GridSearchCV,1.0015210036441318,0.6402148667555844,93.2431206422302,-0.17184777550902863,078e2a857d394e3a859226522fd402dd,experiment_linear_erythrocytes
1417.432561250612,0.0035214959715367867,erythrocytes,URINE,0.8,MLP Regressor,GridSearchCV,1.0015210036441318,0.6402148667555844,93.2431206422302,-0.17184777550902863,078e2a857d394e3a859226522fd402dd,experiment_linear_erythrocytes
1560.140057213258,0.0034942704372113663,erythrocytes,URINE,0.8,MLP Regressor,GridSearchCV,1.0015210036441318,0.6402148667555844,93.2431206422302,-0.17184777550902863,078e2a857d394e3a859226522fd402dd,experiment_linear_erythrocytes
1662.349479997316,0.003469723177232767,erythrocytes,URINE,0.8,MLP Regressor,GridSearchCV,1.0015210036441318,0.6402148667555844,93.2431206422302,-0.17184777550902863,078e2a857d394e3a859226522fd402dd,experiment_linear_erythrocytes
1554.354618187745,0.003464866696193034,erythrocytes,URINE,0.8,MLP Regressor,GridSearchCV,1.0015210036441318,0.6402148667555844,93.2431206422302,-0.17184777550902863,078e2a857d394e3a859226522fd402dd,experiment_linear_erythrocytes
1671.99187837317,0.0034566202381231784,erythrocytes,URINE,0.8,MLP Regressor,GridSearchCV,1.0015210036441318,0.6402148667555844,93.2431206422302,-0.17184777550902863,078e2a857d394e3a859226522fd402dd,experiment_linear_erythrocytes
931.4556831075452,0.007720632704199634,erythrocytes,URINE,0.8,MLP Regressor,GridSearchCV,0.9947782305473449,0.6427095256068123,90.81325334401642,-0.1561218844713712,078e2a857d394e3a859226522fd402dd,experiment_linear_erythrocytes
941.0980814833993,0.006287990611887763,erythrocytes,URINE,0.8,MLP Regressor,GridSearchCV,0.9947782305473449,0.6427095256068123,90.81325334401642,-0.1561218844713712,078e2a857d394e3a859226522fd402dd,experiment_linear_erythrocytes
937.2411221330576,0.005725364291492029,erythrocytes,URINE,0.8,MLP Regressor,GridSearchCV,0.9947782305473449,0.6427095256068123,90.81325334401642,-0.1561218844713712,078e2a857d394e3a859226522fd402dd,experiment_linear_erythrocytes
1099.233414847413,0.005621104401516836,erythrocytes,URINE,0.8,MLP Regressor,GridSearchCV,0.9947782305473449,0.6427095256068123,90.81325334401642,-0.1561218844713712,078e2a857d394e3a859226522fd402dd,experiment_linear_erythrocytes
1139.731488026002,0.005292875622454752,erythrocytes,URINE,0.8,MLP Regressor,GridSearchCV,0.9947782305473449,0.6427095256068123,90.81325334401642,-0.1561218844713712,078e2a857d394e3a859226522fd402dd,experiment_linear_erythrocytes
1394.290805148561,0.005059248212383783,erythrocytes,URINE,0.8,MLP Regressor,GridSearchCV,0.9947782305473449,0.6427095256068123,90.81325334401642,-0.1561218844713712,078e2a857d394e3a859226522fd402dd,experiment_linear_erythrocytes
2557.164049276613,0.005013306486174257,erythrocytes,URINE,0.8,MLP Regressor,GridSearchCV,0.9947782305473449,0.6427095256068123,90.81325334401642,-0.1561218844713712,078e2a857d394e3a859226522fd402dd,experiment_linear_erythrocytes
1590.995732015992,0.005006559579932793,erythrocytes,URINE,0.8,MLP Regressor,GridSearchCV,0.9947782305473449,0.6427095256068123,90.81325334401642,-0.1561218844713712,078e2a857d394e3a859226522fd402dd,experiment_linear_erythrocytes
1587.138772665651,0.0044800533873466065,erythrocytes,URINE,0.8,MLP Regressor,GridSearchCV,0.9947782305473449,0.6427095256068123,90.81325334401642,-0.1561218844713712,078e2a857d394e3a859226522fd402dd,experiment_linear_erythrocytes
2665.158911086184,0.0044651882286438705,erythrocytes,URINE,0.8,MLP Regressor,GridSearchCV,0.9947782305473449,0.6427095256068123,90.81325334401642,-0.1561218844713712,078e2a857d394e3a859226522fd402dd,experiment_linear_erythrocytes
2657.4449923855,0.004379483746643489,erythrocytes,URINE,0.8,MLP Regressor,GridSearchCV,0.9947782305473449,0.6427095256068123,90.81325334401642,-0.1561218844713712,078e2a857d394e3a859226522fd402dd,experiment_linear_erythrocytes
2906.218870482546,0.0043785555212935414,erythrocytes,URINE,0.8,MLP Regressor,GridSearchCV,0.9947782305473449,0.6427095256068123,90.81325334401642,-0.1561218844713712,078e2a857d394e3a859226522fd402dd,experiment_linear_erythrocytes
1544.712219811891,0.004317824301617322,erythrocytes,URINE,0.8,MLP Regressor,GridSearchCV,0.9947782305473449,0.6427095256068123,90.81325334401642,-0.1561218844713712,078e2a857d394e3a859226522fd402dd,experiment_linear_erythrocytes
1398.147764498902,0.0042858197218670745,erythrocytes,URINE,0.8,MLP Regressor,GridSearchCV,0.9947782305473449,0.6427095256068123,90.81325334401642,-0.1561218844713712,078e2a857d394e3a859226522fd402dd,experiment_linear_erythrocytes
2711.442423290285,0.004251814313667505,erythrocytes,URINE,0.8,MLP Regressor,GridSearchCV,0.9947782305473449,0.6427095256068123,90.81325334401642,-0.1561218844713712,078e2a857d394e3a859226522fd402dd,experiment_linear_erythrocytes
1583.281813315309,0.004241245416210671,erythrocytes,URINE,0.8,MLP Regressor,GridSearchCV,0.9947782305473449,0.6427095256068123,90.81325334401642,-0.1561218844713712,078e2a857d394e3a859226522fd402dd,experiment_linear_erythrocytes
1390.433845798219,0.004225895926251288,erythrocytes,URINE,0.8,MLP Regressor,GridSearchCV,0.9947782305473449,0.6427095256068123,90.81325334401642,-0.1561218844713712,078e2a857d394e3a859226522fd402dd,experiment_linear_erythrocytes
1388.505366123048,0.004208250574443809,erythrocytes,URINE,0.8,MLP Regressor,GridSearchCV,0.9947782305473449,0.6427095256068123,90.81325334401642,-0.1561218844713712,078e2a857d394e3a859226522fd402dd,experiment_linear_erythrocytes
1405.861683199586,0.004187766878437768,erythrocytes,URINE,0.8,MLP Regressor,GridSearchCV,0.9947782305473449,0.6427095256068123,90.81325334401642,-0.1561218844713712,078e2a857d394e3a859226522fd402dd,experiment_linear_erythrocytes
3019.999171317629,0.004185912794533737,erythrocytes,URINE,0.8,MLP Regressor,GridSearchCV,0.9947782305473449,0.6427095256068123,90.81325334401642,-0.1561218844713712,078e2a857d394e3a859226522fd402dd,experiment_linear_erythrocytes
1405.861683199586,0.003980260791325653,erythrocytes,URINE,0.8,MLP Regressor,GridSearchCV,1.0015210036441342,0.6402148667555919,93.24312064223032,-0.17184777550903485,078e2a857d394e3a859226522fd402dd,experiment_linear_erythrocytes
1403.933203524415,0.0039676258369181,erythrocytes,URINE,0.8,MLP Regressor,GridSearchCV,1.0015210036441342,0.6402148667555919,93.24312064223032,-0.17184777550903485,078e2a857d394e3a859226522fd402dd,experiment_linear_erythrocytes
1407.790162874757,0.00394012830620706,erythrocytes,URINE,0.8,MLP Regressor,GridSearchCV,1.0015210036441342,0.6402148667555919,93.24312064223032,-0.17184777550903485,078e2a857d394e3a859226522fd402dd,experiment_linear_erythrocytes
1409.718642549928,0.0038667970235584906,erythrocytes,URINE,0.8,MLP Regressor,GridSearchCV,1.0015210036441342,0.6402148667555919,93.24312064223032,-0.17184777550903485,078e2a857d394e3a859226522fd402dd,experiment_linear_erythrocytes
1402.004723849244,0.0038622933229931593,erythrocytes,URINE,0.8,MLP Regressor,GridSearchCV,1.0015210036441342,0.6402148667555919,93.24312064223032,-0.17184777550903485,078e2a857d394e3a859226522fd402dd,experiment_linear_erythrocytes
1411.647122225099,0.003777695573723051,erythrocytes,URINE,0.8,MLP Regressor,GridSearchCV,1.0015210036441342,0.6402148667555919,93.24312064223032,-0.17184777550903485,078e2a857d394e3a859226522fd402dd,experiment_linear_erythrocytes
1413.57560190027,0.003687553314961132,erythrocytes,URINE,0.8,MLP Regressor,GridSearchCV,1.0015210036441342,0.6402148667555919,93.24312064223032,-0.17184777550903485,078e2a857d394e3a859226522fd402dd,experiment_linear_erythrocytes
1400.076244174074,0.0036549746779753955,erythrocytes,URINE,0.8,MLP Regressor,GridSearchCV,1.0015210036441342,0.6402148667555919,93.24312064223032,-0.17184777550903485,078e2a857d394e3a859226522fd402dd,experiment_linear_erythrocytes
1668.134919022829,0.0036343068809875823,erythrocytes,URINE,0.8,MLP Regressor,GridSearchCV,1.0015210036441342,0.6402148667555919,93.24312064223032,-0.17184777550903485,078e2a857d394e3a859226522fd402dd,experiment_linear_erythrocytes
1415.504081575441,0.003606411311102451,erythrocytes,URINE,0.8,MLP Regressor,GridSearchCV,1.0015210036441342,0.6402148667555919,93.24312064223032,-0.17184777550903485,078e2a857d394e3a859226522fd402dd,experiment_linear_erythrocytes
1666.206439347658,0.003606071446237629,erythrocytes,URINE,0.8,MLP Regressor,GridSearchCV,1.0015210036441342,0.6402148667555919,93.24312064223032,-0.17184777550903485,078e2a857d394e3a859226522fd402dd,experiment_linear_erythrocytes
1670.063398697999,0.003573850649572687,erythrocytes,URINE,0.8,MLP Regressor,GridSearchCV,1.0015210036441342,0.6402148667555919,93.24312064223032,-0.17184777550903485,078e2a857d394e3a859226522fd402dd,experiment_linear_erythrocytes
1558.211577538087,0.0035599400616637285,erythrocytes,URINE,0.8,MLP Regressor,GridSearchCV,1.0015210036441342,0.6402148667555919,93.24312064223032,-0.17184777550903485,078e2a857d394e3a859226522fd402dd,experiment_linear_erythrocytes
1664.277959672487,0.003556924783319151,erythrocytes,URINE,0.8,MLP Regressor,GridSearchCV,1.0015210036441342,0.6402148667555919,93.24312064223032,-0.17184777550903485,078e2a857d394e3a859226522fd402dd,experiment_linear_erythrocytes
1556.283097862916,0.0035430665355356845,erythrocytes,URINE,0.8,MLP Regressor,GridSearchCV,1.0015210036441342,0.6402148667555919,93.24312064223032,-0.17184777550903485,078e2a857d394e3a859226522fd402dd,experiment_linear_erythrocytes
1417.432561250612,0.003521495971536769,erythrocytes,URINE,0.8,MLP Regressor,GridSearchCV,1.0015210036441342,0.6402148667555919,93.24312064223032,-0.17184777550903485,078e2a857d394e3a859226522fd402dd,experiment_linear_erythrocytes
1560.140057213258,0.0034942704372113733,erythrocytes,URINE,0.8,MLP Regressor,GridSearchCV,1.0015210036441342,0.6402148667555919,93.24312064223032,-0.17184777550903485,078e2a857d394e3a859226522fd402dd,experiment_linear_erythrocytes
1662.349479997316,0.0034697231772327524,erythrocytes,URINE,0.8,MLP Regressor,GridSearchCV,1.0015210036441342,0.6402148667555919,93.24312064223032,-0.17184777550903485,078e2a857d394e3a859226522fd402dd,experiment_linear_erythrocytes
1554.354618187745,0.0034648666961930377,erythrocytes,URINE,0.8,MLP Regressor,GridSearchCV,1.0015210036441342,0.6402148667555919,93.24312064223032,-0.17184777550903485,078e2a857d394e3a859226522fd402dd,experiment_linear_erythrocytes
1671.99187837317,0.003456620238123161,erythrocytes,URINE,0.8,MLP Regressor,GridSearchCV,1.0015210036441342,0.6402148667555919,93.24312064223032,-0.17184777550903485,078e2a857d394e3a859226522fd402dd,experiment_linear_erythrocytes
1101.161894522584,0.026052907399303958,erythrocytes,URINE,0.8,MLP Regressor,GridSearchCV,0.9273937178877054,0.43527032687342126,95.2526170999045,-0.004799420773257124,078e2a857d394e3a859226522fd402dd,experiment_linear_erythrocytes
1097.304935172242,0.014944459187270298,erythrocytes,URINE,0.8,MLP Regressor,GridSearchCV,0.9273937178877054,0.43527032687342126,95.2526170999045,-0.004799420773257124,078e2a857d394e3a859226522fd402dd,experiment_linear_erythrocytes
1106.947333548097,0.014779698197826775,erythrocytes,URINE,0.8,MLP Regressor,GridSearchCV,0.9273937178877054,0.43527032687342126,95.2526170999045,-0.004799420773257124,078e2a857d394e3a859226522fd402dd,experiment_linear_erythrocytes
1573.639414939454,0.013994258388815932,erythrocytes,URINE,0.8,MLP Regressor,GridSearchCV,0.9273937178877054,0.43527032687342126,95.2526170999045,-0.004799420773257124,078e2a857d394e3a859226522fd402dd,experiment_linear_erythrocytes
1126.232130299806,0.013123910503658956,erythrocytes,URINE,0.8,MLP Regressor,GridSearchCV,0.9273937178877054,0.43527032687342126,95.2526170999045,-0.004799420773257124,078e2a857d394e3a859226522fd402dd,experiment_linear_erythrocytes
1589.067252340822,0.012920680564323998,erythrocytes,URINE,0.8,MLP Regressor,GridSearchCV,0.9273937178877054,0.43527032687342126,95.2526170999045,-0.004799420773257124,078e2a857d394e3a859226522fd402dd,experiment_linear_erythrocytes
1587.138772665651,0.01228024798939045,erythrocytes,URINE,0.8,MLP Regressor,GridSearchCV,0.9273937178877054,0.43527032687342126,95.2526170999045,-0.004799420773257124,078e2a857d394e3a859226522fd402dd,experiment_linear_erythrocytes
1099.233414847413,0.011924258602725713,erythrocytes,URINE,0.8,MLP Regressor,GridSearchCV,0.9273937178877054,0.43527032687342126,95.2526170999045,-0.004799420773257124,078e2a857d394e3a859226522fd402dd,experiment_linear_erythrocytes
1124.303650624635,0.01189930701174188,erythrocytes,URINE,0.8,MLP Regressor,GridSearchCV,0.9273937178877054,0.43527032687342126,95.2526170999045,-0.004799420773257124,078e2a857d394e3a859226522fd402dd,experiment_linear_erythrocytes
1095.376455497071,0.011851757880611784,erythrocytes,URINE,0.8,MLP Regressor,GridSearchCV,0.9273937178877054,0.43527032687342126,95.2526170999045,-0.004799420773257124,078e2a857d394e3a859226522fd402dd,experiment_linear_erythrocytes
1575.567894614625,0.01078247124068063,erythrocytes,URINE,0.8,MLP Regressor,GridSearchCV,0.9273937178877054,0.43527032687342126,95.2526170999045,-0.004799420773257124,078e2a857d394e3a859226522fd402dd,experiment_linear_erythrocytes
1128.160609974977,0.010189319881199409,erythrocytes,URINE,0.8,MLP Regressor,GridSearchCV,0.9273937178877054,0.43527032687342126,95.2526170999045,-0.004799420773257124,078e2a857d394e3a859226522fd402dd,experiment_linear_erythrocytes
1093.447975821901,0.009928825519798618,erythrocytes,URINE,0.8,MLP Regressor,GridSearchCV,0.9273937178877054,0.43527032687342126,95.2526170999045,-0.004799420773257124,078e2a857d394e3a859226522fd402dd,experiment_linear_erythrocytes
1110.804292898438,0.00982115346159606,erythrocytes,URINE,0.8,MLP Regressor,GridSearchCV,0.9273937178877054,0.43527032687342126,95.2526170999045,-0.004799420773257124,078e2a857d394e3a859226522fd402dd,experiment_linear_erythrocytes
1118.518211599122,0.009750442111835777,erythrocytes,URINE,0.8,MLP Regressor,GridSearchCV,0.9273937178877054,0.43527032687342126,95.2526170999045,-0.004799420773257124,078e2a857d394e3a859226522fd402dd,experiment_linear_erythrocytes
1563.9970165636,0.009382273564029346,erythrocytes,URINE,0.8,MLP Regressor,GridSearchCV,0.9273937178877054,0.43527032687342126,95.2526170999045,-0.004799420773257124,078e2a857d394e3a859226522fd402dd,experiment_linear_erythrocytes
1567.853975913942,0.009126735580341864,erythrocytes,URINE,0.8,MLP Regressor,GridSearchCV,0.9273937178877054,0.43527032687342126,95.2526170999045,-0.004799420773257124,078e2a857d394e3a859226522fd402dd,experiment_linear_erythrocytes
1590.995732015992,0.0090778869732653,erythrocytes,URINE,0.8,MLP Regressor,GridSearchCV,0.9273937178877054,0.43527032687342126,95.2526170999045,-0.004799420773257124,078e2a857d394e3a859226522fd402dd,experiment_linear_erythrocytes
1130.089089650148,0.008773030605411604,erythrocytes,URINE,0.8,MLP Regressor,GridSearchCV,0.9273937178877054,0.43527032687342126,95.2526170999045,-0.004799420773257124,078e2a857d394e3a859226522fd402dd,experiment_linear_erythrocytes
1581.353333640138,0.008751946190437123,erythrocytes,URINE,0.8,MLP Regressor,GridSearchCV,0.9273937178877054,0.43527032687342126,95.2526170999045,-0.004799420773257124,078e2a857d394e3a859226522fd402dd,experiment_linear_erythrocytes
3048.926366445193,0.013483769145273833,erythrocytes,CAPILAR,0.8,Random Forest Regressor,GridSearchCV,0.8742215727086026,0.4010608974358975,91.9017003467039,0.07297966295073277,078e2a857d394e3a859226522fd402dd,experiment_linear_erythrocytes
1224.584593733522,0.00908491539733677,erythrocytes,CAPILAR,0.8,Random Forest Regressor,GridSearchCV,0.8742215727086026,0.4010608974358975,91.9017003467039,0.07297966295073277,078e2a857d394e3a859226522fd402dd,experiment_linear_erythrocytes
1222.656114058351,0.009047616906149724,erythrocytes,CAPILAR,0.8,Random Forest Regressor,GridSearchCV,0.8742215727086026,0.4010608974358975,91.9017003467039,0.07297966295073277,078e2a857d394e3a859226522fd402dd,experiment_linear_erythrocytes
1220.72763438318,0.008311624994854955,erythrocytes,CAPILAR,0.8,Random Forest Regressor,GridSearchCV,0.8742215727086026,0.4010608974358975,91.9017003467039,0.07297966295073277,078e2a857d394e3a859226522fd402dd,experiment_linear_erythrocytes
1226.513073408692,0.008213159761229534,erythrocytes,CAPILAR,0.8,Random Forest Regressor,GridSearchCV,0.8742215727086026,0.4010608974358975,91.9017003467039,0.07297966295073277,078e2a857d394e3a859226522fd402dd,experiment_linear_erythrocytes
1602.566610067018,0.007626993452628557,erythrocytes,CAPILAR,0.8,Random Forest Regressor,GridSearchCV,0.8742215727086026,0.4010608974358975,91.9017003467039,0.07297966295073277,078e2a857d394e3a859226522fd402dd,experiment_linear_erythrocytes
1218.799154708009,0.0073538978361698875,erythrocytes,CAPILAR,0.8,Random Forest Regressor,GridSearchCV,0.8742215727086026,0.4010608974358975,91.9017003467039,0.07297966295073277,078e2a857d394e3a859226522fd402dd,experiment_linear_erythrocytes
1228.441553083863,0.006973682859127943,erythrocytes,CAPILAR,0.8,Random Forest Regressor,GridSearchCV,0.8742215727086026,0.4010608974358975,91.9017003467039,0.07297966295073277,078e2a857d394e3a859226522fd402dd,experiment_linear_erythrocytes
1216.870675032838,0.0062775867256092506,erythrocytes,CAPILAR,0.8,Random Forest Regressor,GridSearchCV,0.8742215727086026,0.4010608974358975,91.9017003467039,0.07297966295073277,078e2a857d394e3a859226522fd402dd,experiment_linear_erythrocytes
1230.370032759034,0.005775695630288876,erythrocytes,CAPILAR,0.8,Random Forest Regressor,GridSearchCV,0.8742215727086026,0.4010608974358975,91.9017003467039,0.07297966295073277,078e2a857d394e3a859226522fd402dd,experiment_linear_erythrocytes
1214.942195357667,0.005261182081449013,erythrocytes,CAPILAR,0.8,Random Forest Regressor,GridSearchCV,0.8742215727086026,0.4010608974358975,91.9017003467039,0.07297966295073277,078e2a857d394e3a859226522fd402dd,experiment_linear_erythrocytes
960.3828782351084,0.005204123461076893,erythrocytes,CAPILAR,0.8,Random Forest Regressor,GridSearchCV,0.8742215727086026,0.4010608974358975,91.9017003467039,0.07297966295073277,078e2a857d394e3a859226522fd402dd,experiment_linear_erythrocytes
3046.997886770022,0.005189427917665212,erythrocytes,CAPILAR,0.8,Random Forest Regressor,GridSearchCV,0.8742215727086026,0.4010608974358975,91.9017003467039,0.07297966295073277,078e2a857d394e3a859226522fd402dd,experiment_linear_erythrocytes
1600.638130391847,0.0050671739533760035,erythrocytes,CAPILAR,0.8,Random Forest Regressor,GridSearchCV,0.8742215727086026,0.4010608974358975,91.9017003467039,0.07297966295073277,078e2a857d394e3a859226522fd402dd,experiment_linear_erythrocytes
962.3113579102792,0.004982256410556326,erythrocytes,CAPILAR,0.8,Random Forest Regressor,GridSearchCV,0.8742215727086026,0.4010608974358975,91.9017003467039,0.07297966295073277,078e2a857d394e3a859226522fd402dd,experiment_linear_erythrocytes
1166.730203478395,0.0049411628415943045,erythrocytes,CAPILAR,0.8,Random Forest Regressor,GridSearchCV,0.8742215727086026,0.4010608974358975,91.9017003467039,0.07297966295073277,078e2a857d394e3a859226522fd402dd,experiment_linear_erythrocytes
1168.658683153565,0.0048443016687961865,erythrocytes,CAPILAR,0.8,Random Forest Regressor,GridSearchCV,0.8742215727086026,0.4010608974358975,91.9017003467039,0.07297966295073277,078e2a857d394e3a859226522fd402dd,experiment_linear_erythrocytes
1232.298512434205,0.004783945219382859,erythrocytes,CAPILAR,0.8,Random Forest Regressor,GridSearchCV,0.8742215727086026,0.4010608974358975,91.9017003467039,0.07297966295073277,078e2a857d394e3a859226522fd402dd,experiment_linear_erythrocytes
1164.801723803224,0.004710713807369967,erythrocytes,CAPILAR,0.8,Random Forest Regressor,GridSearchCV,0.8742215727086026,0.4010608974358975,91.9017003467039,0.07297966295073277,078e2a857d394e3a859226522fd402dd,experiment_linear_erythrocytes
948.812000184083,0.0045728860905503935,erythrocytes,CAPILAR,0.8,Random Forest Regressor,GridSearchCV,0.8742215727086026,0.4010608974358975,91.9017003467039,0.07297966295073277,078e2a857d394e3a859226522fd402dd,experiment_linear_erythrocytes
1265.08266691211,0.005756642356196118,erythrocytes,CAPILAR,0.8,Random Forest Regressor,GridSearchCV,0.8943242378667244,0.4250076923076919,91.99880930338679,0.029855947053250564,078e2a857d394e3a859226522fd402dd,experiment_linear_erythrocytes
958.4543985599371,0.005650457013818972,erythrocytes,CAPILAR,0.8,Random Forest Regressor,GridSearchCV,0.8943242378667244,0.4250076923076919,91.99880930338679,0.029855947053250564,078e2a857d394e3a859226522fd402dd,experiment_linear_erythrocytes
2503.166618371828,0.00524056362652103,erythrocytes,CAPILAR,0.8,Random Forest Regressor,GridSearchCV,0.8943242378667244,0.4250076923076919,91.99880930338679,0.029855947053250564,078e2a857d394e3a859226522fd402dd,experiment_linear_erythrocytes
3046.997886770022,0.00513631762707549,erythrocytes,CAPILAR,0.8,Random Forest Regressor,GridSearchCV,0.8943242378667244,0.4250076923076919,91.99880930338679,0.029855947053250564,078e2a857d394e3a859226522fd402dd,experiment_linear_erythrocytes
1272.796585612794,0.004894656900701884,erythrocytes,CAPILAR,0.8,Random Forest Regressor,GridSearchCV,0.8943242378667244,0.4250076923076919,91.99880930338679,0.029855947053250564,078e2a857d394e3a859226522fd402dd,experiment_linear_erythrocytes
960.3828782351084,0.004566044352671821,erythrocytes,CAPILAR,0.8,Random Forest Regressor,GridSearchCV,0.8943242378667244,0.4250076923076919,91.99880930338679,0.029855947053250564,078e2a857d394e3a859226522fd402dd,experiment_linear_erythrocytes
1195.657398605958,0.004501879516336527,erythrocytes,CAPILAR,0.8,Random Forest Regressor,GridSearchCV,0.8943242378667244,0.4250076923076919,91.99880930338679,0.029855947053250564,078e2a857d394e3a859226522fd402dd,experiment_linear_erythrocytes
1267.011146587281,0.004431082877549018,erythrocytes,CAPILAR,0.8,Random Forest Regressor,GridSearchCV,0.8943242378667244,0.4250076923076919,91.99880930338679,0.029855947053250564,078e2a857d394e3a859226522fd402dd,experiment_linear_erythrocytes
1745.274106029664,0.0042269915013088254,erythrocytes,CAPILAR,0.8,Random Forest Regressor,GridSearchCV,0.8943242378667244,0.4250076923076919,91.99880930338679,0.029855947053250564,078e2a857d394e3a859226522fd402dd,experiment_linear_erythrocytes
948.812000184083,0.004129496459879055,erythrocytes,CAPILAR,0.8,Random Forest Regressor,GridSearchCV,0.8943242378667244,0.4250076923076919,91.99880930338679,0.029855947053250564,078e2a857d394e3a859226522fd402dd,experiment_linear_erythrocytes
985.4531140123299,0.004116886164602966,erythrocytes,CAPILAR,0.8,Random Forest Regressor,GridSearchCV,0.8943242378667244,0.4250076923076919,91.99880930338679,0.029855947053250564,078e2a857d394e3a859226522fd402dd,experiment_linear_erythrocytes
1016.308788815064,0.004112185152271599,erythrocytes,CAPILAR,0.8,Random Forest Regressor,GridSearchCV,0.8943242378667244,0.4250076923076919,91.99880930338679,0.029855947053250564,078e2a857d394e3a859226522fd402dd,experiment_linear_erythrocytes
1162.873244128053,0.004099295184371138,erythrocytes,CAPILAR,0.8,Random Forest Regressor,GridSearchCV,0.8943242378667244,0.4250076923076919,91.99880930338679,0.029855947053250564,078e2a857d394e3a859226522fd402dd,experiment_linear_erythrocytes
1214.942195357667,0.0038365557833702165,erythrocytes,CAPILAR,0.8,Random Forest Regressor,GridSearchCV,0.8943242378667244,0.4250076923076919,91.99880930338679,0.029855947053250564,078e2a857d394e3a859226522fd402dd,experiment_linear_erythrocytes
981.5961546619883,0.0037870465242436538,erythrocytes,CAPILAR,0.8,Random Forest Regressor,GridSearchCV,0.8943242378667244,0.4250076923076919,91.99880930338679,0.029855947053250564,078e2a857d394e3a859226522fd402dd,experiment_linear_erythrocytes
1361.506650670656,0.0037138670600368427,erythrocytes,CAPILAR,0.8,Random Forest Regressor,GridSearchCV,0.8943242378667244,0.4250076923076919,91.99880930338679,0.029855947053250564,078e2a857d394e3a859226522fd402dd,experiment_linear_erythrocytes
1604.495089742189,0.003633198213849575,erythrocytes,CAPILAR,0.8,Random Forest Regressor,GridSearchCV,0.8943242378667244,0.4250076923076919,91.99880930338679,0.029855947053250564,078e2a857d394e3a859226522fd402dd,experiment_linear_erythrocytes
1020.165748165406,0.0036096239632213466,erythrocytes,CAPILAR,0.8,Random Forest Regressor,GridSearchCV,0.8943242378667244,0.4250076923076919,91.99880930338679,0.029855947053250564,078e2a857d394e3a859226522fd402dd,experiment_linear_erythrocytes
1022.094227840577,0.003585493769969094,erythrocytes,CAPILAR,0.8,Random Forest Regressor,GridSearchCV,0.8943242378667244,0.4250076923076919,91.99880930338679,0.029855947053250564,078e2a857d394e3a859226522fd402dd,experiment_linear_erythrocytes
1124.303650624635,0.0035762215691609606,erythrocytes,CAPILAR,0.8,Random Forest Regressor,GridSearchCV,0.8943242378667244,0.4250076923076919,91.99880930338679,0.029855947053250564,078e2a857d394e3a859226522fd402dd,experiment_linear_erythrocytes
3048.926366445193,0.013483769145273841,erythrocytes,CAPILAR,0.8,Random Forest Regressor,GridSearchCV,0.8742215727086026,0.4010608974358975,91.9017003467039,0.07297966295073277,078e2a857d394e3a859226522fd402dd,experiment_linear_erythrocytes
1224.584593733522,0.009084915397336774,erythrocytes,CAPILAR,0.8,Random Forest Regressor,GridSearchCV,0.8742215727086026,0.4010608974358975,91.9017003467039,0.07297966295073277,078e2a857d394e3a859226522fd402dd,experiment_linear_erythrocytes
1222.656114058351,0.00904761690614973,erythrocytes,CAPILAR,0.8,Random Forest Regressor,GridSearchCV,0.8742215727086026,0.4010608974358975,91.9017003467039,0.07297966295073277,078e2a857d394e3a859226522fd402dd,experiment_linear_erythrocytes
1220.72763438318,0.008311624994854957,erythrocytes,CAPILAR,0.8,Random Forest Regressor,GridSearchCV,0.8742215727086026,0.4010608974358975,91.9017003467039,0.07297966295073277,078e2a857d394e3a859226522fd402dd,experiment_linear_erythrocytes
1226.513073408692,0.008213159761229535,erythrocytes,CAPILAR,0.8,Random Forest Regressor,GridSearchCV,0.8742215727086026,0.4010608974358975,91.9017003467039,0.07297966295073277,078e2a857d394e3a859226522fd402dd,experiment_linear_erythrocytes
1602.566610067018,0.007626993452628552,erythrocytes,CAPILAR,0.8,Random Forest Regressor,GridSearchCV,0.8742215727086026,0.4010608974358975,91.9017003467039,0.07297966295073277,078e2a857d394e3a859226522fd402dd,experiment_linear_erythrocytes
1218.799154708009,0.007353897836169891,erythrocytes,CAPILAR,0.8,Random Forest Regressor,GridSearchCV,0.8742215727086026,0.4010608974358975,91.9017003467039,0.07297966295073277,078e2a857d394e3a859226522fd402dd,experiment_linear_erythrocytes
1228.441553083863,0.006973682859127944,erythrocytes,CAPILAR,0.8,Random Forest Regressor,GridSearchCV,0.8742215727086026,0.4010608974358975,91.9017003467039,0.07297966295073277,078e2a857d394e3a859226522fd402dd,experiment_linear_erythrocytes
1216.870675032838,0.006277586725609248,erythrocytes,CAPILAR,0.8,Random Forest Regressor,GridSearchCV,0.8742215727086026,0.4010608974358975,91.9017003467039,0.07297966295073277,078e2a857d394e3a859226522fd402dd,experiment_linear_erythrocytes
1230.370032759034,0.005775695630288874,erythrocytes,CAPILAR,0.8,Random Forest Regressor,GridSearchCV,0.8742215727086026,0.4010608974358975,91.9017003467039,0.07297966295073277,078e2a857d394e3a859226522fd402dd,experiment_linear_erythrocytes
1214.942195357667,0.005261182081449014,erythrocytes,CAPILAR,0.8,Random Forest Regressor,GridSearchCV,0.8742215727086026,0.4010608974358975,91.9017003467039,0.07297966295073277,078e2a857d394e3a859226522fd402dd,experiment_linear_erythrocytes
960.3828782351084,0.005204123461076894,erythrocytes,CAPILAR,0.8,Random Forest Regressor,GridSearchCV,0.8742215727086026,0.4010608974358975,91.9017003467039,0.07297966295073277,078e2a857d394e3a859226522fd402dd,experiment_linear_erythrocytes
3046.997886770022,0.005189427917665216,erythrocytes,CAPILAR,0.8,Random Forest Regressor,GridSearchCV,0.8742215727086026,0.4010608974358975,91.9017003467039,0.07297966295073277,078e2a857d394e3a859226522fd402dd,experiment_linear_erythrocytes
1600.638130391847,0.0050671739533760035,erythrocytes,CAPILAR,0.8,Random Forest Regressor,GridSearchCV,0.8742215727086026,0.4010608974358975,91.9017003467039,0.07297966295073277,078e2a857d394e3a859226522fd402dd,experiment_linear_erythrocytes
962.3113579102792,0.004982256410556328,erythrocytes,CAPILAR,0.8,Random Forest Regressor,GridSearchCV,0.8742215727086026,0.4010608974358975,91.9017003467039,0.07297966295073277,078e2a857d394e3a859226522fd402dd,experiment_linear_erythrocytes
1166.730203478395,0.004941162841594307,erythrocytes,CAPILAR,0.8,Random Forest Regressor,GridSearchCV,0.8742215727086026,0.4010608974358975,91.9017003467039,0.07297966295073277,078e2a857d394e3a859226522fd402dd,experiment_linear_erythrocytes
1168.658683153565,0.004844301668796191,erythrocytes,CAPILAR,0.8,Random Forest Regressor,GridSearchCV,0.8742215727086026,0.4010608974358975,91.9017003467039,0.07297966295073277,078e2a857d394e3a859226522fd402dd,experiment_linear_erythrocytes
1232.298512434205,0.004783945219382859,erythrocytes,CAPILAR,0.8,Random Forest Regressor,GridSearchCV,0.8742215727086026,0.4010608974358975,91.9017003467039,0.07297966295073277,078e2a857d394e3a859226522fd402dd,experiment_linear_erythrocytes
1164.801723803224,0.004710713807369968,erythrocytes,CAPILAR,0.8,Random Forest Regressor,GridSearchCV,0.8742215727086026,0.4010608974358975,91.9017003467039,0.07297966295073277,078e2a857d394e3a859226522fd402dd,experiment_linear_erythrocytes
948.812000184083,0.0045728860905503935,erythrocytes,CAPILAR,0.8,Random Forest Regressor,GridSearchCV,0.8742215727086026,0.4010608974358975,91.9017003467039,0.07297966295073277,078e2a857d394e3a859226522fd402dd,experiment_linear_erythrocytes
1265.08266691211,0.005756642356196118,erythrocytes,CAPILAR,0.8,Random Forest Regressor,GridSearchCV,0.8943242378667244,0.4250076923076919,91.99880930338679,0.029855947053250564,078e2a857d394e3a859226522fd402dd,experiment_linear_erythrocytes
958.4543985599371,0.005650457013818972,erythrocytes,CAPILAR,0.8,Random Forest Regressor,GridSearchCV,0.8943242378667244,0.4250076923076919,91.99880930338679,0.029855947053250564,078e2a857d394e3a859226522fd402dd,experiment_linear_erythrocytes
2503.166618371828,0.00524056362652103,erythrocytes,CAPILAR,0.8,Random Forest Regressor,GridSearchCV,0.8943242378667244,0.4250076923076919,91.99880930338679,0.029855947053250564,078e2a857d394e3a859226522fd402dd,experiment_linear_erythrocytes
3046.997886770022,0.00513631762707549,erythrocytes,CAPILAR,0.8,Random Forest Regressor,GridSearchCV,0.8943242378667244,0.4250076923076919,91.99880930338679,0.029855947053250564,078e2a857d394e3a859226522fd402dd,experiment_linear_erythrocytes
1272.796585612794,0.004894656900701884,erythrocytes,CAPILAR,0.8,Random Forest Regressor,GridSearchCV,0.8943242378667244,0.4250076923076919,91.99880930338679,0.029855947053250564,078e2a857d394e3a859226522fd402dd,experiment_linear_erythrocytes
960.3828782351084,0.004566044352671821,erythrocytes,CAPILAR,0.8,Random Forest Regressor,GridSearchCV,0.8943242378667244,0.4250076923076919,91.99880930338679,0.029855947053250564,078e2a857d394e3a859226522fd402dd,experiment_linear_erythrocytes
1195.657398605958,0.004501879516336527,erythrocytes,CAPILAR,0.8,Random Forest Regressor,GridSearchCV,0.8943242378667244,0.4250076923076919,91.99880930338679,0.029855947053250564,078e2a857d394e3a859226522fd402dd,experiment_linear_erythrocytes
1267.011146587281,0.004431082877549018,erythrocytes,CAPILAR,0.8,Random Forest Regressor,GridSearchCV,0.8943242378667244,0.4250076923076919,91.99880930338679,0.029855947053250564,078e2a857d394e3a859226522fd402dd,experiment_linear_erythrocytes
1745.274106029664,0.0042269915013088254,erythrocytes,CAPILAR,0.8,Random Forest Regressor,GridSearchCV,0.8943242378667244,0.4250076923076919,91.99880930338679,0.029855947053250564,078e2a857d394e3a859226522fd402dd,experiment_linear_erythrocytes
948.812000184083,0.004129496459879055,erythrocytes,CAPILAR,0.8,Random Forest Regressor,GridSearchCV,0.8943242378667244,0.4250076923076919,91.99880930338679,0.029855947053250564,078e2a857d394e3a859226522fd402dd,experiment_linear_erythrocytes
985.4531140123299,0.004116886164602966,erythrocytes,CAPILAR,0.8,Random Forest Regressor,GridSearchCV,0.8943242378667244,0.4250076923076919,91.99880930338679,0.029855947053250564,078e2a857d394e3a859226522fd402dd,experiment_linear_erythrocytes
1016.308788815064,0.004112185152271599,erythrocytes,CAPILAR,0.8,Random Forest Regressor,GridSearchCV,0.8943242378667244,0.4250076923076919,91.99880930338679,0.029855947053250564,078e2a857d394e3a859226522fd402dd,experiment_linear_erythrocytes
1162.873244128053,0.004099295184371138,erythrocytes,CAPILAR,0.8,Random Forest Regressor,GridSearchCV,0.8943242378667244,0.4250076923076919,91.99880930338679,0.029855947053250564,078e2a857d394e3a859226522fd402dd,experiment_linear_erythrocytes
1214.942195357667,0.0038365557833702165,erythrocytes,CAPILAR,0.8,Random Forest Regressor,GridSearchCV,0.8943242378667244,0.4250076923076919,91.99880930338679,0.029855947053250564,078e2a857d394e3a859226522fd402dd,experiment_linear_erythrocytes
981.5961546619883,0.0037870465242436538,erythrocytes,CAPILAR,0.8,Random Forest Regressor,GridSearchCV,0.8943242378667244,0.4250076923076919,91.99880930338679,0.029855947053250564,078e2a857d394e3a859226522fd402dd,experiment_linear_erythrocytes
1361.506650670656,0.0037138670600368427,erythrocytes,CAPILAR,0.8,Random Forest Regressor,GridSearchCV,0.8943242378667244,0.4250076923076919,91.99880930338679,0.029855947053250564,078e2a857d394e3a859226522fd402dd,experiment_linear_erythrocytes
1604.495089742189,0.003633198213849575,erythrocytes,CAPILAR,0.8,Random Forest Regressor,GridSearchCV,0.8943242378667244,0.4250076923076919,91.99880930338679,0.029855947053250564,078e2a857d394e3a859226522fd402dd,experiment_linear_erythrocytes
1020.165748165406,0.0036096239632213466,erythrocytes,CAPILAR,0.8,Random Forest Regressor,GridSearchCV,0.8943242378667244,0.4250076923076919,91.99880930338679,0.029855947053250564,078e2a857d394e3a859226522fd402dd,experiment_linear_erythrocytes
1022.094227840577,0.003585493769969094,erythrocytes,CAPILAR,0.8,Random Forest Regressor,GridSearchCV,0.8943242378667244,0.4250076923076919,91.99880930338679,0.029855947053250564,078e2a857d394e3a859226522fd402dd,experiment_linear_erythrocytes
1124.303650624635,0.0035762215691609606,erythrocytes,CAPILAR,0.8,Random Forest Regressor,GridSearchCV,0.8943242378667244,0.4250076923076919,91.99880930338679,0.029855947053250564,078e2a857d394e3a859226522fd402dd,experiment_linear_erythrocytes
1205.299796981813,0.0034396530243518855,erythrocytes,PLASMA,0.8,Random Forest Regressor,GridSearchCV,0.9103691686801875,0.4387445563805763,90.91417225664448,-0.05804841590751186,078e2a857d394e3a859226522fd402dd,experiment_linear_erythrocytes
1793.486097908937,0.0034314515319482683,erythrocytes,PLASMA,0.8,Random Forest Regressor,GridSearchCV,0.9103691686801875,0.4387445563805763,90.91417225664448,-0.05804841590751186,078e2a857d394e3a859226522fd402dd,experiment_linear_erythrocytes
1207.228276656984,0.0034269116500500914,erythrocytes,PLASMA,0.8,Random Forest Regressor,GridSearchCV,0.9103691686801875,0.4387445563805763,90.91417225664448,-0.05804841590751186,078e2a857d394e3a859226522fd402dd,experiment_linear_erythrocytes
1203.371317306642,0.003423045642004975,erythrocytes,PLASMA,0.8,Random Forest Regressor,GridSearchCV,0.9103691686801875,0.4387445563805763,90.91417225664448,-0.05804841590751186,078e2a857d394e3a859226522fd402dd,experiment_linear_erythrocytes
1627.63684584424,0.003418097797806747,erythrocytes,PLASMA,0.8,Random Forest Regressor,GridSearchCV,0.9103691686801875,0.4387445563805763,90.91417225664448,-0.05804841590751186,078e2a857d394e3a859226522fd402dd,experiment_linear_erythrocytes
1795.414577584108,0.003409398597362076,erythrocytes,PLASMA,0.8,Random Forest Regressor,GridSearchCV,0.9103691686801875,0.4387445563805763,90.91417225664448,-0.05804841590751186,078e2a857d394e3a859226522fd402dd,experiment_linear_erythrocytes
1625.708366169069,0.0034083510315543026,erythrocytes,PLASMA,0.8,Random Forest Regressor,GridSearchCV,0.9103691686801875,0.4387445563805763,90.91417225664448,-0.05804841590751186,078e2a857d394e3a859226522fd402dd,experiment_linear_erythrocytes
1791.557618233766,0.0034070409298436787,erythrocytes,PLASMA,0.8,Random Forest Regressor,GridSearchCV,0.9103691686801875,0.4387445563805763,90.91417225664448,-0.05804841590751186,078e2a857d394e3a859226522fd402dd,experiment_linear_erythrocytes
1797.343057259279,0.0033746731517742545,erythrocytes,PLASMA,0.8,Random Forest Regressor,GridSearchCV,0.9103691686801875,0.4387445563805763,90.91417225664448,-0.05804841590751186,078e2a857d394e3a859226522fd402dd,experiment_linear_erythrocytes
1789.629138558595,0.0033661383558293598,erythrocytes,PLASMA,0.8,Random Forest Regressor,GridSearchCV,0.9103691686801875,0.4387445563805763,90.91417225664448,-0.05804841590751186,078e2a857d394e3a859226522fd402dd,experiment_linear_erythrocytes
1799.27153693445,0.003364940002591222,erythrocytes,PLASMA,0.8,Random Forest Regressor,GridSearchCV,0.9103691686801875,0.4387445563805763,90.91417225664448,-0.05804841590751186,078e2a857d394e3a859226522fd402dd,experiment_linear_erythrocytes
1209.156756332154,0.003363556936484897,erythrocytes,PLASMA,0.8,Random Forest Regressor,GridSearchCV,0.9103691686801875,0.4387445563805763,90.91417225664448,-0.05804841590751186,078e2a857d394e3a859226522fd402dd,experiment_linear_erythrocytes
1623.779886493898,0.003358514163586157,erythrocytes,PLASMA,0.8,Random Forest Regressor,GridSearchCV,0.9103691686801875,0.4387445563805763,90.91417225664448,-0.05804841590751186,078e2a857d394e3a859226522fd402dd,experiment_linear_erythrocytes
1801.20001660962,0.0033526010386248205,erythrocytes,PLASMA,0.8,Random Forest Regressor,GridSearchCV,0.9103691686801875,0.4387445563805763,90.91417225664448,-0.05804841590751186,078e2a857d394e3a859226522fd402dd,experiment_linear_erythrocytes
1629.56532551941,0.003332410581241556,erythrocytes,PLASMA,0.8,Random Forest Regressor,GridSearchCV,0.9103691686801875,0.4387445563805763,90.91417225664448,-0.05804841590751186,078e2a857d394e3a859226522fd402dd,experiment_linear_erythrocytes
1803.128496284791,0.003328344960680425,erythrocytes,PLASMA,0.8,Random Forest Regressor,GridSearchCV,0.9103691686801875,0.4387445563805763,90.91417225664448,-0.05804841590751186,078e2a857d394e3a859226522fd402dd,experiment_linear_erythrocytes
1808.913935310304,0.0033185957555854954,erythrocytes,PLASMA,0.8,Random Forest Regressor,GridSearchCV,0.9103691686801875,0.4387445563805763,90.91417225664448,-0.05804841590751186,078e2a857d394e3a859226522fd402dd,experiment_linear_erythrocytes
1787.700658883424,0.003317736812649413,erythrocytes,PLASMA,0.8,Random Forest Regressor,GridSearchCV,0.9103691686801875,0.4387445563805763,90.91417225664448,-0.05804841590751186,078e2a857d394e3a859226522fd402dd,experiment_linear_erythrocytes
1805.056975959963,0.0033134475735085655,erythrocytes,PLASMA,0.8,Random Forest Regressor,GridSearchCV,0.9103691686801875,0.4387445563805763,90.91417225664448,-0.05804841590751186,078e2a857d394e3a859226522fd402dd,experiment_linear_erythrocytes
1806.985455635133,0.0033112755475554778,erythrocytes,PLASMA,0.8,Random Forest Regressor,GridSearchCV,0.9103691686801875,0.4387445563805763,90.91417225664448,-0.05804841590751186,078e2a857d394e3a859226522fd402dd,experiment_linear_erythrocytes
2755.797455819216,0.007140677008017518,erythrocytes,PLASMA,0.8,Random Forest Regressor,GridSearchCV,0.8807684246481267,0.4504738095238097,87.59848899650086,0.0096380806540598,078e2a857d394e3a859226522fd402dd,experiment_linear_erythrocytes
1384.648406772706,0.0060646598999732435,erythrocytes,PLASMA,0.8,Random Forest Regressor,GridSearchCV,0.8807684246481267,0.4504738095238097,87.59848899650086,0.0096380806540598,078e2a857d394e3a859226522fd402dd,experiment_linear_erythrocytes
2759.654415169558,0.0056745696272240236,erythrocytes,PLASMA,0.8,Random Forest Regressor,GridSearchCV,0.8807684246481267,0.4504738095238097,87.59848899650086,0.0096380806540598,078e2a857d394e3a859226522fd402dd,experiment_linear_erythrocytes
1153.230845752198,0.005038040384160455,erythrocytes,PLASMA,0.8,Random Forest Regressor,GridSearchCV,0.8807684246481267,0.4504738095238097,87.59848899650086,0.0096380806540598,078e2a857d394e3a859226522fd402dd,experiment_linear_erythrocytes
1043.307504267457,0.004813925644126791,erythrocytes,PLASMA,0.8,Random Forest Regressor,GridSearchCV,0.8807684246481267,0.4504738095238097,87.59848899650086,0.0096380806540598,078e2a857d394e3a859226522fd402dd,experiment_linear_erythrocytes
1644.993162920778,0.004245100653110242,erythrocytes,PLASMA,0.8,Random Forest Regressor,GridSearchCV,0.8807684246481267,0.4504738095238097,87.59848899650086,0.0096380806540598,078e2a857d394e3a859226522fd402dd,experiment_linear_erythrocytes
1554.354618187745,0.004204790167652379,erythrocytes,PLASMA,0.8,Random Forest Regressor,GridSearchCV,0.8807684246481267,0.4504738095238097,87.59848899650086,0.0096380806540598,078e2a857d394e3a859226522fd402dd,experiment_linear_erythrocytes
1552.426138512574,0.0037311428201612954,erythrocytes,PLASMA,0.8,Random Forest Regressor,GridSearchCV,0.8807684246481267,0.4504738095238097,87.59848899650086,0.0096380806540598,078e2a857d394e3a859226522fd402dd,experiment_linear_erythrocytes
2734.584179392336,0.003676254678180953,erythrocytes,PLASMA,0.8,Random Forest Regressor,GridSearchCV,0.8807684246481267,0.4504738095238097,87.59848899650086,0.0096380806540598,078e2a857d394e3a859226522fd402dd,experiment_linear_erythrocytes
1382.719927097535,0.0036542508968162558,erythrocytes,PLASMA,0.8,Random Forest Regressor,GridSearchCV,0.8807684246481267,0.4504738095238097,87.59848899650086,0.0096380806540598,078e2a857d394e3a859226522fd402dd,experiment_linear_erythrocytes
1641.136203570436,0.0036329096400346617,erythrocytes,PLASMA,0.8,Random Forest Regressor,GridSearchCV,0.8807684246481267,0.4504738095238097,87.59848899650086,0.0096380806540598,078e2a857d394e3a859226522fd402dd,experiment_linear_erythrocytes
1675.848837723512,0.003573450420831207,erythrocytes,PLASMA,0.8,Random Forest Regressor,GridSearchCV,0.8807684246481267,0.4504738095238097,87.59848899650086,0.0096380806540598,078e2a857d394e3a859226522fd402dd,experiment_linear_erythrocytes
1548.569179162233,0.0035485689400743003,erythrocytes,PLASMA,0.8,Random Forest Regressor,GridSearchCV,0.8807684246481267,0.4504738095238097,87.59848899650086,0.0096380806540598,078e2a857d394e3a859226522fd402dd,experiment_linear_erythrocytes
2713.370902965456,0.003519620902356949,erythrocytes,PLASMA,0.8,Random Forest Regressor,GridSearchCV,0.8807684246481267,0.4504738095238097,87.59848899650086,0.0096380806540598,078e2a857d394e3a859226522fd402dd,experiment_linear_erythrocytes
1635.350764544923,0.0035035918883761495,erythrocytes,PLASMA,0.8,Random Forest Regressor,GridSearchCV,0.8807684246481267,0.4504738095238097,87.59848899650086,0.0096380806540598,078e2a857d394e3a859226522fd402dd,experiment_linear_erythrocytes
1137.803008350831,0.0034808127566807344,erythrocytes,PLASMA,0.8,Random Forest Regressor,GridSearchCV,0.8807684246481267,0.4504738095238097,87.59848899650086,0.0096380806540598,078e2a857d394e3a859226522fd402dd,experiment_linear_erythrocytes
2522.451415123537,0.003465311676442599,erythrocytes,PLASMA,0.8,Random Forest Regressor,GridSearchCV,0.8807684246481267,0.4504738095238097,87.59848899650086,0.0096380806540598,078e2a857d394e3a859226522fd402dd,experiment_linear_erythrocytes
1718.275390577272,0.003427598431798434,erythrocytes,PLASMA,0.8,Random Forest Regressor,GridSearchCV,0.8807684246481267,0.4504738095238097,87.59848899650086,0.0096380806540598,078e2a857d394e3a859226522fd402dd,experiment_linear_erythrocytes
1465.644553129884,0.0033593981159874653,erythrocytes,PLASMA,0.8,Random Forest Regressor,GridSearchCV,0.8807684246481267,0.4504738095238097,87.59848899650086,0.0096380806540598,078e2a857d394e3a859226522fd402dd,experiment_linear_erythrocytes
2547.521650900759,0.0033391649759452863,erythrocytes,PLASMA,0.8,Random Forest Regressor,GridSearchCV,0.8807684246481267,0.4504738095238097,87.59848899650086,0.0096380806540598,078e2a857d394e3a859226522fd402dd,experiment_linear_erythrocytes
1205.299796981813,0.0034396530243518846,erythrocytes,PLASMA,0.8,Random Forest Regressor,GridSearchCV,0.9103691686801875,0.4387445563805763,90.91417225664448,-0.05804841590751186,078e2a857d394e3a859226522fd402dd,experiment_linear_erythrocytes
1793.486097908937,0.003431451531948268,erythrocytes,PLASMA,0.8,Random Forest Regressor,GridSearchCV,0.9103691686801875,0.4387445563805763,90.91417225664448,-0.05804841590751186,078e2a857d394e3a859226522fd402dd,experiment_linear_erythrocytes
1207.228276656984,0.0034269116500500914,erythrocytes,PLASMA,0.8,Random Forest Regressor,GridSearchCV,0.9103691686801875,0.4387445563805763,90.91417225664448,-0.05804841590751186,078e2a857d394e3a859226522fd402dd,experiment_linear_erythrocytes
1203.371317306642,0.0034230456420049757,erythrocytes,PLASMA,0.8,Random Forest Regressor,GridSearchCV,0.9103691686801875,0.4387445563805763,90.91417225664448,-0.05804841590751186,078e2a857d394e3a859226522fd402dd,experiment_linear_erythrocytes
1627.63684584424,0.003418097797806747,erythrocytes,PLASMA,0.8,Random Forest Regressor,GridSearchCV,0.9103691686801875,0.4387445563805763,90.91417225664448,-0.05804841590751186,078e2a857d394e3a859226522fd402dd,experiment_linear_erythrocytes
1795.414577584108,0.0034093985973620757,erythrocytes,PLASMA,0.8,Random Forest Regressor,GridSearchCV,0.9103691686801875,0.4387445563805763,90.91417225664448,-0.05804841590751186,078e2a857d394e3a859226522fd402dd,experiment_linear_erythrocytes
1625.708366169069,0.003408351031554304,erythrocytes,PLASMA,0.8,Random Forest Regressor,GridSearchCV,0.9103691686801875,0.4387445563805763,90.91417225664448,-0.05804841590751186,078e2a857d394e3a859226522fd402dd,experiment_linear_erythrocytes
1791.557618233766,0.003407040929843679,erythrocytes,PLASMA,0.8,Random Forest Regressor,GridSearchCV,0.9103691686801875,0.4387445563805763,90.91417225664448,-0.05804841590751186,078e2a857d394e3a859226522fd402dd,experiment_linear_erythrocytes
1797.343057259279,0.0033746731517742532,erythrocytes,PLASMA,0.8,Random Forest Regressor,GridSearchCV,0.9103691686801875,0.4387445563805763,90.91417225664448,-0.05804841590751186,078e2a857d394e3a859226522fd402dd,experiment_linear_erythrocytes
1789.629138558595,0.003366138355829359,erythrocytes,PLASMA,0.8,Random Forest Regressor,GridSearchCV,0.9103691686801875,0.4387445563805763,90.91417225664448,-0.05804841590751186,078e2a857d394e3a859226522fd402dd,experiment_linear_erythrocytes
1799.27153693445,0.0033649400025912214,erythrocytes,PLASMA,0.8,Random Forest Regressor,GridSearchCV,0.9103691686801875,0.4387445563805763,90.91417225664448,-0.05804841590751186,078e2a857d394e3a859226522fd402dd,experiment_linear_erythrocytes
1209.156756332154,0.003363556936484898,erythrocytes,PLASMA,0.8,Random Forest Regressor,GridSearchCV,0.9103691686801875,0.4387445563805763,90.91417225664448,-0.05804841590751186,078e2a857d394e3a859226522fd402dd,experiment_linear_erythrocytes
1623.779886493898,0.0033585141635861563,erythrocytes,PLASMA,0.8,Random Forest Regressor,GridSearchCV,0.9103691686801875,0.4387445563805763,90.91417225664448,-0.05804841590751186,078e2a857d394e3a859226522fd402dd,experiment_linear_erythrocytes
1801.20001660962,0.0033526010386248205,erythrocytes,PLASMA,0.8,Random Forest Regressor,GridSearchCV,0.9103691686801875,0.4387445563805763,90.91417225664448,-0.05804841590751186,078e2a857d394e3a859226522fd402dd,experiment_linear_erythrocytes
1629.56532551941,0.0033324105812415575,erythrocytes,PLASMA,0.8,Random Forest Regressor,GridSearchCV,0.9103691686801875,0.4387445563805763,90.91417225664448,-0.05804841590751186,078e2a857d394e3a859226522fd402dd,experiment_linear_erythrocytes
1803.128496284791,0.0033283449606804245,erythrocytes,PLASMA,0.8,Random Forest Regressor,GridSearchCV,0.9103691686801875,0.4387445563805763,90.91417225664448,-0.05804841590751186,078e2a857d394e3a859226522fd402dd,experiment_linear_erythrocytes
1808.913935310304,0.003318595755585497,erythrocytes,PLASMA,0.8,Random Forest Regressor,GridSearchCV,0.9103691686801875,0.4387445563805763,90.91417225664448,-0.05804841590751186,078e2a857d394e3a859226522fd402dd,experiment_linear_erythrocytes
1787.700658883424,0.003317736812649413,erythrocytes,PLASMA,0.8,Random Forest Regressor,GridSearchCV,0.9103691686801875,0.4387445563805763,90.91417225664448,-0.05804841590751186,078e2a857d394e3a859226522fd402dd,experiment_linear_erythrocytes
1805.056975959963,0.003313447573508565,erythrocytes,PLASMA,0.8,Random Forest Regressor,GridSearchCV,0.9103691686801875,0.4387445563805763,90.91417225664448,-0.05804841590751186,078e2a857d394e3a859226522fd402dd,experiment_linear_erythrocytes
1806.985455635133,0.0033112755475554778,erythrocytes,PLASMA,0.8,Random Forest Regressor,GridSearchCV,0.9103691686801875,0.4387445563805763,90.91417225664448,-0.05804841590751186,078e2a857d394e3a859226522fd402dd,experiment_linear_erythrocytes
2755.797455819216,0.007140677008017518,erythrocytes,PLASMA,0.8,Random Forest Regressor,GridSearchCV,0.8807684246481267,0.4504738095238097,87.59848899650086,0.0096380806540598,078e2a857d394e3a859226522fd402dd,experiment_linear_erythrocytes
1384.648406772706,0.0060646598999732435,erythrocytes,PLASMA,0.8,Random Forest Regressor,GridSearchCV,0.8807684246481267,0.4504738095238097,87.59848899650086,0.0096380806540598,078e2a857d394e3a859226522fd402dd,experiment_linear_erythrocytes
2759.654415169558,0.0056745696272240236,erythrocytes,PLASMA,0.8,Random Forest Regressor,GridSearchCV,0.8807684246481267,0.4504738095238097,87.59848899650086,0.0096380806540598,078e2a857d394e3a859226522fd402dd,experiment_linear_erythrocytes
1153.230845752198,0.005038040384160455,erythrocytes,PLASMA,0.8,Random Forest Regressor,GridSearchCV,0.8807684246481267,0.4504738095238097,87.59848899650086,0.0096380806540598,078e2a857d394e3a859226522fd402dd,experiment_linear_erythrocytes
1043.307504267457,0.004813925644126791,erythrocytes,PLASMA,0.8,Random Forest Regressor,GridSearchCV,0.8807684246481267,0.4504738095238097,87.59848899650086,0.0096380806540598,078e2a857d394e3a859226522fd402dd,experiment_linear_erythrocytes
1644.993162920778,0.004245100653110242,erythrocytes,PLASMA,0.8,Random Forest Regressor,GridSearchCV,0.8807684246481267,0.4504738095238097,87.59848899650086,0.0096380806540598,078e2a857d394e3a859226522fd402dd,experiment_linear_erythrocytes
1554.354618187745,0.004204790167652379,erythrocytes,PLASMA,0.8,Random Forest Regressor,GridSearchCV,0.8807684246481267,0.4504738095238097,87.59848899650086,0.0096380806540598,078e2a857d394e3a859226522fd402dd,experiment_linear_erythrocytes
1552.426138512574,0.0037311428201612954,erythrocytes,PLASMA,0.8,Random Forest Regressor,GridSearchCV,0.8807684246481267,0.4504738095238097,87.59848899650086,0.0096380806540598,078e2a857d394e3a859226522fd402dd,experiment_linear_erythrocytes
2734.584179392336,0.003676254678180953,erythrocytes,PLASMA,0.8,Random Forest Regressor,GridSearchCV,0.8807684246481267,0.4504738095238097,87.59848899650086,0.0096380806540598,078e2a857d394e3a859226522fd402dd,experiment_linear_erythrocytes
1382.719927097535,0.0036542508968162558,erythrocytes,PLASMA,0.8,Random Forest Regressor,GridSearchCV,0.8807684246481267,0.4504738095238097,87.59848899650086,0.0096380806540598,078e2a857d394e3a859226522fd402dd,experiment_linear_erythrocytes
1641.136203570436,0.0036329096400346617,erythrocytes,PLASMA,0.8,Random Forest Regressor,GridSearchCV,0.8807684246481267,0.4504738095238097,87.59848899650086,0.0096380806540598,078e2a857d394e3a859226522fd402dd,experiment_linear_erythrocytes
1675.848837723512,0.003573450420831207,erythrocytes,PLASMA,0.8,Random Forest Regressor,GridSearchCV,0.8807684246481267,0.4504738095238097,87.59848899650086,0.0096380806540598,078e2a857d394e3a859226522fd402dd,experiment_linear_erythrocytes
1548.569179162233,0.0035485689400743003,erythrocytes,PLASMA,0.8,Random Forest Regressor,GridSearchCV,0.8807684246481267,0.4504738095238097,87.59848899650086,0.0096380806540598,078e2a857d394e3a859226522fd402dd,experiment_linear_erythrocytes
2713.370902965456,0.003519620902356949,erythrocytes,PLASMA,0.8,Random Forest Regressor,GridSearchCV,0.8807684246481267,0.4504738095238097,87.59848899650086,0.0096380806540598,078e2a857d394e3a859226522fd402dd,experiment_linear_erythrocytes
1635.350764544923,0.0035035918883761495,erythrocytes,PLASMA,0.8,Random Forest Regressor,GridSearchCV,0.8807684246481267,0.4504738095238097,87.59848899650086,0.0096380806540598,078e2a857d394e3a859226522fd402dd,experiment_linear_erythrocytes
1137.803008350831,0.0034808127566807344,erythrocytes,PLASMA,0.8,Random Forest Regressor,GridSearchCV,0.8807684246481267,0.4504738095238097,87.59848899650086,0.0096380806540598,078e2a857d394e3a859226522fd402dd,experiment_linear_erythrocytes
2522.451415123537,0.003465311676442599,erythrocytes,PLASMA,0.8,Random Forest Regressor,GridSearchCV,0.8807684246481267,0.4504738095238097,87.59848899650086,0.0096380806540598,078e2a857d394e3a859226522fd402dd,experiment_linear_erythrocytes
1718.275390577272,0.003427598431798434,erythrocytes,PLASMA,0.8,Random Forest Regressor,GridSearchCV,0.8807684246481267,0.4504738095238097,87.59848899650086,0.0096380806540598,078e2a857d394e3a859226522fd402dd,experiment_linear_erythrocytes
1465.644553129884,0.0033593981159874653,erythrocytes,PLASMA,0.8,Random Forest Regressor,GridSearchCV,0.8807684246481267,0.4504738095238097,87.59848899650086,0.0096380806540598,078e2a857d394e3a859226522fd402dd,experiment_linear_erythrocytes
2547.521650900759,0.0033391649759452863,erythrocytes,PLASMA,0.8,Random Forest Regressor,GridSearchCV,0.8807684246481267,0.4504738095238097,87.59848899650086,0.0096380806540598,078e2a857d394e3a859226522fd402dd,experiment_linear_erythrocytes
1583.281813315309,0.004430709954650549,erythrocytes,SALIVA,0.8,Random Forest Regressor,GridSearchCV,0.909114343038126,0.41991828659988056,91.65750387797628,-0.06469020566129946,078e2a857d394e3a859226522fd402dd,experiment_linear_erythrocytes
1016.308788815064,0.0044237284993290885,erythrocytes,SALIVA,0.8,Random Forest Regressor,GridSearchCV,0.909114343038126,0.41991828659988056,91.65750387797628,-0.06469020566129946,078e2a857d394e3a859226522fd402dd,experiment_linear_erythrocytes
1585.21029299048,0.004415452215004398,erythrocytes,SALIVA,0.8,Random Forest Regressor,GridSearchCV,0.909114343038126,0.41991828659988056,91.65750387797628,-0.06469020566129946,078e2a857d394e3a859226522fd402dd,experiment_linear_erythrocytes
1581.353333640138,0.004370082696547133,erythrocytes,SALIVA,0.8,Random Forest Regressor,GridSearchCV,0.909114343038126,0.41991828659988056,91.65750387797628,-0.06469020566129946,078e2a857d394e3a859226522fd402dd,experiment_linear_erythrocytes
1018.237268490235,0.004299731977616385,erythrocytes,SALIVA,0.8,Random Forest Regressor,GridSearchCV,0.909114343038126,0.41991828659988056,91.65750387797628,-0.06469020566129946,078e2a857d394e3a859226522fd402dd,experiment_linear_erythrocytes
1587.138772665651,0.004251631804993418,erythrocytes,SALIVA,0.8,Random Forest Regressor,GridSearchCV,0.909114343038126,0.41991828659988056,91.65750387797628,-0.06469020566129946,078e2a857d394e3a859226522fd402dd,experiment_linear_erythrocytes
1579.424853964967,0.004247421385801043,erythrocytes,SALIVA,0.8,Random Forest Regressor,GridSearchCV,0.909114343038126,0.41991828659988056,91.65750387797628,-0.06469020566129946,078e2a857d394e3a859226522fd402dd,experiment_linear_erythrocytes
1014.380309139893,0.0040571759249720465,erythrocytes,SALIVA,0.8,Random Forest Regressor,GridSearchCV,0.909114343038126,0.41991828659988056,91.65750387797628,-0.06469020566129946,078e2a857d394e3a859226522fd402dd,experiment_linear_erythrocytes
1027.87966686609,0.004056404200160217,erythrocytes,SALIVA,0.8,Random Forest Regressor,GridSearchCV,0.909114343038126,0.41991828659988056,91.65750387797628,-0.06469020566129946,078e2a857d394e3a859226522fd402dd,experiment_linear_erythrocytes
1029.808146541261,0.004052903622227625,erythrocytes,SALIVA,0.8,Random Forest Regressor,GridSearchCV,0.909114343038126,0.41991828659988056,91.65750387797628,-0.06469020566129946,078e2a857d394e3a859226522fd402dd,experiment_linear_erythrocytes
1037.522065241944,0.004033316124765739,erythrocytes,SALIVA,0.8,Random Forest Regressor,GridSearchCV,0.909114343038126,0.41991828659988056,91.65750387797628,-0.06469020566129946,078e2a857d394e3a859226522fd402dd,experiment_linear_erythrocytes
1035.593585566773,0.004031875983294649,erythrocytes,SALIVA,0.8,Random Forest Regressor,GridSearchCV,0.909114343038126,0.41991828659988056,91.65750387797628,-0.06469020566129946,078e2a857d394e3a859226522fd402dd,experiment_linear_erythrocytes
1020.165748165406,0.004026648507580206,erythrocytes,SALIVA,0.8,Random Forest Regressor,GridSearchCV,0.909114343038126,0.41991828659988056,91.65750387797628,-0.06469020566129946,078e2a857d394e3a859226522fd402dd,experiment_linear_erythrocytes
1577.496374289796,0.004024278999748397,erythrocytes,SALIVA,0.8,Random Forest Regressor,GridSearchCV,0.909114343038126,0.41991828659988056,91.65750387797628,-0.06469020566129946,078e2a857d394e3a859226522fd402dd,experiment_linear_erythrocytes
1031.736626216432,0.004004488013891144,erythrocytes,SALIVA,0.8,Random Forest Regressor,GridSearchCV,0.909114343038126,0.41991828659988056,91.65750387797628,-0.06469020566129946,078e2a857d394e3a859226522fd402dd,experiment_linear_erythrocytes
1033.665105891602,0.004001482774902695,erythrocytes,SALIVA,0.8,Random Forest Regressor,GridSearchCV,0.909114343038126,0.41991828659988056,91.65750387797628,-0.06469020566129946,078e2a857d394e3a859226522fd402dd,experiment_linear_erythrocytes
1589.067252340822,0.003978708101977945,erythrocytes,SALIVA,0.8,Random Forest Regressor,GridSearchCV,0.909114343038126,0.41991828659988056,91.65750387797628,-0.06469020566129946,078e2a857d394e3a859226522fd402dd,experiment_linear_erythrocytes
1039.450544917115,0.003962582519901241,erythrocytes,SALIVA,0.8,Random Forest Regressor,GridSearchCV,0.909114343038126,0.41991828659988056,91.65750387797628,-0.06469020566129946,078e2a857d394e3a859226522fd402dd,experiment_linear_erythrocytes
1025.951187190919,0.0039060398673964503,erythrocytes,SALIVA,0.8,Random Forest Regressor,GridSearchCV,0.909114343038126,0.41991828659988056,91.65750387797628,-0.06469020566129946,078e2a857d394e3a859226522fd402dd,experiment_linear_erythrocytes
1022.094227840577,0.0038414026431493956,erythrocytes,SALIVA,0.8,Random Forest Regressor,GridSearchCV,0.909114343038126,0.41991828659988056,91.65750387797628,-0.06469020566129946,078e2a857d394e3a859226522fd402dd,experiment_linear_erythrocytes
2690.229146863405,0.00639780482248684,erythrocytes,SALIVA,0.8,Random Forest Regressor,GridSearchCV,0.9031624998676735,0.42716284953468564,91.56831746072895,-0.05079508700191204,078e2a857d394e3a859226522fd402dd,experiment_linear_erythrocytes
1710.561471876588,0.00632909515137472,erythrocytes,SALIVA,0.8,Random Forest Regressor,GridSearchCV,0.9031624998676735,0.42716284953468564,91.56831746072895,-0.05079508700191204,078e2a857d394e3a859226522fd402dd,experiment_linear_erythrocytes
1700.919073500734,0.005572331052424226,erythrocytes,SALIVA,0.8,Random Forest Regressor,GridSearchCV,0.9031624998676735,0.42716284953468564,91.56831746072895,-0.05079508700191204,078e2a857d394e3a859226522fd402dd,experiment_linear_erythrocytes
2859.935358278445,0.005192625819118965,erythrocytes,SALIVA,0.8,Random Forest Regressor,GridSearchCV,0.9031624998676735,0.42716284953468564,91.56831746072895,-0.05079508700191204,078e2a857d394e3a859226522fd402dd,experiment_linear_erythrocytes
1741.417146679323,0.004385826014198969,erythrocytes,SALIVA,0.8,Random Forest Regressor,GridSearchCV,0.9031624998676735,0.42716284953468564,91.56831746072895,-0.05079508700191204,078e2a857d394e3a859226522fd402dd,experiment_linear_erythrocytes
2750.012016793703,0.004109560648315189,erythrocytes,SALIVA,0.8,Random Forest Regressor,GridSearchCV,0.9031624998676735,0.42716284953468564,91.56831746072895,-0.05079508700191204,078e2a857d394e3a859226522fd402dd,experiment_linear_erythrocytes
2655.516512710329,0.004069129618030051,erythrocytes,SALIVA,0.8,Random Forest Regressor,GridSearchCV,0.9031624998676735,0.42716284953468564,91.56831746072895,-0.05079508700191204,078e2a857d394e3a859226522fd402dd,experiment_linear_erythrocytes
2672.872829786867,0.004064150248666507,erythrocytes,SALIVA,0.8,Random Forest Regressor,GridSearchCV,0.9031624998676735,0.42716284953468564,91.56831746072895,-0.05079508700191204,078e2a857d394e3a859226522fd402dd,experiment_linear_erythrocytes
1550.497658837404,0.003930218652151059,erythrocytes,SALIVA,0.8,Random Forest Regressor,GridSearchCV,0.9031624998676735,0.42716284953468564,91.56831746072895,-0.05079508700191204,078e2a857d394e3a859226522fd402dd,experiment_linear_erythrocytes
1305.580740090699,0.003913234135792339,erythrocytes,SALIVA,0.8,Random Forest Regressor,GridSearchCV,0.9031624998676735,0.42716284953468564,91.56831746072895,-0.05079508700191204,078e2a857d394e3a859226522fd402dd,experiment_linear_erythrocytes
2514.737496422853,0.003859351037616811,erythrocytes,SALIVA,0.8,Random Forest Regressor,GridSearchCV,0.9031624998676735,0.42716284953468564,91.56831746072895,-0.05079508700191204,078e2a857d394e3a859226522fd402dd,experiment_linear_erythrocytes
2883.077114380495,0.003846894763927181,erythrocytes,SALIVA,0.8,Random Forest Regressor,GridSearchCV,0.9031624998676735,0.42716284953468564,91.56831746072895,-0.05079508700191204,078e2a857d394e3a859226522fd402dd,experiment_linear_erythrocytes
981.5961546619883,0.003844568224113927,erythrocytes,SALIVA,0.8,Random Forest Regressor,GridSearchCV,0.9031624998676735,0.42716284953468564,91.56831746072895,-0.05079508700191204,078e2a857d394e3a859226522fd402dd,experiment_linear_erythrocytes
2964.073260737673,0.0038374475074262372,erythrocytes,SALIVA,0.8,Random Forest Regressor,GridSearchCV,0.9031624998676735,0.42716284953468564,91.56831746072895,-0.05079508700191204,078e2a857d394e3a859226522fd402dd,experiment_linear_erythrocytes
1284.367463663819,0.003818671349281047,erythrocytes,SALIVA,0.8,Random Forest Regressor,GridSearchCV,0.9031624998676735,0.42716284953468564,91.56831746072895,-0.05079508700191204,078e2a857d394e3a859226522fd402dd,experiment_linear_erythrocytes
1168.658683153565,0.0038005547827650145,erythrocytes,SALIVA,0.8,Random Forest Regressor,GridSearchCV,0.9031624998676735,0.42716284953468564,91.56831746072895,-0.05079508700191204,078e2a857d394e3a859226522fd402dd,experiment_linear_erythrocytes
1286.29594333899,0.003781307721227163,erythrocytes,SALIVA,0.8,Random Forest Regressor,GridSearchCV,0.9031624998676735,0.42716284953468564,91.56831746072895,-0.05079508700191204,078e2a857d394e3a859226522fd402dd,experiment_linear_erythrocytes
1334.507935218263,0.0037516036435520745,erythrocytes,SALIVA,0.8,Random Forest Regressor,GridSearchCV,0.9031624998676735,0.42716284953468564,91.56831746072895,-0.05079508700191204,078e2a857d394e3a859226522fd402dd,experiment_linear_erythrocytes
1563.9970165636,0.003746197885080851,erythrocytes,SALIVA,0.8,Random Forest Regressor,GridSearchCV,0.9031624998676735,0.42716284953468564,91.56831746072895,-0.05079508700191204,078e2a857d394e3a859226522fd402dd,experiment_linear_erythrocytes
2832.936642826052,0.0036947140621472435,erythrocytes,SALIVA,0.8,Random Forest Regressor,GridSearchCV,0.9031624998676735,0.42716284953468564,91.56831746072895,-0.05079508700191204,078e2a857d394e3a859226522fd402dd,experiment_linear_erythrocytes
1583.281813315309,0.00443070995465055,erythrocytes,SALIVA,0.8,Random Forest Regressor,GridSearchCV,0.909114343038126,0.41991828659988056,91.65750387797628,-0.06469020566129946,078e2a857d394e3a859226522fd402dd,experiment_linear_erythrocytes
1016.308788815064,0.0044237284993290885,erythrocytes,SALIVA,0.8,Random Forest Regressor,GridSearchCV,0.909114343038126,0.41991828659988056,91.65750387797628,-0.06469020566129946,078e2a857d394e3a859226522fd402dd,experiment_linear_erythrocytes
1585.21029299048,0.004415452215004399,erythrocytes,SALIVA,0.8,Random Forest Regressor,GridSearchCV,0.909114343038126,0.41991828659988056,91.65750387797628,-0.06469020566129946,078e2a857d394e3a859226522fd402dd,experiment_linear_erythrocytes
1581.353333640138,0.004370082696547134,erythrocytes,SALIVA,0.8,Random Forest Regressor,GridSearchCV,0.909114343038126,0.41991828659988056,91.65750387797628,-0.06469020566129946,078e2a857d394e3a859226522fd402dd,experiment_linear_erythrocytes
1018.237268490235,0.004299731977616384,erythrocytes,SALIVA,0.8,Random Forest Regressor,GridSearchCV,0.909114343038126,0.41991828659988056,91.65750387797628,-0.06469020566129946,078e2a857d394e3a859226522fd402dd,experiment_linear_erythrocytes
1587.138772665651,0.004251631804993416,erythrocytes,SALIVA,0.8,Random Forest Regressor,GridSearchCV,0.909114343038126,0.41991828659988056,91.65750387797628,-0.06469020566129946,078e2a857d394e3a859226522fd402dd,experiment_linear_erythrocytes
1579.424853964967,0.004247421385801044,erythrocytes,SALIVA,0.8,Random Forest Regressor,GridSearchCV,0.909114343038126,0.41991828659988056,91.65750387797628,-0.06469020566129946,078e2a857d394e3a859226522fd402dd,experiment_linear_erythrocytes
1014.380309139893,0.0040571759249720465,erythrocytes,SALIVA,0.8,Random Forest Regressor,GridSearchCV,0.909114343038126,0.41991828659988056,91.65750387797628,-0.06469020566129946,078e2a857d394e3a859226522fd402dd,experiment_linear_erythrocytes
1027.87966686609,0.004056404200160217,erythrocytes,SALIVA,0.8,Random Forest Regressor,GridSearchCV,0.909114343038126,0.41991828659988056,91.65750387797628,-0.06469020566129946,078e2a857d394e3a859226522fd402dd,experiment_linear_erythrocytes
1029.808146541261,0.004052903622227625,erythrocytes,SALIVA,0.8,Random Forest Regressor,GridSearchCV,0.909114343038126,0.41991828659988056,91.65750387797628,-0.06469020566129946,078e2a857d394e3a859226522fd402dd,experiment_linear_erythrocytes
1037.522065241944,0.004033316124765741,erythrocytes,SALIVA,0.8,Random Forest Regressor,GridSearchCV,0.909114343038126,0.41991828659988056,91.65750387797628,-0.06469020566129946,078e2a857d394e3a859226522fd402dd,experiment_linear_erythrocytes
1035.593585566773,0.004031875983294648,erythrocytes,SALIVA,0.8,Random Forest Regressor,GridSearchCV,0.909114343038126,0.41991828659988056,91.65750387797628,-0.06469020566129946,078e2a857d394e3a859226522fd402dd,experiment_linear_erythrocytes
1020.165748165406,0.004026648507580206,erythrocytes,SALIVA,0.8,Random Forest Regressor,GridSearchCV,0.909114343038126,0.41991828659988056,91.65750387797628,-0.06469020566129946,078e2a857d394e3a859226522fd402dd,experiment_linear_erythrocytes
1577.496374289796,0.0040242789997484,erythrocytes,SALIVA,0.8,Random Forest Regressor,GridSearchCV,0.909114343038126,0.41991828659988056,91.65750387797628,-0.06469020566129946,078e2a857d394e3a859226522fd402dd,experiment_linear_erythrocytes
1031.736626216432,0.004004488013891144,erythrocytes,SALIVA,0.8,Random Forest Regressor,GridSearchCV,0.909114343038126,0.41991828659988056,91.65750387797628,-0.06469020566129946,078e2a857d394e3a859226522fd402dd,experiment_linear_erythrocytes
1033.665105891602,0.0040014827749026965,erythrocytes,SALIVA,0.8,Random Forest Regressor,GridSearchCV,0.909114343038126,0.41991828659988056,91.65750387797628,-0.06469020566129946,078e2a857d394e3a859226522fd402dd,experiment_linear_erythrocytes
1589.067252340822,0.003978708101977945,erythrocytes,SALIVA,0.8,Random Forest Regressor,GridSearchCV,0.909114343038126,0.41991828659988056,91.65750387797628,-0.06469020566129946,078e2a857d394e3a859226522fd402dd,experiment_linear_erythrocytes
1039.450544917115,0.003962582519901243,erythrocytes,SALIVA,0.8,Random Forest Regressor,GridSearchCV,0.909114343038126,0.41991828659988056,91.65750387797628,-0.06469020566129946,078e2a857d394e3a859226522fd402dd,experiment_linear_erythrocytes
1025.951187190919,0.0039060398673964507,erythrocytes,SALIVA,0.8,Random Forest Regressor,GridSearchCV,0.909114343038126,0.41991828659988056,91.65750387797628,-0.06469020566129946,078e2a857d394e3a859226522fd402dd,experiment_linear_erythrocytes
1022.094227840577,0.003841402643149397,erythrocytes,SALIVA,0.8,Random Forest Regressor,GridSearchCV,0.909114343038126,0.41991828659988056,91.65750387797628,-0.06469020566129946,078e2a857d394e3a859226522fd402dd,experiment_linear_erythrocytes
2690.229146863405,0.00639780482248684,erythrocytes,SALIVA,0.8,Random Forest Regressor,GridSearchCV,0.9031624998676735,0.42716284953468564,91.56831746072895,-0.05079508700191204,078e2a857d394e3a859226522fd402dd,experiment_linear_erythrocytes
1710.561471876588,0.00632909515137472,erythrocytes,SALIVA,0.8,Random Forest Regressor,GridSearchCV,0.9031624998676735,0.42716284953468564,91.56831746072895,-0.05079508700191204,078e2a857d394e3a859226522fd402dd,experiment_linear_erythrocytes
1700.919073500734,0.005572331052424226,erythrocytes,SALIVA,0.8,Random Forest Regressor,GridSearchCV,0.9031624998676735,0.42716284953468564,91.56831746072895,-0.05079508700191204,078e2a857d394e3a859226522fd402dd,experiment_linear_erythrocytes
2859.935358278445,0.005192625819118965,erythrocytes,SALIVA,0.8,Random Forest Regressor,GridSearchCV,0.9031624998676735,0.42716284953468564,91.56831746072895,-0.05079508700191204,078e2a857d394e3a859226522fd402dd,experiment_linear_erythrocytes
1741.417146679323,0.004385826014198969,erythrocytes,SALIVA,0.8,Random Forest Regressor,GridSearchCV,0.9031624998676735,0.42716284953468564,91.56831746072895,-0.05079508700191204,078e2a857d394e3a859226522fd402dd,experiment_linear_erythrocytes
2750.012016793703,0.004109560648315189,erythrocytes,SALIVA,0.8,Random Forest Regressor,GridSearchCV,0.9031624998676735,0.42716284953468564,91.56831746072895,-0.05079508700191204,078e2a857d394e3a859226522fd402dd,experiment_linear_erythrocytes
2655.516512710329,0.004069129618030051,erythrocytes,SALIVA,0.8,Random Forest Regressor,GridSearchCV,0.9031624998676735,0.42716284953468564,91.56831746072895,-0.05079508700191204,078e2a857d394e3a859226522fd402dd,experiment_linear_erythrocytes
2672.872829786867,0.004064150248666507,erythrocytes,SALIVA,0.8,Random Forest Regressor,GridSearchCV,0.9031624998676735,0.42716284953468564,91.56831746072895,-0.05079508700191204,078e2a857d394e3a859226522fd402dd,experiment_linear_erythrocytes
1550.497658837404,0.003930218652151059,erythrocytes,SALIVA,0.8,Random Forest Regressor,GridSearchCV,0.9031624998676735,0.42716284953468564,91.56831746072895,-0.05079508700191204,078e2a857d394e3a859226522fd402dd,experiment_linear_erythrocytes
1305.580740090699,0.003913234135792339,erythrocytes,SALIVA,0.8,Random Forest Regressor,GridSearchCV,0.9031624998676735,0.42716284953468564,91.56831746072895,-0.05079508700191204,078e2a857d394e3a859226522fd402dd,experiment_linear_erythrocytes
2514.737496422853,0.003859351037616811,erythrocytes,SALIVA,0.8,Random Forest Regressor,GridSearchCV,0.9031624998676735,0.42716284953468564,91.56831746072895,-0.05079508700191204,078e2a857d394e3a859226522fd402dd,experiment_linear_erythrocytes
2883.077114380495,0.003846894763927181,erythrocytes,SALIVA,0.8,Random Forest Regressor,GridSearchCV,0.9031624998676735,0.42716284953468564,91.56831746072895,-0.05079508700191204,078e2a857d394e3a859226522fd402dd,experiment_linear_erythrocytes
981.5961546619883,0.003844568224113927,erythrocytes,SALIVA,0.8,Random Forest Regressor,GridSearchCV,0.9031624998676735,0.42716284953468564,91.56831746072895,-0.05079508700191204,078e2a857d394e3a859226522fd402dd,experiment_linear_erythrocytes
2964.073260737673,0.0038374475074262372,erythrocytes,SALIVA,0.8,Random Forest Regressor,GridSearchCV,0.9031624998676735,0.42716284953468564,91.56831746072895,-0.05079508700191204,078e2a857d394e3a859226522fd402dd,experiment_linear_erythrocytes
1284.367463663819,0.003818671349281047,erythrocytes,SALIVA,0.8,Random Forest Regressor,GridSearchCV,0.9031624998676735,0.42716284953468564,91.56831746072895,-0.05079508700191204,078e2a857d394e3a859226522fd402dd,experiment_linear_erythrocytes
1168.658683153565,0.0038005547827650145,erythrocytes,SALIVA,0.8,Random Forest Regressor,GridSearchCV,0.9031624998676735,0.42716284953468564,91.56831746072895,-0.05079508700191204,078e2a857d394e3a859226522fd402dd,experiment_linear_erythrocytes
1286.29594333899,0.003781307721227163,erythrocytes,SALIVA,0.8,Random Forest Regressor,GridSearchCV,0.9031624998676735,0.42716284953468564,91.56831746072895,-0.05079508700191204,078e2a857d394e3a859226522fd402dd,experiment_linear_erythrocytes
1334.507935218263,0.0037516036435520745,erythrocytes,SALIVA,0.8,Random Forest Regressor,GridSearchCV,0.9031624998676735,0.42716284953468564,91.56831746072895,-0.05079508700191204,078e2a857d394e3a859226522fd402dd,experiment_linear_erythrocytes
1563.9970165636,0.003746197885080851,erythrocytes,SALIVA,0.8,Random Forest Regressor,GridSearchCV,0.9031624998676735,0.42716284953468564,91.56831746072895,-0.05079508700191204,078e2a857d394e3a859226522fd402dd,experiment_linear_erythrocytes
2832.936642826052,0.0036947140621472435,erythrocytes,SALIVA,0.8,Random Forest Regressor,GridSearchCV,0.9031624998676735,0.42716284953468564,91.56831746072895,-0.05079508700191204,078e2a857d394e3a859226522fd402dd,experiment_linear_erythrocytes
2711.442423290285,0.009934774790776969,erythrocytes,SERUM,0.8,Random Forest Regressor,GridSearchCV,0.8589959989560786,0.36390239914079014,88.94637271273488,0.02695492828124979,078e2a857d394e3a859226522fd402dd,experiment_linear_erythrocytes
2713.370902965456,0.007733389932890851,erythrocytes,SERUM,0.8,Random Forest Regressor,GridSearchCV,0.8589959989560786,0.36390239914079014,88.94637271273488,0.02695492828124979,078e2a857d394e3a859226522fd402dd,experiment_linear_erythrocytes
2709.513943615114,0.006383266590982821,erythrocytes,SERUM,0.8,Random Forest Regressor,GridSearchCV,0.8589959989560786,0.36390239914079014,88.94637271273488,0.02695492828124979,078e2a857d394e3a859226522fd402dd,experiment_linear_erythrocytes
1556.283097862916,0.004493686932577033,erythrocytes,SERUM,0.8,Random Forest Regressor,GridSearchCV,0.8589959989560786,0.36390239914079014,88.94637271273488,0.02695492828124979,078e2a857d394e3a859226522fd402dd,experiment_linear_erythrocytes
1558.211577538087,0.004384909487324013,erythrocytes,SERUM,0.8,Random Forest Regressor,GridSearchCV,0.8589959989560786,0.36390239914079014,88.94637271273488,0.02695492828124979,078e2a857d394e3a859226522fd402dd,experiment_linear_erythrocytes
1384.648406772706,0.004344581830023998,erythrocytes,SERUM,0.8,Random Forest Regressor,GridSearchCV,0.8589959989560786,0.36390239914079014,88.94637271273488,0.02695492828124979,078e2a857d394e3a859226522fd402dd,experiment_linear_erythrocytes
1594.852691366334,0.00432086206243227,erythrocytes,SERUM,0.8,Random Forest Regressor,GridSearchCV,0.8589959989560786,0.36390239914079014,88.94637271273488,0.02695492828124979,078e2a857d394e3a859226522fd402dd,experiment_linear_erythrocytes
1596.781171041505,0.004296462535619739,erythrocytes,SERUM,0.8,Random Forest Regressor,GridSearchCV,0.8589959989560786,0.36390239914079014,88.94637271273488,0.02695492828124979,078e2a857d394e3a859226522fd402dd,experiment_linear_erythrocytes
1592.924211691163,0.0042472988093898946,erythrocytes,SERUM,0.8,Random Forest Regressor,GridSearchCV,0.8589959989560786,0.36390239914079014,88.94637271273488,0.02695492828124979,078e2a857d394e3a859226522fd402dd,experiment_linear_erythrocytes
1598.709650716676,0.004241037498238697,erythrocytes,SERUM,0.8,Random Forest Regressor,GridSearchCV,0.8589959989560786,0.36390239914079014,88.94637271273488,0.02695492828124979,078e2a857d394e3a859226522fd402dd,experiment_linear_erythrocytes
1554.354618187745,0.0042103453185924,erythrocytes,SERUM,0.8,Random Forest Regressor,GridSearchCV,0.8589959989560786,0.36390239914079014,88.94637271273488,0.02695492828124979,078e2a857d394e3a859226522fd402dd,experiment_linear_erythrocytes
1382.719927097535,0.004147310235383143,erythrocytes,SERUM,0.8,Random Forest Regressor,GridSearchCV,0.8589959989560786,0.36390239914079014,88.94637271273488,0.02695492828124979,078e2a857d394e3a859226522fd402dd,experiment_linear_erythrocytes
1600.638130391847,0.004092357154964062,erythrocytes,SERUM,0.8,Random Forest Regressor,GridSearchCV,0.8589959989560786,0.36390239914079014,88.94637271273488,0.02695492828124979,078e2a857d394e3a859226522fd402dd,experiment_linear_erythrocytes
1590.995732015992,0.0040203455261280194,erythrocytes,SERUM,0.8,Random Forest Regressor,GridSearchCV,0.8589959989560786,0.36390239914079014,88.94637271273488,0.02695492828124979,078e2a857d394e3a859226522fd402dd,experiment_linear_erythrocytes
1560.140057213258,0.003936297651185008,erythrocytes,SERUM,0.8,Random Forest Regressor,GridSearchCV,0.8589959989560786,0.36390239914079014,88.94637271273488,0.02695492828124979,078e2a857d394e3a859226522fd402dd,experiment_linear_erythrocytes
2715.299382640627,0.003918533320812829,erythrocytes,SERUM,0.8,Random Forest Regressor,GridSearchCV,0.8589959989560786,0.36390239914079014,88.94637271273488,0.02695492828124979,078e2a857d394e3a859226522fd402dd,experiment_linear_erythrocytes
1386.576886447877,0.003917594270246881,erythrocytes,SERUM,0.8,Random Forest Regressor,GridSearchCV,0.8589959989560786,0.36390239914079014,88.94637271273488,0.02695492828124979,078e2a857d394e3a859226522fd402dd,experiment_linear_erythrocytes
1602.566610067018,0.0038712078747718376,erythrocytes,SERUM,0.8,Random Forest Regressor,GridSearchCV,0.8589959989560786,0.36390239914079014,88.94637271273488,0.02695492828124979,078e2a857d394e3a859226522fd402dd,experiment_linear_erythrocytes
1380.791447422364,0.003811550046972254,erythrocytes,SERUM,0.8,Random Forest Regressor,GridSearchCV,0.8589959989560786,0.36390239914079014,88.94637271273488,0.02695492828124979,078e2a857d394e3a859226522fd402dd,experiment_linear_erythrocytes
1521.57046370984,0.0036902284527664197,erythrocytes,SERUM,0.8,Random Forest Regressor,GridSearchCV,0.8589959989560786,0.36390239914079014,88.94637271273488,0.02695492828124979,078e2a857d394e3a859226522fd402dd,experiment_linear_erythrocytes
2713.370902965456,0.016446299938928575,erythrocytes,SERUM,0.8,Random Forest Regressor,GridSearchCV,0.8595417681096134,0.392595,89.42286637517776,0.02571807341463117,078e2a857d394e3a859226522fd402dd,experiment_linear_erythrocytes
2738.441138742678,0.012727056509527363,erythrocytes,SERUM,0.8,Random Forest Regressor,GridSearchCV,0.8595417681096134,0.392595,89.42286637517776,0.02571807341463117,078e2a857d394e3a859226522fd402dd,experiment_linear_erythrocytes
2732.655699717165,0.01155615965705163,erythrocytes,SERUM,0.8,Random Forest Regressor,GridSearchCV,0.8595417681096134,0.392595,89.42286637517776,0.02571807341463117,078e2a857d394e3a859226522fd402dd,experiment_linear_erythrocytes
2734.584179392336,0.009402026712215463,erythrocytes,SERUM,0.8,Random Forest Regressor,GridSearchCV,0.8595417681096134,0.392595,89.42286637517776,0.02571807341463117,078e2a857d394e3a859226522fd402dd,experiment_linear_erythrocytes
2755.797455819216,0.00899666662114344,erythrocytes,SERUM,0.8,Random Forest Regressor,GridSearchCV,0.8595417681096134,0.392595,89.42286637517776,0.02571807341463117,078e2a857d394e3a859226522fd402dd,experiment_linear_erythrocytes
2715.299382640627,0.00877082519681296,erythrocytes,SERUM,0.8,Random Forest Regressor,GridSearchCV,0.8595417681096134,0.392595,89.42286637517776,0.02571807341463117,078e2a857d394e3a859226522fd402dd,experiment_linear_erythrocytes
2717.227862315798,0.008245197246102004,erythrocytes,SERUM,0.8,Random Forest Regressor,GridSearchCV,0.8595417681096134,0.392595,89.42286637517776,0.02571807341463117,078e2a857d394e3a859226522fd402dd,experiment_linear_erythrocytes
2736.512659067507,0.00823894995191828,erythrocytes,SERUM,0.8,Random Forest Regressor,GridSearchCV,0.8595417681096134,0.392595,89.42286637517776,0.02571807341463117,078e2a857d394e3a859226522fd402dd,experiment_linear_erythrocytes
2748.083537118532,0.007788345191170918,erythrocytes,SERUM,0.8,Random Forest Regressor,GridSearchCV,0.8595417681096134,0.392595,89.42286637517776,0.02571807341463117,078e2a857d394e3a859226522fd402dd,experiment_linear_erythrocytes
3045.069407094851,0.007472171604401454,erythrocytes,SERUM,0.8,Random Forest Regressor,GridSearchCV,0.8595417681096134,0.392595,89.42286637517776,0.02571807341463117,078e2a857d394e3a859226522fd402dd,experiment_linear_erythrocytes
1614.137488118043,0.007224344573688968,erythrocytes,SERUM,0.8,Random Forest Regressor,GridSearchCV,0.8595417681096134,0.392595,89.42286637517776,0.02571807341463117,078e2a857d394e3a859226522fd402dd,experiment_linear_erythrocytes
1149.373886401856,0.007169500879839683,erythrocytes,SERUM,0.8,Random Forest Regressor,GridSearchCV,0.8595417681096134,0.392595,89.42286637517776,0.02571807341463117,078e2a857d394e3a859226522fd402dd,experiment_linear_erythrocytes
1180.229561204591,0.006919319977333915,erythrocytes,SERUM,0.8,Random Forest Regressor,GridSearchCV,0.8595417681096134,0.392595,89.42286637517776,0.02571807341463117,078e2a857d394e3a859226522fd402dd,experiment_linear_erythrocytes
1523.498943385011,0.006717013885697641,erythrocytes,SERUM,0.8,Random Forest Regressor,GridSearchCV,0.8595417681096134,0.392595,89.42286637517776,0.02571807341463117,078e2a857d394e3a859226522fd402dd,experiment_linear_erythrocytes
1513.856545009157,0.006607962396133562,erythrocytes,SERUM,0.8,Random Forest Regressor,GridSearchCV,0.8595417681096134,0.392595,89.42286637517776,0.02571807341463117,078e2a857d394e3a859226522fd402dd,experiment_linear_erythrocytes
2775.082252570925,0.006215408424290945,erythrocytes,SERUM,0.8,Random Forest Regressor,GridSearchCV,0.8595417681096134,0.392595,89.42286637517776,0.02571807341463117,078e2a857d394e3a859226522fd402dd,experiment_linear_erythrocytes
2711.442423290285,0.0060821926491304665,erythrocytes,SERUM,0.8,Random Forest Regressor,GridSearchCV,0.8595417681096134,0.392595,89.42286637517776,0.02571807341463117,078e2a857d394e3a859226522fd402dd,experiment_linear_erythrocytes
1623.779886493898,0.006015228219703242,erythrocytes,SERUM,0.8,Random Forest Regressor,GridSearchCV,0.8595417681096134,0.392595,89.42286637517776,0.02571807341463117,078e2a857d394e3a859226522fd402dd,experiment_linear_erythrocytes
2724.941781016481,0.005822940951161744,erythrocytes,SERUM,0.8,Random Forest Regressor,GridSearchCV,0.8595417681096134,0.392595,89.42286637517776,0.02571807341463117,078e2a857d394e3a859226522fd402dd,experiment_linear_erythrocytes
2697.943065564089,0.005480189297027277,erythrocytes,SERUM,0.8,Random Forest Regressor,GridSearchCV,0.8595417681096134,0.392595,89.42286637517776,0.02571807341463117,078e2a857d394e3a859226522fd402dd,experiment_linear_erythrocytes
2711.442423290285,0.009934774790776962,erythrocytes,SERUM,0.8,Random Forest Regressor,GridSearchCV,0.8589959989560786,0.36390239914079014,88.94637271273488,0.02695492828124979,078e2a857d394e3a859226522fd402dd,experiment_linear_erythrocytes
2713.370902965456,0.0077333899328908455,erythrocytes,SERUM,0.8,Random Forest Regressor,GridSearchCV,0.8589959989560786,0.36390239914079014,88.94637271273488,0.02695492828124979,078e2a857d394e3a859226522fd402dd,experiment_linear_erythrocytes
2709.513943615114,0.006383266590982813,erythrocytes,SERUM,0.8,Random Forest Regressor,GridSearchCV,0.8589959989560786,0.36390239914079014,88.94637271273488,0.02695492828124979,078e2a857d394e3a859226522fd402dd,experiment_linear_erythrocytes
1556.283097862916,0.00449368693257703,erythrocytes,SERUM,0.8,Random Forest Regressor,GridSearchCV,0.8589959989560786,0.36390239914079014,88.94637271273488,0.02695492828124979,078e2a857d394e3a859226522fd402dd,experiment_linear_erythrocytes
1558.211577538087,0.00438490948732401,erythrocytes,SERUM,0.8,Random Forest Regressor,GridSearchCV,0.8589959989560786,0.36390239914079014,88.94637271273488,0.02695492828124979,078e2a857d394e3a859226522fd402dd,experiment_linear_erythrocytes
1384.648406772706,0.004344581830023993,erythrocytes,SERUM,0.8,Random Forest Regressor,GridSearchCV,0.8589959989560786,0.36390239914079014,88.94637271273488,0.02695492828124979,078e2a857d394e3a859226522fd402dd,experiment_linear_erythrocytes
1594.852691366334,0.00432086206243227,erythrocytes,SERUM,0.8,Random Forest Regressor,GridSearchCV,0.8589959989560786,0.36390239914079014,88.94637271273488,0.02695492828124979,078e2a857d394e3a859226522fd402dd,experiment_linear_erythrocytes
1596.781171041505,0.004296462535619737,erythrocytes,SERUM,0.8,Random Forest Regressor,GridSearchCV,0.8589959989560786,0.36390239914079014,88.94637271273488,0.02695492828124979,078e2a857d394e3a859226522fd402dd,experiment_linear_erythrocytes
1592.924211691163,0.004247298809389893,erythrocytes,SERUM,0.8,Random Forest Regressor,GridSearchCV,0.8589959989560786,0.36390239914079014,88.94637271273488,0.02695492828124979,078e2a857d394e3a859226522fd402dd,experiment_linear_erythrocytes
1598.709650716676,0.004241037498238695,erythrocytes,SERUM,0.8,Random Forest Regressor,GridSearchCV,0.8589959989560786,0.36390239914079014,88.94637271273488,0.02695492828124979,078e2a857d394e3a859226522fd402dd,experiment_linear_erythrocytes
1554.354618187745,0.004210345318592397,erythrocytes,SERUM,0.8,Random Forest Regressor,GridSearchCV,0.8589959989560786,0.36390239914079014,88.94637271273488,0.02695492828124979,078e2a857d394e3a859226522fd402dd,experiment_linear_erythrocytes
1382.719927097535,0.004147310235383141,erythrocytes,SERUM,0.8,Random Forest Regressor,GridSearchCV,0.8589959989560786,0.36390239914079014,88.94637271273488,0.02695492828124979,078e2a857d394e3a859226522fd402dd,experiment_linear_erythrocytes
1600.638130391847,0.00409235715496406,erythrocytes,SERUM,0.8,Random Forest Regressor,GridSearchCV,0.8589959989560786,0.36390239914079014,88.94637271273488,0.02695492828124979,078e2a857d394e3a859226522fd402dd,experiment_linear_erythrocytes
1590.995732015992,0.004020345526128017,erythrocytes,SERUM,0.8,Random Forest Regressor,GridSearchCV,0.8589959989560786,0.36390239914079014,88.94637271273488,0.02695492828124979,078e2a857d394e3a859226522fd402dd,experiment_linear_erythrocytes
1560.140057213258,0.003936297651185007,erythrocytes,SERUM,0.8,Random Forest Regressor,GridSearchCV,0.8589959989560786,0.36390239914079014,88.94637271273488,0.02695492828124979,078e2a857d394e3a859226522fd402dd,experiment_linear_erythrocytes
2715.299382640627,0.003918533320812827,erythrocytes,SERUM,0.8,Random Forest Regressor,GridSearchCV,0.8589959989560786,0.36390239914079014,88.94637271273488,0.02695492828124979,078e2a857d394e3a859226522fd402dd,experiment_linear_erythrocytes
1386.576886447877,0.003917594270246877,erythrocytes,SERUM,0.8,Random Forest Regressor,GridSearchCV,0.8589959989560786,0.36390239914079014,88.94637271273488,0.02695492828124979,078e2a857d394e3a859226522fd402dd,experiment_linear_erythrocytes
1602.566610067018,0.003871207874771837,erythrocytes,SERUM,0.8,Random Forest Regressor,GridSearchCV,0.8589959989560786,0.36390239914079014,88.94637271273488,0.02695492828124979,078e2a857d394e3a859226522fd402dd,experiment_linear_erythrocytes
1380.791447422364,0.003811550046972251,erythrocytes,SERUM,0.8,Random Forest Regressor,GridSearchCV,0.8589959989560786,0.36390239914079014,88.94637271273488,0.02695492828124979,078e2a857d394e3a859226522fd402dd,experiment_linear_erythrocytes
1521.57046370984,0.0036902284527664197,erythrocytes,SERUM,0.8,Random Forest Regressor,GridSearchCV,0.8589959989560786,0.36390239914079014,88.94637271273488,0.02695492828124979,078e2a857d394e3a859226522fd402dd,experiment_linear_erythrocytes
2713.370902965456,0.016446299938928575,erythrocytes,SERUM,0.8,Random Forest Regressor,GridSearchCV,0.8595417681096134,0.392595,89.42286637517776,0.02571807341463117,078e2a857d394e3a859226522fd402dd,experiment_linear_erythrocytes
2738.441138742678,0.012727056509527363,erythrocytes,SERUM,0.8,Random Forest Regressor,GridSearchCV,0.8595417681096134,0.392595,89.42286637517776,0.02571807341463117,078e2a857d394e3a859226522fd402dd,experiment_linear_erythrocytes
2732.655699717165,0.01155615965705163,erythrocytes,SERUM,0.8,Random Forest Regressor,GridSearchCV,0.8595417681096134,0.392595,89.42286637517776,0.02571807341463117,078e2a857d394e3a859226522fd402dd,experiment_linear_erythrocytes
2734.584179392336,0.009402026712215463,erythrocytes,SERUM,0.8,Random Forest Regressor,GridSearchCV,0.8595417681096134,0.392595,89.42286637517776,0.02571807341463117,078e2a857d394e3a859226522fd402dd,experiment_linear_erythrocytes
2755.797455819216,0.00899666662114344,erythrocytes,SERUM,0.8,Random Forest Regressor,GridSearchCV,0.8595417681096134,0.392595,89.42286637517776,0.02571807341463117,078e2a857d394e3a859226522fd402dd,experiment_linear_erythrocytes
2715.299382640627,0.00877082519681296,erythrocytes,SERUM,0.8,Random Forest Regressor,GridSearchCV,0.8595417681096134,0.392595,89.42286637517776,0.02571807341463117,078e2a857d394e3a859226522fd402dd,experiment_linear_erythrocytes
2717.227862315798,0.008245197246102004,erythrocytes,SERUM,0.8,Random Forest Regressor,GridSearchCV,0.8595417681096134,0.392595,89.42286637517776,0.02571807341463117,078e2a857d394e3a859226522fd402dd,experiment_linear_erythrocytes
2736.512659067507,0.00823894995191828,erythrocytes,SERUM,0.8,Random Forest Regressor,GridSearchCV,0.8595417681096134,0.392595,89.42286637517776,0.02571807341463117,078e2a857d394e3a859226522fd402dd,experiment_linear_erythrocytes
2748.083537118532,0.007788345191170918,erythrocytes,SERUM,0.8,Random Forest Regressor,GridSearchCV,0.8595417681096134,0.392595,89.42286637517776,0.02571807341463117,078e2a857d394e3a859226522fd402dd,experiment_linear_erythrocytes
3045.069407094851,0.007472171604401454,erythrocytes,SERUM,0.8,Random Forest Regressor,GridSearchCV,0.8595417681096134,0.392595,89.42286637517776,0.02571807341463117,078e2a857d394e3a859226522fd402dd,experiment_linear_erythrocytes
1614.137488118043,0.007224344573688968,erythrocytes,SERUM,0.8,Random Forest Regressor,GridSearchCV,0.8595417681096134,0.392595,89.42286637517776,0.02571807341463117,078e2a857d394e3a859226522fd402dd,experiment_linear_erythrocytes
1149.373886401856,0.007169500879839683,erythrocytes,SERUM,0.8,Random Forest Regressor,GridSearchCV,0.8595417681096134,0.392595,89.42286637517776,0.02571807341463117,078e2a857d394e3a859226522fd402dd,experiment_linear_erythrocytes
1180.229561204591,0.006919319977333915,erythrocytes,SERUM,0.8,Random Forest Regressor,GridSearchCV,0.8595417681096134,0.392595,89.42286637517776,0.02571807341463117,078e2a857d394e3a859226522fd402dd,experiment_linear_erythrocytes
1523.498943385011,0.006717013885697641,erythrocytes,SERUM,0.8,Random Forest Regressor,GridSearchCV,0.8595417681096134,0.392595,89.42286637517776,0.02571807341463117,078e2a857d394e3a859226522fd402dd,experiment_linear_erythrocytes
1513.856545009157,0.006607962396133562,erythrocytes,SERUM,0.8,Random Forest Regressor,GridSearchCV,0.8595417681096134,0.392595,89.42286637517776,0.02571807341463117,078e2a857d394e3a859226522fd402dd,experiment_linear_erythrocytes
2775.082252570925,0.006215408424290945,erythrocytes,SERUM,0.8,Random Forest Regressor,GridSearchCV,0.8595417681096134,0.392595,89.42286637517776,0.02571807341463117,078e2a857d394e3a859226522fd402dd,experiment_linear_erythrocytes
2711.442423290285,0.0060821926491304665,erythrocytes,SERUM,0.8,Random Forest Regressor,GridSearchCV,0.8595417681096134,0.392595,89.42286637517776,0.02571807341463117,078e2a857d394e3a859226522fd402dd,experiment_linear_erythrocytes
1623.779886493898,0.006015228219703242,erythrocytes,SERUM,0.8,Random Forest Regressor,GridSearchCV,0.8595417681096134,0.392595,89.42286637517776,0.02571807341463117,078e2a857d394e3a859226522fd402dd,experiment_linear_erythrocytes
2724.941781016481,0.005822940951161744,erythrocytes,SERUM,0.8,Random Forest Regressor,GridSearchCV,0.8595417681096134,0.392595,89.42286637517776,0.02571807341463117,078e2a857d394e3a859226522fd402dd,experiment_linear_erythrocytes
2697.943065564089,0.005480189297027277,erythrocytes,SERUM,0.8,Random Forest Regressor,GridSearchCV,0.8595417681096134,0.392595,89.42286637517776,0.02571807341463117,078e2a857d394e3a859226522fd402dd,experiment_linear_erythrocytes
950.7404798592538,0.006077297830377067,erythrocytes,URINE,0.8,Random Forest Regressor,GridSearchCV,0.9316732143596613,0.4295328947368422,96.26127919259841,-0.014094193508168873,078e2a857d394e3a859226522fd402dd,experiment_linear_erythrocytes
952.6689595344246,0.005921155993652323,erythrocytes,URINE,0.8,Random Forest Regressor,GridSearchCV,0.9316732143596613,0.4295328947368422,96.26127919259841,-0.014094193508168873,078e2a857d394e3a859226522fd402dd,experiment_linear_erythrocytes
954.5974392095954,0.005496971954673013,erythrocytes,URINE,0.8,Random Forest Regressor,GridSearchCV,0.9316732143596613,0.4295328947368422,96.26127919259841,-0.014094193508168873,078e2a857d394e3a859226522fd402dd,experiment_linear_erythrocytes
948.812000184083,0.005344594653500216,erythrocytes,URINE,0.8,Random Forest Regressor,GridSearchCV,0.9316732143596613,0.4295328947368422,96.26127919259841,-0.014094193508168873,078e2a857d394e3a859226522fd402dd,experiment_linear_erythrocytes
929.5272034323739,0.004869695555526291,erythrocytes,URINE,0.8,Random Forest Regressor,GridSearchCV,0.9316732143596613,0.4295328947368422,96.26127919259841,-0.014094193508168873,078e2a857d394e3a859226522fd402dd,experiment_linear_erythrocytes
956.5259188847667,0.004788669268547385,erythrocytes,URINE,0.8,Random Forest Regressor,GridSearchCV,0.9316732143596613,0.4295328947368422,96.26127919259841,-0.014094193508168873,078e2a857d394e3a859226522fd402dd,experiment_linear_erythrocytes
1710.561471876588,0.0046431673830753615,erythrocytes,URINE,0.8,Random Forest Regressor,GridSearchCV,0.9316732143596613,0.4295328947368422,96.26127919259841,-0.014094193508168873,078e2a857d394e3a859226522fd402dd,experiment_linear_erythrocytes
1708.632992201417,0.004602139017576537,erythrocytes,URINE,0.8,Random Forest Regressor,GridSearchCV,0.9316732143596613,0.4295328947368422,96.26127919259841,-0.014094193508168873,078e2a857d394e3a859226522fd402dd,experiment_linear_erythrocytes
1706.704512526246,0.004578417592120717,erythrocytes,URINE,0.8,Random Forest Regressor,GridSearchCV,0.9316732143596613,0.4295328947368422,96.26127919259841,-0.014094193508168873,078e2a857d394e3a859226522fd402dd,experiment_linear_erythrocytes
1704.776032851076,0.004528901795347513,erythrocytes,URINE,0.8,Random Forest Regressor,GridSearchCV,0.9316732143596613,0.4295328947368422,96.26127919259841,-0.014094193508168873,078e2a857d394e3a859226522fd402dd,experiment_linear_erythrocytes
1712.489951551759,0.004515078055593234,erythrocytes,URINE,0.8,Random Forest Regressor,GridSearchCV,0.9316732143596613,0.4295328947368422,96.26127919259841,-0.014094193508168873,078e2a857d394e3a859226522fd402dd,experiment_linear_erythrocytes
931.4556831075452,0.004471842274968193,erythrocytes,URINE,0.8,Random Forest Regressor,GridSearchCV,0.9316732143596613,0.4295328947368422,96.26127919259841,-0.014094193508168873,078e2a857d394e3a859226522fd402dd,experiment_linear_erythrocytes
1714.41843122693,0.004350050937577936,erythrocytes,URINE,0.8,Random Forest Regressor,GridSearchCV,0.9316732143596613,0.4295328947368422,96.26127919259841,-0.014094193508168873,078e2a857d394e3a859226522fd402dd,experiment_linear_erythrocytes
1702.847553175905,0.004251980889969309,erythrocytes,URINE,0.8,Random Forest Regressor,GridSearchCV,0.9316732143596613,0.4295328947368422,96.26127919259841,-0.014094193508168873,078e2a857d394e3a859226522fd402dd,experiment_linear_erythrocytes
1716.346910902101,0.00419684180497418,erythrocytes,URINE,0.8,Random Forest Regressor,GridSearchCV,0.9316732143596613,0.4295328947368422,96.26127919259841,-0.014094193508168873,078e2a857d394e3a859226522fd402dd,experiment_linear_erythrocytes
1700.919073500734,0.004190646410003664,erythrocytes,URINE,0.8,Random Forest Regressor,GridSearchCV,0.9316732143596613,0.4295328947368422,96.26127919259841,-0.014094193508168873,078e2a857d394e3a859226522fd402dd,experiment_linear_erythrocytes
946.8835205089117,0.004183928479198212,erythrocytes,URINE,0.8,Random Forest Regressor,GridSearchCV,0.9316732143596613,0.4295328947368422,96.26127919259841,-0.014094193508168873,078e2a857d394e3a859226522fd402dd,experiment_linear_erythrocytes
1718.275390577272,0.004039980074119488,erythrocytes,URINE,0.8,Random Forest Regressor,GridSearchCV,0.9316732143596613,0.4295328947368422,96.26127919259841,-0.014094193508168873,078e2a857d394e3a859226522fd402dd,experiment_linear_erythrocytes
958.4543985599371,0.003990005610982193,erythrocytes,URINE,0.8,Random Forest Regressor,GridSearchCV,0.9316732143596613,0.4295328947368422,96.26127919259841,-0.014094193508168873,078e2a857d394e3a859226522fd402dd,experiment_linear_erythrocytes
1698.990593825563,0.003980255663933683,erythrocytes,URINE,0.8,Random Forest Regressor,GridSearchCV,0.9316732143596613,0.4295328947368422,96.26127919259841,-0.014094193508168873,078e2a857d394e3a859226522fd402dd,experiment_linear_erythrocytes
1355.721211645143,0.006035310070028623,erythrocytes,URINE,0.8,Random Forest Regressor,GridSearchCV,0.9390095252112723,0.4277282894736837,97.05635190904208,-0.030127715824793233,078e2a857d394e3a859226522fd402dd,experiment_linear_erythrocytes
1789.629138558595,0.005516959813627884,erythrocytes,URINE,0.8,Random Forest Regressor,GridSearchCV,0.9390095252112723,0.4277282894736837,97.05635190904208,-0.030127715824793233,078e2a857d394e3a859226522fd402dd,experiment_linear_erythrocytes
1675.848837723512,0.0054565391578502076,erythrocytes,URINE,0.8,Random Forest Regressor,GridSearchCV,0.9390095252112723,0.4277282894736837,97.05635190904208,-0.030127715824793233,078e2a857d394e3a859226522fd402dd,experiment_linear_erythrocytes
1517.713504359498,0.005267245981507942,erythrocytes,URINE,0.8,Random Forest Regressor,GridSearchCV,0.9390095252112723,0.4277282894736837,97.05635190904208,-0.030127715824793233,078e2a857d394e3a859226522fd402dd,experiment_linear_erythrocytes
2642.017154984133,0.005228150220602793,erythrocytes,URINE,0.8,Random Forest Regressor,GridSearchCV,0.9390095252112723,0.4277282894736837,97.05635190904208,-0.030127715824793233,078e2a857d394e3a859226522fd402dd,experiment_linear_erythrocytes
1536.998301111207,0.0051857494132971525,erythrocytes,URINE,0.8,Random Forest Regressor,GridSearchCV,0.9390095252112723,0.4277282894736837,97.05635190904208,-0.030127715824793233,078e2a857d394e3a859226522fd402dd,experiment_linear_erythrocytes
1523.498943385011,0.005112394106084519,erythrocytes,URINE,0.8,Random Forest Regressor,GridSearchCV,0.9390095252112723,0.4277282894736837,97.05635190904208,-0.030127715824793233,078e2a857d394e3a859226522fd402dd,experiment_linear_erythrocytes
1801.20001660962,0.005013876221703395,erythrocytes,URINE,0.8,Random Forest Regressor,GridSearchCV,0.9390095252112723,0.4277282894736837,97.05635190904208,-0.030127715824793233,078e2a857d394e3a859226522fd402dd,experiment_linear_erythrocytes
2615.01843953174,0.004870485246703129,erythrocytes,URINE,0.8,Random Forest Regressor,GridSearchCV,0.9390095252112723,0.4277282894736837,97.05635190904208,-0.030127715824793233,078e2a857d394e3a859226522fd402dd,experiment_linear_erythrocytes
1342.221853918946,0.00482687555927448,erythrocytes,URINE,0.8,Random Forest Regressor,GridSearchCV,0.9390095252112723,0.4277282894736837,97.05635190904208,-0.030127715824793233,078e2a857d394e3a859226522fd402dd,experiment_linear_erythrocytes
1344.150333594117,0.004791720406668573,erythrocytes,URINE,0.8,Random Forest Regressor,GridSearchCV,0.9390095252112723,0.4277282894736837,97.05635190904208,-0.030127715824793233,078e2a857d394e3a859226522fd402dd,experiment_linear_erythrocytes
2653.588033035158,0.004674429836767843,erythrocytes,URINE,0.8,Random Forest Regressor,GridSearchCV,0.9390095252112723,0.4277282894736837,97.05635190904208,-0.030127715824793233,078e2a857d394e3a859226522fd402dd,experiment_linear_erythrocytes
1783.843699533082,0.004436434452890109,erythrocytes,URINE,0.8,Random Forest Regressor,GridSearchCV,0.9390095252112723,0.4277282894736837,97.05635190904208,-0.030127715824793233,078e2a857d394e3a859226522fd402dd,experiment_linear_erythrocytes
1793.486097908937,0.004251238638571948,erythrocytes,URINE,0.8,Random Forest Regressor,GridSearchCV,0.9390095252112723,0.4277282894736837,97.05635190904208,-0.030127715824793233,078e2a857d394e3a859226522fd402dd,experiment_linear_erythrocytes
1509.999585658815,0.004092135168475566,erythrocytes,URINE,0.8,Random Forest Regressor,GridSearchCV,0.9390095252112723,0.4277282894736837,97.05635190904208,-0.030127715824793233,078e2a857d394e3a859226522fd402dd,experiment_linear_erythrocytes
2732.655699717165,0.003990279990810155,erythrocytes,URINE,0.8,Random Forest Regressor,GridSearchCV,0.9390095252112723,0.4277282894736837,97.05635190904208,-0.030127715824793233,078e2a857d394e3a859226522fd402dd,experiment_linear_erythrocytes
1685.491236099367,0.0037931456121091493,erythrocytes,URINE,0.8,Random Forest Regressor,GridSearchCV,0.9390095252112723,0.4277282894736837,97.05635190904208,-0.030127715824793233,078e2a857d394e3a859226522fd402dd,experiment_linear_erythrocytes
1805.056975959963,0.003754200961160063,erythrocytes,URINE,0.8,Random Forest Regressor,GridSearchCV,0.9390095252112723,0.4277282894736837,97.05635190904208,-0.030127715824793233,078e2a857d394e3a859226522fd402dd,experiment_linear_erythrocytes
1803.128496284791,0.0037251258173830195,erythrocytes,URINE,0.8,Random Forest Regressor,GridSearchCV,0.9390095252112723,0.4277282894736837,97.05635190904208,-0.030127715824793233,078e2a857d394e3a859226522fd402dd,experiment_linear_erythrocytes
1533.141341760865,0.003718266752769154,erythrocytes,URINE,0.8,Random Forest Regressor,GridSearchCV,0.9390095252112723,0.4277282894736837,97.05635190904208,-0.030127715824793233,078e2a857d394e3a859226522fd402dd,experiment_linear_erythrocytes
950.7404798592538,0.006077297830377073,erythrocytes,URINE,0.8,Random Forest Regressor,GridSearchCV,0.9316732143596613,0.4295328947368422,96.26127919259841,-0.014094193508168873,078e2a857d394e3a859226522fd402dd,experiment_linear_erythrocytes
952.6689595344246,0.005921155993652327,erythrocytes,URINE,0.8,Random Forest Regressor,GridSearchCV,0.9316732143596613,0.4295328947368422,96.26127919259841,-0.014094193508168873,078e2a857d394e3a859226522fd402dd,experiment_linear_erythrocytes
954.5974392095954,0.005496971954673017,erythrocytes,URINE,0.8,Random Forest Regressor,GridSearchCV,0.9316732143596613,0.4295328947368422,96.26127919259841,-0.014094193508168873,078e2a857d394e3a859226522fd402dd,experiment_linear_erythrocytes
948.812000184083,0.005344594653500223,erythrocytes,URINE,0.8,Random Forest Regressor,GridSearchCV,0.9316732143596613,0.4295328947368422,96.26127919259841,-0.014094193508168873,078e2a857d394e3a859226522fd402dd,experiment_linear_erythrocytes
929.5272034323739,0.004869695555526296,erythrocytes,URINE,0.8,Random Forest Regressor,GridSearchCV,0.9316732143596613,0.4295328947368422,96.26127919259841,-0.014094193508168873,078e2a857d394e3a859226522fd402dd,experiment_linear_erythrocytes
956.5259188847667,0.004788669268547387,erythrocytes,URINE,0.8,Random Forest Regressor,GridSearchCV,0.9316732143596613,0.4295328947368422,96.26127919259841,-0.014094193508168873,078e2a857d394e3a859226522fd402dd,experiment_linear_erythrocytes
1710.561471876588,0.004643167383075362,erythrocytes,URINE,0.8,Random Forest Regressor,GridSearchCV,0.9316732143596613,0.4295328947368422,96.26127919259841,-0.014094193508168873,078e2a857d394e3a859226522fd402dd,experiment_linear_erythrocytes
1708.632992201417,0.004602139017576537,erythrocytes,URINE,0.8,Random Forest Regressor,GridSearchCV,0.9316732143596613,0.4295328947368422,96.26127919259841,-0.014094193508168873,078e2a857d394e3a859226522fd402dd,experiment_linear_erythrocytes
1706.704512526246,0.004578417592120717,erythrocytes,URINE,0.8,Random Forest Regressor,GridSearchCV,0.9316732143596613,0.4295328947368422,96.26127919259841,-0.014094193508168873,078e2a857d394e3a859226522fd402dd,experiment_linear_erythrocytes
1704.776032851076,0.004528901795347513,erythrocytes,URINE,0.8,Random Forest Regressor,GridSearchCV,0.9316732143596613,0.4295328947368422,96.26127919259841,-0.014094193508168873,078e2a857d394e3a859226522fd402dd,experiment_linear_erythrocytes
1712.489951551759,0.004515078055593233,erythrocytes,URINE,0.8,Random Forest Regressor,GridSearchCV,0.9316732143596613,0.4295328947368422,96.26127919259841,-0.014094193508168873,078e2a857d394e3a859226522fd402dd,experiment_linear_erythrocytes
931.4556831075452,0.0044718422749681986,erythrocytes,URINE,0.8,Random Forest Regressor,GridSearchCV,0.9316732143596613,0.4295328947368422,96.26127919259841,-0.014094193508168873,078e2a857d394e3a859226522fd402dd,experiment_linear_erythrocytes
1714.41843122693,0.0043500509375779366,erythrocytes,URINE,0.8,Random Forest Regressor,GridSearchCV,0.9316732143596613,0.4295328947368422,96.26127919259841,-0.014094193508168873,078e2a857d394e3a859226522fd402dd,experiment_linear_erythrocytes
1702.847553175905,0.004251980889969311,erythrocytes,URINE,0.8,Random Forest Regressor,GridSearchCV,0.9316732143596613,0.4295328947368422,96.26127919259841,-0.014094193508168873,078e2a857d394e3a859226522fd402dd,experiment_linear_erythrocytes
1716.346910902101,0.004196841804974182,erythrocytes,URINE,0.8,Random Forest Regressor,GridSearchCV,0.9316732143596613,0.4295328947368422,96.26127919259841,-0.014094193508168873,078e2a857d394e3a859226522fd402dd,experiment_linear_erythrocytes
1700.919073500734,0.004190646410003665,erythrocytes,URINE,0.8,Random Forest Regressor,GridSearchCV,0.9316732143596613,0.4295328947368422,96.26127919259841,-0.014094193508168873,078e2a857d394e3a859226522fd402dd,experiment_linear_erythrocytes
946.8835205089117,0.004183928479198216,erythrocytes,URINE,0.8,Random Forest Regressor,GridSearchCV,0.9316732143596613,0.4295328947368422,96.26127919259841,-0.014094193508168873,078e2a857d394e3a859226522fd402dd,experiment_linear_erythrocytes
1718.275390577272,0.004039980074119492,erythrocytes,URINE,0.8,Random Forest Regressor,GridSearchCV,0.9316732143596613,0.4295328947368422,96.26127919259841,-0.014094193508168873,078e2a857d394e3a859226522fd402dd,experiment_linear_erythrocytes
958.4543985599371,0.003990005610982194,erythrocytes,URINE,0.8,Random Forest Regressor,GridSearchCV,0.9316732143596613,0.4295328947368422,96.26127919259841,-0.014094193508168873,078e2a857d394e3a859226522fd402dd,experiment_linear_erythrocytes
1698.990593825563,0.003980255663933681,erythrocytes,URINE,0.8,Random Forest Regressor,GridSearchCV,0.9316732143596613,0.4295328947368422,96.26127919259841,-0.014094193508168873,078e2a857d394e3a859226522fd402dd,experiment_linear_erythrocytes
1355.721211645143,0.006035310070028623,erythrocytes,URINE,0.8,Random Forest Regressor,GridSearchCV,0.9390095252112723,0.4277282894736837,97.05635190904208,-0.030127715824793233,078e2a857d394e3a859226522fd402dd,experiment_linear_erythrocytes
1789.629138558595,0.005516959813627884,erythrocytes,URINE,0.8,Random Forest Regressor,GridSearchCV,0.9390095252112723,0.4277282894736837,97.05635190904208,-0.030127715824793233,078e2a857d394e3a859226522fd402dd,experiment_linear_erythrocytes
1675.848837723512,0.0054565391578502076,erythrocytes,URINE,0.8,Random Forest Regressor,GridSearchCV,0.9390095252112723,0.4277282894736837,97.05635190904208,-0.030127715824793233,078e2a857d394e3a859226522fd402dd,experiment_linear_erythrocytes
1517.713504359498,0.005267245981507942,erythrocytes,URINE,0.8,Random Forest Regressor,GridSearchCV,0.9390095252112723,0.4277282894736837,97.05635190904208,-0.030127715824793233,078e2a857d394e3a859226522fd402dd,experiment_linear_erythrocytes
2642.017154984133,0.005228150220602793,erythrocytes,URINE,0.8,Random Forest Regressor,GridSearchCV,0.9390095252112723,0.4277282894736837,97.05635190904208,-0.030127715824793233,078e2a857d394e3a859226522fd402dd,experiment_linear_erythrocytes
1536.998301111207,0.0051857494132971525,erythrocytes,URINE,0.8,Random Forest Regressor,GridSearchCV,0.9390095252112723,0.4277282894736837,97.05635190904208,-0.030127715824793233,078e2a857d394e3a859226522fd402dd,experiment_linear_erythrocytes
1523.498943385011,0.005112394106084519,erythrocytes,URINE,0.8,Random Forest Regressor,GridSearchCV,0.9390095252112723,0.4277282894736837,97.05635190904208,-0.030127715824793233,078e2a857d394e3a859226522fd402dd,experiment_linear_erythrocytes
1801.20001660962,0.005013876221703395,erythrocytes,URINE,0.8,Random Forest Regressor,GridSearchCV,0.9390095252112723,0.4277282894736837,97.05635190904208,-0.030127715824793233,078e2a857d394e3a859226522fd402dd,experiment_linear_erythrocytes
2615.01843953174,0.004870485246703129,erythrocytes,URINE,0.8,Random Forest Regressor,GridSearchCV,0.9390095252112723,0.4277282894736837,97.05635190904208,-0.030127715824793233,078e2a857d394e3a859226522fd402dd,experiment_linear_erythrocytes
1342.221853918946,0.00482687555927448,erythrocytes,URINE,0.8,Random Forest Regressor,GridSearchCV,0.9390095252112723,0.4277282894736837,97.05635190904208,-0.030127715824793233,078e2a857d394e3a859226522fd402dd,experiment_linear_erythrocytes
1344.150333594117,0.004791720406668573,erythrocytes,URINE,0.8,Random Forest Regressor,GridSearchCV,0.9390095252112723,0.4277282894736837,97.05635190904208,-0.030127715824793233,078e2a857d394e3a859226522fd402dd,experiment_linear_erythrocytes
2653.588033035158,0.004674429836767843,erythrocytes,URINE,0.8,Random Forest Regressor,GridSearchCV,0.9390095252112723,0.4277282894736837,97.05635190904208,-0.030127715824793233,078e2a857d394e3a859226522fd402dd,experiment_linear_erythrocytes
1783.843699533082,0.004436434452890109,erythrocytes,URINE,0.8,Random Forest Regressor,GridSearchCV,0.9390095252112723,0.4277282894736837,97.05635190904208,-0.030127715824793233,078e2a857d394e3a859226522fd402dd,experiment_linear_erythrocytes
1793.486097908937,0.004251238638571948,erythrocytes,URINE,0.8,Random Forest Regressor,GridSearchCV,0.9390095252112723,0.4277282894736837,97.05635190904208,-0.030127715824793233,078e2a857d394e3a859226522fd402dd,experiment_linear_erythrocytes
1509.999585658815,0.004092135168475566,erythrocytes,URINE,0.8,Random Forest Regressor,GridSearchCV,0.9390095252112723,0.4277282894736837,97.05635190904208,-0.030127715824793233,078e2a857d394e3a859226522fd402dd,experiment_linear_erythrocytes
2732.655699717165,0.003990279990810155,erythrocytes,URINE,0.8,Random Forest Regressor,GridSearchCV,0.9390095252112723,0.4277282894736837,97.05635190904208,-0.030127715824793233,078e2a857d394e3a859226522fd402dd,experiment_linear_erythrocytes
1685.491236099367,0.0037931456121091493,erythrocytes,URINE,0.8,Random Forest Regressor,GridSearchCV,0.9390095252112723,0.4277282894736837,97.05635190904208,-0.030127715824793233,078e2a857d394e3a859226522fd402dd,experiment_linear_erythrocytes
1805.056975959963,0.003754200961160063,erythrocytes,URINE,0.8,Random Forest Regressor,GridSearchCV,0.9390095252112723,0.4277282894736837,97.05635190904208,-0.030127715824793233,078e2a857d394e3a859226522fd402dd,experiment_linear_erythrocytes
1803.128496284791,0.0037251258173830195,erythrocytes,URINE,0.8,Random Forest Regressor,GridSearchCV,0.9390095252112723,0.4277282894736837,97.05635190904208,-0.030127715824793233,078e2a857d394e3a859226522fd402dd,experiment_linear_erythrocytes
1533.141341760865,0.003718266752769154,erythrocytes,URINE,0.8,Random Forest Regressor,GridSearchCV,0.9390095252112723,0.4277282894736837,97.05635190904208,-0.030127715824793233,078e2a857d394e3a859226522fd402dd,experiment_linear_erythrocytes
3048.926366445193,0.010638540533587768,erythrocytes,CAPILAR,0.8,Decision Tree Regressor,GridSearchCV,0.8719106635018322,0.43128205128205127,91.58298634641389,0.07787413932524034,078e2a857d394e3a859226522fd402dd,experiment_linear_erythrocytes
1224.584593733522,0.009058827267291987,erythrocytes,CAPILAR,0.8,Decision Tree Regressor,GridSearchCV,0.8719106635018322,0.43128205128205127,91.58298634641389,0.07787413932524034,078e2a857d394e3a859226522fd402dd,experiment_linear_erythrocytes
1222.656114058351,0.008835674160090637,erythrocytes,CAPILAR,0.8,Decision Tree Regressor,GridSearchCV,0.8719106635018322,0.43128205128205127,91.58298634641389,0.07787413932524034,078e2a857d394e3a859226522fd402dd,experiment_linear_erythrocytes
1602.566610067018,0.008485577112555782,erythrocytes,CAPILAR,0.8,Decision Tree Regressor,GridSearchCV,0.8719106635018322,0.43128205128205127,91.58298634641389,0.07787413932524034,078e2a857d394e3a859226522fd402dd,experiment_linear_erythrocytes
1226.513073408692,0.007967954402999276,erythrocytes,CAPILAR,0.8,Decision Tree Regressor,GridSearchCV,0.8719106635018322,0.43128205128205127,91.58298634641389,0.07787413932524034,078e2a857d394e3a859226522fd402dd,experiment_linear_erythrocytes
1220.72763438318,0.007621283854849875,erythrocytes,CAPILAR,0.8,Decision Tree Regressor,GridSearchCV,0.8719106635018322,0.43128205128205127,91.58298634641389,0.07787413932524034,078e2a857d394e3a859226522fd402dd,experiment_linear_erythrocytes
1228.441553083863,0.006599115233907176,erythrocytes,CAPILAR,0.8,Decision Tree Regressor,GridSearchCV,0.8719106635018322,0.43128205128205127,91.58298634641389,0.07787413932524034,078e2a857d394e3a859226522fd402dd,experiment_linear_erythrocytes
1218.799154708009,0.006523983109283481,erythrocytes,CAPILAR,0.8,Decision Tree Regressor,GridSearchCV,0.8719106635018322,0.43128205128205127,91.58298634641389,0.07787413932524034,078e2a857d394e3a859226522fd402dd,experiment_linear_erythrocytes
1168.658683153565,0.005780757115259186,erythrocytes,CAPILAR,0.8,Decision Tree Regressor,GridSearchCV,0.8719106635018322,0.43128205128205127,91.58298634641389,0.07787413932524034,078e2a857d394e3a859226522fd402dd,experiment_linear_erythrocytes
1216.870675032838,0.005622573577032214,erythrocytes,CAPILAR,0.8,Decision Tree Regressor,GridSearchCV,0.8719106635018322,0.43128205128205127,91.58298634641389,0.07787413932524034,078e2a857d394e3a859226522fd402dd,experiment_linear_erythrocytes
1170.587162828736,0.005612970578731763,erythrocytes,CAPILAR,0.8,Decision Tree Regressor,GridSearchCV,0.8719106635018322,0.43128205128205127,91.58298634641389,0.07787413932524034,078e2a857d394e3a859226522fd402dd,experiment_linear_erythrocytes
1230.370032759034,0.0054082897744486096,erythrocytes,CAPILAR,0.8,Decision Tree Regressor,GridSearchCV,0.8719106635018322,0.43128205128205127,91.58298634641389,0.07787413932524034,078e2a857d394e3a859226522fd402dd,experiment_linear_erythrocytes
3046.997886770022,0.005359918228965122,erythrocytes,CAPILAR,0.8,Decision Tree Regressor,GridSearchCV,0.8719106635018322,0.43128205128205127,91.58298634641389,0.07787413932524034,078e2a857d394e3a859226522fd402dd,experiment_linear_erythrocytes
1166.730203478395,0.0053316009940455105,erythrocytes,CAPILAR,0.8,Decision Tree Regressor,GridSearchCV,0.8719106635018322,0.43128205128205127,91.58298634641389,0.07787413932524034,078e2a857d394e3a859226522fd402dd,experiment_linear_erythrocytes
1172.515642503907,0.0051029072066980374,erythrocytes,CAPILAR,0.8,Decision Tree Regressor,GridSearchCV,0.8719106635018322,0.43128205128205127,91.58298634641389,0.07787413932524034,078e2a857d394e3a859226522fd402dd,experiment_linear_erythrocytes
1604.495089742189,0.0049171018518974555,erythrocytes,CAPILAR,0.8,Decision Tree Regressor,GridSearchCV,0.8719106635018322,0.43128205128205127,91.58298634641389,0.07787413932524034,078e2a857d394e3a859226522fd402dd,experiment_linear_erythrocytes
1214.942195357667,0.004800387637015415,erythrocytes,CAPILAR,0.8,Decision Tree Regressor,GridSearchCV,0.8719106635018322,0.43128205128205127,91.58298634641389,0.07787413932524034,078e2a857d394e3a859226522fd402dd,experiment_linear_erythrocytes
1600.638130391847,0.004780215290018305,erythrocytes,CAPILAR,0.8,Decision Tree Regressor,GridSearchCV,0.8719106635018322,0.43128205128205127,91.58298634641389,0.07787413932524034,078e2a857d394e3a859226522fd402dd,experiment_linear_erythrocytes
1128.160609974977,0.004750371173115774,erythrocytes,CAPILAR,0.8,Decision Tree Regressor,GridSearchCV,0.8719106635018322,0.43128205128205127,91.58298634641389,0.07787413932524034,078e2a857d394e3a859226522fd402dd,experiment_linear_erythrocytes
1126.232130299806,0.004716019954495583,erythrocytes,CAPILAR,0.8,Decision Tree Regressor,GridSearchCV,0.8719106635018322,0.43128205128205127,91.58298634641389,0.07787413932524034,078e2a857d394e3a859226522fd402dd,experiment_linear_erythrocytes
1072.23469939502,0.09345200254291094,erythrocytes,CAPILAR,0.8,Decision Tree Regressor,GridSearchCV,0.9670010473836238,0.5007692307692307,99.15760795197306,-0.13422734254257307,078e2a857d394e3a859226522fd402dd,experiment_linear_erythrocytes
1639.207723895265,0.089637635092181,erythrocytes,CAPILAR,0.8,Decision Tree Regressor,GridSearchCV,0.9670010473836238,0.5007692307692307,99.15760795197306,-0.13422734254257307,078e2a857d394e3a859226522fd402dd,experiment_linear_erythrocytes
958.4543985599371,0.06993006993007048,erythrocytes,CAPILAR,0.8,Decision Tree Regressor,GridSearchCV,0.9670010473836238,0.5007692307692307,99.15760795197306,-0.13422734254257307,078e2a857d394e3a859226522fd402dd,experiment_linear_erythrocytes
1330.650975867921,0.06802288620470436,erythrocytes,CAPILAR,0.8,Decision Tree Regressor,GridSearchCV,0.9670010473836238,0.5007692307692307,99.15760795197306,-0.13422734254257307,078e2a857d394e3a859226522fd402dd,experiment_linear_erythrocytes
1822.413293036501,0.06802288620470429,erythrocytes,CAPILAR,0.8,Decision Tree Regressor,GridSearchCV,0.9670010473836238,0.5007692307692307,99.15760795197306,-0.13422734254257307,078e2a857d394e3a859226522fd402dd,experiment_linear_erythrocytes
1733.703227978639,0.06039415130324196,erythrocytes,CAPILAR,0.8,Decision Tree Regressor,GridSearchCV,0.9670010473836238,0.5007692307692307,99.15760795197306,-0.13422734254257307,078e2a857d394e3a859226522fd402dd,experiment_linear_erythrocytes
1637.279244220094,0.045772409408772946,erythrocytes,CAPILAR,0.8,Decision Tree Regressor,GridSearchCV,0.9670010473836238,0.5007692307692307,99.15760795197306,-0.13422734254257307,078e2a857d394e3a859226522fd402dd,experiment_linear_erythrocytes
1255.440268536256,0.04513668150031783,erythrocytes,CAPILAR,0.8,Decision Tree Regressor,GridSearchCV,0.9670010473836238,0.5007692307692307,99.15760795197306,-0.13422734254257307,078e2a857d394e3a859226522fd402dd,experiment_linear_erythrocytes
3048.926366445193,0.04386522568340773,erythrocytes,CAPILAR,0.8,Decision Tree Regressor,GridSearchCV,0.9670010473836238,0.5007692307692307,99.15760795197306,-0.13422734254257307,078e2a857d394e3a859226522fd402dd,experiment_linear_erythrocytes
2881.148634705325,0.04132231404958672,erythrocytes,CAPILAR,0.8,Decision Tree Regressor,GridSearchCV,0.9670010473836238,0.5007692307692307,99.15760795197306,-0.13422734254257307,078e2a857d394e3a859226522fd402dd,experiment_linear_erythrocytes
1369.220569371339,0.03877940241576606,erythrocytes,CAPILAR,0.8,Decision Tree Regressor,GridSearchCV,0.9670010473836238,0.5007692307692307,99.15760795197306,-0.13422734254257307,078e2a857d394e3a859226522fd402dd,experiment_linear_erythrocytes
1326.794016517579,0.03814367450731094,erythrocytes,CAPILAR,0.8,Decision Tree Regressor,GridSearchCV,0.9670010473836238,0.5007692307692307,99.15760795197306,-0.13422734254257307,078e2a857d394e3a859226522fd402dd,experiment_linear_erythrocytes
1278.582024638307,0.03814367450731082,erythrocytes,CAPILAR,0.8,Decision Tree Regressor,GridSearchCV,0.9670010473836238,0.5007692307692307,99.15760795197306,-0.13422734254257307,078e2a857d394e3a859226522fd402dd,experiment_linear_erythrocytes
1361.506650670656,0.03560076287349017,erythrocytes,CAPILAR,0.8,Decision Tree Regressor,GridSearchCV,0.9670010473836238,0.5007692307692307,99.15760795197306,-0.13422734254257307,078e2a857d394e3a859226522fd402dd,experiment_linear_erythrocytes
1376.934488072023,0.03496503496503487,erythrocytes,CAPILAR,0.8,Decision Tree Regressor,GridSearchCV,0.9670010473836238,0.5007692307692307,99.15760795197306,-0.13422734254257307,078e2a857d394e3a859226522fd402dd,experiment_linear_erythrocytes
1151.302366077027,0.03432930705657971,erythrocytes,CAPILAR,0.8,Decision Tree Regressor,GridSearchCV,0.9670010473836238,0.5007692307692307,99.15760795197306,-0.13422734254257307,078e2a857d394e3a859226522fd402dd,experiment_linear_erythrocytes
1170.587162828736,0.02924348378893837,erythrocytes,CAPILAR,0.8,Decision Tree Regressor,GridSearchCV,0.9670010473836238,0.5007692307692307,99.15760795197306,-0.13422734254257307,078e2a857d394e3a859226522fd402dd,experiment_linear_erythrocytes
2589.948203754519,0.027336300063572922,erythrocytes,CAPILAR,0.8,Decision Tree Regressor,GridSearchCV,0.9670010473836238,0.5007692307692307,99.15760795197306,-0.13422734254257307,078e2a857d394e3a859226522fd402dd,experiment_linear_erythrocytes
1247.726349835572,0.026700572155117685,erythrocytes,CAPILAR,0.8,Decision Tree Regressor,GridSearchCV,0.9670010473836238,0.5007692307692307,99.15760795197306,-0.13422734254257307,078e2a857d394e3a859226522fd402dd,experiment_linear_erythrocytes
1749.131065380006,0.024157660521296878,erythrocytes,CAPILAR,0.8,Decision Tree Regressor,GridSearchCV,0.9670010473836238,0.5007692307692307,99.15760795197306,-0.13422734254257307,078e2a857d394e3a859226522fd402dd,experiment_linear_erythrocytes
3048.926366445193,0.010638540533587771,erythrocytes,CAPILAR,0.8,Decision Tree Regressor,GridSearchCV,0.8719106635018322,0.43128205128205127,91.58298634641389,0.07787413932524034,078e2a857d394e3a859226522fd402dd,experiment_linear_erythrocytes
1224.584593733522,0.009058827267291986,erythrocytes,CAPILAR,0.8,Decision Tree Regressor,GridSearchCV,0.8719106635018322,0.43128205128205127,91.58298634641389,0.07787413932524034,078e2a857d394e3a859226522fd402dd,experiment_linear_erythrocytes
1222.656114058351,0.008835674160090639,erythrocytes,CAPILAR,0.8,Decision Tree Regressor,GridSearchCV,0.8719106635018322,0.43128205128205127,91.58298634641389,0.07787413932524034,078e2a857d394e3a859226522fd402dd,experiment_linear_erythrocytes
1602.566610067018,0.00848557711255577,erythrocytes,CAPILAR,0.8,Decision Tree Regressor,GridSearchCV,0.8719106635018322,0.43128205128205127,91.58298634641389,0.07787413932524034,078e2a857d394e3a859226522fd402dd,experiment_linear_erythrocytes
1226.513073408692,0.007967954402999276,erythrocytes,CAPILAR,0.8,Decision Tree Regressor,GridSearchCV,0.8719106635018322,0.43128205128205127,91.58298634641389,0.07787413932524034,078e2a857d394e3a859226522fd402dd,experiment_linear_erythrocytes
1220.72763438318,0.007621283854849876,erythrocytes,CAPILAR,0.8,Decision Tree Regressor,GridSearchCV,0.8719106635018322,0.43128205128205127,91.58298634641389,0.07787413932524034,078e2a857d394e3a859226522fd402dd,experiment_linear_erythrocytes
1228.441553083863,0.006599115233907176,erythrocytes,CAPILAR,0.8,Decision Tree Regressor,GridSearchCV,0.8719106635018322,0.43128205128205127,91.58298634641389,0.07787413932524034,078e2a857d394e3a859226522fd402dd,experiment_linear_erythrocytes
1218.799154708009,0.006523983109283482,erythrocytes,CAPILAR,0.8,Decision Tree Regressor,GridSearchCV,0.8719106635018322,0.43128205128205127,91.58298634641389,0.07787413932524034,078e2a857d394e3a859226522fd402dd,experiment_linear_erythrocytes
1168.658683153565,0.005780757115259189,erythrocytes,CAPILAR,0.8,Decision Tree Regressor,GridSearchCV,0.8719106635018322,0.43128205128205127,91.58298634641389,0.07787413932524034,078e2a857d394e3a859226522fd402dd,experiment_linear_erythrocytes
1216.870675032838,0.005622573577032214,erythrocytes,CAPILAR,0.8,Decision Tree Regressor,GridSearchCV,0.8719106635018322,0.43128205128205127,91.58298634641389,0.07787413932524034,078e2a857d394e3a859226522fd402dd,experiment_linear_erythrocytes
1170.587162828736,0.005612970578731765,erythrocytes,CAPILAR,0.8,Decision Tree Regressor,GridSearchCV,0.8719106635018322,0.43128205128205127,91.58298634641389,0.07787413932524034,078e2a857d394e3a859226522fd402dd,experiment_linear_erythrocytes
1230.370032759034,0.005408289774448609,erythrocytes,CAPILAR,0.8,Decision Tree Regressor,GridSearchCV,0.8719106635018322,0.43128205128205127,91.58298634641389,0.07787413932524034,078e2a857d394e3a859226522fd402dd,experiment_linear_erythrocytes
3046.997886770022,0.005359918228965124,erythrocytes,CAPILAR,0.8,Decision Tree Regressor,GridSearchCV,0.8719106635018322,0.43128205128205127,91.58298634641389,0.07787413932524034,078e2a857d394e3a859226522fd402dd,experiment_linear_erythrocytes
1166.730203478395,0.005331600994045513,erythrocytes,CAPILAR,0.8,Decision Tree Regressor,GridSearchCV,0.8719106635018322,0.43128205128205127,91.58298634641389,0.07787413932524034,078e2a857d394e3a859226522fd402dd,experiment_linear_erythrocytes
1172.515642503907,0.005102907206698038,erythrocytes,CAPILAR,0.8,Decision Tree Regressor,GridSearchCV,0.8719106635018322,0.43128205128205127,91.58298634641389,0.07787413932524034,078e2a857d394e3a859226522fd402dd,experiment_linear_erythrocytes
1604.495089742189,0.004917101851897449,erythrocytes,CAPILAR,0.8,Decision Tree Regressor,GridSearchCV,0.8719106635018322,0.43128205128205127,91.58298634641389,0.07787413932524034,078e2a857d394e3a859226522fd402dd,experiment_linear_erythrocytes
1214.942195357667,0.004800387637015412,erythrocytes,CAPILAR,0.8,Decision Tree Regressor,GridSearchCV,0.8719106635018322,0.43128205128205127,91.58298634641389,0.07787413932524034,078e2a857d394e3a859226522fd402dd,experiment_linear_erythrocytes
1600.638130391847,0.004780215290018301,erythrocytes,CAPILAR,0.8,Decision Tree Regressor,GridSearchCV,0.8719106635018322,0.43128205128205127,91.58298634641389,0.07787413932524034,078e2a857d394e3a859226522fd402dd,experiment_linear_erythrocytes
1128.160609974977,0.004750371173115776,erythrocytes,CAPILAR,0.8,Decision Tree Regressor,GridSearchCV,0.8719106635018322,0.43128205128205127,91.58298634641389,0.07787413932524034,078e2a857d394e3a859226522fd402dd,experiment_linear_erythrocytes
1126.232130299806,0.004716019954495583,erythrocytes,CAPILAR,0.8,Decision Tree Regressor,GridSearchCV,0.8719106635018322,0.43128205128205127,91.58298634641389,0.07787413932524034,078e2a857d394e3a859226522fd402dd,experiment_linear_erythrocytes
1072.23469939502,0.09345200254291094,erythrocytes,CAPILAR,0.8,Decision Tree Regressor,GridSearchCV,0.9670010473836238,0.5007692307692307,99.15760795197306,-0.13422734254257307,078e2a857d394e3a859226522fd402dd,experiment_linear_erythrocytes
1639.207723895265,0.089637635092181,erythrocytes,CAPILAR,0.8,Decision Tree Regressor,GridSearchCV,0.9670010473836238,0.5007692307692307,99.15760795197306,-0.13422734254257307,078e2a857d394e3a859226522fd402dd,experiment_linear_erythrocytes
958.4543985599371,0.06993006993007048,erythrocytes,CAPILAR,0.8,Decision Tree Regressor,GridSearchCV,0.9670010473836238,0.5007692307692307,99.15760795197306,-0.13422734254257307,078e2a857d394e3a859226522fd402dd,experiment_linear_erythrocytes
1330.650975867921,0.06802288620470436,erythrocytes,CAPILAR,0.8,Decision Tree Regressor,GridSearchCV,0.9670010473836238,0.5007692307692307,99.15760795197306,-0.13422734254257307,078e2a857d394e3a859226522fd402dd,experiment_linear_erythrocytes
1822.413293036501,0.06802288620470429,erythrocytes,CAPILAR,0.8,Decision Tree Regressor,GridSearchCV,0.9670010473836238,0.5007692307692307,99.15760795197306,-0.13422734254257307,078e2a857d394e3a859226522fd402dd,experiment_linear_erythrocytes
1733.703227978639,0.06039415130324196,erythrocytes,CAPILAR,0.8,Decision Tree Regressor,GridSearchCV,0.9670010473836238,0.5007692307692307,99.15760795197306,-0.13422734254257307,078e2a857d394e3a859226522fd402dd,experiment_linear_erythrocytes
1637.279244220094,0.045772409408772946,erythrocytes,CAPILAR,0.8,Decision Tree Regressor,GridSearchCV,0.9670010473836238,0.5007692307692307,99.15760795197306,-0.13422734254257307,078e2a857d394e3a859226522fd402dd,experiment_linear_erythrocytes
1255.440268536256,0.04513668150031783,erythrocytes,CAPILAR,0.8,Decision Tree Regressor,GridSearchCV,0.9670010473836238,0.5007692307692307,99.15760795197306,-0.13422734254257307,078e2a857d394e3a859226522fd402dd,experiment_linear_erythrocytes
3048.926366445193,0.04386522568340773,erythrocytes,CAPILAR,0.8,Decision Tree Regressor,GridSearchCV,0.9670010473836238,0.5007692307692307,99.15760795197306,-0.13422734254257307,078e2a857d394e3a859226522fd402dd,experiment_linear_erythrocytes
2881.148634705325,0.04132231404958672,erythrocytes,CAPILAR,0.8,Decision Tree Regressor,GridSearchCV,0.9670010473836238,0.5007692307692307,99.15760795197306,-0.13422734254257307,078e2a857d394e3a859226522fd402dd,experiment_linear_erythrocytes
1369.220569371339,0.03877940241576606,erythrocytes,CAPILAR,0.8,Decision Tree Regressor,GridSearchCV,0.9670010473836238,0.5007692307692307,99.15760795197306,-0.13422734254257307,078e2a857d394e3a859226522fd402dd,experiment_linear_erythrocytes
1326.794016517579,0.03814367450731094,erythrocytes,CAPILAR,0.8,Decision Tree Regressor,GridSearchCV,0.9670010473836238,0.5007692307692307,99.15760795197306,-0.13422734254257307,078e2a857d394e3a859226522fd402dd,experiment_linear_erythrocytes
1278.582024638307,0.03814367450731082,erythrocytes,CAPILAR,0.8,Decision Tree Regressor,GridSearchCV,0.9670010473836238,0.5007692307692307,99.15760795197306,-0.13422734254257307,078e2a857d394e3a859226522fd402dd,experiment_linear_erythrocytes
1361.506650670656,0.03560076287349017,erythrocytes,CAPILAR,0.8,Decision Tree Regressor,GridSearchCV,0.9670010473836238,0.5007692307692307,99.15760795197306,-0.13422734254257307,078e2a857d394e3a859226522fd402dd,experiment_linear_erythrocytes
1376.934488072023,0.03496503496503487,erythrocytes,CAPILAR,0.8,Decision Tree Regressor,GridSearchCV,0.9670010473836238,0.5007692307692307,99.15760795197306,-0.13422734254257307,078e2a857d394e3a859226522fd402dd,experiment_linear_erythrocytes
1151.302366077027,0.03432930705657971,erythrocytes,CAPILAR,0.8,Decision Tree Regressor,GridSearchCV,0.9670010473836238,0.5007692307692307,99.15760795197306,-0.13422734254257307,078e2a857d394e3a859226522fd402dd,experiment_linear_erythrocytes
1170.587162828736,0.02924348378893837,erythrocytes,CAPILAR,0.8,Decision Tree Regressor,GridSearchCV,0.9670010473836238,0.5007692307692307,99.15760795197306,-0.13422734254257307,078e2a857d394e3a859226522fd402dd,experiment_linear_erythrocytes
2589.948203754519,0.027336300063572922,erythrocytes,CAPILAR,0.8,Decision Tree Regressor,GridSearchCV,0.9670010473836238,0.5007692307692307,99.15760795197306,-0.13422734254257307,078e2a857d394e3a859226522fd402dd,experiment_linear_erythrocytes
1247.726349835572,0.026700572155117685,erythrocytes,CAPILAR,0.8,Decision Tree Regressor,GridSearchCV,0.9670010473836238,0.5007692307692307,99.15760795197306,-0.13422734254257307,078e2a857d394e3a859226522fd402dd,experiment_linear_erythrocytes
1749.131065380006,0.024157660521296878,erythrocytes,CAPILAR,0.8,Decision Tree Regressor,GridSearchCV,0.9670010473836238,0.5007692307692307,99.15760795197306,-0.13422734254257307,078e2a857d394e3a859226522fd402dd,experiment_linear_erythrocytes
1207.228276656984,0.004036646578015706,erythrocytes,PLASMA,0.8,Decision Tree Regressor,GridSearchCV,0.8932075026874456,0.4875000000000001,86.92519559615268,-0.018533185954550557,078e2a857d394e3a859226522fd402dd,experiment_linear_erythrocytes
1205.299796981813,0.004035014770730667,erythrocytes,PLASMA,0.8,Decision Tree Regressor,GridSearchCV,0.8932075026874456,0.4875000000000001,86.92519559615268,-0.018533185954550557,078e2a857d394e3a859226522fd402dd,experiment_linear_erythrocytes
1211.085236007325,0.004000972758424775,erythrocytes,PLASMA,0.8,Decision Tree Regressor,GridSearchCV,0.8932075026874456,0.4875000000000001,86.92519559615268,-0.018533185954550557,078e2a857d394e3a859226522fd402dd,experiment_linear_erythrocytes
1209.156756332154,0.003995033907072772,erythrocytes,PLASMA,0.8,Decision Tree Regressor,GridSearchCV,0.8932075026874456,0.4875000000000001,86.92519559615268,-0.018533185954550557,078e2a857d394e3a859226522fd402dd,experiment_linear_erythrocytes
1213.013715682496,0.003992368050706965,erythrocytes,PLASMA,0.8,Decision Tree Regressor,GridSearchCV,0.8932075026874456,0.4875000000000001,86.92519559615268,-0.018533185954550557,078e2a857d394e3a859226522fd402dd,experiment_linear_erythrocytes
1203.371317306642,0.003977841536830296,erythrocytes,PLASMA,0.8,Decision Tree Regressor,GridSearchCV,0.8932075026874456,0.4875000000000001,86.92519559615268,-0.018533185954550557,078e2a857d394e3a859226522fd402dd,experiment_linear_erythrocytes
1214.942195357667,0.0039042542021692603,erythrocytes,PLASMA,0.8,Decision Tree Regressor,GridSearchCV,0.8932075026874456,0.4875000000000001,86.92519559615268,-0.018533185954550557,078e2a857d394e3a859226522fd402dd,experiment_linear_erythrocytes
1216.870675032838,0.003815570163831556,erythrocytes,PLASMA,0.8,Decision Tree Regressor,GridSearchCV,0.8932075026874456,0.4875000000000001,86.92519559615268,-0.018533185954550557,078e2a857d394e3a859226522fd402dd,experiment_linear_erythrocytes
1218.799154708009,0.0037644710439226205,erythrocytes,PLASMA,0.8,Decision Tree Regressor,GridSearchCV,0.8932075026874456,0.4875000000000001,86.92519559615268,-0.018533185954550557,078e2a857d394e3a859226522fd402dd,experiment_linear_erythrocytes
1631.493805194581,0.003763333661353789,erythrocytes,PLASMA,0.8,Decision Tree Regressor,GridSearchCV,0.8932075026874456,0.4875000000000001,86.92519559615268,-0.018533185954550557,078e2a857d394e3a859226522fd402dd,experiment_linear_erythrocytes
1633.422284869752,0.003747985550671007,erythrocytes,PLASMA,0.8,Decision Tree Regressor,GridSearchCV,0.8932075026874456,0.4875000000000001,86.92519559615268,-0.018533185954550557,078e2a857d394e3a859226522fd402dd,experiment_linear_erythrocytes
1220.72763438318,0.0037383774670872475,erythrocytes,PLASMA,0.8,Decision Tree Regressor,GridSearchCV,0.8932075026874456,0.4875000000000001,86.92519559615268,-0.018533185954550557,078e2a857d394e3a859226522fd402dd,experiment_linear_erythrocytes
1201.442837631471,0.0037221764750034773,erythrocytes,PLASMA,0.8,Decision Tree Regressor,GridSearchCV,0.8932075026874456,0.4875000000000001,86.92519559615268,-0.018533185954550557,078e2a857d394e3a859226522fd402dd,experiment_linear_erythrocytes
1629.56532551941,0.003720384011591633,erythrocytes,PLASMA,0.8,Decision Tree Regressor,GridSearchCV,0.8932075026874456,0.4875000000000001,86.92519559615268,-0.018533185954550557,078e2a857d394e3a859226522fd402dd,experiment_linear_erythrocytes
1635.350764544923,0.0037166341851218023,erythrocytes,PLASMA,0.8,Decision Tree Regressor,GridSearchCV,0.8932075026874456,0.4875000000000001,86.92519559615268,-0.018533185954550557,078e2a857d394e3a859226522fd402dd,experiment_linear_erythrocytes
1222.656114058351,0.003703421300357876,erythrocytes,PLASMA,0.8,Decision Tree Regressor,GridSearchCV,0.8932075026874456,0.4875000000000001,86.92519559615268,-0.018533185954550557,078e2a857d394e3a859226522fd402dd,experiment_linear_erythrocytes
1637.279244220094,0.0036837813092519584,erythrocytes,PLASMA,0.8,Decision Tree Regressor,GridSearchCV,0.8932075026874456,0.4875000000000001,86.92519559615268,-0.018533185954550557,078e2a857d394e3a859226522fd402dd,experiment_linear_erythrocytes
1639.207723895265,0.0036669870669211882,erythrocytes,PLASMA,0.8,Decision Tree Regressor,GridSearchCV,0.8932075026874456,0.4875000000000001,86.92519559615268,-0.018533185954550557,078e2a857d394e3a859226522fd402dd,experiment_linear_erythrocytes
1641.136203570436,0.0036668360665929162,erythrocytes,PLASMA,0.8,Decision Tree Regressor,GridSearchCV,0.8932075026874456,0.4875000000000001,86.92519559615268,-0.018533185954550557,078e2a857d394e3a859226522fd402dd,experiment_linear_erythrocytes
1643.064683245607,0.0036350013483773297,erythrocytes,PLASMA,0.8,Decision Tree Regressor,GridSearchCV,0.8932075026874456,0.4875000000000001,86.92519559615268,-0.018533185954550557,078e2a857d394e3a859226522fd402dd,experiment_linear_erythrocytes
2543.664691550417,0.10771318878268227,erythrocytes,PLASMA,0.8,Decision Tree Regressor,GridSearchCV,0.8414316901941556,0.4507064436885866,81.27985257855099,0.09612538815216087,078e2a857d394e3a859226522fd402dd,experiment_linear_erythrocytes
1830.127211737184,0.08394167303500684,erythrocytes,PLASMA,0.8,Decision Tree Regressor,GridSearchCV,0.8414316901941556,0.4507064436885866,81.27985257855099,0.09612538815216087,078e2a857d394e3a859226522fd402dd,experiment_linear_erythrocytes
1681.634276749025,0.07923582019226674,erythrocytes,PLASMA,0.8,Decision Tree Regressor,GridSearchCV,0.8414316901941556,0.4507064436885866,81.27985257855099,0.09612538815216087,078e2a857d394e3a859226522fd402dd,experiment_linear_erythrocytes
2694.086106213747,0.06722077086566515,erythrocytes,PLASMA,0.8,Decision Tree Regressor,GridSearchCV,0.8414316901941556,0.4507064436885866,81.27985257855099,0.09612538815216087,078e2a857d394e3a859226522fd402dd,experiment_linear_erythrocytes
1660.421000322145,0.06095194963074628,erythrocytes,PLASMA,0.8,Decision Tree Regressor,GridSearchCV,0.8414316901941556,0.4507064436885866,81.27985257855099,0.09612538815216087,078e2a857d394e3a859226522fd402dd,experiment_linear_erythrocytes
1673.920358048341,0.04234615660962043,erythrocytes,PLASMA,0.8,Decision Tree Regressor,GridSearchCV,0.8414316901941556,0.4507064436885866,81.27985257855099,0.09612538815216087,078e2a857d394e3a859226522fd402dd,experiment_linear_erythrocytes
2825.222724125369,0.041034148132107644,erythrocytes,PLASMA,0.8,Decision Tree Regressor,GridSearchCV,0.8414316901941556,0.4507064436885866,81.27985257855099,0.09612538815216087,078e2a857d394e3a859226522fd402dd,experiment_linear_erythrocytes
1195.657398605958,0.04007740087566612,erythrocytes,PLASMA,0.8,Decision Tree Regressor,GridSearchCV,0.8414316901941556,0.4507064436885866,81.27985257855099,0.09612538815216087,078e2a857d394e3a859226522fd402dd,experiment_linear_erythrocytes
2657.4449923855,0.039841171414925027,erythrocytes,PLASMA,0.8,Decision Tree Regressor,GridSearchCV,0.8414316901941556,0.4507064436885866,81.27985257855099,0.09612538815216087,078e2a857d394e3a859226522fd402dd,experiment_linear_erythrocytes
2616.946919206911,0.039053902368400235,erythrocytes,PLASMA,0.8,Decision Tree Regressor,GridSearchCV,0.8414316901941556,0.4507064436885866,81.27985257855099,0.09612538815216087,078e2a857d394e3a859226522fd402dd,experiment_linear_erythrocytes
2713.370902965456,0.0375966481059794,erythrocytes,PLASMA,0.8,Decision Tree Regressor,GridSearchCV,0.8414316901941556,0.4507064436885866,81.27985257855099,0.09612538815216087,078e2a857d394e3a859226522fd402dd,experiment_linear_erythrocytes
1220.72763438318,0.03703000179588101,erythrocytes,PLASMA,0.8,Decision Tree Regressor,GridSearchCV,0.8414316901941556,0.4507064436885866,81.27985257855099,0.09612538815216087,078e2a857d394e3a859226522fd402dd,experiment_linear_erythrocytes
1515.785024684327,0.03686681499958027,erythrocytes,PLASMA,0.8,Decision Tree Regressor,GridSearchCV,0.8414316901941556,0.4507064436885866,81.27985257855099,0.09612538815216087,078e2a857d394e3a859226522fd402dd,experiment_linear_erythrocytes
1016.308788815064,0.03421936481278271,erythrocytes,PLASMA,0.8,Decision Tree Regressor,GridSearchCV,0.8414316901941556,0.4507064436885866,81.27985257855099,0.09612538815216087,078e2a857d394e3a859226522fd402dd,experiment_linear_erythrocytes
1369.220569371339,0.03172193051110136,erythrocytes,PLASMA,0.8,Decision Tree Regressor,GridSearchCV,0.8414316901941556,0.4507064436885866,81.27985257855099,0.09612538815216087,078e2a857d394e3a859226522fd402dd,experiment_linear_erythrocytes
1747.202585704835,0.029505093940617018,erythrocytes,PLASMA,0.8,Decision Tree Regressor,GridSearchCV,0.8414316901941556,0.4507064436885866,81.27985257855099,0.09612538815216087,078e2a857d394e3a859226522fd402dd,experiment_linear_erythrocytes
1606.42356941736,0.026322137638649896,erythrocytes,PLASMA,0.8,Decision Tree Regressor,GridSearchCV,0.8414316901941556,0.4507064436885866,81.27985257855099,0.09612538815216087,078e2a857d394e3a859226522fd402dd,experiment_linear_erythrocytes
1029.808146541261,0.025801042467945103,erythrocytes,PLASMA,0.8,Decision Tree Regressor,GridSearchCV,0.8414316901941556,0.4507064436885866,81.27985257855099,0.09612538815216087,078e2a857d394e3a859226522fd402dd,experiment_linear_erythrocytes
1596.781171041505,0.024373043787200472,erythrocytes,PLASMA,0.8,Decision Tree Regressor,GridSearchCV,0.8414316901941556,0.4507064436885866,81.27985257855099,0.09612538815216087,078e2a857d394e3a859226522fd402dd,experiment_linear_erythrocytes
1089.591016471559,0.023572771707029632,erythrocytes,PLASMA,0.8,Decision Tree Regressor,GridSearchCV,0.8414316901941556,0.4507064436885866,81.27985257855099,0.09612538815216087,078e2a857d394e3a859226522fd402dd,experiment_linear_erythrocytes
1207.228276656984,0.004036646578015705,erythrocytes,PLASMA,0.8,Decision Tree Regressor,GridSearchCV,0.8932075026874456,0.4875000000000001,86.92519559615268,-0.018533185954550557,078e2a857d394e3a859226522fd402dd,experiment_linear_erythrocytes
1205.299796981813,0.004035014770730666,erythrocytes,PLASMA,0.8,Decision Tree Regressor,GridSearchCV,0.8932075026874456,0.4875000000000001,86.92519559615268,-0.018533185954550557,078e2a857d394e3a859226522fd402dd,experiment_linear_erythrocytes
1211.085236007325,0.004000972758424775,erythrocytes,PLASMA,0.8,Decision Tree Regressor,GridSearchCV,0.8932075026874456,0.4875000000000001,86.92519559615268,-0.018533185954550557,078e2a857d394e3a859226522fd402dd,experiment_linear_erythrocytes
1209.156756332154,0.003995033907072771,erythrocytes,PLASMA,0.8,Decision Tree Regressor,GridSearchCV,0.8932075026874456,0.4875000000000001,86.92519559615268,-0.018533185954550557,078e2a857d394e3a859226522fd402dd,experiment_linear_erythrocytes
1213.013715682496,0.003992368050706964,erythrocytes,PLASMA,0.8,Decision Tree Regressor,GridSearchCV,0.8932075026874456,0.4875000000000001,86.92519559615268,-0.018533185954550557,078e2a857d394e3a859226522fd402dd,experiment_linear_erythrocytes
1203.371317306642,0.003977841536830296,erythrocytes,PLASMA,0.8,Decision Tree Regressor,GridSearchCV,0.8932075026874456,0.4875000000000001,86.92519559615268,-0.018533185954550557,078e2a857d394e3a859226522fd402dd,experiment_linear_erythrocytes
1214.942195357667,0.0039042542021692603,erythrocytes,PLASMA,0.8,Decision Tree Regressor,GridSearchCV,0.8932075026874456,0.4875000000000001,86.92519559615268,-0.018533185954550557,078e2a857d394e3a859226522fd402dd,experiment_linear_erythrocytes
1216.870675032838,0.003815570163831556,erythrocytes,PLASMA,0.8,Decision Tree Regressor,GridSearchCV,0.8932075026874456,0.4875000000000001,86.92519559615268,-0.018533185954550557,078e2a857d394e3a859226522fd402dd,experiment_linear_erythrocytes
1218.799154708009,0.003764471043922621,erythrocytes,PLASMA,0.8,Decision Tree Regressor,GridSearchCV,0.8932075026874456,0.4875000000000001,86.92519559615268,-0.018533185954550557,078e2a857d394e3a859226522fd402dd,experiment_linear_erythrocytes
1631.493805194581,0.003763333661353789,erythrocytes,PLASMA,0.8,Decision Tree Regressor,GridSearchCV,0.8932075026874456,0.4875000000000001,86.92519559615268,-0.018533185954550557,078e2a857d394e3a859226522fd402dd,experiment_linear_erythrocytes
1633.422284869752,0.003747985550671006,erythrocytes,PLASMA,0.8,Decision Tree Regressor,GridSearchCV,0.8932075026874456,0.4875000000000001,86.92519559615268,-0.018533185954550557,078e2a857d394e3a859226522fd402dd,experiment_linear_erythrocytes
1220.72763438318,0.003738377467087247,erythrocytes,PLASMA,0.8,Decision Tree Regressor,GridSearchCV,0.8932075026874456,0.4875000000000001,86.92519559615268,-0.018533185954550557,078e2a857d394e3a859226522fd402dd,experiment_linear_erythrocytes
1201.442837631471,0.0037221764750034773,erythrocytes,PLASMA,0.8,Decision Tree Regressor,GridSearchCV,0.8932075026874456,0.4875000000000001,86.92519559615268,-0.018533185954550557,078e2a857d394e3a859226522fd402dd,experiment_linear_erythrocytes
1629.56532551941,0.0037203840115916337,erythrocytes,PLASMA,0.8,Decision Tree Regressor,GridSearchCV,0.8932075026874456,0.4875000000000001,86.92519559615268,-0.018533185954550557,078e2a857d394e3a859226522fd402dd,experiment_linear_erythrocytes
1635.350764544923,0.003716634185121802,erythrocytes,PLASMA,0.8,Decision Tree Regressor,GridSearchCV,0.8932075026874456,0.4875000000000001,86.92519559615268,-0.018533185954550557,078e2a857d394e3a859226522fd402dd,experiment_linear_erythrocytes
1222.656114058351,0.003703421300357876,erythrocytes,PLASMA,0.8,Decision Tree Regressor,GridSearchCV,0.8932075026874456,0.4875000000000001,86.92519559615268,-0.018533185954550557,078e2a857d394e3a859226522fd402dd,experiment_linear_erythrocytes
1637.279244220094,0.0036837813092519592,erythrocytes,PLASMA,0.8,Decision Tree Regressor,GridSearchCV,0.8932075026874456,0.4875000000000001,86.92519559615268,-0.018533185954550557,078e2a857d394e3a859226522fd402dd,experiment_linear_erythrocytes
1639.207723895265,0.003666987066921187,erythrocytes,PLASMA,0.8,Decision Tree Regressor,GridSearchCV,0.8932075026874456,0.4875000000000001,86.92519559615268,-0.018533185954550557,078e2a857d394e3a859226522fd402dd,experiment_linear_erythrocytes
1641.136203570436,0.0036668360665929154,erythrocytes,PLASMA,0.8,Decision Tree Regressor,GridSearchCV,0.8932075026874456,0.4875000000000001,86.92519559615268,-0.018533185954550557,078e2a857d394e3a859226522fd402dd,experiment_linear_erythrocytes
1643.064683245607,0.0036350013483773293,erythrocytes,PLASMA,0.8,Decision Tree Regressor,GridSearchCV,0.8932075026874456,0.4875000000000001,86.92519559615268,-0.018533185954550557,078e2a857d394e3a859226522fd402dd,experiment_linear_erythrocytes
2543.664691550417,0.10771318878268227,erythrocytes,PLASMA,0.8,Decision Tree Regressor,GridSearchCV,0.8414316901941556,0.4507064436885866,81.27985257855099,0.09612538815216087,078e2a857d394e3a859226522fd402dd,experiment_linear_erythrocytes
1830.127211737184,0.08394167303500684,erythrocytes,PLASMA,0.8,Decision Tree Regressor,GridSearchCV,0.8414316901941556,0.4507064436885866,81.27985257855099,0.09612538815216087,078e2a857d394e3a859226522fd402dd,experiment_linear_erythrocytes
1681.634276749025,0.07923582019226674,erythrocytes,PLASMA,0.8,Decision Tree Regressor,GridSearchCV,0.8414316901941556,0.4507064436885866,81.27985257855099,0.09612538815216087,078e2a857d394e3a859226522fd402dd,experiment_linear_erythrocytes
2694.086106213747,0.06722077086566515,erythrocytes,PLASMA,0.8,Decision Tree Regressor,GridSearchCV,0.8414316901941556,0.4507064436885866,81.27985257855099,0.09612538815216087,078e2a857d394e3a859226522fd402dd,experiment_linear_erythrocytes
1660.421000322145,0.06095194963074628,erythrocytes,PLASMA,0.8,Decision Tree Regressor,GridSearchCV,0.8414316901941556,0.4507064436885866,81.27985257855099,0.09612538815216087,078e2a857d394e3a859226522fd402dd,experiment_linear_erythrocytes
1673.920358048341,0.04234615660962043,erythrocytes,PLASMA,0.8,Decision Tree Regressor,GridSearchCV,0.8414316901941556,0.4507064436885866,81.27985257855099,0.09612538815216087,078e2a857d394e3a859226522fd402dd,experiment_linear_erythrocytes
2825.222724125369,0.041034148132107644,erythrocytes,PLASMA,0.8,Decision Tree Regressor,GridSearchCV,0.8414316901941556,0.4507064436885866,81.27985257855099,0.09612538815216087,078e2a857d394e3a859226522fd402dd,experiment_linear_erythrocytes
1195.657398605958,0.04007740087566612,erythrocytes,PLASMA,0.8,Decision Tree Regressor,GridSearchCV,0.8414316901941556,0.4507064436885866,81.27985257855099,0.09612538815216087,078e2a857d394e3a859226522fd402dd,experiment_linear_erythrocytes
2657.4449923855,0.039841171414925027,erythrocytes,PLASMA,0.8,Decision Tree Regressor,GridSearchCV,0.8414316901941556,0.4507064436885866,81.27985257855099,0.09612538815216087,078e2a857d394e3a859226522fd402dd,experiment_linear_erythrocytes
2616.946919206911,0.039053902368400235,erythrocytes,PLASMA,0.8,Decision Tree Regressor,GridSearchCV,0.8414316901941556,0.4507064436885866,81.27985257855099,0.09612538815216087,078e2a857d394e3a859226522fd402dd,experiment_linear_erythrocytes
2713.370902965456,0.0375966481059794,erythrocytes,PLASMA,0.8,Decision Tree Regressor,GridSearchCV,0.8414316901941556,0.4507064436885866,81.27985257855099,0.09612538815216087,078e2a857d394e3a859226522fd402dd,experiment_linear_erythrocytes
1220.72763438318,0.03703000179588101,erythrocytes,PLASMA,0.8,Decision Tree Regressor,GridSearchCV,0.8414316901941556,0.4507064436885866,81.27985257855099,0.09612538815216087,078e2a857d394e3a859226522fd402dd,experiment_linear_erythrocytes
1515.785024684327,0.03686681499958027,erythrocytes,PLASMA,0.8,Decision Tree Regressor,GridSearchCV,0.8414316901941556,0.4507064436885866,81.27985257855099,0.09612538815216087,078e2a857d394e3a859226522fd402dd,experiment_linear_erythrocytes
1016.308788815064,0.03421936481278271,erythrocytes,PLASMA,0.8,Decision Tree Regressor,GridSearchCV,0.8414316901941556,0.4507064436885866,81.27985257855099,0.09612538815216087,078e2a857d394e3a859226522fd402dd,experiment_linear_erythrocytes
1369.220569371339,0.03172193051110136,erythrocytes,PLASMA,0.8,Decision Tree Regressor,GridSearchCV,0.8414316901941556,0.4507064436885866,81.27985257855099,0.09612538815216087,078e2a857d394e3a859226522fd402dd,experiment_linear_erythrocytes
1747.202585704835,0.029505093940617018,erythrocytes,PLASMA,0.8,Decision Tree Regressor,GridSearchCV,0.8414316901941556,0.4507064436885866,81.27985257855099,0.09612538815216087,078e2a857d394e3a859226522fd402dd,experiment_linear_erythrocytes
1606.42356941736,0.026322137638649896,erythrocytes,PLASMA,0.8,Decision Tree Regressor,GridSearchCV,0.8414316901941556,0.4507064436885866,81.27985257855099,0.09612538815216087,078e2a857d394e3a859226522fd402dd,experiment_linear_erythrocytes
1029.808146541261,0.025801042467945103,erythrocytes,PLASMA,0.8,Decision Tree Regressor,GridSearchCV,0.8414316901941556,0.4507064436885866,81.27985257855099,0.09612538815216087,078e2a857d394e3a859226522fd402dd,experiment_linear_erythrocytes
1596.781171041505,0.024373043787200472,erythrocytes,PLASMA,0.8,Decision Tree Regressor,GridSearchCV,0.8414316901941556,0.4507064436885866,81.27985257855099,0.09612538815216087,078e2a857d394e3a859226522fd402dd,experiment_linear_erythrocytes
1089.591016471559,0.023572771707029632,erythrocytes,PLASMA,0.8,Decision Tree Regressor,GridSearchCV,0.8414316901941556,0.4507064436885866,81.27985257855099,0.09612538815216087,078e2a857d394e3a859226522fd402dd,experiment_linear_erythrocytes
1016.308788815064,0.004347039391667763,erythrocytes,SALIVA,0.8,Decision Tree Regressor,GridSearchCV,0.8920128388997014,0.44309523809523815,87.11685102993343,-0.025010820880344342,078e2a857d394e3a859226522fd402dd,experiment_linear_erythrocytes
1018.237268490235,0.004263571093067848,erythrocytes,SALIVA,0.8,Decision Tree Regressor,GridSearchCV,0.8920128388997014,0.44309523809523815,87.11685102993343,-0.025010820880344342,078e2a857d394e3a859226522fd402dd,experiment_linear_erythrocytes
1585.21029299048,0.004258888061209244,erythrocytes,SALIVA,0.8,Decision Tree Regressor,GridSearchCV,0.8920128388997014,0.44309523809523815,87.11685102993343,-0.025010820880344342,078e2a857d394e3a859226522fd402dd,experiment_linear_erythrocytes
1583.281813315309,0.004243507996547408,erythrocytes,SALIVA,0.8,Decision Tree Regressor,GridSearchCV,0.8920128388997014,0.44309523809523815,87.11685102993343,-0.025010820880344342,078e2a857d394e3a859226522fd402dd,experiment_linear_erythrocytes
1014.380309139893,0.004199601859019329,erythrocytes,SALIVA,0.8,Decision Tree Regressor,GridSearchCV,0.8920128388997014,0.44309523809523815,87.11685102993343,-0.025010820880344342,078e2a857d394e3a859226522fd402dd,experiment_linear_erythrocytes
1587.138772665651,0.004153739009370683,erythrocytes,SALIVA,0.8,Decision Tree Regressor,GridSearchCV,0.8920128388997014,0.44309523809523815,87.11685102993343,-0.025010820880344342,078e2a857d394e3a859226522fd402dd,experiment_linear_erythrocytes
1581.353333640138,0.004151056670668356,erythrocytes,SALIVA,0.8,Decision Tree Regressor,GridSearchCV,0.8920128388997014,0.44309523809523815,87.11685102993343,-0.025010820880344342,078e2a857d394e3a859226522fd402dd,experiment_linear_erythrocytes
1020.165748165406,0.004089917483457417,erythrocytes,SALIVA,0.8,Decision Tree Regressor,GridSearchCV,0.8920128388997014,0.44309523809523815,87.11685102993343,-0.025010820880344342,078e2a857d394e3a859226522fd402dd,experiment_linear_erythrocytes
1579.424853964967,0.003995567535819497,erythrocytes,SALIVA,0.8,Decision Tree Regressor,GridSearchCV,0.8920128388997014,0.44309523809523815,87.11685102993343,-0.025010820880344342,078e2a857d394e3a859226522fd402dd,experiment_linear_erythrocytes
1012.451829464723,0.003980102958975696,erythrocytes,SALIVA,0.8,Decision Tree Regressor,GridSearchCV,0.8920128388997014,0.44309523809523815,87.11685102993343,-0.025010820880344342,078e2a857d394e3a859226522fd402dd,experiment_linear_erythrocytes
1022.094227840577,0.0039390175693404675,erythrocytes,SALIVA,0.8,Decision Tree Regressor,GridSearchCV,0.8920128388997014,0.44309523809523815,87.11685102993343,-0.025010820880344342,078e2a857d394e3a859226522fd402dd,experiment_linear_erythrocytes
1589.067252340822,0.003932582157332341,erythrocytes,SALIVA,0.8,Decision Tree Regressor,GridSearchCV,0.8920128388997014,0.44309523809523815,87.11685102993343,-0.025010820880344342,078e2a857d394e3a859226522fd402dd,experiment_linear_erythrocytes
1024.022707515748,0.003839434484239209,erythrocytes,SALIVA,0.8,Decision Tree Regressor,GridSearchCV,0.8920128388997014,0.44309523809523815,87.11685102993343,-0.025010820880344342,078e2a857d394e3a859226522fd402dd,experiment_linear_erythrocytes
1027.87966686609,0.0038365455160519076,erythrocytes,SALIVA,0.8,Decision Tree Regressor,GridSearchCV,0.8920128388997014,0.44309523809523815,87.11685102993343,-0.025010820880344342,078e2a857d394e3a859226522fd402dd,experiment_linear_erythrocytes
1010.523349789552,0.003836452180197242,erythrocytes,SALIVA,0.8,Decision Tree Regressor,GridSearchCV,0.8920128388997014,0.44309523809523815,87.11685102993343,-0.025010820880344342,078e2a857d394e3a859226522fd402dd,experiment_linear_erythrocytes
1025.951187190919,0.0038308670510726643,erythrocytes,SALIVA,0.8,Decision Tree Regressor,GridSearchCV,0.8920128388997014,0.44309523809523815,87.11685102993343,-0.025010820880344342,078e2a857d394e3a859226522fd402dd,experiment_linear_erythrocytes
1311.366179116212,0.0038009944745332935,erythrocytes,SALIVA,0.8,Decision Tree Regressor,GridSearchCV,0.8920128388997014,0.44309523809523815,87.11685102993343,-0.025010820880344342,078e2a857d394e3a859226522fd402dd,experiment_linear_erythrocytes
1029.808146541261,0.0037903546725076708,erythrocytes,SALIVA,0.8,Decision Tree Regressor,GridSearchCV,0.8920128388997014,0.44309523809523815,87.11685102993343,-0.025010820880344342,078e2a857d394e3a859226522fd402dd,experiment_linear_erythrocytes
1313.294658791383,0.00377586148210953,erythrocytes,SALIVA,0.8,Decision Tree Regressor,GridSearchCV,0.8920128388997014,0.44309523809523815,87.11685102993343,-0.025010820880344342,078e2a857d394e3a859226522fd402dd,experiment_linear_erythrocytes
1577.496374289796,0.0037678736414260426,erythrocytes,SALIVA,0.8,Decision Tree Regressor,GridSearchCV,0.8920128388997014,0.44309523809523815,87.11685102993343,-0.025010820880344342,078e2a857d394e3a859226522fd402dd,experiment_linear_erythrocytes
2690.229146863405,0.09363177805800757,erythrocytes,SALIVA,0.8,Decision Tree Regressor,GridSearchCV,0.8629000107610547,0.4602380952380951,82.08512517887057,0.04080437681332405,078e2a857d394e3a859226522fd402dd,experiment_linear_erythrocytes
1390.433845798219,0.07503152585119789,erythrocytes,SALIVA,0.8,Decision Tree Regressor,GridSearchCV,0.8629000107610547,0.4602380952380951,82.08512517887057,0.04080437681332405,078e2a857d394e3a859226522fd402dd,experiment_linear_erythrocytes
966.1683172606208,0.06746532156368208,erythrocytes,SALIVA,0.8,Decision Tree Regressor,GridSearchCV,0.8629000107610547,0.4602380952380951,82.08512517887057,0.04080437681332405,078e2a857d394e3a859226522fd402dd,experiment_linear_erythrocytes
2701.800024914431,0.05674653215636825,erythrocytes,SALIVA,0.8,Decision Tree Regressor,GridSearchCV,0.8629000107610547,0.4602380952380951,82.08512517887057,0.04080437681332405,078e2a857d394e3a859226522fd402dd,experiment_linear_erythrocytes
3048.926366445193,0.05580075662042876,erythrocytes,SALIVA,0.8,Decision Tree Regressor,GridSearchCV,0.8629000107610547,0.4602380952380951,82.08512517887057,0.04080437681332405,078e2a857d394e3a859226522fd402dd,experiment_linear_erythrocytes
2697.943065564089,0.05422446406052962,erythrocytes,SALIVA,0.8,Decision Tree Regressor,GridSearchCV,0.8629000107610547,0.4602380952380951,82.08512517887057,0.04080437681332405,078e2a857d394e3a859226522fd402dd,experiment_linear_erythrocytes
1546.640699487062,0.05138713745271133,erythrocytes,SALIVA,0.8,Decision Tree Regressor,GridSearchCV,0.8629000107610547,0.4602380952380951,82.08512517887057,0.04080437681332405,078e2a857d394e3a859226522fd402dd,experiment_linear_erythrocytes
1716.346910902101,0.044451450189155056,erythrocytes,SALIVA,0.8,Decision Tree Regressor,GridSearchCV,0.8629000107610547,0.4602380952380951,82.08512517887057,0.04080437681332405,078e2a857d394e3a859226522fd402dd,experiment_linear_erythrocytes
2850.29295990259,0.04035308953341739,erythrocytes,SALIVA,0.8,Decision Tree Regressor,GridSearchCV,0.8629000107610547,0.4602380952380951,82.08512517887057,0.04080437681332405,078e2a857d394e3a859226522fd402dd,experiment_linear_erythrocytes
1228.441553083863,0.039722572509457696,erythrocytes,SALIVA,0.8,Decision Tree Regressor,GridSearchCV,0.8629000107610547,0.4602380952380951,82.08512517887057,0.04080437681332405,078e2a857d394e3a859226522fd402dd,experiment_linear_erythrocytes
935.3126424578863,0.038146279949558666,erythrocytes,SALIVA,0.8,Decision Tree Regressor,GridSearchCV,0.8629000107610547,0.4602380952380951,82.08512517887057,0.04080437681332405,078e2a857d394e3a859226522fd402dd,experiment_linear_erythrocytes
2559.092528951784,0.035308953341740446,erythrocytes,SALIVA,0.8,Decision Tree Regressor,GridSearchCV,0.8629000107610547,0.4602380952380951,82.08512517887057,0.04080437681332405,078e2a857d394e3a859226522fd402dd,experiment_linear_erythrocytes
3035.427008718997,0.03467843631778063,erythrocytes,SALIVA,0.8,Decision Tree Regressor,GridSearchCV,0.8629000107610547,0.4602380952380951,82.08512517887057,0.04080437681332405,078e2a857d394e3a859226522fd402dd,experiment_linear_erythrocytes
1421.289520600953,0.03373266078184116,erythrocytes,SALIVA,0.8,Decision Tree Regressor,GridSearchCV,0.8629000107610547,0.4602380952380951,82.08512517887057,0.04080437681332405,078e2a857d394e3a859226522fd402dd,experiment_linear_erythrocytes
1234.226992109376,0.027742749054224462,erythrocytes,SALIVA,0.8,Decision Tree Regressor,GridSearchCV,0.8629000107610547,0.4602380952380951,82.08512517887057,0.04080437681332405,078e2a857d394e3a859226522fd402dd,experiment_linear_erythrocytes
3050.854846120364,0.02774274905422445,erythrocytes,SALIVA,0.8,Decision Tree Regressor,GridSearchCV,0.8629000107610547,0.4602380952380951,82.08512517887057,0.04080437681332405,078e2a857d394e3a859226522fd402dd,experiment_linear_erythrocytes
2555.235569601442,0.025535939470365678,erythrocytes,SALIVA,0.8,Decision Tree Regressor,GridSearchCV,0.8629000107610547,0.4602380952380951,82.08512517887057,0.04080437681332405,078e2a857d394e3a859226522fd402dd,experiment_linear_erythrocytes
1733.703227978639,0.02459016393442626,erythrocytes,SALIVA,0.8,Decision Tree Regressor,GridSearchCV,0.8629000107610547,0.4602380952380951,82.08512517887057,0.04080437681332405,078e2a857d394e3a859226522fd402dd,experiment_linear_erythrocytes
2705.656984264772,0.022698612862547308,erythrocytes,SALIVA,0.8,Decision Tree Regressor,GridSearchCV,0.8629000107610547,0.4602380952380951,82.08512517887057,0.04080437681332405,078e2a857d394e3a859226522fd402dd,experiment_linear_erythrocytes
956.5259188847667,0.020176544766708722,erythrocytes,SALIVA,0.8,Decision Tree Regressor,GridSearchCV,0.8629000107610547,0.4602380952380951,82.08512517887057,0.04080437681332405,078e2a857d394e3a859226522fd402dd,experiment_linear_erythrocytes
1016.308788815064,0.004347039391667763,erythrocytes,SALIVA,0.8,Decision Tree Regressor,GridSearchCV,0.8920128388997014,0.44309523809523815,87.11685102993343,-0.025010820880344342,078e2a857d394e3a859226522fd402dd,experiment_linear_erythrocytes
1018.237268490235,0.004263571093067847,erythrocytes,SALIVA,0.8,Decision Tree Regressor,GridSearchCV,0.8920128388997014,0.44309523809523815,87.11685102993343,-0.025010820880344342,078e2a857d394e3a859226522fd402dd,experiment_linear_erythrocytes
1585.21029299048,0.004258888061209245,erythrocytes,SALIVA,0.8,Decision Tree Regressor,GridSearchCV,0.8920128388997014,0.44309523809523815,87.11685102993343,-0.025010820880344342,078e2a857d394e3a859226522fd402dd,experiment_linear_erythrocytes
1583.281813315309,0.004243507996547409,erythrocytes,SALIVA,0.8,Decision Tree Regressor,GridSearchCV,0.8920128388997014,0.44309523809523815,87.11685102993343,-0.025010820880344342,078e2a857d394e3a859226522fd402dd,experiment_linear_erythrocytes
1014.380309139893,0.0041996018590193295,erythrocytes,SALIVA,0.8,Decision Tree Regressor,GridSearchCV,0.8920128388997014,0.44309523809523815,87.11685102993343,-0.025010820880344342,078e2a857d394e3a859226522fd402dd,experiment_linear_erythrocytes
1587.138772665651,0.004153739009370681,erythrocytes,SALIVA,0.8,Decision Tree Regressor,GridSearchCV,0.8920128388997014,0.44309523809523815,87.11685102993343,-0.025010820880344342,078e2a857d394e3a859226522fd402dd,experiment_linear_erythrocytes
1581.353333640138,0.004151056670668356,erythrocytes,SALIVA,0.8,Decision Tree Regressor,GridSearchCV,0.8920128388997014,0.44309523809523815,87.11685102993343,-0.025010820880344342,078e2a857d394e3a859226522fd402dd,experiment_linear_erythrocytes
1020.165748165406,0.0040899174834574175,erythrocytes,SALIVA,0.8,Decision Tree Regressor,GridSearchCV,0.8920128388997014,0.44309523809523815,87.11685102993343,-0.025010820880344342,078e2a857d394e3a859226522fd402dd,experiment_linear_erythrocytes
1579.424853964967,0.003995567535819496,erythrocytes,SALIVA,0.8,Decision Tree Regressor,GridSearchCV,0.8920128388997014,0.44309523809523815,87.11685102993343,-0.025010820880344342,078e2a857d394e3a859226522fd402dd,experiment_linear_erythrocytes
1012.451829464723,0.003980102958975695,erythrocytes,SALIVA,0.8,Decision Tree Regressor,GridSearchCV,0.8920128388997014,0.44309523809523815,87.11685102993343,-0.025010820880344342,078e2a857d394e3a859226522fd402dd,experiment_linear_erythrocytes
1022.094227840577,0.0039390175693404675,erythrocytes,SALIVA,0.8,Decision Tree Regressor,GridSearchCV,0.8920128388997014,0.44309523809523815,87.11685102993343,-0.025010820880344342,078e2a857d394e3a859226522fd402dd,experiment_linear_erythrocytes
1589.067252340822,0.003932582157332341,erythrocytes,SALIVA,0.8,Decision Tree Regressor,GridSearchCV,0.8920128388997014,0.44309523809523815,87.11685102993343,-0.025010820880344342,078e2a857d394e3a859226522fd402dd,experiment_linear_erythrocytes
1024.022707515748,0.0038394344842392113,erythrocytes,SALIVA,0.8,Decision Tree Regressor,GridSearchCV,0.8920128388997014,0.44309523809523815,87.11685102993343,-0.025010820880344342,078e2a857d394e3a859226522fd402dd,experiment_linear_erythrocytes
1027.87966686609,0.003836545516051907,erythrocytes,SALIVA,0.8,Decision Tree Regressor,GridSearchCV,0.8920128388997014,0.44309523809523815,87.11685102993343,-0.025010820880344342,078e2a857d394e3a859226522fd402dd,experiment_linear_erythrocytes
1010.523349789552,0.0038364521801972423,erythrocytes,SALIVA,0.8,Decision Tree Regressor,GridSearchCV,0.8920128388997014,0.44309523809523815,87.11685102993343,-0.025010820880344342,078e2a857d394e3a859226522fd402dd,experiment_linear_erythrocytes
1025.951187190919,0.0038308670510726647,erythrocytes,SALIVA,0.8,Decision Tree Regressor,GridSearchCV,0.8920128388997014,0.44309523809523815,87.11685102993343,-0.025010820880344342,078e2a857d394e3a859226522fd402dd,experiment_linear_erythrocytes
1311.366179116212,0.0038009944745332935,erythrocytes,SALIVA,0.8,Decision Tree Regressor,GridSearchCV,0.8920128388997014,0.44309523809523815,87.11685102993343,-0.025010820880344342,078e2a857d394e3a859226522fd402dd,experiment_linear_erythrocytes
1029.808146541261,0.003790354672507671,erythrocytes,SALIVA,0.8,Decision Tree Regressor,GridSearchCV,0.8920128388997014,0.44309523809523815,87.11685102993343,-0.025010820880344342,078e2a857d394e3a859226522fd402dd,experiment_linear_erythrocytes
1313.294658791383,0.00377586148210953,erythrocytes,SALIVA,0.8,Decision Tree Regressor,GridSearchCV,0.8920128388997014,0.44309523809523815,87.11685102993343,-0.025010820880344342,078e2a857d394e3a859226522fd402dd,experiment_linear_erythrocytes
1577.496374289796,0.0037678736414260452,erythrocytes,SALIVA,0.8,Decision Tree Regressor,GridSearchCV,0.8920128388997014,0.44309523809523815,87.11685102993343,-0.025010820880344342,078e2a857d394e3a859226522fd402dd,experiment_linear_erythrocytes
2690.229146863405,0.09363177805800757,erythrocytes,SALIVA,0.8,Decision Tree Regressor,GridSearchCV,0.8629000107610547,0.4602380952380951,82.08512517887057,0.04080437681332405,078e2a857d394e3a859226522fd402dd,experiment_linear_erythrocytes
1390.433845798219,0.07503152585119789,erythrocytes,SALIVA,0.8,Decision Tree Regressor,GridSearchCV,0.8629000107610547,0.4602380952380951,82.08512517887057,0.04080437681332405,078e2a857d394e3a859226522fd402dd,experiment_linear_erythrocytes
966.1683172606208,0.06746532156368208,erythrocytes,SALIVA,0.8,Decision Tree Regressor,GridSearchCV,0.8629000107610547,0.4602380952380951,82.08512517887057,0.04080437681332405,078e2a857d394e3a859226522fd402dd,experiment_linear_erythrocytes
2701.800024914431,0.05674653215636825,erythrocytes,SALIVA,0.8,Decision Tree Regressor,GridSearchCV,0.8629000107610547,0.4602380952380951,82.08512517887057,0.04080437681332405,078e2a857d394e3a859226522fd402dd,experiment_linear_erythrocytes
3048.926366445193,0.05580075662042876,erythrocytes,SALIVA,0.8,Decision Tree Regressor,GridSearchCV,0.8629000107610547,0.4602380952380951,82.08512517887057,0.04080437681332405,078e2a857d394e3a859226522fd402dd,experiment_linear_erythrocytes
2697.943065564089,0.05422446406052962,erythrocytes,SALIVA,0.8,Decision Tree Regressor,GridSearchCV,0.8629000107610547,0.4602380952380951,82.08512517887057,0.04080437681332405,078e2a857d394e3a859226522fd402dd,experiment_linear_erythrocytes
1546.640699487062,0.05138713745271133,erythrocytes,SALIVA,0.8,Decision Tree Regressor,GridSearchCV,0.8629000107610547,0.4602380952380951,82.08512517887057,0.04080437681332405,078e2a857d394e3a859226522fd402dd,experiment_linear_erythrocytes
1716.346910902101,0.044451450189155056,erythrocytes,SALIVA,0.8,Decision Tree Regressor,GridSearchCV,0.8629000107610547,0.4602380952380951,82.08512517887057,0.04080437681332405,078e2a857d394e3a859226522fd402dd,experiment_linear_erythrocytes
2850.29295990259,0.04035308953341739,erythrocytes,SALIVA,0.8,Decision Tree Regressor,GridSearchCV,0.8629000107610547,0.4602380952380951,82.08512517887057,0.04080437681332405,078e2a857d394e3a859226522fd402dd,experiment_linear_erythrocytes
1228.441553083863,0.039722572509457696,erythrocytes,SALIVA,0.8,Decision Tree Regressor,GridSearchCV,0.8629000107610547,0.4602380952380951,82.08512517887057,0.04080437681332405,078e2a857d394e3a859226522fd402dd,experiment_linear_erythrocytes
935.3126424578863,0.038146279949558666,erythrocytes,SALIVA,0.8,Decision Tree Regressor,GridSearchCV,0.8629000107610547,0.4602380952380951,82.08512517887057,0.04080437681332405,078e2a857d394e3a859226522fd402dd,experiment_linear_erythrocytes
2559.092528951784,0.035308953341740446,erythrocytes,SALIVA,0.8,Decision Tree Regressor,GridSearchCV,0.8629000107610547,0.4602380952380951,82.08512517887057,0.04080437681332405,078e2a857d394e3a859226522fd402dd,experiment_linear_erythrocytes
3035.427008718997,0.03467843631778063,erythrocytes,SALIVA,0.8,Decision Tree Regressor,GridSearchCV,0.8629000107610547,0.4602380952380951,82.08512517887057,0.04080437681332405,078e2a857d394e3a859226522fd402dd,experiment_linear_erythrocytes
1421.289520600953,0.03373266078184116,erythrocytes,SALIVA,0.8,Decision Tree Regressor,GridSearchCV,0.8629000107610547,0.4602380952380951,82.08512517887057,0.04080437681332405,078e2a857d394e3a859226522fd402dd,experiment_linear_erythrocytes
1234.226992109376,0.027742749054224462,erythrocytes,SALIVA,0.8,Decision Tree Regressor,GridSearchCV,0.8629000107610547,0.4602380952380951,82.08512517887057,0.04080437681332405,078e2a857d394e3a859226522fd402dd,experiment_linear_erythrocytes
3050.854846120364,0.02774274905422445,erythrocytes,SALIVA,0.8,Decision Tree Regressor,GridSearchCV,0.8629000107610547,0.4602380952380951,82.08512517887057,0.04080437681332405,078e2a857d394e3a859226522fd402dd,experiment_linear_erythrocytes
2555.235569601442,0.025535939470365678,erythrocytes,SALIVA,0.8,Decision Tree Regressor,GridSearchCV,0.8629000107610547,0.4602380952380951,82.08512517887057,0.04080437681332405,078e2a857d394e3a859226522fd402dd,experiment_linear_erythrocytes
1733.703227978639,0.02459016393442626,erythrocytes,SALIVA,0.8,Decision Tree Regressor,GridSearchCV,0.8629000107610547,0.4602380952380951,82.08512517887057,0.04080437681332405,078e2a857d394e3a859226522fd402dd,experiment_linear_erythrocytes
2705.656984264772,0.022698612862547308,erythrocytes,SALIVA,0.8,Decision Tree Regressor,GridSearchCV,0.8629000107610547,0.4602380952380951,82.08512517887057,0.04080437681332405,078e2a857d394e3a859226522fd402dd,experiment_linear_erythrocytes
956.5259188847667,0.020176544766708722,erythrocytes,SALIVA,0.8,Decision Tree Regressor,GridSearchCV,0.8629000107610547,0.4602380952380951,82.08512517887057,0.04080437681332405,078e2a857d394e3a859226522fd402dd,experiment_linear_erythrocytes
2711.442423290285,0.013654733888406021,erythrocytes,SERUM,0.8,Decision Tree Regressor,GridSearchCV,0.9195441389765241,0.4409392857142855,93.5968395100938,-0.11505383744731468,078e2a857d394e3a859226522fd402dd,experiment_linear_erythrocytes
2713.370902965456,0.011127880242480459,erythrocytes,SERUM,0.8,Decision Tree Regressor,GridSearchCV,0.9195441389765241,0.4409392857142855,93.5968395100938,-0.11505383744731468,078e2a857d394e3a859226522fd402dd,experiment_linear_erythrocytes
2709.513943615114,0.009492232422733683,erythrocytes,SERUM,0.8,Decision Tree Regressor,GridSearchCV,0.9195441389765241,0.4409392857142855,93.5968395100938,-0.11505383744731468,078e2a857d394e3a859226522fd402dd,experiment_linear_erythrocytes
1386.576886447877,0.00583280722797617,erythrocytes,SERUM,0.8,Decision Tree Regressor,GridSearchCV,0.9195441389765241,0.4409392857142855,93.5968395100938,-0.11505383744731468,078e2a857d394e3a859226522fd402dd,experiment_linear_erythrocytes
2715.299382640627,0.005464572201390622,erythrocytes,SERUM,0.8,Decision Tree Regressor,GridSearchCV,0.9195441389765241,0.4409392857142855,93.5968395100938,-0.11505383744731468,078e2a857d394e3a859226522fd402dd,experiment_linear_erythrocytes
1388.505366123048,0.005388384846064001,erythrocytes,SERUM,0.8,Decision Tree Regressor,GridSearchCV,0.9195441389765241,0.4409392857142855,93.5968395100938,-0.11505383744731468,078e2a857d394e3a859226522fd402dd,experiment_linear_erythrocytes
1384.648406772706,0.00519598179411473,erythrocytes,SERUM,0.8,Decision Tree Regressor,GridSearchCV,0.9195441389765241,0.4409392857142855,93.5968395100938,-0.11505383744731468,078e2a857d394e3a859226522fd402dd,experiment_linear_erythrocytes
1390.433845798219,0.004522158648409249,erythrocytes,SERUM,0.8,Decision Tree Regressor,GridSearchCV,0.9195441389765241,0.4409392857142855,93.5968395100938,-0.11505383744731468,078e2a857d394e3a859226522fd402dd,experiment_linear_erythrocytes
1691.276675124879,0.0042571833515918575,erythrocytes,SERUM,0.8,Decision Tree Regressor,GridSearchCV,0.9195441389765241,0.4409392857142855,93.5968395100938,-0.11505383744731468,078e2a857d394e3a859226522fd402dd,experiment_linear_erythrocytes
1382.719927097535,0.0041932973882363245,erythrocytes,SERUM,0.8,Decision Tree Regressor,GridSearchCV,0.9195441389765241,0.4409392857142855,93.5968395100938,-0.11505383744731468,078e2a857d394e3a859226522fd402dd,experiment_linear_erythrocytes
1693.20515480005,0.0041767356114650305,erythrocytes,SERUM,0.8,Decision Tree Regressor,GridSearchCV,0.9195441389765241,0.4409392857142855,93.5968395100938,-0.11505383744731468,078e2a857d394e3a859226522fd402dd,experiment_linear_erythrocytes
1392.36232547339,0.003809232631799345,erythrocytes,SERUM,0.8,Decision Tree Regressor,GridSearchCV,0.9195441389765241,0.4409392857142855,93.5968395100938,-0.11505383744731468,078e2a857d394e3a859226522fd402dd,experiment_linear_erythrocytes
1695.133634475221,0.0038041123021150744,erythrocytes,SERUM,0.8,Decision Tree Regressor,GridSearchCV,0.9195441389765241,0.4409392857142855,93.5968395100938,-0.11505383744731468,078e2a857d394e3a859226522fd402dd,experiment_linear_erythrocytes
1558.211577538087,0.0036912837188790193,erythrocytes,SERUM,0.8,Decision Tree Regressor,GridSearchCV,0.9195441389765241,0.4409392857142855,93.5968395100938,-0.11505383744731468,078e2a857d394e3a859226522fd402dd,experiment_linear_erythrocytes
1689.348195449708,0.0036165397947849343,erythrocytes,SERUM,0.8,Decision Tree Regressor,GridSearchCV,0.9195441389765241,0.4409392857142855,93.5968395100938,-0.11505383744731468,078e2a857d394e3a859226522fd402dd,experiment_linear_erythrocytes
1135.87452867566,0.0035610109032298016,erythrocytes,SERUM,0.8,Decision Tree Regressor,GridSearchCV,0.9195441389765241,0.4409392857142855,93.5968395100938,-0.11505383744731468,078e2a857d394e3a859226522fd402dd,experiment_linear_erythrocytes
1556.283097862916,0.003559495320604305,erythrocytes,SERUM,0.8,Decision Tree Regressor,GridSearchCV,0.9195441389765241,0.4409392857142855,93.5968395100938,-0.11505383744731468,078e2a857d394e3a859226522fd402dd,experiment_linear_erythrocytes
1137.803008350831,0.003542353990045844,erythrocytes,SERUM,0.8,Decision Tree Regressor,GridSearchCV,0.9195441389765241,0.4409392857142855,93.5968395100938,-0.11505383744731468,078e2a857d394e3a859226522fd402dd,experiment_linear_erythrocytes
1716.346910902101,0.00354113702426587,erythrocytes,SERUM,0.8,Decision Tree Regressor,GridSearchCV,0.9195441389765241,0.4409392857142855,93.5968395100938,-0.11505383744731468,078e2a857d394e3a859226522fd402dd,experiment_linear_erythrocytes
2707.585463939944,0.0035032519040302276,erythrocytes,SERUM,0.8,Decision Tree Regressor,GridSearchCV,0.9195441389765241,0.4409392857142855,93.5968395100938,-0.11505383744731468,078e2a857d394e3a859226522fd402dd,experiment_linear_erythrocytes
2777.010732246096,0.12994071146245112,erythrocytes,SERUM,0.8,Decision Tree Regressor,GridSearchCV,0.8393263667966114,0.4262499999999999,84.27471830666332,0.0710070715223593,078e2a857d394e3a859226522fd402dd,experiment_linear_erythrocytes
2709.513943615114,0.08992094861660099,erythrocytes,SERUM,0.8,Decision Tree Regressor,GridSearchCV,0.8393263667966114,0.4262499999999999,84.27471830666332,0.0710070715223593,078e2a857d394e3a859226522fd402dd,experiment_linear_erythrocytes
1623.779886493898,0.08250988142292467,erythrocytes,SERUM,0.8,Decision Tree Regressor,GridSearchCV,0.8393263667966114,0.4262499999999999,84.27471830666332,0.0710070715223593,078e2a857d394e3a859226522fd402dd,experiment_linear_erythrocytes
1253.511788861085,0.0568181818181818,erythrocytes,SERUM,0.8,Decision Tree Regressor,GridSearchCV,0.8393263667966114,0.4262499999999999,84.27471830666332,0.0710070715223593,078e2a857d394e3a859226522fd402dd,experiment_linear_erythrocytes
1710.561471876588,0.051383399209486244,erythrocytes,SERUM,0.8,Decision Tree Regressor,GridSearchCV,0.8393263667966114,0.4262499999999999,84.27471830666332,0.0710070715223593,078e2a857d394e3a859226522fd402dd,experiment_linear_erythrocytes
1255.440268536256,0.05039525691699592,erythrocytes,SERUM,0.8,Decision Tree Regressor,GridSearchCV,0.8393263667966114,0.4262499999999999,84.27471830666332,0.0710070715223593,078e2a857d394e3a859226522fd402dd,experiment_linear_erythrocytes
1027.87966686609,0.04841897233201586,erythrocytes,SERUM,0.8,Decision Tree Regressor,GridSearchCV,0.8393263667966114,0.4262499999999999,84.27471830666332,0.0710070715223593,078e2a857d394e3a859226522fd402dd,experiment_linear_erythrocytes
2713.370902965456,0.046442687747035596,erythrocytes,SERUM,0.8,Decision Tree Regressor,GridSearchCV,0.8393263667966114,0.4262499999999999,84.27471830666332,0.0710070715223593,078e2a857d394e3a859226522fd402dd,experiment_linear_erythrocytes
1257.368748211427,0.04496047430830035,erythrocytes,SERUM,0.8,Decision Tree Regressor,GridSearchCV,0.8393263667966114,0.4262499999999999,84.27471830666332,0.0710070715223593,078e2a857d394e3a859226522fd402dd,experiment_linear_erythrocytes
1251.583309185914,0.041996047430829984,erythrocytes,SERUM,0.8,Decision Tree Regressor,GridSearchCV,0.8393263667966114,0.4262499999999999,84.27471830666332,0.0710070715223593,078e2a857d394e3a859226522fd402dd,experiment_linear_erythrocytes
2778.939211921267,0.04150197628458495,erythrocytes,SERUM,0.8,Decision Tree Regressor,GridSearchCV,0.8393263667966114,0.4262499999999999,84.27471830666332,0.0710070715223593,078e2a857d394e3a859226522fd402dd,experiment_linear_erythrocytes
1394.290805148561,0.040019762845849745,erythrocytes,SERUM,0.8,Decision Tree Regressor,GridSearchCV,0.8393263667966114,0.4262499999999999,84.27471830666332,0.0710070715223593,078e2a857d394e3a859226522fd402dd,experiment_linear_erythrocytes
1791.557618233766,0.03952569169960466,erythrocytes,SERUM,0.8,Decision Tree Regressor,GridSearchCV,0.8393263667966114,0.4262499999999999,84.27471830666332,0.0710070715223593,078e2a857d394e3a859226522fd402dd,experiment_linear_erythrocytes
2728.798740366823,0.03260869565217388,erythrocytes,SERUM,0.8,Decision Tree Regressor,GridSearchCV,0.8393263667966114,0.4262499999999999,84.27471830666332,0.0710070715223593,078e2a857d394e3a859226522fd402dd,experiment_linear_erythrocytes
1195.657398605958,0.030632411067193686,erythrocytes,SERUM,0.8,Decision Tree Regressor,GridSearchCV,0.8393263667966114,0.4262499999999999,84.27471830666332,0.0710070715223593,078e2a857d394e3a859226522fd402dd,experiment_linear_erythrocytes
2759.654415169558,0.0296442687747035,erythrocytes,SERUM,0.8,Decision Tree Regressor,GridSearchCV,0.8393263667966114,0.4262499999999999,84.27471830666332,0.0710070715223593,078e2a857d394e3a859226522fd402dd,experiment_linear_erythrocytes
1351.864252294801,0.029150197628458448,erythrocytes,SERUM,0.8,Decision Tree Regressor,GridSearchCV,0.8393263667966114,0.4262499999999999,84.27471830666332,0.0710070715223593,078e2a857d394e3a859226522fd402dd,experiment_linear_erythrocytes
1644.993162920778,0.026185770750988088,erythrocytes,SERUM,0.8,Decision Tree Regressor,GridSearchCV,0.8393263667966114,0.4262499999999999,84.27471830666332,0.0710070715223593,078e2a857d394e3a859226522fd402dd,experiment_linear_erythrocytes
1228.441553083863,0.022727272727272756,erythrocytes,SERUM,0.8,Decision Tree Regressor,GridSearchCV,0.8393263667966114,0.4262499999999999,84.27471830666332,0.0710070715223593,078e2a857d394e3a859226522fd402dd,experiment_linear_erythrocytes
1357.649691320314,0.017292490118576996,erythrocytes,SERUM,0.8,Decision Tree Regressor,GridSearchCV,0.8393263667966114,0.4262499999999999,84.27471830666332,0.0710070715223593,078e2a857d394e3a859226522fd402dd,experiment_linear_erythrocytes
2711.442423290285,0.01365473388840601,erythrocytes,SERUM,0.8,Decision Tree Regressor,GridSearchCV,0.9195441389765241,0.4409392857142855,93.5968395100938,-0.11505383744731468,078e2a857d394e3a859226522fd402dd,experiment_linear_erythrocytes
2713.370902965456,0.011127880242480449,erythrocytes,SERUM,0.8,Decision Tree Regressor,GridSearchCV,0.9195441389765241,0.4409392857142855,93.5968395100938,-0.11505383744731468,078e2a857d394e3a859226522fd402dd,experiment_linear_erythrocytes
2709.513943615114,0.009492232422733676,erythrocytes,SERUM,0.8,Decision Tree Regressor,GridSearchCV,0.9195441389765241,0.4409392857142855,93.5968395100938,-0.11505383744731468,078e2a857d394e3a859226522fd402dd,experiment_linear_erythrocytes
1386.576886447877,0.005832807227976166,erythrocytes,SERUM,0.8,Decision Tree Regressor,GridSearchCV,0.9195441389765241,0.4409392857142855,93.5968395100938,-0.11505383744731468,078e2a857d394e3a859226522fd402dd,experiment_linear_erythrocytes
2715.299382640627,0.005464572201390621,erythrocytes,SERUM,0.8,Decision Tree Regressor,GridSearchCV,0.9195441389765241,0.4409392857142855,93.5968395100938,-0.11505383744731468,078e2a857d394e3a859226522fd402dd,experiment_linear_erythrocytes
1388.505366123048,0.005388384846063997,erythrocytes,SERUM,0.8,Decision Tree Regressor,GridSearchCV,0.9195441389765241,0.4409392857142855,93.5968395100938,-0.11505383744731468,078e2a857d394e3a859226522fd402dd,experiment_linear_erythrocytes
1384.648406772706,0.005195981794114725,erythrocytes,SERUM,0.8,Decision Tree Regressor,GridSearchCV,0.9195441389765241,0.4409392857142855,93.5968395100938,-0.11505383744731468,078e2a857d394e3a859226522fd402dd,experiment_linear_erythrocytes
1390.433845798219,0.004522158648409246,erythrocytes,SERUM,0.8,Decision Tree Regressor,GridSearchCV,0.9195441389765241,0.4409392857142855,93.5968395100938,-0.11505383744731468,078e2a857d394e3a859226522fd402dd,experiment_linear_erythrocytes
1691.276675124879,0.004257183351591858,erythrocytes,SERUM,0.8,Decision Tree Regressor,GridSearchCV,0.9195441389765241,0.4409392857142855,93.5968395100938,-0.11505383744731468,078e2a857d394e3a859226522fd402dd,experiment_linear_erythrocytes
1382.719927097535,0.004193297388236323,erythrocytes,SERUM,0.8,Decision Tree Regressor,GridSearchCV,0.9195441389765241,0.4409392857142855,93.5968395100938,-0.11505383744731468,078e2a857d394e3a859226522fd402dd,experiment_linear_erythrocytes
1693.20515480005,0.00417673561146503,erythrocytes,SERUM,0.8,Decision Tree Regressor,GridSearchCV,0.9195441389765241,0.4409392857142855,93.5968395100938,-0.11505383744731468,078e2a857d394e3a859226522fd402dd,experiment_linear_erythrocytes
1392.36232547339,0.0038092326317993416,erythrocytes,SERUM,0.8,Decision Tree Regressor,GridSearchCV,0.9195441389765241,0.4409392857142855,93.5968395100938,-0.11505383744731468,078e2a857d394e3a859226522fd402dd,experiment_linear_erythrocytes
1695.133634475221,0.0038041123021150744,erythrocytes,SERUM,0.8,Decision Tree Regressor,GridSearchCV,0.9195441389765241,0.4409392857142855,93.5968395100938,-0.11505383744731468,078e2a857d394e3a859226522fd402dd,experiment_linear_erythrocytes
1558.211577538087,0.0036912837188790184,erythrocytes,SERUM,0.8,Decision Tree Regressor,GridSearchCV,0.9195441389765241,0.4409392857142855,93.5968395100938,-0.11505383744731468,078e2a857d394e3a859226522fd402dd,experiment_linear_erythrocytes
1689.348195449708,0.0036165397947849325,erythrocytes,SERUM,0.8,Decision Tree Regressor,GridSearchCV,0.9195441389765241,0.4409392857142855,93.5968395100938,-0.11505383744731468,078e2a857d394e3a859226522fd402dd,experiment_linear_erythrocytes
1135.87452867566,0.003561010903229798,erythrocytes,SERUM,0.8,Decision Tree Regressor,GridSearchCV,0.9195441389765241,0.4409392857142855,93.5968395100938,-0.11505383744731468,078e2a857d394e3a859226522fd402dd,experiment_linear_erythrocytes
1556.283097862916,0.0035594953206043055,erythrocytes,SERUM,0.8,Decision Tree Regressor,GridSearchCV,0.9195441389765241,0.4409392857142855,93.5968395100938,-0.11505383744731468,078e2a857d394e3a859226522fd402dd,experiment_linear_erythrocytes
1137.803008350831,0.0035423539900458407,erythrocytes,SERUM,0.8,Decision Tree Regressor,GridSearchCV,0.9195441389765241,0.4409392857142855,93.5968395100938,-0.11505383744731468,078e2a857d394e3a859226522fd402dd,experiment_linear_erythrocytes
1716.346910902101,0.0035411370242658677,erythrocytes,SERUM,0.8,Decision Tree Regressor,GridSearchCV,0.9195441389765241,0.4409392857142855,93.5968395100938,-0.11505383744731468,078e2a857d394e3a859226522fd402dd,experiment_linear_erythrocytes
2707.585463939944,0.0035032519040302267,erythrocytes,SERUM,0.8,Decision Tree Regressor,GridSearchCV,0.9195441389765241,0.4409392857142855,93.5968395100938,-0.11505383744731468,078e2a857d394e3a859226522fd402dd,experiment_linear_erythrocytes
2777.010732246096,0.12994071146245112,erythrocytes,SERUM,0.8,Decision Tree Regressor,GridSearchCV,0.8393263667966114,0.4262499999999999,84.27471830666332,0.0710070715223593,078e2a857d394e3a859226522fd402dd,experiment_linear_erythrocytes
2709.513943615114,0.08992094861660099,erythrocytes,SERUM,0.8,Decision Tree Regressor,GridSearchCV,0.8393263667966114,0.4262499999999999,84.27471830666332,0.0710070715223593,078e2a857d394e3a859226522fd402dd,experiment_linear_erythrocytes
1623.779886493898,0.08250988142292467,erythrocytes,SERUM,0.8,Decision Tree Regressor,GridSearchCV,0.8393263667966114,0.4262499999999999,84.27471830666332,0.0710070715223593,078e2a857d394e3a859226522fd402dd,experiment_linear_erythrocytes
1253.511788861085,0.0568181818181818,erythrocytes,SERUM,0.8,Decision Tree Regressor,GridSearchCV,0.8393263667966114,0.4262499999999999,84.27471830666332,0.0710070715223593,078e2a857d394e3a859226522fd402dd,experiment_linear_erythrocytes
1710.561471876588,0.051383399209486244,erythrocytes,SERUM,0.8,Decision Tree Regressor,GridSearchCV,0.8393263667966114,0.4262499999999999,84.27471830666332,0.0710070715223593,078e2a857d394e3a859226522fd402dd,experiment_linear_erythrocytes
1255.440268536256,0.05039525691699592,erythrocytes,SERUM,0.8,Decision Tree Regressor,GridSearchCV,0.8393263667966114,0.4262499999999999,84.27471830666332,0.0710070715223593,078e2a857d394e3a859226522fd402dd,experiment_linear_erythrocytes
1027.87966686609,0.04841897233201586,erythrocytes,SERUM,0.8,Decision Tree Regressor,GridSearchCV,0.8393263667966114,0.4262499999999999,84.27471830666332,0.0710070715223593,078e2a857d394e3a859226522fd402dd,experiment_linear_erythrocytes
2713.370902965456,0.046442687747035596,erythrocytes,SERUM,0.8,Decision Tree Regressor,GridSearchCV,0.8393263667966114,0.4262499999999999,84.27471830666332,0.0710070715223593,078e2a857d394e3a859226522fd402dd,experiment_linear_erythrocytes
1257.368748211427,0.04496047430830035,erythrocytes,SERUM,0.8,Decision Tree Regressor,GridSearchCV,0.8393263667966114,0.4262499999999999,84.27471830666332,0.0710070715223593,078e2a857d394e3a859226522fd402dd,experiment_linear_erythrocytes
1251.583309185914,0.041996047430829984,erythrocytes,SERUM,0.8,Decision Tree Regressor,GridSearchCV,0.8393263667966114,0.4262499999999999,84.27471830666332,0.0710070715223593,078e2a857d394e3a859226522fd402dd,experiment_linear_erythrocytes
2778.939211921267,0.04150197628458495,erythrocytes,SERUM,0.8,Decision Tree Regressor,GridSearchCV,0.8393263667966114,0.4262499999999999,84.27471830666332,0.0710070715223593,078e2a857d394e3a859226522fd402dd,experiment_linear_erythrocytes
1394.290805148561,0.040019762845849745,erythrocytes,SERUM,0.8,Decision Tree Regressor,GridSearchCV,0.8393263667966114,0.4262499999999999,84.27471830666332,0.0710070715223593,078e2a857d394e3a859226522fd402dd,experiment_linear_erythrocytes
1791.557618233766,0.03952569169960466,erythrocytes,SERUM,0.8,Decision Tree Regressor,GridSearchCV,0.8393263667966114,0.4262499999999999,84.27471830666332,0.0710070715223593,078e2a857d394e3a859226522fd402dd,experiment_linear_erythrocytes
2728.798740366823,0.03260869565217388,erythrocytes,SERUM,0.8,Decision Tree Regressor,GridSearchCV,0.8393263667966114,0.4262499999999999,84.27471830666332,0.0710070715223593,078e2a857d394e3a859226522fd402dd,experiment_linear_erythrocytes
1195.657398605958,0.030632411067193686,erythrocytes,SERUM,0.8,Decision Tree Regressor,GridSearchCV,0.8393263667966114,0.4262499999999999,84.27471830666332,0.0710070715223593,078e2a857d394e3a859226522fd402dd,experiment_linear_erythrocytes
2759.654415169558,0.0296442687747035,erythrocytes,SERUM,0.8,Decision Tree Regressor,GridSearchCV,0.8393263667966114,0.4262499999999999,84.27471830666332,0.0710070715223593,078e2a857d394e3a859226522fd402dd,experiment_linear_erythrocytes
1351.864252294801,0.029150197628458448,erythrocytes,SERUM,0.8,Decision Tree Regressor,GridSearchCV,0.8393263667966114,0.4262499999999999,84.27471830666332,0.0710070715223593,078e2a857d394e3a859226522fd402dd,experiment_linear_erythrocytes
1644.993162920778,0.026185770750988088,erythrocytes,SERUM,0.8,Decision Tree Regressor,GridSearchCV,0.8393263667966114,0.4262499999999999,84.27471830666332,0.0710070715223593,078e2a857d394e3a859226522fd402dd,experiment_linear_erythrocytes
1228.441553083863,0.022727272727272756,erythrocytes,SERUM,0.8,Decision Tree Regressor,GridSearchCV,0.8393263667966114,0.4262499999999999,84.27471830666332,0.0710070715223593,078e2a857d394e3a859226522fd402dd,experiment_linear_erythrocytes
1357.649691320314,0.017292490118576996,erythrocytes,SERUM,0.8,Decision Tree Regressor,GridSearchCV,0.8393263667966114,0.4262499999999999,84.27471830666332,0.0710070715223593,078e2a857d394e3a859226522fd402dd,experiment_linear_erythrocytes
1494.571748257448,0.005023039809962815,erythrocytes,URINE,0.8,Decision Tree Regressor,GridSearchCV,0.9358964250321192,0.45119757727652465,98.73862136564485,-0.02330866919111041,078e2a857d394e3a859226522fd402dd,experiment_linear_erythrocytes
1496.500227932618,0.00502126412003648,erythrocytes,URINE,0.8,Decision Tree Regressor,GridSearchCV,0.9358964250321192,0.45119757727652465,98.73862136564485,-0.02330866919111041,078e2a857d394e3a859226522fd402dd,experiment_linear_erythrocytes
1492.643268582277,0.005002615126325836,erythrocytes,URINE,0.8,Decision Tree Regressor,GridSearchCV,0.9358964250321192,0.45119757727652465,98.73862136564485,-0.02330866919111041,078e2a857d394e3a859226522fd402dd,experiment_linear_erythrocytes
1498.428707607789,0.005002232973489296,erythrocytes,URINE,0.8,Decision Tree Regressor,GridSearchCV,0.9358964250321192,0.45119757727652465,98.73862136564485,-0.02330866919111041,078e2a857d394e3a859226522fd402dd,experiment_linear_erythrocytes
1500.35718728296,0.004964540681746444,erythrocytes,URINE,0.8,Decision Tree Regressor,GridSearchCV,0.9358964250321192,0.45119757727652465,98.73862136564485,-0.02330866919111041,078e2a857d394e3a859226522fd402dd,experiment_linear_erythrocytes
1490.714788907106,0.004959348118559704,erythrocytes,URINE,0.8,Decision Tree Regressor,GridSearchCV,0.9358964250321192,0.45119757727652465,98.73862136564485,-0.02330866919111041,078e2a857d394e3a859226522fd402dd,experiment_linear_erythrocytes
1502.285666958131,0.004880722124825162,erythrocytes,URINE,0.8,Decision Tree Regressor,GridSearchCV,0.9358964250321192,0.45119757727652465,98.73862136564485,-0.02330866919111041,078e2a857d394e3a859226522fd402dd,experiment_linear_erythrocytes
1488.786309231935,0.004848161371933661,erythrocytes,URINE,0.8,Decision Tree Regressor,GridSearchCV,0.9358964250321192,0.45119757727652465,98.73862136564485,-0.02330866919111041,078e2a857d394e3a859226522fd402dd,experiment_linear_erythrocytes
1506.142626308473,0.004843792940122143,erythrocytes,URINE,0.8,Decision Tree Regressor,GridSearchCV,0.9358964250321192,0.45119757727652465,98.73862136564485,-0.02330866919111041,078e2a857d394e3a859226522fd402dd,experiment_linear_erythrocytes
1504.214146633302,0.004840514522623365,erythrocytes,URINE,0.8,Decision Tree Regressor,GridSearchCV,0.9358964250321192,0.45119757727652465,98.73862136564485,-0.02330866919111041,078e2a857d394e3a859226522fd402dd,experiment_linear_erythrocytes
1508.071105983644,0.004797974311284877,erythrocytes,URINE,0.8,Decision Tree Regressor,GridSearchCV,0.9358964250321192,0.45119757727652465,98.73862136564485,-0.02330866919111041,078e2a857d394e3a859226522fd402dd,experiment_linear_erythrocytes
1509.999585658815,0.00470061647937307,erythrocytes,URINE,0.8,Decision Tree Regressor,GridSearchCV,0.9358964250321192,0.45119757727652465,98.73862136564485,-0.02330866919111041,078e2a857d394e3a859226522fd402dd,experiment_linear_erythrocytes
1486.857829556764,0.004647709436160468,erythrocytes,URINE,0.8,Decision Tree Regressor,GridSearchCV,0.9358964250321192,0.45119757727652465,98.73862136564485,-0.02330866919111041,078e2a857d394e3a859226522fd402dd,experiment_linear_erythrocytes
1511.928065333986,0.004503568199136069,erythrocytes,URINE,0.8,Decision Tree Regressor,GridSearchCV,0.9358964250321192,0.45119757727652465,98.73862136564485,-0.02330866919111041,078e2a857d394e3a859226522fd402dd,experiment_linear_erythrocytes
1484.929349881593,0.0043434864266140615,erythrocytes,URINE,0.8,Decision Tree Regressor,GridSearchCV,0.9358964250321192,0.45119757727652465,98.73862136564485,-0.02330866919111041,078e2a857d394e3a859226522fd402dd,experiment_linear_erythrocytes
1513.856545009157,0.004164926899222161,erythrocytes,URINE,0.8,Decision Tree Regressor,GridSearchCV,0.9358964250321192,0.45119757727652465,98.73862136564485,-0.02330866919111041,078e2a857d394e3a859226522fd402dd,experiment_linear_erythrocytes
1666.206439347658,0.004105292491180058,erythrocytes,URINE,0.8,Decision Tree Regressor,GridSearchCV,0.9358964250321192,0.45119757727652465,98.73862136564485,-0.02330866919111041,078e2a857d394e3a859226522fd402dd,experiment_linear_erythrocytes
1668.134919022829,0.0040980522971972265,erythrocytes,URINE,0.8,Decision Tree Regressor,GridSearchCV,0.9358964250321192,0.45119757727652465,98.73862136564485,-0.02330866919111041,078e2a857d394e3a859226522fd402dd,experiment_linear_erythrocytes
1427.074959626466,0.004079374077503452,erythrocytes,URINE,0.8,Decision Tree Regressor,GridSearchCV,0.9358964250321192,0.45119757727652465,98.73862136564485,-0.02330866919111041,078e2a857d394e3a859226522fd402dd,experiment_linear_erythrocytes
1670.063398697999,0.004069515217361906,erythrocytes,URINE,0.8,Decision Tree Regressor,GridSearchCV,0.9358964250321192,0.45119757727652465,98.73862136564485,-0.02330866919111041,078e2a857d394e3a859226522fd402dd,experiment_linear_erythrocytes
2888.862553406008,0.11752470098803942,erythrocytes,URINE,0.8,Decision Tree Regressor,GridSearchCV,0.96978904379957,0.4871052631578949,98.84498260956998,-0.09876704024204641,078e2a857d394e3a859226522fd402dd,experiment_linear_erythrocytes
2985.286537164553,0.09256370254810135,erythrocytes,URINE,0.8,Decision Tree Regressor,GridSearchCV,0.96978904379957,0.4871052631578949,98.84498260956998,-0.09876704024204641,078e2a857d394e3a859226522fd402dd,experiment_linear_erythrocytes
1502.285666958131,0.0925637025481012,erythrocytes,URINE,0.8,Decision Tree Regressor,GridSearchCV,0.96978904379957,0.4871052631578949,98.84498260956998,-0.09876704024204641,078e2a857d394e3a859226522fd402dd,experiment_linear_erythrocytes
1700.919073500734,0.0728029121164848,erythrocytes,URINE,0.8,Decision Tree Regressor,GridSearchCV,0.96978904379957,0.4871052631578949,98.84498260956998,-0.09876704024204641,078e2a857d394e3a859226522fd402dd,experiment_linear_erythrocytes
1616.065967793214,0.05304212168486745,erythrocytes,URINE,0.8,Decision Tree Regressor,GridSearchCV,0.96978904379957,0.4871052631578949,98.84498260956998,-0.09876704024204641,078e2a857d394e3a859226522fd402dd,experiment_linear_erythrocytes
1614.137488118043,0.05252210088403546,erythrocytes,URINE,0.8,Decision Tree Regressor,GridSearchCV,0.96978904379957,0.4871052631578949,98.84498260956998,-0.09876704024204641,078e2a857d394e3a859226522fd402dd,experiment_linear_erythrocytes
1265.08266691211,0.04524180967238722,erythrocytes,URINE,0.8,Decision Tree Regressor,GridSearchCV,0.96978904379957,0.4871052631578949,98.84498260956998,-0.09876704024204641,078e2a857d394e3a859226522fd402dd,experiment_linear_erythrocytes
1066.449260369508,0.04368174726989104,erythrocytes,URINE,0.8,Decision Tree Regressor,GridSearchCV,0.96978904379957,0.4871052631578949,98.84498260956998,-0.09876704024204641,078e2a857d394e3a859226522fd402dd,experiment_linear_erythrocytes
1446.359756378175,0.04108164326573064,erythrocytes,URINE,0.8,Decision Tree Regressor,GridSearchCV,0.96978904379957,0.4871052631578949,98.84498260956998,-0.09876704024204641,078e2a857d394e3a859226522fd402dd,experiment_linear_erythrocytes
3006.499813591433,0.039521580863234575,erythrocytes,URINE,0.8,Decision Tree Regressor,GridSearchCV,0.96978904379957,0.4871052631578949,98.84498260956998,-0.09876704024204641,078e2a857d394e3a859226522fd402dd,experiment_linear_erythrocytes
3019.999171317629,0.03796151846073859,erythrocytes,URINE,0.8,Decision Tree Regressor,GridSearchCV,0.96978904379957,0.4871052631578949,98.84498260956998,-0.09876704024204641,078e2a857d394e3a859226522fd402dd,experiment_linear_erythrocytes
1060.663821343995,0.03224128965158606,erythrocytes,URINE,0.8,Decision Tree Regressor,GridSearchCV,0.96978904379957,0.4871052631578949,98.84498260956998,-0.09876704024204641,078e2a857d394e3a859226522fd402dd,experiment_linear_erythrocytes
1735.63170765381,0.030161206448257875,erythrocytes,URINE,0.8,Decision Tree Regressor,GridSearchCV,0.96978904379957,0.4871052631578949,98.84498260956998,-0.09876704024204641,078e2a857d394e3a859226522fd402dd,experiment_linear_erythrocytes
1484.929349881593,0.02912116484659395,erythrocytes,URINE,0.8,Decision Tree Regressor,GridSearchCV,0.96978904379957,0.4871052631578949,98.84498260956998,-0.09876704024204641,078e2a857d394e3a859226522fd402dd,experiment_linear_erythrocytes
2630.446276933108,0.0280811232449299,erythrocytes,URINE,0.8,Decision Tree Regressor,GridSearchCV,0.96978904379957,0.4871052631578949,98.84498260956998,-0.09876704024204641,078e2a857d394e3a859226522fd402dd,experiment_linear_erythrocytes
1290.152902689332,0.028081123244929857,erythrocytes,URINE,0.8,Decision Tree Regressor,GridSearchCV,0.96978904379957,0.4871052631578949,98.84498260956998,-0.09876704024204641,078e2a857d394e3a859226522fd402dd,experiment_linear_erythrocytes
1033.665105891602,0.026001040041601683,erythrocytes,URINE,0.8,Decision Tree Regressor,GridSearchCV,0.96978904379957,0.4871052631578949,98.84498260956998,-0.09876704024204641,078e2a857d394e3a859226522fd402dd,experiment_linear_erythrocytes
1843.62656946338,0.024960998439937706,erythrocytes,URINE,0.8,Decision Tree Regressor,GridSearchCV,0.96978904379957,0.4871052631578949,98.84498260956998,-0.09876704024204641,078e2a857d394e3a859226522fd402dd,experiment_linear_erythrocytes
1596.781171041505,0.024960998439937567,erythrocytes,URINE,0.8,Decision Tree Regressor,GridSearchCV,0.96978904379957,0.4871052631578949,98.84498260956998,-0.09876704024204641,078e2a857d394e3a859226522fd402dd,experiment_linear_erythrocytes
1321.008577492067,0.017160686427457078,erythrocytes,URINE,0.8,Decision Tree Regressor,GridSearchCV,0.96978904379957,0.4871052631578949,98.84498260956998,-0.09876704024204641,078e2a857d394e3a859226522fd402dd,experiment_linear_erythrocytes
1494.571748257448,0.005023039809962817,erythrocytes,URINE,0.8,Decision Tree Regressor,GridSearchCV,0.9358964250321192,0.45119757727652465,98.73862136564485,-0.02330866919111041,078e2a857d394e3a859226522fd402dd,experiment_linear_erythrocytes
1496.500227932618,0.005021264120036479,erythrocytes,URINE,0.8,Decision Tree Regressor,GridSearchCV,0.9358964250321192,0.45119757727652465,98.73862136564485,-0.02330866919111041,078e2a857d394e3a859226522fd402dd,experiment_linear_erythrocytes
1492.643268582277,0.005002615126325835,erythrocytes,URINE,0.8,Decision Tree Regressor,GridSearchCV,0.9358964250321192,0.45119757727652465,98.73862136564485,-0.02330866919111041,078e2a857d394e3a859226522fd402dd,experiment_linear_erythrocytes
1498.428707607789,0.005002232973489294,erythrocytes,URINE,0.8,Decision Tree Regressor,GridSearchCV,0.9358964250321192,0.45119757727652465,98.73862136564485,-0.02330866919111041,078e2a857d394e3a859226522fd402dd,experiment_linear_erythrocytes
1500.35718728296,0.004964540681746445,erythrocytes,URINE,0.8,Decision Tree Regressor,GridSearchCV,0.9358964250321192,0.45119757727652465,98.73862136564485,-0.02330866919111041,078e2a857d394e3a859226522fd402dd,experiment_linear_erythrocytes
1490.714788907106,0.004959348118559704,erythrocytes,URINE,0.8,Decision Tree Regressor,GridSearchCV,0.9358964250321192,0.45119757727652465,98.73862136564485,-0.02330866919111041,078e2a857d394e3a859226522fd402dd,experiment_linear_erythrocytes
1502.285666958131,0.004880722124825161,erythrocytes,URINE,0.8,Decision Tree Regressor,GridSearchCV,0.9358964250321192,0.45119757727652465,98.73862136564485,-0.02330866919111041,078e2a857d394e3a859226522fd402dd,experiment_linear_erythrocytes
1488.786309231935,0.00484816137193366,erythrocytes,URINE,0.8,Decision Tree Regressor,GridSearchCV,0.9358964250321192,0.45119757727652465,98.73862136564485,-0.02330866919111041,078e2a857d394e3a859226522fd402dd,experiment_linear_erythrocytes
1506.142626308473,0.004843792940122142,erythrocytes,URINE,0.8,Decision Tree Regressor,GridSearchCV,0.9358964250321192,0.45119757727652465,98.73862136564485,-0.02330866919111041,078e2a857d394e3a859226522fd402dd,experiment_linear_erythrocytes
1504.214146633302,0.004840514522623365,erythrocytes,URINE,0.8,Decision Tree Regressor,GridSearchCV,0.9358964250321192,0.45119757727652465,98.73862136564485,-0.02330866919111041,078e2a857d394e3a859226522fd402dd,experiment_linear_erythrocytes
1508.071105983644,0.004797974311284881,erythrocytes,URINE,0.8,Decision Tree Regressor,GridSearchCV,0.9358964250321192,0.45119757727652465,98.73862136564485,-0.02330866919111041,078e2a857d394e3a859226522fd402dd,experiment_linear_erythrocytes
1509.999585658815,0.004700616479373069,erythrocytes,URINE,0.8,Decision Tree Regressor,GridSearchCV,0.9358964250321192,0.45119757727652465,98.73862136564485,-0.02330866919111041,078e2a857d394e3a859226522fd402dd,experiment_linear_erythrocytes
1486.857829556764,0.004647709436160467,erythrocytes,URINE,0.8,Decision Tree Regressor,GridSearchCV,0.9358964250321192,0.45119757727652465,98.73862136564485,-0.02330866919111041,078e2a857d394e3a859226522fd402dd,experiment_linear_erythrocytes
1511.928065333986,0.004503568199136067,erythrocytes,URINE,0.8,Decision Tree Regressor,GridSearchCV,0.9358964250321192,0.45119757727652465,98.73862136564485,-0.02330866919111041,078e2a857d394e3a859226522fd402dd,experiment_linear_erythrocytes
1484.929349881593,0.004343486426614063,erythrocytes,URINE,0.8,Decision Tree Regressor,GridSearchCV,0.9358964250321192,0.45119757727652465,98.73862136564485,-0.02330866919111041,078e2a857d394e3a859226522fd402dd,experiment_linear_erythrocytes
1513.856545009157,0.004164926899222161,erythrocytes,URINE,0.8,Decision Tree Regressor,GridSearchCV,0.9358964250321192,0.45119757727652465,98.73862136564485,-0.02330866919111041,078e2a857d394e3a859226522fd402dd,experiment_linear_erythrocytes
1666.206439347658,0.004105292491180059,erythrocytes,URINE,0.8,Decision Tree Regressor,GridSearchCV,0.9358964250321192,0.45119757727652465,98.73862136564485,-0.02330866919111041,078e2a857d394e3a859226522fd402dd,experiment_linear_erythrocytes
1668.134919022829,0.0040980522971972265,erythrocytes,URINE,0.8,Decision Tree Regressor,GridSearchCV,0.9358964250321192,0.45119757727652465,98.73862136564485,-0.02330866919111041,078e2a857d394e3a859226522fd402dd,experiment_linear_erythrocytes
1427.074959626466,0.004079374077503452,erythrocytes,URINE,0.8,Decision Tree Regressor,GridSearchCV,0.9358964250321192,0.45119757727652465,98.73862136564485,-0.02330866919111041,078e2a857d394e3a859226522fd402dd,experiment_linear_erythrocytes
1670.063398697999,0.004069515217361908,erythrocytes,URINE,0.8,Decision Tree Regressor,GridSearchCV,0.9358964250321192,0.45119757727652465,98.73862136564485,-0.02330866919111041,078e2a857d394e3a859226522fd402dd,experiment_linear_erythrocytes
2888.862553406008,0.11752470098803942,erythrocytes,URINE,0.8,Decision Tree Regressor,GridSearchCV,0.96978904379957,0.4871052631578949,98.84498260956998,-0.09876704024204641,078e2a857d394e3a859226522fd402dd,experiment_linear_erythrocytes
2985.286537164553,0.09256370254810135,erythrocytes,URINE,0.8,Decision Tree Regressor,GridSearchCV,0.96978904379957,0.4871052631578949,98.84498260956998,-0.09876704024204641,078e2a857d394e3a859226522fd402dd,experiment_linear_erythrocytes
1502.285666958131,0.0925637025481012,erythrocytes,URINE,0.8,Decision Tree Regressor,GridSearchCV,0.96978904379957,0.4871052631578949,98.84498260956998,-0.09876704024204641,078e2a857d394e3a859226522fd402dd,experiment_linear_erythrocytes
1700.919073500734,0.0728029121164848,erythrocytes,URINE,0.8,Decision Tree Regressor,GridSearchCV,0.96978904379957,0.4871052631578949,98.84498260956998,-0.09876704024204641,078e2a857d394e3a859226522fd402dd,experiment_linear_erythrocytes
1616.065967793214,0.05304212168486745,erythrocytes,URINE,0.8,Decision Tree Regressor,GridSearchCV,0.96978904379957,0.4871052631578949,98.84498260956998,-0.09876704024204641,078e2a857d394e3a859226522fd402dd,experiment_linear_erythrocytes
1614.137488118043,0.05252210088403546,erythrocytes,URINE,0.8,Decision Tree Regressor,GridSearchCV,0.96978904379957,0.4871052631578949,98.84498260956998,-0.09876704024204641,078e2a857d394e3a859226522fd402dd,experiment_linear_erythrocytes
1265.08266691211,0.04524180967238722,erythrocytes,URINE,0.8,Decision Tree Regressor,GridSearchCV,0.96978904379957,0.4871052631578949,98.84498260956998,-0.09876704024204641,078e2a857d394e3a859226522fd402dd,experiment_linear_erythrocytes
1066.449260369508,0.04368174726989104,erythrocytes,URINE,0.8,Decision Tree Regressor,GridSearchCV,0.96978904379957,0.4871052631578949,98.84498260956998,-0.09876704024204641,078e2a857d394e3a859226522fd402dd,experiment_linear_erythrocytes
1446.359756378175,0.04108164326573064,erythrocytes,URINE,0.8,Decision Tree Regressor,GridSearchCV,0.96978904379957,0.4871052631578949,98.84498260956998,-0.09876704024204641,078e2a857d394e3a859226522fd402dd,experiment_linear_erythrocytes
3006.499813591433,0.039521580863234575,erythrocytes,URINE,0.8,Decision Tree Regressor,GridSearchCV,0.96978904379957,0.4871052631578949,98.84498260956998,-0.09876704024204641,078e2a857d394e3a859226522fd402dd,experiment_linear_erythrocytes
3019.999171317629,0.03796151846073859,erythrocytes,URINE,0.8,Decision Tree Regressor,GridSearchCV,0.96978904379957,0.4871052631578949,98.84498260956998,-0.09876704024204641,078e2a857d394e3a859226522fd402dd,experiment_linear_erythrocytes
1060.663821343995,0.03224128965158606,erythrocytes,URINE,0.8,Decision Tree Regressor,GridSearchCV,0.96978904379957,0.4871052631578949,98.84498260956998,-0.09876704024204641,078e2a857d394e3a859226522fd402dd,experiment_linear_erythrocytes
1735.63170765381,0.030161206448257875,erythrocytes,URINE,0.8,Decision Tree Regressor,GridSearchCV,0.96978904379957,0.4871052631578949,98.84498260956998,-0.09876704024204641,078e2a857d394e3a859226522fd402dd,experiment_linear_erythrocytes
1484.929349881593,0.02912116484659395,erythrocytes,URINE,0.8,Decision Tree Regressor,GridSearchCV,0.96978904379957,0.4871052631578949,98.84498260956998,-0.09876704024204641,078e2a857d394e3a859226522fd402dd,experiment_linear_erythrocytes
2630.446276933108,0.0280811232449299,erythrocytes,URINE,0.8,Decision Tree Regressor,GridSearchCV,0.96978904379957,0.4871052631578949,98.84498260956998,-0.09876704024204641,078e2a857d394e3a859226522fd402dd,experiment_linear_erythrocytes
1290.152902689332,0.028081123244929857,erythrocytes,URINE,0.8,Decision Tree Regressor,GridSearchCV,0.96978904379957,0.4871052631578949,98.84498260956998,-0.09876704024204641,078e2a857d394e3a859226522fd402dd,experiment_linear_erythrocytes
1033.665105891602,0.026001040041601683,erythrocytes,URINE,0.8,Decision Tree Regressor,GridSearchCV,0.96978904379957,0.4871052631578949,98.84498260956998,-0.09876704024204641,078e2a857d394e3a859226522fd402dd,experiment_linear_erythrocytes
1843.62656946338,0.024960998439937706,erythrocytes,URINE,0.8,Decision Tree Regressor,GridSearchCV,0.96978904379957,0.4871052631578949,98.84498260956998,-0.09876704024204641,078e2a857d394e3a859226522fd402dd,experiment_linear_erythrocytes
1596.781171041505,0.024960998439937567,erythrocytes,URINE,0.8,Decision Tree Regressor,GridSearchCV,0.96978904379957,0.4871052631578949,98.84498260956998,-0.09876704024204641,078e2a857d394e3a859226522fd402dd,experiment_linear_erythrocytes
1321.008577492067,0.017160686427457078,erythrocytes,URINE,0.8,Decision Tree Regressor,GridSearchCV,0.96978904379957,0.4871052631578949,98.84498260956998,-0.09876704024204641,078e2a857d394e3a859226522fd402dd,experiment_linear_erythrocytes
3048.926366445193,0.013914759545239788,erythrocytes,CAPILAR,0.8,XGBoost Regressor,GridSearchCV,0.8867823819753464,0.4110713332738632,93.29573715064787,0.04614944653216213,078e2a857d394e3a859226522fd402dd,experiment_linear_erythrocytes
1602.566610067018,0.009363786240626809,erythrocytes,CAPILAR,0.8,XGBoost Regressor,GridSearchCV,0.8867823819753464,0.4110713332738632,93.29573715064787,0.04614944653216213,078e2a857d394e3a859226522fd402dd,experiment_linear_erythrocytes
1222.656114058351,0.008651298204604762,erythrocytes,CAPILAR,0.8,XGBoost Regressor,GridSearchCV,0.8867823819753464,0.4110713332738632,93.29573715064787,0.04614944653216213,078e2a857d394e3a859226522fd402dd,experiment_linear_erythrocytes
1224.584593733522,0.008627664217338429,erythrocytes,CAPILAR,0.8,XGBoost Regressor,GridSearchCV,0.8867823819753464,0.4110713332738632,93.29573715064787,0.04614944653216213,078e2a857d394e3a859226522fd402dd,experiment_linear_erythrocytes
1220.72763438318,0.007853870430288503,erythrocytes,CAPILAR,0.8,XGBoost Regressor,GridSearchCV,0.8867823819753464,0.4110713332738632,93.29573715064787,0.04614944653216213,078e2a857d394e3a859226522fd402dd,experiment_linear_erythrocytes
1226.513073408692,0.0077859175307166744,erythrocytes,CAPILAR,0.8,XGBoost Regressor,GridSearchCV,0.8867823819753464,0.4110713332738632,93.29573715064787,0.04614944653216213,078e2a857d394e3a859226522fd402dd,experiment_linear_erythrocytes
1218.799154708009,0.006816972850237986,erythrocytes,CAPILAR,0.8,XGBoost Regressor,GridSearchCV,0.8867823819753464,0.4110713332738632,93.29573715064787,0.04614944653216213,078e2a857d394e3a859226522fd402dd,experiment_linear_erythrocytes
1228.441553083863,0.006644525177507171,erythrocytes,CAPILAR,0.8,XGBoost Regressor,GridSearchCV,0.8867823819753464,0.4110713332738632,93.29573715064787,0.04614944653216213,078e2a857d394e3a859226522fd402dd,experiment_linear_erythrocytes
3046.997886770022,0.006464051302048024,erythrocytes,CAPILAR,0.8,XGBoost Regressor,GridSearchCV,0.8867823819753464,0.4110713332738632,93.29573715064787,0.04614944653216213,078e2a857d394e3a859226522fd402dd,experiment_linear_erythrocytes
1600.638130391847,0.005926023627190592,erythrocytes,CAPILAR,0.8,XGBoost Regressor,GridSearchCV,0.8867823819753464,0.4110713332738632,93.29573715064787,0.04614944653216213,078e2a857d394e3a859226522fd402dd,experiment_linear_erythrocytes
1216.870675032838,0.00584291037429482,erythrocytes,CAPILAR,0.8,XGBoost Regressor,GridSearchCV,0.8867823819753464,0.4110713332738632,93.29573715064787,0.04614944653216213,078e2a857d394e3a859226522fd402dd,experiment_linear_erythrocytes
1230.370032759034,0.0055157568765800405,erythrocytes,CAPILAR,0.8,XGBoost Regressor,GridSearchCV,0.8867823819753464,0.4110713332738632,93.29573715064787,0.04614944653216213,078e2a857d394e3a859226522fd402dd,experiment_linear_erythrocytes
960.3828782351084,0.005484295895143445,erythrocytes,CAPILAR,0.8,XGBoost Regressor,GridSearchCV,0.8867823819753464,0.4110713332738632,93.29573715064787,0.04614944653216213,078e2a857d394e3a859226522fd402dd,experiment_linear_erythrocytes
1168.658683153565,0.0054554559272733125,erythrocytes,CAPILAR,0.8,XGBoost Regressor,GridSearchCV,0.8867823819753464,0.4110713332738632,93.29573715064787,0.04614944653216213,078e2a857d394e3a859226522fd402dd,experiment_linear_erythrocytes
962.3113579102792,0.005422461063383044,erythrocytes,CAPILAR,0.8,XGBoost Regressor,GridSearchCV,0.8867823819753464,0.4110713332738632,93.29573715064787,0.04614944653216213,078e2a857d394e3a859226522fd402dd,experiment_linear_erythrocytes
1170.587162828736,0.00536747077832486,erythrocytes,CAPILAR,0.8,XGBoost Regressor,GridSearchCV,0.8867823819753464,0.4110713332738632,93.29573715064787,0.04614944653216213,078e2a857d394e3a859226522fd402dd,experiment_linear_erythrocytes
950.7404798592538,0.005209012276951986,erythrocytes,CAPILAR,0.8,XGBoost Regressor,GridSearchCV,0.8867823819753464,0.4110713332738632,93.29573715064787,0.04614944653216213,078e2a857d394e3a859226522fd402dd,experiment_linear_erythrocytes
1166.730203478395,0.005161979417360259,erythrocytes,CAPILAR,0.8,XGBoost Regressor,GridSearchCV,0.8867823819753464,0.4110713332738632,93.29573715064787,0.04614944653216213,078e2a857d394e3a859226522fd402dd,experiment_linear_erythrocytes
948.812000184083,0.0051111468829999306,erythrocytes,CAPILAR,0.8,XGBoost Regressor,GridSearchCV,0.8867823819753464,0.4110713332738632,93.29573715064787,0.04614944653216213,078e2a857d394e3a859226522fd402dd,experiment_linear_erythrocytes
1604.495089742189,0.0051014104507729335,erythrocytes,CAPILAR,0.8,XGBoost Regressor,GridSearchCV,0.8867823819753464,0.4110713332738632,93.29573715064787,0.04614944653216213,078e2a857d394e3a859226522fd402dd,experiment_linear_erythrocytes
1754.916504405519,0.015492737293243408,erythrocytes,CAPILAR,0.8,XGBoost Regressor,GridSearchCV,0.9023635594613746,0.42444447346222713,93.19538157744478,0.012335779963904447,078e2a857d394e3a859226522fd402dd,experiment_linear_erythrocytes
1500.35718728296,0.013935476541519165,erythrocytes,CAPILAR,0.8,XGBoost Regressor,GridSearchCV,0.9023635594613746,0.42444447346222713,93.19538157744478,0.012335779963904447,078e2a857d394e3a859226522fd402dd,experiment_linear_erythrocytes
1548.569179162233,0.01307956874370575,erythrocytes,CAPILAR,0.8,XGBoost Regressor,GridSearchCV,0.9023635594613746,0.42444447346222713,93.19538157744478,0.012335779963904447,078e2a857d394e3a859226522fd402dd,experiment_linear_erythrocytes
1195.657398605958,0.012787150219082832,erythrocytes,CAPILAR,0.8,XGBoost Regressor,GridSearchCV,0.9023635594613746,0.42444447346222713,93.19538157744478,0.012335779963904447,078e2a857d394e3a859226522fd402dd,experiment_linear_erythrocytes
1265.08266691211,0.01249714009463787,erythrocytes,CAPILAR,0.8,XGBoost Regressor,GridSearchCV,0.9023635594613746,0.42444447346222713,93.19538157744478,0.012335779963904447,078e2a857d394e3a859226522fd402dd,experiment_linear_erythrocytes
1448.288236053346,0.011162949725985527,erythrocytes,CAPILAR,0.8,XGBoost Regressor,GridSearchCV,0.9023635594613746,0.42444447346222713,93.19538157744478,0.012335779963904447,078e2a857d394e3a859226522fd402dd,experiment_linear_erythrocytes
1000.880951413697,0.010858600959181786,erythrocytes,CAPILAR,0.8,XGBoost Regressor,GridSearchCV,0.9023635594613746,0.42444447346222713,93.19538157744478,0.012335779963904447,078e2a857d394e3a859226522fd402dd,experiment_linear_erythrocytes
1197.585878281129,0.010674957185983658,erythrocytes,CAPILAR,0.8,XGBoost Regressor,GridSearchCV,0.9023635594613746,0.42444447346222713,93.19538157744478,0.012335779963904447,078e2a857d394e3a859226522fd402dd,experiment_linear_erythrocytes
1467.573032805055,0.01059283223003149,erythrocytes,CAPILAR,0.8,XGBoost Regressor,GridSearchCV,0.9023635594613746,0.42444447346222713,93.19538157744478,0.012335779963904447,078e2a857d394e3a859226522fd402dd,experiment_linear_erythrocytes
1671.99187837317,0.009154264815151691,erythrocytes,CAPILAR,0.8,XGBoost Regressor,GridSearchCV,0.9023635594613746,0.42444447346222713,93.19538157744478,0.012335779963904447,078e2a857d394e3a859226522fd402dd,experiment_linear_erythrocytes
1226.513073408692,0.009067277424037457,erythrocytes,CAPILAR,0.8,XGBoost Regressor,GridSearchCV,0.9023635594613746,0.42444447346222713,93.19538157744478,0.012335779963904447,078e2a857d394e3a859226522fd402dd,experiment_linear_erythrocytes
1224.584593733522,0.009014340117573738,erythrocytes,CAPILAR,0.8,XGBoost Regressor,GridSearchCV,0.9023635594613746,0.42444447346222713,93.19538157744478,0.012335779963904447,078e2a857d394e3a859226522fd402dd,experiment_linear_erythrocytes
1006.66639043921,0.008506493642926216,erythrocytes,CAPILAR,0.8,XGBoost Regressor,GridSearchCV,0.9023635594613746,0.42444447346222713,93.19538157744478,0.012335779963904447,078e2a857d394e3a859226522fd402dd,experiment_linear_erythrocytes
1199.5143579563,0.008357644081115723,erythrocytes,CAPILAR,0.8,XGBoost Regressor,GridSearchCV,0.9023635594613746,0.42444447346222713,93.19538157744478,0.012335779963904447,078e2a857d394e3a859226522fd402dd,experiment_linear_erythrocytes
1677.777317398683,0.008151552639901638,erythrocytes,CAPILAR,0.8,XGBoost Regressor,GridSearchCV,0.9023635594613746,0.42444447346222713,93.19538157744478,0.012335779963904447,078e2a857d394e3a859226522fd402dd,experiment_linear_erythrocytes
1203.371317306642,0.008025837130844593,erythrocytes,CAPILAR,0.8,XGBoost Regressor,GridSearchCV,0.9023635594613746,0.42444447346222713,93.19538157744478,0.012335779963904447,078e2a857d394e3a859226522fd402dd,experiment_linear_erythrocytes
1737.560187328981,0.007932711392641068,erythrocytes,CAPILAR,0.8,XGBoost Regressor,GridSearchCV,0.9023635594613746,0.42444447346222713,93.19538157744478,0.012335779963904447,078e2a857d394e3a859226522fd402dd,experiment_linear_erythrocytes
1201.442837631471,0.007931121625006199,erythrocytes,CAPILAR,0.8,XGBoost Regressor,GridSearchCV,0.9023635594613746,0.42444447346222713,93.19538157744478,0.012335779963904447,078e2a857d394e3a859226522fd402dd,experiment_linear_erythrocytes
1259.297227886598,0.007739540189504623,erythrocytes,CAPILAR,0.8,XGBoost Regressor,GridSearchCV,0.9023635594613746,0.42444447346222713,93.19538157744478,0.012335779963904447,078e2a857d394e3a859226522fd402dd,experiment_linear_erythrocytes
1193.728918930787,0.007715686224400997,erythrocytes,CAPILAR,0.8,XGBoost Regressor,GridSearchCV,0.9023635594613746,0.42444447346222713,93.19538157744478,0.012335779963904447,078e2a857d394e3a859226522fd402dd,experiment_linear_erythrocytes
3048.926366445193,0.013914759545239786,erythrocytes,CAPILAR,0.8,XGBoost Regressor,GridSearchCV,0.8867823819753464,0.4110713332738632,93.29573715064787,0.04614944653216213,078e2a857d394e3a859226522fd402dd,experiment_linear_erythrocytes
1602.566610067018,0.009363786240626806,erythrocytes,CAPILAR,0.8,XGBoost Regressor,GridSearchCV,0.8867823819753464,0.4110713332738632,93.29573715064787,0.04614944653216213,078e2a857d394e3a859226522fd402dd,experiment_linear_erythrocytes
1222.656114058351,0.008651298204604762,erythrocytes,CAPILAR,0.8,XGBoost Regressor,GridSearchCV,0.8867823819753464,0.4110713332738632,93.29573715064787,0.04614944653216213,078e2a857d394e3a859226522fd402dd,experiment_linear_erythrocytes
1224.584593733522,0.008627664217338427,erythrocytes,CAPILAR,0.8,XGBoost Regressor,GridSearchCV,0.8867823819753464,0.4110713332738632,93.29573715064787,0.04614944653216213,078e2a857d394e3a859226522fd402dd,experiment_linear_erythrocytes
1220.72763438318,0.0078538704302885,erythrocytes,CAPILAR,0.8,XGBoost Regressor,GridSearchCV,0.8867823819753464,0.4110713332738632,93.29573715064787,0.04614944653216213,078e2a857d394e3a859226522fd402dd,experiment_linear_erythrocytes
1226.513073408692,0.007785917530716675,erythrocytes,CAPILAR,0.8,XGBoost Regressor,GridSearchCV,0.8867823819753464,0.4110713332738632,93.29573715064787,0.04614944653216213,078e2a857d394e3a859226522fd402dd,experiment_linear_erythrocytes
1218.799154708009,0.006816972850237985,erythrocytes,CAPILAR,0.8,XGBoost Regressor,GridSearchCV,0.8867823819753464,0.4110713332738632,93.29573715064787,0.04614944653216213,078e2a857d394e3a859226522fd402dd,experiment_linear_erythrocytes
1228.441553083863,0.0066445251775071705,erythrocytes,CAPILAR,0.8,XGBoost Regressor,GridSearchCV,0.8867823819753464,0.4110713332738632,93.29573715064787,0.04614944653216213,078e2a857d394e3a859226522fd402dd,experiment_linear_erythrocytes
3046.997886770022,0.006464051302048023,erythrocytes,CAPILAR,0.8,XGBoost Regressor,GridSearchCV,0.8867823819753464,0.4110713332738632,93.29573715064787,0.04614944653216213,078e2a857d394e3a859226522fd402dd,experiment_linear_erythrocytes
1600.638130391847,0.005926023627190591,erythrocytes,CAPILAR,0.8,XGBoost Regressor,GridSearchCV,0.8867823819753464,0.4110713332738632,93.29573715064787,0.04614944653216213,078e2a857d394e3a859226522fd402dd,experiment_linear_erythrocytes
1216.870675032838,0.005842910374294817,erythrocytes,CAPILAR,0.8,XGBoost Regressor,GridSearchCV,0.8867823819753464,0.4110713332738632,93.29573715064787,0.04614944653216213,078e2a857d394e3a859226522fd402dd,experiment_linear_erythrocytes
1230.370032759034,0.005515756876580036,erythrocytes,CAPILAR,0.8,XGBoost Regressor,GridSearchCV,0.8867823819753464,0.4110713332738632,93.29573715064787,0.04614944653216213,078e2a857d394e3a859226522fd402dd,experiment_linear_erythrocytes
960.3828782351084,0.0054842958951434465,erythrocytes,CAPILAR,0.8,XGBoost Regressor,GridSearchCV,0.8867823819753464,0.4110713332738632,93.29573715064787,0.04614944653216213,078e2a857d394e3a859226522fd402dd,experiment_linear_erythrocytes
1168.658683153565,0.005455455927273314,erythrocytes,CAPILAR,0.8,XGBoost Regressor,GridSearchCV,0.8867823819753464,0.4110713332738632,93.29573715064787,0.04614944653216213,078e2a857d394e3a859226522fd402dd,experiment_linear_erythrocytes
962.3113579102792,0.005422461063383042,erythrocytes,CAPILAR,0.8,XGBoost Regressor,GridSearchCV,0.8867823819753464,0.4110713332738632,93.29573715064787,0.04614944653216213,078e2a857d394e3a859226522fd402dd,experiment_linear_erythrocytes
1170.587162828736,0.005367470778324861,erythrocytes,CAPILAR,0.8,XGBoost Regressor,GridSearchCV,0.8867823819753464,0.4110713332738632,93.29573715064787,0.04614944653216213,078e2a857d394e3a859226522fd402dd,experiment_linear_erythrocytes
950.7404798592538,0.005209012276951982,erythrocytes,CAPILAR,0.8,XGBoost Regressor,GridSearchCV,0.8867823819753464,0.4110713332738632,93.29573715064787,0.04614944653216213,078e2a857d394e3a859226522fd402dd,experiment_linear_erythrocytes
1166.730203478395,0.005161979417360259,erythrocytes,CAPILAR,0.8,XGBoost Regressor,GridSearchCV,0.8867823819753464,0.4110713332738632,93.29573715064787,0.04614944653216213,078e2a857d394e3a859226522fd402dd,experiment_linear_erythrocytes
948.812000184083,0.005111146882999927,erythrocytes,CAPILAR,0.8,XGBoost Regressor,GridSearchCV,0.8867823819753464,0.4110713332738632,93.29573715064787,0.04614944653216213,078e2a857d394e3a859226522fd402dd,experiment_linear_erythrocytes
1604.495089742189,0.00510141045077293,erythrocytes,CAPILAR,0.8,XGBoost Regressor,GridSearchCV,0.8867823819753464,0.4110713332738632,93.29573715064787,0.04614944653216213,078e2a857d394e3a859226522fd402dd,experiment_linear_erythrocytes
1754.916504405519,0.015492737293243408,erythrocytes,CAPILAR,0.8,XGBoost Regressor,GridSearchCV,0.9023635594613746,0.42444447346222713,93.19538157744478,0.012335779963904447,078e2a857d394e3a859226522fd402dd,experiment_linear_erythrocytes
1500.35718728296,0.013935476541519165,erythrocytes,CAPILAR,0.8,XGBoost Regressor,GridSearchCV,0.9023635594613746,0.42444447346222713,93.19538157744478,0.012335779963904447,078e2a857d394e3a859226522fd402dd,experiment_linear_erythrocytes
1548.569179162233,0.01307956874370575,erythrocytes,CAPILAR,0.8,XGBoost Regressor,GridSearchCV,0.9023635594613746,0.42444447346222713,93.19538157744478,0.012335779963904447,078e2a857d394e3a859226522fd402dd,experiment_linear_erythrocytes
1195.657398605958,0.012787150219082832,erythrocytes,CAPILAR,0.8,XGBoost Regressor,GridSearchCV,0.9023635594613746,0.42444447346222713,93.19538157744478,0.012335779963904447,078e2a857d394e3a859226522fd402dd,experiment_linear_erythrocytes
1265.08266691211,0.01249714009463787,erythrocytes,CAPILAR,0.8,XGBoost Regressor,GridSearchCV,0.9023635594613746,0.42444447346222713,93.19538157744478,0.012335779963904447,078e2a857d394e3a859226522fd402dd,experiment_linear_erythrocytes
1448.288236053346,0.011162949725985527,erythrocytes,CAPILAR,0.8,XGBoost Regressor,GridSearchCV,0.9023635594613746,0.42444447346222713,93.19538157744478,0.012335779963904447,078e2a857d394e3a859226522fd402dd,experiment_linear_erythrocytes
1000.880951413697,0.010858600959181786,erythrocytes,CAPILAR,0.8,XGBoost Regressor,GridSearchCV,0.9023635594613746,0.42444447346222713,93.19538157744478,0.012335779963904447,078e2a857d394e3a859226522fd402dd,experiment_linear_erythrocytes
1197.585878281129,0.010674957185983658,erythrocytes,CAPILAR,0.8,XGBoost Regressor,GridSearchCV,0.9023635594613746,0.42444447346222713,93.19538157744478,0.012335779963904447,078e2a857d394e3a859226522fd402dd,experiment_linear_erythrocytes
1467.573032805055,0.01059283223003149,erythrocytes,CAPILAR,0.8,XGBoost Regressor,GridSearchCV,0.9023635594613746,0.42444447346222713,93.19538157744478,0.012335779963904447,078e2a857d394e3a859226522fd402dd,experiment_linear_erythrocytes
1671.99187837317,0.009154264815151691,erythrocytes,CAPILAR,0.8,XGBoost Regressor,GridSearchCV,0.9023635594613746,0.42444447346222713,93.19538157744478,0.012335779963904447,078e2a857d394e3a859226522fd402dd,experiment_linear_erythrocytes
1226.513073408692,0.009067277424037457,erythrocytes,CAPILAR,0.8,XGBoost Regressor,GridSearchCV,0.9023635594613746,0.42444447346222713,93.19538157744478,0.012335779963904447,078e2a857d394e3a859226522fd402dd,experiment_linear_erythrocytes
1224.584593733522,0.009014340117573738,erythrocytes,CAPILAR,0.8,XGBoost Regressor,GridSearchCV,0.9023635594613746,0.42444447346222713,93.19538157744478,0.012335779963904447,078e2a857d394e3a859226522fd402dd,experiment_linear_erythrocytes
1006.66639043921,0.008506493642926216,erythrocytes,CAPILAR,0.8,XGBoost Regressor,GridSearchCV,0.9023635594613746,0.42444447346222713,93.19538157744478,0.012335779963904447,078e2a857d394e3a859226522fd402dd,experiment_linear_erythrocytes
1199.5143579563,0.008357644081115723,erythrocytes,CAPILAR,0.8,XGBoost Regressor,GridSearchCV,0.9023635594613746,0.42444447346222713,93.19538157744478,0.012335779963904447,078e2a857d394e3a859226522fd402dd,experiment_linear_erythrocytes
1677.777317398683,0.008151552639901638,erythrocytes,CAPILAR,0.8,XGBoost Regressor,GridSearchCV,0.9023635594613746,0.42444447346222713,93.19538157744478,0.012335779963904447,078e2a857d394e3a859226522fd402dd,experiment_linear_erythrocytes
1203.371317306642,0.008025837130844593,erythrocytes,CAPILAR,0.8,XGBoost Regressor,GridSearchCV,0.9023635594613746,0.42444447346222713,93.19538157744478,0.012335779963904447,078e2a857d394e3a859226522fd402dd,experiment_linear_erythrocytes
1737.560187328981,0.007932711392641068,erythrocytes,CAPILAR,0.8,XGBoost Regressor,GridSearchCV,0.9023635594613746,0.42444447346222713,93.19538157744478,0.012335779963904447,078e2a857d394e3a859226522fd402dd,experiment_linear_erythrocytes
1201.442837631471,0.007931121625006199,erythrocytes,CAPILAR,0.8,XGBoost Regressor,GridSearchCV,0.9023635594613746,0.42444447346222713,93.19538157744478,0.012335779963904447,078e2a857d394e3a859226522fd402dd,experiment_linear_erythrocytes
1259.297227886598,0.007739540189504623,erythrocytes,CAPILAR,0.8,XGBoost Regressor,GridSearchCV,0.9023635594613746,0.42444447346222713,93.19538157744478,0.012335779963904447,078e2a857d394e3a859226522fd402dd,experiment_linear_erythrocytes
1193.728918930787,0.007715686224400997,erythrocytes,CAPILAR,0.8,XGBoost Regressor,GridSearchCV,0.9023635594613746,0.42444447346222713,93.19538157744478,0.012335779963904447,078e2a857d394e3a859226522fd402dd,experiment_linear_erythrocytes
1793.486097908937,0.0035986497501392586,erythrocytes,PLASMA,0.8,XGBoost Regressor,GridSearchCV,0.9281585369259828,0.4530946899595715,92.2519048746989,-0.0998027116678395,078e2a857d394e3a859226522fd402dd,experiment_linear_erythrocytes
1791.557618233766,0.0035884191137146716,erythrocytes,PLASMA,0.8,XGBoost Regressor,GridSearchCV,0.9281585369259828,0.4530946899595715,92.2519048746989,-0.0998027116678395,078e2a857d394e3a859226522fd402dd,experiment_linear_erythrocytes
1795.414577584108,0.003571634946586277,erythrocytes,PLASMA,0.8,XGBoost Regressor,GridSearchCV,0.9281585369259828,0.4530946899595715,92.2519048746989,-0.0998027116678395,078e2a857d394e3a859226522fd402dd,experiment_linear_erythrocytes
1789.629138558595,0.0035610267787750402,erythrocytes,PLASMA,0.8,XGBoost Regressor,GridSearchCV,0.9281585369259828,0.4530946899595715,92.2519048746989,-0.0998027116678395,078e2a857d394e3a859226522fd402dd,experiment_linear_erythrocytes
1797.343057259279,0.003528482005403318,erythrocytes,PLASMA,0.8,XGBoost Regressor,GridSearchCV,0.9281585369259828,0.4530946899595715,92.2519048746989,-0.0998027116678395,078e2a857d394e3a859226522fd402dd,experiment_linear_erythrocytes
1787.700658883424,0.003525269383509112,erythrocytes,PLASMA,0.8,XGBoost Regressor,GridSearchCV,0.9281585369259828,0.4530946899595715,92.2519048746989,-0.0998027116678395,078e2a857d394e3a859226522fd402dd,experiment_linear_erythrocytes
1799.27153693445,0.0035030102262078614,erythrocytes,PLASMA,0.8,XGBoost Regressor,GridSearchCV,0.9281585369259828,0.4530946899595715,92.2519048746989,-0.0998027116678395,078e2a857d394e3a859226522fd402dd,experiment_linear_erythrocytes
1785.772179208253,0.0034941039831998437,erythrocytes,PLASMA,0.8,XGBoost Regressor,GridSearchCV,0.9281585369259828,0.4530946899595715,92.2519048746989,-0.0998027116678395,078e2a857d394e3a859226522fd402dd,experiment_linear_erythrocytes
1783.843699533082,0.0034789820459763874,erythrocytes,PLASMA,0.8,XGBoost Regressor,GridSearchCV,0.9281585369259828,0.4530946899595715,92.2519048746989,-0.0998027116678395,078e2a857d394e3a859226522fd402dd,experiment_linear_erythrocytes
1801.20001660962,0.003474925821681132,erythrocytes,PLASMA,0.8,XGBoost Regressor,GridSearchCV,0.9281585369259828,0.4530946899595715,92.2519048746989,-0.0998027116678395,078e2a857d394e3a859226522fd402dd,experiment_linear_erythrocytes
1781.915219857912,0.003447891686543145,erythrocytes,PLASMA,0.8,XGBoost Regressor,GridSearchCV,0.9281585369259828,0.4530946899595715,92.2519048746989,-0.0998027116678395,078e2a857d394e3a859226522fd402dd,experiment_linear_erythrocytes
1803.128496284791,0.0034290686717531366,erythrocytes,PLASMA,0.8,XGBoost Regressor,GridSearchCV,0.9281585369259828,0.4530946899595715,92.2519048746989,-0.0998027116678395,078e2a857d394e3a859226522fd402dd,experiment_linear_erythrocytes
1779.986740182741,0.003401432316327196,erythrocytes,PLASMA,0.8,XGBoost Regressor,GridSearchCV,0.9281585369259828,0.4530946899595715,92.2519048746989,-0.0998027116678395,078e2a857d394e3a859226522fd402dd,experiment_linear_erythrocytes
1778.05826050757,0.003385022718826729,erythrocytes,PLASMA,0.8,XGBoost Regressor,GridSearchCV,0.9281585369259828,0.4530946899595715,92.2519048746989,-0.0998027116678395,078e2a857d394e3a859226522fd402dd,experiment_linear_erythrocytes
1805.056975959963,0.003384973257554376,erythrocytes,PLASMA,0.8,XGBoost Regressor,GridSearchCV,0.9281585369259828,0.4530946899595715,92.2519048746989,-0.0998027116678395,078e2a857d394e3a859226522fd402dd,experiment_linear_erythrocytes
1776.129780832399,0.003367263663173335,erythrocytes,PLASMA,0.8,XGBoost Regressor,GridSearchCV,0.9281585369259828,0.4530946899595715,92.2519048746989,-0.0998027116678395,078e2a857d394e3a859226522fd402dd,experiment_linear_erythrocytes
1806.985455635133,0.0033547551941954874,erythrocytes,PLASMA,0.8,XGBoost Regressor,GridSearchCV,0.9281585369259828,0.4530946899595715,92.2519048746989,-0.0998027116678395,078e2a857d394e3a859226522fd402dd,experiment_linear_erythrocytes
1808.913935310304,0.003336383554700037,erythrocytes,PLASMA,0.8,XGBoost Regressor,GridSearchCV,0.9281585369259828,0.4530946899595715,92.2519048746989,-0.0998027116678395,078e2a857d394e3a859226522fd402dd,experiment_linear_erythrocytes
2738.441138742678,0.0033342876603022595,erythrocytes,PLASMA,0.8,XGBoost Regressor,GridSearchCV,0.9281585369259828,0.4530946899595715,92.2519048746989,-0.0998027116678395,078e2a857d394e3a859226522fd402dd,experiment_linear_erythrocytes
1774.201301157228,0.003305340047604722,erythrocytes,PLASMA,0.8,XGBoost Regressor,GridSearchCV,0.9281585369259828,0.4530946899595715,92.2519048746989,-0.0998027116678395,078e2a857d394e3a859226522fd402dd,experiment_linear_erythrocytes
1679.705797073854,0.023780841380357742,erythrocytes,PLASMA,0.8,XGBoost Regressor,GridSearchCV,0.9034340142242354,0.45406810351780486,89.85284069981337,-0.041989480302421445,078e2a857d394e3a859226522fd402dd,experiment_linear_erythrocytes
943.0265611585701,0.023208970203995705,erythrocytes,PLASMA,0.8,XGBoost Regressor,GridSearchCV,0.9034340142242354,0.45406810351780486,89.85284069981337,-0.041989480302421445,078e2a857d394e3a859226522fd402dd,experiment_linear_erythrocytes
1837.841130437868,0.02117088809609413,erythrocytes,PLASMA,0.8,XGBoost Regressor,GridSearchCV,0.9034340142242354,0.45406810351780486,89.85284069981337,-0.041989480302421445,078e2a857d394e3a859226522fd402dd,experiment_linear_erythrocytes
1562.068536888429,0.01850995421409607,erythrocytes,PLASMA,0.8,XGBoost Regressor,GridSearchCV,0.9034340142242354,0.45406810351780486,89.85284069981337,-0.041989480302421445,078e2a857d394e3a859226522fd402dd,experiment_linear_erythrocytes
1255.440268536256,0.017926352098584175,erythrocytes,PLASMA,0.8,XGBoost Regressor,GridSearchCV,0.9034340142242354,0.45406810351780486,89.85284069981337,-0.041989480302421445,078e2a857d394e3a859226522fd402dd,experiment_linear_erythrocytes
2753.868976144045,0.017504146322607994,erythrocytes,PLASMA,0.8,XGBoost Regressor,GridSearchCV,0.9034340142242354,0.45406810351780486,89.85284069981337,-0.041989480302421445,078e2a857d394e3a859226522fd402dd,experiment_linear_erythrocytes
1132.017569325318,0.0165452491492033,erythrocytes,PLASMA,0.8,XGBoost Regressor,GridSearchCV,0.9034340142242354,0.45406810351780486,89.85284069981337,-0.041989480302421445,078e2a857d394e3a859226522fd402dd,experiment_linear_erythrocytes
1806.985455635133,0.01629556715488434,erythrocytes,PLASMA,0.8,XGBoost Regressor,GridSearchCV,0.9034340142242354,0.45406810351780486,89.85284069981337,-0.041989480302421445,078e2a857d394e3a859226522fd402dd,experiment_linear_erythrocytes
2852.221439577761,0.014966554939746857,erythrocytes,PLASMA,0.8,XGBoost Regressor,GridSearchCV,0.9034340142242354,0.45406810351780486,89.85284069981337,-0.041989480302421445,078e2a857d394e3a859226522fd402dd,experiment_linear_erythrocytes
1139.731488026002,0.014740310609340668,erythrocytes,PLASMA,0.8,XGBoost Regressor,GridSearchCV,0.9034340142242354,0.45406810351780486,89.85284069981337,-0.041989480302421445,078e2a857d394e3a859226522fd402dd,experiment_linear_erythrocytes
2588.019724079348,0.01450077723711729,erythrocytes,PLASMA,0.8,XGBoost Regressor,GridSearchCV,0.9034340142242354,0.45406810351780486,89.85284069981337,-0.041989480302421445,078e2a857d394e3a859226522fd402dd,experiment_linear_erythrocytes
997.0239920633553,0.01404703501611948,erythrocytes,PLASMA,0.8,XGBoost Regressor,GridSearchCV,0.9034340142242354,0.45406810351780486,89.85284069981337,-0.041989480302421445,078e2a857d394e3a859226522fd402dd,experiment_linear_erythrocytes
1087.662536796388,0.014026147313416004,erythrocytes,PLASMA,0.8,XGBoost Regressor,GridSearchCV,0.9034340142242354,0.45406810351780486,89.85284069981337,-0.041989480302421445,078e2a857d394e3a859226522fd402dd,experiment_linear_erythrocytes
1137.803008350831,0.01183436717838049,erythrocytes,PLASMA,0.8,XGBoost Regressor,GridSearchCV,0.9034340142242354,0.45406810351780486,89.85284069981337,-0.041989480302421445,078e2a857d394e3a859226522fd402dd,experiment_linear_erythrocytes
1249.654829510743,0.011831392534077168,erythrocytes,PLASMA,0.8,XGBoost Regressor,GridSearchCV,0.9034340142242354,0.45406810351780486,89.85284069981337,-0.041989480302421445,078e2a857d394e3a859226522fd402dd,experiment_linear_erythrocytes
2669.015870436525,0.01155453734099865,erythrocytes,PLASMA,0.8,XGBoost Regressor,GridSearchCV,0.9034340142242354,0.45406810351780486,89.85284069981337,-0.041989480302421445,078e2a857d394e3a859226522fd402dd,experiment_linear_erythrocytes
2761.582894844729,0.011410451494157314,erythrocytes,PLASMA,0.8,XGBoost Regressor,GridSearchCV,0.9034340142242354,0.45406810351780486,89.85284069981337,-0.041989480302421445,078e2a857d394e3a859226522fd402dd,experiment_linear_erythrocytes
1263.15418723694,0.010886752977967262,erythrocytes,PLASMA,0.8,XGBoost Regressor,GridSearchCV,0.9034340142242354,0.45406810351780486,89.85284069981337,-0.041989480302421445,078e2a857d394e3a859226522fd402dd,experiment_linear_erythrocytes
1222.656114058351,0.01071157306432724,erythrocytes,PLASMA,0.8,XGBoost Regressor,GridSearchCV,0.9034340142242354,0.45406810351780486,89.85284069981337,-0.041989480302421445,078e2a857d394e3a859226522fd402dd,experiment_linear_erythrocytes
3010.356772941775,0.010525931604206562,erythrocytes,PLASMA,0.8,XGBoost Regressor,GridSearchCV,0.9034340142242354,0.45406810351780486,89.85284069981337,-0.041989480302421445,078e2a857d394e3a859226522fd402dd,experiment_linear_erythrocytes
1793.486097908937,0.0035986497501392586,erythrocytes,PLASMA,0.8,XGBoost Regressor,GridSearchCV,0.9281585369259828,0.4530946899595715,92.2519048746989,-0.0998027116678395,078e2a857d394e3a859226522fd402dd,experiment_linear_erythrocytes
1791.557618233766,0.003588419113714672,erythrocytes,PLASMA,0.8,XGBoost Regressor,GridSearchCV,0.9281585369259828,0.4530946899595715,92.2519048746989,-0.0998027116678395,078e2a857d394e3a859226522fd402dd,experiment_linear_erythrocytes
1795.414577584108,0.003571634946586276,erythrocytes,PLASMA,0.8,XGBoost Regressor,GridSearchCV,0.9281585369259828,0.4530946899595715,92.2519048746989,-0.0998027116678395,078e2a857d394e3a859226522fd402dd,experiment_linear_erythrocytes
1789.629138558595,0.00356102677877504,erythrocytes,PLASMA,0.8,XGBoost Regressor,GridSearchCV,0.9281585369259828,0.4530946899595715,92.2519048746989,-0.0998027116678395,078e2a857d394e3a859226522fd402dd,experiment_linear_erythrocytes
1797.343057259279,0.003528482005403317,erythrocytes,PLASMA,0.8,XGBoost Regressor,GridSearchCV,0.9281585369259828,0.4530946899595715,92.2519048746989,-0.0998027116678395,078e2a857d394e3a859226522fd402dd,experiment_linear_erythrocytes
1787.700658883424,0.003525269383509112,erythrocytes,PLASMA,0.8,XGBoost Regressor,GridSearchCV,0.9281585369259828,0.4530946899595715,92.2519048746989,-0.0998027116678395,078e2a857d394e3a859226522fd402dd,experiment_linear_erythrocytes
1799.27153693445,0.0035030102262078614,erythrocytes,PLASMA,0.8,XGBoost Regressor,GridSearchCV,0.9281585369259828,0.4530946899595715,92.2519048746989,-0.0998027116678395,078e2a857d394e3a859226522fd402dd,experiment_linear_erythrocytes
1785.772179208253,0.0034941039831998437,erythrocytes,PLASMA,0.8,XGBoost Regressor,GridSearchCV,0.9281585369259828,0.4530946899595715,92.2519048746989,-0.0998027116678395,078e2a857d394e3a859226522fd402dd,experiment_linear_erythrocytes
1783.843699533082,0.003478982045976387,erythrocytes,PLASMA,0.8,XGBoost Regressor,GridSearchCV,0.9281585369259828,0.4530946899595715,92.2519048746989,-0.0998027116678395,078e2a857d394e3a859226522fd402dd,experiment_linear_erythrocytes
1801.20001660962,0.003474925821681132,erythrocytes,PLASMA,0.8,XGBoost Regressor,GridSearchCV,0.9281585369259828,0.4530946899595715,92.2519048746989,-0.0998027116678395,078e2a857d394e3a859226522fd402dd,experiment_linear_erythrocytes
1781.915219857912,0.003447891686543145,erythrocytes,PLASMA,0.8,XGBoost Regressor,GridSearchCV,0.9281585369259828,0.4530946899595715,92.2519048746989,-0.0998027116678395,078e2a857d394e3a859226522fd402dd,experiment_linear_erythrocytes
1803.128496284791,0.003429068671753136,erythrocytes,PLASMA,0.8,XGBoost Regressor,GridSearchCV,0.9281585369259828,0.4530946899595715,92.2519048746989,-0.0998027116678395,078e2a857d394e3a859226522fd402dd,experiment_linear_erythrocytes
1779.986740182741,0.003401432316327196,erythrocytes,PLASMA,0.8,XGBoost Regressor,GridSearchCV,0.9281585369259828,0.4530946899595715,92.2519048746989,-0.0998027116678395,078e2a857d394e3a859226522fd402dd,experiment_linear_erythrocytes
1778.05826050757,0.0033850227188267305,erythrocytes,PLASMA,0.8,XGBoost Regressor,GridSearchCV,0.9281585369259828,0.4530946899595715,92.2519048746989,-0.0998027116678395,078e2a857d394e3a859226522fd402dd,experiment_linear_erythrocytes
1805.056975959963,0.0033849732575543757,erythrocytes,PLASMA,0.8,XGBoost Regressor,GridSearchCV,0.9281585369259828,0.4530946899595715,92.2519048746989,-0.0998027116678395,078e2a857d394e3a859226522fd402dd,experiment_linear_erythrocytes
1776.129780832399,0.003367263663173335,erythrocytes,PLASMA,0.8,XGBoost Regressor,GridSearchCV,0.9281585369259828,0.4530946899595715,92.2519048746989,-0.0998027116678395,078e2a857d394e3a859226522fd402dd,experiment_linear_erythrocytes
1806.985455635133,0.003354755194195487,erythrocytes,PLASMA,0.8,XGBoost Regressor,GridSearchCV,0.9281585369259828,0.4530946899595715,92.2519048746989,-0.0998027116678395,078e2a857d394e3a859226522fd402dd,experiment_linear_erythrocytes
1808.913935310304,0.0033363835547000377,erythrocytes,PLASMA,0.8,XGBoost Regressor,GridSearchCV,0.9281585369259828,0.4530946899595715,92.2519048746989,-0.0998027116678395,078e2a857d394e3a859226522fd402dd,experiment_linear_erythrocytes
2738.441138742678,0.0033342876603022604,erythrocytes,PLASMA,0.8,XGBoost Regressor,GridSearchCV,0.9281585369259828,0.4530946899595715,92.2519048746989,-0.0998027116678395,078e2a857d394e3a859226522fd402dd,experiment_linear_erythrocytes
1774.201301157228,0.0033053400476047217,erythrocytes,PLASMA,0.8,XGBoost Regressor,GridSearchCV,0.9281585369259828,0.4530946899595715,92.2519048746989,-0.0998027116678395,078e2a857d394e3a859226522fd402dd,experiment_linear_erythrocytes
1679.705797073854,0.023780841380357742,erythrocytes,PLASMA,0.8,XGBoost Regressor,GridSearchCV,0.9034340142242354,0.45406810351780486,89.85284069981337,-0.041989480302421445,078e2a857d394e3a859226522fd402dd,experiment_linear_erythrocytes
943.0265611585701,0.023208970203995705,erythrocytes,PLASMA,0.8,XGBoost Regressor,GridSearchCV,0.9034340142242354,0.45406810351780486,89.85284069981337,-0.041989480302421445,078e2a857d394e3a859226522fd402dd,experiment_linear_erythrocytes
1837.841130437868,0.02117088809609413,erythrocytes,PLASMA,0.8,XGBoost Regressor,GridSearchCV,0.9034340142242354,0.45406810351780486,89.85284069981337,-0.041989480302421445,078e2a857d394e3a859226522fd402dd,experiment_linear_erythrocytes
1562.068536888429,0.01850995421409607,erythrocytes,PLASMA,0.8,XGBoost Regressor,GridSearchCV,0.9034340142242354,0.45406810351780486,89.85284069981337,-0.041989480302421445,078e2a857d394e3a859226522fd402dd,experiment_linear_erythrocytes
1255.440268536256,0.017926352098584175,erythrocytes,PLASMA,0.8,XGBoost Regressor,GridSearchCV,0.9034340142242354,0.45406810351780486,89.85284069981337,-0.041989480302421445,078e2a857d394e3a859226522fd402dd,experiment_linear_erythrocytes
2753.868976144045,0.017504146322607994,erythrocytes,PLASMA,0.8,XGBoost Regressor,GridSearchCV,0.9034340142242354,0.45406810351780486,89.85284069981337,-0.041989480302421445,078e2a857d394e3a859226522fd402dd,experiment_linear_erythrocytes
1132.017569325318,0.0165452491492033,erythrocytes,PLASMA,0.8,XGBoost Regressor,GridSearchCV,0.9034340142242354,0.45406810351780486,89.85284069981337,-0.041989480302421445,078e2a857d394e3a859226522fd402dd,experiment_linear_erythrocytes
1806.985455635133,0.01629556715488434,erythrocytes,PLASMA,0.8,XGBoost Regressor,GridSearchCV,0.9034340142242354,0.45406810351780486,89.85284069981337,-0.041989480302421445,078e2a857d394e3a859226522fd402dd,experiment_linear_erythrocytes
2852.221439577761,0.014966554939746857,erythrocytes,PLASMA,0.8,XGBoost Regressor,GridSearchCV,0.9034340142242354,0.45406810351780486,89.85284069981337,-0.041989480302421445,078e2a857d394e3a859226522fd402dd,experiment_linear_erythrocytes
1139.731488026002,0.014740310609340668,erythrocytes,PLASMA,0.8,XGBoost Regressor,GridSearchCV,0.9034340142242354,0.45406810351780486,89.85284069981337,-0.041989480302421445,078e2a857d394e3a859226522fd402dd,experiment_linear_erythrocytes
2588.019724079348,0.01450077723711729,erythrocytes,PLASMA,0.8,XGBoost Regressor,GridSearchCV,0.9034340142242354,0.45406810351780486,89.85284069981337,-0.041989480302421445,078e2a857d394e3a859226522fd402dd,experiment_linear_erythrocytes
997.0239920633553,0.01404703501611948,erythrocytes,PLASMA,0.8,XGBoost Regressor,GridSearchCV,0.9034340142242354,0.45406810351780486,89.85284069981337,-0.041989480302421445,078e2a857d394e3a859226522fd402dd,experiment_linear_erythrocytes
1087.662536796388,0.014026147313416004,erythrocytes,PLASMA,0.8,XGBoost Regressor,GridSearchCV,0.9034340142242354,0.45406810351780486,89.85284069981337,-0.041989480302421445,078e2a857d394e3a859226522fd402dd,experiment_linear_erythrocytes
1137.803008350831,0.01183436717838049,erythrocytes,PLASMA,0.8,XGBoost Regressor,GridSearchCV,0.9034340142242354,0.45406810351780486,89.85284069981337,-0.041989480302421445,078e2a857d394e3a859226522fd402dd,experiment_linear_erythrocytes
1249.654829510743,0.011831392534077168,erythrocytes,PLASMA,0.8,XGBoost Regressor,GridSearchCV,0.9034340142242354,0.45406810351780486,89.85284069981337,-0.041989480302421445,078e2a857d394e3a859226522fd402dd,experiment_linear_erythrocytes
2669.015870436525,0.01155453734099865,erythrocytes,PLASMA,0.8,XGBoost Regressor,GridSearchCV,0.9034340142242354,0.45406810351780486,89.85284069981337,-0.041989480302421445,078e2a857d394e3a859226522fd402dd,experiment_linear_erythrocytes
2761.582894844729,0.011410451494157314,erythrocytes,PLASMA,0.8,XGBoost Regressor,GridSearchCV,0.9034340142242354,0.45406810351780486,89.85284069981337,-0.041989480302421445,078e2a857d394e3a859226522fd402dd,experiment_linear_erythrocytes
1263.15418723694,0.010886752977967262,erythrocytes,PLASMA,0.8,XGBoost Regressor,GridSearchCV,0.9034340142242354,0.45406810351780486,89.85284069981337,-0.041989480302421445,078e2a857d394e3a859226522fd402dd,experiment_linear_erythrocytes
1222.656114058351,0.01071157306432724,erythrocytes,PLASMA,0.8,XGBoost Regressor,GridSearchCV,0.9034340142242354,0.45406810351780486,89.85284069981337,-0.041989480302421445,078e2a857d394e3a859226522fd402dd,experiment_linear_erythrocytes
3010.356772941775,0.010525931604206562,erythrocytes,PLASMA,0.8,XGBoost Regressor,GridSearchCV,0.9034340142242354,0.45406810351780486,89.85284069981337,-0.041989480302421445,078e2a857d394e3a859226522fd402dd,experiment_linear_erythrocytes
1585.21029299048,0.004830271384676525,erythrocytes,SALIVA,0.8,XGBoost Regressor,GridSearchCV,0.921659175343852,0.41293591908046184,93.22552546514402,-0.09427616947048856,078e2a857d394e3a859226522fd402dd,experiment_linear_erythrocytes
1583.281813315309,0.004816618758971552,erythrocytes,SALIVA,0.8,XGBoost Regressor,GridSearchCV,0.921659175343852,0.41293591908046184,93.22552546514402,-0.09427616947048856,078e2a857d394e3a859226522fd402dd,experiment_linear_erythrocytes
1581.353333640138,0.0047249329723256205,erythrocytes,SALIVA,0.8,XGBoost Regressor,GridSearchCV,0.921659175343852,0.41293591908046184,93.22552546514402,-0.09427616947048856,078e2a857d394e3a859226522fd402dd,experiment_linear_erythrocytes
1587.138772665651,0.0046983269061090325,erythrocytes,SALIVA,0.8,XGBoost Regressor,GridSearchCV,0.921659175343852,0.41293591908046184,93.22552546514402,-0.09427616947048856,078e2a857d394e3a859226522fd402dd,experiment_linear_erythrocytes
1579.424853964967,0.004567681121953855,erythrocytes,SALIVA,0.8,XGBoost Regressor,GridSearchCV,0.921659175343852,0.41293591908046184,93.22552546514402,-0.09427616947048856,078e2a857d394e3a859226522fd402dd,experiment_linear_erythrocytes
1589.067252340822,0.004441952737110024,erythrocytes,SALIVA,0.8,XGBoost Regressor,GridSearchCV,0.921659175343852,0.41293591908046184,93.22552546514402,-0.09427616947048856,078e2a857d394e3a859226522fd402dd,experiment_linear_erythrocytes
1577.496374289796,0.004316712003179935,erythrocytes,SALIVA,0.8,XGBoost Regressor,GridSearchCV,0.921659175343852,0.41293591908046184,93.22552546514402,-0.09427616947048856,078e2a857d394e3a859226522fd402dd,experiment_linear_erythrocytes
1590.995732015992,0.004067581535856966,erythrocytes,SALIVA,0.8,XGBoost Regressor,GridSearchCV,0.921659175343852,0.41293591908046184,93.22552546514402,-0.09427616947048856,078e2a857d394e3a859226522fd402dd,experiment_linear_erythrocytes
1575.567894614625,0.004008810480350457,erythrocytes,SALIVA,0.8,XGBoost Regressor,GridSearchCV,0.921659175343852,0.41293591908046184,93.22552546514402,-0.09427616947048856,078e2a857d394e3a859226522fd402dd,experiment_linear_erythrocytes
1016.308788815064,0.003784029264149553,erythrocytes,SALIVA,0.8,XGBoost Regressor,GridSearchCV,0.921659175343852,0.41293591908046184,93.22552546514402,-0.09427616947048856,078e2a857d394e3a859226522fd402dd,experiment_linear_erythrocytes
1018.237268490235,0.0036933627462475208,erythrocytes,SALIVA,0.8,XGBoost Regressor,GridSearchCV,0.921659175343852,0.41293591908046184,93.22552546514402,-0.09427616947048856,078e2a857d394e3a859226522fd402dd,experiment_linear_erythrocytes
1573.639414939454,0.0036650968639644495,erythrocytes,SALIVA,0.8,XGBoost Regressor,GridSearchCV,0.921659175343852,0.41293591908046184,93.22552546514402,-0.09427616947048856,078e2a857d394e3a859226522fd402dd,experiment_linear_erythrocytes
1037.522065241944,0.0035876767662693537,erythrocytes,SALIVA,0.8,XGBoost Regressor,GridSearchCV,0.921659175343852,0.41293591908046184,93.22552546514402,-0.09427616947048856,078e2a857d394e3a859226522fd402dd,experiment_linear_erythrocytes
1035.593585566773,0.0035690390928117587,erythrocytes,SALIVA,0.8,XGBoost Regressor,GridSearchCV,0.921659175343852,0.41293591908046184,93.22552546514402,-0.09427616947048856,078e2a857d394e3a859226522fd402dd,experiment_linear_erythrocytes
1592.924211691163,0.003564214607862416,erythrocytes,SALIVA,0.8,XGBoost Regressor,GridSearchCV,0.921659175343852,0.41293591908046184,93.22552546514402,-0.09427616947048856,078e2a857d394e3a859226522fd402dd,experiment_linear_erythrocytes
1473.358471830568,0.0035437102156686555,erythrocytes,SALIVA,0.8,XGBoost Regressor,GridSearchCV,0.921659175343852,0.41293591908046184,93.22552546514402,-0.09427616947048856,078e2a857d394e3a859226522fd402dd,experiment_linear_erythrocytes
1039.450544917115,0.003538911380355934,erythrocytes,SALIVA,0.8,XGBoost Regressor,GridSearchCV,0.921659175343852,0.41293591908046184,93.22552546514402,-0.09427616947048856,078e2a857d394e3a859226522fd402dd,experiment_linear_erythrocytes
1471.429992155397,0.003531791442074112,erythrocytes,SALIVA,0.8,XGBoost Regressor,GridSearchCV,0.921659175343852,0.41293591908046184,93.22552546514402,-0.09427616947048856,078e2a857d394e3a859226522fd402dd,experiment_linear_erythrocytes
1014.380309139893,0.0035283723457734794,erythrocytes,SALIVA,0.8,XGBoost Regressor,GridSearchCV,0.921659175343852,0.41293591908046184,93.22552546514402,-0.09427616947048856,078e2a857d394e3a859226522fd402dd,experiment_linear_erythrocytes
1027.87966686609,0.0035282848873015946,erythrocytes,SALIVA,0.8,XGBoost Regressor,GridSearchCV,0.921659175343852,0.41293591908046184,93.22552546514402,-0.09427616947048856,078e2a857d394e3a859226522fd402dd,experiment_linear_erythrocytes
2759.654415169558,0.01674424298107624,erythrocytes,SALIVA,0.8,XGBoost Regressor,GridSearchCV,0.8933077527631819,0.43452937444051104,90.06157319540465,-0.02798894870480284,078e2a857d394e3a859226522fd402dd,experiment_linear_erythrocytes
1321.008577492067,0.01621648669242859,erythrocytes,SALIVA,0.8,XGBoost Regressor,GridSearchCV,0.8933077527631819,0.43452937444051104,90.06157319540465,-0.02798894870480284,078e2a857d394e3a859226522fd402dd,experiment_linear_erythrocytes
2923.575187559084,0.015019197016954422,erythrocytes,SALIVA,0.8,XGBoost Regressor,GridSearchCV,0.8933077527631819,0.43452937444051104,90.06157319540465,-0.02798894870480284,078e2a857d394e3a859226522fd402dd,experiment_linear_erythrocytes
1022.094227840577,0.014536176808178425,erythrocytes,SALIVA,0.8,XGBoost Regressor,GridSearchCV,0.8933077527631819,0.43452937444051104,90.06157319540465,-0.02798894870480284,078e2a857d394e3a859226522fd402dd,experiment_linear_erythrocytes
1282.438983988648,0.01419607549905777,erythrocytes,SALIVA,0.8,XGBoost Regressor,GridSearchCV,0.8933077527631819,0.43452937444051104,90.06157319540465,-0.02798894870480284,078e2a857d394e3a859226522fd402dd,experiment_linear_erythrocytes
1016.308788815064,0.013956607319414616,erythrocytes,SALIVA,0.8,XGBoost Regressor,GridSearchCV,0.8933077527631819,0.43452937444051104,90.06157319540465,-0.02798894870480284,078e2a857d394e3a859226522fd402dd,experiment_linear_erythrocytes
962.3113579102792,0.013801533728837967,erythrocytes,SALIVA,0.8,XGBoost Regressor,GridSearchCV,0.8933077527631819,0.43452937444051104,90.06157319540465,-0.02798894870480284,078e2a857d394e3a859226522fd402dd,experiment_linear_erythrocytes
1521.57046370984,0.013683096505701542,erythrocytes,SALIVA,0.8,XGBoost Regressor,GridSearchCV,0.8933077527631819,0.43452937444051104,90.06157319540465,-0.02798894870480284,078e2a857d394e3a859226522fd402dd,experiment_linear_erythrocytes
2690.229146863405,0.013374135829508305,erythrocytes,SALIVA,0.8,XGBoost Regressor,GridSearchCV,0.8933077527631819,0.43452937444051104,90.06157319540465,-0.02798894870480284,078e2a857d394e3a859226522fd402dd,experiment_linear_erythrocytes
1149.373886401856,0.0132195008918643,erythrocytes,SALIVA,0.8,XGBoost Regressor,GridSearchCV,0.8933077527631819,0.43452937444051104,90.06157319540465,-0.02798894870480284,078e2a857d394e3a859226522fd402dd,experiment_linear_erythrocytes
1205.299796981813,0.013165250420570374,erythrocytes,SALIVA,0.8,XGBoost Regressor,GridSearchCV,0.8933077527631819,0.43452937444051104,90.06157319540465,-0.02798894870480284,078e2a857d394e3a859226522fd402dd,experiment_linear_erythrocytes
943.0265611585701,0.01288154162466526,erythrocytes,SALIVA,0.8,XGBoost Regressor,GridSearchCV,0.8933077527631819,0.43452937444051104,90.06157319540465,-0.02798894870480284,078e2a857d394e3a859226522fd402dd,experiment_linear_erythrocytes
2836.793602176394,0.012869383208453655,erythrocytes,SALIVA,0.8,XGBoost Regressor,GridSearchCV,0.8933077527631819,0.43452937444051104,90.06157319540465,-0.02798894870480284,078e2a857d394e3a859226522fd402dd,experiment_linear_erythrocytes
1743.345626354494,0.011912944726645947,erythrocytes,SALIVA,0.8,XGBoost Regressor,GridSearchCV,0.8933077527631819,0.43452937444051104,90.06157319540465,-0.02798894870480284,078e2a857d394e3a859226522fd402dd,experiment_linear_erythrocytes
1286.29594333899,0.01126923132687807,erythrocytes,SALIVA,0.8,XGBoost Regressor,GridSearchCV,0.8933077527631819,0.43452937444051104,90.06157319540465,-0.02798894870480284,078e2a857d394e3a859226522fd402dd,experiment_linear_erythrocytes
1014.380309139893,0.011131051927804947,erythrocytes,SALIVA,0.8,XGBoost Regressor,GridSearchCV,0.8933077527631819,0.43452937444051104,90.06157319540465,-0.02798894870480284,078e2a857d394e3a859226522fd402dd,experiment_linear_erythrocytes
1274.725065287965,0.010626445524394512,erythrocytes,SALIVA,0.8,XGBoost Regressor,GridSearchCV,0.8933077527631819,0.43452937444051104,90.06157319540465,-0.02798894870480284,078e2a857d394e3a859226522fd402dd,experiment_linear_erythrocytes
2863.792317628786,0.010310822166502476,erythrocytes,SALIVA,0.8,XGBoost Regressor,GridSearchCV,0.8933077527631819,0.43452937444051104,90.06157319540465,-0.02798894870480284,078e2a857d394e3a859226522fd402dd,experiment_linear_erythrocytes
2692.157626538576,0.010187075473368168,erythrocytes,SALIVA,0.8,XGBoost Regressor,GridSearchCV,0.8933077527631819,0.43452937444051104,90.06157319540465,-0.02798894870480284,078e2a857d394e3a859226522fd402dd,experiment_linear_erythrocytes
1689.348195449708,0.010104570537805557,erythrocytes,SALIVA,0.8,XGBoost Regressor,GridSearchCV,0.8933077527631819,0.43452937444051104,90.06157319540465,-0.02798894870480284,078e2a857d394e3a859226522fd402dd,experiment_linear_erythrocytes
1585.21029299048,0.004830271384676525,erythrocytes,SALIVA,0.8,XGBoost Regressor,GridSearchCV,0.921659175343852,0.41293591908046184,93.22552546514402,-0.09427616947048856,078e2a857d394e3a859226522fd402dd,experiment_linear_erythrocytes
1583.281813315309,0.004816618758971554,erythrocytes,SALIVA,0.8,XGBoost Regressor,GridSearchCV,0.921659175343852,0.41293591908046184,93.22552546514402,-0.09427616947048856,078e2a857d394e3a859226522fd402dd,experiment_linear_erythrocytes
1581.353333640138,0.004724932972325621,erythrocytes,SALIVA,0.8,XGBoost Regressor,GridSearchCV,0.921659175343852,0.41293591908046184,93.22552546514402,-0.09427616947048856,078e2a857d394e3a859226522fd402dd,experiment_linear_erythrocytes
1587.138772665651,0.0046983269061090325,erythrocytes,SALIVA,0.8,XGBoost Regressor,GridSearchCV,0.921659175343852,0.41293591908046184,93.22552546514402,-0.09427616947048856,078e2a857d394e3a859226522fd402dd,experiment_linear_erythrocytes
1579.424853964967,0.004567681121953857,erythrocytes,SALIVA,0.8,XGBoost Regressor,GridSearchCV,0.921659175343852,0.41293591908046184,93.22552546514402,-0.09427616947048856,078e2a857d394e3a859226522fd402dd,experiment_linear_erythrocytes
1589.067252340822,0.004441952737110024,erythrocytes,SALIVA,0.8,XGBoost Regressor,GridSearchCV,0.921659175343852,0.41293591908046184,93.22552546514402,-0.09427616947048856,078e2a857d394e3a859226522fd402dd,experiment_linear_erythrocytes
1577.496374289796,0.0043167120031799375,erythrocytes,SALIVA,0.8,XGBoost Regressor,GridSearchCV,0.921659175343852,0.41293591908046184,93.22552546514402,-0.09427616947048856,078e2a857d394e3a859226522fd402dd,experiment_linear_erythrocytes
1590.995732015992,0.004067581535856965,erythrocytes,SALIVA,0.8,XGBoost Regressor,GridSearchCV,0.921659175343852,0.41293591908046184,93.22552546514402,-0.09427616947048856,078e2a857d394e3a859226522fd402dd,experiment_linear_erythrocytes
1575.567894614625,0.004008810480350459,erythrocytes,SALIVA,0.8,XGBoost Regressor,GridSearchCV,0.921659175343852,0.41293591908046184,93.22552546514402,-0.09427616947048856,078e2a857d394e3a859226522fd402dd,experiment_linear_erythrocytes
1016.308788815064,0.0037840292641495537,erythrocytes,SALIVA,0.8,XGBoost Regressor,GridSearchCV,0.921659175343852,0.41293591908046184,93.22552546514402,-0.09427616947048856,078e2a857d394e3a859226522fd402dd,experiment_linear_erythrocytes
1018.237268490235,0.0036933627462475203,erythrocytes,SALIVA,0.8,XGBoost Regressor,GridSearchCV,0.921659175343852,0.41293591908046184,93.22552546514402,-0.09427616947048856,078e2a857d394e3a859226522fd402dd,experiment_linear_erythrocytes
1573.639414939454,0.003665096863964451,erythrocytes,SALIVA,0.8,XGBoost Regressor,GridSearchCV,0.921659175343852,0.41293591908046184,93.22552546514402,-0.09427616947048856,078e2a857d394e3a859226522fd402dd,experiment_linear_erythrocytes
1037.522065241944,0.0035876767662693554,erythrocytes,SALIVA,0.8,XGBoost Regressor,GridSearchCV,0.921659175343852,0.41293591908046184,93.22552546514402,-0.09427616947048856,078e2a857d394e3a859226522fd402dd,experiment_linear_erythrocytes
1035.593585566773,0.0035690390928117596,erythrocytes,SALIVA,0.8,XGBoost Regressor,GridSearchCV,0.921659175343852,0.41293591908046184,93.22552546514402,-0.09427616947048856,078e2a857d394e3a859226522fd402dd,experiment_linear_erythrocytes
1592.924211691163,0.003564214607862416,erythrocytes,SALIVA,0.8,XGBoost Regressor,GridSearchCV,0.921659175343852,0.41293591908046184,93.22552546514402,-0.09427616947048856,078e2a857d394e3a859226522fd402dd,experiment_linear_erythrocytes
1473.358471830568,0.003543710215668655,erythrocytes,SALIVA,0.8,XGBoost Regressor,GridSearchCV,0.921659175343852,0.41293591908046184,93.22552546514402,-0.09427616947048856,078e2a857d394e3a859226522fd402dd,experiment_linear_erythrocytes
1039.450544917115,0.003538911380355936,erythrocytes,SALIVA,0.8,XGBoost Regressor,GridSearchCV,0.921659175343852,0.41293591908046184,93.22552546514402,-0.09427616947048856,078e2a857d394e3a859226522fd402dd,experiment_linear_erythrocytes
1471.429992155397,0.0035317914420741124,erythrocytes,SALIVA,0.8,XGBoost Regressor,GridSearchCV,0.921659175343852,0.41293591908046184,93.22552546514402,-0.09427616947048856,078e2a857d394e3a859226522fd402dd,experiment_linear_erythrocytes
1014.380309139893,0.0035283723457734807,erythrocytes,SALIVA,0.8,XGBoost Regressor,GridSearchCV,0.921659175343852,0.41293591908046184,93.22552546514402,-0.09427616947048856,078e2a857d394e3a859226522fd402dd,experiment_linear_erythrocytes
1027.87966686609,0.0035282848873015946,erythrocytes,SALIVA,0.8,XGBoost Regressor,GridSearchCV,0.921659175343852,0.41293591908046184,93.22552546514402,-0.09427616947048856,078e2a857d394e3a859226522fd402dd,experiment_linear_erythrocytes
2759.654415169558,0.01674424298107624,erythrocytes,SALIVA,0.8,XGBoost Regressor,GridSearchCV,0.8933077527631819,0.43452937444051104,90.06157319540465,-0.02798894870480284,078e2a857d394e3a859226522fd402dd,experiment_linear_erythrocytes
1321.008577492067,0.01621648669242859,erythrocytes,SALIVA,0.8,XGBoost Regressor,GridSearchCV,0.8933077527631819,0.43452937444051104,90.06157319540465,-0.02798894870480284,078e2a857d394e3a859226522fd402dd,experiment_linear_erythrocytes
2923.575187559084,0.015019197016954422,erythrocytes,SALIVA,0.8,XGBoost Regressor,GridSearchCV,0.8933077527631819,0.43452937444051104,90.06157319540465,-0.02798894870480284,078e2a857d394e3a859226522fd402dd,experiment_linear_erythrocytes
1022.094227840577,0.014536176808178425,erythrocytes,SALIVA,0.8,XGBoost Regressor,GridSearchCV,0.8933077527631819,0.43452937444051104,90.06157319540465,-0.02798894870480284,078e2a857d394e3a859226522fd402dd,experiment_linear_erythrocytes
1282.438983988648,0.01419607549905777,erythrocytes,SALIVA,0.8,XGBoost Regressor,GridSearchCV,0.8933077527631819,0.43452937444051104,90.06157319540465,-0.02798894870480284,078e2a857d394e3a859226522fd402dd,experiment_linear_erythrocytes
1016.308788815064,0.013956607319414616,erythrocytes,SALIVA,0.8,XGBoost Regressor,GridSearchCV,0.8933077527631819,0.43452937444051104,90.06157319540465,-0.02798894870480284,078e2a857d394e3a859226522fd402dd,experiment_linear_erythrocytes
962.3113579102792,0.013801533728837967,erythrocytes,SALIVA,0.8,XGBoost Regressor,GridSearchCV,0.8933077527631819,0.43452937444051104,90.06157319540465,-0.02798894870480284,078e2a857d394e3a859226522fd402dd,experiment_linear_erythrocytes
1521.57046370984,0.013683096505701542,erythrocytes,SALIVA,0.8,XGBoost Regressor,GridSearchCV,0.8933077527631819,0.43452937444051104,90.06157319540465,-0.02798894870480284,078e2a857d394e3a859226522fd402dd,experiment_linear_erythrocytes
2690.229146863405,0.013374135829508305,erythrocytes,SALIVA,0.8,XGBoost Regressor,GridSearchCV,0.8933077527631819,0.43452937444051104,90.06157319540465,-0.02798894870480284,078e2a857d394e3a859226522fd402dd,experiment_linear_erythrocytes
1149.373886401856,0.0132195008918643,erythrocytes,SALIVA,0.8,XGBoost Regressor,GridSearchCV,0.8933077527631819,0.43452937444051104,90.06157319540465,-0.02798894870480284,078e2a857d394e3a859226522fd402dd,experiment_linear_erythrocytes
1205.299796981813,0.013165250420570374,erythrocytes,SALIVA,0.8,XGBoost Regressor,GridSearchCV,0.8933077527631819,0.43452937444051104,90.06157319540465,-0.02798894870480284,078e2a857d394e3a859226522fd402dd,experiment_linear_erythrocytes
943.0265611585701,0.01288154162466526,erythrocytes,SALIVA,0.8,XGBoost Regressor,GridSearchCV,0.8933077527631819,0.43452937444051104,90.06157319540465,-0.02798894870480284,078e2a857d394e3a859226522fd402dd,experiment_linear_erythrocytes
2836.793602176394,0.012869383208453655,erythrocytes,SALIVA,0.8,XGBoost Regressor,GridSearchCV,0.8933077527631819,0.43452937444051104,90.06157319540465,-0.02798894870480284,078e2a857d394e3a859226522fd402dd,experiment_linear_erythrocytes
1743.345626354494,0.011912944726645947,erythrocytes,SALIVA,0.8,XGBoost Regressor,GridSearchCV,0.8933077527631819,0.43452937444051104,90.06157319540465,-0.02798894870480284,078e2a857d394e3a859226522fd402dd,experiment_linear_erythrocytes
1286.29594333899,0.01126923132687807,erythrocytes,SALIVA,0.8,XGBoost Regressor,GridSearchCV,0.8933077527631819,0.43452937444051104,90.06157319540465,-0.02798894870480284,078e2a857d394e3a859226522fd402dd,experiment_linear_erythrocytes
1014.380309139893,0.011131051927804947,erythrocytes,SALIVA,0.8,XGBoost Regressor,GridSearchCV,0.8933077527631819,0.43452937444051104,90.06157319540465,-0.02798894870480284,078e2a857d394e3a859226522fd402dd,experiment_linear_erythrocytes
1274.725065287965,0.010626445524394512,erythrocytes,SALIVA,0.8,XGBoost Regressor,GridSearchCV,0.8933077527631819,0.43452937444051104,90.06157319540465,-0.02798894870480284,078e2a857d394e3a859226522fd402dd,experiment_linear_erythrocytes
2863.792317628786,0.010310822166502476,erythrocytes,SALIVA,0.8,XGBoost Regressor,GridSearchCV,0.8933077527631819,0.43452937444051104,90.06157319540465,-0.02798894870480284,078e2a857d394e3a859226522fd402dd,experiment_linear_erythrocytes
2692.157626538576,0.010187075473368168,erythrocytes,SALIVA,0.8,XGBoost Regressor,GridSearchCV,0.8933077527631819,0.43452937444051104,90.06157319540465,-0.02798894870480284,078e2a857d394e3a859226522fd402dd,experiment_linear_erythrocytes
1689.348195449708,0.010104570537805557,erythrocytes,SALIVA,0.8,XGBoost Regressor,GridSearchCV,0.8933077527631819,0.43452937444051104,90.06157319540465,-0.02798894870480284,078e2a857d394e3a859226522fd402dd,experiment_linear_erythrocytes
2711.442423290285,0.009251713867950285,erythrocytes,SERUM,0.8,XGBoost Regressor,GridSearchCV,0.8639727756147131,0.38678845405578616,88.58524866034345,0.0156471773578869,078e2a857d394e3a859226522fd402dd,experiment_linear_erythrocytes
2713.370902965456,0.006618737243323557,erythrocytes,SERUM,0.8,XGBoost Regressor,GridSearchCV,0.8639727756147131,0.38678845405578616,88.58524866034345,0.0156471773578869,078e2a857d394e3a859226522fd402dd,experiment_linear_erythrocytes
2709.513943615114,0.006032976421536319,erythrocytes,SERUM,0.8,XGBoost Regressor,GridSearchCV,0.8639727756147131,0.38678845405578616,88.58524866034345,0.0156471773578869,078e2a857d394e3a859226522fd402dd,experiment_linear_erythrocytes
1384.648406772706,0.004101417204774412,erythrocytes,SERUM,0.8,XGBoost Regressor,GridSearchCV,0.8639727756147131,0.38678845405578616,88.58524866034345,0.0156471773578869,078e2a857d394e3a859226522fd402dd,experiment_linear_erythrocytes
1558.211577538087,0.003833177489979056,erythrocytes,SERUM,0.8,XGBoost Regressor,GridSearchCV,0.8639727756147131,0.38678845405578616,88.58524866034345,0.0156471773578869,078e2a857d394e3a859226522fd402dd,experiment_linear_erythrocytes
1382.719927097535,0.0038235456301513333,erythrocytes,SERUM,0.8,XGBoost Regressor,GridSearchCV,0.8639727756147131,0.38678845405578616,88.58524866034345,0.0156471773578869,078e2a857d394e3a859226522fd402dd,experiment_linear_erythrocytes
1556.283097862916,0.003814812831443656,erythrocytes,SERUM,0.8,XGBoost Regressor,GridSearchCV,0.8639727756147131,0.38678845405578616,88.58524866034345,0.0156471773578869,078e2a857d394e3a859226522fd402dd,experiment_linear_erythrocytes
1386.576886447877,0.003791717730029604,erythrocytes,SERUM,0.8,XGBoost Regressor,GridSearchCV,0.8639727756147131,0.38678845405578616,88.58524866034345,0.0156471773578869,078e2a857d394e3a859226522fd402dd,experiment_linear_erythrocytes
1560.140057213258,0.0035590099848798445,erythrocytes,SERUM,0.8,XGBoost Regressor,GridSearchCV,0.8639727756147131,0.38678845405578616,88.58524866034345,0.0156471773578869,078e2a857d394e3a859226522fd402dd,experiment_linear_erythrocytes
1554.354618187745,0.003462126365615813,erythrocytes,SERUM,0.8,XGBoost Regressor,GridSearchCV,0.8639727756147131,0.38678845405578616,88.58524866034345,0.0156471773578869,078e2a857d394e3a859226522fd402dd,experiment_linear_erythrocytes
1380.791447422364,0.0034585314336008383,erythrocytes,SERUM,0.8,XGBoost Regressor,GridSearchCV,0.8639727756147131,0.38678845405578616,88.58524866034345,0.0156471773578869,078e2a857d394e3a859226522fd402dd,experiment_linear_erythrocytes
1521.57046370984,0.003452672292326959,erythrocytes,SERUM,0.8,XGBoost Regressor,GridSearchCV,0.8639727756147131,0.38678845405578616,88.58524866034345,0.0156471773578869,078e2a857d394e3a859226522fd402dd,experiment_linear_erythrocytes
1519.641984034669,0.00343975668426938,erythrocytes,SERUM,0.8,XGBoost Regressor,GridSearchCV,0.8639727756147131,0.38678845405578616,88.58524866034345,0.0156471773578869,078e2a857d394e3a859226522fd402dd,experiment_linear_erythrocytes
1594.852691366334,0.0034205684846059965,erythrocytes,SERUM,0.8,XGBoost Regressor,GridSearchCV,0.8639727756147131,0.38678845405578616,88.58524866034345,0.0156471773578869,078e2a857d394e3a859226522fd402dd,experiment_linear_erythrocytes
1596.781171041505,0.003408001370449678,erythrocytes,SERUM,0.8,XGBoost Regressor,GridSearchCV,0.8639727756147131,0.38678845405578616,88.58524866034345,0.0156471773578869,078e2a857d394e3a859226522fd402dd,experiment_linear_erythrocytes
1523.498943385011,0.0033850216177923067,erythrocytes,SERUM,0.8,XGBoost Regressor,GridSearchCV,0.8639727756147131,0.38678845405578616,88.58524866034345,0.0156471773578869,078e2a857d394e3a859226522fd402dd,experiment_linear_erythrocytes
1517.713504359498,0.0033808245057270732,erythrocytes,SERUM,0.8,XGBoost Regressor,GridSearchCV,0.8639727756147131,0.38678845405578616,88.58524866034345,0.0156471773578869,078e2a857d394e3a859226522fd402dd,experiment_linear_erythrocytes
1598.709650716676,0.003360277505505732,erythrocytes,SERUM,0.8,XGBoost Regressor,GridSearchCV,0.8639727756147131,0.38678845405578616,88.58524866034345,0.0156471773578869,078e2a857d394e3a859226522fd402dd,experiment_linear_erythrocytes
1592.924211691163,0.003350356825566357,erythrocytes,SERUM,0.8,XGBoost Regressor,GridSearchCV,0.8639727756147131,0.38678845405578616,88.58524866034345,0.0156471773578869,078e2a857d394e3a859226522fd402dd,experiment_linear_erythrocytes
1716.346910902101,0.003319163566738063,erythrocytes,SERUM,0.8,XGBoost Regressor,GridSearchCV,0.8639727756147131,0.38678845405578616,88.58524866034345,0.0156471773578869,078e2a857d394e3a859226522fd402dd,experiment_linear_erythrocytes
2736.512659067507,0.012736096978187561,erythrocytes,SERUM,0.8,XGBoost Regressor,GridSearchCV,0.8647111666778394,0.3722826066017151,89.98742071341547,0.013963911537224205,078e2a857d394e3a859226522fd402dd,experiment_linear_erythrocytes
2738.441138742678,0.012027723714709282,erythrocytes,SERUM,0.8,XGBoost Regressor,GridSearchCV,0.8647111666778394,0.3722826066017151,89.98742071341547,0.013963911537224205,078e2a857d394e3a859226522fd402dd,experiment_linear_erythrocytes
2746.155057443361,0.010426517575979233,erythrocytes,SERUM,0.8,XGBoost Regressor,GridSearchCV,0.8647111666778394,0.3722826066017151,89.98742071341547,0.013963911537224205,078e2a857d394e3a859226522fd402dd,experiment_linear_erythrocytes
2730.727220041994,0.010388074442744255,erythrocytes,SERUM,0.8,XGBoost Regressor,GridSearchCV,0.8647111666778394,0.3722826066017151,89.98742071341547,0.013963911537224205,078e2a857d394e3a859226522fd402dd,experiment_linear_erythrocytes
2748.083537118532,0.009654450230300426,erythrocytes,SERUM,0.8,XGBoost Regressor,GridSearchCV,0.8647111666778394,0.3722826066017151,89.98742071341547,0.013963911537224205,078e2a857d394e3a859226522fd402dd,experiment_linear_erythrocytes
1700.919073500734,0.008673192001879215,erythrocytes,SERUM,0.8,XGBoost Regressor,GridSearchCV,0.8647111666778394,0.3722826066017151,89.98742071341547,0.013963911537224205,078e2a857d394e3a859226522fd402dd,experiment_linear_erythrocytes
2740.369618417849,0.00855166558176279,erythrocytes,SERUM,0.8,XGBoost Regressor,GridSearchCV,0.8647111666778394,0.3722826066017151,89.98742071341547,0.013963911537224205,078e2a857d394e3a859226522fd402dd,experiment_linear_erythrocytes
1411.647122225099,0.008427901193499565,erythrocytes,SERUM,0.8,XGBoost Regressor,GridSearchCV,0.8647111666778394,0.3722826066017151,89.98742071341547,0.013963911537224205,078e2a857d394e3a859226522fd402dd,experiment_linear_erythrocytes
2753.868976144045,0.008174923248589039,erythrocytes,SERUM,0.8,XGBoost Regressor,GridSearchCV,0.8647111666778394,0.3722826066017151,89.98742071341547,0.013963911537224205,078e2a857d394e3a859226522fd402dd,experiment_linear_erythrocytes
1621.851406818727,0.008002354763448238,erythrocytes,SERUM,0.8,XGBoost Regressor,GridSearchCV,0.8647111666778394,0.3722826066017151,89.98742071341547,0.013963911537224205,078e2a857d394e3a859226522fd402dd,experiment_linear_erythrocytes
2732.655699717165,0.007533775642514229,erythrocytes,SERUM,0.8,XGBoost Regressor,GridSearchCV,0.8647111666778394,0.3722826066017151,89.98742071341547,0.013963911537224205,078e2a857d394e3a859226522fd402dd,experiment_linear_erythrocytes
3029.641569693484,0.007396136410534382,erythrocytes,SERUM,0.8,XGBoost Regressor,GridSearchCV,0.8647111666778394,0.3722826066017151,89.98742071341547,0.013963911537224205,078e2a857d394e3a859226522fd402dd,experiment_linear_erythrocytes
2724.941781016481,0.007221275940537453,erythrocytes,SERUM,0.8,XGBoost Regressor,GridSearchCV,0.8647111666778394,0.3722826066017151,89.98742071341547,0.013963911537224205,078e2a857d394e3a859226522fd402dd,experiment_linear_erythrocytes
1033.665105891602,0.007124770432710648,erythrocytes,SERUM,0.8,XGBoost Regressor,GridSearchCV,0.8647111666778394,0.3722826066017151,89.98742071341547,0.013963911537224205,078e2a857d394e3a859226522fd402dd,experiment_linear_erythrocytes
2763.5113745199,0.0071082571521401405,erythrocytes,SERUM,0.8,XGBoost Regressor,GridSearchCV,0.8647111666778394,0.3722826066017151,89.98742071341547,0.013963911537224205,078e2a857d394e3a859226522fd402dd,experiment_linear_erythrocytes
2715.299382640627,0.0071023004129529,erythrocytes,SERUM,0.8,XGBoost Regressor,GridSearchCV,0.8647111666778394,0.3722826066017151,89.98742071341547,0.013963911537224205,078e2a857d394e3a859226522fd402dd,experiment_linear_erythrocytes
2728.798740366823,0.007022222504019737,erythrocytes,SERUM,0.8,XGBoost Regressor,GridSearchCV,0.8647111666778394,0.3722826066017151,89.98742071341547,0.013963911537224205,078e2a857d394e3a859226522fd402dd,experiment_linear_erythrocytes
1548.569179162233,0.007006360217928886,erythrocytes,SERUM,0.8,XGBoost Regressor,GridSearchCV,0.8647111666778394,0.3722826066017151,89.98742071341547,0.013963911537224205,078e2a857d394e3a859226522fd402dd,experiment_linear_erythrocytes
2744.226577768191,0.006760038435459137,erythrocytes,SERUM,0.8,XGBoost Regressor,GridSearchCV,0.8647111666778394,0.3722826066017151,89.98742071341547,0.013963911537224205,078e2a857d394e3a859226522fd402dd,experiment_linear_erythrocytes
2717.227862315798,0.006544497329741716,erythrocytes,SERUM,0.8,XGBoost Regressor,GridSearchCV,0.8647111666778394,0.3722826066017151,89.98742071341547,0.013963911537224205,078e2a857d394e3a859226522fd402dd,experiment_linear_erythrocytes
2711.442423290285,0.009251713867950276,erythrocytes,SERUM,0.8,XGBoost Regressor,GridSearchCV,0.8639727756147131,0.38678845405578616,88.58524866034345,0.0156471773578869,078e2a857d394e3a859226522fd402dd,experiment_linear_erythrocytes
2713.370902965456,0.00661873724332355,erythrocytes,SERUM,0.8,XGBoost Regressor,GridSearchCV,0.8639727756147131,0.38678845405578616,88.58524866034345,0.0156471773578869,078e2a857d394e3a859226522fd402dd,experiment_linear_erythrocytes
2709.513943615114,0.006032976421536313,erythrocytes,SERUM,0.8,XGBoost Regressor,GridSearchCV,0.8639727756147131,0.38678845405578616,88.58524866034345,0.0156471773578869,078e2a857d394e3a859226522fd402dd,experiment_linear_erythrocytes
1384.648406772706,0.004101417204774409,erythrocytes,SERUM,0.8,XGBoost Regressor,GridSearchCV,0.8639727756147131,0.38678845405578616,88.58524866034345,0.0156471773578869,078e2a857d394e3a859226522fd402dd,experiment_linear_erythrocytes
1558.211577538087,0.0038331774899790553,erythrocytes,SERUM,0.8,XGBoost Regressor,GridSearchCV,0.8639727756147131,0.38678845405578616,88.58524866034345,0.0156471773578869,078e2a857d394e3a859226522fd402dd,experiment_linear_erythrocytes
1382.719927097535,0.0038235456301513307,erythrocytes,SERUM,0.8,XGBoost Regressor,GridSearchCV,0.8639727756147131,0.38678845405578616,88.58524866034345,0.0156471773578869,078e2a857d394e3a859226522fd402dd,experiment_linear_erythrocytes
1556.283097862916,0.003814812831443654,erythrocytes,SERUM,0.8,XGBoost Regressor,GridSearchCV,0.8639727756147131,0.38678845405578616,88.58524866034345,0.0156471773578869,078e2a857d394e3a859226522fd402dd,experiment_linear_erythrocytes
1386.576886447877,0.0037917177300296006,erythrocytes,SERUM,0.8,XGBoost Regressor,GridSearchCV,0.8639727756147131,0.38678845405578616,88.58524866034345,0.0156471773578869,078e2a857d394e3a859226522fd402dd,experiment_linear_erythrocytes
1560.140057213258,0.003559009984879844,erythrocytes,SERUM,0.8,XGBoost Regressor,GridSearchCV,0.8639727756147131,0.38678845405578616,88.58524866034345,0.0156471773578869,078e2a857d394e3a859226522fd402dd,experiment_linear_erythrocytes
1554.354618187745,0.0034621263656158105,erythrocytes,SERUM,0.8,XGBoost Regressor,GridSearchCV,0.8639727756147131,0.38678845405578616,88.58524866034345,0.0156471773578869,078e2a857d394e3a859226522fd402dd,experiment_linear_erythrocytes
1380.791447422364,0.0034585314336008353,erythrocytes,SERUM,0.8,XGBoost Regressor,GridSearchCV,0.8639727756147131,0.38678845405578616,88.58524866034345,0.0156471773578869,078e2a857d394e3a859226522fd402dd,experiment_linear_erythrocytes
1521.57046370984,0.00345267229232696,erythrocytes,SERUM,0.8,XGBoost Regressor,GridSearchCV,0.8639727756147131,0.38678845405578616,88.58524866034345,0.0156471773578869,078e2a857d394e3a859226522fd402dd,experiment_linear_erythrocytes
1519.641984034669,0.003439756684269379,erythrocytes,SERUM,0.8,XGBoost Regressor,GridSearchCV,0.8639727756147131,0.38678845405578616,88.58524866034345,0.0156471773578869,078e2a857d394e3a859226522fd402dd,experiment_linear_erythrocytes
1594.852691366334,0.0034205684846059944,erythrocytes,SERUM,0.8,XGBoost Regressor,GridSearchCV,0.8639727756147131,0.38678845405578616,88.58524866034345,0.0156471773578869,078e2a857d394e3a859226522fd402dd,experiment_linear_erythrocytes
1596.781171041505,0.003408001370449675,erythrocytes,SERUM,0.8,XGBoost Regressor,GridSearchCV,0.8639727756147131,0.38678845405578616,88.58524866034345,0.0156471773578869,078e2a857d394e3a859226522fd402dd,experiment_linear_erythrocytes
1523.498943385011,0.003385021617792308,erythrocytes,SERUM,0.8,XGBoost Regressor,GridSearchCV,0.8639727756147131,0.38678845405578616,88.58524866034345,0.0156471773578869,078e2a857d394e3a859226522fd402dd,experiment_linear_erythrocytes
1517.713504359498,0.0033808245057270737,erythrocytes,SERUM,0.8,XGBoost Regressor,GridSearchCV,0.8639727756147131,0.38678845405578616,88.58524866034345,0.0156471773578869,078e2a857d394e3a859226522fd402dd,experiment_linear_erythrocytes
1598.709650716676,0.0033602775055057298,erythrocytes,SERUM,0.8,XGBoost Regressor,GridSearchCV,0.8639727756147131,0.38678845405578616,88.58524866034345,0.0156471773578869,078e2a857d394e3a859226522fd402dd,experiment_linear_erythrocytes
1592.924211691163,0.003350356825566356,erythrocytes,SERUM,0.8,XGBoost Regressor,GridSearchCV,0.8639727756147131,0.38678845405578616,88.58524866034345,0.0156471773578869,078e2a857d394e3a859226522fd402dd,experiment_linear_erythrocytes
1716.346910902101,0.0033191635667380575,erythrocytes,SERUM,0.8,XGBoost Regressor,GridSearchCV,0.8639727756147131,0.38678845405578616,88.58524866034345,0.0156471773578869,078e2a857d394e3a859226522fd402dd,experiment_linear_erythrocytes
2736.512659067507,0.012736096978187561,erythrocytes,SERUM,0.8,XGBoost Regressor,GridSearchCV,0.8647111666778394,0.3722826066017151,89.98742071341547,0.013963911537224205,078e2a857d394e3a859226522fd402dd,experiment_linear_erythrocytes
2738.441138742678,0.012027723714709282,erythrocytes,SERUM,0.8,XGBoost Regressor,GridSearchCV,0.8647111666778394,0.3722826066017151,89.98742071341547,0.013963911537224205,078e2a857d394e3a859226522fd402dd,experiment_linear_erythrocytes
2746.155057443361,0.010426517575979233,erythrocytes,SERUM,0.8,XGBoost Regressor,GridSearchCV,0.8647111666778394,0.3722826066017151,89.98742071341547,0.013963911537224205,078e2a857d394e3a859226522fd402dd,experiment_linear_erythrocytes
2730.727220041994,0.010388074442744255,erythrocytes,SERUM,0.8,XGBoost Regressor,GridSearchCV,0.8647111666778394,0.3722826066017151,89.98742071341547,0.013963911537224205,078e2a857d394e3a859226522fd402dd,experiment_linear_erythrocytes
2748.083537118532,0.009654450230300426,erythrocytes,SERUM,0.8,XGBoost Regressor,GridSearchCV,0.8647111666778394,0.3722826066017151,89.98742071341547,0.013963911537224205,078e2a857d394e3a859226522fd402dd,experiment_linear_erythrocytes
1700.919073500734,0.008673192001879215,erythrocytes,SERUM,0.8,XGBoost Regressor,GridSearchCV,0.8647111666778394,0.3722826066017151,89.98742071341547,0.013963911537224205,078e2a857d394e3a859226522fd402dd,experiment_linear_erythrocytes
2740.369618417849,0.00855166558176279,erythrocytes,SERUM,0.8,XGBoost Regressor,GridSearchCV,0.8647111666778394,0.3722826066017151,89.98742071341547,0.013963911537224205,078e2a857d394e3a859226522fd402dd,experiment_linear_erythrocytes
1411.647122225099,0.008427901193499565,erythrocytes,SERUM,0.8,XGBoost Regressor,GridSearchCV,0.8647111666778394,0.3722826066017151,89.98742071341547,0.013963911537224205,078e2a857d394e3a859226522fd402dd,experiment_linear_erythrocytes
2753.868976144045,0.008174923248589039,erythrocytes,SERUM,0.8,XGBoost Regressor,GridSearchCV,0.8647111666778394,0.3722826066017151,89.98742071341547,0.013963911537224205,078e2a857d394e3a859226522fd402dd,experiment_linear_erythrocytes
1621.851406818727,0.008002354763448238,erythrocytes,SERUM,0.8,XGBoost Regressor,GridSearchCV,0.8647111666778394,0.3722826066017151,89.98742071341547,0.013963911537224205,078e2a857d394e3a859226522fd402dd,experiment_linear_erythrocytes
2732.655699717165,0.007533775642514229,erythrocytes,SERUM,0.8,XGBoost Regressor,GridSearchCV,0.8647111666778394,0.3722826066017151,89.98742071341547,0.013963911537224205,078e2a857d394e3a859226522fd402dd,experiment_linear_erythrocytes
3029.641569693484,0.007396136410534382,erythrocytes,SERUM,0.8,XGBoost Regressor,GridSearchCV,0.8647111666778394,0.3722826066017151,89.98742071341547,0.013963911537224205,078e2a857d394e3a859226522fd402dd,experiment_linear_erythrocytes
2724.941781016481,0.007221275940537453,erythrocytes,SERUM,0.8,XGBoost Regressor,GridSearchCV,0.8647111666778394,0.3722826066017151,89.98742071341547,0.013963911537224205,078e2a857d394e3a859226522fd402dd,experiment_linear_erythrocytes
1033.665105891602,0.007124770432710648,erythrocytes,SERUM,0.8,XGBoost Regressor,GridSearchCV,0.8647111666778394,0.3722826066017151,89.98742071341547,0.013963911537224205,078e2a857d394e3a859226522fd402dd,experiment_linear_erythrocytes
2763.5113745199,0.0071082571521401405,erythrocytes,SERUM,0.8,XGBoost Regressor,GridSearchCV,0.8647111666778394,0.3722826066017151,89.98742071341547,0.013963911537224205,078e2a857d394e3a859226522fd402dd,experiment_linear_erythrocytes
2715.299382640627,0.0071023004129529,erythrocytes,SERUM,0.8,XGBoost Regressor,GridSearchCV,0.8647111666778394,0.3722826066017151,89.98742071341547,0.013963911537224205,078e2a857d394e3a859226522fd402dd,experiment_linear_erythrocytes
2728.798740366823,0.007022222504019737,erythrocytes,SERUM,0.8,XGBoost Regressor,GridSearchCV,0.8647111666778394,0.3722826066017151,89.98742071341547,0.013963911537224205,078e2a857d394e3a859226522fd402dd,experiment_linear_erythrocytes
1548.569179162233,0.007006360217928886,erythrocytes,SERUM,0.8,XGBoost Regressor,GridSearchCV,0.8647111666778394,0.3722826066017151,89.98742071341547,0.013963911537224205,078e2a857d394e3a859226522fd402dd,experiment_linear_erythrocytes
2744.226577768191,0.006760038435459137,erythrocytes,SERUM,0.8,XGBoost Regressor,GridSearchCV,0.8647111666778394,0.3722826066017151,89.98742071341547,0.013963911537224205,078e2a857d394e3a859226522fd402dd,experiment_linear_erythrocytes
2717.227862315798,0.006544497329741716,erythrocytes,SERUM,0.8,XGBoost Regressor,GridSearchCV,0.8647111666778394,0.3722826066017151,89.98742071341547,0.013963911537224205,078e2a857d394e3a859226522fd402dd,experiment_linear_erythrocytes
950.7404798592538,0.005854354092672798,erythrocytes,URINE,0.8,XGBoost Regressor,GridSearchCV,0.9241695018476119,0.4289134386966104,95.83906910466075,0.002175090106265376,078e2a857d394e3a859226522fd402dd,experiment_linear_erythrocytes
952.6689595344246,0.0057513032068152925,erythrocytes,URINE,0.8,XGBoost Regressor,GridSearchCV,0.9241695018476119,0.4289134386966104,95.83906910466075,0.002175090106265376,078e2a857d394e3a859226522fd402dd,experiment_linear_erythrocytes
954.5974392095954,0.005401377127085861,erythrocytes,URINE,0.8,XGBoost Regressor,GridSearchCV,0.9241695018476119,0.4289134386966104,95.83906910466075,0.002175090106265376,078e2a857d394e3a859226522fd402dd,experiment_linear_erythrocytes
948.812000184083,0.005199560181530595,erythrocytes,URINE,0.8,XGBoost Regressor,GridSearchCV,0.9241695018476119,0.4289134386966104,95.83906910466075,0.002175090106265376,078e2a857d394e3a859226522fd402dd,experiment_linear_erythrocytes
929.5272034323739,0.004929744587694331,erythrocytes,URINE,0.8,XGBoost Regressor,GridSearchCV,0.9241695018476119,0.4289134386966104,95.83906910466075,0.002175090106265376,078e2a857d394e3a859226522fd402dd,experiment_linear_erythrocytes
956.5259188847667,0.0047863633339940825,erythrocytes,URINE,0.8,XGBoost Regressor,GridSearchCV,0.9241695018476119,0.4289134386966104,95.83906910466075,0.002175090106265376,078e2a857d394e3a859226522fd402dd,experiment_linear_erythrocytes
931.4556831075452,0.004574010415432332,erythrocytes,URINE,0.8,XGBoost Regressor,GridSearchCV,0.9241695018476119,0.4289134386966104,95.83906910466075,0.002175090106265376,078e2a857d394e3a859226522fd402dd,experiment_linear_erythrocytes
946.8835205089117,0.004181329233470245,erythrocytes,URINE,0.8,XGBoost Regressor,GridSearchCV,0.9241695018476119,0.4289134386966104,95.83906910466075,0.002175090106265376,078e2a857d394e3a859226522fd402dd,experiment_linear_erythrocytes
1710.561471876588,0.004095123631666893,erythrocytes,URINE,0.8,XGBoost Regressor,GridSearchCV,0.9241695018476119,0.4289134386966104,95.83906910466075,0.002175090106265376,078e2a857d394e3a859226522fd402dd,experiment_linear_erythrocytes
958.4543985599371,0.004072922388321437,erythrocytes,URINE,0.8,XGBoost Regressor,GridSearchCV,0.9241695018476119,0.4289134386966104,95.83906910466075,0.002175090106265376,078e2a857d394e3a859226522fd402dd,experiment_linear_erythrocytes
1708.632992201417,0.004054206396643214,erythrocytes,URINE,0.8,XGBoost Regressor,GridSearchCV,0.9241695018476119,0.4289134386966104,95.83906910466075,0.002175090106265376,078e2a857d394e3a859226522fd402dd,experiment_linear_erythrocytes
933.3841627827155,0.004033790275698493,erythrocytes,URINE,0.8,XGBoost Regressor,GridSearchCV,0.9241695018476119,0.4289134386966104,95.83906910466075,0.002175090106265376,078e2a857d394e3a859226522fd402dd,experiment_linear_erythrocytes
1706.704512526246,0.004021324393511306,erythrocytes,URINE,0.8,XGBoost Regressor,GridSearchCV,0.9241695018476119,0.4289134386966104,95.83906910466075,0.002175090106265376,078e2a857d394e3a859226522fd402dd,experiment_linear_erythrocytes
1712.489951551759,0.004001750092677951,erythrocytes,URINE,0.8,XGBoost Regressor,GridSearchCV,0.9241695018476119,0.4289134386966104,95.83906910466075,0.002175090106265376,078e2a857d394e3a859226522fd402dd,experiment_linear_erythrocytes
1704.776032851076,0.003975204084731111,erythrocytes,URINE,0.8,XGBoost Regressor,GridSearchCV,0.9241695018476119,0.4289134386966104,95.83906910466075,0.002175090106265376,078e2a857d394e3a859226522fd402dd,experiment_linear_erythrocytes
1714.41843122693,0.0038771627501406293,erythrocytes,URINE,0.8,XGBoost Regressor,GridSearchCV,0.9241695018476119,0.4289134386966104,95.83906910466075,0.002175090106265376,078e2a857d394e3a859226522fd402dd,experiment_linear_erythrocytes
1702.847553175905,0.003762206859282155,erythrocytes,URINE,0.8,XGBoost Regressor,GridSearchCV,0.9241695018476119,0.4289134386966104,95.83906910466075,0.002175090106265376,078e2a857d394e3a859226522fd402dd,experiment_linear_erythrocytes
1716.346910902101,0.0037560601304389195,erythrocytes,URINE,0.8,XGBoost Regressor,GridSearchCV,0.9241695018476119,0.4289134386966104,95.83906910466075,0.002175090106265376,078e2a857d394e3a859226522fd402dd,experiment_linear_erythrocytes
960.3828782351084,0.0037124319143807703,erythrocytes,URINE,0.8,XGBoost Regressor,GridSearchCV,0.9241695018476119,0.4289134386966104,95.83906910466075,0.002175090106265376,078e2a857d394e3a859226522fd402dd,experiment_linear_erythrocytes
1700.919073500734,0.003711787531649006,erythrocytes,URINE,0.8,XGBoost Regressor,GridSearchCV,0.9241695018476119,0.4289134386966104,95.83906910466075,0.002175090106265376,078e2a857d394e3a859226522fd402dd,experiment_linear_erythrocytes
1571.710935264284,0.023342173546552658,erythrocytes,URINE,0.8,XGBoost Regressor,GridSearchCV,0.9450140321917061,0.448334829932765,96.88657853690324,-0.04334416406678199,078e2a857d394e3a859226522fd402dd,experiment_linear_erythrocytes
1675.848837723512,0.019725993275642395,erythrocytes,URINE,0.8,XGBoost Regressor,GridSearchCV,0.9450140321917061,0.448334829932765,96.88657853690324,-0.04334416406678199,078e2a857d394e3a859226522fd402dd,experiment_linear_erythrocytes
1575.567894614625,0.017665963619947433,erythrocytes,URINE,0.8,XGBoost Regressor,GridSearchCV,0.9450140321917061,0.448334829932765,96.88657853690324,-0.04334416406678199,078e2a857d394e3a859226522fd402dd,experiment_linear_erythrocytes
2971.787179438357,0.016830436885356903,erythrocytes,URINE,0.8,XGBoost Regressor,GridSearchCV,0.9450140321917061,0.448334829932765,96.88657853690324,-0.04334416406678199,078e2a857d394e3a859226522fd402dd,experiment_linear_erythrocytes
1573.639414939454,0.016774823889136314,erythrocytes,URINE,0.8,XGBoost Regressor,GridSearchCV,0.9450140321917061,0.448334829932765,96.88657853690324,-0.04334416406678199,078e2a857d394e3a859226522fd402dd,experiment_linear_erythrocytes
1789.629138558595,0.016494162380695343,erythrocytes,URINE,0.8,XGBoost Regressor,GridSearchCV,0.9450140321917061,0.448334829932765,96.88657853690324,-0.04334416406678199,078e2a857d394e3a859226522fd402dd,experiment_linear_erythrocytes
1631.493805194581,0.01609051786363125,erythrocytes,URINE,0.8,XGBoost Regressor,GridSearchCV,0.9450140321917061,0.448334829932765,96.88657853690324,-0.04334416406678199,078e2a857d394e3a859226522fd402dd,experiment_linear_erythrocytes
1064.520780694337,0.015238882042467594,erythrocytes,URINE,0.8,XGBoost Regressor,GridSearchCV,0.9450140321917061,0.448334829932765,96.88657853690324,-0.04334416406678199,078e2a857d394e3a859226522fd402dd,experiment_linear_erythrocytes
1515.785024684327,0.014328490011394024,erythrocytes,URINE,0.8,XGBoost Regressor,GridSearchCV,0.9450140321917061,0.448334829932765,96.88657853690324,-0.04334416406678199,078e2a857d394e3a859226522fd402dd,experiment_linear_erythrocytes
1278.582024638307,0.01367721427232027,erythrocytes,URINE,0.8,XGBoost Regressor,GridSearchCV,0.9450140321917061,0.448334829932765,96.88657853690324,-0.04334416406678199,078e2a857d394e3a859226522fd402dd,experiment_linear_erythrocytes
1808.913935310304,0.01324231643229723,erythrocytes,URINE,0.8,XGBoost Regressor,GridSearchCV,0.9450140321917061,0.448334829932765,96.88657853690324,-0.04334416406678199,078e2a857d394e3a859226522fd402dd,experiment_linear_erythrocytes
1585.21029299048,0.01298303622752428,erythrocytes,URINE,0.8,XGBoost Regressor,GridSearchCV,0.9450140321917061,0.448334829932765,96.88657853690324,-0.04334416406678199,078e2a857d394e3a859226522fd402dd,experiment_linear_erythrocytes
1583.281813315309,0.012830760329961777,erythrocytes,URINE,0.8,XGBoost Regressor,GridSearchCV,0.9450140321917061,0.448334829932765,96.88657853690324,-0.04334416406678199,078e2a857d394e3a859226522fd402dd,experiment_linear_erythrocytes
1581.353333640138,0.012729860842227936,erythrocytes,URINE,0.8,XGBoost Regressor,GridSearchCV,0.9450140321917061,0.448334829932765,96.88657853690324,-0.04334416406678199,078e2a857d394e3a859226522fd402dd,experiment_linear_erythrocytes
1488.786309231935,0.012439398095011711,erythrocytes,URINE,0.8,XGBoost Regressor,GridSearchCV,0.9450140321917061,0.448334829932765,96.88657853690324,-0.04334416406678199,078e2a857d394e3a859226522fd402dd,experiment_linear_erythrocytes
1677.777317398683,0.011692706495523453,erythrocytes,URINE,0.8,XGBoost Regressor,GridSearchCV,0.9450140321917061,0.448334829932765,96.88657853690324,-0.04334416406678199,078e2a857d394e3a859226522fd402dd,experiment_linear_erythrocytes
1774.201301157228,0.011537357233464718,erythrocytes,URINE,0.8,XGBoost Regressor,GridSearchCV,0.9450140321917061,0.448334829932765,96.88657853690324,-0.04334416406678199,078e2a857d394e3a859226522fd402dd,experiment_linear_erythrocytes
1810.842414985475,0.010965527035295963,erythrocytes,URINE,0.8,XGBoost Regressor,GridSearchCV,0.9450140321917061,0.448334829932765,96.88657853690324,-0.04334416406678199,078e2a857d394e3a859226522fd402dd,experiment_linear_erythrocytes
1519.641984034669,0.010445951484143734,erythrocytes,URINE,0.8,XGBoost Regressor,GridSearchCV,0.9450140321917061,0.448334829932765,96.88657853690324,-0.04334416406678199,078e2a857d394e3a859226522fd402dd,experiment_linear_erythrocytes
1772.272821482057,0.009611288085579872,erythrocytes,URINE,0.8,XGBoost Regressor,GridSearchCV,0.9450140321917061,0.448334829932765,96.88657853690324,-0.04334416406678199,078e2a857d394e3a859226522fd402dd,experiment_linear_erythrocytes
950.7404798592538,0.005854354092672805,erythrocytes,URINE,0.8,XGBoost Regressor,GridSearchCV,0.9241695018476119,0.4289134386966104,95.83906910466075,0.002175090106265376,078e2a857d394e3a859226522fd402dd,experiment_linear_erythrocytes
952.6689595344246,0.005751303206815298,erythrocytes,URINE,0.8,XGBoost Regressor,GridSearchCV,0.9241695018476119,0.4289134386966104,95.83906910466075,0.002175090106265376,078e2a857d394e3a859226522fd402dd,experiment_linear_erythrocytes
954.5974392095954,0.005401377127085863,erythrocytes,URINE,0.8,XGBoost Regressor,GridSearchCV,0.9241695018476119,0.4289134386966104,95.83906910466075,0.002175090106265376,078e2a857d394e3a859226522fd402dd,experiment_linear_erythrocytes
948.812000184083,0.0051995601815306,erythrocytes,URINE,0.8,XGBoost Regressor,GridSearchCV,0.9241695018476119,0.4289134386966104,95.83906910466075,0.002175090106265376,078e2a857d394e3a859226522fd402dd,experiment_linear_erythrocytes
929.5272034323739,0.004929744587694335,erythrocytes,URINE,0.8,XGBoost Regressor,GridSearchCV,0.9241695018476119,0.4289134386966104,95.83906910466075,0.002175090106265376,078e2a857d394e3a859226522fd402dd,experiment_linear_erythrocytes
956.5259188847667,0.004786363333994086,erythrocytes,URINE,0.8,XGBoost Regressor,GridSearchCV,0.9241695018476119,0.4289134386966104,95.83906910466075,0.002175090106265376,078e2a857d394e3a859226522fd402dd,experiment_linear_erythrocytes
931.4556831075452,0.004574010415432337,erythrocytes,URINE,0.8,XGBoost Regressor,GridSearchCV,0.9241695018476119,0.4289134386966104,95.83906910466075,0.002175090106265376,078e2a857d394e3a859226522fd402dd,experiment_linear_erythrocytes
946.8835205089117,0.0041813292334702485,erythrocytes,URINE,0.8,XGBoost Regressor,GridSearchCV,0.9241695018476119,0.4289134386966104,95.83906910466075,0.002175090106265376,078e2a857d394e3a859226522fd402dd,experiment_linear_erythrocytes
1710.561471876588,0.004095123631666894,erythrocytes,URINE,0.8,XGBoost Regressor,GridSearchCV,0.9241695018476119,0.4289134386966104,95.83906910466075,0.002175090106265376,078e2a857d394e3a859226522fd402dd,experiment_linear_erythrocytes
958.4543985599371,0.004072922388321437,erythrocytes,URINE,0.8,XGBoost Regressor,GridSearchCV,0.9241695018476119,0.4289134386966104,95.83906910466075,0.002175090106265376,078e2a857d394e3a859226522fd402dd,experiment_linear_erythrocytes
1708.632992201417,0.004054206396643213,erythrocytes,URINE,0.8,XGBoost Regressor,GridSearchCV,0.9241695018476119,0.4289134386966104,95.83906910466075,0.002175090106265376,078e2a857d394e3a859226522fd402dd,experiment_linear_erythrocytes
933.3841627827155,0.004033790275698499,erythrocytes,URINE,0.8,XGBoost Regressor,GridSearchCV,0.9241695018476119,0.4289134386966104,95.83906910466075,0.002175090106265376,078e2a857d394e3a859226522fd402dd,experiment_linear_erythrocytes
1706.704512526246,0.004021324393511306,erythrocytes,URINE,0.8,XGBoost Regressor,GridSearchCV,0.9241695018476119,0.4289134386966104,95.83906910466075,0.002175090106265376,078e2a857d394e3a859226522fd402dd,experiment_linear_erythrocytes
1712.489951551759,0.0040017500926779505,erythrocytes,URINE,0.8,XGBoost Regressor,GridSearchCV,0.9241695018476119,0.4289134386966104,95.83906910466075,0.002175090106265376,078e2a857d394e3a859226522fd402dd,experiment_linear_erythrocytes
1704.776032851076,0.0039752040847311106,erythrocytes,URINE,0.8,XGBoost Regressor,GridSearchCV,0.9241695018476119,0.4289134386966104,95.83906910466075,0.002175090106265376,078e2a857d394e3a859226522fd402dd,experiment_linear_erythrocytes
1714.41843122693,0.00387716275014063,erythrocytes,URINE,0.8,XGBoost Regressor,GridSearchCV,0.9241695018476119,0.4289134386966104,95.83906910466075,0.002175090106265376,078e2a857d394e3a859226522fd402dd,experiment_linear_erythrocytes
1702.847553175905,0.003762206859282156,erythrocytes,URINE,0.8,XGBoost Regressor,GridSearchCV,0.9241695018476119,0.4289134386966104,95.83906910466075,0.002175090106265376,078e2a857d394e3a859226522fd402dd,experiment_linear_erythrocytes
1716.346910902101,0.00375606013043892,erythrocytes,URINE,0.8,XGBoost Regressor,GridSearchCV,0.9241695018476119,0.4289134386966104,95.83906910466075,0.002175090106265376,078e2a857d394e3a859226522fd402dd,experiment_linear_erythrocytes
960.3828782351084,0.0037124319143807716,erythrocytes,URINE,0.8,XGBoost Regressor,GridSearchCV,0.9241695018476119,0.4289134386966104,95.83906910466075,0.002175090106265376,078e2a857d394e3a859226522fd402dd,experiment_linear_erythrocytes
1700.919073500734,0.003711787531649007,erythrocytes,URINE,0.8,XGBoost Regressor,GridSearchCV,0.9241695018476119,0.4289134386966104,95.83906910466075,0.002175090106265376,078e2a857d394e3a859226522fd402dd,experiment_linear_erythrocytes
1571.710935264284,0.023342173546552658,erythrocytes,URINE,0.8,XGBoost Regressor,GridSearchCV,0.9450140321917061,0.448334829932765,96.88657853690324,-0.04334416406678199,078e2a857d394e3a859226522fd402dd,experiment_linear_erythrocytes
1675.848837723512,0.019725993275642395,erythrocytes,URINE,0.8,XGBoost Regressor,GridSearchCV,0.9450140321917061,0.448334829932765,96.88657853690324,-0.04334416406678199,078e2a857d394e3a859226522fd402dd,experiment_linear_erythrocytes
1575.567894614625,0.017665963619947433,erythrocytes,URINE,0.8,XGBoost Regressor,GridSearchCV,0.9450140321917061,0.448334829932765,96.88657853690324,-0.04334416406678199,078e2a857d394e3a859226522fd402dd,experiment_linear_erythrocytes
2971.787179438357,0.016830436885356903,erythrocytes,URINE,0.8,XGBoost Regressor,GridSearchCV,0.9450140321917061,0.448334829932765,96.88657853690324,-0.04334416406678199,078e2a857d394e3a859226522fd402dd,experiment_linear_erythrocytes
1573.639414939454,0.016774823889136314,erythrocytes,URINE,0.8,XGBoost Regressor,GridSearchCV,0.9450140321917061,0.448334829932765,96.88657853690324,-0.04334416406678199,078e2a857d394e3a859226522fd402dd,experiment_linear_erythrocytes
1789.629138558595,0.016494162380695343,erythrocytes,URINE,0.8,XGBoost Regressor,GridSearchCV,0.9450140321917061,0.448334829932765,96.88657853690324,-0.04334416406678199,078e2a857d394e3a859226522fd402dd,experiment_linear_erythrocytes
1631.493805194581,0.01609051786363125,erythrocytes,URINE,0.8,XGBoost Regressor,GridSearchCV,0.9450140321917061,0.448334829932765,96.88657853690324,-0.04334416406678199,078e2a857d394e3a859226522fd402dd,experiment_linear_erythrocytes
1064.520780694337,0.015238882042467594,erythrocytes,URINE,0.8,XGBoost Regressor,GridSearchCV,0.9450140321917061,0.448334829932765,96.88657853690324,-0.04334416406678199,078e2a857d394e3a859226522fd402dd,experiment_linear_erythrocytes
1515.785024684327,0.014328490011394024,erythrocytes,URINE,0.8,XGBoost Regressor,GridSearchCV,0.9450140321917061,0.448334829932765,96.88657853690324,-0.04334416406678199,078e2a857d394e3a859226522fd402dd,experiment_linear_erythrocytes
1278.582024638307,0.01367721427232027,erythrocytes,URINE,0.8,XGBoost Regressor,GridSearchCV,0.9450140321917061,0.448334829932765,96.88657853690324,-0.04334416406678199,078e2a857d394e3a859226522fd402dd,experiment_linear_erythrocytes
1808.913935310304,0.01324231643229723,erythrocytes,URINE,0.8,XGBoost Regressor,GridSearchCV,0.9450140321917061,0.448334829932765,96.88657853690324,-0.04334416406678199,078e2a857d394e3a859226522fd402dd,experiment_linear_erythrocytes
1585.21029299048,0.01298303622752428,erythrocytes,URINE,0.8,XGBoost Regressor,GridSearchCV,0.9450140321917061,0.448334829932765,96.88657853690324,-0.04334416406678199,078e2a857d394e3a859226522fd402dd,experiment_linear_erythrocytes
1583.281813315309,0.012830760329961777,erythrocytes,URINE,0.8,XGBoost Regressor,GridSearchCV,0.9450140321917061,0.448334829932765,96.88657853690324,-0.04334416406678199,078e2a857d394e3a859226522fd402dd,experiment_linear_erythrocytes
1581.353333640138,0.012729860842227936,erythrocytes,URINE,0.8,XGBoost Regressor,GridSearchCV,0.9450140321917061,0.448334829932765,96.88657853690324,-0.04334416406678199,078e2a857d394e3a859226522fd402dd,experiment_linear_erythrocytes
1488.786309231935,0.012439398095011711,erythrocytes,URINE,0.8,XGBoost Regressor,GridSearchCV,0.9450140321917061,0.448334829932765,96.88657853690324,-0.04334416406678199,078e2a857d394e3a859226522fd402dd,experiment_linear_erythrocytes
1677.777317398683,0.011692706495523453,erythrocytes,URINE,0.8,XGBoost Regressor,GridSearchCV,0.9450140321917061,0.448334829932765,96.88657853690324,-0.04334416406678199,078e2a857d394e3a859226522fd402dd,experiment_linear_erythrocytes
1774.201301157228,0.011537357233464718,erythrocytes,URINE,0.8,XGBoost Regressor,GridSearchCV,0.9450140321917061,0.448334829932765,96.88657853690324,-0.04334416406678199,078e2a857d394e3a859226522fd402dd,experiment_linear_erythrocytes
1810.842414985475,0.010965527035295963,erythrocytes,URINE,0.8,XGBoost Regressor,GridSearchCV,0.9450140321917061,0.448334829932765,96.88657853690324,-0.04334416406678199,078e2a857d394e3a859226522fd402dd,experiment_linear_erythrocytes
1519.641984034669,0.010445951484143734,erythrocytes,URINE,0.8,XGBoost Regressor,GridSearchCV,0.9450140321917061,0.448334829932765,96.88657853690324,-0.04334416406678199,078e2a857d394e3a859226522fd402dd,experiment_linear_erythrocytes
1772.272821482057,0.009611288085579872,erythrocytes,URINE,0.8,XGBoost Regressor,GridSearchCV,0.9450140321917061,0.448334829932765,96.88657853690324,-0.04334416406678199,078e2a857d394e3a859226522fd402dd,experiment_linear_erythrocytes
1222.656114058351,0.008620441053325358,erythrocytes,CAPILAR,0.8,MLP Regressor,BayesSearchCV,0.8916553708165912,0.4247165116892856,92.60424895354356,0.035637568590386026,078e2a857d394e3a859226522fd402dd,experiment_linear_erythrocytes
1224.584593733522,0.00854224476867566,erythrocytes,CAPILAR,0.8,MLP Regressor,BayesSearchCV,0.8916553708165912,0.4247165116892856,92.60424895354356,0.035637568590386026,078e2a857d394e3a859226522fd402dd,experiment_linear_erythrocytes
1220.72763438318,0.008076455907712981,erythrocytes,CAPILAR,0.8,MLP Regressor,BayesSearchCV,0.8916553708165912,0.4247165116892856,92.60424895354356,0.035637568590386026,078e2a857d394e3a859226522fd402dd,experiment_linear_erythrocytes
1226.513073408692,0.008026589740908602,erythrocytes,CAPILAR,0.8,MLP Regressor,BayesSearchCV,0.8916553708165912,0.4247165116892856,92.60424895354356,0.035637568590386026,078e2a857d394e3a859226522fd402dd,experiment_linear_erythrocytes
1228.441553083863,0.007169385048713933,erythrocytes,CAPILAR,0.8,MLP Regressor,BayesSearchCV,0.8916553708165912,0.4247165116892856,92.60424895354356,0.035637568590386026,078e2a857d394e3a859226522fd402dd,experiment_linear_erythrocytes
1218.799154708009,0.006923866339396278,erythrocytes,CAPILAR,0.8,MLP Regressor,BayesSearchCV,0.8916553708165912,0.4247165116892856,92.60424895354356,0.035637568590386026,078e2a857d394e3a859226522fd402dd,experiment_linear_erythrocytes
1230.370032759034,0.006192395386923563,erythrocytes,CAPILAR,0.8,MLP Regressor,BayesSearchCV,0.8916553708165912,0.4247165116892856,92.60424895354356,0.035637568590386026,078e2a857d394e3a859226522fd402dd,experiment_linear_erythrocytes
3048.926366445193,0.00599241600581689,erythrocytes,CAPILAR,0.8,MLP Regressor,BayesSearchCV,0.8916553708165912,0.4247165116892856,92.60424895354356,0.035637568590386026,078e2a857d394e3a859226522fd402dd,experiment_linear_erythrocytes
1216.870675032838,0.00547080727450244,erythrocytes,CAPILAR,0.8,MLP Regressor,BayesSearchCV,0.8916553708165912,0.4247165116892856,92.60424895354356,0.035637568590386026,078e2a857d394e3a859226522fd402dd,experiment_linear_erythrocytes
1232.298512434205,0.0054285687258025595,erythrocytes,CAPILAR,0.8,MLP Regressor,BayesSearchCV,0.8916553708165912,0.4247165116892856,92.60424895354356,0.035637568590386026,078e2a857d394e3a859226522fd402dd,experiment_linear_erythrocytes
1349.93577261963,0.005066158908334263,erythrocytes,CAPILAR,0.8,MLP Regressor,BayesSearchCV,0.8916553708165912,0.4247165116892856,92.60424895354356,0.035637568590386026,078e2a857d394e3a859226522fd402dd,experiment_linear_erythrocytes
1351.864252294801,0.0049191515966703625,erythrocytes,CAPILAR,0.8,MLP Regressor,BayesSearchCV,0.8916553708165912,0.4247165116892856,92.60424895354356,0.035637568590386026,078e2a857d394e3a859226522fd402dd,experiment_linear_erythrocytes
1234.226992109376,0.004907906002292534,erythrocytes,CAPILAR,0.8,MLP Regressor,BayesSearchCV,0.8916553708165912,0.4247165116892856,92.60424895354356,0.035637568590386026,078e2a857d394e3a859226522fd402dd,experiment_linear_erythrocytes
1700.919073500734,0.004902578662166743,erythrocytes,CAPILAR,0.8,MLP Regressor,BayesSearchCV,0.8916553708165912,0.4247165116892856,92.60424895354356,0.035637568590386026,078e2a857d394e3a859226522fd402dd,experiment_linear_erythrocytes
1238.083951459718,0.004832697695980716,erythrocytes,CAPILAR,0.8,MLP Regressor,BayesSearchCV,0.8916553708165912,0.4247165116892856,92.60424895354356,0.035637568590386026,078e2a857d394e3a859226522fd402dd,experiment_linear_erythrocytes
1698.990593825563,0.0048180334223086995,erythrocytes,CAPILAR,0.8,MLP Regressor,BayesSearchCV,0.8916553708165912,0.4247165116892856,92.60424895354356,0.035637568590386026,078e2a857d394e3a859226522fd402dd,experiment_linear_erythrocytes
1348.007292944459,0.0048067707185372715,erythrocytes,CAPILAR,0.8,MLP Regressor,BayesSearchCV,0.8916553708165912,0.4247165116892856,92.60424895354356,0.035637568590386026,078e2a857d394e3a859226522fd402dd,experiment_linear_erythrocytes
1236.155471784547,0.004754273140575964,erythrocytes,CAPILAR,0.8,MLP Regressor,BayesSearchCV,0.8916553708165912,0.4247165116892856,92.60424895354356,0.035637568590386026,078e2a857d394e3a859226522fd402dd,experiment_linear_erythrocytes
1240.012431134889,0.004691286956575627,erythrocytes,CAPILAR,0.8,MLP Regressor,BayesSearchCV,0.8916553708165912,0.4247165116892856,92.60424895354356,0.035637568590386026,078e2a857d394e3a859226522fd402dd,experiment_linear_erythrocytes
1164.801723803224,0.004626879270237572,erythrocytes,CAPILAR,0.8,MLP Regressor,BayesSearchCV,0.8916553708165912,0.4247165116892856,92.60424895354356,0.035637568590386026,078e2a857d394e3a859226522fd402dd,experiment_linear_erythrocytes
1400.076244174074,0.005323088837107358,erythrocytes,CAPILAR,0.8,MLP Regressor,BayesSearchCV,0.9061602160033877,0.42428394892138555,95.24644401575515,0.004007184706845912,078e2a857d394e3a859226522fd402dd,experiment_linear_erythrocytes
1506.142626308473,0.0052053050923052645,erythrocytes,CAPILAR,0.8,MLP Regressor,BayesSearchCV,0.9061602160033877,0.42428394892138555,95.24644401575515,0.004007184706845912,078e2a857d394e3a859226522fd402dd,experiment_linear_erythrocytes
1498.428707607789,0.005110999783010958,erythrocytes,CAPILAR,0.8,MLP Regressor,BayesSearchCV,0.9061602160033877,0.42428394892138555,95.24644401575515,0.004007184706845912,078e2a857d394e3a859226522fd402dd,experiment_linear_erythrocytes
1415.504081575441,0.005092498449421574,erythrocytes,CAPILAR,0.8,MLP Regressor,BayesSearchCV,0.9061602160033877,0.42428394892138555,95.24644401575515,0.004007184706845912,078e2a857d394e3a859226522fd402dd,experiment_linear_erythrocytes
1687.419715774538,0.005030003398384805,erythrocytes,CAPILAR,0.8,MLP Regressor,BayesSearchCV,0.9061602160033877,0.42428394892138555,95.24644401575515,0.004007184706845912,078e2a857d394e3a859226522fd402dd,experiment_linear_erythrocytes
2802.080968023317,0.004894671855384889,erythrocytes,CAPILAR,0.8,MLP Regressor,BayesSearchCV,0.9061602160033877,0.42428394892138555,95.24644401575515,0.004007184706845912,078e2a857d394e3a859226522fd402dd,experiment_linear_erythrocytes
1301.723780740358,0.004729109114765379,erythrocytes,CAPILAR,0.8,MLP Regressor,BayesSearchCV,0.9061602160033877,0.42428394892138555,95.24644401575515,0.004007184706845912,078e2a857d394e3a859226522fd402dd,experiment_linear_erythrocytes
1745.274106029664,0.0045098133913874985,erythrocytes,CAPILAR,0.8,MLP Regressor,BayesSearchCV,0.9061602160033877,0.42428394892138555,95.24644401575515,0.004007184706845912,078e2a857d394e3a859226522fd402dd,experiment_linear_erythrocytes
1583.281813315309,0.004433639822809466,erythrocytes,CAPILAR,0.8,MLP Regressor,BayesSearchCV,0.9061602160033877,0.42428394892138555,95.24644401575515,0.004007184706845912,078e2a857d394e3a859226522fd402dd,experiment_linear_erythrocytes
2871.50623632947,0.004430015290380019,erythrocytes,CAPILAR,0.8,MLP Regressor,BayesSearchCV,0.9061602160033877,0.42428394892138555,95.24644401575515,0.004007184706845912,078e2a857d394e3a859226522fd402dd,experiment_linear_erythrocytes
2545.593171225588,0.004308684134165581,erythrocytes,CAPILAR,0.8,MLP Regressor,BayesSearchCV,0.9061602160033877,0.42428394892138555,95.24644401575515,0.004007184706845912,078e2a857d394e3a859226522fd402dd,experiment_linear_erythrocytes
1675.848837723512,0.004225727470850007,erythrocytes,CAPILAR,0.8,MLP Regressor,BayesSearchCV,0.9061602160033877,0.42428394892138555,95.24644401575515,0.004007184706845912,078e2a857d394e3a859226522fd402dd,experiment_linear_erythrocytes
1483.000870206422,0.00414893591700772,erythrocytes,CAPILAR,0.8,MLP Regressor,BayesSearchCV,0.9061602160033877,0.42428394892138555,95.24644401575515,0.004007184706845912,078e2a857d394e3a859226522fd402dd,experiment_linear_erythrocytes
3050.854846120364,0.0041377489387746345,erythrocytes,CAPILAR,0.8,MLP Regressor,BayesSearchCV,0.9061602160033877,0.42428394892138555,95.24644401575515,0.004007184706845912,078e2a857d394e3a859226522fd402dd,experiment_linear_erythrocytes
1589.067252340822,0.004030875492837294,erythrocytes,CAPILAR,0.8,MLP Regressor,BayesSearchCV,0.9061602160033877,0.42428394892138555,95.24644401575515,0.004007184706845912,078e2a857d394e3a859226522fd402dd,experiment_linear_erythrocytes
2915.861268858401,0.00402562503466741,erythrocytes,CAPILAR,0.8,MLP Regressor,BayesSearchCV,0.9061602160033877,0.42428394892138555,95.24644401575515,0.004007184706845912,078e2a857d394e3a859226522fd402dd,experiment_linear_erythrocytes
1752.988024730348,0.003961606859784739,erythrocytes,CAPILAR,0.8,MLP Regressor,BayesSearchCV,0.9061602160033877,0.42428394892138555,95.24644401575515,0.004007184706845912,078e2a857d394e3a859226522fd402dd,experiment_linear_erythrocytes
1425.146479951295,0.003904539801963768,erythrocytes,CAPILAR,0.8,MLP Regressor,BayesSearchCV,0.9061602160033877,0.42428394892138555,95.24644401575515,0.004007184706845912,078e2a857d394e3a859226522fd402dd,experiment_linear_erythrocytes
2559.092528951784,0.003869255726948664,erythrocytes,CAPILAR,0.8,MLP Regressor,BayesSearchCV,0.9061602160033877,0.42428394892138555,95.24644401575515,0.004007184706845912,078e2a857d394e3a859226522fd402dd,experiment_linear_erythrocytes
1833.984171087526,0.0038350917722281873,erythrocytes,CAPILAR,0.8,MLP Regressor,BayesSearchCV,0.9061602160033877,0.42428394892138555,95.24644401575515,0.004007184706845912,078e2a857d394e3a859226522fd402dd,experiment_linear_erythrocytes
1222.656114058351,0.008615942897512342,erythrocytes,CAPILAR,0.8,MLP Regressor,BayesSearchCV,0.8916346796636344,0.4247402100978928,92.5982693652025,0.03568232475899169,078e2a857d394e3a859226522fd402dd,experiment_linear_erythrocytes
1224.584593733522,0.008537611081645257,erythrocytes,CAPILAR,0.8,MLP Regressor,BayesSearchCV,0.8916346796636344,0.4247402100978928,92.5982693652025,0.03568232475899169,078e2a857d394e3a859226522fd402dd,experiment_linear_erythrocytes
1220.72763438318,0.008072336496048901,erythrocytes,CAPILAR,0.8,MLP Regressor,BayesSearchCV,0.8916346796636344,0.4247402100978928,92.5982693652025,0.03568232475899169,078e2a857d394e3a859226522fd402dd,experiment_linear_erythrocytes
1226.513073408692,0.008022229547934308,erythrocytes,CAPILAR,0.8,MLP Regressor,BayesSearchCV,0.8916346796636344,0.4247402100978928,92.5982693652025,0.03568232475899169,078e2a857d394e3a859226522fd402dd,experiment_linear_erythrocytes
1228.441553083863,0.007165620434758934,erythrocytes,CAPILAR,0.8,MLP Regressor,BayesSearchCV,0.8916346796636344,0.4247402100978928,92.5982693652025,0.03568232475899169,078e2a857d394e3a859226522fd402dd,experiment_linear_erythrocytes
1218.799154708009,0.006920325999054656,erythrocytes,CAPILAR,0.8,MLP Regressor,BayesSearchCV,0.8916346796636344,0.4247402100978928,92.5982693652025,0.03568232475899169,078e2a857d394e3a859226522fd402dd,experiment_linear_erythrocytes
1230.370032759034,0.006189374468698576,erythrocytes,CAPILAR,0.8,MLP Regressor,BayesSearchCV,0.8916346796636344,0.4247402100978928,92.5982693652025,0.03568232475899169,078e2a857d394e3a859226522fd402dd,experiment_linear_erythrocytes
3048.926366445193,0.0059754574341521205,erythrocytes,CAPILAR,0.8,MLP Regressor,BayesSearchCV,0.8916346796636344,0.4247402100978928,92.5982693652025,0.03568232475899169,078e2a857d394e3a859226522fd402dd,experiment_linear_erythrocytes
1216.870675032838,0.005468219102172375,erythrocytes,CAPILAR,0.8,MLP Regressor,BayesSearchCV,0.8916346796636344,0.4247402100978928,92.5982693652025,0.03568232475899169,078e2a857d394e3a859226522fd402dd,experiment_linear_erythrocytes
1232.298512434205,0.0054261515683541135,erythrocytes,CAPILAR,0.8,MLP Regressor,BayesSearchCV,0.8916346796636344,0.4247402100978928,92.5982693652025,0.03568232475899169,078e2a857d394e3a859226522fd402dd,experiment_linear_erythrocytes
1349.93577261963,0.005067289394152178,erythrocytes,CAPILAR,0.8,MLP Regressor,BayesSearchCV,0.8916346796636344,0.4247402100978928,92.5982693652025,0.03568232475899169,078e2a857d394e3a859226522fd402dd,experiment_linear_erythrocytes
1351.864252294801,0.004920426887166133,erythrocytes,CAPILAR,0.8,MLP Regressor,BayesSearchCV,0.8916346796636344,0.4247402100978928,92.5982693652025,0.03568232475899169,078e2a857d394e3a859226522fd402dd,experiment_linear_erythrocytes
1234.226992109376,0.004905921004177593,erythrocytes,CAPILAR,0.8,MLP Regressor,BayesSearchCV,0.8916346796636344,0.4247402100978928,92.5982693652025,0.03568232475899169,078e2a857d394e3a859226522fd402dd,experiment_linear_erythrocytes
1700.919073500734,0.004903387097566847,erythrocytes,CAPILAR,0.8,MLP Regressor,BayesSearchCV,0.8916346796636344,0.4247402100978928,92.5982693652025,0.03568232475899169,078e2a857d394e3a859226522fd402dd,experiment_linear_erythrocytes
1238.083951459718,0.0048307336290789715,erythrocytes,CAPILAR,0.8,MLP Regressor,BayesSearchCV,0.8916346796636344,0.4247402100978928,92.5982693652025,0.03568232475899169,078e2a857d394e3a859226522fd402dd,experiment_linear_erythrocytes
1698.990593825563,0.004817844158361725,erythrocytes,CAPILAR,0.8,MLP Regressor,BayesSearchCV,0.8916346796636344,0.4247402100978928,92.5982693652025,0.03568232475899169,078e2a857d394e3a859226522fd402dd,experiment_linear_erythrocytes
1348.007292944459,0.004808193017471859,erythrocytes,CAPILAR,0.8,MLP Regressor,BayesSearchCV,0.8916346796636344,0.4247402100978928,92.5982693652025,0.03568232475899169,078e2a857d394e3a859226522fd402dd,experiment_linear_erythrocytes
1236.155471784547,0.0047524047658510414,erythrocytes,CAPILAR,0.8,MLP Regressor,BayesSearchCV,0.8916346796636344,0.4247402100978928,92.5982693652025,0.03568232475899169,078e2a857d394e3a859226522fd402dd,experiment_linear_erythrocytes
1240.012431134889,0.004689484815405389,erythrocytes,CAPILAR,0.8,MLP Regressor,BayesSearchCV,0.8916346796636344,0.4247402100978928,92.5982693652025,0.03568232475899169,078e2a857d394e3a859226522fd402dd,experiment_linear_erythrocytes
1164.801723803224,0.004617225985024054,erythrocytes,CAPILAR,0.8,MLP Regressor,BayesSearchCV,0.8916346796636344,0.4247402100978928,92.5982693652025,0.03568232475899169,078e2a857d394e3a859226522fd402dd,experiment_linear_erythrocytes
1550.497658837404,0.010278219100056801,erythrocytes,CAPILAR,0.8,MLP Regressor,BayesSearchCV,0.9118332493758614,0.43623539121367416,94.01965962225765,-0.008502716493715923,078e2a857d394e3a859226522fd402dd,experiment_linear_erythrocytes
1548.569179162233,0.010242388663567477,erythrocytes,CAPILAR,0.8,MLP Regressor,BayesSearchCV,0.9118332493758614,0.43623539121367416,94.01965962225765,-0.008502716493715923,078e2a857d394e3a859226522fd402dd,experiment_linear_erythrocytes
1544.712219811891,0.00985292875731185,erythrocytes,CAPILAR,0.8,MLP Regressor,BayesSearchCV,0.9118332493758614,0.43623539121367416,94.01965962225765,-0.008502716493715923,078e2a857d394e3a859226522fd402dd,experiment_linear_erythrocytes
1552.426138512574,0.009743488579240484,erythrocytes,CAPILAR,0.8,MLP Regressor,BayesSearchCV,0.9118332493758614,0.43623539121367416,94.01965962225765,-0.008502716493715923,078e2a857d394e3a859226522fd402dd,experiment_linear_erythrocytes
1542.78374013672,0.00937258143441517,erythrocytes,CAPILAR,0.8,MLP Regressor,BayesSearchCV,0.9118332493758614,0.43623539121367416,94.01965962225765,-0.008502716493715923,078e2a857d394e3a859226522fd402dd,experiment_linear_erythrocytes
1554.354618187745,0.009317003053292075,erythrocytes,CAPILAR,0.8,MLP Regressor,BayesSearchCV,0.9118332493758614,0.43623539121367416,94.01965962225765,-0.008502716493715923,078e2a857d394e3a859226522fd402dd,experiment_linear_erythrocytes
1556.283097862916,0.009301533662146335,erythrocytes,CAPILAR,0.8,MLP Regressor,BayesSearchCV,0.9118332493758614,0.43623539121367416,94.01965962225765,-0.008502716493715923,078e2a857d394e3a859226522fd402dd,experiment_linear_erythrocytes
1546.640699487062,0.008533907730673987,erythrocytes,CAPILAR,0.8,MLP Regressor,BayesSearchCV,0.9118332493758614,0.43623539121367416,94.01965962225765,-0.008502716493715923,078e2a857d394e3a859226522fd402dd,experiment_linear_erythrocytes
1540.855260461549,0.008125920124154033,erythrocytes,CAPILAR,0.8,MLP Regressor,BayesSearchCV,0.9118332493758614,0.43623539121367416,94.01965962225765,-0.008502716493715923,078e2a857d394e3a859226522fd402dd,experiment_linear_erythrocytes
1538.926780786378,0.008066168477554415,erythrocytes,CAPILAR,0.8,MLP Regressor,BayesSearchCV,0.9118332493758614,0.43623539121367416,94.01965962225765,-0.008502716493715923,078e2a857d394e3a859226522fd402dd,experiment_linear_erythrocytes
1533.141341760865,0.007524146948954566,erythrocytes,CAPILAR,0.8,MLP Regressor,BayesSearchCV,0.9118332493758614,0.43623539121367416,94.01965962225765,-0.008502716493715923,078e2a857d394e3a859226522fd402dd,experiment_linear_erythrocytes
1560.140057213258,0.00746736117363065,erythrocytes,CAPILAR,0.8,MLP Regressor,BayesSearchCV,0.9118332493758614,0.43623539121367416,94.01965962225765,-0.008502716493715923,078e2a857d394e3a859226522fd402dd,experiment_linear_erythrocytes
1536.998301111207,0.0073792258564789525,erythrocytes,CAPILAR,0.8,MLP Regressor,BayesSearchCV,0.9118332493758614,0.43623539121367416,94.01965962225765,-0.008502716493715923,078e2a857d394e3a859226522fd402dd,experiment_linear_erythrocytes
1558.211577538087,0.007374533871895878,erythrocytes,CAPILAR,0.8,MLP Regressor,BayesSearchCV,0.9118332493758614,0.43623539121367416,94.01965962225765,-0.008502716493715923,078e2a857d394e3a859226522fd402dd,experiment_linear_erythrocytes
1531.212862085695,0.006914400990085202,erythrocytes,CAPILAR,0.8,MLP Regressor,BayesSearchCV,0.9118332493758614,0.43623539121367416,94.01965962225765,-0.008502716493715923,078e2a857d394e3a859226522fd402dd,experiment_linear_erythrocytes
1562.068536888429,0.0068768867717866715,erythrocytes,CAPILAR,0.8,MLP Regressor,BayesSearchCV,0.9118332493758614,0.43623539121367416,94.01965962225765,-0.008502716493715923,078e2a857d394e3a859226522fd402dd,experiment_linear_erythrocytes
1535.069821436036,0.006533940797492701,erythrocytes,CAPILAR,0.8,MLP Regressor,BayesSearchCV,0.9118332493758614,0.43623539121367416,94.01965962225765,-0.008502716493715923,078e2a857d394e3a859226522fd402dd,experiment_linear_erythrocytes
1565.925496238771,0.006333442200497912,erythrocytes,CAPILAR,0.8,MLP Regressor,BayesSearchCV,0.9118332493758614,0.43623539121367416,94.01965962225765,-0.008502716493715923,078e2a857d394e3a859226522fd402dd,experiment_linear_erythrocytes
1563.9970165636,0.005977053756169393,erythrocytes,CAPILAR,0.8,MLP Regressor,BayesSearchCV,0.9118332493758614,0.43623539121367416,94.01965962225765,-0.008502716493715923,078e2a857d394e3a859226522fd402dd,experiment_linear_erythrocytes
1529.284382410524,0.0055515289554349265,erythrocytes,CAPILAR,0.8,MLP Regressor,BayesSearchCV,0.9118332493758614,0.43623539121367416,94.01965962225765,-0.008502716493715923,078e2a857d394e3a859226522fd402dd,experiment_linear_erythrocytes
2501.238138696657,0.00400830062315248,erythrocytes,PLASMA,0.8,MLP Regressor,BayesSearchCV,0.9055753224855719,0.4359935164657059,90.77756375105153,-0.04693475544864101,078e2a857d394e3a859226522fd402dd,experiment_linear_erythrocytes
2503.166618371828,0.004003873844138637,erythrocytes,PLASMA,0.8,MLP Regressor,BayesSearchCV,0.9055753224855719,0.4359935164657059,90.77756375105153,-0.04693475544864101,078e2a857d394e3a859226522fd402dd,experiment_linear_erythrocytes
2505.095098046999,0.004000779906990027,erythrocytes,PLASMA,0.8,MLP Regressor,BayesSearchCV,0.9055753224855719,0.4359935164657059,90.77756375105153,-0.04693475544864101,078e2a857d394e3a859226522fd402dd,experiment_linear_erythrocytes
2507.02357772217,0.003996215564726349,erythrocytes,PLASMA,0.8,MLP Regressor,BayesSearchCV,0.9055753224855719,0.4359935164657059,90.77756375105153,-0.04693475544864101,078e2a857d394e3a859226522fd402dd,experiment_linear_erythrocytes
2508.952057397341,0.003990139429731526,erythrocytes,PLASMA,0.8,MLP Regressor,BayesSearchCV,0.9055753224855719,0.4359935164657059,90.77756375105153,-0.04693475544864101,078e2a857d394e3a859226522fd402dd,experiment_linear_erythrocytes
2510.880537072512,0.003984673577067375,erythrocytes,PLASMA,0.8,MLP Regressor,BayesSearchCV,0.9055753224855719,0.4359935164657059,90.77756375105153,-0.04693475544864101,078e2a857d394e3a859226522fd402dd,experiment_linear_erythrocytes
2512.809016747683,0.003977744625369977,erythrocytes,PLASMA,0.8,MLP Regressor,BayesSearchCV,0.9055753224855719,0.4359935164657059,90.77756375105153,-0.04693475544864101,078e2a857d394e3a859226522fd402dd,experiment_linear_erythrocytes
2514.737496422853,0.003971305526248766,erythrocytes,PLASMA,0.8,MLP Regressor,BayesSearchCV,0.9055753224855719,0.4359935164657059,90.77756375105153,-0.04693475544864101,078e2a857d394e3a859226522fd402dd,experiment_linear_erythrocytes
2516.665976098025,0.00396899434035789,erythrocytes,PLASMA,0.8,MLP Regressor,BayesSearchCV,0.9055753224855719,0.4359935164657059,90.77756375105153,-0.04693475544864101,078e2a857d394e3a859226522fd402dd,experiment_linear_erythrocytes
2518.594455773195,0.003968963533247436,erythrocytes,PLASMA,0.8,MLP Regressor,BayesSearchCV,0.9055753224855719,0.4359935164657059,90.77756375105153,-0.04693475544864101,078e2a857d394e3a859226522fd402dd,experiment_linear_erythrocytes
2520.522935448366,0.0039666280917667026,erythrocytes,PLASMA,0.8,MLP Regressor,BayesSearchCV,0.9055753224855719,0.4359935164657059,90.77756375105153,-0.04693475544864101,078e2a857d394e3a859226522fd402dd,experiment_linear_erythrocytes
2522.451415123537,0.003961859001186739,erythrocytes,PLASMA,0.8,MLP Regressor,BayesSearchCV,0.9055753224855719,0.4359935164657059,90.77756375105153,-0.04693475544864101,078e2a857d394e3a859226522fd402dd,experiment_linear_erythrocytes
2524.379894798708,0.003958525513117682,erythrocytes,PLASMA,0.8,MLP Regressor,BayesSearchCV,0.9055753224855719,0.4359935164657059,90.77756375105153,-0.04693475544864101,078e2a857d394e3a859226522fd402dd,experiment_linear_erythrocytes
2526.308374473879,0.003956520186059173,erythrocytes,PLASMA,0.8,MLP Regressor,BayesSearchCV,0.9055753224855719,0.4359935164657059,90.77756375105153,-0.04693475544864101,078e2a857d394e3a859226522fd402dd,experiment_linear_erythrocytes
2528.23685414905,0.003954099853649485,erythrocytes,PLASMA,0.8,MLP Regressor,BayesSearchCV,0.9055753224855719,0.4359935164657059,90.77756375105153,-0.04693475544864101,078e2a857d394e3a859226522fd402dd,experiment_linear_erythrocytes
2530.165333824221,0.0039517126591454175,erythrocytes,PLASMA,0.8,MLP Regressor,BayesSearchCV,0.9055753224855719,0.4359935164657059,90.77756375105153,-0.04693475544864101,078e2a857d394e3a859226522fd402dd,experiment_linear_erythrocytes
2537.879252524904,0.003950119339401579,erythrocytes,PLASMA,0.8,MLP Regressor,BayesSearchCV,0.9055753224855719,0.4359935164657059,90.77756375105153,-0.04693475544864101,078e2a857d394e3a859226522fd402dd,experiment_linear_erythrocytes
2532.093813499392,0.00394864837346053,erythrocytes,PLASMA,0.8,MLP Regressor,BayesSearchCV,0.9055753224855719,0.4359935164657059,90.77756375105153,-0.04693475544864101,078e2a857d394e3a859226522fd402dd,experiment_linear_erythrocytes
2535.950772849733,0.003948537780777473,erythrocytes,PLASMA,0.8,MLP Regressor,BayesSearchCV,0.9055753224855719,0.4359935164657059,90.77756375105153,-0.04693475544864101,078e2a857d394e3a859226522fd402dd,experiment_linear_erythrocytes
2534.022293174562,0.003946640882641371,erythrocytes,PLASMA,0.8,MLP Regressor,BayesSearchCV,0.9055753224855719,0.4359935164657059,90.77756375105153,-0.04693475544864101,078e2a857d394e3a859226522fd402dd,experiment_linear_erythrocytes
3041.212447744509,0.008847009564673103,erythrocytes,PLASMA,0.8,MLP Regressor,BayesSearchCV,0.9129258131494115,0.49117867262258824,89.88088876136074,-0.06399952257119601,078e2a857d394e3a859226522fd402dd,experiment_linear_erythrocytes
2724.941781016481,0.0066467544658767785,erythrocytes,PLASMA,0.8,MLP Regressor,BayesSearchCV,0.9129258131494115,0.49117867262258824,89.88088876136074,-0.06399952257119601,078e2a857d394e3a859226522fd402dd,experiment_linear_erythrocytes
3043.14092741968,0.006298048315172896,erythrocytes,PLASMA,0.8,MLP Regressor,BayesSearchCV,0.9129258131494115,0.49117867262258824,89.88088876136074,-0.06399952257119601,078e2a857d394e3a859226522fd402dd,experiment_linear_erythrocytes
3039.283968069338,0.005662049358056938,erythrocytes,PLASMA,0.8,MLP Regressor,BayesSearchCV,0.9129258131494115,0.49117867262258824,89.88088876136074,-0.06399952257119601,078e2a857d394e3a859226522fd402dd,experiment_linear_erythrocytes
1484.929349881593,0.0055628432878131115,erythrocytes,PLASMA,0.8,MLP Regressor,BayesSearchCV,0.9129258131494115,0.49117867262258824,89.88088876136074,-0.06399952257119601,078e2a857d394e3a859226522fd402dd,experiment_linear_erythrocytes
1483.000870206422,0.005480430213718775,erythrocytes,PLASMA,0.8,MLP Regressor,BayesSearchCV,0.9129258131494115,0.49117867262258824,89.88088876136074,-0.06399952257119601,078e2a857d394e3a859226522fd402dd,experiment_linear_erythrocytes
1486.857829556764,0.00529415523011723,erythrocytes,PLASMA,0.8,MLP Regressor,BayesSearchCV,0.9129258131494115,0.49117867262258824,89.88088876136074,-0.06399952257119601,078e2a857d394e3a859226522fd402dd,experiment_linear_erythrocytes
1481.072390531251,0.005293211127101074,erythrocytes,PLASMA,0.8,MLP Regressor,BayesSearchCV,0.9129258131494115,0.49117867262258824,89.88088876136074,-0.06399952257119601,078e2a857d394e3a859226522fd402dd,experiment_linear_erythrocytes
2721.08482166614,0.005065344217560182,erythrocytes,PLASMA,0.8,MLP Regressor,BayesSearchCV,0.9129258131494115,0.49117867262258824,89.88088876136074,-0.06399952257119601,078e2a857d394e3a859226522fd402dd,experiment_linear_erythrocytes
2732.655699717165,0.0050626901832043275,erythrocytes,PLASMA,0.8,MLP Regressor,BayesSearchCV,0.9129258131494115,0.49117867262258824,89.88088876136074,-0.06399952257119601,078e2a857d394e3a859226522fd402dd,experiment_linear_erythrocytes
1488.786309231935,0.004984814074526949,erythrocytes,PLASMA,0.8,MLP Regressor,BayesSearchCV,0.9129258131494115,0.49117867262258824,89.88088876136074,-0.06399952257119601,078e2a857d394e3a859226522fd402dd,experiment_linear_erythrocytes
1105.018853872926,0.004872709432914957,erythrocytes,PLASMA,0.8,MLP Regressor,BayesSearchCV,0.9129258131494115,0.49117867262258824,89.88088876136074,-0.06399952257119601,078e2a857d394e3a859226522fd402dd,experiment_linear_erythrocytes
2726.870260691652,0.004860458404300617,erythrocytes,PLASMA,0.8,MLP Regressor,BayesSearchCV,0.9129258131494115,0.49117867262258824,89.88088876136074,-0.06399952257119601,078e2a857d394e3a859226522fd402dd,experiment_linear_erythrocytes
1103.090374197755,0.004798757966794389,erythrocytes,PLASMA,0.8,MLP Regressor,BayesSearchCV,0.9129258131494115,0.49117867262258824,89.88088876136074,-0.06399952257119601,078e2a857d394e3a859226522fd402dd,experiment_linear_erythrocytes
993.1670327130137,0.004690014821025301,erythrocytes,PLASMA,0.8,MLP Regressor,BayesSearchCV,0.9129258131494115,0.49117867262258824,89.88088876136074,-0.06399952257119601,078e2a857d394e3a859226522fd402dd,experiment_linear_erythrocytes
1479.14391085608,0.0046282142496285525,erythrocytes,PLASMA,0.8,MLP Regressor,BayesSearchCV,0.9129258131494115,0.49117867262258824,89.88088876136074,-0.06399952257119601,078e2a857d394e3a859226522fd402dd,experiment_linear_erythrocytes
1477.215431180909,0.004589340099407255,erythrocytes,PLASMA,0.8,MLP Regressor,BayesSearchCV,0.9129258131494115,0.49117867262258824,89.88088876136074,-0.06399952257119601,078e2a857d394e3a859226522fd402dd,experiment_linear_erythrocytes
2709.513943615114,0.004546533171442293,erythrocytes,PLASMA,0.8,MLP Regressor,BayesSearchCV,0.9129258131494115,0.49117867262258824,89.88088876136074,-0.06399952257119601,078e2a857d394e3a859226522fd402dd,experiment_linear_erythrocytes
1101.161894522584,0.004513378404341621,erythrocytes,PLASMA,0.8,MLP Regressor,BayesSearchCV,0.9129258131494115,0.49117867262258824,89.88088876136074,-0.06399952257119601,078e2a857d394e3a859226522fd402dd,experiment_linear_erythrocytes
2723.013301341311,0.004476841075587364,erythrocytes,PLASMA,0.8,MLP Regressor,BayesSearchCV,0.9129258131494115,0.49117867262258824,89.88088876136074,-0.06399952257119601,078e2a857d394e3a859226522fd402dd,experiment_linear_erythrocytes
3048.926366445193,0.00376337578548858,erythrocytes,PLASMA,0.8,MLP Regressor,BayesSearchCV,0.9074380929860231,0.43405127576458746,90.45843339058835,-0.05124627965198125,078e2a857d394e3a859226522fd402dd,experiment_linear_erythrocytes
3050.854846120364,0.003739039892656617,erythrocytes,PLASMA,0.8,MLP Regressor,BayesSearchCV,0.9074380929860231,0.43405127576458746,90.45843339058835,-0.05124627965198125,078e2a857d394e3a859226522fd402dd,experiment_linear_erythrocytes
3046.997886770022,0.0035834911729268953,erythrocytes,PLASMA,0.8,MLP Regressor,BayesSearchCV,0.9074380929860231,0.43405127576458746,90.45843339058835,-0.05124627965198125,078e2a857d394e3a859226522fd402dd,experiment_linear_erythrocytes
2503.166618371828,0.0031300520054645246,erythrocytes,PLASMA,0.8,MLP Regressor,BayesSearchCV,0.9074380929860231,0.43405127576458746,90.45843339058835,-0.05124627965198125,078e2a857d394e3a859226522fd402dd,experiment_linear_erythrocytes
2505.095098046999,0.0031287998082575974,erythrocytes,PLASMA,0.8,MLP Regressor,BayesSearchCV,0.9074380929860231,0.43405127576458746,90.45843339058835,-0.05124627965198125,078e2a857d394e3a859226522fd402dd,experiment_linear_erythrocytes
2501.238138696657,0.0031278954509721645,erythrocytes,PLASMA,0.8,MLP Regressor,BayesSearchCV,0.9074380929860231,0.43405127576458746,90.45843339058835,-0.05124627965198125,078e2a857d394e3a859226522fd402dd,experiment_linear_erythrocytes
2507.02357772217,0.0031240162618723544,erythrocytes,PLASMA,0.8,MLP Regressor,BayesSearchCV,0.9074380929860231,0.43405127576458746,90.45843339058835,-0.05124627965198125,078e2a857d394e3a859226522fd402dd,experiment_linear_erythrocytes
3045.069407094851,0.003117182946699393,erythrocytes,PLASMA,0.8,MLP Regressor,BayesSearchCV,0.9074380929860231,0.43405127576458746,90.45843339058835,-0.05124627965198125,078e2a857d394e3a859226522fd402dd,experiment_linear_erythrocytes
2508.952057397341,0.003116910206362285,erythrocytes,PLASMA,0.8,MLP Regressor,BayesSearchCV,0.9074380929860231,0.43405127576458746,90.45843339058835,-0.05124627965198125,078e2a857d394e3a859226522fd402dd,experiment_linear_erythrocytes
2510.880537072512,0.0031097867608582946,erythrocytes,PLASMA,0.8,MLP Regressor,BayesSearchCV,0.9074380929860231,0.43405127576458746,90.45843339058835,-0.05124627965198125,078e2a857d394e3a859226522fd402dd,experiment_linear_erythrocytes
2512.809016747683,0.0031059169545470545,erythrocytes,PLASMA,0.8,MLP Regressor,BayesSearchCV,0.9074380929860231,0.43405127576458746,90.45843339058835,-0.05124627965198125,078e2a857d394e3a859226522fd402dd,experiment_linear_erythrocytes
2514.737496422853,0.0031030714947048524,erythrocytes,PLASMA,0.8,MLP Regressor,BayesSearchCV,0.9074380929860231,0.43405127576458746,90.45843339058835,-0.05124627965198125,078e2a857d394e3a859226522fd402dd,experiment_linear_erythrocytes
2516.665976098025,0.0030976936909395663,erythrocytes,PLASMA,0.8,MLP Regressor,BayesSearchCV,0.9074380929860231,0.43405127576458746,90.45843339058835,-0.05124627965198125,078e2a857d394e3a859226522fd402dd,experiment_linear_erythrocytes
2518.594455773195,0.0030923286932195916,erythrocytes,PLASMA,0.8,MLP Regressor,BayesSearchCV,0.9074380929860231,0.43405127576458746,90.45843339058835,-0.05124627965198125,078e2a857d394e3a859226522fd402dd,experiment_linear_erythrocytes
2520.522935448366,0.0030885203326670918,erythrocytes,PLASMA,0.8,MLP Regressor,BayesSearchCV,0.9074380929860231,0.43405127576458746,90.45843339058835,-0.05124627965198125,078e2a857d394e3a859226522fd402dd,experiment_linear_erythrocytes
2522.451415123537,0.003084565667225923,erythrocytes,PLASMA,0.8,MLP Regressor,BayesSearchCV,0.9074380929860231,0.43405127576458746,90.45843339058835,-0.05124627965198125,078e2a857d394e3a859226522fd402dd,experiment_linear_erythrocytes
2524.379894798708,0.0030811016443263,erythrocytes,PLASMA,0.8,MLP Regressor,BayesSearchCV,0.9074380929860231,0.43405127576458746,90.45843339058835,-0.05124627965198125,078e2a857d394e3a859226522fd402dd,experiment_linear_erythrocytes
2526.308374473879,0.003077928091746933,erythrocytes,PLASMA,0.8,MLP Regressor,BayesSearchCV,0.9074380929860231,0.43405127576458746,90.45843339058835,-0.05124627965198125,078e2a857d394e3a859226522fd402dd,experiment_linear_erythrocytes
2528.23685414905,0.003071962897112542,erythrocytes,PLASMA,0.8,MLP Regressor,BayesSearchCV,0.9074380929860231,0.43405127576458746,90.45843339058835,-0.05124627965198125,078e2a857d394e3a859226522fd402dd,experiment_linear_erythrocytes
2537.879252524904,0.0030705771057774585,erythrocytes,PLASMA,0.8,MLP Regressor,BayesSearchCV,0.9074380929860231,0.43405127576458746,90.45843339058835,-0.05124627965198125,078e2a857d394e3a859226522fd402dd,experiment_linear_erythrocytes
1533.141341760865,0.017282528555629156,erythrocytes,PLASMA,0.8,MLP Regressor,BayesSearchCV,0.8886046958207077,0.44408175735958516,86.16428901779413,-0.00806298205715894,078e2a857d394e3a859226522fd402dd,experiment_linear_erythrocytes
1542.78374013672,0.01709324303516635,erythrocytes,PLASMA,0.8,MLP Regressor,BayesSearchCV,0.8886046958207077,0.44408175735958516,86.16428901779413,-0.00806298205715894,078e2a857d394e3a859226522fd402dd,experiment_linear_erythrocytes
1616.065967793214,0.016672601866194136,erythrocytes,PLASMA,0.8,MLP Regressor,BayesSearchCV,0.8886046958207077,0.44408175735958516,86.16428901779413,-0.00806298205715894,078e2a857d394e3a859226522fd402dd,experiment_linear_erythrocytes
1531.212862085695,0.014875372870142291,erythrocytes,PLASMA,0.8,MLP Regressor,BayesSearchCV,0.8886046958207077,0.44408175735958516,86.16428901779413,-0.00806298205715894,078e2a857d394e3a859226522fd402dd,experiment_linear_erythrocytes
1548.569179162233,0.014716568020995488,erythrocytes,PLASMA,0.8,MLP Regressor,BayesSearchCV,0.8886046958207077,0.44408175735958516,86.16428901779413,-0.00806298205715894,078e2a857d394e3a859226522fd402dd,experiment_linear_erythrocytes
1535.069821436036,0.014650638381743563,erythrocytes,PLASMA,0.8,MLP Regressor,BayesSearchCV,0.8886046958207077,0.44408175735958516,86.16428901779413,-0.00806298205715894,078e2a857d394e3a859226522fd402dd,experiment_linear_erythrocytes
1544.712219811891,0.014122637581610201,erythrocytes,PLASMA,0.8,MLP Regressor,BayesSearchCV,0.8886046958207077,0.44408175735958516,86.16428901779413,-0.00806298205715894,078e2a857d394e3a859226522fd402dd,experiment_linear_erythrocytes
1654.635561296632,0.013255722051065746,erythrocytes,PLASMA,0.8,MLP Regressor,BayesSearchCV,0.8886046958207077,0.44408175735958516,86.16428901779413,-0.00806298205715894,078e2a857d394e3a859226522fd402dd,experiment_linear_erythrocytes
1546.640699487062,0.012576080743447455,erythrocytes,PLASMA,0.8,MLP Regressor,BayesSearchCV,0.8886046958207077,0.44408175735958516,86.16428901779413,-0.00806298205715894,078e2a857d394e3a859226522fd402dd,experiment_linear_erythrocytes
1538.926780786378,0.012064954693174604,erythrocytes,PLASMA,0.8,MLP Regressor,BayesSearchCV,0.8886046958207077,0.44408175735958516,86.16428901779413,-0.00806298205715894,078e2a857d394e3a859226522fd402dd,experiment_linear_erythrocytes
1550.497658837404,0.01205343586511604,erythrocytes,PLASMA,0.8,MLP Regressor,BayesSearchCV,0.8886046958207077,0.44408175735958516,86.16428901779413,-0.00806298205715894,078e2a857d394e3a859226522fd402dd,experiment_linear_erythrocytes
1619.922927143556,0.011785882019672086,erythrocytes,PLASMA,0.8,MLP Regressor,BayesSearchCV,0.8886046958207077,0.44408175735958516,86.16428901779413,-0.00806298205715894,078e2a857d394e3a859226522fd402dd,experiment_linear_erythrocytes
1554.354618187745,0.011456646153184551,erythrocytes,PLASMA,0.8,MLP Regressor,BayesSearchCV,0.8886046958207077,0.44408175735958516,86.16428901779413,-0.00806298205715894,078e2a857d394e3a859226522fd402dd,experiment_linear_erythrocytes
1652.707081621461,0.011148064313628376,erythrocytes,PLASMA,0.8,MLP Regressor,BayesSearchCV,0.8886046958207077,0.44408175735958516,86.16428901779413,-0.00806298205715894,078e2a857d394e3a859226522fd402dd,experiment_linear_erythrocytes
1515.785024684327,0.011141330135548171,erythrocytes,PLASMA,0.8,MLP Regressor,BayesSearchCV,0.8886046958207077,0.44408175735958516,86.16428901779413,-0.00806298205715894,078e2a857d394e3a859226522fd402dd,experiment_linear_erythrocytes
1556.283097862916,0.010500151579069939,erythrocytes,PLASMA,0.8,MLP Regressor,BayesSearchCV,0.8886046958207077,0.44408175735958516,86.16428901779413,-0.00806298205715894,078e2a857d394e3a859226522fd402dd,experiment_linear_erythrocytes
1614.137488118043,0.009911626024158635,erythrocytes,PLASMA,0.8,MLP Regressor,BayesSearchCV,0.8886046958207077,0.44408175735958516,86.16428901779413,-0.00806298205715894,078e2a857d394e3a859226522fd402dd,experiment_linear_erythrocytes
1540.855260461549,0.009846971449427276,erythrocytes,PLASMA,0.8,MLP Regressor,BayesSearchCV,0.8886046958207077,0.44408175735958516,86.16428901779413,-0.00806298205715894,078e2a857d394e3a859226522fd402dd,experiment_linear_erythrocytes
1369.220569371339,0.009326065454438544,erythrocytes,PLASMA,0.8,MLP Regressor,BayesSearchCV,0.8886046958207077,0.44408175735958516,86.16428901779413,-0.00806298205715894,078e2a857d394e3a859226522fd402dd,experiment_linear_erythrocytes
1536.998301111207,0.009105414439822579,erythrocytes,PLASMA,0.8,MLP Regressor,BayesSearchCV,0.8886046958207077,0.44408175735958516,86.16428901779413,-0.00806298205715894,078e2a857d394e3a859226522fd402dd,experiment_linear_erythrocytes
1382.719927097535,0.003309515798282208,erythrocytes,SALIVA,0.8,MLP Regressor,BayesSearchCV,0.8986150552477248,0.45977457097250224,88.55332184935298,-0.04024016979637235,078e2a857d394e3a859226522fd402dd,experiment_linear_erythrocytes
1384.648406772706,0.0033028853161007434,erythrocytes,SALIVA,0.8,MLP Regressor,BayesSearchCV,0.8986150552477248,0.45977457097250224,88.55332184935298,-0.04024016979637235,078e2a857d394e3a859226522fd402dd,experiment_linear_erythrocytes
1380.791447422364,0.0032925493860706326,erythrocytes,SALIVA,0.8,MLP Regressor,BayesSearchCV,0.8986150552477248,0.45977457097250224,88.55332184935298,-0.04024016979637235,078e2a857d394e3a859226522fd402dd,experiment_linear_erythrocytes
1378.862967747194,0.003266417530890113,erythrocytes,SALIVA,0.8,MLP Regressor,BayesSearchCV,0.8986150552477248,0.45977457097250224,88.55332184935298,-0.04024016979637235,078e2a857d394e3a859226522fd402dd,experiment_linear_erythrocytes
1386.576886447877,0.0032535520472990825,erythrocytes,SALIVA,0.8,MLP Regressor,BayesSearchCV,0.8986150552477248,0.45977457097250224,88.55332184935298,-0.04024016979637235,078e2a857d394e3a859226522fd402dd,experiment_linear_erythrocytes
1376.934488072023,0.0032381309966197053,erythrocytes,SALIVA,0.8,MLP Regressor,BayesSearchCV,0.8986150552477248,0.45977457097250224,88.55332184935298,-0.04024016979637235,078e2a857d394e3a859226522fd402dd,experiment_linear_erythrocytes
1375.006008396852,0.0032062063305978456,erythrocytes,SALIVA,0.8,MLP Regressor,BayesSearchCV,0.8986150552477248,0.45977457097250224,88.55332184935298,-0.04024016979637235,078e2a857d394e3a859226522fd402dd,experiment_linear_erythrocytes
1299.795301065187,0.003187440715096492,erythrocytes,SALIVA,0.8,MLP Regressor,BayesSearchCV,0.8986150552477248,0.45977457097250224,88.55332184935298,-0.04024016979637235,078e2a857d394e3a859226522fd402dd,experiment_linear_erythrocytes
1301.723780740358,0.003182116432173593,erythrocytes,SALIVA,0.8,MLP Regressor,BayesSearchCV,0.8986150552477248,0.45977457097250224,88.55332184935298,-0.04024016979637235,078e2a857d394e3a859226522fd402dd,experiment_linear_erythrocytes
1297.866821390016,0.003175274884837932,erythrocytes,SALIVA,0.8,MLP Regressor,BayesSearchCV,0.8986150552477248,0.45977457097250224,88.55332184935298,-0.04024016979637235,078e2a857d394e3a859226522fd402dd,experiment_linear_erythrocytes
1373.077528721681,0.0031650086031075535,erythrocytes,SALIVA,0.8,MLP Regressor,BayesSearchCV,0.8986150552477248,0.45977457097250224,88.55332184935298,-0.04024016979637235,078e2a857d394e3a859226522fd402dd,experiment_linear_erythrocytes
1388.505366123048,0.003164229088207934,erythrocytes,SALIVA,0.8,MLP Regressor,BayesSearchCV,0.8986150552477248,0.45977457097250224,88.55332184935298,-0.04024016979637235,078e2a857d394e3a859226522fd402dd,experiment_linear_erythrocytes
1303.652260415528,0.00315863019812568,erythrocytes,SALIVA,0.8,MLP Regressor,BayesSearchCV,0.8986150552477248,0.45977457097250224,88.55332184935298,-0.04024016979637235,078e2a857d394e3a859226522fd402dd,experiment_linear_erythrocytes
1295.938341714845,0.0031466566054445437,erythrocytes,SALIVA,0.8,MLP Regressor,BayesSearchCV,0.8986150552477248,0.45977457097250224,88.55332184935298,-0.04024016979637235,078e2a857d394e3a859226522fd402dd,experiment_linear_erythrocytes
1371.14904904651,0.003122352833431173,erythrocytes,SALIVA,0.8,MLP Regressor,BayesSearchCV,0.8986150552477248,0.45977457097250224,88.55332184935298,-0.04024016979637235,078e2a857d394e3a859226522fd402dd,experiment_linear_erythrocytes
1305.580740090699,0.003119583144410902,erythrocytes,SALIVA,0.8,MLP Regressor,BayesSearchCV,0.8986150552477248,0.45977457097250224,88.55332184935298,-0.04024016979637235,078e2a857d394e3a859226522fd402dd,experiment_linear_erythrocytes
1294.009862039674,0.0031091580650058665,erythrocytes,SALIVA,0.8,MLP Regressor,BayesSearchCV,0.8986150552477248,0.45977457097250224,88.55332184935298,-0.04024016979637235,078e2a857d394e3a859226522fd402dd,experiment_linear_erythrocytes
1369.220569371339,0.003083902579347312,erythrocytes,SALIVA,0.8,MLP Regressor,BayesSearchCV,0.8986150552477248,0.45977457097250224,88.55332184935298,-0.04024016979637235,078e2a857d394e3a859226522fd402dd,experiment_linear_erythrocytes
1307.50921976587,0.003079167733956892,erythrocytes,SALIVA,0.8,MLP Regressor,BayesSearchCV,0.8986150552477248,0.45977457097250224,88.55332184935298,-0.04024016979637235,078e2a857d394e3a859226522fd402dd,experiment_linear_erythrocytes
1292.081382364503,0.0030717771097016977,erythrocytes,SALIVA,0.8,MLP Regressor,BayesSearchCV,0.8986150552477248,0.45977457097250224,88.55332184935298,-0.04024016979637235,078e2a857d394e3a859226522fd402dd,experiment_linear_erythrocytes
1101.161894522584,0.011784351821312346,erythrocytes,SALIVA,0.8,MLP Regressor,BayesSearchCV,0.9005317393158222,0.4331054994715938,91.20402418883786,-0.044682423641154934,078e2a857d394e3a859226522fd402dd,experiment_linear_erythrocytes
1089.591016471559,0.011492744222253994,erythrocytes,SALIVA,0.8,MLP Regressor,BayesSearchCV,0.9005317393158222,0.4331054994715938,91.20402418883786,-0.044682423641154934,078e2a857d394e3a859226522fd402dd,experiment_linear_erythrocytes
1056.806861993653,0.009595854888976787,erythrocytes,SALIVA,0.8,MLP Regressor,BayesSearchCV,0.9005317393158222,0.4331054994715938,91.20402418883786,-0.044682423641154934,078e2a857d394e3a859226522fd402dd,experiment_linear_erythrocytes
1105.018853872926,0.008862146409443947,erythrocytes,SALIVA,0.8,MLP Regressor,BayesSearchCV,0.9005317393158222,0.4331054994715938,91.20402418883786,-0.044682423641154934,078e2a857d394e3a859226522fd402dd,experiment_linear_erythrocytes
1008.594870114381,0.008217062035067144,erythrocytes,SALIVA,0.8,MLP Regressor,BayesSearchCV,0.9005317393158222,0.4331054994715938,91.20402418883786,-0.044682423641154934,078e2a857d394e3a859226522fd402dd,experiment_linear_erythrocytes
1091.51949614673,0.008077498993889883,erythrocytes,SALIVA,0.8,MLP Regressor,BayesSearchCV,0.9005317393158222,0.4331054994715938,91.20402418883786,-0.044682423641154934,078e2a857d394e3a859226522fd402dd,experiment_linear_erythrocytes
1122.375170949464,0.007728525127092436,erythrocytes,SALIVA,0.8,MLP Regressor,BayesSearchCV,0.9005317393158222,0.4331054994715938,91.20402418883786,-0.044682423641154934,078e2a857d394e3a859226522fd402dd,experiment_linear_erythrocytes
1114.66125224878,0.007131955991429403,erythrocytes,SALIVA,0.8,MLP Regressor,BayesSearchCV,0.9005317393158222,0.4331054994715938,91.20402418883786,-0.044682423641154934,078e2a857d394e3a859226522fd402dd,experiment_linear_erythrocytes
1076.091658745362,0.007117520608799431,erythrocytes,SALIVA,0.8,MLP Regressor,BayesSearchCV,0.9005317393158222,0.4331054994715938,91.20402418883786,-0.044682423641154934,078e2a857d394e3a859226522fd402dd,experiment_linear_erythrocytes
3050.854846120364,0.006981969407475605,erythrocytes,SALIVA,0.8,MLP Regressor,BayesSearchCV,0.9005317393158222,0.4331054994715938,91.20402418883786,-0.044682423641154934,078e2a857d394e3a859226522fd402dd,experiment_linear_erythrocytes
2723.013301341311,0.006820258652531644,erythrocytes,SALIVA,0.8,MLP Regressor,BayesSearchCV,0.9005317393158222,0.4331054994715938,91.20402418883786,-0.044682423641154934,078e2a857d394e3a859226522fd402dd,experiment_linear_erythrocytes
1745.274106029664,0.006778062681247859,erythrocytes,SALIVA,0.8,MLP Regressor,BayesSearchCV,0.9005317393158222,0.4331054994715938,91.20402418883786,-0.044682423641154934,078e2a857d394e3a859226522fd402dd,experiment_linear_erythrocytes
1058.735341668824,0.006636156618140477,erythrocytes,SALIVA,0.8,MLP Regressor,BayesSearchCV,0.9005317393158222,0.4331054994715938,91.20402418883786,-0.044682423641154934,078e2a857d394e3a859226522fd402dd,experiment_linear_erythrocytes
1052.949902643312,0.006364071130322033,erythrocytes,SALIVA,0.8,MLP Regressor,BayesSearchCV,0.9005317393158222,0.4331054994715938,91.20402418883786,-0.044682423641154934,078e2a857d394e3a859226522fd402dd,experiment_linear_erythrocytes
1752.988024730348,0.0061230068843779375,erythrocytes,SALIVA,0.8,MLP Regressor,BayesSearchCV,0.9005317393158222,0.4331054994715938,91.20402418883786,-0.044682423641154934,078e2a857d394e3a859226522fd402dd,experiment_linear_erythrocytes
995.0955123881845,0.005854635614073214,erythrocytes,SALIVA,0.8,MLP Regressor,BayesSearchCV,0.9005317393158222,0.4331054994715938,91.20402418883786,-0.044682423641154934,078e2a857d394e3a859226522fd402dd,experiment_linear_erythrocytes
1018.237268490235,0.005807226523734201,erythrocytes,SALIVA,0.8,MLP Regressor,BayesSearchCV,0.9005317393158222,0.4331054994715938,91.20402418883786,-0.044682423641154934,078e2a857d394e3a859226522fd402dd,experiment_linear_erythrocytes
1789.629138558595,0.005793199692631346,erythrocytes,SALIVA,0.8,MLP Regressor,BayesSearchCV,0.9005317393158222,0.4331054994715938,91.20402418883786,-0.044682423641154934,078e2a857d394e3a859226522fd402dd,experiment_linear_erythrocytes
1049.092943292969,0.005725356763494619,erythrocytes,SALIVA,0.8,MLP Regressor,BayesSearchCV,0.9005317393158222,0.4331054994715938,91.20402418883786,-0.044682423641154934,078e2a857d394e3a859226522fd402dd,experiment_linear_erythrocytes
993.1670327130137,0.0056387110899293056,erythrocytes,SALIVA,0.8,MLP Regressor,BayesSearchCV,0.9005317393158222,0.4331054994715938,91.20402418883786,-0.044682423641154934,078e2a857d394e3a859226522fd402dd,experiment_linear_erythrocytes
3033.498529043825,0.008204103121051331,erythrocytes,SALIVA,0.8,MLP Regressor,BayesSearchCV,0.8485997472353894,0.450435889441456,82.02044519797172,0.07233315363791293,078e2a857d394e3a859226522fd402dd,experiment_linear_erythrocytes
3035.427008718997,0.00776050196348752,erythrocytes,SALIVA,0.8,MLP Regressor,BayesSearchCV,0.8485997472353894,0.450435889441456,82.02044519797172,0.07233315363791293,078e2a857d394e3a859226522fd402dd,experiment_linear_erythrocytes
3031.570049368655,0.006300026980062102,erythrocytes,SALIVA,0.8,MLP Regressor,BayesSearchCV,0.8485997472353894,0.450435889441456,82.02044519797172,0.07233315363791293,078e2a857d394e3a859226522fd402dd,experiment_linear_erythrocytes
3037.355488394167,0.005838745287655957,erythrocytes,SALIVA,0.8,MLP Regressor,BayesSearchCV,0.8485997472353894,0.450435889441456,82.02044519797172,0.07233315363791293,078e2a857d394e3a859226522fd402dd,experiment_linear_erythrocytes
929.5272034323739,0.005212249431242833,erythrocytes,SALIVA,0.8,MLP Regressor,BayesSearchCV,0.8485997472353894,0.450435889441456,82.02044519797172,0.07233315363791293,078e2a857d394e3a859226522fd402dd,experiment_linear_erythrocytes
991.2385530378428,0.005204719785553562,erythrocytes,SALIVA,0.8,MLP Regressor,BayesSearchCV,0.8485997472353894,0.450435889441456,82.02044519797172,0.07233315363791293,078e2a857d394e3a859226522fd402dd,experiment_linear_erythrocytes
993.1670327130137,0.005105170709409871,erythrocytes,SALIVA,0.8,MLP Regressor,BayesSearchCV,0.8485997472353894,0.450435889441456,82.02044519797172,0.07233315363791293,078e2a857d394e3a859226522fd402dd,experiment_linear_erythrocytes
1101.161894522584,0.0050388331414719986,erythrocytes,SALIVA,0.8,MLP Regressor,BayesSearchCV,0.8485997472353894,0.450435889441456,82.02044519797172,0.07233315363791293,078e2a857d394e3a859226522fd402dd,experiment_linear_erythrocytes
989.3100733626716,0.005030680116788362,erythrocytes,SALIVA,0.8,MLP Regressor,BayesSearchCV,0.8485997472353894,0.450435889441456,82.02044519797172,0.07233315363791293,078e2a857d394e3a859226522fd402dd,experiment_linear_erythrocytes
1103.090374197755,0.0050118200915460365,erythrocytes,SALIVA,0.8,MLP Regressor,BayesSearchCV,0.8485997472353894,0.450435889441456,82.02044519797172,0.07233315363791293,078e2a857d394e3a859226522fd402dd,experiment_linear_erythrocytes
1729.846268628297,0.005008654090986858,erythrocytes,SALIVA,0.8,MLP Regressor,BayesSearchCV,0.8485997472353894,0.450435889441456,82.02044519797172,0.07233315363791293,078e2a857d394e3a859226522fd402dd,experiment_linear_erythrocytes
979.6676749868175,0.004994412080831435,erythrocytes,SALIVA,0.8,MLP Regressor,BayesSearchCV,0.8485997472353894,0.450435889441456,82.02044519797172,0.07233315363791293,078e2a857d394e3a859226522fd402dd,experiment_linear_erythrocytes
981.5961546619883,0.004984696239085267,erythrocytes,SALIVA,0.8,MLP Regressor,BayesSearchCV,0.8485997472353894,0.450435889441456,82.02044519797172,0.07233315363791293,078e2a857d394e3a859226522fd402dd,experiment_linear_erythrocytes
3004.571333916262,0.004973548255065679,erythrocytes,SALIVA,0.8,MLP Regressor,BayesSearchCV,0.8485997472353894,0.450435889441456,82.02044519797172,0.07233315363791293,078e2a857d394e3a859226522fd402dd,experiment_linear_erythrocytes
1099.233414847413,0.004968479317990938,erythrocytes,SALIVA,0.8,MLP Regressor,BayesSearchCV,0.8485997472353894,0.450435889441456,82.02044519797172,0.07233315363791293,078e2a857d394e3a859226522fd402dd,experiment_linear_erythrocytes
943.0265611585701,0.004905282417432503,erythrocytes,SALIVA,0.8,MLP Regressor,BayesSearchCV,0.8485997472353894,0.450435889441456,82.02044519797172,0.07233315363791293,078e2a857d394e3a859226522fd402dd,experiment_linear_erythrocytes
1105.018853872926,0.004897621460089611,erythrocytes,SALIVA,0.8,MLP Regressor,BayesSearchCV,0.8485997472353894,0.450435889441456,82.02044519797172,0.07233315363791293,078e2a857d394e3a859226522fd402dd,experiment_linear_erythrocytes
944.9550408337414,0.004893746459734994,erythrocytes,SALIVA,0.8,MLP Regressor,BayesSearchCV,0.8485997472353894,0.450435889441456,82.02044519797172,0.07233315363791293,078e2a857d394e3a859226522fd402dd,experiment_linear_erythrocytes
3006.499813591433,0.004876202382319987,erythrocytes,SALIVA,0.8,MLP Regressor,BayesSearchCV,0.8485997472353894,0.450435889441456,82.02044519797172,0.07233315363791293,078e2a857d394e3a859226522fd402dd,experiment_linear_erythrocytes
1097.304935172242,0.004871255304352115,erythrocytes,SALIVA,0.8,MLP Regressor,BayesSearchCV,0.8485997472353894,0.450435889441456,82.02044519797172,0.07233315363791293,078e2a857d394e3a859226522fd402dd,experiment_linear_erythrocytes
1089.591016471559,0.035484253953042486,erythrocytes,SALIVA,0.8,MLP Regressor,BayesSearchCV,0.8825221541865488,0.44130876403220737,87.2234125510153,-0.0033153863165189534,078e2a857d394e3a859226522fd402dd,experiment_linear_erythrocytes
1076.091658745362,0.031357686459742996,erythrocytes,SALIVA,0.8,MLP Regressor,BayesSearchCV,0.8825221541865488,0.44130876403220737,87.2234125510153,-0.0033153863165189534,078e2a857d394e3a859226522fd402dd,experiment_linear_erythrocytes
1101.161894522584,0.023651346910537052,erythrocytes,SALIVA,0.8,MLP Regressor,BayesSearchCV,0.8825221541865488,0.44130876403220737,87.2234125510153,-0.0033153863165189534,078e2a857d394e3a859226522fd402dd,experiment_linear_erythrocytes
1091.51949614673,0.022713663102719026,erythrocytes,SALIVA,0.8,MLP Regressor,BayesSearchCV,0.8825221541865488,0.44130876403220737,87.2234125510153,-0.0033153863165189534,078e2a857d394e3a859226522fd402dd,experiment_linear_erythrocytes
1085.734057121217,0.016990054945366158,erythrocytes,SALIVA,0.8,MLP Regressor,BayesSearchCV,0.8825221541865488,0.44130876403220737,87.2234125510153,-0.0033153863165189534,078e2a857d394e3a859226522fd402dd,experiment_linear_erythrocytes
1081.877097770875,0.016970924669923684,erythrocytes,SALIVA,0.8,MLP Regressor,BayesSearchCV,0.8825221541865488,0.44130876403220737,87.2234125510153,-0.0033153863165189534,078e2a857d394e3a859226522fd402dd,experiment_linear_erythrocytes
1056.806861993653,0.015572004789781158,erythrocytes,SALIVA,0.8,MLP Regressor,BayesSearchCV,0.8825221541865488,0.44130876403220737,87.2234125510153,-0.0033153863165189534,078e2a857d394e3a859226522fd402dd,experiment_linear_erythrocytes
1070.306219719849,0.014299114828667572,erythrocytes,SALIVA,0.8,MLP Regressor,BayesSearchCV,0.8825221541865488,0.44130876403220737,87.2234125510153,-0.0033153863165189534,078e2a857d394e3a859226522fd402dd,experiment_linear_erythrocytes
1079.948618095704,0.013869459886264975,erythrocytes,SALIVA,0.8,MLP Regressor,BayesSearchCV,0.8825221541865488,0.44130876403220737,87.2234125510153,-0.0033153863165189534,078e2a857d394e3a859226522fd402dd,experiment_linear_erythrocytes
1066.449260369508,0.013595804296958496,erythrocytes,SALIVA,0.8,MLP Regressor,BayesSearchCV,0.8825221541865488,0.44130876403220737,87.2234125510153,-0.0033153863165189534,078e2a857d394e3a859226522fd402dd,experiment_linear_erythrocytes
1078.020138420533,0.013593521531349928,erythrocytes,SALIVA,0.8,MLP Regressor,BayesSearchCV,0.8825221541865488,0.44130876403220737,87.2234125510153,-0.0033153863165189534,078e2a857d394e3a859226522fd402dd,experiment_linear_erythrocytes
1068.377740044679,0.013212426586660298,erythrocytes,SALIVA,0.8,MLP Regressor,BayesSearchCV,0.8825221541865488,0.44130876403220737,87.2234125510153,-0.0033153863165189534,078e2a857d394e3a859226522fd402dd,experiment_linear_erythrocytes
1668.134919022829,0.012919111135868126,erythrocytes,SALIVA,0.8,MLP Regressor,BayesSearchCV,0.8825221541865488,0.44130876403220737,87.2234125510153,-0.0033153863165189534,078e2a857d394e3a859226522fd402dd,experiment_linear_erythrocytes
1675.848837723512,0.012668771567534348,erythrocytes,SALIVA,0.8,MLP Regressor,BayesSearchCV,0.8825221541865488,0.44130876403220737,87.2234125510153,-0.0033153863165189534,078e2a857d394e3a859226522fd402dd,experiment_linear_erythrocytes
1105.018853872926,0.01266490318621977,erythrocytes,SALIVA,0.8,MLP Regressor,BayesSearchCV,0.8825221541865488,0.44130876403220737,87.2234125510153,-0.0033153863165189534,078e2a857d394e3a859226522fd402dd,experiment_linear_erythrocytes
1648.85012227112,0.01132454149808692,erythrocytes,SALIVA,0.8,MLP Regressor,BayesSearchCV,0.8825221541865488,0.44130876403220737,87.2234125510153,-0.0033153863165189534,078e2a857d394e3a859226522fd402dd,experiment_linear_erythrocytes
1058.735341668824,0.011286959325446612,erythrocytes,SALIVA,0.8,MLP Regressor,BayesSearchCV,0.8825221541865488,0.44130876403220737,87.2234125510153,-0.0033153863165189534,078e2a857d394e3a859226522fd402dd,experiment_linear_erythrocytes
1671.99187837317,0.010085115512198577,erythrocytes,SALIVA,0.8,MLP Regressor,BayesSearchCV,0.8825221541865488,0.44130876403220737,87.2234125510153,-0.0033153863165189534,078e2a857d394e3a859226522fd402dd,experiment_linear_erythrocytes
1644.993162920778,0.010004719747855642,erythrocytes,SALIVA,0.8,MLP Regressor,BayesSearchCV,0.8825221541865488,0.44130876403220737,87.2234125510153,-0.0033153863165189534,078e2a857d394e3a859226522fd402dd,experiment_linear_erythrocytes
1641.136203570436,0.009631378719229778,erythrocytes,SALIVA,0.8,MLP Regressor,BayesSearchCV,0.8825221541865488,0.44130876403220737,87.2234125510153,-0.0033153863165189534,078e2a857d394e3a859226522fd402dd,experiment_linear_erythrocytes
2711.442423290285,0.005885628677798805,erythrocytes,SERUM,0.8,MLP Regressor,BayesSearchCV,0.8863389148812408,0.3949426752700382,92.21747390519701,-0.03597746948191971,078e2a857d394e3a859226522fd402dd,experiment_linear_erythrocytes
2709.513943615114,0.005424530980285509,erythrocytes,SERUM,0.8,MLP Regressor,BayesSearchCV,0.8863389148812408,0.3949426752700382,92.21747390519701,-0.03597746948191971,078e2a857d394e3a859226522fd402dd,experiment_linear_erythrocytes
1388.505366123048,0.004513792882990325,erythrocytes,SERUM,0.8,MLP Regressor,BayesSearchCV,0.8863389148812408,0.3949426752700382,92.21747390519701,-0.03597746948191971,078e2a857d394e3a859226522fd402dd,experiment_linear_erythrocytes
1386.576886447877,0.004316572383391705,erythrocytes,SERUM,0.8,MLP Regressor,BayesSearchCV,0.8863389148812408,0.3949426752700382,92.21747390519701,-0.03597746948191971,078e2a857d394e3a859226522fd402dd,experiment_linear_erythrocytes
1390.433845798219,0.004125337165524117,erythrocytes,SERUM,0.8,MLP Regressor,BayesSearchCV,0.8863389148812408,0.3949426752700382,92.21747390519701,-0.03597746948191971,078e2a857d394e3a859226522fd402dd,experiment_linear_erythrocytes
1133.946049000489,0.003928412206254674,erythrocytes,SERUM,0.8,MLP Regressor,BayesSearchCV,0.8863389148812408,0.3949426752700382,92.21747390519701,-0.03597746948191971,078e2a857d394e3a859226522fd402dd,experiment_linear_erythrocytes
1135.87452867566,0.003879546000161184,erythrocytes,SERUM,0.8,MLP Regressor,BayesSearchCV,0.8863389148812408,0.3949426752700382,92.21747390519701,-0.03597746948191971,078e2a857d394e3a859226522fd402dd,experiment_linear_erythrocytes
1132.017569325318,0.0038590309644847276,erythrocytes,SERUM,0.8,MLP Regressor,BayesSearchCV,0.8863389148812408,0.3949426752700382,92.21747390519701,-0.03597746948191971,078e2a857d394e3a859226522fd402dd,experiment_linear_erythrocytes
1137.803008350831,0.003716176378234302,erythrocytes,SERUM,0.8,MLP Regressor,BayesSearchCV,0.8863389148812408,0.3949426752700382,92.21747390519701,-0.03597746948191971,078e2a857d394e3a859226522fd402dd,experiment_linear_erythrocytes
1130.089089650148,0.003714869939099936,erythrocytes,SERUM,0.8,MLP Regressor,BayesSearchCV,0.8863389148812408,0.3949426752700382,92.21747390519701,-0.03597746948191971,078e2a857d394e3a859226522fd402dd,experiment_linear_erythrocytes
1392.36232547339,0.0036579565781202027,erythrocytes,SERUM,0.8,MLP Regressor,BayesSearchCV,0.8863389148812408,0.3949426752700382,92.21747390519701,-0.03597746948191971,078e2a857d394e3a859226522fd402dd,experiment_linear_erythrocytes
1128.160609974977,0.0035496652994531043,erythrocytes,SERUM,0.8,MLP Regressor,BayesSearchCV,0.8863389148812408,0.3949426752700382,92.21747390519701,-0.03597746948191971,078e2a857d394e3a859226522fd402dd,experiment_linear_erythrocytes
1139.731488026002,0.003421524479921916,erythrocytes,SERUM,0.8,MLP Regressor,BayesSearchCV,0.8863389148812408,0.3949426752700382,92.21747390519701,-0.03597746948191971,078e2a857d394e3a859226522fd402dd,experiment_linear_erythrocytes
1126.232130299806,0.0034008083401008277,erythrocytes,SERUM,0.8,MLP Regressor,BayesSearchCV,0.8863389148812408,0.3949426752700382,92.21747390519701,-0.03597746948191971,078e2a857d394e3a859226522fd402dd,experiment_linear_erythrocytes
1124.303650624635,0.0033013029380614825,erythrocytes,SERUM,0.8,MLP Regressor,BayesSearchCV,0.8863389148812408,0.3949426752700382,92.21747390519701,-0.03597746948191971,078e2a857d394e3a859226522fd402dd,experiment_linear_erythrocytes
2707.585463939944,0.003299951516620298,erythrocytes,SERUM,0.8,MLP Regressor,BayesSearchCV,0.8863389148812408,0.3949426752700382,92.21747390519701,-0.03597746948191971,078e2a857d394e3a859226522fd402dd,experiment_linear_erythrocytes
2713.370902965456,0.0032919185531319175,erythrocytes,SERUM,0.8,MLP Regressor,BayesSearchCV,0.8863389148812408,0.3949426752700382,92.21747390519701,-0.03597746948191971,078e2a857d394e3a859226522fd402dd,experiment_linear_erythrocytes
1394.290805148561,0.003257584009635171,erythrocytes,SERUM,0.8,MLP Regressor,BayesSearchCV,0.8863389148812408,0.3949426752700382,92.21747390519701,-0.03597746948191971,078e2a857d394e3a859226522fd402dd,experiment_linear_erythrocytes
1122.375170949464,0.0032462419137794076,erythrocytes,SERUM,0.8,MLP Regressor,BayesSearchCV,0.8863389148812408,0.3949426752700382,92.21747390519701,-0.03597746948191971,078e2a857d394e3a859226522fd402dd,experiment_linear_erythrocytes
1384.648406772706,0.00324497191620385,erythrocytes,SERUM,0.8,MLP Regressor,BayesSearchCV,0.8863389148812408,0.3949426752700382,92.21747390519701,-0.03597746948191971,078e2a857d394e3a859226522fd402dd,experiment_linear_erythrocytes
2545.593171225588,0.011838735537355122,erythrocytes,SERUM,0.8,MLP Regressor,BayesSearchCV,0.8894182122761176,0.4528264507056973,92.74955169908148,-0.04318830976819554,078e2a857d394e3a859226522fd402dd,experiment_linear_erythrocytes
2508.952057397341,0.009963816628775577,erythrocytes,SERUM,0.8,MLP Regressor,BayesSearchCV,0.8894182122761176,0.4528264507056973,92.74955169908148,-0.04318830976819554,078e2a857d394e3a859226522fd402dd,experiment_linear_erythrocytes
2562.949488302126,0.009777763758152827,erythrocytes,SERUM,0.8,MLP Regressor,BayesSearchCV,0.8894182122761176,0.4528264507056973,92.74955169908148,-0.04318830976819554,078e2a857d394e3a859226522fd402dd,experiment_linear_erythrocytes
2559.092528951784,0.00966701021482513,erythrocytes,SERUM,0.8,MLP Regressor,BayesSearchCV,0.8894182122761176,0.4528264507056973,92.74955169908148,-0.04318830976819554,078e2a857d394e3a859226522fd402dd,experiment_linear_erythrocytes
2605.376041155886,0.009045671537467657,erythrocytes,SERUM,0.8,MLP Regressor,BayesSearchCV,0.8894182122761176,0.4528264507056973,92.74955169908148,-0.04318830976819554,078e2a857d394e3a859226522fd402dd,experiment_linear_erythrocytes
2580.305805378664,0.007825763618712246,erythrocytes,SERUM,0.8,MLP Regressor,BayesSearchCV,0.8894182122761176,0.4528264507056973,92.74955169908148,-0.04318830976819554,078e2a857d394e3a859226522fd402dd,experiment_linear_erythrocytes
2630.446276933108,0.007725110589351394,erythrocytes,SERUM,0.8,MLP Regressor,BayesSearchCV,0.8894182122761176,0.4528264507056973,92.74955169908148,-0.04318830976819554,078e2a857d394e3a859226522fd402dd,experiment_linear_erythrocytes
2532.093813499392,0.006712637002570461,erythrocytes,SERUM,0.8,MLP Regressor,BayesSearchCV,0.8894182122761176,0.4528264507056973,92.74955169908148,-0.04318830976819554,078e2a857d394e3a859226522fd402dd,experiment_linear_erythrocytes
2607.304520831057,0.006602125761309276,erythrocytes,SERUM,0.8,MLP Regressor,BayesSearchCV,0.8894182122761176,0.4528264507056973,92.74955169908148,-0.04318830976819554,078e2a857d394e3a859226522fd402dd,experiment_linear_erythrocytes
2709.513943615114,0.006581864353475073,erythrocytes,SERUM,0.8,MLP Regressor,BayesSearchCV,0.8894182122761176,0.4528264507056973,92.74955169908148,-0.04318830976819554,078e2a857d394e3a859226522fd402dd,experiment_linear_erythrocytes
1745.274106029664,0.0062682101862694805,erythrocytes,SERUM,0.8,MLP Regressor,BayesSearchCV,0.8894182122761176,0.4528264507056973,92.74955169908148,-0.04318830976819554,078e2a857d394e3a859226522fd402dd,experiment_linear_erythrocytes
2578.377325703493,0.006012154277061262,erythrocytes,SERUM,0.8,MLP Regressor,BayesSearchCV,0.8894182122761176,0.4528264507056973,92.74955169908148,-0.04318830976819554,078e2a857d394e3a859226522fd402dd,experiment_linear_erythrocytes
2516.665976098025,0.005956781129225167,erythrocytes,SERUM,0.8,MLP Regressor,BayesSearchCV,0.8894182122761176,0.4528264507056973,92.74955169908148,-0.04318830976819554,078e2a857d394e3a859226522fd402dd,experiment_linear_erythrocytes
2574.520366353152,0.005939640804631385,erythrocytes,SERUM,0.8,MLP Regressor,BayesSearchCV,0.8894182122761176,0.4528264507056973,92.74955169908148,-0.04318830976819554,078e2a857d394e3a859226522fd402dd,experiment_linear_erythrocytes
3002.642854241091,0.005757482114270181,erythrocytes,SERUM,0.8,MLP Regressor,BayesSearchCV,0.8894182122761176,0.4528264507056973,92.74955169908148,-0.04318830976819554,078e2a857d394e3a859226522fd402dd,experiment_linear_erythrocytes
2514.737496422853,0.005688727251944329,erythrocytes,SERUM,0.8,MLP Regressor,BayesSearchCV,0.8894182122761176,0.4528264507056973,92.74955169908148,-0.04318830976819554,078e2a857d394e3a859226522fd402dd,experiment_linear_erythrocytes
2638.160195633791,0.005688637250417873,erythrocytes,SERUM,0.8,MLP Regressor,BayesSearchCV,0.8894182122761176,0.4528264507056973,92.74955169908148,-0.04318830976819554,078e2a857d394e3a859226522fd402dd,experiment_linear_erythrocytes
2994.928935540408,0.005670703490601191,erythrocytes,SERUM,0.8,MLP Regressor,BayesSearchCV,0.8894182122761176,0.4528264507056973,92.74955169908148,-0.04318830976819554,078e2a857d394e3a859226522fd402dd,experiment_linear_erythrocytes
2568.734927327639,0.005512637013463825,erythrocytes,SERUM,0.8,MLP Regressor,BayesSearchCV,0.8894182122761176,0.4528264507056973,92.74955169908148,-0.04318830976819554,078e2a857d394e3a859226522fd402dd,experiment_linear_erythrocytes
929.5272034323739,0.005490633321822742,erythrocytes,SERUM,0.8,MLP Regressor,BayesSearchCV,0.8894182122761176,0.4528264507056973,92.74955169908148,-0.04318830976819554,078e2a857d394e3a859226522fd402dd,experiment_linear_erythrocytes
1261.225707561769,0.005767863051015935,erythrocytes,SERUM,0.8,MLP Regressor,BayesSearchCV,0.862746304235074,0.36941759179535794,89.51549818771645,0.01843991270273193,078e2a857d394e3a859226522fd402dd,experiment_linear_erythrocytes
1386.576886447877,0.005696488230807125,erythrocytes,SERUM,0.8,MLP Regressor,BayesSearchCV,0.862746304235074,0.36941759179535794,89.51549818771645,0.01843991270273193,078e2a857d394e3a859226522fd402dd,experiment_linear_erythrocytes
1263.15418723694,0.005683357276466459,erythrocytes,SERUM,0.8,MLP Regressor,BayesSearchCV,0.862746304235074,0.36941759179535794,89.51549818771645,0.01843991270273193,078e2a857d394e3a859226522fd402dd,experiment_linear_erythrocytes
1259.297227886598,0.005624966637348498,erythrocytes,SERUM,0.8,MLP Regressor,BayesSearchCV,0.862746304235074,0.36941759179535794,89.51549818771645,0.01843991270273193,078e2a857d394e3a859226522fd402dd,experiment_linear_erythrocytes
1265.08266691211,0.005470460029507315,erythrocytes,SERUM,0.8,MLP Regressor,BayesSearchCV,0.862746304235074,0.36941759179535794,89.51549818771645,0.01843991270273193,078e2a857d394e3a859226522fd402dd,experiment_linear_erythrocytes
1384.648406772706,0.005340068454092694,erythrocytes,SERUM,0.8,MLP Regressor,BayesSearchCV,0.862746304235074,0.36941759179535794,89.51549818771645,0.01843991270273193,078e2a857d394e3a859226522fd402dd,experiment_linear_erythrocytes
1267.011146587281,0.005231347927230899,erythrocytes,SERUM,0.8,MLP Regressor,BayesSearchCV,0.862746304235074,0.36941759179535794,89.51549818771645,0.01843991270273193,078e2a857d394e3a859226522fd402dd,experiment_linear_erythrocytes
1257.368748211427,0.005169801570147685,erythrocytes,SERUM,0.8,MLP Regressor,BayesSearchCV,0.862746304235074,0.36941759179535794,89.51549818771645,0.01843991270273193,078e2a857d394e3a859226522fd402dd,experiment_linear_erythrocytes
1268.939626262452,0.005023670105731266,erythrocytes,SERUM,0.8,MLP Regressor,BayesSearchCV,0.862746304235074,0.36941759179535794,89.51549818771645,0.01843991270273193,078e2a857d394e3a859226522fd402dd,experiment_linear_erythrocytes
1388.505366123048,0.004960780722495627,erythrocytes,SERUM,0.8,MLP Regressor,BayesSearchCV,0.862746304235074,0.36941759179535794,89.51549818771645,0.01843991270273193,078e2a857d394e3a859226522fd402dd,experiment_linear_erythrocytes
1270.868105937623,0.0048270655599647475,erythrocytes,SERUM,0.8,MLP Regressor,BayesSearchCV,0.862746304235074,0.36941759179535794,89.51549818771645,0.01843991270273193,078e2a857d394e3a859226522fd402dd,experiment_linear_erythrocytes
1272.796585612794,0.004621613542571414,erythrocytes,SERUM,0.8,MLP Regressor,BayesSearchCV,0.862746304235074,0.36941759179535794,89.51549818771645,0.01843991270273193,078e2a857d394e3a859226522fd402dd,experiment_linear_erythrocytes
1255.440268536256,0.0045065262299521,erythrocytes,SERUM,0.8,MLP Regressor,BayesSearchCV,0.862746304235074,0.36941759179535794,89.51549818771645,0.01843991270273193,078e2a857d394e3a859226522fd402dd,experiment_linear_erythrocytes
1382.719927097535,0.004488213330229022,erythrocytes,SERUM,0.8,MLP Regressor,BayesSearchCV,0.862746304235074,0.36941759179535794,89.51549818771645,0.01843991270273193,078e2a857d394e3a859226522fd402dd,experiment_linear_erythrocytes
1274.725065287965,0.004419162571248711,erythrocytes,SERUM,0.8,MLP Regressor,BayesSearchCV,0.862746304235074,0.36941759179535794,89.51549818771645,0.01843991270273193,078e2a857d394e3a859226522fd402dd,experiment_linear_erythrocytes
1276.653544963136,0.004240332787470615,erythrocytes,SERUM,0.8,MLP Regressor,BayesSearchCV,0.862746304235074,0.36941759179535794,89.51549818771645,0.01843991270273193,078e2a857d394e3a859226522fd402dd,experiment_linear_erythrocytes
1278.582024638307,0.004107593336375425,erythrocytes,SERUM,0.8,MLP Regressor,BayesSearchCV,0.862746304235074,0.36941759179535794,89.51549818771645,0.01843991270273193,078e2a857d394e3a859226522fd402dd,experiment_linear_erythrocytes
1280.510504313478,0.0040195259374824896,erythrocytes,SERUM,0.8,MLP Regressor,BayesSearchCV,0.862746304235074,0.36941759179535794,89.51549818771645,0.01843991270273193,078e2a857d394e3a859226522fd402dd,experiment_linear_erythrocytes
1282.438983988648,0.003944817216915636,erythrocytes,SERUM,0.8,MLP Regressor,BayesSearchCV,0.862746304235074,0.36941759179535794,89.51549818771645,0.01843991270273193,078e2a857d394e3a859226522fd402dd,experiment_linear_erythrocytes
1253.511788861085,0.0038646971023129036,erythrocytes,SERUM,0.8,MLP Regressor,BayesSearchCV,0.862746304235074,0.36941759179535794,89.51549818771645,0.01843991270273193,078e2a857d394e3a859226522fd402dd,experiment_linear_erythrocytes
929.5272034323739,0.015104013031787482,erythrocytes,SERUM,0.8,MLP Regressor,BayesSearchCV,0.8812492786771711,0.4095110888539278,87.89379206376931,-0.02411381448745553,078e2a857d394e3a859226522fd402dd,experiment_linear_erythrocytes
1641.136203570436,0.011632737204951183,erythrocytes,SERUM,0.8,MLP Regressor,BayesSearchCV,0.8812492786771711,0.4095110888539278,87.89379206376931,-0.02411381448745553,078e2a857d394e3a859226522fd402dd,experiment_linear_erythrocytes
937.2411221330576,0.010917054404495774,erythrocytes,SERUM,0.8,MLP Regressor,BayesSearchCV,0.8812492786771711,0.4095110888539278,87.89379206376931,-0.02411381448745553,078e2a857d394e3a859226522fd402dd,experiment_linear_erythrocytes
935.3126424578863,0.010429779712078653,erythrocytes,SERUM,0.8,MLP Regressor,BayesSearchCV,0.8812492786771711,0.4095110888539278,87.89379206376931,-0.02411381448745553,078e2a857d394e3a859226522fd402dd,experiment_linear_erythrocytes
1648.85012227112,0.010276021581548308,erythrocytes,SERUM,0.8,MLP Regressor,BayesSearchCV,0.8812492786771711,0.4095110888539278,87.89379206376931,-0.02411381448745553,078e2a857d394e3a859226522fd402dd,experiment_linear_erythrocytes
939.1696018082284,0.010015892259641385,erythrocytes,SERUM,0.8,MLP Regressor,BayesSearchCV,0.8812492786771711,0.4095110888539278,87.89379206376931,-0.02411381448745553,078e2a857d394e3a859226522fd402dd,experiment_linear_erythrocytes
1644.993162920778,0.009537151513415543,erythrocytes,SERUM,0.8,MLP Regressor,BayesSearchCV,0.8812492786771711,0.4095110888539278,87.89379206376931,-0.02411381448745553,078e2a857d394e3a859226522fd402dd,experiment_linear_erythrocytes
1076.091658745362,0.0075888772999632755,erythrocytes,SERUM,0.8,MLP Regressor,BayesSearchCV,0.8812492786771711,0.4095110888539278,87.89379206376931,-0.02411381448745553,078e2a857d394e3a859226522fd402dd,experiment_linear_erythrocytes
1575.567894614625,0.006658203055187486,erythrocytes,SERUM,0.8,MLP Regressor,BayesSearchCV,0.8812492786771711,0.4095110888539278,87.89379206376931,-0.02411381448745553,078e2a857d394e3a859226522fd402dd,experiment_linear_erythrocytes
1571.710935264284,0.00637676763123747,erythrocytes,SERUM,0.8,MLP Regressor,BayesSearchCV,0.8812492786771711,0.4095110888539278,87.89379206376931,-0.02411381448745553,078e2a857d394e3a859226522fd402dd,experiment_linear_erythrocytes
1089.591016471559,0.006333320799758512,erythrocytes,SERUM,0.8,MLP Regressor,BayesSearchCV,0.8812492786771711,0.4095110888539278,87.89379206376931,-0.02411381448745553,078e2a857d394e3a859226522fd402dd,experiment_linear_erythrocytes
962.3113579102792,0.006010045733089714,erythrocytes,SERUM,0.8,MLP Regressor,BayesSearchCV,0.8812492786771711,0.4095110888539278,87.89379206376931,-0.02411381448745553,078e2a857d394e3a859226522fd402dd,experiment_linear_erythrocytes
2545.593171225588,0.00598807542009357,erythrocytes,SERUM,0.8,MLP Regressor,BayesSearchCV,0.8812492786771711,0.4095110888539278,87.89379206376931,-0.02411381448745553,078e2a857d394e3a859226522fd402dd,experiment_linear_erythrocytes
1563.9970165636,0.005657353824545698,erythrocytes,SERUM,0.8,MLP Regressor,BayesSearchCV,0.8812492786771711,0.4095110888539278,87.89379206376931,-0.02411381448745553,078e2a857d394e3a859226522fd402dd,experiment_linear_erythrocytes
1656.564040971803,0.0054783679547717856,erythrocytes,SERUM,0.8,MLP Regressor,BayesSearchCV,0.8812492786771711,0.4095110888539278,87.89379206376931,-0.02411381448745553,078e2a857d394e3a859226522fd402dd,experiment_linear_erythrocytes
1583.281813315309,0.00545482862958837,erythrocytes,SERUM,0.8,MLP Regressor,BayesSearchCV,0.8812492786771711,0.4095110888539278,87.89379206376931,-0.02411381448745553,078e2a857d394e3a859226522fd402dd,experiment_linear_erythrocytes
1646.921642595948,0.005369083745141624,erythrocytes,SERUM,0.8,MLP Regressor,BayesSearchCV,0.8812492786771711,0.4095110888539278,87.89379206376931,-0.02411381448745553,078e2a857d394e3a859226522fd402dd,experiment_linear_erythrocytes
2508.952057397341,0.005337472728455126,erythrocytes,SERUM,0.8,MLP Regressor,BayesSearchCV,0.8812492786771711,0.4095110888539278,87.89379206376931,-0.02411381448745553,078e2a857d394e3a859226522fd402dd,experiment_linear_erythrocytes
1643.064683245607,0.005278190805876116,erythrocytes,SERUM,0.8,MLP Regressor,BayesSearchCV,0.8812492786771711,0.4095110888539278,87.89379206376931,-0.02411381448745553,078e2a857d394e3a859226522fd402dd,experiment_linear_erythrocytes
1415.504081575441,0.005166657563826905,erythrocytes,SERUM,0.8,MLP Regressor,BayesSearchCV,0.8812492786771711,0.4095110888539278,87.89379206376931,-0.02411381448745553,078e2a857d394e3a859226522fd402dd,experiment_linear_erythrocytes
1492.643268582277,0.003773617236922368,erythrocytes,URINE,0.8,MLP Regressor,BayesSearchCV,0.9053597677298417,0.431506783994416,95.08075864746525,0.0423794447507001,078e2a857d394e3a859226522fd402dd,experiment_linear_erythrocytes
1494.571748257448,0.0037469933176521534,erythrocytes,URINE,0.8,MLP Regressor,BayesSearchCV,0.9053597677298417,0.431506783994416,95.08075864746525,0.0423794447507001,078e2a857d394e3a859226522fd402dd,experiment_linear_erythrocytes
1490.714788907106,0.003742063131814982,erythrocytes,URINE,0.8,MLP Regressor,BayesSearchCV,0.9053597677298417,0.431506783994416,95.08075864746525,0.0423794447507001,078e2a857d394e3a859226522fd402dd,experiment_linear_erythrocytes
1496.500227932618,0.003692876366816748,erythrocytes,URINE,0.8,MLP Regressor,BayesSearchCV,0.9053597677298417,0.431506783994416,95.08075864746525,0.0423794447507001,078e2a857d394e3a859226522fd402dd,experiment_linear_erythrocytes
1488.786309231935,0.0036693352263896697,erythrocytes,URINE,0.8,MLP Regressor,BayesSearchCV,0.9053597677298417,0.431506783994416,95.08075864746525,0.0423794447507001,078e2a857d394e3a859226522fd402dd,experiment_linear_erythrocytes
1498.428707607789,0.0036022695251402667,erythrocytes,URINE,0.8,MLP Regressor,BayesSearchCV,0.9053597677298417,0.431506783994416,95.08075864746525,0.0423794447507001,078e2a857d394e3a859226522fd402dd,experiment_linear_erythrocytes
1486.857829556764,0.003527805260927875,erythrocytes,URINE,0.8,MLP Regressor,BayesSearchCV,0.9053597677298417,0.431506783994416,95.08075864746525,0.0423794447507001,078e2a857d394e3a859226522fd402dd,experiment_linear_erythrocytes
1500.35718728296,0.0034397295984014776,erythrocytes,URINE,0.8,MLP Regressor,BayesSearchCV,0.9053597677298417,0.431506783994416,95.08075864746525,0.0423794447507001,078e2a857d394e3a859226522fd402dd,experiment_linear_erythrocytes
1484.929349881593,0.0032975939105277245,erythrocytes,URINE,0.8,MLP Regressor,BayesSearchCV,0.9053597677298417,0.431506783994416,95.08075864746525,0.0423794447507001,078e2a857d394e3a859226522fd402dd,experiment_linear_erythrocytes
1670.063398697999,0.003277645416640635,erythrocytes,URINE,0.8,MLP Regressor,BayesSearchCV,0.9053597677298417,0.431506783994416,95.08075864746525,0.0423794447507001,078e2a857d394e3a859226522fd402dd,experiment_linear_erythrocytes
1415.504081575441,0.0032669270307328483,erythrocytes,URINE,0.8,MLP Regressor,BayesSearchCV,0.9053597677298417,0.431506783994416,95.08075864746525,0.0423794447507001,078e2a857d394e3a859226522fd402dd,experiment_linear_erythrocytes
1413.57560190027,0.003252410593774519,erythrocytes,URINE,0.8,MLP Regressor,BayesSearchCV,0.9053597677298417,0.431506783994416,95.08075864746525,0.0423794447507001,078e2a857d394e3a859226522fd402dd,experiment_linear_erythrocytes
1668.134919022829,0.0032491914285604213,erythrocytes,URINE,0.8,MLP Regressor,BayesSearchCV,0.9053597677298417,0.431506783994416,95.08075864746525,0.0423794447507001,078e2a857d394e3a859226522fd402dd,experiment_linear_erythrocytes
1411.647122225099,0.0032377924286737174,erythrocytes,URINE,0.8,MLP Regressor,BayesSearchCV,0.9053597677298417,0.431506783994416,95.08075864746525,0.0423794447507001,078e2a857d394e3a859226522fd402dd,experiment_linear_erythrocytes
1502.285666958131,0.003228009925790521,erythrocytes,URINE,0.8,MLP Regressor,BayesSearchCV,0.9053597677298417,0.431506783994416,95.08075864746525,0.0423794447507001,078e2a857d394e3a859226522fd402dd,experiment_linear_erythrocytes
1417.432561250612,0.003226242998437537,erythrocytes,URINE,0.8,MLP Regressor,BayesSearchCV,0.9053597677298417,0.431506783994416,95.08075864746525,0.0423794447507001,078e2a857d394e3a859226522fd402dd,experiment_linear_erythrocytes
1671.99187837317,0.0032186171531067586,erythrocytes,URINE,0.8,MLP Regressor,BayesSearchCV,0.9053597677298417,0.431506783994416,95.08075864746525,0.0423794447507001,078e2a857d394e3a859226522fd402dd,experiment_linear_erythrocytes
1409.718642549928,0.003213327237840803,erythrocytes,URINE,0.8,MLP Regressor,BayesSearchCV,0.9053597677298417,0.431506783994416,95.08075864746525,0.0423794447507001,078e2a857d394e3a859226522fd402dd,experiment_linear_erythrocytes
1673.920358048341,0.003181449074271723,erythrocytes,URINE,0.8,MLP Regressor,BayesSearchCV,0.9053597677298417,0.431506783994416,95.08075864746525,0.0423794447507001,078e2a857d394e3a859226522fd402dd,experiment_linear_erythrocytes
1407.790162874757,0.0031597821414193913,erythrocytes,URINE,0.8,MLP Regressor,BayesSearchCV,0.9053597677298417,0.431506783994416,95.08075864746525,0.0423794447507001,078e2a857d394e3a859226522fd402dd,experiment_linear_erythrocytes
929.5272034323739,0.011217595408683273,erythrocytes,URINE,0.8,MLP Regressor,BayesSearchCV,0.9321851623445894,0.44732776752705156,98.839361828006,-0.015208975191831176,078e2a857d394e3a859226522fd402dd,experiment_linear_erythrocytes
1122.375170949464,0.010697930881323378,erythrocytes,URINE,0.8,MLP Regressor,BayesSearchCV,0.9321851623445894,0.44732776752705156,98.839361828006,-0.015208975191831176,078e2a857d394e3a859226522fd402dd,experiment_linear_erythrocytes
1101.161894522584,0.010504027924506837,erythrocytes,URINE,0.8,MLP Regressor,BayesSearchCV,0.9321851623445894,0.44732776752705156,98.839361828006,-0.015208975191831176,078e2a857d394e3a859226522fd402dd,experiment_linear_erythrocytes
1118.518211599122,0.00867756792249545,erythrocytes,URINE,0.8,MLP Regressor,BayesSearchCV,0.9321851623445894,0.44732776752705156,98.839361828006,-0.015208975191831176,078e2a857d394e3a859226522fd402dd,experiment_linear_erythrocytes
1114.66125224878,0.008649582020141471,erythrocytes,URINE,0.8,MLP Regressor,BayesSearchCV,0.9321851623445894,0.44732776752705156,98.839361828006,-0.015208975191831176,078e2a857d394e3a859226522fd402dd,experiment_linear_erythrocytes
1105.018853872926,0.008649357467397298,erythrocytes,URINE,0.8,MLP Regressor,BayesSearchCV,0.9321851623445894,0.44732776752705156,98.839361828006,-0.015208975191831176,078e2a857d394e3a859226522fd402dd,experiment_linear_erythrocytes
1018.237268490235,0.008091521959307698,erythrocytes,URINE,0.8,MLP Regressor,BayesSearchCV,0.9321851623445894,0.44732776752705156,98.839361828006,-0.015208975191831176,078e2a857d394e3a859226522fd402dd,experiment_linear_erythrocytes
1008.594870114381,0.007407922898733895,erythrocytes,URINE,0.8,MLP Regressor,BayesSearchCV,0.9321851623445894,0.44732776752705156,98.839361828006,-0.015208975191831176,078e2a857d394e3a859226522fd402dd,experiment_linear_erythrocytes
962.3113579102792,0.007189440254027513,erythrocytes,URINE,0.8,MLP Regressor,BayesSearchCV,0.9321851623445894,0.44732776752705156,98.839361828006,-0.015208975191831176,078e2a857d394e3a859226522fd402dd,experiment_linear_erythrocytes
937.2411221330576,0.0064068989732375195,erythrocytes,URINE,0.8,MLP Regressor,BayesSearchCV,0.9321851623445894,0.44732776752705156,98.839361828006,-0.015208975191831176,078e2a857d394e3a859226522fd402dd,experiment_linear_erythrocytes
956.5259188847667,0.00608224983250699,erythrocytes,URINE,0.8,MLP Regressor,BayesSearchCV,0.9321851623445894,0.44732776752705156,98.839361828006,-0.015208975191831176,078e2a857d394e3a859226522fd402dd,experiment_linear_erythrocytes
1145.516927051515,0.005919518641777848,erythrocytes,URINE,0.8,MLP Regressor,BayesSearchCV,0.9321851623445894,0.44732776752705156,98.839361828006,-0.015208975191831176,078e2a857d394e3a859226522fd402dd,experiment_linear_erythrocytes
1126.232130299806,0.005754399819379299,erythrocytes,URINE,0.8,MLP Regressor,BayesSearchCV,0.9321851623445894,0.44732776752705156,98.839361828006,-0.015208975191831176,078e2a857d394e3a859226522fd402dd,experiment_linear_erythrocytes
948.812000184083,0.005691429729717721,erythrocytes,URINE,0.8,MLP Regressor,BayesSearchCV,0.9321851623445894,0.44732776752705156,98.839361828006,-0.015208975191831176,078e2a857d394e3a859226522fd402dd,experiment_linear_erythrocytes
935.3126424578863,0.005612525028018719,erythrocytes,URINE,0.8,MLP Regressor,BayesSearchCV,0.9321851623445894,0.44732776752705156,98.839361828006,-0.015208975191831176,078e2a857d394e3a859226522fd402dd,experiment_linear_erythrocytes
1016.308788815064,0.00560886784008774,erythrocytes,URINE,0.8,MLP Regressor,BayesSearchCV,0.9321851623445894,0.44732776752705156,98.839361828006,-0.015208975191831176,078e2a857d394e3a859226522fd402dd,experiment_linear_erythrocytes
1089.591016471559,0.005469847243060895,erythrocytes,URINE,0.8,MLP Regressor,BayesSearchCV,0.9321851623445894,0.44732776752705156,98.839361828006,-0.015208975191831176,078e2a857d394e3a859226522fd402dd,experiment_linear_erythrocytes
939.1696018082284,0.005428307983775393,erythrocytes,URINE,0.8,MLP Regressor,BayesSearchCV,0.9321851623445894,0.44732776752705156,98.839361828006,-0.015208975191831176,078e2a857d394e3a859226522fd402dd,experiment_linear_erythrocytes
1415.504081575441,0.0053662147982283855,erythrocytes,URINE,0.8,MLP Regressor,BayesSearchCV,0.9321851623445894,0.44732776752705156,98.839361828006,-0.015208975191831176,078e2a857d394e3a859226522fd402dd,experiment_linear_erythrocytes
1103.090374197755,0.005138179853791849,erythrocytes,URINE,0.8,MLP Regressor,BayesSearchCV,0.9321851623445894,0.44732776752705156,98.839361828006,-0.015208975191831176,078e2a857d394e3a859226522fd402dd,experiment_linear_erythrocytes
1041.379024592286,0.0057791442256302835,erythrocytes,URINE,0.8,MLP Regressor,BayesSearchCV,0.9254606562012441,0.4433584945072281,95.97836675431385,-0.0006149737209539818,078e2a857d394e3a859226522fd402dd,experiment_linear_erythrocytes
1039.450544917115,0.005715274986934006,erythrocytes,URINE,0.8,MLP Regressor,BayesSearchCV,0.9254606562012441,0.4433584945072281,95.97836675431385,-0.0006149737209539818,078e2a857d394e3a859226522fd402dd,experiment_linear_erythrocytes
1043.307504267457,0.0054590976290415354,erythrocytes,URINE,0.8,MLP Regressor,BayesSearchCV,0.9254606562012441,0.4433584945072281,95.97836675431385,-0.0006149737209539818,078e2a857d394e3a859226522fd402dd,experiment_linear_erythrocytes
1037.522065241944,0.005374748273738818,erythrocytes,URINE,0.8,MLP Regressor,BayesSearchCV,0.9254606562012441,0.4433584945072281,95.97836675431385,-0.0006149737209539818,078e2a857d394e3a859226522fd402dd,experiment_linear_erythrocytes
1035.593585566773,0.004881991529011239,erythrocytes,URINE,0.8,MLP Regressor,BayesSearchCV,0.9254606562012441,0.4433584945072281,95.97836675431385,-0.0006149737209539818,078e2a857d394e3a859226522fd402dd,experiment_linear_erythrocytes
1276.653544963136,0.00472128246169149,erythrocytes,URINE,0.8,MLP Regressor,BayesSearchCV,0.9254606562012441,0.4433584945072281,95.97836675431385,-0.0006149737209539818,078e2a857d394e3a859226522fd402dd,experiment_linear_erythrocytes
1280.510504313478,0.004691351555688229,erythrocytes,URINE,0.8,MLP Regressor,BayesSearchCV,0.9254606562012441,0.4433584945072281,95.97836675431385,-0.0006149737209539818,078e2a857d394e3a859226522fd402dd,experiment_linear_erythrocytes
1278.582024638307,0.004681066285567704,erythrocytes,URINE,0.8,MLP Regressor,BayesSearchCV,0.9254606562012441,0.4433584945072281,95.97836675431385,-0.0006149737209539818,078e2a857d394e3a859226522fd402dd,experiment_linear_erythrocytes
1282.438983988648,0.0046547333550486505,erythrocytes,URINE,0.8,MLP Regressor,BayesSearchCV,0.9254606562012441,0.4433584945072281,95.97836675431385,-0.0006149737209539818,078e2a857d394e3a859226522fd402dd,experiment_linear_erythrocytes
1045.235983942628,0.004650683880928734,erythrocytes,URINE,0.8,MLP Regressor,BayesSearchCV,0.9254606562012441,0.4433584945072281,95.97836675431385,-0.0006149737209539818,078e2a857d394e3a859226522fd402dd,experiment_linear_erythrocytes
1274.725065287965,0.00464854324857982,erythrocytes,URINE,0.8,MLP Regressor,BayesSearchCV,0.9254606562012441,0.4433584945072281,95.97836675431385,-0.0006149737209539818,078e2a857d394e3a859226522fd402dd,experiment_linear_erythrocytes
1284.367463663819,0.004599216484232015,erythrocytes,URINE,0.8,MLP Regressor,BayesSearchCV,0.9254606562012441,0.4433584945072281,95.97836675431385,-0.0006149737209539818,078e2a857d394e3a859226522fd402dd,experiment_linear_erythrocytes
1286.29594333899,0.004459038663874273,erythrocytes,URINE,0.8,MLP Regressor,BayesSearchCV,0.9254606562012441,0.4433584945072281,95.97836675431385,-0.0006149737209539818,078e2a857d394e3a859226522fd402dd,experiment_linear_erythrocytes
1272.796585612794,0.004381819728624979,erythrocytes,URINE,0.8,MLP Regressor,BayesSearchCV,0.9254606562012441,0.4433584945072281,95.97836675431385,-0.0006149737209539818,078e2a857d394e3a859226522fd402dd,experiment_linear_erythrocytes
1033.665105891602,0.00429663693814089,erythrocytes,URINE,0.8,MLP Regressor,BayesSearchCV,0.9254606562012441,0.4433584945072281,95.97836675431385,-0.0006149737209539818,078e2a857d394e3a859226522fd402dd,experiment_linear_erythrocytes
1288.224423014161,0.004145501514654259,erythrocytes,URINE,0.8,MLP Regressor,BayesSearchCV,0.9254606562012441,0.4433584945072281,95.97836675431385,-0.0006149737209539818,078e2a857d394e3a859226522fd402dd,experiment_linear_erythrocytes
1270.868105937623,0.004103153446778496,erythrocytes,URINE,0.8,MLP Regressor,BayesSearchCV,0.9254606562012441,0.4433584945072281,95.97836675431385,-0.0006149737209539818,078e2a857d394e3a859226522fd402dd,experiment_linear_erythrocytes
1290.152902689332,0.0038226212913391256,erythrocytes,URINE,0.8,MLP Regressor,BayesSearchCV,0.9254606562012441,0.4433584945072281,95.97836675431385,-0.0006149737209539818,078e2a857d394e3a859226522fd402dd,experiment_linear_erythrocytes
1268.939626262452,0.0038098407173013556,erythrocytes,URINE,0.8,MLP Regressor,BayesSearchCV,0.9254606562012441,0.4433584945072281,95.97836675431385,-0.0006149737209539818,078e2a857d394e3a859226522fd402dd,experiment_linear_erythrocytes
1031.736626216432,0.0036774307565170484,erythrocytes,URINE,0.8,MLP Regressor,BayesSearchCV,0.9254606562012441,0.4433584945072281,95.97836675431385,-0.0006149737209539818,078e2a857d394e3a859226522fd402dd,experiment_linear_erythrocytes
1101.161894522584,0.025915323105337378,erythrocytes,URINE,0.8,MLP Regressor,BayesSearchCV,0.925698944778913,0.43357472014961407,95.80799979358751,-0.0011303188381044382,078e2a857d394e3a859226522fd402dd,experiment_linear_erythrocytes
1114.66125224878,0.02018866014970903,erythrocytes,URINE,0.8,MLP Regressor,BayesSearchCV,0.925698944778913,0.43357472014961407,95.80799979358751,-0.0011303188381044382,078e2a857d394e3a859226522fd402dd,experiment_linear_erythrocytes
1122.375170949464,0.02001211301973876,erythrocytes,URINE,0.8,MLP Regressor,BayesSearchCV,0.925698944778913,0.43357472014961407,95.80799979358751,-0.0011303188381044382,078e2a857d394e3a859226522fd402dd,experiment_linear_erythrocytes
1105.018853872926,0.017326817535117608,erythrocytes,URINE,0.8,MLP Regressor,BayesSearchCV,0.925698944778913,0.43357472014961407,95.80799979358751,-0.0011303188381044382,078e2a857d394e3a859226522fd402dd,experiment_linear_erythrocytes
1089.591016471559,0.014660521577794839,erythrocytes,URINE,0.8,MLP Regressor,BayesSearchCV,0.925698944778913,0.43357472014961407,95.80799979358751,-0.0011303188381044382,078e2a857d394e3a859226522fd402dd,experiment_linear_erythrocytes
1118.518211599122,0.013873633823910572,erythrocytes,URINE,0.8,MLP Regressor,BayesSearchCV,0.925698944778913,0.43357472014961407,95.80799979358751,-0.0011303188381044382,078e2a857d394e3a859226522fd402dd,experiment_linear_erythrocytes
1126.232130299806,0.01145886899345371,erythrocytes,URINE,0.8,MLP Regressor,BayesSearchCV,0.925698944778913,0.43357472014961407,95.80799979358751,-0.0011303188381044382,078e2a857d394e3a859226522fd402dd,experiment_linear_erythrocytes
1091.51949614673,0.01098777587619928,erythrocytes,URINE,0.8,MLP Regressor,BayesSearchCV,0.925698944778913,0.43357472014961407,95.80799979358751,-0.0011303188381044382,078e2a857d394e3a859226522fd402dd,experiment_linear_erythrocytes
1133.946049000489,0.009982404489170121,erythrocytes,URINE,0.8,MLP Regressor,BayesSearchCV,0.925698944778913,0.43357472014961407,95.80799979358751,-0.0011303188381044382,078e2a857d394e3a859226522fd402dd,experiment_linear_erythrocytes
1106.947333548097,0.00912782694892431,erythrocytes,URINE,0.8,MLP Regressor,BayesSearchCV,0.925698944778913,0.43357472014961407,95.80799979358751,-0.0011303188381044382,078e2a857d394e3a859226522fd402dd,experiment_linear_erythrocytes
929.5272034323739,0.009071762053039487,erythrocytes,URINE,0.8,MLP Regressor,BayesSearchCV,0.925698944778913,0.43357472014961407,95.80799979358751,-0.0011303188381044382,078e2a857d394e3a859226522fd402dd,experiment_linear_erythrocytes
1145.516927051515,0.008880141865563613,erythrocytes,URINE,0.8,MLP Regressor,BayesSearchCV,0.925698944778913,0.43357472014961407,95.80799979358751,-0.0011303188381044382,078e2a857d394e3a859226522fd402dd,experiment_linear_erythrocytes
1103.090374197755,0.008415264735697675,erythrocytes,URINE,0.8,MLP Regressor,BayesSearchCV,0.925698944778913,0.43357472014961407,95.80799979358751,-0.0011303188381044382,078e2a857d394e3a859226522fd402dd,experiment_linear_erythrocytes
1143.588447376344,0.008395078827914857,erythrocytes,URINE,0.8,MLP Regressor,BayesSearchCV,0.925698944778913,0.43357472014961407,95.80799979358751,-0.0011303188381044382,078e2a857d394e3a859226522fd402dd,experiment_linear_erythrocytes
1583.281813315309,0.00815445091493509,erythrocytes,URINE,0.8,MLP Regressor,BayesSearchCV,0.925698944778913,0.43357472014961407,95.80799979358751,-0.0011303188381044382,078e2a857d394e3a859226522fd402dd,experiment_linear_erythrocytes
1571.710935264284,0.008063180814311096,erythrocytes,URINE,0.8,MLP Regressor,BayesSearchCV,0.925698944778913,0.43357472014961407,95.80799979358751,-0.0011303188381044382,078e2a857d394e3a859226522fd402dd,experiment_linear_erythrocytes
1575.567894614625,0.00796863810405911,erythrocytes,URINE,0.8,MLP Regressor,BayesSearchCV,0.925698944778913,0.43357472014961407,95.80799979358751,-0.0011303188381044382,078e2a857d394e3a859226522fd402dd,experiment_linear_erythrocytes
1139.731488026002,0.007769833330122067,erythrocytes,URINE,0.8,MLP Regressor,BayesSearchCV,0.925698944778913,0.43357472014961407,95.80799979358751,-0.0011303188381044382,078e2a857d394e3a859226522fd402dd,experiment_linear_erythrocytes
1124.303650624635,0.007547087822699668,erythrocytes,URINE,0.8,MLP Regressor,BayesSearchCV,0.925698944778913,0.43357472014961407,95.80799979358751,-0.0011303188381044382,078e2a857d394e3a859226522fd402dd,experiment_linear_erythrocytes
1425.146479951295,0.007352896981175208,erythrocytes,URINE,0.8,MLP Regressor,BayesSearchCV,0.925698944778913,0.43357472014961407,95.80799979358751,-0.0011303188381044382,078e2a857d394e3a859226522fd402dd,experiment_linear_erythrocytes
3048.926366445193,0.015379132980244988,erythrocytes,CAPILAR,0.8,Random Forest Regressor,BayesSearchCV,0.8796985474476863,0.4216483287926903,92.63504049771988,0.0613277623378401,078e2a857d394e3a859226522fd402dd,experiment_linear_erythrocytes
1222.656114058351,0.007606535217296031,erythrocytes,CAPILAR,0.8,Random Forest Regressor,BayesSearchCV,0.8796985474476863,0.4216483287926903,92.63504049771988,0.0613277623378401,078e2a857d394e3a859226522fd402dd,experiment_linear_erythrocytes
1224.584593733522,0.007599808670526809,erythrocytes,CAPILAR,0.8,Random Forest Regressor,BayesSearchCV,0.8796985474476863,0.4216483287926903,92.63504049771988,0.0613277623378401,078e2a857d394e3a859226522fd402dd,experiment_linear_erythrocytes
3046.997886770022,0.007509728827650548,erythrocytes,CAPILAR,0.8,Random Forest Regressor,BayesSearchCV,0.8796985474476863,0.4216483287926903,92.63504049771988,0.0613277623378401,078e2a857d394e3a859226522fd402dd,experiment_linear_erythrocytes
1602.566610067018,0.007327662482306294,erythrocytes,CAPILAR,0.8,Random Forest Regressor,BayesSearchCV,0.8796985474476863,0.4216483287926903,92.63504049771988,0.0613277623378401,078e2a857d394e3a859226522fd402dd,experiment_linear_erythrocytes
1220.72763438318,0.006822208738224928,erythrocytes,CAPILAR,0.8,Random Forest Regressor,BayesSearchCV,0.8796985474476863,0.4216483287926903,92.63504049771988,0.0613277623378401,078e2a857d394e3a859226522fd402dd,experiment_linear_erythrocytes
1226.513073408692,0.006766107922184839,erythrocytes,CAPILAR,0.8,Random Forest Regressor,BayesSearchCV,0.8796985474476863,0.4216483287926903,92.63504049771988,0.0613277623378401,078e2a857d394e3a859226522fd402dd,experiment_linear_erythrocytes
962.3113579102792,0.006546783327819017,erythrocytes,CAPILAR,0.8,Random Forest Regressor,BayesSearchCV,0.8796985474476863,0.4216483287926903,92.63504049771988,0.0613277623378401,078e2a857d394e3a859226522fd402dd,experiment_linear_erythrocytes
960.3828782351084,0.006542915060094792,erythrocytes,CAPILAR,0.8,Random Forest Regressor,BayesSearchCV,0.8796985474476863,0.4216483287926903,92.63504049771988,0.0613277623378401,078e2a857d394e3a859226522fd402dd,experiment_linear_erythrocytes
958.4543985599371,0.006028890339895411,erythrocytes,CAPILAR,0.8,Random Forest Regressor,BayesSearchCV,0.8796985474476863,0.4216483287926903,92.63504049771988,0.0613277623378401,078e2a857d394e3a859226522fd402dd,experiment_linear_erythrocytes
964.23983758545,0.005956121197655795,erythrocytes,CAPILAR,0.8,Random Forest Regressor,BayesSearchCV,0.8796985474476863,0.4216483287926903,92.63504049771988,0.0613277623378401,078e2a857d394e3a859226522fd402dd,experiment_linear_erythrocytes
1218.799154708009,0.005924349796582101,erythrocytes,CAPILAR,0.8,Random Forest Regressor,BayesSearchCV,0.8796985474476863,0.4216483287926903,92.63504049771988,0.0613277623378401,078e2a857d394e3a859226522fd402dd,experiment_linear_erythrocytes
950.7404798592538,0.005832562659257991,erythrocytes,CAPILAR,0.8,Random Forest Regressor,BayesSearchCV,0.8796985474476863,0.4216483287926903,92.63504049771988,0.0613277623378401,078e2a857d394e3a859226522fd402dd,experiment_linear_erythrocytes
948.812000184083,0.005811522049803017,erythrocytes,CAPILAR,0.8,Random Forest Regressor,BayesSearchCV,0.8796985474476863,0.4216483287926903,92.63504049771988,0.0613277623378401,078e2a857d394e3a859226522fd402dd,experiment_linear_erythrocytes
1228.441553083863,0.005665635229158752,erythrocytes,CAPILAR,0.8,Random Forest Regressor,BayesSearchCV,0.8796985474476863,0.4216483287926903,92.63504049771988,0.0613277623378401,078e2a857d394e3a859226522fd402dd,experiment_linear_erythrocytes
946.8835205089117,0.005397992867669986,erythrocytes,CAPILAR,0.8,Random Forest Regressor,BayesSearchCV,0.8796985474476863,0.4216483287926903,92.63504049771988,0.0613277623378401,078e2a857d394e3a859226522fd402dd,experiment_linear_erythrocytes
952.6689595344246,0.005379980675196205,erythrocytes,CAPILAR,0.8,Random Forest Regressor,BayesSearchCV,0.8796985474476863,0.4216483287926903,92.63504049771988,0.0613277623378401,078e2a857d394e3a859226522fd402dd,experiment_linear_erythrocytes
1168.658683153565,0.0052805718849574575,erythrocytes,CAPILAR,0.8,Random Forest Regressor,BayesSearchCV,0.8796985474476863,0.4216483287926903,92.63504049771988,0.0613277623378401,078e2a857d394e3a859226522fd402dd,experiment_linear_erythrocytes
956.5259188847667,0.005252082172462765,erythrocytes,CAPILAR,0.8,Random Forest Regressor,BayesSearchCV,0.8796985474476863,0.4216483287926903,92.63504049771988,0.0613277623378401,078e2a857d394e3a859226522fd402dd,experiment_linear_erythrocytes
966.1683172606208,0.005158741422907995,erythrocytes,CAPILAR,0.8,Random Forest Regressor,BayesSearchCV,0.8796985474476863,0.4216483287926903,92.63504049771988,0.0613277623378401,078e2a857d394e3a859226522fd402dd,experiment_linear_erythrocytes
1639.207723895265,0.045903322883481576,erythrocytes,CAPILAR,0.8,Random Forest Regressor,BayesSearchCV,0.9018989266945678,0.4339223096221208,93.3200199117162,0.01335262735063747,078e2a857d394e3a859226522fd402dd,experiment_linear_erythrocytes
1706.704512526246,0.03391795703286343,erythrocytes,CAPILAR,0.8,Random Forest Regressor,BayesSearchCV,0.9018989266945678,0.4339223096221208,93.3200199117162,0.01335262735063747,078e2a857d394e3a859226522fd402dd,experiment_linear_erythrocytes
1216.870675032838,0.024852085353977097,erythrocytes,CAPILAR,0.8,Random Forest Regressor,BayesSearchCV,0.9018989266945678,0.4339223096221208,93.3200199117162,0.01335262735063747,078e2a857d394e3a859226522fd402dd,experiment_linear_erythrocytes
1224.584593733522,0.02381681826391621,erythrocytes,CAPILAR,0.8,Random Forest Regressor,BayesSearchCV,0.9018989266945678,0.4339223096221208,93.3200199117162,0.01335262735063747,078e2a857d394e3a859226522fd402dd,experiment_linear_erythrocytes
3050.854846120364,0.018123337302826677,erythrocytes,CAPILAR,0.8,Random Forest Regressor,BayesSearchCV,0.9018989266945678,0.4339223096221208,93.3200199117162,0.01335262735063747,078e2a857d394e3a859226522fd402dd,experiment_linear_erythrocytes
1708.632992201417,0.017867155549838802,erythrocytes,CAPILAR,0.8,Random Forest Regressor,BayesSearchCV,0.9018989266945678,0.4339223096221208,93.3200199117162,0.01335262735063747,078e2a857d394e3a859226522fd402dd,experiment_linear_erythrocytes
1722.132349927614,0.017753854913038356,erythrocytes,CAPILAR,0.8,Random Forest Regressor,BayesSearchCV,0.9018989266945678,0.4339223096221208,93.3200199117162,0.01335262735063747,078e2a857d394e3a859226522fd402dd,experiment_linear_erythrocytes
966.1683172606208,0.017543742166706264,erythrocytes,CAPILAR,0.8,Random Forest Regressor,BayesSearchCV,0.9018989266945678,0.4339223096221208,93.3200199117162,0.01335262735063747,078e2a857d394e3a859226522fd402dd,experiment_linear_erythrocytes
3045.069407094851,0.013973437247961492,erythrocytes,CAPILAR,0.8,Random Forest Regressor,BayesSearchCV,0.9018989266945678,0.4339223096221208,93.3200199117162,0.01335262735063747,078e2a857d394e3a859226522fd402dd,experiment_linear_erythrocytes
3046.997886770022,0.01340637047596139,erythrocytes,CAPILAR,0.8,Random Forest Regressor,BayesSearchCV,0.9018989266945678,0.4339223096221208,93.3200199117162,0.01335262735063747,078e2a857d394e3a859226522fd402dd,experiment_linear_erythrocytes
1020.165748165406,0.01273375891258655,erythrocytes,CAPILAR,0.8,Random Forest Regressor,BayesSearchCV,0.9018989266945678,0.4339223096221208,93.3200199117162,0.01335262735063747,078e2a857d394e3a859226522fd402dd,experiment_linear_erythrocytes
1211.085236007325,0.012730710439188699,erythrocytes,CAPILAR,0.8,Random Forest Regressor,BayesSearchCV,0.9018989266945678,0.4339223096221208,93.3200199117162,0.01335262735063747,078e2a857d394e3a859226522fd402dd,experiment_linear_erythrocytes
1602.566610067018,0.011188953695647796,erythrocytes,CAPILAR,0.8,Random Forest Regressor,BayesSearchCV,0.9018989266945678,0.4339223096221208,93.3200199117162,0.01335262735063747,078e2a857d394e3a859226522fd402dd,experiment_linear_erythrocytes
1724.060829602785,0.011107400367837363,erythrocytes,CAPILAR,0.8,Random Forest Regressor,BayesSearchCV,0.9018989266945678,0.4339223096221208,93.3200199117162,0.01335262735063747,078e2a857d394e3a859226522fd402dd,experiment_linear_erythrocytes
1184.086520554933,0.01076523979476091,erythrocytes,CAPILAR,0.8,Random Forest Regressor,BayesSearchCV,0.9018989266945678,0.4339223096221208,93.3200199117162,0.01335262735063747,078e2a857d394e3a859226522fd402dd,experiment_linear_erythrocytes
993.1670327130137,0.010627027803312449,erythrocytes,CAPILAR,0.8,Random Forest Regressor,BayesSearchCV,0.9018989266945678,0.4339223096221208,93.3200199117162,0.01335262735063747,078e2a857d394e3a859226522fd402dd,experiment_linear_erythrocytes
1228.441553083863,0.01062056673509818,erythrocytes,CAPILAR,0.8,Random Forest Regressor,BayesSearchCV,0.9018989266945678,0.4339223096221208,93.3200199117162,0.01335262735063747,078e2a857d394e3a859226522fd402dd,experiment_linear_erythrocytes
1712.489951551759,0.010511058307831899,erythrocytes,CAPILAR,0.8,Random Forest Regressor,BayesSearchCV,0.9018989266945678,0.4339223096221208,93.3200199117162,0.01335262735063747,078e2a857d394e3a859226522fd402dd,experiment_linear_erythrocytes
1704.776032851076,0.010117252339856053,erythrocytes,CAPILAR,0.8,Random Forest Regressor,BayesSearchCV,0.9018989266945678,0.4339223096221208,93.3200199117162,0.01335262735063747,078e2a857d394e3a859226522fd402dd,experiment_linear_erythrocytes
1265.08266691211,0.010022578875156538,erythrocytes,CAPILAR,0.8,Random Forest Regressor,BayesSearchCV,0.9018989266945678,0.4339223096221208,93.3200199117162,0.01335262735063747,078e2a857d394e3a859226522fd402dd,experiment_linear_erythrocytes
3048.926366445193,0.015323802574642938,erythrocytes,CAPILAR,0.8,Random Forest Regressor,BayesSearchCV,0.8791314028595235,0.42074813562105323,92.58867861867498,0.06253770243182022,078e2a857d394e3a859226522fd402dd,experiment_linear_erythrocytes
1222.656114058351,0.0075332344140393425,erythrocytes,CAPILAR,0.8,Random Forest Regressor,BayesSearchCV,0.8791314028595235,0.42074813562105323,92.58867861867498,0.06253770243182022,078e2a857d394e3a859226522fd402dd,experiment_linear_erythrocytes
1224.584593733522,0.007531112899968335,erythrocytes,CAPILAR,0.8,Random Forest Regressor,BayesSearchCV,0.8791314028595235,0.42074813562105323,92.58867861867498,0.06253770243182022,078e2a857d394e3a859226522fd402dd,experiment_linear_erythrocytes
1602.566610067018,0.007464446502822513,erythrocytes,CAPILAR,0.8,Random Forest Regressor,BayesSearchCV,0.8791314028595235,0.42074813562105323,92.58867861867498,0.06253770243182022,078e2a857d394e3a859226522fd402dd,experiment_linear_erythrocytes
3046.997886770022,0.007450438833878417,erythrocytes,CAPILAR,0.8,Random Forest Regressor,BayesSearchCV,0.8791314028595235,0.42074813562105323,92.58867861867498,0.06253770243182022,078e2a857d394e3a859226522fd402dd,experiment_linear_erythrocytes
1220.72763438318,0.006761310106521792,erythrocytes,CAPILAR,0.8,Random Forest Regressor,BayesSearchCV,0.8791314028595235,0.42074813562105323,92.58867861867498,0.06253770243182022,078e2a857d394e3a859226522fd402dd,experiment_linear_erythrocytes
1226.513073408692,0.006708436419723617,erythrocytes,CAPILAR,0.8,Random Forest Regressor,BayesSearchCV,0.8791314028595235,0.42074813562105323,92.58867861867498,0.06253770243182022,078e2a857d394e3a859226522fd402dd,experiment_linear_erythrocytes
960.3828782351084,0.006499273093747255,erythrocytes,CAPILAR,0.8,Random Forest Regressor,BayesSearchCV,0.8791314028595235,0.42074813562105323,92.58867861867498,0.06253770243182022,078e2a857d394e3a859226522fd402dd,experiment_linear_erythrocytes
962.3113579102792,0.006492585357321698,erythrocytes,CAPILAR,0.8,Random Forest Regressor,BayesSearchCV,0.8791314028595235,0.42074813562105323,92.58867861867498,0.06253770243182022,078e2a857d394e3a859226522fd402dd,experiment_linear_erythrocytes
958.4543985599371,0.005953039129911018,erythrocytes,CAPILAR,0.8,Random Forest Regressor,BayesSearchCV,0.8791314028595235,0.42074813562105323,92.58867861867498,0.06253770243182022,078e2a857d394e3a859226522fd402dd,experiment_linear_erythrocytes
964.23983758545,0.005888630935034922,erythrocytes,CAPILAR,0.8,Random Forest Regressor,BayesSearchCV,0.8791314028595235,0.42074813562105323,92.58867861867498,0.06253770243182022,078e2a857d394e3a859226522fd402dd,experiment_linear_erythrocytes
1218.799154708009,0.005877853037113139,erythrocytes,CAPILAR,0.8,Random Forest Regressor,BayesSearchCV,0.8791314028595235,0.42074813562105323,92.58867861867498,0.06253770243182022,078e2a857d394e3a859226522fd402dd,experiment_linear_erythrocytes
950.7404798592538,0.005762906406567971,erythrocytes,CAPILAR,0.8,Random Forest Regressor,BayesSearchCV,0.8791314028595235,0.42074813562105323,92.58867861867498,0.06253770243182022,078e2a857d394e3a859226522fd402dd,experiment_linear_erythrocytes
948.812000184083,0.0057505824436201985,erythrocytes,CAPILAR,0.8,Random Forest Regressor,BayesSearchCV,0.8791314028595235,0.42074813562105323,92.58867861867498,0.06253770243182022,078e2a857d394e3a859226522fd402dd,experiment_linear_erythrocytes
1228.441553083863,0.005616003666506112,erythrocytes,CAPILAR,0.8,Random Forest Regressor,BayesSearchCV,0.8791314028595235,0.42074813562105323,92.58867861867498,0.06253770243182022,078e2a857d394e3a859226522fd402dd,experiment_linear_erythrocytes
952.6689595344246,0.005331872532181274,erythrocytes,CAPILAR,0.8,Random Forest Regressor,BayesSearchCV,0.8791314028595235,0.42074813562105323,92.58867861867498,0.06253770243182022,078e2a857d394e3a859226522fd402dd,experiment_linear_erythrocytes
1168.658683153565,0.005330176921241336,erythrocytes,CAPILAR,0.8,Random Forest Regressor,BayesSearchCV,0.8791314028595235,0.42074813562105323,92.58867861867498,0.06253770243182022,078e2a857d394e3a859226522fd402dd,experiment_linear_erythrocytes
946.8835205089117,0.005319661507189216,erythrocytes,CAPILAR,0.8,Random Forest Regressor,BayesSearchCV,0.8791314028595235,0.42074813562105323,92.58867861867498,0.06253770243182022,078e2a857d394e3a859226522fd402dd,experiment_linear_erythrocytes
956.5259188847667,0.005177645127509856,erythrocytes,CAPILAR,0.8,Random Forest Regressor,BayesSearchCV,0.8791314028595235,0.42074813562105323,92.58867861867498,0.06253770243182022,078e2a857d394e3a859226522fd402dd,experiment_linear_erythrocytes
1170.587162828736,0.005131096389369561,erythrocytes,CAPILAR,0.8,Random Forest Regressor,BayesSearchCV,0.8791314028595235,0.42074813562105323,92.58867861867498,0.06253770243182022,078e2a857d394e3a859226522fd402dd,experiment_linear_erythrocytes
1639.207723895265,0.03981083089212412,erythrocytes,CAPILAR,0.8,Random Forest Regressor,BayesSearchCV,0.9031606144693138,0.4347521230893698,93.41179393927288,0.010590207727066536,078e2a857d394e3a859226522fd402dd,experiment_linear_erythrocytes
1706.704512526246,0.030639648207572517,erythrocytes,CAPILAR,0.8,Random Forest Regressor,BayesSearchCV,0.9031606144693138,0.4347521230893698,93.41179393927288,0.010590207727066536,078e2a857d394e3a859226522fd402dd,experiment_linear_erythrocytes
1224.584593733522,0.027896783458043292,erythrocytes,CAPILAR,0.8,Random Forest Regressor,BayesSearchCV,0.9031606144693138,0.4347521230893698,93.41179393927288,0.010590207727066536,078e2a857d394e3a859226522fd402dd,experiment_linear_erythrocytes
1216.870675032838,0.023268321714089064,erythrocytes,CAPILAR,0.8,Random Forest Regressor,BayesSearchCV,0.9031606144693138,0.4347521230893698,93.41179393927288,0.010590207727066536,078e2a857d394e3a859226522fd402dd,experiment_linear_erythrocytes
3050.854846120364,0.021402798338576265,erythrocytes,CAPILAR,0.8,Random Forest Regressor,BayesSearchCV,0.9031606144693138,0.4347521230893698,93.41179393927288,0.010590207727066536,078e2a857d394e3a859226522fd402dd,experiment_linear_erythrocytes
966.1683172606208,0.020718324082586444,erythrocytes,CAPILAR,0.8,Random Forest Regressor,BayesSearchCV,0.9031606144693138,0.4347521230893698,93.41179393927288,0.010590207727066536,078e2a857d394e3a859226522fd402dd,experiment_linear_erythrocytes
1722.132349927614,0.020216973972413385,erythrocytes,CAPILAR,0.8,Random Forest Regressor,BayesSearchCV,0.9031606144693138,0.4347521230893698,93.41179393927288,0.010590207727066536,078e2a857d394e3a859226522fd402dd,experiment_linear_erythrocytes
3046.997886770022,0.015832285133516307,erythrocytes,CAPILAR,0.8,Random Forest Regressor,BayesSearchCV,0.9031606144693138,0.4347521230893698,93.41179393927288,0.010590207727066536,078e2a857d394e3a859226522fd402dd,experiment_linear_erythrocytes
1708.632992201417,0.015320598615881937,erythrocytes,CAPILAR,0.8,Random Forest Regressor,BayesSearchCV,0.9031606144693138,0.4347521230893698,93.41179393927288,0.010590207727066536,078e2a857d394e3a859226522fd402dd,experiment_linear_erythrocytes
1211.085236007325,0.015034362804375223,erythrocytes,CAPILAR,0.8,Random Forest Regressor,BayesSearchCV,0.9031606144693138,0.4347521230893698,93.41179393927288,0.010590207727066536,078e2a857d394e3a859226522fd402dd,experiment_linear_erythrocytes
3045.069407094851,0.014572000724972672,erythrocytes,CAPILAR,0.8,Random Forest Regressor,BayesSearchCV,0.9031606144693138,0.4347521230893698,93.41179393927288,0.010590207727066536,078e2a857d394e3a859226522fd402dd,experiment_linear_erythrocytes
1020.165748165406,0.013920107436588409,erythrocytes,CAPILAR,0.8,Random Forest Regressor,BayesSearchCV,0.9031606144693138,0.4347521230893698,93.41179393927288,0.010590207727066536,078e2a857d394e3a859226522fd402dd,experiment_linear_erythrocytes
1184.086520554933,0.012713235567146217,erythrocytes,CAPILAR,0.8,Random Forest Regressor,BayesSearchCV,0.9031606144693138,0.4347521230893698,93.41179393927288,0.010590207727066536,078e2a857d394e3a859226522fd402dd,experiment_linear_erythrocytes
993.1670327130137,0.012550013786768987,erythrocytes,CAPILAR,0.8,Random Forest Regressor,BayesSearchCV,0.9031606144693138,0.4347521230893698,93.41179393927288,0.010590207727066536,078e2a857d394e3a859226522fd402dd,experiment_linear_erythrocytes
1265.08266691211,0.011836188385899149,erythrocytes,CAPILAR,0.8,Random Forest Regressor,BayesSearchCV,0.9031606144693138,0.4347521230893698,93.41179393927288,0.010590207727066536,078e2a857d394e3a859226522fd402dd,experiment_linear_erythrocytes
1602.566610067018,0.011817701384554298,erythrocytes,CAPILAR,0.8,Random Forest Regressor,BayesSearchCV,0.9031606144693138,0.4347521230893698,93.41179393927288,0.010590207727066536,078e2a857d394e3a859226522fd402dd,experiment_linear_erythrocytes
1228.441553083863,0.011131820584913944,erythrocytes,CAPILAR,0.8,Random Forest Regressor,BayesSearchCV,0.9031606144693138,0.4347521230893698,93.41179393927288,0.010590207727066536,078e2a857d394e3a859226522fd402dd,experiment_linear_erythrocytes
1197.585878281129,0.010999448388365512,erythrocytes,CAPILAR,0.8,Random Forest Regressor,BayesSearchCV,0.9031606144693138,0.4347521230893698,93.41179393927288,0.010590207727066536,078e2a857d394e3a859226522fd402dd,experiment_linear_erythrocytes
1704.776032851076,0.01095625907344081,erythrocytes,CAPILAR,0.8,Random Forest Regressor,BayesSearchCV,0.9031606144693138,0.4347521230893698,93.41179393927288,0.010590207727066536,078e2a857d394e3a859226522fd402dd,experiment_linear_erythrocytes
1749.131065380006,0.010002525988936029,erythrocytes,CAPILAR,0.8,Random Forest Regressor,BayesSearchCV,0.9031606144693138,0.4347521230893698,93.41179393927288,0.010590207727066536,078e2a857d394e3a859226522fd402dd,experiment_linear_erythrocytes
2717.227862315798,0.004458093065316975,erythrocytes,PLASMA,0.8,Random Forest Regressor,BayesSearchCV,0.9201956728629841,0.4545987055490334,91.19735536118385,-0.08101279033584885,078e2a857d394e3a859226522fd402dd,experiment_linear_erythrocytes
2757.725935494387,0.0037238505374360483,erythrocytes,PLASMA,0.8,Random Forest Regressor,BayesSearchCV,0.9201956728629841,0.4545987055490334,91.19735536118385,-0.08101279033584885,078e2a857d394e3a859226522fd402dd,experiment_linear_erythrocytes
2755.797455819216,0.003705678434346299,erythrocytes,PLASMA,0.8,Random Forest Regressor,BayesSearchCV,0.9201956728629841,0.4545987055490334,91.19735536118385,-0.08101279033584885,078e2a857d394e3a859226522fd402dd,experiment_linear_erythrocytes
2750.012016793703,0.0036790113202386145,erythrocytes,PLASMA,0.8,Random Forest Regressor,BayesSearchCV,0.9201956728629841,0.4545987055490334,91.19735536118385,-0.08101279033584885,078e2a857d394e3a859226522fd402dd,experiment_linear_erythrocytes
2751.940496468874,0.003670970840436128,erythrocytes,PLASMA,0.8,Random Forest Regressor,BayesSearchCV,0.9201956728629841,0.4545987055490334,91.19735536118385,-0.08101279033584885,078e2a857d394e3a859226522fd402dd,experiment_linear_erythrocytes
2753.868976144045,0.003652612711025663,erythrocytes,PLASMA,0.8,Random Forest Regressor,BayesSearchCV,0.9201956728629841,0.4545987055490334,91.19735536118385,-0.08101279033584885,078e2a857d394e3a859226522fd402dd,experiment_linear_erythrocytes
2715.299382640627,0.0036466027828269435,erythrocytes,PLASMA,0.8,Random Forest Regressor,BayesSearchCV,0.9201956728629841,0.4545987055490334,91.19735536118385,-0.08101279033584885,078e2a857d394e3a859226522fd402dd,experiment_linear_erythrocytes
2759.654415169558,0.0036447407071822442,erythrocytes,PLASMA,0.8,Random Forest Regressor,BayesSearchCV,0.9201956728629841,0.4545987055490334,91.19735536118385,-0.08101279033584885,078e2a857d394e3a859226522fd402dd,experiment_linear_erythrocytes
2719.156341990969,0.0036306260092476626,erythrocytes,PLASMA,0.8,Random Forest Regressor,BayesSearchCV,0.9201956728629841,0.4545987055490334,91.19735536118385,-0.08101279033584885,078e2a857d394e3a859226522fd402dd,experiment_linear_erythrocytes
2738.441138742678,0.0036109337831775968,erythrocytes,PLASMA,0.8,Random Forest Regressor,BayesSearchCV,0.9201956728629841,0.4545987055490334,91.19735536118385,-0.08101279033584885,078e2a857d394e3a859226522fd402dd,experiment_linear_erythrocytes
2736.512659067507,0.0036063431511414936,erythrocytes,PLASMA,0.8,Random Forest Regressor,BayesSearchCV,0.9201956728629841,0.4545987055490334,91.19735536118385,-0.08101279033584885,078e2a857d394e3a859226522fd402dd,experiment_linear_erythrocytes
2748.083537118532,0.003605980197774681,erythrocytes,PLASMA,0.8,Random Forest Regressor,BayesSearchCV,0.9201956728629841,0.4545987055490334,91.19735536118385,-0.08101279033584885,078e2a857d394e3a859226522fd402dd,experiment_linear_erythrocytes
2761.582894844729,0.003525110710020012,erythrocytes,PLASMA,0.8,Random Forest Regressor,BayesSearchCV,0.9201956728629841,0.4545987055490334,91.19735536118385,-0.08101279033584885,078e2a857d394e3a859226522fd402dd,experiment_linear_erythrocytes
1552.426138512574,0.003471698425627599,erythrocytes,PLASMA,0.8,Random Forest Regressor,BayesSearchCV,0.9201956728629841,0.4545987055490334,91.19735536118385,-0.08101279033584885,078e2a857d394e3a859226522fd402dd,experiment_linear_erythrocytes
2746.155057443361,0.0034459513500424235,erythrocytes,PLASMA,0.8,Random Forest Regressor,BayesSearchCV,0.9201956728629841,0.4545987055490334,91.19735536118385,-0.08101279033584885,078e2a857d394e3a859226522fd402dd,experiment_linear_erythrocytes
2740.369618417849,0.003440559465939051,erythrocytes,PLASMA,0.8,Random Forest Regressor,BayesSearchCV,0.9201956728629841,0.4545987055490334,91.19735536118385,-0.08101279033584885,078e2a857d394e3a859226522fd402dd,experiment_linear_erythrocytes
1550.497658837404,0.003412766708531147,erythrocytes,PLASMA,0.8,Random Forest Regressor,BayesSearchCV,0.9201956728629841,0.4545987055490334,91.19735536118385,-0.08101279033584885,078e2a857d394e3a859226522fd402dd,experiment_linear_erythrocytes
2763.5113745199,0.003384392290008326,erythrocytes,PLASMA,0.8,Random Forest Regressor,BayesSearchCV,0.9201956728629841,0.4545987055490334,91.19735536118385,-0.08101279033584885,078e2a857d394e3a859226522fd402dd,experiment_linear_erythrocytes
1548.569179162233,0.003339913738350862,erythrocytes,PLASMA,0.8,Random Forest Regressor,BayesSearchCV,0.9201956728629841,0.4545987055490334,91.19735536118385,-0.08101279033584885,078e2a857d394e3a859226522fd402dd,experiment_linear_erythrocytes
2692.157626538576,0.003331544215732891,erythrocytes,PLASMA,0.8,Random Forest Regressor,BayesSearchCV,0.9201956728629841,0.4545987055490334,91.19735536118385,-0.08101279033584885,078e2a857d394e3a859226522fd402dd,experiment_linear_erythrocytes
1558.211577538087,0.026025847759701896,erythrocytes,PLASMA,0.8,Random Forest Regressor,BayesSearchCV,0.8960159223631453,0.4484393650793652,89.39639887829475,-0.02494819157988526,078e2a857d394e3a859226522fd402dd,experiment_linear_erythrocytes
1380.791447422364,0.017418151620862066,erythrocytes,PLASMA,0.8,Random Forest Regressor,BayesSearchCV,0.8960159223631453,0.4484393650793652,89.39639887829475,-0.02494819157988526,078e2a857d394e3a859226522fd402dd,experiment_linear_erythrocytes
2761.582894844729,0.017037476781962668,erythrocytes,PLASMA,0.8,Random Forest Regressor,BayesSearchCV,0.8960159223631453,0.4484393650793652,89.39639887829475,-0.02494819157988526,078e2a857d394e3a859226522fd402dd,experiment_linear_erythrocytes
2755.797455819216,0.016391668912967408,erythrocytes,PLASMA,0.8,Random Forest Regressor,BayesSearchCV,0.8960159223631453,0.4484393650793652,89.39639887829475,-0.02494819157988526,078e2a857d394e3a859226522fd402dd,experiment_linear_erythrocytes
2713.370902965456,0.01578859337956435,erythrocytes,PLASMA,0.8,Random Forest Regressor,BayesSearchCV,0.8960159223631453,0.4484393650793652,89.39639887829475,-0.02494819157988526,078e2a857d394e3a859226522fd402dd,experiment_linear_erythrocytes
1384.648406772706,0.01548771029096102,erythrocytes,PLASMA,0.8,Random Forest Regressor,BayesSearchCV,0.8960159223631453,0.4484393650793652,89.39639887829475,-0.02494819157988526,078e2a857d394e3a859226522fd402dd,experiment_linear_erythrocytes
1560.140057213258,0.013028156547981656,erythrocytes,PLASMA,0.8,Random Forest Regressor,BayesSearchCV,0.8960159223631453,0.4484393650793652,89.39639887829475,-0.02494819157988526,078e2a857d394e3a859226522fd402dd,experiment_linear_erythrocytes
2715.299382640627,0.011346402422886547,erythrocytes,PLASMA,0.8,Random Forest Regressor,BayesSearchCV,0.8960159223631453,0.4484393650793652,89.39639887829475,-0.02494819157988526,078e2a857d394e3a859226522fd402dd,experiment_linear_erythrocytes
1716.346910902101,0.011144453325863115,erythrocytes,PLASMA,0.8,Random Forest Regressor,BayesSearchCV,0.8960159223631453,0.4484393650793652,89.39639887829475,-0.02494819157988526,078e2a857d394e3a859226522fd402dd,experiment_linear_erythrocytes
1550.497658837404,0.00938550206807279,erythrocytes,PLASMA,0.8,Random Forest Regressor,BayesSearchCV,0.8960159223631453,0.4484393650793652,89.39639887829475,-0.02494819157988526,078e2a857d394e3a859226522fd402dd,experiment_linear_erythrocytes
2711.442423290285,0.00861240431780701,erythrocytes,PLASMA,0.8,Random Forest Regressor,BayesSearchCV,0.8960159223631453,0.4484393650793652,89.39639887829475,-0.02494819157988526,078e2a857d394e3a859226522fd402dd,experiment_linear_erythrocytes
2753.868976144045,0.0085790074012216,erythrocytes,PLASMA,0.8,Random Forest Regressor,BayesSearchCV,0.8960159223631453,0.4484393650793652,89.39639887829475,-0.02494819157988526,078e2a857d394e3a859226522fd402dd,experiment_linear_erythrocytes
2643.945634659304,0.00843337995936616,erythrocytes,PLASMA,0.8,Random Forest Regressor,BayesSearchCV,0.8960159223631453,0.4484393650793652,89.39639887829475,-0.02494819157988526,078e2a857d394e3a859226522fd402dd,experiment_linear_erythrocytes
2736.512659067507,0.008121650281999357,erythrocytes,PLASMA,0.8,Random Forest Regressor,BayesSearchCV,0.8960159223631453,0.4484393650793652,89.39639887829475,-0.02494819157988526,078e2a857d394e3a859226522fd402dd,experiment_linear_erythrocytes
1477.215431180909,0.007781687480552314,erythrocytes,PLASMA,0.8,Random Forest Regressor,BayesSearchCV,0.8960159223631453,0.4484393650793652,89.39639887829475,-0.02494819157988526,078e2a857d394e3a859226522fd402dd,experiment_linear_erythrocytes
1646.921642595948,0.007765663418473512,erythrocytes,PLASMA,0.8,Random Forest Regressor,BayesSearchCV,0.8960159223631453,0.4484393650793652,89.39639887829475,-0.02494819157988526,078e2a857d394e3a859226522fd402dd,experiment_linear_erythrocytes
1556.283097862916,0.0076588859612673164,erythrocytes,PLASMA,0.8,Random Forest Regressor,BayesSearchCV,0.8960159223631453,0.4484393650793652,89.39639887829475,-0.02494819157988526,078e2a857d394e3a859226522fd402dd,experiment_linear_erythrocytes
2682.515228162722,0.007176404475207652,erythrocytes,PLASMA,0.8,Random Forest Regressor,BayesSearchCV,0.8960159223631453,0.4484393650793652,89.39639887829475,-0.02494819157988526,078e2a857d394e3a859226522fd402dd,experiment_linear_erythrocytes
2717.227862315798,0.006967452958258738,erythrocytes,PLASMA,0.8,Random Forest Regressor,BayesSearchCV,0.8960159223631453,0.4484393650793652,89.39639887829475,-0.02494819157988526,078e2a857d394e3a859226522fd402dd,experiment_linear_erythrocytes
1257.368748211427,0.006943635832831185,erythrocytes,PLASMA,0.8,Random Forest Regressor,BayesSearchCV,0.8960159223631453,0.4484393650793652,89.39639887829475,-0.02494819157988526,078e2a857d394e3a859226522fd402dd,experiment_linear_erythrocytes
2717.227862315798,0.004335165444795421,erythrocytes,PLASMA,0.8,Random Forest Regressor,BayesSearchCV,0.9221521792978774,0.45804223506947556,91.2669081034614,-0.08561454405587576,078e2a857d394e3a859226522fd402dd,experiment_linear_erythrocytes
2757.725935494387,0.0037155617771173757,erythrocytes,PLASMA,0.8,Random Forest Regressor,BayesSearchCV,0.9221521792978774,0.45804223506947556,91.2669081034614,-0.08561454405587576,078e2a857d394e3a859226522fd402dd,experiment_linear_erythrocytes
2755.797455819216,0.003687288744507988,erythrocytes,PLASMA,0.8,Random Forest Regressor,BayesSearchCV,0.9221521792978774,0.45804223506947556,91.2669081034614,-0.08561454405587576,078e2a857d394e3a859226522fd402dd,experiment_linear_erythrocytes
2751.940496468874,0.0036476229355006363,erythrocytes,PLASMA,0.8,Random Forest Regressor,BayesSearchCV,0.9221521792978774,0.45804223506947556,91.2669081034614,-0.08561454405587576,078e2a857d394e3a859226522fd402dd,experiment_linear_erythrocytes
2750.012016793703,0.0036430317708592654,erythrocytes,PLASMA,0.8,Random Forest Regressor,BayesSearchCV,0.9221521792978774,0.45804223506947556,91.2669081034614,-0.08561454405587576,078e2a857d394e3a859226522fd402dd,experiment_linear_erythrocytes
2759.654415169558,0.003639472342976777,erythrocytes,PLASMA,0.8,Random Forest Regressor,BayesSearchCV,0.9221521792978774,0.45804223506947556,91.2669081034614,-0.08561454405587576,078e2a857d394e3a859226522fd402dd,experiment_linear_erythrocytes
2753.868976144045,0.0036292607428037894,erythrocytes,PLASMA,0.8,Random Forest Regressor,BayesSearchCV,0.9221521792978774,0.45804223506947556,91.2669081034614,-0.08561454405587576,078e2a857d394e3a859226522fd402dd,experiment_linear_erythrocytes
2748.083537118532,0.003553728712240681,erythrocytes,PLASMA,0.8,Random Forest Regressor,BayesSearchCV,0.9221521792978774,0.45804223506947556,91.2669081034614,-0.08561454405587576,078e2a857d394e3a859226522fd402dd,experiment_linear_erythrocytes
1552.426138512574,0.003553693400229448,erythrocytes,PLASMA,0.8,Random Forest Regressor,BayesSearchCV,0.9221521792978774,0.45804223506947556,91.2669081034614,-0.08561454405587576,078e2a857d394e3a859226522fd402dd,experiment_linear_erythrocytes
2738.441138742678,0.003541960426747823,erythrocytes,PLASMA,0.8,Random Forest Regressor,BayesSearchCV,0.9221521792978774,0.45804223506947556,91.2669081034614,-0.08561454405587576,078e2a857d394e3a859226522fd402dd,experiment_linear_erythrocytes
2736.512659067507,0.0035255055849593444,erythrocytes,PLASMA,0.8,Random Forest Regressor,BayesSearchCV,0.9221521792978774,0.45804223506947556,91.2669081034614,-0.08561454405587576,078e2a857d394e3a859226522fd402dd,experiment_linear_erythrocytes
2761.582894844729,0.0035188533452528486,erythrocytes,PLASMA,0.8,Random Forest Regressor,BayesSearchCV,0.9221521792978774,0.45804223506947556,91.2669081034614,-0.08561454405587576,078e2a857d394e3a859226522fd402dd,experiment_linear_erythrocytes
2719.156341990969,0.0034955656166742056,erythrocytes,PLASMA,0.8,Random Forest Regressor,BayesSearchCV,0.9221521792978774,0.45804223506947556,91.2669081034614,-0.08561454405587576,078e2a857d394e3a859226522fd402dd,experiment_linear_erythrocytes
1550.497658837404,0.0034534778189107785,erythrocytes,PLASMA,0.8,Random Forest Regressor,BayesSearchCV,0.9221521792978774,0.45804223506947556,91.2669081034614,-0.08561454405587576,078e2a857d394e3a859226522fd402dd,experiment_linear_erythrocytes
2715.299382640627,0.0034403124803758186,erythrocytes,PLASMA,0.8,Random Forest Regressor,BayesSearchCV,0.9221521792978774,0.45804223506947556,91.2669081034614,-0.08561454405587576,078e2a857d394e3a859226522fd402dd,experiment_linear_erythrocytes
2746.155057443361,0.0033832735939696443,erythrocytes,PLASMA,0.8,Random Forest Regressor,BayesSearchCV,0.9221521792978774,0.45804223506947556,91.2669081034614,-0.08561454405587576,078e2a857d394e3a859226522fd402dd,experiment_linear_erythrocytes
2763.5113745199,0.0033760815748401203,erythrocytes,PLASMA,0.8,Random Forest Regressor,BayesSearchCV,0.9221521792978774,0.45804223506947556,91.2669081034614,-0.08561454405587576,078e2a857d394e3a859226522fd402dd,experiment_linear_erythrocytes
2740.369618417849,0.003374085289121483,erythrocytes,PLASMA,0.8,Random Forest Regressor,BayesSearchCV,0.9221521792978774,0.45804223506947556,91.2669081034614,-0.08561454405587576,078e2a857d394e3a859226522fd402dd,experiment_linear_erythrocytes
1554.354618187745,0.003368753430056279,erythrocytes,PLASMA,0.8,Random Forest Regressor,BayesSearchCV,0.9221521792978774,0.45804223506947556,91.2669081034614,-0.08561454405587576,078e2a857d394e3a859226522fd402dd,experiment_linear_erythrocytes
2692.157626538576,0.003361803625207668,erythrocytes,PLASMA,0.8,Random Forest Regressor,BayesSearchCV,0.9221521792978774,0.45804223506947556,91.2669081034614,-0.08561454405587576,078e2a857d394e3a859226522fd402dd,experiment_linear_erythrocytes
1556.283097862916,0.02511416584607584,erythrocytes,PLASMA,0.8,Random Forest Regressor,BayesSearchCV,0.8893483139238076,0.45179131213094625,88.5712277340638,-0.009750858654502759,078e2a857d394e3a859226522fd402dd,experiment_linear_erythrocytes
1558.211577538087,0.024689591310571763,erythrocytes,PLASMA,0.8,Random Forest Regressor,BayesSearchCV,0.8893483139238076,0.45179131213094625,88.5712277340638,-0.009750858654502759,078e2a857d394e3a859226522fd402dd,experiment_linear_erythrocytes
2734.584179392336,0.021389112799874727,erythrocytes,PLASMA,0.8,Random Forest Regressor,BayesSearchCV,0.8893483139238076,0.45179131213094625,88.5712277340638,-0.009750858654502759,078e2a857d394e3a859226522fd402dd,experiment_linear_erythrocytes
1384.648406772706,0.021091939296777506,erythrocytes,PLASMA,0.8,Random Forest Regressor,BayesSearchCV,0.8893483139238076,0.45179131213094625,88.5712277340638,-0.009750858654502759,078e2a857d394e3a859226522fd402dd,experiment_linear_erythrocytes
2755.797455819216,0.020382214429127132,erythrocytes,PLASMA,0.8,Random Forest Regressor,BayesSearchCV,0.8893483139238076,0.45179131213094625,88.5712277340638,-0.009750858654502759,078e2a857d394e3a859226522fd402dd,experiment_linear_erythrocytes
2761.582894844729,0.016473160314784352,erythrocytes,PLASMA,0.8,Random Forest Regressor,BayesSearchCV,0.8893483139238076,0.45179131213094625,88.5712277340638,-0.009750858654502759,078e2a857d394e3a859226522fd402dd,experiment_linear_erythrocytes
2736.512659067507,0.0153709321483321,erythrocytes,PLASMA,0.8,Random Forest Regressor,BayesSearchCV,0.8893483139238076,0.45179131213094625,88.5712277340638,-0.009750858654502759,078e2a857d394e3a859226522fd402dd,experiment_linear_erythrocytes
2715.299382640627,0.014852042680459181,erythrocytes,PLASMA,0.8,Random Forest Regressor,BayesSearchCV,0.8893483139238076,0.45179131213094625,88.5712277340638,-0.009750858654502759,078e2a857d394e3a859226522fd402dd,experiment_linear_erythrocytes
2713.370902965456,0.01357770972069166,erythrocytes,PLASMA,0.8,Random Forest Regressor,BayesSearchCV,0.8893483139238076,0.45179131213094625,88.5712277340638,-0.009750858654502759,078e2a857d394e3a859226522fd402dd,experiment_linear_erythrocytes
1380.791447422364,0.013435759352251667,erythrocytes,PLASMA,0.8,Random Forest Regressor,BayesSearchCV,0.8893483139238076,0.45179131213094625,88.5712277340638,-0.009750858654502759,078e2a857d394e3a859226522fd402dd,experiment_linear_erythrocytes
1716.346910902101,0.012673330535640301,erythrocytes,PLASMA,0.8,Random Forest Regressor,BayesSearchCV,0.8893483139238076,0.45179131213094625,88.5712277340638,-0.009750858654502759,078e2a857d394e3a859226522fd402dd,experiment_linear_erythrocytes
2732.655699717165,0.012346674474147694,erythrocytes,PLASMA,0.8,Random Forest Regressor,BayesSearchCV,0.8893483139238076,0.45179131213094625,88.5712277340638,-0.009750858654502759,078e2a857d394e3a859226522fd402dd,experiment_linear_erythrocytes
2753.868976144045,0.01144956657626664,erythrocytes,PLASMA,0.8,Random Forest Regressor,BayesSearchCV,0.8893483139238076,0.45179131213094625,88.5712277340638,-0.009750858654502759,078e2a857d394e3a859226522fd402dd,experiment_linear_erythrocytes
1679.705797073854,0.010707415477194965,erythrocytes,PLASMA,0.8,Random Forest Regressor,BayesSearchCV,0.8893483139238076,0.45179131213094625,88.5712277340638,-0.009750858654502759,078e2a857d394e3a859226522fd402dd,experiment_linear_erythrocytes
1718.275390577272,0.010553074047681577,erythrocytes,PLASMA,0.8,Random Forest Regressor,BayesSearchCV,0.8893483139238076,0.45179131213094625,88.5712277340638,-0.009750858654502759,078e2a857d394e3a859226522fd402dd,experiment_linear_erythrocytes
1378.862967747194,0.010337303792481541,erythrocytes,PLASMA,0.8,Random Forest Regressor,BayesSearchCV,0.8893483139238076,0.45179131213094625,88.5712277340638,-0.009750858654502759,078e2a857d394e3a859226522fd402dd,experiment_linear_erythrocytes
1257.368748211427,0.01006393785883583,erythrocytes,PLASMA,0.8,Random Forest Regressor,BayesSearchCV,0.8893483139238076,0.45179131213094625,88.5712277340638,-0.009750858654502759,078e2a857d394e3a859226522fd402dd,experiment_linear_erythrocytes
1137.803008350831,0.009896424065016616,erythrocytes,PLASMA,0.8,Random Forest Regressor,BayesSearchCV,0.8893483139238076,0.45179131213094625,88.5712277340638,-0.009750858654502759,078e2a857d394e3a859226522fd402dd,experiment_linear_erythrocytes
1039.450544917115,0.00969696429246972,erythrocytes,PLASMA,0.8,Random Forest Regressor,BayesSearchCV,0.8893483139238076,0.45179131213094625,88.5712277340638,-0.009750858654502759,078e2a857d394e3a859226522fd402dd,experiment_linear_erythrocytes
2717.227862315798,0.008547577849827941,erythrocytes,PLASMA,0.8,Random Forest Regressor,BayesSearchCV,0.8893483139238076,0.45179131213094625,88.5712277340638,-0.009750858654502759,078e2a857d394e3a859226522fd402dd,experiment_linear_erythrocytes
1583.281813315309,0.004920310171775481,erythrocytes,SALIVA,0.8,Random Forest Regressor,BayesSearchCV,0.9180320125784828,0.42739120136115477,92.30566539603797,-0.08568013373544692,078e2a857d394e3a859226522fd402dd,experiment_linear_erythrocytes
1585.21029299048,0.004904342572558538,erythrocytes,SALIVA,0.8,Random Forest Regressor,BayesSearchCV,0.9180320125784828,0.42739120136115477,92.30566539603797,-0.08568013373544692,078e2a857d394e3a859226522fd402dd,experiment_linear_erythrocytes
1581.353333640138,0.004847864950611417,erythrocytes,SALIVA,0.8,Random Forest Regressor,BayesSearchCV,0.9180320125784828,0.42739120136115477,92.30566539603797,-0.08568013373544692,078e2a857d394e3a859226522fd402dd,experiment_linear_erythrocytes
1587.138772665651,0.004743997187421347,erythrocytes,SALIVA,0.8,Random Forest Regressor,BayesSearchCV,0.9180320125784828,0.42739120136115477,92.30566539603797,-0.08568013373544692,078e2a857d394e3a859226522fd402dd,experiment_linear_erythrocytes
1579.424853964967,0.004702643592685224,erythrocytes,SALIVA,0.8,Random Forest Regressor,BayesSearchCV,0.9180320125784828,0.42739120136115477,92.30566539603797,-0.08568013373544692,078e2a857d394e3a859226522fd402dd,experiment_linear_erythrocytes
1577.496374289796,0.004462201729335446,erythrocytes,SALIVA,0.8,Random Forest Regressor,BayesSearchCV,0.9180320125784828,0.42739120136115477,92.30566539603797,-0.08568013373544692,078e2a857d394e3a859226522fd402dd,experiment_linear_erythrocytes
1589.067252340822,0.004454101269496531,erythrocytes,SALIVA,0.8,Random Forest Regressor,BayesSearchCV,0.9180320125784828,0.42739120136115477,92.30566539603797,-0.08568013373544692,078e2a857d394e3a859226522fd402dd,experiment_linear_erythrocytes
1016.308788815064,0.004166136076571473,erythrocytes,SALIVA,0.8,Random Forest Regressor,BayesSearchCV,0.9180320125784828,0.42739120136115477,92.30566539603797,-0.08568013373544692,078e2a857d394e3a859226522fd402dd,experiment_linear_erythrocytes
1575.567894614625,0.004157763766483396,erythrocytes,SALIVA,0.8,Random Forest Regressor,BayesSearchCV,0.9180320125784828,0.42739120136115477,92.30566539603797,-0.08568013373544692,078e2a857d394e3a859226522fd402dd,experiment_linear_erythrocytes
1037.522065241944,0.004134156227866865,erythrocytes,SALIVA,0.8,Random Forest Regressor,BayesSearchCV,0.9180320125784828,0.42739120136115477,92.30566539603797,-0.08568013373544692,078e2a857d394e3a859226522fd402dd,experiment_linear_erythrocytes
1035.593585566773,0.004121891452668728,erythrocytes,SALIVA,0.8,Random Forest Regressor,BayesSearchCV,0.9180320125784828,0.42739120136115477,92.30566539603797,-0.08568013373544692,078e2a857d394e3a859226522fd402dd,experiment_linear_erythrocytes
1018.237268490235,0.004120314175576863,erythrocytes,SALIVA,0.8,Random Forest Regressor,BayesSearchCV,0.9180320125784828,0.42739120136115477,92.30566539603797,-0.08568013373544692,078e2a857d394e3a859226522fd402dd,experiment_linear_erythrocytes
1039.450544917115,0.004082661490902893,erythrocytes,SALIVA,0.8,Random Forest Regressor,BayesSearchCV,0.9180320125784828,0.42739120136115477,92.30566539603797,-0.08568013373544692,078e2a857d394e3a859226522fd402dd,experiment_linear_erythrocytes
1033.665105891602,0.004078952094727461,erythrocytes,SALIVA,0.8,Random Forest Regressor,BayesSearchCV,0.9180320125784828,0.42739120136115477,92.30566539603797,-0.08568013373544692,078e2a857d394e3a859226522fd402dd,experiment_linear_erythrocytes
1029.808146541261,0.004067432210143168,erythrocytes,SALIVA,0.8,Random Forest Regressor,BayesSearchCV,0.9180320125784828,0.42739120136115477,92.30566539603797,-0.08568013373544692,078e2a857d394e3a859226522fd402dd,experiment_linear_erythrocytes
1027.87966686609,0.004060996959694064,erythrocytes,SALIVA,0.8,Random Forest Regressor,BayesSearchCV,0.9180320125784828,0.42739120136115477,92.30566539603797,-0.08568013373544692,078e2a857d394e3a859226522fd402dd,experiment_linear_erythrocytes
1031.736626216432,0.004058402747360754,erythrocytes,SALIVA,0.8,Random Forest Regressor,BayesSearchCV,0.9180320125784828,0.42739120136115477,92.30566539603797,-0.08568013373544692,078e2a857d394e3a859226522fd402dd,experiment_linear_erythrocytes
1590.995732015992,0.0040398748454273485,erythrocytes,SALIVA,0.8,Random Forest Regressor,BayesSearchCV,0.9180320125784828,0.42739120136115477,92.30566539603797,-0.08568013373544692,078e2a857d394e3a859226522fd402dd,experiment_linear_erythrocytes
1020.165748165406,0.003993516406031975,erythrocytes,SALIVA,0.8,Random Forest Regressor,BayesSearchCV,0.9180320125784828,0.42739120136115477,92.30566539603797,-0.08568013373544692,078e2a857d394e3a859226522fd402dd,experiment_linear_erythrocytes
1025.951187190919,0.003977307435312514,erythrocytes,SALIVA,0.8,Random Forest Regressor,BayesSearchCV,0.9180320125784828,0.42739120136115477,92.30566539603797,-0.08568013373544692,078e2a857d394e3a859226522fd402dd,experiment_linear_erythrocytes
2692.157626538576,0.0677101045979065,erythrocytes,SALIVA,0.8,Random Forest Regressor,BayesSearchCV,0.9134892554639854,0.42773371867984894,93.37229048844058,-0.07496203575256111,078e2a857d394e3a859226522fd402dd,experiment_linear_erythrocytes
962.3113579102792,0.060732445328935444,erythrocytes,SALIVA,0.8,Random Forest Regressor,BayesSearchCV,0.9134892554639854,0.42773371867984894,93.37229048844058,-0.07496203575256111,078e2a857d394e3a859226522fd402dd,experiment_linear_erythrocytes
2690.229146863405,0.060356397190675246,erythrocytes,SALIVA,0.8,Random Forest Regressor,BayesSearchCV,0.9134892554639854,0.42773371867984894,93.37229048844058,-0.07496203575256111,078e2a857d394e3a859226522fd402dd,experiment_linear_erythrocytes
1284.367463663819,0.04324050572264745,erythrocytes,SALIVA,0.8,Random Forest Regressor,BayesSearchCV,0.9134892554639854,0.42773371867984894,93.37229048844058,-0.07496203575256111,078e2a857d394e3a859226522fd402dd,experiment_linear_erythrocytes
1016.308788815064,0.030791577098041492,erythrocytes,SALIVA,0.8,Random Forest Regressor,BayesSearchCV,0.9134892554639854,0.42773371867984894,93.37229048844058,-0.07496203575256111,078e2a857d394e3a859226522fd402dd,experiment_linear_erythrocytes
1733.703227978639,0.02089231848317917,erythrocytes,SALIVA,0.8,Random Forest Regressor,BayesSearchCV,0.9134892554639854,0.42773371867984894,93.37229048844058,-0.07496203575256111,078e2a857d394e3a859226522fd402dd,experiment_linear_erythrocytes
2734.584179392336,0.015192930864917565,erythrocytes,SALIVA,0.8,Random Forest Regressor,BayesSearchCV,0.9134892554639854,0.42773371867984894,93.37229048844058,-0.07496203575256111,078e2a857d394e3a859226522fd402dd,experiment_linear_erythrocytes
1386.576886447877,0.014533622887574897,erythrocytes,SALIVA,0.8,Random Forest Regressor,BayesSearchCV,0.9134892554639854,0.42773371867984894,93.37229048844058,-0.07496203575256111,078e2a857d394e3a859226522fd402dd,experiment_linear_erythrocytes
2686.372187513064,0.01365130099184961,erythrocytes,SALIVA,0.8,Random Forest Regressor,BayesSearchCV,0.9134892554639854,0.42773371867984894,93.37229048844058,-0.07496203575256111,078e2a857d394e3a859226522fd402dd,experiment_linear_erythrocytes
1394.290805148561,0.013528434384794287,erythrocytes,SALIVA,0.8,Random Forest Regressor,BayesSearchCV,0.9134892554639854,0.42773371867984894,93.37229048844058,-0.07496203575256111,078e2a857d394e3a859226522fd402dd,experiment_linear_erythrocytes
1575.567894614625,0.013077523587229056,erythrocytes,SALIVA,0.8,Random Forest Regressor,BayesSearchCV,0.9134892554639854,0.42773371867984894,93.37229048844058,-0.07496203575256111,078e2a857d394e3a859226522fd402dd,experiment_linear_erythrocytes
1722.132349927614,0.013039071994580423,erythrocytes,SALIVA,0.8,Random Forest Regressor,BayesSearchCV,0.9134892554639854,0.42773371867984894,93.37229048844058,-0.07496203575256111,078e2a857d394e3a859226522fd402dd,experiment_linear_erythrocytes
1307.50921976587,0.01285763328791647,erythrocytes,SALIVA,0.8,Random Forest Regressor,BayesSearchCV,0.9134892554639854,0.42773371867984894,93.37229048844058,-0.07496203575256111,078e2a857d394e3a859226522fd402dd,experiment_linear_erythrocytes
2709.513943615114,0.012625038348159565,erythrocytes,SALIVA,0.8,Random Forest Regressor,BayesSearchCV,0.9134892554639854,0.42773371867984894,93.37229048844058,-0.07496203575256111,078e2a857d394e3a859226522fd402dd,experiment_linear_erythrocytes
2757.725935494387,0.0126083684611468,erythrocytes,SALIVA,0.8,Random Forest Regressor,BayesSearchCV,0.9134892554639854,0.42773371867984894,93.37229048844058,-0.07496203575256111,078e2a857d394e3a859226522fd402dd,experiment_linear_erythrocytes
2672.872829786867,0.011655250802031019,erythrocytes,SALIVA,0.8,Random Forest Regressor,BayesSearchCV,0.9134892554639854,0.42773371867984894,93.37229048844058,-0.07496203575256111,078e2a857d394e3a859226522fd402dd,experiment_linear_erythrocytes
1211.085236007325,0.011482310140261695,erythrocytes,SALIVA,0.8,Random Forest Regressor,BayesSearchCV,0.9134892554639854,0.42773371867984894,93.37229048844058,-0.07496203575256111,078e2a857d394e3a859226522fd402dd,experiment_linear_erythrocytes
1739.488667004152,0.01133856255555771,erythrocytes,SALIVA,0.8,Random Forest Regressor,BayesSearchCV,0.9134892554639854,0.42773371867984894,93.37229048844058,-0.07496203575256111,078e2a857d394e3a859226522fd402dd,experiment_linear_erythrocytes
943.0265611585701,0.011198001434416842,erythrocytes,SALIVA,0.8,Random Forest Regressor,BayesSearchCV,0.9134892554639854,0.42773371867984894,93.37229048844058,-0.07496203575256111,078e2a857d394e3a859226522fd402dd,experiment_linear_erythrocytes
1274.725065287965,0.011082598573043122,erythrocytes,SALIVA,0.8,Random Forest Regressor,BayesSearchCV,0.9134892554639854,0.42773371867984894,93.37229048844058,-0.07496203575256111,078e2a857d394e3a859226522fd402dd,experiment_linear_erythrocytes
1583.281813315309,0.004955018663136577,erythrocytes,SALIVA,0.8,Random Forest Regressor,BayesSearchCV,0.9202493829663235,0.4262065509088712,92.47246689408594,-0.09093106671148266,078e2a857d394e3a859226522fd402dd,experiment_linear_erythrocytes
1585.21029299048,0.004941739869637266,erythrocytes,SALIVA,0.8,Random Forest Regressor,BayesSearchCV,0.9202493829663235,0.4262065509088712,92.47246689408594,-0.09093106671148266,078e2a857d394e3a859226522fd402dd,experiment_linear_erythrocytes
1581.353333640138,0.0048800735778230025,erythrocytes,SALIVA,0.8,Random Forest Regressor,BayesSearchCV,0.9202493829663235,0.4262065509088712,92.47246689408594,-0.09093106671148266,078e2a857d394e3a859226522fd402dd,experiment_linear_erythrocytes
1587.138772665651,0.004780837203663084,erythrocytes,SALIVA,0.8,Random Forest Regressor,BayesSearchCV,0.9202493829663235,0.4262065509088712,92.47246689408594,-0.09093106671148266,078e2a857d394e3a859226522fd402dd,experiment_linear_erythrocytes
1579.424853964967,0.004732767399898004,erythrocytes,SALIVA,0.8,Random Forest Regressor,BayesSearchCV,0.9202493829663235,0.4262065509088712,92.47246689408594,-0.09093106671148266,078e2a857d394e3a859226522fd402dd,experiment_linear_erythrocytes
1589.067252340822,0.004491058582655428,erythrocytes,SALIVA,0.8,Random Forest Regressor,BayesSearchCV,0.9202493829663235,0.4262065509088712,92.47246689408594,-0.09093106671148266,078e2a857d394e3a859226522fd402dd,experiment_linear_erythrocytes
1577.496374289796,0.0044886055465327085,erythrocytes,SALIVA,0.8,Random Forest Regressor,BayesSearchCV,0.9202493829663235,0.4262065509088712,92.47246689408594,-0.09093106671148266,078e2a857d394e3a859226522fd402dd,experiment_linear_erythrocytes
1016.308788815064,0.004225500933814781,erythrocytes,SALIVA,0.8,Random Forest Regressor,BayesSearchCV,0.9202493829663235,0.4262065509088712,92.47246689408594,-0.09093106671148266,078e2a857d394e3a859226522fd402dd,experiment_linear_erythrocytes
1575.567894614625,0.0041804135860386785,erythrocytes,SALIVA,0.8,Random Forest Regressor,BayesSearchCV,0.9202493829663235,0.4262065509088712,92.47246689408594,-0.09093106671148266,078e2a857d394e3a859226522fd402dd,experiment_linear_erythrocytes
1018.237268490235,0.004164719123222222,erythrocytes,SALIVA,0.8,Random Forest Regressor,BayesSearchCV,0.9202493829663235,0.4262065509088712,92.47246689408594,-0.09093106671148266,078e2a857d394e3a859226522fd402dd,experiment_linear_erythrocytes
1037.522065241944,0.004136030170623169,erythrocytes,SALIVA,0.8,Random Forest Regressor,BayesSearchCV,0.9202493829663235,0.4262065509088712,92.47246689408594,-0.09093106671148266,078e2a857d394e3a859226522fd402dd,experiment_linear_erythrocytes
1035.593585566773,0.0041229534104129,erythrocytes,SALIVA,0.8,Random Forest Regressor,BayesSearchCV,0.9202493829663235,0.4262065509088712,92.47246689408594,-0.09093106671148266,078e2a857d394e3a859226522fd402dd,experiment_linear_erythrocytes
1039.450544917115,0.004084044285499032,erythrocytes,SALIVA,0.8,Random Forest Regressor,BayesSearchCV,0.9202493829663235,0.4262065509088712,92.47246689408594,-0.09093106671148266,078e2a857d394e3a859226522fd402dd,experiment_linear_erythrocytes
1033.665105891602,0.004079775484318428,erythrocytes,SALIVA,0.8,Random Forest Regressor,BayesSearchCV,0.9202493829663235,0.4262065509088712,92.47246689408594,-0.09093106671148266,078e2a857d394e3a859226522fd402dd,experiment_linear_erythrocytes
1590.995732015992,0.004077744464566523,erythrocytes,SALIVA,0.8,Random Forest Regressor,BayesSearchCV,0.9202493829663235,0.4262065509088712,92.47246689408594,-0.09093106671148266,078e2a857d394e3a859226522fd402dd,experiment_linear_erythrocytes
1029.808146541261,0.004077071791591375,erythrocytes,SALIVA,0.8,Random Forest Regressor,BayesSearchCV,0.9202493829663235,0.4262065509088712,92.47246689408594,-0.09093106671148266,078e2a857d394e3a859226522fd402dd,experiment_linear_erythrocytes
1027.87966686609,0.004071273970544723,erythrocytes,SALIVA,0.8,Random Forest Regressor,BayesSearchCV,0.9202493829663235,0.4262065509088712,92.47246689408594,-0.09093106671148266,078e2a857d394e3a859226522fd402dd,experiment_linear_erythrocytes
1031.736626216432,0.004061901766327262,erythrocytes,SALIVA,0.8,Random Forest Regressor,BayesSearchCV,0.9202493829663235,0.4262065509088712,92.47246689408594,-0.09093106671148266,078e2a857d394e3a859226522fd402dd,experiment_linear_erythrocytes
1020.165748165406,0.004010615974471174,erythrocytes,SALIVA,0.8,Random Forest Regressor,BayesSearchCV,0.9202493829663235,0.4262065509088712,92.47246689408594,-0.09093106671148266,078e2a857d394e3a859226522fd402dd,experiment_linear_erythrocytes
1025.951187190919,0.003974547006821034,erythrocytes,SALIVA,0.8,Random Forest Regressor,BayesSearchCV,0.9202493829663235,0.4262065509088712,92.47246689408594,-0.09093106671148266,078e2a857d394e3a859226522fd402dd,experiment_linear_erythrocytes
2692.157626538576,0.0677101045979065,erythrocytes,SALIVA,0.8,Random Forest Regressor,BayesSearchCV,0.9134892554639854,0.42773371867984894,93.37229048844058,-0.07496203575256111,078e2a857d394e3a859226522fd402dd,experiment_linear_erythrocytes
962.3113579102792,0.060732445328935444,erythrocytes,SALIVA,0.8,Random Forest Regressor,BayesSearchCV,0.9134892554639854,0.42773371867984894,93.37229048844058,-0.07496203575256111,078e2a857d394e3a859226522fd402dd,experiment_linear_erythrocytes
2690.229146863405,0.060356397190675246,erythrocytes,SALIVA,0.8,Random Forest Regressor,BayesSearchCV,0.9134892554639854,0.42773371867984894,93.37229048844058,-0.07496203575256111,078e2a857d394e3a859226522fd402dd,experiment_linear_erythrocytes
1284.367463663819,0.04324050572264745,erythrocytes,SALIVA,0.8,Random Forest Regressor,BayesSearchCV,0.9134892554639854,0.42773371867984894,93.37229048844058,-0.07496203575256111,078e2a857d394e3a859226522fd402dd,experiment_linear_erythrocytes
1016.308788815064,0.030791577098041492,erythrocytes,SALIVA,0.8,Random Forest Regressor,BayesSearchCV,0.9134892554639854,0.42773371867984894,93.37229048844058,-0.07496203575256111,078e2a857d394e3a859226522fd402dd,experiment_linear_erythrocytes
1733.703227978639,0.02089231848317917,erythrocytes,SALIVA,0.8,Random Forest Regressor,BayesSearchCV,0.9134892554639854,0.42773371867984894,93.37229048844058,-0.07496203575256111,078e2a857d394e3a859226522fd402dd,experiment_linear_erythrocytes
2734.584179392336,0.015192930864917565,erythrocytes,SALIVA,0.8,Random Forest Regressor,BayesSearchCV,0.9134892554639854,0.42773371867984894,93.37229048844058,-0.07496203575256111,078e2a857d394e3a859226522fd402dd,experiment_linear_erythrocytes
1386.576886447877,0.014533622887574897,erythrocytes,SALIVA,0.8,Random Forest Regressor,BayesSearchCV,0.9134892554639854,0.42773371867984894,93.37229048844058,-0.07496203575256111,078e2a857d394e3a859226522fd402dd,experiment_linear_erythrocytes
2686.372187513064,0.01365130099184961,erythrocytes,SALIVA,0.8,Random Forest Regressor,BayesSearchCV,0.9134892554639854,0.42773371867984894,93.37229048844058,-0.07496203575256111,078e2a857d394e3a859226522fd402dd,experiment_linear_erythrocytes
1394.290805148561,0.013528434384794287,erythrocytes,SALIVA,0.8,Random Forest Regressor,BayesSearchCV,0.9134892554639854,0.42773371867984894,93.37229048844058,-0.07496203575256111,078e2a857d394e3a859226522fd402dd,experiment_linear_erythrocytes
1575.567894614625,0.013077523587229056,erythrocytes,SALIVA,0.8,Random Forest Regressor,BayesSearchCV,0.9134892554639854,0.42773371867984894,93.37229048844058,-0.07496203575256111,078e2a857d394e3a859226522fd402dd,experiment_linear_erythrocytes
1722.132349927614,0.013039071994580423,erythrocytes,SALIVA,0.8,Random Forest Regressor,BayesSearchCV,0.9134892554639854,0.42773371867984894,93.37229048844058,-0.07496203575256111,078e2a857d394e3a859226522fd402dd,experiment_linear_erythrocytes
1307.50921976587,0.01285763328791647,erythrocytes,SALIVA,0.8,Random Forest Regressor,BayesSearchCV,0.9134892554639854,0.42773371867984894,93.37229048844058,-0.07496203575256111,078e2a857d394e3a859226522fd402dd,experiment_linear_erythrocytes
2709.513943615114,0.012625038348159565,erythrocytes,SALIVA,0.8,Random Forest Regressor,BayesSearchCV,0.9134892554639854,0.42773371867984894,93.37229048844058,-0.07496203575256111,078e2a857d394e3a859226522fd402dd,experiment_linear_erythrocytes
2757.725935494387,0.0126083684611468,erythrocytes,SALIVA,0.8,Random Forest Regressor,BayesSearchCV,0.9134892554639854,0.42773371867984894,93.37229048844058,-0.07496203575256111,078e2a857d394e3a859226522fd402dd,experiment_linear_erythrocytes
2672.872829786867,0.011655250802031019,erythrocytes,SALIVA,0.8,Random Forest Regressor,BayesSearchCV,0.9134892554639854,0.42773371867984894,93.37229048844058,-0.07496203575256111,078e2a857d394e3a859226522fd402dd,experiment_linear_erythrocytes
1211.085236007325,0.011482310140261695,erythrocytes,SALIVA,0.8,Random Forest Regressor,BayesSearchCV,0.9134892554639854,0.42773371867984894,93.37229048844058,-0.07496203575256111,078e2a857d394e3a859226522fd402dd,experiment_linear_erythrocytes
1739.488667004152,0.01133856255555771,erythrocytes,SALIVA,0.8,Random Forest Regressor,BayesSearchCV,0.9134892554639854,0.42773371867984894,93.37229048844058,-0.07496203575256111,078e2a857d394e3a859226522fd402dd,experiment_linear_erythrocytes
943.0265611585701,0.011198001434416842,erythrocytes,SALIVA,0.8,Random Forest Regressor,BayesSearchCV,0.9134892554639854,0.42773371867984894,93.37229048844058,-0.07496203575256111,078e2a857d394e3a859226522fd402dd,experiment_linear_erythrocytes
1274.725065287965,0.011082598573043122,erythrocytes,SALIVA,0.8,Random Forest Regressor,BayesSearchCV,0.9134892554639854,0.42773371867984894,93.37229048844058,-0.07496203575256111,078e2a857d394e3a859226522fd402dd,experiment_linear_erythrocytes
2711.442423290285,0.008841699147266775,erythrocytes,SERUM,0.8,Random Forest Regressor,BayesSearchCV,0.8520677624829652,0.35970517962213144,88.38748750270724,0.04258782905906788,078e2a857d394e3a859226522fd402dd,experiment_linear_erythrocytes
2713.370902965456,0.00675606423015959,erythrocytes,SERUM,0.8,Random Forest Regressor,BayesSearchCV,0.8520677624829652,0.35970517962213144,88.38748750270724,0.04258782905906788,078e2a857d394e3a859226522fd402dd,experiment_linear_erythrocytes
2709.513943615114,0.005543648321164691,erythrocytes,SERUM,0.8,Random Forest Regressor,BayesSearchCV,0.8520677624829652,0.35970517962213144,88.38748750270724,0.04258782905906788,078e2a857d394e3a859226522fd402dd,experiment_linear_erythrocytes
1556.283097862916,0.004036611153013468,erythrocytes,SERUM,0.8,Random Forest Regressor,BayesSearchCV,0.8520677624829652,0.35970517962213144,88.38748750270724,0.04258782905906788,078e2a857d394e3a859226522fd402dd,experiment_linear_erythrocytes
1558.211577538087,0.004013597582504892,erythrocytes,SERUM,0.8,Random Forest Regressor,BayesSearchCV,0.8520677624829652,0.35970517962213144,88.38748750270724,0.04258782905906788,078e2a857d394e3a859226522fd402dd,experiment_linear_erythrocytes
1560.140057213258,0.0037415065611104276,erythrocytes,SERUM,0.8,Random Forest Regressor,BayesSearchCV,0.8520677624829652,0.35970517962213144,88.38748750270724,0.04258782905906788,078e2a857d394e3a859226522fd402dd,experiment_linear_erythrocytes
1554.354618187745,0.0037257364015731756,erythrocytes,SERUM,0.8,Random Forest Regressor,BayesSearchCV,0.8520677624829652,0.35970517962213144,88.38748750270724,0.04258782905906788,078e2a857d394e3a859226522fd402dd,experiment_linear_erythrocytes
1521.57046370984,0.0036683432900891733,erythrocytes,SERUM,0.8,Random Forest Regressor,BayesSearchCV,0.8520677624829652,0.35970517962213144,88.38748750270724,0.04258782905906788,078e2a857d394e3a859226522fd402dd,experiment_linear_erythrocytes
1519.641984034669,0.0036596055988182847,erythrocytes,SERUM,0.8,Random Forest Regressor,BayesSearchCV,0.8520677624829652,0.35970517962213144,88.38748750270724,0.04258782905906788,078e2a857d394e3a859226522fd402dd,experiment_linear_erythrocytes
1517.713504359498,0.0036087790230912107,erythrocytes,SERUM,0.8,Random Forest Regressor,BayesSearchCV,0.8520677624829652,0.35970517962213144,88.38748750270724,0.04258782905906788,078e2a857d394e3a859226522fd402dd,experiment_linear_erythrocytes
1523.498943385011,0.00360579445709544,erythrocytes,SERUM,0.8,Random Forest Regressor,BayesSearchCV,0.8520677624829652,0.35970517962213144,88.38748750270724,0.04258782905906788,078e2a857d394e3a859226522fd402dd,experiment_linear_erythrocytes
2715.299382640627,0.00360272905538618,erythrocytes,SERUM,0.8,Random Forest Regressor,BayesSearchCV,0.8520677624829652,0.35970517962213144,88.38748750270724,0.04258782905906788,078e2a857d394e3a859226522fd402dd,experiment_linear_erythrocytes
1384.648406772706,0.0035916726675324444,erythrocytes,SERUM,0.8,Random Forest Regressor,BayesSearchCV,0.8520677624829652,0.35970517962213144,88.38748750270724,0.04258782905906788,078e2a857d394e3a859226522fd402dd,experiment_linear_erythrocytes
1515.785024684327,0.003556750720532883,erythrocytes,SERUM,0.8,Random Forest Regressor,BayesSearchCV,0.8520677624829652,0.35970517962213144,88.38748750270724,0.04258782905906788,078e2a857d394e3a859226522fd402dd,experiment_linear_erythrocytes
1596.781171041505,0.0035234249091762038,erythrocytes,SERUM,0.8,Random Forest Regressor,BayesSearchCV,0.8520677624829652,0.35970517962213144,88.38748750270724,0.04258782905906788,078e2a857d394e3a859226522fd402dd,experiment_linear_erythrocytes
1598.709650716676,0.0035115648906214065,erythrocytes,SERUM,0.8,Random Forest Regressor,BayesSearchCV,0.8520677624829652,0.35970517962213144,88.38748750270724,0.04258782905906788,078e2a857d394e3a859226522fd402dd,experiment_linear_erythrocytes
1513.856545009157,0.0035048329106715168,erythrocytes,SERUM,0.8,Random Forest Regressor,BayesSearchCV,0.8520677624829652,0.35970517962213144,88.38748750270724,0.04258782905906788,078e2a857d394e3a859226522fd402dd,experiment_linear_erythrocytes
1382.719927097535,0.0034999902768337253,erythrocytes,SERUM,0.8,Random Forest Regressor,BayesSearchCV,0.8520677624829652,0.35970517962213144,88.38748750270724,0.04258782905906788,078e2a857d394e3a859226522fd402dd,experiment_linear_erythrocytes
1594.852691366334,0.003498704420750337,erythrocytes,SERUM,0.8,Random Forest Regressor,BayesSearchCV,0.8520677624829652,0.35970517962213144,88.38748750270724,0.04258782905906788,078e2a857d394e3a859226522fd402dd,experiment_linear_erythrocytes
1525.427423060182,0.0034917465092257844,erythrocytes,SERUM,0.8,Random Forest Regressor,BayesSearchCV,0.8520677624829652,0.35970517962213144,88.38748750270724,0.04258782905906788,078e2a857d394e3a859226522fd402dd,experiment_linear_erythrocytes
2717.227862315798,0.05958934701138674,erythrocytes,SERUM,0.8,Random Forest Regressor,BayesSearchCV,0.8633171522003031,0.38090141770627345,89.5812932338275,0.017140557496979958,078e2a857d394e3a859226522fd402dd,experiment_linear_erythrocytes
2713.370902965456,0.04110146523694042,erythrocytes,SERUM,0.8,Random Forest Regressor,BayesSearchCV,0.8633171522003031,0.38090141770627345,89.5812932338275,0.017140557496979958,078e2a857d394e3a859226522fd402dd,experiment_linear_erythrocytes
2715.299382640627,0.02804032566863744,erythrocytes,SERUM,0.8,Random Forest Regressor,BayesSearchCV,0.8633171522003031,0.38090141770627345,89.5812932338275,0.017140557496979958,078e2a857d394e3a859226522fd402dd,experiment_linear_erythrocytes
2711.442423290285,0.02785764688266637,erythrocytes,SERUM,0.8,Random Forest Regressor,BayesSearchCV,0.8633171522003031,0.38090141770627345,89.5812932338275,0.017140557496979958,078e2a857d394e3a859226522fd402dd,experiment_linear_erythrocytes
2748.083537118532,0.026430062204864758,erythrocytes,SERUM,0.8,Random Forest Regressor,BayesSearchCV,0.8633171522003031,0.38090141770627345,89.5812932338275,0.017140557496979958,078e2a857d394e3a859226522fd402dd,experiment_linear_erythrocytes
2736.512659067507,0.022298237137816913,erythrocytes,SERUM,0.8,Random Forest Regressor,BayesSearchCV,0.8633171522003031,0.38090141770627345,89.5812932338275,0.017140557496979958,078e2a857d394e3a859226522fd402dd,experiment_linear_erythrocytes
1558.211577538087,0.020248044428159823,erythrocytes,SERUM,0.8,Random Forest Regressor,BayesSearchCV,0.8633171522003031,0.38090141770627345,89.5812932338275,0.017140557496979958,078e2a857d394e3a859226522fd402dd,experiment_linear_erythrocytes
2738.441138742678,0.017258102317772937,erythrocytes,SERUM,0.8,Random Forest Regressor,BayesSearchCV,0.8633171522003031,0.38090141770627345,89.5812932338275,0.017140557496979958,078e2a857d394e3a859226522fd402dd,experiment_linear_erythrocytes
1560.140057213258,0.016968801425048075,erythrocytes,SERUM,0.8,Random Forest Regressor,BayesSearchCV,0.8633171522003031,0.38090141770627345,89.5812932338275,0.017140557496979958,078e2a857d394e3a859226522fd402dd,experiment_linear_erythrocytes
2744.226577768191,0.01640194803770103,erythrocytes,SERUM,0.8,Random Forest Regressor,BayesSearchCV,0.8633171522003031,0.38090141770627345,89.5812932338275,0.017140557496979958,078e2a857d394e3a859226522fd402dd,experiment_linear_erythrocytes
2728.798740366823,0.01632236868469109,erythrocytes,SERUM,0.8,Random Forest Regressor,BayesSearchCV,0.8633171522003031,0.38090141770627345,89.5812932338275,0.017140557496979958,078e2a857d394e3a859226522fd402dd,experiment_linear_erythrocytes
2709.513943615114,0.0143362205617631,erythrocytes,SERUM,0.8,Random Forest Regressor,BayesSearchCV,0.8633171522003031,0.38090141770627345,89.5812932338275,0.017140557496979958,078e2a857d394e3a859226522fd402dd,experiment_linear_erythrocytes
3043.14092741968,0.014191112263437182,erythrocytes,SERUM,0.8,Random Forest Regressor,BayesSearchCV,0.8633171522003031,0.38090141770627345,89.5812932338275,0.017140557496979958,078e2a857d394e3a859226522fd402dd,experiment_linear_erythrocytes
1646.921642595948,0.013422446039020926,erythrocytes,SERUM,0.8,Random Forest Regressor,BayesSearchCV,0.8633171522003031,0.38090141770627345,89.5812932338275,0.017140557496979958,078e2a857d394e3a859226522fd402dd,experiment_linear_erythrocytes
2746.155057443361,0.010707992624262587,erythrocytes,SERUM,0.8,Random Forest Regressor,BayesSearchCV,0.8633171522003031,0.38090141770627345,89.5812932338275,0.017140557496979958,078e2a857d394e3a859226522fd402dd,experiment_linear_erythrocytes
1392.36232547339,0.010107641710126207,erythrocytes,SERUM,0.8,Random Forest Regressor,BayesSearchCV,0.8633171522003031,0.38090141770627345,89.5812932338275,0.017140557496979958,078e2a857d394e3a859226522fd402dd,experiment_linear_erythrocytes
1556.283097862916,0.009615674905997738,erythrocytes,SERUM,0.8,Random Forest Regressor,BayesSearchCV,0.8633171522003031,0.38090141770627345,89.5812932338275,0.017140557496979958,078e2a857d394e3a859226522fd402dd,experiment_linear_erythrocytes
1598.709650716676,0.009278661313373382,erythrocytes,SERUM,0.8,Random Forest Regressor,BayesSearchCV,0.8633171522003031,0.38090141770627345,89.5812932338275,0.017140557496979958,078e2a857d394e3a859226522fd402dd,experiment_linear_erythrocytes
1535.069821436036,0.008548386692343686,erythrocytes,SERUM,0.8,Random Forest Regressor,BayesSearchCV,0.8633171522003031,0.38090141770627345,89.5812932338275,0.017140557496979958,078e2a857d394e3a859226522fd402dd,experiment_linear_erythrocytes
1390.433845798219,0.008330678899848301,erythrocytes,SERUM,0.8,Random Forest Regressor,BayesSearchCV,0.8633171522003031,0.38090141770627345,89.5812932338275,0.017140557496979958,078e2a857d394e3a859226522fd402dd,experiment_linear_erythrocytes
2711.442423290285,0.009000304871155641,erythrocytes,SERUM,0.8,Random Forest Regressor,BayesSearchCV,0.850861325587605,0.35885984907916124,88.28845870753682,0.045297096323982045,078e2a857d394e3a859226522fd402dd,experiment_linear_erythrocytes
2713.370902965456,0.0068658760028888315,erythrocytes,SERUM,0.8,Random Forest Regressor,BayesSearchCV,0.850861325587605,0.35885984907916124,88.28845870753682,0.045297096323982045,078e2a857d394e3a859226522fd402dd,experiment_linear_erythrocytes
2709.513943615114,0.005670401553856825,erythrocytes,SERUM,0.8,Random Forest Regressor,BayesSearchCV,0.850861325587605,0.35885984907916124,88.28845870753682,0.045297096323982045,078e2a857d394e3a859226522fd402dd,experiment_linear_erythrocytes
1556.283097862916,0.004097310703361949,erythrocytes,SERUM,0.8,Random Forest Regressor,BayesSearchCV,0.850861325587605,0.35885984907916124,88.28845870753682,0.045297096323982045,078e2a857d394e3a859226522fd402dd,experiment_linear_erythrocytes
1558.211577538087,0.004060670521936188,erythrocytes,SERUM,0.8,Random Forest Regressor,BayesSearchCV,0.850861325587605,0.35885984907916124,88.28845870753682,0.045297096323982045,078e2a857d394e3a859226522fd402dd,experiment_linear_erythrocytes
1554.354618187745,0.0037925020879536813,erythrocytes,SERUM,0.8,Random Forest Regressor,BayesSearchCV,0.850861325587605,0.35885984907916124,88.28845870753682,0.045297096323982045,078e2a857d394e3a859226522fd402dd,experiment_linear_erythrocytes
1560.140057213258,0.0037616723903122263,erythrocytes,SERUM,0.8,Random Forest Regressor,BayesSearchCV,0.850861325587605,0.35885984907916124,88.28845870753682,0.045297096323982045,078e2a857d394e3a859226522fd402dd,experiment_linear_erythrocytes
1384.648406772706,0.003684930645622666,erythrocytes,SERUM,0.8,Random Forest Regressor,BayesSearchCV,0.850861325587605,0.35885984907916124,88.28845870753682,0.045297096323982045,078e2a857d394e3a859226522fd402dd,experiment_linear_erythrocytes
1521.57046370984,0.0036628053590561965,erythrocytes,SERUM,0.8,Random Forest Regressor,BayesSearchCV,0.850861325587605,0.35885984907916124,88.28845870753682,0.045297096323982045,078e2a857d394e3a859226522fd402dd,experiment_linear_erythrocytes
1596.781171041505,0.0036594606878227573,erythrocytes,SERUM,0.8,Random Forest Regressor,BayesSearchCV,0.850861325587605,0.35885984907916124,88.28845870753682,0.045297096323982045,078e2a857d394e3a859226522fd402dd,experiment_linear_erythrocytes
1519.641984034669,0.003649883733521404,erythrocytes,SERUM,0.8,Random Forest Regressor,BayesSearchCV,0.850861325587605,0.35885984907916124,88.28845870753682,0.045297096323982045,078e2a857d394e3a859226522fd402dd,experiment_linear_erythrocytes
1594.852691366334,0.003642168450258712,erythrocytes,SERUM,0.8,Random Forest Regressor,BayesSearchCV,0.850861325587605,0.35885984907916124,88.28845870753682,0.045297096323982045,078e2a857d394e3a859226522fd402dd,experiment_linear_erythrocytes
1598.709650716676,0.0036396725357113,erythrocytes,SERUM,0.8,Random Forest Regressor,BayesSearchCV,0.850861325587605,0.35885984907916124,88.28845870753682,0.045297096323982045,078e2a857d394e3a859226522fd402dd,experiment_linear_erythrocytes
2715.299382640627,0.0036253364927685675,erythrocytes,SERUM,0.8,Random Forest Regressor,BayesSearchCV,0.850861325587605,0.35885984907916124,88.28845870753682,0.045297096323982045,078e2a857d394e3a859226522fd402dd,experiment_linear_erythrocytes
1523.498943385011,0.0036032891140964467,erythrocytes,SERUM,0.8,Random Forest Regressor,BayesSearchCV,0.850861325587605,0.35885984907916124,88.28845870753682,0.045297096323982045,078e2a857d394e3a859226522fd402dd,experiment_linear_erythrocytes
1517.713504359498,0.003595483995614418,erythrocytes,SERUM,0.8,Random Forest Regressor,BayesSearchCV,0.850861325587605,0.35885984907916124,88.28845870753682,0.045297096323982045,078e2a857d394e3a859226522fd402dd,experiment_linear_erythrocytes
1382.719927097535,0.0035776066267119264,erythrocytes,SERUM,0.8,Random Forest Regressor,BayesSearchCV,0.850861325587605,0.35885984907916124,88.28845870753682,0.045297096323982045,078e2a857d394e3a859226522fd402dd,experiment_linear_erythrocytes
1515.785024684327,0.003537732400994854,erythrocytes,SERUM,0.8,Random Forest Regressor,BayesSearchCV,0.850861325587605,0.35885984907916124,88.28845870753682,0.045297096323982045,078e2a857d394e3a859226522fd402dd,experiment_linear_erythrocytes
1592.924211691163,0.0035239384913817303,erythrocytes,SERUM,0.8,Random Forest Regressor,BayesSearchCV,0.850861325587605,0.35885984907916124,88.28845870753682,0.045297096323982045,078e2a857d394e3a859226522fd402dd,experiment_linear_erythrocytes
1600.638130391847,0.0035201089201931505,erythrocytes,SERUM,0.8,Random Forest Regressor,BayesSearchCV,0.850861325587605,0.35885984907916124,88.28845870753682,0.045297096323982045,078e2a857d394e3a859226522fd402dd,experiment_linear_erythrocytes
2717.227862315798,0.048223578594540295,erythrocytes,SERUM,0.8,Random Forest Regressor,BayesSearchCV,0.8632809467113837,0.38192572676988706,89.4877382093143,0.017222993390650365,078e2a857d394e3a859226522fd402dd,experiment_linear_erythrocytes
2713.370902965456,0.03622349392541555,erythrocytes,SERUM,0.8,Random Forest Regressor,BayesSearchCV,0.8632809467113837,0.38192572676988706,89.4877382093143,0.017222993390650365,078e2a857d394e3a859226522fd402dd,experiment_linear_erythrocytes
2715.299382640627,0.031593290577424424,erythrocytes,SERUM,0.8,Random Forest Regressor,BayesSearchCV,0.8632809467113837,0.38192572676988706,89.4877382093143,0.017222993390650365,078e2a857d394e3a859226522fd402dd,experiment_linear_erythrocytes
2711.442423290285,0.025967473279454194,erythrocytes,SERUM,0.8,Random Forest Regressor,BayesSearchCV,0.8632809467113837,0.38192572676988706,89.4877382093143,0.017222993390650365,078e2a857d394e3a859226522fd402dd,experiment_linear_erythrocytes
2748.083537118532,0.021489879185067493,erythrocytes,SERUM,0.8,Random Forest Regressor,BayesSearchCV,0.8632809467113837,0.38192572676988706,89.4877382093143,0.017222993390650365,078e2a857d394e3a859226522fd402dd,experiment_linear_erythrocytes
1560.140057213258,0.018879247787519135,erythrocytes,SERUM,0.8,Random Forest Regressor,BayesSearchCV,0.8632809467113837,0.38192572676988706,89.4877382093143,0.017222993390650365,078e2a857d394e3a859226522fd402dd,experiment_linear_erythrocytes
2738.441138742678,0.018504432108676545,erythrocytes,SERUM,0.8,Random Forest Regressor,BayesSearchCV,0.8632809467113837,0.38192572676988706,89.4877382093143,0.017222993390650365,078e2a857d394e3a859226522fd402dd,experiment_linear_erythrocytes
2728.798740366823,0.016523096186082428,erythrocytes,SERUM,0.8,Random Forest Regressor,BayesSearchCV,0.8632809467113837,0.38192572676988706,89.4877382093143,0.017222993390650365,078e2a857d394e3a859226522fd402dd,experiment_linear_erythrocytes
2736.512659067507,0.015522249146963764,erythrocytes,SERUM,0.8,Random Forest Regressor,BayesSearchCV,0.8632809467113837,0.38192572676988706,89.4877382093143,0.017222993390650365,078e2a857d394e3a859226522fd402dd,experiment_linear_erythrocytes
1558.211577538087,0.014849790293253904,erythrocytes,SERUM,0.8,Random Forest Regressor,BayesSearchCV,0.8632809467113837,0.38192572676988706,89.4877382093143,0.017222993390650365,078e2a857d394e3a859226522fd402dd,experiment_linear_erythrocytes
2746.155057443361,0.013076249356134169,erythrocytes,SERUM,0.8,Random Forest Regressor,BayesSearchCV,0.8632809467113837,0.38192572676988706,89.4877382093143,0.017222993390650365,078e2a857d394e3a859226522fd402dd,experiment_linear_erythrocytes
1646.921642595948,0.01281576516857472,erythrocytes,SERUM,0.8,Random Forest Regressor,BayesSearchCV,0.8632809467113837,0.38192572676988706,89.4877382093143,0.017222993390650365,078e2a857d394e3a859226522fd402dd,experiment_linear_erythrocytes
1257.368748211427,0.01194577054091517,erythrocytes,SERUM,0.8,Random Forest Regressor,BayesSearchCV,0.8632809467113837,0.38192572676988706,89.4877382093143,0.017222993390650365,078e2a857d394e3a859226522fd402dd,experiment_linear_erythrocytes
2709.513943615114,0.011866308848222895,erythrocytes,SERUM,0.8,Random Forest Regressor,BayesSearchCV,0.8632809467113837,0.38192572676988706,89.4877382093143,0.017222993390650365,078e2a857d394e3a859226522fd402dd,experiment_linear_erythrocytes
2730.727220041994,0.01073239358860475,erythrocytes,SERUM,0.8,Random Forest Regressor,BayesSearchCV,0.8632809467113837,0.38192572676988706,89.4877382093143,0.017222993390650365,078e2a857d394e3a859226522fd402dd,experiment_linear_erythrocytes
3043.14092741968,0.010345875061437484,erythrocytes,SERUM,0.8,Random Forest Regressor,BayesSearchCV,0.8632809467113837,0.38192572676988706,89.4877382093143,0.017222993390650365,078e2a857d394e3a859226522fd402dd,experiment_linear_erythrocytes
2744.226577768191,0.009533509643867896,erythrocytes,SERUM,0.8,Random Forest Regressor,BayesSearchCV,0.8632809467113837,0.38192572676988706,89.4877382093143,0.017222993390650365,078e2a857d394e3a859226522fd402dd,experiment_linear_erythrocytes
2726.870260691652,0.008976333508029167,erythrocytes,SERUM,0.8,Random Forest Regressor,BayesSearchCV,0.8632809467113837,0.38192572676988706,89.4877382093143,0.017222993390650365,078e2a857d394e3a859226522fd402dd,experiment_linear_erythrocytes
1598.709650716676,0.008445830219336311,erythrocytes,SERUM,0.8,Random Forest Regressor,BayesSearchCV,0.8632809467113837,0.38192572676988706,89.4877382093143,0.017222993390650365,078e2a857d394e3a859226522fd402dd,experiment_linear_erythrocytes
1392.36232547339,0.008270064503073302,erythrocytes,SERUM,0.8,Random Forest Regressor,BayesSearchCV,0.8632809467113837,0.38192572676988706,89.4877382093143,0.017222993390650365,078e2a857d394e3a859226522fd402dd,experiment_linear_erythrocytes
950.7404798592538,0.006425781725816596,erythrocytes,URINE,0.8,Random Forest Regressor,BayesSearchCV,0.9365994665553885,0.43346354733485654,97.13727877138383,-0.024846657118330784,078e2a857d394e3a859226522fd402dd,experiment_linear_erythrocytes
952.6689595344246,0.006264066946883438,erythrocytes,URINE,0.8,Random Forest Regressor,BayesSearchCV,0.9365994665553885,0.43346354733485654,97.13727877138383,-0.024846657118330784,078e2a857d394e3a859226522fd402dd,experiment_linear_erythrocytes
954.5974392095954,0.005821072552575784,erythrocytes,URINE,0.8,Random Forest Regressor,BayesSearchCV,0.9365994665553885,0.43346354733485654,97.13727877138383,-0.024846657118330784,078e2a857d394e3a859226522fd402dd,experiment_linear_erythrocytes
948.812000184083,0.005780634478981187,erythrocytes,URINE,0.8,Random Forest Regressor,BayesSearchCV,0.9365994665553885,0.43346354733485654,97.13727877138383,-0.024846657118330784,078e2a857d394e3a859226522fd402dd,experiment_linear_erythrocytes
929.5272034323739,0.005418484500242657,erythrocytes,URINE,0.8,Random Forest Regressor,BayesSearchCV,0.9365994665553885,0.43346354733485654,97.13727877138383,-0.024846657118330784,078e2a857d394e3a859226522fd402dd,experiment_linear_erythrocytes
956.5259188847667,0.005120127809145648,erythrocytes,URINE,0.8,Random Forest Regressor,BayesSearchCV,0.9365994665553885,0.43346354733485654,97.13727877138383,-0.024846657118330784,078e2a857d394e3a859226522fd402dd,experiment_linear_erythrocytes
931.4556831075452,0.005063307436531537,erythrocytes,URINE,0.8,Random Forest Regressor,BayesSearchCV,0.9365994665553885,0.43346354733485654,97.13727877138383,-0.024846657118330784,078e2a857d394e3a859226522fd402dd,experiment_linear_erythrocytes
1704.776032851076,0.004953702742828217,erythrocytes,URINE,0.8,Random Forest Regressor,BayesSearchCV,0.9365994665553885,0.43346354733485654,97.13727877138383,-0.024846657118330784,078e2a857d394e3a859226522fd402dd,experiment_linear_erythrocytes
1706.704512526246,0.004933408624477231,erythrocytes,URINE,0.8,Random Forest Regressor,BayesSearchCV,0.9365994665553885,0.43346354733485654,97.13727877138383,-0.024846657118330784,078e2a857d394e3a859226522fd402dd,experiment_linear_erythrocytes
1708.632992201417,0.004862373237975556,erythrocytes,URINE,0.8,Random Forest Regressor,BayesSearchCV,0.9365994665553885,0.43346354733485654,97.13727877138383,-0.024846657118330784,078e2a857d394e3a859226522fd402dd,experiment_linear_erythrocytes
1710.561471876588,0.004772022524213767,erythrocytes,URINE,0.8,Random Forest Regressor,BayesSearchCV,0.9365994665553885,0.43346354733485654,97.13727877138383,-0.024846657118330784,078e2a857d394e3a859226522fd402dd,experiment_linear_erythrocytes
1702.847553175905,0.0047507480127550634,erythrocytes,URINE,0.8,Random Forest Regressor,BayesSearchCV,0.9365994665553885,0.43346354733485654,97.13727877138383,-0.024846657118330784,078e2a857d394e3a859226522fd402dd,experiment_linear_erythrocytes
946.8835205089117,0.0047386485100325065,erythrocytes,URINE,0.8,Random Forest Regressor,BayesSearchCV,0.9365994665553885,0.43346354733485654,97.13727877138383,-0.024846657118330784,078e2a857d394e3a859226522fd402dd,experiment_linear_erythrocytes
1700.919073500734,0.004711790416073843,erythrocytes,URINE,0.8,Random Forest Regressor,BayesSearchCV,0.9365994665553885,0.43346354733485654,97.13727877138383,-0.024846657118330784,078e2a857d394e3a859226522fd402dd,experiment_linear_erythrocytes
1698.990593825563,0.0045424642998647185,erythrocytes,URINE,0.8,Random Forest Regressor,BayesSearchCV,0.9365994665553885,0.43346354733485654,97.13727877138383,-0.024846657118330784,078e2a857d394e3a859226522fd402dd,experiment_linear_erythrocytes
933.3841627827155,0.004536105526752465,erythrocytes,URINE,0.8,Random Forest Regressor,BayesSearchCV,0.9365994665553885,0.43346354733485654,97.13727877138383,-0.024846657118330784,078e2a857d394e3a859226522fd402dd,experiment_linear_erythrocytes
1712.489951551759,0.004524370111068793,erythrocytes,URINE,0.8,Random Forest Regressor,BayesSearchCV,0.9365994665553885,0.43346354733485654,97.13727877138383,-0.024846657118330784,078e2a857d394e3a859226522fd402dd,experiment_linear_erythrocytes
958.4543985599371,0.004346792530520972,erythrocytes,URINE,0.8,Random Forest Regressor,BayesSearchCV,0.9365994665553885,0.43346354733485654,97.13727877138383,-0.024846657118330784,078e2a857d394e3a859226522fd402dd,experiment_linear_erythrocytes
1714.41843122693,0.004254206349590113,erythrocytes,URINE,0.8,Random Forest Regressor,BayesSearchCV,0.9365994665553885,0.43346354733485654,97.13727877138383,-0.024846657118330784,078e2a857d394e3a859226522fd402dd,experiment_linear_erythrocytes
1697.062114150392,0.004179154305745479,erythrocytes,URINE,0.8,Random Forest Regressor,BayesSearchCV,0.9365994665553885,0.43346354733485654,97.13727877138383,-0.024846657118330784,078e2a857d394e3a859226522fd402dd,experiment_linear_erythrocytes
1675.848837723512,0.03816375503980341,erythrocytes,URINE,0.8,Random Forest Regressor,BayesSearchCV,0.9348117673987003,0.42395031308363196,96.91686647046527,-0.020938115469125718,078e2a857d394e3a859226522fd402dd,experiment_linear_erythrocytes
1791.557618233766,0.03473651526033847,erythrocytes,URINE,0.8,Random Forest Regressor,BayesSearchCV,0.9348117673987003,0.42395031308363196,96.91686647046527,-0.020938115469125718,078e2a857d394e3a859226522fd402dd,experiment_linear_erythrocytes
1677.777317398683,0.031068269349915703,erythrocytes,URINE,0.8,Random Forest Regressor,BayesSearchCV,0.9348117673987003,0.42395031308363196,96.91686647046527,-0.020938115469125718,078e2a857d394e3a859226522fd402dd,experiment_linear_erythrocytes
1515.785024684327,0.02692496018737237,erythrocytes,URINE,0.8,Random Forest Regressor,BayesSearchCV,0.9348117673987003,0.42395031308363196,96.91686647046527,-0.020938115469125718,078e2a857d394e3a859226522fd402dd,experiment_linear_erythrocytes
1789.629138558595,0.026178066327353405,erythrocytes,URINE,0.8,Random Forest Regressor,BayesSearchCV,0.9348117673987003,0.42395031308363196,96.91686647046527,-0.020938115469125718,078e2a857d394e3a859226522fd402dd,experiment_linear_erythrocytes
1488.786309231935,0.024067046508353913,erythrocytes,URINE,0.8,Random Forest Regressor,BayesSearchCV,0.9348117673987003,0.42395031308363196,96.91686647046527,-0.020938115469125718,078e2a857d394e3a859226522fd402dd,experiment_linear_erythrocytes
1014.380309139893,0.023173327231446342,erythrocytes,URINE,0.8,Random Forest Regressor,BayesSearchCV,0.9348117673987003,0.42395031308363196,96.91686647046527,-0.020938115469125718,078e2a857d394e3a859226522fd402dd,experiment_linear_erythrocytes
1342.221853918946,0.015149633263104163,erythrocytes,URINE,0.8,Random Forest Regressor,BayesSearchCV,0.9348117673987003,0.42395031308363196,96.91686647046527,-0.020938115469125718,078e2a857d394e3a859226522fd402dd,experiment_linear_erythrocytes
1785.772179208253,0.014516764846874666,erythrocytes,URINE,0.8,Random Forest Regressor,BayesSearchCV,0.9348117673987003,0.42395031308363196,96.91686647046527,-0.020938115469125718,078e2a857d394e3a859226522fd402dd,experiment_linear_erythrocytes
1513.856545009157,0.013952361123876815,erythrocytes,URINE,0.8,Random Forest Regressor,BayesSearchCV,0.9348117673987003,0.42395031308363196,96.91686647046527,-0.020938115469125718,078e2a857d394e3a859226522fd402dd,experiment_linear_erythrocytes
1536.998301111207,0.013432525200147047,erythrocytes,URINE,0.8,Random Forest Regressor,BayesSearchCV,0.9348117673987003,0.42395031308363196,96.91686647046527,-0.020938115469125718,078e2a857d394e3a859226522fd402dd,experiment_linear_erythrocytes
1581.353333640138,0.0131620283959556,erythrocytes,URINE,0.8,Random Forest Regressor,BayesSearchCV,0.9348117673987003,0.42395031308363196,96.91686647046527,-0.020938115469125718,078e2a857d394e3a859226522fd402dd,experiment_linear_erythrocytes
950.7404798592538,0.013116262184306322,erythrocytes,URINE,0.8,Random Forest Regressor,BayesSearchCV,0.9348117673987003,0.42395031308363196,96.91686647046527,-0.020938115469125718,078e2a857d394e3a859226522fd402dd,experiment_linear_erythrocytes
1781.915219857912,0.012721154923985298,erythrocytes,URINE,0.8,Random Forest Regressor,BayesSearchCV,0.9348117673987003,0.42395031308363196,96.91686647046527,-0.020938115469125718,078e2a857d394e3a859226522fd402dd,experiment_linear_erythrocytes
1810.842414985475,0.012328937280194206,erythrocytes,URINE,0.8,Random Forest Regressor,BayesSearchCV,0.9348117673987003,0.42395031308363196,96.91686647046527,-0.020938115469125718,078e2a857d394e3a859226522fd402dd,experiment_linear_erythrocytes
1774.201301157228,0.012305893960295786,erythrocytes,URINE,0.8,Random Forest Regressor,BayesSearchCV,0.9348117673987003,0.42395031308363196,96.91686647046527,-0.020938115469125718,078e2a857d394e3a859226522fd402dd,experiment_linear_erythrocytes
1589.067252340822,0.012305202012549522,erythrocytes,URINE,0.8,Random Forest Regressor,BayesSearchCV,0.9348117673987003,0.42395031308363196,96.91686647046527,-0.020938115469125718,078e2a857d394e3a859226522fd402dd,experiment_linear_erythrocytes
1583.281813315309,0.01193204024614048,erythrocytes,URINE,0.8,Random Forest Regressor,BayesSearchCV,0.9348117673987003,0.42395031308363196,96.91686647046527,-0.020938115469125718,078e2a857d394e3a859226522fd402dd,experiment_linear_erythrocytes
1330.650975867921,0.011433752551870567,erythrocytes,URINE,0.8,Random Forest Regressor,BayesSearchCV,0.9348117673987003,0.42395031308363196,96.91686647046527,-0.020938115469125718,078e2a857d394e3a859226522fd402dd,experiment_linear_erythrocytes
1039.450544917115,0.011385295846438713,erythrocytes,URINE,0.8,Random Forest Regressor,BayesSearchCV,0.9348117673987003,0.42395031308363196,96.91686647046527,-0.020938115469125718,078e2a857d394e3a859226522fd402dd,experiment_linear_erythrocytes
950.7404798592538,0.0067248092352485,erythrocytes,URINE,0.8,Random Forest Regressor,BayesSearchCV,0.9347753553558773,0.43266880328280044,96.90648273702305,-0.02085858348272618,078e2a857d394e3a859226522fd402dd,experiment_linear_erythrocytes
952.6689595344246,0.006537491077948472,erythrocytes,URINE,0.8,Random Forest Regressor,BayesSearchCV,0.9347753553558773,0.43266880328280044,96.90648273702305,-0.02085858348272618,078e2a857d394e3a859226522fd402dd,experiment_linear_erythrocytes
954.5974392095954,0.006047969453405555,erythrocytes,URINE,0.8,Random Forest Regressor,BayesSearchCV,0.9347753553558773,0.43266880328280044,96.90648273702305,-0.02085858348272618,078e2a857d394e3a859226522fd402dd,experiment_linear_erythrocytes
948.812000184083,0.006016227247261376,erythrocytes,URINE,0.8,Random Forest Regressor,BayesSearchCV,0.9347753553558773,0.43266880328280044,96.90648273702305,-0.02085858348272618,078e2a857d394e3a859226522fd402dd,experiment_linear_erythrocytes
929.5272034323739,0.005579378992813002,erythrocytes,URINE,0.8,Random Forest Regressor,BayesSearchCV,0.9347753553558773,0.43266880328280044,96.90648273702305,-0.02085858348272618,078e2a857d394e3a859226522fd402dd,experiment_linear_erythrocytes
1704.776032851076,0.005314133650081126,erythrocytes,URINE,0.8,Random Forest Regressor,BayesSearchCV,0.9347753553558773,0.43266880328280044,96.90648273702305,-0.02085858348272618,078e2a857d394e3a859226522fd402dd,experiment_linear_erythrocytes
956.5259188847667,0.005281968790038331,erythrocytes,URINE,0.8,Random Forest Regressor,BayesSearchCV,0.9347753553558773,0.43266880328280044,96.90648273702305,-0.02085858348272618,078e2a857d394e3a859226522fd402dd,experiment_linear_erythrocytes
1706.704512526246,0.005263041150521051,erythrocytes,URINE,0.8,Random Forest Regressor,BayesSearchCV,0.9347753553558773,0.43266880328280044,96.90648273702305,-0.02085858348272618,078e2a857d394e3a859226522fd402dd,experiment_linear_erythrocytes
931.4556831075452,0.005182774108824816,erythrocytes,URINE,0.8,Random Forest Regressor,BayesSearchCV,0.9347753553558773,0.43266880328280044,96.90648273702305,-0.02085858348272618,078e2a857d394e3a859226522fd402dd,experiment_linear_erythrocytes
1708.632992201417,0.005145861245020705,erythrocytes,URINE,0.8,Random Forest Regressor,BayesSearchCV,0.9347753553558773,0.43266880328280044,96.90648273702305,-0.02085858348272618,078e2a857d394e3a859226522fd402dd,experiment_linear_erythrocytes
1702.847553175905,0.005090640951228189,erythrocytes,URINE,0.8,Random Forest Regressor,BayesSearchCV,0.9347753553558773,0.43266880328280044,96.90648273702305,-0.02085858348272618,078e2a857d394e3a859226522fd402dd,experiment_linear_erythrocytes
1700.919073500734,0.005066414137279008,erythrocytes,URINE,0.8,Random Forest Regressor,BayesSearchCV,0.9347753553558773,0.43266880328280044,96.90648273702305,-0.02085858348272618,078e2a857d394e3a859226522fd402dd,experiment_linear_erythrocytes
1710.561471876588,0.00501234640746576,erythrocytes,URINE,0.8,Random Forest Regressor,BayesSearchCV,0.9347753553558773,0.43266880328280044,96.90648273702305,-0.02085858348272618,078e2a857d394e3a859226522fd402dd,experiment_linear_erythrocytes
1698.990593825563,0.004892171472750499,erythrocytes,URINE,0.8,Random Forest Regressor,BayesSearchCV,0.9347753553558773,0.43266880328280044,96.90648273702305,-0.02085858348272618,078e2a857d394e3a859226522fd402dd,experiment_linear_erythrocytes
946.8835205089117,0.004869454320261489,erythrocytes,URINE,0.8,Random Forest Regressor,BayesSearchCV,0.9347753553558773,0.43266880328280044,96.90648273702305,-0.02085858348272618,078e2a857d394e3a859226522fd402dd,experiment_linear_erythrocytes
1712.489951551759,0.0047003381975102565,erythrocytes,URINE,0.8,Random Forest Regressor,BayesSearchCV,0.9347753553558773,0.43266880328280044,96.90648273702305,-0.02085858348272618,078e2a857d394e3a859226522fd402dd,experiment_linear_erythrocytes
933.3841627827155,0.004608854162661155,erythrocytes,URINE,0.8,Random Forest Regressor,BayesSearchCV,0.9347753553558773,0.43266880328280044,96.90648273702305,-0.02085858348272618,078e2a857d394e3a859226522fd402dd,experiment_linear_erythrocytes
1697.062114150392,0.004504328422799051,erythrocytes,URINE,0.8,Random Forest Regressor,BayesSearchCV,0.9347753553558773,0.43266880328280044,96.90648273702305,-0.02085858348272618,078e2a857d394e3a859226522fd402dd,experiment_linear_erythrocytes
958.4543985599371,0.004447124380214104,erythrocytes,URINE,0.8,Random Forest Regressor,BayesSearchCV,0.9347753553558773,0.43266880328280044,96.90648273702305,-0.02085858348272618,078e2a857d394e3a859226522fd402dd,experiment_linear_erythrocytes
1714.41843122693,0.004369789651377419,erythrocytes,URINE,0.8,Random Forest Regressor,BayesSearchCV,0.9347753553558773,0.43266880328280044,96.90648273702305,-0.02085858348272618,078e2a857d394e3a859226522fd402dd,experiment_linear_erythrocytes
1791.557618233766,0.03826081637881706,erythrocytes,URINE,0.8,Random Forest Regressor,BayesSearchCV,0.9392348278715285,0.42805689979644856,97.39153420086024,-0.030622105609007022,078e2a857d394e3a859226522fd402dd,experiment_linear_erythrocytes
1675.848837723512,0.030847011692106397,erythrocytes,URINE,0.8,Random Forest Regressor,BayesSearchCV,0.9392348278715285,0.42805689979644856,97.39153420086024,-0.030622105609007022,078e2a857d394e3a859226522fd402dd,experiment_linear_erythrocytes
1789.629138558595,0.029874689974083234,erythrocytes,URINE,0.8,Random Forest Regressor,BayesSearchCV,0.9392348278715285,0.42805689979644856,97.39153420086024,-0.030622105609007022,078e2a857d394e3a859226522fd402dd,experiment_linear_erythrocytes
1677.777317398683,0.029316942669197692,erythrocytes,URINE,0.8,Random Forest Regressor,BayesSearchCV,0.9392348278715285,0.42805689979644856,97.39153420086024,-0.030622105609007022,078e2a857d394e3a859226522fd402dd,experiment_linear_erythrocytes
1515.785024684327,0.02596547914002421,erythrocytes,URINE,0.8,Random Forest Regressor,BayesSearchCV,0.9392348278715285,0.42805689979644856,97.39153420086024,-0.030622105609007022,078e2a857d394e3a859226522fd402dd,experiment_linear_erythrocytes
1488.786309231935,0.022841330898879256,erythrocytes,URINE,0.8,Random Forest Regressor,BayesSearchCV,0.9392348278715285,0.42805689979644856,97.39153420086024,-0.030622105609007022,078e2a857d394e3a859226522fd402dd,experiment_linear_erythrocytes
1014.380309139893,0.02192996569659712,erythrocytes,URINE,0.8,Random Forest Regressor,BayesSearchCV,0.9392348278715285,0.42805689979644856,97.39153420086024,-0.030622105609007022,078e2a857d394e3a859226522fd402dd,experiment_linear_erythrocytes
950.7404798592538,0.01754160697213903,erythrocytes,URINE,0.8,Random Forest Regressor,BayesSearchCV,0.9392348278715285,0.42805689979644856,97.39153420086024,-0.030622105609007022,078e2a857d394e3a859226522fd402dd,experiment_linear_erythrocytes
1810.842414985475,0.015775094118854516,erythrocytes,URINE,0.8,Random Forest Regressor,BayesSearchCV,0.9392348278715285,0.42805689979644856,97.39153420086024,-0.030622105609007022,078e2a857d394e3a859226522fd402dd,experiment_linear_erythrocytes
1673.920358048341,0.01497717765012483,erythrocytes,URINE,0.8,Random Forest Regressor,BayesSearchCV,0.9392348278715285,0.42805689979644856,97.39153420086024,-0.030622105609007022,078e2a857d394e3a859226522fd402dd,experiment_linear_erythrocytes
1342.221853918946,0.014386790454910623,erythrocytes,URINE,0.8,Random Forest Regressor,BayesSearchCV,0.9392348278715285,0.42805689979644856,97.39153420086024,-0.030622105609007022,078e2a857d394e3a859226522fd402dd,experiment_linear_erythrocytes
1536.998301111207,0.013938709024121417,erythrocytes,URINE,0.8,Random Forest Regressor,BayesSearchCV,0.9392348278715285,0.42805689979644856,97.39153420086024,-0.030622105609007022,078e2a857d394e3a859226522fd402dd,experiment_linear_erythrocytes
1581.353333640138,0.01376032831175803,erythrocytes,URINE,0.8,Random Forest Regressor,BayesSearchCV,0.9392348278715285,0.42805689979644856,97.39153420086024,-0.030622105609007022,078e2a857d394e3a859226522fd402dd,experiment_linear_erythrocytes
1513.856545009157,0.01321408041208596,erythrocytes,URINE,0.8,Random Forest Regressor,BayesSearchCV,0.9392348278715285,0.42805689979644856,97.39153420086024,-0.030622105609007022,078e2a857d394e3a859226522fd402dd,experiment_linear_erythrocytes
1778.05826050757,0.012708901168615902,erythrocytes,URINE,0.8,Random Forest Regressor,BayesSearchCV,0.9392348278715285,0.42805689979644856,97.39153420086024,-0.030622105609007022,078e2a857d394e3a859226522fd402dd,experiment_linear_erythrocytes
1785.772179208253,0.01267561526512894,erythrocytes,URINE,0.8,Random Forest Regressor,BayesSearchCV,0.9392348278715285,0.42805689979644856,97.39153420086024,-0.030622105609007022,078e2a857d394e3a859226522fd402dd,experiment_linear_erythrocytes
1272.796585612794,0.012665360863974436,erythrocytes,URINE,0.8,Random Forest Regressor,BayesSearchCV,0.9392348278715285,0.42805689979644856,97.39153420086024,-0.030622105609007022,078e2a857d394e3a859226522fd402dd,experiment_linear_erythrocytes
1594.852691366334,0.012284680186040502,erythrocytes,URINE,0.8,Random Forest Regressor,BayesSearchCV,0.9392348278715285,0.42805689979644856,97.39153420086024,-0.030622105609007022,078e2a857d394e3a859226522fd402dd,experiment_linear_erythrocytes
1774.201301157228,0.012072114264318392,erythrocytes,URINE,0.8,Random Forest Regressor,BayesSearchCV,0.9392348278715285,0.42805689979644856,97.39153420086024,-0.030622105609007022,078e2a857d394e3a859226522fd402dd,experiment_linear_erythrocytes
1781.915219857912,0.011950793152012775,erythrocytes,URINE,0.8,Random Forest Regressor,BayesSearchCV,0.9392348278715285,0.42805689979644856,97.39153420086024,-0.030622105609007022,078e2a857d394e3a859226522fd402dd,experiment_linear_erythrocytes
3048.926366445193,0.014768726290451492,erythrocytes,CAPILAR,0.8,Decision Tree Regressor,BayesSearchCV,0.8955082820609641,0.42420375787282266,92.8708350725706,0.02728539424151033,078e2a857d394e3a859226522fd402dd,experiment_linear_erythrocytes
3046.997886770022,0.011122748927893361,erythrocytes,CAPILAR,0.8,Decision Tree Regressor,BayesSearchCV,0.8955082820609641,0.42420375787282266,92.8708350725706,0.02728539424151033,078e2a857d394e3a859226522fd402dd,experiment_linear_erythrocytes
1222.656114058351,0.007654021165313412,erythrocytes,CAPILAR,0.8,Decision Tree Regressor,BayesSearchCV,0.8955082820609641,0.42420375787282266,92.8708350725706,0.02728539424151033,078e2a857d394e3a859226522fd402dd,experiment_linear_erythrocytes
3045.069407094851,0.007490368662849151,erythrocytes,CAPILAR,0.8,Decision Tree Regressor,BayesSearchCV,0.8955082820609641,0.42420375787282266,92.8708350725706,0.02728539424151033,078e2a857d394e3a859226522fd402dd,experiment_linear_erythrocytes
1224.584593733522,0.007238308949521153,erythrocytes,CAPILAR,0.8,Decision Tree Regressor,BayesSearchCV,0.8955082820609641,0.42420375787282266,92.8708350725706,0.02728539424151033,078e2a857d394e3a859226522fd402dd,experiment_linear_erythrocytes
1130.089089650148,0.007043878470142925,erythrocytes,CAPILAR,0.8,Decision Tree Regressor,BayesSearchCV,0.8955082820609641,0.42420375787282266,92.8708350725706,0.02728539424151033,078e2a857d394e3a859226522fd402dd,experiment_linear_erythrocytes
1128.160609974977,0.006937878509289234,erythrocytes,CAPILAR,0.8,Decision Tree Regressor,BayesSearchCV,0.8955082820609641,0.42420375787282266,92.8708350725706,0.02728539424151033,078e2a857d394e3a859226522fd402dd,experiment_linear_erythrocytes
1126.232130299806,0.006621286438513814,erythrocytes,CAPILAR,0.8,Decision Tree Regressor,BayesSearchCV,0.8955082820609641,0.42420375787282266,92.8708350725706,0.02728539424151033,078e2a857d394e3a859226522fd402dd,experiment_linear_erythrocytes
1132.017569325318,0.006530653882811109,erythrocytes,CAPILAR,0.8,Decision Tree Regressor,BayesSearchCV,0.8955082820609641,0.42420375787282266,92.8708350725706,0.02728539424151033,078e2a857d394e3a859226522fd402dd,experiment_linear_erythrocytes
1220.72763438318,0.006490688705748722,erythrocytes,CAPILAR,0.8,Decision Tree Regressor,BayesSearchCV,0.8955082820609641,0.42420375787282266,92.8708350725706,0.02728539424151033,078e2a857d394e3a859226522fd402dd,experiment_linear_erythrocytes
1226.513073408692,0.006078228866240817,erythrocytes,CAPILAR,0.8,Decision Tree Regressor,BayesSearchCV,0.8955082820609641,0.42420375787282266,92.8708350725706,0.02728539424151033,078e2a857d394e3a859226522fd402dd,experiment_linear_erythrocytes
1124.303650624635,0.006055209601343058,erythrocytes,CAPILAR,0.8,Decision Tree Regressor,BayesSearchCV,0.8955082820609641,0.42420375787282266,92.8708350725706,0.02728539424151033,078e2a857d394e3a859226522fd402dd,experiment_linear_erythrocytes
1170.587162828736,0.005656451610854474,erythrocytes,CAPILAR,0.8,Decision Tree Regressor,BayesSearchCV,0.8955082820609641,0.42420375787282266,92.8708350725706,0.02728539424151033,078e2a857d394e3a859226522fd402dd,experiment_linear_erythrocytes
1708.632992201417,0.005646591778098688,erythrocytes,CAPILAR,0.8,Decision Tree Regressor,BayesSearchCV,0.8955082820609641,0.42420375787282266,92.8708350725706,0.02728539424151033,078e2a857d394e3a859226522fd402dd,experiment_linear_erythrocytes
1122.375170949464,0.005583514275713641,erythrocytes,CAPILAR,0.8,Decision Tree Regressor,BayesSearchCV,0.8955082820609641,0.42420375787282266,92.8708350725706,0.02728539424151033,078e2a857d394e3a859226522fd402dd,experiment_linear_erythrocytes
1133.946049000489,0.005327913241846604,erythrocytes,CAPILAR,0.8,Decision Tree Regressor,BayesSearchCV,0.8955082820609641,0.42420375787282266,92.8708350725706,0.02728539424151033,078e2a857d394e3a859226522fd402dd,experiment_linear_erythrocytes
1168.658683153565,0.005218869333163927,erythrocytes,CAPILAR,0.8,Decision Tree Regressor,BayesSearchCV,0.8955082820609641,0.42420375787282266,92.8708350725706,0.02728539424151033,078e2a857d394e3a859226522fd402dd,experiment_linear_erythrocytes
1120.446691274293,0.00517037855371125,erythrocytes,CAPILAR,0.8,Decision Tree Regressor,BayesSearchCV,0.8955082820609641,0.42420375787282266,92.8708350725706,0.02728539424151033,078e2a857d394e3a859226522fd402dd,experiment_linear_erythrocytes
1218.799154708009,0.00514280043504296,erythrocytes,CAPILAR,0.8,Decision Tree Regressor,BayesSearchCV,0.8955082820609641,0.42420375787282266,92.8708350725706,0.02728539424151033,078e2a857d394e3a859226522fd402dd,experiment_linear_erythrocytes
1228.441553083863,0.004989435762584157,erythrocytes,CAPILAR,0.8,Decision Tree Regressor,BayesSearchCV,0.8955082820609641,0.42420375787282266,92.8708350725706,0.02728539424151033,078e2a857d394e3a859226522fd402dd,experiment_linear_erythrocytes
1216.870675032838,1.0,erythrocytes,CAPILAR,0.8,Decision Tree Regressor,BayesSearchCV,0.9067934489035301,0.4315384615384614,93.57766853697447,0.002614680874479025,078e2a857d394e3a859226522fd402dd,experiment_linear_erythrocytes
929.5272034323739,0.0,erythrocytes,CAPILAR,0.8,Decision Tree Regressor,BayesSearchCV,0.9067934489035301,0.4315384615384614,93.57766853697447,0.002614680874479025,078e2a857d394e3a859226522fd402dd,experiment_linear_erythrocytes
2570.663407002809,0.0,erythrocytes,CAPILAR,0.8,Decision Tree Regressor,BayesSearchCV,0.9067934489035301,0.4315384615384614,93.57766853697447,0.002614680874479025,078e2a857d394e3a859226522fd402dd,experiment_linear_erythrocytes
2553.307089926272,0.0,erythrocytes,CAPILAR,0.8,Decision Tree Regressor,BayesSearchCV,0.9067934489035301,0.4315384615384614,93.57766853697447,0.002614680874479025,078e2a857d394e3a859226522fd402dd,experiment_linear_erythrocytes
2555.235569601442,0.0,erythrocytes,CAPILAR,0.8,Decision Tree Regressor,BayesSearchCV,0.9067934489035301,0.4315384615384614,93.57766853697447,0.002614680874479025,078e2a857d394e3a859226522fd402dd,experiment_linear_erythrocytes
2557.164049276613,0.0,erythrocytes,CAPILAR,0.8,Decision Tree Regressor,BayesSearchCV,0.9067934489035301,0.4315384615384614,93.57766853697447,0.002614680874479025,078e2a857d394e3a859226522fd402dd,experiment_linear_erythrocytes
2559.092528951784,0.0,erythrocytes,CAPILAR,0.8,Decision Tree Regressor,BayesSearchCV,0.9067934489035301,0.4315384615384614,93.57766853697447,0.002614680874479025,078e2a857d394e3a859226522fd402dd,experiment_linear_erythrocytes
2561.021008626955,0.0,erythrocytes,CAPILAR,0.8,Decision Tree Regressor,BayesSearchCV,0.9067934489035301,0.4315384615384614,93.57766853697447,0.002614680874479025,078e2a857d394e3a859226522fd402dd,experiment_linear_erythrocytes
2562.949488302126,0.0,erythrocytes,CAPILAR,0.8,Decision Tree Regressor,BayesSearchCV,0.9067934489035301,0.4315384615384614,93.57766853697447,0.002614680874479025,078e2a857d394e3a859226522fd402dd,experiment_linear_erythrocytes
2564.877967977297,0.0,erythrocytes,CAPILAR,0.8,Decision Tree Regressor,BayesSearchCV,0.9067934489035301,0.4315384615384614,93.57766853697447,0.002614680874479025,078e2a857d394e3a859226522fd402dd,experiment_linear_erythrocytes
2566.806447652468,0.0,erythrocytes,CAPILAR,0.8,Decision Tree Regressor,BayesSearchCV,0.9067934489035301,0.4315384615384614,93.57766853697447,0.002614680874479025,078e2a857d394e3a859226522fd402dd,experiment_linear_erythrocytes
2568.734927327639,0.0,erythrocytes,CAPILAR,0.8,Decision Tree Regressor,BayesSearchCV,0.9067934489035301,0.4315384615384614,93.57766853697447,0.002614680874479025,078e2a857d394e3a859226522fd402dd,experiment_linear_erythrocytes
2572.59188667798,0.0,erythrocytes,CAPILAR,0.8,Decision Tree Regressor,BayesSearchCV,0.9067934489035301,0.4315384615384614,93.57766853697447,0.002614680874479025,078e2a857d394e3a859226522fd402dd,experiment_linear_erythrocytes
2593.80516310486,0.0,erythrocytes,CAPILAR,0.8,Decision Tree Regressor,BayesSearchCV,0.9067934489035301,0.4315384615384614,93.57766853697447,0.002614680874479025,078e2a857d394e3a859226522fd402dd,experiment_linear_erythrocytes
2574.520366353152,0.0,erythrocytes,CAPILAR,0.8,Decision Tree Regressor,BayesSearchCV,0.9067934489035301,0.4315384615384614,93.57766853697447,0.002614680874479025,078e2a857d394e3a859226522fd402dd,experiment_linear_erythrocytes
2576.448846028322,0.0,erythrocytes,CAPILAR,0.8,Decision Tree Regressor,BayesSearchCV,0.9067934489035301,0.4315384615384614,93.57766853697447,0.002614680874479025,078e2a857d394e3a859226522fd402dd,experiment_linear_erythrocytes
2578.377325703493,0.0,erythrocytes,CAPILAR,0.8,Decision Tree Regressor,BayesSearchCV,0.9067934489035301,0.4315384615384614,93.57766853697447,0.002614680874479025,078e2a857d394e3a859226522fd402dd,experiment_linear_erythrocytes
2580.305805378664,0.0,erythrocytes,CAPILAR,0.8,Decision Tree Regressor,BayesSearchCV,0.9067934489035301,0.4315384615384614,93.57766853697447,0.002614680874479025,078e2a857d394e3a859226522fd402dd,experiment_linear_erythrocytes
2582.234285053835,0.0,erythrocytes,CAPILAR,0.8,Decision Tree Regressor,BayesSearchCV,0.9067934489035301,0.4315384615384614,93.57766853697447,0.002614680874479025,078e2a857d394e3a859226522fd402dd,experiment_linear_erythrocytes
2584.162764729006,0.0,erythrocytes,CAPILAR,0.8,Decision Tree Regressor,BayesSearchCV,0.9067934489035301,0.4315384615384614,93.57766853697447,0.002614680874479025,078e2a857d394e3a859226522fd402dd,experiment_linear_erythrocytes
3048.926366445193,0.012920417632434787,erythrocytes,CAPILAR,0.8,Decision Tree Regressor,BayesSearchCV,0.8807293316409811,0.433287277007408,91.25042065456813,0.05912670066539527,078e2a857d394e3a859226522fd402dd,experiment_linear_erythrocytes
3046.997886770022,0.009650089935176126,erythrocytes,CAPILAR,0.8,Decision Tree Regressor,BayesSearchCV,0.8807293316409811,0.433287277007408,91.25042065456813,0.05912670066539527,078e2a857d394e3a859226522fd402dd,experiment_linear_erythrocytes
1222.656114058351,0.009015500952136135,erythrocytes,CAPILAR,0.8,Decision Tree Regressor,BayesSearchCV,0.8807293316409811,0.433287277007408,91.25042065456813,0.05912670066539527,078e2a857d394e3a859226522fd402dd,experiment_linear_erythrocytes
1224.584593733522,0.008448444789619529,erythrocytes,CAPILAR,0.8,Decision Tree Regressor,BayesSearchCV,0.8807293316409811,0.433287277007408,91.25042065456813,0.05912670066539527,078e2a857d394e3a859226522fd402dd,experiment_linear_erythrocytes
1220.72763438318,0.007966423240706863,erythrocytes,CAPILAR,0.8,Decision Tree Regressor,BayesSearchCV,0.8807293316409811,0.433287277007408,91.25042065456813,0.05912670066539527,078e2a857d394e3a859226522fd402dd,experiment_linear_erythrocytes
1226.513073408692,0.007109762024571329,erythrocytes,CAPILAR,0.8,Decision Tree Regressor,BayesSearchCV,0.8807293316409811,0.433287277007408,91.25042065456813,0.05912670066539527,078e2a857d394e3a859226522fd402dd,experiment_linear_erythrocytes
1218.799154708009,0.006591335907870223,erythrocytes,CAPILAR,0.8,Decision Tree Regressor,BayesSearchCV,0.8807293316409811,0.433287277007408,91.25042065456813,0.05912670066539527,078e2a857d394e3a859226522fd402dd,experiment_linear_erythrocytes
3045.069407094851,0.006491477672879626,erythrocytes,CAPILAR,0.8,Decision Tree Regressor,BayesSearchCV,0.8807293316409811,0.433287277007408,91.25042065456813,0.05912670066539527,078e2a857d394e3a859226522fd402dd,experiment_linear_erythrocytes
1045.235983942628,0.00591856326605629,erythrocytes,CAPILAR,0.8,Decision Tree Regressor,BayesSearchCV,0.8807293316409811,0.433287277007408,91.25042065456813,0.05912670066539527,078e2a857d394e3a859226522fd402dd,experiment_linear_erythrocytes
1228.441553083863,0.005842780069858076,erythrocytes,CAPILAR,0.8,Decision Tree Regressor,BayesSearchCV,0.8807293316409811,0.433287277007408,91.25042065456813,0.05912670066539527,078e2a857d394e3a859226522fd402dd,experiment_linear_erythrocytes
1216.870675032838,0.005738567714284197,erythrocytes,CAPILAR,0.8,Decision Tree Regressor,BayesSearchCV,0.8807293316409811,0.433287277007408,91.25042065456813,0.05912670066539527,078e2a857d394e3a859226522fd402dd,experiment_linear_erythrocytes
946.8835205089117,0.005404797813092114,erythrocytes,CAPILAR,0.8,Decision Tree Regressor,BayesSearchCV,0.8807293316409811,0.433287277007408,91.25042065456813,0.05912670066539527,078e2a857d394e3a859226522fd402dd,experiment_linear_erythrocytes
1047.164463617799,0.005212945976236273,erythrocytes,CAPILAR,0.8,Decision Tree Regressor,BayesSearchCV,0.8807293316409811,0.433287277007408,91.25042065456813,0.05912670066539527,078e2a857d394e3a859226522fd402dd,experiment_linear_erythrocytes
950.7404798592538,0.005212365067850426,erythrocytes,CAPILAR,0.8,Decision Tree Regressor,BayesSearchCV,0.8807293316409811,0.433287277007408,91.25042065456813,0.05912670066539527,078e2a857d394e3a859226522fd402dd,experiment_linear_erythrocytes
1043.307504267457,0.005079153802587726,erythrocytes,CAPILAR,0.8,Decision Tree Regressor,BayesSearchCV,0.8807293316409811,0.433287277007408,91.25042065456813,0.05912670066539527,078e2a857d394e3a859226522fd402dd,experiment_linear_erythrocytes
1355.721211645143,0.004925163333152095,erythrocytes,CAPILAR,0.8,Decision Tree Regressor,BayesSearchCV,0.8807293316409811,0.433287277007408,91.25042065456813,0.05912670066539527,078e2a857d394e3a859226522fd402dd,experiment_linear_erythrocytes
979.6676749868175,0.00483382448614889,erythrocytes,CAPILAR,0.8,Decision Tree Regressor,BayesSearchCV,0.8807293316409811,0.433287277007408,91.25042065456813,0.05912670066539527,078e2a857d394e3a859226522fd402dd,experiment_linear_erythrocytes
1357.649691320314,0.0048314699192024075,erythrocytes,CAPILAR,0.8,Decision Tree Regressor,BayesSearchCV,0.8807293316409811,0.433287277007408,91.25042065456813,0.05912670066539527,078e2a857d394e3a859226522fd402dd,experiment_linear_erythrocytes
993.1670327130137,0.00481511343452844,erythrocytes,CAPILAR,0.8,Decision Tree Regressor,BayesSearchCV,0.8807293316409811,0.433287277007408,91.25042065456813,0.05912670066539527,078e2a857d394e3a859226522fd402dd,experiment_linear_erythrocytes
958.4543985599371,0.004808282000878543,erythrocytes,CAPILAR,0.8,Decision Tree Regressor,BayesSearchCV,0.8807293316409811,0.433287277007408,91.25042065456813,0.05912670066539527,078e2a857d394e3a859226522fd402dd,experiment_linear_erythrocytes
1216.870675032838,1.0,erythrocytes,CAPILAR,0.8,Decision Tree Regressor,BayesSearchCV,0.9067934489035301,0.4315384615384614,93.57766853697447,0.002614680874479025,078e2a857d394e3a859226522fd402dd,experiment_linear_erythrocytes
929.5272034323739,0.0,erythrocytes,CAPILAR,0.8,Decision Tree Regressor,BayesSearchCV,0.9067934489035301,0.4315384615384614,93.57766853697447,0.002614680874479025,078e2a857d394e3a859226522fd402dd,experiment_linear_erythrocytes
2570.663407002809,0.0,erythrocytes,CAPILAR,0.8,Decision Tree Regressor,BayesSearchCV,0.9067934489035301,0.4315384615384614,93.57766853697447,0.002614680874479025,078e2a857d394e3a859226522fd402dd,experiment_linear_erythrocytes
2553.307089926272,0.0,erythrocytes,CAPILAR,0.8,Decision Tree Regressor,BayesSearchCV,0.9067934489035301,0.4315384615384614,93.57766853697447,0.002614680874479025,078e2a857d394e3a859226522fd402dd,experiment_linear_erythrocytes
2555.235569601442,0.0,erythrocytes,CAPILAR,0.8,Decision Tree Regressor,BayesSearchCV,0.9067934489035301,0.4315384615384614,93.57766853697447,0.002614680874479025,078e2a857d394e3a859226522fd402dd,experiment_linear_erythrocytes
2557.164049276613,0.0,erythrocytes,CAPILAR,0.8,Decision Tree Regressor,BayesSearchCV,0.9067934489035301,0.4315384615384614,93.57766853697447,0.002614680874479025,078e2a857d394e3a859226522fd402dd,experiment_linear_erythrocytes
2559.092528951784,0.0,erythrocytes,CAPILAR,0.8,Decision Tree Regressor,BayesSearchCV,0.9067934489035301,0.4315384615384614,93.57766853697447,0.002614680874479025,078e2a857d394e3a859226522fd402dd,experiment_linear_erythrocytes
2561.021008626955,0.0,erythrocytes,CAPILAR,0.8,Decision Tree Regressor,BayesSearchCV,0.9067934489035301,0.4315384615384614,93.57766853697447,0.002614680874479025,078e2a857d394e3a859226522fd402dd,experiment_linear_erythrocytes
2562.949488302126,0.0,erythrocytes,CAPILAR,0.8,Decision Tree Regressor,BayesSearchCV,0.9067934489035301,0.4315384615384614,93.57766853697447,0.002614680874479025,078e2a857d394e3a859226522fd402dd,experiment_linear_erythrocytes
2564.877967977297,0.0,erythrocytes,CAPILAR,0.8,Decision Tree Regressor,BayesSearchCV,0.9067934489035301,0.4315384615384614,93.57766853697447,0.002614680874479025,078e2a857d394e3a859226522fd402dd,experiment_linear_erythrocytes
2566.806447652468,0.0,erythrocytes,CAPILAR,0.8,Decision Tree Regressor,BayesSearchCV,0.9067934489035301,0.4315384615384614,93.57766853697447,0.002614680874479025,078e2a857d394e3a859226522fd402dd,experiment_linear_erythrocytes
2568.734927327639,0.0,erythrocytes,CAPILAR,0.8,Decision Tree Regressor,BayesSearchCV,0.9067934489035301,0.4315384615384614,93.57766853697447,0.002614680874479025,078e2a857d394e3a859226522fd402dd,experiment_linear_erythrocytes
2572.59188667798,0.0,erythrocytes,CAPILAR,0.8,Decision Tree Regressor,BayesSearchCV,0.9067934489035301,0.4315384615384614,93.57766853697447,0.002614680874479025,078e2a857d394e3a859226522fd402dd,experiment_linear_erythrocytes
2593.80516310486,0.0,erythrocytes,CAPILAR,0.8,Decision Tree Regressor,BayesSearchCV,0.9067934489035301,0.4315384615384614,93.57766853697447,0.002614680874479025,078e2a857d394e3a859226522fd402dd,experiment_linear_erythrocytes
2574.520366353152,0.0,erythrocytes,CAPILAR,0.8,Decision Tree Regressor,BayesSearchCV,0.9067934489035301,0.4315384615384614,93.57766853697447,0.002614680874479025,078e2a857d394e3a859226522fd402dd,experiment_linear_erythrocytes
2576.448846028322,0.0,erythrocytes,CAPILAR,0.8,Decision Tree Regressor,BayesSearchCV,0.9067934489035301,0.4315384615384614,93.57766853697447,0.002614680874479025,078e2a857d394e3a859226522fd402dd,experiment_linear_erythrocytes
2578.377325703493,0.0,erythrocytes,CAPILAR,0.8,Decision Tree Regressor,BayesSearchCV,0.9067934489035301,0.4315384615384614,93.57766853697447,0.002614680874479025,078e2a857d394e3a859226522fd402dd,experiment_linear_erythrocytes
2580.305805378664,0.0,erythrocytes,CAPILAR,0.8,Decision Tree Regressor,BayesSearchCV,0.9067934489035301,0.4315384615384614,93.57766853697447,0.002614680874479025,078e2a857d394e3a859226522fd402dd,experiment_linear_erythrocytes
2582.234285053835,0.0,erythrocytes,CAPILAR,0.8,Decision Tree Regressor,BayesSearchCV,0.9067934489035301,0.4315384615384614,93.57766853697447,0.002614680874479025,078e2a857d394e3a859226522fd402dd,experiment_linear_erythrocytes
2584.162764729006,0.0,erythrocytes,CAPILAR,0.8,Decision Tree Regressor,BayesSearchCV,0.9067934489035301,0.4315384615384614,93.57766853697447,0.002614680874479025,078e2a857d394e3a859226522fd402dd,experiment_linear_erythrocytes
3041.212447744509,0.004976634125161106,erythrocytes,PLASMA,0.8,Decision Tree Regressor,BayesSearchCV,0.904210718698647,0.43273809523809537,90.26723490617822,-0.04378189850708436,078e2a857d394e3a859226522fd402dd,experiment_linear_erythrocytes
1644.993162920778,0.0044128140832344,erythrocytes,PLASMA,0.8,Decision Tree Regressor,BayesSearchCV,0.904210718698647,0.43273809523809537,90.26723490617822,-0.04378189850708436,078e2a857d394e3a859226522fd402dd,experiment_linear_erythrocytes
3039.283968069338,0.004352423733228173,erythrocytes,PLASMA,0.8,Decision Tree Regressor,BayesSearchCV,0.904210718698647,0.43273809523809537,90.26723490617822,-0.04378189850708436,078e2a857d394e3a859226522fd402dd,experiment_linear_erythrocytes
2717.227862315798,0.004302354153382789,erythrocytes,PLASMA,0.8,Decision Tree Regressor,BayesSearchCV,0.904210718698647,0.43273809523809537,90.26723490617822,-0.04378189850708436,078e2a857d394e3a859226522fd402dd,experiment_linear_erythrocytes
1643.064683245607,0.004122972539987003,erythrocytes,PLASMA,0.8,Decision Tree Regressor,BayesSearchCV,0.904210718698647,0.43273809523809537,90.26723490617822,-0.04378189850708436,078e2a857d394e3a859226522fd402dd,experiment_linear_erythrocytes
1641.136203570436,0.003918881365965443,erythrocytes,PLASMA,0.8,Decision Tree Regressor,BayesSearchCV,0.904210718698647,0.43273809523809537,90.26723490617822,-0.04378189850708436,078e2a857d394e3a859226522fd402dd,experiment_linear_erythrocytes
1639.207723895265,0.0037933649690965283,erythrocytes,PLASMA,0.8,Decision Tree Regressor,BayesSearchCV,0.904210718698647,0.43273809523809537,90.26723490617822,-0.04378189850708436,078e2a857d394e3a859226522fd402dd,experiment_linear_erythrocytes
3043.14092741968,0.0037756823647515864,erythrocytes,PLASMA,0.8,Decision Tree Regressor,BayesSearchCV,0.904210718698647,0.43273809523809537,90.26723490617822,-0.04378189850708436,078e2a857d394e3a859226522fd402dd,experiment_linear_erythrocytes
1176.372601854249,0.003708446605223494,erythrocytes,PLASMA,0.8,Decision Tree Regressor,BayesSearchCV,0.904210718698647,0.43273809523809537,90.26723490617822,-0.04378189850708436,078e2a857d394e3a859226522fd402dd,experiment_linear_erythrocytes
1718.275390577272,0.003698068870429624,erythrocytes,PLASMA,0.8,Decision Tree Regressor,BayesSearchCV,0.904210718698647,0.43273809523809537,90.26723490617822,-0.04378189850708436,078e2a857d394e3a859226522fd402dd,experiment_linear_erythrocytes
1174.444122179078,0.00367418189692892,erythrocytes,PLASMA,0.8,Decision Tree Regressor,BayesSearchCV,0.904210718698647,0.43273809523809537,90.26723490617822,-0.04378189850708436,078e2a857d394e3a859226522fd402dd,experiment_linear_erythrocytes
1172.515642503907,0.0036338283094115038,erythrocytes,PLASMA,0.8,Decision Tree Regressor,BayesSearchCV,0.904210718698647,0.43273809523809537,90.26723490617822,-0.04378189850708436,078e2a857d394e3a859226522fd402dd,experiment_linear_erythrocytes
1178.30108152942,0.003580709007509986,erythrocytes,PLASMA,0.8,Decision Tree Regressor,BayesSearchCV,0.904210718698647,0.43273809523809537,90.26723490617822,-0.04378189850708436,078e2a857d394e3a859226522fd402dd,experiment_linear_erythrocytes
1170.587162828736,0.0034899841548476844,erythrocytes,PLASMA,0.8,Decision Tree Regressor,BayesSearchCV,0.904210718698647,0.43273809523809537,90.26723490617822,-0.04378189850708436,078e2a857d394e3a859226522fd402dd,experiment_linear_erythrocytes
1637.279244220094,0.003488644937236151,erythrocytes,PLASMA,0.8,Decision Tree Regressor,BayesSearchCV,0.904210718698647,0.43273809523809537,90.26723490617822,-0.04378189850708436,078e2a857d394e3a859226522fd402dd,experiment_linear_erythrocytes
1209.156756332154,0.0034500741519934474,erythrocytes,PLASMA,0.8,Decision Tree Regressor,BayesSearchCV,0.904210718698647,0.43273809523809537,90.26723490617822,-0.04378189850708436,078e2a857d394e3a859226522fd402dd,experiment_linear_erythrocytes
1646.921642595948,0.003445371960267421,erythrocytes,PLASMA,0.8,Decision Tree Regressor,BayesSearchCV,0.904210718698647,0.43273809523809537,90.26723490617822,-0.04378189850708436,078e2a857d394e3a859226522fd402dd,experiment_linear_erythrocytes
1211.085236007325,0.0034133254050961897,erythrocytes,PLASMA,0.8,Decision Tree Regressor,BayesSearchCV,0.904210718698647,0.43273809523809537,90.26723490617822,-0.04378189850708436,078e2a857d394e3a859226522fd402dd,experiment_linear_erythrocytes
1635.350764544923,0.003397492805135797,erythrocytes,PLASMA,0.8,Decision Tree Regressor,BayesSearchCV,0.904210718698647,0.43273809523809537,90.26723490617822,-0.04378189850708436,078e2a857d394e3a859226522fd402dd,experiment_linear_erythrocytes
1552.426138512574,0.003375327282521222,erythrocytes,PLASMA,0.8,Decision Tree Regressor,BayesSearchCV,0.904210718698647,0.43273809523809537,90.26723490617822,-0.04378189850708436,078e2a857d394e3a859226522fd402dd,experiment_linear_erythrocytes
1521.57046370984,1.0,erythrocytes,PLASMA,0.8,Decision Tree Regressor,BayesSearchCV,0.8855627750596954,0.435,87.81048303916096,-0.0011730812695853743,078e2a857d394e3a859226522fd402dd,experiment_linear_erythrocytes
929.5272034323739,0.0,erythrocytes,PLASMA,0.8,Decision Tree Regressor,BayesSearchCV,0.8855627750596954,0.435,87.81048303916096,-0.0011730812695853743,078e2a857d394e3a859226522fd402dd,experiment_linear_erythrocytes
2547.521650900759,0.0,erythrocytes,PLASMA,0.8,Decision Tree Regressor,BayesSearchCV,0.8855627750596954,0.435,87.81048303916096,-0.0011730812695853743,078e2a857d394e3a859226522fd402dd,experiment_linear_erythrocytes
2551.378610251101,0.0,erythrocytes,PLASMA,0.8,Decision Tree Regressor,BayesSearchCV,0.8855627750596954,0.435,87.81048303916096,-0.0011730812695853743,078e2a857d394e3a859226522fd402dd,experiment_linear_erythrocytes
2553.307089926272,0.0,erythrocytes,PLASMA,0.8,Decision Tree Regressor,BayesSearchCV,0.8855627750596954,0.435,87.81048303916096,-0.0011730812695853743,078e2a857d394e3a859226522fd402dd,experiment_linear_erythrocytes
2555.235569601442,0.0,erythrocytes,PLASMA,0.8,Decision Tree Regressor,BayesSearchCV,0.8855627750596954,0.435,87.81048303916096,-0.0011730812695853743,078e2a857d394e3a859226522fd402dd,experiment_linear_erythrocytes
2557.164049276613,0.0,erythrocytes,PLASMA,0.8,Decision Tree Regressor,BayesSearchCV,0.8855627750596954,0.435,87.81048303916096,-0.0011730812695853743,078e2a857d394e3a859226522fd402dd,experiment_linear_erythrocytes
2559.092528951784,0.0,erythrocytes,PLASMA,0.8,Decision Tree Regressor,BayesSearchCV,0.8855627750596954,0.435,87.81048303916096,-0.0011730812695853743,078e2a857d394e3a859226522fd402dd,experiment_linear_erythrocytes
2561.021008626955,0.0,erythrocytes,PLASMA,0.8,Decision Tree Regressor,BayesSearchCV,0.8855627750596954,0.435,87.81048303916096,-0.0011730812695853743,078e2a857d394e3a859226522fd402dd,experiment_linear_erythrocytes
2562.949488302126,0.0,erythrocytes,PLASMA,0.8,Decision Tree Regressor,BayesSearchCV,0.8855627750596954,0.435,87.81048303916096,-0.0011730812695853743,078e2a857d394e3a859226522fd402dd,experiment_linear_erythrocytes
2564.877967977297,0.0,erythrocytes,PLASMA,0.8,Decision Tree Regressor,BayesSearchCV,0.8855627750596954,0.435,87.81048303916096,-0.0011730812695853743,078e2a857d394e3a859226522fd402dd,experiment_linear_erythrocytes
2566.806447652468,0.0,erythrocytes,PLASMA,0.8,Decision Tree Regressor,BayesSearchCV,0.8855627750596954,0.435,87.81048303916096,-0.0011730812695853743,078e2a857d394e3a859226522fd402dd,experiment_linear_erythrocytes
2568.734927327639,0.0,erythrocytes,PLASMA,0.8,Decision Tree Regressor,BayesSearchCV,0.8855627750596954,0.435,87.81048303916096,-0.0011730812695853743,078e2a857d394e3a859226522fd402dd,experiment_linear_erythrocytes
2570.663407002809,0.0,erythrocytes,PLASMA,0.8,Decision Tree Regressor,BayesSearchCV,0.8855627750596954,0.435,87.81048303916096,-0.0011730812695853743,078e2a857d394e3a859226522fd402dd,experiment_linear_erythrocytes
2572.59188667798,0.0,erythrocytes,PLASMA,0.8,Decision Tree Regressor,BayesSearchCV,0.8855627750596954,0.435,87.81048303916096,-0.0011730812695853743,078e2a857d394e3a859226522fd402dd,experiment_linear_erythrocytes
2574.520366353152,0.0,erythrocytes,PLASMA,0.8,Decision Tree Regressor,BayesSearchCV,0.8855627750596954,0.435,87.81048303916096,-0.0011730812695853743,078e2a857d394e3a859226522fd402dd,experiment_linear_erythrocytes
2576.448846028322,0.0,erythrocytes,PLASMA,0.8,Decision Tree Regressor,BayesSearchCV,0.8855627750596954,0.435,87.81048303916096,-0.0011730812695853743,078e2a857d394e3a859226522fd402dd,experiment_linear_erythrocytes
2578.377325703493,0.0,erythrocytes,PLASMA,0.8,Decision Tree Regressor,BayesSearchCV,0.8855627750596954,0.435,87.81048303916096,-0.0011730812695853743,078e2a857d394e3a859226522fd402dd,experiment_linear_erythrocytes
2580.305805378664,0.0,erythrocytes,PLASMA,0.8,Decision Tree Regressor,BayesSearchCV,0.8855627750596954,0.435,87.81048303916096,-0.0011730812695853743,078e2a857d394e3a859226522fd402dd,experiment_linear_erythrocytes
2582.234285053835,0.0,erythrocytes,PLASMA,0.8,Decision Tree Regressor,BayesSearchCV,0.8855627750596954,0.435,87.81048303916096,-0.0011730812695853743,078e2a857d394e3a859226522fd402dd,experiment_linear_erythrocytes
2717.227862315798,0.00440877432136504,erythrocytes,PLASMA,0.8,Decision Tree Regressor,BayesSearchCV,0.9191763264181793,0.46607142857142864,90.95244736747554,-0.07861913375232543,078e2a857d394e3a859226522fd402dd,experiment_linear_erythrocytes
3041.212447744509,0.004277219060880212,erythrocytes,PLASMA,0.8,Decision Tree Regressor,BayesSearchCV,0.9191763264181793,0.46607142857142864,90.95244736747554,-0.07861913375232543,078e2a857d394e3a859226522fd402dd,experiment_linear_erythrocytes
3043.14092741968,0.004040224089027936,erythrocytes,PLASMA,0.8,Decision Tree Regressor,BayesSearchCV,0.9191763264181793,0.46607142857142864,90.95244736747554,-0.07861913375232543,078e2a857d394e3a859226522fd402dd,experiment_linear_erythrocytes
1629.56532551941,0.004005835478860087,erythrocytes,PLASMA,0.8,Decision Tree Regressor,BayesSearchCV,0.9191763264181793,0.46607142857142864,90.95244736747554,-0.07861913375232543,078e2a857d394e3a859226522fd402dd,experiment_linear_erythrocytes
1631.493805194581,0.0039996617731820365,erythrocytes,PLASMA,0.8,Decision Tree Regressor,BayesSearchCV,0.9191763264181793,0.46607142857142864,90.95244736747554,-0.07861913375232543,078e2a857d394e3a859226522fd402dd,experiment_linear_erythrocytes
1550.497658837404,0.00399921819844046,erythrocytes,PLASMA,0.8,Decision Tree Regressor,BayesSearchCV,0.9191763264181793,0.46607142857142864,90.95244736747554,-0.07861913375232543,078e2a857d394e3a859226522fd402dd,experiment_linear_erythrocytes
1548.569179162233,0.0039789836663252625,erythrocytes,PLASMA,0.8,Decision Tree Regressor,BayesSearchCV,0.9191763264181793,0.46607142857142864,90.95244736747554,-0.07861913375232543,078e2a857d394e3a859226522fd402dd,experiment_linear_erythrocytes
1627.63684584424,0.003938498256754827,erythrocytes,PLASMA,0.8,Decision Tree Regressor,BayesSearchCV,0.9191763264181793,0.46607142857142864,90.95244736747554,-0.07861913375232543,078e2a857d394e3a859226522fd402dd,experiment_linear_erythrocytes
1633.422284869752,0.003921656479865396,erythrocytes,PLASMA,0.8,Decision Tree Regressor,BayesSearchCV,0.9191763264181793,0.46607142857142864,90.95244736747554,-0.07861913375232543,078e2a857d394e3a859226522fd402dd,experiment_linear_erythrocytes
1641.136203570436,0.003914332219557536,erythrocytes,PLASMA,0.8,Decision Tree Regressor,BayesSearchCV,0.9191763264181793,0.46607142857142864,90.95244736747554,-0.07861913375232543,078e2a857d394e3a859226522fd402dd,experiment_linear_erythrocytes
1643.064683245607,0.003906540607420186,erythrocytes,PLASMA,0.8,Decision Tree Regressor,BayesSearchCV,0.9191763264181793,0.46607142857142864,90.95244736747554,-0.07861913375232543,078e2a857d394e3a859226522fd402dd,experiment_linear_erythrocytes
1546.640699487062,0.0038800730761705017,erythrocytes,PLASMA,0.8,Decision Tree Regressor,BayesSearchCV,0.9191763264181793,0.46607142857142864,90.95244736747554,-0.07861913375232543,078e2a857d394e3a859226522fd402dd,experiment_linear_erythrocytes
1552.426138512574,0.0038776828810556272,erythrocytes,PLASMA,0.8,Decision Tree Regressor,BayesSearchCV,0.9191763264181793,0.46607142857142864,90.95244736747554,-0.07861913375232543,078e2a857d394e3a859226522fd402dd,experiment_linear_erythrocytes
1635.350764544923,0.0038637253720501144,erythrocytes,PLASMA,0.8,Decision Tree Regressor,BayesSearchCV,0.9191763264181793,0.46607142857142864,90.95244736747554,-0.07861913375232543,078e2a857d394e3a859226522fd402dd,experiment_linear_erythrocytes
1639.207723895265,0.0038531619576174297,erythrocytes,PLASMA,0.8,Decision Tree Regressor,BayesSearchCV,0.9191763264181793,0.46607142857142864,90.95244736747554,-0.07861913375232543,078e2a857d394e3a859226522fd402dd,experiment_linear_erythrocytes
1625.708366169069,0.003851627695924431,erythrocytes,PLASMA,0.8,Decision Tree Regressor,BayesSearchCV,0.9191763264181793,0.46607142857142864,90.95244736747554,-0.07861913375232543,078e2a857d394e3a859226522fd402dd,experiment_linear_erythrocytes
1637.279244220094,0.0038450885545763857,erythrocytes,PLASMA,0.8,Decision Tree Regressor,BayesSearchCV,0.9191763264181793,0.46607142857142864,90.95244736747554,-0.07861913375232543,078e2a857d394e3a859226522fd402dd,experiment_linear_erythrocytes
3039.283968069338,0.00379509633369291,erythrocytes,PLASMA,0.8,Decision Tree Regressor,BayesSearchCV,0.9191763264181793,0.46607142857142864,90.95244736747554,-0.07861913375232543,078e2a857d394e3a859226522fd402dd,experiment_linear_erythrocytes
1544.712219811891,0.0037761075448604106,erythrocytes,PLASMA,0.8,Decision Tree Regressor,BayesSearchCV,0.9191763264181793,0.46607142857142864,90.95244736747554,-0.07861913375232543,078e2a857d394e3a859226522fd402dd,experiment_linear_erythrocytes
2715.299382640627,0.003746950638185051,erythrocytes,PLASMA,0.8,Decision Tree Regressor,BayesSearchCV,0.9191763264181793,0.46607142857142864,90.95244736747554,-0.07861913375232543,078e2a857d394e3a859226522fd402dd,experiment_linear_erythrocytes
2753.868976144045,1.0,erythrocytes,PLASMA,0.8,Decision Tree Regressor,BayesSearchCV,0.8966724878359489,0.47149122807017546,87.94493597258474,-0.026450825922258447,078e2a857d394e3a859226522fd402dd,experiment_linear_erythrocytes
2591.876683429689,0.0,erythrocytes,PLASMA,0.8,Decision Tree Regressor,BayesSearchCV,0.8966724878359489,0.47149122807017546,87.94493597258474,-0.026450825922258447,078e2a857d394e3a859226522fd402dd,experiment_linear_erythrocytes
2551.378610251101,0.0,erythrocytes,PLASMA,0.8,Decision Tree Regressor,BayesSearchCV,0.8966724878359489,0.47149122807017546,87.94493597258474,-0.026450825922258447,078e2a857d394e3a859226522fd402dd,experiment_linear_erythrocytes
2553.307089926272,0.0,erythrocytes,PLASMA,0.8,Decision Tree Regressor,BayesSearchCV,0.8966724878359489,0.47149122807017546,87.94493597258474,-0.026450825922258447,078e2a857d394e3a859226522fd402dd,experiment_linear_erythrocytes
2555.235569601442,0.0,erythrocytes,PLASMA,0.8,Decision Tree Regressor,BayesSearchCV,0.8966724878359489,0.47149122807017546,87.94493597258474,-0.026450825922258447,078e2a857d394e3a859226522fd402dd,experiment_linear_erythrocytes
2557.164049276613,0.0,erythrocytes,PLASMA,0.8,Decision Tree Regressor,BayesSearchCV,0.8966724878359489,0.47149122807017546,87.94493597258474,-0.026450825922258447,078e2a857d394e3a859226522fd402dd,experiment_linear_erythrocytes
2559.092528951784,0.0,erythrocytes,PLASMA,0.8,Decision Tree Regressor,BayesSearchCV,0.8966724878359489,0.47149122807017546,87.94493597258474,-0.026450825922258447,078e2a857d394e3a859226522fd402dd,experiment_linear_erythrocytes
2561.021008626955,0.0,erythrocytes,PLASMA,0.8,Decision Tree Regressor,BayesSearchCV,0.8966724878359489,0.47149122807017546,87.94493597258474,-0.026450825922258447,078e2a857d394e3a859226522fd402dd,experiment_linear_erythrocytes
2562.949488302126,0.0,erythrocytes,PLASMA,0.8,Decision Tree Regressor,BayesSearchCV,0.8966724878359489,0.47149122807017546,87.94493597258474,-0.026450825922258447,078e2a857d394e3a859226522fd402dd,experiment_linear_erythrocytes
2564.877967977297,0.0,erythrocytes,PLASMA,0.8,Decision Tree Regressor,BayesSearchCV,0.8966724878359489,0.47149122807017546,87.94493597258474,-0.026450825922258447,078e2a857d394e3a859226522fd402dd,experiment_linear_erythrocytes
2566.806447652468,0.0,erythrocytes,PLASMA,0.8,Decision Tree Regressor,BayesSearchCV,0.8966724878359489,0.47149122807017546,87.94493597258474,-0.026450825922258447,078e2a857d394e3a859226522fd402dd,experiment_linear_erythrocytes
2568.734927327639,0.0,erythrocytes,PLASMA,0.8,Decision Tree Regressor,BayesSearchCV,0.8966724878359489,0.47149122807017546,87.94493597258474,-0.026450825922258447,078e2a857d394e3a859226522fd402dd,experiment_linear_erythrocytes
929.5272034323739,0.0,erythrocytes,PLASMA,0.8,Decision Tree Regressor,BayesSearchCV,0.8966724878359489,0.47149122807017546,87.94493597258474,-0.026450825922258447,078e2a857d394e3a859226522fd402dd,experiment_linear_erythrocytes
2570.663407002809,0.0,erythrocytes,PLASMA,0.8,Decision Tree Regressor,BayesSearchCV,0.8966724878359489,0.47149122807017546,87.94493597258474,-0.026450825922258447,078e2a857d394e3a859226522fd402dd,experiment_linear_erythrocytes
2572.59188667798,0.0,erythrocytes,PLASMA,0.8,Decision Tree Regressor,BayesSearchCV,0.8966724878359489,0.47149122807017546,87.94493597258474,-0.026450825922258447,078e2a857d394e3a859226522fd402dd,experiment_linear_erythrocytes
2574.520366353152,0.0,erythrocytes,PLASMA,0.8,Decision Tree Regressor,BayesSearchCV,0.8966724878359489,0.47149122807017546,87.94493597258474,-0.026450825922258447,078e2a857d394e3a859226522fd402dd,experiment_linear_erythrocytes
2576.448846028322,0.0,erythrocytes,PLASMA,0.8,Decision Tree Regressor,BayesSearchCV,0.8966724878359489,0.47149122807017546,87.94493597258474,-0.026450825922258447,078e2a857d394e3a859226522fd402dd,experiment_linear_erythrocytes
2578.377325703493,0.0,erythrocytes,PLASMA,0.8,Decision Tree Regressor,BayesSearchCV,0.8966724878359489,0.47149122807017546,87.94493597258474,-0.026450825922258447,078e2a857d394e3a859226522fd402dd,experiment_linear_erythrocytes
2580.305805378664,0.0,erythrocytes,PLASMA,0.8,Decision Tree Regressor,BayesSearchCV,0.8966724878359489,0.47149122807017546,87.94493597258474,-0.026450825922258447,078e2a857d394e3a859226522fd402dd,experiment_linear_erythrocytes
2582.234285053835,0.0,erythrocytes,PLASMA,0.8,Decision Tree Regressor,BayesSearchCV,0.8966724878359489,0.47149122807017546,87.94493597258474,-0.026450825922258447,078e2a857d394e3a859226522fd402dd,experiment_linear_erythrocytes
1581.353333640138,0.0054873962440304454,erythrocytes,SALIVA,0.8,Decision Tree Regressor,BayesSearchCV,0.9166572892749644,0.443235102138813,91.34517973907916,-0.08243102636888255,078e2a857d394e3a859226522fd402dd,experiment_linear_erythrocytes
1583.281813315309,0.005453407766381821,erythrocytes,SALIVA,0.8,Decision Tree Regressor,BayesSearchCV,0.9166572892749644,0.443235102138813,91.34517973907916,-0.08243102636888255,078e2a857d394e3a859226522fd402dd,experiment_linear_erythrocytes
1579.424853964967,0.005419754066770835,erythrocytes,SALIVA,0.8,Decision Tree Regressor,BayesSearchCV,0.9166572892749644,0.443235102138813,91.34517973907916,-0.08243102636888255,078e2a857d394e3a859226522fd402dd,experiment_linear_erythrocytes
1585.21029299048,0.005286326325117083,erythrocytes,SALIVA,0.8,Decision Tree Regressor,BayesSearchCV,0.9166572892749644,0.443235102138813,91.34517973907916,-0.08243102636888255,078e2a857d394e3a859226522fd402dd,experiment_linear_erythrocytes
1577.496374289796,0.005264731005809404,erythrocytes,SALIVA,0.8,Decision Tree Regressor,BayesSearchCV,0.9166572892749644,0.443235102138813,91.34517973907916,-0.08243102636888255,078e2a857d394e3a859226522fd402dd,experiment_linear_erythrocytes
1126.232130299806,0.005052081094686665,erythrocytes,SALIVA,0.8,Decision Tree Regressor,BayesSearchCV,0.9166572892749644,0.443235102138813,91.34517973907916,-0.08243102636888255,078e2a857d394e3a859226522fd402dd,experiment_linear_erythrocytes
1128.160609974977,0.005022445237002811,erythrocytes,SALIVA,0.8,Decision Tree Regressor,BayesSearchCV,0.9166572892749644,0.443235102138813,91.34517973907916,-0.08243102636888255,078e2a857d394e3a859226522fd402dd,experiment_linear_erythrocytes
1575.567894614625,0.00502222098489852,erythrocytes,SALIVA,0.8,Decision Tree Regressor,BayesSearchCV,0.9166572892749644,0.443235102138813,91.34517973907916,-0.08243102636888255,078e2a857d394e3a859226522fd402dd,experiment_linear_erythrocytes
1587.138772665651,0.004994841114604281,erythrocytes,SALIVA,0.8,Decision Tree Regressor,BayesSearchCV,0.9166572892749644,0.443235102138813,91.34517973907916,-0.08243102636888255,078e2a857d394e3a859226522fd402dd,experiment_linear_erythrocytes
1124.303650624635,0.004901825444945059,erythrocytes,SALIVA,0.8,Decision Tree Regressor,BayesSearchCV,0.9166572892749644,0.443235102138813,91.34517973907916,-0.08243102636888255,078e2a857d394e3a859226522fd402dd,experiment_linear_erythrocytes
1130.089089650148,0.004781913652841664,erythrocytes,SALIVA,0.8,Decision Tree Regressor,BayesSearchCV,0.9166572892749644,0.443235102138813,91.34517973907916,-0.08243102636888255,078e2a857d394e3a859226522fd402dd,experiment_linear_erythrocytes
1573.639414939454,0.004720659972724703,erythrocytes,SALIVA,0.8,Decision Tree Regressor,BayesSearchCV,0.9166572892749644,0.443235102138813,91.34517973907916,-0.08243102636888255,078e2a857d394e3a859226522fd402dd,experiment_linear_erythrocytes
1122.375170949464,0.00459400767882468,erythrocytes,SALIVA,0.8,Decision Tree Regressor,BayesSearchCV,0.9166572892749644,0.443235102138813,91.34517973907916,-0.08243102636888255,078e2a857d394e3a859226522fd402dd,experiment_linear_erythrocytes
1589.067252340822,0.004554102736815695,erythrocytes,SALIVA,0.8,Decision Tree Regressor,BayesSearchCV,0.9166572892749644,0.443235102138813,91.34517973907916,-0.08243102636888255,078e2a857d394e3a859226522fd402dd,experiment_linear_erythrocytes
1132.017569325318,0.004387810487104055,erythrocytes,SALIVA,0.8,Decision Tree Regressor,BayesSearchCV,0.9166572892749644,0.443235102138813,91.34517973907916,-0.08243102636888255,078e2a857d394e3a859226522fd402dd,experiment_linear_erythrocytes
1571.710935264284,0.004369360252776745,erythrocytes,SALIVA,0.8,Decision Tree Regressor,BayesSearchCV,0.9166572892749644,0.443235102138813,91.34517973907916,-0.08243102636888255,078e2a857d394e3a859226522fd402dd,experiment_linear_erythrocytes
1120.446691274293,0.004153123761342763,erythrocytes,SALIVA,0.8,Decision Tree Regressor,BayesSearchCV,0.9166572892749644,0.443235102138813,91.34517973907916,-0.08243102636888255,078e2a857d394e3a859226522fd402dd,experiment_linear_erythrocytes
1569.782455589112,0.00397770829614065,erythrocytes,SALIVA,0.8,Decision Tree Regressor,BayesSearchCV,0.9166572892749644,0.443235102138813,91.34517973907916,-0.08243102636888255,078e2a857d394e3a859226522fd402dd,experiment_linear_erythrocytes
1590.995732015992,0.00396414978933189,erythrocytes,SALIVA,0.8,Decision Tree Regressor,BayesSearchCV,0.9166572892749644,0.443235102138813,91.34517973907916,-0.08243102636888255,078e2a857d394e3a859226522fd402dd,experiment_linear_erythrocytes
1133.946049000489,0.003912608298715304,erythrocytes,SALIVA,0.8,Decision Tree Regressor,BayesSearchCV,0.9166572892749644,0.443235102138813,91.34517973907916,-0.08243102636888255,078e2a857d394e3a859226522fd402dd,experiment_linear_erythrocytes
1529.284382410524,0.4642126789366078,erythrocytes,SALIVA,0.8,Decision Tree Regressor,BayesSearchCV,0.8893858233956413,0.4026190476190477,91.88311387031146,-0.018982310717845285,078e2a857d394e3a859226522fd402dd,experiment_linear_erythrocytes
2925.503667234255,0.40490797546011936,erythrocytes,SALIVA,0.8,Decision Tree Regressor,BayesSearchCV,0.8893858233956413,0.4026190476190477,91.88311387031146,-0.018982310717845285,078e2a857d394e3a859226522fd402dd,experiment_linear_erythrocytes
2977.572618463869,0.13087934560327286,erythrocytes,SALIVA,0.8,Decision Tree Regressor,BayesSearchCV,0.8893858233956413,0.4026190476190477,91.88311387031146,-0.018982310717845285,078e2a857d394e3a859226522fd402dd,experiment_linear_erythrocytes
2566.806447652468,0.0,erythrocytes,SALIVA,0.8,Decision Tree Regressor,BayesSearchCV,0.8893858233956413,0.4026190476190477,91.88311387031146,-0.018982310717845285,078e2a857d394e3a859226522fd402dd,experiment_linear_erythrocytes
2551.378610251101,0.0,erythrocytes,SALIVA,0.8,Decision Tree Regressor,BayesSearchCV,0.8893858233956413,0.4026190476190477,91.88311387031146,-0.018982310717845285,078e2a857d394e3a859226522fd402dd,experiment_linear_erythrocytes
2553.307089926272,0.0,erythrocytes,SALIVA,0.8,Decision Tree Regressor,BayesSearchCV,0.8893858233956413,0.4026190476190477,91.88311387031146,-0.018982310717845285,078e2a857d394e3a859226522fd402dd,experiment_linear_erythrocytes
2555.235569601442,0.0,erythrocytes,SALIVA,0.8,Decision Tree Regressor,BayesSearchCV,0.8893858233956413,0.4026190476190477,91.88311387031146,-0.018982310717845285,078e2a857d394e3a859226522fd402dd,experiment_linear_erythrocytes
2557.164049276613,0.0,erythrocytes,SALIVA,0.8,Decision Tree Regressor,BayesSearchCV,0.8893858233956413,0.4026190476190477,91.88311387031146,-0.018982310717845285,078e2a857d394e3a859226522fd402dd,experiment_linear_erythrocytes
2559.092528951784,0.0,erythrocytes,SALIVA,0.8,Decision Tree Regressor,BayesSearchCV,0.8893858233956413,0.4026190476190477,91.88311387031146,-0.018982310717845285,078e2a857d394e3a859226522fd402dd,experiment_linear_erythrocytes
2561.021008626955,0.0,erythrocytes,SALIVA,0.8,Decision Tree Regressor,BayesSearchCV,0.8893858233956413,0.4026190476190477,91.88311387031146,-0.018982310717845285,078e2a857d394e3a859226522fd402dd,experiment_linear_erythrocytes
2562.949488302126,0.0,erythrocytes,SALIVA,0.8,Decision Tree Regressor,BayesSearchCV,0.8893858233956413,0.4026190476190477,91.88311387031146,-0.018982310717845285,078e2a857d394e3a859226522fd402dd,experiment_linear_erythrocytes
2564.877967977297,0.0,erythrocytes,SALIVA,0.8,Decision Tree Regressor,BayesSearchCV,0.8893858233956413,0.4026190476190477,91.88311387031146,-0.018982310717845285,078e2a857d394e3a859226522fd402dd,experiment_linear_erythrocytes
2568.734927327639,0.0,erythrocytes,SALIVA,0.8,Decision Tree Regressor,BayesSearchCV,0.8893858233956413,0.4026190476190477,91.88311387031146,-0.018982310717845285,078e2a857d394e3a859226522fd402dd,experiment_linear_erythrocytes
2547.521650900759,0.0,erythrocytes,SALIVA,0.8,Decision Tree Regressor,BayesSearchCV,0.8893858233956413,0.4026190476190477,91.88311387031146,-0.018982310717845285,078e2a857d394e3a859226522fd402dd,experiment_linear_erythrocytes
2570.663407002809,0.0,erythrocytes,SALIVA,0.8,Decision Tree Regressor,BayesSearchCV,0.8893858233956413,0.4026190476190477,91.88311387031146,-0.018982310717845285,078e2a857d394e3a859226522fd402dd,experiment_linear_erythrocytes
2572.59188667798,0.0,erythrocytes,SALIVA,0.8,Decision Tree Regressor,BayesSearchCV,0.8893858233956413,0.4026190476190477,91.88311387031146,-0.018982310717845285,078e2a857d394e3a859226522fd402dd,experiment_linear_erythrocytes
2574.520366353152,0.0,erythrocytes,SALIVA,0.8,Decision Tree Regressor,BayesSearchCV,0.8893858233956413,0.4026190476190477,91.88311387031146,-0.018982310717845285,078e2a857d394e3a859226522fd402dd,experiment_linear_erythrocytes
2576.448846028322,0.0,erythrocytes,SALIVA,0.8,Decision Tree Regressor,BayesSearchCV,0.8893858233956413,0.4026190476190477,91.88311387031146,-0.018982310717845285,078e2a857d394e3a859226522fd402dd,experiment_linear_erythrocytes
2578.377325703493,0.0,erythrocytes,SALIVA,0.8,Decision Tree Regressor,BayesSearchCV,0.8893858233956413,0.4026190476190477,91.88311387031146,-0.018982310717845285,078e2a857d394e3a859226522fd402dd,experiment_linear_erythrocytes
2580.305805378664,0.0,erythrocytes,SALIVA,0.8,Decision Tree Regressor,BayesSearchCV,0.8893858233956413,0.4026190476190477,91.88311387031146,-0.018982310717845285,078e2a857d394e3a859226522fd402dd,experiment_linear_erythrocytes
1581.353333640138,0.005355282305232483,erythrocytes,SALIVA,0.8,Decision Tree Regressor,BayesSearchCV,0.9134405319294231,0.4394255783292889,91.25519855952827,-0.07484736652623103,078e2a857d394e3a859226522fd402dd,experiment_linear_erythrocytes
1583.281813315309,0.005339999157495955,erythrocytes,SALIVA,0.8,Decision Tree Regressor,BayesSearchCV,0.9134405319294231,0.4394255783292889,91.25519855952827,-0.07484736652623103,078e2a857d394e3a859226522fd402dd,experiment_linear_erythrocytes
1579.424853964967,0.005272129254877288,erythrocytes,SALIVA,0.8,Decision Tree Regressor,BayesSearchCV,0.9134405319294231,0.4394255783292889,91.25519855952827,-0.07484736652623103,078e2a857d394e3a859226522fd402dd,experiment_linear_erythrocytes
1585.21029299048,0.005196508513216793,erythrocytes,SALIVA,0.8,Decision Tree Regressor,BayesSearchCV,0.9134405319294231,0.4394255783292889,91.25519855952827,-0.07484736652623103,078e2a857d394e3a859226522fd402dd,experiment_linear_erythrocytes
1577.496374289796,0.005105564334401516,erythrocytes,SALIVA,0.8,Decision Tree Regressor,BayesSearchCV,0.9134405319294231,0.4394255783292889,91.25519855952827,-0.07484736652623103,078e2a857d394e3a859226522fd402dd,experiment_linear_erythrocytes
1126.232130299806,0.005017467303314612,erythrocytes,SALIVA,0.8,Decision Tree Regressor,BayesSearchCV,0.9134405319294231,0.4394255783292889,91.25519855952827,-0.07484736652623103,078e2a857d394e3a859226522fd402dd,experiment_linear_erythrocytes
1128.160609974977,0.004987268596620482,erythrocytes,SALIVA,0.8,Decision Tree Regressor,BayesSearchCV,0.9134405319294231,0.4394255783292889,91.25519855952827,-0.07484736652623103,078e2a857d394e3a859226522fd402dd,experiment_linear_erythrocytes
1587.138772665651,0.004933884567758742,erythrocytes,SALIVA,0.8,Decision Tree Regressor,BayesSearchCV,0.9134405319294231,0.4394255783292889,91.25519855952827,-0.07484736652623103,078e2a857d394e3a859226522fd402dd,experiment_linear_erythrocytes
1124.303650624635,0.004865702131019739,erythrocytes,SALIVA,0.8,Decision Tree Regressor,BayesSearchCV,0.9134405319294231,0.4394255783292889,91.25519855952827,-0.07484736652623103,078e2a857d394e3a859226522fd402dd,experiment_linear_erythrocytes
1575.567894614625,0.004854943095681251,erythrocytes,SALIVA,0.8,Decision Tree Regressor,BayesSearchCV,0.9134405319294231,0.4394255783292889,91.25519855952827,-0.07484736652623103,078e2a857d394e3a859226522fd402dd,experiment_linear_erythrocytes
1130.089089650148,0.004742175280109161,erythrocytes,SALIVA,0.8,Decision Tree Regressor,BayesSearchCV,0.9134405319294231,0.4394255783292889,91.25519855952827,-0.07484736652623103,078e2a857d394e3a859226522fd402dd,experiment_linear_erythrocytes
1122.375170949464,0.004554820626478026,erythrocytes,SALIVA,0.8,Decision Tree Regressor,BayesSearchCV,0.9134405319294231,0.4394255783292889,91.25519855952827,-0.07484736652623103,078e2a857d394e3a859226522fd402dd,experiment_linear_erythrocytes
1573.639414939454,0.004547343514812904,erythrocytes,SALIVA,0.8,Decision Tree Regressor,BayesSearchCV,0.9134405319294231,0.4394255783292889,91.25519855952827,-0.07484736652623103,078e2a857d394e3a859226522fd402dd,experiment_linear_erythrocytes
1589.067252340822,0.004523655575663409,erythrocytes,SALIVA,0.8,Decision Tree Regressor,BayesSearchCV,0.9134405319294231,0.4394255783292889,91.25519855952827,-0.07484736652623103,078e2a857d394e3a859226522fd402dd,experiment_linear_erythrocytes
1132.017569325318,0.004344015455890405,erythrocytes,SALIVA,0.8,Decision Tree Regressor,BayesSearchCV,0.9134405319294231,0.4394255783292889,91.25519855952827,-0.07484736652623103,078e2a857d394e3a859226522fd402dd,experiment_linear_erythrocytes
1571.710935264284,0.004192322234689989,erythrocytes,SALIVA,0.8,Decision Tree Regressor,BayesSearchCV,0.9134405319294231,0.4394255783292889,91.25519855952827,-0.07484736652623103,078e2a857d394e3a859226522fd402dd,experiment_linear_erythrocytes
1120.446691274293,0.0041066976645448144,erythrocytes,SALIVA,0.8,Decision Tree Regressor,BayesSearchCV,0.9134405319294231,0.4394255783292889,91.25519855952827,-0.07484736652623103,078e2a857d394e3a859226522fd402dd,experiment_linear_erythrocytes
1590.995732015992,0.0039645812599673385,erythrocytes,SALIVA,0.8,Decision Tree Regressor,BayesSearchCV,0.9134405319294231,0.4394255783292889,91.25519855952827,-0.07484736652623103,078e2a857d394e3a859226522fd402dd,experiment_linear_erythrocytes
1133.946049000489,0.0038649858913134888,erythrocytes,SALIVA,0.8,Decision Tree Regressor,BayesSearchCV,0.9134405319294231,0.4394255783292889,91.25519855952827,-0.07484736652623103,078e2a857d394e3a859226522fd402dd,experiment_linear_erythrocytes
1569.782455589112,0.003798671116940238,erythrocytes,SALIVA,0.8,Decision Tree Regressor,BayesSearchCV,0.9134405319294231,0.4394255783292889,91.25519855952827,-0.07484736652623103,078e2a857d394e3a859226522fd402dd,experiment_linear_erythrocytes
2925.503667234255,1.0,erythrocytes,SALIVA,0.8,Decision Tree Regressor,BayesSearchCV,0.8868104296270077,0.42249999999999993,89.22598206753565,-0.013089522547048427,078e2a857d394e3a859226522fd402dd,experiment_linear_erythrocytes
929.5272034323739,0.0,erythrocytes,SALIVA,0.8,Decision Tree Regressor,BayesSearchCV,0.8868104296270077,0.42249999999999993,89.22598206753565,-0.013089522547048427,078e2a857d394e3a859226522fd402dd,experiment_linear_erythrocytes
1849.412008488893,0.0,erythrocytes,SALIVA,0.8,Decision Tree Regressor,BayesSearchCV,0.8868104296270077,0.42249999999999993,89.22598206753565,-0.013089522547048427,078e2a857d394e3a859226522fd402dd,experiment_linear_erythrocytes
2549.45013057593,0.0,erythrocytes,SALIVA,0.8,Decision Tree Regressor,BayesSearchCV,0.8868104296270077,0.42249999999999993,89.22598206753565,-0.013089522547048427,078e2a857d394e3a859226522fd402dd,experiment_linear_erythrocytes
2551.378610251101,0.0,erythrocytes,SALIVA,0.8,Decision Tree Regressor,BayesSearchCV,0.8868104296270077,0.42249999999999993,89.22598206753565,-0.013089522547048427,078e2a857d394e3a859226522fd402dd,experiment_linear_erythrocytes
2553.307089926272,0.0,erythrocytes,SALIVA,0.8,Decision Tree Regressor,BayesSearchCV,0.8868104296270077,0.42249999999999993,89.22598206753565,-0.013089522547048427,078e2a857d394e3a859226522fd402dd,experiment_linear_erythrocytes
2555.235569601442,0.0,erythrocytes,SALIVA,0.8,Decision Tree Regressor,BayesSearchCV,0.8868104296270077,0.42249999999999993,89.22598206753565,-0.013089522547048427,078e2a857d394e3a859226522fd402dd,experiment_linear_erythrocytes
2557.164049276613,0.0,erythrocytes,SALIVA,0.8,Decision Tree Regressor,BayesSearchCV,0.8868104296270077,0.42249999999999993,89.22598206753565,-0.013089522547048427,078e2a857d394e3a859226522fd402dd,experiment_linear_erythrocytes
2559.092528951784,0.0,erythrocytes,SALIVA,0.8,Decision Tree Regressor,BayesSearchCV,0.8868104296270077,0.42249999999999993,89.22598206753565,-0.013089522547048427,078e2a857d394e3a859226522fd402dd,experiment_linear_erythrocytes
2561.021008626955,0.0,erythrocytes,SALIVA,0.8,Decision Tree Regressor,BayesSearchCV,0.8868104296270077,0.42249999999999993,89.22598206753565,-0.013089522547048427,078e2a857d394e3a859226522fd402dd,experiment_linear_erythrocytes
2562.949488302126,0.0,erythrocytes,SALIVA,0.8,Decision Tree Regressor,BayesSearchCV,0.8868104296270077,0.42249999999999993,89.22598206753565,-0.013089522547048427,078e2a857d394e3a859226522fd402dd,experiment_linear_erythrocytes
2564.877967977297,0.0,erythrocytes,SALIVA,0.8,Decision Tree Regressor,BayesSearchCV,0.8868104296270077,0.42249999999999993,89.22598206753565,-0.013089522547048427,078e2a857d394e3a859226522fd402dd,experiment_linear_erythrocytes
2566.806447652468,0.0,erythrocytes,SALIVA,0.8,Decision Tree Regressor,BayesSearchCV,0.8868104296270077,0.42249999999999993,89.22598206753565,-0.013089522547048427,078e2a857d394e3a859226522fd402dd,experiment_linear_erythrocytes
2568.734927327639,0.0,erythrocytes,SALIVA,0.8,Decision Tree Regressor,BayesSearchCV,0.8868104296270077,0.42249999999999993,89.22598206753565,-0.013089522547048427,078e2a857d394e3a859226522fd402dd,experiment_linear_erythrocytes
2570.663407002809,0.0,erythrocytes,SALIVA,0.8,Decision Tree Regressor,BayesSearchCV,0.8868104296270077,0.42249999999999993,89.22598206753565,-0.013089522547048427,078e2a857d394e3a859226522fd402dd,experiment_linear_erythrocytes
2572.59188667798,0.0,erythrocytes,SALIVA,0.8,Decision Tree Regressor,BayesSearchCV,0.8868104296270077,0.42249999999999993,89.22598206753565,-0.013089522547048427,078e2a857d394e3a859226522fd402dd,experiment_linear_erythrocytes
2574.520366353152,0.0,erythrocytes,SALIVA,0.8,Decision Tree Regressor,BayesSearchCV,0.8868104296270077,0.42249999999999993,89.22598206753565,-0.013089522547048427,078e2a857d394e3a859226522fd402dd,experiment_linear_erythrocytes
2576.448846028322,0.0,erythrocytes,SALIVA,0.8,Decision Tree Regressor,BayesSearchCV,0.8868104296270077,0.42249999999999993,89.22598206753565,-0.013089522547048427,078e2a857d394e3a859226522fd402dd,experiment_linear_erythrocytes
2578.377325703493,0.0,erythrocytes,SALIVA,0.8,Decision Tree Regressor,BayesSearchCV,0.8868104296270077,0.42249999999999993,89.22598206753565,-0.013089522547048427,078e2a857d394e3a859226522fd402dd,experiment_linear_erythrocytes
2580.305805378664,0.0,erythrocytes,SALIVA,0.8,Decision Tree Regressor,BayesSearchCV,0.8868104296270077,0.42249999999999993,89.22598206753565,-0.013089522547048427,078e2a857d394e3a859226522fd402dd,experiment_linear_erythrocytes
2711.442423290285,0.008857022840171966,erythrocytes,SERUM,0.8,Decision Tree Regressor,BayesSearchCV,0.8763817661270686,0.40650000000000003,90.81682441069985,-0.012831830727210614,078e2a857d394e3a859226522fd402dd,experiment_linear_erythrocytes
2713.370902965456,0.007981373234257792,erythrocytes,SERUM,0.8,Decision Tree Regressor,BayesSearchCV,0.8763817661270686,0.40650000000000003,90.81682441069985,-0.012831830727210614,078e2a857d394e3a859226522fd402dd,experiment_linear_erythrocytes
2715.299382640627,0.006121252210274542,erythrocytes,SERUM,0.8,Decision Tree Regressor,BayesSearchCV,0.8763817661270686,0.40650000000000003,90.81682441069985,-0.012831830727210614,078e2a857d394e3a859226522fd402dd,experiment_linear_erythrocytes
2728.798740366823,0.005201323158372708,erythrocytes,SERUM,0.8,Decision Tree Regressor,BayesSearchCV,0.8763817661270686,0.40650000000000003,90.81682441069985,-0.012831830727210614,078e2a857d394e3a859226522fd402dd,experiment_linear_erythrocytes
2709.513943615114,0.0051042902562341026,erythrocytes,SERUM,0.8,Decision Tree Regressor,BayesSearchCV,0.8763817661270686,0.40650000000000003,90.81682441069985,-0.012831830727210614,078e2a857d394e3a859226522fd402dd,experiment_linear_erythrocytes
2717.227862315798,0.0048881037590471806,erythrocytes,SERUM,0.8,Decision Tree Regressor,BayesSearchCV,0.8763817661270686,0.40650000000000003,90.81682441069985,-0.012831830727210614,078e2a857d394e3a859226522fd402dd,experiment_linear_erythrocytes
2726.870260691652,0.004866498721740568,erythrocytes,SERUM,0.8,Decision Tree Regressor,BayesSearchCV,0.8763817661270686,0.40650000000000003,90.81682441069985,-0.012831830727210614,078e2a857d394e3a859226522fd402dd,experiment_linear_erythrocytes
2730.727220041994,0.004822475743263451,erythrocytes,SERUM,0.8,Decision Tree Regressor,BayesSearchCV,0.8763817661270686,0.40650000000000003,90.81682441069985,-0.012831830727210614,078e2a857d394e3a859226522fd402dd,experiment_linear_erythrocytes
3043.14092741968,0.004535809173970594,erythrocytes,SERUM,0.8,Decision Tree Regressor,BayesSearchCV,0.8763817661270686,0.40650000000000003,90.81682441069985,-0.012831830727210614,078e2a857d394e3a859226522fd402dd,experiment_linear_erythrocytes
2738.441138742678,0.004431275858969378,erythrocytes,SERUM,0.8,Decision Tree Regressor,BayesSearchCV,0.8763817661270686,0.40650000000000003,90.81682441069985,-0.012831830727210614,078e2a857d394e3a859226522fd402dd,experiment_linear_erythrocytes
2740.369618417849,0.004306220175361408,erythrocytes,SERUM,0.8,Decision Tree Regressor,BayesSearchCV,0.8763817661270686,0.40650000000000003,90.81682441069985,-0.012831830727210614,078e2a857d394e3a859226522fd402dd,experiment_linear_erythrocytes
2736.512659067507,0.004277063176684467,erythrocytes,SERUM,0.8,Decision Tree Regressor,BayesSearchCV,0.8763817661270686,0.40650000000000003,90.81682441069985,-0.012831830727210614,078e2a857d394e3a859226522fd402dd,experiment_linear_erythrocytes
3045.069407094851,0.004273554379520991,erythrocytes,SERUM,0.8,Decision Tree Regressor,BayesSearchCV,0.8763817661270686,0.40650000000000003,90.81682441069985,-0.012831830727210614,078e2a857d394e3a859226522fd402dd,experiment_linear_erythrocytes
2724.941781016481,0.004235550627169185,erythrocytes,SERUM,0.8,Decision Tree Regressor,BayesSearchCV,0.8763817661270686,0.40650000000000003,90.81682441069985,-0.012831830727210614,078e2a857d394e3a859226522fd402dd,experiment_linear_erythrocytes
3041.212447744509,0.004177753042772802,erythrocytes,SERUM,0.8,Decision Tree Regressor,BayesSearchCV,0.8763817661270686,0.40650000000000003,90.81682441069985,-0.012831830727210614,078e2a857d394e3a859226522fd402dd,experiment_linear_erythrocytes
2742.29809809302,0.00411208787269961,erythrocytes,SERUM,0.8,Decision Tree Regressor,BayesSearchCV,0.8763817661270686,0.40650000000000003,90.81682441069985,-0.012831830727210614,078e2a857d394e3a859226522fd402dd,experiment_linear_erythrocytes
2732.655699717165,0.004083153537962451,erythrocytes,SERUM,0.8,Decision Tree Regressor,BayesSearchCV,0.8763817661270686,0.40650000000000003,90.81682441069985,-0.012831830727210614,078e2a857d394e3a859226522fd402dd,experiment_linear_erythrocytes
2748.083537118532,0.0040380549579198365,erythrocytes,SERUM,0.8,Decision Tree Regressor,BayesSearchCV,0.8763817661270686,0.40650000000000003,90.81682441069985,-0.012831830727210614,078e2a857d394e3a859226522fd402dd,experiment_linear_erythrocytes
2746.155057443361,0.0040290036181193775,erythrocytes,SERUM,0.8,Decision Tree Regressor,BayesSearchCV,0.8763817661270686,0.40650000000000003,90.81682441069985,-0.012831830727210614,078e2a857d394e3a859226522fd402dd,experiment_linear_erythrocytes
2744.226577768191,0.004006158537506346,erythrocytes,SERUM,0.8,Decision Tree Regressor,BayesSearchCV,0.8763817661270686,0.40650000000000003,90.81682441069985,-0.012831830727210614,078e2a857d394e3a859226522fd402dd,experiment_linear_erythrocytes
2746.155057443361,0.3835875011179858,erythrocytes,SERUM,0.8,Decision Tree Regressor,BayesSearchCV,0.8613007351709387,0.4169755004426521,86.70188745969604,0.021726450505566874,078e2a857d394e3a859226522fd402dd,experiment_linear_erythrocytes
1249.654829510743,0.3132235168928781,erythrocytes,SERUM,0.8,Decision Tree Regressor,BayesSearchCV,0.8613007351709387,0.4169755004426521,86.70188745969604,0.021726450505566874,078e2a857d394e3a859226522fd402dd,experiment_linear_erythrocytes
1558.211577538087,0.15313324201227374,erythrocytes,SERUM,0.8,Decision Tree Regressor,BayesSearchCV,0.8613007351709387,0.4169755004426521,86.70188745969604,0.021726450505566874,078e2a857d394e3a859226522fd402dd,experiment_linear_erythrocytes
1386.576886447877,0.1006955905071142,erythrocytes,SERUM,0.8,Decision Tree Regressor,BayesSearchCV,0.8613007351709387,0.4169755004426521,86.70188745969604,0.021726450505566874,078e2a857d394e3a859226522fd402dd,experiment_linear_erythrocytes
1484.929349881593,0.0493601494697483,erythrocytes,SERUM,0.8,Decision Tree Regressor,BayesSearchCV,0.8613007351709387,0.4169755004426521,86.70188745969604,0.021726450505566874,078e2a857d394e3a859226522fd402dd,experiment_linear_erythrocytes
2568.734927327639,0.0,erythrocytes,SERUM,0.8,Decision Tree Regressor,BayesSearchCV,0.8613007351709387,0.4169755004426521,86.70188745969604,0.021726450505566874,078e2a857d394e3a859226522fd402dd,experiment_linear_erythrocytes
2555.235569601442,0.0,erythrocytes,SERUM,0.8,Decision Tree Regressor,BayesSearchCV,0.8613007351709387,0.4169755004426521,86.70188745969604,0.021726450505566874,078e2a857d394e3a859226522fd402dd,experiment_linear_erythrocytes
2557.164049276613,0.0,erythrocytes,SERUM,0.8,Decision Tree Regressor,BayesSearchCV,0.8613007351709387,0.4169755004426521,86.70188745969604,0.021726450505566874,078e2a857d394e3a859226522fd402dd,experiment_linear_erythrocytes
2559.092528951784,0.0,erythrocytes,SERUM,0.8,Decision Tree Regressor,BayesSearchCV,0.8613007351709387,0.4169755004426521,86.70188745969604,0.021726450505566874,078e2a857d394e3a859226522fd402dd,experiment_linear_erythrocytes
2561.021008626955,0.0,erythrocytes,SERUM,0.8,Decision Tree Regressor,BayesSearchCV,0.8613007351709387,0.4169755004426521,86.70188745969604,0.021726450505566874,078e2a857d394e3a859226522fd402dd,experiment_linear_erythrocytes
2562.949488302126,0.0,erythrocytes,SERUM,0.8,Decision Tree Regressor,BayesSearchCV,0.8613007351709387,0.4169755004426521,86.70188745969604,0.021726450505566874,078e2a857d394e3a859226522fd402dd,experiment_linear_erythrocytes
2564.877967977297,0.0,erythrocytes,SERUM,0.8,Decision Tree Regressor,BayesSearchCV,0.8613007351709387,0.4169755004426521,86.70188745969604,0.021726450505566874,078e2a857d394e3a859226522fd402dd,experiment_linear_erythrocytes
2566.806447652468,0.0,erythrocytes,SERUM,0.8,Decision Tree Regressor,BayesSearchCV,0.8613007351709387,0.4169755004426521,86.70188745969604,0.021726450505566874,078e2a857d394e3a859226522fd402dd,experiment_linear_erythrocytes
2572.59188667798,0.0,erythrocytes,SERUM,0.8,Decision Tree Regressor,BayesSearchCV,0.8613007351709387,0.4169755004426521,86.70188745969604,0.021726450505566874,078e2a857d394e3a859226522fd402dd,experiment_linear_erythrocytes
2570.663407002809,0.0,erythrocytes,SERUM,0.8,Decision Tree Regressor,BayesSearchCV,0.8613007351709387,0.4169755004426521,86.70188745969604,0.021726450505566874,078e2a857d394e3a859226522fd402dd,experiment_linear_erythrocytes
2591.876683429689,0.0,erythrocytes,SERUM,0.8,Decision Tree Regressor,BayesSearchCV,0.8613007351709387,0.4169755004426521,86.70188745969604,0.021726450505566874,078e2a857d394e3a859226522fd402dd,experiment_linear_erythrocytes
2574.520366353152,0.0,erythrocytes,SERUM,0.8,Decision Tree Regressor,BayesSearchCV,0.8613007351709387,0.4169755004426521,86.70188745969604,0.021726450505566874,078e2a857d394e3a859226522fd402dd,experiment_linear_erythrocytes
2576.448846028322,0.0,erythrocytes,SERUM,0.8,Decision Tree Regressor,BayesSearchCV,0.8613007351709387,0.4169755004426521,86.70188745969604,0.021726450505566874,078e2a857d394e3a859226522fd402dd,experiment_linear_erythrocytes
2578.377325703493,0.0,erythrocytes,SERUM,0.8,Decision Tree Regressor,BayesSearchCV,0.8613007351709387,0.4169755004426521,86.70188745969604,0.021726450505566874,078e2a857d394e3a859226522fd402dd,experiment_linear_erythrocytes
2580.305805378664,0.0,erythrocytes,SERUM,0.8,Decision Tree Regressor,BayesSearchCV,0.8613007351709387,0.4169755004426521,86.70188745969604,0.021726450505566874,078e2a857d394e3a859226522fd402dd,experiment_linear_erythrocytes
2711.442423290285,0.008742326002811234,erythrocytes,SERUM,0.8,Decision Tree Regressor,BayesSearchCV,0.8558753421160372,0.3744788180489586,88.5767602197134,0.034012060145902745,078e2a857d394e3a859226522fd402dd,experiment_linear_erythrocytes
2713.370902965456,0.007180214644102001,erythrocytes,SERUM,0.8,Decision Tree Regressor,BayesSearchCV,0.8558753421160372,0.3744788180489586,88.5767602197134,0.034012060145902745,078e2a857d394e3a859226522fd402dd,experiment_linear_erythrocytes
2709.513943615114,0.006431219904079212,erythrocytes,SERUM,0.8,Decision Tree Regressor,BayesSearchCV,0.8558753421160372,0.3744788180489586,88.5767602197134,0.034012060145902745,078e2a857d394e3a859226522fd402dd,experiment_linear_erythrocytes
1716.346910902101,0.005515162976973703,erythrocytes,SERUM,0.8,Decision Tree Regressor,BayesSearchCV,0.8558753421160372,0.3744788180489586,88.5767602197134,0.034012060145902745,078e2a857d394e3a859226522fd402dd,experiment_linear_erythrocytes
2715.299382640627,0.005338967906604992,erythrocytes,SERUM,0.8,Decision Tree Regressor,BayesSearchCV,0.8558753421160372,0.3744788180489586,88.5767602197134,0.034012060145902745,078e2a857d394e3a859226522fd402dd,experiment_linear_erythrocytes
3043.14092741968,0.004847069154483437,erythrocytes,SERUM,0.8,Decision Tree Regressor,BayesSearchCV,0.8558753421160372,0.3744788180489586,88.5767602197134,0.034012060145902745,078e2a857d394e3a859226522fd402dd,experiment_linear_erythrocytes
3041.212447744509,0.0047213955077094515,erythrocytes,SERUM,0.8,Decision Tree Regressor,BayesSearchCV,0.8558753421160372,0.3744788180489586,88.5767602197134,0.034012060145902745,078e2a857d394e3a859226522fd402dd,experiment_linear_erythrocytes
3045.069407094851,0.0046155670351624625,erythrocytes,SERUM,0.8,Decision Tree Regressor,BayesSearchCV,0.8558753421160372,0.3744788180489586,88.5767602197134,0.034012060145902745,078e2a857d394e3a859226522fd402dd,experiment_linear_erythrocytes
3039.283968069338,0.0043028315940147575,erythrocytes,SERUM,0.8,Decision Tree Regressor,BayesSearchCV,0.8558753421160372,0.3744788180489586,88.5767602197134,0.034012060145902745,078e2a857d394e3a859226522fd402dd,experiment_linear_erythrocytes
2717.227862315798,0.004283628549628738,erythrocytes,SERUM,0.8,Decision Tree Regressor,BayesSearchCV,0.8558753421160372,0.3744788180489586,88.5767602197134,0.034012060145902745,078e2a857d394e3a859226522fd402dd,experiment_linear_erythrocytes
1193.728918930787,0.004195947994205692,erythrocytes,SERUM,0.8,Decision Tree Regressor,BayesSearchCV,0.8558753421160372,0.3744788180489586,88.5767602197134,0.034012060145902745,078e2a857d394e3a859226522fd402dd,experiment_linear_erythrocytes
1191.800439255616,0.0040956799794729685,erythrocytes,SERUM,0.8,Decision Tree Regressor,BayesSearchCV,0.8558753421160372,0.3744788180489586,88.5767602197134,0.034012060145902745,078e2a857d394e3a859226522fd402dd,experiment_linear_erythrocytes
3046.997886770022,0.004053675207045769,erythrocytes,SERUM,0.8,Decision Tree Regressor,BayesSearchCV,0.8558753421160372,0.3744788180489586,88.5767602197134,0.034012060145902745,078e2a857d394e3a859226522fd402dd,experiment_linear_erythrocytes
1646.921642595948,0.003881379913679295,erythrocytes,SERUM,0.8,Decision Tree Regressor,BayesSearchCV,0.8558753421160372,0.3744788180489586,88.5767602197134,0.034012060145902745,078e2a857d394e3a859226522fd402dd,experiment_linear_erythrocytes
1644.993162920778,0.0038396967656844725,erythrocytes,SERUM,0.8,Decision Tree Regressor,BayesSearchCV,0.8558753421160372,0.3744788180489586,88.5767602197134,0.034012060145902745,078e2a857d394e3a859226522fd402dd,experiment_linear_erythrocytes
1195.657398605958,0.0038254275025035316,erythrocytes,SERUM,0.8,Decision Tree Regressor,BayesSearchCV,0.8558753421160372,0.3744788180489586,88.5767602197134,0.034012060145902745,078e2a857d394e3a859226522fd402dd,experiment_linear_erythrocytes
3037.355488394167,0.0037392239452373075,erythrocytes,SERUM,0.8,Decision Tree Regressor,BayesSearchCV,0.8558753421160372,0.3744788180489586,88.5767602197134,0.034012060145902745,078e2a857d394e3a859226522fd402dd,experiment_linear_erythrocytes
1189.871959580445,0.0034989726284816434,erythrocytes,SERUM,0.8,Decision Tree Regressor,BayesSearchCV,0.8558753421160372,0.3744788180489586,88.5767602197134,0.034012060145902745,078e2a857d394e3a859226522fd402dd,experiment_linear_erythrocytes
2728.798740366823,0.0034714366845642105,erythrocytes,SERUM,0.8,Decision Tree Regressor,BayesSearchCV,0.8558753421160372,0.3744788180489586,88.5767602197134,0.034012060145902745,078e2a857d394e3a859226522fd402dd,experiment_linear_erythrocytes
3048.926366445193,0.0034087745259588982,erythrocytes,SERUM,0.8,Decision Tree Regressor,BayesSearchCV,0.8558753421160372,0.3744788180489586,88.5767602197134,0.034012060145902745,078e2a857d394e3a859226522fd402dd,experiment_linear_erythrocytes
2750.012016793703,1.0,erythrocytes,SERUM,0.8,Decision Tree Regressor,BayesSearchCV,0.854142682590106,0.3937499999999998,88.89252864606082,0.03791925071686075,078e2a857d394e3a859226522fd402dd,experiment_linear_erythrocytes
929.5272034323739,0.0,erythrocytes,SERUM,0.8,Decision Tree Regressor,BayesSearchCV,0.854142682590106,0.3937499999999998,88.89252864606082,0.03791925071686075,078e2a857d394e3a859226522fd402dd,experiment_linear_erythrocytes
2591.876683429689,0.0,erythrocytes,SERUM,0.8,Decision Tree Regressor,BayesSearchCV,0.854142682590106,0.3937499999999998,88.89252864606082,0.03791925071686075,078e2a857d394e3a859226522fd402dd,experiment_linear_erythrocytes
2551.378610251101,0.0,erythrocytes,SERUM,0.8,Decision Tree Regressor,BayesSearchCV,0.854142682590106,0.3937499999999998,88.89252864606082,0.03791925071686075,078e2a857d394e3a859226522fd402dd,experiment_linear_erythrocytes
2553.307089926272,0.0,erythrocytes,SERUM,0.8,Decision Tree Regressor,BayesSearchCV,0.854142682590106,0.3937499999999998,88.89252864606082,0.03791925071686075,078e2a857d394e3a859226522fd402dd,experiment_linear_erythrocytes
2555.235569601442,0.0,erythrocytes,SERUM,0.8,Decision Tree Regressor,BayesSearchCV,0.854142682590106,0.3937499999999998,88.89252864606082,0.03791925071686075,078e2a857d394e3a859226522fd402dd,experiment_linear_erythrocytes
2557.164049276613,0.0,erythrocytes,SERUM,0.8,Decision Tree Regressor,BayesSearchCV,0.854142682590106,0.3937499999999998,88.89252864606082,0.03791925071686075,078e2a857d394e3a859226522fd402dd,experiment_linear_erythrocytes
2559.092528951784,0.0,erythrocytes,SERUM,0.8,Decision Tree Regressor,BayesSearchCV,0.854142682590106,0.3937499999999998,88.89252864606082,0.03791925071686075,078e2a857d394e3a859226522fd402dd,experiment_linear_erythrocytes
2561.021008626955,0.0,erythrocytes,SERUM,0.8,Decision Tree Regressor,BayesSearchCV,0.854142682590106,0.3937499999999998,88.89252864606082,0.03791925071686075,078e2a857d394e3a859226522fd402dd,experiment_linear_erythrocytes
2562.949488302126,0.0,erythrocytes,SERUM,0.8,Decision Tree Regressor,BayesSearchCV,0.854142682590106,0.3937499999999998,88.89252864606082,0.03791925071686075,078e2a857d394e3a859226522fd402dd,experiment_linear_erythrocytes
2564.877967977297,0.0,erythrocytes,SERUM,0.8,Decision Tree Regressor,BayesSearchCV,0.854142682590106,0.3937499999999998,88.89252864606082,0.03791925071686075,078e2a857d394e3a859226522fd402dd,experiment_linear_erythrocytes
2566.806447652468,0.0,erythrocytes,SERUM,0.8,Decision Tree Regressor,BayesSearchCV,0.854142682590106,0.3937499999999998,88.89252864606082,0.03791925071686075,078e2a857d394e3a859226522fd402dd,experiment_linear_erythrocytes
2568.734927327639,0.0,erythrocytes,SERUM,0.8,Decision Tree Regressor,BayesSearchCV,0.854142682590106,0.3937499999999998,88.89252864606082,0.03791925071686075,078e2a857d394e3a859226522fd402dd,experiment_linear_erythrocytes
2570.663407002809,0.0,erythrocytes,SERUM,0.8,Decision Tree Regressor,BayesSearchCV,0.854142682590106,0.3937499999999998,88.89252864606082,0.03791925071686075,078e2a857d394e3a859226522fd402dd,experiment_linear_erythrocytes
2572.59188667798,0.0,erythrocytes,SERUM,0.8,Decision Tree Regressor,BayesSearchCV,0.854142682590106,0.3937499999999998,88.89252864606082,0.03791925071686075,078e2a857d394e3a859226522fd402dd,experiment_linear_erythrocytes
2574.520366353152,0.0,erythrocytes,SERUM,0.8,Decision Tree Regressor,BayesSearchCV,0.854142682590106,0.3937499999999998,88.89252864606082,0.03791925071686075,078e2a857d394e3a859226522fd402dd,experiment_linear_erythrocytes
2576.448846028322,0.0,erythrocytes,SERUM,0.8,Decision Tree Regressor,BayesSearchCV,0.854142682590106,0.3937499999999998,88.89252864606082,0.03791925071686075,078e2a857d394e3a859226522fd402dd,experiment_linear_erythrocytes
2578.377325703493,0.0,erythrocytes,SERUM,0.8,Decision Tree Regressor,BayesSearchCV,0.854142682590106,0.3937499999999998,88.89252864606082,0.03791925071686075,078e2a857d394e3a859226522fd402dd,experiment_linear_erythrocytes
2580.305805378664,0.0,erythrocytes,SERUM,0.8,Decision Tree Regressor,BayesSearchCV,0.854142682590106,0.3937499999999998,88.89252864606082,0.03791925071686075,078e2a857d394e3a859226522fd402dd,experiment_linear_erythrocytes
2582.234285053835,0.0,erythrocytes,SERUM,0.8,Decision Tree Regressor,BayesSearchCV,0.854142682590106,0.3937499999999998,88.89252864606082,0.03791925071686075,078e2a857d394e3a859226522fd402dd,experiment_linear_erythrocytes
1278.582024638307,0.0058943593841798,erythrocytes,URINE,0.8,Decision Tree Regressor,BayesSearchCV,0.9301321758690589,0.430531100478469,96.53144278122045,-0.010742233362832865,078e2a857d394e3a859226522fd402dd,experiment_linear_erythrocytes
1280.510504313478,0.005879946797837337,erythrocytes,URINE,0.8,Decision Tree Regressor,BayesSearchCV,0.9301321758690589,0.430531100478469,96.53144278122045,-0.010742233362832865,078e2a857d394e3a859226522fd402dd,experiment_linear_erythrocytes
1276.653544963136,0.005815694640273684,erythrocytes,URINE,0.8,Decision Tree Regressor,BayesSearchCV,0.9301321758690589,0.430531100478469,96.53144278122045,-0.010742233362832865,078e2a857d394e3a859226522fd402dd,experiment_linear_erythrocytes
1282.438983988648,0.00568728413456365,erythrocytes,URINE,0.8,Decision Tree Regressor,BayesSearchCV,0.9301321758690589,0.430531100478469,96.53144278122045,-0.010742233362832865,078e2a857d394e3a859226522fd402dd,experiment_linear_erythrocytes
1274.725065287965,0.005608563475341747,erythrocytes,URINE,0.8,Decision Tree Regressor,BayesSearchCV,0.9301321758690589,0.430531100478469,96.53144278122045,-0.010742233362832865,078e2a857d394e3a859226522fd402dd,experiment_linear_erythrocytes
1284.367463663819,0.005339555361651139,erythrocytes,URINE,0.8,Decision Tree Regressor,BayesSearchCV,0.9301321758690589,0.430531100478469,96.53144278122045,-0.010742233362832865,078e2a857d394e3a859226522fd402dd,experiment_linear_erythrocytes
1272.796585612794,0.005271132096194694,erythrocytes,URINE,0.8,Decision Tree Regressor,BayesSearchCV,0.9301321758690589,0.430531100478469,96.53144278122045,-0.010742233362832865,078e2a857d394e3a859226522fd402dd,experiment_linear_erythrocytes
1270.868105937623,0.004918017254201929,erythrocytes,URINE,0.8,Decision Tree Regressor,BayesSearchCV,0.9301321758690589,0.430531100478469,96.53144278122045,-0.010742233362832865,078e2a857d394e3a859226522fd402dd,experiment_linear_erythrocytes
1286.29594333899,0.004860242934189724,erythrocytes,URINE,0.8,Decision Tree Regressor,BayesSearchCV,0.9301321758690589,0.430531100478469,96.53144278122045,-0.010742233362832865,078e2a857d394e3a859226522fd402dd,experiment_linear_erythrocytes
1268.939626262452,0.004559309500367199,erythrocytes,URINE,0.8,Decision Tree Regressor,BayesSearchCV,0.9301321758690589,0.430531100478469,96.53144278122045,-0.010742233362832865,078e2a857d394e3a859226522fd402dd,experiment_linear_erythrocytes
1751.059545055177,0.00436242970669492,erythrocytes,URINE,0.8,Decision Tree Regressor,BayesSearchCV,0.9301321758690589,0.430531100478469,96.53144278122045,-0.010742233362832865,078e2a857d394e3a859226522fd402dd,experiment_linear_erythrocytes
1752.988024730348,0.004321788483411648,erythrocytes,URINE,0.8,Decision Tree Regressor,BayesSearchCV,0.9301321758690589,0.430531100478469,96.53144278122045,-0.010742233362832865,078e2a857d394e3a859226522fd402dd,experiment_linear_erythrocytes
1754.916504405519,0.004292655721935746,erythrocytes,URINE,0.8,Decision Tree Regressor,BayesSearchCV,0.9301321758690589,0.430531100478469,96.53144278122045,-0.010742233362832865,078e2a857d394e3a859226522fd402dd,experiment_linear_erythrocytes
1288.224423014161,0.004277539120982356,erythrocytes,URINE,0.8,Decision Tree Regressor,BayesSearchCV,0.9301321758690589,0.430531100478469,96.53144278122045,-0.010742233362832865,078e2a857d394e3a859226522fd402dd,experiment_linear_erythrocytes
1756.84498408069,0.00425617807184643,erythrocytes,URINE,0.8,Decision Tree Regressor,BayesSearchCV,0.9301321758690589,0.430531100478469,96.53144278122045,-0.010742233362832865,078e2a857d394e3a859226522fd402dd,experiment_linear_erythrocytes
1749.131065380006,0.004210896104011249,erythrocytes,URINE,0.8,Decision Tree Regressor,BayesSearchCV,0.9301321758690589,0.430531100478469,96.53144278122045,-0.010742233362832865,078e2a857d394e3a859226522fd402dd,experiment_linear_erythrocytes
1267.011146587281,0.004192570571873901,erythrocytes,URINE,0.8,Decision Tree Regressor,BayesSearchCV,0.9301321758690589,0.430531100478469,96.53144278122045,-0.010742233362832865,078e2a857d394e3a859226522fd402dd,experiment_linear_erythrocytes
1758.773463755861,0.004081512530315273,erythrocytes,URINE,0.8,Decision Tree Regressor,BayesSearchCV,0.9301321758690589,0.430531100478469,96.53144278122045,-0.010742233362832865,078e2a857d394e3a859226522fd402dd,experiment_linear_erythrocytes
1747.202585704835,0.004079637735899433,erythrocytes,URINE,0.8,Decision Tree Regressor,BayesSearchCV,0.9301321758690589,0.430531100478469,96.53144278122045,-0.010742233362832865,078e2a857d394e3a859226522fd402dd,experiment_linear_erythrocytes
1760.701943431032,0.003998931038902911,erythrocytes,URINE,0.8,Decision Tree Regressor,BayesSearchCV,0.9301321758690589,0.430531100478469,96.53144278122045,-0.010742233362832865,078e2a857d394e3a859226522fd402dd,experiment_linear_erythrocytes
1675.848837723512,1.0,erythrocytes,URINE,0.8,Decision Tree Regressor,BayesSearchCV,0.9458336862817833,0.45072386298627015,96.86102119714437,-0.04515482962583883,078e2a857d394e3a859226522fd402dd,experiment_linear_erythrocytes
929.5272034323739,0.0,erythrocytes,URINE,0.8,Decision Tree Regressor,BayesSearchCV,0.9458336862817833,0.45072386298627015,96.86102119714437,-0.04515482962583883,078e2a857d394e3a859226522fd402dd,experiment_linear_erythrocytes
2568.734927327639,0.0,erythrocytes,URINE,0.8,Decision Tree Regressor,BayesSearchCV,0.9458336862817833,0.45072386298627015,96.86102119714437,-0.04515482962583883,078e2a857d394e3a859226522fd402dd,experiment_linear_erythrocytes
2551.378610251101,0.0,erythrocytes,URINE,0.8,Decision Tree Regressor,BayesSearchCV,0.9458336862817833,0.45072386298627015,96.86102119714437,-0.04515482962583883,078e2a857d394e3a859226522fd402dd,experiment_linear_erythrocytes
2553.307089926272,0.0,erythrocytes,URINE,0.8,Decision Tree Regressor,BayesSearchCV,0.9458336862817833,0.45072386298627015,96.86102119714437,-0.04515482962583883,078e2a857d394e3a859226522fd402dd,experiment_linear_erythrocytes
2555.235569601442,0.0,erythrocytes,URINE,0.8,Decision Tree Regressor,BayesSearchCV,0.9458336862817833,0.45072386298627015,96.86102119714437,-0.04515482962583883,078e2a857d394e3a859226522fd402dd,experiment_linear_erythrocytes
2557.164049276613,0.0,erythrocytes,URINE,0.8,Decision Tree Regressor,BayesSearchCV,0.9458336862817833,0.45072386298627015,96.86102119714437,-0.04515482962583883,078e2a857d394e3a859226522fd402dd,experiment_linear_erythrocytes
2559.092528951784,0.0,erythrocytes,URINE,0.8,Decision Tree Regressor,BayesSearchCV,0.9458336862817833,0.45072386298627015,96.86102119714437,-0.04515482962583883,078e2a857d394e3a859226522fd402dd,experiment_linear_erythrocytes
2561.021008626955,0.0,erythrocytes,URINE,0.8,Decision Tree Regressor,BayesSearchCV,0.9458336862817833,0.45072386298627015,96.86102119714437,-0.04515482962583883,078e2a857d394e3a859226522fd402dd,experiment_linear_erythrocytes
2562.949488302126,0.0,erythrocytes,URINE,0.8,Decision Tree Regressor,BayesSearchCV,0.9458336862817833,0.45072386298627015,96.86102119714437,-0.04515482962583883,078e2a857d394e3a859226522fd402dd,experiment_linear_erythrocytes
2564.877967977297,0.0,erythrocytes,URINE,0.8,Decision Tree Regressor,BayesSearchCV,0.9458336862817833,0.45072386298627015,96.86102119714437,-0.04515482962583883,078e2a857d394e3a859226522fd402dd,experiment_linear_erythrocytes
2566.806447652468,0.0,erythrocytes,URINE,0.8,Decision Tree Regressor,BayesSearchCV,0.9458336862817833,0.45072386298627015,96.86102119714437,-0.04515482962583883,078e2a857d394e3a859226522fd402dd,experiment_linear_erythrocytes
2570.663407002809,0.0,erythrocytes,URINE,0.8,Decision Tree Regressor,BayesSearchCV,0.9458336862817833,0.45072386298627015,96.86102119714437,-0.04515482962583883,078e2a857d394e3a859226522fd402dd,experiment_linear_erythrocytes
2547.521650900759,0.0,erythrocytes,URINE,0.8,Decision Tree Regressor,BayesSearchCV,0.9458336862817833,0.45072386298627015,96.86102119714437,-0.04515482962583883,078e2a857d394e3a859226522fd402dd,experiment_linear_erythrocytes
2572.59188667798,0.0,erythrocytes,URINE,0.8,Decision Tree Regressor,BayesSearchCV,0.9458336862817833,0.45072386298627015,96.86102119714437,-0.04515482962583883,078e2a857d394e3a859226522fd402dd,experiment_linear_erythrocytes
2574.520366353152,0.0,erythrocytes,URINE,0.8,Decision Tree Regressor,BayesSearchCV,0.9458336862817833,0.45072386298627015,96.86102119714437,-0.04515482962583883,078e2a857d394e3a859226522fd402dd,experiment_linear_erythrocytes
2576.448846028322,0.0,erythrocytes,URINE,0.8,Decision Tree Regressor,BayesSearchCV,0.9458336862817833,0.45072386298627015,96.86102119714437,-0.04515482962583883,078e2a857d394e3a859226522fd402dd,experiment_linear_erythrocytes
2578.377325703493,0.0,erythrocytes,URINE,0.8,Decision Tree Regressor,BayesSearchCV,0.9458336862817833,0.45072386298627015,96.86102119714437,-0.04515482962583883,078e2a857d394e3a859226522fd402dd,experiment_linear_erythrocytes
2580.305805378664,0.0,erythrocytes,URINE,0.8,Decision Tree Regressor,BayesSearchCV,0.9458336862817833,0.45072386298627015,96.86102119714437,-0.04515482962583883,078e2a857d394e3a859226522fd402dd,experiment_linear_erythrocytes
2582.234285053835,0.0,erythrocytes,URINE,0.8,Decision Tree Regressor,BayesSearchCV,0.9458336862817833,0.45072386298627015,96.86102119714437,-0.04515482962583883,078e2a857d394e3a859226522fd402dd,experiment_linear_erythrocytes
950.7404798592538,0.006737921989909564,erythrocytes,URINE,0.8,Decision Tree Regressor,BayesSearchCV,0.9317117001578838,0.4374772819999262,96.4323282323992,-0.014177976169304607,078e2a857d394e3a859226522fd402dd,experiment_linear_erythrocytes
952.6689595344246,0.0066560489180432034,erythrocytes,URINE,0.8,Decision Tree Regressor,BayesSearchCV,0.9317117001578838,0.4374772819999262,96.4323282323992,-0.014177976169304607,078e2a857d394e3a859226522fd402dd,experiment_linear_erythrocytes
954.5974392095954,0.006204766460224182,erythrocytes,URINE,0.8,Decision Tree Regressor,BayesSearchCV,0.9317117001578838,0.4374772819999262,96.4323282323992,-0.014177976169304607,078e2a857d394e3a859226522fd402dd,experiment_linear_erythrocytes
1051.021422968141,0.0061754866830295825,erythrocytes,URINE,0.8,Decision Tree Regressor,BayesSearchCV,0.9317117001578838,0.4374772819999262,96.4323282323992,-0.014177976169304607,078e2a857d394e3a859226522fd402dd,experiment_linear_erythrocytes
1052.949902643312,0.0059532644954791245,erythrocytes,URINE,0.8,Decision Tree Regressor,BayesSearchCV,0.9317117001578838,0.4374772819999262,96.4323282323992,-0.014177976169304607,078e2a857d394e3a859226522fd402dd,experiment_linear_erythrocytes
948.812000184083,0.005521875123554892,erythrocytes,URINE,0.8,Decision Tree Regressor,BayesSearchCV,0.9317117001578838,0.4374772819999262,96.4323282323992,-0.014177976169304607,078e2a857d394e3a859226522fd402dd,experiment_linear_erythrocytes
956.5259188847667,0.005388866772226542,erythrocytes,URINE,0.8,Decision Tree Regressor,BayesSearchCV,0.9317117001578838,0.4374772819999262,96.4323282323992,-0.014177976169304607,078e2a857d394e3a859226522fd402dd,experiment_linear_erythrocytes
1700.919073500734,0.0053745371015446386,erythrocytes,URINE,0.8,Decision Tree Regressor,BayesSearchCV,0.9317117001578838,0.4374772819999262,96.4323282323992,-0.014177976169304607,078e2a857d394e3a859226522fd402dd,experiment_linear_erythrocytes
1704.776032851076,0.005344926862479543,erythrocytes,URINE,0.8,Decision Tree Regressor,BayesSearchCV,0.9317117001578838,0.4374772819999262,96.4323282323992,-0.014177976169304607,078e2a857d394e3a859226522fd402dd,experiment_linear_erythrocytes
1049.092943292969,0.005302799135770752,erythrocytes,URINE,0.8,Decision Tree Regressor,BayesSearchCV,0.9317117001578838,0.4374772819999262,96.4323282323992,-0.014177976169304607,078e2a857d394e3a859226522fd402dd,experiment_linear_erythrocytes
1698.990593825563,0.005244838803984674,erythrocytes,URINE,0.8,Decision Tree Regressor,BayesSearchCV,0.9317117001578838,0.4374772819999262,96.4323282323992,-0.014177976169304607,078e2a857d394e3a859226522fd402dd,experiment_linear_erythrocytes
1702.847553175905,0.005194256667564278,erythrocytes,URINE,0.8,Decision Tree Regressor,BayesSearchCV,0.9317117001578838,0.4374772819999262,96.4323282323992,-0.014177976169304607,078e2a857d394e3a859226522fd402dd,experiment_linear_erythrocytes
1706.704512526246,0.004898516638156786,erythrocytes,URINE,0.8,Decision Tree Regressor,BayesSearchCV,0.9317117001578838,0.4374772819999262,96.4323282323992,-0.014177976169304607,078e2a857d394e3a859226522fd402dd,experiment_linear_erythrocytes
1695.133634475221,0.004819075057791503,erythrocytes,URINE,0.8,Decision Tree Regressor,BayesSearchCV,0.9317117001578838,0.4374772819999262,96.4323282323992,-0.014177976169304607,078e2a857d394e3a859226522fd402dd,experiment_linear_erythrocytes
1054.878382318482,0.004772599464322824,erythrocytes,URINE,0.8,Decision Tree Regressor,BayesSearchCV,0.9317117001578838,0.4374772819999262,96.4323282323992,-0.014177976169304607,078e2a857d394e3a859226522fd402dd,experiment_linear_erythrocytes
1697.062114150392,0.004742604527802704,erythrocytes,URINE,0.8,Decision Tree Regressor,BayesSearchCV,0.9317117001578838,0.4374772819999262,96.4323282323992,-0.014177976169304607,078e2a857d394e3a859226522fd402dd,experiment_linear_erythrocytes
929.5272034323739,0.004736242096356163,erythrocytes,URINE,0.8,Decision Tree Regressor,BayesSearchCV,0.9317117001578838,0.4374772819999262,96.4323282323992,-0.014177976169304607,078e2a857d394e3a859226522fd402dd,experiment_linear_erythrocytes
958.4543985599371,0.004504229697477983,erythrocytes,URINE,0.8,Decision Tree Regressor,BayesSearchCV,0.9317117001578838,0.4374772819999262,96.4323282323992,-0.014177976169304607,078e2a857d394e3a859226522fd402dd,experiment_linear_erythrocytes
966.1683172606208,0.004494256749416732,erythrocytes,URINE,0.8,Decision Tree Regressor,BayesSearchCV,0.9317117001578838,0.4374772819999262,96.4323282323992,-0.014177976169304607,078e2a857d394e3a859226522fd402dd,experiment_linear_erythrocytes
964.23983758545,0.004450038742132979,erythrocytes,URINE,0.8,Decision Tree Regressor,BayesSearchCV,0.9317117001578838,0.4374772819999262,96.4323282323992,-0.014177976169304607,078e2a857d394e3a859226522fd402dd,experiment_linear_erythrocytes
1675.848837723512,1.0,erythrocytes,URINE,0.8,Decision Tree Regressor,BayesSearchCV,0.9458336862817833,0.45072386298627015,96.86102119714437,-0.04515482962583883,078e2a857d394e3a859226522fd402dd,experiment_linear_erythrocytes
929.5272034323739,0.0,erythrocytes,URINE,0.8,Decision Tree Regressor,BayesSearchCV,0.9458336862817833,0.45072386298627015,96.86102119714437,-0.04515482962583883,078e2a857d394e3a859226522fd402dd,experiment_linear_erythrocytes
2568.734927327639,0.0,erythrocytes,URINE,0.8,Decision Tree Regressor,BayesSearchCV,0.9458336862817833,0.45072386298627015,96.86102119714437,-0.04515482962583883,078e2a857d394e3a859226522fd402dd,experiment_linear_erythrocytes
2551.378610251101,0.0,erythrocytes,URINE,0.8,Decision Tree Regressor,BayesSearchCV,0.9458336862817833,0.45072386298627015,96.86102119714437,-0.04515482962583883,078e2a857d394e3a859226522fd402dd,experiment_linear_erythrocytes
2553.307089926272,0.0,erythrocytes,URINE,0.8,Decision Tree Regressor,BayesSearchCV,0.9458336862817833,0.45072386298627015,96.86102119714437,-0.04515482962583883,078e2a857d394e3a859226522fd402dd,experiment_linear_erythrocytes
2555.235569601442,0.0,erythrocytes,URINE,0.8,Decision Tree Regressor,BayesSearchCV,0.9458336862817833,0.45072386298627015,96.86102119714437,-0.04515482962583883,078e2a857d394e3a859226522fd402dd,experiment_linear_erythrocytes
2557.164049276613,0.0,erythrocytes,URINE,0.8,Decision Tree Regressor,BayesSearchCV,0.9458336862817833,0.45072386298627015,96.86102119714437,-0.04515482962583883,078e2a857d394e3a859226522fd402dd,experiment_linear_erythrocytes
2559.092528951784,0.0,erythrocytes,URINE,0.8,Decision Tree Regressor,BayesSearchCV,0.9458336862817833,0.45072386298627015,96.86102119714437,-0.04515482962583883,078e2a857d394e3a859226522fd402dd,experiment_linear_erythrocytes
2561.021008626955,0.0,erythrocytes,URINE,0.8,Decision Tree Regressor,BayesSearchCV,0.9458336862817833,0.45072386298627015,96.86102119714437,-0.04515482962583883,078e2a857d394e3a859226522fd402dd,experiment_linear_erythrocytes
2562.949488302126,0.0,erythrocytes,URINE,0.8,Decision Tree Regressor,BayesSearchCV,0.9458336862817833,0.45072386298627015,96.86102119714437,-0.04515482962583883,078e2a857d394e3a859226522fd402dd,experiment_linear_erythrocytes
2564.877967977297,0.0,erythrocytes,URINE,0.8,Decision Tree Regressor,BayesSearchCV,0.9458336862817833,0.45072386298627015,96.86102119714437,-0.04515482962583883,078e2a857d394e3a859226522fd402dd,experiment_linear_erythrocytes
2566.806447652468,0.0,erythrocytes,URINE,0.8,Decision Tree Regressor,BayesSearchCV,0.9458336862817833,0.45072386298627015,96.86102119714437,-0.04515482962583883,078e2a857d394e3a859226522fd402dd,experiment_linear_erythrocytes
2570.663407002809,0.0,erythrocytes,URINE,0.8,Decision Tree Regressor,BayesSearchCV,0.9458336862817833,0.45072386298627015,96.86102119714437,-0.04515482962583883,078e2a857d394e3a859226522fd402dd,experiment_linear_erythrocytes
2547.521650900759,0.0,erythrocytes,URINE,0.8,Decision Tree Regressor,BayesSearchCV,0.9458336862817833,0.45072386298627015,96.86102119714437,-0.04515482962583883,078e2a857d394e3a859226522fd402dd,experiment_linear_erythrocytes
2572.59188667798,0.0,erythrocytes,URINE,0.8,Decision Tree Regressor,BayesSearchCV,0.9458336862817833,0.45072386298627015,96.86102119714437,-0.04515482962583883,078e2a857d394e3a859226522fd402dd,experiment_linear_erythrocytes
2574.520366353152,0.0,erythrocytes,URINE,0.8,Decision Tree Regressor,BayesSearchCV,0.9458336862817833,0.45072386298627015,96.86102119714437,-0.04515482962583883,078e2a857d394e3a859226522fd402dd,experiment_linear_erythrocytes
2576.448846028322,0.0,erythrocytes,URINE,0.8,Decision Tree Regressor,BayesSearchCV,0.9458336862817833,0.45072386298627015,96.86102119714437,-0.04515482962583883,078e2a857d394e3a859226522fd402dd,experiment_linear_erythrocytes
2578.377325703493,0.0,erythrocytes,URINE,0.8,Decision Tree Regressor,BayesSearchCV,0.9458336862817833,0.45072386298627015,96.86102119714437,-0.04515482962583883,078e2a857d394e3a859226522fd402dd,experiment_linear_erythrocytes
2580.305805378664,0.0,erythrocytes,URINE,0.8,Decision Tree Regressor,BayesSearchCV,0.9458336862817833,0.45072386298627015,96.86102119714437,-0.04515482962583883,078e2a857d394e3a859226522fd402dd,experiment_linear_erythrocytes
2582.234285053835,0.0,erythrocytes,URINE,0.8,Decision Tree Regressor,BayesSearchCV,0.9458336862817833,0.45072386298627015,96.86102119714437,-0.04515482962583883,078e2a857d394e3a859226522fd402dd,experiment_linear_erythrocytes
3048.926366445193,0.012837458520754255,erythrocytes,CAPILAR,0.8,XGBoost Regressor,BayesSearchCV,0.8760062836384794,0.40880099223210264,92.63671340665255,0.06919080172573056,078e2a857d394e3a859226522fd402dd,experiment_linear_erythrocytes
1224.584593733522,0.008925750373367573,erythrocytes,CAPILAR,0.8,XGBoost Regressor,BayesSearchCV,0.8760062836384794,0.40880099223210264,92.63671340665255,0.06919080172573056,078e2a857d394e3a859226522fd402dd,experiment_linear_erythrocytes
1222.656114058351,0.008905118379303635,erythrocytes,CAPILAR,0.8,XGBoost Regressor,BayesSearchCV,0.8760062836384794,0.40880099223210264,92.63671340665255,0.06919080172573056,078e2a857d394e3a859226522fd402dd,experiment_linear_erythrocytes
1220.72763438318,0.008163196800725475,erythrocytes,CAPILAR,0.8,XGBoost Regressor,BayesSearchCV,0.8760062836384794,0.40880099223210264,92.63671340665255,0.06919080172573056,078e2a857d394e3a859226522fd402dd,experiment_linear_erythrocytes
1226.513073408692,0.00809183420065502,erythrocytes,CAPILAR,0.8,XGBoost Regressor,BayesSearchCV,0.8760062836384794,0.40880099223210264,92.63671340665255,0.06919080172573056,078e2a857d394e3a859226522fd402dd,experiment_linear_erythrocytes
1602.566610067018,0.007983806364628577,erythrocytes,CAPILAR,0.8,XGBoost Regressor,BayesSearchCV,0.8760062836384794,0.40880099223210264,92.63671340665255,0.06919080172573056,078e2a857d394e3a859226522fd402dd,experiment_linear_erythrocytes
1218.799154708009,0.007169386450461855,erythrocytes,CAPILAR,0.8,XGBoost Regressor,BayesSearchCV,0.8760062836384794,0.40880099223210264,92.63671340665255,0.06919080172573056,078e2a857d394e3a859226522fd402dd,experiment_linear_erythrocytes
1228.441553083863,0.0069099231175540595,erythrocytes,CAPILAR,0.8,XGBoost Regressor,BayesSearchCV,0.8760062836384794,0.40880099223210264,92.63671340665255,0.06919080172573056,078e2a857d394e3a859226522fd402dd,experiment_linear_erythrocytes
1216.870675032838,0.006101640559787896,erythrocytes,CAPILAR,0.8,XGBoost Regressor,BayesSearchCV,0.8760062836384794,0.40880099223210264,92.63671340665255,0.06919080172573056,078e2a857d394e3a859226522fd402dd,experiment_linear_erythrocytes
1230.370032759034,0.005757992406282224,erythrocytes,CAPILAR,0.8,XGBoost Regressor,BayesSearchCV,0.8760062836384794,0.40880099223210264,92.63671340665255,0.06919080172573056,078e2a857d394e3a859226522fd402dd,experiment_linear_erythrocytes
1600.638130391847,0.005380099377450859,erythrocytes,CAPILAR,0.8,XGBoost Regressor,BayesSearchCV,0.8760062836384794,0.40880099223210264,92.63671340665255,0.06919080172573056,078e2a857d394e3a859226522fd402dd,experiment_linear_erythrocytes
1214.942195357667,0.005083201200635245,erythrocytes,CAPILAR,0.8,XGBoost Regressor,BayesSearchCV,0.8760062836384794,0.40880099223210264,92.63671340665255,0.06919080172573056,078e2a857d394e3a859226522fd402dd,experiment_linear_erythrocytes
3046.997886770022,0.005053856171989633,erythrocytes,CAPILAR,0.8,XGBoost Regressor,BayesSearchCV,0.8760062836384794,0.40880099223210264,92.63671340665255,0.06919080172573056,078e2a857d394e3a859226522fd402dd,experiment_linear_erythrocytes
960.3828782351084,0.004841674982534047,erythrocytes,CAPILAR,0.8,XGBoost Regressor,BayesSearchCV,0.8760062836384794,0.40880099223210264,92.63671340665255,0.06919080172573056,078e2a857d394e3a859226522fd402dd,experiment_linear_erythrocytes
1166.730203478395,0.004810080889996995,erythrocytes,CAPILAR,0.8,XGBoost Regressor,BayesSearchCV,0.8760062836384794,0.40880099223210264,92.63671340665255,0.06919080172573056,078e2a857d394e3a859226522fd402dd,experiment_linear_erythrocytes
1168.658683153565,0.0048005816895093836,erythrocytes,CAPILAR,0.8,XGBoost Regressor,BayesSearchCV,0.8760062836384794,0.40880099223210264,92.63671340665255,0.06919080172573056,078e2a857d394e3a859226522fd402dd,experiment_linear_erythrocytes
1232.298512434205,0.004798183247167827,erythrocytes,CAPILAR,0.8,XGBoost Regressor,BayesSearchCV,0.8760062836384794,0.40880099223210264,92.63671340665255,0.06919080172573056,078e2a857d394e3a859226522fd402dd,experiment_linear_erythrocytes
962.3113579102792,0.004647840252601449,erythrocytes,CAPILAR,0.8,XGBoost Regressor,BayesSearchCV,0.8760062836384794,0.40880099223210264,92.63671340665255,0.06919080172573056,078e2a857d394e3a859226522fd402dd,experiment_linear_erythrocytes
1164.801723803224,0.004565379167814446,erythrocytes,CAPILAR,0.8,XGBoost Regressor,BayesSearchCV,0.8760062836384794,0.40880099223210264,92.63671340665255,0.06919080172573056,078e2a857d394e3a859226522fd402dd,experiment_linear_erythrocytes
1170.587162828736,0.004489757206961036,erythrocytes,CAPILAR,0.8,XGBoost Regressor,BayesSearchCV,0.8760062836384794,0.40880099223210264,92.63671340665255,0.06919080172573056,078e2a857d394e3a859226522fd402dd,experiment_linear_erythrocytes
1197.585878281129,0.17518538236618042,erythrocytes,CAPILAR,0.8,XGBoost Regressor,BayesSearchCV,0.8967150406661929,0.41680439288799587,92.34949743426108,0.024662029045028455,078e2a857d394e3a859226522fd402dd,experiment_linear_erythrocytes
1224.584593733522,0.14032047986984253,erythrocytes,CAPILAR,0.8,XGBoost Regressor,BayesSearchCV,0.8967150406661929,0.41680439288799587,92.34949743426108,0.024662029045028455,078e2a857d394e3a859226522fd402dd,experiment_linear_erythrocytes
1639.207723895265,0.12646381556987762,erythrocytes,CAPILAR,0.8,XGBoost Regressor,BayesSearchCV,0.8967150406661929,0.41680439288799587,92.34949743426108,0.024662029045028455,078e2a857d394e3a859226522fd402dd,experiment_linear_erythrocytes
1072.23469939502,0.118301160633564,erythrocytes,CAPILAR,0.8,XGBoost Regressor,BayesSearchCV,0.8967150406661929,0.41680439288799587,92.34949743426108,0.024662029045028455,078e2a857d394e3a859226522fd402dd,experiment_linear_erythrocytes
1294.009862039674,0.11563640087842941,erythrocytes,CAPILAR,0.8,XGBoost Regressor,BayesSearchCV,0.8967150406661929,0.41680439288799587,92.34949743426108,0.024662029045028455,078e2a857d394e3a859226522fd402dd,experiment_linear_erythrocytes
1166.730203478395,0.10876920819282532,erythrocytes,CAPILAR,0.8,XGBoost Regressor,BayesSearchCV,0.8967150406661929,0.41680439288799587,92.34949743426108,0.024662029045028455,078e2a857d394e3a859226522fd402dd,experiment_linear_erythrocytes
1477.215431180909,0.10872097313404083,erythrocytes,CAPILAR,0.8,XGBoost Regressor,BayesSearchCV,0.8967150406661929,0.41680439288799587,92.34949743426108,0.024662029045028455,078e2a857d394e3a859226522fd402dd,experiment_linear_erythrocytes
1216.870675032838,0.10660261660814285,erythrocytes,CAPILAR,0.8,XGBoost Regressor,BayesSearchCV,0.8967150406661929,0.41680439288799587,92.34949743426108,0.024662029045028455,078e2a857d394e3a859226522fd402dd,experiment_linear_erythrocytes
2570.663407002809,0.0,erythrocytes,CAPILAR,0.8,XGBoost Regressor,BayesSearchCV,0.8967150406661929,0.41680439288799587,92.34949743426108,0.024662029045028455,078e2a857d394e3a859226522fd402dd,experiment_linear_erythrocytes
2557.164049276613,0.0,erythrocytes,CAPILAR,0.8,XGBoost Regressor,BayesSearchCV,0.8967150406661929,0.41680439288799587,92.34949743426108,0.024662029045028455,078e2a857d394e3a859226522fd402dd,experiment_linear_erythrocytes
2559.092528951784,0.0,erythrocytes,CAPILAR,0.8,XGBoost Regressor,BayesSearchCV,0.8967150406661929,0.41680439288799587,92.34949743426108,0.024662029045028455,078e2a857d394e3a859226522fd402dd,experiment_linear_erythrocytes
2561.021008626955,0.0,erythrocytes,CAPILAR,0.8,XGBoost Regressor,BayesSearchCV,0.8967150406661929,0.41680439288799587,92.34949743426108,0.024662029045028455,078e2a857d394e3a859226522fd402dd,experiment_linear_erythrocytes
2562.949488302126,0.0,erythrocytes,CAPILAR,0.8,XGBoost Regressor,BayesSearchCV,0.8967150406661929,0.41680439288799587,92.34949743426108,0.024662029045028455,078e2a857d394e3a859226522fd402dd,experiment_linear_erythrocytes
2564.877967977297,0.0,erythrocytes,CAPILAR,0.8,XGBoost Regressor,BayesSearchCV,0.8967150406661929,0.41680439288799587,92.34949743426108,0.024662029045028455,078e2a857d394e3a859226522fd402dd,experiment_linear_erythrocytes
2566.806447652468,0.0,erythrocytes,CAPILAR,0.8,XGBoost Regressor,BayesSearchCV,0.8967150406661929,0.41680439288799587,92.34949743426108,0.024662029045028455,078e2a857d394e3a859226522fd402dd,experiment_linear_erythrocytes
2568.734927327639,0.0,erythrocytes,CAPILAR,0.8,XGBoost Regressor,BayesSearchCV,0.8967150406661929,0.41680439288799587,92.34949743426108,0.024662029045028455,078e2a857d394e3a859226522fd402dd,experiment_linear_erythrocytes
929.5272034323739,0.0,erythrocytes,CAPILAR,0.8,XGBoost Regressor,BayesSearchCV,0.8967150406661929,0.41680439288799587,92.34949743426108,0.024662029045028455,078e2a857d394e3a859226522fd402dd,experiment_linear_erythrocytes
2572.59188667798,0.0,erythrocytes,CAPILAR,0.8,XGBoost Regressor,BayesSearchCV,0.8967150406661929,0.41680439288799587,92.34949743426108,0.024662029045028455,078e2a857d394e3a859226522fd402dd,experiment_linear_erythrocytes
2574.520366353152,0.0,erythrocytes,CAPILAR,0.8,XGBoost Regressor,BayesSearchCV,0.8967150406661929,0.41680439288799587,92.34949743426108,0.024662029045028455,078e2a857d394e3a859226522fd402dd,experiment_linear_erythrocytes
2555.235569601442,0.0,erythrocytes,CAPILAR,0.8,XGBoost Regressor,BayesSearchCV,0.8967150406661929,0.41680439288799587,92.34949743426108,0.024662029045028455,078e2a857d394e3a859226522fd402dd,experiment_linear_erythrocytes
3048.926366445193,0.012820575952644095,erythrocytes,CAPILAR,0.8,XGBoost Regressor,BayesSearchCV,0.8763909899750617,0.41775590260823575,92.57536152810206,0.06837307511280122,078e2a857d394e3a859226522fd402dd,experiment_linear_erythrocytes
1224.584593733522,0.00850328840863874,erythrocytes,CAPILAR,0.8,XGBoost Regressor,BayesSearchCV,0.8763909899750617,0.41775590260823575,92.57536152810206,0.06837307511280122,078e2a857d394e3a859226522fd402dd,experiment_linear_erythrocytes
1222.656114058351,0.008494207385556597,erythrocytes,CAPILAR,0.8,XGBoost Regressor,BayesSearchCV,0.8763909899750617,0.41775590260823575,92.57536152810206,0.06837307511280122,078e2a857d394e3a859226522fd402dd,experiment_linear_erythrocytes
1602.566610067018,0.008017482940369601,erythrocytes,CAPILAR,0.8,XGBoost Regressor,BayesSearchCV,0.8763909899750617,0.41775590260823575,92.57536152810206,0.06837307511280122,078e2a857d394e3a859226522fd402dd,experiment_linear_erythrocytes
1220.72763438318,0.007823760714659102,erythrocytes,CAPILAR,0.8,XGBoost Regressor,BayesSearchCV,0.8763909899750617,0.41775590260823575,92.57536152810206,0.06837307511280122,078e2a857d394e3a859226522fd402dd,experiment_linear_erythrocytes
1226.513073408692,0.007738885385797105,erythrocytes,CAPILAR,0.8,XGBoost Regressor,BayesSearchCV,0.8763909899750617,0.41775590260823575,92.57536152810206,0.06837307511280122,078e2a857d394e3a859226522fd402dd,experiment_linear_erythrocytes
1218.799154708009,0.006885864530512392,erythrocytes,CAPILAR,0.8,XGBoost Regressor,BayesSearchCV,0.8763909899750617,0.41775590260823575,92.57536152810206,0.06837307511280122,078e2a857d394e3a859226522fd402dd,experiment_linear_erythrocytes
1228.441553083863,0.006633017917908881,erythrocytes,CAPILAR,0.8,XGBoost Regressor,BayesSearchCV,0.8763909899750617,0.41775590260823575,92.57536152810206,0.06837307511280122,078e2a857d394e3a859226522fd402dd,experiment_linear_erythrocytes
1216.870675032838,0.005862300144406566,erythrocytes,CAPILAR,0.8,XGBoost Regressor,BayesSearchCV,0.8763909899750617,0.41775590260823575,92.57536152810206,0.06837307511280122,078e2a857d394e3a859226522fd402dd,experiment_linear_erythrocytes
1230.370032759034,0.005536902600553036,erythrocytes,CAPILAR,0.8,XGBoost Regressor,BayesSearchCV,0.8763909899750617,0.41775590260823575,92.57536152810206,0.06837307511280122,078e2a857d394e3a859226522fd402dd,experiment_linear_erythrocytes
960.3828782351084,0.005436459783693423,erythrocytes,CAPILAR,0.8,XGBoost Regressor,BayesSearchCV,0.8763909899750617,0.41775590260823575,92.57536152810206,0.06837307511280122,078e2a857d394e3a859226522fd402dd,experiment_linear_erythrocytes
1600.638130391847,0.005424743293499089,erythrocytes,CAPILAR,0.8,XGBoost Regressor,BayesSearchCV,0.8763909899750617,0.41775590260823575,92.57536152810206,0.06837307511280122,078e2a857d394e3a859226522fd402dd,experiment_linear_erythrocytes
962.3113579102792,0.005270371104327366,erythrocytes,CAPILAR,0.8,XGBoost Regressor,BayesSearchCV,0.8763909899750617,0.41775590260823575,92.57536152810206,0.06837307511280122,078e2a857d394e3a859226522fd402dd,experiment_linear_erythrocytes
952.6689595344246,0.005112091178067853,erythrocytes,CAPILAR,0.8,XGBoost Regressor,BayesSearchCV,0.8763909899750617,0.41775590260823575,92.57536152810206,0.06837307511280122,078e2a857d394e3a859226522fd402dd,experiment_linear_erythrocytes
948.812000184083,0.005030987431520344,erythrocytes,CAPILAR,0.8,XGBoost Regressor,BayesSearchCV,0.8763909899750617,0.41775590260823575,92.57536152810206,0.06837307511280122,078e2a857d394e3a859226522fd402dd,experiment_linear_erythrocytes
3046.997886770022,0.005010920435246654,erythrocytes,CAPILAR,0.8,XGBoost Regressor,BayesSearchCV,0.8763909899750617,0.41775590260823575,92.57536152810206,0.06837307511280122,078e2a857d394e3a859226522fd402dd,experiment_linear_erythrocytes
950.7404798592538,0.005006054373985501,erythrocytes,CAPILAR,0.8,XGBoost Regressor,BayesSearchCV,0.8763909899750617,0.41775590260823575,92.57536152810206,0.06837307511280122,078e2a857d394e3a859226522fd402dd,experiment_linear_erythrocytes
1214.942195357667,0.004877437106558271,erythrocytes,CAPILAR,0.8,XGBoost Regressor,BayesSearchCV,0.8763909899750617,0.41775590260823575,92.57536152810206,0.06837307511280122,078e2a857d394e3a859226522fd402dd,experiment_linear_erythrocytes
954.5974392095954,0.004855659670607046,erythrocytes,CAPILAR,0.8,XGBoost Regressor,BayesSearchCV,0.8763909899750617,0.41775590260823575,92.57536152810206,0.06837307511280122,078e2a857d394e3a859226522fd402dd,experiment_linear_erythrocytes
1232.298512434205,0.004623211349058052,erythrocytes,CAPILAR,0.8,XGBoost Regressor,BayesSearchCV,0.8763909899750617,0.41775590260823575,92.57536152810206,0.06837307511280122,078e2a857d394e3a859226522fd402dd,experiment_linear_erythrocytes
1754.916504405519,0.014560544863343239,erythrocytes,CAPILAR,0.8,XGBoost Regressor,BayesSearchCV,0.8952262880780406,0.42075628965328904,92.6953875095113,0.02789791002316966,078e2a857d394e3a859226522fd402dd,experiment_linear_erythrocytes
1652.707081621461,0.014438389800488949,erythrocytes,CAPILAR,0.8,XGBoost Regressor,BayesSearchCV,0.8952262880780406,0.42075628965328904,92.6953875095113,0.02789791002316966,078e2a857d394e3a859226522fd402dd,experiment_linear_erythrocytes
1627.63684584424,0.013855412602424622,erythrocytes,CAPILAR,0.8,XGBoost Regressor,BayesSearchCV,0.8952262880780406,0.42075628965328904,92.6953875095113,0.02789791002316966,078e2a857d394e3a859226522fd402dd,experiment_linear_erythrocytes
2532.093813499392,0.01116069033741951,erythrocytes,CAPILAR,0.8,XGBoost Regressor,BayesSearchCV,0.8952262880780406,0.42075628965328904,92.6953875095113,0.02789791002316966,078e2a857d394e3a859226522fd402dd,experiment_linear_erythrocytes
1274.725065287965,0.010946803726255894,erythrocytes,CAPILAR,0.8,XGBoost Regressor,BayesSearchCV,0.8952262880780406,0.42075628965328904,92.6953875095113,0.02789791002316966,078e2a857d394e3a859226522fd402dd,experiment_linear_erythrocytes
1259.297227886598,0.010328393429517746,erythrocytes,CAPILAR,0.8,XGBoost Regressor,BayesSearchCV,0.8952262880780406,0.42075628965328904,92.6953875095113,0.02789791002316966,078e2a857d394e3a859226522fd402dd,experiment_linear_erythrocytes
1186.015000230103,0.010065716691315174,erythrocytes,CAPILAR,0.8,XGBoost Regressor,BayesSearchCV,0.8952262880780406,0.42075628965328904,92.6953875095113,0.02789791002316966,078e2a857d394e3a859226522fd402dd,experiment_linear_erythrocytes
2528.23685414905,0.00917407963424921,erythrocytes,CAPILAR,0.8,XGBoost Regressor,BayesSearchCV,0.8952262880780406,0.42075628965328904,92.6953875095113,0.02789791002316966,078e2a857d394e3a859226522fd402dd,experiment_linear_erythrocytes
1747.202585704835,0.009083518758416176,erythrocytes,CAPILAR,0.8,XGBoost Regressor,BayesSearchCV,0.8952262880780406,0.42075628965328904,92.6953875095113,0.02789791002316966,078e2a857d394e3a859226522fd402dd,experiment_linear_erythrocytes
1432.860398651979,0.008700544014573097,erythrocytes,CAPILAR,0.8,XGBoost Regressor,BayesSearchCV,0.8952262880780406,0.42075628965328904,92.6953875095113,0.02789791002316966,078e2a857d394e3a859226522fd402dd,experiment_linear_erythrocytes
2510.880537072512,0.008555580861866474,erythrocytes,CAPILAR,0.8,XGBoost Regressor,BayesSearchCV,0.8952262880780406,0.42075628965328904,92.6953875095113,0.02789791002316966,078e2a857d394e3a859226522fd402dd,experiment_linear_erythrocytes
1243.86939048523,0.008527110330760479,erythrocytes,CAPILAR,0.8,XGBoost Regressor,BayesSearchCV,0.8952262880780406,0.42075628965328904,92.6953875095113,0.02789791002316966,078e2a857d394e3a859226522fd402dd,experiment_linear_erythrocytes
1330.650975867921,0.008210078813135624,erythrocytes,CAPILAR,0.8,XGBoost Regressor,BayesSearchCV,0.8952262880780406,0.42075628965328904,92.6953875095113,0.02789791002316966,078e2a857d394e3a859226522fd402dd,experiment_linear_erythrocytes
1045.235983942628,0.008173936046659946,erythrocytes,CAPILAR,0.8,XGBoost Regressor,BayesSearchCV,0.8952262880780406,0.42075628965328904,92.6953875095113,0.02789791002316966,078e2a857d394e3a859226522fd402dd,experiment_linear_erythrocytes
1353.792731969972,0.007791243493556976,erythrocytes,CAPILAR,0.8,XGBoost Regressor,BayesSearchCV,0.8952262880780406,0.42075628965328904,92.6953875095113,0.02789791002316966,078e2a857d394e3a859226522fd402dd,experiment_linear_erythrocytes
1702.847553175905,0.007724159862846136,erythrocytes,CAPILAR,0.8,XGBoost Regressor,BayesSearchCV,0.8952262880780406,0.42075628965328904,92.6953875095113,0.02789791002316966,078e2a857d394e3a859226522fd402dd,experiment_linear_erythrocytes
958.4543985599371,0.007707856595516205,erythrocytes,CAPILAR,0.8,XGBoost Regressor,BayesSearchCV,0.8952262880780406,0.42075628965328904,92.6953875095113,0.02789791002316966,078e2a857d394e3a859226522fd402dd,experiment_linear_erythrocytes
981.5961546619883,0.007583084981888533,erythrocytes,CAPILAR,0.8,XGBoost Regressor,BayesSearchCV,0.8952262880780406,0.42075628965328904,92.6953875095113,0.02789791002316966,078e2a857d394e3a859226522fd402dd,experiment_linear_erythrocytes
1020.165748165406,0.007566678803414106,erythrocytes,CAPILAR,0.8,XGBoost Regressor,BayesSearchCV,0.8952262880780406,0.42075628965328904,92.6953875095113,0.02789791002316966,078e2a857d394e3a859226522fd402dd,experiment_linear_erythrocytes
1739.488667004152,0.007336638867855072,erythrocytes,CAPILAR,0.8,XGBoost Regressor,BayesSearchCV,0.8952262880780406,0.42075628965328904,92.6953875095113,0.02789791002316966,078e2a857d394e3a859226522fd402dd,experiment_linear_erythrocytes
1625.708366169069,0.0035753883632267825,erythrocytes,PLASMA,0.8,XGBoost Regressor,BayesSearchCV,0.9120291001341934,0.43333500635056277,90.7241587171894,-0.06191034155066211,078e2a857d394e3a859226522fd402dd,experiment_linear_erythrocytes
1623.779886493898,0.00357497778676583,erythrocytes,PLASMA,0.8,XGBoost Regressor,BayesSearchCV,0.9120291001341934,0.43333500635056277,90.7241587171894,-0.06191034155066211,078e2a857d394e3a859226522fd402dd,experiment_linear_erythrocytes
1621.851406818727,0.0035599665766267745,erythrocytes,PLASMA,0.8,XGBoost Regressor,BayesSearchCV,0.9120291001341934,0.43333500635056277,90.7241587171894,-0.06191034155066211,078e2a857d394e3a859226522fd402dd,experiment_linear_erythrocytes
1627.63684584424,0.0035230524525430005,erythrocytes,PLASMA,0.8,XGBoost Regressor,BayesSearchCV,0.9120291001341934,0.43333500635056277,90.7241587171894,-0.06191034155066211,078e2a857d394e3a859226522fd402dd,experiment_linear_erythrocytes
1619.922927143556,0.0035089417133549227,erythrocytes,PLASMA,0.8,XGBoost Regressor,BayesSearchCV,0.9120291001341934,0.43333500635056277,90.7241587171894,-0.06191034155066211,078e2a857d394e3a859226522fd402dd,experiment_linear_erythrocytes
1617.994447468385,0.0034654546374041488,erythrocytes,PLASMA,0.8,XGBoost Regressor,BayesSearchCV,0.9120291001341934,0.43333500635056277,90.7241587171894,-0.06191034155066211,078e2a857d394e3a859226522fd402dd,experiment_linear_erythrocytes
1616.065967793214,0.003453673448151223,erythrocytes,PLASMA,0.8,XGBoost Regressor,BayesSearchCV,0.9120291001341934,0.43333500635056277,90.7241587171894,-0.06191034155066211,078e2a857d394e3a859226522fd402dd,experiment_linear_erythrocytes
1614.137488118043,0.0033906731813794504,erythrocytes,PLASMA,0.8,XGBoost Regressor,BayesSearchCV,0.9120291001341934,0.43333500635056277,90.7241587171894,-0.06191034155066211,078e2a857d394e3a859226522fd402dd,experiment_linear_erythrocytes
1629.56532551941,0.0033673192080915662,erythrocytes,PLASMA,0.8,XGBoost Regressor,BayesSearchCV,0.9120291001341934,0.43333500635056277,90.7241587171894,-0.06191034155066211,078e2a857d394e3a859226522fd402dd,experiment_linear_erythrocytes
1546.640699487062,0.003352300112528855,erythrocytes,PLASMA,0.8,XGBoost Regressor,BayesSearchCV,0.9120291001341934,0.43333500635056277,90.7241587171894,-0.06191034155066211,078e2a857d394e3a859226522fd402dd,experiment_linear_erythrocytes
1548.569179162233,0.0033156060458644845,erythrocytes,PLASMA,0.8,XGBoost Regressor,BayesSearchCV,0.9120291001341934,0.43333500635056277,90.7241587171894,-0.06191034155066211,078e2a857d394e3a859226522fd402dd,experiment_linear_erythrocytes
1550.497658837404,0.0033059796485446257,erythrocytes,PLASMA,0.8,XGBoost Regressor,BayesSearchCV,0.9120291001341934,0.43333500635056277,90.7241587171894,-0.06191034155066211,078e2a857d394e3a859226522fd402dd,experiment_linear_erythrocytes
1612.209008442873,0.003294596500896658,erythrocytes,PLASMA,0.8,XGBoost Regressor,BayesSearchCV,0.9120291001341934,0.43333500635056277,90.7241587171894,-0.06191034155066211,078e2a857d394e3a859226522fd402dd,experiment_linear_erythrocytes
1552.426138512574,0.0032659040492637403,erythrocytes,PLASMA,0.8,XGBoost Regressor,BayesSearchCV,0.9120291001341934,0.43333500635056277,90.7241587171894,-0.06191034155066211,078e2a857d394e3a859226522fd402dd,experiment_linear_erythrocytes
1544.712219811891,0.003253294631810688,erythrocytes,PLASMA,0.8,XGBoost Regressor,BayesSearchCV,0.9120291001341934,0.43333500635056277,90.7241587171894,-0.06191034155066211,078e2a857d394e3a859226522fd402dd,experiment_linear_erythrocytes
1610.280528767702,0.0032190518323404445,erythrocytes,PLASMA,0.8,XGBoost Regressor,BayesSearchCV,0.9120291001341934,0.43333500635056277,90.7241587171894,-0.06191034155066211,078e2a857d394e3a859226522fd402dd,experiment_linear_erythrocytes
1542.78374013672,0.0031885136728384634,erythrocytes,PLASMA,0.8,XGBoost Regressor,BayesSearchCV,0.9120291001341934,0.43333500635056277,90.7241587171894,-0.06191034155066211,078e2a857d394e3a859226522fd402dd,experiment_linear_erythrocytes
1631.493805194581,0.0031868403987699912,erythrocytes,PLASMA,0.8,XGBoost Regressor,BayesSearchCV,0.9120291001341934,0.43333500635056277,90.7241587171894,-0.06191034155066211,078e2a857d394e3a859226522fd402dd,experiment_linear_erythrocytes
1207.228276656984,0.003163353858834007,erythrocytes,PLASMA,0.8,XGBoost Regressor,BayesSearchCV,0.9120291001341934,0.43333500635056277,90.7241587171894,-0.06191034155066211,078e2a857d394e3a859226522fd402dd,experiment_linear_erythrocytes
1795.414577584108,0.003155867253386978,erythrocytes,PLASMA,0.8,XGBoost Regressor,BayesSearchCV,0.9120291001341934,0.43333500635056277,90.7241587171894,-0.06191034155066211,078e2a857d394e3a859226522fd402dd,experiment_linear_erythrocytes
2753.868976144045,0.03986030071973801,erythrocytes,PLASMA,0.8,XGBoost Regressor,BayesSearchCV,0.887864051700313,0.4655232951754615,88.525626542587,-0.006383259284390874,078e2a857d394e3a859226522fd402dd,experiment_linear_erythrocytes
1600.638130391847,0.03112044930458069,erythrocytes,PLASMA,0.8,XGBoost Regressor,BayesSearchCV,0.887864051700313,0.4655232951754615,88.525626542587,-0.006383259284390874,078e2a857d394e3a859226522fd402dd,experiment_linear_erythrocytes
2761.582894844729,0.030172739177942276,erythrocytes,PLASMA,0.8,XGBoost Regressor,BayesSearchCV,0.887864051700313,0.4655232951754615,88.525626542587,-0.006383259284390874,078e2a857d394e3a859226522fd402dd,experiment_linear_erythrocytes
1384.648406772706,0.029063954949378967,erythrocytes,PLASMA,0.8,XGBoost Regressor,BayesSearchCV,0.887864051700313,0.4655232951754615,88.525626542587,-0.006383259284390874,078e2a857d394e3a859226522fd402dd,experiment_linear_erythrocytes
1594.852691366334,0.02841014228761196,erythrocytes,PLASMA,0.8,XGBoost Regressor,BayesSearchCV,0.887864051700313,0.4655232951754615,88.525626542587,-0.006383259284390874,078e2a857d394e3a859226522fd402dd,experiment_linear_erythrocytes
1133.946049000489,0.028180954977869987,erythrocytes,PLASMA,0.8,XGBoost Regressor,BayesSearchCV,0.887864051700313,0.4655232951754615,88.525626542587,-0.006383259284390874,078e2a857d394e3a859226522fd402dd,experiment_linear_erythrocytes
2632.374756608278,0.024968914687633514,erythrocytes,PLASMA,0.8,XGBoost Regressor,BayesSearchCV,0.887864051700313,0.4655232951754615,88.525626542587,-0.006383259284390874,078e2a857d394e3a859226522fd402dd,experiment_linear_erythrocytes
2588.019724079348,0.024702314287424088,erythrocytes,PLASMA,0.8,XGBoost Regressor,BayesSearchCV,0.887864051700313,0.4655232951754615,88.525626542587,-0.006383259284390874,078e2a857d394e3a859226522fd402dd,experiment_linear_erythrocytes
1832.055691412355,0.01755770854651928,erythrocytes,PLASMA,0.8,XGBoost Regressor,BayesSearchCV,0.887864051700313,0.4655232951754615,88.525626542587,-0.006383259284390874,078e2a857d394e3a859226522fd402dd,experiment_linear_erythrocytes
1064.520780694337,0.017228608950972557,erythrocytes,PLASMA,0.8,XGBoost Regressor,BayesSearchCV,0.887864051700313,0.4655232951754615,88.525626542587,-0.006383259284390874,078e2a857d394e3a859226522fd402dd,experiment_linear_erythrocytes
943.0265611585701,0.015374711714684963,erythrocytes,PLASMA,0.8,XGBoost Regressor,BayesSearchCV,0.887864051700313,0.4655232951754615,88.525626542587,-0.006383259284390874,078e2a857d394e3a859226522fd402dd,experiment_linear_erythrocytes
1548.569179162233,0.014955390244722366,erythrocytes,PLASMA,0.8,XGBoost Regressor,BayesSearchCV,0.887864051700313,0.4655232951754615,88.525626542587,-0.006383259284390874,078e2a857d394e3a859226522fd402dd,experiment_linear_erythrocytes
1467.573032805055,0.014778604730963707,erythrocytes,PLASMA,0.8,XGBoost Regressor,BayesSearchCV,0.887864051700313,0.4655232951754615,88.525626542587,-0.006383259284390874,078e2a857d394e3a859226522fd402dd,experiment_linear_erythrocytes
2734.584179392336,0.013253068551421165,erythrocytes,PLASMA,0.8,XGBoost Regressor,BayesSearchCV,0.887864051700313,0.4655232951754615,88.525626542587,-0.006383259284390874,078e2a857d394e3a859226522fd402dd,experiment_linear_erythrocytes
1556.283097862916,0.013029252178966999,erythrocytes,PLASMA,0.8,XGBoost Regressor,BayesSearchCV,0.887864051700313,0.4655232951754615,88.525626542587,-0.006383259284390874,078e2a857d394e3a859226522fd402dd,experiment_linear_erythrocytes
1666.206439347658,0.012866102159023285,erythrocytes,PLASMA,0.8,XGBoost Regressor,BayesSearchCV,0.887864051700313,0.4655232951754615,88.525626542587,-0.006383259284390874,078e2a857d394e3a859226522fd402dd,experiment_linear_erythrocytes
1014.380309139893,0.012722366489470005,erythrocytes,PLASMA,0.8,XGBoost Regressor,BayesSearchCV,0.887864051700313,0.4655232951754615,88.525626542587,-0.006383259284390874,078e2a857d394e3a859226522fd402dd,experiment_linear_erythrocytes
1558.211577538087,0.01271040365099907,erythrocytes,PLASMA,0.8,XGBoost Regressor,BayesSearchCV,0.887864051700313,0.4655232951754615,88.525626542587,-0.006383259284390874,078e2a857d394e3a859226522fd402dd,experiment_linear_erythrocytes
2736.512659067507,0.012085562571883202,erythrocytes,PLASMA,0.8,XGBoost Regressor,BayesSearchCV,0.887864051700313,0.4655232951754615,88.525626542587,-0.006383259284390874,078e2a857d394e3a859226522fd402dd,experiment_linear_erythrocytes
1041.379024592286,0.011818922124803066,erythrocytes,PLASMA,0.8,XGBoost Regressor,BayesSearchCV,0.887864051700313,0.4655232951754615,88.525626542587,-0.006383259284390874,078e2a857d394e3a859226522fd402dd,experiment_linear_erythrocytes
1625.708366169069,0.003427107150942922,erythrocytes,PLASMA,0.8,XGBoost Regressor,BayesSearchCV,0.9090063702195291,0.4431500630151658,90.6715769340546,-0.054883046178354045,078e2a857d394e3a859226522fd402dd,experiment_linear_erythrocytes
1627.63684584424,0.0034099280404001745,erythrocytes,PLASMA,0.8,XGBoost Regressor,BayesSearchCV,0.9090063702195291,0.4431500630151658,90.6715769340546,-0.054883046178354045,078e2a857d394e3a859226522fd402dd,experiment_linear_erythrocytes
1623.779886493898,0.0034039033196574505,erythrocytes,PLASMA,0.8,XGBoost Regressor,BayesSearchCV,0.9090063702195291,0.4431500630151658,90.6715769340546,-0.054883046178354045,078e2a857d394e3a859226522fd402dd,experiment_linear_erythrocytes
1621.851406818727,0.003375953955572282,erythrocytes,PLASMA,0.8,XGBoost Regressor,BayesSearchCV,0.9090063702195291,0.4431500630151658,90.6715769340546,-0.054883046178354045,078e2a857d394e3a859226522fd402dd,experiment_linear_erythrocytes
1552.426138512574,0.0033652354818553285,erythrocytes,PLASMA,0.8,XGBoost Regressor,BayesSearchCV,0.9090063702195291,0.4431500630151658,90.6715769340546,-0.054883046178354045,078e2a857d394e3a859226522fd402dd,experiment_linear_erythrocytes
1550.497658837404,0.003330371569660355,erythrocytes,PLASMA,0.8,XGBoost Regressor,BayesSearchCV,0.9090063702195291,0.4431500630151658,90.6715769340546,-0.054883046178354045,078e2a857d394e3a859226522fd402dd,experiment_linear_erythrocytes
1546.640699487062,0.0033125292156761152,erythrocytes,PLASMA,0.8,XGBoost Regressor,BayesSearchCV,0.9090063702195291,0.4431500630151658,90.6715769340546,-0.054883046178354045,078e2a857d394e3a859226522fd402dd,experiment_linear_erythrocytes
1619.922927143556,0.003307950188945712,erythrocytes,PLASMA,0.8,XGBoost Regressor,BayesSearchCV,0.9090063702195291,0.4431500630151658,90.6715769340546,-0.054883046178354045,078e2a857d394e3a859226522fd402dd,experiment_linear_erythrocytes
1205.299796981813,0.0033017241204161244,erythrocytes,PLASMA,0.8,XGBoost Regressor,BayesSearchCV,0.9090063702195291,0.4431500630151658,90.6715769340546,-0.054883046178354045,078e2a857d394e3a859226522fd402dd,experiment_linear_erythrocytes
1207.228276656984,0.0032950770201649175,erythrocytes,PLASMA,0.8,XGBoost Regressor,BayesSearchCV,0.9090063702195291,0.4431500630151658,90.6715769340546,-0.054883046178354045,078e2a857d394e3a859226522fd402dd,experiment_linear_erythrocytes
1548.569179162233,0.003291122383930529,erythrocytes,PLASMA,0.8,XGBoost Regressor,BayesSearchCV,0.9090063702195291,0.4431500630151658,90.6715769340546,-0.054883046178354045,078e2a857d394e3a859226522fd402dd,experiment_linear_erythrocytes
1629.56532551941,0.003289246332300414,erythrocytes,PLASMA,0.8,XGBoost Regressor,BayesSearchCV,0.9090063702195291,0.4431500630151658,90.6715769340546,-0.054883046178354045,078e2a857d394e3a859226522fd402dd,experiment_linear_erythrocytes
1203.371317306642,0.0032862724388689805,erythrocytes,PLASMA,0.8,XGBoost Regressor,BayesSearchCV,0.9090063702195291,0.4431500630151658,90.6715769340546,-0.054883046178354045,078e2a857d394e3a859226522fd402dd,experiment_linear_erythrocytes
1718.275390577272,0.0032766900528115026,erythrocytes,PLASMA,0.8,XGBoost Regressor,BayesSearchCV,0.9090063702195291,0.4431500630151658,90.6715769340546,-0.054883046178354045,078e2a857d394e3a859226522fd402dd,experiment_linear_erythrocytes
1617.994447468385,0.003254792362347521,erythrocytes,PLASMA,0.8,XGBoost Regressor,BayesSearchCV,0.9090063702195291,0.4431500630151658,90.6715769340546,-0.054883046178354045,078e2a857d394e3a859226522fd402dd,experiment_linear_erythrocytes
1616.065967793214,0.0032508517141841484,erythrocytes,PLASMA,0.8,XGBoost Regressor,BayesSearchCV,0.9090063702195291,0.4431500630151658,90.6715769340546,-0.054883046178354045,078e2a857d394e3a859226522fd402dd,experiment_linear_erythrocytes
1793.486097908937,0.0032432179968917,erythrocytes,PLASMA,0.8,XGBoost Regressor,BayesSearchCV,0.9090063702195291,0.4431500630151658,90.6715769340546,-0.054883046178354045,078e2a857d394e3a859226522fd402dd,experiment_linear_erythrocytes
1209.156756332154,0.0032358629486019166,erythrocytes,PLASMA,0.8,XGBoost Regressor,BayesSearchCV,0.9090063702195291,0.4431500630151658,90.6715769340546,-0.054883046178354045,078e2a857d394e3a859226522fd402dd,experiment_linear_erythrocytes
1795.414577584108,0.003229516546888806,erythrocytes,PLASMA,0.8,XGBoost Regressor,BayesSearchCV,0.9090063702195291,0.4431500630151658,90.6715769340546,-0.054883046178354045,078e2a857d394e3a859226522fd402dd,experiment_linear_erythrocytes
1791.557618233766,0.0032133106340925858,erythrocytes,PLASMA,0.8,XGBoost Regressor,BayesSearchCV,0.9090063702195291,0.4431500630151658,90.6715769340546,-0.054883046178354045,078e2a857d394e3a859226522fd402dd,experiment_linear_erythrocytes
2586.091244404177,0.03099164366722107,erythrocytes,PLASMA,0.8,XGBoost Regressor,BayesSearchCV,0.8930039270000351,0.45218559764680405,89.20864593450082,-0.01806896019761206,078e2a857d394e3a859226522fd402dd,experiment_linear_erythrocytes
2607.304520831057,0.025055738165974617,erythrocytes,PLASMA,0.8,XGBoost Regressor,BayesSearchCV,0.8930039270000351,0.45218559764680405,89.20864593450082,-0.01806896019761206,078e2a857d394e3a859226522fd402dd,experiment_linear_erythrocytes
2605.376041155886,0.01622200198471546,erythrocytes,PLASMA,0.8,XGBoost Regressor,BayesSearchCV,0.8930039270000351,0.45218559764680405,89.20864593450082,-0.01806896019761206,078e2a857d394e3a859226522fd402dd,experiment_linear_erythrocytes
1355.721211645143,0.014545782469213009,erythrocytes,PLASMA,0.8,XGBoost Regressor,BayesSearchCV,0.8930039270000351,0.45218559764680405,89.20864593450082,-0.01806896019761206,078e2a857d394e3a859226522fd402dd,experiment_linear_erythrocytes
2588.019724079348,0.014204389415681362,erythrocytes,PLASMA,0.8,XGBoost Regressor,BayesSearchCV,0.8930039270000351,0.45218559764680405,89.20864593450082,-0.01806896019761206,078e2a857d394e3a859226522fd402dd,experiment_linear_erythrocytes
1774.201301157228,0.010927814990282059,erythrocytes,PLASMA,0.8,XGBoost Regressor,BayesSearchCV,0.8930039270000351,0.45218559764680405,89.20864593450082,-0.01806896019761206,078e2a857d394e3a859226522fd402dd,experiment_linear_erythrocytes
2859.935358278445,0.010126164183020592,erythrocytes,PLASMA,0.8,XGBoost Regressor,BayesSearchCV,0.8930039270000351,0.45218559764680405,89.20864593450082,-0.01806896019761206,078e2a857d394e3a859226522fd402dd,experiment_linear_erythrocytes
2566.806447652468,0.009933814406394958,erythrocytes,PLASMA,0.8,XGBoost Regressor,BayesSearchCV,0.8930039270000351,0.45218559764680405,89.20864593450082,-0.01806896019761206,078e2a857d394e3a859226522fd402dd,experiment_linear_erythrocytes
2761.582894844729,0.00982308853417635,erythrocytes,PLASMA,0.8,XGBoost Regressor,BayesSearchCV,0.8930039270000351,0.45218559764680405,89.20864593450082,-0.01806896019761206,078e2a857d394e3a859226522fd402dd,experiment_linear_erythrocytes
2632.374756608278,0.009702037088572979,erythrocytes,PLASMA,0.8,XGBoost Regressor,BayesSearchCV,0.8930039270000351,0.45218559764680405,89.20864593450082,-0.01806896019761206,078e2a857d394e3a859226522fd402dd,experiment_linear_erythrocytes
2753.868976144045,0.009455122984945774,erythrocytes,PLASMA,0.8,XGBoost Regressor,BayesSearchCV,0.8930039270000351,0.45218559764680405,89.20864593450082,-0.01806896019761206,078e2a857d394e3a859226522fd402dd,experiment_linear_erythrocytes
2734.584179392336,0.008884652517735958,erythrocytes,PLASMA,0.8,XGBoost Regressor,BayesSearchCV,0.8930039270000351,0.45218559764680405,89.20864593450082,-0.01806896019761206,078e2a857d394e3a859226522fd402dd,experiment_linear_erythrocytes
1565.925496238771,0.008465568535029888,erythrocytes,PLASMA,0.8,XGBoost Regressor,BayesSearchCV,0.8930039270000351,0.45218559764680405,89.20864593450082,-0.01806896019761206,078e2a857d394e3a859226522fd402dd,experiment_linear_erythrocytes
1558.211577538087,0.008220147341489792,erythrocytes,PLASMA,0.8,XGBoost Regressor,BayesSearchCV,0.8930039270000351,0.45218559764680405,89.20864593450082,-0.01806896019761206,078e2a857d394e3a859226522fd402dd,experiment_linear_erythrocytes
1029.808146541261,0.007785068359225988,erythrocytes,PLASMA,0.8,XGBoost Regressor,BayesSearchCV,0.8930039270000351,0.45218559764680405,89.20864593450082,-0.01806896019761206,078e2a857d394e3a859226522fd402dd,experiment_linear_erythrocytes
2865.720797303957,0.007366770412772894,erythrocytes,PLASMA,0.8,XGBoost Regressor,BayesSearchCV,0.8930039270000351,0.45218559764680405,89.20864593450082,-0.01806896019761206,078e2a857d394e3a859226522fd402dd,experiment_linear_erythrocytes
2628.517797257937,0.007254287134855986,erythrocytes,PLASMA,0.8,XGBoost Regressor,BayesSearchCV,0.8930039270000351,0.45218559764680405,89.20864593450082,-0.01806896019761206,078e2a857d394e3a859226522fd402dd,experiment_linear_erythrocytes
2929.360626584597,0.007221889216452837,erythrocytes,PLASMA,0.8,XGBoost Regressor,BayesSearchCV,0.8930039270000351,0.45218559764680405,89.20864593450082,-0.01806896019761206,078e2a857d394e3a859226522fd402dd,experiment_linear_erythrocytes
2798.224008672976,0.007142987567931414,erythrocytes,PLASMA,0.8,XGBoost Regressor,BayesSearchCV,0.8930039270000351,0.45218559764680405,89.20864593450082,-0.01806896019761206,078e2a857d394e3a859226522fd402dd,experiment_linear_erythrocytes
983.5246343371587,0.006863704416900873,erythrocytes,PLASMA,0.8,XGBoost Regressor,BayesSearchCV,0.8930039270000351,0.45218559764680405,89.20864593450082,-0.01806896019761206,078e2a857d394e3a859226522fd402dd,experiment_linear_erythrocytes
1583.281813315309,0.004590257906604231,erythrocytes,SALIVA,0.8,XGBoost Regressor,BayesSearchCV,0.9256988467290099,0.43056240445091615,93.09566849097392,-0.10388970970952194,078e2a857d394e3a859226522fd402dd,experiment_linear_erythrocytes
1585.21029299048,0.004566413207098913,erythrocytes,SALIVA,0.8,XGBoost Regressor,BayesSearchCV,0.9256988467290099,0.43056240445091615,93.09566849097392,-0.10388970970952194,078e2a857d394e3a859226522fd402dd,experiment_linear_erythrocytes
1581.353333640138,0.004536165891650202,erythrocytes,SALIVA,0.8,XGBoost Regressor,BayesSearchCV,0.9256988467290099,0.43056240445091615,93.09566849097392,-0.10388970970952194,078e2a857d394e3a859226522fd402dd,experiment_linear_erythrocytes
1579.424853964967,0.0044177036015380115,erythrocytes,SALIVA,0.8,XGBoost Regressor,BayesSearchCV,0.9256988467290099,0.43056240445091615,93.09566849097392,-0.10388970970952194,078e2a857d394e3a859226522fd402dd,experiment_linear_erythrocytes
1587.138772665651,0.004391671460251089,erythrocytes,SALIVA,0.8,XGBoost Regressor,BayesSearchCV,0.9256988467290099,0.43056240445091615,93.09566849097392,-0.10388970970952194,078e2a857d394e3a859226522fd402dd,experiment_linear_erythrocytes
1016.308788815064,0.004238776423015062,erythrocytes,SALIVA,0.8,XGBoost Regressor,BayesSearchCV,0.9256988467290099,0.43056240445091615,93.09566849097392,-0.10388970970952194,078e2a857d394e3a859226522fd402dd,experiment_linear_erythrocytes
1577.496374289796,0.004197803216190591,erythrocytes,SALIVA,0.8,XGBoost Regressor,BayesSearchCV,0.9256988467290099,0.43056240445091615,93.09566849097392,-0.10388970970952194,078e2a857d394e3a859226522fd402dd,experiment_linear_erythrocytes
1018.237268490235,0.004114084442968965,erythrocytes,SALIVA,0.8,XGBoost Regressor,BayesSearchCV,0.9256988467290099,0.43056240445091615,93.09566849097392,-0.10388970970952194,078e2a857d394e3a859226522fd402dd,experiment_linear_erythrocytes
1589.067252340822,0.0041027918223520785,erythrocytes,SALIVA,0.8,XGBoost Regressor,BayesSearchCV,0.9256988467290099,0.43056240445091615,93.09566849097392,-0.10388970970952194,078e2a857d394e3a859226522fd402dd,experiment_linear_erythrocytes
1575.567894614625,0.003918157269182076,erythrocytes,SALIVA,0.8,XGBoost Regressor,BayesSearchCV,0.9256988467290099,0.43056240445091615,93.09566849097392,-0.10388970970952194,078e2a857d394e3a859226522fd402dd,experiment_linear_erythrocytes
1014.380309139893,0.0038924819078254348,erythrocytes,SALIVA,0.8,XGBoost Regressor,BayesSearchCV,0.9256988467290099,0.43056240445091615,93.09566849097392,-0.10388970970952194,078e2a857d394e3a859226522fd402dd,experiment_linear_erythrocytes
1020.165748165406,0.003843302699419527,erythrocytes,SALIVA,0.8,XGBoost Regressor,BayesSearchCV,0.9256988467290099,0.43056240445091615,93.09566849097392,-0.10388970970952194,078e2a857d394e3a859226522fd402dd,experiment_linear_erythrocytes
1027.87966686609,0.0038239384207401296,erythrocytes,SALIVA,0.8,XGBoost Regressor,BayesSearchCV,0.9256988467290099,0.43056240445091615,93.09566849097392,-0.10388970970952194,078e2a857d394e3a859226522fd402dd,experiment_linear_erythrocytes
1029.808146541261,0.003810031344013103,erythrocytes,SALIVA,0.8,XGBoost Regressor,BayesSearchCV,0.9256988467290099,0.43056240445091615,93.09566849097392,-0.10388970970952194,078e2a857d394e3a859226522fd402dd,experiment_linear_erythrocytes
1037.522065241944,0.003794107654361128,erythrocytes,SALIVA,0.8,XGBoost Regressor,BayesSearchCV,0.9256988467290099,0.43056240445091615,93.09566849097392,-0.10388970970952194,078e2a857d394e3a859226522fd402dd,experiment_linear_erythrocytes
1035.593585566773,0.003790160351434604,erythrocytes,SALIVA,0.8,XGBoost Regressor,BayesSearchCV,0.9256988467290099,0.43056240445091615,93.09566849097392,-0.10388970970952194,078e2a857d394e3a859226522fd402dd,experiment_linear_erythrocytes
1031.736626216432,0.003759337029418092,erythrocytes,SALIVA,0.8,XGBoost Regressor,BayesSearchCV,0.9256988467290099,0.43056240445091615,93.09566849097392,-0.10388970970952194,078e2a857d394e3a859226522fd402dd,experiment_linear_erythrocytes
1033.665105891602,0.0037571899437465624,erythrocytes,SALIVA,0.8,XGBoost Regressor,BayesSearchCV,0.9256988467290099,0.43056240445091615,93.09566849097392,-0.10388970970952194,078e2a857d394e3a859226522fd402dd,experiment_linear_erythrocytes
1039.450544917115,0.0037253255282790735,erythrocytes,SALIVA,0.8,XGBoost Regressor,BayesSearchCV,0.9256988467290099,0.43056240445091615,93.09566849097392,-0.10388970970952194,078e2a857d394e3a859226522fd402dd,experiment_linear_erythrocytes
1590.995732015992,0.0037080548742639934,erythrocytes,SALIVA,0.8,XGBoost Regressor,BayesSearchCV,0.9256988467290099,0.43056240445091615,93.09566849097392,-0.10388970970952194,078e2a857d394e3a859226522fd402dd,experiment_linear_erythrocytes
2751.940496468874,0.013585428707301617,erythrocytes,SALIVA,0.8,XGBoost Regressor,BayesSearchCV,0.9014851613209773,0.43663709050133115,91.2284754649444,-0.04689567261072236,078e2a857d394e3a859226522fd402dd,experiment_linear_erythrocytes
2753.868976144045,0.01261021476238966,erythrocytes,SALIVA,0.8,XGBoost Regressor,BayesSearchCV,0.9014851613209773,0.43663709050133115,91.2284754649444,-0.04689567261072236,078e2a857d394e3a859226522fd402dd,experiment_linear_erythrocytes
1224.584593733522,0.012420612387359142,erythrocytes,SALIVA,0.8,XGBoost Regressor,BayesSearchCV,0.9014851613209773,0.43663709050133115,91.2284754649444,-0.04689567261072236,078e2a857d394e3a859226522fd402dd,experiment_linear_erythrocytes
2715.299382640627,0.011940399184823036,erythrocytes,SALIVA,0.8,XGBoost Regressor,BayesSearchCV,0.9014851613209773,0.43663709050133115,91.2284754649444,-0.04689567261072236,078e2a857d394e3a859226522fd402dd,experiment_linear_erythrocytes
2734.584179392336,0.011867552064359188,erythrocytes,SALIVA,0.8,XGBoost Regressor,BayesSearchCV,0.9014851613209773,0.43663709050133115,91.2284754649444,-0.04689567261072236,078e2a857d394e3a859226522fd402dd,experiment_linear_erythrocytes
2996.857415215578,0.011478539556264877,erythrocytes,SALIVA,0.8,XGBoost Regressor,BayesSearchCV,0.9014851613209773,0.43663709050133115,91.2284754649444,-0.04689567261072236,078e2a857d394e3a859226522fd402dd,experiment_linear_erythrocytes
1020.165748165406,0.011250590905547142,erythrocytes,SALIVA,0.8,XGBoost Regressor,BayesSearchCV,0.9014851613209773,0.43663709050133115,91.2284754649444,-0.04689567261072236,078e2a857d394e3a859226522fd402dd,experiment_linear_erythrocytes
2701.800024914431,0.010297950357198715,erythrocytes,SALIVA,0.8,XGBoost Regressor,BayesSearchCV,0.9014851613209773,0.43663709050133115,91.2284754649444,-0.04689567261072236,078e2a857d394e3a859226522fd402dd,experiment_linear_erythrocytes
2717.227862315798,0.010211996734142303,erythrocytes,SALIVA,0.8,XGBoost Regressor,BayesSearchCV,0.9014851613209773,0.43663709050133115,91.2284754649444,-0.04689567261072236,078e2a857d394e3a859226522fd402dd,experiment_linear_erythrocytes
1569.782455589112,0.009896836243569851,erythrocytes,SALIVA,0.8,XGBoost Regressor,BayesSearchCV,0.9014851613209773,0.43663709050133115,91.2284754649444,-0.04689567261072236,078e2a857d394e3a859226522fd402dd,experiment_linear_erythrocytes
2925.503667234255,0.009788304567337036,erythrocytes,SALIVA,0.8,XGBoost Regressor,BayesSearchCV,0.9014851613209773,0.43663709050133115,91.2284754649444,-0.04689567261072236,078e2a857d394e3a859226522fd402dd,experiment_linear_erythrocytes
1022.094227840577,0.009744043461978436,erythrocytes,SALIVA,0.8,XGBoost Regressor,BayesSearchCV,0.9014851613209773,0.43663709050133115,91.2284754649444,-0.04689567261072236,078e2a857d394e3a859226522fd402dd,experiment_linear_erythrocytes
2750.012016793703,0.009476750157773495,erythrocytes,SALIVA,0.8,XGBoost Regressor,BayesSearchCV,0.9014851613209773,0.43663709050133115,91.2284754649444,-0.04689567261072236,078e2a857d394e3a859226522fd402dd,experiment_linear_erythrocytes
3027.713090018313,0.009426908567547798,erythrocytes,SALIVA,0.8,XGBoost Regressor,BayesSearchCV,0.9014851613209773,0.43663709050133115,91.2284754649444,-0.04689567261072236,078e2a857d394e3a859226522fd402dd,experiment_linear_erythrocytes
1558.211577538087,0.009256817400455475,erythrocytes,SALIVA,0.8,XGBoost Regressor,BayesSearchCV,0.9014851613209773,0.43663709050133115,91.2284754649444,-0.04689567261072236,078e2a857d394e3a859226522fd402dd,experiment_linear_erythrocytes
962.3113579102792,0.008939270861446857,erythrocytes,SALIVA,0.8,XGBoost Regressor,BayesSearchCV,0.9014851613209773,0.43663709050133115,91.2284754649444,-0.04689567261072236,078e2a857d394e3a859226522fd402dd,experiment_linear_erythrocytes
3012.285252616945,0.008830356411635876,erythrocytes,SALIVA,0.8,XGBoost Regressor,BayesSearchCV,0.9014851613209773,0.43663709050133115,91.2284754649444,-0.04689567261072236,078e2a857d394e3a859226522fd402dd,experiment_linear_erythrocytes
954.5974392095954,0.00869683176279068,erythrocytes,SALIVA,0.8,XGBoost Regressor,BayesSearchCV,0.9014851613209773,0.43663709050133115,91.2284754649444,-0.04689567261072236,078e2a857d394e3a859226522fd402dd,experiment_linear_erythrocytes
1456.00215475403,0.00860031321644783,erythrocytes,SALIVA,0.8,XGBoost Regressor,BayesSearchCV,0.9014851613209773,0.43663709050133115,91.2284754649444,-0.04689567261072236,078e2a857d394e3a859226522fd402dd,experiment_linear_erythrocytes
1731.774748303468,0.008504567667841911,erythrocytes,SALIVA,0.8,XGBoost Regressor,BayesSearchCV,0.9014851613209773,0.43663709050133115,91.2284754649444,-0.04689567261072236,078e2a857d394e3a859226522fd402dd,experiment_linear_erythrocytes
1585.21029299048,0.003931297951237988,erythrocytes,SALIVA,0.8,XGBoost Regressor,BayesSearchCV,0.9197948847428721,0.46653079078311016,91.21703107500439,-0.08985374180346595,078e2a857d394e3a859226522fd402dd,experiment_linear_erythrocytes
1583.281813315309,0.0038753149175245385,erythrocytes,SALIVA,0.8,XGBoost Regressor,BayesSearchCV,0.9197948847428721,0.46653079078311016,91.21703107500439,-0.08985374180346595,078e2a857d394e3a859226522fd402dd,experiment_linear_erythrocytes
1016.308788815064,0.003865830495106061,erythrocytes,SALIVA,0.8,XGBoost Regressor,BayesSearchCV,0.9197948847428721,0.46653079078311016,91.21703107500439,-0.08985374180346595,078e2a857d394e3a859226522fd402dd,experiment_linear_erythrocytes
1587.138772665651,0.0038594724840519522,erythrocytes,SALIVA,0.8,XGBoost Regressor,BayesSearchCV,0.9197948847428721,0.46653079078311016,91.21703107500439,-0.08985374180346595,078e2a857d394e3a859226522fd402dd,experiment_linear_erythrocytes
1473.358471830568,0.0038205525230913958,erythrocytes,SALIVA,0.8,XGBoost Regressor,BayesSearchCV,0.9197948847428721,0.46653079078311016,91.21703107500439,-0.08985374180346595,078e2a857d394e3a859226522fd402dd,experiment_linear_erythrocytes
1471.429992155397,0.003798499337256106,erythrocytes,SALIVA,0.8,XGBoost Regressor,BayesSearchCV,0.9197948847428721,0.46653079078311016,91.21703107500439,-0.08985374180346595,078e2a857d394e3a859226522fd402dd,experiment_linear_erythrocytes
1581.353333640138,0.0037632893414411336,erythrocytes,SALIVA,0.8,XGBoost Regressor,BayesSearchCV,0.9197948847428721,0.46653079078311016,91.21703107500439,-0.08985374180346595,078e2a857d394e3a859226522fd402dd,experiment_linear_erythrocytes
1469.501512480226,0.003752294087915926,erythrocytes,SALIVA,0.8,XGBoost Regressor,BayesSearchCV,0.9197948847428721,0.46653079078311016,91.21703107500439,-0.08985374180346595,078e2a857d394e3a859226522fd402dd,experiment_linear_erythrocytes
1475.286951505739,0.0037443799314164864,erythrocytes,SALIVA,0.8,XGBoost Regressor,BayesSearchCV,0.9197948847428721,0.46653079078311016,91.21703107500439,-0.08985374180346595,078e2a857d394e3a859226522fd402dd,experiment_linear_erythrocytes
1018.237268490235,0.0037326571790639042,erythrocytes,SALIVA,0.8,XGBoost Regressor,BayesSearchCV,0.9197948847428721,0.46653079078311016,91.21703107500439,-0.08985374180346595,078e2a857d394e3a859226522fd402dd,experiment_linear_erythrocytes
1467.573032805055,0.0037012699781453656,erythrocytes,SALIVA,0.8,XGBoost Regressor,BayesSearchCV,0.9197948847428721,0.46653079078311016,91.21703107500439,-0.08985374180346595,078e2a857d394e3a859226522fd402dd,experiment_linear_erythrocytes
1589.067252340822,0.003692360178568174,erythrocytes,SALIVA,0.8,XGBoost Regressor,BayesSearchCV,0.9197948847428721,0.46653079078311016,91.21703107500439,-0.08985374180346595,078e2a857d394e3a859226522fd402dd,experiment_linear_erythrocytes
1465.644553129884,0.00364159069603076,erythrocytes,SALIVA,0.8,XGBoost Regressor,BayesSearchCV,0.9197948847428721,0.46653079078311016,91.21703107500439,-0.08985374180346595,078e2a857d394e3a859226522fd402dd,experiment_linear_erythrocytes
1579.424853964967,0.003602690347000372,erythrocytes,SALIVA,0.8,XGBoost Regressor,BayesSearchCV,0.9197948847428721,0.46653079078311016,91.21703107500439,-0.08985374180346595,078e2a857d394e3a859226522fd402dd,experiment_linear_erythrocytes
1463.716073454713,0.003589972068940054,erythrocytes,SALIVA,0.8,XGBoost Regressor,BayesSearchCV,0.9197948847428721,0.46653079078311016,91.21703107500439,-0.08985374180346595,078e2a857d394e3a859226522fd402dd,experiment_linear_erythrocytes
1477.215431180909,0.003574090666355344,erythrocytes,SALIVA,0.8,XGBoost Regressor,BayesSearchCV,0.9197948847428721,0.46653079078311016,91.21703107500439,-0.08985374180346595,078e2a857d394e3a859226522fd402dd,experiment_linear_erythrocytes
1014.380309139893,0.0035569970589202937,erythrocytes,SALIVA,0.8,XGBoost Regressor,BayesSearchCV,0.9197948847428721,0.46653079078311016,91.21703107500439,-0.08985374180346595,078e2a857d394e3a859226522fd402dd,experiment_linear_erythrocytes
1461.787593779542,0.0035257453530794652,erythrocytes,SALIVA,0.8,XGBoost Regressor,BayesSearchCV,0.9197948847428721,0.46653079078311016,91.21703107500439,-0.08985374180346595,078e2a857d394e3a859226522fd402dd,experiment_linear_erythrocytes
1027.87966686609,0.0034815694264345087,erythrocytes,SALIVA,0.8,XGBoost Regressor,BayesSearchCV,0.9197948847428721,0.46653079078311016,91.21703107500439,-0.08985374180346595,078e2a857d394e3a859226522fd402dd,experiment_linear_erythrocytes
1029.808146541261,0.003474365037036749,erythrocytes,SALIVA,0.8,XGBoost Regressor,BayesSearchCV,0.9197948847428721,0.46653079078311016,91.21703107500439,-0.08985374180346595,078e2a857d394e3a859226522fd402dd,experiment_linear_erythrocytes
1018.237268490235,0.013379868119955063,erythrocytes,SALIVA,0.8,XGBoost Regressor,BayesSearchCV,0.9020816596749618,0.42096417154584614,92.12307829966244,-0.04828155930911593,078e2a857d394e3a859226522fd402dd,experiment_linear_erythrocytes
1704.776032851076,0.01291695050895214,erythrocytes,SALIVA,0.8,XGBoost Regressor,BayesSearchCV,0.9020816596749618,0.42096417154584614,92.12307829966244,-0.04828155930911593,078e2a857d394e3a859226522fd402dd,experiment_linear_erythrocytes
2753.868976144045,0.01275362353771925,erythrocytes,SALIVA,0.8,XGBoost Regressor,BayesSearchCV,0.9020816596749618,0.42096417154584614,92.12307829966244,-0.04828155930911593,078e2a857d394e3a859226522fd402dd,experiment_linear_erythrocytes
1045.235983942628,0.011707212775945663,erythrocytes,SALIVA,0.8,XGBoost Regressor,BayesSearchCV,0.9020816596749618,0.42096417154584614,92.12307829966244,-0.04828155930911593,078e2a857d394e3a859226522fd402dd,experiment_linear_erythrocytes
998.9524717385261,0.011369599960744381,erythrocytes,SALIVA,0.8,XGBoost Regressor,BayesSearchCV,0.9020816596749618,0.42096417154584614,92.12307829966244,-0.04828155930911593,078e2a857d394e3a859226522fd402dd,experiment_linear_erythrocytes
1041.379024592286,0.01110598724335432,erythrocytes,SALIVA,0.8,XGBoost Regressor,BayesSearchCV,0.9020816596749618,0.42096417154584614,92.12307829966244,-0.04828155930911593,078e2a857d394e3a859226522fd402dd,experiment_linear_erythrocytes
2757.725935494387,0.01082367729395628,erythrocytes,SALIVA,0.8,XGBoost Regressor,BayesSearchCV,0.9020816596749618,0.42096417154584614,92.12307829966244,-0.04828155930911593,078e2a857d394e3a859226522fd402dd,experiment_linear_erythrocytes
1392.36232547339,0.010710280388593674,erythrocytes,SALIVA,0.8,XGBoost Regressor,BayesSearchCV,0.9020816596749618,0.42096417154584614,92.12307829966244,-0.04828155930911593,078e2a857d394e3a859226522fd402dd,experiment_linear_erythrocytes
1039.450544917115,0.0106376763433218,erythrocytes,SALIVA,0.8,XGBoost Regressor,BayesSearchCV,0.9020816596749618,0.42096417154584614,92.12307829966244,-0.04828155930911593,078e2a857d394e3a859226522fd402dd,experiment_linear_erythrocytes
1311.366179116212,0.010587569326162338,erythrocytes,SALIVA,0.8,XGBoost Regressor,BayesSearchCV,0.9020816596749618,0.42096417154584614,92.12307829966244,-0.04828155930911593,078e2a857d394e3a859226522fd402dd,experiment_linear_erythrocytes
1720.203870252443,0.009175238199532032,erythrocytes,SALIVA,0.8,XGBoost Regressor,BayesSearchCV,0.9020816596749618,0.42096417154584614,92.12307829966244,-0.04828155930911593,078e2a857d394e3a859226522fd402dd,experiment_linear_erythrocytes
2715.299382640627,0.00914059579372406,erythrocytes,SALIVA,0.8,XGBoost Regressor,BayesSearchCV,0.9020816596749618,0.42096417154584614,92.12307829966244,-0.04828155930911593,078e2a857d394e3a859226522fd402dd,experiment_linear_erythrocytes
1430.931918976808,0.00894817616790533,erythrocytes,SALIVA,0.8,XGBoost Regressor,BayesSearchCV,0.9020816596749618,0.42096417154584614,92.12307829966244,-0.04828155930911593,078e2a857d394e3a859226522fd402dd,experiment_linear_erythrocytes
2690.229146863405,0.00887477956712246,erythrocytes,SALIVA,0.8,XGBoost Regressor,BayesSearchCV,0.9020816596749618,0.42096417154584614,92.12307829966244,-0.04828155930911593,078e2a857d394e3a859226522fd402dd,experiment_linear_erythrocytes
1047.164463617799,0.008869145065546036,erythrocytes,SALIVA,0.8,XGBoost Regressor,BayesSearchCV,0.9020816596749618,0.42096417154584614,92.12307829966244,-0.04828155930911593,078e2a857d394e3a859226522fd402dd,experiment_linear_erythrocytes
3033.498529043825,0.008792070671916008,erythrocytes,SALIVA,0.8,XGBoost Regressor,BayesSearchCV,0.9020816596749618,0.42096417154584614,92.12307829966244,-0.04828155930911593,078e2a857d394e3a859226522fd402dd,experiment_linear_erythrocytes
2734.584179392336,0.008754578419029713,erythrocytes,SALIVA,0.8,XGBoost Regressor,BayesSearchCV,0.9020816596749618,0.42096417154584614,92.12307829966244,-0.04828155930911593,078e2a857d394e3a859226522fd402dd,experiment_linear_erythrocytes
1145.516927051515,0.008719026111066341,erythrocytes,SALIVA,0.8,XGBoost Regressor,BayesSearchCV,0.9020816596749618,0.42096417154584614,92.12307829966244,-0.04828155930911593,078e2a857d394e3a859226522fd402dd,experiment_linear_erythrocytes
1386.576886447877,0.00866465363651514,erythrocytes,SALIVA,0.8,XGBoost Regressor,BayesSearchCV,0.9020816596749618,0.42096417154584614,92.12307829966244,-0.04828155930911593,078e2a857d394e3a859226522fd402dd,experiment_linear_erythrocytes
1390.433845798219,0.008662375621497631,erythrocytes,SALIVA,0.8,XGBoost Regressor,BayesSearchCV,0.9020816596749618,0.42096417154584614,92.12307829966244,-0.04828155930911593,078e2a857d394e3a859226522fd402dd,experiment_linear_erythrocytes
2711.442423290285,0.009995317588488444,erythrocytes,SERUM,0.8,XGBoost Regressor,BayesSearchCV,0.8541517896766287,0.3611570858955383,88.69508675940725,0.037898734708202486,078e2a857d394e3a859226522fd402dd,experiment_linear_erythrocytes
2713.370902965456,0.007231530863878643,erythrocytes,SERUM,0.8,XGBoost Regressor,BayesSearchCV,0.8541517896766287,0.3611570858955383,88.69508675940725,0.037898734708202486,078e2a857d394e3a859226522fd402dd,experiment_linear_erythrocytes
2709.513943615114,0.006482229034176365,erythrocytes,SERUM,0.8,XGBoost Regressor,BayesSearchCV,0.8541517896766287,0.3611570858955383,88.69508675940725,0.037898734708202486,078e2a857d394e3a859226522fd402dd,experiment_linear_erythrocytes
1384.648406772706,0.0044625266544441365,erythrocytes,SERUM,0.8,XGBoost Regressor,BayesSearchCV,0.8541517896766287,0.3611570858955383,88.69508675940725,0.037898734708202486,078e2a857d394e3a859226522fd402dd,experiment_linear_erythrocytes
1556.283097862916,0.004388454179564045,erythrocytes,SERUM,0.8,XGBoost Regressor,BayesSearchCV,0.8541517896766287,0.3611570858955383,88.69508675940725,0.037898734708202486,078e2a857d394e3a859226522fd402dd,experiment_linear_erythrocytes
1558.211577538087,0.004341374061343189,erythrocytes,SERUM,0.8,XGBoost Regressor,BayesSearchCV,0.8541517896766287,0.3611570858955383,88.69508675940725,0.037898734708202486,078e2a857d394e3a859226522fd402dd,experiment_linear_erythrocytes
1594.852691366334,0.00427254142195805,erythrocytes,SERUM,0.8,XGBoost Regressor,BayesSearchCV,0.8541517896766287,0.3611570858955383,88.69508675940725,0.037898734708202486,078e2a857d394e3a859226522fd402dd,experiment_linear_erythrocytes
1596.781171041505,0.004233798910764072,erythrocytes,SERUM,0.8,XGBoost Regressor,BayesSearchCV,0.8541517896766287,0.3611570858955383,88.69508675940725,0.037898734708202486,078e2a857d394e3a859226522fd402dd,experiment_linear_erythrocytes
1592.924211691163,0.004227392312880109,erythrocytes,SERUM,0.8,XGBoost Regressor,BayesSearchCV,0.8541517896766287,0.3611570858955383,88.69508675940725,0.037898734708202486,078e2a857d394e3a859226522fd402dd,experiment_linear_erythrocytes
1382.719927097535,0.004215344204993635,erythrocytes,SERUM,0.8,XGBoost Regressor,BayesSearchCV,0.8541517896766287,0.3611570858955383,88.69508675940725,0.037898734708202486,078e2a857d394e3a859226522fd402dd,experiment_linear_erythrocytes
1598.709650716676,0.004152461084922113,erythrocytes,SERUM,0.8,XGBoost Regressor,BayesSearchCV,0.8541517896766287,0.3611570858955383,88.69508675940725,0.037898734708202486,078e2a857d394e3a859226522fd402dd,experiment_linear_erythrocytes
1386.576886447877,0.00407891548014231,erythrocytes,SERUM,0.8,XGBoost Regressor,BayesSearchCV,0.8541517896766287,0.3611570858955383,88.69508675940725,0.037898734708202486,078e2a857d394e3a859226522fd402dd,experiment_linear_erythrocytes
1554.354618187745,0.004050717613132251,erythrocytes,SERUM,0.8,XGBoost Regressor,BayesSearchCV,0.8541517896766287,0.3611570858955383,88.69508675940725,0.037898734708202486,078e2a857d394e3a859226522fd402dd,experiment_linear_erythrocytes
1590.995732015992,0.004029671973265215,erythrocytes,SERUM,0.8,XGBoost Regressor,BayesSearchCV,0.8541517896766287,0.3611570858955383,88.69508675940725,0.037898734708202486,078e2a857d394e3a859226522fd402dd,experiment_linear_erythrocytes
1600.638130391847,0.003968121370411685,erythrocytes,SERUM,0.8,XGBoost Regressor,BayesSearchCV,0.8541517896766287,0.3611570858955383,88.69508675940725,0.037898734708202486,078e2a857d394e3a859226522fd402dd,experiment_linear_erythrocytes
1560.140057213258,0.003889116115621061,erythrocytes,SERUM,0.8,XGBoost Regressor,BayesSearchCV,0.8541517896766287,0.3611570858955383,88.69508675940725,0.037898734708202486,078e2a857d394e3a859226522fd402dd,experiment_linear_erythrocytes
1380.791447422364,0.0038463901441730566,erythrocytes,SERUM,0.8,XGBoost Regressor,BayesSearchCV,0.8541517896766287,0.3611570858955383,88.69508675940725,0.037898734708202486,078e2a857d394e3a859226522fd402dd,experiment_linear_erythrocytes
1602.566610067018,0.0037258289182125906,erythrocytes,SERUM,0.8,XGBoost Regressor,BayesSearchCV,0.8541517896766287,0.3611570858955383,88.69508675940725,0.037898734708202486,078e2a857d394e3a859226522fd402dd,experiment_linear_erythrocytes
1589.067252340822,0.0036797786775870246,erythrocytes,SERUM,0.8,XGBoost Regressor,BayesSearchCV,0.8541517896766287,0.3611570858955383,88.69508675940725,0.037898734708202486,078e2a857d394e3a859226522fd402dd,experiment_linear_erythrocytes
1521.57046370984,0.003611874974298759,erythrocytes,SERUM,0.8,XGBoost Regressor,BayesSearchCV,0.8541517896766287,0.3611570858955383,88.69508675940725,0.037898734708202486,078e2a857d394e3a859226522fd402dd,experiment_linear_erythrocytes
2738.441138742678,0.017574017867445946,erythrocytes,SERUM,0.8,XGBoost Regressor,BayesSearchCV,0.8620211557214837,0.3713384528160095,89.47992760378254,0.02008924508785659,078e2a857d394e3a859226522fd402dd,experiment_linear_erythrocytes
2730.727220041994,0.012499989941716194,erythrocytes,SERUM,0.8,XGBoost Regressor,BayesSearchCV,0.8620211557214837,0.3713384528160095,89.47992760378254,0.02008924508785659,078e2a857d394e3a859226522fd402dd,experiment_linear_erythrocytes
1536.998301111207,0.012415245175361633,erythrocytes,SERUM,0.8,XGBoost Regressor,BayesSearchCV,0.8620211557214837,0.3713384528160095,89.47992760378254,0.02008924508785659,078e2a857d394e3a859226522fd402dd,experiment_linear_erythrocytes
2717.227862315798,0.012387330643832684,erythrocytes,SERUM,0.8,XGBoost Regressor,BayesSearchCV,0.8620211557214837,0.3713384528160095,89.47992760378254,0.02008924508785659,078e2a857d394e3a859226522fd402dd,experiment_linear_erythrocytes
1132.017569325318,0.011586504988372326,erythrocytes,SERUM,0.8,XGBoost Regressor,BayesSearchCV,0.8620211557214837,0.3713384528160095,89.47992760378254,0.02008924508785659,078e2a857d394e3a859226522fd402dd,experiment_linear_erythrocytes
1712.489951551759,0.010829377919435501,erythrocytes,SERUM,0.8,XGBoost Regressor,BayesSearchCV,0.8620211557214837,0.3713384528160095,89.47992760378254,0.02008924508785659,078e2a857d394e3a859226522fd402dd,experiment_linear_erythrocytes
2682.515228162722,0.010415508411824703,erythrocytes,SERUM,0.8,XGBoost Regressor,BayesSearchCV,0.8620211557214837,0.3713384528160095,89.47992760378254,0.02008924508785659,078e2a857d394e3a859226522fd402dd,experiment_linear_erythrocytes
2763.5113745199,0.010367664508521557,erythrocytes,SERUM,0.8,XGBoost Regressor,BayesSearchCV,0.8620211557214837,0.3713384528160095,89.47992760378254,0.02008924508785659,078e2a857d394e3a859226522fd402dd,experiment_linear_erythrocytes
1714.41843122693,0.01035416778177023,erythrocytes,SERUM,0.8,XGBoost Regressor,BayesSearchCV,0.8620211557214837,0.3713384528160095,89.47992760378254,0.02008924508785659,078e2a857d394e3a859226522fd402dd,experiment_linear_erythrocytes
1575.567894614625,0.010121709667146206,erythrocytes,SERUM,0.8,XGBoost Regressor,BayesSearchCV,0.8620211557214837,0.3713384528160095,89.47992760378254,0.02008924508785659,078e2a857d394e3a859226522fd402dd,experiment_linear_erythrocytes
1257.368748211427,0.009879770688712597,erythrocytes,SERUM,0.8,XGBoost Regressor,BayesSearchCV,0.8620211557214837,0.3713384528160095,89.47992760378254,0.02008924508785659,078e2a857d394e3a859226522fd402dd,experiment_linear_erythrocytes
1776.129780832399,0.009746975265443325,erythrocytes,SERUM,0.8,XGBoost Regressor,BayesSearchCV,0.8620211557214837,0.3713384528160095,89.47992760378254,0.02008924508785659,078e2a857d394e3a859226522fd402dd,experiment_linear_erythrocytes
1268.939626262452,0.009674595668911934,erythrocytes,SERUM,0.8,XGBoost Regressor,BayesSearchCV,0.8620211557214837,0.3713384528160095,89.47992760378254,0.02008924508785659,078e2a857d394e3a859226522fd402dd,experiment_linear_erythrocytes
1631.493805194581,0.009574219584465027,erythrocytes,SERUM,0.8,XGBoost Regressor,BayesSearchCV,0.8620211557214837,0.3713384528160095,89.47992760378254,0.02008924508785659,078e2a857d394e3a859226522fd402dd,experiment_linear_erythrocytes
1207.228276656984,0.009506533853709698,erythrocytes,SERUM,0.8,XGBoost Regressor,BayesSearchCV,0.8620211557214837,0.3713384528160095,89.47992760378254,0.02008924508785659,078e2a857d394e3a859226522fd402dd,experiment_linear_erythrocytes
1517.713504359498,0.009247880429029465,erythrocytes,SERUM,0.8,XGBoost Regressor,BayesSearchCV,0.8620211557214837,0.3713384528160095,89.47992760378254,0.02008924508785659,078e2a857d394e3a859226522fd402dd,experiment_linear_erythrocytes
1211.085236007325,0.009095725603401661,erythrocytes,SERUM,0.8,XGBoost Regressor,BayesSearchCV,0.8620211557214837,0.3713384528160095,89.47992760378254,0.02008924508785659,078e2a857d394e3a859226522fd402dd,experiment_linear_erythrocytes
2734.584179392336,0.008881418034434319,erythrocytes,SERUM,0.8,XGBoost Regressor,BayesSearchCV,0.8620211557214837,0.3713384528160095,89.47992760378254,0.02008924508785659,078e2a857d394e3a859226522fd402dd,experiment_linear_erythrocytes
1733.703227978639,0.008652477525174618,erythrocytes,SERUM,0.8,XGBoost Regressor,BayesSearchCV,0.8620211557214837,0.3713384528160095,89.47992760378254,0.02008924508785659,078e2a857d394e3a859226522fd402dd,experiment_linear_erythrocytes
2697.943065564089,0.008397093042731285,erythrocytes,SERUM,0.8,XGBoost Regressor,BayesSearchCV,0.8620211557214837,0.3713384528160095,89.47992760378254,0.02008924508785659,078e2a857d394e3a859226522fd402dd,experiment_linear_erythrocytes
2711.442423290285,0.010084465566303467,erythrocytes,SERUM,0.8,XGBoost Regressor,BayesSearchCV,0.8537781843559735,0.35890227842330935,88.44557767635501,0.038740195313527126,078e2a857d394e3a859226522fd402dd,experiment_linear_erythrocytes
2713.370902965456,0.007266472311888143,erythrocytes,SERUM,0.8,XGBoost Regressor,BayesSearchCV,0.8537781843559735,0.35890227842330935,88.44557767635501,0.038740195313527126,078e2a857d394e3a859226522fd402dd,experiment_linear_erythrocytes
2709.513943615114,0.0065447474387523765,erythrocytes,SERUM,0.8,XGBoost Regressor,BayesSearchCV,0.8537781843559735,0.35890227842330935,88.44557767635501,0.038740195313527126,078e2a857d394e3a859226522fd402dd,experiment_linear_erythrocytes
1384.648406772706,0.004544093025661658,erythrocytes,SERUM,0.8,XGBoost Regressor,BayesSearchCV,0.8537781843559735,0.35890227842330935,88.44557767635501,0.038740195313527126,078e2a857d394e3a859226522fd402dd,experiment_linear_erythrocytes
1556.283097862916,0.004283281474849344,erythrocytes,SERUM,0.8,XGBoost Regressor,BayesSearchCV,0.8537781843559735,0.35890227842330935,88.44557767635501,0.038740195313527126,078e2a857d394e3a859226522fd402dd,experiment_linear_erythrocytes
1382.719927097535,0.0042529147156149605,erythrocytes,SERUM,0.8,XGBoost Regressor,BayesSearchCV,0.8537781843559735,0.35890227842330935,88.44557767635501,0.038740195313527126,078e2a857d394e3a859226522fd402dd,experiment_linear_erythrocytes
1558.211577538087,0.004238559669486629,erythrocytes,SERUM,0.8,XGBoost Regressor,BayesSearchCV,0.8537781843559735,0.35890227842330935,88.44557767635501,0.038740195313527126,078e2a857d394e3a859226522fd402dd,experiment_linear_erythrocytes
1386.576886447877,0.004202689918615605,erythrocytes,SERUM,0.8,XGBoost Regressor,BayesSearchCV,0.8537781843559735,0.35890227842330935,88.44557767635501,0.038740195313527126,078e2a857d394e3a859226522fd402dd,experiment_linear_erythrocytes
1594.852691366334,0.004141668131014155,erythrocytes,SERUM,0.8,XGBoost Regressor,BayesSearchCV,0.8537781843559735,0.35890227842330935,88.44557767635501,0.038740195313527126,078e2a857d394e3a859226522fd402dd,experiment_linear_erythrocytes
1596.781171041505,0.004100884390684607,erythrocytes,SERUM,0.8,XGBoost Regressor,BayesSearchCV,0.8537781843559735,0.35890227842330935,88.44557767635501,0.038740195313527126,078e2a857d394e3a859226522fd402dd,experiment_linear_erythrocytes
1592.924211691163,0.004099204291459999,erythrocytes,SERUM,0.8,XGBoost Regressor,BayesSearchCV,0.8537781843559735,0.35890227842330935,88.44557767635501,0.038740195313527126,078e2a857d394e3a859226522fd402dd,experiment_linear_erythrocytes
1598.709650716676,0.0040205715811689755,erythrocytes,SERUM,0.8,XGBoost Regressor,BayesSearchCV,0.8537781843559735,0.35890227842330935,88.44557767635501,0.038740195313527126,078e2a857d394e3a859226522fd402dd,experiment_linear_erythrocytes
1554.354618187745,0.003947333625423468,erythrocytes,SERUM,0.8,XGBoost Regressor,BayesSearchCV,0.8537781843559735,0.35890227842330935,88.44557767635501,0.038740195313527126,078e2a857d394e3a859226522fd402dd,experiment_linear_erythrocytes
1590.995732015992,0.003906725396738424,erythrocytes,SERUM,0.8,XGBoost Regressor,BayesSearchCV,0.8537781843559735,0.35890227842330935,88.44557767635501,0.038740195313527126,078e2a857d394e3a859226522fd402dd,experiment_linear_erythrocytes
1380.791447422364,0.0038544859992434765,erythrocytes,SERUM,0.8,XGBoost Regressor,BayesSearchCV,0.8537781843559735,0.35890227842330935,88.44557767635501,0.038740195313527126,078e2a857d394e3a859226522fd402dd,experiment_linear_erythrocytes
1600.638130391847,0.003836380868175579,erythrocytes,SERUM,0.8,XGBoost Regressor,BayesSearchCV,0.8537781843559735,0.35890227842330935,88.44557767635501,0.038740195313527126,078e2a857d394e3a859226522fd402dd,experiment_linear_erythrocytes
1560.140057213258,0.0038155818164938276,erythrocytes,SERUM,0.8,XGBoost Regressor,BayesSearchCV,0.8537781843559735,0.35890227842330935,88.44557767635501,0.038740195313527126,078e2a857d394e3a859226522fd402dd,experiment_linear_erythrocytes
1602.566610067018,0.0035972897718709834,erythrocytes,SERUM,0.8,XGBoost Regressor,BayesSearchCV,0.8537781843559735,0.35890227842330935,88.44557767635501,0.038740195313527126,078e2a857d394e3a859226522fd402dd,experiment_linear_erythrocytes
1589.067252340822,0.0035668223483066165,erythrocytes,SERUM,0.8,XGBoost Regressor,BayesSearchCV,0.8537781843559735,0.35890227842330935,88.44557767635501,0.038740195313527126,078e2a857d394e3a859226522fd402dd,experiment_linear_erythrocytes
1521.57046370984,0.003550067813554504,erythrocytes,SERUM,0.8,XGBoost Regressor,BayesSearchCV,0.8537781843559735,0.35890227842330935,88.44557767635501,0.038740195313527126,078e2a857d394e3a859226522fd402dd,experiment_linear_erythrocytes
2730.727220041994,0.04311443865299225,erythrocytes,SERUM,0.8,XGBoost Regressor,BayesSearchCV,0.8746405383585718,0.3893713970184326,90.28440204702474,-0.008811165276240818,078e2a857d394e3a859226522fd402dd,experiment_linear_erythrocytes
2744.226577768191,0.034126587212085724,erythrocytes,SERUM,0.8,XGBoost Regressor,BayesSearchCV,0.8746405383585718,0.3893713970184326,90.28440204702474,-0.008811165276240818,078e2a857d394e3a859226522fd402dd,experiment_linear_erythrocytes
2717.227862315798,0.029592756181955338,erythrocytes,SERUM,0.8,XGBoost Regressor,BayesSearchCV,0.8746405383585718,0.3893713970184326,90.28440204702474,-0.008811165276240818,078e2a857d394e3a859226522fd402dd,experiment_linear_erythrocytes
1560.140057213258,0.02560843527317047,erythrocytes,SERUM,0.8,XGBoost Regressor,BayesSearchCV,0.8746405383585718,0.3893713970184326,90.28440204702474,-0.008811165276240818,078e2a857d394e3a859226522fd402dd,experiment_linear_erythrocytes
2713.370902965456,0.022078843787312508,erythrocytes,SERUM,0.8,XGBoost Regressor,BayesSearchCV,0.8746405383585718,0.3893713970184326,90.28440204702474,-0.008811165276240818,078e2a857d394e3a859226522fd402dd,experiment_linear_erythrocytes
1132.017569325318,0.020673958584666252,erythrocytes,SERUM,0.8,XGBoost Regressor,BayesSearchCV,0.8746405383585718,0.3893713970184326,90.28440204702474,-0.008811165276240818,078e2a857d394e3a859226522fd402dd,experiment_linear_erythrocytes
1253.511788861085,0.02047242969274521,erythrocytes,SERUM,0.8,XGBoost Regressor,BayesSearchCV,0.8746405383585718,0.3893713970184326,90.28440204702474,-0.008811165276240818,078e2a857d394e3a859226522fd402dd,experiment_linear_erythrocytes
1255.440268536256,0.020259574055671692,erythrocytes,SERUM,0.8,XGBoost Regressor,BayesSearchCV,0.8746405383585718,0.3893713970184326,90.28440204702474,-0.008811165276240818,078e2a857d394e3a859226522fd402dd,experiment_linear_erythrocytes
2715.299382640627,0.018260210752487183,erythrocytes,SERUM,0.8,XGBoost Regressor,BayesSearchCV,0.8746405383585718,0.3893713970184326,90.28440204702474,-0.008811165276240818,078e2a857d394e3a859226522fd402dd,experiment_linear_erythrocytes
1621.851406818727,0.018006660044193268,erythrocytes,SERUM,0.8,XGBoost Regressor,BayesSearchCV,0.8746405383585718,0.3893713970184326,90.28440204702474,-0.008811165276240818,078e2a857d394e3a859226522fd402dd,experiment_linear_erythrocytes
1616.065967793214,0.017670610919594765,erythrocytes,SERUM,0.8,XGBoost Regressor,BayesSearchCV,0.8746405383585718,0.3893713970184326,90.28440204702474,-0.008811165276240818,078e2a857d394e3a859226522fd402dd,experiment_linear_erythrocytes
3031.570049368655,0.016409708186984062,erythrocytes,SERUM,0.8,XGBoost Regressor,BayesSearchCV,0.8746405383585718,0.3893713970184326,90.28440204702474,-0.008811165276240818,078e2a857d394e3a859226522fd402dd,experiment_linear_erythrocytes
1245.797870160402,0.016089197248220444,erythrocytes,SERUM,0.8,XGBoost Regressor,BayesSearchCV,0.8746405383585718,0.3893713970184326,90.28440204702474,-0.008811165276240818,078e2a857d394e3a859226522fd402dd,experiment_linear_erythrocytes
2537.879252524904,0.014948101714253426,erythrocytes,SERUM,0.8,XGBoost Regressor,BayesSearchCV,0.8746405383585718,0.3893713970184326,90.28440204702474,-0.008811165276240818,078e2a857d394e3a859226522fd402dd,experiment_linear_erythrocytes
1565.925496238771,0.01467207446694374,erythrocytes,SERUM,0.8,XGBoost Regressor,BayesSearchCV,0.8746405383585718,0.3893713970184326,90.28440204702474,-0.008811165276240818,078e2a857d394e3a859226522fd402dd,experiment_linear_erythrocytes
1153.230845752198,0.014612851664423943,erythrocytes,SERUM,0.8,XGBoost Regressor,BayesSearchCV,0.8746405383585718,0.3893713970184326,90.28440204702474,-0.008811165276240818,078e2a857d394e3a859226522fd402dd,experiment_linear_erythrocytes
1706.704512526246,0.01449988130480051,erythrocytes,SERUM,0.8,XGBoost Regressor,BayesSearchCV,0.8746405383585718,0.3893713970184326,90.28440204702474,-0.008811165276240818,078e2a857d394e3a859226522fd402dd,experiment_linear_erythrocytes
1031.736626216432,0.014322572387754917,erythrocytes,SERUM,0.8,XGBoost Regressor,BayesSearchCV,0.8746405383585718,0.3893713970184326,90.28440204702474,-0.008811165276240818,078e2a857d394e3a859226522fd402dd,experiment_linear_erythrocytes
1758.773463755861,0.014158773235976696,erythrocytes,SERUM,0.8,XGBoost Regressor,BayesSearchCV,0.8746405383585718,0.3893713970184326,90.28440204702474,-0.008811165276240818,078e2a857d394e3a859226522fd402dd,experiment_linear_erythrocytes
2869.577756654299,0.01412547379732132,erythrocytes,SERUM,0.8,XGBoost Regressor,BayesSearchCV,0.8746405383585718,0.3893713970184326,90.28440204702474,-0.008811165276240818,078e2a857d394e3a859226522fd402dd,experiment_linear_erythrocytes
1494.571748257448,0.00426750149569306,erythrocytes,URINE,0.8,XGBoost Regressor,BayesSearchCV,0.9258345162441309,0.4263378298910041,95.88073902323605,-0.0014235775559958697,078e2a857d394e3a859226522fd402dd,experiment_linear_erythrocytes
1492.643268582277,0.004248208834936971,erythrocytes,URINE,0.8,XGBoost Regressor,BayesSearchCV,0.9258345162441309,0.4263378298910041,95.88073902323605,-0.0014235775559958697,078e2a857d394e3a859226522fd402dd,experiment_linear_erythrocytes
950.7404798592538,0.004247651402773069,erythrocytes,URINE,0.8,XGBoost Regressor,BayesSearchCV,0.9258345162441309,0.4263378298910041,95.88073902323605,-0.0014235775559958697,078e2a857d394e3a859226522fd402dd,experiment_linear_erythrocytes
1496.500227932618,0.00423787793871982,erythrocytes,URINE,0.8,XGBoost Regressor,BayesSearchCV,0.9258345162441309,0.4263378298910041,95.88073902323605,-0.0014235775559958697,078e2a857d394e3a859226522fd402dd,experiment_linear_erythrocytes
952.6689595344246,0.004216835321770118,erythrocytes,URINE,0.8,XGBoost Regressor,BayesSearchCV,0.9258345162441309,0.4263378298910041,95.88073902323605,-0.0014235775559958697,078e2a857d394e3a859226522fd402dd,experiment_linear_erythrocytes
1490.714788907106,0.004174380958515888,erythrocytes,URINE,0.8,XGBoost Regressor,BayesSearchCV,0.9258345162441309,0.4263378298910041,95.88073902323605,-0.0014235775559958697,078e2a857d394e3a859226522fd402dd,experiment_linear_erythrocytes
1498.428707607789,0.004162400461748266,erythrocytes,URINE,0.8,XGBoost Regressor,BayesSearchCV,0.9258345162441309,0.4263378298910041,95.88073902323605,-0.0014235775559958697,078e2a857d394e3a859226522fd402dd,experiment_linear_erythrocytes
1500.35718728296,0.00403683138889243,erythrocytes,URINE,0.8,XGBoost Regressor,BayesSearchCV,0.9258345162441309,0.4263378298910041,95.88073902323605,-0.0014235775559958697,078e2a857d394e3a859226522fd402dd,experiment_linear_erythrocytes
1488.786309231935,0.004015965171938891,erythrocytes,URINE,0.8,XGBoost Regressor,BayesSearchCV,0.9258345162441309,0.4263378298910041,95.88073902323605,-0.0014235775559958697,078e2a857d394e3a859226522fd402dd,experiment_linear_erythrocytes
954.5974392095954,0.004015325404179175,erythrocytes,URINE,0.8,XGBoost Regressor,BayesSearchCV,0.9258345162441309,0.4263378298910041,95.88073902323605,-0.0014235775559958697,078e2a857d394e3a859226522fd402dd,experiment_linear_erythrocytes
1502.285666958131,0.0038354191241152906,erythrocytes,URINE,0.8,XGBoost Regressor,BayesSearchCV,0.9258345162441309,0.4263378298910041,95.88073902323605,-0.0014235775559958697,078e2a857d394e3a859226522fd402dd,experiment_linear_erythrocytes
948.812000184083,0.0038158366314215517,erythrocytes,URINE,0.8,XGBoost Regressor,BayesSearchCV,0.9258345162441309,0.4263378298910041,95.88073902323605,-0.0014235775559958697,078e2a857d394e3a859226522fd402dd,experiment_linear_erythrocytes
929.5272034323739,0.0037831708229184723,erythrocytes,URINE,0.8,XGBoost Regressor,BayesSearchCV,0.9258345162441309,0.4263378298910041,95.88073902323605,-0.0014235775559958697,078e2a857d394e3a859226522fd402dd,experiment_linear_erythrocytes
1486.857829556764,0.0037629754506186847,erythrocytes,URINE,0.8,XGBoost Regressor,BayesSearchCV,0.9258345162441309,0.4263378298910041,95.88073902323605,-0.0014235775559958697,078e2a857d394e3a859226522fd402dd,experiment_linear_erythrocytes
956.5259188847667,0.0036371398162805,erythrocytes,URINE,0.8,XGBoost Regressor,BayesSearchCV,0.9258345162441309,0.4263378298910041,95.88073902323605,-0.0014235775559958697,078e2a857d394e3a859226522fd402dd,experiment_linear_erythrocytes
1668.134919022829,0.0036272468707983395,erythrocytes,URINE,0.8,XGBoost Regressor,BayesSearchCV,0.9258345162441309,0.4263378298910041,95.88073902323605,-0.0014235775559958697,078e2a857d394e3a859226522fd402dd,experiment_linear_erythrocytes
1666.206439347658,0.0036127061721338257,erythrocytes,URINE,0.8,XGBoost Regressor,BayesSearchCV,0.9258345162441309,0.4263378298910041,95.88073902323605,-0.0014235775559958697,078e2a857d394e3a859226522fd402dd,experiment_linear_erythrocytes
1710.561471876588,0.00360703066159802,erythrocytes,URINE,0.8,XGBoost Regressor,BayesSearchCV,0.9258345162441309,0.4263378298910041,95.88073902323605,-0.0014235775559958697,078e2a857d394e3a859226522fd402dd,experiment_linear_erythrocytes
1504.214146633302,0.0036050589983158223,erythrocytes,URINE,0.8,XGBoost Regressor,BayesSearchCV,0.9258345162441309,0.4263378298910041,95.88073902323605,-0.0014235775559958697,078e2a857d394e3a859226522fd402dd,experiment_linear_erythrocytes
1712.489951551759,0.003601360874503803,erythrocytes,URINE,0.8,XGBoost Regressor,BayesSearchCV,0.9258345162441309,0.4263378298910041,95.88073902323605,-0.0014235775559958697,078e2a857d394e3a859226522fd402dd,experiment_linear_erythrocytes
1675.848837723512,0.2182507961988449,erythrocytes,URINE,0.8,XGBoost Regressor,BayesSearchCV,0.9259124174340818,0.4286759371506542,95.56210352807672,-0.0015921073936684405,078e2a857d394e3a859226522fd402dd,experiment_linear_erythrocytes
1789.629138558595,0.20997551083564758,erythrocytes,URINE,0.8,XGBoost Regressor,BayesSearchCV,0.9259124174340818,0.4286759371506542,95.56210352807672,-0.0015921073936684405,078e2a857d394e3a859226522fd402dd,experiment_linear_erythrocytes
1677.777317398683,0.20707829296588898,erythrocytes,URINE,0.8,XGBoost Regressor,BayesSearchCV,0.9259124174340818,0.4286759371506542,95.56210352807672,-0.0015921073936684405,078e2a857d394e3a859226522fd402dd,experiment_linear_erythrocytes
1515.785024684327,0.19627149403095245,erythrocytes,URINE,0.8,XGBoost Regressor,BayesSearchCV,0.9259124174340818,0.4286759371506542,95.56210352807672,-0.0015921073936684405,078e2a857d394e3a859226522fd402dd,experiment_linear_erythrocytes
1536.998301111207,0.16842393577098846,erythrocytes,URINE,0.8,XGBoost Regressor,BayesSearchCV,0.9259124174340818,0.4286759371506542,95.56210352807672,-0.0015921073936684405,078e2a857d394e3a859226522fd402dd,experiment_linear_erythrocytes
929.5272034323739,0.0,erythrocytes,URINE,0.8,XGBoost Regressor,BayesSearchCV,0.9259124174340818,0.4286759371506542,95.56210352807672,-0.0015921073936684405,078e2a857d394e3a859226522fd402dd,experiment_linear_erythrocytes
2566.806447652468,0.0,erythrocytes,URINE,0.8,XGBoost Regressor,BayesSearchCV,0.9259124174340818,0.4286759371506542,95.56210352807672,-0.0015921073936684405,078e2a857d394e3a859226522fd402dd,experiment_linear_erythrocytes
2553.307089926272,0.0,erythrocytes,URINE,0.8,XGBoost Regressor,BayesSearchCV,0.9259124174340818,0.4286759371506542,95.56210352807672,-0.0015921073936684405,078e2a857d394e3a859226522fd402dd,experiment_linear_erythrocytes
2555.235569601442,0.0,erythrocytes,URINE,0.8,XGBoost Regressor,BayesSearchCV,0.9259124174340818,0.4286759371506542,95.56210352807672,-0.0015921073936684405,078e2a857d394e3a859226522fd402dd,experiment_linear_erythrocytes
2557.164049276613,0.0,erythrocytes,URINE,0.8,XGBoost Regressor,BayesSearchCV,0.9259124174340818,0.4286759371506542,95.56210352807672,-0.0015921073936684405,078e2a857d394e3a859226522fd402dd,experiment_linear_erythrocytes
2559.092528951784,0.0,erythrocytes,URINE,0.8,XGBoost Regressor,BayesSearchCV,0.9259124174340818,0.4286759371506542,95.56210352807672,-0.0015921073936684405,078e2a857d394e3a859226522fd402dd,experiment_linear_erythrocytes
2561.021008626955,0.0,erythrocytes,URINE,0.8,XGBoost Regressor,BayesSearchCV,0.9259124174340818,0.4286759371506542,95.56210352807672,-0.0015921073936684405,078e2a857d394e3a859226522fd402dd,experiment_linear_erythrocytes
2562.949488302126,0.0,erythrocytes,URINE,0.8,XGBoost Regressor,BayesSearchCV,0.9259124174340818,0.4286759371506542,95.56210352807672,-0.0015921073936684405,078e2a857d394e3a859226522fd402dd,experiment_linear_erythrocytes
2564.877967977297,0.0,erythrocytes,URINE,0.8,XGBoost Regressor,BayesSearchCV,0.9259124174340818,0.4286759371506542,95.56210352807672,-0.0015921073936684405,078e2a857d394e3a859226522fd402dd,experiment_linear_erythrocytes
2568.734927327639,0.0,erythrocytes,URINE,0.8,XGBoost Regressor,BayesSearchCV,0.9259124174340818,0.4286759371506542,95.56210352807672,-0.0015921073936684405,078e2a857d394e3a859226522fd402dd,experiment_linear_erythrocytes
2549.45013057593,0.0,erythrocytes,URINE,0.8,XGBoost Regressor,BayesSearchCV,0.9259124174340818,0.4286759371506542,95.56210352807672,-0.0015921073936684405,078e2a857d394e3a859226522fd402dd,experiment_linear_erythrocytes
2570.663407002809,0.0,erythrocytes,URINE,0.8,XGBoost Regressor,BayesSearchCV,0.9259124174340818,0.4286759371506542,95.56210352807672,-0.0015921073936684405,078e2a857d394e3a859226522fd402dd,experiment_linear_erythrocytes
2572.59188667798,0.0,erythrocytes,URINE,0.8,XGBoost Regressor,BayesSearchCV,0.9259124174340818,0.4286759371506542,95.56210352807672,-0.0015921073936684405,078e2a857d394e3a859226522fd402dd,experiment_linear_erythrocytes
2574.520366353152,0.0,erythrocytes,URINE,0.8,XGBoost Regressor,BayesSearchCV,0.9259124174340818,0.4286759371506542,95.56210352807672,-0.0015921073936684405,078e2a857d394e3a859226522fd402dd,experiment_linear_erythrocytes
2576.448846028322,0.0,erythrocytes,URINE,0.8,XGBoost Regressor,BayesSearchCV,0.9259124174340818,0.4286759371506542,95.56210352807672,-0.0015921073936684405,078e2a857d394e3a859226522fd402dd,experiment_linear_erythrocytes
950.7404798592538,0.005182831083681854,erythrocytes,URINE,0.8,XGBoost Regressor,BayesSearchCV,0.9264439211570225,0.42829262181332245,95.88621442413695,-0.0027423300647873017,078e2a857d394e3a859226522fd402dd,experiment_linear_erythrocytes
952.6689595344246,0.005105493191747331,erythrocytes,URINE,0.8,XGBoost Regressor,BayesSearchCV,0.9264439211570225,0.42829262181332245,95.88621442413695,-0.0027423300647873017,078e2a857d394e3a859226522fd402dd,experiment_linear_erythrocytes
954.5974392095954,0.004829546326101866,erythrocytes,URINE,0.8,XGBoost Regressor,BayesSearchCV,0.9264439211570225,0.42829262181332245,95.88621442413695,-0.0027423300647873017,078e2a857d394e3a859226522fd402dd,experiment_linear_erythrocytes
948.812000184083,0.00477666975863871,erythrocytes,URINE,0.8,XGBoost Regressor,BayesSearchCV,0.9264439211570225,0.42829262181332245,95.88621442413695,-0.0027423300647873017,078e2a857d394e3a859226522fd402dd,experiment_linear_erythrocytes
929.5272034323739,0.00463891434513725,erythrocytes,URINE,0.8,XGBoost Regressor,BayesSearchCV,0.9264439211570225,0.42829262181332245,95.88621442413695,-0.0027423300647873017,078e2a857d394e3a859226522fd402dd,experiment_linear_erythrocytes
1494.571748257448,0.004554411785099592,erythrocytes,URINE,0.8,XGBoost Regressor,BayesSearchCV,0.9264439211570225,0.42829262181332245,95.88621442413695,-0.0027423300647873017,078e2a857d394e3a859226522fd402dd,experiment_linear_erythrocytes
1492.643268582277,0.004550138028859042,erythrocytes,URINE,0.8,XGBoost Regressor,BayesSearchCV,0.9264439211570225,0.42829262181332245,95.88621442413695,-0.0027423300647873017,078e2a857d394e3a859226522fd402dd,experiment_linear_erythrocytes
1496.500227932618,0.004499465436880701,erythrocytes,URINE,0.8,XGBoost Regressor,BayesSearchCV,0.9264439211570225,0.42829262181332245,95.88621442413695,-0.0027423300647873017,078e2a857d394e3a859226522fd402dd,experiment_linear_erythrocytes
1490.714788907106,0.004479496299276581,erythrocytes,URINE,0.8,XGBoost Regressor,BayesSearchCV,0.9264439211570225,0.42829262181332245,95.88621442413695,-0.0027423300647873017,078e2a857d394e3a859226522fd402dd,experiment_linear_erythrocytes
931.4556831075452,0.004444297395591257,erythrocytes,URINE,0.8,XGBoost Regressor,BayesSearchCV,0.9264439211570225,0.42829262181332245,95.88621442413695,-0.0027423300647873017,078e2a857d394e3a859226522fd402dd,experiment_linear_erythrocytes
1498.428707607789,0.0043870205284145475,erythrocytes,URINE,0.8,XGBoost Regressor,BayesSearchCV,0.9264439211570225,0.42829262181332245,95.88621442413695,-0.0027423300647873017,078e2a857d394e3a859226522fd402dd,experiment_linear_erythrocytes
956.5259188847667,0.004356930352599811,erythrocytes,URINE,0.8,XGBoost Regressor,BayesSearchCV,0.9264439211570225,0.42829262181332245,95.88621442413695,-0.0027423300647873017,078e2a857d394e3a859226522fd402dd,experiment_linear_erythrocytes
1488.786309231935,0.00431723321558484,erythrocytes,URINE,0.8,XGBoost Regressor,BayesSearchCV,0.9264439211570225,0.42829262181332245,95.88621442413695,-0.0027423300647873017,078e2a857d394e3a859226522fd402dd,experiment_linear_erythrocytes
1500.35718728296,0.004206949394127895,erythrocytes,URINE,0.8,XGBoost Regressor,BayesSearchCV,0.9264439211570225,0.42829262181332245,95.88621442413695,-0.0027423300647873017,078e2a857d394e3a859226522fd402dd,experiment_linear_erythrocytes
946.8835205089117,0.0041238748497942805,erythrocytes,URINE,0.8,XGBoost Regressor,BayesSearchCV,0.9264439211570225,0.42829262181332245,95.88621442413695,-0.0027423300647873017,078e2a857d394e3a859226522fd402dd,experiment_linear_erythrocytes
933.3841627827155,0.00409817586895321,erythrocytes,URINE,0.8,XGBoost Regressor,BayesSearchCV,0.9264439211570225,0.42829262181332245,95.88621442413695,-0.0027423300647873017,078e2a857d394e3a859226522fd402dd,experiment_linear_erythrocytes
1486.857829556764,0.00405630413912094,erythrocytes,URINE,0.8,XGBoost Regressor,BayesSearchCV,0.9264439211570225,0.42829262181332245,95.88621442413695,-0.0027423300647873017,078e2a857d394e3a859226522fd402dd,experiment_linear_erythrocytes
1716.346910902101,0.0040290186701139276,erythrocytes,URINE,0.8,XGBoost Regressor,BayesSearchCV,0.9264439211570225,0.42829262181332245,95.88621442413695,-0.0027423300647873017,078e2a857d394e3a859226522fd402dd,experiment_linear_erythrocytes
1714.41843122693,0.004021819551598431,erythrocytes,URINE,0.8,XGBoost Regressor,BayesSearchCV,0.9264439211570225,0.42829262181332245,95.88621442413695,-0.0027423300647873017,078e2a857d394e3a859226522fd402dd,experiment_linear_erythrocytes
1718.275390577272,0.003999997901488403,erythrocytes,URINE,0.8,XGBoost Regressor,BayesSearchCV,0.9264439211570225,0.42829262181332245,95.88621442413695,-0.0027423300647873017,078e2a857d394e3a859226522fd402dd,experiment_linear_erythrocytes
1517.713504359498,0.05415967479348183,erythrocytes,URINE,0.8,XGBoost Regressor,BayesSearchCV,0.9297150428401842,0.4301837002603632,95.98681090115214,-0.00983586878304421,078e2a857d394e3a859226522fd402dd,experiment_linear_erythrocytes
1515.785024684327,0.05004313960671425,erythrocytes,URINE,0.8,XGBoost Regressor,BayesSearchCV,0.9297150428401842,0.4301837002603632,95.98681090115214,-0.00983586878304421,078e2a857d394e3a859226522fd402dd,experiment_linear_erythrocytes
1691.276675124879,0.04879174754023552,erythrocytes,URINE,0.8,XGBoost Regressor,BayesSearchCV,0.9297150428401842,0.4301837002603632,95.98681090115214,-0.00983586878304421,078e2a857d394e3a859226522fd402dd,experiment_linear_erythrocytes
1538.926780786378,0.04876035824418068,erythrocytes,URINE,0.8,XGBoost Regressor,BayesSearchCV,0.9297150428401842,0.4301837002603632,95.98681090115214,-0.00983586878304421,078e2a857d394e3a859226522fd402dd,experiment_linear_erythrocytes
1783.843699533082,0.048213012516498566,erythrocytes,URINE,0.8,XGBoost Regressor,BayesSearchCV,0.9297150428401842,0.4301837002603632,95.98681090115214,-0.00983586878304421,078e2a857d394e3a859226522fd402dd,experiment_linear_erythrocytes
1677.777317398683,0.047569941729307175,erythrocytes,URINE,0.8,XGBoost Regressor,BayesSearchCV,0.9297150428401842,0.4301837002603632,95.98681090115214,-0.00983586878304421,078e2a857d394e3a859226522fd402dd,experiment_linear_erythrocytes
1274.725065287965,0.045637279748916626,erythrocytes,URINE,0.8,XGBoost Regressor,BayesSearchCV,0.9297150428401842,0.4301837002603632,95.98681090115214,-0.00983586878304421,078e2a857d394e3a859226522fd402dd,experiment_linear_erythrocytes
1394.290805148561,0.0451316311955452,erythrocytes,URINE,0.8,XGBoost Regressor,BayesSearchCV,0.9297150428401842,0.4301837002603632,95.98681090115214,-0.00983586878304421,078e2a857d394e3a859226522fd402dd,experiment_linear_erythrocytes
1810.842414985475,0.045055728405714035,erythrocytes,URINE,0.8,XGBoost Regressor,BayesSearchCV,0.9297150428401842,0.4301837002603632,95.98681090115214,-0.00983586878304421,078e2a857d394e3a859226522fd402dd,experiment_linear_erythrocytes
1675.848837723512,0.04371960833668709,erythrocytes,URINE,0.8,XGBoost Regressor,BayesSearchCV,0.9297150428401842,0.4301837002603632,95.98681090115214,-0.00983586878304421,078e2a857d394e3a859226522fd402dd,experiment_linear_erythrocytes
1006.66639043921,0.04300274699926376,erythrocytes,URINE,0.8,XGBoost Regressor,BayesSearchCV,0.9297150428401842,0.4301837002603632,95.98681090115214,-0.00983586878304421,078e2a857d394e3a859226522fd402dd,experiment_linear_erythrocytes
1779.986740182741,0.04289897531270981,erythrocytes,URINE,0.8,XGBoost Regressor,BayesSearchCV,0.9297150428401842,0.4301837002603632,95.98681090115214,-0.00983586878304421,078e2a857d394e3a859226522fd402dd,experiment_linear_erythrocytes
1122.375170949464,0.04265433922410011,erythrocytes,URINE,0.8,XGBoost Regressor,BayesSearchCV,0.9297150428401842,0.4301837002603632,95.98681090115214,-0.00983586878304421,078e2a857d394e3a859226522fd402dd,experiment_linear_erythrocytes
1789.629138558595,0.04187880828976631,erythrocytes,URINE,0.8,XGBoost Regressor,BayesSearchCV,0.9297150428401842,0.4301837002603632,95.98681090115214,-0.00983586878304421,078e2a857d394e3a859226522fd402dd,experiment_linear_erythrocytes
2649.731073684817,0.0412285216152668,erythrocytes,URINE,0.8,XGBoost Regressor,BayesSearchCV,0.9297150428401842,0.4301837002603632,95.98681090115214,-0.00983586878304421,078e2a857d394e3a859226522fd402dd,experiment_linear_erythrocytes
1120.446691274293,0.04036562144756317,erythrocytes,URINE,0.8,XGBoost Regressor,BayesSearchCV,0.9297150428401842,0.4301837002603632,95.98681090115214,-0.00983586878304421,078e2a857d394e3a859226522fd402dd,experiment_linear_erythrocytes
1670.063398697999,0.04035729542374611,erythrocytes,URINE,0.8,XGBoost Regressor,BayesSearchCV,0.9297150428401842,0.4301837002603632,95.98681090115214,-0.00983586878304421,078e2a857d394e3a859226522fd402dd,experiment_linear_erythrocytes
2510.880537072512,0.03978439420461655,erythrocytes,URINE,0.8,XGBoost Regressor,BayesSearchCV,0.9297150428401842,0.4301837002603632,95.98681090115214,-0.00983586878304421,078e2a857d394e3a859226522fd402dd,experiment_linear_erythrocytes
1673.920358048341,0.03907899186015129,erythrocytes,URINE,0.8,XGBoost Regressor,BayesSearchCV,0.9297150428401842,0.4301837002603632,95.98681090115214,-0.00983586878304421,078e2a857d394e3a859226522fd402dd,experiment_linear_erythrocytes
933.3841627827155,0.0386960431933403,erythrocytes,URINE,0.8,XGBoost Regressor,BayesSearchCV,0.9297150428401842,0.4301837002603632,95.98681090115214,-0.00983586878304421,078e2a857d394e3a859226522fd402dd,experiment_linear_erythrocytes
